1
20000 2
19087 16592
10858 9045
17890 15958
6392 15667
19409 4074
9162 17704
6626 19618
12614 13016
2393 16403
18302 11531
15170 167
9562 19130
16454 17203
2012 4205
15963 17377
16825 6769
6790 491
14251 6505
12834 16310
8900 14270
19106 11840
13332 12834
12001 1210
16446 6904
6614 4360
8942 15323
6340 1182
13354 16843
1182 17379
2800 17996
13972 1776
13283 11998
19135 5695
6707 14476
12973 12968
16705 4725
12381 9964
7928 18988
15473 10091
16872 4999
16334 227
11353 19444
13053 16760
13068 13553
8773 15071
7209 9583
15053 16034
11542 5498
19342 7822
18431 10543
12758 982
18398 14536
12887 3354
8157 2799
17354 12275
12607 9997
4474 19045
1412 14859
10878 14294
7308 15962
6217 5192
15734 10631
16880 3188
2224 7393
12282 12118
4919 13560
6031 10085
701 6449
3248 9891
5631 8753
18677 7390
19803 10855
12804 12339
14365 5361
18379 710
971 4273
8512 8368
16673 19707
2290 13423
17569 6900
5831 19211
19241 9952
6036 14053
14067 18621
12438 2483
9515 18006
19160 6086
9250 4048
7781 13331
3777 11112
5830 2961
17253 9940
13138 18256
1064 18745
14104 3600
6822 9290
11294 13260
160 143
14186 19919
19697 14679
1591 13882
3573 3640
18928 9926
11170 5477
14810 5342
16625 191
157 7283
17500 1015
16515 5064
3698 3926
10882 3000
14458 11399
2706 9267
14201 19198
3803 5924
7810 13271
6655 19285
2537 5466
11172 8196
18259 11567
6379 14329
17354 4638
5597 3831
3285 11469
15668 1946
1234 4755
4904 91
14360 9634
12162 6300
9569 6286
1289 17780
4687 289
7304 12885
17768 1334
4591 12654
2444 2126
17596 8452
5653 15972
13576 2177
17380 1280
12397 16366
12933 10098
4435 2805
19983 14531
10133 12609
16082 6740
899 16149
3352 19454
12079 5686
218 8076
19065 8236
13933 15627
814 4564
13019 18455
9890 17986
7490 4775
14684 7791
7866 4068
513 1775
15921 13215
12547 213
17507 9443
7489 3912
7070 10897
3988 7482
10224 1288
2205 18259
16732 17627
576 6971
15857 19155
1924 11971
5828 17920
10660 2048
1978 7958
6298 2969
1740 7211
7851 14219
843 19295
1682 15821
10470 9884
12311 14391
1484 568
9339 8829
5904 11269
294 11561
19944 6930
5793 16640
14673 18654
5079 15589
11061 18182
18873 3591
19782 8892
5785 7453
13335 2606
13707 1269
308 19345
1552 8730
3560 5513
1967 19046
206 10691
520 5185
7113 6056
1779 15427
16135 14029
2974 18540
3804 9176
16614 7240
10790 10375
2102 15381
14877 785
15540 7362
5168 3928
28 4744
4104 19507
11019 10730
4598 10280
14215 14765
7116 18904
16181 2619
17603 3131
5165 13573
2675 7214
16823 10040
5272 14869
11439 19233
5037 819
17670 11339
10933 13893
12689 16736
2583 7743
9901 9121
14019 15355
3200 2395
7159 12123
11572 13158
4944 1361
7610 2376
17823 14468
14389 155
15944 11992
16960 13854
11524 2336
4333 1567
9020 8493
4890 601
7030 15356
13268 18510
18765 11509
16712 5764
17144 19215
4600 19000
2648 11546
8601 7282
7563 17656
14756 19291
11719 10161
2518 17051
11340 622
13934 12390
17042 13063
14073 18772
5359 16590
3268 5002
2665 3296
4096 17556
15514 8442
3069 14533
6766 15334
1793 16745
2998 17900
8643 2718
9669 16182
12928 18870
9979 8799
19061 2605
8773 2342
13322 17
2474 8190
1168 17314
9420 12751
12418 15262
3879 7066
392 16082
10269 838
16247 8515
15797 5959
9361 2229
3249 7907
17179 19255
7484 17344
11298 9577
9974 11576
5131 4990
5878 8471
19768 7105
16995 18925
9902 3551
17798 10613
12635 3405
2276 15016
3275 15799
8970 18717
13898 5848
4066 9449
16981 5738
2729 7169
1279 14883
12536 9390
2354 7507
11199 8118
6742 15336
10238 12397
3932 301
15521 14849
14234 18746
9877 18529
10913 12460
3852 15586
3032 1127
10135 4364
8822 14723
18557 7837
19693 9637
2364 11038
1532 12943
18249 13463
14673 17394
5885 6067
5600 3075
12282 6405
8318 2675
13385 515
7062 2301
2692 8930
12058 12819
12305 7451
6186 12807
12563 7858
9816 1598
17136 3683
1777 6502
2248 5920
16428 10622
14215 595
3993 3653
1844 7017
2344 7869
2057 4304
13932 11952
18397 210
18677 18523
12768 15520
7894 4238
7864 6016
15443 10011
4462 2636
12348 10952
11494 9208
1234 10078
13407 5029
8160 10628
2132 19349
17482 17497
16767 11589
7823 6836
2599 3953
15057 6895
13049 7266
18411 2357
9013 19409
6084 8654
3135 12998
10330 9777
1872 6290
10240 9363
8729 2219
11838 19374
11124 4997
10540 6907
18155 1738
19535 9939
3780 13699
6202 12684
4047 11691
17646 1420
610 14161
12644 8698
3680 1266
5413 16749
12864 7102
78 2022
6340 10634
15138 9811
1414 1494
11731 12036
5978 14979
5086 17667
13385 15727
7630 19643
12342 12252
14416 4884
13999 17973
12897 494
12509 15275
534 11394
16437 18365
4728 16762
1111 10064
14185 5301
3040 15103
15745 14756
1786 7667
10614 7891
4817 5089
8563 3183
12918 16689
6601 69
9555 4367
925 15775
6059 14600
7124 19698
10215 11533
3729 10455
13528 13594
4640 18185
19513 5907
3982 9383
10665 9032
16381 1498
9975 19740
19566 547
18854 18767
2858 16803
5156 5508
1137 10288
17812 13027
15269 3140
7606 4097
10917 8617
17466 15309
12549 14074
1830 6780
18424 14045
6629 17770
4767 6147
12313 1109
14397 11830
5597 15810
1249 15134
6633 17817
13858 3068
7747 17363
6119 8861
17296 15208
13734 2422
7099 5058
8974 13648
17256 13751
19804 9839
5619 4044
3974 2095
6059 4322
3378 11986
4077 16937
8544 8176
15204 1841
614 3003
13457 16627
10700 5031
5885 337
16001 3271
10772 14698
8303 18234
19366 11408
4380 3157
6550 749
17387 16351
11433 16636
7575 10418
13778 17369
18092 378
7689 17233
8347 19108
10823 13489
8277 4582
6947 3997
18164 3300
1142 19387
14077 14151
13153 17724
9711 11133
8391 10923
18253 10747
7583 8764
19619 2503
3200 12368
19108 13867
1851 1778
5948 10899
4480 16130
8860 18978
59 16043
6628 15946
10646 10137
14780 16910
6229 13943
14830 16694
16111 9578
2539 14889
6449 4012
5926 15475
14938 9627
1249 3539
5076 17864
10776 10279
13023 14846
828 1828
9676 152
14783 6815
9289 11315
2786 9859
12376 17540
18045 14526
3133 11079
19597 9423
9408 2369
8921 6552
16689 19067
15194 9169
940 19505
17043 16606
1558 16624
18293 9249
647 13838
14902 14672
13657 12334
13193 5617
7177 2308
11415 6771
549 11803
18784 15541
4862 17994
4107 16018
13686 4207
14817 10854
10232 4408
13464 19960
8788 64
12897 505
6119 19273
5864 14298
18403 16500
17835 14061
10039 11057
9719 11504
3411 18469
869 11681
2290 6541
6787 10762
4650 10050
19726 513
8470 7639
1027 17475
5684 13824
6897 11823
19798 14099
11134 19416
10063 5294
1655 8706
14930 8505
2132 2360
11335 8405
4248 9838
13678 11771
3944 17071
1383 1174
957 77
18551 14918
1781 3264
7231 12333
12398 5458
13510 16368
19538 17992
17879 6666
14113 18007
657 30
6482 4998
11013 11547
17752 2943
7799 12349
19564 10618
19001 7315
18403 12206
3249 166
13769 18836
16678 16877
12291 11084
10062 10152
771 10030
3240 11321
7541 13304
213 12920
13217 14534
19924 14274
2470 14710
15135 11660
17188 17255
37 16838
15798 6892
6727 520
6752 5717
15149 19392
10794 8240
1584 13974
13409 15676
18252 420
19428 12175
10978 15108
353 16709
9095 17154
16063 18063
3744 1791
7138 7546
10398 16045
15148 12929
4366 16906
14767 5233
3035 5231
14298 6832
8352 3808
14058 3588
17131 3573
7798 19274
2470 2978
1920 12517
9060 5613
14280 4807
7804 1153
13645 14764
6976 351
13319 8155
1877 16032
3873 17661
8716 19996
10829 18596
18106 14759
13999 8073
18599 16469
12576 17091
10850 8778
7346 14773
17182 3386
18784 17976
10481 6551
7436 1200
14616 11391
6363 18825
17554 19555
2660 1538
19857 18030
9508 17747
11009 16272
14830 17200
2459 3439
11761 6242
992 16176
10204 11582
14087 19342
2985 8787
19334 12925
9462 6105
15157 16871
7908 11127
9030 17165
5504 5232
18191 17138
1695 7792
4751 1699
14505 8816
7966 7327
11879 6642
17752 17597
6834 9305
12819 375
17881 15635
7593 7432
15937 7970
4960 60
16233 18919
19513 14757
17377 12647
884 6599
10642 9226
19241 8209
19152 11858
13337 2915
9627 593
10864 1150
13412 9932
6866 12184
19942 7614
7062 16830
16404 8021
1 15921
13283 7306
13148 14644
9548 4723
1312 2247
17811 11228
14195 2789
11976 8624
19983 1343
10853 19647
7687 4537
3452 16878
10469 6342
19030 12591
1268 16936
14043 3482
6765 7939
3490 9752
902 8202
7944 14330
2868 10228
5733 13227
18849 7380
14174 16512
16769 2874
16392 16608
16723 12650
10086 13393
5847 18397
10104 9935
8073 2136
6757 2264
19085 18199
19079 3535
12306 6259
14609 14316
5322 1844
17583 17774
13743 11196
9982 17628
4598 18442
6814 12789
10762 4830
19635 12204
7426 19634
13319 16371
15199 16126
14627 9338
11041 5583
18594 1102
3200 11866
16265 19404
2333 16543
13603 16395
14525 6522
19193 8659
8406 5430
14728 7562
6787 10410
17756 6959
18176 14546
10450 7208
10738 17389
9865 826
15801 17126
12348 12639
6606 12544
11831 16554
16656 5262
12640 3089
6876 6182
6477 15823
39 19482
10568 5093
8989 14484
11112 17011
4060 284
17147 6167
14510 14369
19682 11169
17753 13470
14567 1551
13773 2176
5060 12191
10823 15352
135 9565
17701 19793
16101 15789
12576 1027
2012 14729
200 12870
4059 6724
2422 4422
6569 7067
5948 3215
214 18311
2485 329
18900 2075
13443 16437
10861 11193
19894 7277
3398 5495
2027 16518
4066 18020
7796 3012
7487 11416
13210 15644
10200 12434
14756 13107
8798 19770
9587 11320
130 3744
19119 14387
18952 5337
5691 9783
373 14423
5167 7189
9061 14876
7755 344
4503 6238
13747 6831
6273 6324
16599 6583
11480 14715
5498 12982
11870 3537
11051 9468
13577 18239
4713 9129
4741 2544
13725 17486
7981 14686
6679 15407
20000 3873
581 3253
13796 14824
16262 8962
12424 14208
11658 274
11052 4515
15912 16528
17413 4072
7442 2836
10029 1021
12935 16805
10786 4577
14269 17044
13003 18331
15028 11918
9423 139
17339 2352
3685 19316
19652 9134
3796 7298
19792 16791
18983 1231
4639 12522
17516 2670
7911 19704
14628 1822
2599 18051
6742 1630
10741 19980
1603 14210
12876 18209
14186 14347
981 9594
4297 18699
17752 13150
18888 14372
9737 17983
1251 591
1323 8328
9695 3505
8658 14947
2464 8600
13218 4696
12606 12056
6807 5030
6962 317
13820 13120
3253 10404
17734 18134
17121 9494
13078 2299
1232 16177
16205 8899
5553 4754
7457 2029
4885 3206
9542 18854
15717 19824
1143 693
18558 1106
17876 14792
16906 1875
8277 8561
11974 47
16237 4996
19030 5470
13421 12604
6747 16475
15523 12342
5907 108
5354 1536
11701 5887
12665 3502
18647 5741
943 6407
6174 6226
17603 13476
17880 9414
8146 12975
6624 7942
14804 19729
16353 299
6835 13801
9077 8984
16396 12221
14428 7038
17624 4688
18781 13492
4247 11887
7676 13318
3173 7228
2006 3529
11721 3276
496 10498
19771 2055
2426 11978
6995 1255
18502 4333
19409 732
15552 12669
14231 11348
11190 14955
9002 12896
19535 15663
10137 19532
7030 15167
8643 12306
10529 8269
1075 6734
8581 8489
12726 7649
10902 13325
10050 9933
16420 19788
4786 2307
4327 462
84 11963
3156 10713
2545 15825
5993 4879
14991 1717
937 9499
1976 13986
609 16515
7054 7636
10829 10986
10159 18343
2259 5440
15044 4014
6684 10587
12306 4124
13472 17759
10166 15637
16812 16001
4954 16275
4856 5325
13779 8613
9931 7357
8905 2133
12066 18823
15423 10320
10412 1268
2207 4544
15567 8711
10952 19382
9756 14125
16480 13039
18059 11215
14578 17625
691 17009
12902 5338
2805 15986
16296 1072
14095 18187
4639 4748
14643 11516
6307 8038
17657 12678
10235 13047
14668 1879
18956 16923
15805 6277
18604 10207
9857 8023
5821 9554
1520 1303
17453 5678
8882 981
15503 8747
16147 676
12348 7945
6077 18428
4646 19182
13986 4118
10250 17347
3192 2233
7117 5829
7357 410
15337 16529
18731 2972
16575 11904
12258 11930
9165 8788
4866 10186
10397 18423
16007 9598
13236 5083
5567 8629
18396 12782
19223 852
13167 19856
18797 273
13951 1564
2218 16094
877 19511
8203 10476
16914 910
3925 5636
16619 17616
7330 17588
19541 17826
5587 6038
16023 18308
5989 13845
14528 10690
12176 3925
4589 12642
6970 2100
18610 19175
3946 5918
15627 14597
12354 13694
7477 14627
6601 5255
13609 5428
8173 17374
736 7610
10694 16521
2479 583
15952 11125
16209 13620
15476 11597
10342 17391
15239 14234
12600 11153
4067 9504
15991 769
9482 3289
12897 14632
14017 15024
8722 16860
18928 18130
601 5246
17106 5719
5640 4327
12311 14984
4844 17853
6983 14967
2132 7157
19580 4244
376 1074
9160 9960
5377 3679
11736 9976
14369 19891
17350 6965
17405 8644
2556 8944
3193 9534
2678 13904
3941 3927
5390 9255
9236 11202
10071 10063
19983 8773
18315 19474
15115 16243
2781 15150
11925 5271
6245 18395
4659 7946
18184 15319
10205 4676
4609 12181
19268 7888
12564 15804
429 19758
1991 4530
2518 13931
309 12585
5207 12272
1288 17890
10219 4886
17221 9517
2136 692
363 14480
12176 8516
7243 13611
19781 13975
17554 10630
17433 15543
12522 587
3424 19050
16210 15622
14175 6828
275 6211
14528 14257
581 3892
4994 8540
11306 11397
7778 8461
2141 6452
17187 15378
12016 15546
2079 16429
992 14044
9613 3693
5489 345
15079 3087
5088 9319
7919 17544
19413 6516
3042 12911
10535 1559
16957 3813
19584 8726
17255 13118
18535 2688
919 538
9070 7995
2012 98
10666 1243
12905 15985
14880 15181
4357 7388
3734 10420
14033 8537
1950 17546
5057 12146
1510 9406
2111 506
16538 15316
3811 17082
3075 9848
2014 7139
11556 16647
19722 15845
13614 3084
15958 13743
17230 348
12479 12500
11067 8395
13853 17500
6895 16868
11128 12417
5988 17881
1211 6244
1002 1278
2101 11741
18581 1741
13542 7876
11080 13234
2801 5754
8841 10225
1372 11458
9301 15967
2898 10009
1474 4243
2181 1629
1774 6207
8217 8744
9247 14828
1424 9538
6241 17902
6333 17568
4589 2405
1968 19990
7535 11281
4406 1566
4518 8436
10089 4687
5143 2787
11588 3566
11027 8547
16014 7069
6782 2476
3931 14914
16872 15903
15909 18677
3186 16141
3906 11635
11174 5173
8900 14478
9580 11704
4561 13280
7737 229
9312 1886
3417 6258
4442 17468
16461 15802
4537 13598
8317 1089
2811 14527
130 18918
9410 3128
4366 7140
15245 11755
17762 11062
6854 7726
12520 1864
11605 1328
5087 6726
11324 14656
16670 16241
14916 7725
15135 11387
1404 2698
1113 18769
4265 14303
17136 7554
12297 17337
2793 5535
6782 9488
11563 259
13429 3137
18879 2278
11952 330
3601 18430
5231 19820
2869 2340
10019 7037
6364 34
3414 17566
12778 3670
3771 1056
8464 19640
14703 1408
12876 11216
18520 5547
14223 17738
5233 15270
5133 4319
8908 19554
578 189
5183 14043
1400 7908
13336 5537
11663 13251
19538 11526
13119 13727
19566 11290
1733 8211
8862 10728
2275 263
2709 12426
12628 350
9276 19244
19785 14838
13190 8643
3499 5176
2583 6716
15746 4379
6964 11373
19922 16642
11605 1029
11611 8473
9092 11166
13859 9774
11977 3659
13823 13559
16570 8876
13690 8438
2112 8948
17408 15570
18789 7850
8357 1547
7908 19074
18593 6682
12906 4706
9544 17577
311 8149
2329 2962
11795 1185
243 2275
3481 4965
11001 1513
51 15115
6498 14349
8777 7064
717 3118
10367 13674
8649 2424
10560 13664
8206 18962
1068 1199
19747 4893
13952 4567
6685 15568
5295 1588
17589 4555
6954 15191
11736 2891
4208 3949
12229 374
163 10400
6462 11518
17251 7765
9571 2602
8245 15856
10485 18993
4943 12125
14647 6359
14816 18045
5681 5684
16723 170
18351 6175
3707 1610
9354 18834
6203 8401
12015 12619
15909 18828
16787 12058
5611 13834
14881 17145
1204 19478
16889 8503
10929 18806
9849 736
16791 15314
11209 9289
16723 3988
4663 582
12839 12838
6396 10060
6562 2046
14141 15050
18849 777
4125 876
13766 3800
10235 2977
15463 1675
3855 2942
1971 17451
19367 10007
2181 11774
19126 1057
2828 1341
10375 17470
18180 14857
1081 14810
6282 901
9199 126
1585 11314
18775 7036
19352 17680
7899 6269
12827 881
9288 7233
16486 19680
11981 9352
346 11897
17643 4343
16941 19537
5045 10944
2799 10504
2788 14957
12613 14165
108 10720
15987 4358
11402 17551
12775 11976
12395 15288
1462 15267
19730 8334
11144 12820
8241 19732
14632 11434
17736 10586
13223 1154
18506 1527
16156 11417
18369 8119
18095 9242
2702 19816
17421 5516
13633 501
12897 16184
18285 8790
7970 10483
9626 5828
5522 13307
9405 16411
10652 14196
4574 9215
5031 2883
8373 7715
13132 3509
6410 4612
16893 16318
15340 15677
11003 13297
678 1216
7482 10510
11620 6425
18588 12775
14177 932
17751 39
3592 10379
7748 4752
8662 12598
1587 19701
19805 9585
14270 415
12995 6796
4565 13308
12075 17272
5072 2276
4448 12414
3653 18956
4689 12054
808 8848
15134 18515
9151 15373
2856 14852
13431 19117
9067 11300
3637 2341
11567 12933
11256 18200
4365 14097
9692 592
9730 4361
19017 13682
3972 12675
18744 11330
16687 12364
945 17579
11204 12158
10133 13928
17545 4668
19739 9014
299 14352
16590 16026
5085 8932
4856 6581
10890 19189
4054 4432
6804 19013
19905 8558
3764 18420
18251 11907
3653 19378
13962 1284
5804 16087
10919 17840
10210 11340
2897 15249
8261 14393
3027 6949
4966 13076
794 65
17578 19672
15734 10603
11352 13796
2013 5647
3025 10772
15345 386
4760 6299
19020 17586
14788 5564
461 13230
6422 822
18399 3083
17892 6146
12387 5872
13701 2254
527 5578
9860 2537
3520 7080
12648 7963
10709 11178
16770 9188
15518 18457
5094 14655
10741 8275
8640 4139
10530 15873
10015 8749
7624 7150
686 15112
15690 8993
16486 4501
15370 13277
8538 18986
19400 14065
17992 18129
15101 2188
1394 2852
7194 11687
18769 6708
2614 6492
17751 7343
19800 8544
5550 14417
9324 11514
14776 8424
13243 17634
14383 15803
18110 9731
2519 13428
678 5019
8177 16814
18105 13151
2379 5640
11692 19588
10311 12726
4627 13207
7293 8950
13983 8053
18161 8453
16796 2788
19628 3557
130 15219
19964 18296
16877 3782
10319 10969
16872 7294
8063 6002
5323 3764
9646 6101
4169 10490
3158 18896
11625 832
12661 11793
4775 10645
725 18418
18140 10785
2878 11175
10743 6125
4448 5812
6377 16122
17151 4536
2712 900
7423 1931
1752 11874
17527 130
5979 13302
13382 18856
11906 16019
12258 4039
12658 4247
15551 17576
3180 7897
12200 237
5648 17599
10450 12712
9268 18603
7778 13204
7962 17488
12519 2746
12153 1858
6338 8195
16584 13385
2636 15792
17289 1648
8665 10830
2080 17571
10607 3091
18832 17099
9254 10911
16093 8824
15797 17461
10323 4185
5194 9211
2138 6898
17428 14164
18619 11221
12560 2666
14063 18756
5481 18681
14532 8507
9331 2093
16743 5152
15239 15498
8111 2024
3253 4310
1916 17158
15953 17080
4664 16387
12761 15094
2234 18438
130 9632
6910 16657
15702 8087
16855 18527
524 1470
12145 17161
13217 19028
452 10729
3073 9606
2084 11444
16295 3220
2078 3076
1602 8921
9141 6467
17774 10879
2479 1156
16681 11341
17162 4241
18276 15578
1288 3707
4373 3351
19432 17896
18607 19084
5085 19995
5136 16495
19290 19150
15418 19259
4441 16954
14434 199
12613 1821
17240 5517
1646 549
828 18329
11400 17985
7138 14620
12485 18764
12339 19660
8612 12236
1982 19570
6072 12013
12651 18177
19614 12810
1610 3033
16482 7359
9881 5973
14767 4444
8921 11517
11192 2545
2961 14282
3535 10271
17543 17476
8094 4872
10146 2613
229 8635
8619 17343
15345 429
11491 16567
9837 6725
19152 2934
14858 1744
4336 11585
8575 2684
6087 7321
15091 15064
17182 453
201 10300
5285 11132
12491 16007
8126 13892
11715 7871
14949 14867
9943 16151
6790 14463
3346 7138
2575 2967
17370 17270
14085 563
17869 7084
11730 18701
2721 6215
3603 14749
12827 6893
10434 2552
14767 11109
8158 5568
6350 1454
17248 3524
9605 2017
9004 4722
18302 9025
1174 8793
11658 16787
16914 5527
4746 16274
18109 5422
17182 8565
3064 15177
5235 4271
5830 795
15424 13504
2632 13826
6704 17821
15249 17164
13643 738
19983 2689
4622 11106
1780 15258
16265 9098
16601 8949
2179 19433
7422 14499
3166 18244
6836 1003
9944 8403
2078 2660
9176 8553
36 10894
16301 15583
4462 18417
18443 18453
2414 13876
11939 4280
7265 1125
11556 13101
540 750
9227 6028
5459 2758
7865 8806
3419 9672
15265 7828
5136 7312
9950 15376
9178 1780
3251 761
6670 11030
5006 2504
9230 17421
16506 7273
4733 9787
10508 18690
2660 4345
11692 7824
15411 7230
14196 8307
5734 8855
16351 3805
11587 6486
19942 13103
16217 16594
5927 7074
18080 10366
13400 15450
7946 6389
3633 16775
2876 431
207 3732
19494 9684
14653 16261
528 4256
15121 3702
7586 202
10691 10374
10408 1563
17719 346
15152 2035
7963 9135
17210 18188
14410 12420
17527 17384
14114 1411
18916 12707
2831 12401
10386 17455
4593 10157
19397 12571
18059 9874
19965 7757
810 15772
6140 1348
8837 5180
18288 18142
9167 2585
446 4265
1044 9062
4508 14740
4378 19284
3324 16797
6765 8518
11121 1829
7031 18089
11094 9916
16723 15039
2721 14405
14624 5727
8199 11155
1713 356
5153 11264
6779 11896
12024 8663
16474 14296
10067 7641
496 2953
8086 15592
13811 6191
16641 7985
299 15095
9195 307
1279 15879
8473 4485
1206 19896
19150 1007
3363 10676
13215 10412
14665 7073
16971 11694
6141 6683
8580 12343
16773 6919
7908 1568
14707 3649
19822 6033
10332 5392
4575 4100
3091 10766
16203 7928
10949 9487
5874 6397
16243 8615
10952 7686
14176 16354
14281 9548
15045 12791
5986 9258
16920 13074
5079 4359
7489 4266
5752 19627
8759 3479
15801 13583
13354 15701
1780 3581
11576 1901
333 5873
19317 14063
10043 18521
7483 904
8970 16120
4603 6076
11108 9503
6880 19390
4104 14754
1269 17109
5043 13556
16069 1605
11676 19515
7342 19141
14121 15930
14072 6626
15407 11141
9166 4274
19569 5324
18095 1833
12884 10042
1711 18447
5984 2071
5539 16487
13003 19567
9013 14703
1912 17659
11492 1702
4987 8222
7131 522
8601 18135
17234 6531
2205 13306
9289 15743
9081 7806
17230 17481
19724 14047
8113 5245
16487 16909
8306 10778
19563 17251
7499 11543
11997 8862
19404 13879
15238 8128
5491 2217
1001 18899
2006 18924
18411 17339
12688 14521
16653 3948
4650 18810
5915 18066
14269 3329
5359 17623
8731 11735
18066 2986
11761 18268
17714 1044
6272 8345
1400 13376
5709 12607
14087 4543
6808 16247
18916 1191
19344 9770
10500 10018
13805 15183
6957 17092
356 2533
7054 5691
10416 10763
17848 14712
9958 3266
17465 355
2012 6041
7710 11822
3959 4853
6226 3059
12745 530
2181 14002
1 14408
16716 14941
10546 7402
13776 7573
18044 4951
8513 9635
19416 9044
17136 16033
18740 3920
3104 11903
206 6479
3487 16343
10258 4669
7838 16470
12711 16089
4569 2914
10613 5906
9763 11919
5465 2981
1982 7001
9891 13009
11108 16916
11966 6764
12500 19510
14888 13044
9119 863
8417 16961
10763 14794
2692 13532
1575 6529
3797 6237
17934 18440
6896 14523
10607 7259
16443 10991
10616 11282
10416 11094
11567 12613
17339 9357
1263 16307
1950 9633
3927 2345
6036 4701
860 14109
13966 1729
1508 11076
12438 4976
17092 15843
14706 15782
10905 6840
2922 4228
6787 15713
1392 14835
15212 16758
19586 12491
17779 5901
3975 19828
12785 9040
19285 2739
6540 11116
8499 19812
11457 989
17698 8365
18513 3589
12514 1261
4029 6020
17369 7078
11294 14058
14756 2553
13193 2010
2844 1314
19944 283
9251 13608
1357 13121
19499 432
179 2378
14740 4169
3686 14837
17989 18545
17002 4433
4359 10362
17228 11920
3412 19038
17770 6938
14643 4026
12743 6876
17767 17559
9251 1880
13606 4382
13431 11873
10727 13094
9730 357
16893 8856
8134 10005
11541 14974
8496 6667
3255 12974
6045 6990
18858 4115
10728 2410
5612 7041
19428 11779
13683 17173
14631 9143
6059 8103
15000 1823
1993 9996
5955 16124
19273 11725
11001 17425
3116 14361
18405 9196
10377 9868
6230 2549
17440 12846
18409 4352
8715 4370
10540 5469
12165 5903
1826 19814
14221 19587
7228 10814
12200 10522
17488 1522
9236 7984
8504 13007
6055 19261
16333 9849
12552 13154
13208 19679
10560 17459
9856 2991
11378 2652
14479 1583
6018 7566
2248 1627
18224 1576
4705 16655
329 19092
9994 9691
10512 1189
2929 2186
15362 5898
16530 18059
12418 15980
9589 3825
761 3969
13659 19576
1294 16263
8386 16036
18718 8325
353 9353
1955 16710
17695 16714
17769 7486
10132 5476
7064 19739
8974 7290
13138 6008
5190 1956
3906 9210
3831 15917
2072 5657
18280 13774
9220 2050
16004 7124
11756 19356
1525 13757
1268 2189
6576 1682
5033 13201
8025 14488
10861 5663
380 13925
6666 15184
6768 11335
4578 13077
14733 9881
7029 19773
15745 3156
1438 9890
14480 14374
19047 2830
1118 19948
2705 11910
10733 17204
10356 12458
17588 18802
12193 2367
6155 16872
8118 9126
16745 11146
8351 9023
10332 17123
13886 10365
13729 239
1976 19122
41 13374
2584 7998
19996 3218
19686 18859
14771 3008
11400 9582
5194 10114
7878 5237
9210 14090
6085 7753
12535 8871
11672 10598
2103 11376
11542 8968
17495 6986
1001 8954
4104 18288
1685 19277
6359 3722
701 13946
4473 14070
15039 14317
7759 14550
8508 17351
3078 5930
10288 16617
18145 3877
402 16939
9714 14264
5287 11826
9505 4995
14993 856
5335 16249
6977 12955
16055 3845
18619 15942
15851 7671
5069 19408
1190 5673
790 18885
3800 8723
4761 4986
5810 3093
2290 10868
15116 6036
15935 4070
10963 11737
442 7424
9114 10865
9736 8142
3491 7495
2103 16731
4675 5494
10078 6472
16966 14348
5907 9978
10699 7234
4444 18316
18749 10906
9571 3398
19090 2332
1982 12198
12450 3922
8265 2998
11567 7673
6120 16911
11587 18658
15909 4085
11827 10751
1318 9418
810 12844
12537 15206
18433 4957
14860 293
12646 18044
3801 7381
12636 14830
1173 2686
3004 8546
2440 3168
12208 5060
19509 10046
2467 18435
14915 3023
13212 19223
2350 12185
10015 13402
3200 17388
3639 18700
11044 1241
12075 3941
16899 18005
3251 8294
16405 16225
5528 17362
3271 2851
7555 8317
18168 14813
9723 2097
16811 3453
10223 15152
4211 8020
17305 5462
15010 10724
13313 11507
446 1142
18809 5560
7484 10084
10255 4245
4257 9029
417 6414
19064 1691
6205 18551
19679 3973
15738 16950
11393 9391
5269 13364
2056 16443
17804 6124
14043 9514
537 12107
16334 16178
9042 9174
3857 16119
1326 9093
18502 2482
10079 316
4547 553
13443 1124
16892 15388
8887 16770
16165 17162
552 6159
5609 17322
15908 16006
11209 15569
19681 6222
18520 9995
15837 2205
7226 16330
16066 3790
7848 18784
11549 6745
19083 14706
4402 2616
19513 19326
12633 11068
9597 7892
570 18391
11605 2358
11289 9350
19241 5459
5576 2849
7702 19838
14756 12973
13265 10918
13687 13041
16894 10086
18563 1769
4771 4449
15593 4978
8395 13590
13107 17376
7294 12049
19435 8719
4689 15617
19757 7840
16896 10169
6252 9604
9804 10218
19878 6678
1343 15358
14243 13341
11984 4860
12482 7594
17773 5500
18493 7564
8150 14641
10607 1715
16859 5770
12278 19644
2704 8692
15962 14314
7207 7738
17567 4140
8831 7049
4810 15037
16909 11238
8357 10705
9646 1628
1907 15416
14840 11622
797 184
6844 4794
9894 18322
430 9657
9597 3074
10297 17231
5780 2547
12829 10518
1793 12728
13383 11886
6804 11260
2900 12581
8303 5593
15530 12526
2909 19453
3280 11795
4739 17873
12647 16956
8390 15726
5387 7462
6337 17224
907 2298
5555 8303
9787 6853
15282 5748
15523 7339
4009 2937
2212 19829
6508 5893
8112 14585
860 5777
16831 6789
5499 18947
17956 3565
3843 11420
3334 11291
7617 9713
18382 11898
2209 3
59 19146
3827 19376
8709 18038
3359 16069
13502 15848
10956 2036
9808 9359
5272 14227
4373 17370
4354 17639
9245 19918
19887 19630
4176 3742
4564 2529
1146 11522
14360 7144
15268 4113
12147 1590
6155 4148
9181 16614
17217 15340
12164 4625
14621 15127
2731 2005
7778 7724
11457 589
17490 663
8941 2261
9615 545
5440 11731
18044 8677
4327 305
10131 10421
11435 6429
5848 17037
15042 17416
15147 8101
15559 4814
10040 9694
4688 5491
14307 7360
10913 16278
10529 3240
15811 16085
10255 8575
9853 7969
182 14255
4096 4447
14822 9410
952 1957
4236 9629
16302 12754
9548 3324
18103 13804
4640 3900
4444 17448
7558 17778
17031 6929
345 12017
4233 3853
12964 10988
9946 5293
7737 9981
5653 3375
14627 9341
13484 4091
9336 10983
16266 2588
4999 12629
19439 6289
12125 6093
2950 6019
2535 18333
3138 16615
14153 865
15820 14621
2165 17144
13448 9114
1735 11879
5876 11352
10016 8705
4047 16732
1156 7498
3900 17485
13986 16895
13453 19662
13009 15072
17273 2785
11741 14319
7025 14263
15039 851
10397 12034
872 18577
14539 16110
13878 14077
16014 1316
1673 38
1626 9836
11801 6576
7407 16547
3034 12908
123 14031
2277 12245
19419 13622
18504 10903
148 11609
14810 532
14794 540
18750 18906
11682 3563
1925 11029
4341 11565
6599 13734
6068 16419
1043 7324
8303 19185
16125 5822
25 7800
13576 17665
14195 14239
16220 4751
18709 19410
15935 14673
3421 3116
6858 11671
13791 11742
4600 19764
17232 18154
16385 11414
8921 10006
13413 2733
2200 10735
13859 569
14369 17030
1053 35
13540 13957
2251 11502
8243 14591
13911 14093
9741 774
6970 10066
18064 16997
16399 2027
246 12270
13763 224
6267 12285
16221 671
16065 18242
8709 7721
17232 3738
6182 13449
15693 17042
164 15162
1155 6126
10010 114
11323 14850
1634 14191
7949 16695
14731 15030
16670 3426
10674 2107
17959 8075
16244 18597
19523 14482
6165 10777
8314 4177
9027 4000
17144 15710
6604 7617
16500 1728
7346 17014
4640 7475
4973 5502
376 10172
7355 4197
5298 5393
10219 1105
13859 17121
19499 13175
7689 18966
18428 17409
5668 7465
4011 4018
19953 9419
372 8028
6787 8853
3499 10545
12055 3357
14899 12765
8655 12133
457 6122
14041 1519
10163 1804
8845 7700
9371 9460
16713 8768
7025 10509
3272 10580
17183 1987
727 3633
14180 4350
16685 18579
3674 10037
12423 18203
10127 15326
2556 4708
1817 17828
19629 16644
19222 5847
5803 11969
16787 13990
11975 5160
18193 8464
17510 17908
10393 339
13457 16357
9043 10176
5585 12224
6622 10707
1602 6477
10078 10617
2071 5888
26 19116
19944 392
19563 18902
2885 3178
13337 11114
17172 9699
19622 2313
735 4009
14025 14557
18081 4030
4018 2469
2393 13106
3240 10827
11989 3992
3442 12565
3749 14745
4032 16364
15602 2757
14754 12276
15398 12637
17193 15503
529 17761
17251 8815
6143 18414
16601 13461
17829 17987
14258 14633
2569 3888
1809 13914
9584 14931
3223 12463
5040 10132
10125 8283
11408 15342
3276 17279
1287 9793
16623 7081
11853 12468
692 18341
19030 5851
8769 7560
4013 14654
3568 7370
10457 18424
4533 15815
6131 8636
617 15999
9548 10056
2348 4948
7386 1006
7702 14177
18822 14755
14778 4278
17703 18321
1904 17585
7585 13496
4652 5986
4751 16183
2023 14640
17141 1490
59 8168
2338 19102
13298 19796
11695 15144
1134 720
15382 2995
8508 19649
9506 9028
1371 6181
6048 2963
1565 2857
8646 8391
12096 1481
1331 15461
5310 19682
384 8133
9303 3262
18237 5889
17720 1749
10099 13058
6291 18541
8343 15952
15143 2361
17133 1338
19044 18945
19487 6420
5734 19836
5452 11440
1326 18010
2708 11328
12228 4597
17922 19708
513 3232
11658 4336
17553 13778
12846 13719
9471 16610
16672 7301
15116 8298
18155 12231
3198 18755
1558 18891
450 1296
8534 630
5815 19757
2697 2716
6700 9482
3647 7021
17616 16820
13698 16478
8061 11134
16879 17150
7821 9559
592 17381
3759 10864
2458 15346
18106 4418
10133 15659
4930 16783
4274 11248
11355 8396
6569 9857
8796 9658
12943 14308
511 7043
12629 16023
11210 3173
11051 825
14667 10974
2680 14291
13673 17748
14107 11483
4826 1747
15793 7532
9353 14229
5316 3483
18087 18910
11718 2620
1187 16433
15239 3916
6496 3251
400 8946
15136 12745
412 9711
1995 19668
992 3936
15087 150
15636 11649
6120 17338
11531 17590
5132 7778
17739 12801
14235 945
9814 9345
10459 882
15699 16424
19803 12582
14128 1909
6418 1860
18062 11326
10851 6554
17470 8906
16745 7437
9732 17725
9280 13172
17081 1311
6807 19652
10687 19069
13859 303
4715 1593
10677 17692
19130 9833
8009 2270
8930 2284
13119 15689
12497 16785
13394 2954
2072 15820
18840 9861
15512 12503
4152 18028
13791 4922
17086 5239
4633 1214
4885 2080
19089 2062
13181 11022
4123 2326
354 16987
3683 11474
12321 16980
1151 5874
8160 6923
16662 1233
18887 11754
9395 19633
5684 7953
7796 96
15833 11566
19814 612
1255 6635
7703 14014
16905 9268
16498 4473
16722 19899
11657 14818
11008 9220
19835 9652
6656 3081
8524 5699
9617 2996
17374 11962
13585 10550
11396 4992
10255 6217
15123 18463
11929 17016
2312 4559
4072 5730
11506 5037
5931 42
19326 3975
6856 598
18747 5694
6957 15940
1058 10251
19056 1126
10133 1285
19653 13651
17303 13511
17341 2269
10357 5839
9547 13464
1705 16341
7371 6630
8799 18992
16201 17654
710 8642
3531 6253
18261 3454
3836 10206
12680 1723
6650 13636
9596 1752
17232 5830
5841 3896
19956 2500
14021 11519
2614 2216
10564 15863
8030 19992
12362 5773
5038 1099
4257 12448
4737 8672
6833 19004
9522 19925
5181 1807
9348 4062
16643 13681
14840 5938
14691 18689
5175 11580
256 13285
6644 6494
16366 19235
1263 10035
6108 13252
15797 9574
8077 15286
14526 1794
18246 58
15921 16111
6152 16912
1367 12961
6967 15145
7456 9807
10540 19310
19469 2944
5108 2481
1341 17216
8727 10318
3207 7776
18106 1954
5422 7542
11027 15673
14371 10942
7981 13195
18037 771
16687 5133
7058 17055
14238 9413
19053 13628
12555 15966
16791 16174
9130 7490
7858 6026
3894 13186
10904 574
4045 1643
8065 10856
16139 11968
14848 17910
12231 13599
6713 5789
10832 3037
4588 13903
17178 8270
9961 15838
18141 18619
13883 12981
13236 14
8467 1342
8623 14506
13350 12028
284 2227
5809 16949
8820 8388
17505 6434
10551 13281
9583 5402
6908 2092
14844 451
12674 5054
6022 9431
15107 525
12563 16412
7923 17298
7299 15169
15353 3657
10625 19203
17418 4421
1124 4617
17366 10886
18106 6443
16555 12273
19885 19169
6833 7616
3610 1994
2955 8346
19400 15542
18731 8756
17678 11459
4570 7551
4490 15892
15149 2523
9961 943
468 3547
5427 13527
12403 16384
8804 16716
17237 16046
7819 11412
99 17769
16414 2397
12119 4179
4913 5669
10478 15254
9947 12199
9031 8811
4797 15607
12180 15908
6565 14122
6656 18716
16776 9988
9766 11158
9896 13693
10469 4921
14990 7779
12793 2562
5272 4246
11052 15287
8902 6014
15058 4300
1375 16193
7342 19094
2748 14561
6884 11151
11778 10636
6014 13091
4104 9047
16311 18770
17235 11938
19830 9830
11041 10289
88 6334
2036 16666
4080 11706
14607 17967
7180 7412
18382 6272
12595 16810
19859 8542
491 14448
15381 17084
12694 10898
4382 13367
7008 2551
10282 9581
14033 18439
8465 11732
214 17531
15120 2765
19792 10457
10149 4479
11497 17147
4365 13486
15373 9024
12767 8071
19324 5705
9587 8226
14418 2380
10580 371
14712 8034
655 15585
902 19464
15926 14832
5981 1120
13466 11304
478 4307
15745 12648
8677 11465
15389 716
10133 11767
7337 9756
392 8878
15586 5946
17703 13722
2721 9628
1705 6037
14570 2087
1965 19998
9772 3029
297 12415
642 14707
18038 3061
8113 5555
17827 804
17537 11422
12819 6818
13840 6340
206 2236
15203 6254
4806 7630
2632 11796
15129 8864
4106 4589
19607 18093
6450 10958
10379 15925
13863 10885
10300 4237
9829 4168
19202 17717
18664 18517
8038 10076
1372 17477
11705 1443
13668 13638
4537 4468
8699 926
7591 4013
5957 10120
10107 8691
19258 9204
7961 6677
2197 6526
10408 3902
15282 16837
2214 7941
19597 3190
11457 7692
7185 783
2047 8167
1392 19883
19056 7062
18109 5689
18427 12573
9813 3527
45 6418
3697 7137
10994 5397
10826 8329
1376 10674
7342 4063
14788 3510
17188 19926
3342 12878
18540 9279
19082 12894
9773 17741
16406 1387
577 16253
19671 16465
13486 12980
9439 896
17432 338
8715 8157
9860 1983
17669 59
450 16902
5087 15042
19815 4465
11415 5396
18302 5298
18649 3716
3173 12422
13540 2138
19616 16585
5236 11939
730 6282
4881 9653
5931 8919
9469 5256
9988 3057
13121 2470
17608 1660
16586 19443
1292 2281
11242 12372
16437 15995
6717 15948
1727 6543
3945 2445
19430 11672
10323 15093
1727 11984
17235 10675
4224 6165
12678 15120
18807 14856
18714 3413
17542 18361
6482 10791
10463 5062
11430 10411
1131 9640
2458 9110
4242 10125
6560 13181
3500 3963
9615 9804
5359 976
14554 2515
14197 13084
4500 2735
1851 14554
16374 15996
1793 9243
3611 15147
6373 9745
11905 514
9772 14899
15182 16168
1222 16230
11951 12744
3454 5745
8040 3263
9770 10293
3827 15500
364 8484
10250 8019
18869 9651
17722 1063
13839 14634
4966 11805
19022 15579
2027 10326
5160 15178
7931 16788
6027 7220
11917 11636
9897 529
6612 15790
3944 6942
11081 9467
12372 9163
17278 1515
8051 9796
13057 14575
15385 13006
11658 13587
12648 7427
13533 14017
16848 4504
9838 5954
13268 8032
16932 11232
9167 4489
5650 17229
1627 17117
10910 14983
15415 9903
17890 16914
3603 16173
1958 1340
11525 14254
7763 6838
5826 4324
16208 11889
13956 13024
5981 19733
584 12796
10917 11027
1346 6104
15480 7773
13750 6441
5177 7112
19965 1595
13746 5101
19378 8972
9851 8139
13750 11292
6264 12223
17330 19656
7158 18605
9122 14453
7 15293
8715 10902
3308 18008
10430 8571
17929 2020
52 4122
11480 8444
13377 1252
7139 15299
9080 4690
5670 6881
9769 15478
6784 8262
18444 4355
4022 16603
723 15367
1974 16113
3344 11557
11803 12387
5014 14072
17819 13595
8612 17647
15833 17267
13046 15759
6537 16752
3570 12945
9604 11069
15878 13806
2602 16115
5213 17743
578 11761
7429 5001
1449 15936
1950 11108
6801 5715
10607 2615
8397 927
11506 2897
5250 14963
17486 19540
10488 1787
15076 2001
41 3570
9315 13572
1748 4311
14757 18955
1001 12105
14199 933
19338 2039
1846 15252
10910 9690
8539 16383
10130 14212
10596 19965
5704 2142
4657 7522
15813 11053
14502 3383
6026 18860
12936 8594
1264 7109
18664 7106
9847 4982
13244 9011
13543 12859
6641 14114
11705 7394
17548 2819
16811 13487
17026 6328
11829 2829
631 4897
5540 6620
5235 3545
17374 1461
3644 6587
13566 6972
6174 9079
15041 14904
11809 10552
7908 11711
84 6927
18737 2192
4845 458
3315 10179
175 12614
19290 8278
14830 15597
11582 9863
11425 15283
6156 13197
13071 8041
13962 16497
11123 6352
9782 8431
5986 5015
19086 17403
11129 3327
10930 17247
13132 2936
19064 14473
1819 16189
14261 3952
19387 14318
5772 15785
8991 14142
4644 2763
18160 110
15080 10753
1274 5625
1580 18096
11705 9405
16134 16831
12259 19412
15001 12108
11703 13149
16003 16542
17004 11453
18758 14313
2909 8858
3280 2734
16903 3466
1455 19654
9800 17385
6175 8451
7075 10067
13433 8976
786 14160
11178 1979
16221 4928
10001 6246
13119 18915
4886 17963
11745 16759
10900 862
3477 1867
6952 19302
6675 12318
19956 9955
9809 5554
3124 14432
7082 19979
16252 426
19063 2518
13863 16643
14693 9733
1167 15457
1094 19939
7254 10463
17675 10027
17010 3734
19548 2041
9451 6948
9420 15650
19009 12703
1400 17886
8280 19477
6601 8437
2717 10683
19304 5165
11529 1222
428 1953
5532 1462
2850 14913
13802 4151
10746 13508
4266 6297
13365 803
5402 14226
6873 8062
14406 979
7763 5398
12781 9927
10255 3746
14689 14709
8359 18749
13226 7732
15510 9187
9682 15131
14673 11668
18265 2249
17685 8279
6188 16972
1264 11396
10914 9567
8882 13692
2178 13405
7810 4031
415 15253
8433 19648
13350 1989
5583 10327
6068 17365
2753 1903
12738 17033
1976 17549
6629 3786
6951 1108
14581 3108
4673 8849
9840 4713
6883 1925
15604 3911
9847 17334
12110 10141
12172 12822
17542 2862
3820 10655
1259 14980
13716 4815
5945 9378
13966 9184
17346 11627
3685 16918
7781 3071
18129 6177
11565 1363
17864 8833
5257 12450
11637 2749
6455 18719
18521 285
5076 17206
13909 3194
4608 12377
2692 18271
2631 19093
3910 19982
16192 8013
16705 15611
1410 5881
8262 6504
11292 18639
10499 12646
7308 3126
9443 178
13281 2759
10529 19641
4099 17880
1 19792
5742 12287
906 19178
1438 17512
12964 15186
18183 3270
7321 9455
3954 19124
16670 5809
5486 13936
3266 5284
12839 251
3579 19224
12628 12007
5977 11535
3649 2114
2486 18286
11121 9090
10190 19607
16531 15590
1349 1797
17599 8172
5531 12131
7679 9900
9502 7436
8479 3371
9124 10200
14250 13025
13948 3654
17330 6311
6765 7689
12349 746
16015 10538
11352 16575
3556 9837
214 3441
15467 10760
7098 16441
6757 10020
12704 2453
7267 4774
17266 9456
7436 15154
4831 3248
9976 9160
1413 8007
8936 7974
19986 14385
8386 16985
1756 6984
19410 4656
9723 11564
1886 18762
15105 1727
17367 17444
9423 5900
12126 2676
10559 9313
13659 5744
14057 7766
18833 1224
7762 10908
12522 17483
10175 16460
17722 2003
4994 6304
2140 456
12631 15417
19493 9697
1995 17457
14174 1669
10997 18698
1602 17804
18398 7570
4771 13031
15446 15402
9502 6977
5200 7936
15565 3024
18306 3778
6482 4010
15298 14204
11717 8232
4780 4787
11596 13999
18770 5205
16956 9492
6583 9189
15730 7503
12791 9780
1914 992
14706 1872
18123 14593
9201 6906
12259 14005
1720 5169
7477 8459
309 7646
9445 16323
2482 4856
15361 8238
3975 18193
8916 18960
4194 18353
9661 6470
16334 18890
14297 17297
18673 1046
6401 3148
838 7032
2482 1705
13381 9799
7711 10473
19821 12584
6028 5063
579 19180
12755 13710
19206 7911
6608 19325
15973 4664
12903 5263
16015 12386
298 6054
6422 1719
10938 2354
16194 2446
3716 12865
12629 10821
6356 7879
6269 4575
12999 3540
524 10277
15621 11122
2271 11297
18450 9296
16108 748
15268 15847
15881 7681
18533 10639
16795 19527
8109 18208
14677 7333
5360 4041
12019 8828
2124 7501
8026 1831
17926 8225
18203 13717
5721 14997
4164 11350
17433 7648
7763 1526
11998 19181
2065 3629
13735 3379
1865 4950
5625 17600
6964 4232
10463 7582
14844 17182
11457 12309
2900 4773
6633 16958
16929 13330
16898 10340
15227 6053
19088 11407
3215 15731
17330 10823
5918 3837
18387 14091
12829 121
15191 18112
15962 17698
9935 19723
3932 1511
8733 3025
1001 4326
13165 17612
9515 4385
10872 10672
7620 16088
5412 19502
6573 15949
10039 850
1341 18882
11001 15354
734 18036
9180 9292
16953 5586
3032 15841
11387 13379
2419 2572
7452 2657
15931 12529
8923 912
7123 2403
5981 4471
3528 13205
4785 14267
13461 19961
1510 9798
10129 17617
9746 4898
9067 2777
15095 13588
12638 14501
11329 7760
12052 15913
5630 13744
3395 1857
17273 2878
12954 11683
5290 6668
427 7722
9891 7523
6183 15014
2748 19435
4751 5209
14039 2452
6628 18840
13184 4486
8546 2401
8214 8052
10914 6331
3545 2206
3258 5045
16470 17615
8949 12281
17205 124
13840 19167
11415 12781
1774 4480
13531 15236
7505 1306
10884 6883
14027 12367
9043 17688
13582 325
3227 8282
11272 14579
3050 10178
9156 10893
9008 1499
14144 11067
11104 9439
14701 13815
17657 6811
2665 16472
7642 11039
10660 16257
17646 3620
16886 8556
1862 1229
3903 12839
1249 8854
18279 7898
8491 10703
8175 5484
16282 19298
6648 6714
18765 6387
12315 5765
1998 14798
12088 19784
16382 2933
5575 10439
13216 7269
269 5861
2224 14778
122 8074
5428 14653
4131 5863
1561 13250
19507 7142
17793 7893
13375 13191
9017 19336
11032 2945
3245 6720
8559 8735
15204 16938
7285 10773
6105 17426
5282 17733
18537 1476
4824 14603
16087 7658
192 6983
7383 11311
1961 3124
5859 16296
16954 8312
3418 11695
10676 11070
9013 16670
1675 9680
7666 16557
13723 3094
17881 19447
7059 1743
13022 12438
6477 821
638 3828
9165 1275
13536 5007
9958 12988
719 1131
7295 11107
3894 10862
16301 8621
10379 12717
3973 2940
11154 11261
14421 8415
8499 8197
7810 14665
3099 180
8767 8272
18115 5652
17070 12249
1328 6839
2438 12296
14316 1767
9725 1929
390 5949
9691 13842
10929 14751
5167 15278
19371 18175
9043 15581
6399 17838
1122 16821
11856 7421
19295 11111
2075 4417
10934 15364
7191 5670
879 16376
10912 5082
10041 3307
19089 6416
17091 17290
10962 8721
2907 8096
5130 16863
8941 949
5233 13208
9837 7397
17684 18215
1516 10447
2043 19149
12918 11679
1842 11241
5080 12803
9645 8689
19552 2199
7957 13224
12613 5977
18664 13577
16257 15533
11778 3923
3173 7474
680 8100
6740 10434
13928 6275
16166 15709
747 19882
17969 16720
7632 18412
7995 15687
17363 18277
8630 5276
16936 1016
12760 18164
1929 16673
9374 18667
14822 10995
2271 19520
707 10022
13753 9021
11749 16259
5275 17378
14720 5123
15600 15675
10018 12874
14519 641
4562 11336
9398 18064
2800 4606
15167 10303
10209 10451
10800 18853
10356 5399
5462 3579
8916 18991
12406 16303
2891 16767
152 7785
2396 12100
8820 5680
13231 16854
682 11251
18320 11815
13949 643
8353 2643
5194 3968
18831 16899
2885 2053
17685 10080
16542 3315
19477 5234
1470 1948
6317 19303
14234 4825
12286 2623
11248 10755
4365 11985
13622 7329
15408 13624
7426 9250
5429 9763
10806 9602
11872 15875
5602 1896
9658 18569
15312 11168
3873 11159
6453 17578
11158 10413
10113 9866
3019 7111
12229 6006
17452 4493
6432 3534
14461 6717
17698 148
19267 18011
2569 9776
9386 16660
11423 3247
17709 15020
18539 11648
5912 14495
13699 8482
19509 6768
7388 1024
12184 15048
16877 15495
5458 9643
11418 19213
12260 15284
15463 5424
10550 19201
15601 9768
10426 11999
929 889
13585 7694
4528 18043
10250 2147
2560 14879
10823 13243
14946 19543
5215 14659
4232 12066
6708 4053
12587 3985
5171 4641
15003 10429
3555 19017
4333 18666
12121 12804
1340 9477
7277 18260
13829 10882
17210 18243
4997 1152
3610 11817
4517 18370
8950 9136
6040 2633
3108 9608
16818 19691
7022 12122
19567 9078
3935 193
4600 6890
16888 18976
3164 1014
1440 6107
11649 10211
5869 8582
6247 10202
18775 8997
8079 2769
8783 12528
1215 9069
11071 11499
13574 4923
10819 10426
1698 11821
13564 5912
7343 13750
5789 7389
3003 1600
9936 16971
6368 10696
6909 18466
5786 6982
18274 7255
18991 7986
9613 4057
1721 8576
13045 6912
17213 605
2162 19832
19115 16724
10798 14670
311 11506
8188 1689
15873 6201
4823 2586
17492 19685
1020 9231
17081 492
19126 12488
19247 15549
4670 13267
4589 16533
11365 12090
12209 12794
11247 15241
1094 4811
3814 15229
6291 15277
8739 5126
17714 373
13885 5384
165 15862
11478 16109
7649 19394
7168 19007
10847 4925
11402 18601
16892 13434
12655 238
3650 5806
6913 10825
11298 10614
8530 14280
158 4105
19189 4697
4879 17057
6344 7288
8304 1935
12347 18500
15138 12032
19891 8299
13076 10876
13006 409
19894 7254
14916 11880
14717 1371
16872 6462
3694 14500
43 1406
11857 3846
10660 1428
10819 1426
13632 13652
2896 19716
12022 18538
18027 9876
12214 5867
17141 4691
12147 14211
5695 14803
4580 17745
3808 19596
8419 17543
15483 9238
1912 4488
7845 2309
19770 13695
13722 8450
5125 15555
16633 13856
9358 11276
17693 19177
891 10105
5235 10246
2256 10769
8999 11059
18829 11598
3694 15750
15484 7531
4762 3169
14758 7239
11975 17085
1976 5600
2541 6756
14428 7733
16247 8468
417 5336
9255 941
15107 11934
4901 19688
16063 12960
17751 5039
19238 5468
18497 10025
14201 544
11457 1795
617 19915
9064 11359
5011 1847
11610 10432
1754 14616
5942 7459
2202 19760
5088 6154
19571 7326
16480 9618
9782 5682
4082 8562
988 5235
8773 11686
7383 19031
379 2329
3274 8836
111 7095
5534 8243
12354 18401
6756 14618
12540 6040
15378 5118
18229 478
15014 2441
15525 14909
10535 7915
14829 16541
8971 799
4903 13591
16461 9575
11864 6546
11624 13639
1781 9212
15270 7697
4956 868
5912 3643
6211 17498
12912 2135
6804 3044
16063 27
5839 18864
13180 3014
9291 17797
4297 12826
3626 16167
11146 9066
7778 10332
18065 12266
17718 9698
10786 3035
13919 5793
6368 8066
14531 7823
6967 8324
17869 18922
3400 15189
11230 14782
2003 13136
18182 5594
2674 15678
4839 7625
6700 4490
8024 13898
7133 13705
14952 5639
17663 4114
11579 15222
9665 15900
2992 7444
7025 13111
17713 17265
12037 5810
8260 6120
13230 17954
14139 3608
3827 14082
5408 12547
12225 11714
3972 17130
16795 5097
10806 12824
14139 15172
7262 15699
16238 16040
15000 336
13752 9433
18245 13684
5061 15605
10732 12150
7868 3799
18833 19800
9904 8210
8826 13078
19492 8877
9729 1036
4602 9864
4223 6475
4887 16811
7166 5475
5233 15696
12375 11429
5742 17765
2256 3905
9289 3728
8682 8759
10543 10276
11355 7565
9587 13549
19223 9377
5772 840
4589 12124
17890 10213
15523 17287
4983 260
14844 16017
11307 15531
1830 10099
19641 6827
15087 8702
6014 7664
1276 12265
6955 7226
9701 10964
861 5700
16161 17257
5799 8718
12412 14868
17080 5751
10935 11621
15817 19114
17516 14677
19222 9013
13127 19044
17770 3338
5610 15513
19626 9109
8623 14244
8094 5167
8310 13960
19728 11246
14320 16041
4060 3424
15248 16413
19035 19058
11581 3255
12629 7302
6645 7571
10510 11859
16741 3807
14307 17582
15078 16320
15443 10646
14767 18933
18285 11442
2412 5314
1483 15074
19724 17487
13370 15700
15423 19311
8691 12915
7026 6889
17177 11909
9429 14297
13683 2058
2748 6597
2802 17078
6309 10299
3972 19417
7257 10229
13038 8411
792 2117
1145 1389
5894 2245
11708 13019
4297 10466
13483 4384
10366 13033
19495 3500
15829 1414
1012 349
10338 7348
7416 12532
5142 10224
17197 11617
9420 2727
1050 7960
8863 15933
17869 5638
931 8259
10952 13944
6880 3344
16724 16514
15219 9175
758 1456
12905 1427
10235 1176
12030 5203
10014 6914
18274 15929
11219 2387
7555 8057
2417 2437
8341 13516
16893 12137
3008 11888
18165 296
2071 19669
10772 18328
18135 19665
18245 10602
19702 16740
16873 17244
457 3039
6970 9626
16204 18574
16726 15883
16023 14358
3520 7182
14063 17822
14269 18265
1929 14516
6842 19289
3616 13564
4505 13001
19459 9304
12418 10718
7753 5450
1944 18478
5384 7034
4919 9847
11753 2741
13643 11199
13521 12757
10997 10832
11384 4084
2375 6916
5255 3958
4948 17489
4395 12070
12688 6160
14392 10516
14532 2263
15826 2490
8442 9531
15411 5129
10952 17038
18833 2246
14939 5154
6057 2840
9894 8641
18819 18280
10228 8798
2599 9151
12009 17581
16741 17553
1771 3254
3462 11476
16020 1770
14234 13182
4520 16185
2738 10118
11220 13755
786 18167
11209 13334
9080 18797
5824 9120
15317 19613
10291 6350
3274 735
13040 16325
4503 2409
10555 8638
7346 1707
11203 1320
11576 217
4826 14489
7137 7524
12397 1215
9259 13060
3427 465
13270 3806
13217 11418
3900 12833
18880 727
14771 8564
16674 6045
15831 14772
16412 796
8216 9617
7663 615
16454 5315
2818 12624
11642 5453
701 12038
6666 19869
8386 14278
11027 9001
13491 11225
6726 9595
5073 17429
2283 8839
9702 19190
19832 14990
13174 18384
16656 6943
16532 6659
14958 4314
7737 13102
1624 4949
9336 12423
309 10745
7316 13792
14073 535
17079 8686
11945 13017
18032 5565
4755 13503
3878 2310
18285 18888
4687 10026
8099 10668
9141 12485
78 18351
5060 8258
91 1407
998 8896
8869 14669
10494 8823
2487 19545
3875 4890
812 3962
3612 15529
7081 2877
12044 16155
9528 12196
16085 15872
16980 13735
13194 7377
7091 689
3895 4810
8798 2368
1815 306
9717 11674
8282 2913
5293 1137
19161 12201
8630 1333
1979 15853
16516 17254
508 17982
6740 19843
12509 9710
9002 2386
7364 10792
14332 19553
518 16450
16604 7199
16904 13807
9418 1169
11605 5153
2354 17124
2526 1912
7137 8490
18386 17159
12612 6833
2674 4509
18183 13239
10107 3770
3895 12112
6834 15991
15457 5108
5176 8056
3926 16765
9175 18376
3930 13579
16456 3458
22 3834
11068 14681
19287 7171
12124 3123
8694 13981
12440 1849
12097 19725
2137 14406
12566 16134
3894 16047
5031 19159
10769 1703
8207 14809
436 18327
18511 18358
13342 2044
17935 5584
6436 6360
2653 13632
6544 3141
18888 16421
17772 3889
14883 17758
2479 2063
6887 12784
429 16766
2672 14209
16082 134
101 1475
8467 8410
12491 8607
3349 7177
9756 17202
16114 8762
9764 2648
5970 13143
5390 6377
12398 18702
9478 13211
4762 18930
9002 8694
6684 4770
1430 17288
15543 15934
13966 11675
1088 4482
17562 6459
14895 11956
19817 3914
19062 977
18672 12478
7507 3769
2533 7358
11606 3614
1219 12160
3522 16571
5867 19132
15812 19170
9031 15738
11242 952
928 14203
9717 9771
3061 12271
10550 12887
15875 11156
10273 16921
16284 11641
17227 15861
11240 14078
9847 5904
10891 14198
17705 1545
5167 8941
1861 18048
18087 6922
16565 18738
10360 18704
15556 11162
7209 3027
5709 1323
15420 16574
10664 2064
5483 3721
17391 4526
3592 18304
6256 608
13500 9380
6456 18513
18463 18204
3804 11375
5978 6337
3426 13721
6678 10497
6585 12356
2711 376
14122 1569
8597 19426
16991 14784
14202 15961
12126 15318
7543 104
11997 5951
11448 11242
4027 15888
1481 15747
11574 14609
13553 15240
3653 18530
19460 19105
14304 19978
5899 7245
17689 18201
2416 6885
14831 10465
16001 18084
6571 16200
15921 9692
15537 16265
7390 15887
10185 625
17031 15444
13441 9049
13603 14354
653 18347
10306 8552
11136 13155
11293 13795
8141 13481
16498 17152
6203 2211
13604 16742
11281 6799
4553 17561
6787 14520
6300 1004
11644 12918
2598 15651
5665 3725
14473 12535
13361 4565
7584 1777
12891 3501
10914 17642
517 10244
5381 12689
13703 14265
8164 14450
13610 1814
18541 5659
14940 5637
6750 13512
204 9755
4333 6856
13915 2950
9831 4464
2576 323
10990 19386
10734 15708
3363 5417
18096 8151
17048 8498
8213 10928
15921 11025
2351 4325
4880 5660
2918 17245
1705 6412
18110 16801
2577 416
1852 10577
877 8990
3602 13580
4338 16160
10121 11652
4297 9300
17833 3610
7426 9139
11140 11947
11247 13720
18259 14028
19916 2850
14479 6563
5368 8114
12488 3833
7092 4747
8209 16960
16085 8093
4447 6378
8676 10685
6126 874
10204 7584
7181 19186
19156 16836
14604 11461
1058 19837
13838 10181
2554 8680
7209 15781
163 10493
11658 6245
13238 2277
9013 2876
9395 17773
16766 13600
5752 14008
6999 16079
7507 6402
15765 5080
173 15850
8826 12104
5341 9335
14505 7711
8417 17946
15277 19863
4759 9871
1044 14964
12409 12216
111 16458
970 16570
16559 1082
6109 6920
16920 6954
7639 4692
16017 8072
6077 12218
2161 15193
19503 18488
12351 6490
1517 3673
13109 397
3180 15914
11628 19305
17664 7366
9462 1837
17432 9555
11715 581
6894 987
2042 17185
12244 15085
17104 17253
5504 16866
4214 5416
18653 8263
7981 19437
16693 12248
9626 8837
19191 13425
17646 9980
3546 4528
8925 11395
13920 17157
1187 8883
776 10452
11195 10424
18851 13310
5218 4054
10095 12014
2813 18246
6804 18723
13599 4568
8716 9392
5557 3422
5136 4099
11449 4088
11231 12094
11037 4368
19462 5381
3879 9958
9438 11392
4687 13809
12522 2396
12779 5272
13491 13064
8780 14477
676 15955
10576 15481
15152 7838
587 13283
14421 18715
2611 18366
10010 19290
13879 12035
3961 8665
4279 16105
17719 12055
13969 8633
1344 19594
12837 9977
5131 2430
8709 18459
2290 14337
12446 18034
13567 8781
10855 6695
12642 13092
155 13954
19576 756
5822 4263
14753 8092
17746 18685
17860 12161
7589 2627
4453 1144
2756 15269
10367 16229
17745 2067
3282 9507
13839 8485
14276 18534
10777 4855
9529 13291
1236 4907
5153 12917
9297 1028
15498 3309
19463 3793
10150 8291
3773 12602
7111 12512
13887 3320
18891 5431
15581 5821
12832 3622
9795 6962
18140 31
2556 15268
12536 15111
13779 1913
18933 3796
12071 12179
9376 6128
14341 3756
6411 13982
152 10649
12070 17945
14279 94
15537 1580
18399 1624
18293 18761
16241 16454
1806 4913
16111 14767
2355 10588
7636 7079
4944 6991
3966 719
14010 6345
5117 11643
19498 6737
16741 14094
15525 13421
7020 15409
7853 15501
5959 16540
19817 10215
19085 8042
14591 9041
16539 13688
11087 13070
3390 13153
11359 7556
4979 10092
13295 14569
19509 12966
189 14588
2464 18567
10551 18139
11519 13343
1328 4022
17179 14079
19963 24
5609 4600
3120 18125
17995 4402
12422 19065
13374 14667
379 11965
8733 7013
10051 4240
5303 17984
16355 7406
1550 836
290 10647
9471 6981
18709 8831
2711 4937
2778 12575
14286 37
11271 1663
16386 14926
3083 18757
9080 1793
17441 7690
16082 17892
8705 6657
8259 7019
1357 18222
6472 19457
19323 1524
14281 12255
11104 10794
5031 12557
2486 13955
10755 4437
17401 9470
5224 13378
1150 13841
14024 14328
15261 3937
5014 18560
985 4866
17568 3339
7144 19327
10859 6065
3307 10945
3721 4781
10248 2855
361 14103
6497 15688
1520 15041
5860 3802
14165 911
4480 16080
16615 6427
13485 19928
8406 3605
10935 4175
19821 7009
6773 19501
14467 599
14480 2012
10019 15422
14663 19413
12342 10075
16195 12282
1944 7973
1167 372
3484 17554
2969 1180
3427 19671
16411 2595
11153 4756
4052 1892
8612 4328
3959 3475
5433 9889
14556 10623
11417 2833
17368 14512
16559 15566
16975 830
7661 13832
15020 3507
6862 19819
17250 2175
13119 18319
2072 13223
107 13340
14313 1528
18551 11349
4591 5849
4159 12366
5758 12724
17268 2781
9216 15465
10357 2583
16378 16508
11997 19898
3762 6498
2371 9179
16899 12182
12321 8709
18437 7024
9005 10984
551 4354
16570 9201
10145 10081
13051 17307
1178 16207
1576 13329
19190 16020
15305 14471
18511 19572
15932 15063
14960 9831
16148 17735
15215 173
15866 2201
15019 11004
17317 7578
17177 4875
5390 9904
10856 1212
4641 7143
11195 2384
17998 9127
2180 17330
461 13022
743 3987
6455 1368
5413 14711
14525 452
15204 6100
13745 12983
6151 6515
19983 7174
13585 13994
11634 3272
7667 10635
15300 19889
3179 12743
17788 15360
18949 5755
12622 19240
730 9026
5847 19145
9070 5219
16137 14344
8228 19717
9314 485
16331 9260
8757 16287
6440 10387
13280 7890
17329 8367
13155 6670
9676 747
5225 16979
10929 1681
12010 18750
9945 9366
17451 8847
18336 11462
646 8834
14977 19423
8108 2232
841 9509
14481 18022
1032 6782
8344 19786
19995 19348
11135 5261
19821 3399
9292 10458
9878 18990
12642 9814
11278 10887
5864 2432
7493 15788
2013 17415
8041 13401
16872 17995
1289 1223
15810 5993
11813 4894
806 15484
11242 18727
18361 8763
3546 4627
6773 3221
3069 14865
18259 8609
4917 3420
8385 13269
19465 20000
5412 8529
11514 12220
16786 161
7375 6602
7904 113
5290 1308
13809 8264
275 207
4119 4231
17705 15395
13236 13998
15203 12126
3927 466
17383 10134
1252 10761
16277 6385
3888 16697
18604 19642
13388 13586
19446 9543
5895 14023
11555 10427
9279 670
13931 16267
492 2300
3010 18310
14301 18303
17122 1731
4812 13460
7515 6096
16406 12825
9831 14233
13256 5378
8419 12307
11351 18818
15261 6806
7158 10001
17552 7175
10705 10162
17559 7786
9426 17073
19680 9757
8621 19324
10122 1637
461 14364
16805 255
18636 6751
4646 14743
6708 9137
7458 10144
4364 16448
1821 6950
14561 4463
7388 3017
6235 10338
1971 14271
3342 14475
6544 1650
17749 10268
19290 282
13236 17779
1380 8728
5200 14188
19875 5335
543 16576
11624 19802
10059 17008
10315 2590
6485 13949
8578 4270
392 4320
9679 8393
13824 6316
11061 499
7149 4987
13223 4931
12725 12046
12911 3989
17418 5352
14473 6469
5103 6236
3808 3708
9230 8090
15705 12722
10058 16560
16966 17087
19061 13333
8209 3337
5978 9894
11373 5028
4248 3543
4445 1759
11449 1386
5915 11343
18467 18740
9574 6823
3374 18734
19710 3209
16036 8344
4471 19260
11644 2271
1469 11295
18085 8631
18333 10295
10050 14324
19 19993
4035 19421
12726 4844
1272 5879
4451 8825
18888 9071
19383 9949
19387 483
14672 14112
6175 2102
580 19766
6821 19388
14925 16123
5125 9638
5487 6926
13158 3532
9354 1148
16946 13346
2359 7039
5894 18062
12356 13644
17050 6092
18290 17839
13506 17067
1096 3389
6123 807
3925 14924
12229 13500
15912 18549
9194 4973
1793 4104
17345 15540
9706 11448
19754 669
19564 2597
15757 12521
4066 2355
1190 1668
1264 5988
2973 6109
19063 15562
13215 19003
6263 3165
19902 13605
2980 16835
12406 4060
2412 517
14338 2624
5045 4910
8608 19617
7724 8920
5900 9490
3096 11490
14372 4262
17150 13672
11574 16604
12496 4712
2527 17201
4447 8975
13797 1022
13302 5628
11624 19645
1720 5780
5 8599
1119 9213
9632 9882
13658 19714
2539 8807
6588 18943
15795 13917
14847 3222
13467 8820
7773 10138
18816 15400
7687 18192
5712 7990
18027 8156
19128 5414
18305 15455
5733 6059
11650 1721
9903 11258
998 11189
10024 3393
19115 1465
17420 762
13278 8132
7494 3641
10405 1135
12083 3871
5881 19428
10308 14390
16095 18564
8128 1208
11670 3628
11298 18285
17569 13759
13104 19083
9612 11571
10387 3492
18437 2154
1919 19123
5553 10287
352 18571
17506 9453
647 14386
9500 1219
3289 13247
16690 624
14242 12316
17741 15204
11695 8423
2242 13665
10249 10243
11303 1966
10015 13439
3604 18027
13373 15938
7488 3368
9114 9902
15276 388
5842 12952
5733 7608
8885 13677
17345 1300
2391 657
15192 12993
975 3804
4297 1122
13953 5599
3294 5658
5729 7351
18662 18272
19724 17833
3796 12910
6683 16202
4025 14283
15182 5179
2886 4758
15511 16856
12884 12845
5506 6029
5119 19144
18549 2287
10862 4798
6273 3816
18993 10686
3820 16855
9551 3150
9454 19407
1484 3749
8805 18506
330 5693
5142 11229
3289 8397
16795 17166
465 16802
19878 1501
15261 4917
970 9361
15071 17306
10265 5802
12321 6813
19841 15901
19469 584
10303 10397
1629 1888
17013 4153
4917 18078
14810 10235
10268 15507
9366 2390
8921 168
2503 10191
3789 10024
13036 14800
3132 8082
11841 13923
12925 6593
16801 13541
3613 18374
6873 12230
14893 18151
735 4448
14405 17750
11884 10203
17412 3196
8420 1772
3605 17969
1558 473
13802 16813
4930 7311
5413 11088
3653 13728
12446 942
11441 1616
18702 9330
628 1796
7638 8616
107 16633
11793 16290
14673 14785
12547 3843
13778 5193
14503 8733
2329 13196
13480 14106
14586 17355
18042 15722
13376 15612
18010 9058
9336 8581
2670 2728
18956 1921
12310 13381
18642 8963
5889 10147
19783 19876
4472 6409
11061 14011
19474 18004
1562 7057
7358 17373
10605 8584
9883 11512
486 5882
3639 362
12512 17295
12462 13647
6617 8687
13956 19245
10057 19794
5061 10726
4710 10739
16013 4051
18203 6169
17524 17785
2678 15362
16240 7257
10136 4552
1993 8964
3470 16305
15862 2385
959 6866
1165 10626
1833 15337
15053 14083
4292 2165
14350 15746
3356 5460
309 19712
13383 3305
14128 15370
16950 11573
16847 13799
12088 7251
7159 15965
3248 3096
11809 8742
15152 13174
4823 19967
17611 15305
1461 3143
3035 1789
12348 10851
19828 11389
16482 16690
16951 16232
6790 5242
2656 4184
19382 17271
19323 14451
16862 17867
8612 6358
9195 17096
12321 9018
19471 17490
8739 7865
16373 16747
12848 9588
3959 17812
14307 11402
10756 6023
18895 18855
16965 10682
1488 18981
4166 8200
609 16808
13337 4795
7025 3054
9030 17879
5125 1982
11979 2158
2275 8295
4828 8991
3338 10537
9685 1335
8650 11100
6440 15982
6109 14624
9200 18468
13569 16091
15251 14982
9464 2324
7391 10160
8333 4308
10555 11893
13599 2532
4508 8583
19411 5216
18957 8341
7945 8601
15678 3609
9305 3299
9786 8777
10890 18456
1290 19352
10478 3261
16137 6251
1136 16721
16708 10109
10432 17870
11763 11717
1786 14949
19726 16893
6967 12499
8699 16190
1712 10205
3096 8696
4292 367
14481 18682
1721 14067
9750 14459
13583 13641
5333 9530
3049 16771
11040 9535
19283 15656
19030 15080
16468 17136
15576 17050
19241 2374
3959 17988
1708 19350
11472 7756
17919 6448
14882 16339
16152 4763
4170 9670
16958 10878
17745 13905
6151 16600
18110 4103
7719 9039
4608 19135
16923 13738
14218 8456
10051 13324
17886 9399
4826 4943
11290 880
4679 1848
13102 4264
3304 4885
12687 5162
1561 9942
609 13886
14930 15629
3392 7494
10335 8181
2084 7731
9165 4684
18476 3002
14503 17001
2656 6460
598 11987
15905 662
12588 6488
6216 10877
19830 2951
6708 791
6999 7894
16142 12439
16994 19225
916 15324
10199 3646
2207 9726
6277 3743
11353 8144
14767 2427
13079 19154
356 17820
1610 17401
13076 4613
10774 7168
9050 9036
11988 12394
16159 19317
4652 18168
19957 2030
12533 678
15831 13513
16021 18563
16492 9571
16031 11342
4093 15969
16329 1378
10269 7962
2058 6035
17474 12152
110 1170
10011 5027
9428 8159
9193 19865
3941 2707
1272 13740
6913 15817
11455 19861
1829 7202
7323 10532
15523 3028
9432 3658
1124 19176
7203 4380
3408 10585
17162 17056
4755 12452
16085 2331
11369 7820
15712 11688
17573 12599
7106 18189
11619 15291
13837 10673
600 18039
8053 11438
6683 19866
13882 7141
13048 929
14953 2511
8962 9527
9383 17815
15710 6595
9951 7742
6117 19579
1065 8078
7947 3355
10347 12163
7284 18807
97 7512
5087 1402
17508 16862
4948 11951
13236 14960
12635 9605
1734 6636
1715 3811
7947 10820
12819 10534
3032 16095
11799 19615
2903 10999
576 16131
18590 18223
17250 16228
12666 19001
1035 9579
14033 6396
8655 11126
827 6878
3924 8545
6994 2822
4107 10250
7942 5506
15964 6794
12577 19864
9250 14571
16601 401
8619 13703
13457 8628
11333 17228
18168 11061
18628 5823
6867 915
6496 14223
12810 18489
15149 3624
15695 16682
12563 13043
11441 5024
16331 9351
14383 18585
13109 12508
18081 2296
5167 988
14514 17496
333 10568
3981 10601
18858 14568
12223 717
19973 15365
12194 19675
16584 4143
5156 12380
4471 19872
11088 8010
8268 3626
3185 16370
14404 12328
3275 4817
7113 12267
6934 9584
18458 18315
1647 19808
6016 10787
17524 10770
531 19101
19272 1817
14482 14898
7020 7040
1962 15194
16468 1008
10135 18905
16034 6612
17273 7623
5888 536
9705 6858
16021 9725
1740 14820
1634 5092
107 14882
5724 7129
701 4873
18155 10912
7697 12946
5957 8655
4639 10938
5489 5018
6963 19632
4487 8068
19803 2485
14113 4158
10037 17552
201 13413
3538 6383
1331 1019
15282 6257
11050 11630
5016 7468
17167 16819
3622 19663
5822 7091
1082 16188
16386 11056
18599 14744
9119 11905
6713 15282
10204 324
15541 18080
1573 5033
18703 7698
7737 18405
4005 361
9486 9915
7464 11631
2419 13894
8697 8143
15795 9647
4951 5581
19987 13014
13273 14042
1866 18226
8030 19057
16818 5563
7238 16967
5743 16474
18305 3397
10884 3101
14175 11690
8933 895
3043 12546
19547 7206
14894 14158
8568 10492
14960 1575
12529 4969
15078 3731
18411 9516
16540 2517
2971 3409
6562 13357
13558 6422
16083 9092
5186 6566
626 10209
9685 7304
18549 12374
346 6788
4925 13495
17994 9883
7049 6315
19690 6184
453 16869
14231 12653
16723 15833
13812 19568
4204 2858
17696 19018
2374 12661
17052 15011
5249 8463
2106 5604
2196 2113
5704 6209
17204 14508
7173 11113
1670 7035
1232 5079
8796 9728
5566 775
17377 17787
9574 12408
10415 5865
1094 5996
18585 5852
10563 13359
12538 14486
14266 12601
10529 4208
8972 4458
4608 16004
8386 16663
10224 8524
12886 12621
13500 4721
17136 3234
7646 3942
14482 408
10675 12795
16327 3518
8669 12473
7410 9085
1341 5843
15045 17713
16804 10731
8428 1574
218 3578
8 13444
17895 633
19229 10258
5915 19953
14297 12162
8829 11040
7914 12495
2256 9247
16887 12778
13972 15246
7243 17093
15252 12978
10812 18683
2504 12086
11153 18861
973 1100
15797 9074
16171 10666
18209 7197
15143 14946
13504 13087
3793 6465
10902 996
19482 13065
2008 9060
6561 10102
6569 13635
2035 898
4644 10180
4114 8843
16655 15694
6064 12183
8766 14367
15774 13380
906 7563
15555 2947
25 19355
5577 3546
11248 7296
705 5411
7997 7186
8269 3890
3114 2128
5309 15333
13277 15026
3198 3461
14174 8586
10917 3835
11175 12138
12399 3211
10529 17670
10724 2908
19768 8268
19034 19560
3512 13319
11080 1160
12017 15633
12544 9636
6839 13900
2809 13122
16266 6784
19616 4916
7608 17519
14165 9537
6252 2824
10508 17915
3800 4812
1409 8447
6704 19605
16607 5483
4285 9734
3803 6736
15123 4643
1032 2465
13668 12818
12058 19112
9499 18065
5436 1112
463 17352
19502 13097
17504 3727
3329 2371
15730 7513
16689 18494
689 15642
5539 15715
1453 3088
2723 9781
1926 13875
13294 14056
3056 7735
19419 14806
10926 8810
7969 16973
16826 5775
9956 5100
314 11101
16409 13860
11301 10803
19424 6070
3326 13802
19832 5051
6283 17515
6926 16531
1104 19282
7910 5902
19452 8242
12995 12402
5419 4659
7373 1764
484 15025
14758 7185
13858 12696
18945 5034
3258 12075
16148 1246
7537 2323
7646 6787
11065 7215
10097 14962
7866 1286
2644 2661
6337 9277
17350 15761
15860 10339
17138 12022
7115 12008
17266 5779
13599 11991
15152 1163
5621 3604
8175 15083
14621 4224
19894 11644
5887 7647
1835 7007
18079 2289
10203 12295
16872 16873
19047 11736
18497 631
14008 14833
4411 5376
8572 17793
13861 16989
7106 12135
8038 12623
18398 14930
214 16875
19547 12487
3010 14309
3589 9424
7236 5801
1167 759
18237 12210
7872 11604
6357 9278
16791 8359
3342 14380
9025 10677
7275 1043
18265 12317
19311 19952
14158 19109
9583 6208
8109 14146
15833 19086
17517 1751
5981 2594
16469 14844
4329 16281
8721 8924
17520 1188
7945 9974
10127 9792
9456 2699
13437 17565
15588 4150
18007 9614
7900 10715
5655 7056
7349 10369
9603 123
12556 918
5458 19736
11648 6776
19428 18490
9906 4892
12062 8046
17482 2090
2955 6291
1042 13550
19601 5803
13524 2724
13739 15430
3189 4592
15031 5622
16111 1263
4292 16328
12943 8937
4474 5955
19151 16349
18305 8757
6757 8579
3536 13535
4683 14089
3087 3310
8275 17808
17110 18575
14506 13971
14297 17474
17511 2149
899 169
4228 13822
18174 15755
9726 8084
18400 5283
11445 13498
16725 3496
16538 17106
4873 11967
126 17294
2676 1916
16791 145
19108 3787
11497 4665
6779 2988
10069 5820
17902 11089
11661 4746
10220 19462
16308 15783
17724 4829
633 1506
14212 9937
6028 10149
11502 12519
7885 7411
5709 13119
1015 18892
4762 6048
10997 45
6938 15165
12964 17730
1707 6580
2202 18140
2760 17978
1176 1962
7769 15760
9612 14841
2283 10829
3524 5598
903 17917
1151 12739
12718 2701
9825 7126
9202 4851
415 7435
10459 3642
17624 19115
8777 10370
3702 7005
6813 15423
14881 15084
9695 5008
19348 1329
11474 12159
2782 13384
15358 7085
5531 9181
4408 13083
3349 19849
8460 8152
473 1472
15755 11431
11785 2337
14184 17192
167 9309
18493 9246
12057 11891
8328 11513
17182 12057
2354 7238
1705 12059
11993 3576
4789 3373
241 9968
12236 14474
17492 200
481 2985
1151 16915
13266 18651
19803 15552
14630 11613
4509 572
9064 5330
16171 1963
9892 17925
19491 11700
17063 16048
10001 3898
18192 13813
17935 10256
6135 8588
4937 11266
719 508
5256 17061
5346 7243
16693 10436
7375 383
8911 16214
786 18251
2165 12128
5810 13236
18155 13761
5698 18138
10668 11663
9583 6152
13344 19658
4622 12117
3435 17407
2038 9819
8128 4082
9756 1500
16650 15202
3403 6868
3709 15320
10862 3410
14485 18079
14631 18581
77 162
4277 6363
8343 14086
8735 8180
7433 13125
14793 4387
13507 7384
793 8416
16825 18483
17731 15602
4186 13570
13861 9495
15227 11702
9206 13036
11801 4828
9196 9520
19377 19973
19377 13212
8007 12344
12376 12742
7114 17280
13365 6188
6996 4702
13250 16962
16787 13991
11793 13484
6896 18737
5073 19434
5014 4145
9763 2094
6166 14429
9174 472
19199 3269
14278 16901
3208 11240
8701 10100
8914 1478
12317 15528
9151 2780
12766 12357
4608 723
2246 1179
16296 3689
16914 13724
95 8688
6334 13431
6579 4598
11277 13521
12802 7047
427 9086
15182 17494
4248 3538
14561 1525
8389 14693
1142 17002
11066 15121
16700 15809
4964 16044
3436 13714
6601 12079
2083 14310
6432 8859
16960 12482
13908 18889
13059 15418
6396 6772
18453 18426
3145 12311
9737 6210
18765 914
15380 15396
2835 8832
18212 7107
15477 1818
11595 17857
7718 10192
10727 1730
8837 17570
12985 12237
12145 7305
15527 6049
16403 9972
16018 13491
2920 14179
14581 8387
587 5104
17130 19929
5915 12944
11046 3273
16021 3249
12319 10183
13677 7827
12609 531
5890 2579
10416 1951
3690 2037
12935 8604
8817 15723
5570 12688
13904 19395
19354 17397
13606 757
1550 660
2733 15036
6418 7599
4104 1178
17517 10926
5250 573
563 18389
10997 13180
12049 13185
15203 11400
10156 3046
18552 14594
10832 17836
3457 19120
19690 16071
3951 9323
10458 13171
404 7545
19248 18714
6681 7261
7343 7116
17964 10328
2914 3818
8209 15935
13946 16776
17152 13939
11674 3412
1937 8230
17244 18787
17556 19493
13037 3295
7473 14460
18561 5714
1793 15203
1719 18641
6999 16145
3944 3391
869 6746
15625 4154
15909 78
4825 18266
10263 13037
11686 5184
5757 7762
18050 15488
17374 9946
16906 16042
19249 809
11793 7330
489 16870
19229 7303
16328 2519
18605 15729
13035 12134
14321 19552
1843 7053
14041 9057
14858 10185
17995 5136
11650 3515
174 5615
14372 19761
6337 14998
17241 14137
17798 11524
12791 15408
7437 3450
1303 1914
5024 7274
3846 10967
1987 579
13081 19008
18620 17293
1035 16468
15921 3478
1165 11369
8928 258
15235 12042
10024 15680
11019 6750
1666 18211
7419 4681
6291 10367
10893 4215
17663 5561
14299 53
16440 18289
11011 12471
5215 8902
16859 16579
6557 17705
3975 2256
14536 15486
19774 3504
9596 13542
7197 19930
8243 11208
11952 2156
719 9454
12066 8381
2140 11911
5810 4670
17623 138
7223 4675
6288 19148
1313 1202
4978 14437
17401 3069
15203 19063
18372 3160
19091 17918
7131 3045
6605 12939
12522 9706
12310 12096
13642 10633
9428 16748
6868 13911
6713 18109
19740 8947
8451 13142
13107 8350
2900 4440
10306 8067
18310 8497
8063 4663
9759 2767
8754 14595
10660 19549
18056 5423
9450 7456
1280 9239
12388 7674
6083 10419
7442 19043
12687 4272
3529 14637
1788 1157
18094 7341
7293 5499
16042 10702
5418 7
8488 7808
16134 5707
9206 1138
17913 7378
12170 3979
5609 4317
18803 1911
15029 4769
10607 10371
13041 1234
18037 4881
11522 6161
3213 12020
78 15226
14269 16386
5200 18868
18701 12106
19417 14684
17749 9816
14542 8881
14286 1258
11276 10347
4587 5009
13037 17795
7078 5023
12850 19243
19847 19593
15621 9805
4998 12444
8397 19890
14844 8371
5628 3001
187 14357
10062 4652
6030 18100
18155 7375
11134 10998
6288 9336
18044 2762
8785 15794
15314 14519
16992 11384
9515 14019
6804 10478
13528 4456
17818 9743
10952 2930
3768 11220
14822 5734
4406 17819
4714 955
10315 11184
19379 9426
11315 12140
15080 11016
17685 19728
17159 15035
5540 17160
17448 1111
12109 11775
19552 1218
12584 9982
11208 17505
9412 2965
14761 15146
137 12985
4104 8185
16588 3763
5294 5980
3212 3587
4444 17818
12642 16623
18920 13274
11549 18687
16465 9409
18962 7426
2331 8311
461 16093
13915 5360
9428 14116
11845 1362
10880 16850
12220 6262
9522 5448
14388 15088
12968 12217
3855 12539
17360 15350
15592 18595
15625 11824
427 19323
4840 10217
14122 6250
19482 13584
10806 7027
17585 19438
5115 5529
19495 19783
7050 13733
11126 10264
18160 16025
19180 15225
578 13671
270 5189
9859 13404
6719 1034
9523 1887
404 1480
2321 12313
14332 154
2407 12001
11025 11191
11272 6454
6585 16153
387 7407
9958 6791
13947 4281
7488 11812
3732 19920
4405 12705
777 6034
13034 9152
9974 5382
16506 18721
10547 2421
1821 2214
655 19452
4567 19590
6700 4919
9481 1915
2569 993
11170 16333
9462 7949
18994 2220
9979 8549
3916 18465
5171 4983
11565 2032
17594 5716
12509 11724
12726 3449
15459 10913
14249 290
3603 14009
6653 13940
520 16612
4650 131
15946 18165
8066 10130
17243 8996
14132 15812
3479 3774
17983 14840
3906 5681
2670 14515
3199 17423
13808 8308
379 18026
9979 6461
5066 10158
14991 11120
8016 1047
2448 10204
6894 18323
1912 4252
1103 19
1956 1803
6756 10782
14217 3884
12709 13295
4585 9472
10159 8320
6730 9207
17670 13820
9220 6453
10407 8560
8995 1032
9450 1845
18411 8136
8723 354
1911 8418
15042 10015
14796 15716
742 13891
9632 9332
11853 13270
16741 6807
14698 11188
11445 7868
15439 16186
2512 3297
15528 15807
11884 13531
3932 9676
15105 17329
17133 5759
6462 4847
471 13213
5233 12136
17886 9158
6636 2006
4088 16790
1341 8288
5712 10306
12038 8538
6456 7996
1229 11707
18443 7656
2467 15510
19931 6015
2748 3993
2379 1866
5459 19768
5223 13455
2694 9479
13156 4615
11795 12756
8785 18649
17615 19401
2727 17979
14111 19931
473 19637
6462 12953
19710 4695
6599 4149
17459 18372
11379 16348
2556 7016
2388 16548
14242 2433
2375 16493
5078 9619
9091 7198
10422 12942
11101 10350
3618 1592
3240 15008
14518 15717
17262 8206
8603 11501
8941 10248
10979 11436
8162 12445
2677 2843
16008 9347
3457 9264
13207 10077
5701 11723
12308 10793
10310 11712
18166 16568
15095 857
17303 7534
19359 15201
13956 5155
16399 16834
2165 13344
10581 15554
10530 14682
2579 8169
9106 13965
3992 13485
15603 18292
11418 14397
15241 12362
9575 7878
3548 11661
18547 18024
654 15493
11369 5202
16182 13093
19061 3155
3652 5366
4365 295
6379 1084
8631 12597
6272 15013
14242 7817
742 4902
16396 5961
6844 8016
3232 6362
13258 5318
8882 3326
4973 11667
13346 3531
15285 604
9067 8475
2503 13062
19491 10624
14767 7931
7469 13827
12696 6400
16482 10521
11632 18107
12729 10595
11613 15707
2828 3425
5273 12188
11752 14996
17878 14937
14094 11922
6769 4170
18513 2477
14767 1159
17968 1869
6165 7000
14493 5916
1279 8658
15149 10433
715 17077
19680 4261
12831 19498
9455 7662
12605 14906
15971 4963
6702 16678
10558 8960
2354 10795
3916 12977
13062 15043
6112 6747
8509 8349
13612 1235
2190 10652
15857 18214
8227 8002
14242 6553
10104 3055
8437 16256
19858 10929
11532 11860
17878 11739
111 6212
19181 17171
18259 2314
7938 6075
7463 16798
5188 10406
12884 15840
13572 3066
168 17731
2313 3907
418 14689
12533 5000
1282 2779
6155 5218
14507 12849
778 704
10734 13068
9148 9214
12985 13399
5307 19631
5929 8738
3019 16396
10763 13109
13862 8186
4538 4911
15909 4571
15110 11740
18639 12718
2485 16352
5642 6711
5216 17372
2733 7770
6628 2356
11116 14724
12737 2885
16385 102
6151 12091
14701 9682
6037 12805
9997 558
988 10051
1993 1748
16290 95
16373 14350
5432 12706
5368 18369
1385 7520
4988 17685
18244 3832
2524 19906
5487 2450
12747 4655
2660 1464
16313 14928
19152 5570
1791 6549
16399 19724
17516 204
9782 7782
723 5355
14966 13968
7158 8974
17559 5650
13890 8530
12279 7870
1705 16864
19885 8754
16269 1658
19586 14441
8456 19448
5171 14725
8157 2578
3179 16291
5611 16734
14983 19441
11648 17943
8362 1487
7535 7319
15889 1878
8035 4161
18268 16313
8093 15939
12087 8205
8485 4213
10383 5756
6304 2316
1890 13691
17937 15601
1645 13830
5540 2098
12395 13959
7673 13042
14844 11870
13461 14231
16381 8978
2112 18197
15193 17721
9862 1917
4473 15437
8038 11360
8239 44
13028 3212
18208 12429
9999 8070
19317 11599
1937 4087
4685 5073
18241 18675
19056 8406
9773 17183
7328 5875
12325 17591
16887 19033
17752 16289
7985 15100
5553 12753
16157 1876
12165 12840
4391 7463
1620 854
17486 4337
16836 8454
17951 16607
9451 17264
6741 3145
11875 8971
7652 2402
11761 9524
17998 2923
18993 13816
11117 5286
980 13725
19985 9256
6310 5703
19777 16146
10868 18838
89 8690
18647 6718
4518 5868
5847 7967
8460 19481
11695 11777
14683 2240
13643 4837
1553 10322
8389 12545
19445 10140
4872 15870
4640 9429
1951 9138
12836 16738
13028 6031
19109 9846
4031 808
15078 9888
12653 10348
1035 18354
4049 10265
1312 8939
12728 10234
18458 15343
4159 7222
739 1080
13335 14953
267 17155
17096 909
443 6902
14583 14993
1001 16488
5103 14320
6874 2802
5121 8267
17529 5383
13645 18824
6510 10559
17020 17521
13005 1977
4889 11539
6381 6884
10330 10333
9265 10873
3703 7659
4036 7844
5952 18427
16355 18092
15192 11593
18257 17005
102 14925
6934 18743
17615 425
842 3667
2731 11789
16220 15963
9080 11634
2374 8880
14291 10950
17902 12692
14077 3469
10596 5908
145 7875
3028 9
200 17610
19344 9225
3674 8060
8672 16432
6456 12461
8612 18535
2094 6088
75 6508
4704 14948
13049 7210
3221 19985
19926 1379
4648 5217
9289 5981
17516 15351
8101 13979
12215 4038
14392 10305
18302 3634
18784 12209
5628 3490
8748 19529
9575 13916
12063 12693
9891 11555
5765 1726
4999 8800
13076 6367
19998 1030
11859 8895
8032 87
2452 9275
8431 5211
10134 3171
4757 7125
1457 13839
18583 13980
1629 8572
19835 17598
13385 17835
2740 3369
4350 13977
12959 14797
12987 6582
18329 14666
5810 3366
1799 3984
10974 1064
6996 19694
15730 2898
12121 6645
12217 13661
13337 4674
1091 2921
9161 16792
6569 10223
2762 12358
1800 4621
9607 4924
2900 8491
18415 6995
3132 3259
17184 9459
18260 16558
2008 4017
6213 11738
13536 15882
6791 19422
4072 17696
17472 10979
2215 12530
4327 9959
13259 3558
4009 13770
18858 17128
11634 88
10210 18576
17897 16527
7062 18985
7582 1779
4589 14117
2306 17029
8036 10456
518 16966
45 18249
9981 3977
3564 13233
3993 11455
19958 17855
17177 7044
6604 4975
6444 16180
2434 9240
192 4111
1445 8166
6026 8131
17160 19951
5558 14431
954 4610
10551 10220
1711 7976
2005 16308
4968 4095
2072 745
6753 13663
7654 8357
9265 5975
12165 2569
18906 10592
12118 3082
2395 13352
9683 2290
5571 3865
13382 33
4435 2425
14096 8246
17734 18141
8592 11017
4236 12788
5610 8099
9833 15077
6291 6356
10553 13501
14869 11780
8609 11551
8626 19909
15534 5944
8016 6754
257 3474
10281 1115
19061 5147
13892 19188
1844 417
7938 12293
19619 6758
751 19853
640 2846
1571 11802
18932 16484
19253 15338
11611 18385
14816 13052
14296 3521
14033 16486
8679 16511
7025 3789
12363 319
15101 14197
6920 16635
6624 7755
12368 15308
15624 17296
7856 7260
12229 9920
17354 13890
16559 5183
2554 14900
6175 3179
17459 10212
10162 6517
12557 14412
3724 4434
7482 10663
19924 7547
14229 16022
5810 17178
7604 9316
19191 12186
6614 16947
19382 19941
7164 5213
2675 1383
15210 684
12598 6384
7654 19893
2485 12127
14294 6458
11423 2948
12988 585
18453 7622
2576 8870
19730 1319
10550 3332
12491 3868
5066 12579
8704 4588
19205 2957
742 946
14263 7417
14832 10163
18822 13216
14274 10307
18288 12992
9841 18314
8999 14787
8700 9655
12585 5710
8839 5258
6496 11049
18160 16170
14703 12010
9570 16523
3290 3193
2785 14630
17254 5824
2192 18381
15378 5278
17405 1626
16386 13851
6118 7880
5935 10909
536 5059
19399 19988
2622 11371
10337 16858
117 12665
6412 19024
17563 7464
14014 3775
8500 15768
15424 1708
7374 12385
19906 15272
19075 11464
5316 13396
14043 3852
7389 15988
12806 5645
2753 10768
14033 931
13873 4614
18177 667
19744 15192
13236 19903
6068 3213
17094 16479
6345 5112
11606 15752
8260 11121
15044 4596
6155 5390
17233 5796
10914 3275
4152 11876
13350 314
14465 8674
8087 12843
12088 527
9478 17589
10588 2512
15666 18871
8348 15425
13702 19775
11773 11493
13509 5195
2388 17035
14263 10875
11459 11783
13509 4682
14804 18108
4210 3601
5131 13814
1793 18037
14085 9677
2916 9707
5114 19239
2862 11540
2980 4717
364 3541
14384 15122
9681 19977
16246 10584
17186 17242
8061 10806
9773 19508
19898 12889
9294 6156
13758 471
6204 2680
16221 7948
1767 16696
8292 8008
1898 11432
12989 14064
10553 15006
3946 3430
14449 11092
6420 4081
5671 5130
18827 3487
4009 11143
13840 6022
15276 13899
15440 908
18958 17951
18627 11592
18228 3493
8007 17927
9031 4132
1903 10746
5437 15098
4705 9542
12446 17332
15156 4221
13710 6370
8624 6403
5117 8785
15039 9056
12700 18309
11417 10312
13743 1553
18561 16746
10255 4180
9501 15822
10227 2132
2131 5708
10660 17217
16016 248
11421 12489
19652 938
9175 5913
18009 11147
12030 19360
14627 16210
18284 17859
959 17278
11430 12442
7958 17948
16024 16880
3585 18449
18113 347
18113 4738
2541 4868
4528 15456
18466 5776
15321 14969
12563 13480
13919 7201
16836 5602
9328 3142
9691 4609
5390 18237
12162 4672
767 15671
15465 4524
16110 9987
16004 18957
17684 8736
14503 971
17688 5140
3435 7443
11658 10607
15442 3682
16824 10816
9364 15142
6732 2162
1252 10470
18210 8378
1954 19867
6698 9572
7981 18830
12988 11294
3295 4285
7600 14176
6207 1134
14722 19272
994 4078
7635 11198
14953 5281
5796 18009
19710 13819
5225 14954
18897 7992
15167 15902
13612 7900
13486 16982
4357 4726
5569 7989
4492 9922
5079 694
14379 1654
2080 19029
15431 15433
1135 11024
578 5321
10505 13843
14655 17316
16009 3978
3630 10606
9043 17323
10805 4842
3390 8826
11066 13660
14960 8061
5147 12286
9473 6039
15104 13021
5522 8795
19064 18042
693 19194
16262 10694
17104 14629
13217 179
2367 1330
9857 3073
7937 11925
91 13294
101 18893
596 14786
5577 13287
8483 19030
5788 18338
7476 253
17439 4929
10069 11941
353 19933
2993 18421
14930 16154
5413 15523
6593 13314
15817 8323
15010 2463
1081 3553
19672 8122
19290 3516
7296 10524
15665 5098
17705 16271
9556 961
17287 1493
12110 13678
7247 11883
12038 14613
4908 18631
15668 4043
19626 16402
16662 16205
15863 19118
19911 1685
13304 12102
13506 15564
4468 3312
11833 14696
16205 18216
19291 15310
17848 11673
1828 7431
3921 4927
2706 3161
9433 19521
18182 6285
18747 18735
4430 11605
16732 17052
2665 12699
4659 13362
7325 6855
11355 10311
18376 12536
13212 3862
9958 10880
7604 15405
12834 6886
907 13966
8373 1635
5741 1998
10269 8988
10988 709
15043 4101
1629 14582
13748 5838
13364 2506
2475 18726
17002 11020
11351 15770
1770 17220
9383 15609
18602 18375
3186 5842
17072 16077
17262 13858
14999 3304
16311 18115
15885 10946
4287 18626
12698 11492
12884 7022
8986 3765
8092 17606
7330 1659
14213 4249
14819 6366
14261 15769
19334 7955
14496 17392
10547 4461
4219 13606
2304 10423
791 16561
8323 2457
18391 14168
7196 11638
13236 4395
3579 11380
1301 8036
14752 11556
5419 14182
13824 13517
13722 9311
16461 730
5024 1005
15898 18330
19245 7369
4182 18396
19258 17753
19319 13689
1763 2784
18453 6066
10545 15371
16478 18572
10790 18671
18525 257
19563 4895
16650 12149
5462 13108
10203 17336
16741 11382
8350 17805
2013 9197
6839 19205
14085 19400
19129 2807
11539 3308
18483 10553
6791 13412
7180 13089
6702 2208
14877 5928
6659 6548
9268 2169
980 14965
16001 9818
168 5365
8298 157
12609 14763
4869 3568
6783 14447
9086 9590
2503 14154
17232 5236
3429 9416
19627 19927
2195 16029
2535 15834
6564 6327
14727 4110
12584 14920
9691 18498
3714 2598
13215 702
11393 9772
7654 2671
130 4291
17158 8797
1607 13607
5716 14903
18339 16055
3274 15559
3077 17047
1317 15353
9547 9102
17814 11618
11890 4780
10358 8772
19324 6598
4328 18339
17318 11075
13950 14003
4967 9022
3593 16566
7911 9370
13766 1755
11382 788
11860 10472
19559 3433
6462 11523
10920 9140
7852 18101
7858 16254
3160 9458
17879 8755
16791 2697
18332 3934
14591 14540
9187 2817
5193 11849
12655 11954
5732 16702
3973 11085
5393 2667
14407 8879
7533 18633
18189 10482
10188 18950
1289 18792
9482 9145
9261 7663
19597 15685
11200 11995
3225 15824
12653 13167
8396 15335
7412 6604
8388 4557
7127 56
5332 10239
701 4450
3156 10110
19953 5644
1062 10824
4718 10489
16911 12901
16716 7416
14286 13655
10539 700
9152 13245
18205 4519
10589 8427
13337 7987
15027 15599
12839 2756
10936 6793
10354 6347
1268 17751
5647 13229
14590 699
17254 421
7041 5965
16104 12012
8915 15674
6362 8356
14300 664
4812 7999
11353 9393
13353 11959
18552 3203
19547 16851
14727 15984
12105 9825
1024 12262
5644 18437
3156 14510
7758 4735
12362 13706
17609 10502
7022 15375
7002 6921
18118 11838
5533 10480
2707 17303
7629 1491
99 17317
9080 1400
6056 1762
5362 10670
11365 12194
7620 19674
1622 12543
17766 19204
12535 18047
7048 19683
1269 9054
3516 870
17583 4534
5190 14189
14571 15571
18040 11015
18435 1195
7159 7082
959 8199
16775 5434
6726 12862
9300 8980
15751 18416
1331 7853
9595 4094
6062 17199
4037 3635
16987 14147
10224 18035
4343 18479
5171 13712
7939 6915
66 7029
2427 1093
3291 9703
11745 14066
16687 15228
19927 5485
19885 7716
19231 11293
10065 13895
13996 16712
7695 12050
6392 14181
18183 8339
14307 14750
14931 15608
5108 11747
2430 17727
7390 15932
10291 19152
7848 5999
10756 18814
3941 17237
1534 9656
10276 19486
13851 2461
10799 9155
14895 5769
14343 18031
9672 7788
13287 232
19151 17395
12728 9909
6892 11655
13506 11720
14901 17538
5066 2550
19985 8281
19291 19887
4451 14881
191 11902
9361 3555
18048 4581
18497 8685
11109 10845
2391 15126
6629 9087
11055 14403
14008 10884
8759 9518
15549 14443
6821 14902
16837 14022
3276 16727
10092 17947
9978 12967
99 8098
68 5400
15368 5783
13020 17434
3880 555
8304 4204
3329 9395
13231 19945
9506 17784
4369 13323
10435 1873
11146 16449
8233 8713
14806 16382
5602 13117
16262 19651
8216 7521
6628 17695
17243 18839
9080 14467
4292 19987
4944 12153
8036 13266
6745 4499
15844 2744
15860 7727
18038 12490
7579 9615
11418 8420
17448 19609
2162 11958
6825 4346
2070 5641
17872 4877
12437 9898
12743 802
16621 17382
11285 6888
7758 4848
296 4566
7711 5853
17849 10744
3634 14555
11576 15386
5640 17846
14036 12384
1326 7002
10724 8929
15439 17221
7330 648
3277 3569
17690 5634
17403 3960
19619 3192
16473 2865
2244 11525
15888 3067
6930 192
2636 17174
13349 14888
4199 17069
11913 10695
13951 9446
6870 4174
13274 11403
17624 11848
14586 2892
5932 13941
9764 15195
13152 16076
4977 12560
11888 15522
12110 6637
15602 10641
7207 271
8164 11253
8339 6731
12838 15679
14499 18019
13039 11227
14785 2305
5250 14770
16716 13817
6955 16637
4731 9739
1132 14232
19894 10500
2439 18886
11183 15190
13785 9082
8801 13794
14684 2431
9042 9099
13789 15273
3555 433
5066 2283
15703 12148
17052 4858
13270 2077
10913 8077
18654 177
10776 488
19527 8804
10530 6252
9683 9873
13681 7644
5913 2980
7131 8314
11687 19027
19968 15296
19237 14505
12057 270
7099 811
5904 4820
19357 17520
16881 2695
14643 6629
8238 17250
15042 11703
18216 2979
10351 576
3305 13836
17685 2423
10585 6148
10551 17268
8020 16750
16620 54
14375 14049
3772 18776
2257 5328
7433 5240
1252 19700
10089 13443
19238 1704
14519 17663
17751 18247
19199 11129
16544 8300
5915 19485
7986 15279
12087 7145
2961 7253
3615 6946
12166 12428
13456 404
17464 8412
10366 15730
16193 4076
1955 16452
9395 10474
10211 10407
13691 17259
11625 5566
17048 9820
771 5178
5825 3080
12872 16715
18303 5119
4187 4971
4690 18900
10782 6882
8885 4711
6253 19166
19509 7650
19791 7098
17752 16630
14132 4745
1561 43
193 9750
2399 12732
6765 15130
11099 610
5150 10867
19056 991
14132 1861
4481 18124
311 16192
1402 11729
2042 16390
1035 1457
19115 4371
1626 15232
10950 13221
10185 13551
11733 7200
8292 8598
16795 16121
3796 14981
17006 13775
4719 2497
613 12949
5080 19002
14235 12147
13178 4653
8043 12631
12177 14678
14895 13805
8701 14277
6449 10567
3956 1253
13851 6348
9547 14695
5367 7763
7987 10354
6062 9346
4740 2559
17975 9006
17447 7340
3976 4772
7207 17935
4106 2702
7277 11411
17209 7651
3922 11164
11910 7925
4800 12813
12009 16884
10235 1695
1580 3946
19432 1417
15655 2747
13407 1327
3946 4393
15864 4883
2596 2577
14853 835
12987 1172
11530 7807
16914 10281
4493 158
6115 7688
16514 10859
394 19294
7790 15216
17416 1183
6288 12044
12352 5215
11620 19344
1720 19403
11552 16293
4848 17572
9791 10590
3626 17952
3770 1665
330 10839
1982 1023
13675 5591
11787 16362
2487 11855
3316 17844
11613 5587
8742 15994
10723 8125
5097 2925
16266 18053
19253 16743
19068 13509
4950 960
16291 3285
13179 9301
152 8203
8785 18532
17408 5899
4036 8017
18157 8860
1103 2649
12798 2919
15498 9457
17746 17932
6894 5171
13427 5124
949 6503
14838 15923
17551 17049
16444 13411
10723 4435
16211 6586
10655 2645
5462 10900
14103 19636
12242 18190
15051 997
4112 16427
19773 9221
3074 1090
7294 14891
5610 2160
596 9125
11471 4467
18825 7901
18616 2752
18649 2835
8206 16021
16668 6112
12864 2510
7900 1642
13562 5354
10187 19692
10700 11982
13271 10396
14181 12337
12613 7225
4336 4064
4220 6992
16410 225
3946 17740
3171 10262
4144 4593
15381 7851
158 4309
11703 15556
14938 12890
17460 10883
14995 19561
2393 4576
4224 9083
18320 3544
4219 12332
7788 11836
10768 17801
12316 5159
17942 8095
1729 4438
14586 15463
19586 3377
3253 13650
11599 8332
8451 984
10255 7415
2019 19088
5570 19693
9080 14307
18128 13764
15423 14975
1842 8121
9458 5646
19400 6399
6019 17141
6053 8175
5392 12731
10466 5807
4141 15987
12867 14170
18947 19340
3053 17340
8905 10014
9209 7052
3266 5651
9508 10549
19945 1897
14610 19599
11908 1518
10056 6150
16723 8907
7077 112
7690 966
4120 6474
9544 12015
12387 4037
15971 9271
19752 16068
12539 10401
6350 3147
11490 2140
1975 15113
19068 792
16381 10460
13797 8767
17914 13552
11649 16974
12971 14687
16336 8898
15000 7601
6165 7643
17068 10733
17290 11684
552 13328
9853 10697
4877 17782
3215 12663
19671 10128
4087 13482
16399 16999
3380 1765
7585 7272
12611 9388
4625 4940
6919 1497
16461 3891
6358 14825
12779 15138
11903 10937
2249 8523
3073 16925
8621 6164
16246 12040
5161 16806
4922 17031
6412 13105
10611 11204
15351 10752
13104 15038
333 7924
13791 4831
12864 10714
8430 19844
8303 8107
7397 1405
7477 11463
5038 9895
7507 1565
5499 7485
2503 2703
4796 11148
8347 6485
3953 11206
4503 7972
6368 11104
10464 18952
11795 638
13952 17418
12973 14590
11415 8889
4351 6471
13451 17637
1132 14030
19835 15136
9158 7980
18484 332
5838 14055
1937 18673
14389 4945
2934 9496
12706 13929
18817 15173
15023 17641
3156 14395
15264 5877
19933 10029
17360 19351
4297 6509
5972 15816
19064 17360
12399 6578
1359 8140
7914 11252
18554 10119
19205 14720
13915 4178
17835 7615
16971 15791
2468 8740
9856 7873
13275 11139
4101 1053
10258 5713
13259 19304
14384 19580
241 654
12142 4630
14029 6139
3959 8024
2781 12556
8112 13658
12729 10581
15727 2867
11001 18432
10627 4981
17321 12700
13898 5121
12973 6115
7217 6487
3670 6848
17250 12685
15086 16374
14152 3245
9963 17811
10000 1889
18817 477
19830 1599
14305 18179
336 3917
15921 6801
4047 16584
9396 1221
10613 10837
2228 7767
11481 2274
5752 18940
2497 6001
1861 7997
9594 92
14831 5798
4537 15765
18285 14149
7267 16002
9947 9315
8685 13147
3379 9532
12110 10062
19633 13315
2013 14567
1268 10511
2309 16084
9456 18236
3304 10831
9865 17445
18791 4236
15049 441
3373 3440
13601 8146
7391 9649
4596 1981
16459 718
4661 7118
10832 19347
3594 5200
2505 14916
4806 4251
19754 13263
17599 12594
13329 10431
4301 4714
7805 12396
1383 6812
5593 7392
938 15474
8612 8389
18403 14321
14158 13365
18438 6189
11963 9076
13532 19099
8696 15857
17596 16988
6257 424
19522 16491
15340 11841
6954 19742
10433 13612
8524 18460
10660 15666
2639 1279
4590 19051
18376 1549
3186 18098
13111 15971
4762 6538
5513 13355
7646 13779
5952 618
16296 9002
4872 17131
353 8174
15345 11758
10560 10781
14047 14205
10024 1260
19501 12674
823 4098
19613 18909
18458 19681
9205 9154
552 17261
8258 116
3192 7113
13371 18196
6671 18507
19712 15970
17386 10671
774 6186
14467 3523
4445 7292
19174 12891
8441 16028
9947 1964
16751 17526
424 15718
16735 8102
111 17524
14168 1808
1232 5087
6635 5582
12494 13887
10625 13366
5255 16886
3926 18433
7753 12715
8400 632
17788 3906
1349 2484
15280 7576
7703 3298
19773 12842
36 17358
12627 14400
6735 19546
11107 9914
2025 15261
1254 15332
3248 12755
5114 11778
165 3374
16878 17230
5867 5519
4533 4217
17779 17916
7159 1088
15239 1619
12231 10278
10033 2803
14286 19249
14986 2640
9455 19789
10232 3528
17993 873
18666 4991
17238 8191
9234 11333
8789 6078
3842 196
12566 16499
9782 2056
19439 10813
12241 15250
6873 16213
12366 16081
8634 3791
17002 9128
17730 5595
6074 12280
3199 4779
16111 6877
8025 2320
6552 4512
4406 5418
18182 13912
3192 17903
7103 12446
7952 15728
174 10574
19304 18973
12238 18072
6683 2104
11927 6314
3876 8460
6019 13214
6337 365
2235 6423
14276 8392
3304 2042
7390 816
19699 5811
8269 4191
5195 5405
3087 13697
15235 11988
3560 16699
3941 4871
9166 8108
9109 6010
6802 2555
17597 308
1006 8373
14307 10560
11107 8440
7091 11103
5390 4474
19156 9938
12370 15798
18247 8105
11172 10801
13630 11928
1796 11953
9945 9671
6930 11560
6632 19192
9091 15233
14769 11087
17440 13837
9161 2388
11201 17766
11104 18261
19068 9597
12392 7864
9898 1739
4411 2493
4950 18561
14238 16353
13791 8801
8616 5406
16327 1336
18879 15563
4489 2359
17243 3836
10040 17861
10795 15512
10258 6344
8224 12005
18403 17439
11945 16857
16111 18183
5872 4283
11938 18052
14146 15391
19065 6451
10631 4985
9730 6752
6257 3294
15837 6569
6833 1596
19451 15741
9102 19010
11533 8931
18696 7083
10629 15593
16584 11327
9258 17353
653 6063
16369 6386
19501 4462
13587 5567
19967 10505
14132 12854
16434 11271
11736 16070
17111 13082
17739 17436
1883 19999
17243 14184
863 18105
6877 9261
15395 14814
13710 9471
19283 11798
5889 11201
1326 18367
766 10261
16914 11894
5198 7295
6682 14225
8414 19005
12935 12989
18417 11785
15996 11437
7741 6134
11175 10625
2440 6294
16470 13426
15367 4531
11103 7769
6786 11854
15998 11439
17797 17112
8677 6691
2181 1711
2973 7093
7949 19503
5621 9596
981 17046
9280 6511
15576 9394
4994 15719
19552 19781
9371 18411
2270 10965
7130 10947
5390 17723
1006 9607
10330 5732
7249 17443
1326 6562
19777 3498
1328 18801
5013 1535
16871 19414
7342 18158
340 18881
18121 1836
12298 4562
4688 567
2482 7635
14827 10201
19756 13403
6877 17517
18167 7526
13352 19581
14025 14901
5557 10529
17239 13262
2049 15187
3442 7480
19385 18149
6170 17139
18633 3724
1268 18398
10201 842
12356 887
2526 17734
16741 12740
18180 17575
5014 8244
5437 3370
8174 15868
9706 4569
4385 19544
4224 10541
2636 16996
36 1907
12830 8835
14306 17367
18980 15669
10149 16929
10464 4476
3077 1307
3108 10090
15926 12934
12422 18786
5208 17722
5956 16545
10075 627
1610 1922
8481 7729
5932 1020
10917 14410
17995 11917
2412 10341
1070 12518
14562 15432
13313 12016
14375 18826
17121 1186
18302 1620
13226 11603
19715 8852
4083 8679
4440 8228
16142 10219
6801 19612
10363 2816
12992 1440
17296 11270
15367 11036
11721 6106
9390 19111
18473 7691
18238 3236
9051 15989
14480 11154
16536 4295
15941 1484
6073 14910
3156 13226
16205 11235
14215 16717
19324 10111
14756 321
8826 4036
17271 7242
10938 132
6019 14279
739 4313
2018 11748
12587 2051
12236 7250
15707 16139
88 16221
13986 8
2104 2587
14633 18509
17557 3382
6421 8274
1793 12829
6967 14105
3232 3602
2184 15525
5235 9150
6633 18071
474 2081
6896 18300
2874 7300
7535 292
6496 19128
9837 12691
4562 1570
12819 15653
10734 6306
14274 17064
7436 6213
1570 9553
10154 12354
9404 5672
9826 14371
18336 16135
2809 15577
16637 13676
8419 14565
15094 15185
1151 4164
2556 2414
1117 6493
6569 6293
12513 16680
324 17875
1027 14539
13288 6081
420 8330
12217 11857
12311 5102
2349 7947
1406 9742
17879 7104
8354 17518
13433 14663
6702 5066
18473 11520
17808 7709
9082 5858
3959 4667
2278 14812
4338 13446
6293 17148
400 18729
6000 3488
6121 6426
628 14530
18232 11063
1634 2167
8480 12580
9323 17427
19112 15109
971 17464
2179 10857
2656 15458
2607 18410
14687 19173
14903 12053
17752 13835
17002 17961
4805 5800
5233 4796
13455 4269
2813 15943
6123 6999
4474 19258
1 16741
6009 14466
14402 963
9114 12733
17570 8727
9934 1369
16963 4117
9056 4905
14481 5558
4018 16355
11247 6980
15371 19727
1744 15591
6167 438
1907 18131
15860 16324
1048 16589
17624 13601
18160 12425
5195 16250
3932 2609
12600 13386
18431 16053
6867 19200
2156 4147
18211 6592
15168 19673
18098 10836
3186 2607
14830 534
14953 10127
19069 16823
16267 12168
2893 14791
4697 4383
10662 16298
4869 1647
5132 14586
18483 1095
3332 17213
6400 1927
6235 13028
3941 14415
1941 18972
8696 5817
9841 8085
11516 14396
11422 8252
17689 3047
7116 1920
13847 13993
15551 19248
1958 5452
12334 10055
14001 18241
7113 6905
3358 570
4569 14175
17362 9934
16350 4707
8928 18504
8086 877
14458 13137
4588 8212
18282 14776
11057 15904
11402 6482
14765 18295
3028 2847
8099 518
4925 12095
18610 12506
13916 11764
4210 19262
5724 13937
18877 243
4944 19513
11576 19771
1 4608
13254 7323
5604 6723
4394 502
4862 6307
3595 15993
9519 8818
9339 5067
2636 11537
4531 11478
19028 14793
10734 10555
10668 5621
17111 5523
9395 11007
12985 6000
13586 16675
10368 11374
9132 6947
6561 10996
2396 14771
2657 244
12167 2889
12869 16842
16717 1213
6579 14894
1167 14128
19243 17802
14590 7628
7130 10187
5769 6489
6991 1429
10711 19565
6514 11869
15780 8045
3138 16233
10159 12516
8209 11298
14321 5982
9528 4570
16945 8086
4334 1943
4297 5869
1572 5834
13761 12120
17280 10659
10621 2273
14019 4849
17377 11086
6023 3438
3556 10905
1649 19279
3620 9840
1602 107
19503 19797
6857 17097
5471 14537
6881 7179
14930 1345
13239 1971
167 16336
970 2038
5522 9860
17788 2070
468 7153
4474 18822
12690 7195
19059 1959
12395 15553
11300 8513
6541 15015
1124 13752
9649 3099
17314 2347
12612 7387
6018 9276
9025 2853
17305 8649
13878 15
17374 5198
9727 7413
12876 7509
11121 5277
9232 11806
11386 19983
10398 6364
13306 16227
16880 3009
2185 14073
11455 16780
4435 2148
19247 86
9751 19333
7259 10121
8811 5704
10284 164
10371 15055
16967 10973
7573 11744
6702 11426
3615 15587
1935 9573
4380 495
2495 4541
3366 13488
1091 3637
18199 10000
9873 644
16444 12103
17879 5043
2821 3823
4469 17602
7729 9273
11386 18512
18319 19731
439 8219
16050 4737
3470 4503
13826 15482
18731 18337
19724 246
11175 13050
15107 2813
19174 15445
15305 17479
18288 13785
4536 2561
9717 5580
8524 12254
8682 17718
349 9065
2056 19847
15797 17218
17387 9717
10910 3772
3493 10124
18044 2121
8555 9528
1863 13248
1558 4591
5038 17079
11644 3185
17730 12527
15675 18293
9353 16288
5427 14728
18654 6027
18979 15660
9923 16038
5488 9055
957 19100
11907 14599
11133 813
8672 5947
9097 13818
16668 14384
420 12475
12479 13515
15852 18989
2371 13686
17131 6404
11801 10853
7810 2362
4107 765
17792 9741
12414 2647
10412 8347
5265 10651
18715 10252
9778 8933
103 4257
7068 10919
7096 15394
12348 15441
9395 4192
18435 1542
10990 4134
3573 13187
10209 14875
682 11319
18302 266
18321 16128
1054 18342
6108 413
7023 11257
15559 17928
405 6652
17638 233
13776 7151
9080 12352
6624 8318
10709 3122
9936 12298
13429 9748
19774 4716
13956 4616
17388 3098
1623 1485
10402 12930
1506 17687
8938 7003
6442 14610
10769 12469
12291 15922
13203 13140
15627 19997
7591 6601
18820 9851
11315 5385
1151 13
17995 109
5202 7619
10232 4845
8964 15469
10027 8940
18772 13099
1896 13877
15214 7473
18053 12853
5881 2501
16136 17936
14307 311
1276 2941
2151 19852
16102 9523
17098 14340
19083 18443
5531 2507
5040 2677
10097 18811
10199 11423
14727 19787
6599 13897
14531 7535
12003 15118
933 4090
4845 1636
5493 18921
12075 5289
790 17710
3862 13617
4820 10805
5045 5109
8041 13545
8298 2935
2759 4959
2897 6826
19430 15795
9460 10925
2220 5196
12671 12777
16608 539
7059 18730
5481 17737
19562 19171
12741 1502
17110 12312
13179 13983
5675 5989
12829 4862
5012 18748
5429 15535
10398 19297
12991 6998
2343 5743
15785 6032
5351 1365
18465 571
15535 7271
15943 19300
3641 14133
16373 5057
7826 16404
7423 12145
14602 12811
3972 17775
3486 7854
4421 16572
19444 14671
11669 9794
14505 11026
4502 19721
736 11927
7670 13869
17448 7913
18122 17282
3900 14469
14837 7682
17749 12166
13619 14959
16776 11171
15682 14001
5014 4165
7505 2574
16083 609
16893 2207
1515 6985
571 1632
3667 5401
2878 16428
1118 12301
13962 11640
1188 10749
1263 11708
14092 731
10492 7008
4947 2732
7289 17666
4654 4388
16647 9254
7272 11218
4281 9020
7627 14733
15797 2541
12707 13627
10850 4839
6967 14932
3880 12211
14851 2842
15903 6857
2259 5164
6276 12424
6850 13138
17365 12381
2758 8681
12723 19914
175 19646
12268 6061
14753 7161
16649 16463
14973 3400
13270 7119
6244 4960
1237 5998
12339 7793
3817 8592
6994 14873
8640 3863
10631 9003
7133 393
9726 15567
15823 10428
2033 5814
15696 18302
1781 1584
10602 3350
11115 19963
11400 10563
9212 3321
13360 17673
13520 7983
9010 14619
12260 10308
8009 920
10499 5666
17506 12590
8543 17701
11458 611
14223 11527
6934 18790
7016 512
9251 16990
6293 1395
10503 5767
5289 14827
29 11247
3771 17383
7521 7499
8826 9259
15378 12277
933 13872
6136 12048
7201 4160
13337 4472
3093 18137
19067 11820
13096 11299
15203 75
14570 8487
15426 13493
5857 19986
581 5967
8328 9508
1230 13772
9741 7165
5684 18645
8646 3363
3248 7275
3455 729
18365 8179
14141 15496
7509 2319
11760 10741
12522 2235
3192 2760
9882 97
16851 3231
7234 5168
9550 15575
14341 5467
9742 7425
8086 19023
11531 2130
14358 15117
17890 11760
427 9354
19690 3827
18723 16778
11116 8732
16121 18326
16469 19548
14844 781
9016 13747
13270 14734
11899 13382
1364 18894
11405 6185
107 16588
18659 18357
3200 7180
18281 19949
4159 10359
5249 18663
13939 3788
17829 4700
6536 16556
3456 4342
12766 14819
12729 13276
16036 15916
13040 2730
13751 14259
15277 1825
17046 5221
19971 2527
13576 15411
3077 15045
3280 14180
4684 12903
6267 13128
15797 16492
3794 6790
4819 14444
18232 1211
1289 19823
11696 14574
99 11562
15525 1292
17475 13567
19462 14727
13551 14178
842 6688
10425 6810
10822 11666
7748 19753
8715 16453
5045 17573
3329 16142
14951 15412
5609 11685
17085 9592
4112 9557
13572 2654
17405 19370
5390 3274
12629 13254
5314 8517
18749 7502
13350 5372
15149 1856
8412 16476
1320 1136
9395 11194
9441 10632
8324 13217
12764 12906
2758 5549
2675 4292
8314 5569
16290 17013
11033 15021
3190 19845
8526 7680
618 7187
17913 19015
14724 14492
5043 18350
12232 6933
11282 7979
10660 2521
18139 5170
6731 11262
14806 19470
971 5733
16824 2415
6109 18229
5303 3104
12661 15711
1583 13066
14634 18097
9481 9923
12690 9986
11635 17655
6992 6748
5761 18751
6155 11989
16637 17058
11637 9480
3772 15271
130 5871
7629 3964
1356 15864
10127 14124
18498 6530
4509 19622
2508 9718
12707 1293
12408 12681
5959 844
14043 2328
7085 2791
8482 13846
8530 1871
12810 8780
18891 1471
10570 15705
13862 7548
8617 2841
17022 3016
4615 19292
9254 19969
6944 8522
18706 14424
15971 16482
14566 4604
16825 12951
18819 3166
3034 4001
3399 13388
14043 6964
19078 3011
4104 13995
4976 1466
639 11839
18102 13398
11446 6283
1156 13157
6068 4642
7104 4412
297 15924
16567 6135
18965 1908
2034 17283
15404 4759
16770 15786
2283 17608
17146 6841
16365 13972
14395 1477
19694 19591
790 12734
11390 7982
16395 4800
5978 5223
17517 14839
4709 1604
15328 17860
8489 9610
3600 1121
10988 10570
18391 19491
13719 13626
11215 18783
15417 4287
9586 784
16315 14172
7758 6284
18764 4202
14825 8822
379 19371
1935 16129
19119 8716
407 10133
18451 3522
18038 5332
8343 10045
380 8171
7839 1503
4366 10097
10603 8536
1982 15842
11721 15075
19613 14923
14280 8814
12660 5606
4159 16172
12318 11165
16963 5463
4657 6274
11928 3567
9501 3465
10607 19179
17494 4836
15428 4590
9694 19405
1859 17794
10748 3495
10614 14498
13247 13546
4837 3396
3405 6997
4606 1674
16946 15859
18913 18557
2357 16258
17160 4979
701 19522
12733 16329
3895 13576
1406 3991
14740 13447
15592 5210
9001 10342
18044 4876
5368 690
14816 18997
9227 1230
3268 15645
17308 4854
18229 19337
4944 14822
10474 17972
13707 3879
13686 12738
1455 18555
18920 17104
16480 14104
16369 6627
9150 17862
2242 6936
6450 10717
245 1239
2955 11651
3251 11733
12438 18087
4292 8819
16572 12443
1577 291
14819 19039
11327 17858
17225 2253
16959 14012
13751 2011
3145 7581
3784 1381
10405 3762
5859 16882
14322 13452
2482 133
16933 19263
12133 4799
13812 17958
88 76
2431 7491
1560 18820
19726 1520
4546 8508
2186 14004
1955 1070
6705 9962
15462 13183
15235 7404
18391 19427
11812 9511
8921 18095
5618 7959
822 5350
253 5331
1455 2475
1778 6332
19715 17066
11763 3956
15552 546
19640 11781
18285 8595
872 10190
11013 1377
17442 4196
14306 14496
6291 14251
12406 13765
16980 6880
3237 770
11414 17366
642 15148
5053 4784
5762 14192
1939 9693
18047 4108
16302 8850
17449 3423
2533 19954
15750 11303
8065 9042
11542 13370
2954 3951
599 6003
147 11083
214 10380
10272 14522
942 8124
13388 7167
7878 2486
587 3117
6291 11210
10588 9950
13962 4260
18610 15911
13104 12769
11345 18012
5269 14304
16530 17930
19431 16292
9643 9149
511 3990
11643 4933
14503 19894
13667 11237
11907 12741
3886 15005
11285 6680
17739 17516
7601 18846
1245 15312
19822 11548
17324 7270
4240 3783
15602 11569
19476 9293
7774 3162
14129 19626
9429 7207
12764 11895
19280 15339
9988 11926
13040 4974
13574 9287
4072 17137
14979 10461
13459 10951
9850 13777
18546 8309
17488 17450
11328 15604
14094 9510
15038 17142
15380 15139
18322 16632
25 2184
12667 13015
15841 10784
5939 16391
14307 18477
14773 12268
16678 16057
16450 12537
11945 7385
3305 5114
3983 14658
14215 691
17603 18939
7062 6309
11893 12378
16879 1732
5359 14722
16619 5349
8704 12205
14544 1611
11290 6816
8317 4156
19345 9872
11001 714
19359 3303
10945 9749
3025 17072
16208 15690
11277 16003
17154 12664
9321 15065
18774 3242
11315 6051
16544 14322
15072 9800
19802 19157
9005 5490
6327 19281
12038 5504
12672 15087
9734 3129
9542 16708
17452 8432
12902 7909
6268 10146
3626 16158
19746 1291
6018 12898
3613 7833
4577 5212
5699 16930
18788 15300
11388 11529
17315 10826
12924 13030
8690 5363
11096 9704
3962 5797
8803 4429
18499 17940
7265 2348
8318 19463
14085 18600
3200 4181
13551 13218
3111 14541
11298 4406
7853 10272
14263 9990
15463 16844
4651 14951
16776 13407
11917 11205
5406 16140
15439 12407
17253 7004
15563 1069
5830 1257
7362 15547
5381 14315
8729 1898
10564 1820
19238 8483
7228 18094
11676 4648
9583 16273
9429 18849
3179 4535
3848 17223
311 7096
7499 19850
4752 8942
734 15548
5190 13173
483 17594
14783 18589
3258 3611
13651 16338
18688 4694
18827 4819
19572 18152
13996 10809
18653 4077
16707 9202
2298 7353
9778 19497
5657 6527
19086 12935
11840 12567
2036 2751
6996 19738
9613 19538
7011 9992
4109 1854
1856 6834
4884 14136
19515 2911
6886 19972
5699 3773
1934 12913
16730 17681
17774 2656
2693 17878
17571 6674
5412 15990
14146 537
12887 8715
14926 14581
4765 6473
16914 11797
18110 11285
3353 7483
13040 10917
3114 3352
11603 17981
2448 9654
13179 3217
8742 16242
4642 3621
1392 18558
6155 12110
18356 19905
15328 6535
18109 3333
6364 19025
10772 14562
14632 11354
18189 10368
14269 5275
11486 5274
13152 1317
678 8559
3305 19762
12334 13161
463 13631
15808 12868
15604 5611
3313 17417
13177 13769
7832 2193
3707 5631
6732 8776
6329 4183
2183 16031
3530 7810
17225 9758
8231 5041
16573 8701
587 12325
8387 14566
3916 5844
13606 16456
11890 15878
4955 6709
2804 9465
17953 9612
19145 13178
5305 14100
11022 1930
4053 19879
4096 7309
14514 7572
14493 6437
3075 3477
11640 19085
7436 17406
3689 5187
15902 12002
5070 8435
12363 3995
15797 12905
12231 8783
11260 14228
10621 278
6828 7063
14223 18635
3034 14162
2011 14795
3561 10112
16500 12360
4956 6544
3596 15257
12318 7696
16980 18473
2804 8912
18974 18867
8024 2392
7646 15884
18382 19744
11625 939
1480 16209
18900 13002
7025 11776
3632 5419
18928 16768
16860 17938
18091 12931
4952 9263
19552 3947
18511 970
9715 11536
11354 6715
5324 16276
10041 10093
18784 181
6468 17742
3186 2736
3147 13910
6165 18659
8426 15545
9963 6574
15386 9956
1776 16841
2548 7558
16125 8539
19083 9850
4804 6413
12844 839
11209 1884
3975 15163
7360 6703
1409 19880
13217 10723
1786 7730
111 2448
7655 8760
8459 16393
7802 12480
19792 9639
15339 14166
1911 8458
4208 6401
6787 11226
15479 7183
15020 10681
12003 17574
19760 1094
10868 7665
7945 13597
6859 13164
9764 10709
11277 19825
6756 5285
15381 17868
6880 1813
13053 4967
9236 11861
694 10526
2130 5940
631 16078
2201 3776
5142 16
10406 9130
19476 9398
13712 9244
4812 15889
17221 2228
3789 4159
6976 5270
16584 16668
18131 7633
10359 19514
8805 12957
12088 15289
13114 1424
2071 11200
16205 2556
16776 8885
10338 7836
524 15506
14777 14896
3296 10175
12183 4056
3937 1358
5198 7313
15254 2333
6769 15443
16038 7607
16967 11875
5569 2197
19768 15624
14719 2581
5183 15051
6156 223
19511 3613
14259 7367
7548 18780
16657 18081
12809 4293
11620 3189
13255 9970
17596 1851
2031 17865
1515 1489
8294 13088
17046 16562
1093 6623
2100 11550
5647 10727
13164 14547
895 1640
18711 12963
5970 12208
16205 6523
17563 16010
18134 9892
3463 1054
17274 14675
16225 3407
7841 5832
6802 7717
7427 5004
7426 2350
5097 8104
10694 2618
4467 18942
17685 16706
13833 16106
8134 2321
476 13849
9299 4953
8080 13602
2673 14691
7848 5493
7011 11466
14342 18578
3472 14241
1898 17790
5294 16671
9707 13300
13595 5353
4249 19268
10413 2021
5971 15721
18308 11110
14194 659
15211 17017
10663 1550
13946 1294
11715 734
13080 2078
8575 6632
16499 1401
4910 419
6867 18520
5772 11486
4049 12641
2324 335
18310 2124
17177 19769
17887 15119
16087 7192
2425 13880
8940 11912
1252 4865
5831 4128
5605 11207
9632 16302
15107 10409
5423 15069
3158 7325
16904 15745
11462 5665
13023 18407
7879 8363
17428 13336
18263 2129
9819 3511
3653 14389
6675 1140
16740 5334
13176 6699
14911 19910
9038 32
3097 4946
15354 17789
14063 3709
19342 15895
8672 652
19894 3198
4881 787
13335 16684
18154 3815
771 3208
17340 18307
3993 15099
12976 14884
15313 17752
19389 2166
19034 11011
19159 15668
1400 19068
9944 6395
16353 2440
6169 18763
16670 2721
37 15849
15014 18270
3564 16652
11195 8182
7763 15757
14757 6073
3628 4065
13838 14039
9004 8928
5251 10255
18555 7092
3802 12922
14894 15691
1082 17211
2732 3497
11656 10554
15149 14261
6756 1597
6553 5487
12696 3277
18933 15576
14631 6261
7535 16015
1229 9037
4771 7190
19065 16622
100 4233
12650 7130
10561 13391
13376 6288
10954 18206
707 5481
3475 15858
12600 4398
4966 11716
2618 10297
6257 12004
6061 9484
19734 3443
9351 7318
16478 3881
12037 15149
4258 2318
18216 370
17471 16218
19083 7832
1885 14781
17232 14721
10564 16446
91 5017
5318 7855
3568 13568
18126 16455
15134 9283
9509 13906
14263 9887
8265 4502
3446 11441
7427 16809
5617 11074
7410 14661
7321 5685
14259 15957
6804 13220
1830 18987
16378 7920
4462 9348
15887 16255
1706 3018
9626 2748
9574 8911
17675 14472
8785 11157
2027 16649
15389 3976
2225 14601
5190 7971
916 8782
17647 15421
10551 5368
11674 6672
13677 5308
6272 18511
8720 10226
8134 4926
17225 7048
10659 6394
13529 1617
2182 3287
9621 17276
1865 19670
5754 2303
2023 1225
18555 1066
13153 15477
1591 7977
17597 19994
16538 16147
12606 12682
816 10992
6569 13670
14251 13202
12348 19343
6386 6137
12421 9650
17497 105
6915 381
14085 6744
1093 5257
16201 13920
4366 17622
15270 636
10269 3703
3166 3616
16759 6071
9873 4378
613 1062
17928 19335
5121 5225
4465 1581
18214 1811
5417 1677
6569 13432
10166 4878
9053 10495
17559 6447
8790 12812
8734 9308
5179 10034
4656 4494
8949 12570
2262 13961
18411 12772
8147 6357
9862 3146
19200 17076
11934 15175
1803 17325
12190 15066
13255 5228
19560 5268
8693 12472
5042 8000
4831 5932
8318 560
5200 15684
1184 12029
3497 16016
7505 5857
16342 13662
8358 3733
15903 18833
7655 2664
15123 2863
6726 8983
17695 3647
19752 10468
13150 6170
1729 15266
6991 13753
15449 5579
10438 12383
18039 19276
15421 7895
4091 10227
14410 9355
14813 3857
12075 2900
1340 8117
18069 10916
5390 16582
14860 14922
16704 11160
14930 2335
8454 16573
11272 4348
5580 3714
103 19359
8099 8064
5577 6346
19995 470
18814 16406
10699 12027
8524 8745
1576 18334
4689 14542
3160 8051
14132 4259
7159 3886
707 16179
10914 16879
7181 10087
2672 6305
17661 10383
10426 6727
1082 5701
4411 3388
17454 16000
18508 11307
19272 12389
11379 7354
6477 4636
8529 8936
14028 14286
16628 14110
8426 10847
7878 8304
3203 1220
4350 3723
4683 15302
5399 5425
12126 16993
8292 18808
77 19062
2354 1322
5648 5501
1613 2244
9502 19127
5279 1287
19964 10071
15745 16812
9227 17757
13603 17848
15837 10302
4541 16375
3412 16796
15837 6200
7209 772
348 1473
17320 12132
415 1952
656 16098
10646 2182
5600 12698
1122 2013
9195 3052
4401 12821
14322 4016
7585 15143
12037 13350
5874 1509
14219 9199
1449 19564
8245 9476
12692 15801
12282 12341
8412 11937
18000 3719
636 12816
2653 14087
4176 4050
11368 12841
6728 606
9589 8784
19122 9448
6788 9266
19624 11856
19709 16945
7158 17133
7711 6206
4762 3623
7847 2571
11672 8337
11561 4599
7523 4059
4872 18873
5989 18583
18581 19705
18198 9966
14812 10660
16750 19703
5116 5486
4643 3866
8024 8570
19225 7596
18144 6979
4022 10403
17794 7479
1776 17850
1991 14281
13766 16165
120 13575
19533 16718
11203 6805
29 8465
15450 19489
15564 6520
10084 10708
4508 5316
5512 12656
82 5145
11862 13098
11355 4718
6692 19487
17730 15647
8896 8751
6866 19329
12348 19614
1260 297
13745 10930
11231 15621
10308 5781
10336 11046
12137 11646
4159 10774
11940 9979
3812 1439
6759 5992
10608 14943
8099 1451
3419 10237
12184 12651
3163 9620
16904 12507
11859 13788
17018 5120
10956 18230
810 5551
10671 5648
373 6584
13196 1556
3672 18116
9175 18542
1786 3043
18588 13534
624 13863
18738 10863
11697 15106
1338 3685
2122 7439
13361 9168
2210 11990
1254 6775
4812 19089
17628 10317
13318 16037
8679 4602
1288 1166
9509 10155
16723 4176
10816 17153
221 607
17898 2994
14553 6380
7821 13152
4401 4106
15595 17708
7077 11337
19318 11511
15593 4396
3289 1081
4072 3204
9202 19981
1005 3582
9607 15626
9261 17499
12848 11591
15234 9985
11081 10722
8701 3700
12028 11581
17906 10750
16889 9314
8359 16795
8986 17328
17721 12633
17685 741
9720 19220
2192 1505
4673 10065
13884 334
6293 15725
1919 13148
18116 5347
3386 9533
5682 5303
17983 11224
2213 1722
4700 1325
5874 1164
10621 2932
19162 19917
18067 6391
10371 12610
12315 18898
19393 14713
19345 4958
6791 17620
450 18611
13655 6266
12228 15813
5746 19406
14245 2976
11178 11846
11694 11756
13282 15516
1090 2584
957 18352
3058 15330
12453 3210
4087 16656
214 6339
3571 298
10553 8407
12164 18294
12062 18355
19830 6216
4339 9562
5183 19034
907 10269
5848 3913
13521 1850
16992 13400
387 16888
9147 7450
2780 665
4192 4964
12737 18143
18761 15419
10975 7975
18294 3470
13736 10194
13480 12971
12368 11845
7136 11961
7218 2398
19091 1393
13698 10689
10668 13811
4018 16306
88 3812
17239 12479
5585 5282
11315 6123
14739 19332
9358 11572
4608 18537
1602 12018
17638 6199
19714 18628
5501 8590
6559 11385
11898 9685
9382 8239
17843 18969
13250 675
10414 18363
9429 12787
18590 15281
13509 6466
2067 6849
16428 7504
11861 16959
10560 2209
11637 10435
7284 18794
11782 5356
18498 782
11426 10453
5709 707
15282 959
8882 19377
13673 17019
9210 3226
8024 1543
8499 16064
961 3026
7673 8504
5621 12708
5258 4334
15295 6203
17757 6438
4540 1067
5445 1197
10232 484
1827 1692
12764 6719
18832 2259
14531 614
14225 1309
6751 3821
12406 8383
17903 14101
17405 9209
16373 10528
13554 10896
9158 12645
6155 15643
1014 17074
17780 12662
2874 8520
6282 267
8446 5760
11634 384
516 13073
17411 18556
14649 9586
7944 2580
15369 12914
4159 147
14709 6654
16899 14829
11286 18487
5540 19830
16374 1992
16111 1190
1090 9368
14271 1281
17664 6830
39 5386
15087 16994
15220 18655
7446 18547
3115 366
792 18771
4733 8925
410 5731
758 7863
6030 3467
8269 4920
6529 17175
932 10177
14264 3590
12949 3882
3136 10363
1093 19575
10290 6879
11371 12033
4627 9307
17187 17895
5527 15664
2653 6187
18832 7241
2714 19365
3665 9854
5799 11923
7528 18634
4091 12338
9451 15912
15265 18863
11205 6988
18711 10089
11061 16466
6608 5818
9085 8952
9978 13825
6513 17944
9782 16628
10487 15217
8064 9867
19744 3448
15686 11214
15661 14416
12075 14933
16687 15280
15523 1077
1140 18831
9280 3915
362 8566
17158 2241
10423 16917
16787 954
18649 4144
2190 11180
12259 1244
8165 17799
5029 14493
2614 1205
14281 9686
12963 17605
3132 12290
2584 8533
7747 15214
10735 13604
3530 5721
3011 6797
953 15453
2462 18996
12418 9683
14485 10657
11915 12502
13931 6336
15141 5208
6700 19229
19694 13468
17235 1670
18349 6298
4336 3697
10106 3680
6661 16940
16601 16127
6602 11689
8417 9515
7699 8129
6811 390
13630 8044
4225 7154
13578 19131
954 12232
9066 12399
3872 12234
5085 4027
2622 14608
7259 6343
13111 18647
9732 8731
5610 19160
1350 6792
10898 17555
4051 2442
8787 2604
13207 18474
10768 11957
16769 12991
10891 14266
19971 18086
17255 14081
8386 1245
8147 14642
6926 17732
16451 17054
11291 4783
340 637
7620 11549
12672 4425
15693 9131
1156 5960
14539 11575
2955 18712
17766 16761
7839 15758
18781 794
725 13394
298 1792
18968 11305
7342 7883
2541 16062
15018 8712
14577 8327
494 2970
3386 13011
5951 2719
15729 8372
561 4112
15857 4882
6392 15251
7778 15372
13741 6619
10284 15649
19537 10188
19673 17534
7790 6351
18106 5876
13735 6550
19241 14199
4093 8809
16795 13540
2808 1350
16093 1834
5701 4789
12070 4686
19792 5142
9220 6560
247 6561
14986 17149
636 19449
10642 13953
4431 219
13804 9822
5194 697
12755 13275
5989 5510
4826 13633
15235 10669
4276 18851
4294 12155
15256 445
2868 7965
719 14288
18939 5387
587 12353
19509 4453
12079 4579
14480 6778
347 14305
16621 19516
6241 16116
12751 8120
10723 4578
2574 17763
14423 12596
8223 12616
15443 10700
12540 8774
3578 10578
15511 7587
15497 6406
16804 7693
19217 14511
2866 18000
6208 17143
19726 578
15675 1171
2785 12848
281 6721
15492 10088
16710 19756
300 603
14840 1468
5257 8266
16147 1973
4698 3826
6111 15681
1664 16171
9918 16772
10655 7598
7781 18263
11872 15613
19744 9897
418 859
15926 13739
12519 6060
18081 14246
4158 6098
1484 9009
13114 8428
5316 11347
5701 5962
12267 4846
9811 3705
18244 9077
3903 9994
4819 1098
2980 18696
11192 18346
13562 19625
5604 10349
8658 17075
3716 4573
2760 12900
14034 9576
11027 3225
19241 17018
12183 14815
9952 12304
12348 16904
17374 907
12918 4861
17567 7758
13020 6234
15490 8970
5621 6996
13699 16907
13996 15137
3616 9569
11198 4968
13238 2681
19593 19888
10019 13704
16891 3158
9980 19759
10700 17527
5859 19813
18108 12329
11386 4518
18037 16522
16500 6130
2670 3560
3856 14020
4642 15951
4594 2174
10853 973
12555 16239
8885 4427
373 6579
13229 7481
15437 11102
5692 3228
6471 14311
6868 10079
11222 15509
10566 5021
13657 10054
17100 11177
9193 18153
18566 3480
2040 16277
18620 9252
4654 11600
13293 4201
15227 13372
3976 6690
3020 655
17284 4633
7916 15001
9035 1905
10450 2438
6825 12260
1178 6741
6691 10174
16290 9991
10482 9921
15807 5139
2821 1079
19290 13865
12001 10822
12686 18728
18274 3484
13467 11532
14793 11405
3661 4523
16522 17703
10041 14708
14972 8284
14785 13387
16382 4129
5087 4329
2062 4288
13127 4977
6130 8059
5079 11696
331 2508
10314 4813
4316 3533
10987 649
4170 11746
994 3904
13658 8055
9692 11212
12734 10208
5277 6519
4991 5914
5810 15449
6246 15413
6718 19253
16828 8430
7642 1686
7628 5556
3158 1693
10558 7677
11136 12081
1238 17965
816 7148
4242 7123
9008 5163
1331 9678
4361 6176
2688 5313
15935 4808
18991 3612
6572 10976
12563 13742
4176 17563
13011 10094
7442 15992
19326 8472
3591 11809
11369 3851
16482 1546
4976 19172
17746 8791
883 15197
17158 4818
6548 15102
5995 9687
6257 18191
17698 5632
16574 5182
2884 19509
8819 2224
9891 5762
11001 11946
5484 11000
4389 8233
15817 14646
16776 16539
5843 5070
7578 5299
515 18725
16382 8467
16596 1398
7832 5465
10426 10324
13008 9702
4739 13558
4639 9975
17762 2004
7762 17291
17820 14622
7218 10780
3 12504
4636 16457
12315 4372
1776 2810
16066 7299
8696 3939
14178 18686
16280 3291
8544 12666
12028 3668
16540 12047
2783 16580
7503 18383
11272 17772
10700 3970
9070 3428
6102 8360
10088 6774
18212 11940
859 13507
6087 6179
18265 14858
10761 13566
11038 2502
3626 17630
9956 10101
19223 19214
17167 7744
4430 10083
8282 12932
8040 17191
3800 15431
5270 10475
9653 13490
9542 9146
11433 5326
19754 19396
1576 13313
18737 13870
16128 8495
5412 12305
1439 1806
12260 5071
16693 5137
16873 5116
10504 11364
19140 7076
12230 12686
219 18979
1928 14935
13685 14560
7107 6271
4490 13166
19482 9094
8578 13812
18312 1302
18500 3105
17780 8986
11402 2631
7638 4896
9957 3021
3132 14414
4074 13012
1451 9428
1420 16662
1707 13165
6964 4657
15827 12679
8837 11145
12172 17021
16227 11064
1507 8208
14108 19076
6006 10023
2594 15426
12037 14433
15203 5117
4988 8376
12678 3462
10776 8995
3546 588
9451 13046
19569 6643
10481 8326
9581 5248
7423 5941
16220 14301
9518 19142
3771 9262
2953 18887
18316 15534
9301 8611
9458 9118
1404 10810
17065 15854
4664 8660
17254 15078
10705 9115
16322 969
14510 8625
14873 6192
19342 4015
15439 18221
1939 19471
9243 81
13335 1757
18598 15736
4797 12531
16082 16101
6542 3508
15057 17762
11702 2831
16134 673
13546 1423
18552 14870
4052 10615
16875 9228
6731 16931
15650 16477
12342 2662
14822 1123
13876 9144
4685 18267
14822 16535
19337 5341
16699 6658
17752 7364
6396 7675
3638 2028
19681 1037
12967 10394
6292 11035
10032 11586
6688 18975
3164 5541
18642 6249
2124 10664
5040 9019
3787 7881
15632 19364
16325 12077
7902 12257
8291 11743
7213 2713
15245 18356
3192 7452
10277 14556
10607 11449
17150 14040
8976 11850
1834 7090
6350 19621
19463 18533
9589 890
1748 740
11624 12003
10770 15424
2142 18754
7870 12771
18627 7018
483 11368
6342 1874
4608 3648
4402 13135
18780 12263
12033 10679
2207 236
4536 16425
18382 15141
7389 18640
8989 9218
5117 19283
4476 2491
9723 3133
10291 7685
10700 5012
16805 4189
13963 7847
6752 19287
13350 2708
11692 13466
3102 6534
8904 18482
3391 2528
3027 12566
11592 6202
16740 13930
13166 8253
9482 5577
16700 14676
1565 817
13388 2818
1269 11577
10735 11256
13362 10888
13680 13637
13142 3380
19335 2916
1065 10245
12310 1312
11315 9593
14467 6970
10776 51
14261 13675
8304 758
8300 1058
11396 19134
257 16799
1093 8884
8235 18832
4257 215
1413 14483
16936 16852
5087 19881
9177 17604
12417 16564
6041 11994
16795 14050
8228 19913
17380 3197
4627 1254
1233 17679
15544 6638
2140 8510
11755 16641
16334 9815
17270 11825
11567 3966
3851 14487
11181 9344
8984 12969
16439 11813
8259 18240
4070 18475
16741 18869
11269 400
16004 4297
9033 2265
7791 9664
11797 13168
15234 2293
15107 3121
7932 14341
14767 14929
11324 5911
17199 2738
15452 5464
3426 19569
18811 12187
2242 15483
14990 7373
5453 5603
16615 15414
19156 13524
4831 13793
1288 4351
3442 11433
8367 7707
4608 12365
17439 11799
10859 9167
18513 5317
9574 1103
19627 8704
16333 9675
59 7798
9889 15454
4089 2267
3120 19848
18243 8593
15455 14052
16181 3109
19342 16030
6698 15383
17148 14945
5405 16953
548 15304
2523 2715
790 1540
3924 15260
4027 19064
9004 17321
15681 18445
16302 3918
5895 8796
14932 1460
17183 2434
15314 11195
11599 16613
11198 10445
716 11697
1937 1373
4178 221
13333 9624
9964 14836
10403 3598
7422 17350
12825 6588
16663 1970
14491 10240
17342 6121
5132 647
19348 4042
4240 19270
11486 16764
10332 18279
14297 3669
10115 19534
5161 7401
14925 15171
18648 327
3973 14027
15390 9835
12522 10561
9283 17090
3209 7244
102 13909
15903 4778
5772 19368
8817 11659
4297 17465
19770 1085
17037 18798
6825 6694
14398 2815
15940 15209
15662 1899
19334 3107
18295 4838
583 7252
10412 18441
1523 681
14102 7237
14433 14524
10148 17163
13249 17545
3192 6077
12747 16035
3986 11410
12968 19585
2193 16924
16470 9245
10813 15479
11121 18075
7533 17907
16100 10542
17354 358
6009 4805
7161 6240
9641 1625
10515 3627
19145 2234
13427 460
16092 10654
16911 9727
5308 9506
11569 1236
8968 17583
2422 575
7874 16489
18371 6785
19657 810
18276 14553
2413 6802
17232 19989
18333 13253
9280 12551
12182 5629
15227 12080
13059 12109
1451 16385
15160 9526
9923 1622
2489 1995
3970 14024
13461 7050
460 5984
12949 13978
9809 8033
3332 9667
9944 18025
14463 7071
17400 12264
5910 15452
6690 13523
8109 15170
7281 19815
8866 18695
16936 9382
15042 1649
9971 2638
16131 845
17817 13850
5662 9384
6240 19026
15910 2382
6277 9171
15277 13786
8912 14454
8676 8018
9510 18788
16462 9331
5030 7223
8459 3909
1833 886
1816 1906
16513 16389
17184 4563
4686 5939
5204 5086
13038 6163
10061 10523
5505 3367
13178 2419
3932 1802
9749 17449
7627 4628
1835 101
11003 4880
5718 13510
14818 13469
5275 16342
5131 8619
4471 13268
4526 9767
15541 8667
18957 10796
2834 9190
2331 3288
11419 16503
5408 1945
3226 6660
2209 2668
15141 5132
6562 7777
10500 12644
3642 14388
10181 5791
9199 8668
13422 11521
17919 19958
9345 3711
14024 10993
11583 9843
16248 14409
7099 18290
18579 1207
13144 6095
17110 9732
3924 9834
14465 15890
19578 14927
15647 13621
8269 15979
9454 12970
5413 6116
15921 84
13858 13902
16111 1463
15981 16650
11014 10921
9778 5305
14857 6190
19270 5785
5295 13922
16418 10123
976 7308
553 5616
15528 13780
7401 10325
19800 5047
8570 17632
5459 1151
11468 10082
6734 7314
17804 6808
11759 6050
973 10193
16498 11620
14872 18448
988 9469
7679 18693
18588 2023
5324 7917
5536 16849
13633 4475
16773 1656
19022 18362
17459 14607
270 4391
14578 4832
5253 18604
9782 15256
18993 12173
18788 8794
8731 9905
8849 9408
1880 10972
6623 1390
7764 11460
4290 18606
18216 10198
19945 12799
17684 16892
19416 18971
18037 18718
19952 6393
991 2564
7070 13852
2338 3780
1420 5597
3051 13471
4386 2576
6765 19970
8168 779
18733 418
17339 17800
2645 7472
7310 5739
8260 15056
7716 1425
10415 4827
7018 13130
14769 14221
5277 17070
5995 14877
19021 5358
808 2139
17922 15436
10450 14866
6767 12498
11636 3415
2420 7784
2776 818
13376 160
7246 11734
14831 9761
9849 812
3329 14851
6659 17719
270 10936
13287 13918
11824 12762
1557 1560
16676 1603
8930 11217
17471 17222
4207 13989
9151 7921
10529 16399
1495 13763
17273 9901
225 1101
13853 14445
5110 12067
10528 18568
4608 17408
11915 10844
10723 8004
994 18566
15823 1051
13784 5415
5846 688
2748 15851
9043 14732
18270 19219
13296 17888
5355 15473
16378 12238
11653 18379
4820 5688
6418 9116
2548 3592
2256 869
4045 14202
2185 9489
3635 4126
4637 12019
4608 13585
16205 12711
16590 10107
12512 12419
11596 3932
16886 5943
4751 7051
15963 18274
13013 17181
6255 18218
17322 16436
19432 8874
11281 4381
19641 2801
14290 12192
12837 13010
8782 12115
11314 1313
10281 11800
4041 2082
7203 5522
16283 7493
6255 12330
9557 7349
17994 18965
15543 12668
15665 18373
4585 2054
5119 19772
15808 2952
17116 15502
5507 9324
19381 9295
18303 921
8750 683
12057 677
6462 2131
12734 11807
9593 4724
1488 7015
12205 19451
5934 1011
17725 1609
15581 18923
17571 6861
6443 10771
16579 6763
4159 16815
2811 2366
17663 3944
19304 4289
10668 18349
13599 2997
10311 8417
6620 778
17693 4941
638 1482
3289 11945
13971 18550
14183 4335
6468 13322
9344 15828
11778 8091
17428 14359
10914 9502
11542 14132
13495 1060
8882 9122
4261 15237
11940 17156
15405 6083
15358 6224
12079 19107
76 3241
5040 7454
6616 1940
17440 16634
8019 16092
18193 10389
7908 4859
14808 16846
9548 280
12901 5972
14830 3365
11549 5035
2431 2856
14360 9613
3363 6333
2622 17480
1915 14156
11040 13160
16593 19550
7394 8399
1126 13442
8606 14611
16438 685
7505 18103
1498 3319
13421 18710
17256 9924
9467 526
16837 1517
7703 10267
4056 19776
6678 437
690 16327
3524 17791
191 3717
14054 18262
17966 11048
1284 9953
19552 18228
78 5359
4852 19577
15726 14988
5630 2901
15829 19916
19894 6910
15866 7006
19620 2960
903 9688
11651 14760
19614 15490
13150 7235
16472 12746
13655 17876
18252 19603
12587 15492
15542 10732
7957 4934
404 19331
11506 1657
19174 2573
17623 17460
17364 19601
2354 13963
493 8276
15125 3151
84 10596
14089 352
3155 5269
1003 14285
7180 16883
14442 4296
2072 10405
17709 5026
4824 6679
4370 15950
9439 8446
11385 11612
5932 13915
1151 17657
5049 19308
16100 14365
2555 15874
7970 18594
5853 8603
15903 6118
815 829
12403 6669
12551 11219
7065 9721
5577 14940
1532 12496
7704 10016
5275 5144
16946 2439
6966 5344
14011 9052
5789 4401
19238 4047
16487 4216
2860 1895
14229 5437
2031 16510
8373 1838
3802 19676
11978 19921
18988 16550
11321 12021
12514 6524
10555 11174
6195 4546
13296 4331
6392 12568
14259 19380
13666 11356
11625 10548
7207 2837
13045 15227
16492 5036
7469 4631
12091 7120
12609 1976
18876 7666
3305 17326
19728 3362
309 11692
12977 15311
919 1447
19893 7162
4406 18582
5567 18273
4719 5095
18855 17682
18263 3346
13606 6742
5194 13225
15954 12233
13010 19664
11613 294
6030 3575
19324 6099
2163 3199
2955 5435
4094 17040
9451 405
11490 19804
8529 14035
10308 12828
2486 7026
16424 3282
2497 1441
19192 5107
14165 11435
2048 12899
10474 12228
18274 18186
14525 16722
11556 3283
4881 18610
6435 18233
18557 262
6769 11390
8223 7094
5675 14195
7124 9299
5488 5612
18372 953
4749 9746
13219 14442
10555 755
13811 15670
6420 15532
3272 3347
4640 13731
18627 9852
8705 5753
14263 7916
1400 9766
5435 8867
4450 8717
4964 7256
14655 975
7267 2436
16696 2172
3096 19964
18601 2
6624 10469
10518 8006
6368 7484
3221 19765
10394 10915
6902 9623
7728 18931
12716 3919
3399 9791
18438 15264
19272 3957
4537 1276
6120 14290
3530 1310
17091 10503
5890 14449
2511 13988
19699 19280
5997 19288
1572 7405
12429 13146
8480 19805
10160 18837
2868 15200
3352 8639
2916 13415
18567 13782
16082 18480
8571 14648
18243 14458
18080 2185
18512 948
19616 12253
5901 19702
12704 2530
12010 10811
4483 5309
13400 19604
9593 11149
3771 2929
15921 6155
19333 12875
6632 14115
18688 19912
8165 8653
4837 268
10463 2808
17553 3111
5322 16933
3083 5937
7923 13292
13921 2726
17486 14152
3759 16619
15504 7438
10290 2499
16128 10301
18154 15866
3346 12289
7516 5174
7158 3392
6160 4549
3865 10589
17113 17883
15084 19195
3461 2353
16310 12494
9513 17837
12140 10650
1938 18061
6200 12747
10321 9948
1532 6975
18947 3982
14253 18491
13008 2710
2599 5845
12889 14638
2493 2480
11813 5856
3452 12864
14740 1068
15195 2237
12064 10441
3812 2315
3811 4491
10441 3359
1281 8506
4048 935
12215 16927
4540 17119
8670 13419
17549 10257
3156 16166
16399 17897
9013 8830
16451 1561
5171 17611
8490 300
5142 7209
8058 4080
18879 14230
11598 19795
3050 6532
10808 15440
12779 328
8265 8213
17773 8040
11941 4646
18032 1388
1558 3403
17399 5166
16273 12940
5390 9070
10515 7131
12577 16692
13002 15110
8519 12247
15670 8364
19651 12823
9873 17208
11763 1534
1779 17548
11408 10448
9594 13776
6866 15959
10211 8245
12876 17660
18536 11309
4955 8198
3069 8967
887 5633
12241 10314
15592 16517
18965 14848
12437 10446
12418 4622
16143 653
5445 14339
9662 14402
14861 12873
163 6012
12837 3822
19756 7672
12585 14657
16565 13018
797 18519
7137 10743
11651 9784
15569 6925
19825 8223
3536 67
19022 5194
4473 1339
9773 18299
8328 13596
16218 9219
18869 17492
18333 6591
7272 3630
16841 12219
5100 9303
7523 1859
16065 7031
740 2489
2413 17806
9911 16744
2633 15619
6743 8366
17290 1919
9477 14871
12609 10095
10433 17767
19769 9782
14618 15012
4027 19183
14021 11782
3037 1416
6683 16163
5213 18948
13385 1455
35 13278
13980 16444
907 16159
1602 11344
125 16284
14372 279
5323 15070
13526 6887
6628 5489
12743 13020
15242 6618
8627 15363
5988 12242
7763 10798
2338 5840
13301 2524
6221 12207
12187 4410
19135 5542
1234 18253
12542 17108
8832 19232
379 8897
13791 14643
10342 2103
4550 5304
19083 3959
17072 19583
1284 10704
16012 1763
9675 8700
2678 2653
1929 12797
12429 19266
7302 9856
2101 3113
7343 18907
5142 7867
10279 2203
7938 12493
4311 9600
16581 8187
3448 10871
9737 16132
2278 11378
13496 6495
14510 3175
19769 3334
3158 19807
11354 13004
15378 10499
13207 9630
17013 5841
7423 6317
6232 6687
18288 18450
14259 16520
17046 19191
1571 3252
15382 3736
14673 3040
15212 2377
10427 10196
7158 15620
15738 16332
10972 16206
16142 4516
18243 2223
4145 12758
17136 17677
5514 8535
7558 6851
17178 7968
11292 16039
14380 956
4187 1768
15875 444
16461 19047
4046 19741
19122 13615
5384 14580
1572 1613
13178 4771
19810 3838
17266 3757
5559 1910
7976 142
4401 486
10550 5515
4569 15595
10023 19556
14817 1690
6713 2673
12386 13514
5089 6091
12562 5013
12170 19032
10026 4699
19879 18706
11667 205
11293 13926
16894 11847
9658 9365
13421 11142
8461 14739
12038 4651
12338 10358
5219 8316
10798 3798
2371 17390
12317 16459
4453 11128
10159 18691
1400 8094
1889 12879
12070 1431
16441 4662
10660 3048
9821 1110
18711 11468
657 3994
12487 14284
4536 10808
13271 668
8320 9105
16301 1961
9043 14404
8117 680
16710 6960
8348 12559
3026 8994
18516 18413
9986 12909
10652 16597
13353 15471
9781 13086
2377 11244
7885 4033
12899 4666
14999 6822
12814 13023
12111 8789
4010 17375
5266 8910
13707 14033
18115 15049
15025 19841
14775 2823
7630 16008
17902 16350
2583 3692
10955 2634
2980 8792
5637 10591
17290 14383
75 17669
11572 15665
7507 3784
960 4918
16987 8301
14253 1562
9027 1558
15763 9525
17349 6114
16530 11676
11934 16434
17779 14368
8754 19799
13182 14799
6918 1433
8995 3678
13524 7536
19127 9075
4056 17658
14351 15631
5420 2834
8050 15832
17418 9648
11529 8433
4292 11872
1774 18070
13174 6568
1655 6573
6038 16549
19377 1716
14567 899
3942 19722
5161 28
4292 6557
14148 8448
10551 2766
4947 16322
17178 240
14509 18835
14722 19975
4758 4930
4208 8126
8921 17266
2781 5813
11347 5003
1106 14143
7464 12550
13406 8934
4427 4109
9080 6702
5198 9899
14730 5127
3881 16754
14777 18587
2051 19418
6193 5620
10542 12000
13739 16596
2271 13537
13837 4822
19806 4071
10094 6961
4019 11500
5663 15213
15112 3901
6009 19719
13371 11447
18403 3903
3338 18283
9269 7569
14964 1683
19979 15652
6844 18297
14571 16096
7484 14789
10420 17832
15879 13360
13954 14664
4537 14479
12407 3880
19527 10662
3265 16578
6141 16494
2705 16800
11265 12369
5504 928
12598 10711
5055 9312
5772 12314
2387 14346
9341 399
18321 16621
16741 230
551 11042
18175 2772
19290 16665
2590 3662
8672 8758
18695 14811
5801 5319
14242 2926
12927 1000
1754 12814
1693 10393
8983 5158
11902 9081
14500 6323
7224 5006
18359 3205
9647 9422
15622 1555
13217 13603
1035 5436
7748 6
9662 5976
6548 12628
4776 10848
8015 12412
11423 10612
1793 15797
17279 7831
4860 4834
10952 15830
9252 8872
16034 15544
16142 2066
6257 9500
6262 18001
1786 15658
1543 11301
9178 12882
10997 4678
446 7213
16522 1035
12534 11334
12766 12139
11884 9288
4065 3710
8999 12588
9293 8923
15349 5520
2421 10866
15866 18121
2184 15906
13739 19265
6156 14576
1078 4624
10509 8512
7258 12411
17354 15345
13448 7500
6815 14936
2670 1608
6857 19608
349 15174
537 10096
12739 209
15727 15027
6418 439
4312 4452
638 5394
1447 12355
13930 13124
7799 13123
13789 13321
10914 19424
12747 3186
9099 16782
16787 4603
1629 7789
3941 18113
7545 1782
5102 6436
15905 10270
1696 6243
16553 14504
19201 6141
743 1049
3618 17285
14515 7352
13812 2844
18904 10800
13870 9291
2091 10440
17749 6565
18752 322
19520 16978
3498 9984
4147 16067
8995 18207
19393 9282
14992 14127
16040 313
17098 2099
16726 185
2127 1839
3003 14589
11945 4306
6187 10716
8277 12976
14258 19199
25 12340
17307 19153
9499 12324
10511 15953
4439 16344
10573 12326
19366 4025
12318 16052
13686 19563
9336 9462
19290 3619
17076 10759
11255 11650
7714 9785
13737 6803
19341 10334
14258 5667
12074 49
1119 1516
16468 6931
6112 13255
6900 7586
11544 7496
6881 18768
18304 516
5458 6379
9430 16485
724 19055
16125 9403
15541 6158
3237 5540
13388 12752
13342 13356
6741 6172
4259 11404
11370 11073
4826 2198
7660 2478
2371 17829
16709 7642
1836 8965
12475 7830
12884 17411
4125 19778
8626 7749
15541 16698
17979 8183
13751 10756
11718 2429
9771 16211
16837 16672
1575 3817
15493 3078
19040 7701
9004 6279
14443 13055
4806 4732
16859 9908
17977 15327
17752 5985
9245 7336
12135 8678
11728 2546
17953 14558
18329 18122
17935 4005
5765 8802
16958 8943
12102 16270
5825 4318
10258 2016
18511 17422
19135 13104
11582 12456
7091 12084
793 1061
15851 6951
1288 15239
1093 8935
17048 12406
1578 2155
9281 17514
11550 7061
10529 786
7444 17348
18188 14674
8417 5457
11542 8568
16693 10835
4006 10057
6191 19218
9885 4761
12310 9376
7164 13749
18094 12548
19613 13581
16795 2137
5597 3144
9312 510
1647 5854
17196 17939
18120 17404
16231 3385
5027 18003
9061 10948
13412 12979
18183 13114
15298 7815
12029 7812
18703 11983
15038 4222
18168 13440
12809 5642
17630 10286
275 19653
5165 15344
10717 4226
19230 2134
7050 6325
19252 3451
18812 1902
16512 1644
17619 883
13236 15313
7848 6967
1328 5692
904 9362
10629 16334
7185 2143
14740 9513
2013 17768
460 18160
3896 19868
3392 12860
11958 6869
16287 14747
311 19217
10832 18650
8836 10315
6568 10661
6700 19566
413 8905
19681 957
19065 7285
16954 6110
1767 10977
14858 7585
19061 7774
3307 7176
19363 18516
6966 2786
2611 9147
4882 1541
17942 3481
14321 5683
12793 17357
13344 1382
17956 3674
5859 18720
954 15885
12537 13649
11797 18774
13040 2740
18987 14719
1164 17941
5330 2704
9961 10970
13509 11019
19968 9931
2681 10467
18731 11495
7848 884
14704 1256
16090 1247
9763 4767
16743 18724
3982 13737
7591 10361
6866 5816
19129 3777
18620 19090
15215 12226
13349 16347
19761 2157
19647 17301
4345 8909
16743 5979
18947 542
5976 6939
5644 14702
17854 7382
881 6445
429 10583
610 186
12012 1130
13722 5214
17966 3058
6272 5371
13038 4823
5676 1272
15551 19924
8601 14237
284 12065
12839 3594
18514 12683
14986 8305
1390 440
992 9928
214 18210
14008 16840
16015 11554
6496 15159
1833 16737
18062 2141
16205 15920
13229 3556
9410 19053
8112 15596
15523 11763
16259 5074
1065 8987
13470 15224
9406 19436
18971 13237
3698 15734
10453 3677
16590 18916
15008 17431
15277 18592
19221 4374
9590 5987
17517 13363
39 12299
4596 17026
18382 6842
10646 13433
4715 17569
481 913
10958 11970
686 17368
4083 19810
3578 15867
2183 14032
11319 12888
1777 13232
14442 11008
1137 2495
6496 10776
13230 19091
10670 18847
4363 6090
284 11852
2633 3106
9878 13420
15376 17215
1082 5531
7446 9325
5585 17550
6146 10667
2102 363
1354 3041
3058 2363
12370 11419
727 923
8989 16340
1476 1349
17377 5040
17942 613
14510 15448
12157 19040
11016 18163
2635 15749
12075 9621
7716 1376
11612 18496
13175 6958
17317 13035
4029 9170
8539 10351
18784 8857
4719 1855
10697 7929
130 1248
10516 18317
19458 509
5927 6653
9208 1450
16818 13317
392 10517
992 12907
17721 7289
3200 1918
6599 4938
1262 5220
13722 15693
14872 5190
10028 19833
4025 5287
17886 8247
15567 1370
5567 1667
14827 16137
6703 5729
1744 11055
9749 17528
8446 18198
17942 4279
15530 4416
12254 8841
17413 1633
8036 7117
18711 11596
7067 9420
1310 9356
4683 17614
1376 5138
15086 14543
1385 5442
6552 16326
7480 13286
12232 8608
1573 8321
19596 4007
4785 12541
18128 8842
6902 14742
4047 16208
18288 13456
19217 17756
1020 18799
3034 4487
1263 14299
3390 18255
577 8127
7638 13878
17853 2543
11380 5649
7130 6571
18059 15368
14762 18874
5552 12583
19693 9858
6152 15361
4702 10290
1084 7539
11115 846
1143 12459
5251 1578
6196 7559
7535 1133
975 8998
7994 4939
730 6829
3428 17176
3179 17593
15772 14411
3227 10487
6883 1853
13040 8614
19759 15135
4317 17923
1955 14398
4233 15374
11452 8775
15543 15871
17769 11491
11426 7882
9376 18936
15332 7178
8671 2920
2190 13494
17869 14016
16104 4793
3585 5474
12991 14240
17381 13569
13869 12235
6656 11018
1160 11254
2371 3159
6782 14705
13211 18785
11917 5892
15727 16942
16486 6354
10768 15754
17089 2795
13080 4211
12352 12552
8967 4768
9043 4339
875 6265
3942 11843
11620 4749
7108 1999
11658 10935
2703 3883
13601 15780
7158 16532
53 9536
17411 3406
5093 4404
8894 15090
5231 12189
1991 10189
14631 6685
12238 11272
16167 1958
4098 17852
1685 7861
838 8670
12030 15582
15900 3182
10306 5896
4977 18781
16015 10
11608 14013
18574 10861
3160 2110
488 10619
2202 4357
14061 3447
4329 2454
19322 7449
2290 1352
6805 4193
16197 1344
7443 14470
1597 7363
7740 1783
3056 5607
19994 1612
10690 12895
17879 19831
18075 17441
4341 2447
8243 6730
19072 4498
18829 11249
11314 15348
78 18040
2780 4163
766 1052
15534 8148
12543 15632
16129 15603
12226 3665
19190 14075
3131 6497
14890 19959
14062 10981
2427 6368
2144 9826
13878 925
17703 18276
8817 17950
1268 18804
4389 7797
2166 11275
8506 6313
9025 4785
15152 14353
5209 15389
5509 6087
4513 16755
1297 12069
17089 12431
2435 12093
10219 18067
12556 19234
5986 18536
14307 5222
13427 8901
19348 10734
6204 18852
8486 7246
15162 17034
16960 4423
7048 2890
14631 8840
3049 16943
5305 16359
10001 14605
1935 7910
19785 10838
10234 1283
12968 6934
7448 12413
10005 7804
36 3227
5298 13544
15690 6510
19997 19445
7560 12657
5287 18029
10585 9342
2200 17094
12590 17170
19501 17843
1219 1271
17792 15975
12374 13241
10511 11831
19699 11601
11001 10165
11878 13557
2242 6501
372 12564
18688 13057
8025 14915
10335 80
19956 3844
1858 2144
19985 1968
1554 3005
13456 10450
12317 13477
17299 1399
12261 6375
13104 13383
5698 4125
2230 7843
2849 1812
14801 13473
14575 2931
15014 13614
7344 12345
1328 3820
14269 4640
7187 13578
8133 18225
2566 13683
635 6974
12217 6735
1476 1486
19313 1206
2349 50
18924 17771
9157 7434
4207 6616
6252 6149
12840 18744
6773 12618
4717 6835
4897 4286
17252 11284
8209 12348
9297 19251
1372 13754
3157 18023
16542 16651
14116 15019
4740 17248
11610 7461
4532 8714
19049 5795
9031 10955
8481 13629
4859 2956
2282 650
8625 4024
2359 1676
17387 2373
7493 8979
5596 16409
15152 5548
16796 17453
4672 6698
12236 11457
1765 19602
1728 17662
8028 9367
7197 17065
17484 16513
13645 12449
5857 2351
4117 5327
17854 3268
10770 18146
1683 6296
19863 16881
16886 3177
6726 11255
5448 14718
7925 711
17753 135
11610 1301
3410 3278
11637 19495
18361 2112
3512 990
14105 11223
6309 17998
473 19121
13731 16693
5995 15097
3173 5343
1628 1679
6601 19684
16677 12877
11820 5855
11351 12060
18393 423
10696 2116
3091 6127
12206 16102
8100 14363
14881 17196
11218 1893
1837 17410
8804 19855
3836 7590
7448 18917
560 9813
792 16262
11282 16279
16187 15470
19035 2295
7104 12336
9848 9765
12009 9402
12110 19241
19967 2225
10232 17874
15562 12200
2458 7525
15032 6089
19549 7247
4232 13853
7279 12011
18811 994
672 3887
4754 12167
11070 10961
7264 183
7226 15526
17440 9723
1383 3042
11052 6079
1420 2115
12595 17626
7001 5032
7391 12261
14981 12759
14576 13242
4687 7611
2446 5407
3091 10496
4306 8026
15122 2330
1035 4430
6637 9172
19223 12850
4156 17299
16173 7045
18044 16992
12091 18431
19699 4551
12182 16631
13712 2692
9473 19049
13304 16439
9469 2873
17088 13126
17238 18646
9185 7657
4211 1158
13578 10008
14104 13506
10869 18926
4238 15196
5920 9700
6102 6686
13765 10484
906 3463
10727 8361
1551 4492
10016 19231
45 7159
7209 7224
7739 19504
6745 10710
13371 12119
4026 16919
7787 5038
12642 1638
5413 17387
7213 2473
8258 983
7737 7344
14085 9372
9348 16789
6450 3874
6743 9870
2066 2755
6144 11563
6675 11633
10565 18692
12754 18967
13249 13222
15677 8977
17028 10530
10551 17273
2745 6143
1490 16175
9706 10765
2278 7842
8978 6777
10083 7661
13325 19735
16454 10593
3800 2770
2998 5488
16528 17863
17314 11313
18546 18670
15601 15733
1303 19006
1997 4454
19944 13115
15981 2826
15187 11243
16205 4443
16741 5956
1167 18118
14249 12972
16787 18522
4785 1827
5437 3687
15360 5576
3318 1530
5065 15415
13111 6966
7294 18344
6559 12786
9545 15515
15888 6005
2355 18404
13259 12671
15382 18461
18497 13528
12174 4802
11020 7801
9950 3290
14444 5443
8020 3201
170 2589
13906 8938
15925 14465
14962 11263
3227 6704
2774 14037
8509 18553
5709 2413
9029 11944
10406 8234
3096 12052
2555 9821
9428 11066
8216 16464
11542 6456
19251 7527
18159 17537
9411 8422
10478 19859
7339 15446
5202 5917
6807 18159
14951 398
13283 12437
15135 13338
11390 7687
3248 14428
585 4363
17328 15580
1855 14892
8819 1894
2560 16681
5646 5264
503 3476
6329 9486
1821 5891
4752 18590
19794 19946
2180 6732
3859 13518
5951 9411
5621 15003
16816 13984
19359 13170
19932 326
12153 986
8173 6753
8989 17319
9724 13358
6553 19598
11281 6270
13913 19779
4294 448
3023 1458
8224 5512
4911 15004
13963 5533
13365 10444
16197 11280
18438 3223
1400 17596
19832 4586
91 14455
9515 1315
19759 937
1713 10980
19875 9253
11128 18809
16621 14111
12310 10507
5913 20
14181 16304
4413 934
15888 8501
8228 10019
19245 13353
19552 7087
5119 16431
2922 1890
13013 7814
14238 2417
2257 8287
13582 17043
13497 6239
7067 18425
19956 14701
12157 6650
19074 5799
7597 3311
16155 15153
7602 11503
1209 16240
3683 6786
8164 17088
12808 15188
8203 3219
8982 16769
13255 3606
8268 5550
18424 15672
12501 15199
18840 11123
13700 11528
457 7058
5886 216
1113 2285
5804 13829
4718 19296
2554 16674
265 16629
8525 7723
19730 10858
19986 3651
14905 17957
14024 11325
16111 14887
13049 14010
8268 13273
9214 13113
16190 16502
17001 1965
8272 6013
16093 4386
1567 8184
19171 7862
13427 8748
1059 16005
17995 12542
9856 17777
9757 8426
3043 144
12316 19307
5864 11124
2633 18248
5590 17236
3794 13290
15277 16445
5144 6382
18141 4035
155 3559
78 12453
9758 11726
8128 12902
17643 14961
7142 6617
5255 751
17622 17522
12996 7839
738 12331
4040 46
2027 17214
18353 8985
5867 13563
19495 19785
19864 6180
1075 14376
12803 15205
7866 14000
4045 52
15556 19061
17537 9043
10154 6004
16003 1018
13104 4944
6383 18938
5691 18928
17856 6478
16436 18325
13811 17975
18672 11381
1103 16369
18509 18485
14840 18470
15401 12941
941 7754
12073 7940
15919 11197
3515 10070
14281 18155
4351 1758
12342 19885
17192 15530
13588 9440
725 19126
17262 2252
15137 19517
3822 8289
7976 18429
15699 17359
11945 15558
17207 11594
18637 6641
6913 18747
15136 3313
15168 14126
19337 10573
15945 10004
15931 14490
5079 16952
14536 14639
2972 5958
7228 19060
15800 15359
14633 3768
4719 13406
18513 3336
8706 3250
13521 7070
7484 16977
11285 17675
15157 15706
13298 15451
14580 2567
6496 8894
10050 7544
17881 13110
14198 1129
8495 18132
19063 10566
18894 7794
12917 2045
18399 2709
13791 6759
16988 2171
2440 6111
6880 4906
19334 12574
9348 8286
18920 4757
17492 7540
356 4138
7355 12416
5253 6525
17256 231
5390 7440
16952 1118
3107 4956
4104 6773
13949 12760
3227 12553
15145 16440
8811 1415
8074 1972
18718 18150
19575 8821
12044 18528
7930 15744
16000 14978
19270 18145
4664 17760
13448 16725
773 15297
16125 7173
16704 11277
992 5161
11299 16703
8165 3064
18227 14790
18009 14917
12641 5395
7831 5784
5783 5339
873 15032
5638 2002
7443 12837
2689 10129
17890 16050
8894 19267
16136 19036
18588 14155
5304 8322
6465 3781
4617 11921
940 1673
15348 1009
5201 15774
340 18879
13755 6247
18476 1950
3727 13127
272 4994
4742 15292
19393 9317
5772 13630
673 1002
246 4441
17691 1380
13169 17169
13843 3847
5029 10788
15268 10846
5869 16553
8467 10790
17318 10533
14928 18104
10366 9679
18015 10943
16021 12321
3633 2905
12611 5514
14000 12327
15101 9294
52 2085
5148 936
12351 6692
18354 15294
299 17207
13673 19397
4481 2231
11390 14626
3038 6094
15450 16315
12897 10388
8310 4908
13339 11791
7547 11406
1167 11080
991 15325
7747 5933
19254 18759
12740 9027
4733 15390
5822 2554
2689 6235
8773 11398
15380 17796
17562 951
2541 5085
15815 13574
15569 5429
1035 1326
19938 8657
13678 3894
573 1209
7273 4086
19633 11045
11346 19138
3835 13132
4026 12587
14392 9918
12828 16282
19391 16659
10515 15215
4066 13409
1341 3795
16086 15198
15860 14201
10940 8511
16142 831
4578 8297
18361 18446
19079 15931
18923 11935
7406 18929
4640 6628
13659 12923
13259 7216
12952 8725
14177 2159
5087 3676
19009 18161
11529 249
4418 11867
13962 10336
1383 6896
7032 5421
10646 8846
17227 13701
14261 14880
5104 2334
17769 14976
2920 1587
19112 8720
11723 18803
6204 3229
4794 10789
10875 12695
5979 18845
8883 1984
4376 789
8804 14535
13462 11899
2355 14847
4255 3967
16824 18399
2643 8957
2338 13616
11705 4276
5117 11287
2163 382
7006 7347
11682 7653
10822 10296
6331 18883
9996 14831
12563 2069
7167 5723
1657 19041
7275 14095
19803 11658
1393 1928
9054 15487
8085 7834
14253 2393
18210 2582
15159 1204
6877 7964
13427 7604
934 17690
2101 5702
8277 10812
4659 17333
17642 7395
4821 3554
12001 4375
10340 7612
13484 1116
15962 10378
2056 6639
9938 3526
14992 8466
13408 6733
19639 7396
263 14130
13062 14529
17472 6415
6571 7219
3050 8479
13890 10136
9220 3349
82 3464
13777 11862
10998 556
2955 14503
3694 15826
1293 3899
2390 8014
16436 7487
17951 19321
8370 19484
1259 2084
7541 19431
11663 12447
8650 13729
6156 2258
17412 1430
5927 1523
8916 3416
12052 17968
4261 7626
18305 17823
5506 2018
10830 13533
1548 12043
921 7448
402 18013
10462 18181
12989 11890
8679 14123
16741 2955
10344 4558
17296 12630
3900 12085
2440 9879
8829 14377
18971 18074
18676 1761
1283 6722
15234 16968
18149 18348
17477 17313
10991 3243
14657 8145
12158 2722
3512 1671
10079 17473
6377 8605
4434 16248
10580 2471
7646 8112
4113 14268
1793 9053
7218 5950
8007 15735
11012 17188
15295 11494
4371 13730
12428 6310
14908 18562
18022 13032
3231 9560
2456 14919
1577 467
11848 18169
19431 5492
9179 17110
4751 4673
4095 2327
10090 1359
5259 19059
5250 4481
2823 4506
13335 2213
17465 11662
11652 7400
8730 9148
12226 3460
4944 712
18766 19535
9427 11790
12936 11286
13673 4607
18920 13956
13599 5758
10891 5471
2916 8844
484 455
17511 9729
6018 14860
3500 7445
10379 13038
10393 3650
219 14700
4165 2642
10436 13474
13169 19314
3647 19372
7914 5096
18764 548
16174 15491
8962 9936
3270 10115
367 9396
3914 7160
12292 14985
7716 17006
14903 136
7427 6372
6772 801
8331 7028
9376 9067
4687 2882
19786 12483
5345 14987
2931 1687
16215 16505
3093 19293
1703 7317
2265 19943
11601 12947
976 5253
16004 5346
10311 7752
13107 4298
11178 13162
3419 4188
786 9947
8921 17210
17070 2488
17797 3584
7646 6572
12964 11629
15330 17114
15912 19158
5341 11916
16991 9880
15743 13377
16212 4019
3275 5131
4887 15285
10890 930
122 5623
9226 19542
15179 10126
6893 12239
17543 1017
17253 1173
15351 7745
16873 10557
3968 14584
6999 3983
9004 5496
11562 3854
6825 3340
19356 14559
3921 13502
18510 17304
15361 93
15259 1725
7409 10987
6905 17234
16063 17032
15840 696
3495 19216
4975 8865
19666 14306
14478 9306
10958 16299
15401 7736
3639 8982
7841 5224
15343 972
16801 13967
4366 11765
5904 10182
17452 15207
2727 2626
3820 9434
2164 15460
4356 9541
14638 3402
3470 11097
10946 3065
1550 19519
15817 924
5098 18963
6849 7441
18964 16361
18705 16885
16177 10039
4866 6287
19792 5072
5610 635
18095 8352
5479 5654
15625 3384
19901 4511
269 17238
4341 16297
16057 940
13797 10323
9161 10869
18505 12592
19730 13716
7301 9101
11277 13736
9031 19976
17767 12297
3700 18492
4702 15630
5725 11915
3686 827
3939 18796
17567 11065
3216 10558
9737 6197
13647 19104
9501 9474
682 7310
17147 13096
4083 5752
8267 4765
4690 10331
4837 19629
15227 2015
12105 15773
15996 1041
9646 13436
17020 8722
7386 4477
17960 6847
15518 7561
1610 17536
7555 13883
8959 6468
8660 5307
11574 12215
7886 7956
4814 6025
19166 2455
16572 4864
19992 1652
19740 19904
2626 4275
17854 3090
205 8803
7853 7128
19212 6381
12714 15301
701 9206
8275 1237
5625 5945
16690 4989
1760 13279
19596 15574
1111 14662
17296 6017
14223 7033
8962 277
11905 13889
16385 5859
5815 10414
4720 11709
8406 14021
8630 661
3697 8666
1924 13453
15013 3472
16678 4006
143 12643
309 1001
13008 13298
3232 18983
18140 4730
8754 564
11762 1198
16883 1734
3120 15298
3802 7012
18749 5543
8538 4219
11345 7188
1118 12622
17746 9668
2131 8050
3941 9177
11764 2939
16731 14625
7954 4891
17087 14970
2526 6837
7121 18908
2482 15695
9424 12023
7597 19275
3887 16683
15449 12436
6496 15600
13115 2049
19998 16897
14960 16498
16253 4239
3959 1469
19964 14808
13876 566
13658 6219
5810 10540
1222 9349
17931 16773
11010 12586
6268 8449
13745 2179
15755 17891
14235 4373
14213 2612
4533 18451
11278 6609
647 7603
1630 3395
19898 764
2084 6859
2689 5472
5054 8047
4733 463
4339 5473
17577 13657
18109 18862
1974 5449
9736 4227
11468 6611
8408 17929
19515 12465
11938 1128
168 2821
18426 12659
4812 878
15742 8027
6331 10640
4219 4330
1316 19871
16848 11144
17106 8293
3174 7345
16655 16060
7058 5044
14002 3713
439 3293
10551 12809
14331 1452
14384 11361
6254 3473
16723 19113
592 7287
15863 1614
2591 6945
17517 6064
16070 15447
17547 17810
16769 18386
785 3149
2731 16379
13104 11324
60 2894
19823 7466
3827 15211
10129 6952
15149 13045
7110 19574
2014 12540
9294 12
5857 5260
14844 8414
2575 8251
16381 4753
6867 1641
19726 9166
9565 16467
5316 16195
9070 16114
11203 9107
8711 8005
2614 15494
19148 14890
3516 3965
9145 15047
11796 18935
5169 3364
12569 16194
17360 6640
17434 5090
9806 12302
6773 14242
7533 2210
15802 7291
19791 708
19317 11637
18325 11913
2914 15322
10995 14774
17124 9050
12811 12441
7231 6537
10359 13244
75 9603
13896 7152
9141 17714
5086 15527
15799 13069
15993 8684
3227 2782
3053 18620
642 4116
7302 15805
713 10658
6416 2286
4062 18306
17847 7845
4980 12514
11339 1680
9013 10535
2879 13184
10536 7528
12671 10309
10784 11475
5981 9705
4386 7529
15656 12569
6268 19125
10670 2076
15635 11187
12547 10653
15654 7447
4473 4529
8662 18180
5769 16565
13536 5735
4640 1410
16858 8354
1449 14287
14128 8707
11199 2596
2957 19639
6184 17560
14769 8193
7428 10767
19501 2181
3652 6157
19237 11302
3120 2712
9143 19817
19754 10506
9180 2248
13376 14973
7060 19020
3010 5507
6141 18148
12809 19809
19338 3139
16086 820
14264 10346
18122 3758
11957 3848
17001 7885
122 8147
4694 12078
2351 18857
4339 752
6641 7825
9141 620
9565 6349
18879 14650
5984 17564
15745 12203
15239 1991
13702 5050
10230 9034
7740 13881
17578 3491
14528 7809
7039 13768
4024 10003
4033 3930
75 288
12372 9817
8159 7470
14837 2610
1609 4970
4208 5106
8792 12373
1190 1842
14473 10344
18304 1087
7096 17507
12392 9556
18120 17356
12274 6303
17749 3921
1188 19483
3757 12962
15051 6007
7761 9100
10130 19313
17854 19541
13360 10170
13885 5094
4912 1104
12709 12723
4191 7874
3807 6144
12236 6779
5406 18176
9727 1161
12809 4533
10050 228
8437 11868
4372 17433
7516 422
17178 13571
12905 15610
17330 10850
2691 5518
8238 6894
16478 14426
5859 18501
18131 5575
11335 18912
7067 5808
1328 5934
19346 6661
9336 11172
12528 14942
18953 3152
6834 3358
4284 15981
3300 12926
7759 10012
13859 7135
14269 18403
736 5016
14924 129
254 7147
19556 9381
6866 10665
16234 11362
263 1986
8035 17127
2222 7268
17854 5746
3092 11864
2548 17624
13281 7403
15903 10356
12857 1639
7407 4061
9172 4635
6955 790
6553 5923
4713 5456
13329 6845
12422 18779
1673 14216
10434 9445
19819 15565
16732 5978
3227 6932
78 2072
3164 18471
5568 18394
18816 6664
8862 5653
19712 10292
11569 10621
5610 19072
5055 2479
43 12476
12775 17446
19894 14592
11827 6408
2220 9483
6784 18742
13938 17971
10905 13465
1661 6376
2364 7337
10505 4282
16941 17227
11615 2949
8771 18953
766 2635
17152 4340
1168 837
19121 18982
12778 12409
17100 7172
2711 17345
404 172
15906 3704
9809 2109
367 6292
8216 16817
4113 4932
6804 9386
3305 3302
14329 10643
13289 18046
8065 11871
4241 8384
7172 3980
7481 7278
8058 9033
17183 16300
13061 10249
16058 12886
7099 4157
43 8441
8480 4415
13983 17197
2486 11278
15340 14092
10938 13896
10145 3986
4332 13194
14021 18324
14930 18409
10319 16197
4424 12113
10412 1885
4044 10395
18228 12477
2548 19991
12821 11924
10111 11752
3577 18484
6485 18961
8906 17107
3577 12370
9778 12087
13885 1331
9812 14862
14165 14186
1530 14140
108 521
6894 10360
15141 12061
14034 12670
13780 6749
3616 15968
121 5
16805 18085
13467 917
17029 15560
11290 17955
16971 2685
18312 11664
19617 18591
16914 16398
7515 16833
4740 19635
479 9552
11321 17831
6036 11072
16467 4766
19193 14485
7591 4538
9923 13311
17233 9740
2948 18235
17413 5740
19953 6673
6155 17646
15527 19362
12311 2651
17483 18895
7687 85
8277 14238
15616 15899
10371 1448
3648 19955
9934 9491
439 1143
18089 7605
14379 5624
16710 5113
2850 6821
14667 430
5419 9907
12925 1146
13793 3437
372 18194
14822 15476
14195 9068
15043 11363
15248 18782
9518 9407
8345 19655
404 9998
15840 18195
19331 6710
10184 10488
7493 15160
10006 9673
19021 17396
2631 4127
3800 6062
10629 17263
9061 14769
16506 12009
2665 2825
15805 14775
2705 19559
2466 4637
1991 1217
9857 10355
11396 7149
3258 4988
19248 149
3025 5544
15696 15551
2340 2522
152 19415
9144 11454
17286 5968
4947 11544
14502 2909
5986 1139
2316 6417
16591 13259
8637 4229
5292 10384
11191 8097
4518 3924
17151 16331
4013 14854
1085 4554
6718 12687
8516 3785
8389 7872
3759 4680
8575 17842
11457 1096
241 18298
2599 17193
4720 15767
16473 12435
2254 1696
9223 9803
8950 15836
2049 13347
2730 19156
13443 8315
16723 5677
17503 18608
9990 14549
9143 457
16283 3536
2730 14631
2251 9437
7819 17036
18537 13766
16244 19616
394 1904
5583 17311
2259 1577
3839 4500
10799 3471
16825 19730
8389 9521
508 9164
1534 9269
2152 18219
19074 15420
19034 12893
12669 4173
18894 19606
9439 3100
3285 10392
13582 9599
17861 15896
6846 13159
2339 13771
18263 11415
8619 8541
19964 13708
15913 18629
7562 14680
5741 8509
10066 3345
6913 17190
10255 10933
2241 7322
19634 2170
6906 19252
204 8945
2249 2946
11013 3136
6713 9320
4796 15539
11895 6767
19627 6603
19152 18637
12638 18055
6814 6171
12128 6743
19792 8109
10311 5075
18459 14120
820 7771
16634 11508
1732 19751
12615 19547
18805 11607
3616 13305
6450 17686
4684 19458
15159 4424
9018 18393
7572 12143
11314 1289
12137 16839
11150 1355
15145 6268
9958 19523
17177 19835
19883 19446
392 15357
18259 15537
11204 18275
11672 9963
2823 16367
15072 9421
841 3718
16649 10491
10604 19341
4865 17676
5537 11430
13844 16975
6893 7951
4936 17901
16237 1262
8097 1013
6905 19584
10555 16358
14282 5206
14263 13483
2203 16199
14363 7457
12317 18648
12096 12241
6870 9084
16828 18897
8456 10399
5362 16251
1378 18231
16498 5720
11673 7121
11302 11099
6479 3940
5006 5910
12695 12031
13885 1356
2454 18184
10920 11645
11562 6518
11672 16063
13785 16605
768 4267
16021 7591
12110 11632
7785 15468
7738 16784
1568 14714
13289 4634
9042 6428
15204 18617
11986 8001
4372 17650
2202 19469
417 4909
19463 19801
9445 15536
13325 14971
19785 13547
16385 16941
12719 617
8913 1843
15493 13748
17847 18599
13751 10985
13335 17405
6102 4801
6825 498
16851 4821
1796 17302
17731 17906
14354 17462
9990 13424
548 5919
10658 18254
2795 16380
16787 5150
15870 8398
84 4727
560 16220
19375 11316
17995 1075
15227 220
12698 5201
19954 19139
12648 5909
16210 396
18273 19228
14117 13784
10646 11002
4579 2074
7458 11078
5236 8739
6401 2888
14218 2079
10529 10337
2205 19140
10011 3163
15042 8012
2868 5069
19702 6607
1835 3452
9194 13862
11957 3691
9235 15876
2055 5696
4003 11865
11845 4321
7293 3699
5136 17226
14593 1766
13551 14248
15764 13335
13087 4400
7180 7899
15356 4660
16143 19870
5822 705
4006 3577
3670 11534
10448 7146
250 7704
19310 17101
3018 15017
15921 4740
4228 3878
15300 15518
641 17953
1376 13847
14144 14046
9676 19389
3452 13499
9952 5724
6864 14768
17268 309
16837 11351
1082 6897
17240 15384
19538 2928
9214 1631
2980 403
18202 10569
11329 2854
15353 5197
11605 5957
7748 8022
3387 8333
12888 19531
10129 3489
5932 12936
14383 2964
15524 1092
6757 11370
2290 4661
14043 4484
16970 17025
5272 19600
13332 17715
7167 8478
6857 12492
5060 12847
6489 4362
7420 974
1991 13962
8062 2123
6235 11610
13687 780
5889 19610
6779 8470
7438 13997
18666 11623
2918 14351
5577 2674
3998 12291
8269 13408
12140 12141
17658 4455
19145 5997
8035 254
12819 14332
8147 11584
14340 19147
8459 17125
19810 15401
246 15263
17775 13129
17986 8922
1550 414
5712 8351
17387 212
6122 12486
15201 6231
16558 5056
9164 482
16942 4901
12058 12039
4810 10941
4608 4585
3640 19473
3585 17977
10416 4835
19885 4172
9358 16408
18274 6097
2932 11152
6298 9432
2678 14570
1270 13199
14771 3712
922 19750
18998 18162
10607 1396
1001 17603
1026 12462
5686 8999
14394 2418
4999 1113
7233 8651
18004 6820
14665 2927
14915 74
15194 1939
15850 860
6184 19202
17969 15960
17262 18752
17056 14907
17448 18911
17366 18843
1864 4058
15518 17816
869 4671
11634 17187
11315 16204
7940 4993
13050 5351
3600 3981
8733 10321
1558 15983
12990 2091
5458 9444
9310 13864
19670 14048
17537 12919
19918 5279
6338 17668
6144 13789
19093 3257
18270 12523
11599 1960
5142 11542
18563 8574
6151 16620
8238 18877
11087 19009
4435 19743
702 3120
3516 2910
8758 11047
11130 2153
19786 4235
9070 13760
3528 19661
9675 11379
15072 19826
8306 4505
2975 2592
314 19846
14851 19385
16782 4496
5094 11050
3386 5927
1594 724
17967 18694
15717 2372
17329 9738
17405 9580
8095 1507
6191 12041
5419 13619
570 5461
14925 9072
11012 6491
14 8671
3632 18697
5491 19709
898 14685
12200 17618
2371 10038
1233 6335
5726 9802
16877 3015
3354 17189
15073 17755
11255 3020
18844 3686
17739 1155
4220 15751
13100 9000
5853 15168
2082 2420
4660 12379
10457 11393
19397 7331
5895 19908
7207 15814
7575 14422
9575 12395
1774 17989
7128 16118
6272 3200
18827 7516
14397 17456
1756 10841
8065 18995
1528 9191
7579 7740
1233 11192
18353 10135
4518 6195
19370 3819
14682 6585
2503 1537
12155 3485
16333 15212
3007 16638
3523 9463
5436 402
11857 6223
7541 2183
6815 10840
18140 14817
15317 17180
884 6728
3693 1177
4758 7734
14482 7557
16368 16107
3258 12964
11516 2073
15686 10975
10850 12024
4872 8554
11354 885
16619 11588
7437 17413
11945 9544
13947 3301
8177 16161
440 6684
16834 79
10097 11721
1242 2288
15773 395
506 18815
5419 14583
5881 552
18827 11338
540 9709
15412 7618
16302 18526
7127 1548
8033 23
4585 4644
13844 15259
15797 1585
8902 19095
12111 13554
19885 16216
18998 3864
7100 19932
19603 19012
12644 10508
19292 16103
9211 3752
17994 10642
10269 12533
9658 12680
1872 3062
9133 6542
11393 7422
8479 19780
15510 8285
9018 4705
12317 3996
14873 12605
17934 11279
9245 14436
9259 17926
4419 3586
1233 17041
99 2665
16882 9159
7920 14779
675 12649
10536 3034
16655 14950
12075 11943
2492 17495
10272 944
8564 1926
16224 12513
1151 4587
2165 2632
4683 9719
17906 18622
4906 1267
17093 14273
8099 3972
12422 14635
2745 19019
15569 12881
10749 14826
13620 13198
12666 9587
9010 8476
8906 5722
12653 3715
8968 4141
18237 12635
10133 18573
3040 1071
37 11487
8626 8813
8164 9415
6544 1788
246 4377
1050 11023
19814 333
14183 14989
10324 7232
37 17635
8659 4190
2261 10048
17438 13831
15234 10417
6624 701
6369 15646
10902 12111
7995 17885
2470 16598
16451 14564
573 5747
8721 17320
3796 10920
3296 1997
13736 19075
15421 3394
8756 1391
9043 10028
2648 9360
18339 12421
8760 3486
9975 4542
18449 11484
14994 3938
9766 14260
13507 4539
3600 9789
3240 11657
14901 15031
17292 5177
6418 4186
16040 2536
2665 5357
2211 8587
5789 8065
1303 10678
8771 13390
11593 6142
5322 18502
2244 13303
10113 8204
10039 13536
16966 13418
3432 7530
17549 19907
9245 5088
18878 18508
4913 3675
17517 12766
12698 11497
14390 1048
472 2520
6387 13700
8967 4312
12674 9812
17684 411
9923 8231
3690 1192
3322 3172
17989 8904
7372 9015
203 19301
8206 4826
5276 16138
13863 16311
7114 17997
8644 14134
15946 5049
155 17933
2390 5391
5793 2617
19509 9141
16162 12256
99 2839
6918 14968
4311 3971
17004 5505
7467 10242
9542 16591
15553 15964
5796 3079
19108 9788
4887 2101
2223 9919
14591 11357
3923 18544
15342 3284
15993 3830
14532 7926
14021 9485
7883 18876
18013 3514
16416 18495
4889 7410
16474 14660
17249 17118
14474 8761
121 125
9124 15329
17022 15221
17966 17847
17596 4366
7938 17689
1135 12274
12000 4903
15380 11656
13215 10010
18880 11974
6848 5025
17969 8630
13693 14276
4006 12938
1400 4508
1174 1606
7412 6696
5557 11801
3058 14331
11785 11479
145 9878
17642 17086
1047 17346
6582 7567
9509 5403
18810 17851
8441 226
17221 11811
12829 12165
15573 4962
9293 1924
3104 760
248 16169
362 3417
6508 1203
14874 9547
10019 11810
3448 6196
17507 4223
8612 1038
18539 6545
10583 17629
18761 8110
5436 201
3244 4952
168 9945
17848 7231
18149 1996
17876 8221
7158 3445
14313 10982
11941 16222
6842 276
7703 841
100 11973
19021 6940
5012 7790
12017 12121
353 12225
8546 17633
16159 5894
18585 8380
9958 1274
18484 18220
4106 18664
6057 3771
9101 3542
2260 500
4702 14762
2078 14118
7407 2628
5462 450
13472 8292
6625 6689
19287 11182
8335 15377
15386 17023
8006 626
7208 17113
9714 7602
10097 7759
15563 6500
7438 11568
17518 13206
13944 7597
5827 5380
12628 18287
15648 4045
17369 3381
18774 14939
6596 17083
15107 14956
4823 1012
4067 4198
19838 15387
11851 14088
6451 3102
11624 8031
5001 13264
464 8808
15829 13048
14880 19037
2412 3265
12119 6817
7274 18580
4205 17746
3634 99
8406 13289
9931 12361
394 18998
12607 10819
3738 481
16812 15265
8991 7356
5504 1514
11260 115
6576 1819
7687 12351
3647 5552
11566 490
5038 8134
5768 2125
7581 19163
13313 2204
19061 12716
7638 11719
14989 14131
7528 13131
18388 14548
2767 2509
11401 14958
10181 14252
4027 16136
15514 13561
1090 4947
15250 6819
19229 5804
10148 17484
17120 11749
7497 302
19726 17028
14274 10949
10099 14015
3272 1194
16262 10274
19614 9192
10515 2187
13436 8519
17193 11245
10590 7720
9166 5610
10177 3681
17797 13095
4961 12279
12995 903
5357 7181
438 3224
18850 19136
8417 2683
9353 18049
17303 19197
14719 19678
12719 6989
6111 4709
9267 1435
5041 18632
13563 2903
12996 9564
14845 12177
13802 8527
18994 15910
15568 17412
3949 26
14689 5778
15649 5786
7082 9364
9482 8612
4690 19902
8632 1147
15837 15439
4817 2658
5211 18674
15188 9869
14278 9954
12737 1824
6655 17380
16472 8189
8417 10294
427 14224
299 19206
1958 6138
596 5572
14631 15907
10457 2190
17459 12319
5681 18436
5066 10061
4608 19803
3973 8043
7790 7011
16554 16201
12440 686
1412 19472
17784 19827
18356 10210
14431 19151
17492 13457
11435 2644
6955 218
13986 10459
14880 269
7916 2879
19922 6229
8084 1733
13974 18136
3427 16538
6006 3550
16104 3666
1835 497
13887 19557
3602 10471
2364 2435
163 6600
9250 14068
5939 16537
1551 12064
6529 13790
7955 12156
6073 8445
10137 19650
1793 17048
14657 11135
17374 12808
12206 19384
3058 18642
3608 5503
1093 10068
9035 17693
5989 3095
16575 12303
3427 2705
13370 18616
12740 543
17197 2832
12728 18958
19627 5061
9064 3931
10110 12994
6429 10758
8362 12454
8193 5964
17624 4338
16147 793
10081 1419
9539 9689
13667 18291
5480 519
4242 10536
14420 13762
879 4409
11788 1354
8171 16602
15115 19877
18829 17530
11700 9708
11031 4560
921 13969
1276 15703
12844 17132
5625 1346
8539 4436
16522 19524
4181 15778
4720 16203
11401 4021
15980 1678
6702 18106
9778 1621
13230 11041
10913 127
19694 6846
12995 6151
616 9281
5097 14885
8061 13327
19609 9622
4170 10385
19532 18609
19125 9322
1793 7025
13050 13090
2061 1055
4259 12660
12342 14895
19206 3741
17663 16162
7828 19749
12755 40
15182 11997
17225 19937
18664 13472
11109 5534
6310 15686
19400 17269
12261 4776
9629 16236
19035 18638
1082 7489
14057 17729
11451 4411
16111 3258
19540 19071
19169 13145
17439 7430
3654 18082
12813 726
2159 8893
6613 18959
19083 8640
772 2682
13369 14921
6991 17671
19523 893
10829 19774
4401 241
16506 443
7899 19551
7600 6369
6550 8011
9656 15588
2738 10164
12431 5362
18094 159
19086 4199
9333 2464
6873 1168
15792 19499
2653 9853
14212 18903
14173 3401
1076 17557
12512 10698
3987 11900
7524 15662
3095 2043
3322 7508
9043 12737
3537 5878
2618 15573
12563 8771
1148 12632
3936 12072
10690 5296
15991 7383
12165 682
17569 12283
7585 7592
10379 13361
1408 5737
19465 11936
233 6320
17504 16928
18793 19103
2524 1073
14567 5238
8231 7631
9994 10382
16676 5011
18999 18312
11314 8882
4273 10216
15963 496
10393 4629
4705 10247
14646 7089
5895 12030
9582 721
8862 646
6053 4011
5932 14366
15705 17911
19056 15808
5134 15594
13178 10017
9570 19459
8788 19161
19781 2723
15833 4323
2579 14731
5236 2196
13041 17493
2916 10233
16522 1332
8260 9371
17156 13475
17237 16898
11955 8335
6400 6228
12958 11424
18165 9272
8024 436
912 8953
2602 5921
19509 17601
4879 2637
12760 13005
18356 12481
12829 16544
4490 7030
1059 17712
18168 2260
11628 12323
15227 16125
19400 17020
1053 16685
5222 10852
16596 4736
11720 9845
5156 19490
10560 2531
12857 1801
500 766
2223 6739
14028 1397
10051 10443
7942 12876
3441 19420
19851 9546
4167 9642
18521 18813
16034 15521
16208 14746
19279 4369
7543 18033
11708 18318
7262 9404
14271 16423
10125 68
13467 16794
5699 2887
11964 13756
9942 6220
2457 11787
8419 4658
14070 17508
4280 10962
8238 15954
17408 13059
17788 18880
16210 13437
8166 11654
8913 8336
13892 12174
9908 12658
14526 14207
14008 7350
10724 1474
16266 16687
10646 13791
14105 725
16960 19689
2131 18672
18840 12398
985 6392
1254 6622
9728 3432
171 10804
18951 7335
11554 12190
19186 10834
15449 7478
3481 18336
6849 2924
4608 10319
4985 8271
18069 16215
6724 11792
3974 15855
7084 4349
16647 12785
4380 11642
4435 12831
453 15793
16598 6281
15198 6957
16465 17562
7372 14934
17026 3549
16438 10957
12989 11329
2545 286
4915 15379
14682 8319
7296 16829
12020 733
11660 6173
8675 12212
3324 7991
18788 1573
6291 6798
13873 8606
14425 14054
10427 7713
15497 4390
2433 8927
9813 12750
7954 11977
11872 17419
3835 2458
8219 18217
10316 14167
9860 4507
14235 16187
6048 7935
5255 5199
15391 17308
19659 14215
10011 13284
15763 10922
3768 368
3523 8645
10393 15073
5769 4804
13928 19754
18106 1938
15600 13040
16634 9339
15959 5156
5958 1718
5719 11173
7798 11881
17416 12763
13373 8154
14218 10263
19238 2383
15358 15712
18402 2696
8232 2906
17739 17318
1139 4403
6997 8135
18994 12780
12395 17533
43 897
1793 461
14568 480
16065 13666
1646 13667
2248 18612
9655 18586
6801 16473
7750 12634
12314 385
1232 7281
4155 658
7763 17095
12837 19106
6604 2793
7299 13100
7524 1714
18296 6506
15537 15053
1220 2221
1238 18623
13449 11058
373 7957
13045 340
3452 19016
14216 2118
2805 10815
7885 14517
4844 2026
18713 17502
10589 15179
3476 12697
16678 6318
8672 16756
4474 8113
1142 5886
4651 13395
7113 12172
4882 13144
3405 2990
5045 17942
17604 14293
111 16442
16828 18684
16891 9310
19338 6533
8 5229
19881 7020
12821 8743
3390 7046
11154 11863
15086 16753
3182 1623
12423 10353
10210 7136
15493 7108
6075 3436
10006 10687
9628 6575
4264 1589
5682 12990
10023 8908
10223 16757
13361 222
2680 12026
18513 15076
14516 12830
17788 17177
18228 4728
264 2771
1585 18387
14307 10416
14727 4093
19993 11009
236 3893
12647 11211
17917 17447
3728 16618
13462 18884
8260 2907
13876 9971
5461 9113
19755 5479
2073 19839
7191 15331
19891 6676
2872 7884
11973 7816
2380 14076
8092 19363
17266 3803
19802 14098
3808 5099
2202 16312
2210 17841
12556 3191
14002 15382
11020 8058
18064 11819
18581 15865
10646 628
6854 9466
5408 9591
7209 256
16540 2449
566 7077
13840 16181
13811 4389
15593 9549
4131 10582
14517 8695
3225 12867
392 10775
13858 2106
13020 190
10990 15697
17128 19745
15533 824
7787 8569
10012 17694
9042 8868
19047 18602
17734 7994
7763 6444
6165 11932
15824 6760
2427 14269
11851 19901
12336 1773
6442 16294
16432 7133
3381 5749
4608 2548
9289 17739
4947 489
12174 12927
10232 7517
7719 11450
16532 14604
12819 8577
2614 2768
6510 12292
18943 728
7636 14481
6100 7637
9082 11071
7029 5320
5368 14394
6707 2630
15802 11980
9023 4020
8057 17335
14002 5952
19267 15061
543 5676
6135 1360
11888 18144
2541 8265
3100 2255
12091 9505
11546 7262
18184 5787
18849 12802
12050 7072
7138 8302
9420 2711
5251 7477
2570 5306
9119 11355
12079 8488
2249 3603
14530 6353
4095 13855
14259 16152
7941 4556
16673 17504
3556 11653
12538 1607
4881 13026
19926 15905
18958 7010
19523 2416
15345 2845
15230 17000
16656 2570
12238 12157
14011 19873
19890 5207
540 9681
12338 8207
13614 16099
17576 19822
17766 8394
13758 5149
18106 7054
11325 7710
2911 7795
16991 10103
11435 17007
17322 14247
17646 9297
1969 12335
3212 8992
3805 19312
7495 14864
7394 5295
2293 9326
309 14360
4061 13272
7862 19168
12889 4513
3959 14647
11057 3408
10983 16422
16386 18821
11801 13687
9029 9855
2445 16027
8568 6843
3342 1840
3910 13448
14094 9436
8733 7679
15983 19250
5079 17684
7103 18090
16522 9280
7935 19254
11605 16887
11277 13219
12487 19536
10267 1760
19114 1666
5471 7550
8617 2250
16678 13690
8961 2871
7278 18069
17222 479
11172 7446
10411 10544
17296 2317
4041 3032
5098 8591
5414 1025
16165 19430
10051 2526
18677 1809
1371 1086
12666 14697
170 12524
13011 2068
6123 16913
12585 11203
5302 13414
14587 5046
15438 14194
19370 12673
9736 2462
12546 10408
473 10391
8430 2279
4859 6131
6637 8634
1135 541
17133 12164
16008 10960
16227 7944
19495 9106
15945 15089
2109 18669
3654 4495
2103 312
1517 3086
4242 18546
17039 10072
17985 11190
6695 19475
19509 18819
4861 13810
7945 10895
10185 15742
4484 6476
5275 17454
19524 6227
12552 10966
7062 17798
2560 8338
18958 773
1932 7775
19676 19460
17798 2059
3256 8602
13915 5706
3869 7217
427 62
11990 13000
2972 4466
15923 12921
14784 2243
8209 3839
17757 3644
15850 17974
774 10442
1904 18377
10950 15640
13666 16108
2408 4209
18605 8729
14657 15092
10905 15464
5489 18476
3791 6330
9255 11677
1554 11578
11417 4618
12764 15156
15702 17720
3941 922
16586 11929
14397 8162
17624 19597
5871 5053
4083 3233
13094 6421
16162 6442
9670 17469
5567 7595
5030 7023
5427 8746
13576 7423
9210 9941
8040 2731
17685 11012
2086 1882
18045 12515
17374 10597
62 4419
6767 3840
4439 18559
5762 6614
16292 1297
18401 594
13241 17824
19491 16664
18677 7541
11364 11972
1587 2691
16490 947
14192 18454
16502 4218
8461 1249
1188 19911
17569 6937
13437 3216
5681 12151
3169 7819
4705 5885
13796 1496
13215 5772
16844 406
4004 6136
5604 6374
19461 11051
1118 18077
15098 11021
4980 13309
2249 15057
3485 1521
19715 9186
18113 2444
10945 16730
1183 8683
18268 9911
10379 7191
7671 10754
2626 8951
1982 14683
16517 13828
11353 19558
11853 18525
8822 11784
8565 13646
10694 7346
4719 6556
8662 2391
7082 15897
3759 18170
19714 16599
5804 13209
4742 1438
18349 5265
3157 10310
18566 12640
2250 17621
8464 3595
12490 14908
4769 19077
4336 5426
13601 13034
19973 5110
5 4131
10278 11844
1486 6613
8933 3378
10367 13932
1522 11427
7165 242
10122 4517
3275 18518
7801 16955
3882 7988
15759 15347
12354 18514
8774 7934
16025 15398
9508 6255
7869 7065
4443 14102
14925 16481
6477 3740
8294 6267
12270 4833
9411 17937
17460 2000
8276 5111
9479 2999
16083 14323
16701 10637
17144 6712
17669 19935
9976 6132
15807 14159
11760 2800
6368 17914
9735 8741
5148 2687
9497 17924
7018 15022
9175 4841
7883 13654
4344 5143
13513 10156
15043 4843
16825 16083
387 11081
9958 17252
15157 11213
1326 11892
6790 18503
2665 16676
18205 4900
4869 8838
10023 8374
13193 3387
15766 815
7082 3092
11634 5250
2124 343
18188 8161
16220 342
11650 17652
8007 4522
14461 7511
62 5926
3974 17053
2561 2869
15671 7455
1264 16569
4061 19686
18664 15428
11115 6260
17464 19715
4075 12404
19338 10159
18493 16244
10993 905
19876 15784
7709 16700
2320 10254
12299 19353
1120 4777
19699 5668
200 8443
8397 17653
18180 5364
5532 12405
10518 15818
13904 12948
15763 3013
18653 11231
10732 19957
8341 12114
19450 17146
345 18713
14514 12403
19657 13873
5124 19315
16083 6103
18089 16848
13009 18850
13623 16667
3334 2407
15241 4469
9687 16013
9150 4075
1268 16934
19783 6647
7565 17962
11424 16363
17438 11010
6802 14766
10762 16726
13168 703
17178 1978
17243 8620
8282 15641
17964 763
1062 12815
5709 12672
10434 13416
7591 4066
17529 9475
7982 1942
14479 13258
119 14692
7473 9375
11415 5081
4178 5635
3234 4743
8831 13919
15101 5788
1568 15598
4443 1832
5986 4852
7401 8913
6318 4294
5312 5994
18318 18018
18849 17478
13301 17105
16970 8421
9618 18964
10269 16058
6836 17960
19509 5480
14440 9823
14822 14141
15204 1745
4328 5609
15145 8492
11582 14545
5485 524
2385 8261
4049 2565
16670 11445
10801 2679
11230 17638
345 2262
18124 5068
13306 1117
1029 866
2297 1347
6728 14342
9944 17825
9345 2593
8051 5374
7304 9568
19864 11570
6633 2239
15724 6908
5378 12608
2834 18378
15535 17934
6462 7703
7345 11096
9451 5771
13482 3617
14708 17115
8185 18949
9903 2191
8449 17866
13630 2496
7787 11751
11315 4514
15743 474
11494 11693
15625 12432
8339 9073
9662 16245
19222 5065
2801 7414
5993 15040
4836 13354
8530 10116
534 4316
19135 19726
17731 12612
9150 3929
10487 7170
11695 8170
6165 8227
13176 18128
3121 7155
13022 18817
185 5763
5251 3427
4372 5310
12020 9091
4338 3051
324 442
12642 19366
1451 3615
12258 3031
10450 4792
4395 14994
6412 14572
11697 12474
1224 15467
9429 17274
10445 1586
4754 1453
3604 19571
1519 8673
19065 9965
14049 18676
19247 6221
4980 15561
12962 476
16718 14741
7385 14250
12407 6512
7598 8123
7769 3660
19758 5288
10477 4888
13753 19984
5681 3580
6585 1737
9724 14006
10938 3855
9813 12965
16397 13656
18426 14356
17739 14525
16678 5970
9175 19624
12327 6987
14350 15973
18245 7952
9262 6248
18712 19137
3591 14145
4464 13942
12426 9217
682 12063
9234 695
3452 16490
18259 13193
10912 11647
356 586
9423 10154
6734 14623
13667 14615
10717 15639
16399 2379
4162 11678
13716 9216
18210 6558
18962 6953
8065 6204
13273 16711
12176 4248
9725 861
14851 16164
19890 14911
7189 10357
18916 674
17258 7514
16991 5146
11002 4040
18841 2966
19429 7156
12288 16426
9464 1594
4810 17172
17773 18252
5171 12761
17268 13299
2479 13951
15785 17386
9166 17542
8502 10143
6451 4137
15170 4003
881 13430
9061 15000
6982 13857
3914 82
10649 6480
15121 3574
8370 2655
11386 10891
16994 6865
5086 14816
17735 6355
12315 1672
4275 11488
15479 17644
8733 3512
6254 2325
1644 10304
16023 15623
10450 3435
9489 1724
11932 7943
18610 16012
10160 18795
2740 5643
2213 9775
15675 5766
15226 8248
16648 18400
11176 1746
7487 6911
19582 12457
15338 1240
11351 10924
17954 19752
16745 1385
10705 10222
16082 7391
14762 2742
10636 7334
10330 8069
17695 4451
17001 6854
19635 1375
19967 4980
3903 4731
5793 5983
8358 9917
19222 14788
12673 5247
11324 7100
3612 2202
15541 14905
13273 19589
3854 16593
17899 10842
10049 19073
16672 16378
16662 9550
9766 16435
10793 2428
19145 17882
15123 18021
17695 19840
1781 19164
9942 18524
9712 17539
12168 3195
8802 19309
6057 10907
7567 1881
9458 11827
1289 10069
17695 5141
16499 13459
16928 3127
12740 2611
881 8237
2520 15133
1429 18954
19749 15880
18955 4654
6031 7859
19378 9205
17946 12116
8635 14690
6898 11901
19179 9737
1596 18415
789 2625
15325 15033
9943 12511
11160 3019
8604 13685
18059 7669
11116 3063
3145 8216
3043 17292
2135 9641
3249 1870
10206 14190
9610 7577
17774 3325
9932 16948
9858 11745
19814 4365
10675 1175
8431 5482
16866 11028
10010 15034
9519 11098
445 10971
1568 16011
19503 3829
5568 17513
11350 5379
10041 4760
4993 3154
12003 19942
1304 10113
16655 2918
6461 9659
6700 36
6134 15877
18033 2796
17028 5445
7886 13371
6867 5589
6909 14497
16276 12154
19779 6322
15742 12897
10457 4431
10614 16611
18221 8229
961 3631
6250 17830
736 3468
10963 18014
2013 15438
16289 11960
7870 10575
7409 19246
6826 9875
12864 4739
13922 10699
18648 14249
407 16777
5859 9769
14245 15777
2513 18866
2686 3070
17183 7537
1264 19450
15097 10364
1064 19054
4512 7846
1174 9551
19239 19734
11656 11955
191 5831
45 9993
9706 17501
14266 15096
17151 3530
9165 14085
19444 13797
9008 5388
3925 10232
7426 7652
9753 19748
7856 8703
9673 17452
8608 13702
17669 11137
6204 5125
9209 14243
4409 10021
13193 16252
2458 2764
11444 12227
1928 10872
16111 2180
19697 8656
16239 776
15785 11884
12915 15898
18727 10748
4190 13003
17278 5408
156 14845
5066 12827
5810 17120
6741 1304
18672 968
11813 15091
5255 1242
16168 17466
559 19940
10221 9493
10876 5559
8520 315
2317 13668
15255 15918
13541 14726
1024 8521
7734 3729
11365 19966
7787 6824
14844 19082
2940 5241
59 1947
17122 15052
18756 10514
2379 11718
3573 2720
18932 11471
14215 18932
14525 7549
14494 5619
1331 2161
17183 4869
18446 7471
8925 10527
7976 19187
16336 13548
17790 8385
7663 18660
6305 12558
9314 17845
19136 2145
123 12736
5695 7555
10411 2282
9253 2339
4441 15101
11308 18088
8426 1050
13462 16372
4866 14420
3547 2297
17435 10807
11044 2460
18370 1785
7791 17584
13666 10168
13786 950
5167 16653
3836 8362
5153 8596
8354 15489
3800 14379
4629 17827
2183 715
7740 8496
6318 13713
14866 5105
4968 434
8368 11759
3358 5511
10351 11443
9895 18422
14573 14378
16240 3457
11632 1852
16465 14419
12704 19162
6623 8650
7127 15105
14603 17884
4377 14494
18443 6765
7787 8224
14462 8551
2329 13085
10729 16519
19697 19512
6291 11762
36 387
13741 4002
2180 1232
8485 8015
12019 1488
859 19042
1660 1282
2117 12467
2680 3455
9763 15435
3379 16951
10941 15176
6206 13435
9006 11093
6217 1799
5557 3935
9314 10892
12661 10438
7507 17102
12612 2151
18663 187
6157 18552
7390 13698
91 1324
15073 10151
15368 3202
13289 5539
570 18205
12740 16891
175 6675
19859 2797
11632 11773
16452 3645
443 8623
10536 7372
17987 19720
4049 15636
2531 4234
10498 9929
8275 15230
1955 15046
1767 16526
11350 888
11899 4710
11793 1830
6123 11730
8268 17022
14047 13462
13314 3870
9787 13422
12777 7418
6167 9096
5236 11310
5293 6570
11212 10454
3653 3596
2541 7127
15967 18147
11291 6312
17768 8080
10566 8585
3975 14235
17774 10386
16952 11496
11753 8256
11430 14222
6924 4483
16183 7750
15135 12719
5222 17643
4959 4407
12704 10656
3011 17168
424 12098
9946 13079
1184 15732
176 13141
3790 1295
2048 19398
9597 19857
4251 8888
3952 14509
8785 11530
13702 9539
18236 1601
495 17167
18636 5929
5323 19257
5813 8220
5208 353
15224 4457
18705 16639
15750 8348
17703 3585
7362 1512
13822 9790
17929 3341
19726 12202
19894 4120
18224 12871
11163 4580
18168 15661
6235 9178
18281 12677
971 9227
4449 16407
9515 2875
16110 13417
13328 855
4937 2218
5922 12578
5977 17609
8759 11005
5895 1031
1744 13261
6659 12606
8049 15434
114 9570
13652 3306
16875 12817
16872 6608
7995 12142
10764 11665
5293 8817
10954 320
10097 14999
937 4341
8233 4123
4152 9896
4406 14148
11541 2294
19710 5546
10780 10953
16021 18202
8063 18114
3800 3506
3043 9910
1658 287
4144 206
7525 14938
274 16816
14770 12359
2371 11753
12258 1165
4104 5557
8873 18789
7314 19767
5915 4720
913 8890
2608 19381
2466 9696
3709 12727
6791 9103
18046 12620
16735 18753
10371 17849
4351 19667
13391 19271
5386 7101
5791 6052
14139 17081
14063 10989
988 11013
15045 9059
3473 11606
7420 16890
12301 19895
396 11608
17378 3858
2002 17437
1734 10033
16294 15079
3157 6874
13376 19480
3175 18872
15941 5728
6769 8164
16757 9265
2636 8618
9410 9662
8840 2975
522 13950
2481 8766
5869 19938
14028 3053
7802 9885
15633 16377
16615 7316
8386 14421
14028 11428
1035 1934
11711 19811
7164 11769
7693 18002
3270 10956
5989 11625
2568 550
4823 17580
17985 13054
12327 15720
15252 18680
16195 6450
7472 1141
3865 7553
9719 5627
18140 3256
12581 4547
5608 17010
15905 14645
7548 7099
9979 5455
4176 12884
15797 10551
6799 7739
15216 17212
3903 7627
3040 1967
10462 18368
9613 19956
11052 9762
11083 19306
10430 9298
17408 17239
9314 1483
3759 3564
10073 5614
19563 9886
12433 18548
379 744
7191 12549
17327 8194
667 19573
16060 3850
937 3207
19223 12251
12678 16922
1082 14758
15101 8637
82 6326
5412 8734
2037 15124
1794 261
5986 5726
5152 6662
11763 1835
3531 8737
19591 1662
3403 12627
18916 5412
15566 8313
7727 9224
8236 10479
3615 12375
9500 3869
2116 2513
10302 18584
12097 12701
7978 11616
672 9010
4608 17262
5505 2525
19409 9257
15977 7718
17416 468
9970 15393
13882 16295
18106 16981
13242 17921
1346 10627
19142 9425
10829 17179
4493 2108
7385 19854
6107 10725
18844 12534
14096 16504
11623 3414
16326 6770
11108 19209
4252 14587
10694 7747
3546 8851
11393 2474
18246 3125
15692 18320
17330 2009
11635 10485
6577 9397
7217 13392
1554 11772
15456 12433
3900 4052
1364 5020
6207 6924
12502 9806
19335 16224
13031 14538
8648 16260
3555 15869
16487 19081
17305 621
17874 1532
18511 16828
4751 739
3595 17706
13948 4092
10463 11044
17187 15369
16637 814
10152 8343
6131 8141
4425 57
2430 6080
10639 7014
16689 12308
4688 18493
12960 11185
11585 12770
3528 6321
5317 6302
8709 12600
12169 19119
3097 14059
1053 9969
18709 7267
4056 10719
11052 120
11211 7981
4141 3945
18803 16157
2224 13823
11463 919
5435 964
2773 4840
1263 1781
6515 10053
2513 15466
6449 5441
18089 15114
15219 14051
17897 879
5057 19479
15073 16415
14707 9097
18674 17003
11733 5864
6318 12229
13781 12025
6798 9646
4990 3562
19321 18099
15778 2776
5266 2226
6816 19442
1402 13976
2234 5188
17075 15067
8233 5574
4127 16314
6884 8290
6291 11552
2548 642
19604 18345
4656 11473
1103 2992
10115 18951
6568 4055
19632 7368
19074 8030
16312 3267
12171 2195
7290 2806
9119 16065
13507 10221
9596 11914
17887 12391
9547 7115
3386 15926
19397 18083
2036 8003
1796 6455
9575 15385
4322 17327
1168 5948
19671 13945
4359 13389
695 17592
5757 245
14963 9008
560 16056
12481 11942
6827 13053
19122 12505
15192 11052
11709 12768
59 4254
4582 6781
14050 5084
14531 6605
1793 6644
19023 5377
13770 13189
4471 5076
3602 9270
4395 5608
7997 11878
376 7849
9862 6697
13215 12258
6343 9447
11610 13410
7005 15429
1645 14462
11602 12246
546 14912
12669 2672
18947 19968
11356 19318
15613 4442
7100 12563
17318 11485
5521 9754
19247 16143
16326 10701
10342 2690
1682 7712
9276 14457
16657 9730
8739 4439
7409 8887
8070 16900
2668 6656
1493 14425
12260 11615
12587 4954
15873 2230
11301 13593
3441 12856
4785 8500
13734 3597
8113 4029
1488 3167
4176 341
10852 8409
5413 175
2378 18656
12568 2895
678 5302
17266 3442
13852 3841
16237 1097
1444 1877
8752 1700
15317 70
10551 15893
6678 15129
6161 15505
2023 2989
1008 8531
19878 10260
13871 9333
19324 19611
15837 4284
9893 6301
12663 3867
13736 16530
19546 2400
17588 8480
7580 12346
11173 10706
5698 10931
2653 19747
786 16559
17714 6043
8753 2783
15167 12709
11462 9285
4143 9660
11597 14452
3668 3636
10891 15947
10821 14528
10487 11587
10588 13709
19588 3809
13999 16073
6741 17788
2458 8494
3707 16447
16959 6484
16891 9720
4966 16191
17278 7574
15899 19439
15851 4685
2649 8235
14223 12725
1526 19718
9445 3184
8849 5447
18546 16335
1029 2600
11268 19358
4532 9223
14984 7086
9774 13958
9985 7860
3922 2472
9420 5897
3208 17371
13631 2459
13011 17241
16786 17134
4944 11705
4795 504
6445 9237
9123 13833
4403 3459
2523 8115
15827 8249
18106 15404
2648 13169
2866 11331
6659 18688
3019 1384
4049 19711
814 1250
10125 19713
1038 7132
18814 9795
3707 14018
6569 4305
18254 12869
12377 16365
5085 7593
13127 15123
1144 7193
5202 5389
19670 2591
5846 9611
18259 15231
13050 11358
13106 18778
14286 8752
7238 8150
15415 16074
12052 9631
16021 16397
4323 18258
6944 4152
17179 8439
11939 4824
6932 2812
17404 16388
10323 14150
18617 7419
123 12466
19206 4460
4819 2019
14951 916
7084 19097
8502 14821
5767 14302
4477 14036
9245 10464
14442 6648
18913 16896
530 15086
11156 7055
17639 1418
2414 18133
12037 6068
19513 17232
18433 16316
18369 980
19222 17966
14087 1634
15665 16995
12522 14213
13645 12269
7064 10377
9210 2466
4013 11413
16791 14144
12186 3006
18247 10968
2333 6117
11644 10415
8576 6649
4689 551
18412 48
16373 5757
8967 1409
13655 13781
10697 2714
11820 2086
2979 5925
5597 6329
4706 18464
2242 9401
9833 7835
3505 4693
4550 13543
6875 2958
592 5273
11801 8277
11343 447
951 10402
11753 8215
6893 16822
2653 3849
1664 7163
19241 9844
19119 16536
9968 3456
2364 14796
9674 6956
16003 15835
12315 1394
483 2406
14872 2896
3169 6430
12632 18171
8882 4332
14370 19737
258 14272
8347 6082
10069 15410
3927 17716
12587 8280
13462 10352
10342 19562
11755 10693
14180 6431
18718 8375
8763 7218
9891 3176
6104 1299
14090 16845
6151 13529
1865 10430
9575 16356
8007 11409
5086 16774
8331 7580
5883 2893
13203 7923
7810 18126
11277 6913
5035 15748
14369 11713
11356 19530
14735 12470
7442 4253
18330 6589
11853 6944
4639 16825
789 867
18293 17281
1886 4936
6593 18472
19752 6870
9048 3429
18113 14069
5067 9912
4440 12484
3514 11882
13038 17959
8187 11346
13690 8188
3951 18505
12647 18758
9499 14434
13866 14375
3538 17258
1150 9563
950 10031
5168 1228
2548 15007
15120 6738
18458 15307
5647 17275
8848 3671
3318 533
12674 9764
12110 4639
16877 16156
7470 18708
3349 6280
19054 16150
11129 871
14229 4809
6170 17219
15473 18057
4513 722
16954 12250
8434 6891
4162 4133
6656 17209
8536 11372
7987 8873
17148 16075
17377 9117
14181 2603
8584 10131
5839 19790
17506 8413
5828 15846
14301 19391
19974 19528
9498 698
1112 13921
16288 9153
17221 2700
2251 19322
13486 7896
13271 7515
14406 15927
15980 17349
11110 8486
18752 16480
4719 14461
4897 11833
11083 7194
16818 17699
6307 8049
17459 7937
5037 9400
9942 9558
4506 3030
3959 1694
18419 9051
11711 18539
9687 6625
1251 1026
5195 7227
8108 4069
5332 11425
15443 18058
15861 14716
12442 2031
4301 14187
15863 1710
13076 14636
9753 13188
2037 8550
15330 2212
4049 6133
10734 17889
11843 7264
11376 19440
603 7297
7172 7645
19079 2242
8318 5251
14703 2492
13758 16793
8900 6319
11128 14262
4638 6481
17210 13296
6708 14289
1146 2222
8967 18703
5 5671
17704 8039
5871 12852
2694 892
5484 3897
175 8358
9570 17931
7314 14334
17985 1184
689 19506
2033 11054
2868 14185
7426 18878
18193 6018
15059 2404
7838 15238
11934 176
17797 9048
10799 1552
19428 12861
15746 10153
11215 14617
10500 14183
1093 3418
15310 14355
18424 11183
5235 5850
17303 9540
8400 13642
11977 19936
12995 17354
17235 2987
11796 14801
2190 6539
14567 6873
11644 7787
2056 16645
7330 5005
7889 1533
12659 9973
12538 16804
19156 14612
13018 11996
1249 13613
19413 16646
1284 5446
17262 16704
15082 11515
19016 5846
15763 7075
2413 4595
884 1412
9410 10610
17928 848
2729 2266
1705 1181
17106 1735
2427 13467
14895 8111
18974 767
18605 16735
4405 9142
3399 14532
16791 5413
2696 15779
5997 7320
2862 8474
1137 2693
17670 13179
3071 5538
7914 4887
12375 15550
1937 11181
12583 6875
19582 6521
6368 3164
12802 6528
8562 18127
11782 9328
1275 6214
4994 8192
15456 14652
12110 19619
11941 11768
9482 12793
10961 3434
3470 454
8571 17803
11357 3638
7676 19842
16128 194
4538 13316
4012 13351
19047 12501
13546 17877
16174 11682
13659 18284
5829 14972
2251 6464
7739 11259
16227 19496
8544 18041
13978 18016
4428 18056
7858 13458
15662 2306
11624 15618
1344 12045
14468 18793
16234 3132
17553 13888
17985 9321
17004 4195
19769 10954
2874 18388
3546 14217
15465 7429
1202 13987
2972 13156
5673 14952
2633 3376
10529 14108
5853 13479
7869 14753
17474 10579
3903 9185
2678 4162
10000 19207
15372 4277
13531 6762
17428 14872
2234 18245
12494 9251
12719 4677
17780 6564
2947 3360
13935 9046
17222 737
18894 2514
682 12954
18677 14392
12138 5884
8452 16601
17749 8260
8243 3885
11300 247
8376 11140
7524 17015
17734 6055
8103 3323
2338 9340
2361 16471
9436 19746
9673 11981
1323 2621
2318 13874
19145 2111
9715 4303
14656 12572
6109 7683
937 18305
12176 18760
7142 89
16825 18212
9141 3237
9135 10173
16204 5883
18799 1107
12887 1091
18964 14362
14009 12638
9456 18390
13655 17726
6897 8054
828 18250
12644 15702
6443 16807
7498 1045
13278 8918
9094 19592
13950 7042
19346 9663
16914 55
1119 2608
14467 14544
8468 16853
6155 7638
4394 6273
7184 2065
899 12099
6708 11710
19236 1167
8572 394
12910 2982
2697 13927
1628 7543
13516 3810
5392 15511
16920 1645
4789 19578
7390 5895
10445 4650
15368 10074
16404 14552
15817 11835
7918 10783
19435 4130
13933 19834
3304 3690
16291 5890
4091 12880
10763 1392
10277 1784
1066 19208
4419 6419
12672 7655
3998 4353
4901 6809
4740 2200
3827 2792
7484 2033
1319 1684
2817 3112
4419 446
1968 16392
16914 11345
730 11451
2754 16688
6713 9481
205 6011
642 8177
13150 834
19783 2754
10952 3753
3975 9724
19501 8353
15765 9286
275 9284
10385 4032
11030 9877
15028 4867
17086 4230
13969 4187
7597 360
16437 2993
241 7342
7616 10576
5368 3856
12208 15220
13867 1446
15357 14843
10803 18848
18537 10525
5839 211
14255 13200
18744 15403
15784 15740
10522 5827
18879 15306
6719 18238
18716 7621
17133 9498
8962 1786
3910 17814
11199 9132
13217 15081
5764 12776
7687 14253
2413 2487
13301 17198
4714 16226
6633 3077
11398 12082
11487 891
5556 12924
5575 6928
11491 18625
17449 1227
2416 1661
17992 11804
5316 19256
2853 2737
9352 619
12646 5588
16559 3875
14878 18968
9213 8632
7313 14699
11002 19695
3930 18178
15401 12735
14148 19862
2250 12464
11032 14062
4198 14034
2865 14992
7272 6994
1400 11163
17091 2194
12398 17672
16928 11477
15386 19492
3906 3187
19515 7918
7488 2346
9556 7706
9148 18174
9942 6424
16488 17899
18140 15634
6681 8710
17762 16059
6155 13081
12964 7158
16478 805
16889 13562
6461 19586
1092 5404
11449 11842
4306 12554
10655 5348
15343 1259
2482 15164
16745 17913
3564 7568
16224 17467
15817 18914
10291 9123
19122 6361
19241 19237
19571 672
2636 9030
9536 687
5515 11366
4067 11288
1136 17856
2351 15018
3141 4299
4999 18934
10675 11699
8617 3797
15745 6388
18537 6624
2374 16373
12681 11505
6825 18668
5340 9088
19185 12748
10499 1713
1043 1810
5599 6024
5518 16658
10904 2725
19436 6225
424 13746
18772 5605
8655 7780
1592 10343
9099 8557
18654 7930
5927 18017
17046 13985
4377 17993
1420 16238
5719 10122
12487 14614
16717 2870
16521 16586
18894 5252
8368 13530
11715 122
15368 5866
14530 5181
18284 15827
5201 459
2103 7811
18002 19143
16482 15247
19358 2008
1143 15317
1331 8699
6842 8160
5715 14435
14677 8079
15581 16430
7581 9194
16649 9452
14217 2750
11134 6218
5275 12418
16672 6058
13791 428
18538 17631
12607 5768
737 10285
10291 11931
10195 18
15597 17024
9975 6713
3879 2566
16915 11908
13566 2974
1356 13293
19525 3599
9727 19620
7380 12676
17462 17980
14929 10629
15921 1955
18203 1445
8846 16964
16328 16231
6375 10273
14461 7966
10281 7821
1499 1076
18360 9133
2332 4734
11494 3672
15210 2468
13915 7705
14976 7768
284 12171
11134 11553
5367 16679
18525 13071
19538 7670
18212 3348
19136 9715
16521 18570
16590 8626
15456 6610
12048 9417
11829 6278
2017 18173
11491 137
14473 16516
12192 16264
2035 15054
15830 16713
2416 9967
4904 16723
18403 2828
5733 3655
5589 12088
15537 17529
12282 4121
13317 5880
17474 14333
19014 5679
15941 1571
10425 19697
17509 17813
8709 19419
7459 12986
11730 9389
2882 17970
18869 7236
5161 3060
18185 9925
549 15442
3418 18984
15437 3342
5255 14855
6428 19923
3945 17912
13462 19080
14730 2322
11733 9829
18833 10462
2378 12074
11203 2150
6966 13238
18008 18392
5670 14944
2756 9759
7994 10316
18495 15472
18477 10934
10550 19334
552 12244
1525 4912
13524 1653
14882 7629
4297 10546
14467 19659
1938 1862
5650 17700
15386 6483
14936 12866
1246 503
3895 10282
1774 275
19353 17135
19671 16061
8829 5761
4488 5991
5390 6496
2100 8408
11174 9108
10647 12130
9492 17012
19591 14688
13144 391
18216 7764
15317 17697
15781 11628
1375 6145
5868 15125
6726 8597
317 2168
12840 7741
19605 13008
3639 9773
13065 1367
15764 3910
8695 8404
9161 5990
4508 5553
771 19346
9724 19379
12028 4290
11400 962
3214 19950
4742 1404
17688 4413
18447 11727
6896 10298
11774 12767
384 12928
12229 6540
13919 7134
10450 4742
15837 18827
16385 5367
18168 19500
14287 18335
19270 14381
5565 13257
6170 2268
10065 12916
16918 10117
17923 264
16819 2498
2857 13441
3077 10539
6673 4791
2318 5862
4057 9735
4296 8532
18718 7103
18211 18842
5097 3419
1420 1932
7164 10231
11728 13538
4013 16462
13642 19432
2785 6457
11672 10959
14848 4914
10776 1357
19086 11480
13377 16739
4684 11377
15592 18588
6195 6047
4011 6390
1079 17309
19154 15683
19782 19354
12716 10335
12270 13539
7254 10997
17268 18678
15247 2881
2886 6074
18315 17792
15227 14573
11298 66
19410 11816
16057 15328
15808 7668
15621 12694
6183 14427
11314 18652
11401 8218
16395 3745
15446 6463
8693 7122
17741 14628
5932 1444
2912 1201
737 17547
5131 16926
12860 19242
11102 16779
899 2312
998 14335
18497 16401
3038 6129
1675 5571
7158 6232
14384 12051
1711 8390
14050 9865
16323 8567
11205 13803
2318 16957
13047 7492
5681 5172
9994 9661
7733 1277
7035 2669
10766 11885
5459 5915
3237 4679
8082 10167
17903 7708
902 15399
4462 14220
4372 10284
15959 19875
9814 13072
8265 15945
17658 19900
2781 18607
16705 15210
8154 16090
11227 15023
5459 7110
6703 13210
10006 11306
10271 11332
18211 14345
3789 19962
8502 17783
4362 12347
7677 14300
182 15161
2541 10914
1410 2775
5405 12987
7523 12729
11733 16986
7416 15844
16134 9832
5550 9809
991 6072
12438 16196
13773 706
16898 7852
4646 12300
6693 7328
1026 7904
9603 18733
4639 8296
11575 1145
15540 14748
9661 16581
3280 15762
18343 19468
16717 3814
6919 8956
6440 12097
16026 2096
6757 17442
7293 3872
14117 3943
7702 7589
2278 10890
15325 1753
8209 14407
6953 12730
15905 11786
13097 16616
13045 1646
579 5454
13576 8400
7942 6119
12544 146
858 16847
7515 9501
407 8805
11203 16420
5667 17059
9429 4067
10379 19236
2847 10889
939 12999
19792 2614
16956 19184
19200 7248
1055 5825
19417 11701
4966 8648
17800 10184
4277 4301
13336 15654
7286 14338
16423 1083
12091 6705
17588 19011
11281 17567
4435 9435
10470 3730
10434 2560
504 4136
6801 3583
5045 17089
496 11851
17749 6230
5085 9961
7955 5630
12325 4510
4659 10611
16401 15737
594 12222
16950 11095
11121 11624
3900 111
2354 19710
797 15321
3590 1434
9637 13871
16528 12440
8099 5826
1538 843
6076 9841
1929 4119
11480 18731
18737 435
155 1114
5249 3696
12351 2563
4258 2083
7161 10145
9438 10230
18293 10041
19659 12243
1149 7212
11601 15998
486 6411
6596 13618
19976 8526
15293 14171
11835 9779
12696 13884
14342 163
7339 12959
1955 9080
5859 17243
17210 13235
2137 11541
9138 16932
19552 25
15369 8370
16486 17342
9993 188
1780 15997
12583 16719
18976 4525
15358 11317
14292 5974
19137 3235
15251 2338
15442 3279
10176 12773
10692 13368
13910 9842
6700 7702
2676 3281
19028 17754
7687 15107
3189 8693
1328 15625
411 8469
14197 7912
237 797
12070 11472
14483 6507
4639 15245
14905 11003
5555 5322
15204 8573
13338 3759
13721 10736
19112 3767
8643 1318
7788 17674
8375 12376
4509 4942
8109 3353
18639 6978
6779 13555
18664 5014
14077 9944
11629 18816
8659 12214
12590 2365
4324 562
16884 16501
18763 11877
11723 5931
18566 12510
7737 1754
5060 2820
4077 9017
5546 16935
9298 9497
8353 15928
14939 15242
2537 9464
13039 17184
5042 8917
15707 16583
5435 16417
9005 10721
19775 965
2824 19227
16904 6183
10772 1816
11247 4647
3111 2872
10470 10881
10291 5573
19130 3246
2385 2535
15675 13326
10698 19369
16302 11031
14258 12180
7953 5077
7191 18499
6456 10799
11701 1196
19205 14007
19545 14440
19944 19886
17207 412
9069 16144
2165 7203
5789 41
3256 14275
1288 12950
14920 5091
10164 6547
5758 13634
15037 493
10186 6410
18140 12958
8043 8457
9070 14834
15396 4649
9988 19494
3585 7184
11356 4545
2497 9461
9276 16360
6320 10108
494 1251
53 19455
4973 4863
18301 9373
7361 2601
19003 6153
2042 11234
869 17430
13259 8669
3894 16963
17876 14651
8934 15519
4603 15462
15202 4764
2745 16054
77 10494
13502 12626
19549 18791
9405 13519
15678 18829
13642 14169
6853 8578
7672 7761
18284 6963
6705 12393
17228 12350
13898 15831
15827 12006
12038 12655
8548 8973
1937 5291
16238 8035
9010 18679
8863 16346
11634 5995
3956 3572
3186 16438
6014 19098
16498 3361
7464 12806
9946 12430
10332 19357
12311 7728
18932 7533
5365 1238
16439 18301
8324 7469
2756 19706
10986 17728
9782 18736
5052 9957
3982 11498
7652 11595
17994 18707
18879 561
5142 6804
463 18332
17262 3571
15707 14138
3931 2127
19729 19677
4845 12382
1341 14236
11011 8664
8915 1756
1853 12284
12508 18665
12335 13288
13707 11032
4685 7579
5695 16969
11662 17871
4618 7857
9161 7961
379 4889
4006 597
19574 5259
5029 4966
17556 15274
8898 15615
13946 19079
16111 15941
6235 9195
8882 13696
13620 3330
6151 128
4697 4142
9429 3010
10412 1422
10001 15392
6245 11386
15191 4574
13 19934
19833 6901
6299 5966
11804 2629
1007 18657
17725 7634
19024 11837
483 13659
11129 12589
14123 9302
2013 5698
6854 5267
13756 1742
6713 17736
7189 7458
16099 3214
723 3446
12018 16587
3427 18458
12176 4242
3733 12129
1394 8331
19258 12764
16434 17062
9952 18999
279 7229
4831 13427
1713 6030
13115 17103
11695 554
16090 7695
18826 3656
16208 2694
3251 17834
1343 18269
14505 12611
7102 19782
9570 14325
349 15255
1469 1900
1494 16223
2414 8916
15357 2886
5836 17471
9331 18565
457 11964
5115 7978
18841 8903
6179 11834
16021 17284
5066 7654
19619 12176
16278 16049
16631 8382
9108 12636
2985 1941
8105 17205
11605 13332
15113 16555
5929 13848
6405 1949
26 13711
19090 6567
15810 10330
9942 12562
7002 7467
6750 11312
10718 8622
8769 18800
18498 8165
122 16705
13881 8342
492 10684
1449 11574
18749 3007
3573 6365
1897 18741
12289 4200
6833 8682
3936 13798
13731 9701
1304 6844
11632 13783
12563 12984
16889 8462
10585 18120
22 18614
7173 16381
2073 3114
884 9438
1323 16509
12672 2773
10934 9828
6579 15002
16395 902
12661 12615
9686 10594
13653 11728
7701 10556
7704 17678
19159 9983
4284 12720
17605 4392
4252 1868
13338 4715
6291 5148
7335 11265
12893 11456
17646 19947
13751 19858
1372 2467
10195 4540
7339 5254
15378 8402
12110 10515
7477 11222
19307 12836
9447 12603
4084 7632
7853 17648
13753 4356
17262 6102
4365 15698
2932 10486
495 8886
15949 16524
10348 8812
1991 3421
6583 5010
8866 6162
13721 9374
5970 19399
7234 11230
16528 3280
10172 19373
3349 12749
4265 8697
6718 6814
12096 15771
85 2646
7272 3639
3076 9589
16911 18643
6681 1846
14586 15692
16382 14096
13966 2061
14049 9801
14872 13134
12781 17414
4684 15223
17976 14258
2916 3552
11955 8610
9758 11966
11302 13758
4983 6621
8491 16824
13426 2304
4045 596
7389 9180
10879 19878
16062 14507
2526 12400
11717 1706
15887 7660
1595 18766
11674 16112
3019 7751
713 7796
3366 4961
7951 6634
8226 15606
3890 2105
13396 18980
2390 3751
16247 15819
5884 11115
1667 9666
19371 14777
5339 14413
7759 1413
7589 768
9764 14578
19029 9343
8527 5690
8445 16283
9621 4955
7673 2790
18869 17595
5390 1040
8086 1059
18446 8106
11857 18111
18428 475
5179 9329
6920 1432
14665 15974
12422 18444
18893 7263
4795 2745
6955 13013
13710 11283
9777 11770
2638 73
4944 18901
2017 16998
12260 3747
6550 6693
7243 13505
14201 7196
15372 4182
15843 17194
3174 10032
3232 13256
1540 7640
1395 590
8894 11090
18951 10501
18784 9545
12446 14370
9724 3174
8634 16894
11172 17909
427 13645
5915 19238
7673 11832
7743 10259
13766 5521
2685 3525
3200 5042
529 7204
13190 13116
14061 6113
12849 6766
7135 5592
11542 13673
9030 5292
8914 640
15357 13933
15844 13240
16353 2678
16328 17964
19223 13231
16591 19411
9150 10688
7389 15944
1440 8966
4377 5444
12175 11794
6610 4478
14689 2983
427 11308
16668 10059
3987 17640
4677 17004
15552 3390
5642 3859
12311 10620
4686 3356
18207 15243
4198 8081
18403 11388
13983 9714
2278 15295
13878 3998
13432 16483
1671 10939
2181 5323
10389 2014
3074 1119
15655 15082
19459 11975
1319 16416
1548 12092
10398 5590
18493 4046
9470 15155
18259 16729
18916 16451
16217 6577
6887 16908
14394 11
4233 9334
9585 17249
19690 3664
4719 580
8094 9119
15076 18662
9245 19429
7103 11322
10146 8914
17385 12835
14376 18360
117 8534
1523 10241
4530 9200
8884 7699
10079 18434
9341 6863
4956 4210
19556 4782
18712 17511
7458 12278
10611 2866
2991 16400
1624 14200
17574 5836
4277 11014
6628 7433
4026 18777
4061 15919
1122 13373
13643 12710
19229 12169
9801 17613
19029 17463
13319 16832
1090 10638
1543 16654
17542 16051
6972 18661
2171 13429
13095 5439
8715 7284
11894 14206
11634 13337
19511 19393
13233 4028
5762 3961
14607 5782
2205 16345
6832 10994
3117 16733
8243 12520
8526 13526
8396 11236
19035 7676
16207 1572
10234 17420
10651 10599
16031 16763
2555 16563
14962 12912
8112 13051
269 9862
4881 8029
8216 19247
16369 18927
2538 16625
5515 12089
12834 2706
15785 10150
1748 7588
19229 17532
19241 13952
5413 3632
4579 10238
3005 5135
1428 12714
18193 10372
17438 5333
7263 13787
4090 853
11487 16219
5211 14513
7279 4704
13017 5204
17461 14737
5150 10692
18314 14060
15981 4414
6694 2291
11345 3180
6175 18858
7214 6968
6850 11117
17787 1698
18958 13643
5219 14738
15141 13885
15254 4750
2986 2659
12839 8891
1286 6432
122 15499
23 3036
3539 18805
4089 13589
18824 1554
15370 13176
14951 8514
4580 4683
10342 8926
19239 9007
3188 14897
16289 5837
10657 19806
12305 9669
10 5186
16662 16577
4311 18050
14339 10644
12233 8137
7277 17956
3410 10013
7022 19628
15916 998
1929 2663
11765 14401
14416 3706
19239 6615
9660 5674
2526 1988
8586 16235
2609 753
6965 8214
17928 15068
19159 7398
5673 14446
16647 1065
15523 7748
13157 1980
19942 61
1120 1265
18237 7293
16858 4347
14630 713
373 10376
15010 8481
3806 10214
2917 9529
75 9943
11267 14157
309 1993
4179 9695
8696 18110
10281 1944
13388 15044
1975 5433
16449 14218
852 16677
5756 8369
7224 4073
3975 8386
17151 1937
3160 5478
12574 7932
17734 10283
6837 19851
2538 17100
14759 3004
89 9736
13713 8969
682 6308
4213 17129
6659 14966
17579 13192
15742 14343
15653 8163
3010 18711
9519 523
11705 407
5079 13522
6934 4004
4680 8961
13660 5662
3724 13438
5303 5536
17849 6264
1122 15182
16034 6009
18343 10148
14667 15894
1372 14430
5256 5227
8216 6671
11572 17922
19941 11828
6812 10449
19206 100
13002 17535
76 1774
4688 13938
12779 17195
17418 16859
12064 3411
614 18913
19835 19525
13212 978
1568 8201
1062 16970
6310 14084
18923 5935
18827 5427
13840 7476
5527 203
8987 13454
6085 7205
14337 7510
6525 15140
18343 153
14165 14730
12640 3701
14087 13056
12745 17905
575 17509
15569 16889
2705 19066
11163 1969
17658 4816
19080 14704
3892 7772
2164 5297
2541 17364
5346 5175
3191 16691
18481 2389
13676 3494
713 2257
16261 6046
12843 3331
17383 10870
17081 10802
17151 1372
6489 12956
10506 6446
18795 5226
8070 14193
18212 19193
7275 5725
17280 7583
5734 4155
11130 17240
5676 19488
16506 17393
382 13203
4964 15714
19676 8025
16207 1351
7564 2344
17338 11545
466 17619
7331 17636
10361 13669
7944 3933
12968 2599
18214 11367
7415 16394
19462 6918
15616 18775
15820 14041
9816 16461
4378 10106
9473 864
10762 19690
18777 6256
15444 17300
4553 17361
17542 15909
19965 2119
4401 19022
17333 11186
16411 19922
14663 12690
13150 2729
10271 19269
13749 13718
16492 12259
11797 9230
12825 11383
241 6559
583 17786
15143 7505
19733 13992
4077 7826
11881 14780
4074 4135
10980 63
12057 2534
8113 2343
9931 15776
642 2922
289 6903
19635 17111
10457 13745
3100 3115
14002 15977
75 985
12995 5675
45 9778
18571 11626
12476 1529
19926 13964
14369 13163
4107 11715
274 7829
18722 19666
19201 2827
7935 5157
6364 16827
11331 13282
950 16280
5345 7802
9323 18371
1066 5905
17377 2516
4047 2120
19400 9561
11251 5922
3147 6233
18421 8355
14828 800
5675 1039
8390 9616
7718 639
2249 4719
12696 11949
5596 13680
15198 14491
6930 8724
9027 7624
7254 3794
19275 6198
14633 3316
3333 19070
2027 14807
17337 151
18336 967
12462 12937
14899 4521
16177 5742
19814 8845
5202 12213
15239 743
11181 16198
6970 3684
5435 18554
13984 13061
18663 18841
16424 16496
8260 15860
1027 380
9101 5410
17817 3343
19695 3801
18647 600
10269 359
9854 15724
5961 5103
18361 3372
1998 3950
13293 11082
14727 5697
7209 18467
12415 11176
17374 2411
17365 18974
52 10531
15730 8543
5115 11138
1118 14292
9645 1688
8888 5451
4183 9566
11465 16309
8796 2292
12950 833
7832 9601
7330 19212
3646 4632
18139 4167
15696 565
10856 15459
6657 1736
4973 18281
9165 7258
6512 11993
9658 11481
764 17744
2955 156
13965 13868
14130 19021
12301 9951
17576 15811
9528 10849
10798 16903
15009 3663
15653 19319
18690 18531
12217 6241
4687 18224
19720 2848
15860 7488
2081 3328
8758 12593
5117 19328
8145 5230
4618 12451
981 8958
19976 13320
8676 11006
10555 12996
10762 4561
1991 18946
9404 3292
12110 5329
7207 3908
18305 8429
5787 1771
12260 6085
6811 8708
13177 3735
4332 15616
16649 18452
13039 656
16203 8866
9975 6700
13190 7719
15963 427
18636 18497
1660 3499
16898 16626
881 10329
9794 2122
18300 9989
1581 8528
335 10437
5067 9161
4866 11353
2681 2052
19700 7887
8099 6057
15961 14456
15971 5526
3246 16133
17589 19860
19659 13049
7477 2568
10224 13451
17931 13732
1474 19299
508 487
2434 119
19620 16661
13454 8580
17464 10932
12017 15059
2234 7600
13989 8250
5349 5115
3264 4935
201 1591
11566 13844
5453 16983
9584 10104
2526 14991
19304 10910
13631 8178
19372 5375
2618 5528
9604 19798
18601 17776
14618 17458
11404 10564
10652 5618
5140 2399
8631 19383
6247 10197
19566 958
19358 2904
16822 2917
18475 7332
10910 14986
10433 1078
7714 13913
12900 318
1035 11239
9999 6341
5108 17904
13769 1579
16090 14761
11101 17472
11635 5048
18723 7813
18519 5805
14749 15614
17593 17341
1474 18157
16104 10828
18060 15704
1533 15060
14970 11179
18774 5280
15443 11446
18073 6263
6533 12774
6162 18054
7180 5022
7365 13924
10966 6969
10068 13075
16748 14326
11126 9063
13890 19897
11906 11467
16191 3760
1124 10605
16551 1815
8962 18402
7603 1353
11386 2804
16935 72
19414 3517
13922 6681
10768 18875
12088 14071
6689 19595
9009 7279
16128 7954
10320 10044
1679 7609
9836 11119
7847 6795
19995 12555
12935 5420
8235 5601
735 14173
2719 7818
9195 3548
9310 3103
2922 2838
9602 8425
7279 18119
12188 17809
19805 4220
17771 2370
6686 19035
1596 5819
4127 17039
18176 7575
3498 1544
13432 13610
657 11639
15604 16751
1315 19687
8542 19330
15738 12410
7254 8662
18515 5833
1767 11077
19331 117
7276 7927
16937 18068
19985 19230
2040 11118
5515 18232
11941 11421
18913 15891
9808 10779
11061 14863
11122 389
10598 2778
17619 4623
4811 7906
9908 19466
13293 17525
8214 15366
13851 10171
13753 17225
6468 3286
2903 2375
12615 19874
15862 10047
6829 15796
489 1364
11699 11105
10382 6439
11401 1459
12999 8661
4859 16321
13603 11470
18403 8173
5915 19056
11308 252
5209 9104
8854 17312
11098 7684
7226 8959
5720 17435
7792 4741
18265 1975
8397 18172
8029 13861
2548 2639
19231 6069
7682 8257
13111 6633
3340 8455
18403 17235
19538 3652
19221 9031
2788 4344
2157 13342
7088 6800
15944 3444
31 8255
14740 12195
10134 6706
15160 12170
18635 13679
10291 7919
10952 10422
2790 18340
12588 577
10853 377
452 14995
8112 1449
2106 15341
10024 17122
7963 8158
19068 13948
7118 4102
7524 5432
5269 14551
1580 511
10477 3110
15142 999
15152 7886
17897 6899
3370 18644
8634 12525
10154 9203
5887 8254
4240 13908
13482 9005
4546 3593
3629 4527
9080 4394
13843 4214
13904 16337
6799 16024
6745 7877
16055 19884
792 2040
19622 10513
3836 9744
10806 16551
954 7442
3318 1149
11634 12037
562 5736
17621 9379
4823 507
18811 7376
19165 1891
11658 19425
19377 11170
7937 7613
1861 858
19683 8009
11070 4203
13540 3737
17239 5718
8723 12101
1528 6193
18037 1421
15398 623
5383 12455
7054 11060
17984 14295
5885 14893
14715 18543
10958 4194
7975 5969
8396 12197
9123 12083
17879 17068
965 6042
5648 2971
18858 6976
18823 3230
3378 3072
2290 14717
17256 906
2000 8088
8260 1193
14932 4788
401 13312
15833 7420
12585 9358
10580 15349
18320 13375
9865 11669
8801 3119
15270 1510
9249 2089
9714 19456
12446 9760
410 16728
17989 4420
16061 17649
5994 17398
19427 16669
14072 19133
11052 14373
13954 12863
11620 18117
10375 12858
10136 13625
862 8627
731 11698
15699 17491
16237 10425
4950 15157
16264 13592
7401 13450
7656 11766
18924 18156
14536 2047
16197 9753
19406 13821
17187 8900
7230 5369
1756 1467
16522 5709
19448 11296
2950 14107
1578 9165
8958 13907
5932 9064
6397 13478
10062 15104
1383 18364
6018 13970
3699 3153
8958 10818
12609 3698
17186 3695
2220 12388
2807 17424
12903 2539
10010 6955
8759 3097
18238 6783
9796 1798
11997 4258
792 182
774 11619
247 15682
11715 15763
16680 3824
14201 11289
12464 6084
1716 379
17739 1865
1740 9112
10914 8340
14733 6514
17976 12315
9850 2178
10542 7905
15434 10073
11439 15557
11559 15538
550 11950
18598 310
5153 18618
10802 4594
18312 14080
8130 14886
13045 17256
5984 12790
15126 11167
19872 19476
3573 12892
19766 12713
18129 4645
17305 13773
16847 22
2748 2146
5491 5312
15145 11401
6449 9412
6633 1337
12439 14598
613 2538
11835 8770
16655 4399
14846 8955
5874 17140
7955 9451
16097 9385
10816 14518
6272 16301
18667 11558
3875 12310
5351 10519
18812 4548
15232 9473
4702 12240
7796 10398
6486 6338
9455 9751
8867 1712
7130 11818
10271 10381
17248 10737
16723 17400
14337 4520
4866 5815
7555 13623
14628 2152
15897 17402
19395 4803
9831 15572
3522 2899
8905 17315
16696 6499
7942 5509
6768 18102
14001 6663
16276 12997
5075 15132
4049 5524
13643 8765
12153 19278
5759 5151
19122 8419
9902 16781
9194 14025
17958 8827
14151 16865
16748 16905
4186 849
12447 4857
9179 9012
3295 13246
387 6850
6511 5530
1661 16546
6118 2034
2503 4171
9603 4459
11451 742
3442 8089
2411 5562
8024 17289
15440 2456
7161 16405
9364 6371
18752 14327
9349 14736
294 7338
2980 7783
12897 19821
14360 11037
1065 1033
4312 4376
9812 10236
16770 8525
18771 8989
1848 1042
13818 11452
16460 9387
2249 12667
16725 16876
7319 4584
10337 14577
11416 15508
12428 16874
15077 13565
12164 3135
9646 4225
6716 2861
10674 15584
4152 17045
3250 12322
13304 7374
11069 369
4061 7950
10310 17523
3158 18091
7747 2426
9396 15756
4957 12561
16954 281
5555 16595
15811 1495
6728 1709
13235 7409
19619 11033
11555 5585
13254 19264
10438 18977
13011 2938
12764 13301
18300 8138
2537 16786
8317 9674
13319 13800
12611 11788
1268 15234
15325 9156
5888 18481
18541 19129
14740 3322
13875 11318
550 5963
11892 5300
10799 10565
207 10901
17792 17869
1499 6665
18468 6646
7058 3239
3446 3049
2105 14399
17770 1582
13339 2558
2776 14418
12995 4532
4667 6917
3981 3625
13530 17310
7659 10740
6156 8750
2285 2215
19803 4445
6068 15380
4412 17893
15932 3134
9533 3954
3176 14026
19128 10990
12815 6852
9429 8499
17252 3520
8659 9173
7681 5687
6750 7678
14092 651
17574 9430
8206 15315
7066 6174
8752 13112
3771 15485
10093 10940
7033 9930
14444 15497
14277 2641
7543 8786
8921 3607
1397 7538
7543 17702
10796 18630
1610 12704
14102 679
5950 16965
12079 16946
5789 6655
16124 19777
19115 4107
12677 11510
5522 18722
19744 16266
15298 2364
7517 4212
9998 13935
12038 7386
1596 9248
10823 3661
14721 4790
4061 12363
5733 9111
866 13947
453 4428
5663 10600
11675 6825
10154 11590
9 5953
3802 9512
19112 5122
585 14245
2636 19338
5483 3779
243 9427
19547 9183
17835 17482
16573 754
7423 5712
17904 7841
12728 14502
8276 14336
15510 1305
8303 12721
19292 12288
1851 3056
19002 16410
1178 2163
2315 4572
19145 19582
11634 17607
15518 3754
6834 6862
699 19402
108 3513
2232 19320
10459 4250
1262 11829
881 19791
13667 6555
16168 16534
5684 5626
17533 2173
18712 1990
5183 13840
4947 6044
12598 18419
1537 15290
16440 9478
15764 16086
2496 7799
13410 10043
5341 16285
5465 15753
3481 17063
7067 208
6021 2973
16594 18166
8623 5134
2336 11150
15552 14783
1121 18408
19348 1264
6229 14214
4524 13520
8205 17558
11890 19110
3390 12576
10810 18227
1420 10291
11713 872
4096 18359
3025 3317
11715 15116
5700 4605
6825 16009
6631 16414
1962 4550
19499 7993
12672 10373
8339 9004
14165 10195
3930 11750
15670 5244
19222 15837
14616 5311
10006 7933
11736 4915
10717 8306
11714 18944
1313 4302
6460 9797
13114 7379
11267 13397
8538 15787
18168 8548
5890 8273
3315 1697
8324 15829
14381 19361
14322 12371
16492 9609
17568 16319
3156 6757
11705 15029
18991 14878
10687 11611
15629 13653
4276 17711
10655 13741
17358 5792
18319 14153
17272 1187
5680 13345
14331 12062
19924 4405
10669 5078
10366 19078
973 19196
1376 4698
17538 5191
2296 15180
8510 7059
12661 17691
8367 16269
540 7506
632 10757
7389 118
13622 234
15525 8037
17642 7460
4104 2809
4589 6435
18094 14606
12941 10562
7342 10571
9567 4733
16125 2622
538 12883
254 3974
13259 5664
9361 3739
4155 16609
13505 11034
893 9182
9758 5438
479 18865
11173 8477
14082 7164
18491 3561
6714 5661
13839 8779
1188 3314
11795 9827
3244 6867
4979 17651
9687 17541
7303 8116
218 12792
8340 7497
8431 17587
9786 13228
8096 7088
17232 14129
9110 557
3020 18812
6120 6021
12846 16991
17507 14649
9110 7097
6719 15806
15928 10390
5104 7606
15057 7805
18900 14602
17120 18627
6131 12652
19212 7265
14008 7166
13256 7902
6625 12904
11484 13808
962 6860
3200 19699
19156 1226
7346 559
13922 14735
10936 18593
4817 2443
959 629
3433 1923
3023 16286
7431 9318
10638 6993
9567 5835
6311 19367
8220 11614
10362 8563
16221 528
2009 10253
1081 18636
5171 12509
9092 17898
12499 19096
2006 1436
16914 4626
14061 1366
5527 19526
18285 3876
15523 16920
17365 10616
17278 83
518 141
13407 13339
9980 1615
488 9232
217 9369
8273 12294
17402 19763
15162 13029
10640 106
16198 9645
19432 4874
6435 7866
17268 17151
7503 4620
17637 10609
219 8675
12974 4850
13514 11161
11672 11906
13661 2007
14533 3022
9352 1531
11018 2057
1004 9157
11331 17999
8664 798
4737 19210
432 12798
29 165
7916 18970
6997 15881
11033 15852
16599 875
11872 3618
7592 17506
4405 2868
13383 13497
7081 7361
15493 9327
7545 5243
7524 9893
6404 17246
8753 17286
9178 7856
10046 3038
122 5545
12110 11209
11339 16148
6091 14977
2414 17645
7821 3688
4654 17277
7006 19014
4047 17707
14392 13767
6726 3085
5783 14596
12750 7938
4366 1701
4843 15514
14621 14514
13458 14861
6280 18264
8323 15235
16970 5971
1135 14256
19074 1800
14288 3238
248 11722
17779 8646
13521 14174
1062 18406
13394 16818
3883 8863
5408 14057
5531 12779
614 15158
6230 7737
6841 9235
12426 10843
9321 4619
17409 1010
16879 828
17953 7518
9116 634
15941 8130
10075 7519
10607 995
12057 16944
9816 5860
1331 19165
3939 5290
17253 10520
1258 2272
600 19286
9884 16317
9652 7114
6331 7428
14991 15062
13268 18598
15909 11948
1123 19048
14075 10927
12566 15009
12487 15628
6625 1539
17757 9522
14132 16234
5543 8875
16227 19461
16933 9124
16873 15028
16838 9441
489 6166
16877 17260
4023 9747
1856 2505
16892 10199
15930 14135
17881 8769
10160 12068
10032 19539
18802 7068
12807 17503
9519 2280
9907 15937
12588 3748
18162 71
10306 4797
4170 10648
14307 19755
12726 304
12613 17872
14631 9716
19773 16418
5932 17854
10585 18060
6582 1936
2730 3335
8488 14439
8817 12427
19537 1826
7330 9234
7798 17781
4906 4089
7716 14842
14727 11814
8461 19892
9869 4008
14092 14163
8174 5525
13062 15739
3371 10266
17290 17764
2518 2557
8904 6373
5167 265
2496 6590
16838 823
14018 13715
2868 18257
12096 15244
14043 3138
10823 1790
973 6651
17657 2412
14433 4079
19417 8379
7247 4023
16592 10052
15831 10904
2482 331
16929 666
168 7922
10938 18994
429 5794
9550 16104
1610 18076
9133 5497
19659 6755
19359 7399
17151 13348
653 8048
7648 171
12839 14312
13908 15248
16165 1504
6926 11680
3668 8063
234 11091
9303 4601
8155 2060
838 1985
3610 12577
15578 12076
18850 17709
6707 3720
8478 10142
6470 5409
652 8153
12312 11979
2916 3842
11711 18624
18281 19518
13739 13640
8423 7746
13741 16117
3025 1437
8531 15218
13791 12595
11491 7307
4224 6168
12634 9722
19816 11250
9358 29
4145 10572
17670 9089
14448 4206
1083 5790
13136 19052
5818 5774
6191 3726
10401 18613
19461 19696
18061 12832
5923 5345
19086 14804
8505 6761
4444 1602
12315 17428
5714 3761
13896 3861
12709 197
19426 10978
14909 6433
7343 13859
11981 9644
6128 10764
1975 7781
13177 13349
11324 16072
1510 13265
4640 1162
513 19533
19578 9035
13915 14563
13946 15764
7443 5052
1667 11757
17632 4146
16591 14038
13071 464
14261 10036
13766 14121
18319 1974
7214 1403
18381 103
5995 19467
5602 5656
3446 18032
774 2394
19489 11274
540 17305
9817 10833
5762 12872
5664 9198
7764 2880
17790 9913
16822 17683
19309 5596
11699 2302
7473 18282
15696 2912
6812 1933
9653 19974
4435 2859
3658 14823
15097 9665
5716 3999
3814 8310
11917 14382
1771 4446
17002 6440
10344 11933
11705 13080
5820 13445
1822 1273
13080 7620
15703 15504
11325 17990
8537 3130
8720 6872
12252 1618
4049 11482
3329 6295
5295 7903
8873 364
2708 16237
2717 5655
957 14752
14147 4034
1888 2794
4232 12392
10175 13133
13963 2650
7163 2743
6625 10166
18627 9274
19144 7552
14425 6178
14004 15978
18427 14805
15944 7365
19911 9442
15770 15886
9339 9824
13586 1883
5680 6398
6573 18941
1237 3431
17225 1492
7937 17060
12021 7249
5711 4315
2293 17331
3561 8083
8436 6513
595 10547
17232 6631
17266 12071
14717 2238
975 16867
4964 4972
13089 13582
6569 6536
628 8869
366 1651
16124 19818
1839 2984
11327 5942
5932 18653
14148 4497
600 14874
13301 4806
8244 5373
10499 15151
4240 18773
457 15128
10922 4255
19377 16066
2914 19638
14516 10817
1796 7803
4823 7714
6057 2494
4144 12538
9070 174
14539 5532
15910 14464
10744 18313
1412 6729
976 16506
11183 6596
8112 13190
2713 17027
16540 2542
17749 11579
19858 9016
10890 2753
9990 894
16376 12178
11637 11602
1017 8241
10491 1750
3218 2902
17646 3244
3338 5711
16083 2811
14655 1132
2541 3895
4463 5750
14853 7889
4083 13139
7853 1740
17279 17116
16509 12702
6244 12800
13666 12995
15114 10275
4636 10049
12996 2349
19126 19623
461 8502
19469 17887
11635 15276
5090 11670
6655 19971
4143 6108
13470 9095
7563 17399
3698 6973
7885 5370
15574 11489
9583 250
18789 14119
2905 15517
4092 11043
8662 5936
11294 9236
6128 18073
19697 15657
2395 14853
7397 9337
18366 7276
17405 9241
11506 8676
14613 3404
19312 16552
2900 4583
17276 4611
13001 16707
13215 18382
7591 3694
11371 13726
9764 1290
12893 17098
10988 4870
9994 11233
7102 12617
18703 6140
19270 18937
2500 2575
12271 645
16283 2717
12582 13369
10629 5055
16200 602
17110 18213
363 9450
16130 12144
7945 14139
5813 11001
9141 4049
5076 17991
13238 3503
3965 11130
8347 17438
11294 1655
168 16648
18109 15010
7142 10477
13150 235
14455 13525
6422 2311
10864 2540
1438 272
8094 4904
3946 4689
9156 13249
19272 4899
14502 8555
19402 1805
3744 1863
9595 12857
13262 16246
18469 8981
14649 4553
13503 18486
30 1298
16790 13901
19750 6935
7209 19222
12828 17510
8367 2864
13922 11267
12180 16686
3156 13609
18229 8217
6155 2884
3984 6276
9284 17432
3186 7280
2705 15480
10555 9038
13388 10786
11572 17324
4186 12320
9139 8915
19999 4470
17716 2164
4824 7408
2321 6606
5857 11538
2413 2774
10085 10860
1737 10680
5141 15058
786 214
17719 2025
7278 9808
45 16507
13683 616
464 10712
11330 7221
2108 3792
6072 10139
16519 12783
9438 15524
12587 14668
11905 469
17559 10608
3746 12625
12016 18123
15618 6909
12627 7060
4270 21
16838 19226
13390 15956
7985 2860
5053 19087
13237 18732
14087 4729
3515 11583
9574 16217
19821 18765
9686 11323
12104 9162
19726 17949
17413 1442
3694 15839
15737 16701
11620 18015
4361 12851
16522 9999
17673 6594
3697 18278
14558 806
8437 18462
10055 5128
19566 11853
18469 15655
2427 7848
14366 2761
723 13177
9947 5249
17788 1664
15514 2798
11560 4166
11017 11808
8024 18844
12165 10874
5459 19944
15043 10738
18511 13996
18674 4984
16553 15166
7343 17440
18453 14802
11163 16100
8771 3860
2571 10313
5589 11131
7082 1374
16125 14113
7581 17894
17102 16984
16208 3260
513 19221
18752 195
17733 140
11934 3955
1443 15397
8076 8589
1376 17186
11721 4096
15732 15915
13778 6941
876 10345
8796 15638
15288 12193
14503 13707
16559 16826
17159 16861
102 6871
15438 17919
8304 6864
19889 11365
6428 19465
19241 10742
4795 10797
3405 3755
15449 2968
10128 10481
372 7371
19236 11268
13296 9810
13860 19339
9089 4426
11599 15766
8795 8377
9485 847
2538 9222
19681 19174
3412 1270
15743 6707
17068 6194
3326 1557
17759 4786
4069 10512
18245 18709
7590 10604
10829 9193
12522 16976
17797 16014
8074 13723
12009 7355
6561 13934
15496 4397
19880 1321
15023 3750
1320 16268
16302 15648
6540 15303
9155 16212
9675 11273
15453 10058
14519 7914
10641 1508
14335 449
12841 18739
15269 17664
1101 6701
13009 1720
2355 3766
10910 19657
18723 6205
9365 5870
7163 8647
7710 18380
19645 3519
1274 18920
10224 13067
12705 5340
8796 9233
5667 16525
13753 15800
7673 9786
17456 9712
19697 14438
4648 4268
17989 18705
8328 15406
18537 17749
12372 12855
4822 9906
18540 18615
14025 13866
9522 3050
9166 7286
14505 13973
17209 2451
12230 16097
787 198
12740 9061
13860 9625
19787 2408
13179 4762
2455 2381
4538 12497
6951 9229
10622 14694
11967 15976
5506 17807
2727 9519
15937 3181
11672 10963
12086 2814
5072 2251
5402 11136
10264 8434
3510 3170
12169 2959
15630 90
11451 1479
15849 2088
18265 4083
8469 4703
232 10002
2680 8652
19711 19375
14063 11559
16836 5266
899 12073
15162 3318
8563 4
1 2
