1
20000 20000
4724 4503
1481 12123
16922 17687
10972 15027
17441 4957
17909 5442
17032 3886
13421 13303
19681 7277
1376 5511
6637 19615
8251 8379
880 19409
109 9648
12444 3364
6152 3750
17649 17102
13391 11799
15689 18968
8004 1379
4012 10976
13333 18466
5909 17792
5769 8225
3562 17
11498 7948
5501 19076
15464 17423
19977 4322
5875 16904
13025 14866
8910 10686
15360 11127
1470 14080
10865 735
14460 1994
8592 19745
14062 15621
9402 8554
12798 12752
15099 19868
8052 10274
2247 3379
6598 15169
8759 12407
2741 3015
685 2137
15633 16922
13619 19014
13267 8230
18810 9685
9747 2852
853 10255
5255 9493
9263 14989
9028 17488
146 16423
4821 18070
12719 4249
16218 13595
16947 14224
19630 16910
4031 14166
4291 9489
13892 5630
5788 15463
5982 12293
5179 2435
12679 1305
15908 8260
11252 7738
16735 597
19797 13476
1383 3192
9041 19117
16871 2715
6255 7935
2278 19704
2897 9427
17398 4965
16895 17109
2076 2070
12295 4794
9582 18514
4216 12905
12252 54
16531 1865
18639 19371
15552 13871
1521 9607
4689 15716
4572 1595
5856 13760
583 4816
8840 17759
5257 7640
8859 19799
182 13560
5855 6809
3062 12948
5420 2618
13294 9665
14934 16062
4175 10277
12926 11797
15770 9630
5145 1026
18981 14602
645 8908
4477 8429
18978 4465
6956 3849
11235 760
9592 1156
9727 10055
6879 10963
3965 3258
9105 7648
7236 1230
16812 15105
18353 7844
3258 13355
5915 12017
10284 17946
12452 808
9584 15401
7614 11194
17932 78
4895 1820
13829 7970
2769 9498
7277 126
7812 10812
14654 14680
15979 6218
4007 2457
18399 7945
10956 9842
18870 14878
14183 821
4718 19835
11622 17362
9817 14150
9741 12042
9829 9562
13723 3692
19433 14784
15646 11224
15739 11125
5678 16758
13475 566
1481 16213
6267 19086
12072 10810
4702 16614
11635 10741
6778 17471
155 12087
14532 9935
15996 15663
19920 16860
775 1577
13886 1710
11146 7778
843 11373
11384 17206
2731 13531
1797 9061
8088 13964
4204 9322
17997 2611
12751 10708
6767 8985
9677 3787
9475 6567
2038 5364
8198 8145
17039 2889
12618 18205
5040 55
8182 2392
1181 7629
18399 7226
866 19153
2841 13070
2818 3203
6185 7011
10554 946
1142 3968
9984 8091
5032 423
12718 15231
15973 18950
7356 2792
17025 8191
19696 17251
12796 17568
8115 4810
2391 2514
13937 5135
13009 3548
5393 4468
4942 16562
15556 1138
3814 14254
19620 3768
5505 4774
10754 8433
18684 12711
19143 18894
5131 934
7413 1549
17154 16768
16524 10378
10919 7694
15232 736
13360 1097
5071 7444
11811 15106
7046 17752
15502 1142
14161 6430
10108 15179
11800 9453
6345 14529
12437 10500
4729 2880
427 15493
5881 5570
2463 9436
3674 13674
14804 13470
12979 13111
17846 7939
19202 19419
4254 10309
16697 10467
12422 713
16983 6901
8508 11653
2116 10603
1652 17041
2049 11088
1609 15092
10955 13502
11673 3261
7599 1605
3628 3141
18236 11084
13944 2113
9923 9284
13450 11699
7802 11500
2871 17034
13250 8555
1335 9400
6318 1513
12608 18399
16144 4847
9349 18456
5398 7026
6065 5480
4717 8294
6656 11728
16211 18657
5510 8961
27 2164
4560 18388
4501 3874
19659 6903
15238 16811
16883 12927
7244 5188
3544 13855
14862 9818
7724 16217
17932 975
13601 19800
5935 13464
9355 15470
18978 11488
15622 16533
1010 5959
2362 2322
13040 16277
9600 6994
13113 5911
19715 4108
19127 6925
106 13400
17204 8847
8058 17011
3934 16404
15879 7037
9430 19978
14636 18937
1808 15174
19757 2686
11975 7293
14289 14967
14482 8510
13955 1017
12428 2538
18759 13997
3035 996
15337 8278
17791 7623
8747 9962
12594 13981
864 41
1941 9912
3685 589
4127 7949
17134 9237
153 1998
17025 3068
7802 7751
2420 12414
775 7212
19358 1864
15492 19908
18419 14493
5663 18946
1731 11299
2975 5218
13754 4553
10805 6522
17257 12462
14176 6013
4980 16696
4491 12735
18786 18643
15352 17555
10395 12991
14727 1444
10055 14831
18292 18274
698 14992
826 14339
18632 4541
1312 5867
19177 6170
3153 18811
5929 15541
151 5521
380 4437
18218 8158
16871 13877
7769 15801
893 7496
1440 16644
208 8723
16365 15661
1825 7897
3301 17152
8804 9670
18699 3164
13450 15633
15535 10130
15505 15288
4271 11138
7964 2587
3643 12275
16589 13137
12504 16535
12179 9274
11698 10915
8098 12760
3384 3244
8847 8770
1850 6459
8910 10570
16937 19805
3481 463
2741 18890
18895 14728
13423 11573
12832 734
17228 7038
15577 13163
7782 17544
2738 16968
1756 9248
2730 15899
19782 1628
18263 6404
12478 19356
13160 11183
16181 16996
3132 10943
2519 4244
16758 14809
4337 3612
1487 140
16985 6311
18771 18553
610 7895
5898 7669
1372 8287
17578 7281
12095 6075
13498 2838
4581 8507
5363 14365
9460 409
3111 19168
1141 3717
8839 13993
18460 5504
13250 5722
12676 17578
6593 2362
9416 6358
6279 4985
16932 7115
19474 3688
983 9356
6680 16934
5996 6070
10294 18174
4140 11753
8756 6554
15772 116
6423 13410
10880 3663
9922 4809
6651 15818
6271 13114
5469 16049
6757 19544
222 1989
9493 11208
17250 5968
6185 7870
3882 17794
9848 7546
12457 3588
8963 18599
12749 12101
9807 1093
9440 18038
3581 12242
7178 3675
10620 8325
17779 1683
7887 6868
7662 19226
2357 10895
3612 6507
898 2273
14576 11451
5505 5507
6328 7692
257 14049
12155 16337
5828 2628
19963 18692
9803 3715
15769 3078
16220 11854
2661 17819
7238 3184
3318 567
12776 14302
416 1236
17438 5983
9953 156
15326 4119
15000 18761
12582 6651
17812 18304
9706 8414
9580 18134
5397 10922
6797 18763
5978 8938
8631 403
19129 761
10932 7456
3910 881
15769 13521
4903 10334
4821 6468
9300 13773
13420 827
15716 9610
17062 3081
9614 19492
6948 14782
11757 18866
3172 13496
17667 4402
1205 15522
322 14233
17522 3681
8316 2096
17154 7584
10955 5870
9867 8690
2309 14716
16504 2721
9702 2690
13579 6282
13665 9726
12636 16372
15380 7951
247 7791
9459 4375
13973 19738
8232 1503
8771 17519
16507 12540
12744 4469
18899 788
12518 18634
154 19880
17247 16129
16369 9440
18052 8520
4146 4784
19116 8146
17198 4498
19078 6245
3360 14411
6767 8165
6470 7765
4005 11897
16955 1657
8749 16453
13413 14760
18249 11669
17549 15332
657 12665
322 6751
9864 12125
3835 4331
11586 9732
17529 17346
588 3699
2538 622
12897 3489
2508 5418
8475 18074
15730 75
6891 4735
15263 15286
680 5598
15903 17464
8935 6173
7730 16152
12816 15881
19135 18189
2998 4488
19097 14923
19642 3232
17216 15856
15316 3638
16984 19588
637 14884
18885 647
3364 10366
17259 2571
17027 6211
17016 14028
14285 19760
14375 12506
14490 64
8943 15669
7428 3348
6587 8302
18192 1197
16041 19308
2767 6095
11619 19346
15644 14005
16446 17703
13502 2212
17487 17907
19748 10701
15696 16473
18165 1556
19892 15586
3012 9118
4758 10296
7414 11387
17204 17122
529 12961
42 15299
2553 18519
11002 19417
17081 594
10465 16115
15011 16118
15514 13968
13523 9587
5949 19123
14492 16475
5420 11257
16708 19022
10234 7174
9480 18753
5206 13180
5681 18812
17547 14384
12332 14612
1918 15480
7247 19857
14115 16009
12411 10969
13376 1341
747 12807
17749 2359
17736 4771
5987 18264
1143 9836
12222 19183
1283 6258
16516 7902
13829 4568
10250 13822
15048 1073
17024 104
119 12817
319 14440
10098 13
6340 5367
7186 2731
9716 6682
15067 9001
9466 14438
3567 9678
6637 17532
3320 5136
9467 1184
12364 6299
18353 7453
4359 16340
15513 12011
13799 13293
17261 8010
6867 13606
16026 11496
7761 9240
5699 10735
1913 9527
12688 9749
17033 1453
2436 18492
7982 6577
11411 16280
6593 11450
17781 5951
12222 11167
10035 17587
2205 12655
10886 17307
16799 9431
15457 7438
14284 10837
2884 11286
14906 10118
3171 10004
16729 12710
9664 12322
4947 19803
11487 4828
19610 9128
14625 8099
19283 1790
5805 5030
14529 1527
11649 4411
19362 18579
8963 9221
3172 16294
19331 4088
6153 2967
6265 9333
11619 1525
2530 11205
13139 13894
2249 1517
10315 7454
15419 4415
19874 15821
10242 18735
12273 2123
9112 11493
2915 14236
11546 5953
7143 15904
10911 4156
4904 135
15239 2111
18899 2470
3289 13140
10667 9901
3442 3451
16096 1030
11163 18877
9803 17529
1053 10139
19753 12894
1 10169
6337 2905
9429 9706
13671 3426
2971 413
19757 6750
16166 10580
13557 18047
6838 12471
2952 13403
17904 682
2055 10647
3315 7411
19130 3447
6515 18179
6051 13462
19742 8320
19542 16466
16165 2784
12441 2045
10895 6036
763 4519
13445 355
8354 2326
6535 17491
18315 19208
6652 17830
985 9116
3960 1799
3927 12644
16492 11750
7884 1008
5832 9432
19010 2145
14266 16561
5980 8558
16883 15242
15647 18173
6807 13717
15569 11386
18396 3467
357 7389
18666 12437
19619 12307
16464 2335
10840 9016
2842 6578
1946 1959
12885 11717
8316 4365
13414 17029
1350 8506
4215 1076
6774 17839
11905 8066
15697 15265
8457 10715
16136 10250
5456 16391
6308 14299
7422 10552
5245 13015
9790 1343
17787 8855
14307 3328
10222 16275
1762 2579
3607 7824
14381 10617
4554 3665
429 5887
11345 7671
14215 6363
15852 6919
10444 3627
12992 8042
5697 10405
7337 17697
12787 8416
10988 10167
8438 19623
15079 9895
11228 15221
19837 5303
7415 9039
18024 12638
16464 4046
3985 11824
16556 2315
17840 17054
16649 12325
8350 7413
8078 6429
3917 15206
12478 6327
1136 12467
3249 16729
18365 896
10831 12182
2787 4673
8493 10155
16455 5025
882 16670
8186 3520
2566 5963
4871 5684
11811 10755
9536 13682
11121 3499
11547 18537
2100 15953
15959 18972
17494 6645
6450 10073
16876 8702
15490 828
12455 14103
15822 15697
5145 8574
13886 1360
4914 1291
1762 19634
13315 157
1104 9494
11265 7472
8098 4177
16060 10027
15372 11378
12366 6196
6985 6993
2291 17095
6488 8101
5231 3355
3458 9925
10586 3725
16584 818
19005 18305
1816 16714
15190 6529
4193 9905
15588 2201
4874 6176
1661 18839
11124 19378
887 16613
4083 5891
18604 13161
15331 8360
9948 18494
9559 657
6027 13394
733 5376
5595 18018
5642 19102
17097 19506
77 13982
16075 14414
18295 17020
7601 15429
14621 9731
14426 8313
5710 13019
2278 17259
12199 16701
12974 3922
3083 17734
11606 9830
3983 19361
17981 15743
12374 15928
13026 2068
7684 8472
547 19223
255 3616
15207 1689
9490 15574
9795 14252
4337 2216
17671 9378
2054 16498
13904 3646
1447 12154
1572 11885
17452 7247
7938 792
10911 4829
14365 18680
19135 718
3838 16806
10260 17818
17114 139
6165 13535
15097 4645
13264 9506
14120 1353
19428 17480
19911 4199
14657 14377
13500 15039
12442 7953
12650 13498
14098 18844
5277 5158
10793 8896
10047 18605
13832 7753
19574 8542
12512 8790
573 14740
10220 4984
10345 17234
15798 10627
2414 4154
1751 18860
17340 3900
6320 4389
6794 1985
16713 2330
15107 2365
3759 14617
11053 17321
15997 4118
18088 7378
107 8737
1387 18389
4759 8541
7913 14577
17509 5949
11098 8369
15944 2097
13081 3280
6636 18771
14978 6685
15366 6160
11414 10022
17856 15344
9875 15154
18780 17785
16422 19877
17867 18609
17480 9228
10990 14495
13240 6646
14855 8953
18720 2302
10 4789
14708 1889
16808 17096
14123 14467
11855 8267
4321 6964
8684 17934
16163 14228
19921 17603
11963 19023
1547 6398
11343 3188
5004 14561
8377 9549
12482 12987
672 4226
18141 5289
8063 3985
13205 4483
16660 8382
4327 13851
16815 17751
5609 15685
19854 8102
2239 6928
9169 11932
7736 1961
9623 1738
7464 14825
7298 4078
7280 11955
9012 3913
2926 10961
19226 14172
12133 16660
16256 1860
10663 3317
13940 14406
2654 9127
6120 6153
14062 10524
1611 18585
5122 14304
10186 5104
10688 5584
11818 8381
15469 4261
5257 17781
2247 3211
1026 11335
691 19206
17154 2349
2762 13471
6792 5171
12849 8659
8136 1951
17578 6491
13371 6332
9494 1703
8316 8482
1797 19403
11187 16056
19048 53
181 17233
8481 999
11908 924
4221 13912
18605 8088
4100 1154
2619 5272
1177 10980
15569 8691
2923 10574
6188 7769
12265 4569
8345 9134
15538 12270
15450 8040
14521 4717
5717 2342
10453 4384
17660 1892
2037 3233
13713 14031
5431 12997
441 9387
10436 3282
18956 9646
9344 11499
10661 19610
14299 10780
9510 8031
14636 8321
10863 15330
4954 15285
14318 1688
18941 3332
9494 19654
9792 7869
2330 17484
14410 13629
18636 10896
4630 9359
16123 272
8655 3970
16705 12975
15690 9792
16912 4995
3162 11462
431 12412
18968 293
8350 17050
5910 16141
19182 18790
15903 4639
14133 1114
7827 17100
15066 17998
6284 2222
12860 12639
17327 7570
916 3100
9197 15087
6620 10158
16702 14918
14234 4429
18638 9703
18379 13090
13371 7705
2205 2564
12675 16956
7426 16166
16735 12402
13983 7890
8206 6594
2150 10044
12948 18261
13422 13167
19551 13731
6586 14574
11160 149
4627 15203
5956 2883
8711 7654
87 17449
9853 394
19150 15494
7814 8864
8528 4093
13689 19935
9677 381
17649 374
19857 1677
1033 15593
5678 5147
7096 16067
9044 17868
12585 239
7538 16157
1105 4770
188 5775
19369 15128
4805 5689
16841 9621
14253 6433
14065 15990
3689 82
2753 12864
17468 9828
9443 6029
3890 4432
4636 754
8450 127
7762 17302
10390 16619
14866 9425
4130 568
15051 12853
14334 16629
13911 5898
271 17850
18499 6582
9622 14959
7246 5101
13046 17195
2362 13991
3940 7527
4694 603
980 16966
15502 392
1434 18138
4344 1965
10890 6642
5953 9511
4802 18504
5915 4272
6289 10092
2971 11495
7589 3997
9757 7693
1728 2711
19898 19016
8350 18017
11945 879
1407 503
9865 8734
4637 10736
11832 10348
19215 5707
6139 14550
19096 2006
7428 19331
4283 19138
1354 10932
3292 14323
894 5750
9694 13356
3413 7730
19246 3350
11919 2197
6075 12967
11167 2423
11367 8975
2156 5270
18190 5706
13150 15696
19329 3629
2333 14337
17684 6049
18948 13857
2923 15813
8141 10602
6508 18847
17470 19734
4698 3030
11891 11944
17867 6587
7010 950
12138 6613
17077 12809
11594 10402
16662 2064
191 5742
3468 5548
8232 16715
19243 3190
6175 19366
7937 7754
5356 4221
15155 18031
7333 6076
7229 2935
2761 12302
701 2380
15837 7405
15392 17965
2205 8846
14822 524
17042 15632
6408 6846
2601 8411
8083 6449
13716 11303
19379 18559
20000 4097
14002 802
11164 16688
10046 12857
13076 19347
1641 3971
10724 5512
17211 5835
13265 1613
7422 19612
12104 17833
18437 4551
12730 15397
7597 8683
3360 7589
14865 14486
12063 18929
9748 2008
17154 2321
2170 13483
14523 11698
13358 6664
17856 13555
7787 14071
17008 16880
9293 3710
15610 4877
10465 15790
9173 8806
5778 19231
12438 7216
6451 14683
13733 13650
9029 8492
16402 19136
15844 4303
9367 10279
3183 10509
1016 7622
6297 13319
3676 14410
15092 18122
18705 7815
15855 8937
2063 11859
19610 2582
6243 14794
8172 15882
887 9534
5224 1996
14549 16762
13153 19771
13363 3325
5952 3914
16660 3540
2073 4482
18820 7143
12729 13751
1320 6999
3481 11441
10410 9971
523 12046
19637 2160
19097 310
12636 4908
427 8124
9144 14686
3800 2793
3099 7552
335 18908
19911 14898
10981 18121
12339 13999
7661 8576
12708 6287
4795 13895
9786 8571
9804 3856
12798 1839
3318 7097
2894 11213
5929 3639
1066 4253
17095 10573
15342 13765
2953 14713
8670 16032
2390 6003
19609 16843
15888 2441
4992 9899
10553 14206
1941 12389
18114 829
2953 10639
8573 4343
5971 9218
12015 8283
639 9573
5276 15505
18895 19709
6416 1075
6337 9065
19352 17593
4916 5657
9573 18910
12102 525
8874 1838
7770 17290
4446 10776
11613 2242
198 56
588 15238
1225 17564
2608 17853
9488 3896
13783 14507
9387 12645
1283 1171
3868 19944
3974 17641
7554 791
16502 13412
18399 7910
10386 9360
19955 6312
368 16505
12555 8232
1437 8681
14091 1082
18080 12944
19089 15517
1652 710
7403 4350
8266 10138
10612 12641
4412 19276
9701 1709
19050 15544
8222 3631
4310 8293
575 15354
18219 9206
5770 6294
9551 2620
4531 14419
933 8169
4811 4836
12273 17421
13113 797
2728 3951
9044 9262
16335 10690
15543 6228
9749 2227
19606 12747
16238 10584
6986 6819
2347 14551
4632 11487
4424 2198
15104 8930
16955 15837
11629 15673
5918 1902
19558 10009
18891 1310
3378 16169
16993 19534
378 14575
1212 8299
11624 16376
4771 2381
7263 13972
8381 2268
18596 8577
1219 19055
5137 9840
12899 14534
53 15054
7068 16051
7473 7747
9801 4663
19308 16004
7082 14222
6523 2850
16422 13950
9268 2258
1125 17415
3230 5568
846 13672
4957 15979
16774 243
11870 8796
7933 10070
17892 15018
6593 249
15839 16134
16637 19646
10369 16594
17332 16576
9049 245
10420 15211
1733 1028
1109 5061
5655 19379
9125 12015
12504 18538
8470 13466
11233 9473
9135 9264
13483 18300
2333 18298
6730 5671
2461 2732
2847 9193
18112 2873
6590 9517
14978 11305
3142 11606
14423 5379
10137 273
6644 4071
4817 7785
19054 15116
13916 11809
13062 7215
12549 3657
17870 11785
12337 1045
12664 16327
12579 9961
3025 9426
18544 19122
10288 8353
16436 14393
6790 246
16147 19464
4731 18806
19210 13975
2905 11979
1089 18973
8029 18042
9671 16272
11752 13576
14356 16710
4015 19304
16360 9012
8684 7035
9920 18543
13441 3345
15662 13484
8109 3307
18876 2354
13931 10415
6900 18116
16592 6595
1939 15646
14789 16131
6460 7858
7969 8595
3923 6930
8762 16742
669 14975
3631 11041
9749 2617
12271 19040
4531 16912
16016 1182
3838 221
3725 19448
299 6568
16086 15677
14217 7156
8420 9345
1400 3102
14228 3775
17986 17410
6677 13764
5464 12117
12555 14463
6242 13367
19709 10439
19991 11502
15703 10359
11937 7759
10531 5312
10546 2848
16132 19033
14657 19984
14197 930
15346 19581
15588 13500
8874 3605
6606 5224
1947 15086
15828 8878
3315 16076
1096 7284
180 2707
9477 16344
16816 17461
1528 4349
1307 2608
4220 8258
19352 1580
19297 5556
2966 15675
4180 5922
12701 19795
12678 10694
17249 10511
12926 15326
73 6348
19151 6144
1816 3178
14904 13538
7126 5470
9402 13206
498 13844
3573 212
11055 17812
4742 6463
12720 15738
10409 646
14358 11348
14191 3765
12206 4848
11118 4981
12119 1419
15699 46
5596 5585
6153 19258
12622 2275
17065 5433
10788 3048
16871 4057
10404 15319
19968 4996
6090 6005
15511 16777
2787 18493
15250 16929
15338 1794
15435 6317
13624 6969
13949 18745
7760 11355
5356 5616
18928 664
18604 6779
16305 6658
5122 955
4772 2818
12763 11358
1725 19752
18539 11527
3713 8300
3678 11482
7524 642
12735 8697
3061 5605
13396 1599
8161 7499
14789 2567
3947 11292
4758 4731
6230 11271
12876 5553
4440 19225
8043 6678
16868 2615
13158 13020
3532 15799
8234 7377
19215 18075
2699 10448
829 19345
5356 16405
8501 578
18776 18818
19250 16632
14244 7645
14142 19236
11362 8830
6741 9999
7926 12040
17995 2158
12635 4738
11930 1645
6380 1775
10052 6059
3655 7072
6561 15862
19048 18276
13922 6453
13702 18348
2866 10324
3728 9448
144 11338
8200 24
15551 13655
18269 12353
3376 8756
12618 11687
6063 4969
17306 11509
14952 13992
2598 3960
5769 7265
8175 708
19054 17185
15082 1715
1041 16958
8775 13022
15267 7435
10278 5806
3782 11199
2389 6025
12180 19021
12479 1217
4082 2778
15762 15554
5000 17356
8560 8151
16724 4134
15403 13045
13884 15264
12640 10253
3645 4204
19828 15334
7632 12670
19047 8171
3378 17428
2292 7717
6552 8620
18811 5202
1160 4040
16068 11361
4857 9843
13729 16924
11035 1247
18148 17961
5445 7155
13530 16122
18536 16557
2908 10685
18722 2221
11268 17435
5821 14386
13036 2492
1690 5148
223 498
6225 4305
18484 16135
10095 12126
8481 3635
7584 6810
11094 5905
14712 1205
429 15692
11231 18810
15828 5525
9212 19431
2060 2185
17417 2696
7789 15678
5346 14538
15684 7989
11838 17768
4977 4974
19852 5321
1928 650
10730 13523
9875 5560
7710 12941
12133 4937
17554 14154
18065 8106
13063 2496
6531 2652
5681 2373
1406 5992
8801 2024
10024 4335
5671 2200
19072 14630
10930 1993
10567 7959
10530 19591
19017 13122
14423 19051
5113 13971
15535 6640
6408 19940
19498 16783
8711 13436
18110 10844
8691 17618
7015 3161
4842 1776
15535 241
6280 8035
13422 18864
15707 9928
2642 17200
13079 6728
6759 18149
19588 9213
10278 766
18555 404
19038 216
5608 1356
8350 17715
5420 10190
11726 3992
237 5085
3253 431
3558 9659
16795 7407
6726 18471
16071 8589
5892 16295
14324 12238
2480 15058
5444 14351
9324 10137
665 6391
19623 16826
4821 17012
3822 11112
12614 15302
2828 652
4094 16765
18924 8182
9221 11411
15865 163
346 17696
4531 8735
5464 15985
5645 4899
13105 8203
4012 3101
11680 19026
13505 18061
4338 17368
4914 6225
75 4615
3009 8187
7137 4138
2459 14571
7721 9266
16064 15398
11417 7892
17998 8528
14513 91
6702 8367
12257 261
11961 10015
4688 16584
10722 14559
1812 1427
17710 13155
7925 136
19058 17207
11832 3087
5409 7563
7838 17883
14313 19995
5804 17479
4630 1312
5093 8476
1462 1420
2646 17135
2952 5727
11342 14627
15372 9229
5128 562
2153 4022
14865 2954
5694 9108
4240 11032
18201 6141
6470 19065
14009 2755
5058 14576
10815 13330
16021 3197
6053 19717
3209 2847
1406 19427
18845 4435
7733 4105
12257 17764
2201 2960
3909 6482
4820 5361
3714 18315
18779 2334
11690 408
14088 16903
18471 1243
13568 6425
9105 17146
5732 13017
1762 11117
8974 18933
14456 12637
11937 5220
16671 6505
870 7021
1986 677
16225 14205
7051 5650
5398 13520
10838 14226
18148 3363
18190 384
15512 18221
12607 4710
2056 17383
12376 1308
12512 4101
8382 14834
4876 655
456 13600
1326 160
3102 17968
13242 10927
10935 10830
1651 4462
15968 10102
1133 4825
13377 18211
14550 2265
12829 3552
17375 8513
15646 17079
4424 4925
7937 4372
2465 7466
2637 18362
14018 13973
4743 3979
10175 17130
3640 18905
2666 6956
10301 15188
14673 18140
8420 5582
16514 14539
16513 15484
10895 2933
7032 19869
14889 4433
19996 15651
252 3875
10337 2005
6945 12706
19514 17726
11923 15650
17344 19652
18856 3221
19184 1964
3402 12222
14400 13850
8408 11987
16660 16471
9730 14089
11085 9638
13999 12907
8274 16774
8484 2563
11002 3645
15349 13452
19846 15258
7116 17129
11242 16520
19362 10451
8484 5815
17260 14770
3358 18656
16327 9132
2566 18153
9698 16024
9242 5336
13813 13205
10296 1650
10137 15111
5134 9913
11915 13294
4667 18980
2425 12819
15608 12470
17317 2452
4531 10396
12881 13954
8924 18708
16296 19605
13175 9719
14205 14540
621 13449
4907 12397
17280 11926
13503 11425
7401 12798
18813 7339
19821 1585
16448 6526
1955 1195
8834 10125
4662 10275
5305 9871
11580 2641
10138 16349
7183 9651
7928 13935
5783 11021
2654 18480
13131 15262
2734 8785
1404 9645
428 3987
7780 3125
18129 726
7932 7887
3693 9853
11236 2978
10329 19872
421 10440
8772 7660
5225 3664
588 13389
19892 4290
16174 6116
4918 17609
18834 19428
5544 2520
9582 2765
5133 14011
10579 3600
2083 2217
5266 8270
1355 14801
9617 18539
10015 5770
4120 11523
18295 5106
3588 19981
7890 416
669 14920
8082 15166
6330 6171
9090 19801
4550 2679
10996 12543
13803 19185
14753 8797
10564 14829
15363 10019
19712 11844
12387 11738
13551 8850
13487 9082
10127 1774
1266 14248
9408 4619
12709 9256
9722 19716
1224 12145
8532 2000
6184 2596
9216 13451
2094 6260
12384 11056
7442 12012
16469 13827
12253 3818
15218 16803
19542 11966
3838 6030
13389 5070
1713 6527
2718 11334
4485 18406
4354 4736
451 16601
12363 12806
17901 5897
4472 8983
17259 14912
6898 3930
9742 19619
12324 18105
16181 11963
10797 17065
3902 19773
16591 6542
6948 6847
1658 8812
17674 10649
15133 18244
18944 19072
7937 7984
8473 2529
6648 17163
8350 4544
12876 2553
11298 13165
13116 976
13568 19592
1287 15734
3802 18280
7524 12240
6184 8448
18043 7313
15899 4699
9398 18983
19896 13234
7172 7257
11392 19927
19347 16522
10595 14449
13596 4780
5110 9673
4305 10269
10790 11458
1065 9956
7046 1511
4890 14593
14757 2913
4349 9669
1074 14266
1074 2902
3693 5441
15192 1642
1762 8945
5669 5266
19749 18475
11234 9043
2008 12256
15502 4187
4074 14714
16060 15236
5305 12138
19226 17405
2958 11246
13754 17292
3927 17261
19742 5624
16584 10017
14930 15225
8139 7170
9876 7047
4611 17322
6093 1375
6386 5050
17387 18967
14418 13056
15926 9795
249 15917
4444 11868
18642 6340
12159 8907
16848 10566
3590 14850
1618 2060
1749 3479
15972 2530
18377 7549
1538 9687
2728 3385
4698 5705
16309 14511
12804 15474
3963 8714
12399 2700
9200 3870
6505 19392
1565 18349
13753 4380
1180 16718
18910 11993
16885 11277
4960 3275
9791 8282
3587 7141
18659 10127
9215 3851
52 18992
19536 7503
15351 16705
6086 9741
7577 19825
14315 10738
13250 2071
6129 15854
12729 2295
268 3878
12216 1282
17616 18282
3927 169
1436 19129
6102 15294
8394 7578
3912 7297
3509 11486
14058 8716
5356 16454
11758 6815
18750 883
9719 17835
14816 4262
6679 609
3303 4497
2706 18324
6778 5327
9784 8670
2953 2366
9487 3582
9694 16721
19416 3747
3114 9032
4089 11879
18677 14892
5023 14548
1064 10817
3908 37
3320 3435
7135 16139
14666 8152
9954 6918
4091 11770
10455 14350
19316 2133
19268 16896
6986 19248
7182 15386
1055 15828
6326 6657
18091 4207
3117 10368
6379 12112
3689 5347
2850 2749
17389 2187
15273 12863
8996 3488
16713 4201
16133 8732
17167 14981
2434 4089
18812 3443
4154 6329
11755 3647
13072 10060
10265 14403
19919 12567
10540 9761
13623 11439
14752 4641
5782 17238
10125 845
1849 1180
18242 14390
1212 96
3986 13273
13823 6262
7937 4070
14493 10759
5721 18083
15887 1841
12889 7871
17554 7507
19761 8530
13087 13075
7398 8296
15814 3462
14500 14024
5243 16511
17355 17766
10151 10827
9487 1768
11077 9255
12172 8173
5396 18801
2463 17778
11759 16493
19633 9459
17520 19434
8755 4669
2887 8061
1046 9525
14729 9406
17641 17160
17640 16266
8220 3312
4955 4297
14498 17637
2767 4308
12557 10432
9530 6492
16228 6301
6702 2415
17730 17131
14465 18386
13310 11994
16449 18681
14132 7732
8798 8601
9279 14220
1094 4325
2915 16900
11780 1347
18322 768
15564 16763
9135 16784
10991 8932
887 12612
16566 10781
4501 9105
6508 18045
4166 17408
15840 14021
4810 14130
923 4336
12786 18069
4802 2306
18848 17509
10891 11618
479 8730
19403 4368
14397 7268
12663 12388
18004 18341
56 1828
9991 10838
8036 3727
10419 15516
19055 13564
16793 1253
9372 15268
13286 12900
6947 8318
9449 12558
4928 2472
13017 11930
2327 1919
1143 16831
19096 17553
18148 7240
1307 5137
13847 1177
6751 1603
8287 14293
5507 17237
16114 7365
9054 2576
9686 15451
4344 9492
10764 14246
5849 16483
13664 6768
14387 3535
19200 6313
2044 7794
129 40
13476 11481
5852 15183
18542 12505
2028 6772
3333 2931
2441 5432
13702 1540
3469 12259
10296 14013
120 4196
18467 18858
3346 694
2678 12830
19083 13437
3366 6125
9279 13021
12926 19050
4041 18780
8707 1204
564 338
4164 10265
9533 988
19004 12616
13637 11148
8592 1155
831 11475
18540 6591
6155 17572
29 18127
19177 3065
14278 17010
7711 3619
15958 13513
4204 1235
13502 7573
10955 10657
12312 5776
11862 18378
15962 5977
15093 13778
7092 4901
8223 15146
16774 3247
11911 2591
1115 14311
8906 7838
17515 9594
12537 11780
1144 2309
11793 1170
19169 17695
16429 17701
11440 15070
7679 7851
11587 1174
156 7663
4604 14048
3500 14059
2523 14623
5577 4878
5456 5718
18019 8890
12709 14087
7177 16367
4718 16751
13653 14762
5512 8344
18850 5715
15923 850
6337 11047
5226 4268
11920 12438
6871 835
15339 16802
17970 6978
6252 19367
19911 19744
5227 6879
16723 16287
7322 16659
5941 17524
16312 7065
15923 3847
1873 596
10766 1913
17713 15156
11473 10097
14037 4992
18898 9293
7573 3865
3165 5865
17028 14528
8400 478
14498 7922
8604 6424
13470 10626
3924 2604
11316 14655
16728 13162
16316 4191
14369 1884
19414 831
11855 10921
11189 5592
16327 3389
5676 18403
12004 8068
12143 454
16380 14002
18714 15072
8422 895
4519 14549
16194 19144
19365 11637
16426 10894
13283 14146
5916 13305
9793 15647
18598 9773
17843 154
18130 3425
368 10644
19985 17181
8518 15920
17781 4526
15456 13510
6036 5606
15067 8076
19681 10727
18 11250
15274 10855
19655 18346
12689 12551
12992 10571
11366 11457
15399 11673
16500 16942
1096 10997
11229 2043
5238 14405
15782 1576
9386 5926
10889 19163
16279 16097
3302 2523
15796 6753
3553 5371
8702 19383
16660 13492
16224 17358
2347 16801
6308 9246
8438 6263
1669 712
3187 9204
11118 7467
2883 5792
1984 16703
15209 4616
4456 12751
16171 8048
18613 8811
17864 13867
282 1653
485 14142
5951 1536
19873 8174
3562 11306
6552 557
9181 377
13741 15515
7320 18124
7703 8916
2483 19841
426 4385
17336 7912
7962 16292
12374 18175
17603 19287
9431 15643
16638 15430
8292 13892
10530 19458
11257 5403
10575 15761
15404 18490
3364 2856
3172 8995
3538 17483
6856 18551
19532 8055
16941 7150
15822 14376
19780 17167
7587 5804
8326 12847
7513 2720
4973 11691
833 13472
18584 5173
6651 2540
8669 153
19278 7199
15718 18620
11840 17386
12798 10273
13899 467
2436 17592
7891 14948
2466 7619
18721 18730
10895 5900
8784 16040
12340 479
8758 18574
9803 9996
15355 10786
11641 4392
6243 320
2822 6464
2666 18190
1646 8461
10177 2189
6523 11086
10348 17211
4095 8612
16522 4893
7862 10032
11717 19906
6537 10325
6394 11504
16806 17467
2119 762
1426 8363
2269 14094
2073 1160
10408 11101
7533 18343
4169 15195
4102 3661
8258 19256
18945 16338
9900 2512
13838 3801
13199 614
17119 8525
14688 7391
4096 10702
12104 8498
2111 12636
18433 1380
5627 7239
19188 16963
17638 4231
14354 12500
10992 1288
10080 10376
18815 1121
11876 6466
12133 12820
3167 1789
18734 15932
7974 10820
11392 10417
5257 8755
17662 2975
5293 11298
18269 3388
10658 2165
5620 9938
346 8627
6940 9123
9485 14281
11042 7064
19749 721
2318 3902
3546 11794
8874 13359
5759 12305
8398 1136
4517 17967
12421 16813
9624 4163
13371 2884
8069 13537
19718 15950
9471 19772
6345 17248
9345 7135
11390 13925
8397 10590
5969 1049
17033 6295
917 1748
18748 11935
19608 19740
18536 5212
17079 3159
5518 5204
3178 19423
18108 17003
1260 4797
14085 4837
6982 5613
5765 8147
17529 1741
12622 19353
18075 14238
1342 15725
9510 12482
7695 13660
10931 16117
14887 15062
3508 2534
14192 3671
5961 14924
4743 19167
5116 8584
5505 6715
19585 9363
2634 12801
18848 12532
12969 10062
6260 14092
3146 5523
16247 13578
3612 19048
10450 1910
6229 1487
9525 15199
9072 10231
16821 8845
15528 7357
10911 6038
11731 16393
15629 6421
1470 11886
18983 763
14753 10122
12656 2094
4286 7108
11818 4733
15690 915
19023 3327
7003 17945
19584 667
5398 2480
9520 3134
1678 5041
9520 8593
16171 2549
17213 5127
18885 10087
3213 12635
12669 4684
11291 9337
14480 19513
7152 5837
14517 11372
1812 15349
3592 3063
4543 535
2358 2693
1992 18774
1161 14718
17560 14696
10890 16318
8622 17816
1815 18374
14999 15847
7341 3980
13689 10235
1234 15379
18848 15312
7914 247
7808 1534
11360 17658
19231 674
2846 6099
7415 8644
3313 16672
4015 5506
14062 8356
18221 4484
16674 9989
9795 15664
7003 3422
13261 10508
7051 9242
3522 10534
12288 5287
6412 15502
11012 13641
10923 16842
16768 12225
19749 9772
2130 14020
16669 12044
18411 4861
11223 11118
4354 1066
10790 16808
6390 12279
9530 9712
532 1173
12374 19307
16003 7709
18865 1231
11146 13194
8746 17137
10453 15888
15951 14108
8499 4202
3285 275
13233 19032
15392 9877
19303 13662
1547 4351
4354 9813
15159 14106
10384 4228
2052 8352
8517 14245
575 8535
11671 17921
6988 11791
12438 2105
10213 18498
19023 15450
10954 2317
6845 14966
18776 17728
17617 5683
10207 19535
16560 2515
6337 8207
14700 7533
8076 4805
12862 339
12104 16855
9125 17536
10998 2319
368 1757
17463 17121
7227 19589
12172 19280
9187 10728
1716 9458
3927 19920
9218 17210
18280 16651
13665 13034
14603 16373
1915 19210
9100 15604
4046 17639
17855 9759
6142 6848
15962 16853
6593 3634
1613 7030
14223 10642
5053 16192
7415 9701
16143 19693
154 3901
15196 5882
4907 11158
10882 18590
10465 18044
10236 4528
5059 18808
10890 1883
18998 2477
17157 7491
19313 10320
2691 9768
13667 939
13295 19700
14670 6913
9077 7780
17942 4890
15639 13401
12790 3284
17561 15732
19140 3950
17441 6103
7805 4366
7225 19124
11436 10347
18642 15622
2304 2348
297 928
15812 1763
18387 14061
13466 3179
2291 7830
5308 1977
15642 5785
4277 4457
5849 6033
18682 5015
3902 2915
12149 18084
7001 4407
19268 19791
16106 1788
13598 10665
6389 12317
19311 2612
3923 5701
13406 19936
141 19562
5681 2997
15684 1340
12381 3204
2971 3857
7227 10634
12035 15038
2459 8630
8105 63
3464 8809
7027 3376
1755 15029
11163 2046
9397 5051
888 12669
14627 269
1718 17214
19048 429
18533 2027
13116 571
3285 8484
10331 12929
17303 17954
2563 14734
5596 11813
13971 6729
2590 19477
17054 10258
9147 8181
6926 26
1732 2051
11370 3935
19781 8889
12566 43
5367 7904
2329 17776
9226 1112
4157 12617
3953 4438
18774 7739
3952 17189
7587 18150
6254 2026
13337 2196
351 11774
6432 2823
2946 6795
12441 18798
17914 4757
14825 14906
18315 15857
7529 9846
5606 97
15410 10063
18112 4843
10963 9268
17003 333
7332 15052
5835 11825
17943 10563
2137 6957
15409 18986
16567 17832
6160 16686
17801 19058
10648 5619
19039 15506
19400 4655
13959 1133
2459 18900
16806 8095
4383 8965
5837 8036
6918 18547
12624 14374
13912 19429
17289 13007
4031 12834
19911 13077
16605 10496
11977 12688
13975 8517
14661 3301
9967 19067
6585 11364
8963 17376
7277 1318
5507 14982
8316 6244
13687 8170
8028 6696
6414 138
6343 13363
1812 8842
4212 872
14754 849
2434 1908
11302 3592
19923 5333
2495 1791
3023 19519
1411 14631
8108 3269
428 16238
1810 16930
13729 8085
9204 4284
19813 13681
1618 18154
4708 18328
751 173
18603 526
13111 1462
5553 2895
14822 2662
13012 649
16682 12576
17637 4583
10214 8149
14683 6509
10657 14151
1266 13948
15186 10834
13784 11716
8030 8511
2976 16681
4631 3859
7372 4453
9554 13000
15997 17720
11472 9879
15103 9257
7791 17552
19093 9745
17781 18677
4719 4459
5783 3633
1744 6557
1035 6551
6432 19518
6949 17156
10601 15363
2170 2505
2304 6850
3905 12187
19822 18310
16471 16479
6155 17629
12956 3071
7940 8944
15116 18128
1645 1395
19070 1126
11862 3716
10770 6884
11524 8802
13987 15462
17509 17128
7109 10161
14743 9711
4341 18400
18460 5181
13665 1506
5678 17440
17494 7593
1986 8408
19912 9062
18588 14563
16995 9515
18294 8291
17664 13802
14996 558
8257 349
13219 6923
11472 6676
18290 15835
4646 3827
14901 3343
5612 19503
17737 9633
4386 1610
18801 6444
17219 10546
10206 11319
15802 901
12653 6966
16605 14732
5227 15930
16770 6995
7806 15499
2154 5459
12545 855
2518 3291
11105 1024
15002 15600
6810 17505
6912 9910
9147 18245
6284 13689
8583 4127
9557 330
4124 7886
14712 1847
12094 15290
10939 15893
5515 506
12914 5443
9602 19962
7534 14081
10386 17281
3097 5920
15820 2202
1648 13866
6242 7943
4600 6544
16454 18450
4416 16861
690 19301
13827 7088
2883 19279
8355 3833
18009 18435
1070 10321
13392 12727
5355 2718
14828 18460
19935 5857
6642 19389
13936 16550
13172 11899
887 8834
19274 13211
2791 11492
1505 12342
4460 15457
7548 11251
7410 3387
17752 33
12569 19384
6966 6716
8630 18292
7374 19446
3446 801
3199 9120
9135 5802
19582 4728
9954 10041
3672 13593
12770 13331
19460 12082
18580 19450
18920 10156
17302 3722
1159 14543
5060 5918
7637 601
17662 7823
1890 15625
4440 6082
13762 5881
9124 13582
853 11758
13160 7624
4627 1630
5832 15303
19657 16738
14238 10825
2884 9075
14155 3214
5476 4867
16789 12588
19883 10375
13444 15614
4094 13473
6122 1474
672 9376
15355 7773
8466 13274
6226 5749
9712 6907
13038 16070
8196 14955
9923 6402
5646 1390
4616 9976
4100 10291
12085 3168
14395 12341
11009 3255
2344 958
11314 11871
15067 10945
6468 11628
1287 5960
18826 16824
1981 17888
7147 1673
19403 15925
9371 11132
680 2416
14913 4844
531 10382
5141 1152
15518 1746
13033 19404
13499 8336
740 17393
19682 19300
2038 15217
6891 19847
6633 1954
591 2664
16304 19826
19445 1825
11146 8050
8109 10236
14908 1315
11109 3193
10164 17002
13436 5601
14657 13828
2890 7906
10008 9036
8327 1099
3272 14895
12583 2437
1728 4041
5995 16549
803 18067
5987 8402
7578 19237
17271 11013
18553 2059
12349 2456
3774 17783
4504 559
16611 10045
10407 9593
9361 15713
11133 11754
204 12681
15966 5260
15355 12153
13981 3599
19599 8876
5787 17159
12578 10199
17086 11934
16727 7076
10838 13819
10666 19599
14207 7315
9309 17112
11098 9857
7068 7024
14715 4651
6238 8341
4471 2556
3180 14650
4416 8480
9872 10908
7322 6778
5250 12855
18269 6538
7916 12464
13937 2819
12650 17801
15403 14085
16513 15708
8512 2179
2841 6208
10997 3948
2286 5917
10186 8651
14330 7757
15337 4025
19286 19859
13280 10332
15421 2621
16038 347
17809 16055
17617 2516
11368 9331
5766 8534
13458 14306
6966 16662
1555 11566
1965 11828
7840 6302
6007 5985
2958 9626
8573 847
17012 16901
13884 14077
4737 8884
2776 11768
12251 1622
12630 10564
7495 8718
8756 15140
2969 1987
17873 7964
1907 9070
18820 12027
17605 14526
14957 870
14204 17880
2619 7351
12376 5500
11660 13214
2486 11024
1961 12734
13292 5632
5870 7078
2184 8365
10181 16043
18993 13608
18019 14970
15374 4063
766 16484
6905 12118
10405 3296
165 5271
9834 11747
19742 9991
15992 15711
9221 7229
19782 336
15655 4653
19681 4802
5130 451
16285 14599
1228 8600
11002 8261
4206 7813
18630 18380
4224 3240
5681 12958
18379 19584
13587 5280
12137 14681
2790 6939
19268 2025
19914 3497
6731 8385
12606 15658
9971 19524
5829 1714
12844 5421
19709 6672
6574 1158
6314 11965
9857 9278
6833 17477
12663 780
9458 6588
18312 14502
5771 16633
15527 3572
18146 12262
10228 6195
18205 2986
3083 2521
17587 13327
14335 8332
3554 1704
1400 12850
2587 17465
19447 18951
8260 1339
18186 12063
17389 13171
12411 10878
7981 5623
16220 13192
15688 17595
11037 982
17247 15045
12551 19491
15751 9995
5956 2886
15480 18738
13058 9089
11870 4817
17771 15816
5919 15852
13753 17717
2038 10254
9908 16628
13147 13809
2326 3437
11715 7639
5311 1386
8760 5517
9344 7825
16842 8580
8313 17987
16828 1451
18023 6435
12281 13634
3056 9468
18551 2122
18326 10485
15863 9662
2445 12626
16257 242
16223 2685
10393 1128
15279 9683
12481 8572
13596 5969
10737 5178
19708 14851
8500 7559
12959 6356
4568 13977
4677 8292
10937 15452
10768 9516
10472 3832
10818 6207
5823 2815
14205 5877
2553 6792
775 8183
2553 18699
7728 13044
18636 18744
6384 2191
2828 14275
16988 1335
13593 14396
14038 11143
4024 11108
16505 6612
619 1923
7914 4328
5306 15653
9227 14086
2712 12450
1323 10869
9869 218
4358 14836
13401 9583
2301 12968
13782 16554
1205 17705
19569 196
3006 4449
11146 6154
7597 1531
11887 4801
11937 3953
6386 5349
4268 10133
2629 6807
3083 12310
7086 16137
4104 17521
9410 6908
2698 6138
14758 7449
16422 10075
18204 1888
12206 13203
18723 6623
15273 3973
7330 12702
7362 12524
2451 5697
11044 10447
5257 5906
19054 3163
9872 15442
5491 3057
172 8297
9788 16694
18707 15287
9431 19974
17671 5773
13780 17458
18568 10956
11472 3292
15730 13611
8489 13439
6676 13951
9748 10355
13584 9940
8118 10370
9573 4330
6143 9407
2835 4693
6523 15083
15366 9679
122 12549
13505 10493
19428 9533
15922 16087
805 9126
9167 7124
6363 11442
10410 11705
11679 10883
16261 17339
16026 8929
11921 18404
17749 2642
4960 15699
7052 12890
15083 14457
5257 9770
1338 7883
9901 16419
18628 17935
13198 815
956 5190
17216 3311
6782 7615
615 16457
9145 3816
4026 17454
18891 12415
4953 6688
18438 15496
615 18639
7450 7093
5942 14682
8633 13365
13521 14570
16634 6315
543 4033
2563 314
5742 208
2272 10990
9994 17420
17892 19686
11960 18440
3384 4329
18895 15076
3509 12314
3127 15836
13949 8992
18493 13648
7401 15765
10376 9338
17027 16477
15543 4183
5308 9031
16224 12485
4170 2353
14712 2093
15628 19818
7404 15110
10297 177
9654 1637
17039 3905
17321 16685
479 14822
19512 9629
16072 18473
9967 3096
194 2824
1035 2633
11906 6781
4600 13127
1017 13998
5445 5656
17176 10285
2738 13697
12814 3359
7632 18826
7889 7610
13358 595
13647 547
7227 14116
3395 10466
12884 8236
14924 1665
10090 14271
7660 1798
14253 6916
15187 7479
3979 7969
9899 2537
13884 18327
19416 19993
11470 19215
13817 38
11508 18006
19435 12773
18364 14861
8400 8926
11167 10099
10774 16304
13458 14914
4757 1817
3298 6494
1283 784
9196 13727
791 4896
10188 585
10701 5579
10849 9876
747 11830
19982 11623
14158 13335
2600 4714
13711 13433
8704 15345
16378 229
1970 7416
18205 17980
11405 19471
10601 14712
11631 5439
2417 193
12553 5009
11249 1742
16062 12036
3732 14478
981 10582
17397 724
14003 19341
547 14330
6726 15945
7524 1212
2624 17577
9832 3331
3406 2318
19742 18883
8978 16749
19129 11023
7632 7244
8755 832
876 4945
14429 19440
10976 18059
12104 10182
1786 8184
14940 7566
4677 1915
918 5413
17335 12410
5613 16684
14501 17616
6386 19028
4337 14995
3732 13199
12063 5026
14479 16066
12078 3228
4732 19435
19547 663
16228 4107
9044 3072
3838 820
15476 19706
18139 13701
10094 1968
5638 9767
7661 11642
13631 684
16352 14759
6748 18664
10565 18266
13896 4712
10951 16537
11421 1039
3198 12218
3175 12111
894 18126
10875 7521
8078 9827
17503 7260
7122 2264
9227 12515
6310 12300
4354 1970
227 17313
16100 14241
11625 17325
2575 16616
17453 17855
10663 16501
7754 6834
6782 14609
1223 4195
17463 1963
17188 9317
4768 19897
3385 14256
396 15365
12156 9738
2468 12573
6160 8223
14100 1409
1000 14935
1450 4239
9035 13501
5559 5675
18354 1801
7154 9253
18937 6869
6751 2748
2856 10670
3522 10080
16240 11399
1871 11235
14090 19672
13390 18506
1187 7369
17 10192
1543 1785
9050 18483
6858 4224
11098 12765
7547 341
4321 1274
15619 12430
4059 3669
6334 15810
8761 12227
8008 14321
17185 18743
1679 10742
3505 12030
19313 9050
13732 7592
4278 16753
14513 17711
12180 10026
18773 18198
9945 5586
5823 7034
6783 13949
7571 14446
10992 12047
15938 13542
5071 11405
19196 11145
370 747
3487 13395
7196 17938
16874 2780
12877 3506
15017 19259
14358 9787
1756 6226
14912 5471
4452 18418
2278 5676
227 7576
8473 6748
19296 2876
13476 17081
4708 200
16970 6
15054 16355
6428 19862
12040 4269
4137 3167
15569 11429
13883 10189
9429 5620
4957 15359
7598 9064
17098 12743
19063 6093
18287 13391
950 9539
4480 12957
9156 17773
7717 19547
8704 4884
10237 5112
17697 15909
15767 4721
2668 13799
908 4034
5356 11801
2240 14063
5338 3577
9855 8153
15718 10923
15761 501
1649 15775
15527 12465
18134 6621
14283 9405
10605 17852
13812 18246
11065 5641
18235 16565
3484 12251
429 577
13572 11435
18089 14506
12181 3687
14677 1079
11162 12590
6129 19913
3385 88
9283 10100
11445 18676
8189 7133
17112 3501
13995 5110
16800 18263
7172 19849
1745 10186
4355 8759
19860 6126
19285 11732
3538 15525
4047 13187
536 14284
3426 16211
17864 7898
18983 17103
12222 12483
13198 7833
13173 620
11414 7774
8768 4539
16616 9714
3963 6659
5935 17927
9354 3810
19980 7501
13421 17990
17255 1611
13081 8430
11493 11391
16800 1916
19983 15277
7126 12596
7299 13627
17939 1387
9202 12454
14025 12642
7054 19733
18617 8923
10572 9948
8956 10858
11817 18945
18388 10762
8513 18989
9348 14157
14685 18540
8643 12091
8159 19227
2098 12546
16275 5531
6175 8654
133 9806
9073 14730
19649 8786
11043 13714
3199 17951
9624 17547
19411 6419
12635 15031
3270 12700
11829 11452
5570 3095
11329 5751
8906 13003
7053 19214
2692 6416
9694 9216
4236 13482
15776 7363
17721 9334
6714 14407
8392 14802
13472 10628
9586 4979
14503 3017
253 8495
10315 12608
1410 18369
5977 8415
11109 2115
19696 15812
10434 13088
523 7994
16630 18759
16366 2173
10013 9142
10528 11605
5122 8307
17199 10731
19681 11625
8755 16123
1756 6910
13088 8465
1478 4939
1237 7539
2997 10233
14202 7489
14838 17511
3315 18922
1387 5243
18839 12493
19581 17875
10410 19866
10831 16917
9678 11267
6342 19003
12085 13713
10929 7960
12755 15615
8051 882
5973 15769
2168 13788
1580 4624
5948 9908
6751 3704
11056 6681
17652 862
18583 9364
3153 10147
7773 11483
9991 7062
8393 5849
12200 10203
2229 7486
8748 6164
543 195
15495 18023
17851 4502
15502 9666
13122 19049
17291 19774
6299 2636
2857 19836
12133 15662
15208 1499
18840 18756
12857 18155
11012 19478
7793 5677
19531 907
11229 10964
14375 8839
4020 13467
5989 11207
13555 13810
3747 15041
707 2867
6060 3500
16500 7326
10348 3752
16608 7641
168 7185
3171 9184
16260 12851
9198 9122
15597 4346
14701 2151
11539 1524
19631 11216
3902 17127
13424 16260
13684 15153
9686 369
8846 19550
15042 10931
7339 11215
9749 10336
3748 12660
10568 13333
13207 14135
7014 7241
7298 8532
14491 4232
13663 2729
11826 15465
9803 1939
10705 1445
12452 906
4372 5803
3856 15951
10712 5428
8606 6146
19048 3590
11708 17619
10708 11097
652 8128
10373 15307
7762 15824
873 9918
16943 6902
12969 4524
3364 2205
14930 17311
2346 3550
2391 7421
6474 5074
1109 1507
15823 17314
1400 10408
18826 9725
9715 3436
1920 9987
16782 1408
2741 3694
10181 7772
12422 17007
15905 2871
567 4273
11429 18253
3369 1168
2097 1643
13422 10198
18154 18425
2740 12392
167 6250
16952 13699
12369 4424
15002 294
15663 6949
11797 16884
14083 15351
15137 4295
13780 12065
11312 5703
11892 17291
11257 7614
8326 3904
2146 16720
4507 13670
7378 15524
10955 18110
582 8969
19359 19510
17306 2864
12709 5370
1320 17652
1070 14813
16411 18690
15239 8914
19182 10764
543 11787
6449 14062
10094 19249
18083 13456
14207 2625
3153 17430
2505 8304
8255 6067
10201 2513
18638 5097
19935 9930
14947 4670
8201 14643
15063 7642
6638 6341
10564 13353
4206 11761
10186 15190
19938 15587
547 3029
14020 2973
5912 13191
7940 6693
6986 1641
4871 4507
5560 12513
17852 3928
8376 6724
3123 15226
16133 18071
5760 18267
274 15308
15747 3106
7764 15794
500 16036
12133 367
16871 14125
19922 4835
13938 15071
19800 9199
2241 10554
2466 14492
10867 973
9807 17925
18462 7915
1383 7134
5363 13675
7167 5973
13309 15940
19903 6310
13346 16760
4490 12378
19081 1489
12897 18288
14855 14860
684 5032
6956 6825
6079 6666
3225 18915
729 14054
15841 19148
17240 3300
11001 6131
9712 7621
17216 3655
17389 8706
3070 13409
6020 11191
16882 15417
18430 4051
15067 14824
3230 13599
1358 5223
5151 843
7991 19707
1679 18401
16442 9718
5515 6767
13157 18700
14212 5298
3748 6370
10344 18325
3330 11701
10476 7990
3631 13099
8715 6909
7054 2487
11809 2924
17655 13749
6875 12340
15567 12246
2404 17930
1405 17082
8030 9413
12027 834
3884 2238
2423 17546
13587 5063
2915 10093
13762 17354
627 13381
1611 13965
4076 101
347 2393
6999 262
19010 2297
17802 7768
3320 1646
2247 2545
17084 12334
18932 10798
17603 13680
4636 18876
10772 8159
14032 7404
13513 19424
9163 8053
15241 6972
5113 7267
15540 17656
3666 19283
5870 17442
2414 15645
2391 14422
19780 15781
15340 18097
8851 1389
1376 15981
12133 12725
13732 5783
9887 5186
5936 15441
15328 11015
2412 953
7538 798
189 491
4637 14938
1150 13068
11755 17788
15700 17651
12656 9170
7584 10659
13010 10384
11820 12750
13784 7418
5784 3198
5406 14036
10061 12842
9957 3754
14209 17964
18690 3267
19637 3989
4733 16495
18848 5131
2332 11891
3162 586
7375 7102
14830 18567
10100 14668
19093 35
11673 738
4819 3834
15606 9881
16398 7796
875 15431
8724 206
17904 9209
10395 6210
8195 1286
1404 7402
18924 17365
16996 13554
18139 10051
19124 10595
13647 18287
2728 18548
4318 16553
16935 6051
17906 11597
12734 8816
16987 7337
10511 12589
9947 13104
9096 6055
14151 1755
2111 17789
4450 9478
11475 17118
18075 14821
15837 9628
17114 9298
1357 3344
5993 16897
15774 14186
2507 5126
18752 15152
8324 15078
18557 14314
11175 15167
5108 16246
11045 13096
11089 6469
13702 19314
60 4155
280 18542
12571 8940
8407 4275
18195 18436
1141 17991
5522 16818
2073 11688
13278 18364
4271 991
2347 1871
8050 17218
16611 14362
11513 17635
18609 1299
4581 18725
11282 9098
16847 1016
14303 9658
159 9844
1530 2541
19670 7787
16445 11819
12262 18502
16695 16269
11673 19861
2439 6823
15088 11060
6818 11847
8715 9310
11956 1314
3810 5264
1549 18533
9219 14118
9883 19874
19296 15382
6388 13904
6714 15788
7928 5249
9707 5497
1226 4620
7313 9635
15125 17308
1982 2332
9300 17854
18609 10843
4426 6871
18840 357
4653 18296
17663 15923
10519 695
18574 11810
10351 3721
13066 18098
14882 14946
10658 15012
7242 9164
1392 15514
604 7308
6968 6110
5669 6556
18924 18240
17030 326
10130 11027
2183 3372
6668 13763
9576 13619
1328 1367
15092 11045
12950 13103
5339 5475
17458 7543
2986 12935
19880 7561
7496 11942
8734 10507
7734 3375
1721 18092
11298 598
14851 10223
14913 13298
10768 11683
8555 10835
13984 12499
8523 99
16067 1165
7762 19135
15491 5043
17695 10942
5927 9869
14712 3579
1160 1850
5626 15409
3736 7184
1242 7321
14096 16469
4850 4017
3422 5754
7685 11356
18 7433
3909 7095
3357 15931
6601 7606
11060 12678
19682 2290
485 14215
16031 2834
8828 13552
7398 19282
19766 13620
5185 1229
7498 6997
6036 10068
17904 7599
9167 18653
4090 705
5215 10884
6646 6009
4832 13407
7313 17236
9755 11765
18620 6915
5801 10681
2715 17001
17860 19611
4174 18726
17363 1925
576 3150
588 14247
13286 5486
5990 11025
1219 4983
4939 18997
3772 11749
1400 12784
8124 17815
14176 14198
19963 10246
18893 775
18700 9590
17934 17123
15255 6351
12437 10769
7703 13139
14449 4189
17882 383
15708 2429
15741 8667
12686 12531
5346 4344
19142 15013
13603 8579
3292 12136
2571 8201
886 5042
12461 14840
17158 16722
9104 11894
15093 18332
8784 3705
2414 12877
9879 8560
10815 14610
1410 15150
2790 16881
13058 4764
9604 14727
1641 12165
3426 18257
1943 7477
16422 10615
19932 17398
15504 14512
4372 8468
6474 17807
3112 17611
17258 14127
11463 6513
16535 12613
19830 9931
17889 7711
829 8256
5580 8696
11317 5120
15217 11053
5493 18402
4914 15263
14273 16010
17789 19470
961 8113
15203 4141
7825 5798
18379 9324
531 641
3931 9758
12821 14689
14220 167
14802 2140
18722 19854
7557 12993
5017 943
17247 1021
19570 3678
12765 12737
17010 11266
7523 13759
3754 8130
5054 9721
7333 8959
11126 5092
13871 1014
17565 17111
5579 8781
7991 7914
1793 12147
654 16507
10601 11982
16910 15445
10917 12057
1409 10989
9772 6150
13347 3745
4334 4683
14693 10491
17926 13105
3006 2382
11025 8993
11234 2401
17641 15235
2975 11984
16660 16737
14716 16486
19649 6962
15996 98
12333 1535
14858 19692
9791 13798
12536 4175
834 755
17267 13230
7068 18201
12106 7502
12469 1887
14079 3439
1278 7923
17820 1504
1487 9720
8867 198
8797 14267
11730 11551
7615 8898
15896 5508
14275 15134
824 6610
10039 18010
8104 19783
12158 2926
11309 12056
621 15426
19039 15844
7376 10868
7383 9083
12021 2134
13317 5708
4408 14412
5868 16379
2490 17678
14523 17884
384 2219
4075 11295
4161 17170
8192 3394
14430 15724
12836 15634
5465 2853
15984 7595
9781 1481
16982 10646
7037 18391
7918 18177
7797 15758
11249 5678
3638 10256
6318 1542
12728 5461
18736 1810
9614 1862
8813 2159
16355 19482
10249 11786
15368 15903
18893 3010
12287 1946
1577 12569
4759 739
4022 11759
14466 16848
1455 6470
9616 10598
9353 12037
853 3156
18619 9735
9897 2106
5901 1381
16650 15482
15564 18562
429 14808
5204 10065
8078 10416
3064 10833
14631 15989
5231 3046
3033 10596
7234 5927
10089 14385
3272 12687
13483 17554
7246 10520
2427 2042
2938 4401
4169 10094
17910 7122
14206 14368
7354 767
2266 9014
6948 14823
10157 12008
18364 3498
9663 263
13313 17508
8170 6632
14960 18331
2349 1396
16420 12014
12818 19565
3110 17061
19023 956
3218 9491
12499 9849
9241 3996
3559 7742
4922 9149
12426 5177
7374 5681
14579 9386
5729 7657
16688 17817
11374 19128
1852 9021
7974 15682
11239 9488
10255 7263
13275 12207
13657 6718
10492 1358
10727 14409
2889 14250
2863 6977
16984 17431
1897 1108
9144 3185
8700 19697
6638 9927
5891 9474
8394 3133
7999 19401
3499 2663
18729 5458
19617 4158
756 6929
16265 1626
18801 11652
17899 12844
10660 6986
12755 17296
18548 579
7838 10799
10445 13006
19884 1437
7573 11409
7443 6874
4497 1490
7355 14729
13736 4318
3332 17444
5704 16290
18970 12893
18774 12816
7651 4348
10904 291
14815 17926
7780 16665
6069 18049
16592 11188
15712 11005
3374 7066
6290 4421
6013 13098
9628 2228
2168 11552
8233 9165
8521 1023
13286 2449
4046 14413
6233 15320
5236 3236
4842 12180
11240 2573
15569 4696
9798 10209
14908 8713
3316 14229
15812 11055
11535 10005
18352 4260
19054 3314
19817 1296
17312 12831
3447 14010
12798 889
11759 10029
19424 9137
8331 4496
5395 16015
1611 12062
17240 14133
10148 764
1939 2250
4530 4056
12336 1209
10408 15992
17447 3073
19637 9941
10297 5237
5135 2525
10905 15581
4326 688
4899 11832
1535 2028
5888 14137
9018 5276
1763 5845
12508 8888
14328 18581
12593 776
8907 5901
1522 16084
2255 15481
16598 391
13709 9306
14436 8738
15474 11590
9901 1777
3974 9013
19552 1529
8618 5342
18649 14520
4666 10513
7775 14620
8821 5255
19090 14708
13944 8326
3237 9420
5537 17525
15373 4709
4807 7356
6754 2493
10203 11459
17712 11777
7215 18976
10228 7986
10707 18317
1232 8028
14927 4808
6834 16257
7131 1563
16670 15339
19170 10720
7119 9198
4613 4977
2283 4315
12481 3084
15753 11369
19955 11742
95 11465
15249 7036
14266 8452
7576 3230
13505 17959
10700 3658
828 14616
1710 17829
17616 17598
16820 6747
9586 15369
16561 6961
12618 13886
12137 9988
2494 17916
14100 8215
4904 16329
7033 590
8252 13002
12838 11072
9503 12431
3396 7686
7285 8989
10501 9699
5032 3998
15493 14804
1094 861
6195 15100
5362 13791
17811 14691
17851 14038
9236 5012
2881 5144
18068 19674
11815 6240
8051 6276
5268 5520
7465 2903
9772 3111
700 17340
3762 14194
10023 17905
3395 14079
12261 6900
1999 10536
15340 3222
13128 1018
4172 15674
9473 13786
18609 8991
625 17119
18956 4200
5707 2506
6265 11838
17839 16773
18578 16506
2318 6219
16270 17681
17501 12189
6858 2955
1939 4630
8926 6892
18275 2643
16922 12973
5514 7179
4879 4479
18823 12920
14403 18857
18189 5007
9522 1578
13631 3013
13252 18626
15685 18670
16532 410
11078 2874
13877 15567
11384 3652
7247 14274
11234 16731
11534 12045
11150 1914
5787 7395
7654 12856
7613 4359
13657 7763
3099 4147
15798 1225
867 6041
7876 9411
1308 18148
16928 4593
1991 2065
2537 4703
13829 5420
13748 14942
15536 13320
14156 6324
1055 15368
8598 18250
18281 15059
19296 9932
13657 17882
18609 515
9803 12137
16407 19797
5335 7947
11162 15771
19190 4677
1437 5999
18912 12264
3338 4362
19692 8948
16574 5213
6989 10591
19384 3390
17472 14832
740 5557
10723 7325
15058 19181
18001 10856
13372 10271
7277 17581
7517 3860
3923 7044
16674 2261
8663 13679
4372 18338
15655 5772
7383 8979
5118 19326
15588 4358
17600 83
10661 32
10670 7835
7777 16027
5329 3777
4477 2581
13547 749
14225 13346
19433 12785
1550 14738
15846 15498
8077 1134
17502 2211
3330 8192
8801 16030
53 18701
1487 16816
7096 14016
6853 15840
19004 2637
7205 14203
4196 11090
3662 10567
16708 15164
249 10008
9678 6752
3378 477
19302 3840
1284 4956
15040 3160
11390 14029
1721 13511
4463 5002
5243 12323
18715 19095
4427 397
10018 13237
10947 18046
19082 13618
7263 16310
15194 18619
3086 12028
224 5108
17104 14009
3159 17269
11221 5005
17656 1972
13698 15141
19228 18516
11188 16879
3758 16603
19062 16164
6579 10024
9228 15289
2623 17298
8251 9285
3460 166
18235 2598
841 4341
6175 16589
6715 16570
14672 4397
2777 8467
8372 6560
5077 5888
1412 19992
10747 7269
17151 8583
4899 1104
19135 17542
731 13766
882 170
17667 11470
5427 1351
5556 7737
1909 15327
6139 18820
766 13041
7412 8765
16598 19549
18613 3650
100 14671
15355 5345
14742 9859
18192 11476
7789 14606
1850 19043
17301 7304
14236 10184
8893 15970
6345 3580
17575 7603
14386 17575
6909 12296
13116 3487
5891 14978
5319 13217
5215 15693
12227 18013
7789 17857
14486 14670
1127 18255
19031 9185
2042 8918
9557 9737
17429 7716
3763 7245
5651 13286
18017 9702
13190 5836
11745 12249
16872 17403
16692 15623
6782 4116
5150 7048
9803 1251
10454 5008
16510 4418
12244 17559
10453 672
11915 15317
18264 13197
6978 17686
472 4446
833 10914
16189 877
15058 16606
5133 11730
14627 16719
12310 1289
13108 1207
11803 15510
8085 12793
5326 313
10819 9396
10489 17756
7413 17729
12240 12714
10313 700
9852 654
15337 19848
6155 7387
14649 6467
14491 3937
16422 5395
3945 12981
18287 5646
6655 10792
4124 6708
14302 994
9689 70
5395 2465
16938 4004
3816 15034
13139 7194
11854 1373
15006 10663
12787 1547
5468 6953
4961 11764
16556 4529
10342 19587
2921 4820
14551 2341
13058 1808
13081 7219
8266 1198
12108 5315
14266 197
19289 10089
6398 7373
15434 10522
2348 17683
17771 6631
11411 5006
15342 17642
16773 18106
7430 18832
16167 16041
11960 12605
9833 10000
2062 14167
5514 11490
19427 9080
388 10548
16060 1955
893 9161
11208 2809
9076 7007
17139 16810
10443 16592
456 13047
8764 16410
19566 15036
4165 6885
13889 1143
6636 14448
5906 9582
523 2035
16471 12248
14950 10920
8691 2995
17616 19387
18165 15605
15413 11385
5698 10433
2134 19081
18414 19680
15734 3105
9109 16039
17664 6269
6405 12477
17746 13823
581 11279
19077 10012
10838 13123
18879 1730
18893 4807
11848 6514
17547 16387
35 8266
246 4370
7933 325
19742 14003
4923 12053
4815 2989
16754 7676
15040 13637
11114 18807
13803 15467
17860 2766
15895 5133
3631 16058
6497 7084
16870 6614
2613 14355
11568 9612
6095 12284
17959 3545
9026 8780
6533 12491
6640 8409
16848 1298
13944 5215
10851 2413
19241 10474
988 6140
348 7807
10688 14436
2022 8100
5606 9476
11455 19381
15772 8692
7494 5153
17904 12695
11264 5516
13884 1992
4319 17402
9876 7616
5861 7602
17325 10770
3587 14497
9558 11638
19008 12928
7584 8768
758 19398
249 6006
12012 16781
15351 1792
13101 14958
2139 9557
9953 15868
18419 13343
17001 5228
6062 12919
10783 18527
4944 9414
16151 13200
11616 18659
13716 2684
1853 3788
7416 19846
19063 11943
8821 11977
6030 4876
18826 2661
2473 10882
17998 1460
19551 7814
5241 14416
2263 17342
8408 8566
4715 18831
4630 11593
4684 3939
5656 15754
8857 7938
9972 3183
7133 12556
7997 15246
5307 12184
15128 19976
13586 12287
10027 14789
9164 10699
15436 6629
132 12283
11098 3651
11433 9765
19395 16840
5515 16555
11546 12707
19399 19493
13692 11858
12656 8760
1001 15936
2076 7976
3927 5655
11607 3991
11862 4404
11673 8767
16267 3091
2626 7160
17781 12618
1179 4592
2626 9404
19923 17867
6230 3304
7095 13241
7767 12769
18682 9817
12618 14756
5086 48
8677 16830
15 302
16540 6018
12146 15668
11637 11362
6756 4866
5216 17900
8860 9444
7386 4584
12953 3800
16689 697
18920 10525
18552 6319
588 15809
3711 385
18796 18283
3540 14544
7862 15305
5324 2199
10344 9495
10434 10013
7845 6638
11229 9559
19963 7111
9834 3445
4577 2644
10818 5814
2587 4745
2666 11743
658 8431
16765 19980
12969 4575
12537 2098
17516 1383
17390 9472
4720 7302
17194 529
928 3243
10390 6938
12250 18558
10446 11057
8417 2767
1308 12504
16590 18377
9622 13645
10595 13285
13504 2963
6218 13275
19761 12955
2751 18099
14316 1119
10498 5818
13389 18215
16256 12897
6854 18546
15326 13747
8821 14865
5783 18141
6516 7253
12327 1929
8685 3907
16090 16343
13687 12441
3579 12964
2607 693
4201 1893
7707 7594
6253 1781
18163 5955
3426 9173
13896 5065
12688 5363
7165 7793
9185 14397
9202 19066
6230 18353
13944 16500
9224 18875
5203 16725
2144 15704
4842 9715
18219 15503
7587 14640
2459 8456
2541 201
3831 16524
18757 10160
8907 2369
16660 14037
6890 16270
15871 13447
2735 14731
10672 7069
19634 15325
6184 12224
7635 18152
3211 15125
10820 6935
8064 8680
9300 3413
10234 13448
19254 18617
11880 8939
4583 11558
6875 18289
11549 10517
7943 11419
3558 5660
14693 16047
14744 17940
11188 2831
2813 8536
19192 5716
16794 14082
11568 16459
266 4692
11767 7043
17664 13474
98 6035
6696 5389
10066 14919
14283 2166
19717 15373
18524 375
18419 9011
15011 18142
6451 8556
3804 7572
12548 13711
4094 8081
10493 2893
18909 7232
346 5396
10449 3218
11742 17132
1223 6761
11465 5827
13781 3064
3910 6648
2857 17418
16857 19193
421 7620
4386 15521
9614 5414
14809 2390
19096 1727
10689 5587
15740 7098
8344 14541
13896 5357
17012 15378
482 13860
19585 9044
12914 15807
11312 11478
346 19798
4010 19814
15279 2799
11379 16371
6950 2331
11384 14286
472 11174
2223 1203
5281 2656
1071 1623
19231 4775
7660 1575
16103 7027
3177 7187
16961 11643
4952 18469
13671 11006
19938 13707
6982 4074
6564 7740
11111 6174
16544 9092
15854 12753
17712 19272
14638 4317
15457 15024
19728 15850
11740 5430
14340 18159
4819 18096
12156 19914
3541 12282
13189 13125
18195 13244
2326 12668
1815 3502
7374 14034
7064 5089
6255 11289
11713 19088
12089 7781
1793 16416
8959 15432
468 10828
5154 19090
6175 16497
2992 19070
2601 7392
12095 12780
13778 3465
17263 18901
14920 15784
15762 4194
14880 19937
6053 16735
17133 1933
13536 19388
10925 806
13286 13638
10385 551
7972 10057
4355 10983
15772 19108
12607 5139
2629 14913
12133 16871
6388 45
12413 6045
10856 311
8963 8685
14791 11840
12529 3373
4520 7094
18962 2577
19920 2386
16411 18416
14951 16317
18968 12985
4048 14420
10329 580
12223 12837
15202 11703
9586 5449
17017 1778
13190 15017
16086 1943
8536 15748
2460 8250
4236 2236
1474 4799
15107 1867
13107 9544
8897 9384
7360 4637
4460 19810
2802 4018
471 18303
3115 16612
7415 10705
850 5940
6314 9929
22 9008
8359 5191
13696 7771
3157 1469
14070 6757
2316 10177
14482 5596
2508 10854
1627 9829
2785 4347
3518 12602
13865 19667
15274 19344
15145 9855
9770 18958
12849 7412
16889 3020
13979 15253
11484 3001
816 7437
264 10475
18681 15341
61 3672
8931 5484
1506 9332
11458 18674
16468 1700
7966 11150
16011 1557
6229 5419
3554 3016
15617 5352
4778 1438
5166 17866
5906 4625
14019 11406
13689 19574
11433 14725
3270 12712
5832 8666
17794 3019
14656 9463
14627 15766
17325 13783
19334 13515
17869 1606
9446 18741
11350 9244
3369 19203
11240 4724
3393 11237
13097 14210
18217 2941
11566 18072
13834 3879
2958 11782
8083 12657
16279 3573
9070 3251
3541 13959
17529 1258
12203 15712
6334 19594
5264 15717
182 19830
9468 7271
19369 9329
9306 7045
9353 16699
15435 18185
19246 9878
17216 8386
14676 12940
576 4613
17970 1953
1065 11621
4021 6952
2058 445
15249 11123
15095 1012
11995 10870
10205 7299
11193 18424
14100 5842
478 4936
17889 12980
15853 9086
10102 12609
4937 356
17389 8669
4218 10284
7838 11227
14737 7166
14590 6181
17963 16837
5243 18775
9742 19812
9376 12360
184 5796
5668 16365
9359 6001
7655 13406
9412 10305
1809 3432
8618 3986
3532 1219
4857 9863
17538 18762
4736 17742
7583 16608
8274 9814
18920 19876
5965 16526
2000 3421
5415 10813
18734 7784
3775 10494
14167 7233
16016 19303
5037 16814
6823 11918
11234 17275
15875 16333
3361 8023
12001 8137
10296 7358
8661 10308
5683 2790
16076 1840
7205 9696
4437 8255
19892 7721
9055 15315
3232 2829
8182 13160
17451 18880
10767 4420
1377 11135
619 7777
4188 2377
10524 6326
18670 9653
619 13963
7582 4888
16464 15274
13483 10722
19277 12849
5403 12211
7161 7347
5729 17215
8431 13597
4898 14524
6608 18789
1455 19568
9487 9847
16061 5165
5766 13221
15359 837
9227 12452
11524 86
17684 1488
19750 17310
2413 16926
2465 2403
4856 1995
9023 9532
12738 18907
5450 10079
14794 6870
5724 5851
11842 16265
18682 7974
16261 18840
16979 18850
10939 4471
14957 9388
451 1363
443 18921
10167 13730
19554 2807
15059 15870
4573 8094
7862 18552
14103 4668
3553 5745
7526 18392
1970 2648
2353 5976
8583 9042
17853 15275
18066 1149
13052 8980
1032 14347
19093 5915
137 12244
19531 5930
18850 2976
15719 6413
11499 9537
2966 14453
1287 3285
18171 19421
10860 18499
5102 10959
9363 3813
3906 11779
2028 4690
16232 11878
1571 12537
10163 9950
15457 10560
7370 12595
13328 1751
472 14581
10003 19691
15436 12348
2544 7380
7494 1404
9579 8404
4537 17714
9224 12120
8978 7966
7506 6096
1439 17879
18753 9085
17056 1770
13111 19583
19618 1271
16997 2640
10005 1764
19105 15098
10066 7855
8498 3473
6523 19191
13157 17873
5741 19979
14823 6927
9349 9297
9730 3563
19781 5947
12380 3361
2204 267
10047 13345
15657 5393
14429 7811
1939 10207
6192 10135
16110 15961
14590 5162
14621 12213
5686 16216
7558 18637
5382 871
6554 14688
16899 12571
11019 4121
4531 11233
15366 3537
4877 10832
11690 15786
9889 4157
2919 6292
5866 2503
4306 10991
19147 8197
1692 18078
4317 5208
12269 18903
3987 3333
19013 16088
7584 2276
5821 19092
10667 17706
1535 1857
9028 10661
4258 18043
14074 18301
19899 2252
1557 14395
4775 18885
9166 14805
1612 5627
3153 10263
10674 9004
10232 10873
1055 15073
3175 4880
10453 6488
18939 15722
11781 18228
4177 16191
8613 2067
7448 11865
405 12672
7973 4042
17154 11905
3699 4166
10207 9551
19748 13989
7215 3559
16677 3237
5633 10168
232 12048
13018 13518
18455 12169
18451 5078
7970 14212
4679 6231
12419 2609
4344 5027
11002 880
9082 17409
14037 8678
4578 1960
12218 15796
17961 7519
17932 15999
8455 13739
9084 7973
13213 106
18178 19735
16314 16692
9375 2127
3168 14295
12048 4633
4100 12432
16429 5444
16103 5912
359 17045
2521 16394
18827 1990
4355 2454
8707 7538
6396 10986
5363 8198
12668 2691
11847 709
17846 13390
13406 4495
6381 9654
6228 3181
1234 11105
9219 1899
7474 7952
19246 71
9180 7550
1864 7707
1269 17028
8899 696
9490 9984
17642 10737
10313 1269
8523 9707
8316 8671
6492 7518
14588 7296
8854 13735
10708 15176
6153 18423
13294 5068
9300 2282
898 12099
5655 8766
3509 12550
8158 14195
730 16284
1915 15273
3713 17213
5326 18207
15912 19903
17445 9567
7741 13366
5720 3276
13196 5100
10250 2833
8683 2442
7384 13726
2533 7695
6667 11418
10035 11280
16019 2683
13563 11169
11098 1766
427 13816
17346 303
12774 11485
16232 15366
13694 2426
2333 11553
11743 15414
18720 3461
11622 15545
19043 6802
15067 19896
12309 3564
1610 387
10250 2483
11977 6702
1809 18630
664 1167
6414 16728
19617 192
10363 76
17488 3846
2910 14908
7512 11211
1414 16569
13593 11031
14041 640
11368 5862
799 7139
7937 2601
10342 11374
18593 18229
19133 5904
15372 16645
5931 4654
6030 905
13625 1962
9398 10134
16232 11931
19320 7845
3010 6371
15442 13089
12419 161
2623 10801
11070 15728
19536 9524
11146 16400
10342 8180
1378 16320
12582 9608
3645 12922
5339 17411
19218 16878
9252 18747
3372 17110
19455 5914
15162 8848
19383 18222
6140 3703
10145 10298
9698 16799
7190 5295
6189 13030
8857 918
10466 10583
5896 6806
15232 13923
18158 5334
948 5179
10652 8239
4756 7333
2866 19637
2166 5385
7876 9194
8523 6479
17589 7276
10206 8037
12534 151
5896 13311
3927 12263
16531 2124
3699 4128
17214 7581
5364 6352
15941 3958
2427 9100
11253 13774
3031 12484
5774 1078
368 233
9012 5933
6962 15196
18955 2910
5215 5788
12703 13426
9616 3368
156 18354
15528 4521
15136 9023
4271 14744
13112 9870
7952 5661
3927 5743
7598 6875
351 3534
14181 16883
191 7230
18130 3603
838 2466
11312 14807
1304 7513
19691 2434
3631 12426
2097 606
3862 17527
19518 7159
19260 10481
8470 9125
1836 12188
9857 10343
4220 16755
14415 2079
1733 10454
3631 4821
4271 5245
19791 6271
16677 5919
15679 12260
14700 12083
19095 911
15718 4220
2893 10822
12233 19669
14180 2631
4743 8933
18000 4170
19914 17328
4415 5325
11132 11757
17299 11294
4087 11089
19593 3008
12667 6265
5737 8005
18924 13132
19864 15064
19194 7301
609 14432
13631 13039
9122 9980
7524 10056
4090 16568
6308 11874
17014 5823
3541 4490
7637 15730
14903 7425
13728 555
18666 8665
13470 9358
5791 9897
5356 10486
13686 9433
16065 13926
361 12699
16187 342
4743 1242
15466 17640
5612 6960
13213 16620
19296 16313
15175 6298
9420 7455
19875 8315
9086 11947
103 774
1217 11134
8758 1033
9969 2560
2064 13808
17987 4750
12557 1729
2952 9379
4939 4474
7352 11313
9112 13026
18731 2843
5200 1590
6974 14842
3182 14452
8999 4697
2995 15009
1249 11432
14273 9632
13736 3
13590 5771
16708 18642
3285 4287
2533 11831
15175 5400
16213 13005
17874 11253
18667 2717
10650 13453
3045 5140
33 11152
17490 415
766 16832
2211 4186
3665 14747
5795 9129
5158 18232
2738 11712
14223 6461
17095 14300
18339 1279
16335 10971
5155 1473
15243 5383
1768 16965
16527 13613
5159 2305
4204 8924
18670 9034
14932 12530
1307 16496
11636 2499
8898 8231
12995 7446
14209 3149
10553 17267
7138 9429
17077 4090
17791 5956
1621 17871
17789 3712
9741 15478
4320 7426
775 19042
2428 18271
7458 18373
9523 18529
1729 13683
12953 4225
1142 16161
2737 14134
14834 7279
3802 8464
8247 12764
8232 172
6491 8808
16064 12730
19203 14383
17774 13658
7279 13985
3043 3074
9508 8852
17802 15000
1793 14934
10497 5072
18116 9982
18998 1041
5966 2283
10047 1400
15828 16540
15719 3640
14363 18322
13773 15690
18652 11784
10186 5929
7068 7432
16267 11244
8899 2828
4471 18767
4806 11426
2784 8289
19260 17353
748 6951
3716 6580
10106 7690
6751 8964
1512 5346
10434 9003
16065 4590
3822 19730
258 13193
12561 1818
10757 11464
3293 17510
4467 7290
6177 5291
5822 11278
12862 14014
5800 3200
2626 5861
6636 7167
18606 7992
2648 9708
14105 19829
5042 8238
13949 17936
17755 7067
13926 3990
17689 10611
12595 3041
19672 2206
8499 9598
944 14066
8633 16085
4382 2150
16220 16518
16054 236
7838 14662
14931 280
887 2673
1651 7367
18437 16065
12066 1797
18311 8717
17873 237
1657 777
5901 3347
10724 1068
9580 5252
13031 1722
19051 16124
10515 16102
4745 1393
9813 8428
16639 2716
11800 4323
19579 16573
3193 1787
1981 8609
8036 16804
9073 5653
1244 7220
13010 9655
16554 4106
13981 16954
11823 13092
8704 4254
5060 8974
8959 12195
3512 3618
12457 10713
6089 13148
3603 3476
5481 7197
13358 10050
4595 13208
14742 15079
17639 1596
18632 16727
17541 3529
4975 5242
12479 11731
9007 2605
3769 4666
20000 5633
362 11639
14708 1708
8623 9074
12523 8660
5676 2291
1534 17796
7668 8006
12498 14768
13744 4522
684 16952
827 10696
9144 4871
16238 9890
19286 2762
10051 11594
3345 12194
4711 113
8659 13236
4743 16502
15271 14391
12235 5004
13018 15976
4743 8423
16631 1015
9143 2753
4883 6395
9111 14659
18924 13329
3963 4281
4169 1588
3369 7638
5260 15388
10850 10148
3382 473
2734 7701
13811 17724
3603 7977
13906 5324
18425 9441
2801 18904
10572 18381
2626 4386
12273 19989
18955 18652
15864 11070
8416 8877
10123 3510
2980 9686
9584 16744
18378 8719
16733 1747
15624 7275
9183 13292
10408 8295
11934 19260
9863 19110
5751 4162
16259 13059
11420 9944
17547 11564
2071 11189
6134 12051
18514 15097
12430 17324
18006 10339
6986 4461
1016 10136
7767 5040
12038 102
17544 2156
3541 19819
1940 17513
6396 6489
15853 1107
17692 9742
8893 7655
18850 15466
1046 10898
17168 3429
1859 860
3385 2086
5554 575
746 552
13086 4001
9607 16890
14510 17798
13012 9072
3172 11239
13588 8271
17280 9994
19218 9263
17827 15464
1355 10116
8112 17911
8476 16414
15448 14657
1435 16168
6373 7836
7150 319
13732 3883
451 19186
1167 12998
4843 4516
2485 2795
13792 11360
745 5864
17660 17223
18092 15380
11845 4087
1885 4123
18380 2023
13784 15460
5364 5810
10543 16409
6631 6124
588 15588
2589 18048
16127 16953
625 17221
11951 17070
11803 4223
7933 15411
424 11574
19555 3517
13937 8235
16697 3983
1670 14045
16784 12925
10903 8573
18651 3936
7764 4410
19560 3514
19618 5187
13637 8931
5670 16303
5742 19463
14379 1466
13729 19856
824 11575
2392 14522
9561 476
14815 12782
9793 19359
7884 17201
10735 17708
15774 1882
10747 10950
6794 2168
6326 9341
17711 15975
6636 796
10101 16514
841 17903
18382 11212
7625 7091
5456 8249
8742 13038
4954 1284
8888 9483
14531 1005
6498 7231
6798 15129
4928 13384
1234 18720
7636 3799
7025 2882
12446 1491
657 6699
1356 16864
12761 6501
14571 4047
10483 7422
7818 18270
8609 8799
5637 17140
16867 18439
18102 19878
15450 12718
2823 15642
11761 3786
11974 12658
577 17104
14723 12461
7966 19778
9486 7262
7699 15139
10569 4891
1065 6434
14034 10360
19930 5895
5505 9907
6363 648
8439 2817
90 4035
5607 9606
10986 4417
6002 16767
18923 10913
2356 6812
12066 4173
18358 5637
887 14313
10224 19394
14410 3691
873 11325
17107 790
19261 15331
7576 19728
19527 11051
700 18815
5021 17391
14532 8009
1106 12267
1440 14149
12430 16992
5227 11919
16100 2896
16505 5628
9135 10687
19866 772
16372 19598
5745 7386
3657 8117
15812 1086
11088 8606
15610 10461
19746 10519
18588 12522
17762 11877
3724 16885
13582 12631
2390 15561
18258 16902
18092 9555
4907 18412
14324 17754
13371 1609
401 4456
9012 11120
17001 6783
997 11533
7966 14513
814 13222
9320 2188
16060 18036
18979 15744
2945 18491
10342 8523
5304 14600
13866 7863
9777 1221
9678 17628
17644 18212
12426 16063
4914 17036
4166 15700
3351 14462
424 9922
5142 16077
14126 15254
2910 3279
1310 14117
9240 4316
3612 18682
11079 11561
19304 16395
19084 945
13058 11366
13371 15019
12208 17348
5729 19323
3655 19240
17791 5299
1797 15348
4478 17424
2811 6720
6412 15924
9078 11363
5863 14788
161 13567
11965 4445
9144 3561
8082 11300
9756 3356
18979 18505
3063 3430
17230 538
16677 3320
8984 5091
16567 6615
15263 11345
282 6019
6132 1541
3553 4131
19130 14165
15271 13924
18596 10328
8191 18859
7416 1440
17939 9354
798 4525
3402 15814
7602 7075
13248 12945
9508 12976
13461 12854
8981 17087
16019 4976
13926 15915
8507 15433
3518 14344
17404 9569
5040 16273
11303 16624
398 18963
3302 5746
6838 15983
7937 6593
16025 8222
10783 4791
1121 6393
2974 8253
5300 13109
7214 5423
15819 9550
18645 16175
9030 16026
7234 4700
3994 19029
6523 2129
13205 1196
5580 9121
18873 6108
9094 807
11798 10361
10227 17779
8779 7291
7991 8935
17646 13872
1055 5134
13877 3458
16166 17149
18118 11519
16979 1470
10538 16189
17621 10785
19093 731
800 18146
8473 10171
9691 2827
13736 15533
17061 6721
6154 5995
277 17334
1674 9261
16855 19934
10074 205
10409 19969
4462 16434
7720 19708
16434 2468
13225 7741
19432 15997
17467 12401
7400 3490
17131 1406
6004 11651
4884 16523
1721 13209
17228 6737
18875 10499
7223 10783
3808 14461
12756 7235
4462 7092
2510 14058
9456 19317
9215 10824
3277 4419
4299 5156
4306 14952
5274 3007
6968 619
1496 16702
2508 10746
11198 9357
5535 1178
1387 14741
3891 17004
1007 522
15837 456
7291 15318
7032 2147
7245 13164
16500 8693
7167 10473
1029 13928
1937 9779
7408 2885
7972 19380
19313 13897
317 10748
10062 13526
4330 12013
1002 18119
17287 17035
12532 13506
17641 11692
17692 13393
12845 4324
9745 12889
18108 17562
7087 686
1982 1958
8828 14223
8773 11436
17770 2324
12077 8208
19452 1811
2926 13113
16800 11936
17937 17351
6877 3483
12486 12352
19261 668
16101 2448
1 3157
2707 13960
8107 10544
14876 10876
14551 398
374 7419
15403 19898
18517 402
3895 3174
10735 17031
1962 13204
14296 19627
16491 8551
2304 12740
14772 16445
19887 12354
6523 15806
19670 7016
11227 18802
6336 12375
19537 2254
19854 14217
14723 7799
6802 4050
14051 19242
19225 13893
9634 19933
4510 9637
16380 7129
6081 2194
13929 13081
19446 3821
17388 10718
16070 39
18533 7681
17827 12866
2802 6694
9940 7079
4688 13657
8755 7792
4074 1568
19812 12597
14517 12838
8501 12978
7907 19232
3941 1232
15740 5621
8882 13817
3874 10191
14603 19776
3018 6405
1244 9186
2333 4530
12845 19459
11988 3518
140 1800
4933 17685
4174 18410
9086 15756
1345 8309
14904 1937
10468 14949
11486 2298
5835 17157
2619 7688
6358 15755
18801 6191
11581 11562
3053 14843
9879 9349
14217 14928
10742 5957
17786 948
9377 8829
2484 2301
11419 3746
4689 16622
13745 14458
11161 5076
4094 17202
3346 10899
13776 17591
15968 16252
14945 5180
17641 15672
10705 11769
16885 1894
1542 728
8593 13229
19989 15293
2250 16580
13849 2210
8512 12739
15032 14974
3499 16091
13587 4942
19734 11301
15151 15212
13108 7630
16635 5972
1074 3526
15586 853
7793 15284
859 8862
10991 7662
16319 12277
10530 190
4675 19720
50 6382
19039 10018
10577 7153
18763 4398
18061 7860
19741 7255
5875 10692
13753 4708
3245 5332
11684 7511
2454 916
17647 15360
17786 8449
2005 3547
17587 5452
3675 13856
1512 13780
4608 19986
2785 7802
15349 685
3269 10088
8381 19948
12529 6571
8028 14262
15865 8643
14249 5077
12053 15168
11018 10173
5090 1424
9352 11880
13645 7352
16627 6684
5784 5196
7584 3541
8724 5503
18257 19373
9950 949
16671 6598
964 7529
17833 16142
2077 1870
141 10674
6393 9314
8872 7643
19264 4559
16688 13843
13813 6559
14785 8017
15936 18994
18120 16621
15514 803
19935 8533
167 4667
5356 8083
4510 19025
5698 7096
17357 5872
18762 9152
7559 12425
16611 18984
12095 2974
10319 9892
18691 5466
4393 12887
18907 11893
5227 2626
10738 17580
1548 17315
12168 2839
15706 4136
14685 12381
9192 16503
11303 15984
6510 3732
10291 6965
18312 16149
11793 6528
1804 18995
10057 3396
18786 11970
6273 486
18605 5766
16979 5988
15327 18981
8338 15723
16256 6968
5400 11715
16336 15998
14591 500
7764 2887
7416 13969
9822 14706
16181 19977
8498 7210
4450 2286
12942 14439
4600 4514
16807 1597
8234 15187
7321 4000
11237 13124
11128 13642
16313 3504
7046 18165
12603 14736
8016 14428
15053 10421
3083 9964
6486 19595
3868 13257
2871 12212
1004 7708
17002 3194
6418 4818
4059 1675
14934 12520
441 2497
17039 7582
11231 2794
10933 2680
14202 18916
7662 11291
6154 5392
370 16546
8512 11568
18513 10294
11421 11904
15926 14209
2600 5607
10489 10510
5658 13289
17571 5145
19863 1150
9826 10061
1955 14618
18305 1362
19639 17613
12479 11416
1497 16889
12437 17943
1826 3967
7930 4387
2204 19621
17154 4306
16630 16984
3954 19828
727 13033
18218 10468
12674 12306
14627 16202
11053 13175
8492 9760
18376 8494
14261 8257
8767 2462
12384 824
3666 16950
12788 2607
14416 12696
15014 8317
14372 15555
12445 19094
6646 7070
14368 15077
4925 14367
8322 11773
6957 18081
531 7203
11853 5424
19182 13548
13875 5038
12142 7228
950 12433
3033 13264
10193 18788
1156 4950
3680 3286
7780 15964
8086 1666
1219 4532
15639 7335
38 13312
13500 7685
18049 665
4740 8254
12251 4390
7722 12726
16831 18457
19753 3003
10487 2806
5142 14152
10558 6061
6840 6835
9305 15475
5609 17247
11393 19020
18939 1786
8009 2090
16036 13517
5551 13863
12324 13838
14318 19411
16500 9078
13010 5720
17840 15689
19215 13676
12065 16786
15328 7826
19190 11065
10168 3139
10919 10304
11008 12729
11629 5611
16982 19662
8036 9728
14031 10282
15538 11173
5156 14122
2147 1756
10280 493
19349 5597
19377 19199
19839 17208
16769 10150
7822 5542
10126 12006
13212 616
16447 6087
19383 1448
19329 3391
1179 9579
5645 9730
815 13612
11256 11214
10449 8359
17196 18203
9542 5096
18687 3598
11792 253
7498 7847
2992 8640
4048 7063
10066 19622
18297 9951
14517 6381
5683 412
19946 3092
12085 108
8299 13852
3423 3113
12876 1109
15468 18993
19365 1478
17111 1105
2563 10804
12882 2243
8985 6303
19121 15148
18031 18114
18130 15929
3487 14818
3679 14607
17077 10632
6452 8375
17892 19582
7037 6368
5319 8227
13863 15825
18647 4241
7298 8537
15009 18503
12247 12377
5877 18695
8975 17849
14818 4650
834 3698
17302 17080
2473 5161
2847 11131
14464 6336
6566 16339
4568 11282
3216 19415
16690 5304
5849 3909
7443 8043
5393 17500
11019 11971
4882 14105
11317 238
18517 7475
8299 18224
9143 9169
18336 11204
19426 6844
19250 9967
12444 8394
8682 12994
11792 14921
14567 5994
19223 6063
13220 15952
11501 3151
18370 74
17749 14243
10177 17958
16074 16615
8470 17856
1400 5399
12667 4535
7023 7993
4088 18239
5691 10918
12702 6760
15410 4527
17441 12662
9162 18809
14952 8281
5754 5575
10612 13955
16855 5990
7514 3795
3987 14775
908 11039
4412 6178
6265 15115
4476 18342
18642 10706
18574 1553
18212 13189
13475 14261
19828 3302
17460 7451
16106 29
3714 16834
11820 14147
14865 6073
14700 1193
19247 19311
18379 424
1524 14605
19391 6483
9388 6942
19576 16980
8308 11357
15311 2952
10561 13801
17109 8398
739 12709
19900 11775
2052 16436
13984 1948
1907 5721
515 9367
9532 11557
10453 2802
8698 12736
11250 8962
8925 4139
9531 9146
10742 11407
13492 16335
2249 14991
19138 10146
16341 678
16689 15032
3472 18821
17039 361
19987 3943
18959 1663
4224 10196
2945 13800
11553 12139
5322 17739
1732 19000
4200 146
570 1979
6120 17584
7169 7713
2633 13438
515 7055
3314 17933
18722 1573
1432 16369
10273 18689
8326 19207
15703 15117
2377 5762
16327 7428
17644 10341
17710 16342
12457 17623
9365 1912
16421 14466
1118 12206
16429 18589
1812 2037
17474 13421
1756 4454
14234 3263
18872 19537
5686 15015
6694 17164
261 11179
11311 299
5697 10422
11520 4080
10595 9259
2503 14018
13571 4151
16264 16377
1481 3471
8197 2056
16850 14783
9805 2440
9328 5588
15780 3475
8659 13882
8908 3726
57 15007
9711 3947
14299 6656
15099 6924
19730 3805
16620 18575
7983 12127
16238 3405
16267 886
5255 4715
4134 16547
1864 621
15781 753
14386 8976
9112 6709
1055 4153
16910 9914
791 7596
1368 6770
12303 11064
11861 2602
15423 12335
10867 17283
17899 9824
5840 2635
466 335
12835 15295
8704 7805
8473 234
684 5193
3562 16775
2197 15102
13607 3177
9327 10069
19021 989
6730 11960
15579 7196
122 9456
8062 19888
15352 19289
4511 15740
1762 3287
3202 19766
7374 9371
8818 18566
1849 11147
1272 301
2778 8782
1410 10478
3419 6570
5641 8518
14931 1516
14193 13326
8922 352
5225 15802
10385 9224
8250 12824
2666 13782
15646 15035
5113 1179
19681 19839
19873 16396
5541 542
14127 17915
15903 1175
18068 8988
16910 15773
17641 18451
17940 1191
8777 7485
2426 10675
5799 8616
5203 13235
8497 7911
16699 14903
19388 13837
9269 12298
18390 12796
4758 8245
2481 15159
9545 2063
2146 12210
983 15425
14656 6899
18298 2946
18710 17078
3923 13008
5505 4674
14845 15548
19400 12387
18522 6127
8372 12429
3974 6308
12483 7788
12885 14159
9994 16281
2956 17113
12618 5066
11416 1063
6601 12647
3839 10743
6726 7458
5221 3891
2454 1652
8846 11353
5380 4288
19748 12326
12325 15972
12948 12295
4595 11161
370 11491
14083 13207
7156 13932
8836 4938
3800 8144
13635 18193
11475 7743
5969 2398
4068 6346
13844 14053
16758 6937
13936 1494
12992 10450
12728 13556
2984 13594
11769 11001
7548 7734
2279 1237
12037 7006
253 18604
2333 3593
12988 2500
4321 16465
18366 18728
13811 10621
17084 13729
13067 4179
9521 1220
10695 4646
11883 2922
4579 2674
3123 15232
11975 4581
19909 12289
6353 2303
15886 13388
13274 18570
6251 8661
9932 1974
12777 19397
43 1917
17093 6123
1159 2869
7733 15151
14300 4405
19775 19821
2333 17392
15118 19802
3092 4917
19681 10188
13959 2409
9160 11644
14262 17196
5375 799
5626 942
633 4675
15067 15446
15404 15537
13844 3349
5137 7165
6968 6906
6384 8815
9840 8348
14179 8602
11662 509
16163 14931
15928 19219
16874 15046
7999 4656
19644 10316
13499 8516
11687 16770
5805 8008
15504 2293
4407 1940
3276 553
10717 15252
8777 15060
701 689
12387 10772
9797 5211
1743 12162
11611 11155
13625 11287
17318 9904
12739 3043
3856 6316
2547 2249
1908 1723
18433 2130
5648 4443
13929 7295
19567 18055
2411 14356
11923 17748
4776 3289
16871 14282
8021 14317
13397 11460
11138 5974
18514 6028
9813 9030
11077 17977
17564 7345
6709 3365
16952 822
4006 10861
243 17774
12603 14598
19520 13260
6834 9978
7727 18462
12555 18913
1035 16780
11803 3339
19671 15118
4245 14672
18002 8793
17822 15560
18759 14255
16316 15385
11930 8700
5196 2928
19628 1447
4258 14743
12786 16263
11862 10503
814 536
444 1932
7263 12394
16749 2671
18531 7819
17042 11615
6367 16948
3315 7816
9756 19785
17833 14039
12827 9101
9312 2285
18031 2421
18721 2508
17154 7524
11374 14900
8671 8813
13970 3058
1325 8745
10342 19721
8592 9535
19190 1981
19117 13361
16341 9212
1207 4352
15577 18433
6153 15124
3115 19901
11079 19125
8150 17844
1276 6540
15841 10020
18261 6496
10255 1982
10071 9873
3183 259
5700 13903
13852 105
17832 2351
6831 1664
6720 13878
19200 2490
3199 17306
17258 19498
8259 16352
13653 8835
9455 17335
5927 17382
16955 520
18786 4005
5326 15618
2213 13709
3609 18411
14527 11449
19896 18131
1066 2624
8965 1706
1055 7704
5140 16190
6344 10476
4614 4515
15578 17528
15566 15135
1487 7635
8394 2666
11094 7987
18204 14873
19576 14890
3198 10850
1335 6105
10937 3352
11046 2940
4583 3823
14706 2590
6318 8599
17715 6242
7383 3011
4044 209
7557 15507
14951 9138
9617 18610
6503 4921
11257 6564
5231 12772
13744 3826
8528 1422
2611 9103
12511 7423
13052 18819
3367 19522
7889 3270
7243 19221
10343 17746
5522 7790
4169 2253
7705 12122
6148 7400
15244 6600
5977 2586
12410 15957
3161 17273
13917 18897
17827 3137
588 3196
13979 7917
9686 11510
8118 14848
11627 13910
4827 13621
3046 16785
2802 244
14658 1523
11114 12821
8065 7626
11662 8247
19314 17260
7159 15789
19151 12915
13513 19528
17551 14445
16447 2445
13701 399
14194 1508
3810 13814
9144 3613
9180 894
19142 16627
8515 8051
1911 11140
3260 3039
11013 12418
956 16208
18395 10593
19932 12620
13551 8285
9736 17022
14658 13427
18720 10848
12337 17068
11930 16862
12104 16231
17127 3637
2516 6406
4548 15901
16782 5207
6242 17649
2997 17349
9351 5786
19296 7414
7401 1036
11109 15210
13975 14375
3862 3867
5104 13066
4987 9611
16009 8605
18905 6285
17879 9394
3601 16013
6432 11674
13048 6941
17535 4452
16256 1497
5362 8531
10162 17896
17939 19097
9358 2898
13468 15043
14034 2969
15586 8410
16707 3116
19552 16035
13585 9578
3442 6821
14188 18002
7331 19041
5707 13758
6670 10618
15246 7995
7474 8613
9044 6168
13001 3528
3127 11857
19096 12073
19822 9821
13900 16450
14215 18804
801 15582
8401 8228
5270 13770
4839 7556
10293 8391
18455 11040
1947 13574
3457 8168
11751 5267
10445 12583
16611 9017
18666 16361
11389 18772
16659 15596
5538 9571
13078 18755
5644 8833
16440 19071
8691 17918
1939 7243
1592 3170
3387 6842
18220 8486
1674 9589
2976 9007
3425 11755
9049 18959
19543 13579
4546 5859
12251 639
9905 19053
1151 307
8631 11901
16784 6650
16747 11029
16079 4508
17434 14505
12893 3242
10956 10264
1106 17016
18137 14761
16661 7182
11111 927
19087 7670
5370 7322
1637 925
11751 10721
10035 18766
6673 15977
19748 12368
4403 10290
18286 12523
18192 5702
9398 13063
15616 16809
12833 14124
11934 16430
948 11209
2071 17503
6366 4086
10657 13154
6280 11540
16566 4707
1714 1376
10342 94
12282 5246
10944 2405
17279 6120
11374 10575
16842 10648
15962 17770
19649 17814
9879 19060
17752 15858
19682 9320
4954 203
1093 3224
8124 9816
9064 6787
5640 17757
14467 12367
5417 2300
17275 11384
15368 18037
11515 13377
14896 8120
2859 3335
5477 16154
8649 5098
13665 6241
6155 13588
8780 15820
9233 3586
2849 2385
9447 14888
12020 8039
5376 17824
14526 16244
11650 1732
10348 11050
10106 8861
16041 19870
17968 11530
16555 10892
11904 8478
7110 2101
13872 3524
1178 2443
6580 11610
9922 2215
3793 10163
4891 19454
1939 720
15898 4473
3307 19263
13228 1866
9372 13153
3446 7628
9624 16635
13848 11745
534 17492
14080 6401
1583 17810
14191 3271
3071 4705
13053 1697
7432 11599
8427 5322
9531 15342
6284 10465
8742 8251
8560 17614
7243 4094
9233 4009
3477 920
5251 3782
8283 7208
511 11192
5158 6439
14382 9059
4895 9990
13299 181
17363 3649
18423 283
17570 5687
11070 659
17797 9939
17388 6784
10473 15096
16137 18803
5024 5197
15740 19765
7889 19362
7358 12634
3522 671
4573 150
4082 5037
5026 6725
15490 7100
2237 10479
3264 17621
14426 13647
1222 3899
9852 12843
656 12598
16047 11714
14479 7961
19972 7613
16789 5059
7937 15731
11088 16007
11384 18449
5495 3281
11508 13724
18561 6531
2296 19044
1809 14700
4852 12217
10396 16261
981 4222
10992 184
12461 11242
588 10851
9183 11397
19375 7908
13798 4870
15812 13062
18200 11067
15573 10539
3396 5169
13303 8176
4048 19486
18807 7272
8166 3519
5278 5564
8743 19343
1096 2039
7615 10387
15342 9850
19070 2167
6413 8324
3259 8160
19135 6064
13402 18508
12822 556
9234 2655
19460 12789
9170 7494
17975 5114
10043 11312
6021 12579
13931 8358
18936 13706
6856 19516
17529 811
17375 7142
3782 18355
3157 7587
16550 13304
208 19239
5469 3893
15883 2433
13816 6155
7974 13966
3828 4628
19592 17198
5633 11042
12049 8186
15917 6735
14252 15942
7496 17664
12974 12723
14509 271
7125 8463
95 16947
1893 1157
16234 18602
16507 6338
18195 16321
6220 636
1260 12435
4014 10377
18805 992
11323 2844
1534 17150
10951 15892
4002 18823
6192 14498
8867 4946
3995 17069
348 16116
19918 8973
14329 4719
5906 11508
3923 19972
15656 14591
4858 8140
2333 15004
11894 4168
17631 18479
4547 11081
6505 12050
4372 15067
287 18358
13677 12758
5852 329
12015 17299
5035 7745
16882 8096
6694 19852
12368 12982
6230 3609
6703 14120
19296 19892
5674 5254
16896 9601
8907 17861
1916 17772
10972 5464
7723 12160
18623 18371
14076 8982
498 17647
18971 2773
3318 9144
6552 9777
3191 4599
2461 17600
19215 16363
9401 3623
7278 14811
1089 14519
573 6730
12099 18641
1436 7703
11570 11864
9899 6626
7610 14780
11393 8966
9070 10831
19731 10796
10434 10790
11394 14008
11845 17417
3199 4949
15349 5757
7152 2277
11320 7554
7991 11109
3110 1417
10427 4129
19159 3295
1179 7033
237 13879
13128 19554
10188 2907
18581 1113
9974 9479
14313 7495
7033 8268
6290 1176
18239 1869
6086 7285
9750 10666
12133 19946
3964 11969
12796 10241
409 4206
3885 1425
2856 7832
10076 8866
16501 16126
10337 623
5805 16491
18308 6603
14114 8617
18190 17638
9350 3797
881 18825
16369 10397
15574 18443
13664 14568
11008 9734
19130 3448
19008 19436
6797 19632
5400 7397
18514 10362
2402 1895
9732 10401
16464 15241
16314 470
1377 15860
1435 1357
5554 3254
14454 4091
17737 9289
3512 7099
1100 17378
1875 6431
2476 5789
8987 2719
4852 278
7427 11000
19854 5217
2420 16336
19022 1352
18282 159
18974 8334
8727 14628
1512 1281
1627 19532
13415 6820
10312 14654
8682 182
14481 2669
6284 19190
7592 9838
11536 17120
14468 12673
9257 11091
18287 5729
3842 14953
18867 11412
18336 1696
5132 14717
15745 6989
1435 5306
2958 380
2642 1022
314 199
684 14896
14180 12223
3805 17597
12914 1566
343 18192
6765 14373
9012 17893
11916 3290
8051 8598
16471 3202
4184 16971
11549 5555
8413 17425
14019 18709
16613 5293
8836 19520
11624 19576
13490 6098
19681 11627
10472 12299
13502 11713
13085 8127
13453 7008
11619 19172
14779 5643
7277 14239
3662 13425
8814 5799
4914 7478
4975 19947
12798 14098
9742 18561
10811 600
2349 11187
7805 1435
5870 8471
7311 14964
19748 18769
7662 16385
4577 8897
7483 12812
3758 18489
17856 6905
16896 2299
3446 9325
19972 7221
16635 11856
4914 5545
19236 15145
15579 4566
6888 6911
19108 4403
17154 16397
16773 3837
13684 18817
14102 240
3559 7286
1904 3235
18848 10406
2012 19743
1233 11957
15688 2237
10046 5764
1783 2797
10453 11659
19170 6744
17176 1852
13766 16326
833 15113
11737 5839
8124 15686
17175 6107
17423 18611
9197 3615
14161 19194
10991 17377
6280 10944
8211 11544
15952 17805
16912 1226
14281 3223
19773 8711
402 11811
2871 17171
5426 16931
18300 1682
19911 13906
14363 3620
15438 8462
8327 11723
8642 1161
16987 14557
17461 17085
13951 1502
11606 19339
1058 15774
13584 13300
15633 15314
5784 16492
2404 8607
18300 18384
9271 9639
9028 168
13458 4948
12761 15367
7213 1737
14662 2018
6862 5296
12821 5206
18280 1988
8704 1187
18670 11571
6011 18805
3387 9151
7699 5537
16429 545
17584 430
2995 12562
8659 17024
3979 18791
947 14763
2883 84
4821 3049
16078 3380
13944 1509
7710 8355
2032 4274
2651 5279
13696 9412
10068 1348
9686 12715
11107 13417
10476 12508
13100 16199
18302 5725
17365 2033
12958 8413
19935 14504
9916 17158
8013 19762
9465 19243
106 16183
1118 13322
17509 17680
6613 5967
7914 19655
11881 16907
16871 17086
18154 9010
18754 12770
400 16425
30 7866
10875 5244
2316 19254
4344 5067
717 4099
9299 15390
14372 6205
1970 10518
7717 7872
7474 9716
19578 489
11617 2259
10382 13227
3758 4263
7151 17379
8395 12132
4876 16446
9894 4302
8756 15469
10849 1731
3166 10877
7689 2961
16879 6586
2521 912
1615 4055
13103 6209
1511 3220
702 2367
13009 2427
12561 3023
3951 5152
11187 10683
8382 4412
13973 8688
4822 8792
9492 19363
16100 4028
13081 10673
5490 395
13072 8720
9136 9442
2695 2280
5020 813
19296 7937
11930 8879
9829 8377
11193 14235
5935 1468
11931 19114
19317 18161
15172 19833
13866 18550
6308 5102
3263 6227
17946 19439
15028 15987
1489 12600
15761 18752
3855 5546
430 9747
13765 1980
14994 18525
3161 3055
17227 9556
7277 18956
675 5170
17060 11376
3983 15270
14363 9112
19755 81
15628 19358
16265 6499
8124 8064
1099 16426
4205 15438
19809 13953
4018 6890
15073 7612
16172 4481
11285 15343
7467 11463
11240 2089
4046 6314
13087 11321
15312 18319
17255 16713
13860 5986
9091 19759
12836 14897
11648 15488
8834 14939
2425 6769
10207 730
4018 5317
19252 5589
2465 15396
8963 13397
2727 17777
370 6550
5865 17661
12209 10779
3153 15910
17097 15705
12003 2085
308 18481
2715 16791
1261 1744
14532 12548
2586 9335
6950 15919
1447 9921
19806 18350
13674 1647
6457 17366
2247 18613
6256 5226
16426 16600
15690 10889
1045 16736
17318 12129
5753 8437
12133 19400
3317 10957
8931 2467
5128 18830
3594 10329
16637 19479
9017 12614
2588 15513
19313 7766
15059 10919
9865 16841
8643 534
9173 16598
17299 14180
7051 8493
7637 3511
138 3702
15137 3403
5015 6197
14984 10551
4677 8163
12150 2803
13337 8942
12810 10345
11240 6794
6487 9825
3893 13821
9678 1071
10121 5047
1001 17831
14096 15846
11241 19277
4372 13348
9494 8715
10296 10960
8383 17361
11553 16868
17312 16582
9807 10373
13227 7372
14565 12755
17141 2419
6874 14510
6345 19684
7464 18583
16217 3059
9394 3212
12206 1263
10406 2233
14204 5326
4797 14587
3974 3890
4365 4959
10730 6023
14242 8915
18186 7180
17811 16769
19892 4759
847 2270
12896 16607
4212 1124
18016 19377
17572 3340
4273 8725
2881 3660
12 10999
12244 7105
12725 11733
1086 17846
612 14880
11493 2195
12588 11547
3571 6306
7151 1020
7856 2863
3084 295
17551 14841
7467 18535
4525 804
8587 7934
2469 1431
13978 2842
18480 19796
9421 13544
7175 11991
18282 7462
15744 17274
12037 9339
1793 9636
17222 11851
9996 12676
3668 8787
16242 7680
13680 10973
9660 3673
18499 13792
14897 14263
13036 8621
1267 1952
10878 7933
8160 7532
3532 11802
8196 15552
14966 16205
7598 14070
2870 6881
11454 17898
3357 1414
9852 12565
2838 373
4557 11059
18148 17802
13358 10606
6122 19107
628 7127
13622 6071
6188 3077
12222 12628
6631 8662
19687 1378
16242 13846
472 15328
6194 10218
17814 8347
1487 7864
530 18954
13175 16585
634 17174
18817 18943
5464 14277
14827 6235
18700 19500
18652 16637
16266 13534
11142 1717
6851 15416
9582 19645
9712 19747
18878 4966
2729 19082
5958 7899
6587 9114
18751 8868
7010 16508
5870 6920
7994 8820
8479 13943
12938 18655
18811 12103
18559 2384
16984 3208
10530 4472
518 13873
16207 10697
16157 16986
11850 3171
534 12691
5870 2932
12838 13446
15486 6573
10601 16090
4812 14701
1415 17136
13040 2361
9368 4444
11767 10545
15569 14001
16722 3186
4240 17588
126 10987
626 14072
17036 2181
13386 8364
8495 4509
8095 16548
7454 810
19659 11945
4322 18770
2914 8060
8432 2759
4344 7436
11862 14207
3895 11497
15556 15876
11229 4832
9306 10562
8478 1228
10278 14677
7186 9399
12152 18731
13824 5381
4283 15569
7137 7261
6774 8655
9538 16539
18583 14565
14058 17620
3446 4611
4879 7710
19288 2360
3110 6047
13640 6037
185 8586
17894 14799
7530 864
15454 11403
2553 5253
18924 4245
8134 12276
11592 635
14336 1244
2767 1832
3128 12746
19977 17919
16603 6445
13874 5600
2019 5214
17066 2329
3867 9430
2147 3536
10219 7649
16508 171
6796 2395
8252 4326
13420 13499
7545 14937
3548 19149
8755 11073
9785 5123
14693 13231
5243 4778
16963 18415
12417 11614
17832 10404
10148 3040
1992 1054
13169 14611
16074 4447
7538 10268
10293 3944
8102 17241
15653 5971
9610 18679
11343 12911
811 3459
5908 2616
905 17076
9064 13937
1894 2436
12778 5069
576 9572
275 2078
5963 4860
4954 188
8854 13032
12145 14622
8393 15384
13219 653
13466 1147
18414 18316
965 3560
18202 11141
7358 5319
189 2998
10517 2138
6284 11453
9514 17249
13803 9771
14931 11956
16881 5182
1088 8221
2802 19056
3927 3402
16008 15002
4776 19715
15837 1921
4344 19597
10477 18241
4191 8477
2333 7783
5729 17646
3533 8111
5675 9937
6103 19496
9849 18285
3332 7420
17943 7305
14601 6016
16565 5826
9192 7439
10601 13546
9770 14752
9626 7177
2568 12566
13951 4676
5935 17175
8269 4360
19589 17809
10530 363
2898 11583
9246 17999
8629 3770
8067 8380
12065 15448
19437 19068
14102 1551
9853 10805
8813 8443
1106 9650
10350 1881
6767 10916
17054 13581
6177 18523
18204 18704
15492 17631
12080 17655
11560 6742
18598 13769
17939 12070
16447 11285
9197 6533
3385 2548
1816 9591
13294 10267
14372 15020
9112 11317
3434 6583
18556 12808
12582 18863
3315 13861
8257 13563
12955 6361
15208 18136
223 5109
13313 16789
13989 12580
18883 18068
7741 13952
19648 12331
5731 3912
12652 1166
3960 22
16623 9481
11623 10682
18807 16596
12685 7125
11472 8045
6403 15296
18823 16940
9162 2942
6626 17172
8484 10049
2323 1806
6192 15631
16987 17243
15241 11585
17867 5354
13683 12312
1398 8384
8212 16712
3089 10704
18135 7121
8394 2458
9551 6115
6269 6057
14376 11528
10935 19761
19730 5305
15532 18014
12788 10635
14901 3028
1126 19687
9507 18020
12840 2614
15014 18109
246 2048
9416 4659
12632 18934
11743 14579
17535 5440
12701 4319
19812 17743
4515 8125
12446 17995
14591 13922
633 2469
6730 10806
19278 1975
7762 833
18341 13242
5700 11617
19554 691
649 8695
191 2417
14028 15616
13961 12713
19461 11077
18573 18080
18713 14394
18591 1736
14247 16433
8422 8686
13603 14272
19736 16643
16596 3110
7949 14585
13989 6257
5242 1277
1435 6333
8630 13688
8659 5794
19365 19955
15981 9497
16439 12526
9778 10210
1589 12603
12796 286
11515 9252
5197 14721
4500 13777
6508 12748
2107 9936
17738 1967
4777 10082
4384 18188
8589 11381
1311 1644
579 465
11061 8442
7752 9917
6748 11315
14282 2418
12366 19678
34 18829
16325 4466
14898 10911
956 5409
11325 5496
8475 16579
18762 16795
4708 8310
14793 11075
11692 1716
11716 10311
10208 17278
14429 1930
11237 13839
19135 17452
3367 1926
16109 17499
18359 14645
15686 17922
14400 8178
4196 6364
7146 6797
17219 18379
11374 10383
2697 8490
3109 13383
18990 3759
3612 4460
14409 19881
663 10025
10969 4480
5881 14139
8423 1634
19305 5369
1300 19291
19480 539
4689 18515
8028 13131
16103 9191
3130 18697
7210 8731
18348 3378
6170 16057
12569 16711
13674 11525
5693 10885
16796 14143
9952 18833
17921 17582
14166 15108
17216 7282
18658 7842
1597 10194
7937 8335
8182 751
13587 14754
10595 4910
4070 8582
16557 1092
18955 6152
6270 2388
4228 18941
13031 8798
13157 401
14068 2082
10358 1095
5683 9671
13189 17573
8874 4436
671 18587
19996 19523
12070 7161
19017 19216
595 13072
11654 2777
14491 19650
7744 444
11346 2372
16015 141
2801 19834
5180 11554
3610 19162
2765 5341
7097 7691
12778 1600
19681 2539
15646 10354
5885 4907
2717 1863
1068 7158
16327 437
11314 10482
14590 18836
4583 13845
6120 16657
7583 16132
14 62
2369 16888
18439 11396
8163 3763
19283 1856
15700 14047
16334 6243
12739 14287
5784 15822
11011 4557
2215 11308
1426 6680
1372 19712
16003 1368
17301 9800
11823 4582
8420 16407
8580 8880
14083 19474
13811 16172
10167 9509
4780 18694
13142 19851
13877 18687
15342 13351
2005 19928
11258 13380
12688 4174
16828 17565
13489 6608
1781 2846
12992 9954
735 17138
19284 627
18514 17662
5792 2770
13544 16038
7911 18594
9246 13432
3927 18214
9455 8921
18764 19990
16058 16510
4218 15676
11273 14401
3660 17566
6687 11726
11829 13368
5627 18554
5074 2044
10849 18879
16614 17604
17802 4292
9060 18474
16679 15205
11836 7000
6008 17901
8234 4935
14559 19488
4800 19127
6273 6403
18308 18111
2458 5659
8746 17350
14766 15149
16539 4485
2008 14
2115 12768
1058 3507
19670 5236
7550 8329
5803 5462
17267 13914
15364 16564
5187 15867
15208 17052
139 13603
7882 17216
13725 7956
604 12406
1984 15509
8893 6185
14792 10543
10408 7564
7010 17636
3838 9135
5852 9848
16081 8856
10410 4647
814 12775
14555 16817
4224 16095
12991 15759
18718 13712
17019 18628
6789 6072
4917 6190
17748 1760
4558 11613
4394 142
19296 12337
15777 9037
6835 1759
4452 13247
18936 11414
774 12766
15979 12969
9555 12918
3162 2756
18745 6643
11247 9883
16227 17360
7991 7637
8030 8633
15895 17456
10363 19462
9016 12560
18544 13341
5299 4536
13767 10581
2673 11359
9914 4363
2107 6204
1821 4181
6128 19638
8212 12979
6618 13181
14261 12420
9953 13064
14869 3306
16785 9856
14889 16107
18411 14608
16647 17294
18974 18337
2522 794
18850 13358
1627 12247
7808 1707
18041 1844
10525 3397
7172 5374
11866 5454
6748 11172
12461 8637
12792 17606
17039 8592
10489 12568
3141 11911
19854 19618
737 14910
6410 13811
15911 2532
18099 14270
4146 1370
19882 17180
3409 18372
17509 2481
9899 12675
15739 13909
1505 5448
251 8905
7471 7536
2990 19994
19911 407
9194 9518
5247 17996
2220 6085
2278 89
5107 16243
2656 11365
15083 18713
12082 2356
16325 15916
8522 16214
16153 5834
19130 16011
2668 6858
15926 3457
10829 15580
17577 4148
13711 9854
13297 8836
1171 19476
15879 2629
9840 9057
5694 9889
1904 13947
6865 17493
1108 18918
8102 1826
19439 4678
6590 17343
173 18698
10504 12939
17710 8997
18235 19579
6687 5571
2324 1434
7492 1148
12350 6878
18484 14296
4380 15845
4370 7797
9471 17040
13533 968
9559 887
15324 2810
16220 11555
4208 19617
1976 14885
12336 15782
4936 14075
3365 17284
8461 6843
13692 16332
4083 14536
8776 9099
6767 5913
12676 13768
1088 7459
10471 15607
14897 18518
6413 15136
11665 8487
6250 8875
11705 2230
35 16064
2787 16973
11293 11686
10716 15624
16984 15410
981 16895
9707 6775
4057 5054
696 8750
15628 11107
16502 15197
12875 5081
543 7632
3957 12197
10035 15218
15819 6546
16079 8167
257 12141
12060 15691
17255 12347
8842 9906
3379 3977
4337 1320
8668 2862
2559 3407
19906 537
3295 10314
15031 10787
14666 9303
8716 1188
15209 3175
1292 9810
9467 3169
12804 6590
13505 8063
18294 1587
18669 4240
6861 17586
1478 15878
18359 17848
10586 1295
16629 9211
13849 6860
18108 7173
1293 9095
3428 4313
12482 9812
10315 10585
17234 13891
11977 19963
4146 3069
14382 1455
6013 14227
18939 12186
16803 2494
6898 17474
6460 1554
16639 69
17536 2783
4465 1648
2491 15894
11076 18003
14986 2368
1970 17843
57 5934
2300 15897
1333 3812
1961 10778
11915 14301
10008 3920
14940 13495
17261 9106
8086 581
15435 9574
10436 6360
3905 16748
7366 11636
8677 2791
9215 9649
801 5307
5129 7256
8023 17067
11977 1436
8040 2561
16282 7944
2047 9580
11569 14437
17146 15377
4222 19184
8043 12487
11110 19133
1122 16098
10177 18649
13689 13328
5418 19683
14510 9603
14940 1273
19932 17074
4966 12304
1649 1661
15436 2990
14104 17262
9926 5372
7393 18592
223 5846
6175 1006
19048 12650
6366 7997
106 18200
3344 11100
2083 13174
18536 61
6342 1686
16711 16543
16616 1873
9875 13095
5686 15637
19180 2234
2869 1338
7508 7189
13944 16193
3351 3756
15690 5931
15628 1558
12015 6872
16847 8029
3314 12004
3125 7116
14722 19309
15513 4214
15173 19832
19202 5875
16455 9130
5178 7658
17621 3061
18811 14327
10054 16033
1533 9661
18682 90
12447 2074
12080 9215
2324 8022
19006 162
2579 19939
7703 15577
13323 18426
14119 11176
5438 13575
8234 15399
16731 10561
6388 13898
15522 18714
8501 2858
2492 18463
13929 9277
8660 18344
17927 19195
3396 17395
16984 3570
19278 12035
1459 8400
16093 4941
11477 18252
1978 2758
16434 1323
10849 3762
15256 2855
4354 12411
11615 19647
16608 6458
2430 18086
7631 16177
15208 9700
8254 8960
8098 6975
5079 12661
17501 795
169 8710
15716 16873
1907 9309
17654 5602
12244 13934
14569 11902
18591 8832
18489 14280
14590 1574
2379 17047
12093 1824
6188 3264
8102 1249
19818 10335
3148 6109
19488 9548
18848 17286
4776 15436
18411 9402
11637 2789
18236 11200
14265 19035
19401 16380
16261 5590
11454 17556
5117 16577
16341 11834
14167 5125
7524 2730
8599 2708
5712 7505
4377 17522
12337 12376
15397 10654
18534 13945
1459 439
16676 9783
13012 12621
17721 7300
15535 13490
14202 9090
15889 12572
19047 17745
18967 11860
17942 6649
8793 6914
1030 14334
17671 6337
12176 17531
14841 13176
6864 11876
9322 12692
7933 11833
1018 8116
8115 3887
5822 18269
15437 11635
9614 18622
8813 1458
17140 15163
3558 2738
19210 13058
567 3862
1912 875
10474 16061
8197 19466
19281 11142
11564 487
18039 18874
1277 2371
15769 16302
18682 16463
19422 2699
1470 13723
1994 10183
5635 2547
14740 3005
8814 10048
6623 1331
10245 8243
3523 19695
13934 6518
7798 782
14373 13994
6438 1374
15662 4133
5004 16925
2897 2925
16620 10859
5964 1061
19465 4900
8324 1275
7568 17134
2575 3607
833 12097
16912 14755
1410 7504
17689 6286
17050 1027
14077 9553
10206 10086
368 15639
7824 16245
19296 8059
19265 4441
10167 6891
18828 18019
12240 14830
11285 16148
5101 7653
19295 3610
6508 16274
15514 1450
15631 1905
13116 18925
8034 4952
17382 4576
9090 3853
1963 17331
4414 4812
1901 10814
19234 17496
11919 1131
13803 584
17797 3124
15543 19729
1384 18453
1235 321
5133 362
14692 17973
5277 1973
5543 18991
19742 19838
2666 10982
4382 11333
18845 8032
12127 4357
14786 2050
17529 14460
3720 4603
3251 11076
2170 12946
5812 9435
11239 23
4842 16254
3979 2527
3828 19318
8088 4596
10602 6133
17269 10795
19403 16732
9192 13023
3102 10483
19523 2121
7167 12121
15716 4321
1275 1222
5056 5022
9358 10176
18136 1945
11023 17515
18920 4227
10586 13267
7158 5201
4204 4588
12093 2411
4382 1325
7547 7535
16912 5477
16428 13565
5493 7548
1647 8122
8234 12679
14521 16911
17715 19649
19401 19238
10288 14110
3662 3974
11003 3910
15372 5515
4969 14153
5341 11681
12145 7551
12208 9097
9147 17445
12001 18461
11838 14483
12816 2965
4220 4455
8484 12445
9354 15055
13454 16682
9712 5932
2201 4767
9305 9960
11079 14033
12557 1116
13374 5563
5894 4682
17781 1879
10126 8909
11606 13976
18437 6457
9932 9391
9957 8801
12810 3736
6336 10489
13689 12199
8043 19566
5884 18484
4299 12965
14187 2912
14898 10879
6195 15848
5829 16847
4663 3807
15487 9049
1628 16527
3954 9308
4199 1835
8265 5019
10504 13775
11886 2479
17715 1300
4700 4
11946 252
10427 9423
13609 1421
15862 11869
15608 18867
3968 19262
7598 7880
1352 3155
19138 12868
1898 17962
3367 15535
9622 16334
1810 17732
9672 6616
11472 1000
6593 16181
5891 15405
3699 13201
12395 5116
4146 8389
13819 1849
2431 5285
10541 10391
3313 323
4041 7903
11268 5787
1336 8062
15558 19273
3330 12229
5618 12732
12650 8361
2278 4307
15178 11661
8593 13698
12845 2289
17261 7699
2181 18035
16679 8999
18393 11534
100 18417
19150 15362
9078 17885
10650 9507
15809 14065
13450 4235
5133 1674
6588 7117
10018 3142
1808 6637
9377 1740
2884 4905
13223 19012
6529 6827
13797 4266
11979 17447
16826 5758
241 5273
1787 9722
9532 2595
10948 3544
16078 14508
441 2723
12822 3118
3080 144
14365 3532
15982 16198
19060 17551
15740 15239
17663 1676
10313 9584
4031 18467
12821 1659
10307 11560
1982 7086
3980 15591
18700 15490
15563 10456
14794 19100
11704 15609
1907 7238
15707 287
8374 13896
14257 6912
12363 6534
8287 6206
7525 18644
15602 2311
12557 3505
7524 5524
5654 18486
13711 9056
13602 6392
8710 2820
13389 17667
2470 16375
19780 1726
301 14333
11292 2091
19678 5612
5187 14499
13117 9419
2801 12094
19424 13080
7557 704
7320 6343
13780 10625
1955 10400
6322 10462
3285 1812
5315 15556
3769 13278
19030 8288
9325 14140
2544 426
16441 12792
6388 16413
1832 19561
10903 17666
13652 4885
15635 2837
19069 10974
17775 2897
19093 6611
19401 3538
15194 3416
8314 15986
11181 876
5304 10103
15532 109
5467 12084
17232 3708
7359 4084
7868 19925
3802 12632
19051 13004
4756 17101
10247 6357
13322 17876
9026 18705
16885 5118
12780 13202
7408 9523
19260 8623
14151 2412
7635 10357
16531 481
9018 2900
3083 16999
461 1495
1566 7085
12787 19656
11198 514
6291 10994
13957 6137
17008 10653
7893 469
1898 783
5037 4944
13496 9067
15485 1246
18566 7441
6053 19813
5540 8550
5409 11196
19130 18740
247 17702
15707 10624
17985 17304
19839 9226
15108 18093
2278 14588
19493 19631
16593 5084
19118 1257
12454 4636
3369 14678
4355 1372
3895 118
12594 18409
957 3864
15907 18510
19704 16105
18627 13076
6834 11
13685 2225
883 6701
6381 2992
11053 17986
2167 3148
11951 18696
16408 18181
18045 7652
8033 7218
5811 4806
17571 10904
2563 217
17541 773
11542 2832
223 1635
9756 11835
2697 13029
15613 5696
19681 7464
11870 16920
3378 4255
1521 4024
13233 14733
1459 11074
2344 9751
11988 16828
13906 16857
7427 1670
18342 4431
10984 7523
17407 1413
6582 3611
9755 14660
5722 12874
14752 4076
260 10016
13615 15890
5190 3695
1860 9868
4387 5292
6688 15033
12686 698
9592 744
12082 12966
17880 17688
19369 9307
7679 285
5659 14174
11293 15010
1927 11206
17813 8026
11510 17836
5878 17231
9922 18476
16285 17845
622 1515
18583 6495
13580 306
4390 123
11704 779
16217 2338
1385 13071
18281 17363
17972 1183
7471 6617
7293 5532
19365 16256
3549 7896
15083 3677
2657 1498
8415 742
9359 11656
16198 1051
15628 15126
5906 7901
11107 18568
15731 5355
9520 11920
7754 15912
4927 2950
11089 11085
5400 8499
13490 12228
14492 10550
981 14046
9370 7307
11164 12914
5215 11114
18379 1942
16166 3730
2259 14097
424 5297
15018 13540
8493 1843
17813 12492
16951 9234
5577 11983
13458 6267
2510 19543
6608 16481
6072 11718
15238 7288
16093 2919
53 11331
2594 10090
4005 941
12618 3484
19070 16652
16463 7981
2540 16437
9904 14916
19869 17229
3432 4250
12140 19007
19140 12077
17318 856
3231 14107
18359 15261
6611 17143
2387 18952
8394 2391
5305 3614
11784 4989
7530 8390
8058 3371
6757 7131
4704 12875
18491 18776
9789 11322
16286 8330
7480 14720
11392 15895
910 8195
10344 16709
7233 7181
5678 8058
16942 4895
2910 7474
3342 2672
9354 6814
19338 15101
18136 11210
13483 4312
2250 14096
4830 2509
14451 6147
11764 1712
7245 1687
2589 9862
9391 2868
10577 8895
15342 17541
19519 8569
121 9820
14169 9238
1745 10849
12337 15967
3178 8323
9770 11035
1263 12451
9417 300
7442 9002
12425 7211
6849 16170
19382 2162
6607 18935
12303 16756
6283 11079
15601 11430
15471 4159
11389 15383
18978 17329
11601 11220
3237 15391
18353 11995
8966 11044
9320 19630
12683 16417
1520 3052
9013 8424
17713 18545
11268 17877
19734 12192
3395 10979
7980 7106
5829 16845
5052 5290
8201 9808
4467 17989
10865 1822
4701 560
543 13149
1512 137
8819 19255
18540 4135
11493 18663
4333 1333
19517 14558
19426 8450
18724 8303
5670 15184
12764 15546
10936 11339
3192 18672
7517 6991
14810 9886
18873 2764
18209 9880
2828 4538
472 9641
16692 4606
18236 16358
784 6857
6280 5232
3938 15683
16065 19078
800 6162
15780 2851
5501 87
5822 10636
5659 18314
17456 5732
15814 3549
19314 2102
18869 1928
12311 6917
1965 18001
10950 1735
10169 2087
19527 13344
2237 4256
2945 1349
16286 19134
17802 8546
14423 15323
2819 4649
17975 11159
16225 19853
5691 2107
13944 11546
16871 10559
10363 15841
1144 13265
4145 4079
9730 16279
5733 3841
9064 2947
6175 8210
1085 10444
11707 1328
8160 1560
12212 18902
7568 7252
6631 16835
12500 13528
941 8340
3902 10385
5101 8882
11672 21
12845 12776
11931 8474
2325 826
11179 8337
15069 1544
4912 11862
2805 6888
10029 16850
19236 18345
11916 15279
16659 1594
15053 175
18955 10797
7848 8286
3304 1875
14656 10157
17874 4970
4718 12885
3101 10619
9658 17859
2926 932
8851 19233
15092 11383
18446 18573
3662 3117
8231 13423
1203 7500
8393 19670
5786 13061
13970 3911
2263 14637
9798 12720
13454 6774
5713 5073
7891 19556
11337 11445
5166 3908
6469 7975
4600 8867
11919 5698
2646 10058
2566 8444
8355 17276
12559 19794
9201 2936
6798 1035
342 816
7685 92
8909 18157
11328 7083
12376 9006
3484 15966
2470 2224
6109 10109
6626 18703
19460 9811
5398 9942
3721 3089
12316 13271
1073 11974
11200 11665
8499 11631
11474 1329
7821 14456
757 5896
17904 17514
13042 9822
15488 17826
15006 16663
11362 17254
184 6008
5116 9107
4299 13382
4500 17373
1120 4923
4022 1065
15080 15817
223 6471
11392 9896
5951 505
485 1392
12044 11980
9726 3926
5803 10342
6556 7867
16510 5591
2568 5945
14790 17184
9265 12917
7846 15874
11034 5819
8872 1567
3296 14963
2327 3601
8569 2623
2563 164
12944 3219
19397 10059
15404 5665
11964 2814
17762 19126
3259 13868
19793 17217
3165 8949
5784 11842
438 10445
7183 7497
6881 19027
8084 7394
260 15831
4797 18873
13583 14833
16778 9153
8644 8351
19434 8656
9205 10403
12691 18843
4878 12882
9233 17098
18895 19564
15943 19679
16577 10124
19093 17006
10992 14184
3032 7515
5113 8374
9130 3557
5283 5544
19231 17438
11914 6104
10670 7726
1811 14854
8654 5020
12142 18077
13530 11739
699 16106
17932 2177
17258 6839
10901 6278
17832 7991
1041 17976
4007 6566
4595 8557
2511 9972
5424 4476
19946 16689
4397 13561
17768 18996
5689 3737
10256 4858
18324 19526
16955 1057
10878 17266
18909 19663
9664 5811
19619 3643
2619 4610
337 15779
2525 17133
11443 16119
16831 4500
13002 7916
7371 5946
9909 11009
15335 10784
8762 13150
6420 16964
9787 5159
2434 10286
15529 15222
10994 7618
7320 814
10271 8150
12288 16146
7695 17862
15057 13043
4946 11954
9333 3988
429 15707
8166 3868
9073 18702
7980 5219
10464 14259
10838 2075
6265 14795
3383 12516
11231 12708
13205 10840
4935 11788
15340 17710
15982 13314
14479 8920
6915 17966
652 5417
13248 13553
19782 19960
17219 17258
7202 9558
9876 17982
11031 3568
1385 4342
16841 6117
19307 17725
4554 19636
1672 10707
16770 645
6192 6344
4011 7727
2193 16200
5822 19396
10909 2917
2695 2414
11959 432
9477 5079
4658 4991
9205 8328
2516 4598
8358 2552
9494 11309
4124 4740
14767 13040
3142 3045
11280 12800
18543 10900
676 15161
8724 5844
2629 12201
10371 7031
16505 16504
3904 3172
15756 2736
9777 16516
3054 3621
2538 15863
16755 18000
19399 318
13689 10003
159 4988
10982 18295
17128 14619
1550 16875
10138 16262
12123 9272
5905 7481
18538 6385
18192 19912
9566 2533
1782 474
4528 13074
2318 13956
1170 14099
9323 4542
16896 16120
17331 15170
15805 11526
13943 6653
1580 11670
14983 8648
13675 10569
18584 11783
13087 6882
19854 3357
2466 12872
2025 12811
18265 12183
3070 4887
7779 14702
19366 17545
11683 17230
16684 11890
2100 1371
15712 6652
5219 11781
14170 19751
5426 11921
12309 7163
13572 19376
6561 14814
5535 1267
19428 16187
12421 17178
12001 11853
6568 9480
18522 10425
11488 12686
14840 12215
7322 2204
4531 4853
1011 15665
182 16836
9507 19767
16440 9249
16764 12440
14257 8772
14779 1047
19641 10597
15059 17264
7031 17161
10519 6350
10890 8851
17675 13012
3810 9933
15997 202
10815 5234
8742 15611
17261 14693
18827 14838
4596 5164
18939 5033
7980 4104
3346 14753
16559 7344
19191 15375
5021 18727
10450 2584
13012 8345
18620 12933
16605 9235
3172 17928
11828 20
15669 18156
4128 16819
260 8709
17140 19843
5152 12510
10776 18930
16616 12942
2468 10800
16663 13694
17715 2668
16609 8650
18418 4999
6620 1459
14855 18
10636 18478
8617 14269
15088 10217
11574 10594
10177 1823
11073 2589
18960 14144
12718 7
10018 274
8786 10998
5073 8073
153 14633
14471 18151
17641 9025
9239 1809
11977 6229
4338 9797
10724 10195
15995 5779
15917 2518
13911 14354
19824 3299
302 15347
5451 13349
14898 19982
2965 276
6473 15563
2488 11122
19246 17737
17154 10363
6337 6100
7983 11177
13039 7289
10639 17088
5576 7109
17392 4409
6697 18021
7178 8539
13400 8481
15477 15353
11536 10394
19931 7770
19922 12983
17828 13169
13815 6472
16016 10637
12152 2741
18569 9437
5202 18251
17781 15718
898 2112
19112 6400
10174 13524
14834 1307
347 4781
18472 19234
13116 6132
6995 17672
17162 9794
5533 5149
10853 17627
13899 11401
19227 14017
11397 18231
3182 16253
9599 1543
8819 13477
17515 7673
11161 12951
17000 19660
12786 13610
16279 6983
5098 8647
4337 19296
17873 5142
14726 12085
481 19885
5754 18787
7305 459
16358 10270
19145 14060
6153 13695
11535 4477
17321 10516
9205 3680
19352 14177
6401 9422
18437 18095
19444 6707
16996 10572
4841 18051
9221 18307
7303 18357
10249 4723
14468 1080
14510 28
14826 6660
7027 13213
6886 7985
12744 3067
12041 4782
5821 1122
15201 13218
7767 16138
9749 4758
5137 8707
2673 12198
6852 19531
11309 5401
9765 9311
16683 9900
13473 14719
18610 8749
5519 6415
1179 10280
11673 9959
1133 5382
16070 12232
6752 8164
11908 5230
12153 6837
18522 4967
16859 6450
9036 17799
1784 11160
10110 13025
11089 16283
5884 15971
9044 17904
5535 978
7540 9866
19070 15934
11400 10710
10162 14175
12845 16341
14554 687
2200 5965
19530 59
15943 11895
4347 13853
18119 17044
16413 10970
19191 18488
19687 12783
7358 532
595 8434
5977 9028
6591 17272
1470 8634
10530 6373
15314 5714
3434 17596
18447 17253
19312 15974
10630 16424
7413 19202
19152 14772
13942 12449
11228 7965
11667 7120
2654 15783
15860 11620
15541 19483
6823 17177
858 19327
10723 13719
16876 7364
9963 5429
3327 1344
17771 17749
14940 2630
12736 2774
6606 8455
7943 1483
17843 1426
2980 16073
13935 4257
13301 11030
4164 14305
18307 14932
18840 17694
7246 14400
6173 10281
8507 17517
8500 4333
18786 1565
1150 5239
12159 10538
17428 12055
2637 3086
4531 17389
28 10709
8036 1046
9076 5330
15706 18034
4574 11678
10280 2702
4857 18531
1849 210
16415 4698
4422 11645
8232 5763
17324 19265
9180 14875
12049 13110
14567 11667
4535 4248
2099 15228
15470 7530
7619 7274
18001 15504
15000 17490
6153 10429
19161 14987
2220 18931
19397 6183
814 12058
12156 16311
14206 2619
7695 14182
649 4987
15707 4960
17225 19465
5912 716
10443 10327
3584 15849
14558 10356
14330 18578
18136 4026
18654 11806
8898 9110
2126 15237
7285 7512
8824 13179
9499 4083
1572 12949
6004 6426
16898 9087
10944 10952
14423 15355
18571 10204
3362 903
4978 12649
2385 6967
1273 15913
18306 16534
7326 11662
983 10613
7679 9981
4008 2899
4533 12542
19712 7318
12142 19338
9324 5431
19825 3791
1357 10420
14161 8934
17215 3515
12776 19804
6346 8559
1455 8604
13656 4167
2899 516
12821 11542
6765 10607
2787 17709
2286 11986
19151 7328
10048 11694
14837 17025
18004 4701
12873 6690
13805 4219
893 9802
16424 18783
12561 12176
16426 11884
16788 8629
12888 7469
2257 11655
15359 743
13141 9512
9772 3729
8226 9190
886 8002
10050 2182
17231 1037
8941 3297
12965 2504
15244 178
1068 8166
8855 3670
10211 4499
4778 2240
14312 8368
3906 11666
19770 14675
12549 9780
8239 12119
12238 11104
15085 9410
19674 6822
15888 224
7132 5286
18132 836
6120 7820
7621 19382
15639 7303
827 18234
1520 4552
9147 16724
6668 10616
13657 16112
11587 7659
10374 18176
15914 4726
12252 1901
5066 10262
7441 13557
10724 16323
10789 533
6288 707
18701 10392
10369 19824
5218 7531
12515 9203
12261 13889
13745 7679
10951 18919
19911 18920
17852 15851
19063 5744
2584 15387
9835 14474
7800 5841
12238 8388
13391 5046
18887 7157
6635 2269
6244 6288
9120 7776
12779 12297
18533 9175
12755 19902
10638 4247
7374 13042
10506 6238
9788 13258
27 2670
17240 18596
19182 4236
12203 5488
7722 2475
15164 9688
6320 13106
3589 12146
6284 8704
2193 11708
17076 18957
7764 8014
5559 6251
18205 7186
8635 3119
13925 6833
10909 18004
4748 5952
11320 9762
8463 5695
6290 6963
14926 3129
15491 13450
12332 1118
10559 16898
4565 10303
28 13135
7785 18688
10327 931
12923 840
1281 4038
53 10101
486 6148
5324 13233
14609 13849
11237 9513
11522 17738
10878 11264
4661 4416
7422 12671
18539 2482
12908 17969
15493 15619
8821 5821
7358 7888
11083 1077
18216 7089
12497 9979
7399 3755
14816 16532
19960 13854
1519 14797
3427 10751
7638 16236
19114 14972
16348 11113
3540 10010
14940 11816
9162 15028
9 19131
8854 7001
7791 17192
5266 10558
6968 8857
19447 1261
9091 14881
2785 9026
9874 7383
9491 7936
2488 8603
1621 2135
654 10652
18075 4218
11805 1250
590 10230
11845 12846
18534 14867
2708 12124
8312 5115
11113 13491
7764 1397
9023 312
19083 13067
3965 12930
3126 14441
2936 2894
10 281
12350 4463
5243 9183
1391 11734
18720 7264
9750 17518
1945 14786
9201 19780
13427 8615
3665 11913
13140 10744
4409 7465
19311 12365
7619 2402
2501 10170
18848 7762
8102 11269
14280 4763
19886 15468
7151 13317
4718 19316
1080 7927
11988 11329
4180 5566
19329 16144
12616 18778
12309 574
18560 16237
13926 11548
8547 13415
84 12921
1455 4772
14532 9283
1627 17463
19686 12646
11325 13313
14430 4114
581 13284
19119 11489
1720 1880
7693 14751
15503 18334
18321 7988
9562 18431
2750 7509
13769 10458
2040 9094
1911 19722
19380 8395
1288 11607
7727 11805
18302 8887
6120 8016
16220 18208
3234 19786
7442 12904
12247 13987
16216 15531
14510 3772
316 2272
4340 13609
7002 4013
13716 6158
2068 12938
12257 2983
19892 5045
13450 9663
7187 10782
6710 16089
7335 10937
9570 15138
11870 11622
16007 1830
8521 15435
12332 10374
12204 13318
4031 6758
19745 13117
16464 4164
16820 13279
811 4632
9430 8065
16947 7118
17375 19724
8530 3496
1879 17719
5951 3824
485 15424
16690 9504
1186 6574
98 8308
4956 6476
14299 15684
10959 18209
14153 12115
11256 3863
19018 14470
14535 14265
7865 7877
16824 11550
5150 12511
16185 3764
11606 2570
73 2752
4450 6597
5315 19701
14532 8912
19935 7541
5922 495
15069 6851
1521 14231
5704 9196
18116 1804
18968 4644
18235 10428
11578 10695
13688 19328
1735 353
297 5910
16459 6224
12225 16797
12438 13832
9013 8406
11310 572
13290 1480
9002 11326
6740 19907
6655 14427
8417 16234
3115 16346
5386 800
319 3066
17234 2555
19514 15805
2227 14815
9803 873
4666 11600
12667 12385
11759 1752
191 12697
1109 15937
18647 3916
831 10771
1235 4075
16052 317
8711 14845
3182 12458
13736 1583
8416 11111
13567 1903
13700 405
17648 17974
6288 1621
9028 17612
19775 5479
16868 17404
10290 12113
784 8460
15895 1306
11750 1192
6082 6322
13128 9279
16060 19177
17384 16666
4848 14614
293 12000
13457 5410
19288 6970
16183 17540
18793 5885
9522 12024
11110 4813
2259 632
1311 12403
6973 2881
14486 18299
13158 17250
6196 17892
7720 3957
1589 14232
12926 8724
2597 18796
2320 15392
374 8946
3814 2446
13796 3503
13091 938
6613 13859
11960 6948
18446 15579
11616 13733
17373 7331
8896 18584
19818 11258
9507 7795
11752 13921
7664 14237
6953 7971
10650 1090
14296 10502
106 18284
14479 4595
18948 19151
1100 3024
4437 5057
6968 15736
14471 6782
6888 3468
11842 18662
2654 12931
7650 14583
5293 14477
13909 12950
10117 8220
4366 16312
9876 18837
17617 1355
18592 18458
19838 5391
15133 13635
5676 8795
7111 8611
6984 11130
10423 16378
14066 15572
18110 2909
10023 2979
3853 5719
8084 6687
2284 4393
837 5269
13848 12202
12770 4849
5527 1241
8043 6663
11460 14109
13397 1102
18493 3309
1793 10477
9540 4178
6008 4868
6256 10612
16661 19275
5126 6698
19271 12151
8024 12161
14426 11316
9957 15090
14801 1579
7003 2320
13389 7668
15108 3114
15706 10846
1079 13888
13848 13601
14485 11347
15275 12364
12653 5618
16690 965
12073 14336
18757 8838
16513 17793
6353 6537
16261 12274
19392 13364
8354 13887
10927 12221
9024 14998
4547 16513
4826 6186
12133 12791
9183 19441
9475 9861
14125 14554
6314 3315
1543 1754
9090 9487
11129 12379
14257 8118
8532 8074
18630 8331
9534 4003
13189 5039
10413 7487
12273 9826
4221 4338
15384 10443
18783 16730
9004 18624
2608 16821
9205 4478
5866 6987
5793 3104
18007 15885
2277 4279
9586 1720
19303 19200
16260 7209
5116 13097
2921 9446
18345 10907
15879 9776
9848 6636
19834 17937
18633 1044
5645 18666
17325 16829
5643 16488
15384 15601
15761 9236
2994 8726
16298 2722
15412 5024
10653 2432
6252 492
12618 18848
19226 13248
9857 1702
14387 7242
5257 1671
5916 16782
1873 1053
13753 8200
18871 19447
6898 8107
11239 1172
191 19899
17202 11973
9329 1070
18299 13669
14114 3021
136 12599
2953 10995
9631 13918
19627 9214
5687 11408
5908 12049
19132 9022
16585 19293
1307 290
2575 14032
18126 4834
9765 10488
6508 6840
10017 10106
18606 2600
19848 13212
9125 9046
17441 7406
7038 6811
4711 8090
11229 3984
19543 4686
14657 18335
8689 17645
6920 5343
5319 3897
5729 18112
1818 14216
12843 8645
5804 15143
10790 1412
15278 8439
550 4635
5036 12901
4556 3975
6877 9033
7719 6362
883 9294
11003 3571
3979 17255
6340 3035
11704 5651
17039 8872
15656 16690
13116 18949
7757 16482
2459 9300
8659 656
2607 8445
18529 14956
17187 19178
17086 15819
8166 3481
15128 120
3662 3446
248 13251
7320 18273
15443 3494
50 15192
11717 9625
8235 1029
10582 5482
13925 1145
15717 15617
17966 9133
18288 16741
10979 16447
6243 9986
9652 9785
17711 10054
8481 11961
13607 18998
19955 13558
12146 14589
8876 18370
16820 5017
17694 13253
5679 14361
18281 2314
1419 11567
3804 17601
19899 3982
8317 11382
18548 17092
4359 3207
18722 1283
16847 6799
11532 9231
9480 1132
14156 11484
15553 11004
16713 2647
5380 7490
7881 15061
10636 12
15662 17147
14475 1876
11822 7183
12247 18320
7565 14050
11229 2038
2321 14915
2296 13665
11598 18333
12957 904
13780 13551
13607 10905
5024 14984
16425 4822
16513 1052
8784 2733
5298 8744
7126 6739
12995 9447
3346 6436
14865 12061
13635 13700
11697 14785
918 6111
9065 18886
7609 9774
18144 10836
386 16574
17077 18407
14379 4839
1578 8139
17949 9619
15171 2370
16839 19764
15436 4192
1148 13626
15588 17755
19782 8501
17227 12209
4642 19455
12913 2543
11132 19942
11629 9457
7438 14171
19615 14294
12370 14260
2141 4838
18956 19536
18000 7213
5534 3386
9772 10419
11648 12092
1018 3146
11089 18064
14825 4792
14651 19245
103 661
15060 16538
1731 232
14313 6609
3513 7647
8564 16348
17363 10605
132 10437
5375 2017
7701 1042
17709 12788
6432 7398
13010 2420
13583 19109
8834 5761
15129 11962
15604 6743
12557 15656
7610 866
18538 17828
19048 4285
10707 14597
16471 8682
15021 17191
5668 6786
10064 5997
1287 11190
15101 15695
3323 10826
2863 15908
13521 4006
13519 5275
8428 16673
8872 2870
8872 9680
7049 16075
4310 18293
9170 8143
14269 17881
4169 19530
17392 7476
14097 9519
7101 4994
16574 852
365 983
9972 10036
2403 1572
7719 8783
15781 16485
3216 1855
15895 3213
16421 18258
12172 4857
626 5753
2571 18667
6774 2816
13950 9874
18002 17804
11392 8314
12340 8956
7656 7817
18947 8675
11845 18088
8841 9060
17361 6686
8549 961
2949 15428
6104 10159
7244 7463
7374 8172
3769 10371
15459 3428
18638 9452
7289 1555
5803 16638
18809 17570
14776 12466
13405 16914
15073 3217
12454 8399
6505 18041
19899 1984
13907 987
2648 16315
14646 1359
18354 7154
12034 14644
13718 854
19433 3838
19005 19418
19792 50
2129 14871
7855 914
13655 12320
287 7714
9942 15075
10697 1773
8386 9675
16121 5562
10955 4578
13213 17942
4160 8080
11342 8396
18743 1477
3518 8769
3106 7424
18391 15131
5257 13885
17165 11327
13879 6233
17699 5530
2459 10040
16709 5876
16123 17224
1300 18909
1463 12533
8909 8262
5692 17412
10860 17466
10595 3122
8466 8206
8980 1062
12579 6215
13695 16322
19777 18007
6196 2072
19047 11992
7265 12990
19511 15048
18660 1619
17389 4881
19241 11596
4062 19711
17302 16224
6013 4234
15731 4574
11788 5808
10948 2485
7705 11434
7325 3889
2842 15778
9559 13376
59 13078
18399 3654
19999 2675
19514 19437
15256 7214
12044 2682
12765 12029
7627 15620
17853 15523
12146 8784
11223 19241
19431 6504
3639 7540
13418 9764
233 12102
5744 11689
1372 4704
10830 5850
8328 8568
18438 3062
11723 18390
19911 18108
2235 7460
17256 7920
6704 8614
8833 14342
6019 8751
18517 13691
5789 18600
14542 5937
17629 10623
19381 3831
12765 3401
15344 18765
5918 5801
4535 16388
18873 10811
12676 17840
12660 5539
9359 12916
184 12593
916 5961
2270 3566
17864 546
14818 19816
1104 5250
14403 6506
275 12871
5676 11800
2800 15157
13773 16962
15804 1270
17111 2526
6120 18870
333 19732
6730 2248
1818 11616
5018 2808
13944 10939
12133 4044
16360 14019
3135 3866
5128 16899
8658 1834
1010 13550
6695 7340
5395 8000
2055 18248
12992 15962
16095 7354
9124 7683
17114 6473
5561 18022
245 9798
8544 8370
9020 11377
7970 9409
5560 634
2595 6733
16580 5608
10849 13128
5533 9019
10849 11964
13025 12190
11820 497
14993 18621
18661 8034
11508 13536
9749 3191
5296 15193
1410 10938
16863 17090
15272 4110
404 12448
928 12694
1247 9668
13718 17309
6230 2866
13135 4694
3378 8794
5154 5635
10775 5365
5614 3249
2386 14326
10291 3767
11198 14488
3183 9466
4819 13263
18352 3321
1372 6864
11157 19858
15580 9599
14734 17370
18015 7891
545 12010
645 4892
8471 14827
4634 3690
4822 15710
516 17693
6690 15843
3732 19609
10802 16745
3288 2632
12324 8967
2997 8378
16946 15439
18603 13604
784 18522
10652 15949
4805 18360
13930 7056
18719 6408
17589 3596
10183 6736
9183 4756
14986 5474
12685 18912
324 18178
10566 1059
11934 16854
15729 10893
16015 8635
15039 9243
13492 19351
14471 7849
16942 17486
5475 1064
3953 10206
10878 16421
18149 16716
18207 1528
18851 19596
18189 3369
18842 527
16729 6268
5841 8217
4169 18454
8455 3042
6254 6515
18004 1836
241 304
5628 1423
8522 10981
13776 11720
7980 8874
494 19284
13400 1935
8814 17084
14283 16282
12020 315
3567 19354
13868 10521
18483 11274
15685 6188
12557 8316
18330 19563
12881 13147
15912 10289
16232 15829
19963 13402
16095 9159
12133 6852
16123 19552
7561 2918
873 4125
11120 16676
18848 7443
1217 1091
7799 8105
13227 9815
1450 14257
2823 3938
1033 9148
11871 5739
13376 15865
19995 14621
17832 6432
15307 12060
6343 4962
5419 17851
11422 6122
4923 19270
16070 16438
12540 14459
18079 2860
4364 6691
873 19675
10871 14221
4224 11602
16206 5141
1372 15926
17453 19159
12904 6066
15838 15641
17953 5936
19200 11684
2648 9974
17856 8610
3869 9514
15829 13624
16996 2076
5689 18891
15121 3093
6202 12898
2747 17142
15224 4751
9378 7885
13572 15132
7762 10514
18692 8871
7635 14357
6202 16203
6498 16128
16964 15003
15170 5353
11977 4339
2462 6441
19360 14131
19128 15570
10405 3774
10707 12974
5978 13684
6379 3720
18822 18887
6604 4027
4299 13633
4594 13094
8409 3683
12159 2734
16885 11048
9343 1772
17201 18597
3964 7818
6761 4064
5166 19988
9894 3455
8742 3070
12965 8625
2730 3804
15761 248
15637 14564
9511 14518
8467 4852
2835 3617
4388 16865
13813 12021
19146 18428
11705 11087
10220 10180
12225 10777
11617 1285
12788 11351
18476 9541
15045 5455
15216 19952
1372 2849
11717 15709
7598 9934
17521 16081
17612 14687
18289 16536
51 19187
5853 13226
9749 2747
11871 17371
4270 15370
10286 14291
2213 2226
13454 19949
5076 10470
96 18219
17808 2058
12133 16560
19447 6755
11602 2175
255 8491
6790 1169
19004 981
12895 9245
2024 14088
16736 4229
19199 9552
8936 16008
1308 6579
13373 3556
5690 1456
2476 6394
11416 13428
12667 6765
17154 6021
6491 16316
11688 13911
2735 19541
13532 16761
13631 2034
16787 17225
7689 13876
9640 18318
7873 11677
2411 17723
19457 1617
14523 19781
19070 12041
16194 587
7587 6805
5315 6199
6073 14666
6503 8641
9502 974
14102 5122
12409 3038
9086 19873
2329 13572
9166 15459
3364 12258
12366 9803
13492 8563
11303 17038
5860 42
1512 1627
5692 11545
2503 6576
3472 11896
10331 8265
7533 3854
18385 4612
11915 3581
16566 1009
14516 6808
16748 19731
19547 11505
18772 14230
10712 10645
4296 18500
7378 1569
5797 6635
14798 3924
5512 6714
3968 11270
10238 18645
3171 15529
15884 16071
15973 6254
11391 8142
2411 4826
630 14042
7137 9167
18281 2510
476 8177
7310 2712
7952 5111
15892 7073
6823 15280
11637 17455
3193 4627
6013 971
1202 18982
19273 5989
3974 14399
19435 14724
19749 6256
12097 14242
11159 3880
8096 8548
16503 7483
19010 5209
15543 19192
2558 15565
9971 14757
6315 19779
11043 18862
2181 19626
4254 2939
18619 11815
3446 16499
17050 15461
9780 8740
646 2012
5766 4010
11229 15752
1412 9222
17939 19288
15150 9366
107 17252
13148 9113
4181 12803
7319 1868
4992 15735
4090 3685
3658 13738
3816 12453
9216 14335
13389 2263
15011 17489
19971 7227
16034 17397
11503 7112
3083 4356
12250 11477
4240 1326
12653 14582
18218 12266
642 8841
19610 19228
13070 2878
10657 11249
9155 15883
5393 10677
2543 18030
9862 19545
12394 8156
2167 12009
18567 984
14032 1245
13929 1110
523 14957
9849 11281
9545 2312
2243 19442
15598 3527
1223 16452
14213 5184
17570 10549
4007 2984
12869 15627
7679 13413
6160 13387
258 5167
13371 7889
5936 17482
8825 19324
17370 7822
11871 7327
10482 5300
9730 12100
6620 4470
7891 15636
1084 18076
14368 14925
17270 3147
7432 8419
6970 9047
376 16571
15359 12236
1487 8025
17862 6119
3383 18841
12387 9985
14087 372
4082 5274
12078 6944
10238 530
19330 16961
7005 3632
3133 14315
5732 9851
11740 13224
12252 6187
13995 591
11239 19505
14209 5263
15476 3760
864 5793
15566 9178
17389 19426
7619 15202
17791 19671
1462 10046
14151 7720
19899 12486
1379 7492
8408 12257
17652 12797
13816 7366
15461 4408
13176 19891
14935 7126
9224 11672
3146 7731
12557 19585
17791 13762
16639 12255
4077 11137
13009 6474
13821 19142
14266 19061
10414 9071
17346 18520
11118 5860
10238 12518
17617 13596
8515 8185
8076 3662
17926 19315
6635 2340
17253 17569
6657 4103
9415 6203
13594 6500
872 2114
14784 5554
12748 5755
14302 2292
17099 4066
6305 17013
16765 9521
14742 49
14167 11521
10313 10601
3732 8322
5495 8800
13886 13664
10866 15791
19707 6448
15115 19673
15298 5390
9508 9302
10383 13847
18839 14104
19027 16766
16234 6032
2945 1094
42 922
95 5717
10002 19739
2870 10954
16175 18062
15696 19375
7672 1067
7137 14930
14471 5318
16314 4373
2029 18541
6152 3574
16596 11272
7340 18799
3371 18204
15202 19350
19422 2501
3259 16915
5725 17439
5852 6253
18714 9684
17001 13108
8088 17429
18347 15746
4539 19330
9402 1780
15828 15520
4700 6732
12443 9230
16719 18969
11687 7999
8120 3934
16585 17320
10057 3861
7137 7041
11568 5648
13853 18675
13764 2214
11908 13210
12374 11468
15819 19558
8226 8508
1799 6044
15900 11735
14039 4491
2274 2088
19649 12667
19152 17860
2918 11166
16577 3241
2987 15389
19551 3293
11167 2486
18465 19250
11992 6866
15230 2970
15328 7054
18272 4680
5515 12883
909 7052
13741 17610
11252 4565
19210 10630
15352 19267
13176 3195
4906 2875
2771 11685
3415 3719
12804 16461
18682 14073
6280 4933
8375 11612
14429 4755
5625 10351
6581 12399
5077 16308
381 1761
18419 17155
18711 6216
18783 10081
19226 5551
15340 14332
8491 9195
8434 19385
8271 14578
2993 17806
2875 2554
1400 12446
4352 4126
9810 148
8455 9530
8226 6950
6419 5373
1936 2763
3696 15575
3533 18603
10772 4746
19522 8240
10754 7664
18806 4604
6900 13874
218 19079
3195 17063
6413 10379
6790 10471
12411 11793
18397 19106
10862 17179
7480 750
17154 4638
10241 19425
122 14793
9745 19879
1793 255
10659 5329
16469 19557
4510 12664
5731 9390
5900 4062
3425 13516
2141 16634
12779 17301
5066 5113
6372 10310
577 19642
15968 9312
1263 1449
2574 19485
6025 14126
9514 12128
18653 11171
1109 6773
448 8135
17926 12135
2431 7147
5027 18368
3216 15084
17762 9997
8224 10633
5142 9219
2497 1454
3398 2053
16193 368
19030 13917
14517 4137
14645 5083
1335 8046
1487 17023
14170 15227
6194 5690
10617 5830
13122 891
4040 5501
7784 5320
18261 10164
17441 18465
17718 9368
14554 2013
18190 7810
457 19806
16256 15066
14772 14310
5712 10533
19701 19340
18390 2029
8512 8067
17647 18430
18715 2991
1577 12507
15856 13830
3890 10399
8434 4314
5570 5203
6687 15278
1167 4561
5045 17242
13987 4601
1427 13614
10969 12869
4440 7316
5276 264
2321 18962
9338 1532
13603 19882
8316 2471
7899 2981
372 8033
15873 940
10076 18691
16267 4913
12343 8305
16335 17797
29 9640
11109 8011
19329 10902
13382 8161
13121 19438
8849 14652
16608 10283
6476 7119
5748 7287
7062 3423
4086 16906
16149 10330
17967 13083
8499 3453
10961 12553
16368 3941
16442 13651
6973 12168
11692 5700
8258 3965
11305 14961
9212 19606
490 9682
15735 11668
17904 13988
9672 9564
12635 5189
2090 9634
8106 1500
4176 14090
19656 2313
18388 8312
9104 6592
16455 9084
10925 490
10968 2593
9005 7678
1341 5908
11965 19357
3209 1272
10486 17451
9535 2906
18491 174
16697 17327
15188 17731
13716 11579
2958 2451
6227 16258
18661 16250
13492 12478
9716 13796
16938 12301
17442 11907
10416 11011
9592 2247
7805 737
13783 11080
14486 13404
584 13302
16722 14877
5299 4665
16423 16444
19684 12068
12196 17975
12276 7004
14041 18262
775 14064
16619 4685
13813 3037
11811 16420
17619 460
7057 19884
15978 18889
2914 19111
15740 9139
12656 18813
17715 2706
744 10586
13763 10940
4372 10091
13582 14218
3711 5483
13229 2558
1636 17419
3096 11910
497 13818
19227 19080
12001 892
5070 8237
8154 10487
6550 6397
13779 5310
4537 3080
14087 19713
18484 14370
10376 15248
10613 1266
14000 12584
13505 2142
4286 18056
5683 17390
1282 11473
13496 1874
5720 2574
9628 19299
9390 1163
18773 4512
8508 9528
740 11444
3385 4146
16046 15886
5553 725
6897 14634
6221 4747
3511 7401
15993 6793
10336 5375
8663 11978
18090 16353
6248 13901
18610 3316
9092 10212
12074 583
11764 16242
17716 2014
2622 19603
7283 14481
6668 4030
17470 15701
1265 12794
1217 6139
14100 13944
7952 6048
19222 5982
4164 19468
16695 4283
2117 1591
5045 9647
514 17978
3097 12181
5014 10219
1106 19782
19231 6502
18164 19572
2483 8044
10909 8089
16971 15021
3023 15413
17309 5540
8490 2687
9370 17367
4912 1239
17713 14858
1056 676
4361 9505
6814 3319
18663 9344
12065 14485
16505 12759
18238 4618
15464 16683
12035 10436
9554 12311
15679 12693
6978 9756
7561 1019
5912 17981
18909 11221
6189 15215
16903 7348
523 17899
8839 6738
9353 3659
15350 5534
16096 13696
7637 10323
534 18751
17455 3273
7888 19533
16511 18893
15811 12333
7855 16268
11161 12002
14278 3201
9078 15207
4415 9299
11450 19629
7504 10452
1879 1750
7290 5736
13544 2649
11453 16654
7233 15606
13729 1845
11275 494
18920 14999
4334 17704
15097 17396
12500 6320
965 11946
16912 6086
5077 5510
19010 4626
16912 8596
10929 19402
11702 16331
15948 4862
1170 10886
5438 18507
13311 13690
11682 16023
12376 17441
15151 6940
9978 2288
8400 8162
3906 1117
19774 358
6412 13486
14194 3843
15706 3485
10228 17691
11721 11695
18269 6078
2930 1608
2518 4795
16880 16754
10158 2698
12203 10512
15567 8383
18459 5970
6730 17478
7466 14468
17832 1762
6853 10243
10871 11232
9053 4732
6358 18365
15692 11226
7175 6002
5363 3769
7907 18336
16560 11582
8584 6706
18564 8405
17642 8544
840 13979
5455 13494
9349 13186
16940 7804
4224 11390
1330 13255
15853 11178
3702 8712
3446 2654
3260 13736
7400 611
18342 1324
1385 12630
11584 5939
5254 13283
12266 10453
8613 16822
14723 1475
7403 10121
12992 2958
16869 10084
10057 12280
8484 18118
8583 16648
9881 13392
1104 17446
11995 14249
19946 3551
1254 16020
7416 18120
15122 19197
2349 7651
11991 2953
8638 9066
16096 3050
15719 8087
4320 17820
14037 11243
15014 8919
6726 3553
11294 14980
19223 17741
7301 8827
8742 9055
12338 11082
12449 13287
11278 5614
11291 8981
17032 17674
17882 19034
10941 3047
11510 18395
14209 4570
15528 6274
5375 15753
168 4520
4531 11520
5951 11455
16433 2267
7132 8103
7203 18050
12138 1429
8188 15216
13499 15415
14315 2943
9166 14516
10126 12684
9879 838
1731 13617
12263 19999
18535 8189
6372 8789
13512 8950
4450 6943
1483 4586
16996 9091
13730 10948
9511 1614
7310 15866
2968 11447
108 8126
4882 14776
19088 11724
19462 7929
6319 5168
4137 15873
14066 3848
1715 19793
18761 7482
7175 7801
3902 18186
4423 19269
16550 10881
5999 15603
3003 1476
6665 19924
4467 4291
7873 12114
4950 1146
19866 1522
5861 1898
16327 7312
7049 6192
11003 9807
18199 15271
2349 179
6971 10977
16848 16451
17001 3454
9280 16370
2958 4511
555 3781
7974 13753
1578 2020
9781 7236
8719 14876
2227 12627
7445 19893
19004 18275
880 11660
14156 10340
3518 5425
11138 1013
3280 18739
3679 12585
243 11609
15682 10712
18484 18979
7244 3724
1230 3189
2505 12683
5066 17538
3438 4065
17095 544
19696 740
4655 3107
9272 2948
15843 12615
4331 13806
9349 19089
12957 9465
14571 8752
1618 5468
5802 2109
3385 9271
10343 16674
17986 5519
13749 7528
5034 12494
17605 8246
6523 19938
9805 12503
5278 1223
11472 5756
8757 13055
12398 11156
10268 11181
17952 5893
7754 3323
13799 10951
17960 19616
17986 4658
16102 14338
15778 7193
5694 4580
12001 9063
18379 12995
59 13035
1292 1311
2586 10181
19177 10819
3500 354
15804 17385
12471 7292
4162 17887
10217 5000
8121 2746
16831 6092
7428 8290
11615 15965
8328 10578
17621 5247
10790 1096
12080 7010
9279 9421
3729 919
13544 13266
2372 18746
14085 8863
12638 2701
3185 9449
13877 19281
11559 18197
3557 19789
15055 4045
17441 11002
3724 19580
8178 7588
18647 16046
7229 4534
5386 1693
8767 12157
12262 13880
19522 378
1897 6272
15187 17897
8198 8844
6871 2634
17989 14187
10878 5117
5089 11512
16446 3766
18110 7767
13454 4744
12137 4927
4263 17071
14506 19006
13696 9154
1721 11587
1308 7146
7854 2796
3600 10129
2728 3919
9344 14162
8899 9577
19249 12488
16008 17682
9324 10414
15765 10083
8008 12652
16823 7018
7907 5119
7060 14868
17054 16401
969 3449
19770 19688
9924 19987
4756 15219
12136 3749
923 3955
4137 11180
9167 12472
13376 1699
18088 19063
5645 14636
10363 2040
19684 16559
3478 5640
9354 2032
9798 3513
11635 1443
19112 14632
17682 12674
983 14430
14482 13803
16424 6697
10460 15640
9492 5848
8540 6596
13722 3521
8466 19727
3446 12371
7621 14322
16152 8865
18959 12728
6856 16150
6036 18974
5439 3417
2127 1827
1798 3966
13361 8564
2221 15914
6807 770
13058 17051
19853 19444
10465 11827
4359 8496
3973 12356
1207 2737
6322 18779
16459 1795
11659 10753
9846 19156
19356 16219
7762 17970
5144 18249
5866 18012
4334 11696
19977 1159
17554 13239
1450 3533
8316 16359
4531 9205
6090 16798
720 18485
10468 18089
4319 5622
3932 8503
5086 7982
13279 1332
19309 4734
9600 10455
3395 10326
6381 17589
11862 10484
19472 9975
2122 10714
3292 15610
9477 11268
5977 16232
17372 8133
7368 6201
3936 12774
19852 2174
11745 15797
15075 6347
9009 19101
3117 12476
11194 6372
4124 6602
1308 4790
4863 332
17631 8902
15701 9469
8699 13419
1411 14663
13623 12253
14592 19860
12709 52
9351 7151
3560 19968
14485 18871
15483 5210
13239 8479
2488 18008
7803 2937
14865 1649
4059 10295
3187 16249
17957 15234
16197 85
8521 8664
18587 11601
1182 13249
16771 19333
17996 8858
7885 19155
5102 13639
14079 1058
18912 6719
3314 13360
2966 15051
15569 19297
11442 7571
10188 15543
18136 8069
2038 9531
850 12143
3402 19370
4015 14041
4372 4355
4658 129
4031 2502
7822 9443
19388 18565
11568 18199
12676 5397
4022 4238
9626 10153
5571 7020
3364 17502
12482 11581
17386 9676
1056 2695
6523 12924
18108 19633
18663 8190
4957 5151
2451 4406
2772 528
5117 1678
866 2484
16701 18654
19694 16909
18820 4975
17749 7600
18399 5143
10345 15628
2703 13136
7627 7145
11930 1602
4106 17878
11616 17173
19835 18668
3893 13580
18282 15338
12534 3738
19472 9233
18872 13126
18805 7854
2768 5199
646 16517
19655 2117
11366 10608
19782 17563
2191 12741
2617 12291
13163 464
16624 17941
18465 6549
1986 19452
17039 13732
11195 12463
17725 1978
2163 8469
6473 13841
8941 16825
13951 19332
11227 6234
18632 5669
13476 17834
5004 11569
5743 14646
11717 19285
10762 7440
6593 10955
15190 4548
4499 13385
18287 11578
13887 1334
7586 5502
16706 7963
11700 6179
15061 11841
737 15898
8966 5062
9822 9058
4308 11572
17843 13259
14184 4271
14505 10750
13025 2357
15376 13905
19221 16111
5784 8774
5950 6440
3993 2653
9816 10205
621 18420
8864 6198
1004 9845
9987 14015
12914 5638
12875 3130
7651 12827
1057 805
400 8910
3492 17384
3042 13480
8837 1815
15066 7370
17759 19718
7598 7675
7375 13172
11234 18872
5419 12292
11279 4353
13813 4029
3920 16776
4312 17414
3264 1796
10726 1514
14850 4863
10663 6380
3512 19997
14791 13371
14466 5629
18687 5416
9617 5192
12248 6279
19727 9692
9416 7374
9049 1807
13916 2667
19138 17338
11832 6599
923 340
11043 18678
8244 13654
13224 1584
9852 7544
14406 11889
19342 4609
4988 4293
438 6390
11406 6194
676 14567
16921 3785
12256 13509
902 18782
10431 17227
9795 19593
7665 10823
17442 4947
15507 13742
13450 7980
10727 5356
18102 3845
4389 5547
11089 10364
10343 13946
2684 3995
165 18758
2716 16364
12657 16301
16153 13831
17521 17657
14120 8708
1783 18971
257 3817
12135 9698
18188 7140
1563 1662
11309 9287
18266 5060
16808 3959
12674 58
5828 18366
17070 16945
6552 9882
13889 7082
19249 1002
18604 11168
3427 17018
8202 2659
15285 8512
4165 16972
18948 13504
4842 5583
2654 11640
11528 1711
12776 3036
3861 2036
16672 19212
12402 602
16108 18650
1646 18623
1938 5673
12316 11535
3813 16764
12402 10760
8059 5216
14273 4814
14868 4377
7375 36
1131 19822
19945 11950
16856 16487
10667 3278
3349 7384
10548 778
6283 13134
10174 14114
19489 7666
14392 2761
10994 19085
1649 10996
10384 5800
10969 8438
5795 6508
14070 19443
4384 225
11574 19274
14774 17736
16882 10172
579 16646
3640 11010
11021 13771
7538 1337
5417 2531
14773 7003
19430 752
11484 2888
5117 19224
2753 471
4858 9323
19383 6996
12829 19508
18962 18512
15431 10338
944 3628
11587 7445
14517 7764
7378 10620
6611 3794
11745 19045
18760 10247
1212 19514
5879 9395
4963 13890
2052 3798
3383 19264
7546 7586
15002 11873
6491 6756
11374 9232
6505 8538
16705 19451
5388 14745
5245 11776
7338 8885
3406 2193
7703 4555
5644 9657
155 13864
6227 11310
19552 7040
18006 19171
382 9677
14607 15422
14096 7217
13944 18236
10969 6177
119 3165
17438 14962
2335 3595
9689 10541
16724 19959
5998 9713
2630 16977
10717 15968
16858 18168
19430 7834
11321 4150
3732 1120
7541 5351
13058 4716
8481 1725
9749 9809
6503 17583
3862 13138
3628 18530
5699 19286
15696 6561
7038 10609
12493 10128
3368 7280
17520 15418
4476 4742
744 2710
2399 8591
13604 10197
6479 16204
7882 9163
13189 14615
18853 15260
8417 6830
2439 4631
18844 14635
9757 13478
1180 8407
15274 10807
13888 5824
16874 17533
9807 18170
10577 4413
13123 10208
13372 16528
7799 13625
1786 3761
5828 103
5691 16697
11509 6671
9028 9623
2120 9247
11934 19998
9436 8619
12447 17000
16808 2836
17138 14546
11112 2735
17964 16151
18064 6876
13237 5380
8734 19198
16096 3384
3810 10225
4166 15301
10013 6490
1394 17220
4547 2316
12526 11248
19246 10793
18341 4920
17561 17117
18515 19096
6230 18736
12176 8653
404 2535
17538 11443
19135 2745
13883 4785
12500 9788
15772 3330
10945 12545
16325 8021
4541 16752
17721 13980
14978 15859
3109 4190
13462 12624
11687 17154
9492 10540
3909 12067
5137 3033
5151 10409
5324 15095
6431 14211
6337 8132
1727 7050
10382 4634
8163 6290
1387 12787
16708 12717
2107 12625
2035 13190
11249 13616
10453 7859
8908 2993
12787 6388
3999 17323
3134 3591
13207 4211
10890 4467
4976 18947
5037 16162
12246 8248
4274 12390
9852 8674
19627 1831
2350 12271
15124 8791
11073 5434
2044 8219
13938 8280
11506 13386
211 13337
16310 16399
10138 8114
16021 13605
15624 13270
6809 10141
1320 13829
10716 8636
16610 9943
18049 6530
4460 15352
3669 5094
12995 18028
7625 17758
11047 10917
285 3418
14205 14402
4275 19480
10520 5048
9495 16185
9275 17388
11169 16427
12378 16017
182 9543
11494 1719
13971 5377
1245 18528
2321 14052
12532 630
11239 7136
17317 6040
10152 8705
5541 6438
7380 3370
10518 8154
19314 6283
7655 14472
18259 8952
995 6296
10517 11157
18979 17077
1290 17550
18491 8148
3904 8500
12181 4953
1004 14093
3808 461
13481 15589
1783 19098
819 6584
17168 3872
19236 16723
8756 12822
12479 5543
18413 13228
9333 5903
7100 7081
1610 2155
10422 17141
4412 12235
3704 10237
14861 8001
4015 8819
10859 19954
10984 16698
2971 15483
18936 19823
13275 5573
17008 12682
3157 11976
5515 5664
9135 15491
17619 8754
11632 5174
1175 337
17617 6826
19344 3145
19265 12932
5975 3546
14215 5748
15438 5435
14392 16140
17749 3404
5362 5205
18161 17064
15384 3806
13989 1402
14491 19917
18529 6232
1526 6947
10179 19641
6385 16
18536 14363
4748 11524
17851 19808
8212 1842
10534 8526
14253 5944
1725 19529
6651 11968
16246 12107
19286 18717
17721 4564
5882 6519
13389 11393
14800 8209
12198 15906
15973 2052
1713 5010
7924 19077
15331 3779
15298 19930
6102 3569
6510 18382
10605 11398
10119 1252
16972 13069
4556 2982
15479 957
15704 14193
5849 5958
8083 6639
15532 15444
6673 16593
14364 3641
11116 16669
11508 16109
8439 926
378 10178
3107 12436
6853 16155
9675 18383
10116 10113
6060 14803
9952 14078
15311 4833
5163 15540
17756 5402
19947 6114
8043 18101
10838 18103
2712 658
12926 15155
8028 223
18372 12592
1401 10411
19955 13587
7272 14988
17659 3575
2945 16267
13588 12528
16421 17722
17596 10149
16364 18824
62 18948
11626 14651
16876 10599
17159 12005
3380 9586
696 13444
1749 12475
833 11096
19051 1859
8146 16296
16829 9316
19934 13429
9539 4573
17801 9600
18628 5856
12343 12754
10624 14191
11625 12398
12667 13129
12461 19578
15828 15994
737 11536
18269 11906
14549 8138
1286 19573
2728 19152
4595 3876
5563 6922
6244 10841
17151 17416
10969 3512
11848 12349
19914 13530
16849 13130
6185 15408
11579 9860
12974 11603
4402 18191
16500 604
12114 7542
15298 16955
18464 12517
15285 12374
5868 11657
1200 6998
19151 18965
8587 17765
9999 16642
12080 7878
19608 1007
19769 14095
4258 9690
2429 6764
11942 12324
2066 6836
1941 8941
15372 4015
12195 18854
13584 5064
4759 5805
1410 2801
10598 9667
14708 9965
19368 16227
14080 6417
7303 2245
1478 1472
6891 12910
56 8277
16034 1416
12985 13789
1565 17399
16397 6655
99 4169
15716 2333
11959 3252
469 2103
19135 5609
7283 5498
4921 13598
7410 4562
3172 17740
1869 16381
6188 18429
2201 17821
3272 18586
7914 14421
8813 19010
5264 15800
4222 18816
10617 3444
5572 19413
12403 18393
7535 11570
8216 19521
19932 11928
13702 7350
14561 13881
5407 11807
19429 16664
8702 9295
19498 10924
16982 14128
9781 10773
1752 12071
6455 16544
11023 13825
10489 3509
2954 5603
300 11821
4339 13807
7239 13566
7219 11771
13479 15803
16301 11952
16585 8763
1229 134
11002 17663
14880 16050
17020 12447
10468 4448
3800 7900
17915 16846
16272 19410
16187 19658
6748 15147
5424 9643
3645 12666
11259 2397
17393 1561
15856 7171
1061 2021
17573 14251
4658 11402
19704 5654
2181 8824
1939 17786
30 6091
18034 14826
5145 14312
19188 4243
10559 8658
9354 11845
6345 8082
19975 15729
579 11332
19261 6129
4381 4475
15243 16706
9224 453
75 8098
18216 11367
13513 435
8907 11254
13039 19538
19946 12419
2795 3718
15730 8970
1226 12043
7824 5150
15719 5447
893 1601
7443 6077
13616 17633
11224 9605
17441 8212
17923 14067
7921 47
6070 7789
9681 14352
4086 4242
17801 5694
8335 8869
14882 17285
2855 1805
15291 6161
9508 10201
739 155
523 1055
2434 4176
10327 14348
13866 10949
17502 12469
2684 3925
6374 17093
7027 9301
15459 13142
3662 7712
15059 5581
3385 19054
2513 9570
13864 6222
13633 11471
9453 9729
14493 15681
5216 13280
11111 3758
17103 9374
17834 16460
17231 13941
16374 2363
1943 2578
12770 3815
14049 7014
17370 12881
14306 8319
9240 15776
2197 12804
4483 8264
17798 11062
14790 442
10266 3469
11701 19295
18903 8204
7805 16432
14115 960
378 16552
5345 10504
16174 15935
9219 10622
15567 19204
5695 1361
7907 9602
1809 16993
3902 511
13896 14170
1506 7667
2334 3215
11472 15911
15397 8339
1963 15798
13131 980
10764 4378
18092 14278
13484 17902
2520 15180
17963 4277
19795 16583
13088 13195
2060 2408
15307 19755
13848 13057
18643 17713
4277 11066
19920 5408
9373 10278
10037 19953
10114 13011
649 19941
19984 13461
9744 15144
19909 18158
19111 19725
5482 9740
1926 16083
6479 15508
4658 15005
3083 8078
17015 1950
14273 12861
5571 6727
10121 9884
10884 5053
543 12873
11311 9365
16781 1345
13299 18308
12237 17863
12066 10023
4639 4280
12321 14527
8166 1433
8530 3542
1674 4695
19077 4800
5933 18750
5644 17032
5866 3441
10110 18658
9197 15107
5152 15721
7494 5858
4287 3131
15520 3090
12037 2861
11553 14777
19277 14901
90 17468
15648 18707
13292 14489
17050 30
10746 9775
14996 16248
6666 9187
15984 6894
16327 5935
9934 6933
10585 17767
18218 17312
10476 9192
14125 11866
11626 3334
1408 10839
4096 5049
10386 5071
16894 16356
14032 15099
10255 5528
8241 6992
12444 11737
8896 18220
1368 17277
18224 15292
12428 12421
10434 7023
10850 350
1751 11953
12017 5128
9148 4523
15054 2921
14663 15988
13225 6454
5906 6831
17076 14408
10959 10427
2425 6558
18807 16591
13709 19119
1571 11421
7337 16726
15999 3565
13361 19499
2678 3819
15917 10430
8707 885
10788 13048
16171 13883
15408 13352
13959 16441
11797 18906
11697 9281
16979 18953
18079 450
1014 11882
19991 17083
12261 15772
510 3248
10347 219
13951 18294
18780 6422
10737 8777
1312 10747
8455 7957
5881 638
2733 10393
16016 18944
4882 18638
16368 3700
8212 563
613 16976
5362 13399
11373 16932
3406 14904
7858 7192
6233 3656
18276 11428
10955 15081
12979 14586
5789 6883
2020 10002
4007 10726
6473 19497
10618 2892
14049 2865
3495 10527
18297 19298
13231 12286
15971 19886
6344 13652
94 12651
6049 14447
8318 3109
3428 9617
19713 5473
19135 2213
13741 12813
5155 8447
11906 7617
10907 16418
5958 19220
11614 6349
6423 462
10915 1485
5990 17944
17159 4958
13370 17886
12298 16519
17667 11951
4656 4914
10620 14208
8387 5087
17256 14965
11937 18437
3732 12252
19585 9485
640 14986
14619 11069
15488 15680
17259 2985
4403 1043
12368 17504
15926 9372
8374 15381
16759 19682
12212 12026
10759 7514
8592 10579
18984 8547
859 19145
12413 2498
11656 18572
39 993
10992 9408
6547 13497
7894 3187
17118 14043
2236 16328
4380 2562
5240 18468
15994 5388
427 11223
14305 4643
8922 16874
18000 1003
14366 5394
10986 1530
4892 13183
16993 16074
10400 8954
3986 16002
12655 9131
8650 771
15944 16937
19065 6050
1308 17222
3438 9888
11840 14722
4815 8213
4388 2119
7108 8597
12829 2108
7442 15297
13977 19364
13971 18225
18235 7360
19023 3393
14704 7873
18124 2507
3594 5978
6606 5948
8127 517
6651 17648
13692 15240
1066 27
19782 9616
14226 475
9733 11790
11724 17372
11630 1550
3542 3014
13538 5831
16981 17030
17906 8727
19800 561
17460 11116
13233 16201
19892 11988
19176 4252
1217 11037
2184 16286
3061 3892
18063 16599
8574 15539
9049 13514
10623 19157
7396 14101
8355 19625
5803 4464
16000 11238
15470 8904
7665 14044
1336 11822
6651 17197
3446 5559
16891 13054
1839 8998
13735 3409
18840 6536
7925 6880
18185 18398
15504 13728
5788 19737
13896 13592
3907 9104
13937 3976
5243 5130
16269 18614
120 2841
8762 7913
17327 17459
5684 10317
11919 6184
15370 19230
9872 5878
10386 16734
19060 220
5117 952
15982 3362
15512 12269
16236 8608
8544 2001
9064 19753
12537 9292
14347 18686
18792 1581
9682 18800
16513 4073
10922 5311
8996 6926
3383 12790
4157 8397
5636 9160
1714 6679
16471 1512
11198 14976
14723 17144
18322 14388
12856 7909
19757 2077
13303 4109
13761 12763
5766 11923
7611 13408
16686 11888
7808 1384
12716 12865
18074 18631
16305 19668
11565 19031
8538 3056
853 14100
2543 6619
3163 12514
1106 3153
12995 12534
13981 15939
3651 17019
16305 16938
18909 15550
7116 5465
9046 12413
12863 13396
17692 2957
4666 13306
13586 6934
15568 18532
15563 3338
6027 18669
19190 14264
7813 15453
4805 2460
4312 16928
16314 5154
6538 14894
16260 3701
784 13685
6568 5863
13944 5493
7395 2951
14048 15109
7815 9462
8339 1162
5432 14475
19546 9609
2772 13435
5512 5309
11904 12273
18557 10216
9478 2879
6974 15884
4094 11817
13762 9782
13521 14219
7183 13418
17110 10441
7200 17803
833 1615
16256 2296
18101 16143
9223 10576
14979 673
12508 629
14773 11818
16035 18924
10250 366
10922 5183
639 10457
6636 523
12948 7698
13471 14136
9807 16995
13489 10765
2456 16494
9344 6460
14283 7107
7711 19175
10410 4369
14706 6838
1925 16866
12331 11658
19250 16207
17037 17929
6656 2658
16447 6022
15159 13826
15656 3027
1106 16165
15740 5241
16567 11098
17717 6034
10879 1346
17253 19481
7263 11741
10493 6661
1841 12173
269 12703
18981 7644
11335 19586
19995 2350
2302 9470
8063 12313
16115 16661
3494 8422
18900 15585
16392 18882
16382 10531
7010 6418
3199 15528
18085 13405
13107 722
10781 15171
3983 7330
17591 4753
4295 1199
4399 12177
16556 16233
6826 13082
12246 18785
11972 18237
9463 18339
6979 17947
1639 18025
11876 16226
3558 19017
15177 9993
5274 19887
15199 1350
7525 16278
15024 2310
17716 13282
4069 19951
5952 9588
16869 14735
18622 14200
19031 15112
6134 9832
13009 19182
11118 11252
19769 7324
12156 1658
14363 13087
14804 5941
12447 15793
11508 15104
6275 1496
5671 19112
13619 10791
10406 1336
4937 18235
4555 1667
10312 6692
11756 793
10255 17560
7512 5451
15014 12428
15393 6813
18743 13001
3796 14444
7247 16374
18663 12815
5530 15757
18583 19305
5361 14026
18218 16110
1109 3253
18365 5518
3368 10723
3213 1734
917 8
16301 3636
8700 786
16955 11792
15263 121
6730 13157
9561 9009
9003 8276
5595 8483
17667 19360
6624 5693
4421 18183
17194 17763
1205 5407
10659 15737
17719 7132
11543 1153
18271 2650
15323 11697
18598 12587
14841 9727
5450 3085
17363 867
6461 745
7612 7569
11299 8901
5835 12404
7597 6625
16759 17864
15104 13653
11574 9613
19376 9977
11257 6607
7300 10975
7328 13962
8592 5163
19329 2901
2646 12346
12676 8524
15979 17256
16757 1135
14283 18330
2413 14433
14671 15564
10342 1401
9539 5058
5297 2136
6755 12205
16052 2061
9807 12594
12810 9477
14358 6841
12614 11826
14123 4487
19451 4493
6238 13369
18609 19205
6951 230
2341 11375
12268 10007
6220 186
4201 12105
2587 15069
4937 7246
3828 10166
8028 7597
1156 3589
17044 2825
18504 7625
3539 7568
8430 11028
11507 10107
8252 910
15730 449
4865 19253
7530 5833
7820 13687
726 18601
9221 15747
1942 1083
3758 10249
748 6828
7933 8015
6060 10306
7664 11128
7313 11164
1861 6946
17575 1074
9112 3895
16509 5362
3487 1088
17036 10910
6411 3653
12205 12970
13691 8585
17555 8529
14354 3884
18170 626
15749 19211
19554 16121
17326 1938
11959 18721
15611 15443
11472 17049
9279 3648
8132 16354
2566 17426
4634 17326
14381 17460
15621 1632
9180 633
18722 14501
6021 7471
19190 2575
4365 8488
2634 6377
3871 6862
10632 5294
5311 9819
2926 12288
19403 7724
3754 3952
17160 7728
2145 19502
10567 15512
11977 16567
12899 14055
3285 9835
19991 6118
13199 5979
1914 11083
13567 11341
6790 131
18606 6958
7039 9490
6114 998
17151 4216
19839 365
13140 9992
16276 12870
9369 17097
4956 789
10562 9362
9949 14907
10550 9073
13981 11532
14911 17654
7608 11948
12577 11151
16659 14883
8914 15130
8028 16167
6244 888
3364 16805
3894 9969
3923 16285
12660 8199
16224 3825
18322 10537
19982 8687
8444 502
7693 7061
13287 11219
1939 15557
118 9438
6505 15103
411 13573
18066 18888
19290 14145
12759 6893
11842 15918
8475 15687
4743 17487
8529 13666
11455 11008
8762 17176
19568 13357
19498 5981
19077 16639
12265 5767
8742 17539
1450 2132
15291 3136
17486 3098
2884 17605
12685 18090
19656 15659
1410 7604
2704 16415
17809 117
1463 1886
14445 17473
551 8092
2649 14926
2454 14601
16424 16133
4595 18794
19719 7537
12395 719
17654 4374
13696 15244
1649 5023
12685 6345
390 13414
14801 17406
19414 18100
16257 9566
5130 8259
4221 5868
12639 3412
19150 14213
2703 11619
16906 19
11431 16180
10726 12738
13689 4007
9112 19613
18998 7258
9707 14665
6593 11328
8150 819
16187 19252
9469 13990
2800 18107
11745 19757
14592 14482
12366 4354
12756 17874
6715 15500
15133 11240
4109 4036
10491 8241
4827 7575
13440 917
16116 15826
11914 6423
13038 16330
1167 7748
12389 2775
18720 14076
1592 12999
4509 4152
9205 10909
12131 5730
5230 12963
4081 6379
6218 6217
2819 4510
10851 7223
3634 10112
5379 669
10166 13488
7010 2568
19841 18367
4353 16959
3185 6895
3499 305
4666 19768
16690 14537
5512 8497
16242 19661
9227 455
14487 15177
4604 6020
10280 13584
15050 959
5166 19337
19296 16100
14404 443
10348 15880
4102 14917
1512 12992
12113 12455
14809 18144
14386 4382
11792 5572
10386 386
15799 3478
1242 11016
18698 6068
19311 5879
7607 3972
15757 4783
2336 5674
10839 12848
12444 2676
14606 19883
17780 2688
11384 15053
17278 2246
19157 3783
19152 8722
7723 13479
16140 5088
4663 13146
7425 3731
10567 15204
11508 11870
11796 9697
16634 15316
8175 6106
14471 7046
8680 8274
18774 4617
5609 9565
12403 3978
7982 14006
10089 17912
4342 18313
13127 3239
11615 6683
17835 265
13279 13084
19932 8024
5743 4533
6527 11632
801 17436
6253 11549
16692 5825
4283 13296
18356 12219
3072 12016
13547 1317
3299 10891
13445 14424
11564 17872
4606 5752
11548 6128
8356 9973
12759 7520
19479 14960
3796 1123
4164 9656
16523 16042
10851 9383
503 16515
6827 2781
11444 14022
14132 4364
5538 2877
6308 14791
287 9691
2497 2241
11723 17037
1280 19495
16277 15834
19224 3305
12225 3482
9857 5314
1226 12330
16787 6896
17463 11789
14727 17183
9608 3272
5137 6376
15194 10629
7999 8263
4366 14244
8382 1056
720 3097
5719 2968
15404 1342
8768 6175
15290 1259
15888 11046
17867 19863
16590 10307
10619 4761
6948 15562
1406 15993
19265 72
15334 11736
124 17046
5892 933
6109 4198
18809 12731
5780 14697
5163 10862
6242 14806
5393 16545
16008 13725
14467 4367
9712 19170
9716 785
8814 165
19134 17203
3187 8420
3521 15191
11809 14148
11702 17125
1529 3298
2409 10175
14032 5034
15882 5283
16789 9373
11254 4048
13651 15023
5731 16472
3319 18648
18642 4547
1204 12098
1667 6493
13674 17784
10354 15638
3350 7113
12948 19087
3574 14343
694 16794
12437 5594
18245 18845
11189 16655
52 9296
4240 2550
1148 19217
17325 6712
9042 7941
12108 16988
8136 17924
15160 2406
19054 5704
8462 68
17791 12591
16937 17625
17790 1411
12749 3143
15399 19460
15703 19484
14581 422
13694 2260
6466 4540
16181 12200
11246 17039
17771 11256
7097 3555
4481 93
1268 12771
1120 7580
19359 1391
10909 11273
7032 13673
9602 14971
15749 480
12626 12355
17951 5350
9810 11812
18902 6705
7165 15214
19190 4563
6696 19073
4227 7853
10326 17906
14886 17910
7087 14425
18219 11721
13716 2022
6671 4301
3532 2281
14253 2099
12875 3852
8487 12554
5792 14853
5456 10344
9817 7636
7161 16092
18959 3728
11982 19763
12565 10667
9860 15896
4647 2149
11229 17279
14901 16156
7202 14450
9533 6335
15085 4827
16130 5765
2227 6763
1571 12309
13631 12155
10816 3382
1778 19319
15403 421
16504 6581
6117 13073
1743 4340
14791 4299
6386 1050
14530 7371
2883 8996
8455 13752
16247 7862
2476 11302
14671 8736
1480 15655
1988 10200
14483 18115
8112 3277
12246 235
2297 3576
7578 10039
14808 1479
11978 3850
18762 10288
11392 5625
9730 3829
5732 15739
9889 7429
9852 6520
5789 18768
17690 14258
5981 3076
13826 17753
11147 17689
9730 14933
5216 4422
19048 18955
19021 15702
16598 3392
3603 16297
985 16981
10979 5871
11199 6545
17520 5055
7078 9724
8134 18160
10195 16887
1439 18441
8790 12858
10345 8854
13808 1690
13829 18936
14482 15872
15672 8421
17337 5262
7703 18130
10307 17297
921 8403
2579 11914
8643 8475
15946 128
3890 18290
15395 8870
8497 16530
15566 5348
8935 13503
10116 15008
6432 9076
934 2328
14942 11370
11034 3383
8328 7525
3383 17914
14958 6654
6381 346
13371 16022
12152 9926
15248 19251
3327 4902
153 15427
11472 5866
10678 2431
6520 5360
19431 15549
11321 6628
13234 7750
16380 2771
700 14542
9803 9750
11234 16455
5374 12400
13931 6304
10657 11959
11790 1365
19880 11711
14169 10874
18446 5711
11114 4427
7616 7013
5562 19723
8963 8393
9702 10104
8327 18588
17524 8594
19267 17727
6871 5437
1378 9176
11296 13115
10404 12167
17389 7270
9167 222
8378 448
1308 10388
7422 11170
3011 3308
12004 15698
2451 765
2971 662
1790 19046
19792 14161
6930 12110
497 17775
9899 13120
11223 13240
19092 19147
12841 3026
542 12423
13544 11193
8059 1593
8088 6145
13931 6633
7165 16675
17506 2176
12263 3915
12265 7329
8712 10749
3553 19540
1066 17450
19297 3176
14882 1394
2914 7722
2278 2980
690 17537
16482 10064
11194 7942
7354 3585
7550 12166
4822 10734
10255 12156
13532 4233
14340 19922
18419 18878
18773 12934
18108 4875
9820 13869
583 10867
9974 8196
6746 2256
11143 6052
15139 5924
7405 19511
11371 9568
16244 14547
19154 14674
10650 9171
5455 10614
12709 6079
13746 10213
11911 8951
775 17615
12537 16790
13825 12541
12337 12810
8723 15324
6449 9482
6622 17145
15414 17957
5901 17033
10207 7894
485 4426
3890 5962
15369 16251
15147 256
7912 10252
15927 8805
2749 2400
16025 8427
19062 10117
6704 12171
19899 18557
941 4883
1258 10333
17781 12133
14273 25
14006 8459
12568 3108
16757 17374
19182 14382
6814 5691
16920 6971
13991 7152
5673 15407
8814 16969
11560 17972
9976 14969
12653 8758
5784 11629
13405 1327
7783 16604
4082 9454
9770 18793
2869 3310
15595 18405
19494 11664
9064 9041
11291 12832
13687 15547
32 3103
3695 15172
10567 5229
4485 16590
16115 4203
3533 5261
16900 7025
2259 10423
8833 2474
719 19115
135 15733
13944 5784
1320 11229
2248 9227
18358 17842
18593 6804
11755 6734
16367 7962
7413 3624
15066 14358
16741 2996
894 16037
9897 13158
8234 8070
3446 9561
17695 10179
1096 1545
15847 18079
6327 3842
12986 14496
19911 4585
19462 16691
8033 8412
11937 6759
16540 19165
19728 1301
11329 9077
19146 15230
16726 15371
2203 15590
4134 15804
8661 6487
5376 593
7150 9916
7653 12396
4070 18195
11362 5975
18304 5662
8067 2422
1926 9000
3672 8788
10724 17437
73 4304
3953 16305
646 9401
19182 10703
3572 3115
18620 11033
3828 11262
2857 15741
17446 11184
19753 18526
13575 748
17457 18065
11963 6606
8188 13276
16912 18139
14100 573
3838 4882
18149 7251
9381 17352
7205 5740
5043 13119
5512 5095
8869 6407
14288 17199
19295 769
5307 17534
19755 11154
8604 16259
2529 18477
26 452
15208 3917
7401 3606
11751 2444
448 9189
19746 4874
5882 18145
14151 16759
14935 14905
17007 13649
7914 9592
18294 6789
3689 1909
8926 8984
4870 13440
17154 8019
7901 12250
5107 14839
4355 18970
15018 15485
11359 14613
4501 7760
15556 441
9726 15001
6053 9096
14334 878
14085 15960
6950 18665
14368 8826
7669 10300
4055 9709
10565 18265
14571 18016
643 18511
10254 15954
19739 8020
2141 390
14223 929
17318 4376
5285 11941
16640 531
17192 7972
9467 9500
3508 122
10935 1276
10871 8553
14234 9920
3479 12007
18891 842
10948 6780
10489 17659
435 7634
3624 19064
4691 12742
5280 8502
6279 6722
10979 10691
9954 10640
16510 5176
8473 13256
18086 17624
2619 12677
18343 15871
18281 18052
5948 10272
895 10242
15509 6803
19988 4765
3769 4486
19692 14857
6410 8899
5993 7932
138 34
10954 17953
16885 9923
8741 15583
19207 2352
7610 15532
2730 13748
10528 10301
7937 427
3473 13340
2076 9208
2310 19501
10461 17188
18993 5942
12787 14517
6554 10151
4381 1589
9351 18309
15950 12351
525 11437
6817 13740
18533 10656
5697 16306
10248 7574
10922 13793
2886 16411
6489 11939
16058 17319
6008 19004
5935 7080
7451 12575
7703 727
10342 18419
4749 3778
5729 15122
1170 11063
3990 3463
14268 7206
18377 17190
9894 17590
5977 12328
2574 1240
19385 19964
11672 9207
11229 5599
19634 11680
7597 6442
9523 14178
19008 4296
1070 16476
12736 6359
19274 2262
14590 6043
10923 13372
12330 15030
14912 15209
7163 16640
9023 2627
10944 1208
9286 3903
8058 858
11646 6512
10312 11751
2473 18323
3809 970
11264 15333
15888 11395
17864 19093
14591 14676
18998 15518
11214 11998
9494 12744
19785 18625
6230 947
1094 19996
368 2229
18882 14911
5067 3265
6035 1103
6242 16428
3164 16923
11934 15479
13488 17920
8478 8121
1096 1471
7263 3531
15267 18861
18276 10501
4512 11511
18130 5576
4438 1206
2828 9464
9249 7368
6760 13324
2484 11798
11934 19971
9655 1140
19968 5476
13741 9596
8978 466
8583 13958
18599 898
13183 11722
12160 3855
17216 15594
4138 19146
16469 14030
713 19905
10190 10144
12366 4614
6330 11595
15493 12104
3190 15455
419 18495
12995 11937
16008 16693
4850 1461
9268 12913
14313 14000
7694 2971
18300 5282
5563 6446
10486 17791
19069 13632
11089 11314
5628 3274
10132 18781
8873 1025
4174 2279
7672 13052
8191 3336
9757 12972
731 10853
8354 1829
13264 16448
6669 14765
4632 10222
10225 11881
16924 8298
16681 7674
9871 9380
18699 9124
9826 10958
14288 6741
3662 6798
4284 6777
18603 15877
13771 11604
19426 781
12511 14164
14136 18577
19818 18226
3130 8955
4093 4873
9108 12826
3049 6477
8724 6365
14370 19607
4957 13630
5699 11003
9312 17984
2629 8646
10724 10717
8234 17908
12123 15597
2071 14234
6030 13716
6153 7508
15 7517
10214 16610
3116 11814
910 1382
595 11626
17662 18039
8569 10815
929 16512
11345 12538
1939 19369
2566 1233
17019 13416
18773 2546
543 16019
6337 19943
12845 17762
9450 17495
15608 14329
2693 6058
8382 10988
14657 6297
18513 15602
2654 15551
1658 16609
7761 16747
7274 3949
17363 7884
2324 2374
19745 9955
15930 3584
10992 7403
3165 19651
19190 19433
16781 6670
10538 13744
18508 18710
4529 18612
13816 4531
9042 15566
8718 19405
4702 8446
14303 3353
16695 8013
14460 19024
9355 19222
3137 16827
13718 10390
11279 2835
335 19643
15045 699
453 1718
2454 6974
4380 12424
15882 7248
18947 18757
16605 10319
3287 5733
4190 11584
1986 7756
8082 13571
1722 7434
6470 2220
14330 11389
10158 9522
2004 18452
16548 3140
17605 16136
19329 19827
15558 3250
11249 15082
8897 12640
2282 15074
12406 3844
5393 13272
11193 19395
17435 14781
848 14774
16168 5422
11314 4886
10955 2396
8891 17909
2972 13797
17395 12648
18848 14083
2255 11275
16359 19867
8615 17057
18515 4554
13877 13995
14119 16852
16790 2606
5339 4729
1618 15357
11520 18977
12179 13529
4696 16222
12119 19271
19376 11354
13966 11344
8350 10565
3434 4434
5257 1571
6743 8543
6358 18616
1160 428
17050 15573
13227 3399
1994 10864
341 10847
6947 3083
8855 17750
18128 16680
117 16357
862 8843
6232 2327
10650 2404
757 4591
4322 2294
15469 12733
4120 6069
9292 4664
3585 19970
10660 15477
14414 7130
2221 9136
13828 7202
13387 13757
2571 2016
13783 18472
15821 9150
15302 4371
2349 14283
4074 1936
523 11559
14160 4660
12359 17923
18722 12090
2511 17043
8052 12318
14151 1559
18715 9755
1217 4423
4125 16951
12986 18375
8070 14418
17590 2266
17801 9545
1307 17168
13696 16014
131 5760
17786 612
16016 5415
8105 19910
11650 7311
127 5966
1045 18230
13295 19665
10010 2704
12674 14369
2454 19749
870 12833
6263 8349
10794 8401
2980 3822
3913 9088
12881 14484
9755 2987
19288 19130
6069 6524
17227 11580
18122 17574
3768 4803
17551 12281
15811 5550
6185 7353
18761 6248
15693 11038
2856 14947
10707 5384
15905 15447
14490 4442
9797 9766
14205 10711
880 18822
6629 10350
18491 18414
2279 3009
1237 18459
11678 19575
15926 1521
17192 13840
19048 6305
13032 12892
13189 3374
18583 8883
18402 5853
35 13622
13141 376
19112 5495
2518 17107
17600 10472
15973 7028
15085 18563
9608 14102
2925 19714
17939 15014
646 5829
18355 4543
14673 15823
5514 17153
13429 7812
14262 15612
15139 14201
16991 9966
5379 11563
4879 19546
14712 18988
7741 8739
3911 1701
12575 10926
7966 2923
2167 14288
922 16746
14207 19775
11611 292
13656 18598
8513 13908
7186 12841
13032 16218
14068 4796
14583 18852
5648 1151
3964 2638
13032 8057
6703 15536
7 3739
16078 4762
13587 9428
16379 3283
2427 3714
279 12226
3295 11469
12146 16048
7833 14629
6152 6230
18875 7110
11157 2569
12561 8814
2822 3144
17655 7237
5238 12745
2896 19084
9741 18834
12441 13804
12457 19640
15908 6711
5410 7839
4805 16220
13186 12383
7854 19374
8380 3741
18264 8860
17535 13577
9737 19624
12933 2557
19458 11762
6275 10120
17204 12895
1355 10214
814 19967
14999 2724
727 18268
19303 15175
13379 8764
2910 7002
13993 16072
10915 17630
12735 17091
15040 19559
18911 11201
5645 8936
8335 16490
1716 8917
16142 2977
16167 19966
13816 15629
9655 17341
8749 3470
12904 3735
1800 14298
7159 10469
9363 14480
1385 12959
3689 4766
10976 5259
2082 9620
15506 2524
13326 12393
4422 17733
9854 18964
17253 18005
6458 8624
1650 14372
16688 8233
8239 9353
13782 3464
19210 17089
6192 6353
16430 11849
1909 19015
10043 10446
7561 12490
8498 9957
6469 9831
6069 11342
3821 1999
18471 19991
1066 13607
8920 2713
6329 9052
4531 3734
19135 15346
16677 19911
1652 13133
3606 14798
5929 17795
3114 8242
10342 13568
2153 12095
2200 541
11491 7452
19280 13569
5510 7207
5627 11420
18559 19348
3185 17186
8908 17433
1091 2055
7309 1957
1768 13805
11752 11431
16759 2488
2610 15123
1646 13961
6631 18524
15059 17056
13675 8978
18862 3034
4412 9924
9370 19698
18341 19472
1274 19837
12598 4864
9876 124
7635 2255
2191 12315
2926 12239
7316 14349
10586 4053
8574 12954
11715 8041
6155 12088
11627 18898
6856 12316
1436 5086
3639 1854
13429 17106
8224 19788
10725 15063
8521 5028
4070 9538
6377 17669
1160 12845
10410 2785
8181 6094
16226 12216
10681 1633
5751 15091
108 12880
13367 13152
9742 15080
8711 11515
411 19694
13949 7506
14970 14158
15238 14944
13568 11043
3894 17476
16952 1268
2589 16566
1152 17643
13062 3667
2460 14773
3415 3381
7921 15160
10245 2517
17667 18748
19365 19921
13358 2999
18242 11228
14306 214
14784 8853
6890 16921
2460 5892
8391 17337
6902 995
12475 681
2159 11719
13085 16905
17150 16478
13940 7385
8922 9983
13509 12659
9835 869
17033 15011
12196 3587
4632 4430
9610 9963
16167 5938
16855 7376
15656 5175
8226 15982
14120 9251
12549 10248
18303 19726
680 10719
16016 1802
1521 8211
16362 17369
16311 11700
10298 8527
4086 10352
7290 16997
7828 19956
11717 5195
17664 19047
4059 13785
12981 1851
11486 9361
19396 19571
7924 14204
4478 19850
16770 4230
12778 10
1854 10604
9756 9833
7937 18085
17154 5021
12479 13475
13113 19590
17692 14882
6568 4379
4605 16029
9413 3466
8554 723
2731 13262
11828 4811
9028 10239
16140 17599
11376 19577
14855 11925
1242 2161
14774 18223
14013 4640
8847 6325
12325 8205
1462 15530
19874 19865
9055 2057
4270 11522
10939 17712
7942 1432
12078 6017
1372 12656
10754 13288
6814 8515
17735 15458
5797 4602
19731 7684
406 3697
10366 12434
16924 4023
2458 16147
9239 3558
7279 10193
1239 19113
9539 7583
9840 7349
985 15887
1467 13722
9493 12164
19011 18571
6527 6000
10587 4111
15780 7746
3793 6202
15634 18087
10337 14319
19459 5854
14072 6180
16673 13268
16000 16449
3727 4193
1658 110
2958 4954
17227 7319
4496 4140
15919 10631
19267 5075
19587 13543
956 3963
1956 16851
17470 257
14726 7779
833 17634
7159 18163
2016 4951
4475 13485
7608 11537
3069 18442
17520 65
6243 13178
19554 13378
6062 14699
8437 14476
2408 12879
15083 9181
18591 7381
17332 2399
17000 10071
6522 13939
8573 3474
15370 1399
6015 6323
3700 15255
3202 5522
7163 10492
4014 12185
11433 1034
15718 16611
5707 7955
9456 411
4568 7611
18720 389
5469 11501
16941 13743
5515 1907
4173 9200
14288 8881
12395 15321
14535 2152
17413 3006
9440 16221
15014 3689
13974 16586
17838 3460
4952 18015
9530 9024
3894 5036
13272 7702
7945 66
7202 11296
16390 11693
7783 2786
12028 4787
12905 14572
14567 16668
13148 3154
1341 6275
19407 11748
19494 3888
12246 19604
10884 8188
1385 11915
17778 8244
3185 12888
8907 14176
1982 18194
10785 9919
7163 10229
8024 9554
32 11518
16452 396
9819 1398
6663 12835
613 5928
3376 19909
5305 9288
10156 1111
260 3814
12237 7729
5386 17317
5554 5636
3831 6261
359 17380
9024 10802
12988 18742
18289 11049
2119 15037
18670 16241
19987 1779
8071 6213
4756 14726
19031 8575
8507 18940
6790 8746
7814 2927
11053 14404
14282 17116
13935 17139
3960 10076
18092 11852
7321 18302
19401 13031
579 4930
19985 6667
12021 8698
4211 6354
1419 19011
8789 6452
3072 11498
1217 4184
3125 7338
18311 4856
5418 12988
9463 4971
13371 16228
18287 4072
8192 5993
13003 8110
9279 14767
757 18312
215 15667
19834 10031
10571 18640
15968 16778
8115 1767
15053 10030
2728 3492
13079 6189
8652 14007
276 7735
3198 17675
7519 10542
16855 13745
5840 13093
3134 11608
3710 1853
17801 10930
2329 9434
18713 13767
4574 13254
17081 5132
11342 17931
4166 17239
3558 19116
8154 9048
1609 17187
17468 11020
13332 14389
7175 3410
12993 14595
14510 12382
16238 9162
5738 11924
14464 12327
11660 3182
9772 18549
267 10145
9255 9486
14247 13454
1284 10610
12411 17949
9299 14553
9912 5820
2316 3256
14789 2464
11836 1570
11586 1631
2624 15471
4440 1010
16126 13168
358 11589
17331 7775
17647 13927
5951 913
6919 1533
19997 1084
12430 3408
3927 5387
12196 5225
9410 12912
12885 1519
16824 8115
517 17847
16226 16422
8755 11093
5206 3128
2777 11330
17381 2972
14985 6249
558 13469
13984 12003
438 19926
10530 15751
18842 6976
1346 15025
16792 14641
2962 10890
1480 9839
16426 1189
16735 10865
17748 16891
9044 6532
14149 3885
4937 8963
7722 2536
19778 10845
1674 12607
2626 6985
5438 18445
11780 16695
15368 18032
16063 12237
15381 2840
3742 4679
16479 4964
11194 10315
5135 3377
3292 16623
16294 17005
13466 14331
2458 17808
10263 10880
19344 16641
6910 14196
10110 343
9201 3809
19473 250
18727 18985
17151 1846
1320 8828
19911 2727
12376 15838
4337 13631
4183 14197
5566 8565
3426 9672
13735 7879
7172 12018
9132 17960
3960 7601
14758 8632
15360 19820
16768 16045
7866 6746
18754 12230
4754 251
14681 5726
13983 2594
653 10495
17386 4180
15054 3780
10336 14603
4474 16403
17605 14509
3422 12977
10818 3757
11161 145
15375 10331
7060 10794
9793 16509
11105 14590
4267 13053
1751 1415
7034 18321
1850 14695
6053 1941
15 5759
2583 5398
8638 17422
13944 1004
13874 13049
3180 7806
127 18635
368 18895
14933 6647
11729 13549
12591 4906
2167 3231
19674 5712
6328 12823
5060 11454
2938 13974
6789 6796
3961 18447
9610 4237
16331 16412
9432 17062
8313 6200
16677 3869
17644 10162
13283 12578
12025 1452
18233 11099
16853 15495
19203 11019
18000 14417
10245 5644
14716 9704
19223 14240
7423 7633
619 11061
14116 2804
17575 7049
10403 15423
15067 12080
2979 13188
10000 6824
8188 15329
864 15927
8076 16856
13840 11448
2586 2822
18658 1681
14228 19140
18605 16435
14400 5460
6069 11218
10266 518
19746 1692
14255 6700
1280 6525
5419 15608
4137 11702
19565 18147
1656 15750
4887 6291
17713 3666
11743 19864
5475 10244
15839 19393
6655 4605
11951 17665
2038 6704
14675 14705
938 18143
6754 5781
3562 8157
1943 13938
15699 15402
6026 5124
14233 19807
17446 11265
16473 11709
14507 9327
7974 990
10859 1586
13316 11197
8838 7545
19911 18629
9568 4594
14019 2904
2976 508
19332 13325
10652 13931
4081 14887
3611 4282
17275 7320
12199 8578
16100 16630
2764 19831
9448 9540
14471 3112
7551 14345
11245 13858
18237 17548
16100 9053
3442 16927
4407 8775
3149 2
8858 9945
12327 2239
11608 13533
1991 5445
6831 7893
5822 19754
11021 6309
2541 12828
13743 9739
15339 10240
247 19352
12361 2171
14285 9418
19971 8417
16807 18792
6655 11887
5788 3873
7620 2041
6151 14968
11221 6816
8117 15980
15963 12359
886 10875
9153 12386
10306 6420
4632 6414
9076 17017
19683 16772
13996 1685
2362 8733
14177 6081
22 8129
1427 11990
3679 2003
8831 5221
10368 18685
6982 2489
17101 1293
16337 4517
6552 3733
14281 15941
17995 16188
15936 6624
5806 6387
4913 14141
2834 16299
15173 15181
18790 18729
13991 4842
9112 5018
11734 7447
14345 10412
18583 9872
17721 13835
16331 10589
1 2728
3929 147
167 11017
485 1598
1160 13656
12592 10185
18920 8628
751 19539
19342 12372
17702 14398
15953 18210
9192 19457
9499 15785
7113 152
13294 10928
19911 3367
8317 4681
16934 17650
6308 17114
13454 3994
5832 11648
5095 13833
4239 14769
2325 5728
11892 11611
2866 17894
18900 18724
18904 6167
3824 18182
3803 1814
8828 12332
19430 5404
6414 5639
8086 5386
1825 3491
19338 6134
2229 297
2822 14515
10540 1038
18259 1181
15688 10972
12862 19469
19010 17124
1968 4924
17975 13398
4704 8123
10767 19551
12821 1322
18737 15182
3504 3088
8910 17169
6284 8392
14530 17407
3026 10052
8114 10095
3624 1694
14386 12152
2608 2964
17522 1997
7782 12722
18682 16792
10193 18660
17970 13848
14785 1202
861 16892
19777 666
13547 14863
12885 7565
11199 2157
17166 19710
15118 14679
12266 13643
16690 12496
13586 8179
1683 18673
17773 2826
17781 19365
7146 10766
9355 2703
4805 1656
12372 14852
7361 17626
13168 13291
17798 5809
11709 15259
7901 11103
15011 19929
2368 17782
16075 132
8936 7881
14484 9546
4409 1319
11021 8521
3367 9398
2062 3686
18812 11203
2802 13836
12752 10006
9819 10021
12097 4648
2372 9392
14817 12391
5542 16994
11977 19769
12682 4940
11089 8072
10408 7736
18207 11543
15839 19512
16380 5453
1542 6054
3365 16440
16552 9627
15311 15902
19741 14649
3285 2104
15659 60
9282 733
11639 1313
4962 13339
2584 11058
3459 12802
7598 6973
9245 6277
10845 2125
12327 9166
965 14051
488 18896
18992 16551
13316 2694
19182 328
19152 5731
10574 8673
8582 19412
8926 16005
2695 6273
16185 15393
18962 10660
18632 14625
15734 14973
19882 436
4956 14560
10538 3839
18551 12417
15982 6979
2520 5489
710 16581
414 2908
11255 15121
6875 13703
16871 12066
16005 3748
28 18243
8338 660
14062 13815
560 7755
4200 11752
3314 13013
9538 15963
9679 8552
8938 4117
8673 8679
207 14091
5118 5194
71 8007
8646 3679
106 14685
10336 10337
7208 5105
17932 15361
356 12971
12269 4872
5257 11892
927 16082
6874 11371
2785 969
12149 227
18587 10965
1120 18432
18962 10449
8198 17165
2111 17008
19377 5658
6655 2002
16787 3032
10595 10638
15186 4122
1912 15767
1683 16235
12347 6475
16145 1130
322 16153
16996 15085
18524 3622
7240 11592
9841 19169
14238 16618
771 11380
17616 4720
4802 13865
6656 11404
12594 10789
12394 14353
13288 5233
11393 8224
1454 19266
12328 10953
12314 15198
18119 1638
11686 5778
9633 7856
16971 17042
10419 16812
10495 11863
17793 10984
484 3337
6463 14189
17939 16209
19214 3450
9798 11917
15651 2988
8390 344
19472 12859
14986 10367
14959 9501
16075 4622
20000 14290
6160 2172
3168 4251
3699 324
5533 18278
7889 6039
1436 9946
10525 7809
9016 4298
17259 16869
8393 4494
3317 18987
17931 11729
19656 5713
6886 6898
12753 17075
2992 15719
10518 16649
15110 7342
1269 841
4547 1625
19589 13570
12133 17939
2527 13636
9458 11095
7893 6396
8706 15578
172 5890
122 10266
732 7409
4531 9778
19269 16006
4513 6990
6972 115
8755 14434
1481 11261
8921 11222
5414 5685
13754 17345
8522 13693
2005 8913
4509 11290
735 690
16361 12840
668 18576
1133 5950
3953 11343
3714 18213
18273 8825
19966 18556
2156 11630
4899 10215
11143 16230
10132 3964
1308 7526
12281 11110
10510 8891
1859 10365
11952 1640
17110 7009
4546 15648
11229 10434
6807 18928
6591 309
3518 7733
14192 19945
12789 8549
12085 1885
11686 8831
17615 15016
9722 10871
11688 9276
17528 12172
4221 8342
6831 16605
12156 1669
15936 13223
1849 15727
12765 6007
19070 15094
12037 7071
11362 19334
19431 268
7320 8893
11389 19648
11748 7627
3974 9694
13384 9968
3713 1330
1997 9220
13583 7875
9702 11746
10955 11909
2992 9660
13413 12460
4082 13884
14779 11837
13925 9079
13445 12373
17247 9789
18144 12344
7404 15158
19116 6980
2667 16186
6963 4246
10720 18376
4337 2424
6956 5663
18971 231
15361 13715
5461 16159
14855 4185
7945 9093
9473 1803
4340 14709
6474 8134
14323 14584
6167 3796
17341 15310
5823 15337
6937 6931
13753 7706
16132 6307
10455 9377
1190 10140
17829 19677
7263 16386
5219 8803
6223 16982
17561 14004
4750 9664
3062 15558
16110 7786
8366 13984
4531 4205
9782 865
12127 17293
10646 13967
18614 18356
15819 9275
2007 379
588 7294
7925 5686
11658 14359
9096 14596
11506 15875
12511 15907
13025 9781
15701 12896
10637 2004
14151 15251
5241 16206
15962 3313
7468 12456
6859 13772
10964 12653
9475 1463
15698 6014
4120 1896
16521 15044
12199 3495
14967 1983
5078 8668
1513 11153
15777 5494
8400 19931
12012 17115
2296 14812
9730 4320
14609 18066
19112 4501
11872 19676
9125 17240
13240 11565
625 3744
12765 12836
4018 18723
7304 6484
7023 11466
2637 13037
257 2646
224 14698
7968 12557
4326 17048
15349 3018
7442 12093
18413 18683
707 5561
15718 12261
11218 11867
11384 1728
9365 5780
13063 12986
13674 16307
5590 8333
4483 13424
3748 9595
6850 19052
4010 2139
246 17557
9372 19368
5842 7484
18515 7608
11507 19553
5003 8903
7609 17698
18264 2453
8987 17567
17240 11704
3740 15861
2668 18438
15073 9265
16439 4264
10434 11236
19984 10688
6230 15404
11384 2346
18754 9885
13194 12130
2295 18853
1314 4425
11580 11676
14527 6031
15738 16788
18567 2930
19244 3438
11073 5741
6508 15879
9295 15358
8416 15434
7137 7918
9500 7978
11717 17105
11384 8562
11561 540
11547 16345
3608 12512
4500 15420
15588 2583
18017 5813
12504 608
12638 6877
1212 15243
19696 9005
7263 3604
16397 15449
1585 19895
11746 15770
356 13295
1308 10245
4723 12762
7938 13686
2457 10863
1200 6829
15541 16034
18791 10111
11241 17516
7348 9754
15648 6447
7790 5200
19728 2143
4628 11846
2309 14750
14430 3933
13192 14324
843 1098
12337 11506
39 4997
18013 14545
8024 67
19016 618
422 17359
3256 15194
2715 16908
8826 3562
12364 10131
3427 4161
6384 15472
19278 15229
893 7137
11234 11198
411 12343
16226 4727
11849 9746
9181 19635
10984 19567
11129 9
1004 2599
12180 17952
557 19975
4639 6539
12787 11133
11252 8119
2901 13219
5787 3054
12327 260
7894 7876
15447 1201
15657 8234
8059 839
588 19919
1470 12685
16193 12370
8095 13481
11411 4332
7577 13232
6069 13754
11107 5492
9064 11898
11830 5869
4798 1302
8004 18172
15573 15955
15385 967
9449 14163
19923 14639
9722 15869
14790 11836
4547 13100
8252 7222
11611 9622
14045 18671
19138 18413
19310 6853
1128 13465
5025 11247
5102 12561
4164 400
8002 7996
9559 16016
1164 3452
10152 6281
6079 2455
17185 2744
5386 12795
2245 16239
18805 10105
17392 176
13826 17053
11246 191
14399 17497
983 16667
15321 17462
8234 13493
18491 7609
12775 7114
12376 14471
7912 18496
19909 4737
19151 17270
15586 13116
2260 458
16611 3927
10182 9179
6489 1848
3211 1211
17873 31
1657 10353
2240 8108
19354 13036
11260 8509
15217 17387
167 4031
15981 825
12176 884
3157 3711
16897 18247
6381 15576
17509 11855
7766 5146
637 874
7381 4020
17520 16468
11942 2597
1622 6936
12273 12902
11660 8056
18709 16967
19599 8301
17829 7590
9738 4016
15866 12178
8187 13238
923 9585
3882 13277
12685 1520
8024 3993
15251 4768
17494 13784
7631 19894
7225 15093
11392 14552
15646 18517
674 1137
12628 14690
19221 1890
13977 6027
4215 17009
4008 5337
19006 9547
6474 16163
6751 9280
16307 11052
1168 348
17721 14819
5701 14121
6818 3932
19671 133
19267 4149
17012 13434
1099 7172
13665 19790
16286 10042
17655 95
17697 8971
3292 14056
12750 18846
15963 972
10080 7821
12145 14922
6794 15336
18218 2450
15730 13299
6593 3954
14513 8373
4370 3713
14462 19244
19271 3894
16221 19001
1073 14379
7349 8859
6676 1526
9730 8470
9612 10689
4517 10887
6810 11012
15170 4943
3998 1194
15618 5734
16941 9020
14099 4021
880 8436
11098 17166
6021 2689
9663 11297
7852 10380
7461 10389
18661 10946
16314 6535
9748 11556
9019 6065
17575 14997
14479 17684
11397 279
590 9887
19407 12170
15847 12443
12337 6523
12444 12345
1915 15088
3364 19494
12457 2153
11900 11996
1565 13942
9689 16196
9240 6221
1308 17300
6879 4652
10042 15283
18108 4100
18630 15553
6053 3303
8191 1069
9285 1891
19190 16991
11358 11999
865 2572
5801 11531
9730 12366
4760 1976
15019 15421
8287 15486
2945 19748
4283 7761
18833 7399
2795 13347
5963 3803
12380 2169
12120 9336
16696 4209
16820 18960
12532 189
5056 13198
10982 17357
11486 2364
10020 3753
19955 1115
15115 5634
19465 20000
19897 13145
5594 8677
1912 17997
18760 8822
8346 16324
11888 9415
4818 14766
15232 1290
6366 10729
13135 3946
16473 19019
11549 13916
7236 7191
10604 3268
12654 1629
759 4725
15918 2116
14242 7408
5004 14941
5215 19560
9297 8721
17020 11949
17215 1492
381 8432
2990 16178
3056 4069
10559 5552
11087 9260
12618 11903
8303 7656
9328 759
16372 12867
12430 12034
5815 1141
4956 8823
9406 17730
983 73
5971 433
841 2030
13376 7868
13816 14202
6049 11036
3893 9381
10317 15726
6651 15476
4907 16849
5852 2966
15500 11115
175 15811
13127 14658
2013 12878
9044 6745
18968 14455
6651 4671
9296 9693
18297 5344
11501 5855
12553 18651
5599 16815
17781 2945
2540 13411
10525 8514
10084 5642
19069 18359
19668 12339
2082 4897
17741 14173
8088 11641
8502 1620
13125 5090
9604 809
7556 14929
9461 10733
13233 6097
10658 9467
12417 12131
15466 10866
1612 119
12292 7393
8936 4058
14410 9503
10179 7224
16224 3676
9526 17865
3494 14749
14773 19213
11959 17219
5895 17108
15202 1858
7261 331
4832 13196
3711 6788
14764 3245
13848 1260
4628 564
9018 16145
19021 4909
4258 8030
12332 14810
7026 15777
9404 13986
13171 19659
2516 1185
10652 3395
886 857
10114 11823
17224 15534
8269 8545
1066 6589
16755 3789
19768 8943
5436 9389
916 6378
15093 16771
9625 11710
2077 18636
19365 19681
4510 7557
3802 10297
17206 9111
16016 19302
181 2938
8696 288
3941 4879
5363 10740
5950 18434
4756 6856
14151 10497
13631 548
15674 18932
11579 17858
6834 16442
15129 6428
11919 14673
3954 5166
2197 4841
13117 521
17692 16458
7594 16870
1661 18054
13140 6135
17315 6723
13944 9286
14557 10897
12798 6710
19921 8354
3266 1592
6334 18999
10422 8990
957 13079
8704 10553
190 1660
140 14837
1984 14532
15484 19161
5060 628
5638 6046
19642 18632
17503 1418
1756 19690
9869 908
18898 7341
3250 13144
14903 7488
12387 17890
10984 4558
19365 6284
10474 7176
1850 10480
6353 11598
2901 19817
5697 8004
16542 2949
19656 3802
11398 13750
649 2660
3644 18509
18936 16894
19210 14387
2670 14945
6979 2782
16525 13050
19406 7323
1918 7336
6805 16276
12080 15395
19088 7266
10445 19390
184 5832
2538 2336
10396 8810
4460 12116
8139 5889
9499 12254
19070 1001
14487 9952
19141 5709
12605 296
3930 10588
17093 954
13502 8925
3579 14656
3862 6101
3951 15839
7524 7051
6995 4143
10771 5954
7538 11162
8233 446
2930 14889
18325 8694
15546 16182
13131 6921
3593 3554
11966 1303
6636 16678
15637 8817
9716 1749
19983 13834
3458 12427
7244 13185
3272 14392
4344 13018
10313 17151
4282 6762
6917 13615
16883 10933
7496 16021
3765 12604
15164 14638
17555 812
5956 7309
16749 6367
1429 9958
18153 204
5784 12474
9521 18277
14569 6585
10493 6553
17227 12089
9921 19916
634 18760
14846 12906
2665 11433
3357 6015
5537 9763
7546 4845
8730 13323
1294 16542
2854 14993
10568 5436
2790 7053
18024 10067
2227 19141
18850 15489
9828 7650
3508 12563
7761 16018
4284 15511
18589 8451
7752 7198
1460 3246
671 17212
13930 6555
5668 6478
10070 13308
9050 8453
12835 711
16754 1060
17368 14856
19060 3004
12869 4165
12543 10078
7441 3354
5397 16525
9622 10358
11415 9269
1547 13862
5151 457
3606 393
12835 4098
3537 6409
10476 10220
6503 7591
6450 675
12649 6486
19462 12363
17822 13442
13687 10555
8168 7090
8768 12996
11586 12757
16590 15042
8016 14431
9398 18544
4696 7249
16249 10669
742 51
4517 15584
17684 1510
7163 14303
11615 18117
19805 12290
9248 11225
9184 5302
14028 6644
11465 3358
5604 12643
4082 16053
1488 4915
18606 9949
7264 10532
14365 6668
17867 15922
13458 4019
3867 1724
7899 18259
19043 6575
12310 18291
16511 2251
4321 6451
15586 3318
1305 7375
6886 16882
16596 3693
17939 1234
3378 11989
12251 7461
19792 12960
15028 10302
17781 18281
17336 16740
7584 14464
10838 7123
19624 17058
7238 14465
8057 17472
13341 899
15995 434
17133 18444
16674 10293
843 15958
17115 8311
19912 4889
15823 11320
1478 12159
15592 6665
6069 3216
12716 9140
4233 11875
14332 11126
18379 16059
8649 3415
2854 11417
17543 1388
11776 9439
10180 18363
7296 13704
672 15412
18501 5880
15005 1464
13113 6220
4928 14533
16044 2994
16344 2235
1118 7919
5784 13009
1816 18501
13139 19189
7096 19702
3451 8928
11522 9315
17700 13705
7949 9898
3311 15304
280 1210
7496 16360
7914 15040
2725 923
10291 6182
6835 19059
7495 19002
14013 13667
1410 14490
15487 8071
10353 2645
4096 2603
4650 8343
1578 19322
1179 4894
13816 18842
16301 17501
9663 4142
2519 3918
11778 5368
11304 6026
19828 5807
3662 16941
9910 512
9934 10901
17781 6713
283 756
15061 7190
6513 11972
11997 6984
9637 2387
13656 14491
8925 16298
7341 15830
6613 19118
19114 714
14672 6465
3288 12163
1787 9615
130 8561
13452 14787
8078 6151
18620 18421
1774 1309
8207 1944
2915 3644
10098 6318
15227 1278
8009 16867
7587 7087
2257 15454
7805 962
19360 510
9536 6247
7089 17869
9628 14604
12080 18536
12238 11985
13558 5003
5016 2218
17988 14443
6492 5035
5234 1256
6754 6641
15992 3025
7167 16800
17456 10852
7492 17244
5616 19527
10049 13640
12618 8821
13251 12716
2298 19473
15684 6791
4268 4982
11237 4043
6154 3075
9581 16130
3666 2588
6620 254
1800 5998
6345 14521
12676 4918
9826 16223
6223 3225
8521 9201
5066 13225
12688 18580
4373 18711
12309 19008
12789 2031
5676 6552
2213 4998
7928 18329
4960 14692
6034 19918
299 9915
782 16079
10657 4082
6777 1877
1168 9347
7550 6056
11582 1465
16422 18397
1729 1457
6092 18684
8652 18169
7937 7068
12268 19685
2033 13820
8274 18094
9593 1821
1627 2141
2934 3002
15595 5549
253 4607
2331 2522
15866 11461
16780 19235
13163 16114
15118 12303
392 11772
2481 9769
1420 16480
8464 12536
18827 15335
16062 13900
14233 3398
18950 3945
6377 14451
15814 12408
7582 17394
15867 3723
8558 8757
5951 1186
3036 19777
1958 19750
11887 6818
4012 10085
13865 6981
11345 13016
6822 6703
14964 16467
5004 8778
642 1872
13053 9115
4508 5001
14958 9068
4675 7148
15717 17994
367 14503
3191 14927
4125 16960
9422 19009
5787 13623
12164 4383
19078 11288
7245 15526
13709 5231
15503 11883
9485 15006
4320 13362
3385 10322
573 4743
16226 11293
13007 4824
11257 14996
19505 2542
18372 18394
14783 11283
12478 3602
10690 3969
12755 7204
13484 5513
11703 4132
4104 17760
13343 19218
16378 11808
13227 14710
8982 14190
12618 7846
427 11440
11876 18786
4116 890
343 17232
1764 114
6196 2304
16469 9642
3223 5138
8644 4039
451 2231
1192 3440
4036 10413
511 15137
13493 4208
6145 5411
15116 757
14283 4973
1571 8075
5501 13913
16560 15068
4019 16877
18413 8684
10553 19268
6302 3858
3834 4289
10692 3525
19838 5256
5523 17607
18416 13243
17597 2739
18295 16408
16516 308
8775 13541
12750 8849
19921 14366
12241 18497
19384 9743
13013 2678
968 15969
19671 19422
5161 19950
19230 951
32 19601
2968 13589
15459 14746
1143 5485
10617 2438
1815 7560
17856 180
1312 2772
17352 10498
6129 15571
19681 16044
6536 12610
16247 420
11490 7907
3141 6074
10188 15995
5836 11922
8759 6223
3504 17245
11246 17825
5135 13463
16912 5925
7322 15272
6110 8441
18808 6300
9147 13583
11529 625
17784 4713
17474 9823
3193 10035
761 4990
6474 16987
6802 8346
8917 2192
4980 3120
16654 1668
2940 2639
1908 13720
7524 17644
9487 2144
1372 1410
13524 18595
17986 3329
12178 15827
796 9744
9065 8753
15111 5777
17468 17660
10200 9254
19182 2787
12338 12109
1320 10992
8631 5405
1081 19180
6839 8968
1507 18797
6557 12148
11963 6456
10431 4815
13075 15281
14156 2345
17020 11872
7339 334
1028 15938
840 14555
13656 77
11328 670
11175 6622
8283 18123
19066 5093
18484 3828
9972 2944
16784 16757
18120 2389
5305 14816
17411 5682
12849 10528
10672 17209
1670 4911
16225 6172
19074 14040
16925 5258
16261 8773
7174 12078
6871 13350
4992 5828
18680 19855
7332 6604
5151 6437
6453 2307
5265 5248
1251 1612
7546 16823
15370 8357
830 11577
1234 11182
5452 18881
13304 17594
14775 12038
13191 644
11866 7558
8290 15946
10416 16631
4929 3608
17722 12619
19671 15403
13943 2308
14868 7665
3598 10664
6160 5791
4518 19294
16375 19787
12795 3477
6670 1011
6810 1695
6984 13156
9429 10662
943 5412
19991 2379
5309 1248
17005 16389
5527 9753
15589 11352
14239 14069
9532 2813
5498 18961
2790 10174
1179 13086
3814 680
18228 16998
5420 10407
12267 19600
18433 2800
7573 3044
16025 5281
15608 4052
13521 14183
2166 7808
9694 1403
9142 8886
116 18715
9503 1087
15 1562
5581 8728
1759 9618
17151 7273
19946 19923
10925 6605
18287 3346
1160 16936
18642 9180
11686 5011
190 6366
12419 9370
6474 10724
7068 11513
3006 6411
19273 17992
2307 13334
1793 13457
16095 17718
17019 758
18715 19475
6726 18828
16279 11707
17224 17162
5926 9225
19228 12023
11393 6239
12252 359
17243 6212
5541 1947
3294 10033
102 17622
14184 8626
1879 1897
555 2015
10727 5852
9084 12108
17786 17507
7194 12984
3461 16807
9456 13522
13273 19487
14509 18938
15899 4589
8693 4749
11352 11427
11758 7848
3679 14192
3594 19121
1647 15497
15832 6832
11088 17761
19948 5899
10928 9385
14099 8418
12088 6675
13377 3257
11065 6548
3971 3962
12389 8387
17050 14340
1412 7417
8538 13737
18687 18838
11870 11422
1962 10381
18536 17287
10258 17498
5651 7104
18236 10530
527 14500
13095 16179
4656 12457
2666 9313
10427 6339
3765 14943
1351 16578
1762 14531
18281 19414
12981 17602
16067 12903
778 1493
12914 2681
4202 12521
9076 16653
5304 17344
16963 18233
3367 8663
10890 16876
9227 2084
13076 17059
18700 7355
18110 16176
1287 5670
12376 8275
11657 13443
6970 13342
15689 15889
16226 14723
16151 9040
297 14253
18122 6521
11345 18855
14581 3433
18668 8155
17706 12384
5477 12265
8707 12860
17879 18352
6083 14181
9076 8485
6321 10372
14986 4489
11077 16946
7480 5331
11268 17457
11114 13010
15657 3594
14954 9736
6463 14057
1526 9624
1217 10202
16796 6293
3327 5426
14471 14308
19242 10490
19288 1691
5247 5907
16920 9894
19460 4571
18855 5790
4484 2495
7803 14556
5807 9529
10478 15256
7622 19036
6247 7555
1648 6572
11988 12956
3612 12479
7727 371
9623 979
9667 4171
16109 18926
11126 8743
4188 17305
6210 16000
14327 13899
16140 12069
19939 18073
3666 17257
5409 2347
9302 5160
1573 4112
866 4961
4414 10668
10422 10072
8730 15679
14215 7646
5828 18827
13937 2891
14365 3199
9915 4068
10759 2742
14947 2461
16112 6321
7480 14168
10642 15652
18322 18033
10517 7800
7341 5668
5609 4060
11620 7828
15828 15291
13821 1407
5783 4188
11221 8741
16995 14846
13507 3877
13290 13677
17039 18242
11012 18851
1066 19746
16083 10803
2288 11026
18097 11394
4114 11839
16584 617
13502 16787
14516 19542
10701 3696
2357 11650
5040 17813
2108 9321
5260 7631
4356 14169
6120 17280
9965 14902
11161 13332
2348 11165
15545 15356
7857 9109
11624 1904
4077 13261
711 15921
18381 4492
12015 9081
5419 18063
16682 19957
3522 5840
75 9417
5540 4549
3707 2798
9376 5222
13499 19555
3728 10941
19443 14711
15686 5427
7386 14985
19851 12680
5311 14771
20000 18091
6242 16068
7775 16012
471 10693
2373 8977
7359 11706
3804 2463
13655 7448
10158 4830
4053 1758
6523 9484
10094 10556
17930 4215
5398 4776
2357 5996
11520 6084
8965 8362
2061 15440
3499 18040
17652 18722
17838 5378
19387 1966
9678 16003
5212 10592
10218 19057
17001 3523
14765 13159
8994 2344
9557 499
7356 10142
15285 9695
15730 5031
8825 10757
548 4760
15659 270
4372 8922
9202 18966
12561 1793
15911 5406
8416 485
7086 10672
3456 19985
189 5595
7352 19548
17760 5984
5393 14155
5515 5481
12130 19321
8640 4077
8076 18216
18359 15267
18217 17585
1908 1190
12199 15201
2575 3227
2350 17512
14735 18975
13887 12405
16652 19120
14932 12075
5076 13790
18983 1833
17589 4011
3909 4926
7820 18011
19497 19608
16225 9343
17364 6662
1354 7234
11607 13184
12419 7361
6703 12357
14881 6399
2427 4172
7792 19815
4539 2697
17039 10788
316 3051
11450 10038
15556 11586
7839 17827
18270 11517
8963 830
17429 19705
19593 19196
2850 19644
165 13734
11241 10568
1786 15559
9510 10187
4354 16708
700 15364
18006 7310
7414 16080
13141 4310
8086 8216
14138 6982
5066 6669
1577 9652
1850 9202
1171 5710
16256 588
1733 8638
3330 11195
11734 17950
18108 4955
7720 7390
19092 6771
2930 9250
11847 13060
13751 18733
4560 4396
10853 2585
12281 4855
6196 16859
4720 13460
14076 4391
17627 7473
16402 14792
11873 10808
7486 10515
5670 15
573 4600
10407 10934
9035 2956
3234 8131
17606 4458
11328 14292
1001 6886
19246 7138
15703 4270
10786 1127
1126 3740
890 16739
9177 10259
884 966
5113 1651
12363 14979
3014 11938
1385 10115
1651 9045
6318 6264
3260 15527
4881 8994
4564 1607
7434 15764
14235 10962
14003 15300
15847 11415
17518 11424
3165 2478
12334 19406
9835 12439
7955 10011
10225 2339
18177 12839
5154 19525
12222 16647
15073 5916
7983 2284
7969 9141
6160 11740
11275 15340
11237 14328
4292 13170
7623 1089
2533 7205
933 14715
6256 2692
2787 10224
4104 13310
16580 1254
18226 10505
7856 2323
15000 12142
1096 14847
13284 10756
17578 13957
5605 4786
13817 1769
8872 11958
15865 12369
4688 8590
4884 12799
10169 2170
5958 5666
14871 3205
8031 17917
894 3012
18218 14273
12992 13215
5395 12779
18201 15306
830 11379
123 19449
10678 12509
6057 9051
3679 2126
14174 9155
17441 406
2914 16658
15257 6112
4595 13250
19773 6255
1383 13710
7621 14442
4634 12525
4337 17194
4260 15322
14423 7450
15884 15703
19329 2131
4829 14694
10278 12495
11887 18238
4005 8631
14922 4629
10636 14820
11098 12001
3252 14872
9127 4859
17364 12601
1435 7195
4358 844
12867 17265
6230 6726
10722 15350
18411 11337
13837 17193
1286 5240
4548 4963
16086 17347
8391 14415
18056 8958
18192 7798
15838 2580
17114 1539
10678 12468
8454 4144
15476 18911
14935 19844
9534 9350
15888 3931
10683 10698
2279 2476
19295 3166
4998 18058
7703 10821
1764 2592
1003 7749
15586 1745
8473 5577
17114 6462
9772 18009
7525 17333
9401 5308
1911 7677
12959 5812
19400 5884
16567 18272
3905 1784
10386 9416
15610 16271
17181 17443
7798 4096
2141 12555
9604 19355
2507 19973
11105 11139
8451 10906
5391 2180
9286 12701
6273 13661
12446 6214
10559 15959
14319 12581
16942 19407
8613 13591
1468 12886
15074 10251
11745 15613
19892 5649
6892 13519
16016 2083
18352 12559
733 19983
1635 4597
16784 7928
18705 1753
6358 15944
10403 2081
4170 13875
15164 5980
13382 9674
1 5257
4029 7201
9206 7841
7800 18187
4483 185
16629 15714
13213 17073
8654 5817
17652 6516
6538 8927
15188 213
9204 6113
8932 746
6314 3472
16360 10221
16223 3000
3729 6817
7882 10752
8684 6252
19878 8672
10396 18171
12618 7442
19339 10464
17068 12527
9149 16872
9128 7697
8671 19039
8039 12936
633 935
11607 19083
16692 9168
2327 18868
1755 19257
956 9197
1569 10651
18512 5838
16690 322
18848 8762
9982 6695
2856 19261
15949 8466
9096 4506
5686 13431
13922 3135
1470 6620
14790 6355
18411 3539
9162 9102
14046 11349
16470 18784
10705 18633
6961 2830
1663 12544
15490 9304
4329 8701
18221 507
14986 4929
13502 6386
13488 18135
12051 1482
5456 1969
8166 2740
9851 4804
2491 17072
19359 7431
14226 13246
10305 2375
12869 5014
16814 6749
4296 12308
9897 9319
14464 14893
14518 19349
10991 10650
7912 6541
3577 2845
15814 4212
4816 7752
2346 15056
3051 12654
13440 937
2962 13779
10996 298
18011 7060
16612 3820
7648 15406
18141 15595
2811 2565
365 13085
11388 13590
17753 14111
2054 414
17174 14778
10982 14112
1387 1618
7393 7077
7242 1906
11713 11633
19105 5923
9928 9891
6001 11410
2887 14160
4028 7410
7960 12937
7999 19342
1750 14862
12108 18534
12257 19515
17796 15022
7970 7967
234 17579
6823 6740
11234 17332
19214 17956
9508 2178
14999 9117
9241 1949
18036 4928
7419 12272
14960 12220
9581 19325
11995 2209
574 4903
53 13505
17073 17469
18265 12724
17931 4102
6957 16456
15066 3522
5274 8252
588 17692
7068 8279
14924 5082
4460 543
2213 10108
3601 6801
12551 9799
18971 11538
15298 13929
5698 19889
15584 13112
4845 11022
1363 19467
3199 12498
3279 10676
15492 6193
8931 6677
19377 2203
10169 11392
5257 18892
5058 12134
17851 13920
10754 16101
2208 16913
541 15119
8294 11446
5322 11346
5131 9631
13691 15133
11723 15026
447 17481
17222 4210
6694 1040
7679 6955
11982 851
19733 11766
9090 9748
16071 3209
15008 4702
18997 17549
10043 18326
13664 19932
8189 7924
6121 7921
19289 6159
5388 15120
1921 19176
17942 11034
11900 3906
7056 8676
14667 7940
4491 18104
1084 692
188 15419
3187 11967
19797 19329
5314 5874
14315 7831
2458 5198
16663 1280
15199 7149
19491 11514
10480 14025
15962 7162
1854 277
6794 15276
11046 18408
9689 18627
11919 14429
7453 19386
18879 3322
19527 16001
13503 2812
8745 10143
10339 12689
12235 13101
14896 6237
6864 7837
18848 4931
18627 11725
10700 7430
7642 3094
12788 5843
9860 4160
3693 14758
13497 19845
6381 7032
4002 19312
14370 19069
6979 3999
19301 2007
14159 5328
246 1085
8652 14320
14305 4095
19337 10234
8347 19915
5192 10547
6125 9210
7627 11186
16561 6959
13947 4067
3898 4793
12056 15768
4358 18129
14861 7103
18679 19038
15945 14864
16392 2163
12387 5580
7240 16443
6289 13445
17657 7029
3419 440
19129 10114
1308 17282
796 19784
3732 18057
18046 9723
16993 14849
13226 11541
10979 1739
11783 18942
14581 717
19066 17026
1168 468
8973 6331
4894 496
3508 7493
13835 6004
9718 10985
7456 14371
9183 16893
3362 2146
3005 17448
15942 3956
3299 3288
9000 18361
2801 19018
7359 8338
16657 11861
1124 15178
11109 9475
19681 12756
2538 316
5957 12106
15639 10925
4908 14276
12616 1920
14945 14648
2356 13024
11252 17780
5488 12909
11370 19664
14829 15742
15941 10775
15798 16225
2404 2613
2304 17771
8755 12149
4120 19699
10467 14129
4817 17375
7033 6497
18006 18754
9801 2768
1238 1636
10416 17561
7256 12019
12561 7689
14034 8136
14680 19689
19374 7682
19773 4450
2563 3180
12777 15437
352 12529
8058 12245
16705 17543
10148 14891
17974 7022
19188 9461
10385 8077
12720 2622
17052 6236
15741 9035
11886 16886
3537 17679
6488 16194
3662 15298
17036 1294
6826 15670
11467 15257
10186 13143
14127 9597
11388 17055
14721 3642
15333 10936
16015 16717
4743 14185
10830 7585
15814 15855
1488 11503
9784 18712
17820 2425
19317 10754
17151 7005
1789 9837
9780 13487
10964 15864
14468 10261
12873 9953
7324 9182
4465 17700
12172 12039
15563 8807
944 10043
19452 19099
10471 3366
16142 5491
18575 18482
9034 4145
4482 13216
10052 10053
8943 13182
11046 7744
16893 2821
6344 8649
15897 8218
6714 1934
1027 3808
6739 3871
13991 9282
14865 6060
7952 2010
10439 4518
12574 706
16955 17676
11641 6601
758 2934
9465 1031
14202 12072
15517 3210
15569 14790
4296 3132
1808 5499
8367 6369
18242 4286
2286 5593
13080 11438
8416 17228
1116 14739
16530 10460
2060 14642
12947 8047
2704 16247
19303 4642
5130 4311
7848 11092
18068 1924
9417 5723
19542 8505
6983 1213
10403 7042
1387 9496
16482 11350
12566 12825
11118 11259
4355 13692
15939 8987
12897 7723
19214 1733
10154 17303
16749 1164
8185 16588
10585 5578
18760 7950
16559 13741
17509 10860
8798 3431
19838 16531
15605 18279
17682 6511
13058 14454
17215 4130
7415 1354
3191 12502
15967 16314
3713 5157
19426 10506
3402 5490
12912 7164
10296 8588
17648 17653
16407 382
16881 8519
14837 12203
18620 7039
7422 4400
8208 19736
19298 14435
19780 17475
2835 13281
11687 2511
3644 13373
9329 17983
4571 3152
4482 10523
19432 5155
7467 18396
11627 9909
3675 16173
9747 12690
19062 9852
626 16975
8058 15762
11574 17870
7925 10110
2408 7250
3844 11804
4057 3351
2259 4267
1245 16489
6008 6384
17987 17558
5521 4898
11662 388
293 4798
3380 16300
19261 2519
7374 11311
15579 3793
10572 4361
12070 1200
3057 16255
8518 7926
10657 9689
10057 1216
8916 13663
13779 4294
4031 418
6409 4440
1239 8911
4688 8818
10878 11260
2878 19166
8618 13776
14787 3238
1939 6510
14568 2872
3986 16319
5462 2854
11155 3079
15114 4014
16554 7857
8762 13118
11311 12208
15800 12705
19380 1218
6513 10857
4556 15372
19415 18180
6230 19445
1640 11663
8595 5964
3340 15282
3600 10435
15551 17955
12762 10226
6727 3424
2200 4978
19530 9330
2223 7332
2856 14592
2743 16602
17260 12234
746 5533
1889 637
13749 13121
16083 2911
5438 10758
19766 80
9855 8269
19370 11690
5803 8350
5896 9867
9100 1144
12037 472
9730 8804
13481 936
7451 702
11486 6863
14695 2920
19235 8540
671 11400
7714 19074
7486 11456
19045 5604
9611 19164
10546 14138
5580 7758
10450 8972
13513 5277
10774 19313
15370 1081
16752 5735
1992 3123
19634 12497
18703 11588
11269 18737
3904 4399
11114 258
4388 2726
2418 18026
2076 5782
11254 2011
42 9752
17655 14855
1251 9355
15434 3414
5086 19756
7373 18206
4879 18196
16506 11307
1616 9273
8915 7715
16499 2805
10627 5617
11327 13721
9173 13374
1651 9174
4689 4711
818 5080
6888 18448
16708 13824
17531 5446
9467 16113
10779 6270
1242 15050
1646 17787
1447 6731
17557 16916
436 266
8951 15760
258 19320
3463 16974
16478 17427
19695 10126
9726 14828
14588 11916
17699 14469
5677 5238
8583 19509
19575 16957
13117 11675
16839 8729
6808 11119
5805 12241
16168 2610
15190 9241
10278 8104
8995 12786
3594 8109
8847 5921
3684 1101
2414 848
6470 997
15943 14879
17740 7379
8512 2559
4746 4788
1330 5569
5595 15592
4553 9177
7610 17721
13778 15745
10263 6630
12085 14661
9600 7101
5186 19103
4096 19875
3405 902
12766 18777
6259 1428
14845 5768
2657 15473
15905 12074
7378 16820
9477 16406
7355 11388
2981 7719
17459 3836
9166 11323
2698 16288
1658 3709
4901 6689
11507 13508
18791 4414
6310 6136
2460 1713
5252 1264
11175 19453
4153 15165
11242 14703
3264 18749
17325 19139
9755 417
13842 18132
4162 14647
18228 15213
13293 11829
4614 2223
6308 16103
7592 17021
10138 4309
9370 3206
5549 12174
567 3578
4084 16347
9188 4439
19182 9791
15633 1265
4669 15644
3724 16078
2997 7178
2249 327
11508 10066
18074 11591
2455 10257
18235 17066
2403 19075
8301 4741
218 12231
16995 12570
15067 1377
1024 6861
17617 14569
16708 19904
4662 7579
17653 19132
5774 5536
427 6412
3762 18487
10925 1518
2391 11529
13251 4059
19716 14817
11851 8284
13906 10299
17457 18102
8556 13919
5356 370
18862 4932
1549 17494
1965 2743
13076 9119
4508 17355
11379 17913
6990 6618
1333 3942
2023 18582
4388 18311
17839 15780
7322 19005
4727 16350
12172 6289
5133 17716
1101 13379
548 569
9698 16309
10939 3508
12923 5626
4756 10700
1612 4388
17463 11649
9522 17289
11747 13646
7010 9027
15958 7396
16708 5227
11419 504
5650 4968
132 17535
814 11933
5432 8689
19839 2278
14138 13065
19844 2148
16873 3981
6175 6410
13702 5103
4805 10260
15483 9858
6008 13051
10553 8086
9561 2183
9101 18227
9219 5172
9991 6166
6691 9157
10050 18734
4251 1684
8799 7059
4090 13545
9891 14514
3929 3229
12363 5185
17261 16429
7578 7696
2278 4258
16663 12409
9822 1486
10871 8489
8553 6889
14538 18162
11280 15947
11458 13812
11934 9865
6008 11146
15681 14225
856 643
8235 9340
18487 17993
19666 15065
3816 4002
12752 12278
7625 4865
18092 14214
7908 10967
4588 12442
6182 4537
2999 13354
3341 12704
7214 15630
13304 9902
10049 447
5605 10438
15177 16086
11088 4572
17194 1655
8086 16052
9423 14115
15518 12852
15610 14199
14531 11507
17590 5301
10151 14653
2782 3341
19221 3882
14497 17707
12561 10725
14752 100
15040 10774
6150 107
15457 5335
12156 701
15162 419
4957 17668
3175 17263
10313 9393
11933 16626
15285 2459
11182 16541
2072 12663
10431 14859
253 18286
449 5268
18891 7983
4588 6157
17457 11671
386 14423
11705 15635
16002 3516
16506 18113
17081 13420
17011 5724
2195 11230
15503 11778
12799 14562
5892 19030
2989 17413
15085 19143
1398 18764
14147 9903
15449 16793
8083 2190
17291 18990
12049 9015
11525 1582
9639 10318
5395 1224
7901 14525
17111 12268
10594 1139
17468 17316
7100 12214
12563 11175
8500 2760
273 2447
14849 9710
1372 19062
7943 12719
11228 16215
17257 8003
15075 17895
16955 7314
15529 15715
4180 7850
10981 8012
11224 17673
18213 18256
9369 4621
4344 16671
13739 1931
13002 1927
14259 12623
16232 1782
2229 7168
12969 6011
14317 10680
15327 19104
6687 7498
4888 1366
2673 18869
10203 4587
9267 10526
18116 18899
1507 11908
11828 9352
4196 9069
2954 18718
9875 8699
18751 17677
4535 3158
1646 19408
9450 15057
11285 57
19069 3742
735 1837
19638 5044
16029 5943
498 2120
8416 187
8807 16563
8630 8642
384 13525
3151 143
12381 9397
14387 2430
2284 1214
6658 19420
1644 11796
16611 10431
14100 9156
13911 19792
4529 16939
3402 10600
15526 16383
8272 18560
13081 18184
5877 10947
19196 3326
17001 8327
10396 16402
16121 19201
8498 3226
3974 13107
11112 4124
5575 1639
18237 5463
10677 12552
18766 9804
7511 15374
15067 14737
5023 17027
19955 13702
5749 1604
13100 8837
10661 6280
6160 14378
6244 18661
16698 19229
1499 12175
17421 15233
19422 9757
5037 16351
322 15654
17309 2207
9991 12422
12649 4054
10992 14626
10064 1255
16206 14983
3714 9784
14382 6897
10616 3262
19527 14800
9144 18446
8369 11340
14226 19696
2553 1816
11559 19179
14423 17295
8283 8779
12900 6088
5621 12193
11818 5797
18705 7306
11373 4560
762 2811
14307 5902
7150 8372
15186 6427
17473 4113
10434 4689
18575 13602
15505 4691
3157 17526
7387 2544
2643 1441
8466 12140
6474 1721
14873 8986
18939 17015
19097 11094
3272 8440
2505 5558
15006 5822
5542 14874
4750 14360
8972 8079
757 16935
14551 19335
14728 5567
9855 19160
6805 17148
6874 13458
11273 8425
10807 4706
10927 6012
14284 15900
1271 7577
13989 3668
9876 14742
427 4556
6451 8027
18990 14936
13942 18732
9429 12577
17322 7510
10955 2857
9149 13166
5418 9793
5274 12489
6623 729
7011 3022
1487 13671
5929 13375
6049 3266
2952 6389
7728 12805
11855 3776
2417 19602
4258 5265
8166 488
1752 15568
8722 3031
6953 15599
1124 5680
10644 17889
19768 10641
17204 14707
17086 15224
19899 9471
4306 14381
10701 17838
456 10098
12329 13091
2856 10074
13148 16625
4871 7480
169 12294
16491 5816
3146 19703
1793 12908
713 2410
19198 11263
12327 3674
784 13370
6155 7057
10717 1679
18979 10369
1440 16094
16076 18706
9760 18137
6230 16096
12479 15973
19886 13756
1465 10034
3395 10228
6969 15200
4355 1106
16397 10395
18519 11760
19043 19639
13101 5692
1609 4217
14837 18521
5075 14473
3040 10968
13475 1321
547 12380
13748 4513
11960 5316
2748 9445
11625 10418
6547 5565
17255 8900
16942 15978
15090 5438
15249 19719
3311 1705
8829 4752
1179 18773
426 3784
7768 11843
411 10768
16567 7175
11234 16556
8736 863
15108 2769
1 9796
15689 18917
16554 15269
19433 6102
19547 2232
14205 16470
12899 17523
6102 6785
2575 16382
2496 2092
7931 14899
12250 12081
17819 12519
15832 15173
2935 12204
4911 5667
4950 11078
11217 14113
5516 5457
1583 14870
558 7388
10354 17453
11791 12362
16362 7317
14014 12629
7690 7958
14869 5529
9204 9054
2154 3583
156 12336
17418 1546
13716 7905
3320 2054
10568 5738
8340 679
9017 7930
14603 9717
19266 6143
14726 8306
11146 3360
5949 17932
684 15492
15186 11679
1522 125
14281 6042
19630 3835
15882 986
9803 7979
7263 6455
5108 1505
1470 3406
13107 2657
15564 3921
9463 17268
18565 10442
11819 868
3361 16108
2141 12350
2834 19770
2454 13297
5045 11912
18308 19653
5937 6855
9928 16431
4994 3773
14363 14289
8223 10929
14100 2757
13376 17400
16673 15245
8592 5121
16295 112
13290 10132
234 3881
16971 846
18006 17060
19069 19961
18978 17381
6406 4769
14079 16171
6520 8742
14672 6080
5645 16474
19081 7188
4216 12076
4611 9614
11631 12953
9148 13177
299 1430
6886 16160
19920 9575
11345 7019
14615 16384
13696 6142
8178 13930
4539 18422
5993 6547
6264 5509
14354 17988
2418 985
6046 8957
1610 6375
9791 5909
7762 16398
9169 14068
2566 2047
13074 519
9539 211
15703 16197
17459 3790
10582 7605
14363 19150
972 14994
815 9217
8216 8226
5663 13628
1178 7687
18505 9893
2708 11284
15372 12395
16303 12473
1955 8229
17897 19614
1850 19871
7172 12319
53 9875
10101 18923
15943 13902
7150 4579
5731 17699
19514 14909
10560 7382
11898 14188
4587 4037
14661 14523
12311 10716
19379 17401
1674 5340
12136 2049
11818 12947
15966 11245
15207 15189
2038 9375
4070 9510
19051 2551
11599 7169
15620 19173
18170 10993
8995 16970
16759 10678
5768 1564
13062 5013
10167 15792
13956 18719
13605 16949
16163 1743
18633 18795
16286 6259
7971 4085
16734 8093
9756 3597
10891 12862
8759 4687
5951 16368
13424 16125
10238 7346
9060 4662
15884 228
13544 14279
10395 18385
15121 7012
13745 7298
14722 5052
13044 9451
3097 9970
13106 11795
10266 16733
8774 18939
9094 10912
16226 3342
15072 16558
11374 17571
8931 9326
27 6674
6119 8947
11660 12899
19634 14487
3392 17099
6471 14748
19093 15649
3438 1813
7894 14844
9539 7283
15547 15220
16248 14594
5197 16919
9300 2491
19839 6053
12015 3961
13295 13842
18730 7803
17985 13983
6615 1616
12138 1364
3103 18615
11640 613
9258 19890
10992 4265
4482 11234
14816 2009
7999 5339
7662 6634
19576 16858
7533 12059
7124 12022
19069 12158
19216 787
17000 10966
7701 16743
16274 13301
16226 8202
4906 10123
18706 11981
4501 8457
12020 964
13429 10276
2168 18082
13240 7516
18823 7553
3666 2257
19709 7144
19237 9644
9781 16212
843 15501
3964 4831
12103 11576
6790 3127
4722 2376
13944 9143
3330 18024
11421 5278
14485 15542
8374 16060
16181 15487
8739 14035
6474 12444
4372 15657
15617 18166
12162 18029
8024 8652
14491 2154
9702 977
5116 4980
7762 18427
12791 16707
6308 16617
9230 1552
16086 11727
14002 8748
5841 16650
7413 8473
4031 111
13052 2325
17737 9455
4638 7522
18289 6383
15973 9841
15414 12025
11892 9460
10528 13644
18867 7607
6697 963
13692 5535
16634 1956
6492 18351
3503 5366
2019 9328
4854 18260
18189 15996
10844 554
1710 14268
10429 17288
16735 8570
9791 6485
15704 19290
3292 4577
8438 5029
19181 8175
2969 11413
6155 13338
11700 11136
5564 3630
17919 9526
5257 4337
14743 12767
13747 3400
13382 11997
14273 17608
17664 16989
12638 4276
4778 17318
16982 9581
19302 14316
7894 2751
10895 10587
768 12086
10994 11480
10190 4120
1725 18564
4903 4327
368 7672
8257 2750
14522 15956
1481 16099
7360 6246
4484 17126
19041 16700
19782 15787
5291 12814
3931 9382
13389 8193
5789 18470
14283 605
5397 15815
10790 11255
11010 7725
11457 10767
8124 9342
13596 4672
10996 1292
1891 438
13631 12459
5284 3940
14151 7925
180 10761
9604 19809
11157 15313
18996 2394
12851 2407
8807 17747
19124 14669
16100 5699
5582 14346
18236 1385
12605 11185
5015 2859
10716 732
17284 11071
14700 15400
12412 10577
11627 2073
2926 11763
6148 16839
16508 11163
13267 16750
8704 9508
11946 12891
8163 4394
11019 10292
8268 12144
6987 10732
9872 624
9876 3434
15369 5886
13431 10679
18504 5469
17481 8426
15688 5
13570 13787
13559 14624
10905 12481
3092 3811
12845 11149
18749 6443
9145 19811
9030 6328
7781 15626
13295 5251
18036 13489
7404 9290
17024 13173
19854 7829
19757 16293
15183 14297
17185 18856
15556 17204
9854 7852
8768 18693
4079 4061
6624 16240
9386 19091
11833 18593
11840 6766
12181 19416
3141 15223
15800 13507
16079 4851
122 15208
17373 4567
5287 10557
18968 5527
4937 10386
15958 16679
5389 7843
18357 17530
739 12749
14846 2916
9610 14325
15830 15763
8126 3625
6956 9536
17050 9018
5791 11744
16808 9145
3027 9681
4742 14123
12254 8018
9215 18027
15104 16677
2032 19037
3922 9348
10509 7946
13169 3543
1225 1698
4759 3771
4935 289
17674 18387
15968 12926
3968 9188
18944 14027
1383 19965
4467 5574
11072 1878
8042 16325
3612 8840
18248 10037
1939 13761
14139 2651
15814 1538
13823 16687
4174 7225
13513 5514
14859 6776
4531 7782
6027 19247
11818 4115
3383 11336
4544 2929
13548 16158
16671 18606
5324 13708
12827 18133
3099 6089
6794 8761
9531 6121
7813 19137
12326 19842
17275 3162
8570 12179
5070 9305
872 6854
2429 13559
14999 18053
16492 15933
3254 1297
1201 12233
12337 1287
11559 7931
4857 8522
19373 16597
7925 1986
7171 897
3441 3419
11937 13151
16106 3138
4181 6800
4012 11929
7213 13794
12382 19430
8235 3173
7980 3751
9953 5894
10371 17226
19806 12564
11473 19758
3821 19657
3689 2184
1407 15943
2398 18060
8867 15185
18273 5456
17664 4718
6575 16918
5314 12884
10793 11634
2188 4840
18573 12989
18793 9805
4348 1405
16800 12052
3774 1442
13702 9450
12737 8038
19892 16979
13051 1316
8936 11654
15729 11068
14500 2118
10252 9158
16471 5645
9286 10535
9642 13678
2547 8567
3895 19188
4015 19432
7971 14990
19994 18814
1753 3121
9126 703
8484 14684
9485 7882
5773 18464
10514 6330
4446 2677
5643 10154
7844 15186
8166 1439
14818 1100
6822 11202
18090 2473
12258 9947
1458 3456
12978 10028
13676 13539
13273 7343
13633 15671
19681 2962
14429 4819
14407 7840
3457 11900
2472 17985
12788 6849
8061 6945
536 13512
9534 11054
11730 16933
11752 9911
13272 8141
7889 15089
9921 15660
1798 9318
4876 741
10654 10739
498 1819
7529 19569
19296 17823
18423 12031
18955 14119
10956 13870
11737 9604
4884 11241
3696 11304
9624 7718
12065 1215
9191 19174
2605 11820
12222 14479
19262 11276
5507 17963
4821 9733
10909 12020
16003 16127
14318 14950
17192 909
14805 18569
10678 12962
4372 2062
13864 17841
14205 10152
4679 18297
17023 9542
2787 2779
8223 10684
4556 15853
10519 11124
13664 9239
4727 18513
9192 3830
16070 9705
10168 14012
7655 14664
9353 631
5141 2714
13372 17470
4465 226
120 2383
15249 17506
909 14318
4320 11231
14410 13309
6028 11494
17664 10529
11518 18340
7438 14132
13601 14309
8603 2378
8424 15808
9224 17891
1883 607
5783 9576
2220 5129
13045 4657
14033 7954
6333 3053
9984 4722
5629 11803
3941 16529
2302 10730
19918 3126
1965 18347
9604 2186
15962 8906
10964 3486
9174 13455
4641 15376
16500 13290
9183 893
12254 3427
2417 12622
13032 10829
12584 1971
17224 8052
9188 19306
5273 18849
10228 599
8704 10047
1849 10424
5007 11217
6027 13220
17692 17979
2790 11767
8016 18254
5560 4505
19167 9147
17298 5610
17614 1654
13498 6090
9253 484
1287 207
11264 5313
13157 12196
461 10398
18606 6873
12171 8771
16790 5056
10885 12358
17560 6859
8826 18865
8518 13659
4482 565
1530 11474
4033 14977
352 11467
784 6754
7652 12054
5375 900
16870 1537
7969 5099
3638 15456
6452 18607
8515 5541
12899 11007
5007 9346
8108 18125
16379 11106
16119 11940
9378 16264
5691 6334
19636 4504
13038 8054
16473 10888
16674 1861
8912 1918
429 10842
11005 4032
16471 19742
8183 2776
15128 7128
8427 12633
15192 19666
15133 13781
17437 9258
7942 615
12454 12818
16021 570
17227 18591
6418 11479
11198 8371
61 13441
17774 14023
16787 19741
6176 10463
5692 6149
4427 817
4220 14084
17488 15311
11223 3567
9074 4854
7217 8657
9009 8581
11070 16069
3666 5467
226 18927
13454 15832
12406 823
10683 14179
661 15047
1921 4197
2477 4182
8771 3929
12593 9291
15377 11144
429 15833
17858 5883
997 10816
2926 17576
11725 16779
11738 8639
17152 6165
164 5323
15451 2337
17004 7278
14942 14341
5488 11647
19221 5107
10541 2428
260 18306
2194 1227
8430 7074
13021 5847
13696 8504
1984 17336
1120 16462
7524 15049
9098 14364
7963 2274
4768 9998
2297 12606
16629 6156
9580 19209
8055 17235
19545 4934
314 7015
7458 19840
14571 16863
13978 16944
6000 6904
2518 8894
4227 3493
4817 13746
10228 15694
17037 12781
10530 8097
15104 550
9145 6266
14163 6062
18652 18164
18144 6517
12232 3626
8328 1032
6152 4395
19241 1672
2849 13940
7901 19292
18120 9270
13279 6010
11702 7457
999 6932
13633 17432
1735 18835
7355 18914
9443 17790
2362 12876
2592 4869
11006 12096
7049 6169
13295 1501
19247 10312
1392 5338
1538 19310
10440 15519
52 183
19296 18218
16452 4545
12719 10238
19074 14156
9717 13102
5345 12535
8749 8747
18281 14940
1853 284
12787 4546
16898 513
10569 6887
6177 19399
2280 15720
19681 7547
14039 17744
11550 2788
6850 2754
8247 6342
14012 13245
3385 1048
490 3442
8529 10426
15082 11014
8501 13718
14865 10313
4364 14835
4087 5505
3041 5991
17214 15666
5681 6790
2189 282
3522 12361
10608 12501
19096 1129
11423 4972
17715 19246
2518 11539
6807 16983
16397 17520
8281 14954
2436 13269
17668 12761
12577 6543
5190 15842
7878 1900
17047 16572
19252 6627
6053 3530
18235 15905
18807 13936
10666 16521
16715 9223
13198 13933
12586 14573
17093 5672
13742 11102
13875 11129
15843 9834
11162 16054
10050 19154
7524 6083
4409 4623
8081 3923
17162 16985
16889 16093
11708 11368
6394 2725
2347 9172
1427 3259
6093 19517
2314 576
13525 4092
15496 12778
17138 6163
2857 4748
4817 17434
17527 8049
17133 7827
7834 5615
10416 17364
19923 17822
19515 17800
6053 18978
676 8618
8475 2095
16464 4278
3797 19900
14900 19456
17051 10809
3644 2890
11959 3260
11079 5747
1243 3324
1458 18555
6784 3294
1459 12611
8722 3707
3446 14886
13694 4381
7118 17837
942 12191
1021 14951
2699 79
11832 17948
2040 10077
16849 17670
9752 7362
17160 17485
7151 9520
646 1304
10935 19489
16499 10818
775 7861
5341 5873
19045 2343
15414 19507
2777 10096
10098 4916
788 13527
15427 12721
11968 5774
12358 16833
16439 4451
5742 11927
9421 9029
231 6481
1981 9563
6102 19278
12469 215
7936 18167
8318 2110
12158 12582
19682 13532
12875 7470
11712 1262
6811 7534
10257 194
7053 12943
12200 4550
14085 1072
8233 6130
1436 16464
140 351
11335 2355
10885 8214
13257 1911
17502 8622
11470 7254
19231 14535
11557 12547
9612 11324
4017 4754
11229 4688
4423 4986
11039 17094
1622 3898
739 1783
15038 345
8473 16990
15464 13027
10701 4012
18453 549
3571 5450
1921 1467
4667 2100
6776 7415
18757 7359
16098 7874
2279 14667
6839 2705
12428 17271
16130 4823
15103 582
490 7200
15298 9351
1435 944
18828 16366
17379 683
457 6562
17261 13813
19740 6717
1132 7017
10137 13252
17352 14779
18631 13915
4355 17182
4089 9038
516 4777
9748 17811
17926 18647
17901 13668
11819 6563
12718 3411
10035 14530
1387 11646
10226 4428
14329 12480
15581 8776
7335 10872
19329 12064
6427 5235
19561 14580
5398 11756
9227 17330
5023 13307
53 10227
1160 9499
10382 6867
4689 5795
8986 5688
13348 3082
15097 4081
11198 17246
7971 14380
7685 7427
8061 2128
13771 14764
4689 9801
17039 17617
6060 19013
17663 12079
13009 12777
13521 8376
15075 19391
7023 15795
9781 10287
7401 859
11878 18716
18207 13907
2733 13430
5224 1991
17939 19336
10652 11318
12149 15309
12886 5647
8134 8112
5884 7598
4166 13014
8096 14307
8814 5359
4278 11516
8882 2080
17682 1680
13107 13970
11654 8084
1671 11848
10909 10935
4151 4850
15707 5679
7837 16289
19095 3420
8427 14285
17618 16028
9591 6565
15895 15114
2695 7865
17331 2959
18774 10119
14624 9560
11870 13422
12348 15127
5994 12033
11769 4300
5514 12321
4620 5487
11587 4773
4632 17671
2211 6569
14204 4993
6885 2069
19498 8273
17343 3706
18448 4345
146 19490
16051 7259
19216 16838
4729 13321
1672 10410
8313 5358
16078 16210
19268 19958
9702 11624
210 17690
11231 16978
17904 11423
5985 4919
18998 1922
3613 4661
18304 16104
13498 4846
17955 7334
14214 9790
9533 8703
8972 2019
13692 4904
10617 8873
11437 6954
8225 13316
18883 5478
1973 6865
7021 16636
1800 15162
18131 360
11030 16174
15979 4912
9475 15749
15395 18217
18600 11682
6807 2528
13047 10165
5163 14426
13889 5769
456 10232
3176 19504
7446 651
18091 19570
3449 10014
233 6503
16968 18618
11943 1369
12529 9502
19737 12698
5933 5987
16821 1771
4469 4739
13836 13046
12787 482
4832 4608
3998 8458
1236 18884
2110 16184
8192 16575
5671 1548
1120 14566
5410 12243
4178 1484
13596 7661
2362 7968
8243 483
12969 4008
12643 44
18873 4259
3123 17632
494 12952
11853 19105
10566 610
4726 18202
10221 4334
17864 6988
19691 12586
11311 7468
7374 9267
19446 12285
10408 16291
15812 6374
2909 5538
3560 130
18269 16943
5973 14704
14479 13586
15837 15249
6650 13755
9664 3792
5848 5631
6196 15948
13929 13547
13567 7562
18080 11121
6794 14074
14746 8272
15326 16195
6196 2358
13042 10763
6476 1624
1965 15394
4146 10903
17487 715
18957 7058
17327 364
13813 3743
15350 2271
9879 16362
19220 13562
6581 4049
3442 12574
10115 425
11633 6024
8449 15142
10853 15891
8779 6673
12849 3099
1901 10978
2648 2566
9421 15688
7495 8892
15819 13585
18411 7567
16677 10655
4382 19461
4476 15598
368 16392
13328 11018
11859 13795
11745 18608
4381 2914
14752 2665
6675 13978
17863 17971
12896 2066
17156 5288
18955 2287
4776 8194
17626 12829
18674 19158
2139 12539
17171 6845
3039 12338
5343 4213
16894 19628
14657 13141
2646 9369
17616 10001
10339 8454
14537 10211
1142 18455
1501 15250
14850 158
19462 11975
9201 5284
2893 19620
16706 3682
7379 18646
2245 4922
2579 10671
8031 10349
6495 921
19391 1765
11250 15538
10534 16656
1144 14494
1795 7998
7151 9864
5205 16844
18783 16031
8438 12923
10486 16796
12437 2439
4495 1446
4403 10745
15165 12416
6668 17735
11002 6498
11462 16704
15646 16025
14134 5652
2451 1125
19343 8435
5549 3234
15595 15247
1056 8366
11587 12329
6696 5016
11463 15991
4756 1238
6249 9424
8617 10459
15506 14869
5648 17205
9354 11472
8367 4730
5372 5472
13792 2244
9416 11850
14501 5526
15553 12032
8910 9786
10047 15706
10829 14796
15497 16595
18974 16587
12085 10658
12200 17769
19554 3684
12950 15266
11563 2709
14847 3060
10216 10643
3121 13028
11094 16390
3064 592
5951 17014
19465 7700
3512 16229
2974 3480
5549 4779
10466 8587
12744 12150
9298 13336
1513 10346
8086 13459
12510 13315
223 2208
7699 5737
1764 13996
10658 16439
3254 6480
8583 13468
15638 19372
1659 9403
1 39 20000 20000 1 1 41 40 20000 1 40 41 41 20000 1 1 41 40 20000 1 20000 20000 40 41 1 39 41 41 41 39 20000 20000 40 1 1 40 41 39 41 39 1 1 20000 41 20000 20000 20000 1 40 40 1 20000 20000 1 1 1 20000 40 41 41 41 39 40 20000 39 39 39 1 39 20000 1 1 20000 41 20000 20000 39 39 20000 20000 41 1 1 40 40 39 41 40 20000 40 40 1 41 39 41 41 40 20000 41 40 1 1 20000 1 41 1 20000 39 41 1 40 41 39 20000 1 20000 40 39 40 41 40 1 20000 41 1 41 41 20000 20000 1 40 20000 39 1 1 41 20000 40 40 40 20000 41 1 39 40 41 1 20000 39 39 40 40 1 41 41 20000 20000 41 40 20000 39 1 40 20000 39 41 20000 41 41 41 1 40 41 20000 39 40 20000 40 41 41 41 40 1 20000 20000 1 39 1 39 41 39 41 1 1 39 39 39 39 40 40 41 20000 20000 1 1 41 20000 20000 40 1 40 40 39 40 41 39 1 39 1 41 39 39 41 41 41 20000 39 20000 41 20000 40 41 1 1 41 1 20000 40 40 39 39 39 1 1 20000 40 41 40 1 1 41 20000 20000 40 39 20000 41 1 39 39 39 41 41 41 1 1 1 41 40 20000 1 1 41 1 1 1 41 20000 40 20000 1 41 41 39 1 20000 40 39 41 41 40 1 41 20000 39 1 40 1 41 39 20000 39 39 40 20000 20000 39 39 20000 20000 41 20000 1 41 40 1 20000 39 40 41 20000 40 40 20000 39 39 41 40 20000 1 40 41 41 1 1 39 1 40 1 40 41 41 1 41 20000 20000 39 39 39 39 39 1 1 41 39 20000 39 39 39 39 40 39 40 20000 1 1 39 1 41 40 40 1 40 1 41 40 20000 41 40 39 39 39 1 1 39 20000 1 39 39 1 39 1 1 40 39 41 39 41 41 39 41 41 1 39 1 41 1 1 20000 40 1 41 39 40 20000 41 40 40 41 40 20000 39 39 39 41 1 20000 40 20000 20000 20000 1 39 40 1 40 40 39 1 41 40 39 1 1 1 39 1 41 40 1 40 20000 39 1 20000 39 1 41 41 40 39 40 41 20000 39 39 20000 39 39 1 1 41 41 1 39 41 39 1 39 40 1 39 40 40 20000 39 41 20000 20000 41 40 41 39 20000 41 40 40 39 39 41 40 20000 40 1 1 20000 20000 39 40 39 40 40 1 1 39 20000 40 39 41 40 40 39 39 20000 1 41 41 1 40 41 39 40 40 39 41 20000 39 1 40 41 1 20000 41 20000 41 20000 39 1 20000 20000 41 40 20000 39 39 1 40 1 20000 40 1 40 40 1 40 41 1 20000 41 40 20000 1 39 40 1 40 20000 40 39 20000 1 41 20000 39 39 1 1 39 39 20000 39 1 1 39 41 40 1 41 41 20000 41 39 41 41 40 39 41 41 1 41 20000 20000 39 39 39 20000 40 40 20000 39 39 1 1 40 39 41 1 41 40 41 40 20000 41 39 41 41 41 20000 20000 41 40 1 1 39 40 41 1 40 20000 20000 41 1 39 40 20000 39 39 20000 1 1 40 20000 1 41 20000 1 39 39 40 41 40 41 39 20000 39 1 40 20000 41 41 40 40 40 1 40 40 39 1 40 39 40 39 40 1 40 41 41 41 20000 41 20000 40 1 40 1 20000 40 1 1 40 1 1 41 40 20000 39 1 20000 41 1 41 20000 41 39 40 41 20000 20000 40 1 20000 39 1 39 40 41 1 41 1 20000 40 40 39 20000 1 41 20000 20000 41 41 1 41 41 41 39 39 39 41 41 40 20000 20000 40 40 20000 1 1 40 39 1 1 1 1 20000 20000 39 39 40 41 40 40 40 20000 41 20000 40 39 39 40 20000 1 41 40 41 40 39 41 39 20000 41 41 1 41 41 20000 20000 20000 20000 20000 41 1 1 40 41 41 1 39 1 41 40 1 41 40 40 1 20000 39 40 41 1 41 41 41 20000 20000 41 1 39 39 20000 20000 41 40 1 40 40 41 40 39 20000 41 40 20000 40 1 20000 41 1 41 20000 41 39 20000 39 1 39 39 41 40 20000 39 20000 39 1 1 41 20000 40 1 20000 41 1 41 1 1 20000 39 41 39 41 40 40 39 41 41 20000 20000 1 40 1 39 1 20000 20000 40 39 40 1 20000 39 39 1 39 40 39 39 20000 41 20000 40 40 41 1 1 40 41 20000 20000 39 41 39 41 1 41 40 41 20000 40 41 20000 40 20000 20000 1 39 41 40 40 20000 1 39 39 39 20000 20000 20000 39 39 20000 40 41 39 1 39 1 40 1 20000 41 20000 39 39 1 41 1 1 40 40 40 20000 39 40 40 1 1 40 40 40 41 41 39 39 39 41 39 41 20000 20000 1 20000 20000 1 40 41 20000 41 41 1 41 41 40 40 20000 39 40 39 39 40 1 20000 1 40 39 40 20000 20000 20000 20000 40 39 1 41 40 20000 1 39 20000 20000 20000 40 1 20000 39 41 41 41 20000 20000 40 41 39 39 1 41 39 20000 39 39 20000 41 40 20000 40 41 20000 1 40 41 1 20000 39 40 20000 1 39 40 20000 39 20000 1 1 40 20000 20000 20000 39 41 41 40 1 20000 20000 41 39 39 1 41 40 20000 1 40 40 1 20000 20000 41 40 1 40 20000 40 40 1 20000 41 40 41 39 41 39 39 20000 40 41 40 39 1 41 40 41 39 41 41 39 40 41 20000 40 20000 41 40 20000 40 40 39 1 40 39 40 40 20000 20000 1 40 20000 40 39 41 41 39 20000 41 41 40 1 41 41 1 39 39 20000 20000 39 1 20000 40 20000 1 41 41 39 41 1 41 40 41 40 1 40 39 20000 39 1 39 39 20000 1 1 41 40 41 40 39 39 40 1 40 41 39 40 1 41 20000 40 40 20000 40 40 41 40 41 20000 1 41 1 41 1 40 1 41 41 41 20000 20000 39 40 39 40 40 1 39 41 40 41 39 1 41 40 20000 20000 1 41 40 39 20000 1 20000 20000 41 20000 1 39 39 40 39 41 20000 20000 39 39 1 40 41 1 20000 39 39 39 20000 1 1 40 20000 41 1 39 1 40 39 20000 40 40 41 20000 41 41 41 20000 1 41 39 20000 1 20000 40 1 1 41 1 39 41 41 20000 41 39 41 20000 41 39 20000 41 1 1 1 41 40 1 1 41 40 39 41 39 39 39 1 39 40 1 1 41 39 41 39 40 20000 1 40 20000 41 39 20000 20000 40 1 1 20000 1 41 1 39 40 40 39 20000 20000 1 40 1 39 39 40 39 20000 40 20000 1 41 39 1 39 40 40 41 20000 41 41 40 40 20000 41 20000 39 20000 41 40 39 20000 39 41 20000 20000 39 40 40 40 41 39 1 1 20000 40 39 1 39 40 40 41 41 1 41 20000 1 41 20000 1 40 1 1 1 1 20000 39 20000 20000 20000 20000 1 20000 20000 20000 39 1 41 1 1 1 39 20000 39 39 1 1 1 40 20000 39 41 41 41 40 20000 39 1 1 20000 20000 1 1 1 39 1 1 1 39 20000 20000 39 39 40 20000 41 20000 1 39 39 41 39 1 20000 39 39 1 40 41 39 41 1 39 39 39 1 1 41 1 20000 39 40 39 41 40 39 1 20000 1 41 20000 20000 20000 39 1 39 41 39 40 39 1 40 40 41 40 20000 39 20000 39 41 40 41 40 40 1 39 1 40 1 1 39 20000 39 20000 1 41 1 41 20000 1 1 40 40 40 41 20000 39 41 41 39 20000 20000 41 40 20000 20000 20000 40 39 41 1 1 40 39 1 1 1 41 39 20000 39 39 1 20000 39 41 40 20000 39 41 1 40 39 39 41 1 40 1 39 1 41 40 39 1 41 1 39 20000 39 39 40 41 41 1 41 20000 39 39 41 20000 20000 1 41 20000 20000 1 40 20000 41 20000 20000 40 20000 20000 1 20000 1 1 39 20000 1 41 1 41 41 20000 40 41 41 40 1 39 40 40 41 1 20000 20000 1 1 41 40 40 40 41 1 41 20000 41 39 39 41 41 40 20000 20000 40 20000 39 39 1 41 40 39 39 20000 1 20000 40 1 1 1 1 39 39 39 40 20000 1 41 39 41 40 41 40 39 40 39 1 41 40 39 40 39 39 20000 40 1 40 1 40 1 1 1 39 39 1 41 40 39 20000 41 41 40 1 39 40 20000 39 41 41 1 41 41 40 41 40 1 39 1 20000 40 20000 20000 20000 39 40 20000 40 39 41 40 20000 39 39 41 39 20000 1 20000 1 1 41 40 40 1 39 41 41 1 41 1 41 40 40 20000 1 1 20000 39 41 20000 20000 39 41 20000 39 1 41 41 1 41 39 20000 20000 39 39 1 41 41 1 20000 39 41 20000 1 1 20000 41 20000 39 39 41 39 20000 41 41 40 20000 40 20000 20000 20000 41 1 39 20000 1 41 39 40 41 20000 39 20000 41 20000 1 41 1 39 39 1 40 41 39 39 20000 41 41 1 1 41 20000 41 39 20000 41 40 20000 40 20000 41 41 41 41 40 20000 39 41 39 1 39 1 20000 1 20000 1 41 40 40 41 39 1 1 1 39 39 20000 41 1 41 40 20000 20000 20000 1 1 40 39 40 41 39 20000 1 1 41 39 41 39 1 20000 20000 1 1 1 39 41 40 39 1 41 41 20000 20000 40 40 39 41 41 40 41 20000 41 1 20000 39 41 41 40 41 20000 1 1 39 41 1 1 1 41 1 41 41 39 20000 41 20000 40 40 39 39 41 40 41 41 41 40 39 40 41 20000 1 1 41 39 40 41 1 40 20000 1 1 40 1 41 41 1 40 20000 20000 1 41 1 1 1 40 20000 40 39 1 40 39 39 40 1 41 39 39 20000 39 20000 20000 40 40 41 40 41 1 39 40 40 40 41 20000 40 39 41 1 39 39 20000 1 20000 39 1 39 40 41 1 20000 39 20000 39 20000 20000 41 39 20000 1 40 20000 40 40 1 1 1 1 39 1 41 1 39 41 41 39 41 39 1 41 20000 41 1 39 20000 39 20000 20000 1 1 1 40 41 1 41 20000 20000 1 1 39 1 40 39 39 41 40 39 1 1 39 40 41 40 20000 41 40 1 41 39 20000 20000 1 20000 39 40 20000 1 41 41 40 41 39 39 20000 1 20000 1 41 1 1 40 1 20000 40 20000 40 40 41 39 40 39 41 39 39 20000 20000 41 20000 40 39 39 20000 40 20000 20000 1 40 20000 20000 41 40 41 20000 39 40 40 40 39 39 1 41 41 41 41 40 39 20000 1 1 20000 39 41 20000 40 41 20000 1 40 41 39 41 40 39 39 40 39 1 1 39 40 20000 40 40 1 41 39 20000 41 20000 40 20000 1 40 39 20000 40 41 39 39 41 1 1 39 39 20000 41 40 41 41 39 41 41 20000 41 20000 1 40 39 1 20000 1 41 41 20000 1 40 1 40 40 1 1 20000 1 39 1 41 40 39 39 1 39 40 20000 1 1 39 41 41 20000 41 20000 39 40 39 41 20000 1 40 39 1 39 40 20000 20000 39 40 41 1 20000 20000 41 1 20000 1 40 1 1 40 41 20000 40 1 20000 41 20000 41 39 40 39 40 41 1 1 1 39 41 41 39 41 39 41 20000 40 20000 41 41 39 41 41 40 39 20000 40 1 39 1 20000 40 1 41 39 20000 1 41 20000 1 40 20000 39 39 39 40 40 41 40 1 39 41 1 1 39 41 41 41 41 39 40 39 1 20000 40 20000 41 39 40 40 41 39 39 20000 40 20000 39 41 1 20000 41 20000 20000 20000 39 20000 20000 41 1 40 39 1 20000 20000 41 41 1 20000 39 39 40 39 41 41 41 40 41 41 20000 20000 1 41 41 39 1 40 1 39 40 41 1 39 41 1 20000 20000 39 40 41 40 39 39 39 39 1 20000 39 20000 40 40 1 40 1 20000 1 41 39 1 41 40 40 41 40 20000 20000 40 40 41 40 40 39 20000 39 1 1 40 1 1 1 1 41 40 20000 41 41 41 1 40 20000 40 39 40 41 41 39 1 40 41 20000 39 40 20000 41 39 41 1 41 1 39 40 20000 40 40 41 1 41 20000 20000 20000 39 1 39 1 20000 41 41 40 1 41 41 41 20000 41 20000 1 1 40 41 20000 20000 1 40 20000 39 39 40 20000 40 40 20000 40 41 41 39 39 40 39 40 39 41 40 40 41 39 1 40 1 20000 39 41 41 1 20000 20000 39 41 1 39 41 1 20000 41 40 39 40 40 20000 40 1 20000 39 1 1 41 39 20000 39 39 20000 1 40 40 39 20000 40 1 20000 40 20000 41 20000 20000 20000 40 40 20000 41 1 41 39 41 1 41 1 40 20000 1 41 1 1 1 40 41 39 1 1 39 39 20000 20000 39 20000 39 20000 40 20000 20000 1 40 41 41 40 1 39 40 1 39 40 39 20000 40 41 40 39 1 41 1 40 1 1 41 40 40 41 20000 40 20000 40 20000 1 20000 40 1 40 1 40 41 39 39 1 39 41 1 41 20000 20000 40 1 41 40 41 40 39 41 20000 1 1 41 40 39 41 41 1 1 1 1 20000 41 39 1 39 41 20000 20000 20000 20000 1 41 39 40 20000 1 1 1 20000 41 39 20000 41 41 39 39 1 1 39 40 1 20000 1 41 1 39 41 39 1 1 40 39 41 20000 40 40 20000 41 40 1 1 40 20000 39 40 20000 39 40 40 39 1 20000 20000 20000 40 40 39 41 20000 39 1 41 39 39 41 1 40 39 41 20000 1 40 40 39 40 1 40 20000 39 40 41 39 20000 40 39 20000 39 40 1 41 41 39 41 1 40 40 39 40 41 39 40 39 20000 20000 39 39 41 1 39 40 20000 41 40 40 39 20000 20000 1 1 39 20000 40 41 39 39 39 1 41 20000 1 20000 1 40 20000 41 39 40 40 40 41 40 20000 39 41 1 41 39 20000 1 39 40 41 20000 39 39 39 1 40 20000 39 20000 41 39 20000 41 41 40 1 20000 39 40 41 40 20000 1 40 41 40 20000 41 20000 1 1 39 41 41 39 20000 1 41 1 41 20000 39 40 41 1 1 39 1 41 40 20000 40 20000 41 39 20000 39 1 1 41 20000 41 39 20000 20000 39 20000 39 20000 20000 41 20000 40 40 39 40 1 40 40 41 20000 39 41 41 1 39 41 39 41 41 39 41 20000 39 39 40 20000 20000 1 20000 41 20000 41 20000 40 20000 20000 1 41 41 20000 41 41 40 1 40 41 39 39 20000 1 41 20000 40 1 39 39 41 40 20000 20000 40 20000 40 41 40 39 1 20000 40 41 41 39 40 20000 1 40 1 1 40 1 40 20000 39 39 20000 41 41 1 41 41 39 41 1 20000 41 20000 1 41 40 20000 39 39 41 1 39 1 39 40 1 41 1 39 20000 20000 20000 41 39 40 40 41 39 20000 1 20000 41 41 41 41 39 40 41 1 41 40 1 40 39 20000 40 40 1 1 40 1 39 20000 20000 39 39 41 39 41 39 39 40 20000 39 39 41 20000 39 1 1 39 20000 40 1 20000 40 41 39 1 20000 41 20000 40 40 20000 39 39 1 20000 41 41 39 20000 20000 41 20000 40 41 20000 1 40 1 39 39 20000 39 39 1 41 39 40 20000 1 20000 40 41 1 39 40 41 39 1 20000 41 1 40 20000 40 41 41 1 40 1 1 1 20000 1 20000 40 41 40 20000 1 1 20000 20000 1 40 39 1 1 41 20000 1 40 1 40 40 41 41 20000 20000 39 40 41 1 39 20000 1 39 20000 40 20000 40 39 40 41 1 1 39 20000 39 39 1 1 20000 40 39 1 40 39 1 1 39 41 41 40 41 40 39 1 41 41 41 39 1 1 40 40 1 20000 39 40 40 40 20000 20000 20000 39 20000 20000 40 1 20000 20000 41 41 1 39 20000 39 40 40 41 20000 41 40 40 20000 39 40 20000 41 40 1 39 39 39 1 39 40 1 39 39 41 41 39 40 1 41 41 20000 20000 20000 39 1 39 40 40 40 39 41 41 39 41 39 39 1 1 39 41 39 1 41 41 39 41 20000 41 20000 20000 40 1 39 41 1 1 20000 40 40 1 39 1 39 20000 1 20000 20000 39 39 20000 39 40 41 39 1 1 1 40 41 1 20000 41 39 41 41 40 1 41 39 40 1 39 41 40 20000 1 1 40 1 41 40 40 20000 39 41 20000 39 40 1 41 1 40 1 1 20000 40 1 41 39 39 41 39 39 1 1 39 41 41 40 39 20000 20000 1 41 1 40 20000 1 41 1 1 1 41 40 20000 39 41 20000 40 41 20000 1 40 39 20000 20000 41 1 39 40 41 1 41 41 39 39 1 39 39 20000 39 20000 40 39 40 41 40 1 1 40 40 41 20000 20000 39 1 41 20000 40 41 39 39 20000 39 39 39 20000 41 39 1 20000 40 1 20000 39 20000 41 41 40 20000 1 40 40 20000 20000 40 39 1 40 20000 41 1 1 1 40 40 40 41 1 40 39 40 40 20000 1 40 20000 1 20000 41 39 40 1 40 40 40 41 20000 39 40 39 20000 40 1 40 41 1 41 41 1 39 39 41 40 41 39 20000 39 20000 1 20000 20000 1 40 20000 20000 39 39 40 1 20000 1 41 20000 41 40 41 1 39 40 41 1 39 39 20000 1 41 1 41 20000 41 20000 41 41 20000 41 1 1 39 1 41 40 41 20000 39 20000 39 41 41 20000 20000 1 20000 20000 39 39 20000 1 41 1 40 41 40 1 20000 40 39 40 41 40 39 41 39 20000 40 1 41 41 41 1 1 1 40 39 41 39 41 1 20000 1 20000 1 39 39 41 39 1 39 40 40 41 1 41 39 1 1 40 20000 40 40 40 39 40 41 39 39 1 39 20000 41 1 39 1 41 20000 39 1 41 40 1 39 20000 39 1 1 41 20000 41 41 1 39 39 40 41 41 40 39 20000 39 41 41 39 39 1 40 39 39 40 41 41 41 1 39 20000 41 41 20000 1 20000 40 20000 39 1 20000 20000 1 40 40 1 39 41 1 1 41 39 41 39 40 20000 20000 41 40 41 20000 41 39 20000 41 39 40 39 39 41 41 20000 41 40 1 41 20000 1 1 40 41 39 1 20000 20000 39 39 41 39 20000 40 40 1 41 20000 39 40 20000 1 20000 40 20000 39 1 1 41 39 20000 1 41 1 40 41 20000 39 40 40 1 41 20000 39 20000 39 40 1 40 40 20000 20000 39 20000 41 41 1 41 41 39 39 39 39 40 20000 41 1 41 1 39 39 1 40 39 1 39 20000 39 41 40 1 20000 20000 1 20000 41 40 20000 20000 40 41 41 41 40 41 20000 20000 39 41 40 20000 20000 41 20000 41 41 20000 39 1 20000 20000 41 40 1 1 20000 41 20000 20000 20000 41 39 20000 40 20000 20000 39 20000 39 20000 20000 1 20000 1 41 41 1 1 40 39 39 1 39 41 20000 39 41 1 40 41 1 41 1 41 1 41 41 40 1 41 39 39 39 40 20000 20000 1 20000 40 20000 1 41 40 40 39 40 39 39 39 1 39 39 1 39 41 40 39 41 41 1 20000 39 39 20000 20000 1 41 1 1 40 1 39 41 20000 41 39 40 41 39 41 39 40 20000 39 1 1 40 40 20000 39 20000 20000 20000 20000 20000 39 20000 20000 20000 41 40 20000 1 39 20000 41 40 20000 20000 41 40 1 39 39 41 39 39 39 40 40 40 39 40 39 20000 1 39 1 39 1 39 20000 20000 20000 41 41 20000 41 20000 20000 39 39 1 41 39 41 39 20000 41 1 39 1 40 39 1 39 41 39 39 40 1 40 39 40 41 41 39 40 41 39 40 1 20000 41 39 41 40 40 39 20000 1 41 39 39 40 40 1 39 20000 40 39 40 40 1 39 20000 41 39 41 41 40 1 39 39 20000 40 40 40 20000 20000 20000 1 1 20000 1 20000 20000 40 41 41 20000 40 40 20000 41 41 39 39 39 41 20000 39 20000 39 20000 20000 41 20000 40 41 41 41 20000 41 40 20000 39 39 39 1 39 1 41 40 1 39 40 41 41 1 39 40 1 41 41 39 40 40 39 1 40 40 1 1 40 20000 41 39 1 20000 1 40 40 1 20000 1 40 40 20000 40 39 39 20000 39 20000 41 20000 40 39 1 1 41 20000 1 1 1 20000 1 39 20000 20000 39 1 20000 20000 20000 20000 1 40 41 41 41 1 1 39 39 1 1 40 1 40 39 1 1 39 41 1 41 41 40 40 40 1 41 20000 40 1 40 40 1 1 40 39 1 40 39 41 40 1 41 39 1 1 39 41 40 1 20000 20000 1 41 20000 20000 40 40 40 41 40 40 39 1 39 20000 1 1 1 1 41 1 41 40 1 41 20000 41 40 41 41 39 20000 41 1 41 20000 1 40 1 20000 20000 41 20000 1 20000 1 39 1 39 41 1 40 39 40 41 39 39 20000 41 41 1 20000 39 1 20000 40 1 41 41 41 40 20000 40 40 1 20000 41 1 20000 39 1 20000 1 40 39 20000 20000 39 41 20000 20000 20000 41 20000 39 20000 39 41 40 39 1 1 40 41 1 39 40 20000 1 20000 41 40 1 39 39 20000 41 39 40 40 20000 41 41 39 39 1 20000 1 39 41 41 40 41 1 40 20000 1 41 20000 1 41 39 20000 39 20000 1 40 20000 40 39 1 39 1 39 40 41 20000 1 39 20000 1 1 20000 40 39 39 1 20000 40 1 40 20000 40 41 41 41 40 39 41 40 20000 20000 40 40 20000 20000 20000 20000 1 20000 1 20000 40 1 40 39 41 39 39 20000 39 40 39 20000 41 39 20000 1 1 39 41 40 41 41 41 1 1 39 20000 40 41 39 39 41 40 20000 41 40 41 41 1 1 40 20000 40 40 40 1 39 20000 39 40 20000 39 20000 20000 1 41 41 1 40 1 1 40 1 41 40 39 40 1 1 1 41 40 40 20000 41 1 41 1 1 20000 20000 41 20000 39 41 1 39 39 1 41 41 41 1 41 20000 41 20000 40 20000 1 41 1 40 39 40 39 40 20000 20000 41 1 40 1 41 1 1 39 1 20000 39 20000 40 41 39 40 40 20000 1 20000 41 39 20000 41 20000 20000 39 39 39 39 1 39 40 40 40 20000 1 40 39 1 1 41 1 39 20000 41 1 40 20000 40 1 1 40 1 40 41 20000 39 39 40 1 40 1 1 41 1 41 20000 20000 1 39 20000 1 39 41 39 20000 40 41 20000 20000 40 20000 41 40 1 39 39 39 41 1 1 40 1 40 1 20000 40 40 39 40 20000 40 41 40 40 39 40 41 41 40 40 41 41 40 39 40 41 20000 39 41 1 40 1 40 1 1 41 39 1 40 40 39 1 40 41 40 1 20000 1 20000 39 40 20000 41 39 20000 1 41 41 41 39 1 39 39 20000 40 40 41 39 40 41 39 39 1 39 1 1 41 41 20000 20000 40 20000 41 41 39 40 20000 41 39 41 40 1 1 41 39 40 1 41 1 39 40 40 20000 1 39 39 39 20000 20000 39 39 1 20000 1 41 20000 1 40 40 40 41 20000 40 20000 1 41 40 1 1 20000 39 40 40 39 40 39 40 41 40 39 1 39 41 1 20000 20000 40 1 39 20000 40 39 41 40 39 39 20000 1 20000 20000 20000 1 40 40 1 1 1 1 20000 20000 40 20000 40 41 1 39 41 1 40 20000 20000 41 40 1 40 39 40 40 20000 39 1 40 39 40 41 1 41 1 39 40 39 41 39 20000 1 39 1 1 1 20000 39 39 20000 20000 1 1 41 20000 20000 39 1 1 40 39 39 20000 40 20000 20000 39 20000 40 39 20000 41 20000 20000 39 1 40 40 39 40 20000 20000 39 1 1 41 39 40 20000 40 20000 20000 40 39 1 39 39 41 20000 1 39 40 20000 20000 20000 20000 41 41 1 1 40 39 1 1 20000 20000 20000 1 40 41 1 39 40 40 20000 41 40 1 41 20000 39 20000 20000 1 1 40 40 39 39 41 39 39 40 40 20000 20000 41 41 40 1 39 20000 39 41 40 39 39 1 20000 41 40 1 40 40 20000 20000 40 1 20000 39 41 39 1 1 41 1 1 39 39 39 40 41 41 39 41 39 39 40 1 41 41 20000 39 20000 40 40 41 41 1 41 40 39 41 39 40 41 1 1 1 39 41 40 1 39 39 40 39 20000 41 41 1 39 41 40 40 39 20000 1 41 20000 20000 40 39 40 41 39 39 41 41 39 1 39 41 41 1 40 41 40 1 40 39 41 39 20000 20000 41 40 40 39 20000 41 1 41 20000 41 39 41 20000 20000 1 20000 41 39 1 41 20000 20000 20000 40 40 40 20000 41 40 41 1 39 1 20000 1 20000 39 1 41 1 39 1 41 20000 40 41 40 40 40 41 41 1 39 1 1 1 41 40 20000 40 41 20000 39 41 41 20000 20000 39 40 41 39 41 41 39 40 41 39 1 39 41 40 39 20000 40 40 1 39 41 41 1 41 20000 20000 41 1 41 40 20000 41 41 40 20000 1 40 41 39 41 20000 20000 39 40 41 40 20000 41 20000 20000 40 40 41 40 20000 1 39 1 1 20000 41 20000 1 1 39 40 39 1 39 20000 40 1 20000 1 20000 40 39 20000 40 20000 40 39 39 40 1 20000 39 39 40 41 1 41 39 39 41 1 40 1 41 40 1 20000 39 39 40 1 1 41 39 41 1 41 20000 40 41 40 20000 20000 39 39 1 39 41 1 1 40 40 1 41 39 40 1 40 39 39 20000 39 1 39 20000 41 20000 40 1 40 40 40 1 1 41 41 40 20000 20000 41 20000 41 39 39 20000 41 1 1 41 20000 40 20000 41 40 39 40 39 41 39 20000 1 39 41 1 40 1 20000 20000 20000 40 41 20000 1 41 20000 1 1 39 40 1 39 41 39 41 20000 1 40 41 1 39 41 39 1 41 39 39 20000 41 40 41 40 39 20000 41 40 1 41 41 39 20000 40 39 20000 20000 20000 1 41 41 1 40 39 39 40 39 40 39 39 20000 40 40 39 1 20000 40 39 39 20000 39 40 20000 41 40 39 1 20000 41 1 1 40 41 39 40 20000 41 1 39 20000 20000 1 40 1 1 41 40 39 41 39 20000 20000 40 40 20000 20000 20000 40 1 41 40 20000 1 20000 20000 41 20000 41 1 39 1 41 40 1 40 20000 40 39 40 1 39 41 20000 20000 20000 41 20000 40 40 41 40 41 1 20000 39 1 20000 1 39 20000 41 40 40 39 39 1 39 41 39 39 1 39 40 39 39 41 40 20000 41 20000 1 1 41 41 1 1 40 1 39 41 20000 20000 41 1 40 1 39 40 20000 39 41 20000 1 1 1 1 39 20000 41 39 20000 1 39 1 40 1 1 39 1 1 39 40 20000 40 1 20000 39 41 41 41 39 20000 41 1 40 40 40 39 39 40 20000 40 20000 41 20000 40 1 40 39 1 40 20000 40 41 20000 39 20000 40 40 41 41 41 39 20000 20000 40 41 41 40 39 20000 40 1 1 1 41 40 40 39 40 1 41 20000 1 41 41 40 39 40 41 20000 41 20000 1 40 39 39 39 20000 20000 20000 41 1 1 20000 1 1 20000 20000 39 41 39 40 1 39 40 41 41 20000 39 1 1 40 41 1 41 41 20000 20000 41 40 20000 41 40 1 41 40 39 41 39 39 20000 41 1 41 20000 41 20000 1 39 1 40 20000 20000 39 41 39 39 41 1 40 41 1 1 20000 20000 41 40 39 1 20000 20000 1 39 1 1 40 20000 39 41 39 1 1 20000 40 39 1 41 20000 1 41 40 40 41 1 39 39 41 39 40 40 20000 1 40 1 20000 1 41 40 41 20000 39 20000 40 1 20000 1 41 40 39 1 20000 40 41 40 20000 39 1 20000 39 20000 20000 20000 39 20000 41 41 20000 41 1 39 40 41 40 20000 1 40 41 1 1 39 39 40 1 1 41 41 39 41 40 20000 40 40 20000 20000 1 1 39 39 1 1 1 20000 20000 40 39 40 40 1 40 39 1 41 39 39 40 41 40 40 40 39 40 41 20000 41 41 20000 41 20000 39 40 39 39 39 41 39 40 40 39 41 20000 39 41 41 41 40 39 1 41 1 41 39 20000 41 41 41 41 41 39 40 39 1 41 1 39 40 41 41 1 20000 40 20000 39 41 39 20000 20000 39 39 1 1 20000 41 39 39 41 39 39 20000 39 40 40 20000 1 1 39 20000 1 1 20000 20000 40 41 41 20000 40 20000 20000 39 1 40 41 40 20000 41 40 40 39 1 39 41 1 20000 39 1 39 39 20000 20000 40 39 41 20000 20000 40 1 40 40 39 39 40 40 1 39 39 40 40 39 1 1 39 39 20000 41 39 39 40 20000 41 20000 41 41 39 40 40 1 41 40 1 20000 41 39 41 40 39 39 20000 39 41 20000 40 39 20000 40 1 20000 39 1 20000 41 39 39 20000 20000 40 39 20000 1 39 1 20000 1 41 39 41 20000 39 1 1 20000 20000 41 20000 41 40 20000 41 20000 39 39 39 39 41 40 20000 40 40 20000 20000 39 39 39 41 41 1 1 40 39 20000 39 39 1 41 39 41 20000 39 40 41 20000 1 41 1 1 39 40 41 39 40 40 41 20000 39 20000 39 40 1 1 40 39 1 1 1 20000 39 20000 40 39 41 39 39 40 20000 40 41 39 1 1 39 40 40 39 41 40 41 1 41 40 41 39 40 40 40 41 39 39 1 40 1 39 20000 40 1 41 41 41 41 20000 40 1 1 1 1 40 41 41 20000 41 20000 39 39 40 40 41 20000 40 20000 1 1 40 20000 20000 41 40 41 1 41 39 20000 20000 20000 1 1 39 39 1 41 39 41 39 1 41 39 1 20000 39 20000 41 20000 39 20000 20000 41 39 39 1 1 20000 40 39 1 1 40 39 39 20000 20000 39 1 40 41 41 40 20000 41 41 39 1 40 40 39 1 40 39 20000 40 40 40 20000 20000 39 40 20000 1 39 20000 40 1 20000 39 1 20000 20000 40 1 39 20000 41 40 20000 40 39 39 39 41 39 20000 20000 39 40 41 41 20000 1 40 40 20000 1 20000 20000 20000 39 1 41 20000 39 39 39 41 41 1 40 40 20000 20000 20000 39 41 40 40 39 41 39 20000 20000 41 41 39 1 41 41 39 39 39 41 20000 1 39 39 40 40 20000 40 1 40 40 40 20000 41 1 20000 1 1 1 40 20000 1 39 1 20000 39 40 40 40 39 1 40 1 41 40 39 20000 20000 41 39 1 39 39 1 39 39 40 20000 39 41 20000 40 40 20000 40 20000 40 41 1 1 1 40 41 39 1 39 41 20000 41 41 40 40 39 39 39 39 20000 41 41 20000 39 40 39 39 39 39 40 39 40 39 40 41 1 40 20000 20000 41 1 39 20000 40 41 40 39 41 40 39 40 39 1 1 39 1 40 41 40 39 20000 40 20000 39 20000 40 40 20000 40 1 41 1 40 41 39 1 1 1 39 40 40 1 39 40 1 20000 20000 41 1 39 40 41 1 41 39 1 41 40 1 40 20000 40 41 1 20000 20000 40 40 1 1 41 39 20000 40 1 39 20000 20000 39 40 1 41 40 20000 1 41 41 40 1 20000 1 40 41 41 1 1 41 40 20000 1 39 40 20000 20000 41 40 20000 40 1 40 41 40 41 39 1 39 40 40 20000 41 41 1 41 20000 40 1 20000 40 20000 1 1 1 39 41 39 40 40 39 1 40 41 39 1 20000 40 39 1 41 1 20000 39 20000 20000 41 40 39 40 1 39 39 20000 20000 41 39 1 39 39 20000 41 39 20000 41 40 41 39 41 41 1 40 41 39 39 1 41 40 1 41 20000 40 39 1 40 39 41 39 39 20000 1 39 1 40 39 39 40 39 40 1 39 41 1 40 20000 39 20000 40 40 1 1 40 20000 39 20000 41 39 20000 41 39 39 40 1 40 20000 41 1 20000 41 1 39 1 41 20000 41 41 20000 40 1 41 40 1 40 41 40 40 20000 40 1 20000 39 1 39 41 20000 20000 41 39 41 39 39 40 1 20000 40 39 39 40 40 40 40 20000 41 20000 41 20000 41 39 20000 1 1 41 39 39 20000 1 40 39 20000 20000 1 39 39 20000 40 39 41 41 39 20000 1 20000 39 1 1 39 20000 1 20000 41 1 20000 40 39 1 39 40 1 20000 39 20000 1 20000 40 39 41 1 20000 39 1 1 1 40 20000 20000 39 1 39 20000 41 1 20000 20000 20000 1 20000 40 40 40 1 39 1 39 41 39 1 41 20000 41 20000 20000 1 41 41 40 1 1 39 39 40 20000 20000 41 40 39 1 20000 41 1 20000 20000 20000 41 40 40 20000 1 1 40 1 1 1 41 40 40 41 1 1 39 40 40 39 39 40 41 41 40 40 39 40 41 40 39 41 1 39 39 39 41 39 40 41 39 20000 1 20000 1 39 41 1 1 39 41 1 20000 39 39 40 20000 39 40 1 39 41 40 20000 20000 1 40 39 39 41 41 39 1 1 40 1 1 39 1 20000 20000 41 41 40 41 1 20000 40 39 20000 41 40 20000 41 39 1 1 41 20000 1 40 1 20000 40 20000 39 39 41 20000 20000 39 41 39 39 41 40 1 41 40 1 39 40 41 40 39 1 41 20000 41 1 39 20000 20000 40 41 20000 40 40 20000 39 41 40 1 41 20000 1 41 1 39 39 41 1 1 39 20000 41 20000 1 41 41 39 1 20000 41 20000 40 20000 41 39 40 41 41 40 40 39 41 39 39 1 39 41 39 20000 20000 39 39 1 41 41 20000 20000 39 41 40 40 1 41 39 41 20000 41 20000 1 41 40 41 1 40 39 20000 20000 39 41 40 40 41 39 39 1 1 39 1 1 39 1 1 41 40 1 1 20000 40 39 1 20000 1 41 1 20000 1 1 40 1 39 39 1 41 20000 1 41 39 1 20000 1 41 41 39 1 39 1 41 39 39 1 1 39 1 20000 41 1 41 40 41 41 40 1 41 39 39 1 41 41 41 41 1 40 40 39 40 41 1 20000 41 41 20000 39 41 39 20000 20000 20000 1 41 39 1 20000 39 40 1 20000 20000 20000 40 39 41 20000 1 20000 39 39 1 20000 39 1 40 41 40 41 39 20000 39 39 20000 40 20000 1 41 20000 40 40 41 1 20000 40 40 39 40 41 1 1 40 39 41 39 40 39 39 41 39 41 40 1 39 39 1 20000 1 40 20000 40 41 1 1 1 1 41 39 40 41 40 41 41 20000 41 20000 20000 20000 39 39 39 20000 39 40 1 20000 41 20000 40 39 1 41 39 1 40 20000 39 41 20000 41 39 39 41 40 1 1 41 40 40 39 39 40 41 20000 41 1 40 41 40 41 1 20000 41 39 39 41 40 1 39 1 39 41 41 41 1 20000 39 41 40 41 39 1 20000 41 40 39 1 41 1 39 20000 41 20000 20000 40 41 41 40 41 20000 1 41 39 1 40 20000 40 20000 1 20000 40 40 39 1 20000 20000 20000 40 1 1 41 40 40 41 41 39 39 39 1 1 20000 41 20000 39 20000 41 1 20000 40 20000 40 41 1 1 1 41 20000 40 40 39 20000 40 41 1 39 39 20000 20000 1 40 39 1 39 1 20000 39 41 39 40 40 40 20000 39 1 39 1 39 41 20000 1 20000 20000 1 39 39 39 39 39 1 20000 41 20000 41 1 41 40 20000 41 41 41 20000 40 39 39 41 20000 39 20000 20000 1 39 40 1 40 41 41 39 1 40 20000 41 1 41 20000 20000 20000 40 1 39 41 20000 41 40 40 20000 20000 20000 20000 39 39 40 20000 20000 39 41 40 40 1 20000 40 1 1 20000 41 40 1 1 20000 39 1 40 39 1 39 20000 1 41 39 40 1 39 20000 20000 20000 1 41 40 20000 41 20000 1 41 40 39 40 20000 41 1 39 20000 39 41 41 1 40 41 40 1 39 41 40 39 39 41 39 41 40 1 40 40 39 39 40 1 20000 39 41 40 41 39 20000 40 20000 1 40 41 39 20000 1 40 40 20000 1 40 1 41 41 41 40 40 20000 41 41 1 1 39 39 1 40 41 1 41 20000 39 40 1 40 1 39 20000 41 40 1 20000 1 1 20000 1 39 39 39 39 39 39 40 40 41 1 20000 41 40 41 40 40 1 39 20000 41 39 41 41 41 40 20000 40 20000 41 41 41 20000 41 20000 20000 39 41 39 40 40 20000 41 40 1 41 1 40 20000 20000 39 40 1 1 1 39 41 41 20000 39 41 41 20000 39 39 41 20000 39 1 20000 40 1 1 1 40 41 39 20000 1 41 39 40 41 20000 1 41 41 41 1 40 39 40 1 40 20000 41 39 40 41 1 1 1 39 39 41 20000 41 20000 40 1 41 1 41 20000 39 1 1 1 20000 41 40 39 40 39 40 40 1 1 20000 20000 39 41 40 1 1 20000 20000 40 1 41 20000 40 41 39 1 41 41 40 20000 41 41 39 1 41 39 20000 39 40 39 1 40 41 40 39 40 40 40 41 20000 40 1 40 20000 20000 1 20000 40 39 41 40 39 40 1 41 39 20000 1 40 40 20000 41 40 41 39 1 40 1 1 1 1 1 40 1 41 39 20000 20000 41 40 20000 40 1 40 40 1 39 39 41 40 40 1 40 20000 20000 1 39 1 39 20000 39 41 40 39 41 20000 1 39 40 20000 20000 20000 39 41 39 20000 1 20000 39 41 1 1 41 39 40 41 20000 41 40 40 1 40 41 39 40 20000 40 39 39 1 20000 40 40 41 41 40 39 39 1 1 40 40 1 40 39 41 40 39 1 1 20000 20000 39 20000 20000 40 41 40 39 1 20000 40 39 40 40 1 40 39 40 1 41 40 41 1 1 39 20000 40 39 41 41 1 40 1 20000 39 1 40 40 41 20000 20000 1 20000 41 40 39 20000 1 41 20000 40 39 41 40 20000 39 39 40 39 40 1 39 20000 20000 40 41 20000 41 40 41 20000 20000 41 41 20000 39 41 20000 39 41 40 1 41 39 40 40 39 39 41 40 20000 20000 41 20000 39 1 41 1 20000 41 41 39 39 20000 20000 41 40 1 39 39 1 20000 40 20000 39 1 20000 41 1 39 41 40 41 1 20000 20000 39 40 40 20000 41 39 39 40 41 39 20000 20000 20000 1 39 1 41 1 41 40 20000 40 1 1 41 1 40 39 40 1 40 20000 1 20000 20000 40 39 41 40 20000 39 40 41 20000 20000 40 20000 40 39 40 41 20000 20000 20000 20000 40 41 39 39 20000 40 20000 39 39 41 40 20000 20000 1 40 40 39 1 20000 39 40 40 39 39 40 40 41 39 20000 39 39 40 39 41 39 1 41 41 40 1 39 41 1 39 41 39 20000 20000 1 1 41 39 39 40 40 40 39 20000 39 41 39 41 40 20000 39 20000 40 39 20000 40 40 20000 1 1 39 20000 40 39 40 41 40 20000 1 20000 20000 41 41 41 20000 39 1 40 1 20000 40 41 40 20000 20000 20000 1 40 41 1 1 20000 41 40 39 1 1 41 39 40 20000 1 40 1 40 20000 39 40 39 1 40 41 20000 20000 40 41 40 41 20000 41 20000 41 1 39 40 41 41 39 1 40 39 40 39 40 20000 1 20000 1 39 40 40 20000 39 1 41 20000 40 40 41 41 39 39 40 1 20000 40 39 1 1 39 41 39 39 39 39 39 41 1 40 20000 40 20000 41 39 41 1 41 20000 1 41 39 1 41 41 41 39 39 1 39 40 40 41 20000 39 1 20000 40 39 39 41 1 41 1 1 41 41 41 40 39 39 1 20000 1 40 39 39 1 41 40 20000 40 1 20000 20000 39 41 20000 40 40 20000 20000 41 20000 1 40 39 40 20000 1 41 41 40 39 39 1 1 40 1 40 40 20000 40 20000 20000 1 41 39 1 40 1 40 41 1 40 1 39 41 41 20000 1 1 20000 40 41 40 39 41 1 1 1 40 40 41 1 40 20000 1 41 40 1 41 1 40 1 39 20000 40 1 39 1 1 39 40 1 39 1 20000 1 41 39 39 39 20000 1 41 40 41 39 40 41 1 40 1 40 1 1 41 39 40 20000 39 1 40 41 1 20000 40 20000 41 39 41 40 41 41 1 41 1 39 41 41 39 40 40 41 41 39 40 40 1 39 41 1 41 41 20000 39 39 40 41 20000 20000 41 41 20000 1 39 41 41 40 39 39 39 41 39 41 20000 41 20000 41 40 1 1 1 20000 39 40 41 41 40 1 20000 20000 41 40 40 1 20000 20000 41 20000 20000 39 1 1 39 39 39 20000 1 20000 1 20000 41 41 20000 40 39 20000 20000 41 1 39 20000 20000 20000 39 20000 1 1 41 1 41 41 40 20000 41 1 39 41 20000 40 40 20000 39 40 39 20000 1 1 20000 41 20000 40 41 20000 41 40 1 41 40 40 40 20000 39 39 1 1 1 20000 39 20000 41 1 40 20000 41 41 40 41 20000 40 40 20000 40 20000 1 20000 41 39 1 40 1 1 1 20000 20000 40 39 1 39 39 1 1 40 20000 40 39 20000 1 39 39 20000 20000 40 1 1 40 40 20000 40 40 41 41 20000 1 41 20000 1 39 40 39 41 1 1 41 20000 39 39 20000 41 1 1 39 40 20000 41 1 20000 40 41 39 1 1 40 20000 41 41 1 39 41 20000 1 39 41 41 20000 1 39 40 20000 1 1 40 20000 1 20000 1 20000 41 41 1 20000 41 1 39 39 40 20000 1 20000 20000 1 41 40 40 39 39 1 20000 41 40 20000 1 39 40 41 39 39 41 39 20000 20000 1 1 41 41 1 41 40 40 40 41 20000 1 20000 1 39 41 20000 41 1 41 39 41 39 20000 1 39 20000 1 41 20000 40 41 1 20000 40 41 41 20000 39 1 1 1 40 20000 39 1 39 41 1 40 39 20000 41 41 39 41 40 40 39 20000 40 20000 20000 40 20000 40 40 39 20000 1 40 20000 39 41 1 40 40 40 41 40 1 1 20000 39 40 40 40 40 1 39 39 40 39 41 40 20000 20000 1 20000 41 20000 40 40 1 40 20000 20000 20000 40 1 20000 1 40 20000 20000 40 40 40 39 41 1 39 20000 40 40 41 20000 1 20000 39 41 39 39 40 1 40 41 41 20000 1 39 39 41 39 20000 39 41 41 1 20000 39 40 41 40 20000 39 39 41 1 40 1 20000 1 40 1 39 40 41 1 39 40 39 40 40 1 40 39 1 39 1 1 40 41 1 41 39 40 20000 40 39 40 20000 20000 41 41 20000 41 40 40 1 41 39 1 40 41 39 1 41 40 20000 40 20000 40 39 40 41 39 1 1 40 20000 41 1 20000 20000 1 1 1 41 40 41 1 40 40 40 39 40 41 41 1 40 41 1 1 1 40 40 39 1 39 39 40 1 1 40 20000 40 20000 39 40 41 20000 40 41 41 40 20000 20000 39 40 39 20000 1 40 39 40 1 1 20000 40 40 1 39 1 40 20000 20000 1 41 20000 1 41 40 20000 20000 39 39 1 39 20000 40 41 1 40 1 41 41 1 40 20000 41 40 41 41 39 1 39 40 1 1 39 39 20000 1 20000 41 40 41 40 1 39 41 39 41 39 20000 41 39 39 41 41 40 1 41 41 20000 40 40 1 40 40 20000 41 39 1 20000 40 1 40 39 20000 20000 40 39 41 39 1 20000 20000 41 20000 40 1 20000 20000 1 41 20000 20000 20000 40 20000 41 20000 40 41 40 1 41 41 1 20000 41 39 41 40 40 41 39 39 40 20000 20000 41 39 39 41 40 40 20000 40 40 20000 1 20000 40 39 40 20000 20000 40 41 1 40 20000 39 39 41 39 1 40 40 39 20000 20000 40 39 41 1 39 1 39 20000 20000 39 20000 41 40 41 39 41 39 20000 1 20000 1 41 39 40 41 39 40 40 39 41 39 20000 41 40 40 1 1 40 41 39 41 41 1 41 41 1 39 1 41 1 20000 39 39 41 40 20000 40 39 1 41 20000 40 20000 39 39 1 1 39 1 1 39 39 41 41 1 20000 39 20000 20000 1 41 20000 20000 20000 20000 40 40 41 40 39 39 20000 39 41 1 1 1 41 41 41 40 1 1 20000 1 39 41 41 41 41 1 20000 40 41 40 40 39 20000 20000 39 20000 20000 39 1 40 40 41 39 39 39 41 39 1 41 20000 41 20000 41 41 40 41 39 20000 41 41 39 20000 20000 41 39 1 40 39 40 41 40 41 1 41 40 20000 39 40 20000 40 1 39 41 41 41 39 1 41 39 1 41 1 1 41 20000 41 39 1 1 20000 41 41 41 41 39 20000 40 20000 39 39 41 1 39 40 20000 1 39 39 20000 40 1 39 41 41 40 41 40 40 41 40 39 20000 39 41 1 41 39 40 40 1 1 20000 20000 41 1 41 40 20000 20000 39 39 41 41 41 1 41 39 1 20000 40 1 1 41 40 20000 20000 41 40 20000 40 41 41 1 41 40 20000 40 1 1 40 40 1 41 1 40 1 20000 20000 1 1 20000 39 40 41 1 40 1 20000 40 1 20000 20000 41 39 40 39 41 41 20000 41 41 39 20000 39 39 1 39 39 41 40 41 39 41 20000 39 41 1 20000 40 39 1 40 40 20000 40 20000 39 20000 20000 20000 40 1 20000 40 40 1 20000 39 41 1 39 1 39 39 41 40 41 39 1 40 40 20000 41 20000 20000 20000 20000 41 39 39 1 1 40 40 41 20000 39 39 40 20000 41 39 40 1 1 1 20000 20000 41 39 1 20000 20000 41 20000 1 41 1 1 1 39 41 1 40 20000 40 40 39 41 20000 20000 39 40 39 40 1 39 39 20000 41 20000 1 40 40 41 41 1 41 1 1 20000 41 40 41 1 41 39 20000 41 39 40 41 39 1 20000 40 20000 41 41 40 20000 20000 41 41 20000 41 20000 1 1 20000 20000 39 41 40 1 1 1 41 1 40 39 39 39 1 20000 1 40 39 40 20000 41 20000 1 20000 41 1 41 39 20000 20000 1 41 20000 20000 41 39 20000 40 39 20000 40 40 20000 20000 40 39 40 1 1 20000 20000 1 41 39 41 41 41 1 39 20000 39 1 20000 41 40 40 20000 40 41 41 40 1 20000 40 1 39 1 41 41 39 40 40 40 41 41 20000 39 39 39 39 39 1 39 1 40 1 1 39 40 1 41 39 20000 40 20000 40 20000 41 20000 20000 41 39 40 1 1 20000 1 1 1 1 39 41 20000 20000 41 41 20000 41 41 39 20000 40 41 1 20000 40 40 20000 20000 41 40 40 41 41 20000 41 40 20000 1 41 1 20000 1 40 40 41 40 1 1 1 41 20000 39 39 20000 39 20000 39 41 1 41 1 39 41 39 39 41 39 20000 20000 39 1 1 1 20000 1 20000 1 1 1 41 20000 1 1 39 1 20000 41 39 41 39 1 39 1 1 1 1 39 40 1 39 41 20000 20000 39 39 41 39 20000 39 1 1 1 1 41 39 41 20000 39 20000 39 20000 20000 20000 1 40 1 41 40 20000 41 40 40 39 41 41 20000 39 39 39 20000 20000 40 41 41 20000 40 40 40 39 40 1 20000 20000 40 40 20000 41 20000 39 40 20000 20000 39 40 1 40 40 40 39 1 40 1 41 39 41 41 40 1 41 20000 1 20000 40 20000 41 41 1 41 41 1 20000 40 20000 1 39 40 40 40 39 40 39 20000 39 39 20000 40 40 41 41 41 39 20000 20000 1 1 41 41 20000 40 40 1 1 1 39 1 39 40 40 20000 39 41 1 39 41 40 40 40 20000 20000 40 20000 41 41 20000 39 20000 1 20000 39 41 20000 39 39 20000 39 1 40 1 1 40 1 20000 1 40 20000 39 40 39 41 41 20000 20000 39 20000 41 39 20000 20000 41 41 20000 20000 39 39 20000 40 41 39 1 39 1 1 39 39 40 20000 20000 1 40 1 39 20000 41 41 40 20000 40 41 20000 40 39 20000 41 41 41 40 1 1 41 39 41 40 20000 1 1 20000 39 40 41 41 41 39 20000 20000 41 20000 39 41 39 40 41 1 20000 40 20000 20000 40 40 20000 39 1 39 20000 40 41 40 40 41 1 39 20000 41 40 39 20000 20000 1 1 20000 1 40 40 39 20000 40 41 39 1 1 39 20000 39 41 40 39 40 39 39 41 20000 40 41 20000 1 39 40 40 1 40 1 39 40 41 39 39 40 40 40 40 41 20000 39 40 40 1 20000 20000 1 1 39 20000 40 40 39 39 20000 20000 39 20000 20000 40 1 41 40 40 39 20000 39 41 41 40 41 1 1 41 20000 40 41 20000 39 39 40 1 41 39 1 1 40 39 1 1 41 1 41 40 41 20000 41 41 1 39 41 40 20000 41 1 40 41 39 1 20000 20000 39 40 40 41 20000 39 39 41 39 40 1 41 20000 40 40 20000 20000 40 40 41 39 39 1 40 41 1 41 20000 39 1 41 1 40 20000 20000 41 40 20000 1 20000 40 40 40 41 1 41 41 41 1 39 1 40 20000 40 41 41 39 39 20000 1 41 40 40 39 39 41 1 39 20000 40 39 1 41 20000 39 41 20000 39 39 39 39 40 1 39 41 41 40 39 40 41 40 1 1 1 39 41 41 39 41 20000 1 40 1 1 40 40 1 20000 20000 40 39 39 20000 20000 40 1 41 20000 41 41 41 1 39 40 40 41 20000 1 40 1 41 40 1 1 1 40 1 40 20000 1 40 41 20000 1 20000 20000 40 40 1 1 39 20000 40 39 20000 41 40 1 39 39 1 40 20000 39 1 1 1 40 40 40 39 20000 40 40 41 40 40 39 40 41 1 20000 40 39 41 20000 1 20000 41 41 41 1 1 1 20000 20000 1 40 1 39 41 40 1 39 1 41 20000 41 41 41 1 1 20000 41 20000 20000 20000 41 41 20000 20000 40 41 41 1 41 40 20000 39 40 1 39 20000 20000 20000 40 20000 40 20000 41 40 20000 39 20000 1 20000 40 1 40 20000 39 40 40 20000 40 20000 20000 1 39 1 41 41 1 1 1 40 39 40 40 40 1 1 40 40 1 1 39 41 41 41 41 40 20000 41 20000 40 41 39 20000 20000 41 40 1 40 40 20000 40 20000 41 1 40 20000 39 1 39 41 40 20000 41 1 41 41 20000 40 20000 20000 40 40 41 20000 1 20000 1 40 20000 20000 40 40 20000 20000 1 39 39 40 40 39 39 1 39 1 20000 20000 39 1 20000 1 39 20000 1 20000 40 41 41 41 40 41 1 39 20000 20000 40 20000 39 1 1 41 41 40 41 20000 39 41 1 20000 20000 39 40 41 40 39 1 41 41 41 1 41 40 39 1 20000 39 1 41 40 20000 40 20000 41 40 20000 20000 41 40 20000 1 20000 20000 20000 41 1 40 20000 40 39 41 20000 20000 41 41 20000 1 39 41 41 41 39 20000 39 1 41 1 39 40 20000 39 40 41 39 41 39 40 40 39 1 1 1 40 40 41 1 1 20000 41 1 39 39 20000 39 1 20000 40 41 20000 41 40 40 39 41 41 39 39 39 41 39 20000 39 39 20000 1 40 39 40 41 41 20000 20000 39 20000 39 39 20000 1 41 1 40 1 41 39 20000 1 39 40 39 20000 39 40 20000 39 41 40 39 39 1 1 40 20000 1 41 40 41 39 1 41 1 39 41 1 41 20000 41 39 40 1 1 41 39 39 40 20000 41 1 39 41 41 20000 39 1 40 41 41 40 20000 20000 39 40 40 40 41 39 39 1 41 41 1 41 39 41 40 40 1 20000 39 40 1 1 20000 20000 39 41 40 41 41 40 41 1 1 20000 41 41 39 40 20000 41 1 1 39 41 41 39 1 20000 41 39 40 39 1 39 39 41 1 20000 39 20000 20000 40 40 39 1 20000 40 20000 1 40 1 41 39 41 40 41 39 40 39 39 1 39 1 20000 20000 40 39 40 41 40 20000 39 40 20000 41 20000 39 40 1 1 1 41 39 39 20000 39 40 20000 41 39 20000 39 40 41 40 20000 39 41 39 41 41 41 41 20000 39 41 41 20000 1 20000 20000 39 39 20000 41 40 39 20000 41 40 41 39 40 39 20000 39 39 20000 20000 20000 40 41 1 41 20000 20000 40 41 20000 39 40 41 1 40 41 40 1 40 40 20000 20000 1 39 40 40 20000 41 39 40 39 40 41 1 1 40 41 20000 41 39 20000 40 39 40 1 40 20000 20000 20000 20000 40 20000 40 1 20000 40 39 1 20000 41 39 39 40 41 1 39 39 41 39 39 39 39 41 1 1 39 41 40 41 41 40 39 41 41 41 41 39 40 41 39 40 41 41 39 40 20000 39 40 40 20000 40 40 39 1 1 39 40 41 40 20000 40 39 39 39 20000 1 40 1 1 1 41 39 39 41 20000 20000 20000 39 20000 1 39 1 41 39 20000 20000 40 40 20000 39 39 39 39 20000 39 40 20000 20000 40 41 39 40 39 40 41 39 1 39 40 40 40 39 20000 41 41 39 1 1 40 1 41 40 40 40 1 41 41 39 1 40 39 1 39 39 41 40 41 40 39 20000 1 40 39 20000 20000 39 1 41 41 1 39 20000 40 1 41 41 41 41 20000 41 41 40 20000 40 1 41 40 39 20000 1 41 40 40 20000 20000 1 1 1 1 41 41 39 40 20000 40 20000 39 41 41 1 41 39 20000 40 20000 1 1 41 20000 41 20000 40 41 1 41 39 1 41 41 40 20000 40 20000 20000 1 41 40 39 1 1 39 1 39 41 1 39 39 39 40 39 40 39 40 1 1 39 41 39 39 20000 39 41 1 20000 41 39 40 20000 39 39 40 1 40 20000 40 40 39 41 1 1 41 20000 41 1 40 1 41 41 20000 40 39 39 39 41 1 39 39 1 40 1 1 41 40 39 39 40 39 41 39 40 39 39 40 1 39 20000 20000 20000 41 20000 41 1 1 41 39 40 41 1 40 41 40 40 39 1 39 1 39 1 1 41 40 20000 41 40 20000 40 40 39 41 20000 40 40 41 41 1 20000 41 40 1 20000 1 1 40 1 1 40 41 41 20000 40 20000 20000 1 41 40 40 40 41 40 1 20000 41 39 40 39 1 40 39 39 41 1 20000 20000 1 1 39 39 39 1 39 41 1 20000 20000 40 20000 40 20000 39 1 39 40 20000 39 1 40 39 41 20000 39 20000 40 41 39 20000 1 41 41 41 39 40 39 1 1 40 40 40 39 41 1 1 20000 41 20000 1 39 39 40 41 20000 20000 20000 20000 1 40 20000 40 20000 20000 39 1 40 41 40 20000 41 20000 40 20000 20000 1 39 39 39 39 1 41 39 40 41 39 39 40 40 39 41 41 41 40 40 40 39 39 1 1 41 20000 40 20000 41 39 40 1 41 1 1 20000 1 20000 41 20000 40 40 40 40 39 40 1 39 41 40 20000 40 39 1 1 40 40 39 20000 39 1 20000 39 41 40 1 39 41 41 40 1 20000 1 39 39 1 39 39 41 39 20000 40 41 39 39 40 41 40 39 41 41 40 39 41 20000 39 1 41 1 39 39 41 40 41 41 40 40 1 20000 1 1 39 41 20000 41 41 20000 40 20000 39 41 39 41 41 40 41 39 39 40 41 41 40 20000 41 41 40 40 20000 41 41 1 40 40 41 39 20000 1 41 40 39 39 40 41 40 41 41 1 40 1 20000 1 39 41 39 39 20000 1 40 39 41 41 1 40 40 41 39 41 39 20000 1 40 40 20000 1 20000 20000 1 41 40 20000 39 20000 40 20000 1 20000 20000 20000 39 40 20000 1 39 41 20000 41 40 39 40 20000 39 39 40 41 41 41 39 39 40 1 39 39 41 39 39 1 1 1 41 39 20000 40 41 1 1 39 20000 1 40 41 39 40 40 39 40 39 40 20000 1 20000 39 41 39 40 40 20000 39 1 41 20000 1 41 41 40 39 39 41 40 39 1 20000 20000 40 40 20000 39 39 1 20000 1 20000 20000 1 1 41 40 20000 41 39 1 1 41 1 41 41 41 41 1 39 1 41 20000 41 1 20000 40 39 20000 39 41 40 41 39 1 1 1 1 39 41 40 39 40 40 1 41 20000 39 40 39 41 40 20000 1 41 41 39 20000 39 20000 41 39 40 20000 40 39 20000 39 40 39 1 41 41 39 20000 39 20000 20000 39 1 40 39 39 41 40 40 20000 41 20000 39 1 1 40 41 20000 1 20000 41 1 40 20000 39 40 39 20000 39 20000 1 41 40 20000 39 39 20000 39 1 20000 20000 41 1 41 40 41 40 41 1 41 1 41 20000 40 39 39 40 20000 39 41 39 1 41 40 1 1 20000 39 40 40 41 20000 20000 1 1 20000 20000 1 40 41 20000 39 20000 39 40 41 1 1 40 1 39 20000 41 40 40 40 1 1 41 1 41 1 1 1 1 20000 41 1 1 20000 20000 1 20000 1 41 40 20000 1 39 20000 1 20000 1 20000 41 1 39 41 20000 39 20000 39 20000 1 1 41 39 1 39 41 41 1 20000 40 41 39 39 41 40 39 41 1 40 20000 39 39 1 39 41 41 1 1 39 1 40 40 20000 41 40 40 1 41 1 40 40 1 39 40 39 41 41 20000 41 20000 39 1 40 39 41 40 41 20000 1 40 40 41 39 39 1 41 40 41 39 1 39 1 1 1 1 39 41 40 39 20000 1 41 40 1 20000 1 41 20000 20000 39 20000 41 40 40 39 1 20000 41 41 41 41 20000 20000 40 1 20000 39 1 1 20000 41 41 20000 39 39 39 20000 39 20000 39 41 39 41 20000 41 41 1 20000 39 41 39 20000 39 39 20000 1 1 1 20000 1 39 1 1 39 41 39 40 40 41 39 39 20000 40 1 20000 41 20000 20000 39 20000 40 20000 1 41 1 20000 39 41 1 1 1 41 40 1 1 1 1 20000 1 1 1 20000 20000 1 1 39 1 41 1 39 39 39 39 41 1 41 20000 39 1 1 40 40 40 39 20000 40 39 20000 20000 1 1 40 1 20000 20000 20000 40 1 1 20000 20000 40 40 20000 41 40 39 40 1 40 20000 40 40 1 40 20000 41 1 1 41 39 39 40 41 1 41 20000 39 39 20000 39 40 1 40 41 41 1 20000 39 20000 20000 39 41 41 1 39 40 20000 20000 20000 41 1 1 1 20000 41 20000 1 41 39 41 20000 1 1 1 1 39 40 1 1 20000 39 41 39 41 39 39 39 1 40 39 41 1 39 41 20000 41 39 40 41 41 39 1 41 1 1 1 40 20000 41 39 41 39 40 1 39 39 41 41 40 1 20000 39 39 40 20000 20000 39 41 41 40 41 39 40 20000 40 1 20000 20000 20000 39 40 40 1 41 40 20000 20000 39 1 39 39 20000 41 41 20000 20000 41 41 1 39 41 20000 39 41 41 41 1 39 1 41 20000 1 39 41 20000 20000 41 20000 1 39 40 1 41 20000 41 1 40 39 40 20000 39 41 39 1 39 20000 40 20000 1 41 39 39 1 20000 40 39 41 1 39 39 40 1 40 20000 20000 20000 40 1 20000 39 39 40 40 41 39 20000 20000 20000 39 20000 40 40 40 39 20000 40 41 41 40 40 1 39 41 39 40 39 1 20000 41 39 40 1 1 20000 39 20000 40 1 40 40 41 41 39 20000 1 40 1 20000 1 1 40 41 1 40 20000 41 20000 1 39 1 20000 1 39 20000 40 39 41 39 39 20000 40 40 1 1 39 39 20000 1 20000 1 1 1 39 39 41 20000 1 1 39 39 41 1 20000 1 39 1 20000 39 40 1 20000 40 40 20000 39 39 39 39 1 40 39 20000 1 39 40 39 39 40 39 1 20000 20000 1 20000 41 39 41 20000 41 41 40 40 40 39 1 40 39 40 39 39 40 39 41 41 1 40 1 20000 20000 20000 1 41 39 41 41 41 40 39 1 39 41 39 40 41 20000 41 20000 39 41 40 1 1 40 40 20000 1 41 20000 40 39 39 39 41 39 41 1 41 1 20000 40 20000 39 41 40 39 20000 39 40 20000 39 41 1 41 41 1 41 20000 40 1 20000 40 40 1 39 40 1 41 39 40 40 39 40 20000 1 20000 39 41 39 1 40 39 41 20000 40 20000 39 20000 40 40 40 40 39 39 41 41 1 39 41 41 1 41 40 40 39 41 40 41 41 41 40 40 41 41 1 39 20000 40 39 40 40 20000 1 20000 41 41 39 1 20000 40 20000 40 1 20000 41 1 40 41 1 40 1 39 20000 20000 1 40 41 39 41 40 1 39 40 39 40 20000 40 41 1 20000 1 1 39 1 1 1 20000 20000 1 1 1 1 41 41 1 1 41 1 39 20000 20000 39 20000 41 1 39 1 39 20000 40 40 1 41 39 40 1 41 1 41 20000 41 41 39 40 1 39 20000 20000 20000 40 41 40 20000 20000 1 1 41 39 39 41 1 41 39 20000 1 40 1 20000 20000 1 41 39 1 40 41 41 1 1 39 20000 41 41 39 1 41 1 40 20000 40 1 1 39 20000 40 41 1 41 40 1 41 39 1 41 20000 39 20000 39 39 39 20000 40 41 20000 40 41 1 39 20000 41 1 1 20000 39 40 20000 1 41 41 40 41 20000 20000 41 41 39 1 39 41 39 20000 41 39 39 1 20000 41 40 41 40 41 41 20000 40 20000 40 1 39 1 40 1 40 39 39 40 1 40 39 1 39 20000 40 39 41 41 40 40 41 20000 39 1 40 20000 41 1 1 40 39 40 20000 40 39 39 1 41 40 41 40 20000 39 41 39 41 41 41 20000 41 40 41 39 1 1 1 41 41 41 20000 41 41 41 1 1 1 41 39 41 1 1 41 41 41 41 40 1 1 20000 40 41 1 1 1 1 40 41 40 20000 1 39 20000 39 1 41 20000 1 1 1 1 41 39 41 1 39 41 41 41 1 39 1 1 1 39 20000 1 40 40 1 20000 40 1 20000 1 40 20000 39 1 1 39 39 1 39 20000 39 1 39 40 40 39 20000 39 40 41 1 1 41 1 39 39 20000 41 20000 40 40 40 40 41 40 41 40 1 1 41 39 40 1 41 40 20000 39 20000 20000 1 20000 20000 41 40 1 1 1 41 40 41 40 20000 1 39 40 20000 39 39 20000 40 20000 1 20000 41 40 1 41 41 41 20000 40 20000 1 20000 20000 1 20000 1 41 1 20000 40 20000 40 1 40 41 40 1 39 41 40 1 1 41 41 1 20000 41 39 1 40 39 39 40 20000 41 41 20000 41 40 40 40 1 41 1 1 40 20000 39 40 1 39 1 40 1 20000 1 39 39 1 39 41 40 1 1 1 41 20000 39 40 39 39 39 39 39 20000 1 39 20000 1 20000 20000 39 20000 1 39 1 41 40 41 39 40 41 39 1 39 40 41 1 20000 41 41 40 40 20000 1 40 1 39 41 1 39 39 1 39 20000 41 41 20000 39 39 41 1 1 39 20000 1 20000 39 39 1 20000 40 39 1 1 40 39 39 40 41 1 20000 1 39 39 41 39 41 1 1 1 1 41 20000 39 1 20000 20000 39 1 40 41 40 41 40 39 40 1 20000 1 41 40 41 40 1 39 20000 40 1 1 41 41 41 39 39 20000 39 20000 1 41 39 39 1 41 40 40 40 41 1 40 41 40 40 40 40 41 41 20000 40 39 20000 39 39 20000 20000 20000 41 1 41 40 39 41 41 1 1 39 39 41 20000 39 41 20000 40 39 20000 20000 41 39 41 39 1 1 41 40 1 41 41 40 41 40 41 40 41 41 39 39 41 39 39 41 20000 40 40 1 41 39 20000 41 20000 20000 20000 20000 1 20000 41 20000 1 39 39 41 41 39 41 41 41 20000 39 41 39 20000 39 20000 40 41 20000 1 40 1 20000 1 39 39 40 39 39 39 41 40 40 20000 39 39 41 40 40 41 20000 41 1 41 40 20000 41 20000 1 40 1 40 39 41 40 20000 39 1 39 1 39 39 39 20000 1 1 1 40 20000 40 1 40 20000 20000 41 39 41 39 20000 40 41 1 39 1 40 39 39 39 1 39 40 39 20000 1 20000 1 1 20000 39 20000 20000 40 39 41 1 1 20000 39 20000 39 39 1 41 40 40 39 20000 39 1 40 20000 20000 39 41 1 40 40 20000 40 41 20000 40 40 39 39 40 20000 41 20000 20000 41 39 40 41 20000 41 20000 41 41 1 1 41 41 41 40 1 41 20000 20000 40 20000 20000 40 1 20000 41 39 40 20000 20000 1 40 39 40 20000 39 41 40 39 41 20000 20000 20000 20000 40 39 40 39 20000 40 1 39 1 1 20000 40 41 39 1 41 1 20000 1 41 1 41 1 20000 20000 1 40 1 41 1 1 39 1 41 40 40 20000 41 41 40 41 1 39 1 41 39 40 41 39 39 20000 20000 40 40 1 40 39 20000 1 39 20000 20000 1 20000 1 39 20000 1 41 40 40 41 1 20000 39 1 1 41 1 41 39 39 40 39 41 1 40 20000 1 20000 1 40 40 1 1 20000 41 39 40 20000 39 39 1 41 20000 20000 39 40 39 41 41 40 41 41 20000 40 20000 41 39 1 20000 41 39 20000 41 1 39 1 40 39 1 1 41 40 39 20000 40 20000 39 1 40 20000 39 1 41 20000 41 20000 20000 41 20000 41 39 41 40 39 39 1 41 39 20000 1 39 39 40 20000 39 41 1 39 20000 41 20000 41 20000 1 41 41 20000 1 1 39 39 41 1 39 40 40 40 41 20000 39 41 1 20000 1 41 40 40 40 41 40 41 40 41 40 1 39 20000 39 41 41 41 1 1 39 39 20000 20000 20000 40 39 1 40 40 39 40 39 1 40 39 20000 41 20000 1 40 1 40 40 39 41 40 40 40 39 20000 1 20000 41 41 39 39 20000 20000 1 40 40 20000 41 41 40 1 41 20000 39 1 1 20000 40 41 40 40 1 39 40 41 40 1 40 20000 20000 41 40 41 41 41 20000 40 1 20000 1 40 1 1 20000 41 20000 1 40 20000 1 20000 39 20000 20000 1 41 1 40 41 41 40 40 41 40 20000 39 41 40 20000 40 40 40 1 41 39 1 39 39 40 40 20000 1 39 20000 41 20000 41 20000 41 41 41 1 39 20000 1 1 1 39 20000 41 41 1 39 41 40 1 39 41 41 20000 40 41 40 1 41 39 41 39 20000 1 41 1 20000 40 1 41 20000 41 39 41 41 40 41 20000 40 41 39 20000 40 40 20000 40 41 41 1 39 41 1 1 40 41 39 40 1 1 20000 1 1 40 41 41 39 20000 20000 41 20000 40 41 39 1 39 41 41 20000 20000 1 1 40 1 20000 20000 20000 1 20000 41 39 39 40 1 20000 41 1 20000 40 20000 1 39 41 20000 1 1 39 20000 39 20000 39 39 20000 41 40 20000 39 1 20000 41 1 20000 1 40 1 39 40 39 41 41 20000 40 1 20000 40 40 1 39 39 41 1 20000 41 39 39 39 41 20000 40 39 1 41 39 39 20000 1 41 20000 1 39 39 39 20000 40 41 20000 20000 1 41 41 20000 40 40 41 20000 39 1 1 20000 41 1 20000 39 39 1 41 39 20000 1 1 20000 40 40 39 39 39 20000 39 41 20000 40 39 1 1 1 20000 40 40 20000 40 1 20000 20000 40 40 20000 41 1 40 40 20000 1 40 20000 40 20000 39 20000 41 20000 39 40 41 41 39 41 41 41 41 41 20000 39 41 40 20000 40 41 40 39 41 39 39 1 1 20000 20000 40 20000 41 20000 41 41 1 40 1 41 41 20000 1 39 40 40 39 40 41 40 1 1 41 20000 41 20000 1 20000 39 20000 39 1 39 40 41 40 40 39 40 20000 20000 41 1 40 20000 39 1 39 41 41 39 1 41 39 40 40 20000 1 41 41 39 1 1 40 20000 20000 1 20000 39 40 40 39 40 41 41 39 40 39 20000 20000 41 39 1 39 41 20000 40 39 39 39 1 40 41 39 40 1 20000 39 1 20000 39 41 20000 20000 40 1 1 39 40 1 20000 39 39 40 1 40 1 40 39 40 40 20000 40 40 1 39 39 1 40 39 39 20000 40 40 20000 40 39 41 20000 40 40 20000 20000 1 39 41 39 39 1 40 41 40 20000 20000 40 41 1 20000 40 40 40 40 20000 40 20000 20000 1 40 41 39 20000 40 40 1 1 40 40 40 39 40 39 39 41 39 41 39 39 1 39 40 1 20000 40 40 20000 40 39 40 40 39 39 40 41 1 39 40 40 40 39 41 41 39 39 39 1 1 20000 20000 20000 39 40 41 1 1 41 39 41 1 40 41 20000 20000 41 40 39 1 39 41 41 20000 1 39 40 41 1 41 20000 41 40 39 41 20000 40 1 20000 39 1 39 40 40 40 1 20000 1 1 20000 40 41 39 41 41 1 1 39 41 39 41 40 41 20000 41 39 40 20000 20000 1 40 1 1 1 41 39 20000 1 20000 20000 41 40 39 1 1 41 41 41 41 40 41 20000 1 39 41 1 40 20000 20000 20000 40 40 40 40 39 39 41 20000 39 20000 41 40 20000 41 39 39 41 39 41 20000 1 20000 41 41 41 20000 1 39 39 1 39 1 41 41 20000 41 1 20000 1 41 40 20000 1 41 1 39 20000 1 41 20000 41 1 39 20000 41 39 39 1 40 41 39 40 41 39 20000 41 41 1 40 41 1 1 41 1 39 39 41 39 39 39 41 40 1 41 41 40 1 39 41 41 40 39 39 39 1 39 41 41 39 40 39 1 40 40 1 40 20000 40 41 20000 39 40 20000 20000 39 40 1 40 39 20000 39 41 41 39 40 41 39 20000 1 20000 20000 41 41 40 41 40 39 39 41 20000 40 39 40 41 1 41 39 41 40 41 20000 41 41 40 39 20000 41 20000 1 40 40 40 1 1 39 1 40 1 1 20000 39 41 41 40 39 41 40 39 41 20000 1 1 41 20000 39 40 20000 20000 41 20000 20000 41 41 41 20000 41 20000 20000 20000 41 1 41 40 1 41 40 40 1 1 20000 40 20000 40 41 39 20000 40 1 20000 20000 41 39 40 1 20000 20000 1 39 39 1 41 20000 39 20000 41 1 40 1 40 1 40 20000 40 41 20000 20000 39 20000 41 40 20000 41 41 39 39 39 39 1 40 1 39 20000 1 20000 39 40 20000 39 41 20000 20000 1 40 41 39 39 20000 40 40 41 41 41 40 1 40 39 41 1 41 40 1 1 20000 39 20000 40 39 41 20000 41 40 1 41 1 39 39 20000 39 39 41 1 41 41 20000 20000 20000 20000 41 39 40 39 20000 20000 40 40 39 1 20000 40 41 40 1 40 20000 39 1 39 40 39 40 40 1 40 20000 39 40 41 20000 40 20000 41 20000 41 20000 40 41 41 20000 41 40 40 1 1 20000 41 20000 1 20000 41 1 40 1 20000 40 20000 40 20000 40 39 1 39 40 40 1 39 40 20000 40 39 40 41 20000 40 1 39 41 39 1 41 1 1 20000 20000 41 39 41 1 20000 1 40 1 39 39 20000 20000 41 1 40 39 41 39 20000 1 39 41 1 39 39 20000 40 40 20000 41 41 20000 1 1 20000 20000 39 41 41 39 40 41 39 20000 41 1 40 40 39 20000 20000 1 41 41 39 40 40 39 20000 20000 1 39 1 41 20000 41 41 40 20000 40 20000 20000 41 1 39 40 1 40 40 39 20000 39 39 41 41 40 40 20000 1 20000 40 1 40 1 40 41 20000 1 20000 20000 41 1 39 41 39 40 1 39 41 41 39 1 40 40 40 1 40 20000 40 40 39 40 40 20000 40 20000 39 41 1 20000 40 1 20000 1 40 39 1 1 1 1 40 40 39 40 40 40 39 41 20000 41 20000 39 40 40 40 20000 20000 39 1 41 20000 1 1 41 39 20000 41 39 20000 20000 41 41 1 41 41 41 39 39 40 1 40 40 1 40 39 40 41 39 40 40 1 39 39 41 1 41 39 41 40 41 39 1 20000 40 40 39 20000 1 1 41 39 1 40 40 39 39 41 41 40 40 20000 1 40 39 39 40 41 40 40 1 41 20000 20000 41 40 1 20000 39 1 39 1 41 1 41 41 41 39 40 1 39 40 20000 40 41 41 41 20000 39 41 39 40 1 20000 1 20000 20000 20000 39 20000 40 40 39 40 39 20000 39 41 20000 1 41 20000 39 20000 41 40 41 1 41 39 1 20000 40 1 20000 40 39 1 1 20000 20000 1 41 1 40 20000 20000 41 41 40 39 41 20000 39 1 1 40 40 41 39 20000 1 20000 40 1 41 20000 40 39 39 40 20000 20000 39 1 40 20000 20000 40 40 41 1 41 1 1 40 1 1 1 41 20000 41 20000 40 1 40 20000 40 40 20000 41 1 20000 39 41 1 1 39 39 20000 39 39 40 39 41 20000 39 40 39 1 40 20000 1 41 41 1 1 1 40 1 40 1 1 20000 1 41 40 41 41 20000 39 20000 41 20000 41 1 41 1 1 1 1 1 39 40 41 40 1 41 20000 40 41 1 39 39 41 1 1 41 20000 1 41 40 40 1 20000 41 41 39 39 1 20000 40 1 41 20000 39 1 20000 41 1 40 40 1 20000 20000 1 40 41 39 20000 40 20000 41 39 41 1 20000 41 40 20000 39 41 1 20000 1 39 20000 39 40 39 1 40 20000 39 20000 1 41 20000 1 1 20000 41 1 41 39 40 39 39 20000 41 20000 1 39 20000 41 20000 41 20000 39 39 41 1 40 40 41 20000 41 20000 1 41 39 20000 41 20000 39 39 1 41 1 39 39 40 40 41 20000 41 40 20000 41 40 1 20000 40 1 1 20000 40 41 1 40 41 40 1 40 40 40 20000 1 41 1 20000 39 1 1 39 1 40 20000 20000 20000 41 41 40 40 40 40 40 20000 39 39 20000 40 40 41 41 40 41 41 20000 40 39 41 40 20000 20000 39 41 1 20000 20000 20000 39 40 1 40 39 1 20000 41 41 39 39 20000 1 39 39 20000 40 39 1 1 20000 1 41 20000 41 40 41 20000 20000 40 1 1 40 20000 1 1 1 1 20000 41 39 40 20000 40 40 39 20000 40 1 41 1 41 41 20000 20000 40 40 39 1 1 1 1 20000 40 41 20000 41 41 40 39 1 40 1 1 1 39 39 39 40 40 20000 39 40 1 40 39 40 39 40 20000 41 41 41 40 40 39 41 1 41 1 20000 39 40 20000 20000 41 41 20000 1 40 1 39 41 41 39 39 40 39 41 41 41 39 1 20000 40 39 39 20000 1 41 40 20000 39 40 39 41 1 20000 40 40 1 40 20000 39 39 1 39 39 40 39 1 39 1 39 40 20000 20000 40 40 1 39 39 41 41 41 40 40 41 20000 40 40 41 20000 1 40 20000 39 41 40 39 1 39 40 40 1 41 40 1 41 39 1 39 1 40 1 39 1 41 20000 41 20000 40 20000 39 40 39 41 41 40 39 41 40 1 41 40 41 20000 20000 40 1 20000 39 1 40 41 39 1 1 1 41 1 39 40 41 41 39 40 39 20000 41 40 41 40 40 40 40 20000 41 41 20000 39 20000 40 1 1 41 40 40 1 1 39 41 39 41 41 1 20000 39 40 20000 41 20000 41 41 39 41 41 39 39 20000 1 20000 41 41 41 41 39 39 1 40 41 39 1 1 40 40 41 20000 20000 20000 40 40 20000 1 40 40 1 1 39 20000 39 20000 20000 1 1 40 41 40 1 20000 20000 40 20000 1 20000 41 1 20000 20000 1 40 41 40 40 39 41 40 20000 41 20000 40 40 41 41 20000 20000 20000 40 39 1 1 41 39 20000 20000 40 20000 40 1 39 20000 40 40 20000 39 20000 39 40 20000 39 39 39 1 20000 41 20000 1 39 40 41 40 41 41 41 39 39 1 41 20000 1 40 20000 40 39 41 20000 20000 1 1 39 20000 40 40 20000 40 40 39 20000 41 1 40 41 39 20000 39 41 20000 39 20000 40 39 20000 40 40 39 39 40 41 1 20000 40 39 20000 40 41 39 20000 40 39 40 39 39 41 41 39 40 20000 20000 39 1 39 1 1 40 41 40 40 41 39 41 41 39 39 1 40 41 20000 20000 20000 1 1 20000 40 39 20000 40 1 40 41 39 1 40 39 41 41 41 1 1 40 40 20000 20000 39 20000 41 20000 41 1 39 20000 39 39 41 20000 1 1 20000 40 39 1 20000 41 1 1 39 20000 20000 20000 40 20000 1 1 1 1 39 40 41 39 20000 39 20000 39 1 20000 40 41 39 1 1 41 1 20000 20000 41 40 20000 39 40 41 20000 40 20000 40 40 20000 20000 20000 41 39 20000 39 20000 1 39 39 20000 40 1 20000 1 40 1 40 40 39 41 20000 41 20000 40 41 1 39 20000 41 39 41 40 20000 41 20000 40 1 39 20000 20000 20000 20000 39 41 39 20000 39 40 39 1 41 39 40 1 20000 39 39 20000 20000 41 39 1 40 41 20000 1 39 41 1 41 20000 40 40 20000 40 40 41 1 1 41 20000 20000 41 20000 40 40 20000 40 1 40 40 40 1 41 41 40 20000 39 39 20000 41 41 41 1 40 39 20000 40 39 39 39 20000 41 40 40 20000 41 41 39 41 1 39 41 41 41 20000 39 1 39 39 20000 20000 40 41 41 40 1 40 40 41 40 41 20000 41 20000 40 41 39 40 39 20000 41 1 1 20000 41 39 41 41 41 40 20000 20000 20000 41 1 39 1 40 1 39 40 20000 39 41 39 20000 20000 39 20000 40 41 41 20000 1 41 39 41 39 20000 20000 1 39 40 41 40 39 1 39 41 40 20000 20000 39 41 39 41 1 41 1 1 20000 40 41 20000 1 41 41 40 41 40 39 1 41 41 41 41 1 20000 41 20000 41 41 40 40 39 20000 41 20000 40 41 41 20000 20000 1 1 39 39 40 1 40 20000 39 41 20000 40 1 40 20000 20000 20000 40 40 40 41 39 41 1 40 39 20000 40 39 41 20000 40 40 20000 40 1 40 1 39 1 1 39 1 20000 39 1 40 40 40 40 40 20000 20000 40 20000 20000 1 39 40 1 39 39 20000 1 1 39 40 41 40 39 39 1 39 39 20000 40 20000 20000 20000 39 41 41 39 41 41 40 41 41 39 40 40 40 41 41 41 1 39 40 39 20000 20000 41 40 20000 39 20000 39 20000 39 1 40 20000 39 1 1 39 20000 39 41 41 39 39 41 41 39 40 39 41 40 20000 1 41 41 41 39 20000 39 39 1 1 41 40 39 20000 1 40 1 39 1 20000 39 1 39 40 20000 20000 20000 40 39 1 20000 41 41 20000 1 39 41 41 1 40 1 20000 39 41 1 39 1 1 41 1 39 39 40 41 20000 1 1 39 40 1 20000 1 39 20000 41 39 41 41 20000 20000 1 39 40 41 1 1 41 20000 39 39 39 1 39 20000 40 1 1 39 39 41 39 39 39 40 41 20000 41 39 1 39 39 40 20000 39 1 40 41 40 20000 20000 1 20000 20000 39 39 39 40 41 1 20000 1 39 39 20000 39 39 40 39 39 20000 40 1 1 1 41 40 40 41 41 39 41 41 41 39 40 1 1 39 1 40 40 1 40 20000 1 1 1 1 40 1 40 41 20000 1 20000 39 41 1 1 41 20000 41 39 41 41 40 41 41 41 39 39 39 41 1 39 40 39 39 41 41 39 39 20000 39 39 41 20000 1 41 40 20000 40 39 39 1 41 1 39 40 41 40 41 40 39 40 40 40 1 39 40 41 41 39 20000 1 39 39 40 40 40 41 41 40 39 40 40 39 39 41 20000 20000 1 39 1 40 1 1 41 20000 39 1 39 1 20000 1 20000 1 20000 41 40 39 39 39 39 39 1 20000 1 39 20000 40 40 40 41 39 1 39 1 1 41 40 39 20000 20000 20000 39 39 41 40 41 39 1 20000 40 1 40 40 41 39 20000 1 1 40 1 40 20000 39 40 39 40 20000 1 40 1 1 39 40 41 1 1 39 40 39 20000 40 1 41 40 20000 40 41 1 39 1 20000 41 40 20000 41 39 41 41 20000 40 40 39 40 40 1 1 1 40 39 39 1 39 41 1 41 1 20000 20000 41 39 1 20000 20000 40 39 41 40 40 39 39 40 39 1 39 1 20000 1 39 40 20000 1 20000 41 20000 40 39 41 40 20000 40 39 1 1 41 39 1 1 20000 1 20000 40 20000 40 1 39 40 40 20000 39 40 20000 1 20000 39 40 40 39 39 40 39 40 39 41 40 20000 41 40 40 40 40 41 1 40 40 40 20000 39 40 41 20000 1 20000 41 20000 41 1 20000 20000 41 39 40 40 1 40 39 39 20000 20000 41 40 39 1 1 20000 1 39 40 40 39 39 39 1 41 41 39 1 39 40 20000 39 1 40 1 1 40 39 1 40 40 41 40 39 40 1 1 39 41 20000 39 41 20000 39 40 41 1 40 20000 39 20000 39 40 40 40 40 1 40 41 1 1 20000 40 41 40 20000 1 39 20000 41 41 20000 39 20000 39 41 39 20000 40 20000 40 41 39 40 20000 20000 41 1 39 1 39 41 39 1 20000 20000 1 40 20000 40 1 41 40 1 1 40 20000 1 20000 39 40 39 1 40 40 1 20000 39 20000 39 20000 41 41 40 41 1 41 39 1 41 20000 1 39 40 1 39 1 40 39 39 1 40 40 40 41 1 1 40 40 40 1 41 1 40 41 20000 40 1 41 40 1 39 41 41 39 39 40 40 41 20000 40 39 41 41 41 1 20000 20000 1 41 1 40 20000 20000 40 20000 39 40 41 41 41 39 1 40 39 40 1 39 20000 41 40 20000 41 41 41 39 40 20000 40 20000 1 1 40 20000 39 20000 41 39 1 20000 41 1 40 41 40 39 39 41 20000 39 39 1 41 1 1 40 41 40 39 40 1 41 41 20000 41 40 1 40 1 41 41 39 41 20000 1 1 20000 41 39 1 1 39 40 39 40 41 40 39 41 20000 40 41 41 20000 20000 40 1 1 1 20000 1 41 20000 39 20000 39 1 20000 1 40 20000 1 41 41 40 20000 1 20000 40 1 41 20000 1 39 41 40 40 41 20000 40 40 1 1 1 1 40 40 1 39 40 40 1 41 41 39 1 40 20000 41 1 40 1 39 20000 1 20000 40 20000 40 1 1 41 41 39 1 40 41 20000 39 1 40 41 39 1 41 40 39 40 40 41 39 20000 40 41 40 20000 40 1 39 39 40 39 41 1 1 40 20000 40 20000 20000 1 39 1 41 1 41 1 40 1 41 40 40 1 41 41 39 1 39 41 20000 20000 40 20000 40 40 1 39 40 40 41 39 20000 40 40 1 41 41 40 20000 40 1 41 20000 41 1 20000 41 20000 41 20000 1 1 39 41 41 1 20000 39 41 40 41 39 20000 20000 39 41 39 39 1 40 41 40 41 1 40 40 20000 40 41 41 40 40 41 41 1 41 40 41 41 20000 40 39 41 1 41 20000 41 40 1 20000 1 1 40 20000 39 40 20000 1 1 39 39 41 20000 41 40 40 20000 41 1 20000 41 39 39 41 39 40 41 39 41 1 41 39 20000 1 41 39 39 40 40 1 41 41 40 41 20000 40 1 40 40 1 20000 20000 1 39 20000 39 39 41 41 41 40 20000 40 1 39 39 20000 40 39 39 20000 39 41 39 40 39 41 20000 1 40 41 1 1 41 41 40 40 41 41 40 20000 1 20000 20000 39 40 41 1 40 39 20000 41 40 40 1 1 41 39 41 39 1 41 1 41 40 41 41 40 41 40 40 40 41 1 1 20000 20000 41 20000 40 1 1 1 40 20000 20000 41 41 20000 40 1 1 40 1 41 20000 40 40 40 20000 39 41 40 41 41 20000 41 1 40 1 20000 20000 39 20000 39 41 39 20000 1 39 1 41 39 40 40 1 39 1 20000 39 41 1 1 20000 39 20000 41 20000 1 1 41 1 1 41 39 20000 40 20000 20000 1 1 39 1 40 20000 41 39 40 40 41 39 39 41 1 40 39 41 40 1 1 39 41 20000 1 1 1 20000 1 41 41 41 40 40 1 39 40 20000 1 1 1 41 1 1 40 41 41 40 1 1 39 20000 41 41 20000 39 41 39 40 40 1 20000 39 39 1 39 1 20000 1 39 40 1 39 40 1 41 39 1 1 20000 41 20000 41 41 41 41 1 41 39 41 39 20000 40 39 20000 41 1 40 20000 20000 40 1 39 1 20000 20000 41 20000 40 39 20000 20000 40 39 20000 41 39 1 40 1 40 20000 1 40 20000 41 40 41 39 39 1 20000 41 41 20000 41 1 40 41 40 1 41 20000 40 41 41 1 41 41 1 20000 20000 41 41 41 20000 20000 40 39 41 40 39 1 40 39 20000 39 20000 20000 41 20000 41 1 20000 1 39 40 1 1 40 20000 40 40 20000 20000 1 1 41 41 20000 39 39 40 40 1 40 20000 1 41 20000 20000 20000 39 40 41 1 1 40 40 41 39 39 40 1 40 40 1 39 41 41 1 1 39 1 1 1 40 41 40 41 20000 39 1 39 39 20000 39 39 40 39 41 1 40 40 40 20000 1 20000 39 40 41 40 40 20000 41 41 41 40 41 39 41 41 1 39 39 1 20000 39 20000 39 39 20000 1 1 41 1 39 40 20000 20000 41 39 1 20000 39 39 39 39 39 39 39 41 20000 40 41 39 39 20000 41 41 20000 20000 40 1 20000 20000 41 39 40 39 1 39 20000 41 20000 40 41 20000 41 41 39 20000 20000 1 1 20000 40 41 20000 1 39 20000 1 40 40 20000 1 40 40 39 40 41 41 40 39 41 41 41 20000 40 1 20000 39 40 41 1 39 1 20000 40 41 40 39 39 39 20000 39 20000 40 40 20000 41 39 41 20000 41 20000 41 41 1 20000 41 40 41 1 41 41 20000 39 39 41 1 39 1 39 1 40 39 1 1 40 40 39 39 40 20000 1 39 1 20000 41 20000 39 39 20000 39 40 41 20000 39 1 39 41 41 20000 41 40 1 39 40 39 39 41 40 20000 41 40 39 1 39 20000 41 41 1 41 1 39 40 1 39 40 40 41 40 39 20000 40 39 1 40 39 1 41 41 41 1 1 39 1 39 20000 20000 40 20000 1 39 41 39 41 39 39 20000 1 40 39 1 39 39 1 41 39 40 39 40 40 41 41 1 20000 39 40 20000 39 39 39 40 39 1 39 40 20000 1 1 1 40 40 40 40 41 40 41 41 1 40 41 39 39 41 39 20000 1 41 41 39 39 41 41 41 1 40 39 39 40 1 41 39 39 20000 39 41 40 40 20000 1 40 41 40 40 40 1 20000 40 39 41 40 39 39 39 39 20000 41 20000 39 1 41 39 41 39 1 39 39 41 40 39 1 39 39 40 1 20000 39 41 20000 41 40 20000 39 39 41 40 40 40 1 39 41 41 20000 40 1 1 20000 1 20000 39 40 20000 20000 1 39 39 20000 20000 20000 39 1 20000 39 41 39 1 39 1 40 20000 20000 39 41 20000 39 1 41 39 39 40 20000 20000 39 40 39 41 40 20000 1 40 20000 20000 1 40 39 39 40 20000 41 39 41 39 40 1 39 41 40 1 41 1 39 1 40 40 40 1 40 41 41 39 40 40 40 1 40 1 40 41 40 40 1 40 1 39 39 41 39 1 39 40 1 20000 39 40 40 1 41 20000 39 40 20000 40 1 40 20000 39 20000 40 1 39 1 39 41 1 41 41 39 1 41 20000 20000 41 20000 39 39 40 39 1 40 40 20000 1 1 40 20000 1 39 40 41 41 1 39 41 1 41 1 40 40 40 40 40 40 1 20000 41 41 40 40 39 39 1 39 41 40 40 20000 20000 39 1 41 20000 20000 40 20000 40 1 41 1 1 1 40 41 40 39 39 1 20000 40 41 39 41 41 1 40 39 40 41 1 40 20000 20000 40 40 1 39 39 1 20000 39 39 41 39 1 41 20000 20000 20000 39 41 39 41 41 39 20000 41 41 1 1 1 1 41 1 39 41 20000 20000 1 1 20000 20000 1 39 39 1 1 40 1 40 1 20000 41 41 20000 20000 1 20000 1 20000 41 41 40 40 20000 41 40 41 40 41 1 20000 40 1 20000 41 20000 41 20000 40 20000 20000 40 1 41 20000 1 39 1 39 40 40 20000 40 1 39 41 41 40 40 40 41 39 41 39 40 20000 40 40 40 20000 40 41 41 41 1 39 39 20000 40 39 1 1 20000 41 39 39 20000 40 40 40 20000 39 39 20000 1 40 41 1 39 20000 41 20000 1 39 1 40 39 20000 39 20000 40 1 39 20000 41 41 39 40 20000 1 40 20000 40 39 20000 41 41 40 20000 41 20000 40 40 40 39 40 1 39 41 41 39 39 20000 40 39 20000 41 20000 20000 20000 41 20000 1 20000 41 39 20000 39 39 20000 39 20000 1 39 39 20000 39 41 41 40 1 20000 39 1 40 39 39 39 20000 20000 41 41 20000 40 40 1 20000 20000 20000 1 40 20000 41 20000 40 1 20000 40 39 39 1 40 39 40 40 20000 39 1 40 39 41 1 1 40 20000 1 41 40 40 20000 20000 20000 20000 39 20000 41 40 20000 20000 41 39 39 39 41 1 39 40 1 20000 20000 20000 41 20000 20000 40 20000 20000 20000 39 1 40 39 41 20000 40 1 39 39 40 1 39 40 1 1 1 20000 41 41 41 1 20000 41 1 1 40 1 1 20000 39 20000 41 40 39 41 20000 39 41 20000 20000 41 39 20000 1 41 41 40 40 1 41 41 40 1 20000 1 1 41 39 41 40 40 39 41 1 41 41 39 1 20000 20000 41 39 41 40 40 20000 1 20000 20000 40 41 40 40 1 41 1 40 20000 41 40 20000 40 41 20000 1 20000 39 39 39 40 39 40 40 40 41 20000 41 39 40 1 41 1 41 1 41 1 40 40 1 20000 40 1 1 39 20000 1 40 39 20000 40 39 41 39 39 1 40 41 40 1 39 1 41 20000 1 20000 41 20000 40 41 40 40 1 20000 20000 1 20000 39 40 1 20000 41 1 1 39 20000 20000 41 40 20000 1 39 1 39 20000 39 40 41 40 39 1 20000 41 20000 41 41 20000 1 39 40 1 40 1 40 39 40 41 1 20000 20000 41 40 41 39 20000 40 1 20000 1 40 1 1 41 20000 20000 1 41 39 20000 1 20000 1 39 41 1 20000 40 1 40 20000 1 41 40 40 1 41 41 41 20000 40 39 1 41 20000 41 40 40 39 20000 1 41 20000 39 1 40 20000 20000 40 40 1 1 40 40 1 1 1 40 20000 20000 40 40 39 40 20000 40 40 20000 39 40 41 41 39 1 1 1 39 1 40 1 20000 39 20000 20000 40 40 41 41 40 20000 40 40 39 1 41 40 39 41 40 20000 41 1 39 20000 40 39 1 41 1 1 41 40 40 40 1 20000 20000 1 39 41 39 41 1 40 20000 1 40 20000 40 40 41 41 1 20000 1 41 1 41 40 20000 40 20000 40 20000 39 40 20000 41 39 40 1 40 20000 39 41 40 20000 20000 41 40 41 20000 41 40 41 39 1 40 41 41 39 1 41 20000 41 1 40 20000 41 40 40 41 39 41 20000 40 39 41 20000 1 39 40 40 20000 20000 39 20000 40 41 1 1 1 20000 40 1 41 1 40 1 1 40 40 20000 1 40 41 1 1 41 20000 1 39 41 20000 1 1 40 41 20000 41 20000 20000 20000 40 1 40 40 39 41 40 41 20000 1 40 20000 40 1 39 1 39 20000 20000 40 39 40 39 1 40 1 40 1 41 41 39 41 39 41 39 20000 20000 20000 40 39 1 39 40 1 1 39 41 39 20000 1 1 1 39 41 41 39 1 39 20000 1 41 41 39 40 40 39 39 39 41 1 40 1 41 20000 41 20000 40 39 40 1 1 39 40 20000 1 20000 39 40 41 1 20000 40 20000 41 39 1 41 40 39 1 20000 39 39 40 20000 20000 40 39 41 20000 20000 1 41 39 40 1 20000 20000 40 1 20000 39 41 39 20000 39 41 39 40 20000 40 40 1 40 39 1 41 39 39 41 40 20000 1 39 40 41 1 1 20000 39 39 1 20000 40 39 20000 40 1 39 1 41 40 40 1 40 40 39 20000 1 40 41 39 39 41 41 1 40 20000 20000 41 20000 41 40 39 20000 20000 1 1 39 40 1 40 1 1 40 1 40 20000 41 39 41 1 40 40 39 40 39 20000 41 20000 20000 41 39 1 40 20000 39 40 39 41 1 40 1 41 40 1 1 1 40 1 1 20000 40 39 20000 39 1 40 1 39 41 1 1 1 20000 20000 20000 41 20000 40 40 1 39 39 40 41 40 40 40 20000 41 39 40 41 39 1 39 39 39 1 1 1 20000 39 39 41 41 20000 20000 20000 39 20000 40 41 1 41 40 20000 20000 1 39 20000 1 40 40 41 41 1 40 20000 40 1 20000 1 41 40 1 20000 40 39 41 41 1 40 39 20000 20000 41 1 40 41 20000 1 1 39 40 40 40 40 41 20000 20000 1 20000 39 1 40 1 39 39 40 1 1 1 39 41 1 41 40 39 41 20000 39 41 39 1 41 40 20000 41 39 40 40 40 1 39 40 39 1 20000 1 39 41 1 40 20000 1 41 40 40 40 40 40 40 20000 40 40 20000 20000 41 39 1 39 39 1 1 20000 1 20000 20000 20000 40 39 20000 1 1 39 41 39 39 39 20000 1 39 1 20000 41 41 41 20000 1 39 1 1 39 20000 1 20000 40 40 40 1 20000 20000 1 1 40 1 40 20000 41 39 1 39 41 1 39 1 39 41 39 1 20000 20000 40 1 41 1 41 1 20000 20000 1 41 39 39 39 1 41 39 20000 41 1 20000 41 39 1 20000 39 1 20000 20000 40 39 41 20000 39 20000 39 20000 40 41 40 40 1 20000 39 40 1 41 1 41 41 20000 39 20000 1 20000 20000 1 41 20000 41 39 39 1 20000 1 20000 1 1 20000 41 20000 39 41 20000 40 39 1 1 40 41 1 39 1 41 40 40 39 39 1 39 20000 20000 1 1 20000 41 1 39 41 40 1 40 1 40 20000 20000 40 20000 1 39 20000 39 40 1 39 39 40 40 40 20000 20000 41 39 20000 20000 39 1 41 41 1 41 20000 39 20000 20000 40 40 40 20000 40 41 1 1 20000 1 20000 20000 20000 41 40 20000 20000 39 39 41 39 39 20000 1 1 40 41 20000 20000 41 39 39 40 41 39 39 20000 40 1 40 41 20000 40 20000 1 40 20000 1 41 41 39 20000 41 1 41 39 1 1 40 20000 40 40 41 20000 20000 41 39 20000 1 1 39 41 41 40 41 20000 1 1 40 41 20000 20000 40 40 20000 40 40 39 40 40 40 41 41 39 39 41 1 1 20000 1 1 39 1 20000 40 40 41 40 39 40 41 39 39 40 1 1 39 1 1 40 40 39 39 40 20000 40 20000 20000 20000 20000 1 41 39 20000 40 1 39 41 20000 20000 40 40 20000 1 40 39 39 20000 1 1 40 1 20000 20000 39 39 1 41 39 40 1 40 1 41 39 39 41 41 39 39 39 20000 1 1 40 20000 1 1 20000 40 40 1 40 41 1 41 40 1 41 20000 39 40 40 39 39 20000 1 40 39 40 40 20000 40 39 41 20000 20000 41 41 40 20000 20000 41 39 41 20000 20000 39 1 40 41 39 1 41 1 40 1 1 39 1 39 20000 41 40 1 20000 39 20000 1 39 20000 41 39 39 40 1 40 20000 20000 20000 1 1 1 20000 39 1 41 39 20000 39 1 41 39 39 1 40 20000 41 40 1 1 20000 40 20000 41 41 39 1 39 20000 20000 20000 40 40 41 39 40 1 39 40 1 41 40 41 39 20000 41 41 40 41 41 40 39 20000 39 1 39 40 20000 40 41 20000 40 39 40 20000 41 40 20000 20000 40 39 40 39 39 39 20000 40 40 40 20000 40 40 20000 39 1 20000 40 39 1 41 20000 39 1 39 41 1 41 40 1 1 1 41 39 1 39 20000 40 41 41 20000 41 40 41 20000 40 40 39 40 1 20000 20000 39 1 39 40 40 39 20000 20000 39 41 20000 20000 40 1 41 20000 20000 1 1 39 40 40 20000 41 39 40 41 1 20000 1 20000 40 20000 1 20000 20000 1 1 41 20000 1 41 39 39 1 41 40 41 1 41 41 41 40 20000 20000 1 1 40 39 1 39 1 41 39 39 39 20000 20000 20000 20000 40 39 39 20000 41 39 40 20000 20000 39 39 39 20000 40 20000 40 39 1 20000 40 1 20000 39 20000 20000 41 1 40 40 41 1 40 1 41 39 41 40 41 39 20000 41 20000 40 41 41 40 39 1 20000 39 1 40 20000 39 41 41 40 1 41 41 39 40 1 1 20000 20000 1 20000 39 40 39 41 20000 40 20000 41 39 41 41 40 20000 20000 20000 1 1 20000 41 1 20000 1 20000 40 41 20000 20000 20000 20000 40 41 41 20000
