1
30000 30000
5617 11035
7578 27403
5564 10639
17708 4958
8390 12045
9249 6371
26977 21019
7207 17653
22235 1219
4125 25228
12428 29911
24171 8865
10801 26307
3707 7081
10187 4252
15432 20151
20557 21010
28254 20792
4872 28788
23178 7008
8385 8217
20379 13755
18303 15280
792 21869
11118 22261
21977 13042
18144 24994
14688 18072
25872 7699
21323 10591
11720 26774
11027 16927
6223 26465
2768 11623
6732 19293
13334 19332
18123 20924
28274 28073
24748 4826
20599 27803
10923 4721
7005 28587
7233 21408
22847 10753
11432 25643
17338 21166
13018 25528
11387 12990
6024 29897
28184 21850
27733 20668
20048 19929
339 26804
10111 21016
12886 29719
2976 9820
22900 15197
6668 219
26982 26272
475 20777
5701 22702
18595 19914
16329 25687
7543 8417
10963 18008
21773 14626
24260 27646
8084 18012
23866 22786
1433 8664
12035 4742
10988 7883
22427 28384
22478 1208
27953 27755
18885 25500
15670 28986
8916 9189
24121 19905
15807 12533
7250 13249
23961 14343
19485 22486
3742 8294
23182 9239
11842 12307
15166 24204
4770 27063
8498 20181
4661 14209
5939 27673
29187 29858
10609 3447
3552 1182
25454 20923
16561 15602
1050 27435
10650 25113
3225 18772
1518 20378
295 28359
11817 12889
14909 22015
15901 27386
1624 7480
28021 20875
21710 17366
977 11999
29566 27776
20694 15067
19438 2365
24085 27815
28959 13555
4460 18099
10923 9780
21870 22335
23541 4642
24286 23309
26511 18689
259 20510
5384 2630
5085 1096
13893 6003
11164 4028
23274 27479
21848 21821
20636 21661
1279 29397
12524 407
7860 5858
29036 21306
20656 5404
27046 7605
28407 23612
7573 27034
27022 18370
27841 21474
13882 1129
21613 11921
12687 10683
27475 5890
23069 1382
25094 24507
12967 25283
9002 27606
8725 607
27121 9775
7712 14217
6584 24672
3659 28272
971 3610
8502 237
7005 6496
12189 12481
24887 7878
2089 25671
7948 10872
26336 29020
21769 26094
9944 29442
8604 14323
3293 25554
9586 17302
23805 10362
21244 25712
20903 13818
11396 14642
230 22255
23749 681
18711 16515
11951 22574
14890 8733
6051 5358
3920 22388
1690 16426
979 27671
26947 4588
19639 6419
2529 14868
10664 26355
8447 2434
15221 11409
21548 24072
22770 15413
15674 439
28184 7390
23982 2666
159 25317
19610 26164
9178 18413
19230 11863
26724 21384
21613 22938
5329 6050
3704 12699
8413 7958
18092 3305
1631 20212
26443 12528
14915 19761
19210 8637
2598 29204
21721 26039
23615 10180
23747 6080
17352 29276
15039 28152
17742 21665
11009 12904
14791 18510
4640 24674
21044 21806
4089 16701
379 16931
5353 399
26856 3003
19297 28718
12780 16572
20902 4062
13908 692
8354 13893
28748 10058
3939 16883
16436 3393
25266 1747
28867 24413
10644 1876
9123 28220
3534 7018
14838 26170
22637 25090
4510 16164
7678 22248
24980 2565
24733 6536
2141 971
4493 8799
9128 4218
29650 6483
24673 2098
3668 29123
1976 14510
20387 20959
12963 16001
21540 3385
13320 10428
29518 3027
8618 6923
23634 29987
15370 12312
6579 22685
3206 20947
24107 15612
3444 3375
13210 17381
10298 16659
20616 485
21372 6861
29501 4658
23854 5708
14055 24728
21549 24540
17717 15043
28443 2869
19355 10600
18468 17524
18186 2483
14095 27267
28739 12793
6115 566
1183 14271
11988 28205
10804 12225
27724 1621
22900 10853
20626 23124
1820 12552
5888 8243
29688 17700
13686 20197
12783 2715
19868 8699
15871 393
775 15883
14734 937
22562 10303
23794 21267
26661 166
24546 11963
23209 11513
18777 5175
15968 14578
10071 9707
8074 6966
10669 19729
20690 14466
4989 16628
23744 16879
13421 8000
26041 3543
20616 29126
19519 21966
17647 14432
28994 7326
10331 26181
15889 15109
14773 1304
1005 23322
409 5827
15378 6490
17740 22422
15521 18975
18238 7184
10472 789
29494 22681
8903 7638
8414 10618
14386 7946
11029 4127
29201 23120
22598 739
15324 17436
11813 18531
18925 3426
3611 11356
12059 26740
18905 11866
9071 14708
11699 19298
3868 3069
24077 25855
698 4370
1005 15257
19773 11688
6681 28825
8957 6963
23777 5629
15454 23054
2075 25392
26670 25067
25793 3007
4268 13627
22818 24099
20485 5626
14527 7870
15823 9918
1127 16135
24575 28888
18846 7379
8680 5066
22812 4142
25292 16424
17438 1899
11989 24007
17946 25292
5394 1132
2419 28222
6668 9179
18931 17840
13856 3115
14511 11909
8103 19213
28930 17845
9041 4065
11833 13609
15369 19708
2475 921
2655 24941
4857 4019
9989 8753
7889 16325
1364 1127
12702 4827
9901 4796
9408 13264
6646 7014
17614 25955
26724 24154
14598 13
29120 16075
4020 10092
6863 15432
21784 14439
22716 20711
8119 24724
26838 26609
12514 3472
4079 15560
3534 17100
19623 28941
20903 21517
3007 6936
24451 25314
3571 25070
12254 24020
12530 11364
3415 18821
18198 10655
24520 7616
25843 29213
26525 1286
353 13020
18460 4359
29199 1544
12253 9742
9389 3913
289 11786
16030 28948
4981 4791
5703 22164
14480 17434
25042 5306
17689 25306
13232 18553
20353 11833
9395 26709
18944 29426
23295 25845
19602 2599
24416 2708
11742 5711
8397 1861
22857 5851
10331 5964
29852 16626
2669 19131
15103 12229
19361 21379
17150 29763
3752 14501
6254 16251
29406 23525
2295 15350
16129 29210
24090 6253
19008 9767
18910 15503
20360 164
19587 20055
25241 16735
27271 227
7471 9495
20956 1928
24720 18636
11752 10276
5328 22847
11496 15859
27571 3220
19136 7576
3243 10831
15397 22732
27753 11541
11842 13012
13109 19790
14247 10610
20026 11704
17740 27871
14122 20019
12401 20883
8680 4906
20136 13632
8272 9437
8469 18441
296 18952
1083 15054
25959 24643
27116 16965
19297 7256
7149 13132
5041 2482
27745 24004
8260 5081
512 5669
841 10949
9944 8798
22319 29525
23639 423
21732 25716
20224 11154
9971 7906
14252 8235
26544 20281
1888 3145
6147 17016
5494 22745
3922 2714
1040 20814
15932 2236
21698 21182
11177 3318
15247 24538
1807 24824
27979 6489
24171 6979
26889 23608
18525 28504
15957 14111
21603 24257
5020 12221
23733 25346
28180 22924
451 8771
2683 1199
5643 13864
19215 15549
17077 13085
14647 6299
23697 27389
26911 26832
136 19613
2025 13188
27296 9884
2604 28086
20243 17743
16079 20511
27266 28
22477 14746
25214 23333
20078 26335
6762 4396
3158 13782
28455 10696
20330 23807
16342 6101
21485 15071
28955 21174
28808 16024
17569 3110
23123 27934
3836 14840
13079 17541
28170 16856
23604 23600
8709 17526
22154 17165
13891 21186
20162 1924
9551 14331
9100 10938
21434 13865
22139 27268
19359 12798
4549 5961
7295 12501
22366 17987
26407 18036
20768 6473
27612 19435
25231 10072
991 2576
16314 26112
28224 8550
16743 29715
11012 21225
16776 21277
28004 12071
10434 19069
6401 29743
6543 17177
16969 15283
22138 12452
22804 28475
25282 8001
11218 27918
18836 15068
10099 11900
24690 16907
8125 2015
6814 27253
28412 20305
3669 27839
25544 8330
1216 12417
5057 1118
20974 28549
2453 17341
534 10903
7438 11702
21412 11708
18376 6606
20180 12087
4350 7800
24859 5116
21615 27706
26775 16694
24201 29065
13087 13846
5879 20901
3085 29627
28802 24171
1426 14962
20575 28191
23360 28306
17959 4576
5398 5476
19039 21963
10686 15115
16538 17335
42 29067
23998 25064
29215 27287
7744 28800
11152 5997
21280 28933
9677 24180
5055 7663
12167 1862
12969 6000
11141 25460
1960 9167
27966 12126
24770 26382
1714 126
10489 24511
25006 23291
7338 17795
17631 14334
8604 27076
7879 29471
26870 772
8940 13465
5391 10530
12101 105
8747 15896
15107 21606
1085 1333
23982 12490
1531 10452
11129 16640
23690 2431
16583 3532
18862 11429
19535 19752
25561 12050
28933 7621
26466 18990
877 6645
22514 9763
1101 3251
19413 21609
11981 12529
13553 437
13517 28400
12872 18354
9621 13101
24363 6576
6918 10553
4770 13211
16889 12305
1673 1981
2586 16559
12362 3977
20635 16205
12581 26843
10838 7218
5058 2152
2315 2051
20958 8077
3076 28953
13912 14113
8578 18666
8873 12717
24658 14948
16803 6930
26595 26615
11127 3090
17086 21725
10431 23602
11131 5514
15837 22852
11470 29981
28363 812
18233 29109
4695 23914
25555 26104
2803 7627
18916 7181
24311 12141
13499 26309
9201 19756
19173 12830
12808 28895
1464 16292
12593 22158
27890 14472
23060 53
18448 11114
13375 24866
3621 20122
10603 17380
10423 8533
24997 29686
9973 22701
6249 5243
16841 17446
8001 7671
4310 8731
7184 26084
15074 1353
18294 8215
2216 16868
4480 10313
9184 17819
20955 4838
4932 10468
7230 28857
19915 14502
26490 23129
242 11019
12481 6664
19989 7564
16614 9816
4458 3643
22975 9087
10776 727
14243 24220
11560 1627
22192 8748
11511 13082
8937 15983
29588 9726
8964 24652
108 27746
21173 14829
11591 18482
10531 9075
21571 14526
18315 4830
26596 7016
19805 10206
4978 19068
23824 2951
7403 19713
3570 58
2502 4934
14711 17268
27418 2258
10531 16864
16812 6086
18472 9986
2240 27
11490 26149
22471 683
1710 28004
17927 22200
22899 1099
3356 22604
1100 9068
11504 3606
17854 11031
17996 28385
22873 29625
14857 21704
17516 29838
14282 13343
302 24609
606 9977
27106 8356
7059 22534
12624 1295
21002 23315
9023 2450
22770 25572
27911 23908
18351 26358
27176 14371
1943 28022
9621 11411
14784 29293
14161 26085
1427 12556
26666 14534
14261 24201
15082 9953
195 10248
730 25102
20230 23591
1698 13257
22407 7685
5395 9566
19468 17546
2103 1424
18777 21500
23058 6558
24600 22912
20072 19833
14538 20285
2269 10436
467 3896
17289 8389
25048 21701
7546 27243
16683 1234
11847 25334
19994 22689
18000 25256
8253 18774
29290 28170
659 24552
6687 9503
2216 27781
17868 25891
25234 6447
23406 5714
23659 29406
9867 9348
5371 10521
4993 906
20690 12594
22458 13406
14753 29670
27575 26311
14137 29228
27027 10229
11301 2837
7474 24907
19630 20829
8080 17695
13584 12250
1599 9007
16214 26620
26498 13702
11394 4938
9653 4389
11095 16034
16821 1015
6199 27804
7597 20407
2639 26840
20820 2780
24585 27118
25716 28731
698 16916
9557 1062
9971 15690
25540 1650
11534 4450
3694 20627
13271 26485
18255 28493
23773 4817
6588 18484
14071 28648
23024 6475
24047 16631
17968 3509
28955 3430
16333 11390
11080 17815
22082 28884
4050 19273
18089 14600
5537 21360
17184 25489
19719 2981
11077 24763
29566 23539
24098 22362
14395 28568
6422 15051
28077 4445
6913 9876
21861 20891
20266 9642
3757 27777
1298 27880
23828 640
4581 22382
5142 28860
417 6654
5937 20324
29223 10090
27466 27702
11326 21812
22565 14890
19359 6351
26185 1472
24088 11069
3421 28829
10941 2916
27942 11957
15328 21258
18537 12293
25959 16894
6209 11987
11450 21159
1516 25909
25635 23231
15678 4771
6579 1080
16302 633
12928 15480
13381 2395
6891 12032
7037 27374
9679 24034
27142 27772
11463 13663
17073 4129
247 23098
23813 15807
8559 2197
5953 27414
8111 6508
2107 13360
19467 19052
25560 3458
28748 22860
4440 28898
159 7776
24621 18651
17228 15903
74 24160
5225 7585
4288 11424
19812 7668
1214 29523
20 26096
15350 6347
11760 6021
11389 11559
6360 8456
12332 20558
24372 5901
5025 10596
15424 22033
6115 27917
19543 10768
28553 18097
5729 3621
21475 24828
7667 27194
24906 16392
12283 10750
20933 20770
11418 5647
22710 28273
23641 13612
34 19176
20197 9554
26086 1214
13475 15878
27956 3126
27931 2782
3709 25790
865 49
12310 24453
10100 19455
24010 10573
2777 27684
18883 2254
16339 20509
13169 17214
16735 28012
5429 28399
22059 27254
21880 27982
7438 15937
27116 29687
26983 14426
19809 12333
10038 3581
6966 17972
20415 12980
24559 24297
26544 26656
6683 3037
21049 12609
13341 25412
11114 4377
12248 2218
902 20778
28648 13399
25042 29892
9978 6713
3114 20175
17549 2816
17075 14852
14918 13938
27040 1047
12567 16200
1333 16203
20990 6070
29858 3624
27646 20571
22225 10694
18020 5209
13011 26883
6629 4856
168 5437
23390 21537
5413 17966
29947 6886
8581 15803
16967 13394
4963 17862
18828 26043
22892 17330
5989 3047
28274 11387
29462 1536
10410 13728
8858 14065
4062 25603
22024 4674
895 26849
6755 18891
13816 7848
20176 16180
29755 1394
2229 3847
346 15401
6984 13651
10167 9102
12097 10240
27099 16352
5065 24213
14304 7230
27429 11041
22736 15134
21547 27548
11463 20580
16960 17900
28935 9786
25610 9623
26705 29753
8453 5169
5340 5052
12911 19304
23827 14107
6444 4306
6316 661
3078 13143
22069 9358
15070 1714
22857 19806
25667 26470
3016 12502
23682 3258
11157 28729
450 11382
16427 19345
4263 18080
21440 4435
25461 1193
5465 25119
27333 11145
2351 4328
12596 22460
1813 7123
302 24978
19542 17371
22215 19954
4203 23936
8523 6464
7980 26044
15462 6586
22731 976
25708 3481
15104 5537
7514 4507
17894 145
28437 24133
16362 24794
12871 6341
4786 6877
12950 24131
15521 27604
9820 19794
20279 14023
8233 3062
15981 25179
8912 1355
11858 26689
3975 14664
6345 22002
7997 4750
24770 12684
4029 25249
25873 5024
8347 29649
26255 11818
128 20377
6102 13698
25691 4469
28859 1153
4431 10017
27911 21207
9778 1763
9651 25071
544 21939
5001 3579
16166 28353
17542 1921
6471 4372
10607 13294
1018 19908
5433 28275
27768 244
9946 12342
9434 15113
24832 14861
11345 4382
18769 29606
15281 12892
15440 16789
3509 13201
2790 46
3611 7553
3766 10873
23977 12171
23018 27490
10684 18517
14675 17475
15352 6520
25856 25316
6080 4751
20443 14671
9066 25796
24098 26724
29904 27075
6058 14619
13122 14345
18141 13247
10936 10842
20911 28502
16684 23803
9393 16247
22581 8366
19230 8873
14399 7350
16235 26940
11033 26160
19063 12491
705 27806
26273 11462
8207 24186
18729 8992
7986 24501
16785 12078
26574 23190
8827 28333
2595 1225
24898 9198
18776 14634
20735 6083
3718 21729
9645 17745
24767 21320
25532 17802
378 16320
10232 25128
1434 27952
12964 29718
11948 23843
359 1231
16943 16275
14397 29096
11281 24110
7825 29540
9194 3169
6762 6394
26763 22515
6642 20062
29322 22420
13976 9781
10187 15785
26498 5135
15747 15439
18402 18242
3240 8540
8601 1415
23702 2324
8428 4711
9045 29063
18862 127
4526 28288
24390 26932
21726 6796
6129 27210
21540 14146
25116 8571
12420 676
7789 2572
10764 3403
16526 6122
17651 18955
20714 14516
11857 11995
18288 6046
17842 11731
18326 16450
7690 20206
19715 18860
9071 7755
19977 27345
24495 7272
12805 26904
4985 6008
21726 18779
17129 15426
7015 20128
28466 29648
12062 6984
21483 17906
1784 8941
26834 502
12583 11421
18141 6518
20389 11186
19349 22761
3863 3266
28175 28151
27866 13330
18794 3735
27682 17799
5017 27812
29593 23137
15806 2952
17180 29133
11241 29621
18267 26575
17278 18527
29707 1612
29209 3790
510 16284
10033 3274
21606 10588
28250 17579
10298 17916
6239 12795
24515 17339
18095 13364
4753 17609
26704 1791
7988 19373
12055 4184
5497 18369
25369 10742
11234 9994
11188 8186
7267 24521
26865 14490
16321 606
28887 24546
16453 3940
20550 28466
8785 19533
19682 26623
12189 7911
9734 22646
15646 3138
9125 1844
23529 20009
16970 29351
24581 8007
13520 5017
11710 21805
6287 10457
21154 2736
187 7502
28921 379
4821 15131
20940 8363
5196 23724
21529 1976
14084 11994
29835 1986
18395 16598
21187 16677
13138 10857
12765 25949
18320 23643
9805 8528
6209 29888
16120 24998
19492 690
27907 1338
1578 29847
3551 24032
15534 877
7072 9441
21096 1185
10035 1079
20721 22654
622 16727
14934 29230
29641 1053
15678 26984
23553 29941
3131 3979
22953 5035
2157 169
11491 19162
23487 7038
12721 12463
27223 20269
10869 1305
2711 5693
7980 19039
18376 5787
13063 26628
17438 23862
19145 2668
29815 13484
12396 14915
94 24813
15010 10315
25607 13553
19355 18570
9530 28835
9044 21893
14611 9530
1216 2343
28039 25532
9980 14373
4587 3891
10880 6969
20200 5627
3753 23080
8540 6883
27584 27052
2686 23095
14111 12116
24856 22008
5834 17055
4026 22668
2764 25400
17630 20078
12985 20807
9408 8964
21390 26674
27199 23014
2720 326
7260 25276
2397 21696
1311 12543
9824 12482
6767 13516
15443 1454
18543 5996
4501 7732
19486 12603
23439 1341
20035 19201
28173 26313
10367 9663
11363 19695
2998 27452
11634 2989
21326 29330
7011 24199
22266 29192
1557 7913
1679 9821
11037 4542
27520 10283
24703 11457
8568 18379
2158 18868
27848 17676
23586 18277
6845 16958
15126 23427
29386 4987
5022 21064
7275 9470
20816 28357
5909 16922
21369 29111
3007 5898
27322 29041
2308 17733
20606 11336
24180 4456
25413 11298
28527 24058
18122 7609
3385 2137
16976 26367
23551 9066
7075 26983
18747 17032
12214 1989
20637 16073
2884 26368
15702 24438
22586 15738
27040 7757
10034 26022
21867 22821
23363 27783
21861 1710
25254 15483
15447 22374
8147 2001
5873 23620
23659 20783
18685 5745
28206 26454
2826 3292
26238 23079
25203 24196
19605 5555
1412 13056
28099 28903
8554 19354
22701 27149
28411 16006
6658 1022
5103 20380
29262 26705
25567 23683
19250 24605
21784 385
22140 11335
10158 29873
19445 13578
13201 1494
2705 26305
21375 24712
12855 193
2288 27010
6889 23236
119 27602
22749 1755
5995 3492
11033 12303
23978 21398
12922 10885
19085 14607
6866 11506
5211 16436
5335 24463
15240 27024
8044 13025
6478 22250
8013 3160
7350 449
21435 27380
26357 864
15591 10662
10658 17009
25409 5000
28506 29781
25436 725
23683 26226
1921 21264
12739 8735
1895 10279
13255 23153
27182 20539
8173 7834
28372 2887
19032 29318
14238 18426
27461 27372
27933 4686
5837 22757
1110 5910
22256 7351
21038 6652
20295 21738
29938 25883
12856 12148
7 12507
22652 27624
20094 17468
21231 28310
21698 2435
28223 15009
17937 17378
21392 4623
4099 29320
15038 10711
5211 731
26346 23157
723 8755
13553 25847
22698 16590
9155 9077
17197 2987
17949 26855
29994 9177
5034 147
25833 10310
10417 18151
24646 23178
20978 5287
5900 24148
16073 6678
17942 20246
2391 24397
1008 28398
170 13415
17842 27354
13399 16714
18326 5173
3795 21209
16401 20596
28740 22108
5064 2045
8287 7637
27048 2454
8044 7067
14317 7217
13951 27392
2970 188
12278 2631
28768 12608
14965 8819
17081 6222
15350 8342
1372 15325
18089 20224
18546 8791
19608 7832
17992 27446
20298 24775
15107 11636
9354 17646
12844 29984
18075 11580
11474 28403
10839 16434
14573 29837
26523 24955
5621 26681
10712 16043
17376 14844
25428 5163
14623 21367
6442 11744
21689 12817
6004 3448
1340 6596
1540 5271
24141 6367
27020 23905
8770 12949
18070 2094
12069 23717
12265 5121
15871 3405
26604 28006
27785 15316
15455 25151
27030 8910
18591 20752
20309 10100
9175 25325
21772 5207
24587 3485
9950 29802
17722 2222
18522 7281
3374 4205
16510 11016
20877 22432
19798 23115
12808 5229
13941 24676
117 592
20465 5303
29036 18333
15063 23207
4437 11621
567 22348
18135 26537
26244 22858
13913 8607
926 15553
9187 24635
852 27366
28536 14909
19065 2969
20453 25579
4316 21124
23360 14440
11355 14776
17114 5162
7999 17249
23250 18718
6274 5515
22390 11985
10241 8101
4363 7866
17538 18071
9885 9735
15536 481
3509 767
27811 404
16103 5032
380 29522
17900 13572
27046 15986
17355 15681
26411 8212
8206 4630
26336 25509
15333 28247
9587 10838
15517 23769
5321 9616
28746 21755
25205 27816
6064 3283
9902 24093
14213 5511
17555 20673
23003 24942
19937 29186
16924 20040
12766 10945
20935 28463
23810 21883
22653 25198
21400 21515
17518 5872
23945 10816
24209 24451
22695 27532
28837 24997
14209 27497
24578 3925
1037 24799
5314 24711
8970 2765
2847 11218
11591 8872
3533 14862
19295 22712
24028 894
3171 9455
13396 8346
11292 7248
24176 3406
16650 11484
20881 21829
23808 17488
11202 1374
23654 19328
28768 9596
18967 8415
16892 13321
4943 25077
13814 895
2114 6736
7543 16503
10860 12166
13520 20254
21885 24814
6561 16959
27891 8848
1928 3967
10791 18153
7447 6230
28690 16653
14454 9096
12956 24848
18476 23837
19312 24706
5317 25464
12970 5045
21738 21253
28123 3978
154 11705
3552 25678
20563 5699
945 13293
15224 27683
20655 19594
21808 21641
27982 9185
12595 21328
24018 4276
28361 10690
16960 8582
24587 20641
19108 8347
5431 10981
2349 2697
28133 19099
15477 8337
10764 23379
10402 26333
7415 17122
2516 15284
3165 612
18610 24377
21918 4038
3276 15583
27870 13346
4744 5696
6670 2028
27326 5146
12779 28406
4308 3065
2568 4488
6524 2911
27694 16619
10423 2637
12114 9028
25718 8048
14999 11827
4709 15876
29596 29528
17872 17147
8244 5962
15524 14622
18518 3716
13357 21754
25211 12362
4571 19809
3268 7644
6543 11420
22544 15814
5956 3663
17854 12669
433 27079
27654 15634
26757 2396
24841 19736
12738 5736
22323 6477
2523 20338
744 7276
16842 19024
22563 17837
26235 16733
22349 4676
23011 16761
10215 22841
14519 12532
29558 25975
26218 11831
20897 24361
19646 11954
4548 21789
16161 13984
20440 2438
21815 18945
13087 16290
19274 9919
5227 29110
2471 15146
9921 12332
21422 14731
14361 19599
7706 18162
8513 22923
2931 16742
7787 8034
12523 26163
17548 12375
8804 26824
17095 15933
8384 21580
16976 3855
23213 3218
14447 28592
4206 13306
22981 2235
2397 25038
15708 4942
18027 3756
7326 15441
6906 17887
7221 29979
17932 2016
19647 24602
24147 29484
690 9541
11121 29376
10026 13954
20385 16183
15806 1164
13947 5401
15799 26753
23964 28456
19519 14633
19441 3444
3354 8492
14529 10422
27979 29811
10073 28230
10037 27436
1863 27944
11269 20644
25477 6128
12285 16918
7474 3011
11165 27562
6738 28950
20743 23045
22051 5464
2444 24704
3346 16932
4269 26120
26852 20043
26157 7415
15196 4909
15589 23558
10349 10558
8103 21110
6051 13620
10743 4675
4079 15618
9192 5118
12434 25163
9853 24060
9140 19935
27772 22575
23290 3687
15451 24514
5060 645
26585 8723
2072 19629
2257 3009
12292 742
2849 28072
19854 23362
11372 19694
13724 6641
8502 5974
22012 5290
19955 17158
4909 22299
24230 15299
22935 3477
17493 16747
3072 21954
9958 14154
9015 1730
19031 10015
2991 382
2233 24571
25883 2626
22059 6544
16373 23849
8422 7740
24960 20016
22810 131
2113 4726
15285 12145
29143 20506
16044 6818
21710 989
23041 22550
27108 18631
659 10458
25666 15390
7077 14594
8929 21418
9822 3099
25792 26755
22394 1226
6402 2242
9511 20282
9256 9254
16517 14571
4471 17691
14697 1034
9992 25265
18113 11941
20465 5463
14500 2519
25477 8677
3807 23342
22652 20717
6384 20656
26815 192
311 5673
23134 27584
19972 13998
2629 13301
15257 26908
17918 22863
25389 27723
19827 6099
27914 6320
23964 8458
13173 6725
21168 28603
19715 25585
27396 9022
8095 4206
4483 2344
23469 6389
10965 29925
6935 13262
26705 25842
6891 829
6953 23577
6016 7148
13563 1651
16943 17308
1514 1628
22793 1209
10795 7449
28291 6366
26037 1961
28601 8566
22243 16709
4396 2027
14367 6619
2346 25270
843 23058
21344 27256
20582 23869
28367 28797
28709 21799
8122 20938
1214 20330
11961 23082
24578 13296
17739 26974
26152 9927
15662 25590
19890 25698
1157 7963
20265 9985
4711 23657
9926 21308
18931 22476
8559 29081
19572 11783
29635 23062
18975 18132
21204 23641
29678 11408
4158 25379
26842 360
13532 21649
4870 14761
7576 26927
12375 18002
29096 26508
10102 1768
2401 14522
5110 8262
25042 28975
24658 847
16244 16238
18054 26299
6681 27358
29327 868
14064 10814
8774 11942
26102 26992
10191 1556
24336 18577
3467 17318
3811 22827
27544 18655
14672 22707
7999 5416
20392 18466
3257 22447
13488 20575
1497 10203
11907 4120
28439 8482
15664 12836
7819 9947
18676 8567
3606 21786
29966 14463
18275 18028
15750 24094
26083 7568
11080 21811
9499 21674
18764 27459
12310 23555
5001 21781
12324 216
20834 24818
8482 29836
16632 26893
29301 14132
28336 20476
21250 23052
3565 950
1628 23482
14231 5852
6750 28681
21855 7822
9840 3554
7679 24244
9303 3376
2870 26640
22307 19119
20453 3083
7555 29841
17859 16399
4513 26437
18605 9326
12672 23310
29369 25381
28906 22762
7247 6748
4487 18443
4735 2790
7695 24619
16431 8139
4086 12764
27789 10080
9099 28993
6301 27514
14653 5914
4002 21290
6737 14257
6285 4051
10042 16445
18943 15861
29010 28883
11568 12723
5333 28470
29454 29435
16769 9304
23504 10852
27761 23156
4985 7454
26768 21013
1139 6954
25237 26642
7442 23164
14355 23293
6287 4337
3570 6078
6934 4214
29309 12629
9672 5027
2450 29786
20190 716
4263 17369
23356 15194
27172 9587
3978 6417
13532 22416
27326 17778
28585 27053
29202 27598
2456 1221
2778 10648
12019 23006
13198 25169
2311 5335
6636 24140
26228 4896
22639 15923
18777 26395
27452 28947
888 5544
11247 23444
27259 10798
3976 27634
14419 14186
12694 3500
20831 4478
17197 10958
9902 28471
1673 20905
26814 19305
25822 24001
6865 27154
24564 9112
17045 15533
13072 6391
14445 13464
24022 8053
5049 28298
25255 5821
8123 21785
23326 25462
25625 10959
2532 14232
16559 23311
1390 7333
27176 1340
14149 17956
25230 9652
21889 14375
29202 27236
23134 29118
10406 20191
2068 29563
23601 1533
27938 16512
11177 20918
6885 20317
9469 16981
14389 17089
12315 22494
17261 28024
17725 18874
29150 5031
26848 29245
1314 763
12855 7636
21527 3260
28648 9363
9724 18576
24416 21389
5621 29820
8166 12917
28126 9121
4523 25919
334 22075
8081 27143
11301 20535
22933 458
19929 7060
10587 8167
605 4087
21520 5026
24495 25452
12216 10869
28056 28717
1092 14396
27050 16699
6642 5957
27689 26815
20180 16828
23532 6907
29873 25188
26580 29579
5873 28324
25828 13616
588 17708
10728 13142
11838 13769
25991 15206
3725 22851
2910 23460
3715 15258
26255 17615
20735 6674
21049 16745
17992 27937
130 14049
20024 24918
1089 8925
21389 8828
14720 14800
8295 24993
21180 23686
8248 403
12872 22035
2114 1509
3992 23628
13695 662
16067 17116
12127 11137
117 26533
381 10906
2980 15056
4456 1076
17345 29733
16716 26978
8485 20983
28373 26070
23069 15367
9912 454
18429 28552
28740 24442
7916 22958
21312 24254
16334 24317
13377 5643
4870 13325
6541 16603
1254 6497
3842 2899
14098 28887
901 4910
4880 23852
3344 11686
11345 8031
15956 27221
20227 29199
22813 21158
7324 21036
2264 26219
21049 16968
29220 2854
16247 15686
24574 10997
26527 22107
5161 3356
3998 22225
21671 15224
4743 19614
21412 13011
9709 11195
25247 1306
12717 29956
14048 20728
28167 13913
17222 11763
4920 6179
16442 12235
9212 2542
258 12824
18402 13924
7403 29738
4818 6052
23537 10744
27012 4511
13800 310
15604 1147
16524 28266
12261 12179
28956 2038
23162 369
6636 22166
3470 2948
4002 12851
28583 12219
6098 29583
28688 1980
10426 405
9416 8747
1850 26646
6892 2250
13246 12124
7631 6927
27058 6388
12625 4256
10132 5547
25336 21969
29535 15010
244 19343
26786 25136
27319 26348
3419 28483
19337 14541
5069 22996
26334 2191
22517 17377
7204 3517
27438 11748
23294 15138
21400 7070
12960 24255
2368 22881
17510 18761
759 5043
22610 14799
28736 27713
2185 20703
16768 28511
12866 20760
8167 19534
7475 9059
6526 8027
2136 16611
7406 18243
27344 1834
18404 20894
19734 6416
20333 14346
11102 8400
13689 29080
698 16576
26963 2180
24395 9490
24444 10070
18676 18462
22919 23389
29188 18271
2438 25814
4029 18059
2782 28638
28572 8907
20877 7865
205 8158
27558 4964
11617 25472
23981 14724
10884 29727
13853 27042
14079 746
22941 28256
8307 3575
26279 24861
13690 20024
2097 12243
6122 24425
8814 28942
2750 24790
24289 5897
19067 13537
2564 27741
21576 23147
13234 7684
10314 13773
9877 3582
23707 16195
28657 19439
23847 9901
4873 8856
22294 27139
14605 11795
18250 16440
23593 711
9576 19089
23789 22101
22892 22670
22066 14566
25284 24188
7855 12258
16657 26551
9597 2652
26192 9332
6175 12727
7408 12769
9966 9635
3174 12658
8170 19788
7476 18954
2411 2304
16244 16094
18593 19530
809 7134
18851 10611
21485 6521
1831 12905
5693 1314
204 28902
2214 13030
10088 22324
5417 19265
17134 16967
22212 10776
11247 20779
29820 25234
21708 11589
8280 10302
28184 29275
17637 24785
12601 8329
27299 21060
19371 12902
7229 23684
15626 17424
4843 11333
22107 1207
1063 11675
14147 26671
22739 13971
5776 11092
28397 26771
25543 2425
9170 28740
12159 2977
20803 18400
14247 16943
3606 21600
18997 1946
8893 21956
17561 355
19943 25518
11604 25011
24381 15130
7343 12754
2284 19631
5242 4319
20333 16928
1646 2826
7338 20842
28535 18897
186 10544
24577 19312
1586 10375
11187 12681
6352 29721
28643 13823
24585 16948
12055 23179
9184 13591
26475 25158
20079 4331
26423 28853
25183 17181
29441 28263
24870 21907
23384 8391
20799 2049
2131 12728
27925 8881
11681 7566
7098 27838
17209 11120
27552 16479
25695 13633
3315 28171
13978 19896
21505 23050
7224 3678
25286 13190
16769 12576
8823 24851
4066 11591
2955 6372
27192 10808
1214 14845
8487 27011
4237 23059
1921 3906
21897 16970
19375 13136
17978 12570
16307 3998
23422 19080
3240 25874
20181 2817
154 18533
23424 2086
17825 18799
13448 2402
18918 12593
20215 16486
26602 27343
10085 7513
24790 14199
2459 29389
20816 3632
23961 23337
24991 10915
20749 22433
27295 8546
11822 14128
4992 7852
22389 4514
9418 7141
988 23860
22079 17952
14893 27363
18964 28369
2596 27782
20815 28754
14066 20825
23886 27780
25656 17539
11401 16454
897 17737
3620 22036
12967 6115
606 10078
19108 2398
666 24683
16304 29511
7538 24926
7244 2399
25289 19279
8856 18934
25712 5642
3880 24158
27060 2836
9265 7122
21043 28150
28702 25141
14739 26721
4214 28609
6548 6304
14714 2281
21769 24149
22531 3750
25002 27904
18950 8150
23897 23796
29712 9140
22932 20505
27464 24289
24097 8225
10408 29184
7815 21443
28701 8679
14299 28252
13180 4011
14757 8587
10858 2843
6622 10795
21261 14654
19201 11672
2176 13660
1798 13398
157 16242
28371 21679
3831 27371
14345 2884
21806 24832
29398 26006
22281 13549
10682 5861
9643 15949
23283 26429
5688 4995
9840 15301
19194 9801
8706 1082
29159 23018
28397 1246
21342 7993
9082 28362
12624 19836
11098 5653
15113 14675
1447 2461
19018 2967
21899 873
26820 13365
23956 1644
24521 9910
1733 19517
10694 16274
21657 10426
23027 8435
3753 28200
26757 23339
29439 13395
3072 13961
13361 4583
24755 19292
21994 28397
13875 14377
28657 12672
15577 20087
25460 15126
9257 29622
12886 7146
26192 15545
8080 14243
3633 25840
18167 7879
22909 3841
12261 20381
23301 26456
12595 7683
13454 12649
15180 23160
11396 16582
14359 26069
9468 14641
19602 21299
14204 8773
26225 14008
23085 17479
12856 7632
15736 542
23011 9803
7559 25333
17473 658
27505 14987
8074 13324
7676 14006
5426 2165
20765 8956
23795 15334
246 863
1733 13236
1092 6560
21784 9500
7532 18044
8144 19442
10105 15704
6345 11673
23602 6581
5225 353
25622 4094
7334 3870
1683 10269
2087 16055
29281 29141
22817 5658
3826 29515
29779 5490
27333 15019
11213 2747
24395 21059
23285 19087
19421 7136
22618 8392
13893 19557
20622 4662
14969 13778
12717 497
18639 18408
10645 4141
23850 8867
7947 19654
12592 14192
17137 22609
2288 5093
12896 24487
12589 14003
20428 14732
6766 12942
19292 17650
16136 28787
10757 24185
4553 26652
17756 17192
16617 21651
26394 7012
26437 12007
19531 7447
21286 23504
25998 19488
23477 9292
26889 20056
8460 4182
19431 4078
3546 10290
14902 29380
18917 3473
12182 457
11107 3348
28928 1988
10475 11360
14996 23550
22530 9658
20239 28423
17581 7537
24560 8701
15532 2356
26456 11433
18336 26033
8534 19185
18092 14478
20118 26643
25706 21863
10089 12849
3177 10254
112 893
19817 28789
29912 9731
14642 18773
27147 10185
11061 22088
921 8388
5808 14697
297 26234
9713 17932
26853 21347
14715 1682
11771 3931
11597 19474
1019 10202
25846 28584
23195 14846
7253 8933
20038 21345
15387 18768
29625 16575
28836 11283
9456 25559
25451 3802
9447 6741
2631 878
24775 28468
14730 7361
22271 29139
22246 24091
15563 13053
2524 7745
10356 2725
24774 27965
9505 15030
13604 10698
18355 20346
6212 8448
13682 8610
24383 29702
16964 10972
23684 6646
10589 19040
2570 23679
28326 22430
14581 20852
11118 1269
10737 23468
24266 591
8807 26906
22153 10979
4720 25553
11868 519
4581 21979
14898 183
4359 15222
7079 13115
4010 19730
5617 3558
2941 16993
20298 22080
21353 13234
26132 16446
3276 22676
470 23648
29629 25445
10796 10592
4006 5407
18950 28474
22982 13363
18820 21662
26814 24206
28454 24931
29289 24156
13803 23317
6116 1905
9049 3363
22749 5663
14846 7120
5703 16945
9988 4228
11325 16768
4955 28878
24838 10051
7786 8600
17839 1114
28700 12277
22913 16902
14926 29508
18697 23989
20265 26869
26480 15230
16321 10848
3773 18209
18072 8997
2900 19698
1114 21495
15982 13270
11451 6597
22427 12226
14418 4654
15316 12406
26772 21048
994 11090
7576 14015
18126 13685
17154 7033
14114 24911
4401 9835
5988 25522
18754 25536
3677 9415
22847 26995
10949 4783
3326 27477
2817 61
6288 15174
2596 14122
3159 11779
29063 13069
23584 23859
3140 505
6949 15121
20389 3416
5250 12343
5738 26793
1960 12439
7323 2473
27749 19764
24920 2350
5307 8821
13847 10398
289 16074
5411 9573
25594 25911
6223 708
5447 25261
2367 1072
19197 28660
28014 9784
26666 7196
6107 16318
11784 28032
8580 20687
3356 10946
29939 8537
17823 3317
23506 101
27780 13044
26620 13966
28463 21794
11504 14512
4434 23528
22637 24319
28305 27836
28788 13442
7163 16227
2772 28478
606 1720
20566 19138
24904 13414
17413 10109
5945 25666
14713 4355
5577 15722
5002 10616
19335 20201
26179 26162
617 29532
16368 5505
12625 3583
26508 5450
12355 10659
16311 8794
28527 3947
15910 14725
28755 17941
17634 19399
8814 17252
9669 19582
2022 28656
13213 25812
25145 12549
6900 4527
11374 6897
1576 12562
16228 15190
14744 16577
22986 13239
14880 28561
19110 1914
3385 20321
18103 3752
5083 16790
15912 20948
18954 697
27852 12999
21188 5484
27124 18703
21694 21447
19436 4935
22963 15874
29867 21008
18314 25250
15010 22366
22964 20598
19907 23991
14534 1892
25243 340
393 25865
8750 4285
25045 8325
4845 21936
24706 20166
13912 11144
16792 7335
4721 23586
20160 14328
28867 27726
7481 15572
12566 21730
16411 3526
22271 17674
11655 4931
26281 20432
15002 5251
1338 16374
1738 15673
4372 19528
23980 19030
23961 7247
19019 24988
22349 28890
13372 17721
21033 19580
6173 11928
27827 14233
14296 22544
29941 17269
3970 28598
3766 12251
29161 22199
7784 11739
9861 10239
18527 10730
26421 28677
7043 7789
16222 4410
18056 4734
29399 10765
6229 18165
22524 14775
13440 5389
16406 9891
27020 2679
17563 7193
26688 26167
18409 13813
14620 18388
3864 6466
11175 2025
20091 7228
5202 10695
19429 8901
27266 13734
7625 4358
9637 21933
11681 10912
2407 28356
20577 14669
22804 2524
16735 18827
5175 20612
24757 16105
28180 3916
17591 22295
4437 1141
24530 21767
24599 29448
1558 25122
7381 20941
23441 14276
13875 16432
20102 9794
1728 21441
8160 18653
27907 1875
20714 5106
13826 11644
1828 18251
19102 22073
21692 14808
28379 21502
3046 12907
16500 8717
24804 21017
3252 13673
18984 8555
8410 1728
29146 24410
7005 23868
21270 26889
23783 10258
7031 620
17719 3664
12399 8205
23128 18266
8649 21801
15834 7836
11043 25162
14447 486
799 24970
6760 8147
2159 22749
18235 997
3522 29240
21610 27422
25068 20864
24205 26750
28300 10111
29323 16388
10633 14925
20818 23486
12377 8076
19097 11507
18908 11761
19201 8197
2493 10925
3562 13441
7571 19749
8051 24731
5295 17633
15421 17846
27598 25825
24581 27467
16373 1366
877 21177
15598 19429
525 13124
14224 17701
29779 22523
14030 25272
13317 27743
28479 6103
28027 11077
14003 5960
25752 19972
3753 20903
12134 21917
9704 23631
11309 9248
27811 3308
4898 5855
28466 22810
26136 16672
22064 12622
21267 24596
19915 6523
13034 1959
12677 15471
24307 17807
17575 28126
9324 15945
601 23224
8423 4053
24269 12024
26387 8061
16166 19662
20659 9359
2045 2407
3076 12244
2351 18853
8741 17292
597 19773
13895 22290
29941 27128
11389 3044
3306 26131
24740 13937
14558 17002
3460 28547
12675 8332
15118 6880
27634 722
14737 22128
12496 6555
28138 12498
29989 5283
14193 307
4460 28114
7796 9638
1497 17250
168 1687
13482 19173
4504 25538
7266 7654
4366 28605
25587 18338
12791 17061
10562 17894
9417 13347
29827 21234
3460 3876
26247 985
26639 11332
14379 18982
17276 18572
16251 15405
14322 17926
6601 27492
20489 25519
14459 17885
6613 24885
8318 2647
10448 11785
20221 19617
14206 21477
12315 9162
7731 24223
9538 21005
11307 2099
15646 29519
2931 4989
19689 27261
5024 4353
29198 27860
22632 22444
17780 7522
11422 4463
7812 16160
8255 714
6681 4064
12447 2313
25672 18716
16414 12638
6207 17484
6503 28707
17589 6276
24824 13931
18224 17211
4493 7715
4673 27064
5447 29619
24878 27394
20517 6795
1555 16380
15618 25728
18757 8102
23302 8769
22832 24242
14113 4591
25116 17999
23887 4524
25219 9365
29102 8059
17242 18342
15732 16706
21607 13895
3640 3641
7247 15822
1367 17101
2349 20848
29011 6036
13150 27368
8743 21804
3378 8722
1537 26146
22498 978
12887 23425
827 21454
22012 19316
4338 15015
5025 29709
8148 21056
17708 2445
23465 18528
16073 2582
25472 6846
25341 29341
20344 13748
10346 9828
20838 13410
12933 5101
17491 7325
16553 24776
42 29008
29241 22940
19201 13327
27124 20137
14857 11334
1813 16913
12368 919
29021 21722
1365 27521
373 12194
15911 2341
16553 14561
10845 17327
1947 1968
1282 5743
20769 14531
15388 17474
17782 1180
22369 26372
14472 3015
8798 17960
4240 26138
23661 24827
26686 350
15182 16884
20208 10621
16243 9903
23698 10864
19615 23130
17491 28774
12995 24312
15654 20993
21132 18881
28104 26408
23857 24963
244 3071
9434 14597
16996 20230
14445 17238
29487 5494
15688 10448
29429 13725
10454 18899
8993 14058
6579 9894
12035 11345
13927 7429
5087 11595
2709 9331
26812 24923
24351 21717
29188 11720
16003 27383
22887 5074
5993 15172
3232 17657
8601 19152
29637 20743
1101 28426
21266 17959
20489 11517
3980 949
11526 10209
29381 6853
3342 26494
4946 19982
22069 13506
16559 11270
28772 16757
1886 433
26720 6683
29085 8981
29838 15653
15282 12641
22948 17763
8684 28033
14234 14979
26905 9337
22776 22379
24001 22208
19960 18609
17446 4310
28702 19607
16149 17359
3337 5266
10457 19965
29253 13962
4342 20549
21576 3197
12054 3692
27171 10214
6239 29151
21277 17138
21199 10400
19038 15550
19478 21128
19770 23090
24876 17825
20469 21062
4210 8175
27647 12516
2044 28409
19184 22177
13014 15020
11023 13577
26812 22908
26472 21967
5725 10632
15420 23781
25691 26383
12817 12538
5966 14288
29819 28644
26987 12175
16930 7197
18310 10336
21419 27690
20075 17128
2626 28701
26878 17145
1940 7267
12023 28515
3922 22674
26830 26525
11013 4036
1788 12820
10625 16841
2939 29725
382 26194
4819 13380
28356 26898
3398 11612
3050 28554
25106 1284
20379 18312
9996 11358
12501 20536
6004 3932
3141 21426
17963 6038
19522 29481
10892 19995
16397 11010
13590 17159
22739 13390
29518 16360
17868 23850
14071 26635
29064 6706
18481 25967
11697 11203
29595 29889
10619 5298
5428 22082
20112 8857
24675 29352
1426 23822
1374 7987
4208 28560
3141 8357
9660 2930
22986 23167
18295 6155
14477 8140
14966 13248
15552 22221
22229 14644
1133 6562
29585 25233
7403 25715
11405 923
790 25245
18284 21932
9972 10069
23648 19912
9867 28132
7765 7087
9357 28342
9751 8497
21157 7547
6963 15932
6786 12123
14808 17723
19768 22834
18558 1670
20699 21586
23003 18147
24431 17007
15864 11124
17939 224
29596 22914
3582 4928
4074 27388
2782 29948
5403 19066
16613 21498
18320 13604
28027 8860
8082 3228
28275 4040
18480 13244
2309 16158
2608 4807
6941 15868
515 13812
12269 2226
16757 4961
12012 8751
8827 13792
27305 5016
13506 9981
26093 22347
22828 18313
3058 25422
24021 12704
12797 3506
27646 20674
20892 21045
9922 26747
14770 2727
23965 16535
26165 9277
1474 14529
4514 28646
28443 29991
25838 21152
22753 2504
26431 23700
4680 17427
18049 29117
18020 5744
25942 7561
13971 10584
16238 1281
671 13083
8365 10454
25129 29492
8623 9051
5815 12394
12721 20384
19764 19780
24124 21577
13130 9591
10483 21370
13608 20573
3300 13126
16180 16119
8019 29001
14485 7861
11418 329
23540 21375
6378 11193
17721 21381
9465 1211
9778 9809
22949 8302
25002 8187
6030 28503
10925 24971
924 19622
5800 9104
19787 22588
15021 6870
2788 29399
11667 27409
8146 4621
1753 27512
20990 1825
24315 27151
8721 12044
11777 18639
3714 24002
12721 16487
4724 25354
10673 10095
22959 138
6625 19959
14542 14465
29332 9778
29967 4918
10714 26040
11660 16415
18669 19787
14489 16369
24662 1184
22718 3959
11833 16771
5678 23957
17558 5641
4167 10975
28919 1470
22427 1613
17824 10784
17502 10856
18534 6561
9547 6583
11408 19516
20611 4781
27040 11844
21273 16214
12675 10168
25628 18595
17842 28336
23609 27432
6052 27703
5921 10824
11422 9874
2000 19457
17853 29349
18143 18117
18478 1253
19125 1261
13959 27932
9432 6762
8185 25858
27111 766
16188 6727
4132 9869
17871 2610
9965 1307
7352 29815
23100 17627
14619 2735
12589 26687
4319 59
9523 6522
12085 25146
12057 4191
8043 13892
4999 14176
2724 5111
29961 22207
24838 26915
669 25850
22446 10567
22504 4035
26836 5813
2974 3895
2973 12037
29393 23623
4487 25607
10728 9192
4923 28432
24808 12180
16344 20885
17530 12458
22465 5994
28786 24934
18011 23390
23194 4579
573 19485
4688 28674
23707 12067
22587 11131
935 25006
9265 16874
6418 10638
5910 25566
7176 1091
21326 9755
19698 474
15380 26008
13139 24398
24284 3684
1153 7895
28196 14150
1763 18037
16377 27237
5953 4767
21658 22884
13570 15889
24105 15595
8586 10133
18515 3177
28594 13127
3669 6135
26873 25424
11435 20121
4264 4479
16215 6863
24763 26606
2029 8501
13568 4030
25897 11097
1248 1864
6318 5529
9439 995
4390 4271
29651 3507
20833 26611
14591 13664
10691 6208
20517 4641
13683 17673
29148 21464
9236 29317
10779 22270
736 15870
28359 2215
14145 20189
27978 27675
4065 23677
23477 9404
15232 13027
20894 28938
7608 21353
12391 268
22212 27049
26421 18190
9754 17682
4199 15962
24909 21430
24360 6801
11072 23089
26480 7085
17086 8638
5508 26641
28445 13866
9660 20841
24539 28928
14365 2109
35 2840
19647 9865
862 28892
13028 25282
21658 15376
3218 29807
11287 7305
4688 21080
13188 9101
18342 25601
55 70
14572 19561
7504 20295
657 9380
13294 5353
23546 14963
26483 13246
8830 23695
25781 1525
22968 1916
25231 21584
2 10089
12917 16767
14243 29360
29639 15353
5853 6837
4763 22301
3543 7301
5919 20160
2496 16849
160 27029
13176 2745
5544 2531
6347 27730
24370 10939
7444 15386
23641 16171
13870 12913
19508 15799
5226 19509
26411 20431
11746 9223
4355 24565
10796 20364
11366 8080
16545 20136
17900 5599
14769 24849
1677 12568
8604 19720
18408 15820
11880 16974
8653 18084
29107 16815
25532 16220
9594 12393
25145 8803
3126 6815
1713 6412
12504 14477
24130 3332
9537 28314
18880 18669
13236 11101
29619 17074
28756 10138
19663 8298
14227 8125
8707 14062
26598 28337
2137 11793
11771 952
20800 3173
25653 26360
20186 2876
26584 27848
23143 21162
12687 12046
20729 18814
9185 17233
20686 4993
4808 5900
11733 25483
6998 533
23247 24840
29410 25296
12288 5843
22964 22529
14030 27215
24332 22822
3901 11058
25395 12266
27872 4270
15585 15828
12799 6059
8820 3157
23738 4093
547 23809
22817 12164
22864 22446
15384 2043
16695 10256
9579 12786
17258 23177
26870 11789
17412 320
18387 17151
4922 23220
13563 23073
13782 25933
8186 11574
27682 19742
16654 18359
28836 29660
10377 11639
12451 18244
5317 24341
22806 24610
19883 29324
29994 18128
26162 15832
7015 15251
25476 14384
5900 25239
27853 8461
24226 13420
1976 16610
10775 8131
8482 7525
23551 8551
26447 15658
9578 15702
7608 12878
12567 4164
15765 16528
24350 17507
20314 24184
10715 22532
16926 4920
20477 17804
15223 1329
27725 3570
15308 12466
2081 15833
22544 209
1619 24823
1807 23968
20947 5575
9674 11410
15150 16307
14722 27468
20587 29970
9404 4602
7809 12813
14161 1759
24546 25401
2517 29295
27147 536
21379 19955
17289 5050
19783 29822
28180 21982
1850 24485
15303 27938
1723 5469
487 28555
5201 21309
23334 28021
7244 26215
27839 16919
20030 6804
14207 4169
14923 19387
28626 3890
2585 21792
20694 20543
16977 17803
11741 8982
26399 25822
8731 24914
14454 26139
23162 12377
1733 10780
14742 19571
27285 16298
24528 13992
2607 4769
10669 19930
6157 11971
15993 25693
8054 18412
26086 24079
2459 29386
5913 5346
428 22735
27774 28658
10939 13045
10592 7103
6048 4590
8628 6446
3189 12039
13236 12313
9973 15617
25425 2831
24711 29854
29707 15114
23835 18375
14584 28682
25490 11047
16859 23419
17343 15336
15158 19618
20426 2956
1664 3207
12820 9321
6645 24793
15537 17232
28366 27111
16585 3148
27892 2265
12434 5982
27189 2577
15604 14499
18504 3063
1412 25577
7860 22471
3754 10154
19368 408
2553 5222
4943 13023
11406 23197
11579 24168
11455 1614
24505 8373
545 8258
55 1841
21763 18021
612 16118
17767 20071
1886 1032
9140 15860
15633 3451
27594 18469
22315 7322
13898 2151
16626 25359
12723 25361
20377 2820
19554 21685
21137 391
29637 14754
5497 13968
17562 25088
12308 20329
26091 18963
18503 26520
9161 17391
4857 4433
20985 5879
23662 10065
15247 28029
29400 26600
29815 10243
956 19349
29726 11558
2828 23029
24265 26514
3677 4936
26759 27125
6087 5617
29067 7410
2086 27707
8355 21950
25931 24302
26754 23168
25840 16345
340 5003
10712 17918
29594 25288
27372 18202
8241 29656
1328 4706
12178 23556
11424 26679
12343 4054
2286 4452
8649 27899
1417 15094
23970 26667
27192 25632
1209 13028
6471 12953
29393 2063
16751 21497
21310 13424
29106 18714
21879 16777
24549 29130
13351 5217
9257 27764
8775 11803
19724 2071
1215 26585
13690 11573
8485 13093
11885 1389
17098 19868
26525 15032
15114 3601
16145 11184
16714 23720
2149 13487
29882 7714
6864 4369
15876 18849
24112 19644
24222 20237
21912 15490
2289 23587
23861 23650
29875 6456
24430 18977
27866 7182
22767 7754
12937 19541
6016 5601
5269 25399
2801 13349
21833 11496
5056 5079
25929 23219
22401 18480
20693 26608
11182 10025
11095 11851
18525 5487
13099 27059
7241 27447
1239 29031
15532 11440
671 21241
23405 3939
18153 29787
16595 17267
14182 18620
10070 20922
21369 27225
28956 22677
24632 2663
22304 28700
25513 8978
20305 23917
12321 25815
29067 25673
5568 16246
2581 14712
14137 18322
18178 17835
7187 15027
26730 27175
26481 2023
26324 13386
8018 5398
24384 935
25957 14765
15934 19352
8708 25018
19608 27825
16641 24017
24600 12431
520 25014
11478 13735
22011 8672
5684 20655
18810 17134
9449 22171
5845 25466
17747 19507
22145 5615
4957 19551
12056 2334
29060 4899
26602 24556
19019 8879
25809 28068
26813 7030
29133 28499
4899 22768
9547 26576
3514 16722
17656 5394
28981 25962
9219 15552
10340 15536
20186 17734
6431 975
28731 17178
10188 2387
18723 12292
6260 13323
10170 28772
13997 9959
18843 26460
12967 26323
14463 2302
19965 695
1621 1466
17021 26199
16571 29569
15514 12996
16319 8316
12219 7047
6669 26099
28115 11074
8122 27753
20206 16675
8870 23216
4049 28653
13072 1903
4139 29613
15799 5498
24624 29920
1428 6543
19212 19739
23304 14684
22271 10571
12550 21582
23790 18101
27386 8467
25838 8142
27095 19050
24161 29639
11905 26636
13449 149
15540 14227
19716 11717
11121 28106
8696 19326
3835 10128
23668 944
22928 18659
26893 21610
23117 12956
22500 20920
7508 25672
24904 7000
28675 4234
29187 25880
29555 16218
1468 27321
7377 12025
10318 29137
9268 4816
3093 2277
5085 12811
8847 22634
6766 29095
4194 12812
22313 23589
20081 27799
14965 13463
23101 24330
11394 14234
9631 22136
3998 4797
16924 11379
17448 26789
5353 22699
6299 2299
14503 18218
5039 4823
21323 3997
15536 11414
22487 7133
15149 19161
22504 3299
648 3343
1606 13297
23342 16438
26057 7747
27515 3874
14924 15023
16607 5092
14479 25619
11799 12785
29303 11710
18272 20320
19053 13950
10132 10888
13379 85
24494 9317
16761 7742
18303 110
5594 10934
24272 23372
5869 709
10763 295
21372 940
29955 12344
7979 25003
3392 11718
6531 8035
17701 14099
27319 20472
20200 29604
15446 15525
11849 17774
11667 24917
58 3250
8895 14766
28948 12944
19005 1388
25152 11159
29748 1564
20724 5648
17307 1496
26540 23792
21708 3612
14791 13104
5174 24318
12163 2176
4121 6392
7780 10093
24027 14303
26085 3585
1682 11296
29982 9045
17054 15892
19495 3648
16946 670
20977 6750
17985 5746
15778 19970
6405 4403
15015 6824
12185 11224
20250 23915
204 19967
3293 24322
3923 1031
12207 7815
227 25214
18794 12437
13189 1025
234 23461
21228 14135
5039 19459
29056 3203
28700 15139
15321 24412
29967 14326
12360 13544
29033 16056
9719 15132
17001 15088
9015 5826
13032 20669
29874 12580
5413 7166
15028 2758
378 3502
22561 23478
6381 13263
4588 3726
22776 3199
20100 14514
801 25341
17953 22916
8757 2892
13402 10127
151 24628
29712 911
18546 11128
8186 20325
3306 12018
29307 3941
17483 23140
6401 14280
12932 16533
3943 18512
28447 6925
20840 12618
23800 7493
14156 11072
23835 17704
10415 28949
5593 26416
2114 7799
24431 17130
29566 13164
20657 18090
17275 6640
29867 18111
15969 16198
29555 14506
22621 25187
1273 18707
24916 11697
6423 7171
3112 1523
23783 8148
2201 903
27101 9262
5449 5082
12171 19163
16772 2874
14479 29447
18967 111
16621 10299
11455 19621
8440 12349
2228 22404
23735 2442
26748 27273
16223 2868
994 16951
16873 8906
7608 16393
17043 12101
21451 24234
29238 6226
5594 21757
29594 27644
5342 20763
19155 6973
11030 29574
14375 9393
12299 20552
19369 23365
11679 9632
21062 6653
1633 24279
1720 26985
5640 27561
15630 21700
2340 20957
11013 28312
24541 5062
10331 19362
19485 13588
26663 8062
7801 27146
11380 21748
6918 23053
12599 21334
2075 25654
1040 10441
21433 20256
28640 9964
28323 6857
26250 24107
11054 28761
18927 10601
2750 17994
28056 21568
17105 23615
17713 14964
6724 16128
22430 17623
24113 15864
14420 20588
12872 3049
20181 26589
17225 21887
1469 6193
21168 24875
10385 7606
5531 13286
12901 12162
29921 12636
22813 29195
24300 19262
26859 11776
28818 6053
17820 7659
22014 25374
4406 21387
5415 14327
17970 23249
10158 10956
463 2983
29546 28017
6122 15836
2851 22268
22728 8455
6740 18637
27552 9141
11 2739
3354 29800
8625 5666
24802 9844
7570 8718
6025 20235
27956 16421
9294 3853
7947 11974
26598 14580
14836 1821
2277 26441
28890 18908
8371 24887
17125 10995
19481 26714
10613 24081
28298 2773
12299 7997
6966 6058
27394 10647
29405 2569
28403 19829
29117 2134
23143 25534
22616 4589
26142 25965
86 13595
8088 18618
11876 27568
26004 22277
6983 1204
28688 21578
1873 15277
16696 21055
506 21176
2574 19007
17374 1029
18736 18056
27676 19781
24834 16784
24582 7942
398 15795
3998 17005
21606 4687
26072 10734
9148 7273
21219 11846
13689 12041
12788 11021
19347 13969
23230 11449
25755 22715
10966 13932
8071 6342
9178 1486
16680 7339
3658 10431
14187 12328
13402 28469
6177 14864
14507 11161
3832 19266
14847 28204
10069 12283
24959 14092
26307 12247
18162 11898
27955 23476
28367 18767
22075 20698
14448 3873
3971 13458
6322 20772
21724 9924
22672 14337
21144 10652
20295 25485
17085 13656
202 7517
14961 21676
21071 2066
9774 18845
11686 26502
10791 20832
6947 22867
1281 28495
21858 17247
1866 6593
1096 22591
21710 3140
19904 19750
6963 16241
4351 8238
12017 27759
6048 13528
20759 20107
1538 22706
5329 13631
10965 3950
11839 3527
3181 12316
5454 8253
26227 17844
2067 11007
10993 9443
23853 23285
4611 26095
17778 17463
29623 19523
6325 6649
10461 137
16216 26530
21422 3422
15659 20520
19698 27255
14384 16700
24055 14988
18229 27350
14722 19683
8107 19025
2634 3822
9591 5109
20575 20458
28347 8617
10489 2168
13096 19897
25918 21465
24350 26324
23009 19082
5118 2233
25341 2108
20174 9843
18173 17426
6154 28969
28275 24268
3385 925
10423 2182
10122 15619
1370 28389
21880 24187
18370 14383
15627 10181
25108 2835
616 21460
17536 21540
8573 8326
4229 28030
21187 28267
1147 16451
18796 16973
21155 12149
28126 10882
18656 6471
11426 25248
20634 5959
22583 28766
25786 28727
15006 9769
12019 21488
5594 4194
2520 16652
3154 5757
21706 2419
13705 5376
21681 17663
16947 2686
24144 11806
17308 8581
8993 20041
24624 18079
2129 20051
7914 8024
827 22600
11981 20205
23137 11611
16633 28282
17555 16109
11612 9088
23309 20652
11865 17125
25259 26090
7683 100
18488 14939
4059 5214
13985 18877
14009 2580
9591 5591
14977 16808
1272 28199
22514 10011
4704 20634
6388 4466
27870 15374
23085 11032
12923 2314
25477 27323
10071 5566
18794 26626
13969 15689
20762 5299
24263 16305
24325 11118
10236 19971
22619 715
21026 29011
7075 26430
7980 27727
746 825
21852 7096
7986 1321
20788 23334
5810 18140
24042 18711
16132 9011
21975 3994
27700 7952
17782 2807
26596 13964
21239 2888
13255 18535
4141 1002
26967 21681
2475 2591
18075 26247
1466 18474
21609 11458
22328 13534
4422 18993
6418 22791
7296 25201
12287 12480
23257 29402
20360 23607
2664 12114
19505 10840
1813 19920
3947 11471
9670 22516
20340 12263
26809 14330
8580 19675
18301 11572
27707 1860
15254 7124
4184 21499
7690 25710
26035 16502
12842 12376
27761 19501
10120 23239
5577 24713
21206 26592
26878 14374
13255 10506
15142 29667
21974 9932
4187 4375
22990 27929
22888 5508
1692 29178
10184 14569
13790 18127
17998 19445
17131 7255
27226 11693
21615 18164
4799 15157
8487 400
14503 17851
23814 12541
19809 12139
10939 19943
18716 7443
21974 16253
851 9699
15855 7957
16568 28163
14342 1636
5291 21841
17932 23640
22672 23338
1986 24077
23349 14361
2119 9342
29558 26357
29815 19522
12869 26796
18503 21372
7334 2223
22462 4095
1866 27294
2851 19021
10771 1694
11921 22425
8470 19975
18727 29194
16067 2017
13975 10344
9597 11129
6699 15977
19797 16669
6740 9974
24251 3786
18721 3972
5262 24859
6744 3165
23812 25360
8867 19137
2062 23521
29167 13706
14881 25707
19441 24833
10122 15848
10215 21427
2043 15579
23153 3971
23083 14959
10035 10658
15678 20613
10160 21972
21004 19520
28873 29266
29636 21716
16162 9939
25326 7578
21695 22278
25082 23614
11511 14409
12636 19465
988 27171
2336 15209
9858 22196
10740 7810
8498 26140
9999 4258
11545 23100
1103 29628
25116 26577
18488 24691
3706 26787
7528 24569
24756 7149
15587 15551
20795 8630
14638 17678
21575 14579
332 550
22812 27195
5431 7499
29331 22126
26566 19941
20888 27704
3286 29466
20629 28145
26066 6608
24847 28738
16146 9060
8371 22214
7300 14149
11193 14548
19366 174
19522 5355
6889 11721
25139 29221
25141 17400
17549 25997
21157 9836
21610 1984
12097 17875
17072 27852
579 5758
29830 27421
27364 1354
21601 28654
9712 18497
26363 1987
19994 1361
1351 3269
2554 24388
21239 19471
23823 14700
25959 28927
15669 13275
4432 4003
2608 18137
27957 10075
11732 5987
7454 6679
20133 15522
28119 4673
19612 12714
22813 415
18943 25885
21381 11534
18896 6170
28632 13060
17054 27956
19374 25028
21435 26331
23691 2682
265 8548
417 24725
11547 27248
21419 23817
4744 2540
17525 5489
17870 5999
7590 16304
1580 4867
9103 4584
5375 96
17125 15391
14153 25805
2037 29747
27951 26670
14883 18301
22672 28711
18591 19057
8699 24786
5935 26688
17966 24959
29011 17212
446 22946
13692 22180
16072 16618
8316 12777
20027 1616
4202 3436
15282 19367
2729 21977
26650 29833
21966 5425
22957 24469
11038 27170
8579 13574
20107 7203
23059 16877
7041 22546
7518 17553
24506 666
25186 2162
28172 8422
29497 6286
4273 7664
13805 7806
27207 11510
2436 23652
17599 10056
2043 27384
56 7163
22321 27458
19713 26371
21883 9519
1289 13910
9402 26945
18251 3399
16222 1611
19542 29881
19239 14245
4411 24130
17073 1066
1037 3233
21101 27960
17542 23826
1084 21316
112 26359
3872 20590
26244 7442
16591 27834
8490 22352
12822 23647
1300 21831
19072 11451
1878 13711
27250 8260
2536 11374
2316 28233
23977 9229
17723 5715
21275 21702
871 29253
10386 1146
28750 25493
5776 26556
5485 23193
18094 8820
19524 8905
11012 5760
16180 13694
26646 1298
23349 28922
18092 27954
9143 14729
6789 4513
10504 7209
663 4774
9185 22788
8490 12075
19010 18228
12127 17204
27738 2100
20802 5908
27121 23926
20390 19253
15823 11568
12317 1548
10607 28328
29651 1793
10919 17132
24985 1964
14986 10479
25243 4224
5201 22145
22921 29409
13633 22186
28495 20275
20186 4635
14789 2834
24267 26891
5593 7019
28001 10805
23947 10028
28921 5200
6342 3402
10682 204
17894 2327
19421 4211
23321 4573
7034 21968
18182 13314
27579 16113
26752 11894
8131 1179
6301 24599
26088 6379
6093 6492
19404 5722
15301 8153
19077 28104
29299 9907
22485 10252
15166 3917
4423 24111
11454 12130
26071 23505
20659 27555
5643 1756
27634 10811
1958 1868
16308 5104
13248 4778
8838 8292
3007 24226
26490 21508
6593 26696
17000 18816
15582 27893
3429 5343
5155 29808
2454 6467
25044 27364
25587 21912
25755 20223
29245 8684
23654 7592
7034 9382
13415 15737
12321 20132
8812 23721
5831 7346
1056 4648
3591 2800
1842 15886
3544 27095
21213 25854
13183 16565
26975 16999
29380 28097
12503 21622
9021 8983
6626 2716
1694 4503
14997 5073
2595 24608
23905 19706
4905 13729
7233 3480
15848 22828
9965 29759
20298 703
595 2036
4281 8433
5631 1534
29368 11638
20200 14630
8063 10212
14715 26352
14299 22963
6519 24630
11676 560
29858 18337
4680 28784
3531 19342
6294 25586
2514 17344
28191 20631
28875 13556
17323 28135
28794 621
20881 8418
7476 26375
7242 29937
23868 6638
14675 24898
8361 8427
20618 15771
23091 29366
8902 27975
21516 2338
7208 18291
26284 27993
18496 22910
27863 28771
4157 22776
734 24071
6898 25035
18746 18601
26596 16465
24928 27752
12236 29168
18506 19147
3426 25647
971 2032
25544 5612
29290 28573
14658 3398
14079 16985
9898 977
5590 28174
14831 26543
17820 9713
18796 11444
3130 13096
16633 10032
26225 13766
20744 23287
16261 29559
28915 16207
4371 18246
10388 23990
25366 14847
17591 2308
14514 29287
23528 21876
19070 18494
13570 13540
16913 5776
27919 28078
28383 25357
5656 2246
17603 10626
6736 10142
20066 11142
19044 26629
20866 11899
26046 74
27393 963
12744 2801
7687 12748
27575 20600
19958 17824
967 28442
27064 22941
11161 5010
20255 15698
4404 28425
7712 614
1704 9042
25512 11452
10166 18434
23808 21709
24642 4405
21806 2858
2585 11759
22023 3296
10120 3224
15956 17518
24691 17264
15872 28782
12725 14437
17772 25892
20325 4291
20651 1259
5239 24598
28483 12814
2792 29944
25762 23899
2879 8928
5111 9834
22312 7245
24943 1522
3685 6733
9140 8491
7013 9145
28203 1044
15794 24440
28920 8655
25454 11838
365 17036
25181 11512
1690 27258
17356 4851
21091 12459
4231 1802
28583 17229
21435 13156
9706 27481
13185 14028
24255 10496
17246 18440
9551 12759
17641 21149
22615 23199
17095 21210
6514 22176
23296 7734
12077 3051
3326 13672
6716 15511
29352 10785
24372 2112
4580 22194
5918 4786
27060 500
23299 14737
28324 6761
23252 4262
12375 27636
27886 5269
8427 17848
9127 9054
17420 27054
13093 14485
27345 20727
12543 29085
14147 17668
6489 3084
7089 29671
17839 15007
25574 3851
3935 3807
10228 13988
15698 1257
6239 16957
27008 3080
24542 21108
17799 234
27598 14200
23299 1134
1769 1590
2712 4210
23296 10390
20382 21243
26403 23798
25434 14686
19881 7805
23514 22541
27571 19625
26403 20077
24727 28635
27615 17376
20600 578
19283 6395
24487 29592
13600 19996
22042 23344
25285 26538
904 13894
13933 15484
23857 17532
26095 333
22174 5609
19097 7546
26206 29831
718 2993
21883 28445
5521 21321
11568 20678
2288 13803
12129 11526
22781 23410
28772 23669
20987 15594
5502 1019
29951 28099
11825 4474
2015 201
23687 20960
18212 10674
18506 23446
29238 9610
5915 17790
14825 23400
6649 21093
5022 18294
21188 18673
7829 11491
12306 27551
8756 9184
9913 27813
18587 11255
29623 5088
7890 3860
22913 14101
7855 21992
966 22540
2624 15411
23008 9933
10670 6275
3085 26098
28999 6902
12742 13341
8299 3829
24325 20890
13449 12127
5545 2833
3729 4997
11445 9070
24726 12504
6998 22237
5614 18415
7627 18118
14599 16349
1404 5730
17115 8577
28685 3496
6750 6181
15571 12929
23176 1610
23477 20617
15181 14943
18332 27827
25991 25209
956 22801
19396 21697
16217 17544
13271 13608
18489 10494
19314 6882
28530 2375
23318 8838
24925 16891
25390 28244
23897 19436
11658 27822
12963 12657
22182 15603
17177 27117
616 11695
321 27710
20831 25021
6323 1568
4166 23336
29080 20667
23490 12058
19265 14115
25260 14830
29234 29554
26136 17542
25699 24895
22791 381
28017 21566
5286 24581
14602 11747
13497 19235
23917 20450
21754 16741
16660 26045
28778 28838
20215 12662
24201 15488
21017 28775
10746 17284
11593 4902
23173 20565
29955 14163
25724 9749
21076 29378
6778 20907
24356 15517
5406 5433
26994 24117
9639 18054
4036 2961
6788 20231
7335 19596
16210 18859
26768 12915
10051 27590
675 27445
17553 28562
27189 13987
16855 20038
6807 25675
24702 18830
29331 23451
7300 8057
8533 27033
14227 10381
8231 9312
13203 3394
6877 12868
2846 16992
14 15809
4422 19738
9023 3310
15654 8994
9075 25995
6891 17808
22865 11402
23777 8590
8594 6913
6002 5320
27037 18600
19970 1851
2795 10919
11171 15346
5492 29256
13997 29674
25460 23820
16781 3857
24060 16122
15894 3608
28523 18374
14662 17735
13993 3237
15730 2142
28981 4043
29921 11960
5039 25380
20450 13719
28175 24116
20606 14773
398 7733
23233 17114
29473 21028
22215 301
13908 11477
29908 19751
25337 20742
12348 14362
20035 11246
1896 7405
7903 9946
2286 15272
22323 12489
10743 6063
10817 9905
21160 22405
9199 3143
24125 16870
20250 12985
15461 9539
13652 12392
25999 11042
9393 22780
5574 10014
25104 27044
8798 22431
8465 16753
23310 5275
22577 26118
7872 23552
12864 3958
20116 2783
12355 19355
3940 22619
8984 5920
4242 16005
3545 14719
10884 19800
21065 11889
1708 3745
247 9201
27155 17087
9799 22100
25186 7137
26265 3965
17330 3367
24253 24057
16769 15387
12008 17595
23454 28833
26653 24042
6174 29348
17203 17944
23709 13584
25882 4743
12610 15898
18086 24862
28622 18457
6433 12298
24773 17082
22688 19952
13582 2286
4778 28462
24067 2097
29858 3591
4999 23094
17830 19188
15038 22051
24521 8704
25935 15211
15594 1073
4891 16641
18985 22414
24026 12671
11913 9756
29721 12655
6347 22074
22982 3304
16922 9451
3490 11139
14291 22495
17031 17209
15369 18448
25389 2155
29301 22734
6934 6657
18954 3107
21433 29357
666 960
21616 4484
21233 23371
14124 9644
1104 24831
9335 16081
347 20228
21852 20094
29161 7365
1680 12486
7189 516
28247 19486
20031 171
7819 9029
16640 23008
12864 10091
29790 18951
21213 754
8823 2795
981 19564
2019 29870
4983 18842
2747 16108
15570 28626
22225 22302
16842 24026
24365 24278
25559 15298
4744 514
10264 16235
29269 7174
8316 3214
14659 21997
16575 7642
14958 25246
17382 22682
22089 11937
13895 22262
11364 7380
4072 27018
4533 16467
21934 13571
22806 26710
4042 14837
14753 29826
15722 2208
21632 7672
9212 20479
24987 15423
19125 18427
18653 2556
6293 26759
22676 9550
21576 17203
17381 15076
18060 12761
20039 27922
14813 5561
4799 13268
5600 18931
13156 26570
24204 22521
27251 6254
29982 1764
2467 21762
23051 5766
10735 23493
14904 10107
14054 1437
25387 29746
16089 8897
9143 1381
24778 1680
26179 15049
21162 10178
29577 12550
26460 593
1139 23719
12374 29316
28669 14287
4210 12146
27377 23060
14111 19423
22719 22825
3980 23638
13111 2976
24998 10192
16970 10395
19223 6620
6973 15927
9963 12273
3301 9657
19731 10099
13361 15050
18915 7091
16127 29997
26868 13833
14617 2737
16127 6460
6489 27795
29138 15465
26848 9814
20919 18299
24375 27694
29032 25037
1672 21160
18086 23262
24481 5662
6953 18496
11951 24573
8986 600
8859 40
9069 866
10715 9929
7625 14415
24351 7720
3040 22417
27953 27981
25390 4493
13988 444
4402 6989
5521 17920
10527 7863
17312 23455
20748 1907
18595 28268
4088 18996
29056 9020
18463 3226
24130 15368
22609 20830
2137 6427
21278 28699
20376 29624
27827 26227
14620 29434
11180 29694
22236 8665
3807 21942
10693 16291
25127 21864
23285 26279
26849 16682
13673 14503
27522 15460
17964 21211
20577 9752
475 28776
799 18864
19828 13478
11577 3867
9929 2449
10931 26805
13755 19646
14055 23912
11689 12958
2108 249
11541 12901
15761 19786
2454 29779
27770 5933
16847 21943
4743 10280
24920 7186
21148 7764
2683 22094
15606 24899
16889 27116
170 5105
21312 20027
10710 10671
6302 5421
17080 13140
27503 8324
27977 1422
28450 14877
1103 9261
28623 24247
26825 9802
14605 19936
1574 24797
20117 4212
19316 9902
15014 10369
29729 22669
4891 4559
14924 5701
25360 25741
29822 6381
24221 1213
2971 8639
10684 26133
27854 8189
15703 25406
26059 10751
22719 9823
26674 15062
546 10275
7677 19280
21943 24721
6704 27026
18721 18200
26522 25385
24206 6244
3426 19878
27619 17785
14890 4108
12130 19062
6672 16315
11275 13944
247 24477
26166 441
12147 2849
18619 20054
27189 6806
1807 13783
19394 5445
6335 18733
20623 3174
2909 14168
1570 13897
23399 24535
4120 10108
25902 26664
2371 18452
26987 18262
6752 17054
4321 16592
28903 17067
20255 18197
25601 20109
29751 16357
18878 4703
18512 18755
2010 20462
1479 28482
17261 7837
10310 4187
15292 9819
14847 28436
12401 23070
26782 22039
2496 5048
11202 2552
5172 16066
18887 17282
13913 7236
8635 11834
7051 7431
27501 12059
661 19401
24703 22962
2801 22855
19052 16256
26806 23212
2021 6821
25181 15433
3116 26725
6628 19061
1368 21940
25168 29302
4139 21331
21089 16858
9621 24347
15257 22391
18447 16939
25451 11495
5151 22272
11658 28741
6984 14183
23018 14319
17310 25557
16696 11385
12817 4660
1500 18644
29643 14683
12824 7319
29607 1713
8540 6838
5049 1095
7861 5500
22916 17350
16765 361
26739 3856
914 2546
6202 16976
23965 15792
20497 20428
2298 3245
7988 27417
4691 9463
3346 24454
3423 16040
13199 22695
4636 5670
19963 16147
14316 22282
20802 1777
11039 17614
5171 15590
2524 29379
744 11267
8064 16898
23955 26278
8304 23531
7964 9860
22401 19984
27283 1049
14037 25490
9650 19243
18944 19588
18880 24369
13423 17773
8896 19740
15744 22249
11208 22423
640 1762
398 7542
11040 2700
14441 10893
29842 16636
10099 21420
12514 8454
8141 29455
28778 26797
583 19573
4165 2024
10457 12047
20711 28858
14363 25872
17853 29258
18416 10346
23947 2424
7263 24276
8308 5496
13702 9724
12151 248
11760 21257
26452 20910
8670 24901
4775 17407
6587 5180
11567 24216
29136 23515
7946 25345
6736 24732
7959 5668
22024 27680
24350 3041
24374 12994
16967 17245
27959 26487
676 21552
24047 1874
27545 9406
13115 13149
15422 29748
20815 8785
25635 18418
1128 14555
20061 4881
8173 14048
21152 23830
19749 12282
23670 2301
13118 2370
22562 8752
13959 23685
14022 24365
16161 22568
2471 20303
11590 2292
14327 2672
11975 5944
28600 10250
26437 17593
10816 1499
15567 19009
15851 14182
5332 23520
27199 17738
2005 2763
14347 1311
25594 28096
10053 5099
8226 24263
13870 21170
18528 25621
21690 14420
223 15993
20993 11557
29091 21200
25757 25323
16567 26694
16316 2076
4785 12553
25240 2824
3305 4436
2131 24303
1044 25951
27027 14563
2628 25463
6478 17029
17051 1863
9679 15537
24176 14156
27929 16025
3258 339
11084 23024
13430 12454
20788 11551
5829 8447
17345 11983
24587 10118
13672 9010
27932 22506
15519 7007
7035 13580
29448 525
15090 5909
20958 25931
6613 17864
2935 1584
28623 26734
12816 21604
6334 3670
5003 8547
3537 14141
12532 4415
877 29500
23824 8109
18593 21491
11187 6308
9465 9762
11893 20897
20610 11743
19366 12602
28159 18558
27978 24913
9375 28070
13520 4937
18883 20577
21266 10701
15818 16149
11848 6364
24375 20473
17540 5896
11835 18744
9552 20373
28311 15571
16030 16635
19738 830
12206 10759
6578 22949
9699 24481
21415 17272
8503 24739
298 2828
6117 6684
29917 17739
7302 7192
5127 15446
479 24648
14348 4104
8140 41
20206 64
773 28714
4673 11926
24998 852
2346 22187
28260 10098
2033 15810
14189 15307
13819 20979
23518 15453
1407 2970
5852 9465
20865 6271
736 20851
24016 27853
17313 22065
3932 5297
8543 3246
26898 10846
25002 21224
6491 23119
22012 2688
17428 25793
8920 20291
5316 22815
27472 28195
4580 24981
5412 28349
9099 3144
18331 27180
6858 25998
4374 15120
27990 21194
2229 15514
15932 15679
29530 9741
8819 18350
24199 15987
18246 23376
9127 24664
1159 25797
16383 13038
24641 3349
21487 29014
9877 20601
19471 4546
2478 24070
3056 22772
18558 16053
23609 5411
9853 23636
25217 7507
2500 5467
29398 15026
24268 24513
510 26029
17073 11829
3971 16520
8461 2209
18567 15424
19436 6961
4985 8808
29368 23567
7211 23475
16645 27208
5836 8840
4308 25444
18020 20436
8160 18616
14253 12665
6272 15024
5956 21516
18078 27948
3257 6400
6771 13059
19102 20139
773 12196
10276 1227
13845 14249
24457 17419
3158 23306
28132 15691
28075 18052
2128 19876
21786 26433
27486 28856
23955 22892
18776 29947
20724 10045
11486 2000
4167 12631
14621 4198
1412 11237
6865 7751
15664 9944
236 277
14454 7345
19473 298
13396 29827
3675 18992
16632 16363
26364 19228
23184 19819
20460 23540
2231 13366
23702 6512
5033 29591
24725 10397
28669 27931
22631 14698
21052 22705
12751 11820
26973 10536
21325 10365
19659 321
3232 18136
11518 17724
884 9089
8461 27406
15341 5325
14538 6550
3943 15445
2894 10490
20381 29623
1873 9124
28186 3192
19636 23846
23421 10574
26392 5725
19443 18861
19776 2508
5693 9930
10704 29167
9605 14613
14670 19123
23421 17728
13912 9909
20902 11601
14296 15260
14926 3593
24447 28002
28506 26046
20993 7232
2431 14977
22970 13219
588 17832
20919 15969
20335 27718
2229 23253
21714 23265
27657 21934
21603 9954
4791 5530
2645 20170
24739 12170
29542 9333
19374 23368
3250 1123
25205 23694
21645 12158
5819 6876
19462 20749
25265 26491
11464 20963
14613 24912
5697 24838
29296 7357
11772 9570
2044 479
25745 25819
18438 7435
14382 29720
21217 29732
13295 24582
28012 23518
5386 28187
19615 25473
11931 3045
15894 25054
21466 4188
20696 27557
28890 10876
29607 1172
15324 13371
27543 20116
10233 12424
24982 8780
24430 21995
20319 21088
17105 29046
833 19427
29759 27130
12299 2360
13273 12876
18349 22140
28910 1258
19606 3791
21357 8927
21342 27387
9342 9195
17483 4357
29642 16157
24257 29712
3859 13858
6514 5929
25766 6919
25679 29259
27454 12715
16814 10547
12204 16798
12621 12441
26009 27282
18915 15895
19713 4113
17385 5995
18167 241
10417 15783
23648 16167
18155 1119
11589 6563
10339 12511
8144 6281
1699 1625
21043 19857
9201 29202
3548 4330
9964 13329
6231 20985
27322 6881
4655 2307
6355 23044
5124 161
7841 26851
22045 11068
25545 2992
19193 29745
27990 19656
27535 27767
25237 9171
3514 28131
26295 17276
809 14333
25097 6434
4877 14968
11963 3672
5199 19477
25585 28931
8518 8883
18843 3291
3085 11247
5859 18004
29870 26021
8350 1325
11148 6918
11594 27712
2066 17842
2014 5741
574 22001
12510 14984
29569 23958
19875 3241
8925 23101
9116 11349
16321 2362
3638 4685
17351 13064
15082 14056
14610 5926
9366 12743
2846 21085
6588 23697
10629 18453
27269 25618
20163 18731
17631 29243
11325 21453
12532 18587
29275 3644
4973 3068
8407 7945
8807 11011
10924 11086
17503 14225
25799 10877
1935 27640
19544 12503
740 3830
21738 11192
18640 28934
22590 9272
2955 7999
14051 14315
22190 5292
22432 8126
3656 24903
19523 17580
22911 21212
17624 4824
9051 16453
12068 7055
28104 4283
24538 11950
29904 23081
25897 28844
22312 15220
22812 2500
13993 12176
19250 28526
19515 11222
27198 15125
12599 16851
29836 14917
7442 22479
21547 6165
5333 16998
14365 724
4995 1201
1434 21129
1408 28320
24740 25277
19362 10000
22608 5042
29385 16940
2309 25116
3311 19506
12717 19199
13182 14010
25050 21902
13731 23815
29835 16014
10646 9940
27904 10552
6279 26601
7035 15065
23850 22474
24605 14295
20800 27537
24487 3056
25965 26218
14662 15332
18525 18273
25593 23887
15498 15581
1373 11225
20116 27213
17228 21988
5295 24493
8803 19980
29689 9349
8385 28250
14438 6791
2639 26496
4236 24043
21813 11585
1091 9338
28820 24090
4459 9983
10289 2107
9883 12203
8233 26050
28577 22559
7889 23064
18745 20309
3534 12380
852 424
15602 9899
26721 1990
514 27762
4377 11307
10981 19701
16955 26971
9556 6022
27000 10772
7553 5966
20296 11060
5095 1170
28148 3227
3192 23194
27013 19978
21060 4736
18294 1171
22374 3379
302 10539
3200 8170
19908 20651
3250 24073
8806 10532
988 11738
20664 28743
27921 24633
22325 909
10693 3414
5671 22497
24157 841
27745 10347
10644 2982
15602 12998
9484 4533
16785 26878
13553 18398
18628 29303
28939 14064
15861 6948
17756 13055
16719 671
22262 1801
16958 9634
7093 29003
22757 19755
28437 22870
8330 25350
26003 24143
3811 15428
7513 10221
25373 18001
12937 4640
22154 18181
19122 13840
22816 26935
15940 11238
20953 8772
17010 12858
9371 21338
12121 20583
20217 603
26879 19615
14793 12560
21815 6541
10235 20307
83 20411
19319 16873
24695 14786
9169 25541
18510 4845
9645 2521
5433 27440
25343 24265
28956 13835
11027 8354
25918 2756
20747 1429
19394 5231
15737 27219
17662 24492
17061 22436
8308 14562
27283 27757
5744 22808
9749 23085
23140 15444
17776 9148
3872 3773
14962 10063
28447 747
23030 27519
27499 10931
26721 12120
1683 15805
26542 6090
9832 22354
22156 23434
19770 4999
29928 9217
20927 12271
14900 16124
28833 10446
23106 10604
21342 308
26343 21750
7270 23304
14934 20898
14801 901
13691 28243
4887 25723
20810 18882
2104 20165
25699 22496
5398 25717
12559 15055
18882 6751
18877 20755
10661 13744
13594 14610
2286 2475
19654 26087
9860 5719
3916 20836
6946 14651
8653 14449
8016 27295
5324 18658
21586 20098
14247 15988
4933 19505
23409 24879
15659 14367
18581 22758
11127 15779
18003 18593
27028 22222
13097 19210
13219 25034
588 11230
8423 11089
19896 5931
6885 19865
20032 29958
11784 29584
19192 16987
16821 4872
22766 12
20623 4766
2522 18404
3584 10726
27274 3731
11720 23454
26177 28050
8421 2699
5640 28632
2346 21105
13702 25683
11512 19122
19362 3882
8875 9402
2953 27147
17256 22072
27623 10905
26525 9739
7231 27112
1215 27238
14235 8098
14744 12119
29641 11258
24032 22419
7041 24815
29234 7188
17963 5393
4600 14120
16912 12703
21180 15481
23009 14405
7077 20572
73 17823
26334 12464
16059 28815
25754 6374
2103 24611
29199 1274
12479 13749
2230 29452
10089 6023
22081 8374
8278 25987
7331 22572
15767 6084
14271 10388
11949 6065
14951 11976
5869 25427
18603 13718
16165 6502
1339 20232
9342 2047
8253 13128
4186 12038
5859 27391
19328 4183
22328 6794
19292 28795
23332 22919
11161 11315
24289 16080
6789 4974
22507 5085
10922 28246
24822 10481
3314 9627
487 3714
19716 25803
3396 7204
1631 4001
1114 24669
28653 6032
3887 8986
29107 19207
29369 26622
13228 3191
1621 22172
10504 28915
13036 18971
14680 20348
25451 8706
23058 27127
24755 11502
10314 2749
23357 2437
17996 10427
20142 9067
12307 9200
7559 8859
15646 9973
4835 7468
29892 8155
23453 23889
27984 7570
18052 22117
2137 25275
9649 6827
909 17625
27936 24650
7199 236
4104 7423
4288 4869
4286 4367
19652 14802
16678 22055
2627 9998
28132 9073
29773 1198
24295 11867
15370 6937
9022 9366
23979 13671
20352 14496
28483 19085
15809 8707
10764 11049
6309 28194
3533 21283
15708 11196
28054 25851
17698 7617
10167 1045
3314 1121
19658 828
17459 11809
8002 16872
17489 28736
11290 11309
10806 15587
24540 5784
24706 13637
9110 18187
26859 9937
26443 1594
13929 1935
12747 18840
23293 20120
5013 8263
9739 27233
8560 26917
11165 19680
18305 8471
26994 15477
5410 18886
3024 1498
13668 17883
5989 13930
2705 22871
18305 20037
3410 10709
22066 20635
11046 953
2086 3568
22440 5950
6918 24014
15682 13524
24378 4634
8459 6242
20475 3720
25270 19903
19197 24441
11203 18360
13207 26298
17130 18401
11326 26648
6603 20229
16543 1573
17780 12979
20648 18925
2973 1100
21277 25238
4259 17286
29181 19945
22154 19368
130 3042
2767 4864
7417 2412
25587 25057
28300 15058
15321 18808
20266 17878
4533 12361
18317 3301
14436 28798
17384 14354
26227 7994
16768 13391
463 9398
24605 24383
7530 16184
19768 3479
17662 17688
3522 21944
16162 1192
4872 7696
18317 2530
3200 17097
4406 21778
29608 17402
17210 15243
15226 19295
15767 10668
23983 11478
2444 8990
29309 25777
20233 3491
16808 2216
25097 541
28794 29358
9001 1040
16841 27856
26416 18336
25129 18316
23970 5839
11401 27902
228 12214
21959 3022
468 4381
10810 20075
14490 26406
28658 3776
7444 13955
18778 6423
3691 14965
23070 3238
20652 19191
5313 24214
1362 1380
8874 2305
4999 16270
9898 15979
23717 13801
13467 26969
515 29516
14149 6130
1333 902
24340 29415
254 299
22755 11257
20866 11653
27963 10555
8780 11067
7695 5654
13819 14187
1376 26386
13096 11199
8193 6326
11009 15262
11870 10119
11569 16964
9778 9267
22730 28639
26733 16793
25896 26100
28466 29575
6805 10097
14594 28763
4373 29967
12950 7904
29179 3770
991 6899
10232 8222
11432 17870
5540 18169
22471 1560
20758 143
19689 4776
18599 12768
9262 16341
13135 15096
20002 18784
17914 14305
11544 18085
17753 26583
4593 4131
23731 9838
19654 26208
17463 6589
10050 19379
12970 19812
7707 12205
7250 21494
22454 22398
21865 8850
17276 13856
20657 1347
28396 17575
13028 20998
28994 15406
27684 9892
8140 16390
16316 25652
15790 28351
12394 27652
8743 6294
26778 14129
7997 9620
15424 4297
1587 2804
1417 22138
9921 9080
10859 20446
9418 5223
19857 7337
12597 17444
8001 14458
901 22130
10796 4903
11357 8835
18503 5969
7788 18912
25048 28402
14979 22763
1785 24730
2401 22273
17111 1939
26238 17715
20137 22357
16026 25980
1763 10554
22143 8935
9947 20049
25806 11880
9313 1684
5989 16013
26498 15527
1688 21915
17998 29252
18225 11439
22259 15195
18076 21924
27154 27150
11512 10624
15062 14790
13762 13946
9067 25749
22829 26785
9006 23672
26064 26518
6316 23113
4514 1693
11483 25702
3033 5538
22121 4540
22806 4203
2041 11312
5490 20843
24494 9649
1 20014
4089 4230
29909 15632
7788 12733
27410 10612
24504 26220
27038 19045
5049 7772
6584 22710
23194 29726
29793 23345
2836 16030
3267 19667
6125 3340
5237 26692
22337 1175
11847 24983
2150 22894
25773 17390
16129 3190
18418 14587
2998 11895
3736 9335
23747 23727
8821 23102
56 29077
16344 24253
15082 263
23690 10309
22770 25120
23733 18428
17725 10220
22930 5461
21514 14126
28211 22210
2454 25264
19630 13600
21246 3497
21601 10676
13832 22555
21472 17924
2039 17053
26789 9858
23553 7330
18128 12010
10102 26574
12816 11914
3218 14542
9093 19358
3999 10199
28256 14094
22294 6730
20152 19668
6390 17814
13978 18309
10411 24159
9001 12698
11878 11907
5729 7741
15859 20916
29549 28345
17356 29200
29995 24878
23507 29335
23800 10978
8742 26552
6965 1026
9511 9976
26587 15677
17383 29994
21893 24446
20273 11687
8711 20927
22081 7934
2754 23971
20192 24339
6137 6786
6087 261
1820 25036
17032 8315
25974 20478
20834 11277
17847 28513
28959 2748
16152 12774
26357 6449
22860 24544
24895 17234
1617 15151
6913 5179
16796 7539
25809 2046
17959 5802
27839 26258
3583 12200
3658 7306
1084 3833
11366 5285
28337 3988
523 15231
24944 1110
2108 15365
12307 23423
22617 24580
8233 25929
28659 24499
8853 15708
3732 5792
13536 18588
17090 12407
22881 16477
16430 26417
10089 19651
8833 5388
19100 10037
24231 22365
29861 21974
14753 11590
13789 5013
19232 10467
16621 23012
13269 10466
23589 10964
28507 7107
14730 2589
9090 1809
26250 11003
23447 18403
25736 9226
361 14777
24481 2386
16657 9170
17173 18792
19319 15064
18925 3094
29448 4646
7669 330
26236 6758
24052 14647
9970 8823
28507 14494
14961 1288
24958 22251
14028 20294
15326 4831
23274 8171
4501 20150
19212 3640
27794 18178
23790 13462
25214 12382
21966 15830
17286 7082
19531 24083
23140 17329
3390 9278
29247 4837
25428 12673
14561 5723
4192 15838
14272 22812
9944 18425
26927 6405
24799 13233
11490 24470
19798 2759
9193 16032
11332 5865
307 9164
16489 11112
20946 18921
21702 12204
11660 20544
8536 21100
7518 1539
11935 21810
7152 18645
23780 8889
5160 5336
8460 6553
5593 16710
8059 16593
589 2133
16989 24240
20290 26703
2212 16234
12398 8331
1628 18392
26132 6087
1497 12337
6093 22269
21154 22509
12875 7943
22145 11848
11961 21033
25232 8393
8940 1553
4922 28276
24013 2234
26202 2539
13839 28300
23986 20785
14375 8979
20488 27486
19720 22139
14435 1823
11972 22211
12355 29886
6175 19018
2841 543
15122 13413
16772 18203
18632 29917
15451 11874
3940 10830
12873 4243
26587 22952
18242 14980
5578 20557
23247 28518
25310 1337
1495 21031
24856 24106
9393 15329
29178 5375
8740 4518
10689 26876
26881 12329
11307 28111
2597 22917
8580 27206
12265 28964
8497 23241
25750 1773
16447 17568
3394 16480
17070 7777
2514 23978
28403 11772
12157 28209
1343 7119
17388 7178
24772 12210
25998 6138
25255 19444
21695 25190
5810 22238
24841 27768
815 928
25729 656
24496 16708
4805 29274
26034 18194
249 8365
8059 25700
9356 16558
9762 21693
24028 13513
2624 16495
8736 19518
524 26697
4310 25069
18578 12527
18239 12201
3732 25324
24991 1960
5324 3284
25742 10060
24759 16243
5626 2073
25167 20393
5217 25853
12154 28694
11114 22580
1404 12732
26816 8245
16538 7674
4496 5750
22577 17020
24939 3545
6755 7487
13454 21130
3118 18372
2060 11396
2453 10473
24973 20413
23869 5190
9110 6064
27883 19150
23170 25157
13156 7876
28774 9369
4147 15725
13385 27418
24041 21383
13568 7669
12550 9155
9796 1230
22919 19653
15734 1017
16126 24675
26661 13695
16329 6199
23876 20507
26004 6339
23336 19598
23368 3222
17439 23986
4777 18467
25980 21419
21161 23664
21016 16327
21221 19565
14672 21032
28362 915
28039 432
5797 12857
8920 18640
29030 14310
26870 13765
29773 26154
17086 12899
5289 15601
6593 22010
18753 4558
27993 24203
22730 24237
6561 26303
5981 3024
27837 19600
13388 29860
21594 19702
14839 19415
8010 4531
14384 22066
20987 18564
11904 18135
24506 19709
8721 13098
14561 13121
29895 26788
17517 24358
21897 18051
16781 4782
23895 8349
21310 4147
25372 9588
3180 20082
5876 25383
8774 14157
16102 1138
22358 14151
18417 14019
3891 18096
19886 19197
21791 11641
24958 22384
9867 29562
8100 7774
18836 15984
13812 21145
27253 20996
8134 11814
29401 20790
6805 18460
3252 26337
4203 10047
6097 26025
7445 17669
10795 4802
4567 20012
8260 21216
19499 26426
14282 23391
17234 26211
20095 25421
10808 25938
3050 2007
3508 7575
6767 3031
15934 13279
13406 21332
10132 15912
20818 28881
26017 26587
20698 11570
15948 4162
17554 10374
10011 24979
5976 19737
13611 20981
27583 26813
8138 3991
13294 19584
5223 25837
24025 22307
12358 5972
9411 16824
12675 23445
28505 20138
228 10057
11097 17847
6972 16788
18300 8444
26783 3711
12084 1824
1367 15296
29267 8305
12779 3689
24018 1867
14313 8039
2810 1023
16690 1351
21946 20697
6031 15309
19605 5492
18179 19440
13873 9655
3980 7579
26669 22872
18224 8244
20945 15718
12427 27520
23552 13344
26571 23767
28163 27312
8836 29433
14670 1384
15451 22183
10451 11553
3773 10651
6021 7655
4884 14359
20967 25005
821 23569
23035 18332
23421 11617
23293 21808
27544 1033
1447 27793
19935 3142
27880 13520
24478 3156
313 25516
9307 5998
2237 15099
18047 11924
3139 25545
19574 25754
16794 25075
3413 22796
8453 29429
28717 8816
23017 3075
7244 8490
29161 4601
29895 29922
14607 6005
23698 14096
6115 9945
5666 72
12716 448
11028 11253
17384 13838
18983 6584
13058 23739
23891 3541
20224 3446
376 7397
29034 5671
13666 26499
4372 26483
16525 1401
12333 29144
9855 4890
26284 25645
27492 15075
26433 26172
21333 29581
20465 29105
4275 24924
8323 10368
9294 23318
14652 27996
26912 21521
10266 26457
22103 8861
11425 14357
24784 11961
18978 16833
2985 15764
10583 15745
20840 2485
14418 10969
21188 7297
24386 1362
28607 19691
15761 5635
18319 24033
28011 24054
7343 22009
8483 1089
8770 12416
24253 24027
21204 16881
13284 1965
28308 15975
26470 5176
11699 11208
12667 7349
6885 24295
5087 1176
29905 14616
29843 25159
14358 25595
8276 10486
24899 5656
2900 17124
7901 15670
2840 12796
29499 17480
19059 21510
22736 5384
2736 25335
23142 2105
25251 28133
26067 2634
13129 18642
6323 931
4976 11472
7465 10289
9747 816
28796 13388
20652 5503
19110 5083
22906 19056
2583 3937
18839 27577
19875 5622
22698 20808
19568 25674
21848 3653
27563 14606
24764 553
28265 12877
2712 5076
8827 20928
21451 15118
26219 18276
27372 21669
7095 18275
16126 2205
7578 24562
13538 28020
22023 9429
20526 8636
21627 21173
5357 24445
27785 29570
9347 13251
10279 25413
17724 23292
7729 26663
13210 23741
13269 21541
24466 9252
13329 25299
23333 28535
6069 27858
11375 20323
27328 16152
19519 27968
25773 23182
18467 1578
1647 24102
25607 3871
5083 29079
1940 23863
12859 22866
23027 20491
25626 19324
4411 8781
18460 19762
24990 8909
18885 14880
24125 18737
17962 19877
28331 5917
8628 24067
5353 1013
24300 23966
4267 8086
10845 10331
27486 23467
27063 23161
2420 24595
22481 9457
15421 17508
15114 185
29572 10692
11594 18007
8873 20391
8903 6444
1157 13639
10499 7020
3641 648
223 1359
20270 24355
16541 25820
20426 8943
1197 15227
4290 10883
25572 18604
11560 18324
20840 17160
23035 22650
24413 637
8228 26712
17131 13635
10223 1784
24663 25976
24185 24729
17922 14942
15420 23864
10683 26882
6884 9900
15074 16511
5238 26647
14198 26013
1702 9136
4171 3763
6153 29651
15848 22191
17702 28258
22229 10519
22442 22918
29145 6465
29930 20204
4989 29577
28371 26144
12844 3789
6841 9247
16426 28296
6524 20680
17447 27333
5853 14274
18162 10417
23365 16544
5305 2554
9745 15512
24099 6812
13486 25841
20652 3455
16799 7976
19797 27327
18685 12614
27099 19118
17813 18326
10406 24321
16024 22289
23930 16259
15166 7978
4973 27162
24412 16229
14355 4103
18128 25774
28689 9270
27854 7891
16796 13916
641 29301
6525 148
6097 8902
2164 22713
3172 9423
7487 13875
7908 19536
17747 14767
17225 11837
14819 3712
21741 26482
19536 6343
13173 29537
23152 9294
15302 21154
536 3866
15561 3362
3305 13879
25774 2954
27200 26557
28942 23937
12743 21467
23352 1958
11290 22298
20673 10337
5033 22656
11436 6147
26754 27950
8207 28622
20314 24092
19001 15939
1516 2469
26879 8521
8517 16088
14048 4149
15941 2623
22329 1806
1215 22463
4388 28188
29413 7809
18481 27223
15957 26032
3034 6292
25472 6482
4402 22875
29228 6871
8415 5921
26514 10628
5399 20466
24137 26223
13891 2871
20202 27868
26643 5636
12646 2994
22701 962
19764 15794
12742 25049
14348 23412
24985 10499
20759 9425
26587 4181
10223 3846
8185 10492
2233 1501
22044 9700
5580 25174
17286 17630
25454 3350
29475 6049
15226 16548
875 16120
8018 19782
23576 8179
1327 1624
20527 9941
22697 21169
27075 11029
25779 26252
18598 5004
12414 20646
15287 6503
299 29306
21054 556
26087 22182
15861 16268
3850 15089
29908 19327
9712 17622
9152 22328
27454 21214
29643 29169
22654 1465
27527 14792
27058 16713
28913 6370
13464 21278
13648 26929
20005 29355
29334 26511
21236 26593
16660 1721
27061 18134
4411 28989
24676 22034
24605 11353
16400 28597
13068 7843
18436 13139
14272 26989
29136 11902
11363 12976
6841 18
22119 5403
25191 29555
12219 3328
26469 27692
5597 6864
22477 15240
20955 12060
4600 17937
24732 1993
20389 8661
27419 2545
11656 8168
10919 2812
24026 4362
10461 1491
16415 27639
29601 1547
8111 26310
22160 6844
15254 28827
6735 14796
14607 26711
8845 21230
13695 20648
24528 23019
8414 21195
12706 1107
16773 15408
1907 18898
3744 689
9518 18820
24804 16111
25555 6513
18741 8281
14386 29695
22190 10826
573 26723
8646 22597
7709 21029
29748 26180
25369 18458
18913 5660
19387 23678
20686 16827
8485 12815
12998 14813
21883 12545
19970 20426
26923 23026
17040 5916
15028 9536
14666 22906
6866 12766
17150 15189
13601 12804
9074 13073
11141 19932
21152 698
5142 8360
25873 22142
3394 19475
17778 24129
3420 890
16427 19521
7418 22322
25957 11020
21029 18507
18747 1413
26865 13208
24588 4957
24982 19229
11110 28420
10069 2383
12508 27502
8008 2330
19369 23688
10431 2617
10198 7748
9781 7647
17934 21588
6949 2627
11139 23350
2932 2613
23027 1623
24315 24062
28733 212
6715 26784
15677 170
60 29538
12214 10500
2100 26675
21032 20561
17673 9851
19005 14057
15196 18486
219 21759
9567 19732
10661 6732
4571 25937
1598 18981
13335 7144
2782 12967
29881 14552
19090 4069
14560 22577
10980 12415
29286 889
22954 25395
20244 14246
21158 22636
14416 11103
1663 20032
3657 19071
23384 29770
24549 29410
29892 24238
9898 22385
16123 11938
26206 17167
11531 23490
16237 25988
10778 9114
4582 1186
19663 2965
11497 8219
23178 25446
9285 26076
8063 27108
1193 11504
6365 23203
22478 22201
14847 25441
27410 21089
11577 25047
27053 2625
19143 7839
15966 6557
20529 14171
28690 11922
13817 4696
19453 973
21938 2357
21259 12670
27801 2863
26873 7896
12819 22473
2162 15620
18129 6647
28520 6755
23814 3675
27975 20064
16683 15072
7357 11662
13582 4844
17194 20351
17542 15964
20501 18267
13643 21434
23035 492
26102 7687
13304 657
2627 19168
10808 106
782 10965
8209 13021
7626 12192
13653 9037
8253 11265
330 11613
29794 9751
29916 20241
25360 20280
22332 5006
3983 14119
20221 12253
13192 4979
10592 25476
12204 18857
851 3359
7687 12011
4765 11657
16613 4089
25955 16212
8818 27069
14460 22519
9347 12725
8953 17112
9966 4664
23908 11339
8441 941
7092 7611
1085 7653
16501 3282
21071 9680
14558 4302
20082 10349
5590 21479
24525 9538
24480 800
776 6132
25926 16103
6310 5181
8522 16322
11776 19120
10188 5697
29253 29535
13588 23789
12092 283
19337 9572
23083 26089
6735 28980
23686 8563
5564 23693
17353 740
6117 20982
11569 19966
9303 14293
13758 17573
7707 10352
12609 17995
12085 15989
12635 6488
28064 15362
19890 22581
7861 3231
9121 28802
524 27895
10613 20547
18680 1039
12454 9719
17340 24080
7804 4787
24768 5034
1089 14944
6554 10048
5819 9418
23571 9648
11563 6458
822 13843
23716 5399
9879 10542
15370 1985
10232 10721
19646 6463
1672 8115
12869 6140
22407 2080
22001 16772
19821 6612
12306 4236
27081 13184
11552 4443
4281 3511
1695 9340
25285 2766
8193 5293
15232 9921
19052 25337
6313 14722
8080 15476
18113 27576
5799 13648
5674 5110
4132 9211
1448 26059
27443 2156
9978 1637
11688 7829
16287 29121
27421 3992
20456 25705
9973 14427
16092 10357
24564 28479
9116 13952
7437 6322
21246 3598
6869 18163
18387 29711
4957 6436
1665 24270
7683 22900
13458 28391
2251 18225
29033 20304
117 9354
28535 15723
17671 26343
6795 20292
7187 3279
19640 15970
28600 4820
17753 3662
18296 24353
1093 2371
10890 16942
28925 5603
2614 16407
12694 5338
9632 10988
1785 3425
16974 23759
8146 24112
29854 29866
27486 20683
9558 12871
19160 14820
14857 10320
6775 18904
3565 18106
17963 22058
16920 17893
28356 28346
2269 6807
3452 8380
11080 22344
3111 16248
13032 25813
9487 25222
29053 17831
8741 21684
20327 23851
29578 1036
2361 16473
19734 3064
6122 11043
5805 1891
1019 12475
8515 15827
24872 17740
17687 9654
10634 24529
23662 14251
1533 8196
15038 13474
22782 5237
26107 23633
4124 964
2754 11223
8688 15766
23555 24526
3151 15473
8764 7604
26704 17452
8804 28951
29430 17033
3920 17913
23731 22878
22061 27615
19973 4321
10865 6209
9916 10576
24904 28519
27966 686
7331 10766
18149 18290
4414 2905
2488 16326
25532 10894
9739 4678
3112 2122
19789 14602
27993 13135
20897 28546
13600 27336
19375 1163
23639 17543
9996 11148
23628 6698
7278 23341
3301 24991
5483 22753
13969 6293
29876 1937
22189 28360
26833 19398
15828 27682
2012 3353
26472 12423
21813 7528
7825 4818
12672 14636
1006 26807
24270 15834
2884 1722
11217 29308
28942 26411
3658 27791
9713 12569
26394 12083
10388 13087
5738 27302
21681 17270
26015 15420
18225 7409
22143 13482
12053 16716
16972 26394
21492 3351
15546 18839
24763 21136
1362 16983
33 16744
21317 17607
19544 15529
25624 27191
5866 20025
17307 3202
23985 6319
18586 14763
25309 26475
27386 16707
26522 6577
26840 14173
2439 26624
27094 15170
19595 25921
28935 29561
19581 22484
19612 10977
23309 14403
2450 14025
29303 27896
6338 9668
3641 4005
2570 10077
1665 17399
29628 28492
691 28721
2738 12689
4220 8436
14463 6498
9273 28449
21692 7106
3185 28236
3682 14467
22251 20337
9962 19960
9996 9833
22354 25304
8051 19032
4957 27341
27157 21986
21123 2345
19199 12043
7570 2538
16161 23361
14107 18198
19492 1847
14738 3900
22906 16926
8273 18397
22450 17776
16719 22819
20714 19000
22374 2101
18810 7235
25279 27250
9356 10887
22861 12598
21335 26806
25433 5184
17150 2466
12588 22380
12473 5418
10859 23730
3994 23940
7366 19153
28410 6856
26694 4277
19588 26680
24257 22956
13270 24900
4202 6756
10854 29799
8775 19311
21930 20018
9663 19601
12248 28052
20353 9782
29493 11780
5428 29166
29430 3050
3647 1016
8348 14866
10469 25653
27357 24770
29643 26810
6478 6296
14460 12940
2214 19831
13506 12920
4234 2179
14181 2750
3192 9488
14835 8010
16808 18958
3652 10456
4594 6811
9860 22641
6422 1726
10361 19939
14969 13326
27871 8515
24380 2428
365 29879
3543 20712
12742 4152
15498 11521
19290 11873
645 22030
21337 28669
25828 21959
19868 9483
22430 4251
17906 22615
11524 29657
19542 26276
649 8757
21540 26347
16551 10332
16620 958
3093 12488
20308 688
21594 26746
4188 25443
18297 21976
6889 6629
21475 26342
24400 23536
20545 2990
1712 29219
8668 17065
23933 28628
3304 29161
29296 28724
16357 107
23257 1925
12092 11556
24478 2774
1558 17175
8921 9882
7688 20623
6405 11292
2713 2492
12910 9041
24374 18518
6199 24372
3120 2620
8864 19531
25942 16494
3422 3637
22942 14556
3267 10541
11287 15853
22888 22131
6168 13727
29546 12843
18103 27193
20215 22948
6503 27921
12820 4081
25712 28920
18502 338
24774 27958
26267 26091
2870 21018
1050 14629
26874 21612
1678 12403
12053 8005
1353 2754
18111 5359
3323 19718
27101 15219
14166 28500
12555 6720
24739 17349
24830 29776
7204 21485
15224 13686
25798 15666
16200 25319
13135 13596
8079 18259
3344 23429
10771 2232
19641 12227
2148 24906
25259 21695
16585 27123
1708 1944
11266 6514
22576 28755
4298 22805
13938 27224
16974 10702
20028 4620
13077 29440
9721 23397
546 22817
21281 8051
3678 14879
25762 29457
18075 7268
26186 19414
11994 5047
29746 8754
25072 19766
1870 14681
28148 1717
22996 26633
15326 17031
2127 9237
16716 26387
7447 8761
2476 23447
28003 14663
3571 3850
28787 15627
27866 15285
18242 4202
2607 3303
6669 17880
19361 7603
26643 16131
9265 10016
17540 4361
26650 25215
14034 9817
3420 27099
10456 17968
18451 15182
28550 22162
28744 18124
6184 28410
10131 2059
18923 1068
5674 6349
10625 16312
12555 3818
20330 25612
8969 7264
8469 25251
21472 22394
27671 3459
23877 10789
15102 24024
22569 15948
15333 1848
11627 10543
25620 5107
27955 25644
1862 23175
13229 28285
8774 15884
14411 22032
17846 16087
25412 17974
11106 21475
21247 10338
21858 17353
379 2575
18599 1103
15518 5259
2532 16086
8481 21532
14030 24909
16525 17964
24043 18231
25833 18708
17439 10590
25282 12302
24563 7253
23651 21623
25259 20433
28372 11945
2696 23180
18620 26532
2787 10673
19781 9434
120 10021
12969 14584
18544 29154
7107 19055
7576 6194
16541 15909
2759 13557
19990 27140
13248 22901
22102 10124
23368 11696
28023 20225
14141 11176
26691 21547
22040 14530
26834 13926
2834 18727
3088 25099
1695 4133
411 20482
5003 29761
263 28545
24947 20726
12622 25387
18160 26369
28666 158
28217 19660
18315 14231
5993 2567
16959 19616
26771 11079
22192 16060
9398 10680
10172 12540
19935 1856
16591 25278
29066 25568
28274 1786
27158 29254
663 1692
7013 15210
12218 19860
10235 8428
11147 27616
29577 21512
23780 8948
595 24340
3740 21483
25757 296
19730 4060
21774 28304
4189 5967
19296 1708
5525 10322
20635 24231
26351 5720
29907 27166
23403 18095
16223 12395
17611 25691
3570 27005
22731 10763
3368 26024
13575 6459
6325 2381
2187 18024
11332 20084
28285 27252
12914 14341
28510 7626
14091 12650
23690 99
5662 12036
18307 23571
26636 12921
27081 16206
21662 10703
15337 990
18985 4207
4396 12256
6285 5761
15828 17895
2373 12974
1895 12144
4209 15942
28107 24349
15450 9109
7573 5133
23532 21199
19771 1436
11487 22961
14964 14110
17907 21611
26351 11552
20385 3185
29895 19881
22307 21705
16955 22868
2665 25889
9490 26897
1795 2379
22230 3956
8259 5979
20713 20708
1545 1189
21306 9577
14137 11036
25310 6994
2792 7414
23749 27043
15223 15651
21009 11022
23043 22123
11237 27393
2788 2126
11746 29504
224 19813
5839 2568
17845 26654
11343 15008
3018 18076
5395 5558
23969 3577
3300 9274
16910 10613
11139 19321
27662 24248
24052 5044
9334 26132
22111 19028
29445 16886
7261 15179
13273 16778
23529 6617
16528 1280
16643 14134
28075 10112
26459 20233
11401 139
10860 23421
8035 2638
5835 26270
7677 13457
706 18835
12772 6307
4801 20961
13955 15143
2417 12413
8138 6607
5256 9837
23142 19862
25924 7041
8166 15034
23786 20327
24764 15385
27947 4877
20698 14387
11366 25415
22462 21616
26541 27888
15380 21150
23518 821
24530 1310
26762 17690
17935 28419
3674 9233
8995 1487
11713 5166
25798 22965
5144 25724
13401 24807
17943 12453
254 3578
10469 20008
14515 25059
27684 10739
11 16554
19314 18278
12979 8065
24116 13854
14662 1531
14193 9493
14999 1124
11193 22079
13058 17037
1339 26808
17177 23263
8094 8173
26359 3357
13538 18420
22329 1782
28509 7989
26973 776
23795 9568
6843 15248
17192 5397
13921 28879
12706 21906
18720 29521
3381 11187
7536 15004
2336 18146
17316 20854
1606 9812
14469 27869
7445 17931
28952 12295
9858 6442
7401 21614
23514 15500
23553 10620
23442 6614
27003 24938
20581 554
22899 23325
25724 21133
27970 17289
17312 18113
23619 12563
28457 13726
19162 7819
11335 4408
2476 135
2729 28481
16442 8616
29918 10801
16535 23580
1540 13215
18745 22951
28230 2245
24537 16791
18297 16
13668 27348
25277 23999
6554 23722
5313 26936
9152 22859
14951 20758
3236 24097
16681 19801
24778 8934
865 17997
8119 25555
17308 11065
8637 3457
8049 20257
11280 23380
15257 601
9405 7716
734 20990
17330 2041
16235 2551
21964 25918
8933 7857
12797 25733
18975 28051
20477 10147
18587 6188
10446 12086
19929 15684
22246 15079
20402 7512
16234 9046
10233 5428
14876 6710
27290 16178
24435 12005
14934 7495
10549 20889
19077 17317
4637 20503
11593 27972
10892 22740
9126 5028
11280 3021
13414 4034
28039 13625
8046 4840
22341 153
17398 13797
19994 17081
1803 20954
2456 18188
24541 14145
9726 17396
977 6186
13026 27244
10899 23581
1373 18933
15711 10396
27524 21021
29034 7919
18908 5495
14789 21719
15142 15919
14382 20178
5836 6644
718 786
15307 20977
29031 6268
23854 23349
17180 2730
9682 13723
15318 7158
8385 10150
16796 19434
20892 730
13186 258
9584 7121
15949 9516
8523 8635
2940 20483
25244 18726
17907 18283
18657 6452
10464 23453
1162 6928
16352 390
11138 19314
27746 24616
9623 14769
12592 2698
28023 7622
22234 25768
17126 26336
24613 27317
11158 8878
16848 18980
13432 15216
19543 28583
26647 5946
4720 6421
2940 14586
17767 1000
6954 23416
21769 4178
3620 1565
21424 10729
656 19369
10572 14451
18095 19893
4859 26947
16399 24274
13794 23141
13509 29682
4157 15676
20580 17319
25971 27309
12536 21484
2911 2529
7032 24435
28265 3281
21543 2537
17462 13057
174 26216
6325 29998
3615 15335
8772 5331
9670 13477
25387 12411
29011 967
5069 27002
6459 24266
28514 4324
20744 14527
1571 17393
25904 27022
6737 3865
6075 28100
45 3256
21084 8900
23094 26240
9192 11575
21231 24207
14902 29668
19672 2331
6915 26312
25718 10116
9442 19269
29044 7299
431 5187
19778 26683
27421 9629
10778 21046
21808 17123
24491 28737
1555 4008
21773 6983
10613 5527
17614 26122
14142 23275
21844 4892
25359 20593
5519 10502
14792 19753
2110 3023
8224 10890
25457 24933
20450 6141
22942 1169
22791 728
1368 8621
19090 16125
8649 15226
27344 9877
2891 25713
29237 15273
3177 11240
26067 17991
12831 12365
16135 27352
28880 19581
4549 2476
25332 14020
21275 6790
20902 12311
28254 24524
24599 20046
2941 12212
9514 10297
11281 13303
23506 24560
28993 18895
7415 1348
13633 26975
3841 24098
10111 9058
25062 12163
28701 25930
28159 189
10100 26374
17343 24568
6996 16557
3850 20494
28410 15259
3185 24625
18245 5509
21016 2092
24552 24200
29181 3524
19122 18308
18123 2528
9880 9805
27207 27719
15396 28264
1740 25757
24671 26385
23738 21520
16252 24351
5256 9949
18727 8118
27259 4052
458 27337
18188 25260
13500 11735
11061 1574
2748 7521
1040 27351
9526 26548
19707 17838
11518 6643
28049 10849
2093 6719
27921 6892
10026 5344
13102 4651
266 9913
2574 8726
12244 25371
5223 21157
23580 6249
24990 23399
13966 27651
3422 21777
21261 13385
3634 808
13843 6066
18485 23499
16892 28672
1779 10485
12214 5279
4166 20154
29916 18771
19464 8341
23250 3147
11613 29180
28426 29078
6645 323
26862 9125
6097 2819
19132 25097
21558 25411
28218 11815
7676 10042
16532 21636
22850 14621
528 1363
27443 7369
23905 12008
28967 16295
20239 13116
23233 18006
19588 29816
21182 17490
8969 15778
10428 19112
20777 3990
27183 10403
9090 9999
19116 21847
9408 11936
25326 10578
9552 5775
382 21815
28728 15366
16957 15415
27852 25926
9025 11732
26838 18265
23456 7908
1409 11080
7472 1104
1139 23495
19730 14662
431 19036
24215 5168
29064 24409
12343 6642
26887 1109
2644 14078
16084 6752
19117 12388
19140 13486
4269 20554
18943 20521
5943 17919
22089 6819
7207 29565
6548 3821
28376 3869
22410 2853
13995 11943
26483 24406
20583 3438
14519 28719
9066 20675
21203 9697
11612 28590
7570 18834
22325 9613
15976 6569
22718 3602
15546 7614
28824 19867
724 2943
15807 9594
690 20497
9672 17855
17869 17173
16539 29790
27012 23896
29430 18364
24342 12588
21217 1934
27519 10358
12114 3264
22145 9086
4884 11232
7903 17375
7999 8634
395 14536
23539 13242
6600 23502
13947 15098
4199 23909
3116 12004
15446 14540
25108 17877
20540 13302
17645 29556
4487 4668
1019 13313
4247 18973
12712 7279
6107 27039
22942 11282
21434 8056
15218 27509
9155 24854
28275 4453
3333 14638
5618 22397
27676 29810
14680 11177
11361 10247
2403 3625
15563 12612
6369 23436
15137 21336
6302 26862
12154 195
21893 27048
3544 17694
14103 17120
26035 3688
879 19006
26841 18824
16567 25558
29744 28929
10479 13847
14235 11959
29299 11235
24944 1268
25764 18183
15941 24829
5494 29544
20472 11508
7669 1481
28198 17687
20029 14513
14619 28491
11713 12102
11710 13859
10978 17493
11258 12841
11949 23659
22344 17689
4610 13905
11157 11227
4976 14142
9607 25117
21229 15087
11544 16925
17739 20217
229 13927
3674 22319
3614 21790
5061 12237
1828 11384
17307 21335
16212 11549
8306 15918
28575 18346
18282 22233
5145 594
17246 10909
8709 28217
20290 26042
20081 6789
20472 19961
1021 22931
9915 16614
12483 12508
17278 16546
16699 16266
15612 19655
2012 21286
23137 21363
3420 2723
20390 8304
5319 19853
17859 13791
9932 14471
25980 5070
28123 25043
23843 1521
3569 9196
1111 3286
22454 26990
21873 13099
16040 4667
24444 26105
1334 12925
11906 2872
9273 4593
17448 1249
11382 25154
27101 2797
20024 28143
20037 26914
22881 24969
15973 26942
3590 10594
4793 29257
22199 9832
18644 288
24729 12048
15110 3968
10658 12757
15671 15342
15872 23037
883 29427
21101 26809
12195 7195
29800 26296
17532 27691
20190 28060
8092 23104
10122 11338
18735 26123
14978 28326
22637 23858
9795 15596
12455 4541
26165 12535
24816 24736
15910 20035
18125 1069
27880 14167
19971 20574
8536 18280
29639 2447
23979 7761
28461 25515
20244 14253
21548 7641
27947 14601
23541 17405
20038 16508
28643 13662
8019 11200
14701 29896
25638 23644
28001 3289
942 8535
17081 21047
7855 13586
24774 23228
13766 1056
28702 7282
20094 14747
26643 7321
18800 9683
29661 20465
7216 20221
19925 4489
2954 15180
29906 6241
6804 4905
20770 21040
27011 23598
15788 24578
23604 16412
12056 23886
17323 26003
20144 4966
29744 24778
16620 4032
19362 23816
13818 19547
27982 20341
10469 20900
9514 1483
27970 1345
18205 2183
10978 12682
10936 10823
26281 24290
6996 27832
18480 5342
21352 23575
17455 22048
1113 13195
20535 15893
27637 23403
621 7594
12207 24868
9371 29416
22692 25725
22215 23758
3582 21843
12978 9711
18408 1455
20657 19855
18105 19054
20190 2738
28253 13507
28786 18260
3388 4172
9579 23667
10645 23404
1037 25386
14789 24190
12342 19640
1679 4317
5937 16924
8638 9372
25968 1473
23978 11782
22692 21156
28757 1995
7667 28335
15533 25784
29965 15687
12601 29461
10050 19725
9082 14741
19148 12632
23827 23952
3375 4333
20899 23159
25571 10665
11053 4560
21623 17983
11182 25523
10890 5295
17848 21240
1619 28668
19720 3235
29689 25320
8060 18605
10992 29153
21052 7728
15778 21503
18811 26801
18052 26198
22790 20250
27020 95
19933 23733
11594 13530
8867 20123
1326 25849
2359 1484
17388 25013
10451 24758
1324 22547
22731 26632
20656 22527
22448 2241
13270 28085
27594 1113
10031 27587
7837 7868
18468 7159
18657 28439
13673 3113
21863 9299
2093 8642
29399 17747
24148 13752
705 1154
10035 28116
13782 3611
13930 24376
18314 22341
13099 11073
7578 16855
3437 874
26771 18806
19395 3901
21046 14643
7046 18133
10111 1007
7189 20357
2554 23805
27646 27101
16935 5551
22880 5199
458 9693
3565 1441
13313 21878
12563 2590
15851 8408
15138 19990
14023 19938
21721 7923
28992 20142
28833 12745
19151 1880
18048 4927
3044 6509
5020 4046
14978 7056
29223 13168
25929 24494
7471 20639
17970 19095
21957 24179
5373 29149
24 1908
14779 25760
16698 3390
27176 24191
4051 15688
22948 19611
3508 599
29428 1399
29150 9714
25237 13796
1779 16712
8134 24
18463 28640
12195 4822
11237 16396
17163 20362
10365 22378
26585 21163
14981 12396
23245 28735
22069 26946
12621 24323
8572 957
24134 5584
8646 12880
20277 10082
2354 23254
29475 12390
24987 15117
27787 29567
2850 24174
10627 4312
4785 4012
21287 3
23628 7802
1516 3552
21389 18536
23683 24354
3725 25873
4679 26708
20764 7864
18801 1705
26680 8508
20327 29033
19965 21690
13509 25908
13804 10291
3383 21667
23644 15344
23648 27686
23326 15400
21896 27957
10204 3872
28752 870
8082 24801
25098 5140
28204 19795
19930 2385
29061 15640
3855 9072
28865 15095
9751 21625
13743 23187
29281 28796
3258 20882
8859 3344
10479 20394
17934 29039
25395 17545
1978 15534
18442 6240
3421 29861
12342 1206
28208 11394
8487 2861
11048 2573
26315 17085
9217 24235
15321 5405
28021 22879
5408 9023
18910 7888
23654 7768
15270 15212
26357 17992
29989 18871
6774 18320
22001 6235
17021 8516
25573 15330
3752 17406
27251 9
8512 13217
3256 9390
1928 19020
18758 7381
25044 14364
7046 25253
12508 10867
13747 16975
22905 25767
17766 5482
21815 17482
5202 28245
9821 20611
10134 28371
3834 9710
25277 18470
20279 6828
26003 9043
28762 5588
29840 8720
21362 8095
5537 9791
13872 9370
1209 11930
12128 22110
14734 6250
29047 13113
8236 9158
20152 6378
24872 26913
15798 7786
7553 12016
2671 18145
12686 18740
1670 29977
20641 28777
22294 22880
29220 11667
10088 19841
27707 28541
14729 17227
11935 17075
4192 15472
7709 20444
26503 9934
7073 11609
1063 5829
2555 22083
20713 16553
12386 23834
7780 9411
6587 27586
4374 20208
23398 16834
27367 8106
19019 20696
7566 27495
24670 23665
16426 24774
8100 5474
9004 22583
24206 15959
5618 16773
2946 19135
8559 10260
1193 26959
29917 27144
11477 5661
19069 20731
7889 27613
17830 26720
25053 18296
11885 14881
27309 9452
28856 25338
9412 16702
19244 17596
1699 2214
16647 8036
9611 19848
24361 17749
23109 9004
27984 8598
7536 1282
27061 16787
10313 10718
8716 4014
23299 21650
27384 11096
2769 22381
446 12207
23886 10013
22374 4785
2197 9646
25559 24640
4791 20349
12835 13768
15301 24337
24347 14118
27596 16173
10761 3683
897 15128
6526 5226
23302 17325
7067 1872
14095 4048
28265 24947
2321 13991
29018 26365
263 17277
24674 13147
24982 1517
3762 18272
28884 20315
4125 28744
22966 23872
18697 15323
1849 29412
11409 9508
20870 2768
13277 784
16339 7998
11009 17131
23226 28498
4553 16301
17476 9992
3668 19154
15856 12741
5134 19409
27357 24437
28435 14807
380 9545
20985 13387
16870 29707
8821 18224
29410 24953
5225 2855
8347 25704
20443 4556
27158 4661
13762 12286
12808 19508
17806 19041
21000 6359
2954 3649
28974 25627
20510 20748
25855 9614
25144 8410
21388 24659
5648 27655
20325 28108
13921 28659
16504 16813
13852 11821
11164 15337
25883 29728
13824 3033
22866 7985
524 27508
21926 3298
22160 18970
27404 23981
14256 25200
16351 8075
10360 29074
1364 5883
25889 10699
1671 3603
25924 6172
6863 11024
690 16594
21620 7695
29270 27429
26783 8424
4983 4018
20751 3418
10634 24393
27871 1910
4889 13742
8441 21721
26853 4119
16621 11059
5988 21652
779 488
9434 25596
24007 302
20091 22224
14999 24505
18485 23136
4347 13539
25524 11656
16995 10031
1984 17726
27699 22545
29380 389
21137 11861
4594 5438
7852 861
17043 15268
24577 25944
1282 4875
19575 2164
27044 7650
186 22504
1059 25210
1495 5150
106 1135
11858 22679
13059 14435
25840 29332
7562 26950
8912 18787
16124 10145
4835 11668
16930 3378
8239 18366
1100 15092
24010 20859
18246 18917
21397 17388
12791 27672
13570 2382
3108 16071
23858 7317
29439 13756
26502 11157
22355 14946
22349 1009
28324 16608
16696 14668
8049 27082
24095 6715
19870 2270
11030 19916
28933 318
3355 22790
15588 509
24479 4728
23964 19858
28037 7424
29994 29756
3952 16796
6093 7013
6964 24881
23682 20811
7879 3460
2062 7713
3366 3803
13043 8654
295 10581
22716 6872
20546 17563
17503 21390
7331 9307
1056 9612
19937 15847
26307 6866
9935 6309
11654 17052
26881 17922
15798 6189
27019 334
16130 13282
25292 23072
9514 11182
6922 20290
14737 22163
16251 28343
4268 4242
9923 6783
27401 22116
7278 28873
26127 15073
7748 22856
16406 3671
23333 20435
17107 21043
7136 8545
25364 9242
21246 17059
18438 18656
13487 8412
10196 10067
29489 23742
3215 9873
169 1391
10456 17969
2787 1506
19618 12320
512 25752
332 12402
22711 12473
12283 7781
28594 11004
25266 3836
13135 25788
1449 20643
722 9845
21389 28154
4558 26604
147 12960
14497 15106
29548 3819
29585 24125
15074 13739
12348 4566
28000 28551
28659 1371
22504 29238
6590 7551
9822 7574
26689 20835
151 13891
24878 26380
14760 3300
14630 27430
16626 3539
22500 13397
16632 21832
12021 25576
12450 28768
29019 20167
20924 22889
25379 5284
344 17684
4855 23753
25556 20997
25955 19302
12100 15038
26045 13811
23173 11915
9594 15255
9357 20701
16852 14969
6330 6432
11039 3087
307 14197
20202 9260
5054 13786
22941 24139
28412 16061
5223 7201
17249 24267
23866 21628
25490 10263
7198 16725
24657 16051
25230 1418
5345 1532
3163 28698
20906 26052
14257 2614
15419 8500
19091 20085
14770 19044
19290 20242
1797 19026
4625 3127
28886 7845
14 23066
10958 26061
1876 10586
13882 17672
8560 9283
1332 4168
18442 18171
24600 13172
24116 15404
9699 15656
3225 17781
19486 29436
7794 13649
19356 10685
4526 25481
23602 17879
28282 14908
4062 10983
5589 26944
27079 18450
23399 28366
21206 24802
11301 16096
23380 20331
24574 19272
20945 3498
3520 19758
3354 3607
22753 4497
16609 18676
4208 11579
25980 15770
29437 8301
9442 11605
17447 15609
7861 22339
12340 7354
22711 9253
8753 26093
12182 20086
27892 11293
3295 23250
9883 5556
17798 10994
10191 1174
5985 26905
6406 18573
21141 26334
312 28274
4606 23316
12387 7535
27430 25312
2021 25204
2956 19396
13885 13061
18983 7238
29102 2789
26541 14882
29323 13175
20582 28522
29439 8841
12932 22102
19908 13945
21607 19585
10343 23385
20340 28710
19059 16821
1595 4730
6788 26261
14419 14591
28321 2953
15089 15580
19796 5952
27222 11788
15244 5270
18641 20419
12959 20533
15041 16146
6064 24617
11389 27884
17090 26581
17228 23788
20863 8846
26299 16045
6279 22288
15338 12195
29209 15014
13614 11220
13396 6702
3926 2559
28928 2802
9256 10951
518 10952
10037 9082
24791 26816
22728 4611
9859 17471
21798 21297
24395 6398
28326 13511
15028 13227
26225 13455
1628 11416
14528 9788
2879 20677
4932 23696
13385 28386
17763 29486
13294 1152
23424 28293
22119 4798
25476 5468
10499 3828
27982 11105
13014 9160
26094 27857
20171 11577
15591 12003
17237 3658
15659 15261
11880 2332
13340 17930
5041 15082
11132 14692
14814 28180
28772 27900
7890 19329
9191 29134
14338 29017
5214 17368
17256 2002
26369 16971
4777 7416
11626 19647
4342 11519
17776 22752
4088 26503
16145 29717
15517 27946
9307 3002
249 7640
20863 9397
19032 2935
15674 4417
23684 2618
25757 22647
7442 22831
13361 23117
15155 21044
29231 11441
22767 27867
21609 15498
22261 24845
11876 29652
7227 28031
574 8575
24168 1605
10244 636
12105 20449
7156 17786
10905 11432
14534 11393
20352 25416
19930 18580
10048 25497
14938 19886
15730 26536
21471 5301
11316 25430
1641 28240
20711 23735
12384 1542
1822 7006
21524 22043
14292 14929
14714 17440
24960 21396
22011 6571
27473 26289
18957 13509
7156 9825
2604 21248
16026 10930
28426 5363
19683 24748
24855 23218
8666 5735
15848 14989
14529 1479
19862 13869
14004 8226
4469 27756
22236 10204
28372 23542
22616 10201
11597 28477
21264 8453
26120 29926
8533 19076
26086 27245
29199 23142
16799 25409
27746 17404
10586 18688
20037 4278
27682 3066
25742 8224
17801 25727
12743 11341
1729 19117
3433 15568
14441 18125
24077 13857
19821 10731
3120 20489
29320 4407
16017 8063
20997 22077
29835 737
17218 26447
9586 22671
10266 24249
19067 3407
23375 1379
12537 9633
11309 28134
10615 1277
4398 23941
7054 10137
22970 3462
28366 21581
6350 13901
16080 11121
20721 21220
7877 29503
20133 24155
11604 4286
13757 4900
5321 17342
25676 8633
7200 15622
14185 16211
605 104
9169 10179
5931 26370
11121 9303
2081 7456
9194 5478
27034 14803
11921 2594
1814 21583
14332 5272
24775 15348
28049 29390
24140 56
8757 17534
20066 14981
319 11991
16751 21632
25455 15388
29300 16831
4086 12827
5237 16929
29120 21009
2371 27601
4220 28339
25289 18828
18272 10264
12800 29284
4046 13959
7551 27540
11962 383
6007 23035
27662 4970
26931 14260
11439 26484
8069 20592
27963 21191
9853 25
27011 12787
11272 1671
5107 5755
20605 5506
2910 16493
8159 26225
26674 4886
2419 10130
11000 23206
15477 8660
13568 20454
10367 27156
851 10745
4147 17637
23539 28214
24141 6162
12510 23354
16848 26834
3736 24049
21724 10910
1775 21357
5220 8185
15722 18215
5065 4986
15079 9264
1712 13566
904 21057
1464 17791
12159 13079
3896 21984
24360 27714
10925 13653
3374 22053
22413 10261
10492 24715
27643 3899
28004 21595
22040 28372
5412 13883
24081 17251
25902 5316
19936 3247
26791 27990
18143 22799
28925 4015
1326 8249
6390 24812
29696 6017
25653 21446
20522 24714
28923 5409
27637 19850
13571 7044
12437 7130
28666 12079
28790 26067
15328 15826
2311 1757
9041 7763
12151 10088
2935 11285
22369 17884
10146 17601
17123 25344
20522 19719
2253 21034
17687 13339
28194 2123
4072 20499
5426 6613
17152 29501
11077 13960
4898 24395
2583 4671
19522 18468
28588 25149
20538 24741
20977 30
25218 2547
22957 6816
24451 10372
4434 19245
26094 12040
23861 2169
17927 28852
14908 20485
14880 634
10733 3008
24773 3984
27700 4026
18095 13357
27228 643
29635 22718
7352 23040
17995 26235
4753 10524
7107 7967
19973 12941
2764 23031
10429 14986
26676 13466
13999 6660
22235 27046
29882 24884
22263 25758
5662 28572
3740 29760
1694 22823
19713 26468
1673 18047
12325 27620
14675 3702
759 24920
18164 4344
29319 22150
19063 3893
29498 26887
5371 29617
9775 19969
18846 611
14658 3961
13238 19525
6382 1232
16091 9353
16761 13318
14012 6944
9098 29883
23117 16949
26544 11637
23540 25025
11848 18858
7805 17950
6778 4789
9923 25439
24770 20670
21084 11934
6938 7371
25487 24623
6511 21678
14918 14339
5678 1781
3276 25262
13450 19808
8239 23028
1619 548
25774 9459
14075 24702
21002 17385
15472 5774
23466 6057
18741 2571
13335 6517
22656 28794
20073 11855
27285 15973
7357 6823
3498 26943
20778 22097
14977 4853
6853 17841
24802 13022
178 22223
1309 9315
14191 10548
22065 27949
26038 28153
20335 21092
25433 18775
5865 29821
17845 19892
27079 10782
17032 27705
22860 21617
12189 17231
12244 28454
20111 26097
18236 3483
29639 20751
7671 3723
171 1842
23056 7759
5549 9188
12923 29693
7587 24720
17333 18736
25163 9980
23046 17658
7366 19851
5227 5462
6112 83
18948 27824
26235 24404
17847 22655
26334 11287
19072 13110
6441 24386
16591 19371
19468 11690
22140 20615
17763 2167
29300 12903
29849 21935
3416 1404
10287 17632
26752 17890
11751 19363
21632 6890
22029 20162
21229 21643
89 11777
17232 2352
14429 27086
11655 26973
28262 15177
25300 1955
24947 13040
5002 12752
13377 23328
11267 5422
28967 23766
15703 9044
2808 3354
6986 14410
3163 5426
6360 14947
17661 1675
26893 15297
3582 3616
13927 23642
6352 14043
17017 20130
21477 19820
3110 26176
14444 10933
1502 19711
7046 21435
15298 335
24209 23470
16383 3696
17240 17577
27410 29467
11600 24613
20182 26294
27848 25709
16129 15127
6125 14268
6520 6967
13494 27891
28196 6435
13932 26715
16333 14299
3241 5644
4832 5516
25260 3765
25736 4031
13190 12153
16504 8524
14304 25696
914 4784
16358 26117
24997 625
13812 4933
4282 26030
11362 24285
15014 12839
26252 20844
10908 25923
13731 6894
8306 28344
29636 14921
2946 4431
152 8009
3264 5102
5408 6283
15981 9527
4338 12927
3142 6177
3139 22245
18570 26900
17077 10817
24016 28617
16362 18126
25817 10416
1216 24665
19185 13692
7789 27142
6422 5985
8736 28056
544 13508
20598 6965
22754 11562
21162 24006
10949 6344
10351 14589
15910 19158
11937 8016
24042 14590
24180 2174
28917 17154
14910 29226
18464 26655
14096 14053
12818 25052
2336 27057
1457 21870
28974 23268
5158 11188
3638 5559
2742 28041
13600 18210
25456 19108
13826 5257
6212 23903
4746 12601
16082 14081
12650 7560
464 8220
20233 14903
7418 20459
11626 7327
2902 16746
8188 10646
793 27428
5172 16362
29788 14992
219 15491
11924 1144
3314 19166
17240 26064
12342 25511
24421 7797
8042 11487
18310 8801
16913 27500
29561 20609
5121 15343
25793 4000
19327 27021
11963 6609
2409 16785
24480 16807
17827 2533
4605 1489
23640 23522
14114 23343
6379 7421
26602 10850
22240 20299
18966 11419
5067 397
24540 14869
8753 24527
3944 6305
12673 10537
16908 14750
19291 17401
14316 4924
11742 7021
783 27007
15123 4066
19461 29224
5589 6468
23191 20877
11916 24932
4970 8110
29406 10828
4656 20940
6213 8198
2578 7049
7555 21898
27419 3976
27951 11274
9478 1603
17698 19555
14252 24654
23997 6991
24553 27476
10769 19232
16148 22376
6423 17018
11000 22873
22921 26086
9745 7756
26013 26522
1442 7288
20319 14423
2403 15361
2439 20284
28505 19337
11590 26758
4515 22738
29143 26844
12581 10225
23723 28494
8355 23961
11436 13640
23659 278
7443 8081
4308 14823
10393 15321
10237 22061
23493 21501
19870 23611
11218 7577
11355 23925
11434 14953
20452 6739
16317 17119
29619 18852
26522 16265
26699 1956
17812 16102
20958 3213
19388 4282
9453 8779
17669 27396
13988 13542
5179 5731
19371 13373
11027 24946
22065 28816
29032 914
6588 11055
3965 28350
20518 25549
28646 28811
8407 14798
24684 4057
3455 5440
14893 2055
11524 26890
19495 373
23191 20761
23466 17307
3860 12597
6231 28679
5107 5689
4567 6590
24067 17665
23363 27189
10365 7555
5910 11164
18146 16028
28423 23048
10033 21768
22072 29669
23352 113
24997 10980
12746 17374
27274 7043
29565 29846
29518 25839
21702 22491
6795 16685
17790 1888
2026 14307
26350 5831
3304 17417
13183 1173
4076 7083
14923 26534
2756 15780
3641 27889
20698 15584
14064 25587
13186 9222
13111 1529
5671 26856
24365 20786
22827 26911
29047 23551
17248 20764
21308 13841
22527 26
27770 1600
21915 14833
3036 16583
3337 3534
19760 20759
19922 7984
9749 10273
12419 7816
12233 206
17873 1433
27306 20502
1557 16161
7605 29191
29038 418
29830 16809
12337 5978
4880 15888
12702 8328
1777 29550
12420 16817
3715 2056
10386 9826
28015 27610
9216 24930
28572 25220
15323 8703
9096 23563
15890 2410
28659 7231
26033 13351
24136 10642
514 28123
15850 13815
3033 26251
2096 19818
6137 682
13816 11645
14037 29971
19965 17458
15577 17409
15352 21895
19185 25437
20359 10373
5214 17001
5267 18104
19566 28715
27330 15105
15585 27400
26957 16522
12059 24408
29489 8459
12313 23768
297 3103
21349 29690
17942 29331
12902 12932
13234 28863
13932 6952
20673 27230
25576 19002
12148 17631
15896 90
11935 16371
27566 25459
13482 6047
2529 1537
11069 2721
24442 13037
12451 11647
12916 19258
25956 26778
17540 19155
3164 16370
4995 17643
8964 13852
14358 27770
22189 21941
15750 21615
7127 5951
11870 29904
10629 10712
17799 11088
22653 2459
8447 13193
27165 8230
17848 5127
29010 14999
15900 15839
11406 3161
10494 1883
12601 5056
4194 9716
27657 27698
12134 9989
17263 11304
20637 25836
4501 8473
25932 3338
11913 16681
5357 4158
15953 10922
13295 24261
26842 12722
18829 2718
14909 10257
8317 17977
3594 1157
15861 3234
25692 2936
1125 27859
18076 14720
19658 25390
27182 1196
21476 16726
7221 26250
8149 1673
29060 6655
22962 29176
24756 28542
162 1620
4523 14726
14113 19244
7412 14500
24421 11398
8540 8932
20921 23432
18059 22933
21739 18429
1753 14546
6740 734
27880 15037
20687 10113
5935 19231
11894 29292
13955 6525
13692 19575
4731 13278
6405 10103
967 10707
23794 25358
19312 9531
15850 27106
3334 27886
21957 4963
6146 25348
8812 19544
20207 24805
12485 18212
55 26205
6242 5706
14514 12846
19662 23348
9880 28831
17600 22230
23529 20508
3000 12579
5859 18211
22804 20423
18204 3748
28429 21072
15251 9827
13807 22021
5314 20252
12583 9709
7498 5799
27391 2221
18135 20813
14350 28636
20831 1516
13671 6685
18640 15427
10463 4679
13608 23716
3258 9491
14966 9868
12738 29817
6863 14201
21101 26283
2728 15626
6513 21330
25149 8151
14977 1476
16808 23923
3210 24647
2586 538
3323 19103
10618 17917
9765 7918
12948 5582
13350 25552
11754 7223
12744 21099
6750 20469
11275 29890
26781 26830
25925 28254
19567 5192
17356 20069
162 25181
1298 5786
4343 25310
25672 12630
22893 9492
1542 15286
1441 10961
24590 938
13399 24044
3640 15358
27062 16498
26155 16189
21229 1167
4610 18368
14062 6352
21918 26109
18156 9487
2411 28594
16334 14990
21335 21027
10241 14342
10038 27689
2812 10689
27675 5262
12650 2186
8618 7496
22494 11714
3033 14558
18967 20468
28850 25000
21619 26729
24992 20693
15282 20028
24970 20867
16162 4510
3842 7785
22344 24402
23332 28872
25394 88
27401 15818
2097 23671
7190 28329
12473 8103
24520 17600
6039 19
24906 21542
1442 4759
27976 14734
7263 28675
24542 1276
17733 26106
21929 7612
3182 26165
7011 8333
49 3785
9090 11071
17517 20365
27164 20451
5574 7388
13185 25349
8752 6362
6713 28447
24582 3401
20031 290
15552 18343
1409 10076
15870 27280
8990 2479
11772 6501
3943 25943
16843 13696
28974 364
24447 12971
3978 2376
8465 20706
24645 21352
21470 12718
10073 29353
25843 11284
18687 228
20208 17189
28692 29437
5001 20190
4359 25985
2870 19395
18319 567
17968 2006
21413 28374
23790 24604
3754 26436
8074 29923
22230 5227
265 26994
17530 28212
15443 22845
7190 25714
10134 12912
23469 22135
22902 8924
28856 4990
6954 4259
22578 799
20701 8745
9965 7367
28554 24336
29852 18854
12959 11893
22189 15044
24887 17242
18251 22756
2359 23259
15237 22721
22632 29543
13705 25107
21433 25597
24691 21659
7184 943
4513 1038
18444 25331
2224 10268
21952 12055
8272 18941
25255 24836
13372 12642
16954 26391
25624 7063
1502 6279
2917 8018
1579 16578
16678 15913
3460 12218
9788 29076
9098 24332
23985 6551
24526 14585
16187 24880
17266 21354
2127 21215
15326 25258
2037 12888
14924 23174
4582 28207
27034 13889
22024 10102
4241 26246
20911 29875
14103 28688
10878 22143
11148 12215
6522 17422
8844 17107
4085 29183
10042 28497
25092 68
1521 29645
24476 26550
8481 29924
7975 3346
28169 11885
7047 4197
7562 22454
9970 14216
23116 3048
20261 16283
26853 3206
13692 22157
9808 15576
2227 4763
10188 11169
28762 9218
18440 14002
21137 1753
20644 19031
19749 10435
22075 21927
15447 12993
17194 4709
9751 24313
16655 3824
13238 7771
13139 7688
10426 27228
1183 267
7261 4346
26872 19712
11868 24282
23318 4385
6807 13194
23683 5611
13199 9562
27941 14951
12686 10434
25932 8119
20162 17719
14710 539
27552 654
14255 21763
17650 19425
26820 5291
27977 18049
22969 1859
5037 14961
2136 14673
28992 27416
12764 26568
8801 26820
23794 21925
3078 19196
16667 25859
2627 8493
12625 3885
28450 2525
27978 28997
29601 1330
10455 5419
20072 16163
18000 16869
17711 24856
22304 24798
21308 29520
12824 501
26691 29633
14309 24876
8123 27100
3200 7399
1157 26477
26319 7709
27038 19309
7421 26248
24613 623
29293 11045
15765 20052
17809 7341
246 19046
3482 17800
9946 98
24308 17705
24383 11781
467 1966
1272 5277
11491 5268
11948 9276
14062 15566
8648 12193
8069 22470
22230 8112
382 25066
27183 10728
18399 9065
28567 11321
1560 28156
23853 25898
1806 22170
3621 24307
4264 13308
17026 28537
1986 12467
28172 15586
1947 10545
25187 19084
27421 7602
16558 19307
16855 5130
16608 20581
21844 19882
29707 24038
13510 1630
25332 19303
18241 23335
15946 1042
26459 27695
27914 9284
18587 18003
15567 27700
3571 8300
22325 3837
60 5739
19312 18574
11681 25414
25979 26956
28196 27040
14157 3933
8568 26458
21062 16996
8165 16065
5059 28510
16699 2896
5537 17996
16316 24258
10059 7467
20656 12296
14387 15001
1820 25211
19215 13452
13988 13130
27207 28128
1935 26062
663 27424
27044 3832
19646 17432
19894 2660
4512 20
3656 6716
9139 8399
22918 25193
16016 13722
18448 21151
4898 9351
9623 21102
8512 20244
3295 13355
853 27794
826 15505
19347 10623
22394 21405
18252 24892
7706 24592
5492 5317
13682 16794
24859 2404
15681 14060
21325 11535
2602 24935
28017 2639
21393 13563
19989 29175
18336 19437
18318 26968
12461 27539
22619 26842
26092 2891
21867 26686
20475 25857
2466 569
23294 13851
26636 29475
5316 8760
28755 10440
12073 14191
17070 11665
21538 5051
5095 6129
10042 29165
2117 6578
25814 25243
12824 27605
20296 26126
13940 21350
5237 20361
10343 17299
5171 13016
16314 22188
5319 27192
27095 741
5829 29325
18603 26584
23021 27641
27461 16670
1355 17621
4432 8929
8686 16683
11870 25694
27073 22303
27926 5600
16483 7630
27595 17387
24176 10564
27360 12151
14930 27443
2747 15508
24542 7787
10428 13209
16641 3627
22654 26326
10806 2560
21353 218
21571 2275
2302 28289
13803 9540
11765 16389
20297 7017
12989 13618
1842 20688
9805 15021
9432 17929
26830 2268
7543 17535
14451 3636
12396 13529
22042 20048
28788 18612
23781 23773
1942 3725
10838 5021
13183 23875
24920 10341
9998 2144
7 15905
16287 20579
18791 7385
19556 24189
17237 13491
6359 8690
17553 14071
15587 10351
15591 13617
29469 13747
27200 24626
29021 2149
9579 4250
23878 22228
6164 8278
4087 23162
1490 2347
4656 22492
5684 26314
19716 27575
14438 6007
17320 26421
15440 20096
27927 19097
19388 4568
15498 6002
6287 3767
15062 15713
17006 17712
5492 18110
6629 20955
17676 7147
14887 27973
8019 21830
9041 19946
26686 5427
3151 28260
26931 706
10171 17783
23087 5705
14638 4366
19911 5256
1969 19014
5773 5210
7152 1398
16332 18918
13507 19791
8119 7775
10821 22557
20065 21707
3966 9966
14231 14073
1514 12620
24790 25860
1455 21892
8948 9526
17759 23570
2298 22928
26398 26125
8948 1835
29356 6191
23244 25166
23398 11180
20318 19132
16802 13679
19938 12517
22074 2090
22996 8518
20526 3588
16473 14316
7048 21068
28656 3334
29281 10790
13454 8474
3234 1469
19115 2077
11833 11365
17215 17150
6229 10835
27877 7524
1616 5245
16776 10242
13839 25474
15196 28516
18215 17942
2219 25810
26571 5186
4321 15750
24051 21106
25999 23107
19473 22944
26879 28869
353 6033
9663 6548
12197 9347
3264 16776
8163 29851
16974 5054
27603 16224
26748 27693
25457 9450
7260 21204
14899 2315
10858 17979
346 14009
28194 15198
6965 28453
11363 16114
26584 356
691 35
921 4241
6525 13601
20440 19493
20985 19417
28556 27119
13032 12399
28607 15181
10166 14379
13456 3674
18868 21879
22390 87
1691 23457
3480 7928
425 20666
26126 27126
25856 29812
17693 5302
19089 1645
23365 19714
12266 24350
25729 29451
2060 5114
10608 2274
6046 28564
19894 24399
8652 2667
12910 17793
23877 28733
26877 12863
11107 2846
22044 11918
4364 26055
13284 8137
20545 4768
2671 16609
13853 2083
5688 13917
25810 25589
21570 4334
17645 5212
24010 9988
4821 14482
3544 8609
27811 25772
6969 25170
18003 19397
1635 16258
270 18617
26685 22932
17587 14872
24372 17197
23686 11916
7108 11791
12278 1709
8102 3189
11241 4839
2195 5833
7169 10409
29018 11102
24253 3693
12859 11911
8858 20514
3210 6832
12835 8973
1989 4707
29827 11091
29623 7356
20344 12398
17225 6150
3101 22493
18135 20989
27051 23646
5791 1549
1085 10755
979 1743
11628 4279
14108 10132
22407 13280
16299 25638
26369 843
28286 11536
18942 3471
11563 9695
18297 28265
8623 20541
3428 21560
11447 14459
12902 29170
9489 2941
7504 18121
5857 14286
1524 19169
22776 26273
29406 14595
22132 24826
567 21374
20295 14863
18311 15958
8933 7113
26752 16703
3445 23286
2849 10697
20414 26446
18795 29438
17382 19827
6098 3848
12514 13703
3605 18850
28119 16475
686 10845
18178 27842
26026 7835
452 14391
18470 29070
9739 26566
11395 18256
6964 3728
17671 25294
18518 14474
27429 13532
4050 13830
23070 19047
26500 14112
19050 13808
8995 14849
1010 8379
1314 15137
775 19133
24763 29939
28930 3488
25601 11762
18246 14285
23799 18538
8160 9807
4993 18627
15123 1790
26985 2455
3446 2390
18008 9074
18935 23074
330 26110
15218 7597
13160 3879
9848 25326
2350 4323
3497 4965
3795 26770
242 24668
5799 19532
14191 7667
23064 16752
11846 10923
22346 20289
25207 6908
3231 27559
13677 6382
27911 28249
28690 29028
19148 16332
28890 2125
10461 15703
8186 20006
22810 6711
17518 6197
28305 827
13705 29138
5248 13521
29824 3200
26236 16273
27970 17039
13767 4501
649 23675
28095 25153
1484 14657
2237 3433
2215 10367
3032 1450
16608 12773
18349 8809
7864 23415
3765 21554
15823 9890
17839 26497
20997 19033
8688 5488
24351 14743
8357 220
6953 10378
8568 24809
4496 779
2847 16795
27749 17523
25695 14320
10491 311
11668 10237
3295 13088
29237 16179
28033 29729
3714 29441
26686 21589
12236 81
4758 2311
4021 801
2035 22062
14185 2514
28457 5919
13936 5129
23334 20159
25882 14551
15598 11616
16168 20834
26580 29090
28260 27595
5598 26618
19979 5352
17051 20074
22860 17551
2651 16547
29063 18472
1408 13072
14958 20665
20758 20215
17249 19242
11713 10800
6888 19104
12278 1297
11317 27637
20661 8377
10947 14153
12673 9371
27686 12792
10064 13152
11688 17928
11875 21359
16510 18873
2691 13975
12725 25565
433 23649
17850 7300
16080 7257
10549 10325
14282 27967
28965 23660
28400 26827
3243 10563
15834 25436
6168 23533
6651 9694
24284 7027
24205 19953
13589 21471
806 29339
11387 15881
14527 9675
21616 9501
1010 17519
29906 29868
16319 19578
13927 13108
24663 20144
3615 28319
22514 2297
13006 27187
19054 27265
16287 23173
20762 27201
25084 24987
29741 17312
2086 14554
16765 29304
17879 7634
6238 21132
2349 13155
8594 717
20353 12693
21004 7991
17673 12128
5870 19287
22281 18782
19753 8666
4242 4058
18515 15315
28163 8628
18072 8172
2359 584
18800 3411
23728 4550
5029 10660
20450 12188
22487 12606
4563 4922
18125 5535
26595 11525
6350 4748
24307 26960
3317 29773
27958 27987
10388 27110
15075 27936
14696 24314
12793 18602
13762 4638
5256 11597
26637 5326
18629 882
12747 14461
7617 1018
18314 7420
7582 6461
26527 6769
6628 22505
4140 5063
24778 26036
18419 16921
20947 12052
6073 26765
10228 1661
28067 3503
26508 17866
25684 15558
27950 25309
3952 9685
29019 3490
1289 11920
17152 23557
24993 13427
11332 1819
7831 17770
19197 19918
14819 12834
25372 5805
7284 15352
13201 10277
16645 21002
15041 26448
7439 24817
13522 15234
2077 20987
8653 4056
17242 23500
8498 12505
1996 10779
23836 6953
2234 23332
13385 315
27466 9115
9649 9324
340 7162
12746 11598
14217 22621
8147 3342
2639 17445
22081 24982
3173 11123
14155 8498
17333 16909
27931 14175
18235 11989
504 15494
4778 12688
15891 27004
11497 2632
15122 16148
9950 4554
11524 22514
3952 587
17973 22862
19855 15774
23030 11631
10750 7072
26107 11798
28846 28614
18416 10895
17370 6360
6199 3519
28377 24532
2711 26546
26126 3548
28832 22198
7631 19807
4429 23549
22562 22286
10615 18315
19393 21326
8757 23637
17911 28225
10941 6034
17324 23738
26844 6493
1570 1679
11924 23519
11922 21605
2195 29356
29167 8611
13947 21203
4819 1248
28728 5300
11435 10166
9399 29910
301 28645
11382 8525
15703 932
5195 12249
15809 7790
11545 10820
6429 16569
10854 4819
58 1168
8718 14031
13649 20504
13329 8517
10863 29839
2974 28318
18793 10688
3975 13074
14516 24753
17362 20614
21570 19630
26866 529
19952 798
5357 1094
27438 26092
26841 8626
15585 22311
9859 21825
22262 11106
26095 20517
9841 13222
23997 4090
22103 19624
26069 12125
2012 28125
25190 8650
24143 16425
13072 14677
25992 4468
22866 4720
2607 1266
10737 22606
10646 20519
20531 3082
12946 11773
14110 9504
27775 27814
28916 22351
18868 6151
15438 22775
21844 2115
775 10148
14399 22737
21690 6237
19434 24250
8990 28778
19193 15943
17673 20766
6651 1250
7841 20319
17719 3902
13951 23748
1538 20103
14308 26453
12530 3098
22107 25561
14207 1643
9478 20965
11741 2367
3526 20933
11097 10512
10905 4804
10735 5098
21657 26970
24378 17095
25601 2680
17190 22244
17192 16990
2392 9186
16969 1695
3467 28061
13271 6662
15949 2991
25752 6506
27493 9013
27772 17634
2803 6798
19656 16226
12087 22213
7678 9965
19571 13272
27442 5480
6967 6207
18518 9889
9640 25001
27162 20857
4286 7608
8440 28805
12846 19537
6402 26031
1132 1377
18713 16647
528 10306
23091 18652
15687 4756
4146 9745
20393 29595
9418 28081
5714 28160
19908 14603
23280 15661
1777 23491
15409 254
12226 24958
22982 8419
2212 1012
6988 7877
8684 9692
8671 4765
9286 11531
26754 732
20002 1364
1410 16400
26820 12187
14659 14213
7150 4644
12428 619
6119 28647
16378 974
18859 29334
15855 13054
27322 365
23980 1815
25348 4705
4569 14184
9096 25881
20085 23714
27454 22687
3334 19649
8711 530
644 12659
8125 18991
9628 29
18182 13972
29208 537
13976 15700
19629 12992
19409 23782
7677 22014
27304 6781
25839 20860
8940 18062
160 10836
7335 16216
5834 11352
5648 1367
13798 16401
11823 9908
9865 24225
18527 7364
25106 4025
29665 9813
4502 14612
26034 29468
4472 15682
10191 13674
8708 13712
15188 26997
3762 646
2713 900
14743 28009
20078 2423
20913 7927
4485 5681
26848 987
13458 10705
21393 20015
17123 21433
28103 29236
9929 21873
9450 23736
29381 29004
4359 5141
9052 21823
29437 24996
21283 17871
26566 25525
14814 4577
28755 2293
25512 24479
2522 29460
12375 15841
1328 3131
18301 11836
9821 18709
20382 6031
22843 29699
22355 29828
8371 7389
22102 23294
26669 14029
8450 7677
14748 6956
16920 28823
21934 19470
15068 14068
8016 3536
25676 14687
16243 9199
27738 25609
18388 10005
24361 19347
21662 8049
24959 5568
17260 27263
2441 11565
4208 2534
9365 8583
19971 28219
5815 1057
7886 9829
7037 6814
8699 11438
736 13615
4495 15865
19112 678
23525 17816
25044 9881
22221 15312
18512 6709
2892 15563
10803 21373
18661 20737
4524 11973
16524 5305
3231 5871
21583 6858
8740 16756
7627 17294
10318 18345
12481 13767
24612 5014
5103 27763
27972 4395
25660 24037
29793 15773
19939 29177
13935 2068
4835 1898
19879 10770
23858 16814
8696 926
4563 21245
8543 25831
7241 12656
5992 27797
6112 14240
10838 3881
26717 24759
10153 29975
14291 23131
21015 23904
9607 26268
6612 11248
17553 10960
8524 9078
1426 1804
13694 9963
5196 8971
19778 10720
14313 21698
13139 27340
26024 27830
27522 6223
25749 8276
10980 16153
4789 6990
21082 14711
12793 14985
4588 16586
1641 13583
24890 3884
24007 13024
24413 23394
16391 18953
26214 20182
26696 19212
4038 21746
17154 24954
27902 12721
29117 20803
16561 5680
8986 20802
15552 14994
8361 23370
25556 9159
28990 11555
21317 13450
23100 26152
3256 19999
19054 9484
22661 3314
25084 4170
1063 22287
1125 14492
21923 4360
1702 19075
6786 10438
28539 11842
25925 1552
7623 29477
24847 16132
259 10159
18084 18034
27691 1150
7301 1735
22001 13918
5155 1674
18258 6912
15896 13746
16473 26735
2828 20582
4209 28087
11552 1137
15060 14859
16016 26241
17589 26142
11761 14952
28620 15926
19511 29002
7054 27517
22055 24343
18295 12080
13703 14568
21463 16622
22040 15752
22218 2411
8275 9671
18650 2799
6865 23166
19224 15644
12902 5504
28550 6718
9642 18433
9848 15011
1456 7233
12133 19392
10449 28601
21182 2018
25211 13049
28115 25305
28999 28309
9683 27734
5662 17497
5426 29450
7887 526
16060 16818
15107 7681
13026 2864
12564 22631
7858 1244
2686 25531
12498 6397
5161 4907
24396 25966
20648 29589
6138 13817
14429 1797
19933 11397
16073 26603
20982 25684
13609 15204
24144 27369
29275 11116
5800 9412
20887 29372
23589 18913
28332 20283
21034 2050
10931 10241
13884 17498
24684 3886
3615 8318
22428 22517
14444 5100
20927 19200
16765 23865
12503 15221
17195 15786
12420 23579
13176 29026
29978 17990
6900 15318
20815 26354
23078 2651
8241 20846
25285 25942
15384 7619
24575 28913
5793 22340
28014 9318
3342 9659
14563 7366
23193 13704
16391 13332
15773 7930
14291 11604
14451 24202
14962 13221
6584 513
26127 2641
10769 13062
27157 29708
17687 28103
20550 2606
14395 5444
27944 4247
27904 11545
2850 9743
16154 11583
6021 8191
23546 24886
25560 13493
5052 26597
28311 25990
24027 21737
18212 27413
15135 6598
16754 25259
19171 28090
3509 19664
25865 8719
25322 21456
14839 8177
12124 15502
10021 2755
20240 16646
14619 28186
24021 22887
24799 17068
13494 8256
11110 13342
21836 1054
28861 1686
27128 17271
13883 15821
16534 6127
20606 23155
15154 14721
18008 2161
25797 21919
22839 4625
17698 3642
17346 20633
21290 8709
3452 5132
10635 16634
21975 29129
27035 5493
22930 2579
11776 5377
17376 9006
11043 1678
771 26981
11132 10954
22629 28809
21091 11271
5059 28431
18059 21862
5921 28530
10505 19919
9178 29396
4045 29291
14503 25794
23800 28578
21693 8689
21395 24516
5730 691
11288 16063
19977 29116
3111 17854
8440 1177
20743 10871
14066 27653
1125 7722
11182 26573
20538 1702
29095 4124
23106 3166
19659 19993
22433 7783
361 27745
13450 7001
168 3749
17463 8612
11948 9190
19654 22086
14153 22159
9148 7610
12165 25648
14102 19828
4085 15178
7891 15539
16690 24082
21017 16347
21628 4432
18352 22842
13756 11299
14743 11979
17031 6396
12508 447
6541 9378
16033 10725
20704 18161
10435 15086
16319 9275
18911 20975
24612 13784
1601 28352
2150 19983
17806 29877
5570 14317
6954 16264
28653 12833
15687 16302
27643 11234
20719 17536
22954 20884
10031 29034
6587 29393
27198 20782
26475 5783
1169 20799
10527 21424
22654 29345
27593 1116
6164 20146
6012 5094
8224 14604
7948 21409
23799 16613
6699 29075
10845 1971
8833 7271
28126 28687
18697 15069
26489 7206
29259 22896
18605 12537
13895 20310
9108 1749
25144 8457
4682 21613
14271 13437
22357 3808
28927 20236
7012 27496
14118 11241
14261 4300
21867 7717
3696 6898
20005 6945
22527 11197
4365 4491
18311 4849
12658 27186
1158 5953
29107 9651
1929 26923
8838 12089
22816 16439
17671 24689
1860 8002
14332 1442
3682 4996
9631 21784
8830 10483
8799 8432
24267 11367
22688 21987
2302 25073
22810 2336
12017 20919
20035 7656
24290 27322
28217 1996
2911 6981
8357 11107
14825 20695
14511 11290
4651 28218
18581 28808
6285 19634
20382 2457
21485 27529
10750 18340
20240 3737
16694 5183
23101 13798
6670 1677
24958 22472
11643 5089
20935 24744
17823 20218
6554 3755
4808 10911
10431 11530
744 13171
19124 26351
23638 867
23017 9313
5100 24163
14687 27407
20518 9446
27724 24135
20935 17714
6397 18026
22536 21126
746 20528
19523 23829
1969 14131
13345 27211
5540 6972
9217 27089
3399 24115
13274 11371
11684 5520
3928 4007
9721 2704
23786 17030
1490 15815
27128 14321
22857 16538
20266 4866
8219 12712
15352 26535
24984 20248
786 15217
4466 21459
16214 14085
13889 28894
27541 19744
7366 1270
23137 991
24263 743
33 3154
27544 19689
12304 18606
11765 4072
14961 11030
2025 7779
29682 11537
23947 21065
25855 29488
23717 22848
22347 22118
19126 21570
6960 17356
29788 2029
12657 16506
5919 11456
1082 10748
2619 13638
29061 17049
12723 2605
16504 17958
12325 3780
3895 17382
3842 5562
28705 1545
16196 16391
13207 28630
16136 5460
24675 24897
11376 27434
23405 28673
19434 10120
11832 17954
22782 16181
2581 20956
25399 29343
13518 20548
29271 17564
12716 13255
3195 15116
17503 28280
17825 7544
22304 8565
2850 28874
1177 20602
19476 25156
7436 15493
10402 3168
1360 6373
7513 27833
14623 10677
7229 25105
27890 25562
4448 7831
29629 7403
17447 2091
22406 6245
22400 1194
16259 4425
25533 16297
381 17820
4506 6056
1376 17313
23943 7396
10031 13336
25805 3753
23017 876
14261 27642
28808 3758
2076 29641
26166 7451
523 2823
1650 10039
22685 19254
22826 5678
20967 12661
15797 25300
25831 17891
12523 11027
29080 14189
29238 13109
25624 11700
22261 10356
11049 22358
24491 15395
27124 17464
16512 28849
27134 5740
28825 7700
18207 11655
11657 28105
25973 29423
11822 22891
26696 12977
22281 21192
16754 23150
22519 6891
27927 4631
10276 18800
20019 2480
20220 3176
7093 13014
19720 24677
22730 16278
2039 20606
16059 11523
27415 5046
27154 2240
8044 2934
22829 10205
14651 28680
28067 20093
334 14564
26364 3910
17173 13138
4166 27229
21586 6690
2517 17660
12888 24040
20527 7331
11621 25111
26000 14824
2345 18611
17384 16255
10505 28294
2455 21134
6154 12122
19368 23547
3429 19017
4184 25894
17152 24707
16822 27541
26866 28602
27502 7721
11079 11160
20835 13853
28107 6834
16932 4100
28232 524
29675 8303
27918 8271
16571 15724
6322 21395
27034 24921
23431 5734
26437 17111
29939 17617
10735 22178
6074 20542
1127 9506
9719 15699
2240 15857
4072 14748
7631 28514
26786 9314
81 18475
11280 16730
13317 17467
17364 2397
28993 23223
19962 7283
28178 4585
28959 6026
3037 8096
17623 7036
23162 402
24096 18357
19467 4341
1526 12242
22258 17586
14187 783
22381 20488
7421 17909
15870 18698
21901 853
9614 19976
21164 24500
3480 23308
20462 24796
8131 20447
11586 5989
11821 3862
2759 3595
21577 16743
29271 23621
121 22087
18387 2067
26343 8485
10861 24757
19663 6603
17772 221
9545 4074
23656 9061
3718 21653
12563 8568
1579 19093
27914 8899
26434 19677
23191 14464
9465 27635
5719 28842
13213 489
8662 27485
1565 15456
3393 4495
6869 13548
24479 21657
6073 28760
26914 24048
5568 20467
12931 25526
5052 9498
11520 24734
29530 8825
16773 159
9285 14716
26726 4915
4709 18393
9556 25165
28169 3186
10412 23437
11042 24587
18711 1948
19521 22934
16244 16560
27083 26933
24601 28129
11957 13277
1633 11297
29794 29350
15688 1572
1374 25779
26730 18983
19308 28435
29217 14525
21974 20498
18355 2825
18504 18997
21415 4165
9795 25620
26015 27591
20207 11800
5790 13229
4383 469
20982 8174
13192 9558
18151 17442
13682 25184
24819 19462
22865 13920
29230 13081
2736 23933
18753 7645
2473 22018
22962 1102
15747 6540
16483 12134
12747 9688
20539 3369
19939 17767
4913 7239
26500 12644
56 9031
15387 9146
12780 9269
28217 6754
19126 13051
16304 29394
15736 3742
27774 10675
23732 15161
23519 21526
29714 8291
29955 19911
10665 12825
4655 27811
24018 8231
13296 10809
4231 22093
16977 29895
4515 2771
26881 23946
17098 855
16721 12806
19115 18624
26472 27647
2802 15761
28256 9249
29907 12492
27364 24771
10276 13409
1754 13745
21809 10053
5773 22089
27789 20958
19449 21905
26984 7156
774 28330
24028 18463
14347 27994
6459 25776
11604 549
15872 26772
23844 13068
24090 2317
29836 2689
18433 26763
5348 2633
20752 27665
11265 25002
21387 22453
8659 5372
6869 16222
28298 28783
27493 25230
10236 19058
19938 14220
13430 7404
675 24543
9626 8538
21716 29524
2219 11755
6888 20909
11262 13291
22448 21835
22954 19156
5239 21689
9832 19353
3653 21928
20551 13331
7857 16800
10779 4419
15318 5866
29263 756
19930 17248
17006 7290
27619 18866
15976 8092
15969 15159
24525 24118
17723 23359
9121 6221
2495 7982
19536 1166
15941 21710
977 13379
6332 984
26295 11729
15816 18883
11610 28926
26833 24022
10056 27669
4707 1360
13428 19365
8770 20840
29951 20925
27702 2138
29594 12420
18735 25267
6856 14615
21508 23898
2532 21853
3678 28620
8200 23215
12532 8737
2778 5844
25519 5925
23336 10794
5054 7216
8248 3259
5666 27334
920 7002
9286 15168
10053 16314
12455 4699
28916 14517
12336 22895
20778 4470
27643 22643
276 10210
1888 1923
27662 28177
13795 13658
26186 5446
21675 26459
7587 5983
5337 22412
3050 7898
2422 24126
6249 6183
12087 25530
751 26108
8652 23790
7509 1602
26537 26745
14871 13774
4504 6073
17343 25608
4485 3239
15533 8716
7509 14109
967 25567
20670 11194
14835 14196
1115 5288
5151 2294
20545 11497
11312 13071
20799 20966
26782 13500
16426 19238
11621 10914
25030 3928
2940 20003
18418 20168
13841 26907
20388 16017
16814 18109
17935 28025
3146 21630
12639 10340
23184 11450
16684 13690
16496 21121
21632 6572
4726 13223
23342 17275
18278 4561
29394 13185
4045 22736
7864 27047
19632 29127
27636 2022
14107 16409
4750 12937
25062 1758
2132 9438
18472 11676
884 7680
9766 10402
23060 13999
8836 6225
27219 22539
20485 29659
15244 2420
2224 23645
13517 26871
10649 25496
11017 18108
21204 23630
11208 6376
7514 9567
3194 1421
3345 27457
666 29631
7932 27995
18628 17910
13806 25127
16508 10213
2480 12228
21157 15772
24551 29735
13956 6424
6187 12551
9639 6171
29210 19277
26335 24719
386 5071
19825 19406
19800 24508
19199 9831
5529 14581
13422 187
3206 10916
18917 10847
22911 10860
9971 27439
4150 17024
22095 14124
19890 28937
23290 11734
28553 15616
25574 24804
23593 1385
14219 9602
6755 2501
9021 6797
4247 14400
11686 23004
27305 1662
28818 580
25461 442
6030 8659
2834 16008
14096 29558
27955 22240
22906 29158
4115 10043
688 3182
28780 9212
6774 16236
10494 29042
24011 24030
18060 2366
29464 22590
25692 17492
25759 23069
21017 25972
9674 14688
4580 3172
18398 27876
14485 12731
8474 20113
7043 3175
14880 23953
4909 6656
19566 26996
782 13919
10021 332
17011 24103
2769 21744
8731 2978
29445 7599
23399 18082
17934 25285
27703 12969
24267 13582
8449 14894
2395 20214
19053 19609
29230 10188
19247 29740
29824 3183
3355 7219
7294 19430
1174 17967
19471 29953
1351 117
1255 25404
3706 11760
23628 15236
21615 25665
10189 6958
15615 2562
23600 5415
1355 24834
14846 10551
15911 24063
28880 6800
1624 19466
9650 13125
22865 1052
25571 1792
3696 2675
28379 17670
28341 16556
19224 8691
26839 9552
7514 28725
6845 13599
28689 1365
29641 13710
1735 12615
9082 29419
12859 23501
132 26048
24622 25130
19001 18310
18723 27315
23886 20424
21645 10226
3112 11741
26223 1795
20997 5988
22969 2810
21809 8514
6281 1375
26150 9442
20091 17435
8412 23866
7703 24737
8319 15967
18862 9935
10603 1161
19332 15005
7481 26423
16334 20245
1021 28202
3431 2526
29950 26007
9582 25164
6842 28257
3736 19845
28585 585
146 1432
7013 11906
17428 10143
22933 8980
5060 3628
10747 1805
11547 7703
7757 4374
2970 24215
25118 18910
21192 28713
2158 2960
29044 26407
11416 29480
6833 27951
28832 6701
22586 19190
20592 3903
18916 16650
22347 23260
16044 20352
15149 3111
26778 2185
9508 6420
6922 11319
15908 17914
24711 26063
6832 8749
8641 22584
23735 10645
14451 18815
28447 28375
8206 24585
8459 9544
27406 200
29459 18045
4237 4672
19070 11518
3268 2535
21939 25861
6178 15638
22029 25600
18677 22673
4769 8206
16655 17064
11349 11736
20648 25542
22711 21872
24272 24631
15006 23471
15194 2427
28232 4693
2264 5122
29091 25039
10892 25454
5981 8938
13285 29573
28194 17169
259 26964
5922 4235
9199 14709
22342 8421
9206 4082
4839 4307
24347 19350
9922 25203
249 29207
6292 22219
24914 12310
16698 2448
121 9622
20744 79
13826 25287
25141 29969
20777 5823
15119 28179
4364 25140
24515 27911
24014 3355
8072 21361
21171 19388
6187 9052
8437 25040
15708 2726
2022 17707
13070 11229
18078 23001
8363 6079
5772 281
5305 8127
22888 28071
21203 15788
19722 11015
13280 24523
6724 28172
21538 24980
19884 29233
17819 11878
18544 11890
27555 2544
18863 19053
9045 4564
11046 4021
18496 7318
21286 29527
21341 14958
2251 16456
15434 24359
25779 10509
14411 27410
3599 13192
13495 14284
20209 18022
3120 17915
7788 12447
17637 4919
204 23195
12957 4460
12818 25009
8893 5123
17190 10649
17419 3793
8428 29458
3537 9895
21836 29029
23730 25866
7047 17207
15681 12115
2395 12340
2308 8629
25183 28430
25755 25781
25176 8949
27495 28837
14587 15747
5703 28262
3866 20358
13922 26926
16717 23208
13532 6843
5061 22861
13182 19917
20748 4314
14307 6905
19317 14039
26262 24520
13589 761
2212 14950
12158 13169
27841 18613
24480 9108
3381 6694
22139 4613
9764 16213
13219 2401
13327 15867
17081 21694
1783 10443
29312 12555
24384 2408
26567 14543
12846 5728
17153 14137
16148 15364
1468 8892
9323 6787
577 9720
20562 16906
28790 28226
7888 778
1160 20102
2428 186
18200 26866
29958 28286
20587 21148
3241 13396
25772 18654
2068 11001
28129 3219
21259 8641
1806 7596
13429 25824
9743 8592
24703 20021
5226 10641
1018 1551
11590 28433
2076 22068
13060 12152
28567 21349
20296 25448
20906 8064
3375 15793
24663 9896
6242 409
12866 5029
9582 25321
1921 11181
6207 18288
3932 30000
12208 2364
20118 13052
21524 24637
8141 8398
21397 4266
26597 29692
21144 15904
10166 23676
27 16406
2756 5039
14788 29101
11823 6595
2747 15911
16539 7826
12381 23988
17415 22593
6254 22811
21325 12685
25642 18614
8248 5810
2100 13288
27372 27809
3096 22338
6900 20495
25772 24870
18476 8322
16044 21782
12772 29632
19070 9995
12886 8579
673 21726
12528 15998
9777 23537
2508 15597
16957 29384
11334 28606
4021 4810
3497 1567
17352 5684
26809 21233
13898 13338
5515 22156
24673 9419
18307 12829
19693 7543
4566 8210
6752 9703
18285 21187
11040 3382
14598 5420
10099 23387
4434 10348
21365 17558
25455 440
5381 18500
8666 16865
17107 9205
22829 21228
28622 10234
19498 4391
2631 29930
12314 19733
20575 15045
24496 26158
21411 966
14157 13241
18923 22490
2899 18938
23490 29789
25163 6198
15671 16144
4843 2980
26087 10657
935 6255
94 16379
16307 2856
11470 22563
26526 515
24526 15972
2123 19869
19388 4760
4770 4904
18273 28690
7443 19754
27406 21533
28230 6943
9126 2103
8490 5479
3653 27241
17941 1046
11114 28259
20820 22235
9980 22195
22817 6119
17663 3827
28641 13713
17448 18068
22229 19136
22360 25205
6706 15968
23571 792
13428 10932
24943 3549
9469 17934
23444 17592
2132 21292
5219 26432
17266 25486
28981 15944
29230 508
5438 29803
12377 352
24809 13404
24196 22724
13589 19553
17153 15018
4786 1655
2705 24396
15162 12961
8881 12794
4247 2478
20232 11167
17709 26037
15638 21981
13845 29493
28167 2070
9650 17470
15021 2645
13295 13174
6195 27045
5375 20302
29977 28010
7671 20176
18672 10546
2341 2087
14900 17395
13743 3638
21879 28661
2787 4733
17942 9866
3835 18712
19461 16491
24579 27963
22753 24141
16873 9453
3963 24695
24486 13254
28397 12410
14873 2850
24759 16012
4440 5332
21943 23514
966 25748
13345 15934
23389 26490
15732 13958
28556 12435
5839 17537
5643 226
311 9643
17661 1477
9392 2654
24558 26541
8307 8958
21628 22693
18897 23639
7516 1291
6843 27342
17711 1652
8953 23414
14784 14818
18132 10854
25728 18226
9989 12499
23409 12561
24622 24416
18605 21800
11345 11363
10753 23560
24349 7437
6713 10950
27330 5645
5428 9454
16757 23456
11029 9384
13804 25447
2840 13887
7629 21030
16695 11905
11406 17648
19998 26595
14003 16875
21538 27275
8686 6266
17078 5695
8443 5258
22757 1240
3240 13205
24171 23541
18027 18964
18327 24121
23406 19214
17382 22765
22193 7723
22072 1853
17376 25507
4089 21779
13581 9445
2909 17070
4024 23340
25966 3093
29822 16780
29053 9396
13838 18279
27562 11291
3967 8950
11874 24262
16588 3058
25217 8936
9406 8145
29497 27017
11519 16382
23481 29658
14110 12081
1751 16050
20596 24434
2508 60
22847 10781
15123 7552
4978 26060
18810 11830
3944 27431
27853 12290
22719 8193
22625 20487
120 23071
5841 20732
25544 21037
4889 13667
24994 19261
20742 22044
23024 7334
24335 22154
8177 23814
19640 4821
18284 5211
4712 9553
10189 26452
27367 19489
1031 13499
20207 8908
21300 8989
7712 354
6842 28981
22102 2031
23193 4161
7713 22703
19413 8673
29210 28278
17631 26559
23943 24335
7546 21816
9709 22147
28133 2439
20802 27448
14360 24952
13588 20824
12228 3514
16036 11231
27612 4033
3423 18170
21118 14524
25530 29893
19887 1794
18579 27572
25666 20090
22889 10664
4533 26713
10485 11629
29938 3553
22447 29119
18984 21376
449 7048
26133 1942
6104 10633
11829 11624
16913 23221
19089 26141
27524 28621
12497 24784
27876 1838
340 5341
13192 4123
13995 7086
25716 25056
14252 26700
7508 14279
22605 4130
6355 8790
29191 11581
1484 23670
4724 849
27503 8208
28927 3938
6612 23709
10167 4917
7221 15758
8312 12987
8502 9704
25804 29824
13732 25469
5884 27633
29541 21629
18413 19424
22103 18657
2864 9569
27705 17098
28915 20661
1563 27805
20325 3894
2227 18501
24227 23762
27079 6301
21574 251
15657 15176
29854 5354
26429 2011
8895 2284
23384 9639
27872 9535
1084 9110
9490 14867
27979 21731
13767 2740
28467 3339
20297 17152
24526 883
276 19098
9002 15994
373 27289
14567 24293
29977 21313
5345 19849
14779 24086
25656 20360
17992 10126
1755 19632
18034 17298
5410 28270
11637 10806
23350 27487
20749 29582
29871 6450
6332 20367
24621 20513
18406 23448
17018 12616
1623 1115
18497 13131
28199 25994
7690 17610
10298 1368
11662 10602
14337 20500
4987 21051
9321 5550
9860 6676
1327 16882
16223 5884
29263 14658
25750 718
24870 5849
17964 8218
806 26255
2330 5072
17078 10810
20282 8099
20618 5049
23469 13805
22193 1962
8060 9225
1998 24105
12230 13564
17669 6817
26836 24281
17403 203
8010 23483
24013 26277
26666 5726
518 1133
25394 1449
23428 15981
7127 27823
501 4512
16995 20316
22853 3547
17630 6799
18795 11017
18205 18444
11219 10449
9637 9449
23594 13587
18669 18647
3828 7821
19505 19963
24347 23833
10494 23949
2899 8136
14404 9543
8881 26301
14299 20791
24784 24747
16455 26839
7908 3701
7156 14447
22880 7311
12985 17295
18549 5785
16351 27361
28561 17589
29310 28523
27753 11085
24147 16383
26252 25977
12702 19012
6814 12099
16996 14005
2066 14907
6165 17680
9337 27276
22754 1540
16070 8536
20655 9637
6647 8891
28057 462
16331 17698
17548 7894
10011 20801
2879 3656
6146 12107
19887 20389
4042 14624
29880 21254
12547 12297
1630 4692
22581 8345
2294 5167
5508 19933
2669 7988
10608 17333
18041 11875
18255 12859
27473 781
11679 8362
9357 19268
1623 13641
24381 19639
10801 10106
22755 14204
23184 22594
15319 9055
9170 12174
20250 23771
12803 1111
2917 20858
26917 11912
21381 19491
920 11515
27111 29374
6713 28271
18305 4215
10025 17856
24928 13228
27700 15
15388 1839
29459 14277
18966 14730
212 20568
20790 4701
16215 19822
23716 17358
21574 12832
22192 19692
19979 26111
20075 1696
7946 1395
7357 29666
7703 18050
20551 27798
7643 21082
16694 24387
13341 3067
5345 16269
28717 10670
9389 11256
7066 3025
23348 2841
19337 23622
10365 12199
28948 18909
10816 22153
18720 5309
1580 3706
20800 26195
7556 28117
17363 17136
6578 28596
8350 22304
5196 11034
15122 15418
20247 29035
28286 21342
1712 26266
6622 14927
4150 17361
27621 16448
6012 27607
13097 18138
29228 18753
5815 23907
25038 25877
21627 9259
16821 23737
20639 20624
22909 4790
19744 25863
3215 11593
10313 17099
20027 5651
9404 5378
21038 12547
6974 18893
18421 16668
6760 1857
26092 1724
24013 26467
29216 18356
294 23276
9632 2474
11311 15270
19812 8585
24515 15608
510 22531
23828 16823
7077 17156
6520 9003
3479 1926
7122 2701
21221 24478
27656 18305
16643 19159
10775 6108
11042 27974
14792 15840
23687 25186
7243 1339
27283 3970
23556 14933
28332 8788
1169 19174
6392 9546
21383 25958
10236 9496
17000 11852
479 17583
28893 27030
6365 10156
17600 27750
5939 10897
22926 6072
27775 19452
17536 29377
23749 1849
1008 2902
18595 6772
13483 5319
7597 9557
25373 26420
18447 28066
21163 29310
24215 21469
4286 8232
26960 1878
9526 24308
313 24698
16411 23377
26205 15382
13201 24939
13293 23708
26394 29288
29564 15936
9622 22063
29665 11014
17203 22651
22839 16353
11821 18385
2466 22925
10810 5367
26984 29798
24243 16281
27703 26822
7176 1979
18151 15547
14900 24889
3774 10187
8255 13005
14962 6529
5688 22239
2672 17628
27394 18419
10120 24219
9448 22746
14087 11602
17510 6855
2277 11454
16188 24329
234 7615
13789 559
8442 25720
20670 854
14964 28166
18480 2418
19918 14281
10366 27735
23589 13468
24007 16100
14519 6451
11084 9565
18245 18522
17721 26722
331 9387
13020 29214
5052 9440
15701 11155
25191 9289
26037 16193
11510 28575
19258 28378
18419 15672
8743 21024
14460 28984
4755 25701
1535 27666
27022 9040
871 20272
4793 26440
20474 27041
21387 14247
27839 22462
14219 14162
5549 20805
27452 16036
1455 23229
3863 2712
21528 3252
17134 13585
24646 18477
609 13483
4121 7753
22675 6582
27789 5595
19018 25378
28774 23840
2899 1896
21661 17591
18522 14205
12931 17865
26399 17162
22494 9797
14075 10522
7027 26743
29146 7872
15475 3320
9972 29212
17941 13536
7272 23890
2582 21476
12188 15002
21794 9133
29018 4335
7804 4731
21698 1140
21379 19081
9280 5442
18502 13737
22182 29084
4390 25145
20308 3954
19432 4597
29178 3986
17989 12687
19464 9271
19857 19341
2350 12485
21901 4624
14199 5533
5497 11412
1714 22644
25282 1078
16427 12627
25553 25721
15895 9733
6433 13826
14701 2117
6377 586
28641 17839
27056 17938
13304 13915
3439 6924
25932 8947
6893 17023
8071 6515
18321 29222
11434 6910
19881 25384
26692 13179
25176 8670
4778 22393
22718 13979
28740 29586
25567 8715
18944 14931
9399 18240
16378 8767
21154 4261
29201 23838
10899 3482
9962 9507
20636 22971
9683 20870
26576 7694
6299 6888
17090 6353
25931 1668
3378 20203
15794 19550
11425 16499
5348 20720
3131 3440
1351 22522
11832 7808
19551 29856
13475 13976
532 23517
29307 11163
25955 19949
21203 4438
1644 22649
9314 11661
10571 23353
13971 18038
5007 20455
4383 3751
14951 687
12892 25355
24466 21637
1399 27507
4789 13212
1860 21489
875 28162
11491 26634
20735 24056
11237 20809
106 12300
10919 10754
4891 27915
5683 19834
29995 28936
24584 19160
13388 2289
24440 8890
17374 7889
6612 3109
14761 15244
29148 21903
29150 26848
20102 13182
9411 6782
2578 18351
24375 25458
20462 26245
27051 10480
7023 10992
27030 27172
9734 18250
5273 10833
18826 27679
6853 21259
4805 6385
27326 7920
1578 17278
12172 6095
24027 649
11900 12068
12501 20347
7295 22155
6406 8121
18653 27173
23542 25499
10937 144
22138 4632
17232 5713
11643 3677
3868 19623
11168 22967
17701 24896
15068 12143
25465 16962
4801 13775
28323 25583
11372 25950
28092 5191
26696 19422
5945 19227
20019 7701
14902 20020
20563 10068
16103 15614
26072 23217
17812 10918
17663 2460
25240 2147
6601 18073
5449 13015
6248 11153
25769 14904
4379 1811
2998 26338
6330 21590
20075 29793
351 11406
1537 16046
26994 9689
25781 7850
25300 13512
15905 16162
22990 26222
351 11871
23955 27667
4750 9394
28825 12519
18156 21955
5850 28891
3583 29835
25971 14832
24022 13800
18627 28460
11821 9790
6647 24403
23358 5798
12374 8050
839 4284
24218 27078
7481 3787
20965 23111
15827 14949
9342 2827
16657 23112
18627 5895
17989 9097
21794 5876
501 13763
17569 12883
12746 27433
5462 27197
20945 4464
22781 17874
4933 14758
24944 12049
1281 20869
12849 23245
19250 23383
4260 8778
26919 28582
29779 12628
18444 17517
4506 20409
29331 2903
5232 24620
24771 28176
23359 231
18976 10139
23398 28110
2696 25968
21732 10898
6843 1606
23101 5466
5529 17686
4383 14535
7332 23122
4983 3669
2149 17423
501 29638
16397 23039
2000 21591
11842 10982
2338 23271
29995 17322
14166 19715
28892 24147
23245 9214
22062 3336
11188 22151
15218 16734
19453 17372
27937 28956
16798 23144
21206 29809
8437 3112
16812 9800
26856 29373
1958 9163
4020 29340
15323 5524
10803 3322
26597 15850
4426 29470
22439 23772
19768 7658
5289 23510
24616 4619
22996 24035
751 14024
9706 9328
29095 28671
3599 22566
3315 6085
2081 579
13966 26242
25777 19958
14263 9290
28510 15496
2201 24716
13639 25471
14255 29420
6590 22809
4606 24170
25995 23728
26324 4538
13207 5058
23454 11996
7122 28287
5531 2319
14677 19705
26816 910
16047 27796
13180 20183
10223 15741
6153 172
18534 1941
9075 28295
27489 20147
29939 7959
24561 22993
7571 10003
12946 29710
11904 6411
14350 13700
740 29588
8397 21455
9108 2814
10196 27742
13280 23561
1968 26414
18388 14302
2583 18928
17949 13259
19160 21312
8049 23484
29203 18582
15341 18984
24799 871
26739 14051
20181 27631
8823 24078
14761 5882
15301 8307
18160 4650
21052 3704
7646 10295
19369 8430
9991 5473
22690 28841
21930 20443
11520 4960
4496 24940
9887 8376
3927 21438
20689 21482
19481 7811
12496 27286
3366 26825
28925 14179
20557 12663
14610 29010
12988 11843
29572 18077
28211 8954
24442 17889
16794 29499
23810 12534
12453 13510
2490 6324
478 21249
3497 2805
11696 18361
18677 15310
7513 22739
1942 19346
22601 27025
20065 21006
1677 8247
2035 24783
7786 9969
29689 7340
5935 14889
11477 19814
671 12991
17554 12198
18345 12624
17827 8308
27415 20363
6310 20700
10779 28144
15662 23422
15514 13942
27399 8588
19761 2481
21668 16625
25573 14674
5857 9216
29881 14614
29868 16542
130 15201
14082 23529
17010 7914
2436 6962
5960 1081
28509 8364
29102 25521
1365 19472
11809 23794
12715 25074
16989 14938
25068 6159
9384 21077
1858 14091
16168 21260
1870 21921
13751 8472
27147 29023
16216 10598
10454 14174
16794 6273
10000 28040
15671 4515
8828 23303
24032 29359
24096 14841
13782 15663
25610 6712
23245 20591
28843 18629
21952 5880
7634 12870
8929 19448
15191 3404
13070 1480
17660 6263
108 10991
319 22849
13614 5486
5340 21740
8422 851
26267 2211
11364 8004
10947 14229
8414 14685
147 16566
27142 15025
17563 14901
2554 3530
7906 12581
1960 7505
3991 1508
13747 28363
27106 27362
19031 18252
23789 9971
13807 25809
8670 17527
8226 22664
4066 8003
14873 15253
22218 1074
7417 21401
17880 26217
10025 3307
13236 10222
9210 20833
28218 13322
20309 28773
28454 19125
12204 2838
22009 6785
9935 23258
7887 10445
27027 24905
27865 23654
17002 5540
26700 22241
19393 4222
22009 15762
27657 16286
6801 25735
28479 14483
15015 10059
8081 23994
9066 22428
28620 8161
22360 17556
5456 15739
28054 1667
6855 15208
18128 13657
5037 10663
14095 18537
2564 8653
23528 19693
19973 2592
17433 7618
14729 23189
2851 8401
26724 24632
3118 11856
17561 14434
23651 17304
15113 13481
28586 16580
26816 4600
3862 6120
22889 29062
4818 14177
4513 12981
25972 25617
17558 17439
13814 1467
18122 12178
14142 20952
28965 15454
9663 27565
4124 11038
8323 4117
21333 13885
21636 19247
23732 23274
21096 1324
6945 25420
17785 3927
14345 27939
7206 4107
20232 29249
29259 21247
12450 19310
1329 14045
15461 14108
17203 19060
13522 15565
5056 28539
467 7743
25625 27594
26830 22052
16401 4717
5228 20887
24909 9377
25777 14995
28733 21339
8008 2921
4049 17118
2985 29792
23913 25956
8990 12600
10929 16697
28103 21053
9911 18325
13883 18722
19724 1741
11874 10183
5502 22276
29428 7846
9323 6331
5810 27872
13293 18524
8204 20253
2242 19483
21516 29754
22247 15515
16390 20247
16532 24352
25118 624
26447 11259
3393 5860
21504 1254
19210 1024
5631 904
11219 13216
28324 11488
16024 5345
4757 9221
29501 16287
6924 21999
10603 1788
3732 10589
25608 5239
1114 13997
16603 3573
21046 487
6949 7167
21763 11682
13992 20326
23237 21562
4167 10491
3416 25503
7841 29328
15493 15083
16848 13473
26446 5848
9448 15485
8163 10023
783 18948
2445 8683
1444 6633
14404 24504
22561 21715
21939 2985
23866 3798
6212 4606
4781 25869
14209 3682
27521 18489
1878 14627
25167 12679
27099 21351
852 10266
28331 23299
25790 24682
26815 18769
10343 12387
3869 27073
11444 9111
20618 3092
18225 6337
18113 7916
8526 21775
11531 1725
27475 10259
27287 23948
29644 5665
27975 6418
26748 27501
16415 20402
8657 10935
9171 18598
7321 17176
29917 7580
15908 4092
1043 286
14793 23879
24209 2938
18489 11850
3201 14322
1606 11626
25896 20931
8948 19129
15859 27262
24157 12975
25524 5747
24898 22686
12191 12389
15604 22013
8541 17215
22258 6131
29380 11499
2289 576
21341 1287
19511 27564
24909 13317
13795 10160
2894 24019
598 21551
13406 24325
12073 13886
19008 3733
27492 17635
17675 5847
29759 3843
13890 7762
27384 426
2843 10549
21706 19217
13612 16600
16105 14378
28696 3128
3605 6044
1368 23016
14598 10634
19328 19987
16691 17904
18829 23363
15693 29056
21026 11026
19931 2781
2553 7842
10551 10984
23285 14544
7041 9631
20055 6895
1635 12419
1466 19902
18928 1318
28850 19251
22442 7662
3065 13445
20100 13535
8541 22709
15242 23963
24725 22440
22519 3820
18057 16673
8397 20719
8483 18715
24311 9224
14238 5023
14256 570
22432 21168
17420 6566
4832 23592
15524 29945
24616 20676
28962 1346
1634 17218
14757 1434
25942 9093
14811 3542
6967 25055
6334 21861
23519 17346
4793 14814
11496 20311
25054 13514
29978 1336
10886 7029
20605 29630
6402 10535
18389 18058
25925 18410
13151 3525
28021 16595
14804 24688
28873 22161
12434 23632
6388 4683
14836 22843
3545 23731
15424 7897
3583 22114
17996 992
15362 29209
25436 10899
699 3695
793 22826
17651 7015
15797 21050
23813 21461
7369 29073
10924 13772
8701 25685
12314 25750
9067 10654
28300 16516
14651 17394
20276 2296
5179 25375
11658 19699
1627 8795
28648 9608
26813 12544
16691 17078
12672 14665
21683 19591
19776 19255
6083 11368
3923 22402
17045 26918
19615 29327
3659 24489
15417 13230
3189 9525
11412 28631
18399 2231
3780 6457
1077 12512
940 7665
6511 27927
18558 3395
13414 17170
19990 19446
27292 18571
22410 11005
29320 4775
721 1570
20965 16048
4065 9403
29642 3795
2738 384
18729 24545
25881 14486
13558 11082
12219 9062
22919 5553
1779 20406
1708 10504
9155 24229
16793 25912
8177 19747
5158 29239
1103 18019
29036 8815
14268 19043
23821 15538
3096 18297
9071 18967
1167 27840
8431 27578
28859 13066
25204 11211
24041 575
25216 25575
16924 9408
10757 23931
9464 608
11696 3117
23840 15869
18510 4498
13921 10450
5780 24087
19001 19665
21738 15112
12035 13094
9402 12182
20626 15662
14435 23732
14054 25759
18976 2955
171 5008
12129 12284
8840 16338
23760 1608
15292 10738
12100 25899
24977 14788
22224 5339
9121 14457
20 3135
15191 8970
23831 1582
4423 16947
10451 5328
9000 15844
19933 20083
4510 13720
3446 4981
7204 17903
20251 17453
3268 10603
3194 3948
7655 21845
25750 4216
28377 15592
15664 9746
3256 4612
21594 6264
22120 24198
2726 10165
7707 26762
12306 7489
24381 14165
12182 5067
13448 6946
24552 29566
14476 15963
22850 28082
16940 12707
11878 16663
21714 4732
11684 13389
17131 14998
12922 29225
29963 12222
14890 12240
475 9413
2407 13907
8814 26316
2996 9209
16442 13102
9902 27581
13415 1894
10445 4727
27885 27109
7280 19944
2836 25668
24520 10012
27780 20702
3685 3151
16647 16606
28923 1428
25369 14899
8318 13844
19461 10386
4365 24975
1998 28043
28055 19351
24854 22818
733 7286
25234 25086
25153 21291
8304 24294
2077 27663
2015 7707
10463 1765
13959 22972
20136 18013
14715 16871
6116 11664
17125 6239
14813 20045
9642 5764
5456 21202
2024 6042
22261 29025
9448 4563
589 9128
20930 20366
23201 25081
15396 24539
24549 18974
24671 20984
97 14294
3832 532
20587 1492
19136 4971
12988 9518
20833 11514
28423 18747
25684 10249
27048 3288
14195 24760
24227 24433
18788 18622
2272 15360
10051 12006
20752 2116
6254 18330
16932 28223
15779 540
4594 4586
2093 18239
779 5434
2021 13446
13562 23118
23153 29742
14147 26297
5007 9433
23332 2193
29912 21343
16352 2213
73 21854
25638 651
12059 20243
15396 20908
11325 22537
21236 19333
308 23950
22598 17433
1162 25372
14270 21655
20247 20342
19535 4852
25794 9329
26489 9322
14181 11122
146 5084
7524 3242
17224 25588
29462 29502
21002 12753
4753 20672
19608 20239
10714 12308
6050 13526
5269 28394
16040 5382
18795 306
15454 10966
21160 14805
17629 16531
11654 2677
6855 3811
23821 17560
3557 18167
10572 3372
27694 23165
1618 27122
24431 1789
21377 9130
25512 5194
27028 29428
7655 10629
23519 21023
25774 9684
1432 12260
25904 17429
29503 21645
14353 29255
21182 8327
19404 11810
17518 394
20301 24069
15489 10073
20061 2918
4711 5608
27926 21720
4437 28613
9170 10176
26526 8884
14838 4420
13060 1252
10878 6426
9877 12327
29593 4710
11194 2358
21560 16686
25399 10804
10073 78
16234 23202
18294 27032
5850 10281
2367 15875
17161 19559
3886 6097
8937 14926
18735 160
19952 22294
6924 16468
6837 2587
16332 19107
21528 13779
11957 28213
25048 20421
18202 13036
9318 20912
12286 25138
16517 14198
5808 16900
19148 22370
7326 13701
24144 27200
2810 22888
25576 1075
5600 10079
15582 17655
16261 2584
3503 28235
18234 14670
2802 17578
4616 4557
298 12590
8517 24641
18730 7173
5848 23402
25524 5607
3390 18884
2597 15825
26527 10193
27058 982
22335 12789
2409 24787
1985 26012
19789 3443
20835 21884
7098 11166
10457 8033
21228 14086
19290 27165
29310 14143
17799 16197
8519 8047
11382 4442
26537 1037
20974 4434
2495 1752
25786 14206
24822 12379
10733 22499
19589 12035
5502 8674
17411 8295
6238 12823
14448 1699
7559 21122
20403 16414
6548 25969
22099 24053
17717 14291
6938 7736
11946 2468
15740 27401
20569 18100
23283 19824
15113 10943
332 29285
21681 19844
29345 22929
10833 11828
20403 24723
19265 23553
17591 6121
22653 13740
10314 7207
24136 10134
18054 26803
10810 18869
14379 23065
945 19888
7260 21165
17669 18870
19052 5698
27016 9928
21155 13525
2060 677
8840 10327
17114 18286
19508 16497
29588 13903
17489 19900
4234 5778
22893 10937
19640 17811
29759 27789
22212 3125
7067 25237
25094 11040
6392 29680
6856 28757
12870 18237
29874 5431
8534 16723
28870 3717
27593 22926
13677 14032
1769 17000
12766 19964
26363 18523
6814 9678
16852 24422
23638 23770
26185 6201
8013 11062
20031 362
15968 10489
14881 23629
3652 21227
136 18461
19581 29643
3551 27592
9806 19248
8803 4477
8231 10691
12386 22477
15862 21486
12337 2968
17801 7010
2916 10843
1238 11774
23770 21989
13594 1920
7654 24010
18764 4741
11832 12607
4283 17817
21445 13936
24790 24467
25266 8227
29876 24985
6760 24908
14200 9717
12646 14717
14360 7758
17412 15643
4499 4219
13743 19940
10664 13527
23836 18901
24824 17782
28055 8512
20206 13421
5970 15519
27603 21573
2624 15191
6935 24246
24969 28652
15662 11712
26447 2555
7098 119
1197 17168
2555 368
7227 10050
20217 18529
20750 15635
24824 25467
11097 14042
15217 14036
11312 19515
11858 9409
21836 20106
20420 6915
2953 2762
15247 29321
219 10993
12637 15435
13521 14106
9605 18158
27083 3936
12417 19079
16977 25419
17409 13665
14883 17460
4290 3435
18210 11426
27160 20061
16831 15600
21158 2597
22201 20422
9237 19890
4873 8311
21813 12168
19683 21414
18440 8657
28208 12935
29334 28819
23453 25792
29822 1290
14153 21561
3584 8852
16311 6826
11626 1745
296 6681
24121 24717
9752 12926
5335 27933
14322 18442
2330 10149
10821 10569
17722 5840
22243 13416
18149 3963
17381 20724
14342 5992
26187 4539
13003 7129
3238 8246
4712 6484
8742 8255
573 9758
24335 23689
20202 6842
18629 4525
22782 12108
29200 28905
3110 8060
12969 16449
14179 14696
14873 10777
12485 257
22462 21796
20887 12595
3057 27071
2631 26233
17836 5472
22251 11288
21434 26500
6253 18157
6767 14883
21504 19064
23731 14235
29385 3655
4485 13129
18984 22028
29963 21178
4592 9886
1986 23842
16912 25629
2841 2175
5943 13605
14599 19968
26342 8695
20581 7591
24732 11660
8513 14706
13080 10002
9754 16386
20370 3571
16902 19726
24791 9227
21113 15740
464 7168
18929 15478
21589 9092
16773 1760
26262 7966
5535 14723
27083 17256
27053 18686
6377 10177
24739 26047
12381 605
5876 22785
21084 2392
10412 13007
11072 29182
19979 4921
15417 1006
14081 16525
10978 29850
22661 6243
8043 4475
4592 5557
27299 16159
24009 28079
28247 28649
9682 18803
11547 21391
10747 2368
14788 28781
25351 2784
16259 22992
21556 62
15517 2444
25209 3739
17333 29513
4746 17886
14062 15845
9193 10661
22201 436
19445 7678
26872 7519
26416 29135
27223 8287
10528 23099
4477 10455
25143 7430
1262 6262
28692 639
11317 3907
1526 20888
8709 14689
2644 28932
16126 11529
3780 24288
22916 26979
19672 22616
20265 16082
9820 10380
4350 19348
13611 3316
4589 12938
774 24658
18164 12869
11054 2484
26699 22766
11454 858
17232 20382
12077 5819
8554 2393
28967 151
29454 10038
18957 6393
27853 20493
28433 19735
1634 14756
24855 12165
26977 17765
26046 24127
5193 18665
11490 4605
20768 205
13623 7628
6024 9497
22517 26555
5508 14885
506 2198
10244 10637
29678 9624
8474 16852
2803 8133
676 2170
3390 18430
8806 10572
15670 6105
10356 1427
25167 9771
11335 11204
24539 8606
23821 23824
8244 19579
25843 18906
11451 324
478 28084
20916 10191
1578 22666
730 223
3694 19973
8069 10439
17070 24662
18023 12369
25759 23911
16187 29954
19798 6114
8205 10747
18846 14215
18438 8108
4781 16337
2536 21842
4252 26443
12892 16534
15982 26016
7765 18757
27013 5862
1627 13978
12849 7726
688 8944
27323 13417
5398 2415
9117 24537
11141 11467
29961 24275
19499 12131
3613 18284
6137 9228
8354 7782
746 26596
23917 9309
28198 1070
17045 10921
4252 8766
13647 21866
28097 9230
11904 23974
17719 20518
1355 9857
6074 12378
17742 2885
18374 29874
27036 14795
2228 17849
28347 20125
24130 8043
17130 23234
7871 4755
16721 24328
16698 23884
9874 25667
1595 22350
11028 29681
991 495
28382 9103
17365 17262
12805 7471
15285 12896
23587 15992
27 24867
3765 19300
16793 15605
29016 15175
10740 23877
8637 28756
15115 24449
9808 28438
753 5732
16640 22016
15732 24157
18863 22127
24645 10288
5623 26155
25667 11201
29585 14646
10691 7075
13241 19854
1500 12865
12206 3533
23541 18811
24729 16215
27062 7376
23933 16995
5725 11884
6884 19116
6355 27000
4703 27080
132 14538
3499 19381
2812 27356
23295 3580
24143 17373
14149 2052
14397 10708
20051 22524
2496 4379
14425 15880
3032 6735
21273 19784
8146 23574
16332 24891
25379 18559
7423 9079
26185 12496
9819 25125
1929 885
20161 12542
23473 26425
21168 4281
13798 15707
19722 21593
18413 17343
28359 15429
27885 466
3185 14095
20056 29018
15544 22129
7061 8073
10547 10232
27606 5447
11541 9787
3859 29472
8819 8426
16798 2603
18887 23375
11988 27991
28887 6976
25364 17616
7888 10737
20913 7065
9706 12986
16922 22045
20116 25991
19682 1528
27976 29739
27686 1372
18052 8317
28291 9582
23634 8288
29416 9996
20480 21222
7928 11310
174 414
9540 26727
4936 24636
25287 26232
1244 28441
29714 24390
23858 5911
10686 9300
5992 5364
27357 18940
11776 26262
17614 18926
4236 24385
19886 5565
1904 21001
29368 4978
27703 8313
21644 9597
10929 507
17123 11606
1537 17184
28746 22966
22618 15872
17446 19815
4380 14418
5784 13647
19481 924
27795 4041
2391 4387
25380 2062
4431 15102
5821 3106
1806 7498
22301 26196
9563 19823
8820 15843
2805 18115
9576 4185
25260 16039
26502 4315
20701 26690
21132 10947
19080 23211
628 9466
10886 29336
3590 15451
14612 17976
11660 21305
7200 18843
26371 5170
13681 905
24486 19330
10843 8793
21514 7394
9508 7135
25594 12450
28808 24459
26542 8542
8410 12966
8785 14289
3013 6632
15495 17598
11588 27300
9777 18760
15859 2890
27733 27536
1248 29005
23471 28208
26427 1289
645 19216
19100 12845
14514 16169
9375 5846
28861 1444
5848 16067
724 11050
13229 25901
8081 13034
5524 18729
27600 28642
8662 10425
7369 23091
12979 14545
15711 11355
892 4858
13758 28185
17998 5704
14541 14660
3831 8440
24748 28347
22688 24104
6672 5870
5784 1148
9103 17562
15041 13356
20850 2761
2795 198
9366 17142
169 19073
342 21733
24819 11066
22530 27472
14516 16368
11510 10174
10973 27668
16772 15540
19498 17221
7684 24782
13109 29744
9964 838
26024 4698
21475 28488
11543 11057
16721 14469
20863 8496
21964 19234
17693 16671
19981 23595
27841 25625
28020 6428
26244 27790
4459 12493
23981 14935
9558 26569
2696 23464
28256 16763
11394 26212
9645 4805
14821 27259
5945 14027
5465 17263
691 11726
5656 4338
24487 22630
14567 20210
8671 19840
19404 2033
29263 15721
20469 11413
15337 11125
7516 28762
28550 3130
18863 28035
11207 16638
5100 23690
10279 4134
12566 1886
9314 3388
19511 5329
13464 16365
1128 18777
21476 14244
4479 12345
14251 3181
10833 8203
7447 3983
23723 21970
9195 4208
13345 13496
16978 18541
6716 17662
3180 11812
26789 26169
1022 2753
13581 26657
23552 28957
9883 19048
3013 28411
17966 24498
2672 20002
19589 9027
16803 20715
1153 21325
12621 7187
11340 1502
20161 2922
21287 6062
3365 2287
4432 14856
23441 452
27753 20193
5087 23487
22754 11966
6471 28625
23653 6985
4006 25680
15953 26952
10429 23566
18658 3875
9127 29091
16414 4614
3704 175
5145 22957
28041 24697
8534 3722
16031 10855
18027 19141
1043 4850
26446 24015
28247 24554
24204 18520
14736 7803
6631 29156
17651 23288
19462 3179
20117 12666
2104 11801
21856 12317
20224 29264
12555 9191
27606 21147
2227 19500
19606 5502
21423 18416
18176 2919
25204 25216
8974 4492
15889 12444
29873 18936
2502 771
20563 23409
6832 25746
3311 24769
20192 21712
27621 24486
15115 12957
29179 16633
22481 3599
18202 7004
20546 28368
17734 5613
4973 7981
15079 13568
24537 366
26985 21378
15384 8488
13609 4423
16091 21451
26636 12262
19622 2143
11921 12742
27016 14653
8443 8868
10683 1550
6913 3211
13188 1195
23518 29973
21362 15831
23442 862
19039 28959
13302 28544
7688 2172
26267 20559
12418 21425
23465 18513
8541 14549
331 14117
29138 3428
1940 16416
9622 8477
6238 24627
27745 14114
21299 6134
25179 6978
23913 14061
25695 29417
24922 2187
11760 4615
8833 14672
6229 21918
9557 22325
15495 16107
4781 27277
14296 10022
20873 10627
12658 4079
9100 9243
18210 12474
12777 23314
24745 15776
15307 22501
19636 19239
17562 14404
13102 27862
1101 555
9765 1448
12129 12548
14979 10144
16123 22922
9450 12381
4355 6107
16224 13716
5544 14193
13521 24614
8670 29281
8159 4982
1279 6839
7381 4437
6165 2644
16761 26637
24435 4325
12530 22205
20689 14774
12286 1139
17446 19189
8026 29398
19587 28977
17721 6204
28955 2777
9489 24114
5110 26206
3862 3198
27377 25079
25772 6831
12723 22530
11557 191
14926 16695
14696 15709
7079 26922
29928 12155
10615 25058
17873 14041
8072 2204
4338 642
20267 10643
11519 21084
4711 5155
1545 16461
2019 3504
2391 27571
10153 17210
1723 19937
20990 21848
14470 24839
18431 28820
28191 19605
4523 11567
3531 18702
11207 24559
9141 17351
7780 5649
23730 20992
24674 20400
13604 23251
25225 26693
12398 6845
29106 2741
10923 16764
23514 25031
20267 18196
9726 16643
2024 3551
3455 18987
7035 6833
26651 7332
4799 520
9913 15639
28976 21304
26235 21867
6431 4265
5118 19496
6442 24768
450 9213
112 8368
22962 19476
2947 18485
9640 22206
18094 3521
5286 9513
3467 7439
19281 14617
19858 1251
24268 25298
29861 14392
7417 1818
16777 2249
11867 5808
4351 6900
15147 4914
7270 27470
8063 7099
12236 27460
26120 18584
18610 26397
19879 9161
17581 23302
13006 375
24847 4336
2628 8644
4011 12898
7371 7100
10318 760
23114 22704
25251 12109
15589 23237
4612 26469
11761 2298
19349 7639
11418 8915
3647 16573
2817 20297
29267 18766
20192 1634
12332 20270
14599 11968
2802 24547
22066 3271
9191 2904
23451 19721
29269 19140
9067 2942
5417 25922
17021 20174
2778 1215
2329 21524
26697 23214
19274 16839
14915 21837
8750 2986
16252 9555
6622 7387
15119 16117
7047 8209
26902 8789
11077 11982
25752 6166
16154 3309
8327 18229
11906 29972
11091 27724
7766 19574
27271 24976
1311 12720
21411 24661
1409 13010
25872 29265
12765 22779
8473 22220
4479 27998
18241 26479
27164 4940
23481 24421
25125 28528
22185 27074
24768 3454
29674 25020
18241 10587
18916 29268
25981 21101
26142 8164
2309 7348
20405 25478
27999 28057
22350 26327
4681 22642
5406 10326
4364 12646
640 6175
12916 11933
26637 376
19308 24806
20073 22281
27490 9064
28602 8046
19963 18720
17018 6048
17866 29796
28923 11625
26685 2636
12023 22995
2329 22750
9263 26320
10801 3564
18449 23063
28443 23435
16172 21633
14710 22657
10861 8309
119 18213
17894 2946
13816 1128
11690 463
4859 14955
14412 9048
29469 16110
8312 19768
7812 28323
26969 21946
4651 7422
10737 9021
28666 23964
21471 13802
17806 17163
18840 16106
16070 67
518 15817
20251 27367
14817 11314
6926 16950
18913 26800
24168 18122
20743 18735
28893 22602
23735 24039
1463 1909
29473 1641
4862 9872
10974 28450
5064 22628
28962 24764
19145 16667
1728 8310
18103 16933
24822 26931
8042 11757
8163 3124
2500 27283
21199 27870
10088 5371
24365 809
1374 1393
5719 1051
14480 2037
23493 4506
28075 1902
18236 14161
19922 22667
9321 14839
7652 8576
7693 13878
12068 15417
12087 5507
616 27524
8969 12573
8082 23969
20179 8544
12008 12946
19911 11347
21939 14785
29138 26605
10100 5687
1174 4143
20953 15474
24925 25771
8523 21971
12458 25932
10839 20179
24080 14210
14979 19875
3604 16457
9023 16589
21889 26269
18117 6145
19409 17126
826 24431
12218 17661
1163 20463
25006 19478
12933 4962
1814 23492
13979 10560
16782 14768
24349 15394
3345 21844
19571 19497
20428 7962
27957 3953
4640 15077
14075 23319
27558 5386
23880 18081
6343 23225
9079 27339
16333 210
28471 6215
20818 18610
22498 16177
21721 22337
20723 19094
17759 6290
26927 22112
21349 24708
4616 28311
11380 2601
1729 11318
29319 17041
18456 8963
6804 18833
22926 8874
11586 24003
18586 1837
18726 21318
28506 4803
17823 20642
11972 18848
8983 26389
14445 3387
15790 2389
4147 7210
10528 1165
14161 2806
1245 28747
1873 23888
13198 19816
26034 11168
22652 19394
3139 14781
10883 28130
15633 9297
15328 14272
24476 19288
14739 17654
19715 3778
3762 7882
24720 3769
7724 21450
14658 12582
481 23077
20894 5348
14204 13691
1394 14481
25351 16775
28260 28885
23997 17428
1310 24291
27277 17360
29462 5574
16669 1866
3456 10561
8275 24370
20459 15802
21773 16911
18685 4976
13036 23985
20026 16514
25834 3858
17538 25096
19683 20969
13847 21402
4355 10706
25790 25062
6906 28917
12810 22047
26466 8100
18111 28529
25092 28619
15788 4447
6892 15228
4026 3861
18456 4955
757 6705
14696 26580
9263 18508
13494 19142
16180 12031
20032 10197
12892 25913
3784 14230
28762 17260
26728 16398
17413 22936
4612 23033
20577 4967
15477 22234
9137 26617
27226 3368
7629 1083
26456 12692
25247 26853
5024 23799
5545 9510
4587 8640
14908 15906
18543 17355
14876 7853
14697 26650
27306 24491
14788 25227
8273 2944
26914 25366
18895 4084
27285 27625
24970 6686
20136 15287
1684 8805
2159 4665
19694 21506
1224 1666
3994 27382
6147 2964
10673 18542
11957 23097
1555 16343
22432 10719
20393 15784
2341 28313
20599 22629
28445 16853
15455 13882
330 20184
13226 26861
10592 27928
3900 16089
16842 29315
23347 4828
3828 26265
3705 15196
11053 5037
4499 24212
20687 6112
26407 25795
7695 28836
1684 4332
25968 11272
10520 24444
25247 7995
18105 5400
28097 24835
17080 10361
18084 8510
16228 6040
6309 2145
6696 21449
19535 27874
29214 20794
25244 15148
1338 19947
20392 5965
7233 18386
16502 15582
2894 22025
2149 7143
14773 7352
25217 27094
22060 28490
27201 28075
12998 24153
7864 13283
5439 22134
1093 2374
9360 3909
11133 17603
19243 1203
13594 8268
394 1754
27628 25263
25588 1929
2104 7643
25364 2199
6729 28521
11213 12112
12216 29706
8417 24013
22218 17921
7284 8758
1390 19925
15957 6001
17927 5790
29991 6528
18417 2329
11914 17048
10360 25884
294 4941
21879 4272
3439 23278
2272 25084
17709 27534
20472 9464
29096 388
6686 14815
14507 21635
20939 6368
5993 16350
22074 28373
27304 17985
18198 19504
26849 27855
10069 16715
2980 28944
28435 15790
3093 29913
14573 11152
25625 26101
22889 6111
12866 29069
24009 10301
13343 23367
29401 11403
22749 20022
28250 5406
16859 14966
14799 4273
6915 22806
27527 10495
18296 25307
23372 18005
11860 28600
8244 20886
25608 18682
12979 3116
24085 9356
14904 11249
3286 1495
19091 22554
11975 28930
27972 29107
8188 11790
24308 15442
14257 12506
29289 17324
20305 8987
28581 5773
12056 590
15818 6404
5348 28689
17353 21624
28223 2770
26958 14436
12321 26967
19551 5672
15316 22106
16247 2010
8134 12177
22433 5160
29187 5801
3766 29030
8405 8274
19894 25206
24342 557
17525 22727
10730 23705
18746 8972
7652 14424
24929 20161
22793 1808
25870 21916
10926 22696
7794 18298
1663 4017
14238 10321
14109 11956
16358 14067
12822 15046
6687 21094
29991 3779
16641 28709
2344 881
27081 7378
8150 5924
24136 3734
23422 20288
7605 5963
25798 11023
17412 18798
9557 9144
5175 9152
17781 5080
7679 421
1407 15916
20795 27887
18899 617
16357 2283
3903 10891
2750 10901
17248 16862
19805 19682
21060 21538
21192 22410
5250 23706
26205 8698
19317 19257
9932 5597
28323 24310
11511 22964
12077 14895
24212 16717
26335 9187
5034 29425
2075 22882
28583 2377
11777 17283
6513 7285
7044 27178
29651 21052
6102 6570
18047 1911
25461 25761
2726 8713
26689 21882
8830 20524
27594 8570
14434 18154
11545 19866
13818 7445
26066 21753
21658 8465
17939 24972
1022 11162
11560 29483
16908 15155
23123 7838
26120 18544
7275 8843
12147 24197
15682 7035
9611 20111
14257 20893
17502 15084
8170 7807
11272 15466
18726 10034
12800 7820
19393 14121
7263 22291
14359 23474
23205 21386
12391 8853
28392 25340
16135 26662
26177 14836
27348 11826
6177 23754
7208 14508
13144 8451
24150 18116
1755 9291
8803 13476
20179 4446
27399 5126
4845 8543
5117 23651
10033 29950
2422 16411
11341 19703
10596 20730
5729 14431
5151 7368
26202 8114
21791 14098
20807 22487
12706 5390
18681 16602
27697 3556
20277 8149
16559 23687
25585 12077
4549 26135
16785 4289
18625 27316
18591 3904
23043 12931
17906 2674
4839 29907
759 2949
21278 23808
17210 14425
9886 9219
22358 7296
2955 3651
24080 27513
27902 11990
19686 21481
1329 2388
25848 5881
1617 8481
28575 11839
23361 7461
12640 24506
8222 10985
28514 13940
8450 24967
21843 19627
29382 22903
20894 4871
22925 2621
24374 21764
212 3370
18159 10253
29022 12331
1244 13806
21833 21112
1370 7494
6974 5913
14256 3216
2087 16165
11474 17896
7321 4071
20039 3635
29217 165
9439 29974
26923 26873
9001 22411
2026 21631
23869 13488
14666 22377
20921 17172
14591 719
17032 15531
19749 19164
23808 2760
10362 19494
11975 10319
19813 6587
9586 27399
10904 16888
2536 9878
8431 5639
6002 4519
23956 25091
14584 11165
17956 6911
8453 12882
13935 10636
8258 10008
23451 18465
14881 11084
12185 24375
24478 4269
22569 15695
14821 29403
19854 15328
18352 9915
13059 6829
15879 20628
28665 9547
9295 29152
5003 5413
24085 15528
22796 21620
20758 8439
545 14806
22054 13550
8978 20995
24110 27167
21155 5454
6547 28765
26369 19088
17704 8134
20977 13598
18251 29620
28756 20856
24011 5182
13588 1936
3221 9018
13111 26168
13985 6820
6519 20271
21865 19308
26387 1654
18953 8382
15969 27199
5960 19979
1740 8558
6327 4462
15879 506
14048 11425
22916 782
14353 25514
5100 16150
28167 21279
12818 6628
16224 24011
1631 1125
11662 3347
14769 16574
25966 10430
22959 5380
27837 9957
22675 24362
19639 22835
8965 20453
5919 26847
3531 10196
622 3327
13586 23876
6626 467
16954 14650
16972 3442
10198 6018
20870 20259
22111 10064
1720 10041
17813 18560
8199 12816
1989 1739
17959 9586
9832 18306
18326 3605
28601 5682
28308 18705
19212 7045
18636 17115
25633 21490
24272 17912
14204 14325
4855 25852
24302 10184
28148 12933
15172 4813
1231 13091
18661 9571
17765 18728
28539 25405
23609 24292
15736 12891
20839 15345
24257 28464
23556 24495
20690 15036
16343 16359
5204 27411
19659 24252
20511 25602
22358 9715
13634 6334
7208 20420
6463 4340
25204 11903
21959 27775
22350 18451
25123 5657
2088 8117
29814 4137
25769 8918
15135 12184
28461 1400
3706 21167
25806 26993
20474 17228
25054 29610
16184 19042
8779 372
15578 6947
18023 23656
14659 19211
11435 19167
26094 19059
22266 1706
10763 9400
29175 16829
21065 19652
10547 15184
11057 27992
24711 11354
1738 25816
13450 13668
8740 7508
22953 6585
1158 9122
15573 13650
15409 20523
25425 14304
26133 29444
13316 3000
5490 19418
19568 24208
3613 15214
8579 29614
19109 10968
1720 18969
26720 20286
8001 11737
6319 23959
25889 19086
10649 11749
24603 1181
18389 7478
13852 16422
22766 19299
28577 6390
20217 26238
5307 12318
20701 17323
29174 6027
6129 23267
28948 16033
7729 18391
16920 4901
12794 22877
27345 13269
28359 2684
29951 21664
5061 25365
24340 6987
18796 6076
23970 12890
27623 24309
7784 7261
25559 3475
6138 9168
11634 6158
25200 12012
8200 11746
21259 10084
26786 18865
23473 21466
26828 23417
20501 19852
19497 19700
12248 12433
11733 25072
16294 27274
27050 6873
21786 22988
6858 10359
8775 27527
21175 25382
29356 18738
2128 23092
2100 29642
26920 4424
22389 3178
27993 20638
14271 25087
28780 21557
4680 2722
3208 23538
27562 18446
10148 21742
27725 7983
1818 26057
18430 21587
18459 13547
27729 24411
20144 28486
18117 10387
2488 4537
8054 15816
23056 7950
27094 6234
24361 26682
6202 18130
5780 7446
5866 21196
5417 27444
9402 12468
5836 29736
23780 4977
20460 17244
9752 18713
25395 3567
3455 26639
17650 4151
19603 17019
16467 24401
14447 25656
22346 18010
9458 23469
16585 21285
11316 22846
10645 17584
17289 6625
11194 7088
2308 20278
27595 28623
22893 13678
4735 21983
6213 470
3546 7827
25974 5253
12560 18362
17249 9810
21025 44
16912 2346
4021 29507
21312 27569
8964 17300
12447 8770
27134 24655
21644 4397
3647 21713
21041 18261
26814 19775
3189 8541
25279 26819
28818 21341
24412 15141
5226 10973
299 16880
23691 14598
7708 21877
21219 24429
14232 11940
14087 7504
22481 10928
19755 24837
11334 5618
2568 11566
28859 8176
17859 26631
7566 12900
22610 14631
18478 3878
26092 4077
21247 12197
8925 13084
1621 20970
27702 28846
15649 8549
6048 23871
5438 16329
14584 17223
25834 23393
17869 27234
10310 15667
26489 17585
9653 20531
29241 5412
14275 4873
13794 22770
24227 28251
12863 15200
6064 17935
28178 23934
27064 14762
9631 3465
5291 22774
26343 9641
5034 26736
22167 12784
25519 6060
24579 20104
25679 13990
26481 8489
23021 28382
26231 28880
11138 1402
14652 9888
10743 19870
29729 17656
22352 24050
28861 28315
4036 19278
20835 1086
20196 28624
10448 19679
21856 15266
13756 16418
1334 25451
18716 16825
8668 7961
7051 19270
14347 14891
14334 2244
25766 24136
7928 2505
9526 5724
7815 8952
13574 23247
19753 3566
7012 27898
16803 23324
14166 23133
26646 26976
9605 11109
9806 3814
29714 11758
29880 11423
12739 13953
7837 25642
29219 16230
7240 15402
6178 10907
22590 11835
2373 663
13677 26018
16361 21728
20930 14063
25427 12807
29701 22820
8543 25734
22042 26488
6248 18754
34 28148
29464 2852
13875 1738
13203 20158
11038 6365
21575 27953
29854 2021
17722 2321
29400 13522
1332 13957
20892 14812
4695 6626
5848 2207
5948 11832
28383 123
26984 6673
29429 9961
19012 21952
29565 2243
21366 25482
25889 14819
21025 15753
27921 2203
17971 16860
4374 336
5714 2757
22790 19101
4267 16129
16859 6110
20112 3863
25810 21889
11628 25082
1360 4911
18204 29871
9456 5554
20510 3104
14561 7462
10475 7328
23360 11627
14965 26744
28586 13814
14687 23244
10406 5888
16701 18287
8423 8652
4769 23710
18224 19149
19702 13636
28788 11473
9800 10246
11762 12314
5697 6011
8148 26078
27469 10714
3368 5534
19707 7523
17077 25947
160 25699
6892 16136
13372 21985
28008 24810
23789 15607
10670 19577
6540 2728
13634 13861
5124 21813
18332 1638
10817 29594
5483 29388
4699 12306
1685 2104
18176 27738
17483 17311
11281 26741
28843 7118
16212 13120
22766 19361
10922 29784
17026 27441
7959 24300
21661 9925
21369 12157
1091 11742
1456 14265
27325 11929
16508 8273
19861 5631
2976 5156
17105 12997
10070 4704
8224 476
29410 17753
24380 6878
9981 18947
27529 14714
25139 16417
6988 1488
3396 3877
10778 16826
26462 15854
18331 14826
10379 29055
97 6922
25905 11056
11227 5820
18331 6030
29965 959
12928 7154
892 24634
4316 10186
15679 27329
28429 25848
20162 26188
6024 23205
28497 11796
10059 25722
16206 28611
20398 23283
18186 22850
23799 27072
2219 6777
4102 6703
25881 17336
11541 26798
23283 6
3916 25255
16614 7752
27499 24846
19005 24603
1223 20660
2224 11948
8503 16914
22736 10009
13648 8107
485 11603
19338 9993
3019 3908
20039 26987
1137 13776
10377 5041
902 16758
24110 29514
21516 477
10361 24781
14730 14605
12636 23712
29056 16579
12325 4354
29327 24607
27699 10771
21184 17473
18433 28192
7115 16630
11053 19380
9453 18439
16954 28875
3498 589
1698 9859
9686 6185
13979 16656
14621 1814
13904 10829
6423 23351
23076 22316
8205 11373
11340 21550
13906 11845
11335 16466
14967 23041
2325 25893
2162 7152
25961 21797
3286 309
12451 18957
7318 8390
2041 15304
24536 19951
15701 15016
18327 16783
20748 17620
13601 14822
21419 7172
9137 19335
25968 12076
22342 29855
18261 22973
26192 20546
29494 18942
11657 7263
17647 17772
1441 2973
20344 21642
8265 18516
7860 4666
13941 16367
28992 10354
2417 27016
21298 1703
4273 15775
21900 23951
17624 16289
25622 2502
8079 27654
5760 3386
20611 12709
29789 1586
28407 21014
7485 25429
1730 27427
3860 930
28607 12104
10599 4047
16314 11483
18820 6903
22079 28843
20258 16781
14997 94
27063 21440
19835 14718
10973 20276
7819 21555
9764 29909
14316 19090
4813 2154
816 24928
1479 19671
25929 29780
29569 5267
4244 25726
27 7534
4120 18270
20209 11427
21675 13771
23321 27977
13401 19572
29200 28708
1524 132
16633 14745
3024 19904
24561 22605
17718 22623
1223 24762
21085 13337
10843 22743
7127 15150
13160 24644
14145 29157
20616 16854
12954 11170
17820 16896
29755 4174
8779 29270
21483 6510
6698 20475
28535 7355
28392 26017
4484 14515
12124 16645
26781 19484
6369 21175
16568 25303
5107 14155
11309 4125
15085 367
22307 22236
2045 17762
11697 20986
28445 17946
17385 5249
19140 5392
27430 17502
18883 10595
20610 13705
7590 13602
28396 5977
27030 20991
23012 16172
16714 11028
23128 29022
25620 9904
11543 3360
12158 16649
3129 29383
14268 11794
20095 19686
26844 9405
1985 20492
17954 1750
4388 13162
20398 21185
28709 1224
7891 14825
26273 5814
20848 29678
29399 23778
16228 18743
16462 15167
6233 24593
6195 12605
14111 17594
1609 26659
16294 3427
7932 21673
20024 29307
24675 8257
12559 24480
29587 4426
11860 12091
21661 11087
25084 19991
22925 3633
22902 1238
23537 25888
7886 395
13458 15108
9766 28299
8941 11886
10072 9038
9123 28053
7021 14047
20462 11474
3165 11377
6274 24615
15489 4762
6890 11252
18457 18148
29861 6545
9141 4329
479 6721
28282 16010
4757 9576
27944 15697
11867 12837
8648 7200
27545 26799
22530 11694
7948 20456
6051 22226
3046 17266
19956 27353
9946 24173
21445 27070
11079 25669
23403 29048
13634 22227
15966 18186
4144 28974
3621 23906
28159 13874
7051 21275
11754 20690
16308 5195
3605 259
22400 2322
26784 26821
23806 24890
10993 28421
28173 24041
14193 24164
4192 1452
12715 28692
2323 19428
25149 6104
25143 9818
4059 29173
15234 7746
21171 26962
9489 2477
11171 17255
10214 29934
18788 4342
3718 27310
29459 11455
14801 23440
26307 14676
2842 22798
20704 5449
28011 23114
8473 16897
16970 2422
4377 10004
4363 28157
13422 5923
21896 23042
9110 2339
12154 27622
157 1202
9103 23674
26697 11337
3422 10650
381 29347
4872 10565
14791 27465
11054 8431
19452 4454
11399 28531
16465 2673
3999 22832
8441 6455
2117 10029
24011 272
11518 20067
16369 29012
5295 833
20118 15717
21161 18785
25336 23983
13940 11857
3224 13867
258 24788
10189 23984
16683 22864
2019 28322
18771 15569
19761 18387
2029 28734
23949 18797
1300 17784
18160 9241
14918 7003
18389 19817
16935 7398
9952 12051
18267 27091
5103 1604
18429 24245
19038 12360
11267 29298
14077 2845
10878 26341
5578 1648
13011 24405
20209 11316
11168 15462
16047 17316
722 23186
23839 16664
15740 27216
833 1647
5723 1945
11496 29453
28875 7482
29452 10412
29682 19403
339 9926
23504 23548
14710 14902
23091 8343
17026 24696
12398 24639
3016 26874
8000 16866
27319 2643
8354 9246
16361 25978
7872 11431
12503 9428
14477 16838
8204 25630
29286 20630
649 7917
28224 22556
5391 21735
7464 817
4024 3546
2077 2811
27529 9319
4605 27542
8819 16428
19752 12356
26914 26455
19524 8129
20048 22622
20924 25236
6605 17200
13357 27088
2493 9244
26038 2119
18656 12729
21915 26791
7713 25397
25607 27455
23908 57
8721 1617
14472 5086
26250 8025
7739 25109
4051 7910
8000 16272
11700 24910
12380 26150
8249 22549
22240 7559
10750 18093
16378 3691
6327 9853
12160 3508
21236 23982
10146 21369
504 7110
12831 29615
5047 818
15670 23056
645 21644
504 19576
5273 26023
27401 11692
3891 24392
13767 26344
23422 15165
16455 9420
24830 4502
6709 20560
29441 14314
20106 26924
10680 73
24648 26879
3049 4287
26219 7903
14361 1719
3721 768
14835 6917
23076 23757
23760 3484
18677 26004
7379 27980
7748 28685
8549 19297
26359 5414
17473 9601
10148 20395
21623 3221
10883 25167
14307 21836
1538 21904
17138 20343
9745 2267
505 1669
20924 11768
28211 15235
18509 28137
29746 14340
26124 10625
11473 5055
4640 581
12105 10424
19328 15070
21175 27270
13219 24331
25817 6437
17493 16690
21317 10342
18868 27611
19904 14411
17978 5788
10233 17857
2956 11294
1245 10469
6183 8192
26319 672
10489 19124
13169 21116
16237 3760
13976 22502
29275 2927
4605 13935
29874 26761
26651 24472
4777 13378
9669 27882
26085 16021
26977 25864
23237 12772
10983 25941
19770 15322
17953 29853
18641 25971
1680 4544
6704 20385
2361 10030
19492 21078
1500 9238
28173 15124
23471 10044
17702 20163
22440 16718
28341 18399
24574 26730
21723 15000
21352 16018
18419 7625
1900 5942
19971 7926
27571 5945
23891 3195
13144 12554
15806 26757
2500 15274
19960 8569
1803 2959
12528 26877
6669 28904
23230 27269
19935 14239
27164 13035
5013 21095
1262 9083
25158 26187
7731 26005
19059 2710
11292 24382
14666 2262
10908 11669
3182 26493
15006 5954
23334 9549
10360 24055
6431 7949
1640 11881
25865 3397
4687 2040
6965 13213
2439 28910
28867 29863
24161 24649
11700 22003
14028 26009
28379 25981
3293 1426
29487 13086
8513 21603
25098 28901
20596 21708
23666 13289
11714 6470
11451 7706
6915 23284
28138 14093
15558 15541
5640 14169
17781 26719
23891 26153
23691 16209
18433 25032
17394 22614
16235 12856
4857 23929
21367 8939
9263 25834
7683 2069
29216 15956
22033 21142
13699 14270
7679 16541
18440 21296
3757 14857
24854 1145
1005 22096
8006 29496
15773 19563
17668 20496
29034 9327
19828 16539
24332 20946
14813 19498
16647 5232
12589 1425
28169 12132
21610 3719
14704 17730
19449 7933
377 29405
6456 6974
15546 29869
7379 29395
14235 18677
20276 22022
2665 24075
22706 1761
24641 28569
24025 1827
1463 20164
24270 2135
19396 3676
9375 27285
8844 22197
22941 20570
10435 5796
15303 23715
12960 11476
27543 1748
11464 22730
7377 5579
15627 20930
4647 3681
3826 5033
14613 24217
1843 12183
1133 9776
19960 4887
14110 23321
5111 5815
15578 4135
19080 20911
1082 9017
29405 29952
17836 24239
7692 6778
12986 1727
25557 6257
4380 4677
12863 29190
3250 26717
29930 13621
18998 2913
19108 7314
9255 21824
20081 27331
23250 8708
8863 7151
10050 27419
20684 2866
2284 29189
14688 11908
19436 6670
7093 27335
8116 16485
4963 2742
9796 26011
2022 11706
12324 20659
11676 24693
15856 21015
29587 20219
15493 13558
24451 12819
24360 11264
14839 2751
18878 19426
5970 24333
27996 13103
9337 18314
23850 1030
19232 20186
3210 18222
18057 9485
1983 17515
19895 29136
8303 27306
16247 1932
451 26958
26688 18795
27344 22744
27918 20788
1 24490
5058 10761
27986 6516
13574 29676
6670 15186
12128 9343
8079 4854
24812 18796
21628 27278
20807 23305
18895 5134
20102 255
25494 29716
20634 23682
20197 23780
2834 22797
17413 20369
8259 22185
22555 27284
25270 7969
24180 20430
9545 15623
4425 5811
4346 20650
16509 21356
25999 6753
14327 29278
21487 28867
4472 11538
11030 19981
4661 887
16035 28064
17260 23962
13702 19128
12948 9793
23041 20105
21344 10732
16935 2574
1202 14509
1399 2096
18267 16946
2517 26864
20673 1256
28363 15133
9000 22608
4813 18311
28582 28662
29814 29766
23814 21890
14438 12691
10926 13951
29644 6920
17340 29465
19917 4894
4074 2253
14988 4847
3757 14414
16237 25762
26887 20312
23709 14329
27718 12386
27218 8026
15417 8504
6310 27959
25585 10862
11311 15929
20497 24692
25708 27603
17918 9815
25846 6068
24317 20976
4981 22020
26480 21206
29650 10215
4864 20376
23178 9002
23813 14843
2777 9113
3065 11012
28454 20937
12561 10538
839 2020
19445 11083
27780 5981
19702 12236
14219 8984
23030 26790
344 28702
17966 17640
13118 22989
3439 26831
16089 8578
14958 6934
4244 29560
25380 16176
21668 2518
19314 14136
6021 29927
27685 7675
27162 103
14621 11671
16798 10158
18652 25327
22507 9736
23165 13863
26392 11215
1147 7160
49 5221
18179 29106
21689 7900
9458 14442
11497 4878
5837 9019
4877 3945
28463 936
29561 25556
4458 242
29577 19842
19338 450
25425 24128
15561 6431
22479 9386
11213 4578
15896 14738
16509 3129
11838 3263
4647 23797
17756 18378
25581 888
19855 13058
16217 3512
845 52
4558 6847
13643 831
353 10773
2129 21324
15089 20793
11033 3562
29499 12873
16553 14702
28658 20344
20255 12571
23943 6635
9044 21599
24099 18691
21085 24904
21349 229
11188 10061
15232 25703
24759 10879
27904 21596
12391 4939
7787 20768
3911 3809
2846 22202
13296 12640
17740 27093
19473 18119
18590 5539
4704 12578
16989 11140
26556 4647
4412 16058
12157 22120
1754 6082
12846 9855
7267 4740
25092 1850
4264 13546
22346 613
13043 8898
4038 1482
4122 16361
28495 27847
21488 5281
12640 8254
4273 12855
4873 25432
9991 18965
20686 1810
6668 13418
3114 25172
4808 1458
25487 19250
8512 25208
13979 16182
8327 12074
4995 26130
9683 19560
9536 177
14877 19885
29788 1396
16074 4167
304 13451
3490 18268
28733 8270
8997 276
15891 564
26024 21788
21994 26684
1421 21041
13835 26554
19387 1953
15973 26645
2686 4144
20699 24195
13884 12113
18021 20562
7888 17834
15234 19240
12370 22069
883 23395
19956 2111
3714 19096
20258 20115
12481 21444
14122 21103
3752 21865
25973 21901
10635 10892
28873 22672
19249 11269
23765 4159
15323 4529
9981 8560
16532 18382
3201 23882
7582 21820
16377 7686
17871 5314
24251 12400
9349 7767
28199 16895
26038 19670
7926 20149
25129 5333
7436 28571
26604 9626
8585 18383
20376 21188
15102 17565
234 9950
23444 24966
12455 7527
772 10644
22446 23034
26205 6531
1323 17830
8443 17340
25627 15730
17532 7459
29628 11331
9505 24064
1162 18856
16123 18129
17893 24122
29636 5899
19173 20306
29300 12683
458 14077
6966 17788
15452 12864
21221 13709
19672 11481
13817 15003
10048 12911
16003 7901
9626 1831
2096 14713
3140 2687
13011 13898
12978 11039
18567 23578
5791 21544
27008 3313
20030 8669
3208 27159
5438 8446
3707 6229
23986 27656
10091 15901
11732 28663
16583 371
27182 3105
1045 17291
22563 14152
7336 26523
9052 21627
9677 23086
6173 25928
25487 21493
9187 22816
3508 21411
5396 4534
22062 16185
28004 8214
3895 21677
25353 29778
25098 1858
18427 18352
15104 17441
26650 9323
28331 5356
22477 13498
17112 28828
23965 7491
13196 12676
12287 721
22251 1011
6491 28058
7482 1746
1604 9399
10237 11064
11689 16972
24307 13368
5568 5948
9584 27304
4342 22983
14581 12288
19192 10117
15363 18935
14738 8831
21299 23604
9148 16168
5332 19926
4669 26254
12374 20902
5498 23110
24552 21355
27171 4101
12870 28854
12000 28987
10662 12737
3533 13855
27271 9431
18923 9799
2759 13089
2316 27912
15221 11958
25390 18671
2578 26627
24237 16623
19574 9984
24185 5138
15682 12281
9749 21190
23480 13682
7206 3108
7198 18223
24081 19283
25588 21294
5788 4255
26469 10653
17459 16549
23237 19186
29032 15187
28327 1938
4283 6600
12948 21329
15154 29845
19085 23408
23203 21439
24590 1798
22531 9173
29198 28746
26604 23420
3927 4952
19443 16252
23640 1691
4712 2019
5142 6261
18743 14982
12283 19597
28581 9430
17138 23819
4459 17868
1398 7323
13601 2230
8276 6931
9006 5531
28824 21393
29231 17026
9417 16217
21217 6579
17718 26280
8140 22026
4943 23352
17954 21365
4602 5234
2341 14218
29319 8559
15112 12000
23546 19366
21923 7079
13953 10962
6804 27677
15036 12963
10384 27801
25961 7584
13571 3987
13500 29978
23056 14791
18743 4757
19581 15144
776 16564
24150 2793
24308 464
23304 25676
23263 7503
15438 29557
28887 18514
11875 10525
26132 10151
5096 15882
23226 22708
1671 19562
14 18555
469 947
18506 9725
28692 19628
10974 8557
23247 29344
29274 18445
28976 12954
19647 9997
23835 29211
20306 16941
688 8041
25337 14878
2648 23928
20610 5804
1093 13459
19109 28221
6463 19237
28444 28472
23359 884
16467 8740
18791 11727
27562 15585
13070 26066
21388 11560
28594 26841
6050 27773
20747 14385
17763 18355
20107 20849
29660 25646
15221 20412
24641 2228
2197 14338
13951 12092
29400 19385
2115 4604
1984 23330
14182 24357
6082 21406
23982 18985
27493 18396
11106 22383
23051 3920
18421 3464
6737 22209
19112 29128
21938 28348
17137 2563
19554 10071
28336 7623
29708 2251
15063 4347
26511 22111
27171 20871
3373 12354
26960 4930
4347 1609
11375 29443
1282 20029
26093 25297
20208 21899
7464 20112
24363 21973
1324 2072
9119 16299
14997 9305
18528 27942
14490 28641
28357 28181
23651 752
28665 12405
20636 9197
13151 21487
8287 8355
15234 10122
772 141
13853 27925
17320 27014
19335 27627
8798 29464
12780 16084
8093 14695
23983 16404
5845 10317
21549 29829
16031 17430
2729 20401
23352 22997
441 6869
8752 15504
17956 19431
24954 7199
19073 17113
14084 8055
296 305
1802 24841
9257 29445
25310 10503
9453 12972
6547 4753
4373 15215
20197 15414
12596 27121
23307 22565
5666 24286
15580 21295
18758 10129
431 112
27325 18405
26694 11046
27309 12654
15101 15431
18288 25391
721 25189
3346 6340
28054 25882
1992 1800
19247 9056
21054 22755
11440 11733
3479 11766
24657 12100
9912 2829
1704 19249
1444 785
7272 22662
3342 24791
505 1008
26429 14013
6401 446
25193 22056
13847 3926
2298 29424
14757 26002
4104 17331
28746 11677
9796 10463
20455 19907
28429 19728
29469 21597
13999 6738
28581 17220
23358 2928
7439 3868
8006 7407
4495 21531
18653 27438
22167 5012
7871 25242
10456 14749
16512 27903
22246 15468
3417 1312
24590 5806
28092 24374
19455 21180
25839 17722
7605 19650
24559 2060
11473 14547
19349 8513
21270 7463
11905 22327
18966 25551
8666 7545
26066 23405
16646 5457
8018 20080
17491 26925
21244 8169
29365 6410
27774 5147
5775 18230
26680 8353
3704 27404
11442 27802
13884 3935
9537 14034
20066 27835
12498 6599
26443 27324
25799 5139
8912 1316
2673 21287
186 20169
27665 28586
25768 2054
13483 8877
28961 23740
23323 21543
6605 27552
26868 26001
14079 27332
11039 12465
8364 345
26973 2291
19820 1084
26781 630
23956 7905
21231 28055
9958 19143
14109 7573
8836 1187
16701 7730
311 1439
26975 6218
21492 1093
8239 25736
24245 15976
8222 19306
19925 16127
4548 8375
26226 24439
24584 8314
28362 8413
11444 14888
17661 25730
20919 4944
5834 23997
12069 3646
11 23384
29404 13004
28003 23357
312 26594
23349 22520
10184 26837
10038 21104
29437 18746
27647 19635
1664 1737
18426 22459
27375 20973
6038 20654
26791 11816
2574 22323
18887 13822
20517 24666
17846 4244
18942 15339
15850 12918
23060 12448
29529 21171
8157 26157
18636 3254
5396 29164
23100 26249
597 15930
10340 3052
1309 20795
433 29007
1863 4543
24237 13834
23087 26571
26985 10418
14811 26377
13672 17328
1627 7213
7454 20684
10884 25829
9362 19376
7218 2512
157 24999
6924 17675
22507 17779
2709 19481
8533 4002
15856 6749
27228 20279
16351 17195
11138 22751
23424 12425
15036 11891
27418 4722
9616 12138
5966 17940
19572 29271
266 13433
6444 14905
31 11172
29721 2276
7332 17040
8250 20177
22266 5623
2264 18817
20100 21119
13058 5429
6382 23022
13844 24780
2892 20322
17790 11111
2971 9605
23908 25961
8255 23068
28696 11632
15940 5136
128 7298
2284 18966
27384 28955
4285 4594
4108 3544
8422 23145
7626 28574
23051 14422
13087 17569
2644 20227
24444 18473
18409 25610
16238 6192
28430 18328
23525 6327
24226 4505
24230 28589
15815 18014
4636 27062
23318 7249
21794 7126
10776 10575
25557 17
21716 20787
23580 26049
20848 15887
8071 15169
3955 8886
25179 10837
6248 26442
6543 14370
24399 17905
29827 2118
12677 12374
15630 27826
28133 18492
120 20736
29870 7893
24556 28943
21906 659
5220 18900
24733 22979
27725 7795
8515 293
22583 13435
15537 7386
5752 2433
15778 28197
28362 29314
20511 15509
3000 7830
18300 7971
23584 1407
7964 19923
5525 25634
14490 22800
26045 21926
7437 13425
6864 20936
20387 17685
12394 2271
7722 16078
8421 18490
24816 24855
22153 775
23466 24228
14815 13821
19579 18822
18050 21724
14189 12531
8625 8605
27406 7377
5913 27138
2529 27370
21807 24021
15341 6300
4755 6986
1180 240
27746 26665
14821 19540
675 4499
25243 491
609 15961
8417 5149
20987 18063
25979 24965
1324 25199
12712 10619
15567 29362
26155 19413
26576 26434
5283 15340
14227 12647
24584 20608
22610 1774
9724 11596
14814 1331
28132 29530
8573 23973
17587 11344
18826 17285
27886 22314
3452 1410
8348 7992
13835 26151
29726 15249
17753 14757
13262 29675
270 17084
2397 9759
3484 26353
2271 7402
2951 27621
8092 523
12931 12322
13430 24888
9819 8832
15224 15229
21173 7823
8460 20828
26206 13226
3431 5940
23043 12652
5674 28416
10021 1830
1682 1546
598 916
26597 29162
22446 8429
21644 2678
5396 16621
2840 22329
19902 28627
28343 12886
7954 10411
28288 20350
550 14298
17020 29235
20888 26513
20414 16309
10059 29741
25912 8406
13805 27837
9022 7360
1448 20578
14270 27808
14704 10861
16969 28388
12473 13235
17000 20709
11374 14701
9397 13943
5723 25633
15827 20604
20005 11119
4377 15631
29873 1370
6164 23248
13812 17093
84 10293
3774 2815
29678 17133
10664 11554
8236 8532
29800 16679
19316 28065
22519 1136
26503 7590
1640 12094
4448 11724
25465 2588
3196 4509
18510 18088
24838 28745
17369 5856
2845 13097
3365 20526
27100 16724
6866 4016
27545 6692
29234 5485
4050 13589
17935 16138
14264 1931
9474 4086
2271 14528
258 21525
25653 25342
3911 16517
5381 27489
17946 12924
18460 29985
1969 12596
12864 6682
8308 4985
17599 2333
14267 16816
1876 25686
15744 14429
12288 16085
21241 18285
6177 26034
15864 15397
23012 28414
3548 14413
13499 18089
18928 12861
15911 4055
7551 6717
27223 17472
18997 3744
6779 29051
15570 655
11341 5313
9099 21404
19155 16142
5232 21585
12880 4636
4763 24132
5047 2550
13768 13590
24563 19410
4480 25080
24551 27582
28411 19985
23203 3831
20279 11709
5439 13914
19575 29463
11860 16419
27636 24346
7784 23761
13662 7225
7831 1901
23444 1751
27870 13198
2033 23783
673 15748
27062 10778
17611 17751
27417 17057
1202 28361
23944 15521
27087 15808
21912 8028
2325 10534
24386 19590
13176 8234
11132 27019
19820 2548
15890 13634
11473 8961
8916 29933
12454 163
16092 21958
23058 528
12964 12799
25214 1322
22918 6006
11107 14473
4813 23793
20803 4223
10091 199
27535 23844
23024 24638
17644 16779
13375 22803
13581 10236
23576 23021
29561 12346
13507 5688
15687 10678
15135 26957
1895 3371
14612 19451
26833 3030
25526 14226
20551 10878
20244 13759
26958 749
2843 18696
18310 11698
1797 12866
14808 7867
4600 11646
20405 5096
22059 4401
11284 8083
15090 14381
21248 4863
15495 1983
5597 7600
5570 1237
27325 27787
10639 3321
19917 26773
24810 28961
26404 12357
18543 12572
4688 18421
16466 6369
5735 29704
26126 16199
27152 28210
15277 20714
5931 1299
14673 7964
1688 4384
5913 28864
4805 28290
15182 18946
16368 28693
28455 27357
16311 2619
15577 17570
14779 29125
21776 6808
9303 17379
23032 2300
20661 15837
2159 29094
25962 10797
822 2734
27876 26472
16462 15720
89 14913
19817 15035
1410 7705
841 14406
26460 15403
17989 9850
2110 8959
19629 28476
6590 24531
3221 26115
14748 27504
6223 7692
2242 26572
7475 4655
11710 6759
14292 5408
27393 9534
18757 12500
25838 11967
24251 4923
18598 11684
23277 20935
17690 7792
9314 23061
23473 13382
13482 10741
1860 27650
16210 27437
28191 2796
13652 13870
15643 14821
21283 10421
2354 23477
21670 3377
28115 4440
28595 13825
10051 7077
13416 21392
9468 7536
4114 28912
13649 21423
4002 3973
21062 14446
13238 18641
13843 24937
1630 21153
17363 11493
6330 17466
26500 17462
4444 15873
7027 15074
21543 16737
9567 15351
11946 9414
21422 22833
5664 22265
25158 13576
11266 9311
13028 15914
10670 6357
13350 7825
1245 10927
28906 1216
28752 25118
16500 20775
29026 13359
26726 20353
11867 8822
11247 1504
26550 14127
13938 10189
4431 22840
25969 15379
6080 11475
15036 7052
25969 9127
15630 7066
16344 22528
14081 7057
865 21913
7757 11359
4510 8306
15454 14694
8365 17667
28361 15122
19223 17193
19313 27129
28391 25692
1021 12443
14145 13941
1639 22587
7689 4288
23487 14070
6007 4233
3129 28387
10922 28559
12786 18589
10376 2600
13633 28678
23747 125
9679 12930
395 8686
2902 2898
19771 14887
3675 6133
3947 20718
23977 13551
3841 24061
6531 23227
22583 20741
29293 4004
11023 12070
7067 6494
21531 2920
21957 14248
304 1555
20580 1447
15900 11173
17072 26678
17129 6089
8436 14916
29218 19111
18840 22719
25870 22260
5734 18065
13005 15398
11946 20605
10880 8834
4567 314
2985 7481
1714 23945
8747 22503
19505 7269
782 29795
12810 1464
507 27307
6795 723
29578 18257
26923 5441
9597 8787
19292 8252
9478 23585
27501 11446
205 5683
12722 12269
2823 21270
14834 12279
24447 21858
24457 25063
4099 14026
15112 9026
17246 1951
27296 28866
10633 11608
13906 9581
14799 819
15788 16004
27584 14386
11732 18321
3869 22722
20816 29232
12313 23626
5217 23172
6514 12950
5521 21049
5228 14188
9161 25369
19662 693
18455 26264
2215 24701
20539 29995
1711 15041
3065 12367
1542 8012
9915 17860
9951 7886
4380 14782
11288 16474
28305 28390
5531 6214
17726 8663
21280 23545
14605 2719
20778 17077
19160 14810
5888 6354
28376 18032
8927 10955
22613 4633
26226 4160
1647 21004
5096 11081
11057 7804
1314 17306
19018 6387
29191 24612
19508 11764
22458 11869
27442 18763
466 16385
2395 2348
8887 473
7206 28847
13521 1865
12536 3232
7765 12664
24495 2009
26252 27955
14199 25571
28170 12484
16646 17352
16392 17086
5614 3078
13756 28003
13313 22637
23829 214
7988 2282
10455 840
12844 7095
4687 29198
7107 3383
11069 10314
5910 21682
22341 14468
27665 14892
10896 4293
14909 18409
17586 518
23555 6015
29125 4083
23280 16104
11689 11273
22014 11854
27892 822
2228 18481
4124 13159
3267 23891
12686 12881
13456 1188
7926 20477
1120 22942
13228 15520
24245 6971
14653 22190
27933 22571
14202 21069
26186 1943
21150 14609
16754 25611
25337 23458
14489 12860
27647 22119
29982 14592
22618 1967
956 12874
843 17201
20775 22905
22576 29962
27654 10498
22263 29587
18470 10083
11038 16310
1433 25546
18839 24502
548 5246
28223 29612
14198 27609
5057 14996
28656 8067
12842 406
27417 10518
15571 6850
4566 3032
22355 1518
17558 13041
8525 3540
12084 23855
29296 27185
13262 3623
27937 16810
19109 14620
15681 25434
20222 24579
1186 20434
28041 23238
9800 23507
28523 6088
15834 26529
4406 5477
12218 23497
12986 8071
22060 29459
25193 1503
8915 5570
8059 16847
1362 28115
9006 29983
20142 25180
4569 27473
9499 15031
2014 3661
26898 773
16690 12740
12071 29363
15761 20913
11627 3452
23109 11685
27095 19539
15270 13334
7623 15254
5382 13724
23078 1285
24854 2102
18641 12700
1 21776
3181 10585
13283 2413
5406 12575
187 4249
21113 24364
22420 12604
15589 5548
3855 28008
13845 4204
11800 6594
21885 22042
21306 29518
1858 13533
2107 8190
17001 19777
8147 9931
25275 17305
18431 764
16588 8286
7421 3522
9464 2140
21400 27266
29143 15091
13093 2130
11612 28865
7756 12853
19137 13362
1574 1085
20671 9970
24819 2285
18478 14923
8347 24575
22315 4569
14363 13948
29607 16651
16031 27377
13510 23313
18527 16774
20456 16728
18202 3400
1151 6212
14538 3949
1795 7229
19722 16472
20622 22543
13381 13567
22045 9982
10551 15729
17136 9978
28608 28292
27689 3486
1728 10223
17846 11723
26089 15097
26260 29449
9505 14573
27044 24557
12226 4715
10971 29654
10472 24808
5767 13461
12646 3381
16574 12280
11613 18069
3195 21197
6353 6942
3241 26910
1900 23603
19091 29597
23480 17659
13806 15357
28336 21416
1978 3193
13790 25897
15747 8614
1077 3864
11439 22168
1802 23530
26957 6519
4227 6865
23451 10550
9119 10399
12871 19927
3399 11099
28582 18896
16717 13794
18125 28026
16873 27115
12134 12487
1683 12810
24506 24224
13635 6968
21033 20448
3306 1992
12593 5637
2029 522
1691 17754
18023 16729
18137 29834
23639 19432
6986 8494
18108 16296
16528 25495
19656 26638
25794 19460
18769 9885
8843 16840
6833 8403
20838 387
5251 22793
8482 12653
13188 9766
13467 10942
8874 25229
14268 4983
17316 13497
27583 13900
6857 18988
16870 8480
11478 29640
10402 9747
13422 2256
19431 14401
11349 26035
24370 7840
3900 2225
11000 18902
15612 14313
16996 26512
822 4882
25427 13361
3611 15782
2073 29607
12286 11322
16120 4609
16609 13753
12788 9281
23869 15863
8474 23960
27794 20153
22826 10593
28561 8506
23233 27395
8544 6742
15722 4700
3691 1131
10808 5108
28846 12716
4976 4897
13020 14046
26651 20108
27761 15589
8965 6859
10817 26823
25553 29329
11907 16801
13182 26677
17812 25004
24632 15237
25736 24822
18210 29552
18242 13206
3399 7773
13584 6259
6758 26691
2767 25148
29022 16410
1092 8407
24206 27226
9406 347
23493 19233
29215 9180
3657 26119
23594 13929
27292 21751
22448 16848
7318 18662
27615 10217
11704 2058
13890 2349
12673 1826
14651 21579
15237 25461
11651 7042
29340 27449
28787 18638
6967 13965
601 29919
28744 11913
24959 21452
36 1460
23390 8143
28015 18986
23213 6556
29947 21120
21387 8499
17838 2034
25754 24475
73 23192
11474 5053
28037 19554
20765 1273
14200 10796
22590 3005
13420 20699
23446 22475
16699 18376
29918 14733
26226 16842
24588 2451
19467 20789
9594 23480
26717 4739
10026 24549
29228 13218
2323 13428
506 16680
29677 6929
17459 27580
14988 21529
28141 7538
27230 12321
3668 23810
10428 16845
15096 3686
26775 8871
9399 27761
25286 6940
21357 22525
22354 5593
20711 1067
23728 9615
7482 12231
10379 19994
18278 4220
18284 26835
26187 23885
7708 22406
26585 26051
28768 378
26209 17852
10551 28790
18255 13348
27566 12261
27843 23273
24341 26780
3072 10996
22970 13114
16964 25570
2922 5754
17313 18411
29427 5765
15540 11130
3656 27807
24581 759
14183 6216
11454 5143
7556 4267
7536 4848
2445 24301
6231 23185
7891 3559
10549 17420
8150 6542
13340 28923
27596 23618
10806 12908
4082 3799
12624 942
18687 21621
14231 6035
16926 6348
9578 12220
17099 13832
24993 12073
21693 1579
21424 13839
772 16905
13872 4959
29464 26668
22329 12674
5621 4106
1339 15938
3600 15499
24676 25435
3978 26495
29456 15625
27375 22626
15118 7912
22447 7744
8518 22576
21423 3631
6079 28308
29210 13575
28750 6176
793 24687
11447 5430
24317 5254
23945 16984
11852 17606
13320 26056
13766 11674
28892 1589
28884 23661
15669 15946
18726 1478
17795 22315
3657 29840
9935 24591
9724 28253
11577 14
3868 27376
15624 2786
27755 20070
18207 10722
2216 14470
26017 17731
16120 10157
19632 22569
15180 28365
2817 10717
15594 18331
8690 4176
20580 459
24750 7032
22853 12137
8275 17522
22619 24181
15563 22692
11374 844
16182 3969
9952 20445
9518 15507
22963 1991
24954 14402
7571 13170
15333 4175
24466 26768
4146 25033
19861 11465
18731 4461
7048 18103
29881 9203
14359 22408
24098 20653
3537 16519
18234 5634
28311 273
3381 13881
9945 13090
359 24259
27941 9753
26033 15924
18467 28532
17433 17157
20213 23261
2648 29280
18156 14783
16910 26561
20729 1731
4404 15103
9640 7073
23203 28616
8431 8074
13210 946
11447 24567
6384 12352
7617 21139
9861 13876
22323 2157
9116 4998
19958 2822
10966 20837
9694 15232
29352 10807
2231 5692
29965 25690
17345 3016
4992 25895
8220 15040
21298 24512
9096 6409
7706 15013
27689 7972
6073 20296
8818 28506
197 19805
24001 16139
751 988
13129 9537
6058 12767
23817 22769
28509 18786
27863 10743
15790 22500
17362 6668
26351 2702
9523 19411
28470 19225
21505 26769
1265 2159
3721 19676
14155 3012
10858 20516
6082 45
17112 23256
1560 3159
24676 18778
29849 22215
9458 9842
29830 5903
2808 10827
22129 15393
13099 25065
3569 25935
12071 1885
29344 25548
19296 2640
13838 2933
8131 13494
21798 5255
6758 13934
16196 12224
11504 11448
8578 15326
17701 14079
2099 9517
24289 28063
16613 23002
4401 23396
19480 13436
3836 11587
9206 6602
8363 19177
9249 10577
15111 6402
7465 857
4477 20914
2947 14408
1699 22334
18146 3315
10983 14454
18188 11811
22601 23411
24043 20240
24947 26977
4283 26019
4471 7858
21776 29446
18488 22113
13978 16095
28253 26349
9193 9509
10904 24653
21693 25027
10905 4301
28077 7541
19902 1978
3172 25217
7928 4316
12171 23401
17224 1771
4398 16430
19567 6143
18549 29093
15953 5878
2736 26492
22221 10760
12419 5452
19603 25061
4032 25765
14255 8574
9695 29996
21623 20817
16035 17297
1753 26881
5590 20657
26218 453
21520 8228
1403 21930
28103 14332
28423 15727
13843 28203
17922 21164
2826 1061
7324 21000
17726 10371
16719 4476
853 14178
14416 27164
25085 11787
5869 28434
11531 8154
1300 981
28705 22092
27628 15797
14179 21012
17173 23734
28913 29203
29629 10006
1289 9898
7369 13393
29133 9795
20453 17581
4363 26363
4637 14038
14507 22306
7680 12133
8799 3690
6658 9636
13686 76
6418 22318
27938 7252
2089 21791
19896 23511
2089 18435
19914 12515
14156 8675
8095 10208
6253 18851
26912 9081
22598 9722
24316 19289
16526 5383
12857 3461
4285 11143
4158 10121
4963 21819
14418 15823
11905 5030
1996 12301
15048 11313
6738 12013
16600 10081
11699 29700
26598 21945
8465 18836
25545 24227
28141 13504
21383 1538
27675 6361
2014 20072
10351 18579
28780 10194
5772 12421
8544 7652
17403 22271
11349 4386
5029 12802
28430 26186
25108 17006
24939 17486
8874 4406
26789 13680
7150 13158
12414 23573
8731 16846
11405 18802
27037 19215
6083 26863
21671 25235
28199 18395
2025 22854
5683 27614
26469 13350
9628 8044
22701 18144
22706 15862
12092 28505
17274 12735
18046 16387
1543 3028
21451 5261
1477 12161
23586 19070
11741 21546
23380 29418
27054 933
16889 14344
12261 10312
27885 9138
2826 20636
1978 16570
14108 4428
6930 13928
26762 12093
21887 21276
2141 14504
26152 10470
2062 18554
28403 15163
29497 23032
12368 28019
23843 13328
20661 22181
25292 12510
8864 15449
21772 25134
19536 21949
10971 28242
18134 27349
1100 23139
4989 13949
2373 8782
17323 6916
15287 27190
11697 12711
25366 12801
28665 22149
24834 20403
15199 27558
15044 2676
16687 4598
20381 2248
5381 7315
13571 7164
20160 20114
23165 15495
14808 16704
13906 8460
10289 8124
8984 4898
20870 7691
2445 12797
4502 24100
17781 7031
26862 8597
14648 14037
25220 18105
386 1597
6039 17141
27795 25247
12954 3006
14009 13429
16146 28095
1051 25407
27772 29422
21341 20000
8971 596
21032 3441
16508 8339
21908 7023
6625 28557
20332 11362
1822 19863
26957 18667
29892 13777
24215 7953
27082 27103
10504 16355
1754 14104
24636 18704
24060 16960
24014 15317
28567 7375
18111 18449
17772 483
14713 9131
1563 11093
25519 9923
18905 7532
18207 25363
11696 20265
295 21478
548 22898
2199 4714
23998 12088
659 13670
23929 19690
884 23496
16455 10019
27603 22660
3939 10350
3101 29369
28833 10278
28332 1558
816 13265
11439 19110
28352 6298
20529 14876
20903 13501
17962 26444
344 8584
1863 12525
11519 11006
14652 15437
12501 27475
4252 28248
6292 12209
27707 21572
21132 27983
17589 7258
11049 15819
6390 14144
5879 13810
6350 17953
5719 9744
5978 8484
2756 12309
25399 4883
13416 10115
4720 24680
27697 1406
24563 12096
2015 10164
20651 16523
17209 16151
4425 24000
17918 19641
29958 10001
1795 6217
27519 28101
26000 25789
2828 27997
20655 7312
23390 23692
24717 22481
9885 19648
23930 22204
6335 7567
5386 178
4923 5206
28138 10282
7475 22361
24560 23713
25193 29629
4526 11388
29859 24679
26969 26875
18457 19290
1692 25982
21390 19674
8941 11018
5069 28316
23368 12495
1983 20076
23197 1178
17218 26564
14594 16072
4205 24367
27475 2917
13757 3122
6877 14195
1364 18914
6147 12818
28990 24124
29701 22144
5888 7780
1850 5975
27675 11430
27116 1060
3433 12105
9199 29150
992 9789
338 16660
28520 26476
23446 23901
17488 15559
17778 14491
13196 26473
13518 24457
5937 25103
3705 4173
27404 16192
25834 544
11442 18915
23698 9344
25232 27290
3196 18723
26427 27141
7757 21
22887 18303
4504 10666
16822 15760
12304 5676
1051 16123
1428 7588
14384 27765
26000 10033
22487 2323
15816 17050
19012 18623
24042 24450
10650 10104
8473 20722
8016 25563
14516 1335
8100 24673
10085 16143
5096 16427
8412 26143
3356 4365
2625 15060
28825 10392
5273 27132
18985 27008
11110 10736
12230 21559
4661 27196
13824 26174
12657 7766
28292 5782
4681 10559
9570 29088
10726 25963
18908 19802
6353 13180
17978 11740
15934 5590
8997 2527
22757 14203
16701 29300
18060 29231
14560 24005
8359 6092
11445 4140
17276 19769
2916 5157
4936 2915
11875 24430
7095 9871
25392 10886
13794 22684
6207 700
21713 7022
18046 16890
26411 11320
16603 28485
16575 21885
8051 4702
1598 12278
14051 20525
27951 1812
13440 16316
15307 3463
27489 22562
26260 20550
5017 2818
29564 25544
7211 9481
2628 21574
1565 1376
11557 13161
17641 15147
9217 4115
29060 22694
12336 14893
18465 5188
22881 5934
26614 7412
13992 9475
20550 12334
19719 3150
11098 7270
4758 6499
26661 29723
19126 27240
15537 20157
11589 2361
18935 19286
8220 13644
28588 24089
901 26083
19543 6803
27299 16186
22319 11524
7163 18939
21900 8293
29989 3361
27521 26738
1183 7649
4139 9991
4822 6169
23783 22748
22393 14300
18188 19986
9695 25183
28602 17892
14996 23795
28202 19659
19764 9435
26273 17725
20243 25763
20501 3290
27919 13611
25218 19606
15750 22027
6335 24645
21241 17253
7676 1271
4112 28870
16691 24273
28292 359
24648 2649
7623 15331
25456 26578
11688 5756
19184 16684
6986 3523
23949 22955
28198 7395
3037 18107
21583 26134
21026 25501
3058 24008
15638 5797
12712 22356
21603 16938
11613 12842
6299 27708
16791 1294
20768 16041
13941 21114
461 2746
17107 8923
12917 6532
29650 9773
21959 438
25966 23282
20420 27347
19641 24667
22685 11752
28025 253
1479 18046
6069 13377
23263 8917
5141 20374
11287 1490
22220 27628
22561 20370
18404 28918
8895 26858
7115 27612
9775 28871
11839 823
7901 16885
29179 10020
9069 6025
23274 5836
605 11214
23616 6267
20866 19209
27575 1228
15903 15302
12978 912
18144 21075
25038 18956
5382 26565
22868 23775
11733 18030
21556 17872
5626 11997
17415 2520
3940 14074
17824 11840
1822 1820
28539 7145
19313 15755
13953 8937
9806 8967
29868 17056
16940 25973
617 17015
4426 16835
19151 11965
10415 24391
7 5113
19515 28451
1082 6182
28373 10844
18286 12462
5373 20397
24116 17413
5570 10957
16151 12248
20240 21868
16339 24929
26852 18525
26757 23366
29274 3921
15111 13610
11424 22857
29148 14860
6182 8449
4426 14103
22025 15149
23682 25226
5918 17027
20301 13693
21912 15649
2271 14848
19153 14479
28337 29143
8522 27676
19612 3668
2035 2821
21392 10908
28860 9798
26841 29044
395 2662
10896 25050
6327 27861
12560 11219
11218 11505
3887 19633
12254 14214
17455 24025
12911 21096
1173 24484
11171 22953
23471 4517
8043 18123
22099 10478
24095 610
7184 23878
25729 19003
11589 21660
2951 19810
2455 25266
21382 26474
10860 19241
20 6672
19319 16844
3560 11239
1618 15308
25873 16403
26371 16550
28341 25257
28865 120
9398 26020
16465 18083
11193 7432
6052 571
19693 25015
18464 14306
2148 20819
10287 7646
18931 20953
7504 27744
9774 29548
4502 22795
22932 16443
3110 19339
20664 14983
27827 1877
28965 22279
29905 1618
18799 7951
4569 13619
17790 8104
28739 114
19968 21558
14436 7308
28756 21070
12084 23812
29687 12434
16567 1927
966 3194
28608 12852
15296 24221
25573 10926
8954 11480
25168 26919
2989 19372
23733 573
11777 6505
5127 28767
26481 1776
5449 9468
8212 8810
22661 235
8209 11418
20426 7531
23765 29902
28204 23127
1682 19467
3446 18112
17182 20880
15369 16134
20480 805
13671 7039
3675 17548
28011 22869
1535 18699
12439 20626
27633 20268
16617 5976
14772 13063
29493 5324
12362 4186
10634 22853
14729 29174
8426 28962
21365 7265
3154 16133
23929 6601
9576 23075
1876 15066
11266 5569
18285 3162
27310 29489
26782 15300
12581 25353
7266 8266
206 2583
4144 22006
15618 15763
17605 20068
227 25173
8199 7458
3526 15842
28495 2655
14469 8784
24969 14715
7700 4945
14511 12558
15894 9846
11557 5834
12609 129
8690 11949
21436 26782
9822 18436
14363 13963
12819 29146
13190 20545
1474 24211
1254 4020
10361 22274
23375 1409
4270 13210
1532 25137
2315 574
26324 10339
25961 4199
12497 1411
577 26818
9950 16384
29289 21364
26069 12875
16781 26315
2523 23123
2088 24726
6877 25743
15522 13100
24399 11663
27705 6486
26083 21834
24400 22160
15075 846
20529 23472
28163 24145
12216 8919
26202 25191
24750 803
20282 5310
22465 14507
1997 23564
2722 1064
5384 824
7011 16007
23662 3854
10795 2391
15110 26450
18108 27183
17348 11185
22381 27205
3429 4049
6384 11528
11444 28167
4412 1397
7198 16678
515 27645
17660 9417
7243 15955
22695 29959
28588 15694
22887 19202
26967 22645
7729 7309
2586 27120
19102 11610
14434 5549
22876 6219
2733 1342
5931 23027
13180 16463
297 7059
3171 2975
3410 27947
21774 5718
9998 15265
12171 13383
3584 6029
14736 4582
25991 13717
12831 24466
12989 6291
11460 21135
28483 7885
6858 23562
6050 2113
10992 19745
12191 5586
14738 11392
28820 23756
27199 25042
81 2897
9171 5165
10485 20213
1464 17611
4590 29269
8859 5546
5415 29059
25804 27204
29085 4884
11203 6813
733 11233
19760 24210
27925 19236
15698 27482
24910 4652
27296 21571
3327 13523
17708 29536
22921 804
27063 18365
12964 23270
18315 20417
18602 14351
13375 9456
13704 1822
18409 3285
656 10086
6736 12456
8701 2729
5623 9204
14304 22175
13399 8017
17195 20440
12888 9560
2010 5770
2131 26838
27929 11699
8250 1233
20930 21038
14642 23763
6031 5417
27025 22592
8405 24334
13609 26293
5432 20148
2595 21123
24150 19441
28000 23428
3965 2456
3388 25616
26136 9421
27733 7549
579 6462
26721 18687
26410 5060
5490 9116
13904 4520
26503 25964
17137 712
10426 25640
16510 14900
28917 4738
13935 17501
15117 4522
14419 10272
12597 16607
1202 527
5239 9955
10693 22413
3238 13177
1343 22247
2259 7702
29174 27160
7295 12945
14477 23881
20309 4145
11822 12634
4704 28237
24720 21894
9628 5542
7739 25332
8076 13392
3000 28553
3832 25615
26620 13505
673 2510
14434 9355
20774 23301
7979 11442
12141 5321
18658 2553
20777 18179
110 25729
24212 9783
4992 3528
16576 11305
2441 29061
11868 22320
12618 28364
1849 23976
17274 17978
17192 12348
13898 14770
16678 9960
2847 1596
771 5327
16978 26462
24551 28750
27032 20704
6697 26812
875 21429
21329 14372
12101 628
10651 16581
22796 21743
23176 26814
27087 13123
4821 3944
13922 28893
20899 18916
22270 4102
25981 12156
12378 814
26279 11542
11643 3453
28288 11904
29096 11174
19115 11619
16535 10597
9547 21990
27038 5943
8780 3613
20028 20932
15827 23406
2185 21514
2911 19412
25708 26766
27064 12762
8659 27522
26576 18847
13246 4068
26508 15791
15730 27535
12163 25663
4763 8351
1843 14055
2570 23295
21180 6495
24161 1098
20330 27081
14815 4862
6618 18756
26013 29878
18408 29495
14307 29568
29026 2578
1691 14445
7122 27028
19502 20200
5041 12442
26898 29551
7284 13760
14769 18719
10464 21496
14638 14301
3901 20429
4610 11470
346 17692
11579 13996
27128 22959
6738 14350
10264 5717
13115 18447
29746 22099
7906 19793
20393 7869
12797 2409
26475 13607
22025 29043
19781 11711
24201 11061
18911 18875
26017 9094
14217 260
12817 20671
17051 17613
159 7089
1818 1055
4590 8996
1545 19148
6362 6760
24560 15047
14817 17161
19243 11870
4112 26531
27837 24990
12307 5172
2319 19383
16397 19019
19641 9824
17043 28147
25153 563
10463 10175
16547 24733
2253 7501
21926 4067
2068 20980
24771 2945
5656 16530
11040 29066
26842 17332
8161 18674
12957 20383
16483 13973
15524 4045
3595 18586
723 18094
12427 27567
16614 17939
10547 4528
5780 16843
14981 3699
29802 16140
14760 27313
12054 5002
27869 23848
4440 167
9255 826
9570 7666
10567 22542
21470 3604
23880 2779
29394 17512
11152 16029
17656 23067
25244 13730
5515 2064
22256 15879
4709 10442
18275 9764
3834 3171
8006 14742
6996 12366
3490 25580
21791 20767
3503 2441
12163 837
7831 9273
461 26916
21896 12061
9912 19443
25526 168
24051 1585
19124 7194
17600 15136
19283 20410
583 29381
871 27398
2176 9287
13354 6687
22270 21648
19773 8358
4404 20872
11762 3782
7332 7466
7023 16011
26849 19296
4987 4076
2709 17416
2218 7974
28939 18683
27019 23680
11343 22977
19652 19378
16265 13816
18738 22865
6022 15648
86 2239
15387 26567
9523 26954
21638 21770
17194 8378
1996 28946
24356 27878
23380 1704
14541 17273
16200 3365
1398 20396
21446 8668
481 22698
11116 9914
14969 11860
2073 24950
4933 18214
862 17636
2523 1419
8718 4694
8401 18159
19943 11383
24743 4984
17338 3373
13956 5928
23760 9897
7789 24883
2480 6284
12609 6995
1193 15743
3195 6697
11442 13400
7796 13980
24613 17476
18828 8702
18534 22890
13691 5095
13933 11303
23979 24863
18481 16627
21966 5793
9988 2931
23011 16093
3795 23861
481 2048
5313 4637
17980 6318
6744 28424
5793 21193
20107 7175
3594 22838
11813 27058
8970 8233
1992 22449
16308 16262
1943 1656
27579 22792
24808 7302
799 18437
22699 7240
9237 28804
13698 6236
15698 16588
18627 1474
12387 6345
18570 5937
26809 4116
14988 23919
10753 17090
26288 1697
21527 25403
15799 22399
25608 25915
1601 29104
20335 14080
4512 2273
29405 26982
6175 15997
8183 26836
937 8130
463 27379
11177 27563
6857 10667
17419 10096
17147 29572
3019 8397
20182 16782
24674 4010
2322 7392
22697 12831
3928 4351
15765 22331
26295 18367
18370 19375
17825 12613
18307 10018
3304 17775
8625 4136
19598 386
5738 2516
7296 18825
20751 7929
5865 21281
4887 20522
1469 14521
28796 27006
27658 4530
17656 8
22156 24684
16060 20399
21739 16478
22608 10527
11425 19438
11073 29899
2991 10579
18164 3912
17819 7237
15182 18721
18041 4349
2453 13456
11073 9489
11157 28683
27984 1649
18679 13490
16489 20066
3375 24542
21152 1358
21158 28473
20649 17345
6138 24193
28471 5128
3869 4027
1160 9619
27606 8797
9449 5753
12743 23572
23641 17216
2072 27136
14224 19301
18351 20452
22337 16354
7627 17364
19622 18156
9747 25826
4514 3747
4270 18043
20028 811
18426 27466
17690 793
6260 29498
21713 6634
7829 7814
10376 24622
5462 1882
9195 14971
9051 3136
22061 7440
11899 20757
5870 17533
2795 21703
2311 19157
27712 14553
11460 6975
8847 6957
1644 28422
1735 28588
12230 8319
6779 19569
12399 25352
1599 42
23321 20486
2345 21511
22360 26988
15657 21293
18345 17752
16534 17927
28326 13146
5413 12246
3327 25095
4687 19661
16812 472
19554 1461
26811 14559
9795 26345
1514 11986
1576 4592
5684 1217
14275 11769
26927 12522
4011 29100
6833 3746
5900 4427
1182 26888
15415 27385
23949 11658
7176 5825
23828 22455
23403 17431
6656 2724
16960 8087
19265 18545
21015 84
897 10896
18126 29404
25666 24051
1680 19602
25187 29689
27073 25176
23838 23955
6309 6659
20480 1412
7039 28380
9626 10062
23323 7342
9767 23209
12880 184
18567 26340
12387 6258
7048 21346
3182 3518
19820 92
4306 3210
18910 626
1463 29248
22827 4376
19297 9628
17115 24660
23012 6413
29016 4603
4270 20461
7066 5807
25326 10330
17182 11588
6490 5587
11395 22193
21772 17010
3920 1639
22478 10482
27566 2372
20261 8040
26887 26614
14270 23356
8226 21237
20243 19931
28253 3494
18679 9721
24658 21908
28056 16306
28450 24842
13841 8830
6729 9320
9922 13153
7877 5360
4524 29905
21477 6675
18948 5907
2841 25742
641 14190
15561 4608
20381 10874
19478 28229
8361 21752
19969 7243
10491 17797
3814 21113
8997 21468
19425 28832
7401 29867
1153 18414
21825 13603
19132 5868
6732 22064
15137 24844
13063 26524
27495 6224
17629 2496
197 24068
13020 29510
2550 27844
21607 1357
7371 27538
450 26068
10730 11037
1137 848
22352 18205
18010 19707
6561 11134
12875 21822
1896 16507
27036 5439
16473 27649
8193 8965
16399 247
8417 18907
7270 24948
25870 7419
9450 29071
28886 21734
19855 6665
28337 21980
12650 21507
2099 25376
18680 27260
10730 490
12317 17936
23880 1587
25139 11132
12461 27810
1045 28327
17381 6887
18639 24407
9334 25682
11408 23257
10639 2082
22247 1836
4045 13309
13807 10953
28976 19549
4074 3505
8094 3188
12062 15978
1992 28173
16072 10967
26091 3036
4448 29297
829 4237
14098 20597
25332 19556
19395 18498
10633 3323
25786 15800
20764 27818
22565 23057
4471 15241
5160 3741
21741 6889
27926 20033
29744 10474
27615 13031
23205 17513
9161 24448
6613 7941
14338 7214
883 23508
4656 22991
6898 8502
1831 18801
22437 18502
10235 8530
6683 7165
20314 17180
14647 29791
2128 9099
2792 29188
6173 17869
16324 27182
1678 4681
895 3020
1449 4298
18236 2303
7031 10389
25265 21563
11654 21739
1685 27412
10071 23653
22966 6481
4245 8200
1878 27012
19777 25664
15809 23300
1238 19989
13003 22935
24733 16130
28377 17759
3970 23723
7287 8595
10134 9590
20027 19377
9313 17478
18416 22309
13751 1122
24148 18478
12803 3341
16751 10460
25809 16750
1180 8627
4877 2767
24718 2803
10310 6020
21277 17821
25892 5912
8921 4039
18672 16920
20370 20754
18929 20892
3709 29782
24432 28448
6369 6552
20392 28536
19719 5197
24718 27107
2878 28705
26704 13845
5583 10110
23234 10681
7927 15732
24080 14910
29270 12943
18544 16145
26387 9523
15419 23462
3355 29375
14441 493
14711 9310
25912 5365
3864 21929
16362 12255
22393 8870
22224 5131
5262 9665
13724 1235
10023 10511
17011 7693
28675 21368
16024 22364
3057 29635
25234 3164
8915 11244
3976 26760
6547 28109
22342 20372
7287 11405
15649 6408
28246 11147
21549 13836
26142 11324
7954 22415
18983 29346
18716 2924
8646 27556
18374 11778
1604 28124
23781 15754
22609 13440
6377 14419
13987 1736
2801 2602
25581 27923
15303 2189
12345 26376
29859 1101
11628 6246
1120 21256
25216 2720
23702 21252
5067 5633
19010 12744
8927 17495
4229 16792
17308 443
28327 6210
29067 16754
15895 6980
25660 4414
27323 28377
20562 872
3976 3995
8475 29407
16607 17549
13080 5624
13293 5242
22335 15333
8359 22485
17718 21900
17723 25449
2805 6274
301 6014
9143 16009
21915 11947
3428 28487
13832 18009
24558 23125
10776 16543
7278 20806
12583 27720
8648 710
22587 1607
10599 24366
11341 22837
24290 8998
21241 13799
536 896
2673 16555
13150 10917
14411 25480
4679 21413
6357 8746
12170 9352
940 26649
17880 20273
718 28759
22354 5318
25433 1595
23439 15557
18436 28924
3499 343
17937 26498
6082 18557
25801 3034
25892 14497
20947 4868
29061 26526
4268 28139
4379 15158
16496 7436
8722 5709
21286 15742
18911 12427
23257 86
17880 6909
25935 29929
902 12478
8902 3825
23059 25178
3614 21086
12593 20081
2922 23176
12786 4371
9651 38
3963 7899
16302 4128
24243 3922
9765 18634
28020 13628
16561 8452
15070 17566
27656 3278
24430 18245
8863 9360
25792 2335
25924 24746
18515 18292
9734 19673
8249 28604
23165 15183
23109 10265
4757 4888
17353 11156
17801 18943
15837 3703
8046 15489
29175 1106
3606 28651
18509 5703
29619 19480
25828 5700
15472 27222
4006 15475
13350 1922
16843 22232
26784 17257
24090 21011
26446 19205
4065 10531
21388 25637
19283 19789
23197 16174
22005 18762
22581 3311
21901 7697
23644 28824
21926 4973
9861 14360
29051 29216
3140 24874
19497 6776
29369 675
24332 7506
3300 8223
14108 3897
21055 29037
13388 15377
26319 22122
23661 21282
12253 15599
28837 22257
28382 11892
3108 14912
27051 23854
27953 22907
19895 28970
23389 7651
13241 29058
5238 16830
19551 8020
11600 20962
14611 20845
4010 14557
7230 16915
13536 4792
15118 14760
9087 23729
5841 29783
26071 12372
3163 29142
5386 23785
18504 29825
23209 21076
4365 25284
14630 8336
23878 16397
27843 24553
28015 25806
7756 7488
26059 996
3040 27697
13115 18191
3835 13453
19316 6265
10761 748
3257 2690
9141 17226
27886 20126
21415 8602
20171 26673
5228 16201
10869 3705
3419 17321
17385 27212
18644 6534
25981 27168
20696 22452
23653 14739
22243 5368
6442 6637
5943 16003
15870 12706
15489 3697
8363 704
12667 24821
20540 26885
25309 20988
8449 24018
10996 15486
4731 14324
1798 5809
10931 24473
3600 3410
22828 202
19124 26401
13193 13495
3562 10505
21000 14349
20877 1440
19731 20625
22063 27544
22033 15278
28291 24306
5960 5602
18349 8813
22959 23441
18713 13977
3392 3070
9643 9032
5948 13276
10184 11372
8668 20359
27503 19716
20803 22601
3955 14219
26967 25017
28860 475
6038 21994
17733 20810
128 28013
17324 10267
23357 29880
26614 1493
19097 22994
19789 7205
4466 7179
9334 6094
16453 19400
23372 10606
26368 17224
20750 14834
9206 26409
22381 24629
16538 5841
13666 17392
18753 6439
28195 23704
21353 17897
8413 1779
8054 9401
27198 24922
14003 24752
29340 26999
9236 23005
1495 20563
13143 28579
14199 2432
6253 1149
3218 16069
20415 20618
3725 15706
15615 23213
17111 4697
22676 2436
20205 25330
2722 27546
4165 21802
23094 17550
10630 13613
16251 12445
21706 29140
9360 1799
21161 20333
23350 13304
28282 19074
17237 12726
20605 1635
3058 21897
26231 1772
27938 8297
10148 23003
21264 8128
26003 20530
24384 13560
17911 29312
13930 29804
19274 7434
29751 14886
11126 18295
11478 28457
27729 9804
17364 17104
22796 25650
29498 26701
12564 11767
27360 25939
14883 5216
25622 25927
29726 6287
24221 28563
5202 1511
19588 16490
13913 26350
4371 6768
6184 27314
19595 9968
21248 22620
3413 12217
29259 7710
1248 22400
27473 4229
21464 9345
9469 22764
28836 25291
10556 12668
6362 28088
5778 5733
22401 28059
26067 396
28850 8765
21266 22165
3591 22218
21278 19837
4346 26616
2470 25143
26856 10971
21543 24272
11617 15173
23661 14736
1633 14704
12635 27305
28585 2120
21638 3180
1343 17755
17363 1963
16940 16254
18687 12291
18399 11323
4589 25168
24970 26478
27328 28753
21463 22980
2713 29053
17922 18221
19173 17443
24140 5491
20161 14278
15092 21846
724 5837
20144 20258
25127 17080
17809 21747
5321 9595
2044 11206
3479 21548
17530 17697
17462 17741
12863 16954
20629 8006
16472 7460
24726 29600
21366 6164
21041 26464
16547 13439
13354 16923
16847 14014
13285 16797
2253 15680
19137 27819
23076 26431
28507 18192
22616 14532
2480 4570
8680 22060
14831 17447
24642 21741
3967 18732
11131 2880
24383 25622
24725 17716
28757 9584
18182 17411
6983 29487
13402 20551
28057 7965
1390 9050
27035 13993
3174 9436
25749 12585
27292 20610
21488 22632
14022 24534
29909 22570
3822 2260
16525 9723
10528 17756
16146 28238
29016 7788
1340 14599
6709 12751
28952 1972
27172 13828
22270 13871
28373 6338
22400 8842
21281 28764
7528 25801
23656 13311
25207 28982
5056 11635
15948 23494
20055 14252
20318 22638
12226 23699
19116 3389
12054 17354
1670 25641
9125 29542
26088 17732
15114 21213
24537 24169
26872 9796
5342 27883
28203 20336
29044 26560
532 2659
14439 28900
20664 29060
28536 15022
6184 13310
4059 12955
12057 24727
7443 17004
1814 16994
12483 4305
22676 4274
2625 21951
24212 16381
2604 4238
29478 15246
29631 15578
8752 28228
22335 29040
29802 17166
19977 14809
28407 3887
3333 1554
18650 20904
23656 4857
17275 27985
5829 6680
25343 25388
1976 21269
15308 15685
27925 5282
11284 14460
2629 28077
3327 9362
15603 17796
29548 24570
17704 22267
2466 5241
11432 17744
2805 26329
9280 28182
15940 11395
9405 28069
5029 6535
18319 21457
17644 22070
26919 24789
5047 24471
7336 5771
7321 17362
20978 13176
8585 25649
7326 4099
2294 3620
28685 18793
21054 12645
13429 22613
22095 21953
5730 17303
24890 18057
23981 25999
5195 2498
2150 28383
24691 597
20518 26260
6513 14297
3773 14158
8046 5749
6153 15407
8864 18717
22074 10262
19171 2079
10171 17554
18578 19192
29181 3740
3397 12566
10531 20534
9192 20226
15744 8058
17466 27163
23697 5381
16768 28015
27323 29806
13653 12623
20051 4842
9538 18592
3682 12461
25793 701
3224 10376
29674 29942
12304 12315
19738 18903
28347 9285
25533 1035
1524 2163
15415 12885
4141 8604
8657 8183
14853 12169
4205 26346
29661 19034
21570 999
3926 15053
10567 27450
16551 751
2136 15059
13769 25753
8125 26619
14292 25900
16368 13873
10925 3017
28463 12828
26960 7737
25882 5347
23244 21315
27848 5294
13647 15915
6925 29279
19568 25232
27598 15925
19044 29737
13608 20896
12911 15327
7023 17454
20251 28121
25764 9232
6553 25706
9799 14222
469 19259
2294 13471
24740 18263
8470 14254
11118 7469
21616 8826
26905 5867
26384 5606
656 3262
4785 16026
28701 9025
11720 26461
7406 12783
2237 3312
12345 3966
21531 9151
6901 23942
25905 23582
23540 4368
7724 24305
13671 19198
28642 13367
21477 26204
15767 18155
25638 20356
20222 3335
7059 16721
14234 3618
20916 109
10859 24419
9194 18318
4836 14625
29416 14369
8273 14659
14345 19997
15240 15378
26089 20095
9616 26182
12463 21382
10880 3817
5540 6054
24502 26290
27671 10305
4423 20804
4721 8283
6714 12359
10606 6380
19702 15613
18275 12319
13342 836
26093 21458
13221 28211
11552 12574
29644 25846
10627 27850
7744 13231
6789 24606
19072 22599
1247 8070
6628 3268
2748 8265
17224 16340
8107 15523
28973 22968
13005 21244
5725 10408
14251 27279
6052 18855
6388 17505
1398 4304
8327 20594
6119 2996
11526 23020
13795 194
29882 28206
4721 29482
6994 7477
20865 28261
12414 11868
24269 8800
13747 4163
21683 9607
16976 19992
1701 23479
10627 15734
4495 11286
17215 27320
3392 4758
365 4472
15085 17769
6779 14550
21690 6454
19361 26292
20788 25529
16040 7648
28025 13163
23280 2878
11800 29842
7908 5276
29802 10733
26763 11126
9022 10040
8601 16447
4987 4451
8684 25569
18034 5470
18345 20585
1909 12084
23506 17829
14602 3396
8978 11308
21809 4457
24222 8146
15740 5795
2598 15630
4655 14443
29852 17477
6392 18327
2450 13423
5144 18678
11099 29097
16793 8420
24670 18876
441 7262
3729 11998
16302 28141
9195 2511
20719 26210
8983 19029
22220 19645
10520 13148
11165 13646
5672 7476
19438 1343
6294 5822
8330 29762
25149 10944
8581 28062
519 11054
29916 18565
25209 27588
8875 29009
5580 17494
12288 18258
29966 2984
28961 9585
22075 2178
23600 7427
15876 29915
20670 9012
10228 29999
13653 10839
18485 23930
519 552
23442 17888
12428 6146
8725 28976
29178 17988
6463 22103
8390 6203
18579 21910
5734 28465
8725 9308
13497 25581
2321 4421
11700 7844
24702 5196
12637 11563
12159 20354
7061 21223
26462 18567
28025 12964
4743 24384
15070 7657
25567 17898
15847 29277
14887 14352
29840 246
23176 13075
7667 18791
19955 12097
24980 12326
12269 7025
12142 19391
1783 27251
1104 17717
14293 8562
3721 8957
11684 25343
6202 16293
14542 11317
12504 25605
10056 21067
21805 27865
7032 4555
26155 25739
4210 13401
9123 21692
5734 4682
12110 9556
7766 1715
20770 12895
2522 3915
6775 22618
20694 2014
7408 19473
23836 7620
15432 9972
29625 12063
5095 24474
20301 3659
18129 8613
12547 650
3461 15621
18155 19839
10524 10307
1177 1829
18629 11434
9079 19899
18658 10363
12483 2693
2043 8396
22621 7400
3634 6407
14908 16328
9175 26201
9388 26630
3036 7104
11017 17236
15452 15655
15968 6691
699 18892
10515 4139
22005 22595
1870 11445
27351 7384
24696 18390
9704 21654
6154 17713
24536 22266
21164 15660
25691 7114
25883 22418
16125 6526
22033 11009
23887 13460
7037 27585
3433 25213
28790 2867
22465 9368
15422 11607
8544 4196
6104 22336
19777 28484
15536 20262
23619 17710
1432 2206
2626 3563
19521 8680
8843 313
12543 20746
21141 29206
12102 11280
27595 23523
171 21691
3891 3590
28728 27792
11376 9718
16655 26244
28383 29951
6168 28925
8002 29148
13109 14928
28870 1813
13475 2279
19938 8250
26912 3417
19053 23800
17355 16867
13518 5280
20774 20756
25935 8774
19281 29805
8519 2150
18736 8880
2555 10451
21310 325
19232 15425
18727 16989
6004 15225
21034 17827
18351 7383
9660 25593
2849 12639
20508 28507
10408 18630
13623 23413
12360 14290
11387 108
20644 7076
11048 2862
6698 2966
17914 1408
3010 8734
22866 19512
11326 20974
10865 12611
16590 6247
6716 29757
20428 14166
3896 14105
8260 21504
13643 370
21000 4232
24043 29479
4862 5523
20106 26865
10894 25870
16172 668
176 21462
4036 13562
23634 16571
27699 15554
5995 7295
29542 9071
27501 22296
18620 10507
16551 7307
13151 25450
13620 23087
21805 11775
5873 11618
18108 14682
11099 6350
25926 20868
22121 9670
13172 23152
20452 19864
4082 26000
15270 26610
16026 14957
393 3329
1845 3391
1254 10617
14784 3840
16667 22458
22911 6500
3546 17742
17766 11262
22394 8163
18793 11882
11610 29205
648 28697
5328 13312
8957 11683
24356 3097
12435 6190
10520 11953
10349 24646
7136 29531
17932 29147
17415 7373
4822 16489
7842 2039
3024 27935
29216 9942
17383 19175
3963 3380
18321 14282
27060 27397
2935 22024
22569 22293
2039 12790
12450 20632
28832 11326
25718 14347
15982 4295
7825 29490
8706 10432
7021 21530
13893 8505
13956 5578
17866 17693
13966 13173
3754 431
26404 1770
14612 23184
28884 26415
1904 4061
24317 10410
25218 274
6007 27009
9175 11799
17274 16760
15677 10529
28952 15455
15194 5887
21118 669
1247 23625
4484 19276
5672 21749
25072 21327
18229 2373
16802 162
4414 17410
7242 8580
27986 18402
21192 7320
19429 17182
23587 17144
10349 15548
4981 5451
27865 19220
17374 19583
13999 29818
2024 29333
18793 7259
27056 5573
20327 29124
27290 1222
15244 32
560 25756
20540 24462
13169 9672
1785 21576
17006 13518
25168 22553
15981 6118
17020 27711
18771 29208
9569 4991
926 27941
8747 21998
15643 24283
7134 3584
17163 5296
8843 6321
7538 12027
1565 16062
1776 11897
29794 27105
12315 22441
24536 16936
11962 445
22629 23921
12000 15751
25409 29323
9324 11771
7652 6478
11520 25240
25905 14263
11597 3415
8662 1403
14308 24378
12610 2035
10170 21711
28514 4413
28675 4356
21889 9202
6941 9600
26071 13732
29146 25142
24386 5585
790 29217
7152 10902
17999 12429
19478 18078
21162 4245
14410 14012
6714 18578
27877 22535
19964 29646
9262 14870
4049 17117
17853 9474
13486 27914
14834 9679
1587 10024
12253 25902
1998 4154
25322 9139
13274 8511
22260 21909
18229 21307
10686 25510
10958 4949
5085 22567
1332 461
7879 18053
28230 2114
12976 28806
264 6771
15421 8968
22153 2369
195 24381
14736 26328
11937 8520
27417 23823
21856 25598
3126 8443
29601 28011
14673 6793
5127 3170
10053 28307
22199 13178
20850 265
12479 18543
25394 2622
11133 23743
7302 21445
22199 27169
9324 15829
16341 29982
5839 6933
11129 24509
16341 25453
1365 1143
3992 1973
520 14185
28757 19604
16331 21646
20078 5638
15117 1711
13423 2596
11048 2012
3037 25456
28479 4735
409 23751
26983 11389
16870 17899
12285 13043
19644 27378
3886 23939
25822 24320
14206 23171
8316 25658
26647 4994
23600 13787
27755 24415
9000 21687
27158 15641
14327 10913
19452 29541
8223 7241
11267 28332
26783 1785
84 9505
17893 29775
8231 5125
6352 11150
14893 644
833 29611
10445 24151
21372 18174
18656 23331
3834 8113
5415 7510
28391 26239
23861 18878
21129 14588
17682 22802
19861 26302
23454 26161
12802 5577
1650 23134
14341 19208
10415 9579
24096 22192
24020 8275
25745 14133
23806 11278
1077 3277
21123 3665
441 15716
3742 17590
23307 18067
8525 7915
8659 22480
23594 19846
15366 18569
15197 17185
10939 18253
5730 5751
13894 9664
3744 983
7731 6213
24885 19482
10072 736
6292 21798
16317 1438
17668 19038
5845 6377
22986 26026
5250 1642
21662 25527
14472 15028
14412 16904
4115 17639
29814 29299
6541 18248
24025 18040
26157 10727
18086 1685
21365 19320
13768 19106
1224 10889
3923 6136
26865 25132
2790 4490
27012 24009
6857 1626
20762 2615
18769 6977
29174 29370
4456 10385
29030 8904
6022 28706
8772 14309
5403 1510
22695 13689
24575 6469
16645 12446
21808 11707
29441 26427
6332 1588
5022 25398
12599 21415
2230 18347
28748 14975
6926 14318
15797 18371
25144 17199
19783 17828
15199 12341
3557 3331
16342 26857
18632 2405
29416 4292
28689 28120
17999 3061
28962 10284
28530 6231
12657 2775
16307 5830
16922 23103
15462 29473
1323 5159
23234 23920
10863 12805
6429 2776
12463 29599
2733 17810
757 28826
29950 6074
9719 15767
1338 547
12791 27597
1333 2153
21947 7569
152 10700
16902 29576
23584 11883
20598 1344
8902 23703
27391 5274
3396 6306
24622 7484
1985 2219
16067 12023
10583 19001
12454 6731
5790 18675
1201 25878
4401 29263
26670 29672
2141 1386
14815 9830
15518 22639
5773 9768
27865 15263
7538 23857
16082 4788
29220 7818
5831 9975
23601 7798
28033 14380
24848 19115
5403 12159
9694 14954
26676 5935
6522 29976
8925 1112
21583 16832
17313 21183
24378 15628
19972 14699
5701 7661
3999 7750
5915 3153
12995 13354
2005 20865
20566 18476
2162 13134
26434 7406
27142 24468
334 16141
17015 13046
19544 9385
11412 15107
2767 6270
22263 25329
5199 7111
2946 2653
14420 26402
23944 1817
11550 16112
15855 25974
331 15798
1231 8123
11148 3167
17623 23449
11200 16500
12161 879
17586 18989
24727 12358
27054 23438
2026 1871
12772 4855
17017 17813
2231 6779
18070 1090
28367 3046
1609 26058
20839 21217
10971 9867
6771 10383
9093 21265
21329 7550
26407 2847
13026 12633
11761 13896
294 8072
7498 27748
13586 8692
11219 20129
28376 19552
6456 20437
11037 18922
7553 23954
9047 25498
11023 1326
2459 21380
24370 22326
21046 26582
5408 10391
17914 6835
6605 6592
21848 17982
20332 20826
11849 5337
17428 27220
7546 11110
16447 15637
22029 25517
26218 4880
2157 7426
26540 7061
12167 5019
21089 12299
10769 23007
14901 20442
8986 17309
23182 351
29293 12948
27036 12098
29682 26384
19956 17190
7680 48
14156 18131
20258 9738
19117 11576
14967 28712
14996 26519
6845 18519
29842 25604
14967 2124
5060 23013
8356 21261
9919 9172
6898 24138
22406 6893
21016 13559
28927 18381
1831 22429
119 8594
29494 150
28736 16597
27495 11546
19531 16819
3850 29244
22064 653
942 2950
9821 3700
15514 3141
9139 3923
12873 28822
22366 18672
11894 21840
14082 1833
10682 19357
17463 14261
8641 25484
27535 12781
22790 1890
417 29491
21275 16077
5772 4121
29344 23503
8390 20207
23847 26396
8183 11888
22793 12586
13936 10464
18205 19172
14793 21851
21411 27533
21381 15757
24802 3146
10472 2184
23895 18384
22935 10453
19453 8523
20398 16097
28734 20861
8555 11713
25728 1247
5985 7526
29026 15991
15956 24825
5411 4808
14264 14438
29549 27257
27472 337
3729 29120
17516 26419
21558 5311
23182 19204
7294 17750
27768 2685
21571 28999
2115 18417
25540 16068
2407 26393
27527 18660
22234 7922
27032 6854
20082 16648
26963 2005
16210 6311
29642 28960
26762 2084
15580 11807
19464 5171
28343 19127
29876 899
26699 25431
13313 27133
27269 13001
14338 23777
20456 14772
17111 21923
16535 7924
19083 28159
6636 24167
25412 1405
20765 21838
14930 8282
6165 12919
21843 6724
21082 18734
22014 20209
29499 28664
24125 10251
12496 22346
20196 5161
9964 27943
3591 18394
3522 8122
10629 8445
2941 5219
3965 20679
6281 13754
1854 29122
25717 2494
14739 13741
10464 19988
15701 18086
22902 972
2842 13026
18464 7287
28658 5892
29677 4411
16294 22558
27600 29758
26262 7212
13929 22538
16082 21301
28067 4535
16206 4843
10839 10136
548 13029
14425 5351
9623 5842
18975 27924
20256 5971
12857 22019
1113 25823
25359 15693
3592 1689
19744 5154
9108 11847
18878 29685
12751 8280
29751 17425
22933 16202
9945 13214
3373 17121
10172 19063
1521 20637
24390 22921
24432 6096
13377 25311
17222 3845
6841 11213
17320 29865
7858 5153
25348 14292
17510 4111
16609 25917
28361 18841
24266 8646
28973 19450
24556 20308
16626 10407
1132 6167
23770 22653
227 22434
17702 4574
13232 154
27172 13197
20085 14495
6490 1334
12401 28785
19140 13119
22853 8953
21798 21856
2470 20408
16643 9175
12777 7631
10287 787
27289 28868
22060 1575
7852 29683
18171 13989
29218 8290
14444 13358
19258 7474
27391 12910
5465 18341
15711 7902
4306 24101
21029 29313
5248 18750
26433 9511
26187 29237
2195 7725
21412 15057
11893 8097
6625 19499
7722 1601
11200 9486
5439 18319
27933 21221
26216 7227
13334 9341
20236 13107
13620 15917
2916 9005
18427 21857
15452 11078
3010 12353
734 9444
5286 27096
15895 20131
3056 8312
9093 9822
9313 11728
19457 12117
28392 13661
17836 13335
26150 21232
5918 1897
22698 18499
812 29661
8840 11399
6842 23924
18918 27769
6293 21567
7318 10774
17369 22598
19998 9906
11102 29072
8937 25960
20928 5677
23983 26980
24984 9147
5211 10414
10937 22999
21620 155
17310 568
25749 2752
15472 16019
1137 1159
5922 2129
18840 27297
15188 17798
15285 18493
15594 20199
29208 17348
14142 18455
2392 14978
18137 24564
3316 25440
22065 11946
8149 7138
6766 25202
8838 26281
15319 2893
3696 5536
1224 12062
14034 6836
6378 20425
26778 2646
24775 7324
27404 14072
4122 26471
19918 27926
10034 29814
4769 20771
11922 29849
26035 21087
22393 13431
15162 11808
11361 2513
10128 14787
29201 3493
21855 11369
1173 24277
26771 19447
783 5877
27515 20566
8141 16568
18173 13444
29382 18075
19686 25389
12233 20110
10694 8729
1616 16378
4088 5263
10377 23811
17258 17230
11949 22603
11714 4596
20535 15510
2748 9105
13401 26229
16377 4231
14986 18184
29908 4773
26877 21826
24616 8836
22433 9156
17536 23183
16650 24860
24196 16031
18430 28016
16401 3673
27932 24642
25717 17094
25822 22396
5111 4780
26685 21736
13274 25144
20037 9364
20592 27177
24870 14811
6856 471
18070 15940
13623 12610
9212 17943
8711 8495
1273 3324
22140 23856
11486 287
13527 3253
13285 29843
4829 18789
4458 29367
12085 25244
11746 6554
27929 25269
29021 5097
11099 27687
6645 4350
1115 20194
2323 6970
29789 23745
20897 11896
6724 24165
9919 9157
3192 7921
5956 23932
2597 5873
27800 19224
7207 22345
15615 17608
24671 892
22608 22310
18155 8756
10740 26207
9139 2160
13234 8539
13757 17859
8026 19121
16399 694
27165 24601
14004 3137
28880 998
6697 939
10618 24052
2645 28001
25773 5005
27032 26128
9191 2295
20629 22976
9268 27849
22615 2844
2772 11527
5985 17174
24943 28119
7497 16317
8205 19503
8447 3038
17594 18810
25141 18679
24690 1197
4120 16892
452 15409
27686 20564
14360 22986
595 9410
16125 7080
17525 1255
13703 11048
29563 27515
17136 6336
22259 1698
4913 14452
14103 22883
14114 10682
10596 21362
6651 21771
8916 23594
6183 9256
3600 24299
11742 8776
21505 20314
4144 3555
12165 16654
10475 15154
11657 5387
1262 22258
7092 8572
19065 14181
24097 1014
1866 4073
20729 294
25992 2932
18661 9962
12158 8676
12351 26014
23717 29309
27360 47
13129 15275
24 24146
5055 24847
13510 20773
6107 4209
22936 16488
1298 26695
25279 8792
21617 22308
5172 21766
16226 3275
11588 146
10187 22579
17085 19783
16636 29655
22301 3215
12197 10286
2810 28612
17971 29585
8280 29961
6618 21686
29546 17699
21436 25890
19163 11910
22873 18168
11147 19408
29696 25160
10224 23252
5760 28769
10539 23388
21638 14312
7445 6487
532 12287
7388 7132
14541 22465
4483 24777
16130 28302
15446 16822
23428 5619
7073 11098
11994 26378
1209 21073
17020 5225
24157 8011
26410 1041
1854 18017
17971 13750
20671 5675
12887 24134
5117 2886
9456 10970
15807 9772
15905 1949
26836 6187
10214 19318
14836 27681
21239 19134
17581 1087
6946 24709
21469 8829
5170 10566
9347 28971
8295 22115
13803 10868
18764 4264
9307 19519
1484 6375
909 27239
19797 29113
14253 7127
26663 27617
16234 16237
7532 29938
23895 4458
23046 26072
1182 17761
4194 28161
4884 3924
13575 13009
16576 27740
14497 20929
28935 7624
20790 20355
26726 15448
224 5040
15864 5581
26584 2394
6715 12259
29849 12252
26392 23055
10384 11797
10408 12285
1904 28367
25804 5379
19116 11138
15519 4122
22675 29145
13302 8903
7476 29823
14267 994
11416 11245
9412 23568
27250 24119
2338 17574
29120 7105
236 790
18644 4166
16252 9480
20820 6289
24816 23386
29595 15675
8165 6669
15397 18685
19421 10818
25251 28098
21015 28093
1983 23979
3970 21565
23140 3600
27555 9293
15338 15965
22409 5247
7471 20821
8863 25844
8856 7280
22089 4800
22220 13848
26669 14744
13421 26621
4920 18377
8581 18023
16995 1884
27377 14241
3088 19771
7150 4006
15419 24209
1022 21323
16660 4972
22577 12775
8401 17127
5735 15890
21627 14237
29101 6491
19738 23360
3634 28965
26335 1313
17660 5794
25855 3273
1989 4812
12739 29512
8442 21437
1828 21039
27201 21519
1687 140
16716 1816
6474 27503
18011 16471
14697 18254
15060 20332
7095 6282
20137 7370
5432 24458
25104 13200
14023 19402
29938 10245
4923 7979
9840 19586
2645 13443
1158 15457
27351 28325
2319 12557
24546 8678
23839 14275
18976 6546
21329 17629
11361 5357
15298 15371
18430 3520
13467 419
27656 6251
23504 4042
29322 8732
28717 18693
24137 2503
9047 8623
8549 17789
12880 10762
6087 5208
10264 1507
15540 6415
12157 28408
21488 26184
9249 3762
7200 12072
6448 14441
3417 10393
9913 1468
18048 28370
28246 22714
27228 15610
14077 24986
10244 20387
26483 23450
17944 20747
24105 12414
971 22902
29332 9730
24266 29618
3413 1977
49 6998
21476 25218
16060 29019
14034 12085
4206 27989
7722 14366
15063 13298
22099 10244
11422 5552
4864 23841
28796 6438
20160 5791
3019 16394
19455 17243
18215 11468
20222 24651
18882 10963
4114 7444
15302 12526
17075 19078
26423 16279
19629 11548
29558 1632
24585 29593
25814 1707
20061 28533
12052 26398
2164 2136
18021 16662
13997 11722
9901 28112
28371 19589
22843 1775
10429 2549
11098 2883
17634 28165
23905 6479
17365 1559
8111 20863
19338 8015
7136 28585
24648 4725
18811 13266
17310 2925
28554 26304
22011 14353
11102 15701
19356 4318
3983 5904
28993 2889
23829 15735
812 22548
3243 26666
18355 26661
856 27901
4477 14266
26692 25925
24504 13284
26811 26403
24748 17450
15932 19763
8199 20926
12783 27600
23193 8882
11894 27843
18632 667
21805 28963
4227 3974
1701 24525
466 17998
23640 13287
20232 25782
9820 13376
10886 26651
9672 12391
13558 10822
5995 498
7964 6312
10153 3100
26433 3889
18998 4280
26947 21814
4265 27020
20911 12211
28288 392
58 26145
1052 29391
254 1515
17985 8712
23551 24066
23827 22939
26791 18029
20452 4485
862 11279
5671 7520
25797 15048
24521 26202
10761 21638
14404 26509
29301 6302
1907 15526
4310 24974
15217 22893
1329 5922
15643 11115
23213 27873
6318 28239
3935 26148
18245 19838
26404 22442
7748 27709
7815 2088
9874 6280
5544 27209
6941 3437
12497 7968
27633 23201
24646 29887
1449 22292
4298 14358
3557 29414
4298 11407
21575 6152
11217 2607
8317 1475
17018 24345
2259 27179
8974 24243
9537 8802
16135 22167
11829 23009
264 19390
23528 20739
28129 14511
14572 20480
4032 27885
28170 6737
17010 4794
10689 23109
26299 19915
1281 3816
25957 1390
17561 13842
2651 5458
4905 20339
12779 23831
22224 2711
2871 21718
24147 16755
27705 12264
2754 2851
13448 4834
22767 19922
757 18207
11043 7177
25240 19796
21445 10672
24895 720
17439 10477
19610 2532
8013 9280
25191 29590
14772 14576
1410 17867
8148 15063
15851 18495
1151 18684
26874 29215
7617 29045
4140 23943
16165 17509
11937 14453
5134 16521
359 28538
298 26230
29095 14632
195 16484
10924 17651
9295 12518
14084 15789
28470 3826
11924 11630
26514 4444
628 19998
24716 23977
22969 14855
21788 551
21508 12648
2520 12739
11042 25124
12324 17902
17662 19464
4590 29474
14004 19642
21219 4885
20637 10813
4214 15683
24624 5580
2099 21422
27274 12651
20220 18599
21076 25979
7703 23910
21739 26860
224 7274
5922 20555
19132 2566
26350 12009
21577 10296
14425 197
17260 18176
23277 10832
18502 29884
4472 22275
28033 10255
4112 29946
12124 18551
18789 5630
19366 14236
24553 1117
25373 22829
29019 29506
20849 6848
29413 8022
19441 19934
20230 11325
23365 27890
10492 28107
29842 24710
29448 15264
272 7633
1201 9653
18162 25212
10000 6012
9395 16982
26728 29943
21377 17347
1756 4567
11399 19546
18235 5513
20557 11825
10589 55
16476 13167
22832 27494
11272 17514
3416 14728
3620 279
9020 6639
23619 27851
25581 7473
10128 25827
21870 29272
5693 26515
29038 28634
28939 7583
12068 28046
13304 1392
11852 29385
28041 4343
550 3018
12277 8211
22471 16064
18681 2252
27950 17183
2608 21189
313 15606
26388 1223
36 17986
16151 20915
25971 25818
17941 10834
21727 15422
25792 21727
10215 16802
19054 20097
21038 6874
25275 20152
18877 12436
20029 7871
17338 3710
25619 11217
3016 16806
18456 15530
13690 21793
178 17525
7804 10749
6491 9257
28224 6332
13662 7224
16447 15646
4085 20750
21029 13758
3018 7226
12595 5655
7189 12988
29456 22960
21267 10379
18738 18432
20799 4192
15612 23158
22450 7563
14124 13369
25254 23821
9349 21880
20526 7464
19038 19182
24743 17240
21446 27961
21893 17155
2000 15313
9474 21022
9362 12872
28444 7303
9775 16052
12062 18334
8084 19180
17015 16624
15534 1260
13768 27373
29241 18087
27035 20876
19881 6695
8470 18603
4186 8251
12458 28048
19623 1969
6531 6802
4864 13503
12345 27788
29696 19672
2508 13561
21440 19083
9237 11824
15147 13191
15363 7316
26009 16812
5371 19102
13464 28534
25348 20010
24541 9325
7739 2839
22107 26121
7350 9708
21187 7054
3264 7892
8209 23802
22544 26185
9841 19894
20142 25426
10279 18335
9536 3469
21929 17314
16084 14059
9767 8338
24421 27919
29603 18459
5267 11340
446 4951
4691 27685
28523 11670
27712 10406
12916 11503
26511 11923
22876 4684
6281 8450
13890 26516
24553 11569
27375 16567
5672 29099
19008 15866
856 23398
8167 13039
12191 6448
12055 23543
14342 10300
16908 13974
28327 5674
13681 20484
5267 19105
6969 26418
22639 2901
20834 6288
27200 3419
28366 1778
24199 2089
15779 16311
24632 13982
12052 271
6313 11348
9484 10488
15044 27344
26873 26726
21163 14450
22639 24096
10010 15812
13262 27246
21383 24961
676 5007
10965 12667
338 22741
2691 28496
21975 13981
9216 28083
11686 5350
24876 18765
28027 17683
13507 1957
6079 20470
20921 19404
12799 12323
28285 23655
28020 27970
20583 2788
26523 5001
25805 25547
25814 25821
12233 28413
13414 28973
12854 3076
5953 2900
19239 4254
5399 4480
21320 12844
2329 16739
20649 8221
29840 27659
8427 2882
18620 5621
9530 17186
6098 5250
13102 26027
8317 24561
11600 15349
1372 12234
11874 11171
19939 17148
3560 13475
19943 27733
14720 5201
4625 1828
7108 342
2233 21809
16152 25903
13172 26507
12610 9661
14243 19010
18198 18625
2546 22945
13804 16059
29125 3810
21586 2453
661 2557
21065 5455
21248 10562
1644 9640
17847 14030
26429 18070
4836 24916
13079 7098
14748 19636
9563 2471
29688 8777
4282 4114
25840 3089
17868 26591
20600 5800
27958 8469
5710 26506
10483 2586
19794 18846
27277 25811
19937 5278
26315 24371
452 11659
17473 23965
29871 23151
22541 15765
16717 12330
29625 15907
5232 20005
6343 5768
26574 24348
5865 3330
11864 8144
28787 1512
26064 17225
22710 16267
7240 16545
28915 9564
3159 17483
16543 1457
24990 25192
19039 16980
27980 15355
5067 24016
3155 24137
17759 20540
27738 9761
28195 10803
19689 18160
1128 4912
9219 2057
17488 13150
27310 357
13193 3781
12794 29749
21529 24749
25962 19610
8220 22174
29411 21348
6522 3694
18000 20721
15903 17908
5580 6588
28632 10493
4707 4761
9569 28255
12114 25271
19247 18092
4379 12412
2917 13245
307 11972
17433 3337
29991 24432
28505 2491
8638 29267
6696 66
9767 26424
7693 1783
21964 5958
13421 14052
29503 28810
22981 16585
2918 2661
1665 4772
12377 17135
7243 629
4824 21271
845 19165
1096 10976
308 8207
20651 12635
11865 29940
1540 25139
18843 20404
6963 14007
11017 13256
3076 7884
29320 24428
466 11745
20659 11469
1595 328
20538 24858
4789 13743
20531 26903
25145 5308
19990 13006
22055 13666
1909 2440
81 26410
7932 6422
17747 2359
24113 12643
9004 29605
10652 9792
18801 10207
16558 16321
13562 13151
2561 4481
8637 20645
15021 26854
24110 26480
14938 13565
7338 13764
1641 19724
8899 16116
9398 1952
28206 10614
22861 25433
20117 9841
9992 14678
8696 29250
1334 28899
21589 15450
4275 13105
22454 15624
16501 6809
20019 20556
12314 14936
816 9515
22045 20100
26653 4969
24876 19826
8641 12401
10608 13655
12244 5986
9639 24162
21043 20784
6083 4656
4940 22437
7437 5038
3194 9106
6003 20263
14683 4240
19012 2177
20055 2995
20939 11765
16148 2093
9582 9883
14734 29957
24366 21472
12922 14382
17099 21509
7405 7939
11621 19511
19431 21091
4483 15846
5121 21141
17095 482
18754 15129
1441 16953
8428 9617
9887 3384
18953 10929
13334 25185
1845 2517
15903 4345
18049 9852
8072 12208
28554 582
17893 23532
27729 4404
27843 5824
22051 1239
12285 24766
18497 7784
8873 1303
27584 16245
7809 8721
18089 28676
18672 15665
6658 26966
8323 2325
22439 20088
27094 17153
29219 702
23728 24144
8035 5009
2770 10615
7472 25012
15847 24356
21843 16979
9087 12142
29596 4085
8965 6896
23277 4486
10562 8216
26216 21745
7323 28834
1684 2044
8785 29494
11307 21407
17248 29900
2991 6256
9432 17449
21287 25594
27976 11025
26639 21081
16017 20042
5054 11853
2764 13681
7643 7310
18084 8589
25557 9887
22563 11133
11477 6329
22743 24657
2345 27038
22236 13675
16103 10026
18050 12513
18897 17259
8628 19170
19249 10870
10362 13554
24340 8371
12873 7724
146 4649
11864 21765
18899 24418
23356 6144
13538 8029
13879 3815
17848 13220
18929 9215
29038 19883
5617 3729
29108 18438
4351 8763
18021 10510
4695 13579
16329 29864
1457 20707
18455 23498
2711 25029
15816 19901
5583 24857
26537 1315
29867 26053
14489 24178
6195 12129
1408 1787
9991 28341
13189 22982
8161 16335
4940 8531
14195 28338
12588 29529
15226 28758
11800 17062
10289 11652
7661 11328
14209 970
24808 16887
18126 23298
18489 14577
19249 19710
20940 7382
7169 11075
22826 10316
6926 22321
12917 7221
19644 20390
2790 9015
12287 9770
29661 572
28864 16099
7587 14593
23838 26080
8159 29767
26154 28779
26452 3685
1326 29571
19883 3297
10669 8768
3111 11461
27596 14611
8093 16364
17394 20999
18652 14221
9100 230
22935 16079
18917 29596
19970 14565
7439 10788
8307 14623
16610 15736
18149 15482
23445 2081
23944 23381
17493 19792
27842 16016
11227 27319
9709 10066
10146 17511
1096 19956
4611 28558
19788 11422
24205 16620
21071 16054
2187 22909
26452 4393
23670 16524
25692 15659
2215 3629
25782 26672
12960 21849
4259 16313
22458 3529
7708 22105
18746 8812
28357 28000
21727 28007
23805 20441
25545 8105
15450 4195
22781 9236
29958 29526
18721 26938
1167 25737
12265 11276
11262 23760
17713 11492
27912 23232
24097 4402
20687 21760
845 12694
2113 6904
1006 10461
1713 16377
6319 5932
4726 5973
9584 25599
6631 9603
16512 25905
5529 282
9552 24548
83 10513
17980 16944
20795 16504
19895 1071
24218 5532
28641 13708
7946 17129
14141 15111
8753 13642
16079 16249
1570 25046
1865 15957
6012 14789
6453 23392
6922 6430
28860 27906
12172 15238
19368 11594
5429 6527
9919 6184
21375 6335
29427 8279
2502 20001
15101 12756
2742 18809
19452 22124
1730 23466
25287 15806
8801 196
11651 17043
12634 20298
26456 14264
425 19077
24696 23980
3992 794
21887 1712
19902 11792
4157 13983
8828 7670
4285 14919
4731 13824
13755 8593
3419 3487
8845 6227
6629 2188
29428 16020
22023 9686
9187 9085
1533 11251
20360 19374
15521 11216
1360 19461
19730 7565
923 11459
6888 25506
21280 19856
25790 12385
18942 29220
21244 8240
20807 24483
18159 27134
20176 7125
11028 22661
16152 22407
9128 28334
8750 5748
22925 2406
2981 23407
12130 9069
377 11381
16089 18227
5332 23170
812 21242
25082 6767
15002 17531
25627 19513
29928 21109
22632 2709
20359 15389
18455 29876
863 2416
11913 11136
16390 23181
5174 8084
2409 19458
26759 13884
11355 10528
26091 4394
22541 21226
4936 7572
29790 21756
12832 27454
9642 12001
15901 25161
1909 9698
4955 10791
4321 9666
13495 28189
9411 28967
1630 6988
26124 29311
9651 21528
7997 1190
16574 289
26154 27511
13277 18293
17587 11511
28254 27978
18261 27877
11846 15381
15582 9677
23576 19913
12437 16629
14348 26028
12052 29392
29286 13683
2638 11094
25265 20599
3480 4
205 19757
10583 29534
792 4193
28470 20949
28988 18219
18625 6623
26460 2629
18050 9016
15101 17320
15580 17194
19825 5286
25782 1097
8716 28591
14035 13157
19073 13872
3398 11614
321 26231
7474 4268
25127 13403
1776 6624
24269 6178
22156 16356
12348 15375
9406 18749
6381 20939
3927 10735
12957 2658
29200 8764
4366 8045
12097 9439
2932 9143
8818 20745
24745 14922
20029 3951
22827 26948
5214 27249
18789 2259
9616 26288
28903 4059
14587 9524
6925 21975
26639 12470
25030 25744
1236 24368
12008 14649
20671 4148
17827 22317
27963 22012
20838 29603
7916 2912
28186 5264
19981 16155
26963 6476
8442 3467
2900 3229
28461 510
23441 21891
5556 23935
23350 29769
20072 29578
18239 1895
13620 28164
28186 2923
1677 21273
19429 3513
25359 4865
19931 27817
14915 28996
13839 20156
7335 13967
29159 28234
3445 24342
17605 26953
7379 8202
21900 1245
15292 27530
24755 10471
3018 16277
3880 23128
23480 6630
18472 28821
24890 16481
17015 25896
23616 2731
1273 23897
5577 15458
18711 11141
25610 22717
10131 24576
3046 6297
27393 17261
26346 11509
15677 7944
3057 14172
1353 17612
2878 3516
25068 2665
22958 2429
13563 21144
10710 10472
10684 19924
909 16358
27520 20874
16003 21795
16072 13160
21129 6746
26223 8416
27980 1456
22536 664
17161 26777
3911 4339
3301 15306
20163 12680
24810 13714
2371 956
24690 9076
6890 19717
14587 6269
7809 5716
29918 632
5805 4680
236 21020
24141 16091
15603 27083
5002 4308
10992 23813
22479 6149
23666 9467
21469 19880
8586 7441
10214 22969
12439 23243
18282 8032
23195 17729
20056 1205
6984 5610
14293 28985
13138 1010
13509 27232
20689 4746
3326 28281
9142 21421
27842 15267
28657 7938
13003 21817
20522 2238
1239 14090
23980 1120
17466 24902
23795 23895
10556 22586
13704 23892
6512 11550
10816 2065
15277 24820
29820 24583
12023 2564
27123 14523
3415 10786
29569 13624
15818 24108
15350 13829
13635 680
26571 1599
19194 8975
7842 13299
4441 765
21956 18759
20079 17071
786 28047
20591 5710
19171 9388
22818 7682
23487 11520
1670 262
20489 54
4932 29102
14687 18511
15089 23845
272 26829
1052 27545
13500 6091
6069 5230
9686 20537
2411 14487
24809 9263
8106 24456
17711 14462
13232 22513
5303 23346
24265 8352
4346 19193
24992 777
15366 5090
827 7975
11395 14140
10746 15669
18078 5598
7423 558
10515 10294
21076 1485
17663 20694
21290 25830
12167 1462
10010 5737
12133 27945
25556 7215
26057 7
25872 24176
28843 6549
11567 20776
22315 14097
17850 27092
13681 25494
12292 18098
27419 28954
19755 20195
648 11366
20598 8656
29741 8394
12110 4022
9981 27920
3895 8261
3177 15119
11227 29580
11989 16464
14528 11802
13342 17530
19925 5604
23447 8361
9926 22659
29080 28358
7454 6763
2478 6547
29454 29626
13497 16596
17995 12276
7092 17843
29452 21063
3096 28637
14515 17645
27621 16665
6209 8323
18836 15080
11799 29986
17629 10027
22406 6328
18799 26191
21175 10570
24994 2648
12208 22930
4832 2624
12316 2110
16958 14430
15731 18220
22932 3163
4102 4587
9051 4626
853 3806
24540 29163
19613 24984
17017 27231
10747 26658
20205 17105
7852 26527
28068 19921
14853 20943
28396 26081
1672 5838
1111 6445
14459 8974
27800 23329
17419 6453
25801 19252
12832 26054
7542 12747
24052 24618
14334 18488
16435 5069
29790 22401
14341 859
18046 9774
21946 1543
86 27643
6182 29931
15578 24142
13415 8645
27658 18539
6805 8596
23018 494
3975 13320
12439 16644
15966 102
19112 17412
12634 25631
20306 24566
28601 13018
13063 5857
20460 6277
5525 23698
9670 29650
10527 4975
13296 8728
7926 10580
9992 18540
27469 18818
27003 25783
12564 29949
8560 27664
14887 3040
24366 24423
6075 17042
2087 20127
12310 19643
24268 9334
27155 22697
19644 3121
2638 7497
29133 25155
3374 29673
20719 17677
8573 28657
24396 12181
25956 13543
19434 3209
20723 28748
23887 1982
27685 8854
26238 23747
9952 24943
19244 16955
23175 14656
811 21960
14761 3261
7272 26213
7300 2926
4171 22804
2726 7108
12820 18232
26813 25624
23152 6840
15409 11482
14098 2363
14743 12677
20790 1997
10704 29337
20305 4562
27087 4171
21210 136
26213 17296
23175 19067
525 21117
20171 21874
2836 21827
23361 11113
20174 17529
19080 2706
23333 3771
276 10740
22260 24260
28141 23992
18374 5941
3317 531
16265 19487
15102 6704
7625 28988
10630 243
23347 18526
15048 8783
6260 11190
23604 26698
10926 18423
13879 23627
12722 8762
19587 26846
9126 17794
18730 6764
7405 1463
5778 3597
18418 7874
10410 28508
24848 15487
6157 5233
2619 24177
1783 20036
18851 28670
24134 23601
12094 8864
20850 28703
24792 19317
13221 26147
24349 8284
25476 20716
4593 25838
2076 11052
10667 8991
2420 10533
10023 20816
9764 19360
4373 4239
29789 12521
10171 11302
19964 2403
5483 27626
16557 9682
7975 21399
27883 18764
24263 14084
28846 769
7927 24656
14122 28565
1174 23465
29381 22038
25219 26256
18468 10167
12618 21492
6807 8111
25540 25195
17906 4467
28412 9298
24906 1387
23878 7359
12142 27161
21320 21871
5262 27554
1018 24865
22843 4764
15794 22152
23336 1229
9323 15104
22953 21714
15039 25457
16390 16015
10237 25290
29310 26986
18011 20972
22617 2561
14683 24497
14382 22349
13143 3456
4282 23544
2234 26114
24255 8483
8586 23765
12640 7529
10064 20847
12017 26356
6837 23230
15298 26859
18640 583
25085 23382
17230 15756
10894 22612
29393 7932
18788 23255
10417 6139
8772 20101
24112 4547
19632 19416
5303 13207
4515 8116
29819 22975
7211 6964
12959 20188
28433 28595
1797 25347
20747 23616
27438 27303
21547 26193
13488 28440
15871 24287
18528 23711
19835 14050
10499 28909
17242 25175
9416 20313
20474 12066
18273 27905
27250 16076
5324 20368
27822 11242
23817 14976
2742 28791
29345 7485
26045 6707
24504 358
18238 7183
11106 18635
3796 11980
3886 3474
6414 2158
5678 29401
25203 3412
18176 8931
11893 4399
26919 82
18639 28580
19122 2127
29101 25150
12370 8090
16467 5370
13327 774
13766 6780
22350 13000
15287 6161
1187 6622
7837 17975
15242 4190
25179 25092
16033 26399
8350 11178
19963 10274
24221 21161
11637 13697
12559 15093
29064 15185
9545 4716
11637 190
25123 19407
23428 22179
1115 13751
20955 26781
12794 24541
18144 17861
2367 17383
19356 29064
17154 28018
25656 28080
4566 9166
2970 18505
6379 15256
1133 28786
21377 12384
11470 16263
15862 5391
13832 19898
23309 25313
992 24519
7700 14875
17002 19593
18593 29400
26095 16527
23849 28283
20340 10377
5204 16483
21141 18175
8421 21337
11922 627
7296 10131
3836 27207
16841 8213
2493 6575
28643 6663
17002 23036
26550 7530
28994 3184
16182 4500
449 317
22957 266
7872 8946
10445 9117
8155 4313
28892 24871
14263 23277
24001 20762
1702 22313
3393 3626
18578 17414
19598 11417
2871 8926
8572 10812
13480 21127
29912 2
21524 24872
22609 28149
4076 15544
12340 15152
18200 28155
21694 4832
2823 17945
18599 18844
27108 25639
27121 26894
8469 23509
20367 5402
13683 24800
3796 26179
16757 24586
29631 18566
24245 22807
347 20529
1958 16070
841 13761
20163 20796
18426 29914
8106 19891
7072 8573
21413 24074
2123 23609
15155 14211
9142 14417
2546 24551
1045 10881
16166 13281
12989 27152
26982 2523
5793 29918
28669 7925
21375 6196
24662 7220
21934 27670
9109 2894
26975 19194
921 4296
11311 13408
14981 18208
17488 11329
5837 11342
23868 17083
21873 10920
7039 20800
11569 21473
14901 1999
9490 14147
22167 25428
25436 12438
1056 7571
20693 10419
1010 7189
15081 23750
7542 25182
28218 11447
5797 9009
20696 1309
12910 12847
16539 14160
23389 4617
22930 21505
24645 23149
25794 27662
7178 26767
12788 20222
20297 24326
5083 19566
4786 3272
2619 304
4227 16101
7388 14001
26255 29218
13351 4879
23323 22387
15493 26330
17278 29305
3173 25030
17949 27218
6448 18339
4202 10608
17348 26870
2322 2713
14367 23874
28856 2495
2123 15410
24077 7353
8384 9806
16893 3766
20179 13899
21284 23043
2638 4575
5337 9137
1617 5436
2117 1915
5519 6441
7240 8242
25979 398
22755 15193
16822 25584
21531 16687
15603 14148
2878 22640
22963 12887
27028 17638
15015 13352
27957 10884
2808 25408
9743 427
4775 13762
26089 29476
7287 2053
11269 1913
20388 10114
24969 17208
25768 8159
12386 11063
10667 18923
1784 13050
5870 10841
15522 22212
16466 28427
1738 21300
26902 10227
11656 18838
5007 18694
21492 13419
20095 23526
27975 18074
11914 23993
10983 25948
28998 11351
23405 27736
29541 21463
6600 29965
3499 11849
26162 25041
17838 2201
4460 7037
18957 285
12308 6232
10646 28198
15378 16219
23831 280
17943 29698
9262 23918
1121 3918
13277 21229
10204 24877
786 16459
18132 300
28497 7457
10410 5853
821 8195
11651 14475
11617 20917
10023 20942
27942 11489
10609 23894
19556 23970
22536 27051
21852 3466
8143 21428
18899 11146
2444 1308
21701 19456
21025 24205
2197 24482
29066 2417
11168 14850
19480 15369
2655 29294
13936 19144
815 24316
17644 15573
8161 3557
1679 26899
26620 29771
22900 4201
11655 25657
29941 3844
4469 27566
14602 6356
21556 8824
17215 21289
5462 23853
6729 979
18570 6568
2520 16692
28973 12030
28620 14505
25745 13890
301 18149
13193 11485
24290 27181
23310 26553
27277 25924
29010 8289
12766 19049
18451 5528
29472 19226
28794 17456
20359 24944
29688 15341
6342 20079
27633 2194
6837 13267
304 27055
7230 11643
3880 16836
1531 27035
25336 12106
17647 5679
3368 22985
5248 11701
25203 791
4679 18064
10198 28074
11751 9432
14198 7050
7044 15885
7906 9149
16243 25268
13731 22536
13068 4956
7012 20340
18880 19260
16545 17947
1466 17961
5201 9165
17734 29906
2067 8239
17129 1663
9286 14076
21865 12539
11416 2940
4029 15996
21589 18483
3740 10211
23409 6067
10619 3794
10385 3754
17409 3930
1713 7511
6593 8869
14670 9669
4625 12363
3201 11494
22129 12928
20531 13795
3444 23426
7401 535
25839 13688
14416 25983
25176 6689
2602 22560
8844 7492
22880 19322
15432 1414
4241 12577
28642 26544
6520 29722
13668 11522
28426 6202
2164 4418
20634 9702
15188 17198
3383 17587
20032 29000
12453 12289
14118 23025
21096 16711
26403 16223
706 19008
8002 13715
8236 25773
10351 18323
25706 17088
863 10715
17222 22688
19652 15654
8921 744
7871 12730
27287 24084
20769 707
25918 5260
4086 20134
3774 14661
28357 14640
13327 9461
16016 26364
21424 7581
15194 22243
18153 176
23810 602
21708 20145
11463 9235
132 24503
23290 29755
15237 26776
13480 26599
21393 29326
28064 25914
8971 4836
4484 18274
24366 17746
28572 25879
22005 21675
17258 23272
29843 24624
6699 5087
22936 20172
24994 3270
3604 23296
25428 13733
29773 20490
18628 8561
3398 2717
11372 16637
17953 13707
25995 28726
20741 28023
26037 11988
2843 7660
9020 27553
18404 13622
6960 5218
9268 8385
15090 10540
14898 12800
18167 1933
11961 25393
1328 13447
28104 968
5545 21118
19606 9521
27755 26811
574 16850
13856 28935
26015 907
1784 27510
644 1870
18123 28945
8953 5592
7216 16688
28998 1283
14591 23116
8821 17858
9699 15564
23616 8993
18465 26041
29472 17766
26720 10557
13357 6100
2770 12838
6489 7455
4839 886
176 20249
14560 5803
4388 13807
8183 16250
17845 5738
28439 11002
7218 24919
6319 733
28437 23191
11752 25504
5498 12763
27075 26263
4469 17876
3114 19962
12716 7851
25231 15501
24922 4916
7216 14356
8356 12232
5498 6039
13819 13384
14617 13345
24231 20769
14213 16408
8272 18011
14367 5103
16265 19203
12854 16804
24539 23121
3864 27097
2438 28807
9295 13144
6901 22450
12254 18959
14479 4815
23201 14089
19805 4622
19069 28118
26083 9951
8765 8725
8045 22830
16681 12140
22259 22169
13423 11226
2456 11599
17409 29688
4024 16090
920 22782
19907 6538
4260 11719
801 11649
24538 12514
2845 11615
2598 15513
488 21314
21055 4441
2115 1317
2665 7155
6945 12497
20261 2733
7794 2543
26688 26291
6893 757
26431 25022
12528 27506
6526 12034
18581 15516
11061 20481
18321 23804
17549 15711
25526 5137
11825 12054
18406 2316
14081 8730
29269 9245
3903 27966
14792 12090
12524 14223
20993 6666
18233 18456
17001 7760
25513 3187
10362 9478
20387 28550
20641 7587
16831 8736
14617 22885
23293 29653
2214 20689
6104 25578
3569 17618
12596 22633
2186 15849
18129 3713
28352 2691
12358 18590
3669 22456
20741 23485
24020 28851
1132 24558
23003 12304
2626 6616
11568 27293
4819 27674
1947 820
9630 28998
8635 9583
7629 21787
16435 9728
25104 15980
12161 24751
3822 6775
29398 2608
1236 16261
13584 4112
28108 3133
18851 27124
10218 21607
21601 1279
18877 14389
17346 23827
4493 21535
25181 17768
8026 15291
29966 20553
4581 24703
18252 10123
13818 8023
27348 23801
5175 29432
20906 726
14904 23584
1474 26539
18141 8414
2467 21773
9911 28525
5124 12029
18859 13479
169 18363
6174 25856
22185 11919
22121 20725
2431 23900
17420 27732
21937 3244
5158 6077
16151 7727
18173 10704
20276 8423
22498 18234
14322 1459
10567 18249
19498 4870
13059 24461
12021 14842
21009 12936
13955 17241
19962 1780
7149 26209
24502 9691
19884 25747
25038 17384
22313 25659
8415 12257
23897 6734
27123 14997
12110 1660
12427 6206
6146 21058
26647 7514
7654 13202
2953 23198
27295 10924
21675 6055
1180 297
16261 26177
27996 8875
6387 20439
4862 17258
8503 5068
16600 15290
2812 3660
3423 27068
29708 2670
601 7954
26371 9008
24914 19420
4480 1369
24895 21218
25633 16696
428 19510
25956 18139
13698 14705
19579 3196
10904 15142
18800 16674
16541 20921
18776 27031
8870 28331
14207 13375
4699 29891
22262 4729
4905 27593
12381 8759
9047 27589
14742 22778
14853 20261
28893 3639
4188 5875
8881 28570
20065 18927
22699 1155
4913 16551
20775 17557
1186 8631
1802 5874
15494 12185
6174 2192
409 8042
3208 15081
29529 11346
16324 14755
19969 10323
12188 12660
6079 21780
17704 26792
25848 22464
6540 14628
2971 7607
5251 660
843 15950
17163 753
22160 7074
394 3838
17734 16330
6381 3119
27134 13623
740 14691
22185 22229
23153 17957
9766 7062
7487 22784
21290 29261
19332 3293
15587 3964
11091 22403
8481 13790
25413 8442
13118 23106
24047 23326
21825 27729
16547 4156
6980 12897
1842 29916
21464 20059
25699 28978
16358 2669
13894 1514
36 28054
22054 12808
25712 22203
640 22280
28910 6113
17312 1293
24143 10693
1265 22426
3916 4749
19760 15990
29501 7246
22613 27157
24530 20951
12634 7453
21247 26505
28903 21205
22120 11033
4343 27846
23638 6009
7079 7875
10449 26965
20751 1807
24505 6650
28774 27525
10861 20692
21382 8710
13872 28396
7285 6533
26806 7990
6075 26284
6294 17363
3345 29246
26279 8526
23868 21219
27219 18680
378 21658
24716 3035
23069 20906
16947 28684
9447 865
28049 2595
19828 22300
2842 23049
7516 25302
6511 10074
16617 8425
8933 4378
16600 11158
21323 6004
7528 3586
2738 23828
3814 11805
686 12696
3811 12710
28824 12042
4750 9856
28510 8021
13354 23746
23008 4459
12206 1970
3636 14433
22892 24533
20485 1301
27162 346
26388 20964
28077 21317
19073 25060
3599 7071
14877 16612
16206 18695
19083 4473
10733 11679
8206 6862
8686 23279
26064 2430
8475 22007
19734 19005
1110 6615
18134 18233
487 21303
14182 17254
342 11460
16502 22920
11916 23424
10218 4294
25125 15546
1177 19126
25230 9448
1127 1004
5319 15399
13196 22054
28919 23662
19610 28158
6728 25442
11126 19419
16317 13448
9963 23634
23070 25508
21899 20532
27259 5594
14938 19950
27872 5812
24316 6174
10712 5817
1685 9647
19862 4799
15312 13092
3548 9660
27222 3709
27000 21385
19875 29505
11362 11944
1187 10516
23839 25986
6683 13250
8295 26909
29660 28607
13486 16402
29031 16765
6601 14088
21333 26895
6646 618
9354 27338
11334 15140
16791 11981
19766 18173
6025 18152
10673 5289
386 21026
1756 23374
4425 5589
24716 3587
13891 4708
16392 4754
1279 5064
24603 16413
6788 27360
17351 19109
18811 25992
16684 26317
8045 16126
9963 3929
8764 29408
24341 20371
9142 17279
23359 28812
29549 2570
7227 28401
23707 6949
20599 7009
2490 3757
19857 8711
2005 25147
25881 7582
9777 28277
18327 16863
12976 25098
753 16194
17973 17962
17637 13232
14064 10335
20318 28793
20002 29772
6058 23093
8359 7425
8579 7358
3158 18668
9923 11822
16431 1796
6883 5763
26459 24424
2073 8966
22656 5781
28646 26920
1862 5777
9694 16098
28161 14972
13790 19746
2932 23588
21210 23927
6293 17764
16590 22037
23021 12173
29563 20260
29708 21480
20282 22132
5454 7828
1111 23108
24910 16038
8657 4482
19194 25364
21436 456
26958 2280
6382 21723
228 15543
16852 29364
19476 14567
17603 14365
26920 2939
16238 25934
10102 26934
22706 15647
15103 7329
13769 28291
13018 12432
25810 29092
14332 19092
8177 22264
22850 27969
9999 19313
9219 2384
17824 16476
3966 951
28930 17496
6453 3326
1052 14033
8555 22720
5835 19535
15443 8554
24998 14455
16932 26707
21281 8369
21264 3708
2067 19267
6112 4954
19471 24400
4616 24811
15828 27478
23431 21656
12550 8479
13036 22386
3172 8620
2242 22839
27919 9606
4122 2380
11550 12477
14683 29533
10386 18788
7405 10948
27464 19772
5432 27176
25593 2972
8212 21881
598 6330
206 1950
1353 24589
13270 26833
2720 27158
25216 21663
19781 27318
1159 15314
18459 10609
25152 8876
892 5956
26111 13106
14796 152
13406 8985
9447 835
14397 13048
20038 23867
24440 20185
1943 15101
14334 17293
28382 20740
17279 291
25896 7046
1477 12136
5661 10105
29567 4929
5791 9880
1008 19570
1735 4200
24577 8180
22260 12879
20273 22031
29578 27003
17562 11400
4187 8700
1444 3736
12351 2881
2420 17338
17795 25370
14910 29290
19787 27027
8801 6443
22389 27570
23738 25008
20721 15233
27304 26075
2596 5571
22966 14873
7323 22285
29208 4097
24107 6757
17330 26563
14804 17326
16149 27308
7801 8976
29859 1320
19375 2220
28582 1855
1113 5465
24773 25152
19858 5396
28595 9512
26342 24949
19835 21397
8303 24298
16502 225
1421 3698
13586 14608
9880 9729
28352 980
18234 20141
6353 23126
21956 8682
7678 15668
19567 6248
19162 13721
2720 10420
560 6744
657 10710
12914 10437
22615 6323
21160 8827
11147 5238
23844 26802
29340 19884
26700 18546
26694 20375
14234 1212
1044 18976
23670 7557
4993 19696
3108 1733
4242 19568
28037 13405
15544 9727
19085 18487
18179 29553
13904 22011
13108 3784
11526 27296
7444 7028
3323 1158
9294 19626
2230 25681
26705 7712
4946 24230
17261 8395
24718 8685
6758 17025
7485 8503
2625 19490
23348 75
5391 18628
1763 3096
904 9667
14720 8387
20849 1947
27944 25954
28057 19151
13080 8141
8219 14794
13173 18776
18449 18690
27108 9210
18143 10195
3855 19681
23824 27355
10070 5902
27890 12135
11069 24722
15905 22943
15447 16375
20591 1994
23930 6507
3482 1151
312 12848
18681 12523
12986 15777
20933 24271
9356 29705
8010 26102
4306 27916
17184 21964
6316 19315
19313 13238
11046 26224
25353 5893
25163 16988
18388 18454
12995 1917
21464 13122
1427 3013
4259 5968
19110 2472
12639 21179
6074 8955
26812 14793
6603 17702
11409 27516
16501 3715
25635 7554
6249 11183
25412 11931
10505 26739
1663 10140
25341 25887
14515 1881
16735 16666
13199 69
14500 27619
28262 5918
11963 11401
4188 22507
2602 14784
21774 5228
18602 24977
5853 17521
26739 23281
16792 12347
12622 729
27364 5652
9442 28939
17517 6774
895 8466
13379 20392
11852 3942
13639 6805
17011 22184
23456 23047
10367 16518
26247 26590
3032 14393
29498 4400
13522 17140
26733 15796
4682 15078
24960 8601
27541 8463
26162 24530
5193 16280
18261 4968
3859 16540
26859 25868
18459 14575
29693 23913
23602 2830
11133 16137
29478 12697
20566 3609
8765 22098
29947 27087
11164 27778
21938 7731
13755 21035
7823 6037
7075 25396
8519 23327
19917 10607
9318 25582
19693 24233
27219 1583
21560 23512
5852 21978
13908 29764
18278 28908
18072 13292
22082 8402
17709 6559
15772 24536
16576 23506
11610 12592
8405 25068
10589 5349
22541 2042
20759 4508
15518 29251
15679 13032
12479 27098
26179 12713
14028 11977
11813 12275
1310 1681
19153 17102
16583 13381
24612 3276
16680 14753
18238 9943
699 15856
22949 9737
6550 6722
12266 21523
28820 10370
22586 20735
22913 27145
26526 16878
4269 27085
10384 11250
17466 36
6030 4627
25457 9427
22948 927
25219 16899
21459 4096
13143 11386
342 22663
14610 27894
19868 9533
18336 21172
11704 4422
11292 9193
10385 13837
29136 7948
11988 14648
21118 24152
25118 18888
11989 27131
1751 26010
13495 7796
9098 2458
17569 22469
14087 22091
13894 18216
22450 18344
9044 4779
29838 13860
25572 26817
6706 17106
24784 9520
24561 4311
4260 4146
6801 12567
12802 5927
9630 29171
9384 19657
7634 6773
13889 23280
15693 6043
10607 28940
19065 26901
15973 11376
1532 26489
7044 12583
25543 2772
16610 5215
6728 14194
23252 16294
20440 23883
19524 14967
16036 4548
15890 19037
19794 26156
19773 26308
12463 29132
13034 425
20723 3294
14630 19178
1050 27841
11679 755
1623 23222
27502 4946
2891 5752
9049 2879
8276 4429
12121 23196
13097 16225
14469 24964
22132 27346
24767 20124
17266 5220
21344 27800
23453 7153
230 18889
8265 23995
18413 23235
19143 31
2516 29901
29217 2132
264 24927
3633 3364
3049 24755
10988 26653
2092 10462
5384 4770
21609 13224
2322 14250
1533 11275
12622 26501
7336 4670
17126 638
19213 9258
13185 15506
25211 16963
3180 26065
5775 12906
4922 18389
15319 24600
8312 28094
25490 24740
26384 20427
23537 20713
5037 6124
19296 17619
28008 484
7115 12826
19922 15664
25571 12565
5788 10599
11857 2536
17605 3366
26490 4091
29748 16751
25409 16288
29247 5545
9389 19778
4829 5334
25153 10318
9569 19543
15434 18016
14200 29616
19153 22773
19825 2326
14704 22488
4703 26137
28653 26214
21148 8818
11799 21246
25962 1530
17263 17137
23730 12970
20933 21302
9885 27013
28410 20334
10340 22978
27222 8658
3822 6621
3431 29819
19952 23096
17516 20004
11187 7794
926 20119
488 6154
18398 27528
16017 4895
28688 12189
1247 22990
18094 20034
11460 12154
26772 10686
5373 14054
27490 24047
12160 19741
11234 4037
3678 25368
753 8350
23913 25862
20459 27102
5819 20780
2354 18879
16212 6316
19639 2269
19374 19638
26542 11813
15137 6157
520 23902
7692 4595
6994 9630
28108 8851
26152 8671
11487 9712
4236 23459
24222 29647
4524 19832
14124 1043
8585 5020
7334 19587
21863 5481
9074 15303
26384 3615
19396 4275
22958 22899
15242 21937
5193 24269
3543 29361
10966 29602
20370 2695
12292 17809
19662 24572
4588 10170
512 17014
22832 27292
17230 14934
13351 8599
19658 16002
28430 27498
28343 18269
6752 20619
11809 25719
18311 16510
24830 14759
9886 25636
20030 4953
13122 18608
5744 5164
1403 29260
3044 16154
2996 14780
26541 12324
3900 13923
27966 16903
16610 18066
8355 13252
27941 29898
24985 15746
507 13906
2396 11370
26868 8299
29535 24915
16435 26300
11158 1683
11450 14273
15519 19282
22949 16859
16575 1659
1167 20818
14871 11228
26069 26237
5710 20820
6672 22133
25434 6573
15879 22937
20026 6743
8413 15692
27918 3004
13316 12239
2199 9034
10586 26400
29838 8833
722 15567
28455 14920
8572 21732
4703 4610
28608 28404
5683 17017
3796 18424
20388 23613
22428 19687
12976 9479
8444 10271
16341 22368
10763 9705
6603 8404
4889 6960
1006 22742
272 25129
19879 24951
6934 24436
16608 19529
11364 5061
11994 14667
24284 26545
23626 4814
16603 18503
29475 25045
21897 17576
19766 25711
20582 28127
45 11571
22728 24192
17411 969
22352 3617
24060 7064
26124 4516
3994 16501
1511 1350
22051 19859
4822 11862
8116 9306
21055 8603
26759 20738
21034 28540
23823 8912
7423 3450
1442 19359
13341 23996
10791 27423
21366 11582
1639 26405
9951 2873
187 27442
20810 26077
19618 15952
25782 5939
22409 26930
27100 18961
7163 8437
14386 23784
12343 25078
8718 16935
2614 6093
23059 8019
29871 18826
29631 19146
5535 25219
4046 20853
23152 23610
12316 27913
25626 8896
14091 13181
27295 17727
22968 12404
24335 26612
7224 17748
27902 239
11357 25817
20443 14202
9587 1840
21908 10311
11771 13922
11754 22041
14264 12270
16557 2963
24265 21107
12722 26795
10937 17489
21113 21536
13805 7540
28400 7980
22517 4859
12127 6238
2475 23967
7688 8229
20267 20202
9362 19811
20956 19334
22174 12779
25220 7595
478 29159
12764 19774
18318 15354
20927 545
8896 22690
7887 416
28626 13118
8887 1430
9887 22954
21466 8340
3594 1048
9916 27999
5948 7907
21440 5235
16391 12708
16595 2247
8671 18670
4791 945
3866 15338
19613 11295
16136 18039
7524 20812
4818 4737
4859 25670
5556 9416
1455 27749
1511 839
821 28919
7034 9286
10683 5614
7801 14267
6973 8688
26281 29387
11436 16805
18738 22353
9171 22726
17575 4070
9563 18304
14118 21255
20569 18041
8707 713
27443 4392
26540 6358
28998 6173
3498 26562
2981 29413
2973 25362
7253 6123
162 16049
21606 25613
361 16121
25143 9001
22344 5522
10010 20474
8149 3919
10652 25936
14607 18745
21070 8285
21994 24379
7562 18807
13060 18235
13922 28183
11434 4943
24055 8409
3784 6852
15388 18697
24601 3645
12800 7190
16453 13305
8618 3614
25275 8277
29345 26221
26127 11175
14986 21431
17040 14004
3333 4645
22625 4581
16216 21556
1421 9367
19998 4044
4414 27984
2651 1356
5433 21761
12816 5178
7039 25488
20415 6671
13806 12893
20403 26243
11357 12015
22576 19592
24088 22216
5395 10635
15010 5936
3604 19942
28439 26731
28575 182
22132 5065
10704 8694
11829 12591
17184 6530
1255 13804
2909 22125
10393 1562
8106 15633
18546 19356
22234 18894
26691 12509
10105 21833
26288 15570
6296 965
22174 17103
17668 11289
5857 17777
10757 7880
21776 17503
24260 5011
24336 25769
15362 10851
13883 21250
10434 6109
15312 16057
28864 9047
14410 26253
27558 6688
25626 25010
26285 955
21423 7704
10981 17559
27048 20287
20839 9134
18927 16431
12447 1267
10048 1676
12178 10
15461 24852
1997 2792
8103 23355
2974 4629
4456 10285
29555 26602
16777 3267
4824 9499
1647 213
6969 17246
4010 1593
5410 15891
3231 29989
27450 28227
13870 29439
773 23051
17040 4327
23709 25093
3926 28859
24636 118
17362 922
5710 9240
29332 28615
23507 20815
7218 504
24696 16433
18159 20053
14714 23290
27936 15289
8173 5119
10448 3118
23134 19382
23831 2257
19291 3594
14529 10182
19476 7170
27251 17805
21273 496
10775 28489
27691 11952
14183 22617
24009 7518
3636 29894
18402 15320
22247 15461
10025 4150
16743 10859
8756 12339
14760 480
6378 11149
15240 17046
8635 595
6102 24059
3709 19284
8364 18060
18370 10345
7661 10146
13689 10173
13077 7598
14910 4536
2376 27909
6960 21061
27529 26381
18509 15207
26368 16482
15138 11428
21617 3732
17411 4521
15378 26779
20849 16876
24582 20031
12805 8913
23668 9777
16188 21470
29530 23078
10037 19909
26057 18015
29963 2787
8093 13956
12560 17681
8444 3852
23064 18949
10936 15085
1690 6747
16489 19514
19796 23749
24185 9502
29051 26716
11509 9422
7975 25410
6512 9529
11914 12191
23447 9548
9117 15719
15415 22409
28012 17079
10491 3730
17063 18491
19104 12095
26087 6677
22692 18027
16304 27829
5664 28840
9540 27402
8856 29664
21144 27264
6600 15768
10662 27728
2045 4825
20319 14395
25781 7986
14563 2463
22437 4572
5447 15156
11207 17058
19069 875
18669 5366
24124 20464
622 8237
14102 11532
27958 12947
13432 24120
790 3630
15573 28224
18927 29663
29063 8052
17263 12476
15679 9625
20342 3358
28476 316
16214 24850
6697 28216
12765 6901
17054 16437
15126 411
13221 20971
4970 18464
9392 23975
28778 29038
14337 834
2289 233
28246 25197
15532 16208
26828 1300
21880 4532
15558 10360
3410 27632
26844 17012
60 12530
4275 25104
27977 15356
24768 3204
839 17274
26653 5864
9439 23806
3078 10724
26523 13145
10224 25993
21763 12002
27634 21442
19613 11236
18778 10087
14189 13165
4829 1451
26154 14296
351 14828
14846 8914
18457 29932
4429 8844
16149 21527
13379 13986
11668 2988
9392 28443
8941 27330
5303 8786
20236 27660
24599 14752
4241 25048
22079 6061
23244 7841
23301 28686
20913 16204
5431 27137
20196 14945
18421 3085
2234 26588
9686 5993
14412 13947
4691 3804
10346 26392
13662 22725
12523 13353
27563 14228
7472 7793
5879 18911
5631 25651
1502 22789
27253 5894
17098 12734
15837 6996
5788 27930
13647 25766
21308 3993
15172 5646
7412 28830
14353 28994
10072 7824
4108 11955
13666 27198
17138 11651
26398 15440
23114 6310
8984 5205
9210 12771
6618 9123
12333 17365
8741 28696
29904 16191
14470 10224
29906 51
13929 17679
17147 23132
12269 24690
12336 4947
13456 25871
25472 2628
6930 7490
23356 26159
19137 25524
11424 6667
12148 24873
19886 14639
8258 1653
705 12989
18713 18120
17798 9879
10958 28407
18828 22259
17641 9604
21171 17948
1695 10228
25387 28146
19931 22355
23116 3295
2316 6708
11857 22297
12313 3495
21807 9118
2724 29013
15702 7408
8526 25780
28178 7801
6414 8085
18757 27784
18250 16762
15337 26775
25717 16655
4042 3647
29344 270
15002 8651
22710 6116
5141 7093
9152 13862
826 13485
15731 23516
15362 11479
11486 18177
18895 1108
27415 478
17854 2910
14898 27135
12094 1869
12998 7102
13017 24742
9388 22759
22182 15542
7377 15090
17956 24995
24977 26886
14012 17853
11131 6075
8204 14348
17563 15492
28195 17826
17218 18643
25897 16376
28622 22658
27702 4153
1639 20471
229 25537
25232 3079
20704 21322
22357 5859
19618 1077
12100 11104
20236 19731
1769 17022
24413 12230
4203 18950
29880 6137
15397 2499
23326 8441
534 7438
12485 8507
29755 934
4824 20994
10728 19910
15092 20723
17675 26192
12563 3768
18731 25289
2664 10049
3428 10135
17234 10880
6301 23297
18673 24773
18398 23605
23363 18664
19787 12373
17689 3265
9901 25574
19771 15985
18417 5501
12543 14693
27450 9426
29712 6156
2976 15733
3164 3738
3196 29057
4669 13531
14476 18180
2947 17481
26763 23269
8780 16366
18376 5144
17346 22284
5375 28861
1618 28458
27515 8930
97 16444
12694 1873
2471 16334
11265 27114
4637 1803
11450 28379
16545 1954
10949 6474
14023 15042
28990 25808
13536 8157
9674 29283
4171 13519
12057 14170
19914 14930
17682 3537
3685 7222
5921 13008
23978 12803
23234 2493
20581 13594
24137 14388
11899 6384
5876 10384
21044 14851
9886 8383
485 3654
27691 5640
29819 22582
21089 4217
1187 27104
11509 15577
19199 22970
3784 21855
5821 28376
26692 28770
2722 28196
7485 17217
5117 26178
5981 28599
26072 18619
25797 13597
16357 17540
35 18042
7301 2558
12197 2860
3378 19779
18286 17758
5485 9990
16091 14000
23849 12822
19778 25695
3101 29813
22839 3962
152 29859
18896 15447
22928 17237
22527 16210
18745 16175
806 11198
29334 11437
21833 27001
29386 21097
6906 10125
4390 5691
9614 4992
9185 9194
16967 26733
10599 12294
27718 3408
17063 22607
641 2929
1579 12788
879 3306
28600 27326
14037 15412
11846 14771
25672 12758
24726 18739
27505 1156
17809 1598
21483 8320
1896 27716
17767 8160
1704 860
13108 5905
29382 15416
7108 8866
5805 19139
11510 16336
23929 986
1646 22897
18352 6693
20213 9295
25289 17863
7509 26756
13226 21938
23697 5185
7573 15858
23481 27217
6003 28749
3862 27785
20899 9095
19090 4322
15197 10329
14195 5970
14459 26339
16079 22886
2431 26794
15110 15135
29274 11463
19766 4348
5170 7275
6456 21993
26421 12167
8806 21111
4288 22950
11563 26203
24026 25106
26265 27573
8483 28983
29930 8804
26556 27148
7532 5512
12266 5779
12963 22760
25455 604
12751 8667
24984 10153
21671 18770
24390 14858
1394 13614
16102 3565
20379 24735
3456 18114
15773 2148
11849 11992
4602 14831
12121 9750
14355 15311
8278 20681
13732 12472
5160 5410
20082 10986
13575 20797
15510 7313
4836 9383
2931 14258
24491 24360
16972 23010
3503 19015
24538 24031
7169 18661
22617 27688
6774 21131
23849 28381
27218 22984
20939 27451
19964 21640
14528 15203
19332 12724
17099 5315
4146 23489
5155 8969
20290 4487
6775 19195
8415 1767
170 8977
7724 1940
21528 22253
19100 4809
24745 2340
12871 13183
20623 3302
21250 17833
16343 20587
19413 9150
15558 2832
25995 10793
15734 28044
2037 5148
14770 2421
11091 17597
26427 22533
27183 17281
14358 9220
24856 8750
24810 29049
27019 27875
5831 10515
13343 21236
534 16766
25931 12241
5583 8743
27345 14518
20928 26754
8555 14778
11405 29155
7626 3155
17944 13630
13340 19275
779 7068
1599 2310
8444 27061
23658 14138
14772 913
21306 13133
14463 5605
11752 917
13527 18790
7634 26951
15068 8487
2403 3975
20213 21961
17078 1734
29271 23473
8356 18960
24432 19524
21636 29242
28553 16462
16588 9967
25392 3223
24977 13019
8497 24772
18497 9208
2344 181
4612 17666
14899 28845
6642 12057
25742 3489
25205 20850
26889 29862
16299 11008
505 679
14673 15153
14187 17720
6762 1744
2981 29273
5723 18061
13995 17911
22313 2616
4978 12121
20508 4565
10446 18621
4245 18348
4205 8476
10630 13538
17348 22512
20455 12267
17611 11378
1477 23673
26580 1688
24832 24023
18998 6168
6735 27281
3831 7749
22868 3592
23732 18217
27050 77
22301 14100
9788 1854
17838 6825
12130 4657
10562 11715
8155 10161
15197 7169
23781 9532
16369 29852
29066 23663
6453 14703
2066 11932
15366 3657
28203 21783
10863 25539
5411 25171
25926 22438
18250 1059
12378 5889
16558 27483
15674 28175
29473 13684
21918 16966
11593 13780
730 6849
12896 17034
19151 11628
3716 28480
10662 19171
24928 14797
21471 18406
19193 9514
8318 2962
26033 24761
28921 27574
21619 18930
21668 3257
2041 8988
29108 7586
21716 3072
22743 5685
25848 25252
12141 28803
14361 23143
17383 18804
22975 7185
27154 14816
15450 17013
5556 26850
24342 21860
2514 16901
5141 11501
17725 10769
2428 17397
3056 26183
22240 6537
9021 24517
1309 19637
17873 28036
1432 25573
8899 5124
12835 26438
1310 14035
18186 17069
28734 25679
13612 21639
14838 4471
17240 17649
26213 25425
16342 22332
9069 18890
18602 10200
8138 24945
16476 27864
8716 16799
18954 7472
15075 20586
20273 1998
26364 19065
20527 2794
5335 6315
212 11817
495 15202
2419 27060
6964 3439
20342 29187
17645 19492
4104 27462
27499 20647
11588 2486
25574 23938
5623 13569
27956 22552
17369 24455
3932 24745
12857 15383
14224 20584
9848 21618
14563 10687
27399 26542
13704 26751
27226 7078
27854 17547
74 12778
20764 21534
25706 420
29950 14596
2550 14572
8116 20196
12053 9039
4114 142
15251 29411
3971 25339
25769 1319
8249 21594
27972 15824
9747 23916
2187 363
15627 20595
1574 14970
24300 27583
22898 12690
27724 434
18303 1210
7027 7847
28561 8962
26676 2306
25973 28045
18650 19861
7352 16991
5227 28848
14191 19889
17388 3055
10571 5202
21184 898
27201 28817
5790 5816
19817 13271
27822 17510
1862 6950
16196 18561
16074 14336
21472 2004
3674 26867
16036 25688
15199 18813
13488 20198
1803 12265
24922 21115
1776 14308
14436 20415
29365 8648
3814 18594
6343 21155
319 1633
27718 18189
3691 22733
11762 10404
621 26259
14567 29319
23765 20538
8064 21238
17964 10583
29445 3911
17532 22231
19295 211
18062 26228
24140 18264
4267 16470
6338 24671
27082 3834
25085 14444
15281 7142
733 5307
11835 20686
23175 1220
27490 2489
14267 465
230 5193
25972 12325
8436 641
6025 7284
18252 4526
2441 24420
27461 9231
26595 17806
26111 8662
2201 6425
26470 29921
26689 13738
8250 16342
21337 17315
27912 6611
5884 29750
12896 10216
13992 546
20848 17196
26815 27786
17364 3081
16430 5767
11409 22783
4887 16260
25106 16308
11838 3073
21683 6992
4669 18863
28008 27184
8847 15282
25974 12621
8107 19091
1323 9760
6129 14924
20611 4309
8157 26082
29503 7873
10929 14973
27016 23527
2158 14040
24124 25115
547 7739
8515 8135
10869 22173
20562 8236
19443 7277
5033 13592
5797 21042
20233 26088
14825 14355
17946 29539
28285 9206
9201 22648
27386 2354
1526 15271
19575 14269
13241 20710
1407 26955
18444 28190
18054 9033
6980 9174
16165 26267
19145 27971
2092 11650
20535 6539
15618 13831
8554 22652
425 7372
22119 7817
19566 319
22975 410
3595 23596
29793 5385
26165 2467
12547 15982
24887 15269
9074 6648
24993 19830
11376 28665
20247 14407
23898 26321
11037 3445
20865 25044
20405 3572
13694 13307
21670 6233
14611 25835
9989 1296
28467 1729
1201 6867
18288 8888
6945 13911
9255 13489
6296 5564
19468 24738
829 10875
10000 20216
16324 25787
20591 18568
6715 17287
2891 4080
28161 5151
3421 5712
9125 28995
7497 23135
29253 18055
6650 26190
8258 9916
1664 9392
669 3319
23307 179
29905 11135
6003 23347
5535 24957
8899 27831
6930 8807
17785 25417
18059 25492
9349 19620
11900 18724
24032 12916
19936 8742
19796 21758
7566 3091
20742 13645
16226 17408
24757 15931
20769 512
11343 28752
4240 27227
24457 3478
9318 16319
4512 16441
18619 6401
27684 7516
18429 19331
7285 13374
24578 6959
15908 8267
19287 10631
28988 6045
27521 20060
20888 13995
3415 16188
24916 124
8887 9578
3887 232
10899 13411
21952 2609
4499 3812
28640 28991
11586 19364
2351 21284
8461 12118
25382 24045
12819 2937
18799 4388
18758 12840
23843 26116
24588 5762
5884 11770
14109 27747
1888 9395
11262 5424
28731 14637
24812 4690
27927 14123
25561 17500
25082 6010
24706 10172
9280 19612
16070 11254
19598 15239
13093 15877
16607 27739
11879 25114
20256 15396
29567 26361
7280 10526
2119 16584
27612 15615
25779 7374
13130 13573
7480 11970
27100 7278
23777 20945
4051 24893
26285 24218
12394 6999
16640 26435
29091 21852
6178 18547
4429 13850
3716 13274
24416 25591
24925 23835
22697 23725
5850 20729
1865 15712
4290 1766
15062 6884
11876 2288
10947 28418
5648 10987
2251 2261
26166 17652
776 21772
29101 12190
28520 28089
12147 13319
18549 11343
25628 25953
9669 13908
27290 28039
19896 11108
12102 5517
25965 12884
13724 19608
19603 20839
25831 17971
13987 2227
20881 16373
8638 13002
25494 24960
2340 1581
19359 3721
24226 5213
29219 25465
2728 26073
29800 11751
12687 2426
17689 17555
19752 20171
24486 11301
12849 10052
7646 8738
21233 12559
2272 18563
28202 460
4234 25491
470 28301
11175 8178
17316 29801
21906 27408
9980 10475
27061 6830
15876 6941
20376 18185
2199 16351
15201 7092
25543 23755
29203 122
7786 25635
25286 869
3677 19619
1604 322
19281 29054
6233 14727
22439 3057
11951 13731
1434 8386
15657 18905
23342 2074
24695 9336
27351 577
25530 16092
22909 4860
25764 14238
22816 2264
8407 21239
25277 18548
22410 27658
8858 24085
21788 15855
18146 29517
23829 29665
9978 3996
15158 22395
6441 5980
29721 29047
24603 14817
14742 16639
27959 11841
15181 3801
16352 13003
4880 21896
9587 29832
12101 18867
19425 21274
26840 29545
19432 2522
19308 13067
7689 10476
5283 12736
5328 25126
3828 26732
3173 26528
26574 10233
10710 13669
25284 23870
801 10101
3130 4874
377 27821
16946 344
7418 22375
5767 3212
3526 4752
6650 4109
27801 4449
942 22498
20967 4835
14232 2212
26825 25876
3417 18172
7787 15164
21395 5174
16500 12755
5217 24088
11817 7791
14082 10787
5305 14956
2107 22312
7059 5120
16636 16156
4032 1527
3141 24699
20256 4833
6883 4390
17869 17187
17365 18887
1788 20023
11676 26428
13879 27543
24556 1191
17279 2026
7498 7362
27947 10568
24433 28907
3215 2171
9966 17647
13975 22146
9384 29546
22312 24496
9184 22109
15798 18932
20699 15922
20775 15160
28435 832
27367 22814
18778 23452
12012 13285
27230 20862
8756 11070
19230 10219
17394 29601
27749 18302
9468 7293
20741 13515
9824 9119
29978 14871
9962 28610
23205 27863
6801 4138
16799 25907
9236 15731
7301 13552
12228 22461
23644 13849
26209 28232
9677 5036
21529 16986
13649 9120
19347 20640
5199 8687
24910 7676
28786 28027
16092 28906
26982 21140
20639 18349
25300 10520
6728 22913
373 29960
2884 2443
25642 10444
12380 12983
25728 25751
27492 22017
7072 11648
10661 19469
17939 2692
8957 7856
4412 28014
23295 25394
19731 6013
589 15250
8076 12584
6988 26287
26614 7393
1740 3249
10366 15966
12637 5526
14648 9129
6288 10190
15534 17290
29868 4227
2582 18596
16226 7115
19812 17091
9911 13643
12316 15288
28471 17599
22095 13939
26983 16536
13889 5374
8364 15017
15571 18741
10771 17334
12071 18929
19630 9063
25054 3707
8299 1631
6429 29021
13283 27493
15217 18646
18925 27488
23357 29098
18882 15960
25846 24528
9508 20460
22876 23744
14317 8911
15312 13570
8708 13186
4231 5265
3234 961
12923 5323
20230 12103
26085 15123
3311 9840
29085 27648
6022 13422
2495 14102
27628 17164
18953 2146
10346 21886
25190 21539
13018 121
21855 18204
9799 26828
2954 28284
7661 1889
15693 3619
23294 7996
13381 5252
28913 256
27269 17980
8167 1723
579 7401
1031 14655
18436 28201
19031 25946
25660 2515
3238 18143
28750 22390
12308 13111
25413 7040
15251 8681
308 1519
3234 28038
14157 4908
8357 29196
3131 24284
6288 25279
3482 7411
28920 802
14653 19727
21395 26884
20488 1242
1756 24183
10539 13757
21470 24338
26416 26937
612 2857
15162 6926
16802 17047
4587 9938
2470 26549
23805 9154
8223 1218
29404 1420
7412 7813
13130 19723
4141 3095
13732 27328
2 9687
19794 18530
10890 28704
1059 27986
23439 3101
1818 10990
10652 9563
18948 19281
11765 8434
5966 9100
15948 16187
21701 21875
2157 5930
4121 16732
4681 23666
21300 21388
29175 17063
23525 9181
12928 11962
18272 9870
16509 9979
27328 16505
12869 16719
21858 1832
25343 25100
27160 1893
12340 16969
8095 11887
110 15974
20306 15671
7280 17051
27253 28643
18062 20895
2110 12835
24792 9732
25050 15372
16957 6982
9781 14207
9704 15518
15115 17461
20483 25970
6864 28412
24878 29679
1531 17288
24302 2202
24991 20013
14341 9142
27990 18552
21636 18556
7508 28655
6233 19319
1236 9936
11879 5886
24727 11327
6853 19463
25754 22767
17147 25920
16959 20030
12160 3946
28919 28979
10843 22
12510 10746
4062 6148
25322 23681
16669 10364
13462 25112
5618 9302
14817 5686
2788 18585
11161 17072
22025 26286
8157 13033
14966 3960
14648 14874
20174 17709
14263 21672
1511 22004
17489 29193
546 26445
17795 517
26969 10304
4755 25606
14773 22148
23008 9132
7231 15941
23626 16244
15149 4352
11962 27596
18342 19023
945 4494
15976 24678
4209 10556
29191 13166
13480 380
3437 20968
25627 29885
1710 25989
10366 1445
25270 16561
4206 20831
7438 24992
27623 565
26878 11375
25225 8054
13190 8334
19753 16693
9929 2611
16814 15436
6183 9135
9551 15384
18723 27084
10393 16934
28001 5869
5057 14018
11483 25718
7187 13819
1311 28005
10908 6016
24992 6610
13844 24315
23310 18549
3903 16820
29231 28896
16590 4380
12764 29677
20111 25053
23806 28882
2417 24036
29247 7718
19907 26481
2664 429
28232 14583
20483 10487
26877 10799
25287 8381
8088 15910
10803 5664
20176 27696
22861 29734
10056 13480
9335 16616
23812 26737
14877 22711
3151 14390
20111 23038
5017 8845
14113 18150
21129 11586
14022 9673
14701 25945
13824 16720
7805 9706
20277 4639
22190 19502
3484 10366
19457 7475
17870 8806
11634 28102
24107 20418
13885 5142
25241 349
19192 12479
26834 6766
20205 3077
29595 1373
16782 8693
21692 17188
1468 28527
25593 12962
12178 9424
8144 26625
28705 222
29729 14394
27111 20267
6935 23818
20635 18358
16476 24663
2097 12564
12141 15947
14677 3333
17624 1431
23358 12854
24673 11490
22321 14256
10064 2909
28391 10324
9337 13253
18839 26510
17907 23956
7178 9911
11317 25940
1688 12701
17286 14017
15318 15951
2396 3240
27794 12383
1456 19928
3159 22777
4343 15535
29489 18281
6038 1852
25667 1003
4602 2657
25684 28593
338 5330
6512 18872
8954 4290
9412 16532
9643 5361
6704 3788
27505 3634
16059 18236
16620 303
19969 2958
4237 11927
21392 8269
29588 25101
8706 19271
8102 8201
12435 13994
5939 1272
18342 2200
14688 27023
3181 28876
14179 10308
27600 10517
2072 20457
10412 4744
2939 22561
23593 4523
6157 15598
8736 5769
9417 15645
1687 29872
17813 22551
13342 17191
29677 5891
14680 19370
11013 17008
3592 20251
6947 24150
23998 26319
24764 14255
17765 29430
5382 12968
23456 3981
6972 1563
11217 413
24435 19495
15324 12995
18673 2328
3142 14574
5970 435
5144 27547
25006 17139
27697 15657
13329 9207
16667 16239
16792 28303
1121 7738
4165 25906
8707 275
6338 15479
29327 12351
3860 24936
24756 1906
8518 21371
9395 26872
706 27425
19455 7024
10619 20967
28640 14125
29053 4024
6980 845
5909 1435
27619 13260
15039 23240
1775 11261
21508 24597
9049 11978
5171 25513
10376 7291
29487 5628
27712 23163
15420 24296
981 28722
24022 20044
11380 3842
2096 20855
13844 15954
9855 25241
6649 11436
12933 2128
26466 9757
22062 20978
27768 2139
29836 24670
13841 292
110 13809
23773 27242
20056 9176
13150 5158
14978 27247
18285 17571
11668 2318
18003 10405
4265 14130
1091 14335
5714 8863
3444 25076
26288 13593
21164 10218
23016 26362
7684 4691
8304 11876
28055 22084
15308 1063
22864 22468
2473 13654
28988 16632
26556 17171
16184 4075
20713 2506
19077 18550
792 26015
22587 21288
11900 7859
22139 4777
16080 19323
5909 21003
27980 21235
4281 25254
1845 1275
27025 91
10066 29963
9449 9357
28933 15744
4801 19274
29117 14159
6946 24694
20385 19130
14796 5224
8929 22781
1340 15902
1403 19389
15060 27962
2845 6278
29022 7242
25766 15652
17072 23418
26284 27359
21923 3001
13758 6906
25679 14484
29608 17370
19989 10230
29472 8152
19694 8519
9947 22510
16893 8811
2769 28417
18970 758
2546 21608
24841 29684
3955 16346
23542 13070
9630 24843
21335 15012
13138 15726
3991 29286
29262 22090
13320 18607
28870 2743
27519 6524
13144 15162
14799 11564
13006 157
10726 22343
11129 20187
485 16977
7524 16657
21367 1262
11208 12172
10524 24968
13612 17457
15606 10999
27502 8552
12677 15781
1417 26991
23876 14710
8524 9862
229 21143
1560 7937
2770 8182
15044 12867
11772 15052
29188 25832
5238 14827
9360 5521
2939 6939
29218 9674
25998 9589
23571 13902
28321 23554
20693 6636
19287 5955
8927 13261
14035 18591
13432 12418
6647 25108
29541 29160
3866 14212
11057 29027
74 9469
10618 4806
7149 25802
27986 15575
9530 18998
27891 6355
7267 21626
11907 6142
29961 17970
17502 12589
1929 26379
1694 20335
21210 7109
24041 25024
3520 25886
19438 5443
21320 1718
22485 21699
29167 2974
24014 780
27563 1672
10665 13677
23555 8643
8088 9847
29635 27066
8278 24222
23106 17949
519 16615
13034 11404
5242 14164
11880 19684
197 17096
20137 28742
9075 27426
9518 27630
23847 6860
25588 12449
25806 15555
16574 22635
15438 4913
15363 20438
19050 14735
13695 21965
11426 7150
1120 29086
5025 2703
14573 10866
1051 1930
21723 9153
22428 25273
28064 10900
22221 7202
24670 34
29565 3208
20928 23246
18950 27113
15624 21071
411 17109
1755 6019
24885 9676
21397 9863
5978 16698
15570 25301
13527 20629
544 11993
321 11756
14217 13868
923 21083
15277 7931
29214 14991
29875 8999
10883 13659
3232 20220
27787 28241
15862 4925
19210 5018
29628 8895
15688 5576
19929 14087
27907 27560
7903 22466
4187 3139
14542 11877
17603 17213
17693 20117
25494 6661
106 18241
13122 8037
18132 9301
3171 22911
924 25274
14500 8619
14183 26439
25965 19113
12417 14918
14834 21394
15901 15714
19694 12272
29563 19264
21807 4841
18657 13877
17153 6565
14206 252
28202 14283
28864 11117
10449 26282
7829 25791
22791 13315
8319 18506
507 5471
26917 29036
26670 622
15772 21634
5024 26586
20377 8405
14594 1732
536 14428
7858 12965
6039 9049
4765 6932
17398 13470
1110 7140
16299 19957
24732 26660
609 10815
10804 14884
13652 19748
26157 10394
22328 24380
9988 12617
12901 9621
27333 15166
24729 499
12128 15218
24559 24869
7549 17448
11704 6295
2392 12397
18970 28034
4066 27518
4115 24577
13987 21914
11126 18648
25768 15811
9487 8478
28696 8013
22605 20017
8920 25535
8299 13606
22347 3413
4229 5560
18395 2604
22968 14519
24112 16605
24113 11415
5564 23169
18619 16937
7371 12483
17134 2217
6213 27701
567 1265
22442 11306
11591 24925
10667 6126
24848 26613
15510 11819
23123 1417
20749 19336
26717 18615
5752 920
18295 12959
20641 6303
27450 13921
1723 6564
4214 7294
1469 29882
7518 12546
17234 9057
27694 2003
11049 12749
20402 25626
18964 25351
28175 23023
9169 22059
17061 3374
11714 28455
9972 7450
15138 17219
1609 26676
29456 16930
24295 18575
19117 1500
21085 19843
23668 4723
25513 12952
18537 1352
4046 27897
26247 20091
22256 14016
8166 27820
10996 3576
8094 17792
22129 16956
8437 13434
14831 28142
1586 4326
2922 20827
22555 16423
29394 28091
3863 14262
12832 12469
4444 8272
1775 6574
19962 29322
11288 29549
14613 21668
14558 19743
21091 28461
16669 16749
4682 25131
3922 25085
3742 2842
5915 3982
24336 21098
8954 5742
9256 23226
29587 26961
5852 4846
2185 12364
6272 16676
23969 11633
17063 5204
16411 14854
20239 2121
19067 19887
3206 1520
25716 1887
2473 20866
4870 15245
23626 3797
9945 22389
17355 26197
25351 12738
10066 7053
2108 24182
19827 9854
13483 15728
2864 3800
9865 12457
10224 3775
29535 19263
12172 29788
22613 8855
9915 17202
26911 7935
11981 15467
15891 18534
6550 23463
13933 15281
24528 19872
5013 6935
13203 15205
29108 5541
7497 21448
15649 12350
5121 3134
16259 13412
523 22141
4398 12760
20332 7909
22629 2808
27469 24765
27999 9987
18010 21598
10680 14011
24055 2744
5597 20950
23201 14680
5161 24389
28262 7058
15103 22095
10625 21931
20752 21208
10586 5835
7959 16642
19813 15213
29567 29382
11972 19230
21213 7005
4087 1302
16224 24962
7032 29112
1044 13785
1265 23624
13246 14707
15462 23364
26026 27155
26663 19825
22601 7973
12019 9471
19287 17963
17136 12238
27218 11044
9916 17881
26088 29848
25817 15894
19752 24803
22235 8486
19968 25224
21754 2585
7231 1919
6379 28446
23375 9592
26462 17504
8102 7593
28646 5990
6459 9391
14379 2705
10596 5947
29820 29697
24684 17703
23686 7094
26502 19803
29401 25800
17766 22771
339 7849
11509 26103
8699 11543
16534 2732
4651 24460
21337 8132
24496 16691
9388 16435
19480 9296
9025 26547
4571 27531
23032 25628
16650 8079
28017 26271
20221 8296
488 2312
17999 25477
19409 18837
21947 1378
28012 29777
8265 6788
23445 19545
23009 11361
26733 27272
3595 28792
7530 3352
863 10447
6116 1524
18978 2229
22258 17418
13993 16035
7986 2971
3967 17989
10479 1142
22990 8724
26177 21962
2989 17451
13108 19035
5515 5423
22464 17205
14141 647
19809 13827
5767 3420
8064 20388
14420 588
18590 21181
14534 18730
1843 23873
14071 27153
29159 1349
10196 11380
26839 2507
14811 3470
20220 2813
6698 22589
24771 27725
9109 19874
12332 3792
17879 22050
25969 795
17985 20622
26107 21947
14389 6631
16955 15593
29843 2809
27452 10270
2634 28720
1928 5115
18449 7211
18603 27015
21930 948
2467 19765
25561 18300
2321 3859
13499 29662
27522 24029
17690 39
14899 24685
27785 1263
13449 28958
26346 25007
5316 16769
27876 16529
13269 13372
21148 217
21070 28889
20511 4189
14096 12973
1580 29980
16595 6313
15150 7486
15079 19688
22009 25660
1858 14645
19602 3550
5614 28136
11534 24563
2127 23726
12399 10656
2033 13333
4371 12626
7253 12408
27932 2914
23986 3680
24433 28814
23684 18742
25904 28576
10714 16372
924 7548
21184 19948
1457 24264
8995 5483
6503 11804
26150 23825
1163 16285
10515 16736
8978 21054
16217 6699
19089 16333
1399 24241
21123 2650
12151 26845
3947 815
6938 12982
19335 5373
8867 7601
3164 13430
28942 18195
5340 696
24885 1323
11375 13017
14102 2999
13068 12914
19497 25540
13635 22081
1367 17582
10650 7690
9365 26127
20414 2278
9695 9522
13077 14075
26728 23998
1173 18307
19821 7363
7812 14242
5064 3132
28433 20621
17398 3158
3636 1332
25572 24973
23094 14082
12498 21839
7700 13402
13017 14898
26905 1591
15900 21683
3034 12020
16124 4549
18918 11391
7796 22675
11312 20300
25831 18995
1576 4988
3426 23046
9474 4098
6313 12026
914 14398
22578 24175
18178 245
24743 9373
27555 25798
26874 1615
28172 65
25902 25731
5242 27731
1798 11281
12777 4105
1698 17239
17739 8078
27775 9948
26911 10775
26838 26868
6347 16759
5664 1571
11567 3392
657 22443
3437 20616
14302 14412
13873 11666
8875 3622
1433 22731
22319 27760
2113 80
31 25959
29245 23188
13691 5453
12875 15532
17724 27420
7643 18031
6893 11725
19394 20501
428 27657
29312 23718
14672 18018
16125 6591
17275 17671
1601 29547
22440 28739
18905 13370
24929 13187
2956 16857
5589 18509
15142 27299
35 27090
8765 19799
8853 7770
17785 5077
16496 23776
1083 27381
22201 5729
19032 22367
19239 9090
21806 29342
25123 11547
15422 9681
27520 7765
16035 19678
16959 20211
21228 12428
14309 9864
9743 10010
12000 26285
24916 27758
13611 6851
19143 19526
19887 1001
5976 7391
14185 11533
15112 24232
12148 27766
2338 17516
1521 25019
10804 10669
9558 11917
28092 116
21713 20255
27869 5078
17630 15696
20152 5620
11265 37
18047 19344
1182 13652
23586 12082
7381 10036
6182 25089
7241 616
29687 29730
2361 8739
13817 15421
11865 3409
6362 20050
26825 22716
468 17706
17733 9374
1272 27526
2768 22794
10609 10858
28411 7890
21267 1453
4735 22824
14470 19325
23587 4050
8690 11872
17872 7673
3165 23559
21714 6098
18801 3952
27671 9169
25062 18831
16855 797
14901 33
21413 22121
5055 29785
20956 16837
17968 21647
24286 3839
8084 8093
7247 28437
28739 26896
24579 4118
17717 17993
8896 24882
25759 18919
2728 14069
5251 8632
28802 4063
11234 29241
24433 4263
12566 22049
19050 23017
25382 12791
13043 25828
1448 9182
29693 19011
17195 29609
18741 3429
8526 7176
7275 8468
4087 16861
12793 3149
5195 4483
1557 23204
15737 4455
14614 21268
15522 5369
1163 28567
22479 1005
13160 28321
13604 29296
25030 8181
2672 26079
12954 6406
771 3010
10587 17567
5317 14021
9762 7558
22138 17073
940 28916
24095 26644
16373 17469
14202 2957
19163 21575
2871 19338
11690 12223
6474 15921
23687 19256
12639 7344
8970 21263
11396 8817
3044 18706
12636 17459
1376 2877
17954 25740
22500 1701
1624 23791
10266 12978
16124 9917
13284 29966
24767 12894
22082 6604
11127 17038
20477 27505
9216 11207
11512 17235
12985 27471
26567 27499
7199 14537
25220 17066
26567 28113
3034 8647
2302 28818
24728 5915
11180 7679
21459 6784
5314 18091
9416 16348
11879 5059
25801 16552
19827 20065
2516 23619
20639 14740
5976 15419
27654 15247
10556 19246
15772 14911
18151 4688
18537 22246
13673 26941
1059 25689
25097 29564
17742 23358
27003 6651
21887 29964
7549 10238
10492 28042
21899 15561
22524 18972
11550 14560
6441 4618
7199 20879
18034 11013
12360 13454
7134 20264
15316 12110
17548 12245
21645 412
7043 6914
23170 856
17340 20143
28865 21066
1634 29082
22357 9376
16414 24476
21382 16166
23016 11435
25460 6700
8764 20881
24476 26463
6357 9611
13751 29478
17980 18725
10539 2656
24772 11951
2996 9178
6414 22482
16843 2870
25892 27845
10524 28921
5110 16705
16222 29365
9371 4013
16743 11703
25456 7112
20377 11466
10105 9609
27822 4599
20965 29701
525 24819
13703 11191
1490 7157
9015 23443
11882 29992
22063 9030
5799 9599
9405 24756
1598 9462
7134 19294
7285 22448
10894 24123
23032 25614
27842 13793
16182 28467
9932 28076
22621 2865
6387 28992
21300 1027
13835 2075
16431 27623
4150 5273
29674 17222
4606 331
14232 10465
23431 15061
17182 12695
8828 25373
25284 27050
856 16323
22685 28028
23857 29634
29215 23378
5269 8960
26219 19697
12932 28730
23945 24426
14337 24743
17724 1646
4940 8184
18171 3243
6626 3029
15191 9381
10034 17076
27959 11823
2476 23832
5283 11311
12822 6729
25158 23597
7689 26486
14804 25804
11882 23442
19622 15835
22898 20823
1244 6792
16047 20662
5626 29338
11916 21922
10694 25957
11690 16537
14275 18380
23556 3280
29824 21146
669 10936
19777 1092
5701 28618
18928 19072
34 23433
17352 27484
8200 19013
27770 21601
10865 3102
21977 27717
26697 6195
8348 29751
26637 18532
10980 598
21514 20414
24199 6440
28685 3823
7415 13517
15223 15995
13005 4226
12786 4659
12618 3989
16406 24590
2902 12524
23744 13240
246 17981
18320 2859
9926 7289
18008 6765
27160 16282
24914 13154
28700 29083
24363 10298
16415 26939
18625 6414
14066 18504
4082 22217
16102 16303
11784 28952
6524 21522
17973 8066
26514 5189
6540 24705
8188 10523
10485 18701
12715 20058
22464 11689
16436 6200
14077 21262
26862 22987
1104 12984
18239 3724
10587 21410
14737 13904
18204 5304
4199 28184
26368 17933
23876 27722
21504 28732
27418 16496
24505 10783
6302 3538
4466 929
27852 1657
3129 3835
12870 20765
29323 9389
26026 23524
15181 8775
26265 24076
2350 27910
26046 13469
29411 21400
3394 18758
27637 8038
12744 5659
16400 25231
4970 21090
10241 18805
9682 20569
13213 29928
24302 7698
18636 156
721 29282
15201 16240
27996 16271
13558 11858
3397 11243
12956 3888
19813 20135
11340 8553
14399 27638
25241 16731
8820 5025
11269 15430
25762 11357
6359 14488
25724 4430
12592 28067
3638 7556
17538 15324
28119 6333
4724 11544
14051 12451
17850 22363
12384 18924
6883 23430
18897 13770
14009 12678
25125 29371
15494 11539
5841 9551
17726 2351
3590 5727
26680 22360
28363 10353
2319 1640
21670 10792
23209 16738
9109 1561
20182 27754
4899 29990
22899 10821
23465 21688
24243 8372
2186 15295
1159 29731
25619 28355
13156 27866
27863 19221
19862 8370
176 14804
4593 5863
7890 21198
686 17696
20946 18317
4347 4811
13416 9234
8223 15100
24021 21569
3716 9528
17075 7244
10644 18979
24105 2785
29245 17760
6656 9472
19783 18583
19104 3043
27658 21025
9536 2131
22409 29955
24601 15359
18915 8564
21937 3718
16132 25505
11072 8916
3305 17108
3592 24700
28444 19879
21946 9035
8524 18000
21082 11100
12170 16492
3334 26892
21367 19222
22699 22691
347 13880
7302 28548
28875 13225
12667 5525
6519 24792
25187 9561
13283 7191
1543 5845
16472 3510
8212 18255
23817 22029
16947 6955
26363 9734
4108 20512
1701 17923
2585 2671
4845 14533
28308 17310
20833 23702
24230 11000
154 10171
20684 18515
3146 22371
29870 29497
1692 21911
28906 25221
1370 1021
27000 19468
22631 15908
20622 24251
4441 17973
27306 28395
15096 29608
3551 2342
13172 7955
2478 8411
6901 3086
4372 18781
7654 685
20133 23105
17879 5828
16462 19821
13280 16228
18171 7936
1543 28691
9004 269
28752 11964
8652 15642
9538 89
18791 22876
25050 6696
26209 21513
28129 25315
6994 9656
8812 6205
29687 18962
26840 8069
19623 7956
2712 15145
27011 16617
9632 14751
19371 19767
21199 23617
7556 10723
13096 23786
20946 14940
612 2598
937 10630
26811 3764
12802 9053
20684 24522
22864 24304
27583 19871
6322 25520
19136 18329
9366 7097
15734 7812
25553 17850
21390 3432
10128 2664
14964 12111
10411 21366
3383 20663
29356 7117
3040 26373
18730 13985
7582 6325
8701 29844
12418 4793
29660 21340
1151 5240
2768 9447
28099 12426
11241 738
23078 28839
3224 28543
17599 19666
13639 1846
19244 7234
24750 9316
18301 8586
23348 26074
27056 7689
27152 7500
14930 7533
14430 11
29909 24113
24791 9779
11316 9952
17438 29456
15158 5510
6274 4713
8155 17718
13317 21670
18673 23764
4319 18289
19968 1241
14819 26685
12368 9922
28292 3777
8497 27365
1968 14764
6406 17711
24695 16908
25642 19895
2490 10333
7687 13789
16943 12750
27489 24046
1186 10085
8303 20155
21033 6260
3366 18479
27676 4409
11487 28723
19884 22478
9855 7862
14439 14493
1650 20705
17177 19548
23580 770
18317 18201
19579 10459
28837 28354
3142 16961
22926 21358
18010 13065
21284 511
4855 5519
29051 25875
888 6723
8410 24989
13335 3980
6387 16513
7350 8556
2550 18193
11835 19847
1997 16232
27192 27879
21613 28459
15048 4616
27305 23947
5752 22254
29564 16429
28321 17528
21270 14421
29967 28037
23252 15636
8475 428
18296 11865
24717 29713
20402 18521
6187 26749
8804 534
16436 20007
16687 6714
23301 2414
3317 7116
19387 18282
19215 8165
18729 8088
22044 2769
21863 17011
16524 22729
4920 14416
26260 11179
25225 13687
9800 13290
5574 9476
21689 23373
9712 14539
27394 23599
22964 17925
26299 4253
19800 24311
27593 20140
5778 4412
15081 28751
7406 7470
28734 5616
5598 4801
27579 13699
4402 28556
17594 10998
26227 13581
23046 27550
7877 17552
8525 28520
25833 20238
9484 27203
10218 14376
14055 10055
14365 15463
3640 26129
628 25318
6709 5854
12170 1664
6318 10484
7842 26200
18465 665
15150 2997
12133 26388
24218 20318
8219 27301
13798 18920
17180 14208
13462 10863
25200 28716
22690 25755
15638 4126
6998 128
2655 10865
15494 14083
5775 10974
11258 19734
2 22927
12635 29797
4946 2593
14387 6228
17115 20133
495 19542
29030 25094
29608 6921
14107 9849
28527 7084
3935 9696
18590 1535
21947 12216
16361 15006
11139 6071
17462 9861
7671 9183
23041 27415
10680 2078
1984 28501
8459 23369
7597 12371
8853 17506
26398 21592
28586 25308
13428 27036
26839 7940
5454 11330
3316 11784
16654 16405
11284 22904
3896 7260
22369 9458
3365 4745
26434 8529
9464 29830
9002 2255
23969 17045
12207 9956
18743 14368
26236 26189
5776 24327
16145 6841
2092 11486
5760 14652
7530 20234
20770 9765
12073 28799
13429 11680
9499 17398
10339 25785
24255 26972
8207 22104
17112 21231
9824 20934
22531 2272
10639 9912
27466 22242
27524 5772
17872 807
6925 6997
4240 16509
24196 27453
1900 13077
3715 4829
19515 8082
1854 12147
28476 23242
25353 23323
21885 18471
547 6567
7111 26607
11751 12430
2428 7026
18451 16420
12561 15524
18062 12335
21379 17588
28602 7635
25392 24779
28457 20685
23195 23972
11408 21319
8983 5395
17776 16658
14614 16563
14642 21671
121 24853
11445 10094
11194 4373
3146 2696
28632 18752
10963 24344
5598 12821
10454 22611
3088 2013
24899 8951
29270 12186
7655 10162
20873 20798
22193 14666
23128 16661
21261 29936
28999 2141
23542 16300
19682 6051
26009 19759
3116 16455
25912 19393
24067 21948
9052 8885
2132 2195
24 2764
13971 5780
21466 19114
1518 20180
7823 21417
15180 15871
6002 451
28556 9482
4319 17538
25676 12422
7901 24012
495 28911
2269 3666
18076 23015
4775 15459
10160 27699
10649 4157
23116 9361
22420 25133
7089 12776
1031 18692
17970 15591
7947 13629
5866 15363
21727 17149
12461 12536
22625 11498
1777 28392
17782 14941
14647 9811
22631 19022
27396 10756
8365 26579
11275 17455
23173 23233
4079 3849
17324 24594
23142 17882
25633 24166
6974 8894
28626 29598
5808 9024
9321 6875
27165 17367
19556 15971
7916 788
10356 2353
2989 4260
12105 12370
5219 21436
178 1383
6365 27881
19870 6658
7555 18885
13261 18102
21956 7860
9781 28340
12396 2979
12418 29903
7061 15851
27310 891
3633 7413
23933 20099
29429 29181
28577 25564
10483 19804
4558 28897
19788 12338
14677 1700
29290 16257
7089 9126
26388 1416
15731 15953
29478 7208
12561 25623
27999 3957
19572 18025
24772 6383
29262 11212
18829 11443
24479 17437
7015 24236
3653 6511
6778 9701
27287 7629
19955 18999
20488 12619
15085 2488
17676 26752
24939 24280
12887 7613
5179 23576
11084 10605
26111 50
13261 7887
7190 26166
26342 17801
15155 13472
24081 2181
27936 25543
4636 17044
8228 27405
6490 133
10974 22457
10011 5850
10941 6028
8123 20274
2455 22573
15434 14022
6334 3589
18463 20753
27541 2337
10091 23084
26133 5015
735 4029
18041 13141
7680 6485
8993 8995
19744 14066
15633 13467
6279 23691
5329 28633
6272 16978
16154 28049
12855 1327
18789 29354
19571 16190
21487 4747
22873 10497
5697 18373
12419 6024
4843 13137
6323 1904
514 674
5059 3898
3562 11859
22437 5152
2340 7051
5058 4465
17675 5312
14448 22445
10658 6429
18286 24447
25209 27325
20626 10292
2614 12065
26917 3805
20270 8335
26315 14498
7805 22627
23083 25697
7551 26786
28595 28577
25560 18829
24621 11127
14430 18247
12102 8089
545 9748
20649 13438
18442 7131
18448 11620
23838 19285
7766 5596
29386 7452
1239 25293
1886 26521
14796 16395
16430 28140
15302 7101
11627 16022
2561 18812
2344 26852
19595 9000
16893 29431
19574 11640
27685 19145
8092 6726
8594 6163
15104 22330
6832 16196
18215 4179
28097 4363
451 26998
25380 4213
11202 9662
19972 5456
9859 20092
29352 3880
2910 4132
24502 26038
26423 11634
16646 23200
9865 25455
25254 2263
23615 15452
20546 2895
21620 4299
16331 29752
19936 13243
21362 25984
27912 22040
18476 13273
26431 3423
20469 1569
17634 10941
6397 10758
16528 15588
449 21403
2524 23847
17080 19183
26214 20944
108 8796
14711 23083
17713 8608
10963 2290
8401 27618
2864 17822
17370 3152
16369 22137
7436 24256
7294 2683
18679 11578
7178 3985
24872 28862
13582 3449
26214 22305
19636 26742
23844 5236
12435 24095
23653 13545
4244 17605
9128 3955
8893 9339
10160 3650
1710 19384
21657 20682
5456 11654
4422 23000
13985 29185
1865 5
27396 15611
22072 8204
18997 4689
10172 26706
27073 11969
8845 21344
19462 762
28736 3531
25856 23839
3901 7034
8974 24443
9726 20063
1968 8359
45 6745
9045 24394
7669 19454
19605 21803
11426 14960
31 2085
7744 15223
8170 15935
18137 3217
4186 14480
18970 21137
9607 27271
3991 5885
24481 25295
14480 7251
18134 26366
6031 4110
2823 4320
9879 20277
10753 11263
29237 4695
19486 26704
26806 4496
29741 10582
19589 2509
10715 17604
992 5432
6714 745
15455 23606
4441 14932
28961 22813
6046 22467
1711 26921
27795 13492
19258 15710
7343 10169
12597 26390
19162 28629
24929 4861
7590 24555
23716 25778
16343 22451
16557 25996
27289 10757
3520 417
19686 29024
17594 26558
29145 12021
7684 16748
3397 7977
8549 7161
25628 20822
10635 24417
376 7947
18720 20301
28642 5244
15573 12202
12384 26113
3826 6627
1427 16083
5170 12460
18586 28728
26566 5248
5174 10716
28886 18794
24237 25123
2376 13933
22332 8649
24636 24767
23786 14896
11175 22998
2325 18944
28467 22435
17351 29229
7914 16233
12856 9084
25389 9808
266 17206
94 7729
4011 23880
19449 22369
11579 18710
5219 4607
3221 6605
18885 6810
14317 21298
18470 14838
14435 16170
8450 4795
6553 6951
26059 3499
7857 21828
25465 4724
8722 9893
13590 705
7408 28968
24564 21818
2129 1918
20390 6081
9653 22678
28161 4177
6706 3205
28003 12213
2951 24894
12803 28415
26223 5667
21150 25356
24494 4948
4245 1020
28108 19776
18978 13095
16074 8727
13198 17812
19457 10679
17455 18199
7111 374
28656 11540
15154 15199
23087 6504
19155 28813
265 9580
13975 3120
21861 27491
16892 29289
3174 16000
1083 8166
17870 22283
11412 10713
21732 4980
20051 13888
13017 7719
5291 19291
16526 3123
29365 173
27309 8893
25360 6885
24859 20744
5735 24464
7111 8920
19327 7266
7388 13432
29312 3515
2553 15715
2176 1690
24980 4398
28023 16047
19485 23987
26852 6993
12567 22071
2691 6160
19184 19027
20094 12206
5524 16042
1147 17780
3236 18353
3939 6069
3461 8696
15014 12702
299 26699
15779 8464
9570 8475
994 11266
25805 2465
5578 2355
16847 11622
18676 22610
28476 4504
2330 22625
12012 2906
16687 7433
26784 11864
29309 5991
29322 5177
28286 25110
9762 28566
5333 3287
11483 15029
23117 2798
6342 3468
12188 284
28530 27202
1907 8534
2401 29696
24325 1505
2581 684
22464 2106
24809 26322
2683 17021
27022 18166
13229 9477
13800 15920
14439 7708
11882 20781
25382 13237
11116 341
13932 8384
28802 2462
1542 19595
26013 16770
13189 22564
18731 18823
12810 2612
29303 12809
23854 5650
25427 7069
23532 4155
3130 11642
17944 3914
8122 3325
3744 27056
12317 16910
27155 6041
21041 2875
5600 27456
17085 10231
17114 28877
10455 12637
16636 23439
22366 16460
8807 19760
19761 17060
735 16115
27877 1879
3373 11879
16517 25423
12537 23752
22413 10198
19788 19785
3049 29935
20085 8847
19755 8138
11899 21311
8536 19770
26920 5459
20112 27235
11095 15039
17780 14993
24558 25770
4582 17110
8330 25843
19502 4551
4184 23658
19499 264
12351 1900
3613 14520
23372 3053
26285 22723
7031 12355
12799 17561
28123 25402
25372 24795
23197 11053
3013 7970
5992 10343
27266 8814
151 29114
14375 8615
23539 29368
17830 13970
1788 5075
10204 8438
7480 4580
12185 16231
7756 22023
6687 29637
206 15574
1586 11202
379 10764
14272 10825
1678 23583
17209 24427
19521 12409
2368 20345
16543 27523
24804 18562
1751 12746
3388 15292
24400 5818
577 11600
27054 25833
811 10152
4189 9036
27082 17035
20073 22373
10313 5702
19224 2224
3872 4221
23615 850
20508 29768
13930 20527
3461 21074
1935 14224
8427 15705
14581 20047
3705 27474
22061 11939
22430 5112
24016 11984
29977 7562
7542 19479
9754 1292
4647 19100
11823 9754
8306 15242
9788 20173
22981 11750
2918 8921
14572 11221
14876 7418
2568 3943
9611 1471
5429 6938
17126 12719
202 9265
17866 11051
16472 6740
23840 22585
26213 24194
19495 5632
15912 3225
15626 10429
24380 71
22868 22836
8722 29247
21357 8697
289 4009
20644 4653
11258 17572
25992 27908
22936 7465
26772 29765
644 17664
9841 28517
2257 9574
11848 12455
25053 16952
2438 23922
25379 11681
15598 24864
18859 12951
13938 10819
24260 4023
9556 14679
8799 21310
979 750
1197 11754
2733 29794
12333 17028
14430 25661
12901 2452
20600 4893
21463 20649
3484 26718
28920 16442
19854 13909
22341 27461
21617 22372
23744 10423
16168 1513
9335 8522
5412 10155
14801 10514
16132 26669
24270 11209
26399 23264
20333 23481
17871 8264
6649 5322
1518 7515
10606 19977
22739 24956
27430 29103
22905 26912
8319 8714
11012 6220
9591 8618
22111 6822
4316 16912
23347 12686
11290 25083
21788 24510
13800 24584
12504 8839
8449 14865
13273 18048
12370 20011
23812 19051
3344 5567
16910 10940
27883 21553
24396 25502
14155 15497
20352 16889
4125 14618
22332 8367
3765 4383
6578 7711
4699 22085
15815 26598
24051 28169
7021 8470
17676 21518
22605 15678
3154 26295
19104 2778
8042 25910
29637 29227
4553 18141
21032 27464
8000 12922
14871 12675
6890 735
25094 14259
22485 12368
19707 24172
16084 9350
11200 4545
18056 23320
7857 29469
12988 25367
18826 28886
23601 11076
9713 27715
17230 7854
12946 97
20592 5499
2892 12850
18332 10382
15201 27779
6448 25479
15949 23635
2295 1126
29202 24681
7266 14456
20367 2541
25072 12770
29493 7128
11399 18650
13969 2791
2669 27077
9721 699
8779 25223
22063 17818
13420 180
24898 13199
21459 3345
14485 2848
18771 15801
4263 25177
11878 3727
15081 6285
26730 2907
7646 1050
8623 26412
19432 954
25620 2400
25309 27737
7979 8622
20497 562
26350 9407
14251 250
24315 17644
19858 5707
8522 5938
15510 22256
8185 22700
16926 8162
393 18748
24973 1160
5519 3476
26768 28608
1849 13449
21694 10334
25972 29006
21469 9958
19918 8624
23658 8705
2724 27288
5399 26949
774 22424
18318 22427
19914 10433
20750 12022
3514 12053
1327 4643
14202 28444
1687 12336
11073 5091
19904 18968
89 3014
15993 21619
12453 25438
18057 14448
18652 24621
12950 8348
14527 130
25777 3255
13590 207
24020 503
8143 17624
27950 19704
1238 16452
23490 17787
3337 25121
10993 26404
21163 21125
17555 20386
22690 19181
3841 19004
2010 28452
26674 9460
26550 23088
11544 4669
14313 813
23985 22518
17403 11500
4726 13080
18105 652
29572 20664
28000 25775
14387 1665
24899 615
23406 918
1169 7479
11029 15347
19083 8156
28497 20405
24295 28231
528 25560
21283 13502
15654 12064
17586 20576
12021 15787
3225 28914
22828 28297
16694 17873
26359 29016
19355 28168
11440 17955
9119 4439
1558 7198
28095 19873
22120 8091
20583 29691
3316 17736
5835 20607
9285 4712
2980 8858
29413 16587
1089 21138
12914 9473
20106 13426
10854 4180
18913 8199
23114 14690
3155 25418
7242 23
15815 16221
9808 16803
21724 28581
1372 12599
621 28092
27636 16469
11158 13300
6016 15380
6525 4663
6744 12934
2119 6879
23194 26422
29921 15252
5220 15464
12854 26175
2218 7336
9404 15373
16127 26783
19125 18751
5784 26504
24148 11516
12937 5759
17798 8462
27472 16037
1223 6272
3315 28850
8578 8321
19523 2008
21754 15279
10726 25904
8517 10007
22818 16786
24412 24363
2671 11561
7482 18182
14309 27599
25200 29087
23666 29908
20916 5362
6125 18035
5307 5694
12738 2490
13186 25016
935 27065
24662 16591
27053 25051
9649 10767
16654 14779
20420 29068
9365 25662
1394 14116
26228 29454
28917 22680
29198 24324
6786 27854
12142 12017
5800 15650
27801 25512
4611 27549
1043 468
20079 4889
10066 12028
19958 26880
27543 1974
28910 12625
17210 12782
14429 13258
723 13078
20953 28279
17623 4553
24121 28966
16958 19405
2673 16276
13672 19797
22555 17836
19044 1236
20227 521
14389 9598
10339 20873
10691 13925
24987 8030
4220 28855
3545 29115
21825 9542
2564 27188
28095 12520
18395 3759
14923 880
22928 23488
12094 15629
15281 23787
9117 9379
23853 21996
29675 2635
4506 7338
11534 17301
8060 12705
13316 16740
11116 9255
14350 12056
8241 21957
13226 15276
14293 7011
27464 23146
16215 9494
1646 21545
26866 28193
22064 12862
15912 24373
25576 27907
3252 1622
14253 29968
270 25207
15602 18780
13517 15470
2488 11464
8384 18700
19327 3535
23823 12587
25053 1566
21299 25732
42 7448
10572 26306
18579 25286
13420 26275
3445 21991
5204 1975
8143 17984
13882 21807
735 18626
5744 19722
27429 348
6444 7960
12277 5022
3470 14974
19291 23701
24231 20733
1587 23546
18233 93
27046 21680
9614 10622
17190 26325
15117 27463
28298 8940
4366 27608
12783 2190
23898 13316
5118 17143
4673 17389
8165 10328
6631 12765
2918 7304
29427 24816
15475 3248
15588 11151
24341 16339
13228 377
7886 11691
22413 14582
17061 17951
18048 28429
3983 3421
17476 27940
29665 2947
174 26826
20180 19558
5065 26236
11543 1088
22225 25916
20887 8344
6397 19567
8915 27661
1255 20734
25799 23944
21695 12274
24642 26928
13562 14906
14722 21201
7914 22439
15737 15813
10606 16917
19425 9559
4909 2464
583 11901
9622 8849
19317 10684
10131 27892
26336 29032
11847 19658
2422 28317
21326 29714
19724 29636
3807 20589
15626 26332
6360 24515
3944 8241
18680 26136
10571 22489
23143 12440
6357 27390
8222 18880
18747 19906
13462 18994
27106 10141
12658 6314
6650 18020
7823 2998
9858 6868
12208 23138
12725 21333
1532 25023
12362 19538
27289 7347
21977 16044
3118 29234
20940 1264
17130 10355
16172 17491
13487 13541
9951 11925
9020 19453
1121 17438
1635 17520
18300 4552
24399 10235
2257 25799
18153 3059
19502 430
8412 6399
20596 23779
4548 21769
23263 23011
8870 17771
11825 15192
21352 17907
9025 22067
13014 29201
13648 19527
5485 17179
4479 13781
21298 25745
3126 22046
18447 14397
14054 7428
23445 21432
20742 22665
28356 16458
9970 28695
10996 15110
3694 5543
29404 5057
15889 23307
25045 19421
13873 22342
5661 25328
6553 29197
2277 22483
19883 4571
468 14489
26947 21920
23773 16526
28068 25470
12195 27964
16383 7778
202 3074
15533 4248
26216 20620
13248 8591
4765 3039
27008 1580
20270 28305
7927 12909
20539 4225
16681 14363
22054 29015
23170 5949
3552 8837
809 5448
7487 115
15096 23535
12228 6363
18598 28524
13789 5625
13686 28650
9819 29131
9774 3501
1535 3560
1730 635
2295 9014
8076 16893
15544 19179
1616 25677
9397 17337
29548 20026
23304 13013
17370 16811
5145 24065
14012 2707
29299 3114
13769 12494
24834 15293
16392 6346
1942 2908
18122 17487
26228 7292
28014 22421
21929 14835
16187 23836
10821 23076
17256 10046
21173 63
5524 27828
10651 20878
1671 2470
11906 18431
14623 13676
29907 24161
5988 20398
16400 1658
9752 7090
11817 1576
6855 23154
1711 11453
9540 12019
24728 3761
21873 12939
7224 10752
17937 10401
7073 29774
10446 19663
1640 22974
28731 2581
23917 422
16978 1629
2561 10904
24757 10640
4563 5203
10170 29052
11180 5721
24311 16027
29603 3905
24440 29644
888 11268
24717 22915
16200 19187
8228 18632
16465 3596
27037 3424
29031 15999
26041 18663
14302 18422
4158 3026
27869 9098
22578 25592
18200 29485
1571 12780
10085 1278
18406 28512
18258 3743
5494 25322
21870 3883
27891 5518
12524 7417
15254 21266
4444 1130
18117 14853
8688 6618
12069 23210
22918 11210
28623 27375
10988 25952
20483 8188
15624 24686
28068 27037
28208 9250
6117 208
23016 21251
18512 28667
21723 22728
10665 25377
25434 16324
11656 6433
18964 11678
9947 5497
18049 28405
18282 25786
9087 19669
263 21280
1563 28509
21702 25475
27157 12268
12378 3201
27348 24718
22321 23534
9879 22747
21574 13117
15338 2487
3659 19603
15296 810
6046 29912
22494 28393
27013 3999
3470 2237
411 24830
24954 13076
7954 17965
4589 5832
22143 22947
23723 20774
6686 19386
25865 4628
4132 29108
11464 4719
18896 3934
17962 4932
23877 10508
5342 1065
18736 25194
12458 2642
24728 29988
3236 9279
18754 22189
26775 25281
10689 27678
28204 2309
26828 7735
22390 897
27025 5117
815 2378
4955 27988
22565 22078
16184 22005
147 134
17476 18832
21701 5583
18056 12160
19010 26702
28107 17092
7480 6403
6359 27298
15606 20057
15380 17003
6732 1443
8426 15171
18820 15928
22656 3060
879 17386
11885 26451
617 18142
24134 23893
16130 9645
560 12471
13694 17499
24832 21377
15475 5145
10746 9593
9273 18597
14213 11935
29267 20899
20367 25533
6080 18581
25555 15897
10379 26318
27942 4257
12417 19974
12165 16599
4899 27469
8035 11716
2777 15392
1160 4876
5549 3796
16695 8945
7324 29421
8971 8014
26470 27291
1404 1577
25366 8744
17911 14044
12161 12014
9874 4416
26410 22526
11864 25196
14620 22787
22743 796
21577 215
8008 22596
4592 6252
24286 3679
25183 27214
16714 24452
4076 20658
18467 26413
16782 20838
21741 5435
17995 19219
5821 561
29593 455
15296 3574
12536 25550
26004 26124
28709 14139
24088 21007
22337 29179
6345 16331
24316 11260
26902 25336
21446 22333
14476 14801
19915 8625
21619 12254
9578 9690
24792 1028
18496 22683
14181 17357
22958 21272
21233 23289
16777 7139
19213 15562
21906 16604
14302 3813
18431 12033
83 21549
1373 23707
21150 4364
14308 15294
23226 25708
21284 27174
14091 4303
29125 11975
29675 3667
17031 19340
29875 14311
6771 15749
24442 14399
3010 23030
18273 17602
25207 29262
13614 312
1729 26764
6119 10413
7261 14937
10651 28990
20810 18783
26700 24109
11839 15434
16105 3774
16776 9330
17900 18862
11152 22578
5394 9875
27230 10163
1231 24550
28400 5789
12380 27067
29209 842
17650 23266
6973 16562
23361 17415
10411 1541
6686 28269
20873 24465
6242 22844
22055 2166
29701 26902
12956 25807
19911 20515
29203 21706
3036 6386
15111 10054
27330 7855
23302 1328
15126 1423
27937 2694
25186 3772
29106 27579
9998 3569
3780 18681
9567 1557
28928 3892
4140 15033
17819 18819
9397 20379
1447 15604
29529 8194
5289 15438
9921 27480
2436 27774
7693 15305
17279 20603
1428 17626
829 1058
7229 23513
27075 15759
4350 21412
23898 14635
21520 29509
18522 15188
13506 19206
28206 26963
15946 10802
24204 24028
13440 27311
16680 43
20974 27629
25533 6125
28744 24414
15588 23431
17197 24488
4102 1105
10896 9785
13574 15469
16902 15674
8903 16997
11931 9375
464 26517
29223 1619
13953 26274
5394 22511
12277 1716
4026 28780
15702 15769
2240 6770
5134 28215
27931 3054
8287 1446
21558 609
2103 22263
29603 4718
20342 9282
3456 9848
27800 20089
23507 5690
10434 1912
15147 3088
84 10501
19698 1769
27871 8862
21548 26466
9511 28428
2218 22508
14744 23668
13940 4950
27123 2095
2259 10035
24657 23312
16791 9288
2088 2497
24702 9251
33 9575
7066 22981
7549 18407
20774 25468
380 5198
8259 8527
2315 28801
12842 13203
8150 12923
13699 17146
25530 3434
27787 5572
9958 29724
25045 22000
14497 10415
16930 22874
21250 26748
2772 7250
26931 22624
15847 23565
3614 20118
11809 27721
21726 18238
12970 14570
16466 26171
21527 9268
4265 22359
26987 1740
10833 21774
8426 327
20724 26257
13698 19223
3560 11592
27442 8259
7464 1742
22524 13295
19163 26173
6972 15804
1571 17280
9999 8942
6983 2061
19656 29089
25152 28178
17765 29993
11931 19433
16030 11753
21044 23590
15440 23593
10981 1845
136 631
5978 5984
19776 17901
27665 28972
29047 13626
16571 17465
20048 27751
7054 29223
19295 19184
9210 2210
26893 2196
2396 2266
15092 7769
12537 27979
4038 20192
21937 1243
29145 14897
6884 21666
17161 24750
25619 28122
18610 3652
20227 11300
19185 22392
242 18978
20308 2446
29385 9740
376 7483
18935 29462
21004 20039
29411 25280
5661 14180
6656 6211
24855 13112
17554 24588
17943 25026
23658 26071
19981 26540
2648 6153
20982 21079
28536 18937
11440 25738
20475 8094
23296 17403
6947 9920
8280 22057
923 12233
6474 6106
9805 6317
461 15319
470 15852
19800 20416
26102 13736
16105 11730
10435 20073
2186 4891
5020 29857
11079 13189
3155 238
28250 26449
9487 806
13261 4246
4020 6472
7713 28666
10973 2320
15946 1497
6433 21564
15993 18633
28099 14914
8436 5475
26231 11189
20459 10287
14035 24754
14395 1526
13487 16689
14713 18033
16964 21184
811 15443
24099 13912
8045 19685
4189 25487
18427 11350
7709 13047
22420 3019
17575 3783
4707 7881
12337 29050
22905 7589
7465 20328
20455 15556
24812 8509
5337 18649
21060 2030
16946 23774
394 2173
22716 1592
26041 1200
23446 15900
23770 22076
469 3236
14614 8248
29033 6102
20510 11584
2582 10989
15669 17421
9137 4926
12888 7343
4746 5906
3652 12150
13885 6180
13343 9091
21786 6580
11667 26728
7692 25655
9079 25764
6646 4448
29542 3230
15119 19798
6296 21602
25190 8887
2148 993
2368 25867
23552 28138
13683 11205
19243 22252
16568 20293
8742 908
13856 17757
10158 2681
9354 6728
12437 19449
19395 9839
18258 19835
24973 16601
3928 8068
29214 9650
23230 9618
20569 7180
11662 3431
4396 26107
13302 7254
13814 8120
20978 19016
3707 401
981 12069
27152 15370
21908 29172
28916 1843
15172 16023
24525 8922
14410 3561
244 20266
23840 14476
6696 24574
4758 23148
13699 21888
23085 673
17682 9266
16831 27771
21560 22754
2376 19218
13079 25135
22447 20691
21943 20567
597 18206
16033 21859
22898 27976
29452 9107
18212 17641
12588 17642
12358 24518
3966 13407
223 5563
21009 4088
2629 6480
661 13340
4099 29703
550 7833
11455 11095
13852 13788
26646 15899
11362 6117
29693 13204
19063 7509
9637 17265
19223 1183
19213 1162
24168 17485
2634 13820
937 9346
7250 25225
11203 8008
6550 8741
23064 13196
29307 16344
13838 5340
30000 30000 1 1 30000 1 1 1 1 1 3 2 1 3 2 30000 1 2 3 1 1 3 1 2 2 1 30000 1 2 1 30000 1 1 2 1 1 1 2 1 1 3 1 1 1 30000 2 1 1 2 1 1 3 1 30000 30000 30000 3 1 30000 2 2 30000 3 1 2 1 30000 30000 1 3 3 30000 3 3 3 1 1 30000 3 1 1 2 1 1 30000 1 30000 1 3 1 2 1 2 1 1 2 3 3 3 1 3 1 2 1 1 3 2 1 1 30000 30000 1 30000 3 1 3 2 2 30000 30000 3 3 3 3 1 30000 1 1 1 1 2 30000 3 3 1 1 30000 1 2 30000 3 30000 1 30000 2 30000 1 1 2 1 30000 30000 2 2 1 30000 3 1 1 1 1 1 3 3 3 1 30000 1 3 30000 1 2 3 3 30000 3 1 2 1 1 3 2 1 1 1 1 3 1 2 1 3 1 1 30000 2 30000 1 1 30000 1 30000 1 3 2 2 1 2 2 1 1 1 2 2 1 1 30000 1 1 1 30000 3 1 2 3 1 30000 2 3 1 3 3 2 1 30000 3 3 3 30000 2 3 2 1 3 2 30000 3 30000 1 1 30000 1 30000 1 2 3 30000 1 1 30000 1 3 1 2 3 2 30000 1 1 2 30000 1 1 1 1 3 1 2 2 30000 2 3 30000 1 1 30000 1 3 1 1 3 2 30000 30000 1 2 1 1 1 30000 1 1 1 1 1 1 30000 30000 30000 30000 3 2 30000 2 3 2 1 1 1 1 2 1 30000 1 2 1 30000 3 30000 1 1 2 30000 1 1 30000 1 1 2 1 2 1 1 1 1 2 30000 1 3 1 1 1 2 3 2 1 30000 1 1 1 30000 3 2 1 3 3 30000 1 2 1 3 3 1 30000 1 30000 2 30000 1 30000 30000 1 1 2 30000 3 30000 1 2 3 1 1 3 1 1 3 2 30000 3 3 3 1 2 30000 3 1 1 30000 2 3 30000 2 1 1 1 3 1 2 1 30000 1 30000 1 1 1 30000 2 2 1 3 30000 1 3 3 3 30000 3 2 1 3 1 2 3 30000 1 30000 1 30000 30000 30000 30000 3 3 3 1 3 1 1 30000 3 3 3 1 30000 1 2 1 3 1 1 1 30000 1 30000 1 1 3 2 30000 30000 30000 3 2 2 3 30000 30000 3 3 3 3 2 1 30000 1 3 30000 1 3 30000 2 3 1 2 2 30000 30000 30000 30000 1 1 3 2 2 1 2 30000 30000 3 1 1 2 3 3 30000 30000 1 1 1 30000 30000 2 3 1 1 30000 2 3 1 3 3 1 3 1 3 1 1 3 1 30000 2 30000 1 1 3 1 2 3 2 1 3 30000 2 1 1 1 30000 1 2 2 3 1 2 2 1 1 2 1 2 3 3 30000 1 3 30000 3 30000 30000 30000 3 30000 3 2 1 1 30000 2 30000 1 2 30000 30000 1 3 30000 2 3 2 1 3 1 2 2 3 3 30000 1 1 1 3 3 3 30000 30000 1 3 1 1 30000 2 1 3 1 2 30000 30000 3 1 30000 3 3 2 1 1 30000 1 30000 1 1 3 2 30000 1 1 1 30000 2 1 1 3 30000 3 1 1 2 3 3 30000 1 1 3 30000 2 1 2 1 2 3 2 1 1 30000 1 2 30000 30000 1 1 3 1 2 1 3 2 3 30000 30000 3 3 3 1 3 1 1 3 3 3 1 1 1 3 1 30000 1 1 2 3 1 3 3 2 3 30000 1 1 1 1 1 2 3 30000 2 1 3 1 1 1 30000 1 2 2 2 2 1 3 2 2 30000 2 3 1 1 2 2 1 3 3 1 1 1 3 2 2 30000 1 1 1 2 1 2 30000 3 2 3 3 1 3 30000 3 3 1 2 2 2 30000 30000 30000 2 1 1 1 3 1 3 3 1 2 2 1 1 30000 30000 30000 3 30000 30000 30000 1 3 1 2 2 30000 3 30000 2 1 30000 1 2 1 1 1 2 1 1 1 30000 30000 1 1 30000 1 1 2 3 1 1 3 30000 30000 2 1 1 1 3 1 2 3 3 1 2 1 30000 3 3 2 2 3 2 1 1 1 2 1 1 30000 1 1 2 3 1 1 3 30000 1 30000 1 2 2 2 1 2 2 1 2 2 2 1 3 2 1 30000 2 2 3 1 1 3 2 3 2 1 3 3 2 2 1 1 3 30000 30000 1 1 30000 1 30000 2 1 1 1 1 1 2 3 1 30000 30000 2 1 1 2 1 3 1 1 1 30000 30000 2 3 3 2 30000 1 1 3 3 3 1 1 3 1 1 3 3 1 30000 3 3 2 1 3 1 3 1 30000 30000 2 2 30000 1 2 30000 3 3 1 1 2 1 2 1 1 2 1 30000 2 30000 30000 30000 1 30000 1 1 2 1 1 3 3 2 2 2 1 2 1 3 3 1 1 30000 3 2 30000 3 30000 2 1 3 1 3 30000 30000 1 3 2 1 1 3 30000 2 3 1 30000 3 3 1 30000 30000 1 30000 30000 3 3 3 1 2 1 2 3 1 1 2 1 1 30000 30000 3 30000 1 30000 1 30000 30000 3 1 30000 30000 1 30000 2 1 30000 30000 1 1 1 30000 2 1 2 2 30000 2 3 1 2 1 1 1 2 1 1 3 1 2 2 3 3 1 1 3 3 30000 2 3 3 1 3 1 3 1 30000 3 3 30000 1 3 1 2 2 3 1 3 1 1 30000 3 1 1 30000 1 2 30000 1 1 1 1 1 1 1 1 30000 1 2 1 3 3 30000 1 2 30000 3 30000 2 30000 30000 1 3 2 1 30000 2 1 1 3 2 3 1 2 2 3 1 3 30000 30000 3 2 3 3 3 2 30000 2 3 3 1 1 2 3 1 2 1 2 1 2 30000 1 1 2 2 2 30000 1 3 1 1 1 3 2 1 1 1 2 3 1 2 1 30000 1 1 3 1 1 1 3 3 3 1 1 1 2 1 30000 2 1 30000 3 2 3 30000 2 1 3 30000 1 2 1 3 1 1 1 1 2 1 1 1 1 30000 1 1 3 3 1 2 1 3 1 3 2 1 1 2 2 3 3 2 1 2 1 30000 2 30000 1 3 1 3 30000 1 2 2 1 2 30000 3 30000 2 1 30000 3 2 1 3 30000 2 1 1 1 1 3 2 2 2 2 2 1 30000 30000 2 1 30000 30000 30000 30000 1 30000 1 30000 1 1 1 1 2 3 2 3 3 1 1 2 1 1 1 1 3 1 3 2 30000 1 1 3 1 2 2 30000 1 1 1 2 1 2 3 3 3 30000 3 3 1 1 3 2 1 3 2 1 30000 1 3 1 1 2 1 3 30000 30000 2 30000 2 1 2 3 2 1 1 1 30000 3 3 30000 30000 1 3 1 3 3 1 30000 30000 3 3 3 1 30000 2 1 1 2 1 1 30000 30000 1 3 2 1 30000 1 3 2 1 3 1 2 2 3 2 1 3 30000 1 1 1 1 1 1 1 2 3 30000 1 1 2 1 3 2 1 1 1 3 1 1 1 30000 30000 2 1 2 1 30000 2 3 2 30000 2 1 2 1 3 3 30000 1 1 30000 30000 1 3 30000 3 2 3 2 30000 1 2 3 1 30000 3 1 1 30000 3 1 1 30000 1 2 1 2 30000 3 1 30000 3 3 1 30000 30000 2 1 1 1 3 2 3 1 3 1 3 2 1 1 1 2 30000 1 1 1 3 1 30000 30000 3 30000 1 30000 1 30000 1 2 30000 1 3 2 1 3 3 1 30000 1 2 30000 1 3 2 3 1 2 1 2 2 3 1 3 2 2 2 30000 30000 2 3 30000 30000 1 30000 1 3 2 1 2 3 1 1 3 1 1 1 3 30000 3 2 1 30000 3 3 1 1 1 1 2 1 1 1 30000 1 30000 1 3 30000 1 2 1 30000 2 1 3 1 3 30000 2 1 2 1 1 2 1 3 1 30000 30000 3 3 1 1 3 2 1 1 1 2 1 1 30000 30000 30000 30000 1 1 1 2 3 1 3 30000 30000 2 30000 1 1 1 2 2 3 3 2 2 1 1 2 1 1 3 1 3 30000 2 1 30000 3 1 3 1 3 30000 30000 3 1 1 3 1 3 1 30000 1 1 2 3 1 30000 1 1 30000 2 30000 1 1 2 1 3 1 2 3 1 3 1 3 1 1 30000 2 2 3 1 1 2 1 2 30000 1 30000 2 2 30000 1 3 1 1 2 30000 3 3 1 1 3 1 1 1 2 1 1 2 1 1 2 30000 3 3 3 1 1 1 2 1 1 30000 1 2 2 1 3 3 2 3 3 30000 1 30000 1 1 1 1 3 30000 1 30000 1 1 2 2 3 1 2 3 1 2 3 3 1 1 3 30000 2 1 2 30000 1 1 3 2 1 3 1 2 30000 1 1 30000 30000 30000 30000 30000 2 1 3 3 3 30000 1 30000 1 1 3 1 1 2 1 1 3 1 2 3 30000 30000 1 3 1 3 1 30000 1 3 3 1 30000 30000 1 3 1 30000 30000 1 3 3 30000 30000 1 2 1 2 3 1 1 1 3 30000 1 2 1 1 1 3 1 1 2 1 1 30000 2 3 2 2 3 3 1 2 1 1 1 3 2 1 2 2 2 1 1 1 2 1 1 30000 1 2 2 30000 1 3 30000 1 2 3 1 2 30000 30000 2 3 1 30000 30000 30000 3 1 1 1 3 3 3 2 2 1 30000 2 3 2 1 30000 30000 30000 30000 3 30000 3 1 1 3 2 3 2 1 1 30000 3 2 1 2 1 30000 1 1 3 2 30000 3 1 30000 30000 2 3 2 30000 3 3 1 1 30000 1 30000 1 1 3 1 2 1 1 2 3 1 3 2 1 30000 1 2 30000 1 2 1 30000 1 30000 30000 3 1 1 1 1 3 1 3 1 1 1 1 2 1 1 1 30000 2 30000 1 1 3 1 2 30000 3 1 30000 1 1 2 1 1 1 1 2 2 3 1 1 1 2 1 2 30000 30000 1 1 1 2 1 1 2 2 1 1 30000 2 3 1 3 3 1 1 1 2 30000 2 3 30000 30000 1 30000 1 1 2 30000 3 3 1 1 1 30000 3 1 1 1 30000 1 1 1 2 1 1 2 2 30000 2 1 3 2 2 1 3 1 30000 3 1 30000 3 30000 2 3 1 30000 2 30000 30000 3 2 30000 30000 3 1 30000 1 1 30000 2 30000 2 1 2 1 2 1 1 2 30000 3 30000 30000 1 1 2 2 3 3 30000 3 30000 1 1 2 3 1 3 2 3 3 2 1 30000 1 3 2 2 2 1 1 2 2 30000 2 3 2 1 2 3 3 3 1 30000 1 1 1 30000 30000 30000 3 1 2 1 2 1 1 2 30000 1 1 3 3 30000 2 1 1 3 30000 1 1 30000 2 1 30000 1 2 2 1 30000 30000 3 3 1 2 1 2 1 30000 30000 2 3 30000 30000 1 3 1 1 2 1 3 3 3 1 1 1 1 1 1 1 1 2 2 30000 2 1 3 3 30000 3 2 1 30000 1 1 1 2 2 1 3 2 3 1 3 1 30000 30000 30000 3 3 3 3 3 1 1 1 3 3 3 2 3 30000 30000 1 1 3 1 1 3 2 3 1 1 1 1 3 3 3 2 1 30000 1 2 2 1 2 3 30000 1 2 2 2 30000 3 1 30000 2 2 1 1 30000 1 1 1 30000 1 2 2 1 3 1 1 1 3 1 1 1 2 2 3 1 30000 1 3 2 3 30000 3 3 2 1 30000 30000 2 1 2 1 30000 1 2 30000 1 30000 2 1 30000 2 30000 2 2 1 1 3 1 30000 1 2 3 30000 1 2 2 3 30000 2 2 1 2 2 1 3 30000 30000 1 30000 3 1 3 3 1 2 2 1 30000 3 1 2 1 30000 1 30000 3 2 30000 1 30000 1 3 30000 3 2 2 1 1 30000 30000 3 30000 1 1 2 3 30000 3 2 1 2 3 30000 3 30000 2 3 3 3 2 30000 30000 1 1 30000 1 1 30000 2 2 2 30000 1 3 1 3 1 1 3 1 30000 1 1 2 3 3 3 1 1 3 30000 2 30000 1 30000 30000 2 2 2 30000 30000 2 1 3 1 3 1 30000 1 1 3 1 2 2 1 1 1 30000 2 1 2 30000 1 30000 3 3 30000 30000 30000 1 30000 1 3 1 1 2 1 1 3 3 30000 1 30000 1 2 1 1 1 2 1 30000 1 1 2 1 1 1 3 2 1 3 2 1 1 1 2 3 2 3 2 1 1 1 30000 30000 1 1 30000 2 30000 30000 1 30000 2 1 1 30000 30000 3 1 3 1 2 1 1 2 1 3 1 3 1 1 1 30000 1 2 2 1 2 3 3 2 30000 30000 2 3 1 2 30000 2 1 2 2 2 30000 2 30000 1 30000 2 2 2 3 30000 3 3 1 1 2 3 1 1 1 1 2 30000 1 1 1 1 30000 1 1 30000 2 3 30000 2 1 2 2 2 3 2 3 1 1 1 1 1 3 1 1 30000 2 2 2 1 1 1 1 30000 30000 1 1 1 30000 1 30000 1 2 30000 1 1 3 30000 1 3 30000 30000 30000 30000 2 30000 1 1 30000 3 2 3 30000 1 2 1 2 3 30000 30000 1 1 3 30000 3 1 1 1 30000 3 1 1 1 2 1 30000 3 30000 1 3 1 3 1 3 1 1 30000 30000 2 30000 1 3 2 3 30000 1 3 30000 1 1 30000 30000 2 1 2 3 30000 2 3 1 2 1 3 3 1 3 1 2 1 1 3 1 30000 2 1 1 3 1 2 2 30000 2 1 1 30000 30000 30000 1 1 1 2 2 1 1 30000 30000 2 1 1 30000 1 3 1 30000 2 2 2 1 30000 3 1 30000 3 1 1 2 30000 2 3 2 3 2 1 30000 1 1 2 30000 30000 3 1 3 3 3 30000 2 3 3 30000 3 30000 1 1 2 1 1 30000 2 2 1 30000 30000 1 1 30000 1 2 2 2 30000 1 1 1 1 3 1 2 1 3 2 3 1 1 3 1 1 1 2 3 30000 2 1 2 30000 2 1 1 3 30000 1 1 1 1 1 30000 2 1 2 3 30000 3 1 1 2 2 2 2 3 3 2 2 1 1 3 30000 1 3 1 1 2 1 30000 1 1 3 3 2 3 1 1 2 1 3 3 2 2 1 3 1 2 3 30000 30000 3 3 3 3 2 2 30000 1 1 1 1 1 30000 2 1 3 1 30000 3 3 30000 2 1 1 30000 3 1 3 3 1 30000 2 3 3 1 1 2 1 1 1 1 1 1 1 1 30000 3 1 3 3 1 2 1 3 3 30000 2 3 3 3 2 2 3 1 1 1 3 1 30000 30000 1 1 1 1 1 30000 3 3 30000 30000 3 2 3 1 30000 3 1 1 1 2 30000 1 3 1 1 3 2 1 1 3 30000 2 30000 2 1 1 1 30000 2 1 1 2 1 1 3 30000 3 1 1 2 30000 30000 1 1 2 3 2 3 2 1 1 3 1 1 1 2 1 30000 30000 1 30000 1 1 1 1 1 1 1 1 30000 3 3 1 3 30000 1 2 1 30000 30000 1 2 1 30000 1 30000 1 1 30000 2 1 3 1 1 1 30000 3 2 3 3 1 1 1 2 30000 3 3 1 1 1 2 1 1 3 1 3 30000 1 1 2 30000 30000 2 1 1 1 2 3 3 3 3 2 30000 3 30000 1 30000 1 1 3 30000 1 1 1 30000 2 2 30000 1 1 1 3 1 1 2 1 1 1 2 1 2 30000 2 3 1 3 1 2 1 3 2 3 3 1 1 1 3 1 1 3 1 3 1 2 1 1 1 1 1 30000 30000 3 30000 2 30000 1 2 2 1 1 2 1 30000 1 3 2 2 1 1 1 1 30000 1 3 30000 3 3 1 1 2 1 1 1 3 3 2 3 3 30000 30000 1 1 1 30000 1 2 30000 3 1 3 1 2 30000 30000 3 1 30000 30000 1 2 1 2 1 1 1 2 1 2 2 3 1 30000 1 2 2 3 1 1 30000 3 3 3 1 30000 1 3 1 1 30000 3 30000 3 30000 3 2 1 3 1 1 2 1 1 3 1 2 1 30000 1 2 3 2 2 3 1 1 1 1 30000 30000 1 30000 3 1 3 1 1 2 1 30000 3 3 2 1 1 30000 3 2 2 1 3 30000 30000 30000 3 1 3 1 3 1 30000 1 30000 2 2 3 1 1 2 1 30000 30000 2 30000 3 30000 30000 1 30000 3 1 1 3 3 1 1 2 3 3 1 1 3 30000 1 30000 1 1 1 1 1 1 1 1 1 1 1 2 1 1 1 2 2 3 1 30000 3 1 2 3 1 1 1 1 1 1 3 3 1 30000 1 1 3 1 1 2 1 30000 3 3 2 30000 3 2 3 2 3 30000 1 1 1 30000 1 2 1 1 3 1 3 1 2 30000 1 2 1 3 1 3 2 1 1 1 3 2 1 1 3 2 1 2 3 1 3 30000 1 2 3 30000 1 30000 1 1 30000 30000 2 1 3 2 3 30000 30000 1 1 2 1 2 1 3 30000 3 2 30000 2 1 2 1 1 2 1 1 2 2 30000 2 30000 1 30000 3 1 1 30000 30000 3 2 1 2 30000 30000 3 30000 1 2 1 2 30000 1 30000 30000 1 2 1 30000 30000 2 3 3 30000 2 2 30000 1 1 30000 3 30000 3 1 30000 30000 3 30000 2 30000 2 1 1 2 1 2 3 30000 3 30000 1 1 1 3 2 1 30000 2 30000 1 1 30000 3 3 30000 3 1 30000 2 2 1 2 2 3 2 2 1 30000 1 3 1 1 3 1 30000 1 30000 30000 3 30000 3 2 2 30000 2 2 30000 2 2 3 1 1 30000 1 30000 1 30000 2 3 1 2 1 1 30000 1 1 1 1 1 30000 1 3 2 3 2 1 1 30000 1 3 2 3 30000 2 3 1 1 2 1 2 2 1 2 1 2 1 3 1 3 3 3 30000 2 1 1 1 30000 3 2 1 30000 30000 1 1 3 1 3 2 2 3 1 3 1 30000 1 1 1 3 30000 3 30000 2 3 3 2 3 1 1 1 1 2 2 1 2 30000 30000 30000 2 2 30000 30000 3 1 1 1 1 2 1 1 30000 1 1 30000 1 1 2 3 3 1 3 30000 2 1 1 3 30000 1 3 3 30000 30000 1 1 2 30000 2 1 1 30000 2 30000 30000 30000 30000 3 30000 3 2 2 1 1 1 3 1 3 3 3 1 2 1 1 1 1 1 1 1 30000 1 30000 2 1 3 1 1 2 1 1 2 3 1 1 1 3 2 2 2 30000 3 1 1 1 3 3 3 2 30000 1 1 3 1 2 1 2 2 1 30000 3 1 30000 1 3 1 30000 30000 3 30000 30000 30000 1 3 1 2 2 1 1 30000 30000 1 1 1 2 2 2 3 2 1 30000 3 3 1 2 1 30000 2 30000 1 2 30000 2 3 1 30000 3 1 3 30000 1 3 3 1 1 2 3 30000 30000 3 30000 30000 1 30000 30000 3 1 1 1 1 2 1 1 1 2 1 30000 1 30000 3 1 3 2 3 1 30000 1 2 3 1 2 3 3 3 1 3 2 2 3 1 3 1 30000 1 1 3 1 1 1 3 3 3 3 3 1 2 30000 1 30000 30000 2 3 1 1 3 1 3 30000 30000 30000 2 2 30000 1 1 1 3 1 1 2 3 1 1 1 1 2 30000 1 1 3 1 1 1 1 2 1 2 30000 30000 3 1 2 1 30000 30000 1 1 30000 30000 1 1 2 2 2 1 3 1 1 3 1 3 3 1 1 1 3 1 1 1 1 3 3 1 2 2 1 30000 1 2 1 30000 2 3 30000 1 2 30000 30000 30000 30000 1 2 3 30000 30000 3 1 3 1 1 2 3 2 1 3 30000 3 2 2 1 1 1 3 3 3 30000 1 30000 1 3 2 1 1 3 1 3 1 1 1 30000 1 1 3 2 30000 1 3 1 3 2 30000 3 1 1 3 1 2 3 1 3 1 3 1 3 1 1 2 1 2 2 3 3 1 2 1 30000 2 1 1 30000 3 2 1 2 1 2 1 1 30000 30000 2 1 30000 1 2 2 2 1 30000 2 1 3 1 30000 3 3 1 1 2 2 3 1 30000 1 3 3 30000 1 1 1 1 1 30000 1 1 2 2 2 30000 1 30000 30000 2 30000 1 30000 30000 3 30000 30000 1 3 2 2 1 3 2 30000 2 30000 1 1 3 1 1 3 3 3 2 1 1 3 3 1 3 1 3 30000 1 2 30000 2 2 1 30000 1 3 1 30000 1 3 1 1 30000 3 2 3 30000 3 30000 30000 1 1 1 1 3 3 2 1 2 1 1 1 3 1 1 1 1 2 30000 1 1 2 1 1 1 1 30000 3 1 1 2 1 2 3 2 1 3 30000 1 30000 1 30000 2 1 2 3 2 3 30000 2 1 30000 30000 1 3 30000 2 1 1 1 3 3 1 1 1 30000 3 30000 30000 30000 3 30000 3 1 1 1 30000 1 1 30000 1 1 3 30000 2 3 1 3 1 30000 3 1 1 30000 2 30000 1 30000 1 3 1 1 3 1 3 1 30000 1 2 2 30000 2 1 2 1 2 3 30000 2 1 3 2 1 30000 2 2 3 2 30000 2 30000 1 2 1 1 1 30000 3 1 30000 3 3 1 1 3 30000 2 3 1 30000 1 2 30000 1 3 3 3 2 1 1 1 1 2 1 3 30000 1 2 3 3 30000 1 2 1 3 2 3 3 3 2 1 30000 1 30000 2 1 1 1 1 1 1 1 3 2 1 2 30000 30000 1 2 1 1 1 1 1 1 1 3 30000 1 3 3 2 3 1 2 30000 2 1 3 1 2 2 2 1 30000 2 3 1 3 3 30000 1 1 1 2 30000 1 1 1 1 2 3 3 1 30000 2 1 1 3 1 30000 2 2 1 1 30000 1 2 3 1 30000 30000 30000 30000 2 1 2 2 1 3 3 1 1 2 1 30000 3 1 3 1 3 3 30000 1 1 1 2 2 30000 3 3 1 30000 3 2 30000 2 1 3 2 3 1 1 30000 1 30000 1 2 2 30000 30000 3 30000 3 2 1 2 30000 2 30000 30000 2 30000 2 1 1 30000 1 30000 30000 30000 1 1 30000 3 1 2 30000 1 30000 1 1 3 30000 3 1 3 1 30000 30000 3 3 1 1 2 1 2 30000 3 1 1 1 2 2 30000 1 30000 2 30000 2 3 1 30000 30000 30000 30000 3 3 1 1 2 3 2 3 3 30000 30000 1 30000 1 30000 2 1 2 2 2 3 2 2 2 1 2 3 3 3 2 1 1 1 3 30000 1 3 30000 1 2 2 3 3 2 3 2 1 1 2 30000 2 1 2 30000 2 3 1 1 3 30000 30000 1 1 30000 1 2 1 30000 30000 1 1 30000 30000 1 1 30000 1 30000 2 1 1 2 1 2 2 1 1 30000 1 1 2 1 2 3 30000 1 30000 3 30000 1 1 30000 2 2 1 30000 2 1 2 30000 30000 1 30000 2 1 30000 3 1 3 1 2 30000 3 1 3 2 2 1 1 3 30000 1 1 1 2 30000 1 30000 2 30000 1 2 1 1 1 1 1 30000 30000 3 3 30000 1 2 1 1 30000 1 3 1 2 3 1 3 3 2 3 1 3 3 3 1 1 2 3 1 3 1 3 2 1 2 1 2 2 1 1 1 3 2 1 3 1 1 1 30000 2 30000 1 3 1 2 30000 1 1 3 30000 30000 30000 30000 2 2 1 1 1 1 30000 2 1 2 1 30000 30000 2 2 1 1 2 1 30000 2 30000 3 2 2 2 1 3 2 1 2 1 1 2 30000 3 2 30000 1 1 1 3 2 1 2 2 1 1 1 30000 2 30000 2 3 1 3 1 2 1 2 30000 30000 1 30000 1 3 1 1 3 1 30000 30000 30000 30000 3 1 30000 30000 30000 1 2 2 3 30000 2 30000 2 2 1 3 1 30000 1 1 1 1 1 1 1 30000 30000 30000 2 2 30000 1 1 1 1 2 2 1 1 1 3 3 30000 2 1 3 30000 1 30000 1 3 1 1 1 1 3 1 30000 1 1 1 1 2 2 1 1 3 1 1 1 2 2 1 1 1 1 30000 1 30000 1 1 2 3 1 1 2 30000 3 30000 30000 30000 1 1 1 1 3 3 1 3 1 3 1 2 1 1 1 30000 2 1 2 1 3 30000 3 30000 1 1 3 30000 3 30000 2 2 1 1 1 2 3 1 30000 1 1 3 1 2 30000 1 1 30000 3 2 1 2 1 30000 1 1 2 1 3 30000 1 2 1 1 1 3 3 3 30000 1 1 3 1 30000 30000 3 1 2 1 30000 30000 3 1 1 30000 30000 3 2 30000 2 2 3 2 1 2 1 3 1 1 1 30000 3 1 2 2 2 3 2 30000 1 1 1 30000 2 1 1 1 1 30000 1 1 30000 30000 1 30000 1 30000 2 2 2 3 30000 30000 1 1 30000 1 1 2 3 2 3 1 1 2 2 30000 3 1 1 3 1 1 3 3 2 30000 3 2 2 1 1 1 30000 2 30000 1 2 2 30000 30000 3 1 3 1 1 30000 30000 1 1 2 2 3 2 1 1 1 1 2 3 3 1 2 1 2 3 30000 1 2 1 1 1 3 2 1 1 2 1 1 2 3 1 1 1 1 30000 30000 1 1 3 30000 1 1 1 1 3 3 2 2 1 2 2 2 2 30000 1 1 3 1 1 1 1 2 1 1 3 1 1 30000 2 1 30000 2 3 1 30000 1 1 1 1 3 30000 1 3 1 1 3 30000 1 3 30000 1 1 2 1 30000 3 1 2 30000 1 1 1 2 3 1 1 2 1 30000 3 1 30000 2 30000 1 1 1 2 30000 3 2 3 3 2 1 30000 1 3 3 3 30000 1 3 3 2 1 1 3 2 1 3 2 1 2 1 30000 1 1 3 3 2 1 2 1 30000 30000 30000 1 30000 2 1 3 1 2 2 1 3 1 3 30000 1 30000 3 1 1 1 1 1 3 3 30000 3 2 1 2 3 1 1 3 3 1 1 30000 30000 2 1 30000 3 3 30000 1 1 3 1 2 30000 1 2 1 2 1 30000 3 1 1 1 3 1 1 1 1 1 1 1 1 30000 2 3 1 3 30000 2 30000 30000 30000 2 2 1 2 1 1 3 30000 1 30000 2 30000 30000 2 3 30000 3 30000 2 2 2 2 3 3 30000 1 2 30000 30000 3 1 3 2 2 2 1 30000 2 1 1 2 3 1 1 3 1 3 30000 1 1 1 3 1 1 3 3 2 30000 1 3 1 1 2 3 1 1 1 1 3 1 1 1 1 1 1 1 2 1 30000 1 1 1 3 30000 3 3 1 1 30000 1 3 1 2 1 1 1 1 1 1 30000 3 2 30000 30000 1 1 3 2 1 1 1 2 30000 3 30000 3 1 30000 2 30000 3 2 1 1 2 30000 1 30000 2 30000 3 3 2 30000 1 1 1 2 3 3 30000 1 30000 1 30000 2 2 1 3 1 30000 30000 2 1 2 1 3 1 1 1 30000 2 2 2 3 2 1 2 1 1 2 1 1 3 30000 30000 1 3 1 2 30000 3 2 1 1 3 2 2 1 1 1 3 30000 1 1 30000 30000 1 30000 1 2 30000 30000 2 1 30000 1 3 1 2 30000 3 2 1 1 2 1 1 2 1 30000 30000 3 1 3 1 1 3 30000 1 1 30000 3 30000 1 1 2 1 1 3 1 3 1 30000 2 3 30000 1 30000 1 30000 2 2 3 2 1 1 1 2 1 30000 3 1 2 3 1 30000 2 3 1 1 30000 1 30000 30000 1 3 1 1 2 1 2 2 1 3 1 30000 3 1 30000 1 1 1 2 2 2 1 3 30000 30000 3 1 1 30000 30000 2 1 2 3 2 1 2 30000 1 2 1 3 2 1 3 1 30000 30000 30000 1 2 3 30000 1 3 2 3 2 1 30000 30000 30000 1 2 2 3 2 3 1 30000 1 30000 3 1 1 1 1 2 3 3 1 2 1 30000 1 1 3 30000 1 2 30000 30000 2 3 30000 2 3 30000 1 1 1 1 30000 30000 2 1 2 1 1 30000 3 3 1 1 2 3 3 30000 1 1 1 3 1 1 2 3 1 30000 1 2 3 30000 3 1 30000 30000 30000 3 30000 1 30000 1 30000 2 30000 1 3 1 30000 1 1 3 30000 30000 2 1 1 3 2 30000 2 30000 30000 1 30000 3 1 1 2 1 3 1 1 30000 30000 3 1 1 3 1 1 30000 1 30000 1 1 1 1 1 1 3 1 1 1 1 30000 2 3 30000 1 2 1 1 1 1 2 1 30000 30000 30000 1 3 2 2 2 1 1 3 2 1 1 1 1 1 1 1 3 30000 2 1 2 3 1 2 3 30000 2 2 1 30000 1 1 2 1 1 3 1 3 1 30000 3 3 3 30000 3 1 30000 2 3 1 1 3 30000 2 30000 3 2 1 2 3 1 1 2 30000 2 30000 1 2 1 1 2 1 1 30000 1 2 3 2 2 1 1 1 30000 2 1 3 2 30000 30000 1 30000 30000 3 1 2 3 30000 2 1 30000 1 1 1 1 3 1 1 1 1 1 1 3 3 1 1 3 30000 1 30000 2 30000 3 1 1 1 1 1 3 30000 2 30000 3 3 3 30000 1 1 1 1 30000 1 2 30000 3 30000 1 30000 1 3 2 30000 2 2 30000 30000 1 3 1 30000 30000 30000 30000 3 30000 3 3 30000 1 1 1 1 1 1 1 3 2 1 1 1 1 3 1 2 3 3 2 3 30000 2 3 30000 30000 1 1 3 1 1 2 1 2 1 1 3 1 30000 1 30000 2 1 1 3 1 1 2 3 1 30000 1 2 2 2 3 2 2 3 30000 3 2 30000 1 1 2 1 3 30000 30000 2 3 30000 3 3 30000 2 2 30000 2 1 2 2 1 2 30000 2 30000 30000 3 2 2 3 1 2 1 2 3 1 1 2 2 1 1 2 3 1 3 3 30000 3 3 1 2 3 2 3 3 1 3 2 3 30000 3 3 30000 2 1 2 30000 2 3 1 3 1 2 1 3 2 2 1 2 1 2 1 3 30000 2 1 3 30000 1 30000 30000 1 30000 3 2 2 1 1 1 30000 1 30000 30000 3 1 1 2 1 1 1 30000 3 2 2 1 1 1 30000 1 1 30000 2 3 1 1 3 1 2 2 2 30000 1 1 3 1 3 30000 30000 30000 2 1 30000 30000 30000 2 1 30000 30000 2 30000 1 1 2 1 1 1 2 3 1 1 1 1 3 30000 2 30000 3 30000 2 3 1 1 2 30000 1 3 1 30000 30000 3 1 30000 3 1 2 1 2 30000 2 1 1 1 2 30000 3 2 30000 3 1 3 2 3 1 1 1 3 30000 1 2 1 30000 1 3 2 2 1 2 1 30000 3 1 1 1 30000 3 3 2 1 1 1 3 30000 1 1 2 30000 1 1 30000 3 3 30000 3 3 3 2 1 1 3 30000 2 3 2 1 30000 1 3 1 1 3 3 1 1 1 30000 1 1 1 1 1 30000 2 1 30000 1 1 1 1 3 30000 1 1 1 2 1 30000 1 2 3 1 30000 2 30000 30000 1 1 1 1 1 3 1 3 1 2 2 2 2 1 3 3 2 1 1 3 3 1 3 30000 1 3 3 3 2 30000 2 1 2 30000 3 3 2 3 3 1 1 1 3 3 2 30000 3 2 1 1 3 1 30000 3 3 30000 3 1 1 1 2 2 1 3 3 1 3 3 2 30000 1 2 2 30000 3 2 3 2 30000 2 1 1 2 2 3 1 1 3 2 1 30000 2 1 1 2 30000 3 1 3 30000 2 1 1 1 2 1 2 1 30000 1 3 30000 1 30000 1 3 2 30000 30000 2 1 3 1 3 1 3 1 2 1 1 2 3 3 3 30000 1 1 3 1 2 30000 30000 1 1 3 3 1 2 30000 30000 3 2 1 30000 1 3 2 1 2 1 2 2 30000 2 1 30000 1 3 30000 30000 2 2 30000 3 1 1 3 3 1 3 30000 2 2 2 2 1 1 30000 30000 1 1 30000 2 30000 2 30000 30000 1 30000 3 3 30000 1 3 3 30000 3 1 30000 2 1 30000 30000 2 3 3 2 1 1 1 1 1 30000 2 1 1 2 3 30000 1 2 30000 2 1 30000 30000 30000 30000 1 1 1 1 1 1 1 3 1 3 30000 30000 1 3 30000 1 3 1 2 3 3 1 3 3 3 30000 1 1 30000 30000 2 1 1 1 2 1 1 30000 3 1 1 30000 30000 1 2 1 3 1 3 2 2 3 30000 3 1 1 1 30000 30000 2 3 30000 1 2 1 1 2 2 3 1 1 3 30000 30000 1 30000 30000 1 3 1 2 1 30000 30000 1 1 30000 2 2 1 3 1 2 1 2 3 30000 2 3 1 3 30000 1 1 3 2 30000 1 3 2 1 1 1 1 3 2 30000 1 3 1 3 3 1 3 3 30000 2 2 30000 1 1 1 30000 1 2 30000 30000 3 30000 1 3 1 1 30000 1 1 1 3 1 3 1 2 2 3 3 1 3 1 1 2 1 30000 1 2 30000 1 1 30000 3 30000 2 1 1 1 3 3 1 30000 3 30000 3 1 2 1 1 1 1 3 2 1 30000 3 1 30000 3 30000 2 3 30000 30000 3 1 3 3 3 3 2 2 30000 1 30000 30000 2 30000 1 2 30000 1 30000 1 1 2 2 30000 30000 30000 2 1 1 1 2 1 1 2 30000 1 1 2 1 1 30000 1 1 3 2 2 2 1 1 30000 3 1 3 30000 2 3 1 1 2 2 30000 1 1 30000 2 2 1 1 2 3 30000 2 30000 1 1 1 3 30000 30000 3 1 3 30000 3 1 30000 3 1 3 3 1 3 2 2 30000 1 30000 30000 30000 30000 3 1 1 3 30000 3 2 1 30000 3 2 2 30000 3 3 1 1 1 30000 1 2 1 1 1 1 3 3 1 2 2 1 2 1 1 30000 1 1 1 30000 30000 1 1 1 2 2 1 30000 3 3 1 1 1 30000 2 1 30000 1 3 3 1 1 1 1 1 1 3 30000 1 3 1 30000 1 30000 30000 1 30000 3 2 30000 2 1 1 1 30000 30000 1 30000 2 2 1 2 30000 1 1 2 2 3 2 30000 1 1 1 3 2 30000 30000 1 2 1 2 2 3 1 1 1 3 3 3 2 1 3 30000 1 1 2 3 1 2 1 3 3 1 1 30000 1 30000 30000 2 1 3 2 1 1 1 1 2 1 30000 1 2 2 1 1 1 1 1 1 1 1 30000 2 3 30000 2 1 2 3 30000 30000 1 30000 3 30000 3 3 1 1 1 30000 1 30000 1 30000 30000 2 1 1 30000 3 1 2 1 30000 3 2 1 2 3 1 30000 3 1 2 2 1 1 1 2 3 3 30000 3 30000 3 30000 1 1 30000 30000 1 1 2 1 2 3 3 2 1 2 1 2 3 2 1 30000 1 2 1 3 1 2 30000 30000 2 3 1 3 30000 2 3 1 1 3 30000 3 2 3 1 3 3 2 30000 3 30000 1 30000 30000 30000 3 2 2 1 2 1 30000 1 30000 1 1 3 1 30000 30000 1 1 1 1 3 1 3 1 2 1 3 1 2 3 3 2 3 1 1 30000 30000 2 1 2 3 1 30000 1 1 1 1 30000 1 1 1 2 1 2 2 2 2 1 2 30000 1 2 2 1 2 30000 2 1 1 30000 3 30000 30000 3 3 1 1 1 3 1 1 2 2 2 2 1 30000 3 3 30000 1 2 30000 1 1 2 1 3 1 1 30000 1 30000 2 2 2 1 3 1 1 30000 1 3 3 2 2 1 1 1 1 1 3 30000 30000 30000 30000 1 1 3 2 1 2 1 1 1 30000 1 1 2 2 3 1 1 30000 2 1 3 3 30000 1 30000 1 2 3 2 30000 1 30000 1 3 30000 2 30000 2 1 30000 30000 1 3 30000 1 1 3 2 3 1 2 1 2 30000 2 1 30000 1 1 3 2 30000 1 1 30000 1 3 30000 1 1 1 2 1 2 2 1 3 3 30000 3 30000 2 1 1 30000 2 1 1 3 2 3 3 30000 30000 2 30000 30000 3 30000 1 1 30000 3 30000 1 1 2 1 1 30000 2 2 1 3 1 1 1 2 2 2 2 30000 2 1 2 2 3 1 3 1 1 1 2 30000 1 3 30000 30000 3 1 2 1 2 1 1 30000 1 30000 1 30000 30000 3 3 2 2 2 30000 2 30000 2 3 3 30000 3 1 30000 1 30000 1 1 1 2 30000 30000 2 3 30000 3 30000 30000 2 1 1 1 3 3 1 1 3 3 2 1 2 1 2 1 3 30000 1 3 1 30000 30000 2 30000 30000 2 3 1 1 30000 1 1 1 2 2 30000 2 3 30000 3 1 30000 2 1 1 3 2 1 2 2 2 2 1 30000 3 30000 1 30000 30000 30000 3 2 1 1 2 3 1 3 30000 30000 3 2 30000 1 3 1 3 30000 3 1 1 1 30000 30000 3 2 1 30000 1 3 30000 1 2 3 1 1 1 1 2 1 2 1 30000 1 30000 3 2 30000 1 2 1 2 1 1 30000 3 30000 2 30000 30000 1 2 30000 2 1 1 1 2 3 3 1 3 1 1 30000 1 1 3 2 2 2 3 1 1 1 1 2 30000 2 1 1 2 30000 2 30000 1 1 3 3 30000 1 2 2 30000 3 30000 3 1 1 2 2 30000 1 2 3 1 1 2 2 3 30000 1 1 1 1 3 1 30000 1 1 30000 3 1 3 1 1 2 1 1 3 2 3 3 30000 3 1 1 1 30000 1 1 1 3 1 1 1 2 1 2 2 1 1 1 1 3 3 2 2 30000 2 2 1 1 30000 30000 2 1 30000 1 30000 30000 1 30000 30000 2 1 30000 2 1 1 1 2 30000 2 1 30000 3 1 1 3 1 30000 30000 1 30000 1 2 1 3 2 30000 1 2 3 1 1 3 1 2 3 2 2 1 2 30000 3 3 30000 2 30000 3 30000 30000 1 1 3 1 1 1 1 1 2 1 30000 1 3 1 2 1 3 30000 1 30000 1 30000 3 3 1 2 1 1 30000 2 2 1 1 2 1 3 1 3 2 1 2 30000 2 30000 2 2 2 1 1 1 2 1 3 30000 1 30000 1 1 1 3 2 1 30000 3 1 3 2 2 1 3 3 3 30000 1 1 3 3 30000 2 30000 1 2 1 1 1 30000 3 1 1 1 2 2 2 3 2 1 1 1 3 1 3 2 3 1 30000 1 1 1 30000 30000 1 1 3 30000 1 30000 2 1 3 1 1 1 1 1 3 1 1 30000 1 1 1 3 2 3 1 2 1 2 1 1 1 3 3 2 30000 2 3 1 1 3 1 30000 1 1 1 1 3 3 3 2 30000 3 1 2 2 3 1 30000 1 1 1 3 30000 1 30000 3 1 1 3 2 1 1 2 1 30000 3 2 1 1 1 30000 1 1 30000 1 2 2 30000 2 1 2 2 3 2 3 1 30000 3 1 1 1 3 3 1 1 3 30000 1 1 3 1 2 1 2 2 1 30000 1 1 2 1 1 30000 2 3 1 3 1 2 30000 30000 1 3 30000 1 1 30000 1 30000 2 1 1 30000 30000 1 1 1 1 1 2 2 3 3 1 1 1 30000 3 1 30000 3 1 1 1 2 1 2 2 30000 2 30000 1 3 30000 2 3 30000 2 2 30000 1 30000 1 2 2 1 30000 1 1 2 1 2 3 1 2 3 2 1 1 30000 1 30000 30000 3 2 1 2 3 3 2 3 3 30000 2 1 1 30000 1 2 1 1 2 3 3 2 30000 1 30000 1 30000 1 2 30000 2 30000 1 2 30000 3 2 1 3 30000 1 3 2 1 1 1 1 1 30000 1 30000 30000 1 1 2 1 3 30000 1 1 1 1 1 2 1 2 3 2 1 30000 30000 1 2 2 3 1 30000 3 30000 1 30000 2 3 1 3 1 30000 1 30000 3 1 3 1 1 1 30000 3 1 3 1 3 3 1 3 1 2 2 2 1 2 30000 2 1 1 3 30000 1 1 2 1 1 3 2 1 1 30000 30000 3 1 2 1 2 3 3 3 1 2 1 1 1 3 1 2 30000 2 1 1 1 1 1 2 30000 1 3 3 2 2 3 1 2 1 1 1 3 2 1 30000 1 1 1 1 30000 30000 2 1 3 1 2 1 1 30000 30000 2 30000 30000 2 30000 30000 1 2 1 2 2 1 2 3 30000 30000 1 30000 1 3 3 1 1 1 1 1 3 1 30000 3 30000 30000 1 1 1 1 1 1 1 1 1 30000 3 2 1 3 1 3 30000 2 1 30000 2 2 2 1 2 30000 3 3 1 1 2 30000 30000 1 1 1 1 1 1 2 3 3 30000 30000 1 1 2 1 1 2 1 1 2 1 1 30000 30000 1 3 1 3 1 2 1 3 1 2 1 2 1 1 1 3 2 30000 2 30000 1 3 3 1 30000 1 3 2 30000 30000 30000 3 1 1 2 1 3 1 1 30000 3 3 2 1 2 1 3 2 2 1 1 3 1 1 3 1 2 1 30000 1 30000 2 2 2 2 30000 1 1 1 30000 30000 30000 3 3 1 2 3 1 1 1 1 1 1 1 1 2 2 1 30000 2 3 30000 2 30000 30000 30000 1 1 30000 2 30000 30000 2 1 3 1 30000 3 30000 2 1 30000 3 2 2 2 3 30000 1 1 1 2 1 30000 1 3 1 30000 30000 3 30000 3 3 2 3 1 3 1 1 3 1 30000 3 1 30000 30000 3 1 30000 3 3 1 30000 3 2 30000 1 3 1 30000 1 1 1 1 2 1 1 1 3 30000 2 3 1 2 1 2 1 2 1 3 2 3 1 30000 2 3 1 3 1 1 1 3 2 1 1 1 3 3 3 30000 2 2 1 2 3 3 1 30000 3 30000 3 30000 2 30000 1 1 30000 3 30000 2 1 30000 1 1 1 30000 2 1 30000 1 1 2 2 30000 3 1 2 1 30000 2 2 3 30000 1 2 1 30000 1 30000 1 3 3 1 30000 1 1 30000 3 2 3 1 3 3 3 2 2 1 1 2 3 1 1 3 2 3 3 1 3 1 2 1 3 30000 2 1 1 30000 3 1 3 1 3 1 1 2 1 1 3 2 1 2 1 30000 30000 2 1 1 30000 3 2 1 30000 3 30000 3 1 1 1 3 1 30000 3 1 30000 1 1 30000 30000 1 3 2 2 2 2 1 30000 2 1 1 3 1 1 1 3 30000 2 3 1 3 30000 30000 1 30000 1 3 30000 1 1 1 1 3 1 30000 1 2 2 1 3 1 1 3 30000 30000 1 2 1 2 3 30000 2 2 30000 1 3 1 30000 1 1 1 1 1 3 1 30000 3 1 2 1 3 2 1 1 1 1 1 3 1 3 3 1 1 3 3 1 1 3 30000 3 2 30000 2 2 1 3 30000 1 2 2 1 1 1 2 2 2 30000 3 30000 3 2 1 3 1 2 2 30000 1 1 30000 2 2 2 1 2 2 1 1 1 3 3 2 3 1 1 1 3 1 30000 2 3 2 1 2 30000 30000 3 30000 1 1 2 1 3 3 1 30000 30000 30000 3 1 1 30000 30000 2 2 3 30000 30000 3 2 1 3 3 30000 2 3 2 2 2 30000 1 1 3 30000 2 30000 1 2 2 1 1 1 3 1 1 1 3 1 2 3 30000 1 1 30000 30000 2 1 30000 30000 1 3 3 1 30000 1 1 30000 30000 1 1 1 2 30000 1 1 2 30000 30000 30000 30000 1 1 2 1 1 2 3 1 3 2 3 1 1 30000 1 3 1 1 30000 3 2 1 3 2 1 3 1 1 1 1 1 1 30000 1 2 2 1 30000 1 2 1 1 1 1 30000 3 1 1 3 1 1 1 30000 30000 3 1 2 3 2 1 1 3 2 3 1 2 1 3 3 1 30000 2 3 1 1 1 2 1 1 30000 1 2 3 1 3 1 1 30000 1 30000 30000 30000 1 1 1 1 3 1 1 30000 1 1 1 30000 2 2 1 1 1 30000 1 3 2 30000 30000 3 3 1 30000 3 2 1 3 1 30000 3 1 1 3 1 2 3 1 2 30000 1 3 30000 3 2 1 3 3 2 1 30000 1 30000 1 3 2 3 1 2 3 1 1 30000 1 3 3 2 2 3 1 30000 1 1 3 3 1 1 1 1 2 3 1 30000 1 3 30000 2 3 1 30000 30000 1 3 1 2 1 3 30000 1 1 30000 1 1 2 1 1 30000 2 1 30000 1 1 1 1 2 1 3 1 3 1 3 3 3 1 3 1 30000 2 2 2 3 1 2 2 30000 30000 1 1 1 1 1 1 30000 1 3 1 1 3 1 3 30000 3 2 2 2 2 1 3 1 2 1 2 1 30000 1 2 30000 3 3 1 3 2 1 2 30000 1 1 30000 30000 3 30000 1 3 30000 3 30000 1 1 2 2 1 1 1 1 3 1 1 3 1 1 2 1 1 3 2 1 1 3 1 1 1 3 1 1 1 2 1 1 1 1 3 1 1 2 30000 1 1 1 3 3 3 1 30000 1 1 30000 2 3 2 2 30000 30000 30000 30000 1 2 1 2 1 1 1 30000 1 1 2 3 1 1 30000 1 3 1 3 1 1 1 3 2 1 1 1 1 30000 1 1 1 3 2 1 30000 3 2 30000 3 2 30000 1 3 1 1 3 3 3 2 1 3 1 3 30000 3 1 1 1 30000 2 2 3 3 30000 2 2 30000 2 3 30000 30000 30000 30000 30000 1 3 3 30000 1 1 1 1 30000 1 1 1 1 1 1 2 3 1 2 3 30000 30000 1 3 3 2 1 1 1 3 2 2 1 3 2 3 30000 1 30000 2 1 1 1 1 2 1 1 2 1 2 2 1 30000 3 30000 2 1 30000 1 2 2 1 2 1 30000 3 1 1 1 1 30000 30000 1 2 30000 2 30000 3 30000 30000 1 1 1 30000 1 3 1 3 1 30000 3 30000 30000 1 2 1 1 1 1 1 3 3 1 1 3 2 30000 3 3 2 1 1 2 3 1 1 30000 1 2 1 30000 3 1 30000 2 3 30000 1 2 30000 1 1 2 2 2 30000 30000 1 1 30000 3 1 30000 3 3 3 1 1 1 30000 1 1 2 2 1 1 1 1 2 1 1 30000 1 3 2 2 30000 1 2 30000 2 1 1 2 1 30000 3 1 30000 2 3 1 1 1 1 3 30000 1 1 1 3 1 30000 3 1 30000 30000 1 30000 30000 1 3 1 2 2 3 3 1 3 1 30000 1 1 1 3 30000 1 3 1 2 3 2 1 2 30000 1 2 3 1 30000 1 3 2 1 2 1 3 2 2 2 2 1 1 1 3 3 2 1 2 1 30000 1 3 1 2 2 30000 1 1 2 2 1 30000 1 1 3 3 3 30000 2 30000 3 1 2 3 2 1 2 30000 2 1 2 1 3 1 2 1 1 2 3 30000 2 1 30000 1 30000 30000 1 30000 3 30000 1 30000 3 2 30000 1 30000 2 3 30000 3 30000 2 30000 3 30000 2 1 30000 1 1 3 30000 3 1 30000 1 1 2 30000 1 1 1 1 2 1 1 3 1 3 30000 2 1 1 30000 1 1 1 2 3 30000 1 30000 30000 1 1 2 1 1 30000 30000 2 1 2 1 30000 3 1 1 1 1 2 1 3 1 3 1 1 30000 3 3 1 1 1 2 1 1 1 30000 2 1 1 2 1 1 2 2 2 2 3 1 3 2 2 3 3 3 30000 3 3 1 30000 3 1 1 3 1 30000 30000 2 3 1 3 2 3 2 1 30000 2 1 1 1 3 3 3 30000 30000 1 1 2 1 1 3 2 2 1 2 1 30000 1 30000 3 30000 30000 30000 30000 1 2 1 3 1 3 3 1 30000 3 1 30000 1 30000 1 2 1 3 3 2 1 2 3 2 2 2 1 1 3 3 1 1 1 1 3 30000 1 3 3 2 30000 1 1 1 1 1 1 2 3 3 30000 1 30000 3 1 3 2 3 1 1 3 2 3 3 2 2 30000 30000 3 2 2 3 3 2 1 3 30000 3 3 2 30000 1 1 1 2 3 1 1 3 1 2 30000 1 1 30000 1 1 1 30000 2 3 30000 1 2 3 3 3 2 2 30000 1 1 30000 1 1 30000 1 2 1 3 3 1 1 30000 3 2 3 2 3 1 1 1 3 3 2 2 1 1 2 30000 30000 3 1 2 30000 3 2 1 30000 30000 30000 2 2 1 30000 30000 1 2 3 2 1 1 1 30000 3 2 30000 3 3 3 1 30000 1 1 3 3 30000 2 30000 2 3 30000 3 1 1 2 1 2 1 1 1 30000 1 1 1 1 3 30000 3 1 1 30000 3 1 3 1 1 1 30000 1 1 1 30000 3 1 1 30000 1 1 1 1 1 1 2 1 1 30000 2 2 2 1 30000 1 1 3 1 30000 2 3 30000 30000 30000 30000 1 30000 1 30000 3 3 3 1 1 1 3 1 2 3 1 1 1 2 1 3 1 2 30000 30000 3 1 1 1 2 30000 1 1 30000 1 3 30000 30000 1 3 1 1 3 3 2 30000 2 2 30000 1 3 30000 1 1 30000 3 1 1 1 2 3 1 2 1 1 2 1 1 1 1 1 30000 2 1 2 1 1 2 1 2 30000 1 1 30000 2 3 2 2 30000 1 3 30000 2 1 1 1 3 3 3 30000 2 3 30000 1 30000 3 3 2 30000 1 3 30000 30000 1 30000 1 3 1 30000 2 30000 3 2 1 1 30000 3 30000 1 30000 3 1 30000 2 30000 1 3 2 30000 2 2 3 30000 1 1 3 30000 1 3 3 1 30000 30000 30000 1 3 1 3 30000 3 1 1 2 2 3 1 3 2 1 1 30000 1 3 1 1 2 1 1 1 1 3 1 1 3 3 2 3 3 30000 3 30000 1 1 2 30000 30000 1 2 1 1 2 1 2 30000 1 3 30000 3 30000 30000 1 30000 30000 3 1 3 2 30000 1 1 1 1 1 3 1 2 1 1 1 3 1 2 30000 1 1 2 1 3 3 1 1 3 3 2 1 30000 2 3 30000 3 3 1 3 1 3 3 30000 2 3 1 1 1 2 30000 1 2 1 1 30000 1 3 3 1 1 3 2 3 2 2 1 1 1 1 1 30000 30000 2 1 1 3 3 1 3 30000 2 30000 2 2 2 3 1 3 2 2 1 3 1 30000 2 3 2 1 1 1 2 30000 1 30000 30000 30000 2 3 30000 2 3 1 2 1 2 30000 2 3 1 30000 1 30000 1 30000 30000 30000 3 1 30000 2 1 2 3 2 1 2 3 3 2 30000 30000 3 3 3 1 30000 1 3 1 30000 3 1 3 3 1 3 30000 2 3 3 2 2 2 2 1 2 2 3 30000 3 1 30000 2 3 3 1 3 1 30000 30000 30000 1 3 1 30000 1 30000 1 1 30000 3 1 1 2 3 1 1 2 2 30000 2 2 1 30000 1 2 1 1 3 1 3 2 1 30000 3 1 30000 30000 1 3 1 3 1 3 1 1 1 3 30000 2 2 1 1 30000 1 2 3 2 1 3 2 1 2 1 1 1 2 1 30000 2 1 2 2 1 2 30000 2 30000 3 3 1 30000 2 30000 30000 3 3 3 2 1 1 1 2 1 1 1 30000 2 2 1 30000 3 1 2 2 30000 1 1 1 3 2 30000 1 2 1 1 3 30000 3 3 2 3 1 30000 30000 30000 1 2 2 1 2 1 3 1 2 1 30000 1 2 3 2 3 1 3 1 1 2 1 2 30000 1 3 3 3 3 3 3 3 2 1 30000 30000 1 3 1 30000 30000 1 1 3 3 2 3 1 3 3 30000 1 30000 30000 1 2 3 30000 3 3 30000 3 2 30000 3 1 1 1 2 30000 1 30000 2 30000 1 1 2 2 1 30000 2 1 2 1 30000 3 3 2 30000 3 1 2 30000 2 1 1 3 1 1 30000 1 3 1 3 3 1 2 2 1 3 1 3 2 1 1 1 1 1 1 30000 1 30000 30000 1 30000 1 30000 1 30000 1 3 2 3 3 1 1 30000 30000 3 3 30000 1 1 30000 1 3 3 30000 2 30000 1 3 30000 30000 30000 1 2 30000 2 1 1 3 1 3 1 3 2 1 3 1 3 30000 2 3 1 1 1 30000 1 1 3 3 3 1 1 3 1 2 1 1 1 3 30000 30000 1 1 2 30000 2 2 30000 30000 3 3 30000 2 3 1 1 3 3 30000 1 3 30000 1 30000 2 1 1 30000 2 2 1 1 1 30000 2 1 30000 3 1 3 3 30000 1 30000 3 30000 1 1 2 1 1 1 1 2 2 3 1 1 3 3 1 30000 30000 1 2 2 30000 3 30000 30000 1 1 2 1 1 3 1 3 30000 2 30000 30000 3 3 1 1 1 3 2 30000 2 30000 2 3 3 2 1 30000 1 30000 1 1 1 1 30000 1 1 3 2 1 30000 30000 2 30000 3 3 30000 2 1 1 1 1 2 1 3 2 3 30000 1 1 1 2 30000 3 3 1 1 2 1 30000 1 2 1 1 1 1 3 2 1 30000 3 1 30000 1 30000 2 3 1 2 1 1 1 30000 1 30000 3 2 1 3 1 1 2 2 3 30000 1 2 1 1 3 2 1 30000 2 30000 3 1 1 2 2 1 1 1 1 30000 1 1 1 30000 2 1 1 3 1 1 1 1 1 3 30000 3 1 3 3 30000 1 1 1 30000 30000 1 30000 1 1 1 1 2 3 2 1 3 3 1 3 1 2 2 2 3 1 1 1 30000 1 3 30000 3 3 1 3 2 1 3 3 1 1 3 2 1 1 1 1 30000 3 1 1 2 30000 30000 3 1 1 3 1 3 1 2 30000 1 2 2 1 1 2 1 1 1 1 30000 1 3 3 2 1 1 2 1 1 2 1 1 1 3 1 1 2 1 30000 1 1 3 3 3 1 30000 3 30000 30000 3 30000 1 1 30000 30000 3 1 2 1 1 3 30000 30000 3 3 30000 30000 1 30000 2 30000 2 3 2 2 2 1 3 3 30000 1 1 1 1 1 2 3 30000 30000 30000 1 3 2 1 30000 1 2 1 1 30000 1 1 1 1 2 1 1 1 1 2 3 1 1 3 1 3 3 1 3 30000 3 1 1 3 30000 1 1 1 1 3 1 1 1 3 3 1 1 30000 1 30000 1 3 2 1 1 1 2 30000 3 30000 3 1 3 2 2 1 3 30000 2 1 1 30000 1 1 3 30000 1 1 30000 1 3 30000 2 1 3 2 1 3 1 1 1 3 1 1 1 3 3 1 1 2 30000 3 1 3 1 30000 1 3 1 3 1 3 1 1 1 30000 1 3 2 1 3 30000 3 2 1 30000 3 1 1 3 3 1 2 1 3 1 2 2 3 3 1 30000 1 30000 2 3 30000 3 30000 1 1 30000 1 1 3 1 1 1 30000 1 3 3 1 30000 3 1 2 1 30000 30000 2 30000 1 30000 30000 2 3 1 2 1 1 3 1 2 30000 3 2 2 3 30000 1 30000 2 1 30000 1 30000 1 3 2 1 30000 3 1 3 2 30000 3 1 2 1 1 1 3 1 1 1 2 1 1 3 30000 1 3 1 3 1 3 3 30000 30000 2 2 30000 1 3 1 1 1 30000 3 1 2 2 1 3 1 30000 2 3 1 1 3 1 1 2 3 30000 1 3 2 2 2 1 1 30000 3 1 1 2 2 30000 2 1 3 3 30000 3 30000 3 2 3 30000 1 2 2 1 30000 30000 2 30000 1 1 3 2 3 2 1 1 1 1 2 1 30000 30000 30000 2 2 1 1 2 1 3 1 2 2 1 1 2 30000 1 2 2 1 2 30000 3 1 30000 1 1 1 30000 1 1 1 2 1 2 1 3 1 1 2 1 3 2 2 2 3 1 3 30000 1 2 3 1 1 1 2 1 1 30000 2 30000 3 3 1 1 2 1 2 1 2 2 1 1 1 2 1 2 3 3 2 30000 30000 2 1 2 30000 3 2 30000 3 3 3 1 2 2 30000 2 3 1 3 1 30000 1 3 1 2 1 3 30000 30000 1 1 2 1 30000 2 2 1 30000 3 30000 2 2 3 1 2 2 1 1 1 2 3 3 1 30000 3 30000 2 2 1 2 3 1 1 30000 30000 3 3 1 30000 2 30000 30000 1 1 3 30000 30000 30000 3 2 3 3 3 1 3 3 1 30000 2 3 3 30000 1 30000 1 3 1 2 1 1 1 30000 1 1 1 2 2 30000 3 3 30000 1 3 30000 3 1 1 2 3 1 1 1 1 2 2 1 2 1 3 1 1 30000 30000 3 2 3 30000 1 3 1 2 30000 1 1 1 30000 2 30000 30000 1 1 30000 3 3 1 1 3 30000 30000 30000 2 3 2 2 1 1 3 3 1 1 2 1 30000 30000 2 30000 1 1 2 3 3 1 1 1 30000 1 3 1 1 1 2 2 1 3 1 30000 1 1 2 2 1 1 1 2 1 3 30000 2 3 2 30000 2 30000 30000 1 30000 2 1 30000 3 1 1 2 1 1 3 30000 30000 1 3 3 1 1 1 1 30000 2 1 3 3 1 2 30000 2 3 1 30000 3 1 30000 30000 3 1 3 3 2 30000 1 1 1 30000 1 1 1 30000 2 3 1 3 1 1 3 30000 2 2 2 1 2 1 1 3 1 2 1 30000 3 2 1 1 30000 1 1 1 3 2 30000 30000 1 1 30000 1 2 30000 30000 2 1 1 1 1 30000 30000 1 30000 3 1 30000 2 3 1 1 30000 3 3 1 30000 30000 30000 1 3 1 2 3 1 2 30000 30000 1 1 3 1 30000 1 1 1 3 1 3 2 30000 1 1 1 3 3 1 2 1 1 30000 30000 1 1 30000 3 30000 30000 1 3 30000 3 1 30000 3 3 3 1 2 1 30000 1 1 2 1 3 1 3 30000 3 1 1 1 30000 1 1 30000 30000 2 1 1 30000 2 1 1 1 1 3 30000 3 3 1 30000 2 3 1 1 1 2 1 3 30000 30000 2 2 1 3 1 30000 2 3 30000 2 1 2 1 1 30000 1 30000 30000 3 30000 30000 2 30000 30000 2 1 1 1 1 2 1 1 30000 1 1 1 3 30000 1 1 3 1 1 1 1 3 2 30000 3 2 3 30000 30000 1 3 1 1 1 2 3 1 30000 30000 2 30000 2 30000 2 30000 30000 1 30000 2 1 3 3 30000 2 1 1 2 3 1 3 1 1 3 1 30000 1 1 30000 30000 1 3 3 2 1 1 1 1 1 1 2 1 2 30000 1 3 30000 1 3 2 30000 2 1 2 30000 1 1 1 3 30000 2 30000 2 1 1 30000 1 1 30000 1 30000 3 1 30000 2 1 1 30000 30000 1 1 1 1 1 30000 3 30000 2 2 3 30000 30000 1 1 30000 1 1 3 2 30000 3 1 1 30000 1 2 30000 1 2 1 1 1 30000 3 3 1 30000 30000 1 3 2 1 1 2 3 1 3 30000 30000 2 2 1 2 1 1 1 1 1 3 2 1 30000 2 1 1 30000 3 1 2 1 3 1 30000 1 2 3 1 1 1 3 1 30000 1 2 30000 30000 3 3 1 30000 1 2 2 1 3 3 1 30000 1 1 1 1 3 2 30000 1 1 1 30000 30000 1 2 1 1 3 2 3 2 1 1 1 1 3 2 2 3 3 1 2 1 3 2 1 30000 3 1 1 1 1 1 30000 1 30000 30000 3 1 1 1 1 1 30000 30000 2 1 30000 2 1 1 1 1 30000 3 1 1 3 2 1 30000 2 1 30000 3 1 2 30000 3 2 1 3 1 1 1 1 2 1 1 30000 30000 2 3 1 30000 30000 1 2 2 2 2 1 2 2 1 2 30000 2 1 30000 1 3 2 30000 1 3 1 30000 2 3 1 2 1 1 1 1 1 3 2 30000 1 2 1 30000 2 30000 2 1 2 1 3 1 1 1 2 1 1 3 1 1 3 30000 3 2 30000 2 1 3 1 2 1 1 2 1 3 30000 1 1 2 3 1 30000 1 2 2 1 3 1 3 1 2 1 2 3 2 30000 3 1 2 1 3 1 1 1 30000 1 30000 30000 30000 30000 3 1 1 1 2 1 2 30000 3 1 2 1 2 30000 30000 2 1 1 1 3 1 2 1 30000 30000 2 1 3 2 30000 30000 2 3 2 3 3 1 30000 1 2 2 1 2 1 1 30000 3 1 1 2 1 2 30000 1 1 3 1 1 30000 1 30000 1 2 2 1 3 1 2 1 30000 1 3 2 30000 30000 2 30000 1 3 30000 1 1 30000 2 1 30000 30000 2 2 3 1 1 1 2 30000 1 1 1 1 1 3 2 30000 3 3 3 30000 1 1 30000 1 1 3 1 30000 1 3 3 1 30000 1 1 1 2 3 30000 3 1 3 30000 1 2 2 30000 30000 2 30000 30000 30000 1 1 2 1 3 30000 2 3 2 2 3 1 3 1 2 30000 30000 1 30000 30000 3 2 30000 2 2 2 2 3 2 30000 1 1 1 1 2 3 3 1 30000 1 1 1 1 30000 2 1 1 1 2 1 3 2 30000 3 1 30000 1 1 3 30000 30000 3 2 1 3 3 2 1 3 1 30000 1 1 3 2 2 1 30000 2 3 1 1 1 30000 1 3 3 2 2 1 1 1 1 2 1 1 30000 2 2 30000 1 2 1 30000 2 1 30000 3 1 1 3 3 1 3 2 1 30000 1 1 2 3 1 2 1 1 1 1 2 30000 1 2 1 1 30000 2 30000 1 30000 2 1 30000 2 3 2 1 1 30000 1 1 1 30000 1 3 3 3 3 1 1 1 1 2 3 1 3 30000 2 2 3 3 3 2 1 1 3 2 1 2 1 2 3 30000 2 3 1 3 2 1 1 2 1 3 2 1 1 3 30000 3 30000 30000 2 2 30000 1 1 2 3 2 1 3 2 1 2 3 3 1 3 2 3 1 2 2 2 2 3 3 1 1 1 3 30000 30000 2 1 2 2 2 3 1 30000 2 3 30000 3 30000 1 30000 1 1 1 30000 30000 3 1 30000 3 2 30000 1 3 1 1 1 30000 3 1 30000 2 1 30000 1 1 1 3 30000 1 30000 1 1 1 1 30000 1 1 3 1 1 1 2 3 1 1 30000 2 1 30000 1 30000 1 30000 3 30000 3 1 1 1 1 1 2 1 30000 1 3 1 3 3 1 30000 30000 1 1 1 1 1 1 30000 3 3 3 2 30000 30000 3 1 1 2 2 3 30000 1 30000 3 30000 2 1 30000 1 1 2 3 30000 1 30000 1 1 30000 2 1 30000 30000 1 30000 3 2 3 2 2 3 1 2 30000 1 1 2 1 2 1 30000 1 30000 30000 3 2 2 30000 30000 1 30000 30000 1 2 3 3 2 30000 3 1 30000 3 2 30000 30000 1 2 30000 3 1 3 30000 3 30000 30000 1 1 30000 30000 30000 30000 3 1 1 2 30000 1 1 1 1 2 1 1 3 2 1 30000 1 2 1 1 1 30000 30000 3 1 1 3 2 2 1 1 1 1 1 1 30000 2 30000 3 3 2 2 2 30000 1 30000 30000 3 1 2 2 3 1 30000 1 1 30000 2 2 1 30000 30000 2 30000 30000 1 1 30000 30000 3 2 2 30000 2 3 2 30000 1 30000 30000 3 3 3 30000 2 3 1 1 1 1 30000 2 2 3 30000 3 1 1 3 2 1 1 3 2 3 2 1 1 1 1 3 3 2 1 3 2 30000 30000 1 3 2 1 1 3 1 1 3 30000 3 3 3 2 30000 1 3 1 3 2 1 3 1 1 1 2 30000 2 30000 3 2 1 1 30000 1 3 30000 30000 30000 2 3 1 1 1 2 2 2 30000 1 1 2 1 1 1 30000 1 3 1 30000 2 1 3 30000 3 2 2 2 30000 2 2 2 1 3 30000 2 30000 1 1 3 3 30000 3 1 3 3 1 3 30000 30000 1 3 1 2 2 1 1 1 30000 2 30000 1 3 30000 3 2 1 1 1 1 1 30000 1 1 1 30000 1 1 30000 1 3 1 30000 1 2 2 3 1 30000 30000 2 2 30000 3 1 2 1 1 1 3 3 1 1 1 30000 1 30000 1 3 30000 1 30000 1 2 2 1 3 1 3 2 2 2 2 2 1 2 1 1 30000 1 30000 2 3 2 2 1 1 30000 30000 30000 30000 30000 3 30000 30000 1 3 2 30000 1 1 30000 2 1 30000 30000 3 1 1 1 3 3 3 1 2 2 3 1 2 1 2 3 2 30000 2 30000 2 2 3 3 1 1 1 3 3 1 3 1 2 1 3 30000 2 3 30000 1 30000 1 2 3 3 1 3 1 2 3 30000 3 1 3 30000 2 30000 1 1 1 1 2 2 1 2 30000 30000 2 30000 2 30000 1 1 1 1 1 2 30000 1 2 30000 1 1 1 2 30000 2 30000 2 30000 1 1 1 1 1 1 1 1 3 30000 2 2 1 30000 2 2 1 1 1 2 30000 1 30000 3 1 30000 30000 3 1 1 2 1 1 3 1 2 2 2 1 30000 1 1 1 1 1 30000 1 30000 30000 3 30000 1 1 30000 1 30000 30000 30000 2 2 1 3 3 30000 3 30000 30000 1 2 1 2 2 1 30000 1 2 3 3 2 2 30000 3 3 3 1 2 1 1 1 2 30000 30000 30000 30000 1 1 3 3 3 2 3 30000 3 30000 1 3 1 1 30000 2 3 30000 1 1 1 1 1 30000 2 1 3 2 2 1 2 2 2 1 3 1 3 1 3 2 1 2 3 30000 3 2 1 1 3 2 3 1 1 30000 30000 30000 30000 1 30000 30000 1 30000 30000 1 3 3 2 1 1 30000 30000 3 2 1 1 1 1 1 30000 2 30000 30000 2 3 1 1 3 2 2 1 2 1 1 1 30000 1 1 2 1 30000 3 1 1 2 2 1 30000 1 1 1 1 1 1 3 30000 2 2 1 2 30000 30000 30000 30000 1 2 2 3 30000 2 1 1 3 1 2 1 1 1 30000 3 1 1 1 2 3 2 3 3 1 30000 1 1 30000 2 1 1 30000 1 30000 1 1 1 3 1 1 3 30000 30000 1 1 1 30000 1 2 1 3 3 3 30000 2 3 1 1 1 1 2 30000 2 2 2 2 2 1 1 3 1 3 3 2 2 1 2 30000 2 30000 2 1 3 2 2 2 30000 2 30000 3 3 30000 1 2 1 2 1 1 1 1 3 1 30000 1 3 1 3 1 1 3 2 1 1 1 1 2 1 30000 2 30000 1 1 1 30000 1 2 3 1 30000 1 1 1 2 1 1 30000 3 2 1 1 3 1 30000 3 2 1 1 2 3 30000 3 1 1 2 1 3 1 30000 2 1 2 30000 30000 1 1 1 3 1 1 3 1 1 30000 1 1 1 1 30000 1 3 1 1 1 2 30000 2 30000 2 30000 3 1 1 3 1 1 3 2 1 1 30000 30000 1 2 3 3 30000 1 1 1 30000 1 2 2 1 2 2 3 1 1 3 2 1 30000 3 1 3 2 3 1 3 30000 1 1 30000 1 2 3 2 2 1 1 30000 1 1 2 1 1 2 2 1 1 3 30000 1 3 1 30000 30000 3 3 30000 2 3 1 2 30000 1 2 3 1 30000 3 3 30000 1 30000 1 2 30000 3 3 2 1 1 1 3 3 3 1 1 3 30000 2 2 30000 3 1 3 1 2 3 1 1 2 3 1 2 3 30000 2 30000 2 30000 3 2 30000 3 1 30000 2 3 1 3 3 1 1 30000 2 1 3 1 2 1 30000 30000 1 1 1 1 1 3 1 2 3 30000 1 30000 1 3 1 2 1 1 1 1 2 3 2 2 3 1 3 2 1 1 3 3 3 1 1 2 1 30000 3 1 1 30000 3 3 2 1 30000 1 30000 1 2 1 2 30000 1 30000 1 3 30000 30000 3 1 2 1 3 1 1 1 2 2 1 1 1 2 2 2 2 1 2 1 1 1 3 3 30000 1 2 1 1 1 30000 30000 2 30000 30000 1 30000 1 3 30000 3 3 1 3 1 3 30000 1 3 2 2 30000 1 1 2 3 1 30000 2 2 2 3 3 3 2 1 3 1 1 30000 3 1 2 30000 1 2 1 1 3 3 1 1 2 1 3 1 2 2 1 1 1 1 2 1 1 1 1 1 3 2 30000 1 2 3 1 1 3 1 30000 2 1 1 3 3 1 30000 1 1 2 3 1 2 3 1 30000 3 30000 1 1 1 30000 2 1 30000 1 1 30000 3 3 1 1 1 2 30000 1 3 1 3 1 1 1 1 30000 1 1 30000 1 2 2 3 2 1 2 30000 30000 1 1 2 1 1 1 30000 2 30000 1 1 1 30000 30000 2 1 1 1 1 30000 1 3 1 3 2 3 1 3 30000 1 2 3 30000 30000 3 3 1 3 3 1 1 1 1 3 30000 1 3 1 2 2 1 2 2 30000 1 3 3 3 3 1 1 3 1 2 1 30000 1 3 1 1 1 2 30000 30000 1 1 1 30000 30000 3 30000 1 1 2 1 1 1 3 2 2 1 1 1 1 30000 3 1 1 30000 2 1 3 3 1 30000 1 3 3 3 30000 1 30000 30000 1 1 1 1 1 1 30000 30000 2 1 1 30000 2 1 3 30000 2 30000 2 30000 1 1 3 1 30000 2 1 3 1 2 1 1 30000 2 30000 30000 2 2 3 30000 2 1 1 1 3 1 1 3 30000 2 2 3 3 30000 1 1 2 30000 30000 30000 1 2 1 3 1 1 3 30000 1 1 2 3 1 1 3 2 1 1 2 30000 1 1 3 2 2 3 30000 2 1 2 30000 1 1 3 3 3 1 1 30000 2 1 1 1 30000 1 3 1 30000 30000 2 30000 30000 1 1 2 30000 1 3 1 1 1 30000 2 1 2 3 1 2 1 30000 1 30000 1 3 2 1 1 30000 1 2 1 30000 1 30000 1 1 1 3 1 2 2 1 3 1 30000 2 1 3 3 1 30000 3 3 3 30000 3 3 1 2 2 2 2 30000 1 2 2 1 2 2 1 2 1 1 2 2 1 1 1 2 3 1 30000 2 3 1 30000 3 1 3 30000 2 1 1 2 30000 30000 1 3 2 1 3 30000 3 2 30000 1 30000 1 1 3 1 30000 1 1 1 1 30000 30000 1 30000 1 2 1 1 1 1 1 30000 30000 3 1 2 30000 3 1 3 30000 1 3 1 30000 1 1 30000 30000 1 1 3 1 1 2 1 1 3 2 1 2 1 1 3 2 2 1 3 3 1 1 1 3 30000 1 1 2 1 2 3 2 30000 1 2 3 1 3 1 1 1 1 1 1 2 1 1 2 1 2 30000 30000 30000 1 30000 1 1 2 1 1 2 30000 1 1 3 1 1 1 3 3 1 2 3 1 30000 1 1 1 3 1 1 1 1 1 3 2 1 3 1 30000 1 1 2 30000 2 1 30000 3 30000 2 1 1 1 30000 30000 2 30000 1 1 2 2 30000 3 1 3 1 1 30000 2 1 2 2 2 30000 3 1 30000 30000 2 2 3 30000 1 1 1 3 3 2 1 2 3 1 1 2 1 3 1 2 2 3 1 30000 1 1 2 2 2 30000 3 30000 2 1 2 2 30000 1 3 1 2 2 1 1 3 1 1 2 30000 1 2 1 1 1 2 2 30000 3 1 30000 30000 30000 1 1 3 3 1 2 2 1 1 1 30000 3 1 30000 2 1 30000 1 3 30000 30000 1 1 2 2 1 1 1 3 1 2 3 2 30000 1 3 3 1 30000 30000 2 30000 1 1 30000 1 2 1 3 3 2 2 1 3 30000 3 3 3 3 30000 2 2 3 2 1 2 1 30000 30000 1 3 3 1 3 1 3 1 1 1 30000 2 30000 1 30000 2 1 3 1 3 3 30000 30000 2 3 3 2 1 1 1 3 30000 2 30000 3 1 1 30000 3 2 30000 30000 3 1 30000 1 3 2 1 3 1 3 30000 3 2 1 1 30000 1 1 30000 3 2 2 1 3 1 30000 1 3 2 1 2 2 3 3 3 1 1 3 1 1 1 1 2 2 30000 1 30000 1 2 1 1 1 30000 1 1 30000 3 30000 1 30000 1 2 2 2 2 3 30000 2 1 2 30000 2 1 3 30000 3 2 1 1 3 1 30000 1 3 1 3 30000 3 30000 2 1 2 1 1 30000 1 2 2 3 1 1 1 2 2 3 2 2 3 30000 1 1 30000 1 30000 2 1 30000 1 2 1 2 3 3 2 1 1 30000 2 2 1 1 2 1 30000 3 3 30000 30000 1 2 1 1 2 1 30000 30000 30000 1 2 1 2 3 1 3 2 3 30000 1 1 3 3 2 1 1 1 30000 1 3 2 30000 1 1 1 3 30000 2 1 1 3 3 2 3 1 30000 1 30000 3 3 2 1 2 3 30000 1 1 30000 30000 3 1 2 1 2 30000 30000 2 1 2 1 1 3 30000 30000 3 1 1 1 1 2 3 30000 1 30000 1 30000 1 1 2 1 30000 3 1 30000 1 2 1 1 3 2 1 30000 1 2 3 3 1 2 30000 30000 2 1 30000 30000 30000 1 3 30000 3 2 3 3 1 1 3 3 2 30000 1 30000 30000 2 1 1 3 1 2 2 1 1 2 2 1 3 2 3 30000 3 2 2 3 2 1 3 1 2 2 1 30000 1 2 1 1 3 3 1 30000 30000 2 3 1 3 1 30000 1 3 30000 1 3 1 30000 1 30000 1 1 30000 1 1 1 3 2 1 2 1 1 1 1 30000 2 30000 2 1 3 2 2 2 1 3 3 30000 3 30000 3 1 1 1 3 1 2 1 30000 3 3 30000 30000 3 30000 30000 1 3 1 3 3 30000 1 3 3 1 1 2 2 1 30000 2 30000 30000 1 1 1 1 2 1 1 1 3 1 1 30000 2 30000 2 3 1 3 1 1 1 2 1 1 30000 3 2 30000 3 1 1 2 30000 1 1 1 1 1 30000 1 3 1 30000 1 3 1 1 1 1 3 1 1 1 30000 1 1 3 1 1 30000 1 30000 2 1 2 2 30000 1 1 2 3 1 2 3 30000 3 3 1 30000 2 1 1 3 1 1 1 2 30000 3 1 30000 1 2 1 1 1 3 1 1 2 30000 30000 1 1 1 2 3 1 30000 3 2 3 1 30000 1 30000 3 1 30000 30000 3 2 2 2 1 1 30000 2 2 1 2 30000 1 1 3 3 1 3 1 30000 3 1 30000 2 3 1 2 1 1 30000 2 3 30000 3 3 2 30000 1 1 30000 2 30000 1 1 30000 3 2 30000 1 2 3 3 30000 30000 1 30000 2 1 30000 1 30000 3 30000 2 1 1 30000 2 2 2 2 2 2 1 3 1 30000 3 3 3 2 1 2 2 2 1 30000 2 2 3 3 1 3 1 3 3 30000 1 2 2 1 1 1 1 30000 2 1 30000 1 30000 30000 30000 2 2 2 1 3 3 30000 3 30000 3 1 1 1 30000 3 30000 1 1 30000 2 3 30000 1 1 1 30000 1 2 3 3 30000 3 1 1 3 2 2 3 3 2 1 1 1 2 2 2 2 30000 1 1 1 30000 2 1 2 1 1 30000 30000 2 2 1 1 3 3 1 1 1 3 3 30000 1 1 1 3 1 1 1 2 1 30000 30000 2 3 2 2 3 30000 30000 3 1 1 1 1 1 1 3 1 2 1 3 1 1 1 1 2 3 3 3 2 1 3 1 2 2 1 30000 30000 30000 1 1 30000 1 1 2 3 2 30000 2 30000 2 3 30000 1 3 30000 30000 30000 2 3 1 2 3 30000 1 3 1 30000 2 2 30000 1 3 2 3 2 2 1 1 2 2 3 30000 2 3 30000 30000 30000 2 1 1 2 1 1 2 3 2 2 30000 2 3 1 2 2 30000 3 2 3 30000 3 3 1 30000 2 2 3 1 3 30000 3 1 3 1 3 2 3 2 1 1 30000 2 30000 1 1 3 1 30000 1 1 1 1 1 3 1 2 30000 1 30000 3 1 2 1 1 2 2 2 1 1 2 30000 30000 1 1 1 3 1 2 30000 3 2 3 1 2 1 1 3 1 3 1 1 30000 2 1 1 1 2 1 1 1 30000 1 1 3 30000 1 1 1 2 3 1 1 1 3 3 1 1 1 3 1 2 2 1 3 30000 30000 2 3 1 3 2 1 3 30000 3 1 2 3 2 1 1 2 30000 1 1 1 30000 30000 3 30000 2 1 1 2 3 30000 1 3 3 1 1 1 1 3 1 3 1 3 3 3 1 1 3 2 2 2 30000 3 1 30000 3 30000 2 1 1 1 1 1 1 2 3 1 1 30000 1 1 1 30000 1 1 1 3 1 2 1 3 3 2 1 2 3 2 1 3 1 2 30000 3 3 2 1 1 1 3 30000 1 1 1 2 2 2 1 1 1 1 2 3 30000 1 2 1 1 30000 2 1 30000 1 3 1 2 1 1 1 1 3 30000 1 3 1 1 30000 1 1 3 3 30000 2 1 1 30000 30000 2 30000 3 1 1 30000 30000 30000 30000 30000 1 1 2 1 1 30000 3 2 1 2 30000 1 3 1 1 30000 30000 3 1 3 3 2 3 30000 2 30000 1 1 2 3 30000 3 1 1 30000 1 30000 1 1 2 2 3 30000 30000 1 2 1 1 2 30000 3 3 3 2 1 3 2 30000 1 2 30000 3 2 30000 30000 30000 2 1 30000 3 3 3 3 3 1 2 1 2 1 3 3 1 1 1 1 3 1 2 30000 1 2 30000 3 3 1 1 1 3 1 30000 2 1 2 1 1 2 30000 1 1 3 2 1 2 1 1 1 30000 1 2 1 1 3 30000 3 3 1 2 1 30000 3 30000 1 1 1 3 1 1 30000 1 3 30000 30000 1 30000 1 3 30000 30000 1 2 1 30000 2 1 1 1 1 30000 1 1 2 1 1 30000 2 30000 3 1 30000 2 2 3 1 1 30000 1 1 3 3 30000 1 3 30000 1 1 1 2 1 1 3 30000 30000 30000 2 1 1 2 1 30000 1 2 1 1 1 1 3 2 30000 3 2 3 2 3 30000 1 30000 1 1 2 1 3 30000 30000 30000 2 30000 30000 1 3 3 2 2 3 1 1 1 1 1 30000 1 30000 2 1 1 1 1 2 1 1 1 30000 30000 2 30000 1 1 3 1 1 3 3 3 30000 1 30000 1 30000 1 30000 1 30000 2 1 1 1 3 1 2 3 1 1 2 1 3 2 1 1 3 1 1 1 30000 1 3 1 2 30000 3 2 3 1 2 2 1 2 3 2 30000 3 1 1 30000 2 1 3 30000 3 1 2 2 1 30000 3 30000 1 1 1 3 1 1 1 30000 1 1 1 1 2 1 2 30000 30000 1 2 3 1 2 1 3 30000 3 2 3 30000 3 30000 30000 30000 2 3 1 1 3 30000 2 3 3 30000 30000 1 1 2 1 1 3 1 1 30000 2 30000 2 1 1 30000 1 30000 1 3 1 3 3 3 1 3 2 2 2 1 1 1 1 30000 2 1 30000 1 1 3 2 3 1 1 1 2 30000 2 1 30000 3 2 1 30000 1 2 2 3 3 3 30000 30000 2 2 3 2 3 1 30000 1 3 1 1 1 1 1 2 2 2 3 3 30000 30000 2 3 3 30000 2 30000 2 2 1 1 2 1 30000 2 2 1 1 1 3 1 1 1 1 2 1 2 1 30000 30000 1 1 2 1 2 30000 1 30000 2 3 1 1 3 30000 1 30000 2 1 1 30000 1 30000 1 3 1 3 30000 1 1 1 2 1 30000 2 1 2 1 1 1 2 1 1 30000 3 2 30000 3 1 2 2 1 3 2 1 1 30000 30000 1 1 1 2 30000 1 1 3 1 2 1 2 30000 30000 30000 1 30000 30000 2 1 3 1 3 30000 3 1 1 3 3 30000 3 30000 1 3 30000 1 30000 1 30000 2 2 1 30000 30000 30000 2 3 1 1 1 1 1 30000 3 1 30000 3 2 3 1 2 2 1 2 30000 30000 1 1 1 3 1 3 1 1 1 1 3 1 1 30000 1 30000 1 1 3 1 3 1 3 1 3 1 3 1 1 1 2 3 1 30000 1 1 3 1 3 3 1 2 1 2 2 1 3 1 2 30000 30000 3 3 2 1 30000 2 2 1 2 30000 30000 1 1 1 1 2 1 1 30000 1 30000 2 2 2 30000 2 2 2 2 1 1 1 30000 1 1 30000 3 1 1 1 1 3 1 2 30000 2 3 30000 2 3 30000 2 30000 30000 2 3 1 2 1 1 3 1 30000 1 1 1 30000 2 3 30000 2 1 1 30000 2 1 3 30000 1 1 2 1 30000 1 1 30000 2 1 30000 3 30000 1 30000 30000 3 1 2 30000 30000 1 3 1 2 1 2 2 30000 30000 3 30000 1 1 1 3 1 1 30000 2 30000 3 1 2 30000 2 1 1 30000 2 30000 3 2 2 1 1 1 2 30000 3 1 1 3 2 30000 2 30000 2 1 1 30000 1 2 2 2 30000 2 3 3 30000 30000 2 3 2 3 1 3 1 1 3 2 1 1 2 1 30000 1 2 30000 30000 30000 1 30000 2 30000 30000 30000 2 2 30000 2 2 30000 2 30000 2 1 2 3 3 1 1 1 2 1 2 30000 1 1 1 3 2 1 2 30000 3 2 1 1 30000 1 3 30000 2 1 30000 2 1 2 1 1 1 30000 2 30000 30000 1 1 1 1 30000 1 1 30000 1 2 30000 2 3 30000 1 1 3 3 1 30000 3 30000 3 30000 2 3 2 30000 1 3 1 30000 30000 2 1 3 2 30000 1 30000 30000 2 2 1 30000 1 1 1 2 2 3 30000 1 30000 1 1 30000 30000 1 3 30000 30000 30000 30000 30000 2 30000 1 3 1 1 1 1 3 30000 30000 2 30000 2 3 2 3 3 3 30000 1 3 1 2 1 2 30000 3 2 1 1 30000 1 3 1 3 1 1 1 30000 1 1 1 3 1 30000 1 30000 1 3 30000 1 2 3 1 30000 2 1 2 3 30000 30000 2 3 1 3 2 3 3 30000 30000 2 2 1 1 1 2 3 1 2 1 1 1 1 1 1 30000 3 2 3 1 3 1 2 2 30000 3 1 2 2 3 3 1 2 1 1 1 1 1 30000 1 30000 1 2 2 1 30000 3 30000 1 1 30000 1 2 1 3 1 2 30000 1 1 2 2 2 3 3 3 3 1 1 2 3 3 3 1 2 1 30000 30000 1 3 3 30000 1 30000 1 1 1 1 30000 1 30000 3 3 1 3 1 1 1 30000 30000 1 1 1 30000 3 3 1 2 1 1 1 3 30000 1 1 30000 1 1 1 1 30000 3 2 1 1 1 3 2 2 1 30000 1 2 3 1 2 1 30000 3 3 1 1 1 1 2 1 1 3 1 1 1 2 30000 2 1 1 1 3 2 3 1 1 30000 2 2 2 3 1 30000 1 30000 3 1 3 30000 1 1 3 3 2 30000 1 2 1 2 3 30000 3 2 1 30000 1 1 30000 1 3 2 1 1 30000 1 1 1 30000 3 2 2 1 1 1 1 1 1 30000 30000 1 1 30000 30000 1 2 30000 3 1 3 1 1 1 2 1 2 30000 2 2 3 2 1 2 30000 3 1 1 2 2 30000 3 2 1 30000 1 2 3 3 3 1 3 1 1 30000 30000 2 3 30000 2 30000 2 3 30000 30000 3 3 1 2 30000 1 3 3 30000 3 1 2 3 1 3 30000 1 2 3 3 1 3 2 3 1 3 2 2 30000 1 2 3 2 30000 30000 1 3 3 30000 3 30000 3 1 3 30000 30000 1 1 1 3 30000 30000 30000 3 2 30000 2 30000 1 30000 1 1 1 30000 30000 2 30000 2 1 30000 2 1 1 1 1 1 1 3 2 1 30000 2 1 1 30000 1 30000 3 1 1 30000 1 1 3 3 1 30000 3 2 1 3 30000 1 3 30000 1 1 2 30000 1 3 30000 1 1 1 3 2 1 2 2 30000 1 2 2 2 1 30000 3 30000 30000 30000 30000 1 30000 3 30000 3 1 30000 30000 2 1 2 1 3 30000 1 2 30000 1 3 1 3 1 30000 1 3 3 2 3 30000 2 2 1 2 30000 30000 2 1 3 1 3 30000 3 2 30000 1 2 1 3 1 2 1 30000 3 3 30000 30000 30000 3 3 2 1 2 2 30000 2 1 2 30000 1 30000 30000 30000 2 1 3 1 30000 2 30000 1 3 1 30000 2 2 30000 3 2 30000 30000 3 2 30000 1 1 3 1 2 2 1 2 30000 30000 3 2 1 1 3 1 1 1 1 1 3 2 1 2 2 1 2 30000 1 3 2 1 1 1 1 1 30000 2 2 2 3 2 30000 3 1 2 3 1 1 30000 2 3 3 2 2 2 1 30000 1 1 2 30000 3 1 30000 1 30000 2 2 2 2 2 30000 3 2 30000 1 1 3 2 30000 1 3 3 3 2 1 30000 3 30000 1 1 3 30000 1 30000 1 1 2 30000 3 3 3 3 1 30000 30000 2 3 30000 3 1 1 1 30000 1 3 2 3 1 1 1 3 2 30000 2 3 1 3 2 1 3 1 30000 1 30000 2 3 2 3 3 1 1 1 1 1 2 30000 1 2 3 1 2 3 3 3 3 1 1 3 1 3 1 2 1 1 1 30000 3 2 30000 3 1 3 2 2 2 1 3 1 1 3 2 30000 30000 1 1 1 1 2 30000 1 30000 1 1 1 2 3 1 1 3 1 3 1 30000 3 2 2 1 1 3 30000 1 2 3 30000 3 2 3 3 3 30000 1 2 2 1 1 30000 30000 1 3 30000 3 3 1 1 30000 2 1 1 1 1 3 1 1 3 30000 2 30000 3 30000 30000 3 1 2 1 1 2 2 30000 3 1 3 3 2 1 30000 2 2 3 3 3 2 3 1 30000 30000 2 1 1 3 1 3 2 2 30000 30000 3 30000 3 3 2 1 30000 2 1 2 1 3 30000 30000 1 1 30000 2 2 1 30000 1 1 3 2 1 1 1 2 1 1 1 1 1 1 30000 2 3 2 3 1 1 2 3 30000 2 1 30000 3 30000 2 1 1 1 30000 1 1 3 1 30000 3 1 30000 3 2 3 3 1 30000 30000 1 1 2 3 1 2 1 1 2 30000 30000 2 30000 2 1 3 1 3 3 1 1 30000 3 1 30000 1 3 2 1 30000 3 30000 1 1 30000 1 30000 2 1 30000 30000 1 3 3 2 1 30000 30000 1 1 3 30000 1 1 1 1 1 3 30000 1 3 2 30000 1 2 3 2 3 2 1 1 3 2 1 2 3 2 1 30000 1 30000 1 1 1 30000 1 1 30000 1 30000 1 1 3 3 3 2 2 2 3 2 30000 3 3 30000 1 30000 1 30000 1 30000 2 30000 1 1 30000 3 1 2 3 1 1 1 2 1 2 1 1 3 30000 1 3 30000 30000 30000 3 3 1 3 2 2 2 3 3 1 30000 3 30000 1 1 30000 1 1 30000 1 1 1 2 1 1 30000 3 1 2 30000 1 1 1 1 2 30000 2 2 2 1 1 2 1 30000 1 1 1 2 1 3 1 1 2 3 2 3 2 30000 1 1 1 1 1 2 30000 3 1 1 1 1 30000 2 30000 30000 1 2 30000 2 2 1 3 1 30000 30000 1 2 3 3 1 30000 2 1 3 2 2 2 1 3 3 2 1 1 3 3 1 1 1 3 30000 2 1 1 1 30000 1 1 1 1 2 1 1 1 2 2 3 30000 1 30000 1 1 1 2 3 3 1 1 2 2 2 2 2 1 1 1 1 2 1 3 30000 30000 2 1 1 30000 2 3 30000 3 1 30000 1 1 1 2 1 2 30000 1 30000 30000 3 1 3 3 1 1 30000 30000 1 30000 1 2 1 30000 2 30000 1 1 1 1 1 30000 30000 30000 1 1 30000 2 3 2 1 1 1 30000 3 1 1 1 1 1 3 3 1 3 30000 30000 1 1 1 30000 1 2 2 1 1 1 2 3 3 30000 1 3 30000 3 1 1 2 3 1 30000 2 3 1 2 1 30000 30000 30000 1 1 30000 30000 1 1 2 3 30000 1 1 1 1 3 1 2 3 1 2 2 3 30000 30000 1 1 30000 1 1 2 1 30000 3 30000 2 30000 1 1 1 3 3 30000 2 1 2 1 30000 30000 1 1 2 1 2 3 30000 30000 1 2 30000 30000 3 3 30000 1 2 30000 1 3 1 30000 3 1 2 1 2 1 3 30000 1 3 1 30000 2 1 1 1 1 2 3 2 2 30000 3 1 3 1 1 2 30000 3 1 2 3 3 30000 2 1 2 3 1 3 30000 30000 3 2 2 30000 3 30000 2 1 1 30000 30000 1 3 3 2 1 2 2 1 2 2 30000 1 1 30000 3 3 1 1 1 2 2 30000 1 3 1 1 1 3 30000 3 1 30000 3 3 1 1 2 1 30000 30000 2 30000 2 30000 30000 3 1 2 2 30000 1 3 3 1 1 1 1 30000 1 1 1 30000 30000 1 1 30000 1 30000 1 3 1 30000 1 1 2 1 3 1 1 2 3 1 2 1 2 30000 3 2 1 2 30000 1 3 30000 1 30000 30000 3 1 30000 3 3 1 1 30000 3 30000 1 3 30000 3 3 2 1 30000 1 1 1 3 2 1 3 3 3 3 1 1 30000 3 2 2 3 2 1 3 1 1 2 2 30000 2 30000 1 1 3 2 3 3 3 3 1 2 1 30000 3 2 2 1 3 2 1 3 1 3 1 30000 30000 2 1 1 1 2 2 30000 2 1 2 3 1 1 1 1 1 3 2 2 1 1 30000 30000 30000 30000 3 30000 1 1 3 1 1 2 3 1 1 1 3 1 1 1 1 3 1 1 3 3 2 30000 30000 30000 1 1 1 3 3 3 2 1 2 1 1 1 1 1 2 1 30000 2 1 1 2 3 1 30000 2 1 3 3 1 3 1 3 3 3 1 1 1 1 1 1 1 1 1 2 1 1 1 2 1 2 2 1 1 2 1 1 3 1 30000 2 1 3 30000 30000 1 1 1 30000 3 30000 30000 2 1 1 1 1 1 1 2 1 1 3 2 1 30000 1 1 2 1 1 1 30000 2 1 1 1 1 3 3 1 2 1 3 3 1 1 30000 30000 30000 2 3 1 1 2 3 3 2 1 3 1 1 30000 2 1 3 2 30000 3 3 1 2 30000 1 1 1 2 1 1 30000 3 2 3 3 1 30000 30000 1 2 30000 2 1 30000 1 2 30000 3 1 30000 3 3 3 1 1 2 3 1 3 1 30000 2 2 1 1 1 30000 30000 3 3 2 2 3 3 3 30000 30000 1 30000 1 2 1 3 30000 30000 2 2 30000 30000 2 2 30000 3 1 2 2 30000 30000 2 1 30000 1 1 1 3 2 1 3 1 1 1 1 30000 1 1 1 1 1 2 1 30000 1 1 2 3 30000 30000 3 1 30000 2 1 30000 1 1 2 30000 3 3 1 2 30000 30000 30000 1 1 30000 30000 30000 1 2 2 1 30000 1 1 2 30000 1 3 30000 30000 2 3 30000 30000 3 1 30000 3 30000 30000 30000 2 2 3 1 2 30000 1 2 1 2 3 3 30000 2 1 30000 3 1 30000 3 1 1 30000 1 3 1 3 30000 1 3 2 2 1 3 1 3 30000 1 1 1 30000 3 3 3 1 1 30000 30000 1 2 1 30000 1 3 2 30000 2 2 30000 3 1 3 1 1 30000 2 30000 30000 30000 2 3 30000 2 3 30000 3 3 1 1 1 30000 1 2 1 1 1 1 30000 1 3 30000 1 1 30000 3 2 3 30000 1 2 2 30000 2 3 2 3 2 1 2 2 3 2 2 1 30000 1 2 3 3 1 3 2 1 1 30000 2 1 1 3 3 3 1 1 2 2 1 3 3 3 1 1 30000 30000 1 3 3 1 30000 3 3 1 2 2 1 30000 30000 1 1 30000 1 1 1 3 1 30000 30000 30000 2 30000 1 3 1 1 30000 2 2 1 30000 1 2 3 2 1 2 30000 30000 3 2 2 1 1 1 2 1 30000 30000 3 3 2 1 1 3 2 2 3 1 1 1 30000 3 2 2 30000 2 1 2 3 30000 1 3 1 1 1 1 1 30000 3 1 1 3 30000 3 1 1 3 1 1 1 1 1 2 1 1 30000 1 3 1 1 1 30000 3 1 3 1 2 1 2 30000 1 2 1 2 30000 1 3 1 2 30000 1 30000 3 1 30000 1 1 1 1 3 2 1 1 1 3 1 30000 3 1 30000 2 2 3 30000 3 1 1 1 2 2 1 1 3 1 3 1 2 2 2 1 2 30000 1 1 1 30000 2 1 1 2 3 1 3 3 1 2 30000 1 3 1 3 1 30000 1 30000 30000 2 2 1 30000 3 2 2 2 3 2 2 3 3 1 1 3 1 30000 1 3 1 1 30000 1 2 1 3 2 1 1 2 1 3 30000 3 1 1 3 1 30000 2 2 30000 1 1 1 2 2 1 30000 1 2 3 1 1 2 30000 1 2 2 30000 1 30000 30000 3 2 3 2 1 2 1 3 1 30000 1 1 30000 30000 2 3 30000 1 1 1 1 1 3 30000 3 3 1 2 1 3 2 1 3 1 1 2 1 1 1 2 3 30000 30000 2 1 30000 3 3 2 3 2 30000 3 1 30000 3 2 3 1 3 1 1 1 3 1 3 1 3 30000 1 1 30000 3 3 1 3 30000 3 3 1 2 1 30000 3 1 2 1 2 1 1 30000 3 30000 30000 1 30000 1 1 30000 2 1 30000 3 30000 2 1 1 30000 1 3 1 2 2 2 3 1 30000 30000 1 2 30000 2 3 1 1 1 1 3 1 1 1 1 2 1 2 1 30000 2 1 2 30000 30000 1 1 2 30000 1 2 30000 2 1 1 1 1 2 3 3 1 1 1 1 2 1 1 30000 3 1 1 3 30000 1 3 1 1 2 1 1 3 2 3 1 1 1 1 3 1 3 1 1 1 2 1 2 30000 1 2 1 1 2 3 2 1 1 3 30000 30000 3 1 30000 1 1 30000 1 3 3 1 1 1 30000 3 2 1 1 1 2 2 3 1 1 1 30000 2 3 30000 2 1 2 2 30000 1 30000 30000 3 30000 1 1 1 1 30000 2 1 2 3 3 1 2 30000 2 30000 1 2 30000 1 2 1 30000 1 2 3 30000 30000 3 30000 30000 1 30000 2 30000 30000 2 2 2 1 2 1 30000 1 1 30000 1 1 1 3 1 1 2 30000 1 2 3 30000 1 3 30000 3 3 3 1 3 1 2 2 30000 3 3 2 30000 3 1 30000 1 30000 2 1 2 2 1 3 3 2 3 30000 1 1 1 2 1 2 2 1 1 1 2 2 2 1 1 30000 1 3 1 2 3 3 1 1 2 3 1 1 3 30000 1 3 3 2 3 3 2 2 3 1 1 1 3 3 3 3 30000 2 1 1 2 30000 2 1 3 2 1 30000 2 2 1 30000 1 1 1 1 30000 30000 1 2 1 3 2 1 1 3 3 2 30000 3 3 3 3 30000 2 30000 30000 30000 1 2 2 1 1 3 1 30000 30000 2 2 1 30000 3 1 1 1 3 2 1 1 1 2 1 1 3 1 30000 30000 2 1 2 2 2 3 3 3 30000 1 1 3 30000 30000 1 2 30000 1 1 2 30000 1 30000 1 30000 2 1 3 3 3 1 2 30000 1 2 3 30000 2 1 1 3 3 1 1 3 1 3 3 1 1 1 30000 30000 30000 30000 30000 2 1 3 1 30000 2 3 3 3 1 30000 1 30000 30000 1 1 1 1 1 30000 1 1 1 2 2 1 1 3 2 3 1 2 30000 1 1 30000 2 3 2 1 30000 2 30000 30000 1 30000 1 1 2 2 1 1 3 2 2 1 1 3 1 2 1 3 3 2 30000 3 1 2 1 3 30000 30000 1 2 30000 1 30000 1 1 30000 1 2 3 30000 1 1 30000 30000 2 3 1 2 2 30000 30000 1 1 1 3 2 30000 30000 30000 1 3 30000 1 3 30000 1 1 30000 1 3 30000 1 3 30000 3 1 2 30000 1 1 30000 2 3 3 3 3 3 3 3 2 3 2 2 1 30000 1 2 2 1 1 1 1 3 1 30000 2 1 2 1 2 2 3 3 3 1 3 2 1 2 3 2 3 3 30000 30000 3 30000 1 3 3 1 2 30000 1 3 2 2 2 2 1 30000 3 2 2 2 1 2 2 3 1 2 1 3 30000 2 3 30000 2 1 3 30000 1 30000 3 1 30000 3 1 2 30000 1 1 30000 3 2 1 30000 1 3 2 30000 2 1 1 3 1 30000 30000 3 30000 30000 30000 30000 2 2 3 1 30000 1 30000 1 3 2 1 2 2 2 30000 30000 30000 2 2 3 30000 2 1 1 1 1 3 30000 1 1 30000 30000 1 1 1 1 3 30000 1 30000 2 3 30000 2 3 1 1 2 2 1 1 2 1 3 1 1 2 1 1 3 1 2 30000 3 1 2 1 3 1 3 1 3 3 1 30000 2 2 30000 1 1 1 1 2 1 1 30000 1 1 30000 1 30000 30000 2 3 30000 30000 3 2 30000 2 1 2 3 30000 1 1 2 2 2 3 30000 30000 1 2 3 1 2 1 1 30000 3 1 1 30000 3 30000 2 1 2 1 30000 2 1 30000 2 2 1 30000 30000 1 30000 1 1 1 1 2 1 30000 1 2 3 1 3 30000 30000 3 1 2 3 2 2 1 3 3 1 2 30000 3 30000 1 1 30000 3 2 30000 1 1 3 2 1 2 1 2 30000 30000 1 2 2 30000 1 1 30000 1 30000 2 3 3 3 1 1 2 30000 30000 1 1 1 1 30000 3 1 3 30000 3 2 2 30000 30000 1 1 1 3 3 30000 1 1 1 30000 2 1 30000 1 3 2 1 2 2 3 3 3 1 1 1 2 1 1 2 3 3 1 3 2 3 1 2 1 1 2 30000 3 30000 1 30000 2 30000 3 30000 1 2 30000 1 3 3 30000 1 1 30000 1 3 1 3 2 1 3 3 1 30000 30000 30000 30000 2 3 1 30000 30000 1 30000 30000 3 1 1 1 1 3 30000 2 1 1 2 30000 1 1 1 30000 1 2 1 1 1 1 2 3 1 30000 1 2 3 30000 2 3 30000 2 3 1 3 3 1 1 2 1 3 1 30000 2 30000 1 1 1 30000 3 3 1 3 3 30000 30000 30000 3 1 1 3 1 1 2 30000 2 2 3 1 3 1 2 3 1 3 2 30000 1 2 1 3 2 30000 1 30000 30000 3 1 30000 30000 3 1 3 2 1 30000 1 1 30000 1 3 1 30000 1 1 1 1 1 3 30000 30000 1 3 2 3 1 1 30000 2 1 1 30000 2 3 1 1 30000 2 3 30000 3 30000 2 2 30000 3 3 1 30000 30000 2 3 1 3 2 2 2 1 2 30000 3 2 1 30000 1 3 2 1 3 30000 1 2 1 1 1 1 3 1 2 1 2 1 30000 2 1 2 30000 3 2 2 1 1 2 30000 1 3 2 30000 1 1 2 1 1 30000 1 1 3 30000 1 30000 3 1 3 1 1 1 2 1 1 1 2 2 2 2 2 1 30000 3 30000 2 3 3 3 3 2 1 2 3 2 3 1 2 2 1 30000 30000 1 3 1 3 2 1 3 30000 1 1 1 30000 3 2 2 3 1 30000 1 2 3 30000 30000 1 3 2 1 1 1 3 1 2 3 3 1 2 3 1 30000 1 1 30000 1 3 1 3 2 1 1 2 2 30000 1 30000 2 2 2 1 1 30000 1 2 30000 2 1 3 1 30000 1 1 30000 30000 1 1 3 2 1 1 30000 30000 30000 1 30000 1 1 1 2 2 1 1 1 2 1 1 3 1 3 30000 1 1 1 2 3 30000 30000 1 2 2 1 3 3 1 3 1 1 3 30000 1 1 30000 1 3 2 3 2 30000 30000 3 30000 1 2 30000 30000 3 1 1 2 30000 1 3 2 2 1 30000 1 3 1 3 30000 3 1 30000 1 30000 3 1 3 2 1 30000 1 2 1 1 3 2 30000 30000 2 30000 1 30000 1 2 3 2 2 2 2 2 3 2 30000 2 1 2 3 1 1 1 1 1 1 3 3 3 3 3 1 1 1 2 3 1 1 1 2 3 3 1 30000 30000 3 2 1 1 30000 1 1 1 1 1 30000 1 3 1 1 1 2 30000 1 2 1 2 30000 1 1 1 3 30000 1 2 3 1 1 3 3 3 30000 3 30000 1 2 3 3 30000 1 2 3 30000 30000 30000 30000 1 30000 2 1 1 2 2 3 2 2 1 1 30000 3 1 1 3 3 30000 30000 30000 1 1 30000 2 30000 30000 1 2 1 2 1 2 3 2 2 2 3 1 3 30000 1 1 2 1 3 2 2 30000 30000 3 1 2 30000 1 1 2 1 3 3 3 2 1 30000 3 2 30000 1 1 3 2 1 3 3 2 1 2 1 2 3 30000 1 1 2 3 1 3 2 3 1 30000 1 2 30000 1 1 1 2 1 1 3 1 3 3 1 1 1 1 2 1 2 1 2 1 30000 3 1 3 30000 2 1 3 1 3 1 2 30000 30000 30000 30000 30000 2 30000 1 2 3 30000 1 3 30000 2 2 1 1 3 3 1 2 2 1 1 1 30000 1 1 2 3 3 1 30000 2 3 1 3 3 2 30000 1 1 1 30000 3 2 1 1 1 1 1 1 2 30000 1 2 2 30000 1 3 2 3 1 30000 1 30000 30000 3 30000 1 3 30000 3 1 1 2 2 3 30000 2 1 1 1 3 30000 2 1 1 1 3 1 1 2 30000 1 30000 1 1 1 3 1 1 2 30000 1 30000 30000 1 1 1 2 1 2 1 3 1 1 1 1 1 1 1 2 1 2 2 1 1 2 1 1 30000 30000 1 1 1 1 2 30000 1 1 1 3 1 30000 2 1 3 30000 2 1 2 1 3 3 3 30000 3 1 1 30000 1 3 2 1 1 1 1 2 1 1 1 30000 1 1 30000 1 2 3 1 1 2 3 2 30000 3 2 2 1 2 1 1 30000 3 1 1 1 1 1 1 1 3 1 1 1 1 1 2 3 2 30000 3 1 30000 3 1 30000 3 2 30000 1 30000 1 2 30000 1 2 30000 2 3 3 1 1 30000 1 2 2 1 2 1 2 3 30000 30000 30000 1 2 1 3 3 1 1 1 30000 30000 1 30000 30000 2 3 3 30000 30000 2 3 1 2 1 2 1 1 1 1 3 1 2 3 3 30000 30000 1 2 1 2 2 1 2 1 30000 2 1 3 1 2 1 30000 2 1 1 1 2 30000 1 3 1 1 1 1 30000 1 30000 3 1 2 2 2 2 30000 1 1 3 1 3 2 30000 30000 3 3 1 30000 2 1 2 1 2 3 1 2 2 3 1 1 1 30000 1 2 3 1 1 1 3 1 30000 1 1 2 3 1 3 3 2 1 30000 30000 2 3 1 1 2 1 30000 3 2 30000 1 3 2 2 2 30000 1 30000 1 1 2 3 30000 2 2 2 2 3 3 2 1 1 1 30000 1 1 1 3 3 1 1 1 3 1 1 1 3 30000 30000 1 2 2 1 1 1 2 1 30000 30000 1 2 3 3 1 2 1 30000 30000 1 1 2 2 1 3 1 1 30000 3 1 2 30000 1 3 1 3 1 1 30000 1 2 30000 1 1 1 30000 1 30000 1 3 1 2 3 30000 1 3 30000 30000 2 3 30000 30000 1 1 30000 2 1 1 1 1 2 3 1 2 30000 1 1 1 1 1 1 1 3 1 1 2 1 1 1 30000 1 2 3 1 2 2 1 1 2 30000 1 3 3 3 1 2 30000 1 30000 2 30000 2 1 1 30000 3 1 3 1 2 1 2 2 2 30000 1 30000 1 1 1 3 1 1 2 1 1 3 1 3 2 3 1 30000 1 1 1 1 30000 30000 2 30000 3 1 1 1 1 30000 1 2 1 1 3 2 1 3 2 2 2 2 1 2 30000 1 30000 2 30000 30000 30000 1 30000 1 1 3 1 3 1 3 3 30000 30000 2 30000 30000 1 30000 2 3 1 30000 2 2 3 1 2 1 1 2 3 1 3 30000 2 1 2 1 2 1 1 3 1 2 2 2 2 2 30000 3 1 2 30000 1 2 1 1 30000 30000 1 1 1 1 1 3 30000 30000 1 2 1 30000 1 1 3 1 2 2 3 2 1 3 2 2 3 2 1 2 1 3 3 2 2 3 1 1 1 1 30000 1 30000 3 30000 2 3 1 1 3 1 2 1 1 1 1 1 3 3 1 1 3 30000 30000 1 2 30000 2 2 1 3 1 30000 1 30000 3 3 2 1 30000 30000 1 30000 3 1 2 2 3 2 2 2 1 30000 1 1 2 3 3 1 1 3 1 2 2 3 2 1 1 3 1 3 1 3 30000 1 1 3 1 1 2 3 1 2 1 3 1 2 1 3 1 30000 1 30000 1 1 3 1 1 2 3 1 3 2 3 1 2 1 1 3 3 30000 2 1 2 1 1 3 1 1 1 30000 3 2 3 1 2 1 30000 2 1 1 3 3 3 3 1 1 2 30000 1 1 1 3 30000 30000 1 30000 1 30000 1 1 2 1 2 30000 2 1 1 2 3 3 30000 30000 1 3 1 3 2 1 30000 3 1 2 3 1 2 30000 30000 3 30000 2 30000 30000 30000 30000 3 1 30000 3 2 2 3 1 2 1 1 1 30000 30000 30000 2 2 3 1 1 1 3 1 2 3 1 1 30000 30000 1 2 1 30000 1 3 1 1 3 1 1 30000 3 1 2 1 1 1 2 1 3 1 2 1 1 3 1 2 2 1 2 1 3 1 30000 30000 1 30000 3 2 2 1 2 1 3 1 2 1 2 1 30000 2 1 2 30000 1 3 3 3 2 1 1 30000 1 30000 1 2 1 3 1 1 1 1 3 1 30000 1 1 1 3 1 1 1 30000 30000 3 30000 3 1 30000 30000 1 1 30000 2 3 1 1 3 3 30000 1 3 3 2 1 3 2 30000 3 30000 3 30000 2 1 3 30000 1 30000 1 1 2 3 2 2 30000 2 2 1 1 1 30000 1 3 30000 30000 1 30000 1 1 2 1 30000 1 3 1 3 1 1 1 1 1 30000 1 1 30000 2 3 30000 30000 30000 2 1 2 3 3 2 3 2 1 2 2 30000 2 1 2 3 3 2 1 3 3 1 3 30000 1 1 3 2 1 1 30000 3 1 30000 30000 1 3 2 1 30000 1 3 2 30000 1 2 3 2 1 1 1 1 1 1 1 3 1 2 3 2 1 30000 3 30000 3 1 3 3 30000 30000 3 30000 1 30000 3 2 1 1 3 2 30000 1 2 2 1 2 1 1 30000 30000 1 3 1 2 1 3 1 1 2 30000 2 2 2 2 1 1 1 2 1 1 1 2 30000 3 1 1 2 1 30000 2 1 1 30000 1 3 1 1 2 3 1 1 2 30000 1 1 1 30000 1 1 1 2 30000 30000 1 3 1 1 2 2 1 1 3 2 2 1 30000 3 3 30000 30000 2 30000 3 3 30000 2 3 1 1 3 1 1 1 1 3 1 1 1 1 3 1 1 3 2 3 3 30000 1 1 2 3 30000 1 1 3 30000 2 30000 2 1 2 3 2 2 1 3 30000 30000 3 2 2 2 1 2 3 1 30000 2 1 1 30000 1 1 3 30000 30000 3 1 1 30000 1 1 2 2 3 30000 1 2 1 1 2 3 30000 2 3 1 1 30000 2 1 3 1 1 30000 1 2 30000 3 3 1 1 3 2 30000 1 30000 2 30000 30000 3 2 1 1 3 1 1 1 30000 2 2 1 2 1 30000 1 3 1 3 1 1 3 30000 1 2 2 2 30000 30000 30000 1 30000 1 3 1 1 2 1 30000 3 2 3 30000 3 1 2 1 1 1 1 3 2 1 1 3 3 1 1 30000 30000 30000 1 1 1 1 1 30000 30000 1 30000 2 30000 30000 3 30000 1 2 2 1 3 30000 1 2 3 1 1 30000 1 3 1 2 1 30000 30000 3 1 1 1 30000 30000 2 1 1 30000 2 3 1 1 2 1 30000 2 2 1 2 30000 3 1 1 2 1 1 1 1 30000 3 1 1 1 3 2 2 1 3 30000 2 1 1 3 1 2 30000 1 1 1 1 3 1 2 3 2 1 2 1 1 2 3 2 1 2 2 30000 1 1 1 30000 2 30000 3 1 1 1 2 2 1 1 3 1 2 2 2 1 30000 30000 1 2 1 3 2 2 3 30000 1 3 2 1 30000 2 1 1 1 2 3 1 2 1 1 1 1 3 3 1 30000 30000 3 30000 3 1 30000 3 1 3 2 2 2 3 1 1 3 2 1 3 1 2 1 1 1 1 1 1 1 3 3 1 2 30000 3 30000 1 2 3 1 3 1 30000 1 2 1 1 2 1 3 2 1 1 30000 3 1 30000 1 3 2 3 30000 30000 3 1 3 1 1 1 30000 2 1 30000 2 30000 2 30000 2 1 1 2 1 3 1 1 1 2 1 30000 1 1 30000 30000 30000 1 1 3 3 1 30000 2 2 1 1 1 1 3 1 1 1 1 1 2 30000 1 30000 2 3 3 1 2 1 2 30000 3 1 30000 30000 2 30000 1 3 30000 1 1 2 2 30000 1 3 1 2 2 2 3 1 30000 3 1 1 30000 1 1 30000 3 30000 1 3 30000 3 30000 2 1 2 3 1 30000 3 1 1 1 1 1 30000 1 1 1 30000 1 2 30000 30000 1 3 2 30000 30000 2 1 1 1 3 1 30000 3 2 30000 3 3 1 1 1 30000 1 1 1 2 1 1 3 1 3 3 30000 1 1 1 30000 30000 30000 30000 30000 1 1 1 2 1 30000 1 2 2 1 30000 3 2 2 2 2 3 1 2 30000 1 30000 3 1 3 1 1 3 3 1 30000 1 3 1 1 1 3 3 3 30000 1 3 30000 2 1 2 1 3 3 1 2 30000 1 1 3 30000 3 1 2 3 3 30000 30000 30000 1 1 1 1 30000 1 1 30000 2 1 2 30000 2 2 2 3 30000 1 1 2 30000 30000 1 2 1 2 1 2 2 30000 1 2 1 2 1 2 3 30000 3 3 30000 1 1 2 2 1 30000 1 3 30000 1 1 2 30000 1 1 30000 1 3 1 1 1 2 2 3 1 3 30000 2 1 3 1 30000 2 1 3 2 1 3 1 3 2 3 1 1 30000 1 1 1 2 2 2 2 30000 1 1 30000 3 1 30000 2 2 1 3 2 1 3 3 30000 3 2 1 1 2 1 1 1 30000 1 1 3 1 2 1 2 1 1 30000 3 2 1 3 1 1 3 2 2 3 2 2 1 1 1 30000 30000 2 1 1 1 3 1 2 3 3 3 1 2 1 1 1 1 2 30000 1 30000 30000 1 2 1 2 1 30000 2 30000 2 2 1 3 2 1 30000 30000 2 1 30000 1 2 1 30000 3 2 30000 2 30000 3 1 2 30000 3 1 1 30000 1 3 2 3 1 1 1 1 1 2 2 1 2 3 1 1 3 3 30000 3 1 2 1 2 1 30000 1 1 30000 1 3 2 1 1 1 3 2 1 30000 2 30000 2 30000 3 1 1 30000 1 2 1 2 1 2 1 3 2 3 3 30000 3 3 30000 2 2 3 30000 2 1 1 1 3 1 3 2 1 1 2 1 2 1 30000 3 2 2 30000 1 2 2 1 30000 1 2 3 30000 30000 1 1 2 3 30000 30000 30000 30000 2 1 2 1 1 2 30000 1 30000 3 2 1 2 2 2 1 1 2 30000 30000 30000 1 30000 30000 1 30000 30000 2 30000 1 3 3 2 30000 1 3 1 3 2 2 2 3 1 2 1 1 30000 2 1 1 3 1 1 3 2 1 30000 30000 3 1 1 1 30000 1 1 30000 30000 2 3 1 3 1 1 3 30000 2 30000 2 1 1 30000 2 2 1 2 3 1 2 1 1 3 30000 1 1 1 3 1 1 3 30000 2 30000 30000 1 30000 1 3 1 30000 1 1 30000 1 2 30000 1 1 1 1 1 2 3 1 3 1 30000 3 2 30000 2 2 1 30000 2 1 1 1 2 2 1 30000 1 2 2 30000 30000 1 30000 1 2 1 30000 30000 1 1 3 1 1 1 1 2 3 30000 1 1 1 1 1 1 2 30000 30000 1 1 1 3 30000 3 30000 3 3 2 3 3 1 1 1 30000 2 1 1 1 30000 3 3 2 30000 30000 1 30000 1 2 2 3 1 2 2 2 3 1 3 2 1 2 1 3 30000 1 1 3 30000 30000 2 1 2 3 30000 2 1 30000 1 3 1 30000 1 30000 1 1 2 2 3 30000 30000 3 1 3 2 2 1 1 1 2 3 2 2 30000 2 1 30000 1 1 30000 1 2 1 30000 3 1 2 1 2 30000 2 1 3 3 2 3 3 1 3 1 2 3 1 30000 1 1 1 3 2 30000 3 3 1 3 3 2 2 1 1 2 30000 30000 1 30000 1 1 1 30000 1 30000 2 1 1 1 30000 1 30000 1 30000 30000 30000 30000 1 30000 1 1 1 3 3 1 3 2 1 3 2 1 2 1 3 1 2 30000 30000 1 30000 1 1 1 1 1 30000 3 2 1 1 1 30000 1 3 1 1 30000 2 3 1 1 1 1 2 1 30000 3 2 1 1 3 3 1 30000 30000 3 1 2 30000 2 2 1 3 1 30000 30000 30000 30000 1 3 1 30000 30000 1 2 30000 1 3 3 2 3 2 3 1 1 2 30000 2 3 3 1 2 30000 2 1 1 1 1 1 30000 2 2 30000 2 2 3 1 3 2 1 2 2 3 30000 30000 2 3 1 1 1 1 1 2 30000 1 30000 3 1 3 1 1 3 1 2 2 1 1 3 30000 1 3 1 3 1 2 1 30000 2 1 1 3 2 1 30000 1 1 1 2 3 1 3 3 2 2 30000 1 2 1 1 3 1 1 3 2 30000 3 30000 1 2 1 1 3 2 1 3 1 30000 3 30000 3 2 1 1 30000 1 3 2 30000 3 1 30000 1 1 3 3 2 1 30000 30000 1 1 1 1 1 3 30000 3 2 1 2 1 1 2 2 1 1 2 1 2 30000 1 3 1 1 1 2 2 2 1 1 2 30000 3 2 2 3 30000 2 2 2 2 2 3 3 1 3 2 1 1 3 3 1 1 30000 30000 30000 30000 30000 30000 2 2 3 1 1 1 30000 1 2 1 1 3 3 3 2 2 1 2 1 2 3 2 1 1 2 30000 3 3 3 1 3 1 2 1 1 3 1 1 1 30000 1 3 30000 1 1 1 1 3 30000 3 3 1 2 3 1 1 3 3 1 3 1 1 30000 2 2 1 30000 1 1 30000 1 1 3 30000 2 3 3 2 1 2 3 1 1 3 1 1 1 2 1 1 1 1 3 1 3 1 1 3 3 1 3 1 2 1 2 1 3 30000 1 3 1 3 1 3 1 1 30000 3 2 3 30000 1 2 1 3 1 1 30000 2 1 1 3 1 1 30000 30000 1 1 1 2 1 1 1 30000 3 1 1 3 30000 1 1 2 30000 3 1 3 30000 2 30000 30000 3 2 1 3 2 3 3 3 1 3 3 30000 1 3 2 30000 3 30000 30000 2 3 2 2 3 1 1 1 1 3 1 3 1 1 2 1 2 1 1 3 1 2 3 30000 30000 1 1 2 1 3 3 2 30000 3 1 1 3 1 1 1 1 3 2 2 30000 3 2 3 30000 30000 1 2 30000 3 30000 1 1 3 2 1 30000 2 1 1 3 30000 3 3 1 3 30000 1 1 1 3 1 1 1 3 1 2 2 1 30000 3 1 3 1 1 1 3 1 1 2 1 1 2 1 2 3 1 30000 3 1 2 30000 3 3 2 3 30000 30000 2 2 1 1 30000 30000 2 30000 30000 3 30000 3 1 1 3 3 1 2 1 3 2 30000 1 30000 1 1 1 2 3 2 2 1 2 30000 30000 1 1 2 1 30000 1 30000 3 2 3 2 1 1 30000 3 1 30000 1 1 30000 1 1 1 2 1 2 1 3 1 30000 3 1 1 2 3 1 2 1 3 30000 1 1 2 2 2 1 1 1 1 1 1 30000 1 3 3 1 1 3 30000 2 1 3 2 30000 2 2 30000 2 3 3 30000 1 1 30000 3 1 2 3 30000 1 1 1 2 2 1 30000 1 1 3 2 30000 1 3 1 30000 30000 1 1 2 1 2 1 3 30000 30000 2 1 30000 2 2 1 1 3 1 30000 3 1 2 3 2 1 1 1 1 30000 3 2 3 3 2 30000 3 3 1 2 1 30000 3 1 30000 1 2 30000 1 1 1 30000 30000 30000 3 30000 2 1 1 30000 3 1 2 3 1 30000 2 1 1 1 2 2 3 2 3 1 1 1 2 3 1 2 1 30000 3 1 1 3 30000 1 30000 3 1 1 2 1 3 30000 1 3 2 30000 2 3 1 1 2 3 1 2 2 1 1 2 2 1 1 2 1 1 30000 2 1 3 1 30000 3 30000 2 1 1 1 1 2 2 30000 1 2 1 30000 1 1 1 30000 1 30000 30000 1 3 1 3 2 2 1 3 30000 30000 2 30000 2 1 2 3 30000 1 2 1 1 30000 3 3 2 30000 2 1 2 1 3 1 2 30000 30000 1 1 1 1 2 30000 1 3 30000 1 1 30000 2 30000 30000 1 3 1 3 30000 3 30000 30000 3 1 3 1 3 1 1 2 1 1 2 1 3 2 3 30000 2 1 2 2 3 3 1 2 1 1 30000 3 1 2 3 3 30000 1 2 1 2 1 3 2 1 30000 3 3 3 2 3 1 30000 1 1 2 1 2 1 1 2 3 1 30000 3 2 30000 1 1 2 30000 3 3 30000 1 1 2 2 3 1 30000 1 3 2 30000 1 30000 2 1 2 2 30000 30000 2 1 30000 1 1 1 2 3 3 2 3 2 3 1 30000 1 2 2 1 1 1 3 1 30000 1 1 3 3 3 2 2 2 1 2 30000 1 1 2 1 1 1 1 1 1 1 3 1 3 1 2 1 30000 30000 2 3 1 1 2 2 3 1 30000 1 30000 30000 2 1 30000 1 1 2 2 3 1 3 3 2 1 1 3 3 30000 1 1 2 1 30000 30000 1 30000 3 3 3 1 2 2 30000 30000 1 1 2 30000 3 2 30000 1 2 30000 2 3 2 1 1 2 3 2 1 1 1 1 2 1 1 30000 2 2 1 1 1 30000 30000 3 3 30000 30000 1 2 1 1 30000 1 1 3 3 1 2 1 1 2 2 1 30000 3 1 2 1 3 1 1 3 3 1 1 2 3 30000 30000 1 1 1 3 30000 1 2 1 30000 1 2 1 1 30000 2 2 1 30000 1 1 2 1 1 3 1 2 1 3 1 2 30000 3 3 1 2 3 30000 1 1 3 3 1 2 1 2 3 2 1 3 2 3 1 30000 1 3 1 2 1 3 2 30000 1 3 1 1 2 3 30000 1 1 2 1 3 2 1 1 3 2 1 3 2 2 3 3 1 1 3 1 1 1 1 1 1 1 1 2 1 1 1 30000 2 1 3 30000 1 1 2 2 1 30000 2 2 3 1 1 30000 3 3 30000 30000 2 1 1 3 1 30000 30000 30000 2 30000 1 2 1 30000 3 1 1 1 2 30000 30000 30000 1 3 2 3 1 3 3 3 1 1 1 30000 1 2 30000 30000 1 3 3 2 2 2 30000 1 3 30000 2 3 3 30000 1 3 30000 3 3 1 3 1 1 3 1 3 30000 3 1 30000 3 1 2 3 1 30000 1 1 2 1 1 2 1 1 2 3 30000 1 3 30000 2 1 30000 1 30000 3 3 1 3 1 3 3 1 30000 1 1 30000 30000 2 1 1 1 1 1 3 1 2 3 1 2 1 30000 1 30000 1 1 2 30000 1 3 1 1 1 30000 1 3 3 1 30000 1 1 3 30000 1 1 1 1 30000 1 2 2 1 2 3 30000 1 1 1 1 3 1 2 2 1 30000 1 1 30000 3 1 1 2 1 3 30000 30000 3 2 1 1 2 30000 1 1 1 3 2 2 3 1 30000 30000 1 3 1 2 1 3 1 1 30000 1 1 30000 2 1 30000 2 30000 1 2 1 30000 1 1 2 1 1 1 2 30000 30000 3 1 2 1 1 3 3 3 30000 1 1 3 1 3 2 3 3 1 3 1 3 3 30000 2 1 1 3 2 30000 30000 3 3 1 30000 3 1 2 1 2 2 1 30000 3 2 30000 3 2 30000 1 1 30000 2 3 30000 30000 3 2 3 30000 3 1 1 3 1 1 2 1 1 1 1 1 30000 1 30000 30000 1 1 3 1 30000 1 1 1 1 1 30000 2 30000 2 30000 30000 3 1 1 2 30000 1 1 1 3 3 2 1 30000 30000 2 30000 1 1 2 1 2 3 3 2 3 2 1 2 1 2 1 2 1 3 1 3 1 1 2 1 3 30000 3 3 30000 3 2 30000 30000 3 3 1 1 3 30000 30000 30000 1 1 2 1 1 1 3 30000 2 1 2 1 1 3 30000 1 30000 2 3 2 2 1 3 2 1 2 1 1 1 30000 2 30000 1 3 3 1 2 3 30000 3 1 3 1 30000 30000 1 3 1 30000 30000 3 30000 2 2 1 2 2 3 1 1 2 3 3 1 2 30000 2 2 1 1 30000 30000 30000 2 3 2 3 1 30000 1 1 1 1 1 1 30000 1 2 1 1 1 3 1 3 3 1 3 1 1 1 1 2 1 2 1 1 1 3 2 2 1 1 1 30000 1 1 1 1 1 30000 1 1 1 3 1 2 30000 3 3 2 3 2 30000 2 3 30000 3 30000 1 1 3 1 30000 3 1 1 2 30000 3 3 30000 2 3 1 1 2 1 1 3 30000 3 1 3 1 3 1 3 30000 30000 1 30000 30000 1 30000 30000 3 30000 1 3 30000 3 1 1 1 2 1 1 1 1 3 1 2 1 1 30000 2 3 30000 1 2 2 30000 2 1 30000 3 3 1 1 30000 1 2 1 2 1 3 30000 1 1 1 3 1 30000 1 1 2 1 2 1 1 30000 30000 1 30000 3 1 30000 1 30000 30000 30000 1 1 1 30000 3 2 30000 3 30000 3 1 1 3 1 1 2 2 2 1 30000 1 2 1 3 1 3 1 1 30000 3 30000 30000 2 30000 1 1 1 1 1 30000 1 1 1 30000 1 1 3 30000 2 3 3 1 30000 1 2 2 1 1 2 3 1 1 3 2 30000 2 1 2 1 30000 1 3 3 1 2 2 3 1 1 3 2 3 3 1 3 1 2 2 1 1 30000 30000 30000 1 1 30000 2 2 30000 1 2 2 30000 30000 1 3 1 3 3 1 1 30000 1 3 1 1 30000 3 30000 2 1 2 3 1 1 3 2 3 30000 2 3 1 2 2 3 1 2 2 1 1 1 30000 2 1 1 2 2 2 30000 1 30000 1 3 2 1 1 1 30000 30000 1 3 3 1 30000 2 2 3 2 3 3 1 2 1 1 1 1 30000 1 1 2 2 3 1 1 1 2 1 3 2 30000 3 2 1 3 2 2 30000 3 1 1 1 3 1 3 3 3 1 3 1 1 1 2 3 2 1 3 30000 1 1 30000 1 30000 2 1 3 3 1 3 1 3 1 30000 1 30000 1 30000 30000 30000 3 1 1 3 30000 3 30000 2 1 1 2 30000 1 1 1 2 1 1 3 1 1 1 1 2 30000 1 3 1 30000 30000 2 1 2 2 1 1 1 1 2 1 30000 1 1 1 30000 1 1 30000 30000 30000 30000 1 30000 3 2 2 3 30000 3 30000 1 1 1 30000 1 30000 30000 2 1 2 3 2 30000 1 1 1 3 2 30000 1 1 30000 3 3 2 1 2 3 1 1 30000 2 30000 3 1 1 1 30000 1 1 1 30000 2 1 30000 30000 1 30000 2 1 1 1 3 2 3 1 1 2 1 3 1 1 30000 30000 3 30000 30000 3 1 3 30000 2 1 1 30000 1 1 1 30000 3 30000 30000 3 30000 2 30000 3 3 3 3 3 3 1 3 1 1 30000 2 2 1 1 2 3 30000 3 3 2 1 1 1 1 3 1 2 30000 30000 3 3 30000 2 30000 30000 1 2 1 30000 1 30000 2 1 1 1 1 1 2 1 30000 3 1 1 2 2 1 3 1 1 3 3 1 1 3 30000 1 1 1 30000 1 1 1 3 3 2 1 1 3 1 3 1 2 2 1 1 30000 1 30000 1 1 30000 1 30000 30000 3 1 2 1 3 2 1 1 1 30000 2 1 1 3 3 1 1 3 1 1 1 1 1 2 30000 2 30000 1 3 1 1 1 1 2 30000 3 1 1 1 1 1 1 3 2 1 30000 30000 1 30000 1 30000 1 1 2 30000 2 30000 1 2 1 3 30000 2 1 1 2 2 30000 3 1 3 1 30000 30000 30000 1 2 3 30000 1 30000 1 1 1 30000 3 1 2 2 30000 30000 1 1 1 2 1 1 3 1 3 3 1 1 1 1 1 30000 30000 1 2 1 30000 2 3 1 1 3 3 1 1 1 1 30000 3 2 30000 1 2 2 30000 2 2 30000 1 30000 1 3 3 1 30000 1 1 1 3 3 1 3 2 1 1 1 30000 2 3 1 1 1 1 1 30000 3 2 2 3 1 2 1 2 1 1 1 1 1 1 2 1 3 2 1 3 3 1 30000 30000 3 2 3 2 2 1 1 1 2 1 30000 30000 3 30000 3 3 1 2 2 3 1 2 1 1 3 2 3 1 1 3 3 30000 30000 3 2 3 2 1 2 1 1 2 1 3 1 1 30000 3 1 30000 2 30000 1 2 2 30000 30000 2 3 2 1 2 1 1 30000 30000 2 30000 1 3 2 1 30000 30000 1 3 2 3 3 2 3 1 1 3 2 3 2 3 1 1 1 1 3 2 1 3 3 3 2 1 30000 1 30000 3 3 1 30000 2 3 1 30000 3 3 2 3 2 1 2 3 3 1 1 3 1 30000 3 30000 1 3 1 3 1 2 1 3 30000 3 2 1 3 30000 30000 3 3 30000 1 3 1 1 30000 2 2 30000 1 1 3 1 1 1 3 1 3 30000 1 2 3 1 2 1 1 3 1 1 1 30000 30000 1 30000 3 1 1 1 30000 2 1 30000 2 1 2 1 2 1 2 2 1 3 2 1 1 2 1 2 3 3 1 1 1 1 3 30000 1 30000 30000 1 2 30000 3 1 1 1 3 30000 2 1 30000 2 1 1 1 2 30000 1 1 1 1 30000 1 3 1 2 1 2 3 1 3 30000 1 1 3 1 1 1 2 1 30000 1 3 2 3 3 30000 3 2 1 1 1 2 3 3 1 3 1 30000 30000 1 30000 2 30000 2 2 2 1 1 1 3 1 30000 3 30000 30000 3 1 1 1 1 1 2 1 30000 2 1 30000 2 1 1 3 1 1 1 3 2 3 2 30000 2 3 1 2 3 3 1 1 3 1 30000 1 1 2 2 2 30000 1 30000 2 3 30000 3 30000 1 30000 1 1 1 1 2 2 2 3 1 1 2 1 30000 2 30000 3 1 1 1 30000 30000 1 1 30000 3 30000 1 1 1 1 30000 1 1 3 3 1 2 1 1 2 30000 2 2 1 2 1 3 3 30000 1 1 1 2 3 1 3 1 1 3 2 2 1 30000 3 1 1 3 1 2 1 1 30000 30000 30000 1 30000 2 2 1 1 2 2 1 1 30000 1 30000 30000 3 1 3 1 1 2 2 1 2 2 2 1 2 30000 2 1 2 1 2 1 30000 3 1 1 1 3 3 30000 1 3 2 1 2 3 1 1 2 30000 1 1 2 1 3 2 30000 2 2 1 30000 2 1 3 30000 1 1 1 1 30000 1 2 3 1 1 2 1 1 2 3 1 2 1 2 1 3 30000 1 2 1 30000 1 30000 1 3 30000 30000 1 3 1 2 30000 30000 1 30000 30000 3 30000 1 3 1 3 2 1 1 1 1 30000 3 2 3 1 3 1 2 30000 30000 1 2 30000 2 1 30000 2 1 3 30000 2 1 3 1 30000 2 1 3 1 3 30000 3 1 1 30000 3 3 30000 30000 30000 3 2 1 30000 1 3 2 2 1 1 1 2 30000 1 1 1 1 30000 30000 1 3 3 2 3 3 30000 1 1 3 1 1 1 1 3 3 30000 30000 3 1 2 3 2 1 1 2 2 1 1 1 1 3 1 1 2 1 1 1 1 3 2 1 3 1 30000 1 2 30000 30000 2 3 1 1 3 3 3 2 1 1 3 1 3 1 30000 1 30000 3 1 1 3 1 3 1 2 2 1 2 2 1 1 1 1 3 2 30000 1 30000 1 1 30000 3 1 30000 1 30000 1 1 3 1 3 30000 2 1 1 1 3 3 1 2 2 2 1 1 1 1 30000 30000 2 1 3 3 1 1 1 1 1 30000 2 2 1 1 3 1 2 3 1 3 1 1 1 2 1 1 1 2 1 3 2 1 1 1 3 2 2 1 2 2 2 30000 2 2 3 1 1 30000 30000 2 2 30000 1 1 30000 1 1 1 30000 1 3 2 1 3 1 2 1 1 30000 30000 1 1 1 2 3 2 1 3 1 1 1 2 30000 2 1 1 3 2 1 2 30000 1 1 3 2 3 30000 1 3 3 30000 1 3 3 30000 30000 2 2 1 30000 3 2 1 2 1 30000 30000 1 1 1 3 2 2 1 3 1 1 2 30000 3 3 30000 2 30000 1 3 3 2 30000 1 2 1 2 30000 3 1 1 3 3 2 3 1 1 1 30000 3 3 3 3 30000 30000 2 3 30000 3 30000 1 1 1 1 1 30000 1 1 30000 2 1 1 3 1 3 2 3 3 30000 30000 3 3 3 1 1 30000 30000 30000 30000 30000 1 3 3 2 2 2 3 3 3 1 2 1 30000 30000 3 3 30000 2 30000 3 1 3 2 1 2 1 1 3 30000 1 2 2 30000 1 2 30000 30000 1 1 1 30000 2 30000 1 1 1 30000 1 3 1 3 2 1 30000 1 30000 1 1 30000 2 1 3 30000 2 30000 2 30000 1 30000 2 3 1 3 1 1 1 3 1 2 2 1 30000 3 1 1 3 30000 30000 3 1 30000 1 30000 30000 30000 30000 2 1 2 1 3 1 1 30000 3 30000 1 3 3 30000 30000 1 30000 2 1 3 1 1 3 3 1 2 30000 30000 30000 2 2 1 1 1 1 2 1 2 1 1 2 30000 2 2 30000 1 1 1 30000 1 30000 2 30000 1 2 1 1 1 30000 2 30000 3 3 1 2 3 30000 30000 1 30000 2 1 2 3 2 2 3 2 3 3 3 1 1 3 30000 2 3 30000 1 3 2 1 1 1 30000 30000 3 30000 2 1 1 30000 1 1 2 3 3 1 30000 1 1 2 2 3 1 3 1 1 1 30000 1 1 1 1 30000 3 1 30000 30000 3 2 30000 1 2 1 30000 1 3 3 2 2 2 2 3 3 3 1 1 1 1 3 1 2 2 2 1 3 30000 1 1 30000 30000 2 1 30000 1 3 1 1 1 1 3 30000 3 1 30000 1 1 30000 30000 1 30000 1 30000 30000 1 30000 30000 1 30000 1 2 3 1 3 30000 1 1 3 2 3 2 30000 2 3 30000 1 30000 1 30000 3 1 30000 1 30000 1 30000 1 2 2 30000 3 1 1 1 3 1 2 2 1 1 30000 1 2 1 1 30000 30000 3 3 2 1 3 1 2 3 1 2 3 2 1 30000 3 2 1 1 30000 1 2 2 30000 30000 30000 1 1 1 30000 1 30000 1 3 3 3 1 2 3 2 1 3 1 1 1 2 1 30000 1 2 30000 30000 30000 2 3 2 3 3 1 30000 2 30000 3 1 3 1 30000 2 1 1 3 1 30000 1 30000 3 2 3 2 1 3 1 1 30000 2 3 3 2 1 3 1 3 1 3 1 30000 2 1 1 1 1 1 3 1 1 30000 3 2 2 1 1 1 1 1 30000 3 3 30000 30000 1 30000 2 3 2 3 3 2 3 30000 1 1 30000 1 2 1 1 2 2 2 30000 1 30000 1 1 3 3 30000 30000 30000 1 3 1 2 2 30000 1 2 1 1 1 3 1 1 3 1 3 1 30000 3 3 3 2 2 3 3 1 30000 30000 1 3 1 1 1 1 2 2 2 1 30000 30000 3 3 3 3 30000 1 1 30000 2 2 3 1 2 30000 3 3 1 1 1 3 2 30000 1 30000 3 1 30000 2 2 30000 1 30000 1 1 1 3 1 3 3 1 30000 30000 30000 1 2 1 2 3 3 2 1 3 3 1 2 2 2 1 3 1 1 30000 1 2 1 1 2 2 1 30000 2 2 3 2 3 1 3 2 1 1 30000 1 2 2 1 30000 30000 30000 1 1 1 1 1 1 1 1 2 2 1 1 2 1 1 1 2 2 3 3 1 1 3 2 3 3 1 1 2 2 3 1 1 2 30000 30000 1 3 1 1 2 1 3 3 1 1 1 30000 1 30000 1 2 3 30000 2 30000 1 1 2 1 3 2 3 2 2 30000 1 30000 1 3 3 2 1 2 3 2 3 1 1 3 3 30000 30000 30000 1 1 1 30000 3 3 30000 1 1 3 30000 1 1 1 2 2 1 30000 30000 2 2 30000 2 2 1 1 3 30000 2 30000 1 3 1 3 1 2 2 1 1 1 1 3 2 30000 3 1 3 1 1 1 3 3 3 1 3 2 3 3 2 1 3 30000 1 2 1 2 1 2 3 1 3 1 30000 3 30000 1 2 2 1 1 2 2 1 1 1 2 1 1 30000 30000 30000 2 1 1 1 2 3 1 30000 1 1 1 2 30000 2 1 1 1 3 2 1 30000 30000 3 1 3 1 3 1 1 1 1 1 30000 3 3 30000 2 30000 1 30000 30000 1 2 2 3 2 1 1 30000 2 1 3 2 1 1 30000 2 30000 2 2 1 1 2 1 1 1 1 2 30000 3 3 1 2 30000 3 1 1 3 1 1 30000 30000 1 30000 2 1 1 2 30000 1 1 1 1 1 2 2 3 2 2 3 1 2 1 2 1 3 1 30000 30000 1 1 1 2 2 1 30000 3 1 30000 1 1 1 30000 3 3 30000 3 1 30000 2 1 1 2 1 3 3 1 1 1 1 1 1 3 3 1 2 1 2 2 1 30000 1 1 1 30000 3 1 30000 3 2 2 1 3 30000 1 1 2 1 2 30000 30000 1 2 2 1 1 30000 30000 3 30000 2 1 3 30000 30000 30000 1 2 3 30000 30000 1 3 3 1 2 30000 3 1 2 30000 3 2 1 1 30000 1 30000 2 2 1 30000 2 3 2 1 2 1 2 3 2 2 30000 1 30000 30000 2 1 30000 3 1 1 1 30000 1 2 3 2 1 2 1 1 2 3 30000 1 1 2 3 30000 30000 2 2 30000 30000 30000 2 30000 3 2 1 1 3 2 3 1 2 2 1 1 3 2 2 1 1 3 2 3 1 1 2 3 1 3 3 1 1 2 1 2 1 30000 2 2 1 2 3 30000 30000 3 1 1 1 30000 2 1 3 3 2 30000 1 2 2 1 3 3 30000 30000 3 30000 1 1 1 30000 30000 1 3 2 1 3 30000 3 2 1 30000 3 30000 1 30000 30000 30000 2 2 1 3 2 1 1 2 3 1 1 30000 30000 3 1 1 1 2 1 30000 1 2 1 2 1 3 1 2 3 1 1 30000 3 1 30000 1 1 30000 2 3 30000 1 30000 1 1 2 3 1 1 1 2 1 30000 30000 30000 30000 3 2 30000 1 1 3 2 3 3 1 2 30000 30000 1 1 3 30000 3 30000 30000 30000 2 1 2 1 30000 2 30000 30000 3 30000 1 1 1 2 2 30000 1 3 2 3 1 3 2 1 1 3 1 1 1 1 1 3 2 1 3 1 2 1 2 30000 2 2 1 30000 30000 1 1 30000 3 2 30000 1 30000 1 1 3 3 2 1 3 2 1 30000 1 1 3 30000 2 30000 2 1 1 1 30000 1 1 2 1 1 30000 3 3 2 2 1 1 1 1 2 30000 3 2 2 1 2 30000 1 2 30000 1 3 30000 1 1 3 30000 1 2 1 3 3 1 3 1 1 1 1 3 1 2 2 2 3 30000 2 2 3 2 3 1 3 3 1 30000 2 3 2 1 1 1 30000 30000 1 1 30000 3 3 1 2 3 2 2 1 3 1 2 30000 30000 3 3 1 1 30000 2 1 1 1 2 1 2 1 3 1 1 1 2 3 3 2 30000 3 30000 1 3 1 30000 1 1 30000 30000 1 1 1 1 1 3 30000 1 30000 3 1 1 30000 1 1 1 3 30000 1 30000 30000 1 2 1 2 2 30000 30000 3 1 30000 2 1 1 1 1 1 3 30000 1 3 1 3 3 30000 2 1 1 1 1 30000 30000 1 3 30000 1 2 1 1 1 3 30000 3 2 2 1 30000 2 1 2 1 1 1 30000 2 1 1 1 30000 2 2 1 1 3 3 1 3 1 1 1 1 3 1 3 1 1 1 3 30000 3 1 30000 30000 3 2 2 2 1 3 1 1 2 1 2 30000 1 1 2 1 30000 1 1 1 30000 2 2 1 30000 30000 2 1 3 3 1 3 30000 1 3 1 1 30000 1 30000 1 3 1 3 30000 1 3 1 1 3 1 1 1 2 3 30000 2 2 2 2 1 3 2 30000 3 1 2 30000 30000 3 30000 30000 1 1 30000 1 1 30000 1 3 1 3 1 3 30000 3 30000 30000 1 1 1 30000 2 1 30000 30000 1 30000 1 2 3 2 3 2 1 30000 1 1 1 3 1 1 30000 1 1 30000 30000 3 1 3 1 1 2 1 30000 1 30000 1 1 30000 3 3 2 1 1 1 3 3 1 30000 1 3 30000 30000 30000 1 3 1 3 1 2 3 3 1 30000 1 30000 2 2 2 1 1 1 3 1 1 3 3 1 1 1 1 2 1 1 1 3 1 1 3 2 3 2 30000 3 1 2 2 1 30000 2 1 1 1 3 30000 1 1 2 1 30000 1 30000 30000 1 2 3 30000 1 3 1 1 30000 1 30000 1 1 3 2 1 1 1 1 30000 30000 3 1 3 30000 1 30000 3 1 2 1 3 1 1 1 3 1 1 2 3 1 2 30000 1 1 2 1 3 1 30000 30000 3 2 30000 3 2 1 30000 30000 1 30000 1 1 3 1 30000 1 30000 30000 1 2 1 1 2 30000 1 1 2 30000 30000 3 1 2 1 1 3 1 1 30000 1 1 30000 30000 30000 30000 2 30000 30000 30000 3 2 1 3 1 2 1 2 3 1 2 1 1 2 30000 3 2 3 3 3 30000 1 1 2 1 1 30000 3 1 2 3 2 1 30000 1 1 30000 1 1 30000 30000 30000 30000 1 3 1 3 30000 1 1 1 30000 3 30000 1 1 1 2 1 1 3 2 1 1 1 30000 30000 30000 3 2 3 1 30000 30000 3 1 3 1 1 3 3 2 1 30000 1 1 30000 1 3 1 1 1 1 1 1 2 3 3 2 1 1 1 1 2 3 1 30000 30000 1 1 3 3 3 1 3 1 1 1 1 2 2 1 2 3 1 3 1 1 1 3 1 2 1 2 3 1 1 3 2 30000 2 2 3 1 30000 3 3 30000 30000 3 3 1 2 2 1 3 1 2 1 30000 3 1 2 1 30000 2 3 2 2 1 1 2 1 2 1 30000 3 1 30000 3 1 1 1 30000 1 1 30000 30000 2 1 1 30000 30000 3 30000 2 1 3 2 3 1 2 1 3 1 1 30000 2 3 1 2 1 1 30000 30000 2 3 1 1 2 1 2 1 2 1 3 2 3 2 3 3 1 2 30000 3 2 3 1 3 3 2 3 2 1 2 30000 30000 2 3 30000 1 30000 2 1 1 2 2 3 1 2 3 3 3 3 2 30000 2 1 30000 2 1 1 1 1 1 1 1 1 1 30000 1 1 3 1 1 1 3 1 1 2 2 1 1 3 2 1 3 1 3 1 2 30000 1 3 2 1 2 30000 3 2 3 1 3 30000 3 2 3 3 30000 3 2 2 1 1 2 2 1 1 2 2 1 1 1 30000 1 30000 3 2 1 1 3 30000 1 1 2 1 30000 1 30000 1 30000 2 30000 2 3 1 3 3 1 2 1 1 1 30000 3 2 30000 2 1 2 1 2 30000 3 1 1 30000 3 1 3 1 2 2 1 3 1 1 3 30000 30000 1 30000 1 30000 30000 1 3 30000 2 1 2 1 2 1 1 3 3 30000 2 3 30000 3 1 3 1 1 1 1 1 2 3 1 30000 1 3 3 1 1 2 1 1 1 3 3 30000 2 1 1 3 30000 1 1 2 1 2 30000 1 30000 3 1 2 3 3 1 3 3 1 3 30000 1 3 2 1 1 1 1 30000 2 30000 30000 2 1 1 30000 30000 30000 30000 1 1 3 30000 2 1 2 1 3 1 1 30000 30000 1 30000 2 30000 30000 1 1 1 30000 3 1 1 30000 30000 3 2 30000 1 1 1 2 2 1 3 1 1 1 1 30000 1 3 30000 3 30000 1 1 2 2 30000 30000 1 3 30000 2 2 3 30000 2 2 30000 1 2 1 3 1 30000 1 1 30000 1 1 2 1 2 30000 3 30000 30000 1 30000 3 3 1 1 2 2 3 3 1 2 1 1 1 2 3 1 30000 1 2 1 3 2 1 1 3 3 1 2 2 1 3 30000 30000 30000 2 30000 30000 2 30000 2 3 1 2 3 30000 30000 2 1 1 3 30000 1 1 30000 1 1 30000 3 3 30000 1 30000 30000 1 1 1 1 1 2 3 1 30000 3 3 3 1 2 2 1 3 1 1 1 1 2 3 30000 1 2 2 1 2 30000 2 3 1 3 3 30000 1 1 1 1 2 2 2 3 2 3 1 1 1 1 2 2 1 1 1 2 30000 1 30000 3 1 30000 1 3 1 1 3 1 30000 1 30000 1 3 3 3 1 30000 1 1 1 3 3 1 1 2 3 3 3 1 3 3 1 2 1 30000 1 2 30000 1 30000 30000 1 3 3 3 30000 1 2 2 1 1 1 1 3 1 2 3 2 2 2 30000 1 1 30000 1 3 1 2 30000 2 1 1 1 1 3 30000 30000 3 2 1 30000 3 1 1 30000 3 3 3 2 3 2 30000 1 2 2 1 1 1 3 1 1 3 3 3 30000 1 1 1 30000 1 2 1 1 1 1 1 3 30000 1 1 3 1 2 1 1 2 1 1 3 2 30000 1 1 2 1 30000 2 1 3 3 30000 1 2 1 1 3 1 1 1 2 3 30000 1 3 2 1 1 3 1 1 30000 1 1 1 1 30000 30000 30000 3 3 30000 2 1 3 1 1 30000 30000 2 2 3 2 2 2 2 2 1 1 3 30000 30000 2 3 1 3 30000 2 1 3 3 2 30000 3 1 3 1 1 3 1 1 3 30000 2 1 2 30000 3 2 1 1 1 3 3 1 2 1 3 3 1 2 3 3 3 2 3 3 1 1 3 1 3 1 1 2 1 1 3 1 30000 1 1 1 30000 30000 3 3 30000 30000 1 1 1 3 30000 2 1 2 3 30000 3 30000 3 2 2 3 1 2 3 2 1 1 3 1 30000 30000 30000 2 1 2 3 1 1 2 1 2 1 30000 1 30000 1 30000 30000 2 3 1 30000 3 3 1 3 1 1 3 30000 1 1 30000 30000 3 3 30000 1 2 3 30000 30000 3 1 3 3 3 30000 3 30000 1 2 30000 30000 30000 30000 30000 3 1 1 2 2 30000 1 2 1 2 1 30000 3 1 1 3 3 3 1 2 2 1 1 2 30000 3 30000 30000 1 30000 2 1 30000 2 1 2 3 30000 1 1 1 1 1 1 2 3 1 3 3 3 2 1 30000 1 1 2 3 2 2 1 2 3 30000 3 30000 2 1 1 30000 1 3 1 1 30000 2 2 1 1 3 1 3 30000 1 1 30000 30000 1 2 1 1 30000 3 1 1 30000 1 3 1 1 3 1 2 30000 2 3 3 1 3 1 1 30000 1 1 1 2 30000 3 30000 30000 3 30000 1 1 30000 3 1 30000 30000 3 3 2 3 1 30000 2 30000 30000 1 2 1 30000 1 3 30000 1 3 2 30000 1 1 1 1 1 3 1 3 3 1 2 1 3 3 3 30000 1 1 1 2 1 2 1 30000 1 30000 2 1 3 30000 1 1 2 1 1 3 1 2 2 1 1 1 2 1 3 2 1 30000 1 2 1 1 30000 2 1 30000 3 1 1 2 1 1 3 2 1 3 1 30000 3 1 3 30000 1 1 1 1 1 30000 30000 2 1 1 1 1 1 30000 3 3 2 1 1 30000 1 2 3 30000 3 1 30000 3 30000 2 1 30000 1 30000 2 30000 3 1 30000 1 1 2 30000 30000 30000 1 1 30000 1 30000 3 3 1 2 1 2 30000 30000 1 3 2 3 1 30000 1 30000 1 3 2 2 1 30000 1 1 2 2 2 1 1 1 3 1 30000 1 1 3 3 1 3 3 1 2 1 30000 3 3 1 3 1 2 3 2 3 2 30000 2 3 2 3 1 2 1 2 2 1 2 2 30000 30000 30000 1 1 2 1 1 1 3 3 30000 30000 2 2 3 2 1 2 30000 1 30000 1 1 2 30000 1 2 2 30000 2 2 3 1 2 1 1 1 1 30000 1 1 2 3 3 30000 1 1 2 1 1 30000 1 2 2 1 1 30000 2 1 1 30000 3 30000 30000 2 30000 30000 30000 1 2 1 3 2 1 1 1 2 30000 3 2 2 1 30000 1 3 3 3 1 2 30000 1 3 3 2 30000 3
