10000
345622133521475677 68 69
629756421434900518 91 31
34508853715734785 26 119
28460244941202287 117 77
199839006446939380 116 58
261964708277309483 69 19
258860727600726673 50 28
187153502329373792 4 29
591315170975725114 91 49
14923258750955672 55 39
463945482797803647 30 45
36522252560509718 111 105
166782555488877880 55 8
760067341121785992 96 37
271584385402994910 113 111
955780725234041582 37 11
155411058665758963 100 117
365338139504797353 66 63
960387802527041365 99 93
163225995735676479 62 67
525463415340403613 63 6
264481813409789430 79 85
553106837338868975 49 68
44670150434272663 58 89
445138390046674003 95 101
560885452540228933 76 96
932583634631794523 118 104
819741611052809011 15 81
858865868188680941 5 94
175399559198766015 99 112
572291527841928300 105 37
206135059987937945 47 93
365584098095933425 14 66
568120744360297423 59 39
891979917316604663 56 23
862175971890994577 17 72
527123622117718584 66 95
513017784034779856 42 93
529824117679827742 96 47
634982035577660064 29 105
126649001291610081 79 72
955403366702740534 31 74
335569966567293539 42 55
266410276377202230 118 3
719189168619311320 21 10
235776277121532890 80 109
821364372418958702 112 28
231857235215263348 77 24
766069229497731308 92 55
122419466302015329 64 119
18468416838198779 9 57
862008460311042215 116 83
204347220121282120 83 117
426438430766726639 106 10
812481937021790439 119 46
792667994741194096 13 30
161251985277608370 76 84
829867208973892441 109 82
515461615487054115 6 16
102013837841928569 66 96
475124275673209689 10 38
503241089042070615 42 116
760337568334438236 35 117
338382879555047357 10 51
245218759365273418 48 111
706434757761122807 118 25
528168373971888232 111 1
731892988327698907 4 36
818468324564911678 41 84
935006422788124512 100 45
346518493602631839 59 52
944115467423970502 108 115
805996887510681425 31 61
287279581791300293 7 117
701813446719561326 56 77
386219488884168611 71 64
298850491794083567 3 48
248292178532893734 77 119
505106370724462526 117 118
220127237085836598 97 53
405162434673921670 3 63
187764264054153952 73 58
42330103877115116 112 59
178965890708586184 95 46
347374300403161948 69 64
677110954163412007 69 63
515974308942383401 83 107
130061657243630553 26 73
985487952908542921 100 43
278904194917323673 90 106
40029861029215690 117 91
871709915805904747 118 2
679471846625431552 20 93
476407233998472685 93 13
925276711902333911 34 106
318406580845797912 68 103
372831981943728939 73 95
699160028001967992 21 63
617771954705503328 102 100
620838159268931728 56 92
509978477508888842 67 85
903101885046405525 6 33
50724097248277409 44 9
165019316458302196 25 88
39898729877036042 55 24
894828955289794650 29 6
339071089599051525 63 79
252093723401135076 68 42
304586610039459901 4 41
308559842006716658 72 10
966800974842149314 32 68
641587874592394653 78 103
429998459461344382 66 59
389091907947656609 19 8
891217336302990489 3 48
642887041541319563 107 48
603322836802576423 73 60
496334901936379571 79 62
705327082204163942 94 10
207557339260818642 111 111
125964200187529685 8 56
461459421350782990 65 26
214206117864440687 49 88
624352479049083839 78 101
872974424955888978 118 36
566297327030424665 93 45
985543559077678984 15 65
682927189806695563 3 102
480642861160302962 109 14
147123572174131218 23 115
345284084719738702 69 32
401815992786929588 77 81
16732233341050400 57 62
265723084395857053 4 62
820878795813323364 5 64
903153960390705308 107 5
244844984899918326 93 52
731143123335468958 14 107
526784264671593953 115 80
940206953542861287 53 118
49845535990505002 119 8
242458597573015050 61 88
199591101743131074 13 107
515726358517403765 108 119
343369819113148883 50 58
503934243362974552 103 90
594224099382427659 104 12
885376645725642902 40 100
999587549342367159 119 118
416699986466470741 0 80
778847462141107309 20 56
482120187903653850 13 10
608659285262998961 18 60
986299555670924328 65 109
930837092083354830 58 22
331806046001484861 3 111
691393477693722892 24 3
664064464303050087 112 17
875633889736897542 38 10
3615012355103859 82 58
634193981065225952 70 66
373877568023272387 43 20
167999133795612908 32 4
183172351150730234 5 8
568988272309821054 56 85
528203590643759541 29 88
751887785698706580 119 84
852821328013727563 68 103
40488393058952746 40 110
4613125491216455 118 16
911860182315547883 4 44
217631137517388884 21 64
147314489697295992 66 40
396762914501289515 38 92
280492226350007562 79 24
598455581517509929 103 18
651446961493040086 50 19
634605118627619138 50 81
374111102088184193 58 24
681590708083740090 69 102
472547720892445808 26 7
173820485175034831 68 66
340244089600487825 64 0
119481899839887186 96 100
513337960819991974 9 92
49012790910139767 62 28
942575250650215524 114 92
799556123200505488 94 53
616425026682682286 82 96
781749985329821376 44 98
817670540500775276 64 10
911672431388734222 29 89
51402678483001326 81 73
737642420532460924 60 89
475638216437339749 6 103
631042433371429316 28 22
414028522540315331 94 97
528393691648068125 22 41
654829073065973745 66 42
397031376530194014 109 90
710328003151975715 105 35
180540530485527585 115 90
29208355496764550 99 30
955413387198895362 33 44
619518498680113635 103 115
521506307799848795 107 37
839464984403559795 47 92
516036068609632645 32 114
350967611571522565 116 76
943368300361274629 69 106
789273750093892680 7 34
272969390898063555 55 47
924548716450699640 94 65
800268478035434462 52 25
718813032077647926 49 50
298761382017228684 17 93
891532204019513069 38 65
880038467787135808 91 31
329681021917263813 42 100
787127010032293194 8 96
685723367031037970 2 40
144442248956182717 23 67
894184216933692 72 13
140471791682473065 11 105
950913526014097706 107 23
484256463801220644 87 113
432349224332805961 38 70
269356254323011118 63 59
922196664933011030 74 66
633802336266709603 35 55
547316713188207418 77 82
577649141275655608 89 27
958199379627340705 111 103
493834735028047460 47 106
375304084969851281 21 83
777954138943741034 114 27
590588664108637932 39 11
733650492777292719 30 5
350647647129965855 91 80
431162904088581613 40 4
232729727885531454 59 62
525976467321064019 11 16
656553720138016949 62 64
354134690655619719 30 30
476494638593544612 114 39
562277833965328025 12 20
640847643619849760 64 52
402220328371867274 15 67
825774101253902403 54 14
209983067176643519 36 48
338203082410234189 104 74
919721434358311485 45 58
821264647911458446 8 53
543924419657032035 115 92
341783454816911419 88 22
131574860440965364 86 74
399741117725127592 85 19
431030953999808864 90 91
805531782612270939 47 78
313846599454331172 92 90
614553392486278622 51 69
669054566448214782 35 22
411454009680630928 22 114
230655561421435916 33 91
52552897253756582 36 118
689042223782506866 100 104
345671031725293901 1 53
84513281680366483 19 119
402396764248367999 113 2
667767380786757805 20 4
257535390679843556 39 48
972582645054977650 49 66
120561027704543106 96 64
69227164819386058 17 114
752779843568429714 52 62
566716681219257212 26 26
409038038709838955 93 23
660796775747207351 26 15
902216971740812989 51 38
844168276769792516 38 22
87247470136544971 41 1
733543535473275361 40 94
147022650415685570 23 68
858774754772906828 54 26
654183108675499541 42 49
785592206064422722 51 22
337747537431955937 72 82
889926851502180612 40 34
128492361202093716 119 48
515979807075456543 110 73
200587689437283787 94 58
928212122032742408 12 55
557099058411653753 13 52
693490034590818698 44 69
936930225157653421 31 115
875819252468491247 100 87
77841183435770302 90 25
277761701168728415 32 105
934942141014795777 90 108
707972352228891062 10 78
661955935207011768 4 8
696631471786642251 37 31
315742719026013999 59 5
863758577939142884 32 62
385825434430326468 45 11
902242338043473922 35 109
521229429107743332 97 67
994049531121625291 90 68
583009238891917939 27 11
216265002385023470 10 69
432275772231605939 16 92
358578043382120887 99 93
296415730608612833 19 118
761105152093944237 30 81
204506581922288860 74 61
392251128756027824 111 16
622496359975733831 115 72
581473662992765041 113 75
978635296424137857 36 91
752602109602776624 65 108
998276447260853126 52 55
458910154348982031 8 115
267855690550331402 88 96
154701535609375369 7 88
252277016322514055 4 44
743050592545559411 80 42
628815975537537793 95 33
295081019801310051 35 60
907108463930062549 9 29
357248044734285229 100 75
637196367269746669 14 36
538936151550567113 68 16
262182059080205944 90 27
323293914906581356 99 98
490610832454356505 107 35
557143136454242364 73 86
706168953357525798 107 25
683726950186751603 39 31
178903668740518519 79 17
977228783321432418 14 44
254356262587885339 100 77
899598668242617605 57 112
60956741873686408 14 104
403066355121786356 81 112
247057031421163666 40 62
263009421391860301 103 110
736831158504533232 79 60
483480542854014893 109 112
936306736903271327 50 38
79576551149233192 62 77
34574435207103976 84 30
773979620572383107 42 95
583754066236937539 95 0
495647861255340311 49 111
849965636126776192 38 118
100993129788656359 105 87
457433842669045703 90 102
890556996350757928 97 71
793054909240040818 100 18
962506053388989428 7 0
682624705158616542 22 104
342418589840443684 87 0
463087010404558760 103 84
95114137227598934 80 36
274481675299532268 11 79
787916376392795402 22 89
790120086915578433 43 21
139167732980733333 90 45
923126192156684890 16 105
929236609067165484 8 34
585055079071469989 13 86
261692776544025983 109 52
154859147862588619 11 26
498299134950396821 15 57
663218931605840393 95 19
177015431949276500 42 73
684324910411096268 72 75
615824028656229485 6 34
638383904073450845 91 39
592844640807875367 34 21
588450981906726079 7 86
463937542817536895 106 119
598218598338560943 83 113
708720250529129968 25 100
821364516713734985 75 65
120799490367368739 114 35
282663724472038673 50 16
819244593555652811 82 18
570548617761110125 98 95
277024481499030047 46 49
547939080926048175 50 98
855251096650810744 42 24
644179925148013577 114 32
306253501815086800 66 53
303384039613743711 71 105
238695773528740326 75 78
874995121206801725 23 88
437896364225021579 44 8
184145643690632412 67 51
705762805024171329 117 118
384746132971748995 81 27
192875431838122014 80 21
840640110390667205 90 40
706950543618520534 75 118
394524698321459620 23 46
923678424949572896 52 30
504540479470506209 119 56
581967469708061589 92 83
407834961783099364 83 28
658764439095339447 68 12
469819411868961516 105 59
693847645338352098 5 6
309993111115936425 59 54
971593267630866298 32 95
370398480241399538 108 15
166092374946393920 111 93
397547409490471224 102 48
651820177622884969 31 41
248331957255850840 73 7
172214675594487851 28 41
786133672711654852 23 34
333167601298122942 25 117
138956790972559414 110 86
19215130387463099 97 112
581739463389518297 56 31
983840191612592627 11 112
321124717752596505 80 54
987776810861796369 20 31
141496259593633874 39 53
697686556329554171 51 26
56176521630450125 48 113
343966408637868643 83 110
489243081754039871 97 7
956936115609711211 17 15
928620023487025631 102 66
940128327735577238 68 0
972554471293680691 29 40
196721137955188817 58 68
559003597032544632 77 9
126617404646175125 6 78
815014413837806241 55 58
981243846438634356 65 67
701001211240564992 38 25
593126129473710846 87 119
235043915497411576 17 17
702304160660997760 51 51
981896469355270043 114 25
123917638879760317 58 24
54305822219781407 61 88
716622606490191292 112 6
38630587943731070 20 3
825195172715784880 51 27
118959822415047242 84 35
510361427553920165 87 118
254239147266438144 5 95
940227832899864094 109 103
723402646182406587 19 10
965949549212620597 31 81
795719709352160009 109 4
409119603580544119 95 118
1437640061036302 40 95
758268147940114692 92 74
363187202093643709 85 81
418750530270564755 2 67
805072008783655923 18 34
672834096359865262 34 30
868555074578493480 88 76
659186707649893868 74 20
334087870934927280 19 41
257108039630373296 2 0
67813674103680727 118 71
471312610394925284 49 67
610915684898614347 45 90
260847624036513971 26 33
66566184370810651 11 17
651697198946653459 18 101
744829001174532273 4 49
848587665885031935 27 65
167452376613074504 21 59
971200665881797024 110 37
668069596840634026 62 17
248025630521066182 63 10
934730850084812120 92 95
968995188918373585 5 96
44762521963356599 80 14
116534329384672039 10 26
673547881421626872 85 46
686905375430739226 46 60
314266601453372392 64 24
155935716200827456 34 71
438177192866518714 29 80
399389580463765889 9 99
156566313911375716 51 5
354026025786058355 22 91
890162588903010317 24 1
27108839631669333 78 3
85975960273529517 57 60
2845302010522360 73 3
382817585252909396 64 4
274448744483907516 80 119
710648386813085038 89 27
49274063164021946 82 86
899117045709175302 65 102
188435027712137884 57 98
471732392640064954 19 96
28342603533526277 108 72
878071650587323190 20 14
620294095038173211 6 107
202783811762314984 84 31
997275290263114940 85 41
256453531809942608 114 118
959719101015029263 86 5
350014603590594919 48 30
200604803985187142 110 72
280841225713639305 17 30
879937864386314174 73 33
179523031669100830 55 113
788312325842492168 39 87
247057813082322009 84 17
121106863161472625 94 106
435403514953273571 93 55
250899296011942076 39 73
247980540221590550 113 55
703411917834797070 24 119
80697908542184968 75 77
222157280055836784 108 66
174170773043989128 26 36
82636583719468209 66 27
113816291287178590 7 54
175109707766234565 53 42
264745530711889817 24 33
108970151382892814 97 95
579255244553351756 85 89
930797498559920156 63 71
386184763397632022 14 105
943979285642847088 68 66
212974513288532464 13 78
559516429198010617 83 17
728119016428472562 68 7
619165266925342974 79 92
270990709568324485 69 102
906218524163350054 6 102
478316971126532460 26 114
539274801197698773 82 17
779979385160503383 119 72
352027189931761134 50 90
677427310982589126 80 47
525182323622014735 25 90
52621505397849856 92 13
531011881362524647 19 20
190928193705301957 31 92
912181079134494508 38 69
700338426154434075 57 71
707828431243867875 37 14
821621191325388712 82 52
531732814934997300 42 36
435408612898379184 17 30
377522124731675882 63 72
535375451570493552 21 99
346623690481404654 71 19
184397823689271051 14 3
269751895044871490 89 54
912781566583112180 46 67
297348736734478444 76 12
508123265448026595 81 65
467664759554232123 32 32
944489793889699484 18 23
893838257443819842 6 88
336529956110044073 38 4
491470080593002010 48 7
503898129488697107 20 7
895569495531657031 60 14
920611944936473091 104 103
57961270065876828 3 62
129965569781064484 11 61
373881116975258008 52 86
372179516898403012 110 100
894234870424584112 66 25
853910030797061719 99 22
530938766322719883 30 8
282844642863301006 26 70
677380287076783205 98 118
577365460758252440 24 91
789946595608293765 77 33
573504118889590664 50 54
631315672581365313 7 48
559425657261617702 22 47
466852920069863625 92 110
143355735142339335 116 69
411393393788463018 7 109
83137194503872784 15 88
187762512212994738 70 97
262813672907763636 85 91
10743823186774409 94 46
884974049356912889 84 72
123521365129175607 16 0
488065737700790160 80 49
225272761181158880 18 87
502769911524130783 18 83
364156730158073113 7 79
250881954108293354 23 25
279422998640078017 62 39
5957809169127856 64 27
409513715196858698 102 37
181787067324983231 119 105
535028932030779132 101 55
148229390511543952 73 3
30294136164435702 103 6
301216784237569989 48 103
973617834796648424 70 30
934543472962135563 40 30
369321668419209483 39 108
156386667682851006 26 39
216425076774096191 67 64
417693961287658483 106 103
723009462375042203 89 22
903721368965103259 95 103
343825481420687698 85 31
623665034851494255 77 115
282838346014053392 34 10
164716728835834995 10 4
901136509142131067 61 107
280541641083542214 43 73
928480276701695805 111 45
696616431056922129 90 56
479885827787495992 101 33
272751506452966987 52 11
395147716511774544 39 48
746944772377029589 4 104
764391736383794203 39 14
369779322040569627 18 112
660881440941605937 21 87
144590673713040599 64 43
736800789810625123 5 103
405754651671808202 24 111
259481112564406358 46 9
863514761940081076 62 84
488855027637472636 37 51
282601431853075905 11 96
794093163767825300 23 91
30632931817365647 107 63
478959010109163540 7 55
353790182172173102 64 91
811500627584940355 56 92
576431878245703463 60 6
375916481774020513 62 58
315573368473503702 48 39
665206833744654115 38 24
926861700001931676 103 8
125955460468860252 116 36
85415964419780846 98 90
691188426540432971 75 16
839465033040413088 9 71
747982499146577606 70 66
472326494189542668 102 62
707730523956317237 24 105
571436958093165324 53 56
77870186561954219 13 34
867505063572082920 12 48
220130576510086735 43 80
503510670534133939 84 45
724254694313609117 63 98
233956606467190146 60 98
255497459329154701 26 3
16334080439446092 7 107
847675598545169959 31 38
448737521151630661 39 117
145954703983464196 86 73
943165845118786617 36 6
105985044700677188 47 117
870747847753035874 73 75
695733923606477916 32 29
213652096221102786 43 81
68832927384223875 52 38
992655259157732248 107 118
930746465409096465 40 72
753444574965037546 20 49
344492217718123128 34 118
311047541943322867 95 49
804943751675276272 41 53
328986834080320932 66 97
126585991453035834 72 36
893384133511111896 117 18
847133404606719475 90 22
407602164489474694 91 88
456365960743056519 101 101
954324703421688230 61 116
109792108461770022 2 36
869799427767884029 72 95
933666863842683108 8 98
710488737630810418 34 65
393488659260768457 105 49
182650876648323972 22 99
20103723608898668 99 118
562037082019956539 83 19
994519399926475094 105 2
41834697574527518 84 66
22263933086680681 80 88
722667731935893051 27 71
660210217506004327 37 46
89777038444498838 13 94
850574525541976891 45 52
377262431927533676 106 87
386476740623711493 85 70
481982947336216866 8 56
555465298310141345 72 75
25035237046376156 96 0
341938376862158916 58 47
194203718677265108 112 26
567625212932806177 31 21
217319115607256477 25 27
183335234618171743 62 12
681044077775170699 32 110
919629683537264470 106 101
758610844965104240 85 105
949950322405171312 67 55
391573052608174949 46 103
443981640984453418 93 91
323042662299756150 49 79
640092306458587677 18 68
245364442843675271 74 75
300605726744919948 18 80
395022807712078727 24 92
380792346522826038 49 71
337081508916606130 56 60
776615206986129247 17 53
50803426076410803 99 114
204254006949926416 96 39
882557549351146980 18 119
468911789958018551 79 45
517491456951526629 44 9
586583096994055244 18 39
400532971810259971 111 73
638875706641258785 34 50
55869163915245747 39 92
830862680693784648 102 23
378028602429279989 43 111
377445796433329211 59 68
894529652604090719 105 109
614965227165064263 88 16
934770143126483954 103 71
881631727542102828 64 28
18527749129669838 102 27
3770512358383181 89 10
778184222089591299 5 91
988548607229858247 11 27
808548628342151778 21 100
757760032116547505 52 66
17538045265415287 115 106
335997945718234723 59 83
443120595534590514 11 34
895646696700340761 49 105
568155825222921369 40 58
348651417242711757 50 110
52630273599981388 14 64
707167524754117415 27 44
471345167675401508 6 1
755591771934144957 85 85
628387377499929524 87 106
274117656933973957 80 117
420739413197948057 40 38
117802581948208166 2 39
982937156861610279 102 19
206514866494164791 85 89
568576884211137762 72 82
578226587094004322 5 99
507736990317087230 76 10
751959626218739119 17 63
437487405233782783 66 24
187505465716830346 39 18
748168394016429134 69 70
437515948066869393 75 12
389383158451480512 75 109
541780519224202320 68 11
795899826276273084 43 31
341428968440014378 85 31
109952862488782187 7 69
455032797951300347 14 5
345891348547032717 37 37
942015565993258485 53 60
249443469194142093 37 9
23618865316710858 2 99
170578462358102548 87 112
118753732796572825 49 1
365594023523551951 18 5
435369868587515693 78 98
221810443558456464 25 20
765999156315478163 92 52
619895017900980919 25 14
45582439799566622 62 102
703357348405480261 108 30
307033645267805523 74 83
762026452332941691 90 78
189478672890376855 104 43
580447589658629353 68 69
990705113279603744 54 50
579828141717006337 104 50
543925227434779686 63 54
900871093801643520 14 60
837273462270237961 36 38
365783175791294608 117 66
261858468422597817 66 96
23164149948517638 73 41
75029115429679111 107 41
997375750441260567 92 66
689518841686978316 60 53
415392177717665880 112 4
438361404226293094 80 103
673118921944149325 80 81
771717119583998673 90 102
227145252910145703 15 89
309294853686122440 44 48
606078659870948416 116 69
676413193567762839 30 87
118045692178174956 82 105
931327177680867588 118 102
359746964927797223 43 103
219105097893298878 35 31
734332698898900299 4 111
935030218888422228 23 95
877485890791997429 104 25
914765764972399500 105 99
487787648727629744 119 81
627473993641568117 108 95
298441350937556807 15 24
569237131014136447 32 27
90141614855082308 117 104
954599555741171316 12 49
568515322636500768 32 30
535541440572194726 98 11
289663356653003806 34 52
29880540578678437 48 4
717149278487674218 118 14
80725203149672565 4 50
493418442840546639 2 81
978617608855348765 82 101
33026622705672069 103 73
898206474600572761 12 105
971473813026681468 0 14
589837163742242461 71 91
263684901697843401 33 109
282970494177987653 75 66
625870867558186614 44 18
181808735320538166 10 19
988872921445339547 19 75
162212724121078470 68 30
18061643842155690 47 24
738736743265958985 80 2
872639998116786767 110 80
692706979069124416 72 58
751269270305829496 81 119
196361135521674603 14 4
801796072713959541 41 12
243563738557431184 13 10
518108557365734501 37 35
61181224966650240 101 50
576548748840788841 45 73
406694612156685057 107 29
786952609473007225 55 60
490485033401120812 46 64
237939840030119990 54 57
916920547788688955 110 51
907713491850596594 53 82
12278723842426754 48 9
134333761558272341 84 23
656608628910177564 89 33
49426283769451464 20 32
251227159711894314 40 1
184279475970643289 82 36
320190799660519606 39 31
611548002231931785 69 80
284074144406478284 35 44
739761113240060 70 104
367815197218285874 89 52
904648731622654159 63 89
671821213572640464 18 11
82781665267468495 23 1
603410558519142654 31 55
473890775653504906 81 116
959802543911377755 62 8
527197433622394905 103 55
748041022176605255 119 25
611131772751209389 65 102
136620668280932336 43 46
152439469560773431 7 39
611147378304820568 108 62
979737046552652671 109 115
826462535062463055 70 80
366942683680295191 72 58
737167546387676243 75 66
406332907186758056 116 69
637603543729620779 63 81
106390443974569121 68 37
557493161585957165 47 34
429516997233325054 80 90
787571028232834898 36 89
766179058766906990 7 68
265943846082430630 37 11
981946179592580571 24 96
114635654414357250 45 9
973735852599368153 83 113
373045844220144053 26 59
367252458915437487 40 99
166511426245571279 103 12
900388111170796064 85 11
504568293215725105 28 6
4318449522687614 78 115
43187857204505499 88 90
536074325354865771 31 38
18533534542280804 71 86
965415371547229912 111 19
310063279119859808 98 69
738155408452125647 95 79
588260389543028247 53 112
543281410667782271 36 7
455511863371921474 100 119
73772719697048115 6 35
735646671515318264 111 48
472355948524954307 102 95
326628133931633489 4 95
31982135279959511 87 75
810222703039440260 49 8
881326277766579250 88 73
101730711044268157 114 54
814358170780902695 87 66
628409641089840495 24 16
560744410329752222 23 15
167961760103753006 86 99
681861675127735921 33 77
971743250966011814 6 67
651693590694989164 14 14
72810353947256493 57 100
100513504881624602 79 25
239809825646940594 20 110
716684441178491574 58 29
429128935548082321 102 92
532811845383518177 4 78
35923773873355901 71 0
369711630396647985 109 56
6203735331390152 83 74
679471985486209023 30 40
125352555250022585 63 28
551135037918596726 109 113
789691192599322018 35 30
808568705820739204 55 88
324966043816674793 82 73
557916877108558814 80 81
735706178125218278 64 37
898817532891787121 2 107
918288805948253996 4 96
64100685774772589 27 33
713236271835714564 98 6
341692184658312185 3 97
163776477412210471 108 101
845746700306518315 84 82
470354725103926144 83 50
37040673472616185 24 21
744905363163878671 80 68
33135556540443137 100 86
267009045374804326 49 24
328276392083825268 4 49
290226026798382858 24 54
456363336970595340 75 18
134131274990261707 52 94
255438553915556861 23 9
600432549424355753 2 17
653111798832882833 16 73
179096621859455901 40 48
702998582589446870 29 87
700617553650348952 53 36
849349236215664314 60 47
360171925136865460 106 100
643265493585281824 94 51
695438817374466585 95 3
840765396805525222 22 89
715632543381453024 101 78
145198176602873316 60 21
563051733767294653 29 1
501634927059756481 115 45
789949881676146622 72 102
525518682811517833 82 31
667035936822445704 115 67
226980848836151755 61 89
308572151412945671 94 89
60763784978302452 33 73
706172538531627887 16 117
940632281001320193 73 39
486755136289866646 96 77
816217627794132537 0 33
493181764196218272 44 99
939516893872519233 111 1
258815002259544375 63 44
175499207529205684 44 40
866379114648219160 4 20
548008675306783970 47 15
892867454864345691 78 85
616043080417318480 5 4
151336562617282030 100 3
507715465078796731 60 64
693542119492857643 92 114
414977479391511704 45 101
615396710901419839 108 75
439341229059318969 89 37
984290479747952992 65 40
558166032963283719 25 40
243444057106444226 77 115
552739407680310999 82 69
960162040640670826 64 76
299751510742413865 86 87
515870112840455635 49 119
539764095208580758 118 0
589605958859377504 101 58
484594596878173867 68 29
558251580820007970 4 85
934922247722284054 36 25
335609908412539445 100 105
463426052997810708 92 4
191561014907660337 71 42
289679297049494974 118 105
302607923870932645 75 112
980209444558695447 17 88
59285899986960430 102 17
307349612654967106 46 72
295879867599538928 118 20
364452251407264886 88 15
756623867453520068 48 8
52902465658984364 63 70
552571471744058751 39 84
699343961477186680 35 4
816124117743904699 76 118
128417972750872769 74 110
200158284395670879 43 102
391481181273936451 55 19
799399821080355814 43 57
834906993392208464 22 14
67303983552551126 113 21
690828339579794949 47 62
54304774286472059 91 15
378476451949860628 55 72
60937937105472551 3 96
161222072561090784 112 87
13726274657996530 68 9
507593451785567338 31 47
777735737723094734 37 55
620853968594769476 58 31
493316551317950243 93 78
710482605164089952 26 47
904808489934272445 116 29
928726135133136955 110 88
475979564523546696 25 24
244186913390575376 91 106
809173569597488008 77 78
750804849030818078 13 3
493538210708118085 64 3
926337291441445434 112 30
183812738048423662 62 56
445790162775887258 8 29
581074904227983912 85 69
564457212657450565 51 76
848429428403768268 115 37
119281685342626374 113 44
993018807735819634 78 111
277637349050254196 0 4
812271388163037011 101 7
976795362270567017 68 83
355080184864990169 12 46
748799393889911657 70 118
219166056338172761 34 86
315650230762410488 10 110
635327752022628141 53 70
633898373307727910 7 19
419205285365112919 72 3
893885164660327042 13 10
518258144031716525 70 50
626806728077246408 85 65
632719860449326283 103 16
702426650263100296 0 16
646538281149446414 31 110
506215214070352390 71 109
555794359481821650 32 28
487590841164169685 7 111
862546262393832024 10 77
707650552590143794 2 81
551075916356428343 43 88
807969530184463549 116 113
103447255012283678 51 38
791766214950894641 54 60
810853176704083843 52 44
311319390413652087 10 90
926800947106171977 101 100
239886423287112745 99 9
671022534687931856 100 98
841691083736752192 24 102
906298067046197874 7 81
138208146984105545 12 15
51298965446635439 39 9
779852861288597978 0 70
260383657859157246 23 26
805027106685005505 48 68
172239645388827923 3 100
173236796905436163 69 53
778008970946056583 65 81
171631329876429384 17 81
374921063190668531 80 3
29004490278556767 28 58
446138090107388651 114 116
624369758685105966 8 6
734682548957225929 68 102
985428615094512305 117 106
745332795556643966 67 73
222783066553700133 22 112
236020037183155742 16 93
686448062387172369 103 41
296153320652203833 58 83
48391592058742199 5 79
307005432169082706 81 47
396784743600197535 52 76
721974271821829006 96 103
750674660621225604 80 89
129966971140216608 105 83
571145070331693798 2 40
949124874310313341 10 72
4347524151147242 0 42
850381191709863214 91 81
58627300417016233 96 54
65073448484767717 52 49
784993324884478480 60 23
46717253677586083 32 82
154943721747812220 87 5
45684268956266380 15 18
274744098268137129 63 65
951514312777340073 90 37
976936150025249193 33 117
450520248817326986 47 46
632694284802828918 27 59
190458478291496979 76 84
189008391746713025 1 108
558572393186711097 83 57
857062914990538225 31 49
742217392025339477 93 87
439552673748875609 103 13
525802821663044312 18 74
634742027180527785 16 47
31061213180145654 63 6
91373097405999476 84 86
254319439340474592 62 44
740185406169643972 42 102
456595228999417716 21 24
703445184301052301 60 42
277788242757067994 56 66
457924260086921353 116 78
115293655866629617 88 80
18796512067058947 42 93
928707614030479345 44 71
412034294991484624 29 109
466277933838772593 52 112
142026517964333586 48 111
773295089227262460 65 90
867450826041931096 64 55
988721765538556337 110 76
12630939442917527 49 81
202171074606264704 40 117
553066794161319874 84 36
471363364925333737 66 41
131211444033472140 34 79
55326140131535348 30 58
277678114697115942 7 76
534228648780844484 40 53
7375260359799028 118 36
519885374790954514 33 55
6177386832813630 104 82
889371735326960177 98 27
254542427843306697 64 93
281713314723615393 96 34
822806574997505200 39 1
956219449951878452 43 46
712061357572556851 32 32
857131865211473774 68 92
640130425432379973 38 22
992197731759984587 67 55
359440164648385664 40 52
947691908995623352 47 86
305215671792065706 109 27
88094120155385462 92 56
870627163172880500 74 75
340648860222542333 56 105
548559106811649362 5 33
408429219681616272 5 98
387055648724812534 105 27
788256975697761614 56 113
450534112989393460 78 73
771247353346669676 88 36
949209400182636278 62 90
303150803088334348 41 49
323955521446103268 56 40
427073329065060661 5 117
224436607201021808 92 0
4948149328815122 83 12
765741039362179238 26 15
324851239938394767 95 61
128574573178560989 107 73
940974668588408722 68 78
612895406023479413 2 71
415465368650769454 24 46
725279940198028793 108 32
474475983043037570 42 23
30314610012090995 14 68
228751417681289188 115 75
381490065747992553 17 50
656288790249993807 24 100
460629840615778764 27 99
84130291895768454 74 48
355039455992110236 15 38
158124295585359001 42 38
703342455876775455 69 4
706908042012937512 40 97
793189296880379537 111 29
418268837789473867 114 10
311926796111057741 61 72
816846561948596658 52 60
376835998739698870 24 37
454286592745393287 94 51
364520681217294568 101 70
991358576880411483 5 97
131590221503078848 21 21
607763692290462314 98 100
181474925831680495 33 90
26196107202672435 83 73
908899667819869260 4 26
304703639385640804 57 24
670737065845724519 91 106
869715696508006170 1 59
567185310475062390 62 36
475937082105059929 2 86
536187518599092211 74 30
29952757783460598 9 25
512179504258507983 25 115
825428737449681914 37 23
121061359872089490 9 36
176460394809182989 99 59
781112456473413708 83 62
160100626767561477 84 73
435670518129449434 53 103
746685877530127488 70 97
659507852322450558 6 81
141619527315582326 5 102
494453635412058268 90 50
971233230660474584 74 98
626310433269879437 116 86
166361129373191601 115 0
835282009071783968 112 98
691140557580609396 98 78
45696831788424837 37 77
923065571930007931 60 109
790229925312397317 60 101
469956455232947262 105 59
966900861121868598 2 109
557665180049155855 11 9
574482535028136647 99 59
97959846769487530 86 3
432695273738910524 84 1
135303552501675464 99 63
391951148769200595 24 30
21349219897129631 68 18
670450606067097673 3 14
736681660331536860 68 94
880667464679550171 105 1
71172409665454747 22 71
506513795267898540 2 60
993298304368538313 19 94
611440866809452799 110 53
600551081144514303 2 71
715106723553450823 15 71
612672974523743092 85 46
688643918626004350 33 91
787767287517197845 62 101
694267832117729883 39 53
379105774427671425 6 23
128496974425680400 1 115
842985040081326790 2 71
791426324652450642 43 53
383297359364059568 81 19
717926688885805695 61 111
263502476663633045 119 5
721927438219985572 48 100
824372871040581010 96 108
261081853208914924 4 46
810870319210266581 95 9
353154874563574258 107 63
247497535250308031 5 4
872314934257578691 10 27
206974866018800914 109 90
991828948227898873 100 95
839331564250581457 34 2
824667051952317726 48 113
449250676243576404 56 82
196230723157870220 45 96
450684320570987670 3 64
507917088979973511 3 69
527139435226510278 114 42
352904108007564331 2 43
22806650074246916 93 17
873892950659920361 45 37
268737145355056948 18 107
657504881685305990 0 2
172462312925482030 13 31
27515289034255053 72 0
45117269991676979 17 97
251180948759347264 91 72
124552419582079204 45 72
532249401703635277 64 26
216404657357462484 36 7
841919933257257835 78 90
621641015378438361 111 0
453524050293956728 49 97
624190529884496114 73 64
734149489860040180 77 77
237174958879753212 69 44
584406394523163296 71 13
615796216036829120 87 6
578658736057681192 98 115
992973965939271279 55 3
171018532201557256 32 119
505653666883667104 5 38
455000956132236223 105 72
963807693924902860 84 106
849808921522367 24 59
576625778772443360 115 3
146881946081143223 16 92
151330159707881462 80 88
758308326682899265 5 38
181655154547965788 43 16
724048405021416613 46 10
8805489725463536 64 60
627016372298102036 21 82
843980898696800861 55 8
253792816332465532 17 102
316732873238426154 80 88
250281737874357888 95 85
190881118738925606 69 11
515613377732201120 33 83
252016424092953945 55 6
332407096423731171 61 66
379059009889919536 5 87
897678251324636267 94 93
868828993944001859 87 50
156326325732126090 40 21
693622287850600014 3 45
156695477374562553 113 97
315781376813347923 76 58
9682809490103661 110 96
120389269563143574 16 68
514248999014984907 113 115
731489181147745257 54 74
954013707791480058 53 4
74981634894312035 20 65
934477505189847541 10 33
922216748726737872 98 51
202697353849055177 112 96
115760770736513048 98 59
814706692352389228 80 33
79349435523411502 66 27
288857278085830418 86 112
123546431620202659 99 24
539022264909322648 113 98
902210735390079945 33 68
35914360819153319 57 40
981637254696857358 21 116
616366155087177902 102 2
881956137708343692 34 116
878485014504761962 113 92
133026378747294699 92 14
791435359985846422 16 89
228319672690063300 21 106
968593948403061127 20 63
567938684327538871 7 77
576301721184274271 19 3
956106666510992554 95 70
859546550067601600 5 23
497855077660730721 5 49
835273424215828343 26 15
23280445590715235 3 25
58985561289728292 8 57
798505329247649337 102 114
716078028367639172 0 26
860895101308694502 14 59
67302135001316796 69 84
159687960650537759 109 44
174699880211465293 5 46
722760527214186308 20 23
927275079475242119 12 40
218368988317358650 113 69
757858110989618777 51 117
760985950010909413 103 81
633187885561746721 108 43
803694338373418500 17 47
898257214724568388 119 34
562335931719588826 27 11
516219734381254303 99 36
190809899557740095 18 102
506084988532316109 35 110
26379142399777523 115 34
114425424106654452 82 20
696543077360386159 59 80
230912892271213010 119 6
984574962263366840 119 108
922997779010170017 75 30
157749312044524376 98 34
359549280392564747 78 70
478301502659272673 116 89
706129445293042177 88 81
122663813268019867 67 20
20918311238281136 38 57
430298933500320765 51 50
839281707659604497 11 25
282330254270229781 76 115
151876735660025757 54 100
602397026848546031 107 104
656438457355552881 21 7
375099305079601907 53 115
411865650917148247 112 88
901664398868885358 111 75
929988133519794242 101 109
989543019662812560 9 79
64442652607184872 37 101
336750367112061340 99 11
937824779856834954 84 79
453439511622369568 37 64
844821507212702959 83 5
979092347023575474 63 90
391741454104629010 80 91
118724701756684513 2 74
744794680824649663 74 93
333410852501852975 68 107
965169852858787495 89 37
464038963873463570 20 0
928332882567077764 30 33
831754244144653932 58 45
1744056822881638 117 62
732959927955270987 111 47
491419671944443164 114 23
756876796067474969 1 113
454443058135862528 9 89
812990548750251443 33 69
479356480837055246 108 78
894259808698972935 84 46
87779494414245738 9 9
735828115716161249 80 13
713609889620974873 86 109
3866551564788318 72 11
88802352842680925 34 19
872467086210428285 8 113
729695356667379623 119 51
727015537583897145 25 12
623082167509807491 74 31
38446761057728841 34 50
443521985384622235 111 110
859762214963644759 19 115
223830082921010221 83 84
369068332487469926 83 28
296678517695718542 116 39
286580627524497690 19 95
448230149779889739 32 73
344329818682443968 87 104
315807193312374834 52 14
802163179278804101 54 20
719490398822361598 54 28
32427045688353777 92 58
482390955913785535 102 16
429153655667547130 25 9
594807058168759612 94 55
118575883794942330 90 25
393923450450021293 98 99
392225481072958333 6 115
580219814844284701 64 96
903436542949301419 98 105
218675025870390123 39 25
35874366175240278 43 63
572918071136956354 42 98
728572553297771439 72 19
656962308278132409 117 39
115143901751272294 41 94
181686826018048276 85 113
138090213811074480 47 80
37700416465549057 112 66
719156613455295091 46 10
676641493719921159 55 95
269926950224105825 38 56
753314953606580089 116 97
769154932639990489 111 31
402221947083187442 51 100
861458005159577581 43 106
574719459961385342 66 36
28786716433222667 26 73
723846980567893917 61 2
83078557916071437 81 98
539497408844018726 118 30
320618512736528855 48 107
23141019252079649 81 81
456531688537001068 78 117
265601472085353297 57 94
533971483244905494 27 50
59212221319295846 45 21
360600720614542715 21 14
759459768499653609 72 111
852568845646730490 114 57
395299362675832408 24 99
858565799972817533 22 14
886972910397025343 77 96
476158124595544311 24 54
581737935082008191 24 54
3913098894081206 75 31
813958779571885294 102 7
232541916077814496 103 65
295775288548128581 48 17
636305271524766294 10 89
699872119933394477 10 88
606959102512356923 16 36
20773702595441620 104 44
387859148117431189 64 118
72051055709852554 56 74
489451979842807020 107 13
264733413772353804 88 93
673804042866168380 44 86
351188220967760262 19 30
710725190166999327 116 5
653971362293894106 47 69
940074186608683366 67 98
258591259207829886 84 102
344876994916872313 9 29
899089170215177245 26 42
954976786253102773 25 78
209459675173205593 89 21
169199949654633370 66 19
607979230521769215 47 69
251953096139126834 97 15
271664120091089584 82 77
74727208335923443 11 118
366030466457057864 114 62
703104389350743946 117 114
599095444006321473 40 21
240859411055691507 22 20
193490110487812738 16 84
304997403960409235 65 66
425538133782898516 22 107
696868806196859892 26 117
63009091274786672 11 4
188381540150962049 22 63
167802280430798896 18 46
871413592041760844 119 86
870490436901588757 46 73
253040438504661978 25 46
11087653971304678 7 99
296684938821943850 20 76
267202754472227240 61 69
458455764453891728 97 112
843739549203551159 50 13
398745093322889789 45 39
735075916574196998 20 77
595296712425654352 99 114
733310771679162515 38 21
218910978912169491 34 15
717665061738033100 57 60
688766352530872102 17 85
113337238071957010 29 20
336972469409610477 58 61
208883799884972152 50 58
240342213096761558 61 94
658540824315490481 65 11
786627385106929352 59 119
136804881605441281 3 60
698133674692890124 93 84
565942582106471875 37 95
658539551605368424 76 37
944367093170573313 35 80
325389303766669735 111 118
280148088884699455 1 94
585952773274914133 77 110
795541532889884741 85 31
38898859962338830 101 102
511339515698713091 70 52
456325576253598314 7 71
790198564910201314 3 20
569460757020146707 80 78
512699055012535928 26 49
799577363690058509 104 44
145500106080833555 111 70
666184516978638001 105 10
152082066057543238 29 117
869066427463815112 48 110
87736341185730623 32 2
484686702849606676 97 119
660084539700104253 41 9
138881405329805213 100 80
739822593558776154 83 102
371921852654612101 37 50
448172624442762783 38 27
596037667363141512 30 63
478323360799455112 98 8
868144635030805090 8 87
215136619215543252 115 109
232704812205968074 61 112
110151187880057957 1 79
915953254074208657 0 79
159959970327630028 118 93
446124230619249034 69 69
365920842684365529 43 109
433350688023070503 76 86
618600599595757032 112 108
493154472120357531 30 78
57600565590469838 12 112
363703901708523948 17 87
610304587267920017 15 17
52979047827900214 46 0
311585499899476033 0 31
108411834575336110 84 58
797619648055160714 107 62
828712743306306323 80 42
365354308008252412 42 72
337170414604910411 35 31
734235607365132312 89 36
680513397089611589 21 27
425432587915890645 86 57
696916474333291693 101 70
558174854474342530 59 84
856899440826657413 94 100
965735468448890108 109 1
879705077638249644 99 71
28211350937720499 91 65
823759227422091652 51 114
724252540367723923 54 66
508772630234171796 78 82
77772073238856013 69 27
846688291826853726 78 68
59113093235216217 34 52
859726832136044359 85 6
515190292535569144 8 79
690080016849829943 110 56
309916140253534729 82 53
754859286458058689 37 21
108251737002392707 90 37
688753982634449013 72 119
713356354599937724 8 23
756883313026805848 100 90
481056291165989121 0 1
962536451027744962 12 92
131632578274079518 59 15
151260676658798576 119 37
453409848678479510 83 48
157073769508106908 7 100
692810021420581754 52 62
975581535937463945 70 73
450592615487561663 64 68
536141622525939730 37 31
964725289791742759 98 10
986328007712691524 43 66
844385724713025077 80 119
172377175160417569 12 51
244566487142409440 6 65
572326469637087826 98 85
88666482855428078 94 15
237216911152004866 63 114
734863527228912941 62 55
695848810507571198 57 68
927621454096694774 116 114
370470690499682883 4 11
980263695505985390 52 81
29913336096134709 60 99
876629989620964620 4 53
457046645691900821 66 71
262633388994589060 62 103
439856928291102634 78 21
5801986001297747 28 104
754402436670438260 81 45
110106888418483253 113 35
29836238841502729 101 116
13075222851395879 28 19
834303599810915916 28 74
157975959900892301 9 20
471356189789701843 5 99
782388490076035451 43 29
439416627211359415 44 80
421871657498934789 83 80
430944212747295229 33 84
566802632766178936 78 42
557624490583777304 71 35
361904550843980949 27 38
598470277242721220 1 23
936140631434540040 47 73
446496723049717490 32 104
128099392069644602 65 92
540832154256149026 110 21
730065463507751884 16 84
171815163050303402 41 2
296757008340727358 107 22
666570103380798284 32 93
685688935432493765 84 75
761053618168047274 14 95
638835641705943644 30 24
672616680157562483 7 85
70559711796172280 0 33
586276136598952830 52 22
521475453326334815 22 5
396925852923061971 68 113
84505989221468613 76 112
256529047230459951 27 54
957530520291192714 65 76
537398387402312387 45 17
708261733462501834 53 70
394475118769943151 49 63
353053892786608530 18 20
391633915395043520 89 39
859401660798383016 48 64
65454153978601922 50 40
614319200452194067 30 24
380961543658846970 109 103
529059838761869255 5 62
301643917465079128 65 30
441193135133118170 7 10
713275019949084967 15 2
769468630521223252 77 116
902248795148829151 116 112
408164776224533459 56 70
930064089145067979 110 60
339747318872443658 48 101
648448015928005322 114 49
659505913320639199 119 98
598024066732738955 49 53
702390736066686496 111 103
961622294427498816 71 39
230499327987507512 64 95
938163864182668734 69 78
413627598625996227 16 10
813791140606803369 20 54
767288499774578839 96 40
317998426702277091 107 5
759165223938922368 102 7
738971984940110418 83 27
47003824800941690 42 112
12499759438907773 97 35
399672862028244348 63 76
203876093309151171 99 19
517512064078150274 20 17
753066593733826356 93 100
776013050276999527 7 119
257966900485212684 64 63
422056146188210293 95 96
567041227741342140 7 11
898102067622739814 58 1
761431783291905579 42 77
228775883801890289 58 106
27068321788062100 117 44
899919200835157279 117 36
747993646347698203 99 77
676083530158634365 33 42
593492079058321114 93 38
481684704544413124 81 93
749834620545057061 48 10
741760289314693604 10 43
684754184313050519 58 67
268971199074454698 52 75
510111018118673545 7 55
169603080948449765 22 116
968017512003159858 50 80
691793820161040402 80 35
644355981221696915 48 100
766090342324918301 101 4
309841739606965211 51 50
32739816224716445 53 51
649955060993302148 92 30
279518241875771624 116 6
946816449676658872 82 49
810173669583428791 63 8
781431519765953233 27 6
413253947429309975 66 115
315440131999631060 23 71
260076183554429025 92 79
569767379262559743 111 35
352538572494784272 85 62
201364216788355666 47 76
538050069583137739 60 94
85375038750108565 3 82
909066910651480076 40 99
213184562945764449 99 95
761649078375987654 34 111
130492275009798398 84 117
980212177337148787 22 0
943115809539141777 27 110
457767827052993665 39 66
976328707655388307 109 40
588548017152456840 87 54
775498570457322660 69 84
74569618865404378 56 67
706684264253260620 10 3
306458327682215705 51 95
999990977228379808 9 76
113800312480886607 56 114
159355745523453796 54 69
495338310971336314 48 18
612866160999995389 12 92
667047243522770801 95 41
523808630521607197 64 41
136469746095113299 1 94
600997021628243246 26 51
529839991866883515 87 118
680705388565445060 72 49
607435394942667110 99 6
3746153989537128 52 14
745442244892922077 112 74
914564451980259782 77 25
295209830161635884 99 102
742315591512437215 96 38
766542096543501874 102 102
515663890976346327 42 63
748790834076451068 90 48
487205356374705226 111 62
439632277706621231 106 81
299516894726842870 13 102
892390410120957658 56 53
518222630465082425 0 22
539131491877315468 40 11
199149435850213172 42 38
412925126245686005 52 71
184957072486711875 85 119
748061149416719975 113 17
595806942804843623 19 62
723709174114680428 26 45
859094220833313111 3 44
891823734072808182 112 29
53826034969803161 0 48
190221038005957942 104 95
155213139739672396 68 77
849725247087214301 40 56
883634364393125845 73 76
831039692852336885 111 92
101560490756125856 64 5
487549945173050243 35 54
970927400278268483 68 103
334553256944708440 23 7
750975295791009245 94 87
868900860626620862 30 99
914242844239906143 92 45
239968335318010687 59 60
314439681549417763 105 51
206900303623833564 104 117
925063599298900048 5 108
367595844342254722 51 13
469828739669438579 106 37
955753739331554994 80 107
746898022022673821 14 18
563788117418844724 49 0
729221824230335696 13 96
463520071616359038 14 49
174741181134477492 64 47
993616286297788186 96 101
143264886441650993 119 80
43398248006164570 91 79
479087914242626354 12 35
851698554770724028 46 97
535116081689553634 95 102
175795039894252930 78 28
102233796608748829 113 113
612387319277248132 117 74
877764718249257765 21 107
503462191392258801 2 3
185567622417937640 80 61
83898188827711398 95 117
377657911378584014 92 119
728133786280939195 113 85
686188713512792273 33 35
328822956761713276 114 39
852327842458069656 33 30
239352178328519048 64 3
587189516184071033 5 80
966849541372498494 12 84
922593701107973753 38 76
251846326712094756 85 93
105830567719861958 106 23
479567342453056627 88 103
412169419384631820 11 27
553330690151623390 14 50
247081464355052732 12 47
104807226422068263 1 107
653781627811780834 39 42
543180153184174551 46 118
53479566275363621 13 57
450876299259756303 29 31
296789158404542951 36 6
456236706342478044 98 39
241660023737612396 53 67
347773155604558091 21 5
526766179019968381 72 76
201835703407973144 111 104
867688807667280823 44 99
897170790413367234 71 6
450331084390781185 28 105
740996096224065843 79 3
912212401779478373 10 34
918012796692254466 69 46
436804936763285827 73 73
757521755577678254 117 6
347748913808034093 33 72
263391115689247480 75 105
702634848739245833 117 53
996590215416473735 33 46
633289919480983515 12 60
129508999225147953 3 96
116499748578665825 92 68
330847429141308249 38 64
330387058190644150 90 60
204892182826298003 0 102
84086606089750139 108 101
346446041679310377 26 0
625883268962952611 108 20
979275194334579762 84 110
949958298418274931 45 110
770377204050332454 22 107
176970257667996172 75 8
848589953832717556 66 24
54702718699911966 85 1
196708231201382207 24 17
461512233208803398 9 31
427111230650350269 22 99
781199822389887924 28 97
943867831724928768 96 68
264278005311794128 30 25
827187068241907166 25 71
644275470449048112 31 94
814097352326755383 96 109
898807286412597719 25 113
966540193987264143 112 19
847895809783633230 48 81
410531573117872436 71 79
665263073562044905 10 75
749783523791663118 8 19
132749063028640398 52 103
258508033803101343 41 76
326967731256974177 12 80
730374343509554712 57 87
289865822544223454 104 39
903444077901775207 91 35
889818013585762896 98 44
930584384127093818 48 49
598037698356942383 57 63
642895759722021063 85 38
357487318538615959 92 1
528729082943207395 6 69
233057490516384059 69 64
813705838502358507 15 56
708090640637336684 49 77
938764423488965488 35 112
381349921497034990 12 10
737260616234913429 107 29
937782028176634361 44 83
968132531761236675 79 18
66967999281320947 58 94
537234920434414339 83 75
55991779841436667 118 42
414381002625887843 59 97
779705208354207707 77 62
10941610496744193 20 56
391615946853378560 43 116
770594540177532541 114 53
381552573585054550 0 37
745628958457521946 91 16
644734966687758703 8 117
327541716397475498 115 69
957735585042968112 54 87
981027821628768959 21 100
88520162490021289 65 43
344050381571504196 69 85
200649758718725443 108 62
619951111852502483 112 30
884397545432566115 70 111
874522684219691328 99 83
571795315411172199 115 86
156626329772716498 28 5
819268850719767182 93 72
679708528838254057 70 1
852523426589848625 35 9
586408871397929127 45 72
978473804599619863 112 31
615029198195682834 40 43
226832596682161824 53 105
970759328671519037 62 16
899800316614495992 36 114
560381877377554417 10 64
354659575804491316 46 7
822816763117336341 83 4
711697620073772453 21 13
915574217467463612 89 104
44254157116458662 53 118
427493042028717623 66 5
186917280660946876 82 6
437953963100839021 118 59
660658232201896565 35 22
508489991537808279 27 114
152460085625984554 5 102
484050797620830145 110 9
602994897254547860 111 116
617283119248162477 106 57
401532961411677883 31 15
562961434653509719 75 10
683776689035108461 114 97
666290307129523751 41 16
219291748385149761 86 21
13527639717446589 43 99
324932446125176007 53 8
400048076560613874 51 88
497571568532408113 107 28
716788205203943051 47 103
245001684059593242 70 15
364401402901613958 96 8
680986081825457875 110 15
662992018751727112 61 25
166341285022029362 90 62
233483342725241255 4 116
45361801797196517 23 75
241118146411827049 15 28
936348049086456283 38 27
787106662982424993 16 99
625480741849615214 73 57
969445949394254038 40 12
547309494374929861 25 102
189222440516641329 2 49
549619534347013001 85 4
767798368846095419 5 69
403258699821761784 117 17
459441198144345764 79 55
762262033929904592 24 37
113771202840174919 40 71
571700507099927390 21 50
344586754381943453 112 43
399891161552287190 116 82
974555113122174831 93 108
672454539109980559 72 89
713929073045748351 27 33
58151146616224747 30 51
677593687614403718 65 117
338097248759048873 73 97
384889988016173799 40 103
635741647946140847 101 115
105276573692271947 94 38
164881067970897954 92 100
902317382911771380 106 38
663777614161893844 91 6
329294324200028242 29 6
948243054463629112 53 106
96800072718319796 113 60
927463797820944128 71 82
838503993813079867 77 107
619393565563635559 97 34
907260125529998433 56 41
153530884981958259 96 97
549100091563807894 78 37
744551021545739701 45 24
756085319435607172 99 82
234910280851134300 21 63
437451102684662510 97 73
621085602235601800 105 40
189019368835380162 69 8
321345167330225333 110 49
28502814740300221 119 118
93902902546275468 94 66
481585422159841202 117 52
190515472175344451 23 39
643504544010303346 107 85
256133786989498931 25 17
6102065012012790 45 79
88701013163324 17 95
637173404139725999 84 66
950625920999111751 11 116
125379186363421951 93 80
828308818063354520 84 43
105941301880374700 100 18
422582387576016497 8 16
17816964330459293 110 65
809610569343606147 95 109
503012594639790763 7 107
146818126798429656 24 85
711796311813318565 67 119
643241875954728855 73 16
125162782347522176 38 101
353291078276780307 56 86
458161909269851254 7 62
938098498407526794 84 114
230925436963459860 57 42
554354334487660521 96 61
684715447082254982 1 116
575427962868315035 63 19
69350455942134919 105 51
482876802466958985 96 3
671641119226543885 70 53
367095312594319293 43 52
958023347203877196 78 91
109482059505420215 66 103
775779066670254482 106 13
963162832630717408 34 46
583554271889040715 63 47
174310717189469632 81 45
974717500489312811 57 87
932974453313952650 117 99
837729853817879268 91 61
872390617610874880 108 75
535373671105861178 8 112
86676513361266991 33 100
208539122720562881 29 82
956953607547226585 89 46
16751414639860679 51 59
670760110519249153 71 48
935155101314793810 35 38
124875905695380274 66 18
856099940393238416 85 28
745411932400942205 1 63
926855867868363762 0 33
931206626757771038 110 76
33002488655353827 43 105
955041964927598669 52 111
583678238733781450 86 62
710768576353254165 29 53
391384891849219901 119 34
600991455141286595 108 53
971226572710704779 23 54
133889459199453547 114 60
245228163209398614 96 3
199509896943316293 53 92
574966829599846155 115 57
330255963896522382 111 101
445168955550729735 59 83
514059312236821751 95 14
225953291946571525 111 93
305534202897297512 117 91
738225171670626610 36 69
246789264522133758 42 54
271140332697704457 19 33
449957759454946919 52 67
435570397265986254 110 84
658884518097135949 16 70
338056566278868623 112 94
259394845849912680 24 82
496654422004270427 88 52
309316430774018310 62 6
118982730798455646 57 30
849539516481172225 23 61
358953704708918814 85 69
301588855789490118 21 52
268396666746240404 48 99
353742987356263424 19 24
764655163674478314 32 52
955151107415788058 23 80
874971000854566843 114 43
919278799818686734 76 110
346294057488803127 89 96
633434485719994087 70 39
754976320497248552 102 14
680005812734350097 56 20
26565795824607740 26 98
240389683364336117 119 118
614972818376741989 90 80
638751799018759880 60 52
695847142491193936 43 108
201527885686956777 52 2
413393119834742779 0 27
690335537616842436 31 73
362961895077825496 71 111
419814482132590932 27 36
784495984832822751 27 28
240416410127174942 34 40
614258243396059472 68 10
433966910495688800 62 20
166198625003828006 7 0
940165924247109314 67 29
350856290806830180 33 66
174927259749368938 74 43
289487738407602536 20 65
85262933660398795 44 50
907439491550309227 56 20
692392307245844825 104 4
715675661201535954 95 85
286922702963631426 85 44
871701986942807849 28 6
206590290466334228 110 23
258044321387936290 43 66
149999751593072283 24 75
288295943898206861 67 44
28100475553190438 109 55
71045929552834374 4 30
174084549951208287 103 70
737873010139306289 56 42
716146896602227777 71 14
558419306678278957 9 64
869575408589523101 25 93
757294755998347467 35 105
445248559010026695 50 38
963676312814843471 106 6
71930023179479485 91 81
504074121945414527 51 1
640488110751995538 108 31
977510365549105149 7 27
157099430722237661 97 21
165404164879224851 72 25
517943222595951144 102 41
910713803885951429 18 103
461696849507385181 25 65
632778817779095204 96 85
36198647453834853 47 104
918872701935168617 66 87
131116686215553589 46 21
41350881902582409 95 39
697518033072221038 77 92
42748260194906376 72 21
217957459014023132 113 78
92263106303137267 49 40
629360653762465912 44 87
275017444994963617 32 35
998572742314553475 56 84
513435046730991433 97 96
665415787440374166 108 30
307310467851735249 11 63
601160993517341568 103 1
551257374463367678 94 84
466658133207381039 4 43
837127845960883057 50 24
563641478536750432 89 84
720548040839938454 10 42
725267515411292822 97 96
692367110959466407 52 38
741220394320590354 93 29
477685939295312488 32 99
298680896062918753 97 113
904403294011406122 14 93
336072873978091261 76 8
407124417416424693 106 71
40675852248986241 50 44
673153830295430898 74 16
580947171197377474 111 40
391081736406173906 68 19
958020406154314518 76 95
31307795150854755 5 11
904707844105807217 37 115
618250979755214175 34 54
126272766514558684 23 30
989843679149217454 76 119
278330106688599636 21 32
809696556673478667 68 40
395534261982309876 13 92
282015788906162913 31 87
720673662353971424 78 113
56865259480861934 15 105
830988349011408029 117 76
868442450398537210 109 65
292472978284982007 40 23
278771420557292123 108 111
111561358120435858 19 108
509118142258955998 47 87
331344159838709267 97 86
104279293948925450 85 16
966073343853134668 72 104
712172654626880843 9 33
188908263127424840 110 53
915681237583197190 63 110
790423865089083726 32 100
535634691032755473 79 4
994296414264503504 78 99
949540049273823897 104 41
697928641521440039 55 97
42655183413315452 98 66
957712004901691607 91 53
211483172696022745 29 37
802272107996471160 118 53
895032179369508012 10 83
117566418519804212 60 48
544860976291753751 17 104
692227969647205349 95 105
322185877136657716 107 43
188528303363755105 47 48
441614809284143114 21 0
502206271937557345 12 96
121448038496304596 29 5
809005874681475061 113 25
473914616985281886 16 82
727527992306030447 16 97
273860344839422746 86 77
238261125048524560 43 78
676470515768208650 25 90
424607397322508177 11 83
389147572963839635 54 65
307800768415803434 36 118
580835402353237332 78 42
250644727301589952 47 28
561502665597366192 15 41
970963892382281125 1 21
670765664476799072 1 71
487988257413284943 91 100
57183195902183587 23 49
562230935097750945 11 39
128132275059700809 70 50
454984892691983769 119 102
721468718659702963 68 115
156816192081205670 57 115
208239627517068033 58 21
983203260466861927 100 25
418565366033885221 33 63
326461277975950548 66 34
937828098509921272 49 48
656851510422018760 6 91
610848205354058223 39 33
160346764478385602 76 70
490729037785841026 57 48
353237858771337957 119 11
83949029069565542 75 87
735759338531684214 105 33
799041345521960700 27 100
813022561186313670 112 60
635818881218444894 114 24
460729229136588178 80 33
495030014582729765 115 58
819471933679247466 64 114
570772162292663855 72 83
388188582881728881 26 1
39257734203492761 70 83
986267653164038725 24 57
579502338837567490 14 107
102948747298077707 8 69
863028128944013242 108 54
393339606055002588 77 0
280239382517349820 54 55
945728261225483931 13 64
470413390865425686 95 71
297615013975925951 113 34
115550576723300790 27 96
480295440451792455 3 17
351438130679528962 78 84
172987646195809566 117 17
287353448801092836 41 97
87502460210618201 108 101
379454842249423886 32 90
523213713682391247 60 27
85492320881442538 23 16
66462139806878741 34 107
367759988810239717 53 52
967915272341494848 88 31
94332181632929416 109 0
830282272981406825 15 25
267099426418110386 49 53
748483879003296027 95 37
939847791162857648 61 55
273429552855297221 106 119
700329165317178100 5 81
753794842713491390 74 1
823424877142291450 31 97
743321901861832013 4 46
526977422547357496 83 46
942645078953540914 41 107
181070555929083881 48 24
488788560026213058 35 97
281758492844229830 65 81
325272620443918704 65 114
880531743352146644 46 35
86925306502427251 109 23
588690513227727000 70 19
156895873610168262 16 94
319735224311311527 32 21
706134665641754714 34 47
486768105572344333 93 107
320712479036087904 73 37
858327657815989882 79 100
913045254826592085 24 94
514427574992756104 96 5
21121888924670935 23 3
842019374395713549 55 71
435102680807360203 47 96
618552179109287696 25 118
253187296531953315 55 62
623215745916413817 97 67
167605426400255335 0 104
900537954563267528 85 4
970003269427777135 113 117
354411609828732668 70 6
916258630175214459 15 9
494753084528315438 18 111
753548961530428743 63 9
771405159239019762 3 33
157395355608137525 30 110
323632323140363429 33 100
458892338461327569 48 90
270522137039766554 75 87
151821745369417589 46 92
767461963437921938 101 74
254889700835826464 61 50
611869098079242400 87 70
462807014320428903 36 0
337472097255912428 70 47
217658956035560410 78 61
392637453846262880 37 68
6210495513595240 21 59
881287978346971462 113 69
585129900243401166 3 28
643047140251633444 4 76
48927152769188706 13 4
542145733482929151 103 70
667369822559755346 27 32
418212212765338889 56 68
101727256513947915 70 53
585298311940066399 32 60
459669682939837479 0 103
136188842602919285 89 94
642187663645622572 29 110
565721911367613063 75 80
590780999364676864 119 69
364753394786715269 1 8
428837019333551720 44 33
276508683310793008 81 112
715268724479628515 48 111
592292156721681661 92 73
126876613752121817 91 13
793521336720090821 12 20
439785555582040871 12 98
86777964831371449 21 8
473671508818449905 75 46
150868637003519906 1 116
726018851951007434 55 62
556007650921529909 81 71
229559913064270915 44 11
233096785819233522 81 2
184003629951175974 107 39
50459042389011380 30 33
883096701793885417 49 23
88958437923297645 78 39
520775971534255813 81 4
521100247633932373 20 75
560736409809835540 118 21
30336713934544533 20 46
474139699880324683 107 39
764737537339890228 81 85
484991352227688365 88 11
272634565484153575 60 115
637920729485050358 77 97
174124218898639326 52 50
588938506664860621 14 33
532096391770063187 87 62
508845264739616322 83 13
921889703528967434 11 6
330753325316462471 52 81
7959963652897763 45 12
589716200930302066 55 105
784801337787374487 50 103
172138610405677800 98 25
68458266711089020 79 0
29390350197863750 77 91
649243210925497305 13 86
642220315402212832 76 116
550455992122142496 56 3
428686350902943122 92 106
412550421821433283 28 20
826176785301782610 57 117
647897025543385402 16 81
541925951036331008 33 46
590256697966957663 71 44
201380798074008330 22 112
719234350734614396 19 10
794767117115813359 40 70
303883222590751041 4 46
379142228666612569 84 92
834895687179019880 53 54
342755907565901230 51 114
114156794055592078 35 103
503447012856896280 89 73
395080207296095124 108 90
987590428479588087 52 19
576390951002000028 71 38
303237607736675822 118 92
544467094299819905 18 60
863379585979456885 6 105
112255420800575402 9 79
522148497697685618 71 25
83525016191602904 48 2
131101836719852561 70 22
463275690896594673 70 103
943621542276506778 9 2
661101477962128771 58 62
968442725185056781 27 105
691987164102414814 86 23
753587601775527303 94 73
926018694508537545 6 9
271540473280120357 33 31
55006208327619461 77 31
928552577623812255 65 38
351471152116138095 13 108
882095684333361525 109 41
240713161610300140 38 16
139017978850357160 9 7
292375889602798298 96 103
509610686915231596 86 103
96365318399230093 107 94
557957623654165137 112 85
942214803522852603 43 13
437839122405842303 5 58
569474113432407727 8 4
638778675234411736 87 17
87704041834369055 98 23
542343413442968481 21 88
965179316683513044 54 68
281026778700056388 28 81
222721799041051451 70 76
456817342251384864 79 97
22129447505732248 105 108
953278250643793510 106 33
9604687467088411 20 106
233142669727127786 45 28
151953132092258597 99 84
325613123039833424 18 39
723136432275028651 109 110
205925082900493344 101 18
890765220306539500 80 18
458845113658180292 101 66
800242996367983899 30 98
422963097198011903 63 107
959069594915415235 29 40
224572015014881486 29 61
173405349501492438 58 113
871205669746444929 70 81
212622554347575511 28 96
649034777556730869 33 83
268115706473110691 20 26
712331676359785895 94 20
686887864527561818 35 98
321662521181734977 75 52
855993741169472888 16 47
830582060061379873 79 5
291972821645550121 22 26
46425873016987030 57 43
896220160126712410 10 103
332696123421216680 2 96
420138963130158685 119 8
670543815149229025 108 102
231122922932368958 98 86
587889987043063581 96 23
301584891475456073 52 74
604276156956261949 54 16
339746133885021010 60 24
180250446954792570 79 94
975164615582068638 12 52
252297825693483793 77 30
528881828247691529 69 2
457376953382840522 52 39
376610917427879209 119 35
618046270939634766 2 101
285038481429831327 37 79
824669316712147187 24 48
765687931295593204 40 95
121505143903624567 113 8
415760719027809816 99 35
437645198755757932 24 31
514299328168447518 16 30
733488381752822946 43 46
468951754299091738 99 86
445327725980758699 55 20
731928008987306153 99 10
522486148846216396 7 100
159353117166041453 48 29
393732335359737909 41 80
267933862950914669 47 107
504702894486402856 55 118
312065500764904165 22 82
371684537024117379 20 19
519238458838118322 74 64
536883474499035335 75 81
942564430603578855 4 116
462837452218018808 34 115
794912784949181544 14 8
628246682979019003 94 51
428147001488955689 52 4
901672946357252071 68 72
645971339943104066 109 48
951766397936872507 12 35
791305413603931436 93 101
256106931872702636 80 114
572470250013564740 42 17
576485720490375199 36 28
426883466847761525 55 62
748372877247530101 105 81
178652894445296807 40 21
913037802864794045 31 29
96647466687491440 13 109
790975628696392663 1 10
721903819060518560 7 62
741895054867358054 85 58
842008939173432839 86 19
638460333914157037 72 20
762338872764169131 19 71
947751034620483884 66 13
490813615599405132 42 44
901570101130218841 116 4
588037879564509092 107 15
219391087646333802 118 107
267377236914599022 71 5
355404053964377289 75 57
590827473060816143 35 1
615052128715866457 77 66
891222133280236438 1 8
428170238617320209 84 90
911906292620041749 19 16
520913046772158396 88 78
277217717941742187 22 58
929258266688140225 35 40
403434215280161542 31 79
204621950882508666 28 13
74867132707088258 104 74
926599548662553453 114 55
928176971732554294 60 0
408644032113052912 97 100
521488529915524818 57 100
376394754650029974 92 34
736685373769197235 68 105
582627789004452722 11 24
923972241117669629 68 3
545183923571478145 110 40
492008872265828625 68 76
388149956895123494 45 59
899619667089712159 65 4
299110775082899007 65 76
616983084265064890 63 57
309077598408811085 84 115
56144624504816778 14 93
803240475718272530 110 4
546857646282943322 24 64
438273522941038044 88 58
756246941993373733 106 73
898378347955651456 72 38
791782134866226527 110 25
477181618710485149 52 61
894608134894140476 50 68
556640171879713563 1 35
136020207261791385 2 99
928550116135623544 30 0
43390861388329394 115 5
629493226733276628 114 37
672405909220295516 99 108
333405781031279495 103 91
692060299992379287 12 36
145360431635874489 21 97
815390476767974730 80 65
694782877522742933 91 37
496783129362643372 53 74
282124647882510690 35 71
645135152054501198 53 96
237350020608299206 97 100
811982246999621518 62 44
357727352919362779 12 25
702992792455156662 90 59
405840291267432707 71 36
368077226948521706 27 117
302026266395116541 80 72
102699427984817481 94 40
490511147007344881 80 53
429716025841136000 101 49
102449945585163971 73 83
720386967714296465 20 111
457917164742110271 3 57
719094559069939364 30 75
444834418913678668 15 112
369849863061796547 29 38
163856790746733219 73 6
827801399480552403 117 30
80055250052492348 94 18
88661938011527338 79 66
821984813929349295 63 3
42597114903110405 11 104
74454892795663426 1 80
107671845712200263 36 46
625496861525476385 49 66
330799443559328141 53 66
962328458989883065 81 23
582836550550917847 0 16
366694078938026318 49 58
947283411711667293 57 84
910319325155880921 107 42
165127907134148367 113 15
74362432588339965 110 15
400478197850907281 10 4
430348338104646174 70 18
273404621798147179 48 76
570747130502051894 16 75
800479297920595679 6 35
452109130321533352 13 53
449556362332832755 104 59
644474621289985368 69 105
343250057313945353 104 36
338680497427604273 96 22
663439580671760827 85 44
707487318614247448 73 56
147448826595968500 2 88
352633438450026157 38 107
440765072050750066 79 37
339018268299769108 10 38
977449284222995932 113 29
453203482204444258 66 11
951540773085856973 41 41
858982641966220878 77 83
942231279733478941 20 76
460734105451260595 46 10
629364606271638653 67 48
387449270290251776 93 11
645613191742422374 0 86
341111411193433295 69 86
24539217385247172 106 99
797871947670915070 70 86
88556688094475494 101 18
530313971369817199 48 96
618868458331166468 62 28
124425955892252523 105 78
81577884186891335 1 51
101829355455491046 10 105
534622010545418908 98 100
620613949820393074 84 39
185325749609813800 115 70
180114469794406874 90 100
153733138439441729 15 67
506033588728862349 10 63
281956120809264228 18 71
893077353981234239 105 46
35427340368108974 87 82
486992980591548047 16 60
37717679591949140 98 103
362699662102937979 23 70
648569834268704321 80 36
280796618781755216 52 108
782103655086978889 59 87
1428735028443264 74 87
311009085335334843 54 16
980683708034750133 116 48
66590065024789616 17 4
503474351969486136 97 47
151193518921991768 35 37
490280289231056002 119 20
849400906365304477 90 50
704751599330023912 94 117
804333738330251990 94 22
987775815828195877 87 39
891633125990524156 54 83
214893351778284551 103 32
735817032317108555 91 28
734852648409531821 96 98
735991295128725780 96 52
769406990951421174 4 15
523955669350086833 15 63
483176136503101267 0 43
821632018561437380 69 93
377199338693620422 79 59
862849488015888142 118 76
962988296807669827 5 31
49965749087184459 78 46
88137989666605860 113 69
808579676478597689 96 60
813063155462002197 69 30
859952626768489356 115 61
545773871750924481 51 2
982418532574836790 80 10
437195790310867546 97 35
868497289964196966 51 23
66395456873566221 29 27
966294912519891008 109 17
198530856671562842 86 109
27102202202069407 20 81
744155834723241374 22 91
730529796716198564 113 17
908177404151674957 85 65
448130185542012409 79 36
807719652999636070 14 100
453851050978766879 111 102
133143588138917652 65 7
525844944273389885 63 34
233279260995324358 58 105
468088704067690767 52 60
783494372872383537 48 52
894303025663614063 48 1
205713809981615789 65 94
461275687910007901 110 74
858253905947963106 57 113
431632265360030898 58 60
265057522501377669 109 48
128663236587886747 61 3
890969275601385454 107 116
828176944629670511 88 92
180392609427449225 80 59
990253782330375801 25 82
613160730960000436 99 119
835016612439331867 1 43
514183862213056834 32 90
357866081783971246 85 53
287521220891024119 14 39
494655949031179789 105 48
652101336939751905 1 115
758682781392496560 101 71
544508655598788769 0 35
717222036429849564 77 25
326385947084087705 45 89
374598097058777775 75 43
851715367030866259 77 70
224422349187521590 100 8
133766025375389338 30 100
243128596963863931 72 21
214991063265580538 83 36
555760381439770752 13 113
86078483500011211 108 89
74266152486064429 80 72
592607528962409675 40 100
494866048075555701 18 36
330641634306034443 45 27
503138677990943687 53 42
654802726000531736 46 107
184812027049124073 6 105
200485209869327731 28 18
572746459783501378 116 66
559635175390276357 54 107
186781074588454452 0 30
787509446025503100 73 28
964324218836448457 68 97
58894274299133855 0 16
174011734219755236 24 10
215065870064395018 3 94
266037314544558544 7 98
642795194882602235 44 36
493293377123953614 64 115
811551852746447340 77 76
961973318370406000 69 103
899373664643902733 87 32
937405010184660621 2 107
179738828981884564 96 56
929431607212536264 100 107
800921409364142988 29 4
660550832485488812 8 114
187124554318465242 85 110
374859431538710774 0 7
223287770109555175 112 116
109171395988243713 19 96
399791780711923623 54 36
959207324685105289 45 25
155718907632440080 59 33
546856563090838536 7 11
354134949650270075 66 110
6360069944902519 118 35
613296923860591542 94 43
571664281469548905 50 5
472500623470817776 73 25
423383246128152099 47 102
393563920976603513 7 1
15493800820707798 112 53
159677357067195683 57 86
637884835230970709 31 43
155543425543111736 41 106
207049190079756698 10 54
576898357818742975 42 49
852739823366038128 80 80
387932003280233289 99 114
594485746162269539 103 24
287336322781323000 102 1
786300711561733588 74 105
697854262680735016 25 5
826516092259287712 3 63
59263999967292964 29 11
268399169837736086 13 64
219514631180972463 22 60
55299092200329506 40 74
367528783031784142 105 111
970171839134296526 97 61
911577927673443541 66 74
417757303822345783 85 92
226929709038543787 90 82
292132974722003397 64 11
359766362975302156 48 63
393701695802204347 117 14
561864317964036181 98 11
12735640244924554 76 103
801938605094250040 66 88
283820203354681244 8 90
236484963535330550 40 69
851813470496248057 58 58
294051218259072921 77 23
54001116775852855 78 8
66645889582421347 52 42
173886338510461079 118 51
750871456741454528 91 36
405459081126575505 13 43
714347605803521377 66 113
867774355524834629 8 84
557162422420111757 68 34
660750217321818597 66 90
999317529721668786 11 33
509008822368923163 44 75
388309304960950886 3 43
636926759883160826 50 5
567842751957609469 118 63
172572197452042722 13 82
74322703378151976 27 69
341492578054342934 98 16
635166676898171445 10 113
736077366332212645 38 64
264387957226967696 16 37
569410906161333399 36 98
436472821948954385 18 90
675834043954190104 104 80
105762768618566483 102 105
988314323027781609 17 23
647408258569713572 61 54
23161977362820097 91 49
102521111506706733 84 80
45508530910400343 1 72
609359547939209727 95 14
826299724359865512 49 51
574338280255462768 80 119
34098000828233983 30 66
89874758753778576 44 26
726717458542851906 90 33
904102160579563559 18 4
972461295396996219 63 10
531345084187719760 20 4
183049531271107425 0 104
23470199344236875 16 14
851838109962981564 97 64
418128785023764744 6 79
536906439613165286 22 63
118147356330212898 85 13
809678083839821323 67 35
596799368855800227 1 25
972605167642250591 105 101
334448076975914126 117 69
28101871543546676 119 32
164699187484382986 76 78
480036043499598406 115 2
75652024346003382 82 102
547905991984248964 100 107
243136160551185294 66 0
904181740644462221 30 56
299408905493760341 97 30
44868838940995159 60 103
368870285997254101 9 0
712452119759624253 5 41
414813137507995356 113 62
893232843908318959 39 49
781957992827201872 12 100
780697824207312978 1 15
292620531248578682 57 100
598515774102618823 23 33
560549885099422211 73 112
743812273886722677 28 112
952244578565636809 53 91
152374811041316929 55 15
670331474086011841 115 80
575921490601632982 70 0
989383172280740201 41 56
400743011366754841 118 50
231796853404908808 15 77
884088617133956387 82 96
710578075439624335 79 28
245199574918680776 65 19
129628602699102401 45 29
357975245630296834 52 49
469507760447556773 12 109
845570301864511296 45 19
854369164000954193 34 30
970485744918235136 117 45
140522348247224080 110 0
691833373659081233 4 78
785299438767559944 51 119
931080176354715302 28 33
189113556860650073 65 8
79142198265007027 1 70
137171802066742031 36 12
199225657257945691 74 43
585341417056549715 35 14
153872602055220862 8 28
564270152471282219 94 40
11019133768481592 11 19
468757138787532593 49 19
607278620941197743 65 2
63948049138101678 35 63
661380518928457559 53 2
101169690101342239 39 57
592257115742303114 2 10
374892495086960169 45 119
364966497100741127 95 66
183904118450990469 40 17
980774590256892776 31 6
834138970893939581 89 80
766105633506417227 109 28
70402213677155595 106 109
869396279634282843 116 33
665043540194784252 109 30
523363555327882888 68 119
960593496273950021 48 71
171833177030298245 19 95
260458951419402937 62 3
739200942366121606 97 22
754402181716596643 98 37
668188943232989898 66 99
474849064501994541 75 10
180749162833341114 38 113
879486417964879593 102 43
118083129115873412 106 7
518844235998301181 57 52
470103635800191516 70 115
653374803383397463 31 86
920574386834721831 28 39
872157860630896495 51 61
684219941557296505 61 33
316699680868243730 51 28
784752793352613177 107 24
306550828229601257 34 103
614052417839475236 63 34
536786676846467347 103 111
924829733385549379 113 83
191153874711554004 82 65
316343688090575312 59 3
845737897066850545 76 25
29921890909388550 68 96
609814265538235257 96 107
864525684229029082 78 97
521553281462267687 30 57
386188804801861388 19 27
986512447429857542 85 22
232599346018999538 117 56
719533676123264150 3 16
786082498435006868 12 68
166875475674490054 100 68
22321405309194206 6 73
648043813712562117 118 76
99237825965550198 111 76
808154639256197140 25 89
792635061211259362 34 38
654097162521348165 81 21
566876082481831956 39 34
690611189501657296 107 8
46077144711574625 102 59
862473087563243793 42 70
159352920495082052 35 38
878411091153375139 105 115
128450158991628701 91 23
368270076970063609 4 71
211535039955385847 74 55
31831360992781081 53 107
276171180643914554 95 73
986072680896456683 20 6
698340484937725392 27 39
103449386737563270 70 90
470112037135202568 29 27
505440617042018555 7 84
121560619402619532 87 119
819012507995757470 102 63
206791799609376554 6 81
148638175217013898 7 66
424865681235206441 98 21
25054078620651122 70 44
147404750030873627 67 95
992882225504117534 74 32
22166857595167164 86 59
528732767389210718 49 35
204898373806739375 71 83
566682894922599965 17 47
251988381827315007 44 18
109927356868173022 51 16
329478816075217118 56 87
433253511742499419 76 102
322740061864355499 41 72
333681288425811226 27 38
855239024862863212 11 71
312687105946879322 48 56
963330150953209397 54 119
494782927930614874 19 41
182807764939794532 100 106
168199817522674387 54 119
649230709539946927 23 54
966111841296353210 118 46
417258619247768914 29 112
469305536316566895 63 7
126076952091829652 115 66
26425861417866553 19 85
166049945437564942 68 61
707217360569331788 38 106
961577967399962835 49 109
189121770402084314 54 52
858393851125979870 38 95
237206925537163397 97 13
260561743405745608 12 114
880316592401159314 119 111
301682107705797719 27 62
202286194349835251 25 117
616673198654075765 61 74
16226682100543997 44 52
962941922969299704 98 38
771757688255879663 97 110
257251843392416018 51 118
494919400028353885 31 72
642282900463242693 113 26
404054506036772964 111 8
46117289105510115 8 36
9509867286212667 39 107
467096749648148474 86 115
916952009011812935 12 115
4223308657135790 21 82
182415150899768525 101 9
224379473599965006 97 108
362219990271157518 1 103
333255824036654554 54 117
107914989667534212 82 35
920569083215404567 102 39
408179506316559714 0 68
924191573698100001 77 105
328857215982952204 109 36
836555838973959090 81 86
663808242682246405 14 41
169451179772656489 9 59
69873931132360447 51 89
568496324009275987 63 95
385289345782341966 51 93
331328785986932421 53 116
920594879782939216 6 31
923186219291101366 93 92
147021442595068410 18 99
716112721127998644 60 27
233366037806432533 31 100
59165968357995563 13 35
31458507011622528 47 98
688662958936623220 77 56
960229188314847982 33 18
111778442658285778 88 70
504637343322808924 50 95
312298651003233821 60 31
704401863734014271 51 80
49409103795185085 2 13
150757899707913942 85 22
435298335033992329 119 113
358866903631380930 107 87
921535582402332336 33 65
330178229541509977 86 82
358072990043125644 93 79
716640997419546235 33 114
143819253222861146 59 105
675431840480875592 65 90
167202970168275109 53 57
624692803322652841 101 108
821608358829144238 73 68
445748163416099934 102 29
954016560688209233 41 111
139202092657410560 23 21
570298283336158556 85 68
677405506806774465 62 71
208738781047210171 55 15
200778588084531334 47 8
347863637114572376 113 119
530161194849781217 24 105
375653398335301308 1 64
512466334882615397 34 87
290713843363459927 84 5
514708457906873080 90 25
382563610774554251 67 0
924802472018094248 100 80
30490303797357278 12 115
986268652823599365 113 5
672907017718843641 27 91
43254152399027346 104 16
813729056328371146 106 76
378543009681028640 16 15
253668713565983404 73 79
405564258011488702 47 26
951245819213455026 32 52
997523673247674883 100 24
889937565252486792 89 113
483526719621796647 85 39
335223548341163249 102 113
895934984919927882 79 58
447773085707892984 38 91
273276413334867563 109 78
895815564622232213 44 31
141390954616851763 53 8
596687364865912975 33 35
896069716234980303 98 115
769046107676251184 58 0
635856467386208713 45 22
73630536658634346 72 9
141958216896179436 107 63
194522153227290882 61 93
321204529063825357 55 48
40236899299931515 90 81
667303209576502393 92 43
929557021139189583 71 27
831701199112797596 88 104
578238428183399098 101 0
880392056567643666 17 65
77657239157353736 7 106
518993308986385845 104 59
268447330254083593 90 17
742832976635413827 23 70
817375145765550417 72 31
381493224266301042 44 102
703687142646713608 22 83
276597196145449480 111 69
860512172862702761 11 42
859231336140018214 84 114
803713977119940024 51 82
35104492586934572 41 42
689068758496323543 69 54
756027764005292070 71 20
786312069854671216 50 54
489288443799983571 117 44
28245872133694666 104 17
407586572746810974 87 109
851889483287295149 87 51
796384451840382349 17 63
926033309634394060 78 94
836910884314439077 88 39
635751924220029665 31 10
805651915302864863 28 4
350462748715371533 8 18
279403479416327626 34 14
365326602790076731 64 0
934249325712134490 102 13
235026028570810504 13 43
75514930200105198 30 118
373739936447742985 24 46
701126382649716916 57 64
810917936377533612 16 89
232700055719979899 0 88
546383891607013190 29 98
689637954301946010 90 12
498704996863045326 114 103
122053142888802844 23 49
120513145755398766 63 22
966530734888218381 84 86
138979720185747677 88 37
294073690596505754 97 67
394991374445117987 110 94
943207158857991309 87 10
266447922937444222 20 118
693900609203198639 63 105
788782316288598137 47 20
822319797800988387 27 3
90179571719316960 30 117
374825532755960575 11 60
17912454905649999 97 63
520579244889231086 5 28
847484347621545384 19 20
255299775665779327 8 42
719320731714668422 102 76
12790894776619590 34 91
575476860938893021 8 92
174432851398204100 72 99
765571413060911501 24 1
346240718862481082 67 8
55305672226509786 111 85
168964563569574846 76 58
229140263044360952 51 14
829225827402535559 95 65
919404607636853883 116 4
172087598332289747 62 44
345181979039859560 68 10
919592480374689043 21 88
787536025589441418 102 17
504609033558826886 25 34
549916996742009481 6 87
637158173291608396 70 27
121296478164174055 74 38
349507588752386307 24 19
140289874521996035 86 67
292411624592707913 98 13
849538929538384600 35 27
777067973312577412 119 102
513120370414751386 78 89
442264188308104626 42 117
917097685431699364 27 36
4705525500122024 82 108
897285175616580681 48 83
863115060796586380 42 31
837237476320258328 4 31
406933737455065995 22 56
962833196529277567 89 27
536358636007211351 38 53
554760202414313693 41 53
261236318066506722 5 38
791513407639705266 83 32
455339428741223418 60 42
199752628787820877 66 99
939292621006499672 44 13
60674106158338504 64 57
104022719665560015 16 9
301386855409392511 94 53
498215665491088389 66 52
268979083440460725 37 97
922532139317129019 71 71
401399248328360048 22 8
372264484050209583 30 108
389692001383423599 107 103
891616281160031344 85 33
787442388369742850 106 40
325445514535977726 117 1
13038869378824716 33 105
222263955767015964 90 97
376506798653226297 69 79
209923608521105103 106 25
251544871391572296 31 57
795522559504236893 63 82
721785128409421459 50 65
90613917864305509 70 53
960436822340646850 83 40
174424089530182067 67 112
735646237318379587 28 58
952400016126353631 11 63
817422464592407771 117 88
8825758048100633 39 91
116849123294528362 20 73
257414370620267972 112 36
412546185346536641 100 59
485040279462777078 114 16
804349322861298389 107 90
937657067630785312 104 30
615821440374656032 24 39
199992151735235876 58 73
362408001556418458 87 9
417220794220905337 44 103
556176629224318597 78 59
288190103958780452 27 81
980914297128726632 27 18
252981093335841998 63 1
379429256862437428 114 52
848243362191797297 23 46
542924059996088002 17 8
487024199988327277 96 85
148678551029938370 115 49
175720089141431152 40 59
490571209343598929 26 101
583258246938061443 102 7
287447930902408923 100 42
176712347969029278 44 83
739100684255055667 19 82
564144374009592152 93 118
788273819412363183 28 52
283489245658859887 12 4
364537716847195096 1 15
10504045176637159 108 111
693640530410816217 69 105
755973097703291783 53 7
413858912472328571 5 39
73206667167757571 47 10
82474687000846083 106 21
934955924773791874 12 89
837667267906846947 89 21
909906834202785813 33 99
464641201917638656 59 25
626473650169082634 92 105
336191613707674363 84 49
847920638641312126 50 50
744692782165050608 3 48
762315228418802292 4 71
906101829206631365 51 85
966876303902992094 29 94
269298030810813497 83 2
877351563293997963 90 21
71955571490024484 116 26
960713342421553083 5 92
861490916995005035 103 41
682129240979081377 55 3
820022716129470376 57 93
48276337478277971 84 89
132670243250074272 45 58
695322193251535928 37 81
575752600965562620 97 61
783215514711432466 4 20
186333853207617437 114 74
781926075956328319 44 37
52734613126205967 18 64
275224736526228429 79 47
45938730510247762 55 93
464942874293705042 64 59
471414687468516821 96 60
209372974097888794 104 107
606331370801001381 62 98
240898762703280810 72 32
2393232204187802 30 46
792935815293964731 86 25
534660234112758265 16 27
787601258884123565 78 83
962125170002659501 113 60
366711117378402802 114 38
886613608397801596 76 92
259607761397457369 114 68
306725081928999252 110 15
832015533730828221 99 105
228463455028712373 27 59
637188127269389340 9 85
92431747747412179 108 102
661652728199069651 76 74
178686745651760555 60 84
989993146980351025 101 64
432353027371069379 108 0
172480064686654041 24 97
890556501760254676 111 106
171497128710560803 14 10
681742638694284190 60 67
601443263712485659 59 0
147419630265962682 59 61
950415170157757401 65 88
316737341351329245 72 108
989615592352141163 31 7
827888557308854608 98 88
449135643820116270 87 44
971111165645378383 18 60
733400299666314066 64 62
253423328802860907 45 23
444617955038468982 92 103
520671636604579351 91 0
706116677444289400 56 28
364350843477373858 89 112
425813119475895816 110 61
950387035114190398 66 14
675559259963466665 96 9
731785930137222510 57 103
298232454469636644 107 68
81911782531806105 115 33
998178634772872114 113 48
974671085064415418 47 83
821718809304706348 50 52
567192839250318125 39 47
785544251657733276 13 70
829385062028749945 30 112
755035466972176102 65 4
23014814283535517 101 8
857661773657121375 116 49
109462329457049830 100 106
36524518998321804 79 100
578947101180519829 113 43
451509715028996209 82 42
583845017097609918 110 91
658104777661610251 59 95
102010992179893088 98 95
107670565829150451 103 18
989490020562036631 108 102
505452978769837534 102 84
228886722447018664 58 14
684548848256428245 25 71
700300391762642719 63 23
784763203849861172 8 57
994767671779887963 105 75
982522252893288667 30 23
694511086720629034 47 34
931873605683251298 40 12
282566574685793523 11 35
655328560073696035 3 55
242096767164257328 32 22
673305587725346532 56 21
717409102111483987 6 94
421876740887537417 63 6
134548292545663009 7 73
406958290506400147 41 84
289610721628529436 32 48
937601893343600243 5 67
94100625527831754 52 12
425726080898320912 51 105
934647591838658551 33 112
535839274704276065 72 92
293844810098076512 19 75
519516041520815579 11 72
878325950150053586 22 78
839326231997392201 54 55
456776467607210362 9 71
838080245515233196 70 81
218886776264037800 30 14
948571471248193921 29 41
786374276365053060 69 76
163483727657951135 90 31
484998622454328770 112 68
960520553415281350 89 101
349079211630957599 1 31
86040137873763062 110 67
324121250949994482 115 3
562807895689396970 5 82
455145434929586057 70 105
664740197977656999 107 86
176707256606437684 96 1
326553513163418127 50 83
956238444999381881 45 86
949101855318707752 115 44
461063515657055208 113 117
151399631355599079 82 93
431761612519030754 43 110
159218658190050633 50 71
145904274859003540 44 35
802810661835097825 119 87
634112258145782929 108 85
332869085398694627 69 82
566969822592070654 77 53
691682388857242142 5 43
585933340712765282 43 3
707333035853387989 45 28
519246960402093750 99 9
694164417089457818 2 72
913290601375153303 64 94
825191294852718166 4 47
397329516467459354 17 40
573599591201233935 79 13
663805165416236342 25 68
504451441163570029 106 54
580268534185623699 91 24
386020038221827217 54 51
910280067261528041 40 29
408124988572133221 8 40
20889998961190389 24 59
601405160686034377 65 46
80720051887463144 115 17
460298894865019370 38 86
823344103676539563 55 79
559215842778567826 13 93
740673975550110190 75 97
535384063396663004 95 34
713425422641282632 106 88
174743350616026690 80 7
771108789280031713 51 106
814954191794798599 115 112
191105864333173917 88 20
820599009343344254 80 14
256242136831676532 62 116
116864046954202768 34 97
686396500203210938 37 41
215852884001106982 21 101
586259696559972270 34 23
474465223922491564 94 109
688365993254200487 43 54
929637420189682349 35 43
350025873005797140 34 118
470523621613180828 54 94
372241659944202854 35 99
592277655432280750 60 4
796359567685651444 48 11
170660256435302659 6 18
190364686747813423 73 7
923449271595719550 22 61
117203730024396520 42 15
440248925520970646 53 23
754578904734521153 52 98
205531959706191142 117 38
243665300152415110 63 47
121332086132514196 61 52
36357030143903671 11 102
625274927768233461 96 17
774792301037557050 107 26
953882200525921347 35 38
936940808852416593 22 116
312291581428271432 13 119
313685534705870467 12 18
747022740298680117 4 114
347908421985601743 90 74
698382827859597301 3 49
881311941294074856 0 77
151429962654624468 85 9
314171589918020372 88 112
487017390417693761 73 116
638771237351566833 47 85
803735231077044741 34 2
694832177132511749 81 85
494866018019360922 86 41
373345487980670103 92 1
808185264603115253 70 106
89432698876831841 28 110
333952798085702628 103 50
916474936948293947 113 50
515839214452562407 90 95
762608327217612924 36 109
266781450207887891 47 54
9402761800247263 39 88
81925281496351108 49 86
121865611259909402 66 29
576374563198476721 12 39
443381491867836591 2 65
793204623501952314 77 27
952089730312290785 1 50
695884369475570686 102 73
773975422294047940 83 70
67330862443957169 117 115
330874871648810282 70 7
274806046868433214 81 23
640598675507288289 70 47
725594318047348106 35 3
742067331544040889 115 62
106513267825122972 95 79
545465428864867834 99 48
356177349385947233 20 39
97971850737942748 53 86
39234236895786796 50 25
19310506907047455 112 119
64452029741313669 116 111
184999684330733165 90 117
279124683814499738 78 72
741051042758057423 94 51
21829125167620027 84 0
823570611471142748 21 94
562883121118949624 44 6
644330113325868754 71 99
912248448999252223 0 95
475692884959949722 74 73
754817322220511390 9 113
424514553083599155 19 88
442664073851546424 68 15
921382279271235771 0 24
710974312281308670 118 69
919258483009844659 31 99
784532365444098388 99 22
469771657838310529 87 101
897827413837442720 79 36
74292172320792124 117 113
948902947373799104 68 61
204893427630771072 31 29
496173154358337929 106 105
653205519504720592 57 42
840779654554465817 33 108
796448625111563282 117 87
185597823327344959 20 19
27295658851768934 80 60
350145436776751765 47 33
674272915718232004 91 37
684139580425117726 31 90
680323893857180460 32 92
628382922026893784 37 19
106953806487552344 83 38
405352635775017957 103 114
591341891568685921 93 59
157318451275029996 86 92
948554928992882778 41 106
726505012246656396 116 23
633147314290287263 1 34
70636157427750610 88 10
228057174726505485 67 43
921429231507009587 41 95
46920318388506382 15 84
438930664590889595 43 72
925418450234205028 106 89
133822436410762380 44 20
272703767396517575 22 115
745747094582609866 48 40
169531952422975077 107 29
411658509706020417 15 22
205408002409131242 106 26
517829910701174657 84 21
826879371984503249 35 114
717554713671514933 3 99
101561106364614995 103 53
485210120043380663 19 28
649108140935742552 8 92
631083057915882302 5 86
489026751351069436 49 92
875241212457838312 69 63
442872814759026442 76 17
958535785177128219 78 30
646309473036663878 16 97
811546242526379249 74 94
916964044589588857 107 43
104466763550728635 79 119
272119699249646889 2 75
765205825236967697 89 72
141850926401262036 88 16
102047171705374 75 42
555552195377164912 16 96
325453330457695832 77 79
551937042122858287 6 46
203168827382709307 8 103
584608636423968102 77 92
644845487517436430 7 4
861316521888277526 24 45
362841631743808293 21 14
590474094538419712 6 94
432453018647511397 93 32
197434881302044708 58 85
508581509599555189 39 18
606564014686941033 3 107
535134515561126610 114 56
303475673152185951 71 102
430281698456302926 101 96
131221711629390865 7 2
795449365401520798 11 79
535691846633589962 72 117
614561418753280929 13 45
576230577958740557 102 100
988590358315080271 14 115
996449706452409024 89 49
550175694854688701 55 69
417663739552770156 23 72
90968346761411293 44 30
617409425260572632 7 8
888053482627440237 66 77
362035145484533929 31 21
677217453520922875 84 28
664268084866565903 26 29
155365755497320117 56 105
405696389668372403 90 110
909427776488768139 79 40
660210222831556273 91 94
601567201225132735 94 81
809005176233282723 17 12
95828768177515421 86 47
217108620335865395 100 102
311559231408771619 64 47
615630348694161699 21 103
342517230991636573 38 80
781082544726627138 66 55
988513502316897475 92 33
188834497980140668 15 22
859749642459006402 111 72
282780562077635955 21 25
270750463435332300 119 94
922615336336654420 8 68
215769268430287746 4 94
455470005275860897 10 98
979057523394801427 60 84
644839529135645174 53 63
417679793979130848 53 61
560853810095492753 31 30
434467896301414423 75 92
800253797032479718 76 34
96359549874592421 17 97
591494869778432305 46 71
527002652581236416 110 73
583652105276481562 4 81
880048217497334359 43 38
904356867824141286 20 2
504941056684888715 78 2
744322599475101129 4 103
512614061328742418 105 2
24040173632621331 40 114
338185317658416309 52 118
745945630369856885 45 114
607689123901945597 105 14
873474243562283503 77 56
623740170778063835 47 70
267888882825791135 69 5
715943759571426561 28 67
645825877315140582 74 50
5237584271987623 6 100
650920428868945728 28 38
189328688703011309 80 52
361960659908404214 28 15
60112424176406817 22 76
675052898445807853 20 106
203327090910743748 109 9
423505575824901354 94 26
387716407130664135 68 105
642678811980460581 24 69
532924614047136363 116 40
825664348071043438 32 58
695521612917793974 93 102
915933534014846660 77 109
660871996413975727 36 17
771953694441388982 22 12
819354971012379322 69 3
66944718225894383 76 4
824664225337906088 23 31
640538526160366390 51 106
236552510729960360 106 37
806286873035698620 17 59
808109114231644129 112 5
945101477344467275 67 74
423536298374891171 102 12
12548957296127408 70 7
105567709893933842 42 15
359040387467494049 14 27
35872915326409127 53 104
688302869997847821 14 109
359896230996997313 111 108
748391935137594399 104 13
601861291772217557 36 7
23588316349026498 26 21
471423355336402274 50 108
40187653902298775 80 97
321733992915307586 76 3
845476028428885260 49 90
254181445347850572 119 86
717911292466410762 58 3
620976243176042311 104 9
121630868371312055 0 58
942018507050819703 38 36
400435775192417825 47 47
305359919017934852 117 62
530619212943420242 37 27
438847393925948296 118 71
140246885113636982 17 32
392157952384789887 115 55
735693547920209609 97 94
408474723756206745 45 27
547895752653193994 88 44
590389360920931494 108 92
539416603959494719 36 111
383875233774093204 87 19
30766066117139316 23 53
210799678904342278 101 7
215458587660089552 72 84
695365584673647924 106 23
145308257180589976 114 88
661612614806491116 17 3
583905985521572274 4 48
422609955476438513 67 8
921757597780094292 102 47
545580321504258401 3 115
153537731846318532 79 32
50484209950879422 27 89
55776466257349449 46 24
291042250409038979 23 53
535683933346528527 15 50
346076691311804336 60 71
193151673647326593 2 1
342113707024956312 108 95
158371328531763013 43 1
415825298071372560 82 4
48907602712095326 64 98
2355616878155807 44 118
792326779977767925 34 29
94984678480125846 81 40
145381084898282490 55 82
59814618743689398 58 100
710196730267001467 92 107
829508654923952389 15 55
729655049966396235 97 90
338860214847047729 93 60
466996519864924603 84 71
776755944755646996 23 76
46880502838696210 71 103
427438659466211271 115 87
400417038883657208 80 57
53101726472184546 25 56
859157300032545070 78 106
593285251310020142 47 47
800752008712817204 16 57
87380004139878686 110 8
743568578959985899 61 12
785497863969927737 21 87
149565647852886262 74 40
504824667061801089 72 69
9776137534287495 14 48
487273982307168671 84 28
70734013853174104 38 119
223412921101310474 88 96
215571559533046769 22 59
156407589697609409 8 90
943501044704452305 3 38
387250194380474989 55 77
143936740170636333 118 90
165086380572216284 26 116
487548697536588185 103 59
228427381266265167 29 66
748346198687052269 41 86
715344051067037538 20 1
318021220269910211 1 90
939313665693763364 0 26
898228034241199665 6 59
811039148765304699 55 22
580956122960862873 116 38
809661110552656188 40 75
662462572412638548 47 118
852666774398102155 91 112
8420022959736152 75 36
888568717458925930 62 113
178920469616438720 115 39
483019948771703338 105 69
994136116972517371 113 20
375275860328445976 49 61
472503712961827058 17 54
249844205858698109 70 64
404753304877477124 32 49
661911518942695941 113 5
187523860022733037 55 81
531026238619051810 21 90
379433101084705002 61 64
542495050379378940 72 103
972996634170948235 112 32
907583198624495715 101 51
617359520571465892 11 34
494051808981355008 96 7
952216416438992734 2 45
510304071399094738 24 97
8936433555220406 99 107
311948250580599808 42 82
676873120486067044 97 96
272328856193140625 37 4
561390121696613411 36 92
39821346631233239 104 11
450476870985701258 73 47
825983704611851844 109 41
960198677428973542 35 13
556632769096254589 113 41
3233287956852932 63 2
209897055072437639 26 74
338471632289535235 6 101
395414538585761435 47 11
371407456368616124 26 16
591159597869978190 25 69
947352143267874352 77 14
178678831875363721 102 23
40903882464934253 42 1
170709950843016399 50 103
117507879281118650 53 46
947058973949982702 49 109
580256779589867738 2 68
155915481327317710 113 102
590859508837427153 90 31
321690204366830171 36 77
742684490866243157 1 111
825243479733017750 34 92
85486411354976700 75 99
259363361469178242 69 100
102790374066195638 96 116
715215100970309835 92 78
905755794655271090 106 84
379440875007640879 2 95
851480649900702526 8 44
872307890706414432 76 99
702013288145026393 73 16
740056864568384844 103 67
379672774609762891 66 114
93635794201737843 3 109
574876112198686100 40 68
380334136920488265 96 31
952401645759699957 65 62
264791612606538977 78 44
991431231592477688 94 53
534064007219518401 57 77
86266230542010495 13 78
37543569027864921 48 118
431834012163969754 110 116
754675238206080801 69 58
81991644587797853 107 64
858159049113455551 67 0
303140922286673187 101 20
57310688556389842 103 100
6155019895788612 15 10
616457204144180925 113 16
464935532179234973 51 80
4236641209539087 47 99
529798147938867172 90 114
53227304763318719 41 32
167311992782507498 76 35
363186285218551615 43 102
386416453205418455 20 28
976476379457208395 54 21
337781675339754838 88 64
348960179790718693 35 35
171299737987390427 29 33
352749632492249848 106 69
16311875078477938 20 39
583201044700417213 9 103
632773278864201787 40 15
263897462018272845 101 29
284823517472273936 22 62
574545994999358926 71 50
149701465189778526 9 58
179337699612910326 114 49
717617645253633603 116 0
363511582049157813 38 34
488940072444424529 63 1
553224291130934732 108 58
237575481230319690 0 112
882661852703411662 52 99
346903903066901640 58 10
412825715054329919 118 46
541438742028550020 35 71
358477114650646494 8 78
45545361202732771 61 37
624974243005748986 17 27
430768877888590336 50 95
63882591976134473 62 48
529792232827223076 45 63
374877521455545085 18 110
620260595358820506 40 16
141054106554380481 16 50
494585730377150881 10 25
807275718212907176 14 37
458226015974826604 114 85
655743453679281294 51 16
774840389995059019 93 27
148791522283633264 113 71
213397614315252095 72 26
168662823820171660 33 51
601428903715397688 108 1
725549692423865185 119 31
267670888687613529 76 108
109341498237114918 12 98
19964924978696696 75 17
367021862689554317 22 111
776582497673796307 43 59
52332403767799064 71 67
263748135467115525 75 115
498902299013531622 4 24
629291012039935784 75 0
292956395796112604 64 93
516287390379289036 117 11
671083760212879198 64 42
631845480500382943 112 84
993929401015376263 51 92
92249679698290802 10 88
135052670809884465 83 108
795939339823616707 45 58
236429609218797531 17 52
137200673662313991 113 21
757130378636117855 118 5
304349309630402771 28 19
273304575800538771 0 13
669944907796043474 1 115
463554025745381520 112 98
155665315791405155 86 84
951639418866082806 106 105
907958125812526607 2 99
773325145961400665 43 18
840732347366049294 0 83
829933905429031908 13 108
66588832193931566 44 107
368952358153823003 12 94
175330747986599680 87 114
737509306387288105 118 82
864329884363008151 11 70
243870439950979560 17 92
133432848376034140 105 24
317401831886958015 19 79
952308728008388328 100 13
788253149768025788 31 61
124532421103511506 113 57
410392557709159856 114 99
405913945127155017 5 55
853344413450260057 67 87
962397401303485293 84 27
452965030817390603 26 54
75165063214552616 78 47
774286575710820929 52 105
277529923607692331 91 105
151670106831866696 12 109
81838741937546655 46 74
209302657933900128 119 92
944694722605734959 6 7
605071481306868727 90 12
525765948398757885 97 27
959930749281205323 76 108
378574736625416567 103 34
97931118582003170 86 37
111804685477850564 65 41
888100589871309687 45 84
616472584214481688 82 12
30746055154400733 56 21
307673126070025093 84 39
953357773191962230 77 10
334769903629696899 20 74
893310551703524615 71 69
49876860439655287 13 99
316642970683256688 107 113
638520986056788316 96 110
513845901814705872 34 47
172639459080299152 59 69
369974945203093665 54 14
663320512423687995 88 44
673015776630386202 10 97
643394303384567979 118 92
146031058437571455 96 84
963124533351673069 88 33
61650441120593623 66 80
150417481567915902 38 31
600399737197136449 91 57
306206924945460876 9 18
733245723594800137 57 70
107794035557865127 43 0
202753446169438709 115 68
493125389933315657 56 78
341808871214933049 34 86
378164707298275171 82 107
579018621860506494 37 44
428952368449139924 93 23
985018352410949963 108 113
43147748025042610 38 118
21085746052519357 18 0
786200253779665191 28 52
433628846468202219 8 30
685886192100232029 89 53
234709760843364235 79 47
565910474394001102 69 115
387089489383598622 59 49
75608960851359685 119 36
778920738559186115 97 97
228006990265121403 80 11
916718157412643064 31 97
687558884401778962 18 103
961970034545869160 0 79
886576671910026535 89 3
820543494400351062 79 56
594179291206062115 34 119
819287789036908741 6 39
753716093677451485 73 10
309698171522571216 22 28
624237554238419297 84 83
460228533464568691 30 7
173331731599069608 106 41
647048669067170201 11 51
334209316526014677 48 67
282939702502086963 83 17
610553243408185511 79 102
735096004797957218 52 16
116141468501928094 79 1
808537992916872711 107 50
290361242459794378 70 99
624725630362780842 75 70
646160144281276896 40 36
536200980020958389 83 7
461049540300560645 105 81
102922177111604573 99 2
215377193795589733 55 75
37477900528327826 109 110
867329325573837434 40 94
649787448520206237 68 99
809296345764066105 51 70
891997393691788392 8 97
804126021831985560 85 116
179044264684825911 114 110
972163395351136555 112 39
255342859062342271 0 111
679494488698137699 77 80
910522583928646110 110 41
34455353488363013 78 56
970051247432637718 62 91
483533719110979196 118 45
745259649713644643 90 38
917314513042218629 74 10
237328471140669328 40 102
118596742144883524 67 75
442641859042210039 30 92
481801218740604928 34 38
564600653344707957 66 61
556355750458577851 53 8
140675071808446635 79 117
67880087788430996 41 86
281750007518182065 32 21
30255489371608980 45 81
343313221734368679 112 87
388226128251612860 86 59
563113395391092005 97 96
186585222145126883 56 111
487437145688578616 29 62
255328477823413929 67 67
375192282649355283 6 41
628714778795629939 70 4
439177994481148869 82 28
322411000887805462 110 44
361212219377328050 113 3
434871290503524329 5 8
716915506205880255 63 69
939513344241847437 44 99
384542496817065218 24 2
241489478519453038 83 45
512615161786858988 73 117
949191237524860548 109 69
797377615795355402 103 99
906278055814905010 87 57
976592662144742690 67 29
215488533152785499 45 32
334854008375760701 74 102
774332202186567310 83 35
191957853666367246 37 19
683101480035502989 46 38
838011229847687148 38 52
779183406547339798 105 77
282253687824204506 68 95
403418314752066704 8 56
424653691266573899 33 51
429023212359213603 10 39
500081212428180618 66 47
30244767833125984 0 64
953408680662085552 91 26
4018412751366727 100 113
443320345918945495 40 105
867772631969331503 97 65
465243368682735165 22 52
540993162970791711 87 68
735538822080863466 69 3
452011561976128745 115 6
959985894916803048 61 54
288846098223737100 1 82
459891576658488864 108 108
310610515748915149 0 3
686480942640197039 84 90
976900062931184417 49 15
946728699589379197 10 104
668398027036668042 68 89
95771228324134725 98 99
485078353608455100 76 37
900253785840464330 97 11
66917580316969709 48 51
797257041098533955 62 57
994064340786416003 51 48
919516177586303068 91 39
522162845202441838 45 73
545686682524670737 64 1
18612811297353041 61 33
932040437927360266 62 53
309566021890001240 65 101
913931446518374166 60 88
66657537835577486 22 46
986951359498807026 66 103
862444555161572784 68 53
960888835945707592 11 38
584845486314924784 27 68
817362475032149310 99 117
164207073176511172 79 75
800344469752953873 113 72
201950231447197171 117 37
921265694600695314 115 39
31056767753224999 118 98
952844853200313246 10 25
666275697524979647 60 80
87786915163957745 59 91
441445991755334588 36 40
372917496075461288 74 111
823113045357143991 58 71
158594566069604200 90 91
762824414045264019 14 72
91239062197057079 31 19
45479692906095526 112 78
196071862233134141 23 91
179486099077079912 58 36
309375090991729560 56 3
435771787529889038 110 85
260071362990046740 14 42
832852058693805873 110 0
64278271599905335 78 10
421859015479227764 39 116
401953483329982891 33 43
833965809419603268 99 113
248664260005861630 112 87
113483090980612878 26 29
974045098723656009 40 112
829429693574279243 42 29
297867163285700385 81 47
162343421564436947 33 52
679276767366330567 108 57
413127340449583789 79 60
306760817275108035 2 106
753452202864438028 36 16
435772428334302262 81 90
634930328477156210 95 15
687967003552605396 45 118
725201218392701363 4 71
715683700497981193 59 0
849854965784137554 5 63
363447911861519572 53 52
596814340474834536 29 36
709802820602611902 105 19
761111398666466841 79 51
236908185020850991 41 65
861441544722059324 16 37
697122311977903433 49 26
740270102451940990 113 37
610583494867921521 46 17
211438284792259520 23 53
915366968674913415 42 75
314740309686916295 99 73
484377600593944468 22 12
204982150064748858 46 70
1455433710506205 114 17
981997077277462563 116 91
825276536851152955 34 86
214119232037180224 15 96
255250627580029890 78 7
325682794006835176 5 108
823594184244817856 2 91
338145511088295062 7 70
444934986639808400 104 76
589139546594487659 47 96
244794194516471321 58 83
695781930644843683 24 60
11860661686790249 76 55
571106253259013702 2 80
426820632970244872 104 117
799417309888443704 30 118
382300069400214828 103 46
215653833090206766 52 63
221554828219585317 16 56
179179182514259353 95 16
286269679468764023 6 99
236303701797558244 29 73
744355987080045142 15 5
654022580954937766 85 101
366641948607106630 51 64
137960107022248946 68 106
933996250544857627 49 13
535808869388457088 20 8
931193172548616671 28 63
271533977136807131 97 117
726210039400007504 105 65
439820225180364526 3 88
269012297392140937 39 71
270558408416737424 58 50
978423931403402460 71 79
799984129489770237 14 116
94719268621308617 60 119
565225320972342185 109 25
454228590157227030 47 117
248657487281539579 91 12
831163639741893330 44 85
184867482777943205 56 13
855358626657314508 77 70
253319443491180293 65 80
456450463443306686 53 114
728883267530954672 105 70
105221590543402290 113 111
938101917776770455 94 70
45337914653113523 101 109
437001138875648701 88 5
900256647846096234 83 9
811264026752909096 22 117
142068674677319050 79 41
656404267303163233 119 47
623114389669232068 113 50
36273139665742010 84 76
237273726981914089 27 83
508577229104161323 74 65
458339612585708418 109 34
234103581683212464 12 72
375759327518491295 45 40
499142208370343482 74 83
641460174723395496 9 91
336919202153765423 18 27
224341132728030380 6 65
216218071815989803 42 107
843472662977821422 115 25
93559128503814483 22 103
292679794895180714 110 48
136123996165281613 82 84
270793128044910903 91 61
223509144029267823 88 22
923738585369864173 12 48
920903479959282978 108 13
889229767735347263 44 12
648905920319924385 82 91
884485151467527654 62 20
150894432634412115 72 11
318628425241444529 3 81
671871273750736029 29 65
139181280433223788 24 85
239354182047162700 106 28
879412847159335722 12 19
628947682141444059 17 107
386171284356490768 61 28
832517749510350588 87 86
555991757690093490 119 25
751019132602845291 60 118
519888380674417204 102 93
591321932804954090 50 2
227946214218831977 114 49
792337292918444915 61 40
330364340279027590 77 45
885450280138980589 14 20
395904072992500797 76 50
186593881302579796 18 107
77752448300937490 16 86
522842798243579840 92 21
887537380239109613 9 51
576623822813846973 1 34
490344862706295181 105 73
476529163506869273 76 103
939164651706917628 106 50
670439894132964194 7 17
587472569011250021 78 85
499952720192908014 92 51
586956241068741247 45 85
875984289217527224 56 73
31691139355137327 26 70
389185986889092442 71 67
213022233137455897 78 110
627425014806800738 18 36
603181490470343947 30 67
284379357502108473 40 116
158919682354746575 53 31
43100029893553950 118 24
691530043539395504 62 109
364163621244944111 5 3
959737012528730289 0 5
56618029970506785 46 30
244889192885198576 81 99
813822043436974768 74 38
777703482589714198 53 43
42300629038665654 55 14
207516602293488465 104 28
971425231372146969 83 65
741441186840407705 87 49
30947772075699539 33 14
352365912506271008 3 115
486078538281464957 105 103
810915605439555191 13 110
147641919646550406 119 112
919048699099945597 65 118
335161432421933437 107 42
556904967060354421 81 104
241869739288295212 17 15
990205887817330692 25 48
907499135975964655 5 81
427705438072492305 112 99
907467455601805303 117 61
627130100645240120 109 37
297083623918170070 13 55
528670783824381753 102 6
999365008270996508 29 31
269488588249182315 55 103
358560290409946536 87 96
796906397183719528 8 41
581551759303051893 33 72
253086183184990176 91 52
815430099828907075 61 61
205296877928663212 18 99
147937407138930118 66 1
998471120718332847 14 116
906657758949306908 77 43
139069042498755513 116 118
833809101334139517 66 15
932604579390258296 9 31
135268854113351713 87 75
537014470205067342 55 112
941046951409591508 7 113
648133877517183955 73 54
918609469985607412 68 29
789234292242712340 38 61
942807208234143738 100 101
743302981796841962 105 69
833241255394433738 6 89
944359639427191903 93 92
228180866609385607 41 109
56233062019743046 4 50
721653257543869724 19 77
712207563602688961 106 59
961075791093560868 14 39
850491848267035309 46 17
877149219196924276 15 82
598237886520455988 117 113
306274605749674293 55 96
269854757949328679 0 98
459651247620461790 115 44
870651565081159915 21 47
520496854670455802 41 38
632736069081343364 102 46
484333932166969851 102 48
468045262026698461 10 31
663644897141998840 33 88
7715788442348616 5 29
669727753880528638 23 39
967840554414018124 60 68
455169820807621789 85 8
963024697592684043 84 20
345125240288998643 16 21
813093432559223804 42 36
48610824184128842 109 108
856327262013136448 70 65
813343464883205343 106 108
353223197273041393 91 114
648160283286387342 52 83
251658570120776938 25 28
964665047679325668 11 37
423862337178787997 33 29
464373018354081489 76 112
225800282242530479 96 45
881047206956286095 61 91
874931122922090025 72 49
2059716488920301 3 57
331494535012007980 51 43
996604217856684102 110 86
99934728248042923 58 40
872635808041923103 70 64
385609966996720389 69 108
197853633235358789 25 82
502707785015288743 84 42
830280582587577962 114 26
323943487300561654 58 66
451375953666896492 100 29
348737828795591752 111 97
394667149072981919 39 56
106471878382807058 8 97
647354998765262679 18 51
48419029635413580 51 50
445558584158130850 50 61
407363844727844398 65 42
794147561066622130 116 51
477708514474673701 21 27
214041982805780033 20 33
720922615333156153 106 82
796906349153636468 118 96
735977320249127533 35 44
885001684149829742 1 113
767693042837203803 15 20
36244939128888245 86 1
870306008145488666 78 36
760651869895899657 65 108
485958118843680113 97 92
286024227546037124 7 85
15778055513135957 111 10
681967104707443758 76 64
830696699113244622 119 1
91036005260196186 80 4
54331573136514983 71 113
27636674158226371 90 67
971434833692136171 81 115
885024396585432776 92 16
701884685610261466 76 104
225479470743275315 15 75
919590114008438337 28 88
144931032156137643 33 77
442322028375284281 80 102
428119684091766451 83 39
347446878259399713 48 79
288212214530442745 67 15
959600296233002001 23 117
107906636508915560 44 48
509816928323509295 22 112
13170572363830806 5 117
662871256494136413 109 87
884257551356676606 32 27
449474977804264197 40 44
28638711385736841 50 70
535968896712567375 51 87
676977557567572160 104 31
955166954356973614 83 29
386346817168987114 114 106
867785601780074876 10 103
112506558003374243 68 104
469287864092242012 64 69
893719723469073013 40 23
694785346460605913 63 28
606916760503338907 71 102
644185017355725972 55 67
737427565488384900 86 106
897560539489115351 48 30
124497443908786752 97 41
876748772589639479 69 102
982559359503469090 114 43
214720540112076294 109 117
822928057034812361 29 119
503880632255170227 8 86
291674126643693900 41 62
496953439662121488 86 117
217742886600777277 9 85
358950576941212769 102 50
375007704853169234 68 63
743700414492342099 89 82
856361646263226732 24 89
469759642015078606 98 34
410813959758825706 107 101
629966633478657692 38 37
792736632857938702 17 61
238168504601116242 109 58
890247102192413691 84 25
907632070873998219 77 110
908812324996278945 34 30
931569829831709682 56 39
841722075158056049 30 76
747444199219837617 88 72
12782251918620218 38 72
358969797215307755 4 101
796233043012858594 70 68
674667185694264013 1 52
470808662772966191 86 17
767495465819207455 23 52
518001993416827190 108 69
739695546313009454 59 18
161316854408402970 79 116
186315045607055842 47 46
249539919275452630 46 114
738449146945054092 107 48
91047817183007009 98 94
382266617042201393 85 7
292568567662978353 79 84
78753923143951969 4 114
487914899560388437 96 90
927691809053571426 62 117
730746326660284249 7 33
349817798586722127 9 87
27103225777169667 106 87
572451619614356479 109 15
396284261724723037 47 54
668981395440902761 82 86
514029240780563898 3 58
389015594766481269 101 105
355146590101538618 85 85
785038923640587943 28 116
18343014008386995 87 5
178372849128515934 97 78
377727769204256267 112 38
696788230036163459 108 112
699108122646739325 68 118
289873627626481802 114 2
706177176715776168 66 70
98536763268005922 116 72
73780250624107282 110 22
414489192505642679 4 86
277752435928402687 24 30
351979994205778099 55 24
681389166695246177 105 21
899376940739834594 69 108
633611667905663806 62 78
774036966811149057 100 87
979067810005153460 41 46
433419976241774693 36 34
239270457351707414 62 116
670757283269679129 18 107
376897262065892239 115 56
463204573649180780 104 108
741310094285028076 14 96
760104093482690732 23 74
535396647746520810 3 78
657007672253672192 33 3
909006153010670742 31 42
737423851023529709 89 30
979216470203252368 95 12
489038804535973034 18 77
757505506443230330 43 11
925345369359648942 32 106
822365905445051347 19 49
585717827704493432 41 34
468478920282462746 45 35
190489248240274290 105 39
961188832113126140 12 47
1459498290230180 17 89
543247076334416737 89 75
980150515070328058 32 27
135704879500007239 87 52
828784179320087182 111 41
630935422074670949 100 18
719996475293009607 44 13
450299280316651237 65 105
369063238496881515 41 6
406330373562605912 72 91
370350196533435663 49 46
594594249540246004 12 118
684390989499570028 73 32
921404391427831186 24 54
923457113489796408 89 84
902824792087746799 79 85
205341947865703590 29 69
771549796118240076 40 99
892501033622061997 37 77
272260103167582349 39 80
694870050529337754 111 31
623571204954131339 108 52
319524379602446568 105 101
181064464953792657 119 107
466442656002782805 1 69
7406918850233024 99 72
573946171148912562 59 28
332008435977571192 1 86
154236632751386019 104 28
109658609573635028 28 83
608612710218284574 114 98
24942161719471578 16 110
164097261211769393 48 64
735300944699836459 66 81
361988234088475709 53 35
170434752413201785 83 79
271025716251249677 31 80
453858286403704594 117 15
678419757044695767 4 61
969665446152703339 3 103
233594945561363494 118 49
649799580986870341 98 118
80897822193491940 68 0
943943304592163150 81 99
93055771349128944 23 20
881606791937699416 108 12
331547886023338975 16 69
226626794725775854 104 83
298346018931493475 92 39
917973745798452669 46 59
65290649742649975 84 19
340502426105636788 84 32
523688591428647758 55 52
597657298251006690 88 11
761015177461147795 58 38
448031931045383988 99 13
20254150460116490 117 70
911451611748692454 68 99
441132128659327714 33 35
375179322577487608 49 80
429477444967766701 54 58
798466159949092449 39 36
825587653747793860 25 40
379642317890421321 13 68
85395272464955681 48 68
489035560134786134 25 98
757885424265714536 49 14
819687615562484836 5 55
877599756673903171 11 39
383036700744210408 30 13
623593869005563168 93 28
245725841962279468 8 103
933628208713823999 40 66
510948756982795778 92 49
375215535254059571 9 119
36490826292976555 26 110
913020870677872303 107 88
178063799334303776 96 37
375593417912998502 97 114
379804816489713023 62 80
251100360223126200 67 83
92338078335430256 100 13
533678488546402291 54 66
354075705108485901 68 62
786177614702446318 81 99
673887780097449791 9 56
335294745418240713 21 95
96250373594159617 61 97
200930959896030669 78 35
993332917851873907 25 110
270528493967297534 67 31
136033771517237597 100 78
238253708509438324 92 31
920479954847955092 105 56
758812387416832362 17 89
272587488790149004 17 32
732670264222422955 10 62
920921258725857211 46 47
863423446366475360 7 46
224947656725384417 79 15
741844502558538926 44 16
439702204819838648 81 114
795201311698381908 72 104
76135198720951586 0 19
439727460867123065 53 108
717622407352637196 8 110
932585382465344737 95 76
95727544310350888 55 76
302361895493685033 14 103
321557745741797521 45 93
577129366126697559 100 16
373506703102784189 0 27
422387343120829654 46 79
811708687339928376 56 91
202032569557831911 72 39
867515078779530473 101 1
644556348488171990 106 80
627231522899077734 105 58
464756848174165609 35 72
836024202415162863 99 27
716286514002953771 44 25
456479427289393027 94 16
988574991317273665 118 41
646844691882870251 61 4
457684792480759292 36 113
644755123289706948 69 9
415604144411070294 85 114
918610040887729543 18 102
547324102532273083 115 95
301321728674784025 61 101
366824895555570608 92 46
210423034087927691 13 97
821492980123938895 47 28
597557672004120243 118 112
41333228101111166 71 77
276344339863686111 89 79
272344712237900659 108 61
101582077697696782 39 25
24162386452632807 31 35
680440082208113824 81 63
996442241460940361 39 84
44746812149367574 25 75
585140187307899172 9 96
847988042632696381 77 88
2124862801401821 33 103
399272168564380644 48 51
586526622478439154 59 96
974034699466428217 85 50
296627674615492938 34 69
474194794721423460 59 116
656622351047596698 107 45
753759675072398679 65 92
130160819077211030 92 5
31059391790477430 104 47
575199635409465855 36 119
623477498310684667 85 31
433751393964688396 88 62
210745785600690675 81 100
163269476721964376 110 43
411570968138958174 108 119
221354582130478012 54 33
598097351366293466 71 31
488013820961171944 15 64
352706136340419951 75 15
419542276899101388 23 36
197695273847918724 28 52
782179372611311570 23 112
858060374795007733 5 38
164955693903257843 24 35
265119042313158488 82 35
333677280449506045 53 60
444342310887892780 31 79
191444386172558032 25 52
677454532712510045 6 77
422852987354148023 22 112
797378105533136349 35 74
866419577050937315 46 66
701624566400685155 45 24
166522415486484128 45 46
557367677457948026 1 1
694135208228160558 66 24
706258840369331472 95 49
142713067311520515 35 67
298961471867930424 89 82
734992375830752500 53 48
333353735356245204 89 38
550578382575219620 15 49
948913616685579997 19 41
338171985594191169 8 34
201754820017713353 59 100
598499343232198077 70 23
626463028925812244 75 51
232835399530039407 86 51
749654638500194740 116 35
622190022043402637 6 85
575708525044817127 100 55
782767623577599311 48 8
659435953330538683 48 33
770820512873449308 32 32
500683526392856105 10 12
603941309609248920 97 75
541416217745557411 32 41
67887985637957795 50 118
262399581564166471 66 35
778858365986811635 3 55
626174112875384837 116 63
440713421805212955 6 49
667982214478552483 20 44
590100419069392687 57 52
396691705697196513 72 70
942174214936193628 17 20
926093122122222031 4 18
847554516380546319 4 119
453530986505675566 43 37
947078582856653126 5 50
99661312511086094 44 18
830687758547141047 47 85
326840109187836656 24 102
834396200211406351 14 117
296459071578174563 109 3
515387273307424503 61 73
421376601220997066 14 77
478249416585375338 92 4
459745963440427049 8 44
502631315259940753 52 84
285297728039471778 1 11
861305646934209588 102 82
119198430840717816 97 31
815425764730067591 111 69
90098564511412847 24 28
149339169808898000 37 106
343357860460142275 96 48
430835746061053367 10 26
349448810335890195 55 76
217294470050702461 103 31
367094142266577365 74 43
696715453544010901 16 91
46615899834556320 108 29
144609354744670747 3 99
472567523230417001 38 79
394456476863516871 113 28
994110807954581487 21 29
275782324016523020 90 82
909390494816196920 48 71
459756220869441385 33 47
233621772193310549 50 43
901443235441501075 84 107
241177538144476031 92 114
33484492321701234 18 19
9891619906038116 109 105
829629616953303836 71 83
828931226232325762 15 76
274938281305243615 68 119
315187368361089151 79 62
351493910086900402 92 12
246552872082322551 82 35
980161061744241835 7 48
35061618839255211 119 52
477785403939886083 18 13
68520171813664715 49 107
906671805768940795 13 91
543477725055754186 46 4
629059755861560961 38 43
187544883676516228 39 15
547428761452689739 17 80
966499498336944817 28 33
839311496739137045 64 34
723443637251543421 35 20
517715750490119944 112 103
952335396316020344 10 107
135856785376899560 82 104
745361663622327007 80 96
444663382741387290 2 77
982239873886392717 58 81
12348160670462260 25 81
379735338126411127 75 61
972221333396998469 84 23
266729981363385553 44 106
373535666194978721 45 54
641572152164368631 52 36
957959735001835249 23 0
25845348181152701 107 99
893391318063226928 66 43
670695581032815688 37 25
315666405062168495 55 69
232677776942917953 28 36
450867640895564536 107 54
430763516322107076 77 46
666696481923971038 101 72
176023423176645089 2 90
144002627221787583 4 73
581967108021143824 89 111
146489455631195550 87 108
82493594728348194 30 68
432086825270185718 0 73
332610832878481095 100 109
353745924912293452 51 110
133732040914490624 69 82
770682939306647065 111 30
823829167805271491 35 4
155697901958459539 102 54
842223275304026515 54 115
609513797596158889 15 102
905695735568570698 109 101
280897515553792021 1 114
299807935653749549 71 59
868912831137856227 58 22
538803539080950200 91 118
578251791210097781 32 49
543395421949400598 69 54
688866472098513299 105 64
486480832701509526 21 0
641029475623702182 56 86
558320763416534154 58 83
668870835664906287 113 71
495073315654919180 91 16
484394957307037768 24 11
520183082470979293 65 64
687746655613141533 42 48
996306804939924547 24 81
613174311054978143 9 68
223976905832955479 118 73
995394934246045456 96 117
561668211838501548 75 35
865633853004750006 29 66
171765363820614215 47 63
245340237317070268 1 8
789018963164262525 35 59
807234424436495139 85 63
663275273924948985 69 29
153935253610683679 78 41
868013969172158635 54 82
477516570686218344 73 89
592470606875850240 42 13
223035661778814227 27 81
387863744679156184 62 7
499359160046122224 1 80
297699432174106896 15 15
990025175376993803 20 93
98070263799790089 27 18
872874011787640889 57 49
199029173866383006 3 21
732649834435942243 112 104
154777795977068351 71 96
746278984198582284 53 64
315694710509998405 118 66
852936757043543036 82 105
724288710088388266 69 81
930067246755326243 36 70
857981750992533045 91 91
50983603643287236 93 118
568994897105552371 14 51
389290741376085091 8 13
372357590491738077 33 59
726391033199174318 11 67
28849740411694274 74 119
535175467168252359 8 47
2665550569666636 110 98
256214219338366606 1 37
409040977342820644 30 22
863096984525364560 6 98
142127239917689339 86 100
236017976064230765 117 57
490743643528468236 75 77
975001828150096573 18 0
717795472887234505 84 94
757024705097627352 74 106
213785252809221823 38 100
587236063407532568 79 66
17988400761819513 38 104
513899689585934039 11 103
733376061878556469 46 8
66750234411407645 85 81
726676141936563317 53 117
461029034278723443 88 96
753947816613962860 106 7
499522027312652284 104 30
996194570064831149 67 88
284476017360388345 21 52
354486178149092647 100 100
928713177541531884 41 69
723845604732241071 119 115
61281096281842636 78 84
335345661091229348 53 67
660173755603490104 46 40
539929666077644644 2 21
342674173505094615 110 77
786090114816728604 10 117
386118044216765880 80 76
752746006541853492 85 12
827428980932847546 3 88
501109746034232037 77 2
445318901942527722 24 46
413038619916736160 88 77
54049214579985993 112 78
31008647076957418 40 39
732848925177122649 100 108
782459996968540962 91 32
674246728750089710 103 21
218552326530556447 36 6
148637468947029916 40 111
468534590125940520 8 115
378693762831798718 116 87
738069531037553111 41 93
238401032820886764 68 28
535692729893468313 70 28
316860123500091620 5 97
152791377621258269 12 54
687373520106481710 55 95
693356367856340199 59 49
826090050735956915 13 70
129051601100745339 82 5
543596915918736477 2 1
454582367921174256 87 6
555820950180818219 86 73
594320092316153466 3 80
591343242616124048 46 5
606544641456528873 17 15
503311154693425728 36 51
944228462396892765 65 116
516740534791433190 29 76
902273779639447970 34 108
467133652293940394 72 107
932392510826657838 0 76
633030639946747289 9 38
462896033434611136 1 91
334233628676206927 1 20
30871416905640372 81 37
773637511674503690 106 56
868001792661893003 22 84
571699621752754123 18 37
996395208307143877 105 14
961089321416523601 70 109
910227042721784195 58 9
927240606397515708 24 46
898444247841701034 4 7
467542799053229310 42 110
618937422659872135 111 12
44578001715817261 113 93
910477015169134086 58 93
499552354441374621 35 105
59952788841752626 70 10
235826262877989918 17 50
737250977880931305 117 74
628673483593568584 23 109
508582833387454295 104 88
610684285195547357 99 76
102291346153095340 105 79
463522425814990640 100 78
128855250244530135 98 100
98005770534798182 34 32
937053974570692978 29 92
151705440543369204 119 77
957582828576612866 24 30
147749647471985112 100 70
479181255524241718 118 10
529354356256711336 58 13
698575376370236184 39 110
919299088510867199 36 110
655677214976573250 93 58
536031174262979457 26 75
604126301764781262 54 54
229385306342798974 116 14
499470458286000568 92 27
546347653892060488 66 91
626159425423023358 0 82
20875643888570955 113 1
666027053768169822 89 29
763775575566898959 36 10
977235261834234170 119 21
686532929601897287 63 67
82944415915905649 22 33
527834170356189887 80 10
964045814816743959 39 44
220292995140818036 81 47
43548528177135770 61 13
272806734616036756 70 57
618406460840884617 35 55
1152840001673127 114 46
891210396286947406 15 16
23422137172400742 103 81
416465165963144808 61 59
409433061997460688 25 37
85151144908962155 56 9
235593935682618608 94 8
962010908718303431 75 70
327791492439384500 0 98
765849180670848548 68 91
93070948910250664 57 88
641972031087221572 109 116
472861075689256695 33 85
478437548375959146 114 9
121038758461739254 67 21
883792810889829612 112 62
953757638395861248 19 77
781612187762617193 113 84
362806543969330433 19 0
371468766487864470 36 62
405622642689126021 52 12
170122876607966833 40 102
503917034107110816 115 31
632316856361036504 82 97
810705786413971043 74 20
880117619226861204 118 111
269620594360965157 111 25
40546736843473766 113 70
390380232705410042 38 115
321310170233020165 84 12
391322901351933677 54 16
113547931712587038 114 76
488916850088345064 12 34
610059437347565374 101 47
764787073755789332 2 29
707234873377358387 85 25
180659852646886573 115 63
246537312732584554 13 49
281054260808576748 32 52
36129570654770624 9 115
185141557002556440 88 93
655252360049257849 74 93
272122683276500422 28 49
818129554891970314 113 42
35053597799168727 116 10
880290873643073482 39 116
688466720963224411 111 24
802717302389188252 9 97
167301422141475028 40 7
828137527826177806 33 119
30464648108415788 30 106
419334713959708690 116 81
395205010364506879 104 1
93017844495280646 58 44
991241206002132878 75 0
502076551761030113 75 106
70305993244532547 32 85
388916867593446520 88 9
741874270311901124 103 43
431022939606640488 76 117
739488534977593246 56 68
432376408583912514 53 11
597560437629914609 114 82
942753605190786686 62 48
741684363461063818 51 61
595364920391443844 118 85
900213158266886802 89 91
544123987461106809 95 50
190325169247897797 82 26
213656438500273415 67 84
712729108711022537 104 56
316884807308887776 38 63
876018954121023940 14 4
100962884486862629 119 85
327037744659936185 6 33
777542693768540270 89 25
200223990688505067 82 3
214575772219804978 12 56
65234832672726694 34 63
939512848767792055 68 97
535660746188793438 90 54
630095818415761479 7 74
915176090887496742 29 54
420286711858769510 39 60
740910736737939452 92 50
199718104790491534 60 28
739906476876630098 12 42
20195093331103123 83 22
14477793987642395 51 7
244273918285191553 81 6
941315364928806756 101 115
814737049017253276 44 42
892943118747867530 107 83
969908305735209574 12 80
153239139306593270 43 8
111572826782846010 70 102
240272478626021258 16 47
638457101251091961 87 87
535139131309224553 5 21
915513536279761106 0 21
25854841597667399 40 37
121526017754864268 49 86
697990226996995074 116 99
899188074181523939 79 46
927283057787264314 43 18
264693106649049779 38 65
306257385694120342 8 19
692683102673404466 63 92
876700252887739147 20 74
198676743380303077 41 113
153733305683265498 11 82
382176234741989694 91 34
792700448660668403 28 110
966675240329345586 5 70
90274055018180148 44 25
732169975167127255 16 8
444365327048428000 49 38
187562563297278033 80 30
54722483532424494 106 118
22468293668423014 111 72
221493728609811928 29 76
59611243553908771 112 117
682641412372143429 0 72
572624764618399502 20 14
627495998625951140 84 74
191036157486723247 63 52
712008576059348643 117 16
146574362756289712 29 6
493846554611853589 19 83
411427244764444886 88 53
895030451622203580 16 106
246301108875905516 37 75
764156089227936460 106 17
15592353726334487 19 50
814742345700108772 106 42
879550898858274084 59 38
421605932065343869 94 117
50084063468344497 34 52
611168906889768672 29 94
493150316171464101 77 7
343854290502227429 19 33
322528623707584516 55 96
490686568489308151 44 57
623969482825393682 91 20
606406700933703850 105 103
973370690605856522 95 117
365787332191770478 3 114
225128866610004492 30 99
420368779932676018 14 55
612334323793452528 38 118
287853349118335177 32 1
701075939632860928 90 10
504289383688858955 81 17
379630837376264357 102 44
45093676230819597 104 23
342589994879037089 103 37
232555423924815847 113 111
586397367120684064 107 10
701913916649109055 93 95
445573482251355846 81 92
153046946585006536 75 86
232687859515268033 72 28
742161908492837196 37 63
955174372331178367 67 41
369805305242026801 65 14
552762950348320794 63 72
228533064141560354 84 17
312755785249383479 0 90
146569845125315851 51 61
623924433477586220 11 19
329190645664475484 5 54
295001450251725075 63 18
79465562864494910 0 61
220719279822907348 108 63
223104354112073147 8 78
262518959151998542 102 17
739200414164730862 79 40
903461868114154235 48 60
919283283308725123 77 65
355294794258421187 92 64
413254386521989304 107 41
861337202793485787 51 24
975027429857880506 101 45
418031071139289508 69 57
661786135837090801 23 54
902860642409548177 92 44
279823836434287599 32 115
607961648173481625 78 39
356628698061226962 91 99
714946937475063488 92 70
649534019556511552 30 94
140374350280135615 72 52
322258866440997811 116 12
545483373043289639 38 2
823129970102050603 117 118
155854050449196532 30 80
442646152436239864 79 25
925454079149952358 30 74
21556408161342219 35 28
403275844629556130 66 95
789919938837265835 92 58
21137181807665679 73 111
482949965057470522 25 97
916293668437029910 47 84
455375684989235637 85 82
377219858308098475 11 103
810471444136437767 24 86
304422652342788507 112 33
907763026499947571 37 55
495179385126518351 99 15
235156444473574527 31 77
164911375125515329 23 27
442502208475961120 68 111
742125334021641823 13 70
468915890909675174 80 11
683524683652511446 58 1
529962972539972682 85 96
209093712914958376 93 81
698203596351019914 92 62
627755193228127973 70 32
36866529539865037 71 57
943715384433018236 69 93
675844581537632789 58 20
848182211878446471 54 34
976398247820744780 14 5
842856838586089663 118 44
695408130651487343 90 14
77080983485519874 17 116
182355126093648747 73 3
397580251839853271 102 85
580332217088129018 11 37
223946393775332709 92 4
365628885843472282 105 115
794435721654298506 23 111
534681553397302607 92 27
621378435593753427 70 119
97976119466262944 89 85
306829486292681678 25 83
376476023396619240 60 101
136566288667529295 106 105
657464188934418303 14 100
165004082154819925 118 59
65078785455260942 112 103
167072221890864385 105 88
649929464706187190 15 62
329742159811662091 12 84
617291374631557729 66 70
688380799529096392 111 54
988557867848760979 112 38
819644188325654750 84 41
479943091566525477 57 30
264326842732586006 111 15
852526605647287769 21 30
708462263966472016 31 10
855168556163822521 40 105
42011263638254637 13 35
176440200450485211 74 27
574172199561568355 109 111
251204334576254220 29 1
160454091281174650 76 76
54201061256271455 102 100
950248451657408396 89 94
985110875011202973 66 38
83993134692154154 70 101
816950942460078284 0 44
479866107817663757 68 104
614050378611368178 109 50
530689016851195071 106 51
352434961397501544 103 73
381628592053283866 84 29
527343478061205046 20 0
803842957044353245 48 65
162298562708795258 63 18
284282668139532627 15 11
364667783151290706 34 29
738784861628185300 78 110
610109119092692554 59 2
998072125876581875 104 40
808022872952402586 52 6
534876421540315602 80 3
334079305106387566 45 0
629259802434243253 103 115
863127278715903729 73 77
298436966897259558 61 19
646013658808404658 115 87
894157434836036163 34 4
752472200301052180 94 0
129522618339713718 94 6
389970501423672219 79 63
952497553662672956 1 26
190647167245439181 112 10
891999184832398272 117 110
255358927852875758 17 19
209045433087942222 22 58
766327836321751541 45 7
701944080800222125 57 45
751186454775574779 17 55
679610571843033840 39 32
884168701018947540 73 55
235660949013213216 40 78
511045694120660055 50 58
926215772911739562 117 13
299157894989987293 28 66
7439747341591033 93 90
58046310491955422 19 106
201999337558434500 94 108
488810692156368423 13 64
142257378126608254 17 21
519319421815940803 50 75
946960921869508827 111 66
740222963384940076 37 93
975430026584305962 25 70
507761469524895039 89 42
682769578502185810 57 113
430710678053000794 100 33
210123716771443975 21 105
768524274762742964 54 116
51868619275725994 85 53
683110433844318381 75 46
326367323246298382 47 26
310028082967075842 36 107
74343631703560215 38 62
316390783752168247 60 23
952156859878985663 61 74
27920386335724860 99 49
981660942384064231 47 114
848478045946142687 86 62
380486447105273922 66 15
23210381184931910 12 15
520605306146152875 110 3
647514872592750231 86 28
886592545597922477 110 39
935916241662949991 109 62
592541401974157798 99 54
356583261272487960 29 17
698074537664634446 103 34
71592410834198029 109 0
132041659726640338 110 94
549623465451144579 74 82
995799956219358013 61 62
714881555160887461 5 54
860395243978258606 93 15
246484512553810002 49 60
242489226618095117 3 15
343374847132133266 72 23
253147345259949420 50 17
23662345617774281 51 91
89417879186639513 0 21
800980101825187923 5 88
546200207831691577 62 72
419440808255453570 44 53
485905990649289521 95 69
820219648234118090 109 112
773177035366158249 45 38
560167688485313663 5 65
196836927001384794 52 60
45380085544529318 27 91
380662840143492943 86 101
527057226152285654 51 112
752855278043753082 36 41
469623873598129502 74 92
277950645373292873 19 41
152793811402514131 12 80
2908482109387725 87 69
4893311320922544 4 9
675947231022077900 100 43
440189603411551662 53 108
382682644797636235 104 11
466310179745678610 8 63
308078868942442926 35 112
335737918774372727 102 38
402980705252293996 1 15
746036063884666898 20 25
775250982691515886 88 11
533914750895768443 28 68
876827121600402857 37 30
165574377215718588 28 76
567264494750181679 102 114
816741276677789576 105 67
727651064319725023 23 59
809488140163401596 109 104
258348684664030531 50 11
854874276900944635 51 64
725542229858969233 30 79
363052448629992340 96 9
354339802360668107 25 118
349160008815678452 66 75
779611455414486839 58 71
986686717815090795 47 4
128901196655617865 47 26
518914157712273886 31 107
762815940154365004 83 45
722014095230731322 52 110
294663185296418735 45 12
544841411484422015 7 94
127282469637784271 60 66
459173661617930735 8 79
28679460270901682 109 82
462411256402573240 83 8
599689544844576151 24 21
291197370770203531 26 37
352807224451636923 45 75
441568920542024660 79 56
868001030052522087 48 89
972979021348097079 67 5
739437832584811711 59 114
188832216495618429 95 55
323593365619845244 107 79
158198804085723757 78 11
488072009307094702 2 36
907217506714651439 25 33
887346492455035367 107 83
696046065956585311 38 104
573351286378126322 94 12
473764932506542712 119 100
122564613465641098 113 23
635873234436769396 68 42
948246191288122097 105 31
892862665696530800 119 84
599257671897803397 68 73
616436077695471848 13 102
747321252457922276 70 78
966040650236850458 63 61
567191576136510774 6 14
935668863934322887 55 2
417286989735340586 62 60
474937127603398001 29 64
314267995268105078 86 56
708186815556479938 55 76
647497741403702028 84 18
302726838850817746 51 100
713749491882205138 68 72
386847969782187665 45 39
379774801887099101 96 20
437731080716432776 4 100
153916750833199081 89 40
512292461393442591 106 35
277938918100249397 113 58
645057195369740814 37 70
750338042287133155 109 85
446346012166301975 64 18
446855215133046286 104 0
521040315842159283 63 16
534757299160704304 83 82
752245724576777068 59 19
839881187072671626 90 74
192340541184997373 14 115
141241751512306423 85 57
460407265099887362 27 24
811950652161687485 61 105
501597746899603491 29 26
680759921494263792 4 77
367739277377240491 12 26
93088652242462750 99 68
257314564995724657 43 92
355040934194741142 36 35
477384565849161851 19 58
417377963177165766 50 77
831833278287914094 67 96
711890486583069010 54 69
206118707854621467 85 109
74708836707157339 18 33
10970786116328907 34 108
561610923599004620 31 81
280583469884603827 40 62
589428668335340553 74 29
253645960327915132 67 32
280615087917425853 46 12
417292317211877933 5 7
737856866202967105 49 25
452187360248206693 22 79
45857960312631108 76 46
893307716077951259 29 83
306614508194545896 86 14
437894322386939080 101 31
945484825070446497 6 7
311227817765186861 5 72
468832525065042993 11 14
817414216048211430 2 110
496320055028689697 18 47
257049484245018764 9 55
71822729224988626 84 114
962119019007768721 104 53
309076068084587589 6 110
617412323577745405 119 105
443754576020258063 58 21
352938718899233807 90 94
335255817547167214 67 98
552712588499978586 104 69
750572057172070225 75 11
786590586009618345 109 94
476926436377493520 29 93
423516600570584321 87 86
395981056949237883 86 118
779675488642342486 86 9
891206667973242129 11 24
91469566650080854 112 55
295656498015950281 47 63
895732871621835502 78 34
832784020902515413 68 30
85807899650658564 113 68
421486413131041897 83 60
290643481096434207 26 9
351819955092316857 36 35
842823269726966878 113 24
18045690222773031 77 75
69136213199691969 91 88
289504947274302519 92 103
67151232705475127 12 8
664676963469041455 107 71
773897147487249148 86 101
384336780368712944 99 29
351698909497065127 4 46
476155830363163539 76 93
435560288882063236 106 28
810647132007551550 70 86
353111910723513755 17 80
955129210305465677 109 115
669966943299598591 85 101
1773222257534412 8 34
811716483466298903 10 72
410995152081720766 65 104
889199822322787313 92 37
926361673937204792 91 22
657459758768560963 38 114
28262472816841968 77 77
904238713790491687 49 96
995723612005596582 59 102
947438595861994004 92 62
418029804917787264 51 111
835373084143457602 4 74
818342564321483338 47 61
330402677536249465 113 77
856156551094207010 38 19
233229605107097710 16 47
298339301554742242 71 57
656392161392853293 2 113
307696644212064858 3 64
275800837012890706 40 0
579460746162977321 5 1
82740906201120844 43 56
397135934398991901 105 51
676660829200210987 110 18
35978088289755703 100 97
342666529523693786 91 109
87395606953917122 64 13
635075434920659703 25 20
407326389014999924 26 15
691343190702352907 79 95
684899805307201335 54 55
98452250834168387 112 107
227052390601757480 90 82
890765336364754178 116 40
249081641149831907 81 97
63936441482087340 108 43
887925232853386929 20 111
765706304775484111 75 116
661545639836748866 7 75
685247248070175932 91 39
773005337084280795 79 114
43063171838266931 36 77
190165170004086500 4 27
228109905322446124 88 35
893013560659454417 113 34
161823798203379059 76 27
560249633712644983 97 55
641792035716206954 60 42
377664565910225182 28 93
143354878191444155 0 50
999556114910632853 55 53
174742050967656953 83 101
286267023113155847 91 56
761687822635118735 20 109
631819842711313327 37 21
29801927616270282 30 113
103814718810225141 101 78
378626924360459394 105 23
902506297769775275 80 62
803866763336087266 35 82
627047520629836598 6 78
771631608143763204 33 91
584509608954286783 41 39
517190830394232765 117 26
136679062314657035 10 28
780052844720754377 20 72
299400963982478010 16 30
493743650696434320 51 119
229010485269030430 22 102
943380617832471023 23 56
728646238034253752 100 24
778778079800822514 28 36
571030506693343079 94 80
72667251092972232 62 30
939302456857470985 72 113
197096315235502088 92 33
800256016342981027 102 118
212796288363599043 75 114
405334646659976611 113 19
616683186611050774 76 75
885322516565733404 73 39
746425443715271560 11 119
811094086966069887 2 72
258969251500977122 7 61
765944271518474092 49 58
795294833058021895 46 32
129420049054500022 20 40
646159439730759570 60 45
776316896450512704 99 20
757946373513183096 6 4
647648053878027588 60 75
716933385839685908 119 110
83120562502743326 65 88
21439307215340426 108 61
484235660864266528 44 83
951067522922739601 67 59
291329208748815425 23 95
217136312093865325 106 68
380378508965623033 86 42
139988998724737252 9 11
316109515345263758 117 12
165492436318661861 67 35
780837431618723988 19 10
699639509167245453 49 60
847609500744655698 12 7
729746117710207357 23 62
184086416222445511 6 84
445160617584706022 25 4
68987701476294093 119 112
810659109597175156 70 64
208304378975684392 48 66
836121931544743373 22 29
793573862697535157 111 101
962706389771951713 100 49
841114599099952927 69 36
178121577087366766 13 92
982509413741379415 103 53
64794776553113748 80 7
948563150559017714 39 71
283538440113431521 3 32
658027226432873824 55 56
75092179400343407 22 25
794635761925916849 104 119
225458010421018192 13 25
864679918129982356 32 110
797241901095015604 37 82
429430783856644211 35 71
223831903180233527 63 47
186704991000553517 73 71
413635429621587655 19 38
870458691877409635 22 51
740684853637491793 85 61
786177438088455827 58 95
860836792575701783 17 49
963972212931599919 36 64
301826499761207457 77 74
608916543986179021 46 77
163306814214034898 96 64
568701083478608603 31 89
895895117444468056 104 97
230840487275774466 76 32
804744525075295209 63 82
848740027522028944 8 102
49958675384459602 19 20
399552414780561553 114 115
245757098488423531 25 68
977561235275956397 82 5
77633472754771834 89 80
738804520993998302 10 42
916153447062765697 20 7
155946728565587241 53 103
675028520759566974 11 32
481241682250702114 44 104
761969715353266192 119 60
229389832934534980 55 102
823116800678098110 114 39
945237543429905116 55 37
268565785296708382 92 81
617605294097401000 4 83
144344592559996628 2 55
107768032105639232 42 20
491534369878663134 82 90
165908481217491259 47 103
894159318547139550 29 83
7156365586404599 50 107
535943474042205808 5 39
444033425422644723 44 58
32000111613530550 11 111
517110986625130244 103 26
996402722375208874 16 5
434923957936686423 96 110
563949491811393512 12 100
824518292123242584 99 61
216203805971019295 51 100
725005526437356416 83 100
821599895837899191 0 8
125200726941429226 103 109
797844991888735247 94 53
398605471691953376 9 43
396295727747859951 31 80
964575790102353822 13 85
405474300663362594 15 7
488124211148953814 54 92
130563456000803676 45 108
394680393467559019 104 18
118291357165273588 5 79
17820127254802006 56 41
775481586105545697 39 103
294463270345878084 53 19
477356448028160510 3 3
496724968246192888 29 20
226997238650933264 74 66
97957601969153874 20 76
210587805993255907 68 9
727089825141964257 45 56
826721494670945755 9 107
82005071956885886 17 66
474062157717176352 99 102
412566867372615477 20 95
125453946005269000 36 25
915717209442972991 60 25
806342766613914139 86 63
756976437474435319 115 107
881573198883597536 48 70
829917547537445120 1 102
591007674648853747 91 84
412303947131372402 72 48
95507420090739704 4 3
190327900121637282 72 46
778866539053041864 70 119
684405020087819119 27 8
741332335937181948 2 119
942623597094472947 106 27
721484182880786430 64 33
320455486287572305 57 109
518038709366359706 26 87
8969360669475527 97 64
744084198591535039 61 59
736939749250283694 37 72
972201828120587460 28 12
869337976029377227 46 43
764602194162179208 14 93
70679719913804863 31 116
864524943102687798 51 100
678361305993589958 47 38
135057123030215460 97 44
313200553079038313 9 115
664634778872555063 54 19
619256196525249302 100 10
816074484782097231 55 65
813383107487632859 113 15
842552230255689386 1 32
298866177163407609 107 109
736654201495588347 6 6
452635591677274753 103 71
295281661140147744 107 86
69689221548493344 0 57
842463901730707167 42 64
829023815883613974 62 81
144033136454981482 116 33
580769134525644405 87 104
998142637541246488 2 22
636116501119561954 74 66
985773433629812934 11 54
973206746509143509 3 103
623028173360702298 91 9
311103687036957684 14 26
853496026583763143 4 91
214792256582391540 88 80
668631588762723685 113 40
741550990612097030 22 97
11068884081908185 1 99
934230949465259989 53 102
513264382166534680 6 33
584813256684129042 12 26
954346048792523705 67 17
297179053767799702 26 59
771548421745797783 70 48
597942804743365812 28 4
249378629030527077 99 16
551273053737604716 40 69
667274483325431274 35 19
618671116580488082 66 71
224484076594497935 15 116
388455331572909307 96 69
523117885210729027 81 67
416958311886497023 116 14
284536632090054379 13 58
950903895469967991 119 96
230787244018618455 85 46
295421762281483368 93 79
517421407774003248 106 28
86921610915046596 40 18
56563711257916642 114 15
992476615341681652 90 37
822038996210742320 63 115
261918826903188986 64 51
182047236824000456 95 41
765956530143030026 23 87
136307231317367095 22 87
239622590004697312 96 56
709071995703424611 30 25
7843382841498271 111 77
899201449972514398 105 10
414041494626256579 81 95
592083776438140579 10 67
282623347293471351 101 79
226435750265443096 68 34
11285732559825505 32 27
899763870929681830 104 69
521012363174048629 49 22
575643119276280057 80 10
51775407643918681 86 61
728935152960085958 33 55
394410431640462492 23 103
852712356007152338 97 8
214102214137065289 14 91
400545271927155357 117 88
800886392452901567 88 103
745815297314020822 17 93
975828270665471495 40 97
874500146046439985 9 86
794143762852835023 32 48
682407479139824851 46 49
608052870032318921 10 5
831216013217937643 113 45
885466601312398642 83 57
263707002146114156 21 95
888386344238493136 20 109
758274400033717846 114 49
307823232736828823 97 24
899063462195950157 48 89
148376856205405050 63 70
173641321568938985 111 62
438136771558885033 43 61
256832874478889477 107 86
823220017107238485 57 94
402836557690835001 5 14
170636081488995832 111 30
683882491627864074 47 89
869848718906954273 30 51
83584809382153425 111 102
356402558083097498 41 4
476130574427683503 39 46
185998621809644113 77 94
941838563240387689 100 3
628403991983231548 75 72
365425621597085874 44 23
95574960343767530 98 41
400491395940870854 18 55
398507953148462123 90 67
998972793460108602 80 114
329670538844936089 112 115
873771217919492233 52 78
991415715772663023 31 91
104020572966366301 100 110
250928574347258505 22 60
911293569015643945 63 86
779888452547332687 54 105
997383912701547732 22 27
411486268081472105 74 92
954146983098543354 116 95
945206186589255125 95 4
602971871095883103 65 113
783672273096511807 64 44
975525672061803998 107 57
286475952280523668 114 27
529637344643555737 26 2
598509340082399787 39 68
863405791738674359 87 91
219612826092262858 57 73
484425144705975214 107 4
746815334201253832 62 23
500257181257745541 69 59
791059649959931406 53 13
334977051893782307 21 27
156995184378236114 15 35
98894324455766755 20 55
638684679943081693 117 19
232466263510749274 60 80
612329009959149606 119 81
144408668306703814 8 68
442398767987072918 98 45
118832283502982053 117 18
274799573633325657 101 57
704339618306375777 48 50
621612228923631752 33 30
705820303160379108 53 66
277835955988846476 118 53
372462489500039697 55 56
476602515521399986 57 62
358044325206118398 88 101
350403419112919927 15 62
291447249746820459 23 100
243863149365769927 43 61
906812346519783736 96 56
980972923285891279 103 21
804050938058754213 15 7
169645154995413846 111 1
55742284375832147 114 3
432445266084342624 29 104
431499021159576040 71 106
728516848146787208 84 38
753072856803336968 72 67
219607382724647290 57 89
835680832393821653 59 40
661669002635593848 49 74
92777097597850080 114 26
455961382921272262 15 96
941371605378436993 8 96
894161484703598281 61 75
269947460490289382 34 100
197210208216484261 61 11
983054848819897738 115 47
876774290648287958 39 59
270434807130710371 44 73
617511377929706883 52 116
917231772883795989 55 38
555510211970888031 13 56
328102338257294838 65 104
298313519166002229 38 6
543035291978737486 3 14
739540948558042849 101 86
938706946811549160 96 50
107020624736444321 102 61
355553637109761045 34 47
70937704503937436 16 24
88421410129574912 44 54
315050390131035471 99 57
872837335653981073 23 96
776455522653124305 117 57
629389954696976824 54 20
182417239264214835 39 78
276211023271381218 96 94
985765531638376976 43 26
292585912240598527 42 16
451770716803665917 29 106
799093602401638117 7 64
928789855085063003 115 32
604183028753041203 57 106
629817856493367309 87 93
626202076793651608 96 39
783261719738964470 32 72
184953435366653836 6 25
16450709095164597 5 6
28618748899220896 106 37
11137831180288834 97 0
877850529501855395 36 72
846933370654225925 98 44
184217065781488975 71 92
497343072985995120 47 17
990296168009049759 90 19
56508488173782342 20 45
605937575308166742 112 86
717778203881809097 75 39
722165169068630638 35 102
11559539858472304 87 70
668871654313455135 96 68
705256993778545979 68 101
518376050305638063 90 0
102666599923166935 105 30
435066827037332367 43 113
547912818233859071 72 89
285072953498775232 9 74
240137983632006755 112 101
954982328515866192 5 84
73158205665486836 78 62
396784683315410841 109 9
413956473220097121 94 14
846861973484390063 62 78
192604678698412730 59 64
214821955503851355 10 110
922377795456937231 17 89
33115022544458049 70 70
734177978432067229 32 105
333124791147366831 92 23
448719376550524345 28 69
673091419073679702 28 61
600054594096467186 58 43
960404111514980443 78 12
696184475401575633 68 34
172013195251556233 57 119
564666220380602155 93 55
69489137628765742 91 45
986118624331598707 94 23
194772532633043847 15 32
310238363346123424 112 36
665743282737339077 115 84
937729832306599866 5 6
455788220442425221 90 117
786919538547362893 53 96
482443832062923109 11 107
517444255172388128 92 105
545980610837606075 33 16
839555811543373187 69 36
672312170193686437 14 119
719806436375073659 57 105
355781080463508159 61 93
999468315339298761 110 61
501966238438712428 119 63
498188898971350037 18 36
767167927576406120 5 30
917683113389879917 75 26
535449991481153821 10 36
630305581029894406 64 35
654762141813102786 72 40
959853594838460021 45 88
421490774781649449 79 77
846769622700182208 89 62
985620807331962855 100 87
780405587434558499 51 79
385819709196725672 78 104
566843037165857085 41 77
814674300624281747 64 82
716422519561418876 87 30
413923695586392972 38 1
264834440719602599 25 9
472467718994398075 102 40
558903432645998889 78 60
915111603923150654 98 3
486699844388388669 90 84
781840736859317452 50 55
507044538622801314 25 48
110640092366204254 111 22
891877146907450950 64 18
98233085424979239 67 106
752222176918210336 118 89
296986560495465950 44 116
276258628795504292 29 45
437371365144847807 34 4
655483276861634984 30 62
449790162527786349 51 35
598620579359064003 42 9
666794627903112969 23 99
295738548943614955 66 118
266736379810753800 112 57
34781555621042466 117 87
2444538356745077 107 51
783084338440040603 72 40
446615031795230410 97 1
93699495320210326 33 26
975409954351455838 107 22
848586395028701570 62 70
528251576394941824 47 100
444666929853811852 27 81
251941258567655198 116 30
642741048055256601 63 42
844684006410447095 18 112
279570010135326229 80 20
479094135649232295 32 29
798233128360301398 13 10
902991412513141761 77 57
438973588392381569 55 81
301905528421873192 104 73
433523265110523903 76 42
587919592044297321 90 109
641745736838144665 85 14
23034980972389313 7 18
341232923433783570 57 20
374663376240906782 95 1
373769062202994438 114 52
624705780670408344 32 73
659280761824308273 62 14
214233599824247290 74 8
546960102402966554 79 93
100309448107186452 58 9
308935902617663254 4 106
699191986350289314 99 116
682048569677280171 8 51
876591644586460118 44 37
996994700771784593 82 17
667376918028512044 82 24
742554590314897619 70 5
950952554337573071 6 24
37383349457036397 90 11
724031649553265451 75 88
292311040709839647 5 116
811049303546742389 78 43
734003299905601789 13 52
781538075357787047 83 59
240846893877615704 29 85
226862703499925678 18 12
781580117324277883 54 49
74349171822494781 93 28
39658644985321987 20 76
121234814908688318 14 39
131011848930574984 112 40
46898053442762788 96 109
286119718517640104 3 10
91305956899321655 20 19
375721521595707377 99 70
971226770406407569 73 78
531574705023671018 46 45
428972291540390373 118 90
229524245689482573 17 96
605757709613504278 37 37
408144065782238852 57 38
200141429084364261 32 99
150561402887710799 95 34
80466411102379414 94 94
485303683647967863 85 26
750686964557437104 79 16
644730285346437192 117 87
584046904307533269 104 9
314746637793654918 74 28
252626348820586430 32 18
97477748546609318 115 84
183557524594252955 112 18
16224343849956223 74 16
382908679112636535 94 97
142427023630910987 23 24
990155977519516638 28 14
696366441597382487 0 23
44833843658101761 2 98
549354576076379408 111 5
886656263731379696 46 35
140620509436406812 106 12
389545962712859789 18 43
773256289770353652 17 70
777605160181636340 76 43
574794042351684730 110 49
744000036997580618 64 35
681579255449941690 13 71
807143077188457007 49 113
388904267341453432 67 27
398359652464886837 55 84
504251809675832861 54 33
601237978499146266 24 87
541894752531802872 51 105
708084260432609546 54 13
319474427750767130 100 97
202619830297639321 34 70
415620603586079488 81 77
84607395464401699 11 71
154329339313768474 15 67
467590554393275961 83 91
105478884475222351 96 27
784787656005848428 4 105
124382683871284975 60 66
13227422511896688 87 6
228043116065061718 91 60
941278146140940389 48 36
524051526859979792 62 93
472856961434112564 38 9
730867190766994095 106 0
138803517810853252 13 21
877065304569375821 24 18
352777114554117381 82 22
604317112915124741 32 51
510483469748016446 100 55
134493162410811358 70 42
348248168679104644 99 98
535947985044821793 68 55
906566838321346087 47 39
95019937953475918 29 1
155055470622656728 104 69
606576354060334032 95 36
471079029690506309 15 54
461602239783944547 81 88
918583650224306929 111 80
20698036739532655 19 50
152390366043239985 43 90
857454761582847685 50 13
758150580804312553 9 44
98557306201664066 16 82
902887008356016709 51 46
145415496185051227 91 41
164451363791100497 56 15
931665856615474821 90 97
2416354760020206 32 44
372129027186672664 21 25
371873104547242374 42 64
311181259198588934 51 72
188498400495901385 71 32
967982691223908818 114 66
465107578804146623 2 42
821742148996696897 84 59
168806588616670090 54 54
409278410301562365 97 83
835204013224757751 11 18
291471752013998866 9 17
927423134709024717 17 83
319776014753311310 83 73
411453824547767965 57 55
11828385350892008 87 3
746463737267506723 23 107
606341517890906549 74 98
785934466967288366 91 15
802429221120244327 107 21
693170797119496662 36 64
881789458586258702 7 110
681437736034801979 21 98
761011181879840802 9 17
442301371080567489 75 86
909026090403087105 71 55
104463060734831103 46 27
471350738968005822 50 2
278226109356860660 110 25
919763047341115833 51 82
502603566228006225 78 53
375511964426748767 25 74
944277396411525237 40 84
369897796288660113 28 86
545845524633355611 77 96
215022656570854893 55 60
146612565487286719 85 15
293005143325055270 13 75
844288844007380043 9 22
925310108907424097 34 101
270054679996166113 104 18
388133225523008978 83 97
228302274333064769 40 27
728586210781319943 21 99
297475495325708223 31 31
731755127581229029 9 91
447724850763302490 49 54
343595587590996978 65 7
949001514897254356 18 4
367198481681709571 30 60
163993908398405870 92 25
460392907794411542 33 73
241704536002486835 9 52
542649679434846157 65 52
435865367715287173 71 74
572501616282660408 47 53
107921535455389809 105 58
601390917934398897 89 0
394418868145824746 107 116
263966898697709256 72 119
384618789011323316 96 116
921691770276349403 89 93
460854876015266605 106 34
51965929412950038 46 28
511189265150238271 49 56
759070984672306837 65 61
440982652920776945 83 56
233351150469541617 55 70
343287786124312174 39 96
518289586654667911 34 93
25736066979424436 17 23
233665966582281935 77 42
428901728267370403 45 110
484363456725839473 58 30
195098072568863834 24 118
400459126206729353 67 75
941255031219267019 15 104
211407807849293814 95 105
118340844504300066 83 105
903342591564746513 115 16
482141693394647532 104 78
127662242684723328 96 56
119689178990083863 29 19
845357149965751613 79 117
276185242499515471 65 60
596883403262210953 13 106
553948625688841723 40 38
619099995850069697 19 42
442650937458172034 21 20
306686185897103048 111 30
448398410631358174 101 41
944238595018888306 52 0
378387302008139949 13 61
130551641705158560 97 63
924213665862663494 106 102
308234864087649605 59 58
965818445491203680 32 85
22265232655899176 113 36
427673581357265106 39 74
944111136697247556 110 74
976262425064890606 25 51
818006941494305321 0 28
146374613630427029 2 11
532180895721971940 91 83
15406176767083510 24 78
381474557533478286 99 39
728468661146059656 65 75
491157951364468740 54 4
750605024831657297 45 108
45489943234360673 55 57
755389366791402519 55 6
889757952327312337 6 59
486134429595985095 111 59
943005518806972915 69 92
627678014294538242 108 35
363479958582599115 24 62
488758887236740980 119 40
491997592329237041 31 100
949490569951455587 112 96
704044907490653123 93 47
66218087329088277 19 105
682988109064800600 19 63
145339200680740399 37 50
833534290998910492 40 94
473530268945574123 72 79
599093045430313594 18 57
360141962935462968 43 47
123603989182803053 83 30
31963669263947243 59 66
842071676401622666 46 33
746557864916543568 63 44
532607748578983970 28 56
34361553340771210 85 8
360406749702792982 22 97
95932245879612906 48 55
32499022952325350 98 53
601578807035145327 96 62
44830788765013031 17 91
300934083536652148 78 40
927282585363193840 11 29
620827630191252891 24 90
612102868461850903 63 92
782749822521417224 10 102
546844913947502667 84 28
693712706462929512 77 97
506972481949242834 45 118
791921362437319036 51 26
166551409727495491 56 6
131900586142365446 102 86
290085959864838908 84 32
544129929972471565 52 113
177045744701653357 102 6
835106287115648842 80 71
139746479880290966 28 58
839760032537758819 103 45
686887921235085047 72 102
69790719878987600 39 8
479357927773155997 11 50
256818291017899478 44 77
507993240416618277 65 26
763211818802315873 59 113
654009503455826269 78 63
410759892176330405 76 51
108752733032046426 116 48
636072248380316274 87 58
439726415313133232 32 16
563327521985269875 9 72
440820380808886265 62 36
567064058024453889 105 20
664195233149128020 8 77
658837157368353967 98 109
994887510340669823 27 26
801295418343908404 119 94
350310891172533729 113 113
935182275227143208 51 99
895792805777938586 23 82
157188659240602548 15 115
459138378786250838 50 16
438327161234200289 103 25
556557706452819642 20 47
628575148227378337 10 118
398250746486773267 116 48
151656071238095115 115 71
786682396944465918 65 24
573321461505432785 35 53
180313254783341117 81 77
299250368758340575 81 75
470296281881033048 82 17
447230238379071605 36 70
718027531245594866 111 56
970129873001350849 6 46
687828820974968596 19 64
783973618456420947 69 111
560669543781656657 8 96
524184233955029544 116 92
378260462079553911 12 51
850289154721860513 89 34
761066444513777074 45 47
708795288088214657 13 55
269342675691570017 76 26
764637339267729140 82 69
609748248317873279 80 26
930156503729134370 65 54
50605758716523315 116 78
360291406812166526 96 77
468026993164826787 13 9
801142152808144331 102 20
980894638369570321 62 49
594790071993354841 77 119
334606866394799702 101 46
897380816381869939 35 19
843129010283162246 75 119
942353963839226985 69 91
361686044849291464 51 111
232037239230490538 114 31
150732453430421609 112 50
682871312261061394 38 86
535514632253786264 96 6
690451222292640961 118 67
642027392657953259 74 106
576547788814722935 68 57
886443606803700190 20 0
551277076498238725 107 24
480959161437237980 70 61
2001510618892844 3 74
153777210493680449 43 21
522729221308117134 90 9
153132712254654164 114 96
844393423774156854 0 119
811799232955656366 8 117
763193800943312416 93 1
351877996433343481 15 116
739442068273610878 113 110
81853052203845940 95 111
219758773826851477 26 73
951498105744672671 20 8
57495723074800667 34 62
533390670956592854 18 5
935451834900970595 36 114
132808552785548225 63 36
310947087471135899 113 65
709335196972801009 119 16
154262383656758150 9 56
732982934474001250 106 51
511084346759736285 72 100
303198884233884874 118 3
354697655688891196 32 15
855543525244898737 18 38
75954111172165989 109 17
474782067576453324 55 5
554175625708171101 85 10
70083479595189377 8 65
714655095691469912 11 93
526702024290497894 33 105
101839050003290159 23 40
499463023571339910 85 72
607578108601749547 93 99
78516130261017006 19 33
449920703512325099 33 112
239321390882042614 115 103
717064227908450685 12 60
184319803569096168 75 39
458927958510883765 55 113
283171286566862375 27 99
146078244246123444 116 20
26376376423297285 69 89
88519085396098711 93 29
648052810709866715 92 62
518120863665299931 95 72
679239685263559958 98 44
339940142803008996 114 34
710341193804778783 70 75
682546690214993305 30 105
135041153300868430 53 25
909583540192324097 31 94
356643518586908063 50 79
628405628557832065 118 97
473024982909121028 112 36
991680618118669616 8 87
694576416443298813 51 66
40653359674525230 62 23
970175711556758788 4 104
728155215675905385 100 42
379868420666255521 21 46
61625492629868305 107 39
102398051022262888 66 46
376577657643842421 106 41
675898243662139093 69 61
947740816616830670 107 10
138739061589606889 33 119
954396284220480970 93 18
773793500364593390 78 85
552032882189063288 34 35
575526313326522827 97 23
707695952552039877 52 97
417306322898781811 111 0
196349844522729449 21 101
369553172283278197 38 118
895752185754694044 51 29
716578977639303039 85 27
164097549873878419 1 113
914046040695624986 15 72
456684649619291448 67 69
763715002928315163 10 22
85172750965823614 110 98
106439590520227330 7 53
541627272503630702 32 44
263621001471549522 71 83
820863143306304594 118 49
86922754655692473 115 16
239105298513680097 100 11
766167240310946651 8 74
53231647953122121 30 107
940666858987819240 61 36
427372890931713078 103 108
629729285363821295 93 5
409519560109662047 61 12
461734837957691677 21 58
909745399420406193 39 10
673785243864762300 47 14
41587946685453846 104 38
636257403595761570 118 72
224567722430010846 78 59
386028352223285999 12 13
644658265227983093 37 2
31812257740547521 28 117
318972351079793341 101 84
337841215282240055 47 9
316528382797698086 78 70
841588766177524055 82 12
831282512921518432 86 65
346299129394322824 69 106
119093942018832961 63 54
221130317890781622 72 104
105009316653098214 66 103
420731937346978681 118 31
566905718190788020 13 5
201178710853466989 90 90
396729799911283228 26 21
213922352098238567 103 55
800405383808605168 117 42
941385824491602109 11 2
137009346909796615 18 54
535468666464619921 94 91
704420433438944717 79 55
684516181937498263 39 6
718005174555780896 79 11
717273089458315829 51 50
736533971380714774 94 43
428324048480928087 80 26
578311761348746104 21 105
804068176658243326 48 107
353921094721021602 10 5
888208074070574640 103 80
101035796219703631 119 41
746618261187173089 30 100
613384889691236115 52 59
316460419010065117 4 31
945026730846895820 68 70
963743186855124600 57 70
659262047948779601 17 35
161058427950710301 76 20
327668169427043387 86 22
207831493055148439 76 67
650138719467816035 53 106
737851174491656587 102 27
682733153287964101 65 46
59958810228768235 57 104
610896600634022955 51 81
18224915446209298 2 27
240982898110924541 35 80
852683509971054173 95 53
599507054243436267 18 90
47928388254451253 17 52
589327352205884610 22 24
745358302778377902 54 54
52627714998792442 48 77
444915530283967470 108 5
601653083084460644 42 110
720072740256321108 116 24
667826176078422050 115 12
1474264921217640 1 93
789281643322164007 49 101
520697142835462047 10 84
882938945793894048 37 41
964094042423406395 61 97
406853364934542091 15 24
717803070893100388 36 85
963475454094443106 47 37
949051710839319575 100 22
804925755237654846 2 90
650853840915599087 117 37
692673034339982166 97 35
563157107855721466 69 28
483846234269199542 71 64
721034163677595317 97 72
658551761106792284 65 116
732519542136614899 33 77
9528742862164195 15 13
595247355703436427 19 114
703567185471366900 53 117
798617656877098746 13 61
34674595760084864 44 103
712266474970855403 30 85
218015435241146370 43 17
391455627841249763 46 5
975793716894006072 18 96
577281057268638527 108 97
996072197361825225 44 23
195895902700498606 42 14
845141632824765508 115 98
911351877007359626 114 98
592681950461687753 102 114
346225013305332472 11 96
694184262176810757 81 0
241969275557761786 22 28
142280775316493936 18 89
179586109853932383 38 60
148695789510203091 70 21
640793585052417899 28 21
97769851646811645 49 19
854306470088376832 92 61
90898366158843572 85 103
903673168436761393 59 65
138142247235146398 53 28
98164343542014593 32 65
357892888857148795 107 72
353484877087042646 8 7
2024294699908205 44 19
747891859654699585 44 2
332720561066884699 29 108
316314749239777731 16 60
468170603970311852 25 92
508400022394983792 109 76
293559379050115148 25 77
714279159886171585 11 77
426975304265781346 0 12
638563903587459825 5 5
964740295625151018 114 108
356752838605526097 44 55
199651310730690771 53 50
178117223508932254 25 68
436047296001937073 118 12
757360081642437971 50 91
650802798415300131 93 9
310140231059447378 31 32
80920068072161263 86 37
733058277819085898 116 116
847745558116027949 99 52
751636195813235312 102 6
992521813568188988 57 79
829416376451050800 112 54
671809014170884283 65 112
719295800324144987 1 5
659410515330560141 43 110
520355178584095392 73 117
713520905124537368 45 84
351042974353661061 87 4
631080514670442597 85 94
402325482578559952 17 38
111523382081512551 113 57
26868215149287028 50 18
521779843906322868 37 51
31207004982609461 8 90
148724989863277055 85 113
411384951642562644 64 77
366814237298642880 65 35
841414976346195019 50 118
928758035229291397 84 78
274404035943059896 57 52
315114894633632445 104 68
96808062260491602 22 64
421909457949355655 106 78
201092041227046320 90 23
170148797179607997 24 116
411931968045019251 75 60
987370730989296605 14 59
377655507123879655 43 62
39797013816309374 82 96
703945896645035275 87 111
359688143112905613 42 88
395795236944720009 8 115
386959480352653521 0 74
347979513628205709 84 119
683872506200011390 15 117
491884785296451277 27 105
773245191059344360 92 38
159057283901285371 45 9
282039694733229666 26 13
662834950246738482 38 110
65444687011257257 11 50
958392085931344519 110 34
64563734297702346 75 66
340448151780831735 91 97
922153065029099974 21 8
336729358320996811 118 15
756884982391187396 15 55
868322668258838924 118 115
272512625642714468 52 6
148471910153370953 65 70
828801065873201055 98 88
343579631928840393 89 33
963879247384211225 2 112
355051744228463910 37 12
338229717375311287 0 98
274958138792021469 13 66
174957559533815339 85 14
40545616342226717 73 20
37332107722895250 85 36
135365077941613372 104 2
969760343983233756 52 99
693388563161905958 92 100
383341770840700403 55 6
186099384386060770 54 65
365600135180430908 8 66
758490230816240644 95 104
311728154948094413 72 103
219229633803655192 14 77
173814990265520684 41 67
488390911569606534 40 4
709530983374256800 80 15
28355422792614366 20 105
229993331350452603 37 28
232932591454566302 17 98
351095095519706770 62 3
91184431025180936 37 22
832092687047658516 37 74
129782792078474982 115 92
500138967318283634 33 75
797168171178312801 31 65
878779969999813706 66 19
302506522731183220 23 49
536435080788547887 26 115
197593706553293647 14 81
563855548523873527 101 98
34522418755944965 103 39
83786658065096333 13 114
605113884961075279 46 102
166242493542280820 77 8
817131050398431864 2 110
470952327422619376 77 118
215359056833234054 48 78
818567671171319829 95 41
596628746088832682 106 13
499869828058733725 92 31
934116900156614793 93 2
494623038594171252 41 1
76224634753502247 11 98
319290387610346377 57 39
290221703308967646 77 96
76330391090005056 32 103
308134959766672489 117 89
471630212726019760 30 50
196448799289625837 19 21
188209795448004093 112 94
495697581956201450 116 71
953919739119336844 68 75
467829536493872511 111 57
69182204359249594 43 50
4346571027658205 22 2
575703128088581615 14 49
253818044240367637 1 1
371817890271508860 97 12
104918259307007731 112 2
247888131823369536 50 102
734174104726605683 75 73
899226437178401399 71 80
795640417765239973 76 92
698538027212243867 109 44
474184477681910983 105 26
458275813222214963 85 29
155790577086451910 100 12
550267946069190954 90 49
137861480365501489 32 8
241664207163860812 90 83
815687262037316460 115 43
223871547297758588 23 60
307639330050865358 9 78
673203147887736827 74 51
298014532043547495 69 37
417532452288151599 4 44
919072936311188919 95 4
560741867080608292 5 112
841061020353536648 97 113
237722828953335093 108 35
322390477611505968 104 79
100793605793244035 59 44
486927197194061528 43 2
851221189085499589 80 40
544365442071522656 87 2
488804971458767831 74 80
317660486054204225 76 60
793930530211795963 83 4
969374909827424334 4 17
670968151426742425 84 73
487524456455441686 81 75
441770809289443765 24 80
443686929949860472 91 93
400131930983072608 11 19
223018481794289420 31 68
484876264157047256 59 42
732543361370787492 93 22
291347570037349848 84 54
848029133717919684 10 27
49911537371138395 51 70
380441364890057594 83 88
798785340672933423 72 35
446119309389409300 41 83
120050648351618504 48 107
187673086022457434 23 60
620292577483204565 70 71
388776475935102798 25 17
465376927441662251 86 34
674535237428231593 12 107
926522153453573567 51 82
81107815350695767 5 108
57837718078264180 20 34
929161497594568339 18 119
38422772291234949 29 58
652803607650407990 57 76
795797360536543932 97 93
122386258595389627 5 15
326954475598712975 110 98
197317266856429234 76 101
696732030574069556 69 57
589426909800201 83 11
151808264749058321 11 66
775589859940269497 30 97
992533699355328908 54 38
795639190912348692 95 3
40178583900846141 109 94
122683832115113564 35 23
643917998357134076 98 62
653876932507228636 90 41
642434827999081399 70 90
406195396418298730 66 0
136980542839680222 75 68
534150020317315332 64 103
390316648446684868 12 70
16454018625548529 53 75
803199405302986806 47 13
427050750429684249 50 7
605711820259538486 78 81
78454211909666729 56 77
599565267489377154 34 5
584003891399112404 92 93
772034289020855710 86 34
638600407344750964 40 23
217592165090681311 117 27
117968832752310969 17 41
166211890513686204 29 54
816570303752100163 4 79
265279665138017766 73 4
697513985319992289 73 56
314814078031713989 49 24
569422117706873669 30 17
480936458667484973 22 119
541907805010628768 22 92
819377910695100440 35 61
985562822597594992 41 75
804142261117700937 88 81
340743188531988295 53 87
463323848108471152 28 112
866529630104182896 102 20
324329700267717229 23 44
67776394007945281 66 64
563646497280019110 107 68
500441175250458358 26 60
520791566429912321 18 81
209724639825531076 77 115
675706761944468310 11 8
839947295601089452 102 37
558997058061481762 6 13
652448198992228247 63 81
951391461086928622 34 18
721938272065153319 89 35
986980540230066862 11 110
277002136789179432 41 104
728779200244119676 89 6
375102509124620353 0 25
29024367189641197 84 45
329087570292479140 55 17
969906049405714423 45 72
164266736177585691 103 82
689789436836787845 54 87
307021741943448436 40 110
231145954421015593 118 11
15733125453633409 78 56
888258152186032594 18 18
767624793152538604 38 107
121483468302535128 35 67
939526333235447018 91 40
740868568765070232 64 5
618534111308013890 46 46
294420916570449279 14 21
488151122758543621 52 41
274158876807442321 47 43
901500471437415304 92 102
274495560882775794 113 104
306367187606492148 112 46
369246503845010353 115 52
335200311056358100 114 41
833078465990291883 38 18
632107731848307626 34 65
526088095168979204 75 22
316912742045007221 1 48
383156897096806977 62 51
439388222459166444 24 25
65005746084471129 6 115
448379752490313266 82 7
52768404000232861 114 40
360605168362265866 73 10
686448598178782123 71 79
331209826206347115 9 77
298483065646551021 60 73
716341098704644557 34 91
154445039642427826 75 23
674840612254896207 27 57
745606430690519915 32 110
17895670660259223 48 40
155657708760569551 33 31
765585100947573303 79 31
43426276097705823 48 83
963024085774937054 18 0
912961555299582549 40 35
388608274137648955 76 3
649626075343975773 44 49
610014305566938403 69 50
725853909771343448 41 40
377251791288362409 65 27
261109514646228939 19 64
213895684964608873 35 42
345571461020370536 18 42
618719704223911986 41 22
894371623817809173 96 14
285900349909916933 33 79
748490527107334939 80 104
576849350376450483 80 1
762967077534807359 107 55
887686083825069734 51 57
879352481017072005 85 60
714275063671370820 97 94
769951289911792302 52 107
384347259563086821 48 89
727437283106253432 14 28
689030967173906767 21 36
13638236650638539 0 21
339985765510180873 115 98
834099616365142270 22 79
387185866267344415 14 45
723114493546114296 24 55
77043847549339237 57 65
80359530911536302 28 11
547303749610937783 73 25
876026070849395374 28 112
560134055177048845 115 109
382758416571657855 56 83
464079225371559875 29 103
375117326089521219 86 74
63794672869006429 119 8
389108502050939954 39 103
808953174908815152 88 46
900381789720817743 49 14
784281098506144813 5 52
300860373785117928 28 12
534757050175371613 103 79
520373432579593532 11 34
123574094898580136 4 32
445393037873941297 98 18
650960899709514022 48 30
843612773240499559 12 91
68449858904306064 8 107
682122189827420111 99 54
777359016587448066 70 88
560246412212773153 88 1
60117863885194970 91 44
591200210676048723 15 5
12115149926388521 47 102
963061706561188898 101 69
85168663044185941 36 4
78794330616540967 86 47
817283988348662442 111 97
476617233430224445 1 115
611665152174322945 40 105
557472334106547915 51 103
447269786615821833 84 82
540015648657993475 118 32
262419927665447437 32 117
991297271819541902 77 100
3906427652183503 68 68
274604832037555914 16 112
98395397766755999 20 66
642008557533367793 22 76
290635317998899019 116 6
607842223804615860 24 113
753697432256982955 33 17
991958477697890703 27 37
858460244416262235 103 95
34673570344649686 92 16
71104820911260021 30 65
571501936181022309 25 33
75764621042219086 52 87
992470363768758554 59 41
54728501029247093 48 39
601496922886101636 46 95
303628767056519887 24 66
829064136850125636 9 104
114062905728645457 101 101
122216484591926251 77 25
588117087306221583 54 101
289397114970044901 43 101
87619623780585755 9 106
866614403459063664 17 15
807573458535289335 51 72
820861171623059868 95 78
189049426124445613 43 38
2058109584156202 82 114
287260654312450239 86 11
184103357097675816 93 22
300666968788357131 23 93
978530125609086988 41 30
685691036211416090 90 32
449766994414009255 99 67
564731999234820800 52 17
805747494025486215 50 71
174256992839689752 3 70
639829682616928285 36 21
483054776966283055 79 7
105119484961345582 76 70
482467761989705389 82 102
169554593640386397 67 100
384470800306819884 37 22
988479724654469060 114 54
133015787960840921 17 79
977264473353462029 80 22
654314031677517495 108 89
518148327314385723 74 94
854507121375998744 9 69
94747184440699570 60 2
30768787435793467 19 57
177668959556590245 24 101
501316198220522692 56 82
975797906576644433 80 98
766706502329257013 11 32
656099533392367262 80 12
211471550592185226 61 118
367782354190760169 17 25
574586949864955171 19 71
696800801907942821 86 3
252084295624713052 10 115
280280073132221011 8 93
265124163408152344 24 11
405902987337094398 92 22
767023260466241330 117 17
856298918007217007 87 68
513303827007146751 24 113
350851730768196403 14 56
380962188062337597 16 36
575272890793830458 41 15
474585431452016657 82 107
395690134692850874 104 40
592252397643677157 81 101
944466413375059814 96 24
559563572687490622 118 37
835841870314217465 117 23
15618415461791608 33 63
828161364706996364 31 98
365330440034735158 79 101
280384075916359309 91 117
490853810178421029 24 89
465069447127727981 63 10
714064214824819315 16 91
181582679794132418 100 18
650555677127013066 35 100
299670810899208374 56 1
862663170172802022 39 82
209228848585164935 117 69
288267049813949667 38 48
72502457274434952 47 17
350047359489700916 24 111
275535648546251807 29 63
46849193426307966 18 57
215328277625596885 67 113
46392627499805344 45 43
591219625797584245 41 119
232973746878686414 39 67
60040849848065270 94 27
204073978670810079 44 81
618458585518890995 29 58
763314349884716734 0 119
819727131218533650 42 69
672853908159676663 57 64
933938883574137201 19 51
827770126919278024 52 85
553614314564150301 9 109
460803743072863885 79 33
817517819140140999 69 25
588224532421354384 2 111
620290880186762067 104 91
332038329081801112 81 108
484472292562859273 43 95
635566106779423969 55 116
136832055345396194 6 30
705506417809332344 52 19
837559799272808936 110 53
340780263411408391 5 117
275558793880697685 30 97
446887509593795692 99 49
34770963644008837 85 66
717342860254251916 95 97
896686212010515106 7 41
735625314392609682 70 60
580561361503321902 21 106
642503409098462441 45 98
957794346053020521 78 94
765206519811808849 107 88
518957029166214593 54 51
716504968171282054 11 86
955622150758064034 34 67
312586648110716212 86 42
178723787750435289 48 21
840184460850903128 86 98
453320355809958225 16 28
743760643900481532 89 82
184756504477831461 27 105
159255750144920989 86 10
792830571736108792 16 42
182058655301561623 2 80
914069942802949275 47 57
664821504185009249 51 14
499024538754204963 20 97
434480846593244970 26 3
12588300819583969 116 28
572965604699395709 30 116
272475585048953983 110 72
615007842216537691 75 26
378823402860184169 81 82
551351376769703775 81 87
792883226053205598 20 55
349533677368332536 75 119
16589685875466022 47 26
497523330080519536 19 110
731397678863115203 104 44
491841967954419963 26 50
638991096667209284 13 87
571898394922451235 28 117
920338175862019848 33 95
913485410779475033 50 63
37703914305153509 51 36
338174991236010074 105 114
138513246496273559 32 55
399588743302916743 4 77
595010127644907818 48 110
376641472551930762 105 42
856095510513420267 90 110
379648643239517309 10 74
739265259167032037 90 103
2378841531960159 25 52
197212254059598628 75 47
689904513338322822 59 111
400879939621102503 100 36
569087702860188311 32 49
920733833436144470 90 105
620694828854308442 12 77
712489723178428083 93 48
316171610947519264 28 15
428062968894281998 72 30
88072363350291322 5 22
551301089448343876 35 74
339653379346579085 85 51
931001689779374390 106 5
105958838188921428 104 113
674090873877453467 5 49
673072711653832950 76 11
205705362712825104 99 102
120363476245428858 26 66
176423563390073440 65 72
669963240700346195 89 97
379505987736788948 80 48
761172181768273536 112 99
340390699669717046 80 106
280024106182031339 71 65
72948947256191913 73 67
767297142475339691 15 58
194743487322300988 49 27
415891470086504398 113 4
153028123626635307 51 72
43721123714080132 32 17
836121565471082118 58 74
451249652795410497 77 18
169270424744196286 77 31
289343038839096851 41 50
152512486967451672 81 45
556363222972773771 98 24
55456664710512998 70 17
745453856508541072 118 78
540176269795019144 70 33
429254965419086696 92 27
730717844062481732 2 28
311579035620547350 89 85
394442396128833186 56 106
265101632183419871 119 19
935061233761220586 94 18
428696723008624730 94 81
816443896839095975 34 32
838952310421125920 82 1
776139399251214385 114 86
728277333500762850 74 20
21472300390885343 9 68
199770440908135960 33 22
869136480753969932 5 33
372256977763139081 91 67
640193114819414432 15 56
860043577943738962 92 67
649101138668335277 30 69
508912133671408209 15 118
260672851068659603 115 60
633196473481430292 81 76
263172077253983310 109 87
750211210351300261 94 97
43816196313263153 110 0
266321065648740020 68 52
76601359837475185 73 52
338761995892473557 78 69
339767182158312063 93 109
399738121536419148 102 98
721363247819063100 92 47
21323708417871530 60 67
589014566964431309 42 17
434342474291241971 100 98
694649594970231685 118 37
927230691600725947 55 50
376271932172590052 103 53
209459546604287014 94 22
757561526049586708 40 50
119299153073292956 115 79
333418273426469314 17 48
897680937264496834 49 91
782664584806363088 38 95
20855645821842211 115 49
360582306299557812 29 95
214139862634123145 12 53
579968150974062036 31 34
15166671540341222 29 31
466415830958447734 10 116
308361394618811939 98 95
924421346040354498 3 105
334082792991395839 26 78
893385411656736958 87 16
772370808652100242 100 106
239835870582485428 58 117
121362091538501159 1 16
958212478668516582 56 70
929581843004213522 20 106
981573017622392159 52 4
348661737238207364 24 85
742712850660887869 114 118
161800986206447880 87 39
575559404035166951 17 36
550692094208342685 115 13
627821758083355167 13 108
501220922976656098 56 118
602179065962206143 39 112
274117559805421390 109 110
345255538597735578 100 107
420212707198071102 76 110
905708947583520363 78 106
151434986697173892 56 109
716617652609659751 66 101
11710819970334710 72 44
305750476050359156 105 48
123144690638226456 94 117
838367213893464697 2 101
954787437399800975 26 101
287872318553061508 39 20
245932959112771822 37 38
247312771562982880 95 106
63254155623928505 93 73
675372503951817739 116 67
346371066356498555 64 23
748309881933324511 18 91
769781076317911506 21 79
252646642293562794 43 100
824316666238683693 41 36
712738081937573342 14 34
823219242879957877 50 53
427331329479064343 46 48
733609553406119977 90 66
456341664621085724 11 56
503381482951025627 25 59
826042929613476684 23 91
880453761234286175 49 44
854325125344017405 36 116
556028365542126455 96 74
253572160333972910 77 42
245388103142370133 87 28
497646911737674964 2 72
871921435780154110 59 2
39509248810118512 32 95
21762064646196568 95 28
810722736845165822 93 114
725272365447682315 115 106
286169891004897594 52 25
277618346489561655 29 96
434080397438725125 36 7
558946364775327778 94 8
189916084636190289 14 56
91402729273202258 68 111
140157072969104448 67 82
706306496732021929 117 40
733932864332862396 84 44
570238445507990702 59 99
312275498252350800 39 31
568110404338937665 66 116
756665658528021709 75 68
80536865504260824 1 113
341093066894680796 103 30
913517753518606709 47 77
317284934013028759 29 35
85238899510993568 28 78
702966480819893139 56 74
190161918233354632 55 1
273639857403584739 102 4
486299327813041180 59 34
461172750453918947 89 12
952131566355310643 70 66
586427078901371953 8 67
708232962499730857 44 35
693359367492741009 6 64
871851295650397854 3 116
582897726109927187 45 56
133696229106443526 102 113
88159033170381000 62 101
731764151050068052 48 46
353692023719318972 99 86
251366885491928987 13 111
942610896400031435 1 22
358248020150536074 94 47
361992336857670690 73 46
308780588225743943 81 46
618219929838165837 113 89
589558261570616551 24 7
215923619217568886 79 91
803901414603029672 90 50
957167498929514315 48 15
252638189014394108 111 85
649767858767247639 88 17
810542655825710487 63 12
38440332673142567 42 43
220304507128251112 50 48
386964230812413829 64 65
301342479399131556 16 15
459496911936125734 21 12
842508491134901042 4 69
669725161769656501 107 43
193237112160576286 49 15
482300746244389245 10 67
177245406604246892 68 12
652934470932808915 40 89
525737731126153675 9 7
221206276601309769 117 55
682353867016071853 25 55
59506310648859249 19 67
845028065319302250 109 108
522881506781293291 80 95
179935140452274570 106 108
770488036429073098 107 45
203751903513157826 6 38
285746626189981426 79 41
22422870089644353 20 8
281899150807021195 79 4
990790068517363835 81 40
372827110574279157 89 92
155365930052339427 23 59
560390881459909661 0 82
149181378480600867 79 46
533310090364687343 37 58
546715715936273310 34 0
456204551597783149 66 62
601077770233003745 105 87
464877996613539246 119 75
682736591000877715 73 89
962694318722454428 80 7
18902592693006456 81 15
571378635791725538 18 81
658467928751419609 80 3
272015479013395517 2 55
203661919134133629 21 79
477700945000077212 80 22
611564271780749344 113 10
946967111544565294 40 65
118225738084864651 119 36
443824646546569571 38 75
145092551628243515 4 81
959796098436430923 57 3
639929225554576565 98 40
516239690273704056 42 35
814927283890332612 20 114
693050766345057309 70 17
147878056820384440 20 38
40742051520239752 106 82
576555948205296664 40 9
114649575220567787 42 62
646579476996925966 76 70
391368871491498830 44 36
921875575833574521 14 96
185088896173783416 56 56
498989883646676973 5 66
295390976009853048 18 77
980602008576784772 110 55
776501581730927141 106 63
764524281250838178 50 68
971763911798714527 30 116
413895625019944147 30 81
64639722831034198 10 82
196353132533294943 30 74
862391817084628699 68 60
206090600158810626 105 99
632672547262733913 115 103
562375111861717868 33 94
427583544247650288 60 87
811164091377863480 56 83
140307089808706418 41 54
825743645519391431 111 40
395920016099502455 51 58
674340157314082136 57 22
238570514321248243 71 36
131924283671389133 16 105
539432793885550771 14 41
490696509736317738 113 110
417324284387188391 38 56
201641579489717915 54 5
243177684605798280 117 2
239961874081385956 57 40
156395203582309407 48 81
938028116009016916 46 23
575663641748627078 79 99
450786167995818392 49 8
962340535729395821 45 23
592572312051050353 24 4
252813029590020180 32 6
194023337333012632 98 26
644256506274944109 19 19
703622653765049533 57 51
236702147375260287 9 10
179258758330032848 69 95
521899546697032887 117 100
869768164256696583 25 111
217163184321983449 19 81
943360332820930838 74 103
601623834872146804 45 83
149620603512683462 96 106
875673612619208223 14 95
581229065192787427 9 46
373408823543048281 56 107
642982366019266203 30 94
608088833206475528 55 49
265862072627387728 4 66
765708947859962754 40 0
128012873408511227 66 26
25754697081956490 51 95
608304588905289089 61 34
233411766670798246 31 92
379784767316986857 28 61
987855635608227627 34 104
376694963104367178 76 115
106058843618291100 8 21
957510529589107545 70 45
299226151617619067 14 90
667554844342367745 48 12
832193928186545796 0 7
816936406934500584 39 115
126353590639707475 9 110
550325449326316006 12 21
37451493344364958 87 44
351581503084432089 35 25
978478166522585135 98 52
350448974521768055 77 24
850768263949683330 101 74
660932594064101878 57 82
410635992476051988 105 118
28777331887453796 14 27
243834162035832485 46 63
461926215145085820 53 86
276972126569207587 38 81
646127349946294845 81 30
813186964318857223 15 112
611049505066809440 78 30
657654458905538755 44 6
120982109418720205 71 23
623191978890905096 21 12
969714562923055035 37 39
729648997798328786 68 3
744609867622451325 7 52
924199533519117124 48 80
931207740500153635 111 60
569202073992306731 12 15
97427397156541847 59 46
906997043993118310 70 16
428692266703232800 61 113
239000025595162419 20 89
940613691488357017 75 52
645310640729689326 97 79
1759529884812903 96 15
674678496889588966 5 40
694746654312739774 91 94
495411258990999205 68 6
175610292247065742 20 10
425065185228699610 42 95
259076860063861046 10 73
291279697879520491 59 57
32245969117877575 59 64
64867637501659314 101 87
329757080464410714 24 28
308765145017561190 30 81
682616472107047447 84 92
849050622159516373 80 36
451527593850397097 47 5
802475492333281245 66 80
616692819077380861 64 73
410484726671204304 94 50
462118763976089299 71 70
56120398884684872 14 13
94018106105593900 118 14
192549578221430936 85 12
666831484859845370 108 47
147080225845261006 89 52
324920687649485286 29 34
147428083599664390 9 56
843940745838804551 97 105
829621004474590569 10 50
662838938640101820 26 58
205420335650120616 48 9
977705620854413098 42 1
599256052209590081 95 44
584229871141196790 22 94
774143898630219128 65 99
5986364413070567 27 59
298536955961479939 79 64
197780824921052364 62 86
819718525769156394 73 76
79752162336652603 110 3
669262097420963188 93 119
124028313909765030 10 65
41222942439614475 63 11
575604016456750028 44 82
225643246400420677 104 82
963125183744771277 67 117
97311745396953570 30 72
599755305478748576 15 15
514657203853771867 110 6
635788380759051122 51 62
718475622040715511 12 113
242415529145817895 2 103
735446090534012610 72 21
901765067284872042 34 105
324397613947035252 45 52
459795775060380623 56 93
335712272092361000 100 50
692681950078396014 22 82
716278232248926598 101 88
382659991930962958 77 2
286422943601585517 23 42
813106924400839240 5 102
455323750079625029 114 88
151693619800812085 56 96
615095147447315410 107 79
376717777449455539 59 78
358428509696566690 63 75
759927697106827141 37 91
492766815559617847 64 109
7561840592503956 15 111
948482365684569560 9 98
151834665556068150 68 1
235378151414365730 112 28
146605841092545102 38 77
504506406949930434 76 105
468865366183370584 79 103
334503961711126699 7 56
425872940029143439 96 59
156456297962506623 35 18
911577674161985230 113 108
206120987745877041 16 99
282157141929886367 49 3
841733314798774966 73 38
770432296314313446 17 25
266792965893144363 100 111
219452727213231424 64 40
156527906363240097 72 44
116665386134087621 6 37
560946201546343677 73 82
392181490960775128 111 94
570220502078973608 12 62
46148663773069763 83 94
437081744404715626 81 97
613387355989053310 42 90
342009811620343539 6 68
455276275510669114 13 75
580576198792628389 87 41
363667330228611907 4 38
614395009635338893 67 58
483094050020292613 28 103
624838402831626270 33 80
137586712865126389 86 72
398011350413895328 62 19
163221469486409858 31 90
625052818183442135 2 99
79783858143007051 72 55
690418809202009899 117 107
952026688563654359 60 5
308531636773864115 92 81
490644592635127127 65 31
685726388907325520 46 57
655190354500955346 81 77
290963446522837491 15 87
848238204497675230 26 18
794133326952118696 95 3
530495205698226865 0 88
697892932530463103 104 55
670481911383607429 78 11
435091417982981756 117 13
140950758514877753 24 12
496671603751598991 37 48
595806683529561408 89 90
635536603191870909 8 1
375784939593804332 94 89
47091632867291604 99 94
732419558065522922 72 71
372171889657918861 46 107
393428405094768169 44 56
283591563559503383 88 105
978640970799969332 98 45
521638046586827302 42 104
277223393651177485 97 74
911832546392709026 90 68
425347265651942380 105 104
130740115309631741 1 98
136613048012800246 48 82
706325907789467724 113 117
262411680817989410 114 27
553979613892947919 27 9
980150635158244197 27 67
572558752602618384 55 99
603013926588548424 73 47
276231833545364177 51 45
14816070841340340 8 90
657259065238615357 55 37
783960483256013691 111 34
23165328871816578 42 50
154958266481129860 45 62
11495201046929046 14 76
590184598573128910 8 119
829020082569343685 62 19
731178056997402959 87 18
32175834618510432 22 34
675987890084302448 66 102
899805489060939208 20 108
683468476835221144 98 73
963247029276105265 38 54
133140335662527668 76 60
370848110545658771 44 17
720687270578592404 102 22
894207482316283246 24 80
330861550295162189 116 30
286879899858747442 110 50
699624226306722427 27 109
560123776762312888 12 27
74076416827555060 4 50
990174939972788823 119 77
443431960705500887 0 88
379525744084977382 9 61
801987162899198966 90 99
442082184320730120 53 101
163844134648511195 87 67
337539765035582009 86 27
242334214388333561 51 59
160668856080795756 111 13
109808539780497276 99 65
882477670708905957 56 35
32459426786103287 18 117
253741811986018583 88 85
587993794628793469 31 87
983980966458630085 87 7
263919331877823770 20 110
481032749839427420 77 60
86793938406260297 4 16
728135485024372849 88 84
867124731672305451 118 116
705626482634676703 78 26
940568908575663869 39 103
134748559522266503 98 114
636480732832104020 106 36
566162738524996121 108 27
977818034005202128 117 98
354377809755116515 24 15
916226913418306990 85 20
680184421837166268 101 32
148925566931969511 28 115
234447996618422938 7 98
256766543170043590 112 98
993938128121989951 89 0
338171201961827536 13 38
389021153555153872 96 11
992333905310675770 96 59
824820369908524281 84 1
777873718014551732 90 74
430315631091486654 56 31
391460255291465370 58 22
661484924033061471 77 45
690234898525616819 117 100
779762291065815738 47 91
339829605325105401 64 73
676612320228712493 73 8
794771637877458115 95 86
1660651849685977 84 67
214816864727656499 53 51
610396663029082114 76 35
217669044521936675 29 69
556304487207397495 24 24
437432373435853364 53 76
853599139242583698 27 30
80013930921680868 67 58
909714686348873922 9 117
706428967385657838 65 11
557854968882996758 86 104
988281009553846633 71 95
287598521996478711 42 2
130620678681229875 117 47
550123929073295356 118 53
202687806744845096 10 21
561959356927902597 82 37
270028489160884980 19 8
369840323439566097 117 116
874414994647428175 24 82
299143560591164768 1 73
119218285843767204 23 50
74582238273185361 65 75
261285417562635532 59 71
810147206831855452 19 69
338655736153820732 109 1
281005672884844774 103 89
357651042545618279 72 95
666358454319267262 20 32
133832149708329060 117 23
931393876495811579 96 100
271402947625316200 6 4
442830535401589687 103 13
663815221315587537 75 74
131544746137913900 71 46
246434798504900252 91 54
577459663794652523 70 119
866439216473849362 12 9
990205744822092056 33 117
45870928888360464 81 15
784175324680287363 70 49
209788582168706043 106 23
95369978315835835 54 74
646207913554150979 31 91
243973430517307410 119 6
547648488233588880 65 32
23878797377079515 69 116
229305399747964548 5 115
967982389450603694 103 17
740546153306845432 6 6
137217295345081859 21 41
495326815109358625 16 30
896269210284410527 12 85
970966914948241515 86 110
993077343369713520 33 106
256833431029500132 51 41
628366722264124663 101 12
832133694124690653 88 52
73987217703359216 27 77
188487317604140047 101 100
355363914533958678 101 100
552616216995993090 58 14
108222049270864698 38 14
677766197271853085 73 57
598167752899412236 95 8
370596754336053429 43 19
122041250523940522 46 91
888812263702433155 36 19
992810470602448753 3 48
975257241007884117 28 4
676857201562084912 2 43
572691228739530633 20 33
142356624646113042 84 47
856556274432674303 8 117
143147255309863768 45 83
965112774827892777 29 81
361494034706088911 63 42
237556659371077730 97 54
193470953994780479 24 114
917196151197241795 102 78
222506846452187117 48 70
480711555261785544 83 108
861475195703948897 20 27
680113939850664761 33 63
110539537945837468 45 70
772654667225464170 48 62
807862432062482891 5 3
864464948388696033 56 6
206286101216416926 51 88
351804169012403478 12 63
372425294020319283 114 84
358246592046497895 34 28
984585154152646461 85 64
155771251321288556 24 111
785052879184925869 77 47
768701784458289407 41 18
794749792776496030 17 100
463432921796018948 80 30
694020624460831867 96 62
877902125802700118 34 109
109810220277215185 28 46
524335779004135030 26 74
134947580053978481 81 44
746293835868848284 86 3
471966605804124916 57 58
715148903673978646 115 87
688471412824332728 113 36
870320619097731171 58 82
559395185060175209 95 35
556031383238471566 26 73
906323070895419790 106 94
730811380085847389 53 27
568404150589474343 72 85
145321252946050796 18 0
59300765837543403 71 101
530015153928492635 105 107
369657977426410133 54 110
670591452046064380 34 11
554104230767941032 86 66
579069831118386338 51 5
901351613066981270 23 7
575262141152813874 24 33
179841396757260899 47 109
797426495954438802 41 82
801135763689691791 21 111
195720398456646507 40 1
93186362125319854 87 33
706929364594845168 58 54
659599884858751691 10 100
16295955599118289 112 96
767644196427884299 46 16
946388008724724279 112 6
269196694989848815 84 37
727345460469820333 116 37
795369239170094047 4 36
864351073037196682 21 97
859866046835954879 67 108
928940067266839198 40 66
404077083970120890 106 20
425369843665230096 70 41
41476436423366337 27 13
816650401159277575 101 40
355312675560824638 26 40
962043825594013655 26 87
162304312145095973 53 0
714208858206673942 94 54
112068279253539271 111 5
286040904768059014 56 65
86479441437076760 60 119
861686569355611028 35 20
134749786960563108 2 99
266861597482250524 118 116
957962165872171115 62 21
749049727921062659 1 94
317466557657400852 3 92
925519693461505596 96 55
635728942976267896 58 51
937527370674185706 40 92
876093439091079225 97 4
578734548126311609 7 113
53400194827443879 3 34
588660884521976837 55 102
816857037400162478 55 55
411397116155902590 36 78
77717509623047021 77 104
196388711845425590 98 62
372353261617159121 45 109
473975274267977459 55 24
853178528839468395 74 46
649344429223127037 26 65
325486339546344628 43 25
466801445519667235 60 15
9691606031711636 3 99
679697542338531471 86 85
576804841070859991 101 5
567271552465363579 74 89
929760281081493446 82 20
520905830642380158 15 103
137623872518896381 84 96
914319669982511180 80 90
617534313524253783 50 43
415392342927099169 7 80
315626423683244740 40 56
110532476128844855 37 8
149134277427829596 31 85
303932645142202015 6 16
891358880874903039 56 39
776615126626962102 73 59
280404110547421123 36 51
281666541764154838 52 51
112869626276233531 24 72
547838756820867487 57 18
977869223039129102 36 1
127560954718038077 45 71
246708161909622366 34 77
809316967224527928 49 48
905170410870345098 62 96
287744288147156125 15 94
312609399302540812 3 65
454398662434102469 112 94
541410622218082483 63 11
755439893005282857 31 43
839112109679890570 115 7
89864584430051790 93 51
446982121108978104 95 99
117923153939355205 19 34
801548691874943380 117 34
629129110041603678 82 112
121566767622211237 73 67
912068186192236683 65 10
957019565946222651 13 2
758706374482862466 38 38
399751118682464460 47 35
647495702216621102 8 29
110030720060724006 5 99
974596267474046625 70 14
455329639420385148 50 51
267334753040977874 58 67
572680008367302623 67 4
195061622484410872 62 60
169299871592097685 17 50
580525024955195819 33 96
922812153669107597 117 9
252763046931951991 49 6
392770183708376122 83 19
60130511427161926 71 8
43240390176090284 71 60
311920927909144130 117 31
578251601091539062 85 79
175393938380922249 95 58
99987363730325475 117 82
526094894727020726 75 16
236524054659202653 110 93
779042271120079812 16 115
141050940864070153 118 15
607888968107577207 82 35
578961491737040189 76 51
287877007140780891 71 41
306217244452060446 57 73
398697123858086921 3 89
110263845125213335 75 58
407650750707632214 13 36
251157615919148937 76 95
84195101777985289 53 13
489725377078067815 2 113
760213675559419201 101 88
491308351716974617 30 116
34004279280238544 47 19
486370368933401695 78 112
414767713764358725 52 11
695270153685605362 53 68
131037462283151750 38 44
886740958185540392 53 44
910514800276934839 75 103
221098543361809286 98 3
565922435775839684 24 84
344824342284979234 54 100
960950195968631064 8 87
466128075115911928 19 47
356251710539704029 51 55
242022478742717046 31 33
923497224726821935 30 46
575181344374034282 5 26
341050965446766863 74 34
799488329574150070 9 115
934239822807210843 42 118
640346534614949117 44 14
811726825773617005 67 15
638430170805884899 78 0
428340601666305275 83 23
128438483704652538 49 31
640119695117879367 47 12
253824015476845053 76 21
538001646361593105 20 64
769245379600423594 81 114
611874077696825823 105 73
90882350743294717 87 38
320285849739767920 105 90
670170485598020745 51 117
546286687448157712 98 92
299464696907529419 27 115
298712296195586539 55 38
260563288030639958 21 45
466373142296459301 105 59
245625297905756214 116 45
319674634717664011 44 108
737095461034418161 22 76
811406331107670008 30 6
804306830674610576 51 60
972825826035847042 62 5
705541948331480440 28 41
370195668610650744 18 48
590502044303822368 109 86
469995239030428433 58 12
91185570078862428 89 83
682135610907585140 96 98
189393941802866967 105 18
78447740720470790 75 8
536977722718837699 100 53
332922116639188115 96 38
887308983918242710 38 59
337526007346806772 31 9
387939486379479958 99 29
170228358275852726 16 45
286281799587623604 14 54
232388588228170981 95 102
519285059968742178 72 27
843189878309643670 34 15
704629558857218285 111 83
319471364260533048 94 33
322087224218070526 48 7
867797992417759508 114 36
16309265474841532 33 47
437977903934677333 39 46
152021186667442331 87 48
815316605646027740 43 23
160292730970930866 92 106
687712442542805977 95 111
769710992084788875 44 14
233006339478274959 117 9
896165900842974159 31 18
436022660039710561 86 91
743801440415031024 6 101
699226157110712911 1 58
683514534415438710 28 104
847530846581619085 82 43
683732076125478220 87 109
877315779029317249 22 19
324154279382768670 29 34
656833428449977569 66 5
163581451107862196 29 28
572998094890259714 109 67
639846300560742240 78 106
206170518525040595 113 24
48028420741309477 94 47
643762974754490540 37 82
150716778316946759 77 69
75191255138292132 82 111
940100005607809577 31 34
827195663653465931 103 86
262585670256955330 43 59
332731049143475569 14 29
790784636327796944 34 1
150607657126435682 116 49
452736432653333614 111 104
594342914135460658 21 60
877421429081083483 35 9
781134870367168970 95 26
629538326720608004 67 38
711870519929494354 14 80
243216263317128351 105 30
187144155470274389 92 62
194379350736349381 18 21
589888065114679821 35 17
683565450260930950 83 53
947801366086578399 4 90
481569101966797781 80 45
629443146994333215 95 67
612776784506650720 75 63
378021019198699217 63 66
486816271719903275 48 41
540052253438850420 31 35
606426309619295604 86 57
918588944931685105 95 4
794227368077452833 12 106
921042947248218601 68 1
86213955511128714 16 78
927870603167034774 100 117
451669316796437387 1 0
852897288438457384 13 74
592411950958404836 43 88
528276321919913869 11 85
555394549140896968 113 5
149989385637674488 36 114
196948270258008427 100 5
819294099613102133 89 96
143548627321146014 35 88
273338589193242191 110 108
473346453681292215 57 47
977058286737264338 15 91
741615077436676784 75 44
527650526719710515 37 108
488401132505202010 27 107
893459596775531394 40 27
451874979529135927 44 13
283060089644598591 104 8
232341000564102035 88 67
386132114081652816 91 15
144147429438442492 12 37
691273405316539628 72 99
680656653964058574 113 119
168075014358915364 86 114
773540202095506734 119 72
490752878627534040 87 63
212754504208567156 118 90
879372689985554090 82 66
261202813851425185 64 59
226182146892294961 13 9
441808428175695870 56 58
769750818419303805 58 25
125832953452957128 49 85
867774129364976675 88 53
286117784031955336 39 86
829964549858738520 40 24
982176304903676924 31 66
971418500950804481 13 62
471493525915935110 73 85
511171305182927272 67 51
98999068319657364 8 47
612134273654600588 57 20
564295405659493423 101 106
517782905488960840 91 93
759661383317305448 97 113
478836444196895007 38 77
524013931505400439 98 59
72989697496512291 65 2
899151646625321986 112 113
661947752692171863 5 64
303351436559222922 100 1
726614746129714168 34 72
168913708725140013 87 118
568259100867098529 94 54
545625538854034371 37 69
66540322545892870 64 55
294631621139866305 27 71
108484907882966447 5 86
984964148510453119 23 19
403009737237009865 46 96
828766463845161099 109 39
715182943068864329 26 78
158194245248031391 63 32
437717067048047550 115 65
305417858448223317 50 8
266905717480869730 115 54
990574656193305258 9 110
672316799618667035 74 25
501084779824984893 57 37
870902193885023592 76 100
360411638857136807 9 63
36681471473773653 60 72
700656344432024261 116 76
834132314736815673 118 52
339519871839623227 64 103
837420760507817984 92 74
970325050993465233 114 68
484522035842218890 104 92
396660336171808906 99 28
530160050552204741 36 5
934701361630279008 25 115
16648726415313984 23 93
720498589005300537 119 97
71306613177259971 68 105
161490558989516952 25 20
715161502050768028 41 27
780060545696591874 11 2
216966084011805189 23 52
561823186952104123 21 92
629833577630055990 26 21
65974846921365548 6 16
338761062701766968 6 31
998998978722222027 78 77
665322586106533321 61 56
695518021261190279 55 3
718615540577160149 111 89
575673207659557061 107 31
75922927274396098 82 49
646037417256283883 62 93
830002414506406954 53 115
480024136440114548 18 116
527995309245272263 37 73
856226576098869195 46 71
630058687074915952 95 25
806274223848360659 115 29
792465985429349964 20 82
719100783981058254 49 103
796782101308121918 23 88
127843022808833437 72 40
352493218479314466 119 14
234472939593907360 105 34
296175792939212666 115 86
633836529395363935 65 79
848864559851815861 84 26
374626957102694372 68 83
758938936147000473 55 56
554936316385090242 94 109
83885435604915534 62 65
261181706556355894 30 4
206803431108439891 51 110
836100773288050404 20 16
718992384009822063 111 7
488827698278961296 1 34
630442928195237227 53 23
355810712914464131 66 34
781552686469243984 54 11
377956104807541366 17 40
648480278258487835 15 71
509793580505843507 93 2
762832958357413202 111 108
212897628144734741 44 54
914876812665590373 34 21
219142102790935470 93 45
792656686361758124 67 58
682238135172767901 31 30
27794975879957228 75 118
937881145777599790 99 106
385644257911671371 50 100
41334868283128314 80 16
933634384949265810 3 11
907177863655744318 9 29
179941761848341746 62 18
615544737004702476 49 117
121755806993923743 39 118
974247246273258667 0 55
864706322681665310 69 1
108469007200922250 40 113
458299944926613514 42 19
741319632564868192 22 45
58508461053012670 94 51
925124478382831472 17 77
35064867271128113 42 30
224748673225858565 64 88
884864664739055770 64 88
370121430934683372 37 114
287767395086016623 101 42
238478538112261966 41 31
157257232327844705 92 8
387029145610933445 102 62
476602786388167986 5 112
152816706117193333 76 4
804662324631190477 43 72
74034008921866062 39 106
627958480093971108 23 6
959523313168149190 12 84
145379047502155575 46 94
166338029416842027 14 83
141764159674373867 13 45
794458196815784492 31 7
706730374449188161 100 18
153608792042708341 23 41
76354163208166301 63 22
667514638607826306 47 31
532684388550536906 83 75
663587228409103618 83 70
238207061535701858 52 46
369679652965540685 56 92
297483315314986947 37 12
795669820588457096 97 99
365747147626172920 115 62
122919585689812392 80 38
219803668867470525 81 119
936934699699446949 67 64
201158374876580594 64 62
670661633809426440 92 46
302336854559579937 106 68
892157134730200985 10 25
568786800955115920 51 95
232531492199406050 21 48
132780567772316295 94 67
972853552318557771 117 82
117519202878059518 115 23
817708276111560855 115 71
885547089256351940 7 73
779839402595680889 17 108
105771277855787373 56 51
432129085203480599 19 16
605878506633799288 92 112
572927703321191497 82 25
94791070486683927 41 34
383584592893129193 60 43
891867029088760190 53 55
655499176169052325 103 20
466350575893728696 94 8
426335867379204390 5 106
716947787678484197 58 45
669867101265206053 85 76
12596286831236462 100 64
365315512080147715 34 57
120410965443475151 23 94
983855548344470257 75 107
14410072775111570 76 95
575286106580949174 14 8
630635040000260163 54 0
337743002107154610 72 117
682385547760570668 2 19
539268083214756874 73 4
704221094966521294 97 37
537689793808706055 61 101
472008267939509513 22 101
134857494834121392 118 14
855012259258807790 86 0
701151659472002516 11 87
110942933882459573 46 115
779215895622371559 106 0
476177079955441282 118 50
464798026229385828 88 66
966705087720693965 27 9
303202788409581253 93 71
920304061573592117 61 60
212527884919829547 56 11
880111031478898869 27 88
352215298354845203 112 28
934978915703319106 54 86
474116080261380676 61 41
187579543156215866 14 42
943660021086818385 63 14
116368908679641738 76 118
883149229979800625 109 15
214216830674274171 77 83
324769328606125285 107 2
619383530459563813 30 93
473435290270394516 117 36
472561913144748134 47 20
762527087352298132 0 27
956611598254072691 54 20
740373494826679455 62 96
915663567887834922 111 33
783866003349769411 5 95
530997224606786498 111 81
586387364167784482 61 106
819905856624448602 41 107
739853841502674921 85 30
742408104744049055 0 54
431186796949882005 102 78
710263809939020155 88 82
986769420023660589 114 50
990242914207115420 90 86
55650472566976189 111 47
198402178122135715 18 50
805213835582143731 33 5
270249370833663410 85 64
854498297330801425 110 7
935768923000907994 79 43
165372113853167261 94 48
666701551473624729 0 31
436803275231083674 9 105
763253048010770600 76 30
318030283395207605 89 95
323951426992485457 76 33
533020773280923579 92 58
814758242625491129 55 58
255111413838558468 35 3
679811442275500691 35 53
402779853445797029 73 107
492073223310406244 59 96
795320531216864986 114 32
949727320021858401 55 63
187687935280140326 109 23
101330989131520548 70 23
64812523185730734 12 7
458841730654836581 3 117
501151739890359235 67 56
74823774865557986 117 116
170179919575354937 67 109
532970017782675220 9 19
191027799784492444 34 105
343760068242066227 23 96
905899554230870482 112 77
637200947891442280 20 88
373347896495124029 28 115
933606920913934915 93 16
472457529832837751 17 2
823447240154904346 33 25
402366953524654912 107 11
313346002703325228 30 115
649131330764855607 46 73
155532959689640209 40 32
17513511902452178 82 89
68539807233977332 42 17
252740499192890746 32 44
143639688077095650 17 37
157827998195842523 66 32
977448560568622438 118 50
509229839591425758 90 12
895649055577904932 54 40
427683549401364915 13 87
14649894208503086 23 96
822712059038747621 37 50
110835095730976536 23 65
167432207336352972 34 39
980609846919097162 66 104
691063787991737347 64 27
405098894665943557 110 13
708941367099619724 112 58
835165473639398906 89 48
46893070077123997 90 88
692177539144652582 104 40
115081515370945658 74 84
895834661859156738 20 26
575408455738136694 5 58
845944311344768030 111 5
114441232731866352 75 116
692503080094471876 10 76
88612987089925203 53 104
497720212601151475 115 108
898201215043272662 50 37
498510290360804422 93 69
422891613965802909 13 117
364158984192153248 88 118
33783004137693109 117 6
919316446745588589 75 6
586460424125307759 104 47
796606660338148342 46 96
992280415813935559 55 86
45377260838865548 93 16
116607476920547040 87 21
818563669334752522 1 77
255576897315319030 12 4
334325455314098065 64 82
607102816644205215 104 30
430926866662223530 69 78
47786959930300769 55 60
86427972432588020 97 37
420676530507257022 60 97
213308080100819115 72 43
717168192079548203 44 105
865640407255630702 72 116
758076207586183159 75 17
11729985254188574 71 96
442000502185560611 51 100
667501773876250873 64 8
308182829982297817 56 32
482071818773336560 0 27
898159231943501933 110 79
62061449887909674 58 32
843636243106572890 16 94
233962256055890727 70 41
744961805624363230 45 52
572115666020076936 101 17
118026091719579235 0 39
822252017147191123 67 1
398955856399740835 89 69
963797528180962801 60 98
450120533588600645 31 19
3110314340395325 40 89
9859977171267174 109 0
365293367016916493 22 66
643888405710091221 90 53
617138179486638332 29 0
461189132781240548 98 27
959055417658385437 5 32
27538693941778362 90 70
897833180435750894 45 102
118142609841456126 96 36
156003392915589119 16 37
966414889681233862 23 74
122243950020572851 77 93
682077024549101779 7 107
439619604580026605 110 89
831306003423595458 80 89
955685441858776200 32 99
397825696575059166 73 35
331718487787733067 99 75
62166679164485604 101 14
477506269246254341 100 32
115514013498604694 48 36
59522033591083143 67 56
463684497641672467 49 105
130311232313697452 36 3
167374124045211265 61 68
529927476916770549 117 37
267600219031644980 23 60
208280775314391239 119 33
767182116691231596 20 42
20762849348280238 26 100
622110363143646478 5 112
68529613694367901 17 53
268646217988396880 16 23
411544406161575002 109 22
112751391940468112 107 8
544528414359517806 59 42
151221605663931795 54 2
451492614526104428 49 53
720488726502205814 104 50
239511020334952197 82 117
616676468467979589 66 66
307001025324459498 38 108
881370124802788824 79 62
471696733525752221 11 101
162397174117938162 100 76
952403437422882050 107 36
364416207547936429 58 22
949309433496750036 64 107
403516910355895238 44 43
723648301274040360 114 4
537134569346537731 25 18
165708188634448512 20 29
673636342709706166 57 59
414267563411788778 34 0
485122580138232923 112 33
443837886871387190 13 114
981399871720420129 119 22
590896355729000043 100 13
386148897730846303 54 35
71930840157314881 66 53
681684236598949783 73 23
525814191761796841 13 26
85480762796227228 27 96
388991524329094928 39 56
905705950265941528 85 63
64314061971102342 54 26
760775268287480623 85 11
957043947615719522 45 46
890158024431963017 92 2
963621868073154042 47 8
199925623184399671 98 4
34755396356080749 21 97
326167406089722315 12 90
19183531944274892 65 115
109776820904120121 19 38
370988773243563417 26 11
847645255453462375 93 99
313005624007378598 0 39
165643996519329404 105 67
474155671021577214 88 85
788106655515543385 55 68
61032375435940091 8 28
847392830124246440 61 21
53787091327522040 41 63
818223957834531349 44 12
173130444861108940 80 68
64898982442995242 90 11
632275736030995530 90 34
967165167901750228 43 71
977790788004228002 32 69
171215936414394905 107 69
837960114793224893 26 5
397333900891477908 48 73
537459045024097039 87 90
488227449092208660 68 82
793176904242027624 13 108
982870257131825506 25 9
574629999453522956 83 11
176036344156772412 89 35
249853829716088530 22 21
161091327157495499 79 11
518304884603284826 4 113
181565990780209470 49 1
400006104063940684 27 105
785141873851631860 43 72
264213344191058259 105 11
969539492941049112 92 77
192469744096407040 91 48
420133973191955390 50 10
980719088943680497 34 68
148634215691863829 11 12
259416844381771422 69 65
465591242260788824 73 10
8161493787455153 50 43
221435460654178920 56 91
348706531764663318 40 76
749355431345825967 60 111
709591089726624581 78 61
675390480809918273 94 52
65794379850341612 32 97
976930045642873754 82 43
937125196704670776 21 20
68093172966402756 73 23
508652627200953186 76 32
442034747221227959 66 24
724659422133031025 26 57
16589148706483178 91 11
561958318384544881 80 119
14890534375118674 61 49
493522733369450744 118 118
367873670228949373 26 1
352074846232380413 62 89
461283103648286073 31 55
639085590986177567 27 30
547372640174728160 70 26
535437281703842361 101 15
273004609316608951 96 45
478703544864564188 116 41
41085387528792488 99 5
865524560151298186 56 21
795542627851695865 19 115
519306197874029952 30 8
685989212190249112 63 78
568740660647106561 68 38
440156314600616742 32 64
533760745108399717 64 20
603328456300675064 79 38
548509094618146997 52 46
343680561391913906 18 64
367896975603718736 94 33
695617288374477665 95 27
173955097718153131 54 99
229475027194139259 96 107
104665189330184672 40 41
215328802633275338 55 30
876502595184415529 28 104
667927622855287162 53 25
1477998152224215 116 113
992459824808104420 84 53
78637872003316697 75 61
943858864414693118 42 9
934493038285512350 101 113
649928295512387352 50 58
100788733357616304 98 13
859563724270007275 53 19
850427361685645042 38 109
532030998672679153 15 67
448583634504345652 102 37
53756086393522320 10 31
653143874467912053 29 109
844100841099062992 59 14
338978452508880264 70 40
994726338316369343 113 18
497489342834017932 19 54
292760358252028632 93 87
907914107058564907 13 13
760571666252367927 62 87
44964280836873847 102 5
947755160239184669 49 25
709941322570399892 80 114
191238883186810410 75 40
991549336429118322 12 57
845629944253167068 60 111
948411966343628291 75 89
575596800458663418 4 70
680121837200038624 13 3
153154804360635952 67 95
639180330442854171 49 6
514381970222051961 53 14
185630718673148962 25 117
502535254612062646 56 39
669701159634536511 89 112
557597337867652123 13 53
880885418442209144 90 66
509219325436819278 24 49
487412446500386726 29 41
459038831114014254 41 5
2945837530657639 49 12
446855911836584406 0 73
358360610161333735 98 14
415210275369921510 110 104
131717237586374816 7 44
582117170287199474 60 20
355756022906444955 34 68
921615252413381349 33 100
103161670965971260 89 15
924470052099446539 92 44
102462150843821954 13 88
434002221032885176 118 63
249802266596286833 89 20
229111494319648794 12 115
77405884320575539 39 119
817706228191632951 99 119
290000851218025199 90 76
397789275821525133 20 112
986073397708371849 90 90
796489504724276079 80 93
3418043309287652 2 80
91795561851708024 77 37
33177253441366310 115 63
904400442081540839 50 39
996278417537497386 15 81
555934964742203478 2 24
673053908768064835 108 87
578111705462558640 18 62
155602928521374942 64 11
457677449065896580 90 115
586521727859136864 70 51
418723918821917112 62 50
997804880447222055 48 92
587748060926885357 105 49
249589690441130218 81 43
967846668785507707 59 35
999315147057969938 95 57
635734413784009725 73 74
398830754416849269 20 60
278649581082282137 57 38
877463662057619581 94 69
510098907241595866 17 74
682943020458807972 117 16
985370791494154080 2 0
651048757717717006 18 69
545637561140003883 106 17
731151691488381054 81 58
776491310792194321 89 91
384000364776786440 72 21
57492878923194295 78 42
481684028697712033 17 92
595515437109132811 77 14
153417244112822938 79 50
260146243212137703 4 119
766491497696363548 60 68
376688400459690494 51 79
650415563701554948 6 14
875163758493647293 113 16
924761203019331735 119 66
593069745384567252 85 58
409720486882057680 59 50
434086312733056773 17 80
716735629338225632 9 114
756506313995137228 3 27
380414631309348618 41 6
590350812248221609 75 108
447040149547405678 18 37
958079810508290034 83 7
694189228630051256 18 87
545378954226583094 2 115
754893359936405876 32 98
733274746501865185 58 7
232184402029552373 85 80
549948868789381403 33 30
480653253674665771 92 85
762661288553000225 93 47
11312898466679062 88 60
118143359999247127 78 72
348238526030292957 70 51
192769080216896887 28 89
762370934844836342 42 6
552873331640758465 33 26
817486575747900776 15 51
544618475239028308 3 76
541795931832816595 0 119
861108122596334425 78 116
163024267474724474 56 14
682941961223452335 46 38
183451522385029216 26 30
867875353867597754 89 86
41515765452526742 55 114
631592686305056488 42 9
618999535807483451 88 99
219184888061624942 95 33
472948513998722692 46 75
350306755949704438 26 49
980604053043634910 9 1
92840454109071480 11 106
857696780251934743 54 110
922153022346096816 38 1
150471218254139020 30 51
349840892011939655 54 115
758582524624311762 104 101
151670731497407457 13 39
169479276660996631 66 51
243371214250630763 48 31
341449650109759059 95 106
461673539062607739 100 51
343900910145740943 35 33
721326167168608287 56 39
819676039915443090 70 84
152193956722072612 9 70
531034702476195811 26 57
484602702155608893 10 10
5925239583827694 43 63
573809501888348308 54 8
920228908799195417 48 99
243611278323544656 2 113
495909463434036991 3 8
713835170377928738 118 40
466203068934448151 73 118
536577054957940162 3 57
151939622732106449 33 75
711671992924024740 6 112
374812920963204296 106 105
709808614255228615 19 85
822867715164008619 44 12
326342728382694487 34 69
956232473839038264 94 2
479516326263223411 96 71
675696905790961472 40 3
163270455125337731 80 5
262716000680402205 29 55
559489683158105319 48 76
965765684646212089 99 51
754111349140985386 33 69
440765778081944907 8 43
730666158187125176 64 36
75972269894221573 51 37
949641648197803390 91 15
304534508438643922 90 39
223285428847805576 88 56
679823391949078106 55 55
7771619900001214 100 9
197077536220434763 73 0
15555028918475170 90 13
557460875973337367 43 49
479693593677407470 97 68
501120323900011056 113 38
18007652472842933 96 40
68376378347589801 66 41
643465781217859676 52 31
271459486965102789 19 33
972410440960570002 72 97
757798676557091603 86 105
729915442259544222 53 51
22006151382033793 19 16
117892533703976277 89 66
767215168217460724 67 98
422754544507932303 25 77
699242641087713137 46 46
940403167992538279 52 45
218632915260879726 7 61
386017981011241046 54 99
292507410755321976 106 40
434109603038305087 40 90
648156150163834605 72 114
178531629001665927 41 51
787227837743143614 41 7
423498013279023928 66 15
786414855393880624 54 93
913110067238064852 110 6
488572875052002211 15 43
427026210383964227 92 38
933568629568669022 52 13
613229548682898936 20 17
570819256995720490 118 90
743182503293665032 118 7
837258180596253130 68 24
308987534056633702 44 78
326936442359530388 85 10
188217921812911793 59 107
115649815200445048 51 28
120781944757457644 119 86
239950979835132813 50 98
871208233376196601 98 30
125249944730089564 45 44
914268274923011358 24 4
463427103294296337 105 46
42809867551218431 26 44
687651306024188604 103 70
152162929270866716 38 75
500851952398964708 67 27
92030308991442922 100 25
30506126088792344 51 32
446474637496823483 99 31
816452764502709313 26 60
903758479890936640 15 90
81538820128376150 25 100
518017122435933298 52 57
120784876482409153 87 39
772512449208416866 43 76
704870485812683931 18 54
195092375221984158 97 46
369802317207333220 117 88
531177451973303455 6 43
684834331934688 97 80
538163512922220634 75 117
909876287428293381 86 91
826300922246749658 119 19
108427177822900287 90 15
434672430602860404 12 83
849548721003682716 47 97
580646287099149497 47 58
144910112914857257 67 37
416153541927345783 15 85
332595811666010511 4 56
143030664212063241 12 105
475671671486049117 19 82
108187770098507563 29 13
282452831631719205 70 39
183457278681068511 63 27
660670180474785029 80 37
421187375822675512 14 70
252982619802017894 13 23
393158827568377177 0 100
78510178897940444 107 79
937571984927057280 1 69
245073286548807317 28 68
318114153991332732 67 91
928899231183978469 73 81
837026230542721302 74 0
615568226661962858 77 5
532476700734684892 5 68
864172065568881484 102 83
639726527750146461 1 17
6021611384024740 89 18
98731101327295787 14 108
688870091867869374 97 13
319957445760370455 7 113
404300981439684679 51 50
151241664876551832 53 55
569795361940924624 67 102
615335661912528962 0 7
177946600003358552 39 45
769898002526890338 3 97
13130424150517608 41 97
517745011667592179 69 33
268028928650094932 6 84
552297872313019347 102 73
694391010267693011 31 39
267639931030380259 116 63
15462610346483380 42 15
312772344954968077 119 2
133115353747729363 77 96
115761742218059045 45 66
905125986671161210 11 117
553638578199224262 73 57
439069669990223769 18 98
358775653641727659 43 18
726473356342757250 91 34
569389527042014763 81 30
406265978319076462 90 99
138380878159155104 33 23
390057690771756787 5 26
459718452944587009 31 8
389530863250734522 51 77
151111769332502886 102 27
816414069412221011 113 36
928814161236057794 72 6
207234789598240061 18 43
328064927754574126 17 71
318328601438395254 101 72
696963768342232129 78 100
128666625648775318 90 42
259611796372081159 58 61
944126189551820171 78 71
773497309391174715 98 118
941284450916117529 109 29
961359505255283259 3 72
300029416952548574 115 113
244777520053198048 47 95
250699025459222422 96 30
57093812486453203 41 18
833816704405733280 3 111
842138572892223473 61 47
253535835514074278 78 69
691592474247183377 25 64
954581900355158488 39 61
701870990464165341 62 4
213886572804703855 38 60
711352484042804374 102 18
758838424178952943 78 44
55127738216824198 102 79
653984249389837334 45 89
933269996136755330 60 5
333031606823388842 33 42
539592985716543720 89 18
766767464939367699 77 59
319408221401955023 114 101
703378103121814882 85 43
437454616498907265 17 111
695855840042047701 104 96
185390095879711887 81 91
499457308884275917 77 17
240514086599818668 21 100
132366952467789052 0 68
798050373907972268 11 40
166338349323415112 64 80
966014406061579762 39 58
431287592073193588 101 106
821263545570628251 38 114
93432082425495098 24 113
151265929778144724 61 50
242689268387104239 91 85
164172495990858086 7 12
582044750769885769 26 43
942255477915525687 79 11
901409336462113759 66 77
983417489578819440 108 58
40592430872422400 7 16
555155699509797804 89 35
584601836636453727 52 6
467841974385078324 26 76
138715853159881547 53 110
836735034747279166 11 9
41001110164182986 67 47
737688241003871348 19 74
808315309615018623 66 70
329533333385361758 117 55
938063962927017670 23 114
60875286767003519 53 116
52772017930644309 119 105
254770695319352448 26 25
266974256881453306 8 80
615336659733804365 27 62
737738126643797694 96 76
870577178891827624 76 109
408272407906397141 109 15
795606558984601863 2 50
760899812324997320 103 16
908011142000488328 5 96
591731944911774398 111 4
69337355622092414 26 111
404554696252386869 1 26
63686676595009461 45 76
153499468954668160 109 119
870312567762632665 43 13
27847565269471687 60 83
351791514484217143 41 9
161134605890083319 87 63
597441839626235612 33 62
706202374448922535 11 81
97382700837574140 72 54
860121675057717952 76 43
963471882072701128 82 102
364721738767377709 50 113
176887724651508430 92 83
335146606795170485 4 5
681988175560649290 18 57
660778769032217846 71 10
504226042000014392 115 91
129421053363538519 69 24
256028437391788840 79 5
889824248069153521 36 88
868758089616658917 1 91
582368625938707957 33 9
898003144658480529 77 9
789393955613377170 43 23
903297099646284801 89 89
798306162750245708 23 46
983913607526672921 54 99
931751984205355138 108 83
270442059661979418 57 3
305503375147201783 40 35
148549783716767331 97 53
130953141965004386 16 88
712718725148348303 88 118
65620312506028072 81 119
632007747324293264 25 109
46570777781217187 112 26
580178840275081857 66 18
488659450659233945 58 47
929304666135058321 97 83
96372258375455129 60 98
921085487211381514 22 58
946681698804982322 62 87
472941015187664586 118 43
561429016601475985 91 87
516109473737666112 54 43
261986465895442599 60 41
890154996989601939 78 104
998298065321635245 56 73
32464587415466346 27 68
389979175113368785 104 48
737558978020013489 22 53
599349361983090836 96 35
893813150410318270 83 114
647530602724656074 90 67
417964328414322337 118 14
501688295173197565 2 95
658868533951934480 6 66
400141667366952469 57 111
76781212352993258 81 20
378752675566578154 75 0
511472245912369751 118 93
320384592337742002 32 40
554440529596262688 55 84
104320606494570518 14 37
351297544451572106 3 51
984651524324901025 52 16
578704602218905810 88 111
894075267800956532 74 46
448472693281959529 36 78
128044893931549652 94 33
169496009505731349 5 90
719019143507513018 113 110
160335102185395263 70 49
96533965417672625 6 5
625979362320623775 87 18
972568522595804754 93 90
766036906125566670 113 85
255477692539589299 116 16
122062455468981457 111 39
906681438253370447 56 116
534109363801672223 14 107
175977215234584590 75 49
293478764482326367 66 60
621228349827510327 38 119
18903014887563249 43 27
192069961800225156 21 19
548901602012253205 75 107
172152289682532666 3 109
715689097506470016 35 105
652200134383684525 29 93
299328643974282144 43 14
533603112645506846 38 107
960610541722030830 88 31
110943945726892273 31 21
658232954192841899 73 90
663785245810662572 27 71
927376811074391246 25 86
56109310045992549 96 88
213764911384523745 108 77
606666674887332076 72 91
736935690082574142 34 92
893656408763838571 78 102
646912644140052230 48 103
396569578972500488 66 36
352369851884123085 91 83
588785506087241460 46 49
592602718843629748 77 101
43611191995964943 80 114
492819149337141411 68 40
817972978473033824 103 7
487707418554515261 92 84
771039240231496342 17 26
981565949049632586 10 90
544536759245311678 84 89
158974737090956783 86 78
519007445442220524 101 69
844589254026007670 117 37
655852327404984656 6 35
973290306535443290 65 117
141172770647108936 62 21
766372926775087493 53 19
947126701132352596 85 108
347367633783880490 19 10
154361529146043858 104 48
603332370749587028 69 112
638853630892191001 83 66
669055199793805623 58 79
692953543773613810 15 9
37688622110237949 32 67
323968083785290485 27 38
315886154006576554 48 111
284596090803070814 93 33
239283533904889916 46 94
664763305500316646 80 75
65725035890757662 16 99
896251908828967362 96 26
324509047531063650 116 86
562240865984221478 2 110
544081646536418015 12 1
654783399259428025 45 108
768300393966932204 95 13
972813184721767369 105 92
124824181285566031 94 2
819990736106215265 69 80
129351108114081280 66 106
958894891977136862 96 106
860015001341265363 58 100
869797140430349689 4 111
768804886633491251 71 28
498798486870048858 79 14
271560733864079527 9 116
625073596747348591 43 5
424396357163066880 89 33
480696036301895015 102 76
806892581250311862 45 101
701968447675859356 77 72
562206410528453390 69 58
299162920212120606 77 49
866640164906106944 111 18
388210653640364238 8 29
690810584731485689 84 59
765619407330152488 43 26
18553831633958860 39 70
155158544799497459 62 97
818048421119506848 54 60
546920229077784639 67 84
150542614132093802 21 42
387949255146481807 117 11
353080697760858672 58 94
804031380119834651 61 46
75286766854279839 75 89
391965117114352474 17 110
693804597861859927 30 39
973466897481424422 21 60
63839896460272954 101 82
644729748503255714 90 106
163064587949617055 102 104
196794956083520216 84 56
95112460287981039 72 95
443261645067423727 114 110
563266059398235641 42 114
991891345093350099 98 109
397766924030071085 107 103
221869244480599130 69 87
948302536429944447 52 89
376229378549332794 28 41
925018148187996468 5 20
684933443767970470 46 119
218066419977856504 105 96
189953059673723303 30 92
8172673488264756 72 83
742257596702698180 26 91
628659070192335428 107 65
529224762679194249 107 106
586877455365987131 14 89
237448409898382540 88 35
284704442503646701 2 14
911976839544617580 80 60
865949940108233284 23 0
403723373555088132 28 70
241477287718114637 41 65
474380500074425619 69 30
757709489576153064 40 96
829878879930415453 14 17
886827696731920216 25 80
269433819773663181 41 86
412904867218887552 59 30
21562916031339055 112 102
846775759885912063 12 53
950876107616221352 88 60
922150936502129928 105 105
561225547542192236 48 12
644740598614649656 91 45
606349431965689289 114 57
716544660604070631 55 64
62511135438887251 97 97
665208776868721883 61 38
637935843784275344 116 111
451561598706588212 86 59
640966916263295164 42 6
487313053794084136 87 75
197721016351700008 59 65
764519187423518981 50 95
952647471276804665 84 41
980044543952478324 55 9
374372055273178438 35 20
932412733214205406 102 92
978654084014682339 2 79
514292342753233461 22 6
135456035308484266 64 61
792325175843121967 42 73
734944839585122581 43 98
245684249645659139 27 27
132697794081365409 32 104
99433572589392212 4 5
731864834236686565 90 69
760726592438504072 1 49
630966036042363455 110 58
441196969960842119 110 1
636335053265135923 112 67
713175886485579264 52 87
392346674006496685 107 2
374130495969357337 100 84
720724174930855618 63 66
388196092306532779 111 86
667395779429628395 18 77
159706908642605235 46 107
140385239467380859 76 41
774507837626928672 80 74
947587315993619172 35 59
134128577939151602 11 70
312987391073138697 47 83
861161860428926127 14 74
855665828349946959 30 71
804415592504603922 95 44
434377835451236375 92 22
399414282609544156 2 38
883874476133264771 50 29
483236480948361523 106 80
681950170547011582 0 1
780746101211109990 5 64
306273268288883465 60 32
608440458420857115 19 112
565003316050879473 75 21
781964647034959653 15 101
232859435724677013 37 11
770372797747277958 90 102
136333917725231807 54 58
606349584667704113 69 50
20164845958407944 32 60
893588986565898866 95 89
600660499811188526 17 62
268266782687301442 64 46
441214511258850221 13 86
683250552330272217 115 65
550734309736909345 13 87
107590748802894802 90 108
708384136242120776 15 52
440586110969694793 78 8
452756507762967977 77 51
801154007815777867 34 80
261937662851595044 36 68
970228850067888677 105 52
788689955955619653 57 42
101683955457156753 50 102
835806786631168317 118 102
244787465026568492 114 17
806880080394997351 110 109
479429856965895849 105 98
569146717236664205 89 61
247490568031953203 38 65
721512966081173816 61 0
114697342574709628 52 85
447084110346604066 9 8
754680789849178661 92 91
158099369896022596 97 34
757080778657053928 24 0
147641155299811203 61 111
4069369645626855 10 11
792795843619303679 63 51
269760001712834318 11 36
417470897709291136 105 22
968927596625648787 108 70
261654902593876565 84 16
847193609564603934 83 101
127990331454759576 110 113
863913131688467984 111 92
915714012851216164 40 23
349935075894885187 49 50
173541482004676369 77 71
328953424037385479 0 88
132734887691344272 98 67
188038092236572736 5 2
803941303137949334 100 65
67772219028183665 102 92
51747018009301519 114 6
644137175849779746 33 66
562715563694854368 119 108
622969446861667488 79 73
396130125094459507 115 92
257319706712801395 36 48
340858223303221737 89 99
869800788308885199 39 118
852529645306794330 70 64
877724700221495696 8 71
419325038463419875 42 105
419381781365794210 22 52
763806833309445118 44 77
128543592421222801 14 22
406011892414144428 25 90
450582316778105711 5 104
432188365589954012 45 25
911572461549751142 37 85
87359606863544701 57 88
301256900532307072 97 7
987333672304374136 114 69
321642433812711261 15 114
4717230070576182 50 55
897719870720985005 102 102
963259314816086337 107 28
632110662206039801 1 4
132333529066429478 114 51
468555201975059192 36 0
512862820577361051 10 32
758599022442378351 48 97
984593225078401356 41 5
416464769054740103 94 66
555828108456990683 83 89
146740758034879676 80 79
649864450192021460 117 70
477798135830080696 38 111
465775920121449691 41 2
828971499743185378 105 35
40574565574810926 112 111
212896788096489877 69 100
239246776693281553 35 39
453573255926332484 97 3
735363781490236801 90 98
454394855875011074 13 101
429591298242964833 11 33
910386927926458776 71 99
810161282370342865 56 59
747706269621571911 17 48
18601678860096911 85 98
591717353301806226 4 57
228790167293865054 44 15
190206135216917071 49 43
904226478115745470 67 117
324648944008681706 79 39
329106956400038519 59 10
741871247752405374 37 72
965083272000130307 0 92
40591392138902777 96 7
926216470003809741 21 117
674653347382029233 45 20
500628356257064378 21 63
694270817371126579 89 79
265193651691637907 17 58
514949968688033211 23 80
323705164403758323 58 33
303256626378348391 89 112
903881296986092672 76 111
41479199537999053 99 90
9814209152226691 21 91
421802468441989189 103 1
970542264445260899 41 15
508053912415021837 10 2
392430215553969125 8 78
351845996532564464 101 66
473841907124954234 106 103
362666318337639617 18 3
233990737911554691 29 117
865896610914946022 72 68
604003197689710264 39 105
958676916406997240 98 22
983298210957816051 8 40
942234403791208976 28 24
969399731345014258 49 60
553777692619125803 90 111
4903491403202853 41 54
804785016141080597 57 40
545707721284282766 4 18
778762117205048002 34 84
231280778628108738 87 65
292093471321758732 15 98
135871821091391944 51 25
903123316627826971 101 63
404113950614909794 24 30
567479526601455000 19 109
673172545123761954 85 29
187294958365079230 113 93
579321792181250152 82 63
623666939418974918 105 46
70496021193779619 50 20
411377930885513135 92 26
86667705865011040 48 22
561158629334983430 5 113
679405969548287839 23 39
133818591156123331 119 91
780422399061239377 2 27
930626340359492033 49 85
270470403132815553 78 46
846322513027170241 83 80
178025272721017163 5 26
301290320782035809 5 41
259259478872732326 11 52
646671237749446888 34 21
83703653001572612 43 34
895934176057434948 43 62
306301256298579586 38 73
380094431294779632 48 97
367694462719708945 98 16
747920886789029552 25 50
689556383047197025 21 54
265472033068859096 64 13
263266708045926460 82 53
72479972865612247 0 90
120418891890609681 32 7
46265488935499070 48 16
622437251386171851 21 82
466969221009852661 97 84
668906832578937931 16 22
78288924665139672 112 16
611322626322940430 99 63
684133932281280070 103 51
927670166433769899 72 104
261100055039155556 77 72
524990122871598233 86 56
51044109844565458 25 20
990899799025918779 56 18
899303547041762988 102 98
539539122831204363 18 60
727530378769932689 0 9
443996926449104663 7 9
736053224566740432 67 118
997713432407627137 16 21
941137519650083571 1 113
258859228394142122 26 89
395866867787650383 59 25
516334069751834790 111 9
590258801723872974 91 7
296082025387748675 24 75
271397247619949966 26 4
357813865437604367 92 30
173302377191975494 67 1
266431697165460868 85 72
498100270671408743 73 106
986757501592529441 65 24
711399501744746558 109 43
829017071029385301 36 83
226812754339670214 78 35
415164226811206799 64 48
816045210334753863 90 38
957206034405026769 114 106
289993930308894714 65 59
178397500693549247 75 47
170299229554754696 73 111
291586732504599396 107 40
107462885443314003 11 24
113529264689029330 45 41
476897177879562677 90 25
955232155837931009 96 91
828836524449886586 114 89
289382069336311504 84 106
721707167036872569 32 59
681347533864986595 85 4
699456049814353373 19 24
147842052651036522 76 27
926368643929752830 63 104
201191357800851064 50 88
123163109182981098 104 82
206493358231900975 96 10
957634524554645551 80 3
592425709598916885 98 47
53325314994327740 12 58
498838797453232100 25 118
210837195746331272 10 12
599951186466794525 99 81
76602587456376347 0 10
12628957103844152 14 64
403813210570954261 94 114
722095317757998679 82 7
231465877582442470 73 101
613072184197637034 86 33
488172414429439883 30 89
958824392989135954 103 37
690741281307299935 71 58
267396114976475910 115 98
177080727926474780 63 50
738090211016234198 5 109
667182428406387345 115 68
470950829583140842 46 38
622967789839810958 76 111
695008192650551907 116 18
947808506676109900 103 24
891535145045678529 45 43
515102246954454316 26 15
409388512253342427 6 62
864129525951469467 102 87
438506594554328292 43 5
719516523952400161 112 13
561244272464944989 12 1
673007083342277829 98 106
413922233021524688 119 7
173920709378998821 109 113
198147955674201570 20 26
905505604276388180 75 41
730543115473581538 98 71
411901345346819769 95 35
198986432014523785 22 69
107773382635833180 64 94
175241174236036534 67 102
458738658741230279 67 52
819818922312368607 78 35
89228151284541262 47 0
584530166485105769 37 62
49811432037421830 66 69
819274004181478554 26 54
587581201850369803 101 21
910058190462776564 4 89
810994483492953990 33 31
723920802980508587 69 36
281741641805904497 17 22
110718467074714896 44 19
408343418351249454 112 68
618568256656779373 34 11
763756656354517223 92 10
803736558105876997 1 95
610659502961379116 100 53
46851573274540289 20 1
611279071767313238 5 107
205615720908311158 101 59
609366146368639907 101 83
969514671819278791 42 83
492246375018912107 0 79
908474668375304751 84 84
994560143075332932 11 11
996071019029043099 18 12
305323724487354493 42 25
603086732901430708 84 54
553204627744840317 19 93
80564839405161897 0 35
731641044785982220 99 114
900729207571420764 89 47
421849015231803125 16 4
686357507202627554 25 64
568013429603083966 78 78
570986426469647567 63 57
342012088507755049 29 65
227258844118778046 80 73
600940762375095755 52 57
828938692066128172 71 31
248483777822725323 9 44
993157764778172737 72 79
201485050344154852 65 106
995523692567561185 97 69
620356842594208075 98 45
409897626793470255 21 25
420556862647776712 12 100
857223987181758748 14 62
108975564520024662 17 47
326030143655480089 28 25
588483833504262407 106 33
95990212903391329 53 53
232819655291223376 99 70
489127117453444552 19 57
316364479591582267 40 53
638446200205138946 32 100
41800143076789465 4 46
955481955335570327 69 50
817028638762422408 47 96
945619332241718737 25 117
563657781754814433 70 58
502823682571422091 12 98
111284392240687817 31 17
498723121582758875 95 68
829465711074446671 84 117
975640539759169377 54 71
839006501284398523 0 68
493311183232101796 39 110
33701245590408808 47 99
872744080189342645 39 72
740581100929311651 5 88
246250468774719797 103 43
253890566544306705 28 10
517872733088033406 92 80
966336795194390966 56 63
537472381473268916 92 111
752760445904161401 0 33
747295157933109911 83 99
164055854394556127 41 61
565721862555932630 58 57
348748267594419265 4 72
254757997065520442 103 67
842911574123568921 84 30
54117720726865661 95 32
880324183644102610 27 1
249246546544289738 96 99
566831009987828110 32 15
582415481661042397 16 32
131679071685054947 64 93
154337156704934846 44 97
890054747337099593 44 112
93202704981530114 3 23
678574973373128702 37 15
595973699390044288 37 8
295624934481132308 111 11
177384046937328659 79 81
402775150524938317 28 7
869090056928260944 98 55
117451875063723450 111 60
489671448784616407 83 95
264154405360319648 100 90
567323724222039453 24 52
816614971990691611 35 84
49432165433184992 1 119
761008288219731885 64 98
843230349807421710 95 65
33995051014417096 54 80
830638769384016817 63 46
654080297256831682 117 39
22362148498549746 118 20
393365920407200991 65 28
657941986951817007 86 103
627522019777207019 61 106
822836153171596753 50 66
182391564557211553 18 6
521759209411346038 66 115
547323345681283896 34 86
830127579594026932 31 45
212867890668128679 44 43
400116917116107219 113 36
9099399323520828 108 97
262084664671248637 101 104
491703612728013888 39 27
6006014204370098 81 59
523453303263450489 24 64
620763190490908818 20 96
287926599203516646 111 43
230244361623014110 26 38
753753080579728467 36 118
316315441571242247 85 57
37829922354620445 2 48
68336685732324002 45 12
832581388240482862 89 73
272006716693331768 98 88
546209147175402528 6 106
540095990715399016 68 91
824966752677290405 103 50
405776226869299166 21 38
83038928860415568 78 71
604759520431078366 106 58
231408304364541869 10 38
44804120860519082 24 63
901562560851909147 40 63
836119964664446351 29 98
836573775077328997 50 13
774485678864019572 90 14
852471879467558601 84 5
12851396508812590 15 96
66190828406418055 6 83
646750413188244307 95 37
58251714391031016 98 74
623572203676112730 23 62
526727784633066082 4 97
984739595082919056 56 59
429021987984573864 44 88
467051374380113475 62 70
735841333552381903 79 79
397076378023573163 65 109
901240368829643081 15 67
679809418816142162 9 21
97201281624562615 37 101
640996972361178257 57 113
357842602438066222 76 4
893673499364071340 19 5
916265533351324638 54 36
733806744918848624 84 7
621990847974715193 29 105
401499321362804648 71 27
870391140495419074 49 98
689620595646452894 47 86
870373406308195829 7 79
881828948096563190 118 56
792322528720499596 95 38
820987410352357437 103 80
302085655515778370 74 63
806800190828860637 81 39
418859743508336940 24 68
194987344000136045 64 3
720092188546057366 25 39
971516573340188502 119 24
666216567345151488 92 80
816824608493337081 86 3
833551648589219352 80 28
449213405400551637 110 63
167173584943757744 54 117
565272351944020224 72 92
367474975760708414 48 106
113215028548292781 116 36
191044753917464339 109 59
405270160091929491 77 53
212189316467528039 103 109
30467945504759821 49 105
150637456756347624 49 106
809375037038569499 67 11
722779019531159440 81 61
860997590036842017 42 63
474070258008543944 19 73
4023167395473558 67 62
500841703719933169 84 17
153380605349971731 28 65
616842490489946261 70 47
478712833850895358 30 96
39025614953061658 110 31
402861992830517349 42 94
410217673028661282 49 32
740210678718887244 64 79
167964767449819513 66 45
488395369940506799 87 19
496711822863512811 10 23
893041122726775959 2 43
839763180746103823 54 70
745673284443243058 68 32
827973836064316323 5 29
139365221560916313 102 110
681127363851452998 34 59
838448200343265802 57 78
738278985630735239 81 114
961251513149353763 9 40
514934325655627895 74 64
736285538991350690 63 75
606414882947060551 110 91
492649854311810764 13 85
989034431269920884 29 43
715700530963405115 58 78
368752473054957975 78 1
210856653742108053 73 79
727351366391637045 17 73
318233880602126305 76 95
185018791888450659 27 1
751348879752078127 20 17
339876740837933058 87 77
591874001800749624 34 94
115946624917183238 27 53
157212598150916336 55 76
916577801009081037 110 110
139670475212340542 105 80
302938361084575254 51 24
151564025639512697 102 64
865893670387253653 41 6
500296339009706889 93 35
554165745912417715 71 98
503653478827591475 115 22
155764899704214960 51 96
543204592905638880 107 92
469871900946424316 46 20
265540573813336514 17 74
346684130905931196 116 20
143227347878882379 99 50
942009877388068088 27 68
592550462970404221 1 18
128778017068058556 104 82
563197944573947750 111 76
931238578276299747 42 114
531291968504240522 39 72
655415068580615452 91 82
104345637999349742 23 116
887518190789248911 60 73
705866994362266022 116 16
519350021489678423 47 94
52572303813766846 88 51
77734266539994121 9 25
91505942110382143 26 93
815303029771464764 79 44
675476326704098983 106 95
145059544565857643 111 80
502346916543997045 118 114
24075163007482553 4 28
722271961786541614 88 62
811281563542142249 39 12
8225629240562352 118 82
832910613428722700 11 1
994755811919699648 107 14
582135490928887106 108 88
384434516149454784 67 22
410845473780946784 112 105
380650650635225436 110 100
409718005188139498 31 99
995428889610123013 64 97
60310554753412397 89 20
289321050047376266 90 83
878725937301206495 90 54
315159652638771527 118 54
20680348105902632 78 29
231028381331498876 6 98
259636853104645183 42 41
432695038277614753 82 49
639465167901880654 76 105
301084758623943942 107 7
461700640415773675 83 23
294924788027471201 9 61
159527341144172329 43 74
156396372645409467 100 84
604361666913297893 77 77
368231891431813626 72 96
757412667439203193 99 62
740807245831545141 4 111
581619483840008218 53 7
709499279515139284 36 98
788306734315493230 33 51
409057439220408789 20 14
319950988347910715 8 51
92227540107125327 20 10
195819910320861223 110 73
48096145591691204 73 91
265131449145242822 104 33
398942988295309223 99 105
646675823047934585 27 114
776185715704027257 116 53
177964815046049907 90 46
755905577142807154 30 62
109819494743158196 86 32
667010792519596724 32 16
756236264579097427 6 101
318537434986318413 45 18
903166268792207672 114 58
286648753838600528 114 101
495841598894161680 97 95
610465007482652176 61 51
563048484160242963 68 2
985802293521607623 58 74
621599074563691413 97 12
87494123707757138 89 97
616157472347142360 76 48
31064076046588407 50 52
854762628443830087 91 113
191868861876421302 10 109
543502659587560172 86 78
468713211306840718 40 83
598555483772657242 0 52
539945698636522449 16 103
784717080909636006 82 76
260078236108418868 68 73
387931576602625834 97 106
972289181964783780 83 107
76901621557289932 20 30
55511963786641322 43 59
253736528972850723 35 29
256066199737688227 115 27
477235203904983205 4 43
70251126083017755 102 54
3284120340364176 2 41
509003596401213768 36 63
763127029794869040 115 41
509405491086942895 102 31
622438932334833073 96 65
921044600467634880 42 12
210149274772524277 83 31
485927285831872006 86 6
149555418812447444 93 84
376661327201338494 118 114
496016997778212018 48 64
845109352931534910 92 79
912901560822102818 57 97
341446647701579604 22 70
332177772093079525 25 26
56003015409454819 69 73
788287737682038836 40 48
98324120196832019 31 88
593036264471792429 5 94
917588183947139612 106 91
592078907463558966 46 99
933512108672011448 29 87
961761581969036093 111 45
841018256427743090 87 84
24777949943012899 3 16
67904218134410220 0 35
997551910988523671 31 51
238323803481381626 40 19
566552149435445865 29 56
264580742824226781 34 86
202120333993506628 108 11
93047993732517582 110 82
395088943766003448 99 39
97813767509232440 9 80
565392414690025208 66 13
880810618094631634 40 22
489450574512056437 14 5
991436450708068261 76 34
734517856974496235 14 87
59840254128856313 14 46
809104131963628896 39 90
129614305420681051 67 109
617490897559265420 22 24
447894843198797574 93 89
409183487736372240 114 93
827715260583287487 1 10
137207276835497043 74 71
650781347678970197 91 32
763055294803128749 44 40
160755832905845121 104 100
642763618917095166 3 118
534467939581951400 113 74
766349808255695737 75 57
599495530210142978 55 59
902180078769579298 89 66
208429215641172709 64 28
74695790772086347 112 89
909598370293790637 94 35
828043030913861816 61 98
218296282142229892 14 1
323708925830089046 55 60
649437395723534971 70 10
762635331524718865 112 52
404890483019067152 106 60
163425348626628601 101 109
5164870727215423 101 92
730646443178218788 82 2
638391221422413789 11 98
27579020817257333 70 112
396220251199173865 25 55
734812201491111547 116 60
973018130407819753 11 69
493426698466100598 117 9
898064106211768358 52 98
928945685894719509 47 23

