10000
607848767274832374 2 1
695644415051385658 1 1
830545806682464632 2 2
342129747882643563 2 0
438955101724087742 0 1
371018013059195275 1 1
233994640585587505 0 1
319906651952371735 1 0
97204081005579386 2 0
771047800435581069 0 0
192914499638032274 2 2
877158379166203720 1 2
239936866510933372 1 1
32392045769387739 0 0
306638396177745671 0 2
388343838039305721 0 1
516088833043029031 2 2
930787385901969333 2 0
908831871115932544 0 0
524658153963105162 2 1
621889361925719663 2 0
566253954276021759 1 0
948922912972792201 2 1
916050309132746874 1 2
529141152565149482 0 0
289956436887257456 2 1
214196287880089729 2 2
729246174244862145 0 2
559080393850559089 0 0
55531261191642450 0 0
308050216604242519 1 0
98603634851306475 2 1
911339962859311571 0 0
217645464335522643 2 1
712259935235100569 2 1
589826535095136213 2 0
889564909451344132 0 0
676997651326745834 1 0
119959964883788461 1 2
184964187894689662 2 1
287458382042413351 1 2
235979289238530960 1 1
690927617059494487 1 2
556330850911248394 0 1
79905499856245282 1 2
647574981545961297 0 1
49927489399378930 2 0
814964011346377608 0 2
108782506299190027 2 2
952456678352319802 1 0
927342864524061935 2 0
375817602605075142 0 2
315431210312973202 2 1
475644646506816414 1 1
369890327781979752 1 0
944882755138097817 1 0
8603377951749491 2 0
449214328757012088 2 1
994133126320943801 0 0
105677768643037922 2 1
32330123939782189 1 0
792818308122592210 0 1
720750736710560852 1 1
977038233464861100 0 0
563363641584265444 2 1
931114122155196299 0 0
906008484774222267 2 0
364184558288995542 0 0
448284561103676044 2 1
199382916940997344 1 1
734747448069323021 2 2
616449270919916443 0 2
202446667039635212 2 1
522493180823495155 2 1
721707687811035029 2 0
368841367514609668 1 0
437276130709192355 0 0
337601922022138017 2 1
358133658553450402 2 2
66712113389033328 2 1
250451125324011001 2 1
292107073597522537 0 1
178514652149277683 1 0
532031518658761320 1 2
956381595497455738 1 1
50353186303536256 1 0
607359496801395942 0 1
465303205735955527 2 2
752271172705337532 0 0
745879895557288601 2 1
410482448027079916 1 1
586047812210994120 2 2
458680920384004501 0 0
312466452830465827 0 2
528859564177131836 0 2
55376970352596293 1 0
990400483668228003 2 1
161902235937259715 0 2
533932767645500720 0 0
914201424059558295 1 2
881050691080985788 1 0
613792920502090370 0 0
176533826655230701 1 1
343990378794251154 1 0
696389973590866588 1 0
111082869929393006 0 2
461843689805598929 1 0
339721787418093286 2 1
642930466301356199 2 1
853782300099813482 1 0
825868877878809496 1 0
23890185066292228 2 2
453524314138711949 1 1
88836426825025641 1 2
718414108766938472 2 0
169874204881676458 0 1
292414686714814169 2 1
114724941741660041 2 1
651226397567459262 2 0
733760386365758661 2 0
496239238015020409 2 2
823241062321727896 0 1
905680161499640476 0 0
878627687330381309 1 2
14529181809929893 2 2
955144535051979665 0 2
90418814276703354 2 1
843296435335216024 2 0
709053028401956091 2 0
188461571076892070 1 0
251049595233618010 1 2
230629540078718098 1 2
971077099679912608 0 2
15919465299332642 0 2
502599104686729310 2 1
341237135125396673 0 2
850192564175307883 0 2
844199484479752522 2 1
727996716003379307 2 1
642364130662868992 0 1
901686938242000465 1 2
811675059407385944 0 0
536993516460624064 2 2
536131357692140935 1 1
22297405061357839 2 1
134648827842467008 2 0
862145130736112676 0 2
371031882204990898 0 1
848746101204083615 2 0
609577807167229107 2 0
818916278750731048 0 1
41124017352065465 0 2
813870500942359319 0 2
512569745280286889 2 2
54422306994532029 1 2
343919302031692498 1 1
370393206452172163 1 1
802038284852202004 0 0
513173693848783397 2 0
616105421244751938 0 0
412832379035345453 0 0
827723826946673757 2 2
420081095781068421 0 1
275648170382836482 1 1
36279229967799521 2 2
389961608993556995 0 1
54989905183297564 1 2
589336471337567367 0 0
786196297086365887 1 2
289790802476265217 0 2
37549942482751494 2 1
26025106125968371 0 1
938652117451624612 2 1
543205211143019224 1 0
601449095880931872 0 0
383219834143060208 0 1
250070551999722595 0 2
22200516362147541 2 1
268326631992270214 0 2
692818756116650842 1 2
714045526147406764 1 2
109156255712322728 1 0
336579405935990950 1 0
969419973164869591 0 0
740141004877285415 2 1
261785292540621788 2 2
472857305546845358 2 1
304400460422582768 0 2
833407359683696250 1 1
493679475307158977 0 2
777671791118021394 1 2
834016984521608516 1 2
265977067475275232 1 0
27389921480544368 0 2
147867140211374861 2 2
191710965004373972 0 2
836494617293011332 1 0
215537971839929368 0 2
489302816862187260 2 2
460797729978375686 1 0
77667234646776216 2 1
218593475967752423 1 0
157139744372838009 0 2
317105516059903331 2 2
764650580184207116 2 0
641942783384883995 2 1
811729798190260695 1 1
200790162962169032 2 1
902914658468945732 2 2
477927027383551264 0 0
855032500780832962 0 0
939381390045656895 2 1
484418098182053109 0 2
471361675352578420 2 2
439111126079463243 0 0
208456936334053478 0 2
15747204982962092 1 2
872035117822605756 1 1
294726651440819544 1 0
775098469666308602 0 1
405296126796098100 2 2
369958775482640857 1 2
884635814257141324 0 1
267691200140636571 2 1
163460749804785596 1 1
633966729706484896 1 2
460329596894289938 1 1
23779643645942183 0 2
519457560829868617 0 2
674541154915030830 2 1
431515905305067372 2 0
562445078426720876 2 1
419801409483818542 0 2
718610765037939885 0 0
199104266806074807 1 2
967348735458800907 0 0
590347452489383337 1 0
541130444719137525 0 2
266335075106902692 0 2
885811984417439719 2 1
748754404114847367 2 2
561377922790558973 0 0
146756306940592674 1 1
736458786267137084 2 0
176238784962402337 2 1
705189949638691260 1 1
592269937568005276 2 0
502111068429608778 0 2
62710677608326258 1 0
6718398580705698 0 2
286588833845804202 2 2
532796637529655258 1 1
704216615213104357 1 1
577631944692197631 1 1
603593126354491591 0 0
310852746543884642 1 1
876473917680791071 1 1
609210339837403712 0 1
802001122586679399 1 1
32387193040320835 2 2
973226085767769958 0 0
62889455913940641 2 2
15794299092818117 2 1
920599048275204356 0 2
294075603217875440 0 0
423817260611752743 1 0
288045651981013425 1 0
890773329776690579 1 0
764834040669223130 2 2
770705832966412088 0 2
885896873283855045 2 0
872085710405171537 0 2
84893073009250461 0 0
206561383134249501 2 0
613690958451041547 0 0
699099131331517482 0 2
709503358561033414 1 0
835912107794881788 1 0
397189644870087791 1 2
791186577964329091 2 1
943181606609897038 0 0
706253254935886514 1 1
786661247320753652 0 1
656045102739137949 0 1
6161037467408934 2 2
358593339616587757 1 1
208327499543606103 0 0
347331529921199953 1 2
182467566357636963 1 0
709740726275299304 2 1
364219992428847024 2 1
906439050900670868 2 0
768502564215036690 1 0
272754769448090917 2 0
376687838645626809 2 2
766739056990693864 1 1
743782919395097663 2 0
473562360625473465 2 0
865950032094242884 1 2
76208384946366700 2 0
610772798692441610 1 1
678253764949385971 0 0
175027464961210547 1 0
492803462652767073 0 0
667461544643311513 0 0
309454794036191751 2 2
728140506428751028 1 0
79645866948053754 0 2
862969242032775718 2 1
955689425823374330 0 0
701988267290853958 2 1
572272326467742320 1 1
6170605703634533 1 1
476469771824951727 2 0
938155507733491055 0 1
22897627691899011 2 2
788652913143457226 1 2
750739398582803184 0 2
308538405404338423 0 2
358577575476676949 1 2
326946238576203635 0 2
820027347914760625 1 2
676212742792934859 0 2
318113871097973863 0 2
901651548456908563 0 2
445253452084431919 0 0
282896199684020005 0 1
578885339331146609 1 0
366537168172509536 1 1
824917398762792579 0 0
139447607964251254 2 1
128531966152367048 1 1
357832086141865036 1 0
767653382494976463 0 1
347663944856383517 0 2
955623282277204613 0 2
668932188508667133 2 2
462477073938202298 2 1
223537074563786280 2 0
142861161984480410 1 0
28803063214897854 2 0
937256598950550642 0 0
522339837133235260 0 2
821396578398858468 1 1
111662511186469262 1 1
990977637136123247 2 2
727056660498860861 1 2
576605799312000248 1 2
288254232837964273 2 1
970352671567443524 1 1
464466282128482122 1 1
428614811424371900 1 2
850818201803462361 0 0
169624081362429062 2 1
526283508532139992 1 0
518453610130658882 1 0
198216679385615487 0 1
260487959707848819 0 2
953588114814849424 1 0
857002290227981755 0 0
247747106882219514 2 1
823397317387291143 2 2
203676434795155562 0 1
470869536261440139 2 2
156219600997015069 0 1
293736525040168346 1 0
826234025093769076 1 2
559979441845237614 2 2
21227985729336309 0 1
754246611891724492 0 0
428459816157974075 1 1
846879952967494964 0 1
664837857058138428 2 1
644218064214839910 0 0
298406969685423129 0 2
868650192869474821 1 1
925961595424509568 0 0
871238955956337802 1 1
844565252207286349 2 1
207910426296905647 1 1
834089943007442972 1 1
144590723052951638 1 1
761656400190718648 1 1
833148312363247645 1 0
949886049190792856 0 2
82233889632943654 1 1
918582526432632566 1 2
353479273293071905 1 0
67735063476117117 1 0
769058300369421352 0 1
22684259380576428 2 2
530151412417066761 0 2
299622926919630521 1 2
631999756774058931 1 0
473152360394758680 0 0
329320913028217616 1 2
965581243679606230 2 0
75173104771982914 0 2
379353212571203328 2 1
300761096981922145 0 0
49363780326649767 2 0
925150709702102889 0 0
495588657351380310 0 2
84514108089759848 2 2
966209143930602152 2 0
502218741630125545 0 2
279243591413313361 0 1
321061586142570376 2 1
703930189614469410 1 2
772820873013251749 2 1
183113494396629437 0 2
624825816143421620 0 2
223451192876302768 0 1
71219930309474537 0 0
705237491822105596 0 0
691583268516354888 2 2
767111140594793207 0 0
443338398118166238 1 1
110950904848900494 1 0
9234601874241810 0 2
269162151830769441 2 0
449538565488964115 0 1
893825951019782239 2 2
462615195770312328 0 0
527089280420326996 2 2
184995749412666621 2 0
633257412928305644 1 1
481778112478694930 1 0
717793982899167991 0 0
641658703605945797 0 2
791600715792242552 2 1
234505076741754872 2 0
724430247953615522 1 1
361480989865689797 2 1
678604616637678647 1 0
863478004418502448 0 1
564223039777293897 0 1
758478273024910616 1 2
784812087834050479 1 0
464577156607331408 0 0
967990486870981169 1 1
450848606743510922 1 2
383397742154745477 2 1
279480404405613966 2 2
712636566234796607 0 0
268339465209990741 0 0
174983633606803179 2 0
682474553361175251 1 0
703760159471620717 1 1
983510040346905865 2 0
250907285417945228 2 2
402775152470118113 0 0
331449188612661554 2 2
771012348836615915 1 1
935745024610743492 0 0
874135742109932366 2 0
592852431267738057 2 2
863207122511809644 0 0
50036966324793679 0 0
31884156474906403 2 0
82351355803797552 2 0
26474685261421846 0 2
367176846835260903 2 1
76279530413464117 2 1
470616673910897926 2 0
753809570175326052 0 2
376800808841961853 0 0
603649942242474592 2 0
827492748208452562 0 1
491357944478861326 2 0
92465042399442490 0 1
857501534251978748 2 2
553749125305126544 0 0
669762723956692945 1 1
786659856943551253 2 0
78881877610911500 0 1
314541575437300433 2 0
253293224109652741 2 1
766227083685628926 1 2
557714276980579406 0 0
558860943628843491 2 2
58742044346623910 0 1
337925904335614430 0 2
387731404133180779 0 1
266882578591362321 1 1
268142417210174001 1 1
969108652200047581 1 2
614307006545685282 1 0
46543526600088648 2 2
99786848128531455 2 1
295979023929541124 2 1
576729287086379924 0 0
767094306821141067 1 1
174620814134566240 1 1
768198549891374781 1 1
215561602058317734 2 2
902942565604735307 0 2
952274612151105879 2 1
201365849019181237 2 0
357233055208400047 1 1
329795000050043941 0 2
940632426832768164 0 2
664007262701414059 2 1
780865537586607246 2 2
900176035177712478 0 0
41065030369875711 2 2
197100458486063636 1 0
576476052028146572 1 2
188272066842960917 2 0
479118730699862970 0 2
12297879366262053 1 2
10318723390433316 2 1
878021737761694357 1 0
280747715875269835 2 0
485559790844929825 1 0
933815625369050826 0 1
695539852739838495 1 2
223268994057380510 2 1
222693468867486945 1 0
961908144902491867 1 0
223526728619166082 2 1
490772499419371772 1 2
314622052143850675 0 2
141777630219056131 2 1
325695096883325673 0 1
866755379397852237 0 0
58006105371946584 0 0
724026126973493302 2 2
45428593857464221 2 0
313401450699868891 2 2
312344742176832568 1 0
245036340111109334 2 2
671485943673755826 0 0
445414997369561440 0 1
496866671841215065 1 1
395417185391552700 2 1
306271001079313533 0 2
936369745252723623 0 2
78339541730856504 2 0
119358969561663304 1 2
719589587513098197 1 2
896121732871056351 1 1
836212405142552087 2 0
441065491880184177 1 1
709287359092166167 0 0
129654172105401270 0 2
568459201432387873 1 0
453575969417810523 1 0
611100666904553104 1 1
751043127879696355 0 0
556857949486382542 1 0
126468746981356454 1 0
809393485311006955 1 1
191340855768301669 0 1
919315339200762278 2 2
181250094264380326 0 0
47478310787551566 0 2
173085794897428469 0 0
671824044676785663 0 2
30442758789371764 2 0
499296339972353691 1 1
13179073986851173 2 0
966913027798327832 2 1
337203958338061758 2 0
634026050855525658 2 0
878303944518542350 2 2
643877220078340148 2 2
463272075414118705 1 2
235790597672108500 2 2
216656730498040172 0 2
71457710737899387 0 1
119388575806098027 2 0
244663431199010742 0 2
753384311455370103 0 2
927715753411799206 2 0
509320458621643287 1 2
428553959493385698 2 2
853177080808868689 2 0
731083125633406720 2 1
854307342551702687 1 2
970906731134614481 2 1
653618382463871714 1 2
833135072317600277 2 1
952016645351864563 1 1
377463984569375696 1 2
248671001821517859 0 1
607207929209690335 0 1
143228716074514430 2 0
733003116588782976 2 1
74298590197245973 0 0
401794986260685061 1 1
947123638844425174 2 2
898146870071609056 0 1
171121574327553046 0 2
459688596990098532 0 1
692923830625169131 0 0
423215750556450383 2 0
731862723592997868 1 1
209194779646812610 2 0
106010017745799659 2 2
601800568587846705 1 2
342483754463171770 1 1
230403803820946802 0 0
363550541298183191 2 1
89607418465157889 2 0
895484869640780174 2 1
557085189363762159 0 2
887811828906612585 0 2
233467951852688051 1 2
811647903110845664 0 1
356986336688472312 2 2
816031648086858925 2 0
963529732860186689 0 1
615162649395027536 0 1
586567311326543976 2 1
683506963403833518 0 2
860334435033313231 1 0
430480847490247691 2 2
595701254788301945 1 2
955006471932918893 0 1
156331665207775093 2 0
845554313766579233 0 0
988041067803500469 0 1
688686967189430482 0 2
839660202926341799 0 0
266840404561153062 2 0
526709819960641596 0 2
758070461951916554 2 1
340433571607330448 2 0
510138388939104182 0 2
469730668976531717 0 0
313749470855592007 2 2
878215594155400652 1 0
522631454007031357 2 2
429475264217631745 2 0
388507340166200908 1 1
166344374337765021 0 2
251467679471191287 0 0
805061221734185021 2 1
212174567414733889 2 1
539466576307192103 1 0
96329795567251629 0 0
386600952085206713 2 0
151912281661167113 2 0
782198673788908346 1 1
455672048217619396 2 1
168487184830780672 1 2
301576347664608459 0 0
273679142403046975 0 0
655127381267523541 1 1
303093992360132398 0 0
715761571284963042 0 0
170914668969646068 2 1
276553576249153560 0 0
735832141380730994 1 1
761334292645802057 0 2
502889695873938051 0 0
997370318819980652 1 2
701282383340913755 1 1
470196571415353081 2 1
249712619096811992 2 2
846002004631879881 2 2
938692445489618119 1 2
517006052247809845 0 0
855117341069442850 2 1
390490914403597185 0 2
26198590760867107 2 1
378694607629203475 0 1
443329435482424665 0 0
553670261325022734 2 1
275691618699106636 0 2
22643924650607628 0 2
304127564772895107 1 1
237058760385521719 1 1
985338708302592647 1 2
229459299569670953 0 0
143719618437178211 0 0
236989771024587635 0 1
447365991178862525 0 1
212457594107373386 1 0
321130155959691994 1 2
806758211097738304 0 2
883935479434352474 2 0
709575522298000255 2 1
824941013667624840 2 2
999595866664886264 1 0
685182919502421287 2 0
448351021259609688 0 2
267264434393401956 2 0
5040162967606954 2 2
673967049756434435 1 0
840126134311257112 0 1
146818899768252237 0 0
386628958672759533 1 1
837695469967573009 0 0
84232290972924945 0 0
247841424026525223 0 0
897986896069355784 2 2
672634161669065203 0 0
486873697843007251 1 1
64202017948010903 2 0
209029527423932765 2 0
324253665436404109 1 1
964097236899823987 0 1
31374061539837519 1 1
672404243359359160 0 1
355519996198459590 2 2
184931488239541557 0 2
516498571806890307 0 2
906394163643545858 2 0
740498698974707531 0 2
178100258335244645 1 2
611257439376487275 2 2
357748386677357437 2 2
587469975871786077 1 1
384718495821777742 0 2
777038822824243388 2 0
135111869035594653 1 2
177418078760221950 2 1
604285058666564659 1 1
950435579987535071 0 2
64060067391932363 1 1
944892337962222215 2 1
209113238024037889 2 0
149065535547268394 0 1
113483916108949610 0 2
849813075861336604 0 2
833993521592656039 1 1
552679229365980393 0 2
434337707366599614 2 1
507244869059488621 1 0
639877573672810779 0 1
795666901586333924 2 1
935071548789566939 0 2
107128950282280306 1 0
154225502745119592 0 0
69458808264464423 2 0
220698188334401356 2 0
997947517735923367 1 0
788278821227951064 0 2
268367932592957645 0 1
941519560632719764 0 1
717431853740006517 2 0
736289492569274580 2 0
495114423990007844 0 1
578864131261136716 1 2
731552089787740828 2 1
858694234994318944 0 2
218273319401055343 0 0
464690655842254271 2 2
189469613209917918 1 2
970030363202725333 1 0
825050892054203950 2 0
538889823492130852 0 0
963985908488095624 0 1
636463844174070978 1 1
918094659329426014 1 0
320993329666514102 2 2
354527119786367449 2 0
397254348923296694 1 2
647508975116073627 0 1
904128900643801396 0 0
577133187424158906 0 0
646104363897671983 0 2
904698496867492078 1 0
855893299758046880 0 2
48951432413969710 1 2
570070883237347510 2 0
277315818754774439 2 1
834139151353091804 0 1
162318421840250014 1 2
136222716287062237 2 2
945738926507708202 1 0
384657033066002915 1 1
665895012476264670 0 1
241788119903720795 0 2
602732806436262470 1 0
537671380971796075 1 1
932760691553513404 0 1
652334199776746731 2 2
928955617766179037 1 1
543664602540179867 0 1
333502234034091283 1 1
440713995174020094 1 2
113100427675176884 0 2
295143785246558067 0 2
395684044460921057 0 1
860024278625628040 2 1
648945882123551359 0 2
27161277589889536 0 2
836625073133925601 0 0
189276154220678863 0 0
198081230097734962 1 0
236048609313094962 2 0
354923640279664034 2 1
196346138637833335 1 0
732059720441083863 0 2
375369734120233715 1 0
981339270606529469 1 2
491980678384734712 1 1
673822557658939131 1 0
129128627883643745 1 1
987332880083889164 0 0
633109321668042756 1 0
299738849834401310 0 0
775674455272321416 1 2
668144741284650594 1 1
767406324184197403 0 1
757951388280771773 2 2
589228343589947612 1 1
738673148429546150 1 2
257812507366225249 1 0
202899341341101997 0 1
356993562214881492 0 0
97638607379106888 2 0
92111433268521161 2 1
609141369445270530 2 1
407150779865108348 2 1
88170324318661552 0 2
904256588077828707 2 2
247040751337091479 0 0
179904777567093719 1 2
64904907167670933 0 2
348257782363073025 2 0
834138209227936966 2 0
7436712617140992 0 1
372377508975498470 1 2
596334005064741106 1 1
902537327369242241 1 0
407528580217469126 1 1
643573337692062555 2 2
384420970253011637 0 2
324428748360121516 1 2
90866774137271262 1 2
717281140290262690 0 1
790878127021772344 2 0
712020598519728695 0 1
464729315322102962 2 0
556596298366925960 0 0
791385008453213328 1 0
738017857727167414 1 2
232895402913796795 0 0
236545680916544434 2 1
259889113787312804 2 2
256752040927223152 0 0
179508826727444332 2 0
398044628992194870 2 1
533667219794110100 0 1
506352717825256587 1 0
897637095512861257 2 1
129507452230252111 2 2
30292402869507650 0 1
801786845886050351 1 2
414492233469345552 2 0
947473967692304549 2 0
872260773897659430 0 1
231006000001115127 1 2
469201563666839197 1 0
546633482406019635 2 1
318556712359277600 2 2
369545744397026514 2 1
979318742260068071 1 1
680376652026573034 1 2
637981200227562244 0 0
372970858588280710 2 0
732864833326689527 0 2
72779228273938710 0 2
321725164003250877 2 2
792745179256303909 1 1
92861947775579645 1 1
938147346941121445 0 2
112732790862502763 1 2
989647322979441842 0 2
287065809137412385 1 0
104387147476731680 0 1
267996018592191387 0 1
261683587270914662 0 1
402190326718107110 0 0
342142288792327488 1 2
584518690771258386 2 2
821354482156850669 1 2
169670939620162223 0 0
174119073602494396 0 0
733227938013625381 0 0
668742972500970089 0 0
85150577235650581 1 1
168970055693266072 2 1
861012931650639263 2 2
296009194929157458 1 0
316474262087894188 0 2
325158915778586673 2 2
539339693636335544 2 0
254514588342965812 0 2
902961741700221791 1 0
896722809615849920 2 0
813263457132640990 2 1
113719314522677483 0 2
360322401709707094 1 0
171649441982534824 0 0
580365087406868640 0 0
509635422113348203 0 1
865925189482345056 2 0
796573635012674402 2 0
769299466662895423 2 0
513802276942639599 1 0
948383595836955954 2 2
769223551097060242 1 1
652222037667555815 1 0
915508817612598551 1 1
171981665293555868 2 1
184023634515500683 1 0
658444557407373443 1 2
175879582694890452 1 0
746536090926110205 1 1
707788241293634719 1 1
445696981779675760 0 0
115210470142771501 2 0
969762896526208182 1 0
972083002890012751 2 0
573659605968317664 0 1
549509056913081732 2 0
188093951802769537 0 2
311839272802137378 0 0
57114262638136140 1 0
294686081434362347 1 1
765464686318719842 2 1
442626494250024613 2 0
852471976518535570 0 0
86865130677087139 0 1
539928816896479766 1 1
238449092168297583 1 1
369812391394352805 0 0
940520795478353198 2 1
712103479081862196 0 2
395321814948348992 0 1
295179437987158372 0 0
438301379352536554 2 2
230499237434016799 0 0
745809461038648645 2 1
837494536951136799 0 1
800565711025629760 2 2
632587177194432926 0 2
133253335309248525 1 0
453704348079618678 0 1
936365700134029582 1 2
298487573443718641 1 2
450010071542416443 2 1
155365122058490439 0 2
782398166521351123 0 0
571388811230140948 2 2
856408246757611225 2 0
620570882803165846 0 1
479092221188882789 2 2
350634604908096137 2 1
244146845150425436 0 1
766024428516097675 2 1
263553418646616848 0 0
139684524031817260 1 0
857371013538594156 2 2
814461341559646930 2 0
764822624398187660 0 0
414066175542825640 2 0
892575623598246679 1 0
401400222669064106 2 0
384158648626589077 2 0
308444098959908227 1 2
373149088433704001 1 1
588452171508728349 0 1
858358533939337281 1 0
821282165755900304 1 0
207369029469290829 2 2
446936616265426371 1 2
177887701630517604 2 1
207116328815403307 0 0
439930139556951538 2 0
541809485162243399 2 0
812480426758644901 0 1
24595204316772345 2 2
125728932020907443 2 2
780167598481601140 2 0
133689207726015191 2 1
275408395689157391 0 2
294844537968573179 0 1
209856696550799487 1 2
756770963581371313 2 0
218629875427393431 1 0
232156401877103554 0 1
488445556472191370 1 1
184510621152354373 2 1
450713892135213512 2 2
696816964387805867 1 1
771668498649671898 2 1
698384475973089483 2 1
42820088830585288 2 1
673379934993001265 2 0
911297738873183051 2 0
308031878921801129 1 1
950939556444512774 1 0
136618008118080223 2 1
504518332647642974 0 2
541869271771924819 1 0
350578510210076002 2 0
228471752581506180 1 0
870623848737632651 2 1
532594543451595365 0 0
421598247377569544 1 2
835885246314478266 0 1
381435578378536014 0 0
638601449530866648 2 2
806162137503791127 1 0
995002049992089281 0 0
214392038909205020 0 0
321362554146256970 2 1
605066080475047758 1 0
563476609072389644 0 0
646790156156208136 2 2
423822537233851911 2 1
997671252438833510 0 0
238890564708466997 0 2
292248970922271635 0 2
527336665780301697 1 0
229808671484490011 0 0
308931148782247830 0 0
250054334662381270 2 1
737864134404731081 1 1
37711650075192608 1 0
54375137181576043 2 1
584431918579204868 0 2
634952241514405027 2 0
698599252173693883 1 2
650245566413560471 2 2
454472809121744489 2 0
826375235905012191 2 1
901806121563770735 0 1
475738911536501551 2 1
21566320637509109 0 1
416671820930997379 1 1
335260120551994617 0 1
8314979994910550 2 1
157176601274263701 0 0
31501726478556034 1 1
341679307539059877 2 1
542000379382400559 2 2
475399574275144765 1 2
728880019544265080 2 2
950502190659064685 2 2
304864744401433042 2 0
772732620636928533 2 2
643309075795612065 0 2
919342211787098939 2 2
404654405493494911 2 1
794238748796429108 2 1
29071476376238672 2 1
297781400292981998 0 0
455865029918055245 1 2
290685171809488590 0 2
669976265603683141 0 1
679821634142588950 2 2
557162691393643145 0 2
343421720171898615 0 0
355564236093026409 1 0
258201250848672058 1 1
951890798618991609 2 2
323303148716921513 2 1
677429099201317620 2 1
207651230271626777 2 2
884973023056678197 2 2
162294310741970746 2 0
482051265243211171 2 0
999528243637517975 1 1
993639139069625150 1 1
765619034040037424 1 0
680450746811178992 0 2
520324733863505534 2 0
261659438488590300 0 2
893672955316683296 0 2
461536064910333020 2 1
786905957639190568 2 1
527230630996737355 1 2
835967984727356898 0 0
114412708959479828 2 1
180958930644534035 0 0
711298658720800026 2 1
496166649294650358 0 0
546614314367571964 2 1
591620857012948167 1 2
800307547150557441 2 0
105701048347359186 0 1
821989832176400888 0 1
904201975356588017 1 0
310049197881988246 1 0
55908540629836837 1 2
308925904965650047 1 1
236720225061953323 0 1
204120309112475587 2 0
567320613511400570 2 1
260478569394111697 1 1
281277552785802432 0 1
44684377819594627 0 0
187295734317124841 0 2
933135125562663462 0 2
831605512567577992 2 2
524179613681816278 2 0
577038832750606980 1 0
655710586163892352 2 1
539341683148254699 2 1
393330358358238559 2 0
917954449136932187 1 2
640043601269992211 0 1
180075954239181538 2 0
608794526551376782 0 2
378520004993249123 1 1
111249028032021688 1 0
425988581144947988 1 1
95132316412836818 0 1
672476559926923323 1 1
358601782560578950 1 1
986315842871842557 2 2
865976751662563829 1 0
843088040901757028 0 0
190325180080536891 2 1
179620035382955864 0 2
357501461721489884 0 2
369116326652624260 1 1
322910802949410141 2 1
15830087543630894 0 1
505906756662348335 2 1
944762186975020573 1 0
833222225918226483 1 1
814234281849702174 2 2
529764771065982669 2 2
692558824812928500 0 0
199451416554655786 1 1
80746790838696811 1 0
220157913032961370 0 2
480063836741429590 0 1
724964808519780948 1 0
203671721559632611 0 2
956343567929228921 1 2
535107605998442099 2 0
624546138186511736 2 2
34243803886173911 1 2
870648470864735473 0 1
544121164103109025 0 1
731332028473201610 1 2
863876757365751969 1 0
263397745594917581 2 1
136475831227396224 1 1
437353738426389713 0 0
467831851725658127 1 1
773509741291695007 0 1
626812858105665947 0 0
397045425801067123 2 2
666647037880316528 0 0
581430827362827923 0 2
150037394474588328 2 0
673286535027201041 0 2
741946378551846690 1 2
212104978143977449 2 1
731776766846249082 2 0
187845365058881770 1 0
115933853783794753 1 2
412099370838851414 2 0
427573607430616524 0 1
796875050676696882 1 2
727344809075572787 1 1
734559549408119706 0 2
212568475948944158 0 0
582457206983943244 1 0
276754818375174876 1 1
562955092926276943 0 2
431776093211928772 1 2
918678485353044203 1 1
587333144092419388 0 0
754511007401006507 2 1
771345956668188271 2 0
657985761658913886 0 2
485777825770053943 1 2
126690711118964151 0 1
642178573310256666 1 1
238400843528304589 0 1
787493710406929578 1 2
714415222041361545 1 2
493386614786012047 1 0
99922173934083315 0 2
336832652214958572 2 1
576028469501894974 0 0
666750351541548860 2 1
535698484454946204 1 2
78892343833435151 2 1
361638504369138758 2 0
165602516653122240 2 2
714566915613616156 2 1
562108421482873411 2 1
932820862173590450 1 2
74607701602347901 2 2
956655321649154389 1 0
658268818827884342 2 1
733677389433565498 2 0
377183522897785471 0 2
702158907787490369 0 1
822296636452677377 2 0
943817156594202963 0 1
363931940004770513 2 0
317872049475439724 2 2
149789979362729563 1 1
542138650764031949 0 1
693172218767251340 0 1
245992563894051395 1 1
225899488526319404 1 2
103559195726973161 0 0
483974367263960727 2 2
782912890168665851 1 1
364311062569624066 2 0
157820383248470530 1 2
516340085130800156 0 1
848227599198877002 2 0
758305052025068749 2 1
572812230334338637 1 0
156343678218357649 0 1
901219396750993801 1 1
388980754794263161 0 2
252780571006242741 0 0
961983854165058885 2 1
284527913095680849 1 1
858861488480433285 0 0
536167204092803057 2 0
348306124693793292 2 2
317069528419361562 0 2
933172969838470493 0 0
397484296962056632 0 1
878514652283287981 2 1
540233880448899131 0 1
145392615558834052 1 0
986270673588459678 1 2
6621615010810959 2 0
137839066049274925 0 1
882178543342278132 0 1
940561178471291309 1 0
333000986246521827 2 2
746264312572673828 2 0
143579303614764563 2 0
94723443277759205 0 1
381079605130050971 1 0
361924800192536598 0 1
415322467199888423 0 2
400421665524116784 1 2
134732204544265840 2 2
647398663439648395 0 1
989776555903550900 1 0
201567066890214555 2 1
656320410188965985 1 2
42495578246518861 0 2
890933038755237034 1 2
9362388850874740 0 1
619065249739489444 2 1
968540248119931219 1 0
990202970829468420 2 2
47618767696601087 0 1
213022526346123901 2 2
801938560235797448 2 2
740601844662433363 1 0
774294537170246348 1 0
120052322373895935 0 2
288621820740963631 2 1
631200615869928736 0 0
327625381313839687 0 0
58175767490930500 2 0
924966882791432412 1 2
473824629245340491 0 0
590232923919792305 1 2
874333223962827142 1 2
679434756483613752 0 1
598733503624968778 0 0
968799024114087516 1 2
518832375352865774 1 2
920724231021969439 0 2
777432269407126908 0 0
350827274445008977 1 2
389003834494619240 0 0
53213911338382828 2 1
599826143019029632 0 2
511114017181924116 1 2
956966379803966560 0 2
435317980472462803 1 0
28140205719760673 0 1
926321770071484610 1 0
699690067544354585 0 2
655571768930640070 0 1
389711770083647338 0 2
360178762738787278 0 2
645220881344779864 1 0
962888338978353967 2 0
709122273039418525 0 0
680973865510776742 0 1
424074546714887272 1 1
210673434892697031 1 1
933076643937110128 1 2
149341441599268530 0 0
426825382483917339 2 1
428853600550009807 1 1
984734249567542407 0 2
741268430414469269 1 0
330243584936776840 0 2
520176495074093840 1 1
932443434900905345 0 1
841510741473157085 1 0
596681210186977299 0 0
992680764183320355 0 2
152661520974992454 0 2
862136064047167664 0 0
193485058099827873 2 1
556335161547320536 0 2
488974190086179861 0 2
133213846207997003 0 1
768963747239800709 2 0
225065270026352883 2 1
253409275303509929 0 2
367078432166056952 1 1
279086479212185949 0 2
494449912976589999 1 2
477615305772681982 2 2
718860808119407944 0 2
892376477395730119 0 0
954483955056902257 0 1
658441903309876718 2 1
380565359128296011 2 0
422485624088064232 2 1
569425754674769928 0 0
135077029548879956 1 2
734452323905386867 1 1
9256156504167274 1 2
861608406188968936 2 2
497738699883711042 2 1
606583778256348525 1 0
365046620810694280 2 0
830770895971916209 0 0
250930457721751312 0 0
104370151111520157 1 2
835225029938755217 1 1
519065455454346273 2 2
520777341294841279 1 2
292419342536289145 2 2
607239976914405343 0 2
212897490795395043 2 0
444377971913668889 0 1
893272710212338856 2 0
195548813395593592 0 2
955128813573336390 2 1
907394098923474145 0 2
535723448715837319 2 0
203619370592865274 0 0
438947939395600263 1 2
101762364893616407 2 1
27170672366784145 0 0
221571394036154274 2 2
829398404757934687 2 1
59527523284915800 2 0
894915578492387103 1 1
354132376648083024 2 1
70880515312848884 1 0
71768412113304602 0 0
353224693076085375 2 1
732834880092641301 2 0
67039136503143470 0 1
120392819856534814 2 0
39697681944826614 2 1
269867467617599070 1 1
713914652703781731 1 1
563730526466241687 2 0
278804698511137485 1 0
99825490204362192 2 0
654381008270599722 2 1
113454889183686256 2 1
643687643750917208 2 0
121047257193655793 0 0
792245816403339827 0 0
55799493854323774 1 2
314070513191173662 1 0
154084239309332894 0 1
753945825733216854 0 0
787211323321940521 1 2
690861117203111013 2 1
482996184496561349 1 0
677324521483099113 2 1
55982678728809490 0 2
34910921407821244 2 2
602427067372030236 1 0
36442101531776119 2 2
821811892164896094 1 2
571428598298292925 0 1
876225865473367051 0 0
419461563554646321 2 1
164851584547339915 1 0
390258325364905363 1 2
437158053674627461 2 2
291719939126370054 2 2
265512138820899549 2 0
709747337257551969 2 0
285352350260509422 0 0
162370916358135852 1 0
872693677046060653 2 1
928659682279026495 1 0
540791974112786987 0 0
946612220950578369 2 1
236172557668126972 0 0
664000969860931056 0 1
746597642293139935 1 1
398829647336631303 1 0
628117387591938212 1 1
29901278334788044 0 2
900699747846269855 1 1
904650735797799043 2 2
481401237562453034 1 1
462641545015078678 0 2
377915468060324208 0 0
922730203538322154 1 0
351098273966655945 0 1
689362392431694758 0 0
805499587947261428 2 1
744365554616702987 1 0
441771042424295447 0 2
605764632736815149 1 0
736069677697699918 2 2
120010050349758708 2 1
392865701703861423 1 1
19192140435378232 0 1
631627655672625671 2 2
481403652598721278 0 1
251360997689290864 1 1
377823515239695132 0 0
311578240220817359 0 0
990351375935029549 1 2
473145109876550014 1 2
555364490887884273 1 1
642527162083001386 2 2
908884965089924139 1 2
171048295780507359 0 0
250032172185277535 1 0
600429884032504112 1 1
606364890321537563 0 0
267443803179740258 0 0
183185882941346514 2 0
15143260448788950 1 0
323919658580309183 0 2
730516088153051086 0 2
32090060772607667 1 1
138357617151914811 1 2
620510055566479935 0 1
862682451719264294 0 0
773229920317359462 1 2
900575417719669040 2 1
184526738153721003 0 1
490414194459242929 0 1
23463415969046287 0 2
420446115092069398 1 2
413542656722478208 2 0
448001579355417310 1 0
908128188823627605 0 1
487026058683043550 1 0
274626740616333418 1 2
598887402252683919 0 1
259166679838833824 1 1
604798643346166419 2 0
126726525299863123 1 0
325892700001116665 0 2
624797879362042449 2 1
655973003361790383 1 2
662338030064601331 2 2
889395853313778567 0 1
302435463069067373 2 0
153635328662287819 1 2
322188074883821222 0 0
948820204848536231 0 0
930698513691682186 2 2
714294242790339833 0 2
886760110210187786 2 2
427248387445935293 0 2
825930116639954196 2 2
805913834842237843 1 0
82364692553592227 1 2
367754244185009008 1 2
200614446333748376 0 1
324625392733827023 1 1
378285706702519958 2 2
145054385616628633 0 2
416946698367127054 0 1
67839182844783465 0 1
549244779632286937 0 1
792637785787568403 2 0
23049796353045736 2 1
627317456904048327 0 2
975039674012584399 2 0
636242315542212762 2 0
256812548500189579 1 1
743487860260111487 1 2
701084840326574117 0 2
376861544305826150 2 1
544262322460771974 0 2
540458468231536893 0 0
778197103941514666 1 2
615027347985200869 2 2
562268303799975139 1 2
249797200148548166 2 2
626286981798280710 0 0
423014735722304217 2 0
285981534595101020 1 0
272332200842430986 0 2
306842824469264573 1 1
323854815763480126 1 0
853051386885821353 0 2
860617288295317023 2 0
911716511895829952 0 1
580362055889670780 1 1
672014937178477357 2 1
120179119827565665 2 0
415158391972609858 1 1
771342245568335739 1 2
529545114002818750 2 0
114054319397718293 2 0
598591898934721116 0 2
127911480844879560 0 2
926708486504656956 1 0
193258004739047975 0 2
823419815025812288 0 2
685589725665498787 0 2
98702823288028080 0 0
764042943788096013 0 1
40169596767863154 0 1
7580272167314640 2 1
259964295243375670 0 2
454411508908265765 0 1
301059365519436149 1 0
925747383008888697 0 0
65898300150560246 2 0
17067986733414722 0 1
687075351494165245 1 1
212911211066702695 1 0
613063079786716756 0 0
75923978537221243 0 1
837895892968023886 1 2
89301118671407708 1 0
460721785876620402 0 2
926842310545213544 0 2
210411505564434937 1 0
734498589324729837 0 1
131013049291203301 1 2
804885545873159617 2 0
508549858269426921 1 1
676829488269619153 0 2
811716574878550553 0 0
326474402609956513 2 0
171988576945802953 2 0
595344037491784172 0 0
195321908773448348 2 0
308208953104537720 1 1
177163128729732966 0 2
350333309119514776 1 2
379812699197946734 1 1
593080626515334206 0 1
892037409657793891 0 1
219311824067435958 2 0
106709403287943443 1 2
305134061439483131 0 1
66646022441187606 1 1
664612568427284727 2 2
962720562063680896 2 1
119500564877467759 0 1
664797450490786299 2 2
905201392435174207 1 2
781582795389536166 2 0
226651037153633505 0 0
801992961086444888 0 0
175707054026713950 2 0
356593307244250340 1 2
645967832064551929 2 1
695462591792458602 2 2
541333033629990524 1 0
73808606952170220 1 2
163064767716490770 1 1
504397017359319771 1 0
94046516887108741 2 2
937025170375018449 1 0
669094235326055484 1 0
776056993967592115 2 0
147002892905892617 0 0
195713544073828596 2 2
330768513815777292 1 0
319189791593915801 0 2
287374582762194878 1 2
688230146747530479 1 2
666457716494306291 2 1
485164168526664279 0 0
173553903980217078 2 2
987002486725122893 1 0
9130537370031800 2 2
943919400075041730 0 0
601952942470914306 0 1
216865392097618876 1 2
44419055739709991 1 1
787664226359014992 0 2
183184937526973346 1 1
219409441178430127 1 2
404056178570497854 0 0
318454766757100271 0 2
529657944022648410 0 2
764706493297158922 0 0
741634842996027895 0 1
314488423387530869 2 2
824656526617548914 0 0
907694327210715582 0 0
870975831538739609 2 1
95533289969175002 2 2
607143976070671292 2 2
820690768791770201 0 2
763932574853343721 0 2
967256266859106361 0 0
908999450011109782 0 0
266609005883865123 1 0
387766639822543987 1 0
744272634575651973 1 2
533890167110048214 2 0
928221106378739635 1 2
309984395878896654 0 1
962245148258323348 2 0
70345371882631676 2 1
731516326340535253 0 0
539166114483243474 1 0
90832393648135391 2 2
869943828969811027 1 1
352488191976010666 0 2
90440768386016557 2 1
813714420528226978 1 1
569493947416001322 1 1
261617521221359235 1 2
812151959314597822 2 2
759534570568849400 1 0
740784207529056077 1 1
58067224617017471 1 0
794957494327811387 2 0
804319414332176229 2 2
673334674898329917 1 2
90958874613967623 1 0
710907954897795312 2 2
121885904291225690 0 1
347674053797878819 0 1
210513416704389570 2 2
994412194775322254 2 2
237947342749151204 1 0
554279570867035493 1 2
5123690823960337 1 1
929805405892297555 1 2
768798385761105249 2 2
242711760181371355 0 0
373126835220812915 0 1
437254715051172478 0 0
544341410678318797 1 0
989121216787239792 2 0
617800037000410963 0 1
413294173910851512 1 2
187856245754771945 1 1
304355521869726624 0 1
76086433067832775 2 1
636092082502687030 1 2
473955989509151762 1 0
252392823046196999 0 0
884908435215001564 0 0
936139185959479804 0 0
184467758545493054 2 1
458256318966285275 0 2
853467125288715116 2 0
144961392345018402 2 2
297517179511928344 1 0
54566371646540721 0 0
435284264273748198 1 0
208708651375394120 1 1
661312145250399060 1 0
251919808528316348 2 0
866737450500467195 0 0
108060392925095107 0 1
929961447201319407 0 1
145144269476884976 0 2
185128327558204554 2 1
935736522618044411 0 0
64734333814627350 2 1
68426982210477957 2 1
115587826052152663 0 2
360830041384603409 0 1
887297054934304017 2 1
231277148732438996 2 2
818824634082313193 1 2
165293338102438471 2 0
885260234365063312 2 1
461943139459489158 0 1
584672341202489558 0 0
799586220517765775 0 1
97522495022095697 0 2
73248787255606073 2 2
140820529893563964 0 1
838989578424497434 1 2
842169627094814465 2 2
532979219809833004 2 2
570292293948831487 0 2
171591830214452401 2 1
390767477007050795 2 1
361146422179294901 2 1
998663870780568990 0 2
653939847590177963 2 1
322942188934289476 0 2
684549072393395906 1 1
376888188916914077 0 1
56595319886226222 1 2
837183272641508251 0 0
655293330963030261 0 0
466226162702270598 1 0
778210465241240450 1 1
589998446854323805 1 1
361202818883644829 1 2
651527058497513691 2 1
342022656099352201 0 1
621665786397683788 0 2
158994690059303061 0 1
1801239099411274 2 1
890076524884736742 2 0
189248692468609950 0 2
38080229667761651 2 2
72097201123379655 1 1
342997250948961156 2 1
419723981630719607 2 0
599375640771563595 0 1
562268106740900495 0 1
722651230577008273 1 0
200906719190271803 2 2
272891203226987463 2 2
292409300251459828 2 1
578518711861138410 1 2
612793077429052968 0 2
464716890343315521 1 1
354309383720178534 1 2
443417798230653606 0 0
234854104296205073 0 1
744704858322193645 2 2
737657506173911901 1 2
523551850615210148 2 2
508881175378481094 0 1
781658973493195122 2 2
914917978217504675 1 1
156358196588629680 0 2
138363766128173749 2 2
906694909732850579 0 2
801605284542822727 2 1
124004188798151969 1 1
644630241717242772 1 0
46846182683288770 2 2
417699600751724697 1 2
363223180514529972 1 2
260718198503223491 0 0
926380224284321251 0 1
293892185186162422 2 1
888978641440195543 0 2
732336872664116015 1 2
631424316607393522 1 0
535508791064053575 2 1
174034513350715001 0 2
855372326989252879 1 1
858530307578761639 0 1
435636959165313222 2 0
724220043284815251 1 0
497529402783910974 1 1
86630638247935699 2 2
80267133658212702 0 1
910570085045031777 1 1
902509391386683972 2 0
519582427963071731 0 1
98983611470207672 1 1
275410589729417725 0 0
265948015105606031 0 1
318410846284228831 0 1
322631332246040012 0 1
716799497185117714 2 0
932571127515273622 2 2
257328565302377436 1 1
54175288177557534 2 2
688247447411234682 2 2
397305876590904027 0 2
706964579579778233 1 0
634333293297676715 2 1
67469974595455081 2 0
392005399570248000 1 0
677402425595864797 1 1
392154557055369862 0 2
133333799176995060 0 2
847427564228616217 0 2
601392515364661543 1 0
807558988678045308 2 1
216317564456619629 2 0
332361431630804932 1 0
228068161538613367 2 1
694866748223260741 1 0
215081089095438332 2 2
814296198765396827 1 1
141251865224874684 1 0
95196206956332799 2 2
556089926306601335 2 1
692469829430190730 1 2
607685245747080718 0 1
921062825844059014 0 0
64339842521357842 2 1
418864953818907844 1 0
283976160162005659 2 0
566559410584464825 1 1
917265269439524419 1 1
797876132191818887 2 1
917561582378986453 0 1
3266526911396506 0 0
466966150248037099 2 1
91111615677630590 2 2
125436554945144063 2 2
46382052649490094 1 2
356045976430411852 1 2
110717260086333460 0 2
749116918728084705 1 2
54942167986398004 2 2
55029279242321724 1 2
998137253188045781 2 2
858982040223936517 1 0
70459792869755720 0 2
204243735197841640 2 1
38889781442061689 2 1
876735773428776874 2 1
844140233411924337 2 1
397587557856323370 2 1
918756591171971343 2 0
516471319416724144 2 0
722126972435302299 0 1
869268218398433288 0 2
417254894765574171 2 1
248105680835885058 2 2
922501765306356849 2 2
836264318328015568 0 0
19817698338756084 1 0
257240320228012944 1 1
764301853010610683 0 2
297569062788928930 0 0
430540745951809304 1 0
877613035565765292 2 0
783490741564725220 0 2
949067931619067979 0 2
763426990110381790 0 2
504760718361813943 2 1
672730467283081645 2 1
846532107923689035 1 1
63064748854019633 2 2
181527435451001452 2 1
253453677041760905 1 2
613659747676032526 2 2
787671473920923958 2 0
803350444068268756 1 0
179744183348062910 0 0
712052310122541847 0 1
90702516496920286 2 2
428938525449622658 2 1
260812153013896809 2 0
419575217308802228 2 2
849293130880734780 1 0
78935234282434436 0 2
312745748116550638 0 1
534190375841018178 2 0
807716715140844786 0 1
285402436015050556 1 0
754790849664361708 0 0
10150897935865485 2 0
468974769527801860 2 1
167626174061556835 2 0
909491422119432603 2 2
256561852564226133 0 2
191188643589579641 1 0
596259181389802855 2 0
842105332634762979 1 1
703537218263761929 0 1
176371379806276292 1 1
562576391910908135 0 0
909962413364895231 1 0
10122367703105180 0 1
984972316747043264 2 1
277550024614369149 2 1
275143564746403530 0 0
847029972427334357 1 2
604208517993589870 1 2
699919235937483906 0 2
988689100319149847 2 1
393913459769305811 1 1
938579139328007730 0 2
849366164393039850 2 1
567402610776093520 1 1
793929809637880070 0 2
603589340085460507 2 1
936487277399519135 0 0
289609198923398853 0 2
862423005510166645 0 0
864717494420180254 1 0
128735776782292398 1 1
109639741796077516 1 2
429813110747701873 0 2
878805121910354847 1 1
614980417328203492 1 0
86585188572645147 2 1
732732822239943831 1 0
579630379830662838 2 1
441192467009584390 0 2
553911565937413627 1 0
995065817495439074 1 0
30187477665214046 1 1
451845163101981129 0 2
788039536843994444 1 1
437549071600747294 1 1
697758927411953901 1 1
111845218177263208 0 0
109168113262143144 0 2
534673367794929718 1 0
667590261233934991 0 0
608004793637766862 0 2
254801251364518397 2 0
838817005414236606 1 1
794505119547418189 2 0
653153502218542054 1 1
594465061263042485 2 0
628774859548530449 2 1
848376742184532979 2 1
108176693080012133 2 0
776233891345951988 1 2
745826477478570969 2 0
966528078579803557 2 0
566390694780776227 0 1
911569554783022623 2 2
977205625971048579 2 2
859515094663427619 1 1
802853667094195344 2 1
935700499937048470 1 2
438488070123227037 1 2
785932340671726064 1 2
439655365900357931 1 0
720076600052183272 1 2
28656141742647289 2 1
302041543925563923 0 1
985104907242331521 2 1
677682566363617474 0 1
461634907772261354 1 2
502859678255646968 1 2
896309585931646227 1 0
976793303285995420 2 2
246468636217934129 0 2
316048047359993665 2 2
306873156441816357 1 0
186838101435749451 0 1
802941162884139721 1 1
592922302833729586 0 0
587578752398739046 0 0
45947561124583736 0 0
856954623619346589 0 2
401700738799581752 1 2
941249573212596119 2 2
407152277487492742 2 0
304645688693576586 2 2
350215591787627853 1 2
357268321257212056 1 1
81108819843048933 0 2
697028187113078566 0 2
997544992441053988 0 1
325536759718414609 2 2
465815815745018252 1 2
792422359561020878 1 0
213106181147189407 0 1
731248298366117092 1 0
612885304222983853 0 2
85367759713107793 1 1
646022927101391472 2 1
642861726630908309 1 1
703484611618272577 0 0
87841736383987729 0 1
802427582256198344 1 0
459485085115377852 0 2
68973458530737182 2 1
19922983468940029 1 2
712463438981049897 0 0
331850342594618391 0 1
930826109750160913 2 2
325301623164412875 1 0
655424426682277253 2 1
336858204386977987 2 0
207469218108375118 2 2
858422922568824758 2 2
775966390330506007 2 1
521664741739857586 1 2
956320087771777370 2 2
1045930679636463 2 0
861565536652368846 0 0
918295599493516285 0 0
758591243617533862 2 1
263886774297809293 1 0
28330035395789678 0 0
834324828504414320 2 1
648100727057153118 0 0
917662726187126426 2 1
219237925931554084 1 2
805174716440382009 0 0
812154545222539733 0 0
805376995568705100 2 1
102635643443796234 1 1
439360671243113979 2 1
183631930165201199 2 0
868686388834842027 2 1
99262036116459828 1 1
772815921819209330 1 2
736757619124720932 0 1
404607201635568587 1 1
73088339506421920 0 2
226945237686083387 1 1
836119800866662952 2 1
375918825258252893 0 2
934074503989372270 0 1
982582227920957873 1 1
1098050365914962 1 2
399681949633968928 2 0
218442532777325606 2 2
3802423529817483 0 0
647178547102967533 2 2
688732591545769686 2 0
901082494946639538 2 1
194285746714616263 0 2
540728587271559950 2 2
339887827774789358 0 1
872007426602793931 2 2
478985882344251974 1 2
906033270759658397 0 0
745060635451048301 1 2
56046969053297048 2 0
796971560034581518 0 2
205917594659765855 2 2
656767075557611562 2 0
819279551017669311 2 1
423400104906159569 2 1
562010542596667703 1 2
774687057616007598 2 2
215353705419065675 1 0
23197671278481130 0 1
704239267777929358 0 2
387731252736424047 2 1
77306910393963297 2 2
472993451856296512 2 1
36911959023647402 1 0
746117508303210308 1 1
67842510872512084 1 0
146362849734456695 1 2
385450405145334577 0 0
135515835890626171 0 0
410902531689249234 2 2
971591355107481984 2 0
922622933780214538 2 1
846201601910733131 2 0
851596587879414975 2 1
358081508998904498 0 0
259969677004670926 1 0
192257041131405197 1 0
117123828816148305 0 2
831134026961303103 0 2
145380337273844865 2 2
286357689987600414 2 1
249640793523298537 2 0
953493705353938475 1 0
669709948174416263 1 0
501111949573800166 0 0
476941660013999627 0 0
848374092076863745 0 1
218648627993649995 2 0
273520390617133357 1 0
856993583287453111 0 1
777849076446356007 1 0
652096378294895378 2 2
378381442035119480 1 0
354466252196904834 1 1
882046006992129339 0 2
454323120764518534 2 1
643338417122029132 1 2
601202592769715696 1 1
468428884240923853 0 0
853951837314007972 1 1
8152244857800898 2 1
822508222130843007 2 1
432781619025738063 2 2
881707481974461074 1 2
815470917353210998 2 0
67048347887884018 1 0
109074713915026799 2 1
447926822494210829 0 2
800115173540806210 0 2
819970449742719880 1 2
764784302415811672 1 1
807257407601756469 1 1
604248036999281149 2 2
551588910577299046 2 1
749733664541629300 2 0
454425914432853933 0 1
697279265902687385 0 0
615057213419834497 2 0
379137011200321243 2 2
241686614477249620 2 1
141738976911502972 2 0
13097376423349162 0 1
403905678220144496 0 0
290065605403555521 2 0
393486446012120343 1 0
942803135145175253 1 0
862236464744841666 0 0
52083843227267255 0 0
501063176852576183 2 2
497808568060708470 1 1
585626552734229699 2 1
724455551622073227 1 2
482950225345469582 0 2
171882052004267919 1 0
271432432486467341 0 2
823778584509706675 1 0
237491543330880308 1 0
341548067665177364 1 2
807699617455913407 1 2
447590597462055661 0 2
40548285820483757 2 1
520637930806955189 0 1
563076812152587724 0 2
942880517826875468 2 2
231998185501018968 1 0
972044133662062099 2 2
94209973445686530 1 2
346873052735652758 0 2
166050189012900361 0 2
770695646958303241 2 0
951397469415702265 2 2
57329041238365288 0 0
623616278987717199 2 1
132960805735631052 1 2
546929724124683458 1 0
681436699919588737 2 2
131221549117113423 2 0
955528302816042735 2 2
240709765009575540 2 2
39946707435828689 2 2
867644073936556382 2 1
562871071488350522 2 2
836541066136426094 1 1
455602401462594803 1 0
442239934345441074 0 2
707798117374601692 0 0
194887113471539084 0 1
543233957917867122 2 1
973733275596070367 0 2
842029468417203562 1 2
216584365970954512 2 1
825704743178540446 2 2
265617213717748188 1 1
472159106475940833 0 2
185355778003969705 1 0
674915304345060443 0 0
461056247023269942 0 0
197649020662380986 0 1
198611797658046405 0 0
854688945537710663 0 2
943858384343318725 0 2
86058491827042754 2 2
294524516760106091 0 0
679110059330955062 1 0
633060649959441424 1 1
721600884755957371 2 0
1070749346190537 1 1
252429317065567722 0 1
72187391599572117 2 0
388033256250155681 0 2
19879519900440055 0 0
636067272164443844 1 2
7450941612955991 2 0
723980229521218392 1 2
700886496537497773 0 2
113430363915756506 0 1
384271213056929758 2 1
677484946349081576 2 1
721716790960210682 2 2
868641437529325952 1 1
405598289162515579 1 0
644260842884598464 1 0
667963583924583256 0 1
152485361275844160 0 0
192895441274575386 0 2
576821370509341526 2 1
98537132429977120 0 2
77253337262882387 0 1
97987356154632644 2 0
722768587250423019 2 2
245820210678932858 0 1
631375249944093439 1 2
534213721167514710 0 1
802842711925073071 1 0
745601615962914476 1 1
652130530814665076 1 1
981276460180271033 0 1
209017123414858799 1 1
158812621189441771 0 2
130702223357661772 1 1
261634906165419063 0 0
285319682470945058 0 0
998554955711799915 1 1
428227254233973080 2 0
731963309668636745 0 0
20723196907985708 0 2
412957582312476952 1 0
608899420896650847 1 1
778648726991860479 2 2
36041798441132551 1 0
545854266006989498 0 0
437012982295802449 2 0
580839302249177707 0 0
506115079764241813 0 1
468047004897445314 2 1
128482052302993816 1 0
444102229744534368 2 1
732396269574032423 0 1
769770107314805443 1 2
571814321272336961 1 0
934927820541191898 2 0
36034410733667419 2 2
661414859126369994 0 1
428543598172862811 0 1
908738200510275022 2 1
746897581524005209 2 0
866674790012335296 2 2
790671249909019687 0 2
138443404850363134 2 0
976657874524706373 2 2
601736329054014334 0 2
492843973114022148 1 1
298713134147114701 1 0
25792939711442702 1 2
301648495285336598 1 1
763521201804570939 2 1
39028932266958884 1 0
28561793213609610 2 0
825875046298141448 1 1
348617043155707344 1 0
873074592466465614 2 0
651569324672612456 2 2
235281353590902337 0 2
842142139416652179 0 1
444390362871600434 2 1
27941989262352934 2 2
855746946396289177 0 1
208119138142052640 0 2
979461956528553470 1 2
860284873221287148 2 2
640740017907765763 1 0
608440852651147485 2 0
959225640466512048 1 0
3446855240016639 2 1
191296320309798914 2 1
660766578697873398 0 0
464803642942180240 2 0
232544189398274655 1 2
930548591668700366 0 2
739001895667750491 1 0
342876729174049963 0 0
382771675676443109 0 2
393633438714181289 2 0
531970208122641175 2 2
450748177830021534 2 2
173920713149442178 0 2
331333452862029707 1 1
824670172131518590 2 0
79521614125910634 0 2
405675689579036119 0 1
104267566271659034 0 1
909015045889332832 2 2
594203217254707763 1 2
70917366216560058 2 1
885940159184303580 2 0
204092486946544508 2 2
528698914448699539 1 1
933333841584143524 0 1
98570475831823541 0 0
859131799389180274 0 2
358677514054290483 0 2
23860375028249737 1 2
851405389854701857 2 1
425871449057971100 2 1
790191043725415757 1 2
758754531927335625 0 1
18052477594623666 1 1
223637974752683439 2 0
2271028405579572 1 2
227276022897878713 2 1
742953621566287854 1 1
275755389518475861 1 2
832088249485327546 2 1
506147109509093283 2 1
173307588200256147 1 2
832182294867153078 0 2
758459795347745237 1 0
166109949221318252 1 0
378268691290240206 0 0
307870795820389719 0 0
69150228671877623 1 2
565253648397455282 2 1
456137252134563425 0 1
746502133811090147 0 0
584472563152475662 2 0
720119158649048972 0 2
758450087341112104 2 0
94148710547792934 2 1
230522502872749178 2 0
680055839263703215 2 1
557775488336855160 2 2
40867936732342378 1 2
596488928374932025 1 1
714144040854326874 0 0
929136935670475733 2 0
771119966972017003 1 1
763171939610545852 2 0
4948068877149649 2 0
998405115966569393 2 1
878156214739005120 0 1
147324995895091545 0 0
964414396804747253 1 0
415427295488624749 2 2
307569918193674398 2 0
144129007574461040 1 0
726844815574817274 0 0
817125348752297056 0 1
85725127411568205 0 1
615772102539859509 2 0
986247443899619940 1 2
403222933708462310 2 2
692983124731745340 1 2
516589300130370201 2 2
975302933458918629 0 2
263930112370799027 2 2
325880640573820209 1 0
982817203479966367 0 2
357341343930421697 2 1
586564987263340380 1 2
577870221509018482 1 1
12767340622712441 0 2
163657764305579689 2 0
862292257725798425 0 2
304776223904879384 1 2
107880189254763039 1 0
232394784778914237 0 1
386224938607954970 2 1
891417067282672959 2 0
540977935247463570 0 2
85095656278015677 1 2
56575464739399831 1 1
290713235846322208 1 2
12421400412474738 1 1
631909608444531411 1 2
173529493048336926 0 0
351090410667959123 2 0
490806802490598760 0 0
262174839880494287 1 2
692495298865969409 1 1
429356071876636496 0 2
293922551512561779 0 1
19522075315365973 2 0
730686073834692268 0 2
858572788502407059 1 0
992268950082815078 0 0
120194468696873046 0 0
588808709289529923 1 1
124105285374784289 1 2
455063023892373099 1 0
359037149572876604 1 1
314706721060254626 2 0
607697898803469590 2 2
610392468719468078 0 0
550535569634831994 1 2
93462363157380691 2 0
971676766467051762 1 0
799961593375923096 0 2
793556137888379794 2 2
396230215281012706 2 1
999699233620813175 1 1
826771387370553603 2 1
387156779219084251 2 1
904192136497043502 1 0
837743055080091728 0 0
834361468197038774 0 1
618814003251673908 2 0
170748368132741308 1 2
256775101948589653 2 1
872474041987942256 0 0
680970628041924364 0 0
177819926634499129 1 2
419537223283135001 2 0
341857431266497453 2 1
798574925479314461 2 1
777538677118591205 2 2
262305393866167872 2 2
828706401256333167 0 0
989004573102905202 2 0
180501459325318960 0 0
136481003725699888 1 0
17818474091663290 0 1
16959806249592677 2 1
864931564513457798 1 2
430808834173822008 2 2
253600227431056127 0 0
149905270617376586 0 1
666670538069090439 1 2
115509586265997409 1 0
183448050444654155 1 1
990242651803656399 1 2
532466408041378781 1 2
570840034537849972 2 2
425916919963842676 0 1
521317045199200760 0 1
896691170934985867 1 0
324738329050902537 0 1
428877573024887365 2 1
856797496405354978 1 2
741938188170288552 2 0
856649940075466441 0 1
407598038039714077 0 2
461905352755340460 0 0
881657741889070378 0 2
144949913879422865 1 2
793698993548931891 1 2
693847309191912409 0 1
377155379161678293 2 1
756748920717924284 0 2
464673272240687164 2 1
509451262601827574 1 2
629577941818122449 1 1
517932321044091562 2 0
272307705912287456 1 0
881854552435727602 2 2
322225538210172058 2 0
457427263979524899 2 2
851584202637349024 1 1
328839264428098902 0 1
96712710453733724 2 2
592258609311710119 0 1
288713229336357988 0 1
941073058213544787 2 1
783664778682554126 1 2
704279140599592028 1 2
112170356889962497 2 1
680680601220821796 1 2
865000795015329853 2 2
269912535024153592 1 0
42007779689601625 1 2
299147808567239244 1 2
965738728258552409 1 0
222649674396153017 2 2
56491616950315971 0 0
712465469545016150 0 1
59015340061244821 0 1
319468938693985777 1 0
881017105686829813 0 0
217375783749590888 1 0
758828515460832685 2 1
395694676502987992 0 2
934593172607484788 2 2
6211841629923434 0 0
290960500603897738 2 1
43599848574388641 1 0
470607614538001392 2 2
179990945331113214 0 1
740382912492308375 0 0
610615648550652746 1 0
113772108613107008 0 1
857656185518081398 0 2
544758789136050884 0 1
634969107132723539 0 1
655482467444008110 2 0
845603707095146297 1 0
810840698404462277 2 0
38945812734930484 0 0
65169088698870330 0 2
149913377050942902 1 2
166964541630793911 1 2
945537441036678862 2 2
784506554783979142 2 0
804556479411012955 1 1
389989889863260004 2 0
436873600437273360 2 0
7972778847711583 2 0
233929645115001174 1 1
870800682331100047 1 0
415496354132776288 0 0
614803984586289973 1 0
413199899632410063 0 1
517221047057184550 2 1
756440672567529123 2 1
923264384644657126 0 2
322572548067744698 2 2
62350405715691059 2 1
479436883508563204 1 1
695960824237215952 0 0
833955006863012040 2 0
923178010331668445 2 1
70618895688767089 0 1
793594274997364412 1 0
580516474155045358 2 0
292450840662540598 2 1
179800775494503152 0 0
890807828420080933 0 1
854742288007399486 0 2
630518330393165227 2 0
266409195622272819 2 0
190313684261746960 2 1
684448532187625151 0 2
862339297949139141 2 1
65981457109224408 1 1
593096390981671923 2 0
276462340554670465 0 0
98726143778575014 0 0
332755740522280661 1 1
602898064600029547 2 1
657641204209030682 2 2
948924010331379562 1 1
331945019854709353 2 1
274216268779858099 2 0
885556922775969141 1 1
391347054204397933 2 1
530210203777022745 2 0
267378853019490029 0 0
690855817233753245 2 2
242470173502598866 1 0
30565412797423490 2 2
759225276739439513 0 1
429597191499082258 2 1
209285958814210944 2 2
958331660776594490 1 1
545975923014876947 1 1
258248629755364370 0 2
580193343169442287 0 1
302826979466937886 0 0
828196086127534065 2 2
329346844828044495 2 2
25429332190989990 0 0
439790119961814699 0 1
993624143583836556 0 2
874034389163847615 2 2
698536748859985788 1 1
767518725905784351 2 1
389438520620793873 0 1
243500027823420901 1 1
500442661414642894 2 0
328740330427380003 1 2
83621913572375780 2 1
448651603619671502 2 2
176263668562395231 0 1
528726055860151082 0 1
340036959261894076 2 1
25962072824805454 1 0
524731282075549258 0 0
328116516396515363 0 1
323852711886882692 1 0
589594727598365736 1 2
79602532332589502 0 2
897036867183490938 1 1
457997545489579241 2 1
472663410506232846 2 1
978774413605584229 1 0
637367333404875033 1 2
915185675411515375 2 2
47592875412083840 1 0
209880327612527232 0 1
753825286371130864 2 1
207036993501997006 2 1
849022546044692129 2 1
84495445886627822 2 0
902808355585397021 2 1
227549490981164339 0 0
223242649566809525 1 2
621960073066677094 1 2
535337372021175760 0 2
934464945193605437 2 1
216094527762258008 1 2
261921621143162 1 2
222494666165775221 0 2
318564800291212669 2 1
927368097312112701 0 2
560552191265032965 1 0
657590184282606802 1 0
509714950928390241 1 0
430893439022357966 2 1
456323857934153850 1 1
377406535766235591 0 2
585911151765621022 2 1
471310702602565760 2 0
486247156593880665 2 0
853968797027031606 1 1
207592899620127332 1 0
350947242851177242 2 2
112409189560632841 2 2
711445291197567919 2 2
990897473272505314 0 2
482933238542533694 2 1
181055384942141886 0 0
28866838456666889 0 1
917624334374641590 1 2
515555004201628920 1 2
667905985017477006 2 1
362174916868630865 0 0
719000484922736497 2 1
259360185874116369 2 1
583973566303711805 1 0
355287921915466891 2 1
379871260904389814 0 2
474715312607320180 0 2
775440197170864588 2 1
303189445645044634 0 2
440834903506539567 0 0
883937896905786148 0 2
385992550612810506 0 2
897202061764318325 2 2
795912706673503999 0 0
694350971339522438 1 0
344413115342332393 2 2
143672052146102288 0 1
501676116815274157 0 2
803326911399317400 0 2
645000382621526631 1 1
415176114752873075 1 2
923610500515586866 0 1
2500924860617711 1 0
736496684681258361 0 0
791257694789582495 1 0
731578139569612417 2 2
251529038931433874 0 1
7088565689203318 2 2
911077191068347731 0 0
94155754209711063 1 0
108748599851590949 1 0
718060057223148357 2 1
263105836016985709 0 0
103542736449728296 1 1
474355575865126547 1 2
394815115634990266 0 0
515397102264064420 1 1
918971563565333398 2 2
653421150252091943 1 1
879354871225759695 0 1
727752624401566578 1 0
368409005145141324 0 0
587367000389042376 0 0
436965047758199732 0 1
125806354408999172 2 1
788892351513842077 1 1
887541019401159113 1 1
423615994981140379 1 0
899654798326397110 0 2
202251645399438789 1 1
456067591870874720 0 0
109805479036494616 0 1
526965799260444447 1 0
966169091360181102 0 1
86749316311782525 1 2
320491058623559531 0 0
604781283153977035 1 1
555212129576387371 1 2
143997433611235314 0 1
455859975678798367 2 0
829283638768576993 0 0
668088503162959672 0 0
173438003337218435 0 2
745318111563152288 0 0
189786384772060572 2 2
201938555818362631 0 0
34451297380470443 0 2
604118909770876460 2 2
231835644437146946 0 2
262171273549108318 0 2
474797085024738709 2 0
72955969902453799 1 0
590821444536462689 0 1
280733815650279300 0 2
425065388435943921 0 0
568095265635026880 0 1
911951966492909546 0 1
435054060667829972 1 2
901220567248358841 2 2
72860262565138401 0 1
980058469745334494 2 0
570934218003469909 1 0
139963179059759082 0 1
111910956526451336 0 1
918284808801858231 1 2
417950285045630964 0 0
954630747274090408 1 0
444292806469576429 1 2
126649602776150379 0 1
332187525073592624 2 2
308120805167947996 1 0
152354454081969263 0 2
306533132730473015 2 2
157686739943910193 2 2
571485794388279733 1 1
613496957785466589 2 2
909491152020169892 0 1
308041095171567609 0 0
227932583033141439 0 1
375959689464424188 0 2
333727472941271873 2 2
326385632040914004 1 1
652233588990969139 2 1
341784176452459324 2 1
499516254781359687 1 0
707658521579429803 2 0
177132103243421131 2 0
338231367771342482 1 1
82555898247026127 0 1
784776526521008673 0 2
100478740402191666 0 2
83597787480773933 2 1
583062352821501131 1 0
35916969125726069 0 1
522793409493166108 0 1
688167104323517851 0 1
558728117407975135 0 1
832507556897014696 1 1
411167296948177549 0 2
437166629907869747 2 2
750170103269839767 2 2
110666767684999062 0 0
564918058475692797 1 2
498158775175029143 2 0
515639108877068457 2 0
103225747420278850 2 2
606929824937511086 2 1
10090266638068676 2 0
308282975980125090 1 0
447880176079563599 0 0
730420092877678093 1 1
901216356120687365 1 1
584137078207377055 1 1
30988138101264496 2 1
932777637994287671 2 1
152694524374732649 0 0
731448572246807421 0 1
883651501802037507 2 0
130244838013725004 0 2
132893661918135354 0 1
807377437654770126 0 2
197223150049470541 1 0
404796950708618470 1 1
670484268776761723 2 0
877307110492253326 2 1
583505890774752286 1 1
772364108214262803 1 1
728649939222926209 0 0
745129787259564223 2 2
704026002026301162 0 0
276396120933547252 2 2
4790533529629385 1 2
54145109732493927 1 1
465754435893689589 1 0
520683740677200535 2 0
680134341680741261 2 2
416808554250026438 2 1
728368518251715590 1 2
521118085670716889 1 2
419095442636528853 1 2
189770306713439133 0 2
60542694290042997 2 2
740841426074698731 2 0
793563499221822527 2 2
573916261909019596 1 2
855629114010207659 2 1
591750623549421677 1 1
185281958500140485 0 0
203620680200468906 2 2
936041261553656014 0 1
814403561641685519 0 2
78735288688834281 0 1
758352737213095587 2 2
879179619566799611 2 1
221615994560541450 2 2
343015166866863363 2 1
512419818487518496 2 0
375384827198273928 2 2
174827169304272885 1 2
550151599739922595 2 1
897528668150992343 1 1
809513257785064434 1 0
608973690977899372 0 0
979279155706317311 0 1
573367671750478397 2 1
117972655845376430 2 1
59482153636339920 1 0
635166500158288727 1 1
15045931243784404 0 1
466501149439978011 1 0
705065087686124931 1 2
632638240376752129 0 1
720016598573979840 1 1
838489421579134559 1 0
997429262262598283 1 0
719582639792138176 2 2
425087327067921504 1 0
697812124743412918 1 1
228235396206415745 0 2
543020605094102619 0 0
111178238210091977 0 1
369206065557082303 1 2
571175733739755452 2 0
393835063352455198 1 2
855945251754599855 2 2
958028845784651868 2 0
737633498512103859 0 2
981446996121851414 2 1
608828845343570631 1 2
167033429752985889 1 1
796393776528401938 2 2
821284629751900203 0 0
967643038523169945 0 0
925312855384663316 0 1
921246474347589769 1 2
36464783865265367 0 2
505056618667664152 2 0
122574844497275838 1 2
742541098859706461 1 1
466241632563980987 0 0
314705306335968916 2 0
63095471468772485 1 2
40023422579812075 0 0
547984679012387830 0 0
509554152518675171 2 1
384746432160456918 0 2
899630400104742115 2 0
232825595257530535 2 0
205171238720671515 2 2
766966939190228683 0 0
852051668894002487 2 0
899311812120758451 0 0
382113669387899929 1 0
699135731023240881 2 0
977875917004351540 1 1
184311459932791316 2 1
271358873846269594 0 0
504432126866730841 1 0
66702814345972267 1 2
916224392398608606 2 0
315256393298390029 1 1
868319265312982202 1 2
701619656635481964 0 1
727601773442937257 0 0
452411589842754121 2 2
472864447722184840 2 2
715868746754350508 1 2
374891868813385484 0 1
523870886285689945 0 2
54880076605456752 0 1
377818895490651773 2 1
248954144744430882 1 0
781910775146858925 2 1
157622640878075571 1 0
946646469091169375 0 0
415507530723653543 2 1
210228201750394935 1 1
151100853134558686 2 0
336441500028223872 0 0
599520474263124393 1 2
411124347301692410 2 1
270061748570705351 0 0
4834897244636522 0 0
800624079766813496 2 1
590280440422663634 1 0
376914877070204459 2 2
387853206497633064 2 1
987306059982771538 2 0
729224139421076178 1 2
148268733990877967 2 1
177259649279074889 2 0
399426383822066169 2 1
580796203559975369 0 2
217517371520663707 1 0
264918747825116758 2 2
733185781953305686 1 0
76584044356155853 1 1
539854816930997226 2 2
170612455228831785 1 2
567412697520038948 2 0
800766419324832998 2 0
72824111624189469 2 0
219170419508110184 2 1
841013319112667860 2 0
493209385837719234 1 1
236376037009629244 2 1
930688139178871099 1 0
197276030491728088 0 2
336093027470278633 2 2
663422807660816902 0 0
878487340522171226 2 2
355127656603569524 0 0
909328652225468812 0 1
399811292719199903 1 1
223056615116819071 2 1
929268715656809571 0 2
587666685978236731 0 0
907390072083721345 1 2
198142024567495992 2 1
35779012670500511 0 1
926363195897058571 1 2
753762923410384000 1 0
192755876910124479 2 2
664076965639298042 2 0
55507601134767398 0 2
826244972011891496 2 0
17045197632720508 2 1
369220223543812719 2 0
835127561882951678 0 1
579197156502278053 2 1
12332185255268752 2 2
194826051179527323 0 2
993494093508567027 0 0
565629224574539974 0 2
424478224240918173 1 1
714689376495976109 2 2
650068279981663483 2 0
188013303026692429 0 0
699388871918390732 0 0
169156010075837204 2 1
846705494945004696 0 2
878087512358353231 2 0
754623742153126421 2 0
770479056012441870 2 0
301827201040578934 0 0
539033517953837883 0 2
779248863267584667 2 1
346297254688144766 1 1
443907023397265949 1 1
962791866693570422 1 0
327664366544952139 0 0
151070272572653987 2 0
953534442307322780 1 2
993859321410675376 0 1
962872979020793240 0 1
231569493043301652 2 1
997182614284094128 0 1
712488615766974021 1 0
334574652949730436 2 0
432837299452606592 2 1
984097348486588305 0 1
254779111998703716 0 0
435166482119129596 0 0
209507086477875861 0 2
960892136210059383 2 0
870520826451085092 0 0
438610182479166916 1 2
646690401758319530 0 2
928535926475875458 0 0
525222457294090083 0 0
70185724497734869 0 0
477661900804481758 2 0
251349688999914250 2 1
572120336144427893 0 1
490628267226741605 2 2
354934608791721994 2 1
343869199669078823 0 1
589564084114865447 0 1
768441516130492503 2 0
295274523129024666 2 1
211163838008009672 1 0
303683529963962185 2 1
253605234447082027 2 1
337985391043704804 0 2
775930453535624002 2 0
53371207998871246 0 1
709128412219805537 0 0
974045640837310628 2 2
581625524983010386 0 2
939569969483556761 1 0
772299369220381574 1 0
294527305413044717 0 1
879386954882643213 1 0
619995768323605934 2 1
4512274070205482 2 1
343437180938401663 1 0
586760055501546723 0 2
676301565346646938 0 1
179252337217606984 2 0
173673765842585726 0 0
304086109293181970 0 1
267385321770589122 1 2
789251822249497666 1 1
793402614026124069 1 1
824536834004227659 2 2
338627011931465232 1 2
362790638394086643 1 0
253175947408739439 1 2
453050804797249236 0 0
348822501132581274 2 0
799379455729431935 1 0
365530784617497797 2 0
997425971594410115 0 2
586826453031456608 2 2
200743757618119708 0 1
370994526182060167 1 2
314703746558141625 2 2
374493627707313727 2 1
48625297718155372 2 1
942086393327478070 1 1
476017416773638114 0 2
166422478529477888 1 1
326301381415943771 1 1
965752865337726532 1 1
59512908935121752 1 1
714789027871401204 2 2
68338777729966476 0 2
660170131517398221 0 1
297259017993914198 1 2
137702220186156584 0 1
83381137946447799 0 0
794161484677354538 2 1
400875359556689466 2 1
81617553979174514 2 2
762092613804274765 1 2
675233330925114019 1 2
725002675429822141 2 1
692747439784486460 1 2
78939638414135041 2 0
6278442817647113 2 2
320234492598758947 2 2
431471796180164021 2 2
283059815623698768 1 2
28442867611141542 2 0
252660236154470740 0 1
624682064870201984 0 1
264044172940129827 1 1
458578780910239999 2 1
967624971545146369 1 1
621581513883504816 0 1
831884940670269672 1 0
588510986698649452 1 2
599155152315920458 1 0
909783749704507862 2 0
319443338059979959 0 1
607067461867398771 1 0
833068240800133418 2 1
947908169693537563 2 2
825483891242815091 2 1
166121332307688346 0 2
602486485403387831 1 2
281419439685457774 2 1
510488898525136178 1 1
915161861542470126 0 1
691075861141773565 2 1
930050024422884674 1 1
157561263940277048 2 1
654160832562113068 0 2
828904771859458756 0 0
623572524189364840 2 1
230505633310252275 1 1
60199128624617026 1 1
217454191264969810 0 1
996082934454657425 2 1
895497995389705507 2 0
934029383677955550 1 0
133833433306391078 2 1
234956301429697322 0 0
107434407301572075 0 2
9763458098029387 1 0
910198780147043589 0 1
665227480305958673 2 1
749498952141299282 0 2
93165767437462959 0 2
213009163914590381 0 1
707306537745122251 2 1
433697993613658494 2 2
396715878050318573 1 2
649573714003082892 0 0
559707489885221875 2 0
50180254650556253 1 0
844627169063212677 0 2
902420062266009410 2 2
815690396081774261 2 0
320921954156097077 0 0
809427103306869762 2 1
214346767169770912 1 1
932181394763956927 1 2
391787970430772827 2 2
88313721953592029 1 1
608683623083241475 1 1
827561491102729556 1 2
131974192092230300 1 1
209060780666033619 2 1
732455492246499306 1 2
72057937152763078 0 0
210492372660494833 0 0
452938462451901360 1 1
597012762891065037 0 1
822223344634787707 1 1
211100256915096415 1 0
756463196893367349 2 2
424153823753885637 0 2
240814716214588412 1 2
828080598976901065 2 2
531848418574541422 2 2
365188175343698803 0 0
481523362727649861 2 1
647308778364768894 1 1
305843812222306215 2 0
138629026215360832 2 0
322882039413022969 2 0
671413870598599725 1 2
393443173754764942 1 0
748087400984374485 2 1
543934874656269550 2 1
157911975659608017 2 2
843318313208958158 0 2
413265950777860244 1 1
140621654090469226 1 0
292606158535136055 2 1
851015628496414192 0 0
588384730227480781 2 1
438960838634412028 0 0
344760836840997673 0 1
352909209661154331 1 0
970711097594777412 2 0
71989277758100370 2 0
636874025375287971 2 1
79775772967635655 2 2
255087668363866262 0 1
19858975288959720 2 0
675808733910022861 1 1
738483013836374460 0 0
685182114590170472 0 1
314927815887413495 2 0
353203236699268489 0 0
148536176498943036 2 1
694260573169994735 1 1
793978746153713627 0 0
195402548324762402 0 1
644824264954744699 2 1
821793382841691070 2 1
940019831159210326 2 0
409980651131499900 0 1
712983010369391967 1 0
523552153725466885 0 1
355759239067371611 1 1
805661554161860127 1 2
18139445036436852 0 2
421457310607928944 0 0
739737773436414875 2 1
355310598041016141 2 0
978528283833298556 2 2
144286749338149761 2 2
860796219308530168 1 2
45110993591904472 2 1
446126528861123594 1 1
705624908003642290 1 0
38784413506662925 2 2
878821517875492635 1 1
957646725399439853 0 0
654812606656220793 0 1
996540854833068625 2 1
479295830304143668 2 2
957711012109341051 1 1
380557116124222421 0 2
375737602156972217 2 1
435994363606146024 1 0
194550479143472692 0 2
321843429642628876 1 1
373979107242347382 2 1
279750882025007585 2 2
703382314922289111 2 0
621649036545748396 1 1
357376223289302193 0 2
774079940273903462 1 1
180867402612923992 0 0
998583769897921412 2 2
177204320718621406 1 0
336718671393596719 0 0
798244736359119993 2 2
608133977705572043 2 1
766247159815131497 2 1
1988828539806127 0 2
442708162399594392 1 2
123894064305663628 2 0
438161487874504712 1 1
4852267386622428 2 1
631931364518124315 2 1
239279000893041504 2 2
56986051472278365 0 0
724193967339335548 1 2
73945828066819637 2 2
428385388585889215 1 1
625445848203739513 2 0
86130632575000553 0 2
137179005862242323 2 2
647176262598141892 1 0
813037553035676720 0 0
479822409508992548 0 2
389868648337608557 0 2
923282586604907746 1 0
414186646821783245 0 0
562256564197305669 1 1
147442772793424563 1 2
128829064703956288 2 2
17078221220026907 2 1
272379955718235659 2 1
929976460830610397 1 0
692097239502845134 1 0
338257305481811960 0 1
106248087747665106 0 2
206011501602223263 1 0
2873418206165399 1 1
604048240599414441 0 2
895029348573873374 0 1
447367883441857569 2 2
390778922523706090 2 0
76303791929597289 0 0
674950818120736347 2 1
895860599977697779 1 1
200498885954688804 2 2
523468314351172368 1 0
50390759551556967 2 0
686091596324687888 1 0
281099916781334760 2 1
567493989734837602 0 0
187877890718905377 2 0
87248150400508855 2 2
805222468398791583 2 2
762520823323577704 0 2
864702617046043395 2 1
172971543250948002 1 1
854115754387650102 0 0
273271404379081597 2 2
712855171665741885 1 1
139433382406133248 1 1
286639275150446511 2 0
158348651114374559 1 2
454497231326018769 1 2
225925682041422217 0 0
42676485929775975 0 1
681531605586663221 1 0
512356235698044858 1 0
228312265835107656 1 0
52658712230688569 2 2
729439302898463852 2 0
229303718281079494 0 1
883602680464668019 2 2
760980164550898865 0 2
874546236059628729 1 1
893755987573046683 0 1
28617158352740052 0 0
824505434400136886 2 0
969054973580874576 2 1
993911149127911923 0 2
697006037072664238 2 2
202669904045758166 0 0
586638546695587716 2 2
109351601132343220 2 2
472661459482833226 1 1
327479360548406794 2 1
915308640131359702 0 2
320609321955841038 0 1
345717368711531178 2 1
286710862454474885 1 1
851153092328406122 1 0
939805155778041340 2 2
503069988121019850 0 2
733159591936333428 1 1
477100674094364550 1 2
269321798184621712 0 1
794424907578610441 1 2
260898736554683029 2 2
470050471129447252 1 1
214452080329362485 0 0
939376709166905754 2 0
888836838218098831 2 1
859142297873111755 2 0
453484401790292826 0 1
313411883601726501 0 0
914619980874155465 0 2
243473909573907740 0 0
624290079937151351 1 2
671982526168394831 0 0
80971306295309315 0 1
722419486555741893 0 1
138807493929302302 2 2
821139064591243222 2 0
241331116087529106 1 0
961799637894168085 1 1
276145387008130292 1 0
236177272393689476 0 1
937888420959479479 0 1
283547028384126089 1 0
126293963973545480 1 0
969801677696839187 2 1
188808886061111227 1 1
297205191264201673 0 0
801450260710245248 2 2
790343252030935954 1 2
284055965012163597 0 2
559779463376629524 1 0
399028031164169306 2 2
406754350973138746 2 2
284452977669383542 0 1
862897484182597689 1 1
983859105356051395 1 2
804504534250335535 1 1
940086998520177185 0 0
186907740074739212 2 1
503507845905616571 1 0
195393353417589036 0 1
980605611811241887 2 2
293822786021379500 1 1
558728794122146252 2 1
87329359918916771 0 2
296693019204663432 1 1
628507256800575247 0 2
427158210419106395 1 0
809876486451897551 0 1
865007862460916610 0 0
88548807609169425 2 0
811625655074197322 0 2
334989026421912363 0 0
128804967709184966 2 2
435212784830737002 1 2
184598437422667782 2 0
386434182705825546 1 0
348018039163386214 2 0
189584868489665783 0 2
901335419215414382 1 0
85110151391149406 2 1
497719527258310815 0 2
851821732442952494 0 2
929120088668106223 2 2
640892395564916590 2 1
215150851729220075 0 1
902141325205135544 2 2
849075077902881737 1 1
19360982021828270 0 2
688362463818346940 1 1
533070537681742783 2 2
897990066869608389 1 1
353498095886763552 2 0
943676968145733940 0 2
910604141766182051 1 0
29034471805642712 0 0
483074798339311553 2 1
668625862182341271 1 1
474481399936665349 0 1
841924066463745599 0 2
993004636944969054 0 1
424223556089447036 0 0
75723162724700999 0 2
454439778593682913 0 2
151110322181153226 1 0
734071679699563350 0 1
415825244531380936 2 1
249185354185539506 2 2
899992929334062532 0 0
568935224393931128 0 0
220518633251531073 2 0
188027474604713085 1 2
261769042667556697 2 1
56224367051501833 0 0
817806697576901162 0 1
822337060080781865 2 1
449344475972292147 0 0
132312189936705928 0 0
551978333971966956 0 2
853775934336096701 1 1
777138186764595175 0 2
280355330896299445 1 0
934459547194300841 2 1
225599814545629719 0 2
833829001215621249 0 2
300852008495520010 0 2
226428702207206150 2 1
584586218412520622 0 1
604010283169108289 0 2
918470967453523377 2 0
513209217633327935 0 2
286881363914789007 2 1
401673823386882467 1 2
296553677753085016 1 1
421350651196022527 0 2
38820946930366021 1 0
244614419577115112 0 0
609673674913840403 2 0
626545791773838626 0 2
560844364444270738 0 0
163558567147453016 2 1
163895133417574672 2 2
58129944614108133 2 2
106596367404390354 2 0
453827866949642915 1 0
468466772132636315 2 0
550457953697229555 0 1
387432380408338729 2 1
43876088509214637 1 2
432735023519166949 2 2
530376900399058 2 1
24856700504233265 2 2
955498956956005904 0 0
437681437576072948 2 0
51627681737725193 2 2
761353110100706379 2 1
536941133587725238 2 2
813046361414386401 0 1
8374235448216634 1 0
211437928444925795 1 2
451713906637346743 2 1
452025867397224301 1 1
54139764408856015 0 1
344919262488752057 0 1
729329876389355194 1 0
324957972848408399 1 1
93563320562103490 2 2
991074254470633443 0 2
334609454705148631 0 1
586420038706738639 2 1
6466075688540183 1 2
690553158744824503 1 1
675964704293712489 1 0
324584441159392007 0 2
20564594909240038 0 2
248380272917570785 2 1
799149964092989257 1 1
162320463002093374 2 0
363410590589936300 1 2
831499337787881639 0 1
972956203684641664 0 1
389928891270099907 2 0
121815119452769344 2 0
540549689810687293 0 0
135610226498182515 0 1
865787795385909398 1 0
31453681241493983 1 0
33482448690311794 0 1
830822714241432821 1 0
983529985664654918 2 0
194048180371935971 0 2
391139262721327351 0 2
119392361221372231 1 2
417513339492853305 1 1
610790104334886208 0 2
691661270949378253 0 0
780800953350388691 0 2
364202468642570429 2 1
209215552878903844 2 2
523033734367283812 0 1
24161016279021669 2 2
63296678147438321 1 0
136543232140915696 0 2
768733529413126347 2 1
351978816654702051 2 1
42939456168853255 1 0
287862484352810753 1 0
29264582148466232 2 1
178831098004192655 2 0
679077871490296204 1 2
42714694617464834 1 1
58069572879789163 0 2
220612373187550745 1 2
302584375121091960 0 1
816379030807945798 1 1
479610645262873559 2 0
224888997766273134 0 0
430776580483895171 1 0
811999989411499318 1 2
306144869041480540 1 2
507814839635591555 2 2
122096447564198805 0 1
863656493226194347 2 0
725598391836701473 0 2
885183630134299805 2 0
33373266642472800 1 2
480235679681858703 2 2
230170673444549262 2 0
75920631264322225 0 1
198601120984143943 1 2
160367576869331876 0 0
485939968299764745 1 1
912423866907914596 2 2
196444663771936591 2 2
843675759349970771 0 2
929848621694870353 1 0
51510176696503830 1 2
484569235741764813 1 1
325090636642848436 2 0
265438433128846250 2 2
41360523719262582 1 1
351712434284140866 1 0
354150371811279210 2 0
36525560903096571 1 1
641950458110998994 1 1
445973140091632487 1 2
258524314020035028 2 2
416682053460681790 2 0
502329009958209488 0 2
418486427582137730 0 1
308024130427224382 1 1
406420977280740273 1 2
706125639458391795 2 0
140688000174939989 0 1
275752522101205209 1 2
858238488229416645 2 0
608115482084657068 2 0
735038002302068766 0 2
605380704850201473 0 0
602701948030863909 1 0
875352488184194787 0 0
635367122942831487 0 2
538071389692412559 0 1
615541779152896726 0 2
519511093975487075 0 1
815657467063133610 1 0
367705962025815201 0 2
229520917597079965 0 2
347554315885941400 0 0
141591839397863068 1 2
71905233486501611 2 0
961691780042211128 0 2
930349216134437500 2 1
479048411798284745 0 2
716707148859067489 1 0
806091056718902282 2 0
616232525144145519 2 0
608761684137989951 2 1
103946000995510739 2 2
918808696172592891 1 2
259810527402551695 0 1
520338696310479948 2 2
155718201436317252 0 1
429192743487973933 0 1
260515363117668515 1 2
87924874455771586 1 2
550601668055922886 0 1
32107526722831778 2 2
242825107827482889 2 0
781881876676813905 0 1
517034511585347766 1 1
181914340246412723 0 0
337642548746052387 0 0
826916821651599484 0 2
144697719594366885 2 2
315174251375922453 0 2
282557455635863845 2 2
504030078351110711 2 0
369456291724676779 2 0
83065146848968819 1 0
998897954026577720 1 0
421144916405402853 1 2
64972454218478870 2 1
74935375113129171 2 2
440237249494487221 0 1
375219412263212405 1 2
43839206175633016 1 2
542964273084106882 0 0
287006079038060057 0 1
207047272090585164 2 0
557948181743927157 2 1
95241074427551123 1 1
229503716615281919 1 0
18069295350423803 0 0
618113564980712246 0 0
590025223766688295 2 2
436967843354532454 2 0
202899384790324760 0 0
24838357987582349 0 0
892143099138154839 0 2
313740582098387253 1 2
604799405053498451 1 2
812284508765048155 2 2
472663705746580470 2 0
468041674502023118 0 0
978857375899034656 0 2
434849020891343496 2 0
863259310394579848 2 2
438480760344954161 0 2
839831089468389964 0 2
383498013909087880 1 0
871811894831219416 2 1
307441659428226716 0 0
744182863538426541 1 0
103168305014209480 1 1
81102548830158064 1 0
476534868527949015 2 0
233127446995712750 1 0
521598961172471607 0 1
427196485859748775 0 1
268216189013733003 1 0
953428254827306481 0 2
448798589317138417 2 0
890540405461261492 1 1
635264264998958905 0 2
294126903218570262 1 0
954535761650146080 1 0
814345861954331787 2 1
185710039758085498 1 1
619811843423720090 0 2
77991696573236768 0 1
716009108700085278 1 0
946915816631972696 1 1
474503086975331447 0 1
493724113157214380 0 0
668579384467743629 1 2
594108938485287531 2 0
156167652903067104 1 2
487831539288783739 2 1
501499083331089823 0 1
681791431713600596 1 0
876633413839956664 2 2
216623015868784163 1 2
957373781676997008 2 0
697921212655268881 1 1
919096710983610201 0 2
534777660749406801 1 2
591324517858212101 0 1
858129883001237246 2 1
777229038172766425 1 2
452940253496023928 0 2
418161624888888411 0 2
39481864249919885 1 1
777093958029917080 0 2
333348798725582425 2 1
910077970851892758 1 2
122137385764681106 2 2
601859905301571513 1 1
252992109913980354 2 2
473488211582535734 0 1
658337691598781528 1 2
123817020020523470 1 0
133547151877120872 2 0
383695472622442233 1 0
685243587581840692 1 1
527259607629368634 1 0
527248767809515330 0 2
446182567615101108 1 1
390995309686614546 0 2
443425297990372092 0 2
459137527385524971 1 2
119801920552505422 1 1
647912248416279585 0 1
298259240534891004 0 0
490068325987018590 0 2
732620532467684031 0 2
301368516442450974 0 2
316311733981071334 2 2
794447646039093748 0 1
172191961979015488 1 2
330507287464468387 2 0
635284460296172785 1 1
379703266472040558 2 2
717220321863037563 2 1
213442170328628391 0 0
897416724879289750 2 0
495166984716592748 2 0
936012261574217211 1 2
107925542084200202 1 0
792768608987387918 1 2
203899573199369582 2 1
861965781766332390 2 2
72479181108317605 2 0
79496223427251075 1 1
450333403019067604 0 1
343430930819566599 0 2
941272408112545793 1 1
245820385337195787 2 1
915332743318589542 0 0
109635985795979265 2 1
733419327273796415 2 2
187180848066541374 2 0
992087840032299108 0 2
989569998428450638 2 1
841620393685919081 2 1
254166874974960090 1 0
605926983888877375 1 2
128224218643397842 1 2
825984182573912882 0 0
814408234314720515 1 0
610643221633033396 1 2
445995025051389303 2 0
739431036244885457 1 0
934561256619625620 2 2
781247053655743113 2 1
572008904256735475 1 0
517624899254447615 1 2
373372296185492940 2 1
721209818824166347 0 1
166655543457977263 2 2
542222518619998683 1 2
696171885437174376 2 0
734202105526974664 2 1
382193073299043671 1 2
372982571510361097 1 1
537686318067934981 1 1
207427772953749139 0 1
54945304572270870 2 1
932208231857500869 2 0
838194972871639306 1 0
847605239565469661 1 0
778581986723009796 2 0
223447540348506623 0 1
3243541652336552 2 1
378395997099204612 1 1
943815723966704590 0 2
910404665429883555 1 0
835218644619643926 1 2
27943752834388488 1 0
757178710156913093 1 1
652411252088842966 1 1
93663234097663362 1 2
416756980741075196 1 2
162120104247226329 0 2
277302215153769261 0 2
391887415796951206 2 2
205599258566973488 2 1
542813971363473499 2 0
508199049290121505 0 2
744765002480303505 2 1
977320845576520552 1 0
761314647516215902 1 1
548855498872084798 1 2
372057668814480017 0 2
268606705595453455 0 2
102467653360260342 2 0
276420694137600092 0 2
766832314147753063 0 1
373316748091671830 1 2
169379092380337521 2 1
903098409138366045 2 0
199361779510107266 2 2
908453062261855512 0 1
762360602785085156 0 1
548292062920435456 0 1
156381541100720599 1 1
119823699401390147 0 2
647429330843786456 2 1
574254401516365226 1 1
132671385638049064 1 2
543215598868782563 2 1
429994254044657891 0 2
107625705658181823 0 0
921420983858936624 2 0
351651070644259749 1 2
123469003289636723 2 1
55829209417910767 1 1
328488722642860080 0 2
512349869196541402 0 1
618717134485938890 1 2
605092163635844124 1 2
225574067628780270 0 1
557523531753411867 0 1
902420399398581984 0 0
648263292142759218 2 1
488146427202084281 2 0
647278097680239727 2 0
839235451625885275 2 2
482923779285741061 0 2
867811255725519603 0 0
929066865330385118 1 1
260631313702440986 0 0
230232737311921788 1 2
36263916013008010 2 2
221892886748344966 2 0
862918157672689899 1 2
663192704064134830 1 1
79980854065064548 2 1
432131394570831888 0 2
871123174446552391 1 2
592580363582864594 0 2
253740562450095645 0 1
708918412397633298 1 1
977482344251112209 1 0
34353565298212681 0 2
637395994991716888 0 2
858927571680700187 2 0
808362980942000069 0 1
253385761159049851 1 2
864752394219456124 0 1
324456412822629090 0 2
146405019956437042 2 0
201579077499334983 0 1
350593364109491068 0 1
639017082288459926 0 1
433658560848670884 0 2
584938484544244827 2 0
395302693426924642 2 2
317867379089224319 0 0
532009248891496379 0 2
443622454491507657 2 0
139143312051795491 1 2
448849104158491304 2 2
614964002752002890 0 0
703900005805644501 0 2
847806796580904275 1 2
330758092948183520 2 1
288453116074755604 1 1
565051507758944270 2 2
512828899944395896 0 1
837573469132808171 0 2
155582491628705499 2 0
181518495740952911 0 0
69060726468076076 0 1
387976861117073212 2 2
653616440333064859 0 0
908756852822043375 1 0
339146454735067944 1 1
752070564778776682 0 2
37225945456326761 2 2
313101969164870083 2 2
138332436436667290 0 2
288605534446836760 0 2
331983828524844560 2 2
272542536871800975 1 2
967787410595162908 2 2
976022182186209782 0 0
926087496512795314 0 2
816060384396326032 0 0
169910517762644925 0 0
846544641075515932 1 2
781500504233592678 2 0
867154688933668396 2 1
109288706878104999 2 1
208173448746034255 2 0
924837507339967407 2 2
845748157390960265 1 2
822454048997455127 1 0
974692122215089463 2 1
986668730988756417 2 0
134713366664086111 0 2
6171219665078992 0 2
432418720703841953 1 0
671847160562775474 1 2
164749564282002018 0 2
694765045550715438 2 1
261621738594329591 2 0
678768705869546891 1 2
616594370542852959 1 2
363424629817625970 2 1
736046414662730700 1 1
919880326533309419 2 1
115867434307094331 2 2
74058581314523050 2 2
32295424240611176 1 1
234094385785648721 2 1
797746090612215911 2 2
721657271027648835 2 0
808613420277820439 1 0
786320107318345313 1 1
200152414866694414 1 0
890759035178000118 2 0
527801323930924285 2 1
667461897644122800 0 2
943914178329345234 0 0
469329445693837369 0 2
193111401209452955 1 0
243087047251792071 0 0
61612893566176697 0 1
171497364070368962 2 2
331760128923043517 2 1
22668919054341320 0 1
144131735779230457 2 2
796048827714135546 2 0
714974291895858846 2 1
378992456460331234 1 2
92582947680336458 1 1
986141257804964231 1 2
202499840206507915 2 0
229456328707896205 0 2
866592757426426696 0 0
782001807794549419 1 0
455985987632889822 2 2
817406267729853784 1 2
491956706158129769 0 0
542983806753680078 0 1
655503058875171984 1 1
273993920514319047 1 1
638948973667921342 0 1
406061122608504536 0 1
55870529474305030 1 2
998754904504753036 0 1
966421456683788197 2 0
103278379764206366 2 0
21938720694543549 1 0
655333380644471902 0 2
357217553315066485 1 0
682608454480137531 0 1
348562424230785335 0 1
338617839139522530 1 1
941295337883892536 2 2
99622242990199717 0 0
295650701864698119 0 2
714976119424338975 2 1
4411073597238531 0 1
317413409427330934 2 2
561886549307373220 2 0
569082771871413987 2 0
185235737979619470 2 0
907531480920186822 0 1
840594147389658513 0 0
226331362141677527 0 1
10591052692405093 1 2
943949647456712765 1 0
131210489063625637 1 2
39341558904525193 1 0
576226388148586315 1 0
991963851070866081 2 0
728161368034730565 1 0
479270093869998447 1 1
51541693948772666 1 0
381438267989953487 0 2
20964757150121555 1 2
255091619412639161 1 0
612032532206726496 2 1
455498478199866304 1 0
471428644026949871 1 0
762765030038775292 2 0
233419105858371547 0 2
197288788620100036 1 0
515944179216216568 2 1
418962492374778632 0 2
658801722608897946 2 1
542330327671932171 1 2
635282170909081949 0 0
511533070149773332 2 2
599091434259731980 1 2
653072378548038371 0 1
694457331064586760 1 0
40212694237699729 0 0
719971769116101897 1 0
981135274945288399 2 2
29810177848101921 0 1
484892490780594565 0 2
457849993865373033 0 0
531798700792652741 0 2
876238368508126118 0 1
343179047207505991 1 2
638433246758164018 0 2
829754826700531387 1 2
300195978890080508 1 1
210339481866956375 0 0
38140389728727984 0 0
355595740142635875 0 2
261642561528428149 1 2
307383561869792054 1 1
188094194422269250 2 2
520266500131558090 1 1
695495998418807856 1 1
380979869708175131 0 0
667417844759428822 2 1
217902961215593066 1 0
387197280557466158 0 1
390926138791488594 0 1
102383853848885430 2 1
655837381213168138 0 1
52403320082264731 0 0
333071870490883608 1 1
91417926948299816 1 0
187971530944904438 0 2
240751661427201555 0 2
364299354335676097 1 1
807503329047318828 0 1
314498887843948179 1 1
240008449295600878 0 2
181591397302408779 2 1
382918102783837370 2 1
693799273965833191 0 0
448372737227991975 2 1
940284276715704699 1 1
576359993647233751 0 0
909682585136886599 2 0
635580796827268488 0 1
624576591589271642 1 0
38928134803050030 2 1
254984135761463985 1 0
526942340879861324 0 2
208702087768955936 2 2
116987483308137341 2 1
505022321451039153 2 1
889565806215075529 0 0
261417798250647225 1 1
579504748088527945 0 0
419118092498569336 2 2
631431794646646112 0 2
397539377726053251 0 1
983285425249705324 2 2
794487186050440702 2 1
107314257090219259 2 0
846720270947240953 1 1
143986695856436146 2 1
345909836740770110 2 1
456287416946344315 2 2
638359450925412555 2 2
53011117225606574 0 0
685789524544729559 0 1
233805718071079097 2 1
477167147262824464 2 0
218891701570711106 2 0
96660077464897680 2 2
332403064695243010 2 1
129084390700597727 1 0
422444247124573800 1 0
107711524255471918 1 1
184510262212457162 2 0
367588318445103305 2 1
859304168666677979 0 0
210944832892545018 0 2
528816221498964829 1 0
865131493817491592 1 2
986804424098332470 1 0
849369589449399110 0 2
127992281569712081 1 1
97056532167141594 2 2
598568498196282800 2 1
308411711049718148 0 1
174857523852339110 0 0
700552509809540251 2 2
245642235068818904 2 2
675987399619183607 1 1
814483828153260291 1 2
869179495321111374 1 0
927263956645066319 2 1
892875309398130896 0 2
792712521585814274 2 0
754101129569358329 2 2
618393878551643288 1 0
226841690790733851 2 0
440433114369237424 2 1
135567240909372839 0 0
746052232697691111 1 2
190328301194941877 0 1
374710218592431477 1 0
620154913491232600 1 1
401389765976612411 2 1
385836276913269239 2 2
198230226778185915 0 0
605502027466185673 0 0
244223807466092992 1 0
560307282206078859 1 1
60701932978113256 0 2
351740720960884625 1 1
716964098183004958 2 2
632897760565430071 2 1
882594980630120155 1 2
101109406627970982 0 2
813984864740305293 0 2
66856492901632528 1 0
726352889772937866 0 0
222268085458270287 0 2
752528651876957114 0 1
500593688421176391 2 0
265986607215274493 0 1
708494759578127521 0 0
46774847049636615 2 0
703326308346246329 1 0
922779459960497192 0 1
538809963766063188 0 0
844468101742082678 0 2
645968382267725509 0 0
700023168278994792 2 0
797868515555623160 1 2
624410089988884430 2 0
541159352705688508 2 1
642574272756897102 2 0
749345913447421690 0 0
425284237878342664 0 0
143568048328929106 2 2
298462341953652665 2 2
938424687187764379 2 2
35763295910504291 1 2
126285792136696552 0 1
317393008199141185 2 2
849357660157403133 2 1
778701599240174614 0 0
324677748811436343 1 2
670113329185137188 1 2
502249120061140722 2 2
780959492479104044 1 0
392134201968388273 2 2
878733521222868245 0 0
302450852368935333 2 2
961985880423090731 2 1
804720822459111560 1 2
986864908095856583 2 1
915510343566312105 2 0
864363882701635877 0 1
588521199960028363 1 1
32323691461171421 2 2
531377873770279217 2 2
630424949110981303 0 1
403117793026985026 1 1
66604420366154402 2 1
831287388573930722 0 2
99357677637161936 2 0
531113032239666158 0 0
288101390244475127 1 1
741403058929899930 1 0
210132904776940081 1 1
552647974502342033 1 2
189277007950591544 0 1
131475033646484449 1 0
978123981738801859 0 2
351191537214047717 2 0
333748382387169189 1 0
588142315501365053 2 0
799159392850613615 1 1
514295927670027709 2 2
950223198366026397 0 2
723435035163943355 2 2
889288411846662686 1 2
647587959894688283 1 1
547184473718689923 2 0
725506901803206446 0 1
435797659274547478 0 0
446960924470520992 1 2
717020375469890930 1 1
305270655555744994 1 2
938732451066935174 1 0
864247459546541969 1 0
211708868435169924 1 2
72724939789838424 2 1
376487079257617865 1 2
991678686402931022 0 2
181281085072052123 1 0
744802086727380315 1 0
151160743220638825 2 1
99458553371485631 2 2
157084921350039855 1 2
841262840264747627 1 1
743539641562600419 2 0
318308968950638037 0 0
679057141443881311 1 1
514090959090000900 0 2
282361014626400965 2 2
707018699754488449 1 2
916458466060902064 1 1
843207150838744877 1 0
338994451512143809 2 1
114273899509016254 1 0
392672538886803927 2 2
812275831961437390 1 0
753298588637034200 2 0
600293344820124595 1 2
527731113621905028 2 1
606266145948468740 0 1
513683314166022246 2 2
644310134505035535 1 1
44581749847762477 0 0
994137447243833202 0 0
268758982221387139 0 2
281340819360694089 2 2
197416629580593662 1 1
918647655768792089 1 1
311757518360862706 0 1
762488773906201467 1 0
486130630472321150 1 0
702099247889307074 1 2
618872374183152008 1 2
172677998783529563 2 1
148095625933198494 2 0
556142822701396794 0 1
153125979418556922 1 0
135731832271342456 0 2
850817190152473746 0 1
862597292538727812 1 2
691659536676881894 1 1
64222131930902235 2 2
901358987154976408 1 0
646612001313650802 2 1
496667457435573055 0 0
968760214211849911 1 1
250267284185640297 0 1
124819076485694598 1 2
648426971843391747 2 1
411904267542782009 2 2
398928630160123484 2 0
936140757104511195 2 1
688278842654883632 1 1
901254472184660420 2 1
305075924597253485 1 0
29665353881364204 2 2
692424677094816051 0 1
107161513975663321 2 0
231885096422621489 1 0
654778254272136082 0 1
428334228120646208 1 2
426582899089902743 2 0
516561417690888861 0 0
66216386966618456 2 1
302361874418753902 2 0
341210124527896677 2 0
630971695634222830 1 0
898587130944885380 0 2
407673883949571034 1 1
473390313317635736 2 1
636370237684407548 0 2
755701192665926154 0 1
253202199863539135 2 0
953729605544551638 2 2
745223883906580529 0 0
578206559918087828 2 2
650322812563019432 1 0
703389834451084059 2 0
187036438952701397 2 0
394604410136515300 1 0
621584237687314763 0 2
565262726584248958 0 1
430404567095552713 0 1
227155991394493367 1 1
409252506655451337 0 1
520868776573113208 0 1
551646101739736451 1 0
250187710476429183 2 0
400786679806166774 1 1
232897140809140353 2 0
786579253956113995 1 1
672619639597488415 0 2
916612091766125432 1 0
612827003599399714 1 0
839024035149928705 1 2
562743312517389125 1 1
677755675409519510 1 1
122777521025990020 0 1
503579919166019857 0 0
979176803266028351 0 1
194243729733132715 1 0
755803497766965002 1 1
598929318019083561 0 1
807949584703348127 1 0
22326120774670498 1 1
409715435451117693 0 1
686525111829837573 1 2
157519178317845737 2 0
228124005604646443 0 2
869233748065612011 0 1
994038991573916482 0 1
674393856182102924 2 1
195563321921447800 0 1
375660234460977184 2 0
221128499375743834 0 1
126042861038572278 1 1
686821706414768858 2 0
996077361736311713 0 0
320528825516672687 1 0
224736236501459494 0 1
77583748133149857 1 1
774276224831691108 0 1
313779850805503555 0 0
727299012169275290 0 1
961509859284859243 2 0
176809260123226654 1 2
768437377083481535 0 0
544231296908088183 1 0
653260748883242165 1 2
124138693018194423 0 0
316635269103044313 2 1
383177923042914875 1 2
832473018834955480 2 0
623605648637151280 0 1
161926099341018344 1 1
179298059252394003 2 0
453448162754986230 1 0
450696602978628661 1 1
956189517058597614 0 0
874338088002669119 0 0
617151854318222400 2 0
200048526107709118 2 0
655144486096172314 1 2
263622379603924055 1 1
631592322443585012 2 2
193467690665900863 0 2
925461519794048433 0 0
581502311612184752 0 0
414062816617493742 1 0
65707422604359051 1 2
357675227098102924 0 1
31601570725306373 1 0
782804148478120487 2 2
159863894640675596 0 0
613139081629897515 0 1
622849689626805284 0 1
227180889996604577 1 0
906681623869105016 0 1
961520382917524619 0 0
786538565166432737 1 2
937349862701341190 2 1
558835831853930636 2 2
501323274971499024 2 2
425383202238336865 0 1
80102744994152878 2 2
696358537144962131 2 0
158778869262672708 0 1
198063381344832235 0 1
251418903758513380 1 0
403552010690372278 0 0
182426731960677627 1 0
602294378940707284 2 1
740178271429073272 0 0
806134376059976782 2 0
995207143841869424 0 1
484718808245241716 2 2
529284481572171584 0 2
42402618055826882 1 1
380351223453297721 0 1
358738553951923321 0 2
604685461379639827 2 0
321785800729829057 0 0
457513866768538967 1 2
677038742161308927 0 0
922065660312062051 2 0
570008220305115718 2 0
780361441741839367 0 0
404786547187927473 1 0
598510542898198184 0 0
294355263614664589 1 2
309651377221265546 1 0
555775719716398722 0 1
897694173788381424 2 1
111586710583503738 2 1
51280325938417578 2 0
284842284844819535 1 1
561073258776206092 2 0
475417858009732204 0 0
218971164723153176 1 1
188643149579892992 2 2
520815046736915036 1 0
186128258660004364 0 2
696610163743359314 0 0
601320949111162060 0 1
914216679615270406 0 1
23233136303961887 0 0
214076397975626895 0 0
562569086460067011 1 1
699031292295198658 1 1
574365251661474924 1 0
694433188172351526 2 0
522130246407730816 1 0
121303825011743232 0 0
874001458206163056 2 2
496723546736085358 0 0
713456663244438966 1 2
424233019355636719 1 0
742345178205443057 0 2
303180522775732816 1 2
890306378157892503 0 0
353413327054790715 1 1
510150472809415593 2 2
965001346020492497 1 1
120252672290659674 1 1
127645725627030013 2 0
146486754596026275 1 2
963729024257837070 2 0
19892696060346302 0 1
165873405028101318 0 0
951560917927098408 0 2
58730544502395350 1 1
531915657245407287 1 2
979944062551361234 0 1
640691607981367720 0 2
38814605489602580 0 1
512950162447289672 1 2
114572172245572304 0 2
754009712854368111 1 2
502255180679554063 2 1
263683952554690654 2 1
517264483137059923 2 1
42247705597648375 0 2
831479658274046491 1 0
963333612942717709 2 1
906783446724439083 2 0
636742015007364250 1 2
85632574007782465 1 2
407505802438343120 1 0
274360543213433219 0 0
106584986226279679 0 0
264141719407784378 0 1
320128049558915290 2 0
210614568863636717 0 1
650477348183860041 0 2
455318422946106929 1 0
326654158555283060 1 1
462187333039135576 1 2
357012316751948872 0 1
959133238918068829 0 0
691891330603969729 2 0
291033439774690638 2 0
666087319496254533 2 2
581735607115251555 1 1
598085259511816779 2 0
475407709944641512 1 1
45563634221545486 0 1
217195761364244036 1 1
753898785093242012 0 2
314241156686384210 1 1
409253623754141253 0 0
333007825397218561 2 0
928713229565409869 0 2
929921593727443029 2 0
850221314552225817 0 2
948642043146789877 0 1
788752352834459807 1 1
511210619712982346 2 0
670767670824481113 0 0
808427571850184974 2 2
842164786740850709 2 0
768591731982670725 0 1
914197606297669507 0 1
294322086510865308 1 2
764089913170453527 2 0
901345508410785819 2 2
17805044217178013 2 0
994620674494372038 2 2
754693611487590677 0 1
424764568536125314 0 2
21346900622357155 2 2
231004985730693961 0 2
193281283018570685 2 0
453876526764472383 0 1
601082422439091305 1 2
208213340927650486 2 1
531855730608107156 1 2
552070379588464529 2 2
2302736906100413 0 0
344442214813642213 0 0
513420730459242755 1 1
120771101382324126 0 2
59894872765779659 0 1
831516345259922115 0 1
972768404779314057 0 1
157436578697905989 1 2
619645081820328399 1 1
926702946457402794 1 0
143683395286865494 2 2
95936238945069563 1 1
8558195376130520 1 0
701567649446502437 0 1
702026719492034676 2 2
542695027571904760 1 2
443384163075184132 1 1
819072020649805985 1 1
368587030720478832 0 1
881082631423241659 2 2
957184408772904360 2 0
10967854670538569 2 1
651706768071351614 1 2
91750180148070259 1 0
389599069193398121 1 0
606885386400971013 1 0
965267605322976427 2 1
742470492708537912 2 1
908253015097702969 2 1
445893834375577053 1 2
168011667848439063 1 0
752201115240974591 2 1
497165351067299137 0 2
14642822265968360 2 1
470571360648654857 1 0
324532246527403327 1 0
775482004814732164 1 2
794905950361802771 0 0
638734940099667838 0 0
610589591423466238 2 0
467853257314103833 2 2
869873829739944237 2 1
947520694148500419 0 1
315764140130522981 0 2
954366964498250140 1 1
841605594042865927 1 1
400022068444734866 0 1
62525654549080892 1 2
227906750884636627 2 0
928823789133531840 0 1
886783396994210481 2 2
163402522358939458 1 1
584830618148156799 0 0
438397107528350759 0 0
912185188385384637 1 1
127453612105738529 0 0
188931086989336211 1 1
469762805613212436 0 0
19331696669297371 2 0
310959911040007397 1 2
97721172505548826 1 0
362679836032369477 0 1
769307497502000806 0 2
855976870526864498 0 2
851614300479009629 0 2
88440116009115579 0 0
91777489582230930 0 2
694561662938369552 0 0
420420285453663880 0 1
492912527622534919 1 0
149341478916173733 0 0
284304969785953298 0 2
626263363611060660 0 0
749100879151287750 2 1
493480296323596974 2 2
178998901097839025 1 1
254011115376415845 0 0
376999658957493252 1 2
835717389520815141 0 2
203752307065740626 1 1
450717260338148664 2 0
533951015413666229 2 2
275580542811554872 2 0
626561546896003744 1 0
567951830701991044 0 0
582581144923366551 1 1
845840844718038287 0 2
701092181557338733 1 1
810068635427399267 0 0
652870098743149078 1 2
919078634552134121 0 1
140588433861848708 0 2
340454653198096480 1 2
767044983787164609 1 0
911959231682160502 0 0
51687280461990132 0 1
909592762634969942 0 2
246235032350500391 0 2
378825504150303211 2 2
256616912938008915 1 0
240424309004172458 1 0
995356456003087409 0 0
784030548831135469 0 0
601037277740580514 2 0
731935109005891308 0 0
623438551554397238 2 2
490117569123448384 1 2
395600642714933439 2 0
593804480265338183 1 1
335544617839449111 2 0
259639390537789103 0 0
114377646776875031 1 1
751479392141461044 2 1
196310416038024787 2 0
606149983906263233 2 2
292305303295311040 0 1
90938581485790176 1 2
443124423442743722 1 1
561143449299570877 1 2
866852653351995215 1 2
389480169430279267 2 1
521978359926405762 0 0
455400633830447323 0 2
115925362346373783 0 0
346722257717701509 1 2
989698944104132889 1 1
299410770731438070 2 1
95784566139338810 0 2
449407632883419936 1 2
658939833718558050 1 1
385427152443759107 1 2
399797823155998645 1 0
965486362000645200 1 1
42576737326624533 2 2
642847174086545767 1 1
366588202238599004 0 2
622776554323248825 2 1
816158784583915975 2 0
407090555312279042 0 1
54164637782046900 0 1
654414100385296993 2 0
87556208150978755 0 1
470117132278647788 2 1
401151911715847033 2 0
334953718413981642 0 0
117429523519046259 0 2
450684713370559834 1 0
84985263821456997 0 2
150043178856686571 2 2
386862769553703973 1 1
325659398669242283 2 2
951122277497212351 2 2
843932506160394746 1 2
114452939289140904 0 1
131628184467016274 2 0
886163131080570525 0 1
128730295187081992 0 2
723008460105821623 0 2
775395970742227891 1 0
755333073704937080 1 1
802796261730905986 0 0
373512363226589526 2 1
982944890505891811 1 0
784385077060025764 2 0
810748685510543873 0 1
722041643374302390 2 1
73229139025597419 2 1
783925666323470734 2 0
301410564283368293 2 2
388499385690406564 2 0
111015179433143450 1 1
191042351993788210 0 1
191546832952608312 1 0
863549997873886801 2 2
745514590751988238 1 2
314311551681137562 2 1
263752113465367589 2 1
898340784728903591 1 2
311938944479080321 2 0
759118004841041142 1 0
863728723758125462 2 0
567034820964539078 2 2
741324237437453936 2 1
882930985703976934 1 0
376422167012731771 1 2
491650404011955330 2 2
552132183945382236 0 1
883969915378817297 2 2
179949443048403569 2 0
515058435449407428 1 1
105715295313353782 0 1
74727691906215630 0 2
991334739983281302 2 2
403743377565420905 2 2
156319802374865732 2 1
674242995035582917 2 2
489138384957045837 0 0
898166028445575874 2 1
666029573922292338 0 2
444198157762625329 1 1
328780182968740198 1 2
114028747809167069 0 2
483313260923913290 2 2
942518154087956406 0 0
482595643444315991 1 0
710500932492698545 0 1
876073560259818162 2 2
633230858354916680 1 1
256558112925136722 2 2
306111602384046690 1 2
875529257540305852 1 2
532222689217860079 2 0
499104393251722967 0 1
217661759394312684 2 1
261669386287460198 2 0
847954102509820933 0 2
409477177381636600 1 1
744144658138442345 0 0
786317498407800007 0 0
285801577352943200 1 2
333853418849273245 2 0
866338242220612563 0 1
959110923180748777 1 1
732851966290692335 0 0
618444195617754948 0 1
128242885994512483 0 0
915202904207847492 2 1
689878385219619473 0 0
773244677084490904 1 0
402854175214794424 1 0
148228316405911606 2 0
251643124120536428 0 2
77873587315421472 0 1
842651661335875452 0 2
967583660102900144 0 0
453351231624766160 0 0
625747004844875852 2 1
517401222100742203 1 1
763661515760012358 1 1
891662706387906375 2 1
979154858667503650 2 2
562914354305886993 0 1
449693761020620482 2 2
285194294775299629 0 2
431168932411475290 0 2
382463206193287849 1 0
599051697633376440 0 2
958400675030334195 0 0
688997580480700719 0 1
553888338922782335 0 2
771499120151823060 1 1
309299573157447506 1 1
185730768967939258 2 0
747289493341172255 1 2
747979651716393767 2 1
822446716531968302 2 1
208158287926154444 1 1
62953661090716241 1 2
94083164057582653 0 0
618072040104538594 1 1
641656907146950517 2 2
243530659949194336 2 0
62479259271699005 2 1
818410259683654940 1 0
865542049731611127 1 1
795067702008027448 1 2
730551995772803932 2 0
618596676906085402 1 0
211217086891174995 0 0
353331246834760489 0 0
838974925205664392 1 1
324866853965022039 2 1
533702088337902721 1 0
810650381445756758 0 1
924146984397996036 0 1
520482622055435931 0 2
447537221234029393 1 0
453230280948200944 1 2
766838552091902080 1 0
722049940544036525 0 1
995329987289949126 1 1
190254813424913315 0 1
815199265713272354 2 2
186734810137882661 1 2
522502968735709663 2 1
963198270992681726 1 2
590076129039360513 2 2
412865258289713841 2 1
54090017132930534 1 0
873877884858843109 1 1
472005942290668865 1 2
305219706750773843 2 2
810531784568070371 0 1
375035006483454031 1 0
532905780288493583 2 2
305085512454085565 1 1
769117559565763108 2 2
680189362803046488 0 0
144192524352529870 0 1
822423674208269363 0 1
491772418738375539 0 1
145106470878789488 0 1
489821737858931811 0 2
206637335363559591 1 0
650277534859045533 0 0
899369244970962633 2 0
927742604110907163 2 1
383378231506125311 1 2
939107399172098588 2 2
419848110143997383 1 1
789844682982398446 2 1
727593446661505218 2 1
248570837670181022 1 1
407796238721271558 2 1
944971119614685918 0 2
149017475293477020 0 0
829715349922248283 2 1
23367384239794389 0 2
172035958769855025 1 2
294724575782093919 1 1
89259408667487472 1 2
712103521807990052 0 2
989122685778858207 0 2
631596401732361816 1 2
907523306408618486 2 2
433139899906828889 1 0
249238787351591088 2 2
953196851458925941 0 0
153988749958687642 2 1
457265277642684268 0 0
594420294959539206 1 2
535415503171428451 2 0
407862407507112239 1 2
634051994552119839 0 1
816625133525138968 0 2
96324921545782101 2 2
133587004517271743 1 1
176620862782021694 2 0
867057069341292611 1 1
506866154066139846 2 1
237962825094508629 1 2
11776976504519128 0 2
131352118415788678 0 0
964909610944209545 2 0
464399139537609498 2 2
279115768646373026 2 1
602865431940343878 2 2
968133400872792065 1 0
767588153892309611 0 2
127940425891467638 1 2
339138253683399002 1 0
661863297998661258 1 0
584254937705678084 2 2
494491764855767682 0 1
978512748045400856 0 0
456400478772242211 0 1
539794329044400327 2 0
827941600926320701 2 0
46839730133183000 0 0
188405502518821059 0 0
458071259360271489 2 2
901929614764075995 2 2
727507852548392859 0 2
142143113767423226 2 1
231367932644500351 2 0
76216998477324223 1 0
555892910217587814 0 2
414602227640002288 2 1
455535738748989317 0 1
983715775951962645 1 0
409943845141816053 0 0
958676212545061262 1 2
762719696794762524 2 1
373363416931168491 0 1
481059262965263508 1 0
55691177662745832 0 2
105992289712312194 1 1
261666673085853293 2 0
770547352463871062 0 1
865447796570936659 0 0
906180556557558352 1 2
932742966641597964 0 2
552934488107999152 1 0
196798990684460942 1 1
958817981996605180 1 1
798448532231635016 0 0
256172926989209848 1 2
699947353277739665 1 0
360627283452094114 2 0
440272979123549463 1 2
894990891677651859 0 0
763712652783705242 0 1
620042824568756373 2 2
96435422488365109 2 1
825342495514744750 2 2
902298547772805298 0 1
941412192018803694 0 0
773393786202984735 1 1
537193497592673250 1 0
419194118885589117 2 2
835165014820977789 0 0
39351516458897649 0 0
515814250669568296 2 2
788761215549440721 0 1
815615964091197607 1 2
8336709004719173 1 0
291217551635077724 2 2
935851455551303218 1 0
381002687340028337 2 1
893960837975486501 0 1
778921969937108999 2 1
38476080298513428 0 0
837136614419188987 0 2
813575995800192658 2 0
42754240441927924 1 1
718428778813751544 2 0
654498774926766522 1 2
831906357236564570 2 1
683537552741449215 0 1
541199911895628956 0 2
574361433962904475 0 0
505994167948964894 2 2
630752907056974021 1 1
970367807651976428 1 0
467569622873219099 0 1
68448523789222861 2 0
77818786531424174 1 0
692133430318865416 2 1
630086266603728409 2 1
985075188383111754 0 2
980158519117962137 0 1
211160440015290318 1 0
536416067340385976 1 0
648477152065062995 1 2
633266460512480403 0 0
664977167968766815 2 2
473972406864602907 1 1
76039104767506603 2 1
801163456472923542 1 1
833400925664147921 0 2
507576783307786184 2 1
309887446805744136 2 0
985811653357509997 1 0
118458881249248117 1 0
950221889136914257 2 0
283295970255797157 0 0
229561934417419426 0 1
830576921046146834 2 1
62996683642003865 2 2
646254006745014429 0 1
895390035213480695 2 1
119397240437092383 1 2
181322377651298289 2 1
157402229500494189 2 0
816789905591156382 0 2
430057696252473272 2 0
565618625692864620 1 1
138639875104141196 2 1
247645485646912654 1 1
414248603081473360 1 2
280087046527652663 0 1
73883419102312185 2 2
41970273903967442 1 2
867443810695871856 1 1
598888332031661000 0 2
881526250690393449 2 1
972917683189861243 0 1
873550573934328235 2 2
790973942103449525 1 1
36879379825565541 0 2
561772509447270121 1 0
211546904650716333 0 2
933511025392583008 2 2
596215561453505039 2 1
286505766240729427 0 0
871239304097573054 2 2
719974298105782457 1 0
909126195454535647 0 2
131532119099147364 0 1
41463942120201673 0 2
155045881101764694 2 1
911786270822183380 0 0
871992601578197702 0 2
500168238433184764 2 1
475172420170691874 1 0
542802792167918002 0 0
20170631009315935 0 0
717912430545994715 2 2
28615794878805368 2 2
345883686609727432 2 2
746114447499791542 0 2
238701258595902930 2 0
775763884223975219 0 0
402533082765541293 0 2
50206243549158230 1 0
630414859426871543 0 2
58031629945585121 1 0
526829903370512736 1 1
513793770506269264 1 1
851583594443905636 1 2
216355440934292748 0 2
339241742131645765 1 1
988703108684093939 0 1
727302837348344666 0 1
276199803730897993 2 2
799802284281150678 1 1
609875395845179448 1 2
822488996091854658 2 1
838505878342691476 1 2
851956517323448027 0 0
685129630838442230 1 0
340507448567843929 1 1
409647072468672815 1 0
511663528697082607 2 0
509113607820150368 0 1
502092064984075403 2 2
660729552015638490 2 2
445628858515153234 0 1
168666586771205 1 2
458809294761480710 1 2
592104608069714993 0 1
339170927489713854 2 2
617515216964831200 0 1
680450174386519127 1 1
45972487069901929 0 2
954616541365788260 2 2
472703766968792239 2 0
798783749009762278 2 1
763276365620655689 2 1
109326333106208099 1 2
605367833851950240 1 0
112086452120833841 2 0
9146897416416081 1 1
909840793025244566 1 2
975408453925242130 2 1
36349030318064320 1 2
529721359293978071 0 1
253005130393022499 2 2
854165067655706658 2 2
812054122857617027 1 0
912623556267543123 2 1
332137912981909233 0 0
361950451603727002 1 0
296673414549252059 1 0
766815774036975053 1 1
460967140631868110 2 1
203627039420182241 1 0
92759843317798341 2 2
968565479079047597 2 1
407554535829971878 0 2
548332346599715929 1 0
363451607291878797 1 2
470725301588536028 0 1
65920725830600082 0 0
179821756720903065 2 1
304660135116276161 2 0
685271146590275472 2 1
382504681318748731 2 0
910073590860013252 1 1
27855801474309297 1 1
27729917259713089 1 0
610597426183732813 1 2
100237446734675044 2 2
399369105121181452 0 1
757470279021471079 1 0
368001639378682275 1 0
801886004988741547 2 0
953175438768981975 0 0
672078524007872476 2 1
950151293400186780 2 2
533089099890757700 1 0
244857692046874707 2 1
673804074724335068 1 0
318741216871627708 0 2
307048061038558015 0 0
915215234770231715 2 2
882751453138500389 0 0
654742680120034766 1 2
224005405976328230 0 0
853137132067191549 1 0
736431905629343378 0 0
376207453689253133 0 2
738107450488863585 0 1
986917265406623711 1 1
788927314924938899 1 2
834196282389759131 1 2
485889347997978361 0 0
821028681918912218 2 1
227628332915661180 1 1
230257003279406716 0 1
805614372309781705 1 0
998515958271253675 0 0
414619296654695249 0 2
252786583189699546 1 2
373278456204924018 1 0
893342217930917949 2 1
644194896124945569 1 0
717560015560223868 0 2
928255294904574125 1 1
595113246467633594 0 1
201474064589078174 1 2
360973548591588419 0 2
12783313041921530 2 1
212397350738598120 1 1
218693060227946633 2 2
830543729260876003 1 0
215723499719897265 2 1
290355795344532917 2 2
764888208247438828 0 1
985343487806954431 1 0
160221340882637343 0 2
588117634691450122 2 0
850246884960936808 1 2
786705415518393424 1 1
222982796493837999 0 0
799585301750150397 0 0
750703630747602552 2 0
477976424043820338 1 0
978432424786753376 2 1
992999154784163429 2 0
853991388093960270 0 0
975282608062464671 1 0
469713581845228179 1 1
675237944707778637 2 1
59969460706241932 0 0
54593344849966920 0 1
398779091282321909 2 0
711155816285720862 0 1
291546206090778336 2 0
601862160781717197 1 0
654258193014108344 1 0
450326077850442604 1 1
757971894355015719 0 0
838560036312195474 2 0
698909863049161874 1 0
244444412433648635 2 0
527399425795135709 0 1
683783971737680021 0 1
26839372513725473 0 2
57845280472727140 1 2
852475171873421935 0 2
28048210448142154 1 0
991618860644352690 2 2
937130040094133714 0 0
371140015211246232 2 0
142519059172260306 0 2
353332529710127582 0 0
164606399396537410 0 1
230258643291589778 1 2
104520843681453324 2 0
462815998638376875 0 2
178752480344359975 2 1
138300093791951182 0 2
409711549836780519 0 0
425299579067626939 1 0
455846289448981830 0 0
697895161591665211 1 1
346258146666519157 0 2
554331096557251852 1 0
120534897649876851 2 1
194289798012100008 2 0
352347510377052822 1 1
556036277715871544 1 2
952372780214566864 1 1
901582905676501106 2 2
932573887897814692 1 1
727253922675221079 0 1
92352676224808855 2 1
230165645981270619 0 2
991649870379699957 1 1
538385869091311748 2 1
873211558610984303 1 1
701914046254693461 0 2
798976771735932997 0 0
939387743760539437 2 0
838012093189520563 2 1
890949612274240321 2 1
493093965236227011 1 0
335310745034092821 0 2
467657249932343435 0 1
646128065965031048 1 0
590089812894747499 1 2
749759630313748155 0 1
215720536326219249 1 0
974195754281736437 0 2
84652361619078816 2 2
494846930897484748 2 2
315061234457101123 1 0
499378660158756242 0 2
915033464495612753 1 1
451473770600264619 1 0
225920386206927821 0 0
881459628875422796 1 1
629637616109094490 2 1
610267255419868111 1 1
451772599829672109 0 1
465582377337056678 2 2
876471031402432308 1 2
783246840611635699 2 0
481348509962461801 1 0
111010603243553323 2 0
585114860593241897 1 1
186091365730695349 1 1
900514151787605359 2 1
873649401067372056 1 1
93214408452387402 0 2
505604546864102991 1 2
899501128861488206 0 0
393260835897772669 2 2
648709705992892675 2 2
609761537500082242 0 2
919079025928010820 1 0
25272056602335287 2 1
150642722509324683 1 0
541490799463215390 1 1
927044578693089162 1 0
639501300751014516 2 0
217667186369040294 1 1
120098365405273782 2 0
14693887895462321 0 2
217412235431039946 1 1
13153279299961178 1 0
299353894362611721 2 0
851288347936118503 2 1
646754912183994231 2 1
744965067104385068 2 2
672533163459431794 2 1
443188128000961014 1 0
830371496275278849 2 0
173818285586924301 1 2
627480962123780985 1 2
713134878098558644 1 0
230759047093266713 2 2
55820812408326074 0 0
771849174779650089 2 2
423072534136858969 2 1
633881276278630437 2 2
233527240850034769 0 2
408453469338699729 2 0
721826267806741515 1 2
743084208860963942 1 2
10494307505292465 2 1
353794363929394172 1 1
129480230468841747 1 2
245079782594984346 0 2
358068952554509490 1 0
207713214567418279 2 1
618005306348936635 0 1
765794287181517654 1 2
116130533498666541 0 2
48621994601187706 0 0
431787711577636238 2 2
525595166425279170 2 2
523064629861259137 1 1
554696889553773300 2 1
239796656523982056 0 2
194500976527443335 2 2
231114042658863390 2 1
953129332049124678 2 1
565117535776819176 0 0
420267169443326198 2 1
842161183507497004 1 0
297940865917804388 2 1
579409293774210606 0 1
356670810097832309 1 0
569336567336926921 1 1
772179707643824679 0 0
967058482012313306 0 0
382436142347097004 2 1
638527902309578694 2 2
990546082772576876 2 1
720041579492399738 1 1
319033184875009786 2 2
940579368406386054 1 0
955436529245261507 2 1
710069323376999275 0 1
544655978478612655 1 1
647943759899810084 2 1
112997749870219950 1 1
595729594872437799 1 2
208297150758655170 0 2
8864898533747873 1 1
531304659432120980 1 0
828672019704809507 1 0
22962070000926107 0 1
483853627447547423 2 1
525752478433478190 1 2
379205920797434303 2 2
478701992377721521 0 0
975239920460943691 0 0
697158564655663254 0 2
931870888475254210 2 0
597170516011569749 0 0
885282728918568182 1 0
292097451690973586 2 1
341060616048300808 2 1
33014462245826674 2 1
883068432490407187 0 0
380043866125648295 1 1
567820543168901094 1 2
761724767206678122 0 2
175057055458972189 2 0
241480775249069284 1 0
345254501572208919 2 1
705384124315850990 0 0
359475726125999955 0 0
627836694344129127 0 1
480329249928282258 1 0
529784684904791303 0 0
298867858784704463 2 0
189210990232731730 2 0
665737892977054505 2 0
457955365025662472 1 2
142096945702197604 1 2
233577261297243342 1 1
175641052876865814 1 2
195787732716223906 1 0
926643115093920292 2 1
657680783325206208 0 0
604917239567972074 1 0
2442095365376936 2 0
232500977452542517 0 2
128488324636271093 0 1
533041237855414444 2 0
895692109015835629 2 0
874611749297637708 2 2
323454558753428730 0 1
473574393772009104 1 0
4147604514818411 1 0
511346736996508742 1 1
128165108347652808 2 2
413094696576211147 0 2
804719247392065249 0 1
402379201901045584 1 1
696600235654821619 2 0
497576518683556229 0 1
365423201601505752 0 0
253565432148451773 1 2
496668330903755481 1 1
710145420524526620 0 2
678226766011719748 0 2
414933416166613447 2 1
543562601852532167 2 1
588927699030396109 0 2
578719850687299790 2 0
865528526722986038 0 1
537229690078654273 1 1
176039447271596543 0 1
607704721175844025 0 0
59775703122440044 2 1
588940652452972442 1 0
31808884326451731 0 2
431719286285600741 2 0
658138507843111802 1 1
684101856266262272 1 0
135956982823112150 1 2
26209151177797722 1 0
288871162106245307 1 0
478493947039711664 0 2
541021618831054379 1 0
919458151946520940 0 0
266706106787947239 2 0
465327972580032864 0 0
387964311678263447 1 2
376309846828800403 1 2
588530063807355107 0 1
747603156211303195 0 1
525536395896052432 1 0
79969229697399945 0 0
681590923946320624 2 0
236859038710556494 2 0
5829648309840475 1 1
242939304043182759 1 2
191664881525337455 2 2
22854800456715906 0 2
720957382096199673 1 0
61332639736891032 1 2
887679473586421920 0 2
982350943148986002 0 2
366577917782440947 2 2
273101445965048932 0 2
60701943570741969 2 0
449088110887894917 0 2
810326938773782183 1 2
980138566582054864 1 1
561158925153993084 1 1
83503123793833697 1 2
622561350868460750 1 0
779168022572865225 2 1
668449269776053158 0 0
296422767742576465 1 2
41182970850543999 1 0
865977660242681219 2 1
959104567611296514 0 1
664325762109254836 0 2
780745561683771917 2 2
265915139646237023 1 0
663630439862759896 2 2
247184480639501864 2 2
489381977456064437 0 2
686400642293361418 0 2
184223114198446979 0 0
669132102057966175 2 1
243335137612532720 2 1
836583662146977863 0 2
53041542478696084 0 2
646787665920366566 0 1
409820078921365880 2 1
934441355539726266 0 2
669048127168109910 0 1
847812057190792693 1 1
428147200815889128 0 1
502415978978221066 1 1
373284960482640515 2 0
882540704338688300 2 2
111617741153018727 2 0
292849596202602350 1 0
978802017543506008 0 1
233591816394639547 2 0
36937034892864745 2 1
132295763475360079 1 0
55559279844647897 1 0
673481520925949476 1 0
17533743540009249 2 2
541577976000732502 1 0
349877520236096540 0 0
987115026357894069 1 2
570058670396487508 1 1
338998470669040901 0 2
455109367686598070 1 2
384904237581765177 1 0
996429909845787714 1 2
493443493196158244 2 2
947383903679172680 1 2
740903617363503872 0 0
653698115807272151 1 2
800460850301587877 2 1
102438790011405392 1 1
538120126955048567 2 1
976210628093407806 0 1
905095779573550862 2 1
690823355824245176 2 2
593138720797404233 2 2
151453100007728436 1 0
73192110622009658 0 1
408890364065786430 0 0
626537338115860241 0 1
380103698406896683 1 1
846368836863322710 2 1
82932388229878135 2 0
153411650105968881 1 1
869519090486233274 0 0
799588659836382971 1 2
554956511836368587 2 2
584782112717258302 2 0
90103006758898886 2 1
570537168630087684 2 1
117914836061875115 2 0
228578184486576154 2 2
332641752231109437 1 2
31848929835848868 2 0
809873177931274112 1 0
62381858069112660 0 0
420579870598971564 2 1
607830047308476285 0 0
738186377534865724 1 2
81783132333371507 2 1
991887884191122075 0 0
830443875882140203 0 0
647107284383599510 2 2
810257269216797924 1 0
189230933586723665 2 0
774054018386703954 1 0
981042155903441864 2 1
105331598476434039 2 1
526164558488047766 1 1
187268494481696218 2 1
303424677717208961 1 2
224538388410659212 0 2
612191440086659701 1 2
229298188508464340 2 1
260324712328079375 1 0
818737826730940736 0 0
650989919980689741 1 2
215865721575300080 1 2
857277502394862439 0 2
411937249100026505 2 1
433096535750734555 0 1
534824807406362557 0 1
461640568933768244 2 0
51282837436598986 1 1
694727301374008533 0 0
506635072403619374 1 1
956390724990317750 2 1
961170667089638034 2 0
490461086921421847 0 2
535469878821168682 0 1
643922617692573508 2 1
858636126964860581 1 0
906558648085911681 1 0
336240103903057133 0 0
132653928775967569 0 2
867074029083544371 0 0
740013719824940743 2 1
525569121351138162 0 2
809616947929142209 1 1
753132911850239266 0 1
406502980231705422 0 1
100124317749404413 0 2
388752619192989443 0 2
431594216005451434 1 0
70851644301726639 1 1
239966413029942778 2 0
768570515408290562 0 0
845205766916875819 1 2
815274220443011249 1 1
984700284265123860 2 1
843007164495327162 1 0
761323547414969590 0 1
724091145133866272 0 1
295966423281588091 2 0
806715608792162663 2 2
918282271363156967 0 0
123490307234689577 0 0
640635236463345204 1 2
32990741032598971 1 2
317043372607815765 1 1
214323530589316306 1 2
225844817529940368 0 2
242788885980416316 0 1
788720163303957821 0 1
472012635018847066 2 1
908181019945418895 1 2
475346159794494989 2 1
253780182290879269 0 0
919131076413547685 0 2
300899758938816701 1 1
806753049606318445 1 0
390284420915319007 0 1
454267021712163692 0 2
410105831340801320 0 0
235133895028345731 0 1
26287343322132766 1 1
698099602035003337 1 1
204282665597198205 0 1
167745219327784172 0 0
182147337386731378 2 0
616823316880945717 1 1
529466240728321843 2 2
260623325079391558 0 2
687877115535518663 2 1
146021639221296738 1 2
757380466992463044 2 0
612400048556100284 0 0
350464346340763581 2 0
640020965779374306 1 1
551262614336905482 0 1
364142028462384640 2 2
994704940895738556 1 1
38182777961206617 1 0
226046653907051290 0 1
555366441737043309 1 0
986649530343139376 1 0
782679809119013331 2 0
852988595280139411 2 2
354478445680400587 2 0
47624845501472619 0 1
913532263049776768 2 1
47586520848950622 2 0
276775346053869442 1 2
367535274878136472 1 1
927795487051310598 2 1
972492755235599778 0 0
359506478648089003 1 0
976368335237588564 2 0
88575326715870752 0 0
480662347040050726 2 1
137079593337696049 1 0
854705372539142065 1 0
816279700286152364 1 1
585955865743351538 2 2
772001382076198299 2 2
693160363648368367 2 2
782829598422273952 0 0
751355122454097651 1 0
99331889133057554 2 2
48934683028883466 0 2
991087625998230991 0 0
160954149515302853 0 0
588161675021888654 1 2
797622491906040747 1 0
65583163396657305 2 0
66529311839127897 1 2
957626500963466765 0 2
527180143175026539 2 1
751911216914624707 1 1
823427361282719756 0 0
751287492372451133 2 2
879245450595691553 0 2
835213675132398351 2 1
497328295567239494 2 0
805863184765478633 1 2
379519747979217461 0 0
367395955626926818 0 2
910243124569385166 0 2
677739421707260081 1 2
975661329813910055 1 0
813441950988674142 1 2
934793120465549346 0 0
727434065301737153 1 2
498852804252228052 1 1
805379138726609559 0 0
718997995011109045 0 0
288715100373176565 0 0
30206184066982132 2 1
852757065457158978 2 0
324284561298262569 2 0
636476025761716880 1 0
426302689231844183 2 1
857742231437068782 2 0
102926638630040335 1 0
384381865408237519 0 1
466999544126089926 1 1
955850102523974085 1 2
559553565780028385 0 1
132707525377604101 1 2
533205426627006419 2 2
949684215250738404 0 0
66070192036713299 0 0
590907539097026321 0 1
652996037099870648 2 2
13606576573186962 1 1
947599344223903013 2 1
428482466200688241 0 1
699773799744466509 2 1
353243601501394071 1 1
265485333416220076 0 1
285140477948729106 1 0
465664116051209770 1 0
868450111364882817 1 2
864649082485513935 2 0
388859113271359468 2 0
810549552543072520 0 1
872922992620363505 2 0
582450262126068873 2 2
733724595045833421 0 1
771275980825152744 1 0
443756852597375786 1 1
346291686460966150 2 2
574382480094066068 0 0
635065848585461681 0 2
97675263851205824 2 1
948723642915978789 0 0
856130418033324910 1 1
223319942750735580 1 2
128149405289774438 0 1
862777133274110154 1 1
7236748452198331 0 0
185750955877146442 1 0
18018456935422423 0 0
539687212232103861 0 1
226725826997241382 2 0
674278270068938042 2 2
659735320658223836 0 2
618420636014130133 2 2
497257782769667434 1 1
573791927172590822 1 2
891224450614943487 0 0
437099908914802657 0 2
679925162397402672 2 0
666448554666418042 0 1
659127486493876826 1 2
899163121907617859 0 2
670360312946242096 2 2
999864032208973960 1 2
863264058186229523 2 2
446074193071140633 1 0
436234686400373257 1 1
730340488921714827 2 2
904105239773427789 2 2
674371133506981885 2 0
876668329111107782 1 0
802150544531967436 1 0
28965808564908024 0 0
15209838550195935 1 1
114874686921407991 2 2
585212558478470462 1 1
514838486915727988 2 2
32597100846428813 1 1
464133302659030670 0 0
100283401765792751 1 0
599599716167848194 2 1
695748653999727810 1 1
777190752891513652 2 0
987750374690158465 2 2
835321472791964697 0 0
680920473953052850 0 1
818775425247142674 1 0
815666739880765356 1 1
54781369852015951 0 2
385120360828728976 1 0
873445434449217221 1 2
370449910858447675 1 1
365374913372288970 0 2
294048125976987390 0 0
208167911337503509 1 2
777811707380022014 1 1
268607051858155870 0 1
185512515213742613 1 1
872983533263524634 2 1
452667914291057982 2 1
506176946709397457 1 1
909610667443821165 2 0
821794042830132897 0 0
7100479899926103 1 1
187258590222234179 1 1
879719181679534740 0 1
361303922557287060 1 0
674207366572204052 2 1
392833532960999651 1 1
680615200733375733 2 1
850427782787290395 1 2
801981478042816820 1 2
807655206232579718 2 0
677649190138930617 1 2
134335678375117784 2 1
390926562835581789 2 0
745186487757960323 1 2
665542387001060995 2 2
708244253152832860 0 0
772935636061609485 2 2
832479150477473394 1 2
80174734514003188 0 0
601229069978707785 0 0
880001902008127326 0 1
203319955804614203 1 0
905272579752317054 0 0
862524781350726734 2 1
47111744733037434 1 0
500584834286637535 1 2
634534114116886555 1 1
417661169581951081 2 2
208823607318352562 0 1
908177530193287087 1 2
322037212909695876 1 1
495609936541023515 1 2
727231407399014875 2 0
38657480853274854 2 0
474679803599126853 2 2
946126353450043067 2 1
830091532772013782 1 1
310427964471641541 1 0
150647531626600987 1 0
60160372990672662 2 2
426158246758558985 1 1
856205817545102811 2 2
697738587364228825 0 0
608649279594184720 0 0
55816448663125743 2 2
591698151764211380 2 0
184811287046771315 0 1
524551895314378691 2 1
161107033200699594 0 2
839448056667801031 1 1
94231206122063922 2 0
707325003564070676 0 0
799708808696600580 2 2
457868300334766892 0 2
684375071644590885 2 1
214680757811073031 2 2
815238642771438754 0 0
436204116008473941 0 2
225911108857563158 2 1
506847658110252008 0 0
915446808558033595 2 1
297611123921769358 0 1
429665519242000641 2 1
641577085610694739 1 1
689485580704215013 1 2
362015281877306700 1 1
933598607224258894 1 1
966047961911501734 2 0
410264314463685697 0 0
864895900610664564 2 1
735589952208825463 1 0
263739089511707525 1 0
101037507011257487 0 2
334884517949336905 2 1
283236555228219765 1 0
499471916520987993 0 1
643642878247996295 0 0
521852066032960173 1 2
653615530606284873 0 0
365758166605306956 1 1
5771148668403919 2 1
375903689508465275 0 2
252593364023727666 0 0
728083842335134129 1 1
905036874395391473 1 1
454133743776331321 1 0
651702780582214489 1 2
48486300810710815 0 2
426067583810763177 1 1
625662190798725234 2 0
936151179890372775 0 1
15006015246684843 1 2
117796473479132124 2 0
703625765177948972 1 1
174300511887634441 2 0
388155949462626789 0 2
318726733022311943 1 2
508706604118085947 0 2
712571231949741983 2 0
803811268546960523 1 0
88511894117994452 2 2
810614016889606505 2 1
446843291572382952 0 0
86431797122650108 1 1
946298387104254318 0 2
306064085725536480 0 1
884107854626779722 2 1
8139728558886635 0 2
87815178652562241 0 2
364565991690655594 1 1
577445005284476316 1 1
829832023704719058 2 2
136752985072397124 2 0
218517997245741613 2 0
628066151146039948 0 1
206832844207400223 2 2
89161301263008785 1 2
561613468054680617 1 2
778218980551553034 1 2
278915113817822944 1 0
389187009069889823 1 1
659383092568896725 1 2
515515320150746042 1 2
471669708671008754 1 1
963523196376278576 0 1
309523079548634484 2 0
895240348624785543 1 2
995887697426515203 0 1
391262041773268622 1 1
867660119876038576 1 2
843980927895919295 1 0
238098306334018210 1 0
639159196278794256 2 1
976726187431192028 1 2
862116001570381375 1 1
561346052948236639 0 2
280063712178820274 2 1
720582610773977743 2 1
945732431403732600 1 2
593385132651432137 2 0
941588968930174716 2 0
303008735057865346 2 1
387026971499028296 1 2
356331777439264191 1 0
700503610864892449 0 0
937537790457747438 1 1
673017929616687730 2 2
233979042820749428 0 1
293802538961634548 2 2
819668864110264931 1 0
692661302260503503 1 1
953359164134146257 1 1
623479271945636519 1 1
266809262400242825 1 0
182737758048717546 0 0
837487807355411906 2 0
520307790173944877 0 1
859720396910640100 0 1
918309946800425866 2 2
639351509406703600 2 1
685695123364963002 1 1
151553983650636951 1 2
4867279060523614 0 2
291773466742470342 2 0
688039184289672247 2 2
454181661389239008 1 1
721148967188661923 0 2
497790672439212120 1 0
726364385646246038 1 0
973776041304328356 0 2
614950144720944423 0 1
2802718692244850 1 1
709421418250234697 0 2
224602555799369639 1 1
578128987906963998 1 2
477219643452714561 1 0
280608393401048282 0 0
879909458964177419 1 1
693437009646566944 0 0
606610015470235815 2 0
153515743884640441 2 2
395351316727802889 1 1
825351612381187739 2 1
760341215022512634 1 2
42053274172415861 0 1
5640258304152733 2 2
136830885806481217 0 1
652028742092699806 2 2
751511357686381880 2 0
349802423598925560 2 1
276421892377047337 1 0
467697726336021180 2 1
295170804683660322 1 1
151538242368715862 0 2
408034561760679724 1 0
718830690844965602 2 0
574468208849680705 1 2
878452312118414758 0 1
739611053152586713 0 0
161473977441752516 0 0
841017771635550325 1 0
191931791746467409 2 1
638292662913339179 1 0
448993190729919431 1 2
599053218170310304 2 1
891723341424156837 2 2
433830873700465452 1 1
76837260416975407 1 2
133331517728751408 2 1
28626537674593638 2 1
263651991282729434 1 1
312126719415851857 2 2
262736918929939464 2 0
682766838444365142 1 2
969722701693157679 1 2
335334209507942954 2 1
270265233624122094 2 0
294884150892333488 1 1
789544671885150460 1 0
417172397545539535 0 2
831078775797363401 2 2
789202242251627291 0 0
576384258743260651 0 0
738811779936715560 1 1
920360870607247045 2 2
309699024858462780 2 1
107785019043507238 2 0
255390507103732999 2 0
482512960794248856 2 2
56717955977502921 1 0
100430923057938678 2 2
556001717474558156 1 0
872878947310641378 2 0
267813460927552115 0 2
257611322833732398 1 1
901853473879449159 2 0
806083616155372102 0 1
379640708785549679 2 1
515146709649230843 2 2
577155738477824624 0 2
169048083648717660 1 2
316840286280712477 1 0
280699510792327136 1 2
316567892376536504 2 1
474273753386219185 0 2
949534962025482312 1 0
316689384981328434 1 0
232538651731859512 1 0
763958156133399631 2 1
461473464605685363 2 1
412736612765157607 1 1
634749223723330361 0 0
534989348532555413 2 1
687540997532049691 0 0
53349778147706628 0 2
342402862326279951 1 2
899792545679068000 1 2
758193125206555782 0 0
602428152765264546 0 2
876038167222566328 1 2
514750766409016600 2 1
760868882835340659 1 1
920410219657694929 1 1
974436585682574777 1 0
756444188168806139 2 1
476063482021243704 1 2
842151033891308483 1 1
613290701384204744 1 0
286633614805112478 0 2
774266111321933396 1 1
613340997617798262 0 2
278327774873827795 1 1
572436770367807539 1 2
352076372666596181 0 0
375101442038215474 0 1
321276971739468769 1 1
585065788014247267 2 0
654620067480414229 2 1
17115730912682328 1 0
966632346709055681 2 0
947621444617818767 0 1
532598935382526277 2 0
217432167872542427 0 2
52482350314136914 2 0
691381381997634032 1 1
167596119654953549 0 2
829850471065459210 0 0
531906480555450776 0 0
873855639327167513 0 2
116574212341664821 1 2
336561812417517358 2 2
237464494335185977 2 2
918341210412789977 0 1
805386622855846012 2 1
615039449061820811 2 0
282165310328180290 0 2
95910658807612994 2 0
85481101056027105 1 2
608715858270081172 2 1
440444313148680059 1 0
453845016120628946 2 0
796594864748547703 2 0
615439640036991053 0 1
557420357920929564 1 0
706459221483780065 1 0
309780392024316266 2 0
286708231434649440 1 2
71812995430033463 1 2
826990242731533097 2 0
722585711665109317 2 2
923652828416013417 0 1
221839702553921800 2 2
126339647014787088 0 0
731369467842596228 0 1
345362014029932955 2 1
595858567912977554 1 2
675534122057523183 1 2
844141219731515554 2 1
419305259239027747 0 1
741254555308072399 1 2
867725846523860543 1 0
93559873676850768 1 1
228448301035570968 2 0
350585595671468590 1 0
527068726439246867 2 1
798535006684215502 0 2
859098964250123623 0 2
862565241359668712 2 1
37638797179282521 1 1
629349438480605032 0 0
160886901741999371 2 2
64104729418042293 1 2
999493741120571871 0 0
608686224392799833 2 2
230929114863125554 2 1
828890014477347196 0 0
481417946883512997 1 0
450538015900016790 0 0
397480334790052638 0 1
552722925850746191 2 1
129565653244319021 0 1
546816847349204389 0 2
630006803098676186 1 2
980196336858226646 2 1
938743180231717446 0 1
988836263543745906 2 1
708312760258939139 2 1
416116627444352577 2 0
339459089219369067 0 1
184266345347114579 0 1
227964285601706551 2 1
652446034467756084 1 0
753506964017334258 0 0
948507085536293846 2 1
232972988789022985 1 0
346318480055170420 2 1
308632827112000943 2 2
726261437951059974 0 1
669990515297931302 2 1
115692369108744951 1 2
666896198963947042 0 2
862705091906554215 0 1
769274262258561173 2 1
608703065209697422 2 1
560707918828476808 0 1
2273179118178022 0 2
752360148224839591 2 2
764893559130995908 2 2
573246776002277215 1 1
941087461845414656 0 2
422532240139417627 0 2
55291647997514276 0 1
54736600174950870 0 1
371295784488886544 1 1
579005267575263341 2 2
418641776689642014 1 2
147000714525306877 0 2
563424453079121074 1 0
742420095092396703 0 0
678111680316684803 2 0
883383613750118334 2 2
615334578040204450 1 2
763236908881922465 2 1
127196736338944294 2 1
943054657089573128 1 2
309774720383903170 0 1
102880771758640228 2 2
183142263442146960 0 0
651399785796077665 1 2
347094626160879702 2 1
718313605208920142 0 2
665333509876632082 0 0
786422494610801598 0 1
885939434976357111 1 1
408856894755692812 2 1
565068957467662214 0 2
313451756665351180 0 1
430966367988107423 1 2
451952742426046114 1 0
354900316901035393 0 2
361158901514901145 2 0
946861479685316549 0 0
624255318543480864 1 2
179737115672950455 0 1
295265018597474658 2 0
164384366689294025 1 2
157683419224341974 2 0
151126198873126590 0 0
757482546057700370 1 2
599745460209728609 0 1
185132195186894806 0 0
122470861098233630 0 1
107002897004320493 1 2
425798408754466219 1 0
850640298968035074 0 1
787827614664209378 2 2
445466948005355730 2 2
843003298546205688 2 2
836821599163171531 2 1
812630999972366782 1 1
749664350384268760 1 2
408778236697313781 2 2
767685561009536023 1 1
95482894480825893 0 0
593936432207565024 2 1
96244759003191011 2 1
460729226371478337 2 1
860209173918315779 1 2
361718386250103928 0 1
11263495936975777 0 2
903658943498989823 1 1
78434649992606059 2 1
424597510933989376 0 1
117117861410664966 0 2
614234651130278692 2 0
211729345285626817 0 2
544684227267456868 0 1
537611074621493886 1 0
770196203459487554 2 0
138590507434792132 1 1
943307993726376739 0 1
86777069703667176 0 1
413056990714417283 2 0
599712050931998928 2 0
642898525703993952 0 0
305388347681108157 2 1
309248054331052174 2 0
562290098740377089 2 1
702748603242207534 1 2
176396953847334587 0 0
5603022133905302 0 2
772118186575355042 2 1
677841071894261610 2 2
948936184489972177 1 2
44924700923223588 2 1
216586377461663108 0 2
532445825099164405 0 1
566592057241881471 2 0
874034034741304178 1 1
375167343025176356 1 1
719869172863516244 0 2
150942111686751718 1 0
948250209811554115 0 1
650271803666032201 0 1
613575972650390881 2 2
675999841657584853 0 2
504818732967719018 1 1
990017359584431110 0 2
736005128866171025 0 2
966261048634741243 0 1
151510324086386406 2 0
575909416580048325 0 2
347938929150069600 1 2
735510395097472662 0 1
964838231388085675 2 2
572963970647163756 2 1
506037612198632966 2 2
658502754540882806 2 0
863867120538415738 2 1
500197526423343433 1 2
279020498150801045 2 0
55890235943131110 2 2
349844026148928225 1 1
205624609956866026 0 0
182129026158428107 0 0
179054185884035611 2 1
708936718214009033 2 0
302738946780552063 0 1
171710164112098154 2 2
706146887114815248 0 0
991291148669519338 2 2
754665344432399012 1 0
562633873241431283 2 2
766690967921164545 0 2
412409165440173158 0 0
347874458445651740 0 1
601062750131427457 1 1
405043179371831245 2 1
237179349319357123 0 2
911669122783315473 0 0
189509361589118483 0 0
31004290512902868 1 1
971145766682868100 1 2
338042911926876163 0 2
788943088389006443 2 2
373928348410037882 0 1
451549689184783251 0 0
225712869859531154 0 2
575321471832365160 2 2
287581273095090863 0 2
127727348904635317 2 2
269054461612125037 2 1
149434198754742905 2 1
974188220567684216 0 2
599518275452541015 2 2
2046091441898536 0 0
905153088098989853 1 2
872590288954676345 2 2
287316081560550890 0 2
524238652461778554 1 0
756897268315894134 1 2
33027308610375385 1 0
919419527886020551 0 1
845781275592495147 1 0
173472384184656325 1 1
299890397760979694 1 0
867392811747097964 0 2
838005725893509781 1 1
740012420628483046 1 0
965523986026953388 2 1
961250027335446070 0 1
822806095956103638 2 1
764994671225430169 1 1
111494278814314430 1 1
15316559382285597 1 2
148332273225524290 0 1
341367822521737905 0 0
760969946118333332 0 2
319207684147481053 2 0
914373949744267500 2 2
506489460040657621 1 1
615654977753702701 0 2
129192064535582811 1 0
890206532309176046 0 0
577289869648207675 1 2
398605913421873819 2 0
198105059154389378 1 0
890497621904060905 1 2
927333676854332507 0 0
688023308472010052 2 0
893632612371631544 1 2
756873020989228792 1 0
231866058746065641 0 2
894724210174777699 0 2
678371853987549728 0 1
974881601731010916 0 1
6716096940165572 1 2
321739916781388064 1 0
645895448560099204 0 0
102307581120000294 2 1
530629603180306019 1 2
4730852788748355 0 2
608747908973690150 1 0
996266223052195623 2 1
541101562085686237 1 0
827433451141945315 0 0
355368167697338404 1 0
901892783479565829 2 1
264798580572675089 0 1
14401520377422293 0 2
25098901031028795 0 1
394936271757249638 2 1
373457130460661140 1 1
977328071358876938 0 2
113014545119802250 2 0
743460818397263756 0 0
313732136621141908 1 2
639495938150010655 0 1
359840607445836579 1 1
191162691486181369 0 0
159454812899326568 2 2
850986682701073397 1 1
485397792813753276 1 0
215282264208568969 1 2
597344546486674301 1 1
180672928955351393 1 2
59766701005255899 1 0
506175990928904446 1 2
78000333147032034 0 2
3834620686566110 2 0
581936342234465594 1 2
93653782321406540 1 2
75730112105715864 0 2
892066445997359777 2 2
119656190658488547 2 1
590044206599224506 1 0
690364331070144974 2 0
813388121623367199 0 0
92057522504313185 1 2
108781483571582563 2 0
312663793917639396 1 1
909982799681080067 0 2
323319024157666080 2 0
804426945350057893 1 2
453689025580501507 2 2
263340796504265751 2 1
86916710356281973 0 1
449134956560088411 2 2
994915678117909085 2 0
590810305427164912 2 1
389773763523433042 2 2
389550997226726510 2 0
768151628036100186 0 0
903146179069355329 2 0
39494447525135166 2 2
849106497845647370 1 2
166405253239350303 2 2
954738464602422913 2 1
979659578394566853 2 1
69782442256351106 2 0
611470409816998916 0 2
826631636279309811 1 2
472648549613292253 0 0
182535798809455733 2 2
808528745830185839 2 0
57609426206077967 2 0
308121023638987473 0 0
23712045095679888 2 2
315785109736455137 2 2
299994080003237894 0 1
373866024771466502 1 2
45276290352281255 0 2
210983286253527134 1 2
995706905370954185 1 2
511301829219065160 0 1
380994470924881017 1 0
860372490754359302 2 0
479272080814992677 0 2
418800112207760116 1 1
723177590855634716 2 0
801040207725535130 1 0
595068000387746283 2 2
578734120362427856 1 2
940020537087038721 0 2
620164627235337599 2 0
339384646828914832 2 1
473483281588800592 2 0
761031225146157265 0 1
538662502305650387 1 0
811719226437495998 2 0
425274401415376360 1 2
107204314917240520 0 0
214899716753705993 1 2
388046323650172747 2 0
923816612985439698 2 2
259707249443583286 0 2
217910754628236480 0 0
918038776628465181 1 1
351347518321165730 1 1
440608836449800891 0 2
299999046583644593 1 2
190638551376777288 0 2
574517146665620114 1 1
466263275317727217 0 1
526981196874780654 0 1
456030865613709883 2 0
259229199211342246 2 1
756990560979839249 1 1
114072698906970798 1 1
762067745252302755 0 1
238053852335920254 1 0
31354492659300614 2 2
687346865305398476 0 0
74514467306535073 1 1
134195068103934477 1 1
764409760135233755 2 1
656302405601984211 1 0
550069262705253191 1 2
981393590137573826 0 0
830151559249300174 1 2
315135346347963202 2 2
349689218851108966 1 2
938811194604868174 2 2
980974259027619714 1 1
833724409594532401 0 2
443669183916887209 2 0
839258564956657820 1 2
209698058161351282 2 0
381185118304711256 0 1
631775634740434558 1 0
958604803864975538 0 1
417669922569176753 1 1
40451249348354928 1 2
491264848501823468 0 1
505285109946057985 0 1
34099662799016935 0 2
19986473958105982 1 2
225642485851154379 0 2
458012362824805328 0 0
245763158413431954 1 1
110115192921009450 1 2
87520241356033802 1 2
716909776309553278 0 1
730810142359848217 0 2
578065205573516833 0 0
77314705772674096 1 1
389829431260416766 2 1
741633360691093994 0 1
374449700895082398 0 2
326419272936076265 2 0
409632719336057892 0 2
233265943936317885 1 2
787638380044044705 0 1
167006342462631556 2 1
838980495869508109 0 1
888647234183153320 2 2
33217701794536373 2 2
78347539169631311 0 2
424112733296022029 0 1
168508668416708799 1 2
930670721268634048 1 2
108943315144123772 0 0
619439181973076143 1 2
718553267375827256 2 0
448396971742019879 2 0
896654599152488043 1 1
285591535981366154 0 2
456893093392254000 0 2
523721346675480491 1 0
527273284803756045 1 0
89430755949350370 2 2
774204483806592595 1 1
953994151752029600 1 2
322489803029253542 2 0
203878397774293208 1 0
154945139222826462 2 1
811659549930071382 0 1
320963108403704535 1 2
397180625532060306 1 0
507201917882889712 2 2
554586839880069269 0 2
736673888523953922 2 1
971627119707386508 0 1
748439181760903099 0 2
316370286932593187 2 0
665255163181119283 1 0
263968267748133558 0 1
72925831985155402 0 1
40701261980949130 2 1
740021357619550670 2 0
245287980141063463 0 0
828279084763701518 2 2
878522899182192769 0 2
945982128135639010 2 2
890312508873019207 0 2
264526059469118350 2 1
72823707204855615 0 0
979479391572198784 0 0
165720232605687727 1 1
482489121648048504 1 1
285215534159659100 0 2
85210102345393784 1 1
842785697281704777 1 2
85802417468907297 2 1
310862655188707705 2 2
520370146134715654 0 1
786691376685653593 2 2
789455236651871705 0 2
122106109325689521 1 2
651923834826465365 0 1
347336841844182238 0 0
125028055794791717 2 0
572373074172158888 0 2
146975924819838931 1 2
435933703923938731 2 2
687962370694522051 0 1
95239303252986042 0 2
751537074957654503 1 2
890708920679037785 1 1
450512632780326500 1 0
715603226953364573 0 1
697579722821724118 0 1
102431755315070190 0 1
925847062529076742 0 2
416772611684045376 2 0
49611615069238285 0 2
77959754949280961 0 2
218970723780613286 2 0
689744700179198252 0 2
139786878161406520 1 2
988192747733192781 2 1
716550089817842398 0 1
96144807433298008 0 0
152416455822041569 2 2
225329702113136793 1 0
129891087308060648 1 2
126673083321580775 1 2
872492454734874811 0 1
128999067673329977 2 0
538713681138929210 1 2
266247945589780762 2 1
376829912886369432 2 0
424219189547567832 2 1
920527821393384139 2 2
793448040944763690 1 0
584679224891811328 1 1
702510013894810295 2 0
866845491581903065 2 0
758857296992714393 0 1
209676086119804035 2 0
616289268832030027 2 2
56119917073140821 1 1
579750075367251931 0 0
773163673839752762 0 2
237152759816431533 0 2
709384978585853402 0 0
664757588319291056 2 2
862557266601530338 1 0
677231992861765140 0 0
818519676582450265 0 0
309111628385711247 2 1
180711750654246397 0 1
617562182686541708 0 1
610453386348325905 2 2
842303563670065308 1 1
370999541157540093 0 2
481459963620113484 0 1
804751231921229033 1 0
508056333385552944 1 1
500165412580361935 0 0
849888180569737365 0 2
427457236981071711 0 0
514776115938427952 2 2
785541849513479303 2 2
843847295826942833 2 0
621040633982857097 0 2
796509132881989067 0 0
461245490225294851 0 0
269852248153843175 0 0
737819181136242567 0 2
285059550080865386 1 2
32612586280775771 2 2
80503348265441513 2 2
753906699427591157 2 1
836446824706088686 1 0
149883662572087258 2 1
656501593394319826 2 2
183761115197018053 2 2
603272257615505787 1 2
169499602363392454 2 0
701774265490568556 0 1
159274446250768960 0 2
704109078253926472 1 0
85823534208821461 2 1
858196602149932235 0 0
431981761655846000 2 0
694380938700115561 1 1
937343831390371927 2 2
684018363685823568 0 2
73471919842274912 1 2
513549867479092972 0 1
397200101061291737 0 1
250183736237468311 1 1
855748273807976094 1 0
629521325437211008 0 0
93143492909264290 1 0
988348559277776835 1 2
523346128596858826 1 0
583423748382261484 1 1
52310895710292627 2 2
494496415436184543 1 1
623936464088659601 2 0
137959179487365748 2 2
626493129721982334 1 0
666962189436460949 1 1
931445619880852205 0 2
691621429518918903 1 2
501396169840816616 1 0
675069057026237584 1 1
8717704924464968 2 2
915449980475371337 1 1
596593878643719987 1 1
76596127829176995 0 1
344823924382130882 2 0
38847478497943587 0 1
582739935781379231 0 1
820935266407485977 0 1
245228569730228555 1 1
870165196332195952 0 0
272376106211578349 1 0
759149844771036842 2 2
387571579923560777 1 0
502857745959819446 1 2
936202224350581265 2 0
157266551315208041 0 2
468018880985487479 0 1
208742462590277927 0 2
85012050303182522 1 0
423265133639358511 2 1
56648617964471945 1 2
103545438388603488 2 1
433171532255602119 2 0
632596021862421100 1 2
301400269395426278 1 0
694660828954375710 2 2
522047850256650968 2 1
197388914745487845 2 0
595690309008138369 1 1
805131007731805478 2 0
19174670498898409 0 0
488496437859001735 1 2
100333737382786218 0 1
729191743389457724 2 2
38308136576993761 1 2
764119290786648870 1 2
654768465662172915 1 0
535099958353791528 0 0
419592775481567790 0 2
881156949666180294 1 0
564689356520463994 2 1
395719835208840890 2 2
575291557107212893 2 0
499573702603596977 2 0
341983921413651126 0 0
991947138876599644 1 2
392854515802183223 0 2
420903299973851680 1 1
894858178107904373 2 0
949578885309778076 0 2
249678955962041674 0 2
165292482679152736 1 1
768834470402209801 2 1
832712013947686504 0 1
796102818414053413 1 0
37311888797675306 0 1
584494143812460043 0 0
586573451127878168 1 2
978492506027038108 1 1
139818723440885089 2 2
159474285232121661 2 1
52909107595919898 2 0
447550125284213123 2 0
517888104352290306 1 1
129984369991706234 1 1
559233497141023716 1 1
64076095545936064 2 1
349693338490019327 2 1
165537183891278092 1 1
191468306606316609 1 2
38470801825378669 0 0
622221174839397842 0 0
348662806466868313 0 2
815029688139326926 0 2
833328510612524083 0 2
59516576043625516 0 2
95038203384850407 1 0
943042075439323021 0 2
748682903403509730 1 0
496174519977771144 0 2
810459019402302302 1 1
241571965140303323 2 2
495142388988089876 0 2
261655898215848645 1 1
803579419825430705 2 1
556966193144769505 1 0
94823150263727215 2 0
322548015035332440 2 1
365391840159026986 0 0
693135888984146937 2 0
523924979118546938 0 0
504164245838771544 2 2
307047309211433182 0 0
448876070294941881 1 0
805762378169660522 1 2
955894300280462117 0 0
573566303169691377 0 0
861513160153652411 1 2
614022461080411988 2 1
94672833357443326 0 0
377120244100063612 0 0
800172388335381709 2 2
539309872342155360 0 0
832296690133086357 2 2
608173889200589114 2 1
4066394958519545 0 2
371700103005463897 2 2
158592387690322843 2 0
108789460839331785 1 1
280177538675387863 0 1
906824789792497488 1 0
340258496425396814 0 2
455942016775887000 1 0
717028913565095795 2 2
325814406359682422 1 1
801632133755584631 1 2
653982282684616400 2 1
800767951550975827 0 2
211779805578470836 0 2
831678466028289928 1 1
263040204405966291 0 1
376403325133950767 0 0
432094032559594247 0 2
92671791777007017 2 0
265066550855352675 1 1
298710693121087395 1 1
223257702653633823 1 0
907982292315477674 0 1
505532718026194774 2 0
538112832933299768 2 0
177241065022988452 1 2
895137026808435150 0 0
341294843104387214 2 2
553318523020440270 1 0
268097245305417529 2 0
289091035871667947 1 1
637344674295568439 2 0
357683027379429932 1 1
476409116858596201 0 1
177510984050331658 0 1
425095623135456480 0 2
17626195833444204 1 2
548873640359198485 1 0
172517901534054665 2 2
764518603744381525 0 0
711853860285018912 2 2
144472768828294594 1 1
659559378682378068 0 2
421736996852410241 0 1
947455630704847221 0 2
991460919301799297 1 0
470173738653478155 0 2
752080253447562665 0 2
461811612121063507 0 1
559663197387791951 0 0
108345442746522458 0 0
627575011464339383 0 1
126881575327822814 2 0
216817667368158739 0 1
38423024321147209 2 2
936032760741627744 1 1
274925168780540755 0 2
50750666057975362 1 1
22654525076298125 0 0
386318903697805574 1 2
357296716522213170 2 0
306737833653616946 2 2
73620598289086284 2 0
415584214351913162 2 1
368016764823910584 0 2
853026317417125106 2 2
510673247113643277 1 1
264048651627562966 2 1
859207603030777003 2 1
132265857823788004 2 1
122990728196506646 2 1
861388798852836612 0 1
349086227862076577 1 2
765166442152912320 1 1
128004532184948537 0 2
521674351142631046 0 0
293277355687990803 1 0
589577747474380841 0 2
953376125651072493 0 0
895180914233686179 1 0
500716228871747270 0 0
487426453373315294 2 0
484316050138477150 0 1
239948779819037686 2 1
471678749914063174 0 2
719193501052181889 2 2
154124182647979424 2 0
545153074059019604 1 0
798966860991929681 2 0
643322568415933184 1 2
636247715210524499 1 2
35244916459605735 2 0
744834738346639161 0 2
205572224866330633 0 0
234098391306344641 0 1
240326324014626139 1 0
418393605298222242 1 0
765088708017865073 2 1
834248840297518893 2 0
480047610064427091 2 0
425306812820365270 1 1
885065200233048880 2 2
956141589809698204 1 1
62781799830872796 2 1
113134801644219655 1 2
508742470587697826 0 2
672424342117127776 2 1
525500733541115692 1 2
862167099450752246 0 1
809694572276918530 0 1
945056992067980136 2 1
746190778712320190 1 0
595527604917090964 1 1
237094524527937601 0 2
770284827768471067 0 0
836196579246950349 2 1
65625460039892359 1 0
150870796485004719 0 1
163347232857598407 1 0
585062836595711023 1 0
953717392799259650 2 2
498718653801520588 0 2
370248022163405466 1 0
259780862233621657 2 2
714461176988826841 2 2
489647692082314187 1 2
23088997848171782 2 2
96950634429080194 2 0
71966219573718698 0 0
252376281309824312 0 1
652400448591753760 2 0
550436742884495415 0 2
894370516066943242 0 1
484721203403858560 2 2
440119634760923662 0 1
354857203380242186 2 1
937278311623824645 0 1
509738987370970354 0 0
11884868099042199 1 2
38003670483321931 2 1
738572169262455759 2 0
263241469117399104 1 0
941052265249009626 1 1
927696937409504918 1 0
685833614451887744 0 0
746916453668570243 1 1
734597988704153391 1 1
707508095136805630 0 0
284775784080925811 0 1
805869415650449583 2 2
932624004353842931 1 1
81226884989694819 2 0
848269745082554851 1 0
235305691153859516 0 0
247090427498856196 2 0
227166277746938653 2 1
371200973316790289 1 1
918064792492071907 0 1
762126204046376279 2 1
48984131134456607 0 1
639067025760699901 0 0
388922418952880600 2 2
964478488810214870 0 0
381234709178705839 2 1
628524700425491864 2 2
571502099104501343 1 2
405768735637231150 2 2
407354775577990400 1 0
643384606974459251 0 1
272865963688799484 0 1
212569554969411619 2 0
293190761966973620 0 0
534999656753809492 1 2
85494881478818490 1 0
641185209346031123 0 1
782434101114418087 2 0
367876467220983732 0 0
658674463726306228 0 0
163726473092637274 2 2
313968078193063545 1 0
236136043756538760 1 0
324037791163209019 1 1
423046557018247881 2 1
322535489663168386 2 0
521621911860872251 2 0
473374983336038584 2 1
669187483419064067 2 1
306235163500066250 1 2
716311713619325375 2 1
605163320865144373 2 2
42657455668266238 2 2
992808494308686960 0 1
588748283220049686 0 1
260363991438710194 0 2
196039889514812874 2 0
632933665199063058 2 2
672746524912574510 2 1
70624914099961648 1 2
797253472812578675 0 0
941925414755038661 1 2
85027464937409485 2 0
655131993491750126 0 0
22672067111765748 2 1
831818237986582350 0 2
131345291664143949 1 1
150811430349562264 1 2
627037498047652282 1 1
392529326984072177 2 0
881370414237916789 2 1
452008194519219562 2 1
283386981814199582 0 1
812452191441756703 2 2
924266223067751093 0 2
788821939314977095 0 1
132428735330189674 1 0
824813882745104611 1 1
741478672747337508 2 0
886148169290857063 2 1
567941173547411207 1 1
502328065487097794 2 2
656165679691045406 2 2
534553863268602792 2 0
515561256616742487 0 0
312897808357169898 1 2
702178363362641635 2 1
774236383134026131 1 2
962955294790649402 0 2
897211156884333344 2 0
306428587082626541 1 0
809414601945314887 2 0
511165016619761333 0 0
762677937691384664 1 2
194855254673521806 0 2
638708470296385589 2 0
542835380567713387 2 1
74397364610991583 0 2
771681655571063538 1 2
215350479592714480 0 0
970504153955146272 1 0
10489706657839584 0 1
311162270569816190 2 0
113901407144882876 1 0
496152727482819492 2 1
421617980123281577 1 0
196802047836118467 2 0
722164460174723002 0 2
885325329105578213 1 0
551453106508174317 0 2
772565757918823385 2 2
368093688686015298 1 1
710912165875640930 0 0
197767395108602951 2 0
327146465455295184 1 1
559507544168638101 2 0
12348329111539806 0 2
907820382208796993 2 1
863525448879781258 1 2
460713428387219507 2 1
191061662891927072 0 2
756909974767107265 2 1
244428140050660562 1 0
748612885401597799 0 1
923185467726265221 2 1
949211999221533717 2 1
257390238584985960 2 0
270639051949835023 0 0
658942262602394551 1 0
688791645771452101 1 1
181077763646399312 2 1
880238489255360457 0 0
668892350196066942 1 1
217798246562430013 1 2
831549460044242635 0 2
542498814415677467 1 1
3399585732649104 2 1
151856376452428115 2 1
800479486652181948 0 0
361614995546517725 1 2
933477938909847826 2 1
421199199210848765 1 1
463426468351734421 0 2
24213486541584597 0 1
404266748200270630 0 1
754912591664075969 2 2
979014717452023594 0 2
596106428532364999 2 2
693210286067189762 1 0
115752641893212111 2 2
785861324821987853 0 2
222556352282097263 0 0
576739187652068881 1 0
624485234809700121 0 2
851869102735132110 1 2
172976063117806966 0 2
315289161628878782 0 2
270225392558558039 2 1
103517539523461124 1 1
657643182894616740 2 1
69792571227395276 2 2
253878608848364684 2 1
88422435639636332 1 0
61470534074445055 0 1
538879921136981416 2 1
171976834402819288 1 1
525555205481480491 2 1
584623270389877073 1 0
577887191542873552 2 2
390056733555177167 0 2
59407889466105989 1 1
593826961964860098 0 2
979874718351680131 2 0
337774243196553370 2 1
798883203529757661 2 0
233672794635015064 1 0
987439684580869225 0 1
808779154161822125 0 1
734793996980052166 1 1
945386322843632624 0 1
235876019884346337 1 1
707284096605453108 2 2
334976287773605382 1 2
289650711127250756 2 0
899995107255504078 0 1
120691503540207934 2 1
241185614850024764 1 2
25288181039727702 0 2
450620029778477588 2 1
283786654333410654 2 0
73949643395973366 0 2
785151907409503433 2 1
876095882358743910 2 2
279763948494117474 0 1
941473459013459901 1 1
216663375876902338 0 2
573034734130457559 1 0
488452438692499256 1 0
422953477886846661 2 1
775211821981783213 2 1
227648300881769208 0 2
661329615625154609 0 1
382695260549211908 1 0
609533197252126729 1 0
987938285053796399 0 0
417716787808740559 0 2
92059185761160268 1 0
597689579352901920 1 2
641303859491193581 1 0
196636177473705319 2 0
589089584323720522 0 1
913383656072452365 0 2
867648437212909328 0 0
380865724819864662 0 0
398406502573161208 0 0
566307789413861239 0 1
867480299544800606 0 1
94353227684620581 0 0
33559209843724025 1 0
596074601514402594 2 2
658558693540413337 2 2
107480809172825276 0 1
544202752864641642 2 1
418309605280442132 2 0
723233130976227494 0 0
478208751363801387 1 0
668371041767708612 0 2
229526974769181779 2 1
81698621189615374 1 2
912347259201812575 1 0
407145225742862639 0 1
643618365009733248 0 2
714226857143492144 1 0
438683498005626997 2 0
711307023872781105 2 0
450044829326658921 0 0
64590801444171971 1 0
103636495641797568 0 2
756219278573689717 2 2
598814887711542260 2 0
827108879915348061 1 1
129749109122797581 2 1
160562936440180572 1 2
78648025378054399 0 1
354647087716931038 1 2
871401439629003041 1 0
362936058223357035 1 1
17525175406909853 2 1
8532897880374087 2 1
582130920705689164 0 0
800698826972594238 0 0
919520597910550783 1 0
972503185031029758 1 2
814609827670705126 1 0
41512276234519867 2 1
607476217894404926 0 0
282926095644108219 0 1
942037227845209557 0 1
11170660876958940 0 1
341425545802746642 0 1
683689072204467584 0 2
674287654895984072 0 2
438340274988004318 1 2
644909816607304682 2 1
19925006653260203 1 0
4440030656525608 2 1
661420252685779506 2 0
420252448530222066 1 0
702269041209322668 1 2
412307581890374337 2 1
394654196750484730 2 2
947456660385668536 1 2
976854500039787748 0 0
679964988626558057 0 0
38115406121208396 1 2
738065041280269615 1 2
165097463876621027 1 1
652957959624162563 1 0
290667197533962195 0 2
167665498382314136 0 2
100428681558315643 2 1
619107207312704190 0 0
368228873461782368 1 0
196476875538773946 2 2
182198461404618562 1 2
507993721202816827 2 1
739524362696606121 0 1
576423854705509001 1 1
840953649661993883 0 2
388082061765051558 0 0
628081145511504899 0 0
201311355339596466 1 1
848339101103197441 0 1
109836490194527405 1 0
840626237536134210 0 0
439246862759453431 0 0
274608755492636809 2 0
397015300354000736 1 1
787952022102002864 2 2
787406011467373416 2 0
360562250442998637 1 2
459824202515210707 1 0
732738394654101312 1 0
106930790207726164 2 1
781987631558180295 2 0
708225148599737554 2 2
192823773467735842 0 1
638894383768178004 0 0
477620359469490009 2 0
301207342519005399 1 2
934686158922880634 1 1
90684679583998267 2 1
933011161254123282 0 2
57546870889162983 2 1
908310740350886941 0 0
105789712616883201 2 2
121724441021819633 1 1
828206721360024656 0 1
274391683678996414 0 1
71447412024521583 0 0
799571854328826216 0 0
154029784903452540 0 0
253242457404201283 2 0
802991064273772061 0 2
590797958420766677 1 2
612350251797982800 0 1
77588886509771827 2 1
825553776423787222 0 1
719139481876652947 2 1
207759050129938930 2 0
61384603842787086 1 1
157865662827354711 1 2
851201032714719991 1 0
657487680485685747 2 1
90637242249001010 1 2
430151510874683678 1 0
587765534745389805 1 1
454082881397612497 1 1
419404673361549012 1 1
874241149205220383 1 0
422988690090324752 1 0
690040630361861971 2 2
362662103367721803 1 0
727256261318322126 0 2
257078718714781025 0 2
581571881784044301 0 2
463265626909793904 1 1
1920869751085951 2 1
342911763270565056 0 1
125320385493684484 2 0
543267944702676313 0 1
995467097126111253 1 0
669769431012090373 0 1
501866209953868991 2 0
766626357626441584 2 1
276263466741926739 1 1
765133653681686870 1 0
432827996020228690 0 2
780676569734614703 0 0
475958372957902334 1 0
494975680885793391 2 2
740173862604968687 0 2
823776474797576147 1 2
899866301487275060 2 0
217591651168194682 2 2
350157268548125289 0 0
761370824661290700 0 0
790796136958723652 0 0
210752279351525212 0 0
86561527711222593 0 1
993602617093441230 0 0
405935437933893599 0 1
733896062920346428 1 0
750297749298693927 0 1
62045507087841659 0 2
857259154267708272 1 1
782484126898489293 0 1
838745997998412897 2 0
436170858581053134 0 1
328184839331119236 1 2
707954880098465710 1 2
186604479887232000 2 0
955652849623232256 0 0
466058013289100055 1 2
978103266778965638 1 2
424055226227008156 1 0
954459112203682662 2 1
253913952188094565 0 0
920335701588028658 2 1
156526795829962013 2 2
486286601732274647 1 0
950354708446775515 0 2
779569605320710119 2 0
408217844882261543 1 2
731689533878989256 0 2
959407306844832950 0 0
943136426292666253 1 2
371376771660957650 1 0
234200773776251540 1 2
287765370949606637 0 0
907894639478553867 1 2
626181011196254497 2 1
589403523094178992 1 2
531661641801315365 2 0
872890516443260561 2 0
634602401618279367 1 1
199366495705350144 1 0
295431954495968536 0 2
262776436562945967 1 1
502712216853144857 2 2
306004036675266966 1 2
402317737237412180 2 1
56007989361049768 0 2
891320585700963551 0 1
196500897066493890 1 1
509463303887864883 1 0
426934471990597898 0 0
880041795035937973 0 0
597320938122824706 2 1
367399716757046030 0 0
31122964850873035 1 0
265501803801765262 2 1
561760667439659862 1 2
743689197506086037 2 1
720182284851300118 2 0
533179955722185874 1 2
113850241281812299 0 1
784312215052734173 2 2
357373268449555524 0 0
361840691559415507 0 2
827896619667240814 2 2
668244983138958965 2 1
604498879502573974 2 1
228745173727021107 1 2
434489351134662177 1 1
410623426561731730 2 0
771918142962980072 0 0
663480704465517361 2 0
188058429034001619 0 0
520679205902264917 1 0
297855839621683491 0 0
648274071407946746 0 1
392737514750738056 0 1
841601998136494914 0 0
102082736393506863 0 1
266931898774423177 1 2
407542809349636355 2 2
761261002303602195 2 1
911334030442335995 2 0
919318187474498798 2 0
911110966031621016 0 1
420658911740420467 2 2
654430790843594211 1 0
721713791271827937 1 2
429802590318609556 2 0
131261928682410589 1 0
298486454442685085 1 1
93654374473646586 1 2
82635762178694122 2 2
780942693989251339 1 0
486370291239459939 0 1
177230043873303758 1 2
503023291439457907 2 0
231764831477763932 1 0
886583846938602004 0 0
5096166472363430 0 1
662663274771280015 0 1
532758521033497560 0 1
865455528060365798 2 1
570787215178880631 1 0
939480615211781445 1 1
479534547936838515 0 2
836037838498206583 2 2
199231926297836453 2 2
886415906926579007 1 2
221655686609575589 2 0
391231027378850991 1 0
305956720915823397 1 1
810787072234745664 2 0
52064446584063871 2 1
640922138516712298 0 2
199080709885207120 2 1
446655185684999592 1 0
330246037776106467 0 1
845339208755917706 2 2
666196268292853916 2 0
679481917698420438 1 2
82401163208557191 1 2
778404010007896836 1 1
21644633165540080 0 0
390330364988138377 0 2
42338478035926034 1 2
841235835052015509 1 2
498682307249690376 1 0
532920294277934782 0 1
351290858176523219 0 2
560663173907443212 1 0
707463708886233488 0 2
979819968705847340 2 1
339843357783551500 1 1
687803382703016223 0 2
343735611936898944 0 0
586230228582268737 2 1
672117908458972067 2 1
303422936239095676 0 2
811088615680273639 1 2
130028367338990396 1 0
872095836090070354 0 1
31976415073503870 2 1
813554948613356213 0 2
884427573883180214 2 1
898072878848858870 0 2
753907499763157275 2 1
908314862270146808 1 1
349814834091715006 0 2
491232704065208872 1 0
202077496851521655 0 2
51573429103828452 1 1
549705646105630569 1 2
650455146674585796 1 0
34534232364288133 0 1
298800865106803464 1 0
1039367051872697 2 1
768863294903435139 2 0
145395823266890504 0 1
810891318113083151 2 1
654188675447843071 1 0
759516214857077629 0 0
445161195922749447 0 0
460098998176685637 2 2
366426400970639147 2 2
879718701879849692 2 0
537477755035746094 2 2
337053935939926982 1 1
231226120783819515 1 0
774006723477985035 2 1
532913082246021190 2 2
582506718842610394 2 0
901442294005903167 2 0
14180020655105741 2 1
22935877364931369 2 1
133950705984224955 1 1
960738252495862271 1 1
223997915435608254 1 2
902771240253520231 2 0
163748433781561817 0 0
863728411051409002 2 0
522830090547328986 2 2
9847540568513772 1 1
230711732330239708 1 2
630717826868003484 1 2
853061651363849980 1 2
991773735030763254 0 0
764273225239925360 2 2
738899819495865936 0 0
588602268221650400 1 0
581709252873176378 0 2
830649997068772240 2 0
384726158947707596 2 1
130478889518311561 1 1
217807148372961561 0 0
9281240140752108 0 1
54446300346015870 1 2
677841211079670311 2 2
900564078771711649 0 2
654255128894403730 1 2
403399962726386650 0 2
231917207262073548 0 1
494818958755048151 0 2
505904919646112056 1 1
781011271577103585 1 0
143990608937206282 0 2
383812247553942544 2 0
26606978221172992 0 1
462397789914121176 0 0
399605932365466662 1 0
912534556378959337 2 2
620106055124681412 2 0
202991862006099693 2 0
141490236091146622 2 0
580391280050550677 2 1
993379357705960615 1 2
232870836958130637 1 2
136451200336896889 2 0
120706838978533289 0 2
743396152498855654 1 2
443512718511709634 1 0
936232348055034512 0 1
494191223358089767 0 1
71529514205113558 1 2
269034037223409477 0 0
607561460174895262 1 0
355751858227177496 2 1
831453958841935223 2 1
974518228887269545 0 2
846390515937712293 0 0
678320822250860489 0 1
76691418836231595 0 0
617396140424231463 2 0
479567170015207612 2 0
632811378898133981 1 0
766212416111252774 2 1
44169451629940469 2 0
190505075338859235 1 0
251147279131515990 0 2
829292730258724490 2 2
260909469906994925 1 1
964862833976798975 0 1
156344011303394531 1 1
371926611932809783 2 0
158964280244923630 0 2
420129042299040193 0 2
300416658973305585 2 2
537439241375491406 0 0
79309304771235116 2 2
445049638064690896 2 1
111307426424510647 2 2
297972364643705464 0 2
162205877349024204 2 1
891065818787679921 0 2
758357345541681296 0 0
933375654179778270 0 0
419214501017794848 2 1
909467827296554657 2 2
179024335706987166 1 2
7702930170867776 1 0
551052962934032020 2 1
939963162765492478 0 2
671241936373185967 2 0
977641505001143420 2 2
905136143344678922 1 0
691675262551863841 0 0
399083932762656214 0 1
987494083283550770 0 2
844675487238496748 0 1
833986984403545066 1 0
724808489311761207 0 1
7224543411221415 0 2
231881640358995430 1 2
144595842875855386 2 2
351678918636394975 2 0
578771712322487680 1 2
176094930836215854 0 2
71341212496133569 1 0
896652783709722476 2 2
168932159737203920 1 1
49448001042536932 1 1
465658120927548026 1 0
618074762962622298 0 0
584160620069632816 0 0
455617967037187906 1 2
830437430018450826 2 1
472821234000727901 1 2
395481283941561909 2 1
759340618717951951 1 2
556107989983260740 1 2
830369600045030105 0 1
568080542654486041 2 2
340769580037195630 0 0
219926243427019485 2 2
270887637370252010 2 1
38968494188505100 0 1
571573050430936869 2 2
488807202303886437 1 2
614098041175954236 0 1
322787701867085124 2 0
377411860782117541 1 0
266057393260769390 1 2
978240579779428947 0 2
61544686462632040 1 2
674599047445971319 2 2
639494842420489538 0 1
373131869449701099 2 0
290748549809230093 0 2
584846420650604271 1 1
841846911137397617 0 0
398400030542231303 1 0
484137684486765059 1 0
718467127664643563 2 0
937426343417914021 1 0
63132005482458404 1 0
166258035702379011 2 2
302082743807752257 1 2
308330858220504202 2 0
410483682955744866 1 1
447166758789647687 1 1
28075247916632374 0 2
973087318250353087 0 0
192571669350241954 0 1
429501292961419649 1 0
236165711643626748 0 0
666324724796358765 0 2
20976202320301164 0 0
954272850300075665 2 0
810781352755625407 0 0
927459118803538252 1 1
942582420427961008 1 1
636456653615704875 2 1
48533317553979095 2 2
365576449940657605 2 2
971466300748388676 1 2
164533689553917066 0 1
911666111258383263 2 0
151738705652269602 2 2
262511877189434394 2 1
128570016514635326 0 0
964918561828535550 1 1
456950728028204102 2 2
486463050159533298 1 2
382215870447180082 0 0
317226675391515224 1 1
998120644865197881 1 1
162426600829368484 1 0
204613037346780687 2 1
694049382289431125 2 0
565460506984844952 2 1
712261433273921910 2 1
641417729051355790 2 2
279680174451836327 1 0
153165658869093629 2 2
885973006503794512 0 1
106834573706693082 0 0
479844825240618112 2 0
597999271214760982 1 1
53412174007723958 1 1
451412017617243354 0 2
781858295802903357 2 2
553703555025281710 0 0
910437226227516283 0 1
593434403315415766 1 0
19597569827596582 1 0
810083132854568318 1 1
874472386732017953 0 2
388914677540783292 2 2
41697317843636154 2 0
373140247278673838 1 2
579300940006534635 2 2
593693838641068387 0 1
654610430776839533 1 2
969527084179186730 0 2
433613360628186201 0 2
394320166895899351 0 2
523880273657546785 0 2
133642601434333748 2 0
232273556462393410 1 0
232706393324173251 2 1
146783787392110329 2 0
284447131662302614 0 2
38592383609426116 0 0
446549725577479327 1 0
427766000416611650 1 1
542837523915658610 2 1
238841801405927673 2 0
592408563703131026 2 2
33676661556171402 0 2
953953446791712585 1 2
796073611252350966 1 1
82209700773596320 2 1
115862320917752823 1 2
137731174083169550 1 0
804982240803058715 1 2
145412149427650477 0 1
799980309260478832 1 2
997372686111597377 2 2
519017514295250831 0 1
352691381679231311 0 0
583781130126816509 0 1
817184883996693297 2 0
964987511275945785 0 2
766855844324012383 2 2
374722475798489073 2 0
472185528002551746 2 2
233549823619307932 1 0
225071870111191807 2 2
830002496452176569 2 0
60266482777762283 2 0
410136322385540475 2 0
124867998542144497 2 0
777955826134779542 0 1
641785792623889425 0 1
826554688081272694 0 2
987741695868689701 2 0
968836905027952640 0 1
930103213281089504 0 0
398500796062826259 2 1
48834362724519201 0 0
885871396865491806 1 0
346172985754584319 0 2
834067154106892582 1 1
103955883276182709 0 2
623048228722483404 0 0
763439272272696676 2 2
280813456994260987 1 2
608275240988051719 1 0
695925382436046637 1 1
237503986593005885 2 2
676786804528615339 2 0
393780829157636428 2 2
224639490013550475 1 0
413598817954783547 0 1
554189947184906818 2 1
394236786103659162 0 1
312522656016364474 0 0
443096254159007996 0 2
238343024539219042 0 2
860692596129920703 2 0
78888157630029203 2 1
866214003119948787 2 1
132502918772017162 1 2
262666000332765078 2 1
976576395937307065 0 2
654703484513792415 2 1
470119370067616742 0 1
510376014571542713 1 1
750252578226438522 0 2
700353978704997953 1 2
231619385223760776 0 2
23286498834188595 2 0
573072556554951426 2 2
621574676501295309 1 2
17306666051310213 2 2
712856216790803903 2 2
304466841123477139 2 0
223177071324963300 2 1
610385554860555299 0 0
358098165328073254 0 0
409396359627706862 2 2
381161427257652424 0 1
295747863562644456 1 2
656348175545514563 1 1
330607424988991697 2 1
864329837034344077 2 0
393947776006093364 1 2
428177976131024876 2 0
854881283862005840 1 0
651249053736890151 2 1
887987212080157827 0 1
92522035862526512 2 0
159102224238781938 0 2
508993789341587781 0 0
738775864563068119 2 1
578717060220412800 2 0
517269453594371352 2 2
628378631522302016 1 0
86294231777277985 2 1
264021214278744211 0 1
430369885604667406 1 0
567231031946423791 1 0
530590926916599393 2 2
376198338522500729 1 0
192358736791980580 2 0
177762058557714158 0 2
418534327807415948 2 1
688285545850285656 2 2
483213668086535698 1 2
952662702023130725 0 2
711021297214297226 2 1
450390222662840939 1 0
511837972873182275 0 2
740890128320939590 2 2
620258720080995272 0 2
573706681115806254 2 1
577728354235916054 0 2
510021003438456562 1 0
623598254361938125 0 1
337870924663556236 1 1
31110133781093814 0 1
223882241368095408 1 0
364820760214561485 1 1
658195341879454095 2 2
439787468299491143 2 2
808672571424285482 0 1
628105838567002661 2 2
21278740829122961 0 2
776126540769087071 2 2
527404607195396959 0 0
560148753538688201 2 2
63236983343559282 0 1
294950319091879781 2 1
420260058046959691 0 0
56330689489926242 1 0
75811501369068598 1 2
218707269029801915 1 2
737674768404344828 0 1
796123146844318783 2 0
537382423279163330 2 1
52337472240725907 0 2
284776173451357870 0 1
783938832048478159 0 2
639694477946446294 2 1
233593263047035502 0 1
729362662504906682 2 2
632137299475533917 2 1
255515581173128331 2 2
826815336256453307 0 2
756757807881343867 0 2
913579202602751507 0 0
704115983702351194 1 0
45850872484379883 1 2
43066019996986941 2 0
78948178327265168 2 2
651549067270333989 2 1
719282990700508176 2 0
788695437100064473 1 0
48983977335352071 0 1
530411226056362223 1 1
664211924330723934 2 2
44260870467453022 0 1
596720869138999381 2 0
626067118468489604 2 1
6028251912212375 1 0
297185328826616119 2 1
214129448464881189 1 2
697647421639942316 1 2
75245328029195731 0 1
784330450605408649 0 0
701161159629968291 1 2
813255580103347941 2 1
912460006482006180 0 0
626249750473041172 0 1
163507481779449963 1 0
81018144087549095 2 2
175854065556429457 0 1
352298904954046542 1 2
232593476309931485 1 2
785702709685642515 1 0
528354992351568504 0 0
784168211604727892 1 1
344162095653900907 0 0
660528936199404694 1 0
462590074814882584 1 2
536274488187446796 0 0
959584925228123619 2 0
672911879835341106 1 2
233543132324067932 0 0
821495517677967191 2 0
871591439676729622 1 1
14760584902698060 0 0
833739665170737932 2 2
416253592307338354 1 0
979271421800105845 1 2
574526659326720488 2 2
860090573208824870 2 2
580625028313587708 1 2
573982049706317097 1 0
292159808103397572 0 2
674200698629140978 2 0
390146606385906717 1 1
833498415293677820 0 1
374965680433540070 2 2
10389940891976909 2 1
553256375959442845 0 0
496251860332424805 1 1
57808892301934146 0 1
173961239791561279 0 0
383096535771071530 0 1
36067672010061507 2 2
572156998624493753 0 0
266820116917781764 1 0
952584318047193609 0 1
903788809945470501 1 2
342368840029813953 1 2
608009516688837617 1 1
452824868941933747 2 2
575017969419147354 1 2
654009511898266006 2 0
962866106842030178 1 1
812075862080610309 1 1
740606201597688856 1 1
125978789737286964 0 0
448435120380541578 1 0
690538818414450219 2 2
214580913602668857 0 0
140666117812864829 2 2
301922684587938262 1 2
715540898482254459 0 2
752467445632599289 1 0
841763200358198520 1 0
310009412273388296 0 2
483405048166023801 1 1
236355148238934712 1 0
154881547175076850 0 1
105167469807685403 2 0
153331188798752827 1 2
652859300276627494 2 2
224354972162398240 0 2
987960599987956045 1 1
623459445535068516 2 1
834255247255770781 1 2
502678247248468387 1 1
103320162910391350 1 0
884454607490630328 2 1
16632194196691234 1 2
700361147969763962 1 1
763006760530768425 2 0
186317662355824194 2 1
842105005512753882 2 0
65342658084251771 0 2
668856624352737964 0 1
344471782515444938 2 2
985629457421118898 2 1
2076848947880656 2 0
462967656714863515 1 2
19453600960800092 2 0
122814487405723417 2 0
706396089725925250 2 1
262657056251637651 2 0
496744295665323854 2 2
900462751100119039 0 1
279916498369107292 2 1
264129503701794547 2 2
213773803508689551 0 1
906586937587046037 1 1
360204224578085613 1 0
812641849451865856 0 0
112695971202298011 1 2
695604886647563540 1 1
473872063518256954 0 2
951769218070732888 1 2
471935767582255219 0 2
195711512310293360 0 0
465828788156651965 0 0
989867640419125041 2 1
790292760352407989 0 0
184867544277411502 1 1
584129462866758786 2 2
839600820626391677 0 2
78178652790707560 0 1
466748334908170931 2 2
962271872300250091 1 2
187216764923057913 2 1
271238753282092669 0 1
792540002456507163 0 2
451493995729116946 1 0
280518944774315616 1 2
717358163803994305 1 1
365321981584947488 0 1
210341667430354050 1 0
735409487514863681 0 2
556499741776191576 1 1
362989335593749254 2 2
10823631440686324 1 1
466633960165196027 1 2
665917559381610114 0 1
238496214381839546 1 0
817085197421878626 1 2
186161381403365616 2 0
819519919430183400 1 1
349313100220980733 0 0
59037689526173138 1 0
297338033649514787 1 2
179253998406973254 0 2
12815789677368439 0 1
20773194671260914 1 2
672209070001833554 2 0
491203124885365454 0 2
220296348252580669 0 1
432895589824423722 2 2
358473810382610869 2 2
778706106012142038 1 0
213403518804295391 2 1
12108616226399776 2 2
241951919965216517 2 2
116725904559214970 1 0
114574140258226102 0 1
751352928173312474 0 2
376725268738987893 1 2
741740658049661460 2 2
924807013703512786 1 2
104973754608342589 1 2
290357346986672907 2 1
336250826726936785 0 2
429997658168517879 1 1
733263752696912971 0 1
201133280085004968 1 1
333761722272565420 1 2
166354398801273863 1 2
145383587426465678 1 2
387628710787850284 0 0
356031809044766250 2 2
455828089356031246 0 2
967712673874420292 1 2
457818556516400412 2 2
259223794769007750 1 2
585497104591718893 1 1
444759249936111506 0 2
797850975729142617 0 1
881512341975063268 0 2
519059479290107854 0 1
436085181141703808 1 0
456531947761460988 0 2
441897008794484205 0 1
122341290455403256 2 1
105785125412264618 0 0
971255618651426898 1 0
57879020578350616 0 0
592791719310279380 2 1
233087509510447836 1 1
678408910771644883 0 1
6938090107062129 1 2
212563902457410985 2 1
39669200792785820 1 1
447392867771756778 0 0
476786736604930191 1 0
235916645880953556 0 2
798566487447415522 0 1
3672928048412827 2 1
952324197393875522 2 2
964539400036963571 1 1
144502570070155601 2 0
489740758462244392 1 0
650335268047453483 1 0
110276059116510932 0 1
609178928317669214 0 1
946382412116585388 2 0
583864323003874182 0 0
650782389390256824 2 1
15128538179798168 2 0
450582745818381251 0 1
291103354628514257 0 2
126172134142803762 0 2
580309216424647103 2 0
20702775097334124 1 2
660328739678924861 2 1
784914094470083481 0 1
315762982959217446 1 0
729821571670972925 2 2
752382709259750859 1 0
73929697824479858 1 2
819413864071720458 0 0
379863646771989754 1 2
109278205019319918 0 0
81198436979451875 2 0
497222068289398336 0 2
512250888433864180 2 0
98307481656985116 1 0
33455362028275073 0 0
368641507731037695 1 1
284241209425930717 0 0
439368854188375441 0 1
696631194977577303 2 2
424043280001716655 2 0
392132818391349702 1 0
732892040090058261 0 1
51454599455519699 0 0
500432240874230772 2 0
357737728168912706 2 0
772894054326529471 2 1
964359193754932258 0 0
15196026663650486 2 2
536156573650572420 2 0
999975160757736833 2 1
553382850673630928 1 1
574256577069586392 0 1
838673729095973804 1 2
438623720108105344 0 0
899215867385707156 1 1
326322822359542920 0 2
942641890895026181 0 0
424078263305563191 1 0
229518392011418650 0 0
474967604082554706 1 1
724123809796925171 0 0
398093724057440950 1 1
294785116266545565 2 2
561964569871465561 0 2
485159373673154367 1 0
231146480436478400 2 2
617912861386328697 0 2
634428333037515282 1 2
946342839757899598 2 0
295766160485365772 1 1
795785735801559996 1 1
989968011094060401 1 2
505601644478359350 1 1
918361867247869364 2 1
925142078873154151 1 2
172827649900268072 2 1
391617248280274072 1 1
429072114744976911 0 2
8973421530666161 0 0
137659358457749144 0 1
69690030223194815 1 0
615507359517246984 1 2
963435999499173509 1 2
613368729693702327 1 0
174482062239560474 1 0
635988509405145420 2 0
735218703529715181 2 0
519096191399720093 2 0
441320474619838009 1 2
169052325091806796 1 2
811405892235552432 2 0
578385538418062241 2 2
302728572512087505 1 2
91710770450681479 2 0
780262269995171910 2 0
264791277503850836 1 1
458219305221526937 0 1
646485492818144387 1 1
756715032931865639 1 2
901669406115210463 0 2
824806779268000798 1 0
949741187936810561 2 0
374417460006081326 1 1
253927118312790824 0 0
95842274590383035 1 0
276257967876040096 1 2
336844441770120468 2 1
973937104184469888 0 0
554756433077027596 0 2
160797060881431417 0 1
666894028195200843 0 0
112012125575896810 1 2
269970217751105635 0 0
360334039572456825 0 2
373203978839049352 0 0
720785043005759032 2 1
138591912974902679 2 1
599104256511572412 2 2
929672798682795018 1 2
300364213988875815 1 2
240237924380068702 0 0
365029047046371142 2 1
775493087014394871 0 1
737699491643258344 0 2
89808778841676680 0 1
173041324754634325 0 0
175615333140576176 2 0
705916128036790559 1 0
258466820141711648 0 1
970883779040847786 2 1
330343219352740917 2 0
565979018833125056 2 2
446492457203988720 2 2
774309988604817445 2 1
630369628377452770 1 1
283137308521338648 2 0
130767654246025270 2 2
766078822732522071 1 1
859537313117505750 1 2
314049608650956286 2 0
229439879540159918 1 2
491595198215871142 1 0
331848340430763708 2 0
333501223903719573 2 2
68621945835558608 2 0
131882882927329265 0 1
266654977368053072 0 0
412921234237531567 1 2
492280175353001996 2 1
972488561368967330 1 0
905630483575092264 1 1
993167400422238838 2 1
59730153050000864 0 0
77256682951262333 0 0
705928412830434522 2 1
121520688369215382 2 0
226817988472121115 0 1
923824139148215007 0 0
705498482470198346 2 1
528444823756638448 2 0
905678578193882395 2 2
142770254648419209 2 1
755932683217838339 2 1
837133987658623918 2 0
52865036592224167 2 0
455563150732869305 1 2
377736139386357557 2 1
311970390898888768 1 0
388594726565715931 2 1
778800757538346469 0 0
161286077898791517 2 1
272275931042209250 1 2
688220177022822678 1 1
988201008668012781 0 1
101918534524117968 2 1
901269872822026417 2 2
413467852135241146 0 1
964131188674054044 0 0
919353197724387000 0 1
417372726381296206 0 2
634341900255849107 0 2
346010038926381950 1 2
332351436847777161 1 2
737452468375309513 0 0
677899390278906137 1 0
741197370246831191 1 1
644198161798749254 2 0
217098337328373595 1 1
121901761099851417 1 2
421121727323846089 0 2
614620651846868642 2 0
314425480993548165 0 0
206960219447433812 1 0
231106422614273437 0 2
74494965809330349 0 0
337833539222662159 1 1
198276482759085477 0 0
397333194914549377 2 0
458041600392755617 1 1
510684408313510797 0 2
993112959622327655 0 0
439577536847489240 0 2
123920602640251090 0 0
376841651352301807 0 1
856220882279346736 1 2
883409490745377587 1 0
395185817476747903 2 1
960666083144243615 1 0
179165500848283646 0 2
320173353835444276 0 0
410322824848061304 1 2
599425596404686654 2 2
764771737587556235 1 2
719467111477294438 0 0
454408708024529554 0 0
319401450702743910 2 1
154054737401023270 1 2
508031197612606633 0 0
455316242577488310 0 2
90377192947320404 2 1
115801682994634757 0 0
28578601733312951 0 1
867273222799338346 1 2
786849442679852072 2 1
236787159170703922 0 0
467253343549843122 1 2
86249250522197966 1 1
434573915718608639 1 0
341626264984597289 2 1
318495304711084216 0 1
729865045432211144 0 2
553237022617075580 2 0
450744252923237287 2 0
444189200145614734 0 2
246956787992813958 0 1
404597429911267936 1 2
48150980312490229 1 1
974736459814066232 0 2
493875696676779090 1 1
296995725391281650 2 0
857140767785380661 2 2
705944965251171022 0 2
480228435945434703 1 1
278118030078995340 1 2
577125923260680195 0 2
879691929574752850 2 1
86491559505749418 2 0
44474105883599309 1 0
668347101835253450 0 2
103154992174138362 2 0
977929768060853891 2 0
25308471368892956 2 1
802747533351755161 2 0
495066705676902586 1 2
733099508817259579 1 2
325072508024176085 0 0
457276181799816802 2 1
625025580068381296 1 1
195232392441095919 1 1
69046290055617125 1 1
688945578941931530 1 2
904021264486182778 1 0
48277573248660367 2 1
928152010044765277 1 0
149818659228044505 0 1
799579604641903676 2 1
48265310367237060 0 1
742014511430201050 0 2
34556532987873049 2 2
45138027394271368 0 1
868046910262447915 0 2
259185706382032580 2 0
160549457502050230 2 0
695850075012330390 1 0
126705171432533898 2 1
662231321996722700 1 2
210840918196361535 1 2
17311965115590985 2 1
331391496777466775 0 2
154207054107984063 0 0
238952661276204097 0 2
877236122212695546 1 1
463375811460661597 2 0
861607285647209546 2 1
305251711390277521 2 2
176107725624180991 1 0
798515468361587741 0 1
546984319905075152 2 0
322881364526576802 1 1
382927095430087111 1 1
897443803621066144 2 0
644398505043516591 2 0
516769790595507078 2 1
566893016364876674 2 0
526917728940012597 1 1
849008833690986113 0 2
788294832201792306 2 0
860743426705632843 2 1
321134996323426349 0 1
817246189838914638 2 2
233248873302438972 2 0
398459078565102521 1 2
207766295216635632 0 0
43867565151631581 2 0
635272283278720932 1 0
215698363064518849 0 2
340978514908920057 1 1
925737144655339932 1 2
396871168312167688 0 0
738014119224299754 1 2
190526324427053849 0 2
771328000954939376 0 1
450017325251784715 2 0
283728810569878848 2 0
625724518352744560 2 2
151218892247139482 2 0
429803744277653684 2 0
570505755306617927 1 2
3436115366245344 1 1
451775611145859158 2 1
213629242453991539 0 0
386369880983799984 0 2
814384356483293419 1 1
569442477932669383 1 2
476458084299922293 1 1
318314549496523318 1 1
802243452440473231 1 0
826013749719714695 2 1
289386867718411364 1 1
590159608822440461 0 1
354055341333679688 2 2
647586303801045818 0 1
381158203450000919 0 2
953173796399507809 0 2
25200648150803795 2 1
643865546498061043 1 2
873183225131105253 0 1
387403077799857059 2 0
191869872315804866 2 1
175841130170226906 1 1
553178534329748052 1 2
221351820863543428 2 1
480466241696604054 0 0
474957273143765306 1 1
638219393318292688 2 2
858905202635068686 1 1
251866699304239226 1 0
637179645300442515 0 2
71702904826413793 2 1
301550299761715566 1 1
27186074262572726 0 2
694067843907351155 2 0
182996232344196943 0 0
592668878211001185 0 1
6077050492673605 1 2
439627536930994952 2 0
946702170380846205 0 2
365480121120128145 0 0
116563450560073696 2 2
279198593572309727 1 0
657805679359398214 2 1
787312948162699370 0 2
952532099071670746 1 0
992065869356029840 0 0
676650039079353 1 0
786501518994973582 1 2
853668457307361729 2 1
568370268447142337 2 2
499070616149743803 2 2
227956866576056423 2 0
126510952299659889 1 2
773528371234426965 2 2
989018593706547744 1 2
887249662473769495 1 2
298685133862070864 1 2
570537544660221624 2 1
759764598229164219 2 1
830527444720584175 1 0
908437111287663214 1 1
536548912271582556 0 2
452608197503678555 1 2
237364595224969184 0 1
998238560711091714 2 2
49635451947035792 2 2
306073282244593975 2 1
263572438974022296 1 1
798743596552961706 1 2
251372070079437637 0 2
440875735136996606 0 1
170527157268972691 2 2
574951103195465274 0 0
393285582175611669 1 2
403307289476482920 0 1
943254737959864967 1 0
345060756899890870 0 2
823473620085088134 2 1
790537564010909976 1 2
635995249946808395 2 2
950219119471972729 1 0
764188484760131953 0 0
307567567136867134 1 0
557749547854819450 0 0
144910618865076415 0 0
799910911150292777 2 0
110893541420808817 1 0
296196010898009067 1 2
51738555304674331 2 0
602788083688423208 2 0
349073309412140990 0 2
396959405724015197 0 1
667220992153462730 0 0
806605572468019517 1 2
799866690931391517 0 0
707457585699881132 1 1
904547590615777767 1 2
61509459707462153 2 2
904984440801204270 0 2
559233285067320560 1 0
591489113251496692 0 1
448542474659114013 0 0
712710706650857260 1 0
240655414677956494 2 0
371959837445586630 1 1
27478506377598970 0 0
968151730519257953 0 1
736669926413639583 1 0
937425735098728938 1 1
307940599252720373 0 1
569120464450788508 0 0
460287017575994799 0 1
34943511230299696 0 2
159924959682675162 1 1
958826292874691937 1 2
285202086720119705 0 1
160189503608673736 0 1
125390651240745791 2 2
4693720746316422 2 2
231063503369779735 0 1
745043881935963796 0 0
979727530527312186 0 2
628534795848457107 1 1
685861509144541810 1 1
916904925577443482 0 0
511243104366856362 1 0
304099438091371997 1 0
317004651507609052 2 0
889275830452006091 2 1
219022491778056291 0 2
669873705357376936 2 0
796561485890524908 1 2
950821703248301027 2 0
995057486868893333 1 2
565798388829100618 1 1
250235091993540538 2 2
94604646881490235 1 1
426551632826496869 2 0
698678267945071176 2 2
353037598724806319 0 2
598541384498021859 0 2
341094108442573791 2 0
827527065796987598 0 0
556895261148610369 1 0
747821252868688481 2 2
840151515772421579 1 1
231320253300785225 0 2
205717177320898920 0 2
373903737644529520 2 1
909078768985083533 0 2
575941455061499416 1 0
633335259322448800 2 0
672988809754492045 1 2
72867474584493555 1 0
112697367739930221 2 2
783840409764070639 0 1
695596150996719253 0 0
593262218896686795 1 2
566186934754449343 1 1
365432547642617081 0 1
1669392989972551 0 0
637029123456061557 2 0
276659305396016608 1 1
784556637082966128 1 1
820384779863232144 0 0
19961802661959400 2 0
581179064769469566 0 0
949961585665669563 2 1
217312159613602797 1 0
860896337416594038 0 2
341927996314030530 1 0
286709365768411742 1 1
434358060060872784 1 0
746315946248844249 1 2
831097045895708345 0 1
690354732076542291 1 0
317390922759977520 0 2
587255028862719896 1 2
312968649835306415 0 1
231536597897300485 2 1
582532352577541137 0 1
513888884994265746 0 1
990054074875929870 2 1
351777726167222073 0 0
737479921227359655 1 0
677101049728503631 1 2
319613926809274876 0 2
470821722709057271 0 1
634742957718346679 0 1
266112423842597095 2 1
340522526369750819 2 2
795050287218217419 2 0
277827794830403615 2 1
463187641688276361 1 2
563653815490974573 1 2
101997970095295963 2 0
582470931625916841 1 2
652392836955615642 0 1
456760447810575760 2 1
29919206481278536 0 2
854102021870340497 1 1
241817046052333932 1 1
396645773556394987 0 2
925921879426686996 2 0
219667413162907486 2 2
331626655986352468 0 0
906285222279325694 2 1
276653564365484026 1 2
602257285496032429 0 1
774603753200256816 2 2
755368237254650734 0 0
705350591528636024 1 0
161839557863425335 0 2
611540477157181529 1 2
71273340136693258 1 2
215764975465383004 2 1
227891134251526422 2 2
9727078540108356 0 1
852700905607574489 1 0
649351841056814102 1 0
976304409243355790 1 1
836668515057721736 0 1
802398341251816025 2 0
798535382076534659 2 1
395850511195834851 0 0
27117935308431952 2 1
504768597099108607 2 2
385405981225398083 2 2
369367602252452609 0 1
999013232057680446 1 0
447152814860473403 1 2
981286472837743744 2 2
723631350836870989 1 1
764740350785129579 2 2
982896217698772893 2 0
820115641503516048 2 2
296103041711734522 0 2
867986933972724138 0 0
464096369449710264 0 0
919164194157224887 0 0
854662260785612955 1 1
209667315661233856 1 1
92164018326419419 1 2
96407526488272837 0 2
221016633608822233 1 1
812398833115929941 1 2
134798565883064986 0 1
451061208126244191 0 0
45653396786856521 2 2
834645271327418331 2 1
552815472429643811 0 0
641327398900134491 2 1
15617787313969122 2 1
36857753468586930 0 2
356971212321422099 2 1
350216265562571841 1 1
363197126598919 2 0
803058466657786476 2 0
965376184693080905 0 0
990761298938778149 1 0
313187775235314878 0 2
88580713258373496 1 0
523230791917978663 0 2
13838049243824739 1 1
401633311756453330 2 2
993996513875769687 1 1
829317967668589267 1 2
227070438739671848 1 1
513371788815035556 1 2
975130190316323625 1 2
954024795839259103 2 1
12620865151420488 0 1
48801012581592926 1 0
307862117586990222 0 0
487930786781772094 2 0
281775435930203084 1 0
321387000911914447 0 2
282527161236969430 1 2
434133962738569255 0 1
240301413235025141 1 0
932258863946842862 0 2
538451976021236691 1 2
811993624462352382 1 2
665510716229928409 1 2
401120684868305789 1 1
856616150341130395 0 1
341827080637546099 0 0
226113243963427207 1 1
880678008579640157 1 0
785936768699117511 2 2
871438875495579561 1 2
757773797534117390 2 2
139570821902412052 2 2
80902805899024756 0 1
293436247528458199 0 2
821663459120022801 0 0
493848158942046161 1 0
719051621527558588 1 2
129496205362995992 0 0
867766471702013423 2 1
872022515147031417 2 2
944358190936628983 1 0
325851257716251251 1 1
655334546198787967 0 2
999183837597893840 2 0
366748589669662920 1 2
323138586070612636 0 1
988829821271071013 1 0
789886429285816241 2 1
916572561169425435 0 2
791801777198586239 1 0
656510746856393903 1 2
90126135937557788 2 0
529456212783762825 2 0
584315293371310998 0 1
946698922310660887 2 1
683871929749298571 1 2
410158536068939135 0 1
436484354330855732 0 2
910033912144902903 1 1
65633584998677407 2 1
509996219762392221 2 2
347567666256088557 2 1
29663715766582488 0 0
155251739162244186 0 1
607534574480678882 1 0
238417146811012796 1 2
348953654063330654 0 1
478728671381682478 2 2
931751551582741365 0 1
712121794802654866 1 1
489562746382956301 1 2
766441549734897306 2 2
474866690943953780 0 0
193470893260289680 1 2
481081558256022892 2 1
151540579757276676 2 1
130354671236440488 1 0
369095294740296891 0 2
873092476369991406 0 2
404105477064947280 2 0
21809477333936244 1 1
664336674998764583 0 2
968375591259562559 0 0
130828822861316185 0 2
563373234385834176 0 1
951353314127961692 1 0
503049145619583040 2 2
196608960109077804 0 1
751470062825841230 1 0
905079859039516761 2 2
990351407596423316 1 2
916225668384655593 2 0
241700806944687735 1 0
548908130617485027 1 1
431645075491676522 1 0
838857846037127042 0 1
34762658885088475 1 2
124000875166066701 0 0
845767508225694592 2 1
502733518275086855 1 0
870950876831769704 1 1
61027667486218908 0 2
82866094004919848 0 0
751265785104770500 1 0
13293660738769600 0 2
173098682782748001 2 2
951268306412882041 2 1
747174522041262313 2 2
468218527589621761 2 0
364284653779722236 0 0
846516567916532842 2 1
626708081935988617 0 2
147949134371091774 1 0
716680212914724418 1 0
869522664543239502 0 0
484882977559515481 0 2
443774125847670728 2 1
153593168452408039 2 1
541178475505312005 0 1
8022195695901108 0 0
446780647399913773 2 0
719957938675340522 1 1
396350042030351482 1 1
507289462125470232 1 0
49654654277523966 0 0
973720954543421814 0 1
612005242225096453 1 1
983706752596211271 0 2
523537652161317003 2 2
657606712479011792 2 0
840961468826537148 0 0
529531248518105110 0 2
468046110457364833 1 2
662533739073330057 2 2
621400547966068975 2 1
132967753105462006 1 2
648082721111566416 0 0
762348086041235791 1 1
208008547249802459 2 0
582626646576257343 0 1
974580625840278289 1 2
510075211752540289 2 2
729084886040450668 2 0
401235229163117126 2 0
866198013593176708 0 0
151843164605406560 2 1
593557284214748033 1 1
686543045292340888 2 0
172791716787068510 1 2
505094929110570752 1 2
334326009609017791 2 1
882607963103254601 1 2
2919835913328961 1 1
411989271082475562 0 2
102593588977661902 0 0
160816702406175457 1 0
643402292783472826 1 1
251620372686609203 2 0
683903315554958746 2 1
779715958743871141 1 2
398822904171643022 2 0
747718056577737803 2 2
865429937709111860 0 2
156488863418158123 2 1
88490404082275019 1 1
328493502892634088 0 0
26304997811308084 1 1
744140651293055700 0 1
389297622678060371 0 1
301000607282812939 2 0
273490690801832661 2 2
649686442189328497 2 0
853293511110384827 1 0
123019537285006966 1 0
303745320390192390 2 1
334649592224503038 2 2
20990268936492314 1 1
206289977905470379 0 1
106532242574008512 2 2
603750281092753232 1 1
892667027869341108 2 0
509993623479820927 2 1
965772874376992783 2 2
935251309651649684 1 1
18110030623490828 2 0
883919722787567297 0 0
942441016414271801 0 0
795893294227135177 1 0
13275425859731542 2 2
48546254507580529 0 1
400641197725892807 0 2
556104988099776131 0 1
756009061943974837 0 0
712268979084305416 1 1
642131844003061483 0 1
187844086364116953 2 1
512282791062296781 2 2
795572706453608914 0 0
489392434563945801 1 0
428282183690583983 0 2
864284055988410860 1 2
248232757498573326 0 1
871931646569066156 1 1
23236182267892743 1 1
977822369311234199 2 0
172607049217389607 1 0
30924025729565799 2 0
578327180373328240 1 2
803088937885243509 1 1
511294243934122715 1 1
663258411690937187 1 2
454408861033527922 2 2
931203830767216516 2 0
12156800277216304 0 1
110990155813966484 2 1
60057337364468370 2 1
250024673322070487 0 0
50044579643455794 2 0
198843798447896361 1 1
546086960837613538 0 0
957262460641593068 1 0
276335301218998245 2 1
358056464141055065 1 1
237963036464282307 2 1
678968138114793216 0 1
406574489459799254 0 2
977561562627322547 1 2
641563783113713255 1 2
214510631292571692 0 1
254981781568160294 2 2
390448597200761661 2 2
812025869096495932 1 2
748129384657148390 1 1
848692552535986727 2 1
7460625033911132 0 0
304925958228021122 0 1
770585308228984780 2 0
350169885432848121 0 1
391803958872897379 2 2
808510685938488953 1 2
367288722357469511 2 0
608777636151111850 0 2
640387046791685855 2 2
237019494955774401 2 0
174014878805853880 2 2
808638411497110476 1 2
802687622450432436 1 0
281932170798858684 2 2
45000517014727525 2 1
309864158591467824 1 2
436308211057919952 0 1
256644209199962427 0 0
825358113665504584 2 2
759129301773297986 0 1
364293715056294335 0 2
638208243833477135 2 2
847457843439702485 0 2
211930320037327294 2 0
268471457084354614 0 2
893146501918528031 0 2
350469232372509158 0 2
675758345265947364 1 0
906833452964425369 1 2
219530135958787932 1 0
617331432312283782 1 0
523619764227721355 1 0
768044244893903209 2 2
405471378859361555 0 1
525378946991208561 2 1
588361122036284610 2 0
723203768868605557 2 0
255569845440194113 0 2
979308334596479038 0 1
641559302388684885 1 0
444018147177717727 0 0
444424460898508259 1 0
245879255190154488 0 0
593030330376063000 1 0
56053245117799123 0 0
623233463696293857 2 1
114044048087956051 1 0
283057745705272860 1 0
375064899074804023 0 1
501556048813144633 1 0
866542077445625594 1 0
469201829549865274 2 0
255049070410413442 1 1
983680953540549847 1 1
483994377852394466 2 1
121076976808222952 0 2
693691976090527501 1 1
245113111738889735 0 2
442235651390054354 1 0
908988169845664165 1 0
291601219193056761 2 2
708133950731509038 0 2
896380246325652648 0 1
566764305683857457 1 2
428952384529143898 0 2
18741650219293443 0 1
789845727305931814 1 0
121788981661248403 1 2
983627542018336141 2 0
121793895248859268 0 0
650081379209336355 1 0
144012051143709113 2 1
182319248914413650 0 0
75483962218275733 0 0
17256560098353415 0 0
155477291200424276 0 0
916897041740239026 2 0
649824044237270881 2 0
990042703543514683 0 1
523315267781175052 1 0
216931542072337116 0 2
936192004706875562 1 2
769392060870268149 1 2
628373330272473559 2 1
556731285899099695 1 0
606638505899129578 1 2
351415493622116698 0 1
467853512405335958 0 1
781289381538619955 2 0
106526447684046403 1 0
450001048740746837 2 1
472680132171688637 0 2
850128443039329262 2 1
55573180545314078 2 1
662264777257946543 0 2
57257503480025964 0 2
524790023463196957 0 2
891620436389165899 1 1
602563728284861859 0 2
482061952009302126 0 0
750296146541899274 0 1
165006457868893984 0 1
585181074883080575 2 2
522341853971741882 1 1
823626390779764613 0 1
890231444990168586 0 1
65641563422975455 1 0
145282715961738959 1 0
458132384283180706 1 1
943616264959674976 1 0
270278644214500516 1 2
553691217240716026 1 1
512660241341181727 0 0
983445984268936637 2 2
503223733744912599 1 1
524963087284227684 0 1
992170275464480569 0 2
62131618679387534 0 2
609286507491946219 1 2
324073944358234440 1 2
648149040668005690 1 0
486154721134599464 2 0
299788083675431758 2 2
981987392818930048 0 2
517724440692662955 0 1
417333982023621033 1 0
722208727687997667 1 2
608775545036242885 1 2
103736473236603356 0 0
710683330072965045 2 1
421987119444734705 0 0
17776247607168899 1 2
380667693724879864 2 1
708986799795137511 0 2
856417516577005777 0 2
801666554722504107 1 1
111909272135935987 0 0
933618818435971014 0 2
84754370526632079 0 2
303670501525723893 0 1
174419703183716406 0 0
97051191580403754 2 0
140968072759483929 1 0
205252487408237489 0 0
662846487836744303 1 1
272070237208592548 0 2
524079092702889500 1 2
245212662714233349 2 0
633908284482911916 2 0
572481411107434639 0 1
773590177954916582 1 2
727197407023032147 0 2
406715476102023926 0 2
891275646257532898 1 2
632768445494033371 2 2
587097549026503522 2 0
656862432991280336 2 1
680017896253394493 2 0
300208344410946493 2 2
456253525635893128 2 2
103071806145226962 0 2
649139731493617262 0 2
847561229384079504 0 0
127743204412187326 1 1
376381807705677309 2 1
497407804458205315 2 2
800455757260849236 0 1
896926890645568747 0 0
47701590953132704 0 0
691867637613661280 1 2
541136847877221502 0 2
483316459942750962 0 0
221510091113538702 1 2
729590045129766749 2 1
920600893028807012 0 2
993384835333596564 2 0
126190013799008793 1 0
741796314625621345 0 2
362310986501989841 0 1
425475891561248409 2 1
848754290518898971 2 0
987678778203683914 2 0
658276060159482090 0 1
469039067402238980 1 0
9328350358354296 1 0
978949968019517530 0 0
520531919855262155 0 0
910378239973689997 2 2
324679489096241402 1 2
613422851096174091 1 2
629317651163599569 0 0
927059443438988612 0 1
917986042072586470 0 1
682757359402368541 2 2
495076175498072679 2 2
732258175446094021 1 0
570652498539132634 0 2
758495488807750665 2 1
975334192194307274 0 0
11733962723733900 1 0
408961687474571077 2 0
993340609849102546 0 2
631593143857157681 1 1
553384347843840145 2 2
366159069678395725 1 0
100632055922080780 2 1
587221457552853646 2 0
17587417982958049 1 1
678141108304221498 0 0
810721936890826968 2 2
847269851187228036 0 2
314662667418845676 1 2
926152955467079915 2 1
273275867264622419 0 1
504389863636398562 1 1
902463792998522533 0 2
553646159891986432 0 1
490833945696312349 0 1
536645018774586422 0 2
421381775487626593 2 1
557017891560435824 1 1
78722771969919904 2 0
359111241880650324 1 0
552646308581445402 1 0
923541895930010274 2 1
191629401572971400 2 1
889849083294909717 2 0
397994883698170358 0 1
699858436139057108 0 2
251275812208858711 0 1
137188459543978758 1 2
375672372288009981 1 2
408791342198786080 2 0
676736724016638860 2 0
963365481157548813 0 2
56283036811087224 0 2
912043797738871924 0 2
399924793863554501 1 0
621697285995411263 1 0
787468767949680238 0 2
910911015597676469 2 2
157350661476675844 1 1
805500650303768470 1 0
530754111283582737 1 0
583150821519279384 2 2
459767930018128409 0 1
85346785020820094 0 2
634841180406351062 1 1
652921611209863075 1 0
754814716465743340 1 0
203477357093332489 0 2
753714428677653144 0 2
715149103557732715 2 1
908597650929623605 1 0
133547048603530243 1 0
981015977035178439 1 1
682204421934789615 0 1
322566158143785645 2 2
474983265488386213 2 0
45443038966721514 1 2
915385190858401120 0 2
881758753885955318 0 1
332637569266911852 2 2
92439051689256921 1 0
256514396306912110 1 2
328112626873960308 0 1
833113799387144396 2 2
437063627132582827 1 1
384678307033931390 2 1
378883519422759410 2 2
482287907892287357 0 0
267829226845737567 0 0
14141243510893778 1 2
576923884823290160 0 1
128252744951966254 1 0
653272604192204987 2 1
131285867725630778 2 1
769982278025071935 0 0
302627977815396625 0 2
704139592245384431 1 1
539829210069804600 1 1
524742066110073738 2 0
263520107327508510 1 1
565191386189090020 2 0
3891235945062634 1 0
263733204518306471 0 0
76873846952044751 1 1
566870193062402968 0 2
165034204559621141 0 1
208545647633061190 0 2
284050149991523156 1 0
642968491784687772 2 2
254259375813615674 0 0
11006023925361966 2 0
448032844744123372 0 1
755084413168664727 2 1
142654476575158448 0 1
953731127536531867 0 0
771892743743550660 1 0
308501478644474166 0 0
816888923266194175 1 0
424820739962573425 1 2
595908743709305986 1 2
321640329081984143 2 2
767331214171589703 2 1
985380105427204705 0 2
811830003955849830 0 0
265192032458739895 0 1
753928874811903069 1 1
164549053958852615 1 0
348762724167223766 2 0
901325372177903199 0 0
146215726007387297 2 2
866483517479856390 0 1
245629194453558918 1 1
973569283269615187 1 2
883765729878990940 1 0
822062911356940408 1 0
460802100718942711 0 2
378477585963775633 0 2
539648233544036562 1 0
212945670340071242 0 1
791140627239755411 0 1
561252819676518092 2 1
892243038528010388 0 1
341618835376190372 0 1
993713511915458268 0 2
772270598686849521 0 0
562338263560309678 0 0
359651366155547061 2 2
315282772620488001 2 1
379734043775232030 1 2
398620846612352143 0 2
513872191848021503 1 2
299050202547377628 1 2
830802871561818714 0 2
249740196519594243 0 2
824142891352899875 2 1
860739162578198763 0 2
936926723473460727 2 2
571698229032228421 2 2
994453842199223960 0 1
696277728088233653 1 1
743766936062929577 1 0
431553177115907003 0 0
430893553762566581 2 0
412600933405835670 1 2
532980278480113969 0 2
661666981502182216 1 0
779186721020422595 1 2
372853881799336215 1 0
411177468050633297 0 1
85233345459906710 1 0
134697771510539463 2 2
634775632806271047 2 0
270652515375765923 2 2
307162820701564715 2 0
809059037123940384 0 2
929561240158224338 0 0
630764477750378086 2 1
336324561927603289 2 2
227853398618611837 1 2
525712867395823892 0 0
179764681128469958 2 1
959246388186738853 0 0
225945102423254680 0 1
911260795728045686 2 0
111125937098236240 0 2
700160993017773213 0 2
170177226287957988 1 0
883215019090842800 0 2
130777808391604252 2 1
175064585102272182 2 0
897784678811442187 1 2
335351387689102028 0 2
402691615705607981 2 2
952743080977338691 1 1
947917582673292572 2 0
556597944893280977 0 0
32897605969824115 2 1
896366929915575714 1 2
472484489529326427 0 2
230927953330553186 0 1
575583057024238537 1 1
327406229013819102 1 1
854985377782736046 1 0
623630362157155811 2 2
519461033388905076 2 1
413720564984729936 1 0
540352063009231124 0 2
263173054830629848 1 2
460432029266061374 0 1
803956586666377678 2 2
580712735198789671 0 1
175589843201883672 1 2
354360542863039275 0 1
596850029768233713 0 1
845921574243356075 1 2
494950092964392728 0 0
693416145231309832 1 1
792461050284182272 0 1
821060372532769176 2 1
481966047682638284 0 2
971156447685056441 1 2
866820689091589230 2 2
275871098076733506 1 0
121756011996598109 0 1
468989166533968198 2 1
497564873640640675 1 2
60895417428834723 0 0
184697017073857363 0 1
736248187302959214 0 0
587845196557348229 2 0
625403682065506848 2 0
113505190666464872 2 2
491178325020083009 0 2
145333904187091422 1 2
417138939338881347 1 0
100565717413803953 2 0
521768164832642611 2 1
784694906427852693 0 0
337091953073652735 2 2
287171518677473937 0 0
441362904434158844 2 1
853408384702144346 2 1
639014556045748219 1 0
498197985038558241 1 0
134571159374469848 2 2
630614958214221758 2 0
932715791484483908 0 2
848331819741670436 1 2
676626201263510829 1 2
647260340844550108 2 1
540318575250778309 2 0
495306467287800808 0 0
39277246373366357 1 2
401161306522812140 2 1
943899069038258305 2 1
93073259604027748 2 0
35995343544798557 2 2
963977334175454785 0 1
365521975224888327 2 1
913249568342532927 1 0
299813880220658547 0 1
631133704166954593 2 0
91999577540261718 0 1
568671610015694622 2 2
439293536516700116 0 2
855570173706145806 2 2
584488950598433680 1 0
64995674959293446 0 1
45579423627335043 0 0
232508150058088849 2 0
363842999489031458 0 2
622756393437867985 1 2
886545232586143602 0 0
968183611895360669 0 1
552731220828273764 2 0
755116055790655632 2 0
991220361412970370 0 2
766549410020911229 2 2
303818768147737214 0 2
498749814625168850 0 1
960979922653551025 1 0
451925422843309873 0 2
475205053306041908 0 1
319190915502922391 2 0
71001158267998937 1 2
346147350894897223 0 1
39526724042916742 1 0
802544404464970485 2 1
844418890328856684 1 2
475897034238146507 0 0
861587977963277762 0 0
130950995063271054 2 1
487795067318871260 0 2
49616671024584319 0 1
482712015612888612 2 1
447423394963366790 2 2
337788497525676397 0 0
264740549864696744 2 0
84393258844580334 2 1
126651356477932941 1 0
360218262200128324 2 1
615976943862694278 2 0
292615009901859905 1 1
757874114522403063 1 1
970447840992072277 2 0
217344423717191148 0 0
734564956451529882 2 2
604196023593544346 2 0
684193601700788092 0 2
846167427301539464 1 2
925336796857821205 2 2
879201353122895806 2 1
220276515641828326 1 0
298539300839910782 0 0
479349199605194399 2 0
427850761506534038 2 1
382797644948610270 0 2
731255231210259551 1 1
594668130522855605 1 0
895777452903546468 2 0
565758728175796647 0 0
454527994291836894 1 2
221203110012340816 0 2
217213227220628216 0 2
489107074024600924 1 1
698713191789041472 2 0
457050418927508412 1 0
920510677129937689 1 1
121301486628049017 0 0
375220568417503849 2 1
474705669661537683 2 0
586024485678534122 2 1
840500279247112595 1 0
334005044368903703 0 1
529437517674915543 1 0
900395709351704565 0 1
438202830700160088 2 0
381555246835373248 0 2
937608334288070382 2 0
383455098497071218 1 1
331260031719467855 2 1
72139457732617092 0 1
137783709189238606 1 2
284124071987280700 0 1
746373056997629843 2 1
993877803620398085 1 0
564373169038883053 0 2
627205003744822208 0 1
690761783540355362 0 1
623592132227723472 0 1
616623704185127086 2 1
553095097741469354 1 1
912225468095089450 2 1
66246753435891562 0 1
198021892419376183 0 0
203212913605256725 0 1
476030044069004305 2 0
869866752673210674 2 2
244931218942639943 0 2
232588344035996026 0 0
307946322826057891 2 1
549223231030396167 0 2
815215089720426036 1 0
637094513676487622 1 1
362704540428193603 2 0
250029077017573855 2 0
419795645207415530 1 1
186721172655380175 0 2
3589847366634477 1 0
689341466059920240 2 1
373947635116806122 2 1
207430719480517034 2 2
962132896064040555 1 2
697867019579599728 0 1
575096337876888990 2 1
658962480214213511 1 2
700097931636294186 1 2
84480920087566653 0 1
520545589873292015 0 1
794655531032646098 2 2
561371621868922246 1 2
198603630601124768 2 1
351933625980352571 0 0
773816915741781114 2 1
50252498561130676 0 1
736652607248932509 2 0
547646804632621023 0 0
708133235569059023 0 2
85001458520695293 0 2
760550388460159173 0 0
782372997517449172 0 1
382090459259830404 0 2
499714502599549161 2 2
446092529514568333 2 0
802034053260510058 0 1
494714677733542695 2 1
432665512329289501 2 2
713899225727037698 2 0
325804899587615457 1 1
187533748002700727 1 1
737232111636048264 1 2
444665130556193871 2 1
621308429095754333 2 0
9026967116068127 1 1
974526562024511932 2 0
953753051254287805 0 2
368406402920351809 1 1
583919650764538430 2 1
400329487917761315 1 2
640644150284046639 0 0
943935379713495058 0 1
259308854407011086 0 2
908398694189384672 1 1
242303355321165076 0 1
765088961886902517 1 2
207559670290115867 0 0
514163635337878799 1 1
506768988312435199 2 0
155487112021506928 0 0
466091329412375925 0 2
117688934936922464 1 0
23426785486925210 2 1
264395068712696370 2 2
509977638031935785 1 0
709394588922162649 2 0
748830072278327329 0 2
998784229768662997 0 0
481207551096083970 0 1
652974791316735893 2 2
959278089878357891 1 0
880207093752135892 2 2
440833249926080179 1 1
592155848833910750 2 1
997900672421676716 2 1
634289791791336607 0 2
712364195215049687 2 1
313834683704350601 1 0
631765886930111206 2 0
980999024325122868 1 1
5893312110662681 1 1
202390819854330398 1 2
51704967526402890 2 1
27552168725499432 1 2
799206700952008376 0 1
99989453022168665 1 0
922502948939771133 1 2
755555557269700411 1 0
283674631792996909 0 1
542670332302460635 2 2
341164403355896109 2 0
191542573206937374 0 1
274463824431937259 2 1
154378701508658727 1 0
351188865828111766 0 2
263420419875407957 0 2
882233378803767694 2 1
384060439281881118 0 1
558071859606454733 2 1
187361052254914535 1 0
60079738209508095 1 2
481828413904640672 0 0
538206320363843190 1 1
71784844083655184 0 1
846077331585258410 2 2
21547797481326902 2 1
200859290134764034 2 2
779953013105632644 2 1
359490379353141026 1 2
990200950308313889 1 0
242385810369725404 2 2
15701761043509661 1 0
167619417788952196 2 1
852541997419590329 1 2
453552978928230588 1 2
348793079119310704 2 0
28061273640771977 1 1
954391960663999062 2 2
511129652670140991 1 2
245971419758029175 0 2
898350892090760755 2 2
314306026106868393 2 1
115152116636889329 2 1
938709931848750932 2 0
18264227674662204 2 1
714885075446278995 1 0
958319308314815829 2 0
979575192628462092 1 1
308372268074797901 1 1
699342122834315215 2 2
309794815244370901 0 1
417495466406320690 2 0
411755205208050011 0 1
613945822076577588 1 1
26155851316487242 1 1
984523761899691888 1 0
372764686783541002 0 1
622474771739797647 0 1
235772369083703865 0 1
506830583022079850 0 2
843223297401086725 0 2
462763896212704214 2 1
116355232237240505 0 2
793475812197249824 1 1
247391925659339233 1 0
646851710826361898 2 2
953102455245315715 2 2
958430985374875782 2 1
515144580678395900 2 2
453455664905649494 2 1
295098148575030518 2 2
281695594544942101 1 1
147657866667916295 1 0
551657518934648814 2 2
715235211678990665 2 2
202280038898591071 1 2
814903015609849163 1 0
30912525743491290 2 0
83811686035922973 2 1
644054135523712264 0 1
701158167711324830 0 0
10722812495626736 1 1
801945303494921506 1 0
495927905857277736 2 0
101396643470819416 1 1
830501263737964471 0 0
340810879286439 1 0
866149316225066702 2 2
301168270675881127 1 2
328002390623750188 0 0
225351261613745808 2 1
618571508525096983 2 2
876625681086485540 0 1
559615700002541273 1 0
786681211359643301 2 0
914137356888396700 0 2
681002692496233577 2 0
416127329125075550 1 1
277114741462453012 1 1
529877109086692853 2 2
951583676664038482 0 0
873497002060888084 1 0
729549077168884317 0 1
143171569212232134 2 1
283304302575910667 2 0
978989370919097162 2 2
195111884563844274 1 0
666577843959009876 1 1
571229535847246170 0 2
357289077579474747 2 0
872094270796963847 2 1
704962033246431959 0 2
182952694238671672 0 0
426405834762165701 2 1
925995107924798843 0 1
384660759004216155 2 1
711683349272470797 2 0
367423823857090229 1 1
142130356326166618 0 0
108006446658009264 0 1
874133807684299120 1 2
55734544311344483 0 2
602356171988630297 1 0
183221259108653252 0 1
848072705337594615 0 2
127052453895121785 0 0
500802880618355659 1 1
313410181604975333 1 0
944977925128990150 2 2
36651493714470572 0 1
767694118615769053 2 0
320399321854058299 2 1
221614901905264510 1 2
536682642766677346 0 0
674725765050777372 1 1
827837549577741572 0 2
858476575203477132 0 2
221454973521262787 1 2
815856742211247884 0 1
202140284411096645 2 2
43689901417896655 0 0
886318708192810446 0 0
303220069831698820 2 2
473005528485868189 2 0
551398702654742318 0 1
974568161025650483 1 2
857115937436788484 1 0
751081097086340240 1 0
710557233108853879 2 0
807952438038579864 1 2
460182160464299928 2 2
132437554530329126 1 1
917618725967043055 0 1
445826712021737753 2 2
908094830290735186 1 1
208140894494035380 0 2
152548395870307785 1 2
70865615646799364 1 1
416250315270113268 1 2
599694553348920024 2 0
432998854426489088 0 0
990324411066332498 2 2
80729662555226696 2 1
562699369565227968 0 0
647917510662811908 0 2
496163713836630550 2 0
725216554426905635 1 1
550736676317582301 1 2
549845286117370663 1 0
819618031974430713 0 2
916364266551894830 2 0
259371281592645926 2 1
621845447595888130 1 1
271403695013801812 0 0
117647759586696958 0 1
806712084006827645 0 1
196107042872798812 2 1
579438363794721974 2 1
358627162205282378 1 0
802801776150106224 0 1
697734403224028470 1 2
412387495640658630 1 1
574870211706502653 0 0
755541651907918020 0 0
627996771202955215 1 0
516690802355114014 0 1
301990462705892620 1 1
288352187795788749 0 2
928131672930750418 1 1
659198218959875187 2 1
819908060424856413 1 1
437222776961800657 1 0
367142102798408583 2 0
383180884217523089 0 1
571297687582027199 0 1
684777542352322234 0 0
523497246676112599 2 0
467845494202448030 1 0
262224981402396279 0 2
819144135321352184 0 0
698893835057916523 2 2
198087220416453854 0 2
633393337726142525 1 1
283467177594955572 0 1
382395055579247633 1 1
787028527652415815 2 1
728486979083680510 1 1
502510915127801875 0 0
33718364096461591 2 1
172254575611254507 2 1
779502953193541159 1 1
87228118058960600 1 1
148929694259185473 2 1
800275737092554430 2 0
717445181512832649 0 2
359360136511713037 2 2
659024022070168701 2 1
929281718673012885 0 2
730305365968796987 2 1
917383906407140498 0 0
303016588922162200 2 0
644352484038946243 2 2
679674200897030613 0 2
323193033857722795 1 1
494406290209245951 2 0
883399510035796816 0 0
960001059171587013 2 1
434047839303238934 1 0
761472904540095777 2 1
389787869521659998 1 0
603017230434208333 1 1
547185837048814647 0 0
630929561389641302 0 2
387487356540489386 2 1
120287992283354077 0 1
725574877861945377 0 0
83647527535121338 2 0
193525031927782374 0 1
983598160916448391 1 2
372589282214247948 0 0
271224605901199003 0 2
574506976942619908 1 2
411896336273712213 0 0
502227333905222191 2 0
783921409434251496 0 0
44402813918719518 1 0
571336937473942928 1 0
593785887651623240 0 2
817163059814810450 0 2
830303223502725860 1 0
273728880147002688 0 2
398016374934325170 1 0
332367917308867872 1 0
207198244196866111 0 0
632872640727582806 2 1
932501360443248766 2 0
980135775297912633 1 1
926741481343162638 2 2
230399933561263036 1 2
704736583012607123 0 0
204565986521899007 2 0
875480779322589811 2 0
466976800806351238 0 2
667156645889476300 1 2
12622184046373580 2 2
601452069598607874 0 2
271842709791709756 0 1
22847784786259783 0 0
124022568445726355 0 1
57692853961448205 0 2
28073139355360557 2 2
449200751821039483 2 1
177004476484218250 1 0
910526668803728565 1 0
236141008609445253 1 1
386664887185868733 2 0
413817232812836050 1 1
924922184245682852 2 1
278626963888587863 2 2
302701199022037304 2 1
115872330845562003 2 2
395573015624194105 0 1
684405855011228969 0 1
975253856512087220 2 1
620947428413383455 0 0
618672149857610086 1 2
449502120135175090 0 1
159099619087754498 2 2
381055705560932678 0 2
498152316478323602 2 0
807625878700387420 0 0
427422284309757169 1 2
704957144687011910 2 2
366730072766877293 1 2
100269887812014267 1 0
775200324136743561 0 1
893278003343826055 2 2
341833720944159676 0 2
821806204744156933 1 2
36365426891446547 2 0
935779814194410412 2 1
318223224016035598 1 0
679116337038135850 0 2
783099494016225865 1 0
475734559449579969 2 1
774037791687216776 1 1
775187367706076898 1 0
307499189597320368 0 0
548115350088795286 0 2
673142637796404691 1 2
728483807555381509 2 0
405242864668223406 2 2
332245820659033965 0 2
267651699854809220 1 0
912323489244236538 2 1
500723958373649729 0 1
122446260272433743 1 1
646523301814292038 0 2
311482306232108848 0 1
37014937043444150 2 1
925755722642776873 0 1
667580893010779938 1 0
986910383173147539 2 2
315856766294619653 0 1
238795887034739514 1 2
246883712960967422 1 2
892351862503137558 0 2
42572704912229474 1 2
186694415804172456 1 2
771454555684541003 2 1
135965690070489914 1 1
784237819116975917 1 1
321461348210817242 1 2
942518151098397940 1 2
544045517875636598 0 2
697665659724279283 1 1
542866196889665808 1 0
288038201938861406 0 2
640713021885544076 2 1
884401412811979233 1 2
890801183352213524 1 2
190253480478575383 0 1
281536526643288730 0 2
465337224289295841 2 2
947795246538094481 2 0
801085916274671690 0 2
637600385476206362 1 2
486738252245165224 1 0
908322741472077496 0 1
249829237249573223 2 1
987311823778224430 0 2
364806945756854598 2 2
714340303295721238 2 1
842546961133202475 2 2
91001749997910666 1 2
253606028673386509 2 2
72117743316427183 1 2
381021329063015585 0 2
190172883284427251 2 0
759233925437801237 2 1
712841502240237665 0 2
762715820243747773 1 0
189170005710949187 2 0
685566670540700455 0 2
95933490621836411 1 2
616355011480252726 2 0
847946842777368559 1 1
421899540687428659 1 0
604574650746345486 1 2
862107891273855114 2 2
696229685486626656 2 1
611153087369489126 1 0
141717541272914011 1 0
591276602421045785 1 1
502086520095779640 2 0
368759032183879783 1 0
909621044502084266 0 1
403786699415055562 2 2
425581790652087333 2 1
718982000756275056 1 1
468349562266174879 2 0
86188061054970251 2 0
348585821431134979 0 2
816445717413978847 2 1
311046685010259949 2 2
427494249834462611 0 1
862628347128342523 2 2
492476327866613266 1 1
422363403830594807 1 0
777566476002795835 1 1
2429758394553481 2 2
595056894397468005 2 0
500212096791483425 0 1
921735879399635993 1 2
780869035816343863 0 2
522433613919977490 0 2
538328816664727889 2 0
277354903840238440 0 0
149786839048027586 2 2
92249807546325294 1 2
847089006998816000 1 0
876882636054539691 1 2
585418283742723326 0 2
401383997435313796 0 1
741414509267851953 1 0
269072341612717303 0 2
566414213678731035 0 2
422634414563053464 0 1
980660094587070020 0 2
612339730952107724 0 1
923357418074144496 2 0
64973666103239423 2 2
908052121043488133 0 2
91498106458077068 1 2
176711244676500073 1 0
970256365319114223 2 0
817156475693328734 0 2
4580984812971083 0 2
422071605249561884 2 2
852563749301470755 1 2
939876836155792160 1 1
703736610873165007 2 2
931268457554415281 1 0
375762924064630908 2 2
937062424901827812 0 2
861607557057352823 1 0
665481005939185783 2 2
403328401281957874 2 0
623360313344557644 0 2
334235846487548735 2 1
629893776976415055 1 1
167637361793373223 2 2
899392376253531550 1 0
72813331975440645 2 2
406629409758802185 2 0
369006240779229838 0 1
346618499104703641 0 0
448394085434004029 2 0
771651186903315236 0 1
284814773120821837 0 0
784881974306066432 2 2
385879822798451553 1 2
443871266166109842 1 2
518942599251605683 1 2
246107488878335775 0 1
306147139079680994 1 0
498793756914355239 2 0
89471321737797827 2 2
663472432966859997 0 0
987371433886646290 1 1
892983794527815020 2 0
361384469202942925 0 0
761424937781783081 0 1
880777339025644964 0 2
796324257681401874 1 1
506985822506899571 2 2
818205439273596795 0 2
889423382756152305 0 2
729545242190895530 0 1
741747864135885293 0 1
241491816194545070 1 1
68014076492890689 1 1
992027281388574395 2 1
667198603860718492 2 2
667297967178415890 0 0
797909579674871257 0 2
215175033241904831 2 2
563356299390556693 2 0
117398292870909341 1 1
377703558086564213 0 0
14886900484441334 1 1
400505051846346352 1 0
279366915490049246 2 1
235704330104272719 1 1
551204197993932304 0 0
456945517581022143 1 1
275799406300217526 1 1
250726308474054019 1 0
655452593935404428 1 0
49853992136257768 0 2
278276708960692423 1 0
630613320478719246 0 2
102396810710889938 2 2
305377985552514156 0 0
469410738993620466 2 2
998793736865307686 2 1
434110885107352418 1 0
19447726897854778 2 2
246319161219640391 1 0
631973830949085855 1 0
246440347327028928 0 1
883856156107596943 0 2
757099488826376045 1 0
639072182513919617 0 0
369664061635813217 1 1
710592036984612351 1 2
558461710974341163 0 0
629030721151577744 1 0
962129709382275799 0 1
662381675033261339 1 1
29711936125520748 0 1
578887209010519881 0 0
589985532824142157 1 1
857420252129858765 0 0
738290806550602313 0 0
946943033281486961 2 2
779463203882904271 1 1
526014066337703673 2 2
512608510252773916 0 0
981624141131249062 2 0
552306242107305792 1 0
807326674836176146 2 0
74355041824025693 0 1
962047570681015219 1 2
300647479474851581 1 1
16646433277189680 0 0
708585419958856290 0 0
983913270796940613 2 1
885356127574486863 2 1
246488773833693206 1 1
389429470584496085 2 2
874634139758507466 1 2
683562157091292056 0 2
531008227728133775 1 2
894693177947819533 1 2
805407664390019343 2 2
870475283367246922 2 0
46371470667127047 1 0
651813489860835405 2 1
692515412892372129 2 0
962751191259610538 0 0
484905199155151535 1 2
859910016779028238 1 2
814483277634440297 2 0
414431616359994316 1 2
422332097250748429 2 1
4162995659967852 0 2
18198011243119129 2 2
165135322773502930 0 0
787214355091613958 1 2
515157375645727942 1 0
784506596402264163 2 2
58559293326674514 2 1
756413862785181343 0 1
155440476564095222 1 1
610705221322022863 1 0
889989486829546391 1 0
483082621065591030 0 1
846972879192120957 2 0
272267970769166790 2 0
327553098365243796 1 0
313126301231985805 2 1
95534097555904033 1 0
277272913596403965 0 2
878784536283894652 0 0
175389275666377422 2 1
901345124936607951 0 1
451844307316225863 1 0
620890320108593936 1 2
891737771208525305 2 1
943847517334831655 1 0
96303868496938627 0 2
920937325837029154 0 1
239253135687496855 1 0
804143479552922130 1 1
333989836021110484 0 1
736935110651930177 0 1
171555388758414875 1 1
177778116109651371 1 1
877928459686523739 1 0
987524096505985974 1 2
198851767126125904 1 1
306759498532657179 1 0
948298159996892823 1 0
904313793020634067 1 0
763028213362417069 0 1
584889987161786432 2 1
343413163576258712 1 2
45843253280534619 2 0
493129492132993451 1 2
973003400489163075 0 2
434153886610385867 1 2
892456129518835974 0 1
411352727651937698 0 2
120044653993391770 2 0
245212379201855714 0 0
751137147554611070 1 2
602608927811668829 0 2
995562999803541256 0 1
709144612222996437 0 1
360703963982731620 0 1
426941691444859875 2 2
346123241325575356 2 1
780536528680751913 0 0
469056273929935694 0 0
467272311425313591 2 0
504331390419047937 1 1
545668352149191883 2 0
583548660457009535 2 2
884892657447444354 2 1
292893908646706270 1 0
43129462864639398 2 1
438597131989588329 0 2
444776655113855729 2 1
53686057332951194 1 2
360856786851350894 1 0
927908489118354725 0 2
776200556779961773 1 2
423444265236388045 0 0
810752063695460635 0 0
238130012914621273 0 0
331525381787724470 1 1
228729907143465495 0 0
43439388113855531 2 0
441135503820520266 2 0
584951315796775746 2 2
933347216902439114 2 2
539947673759055917 0 2
2252106345866896 2 0
63645450633772600 0 2
919338913007094989 0 2
300485597936526292 1 2
197993194241337090 0 0
222722097356769463 0 2
513366690113701969 0 2
816213092967457351 2 2
605523901229459469 1 0
725273161330121265 2 0
458222979225913922 1 2
630265410609557238 2 1
128479105379139419 2 1
120045489682245312 1 2
502130096636425840 0 2
123159089928690075 2 1
240391597331782467 1 1
161841999947984749 1 2
696991047267658991 2 1
836166115802128373 2 1
317864015041976760 0 2
937232608180422 2 2
356687906394179183 0 0
27294388324639299 0 0
760972685288357224 0 1
719120723636077752 2 1
453228410604319869 2 2
496162735460007595 2 2
806086162291862302 0 1
780806887757317129 2 0
610286321523432532 0 2
310299552593416659 2 1
143153918451400010 2 2
197611471530194102 1 2
338598738756858548 1 1
197070781582786815 0 2
935920554431150441 2 2
536377361259862500 0 1
292419457854571345 0 1
221757938770580726 0 1
806715052937245160 0 2
408219902774501140 1 1
639993674356775582 2 1
571724981560338202 1 0
124208353719591411 0 0
445324331315941407 0 0
995031894795003699 2 1
6484051800415473 0 1
500214328602277020 0 0
426092666507548485 2 1
963868265134391540 2 1
720161064505031539 2 2
833500344906132971 0 2
885801355492828223 2 2
84726872718731251 1 1
445962200048556660 0 0
955241942477212103 0 2
584872191093463943 1 2
689569898799068665 2 1
857367896312541836 0 1
986012463660363561 0 2
87690296321326097 1 1
950045837664900488 0 2
803473246237488503 2 1
891733640191771024 1 0
588550332149283881 0 2
737297883430654588 1 1
204166480459732967 2 1
325909895032742118 0 0
428562460281518706 0 2
861366057525112734 2 2
611032276879885723 0 2
792402592052555130 2 2
911694318742495027 1 0
976440069695434964 2 1
30334141721933310 0 0
564997283316501522 0 1
424067236594781942 0 0
965789601678168069 2 2
44000030855169613 0 0
355390913327307497 2 0
319292699708363024 2 1
861837201652870954 2 0

