0
0
0
1000
907
0
669
180
304
380
0
628
0
612
0
0
72
3508
265
931
0
888
734
0
626
629
0
0
0
0
0
60
0
68
321
822
413
409
894
0
609
0
0
0
0
937
0
188
0
909
47
0
0
0
0
822
0
0
0
0
0
160
8830
7197
0
0
0
943
270
6
0
0
0
0
274
9578
282
0
476
0
5179
0
345
707
712
0
0
763
0
0
0
414
60
701
5836
0
473
934
11353
7465
0
0
0
10138
21069
0
242
0
0
0
0
101
0
0
20763
21365
0
16194
191
0
481
0
0
823
0
0
0
852
0
21340
0
580
753
31427
829
0
29313
0
0
0
620
19838
392
390
21176
415
0
0
0
0
0
0
0
0
95
0
0
29276
0
160
728
0
0
0
675
306
28
0
0
4
839
0
0
0
825
0
0
20452
10555
9006
453
0
39135
0
0
0
0
8605
0
953
0
920
785
0
0
568
833
0
0
0
0
209
0
0
34
0
960
333
49324
0
0
0
0
47250
0
115
0
0
191
0
938
0
0
0
46
7686
0
771
0
43742
574
16735
0
0
40894
0
0
34771
0
963
0
0
205
0
0
41028
25892
0
0
8219
0
0
0
48994
157
731
3882
0
0
20
0
806
0
0
0
0
506
593
0
229
411
0
724
819
0
8004
0
22640
0
126
0
0
655
0
0
0
755
0
2624
0
34886
595
0
31702
230
14810
0
481
29907
0
0
0
0
0
0
38842
338
478
8258
0
963
0
498
0
0
29199
0
30758
605
520
92
0
556
0
0
649
0
0
0
21229
0
6236
0
341
69976
0
44053
4055
0
933
14918
696
75427
0
0
0
907
34518
0
0
0
445
0
69004
4643
0
0
66218
0
37202
34629
662
80187
0
593
0
740
0
0
0
999
511
0
34550
297
76156
0
0
0
73
0
887
0
962
106
0
0
0
0
0
0
0
0
0
0
2604
0
79399
0
220
0
0
38341
509
571
0
522
32437
0
34433
0
80349
0
0
25765
0
0
0
0
0
0
0
0
931
191
0
0
70089
783
74534
0
39302
0
106
0
38708
476
989
0
58
175
82133
0
0
3433
0
79047
0
34517
88
102505
70419
382
0
97
982
412
668
0
66
818
0
0
69932
72066
0
0
0
0
0
199
112247
773
0
687
0
0
522
426
537
0
0
0
373
40
67691
201
1993
911
28809
861
0
30390
0
888
54955
55718
0
0
0
354
917
0
0
573
0
45404
0
0
465
0
121051
0
695
20184
2105
530
0
116902
0
0
0
0
114489
0
92226
15310
0
0
390
20717
226
0
0
0
0
74208
20470
0
10603
0
66962
0
0
0
104242
0
147
4982
0
441
32791
0
78016
67646
967
0
26038
75882
12284
34586
0
0
101
126130
2164
393
211
0
0
0
0
0
12849
0
0
0
10595
37256
39860
85690
0
0
0
93822
0
172
48
54452
70889
0
0
0
283
0
0
0
0
0
264
0
82839
19
110
599
5924
0
0
0
91026
956
322
27331
0
122120
99645
222
0
22538
126894
51562
543
937
0
0
79967
0
513
130
0
68662
38615
2951
0
97522
30243
654
0
545
837
0
838
0
0
113725
550
0
0
592
10945
0
0
48771
0
0
32595
0
140847
0
0
0
0
0
62933
0
0
136088
0
39
133
113910
93605
15427
0
0
0
30355
79179
0
749
0
0
31539
0
0
0
109032
122356
80440
106802
0
0
57439
649
0
0
0
0
947
0
0
0
0
0
113103
342
96795
0
2575
0
136493
0
0
110871
942
0
968
34589
123491
12405
0
90234
0
75435
0
22
842
938
0
0
140788
0
0
0
772
0
0
0
0
0
0
0
0
0
0
15673
0
0
0
0
118913
0
0
0
0
0
0
5197
0
123
111595
730
57036
0
0
0
0
0
40260
0
94594
511
8444
0
155036
805
617
0
0
0
0
0
978
0
44553
201
0
0
333
0
0
158859
291
58748
0
0
0
107
0
0
0
0
308
0
0
149848
0
68403
111756
198
0
24847
184017
186
0
0
0
0
0
0
0
0
71446
0
0
0
212
0
161861
189731
88689
95874
13220
0
68582
33683
42873
0
292
0
141223
0
0
0
153314
0
105819
0
338
45152
934
0
0
117537
0
142455
0
0
115857
58531
0
0
0
0
70283
0
0
15547
765
478
12195
0
0
169327
0
13312
0
0
0
0
0
0
0
32355
0
303
0
927
17330
56157
0
0
0
0
310
0
11179
69523
278
0
37607
989
159463
213
17818
0
0
368
191
0
65033
30067
0
0
0
0
2657
130484
685
0
0
743
806
966
167039
0
39086
0
137
808
62756
0
0
0
110910
0
0
776
0
306
218309
210494
144
64617
221586
700
148426
275
212318
147690
0
0
158877
154160
0
519
67675
0
145074
0
939
831
0
819
0
14
141179
0
111
66264
9828
0
225747
2281
96382
719
33441
177
0
0
0
0
1000
0
0
0
104
0
0
60117
369
0
0
176363
0
0
181687
0
0
47314
0
431
0
0
0
959
0
0
183801
570
0
0
0
893
54332
0
0
0
0
73
22364
223565
0
45623
488
721
0
152803
522
220188
90917
0
0
0
0
196234
560
0
51148
15076
188010
0
0
0
0
410
0
121676
0
28
0
48258
0
171
173426
0
0
0
0
0
0
460
125266
491
0
241999
447
0
640
203011
207638
182485
947
0
652
0
0
0
0
32638
742
103204
230800
0
88969
625
0
222666
126
0
160287
0
71085
181794
214491
0
473
0
0
224
0
0
0
231
0
0
170911
0
39
123346
186367
0
0
664
0
0
455
216472
444
961
0
245
0
207543
160683
466
156466
0
660
771
10900
235566
139
0
0
86291
257098
0
66188
63294
960
221484
75734
194
0
0
150758
0
235913
207565
257165
0
639
269441
152121
0
0
690
241682
0
0
112304
0
0
0
2727
177369
0
0
0
124204
917
0
58495
40666
0
92
0
33651
0
79
77955
0
342
232607
0
0
0
0
0
155037
0
0
0
655
26
0
0
0
301
0
0
65163
51054
0
0
0
0
0
54917
0
0
0
788
195201
215116
0
0
18612
3052
223809
260546
0
482
82223
170650
226990
687
0
125876
224194
253413
202854
0
260186
729
0
189
0
0
811
0
0
178973
0
188674
238
20020
0
0
0
0
219451
302
0
0
0
0
143014
0
132431
0
0
0
11051
0
227
385
0
0
32545
711
0
105
180256
2178
281881
0
0
0
0
0
0
3602
0
147960
0
0
0
0
0
122242
265345
67
181701
0
0
90622
0
0
0
275458
300754
58
191581
0
0
11
421
0
136381
281613
274994
0
217503
0
61067
0
3929
0
0
0
0
0
60924
0
136608
0
439
0
0
0
0
666
0
0
223448
855
0
0
201
219343
116701
784
933
0
0
54041
0
189988
0
0
0
679
245446
0
112681
0
0
214080
97
111620
0
0
0
0
607
6730
286722
216994
760
0
7851
0
42
0
148563
0
156490
188109
0
942
0
0
0
0
227311
0
0
225170
0
0
0
266601
33468
0
94467
129495
686
93644
344
700
0
138889
190399
125037
0
285866
0
206178
79
0
0
0
0
136002
0
248298
0
230644
0
0
0
0
307558
0
307997
279136
0
135258
0
40002
0
0
0
48651
44274
313
972
0
0
0
0
143556
786
0
0
6185
553
0
0
0
0
423
156741
40
116948
0
154956
936
146859
188674
0
0
285782
23902
0
225125
864
133286
0
5310
0
313801
209
0
193007
0
50
0
0
0
294350
0
0
0
443
78165
0
217201
0
114771
1270
0
0
241794
0
0
261526
0
0
0
0
0
0
229
0
264541
218423
220679
101512
0
145004
12818
0
806
90431
0
0
5963
0
0
145362
0
562
2863
0
0
0
386
0
0
0
0
0
0
218643
42635
164991
0
0
770
0
145710
0
0
251
267290
238302
0
987
0
22790
0
0
0
46802
0
0
59891
235046
0
0
0
0
91234
169
555
0
0
0
773
0
261968
0
293585
646
0
0
957
0
840
0
261675
0
237902
0
0
268664
208979
0
831
0
9904
8425
0
85385
0
180660
0
46748
0
0
299593
0
0
138
0
0
0
0
0
0
693
0
0
0
0
230
0
404
254762
394
759
197315
0
341972
0
0
0
0
0
0
88346
535
0
0
288
0
239079
66108
0
0
0
34681
250032
0
215769
0
30962
73385
0
0
0
67844
334842
6235
124284
316449
22614
0
46805
350961
0
298523
740
430
0
83948
323512
335687
257611
959
0
0
228083
0
0
0
0
168902
136106
67299
254393
0
453
655
182999
1423
400
0
274394
256
0
0
35410
435
121175
85
58391
342074
0
0
267205
25252
877
0
0
0
348883
167794
0
0
0
0
0
0
238247
229624
98657
0
0
0
0
359158
0
387101
0
233505
296660
0
0
106042
0
0
0
0
302
0
0
12605
142347
0
163
224441
0
0
225744
472
392554
234
248
0
0
893
0
0
0
0
0
207331
0
364371
0
58753
22
0
0
0
167565
61999
51
870
0
172338
0
0
34
31343
0
0
74066
297370
0
126068
0
0
22
54391
649
241491
0
239414
0
204350
296576
0
198448
0
0
659
0
278835
0
391015
279131
350889
15842
348
0
0
0
0
115488
0
524
0
0
155473
0
0
0
0
0
0
0
125667
0
265
44
223
380336
261818
0
0
0
6008
187204
331312
208983
597
0
198042
0
246976
0
315275
0
788
421
0
95715
0
947
0
142317
61392
952
0
0
511
0
0
0
28155
313817
0
0
0
0
300
0
205721
0
0
0
0
305004
225044
0
0
0
0
60249
0
415740
357239
486
44
39130
0
432253
0
184532
241653
402826
337
239270
186445
0
0
401
0
0
0
0
0
189663
0
0
0
0
0
644
0
151
258766
0
0
339633
209945
0
0
0
343544
0
0
0
192261
322
0
100428
58401
23607
0
0
396235
0
214065
0
0
20352
0
0
0
473
0
325463
0
288763
221264
0
0
0
432052
0
483
0
0
332952
0
693
0
0
0
668
0
368
0
0
198954
0
0
0
0
0
223259
0
214904
106040
226631
0
157547
867
218818
392893
276302
286202
0
0
238263
0
381870
367597
0
296562
280094
16738
0
864
324603
0
0
159274
353705
0
0
0
589
0
0
464
437950
0
163713
69217
0
247667
976
0
0
436040
0
42
900
283454
0
393339
137760
0
0
0
279524
735
0
0
0
375176
0
218
0
0
0
0
439938
0
280403
175418
445415
0
0
66978
0
0
613
0
0
0
0
0
0
0
273612
0
182271
0
108031
446779
0
564
0
0
177881
312319
259238
0
947
211810
0
0
77944
162134
372126
0
0
361721
0
0
0
419544
415707
0
0
0
0
754
196932
32716
146869
0
0
94258
0
0
0
0
128517
0
105
0
0
0
297
196167
0
0
403818
0
0
0
0
87204
0
74192
290584
0
335325
0
684
0
0
0
0
0
341662
372022
409780
44332
417209
152601
0
346535
0
252705
476029
0
0
396116
476925
0
0
0
100
395249
19250
0
0
0
0
829
0
138
410817
0
0
0
203928
0
0
0
0
86966
387890
514861
279704
0
873
457410
403752
338353
435859
0
120
518458
135887
305963
160115
797
0
218408
128193
520566
0
0
252922
0
0
883
0
0
0
365575
0
296127
0
350147
487251
0
311804
0
20395
476571
0
21348
198826
0
0
0
0
0
0
0
0
141258
32108
39157
355702
55
492
201621
0
495067
0
357115
0
163910
98
454296
0
151579
368810
0
0
366312
449986
0
865
624
0
0
375483
0
388988
242
311579
0
337392
163669
382843
0
26770
0
402904
0
73549
145324
0
0
0
0
252866
0
139273
444890
0
100641
315661
58656
0
0
209357
0
19321
647
616
0
0
25691
481873
272358
42515
0
468346
0
966
432300
507203
393038
246473
162359
244051
0
0
0
363388
0
0
663
348262
0
0
15026
0
0
141599
455098
256
0
390942
0
0
0
551517
311568
575
381838
0
391
148492
0
0
0
432439
0
259352
309850
0
0
0
0
0
465715
0
561
0
41735
0
453913
504205
566680
458661
448639
0
346164
311899
372876
0
8512
50003
533312
625
0
484459
254707
0
0
447744
0
202485
0
338008
192258
526334
0
195934
0
0
0
0
140870
284437
0
188887
187028
316228
382059
71920
123883
406998
0
0
0
0
252756
446
0
0
0
0
45703
341785
0
0
522729
0
209931
0
0
0
299395
448115
0
432
372432
490339
0
0
0
71257
165603
117445
0
0
130109
0
0
80468
493420
0
464067
0
0
447777
0
67183
293684
66227
73772
135856
304804
0
0
0
0
359371
953
0
524152
0
0
0
352537
183108
557451
0
705
0
0
570634
0
176278
0
864
0
503864
687
548359
82
0
0
162445
0
115
0
360983
0
569469
226527
0
189372
899
13677
523522
435
0
277043
7062
289064
60332
0
0
226674
0
0
405552
367497
898
0
463968
0
461059
0
584753
0
482311
0
0
453812
0
0
378989
76877
448677
0
2
0
0
124839
0
0
478944
257858
0
903
564042
0
393237
0
0
0
276
0
536
0
161419
0
0
0
0
250541
0
0
0
0
0
275524
36601
0
201515
345196
0
341379
439384
0
915
0
0
0
0
0
0
366711
0
597483
0
361718
0
180884
0
0
115365
453636
297
198080
316450
0
0
0
0
0
0
600746
0
291725
426337
0
0
381179
0
197834
393508
587679
0
589656
0
0
0
0
211041
0
0
661
388981
444311
228086
419519
0
0
703
0
0
0
0
302
0
308099
0
188076
61
0
0
143893
659
53519
571106
600608
0
342374
0
625799
293195
0
0
337863
0
189732
0
0
0
223553
374
0
609090
86729
0
0
272404
601411
0
0
475476
0
0
0
529033
0
0
46815
319547
448
0
0
3569
231985
492277
0
246447
0
221349
37837
478492
402028
0
91788
563183
470245
119732
489101
0
287826
634098
0
218893
0
0
0
260
524006
10592
0
603233
0
89
0
0
459
0
0
232358
0
0
0
0
235539
0
0
496915
0
0
309
0
364707
382470
0
0
22070
0
0
62706
0
0
0
0
573773
0
108430
0
286721
495517
401642
0
0
116014
253320
377743
131
485598
439674
0
494607
501498
4363
0
0
0
16214
562
0
0
0
246816
342413
0
285344
0
0
602165
0
0
467670
0
468088
527677
79849
236335
0
0
366203
0
475450
228
610
193019
538842
121871
517166
3002
416644
0
321839
0
275434
245709
128
922
0
0
420747
597282
0
109
0
0
166566
0
0
580
678971
608773
0
668116
0
0
489118
104239
642722
113
348984
641947
640658
528
0
689
296362
114
0
656607
610173
0
0
32805
0
315048
615
620297
112134
0
279484
550
0
948
0
0
572
0
0
40921
224291
41330
645942
471003
0
0
0
175325
0
557439
0
0
230335
423292
0
645890
408515
347878
116038
0
330756
0
378510
77656
0
172559
115303
14873
354081
0
0
624608
553132
0
0
0
0
0
0
45004
622228
134318
876
0
0
0
0
0
325
0
898
0
0
0
308020
0
0
561536
237
0
143241
608055
0
0
0
494644
0
304742
0
0
246833
0
381652
0
38643
0
443181
502051
0
590024
663446
192892
385
201220
0
0
0
0
0
451773
0
461
0
349644
463854
424027
385192
306591
0
654214
169055
647
0
342712
670
392
0
593302
0
0
525
0
0
792
0
0
95883
0
0
519998
626
0
301582
0
0
0
0
0
250185
423901
0
0
367355
0
674223
386874
349500
446551
199286
465812
992
0
328
0
0
0
0
302026
268699
0
955
0
0
0
0
308811
0
261155
408265
0
0
0
0
0
0
0
0
701405
0
422
441738
0
166929
145889
0
0
141788
336
900
0
0
0
532346
759
56
703
0
0
0
0
0
0
0
650098
454975
0
0
701266
39188
0
0
73215
0
115982
159162
302419
311575
0
644629
0
636256
588
0
659152
0
606993
0
150061
0
105607
469373
0
0
553473
729769
585367
170994
319219
0
689093
0
0
343045
0
30106
123980
0
0
6628
0
0
0
672980
0
0
7799
798
0
0
0
0
305
510922
490
0
0
0
0
0
0
0
78
407050
275183
0
10346
0
179973
0
659053
0
476686
0
606358
27531
0
526410
423
0
187
167472
0
31496
743297
47
453948
477675
0
352852
622760
0
138470
560830
0
0
634057
0
0
189611
411171
0
0
0
0
0
0
0
0
148236
0
181234
547775
860
761106
0
614771
0
0
896
268
0
641836
0
340439
0
641878
471474
557693
0
0
618
0
590271
0
0
10045
0
0
0
0
308832
524896
0
193360
250
354
0
0
0
0
731199
0
0
752200
0
728805
0
0
191417
0
0
620
0
0
303368
416389
0
0
0
414921
222563
0
0
387202
102880
0
0
0
0
484276
0
478
0
0
537
0
0
607882
0
698055
740026
0
0
0
572912
0
358899
298916
222187
0
365302
0
0
0
619
527295
191565
510466
0
0
0
339
0
772
541013
0
0
0
171540
0
635
558
0
206411
236911
0
65973
0
739849
0
0
331616
0
466979
224507
123402
0
223645
0
672800
0
0
435005
95171
640728
489941
0
439153
0
0
851
774339
0
669010
205292
0
173390
0
291288
0
0
361953
0
567408
0
666697
69546
0
0
372604
585
749844
0
0
0
488
298409
0
0
0
388593
498988
141722
760420
10345
253142
0
781809
179276
26690
582976
0
262145
0
0
0
0
775
0
712171
275
473026
0
189384
0
289861
300168
0
0
298939
293823
802892
0
0
0
0
247688
0
629799
572621
0
960
277935
787022
704147
0
840
0
686
32639
440
0
308547
0
275079
819439
795794
0
336515
350643
525422
187101
0
266
0
0
31365
655264
0
0
753
0
637416
0
0
0
683398
281120
0
0
525979
0
585146
443828
0
0
411411
0
564292
60536
226356
241730
0
0
928
0
659782
0
738817
362433
204509
0
267161
104979
76113
0
232189
0
0
0
153844
0
282224
0
261
424562
0
0
0
0
0
0
284437
0
0
0
0
372432
3619
198824
0
0
0
0
597
696856
154099
464212
0
602394
0
761
0
0
681955
0
653185
15484
747932
0
0
182177
0
0
0
421700
539264
0
0
0
558189
0
0
470918
129861
0
0
0
0
0
835470
159390
40216
116516
138770
0
380643
0
211
4828
637273
0
0
0
289020
0
501
839
300022
0
694587
380648
857209
562219
0
843
334375
774409
771336
544081
344676
0
0
0
0
0
0
0
0
176
0
0
209201
0
0
0
542017
0
406421
47168
0
0
18914
0
0
420978
0
705470
800477
0
0
222
0
525122
469957
0
0
401954
0
0
0
282718
0
0
210733
299
0
0
0
597320
338
0
841827
0
0
0
637
41112
0
434483
0
98
0
493220
0
0
0
0
0
0
204
751010
322420
0
660342
0
0
0
654555
782929
71225
204384
0
0
0
149051
148436
246642
0
288442
257168
310178
0
219570
410580
0
543843
545238
452033
889186
488910
140841
0
0
0
497
630490
0
940
236664
0
652887
701
60575
876200
0
0
0
638778
123675
383809
476683
0
0
31190
0
0
0
315352
753875
0
0
519250
0
0
852837
0
0
607034
857651
391
134072
0
232842
920
0
515521
320788
295179
877651
0
0
0
200909
0
548345
0
0
0
557
722151
762139
248431
0
431362
0
755801
0
0
0
0
0
0
0
0
336
0
0
841
644326
0
0
988
700811
238827
485767
115768
235506
0
881306
917964
867074
0
645
0
0
521736
108784
0
674418
0
668273
4377
0
0
108834
0
694149
0
898569
0
0
855794
0
565215
557874
0
0
0
69879
384104
0
471
820860
0
0
95245
637553
0
113
0
593700
938
0
0
0
0
0
0
725301
0
0
865380
191360
865370
0
261758
836169
0
595573
683914
0
0
380898
150
231879
0
888
0
767
0
226806
259423
88
0
0
384381
665726
184217
0
540083
885755
0
610360
0
634217
0
327504
886
0
0
669469
25722
0
0
0
0
0
0
0
0
0
0
0
0
46280
0
0
294
491498
85
0
523
393626
0
0
65239
0
609844
0
432244
668683
0
0
0
946164
0
920208
382598
0
393473
463423
0
0
0
0
0
0
244817
0
808
805971
0
300705
502151
0
106321
753716
0
0
0
0
0
914656
592320
923851
0
0
782932
0
0
0
0
0
389244
0
825453
0
598428
0
748904
808371
896274
0
0
31710
287910
855
121247
0
731026
60469
0
939558
0
714247
0
0
0
161
0
0
885133
673566
671883
0
0
219
0
455767
26941
0
825258
432497
0
523655
0
0
0
0
0
0
0
0
93265
0
0
338008
383979
0
560601
0
584411
857289
0
0
0
0
643859
0
362461
0
0
119532
0
325360
903653
0
473814
0
191
0
794345
0
755291
0
553306
622561
929985
0
0
356157
0
0
0
0
0
912498
907207
0
0
915455
0
0
684
606892
501
781910
772401
0
876764
288920
566082
0
137416
782166
929
12
630980
913154
608530
487428
794463
251860
0
447
624547
100136
0
0
0
614623
0
0
723014
0
355
880148
0
759697
0
0
590195
0
253476
135986
737066
0
0
0
0
0
621976
0
0
0
574457
0
277088
106686
799
499507
0
0
425
765240
163615
590207
0
5513
469654
603
0
619
625856
0
0
643470
43
0
32258
488205
0
906331
708421
0
0
0
498238
302380
96385
370
0
0
729410
0
0
51516
0
850616
889150
796339
0
0
560565
0
464043
470519
855
0
852327
125707
0
901953
0
83936
685001
0
283300
351880
675328
676465
0
0
0
747809
750209
897536
666757
0
843482
0
0
721696
0
959105
367
861998
417218
495490
0
0
0
132002
0
774676
0
0
510379
0
306746
0
0
261482
597400
141031
806
250693
0
357
311
0
652905
48739
0
764
0
594294
365145
0
6250
636931
384896
0
0
823582
0
831465
934723
0
263454
822393
821745
757551
0
0
0
758236
0
136448
674976
509794
941223
287326
0
0
813
471679
774090
0
312969
0
0
0
0
0
734753
715702
0
220676
640
0
257746
682493
716
0
885427
706699
0
905406
757
747716
0
0
828119
498696
0
0
277615
445817
0
927198
0
168808
0
815
0
762307
0
463564
0
0
0
0
555072
0
798
632232
0
9
772000
0
709143
927447
898743
0
524753
99488
157641
345417
0
39942
824354
376678
828386
0
0
978189
0
0
474692
70503
0
19703
620263
0
0
0
0
809410
711741
0
0
0
0
710142
0
879195
919
0
0
0
293943
217281
0
0
371481
0
0
932648
135774
0
462406
0
647841
840
122742
809893
265609
120617
867470
672383
613
902978
0
0
831
183205
852
0
0
149503
0
0
0
981199
0
849625
387877
985380
5
890
0
0
26707
273
224998
52697
0
920060
594887
0
917013
630839
958041
435568
668678
0
338629
552917
578295
956833
0
0
0
0
0
630688
14769
734
0
628
358561
0
504074
0
470
0
684837
0
165156
0
0
436610
0
943494
0
0
883882
0
0
0
0
0
624591
482273
925070
0
287
40349
497661
973545
0
102590
0
312473
338732
0
0
821430
0
0
0
922278
0
1021999
713065
0
0
376167
0
807363
306
0
815590
0
0
697
0
0
674806
900252
418417
0
0
0
0
0
818
0
0
0
0
384
0
270231
745083
480607
307956
18248
0
797822
712
0
1011773
0
776292
184
0
103382
0
177102
0
0
675189
953649
216
0
699
1067555
586357
924357
0
987039
0
689630
0
0
1078631
763070
0
0
365355
0
0
0
0
0
90243
0
1035228
907140
0
0
0
0
921
0
0
0
0
3025
0
746177
971182
0
426393
0
0
804128
0
0
834835
301609
0
932471
287321
0
42015
0
801924
234424
0
0
556392
0
0
0
0
0
0
10
0
0
916600
0
142654
443
0
756
702865
0
0
0
0
0
159832
725578
946347
0
0
358678
0
0
0
0
0
720098
0
0
706193
930108
243
0
0
1067549
0
0
171468
708345
0
0
0
0
0
652
0
0
0
994323
510887
0
818
0
666720
937
0
420233
0
0
496178
221222
0
0
773261
319
0
0
0
942
0
509856
971
542
349314
0
0
3806
0
1075466
1101004
0
433
584
324131
271070
0
0
0
143
0
0
1014096
0
485453
0
0
750634
0
0
0
524128
247
1086424
0
0
0
275299
611651
1019370
795
784145
0
223491
0
511
0
681091
654
0
420946
0
859
0
0
828780
991301
17118
345003
0
0
953827
908117
510821
707321
999510
0
0
0
261481
0
0
0
0
566337
723823
0
0
0
134
919158
0
0
550457
927900
0
0
404
747152
0
555544
0
1078362
0
988619
599241
1115745
420331
553034
0
754
315468
0
0
0
540901
0
0
0
1093572
0
0
984793
0
0
0
97082
745
1121425
0
0
288652
716199
0
244116
0
0
0
83
697252
332597
0
1094532
948517
0
684887
0
0
0
554996
0
0
0
1017149
0
739497
334727
0
0
0
1059295
28453
0
973327
0
0
0
476017
0
908131
0
434513
0
0
0
0
678634
909668
0
0
0
470
0
826139
0
59324
5476
0
0
93534
424583
0
1012242
325
0
214855
0
915868
1155147
911
0
891873
0
0
0
0
931861
0
0
223807
0
0
0
0
0
32
1092063
167
0
928
346657
0
1120630
577700
0
1047838
285054
0
900024
587806
166415
0
0
1166820
506
0
0
893168
0
1125794
639115
0
852073
1021244
348070
0
191917
1057109
965019
1029935
55489
473490
478
294003
1099326
309837
0
0
657373
0
0
0
0
789539
1125899
0
0
172703
496
84748
1042400
648338
905672
699906
1138558
0
0
187704
0
0
0
936318
50096
632673
753339
623983
0
0
390
0
52366
0
0
625
0
21745
0
0
0
0
0
0
350310
0
1147246
0
472642
1170012
0
374266
0
771137
1088422
0
795609
0
602471
1061584
0
0
175
0
840532
0
0
0
0
0
0
0
0
0
210692
0
0
612041
0
1052432
0
892387
228111
405493
295081
0
901393
0
569860
975026
0
0
440236
0
7496
947853
0
54233
637763
933213
1119752
896
0
361696
923
595512
628162
0
0
612921
0
0
364340
923
0
1128214
179
0
170578
591
0
0
0
0
0
857501
1014121
0
145517
1164133
38305
142
1140579
0
0
165039
1208674
913906
0
144622
0
883908
719706
0
0
0
681825
471945
0
406204
466139
0
0
0
0
1019812
133012
1040382
561
0
206404
998906
788859
0
0
1167524
17136
1007505
0
0
0
0
667781
1198332
0
0
29104
0
0
0
0
0
1123083
0
0
187
0
895298
0
900224
0
328717
0
0
0
737275
0
608422
0
537
0
0
893732
46677
0
962875
826
0
0
0
757490
0
890923
0
1106957
0
686607
0
417
0
417421
817
487090
0
12200
0
487549
0
0
1072058
0
0
1109354
0
279
1091933
0
0
0
607166
416142
0
19440
0
0
0
795810
425
0
0
1154551
830539
0
620
688
0
978
1058582
1108055
0
376392
637746
0
516457
0
0
0
0
70256
0
334659
208857
629250
0
0
370244
0
822879
0
1181521
0
772083
963697
1208453
0
0
0
958116
0
0
26918
73
0
761202
0
804929
0
976426
0
0
0
409
249153
0
0
0
0
1011864
0
0
95857
1077721
20
0
0
62942
0
0
937804
0
0
0
0
0
479435
1030862
231057
1037568
1240636
0
300
479342
349428
61300
0
639741
1248230
0
87450
0
0
0
0
0
851968
0
0
0
0
233786
709760
143
982597
738520
428
0
0
1125005
946065
1003572
0
0
1195822
0
498373
0
1046319
0
501053
0
165983
657102
671548
1170427
0
0
0
0
0
1167135
172736
0
818
738825
0
0
1168420
1057917
108099
1234078
0
247564
615
0
1077451
0
1121095
0
811740
1126691
583466
0
9805
1087512
0
0
1125677
265
797785
1165977
647751
0
0
1074941
1203369
0
0
36
0
309982
642494
331823
0
1195225
0
82970
418488
557
889382
0
895841
1105542
0
0
997132
0
874983
852753
0
0
1150140
1199003
894960
0
0
1105268
0
1139908
1124462
0
0
1225773
0
161376
1264399
123924
319
0
0
192261
0
0
845
0
1115559
1092868
715529
0
0
0
732
0
0
0
0
0
0
1060608
483467
1049947
0
963770
0
78899
903
1136394
1225279
1122521
908198
950950
747495
625434
825547
41504
587272
0
0
627907
113306
44
671732
481
1214276
0
541952
61443
742068
0
0
273
0
0
154400
1141187
0
1097792
999747
145007
0
62349
0
498
1185447
1170541
165433
106
0
0
0
0
786522
645903
786726
0
1277065
0
129609
1299386
516587
0
1124844
0
0
468142
0
1032529
777642
0
0
0
773913
1096040
0
0
68765
0
322
0
1116061
0
0
41402
0
0
504674
0
0
814229
0
857352
0
663312
212697
1150941
273025
772543
0
0
0
0
41775
481950
0
2593
991532
0
76
594113
223032
0
298
0
312899
1315603
854511
54018
0
0
0
0
826540
61193
1260542
0
903064
0
650852
340890
792355
752
0
755317
406731
1322160
1135120
1255985
1312564
73837
505265
0
838393
256325
0
1141233
997785
1202164
0
1137181
0
1191294
1247159
0
467660
280979
0
1132173
0
239465
0
589
473319
861
0
0
1121031
42
64808
1008691
0
263
0
185663
702
0
537939
0
755075
0
514
0
507140
0
876690
93098
0
0
738707
0
0
31903
1210852
0
0
176
1139311
0
0
0
974426
732697
953108
914132
1322570
0
345320
702257
309780
0
0
36385
1106078
260420
1340706
1288591
1081748
0
0
935728
1344199
337720
1018110
0
0
1047375
0
0
0
308448
321466
0
738158
0
0
353516
855
280115
0
1256109
0
984
0
1345641
0
0
1358506
0
0
170838
1348822
778400
0
0
1113219
903468
0
489166
1116672
918777
840
0
0
0
253433
1070526
770801
784771
0
986825
741984
0
0
890811
0
1057832
0
941927
773866
1260810
1058773
1368423
0
1380435
0
595
287167
0
1105064
237528
474362
0
0
1347197
1211745
1329064
1163490
0
755646
0
0
1325668
0
0
0
668206
1345282
0
0
319
693
0
1280353
631066
372429
733929
362102
1285720
803998
0
0
668349
0
214312
0
0
0
1247445
0
466168
0
949
0
0
1110147
0
691315
0
0
0
0
0
0
0
903855
0
0
1035355
1321443
0
0
0
0
1023973
0
1182408
0
0
1336781
0
578
945338
0
1013652
354629
555
0
0
583866
0
620634
1081438
230957
0
0
978
296
154358
0
0
0
583761
806072
0
1145522
748199
632694
760
0
261579
0
0
0
169
1174460
0
0
0
888652
0
0
0
1317141
0
22
1218247
203445
324086
0
0
1387405
783484
0
0
0
359462
0
0
0
853
0
1356404
0
0
1140852
0
0
223286
0
1267190
0
994371
549618
0
0
0
161005
0
1180256
0
1036508
0
629616
0
0
374230
0
87871
466204
913
0
1044037
991235
0
0
0
0
1278123
201663
1413964
0
0
0
0
0
0
145007
516620
1311887
1106944
0
0
703272
0
0
0
0
1268016
0
956
0
0
564104
0
1412971
241375
476219
723336
0
0
725
0
0
0
0
0
0
0
0
0
1389964
914711
1327324
1348696
0
0
0
98
0
0
92790
1192111
972051
560099
1300621
0
1018666
0
0
1236261
1176172
0
0
137664
0
189149
0
0
0
831167
0
0
0
291926
698635
0
584650
0
117
1171638
0
0
0
0
713221
0
605226
1394790
0
0
617091
0
834820
0
0
0
1441450
797304
0
342043
0
0
958
0
987545
0
74066
0
1442292
0
30046
405
0
0
821313
0
646929
1164729
385068
0
574905
748543
127467
1247897
0
1095892
807
741193
644
0
1265700
171847
0
0
0
0
0
0
18088
0
1015201
1142299
0
0
715793
0
1372391
0
0
0
689744
247454
425553
0
0
0
899371
40535
1016300
0
1388269
0
379017
0
0
0
324659
356
1336181
475
894052
0
957344
0
1369295
0
1336323
1053700
394135
1193028
0
1360041
0
0
1039270
1449980
0
0
0
0
0
432170
426698
0
293645
0
0
0
277246
0
0
0
1279741
0
1178030
289328
0
0
0
471
393344
1203135
0
256
1381109
636
970313
0
0
0
0
287173
0
0
914125
0
362782
0
891642
0
1429488
0
0
968671
623844
514
967519
0
890
139482
936425
985740
0
0
891116
0
271560
0
232049
1387555
1078322
0
1351751
1062966
1278137
0
26
0
652676
1157775
0
280997
0
0
0
987169
0
0
0
1214143
675080
0
1447814
1187170
0
1326391
118
0
993495
0
0
393
818063
0
177997
14660
1096162
181317
0
0
713303
894459
762758
798285
1172309
548088
1069536
951661
799089
779189
0
512
69300
0
863
0
1292477
0
0
0
45391
578370
0
699506
620928
1380371
0
529842
0
526
0
1162136
1390409
1200293
433832
0
1356430
556973
340
0
0
193356
0
0
576782
0
1111037
536526
893344
0
0
384030
882051
593
1286618
1311912
0
573283
475886
760159
0
1437494
823977
0
0
0
0
1477125
244122
0
345854
0
1377178
0
0
775965
153780
0
0
487677
594649
0
0
899295
0
0
0
1078923
0
1062999
0
1343531
229227
0
694
0
0
0
1351193
1147093
1285114
0
0
0
398612
978428
0
28
1451804
0
739219
534700
0
1013958
485044
0
0
748734
256960
1209006
0
0
704532
17519
98145
0
0
389
179327
1522060
0
351366
0
0
0
0
0
883595
306922
0
0
0
0
0
698564
50874
915287
399733
0
839011
0
0
1183698
0
0
0
0
1190644
208
538392
0
0
1522936
336074
0
1215959
1413031
66758
0
91998
744505
1495717
1361738
1323697
560470
851217
373
0
0
921
1374676
860520
0
0
0
933209
602
0
1342779
1409364
0
185
50425
1362807
0
0
1136468
1196367
101625
710250
0
988254
0
0
0
0
387485
0
752149
0
1328926
0
0
0
0
1449034
0
0
0
362053
1015489
301870
0
360109
865340
671579
0
828074
0
400333
0
281
414454
807505
390
1248233
1090095
0
1173802
689951
193230
0
0
0
0
0
0
1329459
0
0
0
0
0
1581643
213127
0
0
917884
0
757770
0
1558273
0
0
794595
0
0
0
1293975
0
0
1098200
1357488
0
0
913309
843
1558029
336100
0
0
988454
0
94771
0
777277
383739
0
1231355
1410341
0
715055
0
301947
0
0
0
1281705
0
1503929
1072960
463342
1274281
1239908
0
0
0
0
0
782012
279990
1531329
338
906072
0
22123
0
0
766268
460454
0
0
0
0
1520219
0
0
578221
0
306431
0
0
1343083
312219
828834
0
960143
0
0
347
0
0
0
10373
0
198721
1263006
0
1093697
148200
1394396
1103026
336649
1295642
0
0
0
0
126684
0
903
677
0
1265199
0
878345
1434063
1024647
696810
870422
0
1222388
0
0
401
0
516324
398751
948516
0
1559044
0
1174562
0
0
0
0
1013502
0
0
581
0
1531382
0
0
767
413925
0
1210957
0
1281734
587356
648158
0
178226
1491113
0
0
1227570
28
957539
0
1145951
1250803
1298090
0
32267
0
0
1561146
1558093
446399
0
214
0
0
885852
0
893427
1549391
0
0
1041246
1345879
0
1500142
1220092
0
1583260
0
1244495
0
0
1315229
0
0
0
0
621
1371527
0
0
138059
1418696
0
0
991202
1501521
0
0
0
1132570
1157950
0
1327329
0
0
90
421
0
1608412
1426612
0
0
0
151919
0
0
0
0
0
297538
0
1426148
0
0
668198
1050604
663
0
0
0
0
0
0
257032
0
0
708552
810207
338
0
0
0
0
0
5331
0
0
1190350
466623
455
0
0
0
1312000
52696
0
0
179
0
475888
1041350
0
19129
0
0
0
0
0
875053
0
0
0
0
0
0
0
800271
0
1457188
80
1180631
0
0
149102
696556
568620
1239532
721437
0
239803
1550722
1037398
380668
1148856
0
1559153
1203290
1278388
0
0
0
0
0
0
360
684979
547
0
0
807316
584986
0
1140365
1554989
1549706
1020224
879568
247117
0
0
1548869
689178
0
313441
0
703201
1282201
0
758964
0
0
1087565
0
0
384317
1600744
704158
0
0
0
945991
0
1103808
974478
0
1641205
0
936755
362959
0
0
1044452
0
517515
0
1565519
974764
1254833
0
0
0
0
322334
0
28278
1552390
470814
642417
0
0
1343430
169902
0
0
459667
1140062
0
0
0
1189960
0
0
0
590714
853483
1155680
0
1039071
45531
1605088
202719
1634840
0
1555355
0
186351
571609
452
0
0
394295
1629538
0
270
1070805
562
0
0
633925
230
947743
192
0
0
984435
1327432
0
0
497986
0
0
0
0
754816
1450692
0
758825
283
0
367522
0
806524
190312
0
0
99436
1046968
1654315
0
0
0
0
1191403
1520367
1616624
995658
645427
1457375
23419
317835
0
1267788
0
1669275
0
0
0
399747
0
0
629223
837136
0
0
662565
0
1373433
0
0
1578725
772592
0
1557716
0
0
0
0
107196
0
0
0
0
124583
310151
1543972
0
0
0
0
0
0
1629104
0
586392
0
1355535
0
0
1641178
0
389938
1457584
0
1122464
818429
604638
929244
0
247997
0
0
1605999
804974
0
0
1327259
0
0
51984
0
0
1191117
0
0
0
0
0
560752
852
0
1577528
437152
0
1067485
351
0
607135
1550203
862
0
0
0
0
1601773
221564
891328
0
960464
0
0
0
226230
586846
123806
1529811
0
1400139
1490170
56215
1526413
0
74880
492130
0
1172682
428
0
0
0
0
833750
0
0
0
0
423330
0
1304552
619587
102
776332
0
0
0
0
523483
1558017
0
694853
362674
0
0
0
0
729688
521879
0
0
16185
0
1303316
1383597
1238399
1525648
0
1602497
642477
0
0
0
0
0
0
0
1455477
0
0
0
1294054
0
607873
0
0
0
127682
1403393
0
1030810
1643303
0
201933
0
0
44366
48914
0
0
49
0
0
1473954
1212229
0
462700
0
203294
0
13228
634
0
328166
1315571
0
304369
0
61717
730321
0
544577
960780
975
0
1661208
0
0
0
231504
0
0
695626
245549
1604663
0
0
0
506418
1061277
0
0
354113
700
0
1621494
396
1193039
0
0
0
950494
0
0
330112
0
0
0
1062977
1342493
754958
1633886
384
61030
1573591
65531
1556083
0
460695
0
0
1510164
0
819270
0
708018
878878
1138675
0
575814
245198
1418436
1244398
0
0
822
0
0
0
1665935
1632976
0
1095376
0
1722964
0
0
1190744
0
1666054
415021
9449
39
1447087
1674409
0
1665008
541781
1707700
0
469441
1509613
1156943
0
854571
0
403606
979996
67675
680775
0
120
0
903101
697297
0
1533906
1246216
1378582
0
1490622
0
758142
0
0
1588799
1375228
1461375
237754
303223
277048
0
0
561950
84595
0
622844
372510
300156
61503
1677208
0
868460
0
0
0
0
1689334
1640156
0
1519696
1612470
1623141
0
0
0
0
0
0
0
1564201
0
328463
547068
725
0
0
0
0
0
0
15649
0
1286464
0
0
1371751
1612809
200
1645136
0
0
0
349378
765490
1231578
0
1649110
1512204
455979
160
0
0
513735
555
0
0
763410
257312
0
1167040
0
0
0
0
543166
11940
0
1721138
0
0
0
0
0
0
0
0
0
0
1596881
870674
1344438
1380722
0
704219
1386149
1089853
0
1372530
1451732
1741816
0
0
0
0
753412
521486
0
200396
1600108
1664664
163054
84345
482
1587531
1266750
0
0
1756243
0
1579065
0
618659
0
1436754
1127832
0
81659
0
0
0
434992
966866
845481
0
0
0
0
0
0
0
709879
0
287553
1580235
0
0
0
0
0
0
422338
0
1081950
0
0
305999
715
1452674
313
0
703385
0
776890
0
0
1781722
0
0
637630
209325
716293
1226220
0
1313735
1785694
0
407076
1598623
1646904
0
1636508
0
1461192
0
0
1621080
148178
0
0
0
738
0
0
0
463830
0
1386833
1319160
1004072
0
0
0
0
0
0
1549649
1465020
0
0
620607
1398628
0
1105846
286309
0
1486185
0
0
0
1350661
246142
0
0
1175009
0
0
0
359908
0
0
0
0
604369
0
829025
491
949671
0
0
0
1510496
0
0
0
0
1038815
1600674
0
0
0
1795992
0
0
8
1661160
0
805
0
0
0
1478622
761
117354
17125
0
639793
0
1714235
16843
1524315
0
1724969
697
1269859
0
0
0
1071029
930471
0
1122360
0
0
0
1367726
0
1793647
384316
1757936
1787315
821855
233565
0
0
1080644
1715422
0
0
1559226
1573808
0
0
0
0
0
0
1634789
0
0
0
1459524
0
0
1617033
0
0
0
0
1422457
1739281
1416094
254923
0
0
0
1679993
1505186
949
1446561
6424
1777061
0
0
971249
0
254235
1598299
0
0
1519077
354796
0
0
253227
0
1098961
240814
1472405
0
1066866
0
48308
0
0
986367
708
0
1678185
0
600982
1730996
1558540
1512005
0
0
510278
0
966
0
286442
0
269266
597
0
0
1330869
1310579
209417
0
0
712191
0
0
1326917
0
1114557
1081645
772
980267
1765711
1833176
751653
381617
0
0
0
0
1206174
1769526
0
592
1763621
0
0
0
1598925
829024
931168
0
0
1756764
921785
0
389220
0
0
0
595982
0
138
1538056
707333
137276
0
0
1277911
0
1362937
1729774
0
709071
1605843
0
0
1279482
0
1518898
0
520
0
516790
842316
0
0
1188861
1275482
406549
0
1845980
0
808
589907
0
256
0
517061
348720
0
851357
1177998
0
0
828279
778724
338453
1075857
1850147
1701546
0
0
0
1704843
0
541500
0
0
0
0
0
0
1075198
0
1550246
792
0
0
0
1356401
35298
651396
675946
0
715148
0
0
1813248
0
1826038
0
1731884
0
0
132651
1843310
1624875
0
0
1746324
1113593
0
1162456
0
230016
480
1025705
1067388
1350624
0
0
1491075
0
0
988182
0
414
943
1611662
0
0
0
0
1716201
0
0
0
1665827
1292155
1861503
0
301829
455990
1465353
0
0
68861
2753
229697
0
1234086
0
864143
585
1884119
1009487
0
0
0
0
0
0
0
527
253686
4535
474928
0
315881
0
1516954
919831
1014893
0
753055
1844264
0
972554
570
1631913
0
1294100
0
899610
129621
0
0
480145
1646225
0
52151
1398159
16607
0
0
0
440
0
479
0
0
1585809
0
1849954
1523705
1194692
0
1867239
1121229
267375
0
0
410830
0
348488
1866832
0
0
1600030
272
1542326
0
1840605
1844456
0
0
133573
1334911
340878
0
451571
652563
0
0
0
1268497
0
0
193861
1880951
833966
0
1846676
0
134855
0
0
0
0
0
777105
0
0
0
1293020
75773
0
7
376
0
0
1173028
1585495
1724278
481113
0
0
0
0
0
0
217027
0
760
0
1819567
0
1143196
1600475
0
667301
57273
1068860
0
0
0
0
1918262
0
0
139861
1923515
0
128918
1808079
962
1500240
0
434840
65213
850092
953287
729251
0
710491
0
1642524
1517333
0
0
1832194
1925705
344154
0
0
1473199
271248
851194
0
0
0
1610498
0
1542565
42817
0
79658
0
938103
946998
409908
0
0
0
309121
1608765
0
730151
961939
1758876
0
0
0
0
0
0
0
0
0
0
1191198
0
771253
0
1344961
0
0
1737605
0
1537797
0
0
0
0
1888161
0
1660631
0
207580
1261811
1511778
0
1310838
903219
1849270
0
623943
1334029
859978
1767091
910211
0
1273320
0
771185
0
0
1751330
1048499
1173477
0
0
1811403
559398
0
0
0
834190
1272372
1543224
456491
1323695
0
0
0
0
0
209209
0
0
1783938
0
1365993
0
639765
503486
1928452
0
1401411
0
1902050
1433270
1567725
0
413
674717
967265
0
834582
1044864
0
0
0
456689
0
96
0
0
0
0
1898448
0
0
1421130
0
1889595
129742
0
448168
0
948855
1344942
1164841
1481872
967402
1407630
0
1270428
1947220
330
0
1150920
0
477115
0
0
1944433
0
0
0
0
1329047
0
1891297
1159887
0
345425
1654010
0
1374110
580361
0
0
1415842
949786
507581
0
474590
1391430
0
0
118274
0
927199
1671108
0
639526
892483
707142
1684015
0
0
1928761
1741466
1946374
49217
515744
0
0
745014
1481112
836
0
1658948
186411
710278
1867256
1278382
0
0
0
0
0
0
1916131
0
0
0
0
1727757
475509
0
669510
645224
0
0
821706
1762999
956693
0
373996
748695
1939887
1678370
0
1743279
0
1079710
0
502970
1701834
1297924
0
0
831922
851277
1558116
0
0
843
0
0
0
0
0
0
0
0
585195
1898548
0
0
0
1973458
0
0
1410533
0
0
1896744
1358506
0
0
670485
1955053
0
964363
1536852
0
0
6202
0
419
1298704
0
0
0
1899478
1551367
0
1866937
961908
0
273918
992
908280
1169726
0
971778
1287487
0
129018
0
333063
0
0
0
0
0
0
0
729456
1495368
0
0
0
0
146
1729518
0
1084055
0
0
0
0
933341
1587836
1594142
0
1193179
0
0
1872062
1773369
971713
1750460
0
1183532
0
0
716940
139
992824
0
1846610
418
501382
909971
0
0
0
0
1966483
1334194
1025690
1160968
0
0
177
701342
1867586
0
0
0
0
0
696279
0
0
1827552
424017
0
0
0
197348
0
0
0
0
959890
0
0
625
0
479327
1454171
0
1309719
0
1096327
1515987
0
0
0
0
0
0
1946589
0
367184
405271
310947
0
0
440131
1819576
1898969
412037
1207636
1858019
589011
0
0
0
1190319
70977
0
694090
1158697
0
0
0
1836416
0
1844186
0
0
0
828
1706626
1715717
581689
1504142
1078634
2049299
0
53506
734911
453543
0
945374
0
0
0
1190424
0
0
2035216
1707048
0
0
784752
1937128
975522
1945584
0
0
0
0
0
1855543
812289
128486
550884
1695047
433163
0
0
0
0
0
624735
1572119
0
1714941
1178795
0
0
0
1367180
0
1676039
0
474401
1110132
378432
36709
0
943
0
0
542
0
2007749
1201
849556
0
0
0
0
36697
0
34662
1174763
1594754
0
1828718
1784651
0
1738132
2057931
19997
0
0
0
0
0
473
0
0
0
0
1716469
0
0
1235455
0
1594400
0
0
0
2074756
1288749
0
0
0
0
0
2052340
1833925
955211
0
0
1172603
1327802
0
0
0
0
0
443
2043052
1316155
0
0
916069
1592276
0
0
1678656
933280
437
951
990325
0
1869377
711436
1582555
149460
0
607867
0
1858158
0
0
0
0
2060262
990768
0
1515337
0
0
743015
1292506
0
1335019
0
0
561290
0
0
0
1273344
1618250
83585
0
932150
0
1697948
0
0
2000667
266
0
774769
1948001
113041
0
1473778
0
1689830
856190
0
0
2059310
0
0
0
0
2062318
0
1936805
0
0
1703210
1497596
1755542
578843
1068431
1563666
151
189
0
469
0
0
1870235
370803
2085963
0
1373339
414217
1704928
1722500
0
1272150
0
0
0
0
1418769
1292
1336927
0
1753872
0
0
0
1811180
542473
1214904
0
0
1619563
525444
336818
0
1321993
0
1798081
1283605
1459797
0
1306543
0
532523
1003802
1092063
112274
1340705
169
1800101
1882677
365051
1005134
248213
1740280
0
0
617234
0
1160509
0
0
0
1247470
789256
1643502
877315
1500244
1437473
0
0
0
2075139
0
973740
1167283
1323143
2074167
0
0
1695583
0
726669
0
1171531
415
608418
0
0
0
0
0
0
0
1689920
0
0
1169260
401
344122
0
0
167545
0
0
0
1698750
0
0
1074970
1757169
0
62540
936
0
0
0
0
1953912
0
1996402
0
0
0
96
0
1123467
0
0
2128273
0
1457255
826170
2133480
0
57
0
0
20695
0
529461
548
945305
0
0
67700
0
0
0
0
0
1824007
0
1837394
220236
1837394
365562
1760409
0
0
0
840018
1733959
2045597
0
0
2045151
1944351
0
0
404489
0
0
0
1663241
1604073
0
0
0
0
2112216
1660693
0
2104686
328260
0
0
1642688
1695084
354615
0
979
0
2116766
530667
0
1723356
1517745
0
2049011
0
0
0
0
0
692
0
0
0
1237199
0
319556
1936191
1187965
906607
1502336
2102703
1808421
427747
1931823
47478
125
920665
0
0
1384009
2126258
1784414
0
0
1643116
81361
1651680
1328962
0
1725746
0
299
0
299064
1838571
2123456
0
1969131
0
1526988
0
1806694
1693192
964863
0
2074147
0
0
780225
0
414093
0
2099346
1525744
1948680
0
0
793713
0
0
0
690494
1359548
237594
0
0
0
0
168025
1683863
374230
527655
202754
1481546
2120534
789204
0
1884719
0
0
0
2023966
1843553
0
1881950
1569114
0
0
0
0
2048159
0
1438527
1576223
1700569
581705
61
0
0
0
2026513
0
132348
1839827
1391614
0
0
2187342
1105849
896278
1431273
0
1271238
0
2046864
2149024
0
1291193
1137040
2027986
20626
0
1652301
0
0
1802414
0
883230
2148911
1256652
0
0
1886862
0
504266
2038902
0
0
0
1181137
1092252
0
0
0
1590386
1807523
0
441133
1759502
709002
0
0
0
0
0
1309209
0
988785
0
1833589
0
0
0
0
0
442664
0
1140395
1318720
813675
0
0
0
1167499
0
0
0
0
0
0
1457739
1848597
1400973
0
0
0
99594
2175407
1171437
0
0
0
1996898
0
427890
0
0
1302787
0
1763108
1093141
0
443786
0
0
0
800895
1755786
0
0
1632740
347447
0
0
2098674
955030
0
1704790
1317224
263
0
959
15912
1629823
0
1441833
0
298743
0
0
535410
0
0
194532
0
0
0
0
1952712
1579089
1857724
538332
1879431
0
966746
557853
595319
0
0
0
572020
0
527992
849677
1472433
704468
0
881614
0
0
769695
2199151
801
0
0
0
0
0
952
764570
0
0
2045584
0
2188298
0
332492
2111622
2155154
2147708
2077645
2157509
0
0
0
2040723
126627
0
1846603
1635171
1868392
462765
0
0
951833
462
0
1947432
1361950
78175
541836
0
539947
1954911
1407831
784345
0
0
0
0
517
0
0
570883
0
999
2043470
0
12748
1352044
705652
797819
0
0
0
1360740
0
0
0
0
2019546
0
0
0
0
1981927
569765
617679
0
0
365007
1205949
1080015
18631
810460
0
17254
0
0
0
207508
2018779
0
1948722
0
1223087
2111437
2018730
0
81913
0
0
0
118
1931849
0
2058535
0
332264
920301
0
1730471
1106052
202
0
0
0
1370549
0
0
0
0
0
1506330
1241108
0
272950
0
518686
0
1253205
832031
0
0
0
1802414
1864022
1828228
0
0
0
0
1759427
0
0
0
0
1397359
381867
1756522
983
928504
0
1962178
0
53116
0
0
1822950
1376278
582262
72237
0
957636
2182288
0
1959520
0
37910
817884
0
2242847
2224688
0
0
1637979
1088475
0
1409669
0
0
210814
0
2059378
2055542
1755537
0
685614
0
2187898
810772
0
733021
712702
0
1595437
0
964813
2202263
0
1247258
0
1381901
0
0
1270393
286511
0
1772681
2227925
616034
0
0
0
0
2132565
850727
0
0
0
0
0
2163304
0
0
0
1438194
444462
0
0
86972
0
354
1811922
0
0
73329
1244067
1055766
868088
0
1525752
0
0
96
96339
2127473
0
0
0
0
254980
1937438
2242943
1811294
0
1807777
0
1013699
1264162
615715
0
1827950
2020078
0
0
795476
0
0
0
0
0
0
2143290
0
0
0
107552
1334314
0
555227
0
0
1520210
0
0
0
1004921
0
0
373390
1128032
0
0
325743
1245739
0
0
0
0
0
0
2152047
2188152
0
0
0
0
1761583
0
1249155
0
0
702444
1647812
2293943
0
1121306
1429724
503
137065
0
0
0
1402364
0
0
975013
0
10151
342262
0
279528
0
1436788
0
0
0
2258986
1940959
0
0
1205893
0
244310
0
1881501
2
1103724
175291
0
0
0
0
1213459
0
49
0
1816132
0
1847127
0
247890
0
1799295
1109484
1971453
0
0
324592
0
1815084
2287849
948398
0
0
0
1880712
0
563436
0
0
0
1357304
0
163545
2119700
0
0
0
1845475
729693
0
2170851
0
0
0
456012
660
767490
1263450
0
0
950181
2111792
1692294
1947806
0
0
0
0
1773446
595
2164947
0
337471
1813915
0
0
0
0
0
1957779
765973
0
0
2078268
619720
704
0
772024
747657
878
0
1079955
2092446
0
0
1983245
0
2248591
356344
652403
0
0
112984
0
387
394923
0
2263794
0
435953
1536546
0
656365
0
237806
645207
0
0
0
1556685
0
228
0
0
2095712
1532960
824556
0
0
0
1619763
2030594
0
1135172
25184
1333969
2030213
0
2146230
0
1301351
755
0
0
0
0
595254
0
79747
0
352
1445816
1376670
0
0
2075697
0
1864952
0
0
0
805
725725
1021882
2173648
0
2262909
0
0
1107858
2129649
0
1978842
0
0
0
907367
2203753
0
0
1725875
0
1930796
0
1113672
1824031
0
0
0
0
0
0
1367290
0
0
128372
2110007
1543697
536511
0
0
0
1889196
0
19054
0
1012971
962612
835382
1381113
706031
0
0
0
103326
0
628963
507636
0
1820200
0
1764801
0
1002607
0
0
0
0
2170587
0
0
0
0
1042097
1859264
1943666
1422594
0
1662773
0
1567395
581902
2143203
0
0
0
1366063
0
2047942
151358
0
0
1517329
0
0
1815075
694604
2242824
2203112
823491
1190172
1060804
0
1875918
0
1044071
1515775
0
629919
0
1637685
1653812
2209114
0
1511004
2128301
0
367887
0
0
820711
1267557
2202455
241431
0
740294
0
1506577
804
785539
619
0
0
879007
0
0
1315568
0
0
0
0
379081
0
18731
0
2116794
1574012
1591935
0
270364
0
1562472
1466270
1427339
0
0
722756
0
0
0
0
0
0
149604
135019
2195892
419994
0
0
0
0
0
254641
2277083
0
0
1638439
286330
0
0
1534545
1272586
1832741
507389
1863152
0
0
2097354
0
1070255
2304495
1509586
821559
0
1467073
0
1409774
2315998
1941329
1952012
552
0
824674
1427274
624
0
2075345
2187384
0
567954
652325
0
0
0
1670152
0
195739
0
0
0
951759
0
0
0
974574
2288201
0
0
779799
553572
1476608
707
0
0
0
1880548
1970139
0
0
0
1820334
1586188
1703096
1693043
0
0
487
1981016
1716248
0
0
0
979031
0
2372859
0
1925306
0
0
1593105
218137
1638392
0
0
0
1715296
24963
0
1813869
0
0
1877142
0
82541
169845
0
0
2257858
715409
1383677
0
0
2177623
0
406445
0
1065033
0
0
1498049
361318
0
489972
0
2029083
0
0
9786
1508073
1107217
0
405114
1662114
2397540
906596
0
0
0
634578
990639
731824
1194849
0
0
0
0
0
2251068
0
0
0
0
2084366
0
0
0
394251
0
0
699797
1643362
1366943
0
107527
639051
0
0
0
0
0
2293224
2133237
0
1351463
1924667
1711357
61247
0
0
1408448
0
0
721371
1916796
992
0
812582
0
680120
0
0
0
1753957
0
0
746862
0
1113979
0
0
0
0
702615
0
0
166
13294
0
0
1717347
0
0
1964728
490128
2244004
0
0
2234833
0
2001855
0
2027835
723350
0
0
0
0
1977041
116
572247
0
0
99947
512309
2249829
0
2027024
2151321
0
0
0
2020437
0
2388637
1626429
310718
1283031
0
2396830
0
0
985
0
0
0
850
1394577
2105221
2116514
477489
2186021
1663864
0
2389557
524631
1311300
0
1702623
0
0
2047847
0
0
0
1641564
0
0
0
0
0
70430
0
1942604
0
0
0
2300805
0
941204
0
1877281
1453898
0
0
0
720058
0
713195
0
806240
1673197
2197355
2449663
0
1625258
1529125
677891
0
1478978
2387921
421326
531265
0
2047530
0
0
0
0
0
0
734834
0
2467721
2068732
2360772
2260909
729560
1679704
0
1888404
0
1070113
0
0
1847841
0
1121088
1965774
334224
0
1920563
0
354501
1980284
0
0
0
35802
1408996
0
0
57
1902898
1468022
574796
0
0
2114937
0
455727
0
0
2247491
0
95446
0
2473788
0
2282670
0
1910526
0
0
313
0
698
0
2129070
418709
2475900
0
2409793
0
0
2024647
1997681
0
1106621
0
2492597
475
0
0
0
0
0
2126214
0
1187731
745562
1686119
0
364778
0
0
1104939
0
0
2172829
1732748
0
653428
58875
2247984
0
0
976236
0
1726572
2424858
0
0
0
551668
0
2463128
1638158
0
2234188
886206
2329685
1201077
0
0
0
2006427
984890
2063654
0
1463854
0
809
2400916
2305129
2483401
0
0
0
0
0
0
0
404134
594
0
0
1845382
0
2490361
2507404
2202926
0
1560686
217055
1716808
0
1150774
0
1534711
0
1475880
112613
348
100121
0
2309930
0
0
535002
0
642351
0
0
0
2167060
1288744
1798562
1328969
0
0
2420827
1384583
1551066
2248709
2402561
2544826
0
2021571
0
0
663671
0
1421515
0
2248937
0
0
312
0
0
1612546
2200993
0
0
23
0
0
0
88280
0
1948024
0
0
0
972
2477016
0
0
619
0
2166883
0
0
1458668
0
0
218604
0
1711615
0
1730902
397
2458441
1851513
2566124
0
410487
0
2022399
0
2407771
1519677
0
0
2257359
2027430
0
1753903
0
1245475
645
821592
1351092
518616
524097
977739
0
2119632
0
0
0
2333450
185976
1336578
0
0
895735
2447818
0
0
2318347
1372873
0
0
374816
0
341314
0
0
2343900
1709091
1534119
0
0
0
1732347
287224
392432
0
896334
1822836
2030007
2202816
2234526
0
267744
942244
0
0
0
1819515
1584049
0
0
0
0
0
731400
731390
2212245
2548742
0
1663953
0
2181978
1989844
0
2508271
317
0
1556644
422585
0
680077
2236305
1839216
1807665
2558554
0
952885
710935
0
0
2430432
2206191
429159
1896951
34255
0
1212636
0
664797
2090189
0
0
1533799
0
0
0
501067
0
2400925
0
1709038
1409101
1412784
0
0
0
1472859
2329163
0
0
2377519
0
1711885
1470087
43249
0
315310
0
0
0
0
1280246
0
1822093
0
547270
2041028
0
335090
0
0
2198622
0
1616195
0
0
0
1245538
0
2036546
0
0
394650
1831009
2242948
0
0
2075821
1417305
1272744
2214641
0
0
718301
646
2125197
0
1789962
0
0
1102871
2170673
253723
0
0
0
0
630
1463461
0
41736
435871
0
2231461
0
2340499
0
0
932477
0
1370410
436333
0
971499
0
0
0
2291760
1727315
211480
0
456374
788238
0
2447181
0
1791050
0
1109693
1667164
0
1699860
1882079
49132
203792
0
0
0
1324507
0
2547729
0
843
1280206
0
0
526
132
0
2405325
82683
0
1712115
0
0
519180
2165081
2196338
213655
0
0
2421943
0
48144
0
782002
2249592
0
0
567077
1952893
0
0
0
1762316
745
0
0
0
0
0
0
0
0
0
614695
464
0
0
0
852177
1602849
0
2589640
1983799
468581
1651975
1253246
0
0
0
0
2093876
2168499
0
0
0
0
1168386
2018168
147400
2608325
1077880
296197
0
0
295628
2565696
2017488
12521
732776
668
2119608
410027
0
0
1720980
1659611
0
0
0
601
1582218
0
1263732
665
92
0
0
0
0
0
0
2644902
0
0
0
2122647
0
1434105
2025703
0
2404057
2267894
0
2411329
0
1537861
487
0
1641545
2239283
1107217
733920
0
0
0
0
0
2342341
2592053
1131638
0
0
1872210
0
1436632
1271145
651
1876493
1287507
0
0
2545276
1831835
378
0
1122253
2253684
2162615
0
1842033
1040621
276870
0
1875977
2111110
0
2391595
1338123
0
0
1033315
2334734
1982833
0
0
1330707
0
2356410
0
643
0
0
2328891
0
2162764
0
163
252
0
0
0
933
388029
1592727
0
0
354620
0
0
713920
0
1190802
0
272448
0
0
2483753
2578140
1851272
1926939
2618885
0
1351914
0
2489109
0
2414978
0
1859387
1654389
0
62052
2043066
820
0
2387728
0
2332550
1915225
1742393
2339679
0
0
2711475
1600511
0
0
1614261
0
0
2344450
1681093
2673068
0
0
0
0
315791
0
2036168
1504526
0
0
1492139
87
0
436
0
269209
2459883
0
0
0
667742
0
898
0
0
0
1970674
2626750
2669864
1770413
273649
1365013
2124251
709113
0
0
0
0
47
1814437
0
0
0
457155
0
0
0
508631
1229904
433423
2496562
2151426
0
125289
197595
160984
0
356582
2717743
994
0
0
2432949
0
0
0
1939946
1901709
0
117550
1883206
0
0
968
536038
2530296
0
0
2418709
0
336318
0
0
0
1645953
0
104465
0
0
0
0
1095157
0
0
782556
1493177
2453578
0
1672395
84979
919656
1191149
102
0
725636
0
1201378
1334245
0
19936
0
563612
0
0
53720
0
2555814
2366776
0
0
822
1698209
0
0
0
553642
0
1321117
0
2518451
1381891
1608685
2663733
984648
2678264
0
0
650331
0
0
0
1455514
1954107
2183813
0
0
0
840
0
1972058
0
1915958
2243044
2341573
1059274
0
0
0
0
2125343
0
1270434
0
224438
0
0
1581068
868403
0
0
0
424855
0
0
0
2334070
0
314400
0
942
90797
848
1717211
0
0
2757662
1233600
1606935
1989852
137302
0
2737579
184
1486567
0
1697686
0
1555961
0
565872
0
2601549
0
175051
2652105
1161107
705068
1212839
837711
0
2320023
0
2507481
2257006
2063141
2258091
2373590
1207776
0
2744535
0
2079875
0
2114671
0
0
2320541
0
0
0
2303649
1247051
2059116
942
1718596
0
0
1587891
468957
1471518
521791
2015979
2309116
1046111
0
0
1020274
0
974098
0
0
0
0
859061
830
2671837
1730142
751861
0
0
0
0
2508118
25
0
0
0
0
0
0
0
844511
0
2193938
1020861
2248121
2646674
2670665
0
0
0
209498
0
1881270
0
0
2154099
1678893
0
690948
0
0
1142400
2640445
0
2381240
1988461
61726
63579
0
238240
0
2664446
2661479
655080
0
0
0
2753135
286469
0
0
351759
2672848
17
1862517
0
0
0
0
1900528
782
2426202
0
2710671
0
1528706
0
260
2041398
0
0
1408660
1761903
0
0
1473069
0
0
0
0
558
0
0
1716067
0
0
0
2329192
0
0
1689902
467108
2405291
0
0
1313721
295174
0
1680957
2783206
0
0
0
0
0
0
2764037
1683679
2511121
0
2739900
0
1970451
2220127
0
2122788
0
0
409
0
0
0
0
0
0
0
2645807
0
0
0
2237769
808281
0
1693231
0
1368037
2502618
2704190
1945198
2293073
2625884
0
354531
0
0
2599365
0
2660512
0
2227318
0
2047533
1120826
0
0
0
883
0
0
0
835655
0
0
2932
0
1672381
0
0
0
122574
2289053
89901
0
2252348
0
1654770
0
0
0
2376235
0
1319328
2583974
322339
0
0
0
720
0
2303422
0
0
9906
1065215
1977047
0
2680130
0
0
0
82597
1322332
290047
0
0
1303337
0
0
0
0
0
107
2800354
1640205
0
0
0
0
1816860
253
0
0
0
0
2180862
781781
1158731
0
0
2674404
2107964
2523078
0
5394
2672884
0
0
0
1682863
0
0
2540754
0
2544706
0
0
0
0
193125
1082466
0
0
0
0
0
0
892
0
2373472
1868257
672721
0
1811583
2732298
2292758
0
0
0
0
0
1925625
0
1764899
0
642351
0
0
0
0
549247
0
2292600
0
0
0
1772734
1098383
1231184
1929226
108393
0
0
0
886112
499
0
2475499
0
1565946
1838806
2101254
1106370
0
1475981
0
0
1401743
1062008
1485720
0
1999853
0
0
2749011
0
812586
0
0
2291438
2293086
440
1544065
2232912
1420221
0
1692262
0
1815556
401918
1415504
1945681
1823581
0
2366753
0
697
0
1293844
2004236
1386138
495849
0
1901696
0
1885427
0
2727724
0
0
1002323
0
179610
1157367
1664579
99612
2433269
1627785
0
2799696
0
2286960
2201505
1746436
0
2329037
686480
0
0
2750656
0
1727747
405652
517
0
0
2388294
0
2287596
0
0
0
0
2313474
0
1755562
1257454
0
0
0
2307443
2489988
0
154433
1781425
635
2651722
574365
423162
2477692
1489731
0
1539919
1901581
1574216
0
1800189
0
0
1698547
389872
0
758045
0
1107167
1301381
527643
1581975
0
0
0
392250
581303
594391
0
0
0
1088701
1245896
568499
0
0
1691478
1154373
1717278
2575817
2634705
1044567
0
0
346145
40040
102508
2621626
2140458
0
1720144
0
0
0
0
2054343
2146508
1821724
0
0
831267
515592
2368830
211619
0
0
0
0
0
0
0
0
2377185
995600
0
0
0
487206
1193311
0
0
972592
1150895
2352509
2111323
887
1491515
2212790
2027909
579469
0
2595688
0
0
0
0
2851549
2287812
222891
2059480
0
0
931
2571878
2091976
0
0
601
0
412842
0
390205
0
1480876
0
0
0
0
0
2726047
1822760
2734516
1705115
2339188
1849358
0
0
1248302
2474897
0
268229
2651692
0
0
982
1122919
2180497
0
0
0
1239429
0
0
0
142021
0
1439332
0
0
571310
738105
1540534
0
0
1872609
0
2834232
2738983
0
465134
1407902
0
2628658
2425602
202
2526572
1768250
0
0
2859440
2768173
1560028
2585834
2050856
179981
15406
0
2585091
1031355
0
0
0
2374074
1683542
0
0
2150196
1486161
0
0
534740
0
370595
0
1264078
2161808
0
133991
0
1365226
2288164
2577223
207274
977149
0
0
1294797
0
1790439
0
0
0
0
0
2773687
1231536
2640491
0
0
0
505199
1366925
1811633
0
2006127
0
0
446
1444822
0
0
0
2762642
0
1618537
497078
0
77196
0
0
0
0
2842037
411132
0
0
1677292
2428387
0
0
2329424
0
51512
1248932
0
0
0
2637294
0
0
0
0
2604949
0
1020558
1965138
2672569
0
1596902
0
0
0
1365071
2131284
377179
2518997
0
0
0
245856
2332738
0
0
1082403
1185432
442204
2913522
2604673
0
0
2574768
1459765
1788430
2576090
0
0
0
1771143
2827645
0
0
2733533
745841
1489873
0
967400
0
0
618183
0
0
0
0
2743825
2247911
627
2944112
0
1268017
2893628
0
2574671
0
0
36945
0
592
0
0
934392
0
2769736
0
0
2360042
703561
0
1822132
0
0
0
879825
0
0
0
1670818
728
0
0
0
0
2558818
1757511
1500557
2905280
0
778592
2580730
769420
0
0
0
0
0
2860086
0
0
1304413
2250356
2908059
0
0
0
1914203
1118416
1070353
0
0
2419351
1396291
0
697110
0
0
0
2269537
695
101780
23621
2086563
0
1372209
0
0
1408306
1041898
0
530846
1202380
2433769
0
2768113
1187156
0
0
1677366
0
112759
0
0
0
27
0
0
0
0
0
0
580338
1390011
1894373
0
489
1136233
0
0
0
0
0
2418131
340
2605449
0
0
0
933326
0
0
2351196
471
0
2914095
1967040
1867969
1762976
2966670
407438
2111824
0
0
2304896
0
0
1654726
1614569
0
1951447
46
916585
1311864
529759
0
0
0
2973724
2960436
2612326
0
848706
1641587
0
0
378872
555513
0
2612921
32529
1592444
2420936
2525754
2214504
2867872
2449415
1543202
0
0
2121808
0
0
0
0
241
0
0
0
0
2796444
2868341
0
135775
2447717
0
2021458
2530312
484788
0
0
0
2555206
4160
307644
743638
595037
0
0
2974767
0
815666
0
0
0
1437923
1847212
0
536180
0
0
1609536
1645164
0
0
1987370
0
536176
1552910
590387
0
2985442
0
0
456437
0
2134305
0
1588030
2585831
0
1633402
1225525
0
27541
0
276327
0
0
0
326
0
0
0
657013
78099
0
186
1549785
2680755
423823
1273518
2678356
684781
2801424
0
0
0
2036667
2802472
2983464
0
0
0
0
0
0
2964333
0
0
0
2917639
1552902
0
969627
2574678
0
2021062
2238895
2857724
0
0
0
644187
201357
0
2745212
0
0
0
0
0
2817803
2003677
0
1499904
2657973
0
0
2022872
0
0
0
108368
2276351
2694655
0
0
2339812
0
0
816148
128
0
479958
813531
0
2361830
0
0
1678773
2362532
0
2917392
2302220
635157
0
1048143
0
0
2551168
1442662
0
0
2972526
2095135
0
0
920426
2318414
0
0
0
0
0
2601039
0
2623059
0
54
0
2121697
0
2253123
0
1044603
0
0
0
0
1282294
1616542
0
0
0
1484626
2533794
1594984
0
391
0
0
0
0
239933
1761339
0
0
0
0
2677667
0
0
0
0
0
0
2039233
464503
0
0
2777238
848544
0
0
0
0
0
422407
1126807
2515913
1870838
2876407
2952696
1431836
1727798
2926217
0
0
1825182
1902414
0
2806214
1376031
1841432
545025
2238032
2788775
1991615
1499068
2452898
0
0
0
0
0
2994414
2666230
0
54153
2335606
2095606
0
0
1392381
0
2423509
0
1070749
0
0
0
198137
245
1025401
2044991
417
2355194
272
2972684
1487327
582987
2917380
0
0
1958157
2449084
0
890
0
0
0
0
0
2448495
0
0
0
2785451
0
0
779400
0
2643576
774
1814663
0
0
273999
0
0
0
2514962
0
308243
0
2134150
0
0
421
1268150
0
2723709
0
1770622
2448428
438635
1164608
0
0
1525963
0
0
2421147
0
46816
0
0
0
3064382
0
2972891
0
598553
1476091
0
0
527932
2478324
870249
2678841
3061981
2176991
0
980165
0
2843965
1640333
0
337016
0
2889970
0
0
118597
2377097
267821
2694105
2577417
867449
0
2571418
274
472
2750711
1137162
1926955
2306807
1554223
413
276228
403131
3025334
947673
509
0
532306
0
0
1739357
0
0
0
0
0
722405
607590
1189299
748
769577
727785
0
799266
0
0
1894732
0
1222801
0
0
0
0
2786751
0
2029455
2439258
1632940
2613037
2136160
2294473
0
2916694
1848575
0
388007
1822341
0
1258965
2260390
0
0
2283591
0
2869786
0
2118890
0
2524839
978945
0
2799107
0
0
0
2914489
2678462
0
0
2400690
0
2452744
0
0
0
1822192
0
2360308
0
1982794
0
0
1266270
0
0
0
2761933
737693
0
0
1707681
2789530
789772
2332586
0
0
2918092
0
0
0
2755420
0
3019211
1372477
2740236
0
2104211
1866781
0
3118880
0
2732680
2538583
0
3115248
930497
0
0
0
57473
2757010
0
2972115
3010056
0
1992773
0
2754085
0
2946817
0
0
0
1858943
2014048
0
555
462697
0
0
2248141
2548488
0
773987
0
2608793
944175
2669874
2959751
1967657
0
0
2944711
2959976
0
0
1713961
1526879
0
3096500
1459764
273810
0
0
2419788
1326004
1048340
571
0
0
0
0
1109559
0
0
1510783
0
3114366
0
1935419
0
0
0
0
0
635987
0
0
0
0
522698
3082874
1616251
0
2458394
0
0
0
0
1050145
2308862
192211
0
3058488
0
2114407
545
0
2987759
3024313
2731840
944
875256
2820225
0
0
2774126
0
0
2906446
2226722
0
866555
0
303
0
2585965
0
3148320
0
0
0
1264317
0
0
0
1678111
0
2354354
0
0
3112496
2095155
3049604
92
2456377
2855963
1480973
0
519
0
2956506
0
0
2877010
1098170
714855
425389
2268155
2785895
2616072
0
0
0
325642
0
0
2970939
0
0
0
2706341
0
455
0
519901
0
2635551
1821519
743513
0
582
2392846
0
2706932
0
0
3081385
0
1354920
2737719
71828
1694682
20695
0
1765020
100858
2889621
0
0
0
0
2373758
2849527
2920568
2965591
2267521
0
0
0
1845050
520
0
0
54979
1694515
380
3140163
170786
0
0
3149013
0
0
2746599
3135178
0
1035140
0
2908141
0
413712
0
603767
0
0
0
0
0
2821852
0
0
232775
1727814
312530
0
0
193221
786
0
0
62
0
69
2999159
2576365
1033823
0
740
0
0
0
0
0
0
2811615
0
0
3077870
0
0
0
0
2572399
0
0
0
52782
2849156
2989607
868952
0
0
0
2747005
0
2853406
884
1106852
3156945
0
919
866162
523
0
2727289
0
2614957
0
0
0
0
2910936
131698
2910474
1149097
1439116
2763510
0
0
3053195
2541477
2430717
0
333914
0
0
523102
3066738
1898208
368
1820336
0
0
0
0
3069215
0
2388106
0
0
2356351
601971
831
0
0
755263
2941109
3093876
0
0
252398
0
3176970
765
0
1979550
0
2849330
564099
0
725628
1563350
2586388
2992738
2390557
895
0
923923
0
0
1067107
2176743
0
1370478
0
0
0
2352872
1920681
2351787
0
2556202
3144639
0
0
2562683
0
0
2222512
1968509
0
2889144
2103012
2975346
0
0
0
0
0
2976652
0
0
527435
2003755
0
2703445
471443
0
0
0
471
0
0
2124799
1544888
0
0
2893116
0
3088782
2102163
0
2461616
0
0
306856
513835
759210
3065291
1097689
0
0
0
0
0
0
2112870
0
3072252
0
2765113
661669
2995038
0
0
0
0
370
1427020
0
2593281
2439071
0
169308
0
2687238
0
1622036
0
0
1897087
0
1735851
0
0
775
2081941
763651
0
1606336
1173720
0
0
0
0
0
585
0
0
3163475
0
432852
1462408
0
0
0
2260336
0
0
0
3004312
1738212
3129135
0
0
527605
0
1036234
2727501
3103484
0
0
0
0
0
2594281
1785107
0
0
2920375
0
618846
736182
2853312
455094
0
2944903
0
2894137
0
0
0
781505
2504701
2650801
466372
0
0
2225182
2015968
0
0
0
286287
0
0
964941
590169
2340270
0
0
810286
900
0
0
2317670
0
0
1321497
2433284
361372
1421006
0
1293057
0
2935240
0
0
0
1200085
0
0
0
0
2645234
0
2407752
0
0
0
0
1042928
1951967
0
0
0
0
96722
0
331546
0
826382
0
0
1529388
0
0
1751145
0
3034698
1430310
0
0
2653139
0
391
0
1329969
456388
1930937
2848151
2055888
481213
0
2831540
0
1920852
0
1487784
0
0
0
0
0
1536568
1535686
0
2220950
0
2583493
3118207
100670
0
0
2202862
0
2269220
812
0
0
1552378
0
0
719175
3143980
0
634419
0
0
0
0
2974645
2447246
3033465
2064201
0
1243684
0
0
2557979
1538032
0
2654322
0
0
2949604
412437
0
0
2908687
380733
0
3266793
2765903
0
0
0
0
0
0
1365988
205569
105920
102941
0
212544
0
0
1876242
0
1897843
1798504
0
2987360
2342809
2698192
0
0
944175
0
0
0
0
1300800
0
1494448
2946285
2167940
0
0
982847
0
541
3129250
0
0
0
0
0
1958067
193495
3158026
0
2803420
0
2825432
2387927
3221942
60450
2522591
678
0
1891259
0
674859
0
18585
2395083
3150340
0
899955
0
3124827
0
0
0
0
2643911
0
2725215
3277390
2676278
3219648
3266987
0
0
1154302
0
2921091
0
553781
3118169
1976536
0
0
76
0
0
1385942
0
0
1829066
0
0
0
0
0
0
0
1844684
0
0
2645868
1704499
0
0
0
0
3239044
2657244
0
2962678
0
0
0
0
1628796
1255067
0
2594326
0
2860969
0
2266543
0
3220050
0
0
0
0
2618528
0
0
0
2861808
35885
971541
0
2675830
942443
0
2180010
2301172
0
1710594
2575240
1499024
0
343365
0
0
39588
2503562
0
0
3031273
3117629
1549635
0
817
0
0
3736
0
0
19
0
25
0
0
3153343
0
3282349
0
3190127
0
2409473
1556998
0
1271420
0
587629
2922023
0
0
885303
0
0
0
3166136
2195793
0
0
3113083
0
0
0
1567502
644916
0
0
0
0
2501382
991219
1607814
311
0
0
0
3299682
2187661
3153531
2065547
0
2109747
3259820
1939362
2402187
0
0
0
2229177
1040090
575251
2705504
1551360
3077874
2637038
0
1338792
0
0
0
3125966
1610000
3259483
1309313
2014585
2207158
2114033
1616846
0
0
673053
0
2271108
0
0
0
0
0
227655
2501082
0
0
2439514
0
2836698
0
2452054
0
2713062
0
0
1131701
0
0
2982914
2946053
0
911
2965730
0
3091417
0
0
0
172
0
0
2856029
0
0
2933797
2708401
0
2941111
140468
0
3252642
0
3119211
3162520
578
2165550
1643253
0
1897216
820905
412445
0
0
0
707917
0
0
2862957
0
2262809
0
1704903
0
884115
0
0
0
3248103
0
3092837
0
0
0
2492226
3318512
2900609
589194
0
0
3278136
3280618
3205029
2518330
0
3108063
0
987747
1444449
0
0
0
83
0
0
0
0
0
0
0
0
3153378
0
0
0
0
1310503
0
0
1893022
0
889
3010381
426100
1698158
2055610
0
0
0
2224219
215392
1616582
2765630
0
0
2453353
0
0
1166364
1173232
1685639
3258264
3000568
2506254
1516007
2174167
0
0
2173554
28001
1336309
2521132
2132951
3317022
2665542
2408631
2362886
0
1318445
3002004
2068570
698
985740
0
0
0
3332890
0
219
0
0
0
0
2821734
0
0
3320000
0
0
0
2091343
0
119075
709385
0
1929791
0
0
0
0
0
0
2547389
637063
1627088
0
2878029
0
3129860
0
1342690
0
0
398431
1697128
0
3204651
3040651
0
3079117
2595507
2946539
0
0
0
2731908
2711318
0
0
0
1248081
715748
2785911
2272217
2734452
3184920
0
790928
3040282
0
2688404
3033653
0
1813014
0
3127258
0
1220107
2424145
1118866
323354
406525
0
3232030
0
3165563
0
0
2677032
3027503
0
0
526093
0
1136456
979076
0
1948579
0
3380932
2661499
0
1004081
0
3238225
0
341
0
1365439
1726399
0
0
849084
0
125
1336421
0
0
1909898
2581751
0
1430858
1676615
0
3196967
0
0
326
3054132
0
0
1951579
0
1048060
2969004
0
1045833
225
0
0
0
0
0
1254877
0
0
0
1778260
0
2033397
1317706
0
3228495
109258
0
0
270284
2266760
0
0
1742459
0
413
3342673
2061752
2789654
0
2750967
0
0
0
3109584
672331
499839
1906765
0
0
218291
0
0
0
0
2138747
694
0
0
1549232
0
0
0
0
0
2195142
0
2279939
763864
0
2293243
3290558
1048837
3227807
0
3166630
0
0
0
0
0
952749
3337720
0
0
3314447
1540869
2398283
2915805
135631
0
0
0
1170497
0
0
3027151
0
2939152
240812
0
0
1000406
0
0
0
0
0
0
0
0
0
3304503
0
0
868787
2123500
2764487
0
770
0
0
0
0
0
1546691
0
0
1169425
1833785
0
3322484
0
2416581
1407770
0
0
0
769198
0
0
0
0
2281318
0
0
0
0
3219279
0
0
1619318
1904897
2318289
0
3434400
2497832
3244712
3115653
1617356
0
0
0
0
2610383
2722308
2906951
455547
3238041
0
0
3106851
0
0
2422921
0
0
0
2370401
0
0
0
0
0
245882
122131
1537923
2515866
0
2800945
3293457
1187914
867141
0
2506141
31255
337063
2707361
0
3013983
2095801
0
3111512
0
0
0
1182278
2503420
361
2062723
3324866
1202951
0
1146458
0
0
160
1198132
8544
2103570
2928714
0
0
0
3111759
755
2886653
1793434
2263516
2286716
2294159
0
0
0
0
2244849
0
3279001
0
0
266103
0
0
398486
0
0
0
0
0
1868517
0
0
950757
0
177914
0
2898638
0
238124
0
0
0
0
1726648
2477418
2885298
1310262
3023323
2707554
0
179
0
304125
111391
0
0
1998865
0
0
0
0
0
3394513
0
3426725
0
3133565
3155948
0
308524
1629368
706246
550508
0
0
0
3116022
0
650875
3084698
2894288
2737399
0
850
706866
0
683330
813965
242
0
446
414428
2877722
2670615
0
0
0
0
0
0
0
2715703
0
0
3227716
3220487
3300574
0
21105
0
164
50875
0
0
0
0
1064390
1038380
0
2101791
1488751
0
0
0
2956824
0
2178188
1811001
534926
0
1640376
3482799
257312
726355
2582742
0
0
0
3451686
1364534
0
0
2948182
2168959
2822512
0
0
0
0
0
0
716116
283597
2605514
2987259
0
325102
0
346649
0
2335971
2215873
635124
0
0
46596
2728868
2484351
1241191
3314761
0
1423128
0
2493275
0
0
0
2053891
0
0
1365226
2911542
0
1213006
0
0
0
954634
2869065
302374
0
0
0
1195181
3302944
3179824
1128514
3323260
0
2646066
0
1791046
1875852
0
0
3269707
992
0
2615107
1897796
0
3235342
0
0
2154789
2302717
0
0
1927544
2899383
2065113
2657564
0
2104251
0
2598559
3079509
2444214
2918300
0
2989815
1653294
2593755
0
1196711
3027161
3005677
0
2150620
0
0
0
0
0
782061
3493422
0
3320031
2868935
2363733
0
0
0
2790491
2028977
1623346
1044182
0
1898469
0
0
0
3403757
0
111876
2537515
0
0
1119337
967
3478856
3054336
2201223
0
2091610
1068773
0
1117845
0
0
0
1390646
0
1113638
0
1982942
3328495
0
0
3519921
0
0
0
0
0
0
1731313
0
0
2313952
0
0
0
2414570
0
3098812
1350181
3005416
0
0
1117431
0
0
2135804
872428
0
1706358
1055759
0
0
0
1602987
3352548
2109178
2004226
0
2525262
0
0
0
2727590
3462354
0
0
0
0
0
0
0
1871692
2052174
0
1362392
0
1692146
0
2732230
0
0
2729703
0
0
3525300
0
0
3031319
0
1829292
0
3197241
3038973
2943213
0
0
737095
0
0
2805971
3169168
0
0
3323248
1810424
2733491
634669
0
1176358
0
0
0
3477742
1229607
3481010
0
0
0
2586005
0
0
0
0
0
0
690011
2311796
2447843
503131
1826147
2605835
776
0
0
2524483
3258739
2065531
607325
3515328
0
0
0
0
2388649
0
1353419
2423692
2306262
3498347
0
3300458
1660454
2873421
1481470
0
0
360
3104872
918856
0
3151191
3173257
0
0
0
0
0
1798702
0
280547
0
0
0
3090870
0
3379245
0
0
0
0
605
0
0
0
0
2764405
3527074
0
2151530
3372864
3170879
0
702897
43473
0
2274475
0
0
1564515
0
3335922
0
0
0
3539284
1618386
1064133
0
0
2349162
0
0
1573689
0
3298
621
0
0
3408070
0
2773781
0
496589
0
1708654
0
0
0
0
3007099
1234921
3395584
0
0
0
0
2303341
0
0
0
0
0
0
2670020
2360847
0
0
814250
2197514
720355
2076073
3497951
2827508
3244835
0
680330
3159526
0
0
911918
0
1663904
0
0
1907140
0
2471125
2226382
1361687
951448
0
0
0
0
3092516
0
0
1622592
0
1234880
0
0
0
0
1824186
0
1886576
0
2287669
0
601061
3227513
0
0
0
0
0
2924699
3320476
0
2112020
2179989
0
0
0
1884629
0
673320
2002936
3228034
1634805
0
338
2259574
3536261
26060
0
3507166
282875
0
233150
3514969
0
3479999
0
0
399780
0
0
0
0
0
0
0
85449
0
0
2851102
0
3382649
0
1239531
0
1775520
3126603
3529252
2659623
954465
0
1732610
976594
0
2032522
0
0
0
2350545
67842
2614632
0
1574699
0
0
3411338
2593330
1003711
595216
0
355619
0
2431186
0
0
0
0
3564040
0
0
1551682
0
3005311
0
731
3386543
2329305
2898915
549188
2629077
0
3484192
0
1076694
1707535
3324945
3574424
2855985
0
597441
0
3273093
0
472140
1959990
3167910
0
0
0
874489
2494749
752368
2582516
0
1746861
0
520268
3086775
121
0
3564010
2455238
3333875
0
0
0
0
467613
3006456
814066
0
0
381886
2949292
0
303019
2857091
0
2901246
0
321973
0
0
0
0
0
3391319
0
0
2211885
0
0
1801957
0
2473004
0
0
1950574
0
335321
3167986
0
0
0
0
0
909883
548
0
1270783
0
3369188
0
0
0
0
3157674
2413294
0
3191244
32
0
0
2182536
3113351
0
2056425
3022414
0
0
1142480
948034
0
0
0
301879
0
2914596
0
0
0
703840
3090429
3184888
147439
2645535
0
0
3555887
0
0
2931755
0
258
368318
0
0
0
2732942
0
3595140
0
0
0
3524270
0
689633
0
0
3172354
424194
0
0
349274
3302295
0
3433551
0
0
1235243
1276421
2637498
1071950
0
2687502
2663590
3415860
3413500
0
1257023
0
558280
0
1699008
3435742
79342
0
1414
183790
2819802
0
0
0
2551890
0
0
0
0
2275743
3483319
0
500240
0
0
3204798
3576361
1570751
2836098
0
3215595
0
2126820
3606262
1872843
3351313
0
1498057
3461674
0
0
0
0
2006689
3097123
0
0
0
0
0
2378426
2115013
0
3613287
0
2770373
0
0
0
2145016
1022369
0
640
0
3135135
0
0
0
3065729
0
2767875
0
0
0
1272840
0
0
3106996
0
0
0
2982702
0
0
0
1992017
3523132
0
0
944539
2324139
0
3432501
3190783
1524120
650391
0
0
1650500
1944784
0
0
0
1169570
117627
0
1772328
0
2455955
2443586
2131495
0
3526838
92112
0
0
0
2122076
0
730815
1792263
3414944
3199066
3256334
0
2703533
3665549
0
0
3061037
2728523
0
53551
1029322
2214749
0
3110557
209419
0
0
0
0
3272556
0
2774864
3168581
0
0
0
0
0
0
0
0
0
3292295
3292445
0
0
0
2822421
0
0
2420722
2872371
2179245
3577357
3001266
2219027
0
0
0
574
0
0
2361620
2411477
3613267
1639664
3514429
0
0
453289
0
0
0
0
0
2591082
3109654
0
177
0
58209
0
3550384
0
1235509
0
0
0
0
166663
0
3503550
2353911
827997
3104193
0
0
1271777
3489890
3374711
1567031
243688
0
2777378
0
0
3110973
3612505
0
0
0
1116565
0
324
0
111952
0
0
3171466
1044182
0
0
0
0
0
3272023
3234630
0
0
3197478
0
28
732
1641790
275166
3583283
0
0
0
672728
0
0
2512679
1635583
3088930
0
0
3399310
3196640
0
0
0
2139552
0
1070897
2472512
3375020
2764310
0
2892102
2756046
0
0
0
0
2098215
0
0
3321087
0
1979565
1296737
2754147
0
0
3255916
2726868
2193991
2836105
0
1748816
3515159
453596
3429968
3511215
0
2508537
2616483
3214399
3382805
0
3131622
574905
370452
426614
2755364
0
0
0
0
0
0
0
3187372
601577
300
0
36019
2928522
0
2901083
3214715
3713048
1307275
0
760520
3217207
3708672
0
0
1130153
0
0
0
0
1451263
3335972
0
2747438
2859487
0
3002223
3083296
2177081
766730
0
0
173796
3685399
626017
2845063
0
586
0
0
1744533
0
2983689
151999
0
3459478
0
690066
1817169
0
975
0
2889224
802095
3606175
1074133
2968944
3052929
0
1447645
2238631
3683943
2747457
3516824
2996394
0
0
0
3680430
3546290
3039601
0
0
554611
0
4773
1537351
1548556
0
0
3717685
0
0
1588388
20198
0
0
1972584
2419984
2819886
0
0
3573190
1503287
0
0
2682151
3473717
0
3468917
2144086
942582
3478649
3105154
0
1507548
0
953952
0
0
1401417
0
0
0
0
0
1631176
3087013
1115220
0
0
0
1335962
3179222
0
0
0
0
815080
0
163
1323856
0
651820
0
2755605
0
610233
0
0
0
2357953
616832
0
0
3570329
0
3135531
0
175017
3646885
2309718
2800078
3290396
3427401
0
0
0
2052048
0
0
0
0
3679223
3383878
2121141
1240157
1214568
0
3384727
3681501
2142624
2942609
0
2455641
0
3511215
412991
2511556
2012361
3499361
0
0
3731540
2589135
3634530
0
3388227
2456008
0
0
0
0
1213363
0
0
0
0
19296
0
0
3336389
236651
0
3618007
1994433
0
1365101
0
0
0
3469900
3259416
0
0
171878
2591984
1642988
0
0
0
3468659
0
2785108
0
3738149
3270838
3663368
0
2968096
2731351
2419451
1766191
0
0
702
2005450
1499879
0
2430037
0
642389
0
0
1403403
0
3306041
2694644
2789858
0
375053
0
0
2568759
0
0
0
0
1111071
0
0
0
717
0
0
0
0
2941671
3374736
3696988
0
3496697
0
0
3079602
0
0
3400021
0
0
3697648
1120256
1149461
2820990
739798
0
2141226
0
1374023
0
904
0
0
3415360
0
3338379
0
0
0
516107
0
3071602
0
0
0
0
2113643
3011977
0
3670145
0
0
0
638207
0
428715
0
2083988
3015586
2832194
1304275
0
1536267
0
2330961
0
0
0
1661289
0
0
964505
0
3123068
775438
0
0
2233617
1805929
999880
0
3759635
3477718
0
3331174
1857408
945
0
0
2471320
1392063
0
206353
0
2594307
2492037
3786038
3392806
0
0
3153172
3437450
1269432
3760456
3508522
0
2057670
0
2217933
652
0
3491326
0
0
461315
2319803
0
3370708
0
0
2613780
0
3331395
3379447
0
0
0
0
3035676
3541154
1023313
1572564
0
0
0
3078453
0
0
0
3383384
3676909
0
3766008
0
0
3089782
4158
0
0
0
0
2063542
0
0
0
3434349
0
978
0
0
3783736
0
0
443514
0
3396624
2108096
0
0
0
0
681
0
0
3271973
0
0
2725083
0
0
1601223
0
2976405
2901292
0
0
257356
0
2853384
0
0
148465
1584994
3096821
0
0
3540303
3686447
2334155
3170528
0
326
0
1673408
3772307
3322095
3768232
3685484
2003785
960
0
1787004
0
0
1461950
979909
3746750
2447729
780
0
0
2298472
3826530
0
0
3390809
0
0
0
0
93
789558
1652239
0
2642612
0
0
3427909
0
0
0
1126389
3836186
0
0
2871982
0
3270118
2440806
0
2213528
3523899
0
2733525
0
3623968
0
2893477
0
0
0
0
0
0
0
3190130
1160233
0
0
0
3046472
0
24796
0
0
2237422
3139097
0
0
0
2562091
0
0
0
0
0
0
0
0
3710312
0
2277843
0
0
0
0
56047
0
3771551
2356575
0
3804715
0
1846929
2037003
0
1116385
0
3316578
3725439
0
1707787
2924332
0
204173
2414127
3845104
3721368
2954594
0
2975486
0
0
0
0
0
0
2161092
0
0
1893755
0
2865012
557435
3443731
3222008
592824
3778075
153
3120507
0
0
3142838
1278472
0
830
0
1681506
3536098
1527681
0
0
0
0
0
0
2446782
0
0
1673722
2545365
0
0
0
1116460
456
0
0
0
0
3123973
0
3305498
0
530
0
2902898
862
2224692
0
0
2616280
0
1926985
0
2883329
0
2892003
1158411
3056025
0
0
3675935
0
2023649
0
1982482
3744505
452
3427211
0
1475362
1174252
3378002
2560529
0
0
0
3839430
3375948
0
1404680
409
1627136
3080738
0
2127279
3315055
31449
0
0
2251295
3452175
0
0
3258335
0
0
1583469
3612895
0
0
0
470917
0
0
0
0
0
0
0
719100
1272393
0
3776229
3324965
333865
0
0
0
745840
2928949
0
3746935
2802677
3548783
2254790
0
380
2869715
0
0
0
0
0
0
3725216
1301230
3132030
0
3039191
1198771
2891623
3577952
0
2754963
0
0
454929
0
0
536374
0
1976242
634
1892641
2585160
152
0
0
2977245
373
2819985
0
0
582
2995667
0
3879727
2362600
1688389
0
0
0
0
0
0
3357674
3396486
0
3745714
2822170
246131
0
0
0
0
936494
0
1905548
3498239
2028459
471060
0
373
3735090
3054226
3772939
0
0
2684414
1158666
0
0
0
3358339
2270471
886818
3853971
2672872
0
2642283
0
2362889
1608275
0
3396001
0
3792074
2759968
2124541
2870719
3173401
0
131609
0
1573234
0
161817
0
0
2640965
2426064
0
2544819
2264079
1534855
0
3125590
1159074
598668
724270
1945827
2327602
2353935
3350404
0
0
1090149
0
1274763
0
3523736
0
2015267
666671
0
682061
0
0
1675534
0
70474
3179709
2755290
3483146
0
3556875
3550699
0
0
0
1030147
0
0
0
2766764
23994
0
704
0
0
2691268
3879915
1911183
818729
0
1511500
2123403
0
0
0
0
2255524
0
0
3157786
1638836
0
3439729
0
3221510
0
3128071
0
231137
3693450
0
0
2133335
0
3421725
3273097
973
2869915
3308353
681297
0
1738645
0
1965762
2974536
3400385
3230491
1286016
0
1387542
3371060
3915831
3410613
3912154
3869717
1519706
0
0
2924273
0
0
3043857
621311
0
2552446
0
3650870
0
0
1121008
0
1284134
977632
1766260
0
0
0
383
3725139
1043838
0
0
0
0
0
0
3528133
3609233
0
2983641
383214
3525057
0
684916
1631754
238598
1171103
3442151
901
0
0
0
2613194
0
0
0
2519228
704656
3000483
0
0
0
0
611149
0
151513
0
2834757
0
0
0
0
629633
926198
0
0
0
3864188
236
0
0
2695190
3036249
613257
888008
0
0
0
3548716
3555415
2342687
3910689
288564
0
0
0
894
0
2441846
0
2972898
2270323
0
3491019
3566429
3310905
735893
0
3415420
0
0
0
693263
1305033
193
3520699
1382225
0
0
0
0
0
0
0
1171308
2917914
0
0
1497794
307048
0
2808644
445737
3796444
3650381
3221610
0
0
0
2576832
323
0
1369126
0
0
0
925077
1693097
0
0
73823
3107083
2439076
0
3397683
0
517261
2941601
0
0
68332
0
3130124
2006269
0
2272442
0
0
3215101
36
3435037
0
0
0
3554612
1121865
3501329
1016845
3840402
3166252
3220948
2793656
3571388
0
0
2054766
0
0
2899936
3782150
0
0
0
0
0
3989249
0
0
2006241
2768775
1385093
879
0
0
448328
3279366
0
0
0
0
2766422
3926956
1259122
2086528
1723216
2271429
3388506
79729
3203927
0
2793132
0
0
0
2031851
2441421
783624
2943446
0
0
0
0
3524063
2809341
3137776
3832108
1441854
0
0
1749440
0
1758916
3871862
0
0
2438437
1198924
0
1535798
813721
3412199
0
583906
0
1633514
602120
0
824800
2908496
0
2329688
2785243
0
0
0
1870770
0
0
3759161
2561151
3424190
3010219
1583058
0
0
3893542
0
3276722
0
0
4005145
1996182
0
2960884
3303561
3970814
0
2538153
1480231
2802612
0
679884
2585111
0
0
2853959
0
3830994
1403438
3618007
813
0
1499206
3742218
0
620
0
0
49408
0
2567184
0
0
3760919
0
0
0
916607
931
0
0
4020950
3976316
0
0
0
0
0
1807745
2485998
1503383
0
0
284
0
0
3216642
3453237
0
1500332
0
0
527241
0
3679564
0
2082490
69225
0
0
0
0
0
300139
0
4013776
974326
0
4016484
4020940
0
3590025
3257659
1917618
693459
0
973031
0
0
3542896
0
0
4052797
0
2396286
3052788
0
0
3002228
3896418
0
3869595
3396525
0
791989
3307731
3499332
807228
0
0
3821115
0
0
0
0
0
435
0
3262964
883501
451611
0
0
0
0
3780803
1431479
0
0
0
302804
792602
2292224
0
1340159
2884007
2029418
0
0
415501
0
3803746
3675656
3150286
553455
0
3625235
0
2393394
3149351
3950212
2233049
0
0
0
3688833
0
0
0
0
0
0
1114939
1838731
0
0
246
1838814
1548262
0
1411498
433
0
0
715526
0
0
3635519
0
0
0
1685338
0
703693
0
0
572
0
0
0
0
3938082
4035760
0
0
0
0
0
1129362
0
0
3476224
3943403
3480928
0
2202671
0
0
1120237
847535
0
347986
308665
0
0
1296589
4017022
3995315
0
698773
1809583
3299945
3387217
0
573
2480741
0
0
1763591
2244057
0
247192
2695476
3328487
0
0
0
3311930
2560451
1099034
420650
0
3581571
0
0
0
0
1011240
2997549
2917270
0
2061215
104746
1988458
0
0
0
879632
3398127
0
0
514355
3718559
30560
3775403
656305
3590673
0
0
3241453
2253907
3392030
0
0
0
0
3401361
0
3684951
3959247
0
0
1564958
735538
2052439
1613051
0
1137871
917
0
4017535
0
263
301124
762367
3628807
0
0
0
3866417
0
3246889
0
2994706
4002442
0
3335139
0
0
0
917931
0
725257
4098947
247524
0
0
1588508
0
0
0
0
4079221
0
0
0
0
0
220227
920
3360376
3168307
0
0
0
1547952
1437420
0
3072875
0
0
590
1717006
986320
3517352
216811
2014472
1742263
1335603
793398
3646830
1448791
4107001
3206735
2739769
0
3092881
3114177
3771080
0
2030850
0
0
0
483141
3230726
0
0
0
3635692
0
3724390
3699225
3982067
0
3455060
79335
0
0
2976382
0
0
2818229
0
0
3275271
3053496
0
0
2440891
3055070
0
0
1168798
1961192
3168706
0
2153746
0
0
135159
1872315
2025642
3520141
4069625
3887327
0
2568075
848844
0
3688958
3904802
1953321
0
0
0
1071200
0
0
0
2566470
0
0
0
0
0
3210974
0
0
0
738509
3422197
3966249
3723807
4074693
0
0
0
3809132
0
1578687
3978790
0
0
0
0
0
2997434
3897438
543549
3500590
0
0
0
3174375
3899715
142663
1366352
2480004
2037851
3679196
0
0
0
0
0
2519779
0
0
0
2747851
0
28994
0
3263631
0
0
0
0
3051586
70142
0
1944596
3919309
0
0
1257126
0
1329533
0
0
0
3355508
0
0
2969562
0
3500139
855
3497912
0
4103255
0
0
0
0
0
3902751
0
0
0
1534995
3831708
3751671
1577585
0
4104323
583
3680354
2982783
0
1784847
1452020
0
0
0
0
0
2594730
902880
4051510
0
3970929
1624689
2302235
816792
2220139
3881331
0
406
1788682
0
0
0
3600564
0
1480658
3594017
3948216
1127399
4042421
70492
0
84474
0
2265898
1085094
0
0
3657602
3345583
0
3114570
161630
0
1097891
3112640
2404511
662911
3778126
0
0
1127212
0
3346455
0
0
0
0
0
444898
0
3351976
0
175809
3491994
893077
1439617
0
3889871
3400866
2335714
4143997
1263384
0
0
3473690
3249479
0
1790672
0
0
0
3734974
573487
2485362
3770796
0
0
0
4030716
4138399
0
0
1242965
0
1134799
1214982
0
0
0
962393
2471661
3976312
0
0
3415128
0
3549952
3456482
0
0
2461674
2560235
2951770
946
2929675
3119324
0
0
0
0
0
0
0
0
0
0
0
0
0
1954
0
4165727
3016560
0
2656800
1785928
0
0
2125931
3143880
0
3997224
0
1856385
0
4057850
4154068
2970978
0
0
4042221
3555658
0
0
3033235
2903412
0
2559778
0
0
0
0
0
0
17
0
0
0
0
487254
0
0
4000949
0
0
3633653
0
386667
0
3365879
3192053
1481801
0
0
0
145
1457366
0
0
0
406589
1728371
0
3094840
0
464059
1141033
3389385
1798513
0
3987339
0
0
3989546
0
3327225
3838648
0
0
995204
75304
4189801
1204159
3454095
0
0
1708476
2564700
0
0
1115331
0
1955651
4044958
0
0
2877719
0
0
0
3788107
3468012
3009588
3169137
0
1834378
870
0
0
0
0
0
3130636
0
4087311
2007957
604
0
0
3010383
0
0
0
3915947
992
0
0
829787
4044186
0
2606332
3800416
1759280
3279908
0
0
0
3868950
1457784
0
855948
0
0
0
0
0
0
3421158
0
4026741
3713393
0
0
661374
0
3939656
3528683
2553414
0
3452522
0
3682508
0
0
0
0
0
0
1554777
0
0
2292266
3882146
1077170
0
0
745125
0
373
2062610
0
0
0
572124
137602
0
0
0
0
0
1641620
0
3928904
0
0
3506237
3594171
4042278
3286993
1996816
0
0
2054766
0
1021283
0
132039
0
0
4029058
1945908
836150
0
0
0
822824
3594522
0
0
0
3116822
2874134
0
0
0
4107665
3725792
0
0
499414
0
3012870
4067257
0
3889988
0
3203711
2115040
3874565
3748689
1087178
3866856
1952971
745261
83895
0
0
0
0
146298
0
338
550552
0
2153596
2734472
1661982
1562473
4158146
0
0
0
0
0
0
2255666
0
185082
4226178
660366
1999788
0
3358180
3718813
0
0
0
0
0
0
3380159
477991
3976140
4187219
1389152
0
0
1681022
191508
0
0
2890542
0
491
0
1971821
1604445
0
0
0
0
2276393
0
0
3767956
491410
3108561
3904911
29207
2629958
0
0
2043892
0
494661
832253
4138155
0
4200153
4182673
0
0
3714043
3360938
304393
0
0
0
3307308
0
3308069
0
0
3344464
3301173
2887550
3110343
3260799
0
1938198
630
3347640
4120172
0
1651550
3757639
359171
0
0
1086756
0
3038239
0
0
715605
1877158
0
0
0
0
4183532
0
0
3491800
0
3893209
0
0
2827527
0
3551919
0
0
0
0
0
4028731
751170
0
3190680
0
0
1857819
1402827
89660
0
4171280
1538534
1158604
0
0
0
0
4047864
0
0
0
0
0
0
0
0
0
0
0
0
3769180
4205687
1021521
3801328
0
0
0
0
4239645
0
904684
900
0
0
0
0
3879489
0
0
1556888
0
3585768
2260479
0
4317733
0
3584565
3701898
3117061
0
0
0
2119233
405
0
4266223
2776832
3492779
0
3753439
697973
0
3610775
0
3377703
180
3755829
81
2915526
0
0
0
3778905
3021291
4247441
0
2138721
0
0
0
0
0
0
2562651
4235431
0
1283036
1642544
0
0
2856854
0
0
4320244
572945
69
0
0
0
638822
0
424970
3568488
77190
3367084
0
0
0
0
0
12429
0
3941570
0
0
826
0
0
601477
23486
1636282
0
0
0
3708959
3494859
0
0
0
4010890
0
0
4059163
0
3548455
4257840
0
0
0
0
0
0
2243522
0
600
0
0
0
132
0
1795533
0
0
0
1693167
1134164
13
2309287
408
463
4054780
0
0
112
0
163
0
687035
2639799
1412220
0
3449026
2124886
0
3728097
0
0
0
4191014
2213664
0
4143076
0
3853987
67748
0
0
0
2648220
1808082
0
712471
0
3989144
1140121
58209
628
0
67
0
0
4177162
3285753
0
919475
1354868
2425302
4133309
0
0
353049
0
3320419
0
0
0
501
3701088
1777041
0
1837557
0
0
0
2224692
0
0
0
0
3802918
0
2233932
2031006
0
0
2284407
0
1759331
0
4157107
0
0
401
0
0
0
0
1661931
0
0
4203047
0
3969771
313430
3821086
4050195
0
0
0
0
0
0
0
973729
3344455
0
4037885
0
0
0
0
3546550
1182150
0
0
2120333
0
3541365
0
3989732
0
0
0
373
3953609
0
0
0
584908
0
0
0
0
3078677
0
685091
36150
0
0
0
2464605
3781142
2678298
608794
236887
0
3461501
0
2698335
0
0
0
0
0
3269716
0
0
1527632
0
539050
3037330
0
4325329
0
3428708
4207917
1941029
3091485
0
0
57651
0
0
0
666687
0
634243
0
0
0
3723860
0
1796718
3663608
0
0
0
2261348
0
1021008
2234943
3403112
3716533
3328354
3891908
3842644
2069564
3857358
2021670
0
4298564
0
0
948
0
0
0
3853380
4352325
0
29521
0
2508325
2708352
0
0
131068
0
0
0
0
4283781
3098901
4009587
3894304
0
0
0
0
2872929
1985165
2170442
0
0
0
0
4339609
0
2401969
3301696
3219012
3971210
0
1900217
0
0
4156501
0
0
3102821
0
0
4031824
1615795
4079806
0
2599953
36859
2733903
3180206
1673523
741
0
0
0
0
0
2298383
2394418
0
2612530
0
0
0
0
0
3400443
3622989
30367
4132028
0
0
2913423
2603648
4314307
0
778824
4122591
868770
3323961
0
503388
4210412
0
2426993
1905332
3813326
750
3441050
3734247
4199859
1163814
3859467
3307851
2807614
0
2141846
0
2646941
0
0
0
0
0
3708274
0
631916
3389441
0
0
0
2865893
0
1088477
3987154
0
76016
0
1731345
0
0
4210704
950
3469189
662
0
3773924
2136621
2638949
3398425
0
900
31973
1775412
0
0
0
0
4021797
0
0
4426910
0
0
0
0
0
0
0
0
1406918
2975653
1371061
1555798
500299
4233946
1327232
0
3886736
175833
0
383
0
0
0
4092236
609
824043
3257255
3178484
0
0
0
0
0
0
0
3688213
0
3879766
4341027
0
771
1931780
3875205
1996618
0
3364004
0
0
0
365251
280
0
0
1431492
0
0
3436968
0
0
196483
0
0
746609
4260258
1677873
0
1082398
0
3434195
4203047
0
0
0
0
0
423
0
765979
4310739
0
0
0
3913240
2803984
4178346
1117336
0
0
2952226
0
3964894
0
0
737
0
0
0
4293616
0
0
2704746
0
0
0
0
2201244
0
3431502
3180632
3465499
491
4367644
3950002
4417166
2386535
0
4209459
0
1685417
0
4302923
2480104
2339247
236143
223752
0
793113
0
0
780729
0
1494825
1974189
0
0
0
217072
0
0
0
3851685
0
0
0
2874726
0
0
0
0
87329
0
3812996
3977431
0
0
2791017
0
3728929
0
362
1325355
3829322
0
3860280
0
0
2260914
2109743
4988
4180056
0
0
0
0
0
4034426
0
3991406
0
0
3665479
3319928
3053330
0
0
0
0
2378884
0
3567631
3596757
4323716
0
3546573
0
316345
0
0
0
4212238
0
4440555
3130925
3977372
0
3891673
2343156
2066206
3507763
4049751
0
4201570
0
2339605
0
0
4269941
1142453
3267685
0
1736633
0
0
0
3939495
3887779
0
0
0
0
3598001
1606130
0
3598395
2120457
126
0
2182883
0
4170019
4398059
0
3740790
0
3212854
3466310
0
0
0
0
0
707099
0
0
0
0
1303464
1147239
4037540
0
2172727
0
0
1618429
0
0
3102221
0
0
0
125376
0
0
3717471
0
0
0
3886400
0
0
2929447
0
748
4140081
4268257
0
0
4295114
3114362
0
0
1467165
2066675
2474089
67909
3348766
0
0
4323642
0
0
930
0
2480414
0
0
0
0
3096572
0
0
1081796
0
0
0
0
0
4500918
1831465
0
510459
3920133
3161304
0
0
2611847
339
83384
1058760
1745540
0
0
0
0
2639320
1256411
0
0
3009852
0
447
4180902
3785757
0
0
3871681
0
2231780
0
4036908
1763572
3104110
2567839
1524129
4340926
0
3924249
0
0
909449
0
4293619
0
1891279
0
4296195
0
0
0
795210
0
0
4203881
0
0
0
0
0
0
3813138
580
0
4498807
0
0
2792031
4274859
967819
0
0
0
0
0
1299253
0
0
0
4465996
0
0
0
2650520
511
0
0
0
0
0
4144263
0
0
4465448
3772636
482
4298
4186161
0
2870951
0
0
0
3072026
0
3124581
2873248
203370
0
3421162
2875106
512055
0
2398417
2641383
2759758
298492
0
533
0
2870433
0
1294118
2099171
0
0
4037484
1134836
4466318
433536
362944
3989334
1040051
0
3417202
0
0
4170904
4346761
2328419
0
0
0
2692057
1151510
2773789
4484627
3076144
0
0
184411
3873083
3595760
0
0
0
464
0
0
3965101
2491419
3953017
3929242
3416307
4167861
0
0
300047
0
0
717017
2723416
0
3486024
1322096
2015631
0
333
2022353
0
0
0
1043959
0
2844603
2498907
3435338
3705032
0
4523465
1039172
0
0
0
1019802
0
3870780
0
0
4186235
1783704
468
703934
3852932
0
0
0
0
0
3376178
0
4475114
4396200
756195
1806358
3922910
0
0
0
2140398
0
0
4250991
3998666
0
0
1790986
3055394
0
3295646
2324513
0
3952594
0
0
0
0
1896710
3618932
0
3336429
3048063
0
427785
893213
3252244
3901064
4036588
0
0
3943731
0
0
508
3889010
100717
253641
0
0
0
4188335
3143153
0
4315860
4480833
0
0
0
0
0
0
1110404
0
19118
3590321
885
3938622
1988462
3150918
0
4012248
0
0
0
0
3698037
1277375
0
0
0
3046288
0
0
0
985383
0
24194
0
0
0
2063768
3958200
0
3880833
0
3696033
0
2785842
0
0
4184012
0
1557084
4490225
0
1595973
1567224
0
0
0
276
1264577
0
0
3257529
4140119
0
0
0
0
21983
0
4163306
2250319
4334240
0
359
3277813
2115532
4539271
0
4090274
0
0
0
0
0
0
0
4141313
3575723
0
2646559
3103301
0
2807705
3990686
4012376
0
1088754
4187579
0
3296204
348625
1363987
4012571
1623132
3486350
0
1936998
0
876
3431403
0
0
0
0
4437546
3846893
0
0
1380320
1700520
3635050
0
1675240
0
0
3918528
337
0
0
0
4140501
0
0
0
207
3814443
0
3986053
1734524
0
545629
767
0
0
0
216
4283567
2877601
872
1850983
0
0
2668615
0
640
0
0
0
1862545
0
4237949
0
0
0
2814085
0
1071291
3905798
0
138931
0
0
0
0
0
0
0
0
0
2774970
0
1157655
2612101
0
2832076
486
1994272
1476601
2119644
2793413
3161363
0
0
4153496
413684
0
0
0
1891093
0
0
0
0
565
0
0
0
0
3329427
3385523
3166214
0
0
0
0
4020650
0
3072112
44451
0
982
0
0
961
4318625
0
0
0
1609079
0
2473855
0
1098617
3164501
0
3921180
2
0
0
4308923
670752
0
0
0
0
0
0
2525510
4212108
3745043
699
383
0
1523835
0
3835869
0
0
4392025
3178840
0
0
4123853
0
0
3006679
4435131
0
4235107
0
0
0
0
0
2110617
0
0
0
1993467
0
0
0
0
0
0
0
1269060
2694882
0
0
0
0
1773009
2996924
0
2825237
0
0
4474111
4145298
1471350
0
0
974
0
3494068
0
771661
2025700
2951319
0
246103
0
0
0
0
0
2475133
0
0
4609862
621322
0
0
0
0
0
0
0
3980993
1746625
0
63185
4202293
0
3981241
1157188
1836864
0
208
0
0
4414643
2401357
3581610
0
0
3245824
0
0
186986
4235901
2262315
0
4454362
0
0
46
0
4360438
0
2556349
0
248
0
264
3798178
0
1709366
0
4177595
0
3742141
0
0
0
0
1501880
0
4402073
0
0
1623642
0
673
4574139
0
974629
799
2502729
602142
0
730204
0
0
0
1786118
149409
1095721
4365892
2387328
1612637
1818672
4452464
4290713
0
3681089
0
0
467258
1445161
4605358
1551711
0
0
0
3713851
4265163
3327931
3679073
0
0
211638
0
2927884
0
0
653948
4486872
0
0
0
999719
0
44258
1517532
0
0
2975664
2166138
3013601
0
0
0
0
0
0
0
1300016
0
0
4282695
0
0
1253052
0
3811633
614141
3419897
0
0
0
4106322
229
1677964
0
0
3846584
0
958470
3844131
668006
420838
403620
0
2544734
586
0
0
4472925
0
3535313
2097727
0
0
267328
0
0
0
0
831414
0
0
0
0
0
223110
0
0
0
1506743
0
1867246
0
0
4581996
3842596
3758083
0
1133742
1131803
3165766
3917532
2901046
1773937
3968547
0
0
0
3739460
0
463632
0
1147440
221594
0
3908160
1810187
4608759
1963306
0
3128338
4428978
636027
1703043
15
4231692
0
457855
3958821
3785694
1620358
4194615
843
0
4242778
0
0
0
0
40280
4031550
0
2171749
0
0
1377544
3151213
3995678
0
2651492
351325
0
3361066
3501589
89584
0
0
2076848
1805960
0
4594853
0
0
0
3306605
0
4038318
0
0
0
1741897
1088463
363117
0
1897556
384140
793
0
1405031
0
0
2401141
0
0
0
3867498
0
46269
2456165
0
4100027
0
3110448
2484647
0
0
3000708
0
0
0
0
0
0
0
3275508
204664
0
0
4413004
4635641
4683591
0
1010895
0
0
2767069
0
0
0
0
14463
3338902
2408072
2215348
676
0
0
3607657
2650579
0
0
0
3058112
0
382
306696
0
0
0
444388
999398
0
0
1085379
0
0
0
0
2807493
2969792
2655791
903
0
3921806
1676529
209755
0
0
0
0
0
4185218
0
4165713
4144483
0
3847192
4400958
0
0
2111497
2137450
3037327
0
0
2817787
4245861
3879762
0
0
388
0
0
0
3269617
4063537
3634455
0
0
4433459
0
0
2439695
4171851
0
221532
0
1278105
131365
152267
3357825
0
3094424
1205915
0
739
0
2251577
0
18454
243466
1487492
2505333
747603
0
0
3136834
0
3884786
3903450
0
4273837
1723233
1453339
0
0
354
3404736
0
13855
4177453
0
0
0
4274607
3115864
0
0
0
0
0
1416639
0
0
0
2970241
0
3995531
3285817
0
0
0
0
1945891
4671668
1829754
0
201942
854
291628
0
3663323
0
0
3600215
0
2680812
231447
2142543
0
0
1029326
0
3201863
3678534
0
4685416
1067077
3297727
3131493
0
0
3005471
0
449420
0
3146194
1830602
2967110
0
4025690
0
4486308
0
4046805
0
0
0
0
3827144
4717289
3382135
1482973
1026042
3819723
153230
4405062
0
974158
1163665
3917088
3532459
0
4676787
0
4350529
0
0
348778
0
0
0
4138285
4491229
3907929
659741
1099101
4360065
0
1762214
3142993
0
2936091
0
0
0
0
2702532
0
0
0
772180
988777
4155083
3193853
3222916
1675616
1826745
0
281495
0
0
4720165
942875
4540540
3929363
3132395
0
0
4483616
0
4098852
0
0
0
0
0
2545275
4778475
55275
3272166
0
4106193
4068721
0
0
0
2867987
0
4742834
0
4490116
0
0
0
4196325
0
3572116
0
0
0
3524535
0
4091885
1539175
2633665
2651707
4333675
4338558
0
4446118
3002600
0
0
4369503
0
983
279284
0
3854707
188024
3444059
0
0
4217788
4223505
4444156
922
0
0
0
4582399
3906594
4553692
3523312
0
0
3821522
4603271
4646232
404861
3195522
318356
1804137
3524874
0
0
4777725
3613421
0
0
0
0
3357032
333922
0
820909
2798698
301542
3555721
0
3849848
2572850
0
3001314
0
2647586
0
71510
0
4624224
2244745
0
0
0
0
0
789
3585049
0
4363071
0
0
0
227183
4296240
0
0
0
0
2464011
0
0
1557621
0
3879868
0
0
3444368
3368738
0
4232443
4770416
0
0
0
2571704
3738609
3707901
2292359
0
0
0
3896189
2708156
808
3588945
0
0
0
0
4240346
0
0
4758935
4021279
0
0
0
914936
846961
22583
327
3979532
0
3764805
2850198
0
0
51390
1517354
4684209
2274546
0
4104716
4423665
3193017
0
0
4279893
3993078
0
0
0
0
3110805
0
3964299
653556
0
0
0
0
2128007
0
0
4493531
0
0
3861117
0
0
3283176
0
2279885
2591212
1459041
0
3694933
0
2709486
3003495
0
117467
0
712992
4311435
0
3741895
2244423
0
3695198
4523082
4030639
4646617
0
4482865
0
3513582
0
0
0
0
4606592
3873935
24563
4532456
0
4751634
0
4730677
2656913
4469245
4100518
0
4601428
1448098
3118014
0
111540
0
0
682935
21
4116523
4155954
0
1325387
0
1675122
4779329
0
4609805
4258711
0
895989
0
0
0
3993192
0
2166727
0
0
1134207
3901409
4688532
989829
0
4642211
0
0
2633122
0
0
3728550
454
3995601
4227417
4378321
1000745
4509714
0
167
4541205
1237913
610404
0
169612
964
2277462
888602
3173306
0
832
0
4845625
0
0
1955055
336
476
0
0
3524926
4834396
3831455
0
0
4821647
3380567
0
774737
589672
0
3765346
0
1472326
0
3623202
0
4341153
0
0
423
4641274
2153364
0
0
3051873
0
0
1633815
2845927
0
0
0
0
0
4049716
0
2254533
4749102
0
4544689
0
4656729
0
2649694
1534028
4195812
0
91362
4219192
0
2134194
913
4762033
4601386
0
4233145
2375479
0
1444684
3894630
0
0
0
0
0
2551419
0
331499
3211287
4453692
0
0
1838398
0
0
0
3856131
2040401
4481520
0
624
3918258
0
90
0
0
0
3257175
0
4296687
0
4327642
0
0
0
0
3636960
0
0
0
4011337
0
0
0
117956
798406
2300334
0
0
0
0
1038813
0
1375407
4572139
2587496
0
0
3576688
588471
3842818
4011409
0
247123
2137313
0
0
0
0
0
0
0
0
2900212
961578
0
4801271
0
1771632
0
0
1559154
0
1639007
4059020
2616746
1462665
24115
0
4810723
3328151
3951766
1244852
3665939
0
0
0
0
481242
3824744
50027
0
2616082
4766050
0
0
1078098
1206
4464854
0
1192988
660372
0
0
0
0
0
3630727
3076535
3842258
0
4572250
881792
0
0
0
590835
0
0
0
3357997
4523743
4324329
0
0
3757488
4758825
0
9041
0
790
0
3382634
0
0
2640042
1643089
0
564
2144193
484
0
0
4327432
4452590
0
2227088
0
3548683
0
0
4053
0
0
327634
2965765
3524896
0
1971043
0
0
4579888
4060108
1488374
4283267
3773530
2806928
581314
0
2811386
0
4640139
0
4436766
0
3417560
2458861
0
4067087
2615536
3580833
0
4873205
0
4170898
415
3510515
4280330
0
0
4917032
3887259
2189592
0
0
0
2011810
0
4078895
4495553
0
734
0
0
76
0
3546080
0
0
4594956
0
0
1848453
35
2097977
0
0
0
3628698
0
3435832
0
3996749
4370878
0
4534135
4756784
0
3877001
1609683
0
4607154
3628199
0
0
0
0
0
0
4005500
0
1968585
889
1459385
1739357
0
0
0
4850292
754806
0
0
4762377
1814748
0
0
652561
0
0
2479274
0
3052547
731988
1348546
751
0
3309511
0
4507309
4184613
0
3962054
3060067
4541919
0
2448949
2877275
1182117
0
3960896
0
0
2631893
0
0
1367460
0
0
0
2282416
3192622
0
0
0
0
4577598
0
1351915
0
0
858
0
4191044
2275629
2423773
0
1111315
0
0
0
0
1141830
0
3857597
0
0
2445658
3832456
0
0
1974126
0
897
3348281
2907158
0
2891013
4949123
2707027
0
0
4941788
0
4327239
0
0
70802
4290538
0
0
84
2424573
4914919
4813809
0
0
0
0
4323248
2067026
0
409129
3239601
2049879
0
3541033
3828475
2359785
3237353
0
0
3905324
4916974
0
0
0
0
4320448
0
0
4569534
1272386
0
3038915
0
158036
0
0
2423594
0
0
931538
0
2566084
0
0
322
2818500
0
0
150
2498382
0
0
4275306
0
3223047
0
0
0
4959008
0
0
0
0
220279
0
1872152
0
0
1489527
846
2975345
0
1347413
0
2680257
1132164
0
0
3994815
0
3825545
0
0
2624904
4589709
0
4013843
1586444
0
4024007
27254
1834209
0
0
0
770636
3877015
630670
4243493
2205142
1717503
0
0
0
3074806
445656
191672
0
4569414
0
0
3685420
0
755170
4448702
396628
0
533894
0
1450615
2695374
2315861
4799559
151619
4577713
898181
1159832
1096928
4422670
0
1486375
0
0
0
0
0
4363972
4742157
3371786
0
0
0
0
0
4956907
3951797
2818863
3312330
522
4967569
0
0
4937611
0
0
0
0
13065
4451359
686742
4599953
4596443
4795981
0
0
4978601
0
0
4069932
4672924
0
0
0
0
0
4369662
0
0
4794863
0
0
0
0
1851266
761
0
0
3840728
0
0
0
0
0
330887
2784434
0
4442902
0
0
4594354
0
4116777
3532966
2929926
0
4969527
0
1710384
467346
1051493
0
699822
0
4939696
4398875
3052510
0
4636365
0
0
0
771
671599
0
3037198
0
0
833820
0
3158817
0
5006157
0
0
0
0
3197738
0
0
4362134
4877487
0
0
4234804
4724732
0
4928386
3480887
493116
0
0
1895002
0
0
0
22326
0
3284641
0
620312
0
4284236
0
0
0
0
0
0
1440715
1804942
3394855
0
0
2409384
3483020
0
4957984
0
2392165
2867072
0
434317
1235003
3794772
1978935
4111370
3109719
0
3804008
3795201
0
0
0
2881542
2006607
329996
0
962328
2288683
674701
0
0
4030239
0
500602
4090564
26683
0
3796237
2054270
0
0
0
0
0
0
4828974
0
0
0
4907716
979734
0
852302
2318293
974303
0
4242192
2779174
0
1533776
1962680
4531915
1125548
3275844
0
0
3413564
49259
2263085
0
0
4889637
0
1245784
2954241
4278343
0
1645960
0
0
0
0
0
3753796
4548190
3417966
0
0
0
0
3952065
0
4951825
2458967
0
1140836
0
0
1538150
3677842
1708225
0
0
4121589
2168797
0
3962584
46
0
2852516
3416364
0
0
4852419
532703
0
1502122
800624
0
0
4062137
44226
546870
2208312
0
0
0
0
0
3779355
314489
654150
1947689
0
2625234
4886215
0
4703978
4228220
0
4127261
1473709
0
0
0
2665771
0
4866775
1767749
1058343
3701379
4333390
0
601388
0
604438
1214330
2229558
4326518
0
0
3963631
3196384
3487471
2846582
2232150
4054288
0
1759465
374237
2995389
3181378
0
1436702
0
0
0
151053
0
0
351817
0
0
4365396
0
0
0
2459680
4989909
0
0
706
4517907
0
0
0
4787011
3639440
0
1753271
0
4602735
3968392
0
0
3177855
4249785
0
0
0
2002454
0
0
84305
0
4293373
4767807
893711
3164204
0
0
0
0
4419065
4226493
176434
0
398552
2544337
0
0
1793238
2934744
0
0
0
0
4278742
3570440
0
0
0
0
0
424074
273170
0
0
3089673
3680159
2413498
0
0
821211
0
4853455
2834108
0
2831284
3480591
0
18173
0
0
0
0
0
1690636
0
787144
0
895631
0
0
3450648
0
0
953443
0
4938206
0
0
0
523
2938596
0
0
3638450
2126386
4995606
4660647
0
1710493
0
4396984
3033661
3926319
0
270242
170926
0
0
4539070
1917076
522299
4273329
570866
3553200
0
3970762
1897566
0
1884474
0
595033
1525147
0
4745284
4936717
0
0
4395012
4718432
0
0
0
0
4343374
4403589
0
0
1125111
4950472
0
1634593
3548780
0
3410456
415314
2883362
5065148
4969988
0
4229584
2345286
5103857
0
0
3970102
0
0
0
0
5086647
2402363
0
0
819618
0
4313568
325741
1010833
1453739
1232344
0
0
3629220
268863
0
0
3312065
0
0
0
3169529
0
822754
0
3699821
0
5081095
0
4707189
4053780
0
3411092
1283974
0
4554290
728467
0
0
0
1254641
4217314
608728
2205343
0
2934222
2848465
2725485
0
0
0
0
3367262
4193888
4792805
4663609
0
188179
1878823
0
0
345733
3695996
2882807
0
1452492
1557750
0
807043
0
0
0
0
0
0
2178258
4168418
0
3496999
4138981
3691360
0
3648673
1082364
4920570
0
386
0
1232859
0
4307722
0
0
0
1802029
17727
3110716
0
0
2959204
1790341
0
5044718
0
3624816
0
0
2172592
1508494
2433179
0
1637127
0
3201762
4759009
1505882
4426791
0
0
1240084
0
3964388
2684878
0
0
5077064
0
4828372
4352577
0
0
2821474
3053071
0
0
0
3523045
3951028
4681813
0
5086052
0
0
0
702248
0
0
0
1384607
0
200062
379476
4754471
0
4506509
0
0
0
0
4153543
0
0
989913
3239486
0
3790533
2395501
0
2449256
3738587
0
4958300
0
2825700
4847696
0
0
0
0
0
0
2344516
4207653
4234757
3711078
0
0
4988683
0
0
3014370
3298968
4751293
0
0
0
0
0
5132470
9913
0
1055089
0
0
0
0
0
3480238
0
0
0
0
0
3363049
702
0
0
2846235
0
465
0
0
0
1937278
4292534
1483034
4608414
3941571
909727
0
0
0
0
1205580
0
0
0
1960781
2450772
0
0
0
0
4139804
2228901
4344527
2237392
0
2741091
2476270
0
3664775
0
0
0
4155996
0
2928506
4574922
423226
0
480965
601
613441
3312781
3425805
0
4837864
2151137
0
0
0
4471799
0
2509740
1076833
4178990
552
4017529
0
0
0
819
0
0
0
3571632
2660879
2207047
0
1514906
0
0
0
974084
0
3550843
3959882
4084806
0
0
1525848
0
4835083
4853858
1299983
0
0
4829139
0
0
0
0
0
4166591
3177795
0
1358229
1711139
5068066
4029100
0
5176924
0
0
0
0
4346737
2711813
0
3842419
0
4558284
3639476
0
1892276
325633
3599097
1612962
4087188
0
0
2361550
0
0
2606573
3021775
4089706
4750086
3859138
0
2252888
0
0
688697
2087199
0
3628176
0
867637
0
0
0
0
1140663
0
5041485
591438
0
4350456
0
490987
3339336
0
0
909434
0
0
0
0
2207375
1546849
1728818
3194251
3621516
665
340303
0
0
0
2084368
3581085
0
0
2246046
3216072
4187167
2275339
417164
4987451
0
0
0
0
0
4881207
326331
4181379
0
0
2930590
2312711
0
0
4457383
4947562
216611
4939889
0
3079758
4318049
0
0
0
0
0
0
0
0
0
4456470
3589897
5177256
2902632
5127509
4581482
0
3357041
0
5001555
0
2109827
0
3857856
4939518
4811304
1682283
0
4559744
3736460
0
992273
0
0
0
3648040
5107106
4428746
3608044
4779337
4079042
35
0
0
4643329
0
3574784
4417922
1442073
4115135
0
3633528
0
0
0
0
0
3533799
0
4245171
5103177
0
3771508
0
0
3315466
5187182
5222017
2628663
0
4097006
0
0
4750969
0
0
1695374
2497205
2364453
0
0
0
0
0
0
475455
4942838
0
3728864
0
632406
4432047
4844557
3384706
0
0
396701
0
0
4139530
0
0
0
407
1788779
0
0
885947
3364451
0
0
0
281
787
0
4652825
0
0
0
0
2416202
0
0
0
2265627
1637643
0
5228635
4398620
2038721
3643731
5044792
1195351
5110294
2556422
0
2605044
0
0
573513
0
0
2856895
0
4601874
0
4095826
1405543
4746886
0
0
3296666
0
5183456
3123244
0
0
0
5142068
81418
0
0
0
401324
466577
0
4658116
0
5183169
1570865
3452885
778329
4095867
4915823
3172318
4588448
0
0
81
695980
0
0
0
3518605
494658
880926
5120862
0
4275542
0
0
0
0
751
2477803
0
0
0
996015
534
109309
5173649
0
4209918
4380790
0
14479
0
4119656
0
0
4630612
0
3900635
2831652
0
3656860
0
2782651
0
4214637
3818151
0
256317
0
5214010
0
4807919
2539270
0
0
4342553
3332854
0
0
628581
0
4132484
0
4314188
3209654
4743065
0
0
5276657
0
0
0
0
3635760
4456126
4455603
3102799
5208746
3920171
3810167
5174979
2826473
5259587
0
1523318
0
0
571
0
237
3411142
3433069
4446405
0
4434122
4174028
0
0
4832144
1654229
0
4253241
1303272
1320693
0
0
1716393
4515585
0
0
0
4150413
2847276
0
97527
4778570
0
3458204
1761140
4990354
2524546
3886872
0
0
2680716
0
5290452
971895
2668712
0
589
1167600
0
0
4647958
0
0
812063
2976143
0
879
0
0
712761
946693
968054
0
0
2640840
4605179
0
0
2816914
4385062
0
1125039
4224253
0
0
0
0
4488300
2478022
0
4054263
0
3324971
1884818
0
4938951
5173495
0
0
0
4645812
4886426
4650578
1855415
3879347
0
0
4871899
3431078
0
0
0
2087216
2877434
1963108
219
0
1400207
0
0
5106703
288432
1812052
0
139
0
5265994
0
4508404
1474037
0
5278217
0
3183115
4505516
0
4786569
51185
768553
3718751
0
3060332
4333678
4916018
369
0
0
2648699
0
2954640
1415139
1815995
0
59587
4878539
0
0
0
1049143
0
83
0
1359017
0
4333766
4219466
3363055
2619741
4939244
4227531
5139420
1380543
5083130
0
4559262
61
4847703
3038507
0
4004625
0
0
3802462
0
5296866
304822
5298389
0
4088622
2680877
0
0
0
0
0
0
2318329
3191192
0
4884183
3830871
0
0
2357309
1405618
18381
0
4275094
0
5036674
0
0
0
0
1591169
0
5292182
0
3644128
0
303870
5018233
947
0
4658433
5170908
0
0
1717373
3196091
0
0
0
4014713
261084
4712473
698424
1000618
0
0
3684558
0
0
154284
0
0
0
0
1029324
0
0
0
0
4735124
3301787
1048869
2190764
4773217
3964749
0
5285715
1963200
4517988
0
5116873
621724
2829686
1248004
3966059
0
0
0
0
5159863
0
0
4840850
682831
0
0
4997625
0
0
2094852
3532148
0
3595695
802866
0
1893715
0
0
0
0
3971569
0
0
3077122
400940
4383049
0
1628421
0
2372889
0
0
0
4653627
4701143
3620303
3425625
4042843
4040120
0
0
0
0
4433200
0
4954404
0
3101851
5135386
0
2187977
0
0
1169944
0
3171175
0
4562479
108283
4321264
4245506
303
0
0
0
1312380
5336051
0
3312831
4278240
486
4530232
3790671
0
4146378
0
0
0
0
0
1012512
0
0
0
0
5358218
691313
0
1909224
0
274552
4517215
0
0
0
0
3116134
291
0
0
4500219
5049749
0
3533886
1840734
2201001
347304
0
703136
4838086
0
4762855
4678339
1272116
4710111
0
3038507
0
2015535
3575558
0
0
201989
760556
5193213
0
0
0
2103117
2659009
1738310
2062500
4057953
2699094
0
0
2828136
0
4852127
0
2614976
2681311
0
2805107
4090261
0
2867403
0
101
1969561
4774821
0
0
0
2929209
0
0
0
0
4073960
3360047
811056
4858993
2891531
4762229
0
734
0
0
0
0
4384415
0
0
888006
4572930
4838674
3703480
0
0
4196796
0
0
4848438
0
4117814
0
0
0
0
0
199634
983080
0
908985
0
2473086
5270019
24926
0
0
5386615
2623288
0
94638
0
169712
2589281
4351725
0
0
0
4257242
2394370
2998909
4136591
2456797
502948
2035984
721665
5273168
4767180
0
4907992
0
0
127825
0
0
0
0
3344713
0
2253799
4703978
0
0
0
0
0
815802
0
0
0
1391754
0
0
4466491
3643058
0
0
4569031
4645670
4626869
0
0
3677534
975439
3286437
0
4944491
5197788
0
0
1519820
0
0
5362758
5360135
4580640
0
1528713
0
0
2547996
4704623
4833611
3616907
5153586
4281494
0
0
490
788064
5185493
2249070
4442041
5373634
3011703
0
0
0
0
3245702
3451006
1901945
1710572
5252746
0
0
2712410
0
0
4938754
0
4087312
2784145
0
0
5043433
5364471
74795
0
0
4016961
0
5058205
0
1605546
1222355
0
0
0
2070589
0
610921
590
4267170
5189940
4923514
4420429
4875743
0
4333054
4722118
4613383
0
0
3865287
0
4343220
0
0
4164719
3346589
1610937
5063241
0
0
4527858
1753222
4659796
2634435
3941787
0
0
0
0
0
4547519
4369480
0
4048534
0
111034
3551758
5026841
0
0
1470471
0
2807863
5154171
0
1852637
0
0
1210963
1723317
0
0
0
0
3859192
0
1497019
4606708
0
0
5270440
0
0
0
0
0
0
0
0
0
5331237
5162110
4565098
0
0
4373645
3604095
0
440445
0
4994398
0
3939786
0
0
150355
4603425
0
2112699
0
4254004
0
0
0
5347157
0
3890095
0
0
1428892
0
0
0
0
0
881
4432809
4546438
3600897
0
0
0
5236766
4057703
0
874116
0
445927
4071363
4102369
5148170
0
4840738
1849564
2730564
5044177
287168
3111026
3817817
4905307
1121316
0
3343982
4299802
1616364
0
0
0
3817875
0
0
4634051
0
0
4488492
0
2881799
0
0
0
5426561
0
0
0
0
0
5338388
1242132
0
992603
870
0
4058627
0
2291544
4875212
0
5381468
3901047
5121607
0
0
0
3900717
0
5010762
0
0
2055410
4471563
0
0
4281134
3482498
0
4898986
4289383
266
2457397
0
0
686540
739015
0
0
596
0
204
0
0
3170924
0
0
2286334
0
1480325
3168821
4229751
0
0
4491771
0
0
5211410
1047272
4202716
2026551
0
996440
0
2108515
0
4911830
0
2631915
4772096
0
0
0
0
0
4402693
0
0
0
5380413
0
5395028
2848568
0
446882
0
0
0
0
636144
3397428
0
1464828
2098147
0
0
2710593
4617327
5408093
0
1438230
0
4671550
4469534
1819538
0
4394928
0
0
3725790
674045
0
5262648
3185452
2372670
0
0
0
5057856
0
0
0
0
0
0
0
1506299
4912961
0
627452
0
4052062
823730
5412522
5313290
953
4539939
0
0
4798974
5333605
3692782
0
0
0
0
468295
0
0
0
4411621
0
0
1479788
0
0
0
0
0
0
0
0
4210213
0
3771801
32397
0
2013070
4386379
2668687
2269382
0
4362528
0
0
0
275969
0
674
0
660983
0
1269707
9546
0
0
2575994
4238970
0
0
3683174
1529099
0
3364048
4326290
0
1235245
0
1114451
0
167788
0
0
65086
5300880
2253768
954552
3865806
0
2707810
4754335
865481
0
4752557
2707067
1630567
0
4243013
0
0
0
0
1912120
0
0
0
0
0
0
0
0
0
390341
539771
4832813
190678
0
0
0
0
0
0
1304161
0
0
695325
1169230
2648565
0
3285808
0
4239032
0
0
2802191
4888311
0
236588
5138629
5339356
531041
0
0
1093255
0
1712954
5111151
0
5437013
3732125
0
4990485
1550258
4427473
0
1090844
3482464
3559392
0
0
0
741424
3457525
0
2618718
0
1491423
3817221
5143720
0
4230784
0
0
0
2568780
5408218
2511917
3737792
0
0
0
5068073
2164456
5285852
0
1244795
0
1000901
5196224
0
0
0
385572
0
0
0
0
2146680
0
5500045
0
0
4830491
0
4951673
4777050
0
2425100
4252289
0
0
0
2109498
4060385
1576311
0
0
5182618
0
2673312
1827128
0
0
85
1093346
0
0
147440
4954381
2985705
0
1466486
0
0
5499990
0
0
3194164
252625
0
0
0
0
2065650
0
1567501
58637
554417
0
0
2260927
5109686
4010722
2547649
4955164
3916980
0
0
0
0
4467100
5200166
2134750
3710800
4217985
2494864
0
2921575
0
0
4510541
0
4408862
4482282
0
3927393
0
0
0
4366046
2493988
0
0
3719398
710
2274258
809409
0
0
4511852
0
4671499
5210414
0
2932724
0
3870344
0
5326168
831104
0
0
0
0
0
1158646
0
4607468
3895014
4828081
0
0
5543076
0
0
0
2337003
2957769
3092192
5336132
0
2725720
1768403
0
0
5510620
4471593
428524
1753931
4660836
201896
0
2087316
4250909
4446528
2421922
4936910
5047245
4938874
594
0
3143176
4577003
0
0
0
2264592
0
0
999
0
4497933
76888
0
0
0
0
760534
3777233
0
4275705
0
5265621
0
0
0
5394758
0
4356738
0
5533895
0
2778183
4104070
411623
0
0
0
5318564
3310074
0
0
384
1023781
5382017
0
4802328
2593489
2516538
0
4488457
3583723
0
1207284
0
1134223
3592922
0
5487527
4675192
5538520
0
0
0
975197
0
5574395
4944823
245
0
2760326
3904405
3448181
4097488
2118863
5030994
1205622
5065860
914
2517770
1164435
0
1655507
0
0
5376980
1014060
0
4909394
441764
3758299
0
743759
1703675
0
0
0
1447297
3665791
0
4878621
5112576
0
839862
0
5195833
0
5391666
0
3604167
0
3207846
0
5208224
1183917
1762440
0
3116660
0
0
0
709267
0
3860048
3987850
2109498
4762778
0
0
4995820
1612171
3841185
5473263
0
5452120
3885382
0
0
2735280
5375398
5362681
2658279
4559579
0
3321129
3355993
0
0
0
0
0
0
5347176
0
2737705
0
4921440
5286044
2080002
0
0
1980746
0
721972
0
1269981
5551625
4568446
4262203
0
0
5338157
0
0
4677565
0
3144970
0
0
0
0
99695
0
0
3311505
2547453
0
0
0
530
2676007
5500614
2834797
4344040
0
0
0
1283826
0
1865932
0
4139369
97
3620689
5343760
4731545
0
0
3722443
0
2382072
0
0
0
0
0
0
2382203
2072811
0
0
5134927
0
313
0
0
0
3775367
0
4933339
0
5273909
4765558
2274437
0
1692346
4309026
0
0
2044212
0
0
0
2525510
4517610
2595893
406081
0
0
5372670
5434583
0
0
0
0
0
0
0
0
3977064
5359196
4236119
5034327
0
5383772
0
5309318
586581
1297758
0
0
1850336
4237157
0
672438
0
2192465
4273796
4993407
5063994
0
653001
1913717
424917
5561846
4641023
0
4824319
0
82490
0
4206615
4895261
0
4969424
819
3085605
3389229
0
4078401
0
0
415221
5550796
5372412
3338058
3939710
5371814
160620
0
0
5199854
4675627
4147955
0
2956144
0
0
466472
0
0
0
0
0
0
5140801
0
2641146
1999392
5602918
0
5623258
0
0
5615674
0
0
0
5151054
0
1893142
0
1537349
5251455
42663
0
5565734
0
1425389
2616088
4830048
5481451
2090180
0
0
4748887
0
0
1119106
0
2478022
3234775
1411745
5154078
2014599
466200
4162033
0
5209691
4471443
0
634
0
1931429
0
0
0
0
0
0
1521146
0
0
1711346
0
0
4892446
0
3811727
0
4958214
0
1501820
0
608389
0
5197160
0
0
4974838
0
4558778
1243809
2872610
137597
0
0
3565716
0
0
1379670
0
0
0
0
2029939
4194329
0
4422675
0
0
5069221
0
848115
0
5364942
0
4485593
0
5148109
3112450
3256356
0
0
5070452
0
0
5482096
0
1207596
187814
0
1132746
4179329
800
4565811
0
5537319
1830196
180394
5403496
0
1850777
0
0
3472450
854820
2552863
0
90
4350452
52769
4629249
4612842
0
3327569
743469
4760243
0
1613228
4970995
5106202
2191116
0
0
383207
4498338
0
767
0
1900220
0
0
4582661
0
0
0
0
0
0
5034089
0
0
3788941
0
3283979
496543
254339
0
2355900
5587027
3521342
998
5588395
3480248
922
0
0
4151296
0
0
5512084
0
0
0
0
5017509
4397066
0
0
0
5640950
1827378
5109979
4996491
0
0
3380683
5010986
4221044
5404020
0
3111054
0
0
314717
3243267
2659253
0
0
0
1537441
5554153
4288841
5561451
0
5550816
0
0
1752847
5209121
0
3347220
4929608
0
3735919
0
354883
273
5359487
0
532438
0
0
0
0
0
0
379
2805064
5427534
0
3341321
2996486
0
354
3164311
0
0
0
5214721
3351681
0
2241330
737605
4289056
0
0
0
3964541
0
0
3344266
3978063
0
1824149
2153092
0
0
2102595
5205862
0
0
5598857
0
0
5561663
5681813
946
1199969
1718464
2782954
2854332
0
0
0
527582
5162630
0
0
4046227
0
1304947
0
0
5488874
0
0
0
0
5078335
0
5355215
5164353
0
1197391
0
0
0
2847784
0
0
0
1842166
2567331
5685298
5553038
0
4666091
0
4622244
519
1873741
0
0
1895073
2028838
4220999
4850281
0
0
4003858
0
0
4858087
0
0
0
4437179
0
0
3458431
0
0
3773285
0
5057495
0
4904073
3257959
4640830
5393306
0
4036017
1136644
602
0
0
4942301
0
93476
0
0
0
0
0
0
3149641
0
0
1158095
5369194
0
0
0
0
5423817
0
0
4296969
0
0
106617
0
0
0
569617
0
0
5561218
0
2249983
2237597
5076644
0
0
0
0
0
4094527
3390765
0
0
2070815
4913220
3022474
2623921
989338
4553976
0
0
4940256
4736320
4933789
97
0
0
0
677
4950081
0
2403742
2438597
2792763
0
3438840
0
5494827
5120172
0
39380
0
2955743
357847
5482760
0
0
1208311
0
0
953934
0
5415505
0
0
0
5535574
1712874
283
0
4652913
0
2628073
0
2253964
0
222
0
5271045
0
0
1271312
0
858119
2024041
0
205
0
1856293
0
0
3443882
0
0
4749304
0
0
3938342
5284762
0
0
0
0
2846582
4025022
4180330
5395847
1992183
5190959
1222111
0
0
0
0
0
0
5382507
4521871
0
0
2042747
0
1167776
5670763
0
3375651
3272793
5701471
4588072
33642
3322170
3871114
3178206
0
0
0
4063846
0
4023196
0
4577295
5552370
0
4773223
3106141
0
5175706
0
0
3745978
0
1033798
5585023
4805826
2635674
5682393
0
0
5038371
1445897
4193562
0
2129242
0
0
0
0
2015632
4042459
0
4132990
1352484
0
0
2228516
0
0
0
0
0
3869874
3751750
3198123
4307018
1001471
1657841
1590454
0
0
3495925
520117
0
0
4852617
602684
0
5757390
0
0
0
3535560
3879578
2809268
930519
0
0
0
4235149
601
4518527
0
4046526
0
869368
4340738
3744365
0
0
0
0
4708833
4910625
5666692
336634
0
5563513
0
5722915
1777039
5293475
5544003
0
0
0
5524189
5509264
0
1043118
960095
2588612
0
0
0
0
0
0
0
0
0
3586484
4981597
5071284
4566731
0
0
0
4738501
0
0
425
4460171
5093950
3200627
740
0
0
0
3198810
4936514
0
5623510
0
513
4990024
0
0
0
2478183
0
5155093
0
0
4971007
4535733
0
0
0
0
0
178498
5284662
0
4036545
0
0
0
0
5758504
0
0
506120
123
0
3102502
5358195
0
0
655618
2634435
0
0
4482804
443
0
0
2431392
0
132
0
5374756
5718731
0
0
4763339
513
4920454
0
5140333
0
0
4304116
0
5468021
2747457
0
0
5680092
5728397
0
3689091
135400
0
1293860
0
0
0
4940039
0
5266035
0
4690679
0
0
0
2762509
0
5207038
3147550
4192180
0
0
0
0
0
1863449
143377
0
5281445
0
1593859
0
0
0
0
0
0
4743101
815312
3334908
0
963976
0
0
0
738801
462715
2836443
2207039
0
5690647
0
2603883
3762743
0
0
1114231
5622655
5325843
0
0
5729640
0
671347
1520552
734
0
0
0
0
5423229
0
2866662
5453034
0
309593
4984511
0
5699405
4756521
0
0
4875011
0
0
3632535
4389554
5452547
0
980
859
0
4961887
5835097
859464
3821357
5714812
2678129
96614
2309774
5089900
5556397
4085611
0
0
0
0
4619997
0
0
0
3372436
5132861
2654549
1747573
4407318
1793818
59
3548336
5678329
0
3336163
1525122
529155
0
5184709
1768143
0
0
0
0
1467980
3004629
3270363
0
0
3039813
1750274
0
0
3042560
0
3376282
3309198
0
0
0
0
0
1181457
5304825
4449150
3106529
0
0
0
0
5694815
2748369
0
1928151
0
0
0
3756255
0
0
0
541
0
5828128
3849582
0
0
560395
0
5542801
3745978
0
0
0
872814
2805951
0
0
944850
2672492
2099147
0
0
0
0
4934130
0
0
0
0
0
788280
1500237
0
0
0
0
0
219
0
0
224416
0
5428389
820007
832686
0
0
0
5092568
0
3452817
2252239
0
0
1591880
3385916
863052
0
0
5971
0
0
2857694
5741072
5746379
5449283
4826663
686
3707183
0
5588801
3342739
3943583
0
127944
4716523
0
0
0
0
4546930
0
151509
207755
0
5780670
0
582389
3395828
0
1495028
0
0
0
1604809
5695768
0
0
172307
3763783
930114
0
0
0
4551824
0
0
0
0
5500520
3944513
4233868
2753577
5768529
1777539
5630449
0
3245445
0
0
1304244
0
0
246075
0
969870
0
5273944
0
5704256
1051111
5545385
3284735
0
0
1617852
5524094
1150829
0
0
4838004
0
4496511
5091743
0
0
240
0
4086278
0
0
0
4734346
334216
5803668
0
0
4145702
0
0
701971
0
0
0
3836324
0
0
4849302
0
0
5539574
1894087
4092487
0
4460961
2792704
0
3834151
3618293
4763658
0
0
387922
2027520
0
0
0
0
0
3611432
3501652
0
0
5723143
506252
0
365225
3918126
0
4236162
4747651
0
0
0
0
0
0
0
0
0
0
915805
0
3318432
0
0
0
0
0
3327215
4755307
0
5034257
0
0
0
0
4115552
0
2993643
0
0
1652568
5188064
3179700
0
0
0
2691694
2518963
5029675
3466197
0
5309753
519
0
0
0
3141603
0
0
5267673
0
5717721
0
5198155
4125090
0
0
0
0
0
0
581
3856607
1650070
4167522
0
1941140
0
5645144
5184554
0
0
0
3798304
4265820
0
0
0
1757706
0
52026
0
3451489
0
0
2471859
0
2983666
3116134
1596533
2238567
4035819
4789327
1996314
0
0
0
0
0
0
0
4714128
62394
2831246
2340096
0
1827366
0
3431970
5660251
1442983
5625010
5143059
0
2555696
0
0
0
0
0
5027785
1793722
951
5468296
1826086
333717
4598061
5261447
5542998
0
0
0
0
0
0
0
2316344
0
212266
0
253571
5560716
5131451
2931001
4799127
3772674
0
0
1850114
2341209
0
2941759
5568268
0
0
0
0
5109739
476048
5154899
0
3233309
0
0
0
2362162
4243097
0
5844371
3307151
4829242
0
2287671
4877821
0
4170180
3410757
1596678
3245400
0
4170451
1171454
1850568
0
0
193480
5495165
0
4362257
0
0
0
3429270
289779
0
5586844
1866141
1702307
160
0
0
0
4831855
1877481
5434966
5751959
1865836
3055421
443230
0
4949387
0
5064063
1043756
0
0
5114647
0
4944294
4966673
3741086
1747319
0
5701455
5272113
0
0
4315413
1814984
696923
1819787
480
2748709
3892109
0
0
0
0
249
0
0
5841191
4910372
5836781
0
5862209
0
824447
5355916
0
0
5957615
54272
0
3024093
270
4803886
0
0
4193173
5686658
0
2654704
0
5969066
4785932
4038394
0
5292109
0
0
1446093
3878512
4575459
2143200
0
0
2479047
0
0
0
4906820
5057568
612744
139197
2269236
1045150
0
4966458
5738831
4841346
823033
1284267
0
2430417
0
0
0
0
4156715
5318006
0
0
1042809
0
0
2772599
4581971
3108268
1517589
920654
0
513635
0
1855140
1320859
0
0
5684607
0
826
0
4205891
2119487
0
2303361
5556296
4580266
0
0
0
0
0
0
0
0
0
1532347
0
4316717
3038278
4015197
4758820
4427790
878
5052088
0
0
0
0
1766924
0
0
120157
0
4463624
2960917
5501488
4182979
1872691
5846203
0
0
5641340
0
1516840
200406
0
5676773
0
1568232
0
2202915
0
0
2636226
4333931
3343884
0
0
0
0
4407894
2740411
0
2331105
5451316
1253173
0
0
732376
5294202
5587104
0
4749444
4107922
0
2909923
0
5702753
1812006
0
0
4727171
194409
266415
0
0
5202347
0
126289
4690783
0
0
1480735
1083773
0
0
2191257
759252
4090727
0
5898777
0
0
3885630
5792739
0
0
4542100
0
0
5553749
0
0
0
5393298
0
0
4845819
0
4008784
0
2251788
0
0
0
0
0
0
4064935
0
0
0
2199052
1830337
127854
5058016
0
0
3687503
4131156
5920108
0
1688519
134
0
1577224
0
2076409
4299283
0
5627498
0
0
4805419
0
1943937
1253361
3612167
1381538
2870397
0
3960795
3674899
2794787
0
0
1262131
0
0
5803061
0
1527858
5463581
0
0
0
5813360
0
0
5555056
1903250
0
5606085
0
0
0
0
895912
5234212
0
4789158
0
0
0
0
5714721
1334843
0
0
2309297
3494266
2330270
3180404
0
2351212
0
0
1539568
1389965
0
5240335
4910240
209
0
1107960
0
4501777
1398273
1955409
0
0
3275924
3554513
73715
0
0
469
0
1632201
0
2518151
3927255
5983272
0
2043453
0
0
3547434
0
2308016
0
0
0
0
0
2067474
0
5976250
4360097
438512
4332324
5861541
2642920
3304644
0
3317824
1173612
0
6017865
0
4595979
0
2683257
0
5007091
4684280
0
42295
794390
4119367
5516600
79183
0
0
0
5460777
0
3622834
0
0
0
3167616
0
0
0
0
0
1488235
6023934
0
435272
0
0
0
3697369
0
5759101
4724320
5966361
2076414
4942713
0
2432235
3756713
0
0
0
5993595
0
1206698
2663524
4024436
463438
808
953
0
0
0
3991204
5678841
2716619
3546292
5178752
5336570
5810609
0
5622464
0
3707482
994
4562853
454
5395552
0
4325635
0
2909355
4918463
2901840
5375733
1786405
0
3858496
0
0
2794330
0
0
0
0
2146363
0
3192281
0
4601422
0
0
2515231
0
147518
1000213
404741
3689306
468
0
1730879
3132511
0
0
4942287
2931328
0
0
0
0
1405554
5472721
644088
0
4550712
0
5805897
5812193
1590095
0
5485907
0
0
0
0
0
0
0
0
4909933
2327430
0
0
2654077
0
153023
0
0
0
1005672
190
0
4653353
0
0
0
5911183
4780732
544852
5263837
5969952
0
5755532
0
4379644
0
1503793
3404900
4495383
6046584
5535337
0
97066
0
4957826
852
411982
0
721
0
5635517
2588136
2436692
5992603
0
974879
3457197
0
5463524
0
1921717
0
486182
804874
0
4946941
5869416
0
0
1141139
0
0
0
5810653
0
0
0
6045472
94116
5454303
5355096
0
0
0
2856616
2146801
5413609
0
5712442
5325167
3551940
0
0
0
1599594
5515646
0
0
0
0
4583986
3547297
0
4890832
0
0
3462616
0
0
1328948
0
0
1194376
6072520
0
700
4828265
2955237
0
0
0
4562564
0
0
0
0
0
0
3586347
5160284
4361717
0
0
1614149
5267978
2541034
6047930
0
2283784
4593952
0
0
0
4448508
5137587
0
0
0
0
0
3024768
0
1731463
3300203
1990604
0
0
1550292
0
0
1734859
5614074
5788146
6106456
1910377
0
1808963
0
0
0
0
0
0
0
0
0
5408691
582348
0
0
0
0
0
6003183
0
0
5050827
0
3719196
0
0
825
0
4410818
5101285
464159
5327487
0
0
0
0
3483020
222819
4007079
0
0
925732
3488953
3731819
2311006
0
1355235
3850146
0
1802532
0
0
0
1903752
0
0
0
4634172
0
5555199
981473
0
4038235
1744969
0
0
911
0
5509120
700
0
0
0
0
4928452
5833501
5233148
2903045
0
4615370
0
2922517
4114127
0
3775270
0
862556
2888481
0
5380911
5946047
0
4695150
0
4987385
4273792
0
0
0
859295
4701988
2565614
1417255
463686
3550104
4293757
6049011
0
6069133
4963886
5276109
0
0
5291461
2586278
0
5941797
1665930
5168661
0
0
2088580
4141016
3972418
3388042
0
6139412
5235205
0
1462467
2945416
555979
3858546
3168960
0
4433225
3561173
250402
0
0
0
5325900
0
4764896
0
6128460
3890325
0
0
0
0
0
0
0
0
6134315
558
5051815
5354053
0
0
546361
1746126
2375293
4510002
292619
0
3476358
0
0
0
1686959
0
2709060
4380179
5975556
0
6144448
5410728
3474943
0
0
5925698
0
2839408
0
4311902
5543850
0
0
2090074
5785281
3375107
5618367
5247671
4968408
0
6069934
0
1014289
390044
4159464
0
4444253
4661712
5340094
0
0
1507718
0
0
5599229
0
5209220
0
0
5063006
5692241
4817242
0
0
5887275
0
0
2033496
4584178
0
0
0
0
0
2762159
5150643
1125309
5510821
2089475
0
6091497
2538318
6008784
5919314
1558735
2392172
0
2887886
5819375
0
5842425
6103685
4447513
0
0
1450707
0
0
0
0
0
0
6152308
0
0
2801239
1574512
0
0
0
3849169
5938276
0
1247148
4845540
0
2309933
61345
1401408
5052264
5510018
916727
0
0
461038
5633323
0
0
5634539
5826171
4946122
5370816
0
303
3876896
2839996
0
924
0
764859
5548446
0
0
4329678
4866170
5297800
4573849
0
4545711
0
0
883422
1231365
0
0
6051936
5695663
3928103
5677762
0
0
178083
0
528001
0
0
5178511
1696490
6021283
6053946
4056731
5834296
5911022
0
5603471
1624803
0
0
2784175
0
2689133
5915023
2989411
0
0
6074654
527548
2220168
3328934
4915634
2400803
6079058
5831698
0
0
2672680
0
4252701
0
4776561
0
4670854
0
0
0
4171099
0
0
1308958
2278565
2823771
4092821
1136026
0
4253665
0
0
0
3138147
0
5849256
0
4759870
3084771
0
6082617
0
5664322
1594276
0
0
0
5654861
1717769
0
4831569
0
2292523
0
0
5002070
4535309
5890065
5744494
2398318
0
0
0
0
0
2380248
67584
5159492
2987160
3270725
0
3200635
664
678928
0
0
5441200
6117118
0
545410
3955383
0
0
3282113
5416911
0
0
4805225
4983853
0
0
836041
0
0
0
0
464036
0
349366
0
0
1602538
5813728
0
0
3812931
5798617
541442
5234117
5884231
4443653
412
0
5590547
1081903
0
4715035
0
0
4047985
0
0
0
461625
0
0
0
0
0
3674116
6111556
962046
5357873
905
0
2601329
3521174
0
0
65086
0
0
2163148
0
0
0
0
0
123443
0
0
5545140
0
0
5882771
3514993
0
5977634
4632794
1539696
383599
0
5539049
0
0
0
5130792
0
5916967
2783262
3387807
0
0
2060370
2218876
0
0
211914
0
2043542
2921744
527771
121188
0
0
0
0
0
4189411
4553641
3431283
3424359
4751742
0
0
6019303
3218378
0
195871
5874600
5546103
189799
0
224374
0
4945556
5852097
0
6078936
1618299
0
0
0
0
0
5575143
5358554
2611836
2280075
0
0
5645557
0
4239925
0
0
4987851
2877947
0
2021104
1865552
0
0
5974147
0
2546824
0
2373204
4124833
5876551
1886325
0
0
0
0
0
0
0
309459
0
0
0
0
0
1652653
0
5040981
5555505
0
0
4850734
0
0
2595804
0
0
0
0
0
0
6145515
273316
0
5905626
997185
1346720
3944142
5545052
0
0
0
0
0
2100802
5854016
0
614932
0
0
0
0
5816375
0
2570134
2590248
395502
0
3607858
6105792
4718600
0
0
5048020
2073394
4596842
0
6217365
5981472
5009189
4257114
0
2362016
2527497
0
0
0
0
0
0
222692
4399924
2097317
4984507
5021480
5883102
10826
0
4377376
469043
4417796
0
3767441
557591
3405655
0
0
2934250
0
5612631
0
0
0
701
5430386
0
0
6262507
5707432
5720843
6089164
0
2228363
0
5999501
0
2985259
0
0
0
631450
0
0
6278067
0
4642522
0
0
0
0
1010917
244
0
0
5781021
0
5682052
775492
4728000
0
3385428
0
3325574
4568764
0
0
3522773
2593353
0
0
0
3946952
0
1096573
0
5039247
0
612992
0
0
0
6072441
2330574
0
1199381
0
6254866
4571105
2313817
6008011
0
4332349
103483
1872992
0
0
0
0
0
6045301
0
6236211
2857881
1498798
5863369
4027359
0
6083463
0
0
646342
0
5342081
0
5580705
0
3180602
6250359
0
0
6278021
0
5591133
5963634
0
2979499
708912
0
0
3465912
418714
0
3768396
0
0
0
2487220
3541365
0
0
0
0
0
5031478
0
0
5337022
0
0
0
2251050
0
6204834
5201511
0
6137251
0
0
826615
2284841
0
0
4984000
498531
0
1128231
1634549
0
4934515
0
5535690
0
0
0
1761860
0
4989393
0
0
3516134
3953766
0
6168500
6163474
3824488
2692409
0
1589337
0
5236632
6212540
4839365
0
6049770
0
2883958
5236066
0
561987
0
0
0
0
0
5326455
6300324
4155415
3884182
0
0
4513075
5867972
0
1115163
0
1252057
6092048
5273927
0
0
0
0
5782647
5967372
0
0
6320986
1796612
2511415
0
0
0
2396706
0
0
5599872
6196724
5173289
0
6213480
0
5127555
0
0
0
5159534
0
0
0
5721396
1625782
5609250
0
3688108
0
0
6069892
0
1337571
0
3228902
4925767
5837642
144264
5682641
0
3274363
4780778
0
0
0
0
2065650
4565045
4584564
0
0
0
2436243
4876196
6155005
0
0
5334894
6344313
0
5024330
0
3005681
2748457
0
0
0
0
1185837
0
0
5805896
6350815
0
3914349
115602
0
0
4993296
0
0
0
0
5524946
4620529
130
0
374053
5531170
0
0
4433225
0
0
2680763
4223542
0
0
895471
0
0
0
5030938
0
4881074
5655403
0
0
0
3148384
0
6066413
284158
4848429
0
0
0
0
3632128
4581773
0
4264878
0
0
0
3994969
0
463656
1783551
0
5218210
5842230
2195450
3925497
3388552
4935655
5551263
6137287
0
5038685
603423
0
2774646
3879050
0
5182230
0
5091992
4473408
0
0
5897620
986042
0
0
0
0
4769371
1380731
0
0
155897
6098715
0
303182
0
100264
3517790
1054905
6172966
0
5563736
2633264
0
0
0
2472484
4109717
2874991
6164061
5165379
0
5543189
0
0
0
2657721
0
4720123
0
0
0
0
0
0
6053453
0
5489037
440992
5231033
5137464
1922432
5886661
1842850
2309685
0
971399
2896447
3456586
0
0
0
0
0
5641508
0
4109757
0
0
5626754
0
4721360
4818981
0
0
0
6289679
6091595
2050119
5755386
4014403
6357702
4066310
0
67743
2633664
3549645
0
5414577
5424424
0
0
4924967
0
0
4755747
0
0
0
5357735
0
0
0
5227358
1407993
5306108
0
0
5995317
0
5198158
0
4805373
3560428
6390119
0
0
0
0
2403269
0
661
5555655
0
0
0
0
5938032
0
1250951
5212136
4154502
0
0
5346583
4515843
0
0
0
0
0
6376977
0
0
0
1255711
5736842
0
0
951
0
6013751
0
0
989140
0
0
938426
0
0
5295934
2894771
981334
0
0
0
6249121
6057939
5554354
6104237
744
920497
0
2910845
0
3761141
1124940
828
6095922
129
882920
6144589
101376
0
6088746
0
0
0
794969
0
5333159
0
5816297
0
1595860
0
5993
0
196521
0
0
720
0
0
0
2439106
3138978
0
5110910
0
861953
0
2327085
6035552
4102745
0
920582
0
1469944
275745
0
183114
4760894
5404255
6363234
6365748
5438343
3476689
477535
0
0
0
704
4536808
5956008
0
0
4897063
6320510
497028
0
6129656
999609
4371564
6327632
0
686089
2746819
0
6102168
5447309
1288502
5845256
5735211
1673618
3910332
0
0
3309448
3718258
0
4211658
0
6374295
606307
0
41176
0
5363078
5478174
0
0
0
1055067
0
0
0
0
0
0
784793
0
6069338
0
0
2241837
5883690
3045434
0
0
1972550
2264383
528072
0
251661
6117127
160829
3026034
5694368
0
0
2432682
393122
0
3890212
0
6296307
0
0
0
1400357
0
0
5399027
5856670
3812991
0
1826189
5206661
0
0
1242107
0
5882671
3379364
254041
3988155
2685204
5047414
0
3437035
5979373
0
1551587
0
564459
5818941
6451368
6431342
5361666
5326444
0
0
0
6169862
0
4642386
0
0
2814671
2574077
1615233
5195212
4932753
0
0
3505433
3859707
0
0
0
0
0
266
0
518152
0
3325750
5709835
0
5744741
5919600
0
0
0
445442
5663699
0
675237
0
0
0
0
0
5373945
0
0
0
0
5856019
5075696
0
0
680106
3974786
4006227
5622895
50965
6254165
0
0
5571228
6354058
3735157
5608851
0
30647
6269346
0
0
0
6252525
5542465
0
0
0
5922277
0
4756974
0
3571416
0
5683782
0
4041140
0
608755
0
384925
3271073
0
5917955
6356980
0
6159993
5769515
0
6233673
4164928
510253
0
0
5018869
0
0
0
1730124
5851872
2370520
0
5326347
1216328
0
6388034
6398607
6439230
4886713
3164006
2784898
0
0
0
4994914
4495056
5996050
6248392
4432528
6017024
320231
6421314
5578023
0
5823126
0
6281566
2868710
0
0
6068295
5208218
0
3712183
0
5181618
0
4276830
0
1302379
0
0
5653809
2237737
0
1698687
5689576
6205891
619192
789572
0
0
0
4889468
0
216029
0
6133775
2261789
4916067
5713165
3399424
6004242
0
0
5876480
1707838
1677233
3390047
751813
362613
6484558
5466248
6112458
1272112
0
0
0
0
0
997
0
1721036
0
0
0
0
3661002
5176275
6020082
500047
0
5240421
0
6476486
6037401
0
773
4924397
4574270
0
0
5962685
5196762
6040688
2250425
2162005
6277248
1646183
5965439
0
0
2629854
0
2170263
0
0
6455768
0
0
5108830
6420892
984050
0
0
2540533
5811402
6287859
0
6315923
5448636
0
2643958
5812419
0
0
5766642
0
0
6244775
0
0
2317321
5828514
6394158
4238242
0
6413312
6359725
3014828
6095116
0
0
0
5922881
0
3466648
0
0
0
162
0
0
1912120
5102962
0
2271232
1022501
0
0
1055973
4450914
1525255
5729218
0
0
0
0
0
6513506
0
1354730
3918000
0
936702
0
5288717
0
6148170
5163015
2321586
0
0
0
0
0
0
4903121
207268
3122714
0
203989
0
3142435
0
6430702
0
1533664
938938
5542189
0
2251811
0
5967232
0
2674299
4014262
0
1136342
0
0
0
5775159
0
3631157
0
0
0
0
0
0
3763022
0
3633976
524
0
0
0
0
0
0
2867949
1642931
0
0
2913810
6416979
1410220
0
3925630
0
2061885
0
0
0
5738537
0
4563666
0
3745450
0
0
0
0
2449730
3911845
6051669
4403228
3184568
0
0
4034323
2740999
0
2315926
6217937
1549152
0
0
0
0
5570377
0
0
5570332
0
0
0
0
2076141
0
4934420
0
0
0
0
6349839
552572
0
2340441
6010535
0
0
994674
2264907
6183834
0
0
0
0
0
1767034
5205208
0
0
3415039
0
3413036
0
0
2723847
4407459
0
0
5013906
3718436
0
0
1538832
21185
0
4957105
0
0
552523
0
0
4826065
0
0
0
0
5129638
3408013
3905017
3583561
1552068
0
6297762
0
0
5526342
3288328
0
0
2800674
0
6369581
6203030
0
602
6571268
0
0
6378385
0
6194257
0
4692059
0
0
4987281
1943596
0
0
5530450
1665585
0
0
0
0
3638886
0
0
0
0
3502058
0
2418565
682732
1411040
2895783
0
0
0
146238
2682778
6502153
2340934
3591895
6467671
0
0
0
0
6183451
5769351
5022380
131305
0
0
5935255
4186726
0
2580465
6413405
5107471
0
2954911
0
0
0
3132419
0
2206247
0
0
0
4516424
4737914
6552281
0
6423620
5094484
5430640
6400502
155726
5301946
0
0
5848537
0
3156684
0
5084546
0
3995494
0
0
3130919
4022978
0
0
0
4857751
4394603
33
6492445
5470055
0
0
3816018
0
6513886
0
0
0
898057
0
3166387
55740
4521097
0
6310226
4846680
3603684
4614282
3994183
0
0
0
0
986044
2567473
5212033
0
0
6528316
0
6131989
0
1967886
5491052
0
0
4129828
0
6568161
0
6626187
3340266
0
6478006
5814904
0
0
6363474
0
1272701
0
4639660
0
3539729
0
0
5664239
552486
4720604
5980508
0
4500227
5076046
0
239888
6024673
3000192
0
0
1351414
0
4751528
0
0
6624020
0
0
0
0
5478468
5517704
0
182405
3346684
0
0
0
0
5850582
3699976
3351374
0
0
0
0
0
0
0
593149
3002722
6054111
0
0
3687646
0
4023640
3097658
941950
0
6490358
5539513
0
1349193
0
6066658
0
0
0
0
6036744
0
0
0
977
0
876560
6447163
4642779
1822620
0
3971556
0
0
3363793
5241245
0
0
2024163
0
0
0
6625061
0
0
0
5317601
0
1395747
2927629
0
0
0
262847
4490646
0
0
91711
5886695
0
3093308
0
0
6224482
5332996
1284876
0
2274357
0
4616746
3323748
5414224
995
0
0
4571069
3672002
5076469
6069841
0
0
0
5099332
0
0
5953149
3407792
0
6522083
4987364
0
0
0
3716669
0
1369907
0
5845365
5351543
1408589
2333879
4630045
0
6321012
4965538
0
0
1428825
0
0
3956247
0
5156696
0
0
6010600
0
0
6105705
0
3043020
0
0
0
92634
0
5563847
0
1799333
0
2366823
0
3389628
4514354
0
0
0
0
0
5439557
0
0
204473
5381468
0
0
5989183
0
5412874
0
0
6486063
3357074
752
6622889
1789573
0
4648706
0
0
6481586
0
4846234
2645385
6589773
0
0
0
4133662
0
3139268
5277130
4744940
6616483
0
0
6607190
5096714
1749323
0
5914407
3545811
0
0
4532308
5779299
0
0
0
1742223
0
4073117
4804909
0
4061066
3786650
0
0
5727348
0
0
0
925589
107
487200
0
5671579
0
0
847900
0
5797484
6447184
0
4104036
0
3922658
0
0
5950402
0
0
0
0
0
0
0
0
0
3277025
6198174
0
342824
196
0
0
1866378
0
0
0
5125493
1151627
0
3373996
5911146
0
0
3565448
428
5365595
0
0
0
0
0
0
0
0
0
4748167
2681494
142302
0
0
0
907006
4851722
0
0
0
0
0
0
6459633
5826551
2792324
0
0
6418669
0
5887084
0
2900546
0
0
4496542
6646521
3963360
0
0
5252634
0
6638830
439631
0
0
3856838
5045207
6481127
4181379
1988318
0
3492538
0
4822965
6623918
0
209389
5041537
6138676
6528949
0
0
0
927750
0
6663046
0
0
4610420
4569437
5021221
0
0
0
0
176110
0
5891046
0
6323889
0
0
0
6692996
0
0
1638813
0
2786988
706765
3453238
934135
0
0
0
5566800
5861862
1373036
5433256
2570595
6710271
138451
0
0
4340861
0
0
0
0
0
2272045
0
193
0
2244195
391
4693907
0
0
3454118
991963
0
0
5270377
3261179
0
0
6293463
0
0
0
4518333
0
3264459
6576432
0
0
0
0
0
421426
3860424
5090315
0
0
2774676
0
0
5458425
6394662
2586105
0
5340218
5868180
0
0
0
5419798
618353
0
0
0
0
500
1186001
0
4845733
5784987
0
0
0
0
0
0
0
0
0
0
0
2997286
0
2544856
6385100
5119392
0
6607773
0
0
0
0
0
3998961
0
0
615783
0
2859168
0
0
5753815
0
0
0
0
5045406
0
0
0
6095995
4024938
3613733
6631431
6303699
0
915956
0
0
6287911
0
4020800
6631431
0
118819
0
0
0
4504348
267169
0
0
4188299
0
0
6561789
5050503
0
0
4977487
536747
0
6014767
5528061
2494824
0
0
3333083
0
0
1665706
1934057
0
2784675
0
0
0
0
0
6671858
0
0
0
3698469
510
0
4396381
0
0
0
0
3753732
0
4760730
0
3009310
2206715
5119862
2392884
0
0
0
6462744
2440400
5278385
0
0
4255754
3570725
6734608
3103151
0
0
0
5346975
659
5377686
0
0
5505571
5926328
0
0
0
326061
3672559
2293901
0
3197002
5813057
0
1294674
0
0
6041897
6719112
299
2541622
0
2434094
0
0
379810
287974
1040140
0
5431886
5663750
0
0
5911068
0
4848238
0
0
4931877
0
0
0
0
6457928
0
0
0
0
4168983
6548157
6541001
0
0
0
0
0
1956912
5932551
0
5422723
6479823
3161967
2937875
0
0
6557817
6466831
0
0
3505402
434074
934
5608771
0
4823089
6358472
0
3479017
0
0
3026125
3495566
0
0
917628
5456329
0
3740707
0
0
557425
4403319
0
0
0
2789950
0
2420954
0
0
4460963
0
0
0
0
0
5618466
0
0
0
4774602
0
0
2414253
0
0
4584408
5523242
4932313
0
5661868
0
0
0
6541532
876925
0
0
0
0
5075918
2102268
1756227
5044206
6261712
4491413
0
0
4659638
1835387
0
6631356
2285104
0
0
6231333
2744882
0
6511267
2844792
5718468
0
0
5666755
0
5343493
6715681
2659017
5727864
0
0
6761276
0
6359305
0
6660896
0
6697245
0
0
5188826
0
0
0
0
0
0
0
2001645
0
4028241
0
5865206
2441320
0
814
6359701
0
271767
0
0
0
1345636
5199586
0
5418552
0
0
969
0
2967431
2899813
5499237
0
0
0
5433771
148
0
0
0
0
0
5536464
1951430
1869257
0
0
0
0
3721643
0
4650456
5879742
0
5623515
0
0
0
6350248
0
926
3754711
5480176
0
0
0
6533218
6142994
0
2663884
0
0
1965817
0
1879040
0
0
0
0
24855
0
0
0
0
3047563
869
5397146
911256
1749623
0
6440181
0
5535447
2243738
0
5349800
980
4524843
0
0
0
0
0
4661457
0
0
0
0
1465032
0
3136224
287877
4310731
520117
1213802
888916
4551428
2549066
0
360606
448261
6154801
0
2797903
6011099
2847899
0
0
686148
807089
5593671
0
0
0
0
0
0
0
0
0
0
0
0
0
0
0
5220753
5235304
0
1231757
5931089
0
0
3613302
6232077
0
0
2684407
0
5037152
0
0
5425124
462
5543714
0
0
2085296
4141132
0
0
0
3852445
780891
6144472
0
0
0
5536719
0
6839437
0
4581584
3906696
0
0
0
0
0
0
0
6439807
6627820
0
0
4962171
1327274
191094
0
3506096
0
3207147
0
0
0
0
4759244
6538340
0
0
0
0
0
0
0
3608523
0
0
992073
6614454
0
0
2621968
0
0
0
0
0
0
779200
0
1409138
0
3312914
1552871
0
2890788
5923367
0
0
2849342
0
0
5635237
6203474
0
0
0
0
0
1280911
0
0
4006965
0
0
2141549
5976924
0
5812256
0
936060
3876896
5499308
379974
0
1207199
4638027
0
6596192
0
0
0
1367011
0
5008617
0
0
0
6019072
0
0
6500838
6039828
0
0
0
743848
0
0
0
3984464
3585424
6460401
5292337
0
0
3010931
6676127
6703034
0
1468486
0
1596415
0
2134293
0
0
0
1795049
0
0
0
4159196
5136102
0
0
0
6279014
0
6626681
6750379
4072427
6104995
0
0
5286970
6404232
0
0
0
6036379
288386
5232020
5156813
0
5584400
1209510
4763313
6813346
5670074
878754
0
0
0
1596773
0
1205656
0
565440
0
0
6669919
872
306906
5607702
0
4211451
0
3879500
0
3250737
4365686
0
2995453
0
2332577
0
5753412
908236
574879
0
6213550
0
4038955
0
0
189437
6368896
0
159
414413
0
0
0
6593617
3329942
0
6885062
4015865
6769636
0
4897172
0
6232457
4440467
5662158
0
1750476
0
6040229
0
0
4241596
0
0
612547
0
0
4273887
0
0
4816692
1290781
0
0
0
0
0
3655273
0
1150841
6101785
2026236
0
0
2757056
0
6794038
1669430
4680411
0
0
0
4784009
3992768
0
0
0
2423105
0
5558454
0
6329726
6039765
0
0
6460136
0
5630636
0
2595858
0
1348275
0
0
6396163
5825094
0
0
0
825756
0
3832697
649915
1079363
15331
0
1087198
1091021
5843860
0
0
6899798
6156775
6887069
6522875
0
0
0
4917730
0
6670409
0
0
1146671
1942139
2495001
0
5646269
0
6348365
3967027
0
3517773
6456006
5151177
0
6608655
0
0
6462226
6580864
1594595
0
4984338
0
0
3009077
900252
0
0
2615576
3827875
4568440
4913513
369944
0
2236472
0
2592695
6336132
0
0
0
0
0
0
0
0
0
6768162
5463757
0
0
5758592
5079914
3303895
0
4928410
6460356
0
0
0
0
6099832
3069719
0
0
0
0
4015142
0
6617523
0
1125742
0
0
0
6641509
898
5557005
0
0
0
4650231
0
0
0
0
0
0
0
108863
6913702
3948200
0
0
0
6158079
5402119
0
6181939
0
6688115
0
0
2448706
0
0
6922416
0
0
977200
0
0
0
0
1066343
0
5189842
0
0
2011042
0
3011786
79796
0
5153768
0
3108908
1347047
0
0
0
0
4608868
6223839
6946815
5233445
0
1103002
0
2099147
0
0
6314552
0
2073187
4186099
5682116
0
6406264
4777976
0
0
1907
0
546482
0
2849781
6577025
0
1058157
6048630
0
0
0
2639096
0
0
2522765
2122655
0
15560
5419526
5247659
4452773
0
6800302
5996628
4385442
6329686
2858865
0
0
0
664
0
5903084
3958631
5547087
5177794
0
0
0
2837691
0
0
0
0
0
6913913
5414510
5439480
3842738
0
0
383084
2388321
0
6855687
6347844
5934926
0
6775239
6858640
6958131
5356911
6112783
0
0
6089187
0
2176678
6374945
0
0
0
0
5899249
0
2458144
5398242
2085702
0
0
0
0
4624921
4063585
5014243
0
445666
4965143
0
0
0
1963380
6133789
0
560807
979949
3060864
3402631
1296451
4808010
0
0
0
5380781
279
0
0
5334558
0
5661552
0
6195879
6667191
0
6088069
2915278
4184998
0
3130941
1081903
6222511
0
3505295
0
6301351
0
3036881
6777200
0
0
312
0
1005072
0
6171250
0
2790268
0
1556517
0
300601
4409106
2393921
0
0
0
0
0
6350989
4249371
0
3344584
0
0
0
0
6435524
1142870
0
3331845
0
6279652
0
5756567
1430290
6996626
0
0
3152978
0
0
0
5190406
6609008
4766865
0
4972474
0
6903581
5971384
5697777
6357655
0
0
4588735
5409334
1598026
3685424
0
3469712
5986634
6237256
5740538
5128425
5658796
0
5400483
0
0
0
0
120270
6523904
761406
0
5295889
0
0
3857906
7004561
0
5205246
4233986
0
6935306
0
0
0
5910311
0
5176967
0
0
0
4111033
0
3859726
6813136
0
0
6392991
0
0
5804426
2801368
0
0
0
6447223
0
4413651
1014943
0
0
0
4194110
1881626
6956530
0
3300323
4978831
0
5271082
6975346
0
6218834
989508
0
0
0
0
2161343
0
1615276
0
193930
5932067
5710286
4932239
2424669
5814848
0
0
0
0
0
0
0
5670434
3539193
0
0
0
6015181
6972435
0
0
0
0
0
411832
0
0
0
3872450
0
0
5496130
0
2671574
783216
4052047
2490944
4310064
4943279
6140643
0
0
0
0
4156726
0
1063099
0
0
6697873
1105351
2768019
6914324
0
890116
0
0
2520651
0
5348229
6944128
0
6517231
6199931
1296570
0
4935407
477436
4106817
3321468
0
2570742
5524308
3636349
0
0
0
101068
6940502
0
5433305
0
0
0
0
0
0
0
0
6384547
0
5269306
0
0
0
0
2782686
7025694
5675342
1983452
0
0
526037
6123246
0
0
0
0
6369419
963
5865398
0
7051148
5274940
3317457
0
5522545
4315949
5883849
5900251
0
6781930
0
3633573
6107805
7057206
6649163
4050800
3917581
5201509
6771695
2790141
1394935
0
5985514
0
1252690
0
5413065
0
6905548
0
5162931
2721617
6790941
0
0
3206127
0
0
0
6927812
6529547
0
3266624
2623736
7037787
0
0
5926833
0
461
0
0
7047913
0
246448
0
3841249
0
0
5745947
0
0
44086
0
0
0
0
0
6898493
6613486
0
4944135
2757259
6100125
0
0
3631388
0
5549228
163487
6609309
0
3150339
0
0
0
4009369
0
4549107
4367515
3424820
5097477
0
0
5067171
0
6383403
7085520
0
4825745
0
655774
6786395
7067610
5324962
7064438
7066257
3887080
328046
0
51369
0
0
0
0
6757950
0
3244107
6779895
5704127
0
6778299
0
6395550
0
0
4855473
5035031
0
2706044
5671703
0
0
3875102
7041149
2558994
5080487
0
0
0
3189070
0
0
0
5434557
6620463
217337
0
5648864
0
1552758
0
2345070
6128356
0
0
3865424
0
0
5424523
0
0
0
5985971
5485760
4493578
5673814
0
682089
6056195
5358739
2439015
7080841
0
6915749
2192672
0
355
0
0
2240336
2908064
0
0
3333920
0
0
431592
0
6770912
0
0
6920763
6625248
2969022
2404081
5339330
338239
5451900
0
0
2455177
0
6484142
5079548
6080882
0
5733540
0
0
3641595
0
0
6711255
0
1654500
0
7100936
6051953
0
4861315
0
0
0
6912218
6714620
5549362
3288706
0
0
6268373
0
0
0
0
0
406653
0
0
6910322
0
0
26026
0
0
4140405
0
4025127
0
5388322
2770580
0
0
0
6974339
0
15779
0
5306481
0
7078065
0
5390450
0
2869026
2206780
0
0
6352525
0
6835271
0
1331404
5659270
0
428
0
0
0
0
6701945
3815832
6642328
0
0
541592
6919416
7084956
4133059
5901148
1933481
1298306
1573433
3443582
0
0
4975842
0
0
493131
2342192
2401091
0
4083831
5165890
5270398
0
0
0
4562471
0
5966137
0
0
0
6865662
6262568
584
0
0
0
0
0
5158660
0
0
3348724
0
2806863
0
0
5643112
6424534
0
7062392
3871635
0
0
0
0
4618576
0
0
3646574
2219321
0
0
0
2302213
6351193
0
6187833
0
0
0
513217
4886236
0
0
0
2202345
6472045
0
430724
0
502960
0
5900182
5094207
0
7140268
0
0
0
6713542
0
0
553969
6483614
0
0
5112545
6089265
6609026
0
2946265
0
5599662
141550
814161
1634262
0
0
3920218
1775066
3796877
0
0
4665490
4909769
0
3633161
7175292
2036485
0
0
0
5901752
0
0
0
6722233
0
0
0
0
5411746
6033537
0
1059357
570242
5924125
6492071
3334830
0
0
751295
1599276
1565597
6419302
939
0
288442
1017332
0
6474129
0
7011549
0
3908020
6762806
5450906
2976416
0
0
0
0
4868901
0
5159857
5563247
4913794
417404
6712777
0
5117944
0
0
0
4291684
4245669
0
0
7109499
219647
205261
6571635
0
0
1437796
0
1050215
775
0
6108042
6925265
0
0
0
790
0
5270529
1858971
0
5324766
0
4216217
0
0
0
5489102
5351595
7175823
0
0
6613144
6501381
0
0
5419952
0
6370341
1029319
35643
0
3755446
3683013
3493156
848580
5296303
0
4830599
4646291
4150503
0
0
0
6184731
3843017
0
5931278
0
0
5879113
7155014
0
1903547
6801902
0
6733625
6103933
838043
987225
0
0
7183609
0
6978922
0
6672218
4163369
6913978
0
1809795
0
0
5858913
3521539
0
655466
0
7059711
0
0
0
436
0
0
0
1692382
0
0
599789
6472823
557106
0
6250394
0
0
6906588
1651943
622519
0
0
5900637
0
2573056
0
0
693501
0
3444301
0
2808175
4256357
0
0
0
0
4806322
0
2950395
646
0
0
773
5400148
4287337
0
0
0
3510736
0
5571224
0
0
0
0
6894684
6103228
0
2352679
1519717
4693045
7183929
3514754
3349695
0
719886
5442554
769831
0
0
5725196
0
3044120
0
0
0
150601
5122274
0
0
6956692
0
1501372
5341969
0
175
7255868
0
0
5950934
4039247
4897525
0
0
0
6829365
0
0
4633084
0
0
3348064
0
0
6006796
51321
4138984
0
0
3614696
0
0
0
0
0
0
0
5076958
18722
2090910
1054602
0
0
0
632181
6982011
2014519
5728273
0
0
0
763621
4299990
451816
0
4224069
1833584
0
1806604
0
0
0
0
5705392
0
0
0
0
3806761
0
2341951
7154917
2678202
0
2707326
0
6679248
0
3638987
6808648
5969878
4231781
320617
0
0
3993039
0
0
5178184
5935694
0
0
0
1091470
0
4180191
5235401
952
1852239
133296
1216258
0
6333638
0
0
0
2570268
0
7203935
0
0
7065561
7108942
5993411
6350456
0
7030566
64647
152
2298517
6737482
0
6981637
0
566007
5187375
958090
0
5692336
0
0
0
6395317
255334
0
0
0
2184005
0
0
715367
0
5628943
7267576
0
4791537
5830991
0
6049450
5881194
1499659
0
5661745
0
5502833
0
0
2992893
0
0
7030725
3230551
0
6913396
0
0
0
0
6755516
0
0
6294574
0
4520121
1809036
6349445
0
6571444
0
5765860
0
0
0
2908109
0
1766540
1354023
0
6719664
0
2641894
5205759
0
2944338
0
0
6807849
0
0
151388
7230099
6681959
2777849
0
0
3813537
7162300
5851153
0
4777222
3937339
6925500
3440285
236569
4298253
3141192
6350663
0
0
0
2151007
4622156
7072439
0
1606909
0
0
0
2668014
823463
0
0
0
5629739
7129280
0
1444558
594187
7060783
6219544
0
0
0
1308200
0
0
0
5856503
0
0
12696
0
7082044
3646767
4874477
0
4117875
5623538
3444540
0
101068
5392950
5517421
3338549
0
0
6003534
6448576
4009312
4949905
555068
5661999
0
0
0
7203593
5850149
0
4041409
7242818
5486219
0
198519
0
6157188
0
0
1760228
6155352
0
5881796
0
1982998
590800
6419253
2004049
5396514
678
0
1830125
2205689
2446572
6937567
1179600
6617643
4946292
0
0
0
7307965
4710693
0
4003459
0
0
0
5448660
6792674
0
3183892
0
0
0
752
4251396
3137812
0
7061398
0
5255048
0
0
0
0
6917374
2695244
0
0
6287154
3006058
5077519
0
6924932
4326569
0
0
0
3896683
0
1425323
6648415
5421753
0
3499958
3690006
0
5143394
0
4691277
1424665
4957483
6103940
333922
0
0
0
1608052
1392783
7216174
0
0
0
0
0
0
0
1357569
0
793865
3639460
0
5534256
0
0
0
7027154
0
0
0
4773872
0
6737707
6603049
7270863
6550823
6604182
2277006
0
0
0
2287628
0
0
0
3873716
0
2379517
365
4009487
0
161956
7003512
397427
0
6625201
0
5094606
741
0
0
0
0
5797599
2951774
0
3399915
0
0
0
5621690
4376527
3281230
6940859
0
6532155
0
0
0
0
0
6687141
0
2167879
5917375
1592719
764512
0
6045244
811568
0
0
0
94501
6619091
0
0
0
6940750
1208336
0
0
0
0
0
5674396
2485857
349
0
5282962
0
0
6957960
0
0
0
0
0
6709481
4916273
12267
6334040
6616304
0
2515443
0
5419668
0
1728704
0
0
2019474
0
7148540
7002951
0
0
7155253
0
7314613
5824182
0
55791
403079
0
4607148
5418064
0
6367284
0
0
5444948
0
0
2045664
6837270
4394967
0
4774178
5669428
783703
5995802
2309278
0
2155467
0
0
0
0
0
0
0
7070961
340
2596037
0
0
0
3032488
0
6043139
0
0
6621480
0
0
0
7328174
6731606
4378981
0
0
5776909
0
4364683
0
0
0
2217217
0
6876589
0
5322712
0
0
6174982
261668
0
0
0
7278460
0
6102346
5328528
0
4813242
5551007
0
0
0
1330586
0
0
4607008
0
6019372
0
5869529
0
0
7288860
1942133
0
0
5541304
6331735
5135076
5283996
0
442548
0
7399474
0
0
2714085
0
2116601
0
0
0
0
1075641
0
0
671369
0
7327435
0
7018590
0
7359341
0
0
0
0
5076015
6315319
982376
0
2322736
2205882
0
3323577
0
4339104
4239032
1802505
6075836
3132372
0
0
519
0
1695211
0
0
0
4924316
0
3126576
2942336
0
66
0
3617567
0
0
2611605
5964422
0
0
0
0
38255
0
0
0
0
6375438
6222934
4689909
0
0
5104122
7280908
0
401564
5768492
3634544
7191943
1872
5728418
5510540
0
0
0
4484652
6288440
0
0
7389844
5669126
0
2733699
4485111
0
0
0
5714275
0
7303444
4112103
6042735
2693405
1619550
0
0
7391012
0
3293595
0
7311780
0
6762104
0
2617233
7128573
0
3404120
0
0
4970516
269
4722137
0
2368649
0
0
7367478
0
4235093
0
0
7431513
0
0
0
0
0
2445250
0
3445811
2234
0
3212677
0
0
0
0
4055117
0
4010200
0
0
5628570
7000254
0
5215140
3126154
0
799080
0
0
0
7268274
6574889
5801963
0
6048715
0
0
0
0
0
0
2671992
0
0
6669277
6292057
0
0
5949263
0
64740
0
0
0
0
0
0
5233178
0
0
0
0
4221251
0
0
5606636
0
3596921
0
6406984
7418518
7341594
0
0
3090455
5444786
2739545
6153935
0
0
504312
544
0
5182129
0
6861838
6621075
0
3953278
0
0
7300664
0
488343
0
0
0
0
3833892
3718975
0
0
0
7031984
0
0
152382
5595706
2925459
6992858
0
0
4586440
1303259
0
0
5925561
0
0
6255125
0
0
0
6584487
6550284
0
0
0
0
979341
0
0
4972422
0
0
0
0
7414778
0
0
0
1882521
0
7319100
0
541
784
6371450
0
0
0
0
0
6182184
7317596
0
0
0
0
0
193545
1842214
739822
4496741
6954830
0
6806574
2229645
0
0
0
3898739
6983175
6716038
0
0
6419746
3487392
7067310
4482510
399812
0
6785395
7287511
0
5080422
0
0
4454529
312448
0
0
0
0
719
7453845
0
0
0
5709797
1285911
6568875
4474466
0
1484837
0
4819986
4986183
46962
1644765
0
4113453
0
0
0
7137116
1441887
0
0
0
0
0
6241081
0
7196436
0
0
229
0
0
0
333800
1090642
0
5182184
0
0
4023540
0
0
0
7449490
0
0
0
6621421
0
4681501
0
1721056
0
7454049
5659384
4497657
0
0
0
0
1440714
0
5290858
0
7235688
0
0
0
6985015
4010567
4108206
0
160228
0
4800401
0
0
2489638
6816599
0
3299281
5624945
0
4113911
5737061
0
0
5670875
0
0
0
3191551
2580115
6632893
0
0
0
3400975
0
5198198
7051564
522220
0
0
0
244782
46924
4572548
5613931
0
2655763
0
458346
6112999
4033028
0
0
7161980
0
3630207
146986
0
1295508
6937800
4132451
0
0
4775005
0
0
870934
0
3931263
7357891
0
6965461
7265151
5360727
0
7056847
1756457
0
0
0
0
3161826
6606491
0
0
0
0
1146556
5532796
0
0
0
6856279
0
0
7264295
0
57605
3551540
0
0
0
0
0
0
6638558
0
6376181
6370797
0
7449995
7149405
1600305
0
3705101
5713149
4119158
0
0
0
38317
0
0
6359110
0
6341942
0
7126895
0
0
5434975
1675017
7127160
0
7310776
0
0
7289980
3858450
0
0
0
314048
851434
0
0
0
0
0
0
1528
3276061
0
0
0
0
0
5643408
0
0
4411497
1268779
1424343
6733259
0
7129865
7310447
6619132
0
6168414
3510452
0
3276740
0
7314556
0
447587
3743042
2550182
5284701
0
0
0
4295920
0
0
0
5274178
0
2751406
0
3274394
0
7203048
0
7322111
0
0
0
0
1359806
7554498
0
14084
3377642
0
0
32826
0
4823717
7311631
0
0
0
5815018
1528686
9702
0
7409254
7547802
0
6789769
0
0
4779625
2207858
0
0
0
0
7542699
7556706
0
0
0
0
719072
6890467
3054494
0
4482575
0
0
374575
0
2962328
6058224
0
141707
0
0
0
0
5492223
2277147
0
5030289
2382736
5909954
5928790
0
6697774
0
3648971
0
2893419
269
0
584
475806
4689298
0
0
7300675
0
0
0
0
0
2607404
0
4202676
5001638
6195704
0
3824464
0
0
0
7407137
0
5016739
0
340
0
0
7512826
6553820
1709389
0
3011316
6483378
0
0
6701231
3143081
0
5699421
0
0
0
0
0
0
7464590
0
0
0
0
7477026
7308669
0
4056563
746458
2869315
0
7081709
7361871
0
0
5896424
0
0
0
0
0
0
2661318
0
0
1270177
0
550958
0
0
4648808
6098162
2119880
0
0
231143
5574517
3212217
7387274
0
5515867
2746201
0
0
0
5578537
65117
0
2058877
4448202
0
0
0
0
0
0
0
0
6422393
1330553
5513364
0
0
2165709
0
0
0
0
0
0
0
2987280
0
7005121
5069233
6228397
1982719
3564975
0
0
1861086
7274629
4393516
0
245695
0
7479157
0
404
3857119
0
0
0
6232775
3522529
0
0
0
2449193
0
6099099
0
42512
0
7608536
0
5624033
0
0
0
0
5142156
4983582
6833082
0
3841380
0
0
0
0
7457588
0
3810540
6177396
0
0
0
7405591
4321501
0
2376724
0
0
6758477
1105665
3226715
0
0
0
0
0
0
0
1351136
5136392
0
7599588
0
248238
0
2265480
0
0
0
0
0
0
7242734
6154713
0
0
0
6689003
0
7003603
3030805
4855182
0
0
0
0
379
0
0
0
1255887
3846862
0
955
0
0
6275264
0
0
0
0
0
0
7046639
0
0
0
0
4021300
0
4738479
95
0
7567256
0
0
4811483
0
0
0
0
0
0
0
6493428
0
3788749
7593088
4031997
2352200
0
96076
7280575
0
0
0
0
825
687
0
5338019
1475303
0
3641585
6166653
7548751
2554622
0
0
0
0
0
6712518
0
2345494
5973079
594193
0
7111402
0
5218962
7494585
0
5123667
0
0
4241542
7447531
0
3867135
6191177
0
0
5819964
7075457
0
0
4035884
0
0
0
4085902
7585277
1901149
0
6620796
0
6880398
0
7478668
36852
2148325
5725733
0
0
0
6625202
2830212
0
0
0
7576345
4570089
0
5986304
0
0
0
0
0
0
0
7292754
0
0
0
0
0
5219704
4279937
5333598
343671
0
0
0
0
7481993
0
239289
0
5336660
0
497627
7591784
7579419
6396807
0
2007641
0
0
3340501
4237373
7000059
0
6246951
0
5604024
5801944
0
929514
0
0
0
0
0
2605903
4905365
0
352
2132254
0
6167567
0
0
0
4903879
5177906
2149256
0
6540343
2380916
2941377
0
6566559
0
0
3872772
0
0
0
1039715
0
6866137
2007798
0
0
0
0
0
7595697
4813022
4666269
6628005
7668427
182
6857569
1382601
0
0
0
3647599
0
0
5344620
0
4497044
3909022
0
946
28089
1324729
0
0
0
7551279
6132110
0
3576723
7498098
0
7660840
806
0
0
7062598
0
0
2621407
6274015
0
0
2323871
6557556
0
6051621
0
0
6956836
0
0
0
3940340
0
0
2283314
7174944
0
1758225
0
0
0
3811241
0
2983848
7310020
5697024
2332902
4860129
4057400
0
3943907
0
7570024
0
0
7304821
4790446
0
0
2722123
6446632
1270985
0
1590384
3008715
0
227603
374746
6850195
0
6743627
0
7230097
0
0
0
877
6119406
0
0
431504
7470128
4410996
0
0
3646574
3172267
0
0
0
0
0
0
0
0
0
7598893
0
6076312
3021314
0
0
0
0
0
0
0
0
0
6858118
7256390
0
6988044
0
0
6349472
0
0
5653215
7414828
231963
0
4320991
6824845
0
354881
0
0
0
6319162
0
6364460
0
5100434
3241106
4861491
0
0
0
1734528
6387740
0
6981599
226579
0
0
6294340
6830526
7583065
6546371
7286946
0
4110533
0
1089676
623473
0
7636633
0
0
0
7058338
4728773
0
522423
7212344
0
0
0
2518
0
0
0
5108260
0
1759122
0
2578221
4251082
0
5922969
3189117
5644830
0
3007294
0
4070950
6876507
0
0
7070137
0
2525999
0
7289665
0
0
0
0
0
0
0
486229
0
0
0
7202919
1933867
7230699
0
4648987
0
0
6269312
0
7261524
605456
0
3762991
1962219
3119025
4563237
0
7477935
6024709
0
3486067
0
0
7035122
0
6337285
7581028
0
0
0
7224012
7342779
0
1507470
699
5941725
915671
0
185646
0
7471502
5150676
0
7072984
0
0
0
0
0
0
4345295
0
0
0
0
4833173
7331664
6596601
0
0
3459106
0
3124295
7394585
5241009
0
0
7637087
6961698
0
0
3957642
0
0
0
7165633
5003541
0
3906771
0
0
0
5932245
0
0
0
5629525
0
0
6702471
0
6692244
0
2654301
4099317
0
7572502
0
7650781
6716603
5854321
1282472
0
7655862
0
0
1720000
7205257
0
5703957
0
0
4343259
0
0
0
0
2073595
7233484
0
0
0
0
0
3743383
0
0
0
0
0
6238611
0
0
6416960
2643283
7541554
0
0
6788826
0
6076012
0
2888827
0
6348799
0
0
2553769
0
0
0
0
5800427
6108926
5553455
2281259
5210015
0
507984
0
0
0
0
3079590
0
0
6383863
282532
7012715
1074650
1852923
0
5748883
0
4324440
0
0
0
515803
0
0
0
0
4599843
1903824
0
0
0
0
2545160
0
7712146
0
1720546
0
0
5416527
0
0
0
7037077
0
0
0
433319
6214661
0
7080167
0
4598939
4601563
0
5058581
145
6406806
0
0
0
0
4956986
0
7739560
0
0
0
0
6807780
6199236
0
6433357
0
0
0
0
0
0
0
3858506
330264
0
226140
3485951
6183323
2973616
0
5145264
2855502
0
968906
2845635
0
0
6957837
1658502
0
1175230
7773459
0
0
0
0
3023863
3873609
898719
0
0
1166300
861652
5591226
7677197
0
693
4382168
0
0
6117963
0
7648641
0
4723813
0
0
0
0
999089
0
251209
0
7279308
0
0
843
0
0
0
4432528
5637565
0
1148486
0
7068569
0
6041304
6466912
0
0
5591425
0
3967204
0
0
3853285
273254
0
0
7422542
2713261
49
0
0
3617074
0
3514517
0
5749093
4557771
0
0
3391095
0
453363
0
0
1946721
1052025
0
0
6461103
6098083
0
4191394
4636525
0
5099432
0
0
7719079
6962540
7353740
4708643
0
0
0
2294685
3390771
7115913
3943174
7679159
6747222
4409204
0
0
5507422
0
1496870
7144352
0
5371292
6556091
1780248
7731392
1150840
0
1856615
0
0
0
0
590887
0
732930
0
0
0
765346
0
0
7731799
0
0
0
0
6161016
0
5360658
3477735
2621243
4099186
2749807
7300184
0
0
0
6838031
6490277
6333827
1995189
0
0
510107
7116116
0
5130939
7670366
4790308
0
0
839782
0
0
0
0
7629129
4125559
3419689
0
683221
0
6239537
177745
0
6516422
5178403
7541800
7688996
0
0
185588
0
0
6980359
7631483
7452463
858
6847088
0
1905551
0
5927576
1524996
3634797
3879154
6766134
0
2927735
0
0
0
3493868
0
0
0
6789283
0
0
6791327
6104660
0
0
3249880
3653230
0
2231427
7798039
7531981
0
7394689
0
1997333
4682582
6331008
6370130
1248315
3678428
3496435
299552
6890893
0
7039385
7725671
0
0
0
0
0
0
0
5044209
0
0
6199246
5953930
5354366
0
0
5493763
0
5875573
0
0
0
0
0
0
0
5760686
3630545
0
0
3304018
4630118
4109466
886063
294
0
0
5621722
6987376
0
0
7141023
0
0
5854723
272454
0
0
7655022
0
0
0
6985657
5753070
0
3220874
0
0
0
2361242
0
6894857
0
7613351
7330536
0
0
6777103
0
2
1111776
5369339
6986360
0
466472
0
7308343
1302585
6749059
0
0
6248860
0
0
5318474
0
3002823
0
2695424
0
0
397526
7807827
5089860
0
7239196
6112411
0
761
0
7832037
0
3397851
6611533
7683440
6763960
0
7411721
0
6128529
0
0
0
6622141
0
3755395
0
1684984
7375325
2891694
0
0
0
4121144
7578727
7588264
5722086
0
0
0
6726564
2840665
7348506
0
0
1373362
205892
0
0
0
0
0
0
0
1294199
0
265968
0
5974832
0
3327040
74641
4221469
0
0
0
0
7043706
0
6449140
1520247
0
7692249
0
0
975
0
0
4984909
0
0
6573896
0
0
6533391
0
0
0
0
0
0
0
0
0
1860217
6389958
6082023
5596798
0
0
0
7426386
7842698
6631477
683176
4318907
0
0
5749695
0
1678333
7399600
0
1075495
0
0
5371337
7875149
0
0
7294969
722
7022944
7768633
0
0
705459
0
3646341
4051812
7007820
0
0
0
7091780
2820740
7122555
437750
7340211
563
157445
1252099
3266232
0
7795066
0
2776758
7447144
7800600
0
0
4759851
6721177
0
0
6577612
7793793
6952590
0
0
0
0
4165976
272
0
5001965
3731360
0
0
1317843
6101766
0
0
6853455
0
7734759
0
0
0
3706347
2580702
0
0
0
0
0
3782194
0
7556662
0
0
0
0
5848401
0
0
6857357
0
0
0
6310826
4621724
0
0
3126743
2197920
0
0
3770018
410
0
980060
0
0
4056365
0
5213135
5623166
0
5260435
4072558
0
0
0
0
6980420
0
0
0
0
1016507
7576470
466019
0
0
0
0
7852474
5124469
0
668313
5780861
0
0
0
0
7372240
5996581
0
1387125
7070484
3881049
0
0
1347374
0
0
0
0
0
0
5242744
915794
0
6908197
0
6578540
4650370
7738239
0
0
0
6864916
0
0
123
0
5566670
5998029
402
7408792
4790782
0
7218858
0
6856197
7545285
0
7482577
7366564
647
1020950
4300685
6683094
7093322
7694674
80623
0
5030899
0
6116516
2096761
0
0
911620
0
0
7586139
6514482
0
0
6956238
0
1100388
5457593
6178934
0
0
7378070
5218524
0
4706512
7712407
0
0
7939485
0
3860660
499101
7918306
0
0
0
3542398
431737
0
0
0
820717
4832367
0
0
7562227
6967997
2748709
506857
6320087
0
0
0
7854528
0
0
1991091
0
1688329
216090
0
5667117
1737503
3894759
0
591892
7817576
0
0
5366238
0
3260630
6216788
0
3092109
0
839693
0
7198099
7536581
0
0
0
0
1526344
6631777
0
7912682
3696076
1004781
3806923
7031529
0
0
7713696
0
454
4781462
3036709
0
0
0
0
6208679
0
167500
0
5152063
0
2915843
0
0
0
0
7690686
0
0
4801779
0
0
0
7708668
0
0
0
4502717
3989140
2158579
6444953
5284305
7743587
2614306
7719853
4689992
0
753990
862119
0
2912698
1919360
0
4817110
0
0
7291938
0
0
2953238
1521146
7629160
7632686
241763
0
0
1624296
0
3017198
223863
5748730
6298711
0
0
0
1270271
5675999
0
0
0
0
0
2797150
5348026
0
0
0
7013928
0
0
0
4017335
7272935
0
927645
0
0
6382955
6484106
0
0
0
3948458
6411287
6852356
0
0
7916263
3647745
0
0
0
238325
681661
7212261
0
0
6967559
1255952
0
7610432
0
0
4771973
4117617
0
2502944
0
5566614
3426036
0
6060092
3675324
3827066
0
0
7138911
3486679
0
0
185453
7404014
3564228
1246845
0
6761985
6722626
0
4523768
0
0
0
0
0
0
7021333
247042
7978132
0
0
5002271
625399
0
3630656
0
7901576
5485920
0
0
7904711
0
7897454
1214818
5736850
0
1934039
0
4632448
0
0
7018704
0
7699495
671262
0
915652
3372878
0
0
2327498
0
3797475
7582091
3616907
2718299
1579759
0
7076464
5120802
762331
5080473
5060416
4233482
2093626
0
0
2394468
0
0
0
0
6880926
3963830
0
0
0
6667287
2897201
0
0
6103438
7694270
3570404
0
5368733
0
0
0
0
8018395
1170245
235448
0
0
0
7878662
7579521
6687484
0
0
0
1765237
7430840
4016512
0
7230347
0
0
0
0
0
280929
5651042
0
0
0
2256616
141274
0
0
0
6399554
0
0
3078233
7979399
6921282
0
4432917
6327965
0
0
0
0
999377
2698013
5473930
373091
0
4897316
5234966
2013283
4403371
5465593
923267
0
0
0
4920978
0
0
7182845
3925489
0
0
3526274
0
0
6331727
7544694
4008076
7150598
0
0
7444439
0
0
2144771
0
6100100
0
6395926
977739
13083
0
0
1751956
7576824
0
0
0
0
0
5613830
0
0
7779613
0
7888636
6953997
5547016
0
0
7933507
0
1071693
0
7775595
282942
2350217
0
0
325682
529234
0
7149759
0
0
3125051
0
0
6789193
7976286
0
0
0
0
3786622
1968756
0
0
0
0
5451269
3497594
2379630
7292550
0
6972958
0
3127829
0
0
5812134
0
7519537
0
8004116
0
0
7659856
5715443
0
6443545
0
0
4036248
399072
7588486
179
4831794
0
4234222
466085
7102451
0
6027786
0
7062782
0
0
0
0
0
0
0
1258426
5368733
0
0
0
0
0
0
0
5872152
0
0
6894062
0
6964320
4161699
0
7292
0
1054259
8048621
0
0
0
0
0
0
0
692
29040
0
0
200938
7604764
8000970
4553533
0
1290101
406679
0
2365768
1757287
0
0
0
0
1434695
0
0
0
4056114
131808
7076387
6107116
3195636
2181309
1073188
0
0
0
4733911
5296199
0
1337004
0
1879128
5397359
7962588
861679
0
0
0
6015181
0
2849533
0
8039611
255
833609
6150447
4192516
2168122
0
6523859
1822741
616878
1305504
425148
0
1747002
5838992
0
0
0
0
820667
0
5482462
0
0
0
1248879
384
6792090
0
866123
0
3508546
0
636
12492
0
5958642
0
343
7526215
0
3303234
0
0
0
2498982
2705076
0
2647059
0
7410791
0
3663982
7262861
7385748
8034564
0
4483957
0
0
7819918
5664640
0
0
0
18241
0
0
7628677
0
6169775
2001414
6130954
0
6624688
0
7017298
0
922342
0
5889721
1453473
0
1645210
7286876
4169181
3308489
274357
3663758
6057304
0
7669335
0
0
6113904
6783926
6193108
0
0
0
0
562379
0
0
3916679
4638732
0
6681633
0
33
3185698
0
0
0
8106045
4097134
3959797
3397709
0
0
7467688
4088634
1134276
4429156
0
0
0
0
0
6567306
7211742
0
0
4917059
0
635688
963420
6204302
106134
3008618
5882820
3774419
6949920
0
8110037
7720298
825995
0
7329868
0
4810372
5610058
0
0
2395765
6291621
0
7232320
0
5578730
0
8059998
4269585
0
5670788
0
7188012
0
1703584
7210960
0
5738429
0
0
0
0
4250789
0
4601845
8018907
6138306
6482483
7237636
3106825
0
0
0
8002591
0
4944394
5059536
0
0
5642652
0
6714996
0
1034142
0
0
0
1322174
8099838
0
0
3938303
0
0
0
0
0
0
7952625
4653675
0
7457446
7588386
7915009
0
0
49876
2095609
0
576
7201790
7235267
4457858
755
3300766
5943966
0
3002238
6783760
0
0
0
0
2843601
569727
0
7388381
6978549
0
5368975
6541957
8033229
7278202
7696891
5799726
0
6356347
7910256
0
3304667
7566573
0
7992968
8102044
0
0
257
557236
5931146
0
4519516
0
7775774
7736180
0
0
0
2449597
0
6291362
3261244
8092071
0
6314671
4057585
0
6800737
0
0
6216650
0
0
5211413
4924564
0
7890879
0
0
6817558
0
0
7122610
0
0
8056369
258
0
0
4041233
0
0
0
3558729
0
4267681
0
246594
2227474
5289724
0
3631566
7240086
0
0
0
8130627
0
7544904
0
2520023
8060391
6291693
6145802
1297692
3938698
0
0
6941859
0
1385915
7146941
0
6354814
8048984
6941135
0
0
0
3004639
0
3408933
5111253
983166
0
1356719
5727803
0
7146313
0
0
7092355
0
5467978
0
0
1295394
0
0
0
0
450662
8096804
0
0
222
4022372
1022473
0
1063572
3883900
0
207991
6759972
3254582
0
0
0
0
5645790
3552153
0
0
3058138
0
6811309
261340
3295468
0
0
7804526
0
0
0
5836130
6925970
0
0
3275289
0
0
3790465
0
0
0
0
0
7278005
125782
3892958
0
0
0
5442432
0
0
7756081
7904434
0
0
7748894
2503965
7755784
3356829
6962770
1808868
0
250
0
743451
0
6310756
0
0
0
0
4231739
6105560
0
800313
5118462
0
5031797
0
8166689
8186884
0
0
0
0
7909156
0
5161546
7694769
7848109
3194103
7127731
6660689
0
0
7429986
5002681
4365610
3939454
0
4086781
0
4844366
7684557
0
0
0
4778368
0
4959527
0
0
0
0
7946122
5481546
6326641
7841734
1013179
0
0
4133
5692156
7647708
4997512
4631213
3080729
0
7741534
5344495
28675
1485007
0
8094731
6165925
6140450
6185176
0
4676399
0
0
0
3654458
448422
0
6332228
3839551
0
0
6356961
0
0
0
7818603
4603327
0
127527
0
0
8001540
4932464
2188420
0
0
0
0
0
6675245
2228308
875
0
884
1920401
7065939
4649746
0
0
5634240
6957857
0
0
0
0
64
0
0
0
0
3992886
0
4577442
0
2821572
7322448
7256780
0
0
0
0
0
4433450
3698975
0
1149188
0
0
0
2660760
0
7657914
0
0
7292585
0
5791203
8163574
4010319
3790787
0
0
1656651
0
804284
7979187
0
0
0
926589
7769959
7521875
0
0
0
1850272
30782
0
532505
0
0
6893466
0
5295568
0
0
6628617
0
0
0
0
0
0
2342334
7583846
8222851
5800351
6687444
0
5797631
6316353
1704842
0
3792389
7713699
3675289
33196
0
0
0
6661157
0
7166062
7751649
0
5938220
259120
0
5372596
0
7901187
2030292
0
7314031
0
0
1033294
0
7534114
0
0
0
0
0
0
7266380
7827372
5371138
3063040
0
0
2261434
2216854
0
6339188
0
3091966
3991404
5738007
464
6627460
5928664
7936347
0
4115999
0
4729374
0
4348446
5183475
3069721
0
0
8237940
198242
762986
0
4661995
0
25646
7356546
3088011
0
8132283
0
0
0
7938233
3700870
71368
6163702
0
69025
0
2639224
0
6989173
0
8121611
590486
0
6401773
0
344754
0
7180387
6897345
8158499
7781687
7713660
0
0
2006175
0
0
0
0
7402052
0
6423075
0
2788309
982921
0
0
0
0
0
6408073
0
5969363
963568
0
0
6225214
2852045
6690014
2016986
6956100
8252786
0
6212280
1060754
0
0
0
8228111
0
0
0
0
3481705
3069639
0
0
8214168
7887718
6034750
8181073
0
5742814
4729985
6567506
1888081
4642361
0
7791959
0
0
0
5136694
138602
0
0
0
0
0
0
0
0
1136319
0
0
508408
4507656
8133382
0
3095252
220576
0
660669
3402512
8036823
6772629
7824126
0
8172989
4059095
0
1607776
4778236
0
8167082
4277242
6929082
7111766
0
217246
3087983
5101710
0
4509621
0
0
6647796
0
0
7920583
7804278
819
0
0
7435321
0
4166152
2369004
0
6544673
0
0
0
7424342
357971
1111739
8288623
6100233
0
0
2531653
7370101
1868706
0
7922568
5936866
8138251
5449137
5076598
7069558
0
0
6704390
8250464
0
6396646
0
0
0
0
0
7640720
0
4442999
0
2808902
0
8024563
4966331
7433668
6205168
1017278
8225374
4083433
4990926
7243327
7943131
1683840
0
41800
8037344
7735301
5681152
7520725
0
744091
0
7076479
6998332
4974632
0
0
7579316
3150695
7525713
8251594
0
428023
2431824
7900947
0
84668
0
0
6140951
0
8117843
0
0
0
0
0
0
304060
1326588
1643351
7624673
0
7287649
5642389
1561228
0
0
0
0
6996856
0
2947510
0
0
0
4023748
7974491
0
0
2066399
0
1945310
6115142
0
0
0
0
8049506
5620387
0
0
1422383
0
0
8304434
3838594
4847984
0
5949139
412
7455452
0
8156153
0
979
6213982
7840518
7974940
7036713
0
0
6709359
2946509
1013416
0
7903502
5099007
0
0
0
0
0
0
5009799
0
0
3524653
7829311
0
1683130
5626879
0
1279210
0
8050751
0
0
1167972
0
987505
7855259
0
0
2447343
0
475990
5947349
2120787
0
999197
7818380
6138387
5645790
0
8056475
2847329
0
0
0
0
0
0
5679768
2571018
388
0
0
6528832
322
0
0
268026
0
0
0
7944157
0
0
0
0
4786664
6385527
0
5794147
565668
2131305
0
0
1749415
7364931
0
7262467
437428
7426181
7697599
7318429
7793247
0
0
0
1793986
0
5935883
1893657
0
1138773
116
0
0
0
0
0
7778482
5129270
0
6964789
0
0
695971
2009013
0
0
0
890343
6543737
5227571
0
3044476
0
0
8031050
5821683
0
1626122
5679748
0
8180378
0
6591027
0
609450
2497526
5671629
6152131
4153534
0
0
0
0
0
6290522
5483033
1357209
5134978
3176727
0
0
0
0
7776028
3824439
0
0
7994787
0
0
0
5278647
2771781
1554870
0
0
0
0
0
7744919
5292309
6742010
0
0
5170878
6248968
0
7718830
5932501
0
1389204
7881631
2812894
0
7343531
7503237
0
0
0
8213712
0
5613318
6066564
4632103
1563004
0
602735
0
7249876
1592280
0
0
8235067
3327689
0
5291178
4778238
8159559
0
6970779
0
0
2293826
3688359
2234663
5150850
0
0
1871455
0
0
4533822
0
0
0
0
0
7403787
2712516
0
8317733
2513189
2455470
0
0
0
0
6973673
2568394
0
0
196
3899048
4898434
301323
0
0
8300998
0
0
3333842
0
5521231
0
0
0
6825183
3924883
0
0
2017797
0
0
0
6155622
0
0
6728009
0
0
0
0
7325194
0
0
5438180
0
6247813
7660999
3818144
0
6498083
4380905
0
0
0
0
345846
0
0
1871991
0
0
0
4831635
0
8082319
0
0
7974954
0
7714737
0
6065511
2037346
0
1734170
5708050
659
8152888
7645422
3098514
0
0
0
0
2286302
6696930
4189054
5227436
7465722
0
6881395
0
8139217
3853191
0
0
0
0
8064200
0
2230881
196577
0
8365236
2011559
0
0
0
0
0
0
0
0
0
0
6647817
0
6458846
8105824
7703533
0
3856703
0
4990037
1552206
0
0
0
17826
7065519
7045642
3546868
7129445
926471
2417297
0
6881901
0
7944259
0
0
5804481
0
0
0
5395284
3900860
6312515
0
8405914
5194116
7371879
0
8277315
0
0
0
6203263
0
0
0
0
5477393
61379
0
4329490
7555169
894315
0
59734
790254
4759183
8038391
1641341
7325477
0
5143987
0
0
7162432
2527434
8035598
0
5628205
0
1652411
0
620875
0
0
1234443
4329464
7621912
773367
0
7277801
0
7942587
0
0
4929185
0
0
0
0
0
0
5450093
0
0
3032467
8141467
0
0
1318275
8238901
4189464
4554808
763232
0
3709280
0
6872840
7146514
5567570
989246
0
0
0
5942941
2776571
2794896
0
8325340
0
7348931
0
0
7024113
8379162
0
3579436
0
0
0
0
8352237
0
0
5513482
0
0
0
0
5391359
7282541
4466608
8423001
6947044
0
0
332848
2376049
0
0
8423057
0
0
0
0
0
6336467
2325844
0
0
92530
0
0
625441
8060471
4972871
0
0
3273168
8329307
8407054
0
597059
4167096
4120838
0
0
4277338
0
4078462
0
4454483
2223202
8334710
0
8408102
3854707
3883878
0
3244163
0
843741
0
2507316
4815722
0
7856325
0
0
0
0
0
6741867
0
0
0
0
7388781
0
0
1132345
492033
8105914
0
0
0
3216269
0
0
8011860
6037893
0
2650635
340
0
6191406
0
6895880
0
664507
0
7998474
6392719
0
0
0
1503003
4778021
4011052
0
2130826
0
0
2077553
0
1035956
0
0
3175800
0
1659749
0
7733747
0
5011374
799700
7065659
0
4620951
393029
0
0
2671969
0
4227793
3301034
4227001
3016815
7904481
5278256
7916405
0
8023346
0
0
0
8208182
8328350
3528870
7174016
5326227
0
0
8094608
0
0
132
0
0
5155321
3956751
0
0
0
5376693
0
0
7852519
6880761
0
0
7218851
0
0
0
0
2929001
7732878
7512450
8142737
1325383
0
6348944
6656521
0
0
5834272
832352
0
7624547
7145097
0
2429445
6611622
7334633
0
2690630
5358845
4729161
0
0
5714392
0
104618
4782569
0
191
0
6374658
0
8455340
0
0
0
699194
0
0
4049858
0
0
0
0
0
0
4759406
4884681
0
0
7651216
0
0
0
3457453
0
4455405
1726911
1606511
7079265
7475562
0
0
6170173
8052978
2624099
7041109
1749748
0
6224522
0
2038196
340702
6049619
0
7850558
3717247
4112772
0
8461583
6535200
6844702
186
3402943
0
0
0
0
3946413
6915424
0
3319362
0
0
8206628
0
5290720
6264373
0
3138844
0
3387556
7810680
0
0
0
6835225
1061080
0
0
7847084
0
0
0
785759
8109991
6533608
0
2116192
2616552
0
4454230
0
5310792
8317126
0
0
0
3727046
0
4832597
0
418928
0
0
0
0
2289965
0
0
0
2494101
3654002
0
0
7130118
5032912
0
3107962
0
8275476
0
8334924
3483998
8001786
1136897
1304228
0
0
3484392
8027717
8092098
0
0
0
0
3755807
8402696
0
0
8404616
7057463
8182389
0
8155523
0
0
0
0
717184
8320929
0
0
0
0
0
0
0
0
3940605
4484332
0
0
0
709658
7347576
4446886
7831700
7954388
0
0
3059219
0
5697382
7986793
5137926
8487384
2665231
7960317
0
1819018
4375851
0
6093821
505255
3323644
8377508
7382652
0
6946321
2509054
0
0
5547733
0
2965576
0
0
4574859
6750732
5153943
5676830
0
0
6810904
0
8509722
8419186
3126927
0
8061688
0
0
8091910
8238465
8551784
3720838
6275775
0
7521961
1952915
8183138
0
0
1562020
0
0
5934914
0
0
0
0
0
0
7602163
142568
0
4433040
6680498
86537
0
0
0
5960856
0
0
0
8059054
4804849
723
2791407
0
0
0
0
0
0
31405
0
0
0
0
7325193
884789
0
0
0
7579340
0
2753096
4113987
5393730
0
559258
0
0
9974
4018513
7201367
4845138
6890353
1748563
0
0
8487180
6693959
5883226
4173687
0
0
8293995
4649746
513288
7600454
0
7551651
7359272
311811
4676970
0
2734397
0
8546988
3251126
0
8430220
0
0
0
2280852
0
639892
6266902
0
0
0
0
538715
3393711
8558917
0
5338132
5615498
0
0
0
6120763
0
0
0
0
0
5125963
0
0
384730
5051435
0
0
3932472
2589241
7667452
6170993
5743690
8282704
6324992
0
0
8380206
6724213
7898851
8023139
4421355
7487600
6802752
7947871
4909174
0
2034251
0
0
0
7464536
0
5432688
0
0
0
2051313
4815624
0
0
1570224
3754964
8000635
7024534
6384584
0
0
7034450
0
0
7966314
0
8062464
1562537
5782866
0
0
0
0
7334894
0
0
0
0
5940900
883891
0
0
0
3251587
0
0
0
5360012
5604122
0
0
0
0
4833010
5450471
0
682470
7838230
3286576
7978710
3493868
0
0
0
0
0
0
0
6603196
2534485
2527366
5888520
0
4385080
7023308
2006763
0
5171324
0
0
0
537846
0
8109649
1984613
0
7849277
0
7859045
0
3437784
1520245
2449734
2561912
6511902
6942962
8237556
7149038
0
0
0
0
0
2822153
0
3253522
0
0
0
0
360897
0
5855530
8417610
2542800
0
7362542
0
0
8581386
8089850
8256425
0
0
5933718
7897691
4539824
8058066
7953053
4616479
0
2748630
4258424
0
1826547
0
0
1623654
0
8121334
0
0
397151
3748669
726
0
4414687
0
5614609
7603034
0
6215833
0
7357885
0
5994763
0
6289387
0
1914194
0
773583
5887245
3739776
0
0
0
2309681
3662045
0
0
2869037
7397523
3887126
3639520
6876727
1403377
5420708
2666415
0
295
5167262
0
0
4083828
3040999
8212039
1527398
0
0
1482809
0
3946727
8337352
8450499
0
5768866
8580245
0
0
0
0
3046153
0
0
0
0
0
6783624
2871648
5344144
0
0
0
0
1820578
296
0
6476292
0
8615507
0
0
5006384
4572159
0
6072684
4593576
0
0
6159768
7663589
0
6909296
5566863
0
6949541
0
7942921
1986275
5805130
4962983
7738488
765623
0
0
0
8528399
1021576
6661661
647301
6319962
1411298
7080706
0
4486195
0
4060510
0
0
0
6607159
4600656
4079273
115885
7517481
0
0
0
0
869
6802166
3860024
0
985
0
0
6799416
0
0
0
7005119
0
671705
0
8083321
4294769
0
0
3975818
0
525167
0
4647611
2071441
0
1095580
0
8635588
0
0
6007233
0
0
8283835
0
0
5287243
0
0
8105863
0
1317828
0
0
0
0
4010067
7078359
0
2956544
0
0
5145912
0
2564429
0
0
0
0
0
0
0
0
8166474
1205586
286585
0
4613661
0
0
0
0
8531665
0
0
6453202
137385
0
0
0
7788378
0
0
0
8190177
0
0
3102929
0
4632551
0
7023571
0
7582936
5974073
0
0
4448422
0
6265660
8357104
0
3475282
5239956
7765386
1415570
845016
0
783
0
7260135
0
0
0
1766931
0
0
8514968
0
2369004
8322771
7878171
1737203
0
5506487
0
0
0
4883239
6075808
5695794
0
4312717
2692804
6906309
0
8339965
0
8561505
0
8595318
8539666
424144
7691494
8273076
0
0
0
0
0
0
0
1158351
7784389
0
136122
0
5957215
0
5520104
7807026
0
0
0
3780306
0
0
0
4777632
0
6632666
7172418
0
7986903
0
8524410
0
0
0
7936416
0
0
0
0
8616804
8138826
0
3527370
6948150
0
7905061
0
2231325
6492349
3370203
1502469
0
4288329
5160055
8283718
0
0
0
652774
8554412
8416929
0
0
0
0
8124145
4651208
6046127
8065170
0
6725628
5360544
8006881
0
1011542
0
5776789
3703516
0
0
0
458
8841
0
1338
0
8138498
0
0
6535944
8619300
8237315
6629058
0
0
0
4779282
103044
0
0
5824156
4741687
0
0
8486621
58797
0
0
8415770
0
0
0
8481144
0
0
6310082
0
0
7961128
475073
0
6875097
916680
0
1575972
3358114
3542330
0
0
6866286
0
0
0
0
0
5402667
0
0
8510098
6106768
0
0
0
0
1781639
0
2664392
6439350
6037825
0
5582597
7812436
0
0
1229036
736584
0
0
8142405
8376604
0
3196020
0
0
5285046
945
0
660213
5331725
0
5780480
0
6249566
0
4235260
5246296
0
6536375
0
7117159
0
0
0
4580566
6779652
0
0
0
7664067
1544533
0
8174183
0
0
0
0
8115864
0
0
42
3344062
0
0
4615959
0
1081193
0
1979217
0
3129736
6346541
0
8714426
7701173
0
7082928
5194695
7295478
0
6163380
0
4756040
8360695
5346212
3697225
8437631
7032338
0
2451915
2216437
7194028
0
0
0
0
0
7215034
8056344
2296201
3197534
0
61375
6956073
6037356
0
0
0
0
7093613
4448397
6588824
7782590
8196099
0
6550503
0
0
395255
4207935
0
8277682
8576566
7677900
0
6282299
8024309
0
0
0
0
0
2520237
0
6
5745078
0
4576752
0
2296651
0
948457
1893339
8534741
0
7910182
6425687
0
0
7280919
0
0
0
0
0
0
0
0
0
0
0
0
0
0
8483356
2100148
0
0
8316202
7173764
6117438
5026278
4105813
5628916
0
6922590
4870321
7060929
0
6926842
0
7848377
5553774
8540816
0
7261296
0
7740042
0
1444022
8671996
0
8480835
7729596
0
0
3965671
4596658
2458460
0
4232528
8334594
0
0
4808528
0
3428002
0
8418557
0
0
8674775
0
0
0
4448436
0
0
7745219
0
7775147
5033663
0
0
4152313
0
0
0
511
0
0
0
0
4245096
0
0
182
381587
1909752
0
7476178
2989563
0
0
6207495
0
8514371
1560125
7026860
0
3587441
8697063
0
0
0
8732598
273758
2741354
0
6691355
0
8502162
5678523
0
0
0
0
7739183
6875399
7420511
0
1537016
7060076
0
1552913
6886960
0
95739
1081795
7822632
6098029
0
7982730
0
4659692
7937101
0
0
0
0
8715434
864
1686040
0
1755031
0
559876
3234140
0
0
0
1344295
7148974
4620363
8137778
0
0
0
0
0
7988764
3631403
0
7137549
8745552
0
7701928
4313089
7485284
0
0
890138
579841
415962
0
8724392
5358559
2026719
0
0
8288813
0
8509324
7162842
7878328
0
0
0
5791808
7267289
0
4342430
0
0
6671403
6771488
8806749
0
0
1036602
7203554
518429
2531389
0
4867818
8490187
0
7417449
8635980
0
200555
0
0
2662429
6693810
0
0
6138308
0
0
8488343
0
4604658
7617634
0
0
0
7912925
0
6110785
0
0
0
0
0
6303486
0
4324192
0
6032952
8405979
683526
7006953
0
8481792
1009426
0
0
0
0
0
0
0
3913175
0
0
455
0
2080307
0
6362766
0
7059650
0
7817235
0
0
0
8701525
2267347
6568361
8704906
5338869
7476806
6249055
0
5114219
0
0
6929144
0
7287254
0
0
5144363
0
0
0
0
7840726
0
4184692
8024263
7626697
3415281
5369323
0
0
0
0
0
0
8460454
6481857
8322438
7805243
0
117467
0
0
0
8062394
0
7005168
6715432
0
8236801
1173816
2550578
0
7834495
4042803
1450684
5886318
4485612
5012242
0
7820454
8831274
1151721
0
0
30
6276308
8710504
7876579
0
0
0
0
5273397
0
0
2593550
4615980
8628426
7111623
0
0
6462976
0
0
0
0
0
0
0
0
0
435462
180951
2576180
0
8587733
5327721
0
1760788
0
0
518682
8382325
0
0
8278935
0
0
8118622
5078688
3246896
0
0
3810390
7464195
0
0
0
0
3408784
0
0
0
0
8629512
0
0
7998450
1227639
0
3135714
0
6529053
2096968
0
3809601
0
0
7771686
6219768
3031889
8744166
244522
0
5474156
4031103
0
0
0
0
0
6078404
0
5871590
0
0
0
0
373407
0
8514362
0
8693061
0
1378578
0
0
6004696
7563520
0
0
0
0
13
0
8146305
2234506
5303572
0
8601554
7741027
7016029
0
8109842
8065589
449586
8127869
0
0
5475126
379
1963581
892
685369
8309323
0
0
7708827
0
0
7801325
0
0
5247001
4941441
0
0
0
0
0
0
8672662
3485150
8477503
0
0
0
0
0
0
6405486
7083668
1847413
8831301
0
0
0
7201103
4183632
0
0
0
0
0
0
0
1302816
0
1001090
7760364
0
5979975
0
6006101
4047266
0
0
0
0
685018
6273710
0
5645176
0
2954833
0
0
0
4047178
5906956
8370215
7462775
1035747
0
8073854
0
5408942
5919777
7534801
6304140
8523227
6267593
7418824
0
0
5385394
0
0
8698900
0
820
4014281
930573
0
8795142
0
4292816
6901235
7331541
1081610
0
7591132
0
0
7869639
0
0
1785343
8840339
0
1268797
0
0
0
0
5713729
0
0
0
0
8739078
0
0
0
460
8715800
2181451
0
0
0
6587881
0
4362031
0
8552635
0
0
8352060
0
0
3601895
964
8577101
7232179
0
0
3529198
0
7826663
0
8632665
0
7062712
672809
5888299
0
2408072
0
0
6558638
729585
0
0
0
594
6578444
0
8273120
0
0
0
0
0
0
7133570
0
7716463
0
6468857
0
7709388
3400893
0
0
0
7107997
3702974
7998704
5131346
3093640
204
0
0
0
0
0
6523423
8378287
0
4484332
8245072
0
0
8589113
5267367
0
8127894
7477405
0
5269975
654484
8597966
0
7682476
8228196
7423485
0
5753550
0
0
2963535
1026980
8533879
2250157
0
0
0
0
8382895
0
7710821
8854807
8784081
0
4577217
6309848
0
559571
6612222
4934550
0
0
0
2378815
6953041
8776020
7143903
4782551
5989058
257979
0
3855355
371920
0
7608854
0
0
0
0
0
0
8890151
0
0
7389927
7527448
3189752
0
7213864
3815404
8891764
8817883
0
0
7048432
0
7996896
5411905
4965800
4014815
2781448
0
3215432
0
5534498
8139509
0
7666701
6209505
8584792
296
0
6591662
8745840
0
0
4318775
0
8334489
8651229
8319109
0
0
0
5384934
0
8272895
8309305
0
8627678
6599172
3438299
7086328
1545009
0
0
7771368
0
6410136
2545528
0
0
443991
0
4036889
0
6817342
0
0
0
0
8370247
1727477
8595297
0
7371902
0
0
7359497
6204878
273368
0
0
0
927436
5320411
0
0
7994956
8096146
0
0
5937402
6271967
0
0
0
6895850
619
0
0
1379189
0
276087
0
6404810
0
2351053
1484598
0
6793641
7330232
3683690
6424738
6221017
0
6977725
0
2715810
4111434
6030304
8407598
4976003
5879553
0
8697167
7668055
635677
5835983
7608601
4619042
8657891
4577821
0
6823222
4258856
1737398
0
7161032
0
5125347
7780705
4551420
3904057
3983174
7647256
1817358
3464628
8273713
4166521
0
0
7214414
0
0
4370197
6854411
3937658
0
7590251
0
4361195
0
0
8751346
8675257
1011262
6143836
5724257
2331486
5649341
8785075
7478028
0
3753515
8021541
0
4968647
0
0
0
8449784
0
3696284
7645804
5574983
8847519
8184518
8907741
3399187
5571629
0
0
7744749
2599496
7909272
8926349
0
6437957
8821384
0
3403875
8931245
5540659
0
0
2971094
0
1978131
0
4922232
8803349
7444719
703620
7879534
8197886
0
203917
0
0
0
6659535
0
7725364
0
0
0
8453170
0
2211316
0
0
1324113
0
0
0
0
0
0
0
0
3873161
0
5971231
0
0
0
0
0
0
7487634
0
5530844
6550503
0
0
4704861
8049539
0
0
0
8988122
3311329
4897083
5477595
8651770
0
7861327
8726992
0
1430049
0
7607265
0
385265
0
3247208
0
0
5426401
7871300
3672061
4867087
0
8483831
8128723
0
8591730
1379887
8652398
0
0
5527971
0
837
7481949
0
0
7866947
0
8981128
3578888
0
3779593
0
8001541
3438656
5529339
0
0
0
3414539
0
0
2883742
0
0
8787466
274800
88434
0
8486732
0
0
2338825
5463421
5840929
2601752
0
0
0
0
8657043
0
5288856
0
8974304
1815995
0
8745050
0
1847762
0
5850725
7319703
7163171
0
0
335355
0
0
0
0
2790481
0
0
0
8704971
8290628
7564218
0
5123683
2091168
3391226
8256014
7207483
6470643
0
0
8226709
3430413
6454461
875681
2269326
0
0
0
4491743
4669766
0
0
0
0
0
7911340
4485550
0
0
8996764
0
0
0
0
0
0
0
0
5523964
0
0
0
2832928
0
8782213
7890862
0
6029419
0
6782164
0
5467361
8770556
0
866395
0
826533
241
5140718
7330824
0
6470985
8359361
0
4273592
8436480
6247245
6698617
4269155
8969132
2129278
7319518
8901151
0
0
7820775
4163894
0
8737764
0
0
0
0
827312
0
0
8596463
6798975
9002935
7665825
484482
0
0
6940706
3797705
0
0
0
0
744410
0
8642451
0
8055791
0
0
8487617
0
8557197
0
0
8214712
0
5909157
2304801
0
8901209
0
8953654
0
0
0
8278725
0
0
8760925
6272516
8917125
0
494343
0
0
2
0
8738950
0
5211811
0
0
8723993
8741039
3634804
4879601
8443636
8877407
0
7667122
7908138
0
0
0
0
7783257
6410931
0
0
0
0
1455938
0
4539481
0
0
4387471
8423156
6177119
0
7398335
0
0
0
0
0
1555954
0
0
8973481
6303151
0
3463188
676152
8795818
479408
8991695
2238707
0
0
2488092
7043698
5521891
7409277
3325917
0
534
0
5902221
7918486
0
3363281
0
0
0
0
0
7792901
3496240
6760347
0
8270398
8478965
0
1430511
7946214
7103878
7038699
3592760
1269550
0
0
0
0
0
0
9029855
0
8738986
0
0
8766551
8408463
4066469
0
0
6751501
3421568
5942105
0
0
0
5278987
8871310
0
1509948
0
7741879
0
0
8952937
7872882
6993653
0
4959135
0
0
1775732
0
4008481
5299963
8485809
0
3937579
219
2459271
7457614
0
4486007
6999161
2377261
0
0
0
1889102
8723818
0
0
2676996
9006635
0
0
0
0
0
0
8920693
0
0
0
0
0
3367748
8524233
7645526
0
0
8960566
0
4139253
0
8185352
0
828
0
0
0
4069189
1730081
1984586
0
6582777
0
0
0
0
0
0
6272922
7408791
4401848
0
7892841
0
0
0
2425737
0
0
0
0
0
8815145
4189240
6032159
0
0
182919
1280726
1545205
5907673
0
2521328
0
0
9500
0
0
0
0
0
0
0
0
8551882
0
8264012
0
1077582
0
6397782
0
0
0
3353989
7251407
0
0
0
0
4174185
2336892
0
6005986
0
810972
4530020
7202571
0
6750433
0
0
7201752
5180028
5134029
2128914
0
0
5908606
0
1827977
0
0
0
0
4752970
8482776
0
0
0
691011
5761639
0
0
0
604420
0
5551226
0
0
8417661
0
8170969
8953964
431606
0
0
7117006
0
7063624
4514749
0
0
8117419
0
6611826
0
0
0
8879874
2197709
4476355
8441150
7921139
0
7785121
0
0
2656497
0
8528546
185588
0
6708635
7327
0
0
1528870
0
0
0
7682524
2467292
2851396
7044036
7813257
6482441
8027675
0
110439
8443885
8602793
7309881
6879060
8828422
1899334
1745895
308461
2116108
0
3032127
0
5421480
3607667
7890552
309639
4338538
7339689
0
8377611
8520962
120
8739150
0
853
0
0
0
0
0
0
2810537
0
3483590
0
0
8114549
0
0
8967561
0
3630703
7036839
2150216
3413364
3766264
4948023
0
4812989
0
0
6665258
0
0
1364831
8061219
0
0
0
6340205
0
0
0
2341175
0
0
0
0
0
4961756
1416019
8517688
1584761
0
0
0
2503754
5016745
0
8857937
7719141
0
0
0
8128225
1744778
7406309
0
0
0
7017812
0
5900444
7492097
0
0
3644314
0
0
5798609
0
8905633
1833480
0
5397036
4220352
0
0
0
7876372
0
8479445
2118423
6376013
0
0
6826985
0
8613372
0
2203590
7418072
0
0
0
783463
9105891
0
0
0
0
0
1881711
0
0
0
8942988
0
4964788
847432
0
0
7870765
6241253
0
0
0
5748946
3078652
8802451
3342287
0
0
7993656
6050659
3484186
0
0
0
8094070
0
0
2291888
0
0
8372472
0
0
8990513
8254794
0
7255050
4879248
8099030
4921473
1090844
0
3714571
0
0
0
8367508
3524542
5887650
0
5273419
0
5244861
9155939
494355
6812607
952
0
0
0
9023222
0
2083410
6515621
8084431
0
68
7404948
0
8848874
0
0
0
8520427
0
0
1206465
615318
0
0
0
0
0
3413101
6856160
0
618584
0
0
350848
0
0
2232669
8852286
0
0
0
7444363
3349570
0
4410073
5270991
6251017
7755591
8912139
7995246
3381390
1692877
8889213
3870804
1844641
4879283
7238464
0
144515
9177941
7694411
4055822
0
0
0
8633567
0
3322936
7590103
6050914
0
8052743
6596718
0
8947243
0
6594652
6498167
0
0
4360791
3025
9139197
0
3529268
3159970
0
7290558
3914798
3270209
0
469391
0
0
0
0
0
8054811
6972314
1213150
8373648
0
0
5768414
0
2899970
3468004
1919457
0
7127786
419
0
0
0
0
0
2226180
8000662
0
5012913
5011656
5267078
4848854
0
2606542
0
4498248
0
5741029
0
8755825
4069589
4027871
7832151
1233699
0
0
5329621
8262862
7269209
6308993
0
0
8265385
9052164
6343358
451996
9180263
0
3739490
0
0
9005636
0
32140
7269873
8593497
0
0
1584420
8799893
8848309
3822898
3646926
1623365
7774145
9159954
5600984
0
0
5317249
8173125
5217741
0
0
4048845
0
0
1747269
0
0
0
4898282
0
0
0
0
3382144
5624005
0
7875172
7358827
7482473
4633867
5276017
6488458
7292152
0
0
5978667
8721528
0
0
880849
7784728
0
0
0
2798653
460333
0
0
6215908
0
0
0
9120257
0
455704
0
4109382
0
0
0
0
0
7581731
4469001
6490109
9125173
8150384
8809863
0
0
0
0
9124470
5265894
2871417
0
0
0
0
0
0
8131298
8095639
0
8323383
0
0
3960039
0
0
1844247
8116689
0
6778447
8629392
1966239
8230312
0
7440624
0
0
0
3079109
0
6722526
0
0
0
0
6685951
0
8890803
0
0
0
0
1698450
0
7838958
0
7386140
0
0
7553627
0
845
0
0
0
9123761
0
2027429
0
0
214230
0
4784395
7020638
0
0
6166227
0
254
0
2703445
0
0
0
0
6014844
0
0
0
1139483
8684117
3924451
175330
9057119
4445963
0
0
0
0
0
0
0
6150439
1583875
0
6717078
1335404
0
5635735
0
0
7713761
0
5476108
0
9232655
8374038
7050784
0
7484119
0
7598798
5008842
8156367
0
0
0
860
1908925
0
918
0
7552255
0
0
3462878
0
7720151
3345401
0
9227558
6985826
8278729
0
0
24249
6584491
0
5319792
0
433350
0
0
0
6008856
2463407
0
7576518
9166466
1946380
8899741
6725635
8534140
0
0
7375060
0
0
4381102
0
0
0
9019242
0
9007930
0
9266704
5709952
7930801
7564218
4631181
0
0
0
5388092
5690087
5346544
108
715
0
6812112
3168428
2887898
7443211
0
0
821
0
0
0
7260412
0
5782903
701
0
2407636
9223417
5841300
9154650
0
0
6628259
0
4529677
0
2320900
9163402
0
0
951693
8094520
9159267
0
4549352
0
157423
0
0
0
0
0
0
8489938
138777
7117712
9147815
6596917
0
6037886
4462775
8213719
1385
0
0
7422215
0
0
3940063
2688789
0
8994944
0
8983323
0
0
3809510
0
0
1296457
0
5933458
0
0
7098621
0
2249811
3912315
9258338
0
7451368
9070387
1348652
0
0
0
3092760
7250248
0
5768647
7725653
6758275
0
3149809
6644694
9020778
57082
0
0
0
87401
0
0
0
3559474
0
0
696296
0
122
0
0
3857420
0
4537118
0
8056663
5660167
1000
0
8395599
4814237
0
0
7484187
1713413
9141455
5104444
5901484
1628437
0
0
0
8484875
921
6448039
0
3331962
0
517458
0
8271932
0
0
6077756
0
0
8197661
3359793
0
0
0
0
0
0
0
9120132
8601634
0
277449
0
0
0
384
276815
7769785
0
1985072
2101001
0
5651410
6658344
0
0
6998010
708
4467520
0
0
0
8755270
0
195700
6804977
7433025
186
0
0
7879673
0
296457
8188356
0
8494422
6330158
0
0
457
4009681
0
8309148
7007944
0
0
0
4413651
0
0
4543950
8611682
8259028
0
0
0
0
4412729
7778924
5460620
0
0
0
663573
0
0
0
8783993
0
0
2715211
4582707
3516594
0
0
5404341
0
9278756
6231292
8943482
9037646
1505154
0
0
607905
3263441
0
8297540
0
0
0
8516098
3389409
7352003
8214915
0
1865427
0
6824838
0
9276250
9165343
0
5051214
2007541
0
9001269
0
0
0
9233082
0
0
0
1967779
0
135639
6649902
5589432
0
7564839
8766944
0
0
0
0
0
8882187
0
0
0
7601331
9069959
4434881
0
0
3376026
8889376
0
721
9001829
3040748
0
9314863
6619971
0
129433
0
1182332
8750632
6436231
6579736
0
0
0
4226332
6112800
6848005
0
0
9119595
0
8807293
0
9186704
0
0
0
0
6562635
0
0
0
8170351
0
0
0
0
4878673
0
8488926
4216027
536083
14714
7197415
8523908
9156328
0
2802163
0
94
0
9246070
7246203
0
9269889
0
7704737
8867525
0
0
855495
0
7636903
1789424
2469851
6387107
7759975
9214583
7490045
9272326
294313
8528406
4104421
0
0
0
0
0
9199965
4973063
0
2154770
9094752
0
0
3739417
0
0
9135612
5800041
0
0
7163018
15745
0
8383985
0
6800942
5959698
6734128
5116631
3063478
8234083
4521124
1155074
0
3740954
8437669
0
5056
9071793
3331245
0
4934729
1351533
4317242
0
0
4459484
0
0
0
0
9069764
0
0
0
5852722
1934296
9199104
1793988
1368494
9147576
0
0
0
0
3010670
3300524
0
0
5608321
0
5767234
0
1716211
9049769
0
8906898
0
0
1544677
8729650
0
7810770
6324136
3699019
7278053
0
0
0
0
0
1139325
0
0
0
0
0
0
328
3784609
785975
0
7268833
0
0
8468742
0
7262034
8396664
9069576
0
0
0
5103757
6852649
0
0
0
8730668
871358
8505390
0
0
0
0
1966744
0
0
0
0
0
0
3323325
0
7436021
0
0
5346384
0
540386
9380786
0
0
0
0
0
8920013
6906052
3906842
8592065
0
7794618
0
0
2936159
8648036
0
0
0
0
0
0
0
3741942
0
0
0
0
7526888
0
0
5833535
9283031
6179719
0
0
0
6925739
3005189
0
0
8605511
0
0
9395229
0
0
8657810
0
7812190
2705889
8458571
0
990875
3957593
0
7780759
3044008
4275257
3182470
3437788
0
0
0
3316069
8783712
0
0
0
0
6277596
0
0
0
0
2211236
8304596
0
5934366
3730940
0
62701
9215178
3915380
0
5685560
0
8526400
8748158
5295534
8090094
9049054
811918
1425160
0
0
8865947
7821323
8953634
0
0
0
0
0
0
0
7
0
9022359
7534631
0
7447111
2522790
0
9044788
6812459
0
2418083
7552238
0
7198725
4476599
0
0
0
0
0
8096219
0
0
9099823
9166855
8453130
366
0
7193114
7399228
0
6403484
4127172
8565528
0
0
4599338
5323516
5493510
0
8237171
0
8793935
9136909
8721948
6998840
8330902
0
2490699
9090666
695692
0
0
7777818
2141760
0
0
0
8632372
0
0
9385352
6551054
0
2883915
0
5915022
0
8655651
2605700
116
8465165
6783725
9046207
0
8183581
5803408
0
0
0
7665043
0
9303000
4699479
0
0
0
4319856
0
4219546
0
0
0
5576168
6275885
8283771
0
0
0
0
5789987
12805
8260919
0
5529338
9265147
0
9082837
0
0
0
9297195
9349532
0
0
0
0
777
8971837
9094186
0
0
0
0
9368591
0
9249412
8062881
0
9068877
7977999
6727974
7665784
1663418
6392591
0
7723691
0
602
0
0
0
9389274
0
4132492
0
0
0
0
3046372
9378719
0
0
0
1494615
0
0
7130239
0
0
384
0
5283926
0
0
0
0
2971726
0
5150234
0
0
454373
0
4604738
0
0
5449361
0
8066652
5039430
7900013
0
0
0
4733279
0
0
0
8442154
6782559
0
6999286
193
0
9356615
0
8030059
4352202
0
6828443
0
8773260
4383391
0
0
0
4595411
0
5059019
5786729
8380324
5166985
875681
0
1396474
9098510
0
0
0
0
0
3189659
2171330
0
0
1723513
0
0
114553
0
7205178
3803460
7499982
7130239
4647500
1176182
9455181
7777030
7309
0
0
8093622
1018491
225310
5076884
0
9147109
0
0
0
6049652
0
8453183
7810940
0
0
77577
1264894
5671719
0
0
0
7745545
0
0
4981772
7262820
0
0
0
9446449
0
8722498
0
0
0
0
0
0
0
0
0
2196140
7738088
0
0
0
7875590
0
0
8962745
9493496
0
0
0
0
3258484
0
0
7392150
0
0
7484262
7953444
0
7853106
0
0
4254851
0
0
8463263
7168675
7117195
0
8802504
2023094
0
0
4921703
0
5463382
9308619
3740406
0
0
792024
9129748
0
0
0
9114805
7200807
0
0
8528323
4529136
7282397
4307735
0
2650848
5777642
0
0
0
0
6630342
0
0
0
4650222
0
0
0
9282246
3162413
3664652
4865393
6446137
0
9353601
0
0
0
3336283
0
0
8042776
7298030
8785532
0
8842314
0
0
0
0
8134474
4245110
8467966
9493115
2106157
8593535
4145628
0
0
8635980
0
4168000
0
0
7397473
0
0
9370616
8082996
597455
0
0
0
7637713
0
0
9513606
8946755
8423281
0
0
0
0
8201120
0
4251322
0
0
0
0
0
6484922
5488344
4293044
0
8439195
0
0
6516571
0
7912650
8962704
0
0
0
8073412
0
8547807
0
0
6271469
0
7787958
0
5626010
0
9152113
5753694
0
0
8639112
0
0
0
8593914
7930352
0
0
4680619
7401953
0
9252939
1051656
0
6291367
8748531
4389779
0
0
373963
0
0
8950429
0
7502273
0
0
4136520
0
8731745
5109128
0
0
8060041
0
0
0
0
8356867
0
5836471
0
0
0
0
7679708
0
436
7462589
0
8381802
6659632
9190042
3346906
1986169
8028607
0
9162272
5295843
4155969
733672
0
0
0
4609434
9098359
0
0
6489269
6969151
0
1815946
0
0
3232921
1859914
0
4281554
0
6638955
9197149
5367964
0
6784906
0
0
0
0
1007337
0
0
0
9185288
7982799
0
848601
8293857
0
690572
7812115
0
400059
9379442
9347240
8209141
9504511
6722233
0
0
0
0
6030074
2295066
7797004
5079076
5409084
476911
0
0
9538657
0
0
547570
9514229
0
0
0
0
8188367
0
0
0
0
0
0
1591253
0
6267787
7706120
0
1714976
8761066
3895937
0
0
2346484
0
9537325
8199973
9020566
0
0
1702093
9250711
0
4498339
0
5830183
4433369
714
0
0
6767098
8168883
0
7960445
3662947
0
9187938
1673071
0
9221447
8606036
4215046
0
1911278
9290076
7881120
0
8145009
0
6011398
8600437
2155687
8172598
9493373
0
0
0
3537861
9264131
0
8919621
0
0
0
8529711
8416553
0
0
4910483
9410154
7371781
0
0
0
7317542
0
0
9338458
0
8601981
7430750
246357
0
0
7142056
0
6781749
125
676683
8341947
8660166
3647534
1075565
0
0
259493
0
6008035
6656548
0
0
1164763
6581877
8968431
7454628
2383156
0
7601814
0
0
0
0
476576
0
0
12037
6945683
0
5283476
0
0
687017
0
0
7838760
0
0
9545672
1407555
0
8191372
9561513
0
0
0
0
0
0
0
7147288
0
0
3036621
3368474
7495920
0
7402629
0
0
9110681
0
0
0
4390782
0
0
0
0
0
0
0
0
5096196
0
0
4312974
7713914
0
2296265
8317858
530
2464238
0
0
6010164
4022717
2340202
0
8659012
0
8978084
0
430595
0
0
6116792
1901882
9373210
2070725
3649442
0
0
0
402830
0
0
7103305
0
965323
2553160
6631545
0
0
0
9224869
0
0
0
0
5615259
5045769
0
5857351
0
2558353
8028607
6969372
2671755
0
7458888
3006113
0
8869643
5010000
8316778
7414884
1871805
0
7467499
0
4704581
0
0
0
0
8849010
5510861
0
9292778
4783261
1278623
1428478
7224436
3092758
0
6629940
8461298
0
0
0
0
0
0
0
0
7400733
2144382
8043133
0
0
2481256
0
9071798
0
6931210
0
0
8960844
9458476
6408684
3517712
286792
8294178
0
6650420
0
0
0
0
0
0
0
9294835
7696132
2020716
8845791
0
0
9433790
6916861
9539295
8039128
8950514
9568838
231352
2841022
9610896
9081497
2980113
0
0
0
493430
290
0
7536328
0
7623409
0
8365584
4117728
0
0
4153865
3241422
9607410
8839726
0
4083383
9043068
2841143
0
4885750
0
0
0
0
0
7414566
8135953
0
3372751
9366274
0
824352
0
0
0
0
1072210
0
4930433
0
7234089
0
0
2296241
0
3375218
7749103
5047100
0
0
4489395
3566985
0
0
9296443
0
0
0
0
4575226
4765256
0
0
0
0
0
0
0
8683750
0
8381950
0
9393778
9588934
0
0
0
0
6033256
4416127
0
9437627
402465
7745650
4027278
3866751
2838852
0
0
0
123065
5135616
4490328
1980495
9299349
7580828
9444775
0
0
0
6055031
0
5907943
3375909
0
8867063
9579882
0
8472044
0
0
0
3229928
0
1666615
1386892
9224767
7676488
0
0
0
0
0
4598722
0
8321617
0
0
8967592
0
0
6974164
9311994
0
0
0
0
0
0
8166776
3579085
0
826352
3585240
8586962
8991416
0
9160525
0
361808
0
0
0
0
5563434
0
709604
0
0
0
5409363
7024221
0
5412203
2923292
0
0
8169182
9499489
5528635
7640190
0
5201907
5793115
4112318
0
0
0
0
3593916
6340798
2020219
0
745039
0
0
3022199
0
7982174
4606048
0
0
5611808
5169143
0
0
9128888
5093433
8263665
7831772
3510750
4485728
9611109
9289732
7708424
0
0
7850177
0
0
7318574
0
0
0
0
0
0
8758294
8908419
7293588
0
0
0
0
0
0
0
80783
0
4086399
0
3332447
0
6241882
0
0
0
6051229
0
7085448
8585096
7660266
0
9485555
2173423
0
0
0
0
8026972
3740380
0
0
8903628
0
0
0
0
3957689
7450599
0
6407015
0
546074
361366
2643064
0
9192510
2606470
0
0
5215160
1655264
0
3682483
0
0
0
0
0
5790798
0
0
7934541
0
0
4130535
0
7874965
3294466
6695967
4978647
0
4530826
2700341
0
5847752
6371970
0
6935411
8526560
6864365
0
0
8764336
0
0
4015733
8310921
8239172
0
0
5802567
4567721
0
0
66
8001419
7264300
5562235
0
0
0
4350816
8855391
3633266
7447749
0
0
8439310
0
6537978
0
0
0
1603200
0
8821008
7797217
0
7164684
0
0
0
0
1276621
0
8431026
0
0
197969
8950010
1063378
0
0
0
9487012
4994927
0
8967716
0
4315175
0
0
7341246
0
3215704
4814095
73
0
9109365
0
0
0
8595445
4173014
0
9176543
9267811
9162287
0
9588397
2255748
0
0
0
5129477
0
8852036
7694359
0
7773398
0
0
0
7558209
0
0
2581673
9576487
2590915
0
3160224
8523083
4860797
0
0
0
2401766
0
0
9668753
0
0
0
0
0
8168484
8266903
7597251
0
5530076
0
0
8625914
0
0
0
0
0
8072855
9383368
0
0
0
0
0
0
5453285
0
0
0
0
0
0
0
0
0
2911392
0
7350370
9206930
0
0
7915720
8956146
0
0
3701855
0
8657725
9749112
0
0
0
0
3757530
8481221
0
261880
9683873
0
0
9495153
0
0
6062697
0
0
8782738
2200145
9330019
0
0
6956223
0
9591007
2261679
0
0
8557774
8999001
0
0
9047014
4676248
0
4069016
0
5361794
6755456
0
0
0
0
3952947
0
803
0
0
0
0
4483174
0
2173369
0
9136620
0
9719800
0
7428730
0
1465328
0
1106852
0
5128067
9679639
0
0
9574555
7366559
6938679
0
0
7639722
0
0
0
0
0
5260519
8756534
0
0
300
0
9693685
5803142
1483575
9593268
8853714
44022
8353366
7819228
0
9591861
9141130
0
1934666
1683658
0
8335360
0
0
8425930
0
0
0
9696101
8519278
0
2496672
4131149
6538247
0
3276044
8526081
5058275
4172033
7408638
9262520
7441111
6246922
0
6253013
5744011
7795796
9313935
9028072
7847370
0
1731366
660603
4092101
0
0
901084
4421761
0
0
0
8523316
0
1614653
8279066
0
1432160
0
0
0
0
5148178
7753287
0
0
8537208
0
5112110
8432410
9649862
2832544
0
4647350
0
0
0
0
0
0
0
0
0
0
0
1919340
9714875
0
0
0
3070242
8273191
5223154
7722025
3778929
9057783
9043268
0
0
9543268
0
0
0
6925739
0
0
354
1622662
0
8295709
9603631
0
0
9224025
0
0
78357
4284498
0
8391929
0
0
8397883
8751640
7001069
0
9681619
0
6699479
0
0
0
5960752
0
0
0
0
0
8450252
0
0
8572440
8416049
6865930
0
7924775
9479602
785268
0
8922027
0
3975380
8415336
0
0
6698092
4895453
7453493
810166
5776693
0
8568136
0
7900227
932
0
9386607
49589
4800915
0
0
712598
0
0
0
5146250
9431993
5992686
7876505
4537787
4109939
0
0
8763332
1611287
0
1418919
0
8080564
0
0
3849526
0
0
7685950
0
0
3914463
0
1177277
0
9166627
0
9192248
0
0
0
8089063
9183931
0
7318613
0
833234
0
758
0
2313339
0
0
0
0
0
3096668
0
9283161
0
8617254
1424486
9760506
2204668
8555264
4951098
1786343
0
4493092
252034
0
843966
0
8457612
0
0
0
0
9650368
9502439
5911278
76632
0
6079328
8992840
0
0
0
4504702
2011618
0
7213045
3559219
9654821
0
4538719
0
0
980614
8785825
711572
4535901
766550
5841523
2924445
0
413630
0
3853270
0
1879917
0
0
7713513
2635201
4959515
8176002
0
0
0
9033540
0
0
5914883
0
6937065
1473050
0
8017286
0
0
9215504
0
5926312
0
0
0
0
0
0
9407071
6176166
0
0
9670153
9147576
0
250405
545
3363536
0
9479240
8587029
0
0
165602
7405551
6955182
0
8316754
9814806
5980112
1872395
9073912
0
0
8888506
1828720
9832546
0
0
0
0
3207316
0
0
9682619
3264906
0
0
0
0
2779576
0
6971621
3425334
5127020
0
8743728
8848845
9485971
2310682
0
7352840
0
0
8048964
9708446
0
0
1947037
0
0
9763903
207455
0
0
9484657
9133513
0
9618712
0
8993694
0
0
8308754
0
5472224
6982135
0
8294991
8529069
0
0
8142793
7880187
1717167
0
4830769
8294063
0
0
7607155
0
1774899
3072565
0
0
2149910
7715394
0
0
2561185
0
5090143
0
0
1689605
0
0
8238674
1248980
0
1535396
8442236
7899550
0
4328667
0
0
0
4369142
1299450
0
8320782
0
8486508
9881142
0
0
0
0
0
9218539
7910800
0
4185595
0
0
0
3946535
0
0
0
4693845
0
0
2774879
97950
0
0
1874860
9115059
0
0
6979881
8874450
3172146
9762513
4550452
1294809
9479758
0
7140852
0
3419843
0
0
3858308
7935233
0
0
0
0
6028974
0
5795535
6356525
0
737550
5454600
0
4245839
0
0
9592093
0
9592545
0
7164649
5196796
0
0
8432480
0
0
0
0
0
3069067
8743654
0
7226004
9032542
0
0
0
0
9500058
6694653
5532438
0
7623452
1082221
2646122
0
7142211
1705799
76973
8613485
0
0
8157593
0
0
9345690
0
0
0
0
3713543
1818242
9049557
0
0
6350702
0
5269666
0
0
0
0
3662665
1068482
0
8269922
0
4264536
9033613
0
0
7185914
8132102
1870207
0
1425793
0
0
0
0
0
0
0
0
0
7922953
7890754
0
0
0
0
8083176
6270464
0
0
0
375398
9101271
0
0
0
5916202
5137647
0
3535853
511652
7403098
0
9680966
9678822
0
0
8244699
5368718
4919181
0
7858701
0
0
651
0
7869622
0
0
0
0
996758
9550795
0
9913267
2974614
0
0
8990818
0
3426
9292956
0
2301734
1922001
4079426
0
0
0
0
7674387
9291938
0
9891485
0
9914856
9059828
8659275
9150427
0
0
0
6407332
308190
0
0
7434708
6884693
4987743
0
0
0
9650629
4802332
0
0
0
5003775
0
7686850
0
820
0
2671971
7539749
0
0
0
0
0
4802907
8869797
0
9086314
6081914
0
0
8819781
2864096
7397263
0
9876843
1703586
0
0
0
2459196
0
0
0
7663722
0
0
0
452
8230759
0
0
0
0
0
6841153
8510343
7702738
4784025
8022694
5312221
0
0
0
2914254
5247642
9329477
0
0
4796611
0
0
0
3666563
0
0
0
8607354
0
0
0
0
1248589
9128117
0
0
0
0
1035213
235847
9639661
113817
7790508
0
0
4259692
0
8304517
882433
0
0
9413772
0
0
0
0
0
0
2056662
576339
0
0
9496741
9945199
7564846
1155739
6178405
8831452
0
0
0
0
8910479
21475
0
0
0
0
0
9496953
7262230
0
5038042
9299738
5546708
7649238
8514450
9244444
0
0
0
0
0
0
0
0
0
2150868
776266
0
0
9479791
152009
0
8903981
0
0
9316224
0
0
0
0
9767463
0
0
0
1463869
0
9863204
0
0
9866067
1186271
5384017
0
7864573
9332792
0
7329406
3093339
0
638
4797279
0
0
0
0
3367854
9726249
3702900
0
0
9156679
7466873
9367080
7664140
9124081
7340014
6209764
0
0
0
0
7610104
9320422
0
1168946
6925362
0
6508012
6483055
9665834
0
0
501471
0
0
9485387
9922530
1876608
6830106
2794071
0
2771423
0
9001203
6731283
8225714
0
0
0
0
9447928
937
9230087
0
4133739
0
375063
9760692
6948915
8213050
0
0
6242089
1213741
7899436
1373999
0
0
526976
0
9044692
30098
0
0
3157446
9653964
1704568
0
3882079
0
0
8668578
0
4506394
4975704
9166828
9770152
750519
0
0
0
8809762
0
9506298
0
370786
0
0
8844913
0
0
9666864
953866
9332302
7202033
0
0
8026159
0
0
0
9987068
9234243
0
1062978
0
4715709
5038710
4523109
0
8780529
0
0
9689909
6610377
0
0
0
0
6882549
0
1804790
0
0
0
0
6580472
0
0
0
0
7384365
5758372
3946197
7227918
0
110062
9165688
6089587
0
8191756
5712152
0
0
0
0
4777019
8266207
9798181
10003481
0
0
0
0
0
0
0
0
0
0
9599248
0
0
0
6498046
6426179
6385666
0
7889181
7993673
0
0
0
7996320
4341310
0
2404393
0
3842869
0
0
0
8066705
0
0
9574437
0
7634877
0
4023597
9296361
8090595
5142198
6967361
0
0
0
8280214
4547364
0
8169269
0
7851000
0
7265616
8299190
0
6245838
2807487
8225235
0
0
0
0
0
1833429
9778830
0
0
0
7995754
2003696
1620739
0
7502063
3648465
2190866
0
3023830
0
84689
9701277
9511864
3616532
9686439
0
342498
0
0
0
0
9829996
0
8201555
10056688
0
0
0
5995229
0
0
0
9953256
0
0
9879057
8592017
0
0
0
0
9490882
0
0
0
3186313
0
0
9626695
0
9570101
0
8529836
9820283
5637616
7448124
0
9923509
0
0
0
8902556
4033605
0
6450054
180
1426023
0
0
0
8256821
0
8790019
0
100780
0
0
9254861
0
0
0
0
859
8723149
0
10025210
7133689
0
6741066
3406831
0
8801413
9698633
7820867
0
9822453
2129244
0
2603567
4797234
6127354
1999343
1811655
7507262
8213572
0
0
0
4720405
0
0
7162452
0
0
7017650
0
9994643
1268164
9827842
0
9930179
0
0
0
0
0
0
0
70570
1267042
0
489005
7543320
0
0
4934911
1274968
0
1424619
0
2093423
0
8201453
8914986
0
4683226
3236059
3306905
0
0
0
0
6208746
704383
6176694
7197723
1610447
9423448
8611532
9553647
0
9860425
9258556
0
0
0
0
0
0
0
0
0
8518472
7917888
2739636
9269407
0
0
541
7376663
7216327
2368225
0
9669111
0
0
0
0
0
499361
9327239
128
8503785
127738
0
0
0
6543566
9439550
9894647
0
0
4473413
6880734
0
6903955
1649864
0
5907550
0
8693871
7282694
0
9013302
0
0
0
689
0
0
0
0
0
0
7527604
3870321
8687220
2962800
5526520
0
0
7649396
6207946
0
1762027
0
0
8783260
0
8663913
3524184
0
0
0
7938696
9574162
0
2063618
7706706
9957209
7706911
653624
0
0
4426464
5191011
0
3159787
9393974
0
0
0
0
10108555
0
0
7726747
252309
9836569
70
6690609
8938216
0
0
8127101
7295163
0
0
5070605
5812307
71833
4181267
0
9445646
0
57275
8898314
0
0
9739629
1094380
9071482
0
9576177
0
4366598
9937825
0
0
1876241
0
0
4426878
9320674
0
6535829
9760028
9257381
8053456
1436177
9894404
1673975
0
6412013
0
0
4546736
8352424
0
1218504
0
0
7127302
0
4754679
0
2766190
0
8781312
0
0
1902789
9691800
5419165
3095259
6177573
0
0
0
3272482
0
8804679
0
0
0
5777214
7855261
9967652
3583061
10020509
10082396
9968239
0
5452683
4547532
5697757
0
0
0
0
0
9395483
0
0
0
0
8316418
0
0
2933272
0
0
0
0
0
8989601
9266913
0
0
0
0
5106643
0
0
8181643
9890469
1415194
0
4527919
6920991
7413725
8201010
9292122
5803709
10046974
0
0
3024254
7102839
5670514
0
1656342
4140206
10052018
0
0
4578238
0
9926588
8291647
2290057
0
2767815
0
3092289
2791109
0
1748690
0
0
8271932
6459352
9688733
335404
4574686
9015102
0
7454739
0
10056743
9049559
0
0
0
3691391
0
9453916
345492
0
0
183
9429015
9785283
0
0
0
0
0
3304625
4522219
0
0
0
0
0
0
7883014
0
5350382
197968
7126462
0
10049882
7331102
8183707
8200343
9943860
10035347
0
0
7844595
0
9920912
9057550
0
10149552
9134984
0
9352889
2881016
2668277
0
9590925
9469286
3304529
0
6126348
0
0
2098622
8717346
9736439
0
8512954
0
0
0
8991116
0
0
98341
0
0
9888357
0
0
0
0
7726895
0
8822447
8286986
0
2672419
0
6993707
3108945
3991067
7398695
9121389
0
4327992
0
0
8563302
4354527
6476257
2712562
6635738
9968087
225
10011357
0
0
0
5768080
4572131
0
0
6572504
0
0
0
6044902
0
0
362357
0
376533
0
2879526
0
0
9224
204
0
0
9443466
0
0
8623996
0
0
0
0
0
2223517
10173295
1914718
10162609
3945295
0
7999847
922
0
8782167
0
9277352
9306990
0
5858194
0
7420003
0
0
0
0
10178562
8210410
6366699
0
0
703582
5634961
2436865
0
0
10073092
0
7042459
0
0
8510218
0
0
0
0
8786629
125376
3325730
9376929
0
0
0
10160856
4617113
0
0
4923525
0
0
3110188
0
0
6959663
4728837
8314067
0
0
10195212
9257645
0
9861436
8278168
0
8695352
0
586
6227563
2888677
8191436
0
8899983
502769
0
0
2622162
0
0
0
8750659
0
0
1749519
0
674057
0
0
5948474
9425590
0
3244208
990595
0
0
8487317
0
3634586
3186371
0
8546741
7098795
1679960
8602243
475
3086334
0
0
10082960
0
6894299
9028484
0
0
0
7639410
8292834
5151559
3993586
8819511
2305402
3768210
0
10016811
9484699
0
5389176
9891810
0
9692958
0
0
6772515
2368748
0
5447963
6099827
0
0
8715349
810105
4940917
63511
9000560
0
1858971
3306905
836707
32568
3317756
0
9997412
0
6133509
0
0
9800320
969
6214455
9570773
0
8988418
2642351
3962621
0
2279379
5696997
9496807
0
0
1347273
0
0
0
0
9437384
1560166
0
5165004
0
0
10068594
3642415
1955040
0
0
4236495
4830540
9651646
5202971
0
483161
9070541
0
0
4274703
10013444
0
0
4774856
0
0
0
0
8369451
0
6670393
0
8104109
7500582
0
747
4358674
1871994
0
0
0
0
8796098
0
0
9877884
0
8875463
0
5631495
0
2989983
0
3509127
0
0
1473171
8304076
539196
0
0
0
22574
8623444
0
6255663
8862366
0
0
4476236
0
9014695
830570
0
7831185
0
0
5433138
0
1789206
10252142
0
0
7800417
0
0
0
7535154
0
6921923
3001168
0
0
0
0
0
0
2778815
5873431
3333865
0
9001760
9645996
0
8268078
3970540
8181455
0
0
0
677964
2776313
0
5543522
0
1645946
8085673
0
8203055
0
0
0
9493435
0
0
0
0
1095095
0
8406274
1877460
6484607
6747389
4780269
0
0
0
0
0
9980242
0
10199350
7313062
1152664
1311597
5202487
0
9933779
0
443784
9848092
0
4051959
0
0
8763827
8193227
0
9464596
0
4448433
0
10016054
0
1786016
10095548
0
9283873
0
0
2818710
0
0
0
3667581
0
1959365
0
10076718
7570905
9339757
497446
0
0
1528170
0
1457639
0
0
1191048
2487527
0
4462912
7367707
0
0
7060723
10096547
8232822
0
918313
0
0
0
515350
0
1562607
9417236
0
5356459
5768159
0
6687086
0
4153865
6832744
10095340
0
7356902
9137996
3833153
0
0
0
0
1085261
0
5459513
5711278
8564145
0
0
0
9156757
1084667
0
0
0
231085
3260410
0
939092
886343
0
10250484
0
4772808
9277625
0
0
0
3475273
0
111043
0
0
7584545
10237953
0
4017110
0
1397854
9695091
0
0
0
9245048
0
0
0
0
2544340
0
0
3064418
9571753
2926655
0
7200
3264450
0
7741318
9948248
6653911
4926671
0
10177225
0
0
8044323
7458149
0
1403956
540
8716809
0
9162211
8318985
0
0
9055067
0
6083922
0
7504036
0
0
8591975
10028840
6650827
0
370530
0
0
0
9402068
0
0
9088684
0
9112521
5950255
0
8541340
8740269
0
0
0
9180854
5880174
0
0
0
0
8089317
0
0
7453396
3514005
0
0
0
10140095
0
0
0
9537842
0
0
0
0
0
5950156
0
0
0
9736633
8225814
0
8111762
3339446
10076379
0
2346931
0
5103643
0
116706
3437807
7400208
4244940
0
7215200
9920039
0
0
0
10001374
0
0
8739909
0
0
3488975
0
495916
0
9017334
9010118
9114777
0
0
0
0
0
7628204
4786000
0
7203251
2820263
9562856
9080261
525
0
0
8760872
6024362
0
0
7334484
2162852
5959550
7208343
1740992
3194365
0
0
5992024
0
0
8381179
0
0
10100021
4258050
0
0
0
10380426
0
256117
8665299
0
0
0
0
0
0
0
0
1460559
0
8802762
0
7007671
0
9164541
9874357
8430992
3835894
10070842
0
0
0
9254749
0
0
0
9571614
0
0
9644716
0
10056658
8049612
6354161
0
5904594
573990
8906462
0
0
0
1456487
6641685
10301522
3635824
0
5113788
2745774
354
1472124
9222088
4331764
0
0
10095548
0
701
7304870
0
0
0
10043611
10342558
0
0
0
0
0
0
0
147705
197287
0
9054595
0
7736666
0
0
4792880
10038681
0
0
4140037
6776136
0
2673887
3982201
10355661
0
0
0
0
0
0
0
0
8664344
0
0
7102984
5294140
3080616
7351875
8589114
0
8358118
2473960
0
9798118
0
8559933
0
0
0
0
9048924
0
0
2015360
7249024
0
0
9081513
9544765
0
7215504
37290
0
7802186
0
2664915
0
7421921
660386
0
7489327
0
0
0
1586176
0
0
0
8494634
7854201
6593555
0
0
4575517
8042202
0
0
3742543
2016986
0
0
0
0
8182253
0
0
0
0
9712452
0
0
0
8226473
8874275
7794104
10118948
0
0
9142712
5960669
4870870
0
37
6792455
7050654
1372317
3153322
0
10351345
0
0
5281512
8894659
0
6884478
10119276
209809
0
0
8951037
904373
8085224
8728076
0
0
0
8055061
6883302
0
456617
0
0
0
3557950
9863663
4976575
0
0
8450449
9932102
0
0
0
0
7477739
8420059
0
3779912
10307961
0
6636428
8169848
0
0
0
0
0
0
3030778
0
0
4344814
10411085
8801635
0
10387529
0
10237729
0
10219626
3953245
6512162
6993925
0
9483189
0
420
3550537
10384254
1365222
10004581
10372178
0
0
9738494
0
0
0
109
0
1507122
7721700
7407604
0
1366626
4968772
0
9983413
0
9326246
0
9614115
0
0
0
7617562
0
9120645
7109177
0
0
4158020
0
9242259
0
8807866
0
0
0
5188154
10232595
0
10401655
0
7374945
0
0
6128200
0
8335151
5607097
9748757
0
7427999
9484605
4916111
0
0
0
498712
0
0
10302817
0
0
0
7579389
0
0
0
3591078
8752612
6140139
7411314
5446121
0
0
614027
7789117
8231807
0
9519615
8144184
0
0
7263089
0
2135327
6806551
0
0
0
792258
9369170
0
7192608
205160
0
6983709
0
4702670
8771521
0
0
0
6971528
0
0
640361
10111569
0
0
0
0
4201093
0
0
7873572
0
6874985
8871532
6812543
0
44406
6016166
0
0
0
0
9383676
0
0
0
9380818
3773372
4509832
0
0
0
1456073
0
0
3609016
0
437714
10300952
3724293
0
6872062
9403991
0
0
0
256
0
5436416
4603086
7424431
4206058
9355093
0
0
0
6334494
7329521
0
9914472
5634739
8329932
0
0
8451431
0
6638137
0
189822
0
0
0
0
674086
4761931
8512606
0
0
0
0
6093149
0
0
0
1133370
0
0
9357949
8254693
7061300
0
0
0
0
0
2704073
7277117
4413116
3869830
0
0
0
0
0
0
2801206
0
0
8455299
10002932
854056
10475400
0
0
0
2842293
0
0
0
10174398
10154549
2158720
1346690
5495348
0
3990941
3468592
0
0
0
9294212
9695699
0
9679784
0
0
0
5644189
8985015
0
0
0
8595032
0
8401832
5431119
0
0
7965165
6391587
10353144
9247889
0
6851413
0
0
0
7472608
4690437
0
9464844
0
702
77
8927781
0
0
10234552
0
0
0
9062147
0
0
9783840
0
0
0
1322521
10157972
9976986
9025441
5957305
9006127
5679781
0
0
10352199
7482720
0
1971290
8603032
0
0
10481158
8252942
0
8467393
0
0
0
0
9725708
0
10476384
5270124
0
0
8447929
0
10369961
10357418
2152492
2654211
0
0
0
5465196
10023429
7471874
0
0
7660266
0
0
2797699
0
0
0
10329603
0
0
7614682
0
4004877
0
0
0
0
0
0
9824853
4377295
6911625
0
1952127
0
1245811
0
0
964046
0
10086220
0
4105943
9077595
6344480
0
808848
9529
685239
0
5060101
7022018
10264596
1270985
0
0
3743369
0
0
0
6883898
7407059
0
6644944
9643589
4839234
0
3770870
0
0
7060515
2922277
1270937
3961954
0
1737559
0
0
4132313
0
10274112
4396176
4477057
0
0
10172621
0
3498556
3759427
0
1071161
10002195
0
5431217
0
2864664
0
606584
8971072
10036762
0
9829708
0
2898410
8899383
0
0
9793869
5594187
0
0
4130712
0
118
861
0
0
0
0
0
0
8563315
9036800
9508550
0
0
5775540
5410654
0
0
0
3662422
0
7964618
9439118
0
0
9490865
9651462
9694289
0
10479947
0
10346062
0
2844944
0
0
6669124
6653578
10396033
0
0
1765413
0
9333418
0
0
0
3141108
0
0
0
0
0
8135666
7737339
0
0
0
0
6374074
7669797
6144930
0
0
0
0
0
0
0
1997579
4823424
10144700
0
0
6074450
9196090
6346056
0
4028386
10091222
0
0
0
0
0
9578645
0
7030098
37847
9821221
750309
0
0
10155564
0
4986216
6169958
4428779
0
0
9022888
0
0
7512547
0
0
8136273
10281569
0
803
0
0
0
0
0
0
7332774
0
1673382
640
0
0
10402208
9705677
0
0
0
0
4898208
0
3177242
0
8398608
0
10507773
0
6225639
0
8600120
0
9292213
4894032
4426612
7109154
0
10008263
7630041
0
9220702
6966839
0
2511099
0
9505600
3152648
0
3519602
0
14426
30921
0
2027302
5945600
8724651
0
6200163
204294
6056337
1829199
10239807
0
9187165
3503917
9752001
0
0
0
8786543
9976149
0
0
0
0
0
4992555
0
2678339
0
0
10182099
10116541
1675686
0
0
9073472
0
9580022
8852213
9939389
10282881
0
9151097
44
1142314
0
598337
3821670
10541065
962
2936258
0
0
0
5817944
0
0
3204731
6228420
7421092
0
0
7903689
0
71
5058419
2284832
1738543
0
10267006
3578740
1456851
6084302
0
10393233
0
0
0
4342505
0
7064930
0
1728341
0
0
0
252
6800801
7189067
196014
0
8584026
0
0
9373554
2383782
0
10407786
964
0
8902990
677122
3772687
9452366
0
0
10313261
10042763
7694274
3233748
0
0
0
10321654
5054895
0
0
4043504
8544003
8115791
0
0
0
5764572
4299381
5360210
0
2846332
0
7770427
0
3933434
629069
0
0
6994890
4989456
4019305
6801458
0
9957311
0
0
9123000
0
2455710
0
1041056
723157
0
765
0
0
5102260
9106970
0
0
6268180
0
5943192
0
0
6335737
0
10575526
3695155
0
0
8962642
0
10188318
328349
0
9726325
0
0
6421039
4140754
8482775
0
0
0
10562830
10615106
0
0
10360554
10263673
908582
2723797
9193889
10484058
0
0
7845134
7644433
0
0
4708030
0
6856007
10587249
0
10339292
1243585
25828
0
803
3643331
0
10260251
10349825
5322165
2071221
6768058
0
4451550
0
0
396
0
8036034
6098730
4963031
10343024
10441580
0
5934383
0
8693420
6904413
0
10050661
0
2129314
0
0
0
10415958
8205687
0
0
0
4492676
0
0
5596274
9137067
394577
0
0
5833657
0
3320759
2170452
0
8743251
0
0
0
10266745
4910649
8793132
9693196
0
0
0
8292786
10200667
10394955
0
0
0
10580772
0
6420917
0
7873842
9018929
0
9260132
8019162
0
0
0
0
4580994
0
781798
3975330
5136046
8717394
0
10367116
8044892
0
9698744
0
0
9355083
10078438
0
7828391
0
488037
8745183
0
0
0
8917248
10139619
0
6375571
10021859
0
0
6156661
10033988
5405385
4794848
0
8252435
0
10206179
0
10395850
9545272
8475512
0
0
3697646
0
0
0
0
0
0
6938456
8867238
0
1054617
7249600
9623581
9056
0
1319690
0
7687495
0
0
0
0
9586593
0
7480974
10451578
0
9957016
0
0
4492328
0
10113870
2210585
1108994
0
10515576
3325052
0
0
9770966
0
0
0
0
0
2304314
10200639
0
7093233
0
0
0
8336291
0
0
9264504
5053879
929366
0
9063283
0
10083026
8959571
0
8588881
10507413
0
29242
0
4234140
0
0
4839766
0
2959165
256857
1633744
5757491
0
0
9234487
6209384
3735600
0
0
1097693
0
3926887
0
0
0
0
4608880
10610964
0
3624760
0
502124
0
0
4503577
9206423
3229767
0
987041
0
0
0
9141723
9925101
0
9655854
9735001
0
3846915
0
0
3211910
0
10651554
5363061
5949146
10607247
0
3746519
10243461
10152202
0
10523991
0
0
341107
0
0
4633953
956412
6504978
7116674
366424
6834467
7707687
0
0
0
0
6120519
0
4732658
7071525
3294960
0
9005478
8200038
0
0
2599326
0
10582359
352780
5349766
2908043
0
952
0
0
0
0
710
0
1774529
5863815
10144058
0
2434329
0
0
0
1500388
10439200
5210301
7645489
0
8730080
0
0
4782869
10647861
10281934
0
10061342
9158957
0
5016826
0
0
0
0
5900899
0
0
891
9418608
0
0
3866506
0
454
0
0
6784268
9869356
6778721
0
8500788
5224400
6201474
0
0
1032544
0
0
6780189
0
10672988
0
9115094
21
0
0
0
0
972
0
0
4456993
4145928
4933326
0
0
8405877
0
8871633
48
8763651
10185490
5939343
0
0
2134957
2525475
1916191
9747114
10093043
0
0
0
0
0
0
7850324
7123985
899285
0
0
0
0
911720
6798108
8902937
2752669
0
7255823
6429204
5753104
1757376
0
0
0
10079788
10137041
8096661
10121290
9827721
9531353
0
0
0
3935497
6718336
2330056
8293907
0
0
0
0
4723065
0
6372333
10483866
10573978
10277863
10135657
8934348
0
0
9374150
2435559
8477182
8623815
400923
0
935
10660782
0
272
0
0
0
1868363
0
10554087
0
0
0
9421712
51102
0
10229799
7167733
1513196
0
2798277
8337715
0
0
10163083
0
0
10039197
0
8786054
0
0
0
0
0
9497255
0
10638349
0
10093011
0
7732085
0
0
3865057
0
6810160
7174477
0
0
5348491
0
5130697
9702979
10634285
10542219
3772640
2220685
9351699
10391280
0
9323647
0
6895022
10346884
9537662
2181709
0
9149113
6510373
0
2584734
93165
0
10193101
0
4263217
8914885
0
6772644
0
0
2185123
0
0
6170457
0
10305673
0
10292968
0
4062143
0
0
6209966
9733662
0
0
6798396
0
0
9639571
0
0
10730556
0
1280094
0
3959952
9506095
0
826
0
10586032
10448635
0
3176039
8963051
8706211
0
9507508
2461260
580
0
10654677
0
105415
9283894
2271453
0
0
0
0
0
0
1790200
10341233
0
0
769804
10361643
5894112
10636097
10736170
0
4862196
10550746
10454613
5660598
10414469
55732
0
57651
0
9496679
0
0
9655616
0
9024366
9974602
9387008
0
0
4479008
0
0
0
0
2271205
0
1804971
0
10024050
10224850
7770048
6767415
1209902
0
3126329
0
0
6191655
7981294
306878
0
8322455
0
4557169
0
9745685
0
9075786
2396355
3984077
0
2318484
9380634
0
0
0
3469534
0
6462665
9622391
7281326
5181384
4822770
0
0
5290071
9507062
7568016
0
0
8646070
0
0
0
0
10647913
0
10248455
0
0
3676535
0
0
0
0
0
0
0
10255624
7020460
7937025
0
1112828
5241004
7782634
7747926
3399093
6654124
6182696
0
0
10260888
10614309
9225197
3120717
9718002
10686511
0
0
0
0
0
0
6876753
9874809
10784641
0
9775597
0
6884773
5752563
10648759
0
7914026
0
9351228
9154448
0
0
0
0
0
10098196
0
0
10423557
991782
0
4335661
9514316
0
9477424
0
10261050
1889149
10184474
9463777
9109557
0
0
0
10729130
0
0
363676
6383174
4908224
0
0
9160640
1548816
5342398
0
7762269
10352311
0
3397554
3760332
1033733
5646332
0
10225940
543432
10222481
5934607
2276149
8566564
0
0
0
10523102
9027299
8778853
5329240
0
7735853
8351646
4152314
0
268254
9815724
9413658
1688005
0
0
8914383
7934264
3076684
9565463
8838880
0
2337831
0
0
0
10209855
4575643
0
6262555
0
0
0
5926024
0
399178
0
6063982
8678625
8033829
0
1011437
664
0
6626818
7423951
820938
0
0
36853
10643036
4407376
0
0
191315
0
10642469
7645778
10646234
0
0
0
3701189
0
3683171
7678003
0
9314634
0
4803686
7966885
3872792
8172405
10315354
0
8490109
0
10646227
7157146
0
10583658
6649026
9830397
10297444
0
247200
7219110
440274
0
10771007
8464610
7940681
0
0
0
0
4256318
10734362
0
2759499
0
3727221
0
0
7742477
0
0
1784713
9169399
0
0
7656697
0
0
0
0
9514376
0
0
0
2276696
6430917
0
0
0
0
6426980
6816668
9933506
0
0
0
0
0
10574391
2644431
0
4255893
0
9187556
8723211
0
8486098
0
0
9017422
8684922
0
0
7553633
0
0
0
0
0
0
2319772
0
10308995
3423637
4684035
10818637
767410
4979818
3578669
2119876
0
7457063
0
0
6561745
4149575
0
0
10230961
5911025
546669
0
3399274
8704209
3896572
0
0
0
6216132
737803
0
0
10123596
0
0
0
10183303
5579345
3703164
0
1593076
6923624
0
9519129
0
2029907
8596883
0
582522
0
0
7959516
0
8950207
8175075
9276915
0
0
0
0
8125853
2352023
0
0
0
0
8946856
0
0
9430271
172729
0
0
0
0
0
10820987
9465627
7601438
482017
3072122
8561879
9887410
10793749
0
10826812
1911830
1389790
94559
10434387
0
905150
0
817548
7622801
10869531
0
6058244
10741701
0
7672871
0
0
0
4271527
10179158
1176182
0
2824011
4150614
4870441
10141856
0
5911734
0
5795510
10837440
7619251
4628421
2432549
7450107
10798549
0
0
0
0
0
1770686
0
10587928
6480952
5683553
0
0
10735309
0
6344480
411590
5746191
0
10517649
6713416
0
0
0
0
0
0
7973542
0
2047204
0
10432238
0
0
0
0
0
9225437
0
0
0
0
8360025
0
1302428
5083161
0
0
0
0
0
3569261
10541907
8843406
1560016
386688
10617708
9028111
6937278
2907194
6701019
0
0
10702369
0
4279005
7790501
0
0
0
0
5376281
0
0
0
0
0
0
0
5225596
8168004
4125411
10619224
10431381
3277247
0
10704224
443
10842757
0
0
0
8764247
5012414
0
8216379
0
0
10637322
1580691
7934598
8576356
10783560
4781377
4090006
10749962
0
0
0
5389987
3471180
9442483
0
8140769
0
3336516
0
9817361
0
0
4690771
0
10180987
0
0
0
0
9705076
3385039
5603127
843361
0
7870317
3201439
10159021
18874
3853973
0
7798452
0
0
4450904
0
0
0
8863912
0
2732732
10611128
10793678
0
0
10515095
8592601
5933705
586
10851690
5621798
0
0
4130247
6161994
122699
10293546
0
0
0
0
2789318
0
0
17371
174784
0
0
6599454
10290728
0
0
0
0
0
0
0
0
0
9678742
0
8618523
0
0
8614348
8793262
0
6577942
0
0
10676544
10916838
2389388
0
0
10586246
0
0
0
6650814
10507276
0
7545499
0
10865103
10654887
9617761
0
4427796
8702937
6236735
0
10311260
189
0
0
0
10835162
344724
0
10566555
0
10071611
10888787
0
0
0
0
0
0
2066571
0
0
6401518
10784005
6564961
659
9703232
0
0
0
10248060
2468873
4777588
0
930470
4741349
3936321
9564354
9705795
9421705
0
8191878
10612886
9699748
0
0
8132528
8712608
5889705
0
0
0
0
8559731
0
0
0
0
6652032
0
0
0
120076
2024064
5685785
0
6912306
10179930
0
2105567
0
1815423
0
4354790
0
0
5016285
4173654
0
0
9713574
0
8313483
3280365
0
0
6459061
7589356
10407463
10633328
9634229
0
7940644
0
0
0
0
0
814
0
8799447
0
0
0
9936806
9717682
0
6607645
3216745
8767763
0
0
0
0
3397918
0
5903945
0
2451801
6668420
10902879
0
0
0
9596116
0
0
9400171
0
0
10381166
10862678
0
5740252
10836591
0
10557202
0
9662466
8931922
0
5204894
0
3367315
0
0
1272869
2856291
10022489
0
0
0
2038384
0
5301243
8444677
4900156
0
0
0
0
10834530
8039128
0
0
0
0
10957321
0
0
9323280
2020156
0
9742040
0
0
6046987
0
0
1174699
0
0
365322
0
0
7405396
2973985
8449711
0
0
9417196
0
18
6774087
8198815
9657586
10929154
0
0
0
0
593371
1226703
0
6460234
7132293
0
10719928
0
0
9875159
0
0
4272436
0
0
0
6093360
7277303
7610811
0
0
1676097
0
0
7420473
0
10250650
0
844049
0
0
8762572
10954418
0
7456914
0
0
7976982
1436247
0
0
3459047
0
0
7558273
4331927
0
3939530
7316719
0
1320439
1189523
0
0
0
0
8320857
4353664
0
0
0
0
10906997
22141
0
20924
6787089
0
2226157
0
0
6571995
0
2070771
0
10580688
0
10515563
9375427
0
1051059
9708743
10190501
408165
5391357
0
0
7949636
9391969
0
9871082
0
0
1144456
0
2507061
9224791
930164
7296508
0
3723328
7729696
0
0
0
10242930
8596034
6648901
2469977
15039
0
4322820
0
2405163
7424747
5913775
10852820
0
0
6197887
0
0
4826095
0
8918107
7548366
926
0
0
0
3259555
1650861
0
0
0
0
0
4675845
0
5440072
6585770
1364252
8037467
0
0
10855457
0
0
10204991
0
9287331
8977763
0
0
0
0
9235634
9076283
9296907
9424971
0
0
10731685
8747741
0
7212730
0
8252435
0
0
520
0
0
4958851
4900632
0
10821001
0
0
2387700
0
0
10877764
0
0
10156215
10601517
0
0
0
0
9566784
4059159
3919554
0
7970542
888910
0
0
6258743
477436
0
7791480
9170643
7120955
1805706
0
9659438
9168462
0
6163996
0
0
7419836
10772915
0
10050190
6095799
9087799
0
0
10933074
10276984
0
10979156
0
10891853
5564312
10735913
0
0
6515825
0
0
0
9206196
0
4433653
911
2385809
10250021
0
4693470
0
1405607
10892213
0
1172107
4744483
855222
10385001
6491889
7937454
0
0
8007124
5808870
9035614
10314159
9424725
9229790
0
8094250
260869
1394967
10211288
9874237
4033655
3725468
10227405
2458838
0
7051521
1678431
0
0
0
0
0
0
10922756
4885754
7492656
0
1212809
9661820
0
0
10840241
0
10602559
9090180
804
0
0
8837791
0
0
0
0
9262119
0
0
8782587
9442373
5851276
0
7522243
0
0
10941007
0
7689793
2576337
10885457
4466465
0
0
10572049
0
0
0
2655994
8833725
7729696
0
0
0
151
0
2855505
10642813
0
10902257
0
1622901
0
6671354
9485094
0
9855732
0
11005296
10704385
10060719
9450477
0
4429013
9073880
0
9613096
0
5339882
7220252
4347342
0
11017973
3483040
0
82395
889
0
9806791
11053537
0
8769332
0
0
0
10067846
0
8190075
608360
10561194
3525200
0
0
0
9807877
0
10247263
4447605
10837708
3890744
0
8986562
816129
3569794
4712614
7689489
0
0
11072442
9943289
0
10923352
0
10398819
215
0
0
0
7550640
0
187
6411454
5119146
8445470
0
0
10187325
0
11023652
775871
70825
7573126
919
0
0
0
0
8979248
0
0
0
0
0
0
3679356
6689950
0
0
0
0
3716308
2794116
0
10920346
10604928
0
0
6772136
9977955
9350752
10794074
0
0
9712424
8586899
0
11005483
6027634
10384306
4602601
3139652
1181346
0
8058252
10812367
0
10887573
0
10531210
8276275
9147414
8741194
10499177
0
0
0
0
0
4246801
0
0
8732355
11008040
0
0
0
0
8536771
10825432
0
0
11014829
3655404
7934397
4246359
0
0
0
0
9748869
11099267
4732935
8479721
4484446
9204325
6506983
11096048
0
0
0
0
1687649
10770951
9753919
7670073
8812307
0
0
0
0
0
10389615
0
9518926
0
9075330
6606550
0
1437453
3435939
0
10898530
9711001
0
0
0
0
8519278
0
10677777
0
0
2616280
11087402
0
9562391
9950531
1546817
875364
0
3869693
8915193
9460739
2129525
9987059
2306620
10052640
0
10638856
0
8939081
0
0
5556327
0
8244978
4775819
0
0
10870751
1830676
10174420
8705713
2805614
0
0
0
0
0
4244323
11015596
0
10278843
8430366
0
1060836
8607956
3639666
10567388
101702
0
0
9707344
1237559
1723370
0
0
0
8453063
0
10548965
6819971
7175418
11094672
0
0
10130564
0
0
0
0
2793995
0
1185147
0
2904417
6675099
10740893
0
4775743
0
0
0
4415604
0
9986329
8343042
0
0
0
0
0
0
0
9696233
1794783
0
5871375
0
0
10978007
0
204890
10059518
0
0
10059123
949423
0
2736388
10258826
3280997
619486
0
10971245
0
543044
0
10581291
0
7832364
10782668
3634437
0
4456993
758
7077561
0
0
2667803
844509
11104373
0
3802960
10451287
3353688
7014908
0
0
8204816
4262711
0
8427708
5292311
7129685
11025498
684
0
0
9526279
10650669
10712839
0
4780461
8518759
0
11090855
0
0
0
249
0
5569082
11015738
10732096
0
0
10750385
0
10690785
3555940
0
10860103
0
3694084
10267741
0
0
10100665
0
0
1565545
0
0
3909031
4814372
5344447
0
0
4239375
8169182
9749808
6146820
0
11083217
1380629
0
0
0
7527237
5732922
0
0
0
0
3344432
0
1257722
0
10872358
8971439
8537884
7082335
366
11023877
0
10954116
8689282
5473579
6669328
0
6399362
7048940
6495965
0
248371
0
0
0
6404466
0
0
0
0
0
0
8118992
4942729
0
0
0
10121211
9524152
10529685
0
0
8946128
0
0
0
2562714
0
10226429
698701
4156176
547
1649579
7729860
8434974
1088270
9792665
0
3801176
0
10530810
10117376
0
9039497
7229272
0
8751536
0
5867208
0
0
0
0
0
0
0
0
0
4058386
0
0
10568344
3569815
6767859
0
0
5506996
3579857
5172475
839398
0
7704240
0
9001506
0
4251929
8004316
8751338
6452471
6506757
0
0
0
10906139
103577
0
575843
7414860
3740351
0
7660760
7037858
11071704
9880077
1321826
3753458
0
9281337
8046131
0
0
0
0
7471689
0
2146215
0
0
0
0
0
10996238
0
7389781
8996027
4344142
3258869
0
0
7833519
0
1702785
0
9364260
10469120
5630726
0
0
0
2181484
4284020
0
0
0
0
0
0
0
6715693
10530138
0
0
0
0
0
0
10795737
0
11185574
0
0
861660
6731151
9748971
7747103
8503785
0
7720787
0
0
0
10811461
0
0
9638530
0
0
10879858
5384693
6820556
2824819
0
0
0
0
0
0
1779769
1959217
0
9368457
0
6835556
416293
0
8719645
0
10917592
0
0
0
0
2034751
0
0
4305075
10044142
0
10794140
0
8168218
4439567
8157101
0
0
10735809
7900264
2262410
0
9949055
4783700
0
10836387
377152
0
0
0
0
0
9707730
0
3873316
6554692
10435141
0
0
8934275
4377878
926
755
0
0
0
0
0
0
0
0
977511
0
6478634
0
0
0
0
0
4795010
8724344
11001652
0
3773193
551174
0
0
1750411
11191118
7847332
4424952
0
11114521
6798400
0
0
6549890
0
0
0
2726219
3043507
1996073
0
10636343
0
6404558
0
0
2118743
9837479
0
5471881
8790896
7472334
5698137
1448734
0
0
11102555
0
5316513
0
8731823
8217524
5322323
10697124
648
0
8682500
0
5676757
0
0
4530332
0
0
0
9849291
7913201
0
6024755
11236508
11112840
10897742
0
0
5512352
0
0
0
11247522
0
0
0
4959729
9021885
6283400
0
444
0
0
0
3774851
0
0
0
0
10640495
0
7418922
0
0
8381495
4016077
8733317
0
0
0
10813980
0
0
0
6242895
11241696
0
7885478
7817537
0
10704016
0
0
2170978
0
2816597
2203503
10608392
5194512
10821880
7537559
1269037
4841092
9935456
0
2432549
9906740
0
7382095
349400
0
0
9552943
0
0
8115654
0
0
0
3043262
3803265
8097567
0
0
0
1302346
0
0
1274357
0
0
11186711
7223672
11201807
0
9819805
11279951
0
0
0
0
8473799
8278514
0
0
3257961
0
9088314
130596
8190716
7858538
4275183
0
0
0
2208622
1543806
5886981
0
11198722
0
0
0
10893363
0
563295
6055904
0
0
0
0
0
6194875
0
7587122
0
868377
9877398
0
9116437
0
0
8660592
0
0
0
0
0
0
6962663
0
7828058
0
4551335
0
0
8584231
5860198
10633778
0
0
8576649
3021369
6068236
0
0
0
10956417
9977704
0
0
10936186
2033746
0
4409603
0
9382394
0
9978883
9262819
4188729
0
0
8385066
8817278
0
9628169
9159386
0
0
9778214
4234957
0
2806008
6789302
11015536
0
9703271
0
10129295
8441450
7828662
0
11269712
0
0
0
11073366
0
0
0
0
0
0
0
0
0
0
0
660072
0
0
344520
0
2572659
11058259
10792942
0
7700906
0
0
0
0
0
0
8068773
11186776
1321107
0
190933
0
9786422
6671773
1867665
0
0
0
0
0
0
11271625
5081536
0
11131241
11011536
9641192
0
10504867
10159990
8103694
0
5602266
0
0
7002760
0
0
8371323
0
10117455
0
0
11268927
674152
0
177931
10562185
9419528
6003283
0
8384030
0
5054662
4161894
1605366
0
0
0
8585668
0
2832752
4893081
1314369
8463108
0
0
105747
11202432
0
1870207
0
0
1859874
2392270
10824432
0
0
0
0
0
0
3888789
11171740
0
4928832
7735984
0
0
0
1213362
3371540
10175293
9118582
6298646
3383735
0
11066209
0
6883975
5880777
11089985
0
0
8809652
0
5253318
0
521774
0
0
10874865
1906732
0
3580027
0
0
3825622
0
0
0
0
0
11241507
8285037
3429886
9266599
9829665
0
11106368
9548319
9603937
3653744
0
4035072
0
10059502
0
2081611
307265
11277432
0
0
9062732
0
11208993
5509809
10354832
1912480
8277806
3837035
4257075
9759621
0
0
0
7576437
0
0
0
8752695
2558790
9484311
0
0
0
4707549
0
6903830
4429408
0
0
0
9642765
5197121
0
601863
0
0
4085586
0
1203349
10287882
10329947
0
11324307
15008
11321334
4951392
0
6788286
10333885
8731450
3623665
0
10752723
3700074
0
0
0
0
10080021
0
0
8393693
0
0
0
0
8423626
0
6837155
5183526
257574
0
3758866
7033759
0
10139867
0
0
5382453
9059868
0
3360308
0
0
10793899
0
10576374
2906421
0
8962426
0
0
1833421
0
1802788
10190830
0
1995942
0
5955811
0
4265074
1377730
3922703
0
0
7605424
3897173
0
8533438
0
10676663
3063106
0
0
3842942
0
0
7410146
0
0
6205219
0
8624931
0
0
10200942
0
0
11082427
0
5458583
10761405
0
10439339
8087069
7566380
9836261
4949274
8904579
0
0
0
9864466
11120344
11162362
0
9130662
0
11301721
478
0
2957265
8050036
0
0
0
0
7698493
0
0
250696
10216243
0
0
0
0
11270828
11227377
0
11154677
0
0
10587492
3434306
8399537
0
0
0
0
0
0
0
0
10633234
162192
0
0
0
2832430
0
6417843
0
0
0
1282968
7127805
350729
0
5264129
0
0
595
0
1709283
0
3730349
0
6510521
9948562
4903981
0
0
0
0
0
10302303
9358931
2345460
0
4515788
0
2000984
2132524
0
0
338226
0
45564
8643458
4870323
0
636978
9463191
0
0
0
0
4110007
8207864
0
0
0
10825436
0
1158636
0
7103786
0
10746076
0
0
0
0
4971299
0
4559119
0
9714731
7012148
0
102482
0
8251461
377
9014028
5621530
0
9044145
0
0
751911
258874
10656658
0
0
0
0
0
0
5807700
10170823
0
0
11241781
0
0
0
8867521
7442178
0
10844097
10146023
0
7858823
3662859
0
9277160
8944780
0
3602423
11344132
0
0
11304157
0
0
0
11329518
0
1286881
9557881
8363803
0
547781
0
0
10449086
0
0
11141690
11282383
10159970
0
6920810
0
8722630
9059392
7599273
0
10808441
10785905
0
10423460
2972609
0
0
3859059
6128559
7251039
9518825
0
0
6223468
0
10566254
0
0
0
0
0
0
9461427
8773340
11168765
0
5857077
8753926
0
0
8963879
446803
180603
10453927
0
0
9272786
8523785
0
0
0
10611551
3525588
6444452
7668472
0
5339872
6265130
4053939
7819224
11134632
118006
10685363
0
0
0
0
0
1873060
0
0
0
0
9663230
9574816
0
516
6202903
0
0
9078623
7674386
3440371
11378792
0
9063974
0
5647681
7870480
0
199760
0
0
4108554
0
0
7102470
0
0
3657975
0
8116801
9075043
3338134
616
7438463
8046312
4322463
1190311
3382865
7473085
11278220
0
0
0
7358220
11370839
6198784
2018231
5891658
10564513
0
0
0
3045208
0
10748946
7515794
11126798
0
10136666
4343543
0
441892
0
3811750
0
11187404
0
0
9695590
10451178
0
0
9773237
0
0
0
0
10041955
0
10061545
10596964
7937554
4969017
0
1124143
0
0
0
0
8879118
0
0
10074856
6320018
0
0
7584111
9564422
2599960
10971976
11313889
1415582
0
0
6221601
11133862
3798763
0
10393160
3030569
2470771
0
9923175
0
11234390
0
0
0
0
8228219
0
8137681
0
11005514
11441815
825420
5339702
7634129
0
7686805
0
11084276
3453968
4698659
5932761
7174270
0
7818855
0
8472507
10835587
0
4943675
0
9243363
0
1065448
0
0
8288786
10683978
8866824
0
2715540
0
334
0
6206152
0
4590779
7412165
0
9828197
693121
0
0
10135600
0
2133401
10971313
0
0
1703851
6513684
0
5724267
1465177
7445061
0
2811980
0
11194783
0
0
6131609
0
0
0
0
0
8342461
8849626
1023129
0
964193
10516200
9646615
0
11307241
0
10817545
0
868
9937849
0
0
0
0
0
6681357
0
4633955
4423055
0
8706733
0
7594809
1891179
11084862
0
0
938868
3563630
0
0
0
3135078
6228406
407669
6942616
10724658
0
0
0
0
2431038
0
2894659
0
0
8867905
0
4782608
0
4926433
0
0
0
7140427
7488231
6983797
10260562
8430877
0
0
8665736
0
0
0
9637385
0
8144609
0
0
2001566
11284456
0
0
672
0
0
0
0
7503558
98224
4093056
11287192
0
1897526
0
0
957572
0
6180348
9552947
8302397
0
824
11274819
7540944
0
0
6785692
0
11284754
0
638
11428955
771467
4034854
9377187
154571
0
0
1116910
4800418
0
8874786
2244767
2829863
0
0
6175942
0
10742881
7028473
1871927
0
3729308
0
0
0
0
0
0
0
0
926
8263339
0
3571381
11250216
0
9850853
180
5977662
8872082
11485141
0
0
0
0
1329638
5596316
11496394
0
10751086
10642190
11166442
11476611
7236113
0
0
9707496
9521872
10392323
9104115
0
0
0
401
0
10280001
0
0
0
5791833
10622953
10290512
8158276
0
0
0
0
1169929
11472274
0
8519196
10186321
11481756
10971536
341
3579598
813158
1676396
0
0
0
7609755
0
5665030
107366
10392062
5694334
4416614
0
5362556
11025647
8257620
8736508
11241491
0
0
4045175
0
9872270
0
0
0
0
10347956
8368970
0
11375659
2099559
0
6553806
10426607
11128625
0
9858451
9772291
0
6616687
9668619
0
4058999
0
10694710
7269976
0
0
11210271
0
2018819
0
8871122
11433224
3153391
0
0
0
0
0
6649617
5347707
6714267
994248
0
0
9749335
0
0
0
5178687
0
11476858
7557514
11290637
2991554
429322
0
0
0
0
0
8734326
3676181
0
0
0
0
5505462
226
5523538
0
0
0
0
1785549
10018660
10450522
0
4486351
0
4887168
0
0
8159986
11264338
8157163
0
0
11083035
8437230
262783
0
0
2412180
5859769
0
69305
10523486
0
4543957
8571061
0
0
10840335
2411172
0
0
0
7856340
2924142
8599157
8763203
0
0
7997930
0
2596578
0
4304884
0
0
0
5485255
11328021
10508721
6082440
10142627
1602477
3239522
0
0
0
0
0
0
0
0
0
3376008
9671721
11147594
5006718
10508721
0
0
4543184
11084137
8316821
2604793
7703201
11399506
0
5875106
5735728
0
0
11449463
0
0
0
0
7708776
10942884
3916968
0
9000175
7653504
0
0
0
8704131
0
0
0
1826441
0
0
11334778
10843597
7129373
0
11118166
9974441
9871081
0
10860923
0
0
0
3985632
2121594
0
9402463
60138
2575874
7073581
0
0
0
0
0
23985
0
7735802
0
0
244042
11561833
0
0
8589365
7011984
185645
0
10575995
11032605
10514012
0
0
2608108
0
6721458
7579119
10137493
1765105
5523155
0
0
10899655
0
0
0
4026156
1139937
11528422
0
0
0
0
0
11029444
0
0
8349823
0
4304091
8797195
646181
3724541
4982047
0
10061115
0
8458809
3294438
6235268
0
5795069
4251409
0
0
10592338
9436979
11369231
6755449
10747147
240649
59031
0
0
2141299
11331750
0
6517009
10513915
2238170
0
0
290092
0
0
0
9860078
0
0
0
9288199
10293347
0
0
0
0
6565584
11055284
0
5760847
5034761
0
9851380
5829075
7770049
0
419794
7327227
0
0
9160564
0
0
0
9947405
10227969
0
0
0
8312177
0
0
0
0
0
0
8222972
11004905
0
0
0
9147645
11436221
0
8210459
10374016
0
0
11289696
4273803
0
0
0
0
10339022
11483035
0
0
10981776
0
0
0
8551235
0
10244748
0
4512964
11588358
11047334
2532592
0
0
4664720
0
11053676
11180306
0
0
0
7267064
9503022
10937123
5160030
0
0
587613
712818
6181041
0
0
0
1905134
0
1526819
0
10752726
0
11491388
7978506
6514714
2751957
11104772
9522984
7258904
0
0
9701602
0
406381
11256804
0
2732330
0
5650157
11087453
7966546
0
0
0
4392106
0
0
0
0
535
10258412
6611897
6889265
11048204
2081272
0
0
2440661
3859582
0
11596227
0
0
569615
10936569
5741862
10571085
0
9042079
0
10298357
0
0
0
10081931
0
4775309
7895945
0
0
0
9707344
0
4575401
0
0
6269218
5103534
0
8614655
0
0
0
0
1496814
0
11157892
4300087
0
220354
0
0
0
11570980
0
7133853
10548305
8097568
0
1643882
0
5138903
0
0
6889827
0
9943162
10451263
11008742
3718439
0
597729
0
0
0
0
0
11629238
0
0
0
3841770
0
2971746
9191393
10947363
11142763
11391758
5748391
0
6883748
0
0
7813212
11497073
0
0
0
11614413
9143005
0
8411489
9727749
0
0
9752108
613013
11309751
714267
0
0
5787478
956016
0
1374570
0
0
6987934
0
0
9399074
4136841
0
1659095
1381543
0
11032956
4975543
8836316
8869807
0
11183085
733
1159767
8424067
0
6974613
0
10437761
0
11015230
0
0
0
0
0
0
0
11078343
0
0
7327230
0
0
0
0
540782
2113692
0
0
5810005
0
0
0
2858636
0
0
10549486
0
0
0
772
0
0
5157068
5809601
0
0
0
11243497
7565387
7526778
784
8389480
0
0
11647062
9397694
0
0
0
0
0
0
0
10941671
0
0
0
0
0
7111603
0
4465098
0
7967733
11282226
5154388
532595
0
11313903
4128068
0
2877089
10701178
2726606
0
11299431
11674401
0
9425032
886644
891
0
0
7588546
9894188
11011944
4913619
11628882
5593279
9682494
9661730
10548891
10715425
0
0
0
0
0
0
10358609
0
8556759
5851029
4316990
7015774
9212942
8754179
0
1711868
0
8334291
11696502
10662935
0
7988207
10328907
0
0
5858195
0
0
3926377
1000190
0
10221302
0
3450462
0
10329732
7537335
0
0
0
11226383
0
0
11662650
0
4836831
2856108
10855929
0
5324878
0
0
0
10188414
10707892
9729429
11052006
2097646
2170484
0
11611163
0
0
0
10567898
0
0
0
10706421
0
0
3423325
0
0
0
0
0
0
5608647
0
11605455
0
424913
0
6898272
0
0
7074299
8384680
0
0
2178759
11482691
0
0
614518
11698977
0
0
9288756
0
6640237
0
0
0
11582188
11524170
8550927
0
4724852
0
5420834
0
0
3673751
0
3460868
0
0
0
10007448
9915048
0
8230980
2225806
0
0
0
0
0
3054060
5746847
0
5718034
0
5886303
5848370
6827170
10469920
10075301
10347315
11557462
0
0
11719296
0
0
0
990242
0
0
11577114
0
0
4119107
0
6993089
11190327
8281283
11618743
1754363
0
0
11269855
0
8768393
0
0
3008641
9401302
5133608
6762262
3774846
0
10011467
393
0
0
0
10173441
0
11106207
95
0
5717304
0
0
0
11729247
0
11618515
0
0
0
0
2175189
0
0
3901953
765
0
0
9404554
8014881
0
0
10141552
0
0
10790781
0
0
1195288
0
1866108
0
11476696
0
9303274
1749769
0
0
9631278
0
10120429
0
8597204
0
0
6646994
0
8919516
5339875
0
0
11433393
0
0
0
0
7031408
4318976
0
0
5559180
11746041
0
0
4592401
4054784
3074835
0
0
0
0
10814718
11717361
10352609
2043750
7319352
0
0
0
0
403105
11692882
1557324
0
0
0
11051053
0
9447259
2443812
11397973
11628789
0
0
0
10170248
4530257
0
7055595
0
7127146
0
6404220
0
3179925
10329792
10330784
0
883
0
0
8881866
10729875
7279330
4223969
5591012
6355078
6504328
0
10750101
9464384
0
0
0
0
8217681
0
11398583
10354868
7882388
0
0
0
10024805
0
1382773
0
0
0
10807089
0
1087864
10238383
7082077
11387723
5126796
0
0
5707285
3663424
0
5375013
0
0
10987498
0
9215410
3361537
0
0
0
7735189
0
7067678
1100525
11173191
10454691
11566136
2860690
0
4594030
0
0
9483472
11117427
0
0
0
11780949
0
502033
919
9509954
0
7418099
0
0
0
9273020
0
0
10695517
2670006
0
0
0
100349
11660696
11194475
0
10891067
8561026
79341
4878416
0
0
0
0
4852033
0
9766942
0
0
1253041
8120625
5163133
10942219
4841717
7944856
0
11336697
11428219
0
0
4742166
0
23
0
8169199
2235647
0
0
0
7905902
0
0
4826293
181343
8158754
11767867
0
0
8688976
0
9824709
0
0
0
0
0
8934296
0
7684475
6964060
10490036
0
0
3610460
8768162
8715241
0
0
9036640
1520607
0
0
0
0
0
7007976
11529402
7900470
0
0
0
0
0
0
10371206
0
0
0
0
0
246073
7010244
0
0
6160153
6435565
9918560
3004623
0
0
6635193
9062946
11682553
8152176
141
10677425
0
11677686
0
4192929
1742216
0
0
5144818
0
0
0
0
0
0
0
9201493
5112125
0
5996964
1055830
0
10064437
0
7546686
1761726
0
0
0
0
0
8797400
0
455
0
11385274
0
0
10115486
0
0
8159858
6918435
2051730
8251726
6811483
11238138
0
0
9412945
0
9237445
5835456
7263461
0
0
0
0
11512470
562
0
0
11466441
0
28779
9544344
41764
659184
0
0
0
0
0
7944841
0
6782386
11564032
0
11582482
0
9815741
0
5590040
0
0
0
125930
2705061
2899033
0
3459276
7167842
2746542
0
0
11331750
11521851
9885989
8223500
0
10451874
1872558
4847489
11312592
8634916
5155802
0
10639933
0
9580154
0
0
0
494868
0
0
6025764
0
11516923
1182091
0
6345666
2233475
2885384
0
10534594
4845371
10114645
4026134
0
529630
4472730
0
0
0
2849025
0
7508000
2946119
0
0
6749691
0
9324315
0
0
8660192
0
3894527
0
0
196548
0
0
0
0
10680775
0
0
0
0
0
9265350
11551844
0
0
0
11794978
10784537
0
0
3003074
0
1930795
0
0
34777
713627
5075902
0
0
0
10516852
11723787
0
0
1580051
1749206
0
10602541
7200500
4178723
11640479
6852846
11800171
0
4849748
9412365
0
8728503
0
0
4609392
0
0
0
11615532
0
0
2431038
11650144
0
10115268
0
5103041
10816502
593980
0
0
9786052
5792755
0
9830131
10217773
0
0
10550793
0
0
0
0
0
0
10750121
3885610
5779556
9859821
0
0
0
0
0
0
0
0
4279812
11755657
2699572
8094368
3282903
10051178
0
11767352
3751407
7826397
0
0
1760817
0
10325604
922854
7316988
0
9944
10084261
3858952
0
10450624
0
0
0
7074299
0
4120252
4203398
3425640
11430978
3339376
11307713
3692774
11043735
10630314
0
6159989
0
9247883
0
0
9385346
0
6884255
9204320
11782914
0
11550
0
0
5623256
10559036
10582467
0
0
0
0
0
0
11067927
0
7170838
7480675
11634052
0
11049017
0
0
5515148
4891201
7211659
7373471
0
11855607
0
0
11842655
0
8245743
6888411
9584755
9063060
0
8517077
0
7579088
0
6628960
0
10004008
7736380
2560252
11461394
3742601
9747947
0
0
980183
0
8747667
0
0
4532306
0
5313655
0
0
0
0
4840326
0
5747058
9842863
11863355
7687376
0
4838045
0
2785164
706824
10416640
2767135
11731949
0
0
0
0
0
10781730
1192369
0
0
0
1464973
0
0
0
0
3589715
7444902
2949375
8567180
925704
11228495
0
0
0
0
0
6862598
0
0
8411528
9703271
1096713
5261747
0
0
0
0
10617356
1592080
11305775
11041201
11774741
0
0
0
0
0
5101896
0
6260217
701008
10454776
0
11891443
0
10908623
0
0
0
0
0
0
10404607
10541198
0
0
808911
10446888
0
11645865
0
0
0
0
0
11934489
0
0
10813240
11755847
7533067
0
4897083
0
0
0
0
9676564
0
0
492
699523
8803297
0
0
0
0
10741164
11487734
0
0
0
3905812
11156275
0
0
0
9413691
0
0
0
0
9306397
0
10694755
9731869
8265469
0
0
124247
8222502
5236997
11253900
11792417
9309493
0
11649827
11538168
0
4067680
1764473
0
4139127
8810439
8942156
11941257
0
0
157495
11642261
0
11777355
0
7521235
8635863
0
2511730
7723237
0
8918433
0
11569038
11871312
10186356
0
2430706
0
210042
11402674
10877424
0
0
5664128
261162
0
0
0
0
0
0
0
131
10008880
2704775
0
11537520
0
0
4891364
0
6011330
0
2183273
2392265
5883360
5900140
8962567
0
6661551
6717364
0
0
0
0
4628367
10865582
0
3581239
10978679
0
0
10075740
11795227
0
0
0
0
4022301
8111087
2779857
0
0
7312098
10038862
2925330
8753736
0
11320431
0
3671319
7993691
9033621
5539465
4051018
0
0
5145987
0
0
131816
11411494
0
0
0
11137492
0
0
11129243
704877
10085036
1950320
0
0
0
3768506
11222448
0
11481631
10233748
9209151
8767176
0
11565389
0
0
0
230
11615521
0
5531457
8623783
0
0
0
10410380
0
9915766
10709522
8315141
2241789
0
0
0
0
1668079
2182389
0
7528068
1400455
1569604
5699710
6946357
810152
10598058
4109150
0
0
4399475
6710428
0
0
1215219
2848586
11450890
11553439
0
0
11625446
0
10786446
6343685
2014478
10422693
5163874
0
0
0
0
10967030
11615327
9131793
11941481
0
10591834
8402596
0
0
0
10457356
0
0
0
299
11334237
0
0
0
0
6588230
8157049
1843223
0
0
8116004
0
9384004
3114351
11326658
1097903
0
2313735
0
425053
2510
0
0
1578720
5215921
11723082
11955579
9519304
11171887
0
5245925
11518559
8338926
9673773
12537
11986145
0
0
11924210
0
4903020
9132950
0
9022749
7452742
698064
0
0
0
8917093
0
7032052
1392095
0
0
11375975
0
0
0
0
11893082
1443977
9261666
9651446
0
8543450
0
10387415
11034692
0
11989766
1280741
0
11684321
0
11748690
11568895
0
11708040
0
0
0
11079796
6330613
0
11536339
0
9351104
11645662
7906052
2953790
3578352
0
0
7929424
0
0
1153961
2329681
11598497
0
10641181
10075279
0
4790635
0
0
2436273
0
10022565
0
9586650
539329
0
0
11980452
11102842
7212831
0
3639226
12008536
7654651
7468803
6196648
4121847
11008933
2537469
0
11316039
11985100
9380545
0
0
2425029
0
11712598
51645
10806906
0
10197390
649394
4024286
5558202
277494
0
0
10735748
11673593
0
0
1321635
0
3834582
11865465
11116193
5122476
0
7108730
8408096
11872453
3975412
9279987
10153457
1286995
0
0
11003773
11841491
0
2017294
0
0
4322220
0
0
0
10172317
3920994
8576669
3243422
1999115
11939593
10785913
230856
8912916
11156059
0
0
6217201
11208976
11335747
12023949
0
10430478
6461206
11606287
5159886
0
8260615
0
0
10888820
2850044
3268830
11646404
0
10774172
0
9161069
400210
0
9955660
0
11956057
0
0
0
0
11762885
0
1401537
11874088
1030640
10188432
10786168
10577566
11737615
0
0
1210410
0
11993885
6499818
5269648
11794761
0
3069147
0
10877368
11848501
0
0
5890342
6462660
0
0
3409727
10939548
6953803
0
0
0
0
0
0
4340014
592711
8800369
11666880
0
9333669
0
6280932
10281672
10317440
0
0
0
0
11952292
957923
6218016
11630010
1918555
8793378
0
0
8715390
0
11724253
11258502
0
2712762
10504300
0
0
0
3533444
0
0
9816265
7734665
11926167
4097940
0
11165749
0
10209371
0
10572369
7215573
0
0
9801914
0
11252472
11237602
0
0
7209793
10633593
353798
11251668
0
8832247
0
10489933
0
0
11955424
0
0
2911563
6804940
0
4409087
0
0
0
0
12014244
10034332
10287464
0
0
3317441
6609238
11233161
12064737
4281937
7126692
0
0
0
4201586
0
11469332
11868879
0
0
0
11066203
0
6938543
11193206
0
892151
0
0
0
0
0
1199254
11624367
397
0
2338535
3571997
10022837
10560515
0
0
4359513
11054121
0
2999359
0
0
4254572
820
11993995
10926137
0
0
11881315
8095288
10387346
0
0
11958420
0
0
0
6511368
0
0
0
0
0
6300243
0
694036
7489097
5108355
5555729
0
5143090
4920105
0
9087028
0
1867842
6408099
0
11965266
0
80724
0
0
0
1866323
0
11999863
11047366
0
0
2891026
789658
8797753
0
0
0
0
9964541
11069897
12085757
0
0
0
0
0
0
0
9410376
0
10881802
0
739101
0
0
11271951
8171574
6405948
12078919
0
253481
14666
11003503
0
411314
0
11042095
0
0
6767459
0
0
0
0
9900199
7177020
1352551
0
0
0
3727998
0
7986423
12098650
11161612
2174257
8142914
11041686
0
11700032
10791751
0
0
3047245
9454061
0
7244564
0
11853458
0
0
8602253
0
7187340
2957223
11720646
0
11242051
9655410
0
0
9499765
0
0
0
6792211
10303735
5741536
7863374
8969160
3265758
5138213
0
0
6638255
0
0
10273126
0
0
4002570
12097248
0
0
0
8981162
5944399
0
0
0
0
11827632
0
9195529
0
0
1053665
3468760
7467842
0
7909329
2793510
0
7371909
0
0
0
7778924
0
9958055
0
0
0
1484050
511
2644685
4139861
0
11233767
1106280
8915024
0
8291618
9775614
0
0
0
5631899
11168031
0
0
11505465
11943691
0
0
0
0
3711969
0
0
10697698
0
152521
0
7429727
236
0
0
10606900
0
0
0
1807682
5135040
5589984
0
6851572
11714350
8037056
3939111
4362776
0
9874173
0
0
5149970
8990944
11010885
0
6279172
0
0
4763847
4035117
0
5184772
7879554
0
5194887
11342114
5362551
8768234
0
0
0
0
0
0
0
11348868
0
9876821
0
0
120
0
0
0
0
9995125
0
10438545
1631
8903463
0
0
0
0
11710381
0
11684178
10459735
8244641
8953193
0
10710923
0
0
0
0
8998830
10892476
12017393
0
5915208
0
11084841
0
1865427
0
2079
9787534
0
0
7235798
11984487
0
0
0
0
10314566
0
10582349
3265758
10429790
10905965
0
0
0
0
921
5812788
6633405
0
12143770
6358518
0
0
2320170
70986
0
2286092
0
0
6930759
0
0
0
3123921
9751214
0
0
0
1062637
2472745
10515571
0
3075560
9760775
5625818
2747461
0
0
0
11153104
0
9020123
0
0
9430968
0
0
2998139
3177127
0
4315385
8382283
10474848
9061352
8634807
8674269
0
3642967
10943131
12043130
3490079
2107932
0
6598144
332046
11907481
11617772
0
11655523
0
11625249
7718445
4641213
0
227516
7234456
0
2605796
2564139
0
5952160
11271784
7545037
9703690
7792319
0
8185682
0
9794532
0
0
11708822
10372325
0
0
5975711
6070632
3825069
11261951
0
11609542
7382206
0
0
2071060
0
0
0
0
0
0
9811142
0
0
1049574
11140811
11073677
9109374
0
11325159
8272477
9789967
0
4408395
9833717
376415
2546093
12113679
11509917
0
0
0
9976799
0
0
11748420
0
0
0
0
0
0
0
3681925
0
0
10056392
0
2533341
0
6450655
0
0
0
12018605
11106643
7420036
12142149
9955235
0
2107872
0
6193154
0
1017434
850764
5513151
0
0
2464602
3725235
12051440
1924159
0
4898151
11877800
0
9585411
0
11602067
9177392
0
0
0
0
0
11756361
0
6016252
3597798
0
7068574
0
0
6399502
0
8107399
420777
0
11474597
0
5904357
7297361
2914308
0
0
0
11842124
0
6766540
0
0
0
0
0
0
0
11612289
0
8770364
12143278
28541
0
0
2186780
3682026
11755147
1943442
0
0
0
6654317
0
11355945
0
10628700
0
0
0
6141433
0
0
0
10217011
0
0
8661912
10044022
11888727
11570593
0
0
7375026
2630188
9048992
0
3115450
0
11828181
0
0
0
12136786
5864807
0
6453939
0
0
10235133
9683613
6218323
11404421
0
0
3456235
6795827
0
0
0
953
6203652
4448232
3817752
6747997
0
0
0
1578759
0
12151579
0
0
11954742
249340
1337201
0
11945655
0
0
0
10660796
12141657
4074748
0
11924955
9167592
0
3762539
4502367
0
0
11046600
3759019
9816873
12030699
8807889
0
0
0
10990825
0
0
0
11099695
0
8605660
0
2526924
11547557
11389204
1452797
0
8730235
539196
0
0
10893299
11925337
0
0
0
0
12101587
10802350
0
4832612
0
5633695
11291152
4740205
0
862045
5529169
9554844
0
10124381
0
9312576
0
9280628
11998792
10189271
0
3831472
11154702
7548070
0
0
5430234
0
2762654
3843479
9516586
0
0
836737
8546030
11268664
0
12164478
0
3929936
0
8078761
0
11253406
0
0
0
11266097
0
10300605
4489308
0
4763901
8347621
0
8075111
52389
0
2315217
11993260
8128224
3032361
10339508
0
12083121
0
4580172
4475493
0
0
0
0
3615527
0
0
12025624
0
2624372
5118469
12100540
0
0
0
6803167
0
4420899
0
3279018
7416361
0
7590287
8383101
8804866
0
0
0
0
10490158
0
3674358
11125308
3624875
11870163
0
0
0
0
0
0
11778525
11099478
5034761
0
0
0
4098201
12093422
0
10360324
10627528
0
0
2886
0
0
0
7622419
0
6877192
0
11300515
2757575
0
11007051
4033851
0
0
8408221
0
0
0
0
2979681
0
6211924
8006810
8273183
0
0
715108
7233273
0
7686253
6895623
7867178
0
0
6629744
0
0
11875571
0
11235414
5762815
12132455
0
0
0
0
0
0
946681
0
0
0
0
0
0
11098562
9537480
10855674
0
3387034
12020174
0
0
0
0
3021959
0
0
11054458
3004439
2184352
6176904
10889435
9556348
11711580
10865698
10080616
10471548
0
12096401
4999671
0
12153831
0
0
0
4722701
0
655
0
10189911
0
0
851409
5463927
7795736
11482485
0
10693017
10139228
0
435266
2748443
0
0
0
40068
2306058
4192246
0
0
0
4072084
11792634
12263864
0
9724997
0
11872658
3872408
0
11684964
1402045
9463656
0
0
0
0
6125213
8382613
0
0
0
6680109
0
4149920
7823887
0
1461236
9310327
11623556
9744519
0
11893909
10307894
11772163
10465472
0
0
0
5447265
0
11883394
9820789
6935411
7454284
0
5275394
8857668
4246688
3894317
0
4643959
0
0
0
0
0
0
2744408
10189803
6532759
0
0
0
741534
1246833
6300243
7061809
12016904
0
11382965
0
2140941
0
10153524
8771807
9943082
0
6689688
0
10839986
6900516
0
8012712
0
0
648886
9016738
0
0
9125354
11639399
0
5699689
0
8679282
4736234
0
10260246
0
11313671
0
10579
0
8896493
0
0
10279082
5147970
10158515
0
0
9827139
0
6741336
0
286943
0
0
0
8517277
646043
11497232
0
0
11711490
0
0
0
0
0
9357865
9624949
0
4939907
10652410
12064657
0
7110265
0
0
0
0
6627273
11225445
4531657
0
0
0
1292066
10850912
0
1139660
5454953
11445358
0
12024422
11295617
7305727
0
11157772
0
0
8282120
7786062
0
0
0
1801764
0
0
12204226
5865058
0
12110671
11704141
6622597
6572625
0
2225798
4833751
0
0
0
0
9047103
0
0
0
11619926
11746481
0
10458598
0
9308468
0
0
0
0
5983076
11376388
11396390
0
9655394
4983270
0
0
8406808
0
0
9527575
0
7064108
0
12089974
0
0
8505043
6597766
0
5434193
0
0
0
10679051
9013434
0
0
0
10870416
11328804
0
0
0
2759432
0
301
0
0
0
10228821
8527114
3741694
0
0
9835171
0
10859923
8158640
0
10023298
1545744
0
1528686
0
0
7844143
0
0
0
848201
0
8408008
8118172
461855
0
12206693
0
493
0
8339616
0
9587204
12234672
7236531
0
0
10341242
6080461
0
6497419
11666552
8829669
7724548
0
0
10219498
789859
8407981
7731499
0
0
12215634
12034520
0
0
9197148
12024954
1417297
0
0
3252240
6925744
12101597
0
0
0
0
0
198059
7067904
0
3727430
10043738
0
0
8631190
11762243
0
0
0
0
0
12088361
0
12052258
12352297
11963096
7151355
11313659
4949504
0
6907476
9358739
5335918
4469840
2722964
0
3642745
0
12298196
0
4339690
0
8711030
0
0
0
832906
0
12246715
12325739
12224321
599104
10244347
9330896
0
0
10978674
0
9446418
9278590
0
824108
4061367
0
0
10499884
0
11881393
5424688
2284082
8585651
0
7338272
0
0
1766698
1760817
6278882
0
0
9623253
0
0
10690887
11822107
0
0
11502875
7105867
9829606
0
0
3656050
0
2546699
0
0
0
12130129
0
996873
0
0
10957661
10980913
0
7446047
9963455
0
0
0
10793219
0
0
0
420
0
9085248
7840454
0
0
10569552
9829689
10714707
11824432
10213795
0
10561829
0
0
8393049
0
12092686
0
5039966
976193
10828305
10868434
0
0
12339957
9433813
0
6974830
0
12260624
0
6555209
5671054
11132061
0
0
8711271
2623272
0
0
0
0
0
10126991
8882751
708
0
6108431
10742527
9388119
11215185
10763643
11364070
0
6237605
0
1355013
0
0
12088361
0
920774
0
0
0
11486176
0
12022172
9673359
0
0
12055767
10827805
811870
7836434
8042764
11914405
0
10885878
0
0
0
0
0
12414320
0
0
7438389
0
12307795
0
193
12123513
0
11772744
0
0
0
12376639
11137502
0
0
0
0
0
7089717
0
101
3291107
7551676
0
0
0
8556080
11487968
10619301
4840186
0
11213726
8576706
0
0
0
0
0
0
11981151
1821483
4765027
0
0
12371967
0
0
11567811
0
0
0
0
0
0
12031524
11503488
0
5343961
10814399
0
12254783
0
11393168
10348299
6875373
10931773
11575958
0
10200290
0
12037371
3429694
6325209
6779593
0
0
8019734
7663591
0
3493441
0
10577924
0
0
0
0
0
0
0
4121853
6510217
2121776
0
0
0
0
1818961
11588907
6459345
7980245
0
8476650
0
0
0
0
0
0
0
0
0
6069353
0
12242215
0
3009641
0
3069784
8787177
0
0
0
0
12031480
12208553
3012191
0
0
4319549
7797840
7874463
11929531
7188966
0
9840693
0
10297577
0
0
10183797
11729267
0
7536557
0
0
6779679
11057313
5893123
0
89689
0
0
0
10514361
5854394
8533416
8936749
3318215
7577270
0
0
0
773140
0
0
3906024
1004219
0
0
0
7993564
0
6096825
9353973
4675619
1331619
0
0
0
0
0
4478608
0
8234738
11912885
0
0
145796
6795542
4658490
8353843
0
0
0
0
11761541
12146915
0
3857745
12149684
0
9850697
0
0
3072090
8747113
8014072
0
0
191972
11045320
0
3956923
0
12068910
11754453
0
0
7146108
9593615
4094808
12222422
7850656
0
3070555
0
7546837
0
4654657
0
6523572
0
3064018
0
906
12294621
10043643
0
9181824
1918385
1396365
0
9757693
0
5693727
0
9022599
0
0
0
0
8116947
8423161
7044611
7480277
0
0
9837624
0
0
10499405
0
403762
0
8148759
670158
1949273
11161076
10462298
10350296
11036406
12468435
4862839
0
8384389
2497526
6936628
11871428
0
9714828
294
3720594
0
0
12446354
0
0
8320651
3498471
0
0
11678974
0
0
2906409
0
0
0
12193873
0
7959743
0
12444063
0
10216982
2696034
12084785
0
0
12332888
0
0
11067772
6235828
0
8238971
0
0
10738989
2280799
11392864
0
8241983
0
0
9288267
0
0
6916697
0
10266416
0
2427425
0
12276397
0
0
0
0
12108204
11384976
0
11952818
3561064
4452261
10953480
12409234
0
11339478
0
0
0
0
0
11487839
10120961
5471201
10250376
8990839
0
9696331
8979078
11686481
0
0
0
0
0
0
0
0
1546615
4100001
674505
0
12395186
0
0
2886115
0
2184272
0
10282266
1769588
0
12339213
8165202
0
0
4034399
12232863
0
0
12410078
2227093
3171013
0
0
8616878
0
11481934
11312121
0
0
0
0
6926913
927622
10206078
7410005
11101842
568448
4777821
0
0
0
12394015
3741040
8901854
9220803
10389069
4194529
11804540
0
9685360
0
0
11284381
4465112
11522511
963647
0
6173142
9765086
4983545
0
6507680
2800158
12523277
5069872
0
11016924
0
6547543
0
6214409
10874233
9646459
0
12066386
0
9616936
0
0
0
0
0
0
0
0
4780285
4283377
0
0
0
0
0
2718615
0
0
7535432
10150650
6423835
10083544
746328
0
0
0
2891051
12283236
8735392
2621337
11770444
10974823
2289735
0
11352368
5047039
0
10327411
7851302
4924662
0
0
4282465
0
12426309
9542615
0
717738
9176569
10711816
0
5304468
0
0
7045778
0
0
8081574
2056933
0
6795627
11906398
0
0
0
12213803
12084812
5148966
0
11181942
0
0
0
11693570
0
0
0
11762263
11831225
0
0
4176221
12262615
0
0
857922
8016831
0
10553954
0
0
0
11915219
0
0
9702007
1266166
0
12465001
0
0
3988272
10496363
8715850
0
0
4849308
0
11562730
6407355
9166646
0
0
0
0
0
3278987
869469
7188047
5826346
839001
0
0
10073954
0
793580
0
7356236
749288
9676996
0
0
8438060
0
11292400
0
0
0
7145720
688650
0
0
12059431
0
1428529
0
8406337
493
0
12292499
0
7004195
12243077
0
0
12381652
0
1350455
7783656
10632977
1453744
0
0
7804290
0
0
0
176888
12237902
0
9917218
0
4697926
0
0
0
10714311
0
0
10649447
8868481
10312467
6449429
0
11763891
0
0
10630092
0
0
0
0
0
5636953
1783317
8399846
0
11383950
0
5911194
6295014
10499780
0
1963370
5436672
0
0
7328107
0
0
0
1266126
10672483
11350712
10013676
0
0
0
12189633
0
0
0
667061
0
12462703
0
0
4974223
0
0
0
213379
0
12150125
0
0
12262293
0
5748298
6982152
1386113
0
3152134
5504729
0
5937088
0
0
12012909
0
0
0
0
0
8399027
6239513
10981567
12543484
0
0
0
8888480
1469388
0
381941
12318433
4256896
12466138
9826314
10886621
0
4443584
0
10092028
6637872
8457467
0
4080296
0
0
0
11856444
8530925
12331508
5112739
7333409
0
0
0
0
8505294
11359217
0
115949
12572958
0
7416687
0
11044678
0
12139676
12477229
7635225
441041
3918929
12618302
9260839
0
0
0
0
12573465
0
0
8406545
10806829
0
0
101943
0
12016053
12325022
0
10544358
0
7002493
0
0
0
0
1272242
10960129
9854606
3232675
0
0
0
4604137
0
0
2062451
10821468
0
10703235
0
0
10109874
5506538
0
3053601
0
0
3372885
0
12324876
11687752
1526153
11540573
11237617
6412509
7606738
0
0
0
6616083
0
0
9259378
6694645
0
0
0
0
10492928
2757846
0
0
0
10106299
0
0
0
0
9085374
0
0
0
11431982
12229046
0
0
10624391
7218041
8144571
0
0
8415384
10454602
561
2218964
244582
12604334
0
0
11834291
7386028
1651997
12406415
10548490
8721014
0
0
51582
0
0
7638547
10177049
11551330
0
0
0
0
0
4549087
10761270
0
12275405
6213784
10718500
8808231
0
10288440
0
0
0
0
0
8119043
12626300
4804898
0
0
0
8378977
0
5940623
0
0
7721729
0
0
0
6652924
226
0
0
9161348
11291348
0
0
9570528
11983956
0
11822237
10770233
0
0
0
12591756
557339
3124325
3962157
12426423
0
0
0
12627495
0
0
9839991
0
7131431
11494813
0
0
0
5876100
0
0
816115
11818692
0
216
6563501
12627165
0
10549015
0
9157947
0
7270402
9919335
7204654
4262440
3832896
4242769
4421111
0
10024395
2232506
0
7646041
0
5688170
4811751
0
0
0
11509894
12385124
0
11031444
8114748
0
0
9209696
11132185
0
11495263
10126468
0
0
9856601
0
0
0
0
5343712
3972584
0
0
0
0
12273625
0
976847
4504666
9008412
7097
11654443
4523603
8272894
385327
0
0
12469328
0
0
9267975
0
0
4448731
0
0
0
0
12618861
11198178
9564720
11468509
4130487
8321216
5961676
6253009
0
9435164
9742315
0
0
9130280
3871757
1890464
630
0
0
0
10161502
0
2326203
10586147
0
0
12472126
0
0
0
10724706
5785342
3106092
11891269
0
0
0
0
10866366
0
0
0
11161222
6372333
0
0
0
0
0
12091807
0
0
6638588
0
0
12679978
12034553
0
8334553
0
4424345
12175969
0
12261081
3693269
0
0
5708668
11146812
4313748
0
0
10855823
0
7545495
0
7962561
4603918
5832986
0
0
732
0
10291925
12490265
11046614
12114775
1710963
0
12596568
0
0
4414692
0
0
12616061
0
0
0
0
0
1199134
0
5465461
6152412
0
7412096
5269647
12600686
7141810
0
0
0
11241216
12092817
7609126
6625826
0
9274702
2411788
0
0
0
3498730
7040640
2993361
0
12134579
11561861
6535713
0
0
0
0
10325266
0
2982290
0
0
0
11119404
0
2893933
0
12259259
0
0
11573537
0
0
0
9550740
9260780
0
12647091
6019512
0
0
0
263177
7919584
10464788
11110343
0
0
0
3765914
0
0
0
0
0
12708696
0
10455709
12447864
0
0
12346145
11820529
0
0
0
0
0
7994262
10121664
0
5773544
0
0
12579645
11767223
0
10013435
835073
8107309
0
662
5402359
12443424
10885116
3344046
0
0
0
0
6097
0
4483016
0
0
4313408
0
0
0
11122405
0
0
0
7056104
0
9661323
0
0
1868307
0
0
0
0
0
6058325
10785681
0
0
0
0
0
9678514
0
12574915
12434563
12318150
6511368
0
4566089
10173396
5871960
12317047
0
1500345
0
10975655
0
9197315
3870585
12014815
3901387
12639460
12719272
11238169
11903438
0
0
0
0
0
10733448
0
340239
0
0
0
0
0
11982317
0
0
0
3481897
3383517
12570665
7716854
0
0
0
12448045
11508165
0
7015654
10729729
7432410
0
5657759
12041674
0
0
0
0
0
0
9580489
0
12293058
0
7277295
8573729
5987028
0
0
10802879
0
0
12352151
9907772
9852061
0
0
0
10357241
9916757
0
0
0
0
0
295
4481997
0
0
10778084
0
0
10899755
0
0
0
302217
0
0
10922374
11970744
0
0
0
7091891
0
0
0
10630709
0
12113423
0
0
8431128
0
11065636
11862136
9261877
4006536
1653198
12726703
3367343
8114748
0
0
9195030
0
11162136
0
0
7566906
4790391
8311780
0
0
3461960
0
3623336
0
5275569
0
0
0
2703759
0
0
0
0
0
352806
0
0
11774845
0
9184762
111
0
0
11743034
0
10262655
11878148
3657246
0
10231942
10075433
0
0
11029
7651157
0
0
0
717297
3726317
10324029
920
11377638
0
10649556
3803820
9754830
10730775
0
9353917
0
6504328
0
10833723
3294955
8996970
11267869
0
0
0
12017303
11498858
9615643
0
7409423
12145840
8596004
0
1212142
0
7675351
0
0
9315230
0
3099720
0
0
12562777
8852557
0
8620013
0
8190391
7571795
0
1055978
0
4785212
7630131
10343078
0
0
3764192
0
7131154
0
10379251
2460185
7760005
0
0
7961553
120
0
0
0
8775443
0
10325576
10882443
0
0
0
0
11856602
0
0
0
0
10868780
0
0
7754284
0
4205534
12720111
11360211
11169389
9039161
0
376365
0
0
0
7906089
0
0
8800128
0
0
6540648
3547214
0
3426487
0
12001859
4017788
0
11571321
767352
8995393
11497252
12390885
0
10516568
12685044
894695
0
0
0
0
0
9427148
9919382
12132348
7093940
9003368
0
0
2134780
0
4949317
3740776
0
48588
7197905
6304047
6027149
0
12768535
0
9120126
1722472
0
9828190
2209190
0
0
0
0
0
0
9460721
8801121
0
0
11010612
12509018
0
0
8667857
8753447
0
0
8121075
0
0
0
0
9349621
11482411
1344926
0
8120537
0
2351251
11118332
11522317
0
12365196
7172906
5931885
0
0
0
12513660
0
0
0
0
0
12731518
12338769
1220279
9132970
0
11163427
12753367
0
0
6951952
0
0
0
0
0
6671209
9906420
12529306
1889605
3941181
7277672
9032660
0
3978178
1140361
0
0
8990693
0
12522852
6048697
0
0
0
8261395
0
1442015
0
0
1493334
0
0
0
0
3372250
10082720
10724150
6143837
0
0
8507238
0
0
4289327
12210820
0
11617443
12019299
0
0
0
4446285
0
2419139
4307915
0
8257416
4709125
0
12032140
7093857
0
0
0
0
2463765
12670881
11240805
10970285
0
7712416
296102
0
0
2594467
370014
0
0
9673792
7705779
5907021
127928
1117802
0
4848782
1381084
0
0
7425105
11741146
9600835
0
0
6294101
0
0
0
0
6611069
10456729
0
0
0
4632449
5231095
0
10045875
9890721
0
0
5619406
4026656
9249436
2449375
0
0
0
0
7643636
2674272
1078035
8893845
10296970
0
1871879
0
539213
0
7882310
12840709
4331916
8691003
11079828
12665960
0
6514951
0
12818559
5146619
2416078
0
0
4030728
5908440
0
0
0
10598924
10546685
0
0
0
6980664
12559724
5829631
0
11911670
0
1210717
10064824
10540562
0
0
3199189
12767659
0
16068
0
5193678
0
0
0
0
0
8153044
10555015
0
0
8091798
10969390
0
0
11628256
0
0
0
10830761
0
0
10426031
9910726
0
0
5465592
12676508
0
0
0
1608380
2696701
12728284
0
9548266
10001297
12761750
0
0
8393075
0
5376067
0
0
12810926
10958568
7870325
4898521
0
6548850
0
7745130
0
11427973
0
0
0
11606825
0
9181297
0
8751492
3127380
9436858
0
2061051
10063318
0
9059641
0
210042
9094796
0
3162814
38069
0
9684465
0
0
0
2683506
11760364
1543388
6874328
11049950
6757096
0
8088215
0
0
11978452
7031309
0
5651995
0
0
9653083
0
4580410
0
0
3268845
0
9651651
12384528
0
0
0
0
5180580
0
0
9160960
11977303
0
0
0
0
4234252
8659413
0
9735482
12701775
2931564
9802710
10273811
0
11891284
11111454
7040730
7381932
11402834
0
0
2418345
0
0
1220955
0
7401247
12133157
0
0
0
11839119
10484039
0
0
1341796
12696300
0
6356553
3368784
12107375
0
0
0
10865038
0
10156782
0
5642350
0
0
5373852
11651393
8568556
0
12717209
10900915
0
0
7507448
6363175
0
9246742
0
0
0
0
0
1701171
9505312
0
0
4985548
12803975
4147957
9814267
10143892
12404013
12389327
0
0
12730567
0
12586178
0
0
11859937
0
0
12727485
0
11634400
0
10788488
12761283
3623785
0
0
0
0
7825417
11612328
10440797
0
10747800
0
0
3158380
8738305
0
11397669
0
0
5198181
5724499
474741
0
8549850
0
0
10589572
1617200
0
0
0
0
0
5717745
9550731
1962280
0
0
10298892
0
4439905
0
451598
12257156
11263015
724095
0
0
0
0
0
0
0
4242228
0
12767828
0
7861848
0
12366529
12480137
0
8868924
0
11285016
0
4867381
12649535
2080770
0
3942583
0
0
0
0
0
4719071
7778213
8470621
0
10391888
0
7415722
0
0
3943785
10485278
0
0
0
12897719
12687640
9793055
0
1083019
0
12715685
0
11641486
0
0
0
0
0
11078516
12715599
0
0
3141451
4455030
0
0
12908105
12826698
4066333
0
7292895
0
11679903
0
0
0
146
0
0
7883744
0
10943160
10448899
8536430
9058389
0
0
0
0
0
2724831
0
0
0
0
0
5962950
6112733
0
0
12285556
10403963
0
0
0
8485913
0
8723229
0
7904440
0
0
0
0
7662627
7389920
7632369
0
0
0
0
0
4387972
6238713
9029281
5266149
334
0
7668803
10515705
7672577
8303016
0
10937324
0
11501168
7496200
8179995
5510583
10425999
12717750
0
0
8519738
9749537
12151454
0
12298086
0
0
0
11202202
4035110
0
0
0
3949987
0
10005380
0
12671684
385
0
0
0
12645012
11345470
0
0
12715236
12601931
0
0
0
5942993
0
0
154932
0
11601530
0
0
12346774
0
9971653
0
0
0
0
7124192
518769
0
0
9773413
6594920
8748149
12236929
0
2482705
0
12683737
8013896
8707557
0
1940571
0
9537040
589521
0
11685512
0
10994144
9563756
0
11189320
0
12179732
4756659
12937852
12785214
0
0
5710706
12850610
5926899
0
54077
8271890
12477758
0
0
11132185
0
10340215
8856029
0
6737278
0
4289871
2051898
7389570
32545
0
0
0
5686915
0
0
46
808723
0
0
8763473
0
0
0
12792221
0
5850855
0
0
0
11573350
9454977
0
0
5630853
12466213
7802470
0
0
11475025
0
10861178
2269426
686172
0
11134181
12892686
0
11670444
0
4551275
7690554
7404426
0
0
5263630
12807153
8415360
6989669
497
0
0
0
11881445
0
0
10949401
0
11830473
11614759
6813784
0
12959870
0
0
8757291
12909796
0
12938931
9827480
8676296
4624921
11424298
0
8025040
6883716
1929780
0
7289666
1036940
0
0
5838077
9821872
10023908
0
893522
663079
0
9954223
7794889
11634378
10454641
3861039
10198767
8618092
0
11420055
0
2153774
0
11925387
8336650
11016940
11237217
2239087
0
0
0
4278393
0
0
0
0
17371
4457871
10733994
11659789
12798526
266226
12210180
11267650
12687439
9598877
2690377
0
9158650
0
12544879
0
302859
12960562
6754846
0
11109782
0
11339469
0
2008781
0
0
5665049
0
0
0
0
0
0
11137232
12665689
0
272383
1202146
0
0
186720
1448850
0
0
8334260
899
12179363
1863541
0
5433158
1045266
0
319007
0
0
12805780
7016590
0
2035408
0
12264460
0
0
7827284
7212388
11749155
6120757
0
0
0
0
0
9231640
0
0
2459227
0
0
5554373
11111770
0
9482540
1865911
10457729
0
0
7156825
0
9542700
0
0
12754137
12533305
0
838
9083974
11288046
0
7149759
0
0
9548692
0
0
12360988
0
0
4298140
12120042
7850181
4925493
12958732
0
0
0
0
0
11479831
0
6663897
5276522
0
3456438
0
0
12990891
0
12747295
6488466
0
0
0
3861313
8947004
0
11809979
0
12420589
0
9098698
8570128
0
0
8744577
0
0
0
0
9624546
4915101
0
11562798
5913229
12766542
0
981079
10401848
12857868
719718
0
0
0
0
1470849
0
0
12889231
648525
10735024
11217338
0
0
4800609
7863708
0
11608916
12511690
0
0
0
10172156
0
7246576
8523075
2965493
12752204
0
3753
0
11363532
1899408
3424077
0
7751129
0
13002704
0
3558901
0
125773
9394750
0
0
0
0
0
2783356
0
3556055
0
0
0
0
10166835
838
0
3866625
12782077
3861516
0
276508
937
0
9578257
0
0
0
0
0
0
0
9460796
11216967
0
6174087
0
0
7414867
12297527
4647821
8833334
7112311
6292527
0
2312504
1368039
0
0
2589398
0
0
0
10923334
11019991
0
12338143
0
7184486
0
9682941
0
9888718
7417645
7498415
781800
0
4595443
13018776
7656228
0
5540774
0
5126954
0
0
0
7363422
0
0
0
0
4837900
11662665
0
1797393
0
12807814
11613774
8936759
1827128
0
2337176
11689143
0
9689999
11722490
12365650
12888311
0
0
0
11026094
0
3622024
0
0
10325938
0
5572670
0
0
0
4167116
0
10960245
4718846
0
0
555056
0
0
0
1197391
0
0
1912418
0
247656
10307399
8394073
12046656
0
0
0
0
12412305
9210980
0
0
854
0
12476134
6958452
12436184
0
1783566
6078729
7584999
4615914
0
10316368
0
0
4978959
0
1257658
0
12112717
6108645
13006887
4586608
8642190
0
8857229
0
0
3366984
0
0
0
12002594
8741096
756
4627011
0
10242464
12995426
0
2088764
0
0
0
9440532
12847758
0
0
12971299
0
0
0
0
12401920
471785
905194
0
8396220
9960177
442900
0
0
11980619
0
12643690
7521507
12202049
0
0
12867408
0
0
11929874
0
2041806
0
0
506150
7531923
0
0
0
0
361713
11915807
0
12501449
13051084
618
0
9400876
0
0
9466234
0
13051254
0
0
0
1887557
0
9017966
0
939639
8637995
0
0
12416355
0
4880840
0
0
0
0
12271114
0
7212397
12362664
13106728
11500521
1699069
0
5915411
0
0
0
0
11519935
0
0
6990306
0
696782
12784184
0
0
9655744
12016333
9237294
0
9554067
0
0
0
9694246
0
0
11340410
9736075
0
10400279
9686274
0
8616352
12364980
11938518
9439628
0
3850895
11328725
4837486
9629742
2230166
0
8066141
713
1069917
12290418
383
0
12996153
0
9962008
0
2540181
0
0
10652078
0
3275720
0
5030430
0
7869484
0
0
0
3345532
6917491
0
0
264191
734848
3557377
3716784
0
0
12934561
0
9856845
5667397
0
0
11707148
11160545
11369157
7706752
0
642
0
0
12759144
0
7045980
0
9115305
0
1199660
0
11813744
3689518
1299473
7902549
10581131
5548646
2964227
0
12397019
10549813
0
877900
0
5460147
5137399
10538321
0
13105291
2163181
3649233
0
0
0
921337
13102210
12440983
12963112
10234224
8454807
0
1030951
0
0
12597812
0
0
1094233
0
12122852
9535526
4801860
6467810
0
0
1299602
12943426
0
0
9146056
13071926
10708602
0
2028892
518643
13099180
9150654
13033429
10289068
0
0
0
2856480
0
12337214
963512
0
0
0
0
9659717
0
12688330
0
9825722
0
8923844
0
2267742
0
0
13127912
0
0
6437343
0
0
0
0
12563526
9687440
6101443
0
11151210
9281138
0
0
11175270
12856776
8866763
5721841
0
0
0
8029621
0
10399546
5133845
2319972
2846312
0
2142919
0
6699673
6833656
0
9407330
8215664
4744375
0
0
1216328
7078359
0
11109305
8392753
0
12448721
6471668
0
0
6611650
2660775
9974039
0
0
12629384
0
12853313
13104880
0
8448117
8337462
0
0
0
12280278
3965201
12805067
0
0
0
13076475
0
0
0
0
6585090
8202635
0
799
11760629
0
0
11413403
0
0
0
12965227
13093536
12980356
11554298
0
12473317
1705077
8510785
0
6063886
0
0
0
779735
0
0
0
0
5147314
0
12218708
3459736
0
10834436
0
12045109
12312770
8562086
0
0
5829307
0
0
12283025
13174985
0
4715278
12568597
0
0
12809791
0
11758767
8170934
1173451
0
5662225
0
2681972
12801859
0
0
11174756
8307811
10980650
498164
0
0
0
11699267
0
0
12287309
0
9976969
3398851
0
0
5982555
9653273
796
1925134
0
5286350
0
0
7943918
754
10488135
0
0
0
2643671
13149818
12713896
1949853
12652183
0
0
440962
0
0
0
0
7591600
5728268
0
0
11026153
12726877
10750585
0
6312283
0
8405123
0
11708566
0
0
10768878
0
4065325
7999487
0
0
7545462
0
6698330
0
0
284069
10586895
11289907
8294069
3036009
10175590
6640908
0
8541924
12826404
0
10521663
0
0
11693296
9998370
0
0
0
886142
6185131
0
0
11032876
9658362
0
0
0
0
9772466
0
12273325
0
0
3951953
0
0
6839563
0
0
0
12633302
0
13136120
3053048
5632541
0
8593234
0
1344400
0
0
0
0
0
0
0
8826977
13122636
3480713
9605137
0
3866723
8951994
13170192
0
0
0
0
0
0
2844518
0
12867676
4897972
8126796
4616321
179
12373045
5100829
10889193
0
0
0
10674506
3245880
10758402
0
0
0
0
0
0
0
11724629
4440876
0
0
0
13179799
0
12529125
0
9094712
0
7387535
0
0
0
11407993
0
0
0
0
0
0
6160145
0
8093356
9670123
7776649
0
9098727
10869810
2196133
10362718
0
0
0
4504462
12338851
10245832
0
0
0
0
0
0
7797413
3950845
0
0
0
0
0
0
462903
8690201
9951188
0
7023716
57273
5110280
0
0
9809799
7018526
0
10272116
2294065
13024949
0
11941030
11534556
0
0
12044420
0
0
0
0
624681
0
9575162
0
0
11829357
3317481
6834285
11481213
4863721
69
1910523
11860998
0
0
0
5803164
0
0
0
12318050
5708631
0
0
12930780
0
0
0
1470235
0
0
12113894
0
0
0
9541304
11276899
0
0
13262368
0
13201502
0
8773729
0
4596599
13116294
0
0
10445545
0
3236341
0
0
10920819
13155120
0
0
13014904
11246832
0
2070205
0
11101808
206293
2737258
9546121
2227825
0
0
11631146
10771761
8337968
0
0
13130122
313
8938627
0
0
3535228
0
3299860
0
10912956
0
0
0
0
8423759
0
0
5984748
0
0
13050610
0
0
0
0
8595322
0
0
0
12141614
12767822
0
0
5198675
8249867
0
0
0
0
0
0
13224277
0
0
0
0
0
12138509
11426578
13214877
12114429
11281328
0
0
0
10440398
193385
0
12392104
904
8163227
13191679
10295431
0
2643762
0
0
0
0
0
0
9212277
6627603
3812490
1482615
10200290
13145591
0
0
0
5427623
9772099
11570019
0
0
0
0
9462760
4
0
0
4787053
883
0
0
599202
13073436
193
0
11053213
0
6257299
8764509
2187672
0
0
0
10354262
5414060
0
0
0
12268837
0
0
8238594
2038475
6667407
0
0
0
8767909
0
10402088
12671499
12938818
0
558976
12320606
2432
0
0
9517015
12811071
12530233
0
10622635
0
0
12884691
10932357
4368847
0
3666990
9019921
0
0
0
0
2045909
10174169
485589
0
0
12976477
1172611
11100553
0
0
22455
0
0
0
0
10970132
6582369
1986150
7384691
0
9665581
0
8369979
0
7055687
12093186
5513219
0
6184108
0
0
0
11927633
0
12700729
0
7256641
0
12442659
2544846
0
7759314
0
11925423
7479988
7537930
0
0
0
0
13259651
0
9748585
1265523
825
0
12509590
4122597
10609325
0
6315112
12626974
13300406
6329249
0
10162585
8439929
0
6101570
264
0
13212774
4050515
1287868
0
11877406
0
8116986
2331239
0
5352188
0
0
0
0
13280554
8960496
0
8782208
0
5056193
11653377
0
10233699
11758243
5551695
0
0
10766812
0
0
10710414
8448495
0
5672943
4186973
0
0
5144692
12670838
0
1417912
6371993
0
0
12269214
13146818
0
12283268
0
7906216
13339650
8238927
13048815
10697698
0
0
713
11766414
13076929
0
0
10188876
8041265
3358289
10318722
8103323
11927441
8456636
7641537
10009583
8704008
0
0
0
541
6711371
6599948
3380095
11698732
0
7005973
0
12857771
0
0
0
10212769
0
0
0
0
0
0
8817127
0
1240372
3462458
11149687
0
0
12664595
8897956
12459683
0
0
0
13152343
10041968
0
7971139
5407897
0
0
12809604
12309260
7219489
3469564
0
1037483
0
2623152
5395332
11453550
0
0
12589906
13361963
12999317
0
0
0
0
9900151
0
11741147
12582200
0
4797044
0
2966385
0
310
0
0
13049627
0
0
12781108
0
0
0
11873658
1860593
0
8407928
0
0
0
2275536
12982504
10541008
0
5938454
0
8077067
12521175
7601726
0
0
0
0
13299461
12009795
0
0
1384503
12385506
11811212
0
0
10874328
10133055
1905283
5850000
0
0
0
0
4985102
9291808
6625656
0
6530723
7874219
13288130
952803
7837618
0
0
0
0
0
7498442
0
1436522
7034739
0
4939598
6784621
0
0
10214513
0
2119644
13176542
4749302
256871
8762488
0
0
0
0
13298141
0
10157181
5590031
0
0
133257
0
0
11409735
0
10084100
1034891
12826291
0
13381541
12600360
0
0
0
663
12601275
0
0
13231892
8063183
9024579
0
0
6098193
9572938
8784000
10649659
6786685
62550
0
0
342
13292565
0
8067290
11554679
0
0
0
0
10902308
12316575
9443358
0
0
8303619
9484490
11863929
0
0
7584281
0
0
0
13265945
0
0
9880858
0
13288819
0
0
0
1230921
0
0
0
0
0
12800712
10991248
0
0
12650455
13233348
0
0
13329800
11308304
0
10450783
2098238
12977318
0
0
0
8411372
6582279
3047652
0
0
0
0
0
9087562
10446397
0
3843975
10077218
10749516
984039
4571724
8378750
0
0
12648478
253380
0
45376
6630463
0
0
0
0
11664623
9964319
11408874
0
8790858
10114317
0
0
4360533
4713457
5902732
8006361
3260344
0
9710562
0
2199132
0
0
0
0
0
445729
0
8287147
0
0
1585965
5209916
0
0
13080040
0
11046440
13378244
12921112
8006082
0
12717235
9088842
12038185
0
10395541
3870670
0
0
714647
10320094
0
10648916
1932671
2148237
6173895
0
0
7315359
0
6303541
9308748
9900935
0
0
0
8624597
0
0
0
13361401
0
3007694
13394844
11920113
6730839
9687569
6989714
7319117
3288402
4150685
13401090
0
0
10713288
4561332
0
0
9298960
0
0
0
12276300
4822979
0
3304826
0
5706476
12142126
0
8854704
3791282
0
8799832
0
3407941
0
0
0
419
1803339
0
708
0
8668444
0
0
0
12011687
3071861
0
12846825
0
1989518
0
11096209
6959476
4615709
8333771
13194816
3802928
10577837
12796129
9787033
0
492246
0
13192118
0
0
9237496
11635898
0
0
0
9452422
11668558
9291596
0
0
0
0
9001644
13315366
7572566
0
7010378
0
594608
11796314
29019
11603484
0
9562169
10884798
11575556
8436150
12603318
5211375
0
777473
12484076
0
3637256
11300054
0
9785140
11238343
0
4964103
5721873
9566753
4499637
0
8911213
11452993
10090
0
9567742
0
0
0
12911147
0
12651079
0
0
2494060
0
9487597
11765276
0
0
10773198
0
1698508
0
204453
11722124
0
0
0
0
0
6136287
13351745
0
0
0
11393926
0
8901900
7558251
24196
13247167
4309818
10698940
0
13172522
10505423
0
13415203
0
0
2407041
0
7496077
5325203
0
11040903
0
11115681
2800337
8138805
7611964
7834698
12337562
7276422
13187490
10359283
0
0
3801870
0
0
0
0
13460088
0
6491580
0
9236501
0
0
0
0
9298732
0
13321305
0
9828213
0
12778661
2370025
0
4992065
12896886
12598982
6424291
0
0
0
13463626
10505023
0
9919918
0
5833085
13120112
13283169
9402893
0
10154541
6449408
1476153
135172
0
9734498
12823679
10747494
0
10803718
0
2510392
7872635
9496693
0
13318810
308
8786993
0
13470274
0
7227343
2121881
12231819
0
0
0
4988713
0
9250781
0
0
0
0
13347236
0
0
729
8528680
0
8875876
0
2494462
0
0
0
953722
12557919
0
0
0
681
8956649
3914808
746
0
10394304
0
779828
11482546
1038575
11439500
6897427
7633295
13093723
12010217
1626133
13451850
0
0
0
0
12444842
0
0
0
0
0
10204216
253822
0
8126522
11923123
7534808
13398335
0
3802505
0
10428908
0
8574131
12495686
0
13049819
0
762181
0
7245966
0
13216120
0
0
0
126
1273615
2845760
12815204
0
6767986
3056949
8522355
0
3321092
0
12876299
0
0
0
13318210
0
0
430830
264988
0
1190444
0
4571218
5716851
10729650
0
0
0
0
13485852
8336327
0
9246440
13251097
430492
4031223
13002846
0
1878004
12259367
4727067
7023962
0
0
11250669
2492333
0
5772649
5875025
11780612
8546793
0
0
8919790
9594970
12212713
0
0
8903576
7076129
13389405
0
10449248
0
0
411722
0
0
0
0
0
0
0
5842792
0
0
4201532
0
13465472
10338926
4621380
0
0
6620823
0
3785451
0
8094368
13135631
11970598
0
43
6621299
0
0
11192398
6605918
9426148
0
6111328
0
13081349
12942708
75
10513326
0
4738302
12159522
4603378
0
9550098
12548029
0
0
7235542
0
13540975
4115874
8733811
4762272
4030641
0
10320547
2125502
4968522
0
0
0
4191599
3804233
0
0
13400633
0
0
0
0
0
10320547
13092129
13350258
0
5114464
0
11580786
12550390
7556488
0
3426813
0
0
0
0
0
0
10634587
11035326
0
13308726
0
13471301
0
1820487
0
0
10863452
10907301
10583932
9781141
13099443
0
0
13257056
0
6454217
12306891
0
0
8689976
7636675
0
0
0
0
10250185
10889491
0
2176656
0
0
5321351
0
0
12241438
12181778
3898632
66574
8162641
8514523
0
0
7123115
10288598
3959946
0
0
0
0
7590924
1276718
0
0
0
0
729751
9532618
0
0
5048750
12506001
13515378
0
0
0
9930488
13297603
0
7433111
0
0
0
0
0
9808011
0
4109263
0
0
11351867
0
6952000
0
9391315
0
0
1291090
0
0
10713301
0
13167520
0
0
0
979605
0
11874004
13445742
6559828
7385901
2888616
0
0
2660758
0
5963445
12849093
0
0
2097173
6907424
1945310
9214809
8299489
3922293
0
0
5845719
0
12843853
0
2674039
13225212
0
0
0
0
0
0
0
0
0
727168
10392168
0
10700646
0
434056
0
12887088
10541077
12540834
0
0
8607774
0
0
0
2648587
13470965
183127
0
2135946
7645844
2246200
1466026
0
4020620
11198415
0
0
0
9296437
0
13156657
12995962
0
0
13240648
5934372
0
0
0
5698999
13398596
0
9859365
0
0
0
13481384
12396591
0
0
0
0
122737
0
0
9715115
48523
0
0
0
3532415
3957015
0
10874840
0
9821647
11197776
13409466
0
0
0
6701576
0
0
12105302
8116583
11464857
0
0
12938822
5830170
0
12481631
6897799
156
0
1915208
0
9300827
12518493
0
4203295
10254723
0
0
0
12115278
442102
0
854524
9649794
8585822
0
9823400
0
0
0
0
0
3610143
3864529
0
11138783
2013203
12452948
3723158
6225810
10407162
0
8414901
0
8222535
0
2947983
2424280
0
13230989
12061400
13383643
11352219
10608918
13520492
7913666
0
13519676
10473428
0
0
0
5125191
6968897
7052505
0
0
0
6768822
0
3654259
6605066
13203455
9971017
4810857
12747626
11358316
11349686
0
0
0
0
0
0
9107313
10515513
1
2055324
5581720
1650255
7254009
0
13360073
0
2384429
0
8251159
2911831
7780934
0
0
0
0
9898756
0
4626820
8724340
0
0
0
12925809
13104200
13149119
0
9593307
10586549
2030257
11129305
1281823
7981926
13614726
12542765
10951517
0
13611899
0
11911310
0
2825226
0
0
0
0
0
2485059
739631
0
8256346
8655412
0
8843415
550974
12756831
5219662
0
0
8645974
0
11575193
9791789
13585088
0
13495288
0
12331002
0
0
0
11646097
0
0
0
992
0
0
0
0
0
10731946
5902450
0
0
10571000
6793102
12150975
0
8612149
144899
0
13629742
12855385
12582038
0
5232674
1869897
5069501
0
115979
7727597
0
61008
0
6103305
13561140
13424996
11141605
0
0
12150418
10925745
0
0
9714298
9839921
2890223
8251622
1066969
1138186
0
0
1920020
0
0
4286197
8741815
12418921
13084867
0
13025277
6739987
0
0
8546381
0
11745463
8118279
1758288
12651124
0
9040556
0
0
13006334
10683015
5967478
0
0
7689542
12660393
12853290
888717
2886087
0
488036
0
0
12924964
832251
11442450
0
4850085
0
0
0
0
8487292
0
8306661
6633755
0
5991965
10248172
564293
0
0
0
0
9556950
0
0
400999
0
8660497
13485801
7672547
1849485
12178804
6497160
0
7573796
4852068
13627944
8214807
10633408
12277466
0
0
0
0
0
0
10631755
2820277
0
11122939
0
0
10347932
12715899
4931559
8456026
10337770
12149747
13403846
1108435
10162479
0
0
11600015
0
12187057
3833625
0
418518
0
0
4173383
9957504
12508483
13244106
2724724
0
5929001
0
13475366
6013650
8502607
11246947
10192684
8419545
10072674
0
0
0
258
13437648
2126569
0
5506213
7550676
11773140
0
0
0
0
0
13252817
0
6990392
0
11731754
12538542
4225181
0
0
13172424
454
13473202
13638425
0
7277280
13528503
354
0
13543451
0
1814178
971
13230485
0
0
0
0
8495473
0
0
0
0
4680
13235872
0
0
0
13608376
10902592
0
0
11654632
12891967
7115092
0
13631301
10170601
0
11821664
45105
3306127
1926215
6706381
13259011
0
0
5819843
12217236
9598003
0
0
0
8451849
12299765
11065833
0
0
3130239
10472743
0
117436
0
0
1473397
13594351
12616797
0
8135174
0
10420092
10148338
5820493
0
0
0
0
1823778
0
856901
13541555
3457036
4250971
0
12748822
0
13468471
7852489
0
0
6453525
13124507
0
0
0
0
0
2358539
0
13642303
13443525
0
12871408
11167999
13303295
0
0
0
0
0
10311386
0
8757614
0
0
0
0
0
4720175
5267
2442550
6640083
0
0
2007292
0
0
6598230
12157064
713505
0
0
0
0
0
6733807
0
5270124
6745504
9191659
11546762
1436516
10385517
391259
0
11607347
5359003
0
7969204
0
10408156
0
0
9895566
0
2081116
12740587
0
0
9936522
0
0
12828839
0
0
0
1483843
11868615
8265191
12028727
12402848
0
368
11891072
10269999
0
0
0
12869439
0
0
6423660
0
12009403
11259708
1921508
9383634
0
13391102
2422887
13562784
13651448
0
0
0
0
0
11340929
4993707
1539003
0
12977953
13285303
12029035
13391346
12968515
0
0
0
0
5863213
0
10642899
0
0
0
13503100
0
12457732
0
5454078
0
12549502
4823127
0
0
0
0
11740472
2009356
11467147
3152971
0
290373
11393852
0
12564171
2634979
375728
7458875
5311914
4808270
6604732
6579020
11181819
12226614
9226507
0
0
13582980
0
13589810
0
2993627
9225780
0
0
3935084
0
0
378180
0
4991830
0
0
13265119
832
11242818
0
12460673
4322288
11493909
0
0
10267761
1812285
8321448
8488651
0
5853167
12600657
11578318
10052049
13557519
0
5018620
6131367
0
10117500
0
0
13570776
0
0
0
0
182232
0
0
6052705
13122456
0
13727762
703
0
3385007
0
12013827
13774236
0
4099077
0
0
5933972
6006122
0
9485768
0
9988551
0
11527084
9565881
16552
0
0
6780814
7723220
0
0
0
2571176
10418804
5828014
0
0
4906759
0
6353619
9843648
0
0
0
10307305
8982788
0
12596293
13796545
0
2387256
13755957
12414589
13643874
0
780
0
12381336
12799284
0
11948052
0
12984590
10454864
0
0
6845450
896
12125963
11780319
3142573
5392044
0
13053044
11394294
7768632
12200783
0
3083989
0
12853574
11358442
0
10781200
0
0
0
12311479
1234466
10782848
0
9501719
0
3740777
7890570
0
0
0
13801566
13233340
0
12207515
1136734
3105230
0
7732490
0
13692685
12248809
0
0
922
12886181
10446931
13696561
0
0
0
2926953
8135747
0
0
0
0
9571043
270132
0
0
0
9549008
0
13616800
13164115
0
12742332
0
5618549
0
0
0
0
4731395
0
0
0
8570
0
0
10643632
8570191
5098762
0
3334741
13589897
0
5544299
0
2152628
0
0
0
13010469
13699643
0
0
13042995
0
13861317
10143470
10399758
11385433
0
2205790
3958499
394085
11920750
0
6922923
12305480
0
13285606
107265
1561847
12043903
0
12008617
0
0
0
0
13513813
0
13769922
0
0
13054341
0
4768397
0
8414038
0
1952968
11742165
3763065
6421155
5481596
0
0
1307951
5345619
4049247
0
9681056
0
0
0
0
0
0
0
3650482
7841112
0
12257117
8736642
6136101
13388554
0
0
0
6428480
13453443
0
0
0
13493503
0
0
10811841
3827004
11587367
2211871
0
0
0
0
6791598
0
10541837
0
1232957
13651088
11278601
13743610
8317732
12663721
194090
13603853
0
0
0
0
0
0
0
0
414726
11303719
0
0
210173
6581528
3343563
9496457
0
0
13585002
0
0
0
0
0
0
11068868
0
0
12861055
0
0
0
5455792
5516496
0
0
12231553
0
0
11478240
0
12888213
0
11775008
12574944
2169302
0
8525381
0
0
0
5518638
0
200153
0
0
0
8528251
6592300
0
1264798
7285280
11509412
0
0
0
10801887
0
12687468
13349976
0
7211507
0
0
11035042
0
0
0
0
10655937
0
10746445
13717933
0
9746861
0
0
10901877
0
0
0
4315207
12330823
13729099
0
0
0
0
8633414
0
1686426
0
0
13784105
3867974
0
2463614
7098394
0
0
5195517
411005
0
859490
1865592
13279957
0
0
0
0
0
11919434
5602787
0
12796087
0
0
5790739
4667436
7990782
0
0
0
0
0
0
13384851
0
0
0
0
3447694
0
0
2314678
47701
0
13593410
0
2371612
0
0
5883805
0
4500154
13920570
12835245
11433755
3107588
0
8502992
13014165
848576
0
0
0
1324947
13359831
5792994
0
7635924
0
12495960
0
0
4819633
0
3557485
0
11273538
0
13835468
0
0
10834662
0
0
0
0
4535224
12171253
0
9441677
7989653
0
0
12010496
13677520
9159267
0
8666
0
8503785
0
0
0
0
13834070
11883749
2305233
10683230
13842902
0
0
6714333
0
8406514
2528992
0
13448837
0
8193021
0
10341457
0
0
0
0
6599874
10268055
0
3841374
4457745
0
0
0
4996699
12966453
12760710
0
0
0
6702423
0
0
0
0
5956171
1008383
0
829
13435782
0
0
852630
0
0
10354138
4998648
4387958
3059779
5105116
0
11593198
13204546
13678995
0
0
0
0
0
1009484
0
0
11787169
0
0
5643371
11710923
13083376
0
668627
1436443
0
0
8208063
0
0
9174553
0
0
8266172
6221590
9656842
0
12565122
4922797
3406981
0
3297193
38871
0
0
0
0
0
0
1649453
0
3833254
0
0
0
0
9794076
7316385
10722793
1088803
0
0
6051445
0
10314987
5788821
0
4143616
6508640
13587445
0
0
2062683
0
12176336
0
11169642
13736443
13129253
0
685695
0
13217134
13847036
5243899
0
0
0
0
13894740
13183711
0
0
0
13501148
10001637
0
0
11122478
2533453
2528957
9576196
0
0
0
0
0
9329829
0
10452914
13818331
0
12978761
1259998
0
7611743
0
7856944
0
0
11492291
10745475
4776348
2523500
0
9458630
13153148
0
0
0
11918901
0
10251786
11929471
0
0
13498046
1383353
0
12853660
632850
9824535
0
11595984
2996046
0
0
0
13933303
13710752
10307220
0
8817674
12903427
13191577
0
0
13616215
3824381
3414321
0
13723706
5793799
1209278
9290607
0
0
13802021
13677289
0
0
0
0
3361999
0
0
3694472
0
0
0
0
5195315
11778312
0
12352360
0
0
0
0
10711280
0
13681604
1738720
12658772
9952348
10236094
4988693
7261246
0
3921217
0
5644332
12359708
13845666
8083386
0
10402846
0
0
0
0
0
0
0
8132204
0
0
0
4639198
0
0
0
0
0
1856324
0
0
13326308
9979511
10895500
0
0
13878747
0
11260010
0
13154299
3538192
1926376
0
0
9498452
11077363
12159731
7633491
0
0
0
0
0
11129301
13306526
0
11206604
9571819
3286790
12866271
11735941
0
0
0
4590482
0
0
1367471
0
5874551
5516470
1257298
0
0
0
8891508
0
0
0
0
13871824
0
0
0
0
4788658
0
0
0
2204970
13915038
11038204
0
13369323
8934293
10135914
4843677
0
0
10237365
0
13330924
0
389516
11485879
0
0
0
10535491
13681472
5147803
0
10924300
0
707
2402501
0
7647109
0
13636116
0
12796780
0
0
13173053
4590849
0
13052979
4732904
0
1108664
3049516
0
0
0
3895232
0
0
11400174
13972115
0
6571289
11706874
8094888
0
13319596
12463406
12458484
13615352
0
2028339
0
12777867
3123471
10085497
0
0
0
4166711
0
0
0
6589676
3674964
10655673
0
12271783
0
0
0
13622836
10216350
13096851
0
0
28
0
13805972
0
3008665
0
0
0
8659407
0
0
13881109
0
11766349
3008892
0
0
0
0
0
0
12653036
1063801
7075064
0
12854741
1911788
9678917
0
13709410
12368013
11336441
0
5396140
11223342
12977802
0
13666898
10601183
0
508
1911615
0
0
0
0
12291956
6765218
0
4358791
0
13042598
0
0
0
13898745
863
810535
13695382
11418499
10252883
11297904
0
0
11177369
0
8523083
4590746
0
6120660
0
0
12152210
13353139
0
7246804
11835904
2498552
5183518
0
0
13898745
13494081
0
13273599
594729
0
8060738
741694
13298217
10187396
13783061
0
6199815
8008335
0
13513455
13032531
10195731
746838
8409617
0
12995036
13978443
12441009
0
0
12170119
0
0
0
0
6113111
8436633
13711058
3247628
0
0
9741378
10997963
0
9954111
5677013
243196
9427520
0
0
13356459
0
0
0
0
0
1541023
13528898
10530880
13123300
3987392
13078020
13645657
9143656
7443088
0
11700583
10524346
0
11318717
11914899
11595557
0
0
6936501
0
5344724
7392871
0
0
0
0
0
13703118
8216456
0
0
0
0
0
12901020
7388654
5184720
0
13961694
11368679
13836918
3154988
5030329
13856023
0
8413415
1484997
2303824
0
8076956
4325579
0
12686529
13941296
0
5374213
0
0
0
11748522
0
0
0
0
0
11066899
13304401
0
3436505
0
1327272
0
0
0
10444402
0
2049946
0
934844
7322527
0
0
2027666
7942131
0
2229426
10147705
0
11528914
8910347
0
0
0
0
8807833
0
0
13422299
0
2949577
0
0
0
11311788
5799567
0
0
0
0
0
0
13355734
8048687
9138263
9002543
6962748
8700774
0
4193491
13034328
9162078
5951918
0
0
0
5161173
0
3157524
0
0
8336327
0
0
0
5857385
13432655
13376089
6151850
0
0
1327382
0
0
10468242
0
3548623
5789978
0
0
0
0
13849229
0
13296009
0
0
0
1974748
0
13830866
0
0
0
0
8499163
11999111
0
0
13980675
0
13456739
7556298
0
0
10587130
0
4459277
12651302
0
11696056
3183286
0
47304
0
7246157
0
7464296
6509454
0
13392696
11048477
4038696
11456326
9913240
5832983
13720573
0
0
7690737
0
11041895
10692080
0
338692
0
10842028
13085529
0
12733315
0
8453696
0
12134949
12578467
4862224
220549
0
0
6631760
4990991
0
2972226
0
0
0
0
12266314
0
9652331
14071241
6089321
4810852
0
3083577
13817835
13867782
0
12793384
7489502
10996461
0
11150366
9400803
0
10367002
73542
13848022
0
0
0
0
0
0
0
7494982
0
12963225
0
0
7046997
0
13173245
0
13474126
0
13902946
7766186
0
0
0
0
5800114
0
11223296
914894
9530405
13997413
0
11138662
0
0
10910330
4147559
943039
10229486
12219162
3618246
1643870
581791
5205020
0
7599159
0
10287273
14025616
5677075
3831479
11577287
0
5396608
13116547
3140217
0
11439167
12308631
0
0
0
4159356
0
13912909
0
0
0
0
13825777
0
0
12186699
0
13359102
14120119
0
0
0
8063927
606490
10190921
0
0
0
9025961
11971886
10161715
12343850
0
13770058
13879330
7233973
832969
2678365
0
0
9911847
13944815
8196589
0
1435565
2215708
8763559
0
0
0
0
10147289
4279548
13043894
8377135
741846
3916056
0
0
0
13511957
12475377
0
0
9851277
0
5572424
0
0
11050085
0
0
0
1209197
1861245
0
13535371
0
578009
2070101
0
13428308
13633594
14021491
5422276
12937430
12651646
8215601
2042376
0
13554806
0
0
14033894
0
0
13417069
0
0
0
0
0
4147842
13969178
14003149
0
0
0
9151289
0
0
0
0
0
13965594
12061262
0
12845289
0
133271
12176770
0
0
527982
0
0
13229780
0
0
0
0
0
11327507
706030
13913317
14134678
12556549
0
0
11396811
1786209
0
4024056
0
0
8169283
0
0
5960003
11749318
1807618
4261357
0
0
0
626577
2436556
13979515
0
12398223
8034498
0
4510522
7888774
0
9561169
0
5160148
0
0
13817261
0
0
102314
10750516
1868683
0
8558273
0
5180660
0
9440992
8307404
4065747
13458534
0
0
0
13876206
0
5025644
0
0
6180685
13829683
0
12067742
0
13968103
7488415
0
0
12069725
0
0
0
5017639
0
0
13815086
12146673
0
8970276
6795149
8180382
0
9098740
0
0
0
0
11302966
11612244
12187521
800
14142747
0
0
0
0
3409069
0
9185828
0
4448497
0
0
0
0
6970794
6948380
0
0
0
13775214
0
0
10102812
0
0
0
13352377
7753483
10363485
0
0
0
14023757
0
12653857
12508285
0
0
0
0
0
0
14178718
13391322
0
12800214
0
13922438
0
8453474
0
0
8951960
0
3402511
0
9078025
3150463
0
0
0
8644765
0
0
9684356
5118838
0
1082737
5510100
12966217
9576422
4562985
6560335
0
3441439
0
9196719
6061518
1492972
0
13656131
10339172
0
7512848
9947769
2126274
0
0
0
3239687
9222955
0
13065625
0
0
0
11451547
0
0
0
7614849
0
3925119
1881680
2367440
9141324
8732672
0
0
0
10535142
0
5749250
13926658
0
10415323
0
13829126
0
0
14164033
8165431
0
0
0
0
0
14143404
0
0
12461072
11092286
0
13490791
4151752
0
0
2973825
4059356
7453187
0
0
0
2500793
3513292
716494
11328312
7467926
0
7656336
10599696
0
6833419
2137212
10382327
0
13931769
13979626
0
8187890
0
13451167
0
10137169
0
0
10258266
9092277
0
9075292
13447340
0
13177915
6025879
13011195
0
0
13002789
3517259
0
0
0
0
0
0
13910429
0
9627429
0
11867556
13612244
0
0
0
0
0
0
0
13736251
13044548
0
0
13666173
629855
5668773
0
0
0
0
7524884
13944170
0
0
6573182
11763482
5636434
0
0
0
13658335
9312527
13848496
0
0
2547549
7024245
0
13932094
0
7639473
5765937
0
0
12364600
775
8656115
13997215
0
10012353
0
10979731
11203467
11234029
0
0
0
0
0
0
5374940
0
0
2024469
0
0
13577679
0
13880758
0
14096911
0
1139248
0
6966930
13494604
12339338
13850656
14222326
11229893
18099
13032830
0
8211769
0
14093583
0
7705617
13908207
0
0
0
4514013
476
0
12639319
10554356
2829951
11829289
11113211
630303
13798258
0
0
0
0
0
0
160994
13188271
13564524
0
11124322
0
11467297
13334825
1034663
13537696
13976902
13993936
4475175
7705586
13338654
0
0
7445150
0
13226429
0
4136148
13737637
11338146
0
0
3679411
13415730
1633641
13606592
9634280
11243912
0
12875403
6964117
11497061
4201107
0
12728739
0
0
13926513
0
0
7802629
6503081
14080295
0
5547744
0
13076900
0
0
3837441
0
8167061
14106664
9326992
4374969
13128786
6502792
11550247
10475972
0
0
0
0
7032945
0
0
0
0
5399339
0
0
0
0
0
11200101
0
0
1071918
6486494
0
0
12707503
12165291
0
0
5741607
0
0
3284994
0
8170723
5355894
2152381
0
0
0
108963
0
0
11837164
0
0
0
0
230
0
9820748
0
0
13257500
0
0
13476898
6348937
12992787
0
12258530
7255905
8389883
11609284
13888298
9143434
859225
13594955
5554758
0
13497212
12143396
0
0
14130359
0
13487066
13783567
0
0
13510775
0
0
0
0
12868579
10471863
0
3023915
0
0
13466880
8161768
0
1100289
11240817
11629907
13288066
0
0
14110009
0
6793345
10377988
10810716
11337605
0
7922121
0
5214732
7357851
0
13580260
12833693
0
11691806
10676754
0
0
8585947
0
1373696
0
11377521
0
0
13381590
7777566
11340721
14238824
0
12153825
0
9778213
0
0
194
0
0
0
0
0
0
0
13826304
12488731
14040426
9735064
0
13164356
6832649
0
0
14180477
5434672
0
0
0
9920023
0
0
0
1995660
13765604
0
0
0
0
0
0
0
10069478
0
0
0
869473
12179242
13032449
0
3719884
0
10361914
1909013
0
1647984
0
10734685
0
12537447
10139379
0
0
0
0
0
13991494
9167682
9877931
0
10571825
11428946
0
13490588
11908204
12229096
813307
11567552
5454358
0
0
0
0
0
0
0
0
8247342
11044429
0
5605799
1687863
0
13222956
0
4536455
0
466981
0
8711904
3959577
10779444
0
1645413
13662122
10347828
0
0
138718
13855984
12168413
0
0
13304414
0
0
0
12589778
7512736
14152974
0
4563707
7061779
0
8748895
0
0
12464316
13598046
0
0
0
5745838
0
0
12536168
3130664
2133403
0
11509265
0
0
8150452
11238784
0
13913123
0
754727
11129301
0
0
11346347
11371548
12488899
2643592
0
10584940
0
0
13660212
11452718
14169575
323533
13610648
13683875
12368696
6702026
671707
0
9196862
2347119
0
10792221
12848519
53
0
10675663
421
14340878
9797905
12769562
0
0
3283795
0
10487930
0
0
0
0
6974461
0
0
12569200
0
0
0
0
13153394
14214614
3114919
4975316
9173909
0
4042897
0
3200416
1903796
0
0
12257935
0
8667778
14234385
5693119
11350276
6745577
7358685
7464119
0
4486791
0
11193835
12855303
0
0
0
0
3636035
0
0
0
14220821
11860981
535
0
12568451
10886468
0
0
0
0
13772218
0
0
8709354
6959335
0
11574436
0
0
0
2659702
0
0
0
0
0
3086445
14082070
0
13282661
1599737
7187114
0
5898584
10530997
2485063
12966289
0
1220304
0
13175395
7074021
0
0
8660264
12801586
4838274
13809988
3285810
11502182
10451349
0
2314413
8193462
0
14333731
0
14350283
11921639
0
14180457
12865753
9275506
13175094
0
3458821
4772913
0
14147794
0
13541476
12895346
9858501
0
0
0
5404651
12848041
0
5062238
0
12167809
13074275
5146366
13614474
6778261
7145306
13449812
0
6628465
0
6435073
44910
0
2998752
0
0
0
0
2358713
10203209
14316365
14375637
0
542824
9934627
11493634
0
14231574
0
8624008
0
13246806
9221408
11434402
0
0
0
0
0
0
10462868
0
0
10966078
0
9858501
0
3561040
0
14244433
13551588
12967924
8747368
0
8627735
139521
0
0
0
0
14321244
1774994
0
0
12089823
9759179
10120421
8245783
8493442
0
0
5684100
0
8846922
0
0
722
10821468
8658413
0
5844898
0
12790761
1701211
14046384
10722146
12964977
0
1339614
0
0
1154742
11539405
13734534
0
0
0
0
12751584
13606501
12579028
0
0
0
0
9694320
0
393797
13163791
14294431
0
0
144232
7368092
12061698
0
0
6641106
0
0
0
6840451
14261985
0
2194137
0
11654665
8848509
13629027
12523459
0
12821267
0
0
0
8352088
3718430
0
0
0
0
14282589
6418300
0
13556652
7768453
3277654
498
0
0
13022125
12800504
3246322
14168354
0
0
0
0
0
501860
2198547
6938523
0
0
0
990015
12040498
0
567999
7594018
0
0
0
0
13450765
0
14300697
12061834
10688409
0
13965351
0
0
65834
0
2393972
0
13072997
7084509
0
2056975
2196351
0
11719066
14214852
12228048
0
0
9640450
0
7698345
0
4334553
927
0
12415684
0
10261816
0
0
0
6990769
0
0
0
0
264966
0
10874837
13888331
0
0
13674933
0
13803523
0
6634045
0
0
13764100
663314
0
0
0
0
2749199
0
11916601
0
6046771
12520127
4174955
0
0
11493541
0
767
3435781
7245088
0
0
7465683
0
11605882
0
8509518
0
0
10730846
0
0
13583316
12629185
12962745
0
0
11103972
8301579
9442869
0
0
6373751
0
8182221
234622
0
0
11639323
5268714
0
13464594
3714025
14134212
0
0
0
0
7999498
13673948
14352730
0
0
0
0
0
0
11274447
0
0
10199488
0
3537333
11101257
0
0
0
0
10123533
0
0
0
0
7066072
13061145
8252349
412
13808762
13419319
0
5207484
6484554
12964204
13594591
7783938
10606603
0
0
1516893
2926485
0
14404114
14022361
9025173
9979489
0
744
8972548
10602546
13136489
10460718
7767424
3251103
10462766
0
0
0
14137813
0
14208076
8053395
8688010
0
6550312
10154097
0
0
10016944
0
0
0
0
12664837
13881158
0
0
7956016
53
9522322
0
992009
13433879
14412414
10851161
14286632
0
0
0
3231052
11745127
2966037
0
143850
0
0
14396203
0
0
0
0
0
0
0
0
7470502
6022047
14016063
0
0
10071684
13339137
0
3221052
0
0
0
0
0
0
0
0
0
12176963
109
0
4651909
6810370
0
14006321
0
11050444
0
0
0
14250516
0
7644957
9554444
0
10677396
7931150
7462540
13338421
13757760
9275139
0
0
0
12782119
0
0
2006724
0
0
0
389297
14425347
3660862
5539281
0
14176496
0
862
3275011
10236264
7749551
13229722
0
0
0
0
12818194
0
9634947
8715492
14354289
0
13448992
12602589
14378742
0
246868
0
5027847
0
0
1271852
0
0
0
11653288
7389082
3876868
8504781
0
0
9915612
13661830
0
0
0
12725236
8851190
5776514
0
0
0
1256975
13350111
7439902
6349973
14417913
0
0
0
0
0
4825234
2898593
0
0
13948025
0
0
13821151
0
3736266
14457887
2899074
0
5581167
13929097
2178741
0
6461587
0
5261315
0
13478736
5329153
0
14225873
441804
0
13178218
11754132
0
8994072
6057388
602157
14081291
13319935
0
0
6238007
0
0
3062752
11081143
4773420
0
252935
11200613
14404639
0
0
0
0
7961559
13909792
1272382
5915199
14277709
0
0
2682609
9307259
3956998
0
0
0
675
0
0
0
0
13950186
9122877
10610314
13812510
5571463
0
0
810
8411541
2894617
14354526
13039584
0
50758
13874798
9758090
0
14343857
0
14438879
0
13822727
12880438
0
12853870
14045213
12548874
11023055
10155970
0
0
0
14147439
0
0
1547724
0
2425715
4590351
0
471227
0
0
4367882
3187797
0
10364495
4832629
0
0
0
14458820
9071954
11575265
13452663
4018579
0
0
436573
0
0
12503509
0
13578590
0
0
0
0
0
0
0
14132821
7257859
0
0
6023417
14380486
0
0
0
3934375
5132127
0
2058557
10264928
0
0
0
0
9648443
13654475
2855370
0
1338770
0
8011784
11093291
0
13799682
13689721
12734396
13108094
0
2726618
0
12219322
0
12726612
13432722
9324052
3865627
13703276
0
0
0
2498739
0
4353520
0
0
0
2413128
0
0
11584342
1332016
0
0
0
205856
0
10878710
9797280
0
13476827
5328024
14401881
13825558
0
8920060
1534130
2811205
0
0
9138571
8835847
0
0
0
0
0
0
0
0
2426418
12820949
0
0
4255444
0
8853768
5560856
0
0
0
0
0
0
8183464
11777907
0
0
11544461
8556784
0
14352687
147683
0
0
0
0
0
9416645
550634
8158533
0
2431672
14570861
0
1471514
0
0
12411850
1903515
11486809
13128906
0
0
0
11120477
234680
6612213
0
9837191
1241989
10652622
6673180
0
0
0
6190103
0
12453905
13294634
0
5548456
0
0
1816777
14087569
14524156
0
7950218
0
0
11999016
0
0
0
14222454
0
0
0
10164870
0
12150600
10697722
0
4891248
9771826
10959003
0
0
0
13654484
0
12917228
0
0
0
0
9541852
6174581
13580430
7666466
10711677
13738813
0
13283023
0
12209631
158841
13492059
13026313
0
4232709
14171593
10176264
13798230
0
0
0
8264920
0
13114786
0
0
434674
475417
7995259
2804826
0
6711678
13133255
1545881
0
0
59559
3359519
0
4268336
12739623
0
1239807
0
0
0
0
0
0
14040971
7502818
12160107
11977540
0
14537585
0
0
0
0
5963889
0
0
13132091
0
10055400
11048482
0
0
0
0
9744368
0
565855
0
13935256
13774563
2885156
14590007
0
104215
0
917
0
9339756
10875771
4226339
14267939
0
12868341
0
11410367
14236541
0
10650245
0
12412721
14508583
0
1684035
0
12948106
12275562
0
0
11577819
6191453
0
0
0
14130682
3501205
0
0
11654366
14242476
454195
0
0
9095135
13827031
12161852
0
8503147
0
0
0
0
9080095
0
9882265
14552625
13460264
0
0
3622124
0
9975340
0
3534483
2800224
0
0
0
258
6224170
0
4690461
0
2623784
0
0
11365096
0
0
0
0
1307327
0
11042695
11267138
0
4815076
12508755
0
0
7770279
14237798
0
7213510
1337584
11941799
12565550
9354456
11239255
1461678
7557526
4931875
0
0
1821983
0
0
31715
0
2398177
0
0
0
0
344985
0
0
0
0
12640004
12249142
0
0
6558672
0
0
12276134
0
14121555
11303462
8136387
11690859
0
0
14238890
0
0
0
11048851
13285228
14500018
13561024
0
0
0
14534534
13390608
0
11982078
13680637
0
9304185
5937685
0
9893997
0
12998577
10095963
4436426
13751464
0
12483911
8396907
5195774
0
0
373
0
0
97265
0
0
0
0
342062
0
12832871
1987
0
0
9891780
1237046
12799187
2104498
3632024
0
5656436
0
12598858
10734515
0
0
0
0
13478480
8602139
0
0
5514273
6903529
5609032
690317
3248004
0
0
0
0
1239835
2842980
1255503
131989
0
0
9046962
13582677
0
0
5553837
4371433
0
0
13998696
14564826
14416931
14588207
12201060
0
0
0
11517529
0
7414253
9898722
0
0
837
7671886
5887651
3956636
13010863
7666762
0
0
10085368
14226492
11863624
10692749
0
10599081
0
8187293
0
0
0
0
2852743
816
10653400
0
2515075
13468719
0
1649812
0
8430156
0
10264292
10292651
10642748
14065823
13425731
3370024
9437186
9656885
5058305
13493977
0
0
13825955
0
14573279
13845678
2791080
12082960
0
0
0
6607571
0
0
8598300
0
0
0
230039
0
0
12938022
2524404
0
13390072
2647348
0
0
1093832
3740479
0
0
0
7488800
0
8236267
0
0
0
0
0
0
0
0
0
14528900
14553576
12219322
472659
8431967
0
617980
6882701
0
2555477
6688340
6437162
0
10723143
12899775
0
12834376
9457336
0
0
0
12950999
14524076
14272999
0
0
0
0
0
1735957
0
7817921
4341446
0
0
0
0
1982107
10815384
0
0
4581613
0
0
5581643
13077513
0
14208958
0
4976792
0
14504244
13747418
0
6142457
0
0
0
0
0
11244791
11897334
0
14604434
8857229
0
0
5480623
11735622
0
13591404
10662499
0
0
1030479
0
7522061
0
14331688
0
11452450
1668657
251701
10642283
0
14244866
0
3266173
0
0
812030
7029243
0
0
10400707
8375182
0
0
2430600
7943467
0
2863498
0
0
0
7616072
0
0
7035330
0
11510526
9406601
0
0
0
0
0
11049888
6436783
3398745
9096875
0
7321624
9866834
0
6767782
0
0
101788
0
0
954070
0
0
0
0
0
6906618
0
0
592838
0
0
7220787
10192252
0
0
4898622
0
12478129
0
4824439
12867917
7737092
0
12525884
0
0
11384545
13903073
0
0
0
0
0
2268734
0
8405078
14286754
0
11991302
12538
14459120
2269803
0
0
10249413
0
8384271
0
0
561
10169272
0
0
9953687
0
0
0
0
1382901
8650497
0
0
3688755
0
0
0
13457698
0
14238560
0
9618513
12969407
13348406
13801784
8069109
8967927
13629022
12302324
7782023
13003723
14585903
5395185
0
14115343
0
0
12500815
223541
0
8944683
7520767
14679951
6225820
14210196
9874636
0
0
0
0
9832663
0
5888321
14583219
6495063
0
0
807831
10702832
13797044
11243112
0
0
8736767
0
7177406
12963461
0
0
13080499
0
0
0
14543100
12920678
0
4069307
0
14218215
0
0
0
8574405
0
1052836
0
9405492
0
6364944
0
0
0
4232650
6504487
0
0
0
5311110
0
11719209
6663148
11247245
0
4844539
0
0
462931
12603595
10484833
14014823
0
0
0
0
3829515
0
0
9880841
0
10782367
583
0
0
0
6038212
2205712
0
0
0
14003791
9890451
0
0
6900516
0
7037781
12127950
0
0
0
4754455
0
0
0
8407018
10895264
14270472
6510192
5014175
0
0
0
0
8449065
9884380
3489872
7057318
0
2973224
14169047
11495718
14557114
12915377
1351242
0
0
1409669
0
6235669
4232377
14679757
10472641
0
14540809
0
14750031
12194337
1000197
10053746
0
0
0
14723283
0
158375
0
0
0
0
0
0
0
0
10793212
14542645
14109897
4896174
0
13780039
12435538
0
12158253
8462250
0
92
0
0
9133837
0
0
0
0
12171750
14095007
5139359
0
0
13990249
0
11541053
0
0
9685904
12147200
7797371
0
138255
3406670
0
0
12168714
10057977
0
0
0
14741992
0
3603347
9946212
7440051
0
0
0
0
0
13148591
0
8613463
0
10460084
0
0
1891327
0
5294741
152869
6196232
10443356
14434357
11535028
14459271
2687004
8976113
0
177909
0
0
0
586
0
12157342
0
0
11941514
48206
11826860
6081914
8552287
0
8387672
14746974
0
0
14620454
5440278
0
0
0
10291681
0
12658833
13522488
5655902
11677589
12206204
0
7712384
12800387
0
0
0
0
0
14755546
12969523
14255219
13993931
0
0
443914
976
0
0
1766124
0
1004601
14544805
0
0
0
4590849
14219485
0
0
14491184
4205434
0
7719427
935647
948921
13950843
6956494
0
0
0
0
0
6171489
0
10690570
0
12834236
8757254
0
0
0
0
6262380
0
442357
0
13685928
0
0
5236418
10467682
0
9852657
13625445
6287564
9149002
14136748
4548799
13456719
13959490
13729853
13020698
8310666
97870
1448475
628018
0
0
12512049
8893370
6987986
0
7712243
1295090
652042
13475337
0
8750338
4607960
6017602
226
0
7281012
14629501
14804753
0
6246180
11941882
12179694
0
14730461
8521696
0
0
0
0
0
0
0
0
0
0
0
10440179
12941289
14513604
0
1410043
0
0
0
12012422
0
12674328
12140674
10349817
13570710
7956902
6099298
2983322
7420996
12170060
14437678
8669708
0
0
8878597
13230930
0
0
0
0
11574185
3898832
0
1764510
0
0
9106157
249797
12431602
14296192
9818142
6605176
0
0
0
11553783
0
5619832
0
0
12246764
14157300
0
10998765
0
7435623
0
12266635
13306966
11518733
94503
5338028
14333339
0
2826692
0
0
0
14109074
14765966
13097591
0
14701211
0
12627446
218244
0
10814429
0
0
0
14422436
9947613
0
0
4991749
12193170
0
12708123
0
0
14227488
12870201
10038745
13638502
0
9502057
11897701
9141881
0
13345891
10819154
0
0
0
11066842
14758781
0
0
0
13358273
0
14806287
6986749
0
5656883
3301972
0
0
14721544
0
6125315
7586855
0
0
5062528
0
2278116
0
0
0
0
0
0
7267806
0
0
4877213
0
0
13881662
11995597
14210317
11454337
0
10892182
0
0
650851
7237150
12821102
0
10557813
0
0
9687089
5085362
739101
0
0
3363886
0
0
10944054
10558676
7995372
12509469
0
14700164
0
12588327
0
0
0
0
2797293
1831473
0
0
0
11972562
375147
0
0
12826484
14164884
0
8006596
0
0
3025843
0
0
0
2702222
6342085
0
6677917
0
0
5114451
4582930
0
13603714
11057018
6823077
0
752310
5769526
10710925
0
0
0
14170977
0
0
0
13012320
630
0
13025111
0
0
0
14056213
0
13922102
0
4198355
498572
14809012
10090781
4261672
0
10729772
0
0
1394566
12836658
0
0
9084522
3920971
0
0
0
14047403
0
5659062
1577246
1941597
13873321
0
10258744
0
14620723
14757621
14813686
14153875
8355460
0
0
10732233
24995
13848881
0
1214103
14626867
11762892
7480690
0
0
6278320
7858025
9950363
14691496
1496898
6150722
0
0
0
0
8174944
14166589
14588830
14759275
9099487
14502847
8611567
4440313
0
10469517
0
8219478
6649622
0
9486327
10265159
0
8164973
0
0
13424687
0
0
1617638
6251814
0
14196882
0
0
44
14854501
490076
7924288
0
0
473154
6901092
10515449
0
14873590
10428153
14370820
10555666
0
14656463
3273086
3827967
10241144
0
1940030
0
14818729
8871876
0
0
0
14366564
0
12199701
0
13505425
0
0
0
0
0
8111944
4958541
6452238
0
14707220
7808396
14722186
0
8023568
0
0
0
0
0
0
0
0
0
12214079
3311347
0
0
0
0
0
8818511
14761554
6263703
656305
8405502
378697
14851119
10448725
14353289
4888956
14099985
0
0
11963454
8187298
13746027
4983188
0
0
220376
4449740
5968320
12554817
0
0
0
6604533
0
11313662
0
0
0
0
3139552
0
0
12696341
0
3555437
14781429
6315558
1072446
14427207
0
0
14758864
11128676
0
0
1101929
5033357
0
0
0
0
0
11374146
5400461
0
9759282
11128553
119
0
13539696
3058206
5281737
0
234189
0
0
14334344
13484554
14538255
0
12250187
0
0
6386307
12783889
14064108
10250396
11235633
0
0
0
11741303
3007229
0
0
12124287
13080582
8350344
14700126
0
0
0
9884087
0
0
0
0
0
0
2898621
1556950
0
3003071
12193924
0
0
0
4804669
9784400
0
2309418
0
1971629
4089685
0
0
12771302
0
8408716
6015855
14790535
0
0
0
13032588
12546856
0
0
1547719
10909985
32
10567590
12661608
7327299
14079942
11133382
4816116
8432201
0
0
7615690
8133219
9061781
0
0
0
0
0
0
0
8670221
6177674
0
0
0
4367496
0
14840007
0
0
0
0
0
0
0
12564221
0
9894427
71836
0
0
0
6513765
0
248806
9713014
14666474
0
4629731
0
0
11555091
8110449
0
0
0
13509244
0
4606356
0
0
0
0
0
0
0
3565759
0
14857342
0
0
11942982
0
0
11460520
0
0
14176923
0
0
0
3914388
11766099
1927397
0
0
0
0
9554044
14626654
0
0
0
0
0
1049728
0
3851136
9703303
0
0
0
12189560
0
11936624
0
443095
14745401
0
11484464
0
13331154
9883320
12275895
0
12129562
0
0
4857912
10701920
0
0
0
0
0
0
0
0
13955388
0
0
2810137
12503280
12770602
4326652
0
10497436
0
13850954
0
14628917
0
0
3277982
13557003
0
0
12751834
0
13780058
0
0
5765330
1008239
0
0
14533759
0
0
0
0
0
11922437
0
5455551
1083189
0
0
9025249
11339717
0
0
5994013
0
5259495
2168793
598451
7092511
8184616
2084094
0
11699119
8352057
14825111
10458274
1639026
14094850
14637056
0
1299941
9722125
0
0
0
8326535
5164675
0
755009
0
0
7212449
13708966
1243200
6216165
0
0
14690469
0
0
0
2451309
0
0
0
12128493
0
0
0
13400653
0
14314650
0
13195009
10553804
5599902
8562229
0
0
10720194
754375
14945255
0
0
0
0
0
0
0
13079678
2458598
0
14792373
13747756
13765553
1848195
6687522
0
0
512925
2502030
5125483
10792193
0
10466496
0
982160
0
0
0
9121896
0
0
0
642395
14321269
0
0
0
3812328
0
12559333
8783877
0
715478
0
14311844
14100224
15020330
301526
0
0
3345789
6172948
2448728
0
9512886
4933087
0
0
14849080
5508609
0
0
13168763
14113029
0
14978629
13862839
0
0
0
9814944
0
0
9143621
14946400
9445870
0
0
0
13625953
0
0
0
0
13387439
14985077
0
8839041
0
14910147
12156636
0
0
4108240
10358988
0
0
0
0
0
0
1392191
118
0
14547857
0
0
0
6724000
14353020
0
0
0
0
13382685
0
0
1238961
0
4129550
7454042
0
11032442
9329852
8465589
0
13779235
6025485
0
4688148
1609789
0
12441442
0
0
14878824
9178448
0
0
0
2080801
0
0
0
13288814
8598302
556802
0
0
9882215
0
0
3940220
0
1985878
0
0
13364900
0
2485202
0
11796925
0
6524708
13029887
10961038
3472310
14251347
9559732
10713361
11274189
0
0
0
12603084
12755816
0
0
0
8346570
0
0
0
0
0
0
9989839
0
0
2747568
0
6713744
0
4576675
0
0
8882047
11579928
6162877
0
10738251
0
0
8739828
0
4024757
13866790
13591715
0
9391017
0
0
14176568
11360753
0
4716390
3473920
14985605
11157773
14908238
11332701
13226839
0
4737451
0
0
10918498
0
13583425
10542644
4672983
0
0
0
0
0
0
0
0
0
0
0
14732461
0
95
0
0
10595071
11570053
10378504
0
15009112
0
7990173
11627400
0
0
0
6945230
14622264
0
5440269
0
0
0
0
5487336
0
14904233
14328310
0
0
0
13143257
14108283
0
8720188
0
12366986
0
0
0
0
0
0
10427672
3617483
14329991
0
12904785
0
0
0
15024992
12417461
0
6225298
7259086
0
0
903
14982441
10523186
3160560
0
1950394
0
15022470
0
14677449
5573270
0
0
8015958
0
1735508
6511249
14326876
5372315
5823730
0
0
6443581
14114899
0
0
3587630
14992417
12603350
10406276
0
1143997
10311760
0
0
9518025
4795193
0
0
13270847
0
0
5291775
0
14514184
0
8532228
11440446
0
12563788
11719484
0
13227295
3083836
0
0
0
14115658
0
0
5286733
0
14211981
14110900
0
0
0
0
0
236895
11938159
0
0
12436103
0
0
0
3889506
0
3904459
0
11402634
0
0
1583676
10851408
12152880
13124115
14739024
13629976
0
0
3982707
14877506
15033174
0
10799689
14881999
9046376
0
0
14982807
14512231
13320789
0
0
0
14975299
0
0
177909
0
10204667
0
14992980
2238933
1610083
0
0
0
5469987
0
14927768
11040938
0
0
0
0
0
0
0
0
14937191
13909928
0
0
0
14592686
0
0
0
0
14233249
10741687
6700007
0
0
13729084
3298839
423870
0
12680152
10898867
0
15070065
0
2772232
0
0
1120925
14089561
0
1340882
0
0
0
14889023
15005965
0
11444635
0
7673120
0
4326860
14978706
6215118
0
15066376
0
9157763
13503573
0
0
11365462
0
0
7308115
0
0
0
0
0
0
14089776
2052734
0
7721215
10619367
0
13725479
0
0
10687898
0
22722
14436976
10649584
14296449
13712788
0
0
0
10937378
14835480
1667867
969101
825152
10316014
12330282
8873236
0
0
0
0
9399564
11167053
10682520
0
0
14906762
0
5412448
5609198
0
2311597
2695409
0
0
0
4212675
0
15022813
0
15052297
7093980
0
0
3525484
6418681
14538302
0
0
0
0
3268882
14116408
0
14089861
14828511
122365
7638242
0
0
0
0
14589923
4397325
4573293
0
9730121
0
15081492
3008449
11919278
0
6673061
0
11263912
14692141
0
0
3363547
9409373
0
0
0
4240063
0
0
6779743
0
7135467
15092258
0
1152641
10410466
15086833
14638953
0
1906436
0
7508693
3683173
3619551
10003945
10147934
9238571
0
0
0
11711858
0
14902042
1600751
14036459
0
0
0
14955498
12093596
13632265
13029408
12377539
0
11197107
0
0
0
0
14511516
12459057
3991184
932
0
2149
15112628
13717222
714
0
0
1501293
14445662
0
0
7496937
14450922
0
13399275
9177531
0
8011529
12765072
5219679
0
12663349
15138126
0
14292420
0
0
0
0
8499970
1301737
0
0
112
5151691
10856993
0
0
11637939
10828536
1996672
0
0
10248192
14952505
0
9184707
13503803
7950852
0
10110557
0
5740542
0
13077540
5618503
0
0
12150155
0
1814127
7461573
15113065
0
0
13428558
15063692
15033508
0
9299198
76140
0
0
0
0
0
1171114
0
0
0
9027283
11325099
0
0
13844906
0
6532003
10245832
0
0
14801899
12636472
0
0
4121861
15135271
0
0
14633174
0
14191377
0
0
1001785
1670836
12698683
0
2862264
0
10452666
112292
9682956
0
12996188
12837759
0
6945892
0
15122607
0
0
0
0
0
5677732
0
13967255
0
0
0
0
12368507
1847610
0
14847723
0
0
0
14943018
15148385
0
0
15130686
0
12686769
13490414
15035184
0
0
7476149
531876
15122269
0
0
14983559
3284260
13658849
0
6137330
0
0
7475069
0
0
11229350
15053778
9495902
12874744
0
13078690
0
13060490
12120345
0
7704503
12718761
0
9155477
14324649
0
0
0
13999319
107987
9694064
12758267
14890621
8180977
10215463
0
2511970
14830555
0
0
0
5566346
0
7531200
0
9218444
0
0
8239379
8523196
6599898
11098992
8825518
13403450
13280681
12326078
0
6291941
0
0
0
14979487
842731
0
12353089
0
12672669
15197015
0
12602026
12913043
0
0
10555962
14819899
15198785
223252
0
349
15117124
0
4039686
0
0
0
11946668
0
0
0
0
600073
2146130
9781823
13443167
6752401
15173588
4328174
0
0
12253735
14828997
15055576
6343507
0
3214194
14286616
11976210
0
0
12955041
14336666
8761147
0
0
8592899
0
0
12142830
0
0
12742719
0
14674170
12814883
0
0
0
0
5996629
0
12443298
7247348
0
7806017
6264497
0
0
0
0
0
12795765
13953303
0
0
1015490
0
0
0
0
0
12678417
2175910
0
0
0
0
5790812
2219433
6564535
15170155
0
4652202
0
15059494
0
12641292
15221216
574
10808735
14208728
0
11099556
0
0
11576674
0
0
0
4650515
14947355
15212856
0
15139875
13570596
0
0
3705822
1223810
0
3034149
0
11333652
10261628
0
12564386
1360753
0
0
9290692
0
10816021
0
11133685
0
8340032
15198812
0
13468488
5095069
0
0
0
11276123
6131298
6987369
5535950
0
0
0
0
368
0
12983692
14964780
0
2098786
2699472
3015896
2326788
10628840
14829214
6378367
9448074
15172837
0
2341939
908426
0
7376674
0
4756022
5349390
14353541
13816699
0
0
12772563
14832700
1850552
0
0
0
12945272
0
0
0
0
14366298
0
10515362
0
0
12890854
0
8474096
0
4664285
11956557
0
11771379
0
9733973
11960662
13460170
0
14863441
0
5563893
0
0
0
14708729
784
708816
6241763
0
9029702
0
2883387
0
0
0
4429484
0
0
14319426
0
5803193
0
15048786
358
0
8799631
1860457
0
0
0
0
14542794
0
13087320
12674892
10208758
0
0
0
8817239
11381499
0
14358503
14693462
0
6236862
13865398
0
11455010
0
0
0
444
0
14404068
0
15168578
13291825
0
14526134
0
11021538
0
0
5994016
0
11458122
12738134
0
14221132
0
520456
0
77932
0
0
11976766
0
12807147
0
0
0
0
11439658
11721172
14030903
14340999
103108
0
1004067
14092808
0
3308631
0
0
0
13578974
0
15177221
0
14274958
0
0
0
0
13610500
0
2905452
0
270422
14029603
13804506
12161990
0
0
179
14525941
0
3723387
10605789
14393769
0
13666777
7315305
0
0
782532
0
0
11196071
6583975
13016123
15182522
13062166
0
0
0
3720199
13984320
0
0
0
0
2110082
12594087
12807405
0
0
10418524
0
2614592
0
0
0
10310504
0
0
9223360
63182
0
12629542
4777908
8669333
0
0
0
3014441
0
13684115
0
13462318
0
515847
0
9869372
0
2865315
0
0
0
10772313
0
13149945
0
0
0
10915942
0
824
0
0
0
0
0
0
0
0
0
13854913
0
14176867
0
8055992
0
0
7828474
13348738
0
10308924
0
0
12475390
10059095
0
872696
0
4599898
0
2134560
7173520
11024645
6191453
0
0
0
0
12732267
6485062
0
0
3705145
428362
6166201
0
0
4685123
0
0
3782854
0
12602325
0
0
0
0
0
0
0
4137251
0
0
597701
1319977
12461438
9163026
0
0
1344950
0
13351266
13994800
7500612
14708151
12878155
12260681
0
13700804
0
0
0
2134560
13672933
0
12715187
5768939
3269080
15173619
0
0
0
15016258
0
0
3215932
12669893
0
13502473
11260086
0
13461684
0
4083862
0
0
12383267
4770636
10638843
0
11174225
8207855
0
0
3132959
12393526
9754503
12174958
0
0
1267402
0
15340317
0
9869299
11922013
15172752
12393278
13541611
7540834
0
0
1237586
13200125
1480134
0
0
0
4143616
12768745
5753558
0
0
0
1498748
12242136
14954557
0
0
12717735
1012422
7670767
636577
6485016
15349176
0
0
0
9321828
6881518
12169417
10261562
0
0
6378799
0
14641566
0
5489908
13221735
0
0
0
0
0
1184111
0
0
5632626
6693441
14584257
15067172
10021996
0
8350366
15175901
0
13657926
0
10931696
9102448
14530692
219
0
15101288
9204456
730
0
0
0
0
12753968
0
12074831
12984202
0
6710696
891
0
15078054
0
0
0
0
0
0
0
8035468
10794177
0
0
0
8318119
4365506
0
0
9907576
0
0
255328
11960140
14866424
0
1501176
0
0
0
0
13670301
9168688
0
11561648
0
12120738
1769000
0
0
13513017
9068516
13417267
0
14854201
0
0
4529838
9075557
0
10169772
0
6308000
0
6557286
1266119
0
0
0
0
14017681
11443275
5535344
0
10820375
0
0
0
0
0
13829688
682470
10204746
10194004
0
1429904
10681102
7810206
14542850
0
0
0
12660647
8235656
10163619
0
13503803
0
1431747
0
0
0
0
14594510
1795555
0
0
9314952
0
13778205
0
0
9015122
0
13015755
8855852
15130869
7406472
9474509
0
8307979
0
0
0
0
0
9737025
337698
10174286
15355139
0
14887970
0
15064196
0
12183944
0
14951644
10672604
0
12258845
0
0
12177358
8630012
0
0
0
13490848
0
9888679
15064116
3426998
0
12826374
0
0
0
13255573
229
0
0
2175041
0
0
0
11526602
0
14628484
9158358
0
15173828
0
0
14239376
13175711
0
14575455
15280405
3542427
5412788
15374680
383
15116903
9890895
0
0
5888349
7342814
0
0
120407
0
0
4108240
0
0
2724558
0
0
0
0
1621963
0
8086449
0
4700617
0
0
0
7925182
9282478
0
0
0
0
577758
15172086
0
4262048
0
0
2106879
15378053
0
13850043
0
12049017
1121772
13354589
0
0
0
0
0
0
12121479
3057802
0
0
13112044
3743290
0
0
0
13298348
9891738
15174007
0
0
15116110
5740923
0
14939071
11124503
0
3413244
12458446
7053998
0
0
0
0
2340360
0
0
0
7489443
0
12952942
0
3563337
14980820
0
0
12012577
0
0
0
2406163
8045001
10903067
12979101
0
1433017
13595474
0
0
6792685
9940550
13657528
0
0
0
0
0
0
0
14872710
7033149
0
0
0
2832151
0
0
0
13525028
0
1544255
0
0
0
12506439
0
0
0
0
0
0
12828305
10583615
0
0
0
0
11005718
0
11694857
4568538
0
9684636
0
9734091
12174373
13223547
1301162
15367136
13007620
4512546
0
0
0
7524688
0
14689086
9719289
0
0
13996925
0
0
11595666
0
11857663
0
13629557
0
0
7825218
361844
0
0
0
0
7327775
0
14312315
1085926
13251297
0
0
10608987
1019140
7347738
11653674
0
3823634
6968346
0
0
0
0
6172778
0
12737
14349036
0
0
13342381
30452
0
4382
0
0
13161475
0
149566
14695893
0
0
8509146
0
0
11124311
4433346
10830966
0
0
13263764
13827758
10802119
11977308
15256188
0
12333289
0
0
12715120
0
15269230
0
0
13466161
6733641
0
4047799
9312769
15355684
2840103
7401293
8456906
0
8044800
0
0
0
15174717
0
7093781
0
0
0
0
0
0
13114911
11647418
0
0
0
6604550
0
0
11897034
0
3493370
6247758
8743571
0
13255375
12548011
4790943
12605276
8852515
0
0
947077
5248620
12402242
11154927
0
15329850
4750373
7959515
2661160
7239385
0
15356423
7823784
0
13249774
0
0
780974
10452383
0
15415638
0
0
0
0
14127264
3369298
12265822
2006763
0
15293213
14428090
3666193
0
0
0
13114814
8669743
10020834
0
12949484
14117508
0
11824641
11277384
10985581
12674750
15349402
12257887
0
9550856
11798114
0
0
5532482
3466065
12328413
0
9115219
0
5064773
0
0
0
15280324
13215415
198
12564844
0
0
0
0
13746861
0
0
13736809
13368656
13247532
15430090
0
9414541
1284128
15066851
0
15417495
14694369
0
2203068
13717377
0
0
3584321
0
13770234
0
349784
10775371
3233635
10510831
2496115
0
7501123
5417475
0
0
0
10990888
0
1187542
7065142
4627181
4633318
14894223
15234041
0
0
12730018
0
0
0
0
7918000
9993980
5767029
193799
5883993
11701625
0
12457375
0
0
0
13720574
0
0
14694842
13312451
15088764
1900074
0
0
11976203
0
0
0
6117744
0
0
6986025
14745254
10971980
13983106
6087524
0
0
11933926
6350308
7139921
2991094
0
6363338
14334150
6980673
0
0
15508182
12619549
0
14788798
0
0
14282571
6306009
0
9934858
0
7293983
14087049
1250369
14809356
0
14653094
13967875
5572363
11350567
15440443
7299483
15344098
3189336
0
0
0
0
0
0
4922256
0
8115113
2347688
0
15282237
11626191
13466312
9331621
0
0
12265057
0
0
0
7220028
0
15480223
0
0
0
0
0
14764504
831567
0
5199421
14092427
13812582
7068120
8183087
14564045
15263834
11287924
5580478
0
13737527
0
14267405
6599556
3830542
0
0
0
0
8726183
254459
0
11701986
13451752
12184238
0
0
13771924
0
0
0
6716675
12906811
0
0
0
0
0
15209807
0
15130782
0
0
0
0
6820028
11509625
14609984
12805455
8219361
14591767
45925
12462005
0
15409089
8936564
0
49304
0
0
5337382
756427
0
10355599
14432451
0
14163347
11261793
0
0
0
0
0
0
0
0
13630753
0
10375193
0
0
0
13684411
0
12141747
0
618454
803631
0
0
0
9571354
0
0
0
1212547
8072996
1776765
5202758
13223000
0
0
0
0
0
14639280
0
11844768
6948778
0
15233672
8590640
0
9673507
13291477
0
11052209
0
14601844
0
3665213
596817
5629887
14341086
10798787
0
2591103
0
14260275
0
0
6301117
8971894
15324497
0
0
0
0
0
0
12495383
14664909
0
0
0
11042837
0
8625833
0
0
0
0
2060037
0
15470893
15283641
7455376
9873561
8900332
600767
0
3763433
3558323
0
13043743
0
10817014
13903993
11484574
0
0
13668326
6093293
6964314
13814086
0
0
8384983
11850246
7109325
14187819
5844222
2265739
13767233
0
13021944
8805347
3514171
0
0
0
15506850
0
12204943
13893783
0
0
4550451
0
0
12220776
0
9478723
5112347
0
0
0
0
13001511
0
0
0
0
0
1256325
0
7389568
0
12456264
3483491
0
0
13138641
1489475
12342308
14494502
9904984
0
3971849
0
4067417
0
0
3667985
15493257
13843593
11799367
2104471
0
7039226
0
0
0
0
0
9128656
37952
0
0
6626818
8574390
0
0
8876272
0
0
0
0
745653
0
13034326
0
5267716
13864241
14708771
0
0
0
14925801
11453958
599241
12842316
0
0
14894776
11635361
0
11123921
14740348
0
4047372
13703587
15418509
0
15397455
8996593
0
0
16190
0
0
8209695
15590020
14319195
9465235
0
0
0
15208332
0
0
14920649
2854344
13125734
15473126
4760349
51733
10953423
0
0
14480806
0
15253684
80001
15343394
0
0
13320978
15454259
15099913
28971
0
0
9448074
14482075
15538993
0
11666652
865996
7795982
11146252
11251707
15087428
7756209
12932330
14942362
13060308
0
15019579
0
5251890
0
0
3881493
0
15520169
593
15156615
1648999
0
11273282
0
0
0
8510433
0
0
0
0
4935547
0
0
1442318
0
0
0
1324496
15084812
712
0
15473856
2511743
0
0
8182365
12544261
0
14331410
11981265
0
12376479
0
0
6840052
0
0
11923311
0
12392494
1745552
5995849
0
0
11764939
13254214
6288170
3105724
0
11960687
0
0
0
0
0
0
0
8378247
4305278
0
0
328398
577895
7085768
0
15315851
1499145
13127079
7109483
9178848
15006224
0
14314136
9761051
13667460
1635632
12691843
9400854
14239168
14702796
5528015
0
10052756
0
0
12376741
0
0
12381846
0
0
571344
0
9880579
0
0
0
0
10453755
0
15045592
0
13802930
0
0
0
0
0
9855233
0
11400830
15472973
0
0
0
0
0
7987852
15216397
14629887
0
0
14142714
2097
0
5504628
13831114
8981340
15501058
13045720
0
0
14212054
0
14359810
15404971
1413922
8969870
0
0
0
0
10724286
0
9030447
781585
15469457
0
2784697
0
0
7159946
0
0
0
6565319
10586036
0
11227438
0
11693146
14430483
11595821
13025532
808
14751692
6785418
8655228
0
0
0
6133661
638
14777226
6215948
0
0
2260018
0
13030753
0
3221379
8554657
14731916
15412905
0
0
0
0
0
0
11304819
15578684
0
0
0
0
8566461
0
0
0
7497963
11432444
15415496
15563397
7650138
0
0
0
0
0
1178963
12147784
7336163
3292545
13364924
15439206
13346342
11107665
13829909
0
13120572
8843384
0
0
0
0
0
15298945
0
13646442
0
0
10452624
0
14794541
0
0
0
13494112
0
2620353
0
0
0
13595842
0
0
11185787
0
0
0
15525612
8514173
14059461
0
0
15162119
15495944
10778546
11023033
0
0
5765925
830486
0
0
0
1007935
0
0
11456546
0
0
0
8968274
12460385
11524403
12905643
6577189
138669
10370447
4588722
7958622
0
2910988
0
0
0
0
15471640
13820758
10362710
0
15288717
12171574
15228504
0
0
0
0
9533471
11008272
0
4271425
7413853
9247793
8671315
0
7740174
13352999
2243652
1030795
0
6281436
0
0
0
0
0
0
3051498
5946484
0
3549596
3659950
0
0
346769
0
6234181
0
0
3813306
0
7163689
0
6966466
11094107
2416594
9906506
1352632
0
0
0
0
0
0
8104641
4095860
0
0
0
0
0
0
14498655
13959013
0
2168035
0
14767503
0
673016
0
4104300
0
0
0
0
8115415
0
0
13833330
0
0
14108180
0
2079353
0
0
11174598
0
0
0
0
5619707
0
1730981
0
0
0
3163991
4916435
10016799
8666110
12592387
15232501
0
1738447
565570
0
8665444
13019886
5269742
7878356
0
0
2540612
0
0
0
14359617
639
15071039
0
11043755
0
0
0
0
11448689
15289022
0
0
0
0
11489987
12692834
8615343
0
11335811
13648286
15656275
0
0
0
11453683
10247512
0
466820
9980151
13344102
13584299
2313997
8232855
5072606
0
7831866
0
0
1948329
0
0
0
0
0
9706023
13146434
0
0
0
13766708
13940301
0
0
0
4690330
0
0
0
12468930
0
0
8900323
0
0
0
15464253
4809407
0
817816
13770247
11640839
12166991
9800965
14482110
13100035
0
0
0
0
0
6736962
12501587
0
4119940
12949568
0
9815205
14816062
0
0
0
4570779
0
15295807
15326899
5692144
1341972
0
0
9692859
0
0
0
1042033
4113706
0
15457582
0
0
736894
0
0
13103624
0
0
14366433
0
1032231
9772988
0
0
0
14593592
0
0
9502398
4509228
0
0
6424217
14018862
5138886
8099695
0
15463404
0
0
0
0
12439463
10259372
13000421
15168160
8674562
3502306
0
10800887
0
0
0
14826548
9320616
0
0
0
0
14427495
0
0
15457072
15358586
0
15708907
0
11502586
15593443
15552551
0
0
15593520
663
9878412
12764604
3155167
0
13889655
0
10814753
14337515
0
0
0
6745596
6113083
0
0
14612031
134489
0
0
13355939
8043957
0
0
0
0
0
2666628
14300394
3865966
10535257
0
0
14855251
0
0
0
10239299
11327503
14771600
10840742
15636740
14086500
0
0
6851574
0
12388444
12496477
0
14066816
517316
15249439
332
0
0
0
11284853
0
0
0
0
14213134
15186928
9575248
15664073
0
0
0
0
0
0
1323177
14024781
12548097
0
0
9754423
0
0
38091
0
15326262
4171095
0
3217299
5451481
0
0
0
0
0
1917028
7772363
2710305
12535167
0
0
0
0
0
2510622
0
0
6115645
0
2359923
40283
7128285
13837594
0
15634553
0
6618773
0
0
0
2020386
544359
0
1139163
0
7087439
0
3054371
13898312
14877210
0
0
10158433
15182739
0
7251137
0
0
289708
14386312
0
0
0
616972
0
0
0
0
7537559
9254030
10732295
15126904
0
0
15294307
13079831
10041280
14758567
0
0
0
0
0
0
0
0
0
0
14622172
0
0
14442786
2311398
15462045
0
10726773
14327757
1636514
5442425
14760808
15159018
4511243
4013405
0
13432427
694
0
14031817
0
0
11166482
12631807
11057102
0
0
0
6841155
3353189
8814293
0
7573201
5268208
3335281
0
9533961
0
13500999
0
12883913
11236304
7671766
0
0
0
0
0
14656533
13760370
10545623
2832632
11121457
0
11985208
0
14295657
14503525
2080508
0
0
10482582
0
0
0
0
0
0
4839931
0
0
7771351
13623359
11193174
2319486
0
10705804
0
0
0
15636808
0
0
0
13245012
15637203
0
2777279
0
0
0
9161772
0
0
9930274
0
0
13805693
1704408
1824131
11702257
0
5079067
13820946
0
5339557
15656495
0
11199598
6317160
13582723
1994377
0
5252741
15341266
15408718
0
0
11867504
0
15681157
6252201
5601396
0
0
0
2384653
0
0
12284199
2065003
0
0
11027148
0
0
0
0
0
0
10886237
1980767
4559375
0
0
0
9546317
0
1193294
12558345
0
0
0
791585
11653288
0
0
10110841
0
0
15758937
10939402
0
14719253
10465862
45264
13681811
0
14557553
12465634
0
13686639
0
894
0
12764480
0
14083990
14761456
0
0
0
4796402
13326382
0
13557807
0
0
15783422
0
0
0
3311149
0
4932427
6886845
0
0
0
2887933
14695211
6805093
0
14209608
0
7861317
1202062
0
15758513
0
15796495
0
0
0
0
0
8602043
12799106
936282
0
0
0
0
0
13743862
0
0
0
7234544
0
0
15478194
0
14579125
15762563
11066842
0
0
9334145
15234949
0
15415910
0
0
0
11740783
0
0
0
0
0
0
15565486
0
10631438
0
1548904
0
0
9516434
1008693
15789988
14333388
0
9685562
0
0
0
0
0
5901554
0
12384363
9594192
11798745
13623914
0
0
0
0
0
14520440
0
15751377
15751220
1654021
15330588
4278191
0
0
15126594
0
11586406
0
0
9759098
0
0
2653305
6861807
7297850
13996449
0
0
8063795
9662878
0
0
1817960
10266502
0
0
7075967
7374053
0
12490995
0
7383560
0
15149869
0
0
0
0
8008372
14933538
0
9938132
0
0
0
0
0
2733957
0
15444258
0
0
860809
14625924
7624370
6822599
13096697
15796313
414605
0
0
6026174
0
3605977
15261517
0
0
15681993
0
0
0
0
0
14610637
13687095
15787106
0
0
239489
0
0
15719837
0
0
0
12863516
300652
0
0
1588084
15864097
0
0
0
0
14694441
10365785
1983814
13324436
441
0
0
8205816
14696451
15306359
15699665
10952843
0
0
9836856
0
0
11654472
6161658
0
0
14792918
0
12314783
15525480
14224881
0
0
10611526
0
13185904
3907529
0
15780499
0
0
0
4943145
3922024
0
3292294
6562799
0
0
15319236
0
5384293
0
11703007
12449566
0
6246307
0
0
14626347
10749893
5857372
2497510
5840086
0
8576786
0
0
0
15331243
0
0
0
10819325
11016249
4002
15235982
9336322
11673479
15793001
3135181
0
0
0
14378992
0
13788517
0
14270040
0
0
0
0
0
0
6812542
15542471
0
0
9248174
0
0
0
0
13824581
1510490
0
0
0
12546010
0
14803899
0
0
0
0
10994401
15597442
15571314
0
7534375
0
0
15069207
0
8306304
0
14929167
0
0
10277534
632573
15778148
13900212
0
0
0
0
98620
1468002
15911061
0
1756882
5313498
0
0
194860
14368654
13923805
8391261
9313018
11884452
0
0
12987243
0
10835314
0
410486
4625757
0
11968438
0
12951604
0
0
0
749900
6083246
8631499
0
0
15219319
5891313
4592479
13066336
15642890
0
15255430
0
0
822389
0
0
6432077
0
15957161
0
4764081
0
0
15778996
0
1595179
13851984
2426380
0
15272486
0
24241
10707399
9455716
0
2078166
0
0
0
0
6352651
15957161
0
3865691
0
0
8991121
12823895
0
15282259
0
11305159
0
0
9515731
13305517
13674674
13889301
0
14176088
271
13228356
0
4805159
8179947
15912483
0
0
9522427
0
13991802
0
0
14447109
15113757
0
12485530
513
0
0
0
9504634
859891
0
8056797
15587072
0
0
4684653
2929180
2746590
15857042
3943861
13226185
0
14960867
13901373
7934248
0
6866470
12926148
0
2828815
13746026
12302848
0
6599809
0
13805861
2741856
3915710
8483688
9639575
0
9362407
13993114
0
11560280
8206217
153
0
0
7129698
0
0
0
14098624
0
0
0
0
467437
0
14389918
66848
2497510
0
0
0
4818176
7792793
15514644
0
0
4609374
15229452
3429401
0
0
14579073
689
15591984
14815369
14628663
0
0
9991974
15881402
0
1083003
11127103
15979715
13769545
15800750
14349486
0
12798321
11090527
15184589
0
0
10741979
2415168
0
0
5990688
4669551
0
13346395
0
0
10067260
0
0
0
1956367
13129266
0
15219821
8103544
0
0
0
5152261
12566500
0
0
0
0
4058266
210590
11701425
0
341
15423770
15964027
15837642
12575161
1514040
0
0
0
13489903
15694383
0
1665885
0
0
594599
0
0
2241583
0
14645940
0
0
15244950
2498114
0
14930789
0
590927
0
15851704
15087367
15056254
0
0
15885310
0
12456399
15324603
10719079
0
453396
0
0
14424294
0
13918695
0
120956
11837153
0
8440163
12629705
4435116
0
0
0
13357782
0
0
14725204
2583355
4645394
0
0
478263
3740811
0
12170585
0
6923281
16031892
15897678
0
13385745
0
0
0
0
16040000
667761
0
15877115
0
0
0
13327151
0
14900211
0
2909100
0
6108727
0
12786810
15291631
0
0
9211797
6782717
0
15472750
0
9371077
0
0
7644020
15356174
3447813
0
0
13492345
178660
13615521
6352530
0
0
10758205
0
122
0
14640573
14157554
0
13510069
0
0
7405571
2110624
0
4671686
0
0
5821432
12631630
0
3570059
0
0
11457085
0
12660113
15857903
7818447
0
15807952
7021083
9329942
0
0
0
0
7726100
8330826
15634051
1162405
15456382
6527278
0
0
0
0
12724389
3033636
9853683
14691672
5608193
15831841
0
7039204
15058971
0
0
0
9548102
14829341
0
15678868
4353365
10360710
0
14973414
0
0
8345192
15556458
0
8376381
0
0
8422114
0
15850586
14410074
0
9890399
13296899
0
13566830
14716250
0
0
7398330
11176005
0
15788000
0
0
15440183
724250
0
0
8469524
0
0
870533
14636874
14878221
0
0
4790419
0
6486449
13511190
1226220
3978178
0
0
0
0
6138458
15127359
0
0
910021
0
15822443
6552777
0
0
0
0
15695751
0
0
4822324
0
7814300
0
15992306
9241783
13618456
0
0
2964465
0
0
0
0
12890300
0
0
1696225
0
8971740
5181954
0
0
15724344
14491429
0
0
0
0
0
0
7843164
0
10677326
0
0
0
45883
459485
0
12558116
0
0
0
12913816
10369072
10584854
12651211
10796617
0
15538750
0
0
0
0
8586440
0
0
0
0
12850457
15623216
0
5893083
0
12124735
11500567
15428842
14903574
0
11640414
0
12153304
9218961
0
11661925
0
16034188
0
0
6701006
7946917
15591987
9095285
11377898
5241745
2121974
15282214
0
0
11548771
2361643
12380341
7851503
0
0
0
8347281
0
0
6691892
14456532
7225791
15592710
0
10305412
7415316
0
0
0
0
0
0
8784523
0
0
8948143
0
0
5152799
0
15769768
0
0
0
15866614
0
0
0
0
0
0
0
0
0
15486199
0
0
0
0
0
0
9272767
0
0
0
15959341
9103081
9327682
13656687
3217880
15164058
0
15349524
10047606
0
0
0
0
921466
0
0
1593495
1711203
0
0
0
906687
0
0
0
6698985
10024877
15925395
9832680
9815339
1712337
0
1872475
0
0
9284623
13540272
5485601
0
1268690
8961605
11926775
7822001
10368659
15179106
13077064
0
0
0
3264904
0
0
0
0
0
9396654
0
0
0
12889869
884620
0
0
0
0
0
0
4525493
0
15546809
14211623
0
0
7934311
0
0
13165985
14893547
0
15821220
6013709
0
0
14610184
0
0
12509781
0
15437222
0
15763275
8189413
13577257
0
0
15716021
0
15700152
11140976
14183386
15856996
14367956
0
10093368
746838
0
2342940
11192315
9866053
0
15324839
11165294
0
0
0
9108325
8378953
9880856
15175671
9370234
14245679
16095132
3133716
0
13382666
0
0
0
1843739
7920016
7225846
0
2310032
15063616
0
15944473
4264312
3243830
0
0
15790267
0
13513301
15900434
3382218
15671955
0
4464691
13659
0
0
10353422
0
11866635
0
1020654
0
6468687
0
0
0
15756809
12150162
0
0
12366133
0
15889932
0
0
0
0
0
13838455
16000461
9621567
10677488
0
0
0
14343286
15263989
14564429
13644112
0
0
0
5407209
0
14994077
2834868
0
9563669
13450756
9477169
0
0
5153128
12072326
0
4994538
0
15185083
7795918
13638693
15930949
0
0
12981965
11069695
0
0
13267655
0
9883402
915858
16088846
0
9988363
2341370
668219
11012516
141450
0
14961050
0
542499
600100
0
12434355
12461681
3827911
0
0
11868894
14976216
15973209
8650576
0
5441224
10658521
0
3478922
0
15500205
15692573
0
0
13003923
15770767
0
0
7389658
1888340
0
0
5163017
11268906
16071134
0
11370492
13703688
8839431
0
2274391
0
5069
0
4471447
15960106
0
0
8638207
0
1272401
0
0
2208545
0
0
295722
13470726
0
0
0
0
0
15864847
0
0
0
0
0
10685907
15330366
15862854
11000496
0
6908475
0
14393321
8963162
0
13716843
0
15459137
14339150
0
0
316603
6442726
6194075
0
13634089
3484798
8111087
0
0
0
14939622
4281273
1381779
8190915
15119386
0
4265593
15926133
15207331
13875265
0
0
0
13599143
0
4247100
4551246
0
12246419
0
0
10380370
0
0
0
0
6901495
16132642
0
0
12781464
15531847
0
5714855
13287500
9428618
5654070
0
0
0
8591134
0
13468978
0
11313381
0
15911076
11310941
14198208
0
0
0
0
3719487
12356610
2348828
15267577
15658967
8781210
4287393
0
0
13504369
6608025
0
0
12673229
0
13402870
15250796
0
3721833
11836487
0
13195507
0
0
8108986
0
11790268
0
0
0
7383503
0
12694980
0
14492249
1433758
0
0
15726228
0
5391791
15684546
0
970970
13773339
0
0
8473679
3182107
15152679
9754678
12531727
7956794
0
12455648
15594885
0
15554567
0
15165855
0
0
10302344
3415618
0
0
0
8362235
0
0
0
0
0
0
9922486
14505275
14257856
0
3560924
0
11057948
0
0
0
11246873
15303460
11851650
0
472013
1987732
6445988
0
11186085
15671059
0
10830236
13868969
15463323
0
5189092
5182752
0
11187775
0
7900702
2306688
0
0
0
6508929
12794177
15834250
16171521
15536198
0
15950518
0
0
0
0
15485935
15919134
0
0
15654765
13763788
13963979
0
2325546
15418653
8516923
0
0
0
0
15411706
0
16132091
0
0
14861804
14943133
15748365
2926551
0
2975307
14756543
1885412
14199555
0
0
694242
0
13085436
15910767
0
0
0
0
0
0
15267520
15729463
0
11051316
0
14644494
13362839
2652368
6994176
391702
16043073
3781378
12114393
0
10569072
0
0
0
0
0
9166806
0
2038386
887995
1587221
0
0
15531847
0
15608218
7800886
15405794
14402095
0
0
11824884
0
1133505
0
13489689
10931616
1769747
0
0
0
0
0
0
0
2169212
1086224
917
8071850
14070539
5530451
8715802
0
10108840
0
0
0
5710146
15857632
0
3271570
13456227
0
11403847
0
0
0
0
13806851
0
8110543
0
0
0
250801
5719113
0
0
14284354
0
15622072
0
0
9605424
0
14848414
15983672
3327891
12521448
0
9525026
15794272
0
10999054
12797927
11170542
0
0
16113680
0
0
14186119
5707238
16190643
0
0
16159543
8405785
0
15888187
0
0
11916402
11589555
2652523
6896628
15244620
0
4763008
0
0
14756868
0
0
5943690
15409565
12208679
0
0
0
0
0
12087255
15185114
0
11588187
5522378
15776712
0
0
0
0
5955264
0
13744201
15284790
14286494
0
2720999
15874645
0
15355902
0
0
0
0
0
15517984
0
0
10707292
0
0
0
9729286
0
0
0
10730507
0
0
0
853246
0
14110208
0
11900577
73406
8618751
991519
13847119
9934501
0
0
0
0
0
0
0
13374887
0
3024113
0
0
9820772
8904226
0
16030018
0
7331424
0
9054073
15232166
9621919
982528
2256598
3604337
12622616
12440576
0
0
2306077
14715372
8650245
0
0
11528576
0
0
15762838
0
13542608
0
36281
0
10592619
0
0
0
2616877
15347843
15668558
0
13362766
0
15344377
0
0
16060231
0
0
10450395
0
10275115
0
11193969
0
6871111
0
9486046
14203201
0
0
3225033
5462665
1491121
348
0
16140952
0
0
9623590
13805681
400156
16279831
1260416
0
0
0
10361099
0
0
0
0
5061534
13147015
15340435
15198427
11279815
16158105
10433402
0
14822237
180748
10879374
0
15779601
4193790
11114564
0
0
0
0
0
5466822
16134055
0
0
0
0
8721095
0
0
4217994
14489319
13009538
2985071
0
2158932
0
0
0
0
0
0
13037085
16223938
16142462
0
0
0
11545080
13800198
3521812
13300723
0
0
8009884
0
15273419
0
0
833130
0
0
13710573
15852333
0
0
0
10767410
0
0
0
0
0
7382415
3211703
1961794
0
12450190
3728627
14899863
989
0
9029690
15546534
0
0
13787407
0
15967612
12478191
0
0
0
0
0
0
2831160
12455750
16211159
14087380
0
10817866
0
11684509
0
9868521
0
13866318
8705274
1805056
441436
13553826
0
0
5088570
4946067
0
0
12835594
15209766
1691158
12617664
11293057
699005
14786765
12902576
7420450
0
0
0
6783195
0
11990559
4776
12964348
15118963
1547071
0
0
0
11937959
3106669
3758428
0
0
8943623
1929152
0
5999047
14406141
14072010
16164402
13568012
0
11490501
10844024
0
14913734
14510254
11581531
0
235
14975348
1690979
0
0
12083326
14002539
15967189
0
0
0
0
8703494
14207790
10375453
2269109
8306166
5721654
16044824
0
8706406
0
12836260
0
0
0
1806650
0
6740
15548401
1475096
15552021
4544673
0
14267578
15100116
16039897
0
0
14756740
13148975
15506328
0
0
667589
0
7106434
0
1469553
0
16144812
0
11731139
13447297
0
0
0
0
13682281
0
12552380
0
3328077
9861402
12448992
0
16277210
14033544
15006507
0
0
0
6477792
2860537
0
0
14410794
0
9145432
7970650
4053642
10453474
0
0
0
0
0
6604868
5255215
0
0
0
9622473
10769314
7015435
0
16238107
16091578
0
16141089
10985885
16298574
0
9411622
15926700
0
0
7569219
9877155
4762272
16217095
0
0
10449752
0
8153509
15679177
14647942
7274804
13859830
13062708
0
13518765
12384709
0
0
442450
14230577
13987197
0
4811944
0
0
15972935
16100145
15799706
0
2611729
0
11957824
15860604
0
5545307
0
15244562
14258122
0
4914154
0
0
1939170
7777778
1909049
0
0
4885857
0
4994321
11050713
0
13423169
0
12864768
0
0
5470306
0
0
15926815
0
12531641
0
15530527
7126733
7577552
0
6249913
6033442
0
0
0
4869347
0
0
8651028
0
7130977
15774086
0
10267748
9600787
15133891
0
16183360
4652081
16030582
466228
14414613
0
7706975
5642710
0
11809578
11573122
0
15442243
15008090
14769014
15722181
9961889
0
0
0
0
9450309
0
15324301
0
0
5097126
4437919
0
6311928
0
5165491
0
13932071
15131967
7143988
3377061
11070810
0
10744571
8726625
15667492
2168133
12589938
11401024
0
0
4561774
0
347883
15973040
12739562
0
12670123
0
15232581
0
14966960
0
15656090
9543848
0
1667867
0
6781419
5922765
0
0
0
187300
12196922
11698513
0
2580375
0
0
5490040
0
0
0
6054604
0
0
10350625
0
0
12066033
13219731
3435129
0
8064863
5121813
13626095
8322917
10869607
0
0
0
0
667761
0
8397544
0
7431496
0
0
1335790
0
15783187
2257733
0
11717124
5831727
0
5723229
16217586
7419879
0
0
5363646
13053317
0
0
3682232
0
9083459
0
0
9414929
13123310
0
710248
805351
0
6292636
0
0
0
0
15783362
8979450
0
0
0
0
1038811
0
15951903
16328412
0
0
0
13830587
488611
15362160
0
16326842
14218808
0
0
13703713
0
0
4357552
0
14865564
0
14961569
16240911
14707948
15326073
2173125
16231470
0
16031894
0
0
9970799
3530701
0
0
2356501
0
0
12798856
16414976
48685
0
7656116
0
11765184
13948900
1213443
14119804
0
0
4894513
0
9575306
3875800
0
14691208
5278416
13840494
0
0
0
10788301
15970089
11981487
0
10974171
2119077
16226381
0
629494
0
0
0
12626071
1381077
0
4477469
0
9817058
15525850
0
14279350
10896512
0
0
8371842
0
14757687
0
5846695
0
0
16159390
0
0
13922727
0
0
10953252
0
10024787
10889887
0
0
9075413
0
0
0
10311620
0
9681976
0
7236912
15497326
0
0
14751143
0
16211625
13703550
0
0
0
0
8257090
0
14931720
15430273
0
5241219
0
8724943
0
0
0
2686132
0
0
14920360
11914380
51
13725695
0
0
1890585
0
2807250
0
714558
6420381
14744182
5017268
465323
0
0
8155299
0
8393033
0
0
0
0
16424420
0
0
0
14992715
0
0
15923386
0
0
9282110
8751134
2066409
0
0
0
0
2402596
14701219
0
2065003
0
13445128
9132140
0
0
0
0
0
0
15953368
1742818
2819501
12714649
10378756
11158829
0
8345798
0
0
15968259
10040471
4700971
14467285
0
0
15544226
0
2801206
9495881
5503032
7328205
7537058
6557675
15853307
0
0
0
14706665
0
0
9608696
0
0
0
7060714
2639949
0
0
13096803
0
11238696
0
0
3596899
11904645
6948499
9172718
16186063
0
14086217
0
16071632
14438246
0
7134337
0
0
0
0
395884
0
8604259
7140506
8225567
0
14281904
11353710
0
16129610
0
1277267
5019623
0
221300
9568237
15521026
7357479
15962902
0
14760902
0
0
0
3440807
0
4903924
0
0
0
15522301
14603306
0
0
15967350
10855718
6865389
8422902
0
14125427
8968186
0
0
2871700
0
0
16339479
0
4595999
1683312
0
3256036
0
0
0
12258205
16042972
0
0
6568542
0
0
0
2829329
0
0
0
3099631
0
10037893
15345121
13075625
0
225495
8595361
0
0
0
5827455
12773694
0
0
0
0
1164564
0
14484580
0
0
4878263
689281
1866209
0
0
2509040
0
0
0
0
0
0
0
4349501
5037521
12746520
9523295
13157958
0
15545277
4614279
0
0
8606527
0
9077705
10500562
0
12497438
15839111
8053862
13888631
0
1875340
2863274
14923188
15017950
4942015
0
3661649
15717886
16153578
0
13953274
0
0
0
1465043
14425343
0
12405164
7835974
0
0
9293391
5072932
15708978
15284311
0
15498733
0
0
1107980
0
16383476
7905525
2687265
16358880
8542485
0
13046701
938
0
210175
13153981
0
0
0
0
159093
12094505
0
0
0
0
0
0
14141960
12621979
0
0
15494671
0
0
12627864
0
8953274
16314191
0
0
0
0
14712189
15654799
0
16427720
2534580
4981798
0
0
0
1681348
14890837
4069352
0
0
0
0
16008313
10273668
7162990
0
6991127
5132006
11653085
0
12900030
15389992
5211232
15602103
13133795
0
6429293
12925348
555
0
0
15710115
0
15649144
0
13584562
16361566
0
15777011
0
0
0
0
84885
0
1074936
6439358
0
14245983
0
0
0
0
0
0
6602109
5504390
5462496
16447744
0
6318218
0
15917648
0
0
4247599
0
0
0
0
6836997
0
8199948
12505881
5159972
0
15407788
0
0
0
14902706
11260460
5730631
0
0
12224952
0
9176463
16443054
0
15225453
16525094
1469839
5155025
0
16000173
10798405
10240637
3725608
5108012
5891953
7111627
16446026
0
0
0
0
16293160
3849738
7521162
4719730
15623680
0
0
0
15729010
13831157
15477656
1133678
9749767
0
0
16207328
0
0
9340889
10049125
16097950
0
10815
0
16021342
4018324
1061909
10457677
0
16448653
2793177
606175
0
0
16142425
3014066
0
6160247
10453067
12407416
0
6895629
12246397
0
8069677
14455524
13460559
0
14252280
0
0
16469972
8813027
0
0
0
0
16457601
0
0
6261431
0
0
0
0
0
0
10689162
9585687
1133020
11484909
0
12371125
10461230
0
0
5100628
0
16325976
2509071
0
5107590
0
464567
0
0
0
15913827
14148489
0
15257897
13521131
0
12364996
0
0
13123825
0
0
0
0
13940321
0
16225238
0
0
0
15625145
16517602
965
12976173
15642211
1592817
0
0
0
1268860
14581511
13807649
0
0
1893192
7683974
0
0
0
0
1804775
16144333
16379272
15623749
15616237
0
0
0
0
0
14113363
0
0
0
7539685
14181055
15548291
0
7466246
0
0
0
6063275
15198749
8541341
16218437
4004509
16450998
16382917
13998147
14567048
12435659
0
15943097
15072644
10032097
0
0
3421477
2137965
12423310
0
16328410
0
2279257
0
0
5535328
983609
2343063
0
13482904
0
14318649
11737319
0
8454319
8606863
15118271
973206
9715327
13326960
15108029
0
0
0
0
14071080
6377198
14177574
15780410
1622883
13049495
12804964
197777
14433290
10712531
0
11689571
16152878
0
16556311
0
0
0
0
0
0
16196509
0
12957787
5596228
15219555
3248058
2816258
12367702
12045699
0
16446146
16006712
6362446
0
0
6746691
4922563
0
0
0
6734655
0
0
4554858
0
0
12599027
16239448
0
0
14438868
15390259
4247368
14178116
6122728
0
16078581
0
0
6165265
0
13103170
0
13329957
0
12825153
8068977
16580668
13859674
0
16174556
14618348
0
0
13890860
0
5275235
0
9547705
194700
2671775
0
0
0
4140907
0
0
16080003
16365932
0
0
0
16406862
0
13998346
15758442
16169781
0
0
16065905
9091184
2102842
0
16303981
874
10378224
0
0
13057407
11952826
0
6768452
0
5865704
9978282
0
13644227
0
5953794
0
14959414
11026413
0
3746792
0
9871053
10178880
0
0
806397
0
2009668
0
10966998
13077484
14797580
0
0
0
15709673
11233961
16223231
0
0
15779157
0
0
10149368
11051321
0
0
0
0
2621237
11003844
0
0
0
0
0
0
15304981
0
2607879
14957859
0
0
697
0
14703389
0
0
0
16534226
349853
0
0
2516246
0
7351181
16381413
5448937
0
0
0
16508386
0
10349758
0
0
118213
0
0
3753005
3518155
8892055
0
0
0
14407521
0
0
6084342
15857827
16620179
0
0
830
16435642
0
0
12531645
0
13482658
5281662
0
0
0
0
143189
13499297
11786173
0
0
0
250027
0
0
0
6251601
965096
0
0
12175630
13729638
7540279
11481417
0
16342799
0
3399528
11991571
0
14261140
13125290
0
8919312
8224380
16282492
7362491
11811649
16353148
0
13902792
13625156
11908513
0
0
0
0
13534167
15851704
14762259
0
0
0
0
15655188
0
9617019
0
16430550
9190366
0
0
14520885
0
0
13854375
16490218
206
4426267
4771920
204437
11636705
2143201
14203201
3606024
0
15480585
0
0
674269
14120738
15934410
0
14439673
6105039
0
0
0
0
3205088
0
0
0
0
14593875
11857138
14513514
15839100
1948787
0
0
3495991
10236678
0
0
13113088
11553452
0
0
0
0
0
5558761
0
0
16066260
14337900
0
0
4207756
0
0
0
0
0
2137651
4535182
0
16557379
9222289
13022906
7032660
0
0
0
0
0
0
15887095
12953474
16513472
16575397
13674954
13337003
0
0
0
6925190
0
0
0
7725377
15382665
0
4960710
14782111
0
16274177
3712066
6434771
0
14831639
8182501
0
0
0
14959464
0
6271792
0
5073677
7355566
0
0
0
3820381
13443313
0
6530307
0
2348899
0
694169
8795756
0
0
11825068
14765069
0
6559936
6765769
0
0
0
15522274
0
13465088
12452572
1221814
11250612
13486222
3318440
509842
9670379
9585238
0
0
13991438
0
0
0
4623005
16156043
0
0
10315355
6658366
12215017
13355692
10700453
15245932
10051565
9305795
0
13888250
0
0
0
10425203
0
179
12731372
0
4933353
0
0
0
5733189
8846103
13137302
0
0
14758989
16659933
16645366
0
13533584
0
9598806
3130032
0
0
0
0
0
0
15498272
0
0
947697
0
15042480
8379968
3401659
9852636
0
13337835
0
16449720
10865097
7729697
0
0
10082394
8465183
7603267
0
3685666
0
16507185
0
0
16622750
0
0
11921649
15123603
11042563
3139715
14740958
0
0
11199605
7929653
15852568
15631623
7850805
0
16097996
0
0
15382231
10966727
8864370
0
0
15213404
0
13803161
0
5966219
0
0
265255
13897023
0
0
16634998
12961518
16372605
0
16353814
0
8881457
11628174
0
0
0
14403014
0
8871156
0
16030589
10231334
0
5907823
86027
0
0
8329010
6528077
0
0
0
16044337
1345145
0
7149087
10753913
0
0
3602110
0
0
6202743
0
15018037
0
0
4475247
0
12801406
5162074
0
16054722
0
255849
0
16064596
1159699
0
3167190
14249463
1185236
5394792
0
3539943
0
15219631
0
0
16524056
8811642
10579122
0
15588687
0
2648743
0
4057494
88359
0
14951615
1815172
13375843
0
0
15889125
8610948
0
0
0
10930849
0
15863432
0
1596340
0
0
7106151
0
0
3475693
0
6507264
11296263
637
0
0
3182575
0
0
0
14783988
0
0
16451352
0
3958716
11610890
14682306
16376514
15544231
0
8490000
16185212
0
12167943
0
6682211
16562823
13577070
0
0
0
10268823
0
0
0
16631437
0
1911607
4517650
0
12841861
0
0
5455910
0
16703907
0
9133226
11360666
10633907
0
14784505
0
5823357
0
14522520
0
0
1055541
10134960
0
16713991
0
6981983
0
0
0
10366852
0
0
0
0
0
1927904
14771141
0
12778077
0
3577399
8725770
0
0
16486022
16565371
0
14664788
16631632
0
6723532
13777208
0
0
0
16620901
46
4251398
12848011
0
0
14960168
0
16452461
0
16518640
0
11879754
0
0
0
0
0
14559185
0
0
7499771
16191121
14172870
6434765
0
14050286
0
9535980
14405172
0
8881767
0
0
14309745
14094620
0
0
1737371
0
0
0
0
5696211
2346647
0
15583552
11490182
629
0
12250755
308777
7042977
13970112
0
4265089
0
0
0
5944471
15358795
15713863
16210364
0
16719616
0
0
0
15440297
4009203
0
2720266
0
4685557
7331995
0
0
9068369
13583933
11329129
0
0
7773351
12927901
15972988
10581284
48945
0
16694245
16317402
0
15420986
16618287
0
16199235
0
13253369
14521982
14597216
16324581
12301844
0
15370827
0
0
0
15188909
6431614
0
0
8068213
0
8336735
5569498
6118526
16079574
0
9175558
10399447
10551094
10115561
13671549
0
0
0
0
3119953
0
16127502
0
0
7589015
0
7620980
14914479
0
13328
0
0
14033005
0
0
0
0
0
13136904
5728320
0
0
0
0
0
9843160
1305689
0
0
0
0
0
0
0
0
15505683
1930226
0
4807910
0
0
0
5910166
11153260
0
0
0
13865537
0
13386832
0
0
0
527183
4984162
0
0
9156012
6501644
5182819
0
12787763
12168415
0
8248020
0
10588692
15060813
14437984
13231219
0
0
16507347
0
0
0
0
16698488
0
2766476
9625398
13540174
0
0
0
0
1009145
14957577
0
8355130
0
0
0
0
165376
14312918
0
0
12099576
0
14499938
0
14849736
9511232
0
12615530
13604153
15849599
15973517
0
14245134
0
16431904
8410871
4664635
0
0
16573567
95814
4550923
0
0
0
0
0
14467552
10193581
15718212
0
0
13088562
0
11566408
15270990
0
12709023
16680028
0
0
9516279
16085065
3274460
467856
15995047
16609675
13058411
13954671
7613143
11511969
0
12247506
618
10393063
3471433
5047152
5369443
0
11499668
2197269
16460719
0
3560490
0
0
0
0
14557099
11035053
77256
0
85627
0
0
0
0
8192768
0
7686414
9039953
10516700
14666653
0
0
8288996
14540187
6647253
13262994
10052898
0
13575301
8087868
0
0
0
0
0
6522787
16056748
0
2398918
0
4146707
15123466
15808719
4388010
9412939
0
0
4302369
135341
0
8009755
0
14787772
0
0
16462514
0
6309945
653739
0
11046757
15797080
3850288
0
0
0
0
0
0
0
0
12756886
0
0
0
0
0
0
4811040
0
0
0
0
16570874
0
16473729
4119179
11495298
6987317
0
13614784
0
0
0
0
0
16575744
0
0
0
8025452
0
0
13919150
0
0
12913129
7433030
0
298
15426240
12962249
10734248
15631584
0
16680176
5030339
12944103
14079727
0
0
13889067
0
0
0
1941064
6821026
2365803
13288733
14379869
0
0
0
6393174
0
8348677
15624167
0
16091018
0
13695959
0
0
5743839
6400682
16063153
0
0
0
0
0
11675638
266100
16792534
9679075
0
0
3169944
0
0
4264544
0
5694129
0
9426950
6530236
16664847
0
14921002
16824786
0
10661898
0
0
8498642
0
16442514
2590031
0
0
0
0
16307138
11982905
8796755
12741012
15172812
16599423
3753852
0
0
0
12007507
15000646
11070650
16135755
10970987
0
0
11481770
509755
0
0
14503890
0
0
1760202
16782606
0
12686438
10407033
0
12949253
0
0
0
0
16555231
11849619
0
14604604
2739467
0
0
14749910
0
10823137
14207081
0
0
15725954
0
13902122
16691775
11717514
0
14761371
16434919
1628517
7495012
0
0
7746421
0
0
0
14380639
4955907
0
2328776
0
9934725
0
355902
1218585
15585715
0
0
5703853
0
9434360
14779987
6437210
0
16672607
0
0
6008951
8080725
0
0
0
1347778
16800784
12926326
13396834
3770409
0
0
0
0
8241207
0
4794446
14818454
15613624
14853873
14376346
15500523
0
12730533
0
5911126
0
0
15666488
16217969
9653698
0
0
16549676
5426417
0
11081445
0
0
1766359
0
0
16736160
590
16069015
9817769
16353045
9289762
0
0
0
13993543
0
5204844
0
13073079
0
16273230
1774755
0
712
2807603
10870336
722391
0
13744857
0
175882
0
0
11145155
0
819
6998735
0
14017865
14837224
5899552
14428481
11208955
0
0
16877036
2443071
0
16279223
0
0
13948779
0
0
13873609
15957154
0
0
11906609
12578965
0
0
8781858
13739805
15734553
13684976
0
0
14092442
13723611
0
0
12310875
10419669
0
13109316
8121922
6330588
7465457
16471173
16942449
0
0
0
0
0
0
2070856
2144946
10946944
0
12203761
12470076
0
15014793
0
6811122
0
0
0
0
0
0
13319014
0
15983235
16474075
0
0
5734885
2839166
11288714
0
4955161
16116927
0
8046661
16470613
0
16419645
0
0
0
12846842
9019991
0
0
0
12543347
0
9084192
15337191
12871279
15560314
0
16525989
0
0
0
13810830
0
0
16664699
15966972
11963040
0
0
0
8032876
0
2349445
0
15029428
16238721
5615216
14773563
0
0
0
0
0
16724586
14401885
0
0
280044
0
4477157
13778228
7875888
212156
15974525
11698706
0
0
14151204
14564882
14687250
5438274
1150809
0
11971478
0
3938907
0
0
1150452
5886487
0
16294127
0
5313498
0
16292058
0
9151815
0
0
0
0
16582798
6576279
0
11393052
6633547
15130610
2818450
0
8650684
0
6618221
0
12110437
16943164
0
13831642
15828305
0
3606870
0
126
0
0
13489689
3767843
0
8900402
4554745
5351808
15776112
11459751
16023009
14423823
0
0
0
0
10943314
0
8094219
0
0
10215050
0
15966027
0
0
0
15393467
14406141
6070301
6738950
8454497
16151508
0
0
13883536
3577566
5563714
0
0
16367940
0
15290042
14229285
16908779
0
14168858
8214358
149
0
13597100
16380919
0
15023490
0
2351287
0
9735830
16485077
0
7487158
3928768
0
13527555
0
9525399
6645206
0
27932
0
0
0
6133356
8061133
5407405
0
16052348
12372477
1698195
15214373
0
0
0
8649915
0
0
0
0
16498863
7614048
0
0
0
0
0
0
14191835
0
0
11512866
9833670
0
1939299
4542749
0
16638586
0
6832102
0
7934944
12918751
0
16880755
11979511
0
16861555
0
0
14792310
0
0
0
8217171
0
0
13860485
0
0
0
0
15577107
6953338
0
14437309
14209225
15731963
0
4981064
7666104
13061294
0
2105799
10568470
16035942
15584174
13796004
0
15127197
0
0
11358016
0
260371
0
6346314
0
0
5310547
13689401
0
0
0
0
6903255
0
5154
0
0
0
0
14104453
7794043
1389468
0
0
5409109
16895170
8316715
0
16335193
14052272
5162909
15301137
0
0
0
719500
0
16958172
11638250
8435918
0
0
14545432
0
0
0
0
16809256
16332505
5912409
0
6074427
0
0
16083204
0
0
0
13208106
0
0
4558056
2768982
0
16991855
266313
14362671
0
16632621
8863317
12031744
0
0
16793610
12956373
0
0
0
4722590
0
0
0
0
1562246
0
8686050
13558995
8872008
15937544
5340672
0
0
8916033
16512077
3337732
12734806
16189214
0
0
8599823
15317276
0
14842496
0
0
10477976
13595250
2341089
10187864
9783834
5328151
16659813
0
7034488
0
0
8862687
10575264
0
0
0
16703859
12798486
16866694
15314190
15031940
0
0
2269447
12421978
0
0
0
16691307
54528
0
0
0
15373305
17050643
0
5246515
16790299
0
13363229
0
16727619
17042145
0
0
0
8600919
12535905
0
16317250
16803267
16244802
14058482
0
16932949
0
11660743
0
642110
8923800
13913989
13785222
0
15575043
0
598256
0
0
16243739
0
0
0
0
0
10296227
13420745
0
15578298
2122161
629241
7137831
16902434
854159
0
15769737
0
0
0
8133723
16876287
10471015
0
6752770
0
0
0
0
16527775
0
5764678
0
16196804
14865691
0
0
14872344
0
15518208
9576730
15205216
0
0
2308735
0
8177795
0
0
11989589
0
12852655
0
0
12436455
15559404
0
14134105
16684833
0
0
0
11965668
7732
10032436
16080743
15157574
16796158
0
0
0
338
16622519
0
191
16301186
0
0
0
510905
16583559
14668225
0
0
13649226
14745181
0
0
0
557425
0
0
0
13468906
14089670
6409551
0
0
0
15187675
0
0
0
12088889
0
10696350
0
0
0
11183127
4139009
15404715
6445679
0
16464087
15866818
0
14501484
5093715
0
16049276
0
11553267
0
0
0
0
0
11204429
0
0
16654276
103588
10704079
0
15403891
0
0
0
173
0
1203195
13703141
11457409
12259057
1593713
0
0
17008312
4615328
0
0
1849978
8916344
0
16512351
13220882
0
0
0
2810379
6048923
0
5889268
14272592
0
13800283
15216628
7892466
0
0
9063841
9403838
15193496
0
0
0
11148137
0
0
15489557
0
5812126
5236569
0
0
0
4497322
0
17072150
0
0
964
0
15339654
0
0
6163193
0
0
9421592
5877122
12443521
0
0
0
0
0
0
16213332
14788365
16202621
6291022
16781252
0
12289307
539
11192516
0
16753646
0
0
1570686
0
16786014
0
0
0
0
0
15210394
0
16597979
15264204
0
16396421
0
0
16970453
0
16432939
0
7447619
1066274
0
0
0
17065176
16091327
13800658
15209261
0
11636960
0
3242218
0
15973759
0
13354016
0
12114759
0
0
9860362
0
0
12242174
16480774
0
0
0
12913392
8397662
15215121
0
0
12504227
0
0
10057878
15823278
8912759
14043028
0
16858673
0
0
6473932
0
7522415
11451730
10892508
0
5882466
0
0
0
0
12951095
0
0
0
10199740
0
0
4155871
0
0
11295458
0
13160401
14413644
17082048
10146023
0
5812914
0
0
5898640
5364011
0
0
12128736
6596507
0
0
14965212
0
16864108
16316155
14464118
0
43765
16977019
8417002
8880266
0
9158125
14404648
0
16434770
11822274
0
7087818
3833722
0
0
0
6133594
0
8641614
5113177
0
0
0
0
12323022
0
5788397
0
0
11130991
6614484
13931701
3760153
0
12080450
6958948
0
0
0
5897913
12816512
12422619
11665505
15322532
13297332
14315626
0
0
14168387
0
0
0
16978586
10545989
0
968006
0
14723659
0
16270937
0
5794155
0
0
14727611
4158367
2537388
14011511
11126793
0
0
0
17103627
0
14658214
0
15418682
13309925
0
0
14625362
17133634
9893368
17086336
6978570
0
0
0
15024122
10063372
958935
16151078
0
12437505
0
0
13017957
0
5789891
0
0
0
0
0
0
6781189
2802278
0
4425445
1691393
0
0
1059444
0
0
0
0
0
12835514
12575859
11842429
13395315
0
0
0
0
2499948
0
14544991
0
0
0
8598352
5395030
0
16157610
0
0
13409595
510
730017
3903955
10656335
4642148
0
0
0
13492445
16003478
15592864
0
6030736
0
15578063
0
0
0
0
0
5831010
2797068
15164322
4751888
14967502
0
12791800
0
13473636
12879995
0
16064367
7142919
0
16960271
0
0
0
0
0
16627097
0
0
5850005
816363
948049
0
0
4227890
9044144
0
16177176
4397145
0
15605198
0
0
0
4626372
16166565
0
14374838
0
0
15545590
14608312
2436546
0
0
0
15757101
0
0
14094391
6930183
0
0
5878369
0
13704388
0
9248593
0
14438204
1893166
0
0
308883
0
0
11874916
0
13930084
10129282
17085600
0
5073837
0
0
15683342
10463960
0
4648305
0
11817384
0
0
0
8922763
0
13628264
11994080
7331032
2417440
654871
16857472
0
0
13773521
0
0
12297477
5490146
0
0
0
199431
8719379
0
15828190
13192706
15427746
16791459
0
16168403
8161534
5608135
0
12860380
13420654
0
0
0
10876682
17142457
10243037
15897308
0
13017346
17018468
0
14150137
0
0
2485579
0
14993998
0
0
17166738
746206
0
3762084
0
0
16702065
0
6531682
0
16797160
8450356
547073
0
0
0
16196380
0
9920837
0
0
0
13019182
16293428
24950
15500922
990
0
15432657
7421686
0
0
0
9834421
0
12534609
0
0
3804226
10492496
0
0
13772684
16158428
0
15858043
14133143
9552276
0
13856935
15345169
545
0
0
15441389
2987229
11871306
13022403
0
14211073
0
0
17004804
15693932
4121668
0
0
0
144242
0
5902094
0
0
8167702
0
10390151
13581375
16922291
5
0
0
533534
3015706
0
15369711
7555364
12446552
0
4261112
0
2112922
10646979
0
110180
6584765
9698391
16850436
0
0
0
1588956
8736323
17068368
0
15186459
17016750
0
531595
4961261
4813211
0
13904583
848107
0
0
0
0
15898743
0
9245867
0
0
15702283
0
0
0
6725387
15534052
0
0
0
16896830
0
6116497
0
0
0
14127068
12977455
13759097
8814090
0
10980175
0
0
14700488
0
16838920
0
0
9464175
12996304
16586974
0
5898900
8004030
10382131
5999049
871769
11568315
2793159
502058
0
0
17197480
14555490
1737894
0
16724598
17080877
9851666
0
9697387
0
0
3803689
15264865
0
0
9388210
0
0
16398429
1526867
0
17138991
0
0
14961990
0
0
15447888
0
10497140
17172687
0
3107588
0
13547046
9004763
9431937
0
17101752
1541023
0
0
107972
0
12657711
0
0
13427600
0
10751724
13577605
0
6280809
0
3419340
0
12941970
17214883
0
15403545
0
17134674
0
0
9484735
2332408
0
14301214
8516736
6227884
6594267
0
15474093
0
7144176
143374
0
0
14677910
0
0
14423680
2264225
0
0
0
0
0
979297
0
0
0
0
13546809
0
14569398
1097088
12774268
11387956
4622349
11029005
7042426
0
14960988
0
0
15337251
0
0
16737113
17271874
203424
13859833
0
0
703172
0
0
12956110
5209922
1813596
14042974
0
17243241
12694645
15010372
0
0
6590441
283
0
0
0
0
0
13409914
0
16553262
0
0
1780597
3051568
12432469
11677235
0
7844875
8631223
15497946
0
6506368
15209612
6671717
1086098
8592239
0
15390205
17042153
0
4169661
0
0
3964467
0
0
3330386
0
4423467
15658542
0
276464
16480547
0
0
6315733
15134244
0
16775350
12316476
0
0
6946163
3265670
0
0
1706640
0
0
10429115
0
0
0
0
15297841
7176896
16171688
0
0
6180497
0
0
0
0
16987272
0
0
0
17100276
17187831
0
0
719164
0
0
0
6012666
14693789
0
16069098
3445617
0
0
4309274
0
16637627
0
0
34068
15263569
6198670
0
16280374
10731037
0
15490380
0
0
16460618
0
2717154
17229749
0
14569117
10439929
15355246
10515109
15160594
5356554
15855816
13197146
15155043
0
15851364
6917087
0
14035913
7708492
13074189
0
0
0
0
0
2025035
0
0
15883657
13827200
0
16158995
0
0
0
10558853
15729821
4630871
0
14523137
13093203
15831362
9050935
0
0
11997478
0
9040903
0
16643411
0
26353
15134033
0
14203328
4466688
0
16271872
0
4775109
10364604
0
0
0
1877333
0
6425144
12370247
3409354
0
0
16448519
0
17210953
15519085
12701355
0
0
0
15163825
8180730
15715411
7805296
901366
0
15972051
16946053
15566735
0
0
3733989
2445232
0
0
0
687003
0
9546920
0
7514547
0
15537250
13819425
0
0
0
16922404
0
15503813
12314896
0
0
16643584
0
13526011
13920136
7332594
0
559
0
14862753
0
8318316
0
0
17073446
0
13605554
14798521
0
0
0
0
15049257
0
17132709
0
0
0
16809918
7857277
0
0
5868752
16572122
5572591
8849645
14040595
16296599
14586964
6209254
2589696
13481371
9521492
4358330
0
8351873
0
16358006
10366878
0
5566238
0
14270493
0
0
0
17294813
8844377
9175457
0
0
14213037
14951284
0
0
16553430
2694617
0
16997701
0
15857986
11560604
0
4191151
12512588
2392305
1527768
12480815
0
0
10914782
4289783
2792659
12275267
14402990
15836941
0
17353887
12745051
0
0
0
4848648
0
0
0
16054974
0
0
0
0
0
0
0
5502468
6386774
0
13328436
6882070
0
0
0
17172366
9172644
3787522
1523789
0
0
16934288
1920566
12703422
16207015
15337967
0
0
11735432
0
14643205
11247375
16880576
10459671
0
0
0
0
0
16833741
9772721
0
744870
9958528
0
0
0
3575420
11876055
3407311
0
0
16913346
14645355
17202668
0
5041821
0
14332189
0
0
0
0
0
0
0
0
0
0
9740785
12627986
0
1856550
17201742
0
7873677
0
5673171
16235341
0
2964329
12598082
14578080
17083869
8152382
0
11370970
0
0
6984333
9535622
0
13509796
0
0
0
17307549
3032423
0
165252
16202464
4962480
10740465
0
6046465
13389016
13391262
0
10868166
0
12520251
834896
13253983
79508
8588949
6485920
12536988
12525500
9541498
0
0
0
9016849
16845362
17344944
0
6554233
7768967
0
0
0
15993436
0
14747406
0
13852870
9094961
9802601
0
6715770
196
15764698
0
0
10714301
0
13439936
0
8132234
11119290
16665854
0
14408684
8495785
0
6496731
0
0
9996383
12361644
0
7990881
15720646
0
0
16593290
0
17261009
14987089
0
12519894
0
271251
0
6622660
0
0
8933250
0
15744289
4908898
17083942
4296190
0
0
0
0
0
14251683
0
0
0
3005780
0
0
0
0
0
0
11643734
16821450
0
0
11447233
0
1590103
5132111
0
13784932
0
0
9984567
0
14543093
14204887
15101823
16072163
0
1438686
7996161
11761750
0
1684339
0
0
14959169
0
0
0
0
17375066
0
14035890
7478780
0
12392952
15355878
0
10789282
13035992
0
10285963
17344873
0
10227192
0
0
11484518
0
14908322
15742580
0
7606122
14514671
0
0
0
0
0
8680464
0
0
0
0
0
8122995
0
0
13423808
0
3046024
12687880
0
0
0
16841481
0
4705560
0
2755056
0
0
15395294
15883436
0
0
750
0
0
8423662
0
0
0
0
0
0
14783986
10137170
17100320
0
1299933
0
1996755
614753
0
16958845
0
14212724
12693555
0
7986435
16871304
0
10965894
16322260
8162539
10454704
0
0
407103
17159859
7067501
0
7675832
0
12815079
13312236
10510231
14550698
911318
5572148
10358485
17113325
0
13410117
43
0
0
0
16931519
5756704
11920119
11367579
9348803
4231473
0
12864414
0
0
12181597
3918190
13420214
1184481
0
5101257
0
0
0
0
16976311
0
0
9691641
16791330
0
15755619
9274369
0
16428336
0
0
0
3385774
0
4361710
0
4927212
9413445
12727244
0
7235394
16142191
0
0
10330904
0
17366319
13060344
13491912
6835912
0
0
0
16859691
0
0
0
8362521
1616371
0
17318562
0
9524834
0
15373918
17457237
17410256
13705329
0
0
0
0
0
16620394
0
0
0
4133859
0
0
17213614
165079
0
0
0
15501031
0
14013192
6500545
0
0
4197016
16126369
10879374
4249571
0
14738313
15717580
0
14179860
15946439
6257458
2038391
0
6382451
0
14639169
0
17344778
0
1247235
0
0
9064695
6139003
0
0
17313518
0
8122800
6047515
0
14073868
11342761
5357856
10054330
15302001
16658896
0
9690847
16797054
14264755
0
0
3321913
0
14602381
0
17100476
0
16950738
0
0
0
0
0
13628444
16286540
12970146
0
4921387
11691282
0
0
0
10080680
0
11240667
1503087
11519687
1664289
0
386436
0
3797545
0
0
0
7247237
13787501
0
0
16466354
0
3172152
16503736
7953638
16224709
16231042
7530733
14295879
260371
16464054
8609700
0
17431296
11454697
0
17360038
0
1291455
16859664
0
812665
0
0
0
0
0
7627162
0
13729774
0
15281470
15214448
0
13261623
2572271
11923598
11053807
10803769
0
4948678
16599263
11617249
17323392
16564956
0
14702891
14012626
14210362
0
0
4154383
0
8130049
0
0
0
16026951
0
17365781
17157521
0
2053445
0
0
0
0
0
7009021
0
0
0
0
0
0
2327755
9634742
0
309214
0
0
11567755
0
15028960
16645783
10640847
0
0
0
0
0
3523323
0
6443863
6516357
3208687
0
0
0
15892361
0
0
12460857
238194
14277212
10361375
0
0
1139852
16028013
16128206
14469426
5623397
0
0
368716
3945286
0
3448210
6791936
0
14984816
0
4121799
0
16806449
17374246
14642487
15507332
10934374
0
0
0
16505755
16066145
16724869
0
0
15694331
16931176
15263959
9331544
6205926
0
0
9475583
2179975
2088574
5668822
32777
0
12598551
0
0
0
17147609
0
2548106
0
11622314
16767919
0
15287383
10597093
0
0
2984061
9524001
4900874
13507705
15866909
0
17263836
0
0
0
10548152
11495311
17334894
0
0
2184296
11617808
16574480
0
13858790
0
0
8106296
0
2153056
0
0
12307337
0
13293691
4724389
15422927
0
0
17191614
0
0
12940361
0
0
0
9849485
14974993
17417158
0
11833006
16976449
10077696
0
16197046
0
2398044
7136136
0
10186567
0
15725321
16697836
10898477
16157161
0
6748645
0
0
0
6468133
0
0
0
0
0
14315976
12687004
0
16631269
0
0
15882544
0
8458902
3967628
10230781
0
15645552
17161272
0
175612
9947523
14770772
16623474
0
13482769
0
0
8726624
0
8793796
0
0
11563449
7892922
0
11769979
0
0
17097042
0
10817042
0
15368893
4812486
0
316106
747995
9204350
0
0
0
0
17009401
0
0
0
0
2838955
0
0
15413257
633
0
17234786
8089708
1854443
17309540
13119725
15404108
10364363
0
11251738
17278857
0
0
6756723
17235972
0
16513729
7589144
572190
0
0
0
6278860
8637993
16743233
0
17538735
532
0
0
12904203
0
0
962459
15382106
0
1274122
0
0
15049399
0
8920963
0
0
14586583
0
0
0
9244684
4254494
0
0
17437820
9355216
0
0
0
16587102
0
8297468
10684299
11906712
0
0
0
8966542
4721955
15670439
14453953
986
3141925
9524448
0
1974022
0
0
17126800
0
0
12003364
0
16285661
0
0
0
0
12740390
17133553
0
6772365
0
0
0
9254060
0
0
0
0
7865385
0
16460255
16466063
0
7726660
17465089
1222756
0
26649
801
5598029
17080949
11363696
6594528
13302142
3279245
0
17372157
15675851
0
14952643
0
0
6527362
17358352
15304948
0
0
8464008
0
0
17539517
0
17352376
0
8338074
0
0
0
0
11602624
0
0
0
17339915
16793930
954650
0
0
2933403
9241837
0
15470339
0
0
0
0
12966041
0
4692738
0
0
8999436
0
16171882
780907
0
0
10744438
0
7024345
0
0
3507887
15889908
0
17337481
6190169
0
0
0
5336360
1425461
0
0
0
0
0
4950145
0
16600838
4901495
9164407
0
0
0
4542139
16039563
0
6528897
0
10824133
0
0
0
14164216
13734334
0
0
5991878
0
8046171
3282766
17207290
0
6005468
0
0
0
13829397
0
0
0
0
7903645
0
12484678
0
0
0
0
0
7233566
0
0
17014662
11770796
9142558
9013913
0
0
2633285
7334511
0
9475302
0
0
0
8424969
0
8521218
0
14008451
0
406939
0
11912971
536371
0
0
0
0
0
9003397
0
0
0
329614
13285503
14690386
0
17374515
0
0
17551842
0
0
0
4902650
0
0
0
16983778
0
15648959
1344651
15122349
0
13369450
0
2365266
0
15928407
12541332
0
12829955
2346746
3916697
0
16395912
0
6296787
0
16791580
16999804
16938778
0
0
0
14629273
0
5263140
0
0
14958811
13763884
0
14089230
14040261
0
0
0
0
0
0
10633943
0
11018488
15470895
0
0
14816737
0
0
0
762995
2947192
16055084
3771316
551
0
0
0
0
9462938
6237829
0
3379217
0
9707943
0
0
0
15948607
0
0
0
0
0
0
0
15547221
5309103
0
12255023
16287284
0
17172894
0
6125889
0
0
15432057
0
0
0
0
0
16272839
0
13776985
9469166
12783852
0
0
0
17465187
5767046
5506348
14136706
0
15925091
10299931
0
0
0
15825771
0
0
17544542
94
7914021
9268723
0
17028794
0
0
0
16106987
0
6786942
14933616
16728042
0
0
0
0
17304791
0
15929591
0
0
0
16930858
0
8931916
8594984
0
0
0
17624480
5394392
17050001
954568
15023201
0
0
0
14692838
0
0
0
0
0
17405768
0
10109302
17433299
0
13883579
0
8300699
9624722
11426741
16720668
0
5637347
17388972
5305219
0
17275360
15813084
16194173
3785219
6720374
16292163
16422207
947877
0
12653075
16429216
0
0
1085319
0
3592168
0
0
0
0
6964522
336037
11936912
0
0
0
0
0
0
12383775
17646548
4225483
12752457
5757145
0
11822018
15625662
0
13001169
0
14727606
16920190
17468797
0
4573247
0
0
290793
14913306
13001510
7342397
0
9467602
0
2080178
17051119
0
0
35147
17641475
2384490
15268785
17492607
0
16000977
15165171
12173156
0
0
16743871
13582555
0
15277381
0
16851530
8783827
0
17110376
0
14403664
0
6620656
2574012
0
15177480
0
1849541
0
0
3682295
0
15930115
7681522
17203132
0
0
17578585
1210410
0
5386114
15646905
0
0
0
0
3691208
5302886
0
17178833
16636187
0
1584816
15905026
0
0
0
0
14140473
870
17317570
17293476
0
8996218
0
1413552
7501141
14724163
4600087
9160107
17661617
0
11947041
15631534
924065
17084399
0
3699305
334362
3916697
17472112
0
1891163
0
1398573
3034496
0
16923653
17642270
0
17347139
440563
0
14744050
0
17425096
0
11558054
0
0
11129266
0
0
0
1294400
17111502
0
16429617
0
0
0
2259452
6253068
8994528
0
14407288
0
0
0
0
0
5089100
0
13645039
16284790
0
0
12840246
0
0
0
11584602
0
16428271
0
5865273
0
0
15007906
0
17410695
8776799
7242849
15844035
16504048
5390013
17561146
0
13580567
9840582
15960304
0
0
17427668
0
0
0
0
0
0
0
0
13492199
13020991
0
11486604
1524906
0
0
16360463
15777274
5320032
0
786473
0
15528017
13285876
0
15942681
0
14687736
12966238
11864288
16269614
0
0
16126738
0
15076123
0
3539671
17470484
6811526
0
10647527
16840786
0
3625219
2372940
0
0
0
0
15600406
16993787
10250925
9264244
0
11693305
15326613
11908845
0
10233532
1691241
0
12709706
16929245
0
0
0
14794173
0
0
17562292
12314064
0
0
0
14188083
0
2177407
0
10744527
0
0
0
0
0
0
3023328
0
384
0
15109184
0
1027555
12673417
0
0
0
4718492
0
17753139
2580739
4768866
10741155
0
12939269
0
0
0
14774835
0
0
717
0
0
0
0
17021717
15980041
5894414
8721709
0
0
0
17469540
0
0
12050143
17687036
0
5985506
0
0
11979913
0
17556207
0
0
7259247
0
0
11054882
15051261
0
7699324
17735401
3961721
17282842
0
15549992
0
0
0
0
2010508
4571094
11036193
0
0
0
0
0
289595
0
0
16362314
17242772
0
0
7820359
788042
0
8033541
16616029
0
0
8623980
0
17616748
5862816
0
0
6919532
11912891
1715157
4319936
17072321
0
0
10131148
0
17556965
0
0
8608846
0
0
0
4933011
0
13760459
1871409
0
0
13725307
0
0
0
0
0
0
0
0
0
17547973
818
0
10632024
16143013
0
5209663
0
12303588
9770620
0
0
0
15121154
0
13287158
0
0
14899644
5390896
7509747
0
600727
9900155
0
11580108
2669949
11556585
9346536
0
0
17482010
5410747
0
6350555
4024349
17718714
13107837
16044790
0
11702757
0
983
0
0
4098915
0
981
0
13303218
0
0
6958755
3272954
5863445
9915664
14479002
1912481
9859322
804629
0
17572139
0
17647209
2493474
0
10373227
0
0
0
0
0
17474763
0
9469862
12964116
0
0
766976
0
6572253
8153736
0
0
16796220
0
14923226
0
16248492
14978861
16300729
0
0
0
17105440
14348690
0
13991298
930
0
13512160
0
0
0
12534454
0
0
0
17265716
15845550
11601313
10418720
0
3631971
0
10208986
3955758
4236363
6649682
12267282
10491285
17581462
0
7372462
0
16953332
0
16809116
6013902
13772931
0
0
0
15200985
0
0
17432161
0
11700178
0
5269342
7701585
1346863
0
0
8901813
14647438
0
0
0
17293520
0
16299278
0
0
0
14577022
11168091
613156
2493770
2902497
17582238
16142191
16133887
0
9611538
0
1860575
15193433
0
0
2391631
17231588
0
3171768
0
16309558
0
480669
0
2865315
4585161
0
17751708
0
16488573
0
4099867
0
0
7302620
0
17465437
6515982
0
16559123
14692063
2834046
0
0
3299386
0
0
0
15853509
0
0
0
0
17332131
0
9785475
8408852
17713742
0
3057064
0
0
17741216
0
0
7606830
0
15630752
15656805
13489349
12960079
14113100
0
16920858
16950609
13555883
16107534
17633194
10709635
0
13114472
0
0
0
13123623
0
14516553
0
8574027
0
17565626
0
0
12350262
0
16952596
0
0
11811646
0
7219201
16956449
0
0
5936891
12886802
0
0
11446493
9585456
11640132
4994480
0
15270923
0
0
0
16388865
0
7788544
0
0
0
16097855
0
16259327
0
5289994
12360467
0
13446730
0
0
0
0
1923515
16938742
15251445
0
15581199
7229192
0
9623507
16846067
0
11024699
0
13455458
0
0
17424528
12739317
0
0
11559049
13539167
0
0
0
6857582
16603619
14915700
0
16093468
0
0
0
3481190
0
0
0
2790915
1663103
17199740
1310125
0
9255394
0
15392701
0
15203764
0
16961511
0
0
17651331
15961526
16644992
7386807
240645
17780087
0
0
17371331
16427763
0
5185016
0
4287063
0
0
0
0
0
7255973
16376269
0
0
0
0
0
17408207
11134449
16413051
0
0
0
17056417
0
11259145
0
0
5272899
12076110
0
0
0
1075001
0
11866504
6863035
0
0
1394371
0
0
5243475
16643302
12370493
0
0
2224194
13214172
2131386
1893263
17306263
1726934
12658473
13672459
0
15313278
3146462
13597735
0
0
15213340
4948675
12168057
0
16079877
0
0
1777936
2550224
16796336
0
0
0
0
1172237
0
0
15464834
0
15256708
13819559
0
10751019
0
11756405
6365985
7657665
2377654
0
0
16287636
11950632
15920967
0
0
0
14410749
1107789
0
13904824
0
14963653
3572571
15215625
11012764
0
2785605
3752044
0
0
0
7273610
0
13547875
5864158
17177660
17766049
1422777
5695641
0
17866036
16119736
0
0
0
0
0
6694288
0
1313525
0
0
14593764
0
0
0
0
0
13990137
0
6873743
10576321
0
9427930
16482673
0
0
2620131
13886436
3862990
0
6432992
0
0
2054752
16420973
0
0
16960066
1001457
10958021
14321220
3368948
0
70872
7627882
17672801
12874423
16583284
0
9987318
0
17752973
16908058
0
4011622
17551749
17631105
12925364
14561488
6847959
0
9198229
14395545
0
11319112
14395233
0
7870917
0
12951180
11644708
10262013
0
0
0
17379136
0
17377015
0
1772257
13050787
0
10685960
0
0
0
2756507
0
0
12617915
0
13566309
16369219
0
3912300
17768553
0
15476766
0
0
0
9542866
5416984
17499850
0
17694598
8175504
0
0
7812910
0
0
0
0
7145643
17522732
0
0
0
9445968
17779839
10848802
0
12743104
15948676
17167445
1971479
17739887
5376782
15598497
5298694
0
14497243
17802833
0
0
0
0
13691916
0
11054971
4993373
0
17874083
3491130
10629553
0
0
0
140473
16159170
0
0
1269719
0
0
0
2132599
17798391
17496505
0
0
15218745
0
0
8833372
17590035
517203
0
9438118
11637901
2333871
0
5623298
0
14975107
0
0
11805426
17574312
5716497
16940879
15745125
12715469
17881720
13454576
0
0
0
0
0
0
17409383
16810136
11567323
0
12738642
0
11600151
12758244
0
12157840
13662368
17735711
0
0
14406847
0
16254353
0
0
0
0
16968941
13019216
0
0
15099314
0
11355529
8902934
0
14771603
17929621
0
33592
0
0
0
0
11560420
15865984
16008662
14158208
11432849
0
8171685
0
0
17574815
0
0
0
0
0
0
0
3463054
0
0
0
0
1725689
0
0
0
11266980
16417142
13565820
0
15448823
0
13495689
17589776
15025452
371978
0
0
0
0
0
0
0
0
0
11920147
7903845
4768326
7077710
0
14513396
1639034
12211360
0
5103347
5185619
0
16744471
15156176
15447641
0
0
0
6736405
0
14836530
5683263
0
6081388
6361348
9672948
0
760
8874048
0
0
0
0
12766511
0
14236188
0
0
16953678
13597158
0
0
14108160
15075309
13044459
13141633
0
13386193
15828804
0
15205501
14219776
0
0
13641636
17561375
0
17343917
0
9440943
6209689
0
0
17370702
0
11019365
0
0
17591330
0
0
0
17637686
0
0
17267306
190687
0
0
17937856
17650430
0
192188
0
16983080
17423914
0
0
8945797
0
0
4581375
0
16028978
16338797
0
16615957
0
0
0
16078839
0
0
15328079
0
12522039
0
0
0
14402751
14402730
0
0
0
6325012
0
16956833
13165532
3473452
0
14399971
0
6701122
0
16245522
11658452
5710815
0
11067896
887599
0
0
17577484
16429374
17725702
0
0
9676115
14692671
0
0
0
9178445
0
1899780
0
17572387
17281408
12123972
10337590
0
17901702
0
17374561
6966131
12380485
0
0
14801147
0
16266975
7781034
14493865
7163614
15122672
0
0
0
11246046
0
17860488
0
15631005
0
13226321
0
0
0
0
16674665
0
0
0
0
2514067
0
16536310
0
16654202
0
0
13453861
10513041
14279068
0
0
1513442
13458104
0
16223473
17143879
0
0
552
0
0
0
17394645
0
6876326
5160264
0
8127816
0
0
5391539
16135807
0
14314216
11977540
0
0
5996273
0
0
16757717
0
17673398
0
7188584
11548843
17820508
0
0
16420860
16296937
10100832
3755136
0
0
5260700
0
1639443
0
0
0
0
0
0
2580396
0
8397524
15846517
0
17112464
0
0
16400017
0
17785651
0
14975440
14989216
0
7710560
16656154
0
0
5534571
17601606
0
13351923
13990962
3753857
7264067
0
17289330
0
8493617
17791661
4694971
0
0
0
16784554
0
0
0
13832362
17973163
0
9557804
17200797
6226716
17006535
2663237
17910148
0
7038948
1881908
5999047
0
16693276
13979087
17686945
13661462
17919698
2163388
0
11384666
14972394
16686608
0
10942244
4884182
0
0
11852497
18014744
0
0
0
13846501
16520404
6221
16567204
8177545
176273
0
7046575
8367740
17856627
8512069
0
0
0
17909879
12097969
0
7780792
0
0
8166996
13260183
0
0
10501242
0
0
0
0
10481533
0
13561632
0
527039
0
0
0
15712879
0
0
16813191
6612913
0
0
6665127
0
15152655
7159946
0
0
1119625
16029153
317545
0
14862505
0
15949271
0
17159730
0
0
0
0
12527427
1912865
0
11979195
0
14701393
0
17857534
0
0
14040050
0
0
0
5376713
0
0
0
1540307
11222110
0
15275404
15814764
0
0
0
0
9024513
0
6585109
0
951536
0
17326400
15353996
11736523
12691635
0
0
185866
14442257
11655630
17744075
0
0
7356768
0
0
15657495
0
1334904
5638663
5680695
0
17176101
0
648
0
0
4469985
0
0
683508
17974318
17231460
4377597
0
0
8308378
17897592
0
0
14732298
0
14212884
9552215
0
0
0
5017780
14342924
0
1790984
16371657
17909202
17322870
14851044
0
0
0
0
0
16387958
0
7170981
8061133
7272174
5050416
14628029
0
18048677
0
755311
5246692
0
16646817
14815303
6725373
0
8655637
11755273
17495426
3421707
13862641
6454412
14378611
13715192
11497824
12549823
16669484
0
15101390
17688267
0
0
0
0
0
3572500
9626335
0
0
0
3132857
17325357
4397719
186
6151509
16647827
0
0
0
2374709
0
16481854
0
16292233
0
17830782
0
16747060
0
0
0
9413338
9007932
14596881
0
0
0
14419859
0
0
0
5245251
17456050
17955729
0
0
3633185
1890058
0
16411394
0
0
16393608
0
0
0
0
16396557
0
0
0
7614105
0
0
0
0
3786488
0
9236380
15084071
0
17176493
0
0
0
0
16677132
0
0
17367502
0
0
12765213
12389080
5287851
17571062
0
2785090
13594564
0
0
0
0
11941401
282040
0
5678424
0
2425584
0
10461112
6429656
3903102
17715174
17368382
0
16373853
11205280
17159819
0
9231462
0
0
14895773
0
0
0
0
0
0
0
14913097
0
17484836
0
0
17757333
11885365
4080550
0
10936052
149239
0
0
7789226
0
0
16944954
3406980
161535
0
15371858
0
17986813
17707886
17668549
0
0
0
0
15814764
0
17597069
13832417
0
12062811
18071143
11960710
0
13738015
16875411
0
0
0
13449136
18022332
0
0
0
16488117
0
0
12548362
5022294
0
0
8118060
13360700
13562969
18050099
446
9741463
6448722
0
13079993
0
0
4178694
3623897
16252656
0
16288003
0
9571766
9235275
0
14892909
0
0
15660567
0
0
13864282
141496
11453296
0
0
151539
13458926
0
0
6719508
17156877
0
0
0
6525326
0
13796459
16065820
0
17828579
9470941
0
0
0
0
0
0
0
11858723
0
70005
0
0
0
13561662
17048141
17746297
15005489
0
6694536
17045006
10269242
0
14572699
14647156
2311215
0
17499696
0
0
0
0
0
0
0
5836820
0
13615473
0
4141210
0
0
0
14580391
16700626
0
8737444
0
0
5514190
0
0
13439889
0
0
0
0
0
497321
1982896
13767887
239208
12023212
0
7419607
0
0
0
7097900
15211829
0
0
12207885
17292695
220168
18008626
0
0
0
5657073
9157693
0
11075244
12715662
0
3018251
18164019
0
0
0
16393369
7386706
0
16363253
11171591
175
0
0
16646809
0
10483624
0
0
9921151
0
3018482
0
11088922
6559263
18028729
0
0
12021122
0
9959073
0
0
0
4058458
1892648
0
0
18192594
6537089
12528501
0
0
0
0
6107791
0
13329013
11125065
0
0
365
0
0
0
13123184
0
13448801
857095
14721635
16615360
0
0
0
16840564
10497006
0
15848875
8005396
0
0
0
15399619
0
0
0
3486985
0
18735
0
0
0
17243076
15375898
0
14576907
374517
682994
0
0
17673832
15232287
5544650
16804028
0
33625
14651031
15968112
185809
17571223
0
14970568
0
6771280
12309615
5003986
0
0
0
0
13196027
0
0
0
2144123
0
0
12023249
6950585
15240657
0
0
0
9382623
18009046
0
0
17327000
17826558
0
15816748
12713360
0
0
0
16888026
0
13261364
0
4403116
0
0
16937565
3135735
493655
10170988
14134188
17172268
14718890
0
0
0
749900
0
0
7851516
835824
15209269
0
13783891
16974261
9368467
15208161
14204508
0
0
16309531
17158472
6888800
0
12255758
0
7293776
12858993
8273761
1351613
3675145
13071907
16541568
17568647
10641118
0
17299330
18149374
5543573
15685134
3192410
17266505
0
0
16869528
4753226
11058880
16574861
4312881
0
0
10220543
12956699
6001631
0
13786170
0
11203473
16230120
18011904
16282754
0
0
0
0
0
0
3785572
3710931
0
16806239
0
748127
0
15065158
11032574
0
0
0
1084845
4403964
14989145
0
4144020
0
5329073
17951879
16
0
191
16489599
14934139
15260853
591
0
18173055
15374816
16499944
4836693
0
0
0
0
7288706
0
17586402
0
0
0
3664324
0
0
0
0
9624673
0
0
0
12525639
12128511
4416969
0
0
14162134
10357421
0
3980440
0
1240495
0
12375884
0
0
763803
0
7874034
0
10077714
17377276
13738348
0
15703406
3940667
0
0
0
12562279
0
17350280
0
9957166
0
0
17579458
14806413
0
7958315
0
0
10424877
4027736
0
0
2117626
2447080
0
0
5004640
0
12878517
0
0
0
0
0
0
0
0
0
0
8996241
0
10553262
11716024
0
0
14406642
16292678
0
0
0
9280403
11436928
13522548
0
0
18228991
0
0
0
3929785
6017172
17422065
17366302
0
6209191
0
16975424
0
27670
7572390
3637096
0
0
0
0
3493231
14279815
0
17861233
0
0
0
0
0
0
6918910
0
7053429
6771944
13229490
0
0
0
0
0
0
16402982
17857209
347814
0
0
17350337
16671855
13943455
14502298
15522048
5865681
18101500
0
15654458
8241754
0
0
13719432
0
8437588
12700674
0
13150682
0
0
0
0
14612256
1263993
11336192
4124699
0
15181245
17526906
0
0
0
0
0
754419
14329018
15708760
0
2144809
17700708
0
9490725
15150799
0
16161368
18064978
0
11041613
7106867
0
0
0
5162539
0
0
10807392
14961406
0
0
17717018
0
14426534
0
0
12398731
17687721
0
14649583
0
16240059
0
10239890
13836851
15255573
14414552
18053050
17428860
17967991
0
0
12985815
11221097
3172223
17451058
0
0
0
9196564
0
3940966
13563311
14737539
126750
13457543
0
0
0
0
0
0
0
8805971
10138762
13818635
4418884
0
0
2517886
10109488
0
0
18271421
10304646
0
0
17125624
4680098
8560810
0
15851589
16436106
2890574
0
17701958
0
10307011
0
0
15751887
0
997286
0
14380719
0
0
14020313
14288420
15516066
0
0
14680455
0
0
0
16697764
0
0
88521
18129485
6686743
16954353
0
0
16784472
0
909
11406546
0
14435958
17534808
0
13224202
9004695
0
0
0
17094824
0
0
0
16087254
7960639
0
13551543
0
17849525
0
0
0
0
0
17870902
1654735
17920483
0
12357425
1282148
0
14772613
0
4706421
13489230
0
2304605
6967027
0
5796982
9147393
7325791
9276053
0
6596362
10316959
0
16513285
17720440
7822091
13712768
480910
2178245
6108437
12440639
0
17779645
8307676
0
17327620
11736775
0
8242120
18225393
18204855
0
0
0
0
17491904
0
0
4382565
0
0
4421143
15736683
0
0
14122682
0
14869500
0
0
17566906
10002192
0
0
0
8657854
14319243
7712576
551172
0
921097
10623625
1845637
0
14238919
0
17956265
15185923
0
0
0
8767824
0
169401
9518825
0
11900673
0
0
0
0
0
15984315
17437830
0
15983465
0
0
0
0
0
6249135
0
17724106
0
0
0
0
0
0
8279646
5923372
13734732
7912782
0
0
13499525
11546776
10255722
0
16366454
0
12705009
17091163
0
18354087
6954389
15239306
0
9798847
17176041
4057875
0
11903119
15550518
0
13276006
10479956
0
17229267
13724647
18094034
7546607
0
8060182
13917216
0
17378450
11902587
0
308540
0
0
0
7149883
17449882
16535579
0
14794708
11206868
0
0
862489
0
14803531
0
10355080
18114454
12402981
0
0
3643934
0
0
0
0
0
16619502
17382565
15334934
0
0
0
16482256
15836913
18323333
0
0
135208
0
0
0
16581094
0
0
4156968
0
1700971
12447288
0
0
0
0
17068464
14921229
0
0
16064317
0
9397073
0
6184774
14446020
12198762
0
0
0
13320020
15087749
934478
7615930
0
17024401
10094718
0
0
0
18213436
3933181
0
0
299
6265279
17587994
15229032
0
2122864
0
16420353
16941006
16025067
12980354
9177700
3913859
0
130675
9386755
0
16268976
18310726
0
6466546
14905816
17440803
0
3576921
10579469
0
0
11228207
17155303
18285807
16663922
17979152
0
0
0
14470647
11072119
12645388
0
15622483
0
10374526
0
18155694
0
0
9913582
0
17996779
12525060
17907216
11053483
0
15678807
0
0
0
8470879
15333708
0
16131829
18256326
16601067
14089480
6154189
0
7854048
18091707
0
0
0
0
7623784
8901566
0
14985768
9357967
15157044
0
14145630
753619
3944489
16501328
0
0
0
12368778
413001
14060705
0
0
16756204
15246908
17460842
0
8431282
12162101
0
0
6102854
700988
454
5506506
18360369
15818980
17398340
0
17699769
0
0
4104388
0
0
717
0
0
0
0
15545411
17775572
0
2939197
0
15485361
18059479
1857742
0
6180096
1585733
18059983
0
15339951
0
0
0
17991551
6830603
17520405
0
0
0
17658705
0
0
13392036
18243959
0
18136402
16364420
0
18113845
0
7480969
11128919
18179096
4104672
0
18381846
11479714
0
0
0
0
0
0
0
3657746
0
0
6267747
0
0
2566017
0
17327698
0
0
16998529
17573464
0
0
0
0
0
0
6463518
0
7063643
360227
0
0
0
0
0
0
16823537
0
17348091
9079030
17716759
7738498
5522381
0
0
0
328034
0
0
7900389
14888202
12069656
0
8699072
0
0
18337884
0
0
0
0
6345064
0
17350166
11890118
0
18075395
14745253
0
8280547
16173682
0
0
7870917
0
0
1373445
7447563
12789732
0
8480826
0
16624672
16765457
0
15943378
0
15385975
0
18292485
13893875
0
10241671
11241740
15288804
0
18163400
18083421
0
11697118
0
0
0
0
376595
0
0
0
2806186
18157233
0
8648226
14832766
18117366
0
14753242
12792858
3172722
4952423
13600253
0
6185883
12875249
14075291
18269546
15655460
0
0
12413753
0
12948071
15135459
0
0
0
0
0
0
7984429
0
6746404
0
16909168
0
17075071
0
0
14956464
0
11054963
0
17117640
7697112
557420
0
3745981
6847398
0
0
11838063
8471774
11069354
17836090
13045056
0
0
0
0
3826036
0
18041708
16445378
0
7728077
0
10725540
0
832521
4905930
6445919
16150567
13026007
0
16628351
18365286
0
13826672
2965420
0
456660
0
17133571
3236477
0
18277337
0
0
0
18429441
17452697
14566678
17155018
0
12543888
0
0
6860704
0
0
4817299
7802417
0
6230095
0
0
9597891
0
48545
0
18508353
3736524
0
2258620
0
0
0
0
0
0
16410783
14254957
0
0
14933734
16746311
4146798
0
17442781
9101280
6784098
0
0
0
0
3064361
0
8239161
0
0
0
16454137
18471319
0
0
15758190
0
164261
17140806
18281802
0
14176663
16123882
0
9504628
0
0
0
0
8354785
959292
16879241
17854916
5969539
387863
0
0
0
16994549
14391634
0
0
18488136
0
0
0
0
5364468
17169075
0
957641
18474593
0
8460348
0
12168858
9918428
16394323
17117687
13667939
15913169
0
0
18054535
0
0
0
0
0
17873346
16499666
14838690
0
4046968
0
560539
0
0
0
17195475
0
0
0
2435717
1669358
4174125
6474714
18302763
0
0
0
9381231
10640230
18213032
0
0
13968816
0
0
16996308
13454932
14349644
0
0
0
0
15219941
0
0
0
17131652
15285270
0
11621754
12669567
0
0
18125472
15294120
0
0
0
18202889
0
0
0
7298038
0
0
16474373
5438510
0
0
0
0
0
0
0
8729417
0
12216248
0
0
0
0
0
14514229
0
18468135
0
18266700
0
0
0
0
7834157
2437017
9414227
0
0
0
0
383968
0
11061872
13843679
0
0
13849724
8551141
2064915
0
5999700
18347227
4009163
0
1687255
7567595
13630079
0
0
16338402
18492338
0
11572287
0
13098268
0
13677224
0
0
0
0
0
18237348
16667427
0
2623240
1480650
12277751
0
0
0
251238
0
15342981
3694250
12437501
17924187
0
0
0
18336325
0
0
0
5050994
11563333
597776
17520632
13519456
1088672
0
16372155
8940625
17114578
8656645
0
0
11201846
0
0
0
18016600
0
0
16985376
0
14979058
0
0
18367923
3493183
16848102
0
2198335
17132000
13002068
0
0
17980466
499876
0
0
3712256
15342528
0
7092254
18538197
17018827
0
0
0
483090
3895258
0
11352701
12169335
0
3076290
3940077
0
6857789
0
18415292
11291468
0
72263
0
5585174
1507351
17955478
0
14594287
0
0
18025719
5124755
7989693
0
0
0
7625
17310456
16558708
8952853
0
15798468
0
0
0
0
0
13185751
2780635
0
17802155
18342530
18508291
9095037
18011470
15273236
0
0
14368854
0
0
0
9520114
18325601
0
0
0
7550408
2972060
0
14662744
0
17654922
0
16268540
0
12784399
0
0
0
0
0
3797407
0
0
0
0
13336675
0
17866849
12793720
12907787
4100140
7271401
3686391
10267617
0
0
0
18173081
0
11305447
0
17448894
800087
0
18135392
0
0
15343227
0
0
6949472
17422833
9937946
0
18573220
0
0
0
0
0
0
16565615
0
15674947
15090794
0
4388569
0
0
0
0
6612124
7839963
0
7845327
15075355
0
0
0
0
0
0
0
0
16911731
2144559
0
0
0
0
5714039
6029944
11240022
5970858
14744281
0
0
18401612
18291596
10667713
0
13286224
0
17803292
9710887
0
0
18555717
0
0
15596990
0
5409109
8843376
0
18552048
16398017
0
14602130
0
5818534
0
0
16807552
15683841
10329235
0
3363580
0
13337655
0
0
0
17541834
12088208
0
0
17598148
15662425
0
0
2715777
17893790
0
0
0
0
0
0
0
18526708
12063327
14549618
0
14073843
10128514
0
0
16668763
0
0
7010416
0
11569079
0
6168495
0
16202944
0
18538908
18567393
0
17999597
6523582
16328372
0
12017925
0
12009840
0
16032961
0
0
11405510
11060617
0
0
0
0
0
0
13945165
0
0
9948065
12455692
6632797
0
0
0
18266063
17599380
16503011
0
4527552
0
0
6934346
0
18579682
3689500
18101566
6775016
0
2900569
14058208
0
14504416
1475096
0
15033933
0
7818329
12643755
6202785
7545871
4097211
0
0
0
17092288
17761786
3205132
1430078
0
0
0
1288363
0
0
0
7982999
0
18421825
10849311
5722711
0
17006184
18621309
12026559
12961691
0
0
0
18104610
0
0
14541314
0
0
18285466
17133611
8245519
0
0
10799057
17190959
0
0
15946079
0
8028262
3926477
17611356
674086
0
0
0
0
11553310
0
18463838
0
5127376
0
0
12796248
12210273
0
0
0
17203795
0
0
17660827
0
9015545
0
0
0
0
18652573
3356966
1234192
0
0
0
0
16634387
16998758
0
0
6943835
0
0
18041466
0
17232233
11175151
7377180
11020728
15592869
0
18259889
0
0
0
0
0
14252132
0
0
3758492
0
0
0
0
8546907
18550152
0
1025932
0
5834554
0
14744222
18111470
18450141
17925683
5697961
18224604
0
0
0
17718678
0
5658134
0
0
0
0
3102705
6777790
7231475
0
17123412
0
0
0
0
8917895
0
10965741
11134190
17640005
0
7123575
15772781
10932913
0
12806117
12121455
0
5606726
0
9516280
17016558
0
0
0
11030304
17904989
92
0
508
16823811
0
0
0
0
0
10579768
0
2424608
0
0
0
0
0
0
1785032
0
0
0
0
3815690
0
11066729
16471829
0
0
0
18590732
0
0
0
0
0
18422980
0
200679
0
9717318
0
0
0
437322
6216023
0
0
0
17994000
0
5588357
9995734
0
0
0
11475470
18251911
0
1288156
3830796
746657
0
17872296
0
0
18626607
17990829
10654220
4713025
13047968
0
10399583
11132236
2595463
17617638
0
1651432
10305412
0
0
18087329
15543624
0
5466611
0
7018559
10540744
0
12007415
18456339
0
0
0
18631030
0
0
0
11717279
5197200
9768586
9511677
18305793
0
0
8617411
18709465
13696520
0
730465
18282545
9626242
0
17592666
0
2469025
0
6926315
0
12017783
0
14417186
4763297
0
191934
3854624
16895435
0
0
0
0
0
0
1311654
0
12005092
14123827
0
0
0
13126118
10782770
17387375
0
0
0
0
0
13375814
0
0
0
0
0
1166923
0
8352994
13730937
13713447
0
0
8397524
0
5300013
965
18199302
9405276
18639431
6966811
0
11018767
17772661
10305320
0
0
0
18679948
0
0
0
15024819
0
3080727
8830612
9074382
0
11622617
0
15933136
2457025
2460249
0
2084542
8812422
15796263
0
0
0
0
10561248
0
0
13811822
12088868
0
18102496
0
0
17782571
18388988
0
18639300
0
4578659
11456674
0
522
15736615
6311470
0
17427124
0
0
17081050
12008007
0
0
18247729
13633151
8097957
9173005
18470916
0
8641201
0
16856049
14638105
0
0
0
0
18601291
0
13374339
18135305
0
5753343
0
14938660
12852888
7568418
623316
252111
15928438
71338
11972612
15259695
7640745
0
11279548
3640499
6084726
0
17289893
0
12761529
0
0
0
0
11848211
17994830
5958182
0
18567598
52052
0
2893265
0
0
16834423
0
0
8356566
0
0
0
0
18677005
12110086
0
0
4385070
0
0
0
18326951
0
18279111
18341930
17118078
0
3543061
17946600
15446245
0
0
0
5469751
5414748
0
17443134
7514481
0
4364217
0
18123280
16584343
11322744
0
0
0
18397065
0
18716582
10373109
11272008
0
0
13495142
16425116
12761947
0
0
0
17335004
0
15099923
11429820
18210648
4557893
14164949
0
0
18700081
0
18272476
11304259
0
0
12443590
0
0
18748751
0
10199576
0
7536181
11642266
0
0
0
136822
0
8926192
0
0
0
0
16419130
0
17374913
0
12449828
0
15390052
0
0
0
0
13236097
0
13278924
4096463
1704988
0
13621572
0
0
12382052
17959266
0
0
0
17245915
0
15168503
0
5889842
1017
1563801
0
0
0
0
4769237
4245570
0
4067355
0
0
0
7358065
15375
0
1356571
0
0
0
0
18691638
16071735
3816827
14352851
16354531
0
18334582
15028313
0
2879656
0
0
0
0
0
17324480
0
16905777
4409575
0
7223437
508867
12822152
0
3557898
0
0
17886286
0
12447039
4941527
704541
0
2212919
18085071
0
0
17054215
0
0
16722732
7286500
0
0
5861658
17140209
13887082
0
0
16652009
0
0
13581406
0
6874239
13395132
11719496
0
0
0
14489336
0
17899892
729843
18050690
2717958
7291708
11639457
0
10241971
0
0
1101205
0
388702
0
911345
16394953
0
11084249
8894685
18798329
0
0
8042465
17311069
17994145
8650091
17035452
0
0
12376015
17322210
0
17016012
9794806
4574739
0
18152129
0
13845532
11915274
0
13597791
2382369
0
0
15437191
0
0
18382787
0
0
3392856
12566023
17862220
0
0
0
0
18663200
0
0
15426364
0
0
0
0
0
18777944
0
2035118
0
0
0
0
0
18211361
0
0
11376815
0
12824450
1681803
0
17532263
0
0
0
18543459
16187777
18051436
14675247
17723065
6297292
0
0
0
0
0
6623707
0
0
0
10451109
7034677
0
0
15137666
16869308
17894565
0
0
0
0
4622259
0
18712342
14660209
0
0
0
0
0
4575552
17300615
0
0
16869858
17865897
17518735
0
9839386
0
8341661
0
17798309
0
0
0
0
0
13013336
0
15225609
0
18564333
1030660
15610418
5054847
7915842
15495669
12204592
0
0
18193438
11570186
0
10537440
17724743
0
0
5395870
0
6454597
0
2682551
4497448
337392
0
0
16874396
5428424
12197589
0
11213522
0
12085345
18774676
0
0
4288521
0
0
0
0
0
15484941
18131876
0
14623922
0
16134555
18345008
0
18774473
14097409
0
0
8041050
0
0
493005
6318874
0
17320349
7305773
3744753
13556024
0
13664665
0
0
18820767
17936861
18267337
0
0
0
0
12031469
0
6914411
0
807694
0
15717728
0
14024632
0
0
8331944
0
0
0
10825705
2103857
8064313
10436904
12222725
13001378
16713559
0
18763223
0
9124421
3744994
0
18442421
12778249
12910297
0
18652321
0
0
18651251
0
5300396
15780497
0
0
0
0
2606812
0
0
11017968
10437913
18656841
14745165
0
0
15059442
9600351
0
0
18862604
17734275
0
0
0
8380094
6745386
9649699
18283982
0
7030942
0
0
0
0
6742730
16902539
0
0
0
1540593
0
16206329
0
0
13565961
0
18320098
0
0
0
13337926
7950325
0
9843878
0
0
0
17014167
0
0
10735661
0
4886697
18527661
14838690
0
0
0
0
0
0
5013478
0
0
16096174
9435426
0
2511531
0
17106091
8491392
0
0
0
2166325
15727181
0
130652
0
0
0
18818614
17675385
15967069
14975114
0
12968244
0
15866339
16646288
16328843
6989826
0
9505840
9978538
10620453
2432432
11736590
6687204
16143710
5149350
0
147115
6057147
0
0
0
284200
0
12472096
0
0
0
16153864
0
0
16345616
18782267
0
15643369
0
0
3179309
16993539
0
16234439
9457320
18548449
18760126
10447575
15776888
0
18894747
4133329
0
0
18156254
0
6437526
0
0
0
0
13694093
0
0
0
15471591
936814
18049036
16698911
16135951
16815679
0
18686668
15164827
2587915
0
0
17209963
0
0
0
0
0
9694553
14842782
12665309
0
0
0
17592493
0
7724793
0
135359
17338298
18325205
18332302
9467216
18110577
5375852
0
17448463
0
1744784
15112014
9809989
16096438
0
0
0
7707283
14212609
0
0
12847561
7965953
0
10546441
488430
0
2707732
0
0
0
13191802
9475621
18758750
0
4098013
17337335
0
18048572
0
17553145
15272908
18253015
16383970
0
13573919
12710921
0
18822559
18505712
17860768
3176508
0
0
12802909
7087389
0
17735177
10890081
8227834
9714263
0
0
4456223
15326797
46441
0
0
0
0
16701838
0
0
1213554
0
0
0
15865584
16206082
14252700
0
10559216
0
0
0
0
14068622
8877516
3093404
0
0
0
3659730
18267578
0
5457898
13346101
9211807
12948574
0
17536286
14401275
18304359
10533823
12522996
0
0
0
5850673
9693112
0
0
0
0
0
1280738
17873749
0
0
7441061
0
14403747
0
0
0
17522987
0
3531552
2741313
12183960
4348789
18683676
0
9878910
0
1796681
0
0
0
11384787
14544403
0
878
15509605
18817586
0
0
13413352
0
0
8795694
0
0
15629443
0
15013295
0
15220240
0
0
13256781
0
0
16880150
1584924
16738177
0
0
4625258
0
0
14889852
0
0
18659263
0
0
0
0
15601869
4318192
9198475
0
9028069
17857426
8350434
0
0
0
0
10996515
16649301
0
10180095
16106788
10954021
0
0
16662841
0
8416911
5791162
0
0
0
12670595
12424141
18928260
0
0
15079136
0
12013358
0
6347885
15439494
0
0
0
18038300
17040337
87
0
0
0
14476820
4960033
0
13557444
17768555
0
312195
14154288
0
17077465
18390064
0
15754911
17860316
0
0
0
12477160
0
0
0
0
17728046
0
18837280
0
0
0
263625
0
10147027
723234
0
6121884
434438
15310676
0
0
18964189
11185412
18701020
0
4924390
12771321
16576902
0
7980016
16232396
8309870
12427212
0
0
18842714
18684293
0
0
0
17835307
0
0
16097970
0
0
0
10394343
0
10250624
9960429
9833800
0
5244561
7209017
0
0
0
13905147
0
0
0
14989670
0
4921191
5623460
0
0
18365832
0
18114209
18070267
18816204
18121250
0
0
18343516
0
0
17392783
0
2712460
0
0
0
18742400
0
10132484
0
5239946
15833941
0
4431928
3112178
0
0
0
0
0
16345584
2834323
471164
18191103
0
18625298
12142283
705065
0
0
2660880
2199216
0
0
0
0
0
1294465
8798218
1984217
18743356
0
10125354
18579199
0
11752740
0
0
0
0
0
10169939
14372082
0
0
0
0
16359503
6322631
0
18460131
16880329
172386
0
0
0
18190463
0
9589361
0
7014494
9706853
0
0
0
9354211
11367026
3589460
13892230
18607042
0
14190652
1517018
18070759
0
0
18682249
0
0
9454054
17451842
17470354
4192868
0
12350237
0
0
14735674
9720563
0
5721712
3844080
12197452
5882068
16562504
0
13546079
365178
0
16576635
18861439
16452809
0
18908902
0
18220662
14480161
18192883
0
9768829
0
0
2678944
0
0
13663464
0
0
18636858
791254
0
0
0
14408067
1524603
0
0
17586124
10950980
8129924
0
17093892
0
0
0
9990122
9060218
12045770
13618987
11971157
17718684
0
0
0
0
0
9569780
8376702
17689825
0
0
0
0
0
0
0
1474275
7138318
13298829
0
0
0
0
0
226577
0
3519016
0
801047
0
0
0
17514270
3382766
18378381
18915633
0
14107321
6753607
16845503
7265698
0
18378580
0
0
13853536
6177459
0
1315389
23486
10701651
0
0
40520
0
11603122
0
14522008
3068592
16134354
18921325
18169112
15364567
0
18379929
18527848
0
14874896
2431418
0
16541889
11459892
18810028
15430769
0
0
0
0
17834543
3688033
3540506
0
0
0
19046943
7406840
16155768
9720400
0
4458874
0
0
13895943
0
0
0
12133843
0
15192337
0
14363034
0
0
7851232
0
3744909
0
1892085
0
16812008
7509071
0
16805435
0
17196872
0
0
0
15282308
0
2159430
0
10712759
13376997
17656477
0
0
8961355
0
0
0
0
0
15231314
0
18496552
0
0
0
16210819
0
0
16627507
0
18788260
0
15419900
0
0
79245
1461319
0
15566082
12043131
0
11407435
18739120
19078596
0
13641021
5397146
0
0
0
15594108
0
6137632
0
0
18682071
0
0
3473665
0
13077923
15742086
0
10686510
18882971
0
16593118
0
18244451
220064
0
16714922
5113586
0
0
18579333
0
664
0
375012
0
14337912
0
6286718
18755518
0
10450678
0
0
0
0
18431525
0
0
8160460
15961360
0
0
16758007
0
0
10021804
8008642
17087433
18708969
17676982
0
0
0
0
0
0
0
8522543
0
0
16421419
0
8361645
16235011
0
0
0
18098129
4879391
0
11501173
10235954
0
0
0
0
0
7906024
0
18162091
18967945
0
0
16059108
0
10053893
2951241
19039403
0
0
0
0
0
0
17305292
17232054
0
0
4096819
0
18985474
17020846
0
10892961
796249
15261909
2548027
0
0
0
8393430
15331107
0
0
16366139
8667165
15432346
13719194
18664927
13951501
0
18872499
0
0
0
0
18672838
0
0
0
0
0
0
18957174
18304760
15740615
0
623522
0
0
0
18741475
0
0
16528541
18857453
18879993
0
18860891
18504162
0
0
10207732
0
0
0
14633532
0
17727136
0
18955764
0
0
0
0
5665304
0
309906
0
9173244
0
0
0
16990256
0
15412188
0
0
15821571
3493760
0
18312365
0
0
0
0
0
0
0
0
5243874
18667352
0
6912036
0
8296173
0
0
0
16630980
18816745
0
15281415
1279629
12744622
8630565
0
12734134
0
0
16938921
0
11376584
3285825
0
6127008
2029418
0
0
0
9417842
10818340
0
0
18551997
19097801
12808349
0
18211327
17224941
0
11891301
0
684482
17446808
14137463
0
0
13672273
0
0
0
0
9940405
22644
10559168
0
10480976
0
5808974
0
0
14547563
76914
12101318
0
15485507
0
17534999
0
13945042
17558853
2503157
11482111
14446863
0
11739010
13760046
0
0
0
9278920
0
0
0
10658075
424037
0
0
11479540
1577719
0
0
0
3217139
0
15145932
0
0
16864069
13576264
0
0
16961839
16931380
18504903
0
17944439
18953078
9013632
0
0
13018293
9487042
0
8099268
0
0
0
0
200949
19015355
3794463
0
8626736
0
18003215
18799271
0
0
10556770
0
11607570
0
0
7972767
9148665
0
14645462
6650346
18802476
0
0
0
0
0
13861014
7253120
9218714
15203125
0
0
0
7098612
0
0
0
0
0
16243813
9842465
0
0
0
19040294
0
10562291
0
5401156
9232596
12051461
0
18268790
14107884
0
0
7228906
0
16481909
0
15064865
0
935286
0
0
13851722
18750467
0
0
19033461
4987443
0
0
16464924
0
0
8154593
0
8834103
13296694
0
0
0
9222851
0
1316405
0
0
0
0
0
11000628
4972900
0
0
15853734
0
0
0
0
62985
0
17098470
0
0
360950
15714872
0
0
18014230
0
0
0
14037263
0
3711850
18617278
6144648
0
18283219
0
3651349
0
0
0
0
0
18858581
0
0
14304814
18193873
0
19147628
10182104
0
0
0
0
2992171
0
7052021
14692090
0
0
3201
0
9100119
12245562
0
0
0
0
0
16812050
13022136
0
0
11041101
7441116
0
0
18301899
18860160
0
0
8871452
9814836
18207506
0
55646
0
16358136
18752111
18523440
0
185862
18126410
4829823
17364253
5123874
0
0
4082205
0
0
17366646
0
5666977
12506940
0
0
0
8939091
0
8309643
0
0
0
0
994190
0
19147251
16310672
11663980
9604861
18763957
18688875
16384884
0
0
0
12947783
0
11164862
15274798
14050431
7679923
14828451
15087565
0
19034742
16018028
0
0
19082284
0
18524939
18904444
0
16138095
9671562
0
0
0
0
13625047
0
0
687
0
15750861
0
937166
16152999
11636820
0
6765536
9105066
2698266
14408067
18861802
4958243
0
15345992
0
0
0
14258468
0
0
0
0
0
18677809
14594729
9427775
17497608
0
0
0
6672575
18566689
0
0
13582319
0
10776526
15203718
0
0
17868909
6590494
0
0
0
7907696
0
19196872
12369021
442068
0
18427670
17131803
0
16044163
15661101
17939840
12436759
14808725
18812714
0
0
16361828
0
5952936
10133459
0
14049780
0
0
0
0
8836719
0
0
0
0
0
0
19220651
17554319
10154022
15084514
1137104
0
3763216
0
0
0
0
0
16523868
4792693
0
18680009
0
0
0
0
0
4877165
17862981
18756731
18572300
0
13649444
0
0
0
0
0
0
14048677
18923220
562465
0
8532892
3628240
18822972
0
6600021
12067774
8381368
17022046
0
0
11959876
18902662
5620986
4599809
0
8121648
7154971
0
39853
0
0
0
0
0
9890566
0
0
6404960
750
0
11271638
0
15181220
0
16303040
12048724
36338
0
0
0
0
19225117
18885649
18890316
0
14763262
19229358
0
17276438
0
15334597
0
0
0
0
0
0
0
0
0
5961469
0
9431605
2526568
17369967
7969045
12299442
9827621
6104061
17295815
3261224
0
16115922
0
18676748
0
0
0
60422
0
17677107
16206629
17802769
17451176
8298272
13466122
16706069
910523
16291383
0
15416339
0
0
0
14045640
0
0
0
12797006
0
17903225
0
0
7570791
17183098
0
17601627
0
2997167
10880296
3727882
18948946
15403615
12484245
0
0
0
0
0
13383454
1151500
0
3396483
0
0
0
0
0
0
4015734
0
0
0
0
0
18848922
11767588
17053180
0
0
0
17746242
14034817
0
8283538
3490837
3637119
0
0
19098760
12813436
0
0
16567111
3822118
0
6702280
12209778
11657687
11856585
0
0
19223784
0
0
0
18761432
0
15627697
5858116
12516443
4273781
0
0
0
35187
16831868
17174834
9380937
18804360
17245549
18070360
8835591
15814005
18293399
0
18174482
7379242
0
12758220
18816370
18907745
0
0
428255
0
0
3180899
0
14739373
18935028
7344132
0
14845528
18868022
0
0
9986808
19258676
1939409
0
0
8443968
0
0
0
0
0
5509332
0
6780774
0
4832488
17781666
0
0
0
13037259
4878150
0
11272793
0
1341127
11490408
5187921
96832
12384592
0
0
8953528
0
17496330
15880295
10109402
0
0
19116780
277580
15274841
0
4727550
0
2469
19144879
6366729
0
14020575
0
15920307
8737534
19150507
0
18999710
0
17588445
0
8727531
0
16792021
0
6168435
0
0
11706714
18925213
16320479
19115944
17157709
1056596
0
13409251
11197600
1101507
5509332
0
0
0
0
0
0
0
0
7658568
0
0
0
18555684
0
10723079
12802712
726
0
0
0
9026125
0
0
0
0
0
17175719
0
0
18448887
0
0
16998397
16025336
0
0
1334203
18257389
0
0
19175858
0
0
19234032
19345920
18535383
834337
0
18648427
0
19190455
14394632
12425505
4705488
19292652
12228812
2686798
15952489
0
0
15474147
0
1063252
0
13494802
0
19158390
0
13684874
0
2072276
0
0
16859381
9176595
0
9600814
18540066
0
0
0
0
1428281
2022180
3265472
18172968
440071
19195297
11706039
0
15484208
7282143
13129527
0
0
14632371
0
0
14663894
0
0
0
11636836
8424200
172518
3563417
0
0
3347011
13045079
14411559
4655147
0
15456793
15495909
1925100
0
1475785
13644595
14404589
0
0
18911621
0
5988000
0
2048055
9234114
13365016
0
7699236
6571700
11241177
0
9750609
19292871
4082926
17075986
2028607
12534454
0
0
0
12001628
0
13344779
16559117
0
633065
0
11591462
12314091
0
0
0
10314025
1270276
8630660
9725942
19160995
0
5826800
0
0
0
18274637
1363260
0
16599637
0
9381136
0
9159208
861220
19159340
7550855
0
7880450
0
6692467
18937726
15476226
0
18805745
17242990
0
14480653
0
14355564
0
0
14523064
0
19056567
0
0
0
7063121
0
18053062
14192040
0
0
15885282
5568182
0
0
13305414
0
0
14596903
7429282
195690
0
0
0
0
0
2111089
0
10739640
2397053
14958394
69530
591213
15265628
19086960
0
0
0
19245662
0
17701479
15061079
6693998
0
0
0
7722337
0
0
204644
0
5983682
19242114
0
0
0
2750336
1784134
0
17714045
14954950
4801772
12741300
0
15239366
0
0
0
17602226
0
0
18773019
0
18404562
15781712
0
0
0
0
0
10333397
0
13427712
0
0
34898
0
0
8927953
0
0
0
15792564
14252301
11408420
0
0
15615026
0
12022160
0
0
11195387
0
12205559
2532508
0
0
0
8833090
498808
0
18863894
18677635
100091
15148413
18420679
15673058
189834
19145692
0
0
19015071
18952326
16747656
19096566
18420464
13637109
0
6949968
14373022
0
0
13172231
7354074
18140454
0
5860873
15685970
7424510
0
0
0
19167478
7400681
14651430
19337102
16654191
0
17772086
19007057
18391747
0
0
3117403
17159827
4729379
0
0
0
0
0
0
0
3849386
19336951
0
233
18704825
0
0
0
0
0
15266997
0
0
19335497
0
0
6219623
19159887
3100642
3083305
359154
0
0
0
0
13946849
0
0
13683450
0
0
0
0
17310225
7146591
0
0
19394320
0
0
5768899
0
0
1348698
0
0
15698030
0
11734367
0
8961830
0
19220974
8062243
0
15580452
0
16525559
0
0
6434593
17808707
0
0
19338407
0
29068
0
0
0
0
0
0
18126078
0
0
2466193
0
0
0
0
18467280
9776402
1814812
12591275
106713
17723550
11949979
0
0
17019153
0
16818099
0
6794060
17744868
0
13102286
7048717
13088290
0
4296794
0
0
0
0
0
0
0
0
0
18345345
0
16623710
13897041
0
1277410
16474959
0
0
19435592
0
0
7166580
12195158
2032900
0
18422416
0
0
13684170
12087434
0
0
0
12091110
0
0
0
14484561
0
18131774
18106962
551641
3056322
16252671
0
18364882
0
17625174
5100060
17231740
0
19266439
16124983
0
12207620
17608771
2035743
850
0
0
7065788
0
2924233
3610765
0
0
0
10057
0
0
0
0
19342514
0
4999653
345449
4094248
0
9525857
6009073
2828380
0
16565718
17444711
4318174
14939056
5933085
15827437
8961152
0
0
7561033
98345
19229261
0
14091228
0
5369733
14523925
10825946
0
0
18483373
623665
4998455
13769567
0
0
0
14634013
17729774
19314527
0
0
0
3733420
0
0
0
16864612
17197658
0
11321565
7796298
15275505
17812453
0
6220432
19211351
0
0
0
19283564
18492805
0
0
0
9555723
0
18977117
2782034
17935283
0
0
16704572
1724744
15649009
0
14662729
0
18583523
0
12463757
17587194
18335795
9402612
18196713
18534415
5589534
0
19426927
0
0
0
17256697
0
12208752
0
3701313
19308320
7308146
13482042
19254817
0
0
0
15717855
0
0
0
0
0
0
17070224
17140436
11477920
0
0
19109245
12210244
0
0
0
13198790
0
0
0
15650790
8082794
0
4700062
18756715
0
15720594
16844081
17391977
0
13581889
12009247
18571948
10778476
17151117
0
17187647
0
0
0
4919461
0
0
6295974
0
14249743
0
3084919
17937174
0
9144512
0
0
0
733625
19426866
19363695
0
0
12499601
5229054
5091642
17386170
0
8156751
6942078
0
18532124
0
0
7610715
0
297161
17935393
14573201
0
0
7743025
4769369
0
14590121
5164468
0
15028011
0
0
0
0
17162868
13058773
0
0
17435995
0
17126291
0
0
5078880
14151258
11740666
19206004
0
0
14496011
17318125
0
0
0
15405809
15420884
0
7624301
0
17178305
18659353
0
0
3731228
13876449
64557
0
0
18524568
992
10358222
0
19340826
12833637
0
0
0
0
0
0
0
17895710
0
12871115
15777680
17230955
0
0
15754590
17191535
8552462
13945370
0
0
0
7080382
11658414
0
505481
14119872
0
0
5123361
18250254
0
13064758
18639084
0
0
0
10714935
0
0
16057183
982297
0
17724523
0
8504127
8132008
16897937
0
0
18914223
0
0
0
19406711
0
4611215
17086217
0
14678214
8885214
0
13737462
0
0
1684829
0
0
19019618
0
0
17808063
5962361
0
0
18717921
0
14523430
0
17731549
0
17918178
0
0
18414603
2466770
18256031
0
5362556
0
19062968
0
16546998
0
17403549
14821051
0
17131930
17336250
11656844
0
0
0
14763456
14866903
0
0
3658663
0
0
7665099
40585
0
0
19132875
15153579
0
18526220
0
0
18772504
19323023
0
0
6944575
17034157
2212722
6862138
4367348
0
0
0
0
0
19311773
0
0
5568980
0
0
0
14128622
0
0
0
13919995
0
10571276
3730704
16571355
0
0
2452546
0
9701284
16894284
0
13888272
398405
14692702
12852845
3039798
0
0
8564677
0
0
3296470
11742210
6508301
19084125
9581506
16151719
3262172
12210734
0
0
16121103
260067
0
16333859
18864486
19318702
0
0
19099249
0
8319947
10378584
0
3851534
0
19542588
0
0
0
4799538
210377
14815110
19190295
0
19531006
10645309
3871672
0
17693478
2800834
0
13626781
0
17179828
0
66
13000930
0
0
19250886
12203822
5498094
19469445
0
0
10305638
0
19473152
0
0
19576364
0
18551967
0
0
0
0
10685611
13534890
16681556
9100240
18884207
18544701
2803907
18995479
19490264
2169775
1276634
16498530
13089070
0
0
196688
0
0
0
0
18037475
8157642
7193588
19581252
17831192
12014323
0
9979215
13230569
0
13588932
0
0
19390466
0
0
9706316
0
18695995
16154924
0
18762775
12504622
0
19084645
0
7669296
1663591
0
4110231
8764463
17288530
0
17701993
0
6460516
240414
0
16981520
1789047
0
0
18347260
0
0
7487922
16907377
0
2830690
0
17199997
11274878
18683005
15138851
15198334
0
18636311
0
0
0
0
8140181
19226771
0
9869533
0
0
0
0
0
4716311
0
0
15601664
18312099
0
17837016
18810330
0
19528125
0
19177545
0
4447693
0
8119017
94558
0
19403627
17082063
12721852
12845379
1710049
9716851
0
19302313
9628401
0
0
19492166
7002916
0
0
17736670
12717778
0
0
0
0
19625778
8527440
16224495
0
11861526
0
0
0
0
0
0
18873107
0
15342811
1996248
2780957
26910
14291516
15842365
0
0
0
0
8125591
0
0
0
0
0
0
0
19434013
0
0
1686866
19192676
1540951
0
0
0
8873925
0
0
199063
12440027
0
15682090
6677389
1022573
0
0
19062414
16401332
19189221
0
0
0
13894110
1397869
16625360
0
12033626
17466955
0
0
7031047
4692433
0
12414424
0
0
0
0
17626349
0
19489837
0
12388088
7975421
18715987
0
0
8679869
0
0
0
7715172
3272998
0
1821967
18388081
6626296
4384102
0
0
1264221
17928936
6212093
0
0
0
7013816
0
7165413
0
15201961
11275258
0
18627563
11838655
17064241
14268976
959607
10084837
0
7923459
0
0
0
19092183
502666
18673876
0
0
14869589
0
0
0
0
2047443
809441
0
0
6766635
0
0
14385733
0
1702426
15389330
0
0
18600827
0
18888076
0
18318100
9446580
0
0
0
0
10981690
0
0
15666862
0
7945436
5862381
36556
18380563
19404181
0
0
3118790
18664438
0
13459603
0
0
0
1107980
0
12173949
12125612
0
0
19403593
0
0
14776844
5039836
13886331
0
14384359
453863
19311280
0
9394945
6457761
0
19556140
15920595
1090655
0
0
0
0
1024145
1874413
18748932
0
6808238
0
3255479
9303955
14204269
921882
13212645
0
0
17086841
13029850
13592219
0
9627874
17499949
0
0
13871653
11939998
12388182
0
5742006
5375508
16877211
0
11731265
0
10721879
0
0
0
0
0
0
0
7344339
12164070
0
1816291
5363916
11831947
7263305
0
0
0
0
0
0
7014494
16685599
5747826
6839183
16023202
5262637
0
0
6331969
3674300
18634080
0
17421608
0
0
7322103
19504902
19092142
2307436
0
18974167
11912390
0
5903874
13259152
5010990
19201544
19566678
0
0
19091033
0
0
14795602
0
16787176
0
9693190
0
0
10950263
11602982
7048822
14848175
0
5645551
0
18958726
15156931
0
0
23524
0
0
11487591
19364970
0
5091192
13487590
0
19515274
15247792
0
0
0
0
19666227
0
0
17471416
10763536
17289875
0
10230292
0
17295731
0
17311605
0
0
0
0
0
0
13690390
0
19195467
14437329
0
18256555
0
3610422
0
0
4010517
16777945
17049042
0
17962270
0
0
14924546
0
0
15426827
14631305
0
10266829
0
0
0
9378698
783147
295251
0
5711783
15831122
0
5015748
15917954
0
17013202
19516370
9356031
3099553
0
0
0
0
0
17421298
0
0
0
0
0
5114052
6245941
0
0
19171666
13324137
0
141405
10903626
18692120
0
0
19484093
0
9367728
0
0
793345
4763096
7302707
0
0
19446717
0
0
15038708
307230
14981201
18751930
19614657
18318973
1159799
0
0
15923093
0
19696245
13754354
0
0
0
0
0
16326362
0
13569875
3722305
12325792
19312917
19676113
461166
12660035
7397347
0
2005464
16600677
0
0
18126461
19615591
0
0
0
17320380
0
0
18917959
0
1294847
0
0
0
19101112
0
0
59362
19675101
0
11724719
18435920
11607176
7505185
1504152
0
8382229
19316047
0
0
5012259
6614782
2889263
19595248
0
0
6201538
18559453
0
0
0
19119226
19410137
18360734
10697297
3221330
0
10362955
0
16764481
5455143
12701083
4757066
0
17089788
18932310
4470761
3271919
12611431
4560621
18377764
11174201
0
19341289
3525484
0
13117269
0
18624174
0
19521292
15491170
0
18806550
11345908
0
0
14000373
18273176
0
18994907
0
4127332
17068574
15069347
0
1292595
10788378
17957089
19213332
0
0
0
19495311
0
40
16152507
967425
0
0
18696359
0
17326346
0
0
0
6233595
0
0
18393222
4255788
0
18936450
0
389
19353446
0
5148519
0
5068756
0
0
15441515
15502087
0
11662907
0
19487482
13360698
19628369
0
0
0
2048104
9344553
5521882
0
17155450
1858664
0
13958235
0
0
16170625
0
0
17686615
0
0
0
0
18617007
7501586
4580384
13184331
19297205
17498973
0
11344814
0
19100314
18074817
0
18429415
0
15209181
0
0
0
3809105
11035034
0
0
6380001
0
8407349
2106507
12530151
0
15278023
0
0
0
19468081
0
18202924
0
0
19211558
2399715
587938
14055882
0
0
0
0
18096570
0
0
0
0
0
0
11551685
265919
19659556
13734432
14331349
0
0
15487021
17968178
0
0
0
18389841
0
0
0
0
16438480
0
0
17017572
7019857
0
0
6586518
0
16944788
18202953
0
10100262
4257544
0
0
10700879
0
12633506
13725703
0
16520109
0
17110306
0
16722963
0
0
0
18870592
0
0
0
0
11921255
0
17008841
0
0
2960195
0
0
9382019
8890818
0
15503178
0
18760250
18537091
18257371
6011792
1316706
0
0
19509736
18606607
0
15942323
0
0
14240799
0
0
0
0
0
15774429
0
16807796
11422152
0
3898329
0
7798620
0
0
17080835
15211559
14734437
2737306
0
11271902
541193
0
1383738
0
0
1039708
12859524
4814443
15968938
19630351
0
14903271
7924279
9624880
0
16194632
17627103
8931197
0
16293542
18807394
0
10577456
18657704
0
16669624
11733471
19697299
12419631
0
3563398
0
0
20809
15201837
0
10702861
13120097
19623600
0
0
14514372
16332596
18375403
9184013
16693072
18352490
16283244
0
0
18450825
19733926
3954751
0
0
18552598
7715398
0
9463764
13840133
0
0
15512674
13999147
0
18929365
15909080
16342250
14011716
1677269
0
0
15475681
2371695
0
2517774
650168
0
0
0
0
15782880
0
11899298
0
5991993
0
18492869
7721373
10284060
0
0
0
0
17943814
13108098
0
6291708
0
0
9402174
0
18681219
8015522
0
18265953
0
18933398
15727804
15293366
19713163
8123339
0
18937637
15474435
0
15427178
0
8320688
0
0
0
11814499
0
11165509
7040466
6243087
8740616
0
0
3981870
2109918
0
0
5203743
17089776
11355922
0
9894633
0
0
16465072
0
17448660
17014332
18438710
0
0
13530872
4886023
10772704
0
13315419
0
0
0
0
0
19671226
18610689
0
0
16354941
0
16300734
0
12678410
0
0
18595467
0
17456072
0
1482217
17670518
8201151
16131036
2526568
0
19253284
7050035
0
0
17036474
0
9290503
17995541
18164494
15430
0
0
0
17414473
9109958
398911
0
16491014
0
15746489
0
0
531345
14546951
16834711
19711149
0
9763126
19640064
17561645
0
0
19469317
19035787
0
6925718
18659346
0
11614808
4064978
12394390
0
0
0
18692942
0
0
0
0
11824428
860844
19139749
515752
0
16847448
0
16852536
0
0
0
11896108
0
0
18752744
19711397
13642976
14980732
0
13852221
7961608
15746864
13335343
18385348
0
0
0
18446750
10479961
13605512
18794676
0
0
10647670
0
16968741
13286814
0
12057227
0
12156121
16243745
15868337
10654031
3630376
18927547
0
0
0
741186
0
11464772
16130240
19450149
0
106504
0
18563288
14513514
0
1193602
0
0
6778287
18397849
7857514
12512962
19779071
18309757
10569706
6968768
0
0
8557412
0
17365906
9382841
0
0
0
0
18608339
14128398
0
19507999
0
19021024
0
11846908
13467454
0
14029135
17720640
19727641
0
0
0
13735941
16087224
0
14924164
0
10455256
0
7644450
0
2842254
0
0
19649726
0
0
0
0
0
13673386
8238158
0
16309867
16010618
16569156
408834
9405000
0
0
0
3568465
0
2607644
17150634
0
16491482
10651096
205151
0
11477142
18590900
18906857
10185868
0
0
1550915
0
0
2086956
19047734
0
0
18128229
0
19729313
8657560
0
6819428
16730124
16403509
0
0
0
0
14432220
18785721
0
4127866
0
0
0
0
0
19430271
14299321
15986952
0
12489286
9883161
0
2060353
0
0
0
9714075
0
18073385
16862800
0
14601361
15827667
19846816
0
16115396
18650260
8077665
0
0
0
18392034
2660092
3823815
17667915
11593686
0
0
0
18744316
0
0
13792369
17420456
0
0
3671190
16458575
10287002
0
12509918
0
0
18510572
0
0
17380756
4843630
8160793
17413997
12676556
14756194
0
0
0
10566655
1305358
0
3757762
19751240
0
0
0
19725862
0
0
0
2370290
0
10372456
3312851
2560002
0
19665029
0
9412296
0
2831933
9598566
18020093
0
14334020
28839
0
0
15192707
8790295
19761659
0
15024028
11371263
0
0
16378873
0
0
0
12065860
18855512
0
0
18804107
2214690
0
7827983
17543325
16229383
0
8394152
0
641214
11663758
15656612
0
14184726
0
2774722
0
0
0
0
0
19523414
19459759
0
0
18046530
4401759
0
16866786
0
0
0
17686491
15469763
0
0
0
0
5197044
18970050
0
9865844
0
0
1651365
0
4842868
697124
0
14454690
0
18903835
656141
0
0
0
6438275
5500661
0
0
0
0
0
0
0
0
13796688
0
4273891
16891315
0
0
7628670
17520260
7592454
0
18960
0
15175013
17856598
0
5855894
0
19352736
200449
9725812
0
0
0
0
0
13647014
3536463
0
16178719
2702232
8190777
15802762
19228947
13931967
18775965
16724846
15845991
0
13828963
0
10429876
13432678
0
19362824
0
0
0
0
0
18078757
16581490
0
0
0
0
0
19537884
8526382
0
2724310
18468345
0
0
0
18126469
0
17766967
18949054
13986411
0
17833058
11363949
0
16476541
3307827
0
0
19230539
12224430
0
16162377
19303591
0
1543350
0
9790307
18878069
18937745
398961
0
0
0
17641903
0
9869224
16961015
0
17304625
8766289
9634370
10833885
0
0
12501720
6814883
18130455
16106181
3832773
16559123
0
11236726
0
0
0
6558376
0
19738592
0
1269054
19855159
10715948
0
0
18300257
17905584
13495334
0
17705464
0
0
6250570
0
0
0
7181321
0
0
13279414
0
0
0
0
14403764
15985599
0
2924966
0
0
6126219
8598082
0
0
2122604
16944122
0
15814694
0
19725923
17104972
0
5678491
19693277
18272899
16735598
7140704
19320408
19370914
12798108
0
11478232
0
0
0
5818836
19866122
0
4773922
0
19412804
0
19476585
0
0
13705329
0
0
0
0
0
0
7109814
0
12454253
17202384
19844707
0
12605731
0
13156626
19778539
0
12079581
0
8421111
14175201
19642945
0
18128765
0
0
14048368
0
16027975
12008865
0
0
5079218
0
18379594
16476452
0
0
0
0
0
0
0
2918103
17259040
0
0
0
0
0
711437
0
15516015
0
0
0
17076131
19515736
0
17670425
0
19510485
0
0
17360932
0
0
0
0
694085
14247600
16726062
0
0
0
10032039
19769415
0
0
5344858
11013086
0
11875567
12271131
14913217
0
19702785
592545
7667555
12452975
0
0
0
0
7824242
12035633
0
0
11794935
19867461
18413101
18869598
0
0
0
734645
0
0
0
16456881
8610431
0
0
15985736
0
0
16987962
19077509
12986620
0
0
0
9186930
0
0
19376373
0
1980579
0
7852941
16412136
10483967
16952538
16804221
0
529635
12817063
0
16482530
19226322
9380967
19920304
2780614
545385
0
18451232
0
19175287
15266203
1806278
0
16240148
0
0
10334554
639
15499958
9800151
0
19676080
5782164
243488
19311184
17826649
0
5325308
0
0
0
0
0
0
17118431
7822335
0
0
6190582
11690954
0
19748907
0
8589271
16368557
0
0
16229141
8986975
0
0
4606105
7787946
0
19985006
11402589
0
0
401
19568589
13664055
19946397
6032867
0
0
15818513
0
0
19172605
1564811
0
0
0
0
709673
0
3542285
12701692
11529519
0
11901096
0
2350637
0
6680522
0
17176052
0
0
19560158
15850339
0
0
19661969
18696294
0
0
19954454
18380039
13410721
0
0
68649
0
19316281
19892012
12760142
1628814
0
0
43689
14771054
518628
17809209
331864
0
6504429
19212048
0
4819020
8049622
0
0
0
0
4462732
0
0
17025719
0
0
0
19950899
0
3078861
1059541
0
19336593
14383808
16993134
19651260
0
19991197
0
15989148
15063837
4419585
0
7722759
0
6379351
15977636
17807865
0
0
0
0
0
0
4004928
18361960
10653865
0
5348024
0
7995954
0
0
1157204
0
17230734
0
0
0
15637245
10956035
0
0
5460940
0
10126720
9034055
0
0
1532360
0
17323708
0
0
7410844
0
0
12684117
0
1832939
5890214
17202743
0
20038419
19365040
10267750
16970455
0
0
18985956
0
4367504
0
527605
0
0
0
0
15470886
0
15545710
0
0
0
0
18845796
0
9004114
0
19578130
0
16571426
0
1408980
18608182
0
0
0
3544282
0
0
0
0
0
12888654
19626550
19599365
0
0
15612707
17975289
0
0
15750902
0
0
17680012
16967222
6186639
0
0
0
2103602
4357757
18191846
4230360
0
0
0
999
14577041
3728476
0
19794813
0
20025466
17007217
0
1850218
0
9481990
0
20030823
0
10970505
559
0
6183219
0
0
19806223
0
16934796
0
0
0
13174401
0
0
0
12999634
17801204
0
0
0
0
0
10336278
0
0
11551891
5347447
0
0
0
0
0
3280413
0
4420709
14952960
0
0
0
0
0
4269342
0
0
4474614
0
0
1498084
0
4111652
0
0
6695019
3228357
0
0
18061405
20029652
0
0
13768914
19176184
3094453
0
0
16476653
0
0
0
0
0
0
19952799
7358985
0
0
17936898
0
7976439
0
0
18488007
0
0
3990051
19706891
0
20039508
0
0
0
0
0
0
19847156
0
0
3439135
0
0
0
12908813
0
0
837
5602143
15650749
14329851
18620340
18962754
0
10623063
0
0
16136370
19910080
0
19641987
15148850
0
4816848
16251575
0
0
19830245
0
829324
0
17023407
17874381
0
3107371
19728196
0
0
4257586
13717758
4853015
0
0
2663621
6094621
10672117
17022529
3340386
19936571
11736571
7432438
0
391
17869223
18307917
0
0
8385237
10170907
12149331
0
0
14275307
9374778
11991312
0
0
0
0
11025571
0
3755879
0
0
0
0
0
28933
15673770
0
0
18257695
19099462
17608060
11112395
19803412
2420362
0
8293067
18028948
1197979
13377880
17663156
0
0
16647496
0
0
0
0
0
12171513
9713964
20059295
19580004
0
17319085
0
19585168
0
0
0
0
11158326
14929798
7850397
547209
15737245
10213519
14465990
0
0
10584023
0
0
0
15866709
3107438
6279251
18128627
0
0
7483812
0
0
19604948
0
0
0
18307917
11558609
0
17669510
0
19133948
0
19452483
11721027
7467809
0
6033271
18245330
17018583
0
6277779
16210791
12362898
0
12375790
13475400
18332806
6811580
453274
19981999
17058612
0
16092954
5262475
13081688
11590936
0
0
12457296
18799233
0
0
0
17383428
0
0
0
19051589
4764492
8608521
0
6270231
121
16648899
0
1318226
8627613
9959847
7513125
18429845
0
0
0
13380341
0
0
0
0
0
6374321
0
0
0
9494156
14958363
14424619
0
0
0
3685903
0
0
0
19995328
19010643
0
17725877
0
0
17323930
19739126
16277420
0
0
0
0
16753756
0
0
0
0
13660139
6636763
19653175
18609481
7417026
0
0
8380353
1810127
0
13107881
0
1218232
0
15376015
10344013
2463656
1172146
13902994
0
0
0
0
5630600
19572229
10453138
3450782
4606352
11036601
0
0
0
0
18229340
15837285
0
5966219
0
0
15692757
0
0
0
0
9989245
17516781
18308047
0
0
15658198
42413
403436
0
7661080
19549062
0
0
0
0
0
1259276
0
19363795
1744892
0
0
12229862
19894417
0
0
0
15839493
0
0
18349130
17257047
0
19849137
0
2891276
9254963
18662986
18355138
15147341
2643782
0
18777383
19503016
0
29949
20144996
0
0
15058432
0
0
14235421
0
0
19073427
0
16945769
9790916
0
0
13979955
0
20083508
15138407
0
0
19423838
7356869
11826183
5005518
0
18266281
0
19807201
0
0
3043173
19934064
0
0
20086900
0
0
0
0
18677816
5164491
0
16583180
16208248
19378673
18735846
18885601
0
0
17914366
0
8223162
6279656
14122682
0
20083653
658922
20086572
0
0
0
12885227
18965444
17970144
4371
0
11013919
5437617
0
19809116
0
0
0
5535772
0
0
0
0
6714819
0
0
0
0
0
14235142
8504118
0
0
19086913
0
0
0
0
0
6486794
954149
0
10912407
19187972
0
18710013
15095319
0
0
18332187
0
0
0
7365162
0
0
19659710
20077430
19755840
0
0
0
13794056
17970775
7438781
19817770
14678353
0
20062258
0
0
0
0
0
15771481
19107090
0
7332703
8887249
0
17635935
0
0
0
6833465
20073676
0
10470981
19369672
6327750
7852170
0
5264902
17071444
0
0
0
0
8610793
8781718
0
0
18485669
0
0
0
19990084
398591
0
10525397
0
10934791
17066351
0
0
18425803
13157499
19317096
5369040
13847866
18366397
0
0
0
16761623
0
16646181
0
7200191
18925337
0
0
19995589
0
17972752
19068695
4105456
1726126
13927299
0
0
16210751
16554359
0
0
0
17185248
0
19216281
0
12890150
0
0
0
0
0
7420781
0
6616487
0
0
0
0
20129796
525902
13889301
4457117
0
18124913
8278927
15658261
0
14932888
0
18969847
16444986
4230360
0
0
19365255
0
19771956
19253435
0
0
0
17199413
0
0
0
0
0
0
6302369
0
0
0
0
0
0
0
9070754
17795784
13549810
0
0
0
0
0
0
9132230
0
8516812
18150860
0
0
0
0
0
17316581
0
0
11355369
0
0
0
0
0
0
0
14571126
15503208
0
0
0
0
14717715
17754862
9294309
8528552
7851740
0
379329
0
0
0
197561
17393893
4495207
0
18141599
18359048
16157111
14990534
0
14863326
0
20005822
19241381
0
17594450
0
0
19955710
19991522
0
0
0
0
9319376
20070974
19526624
9934742
18745573
0
0
16439656
0
0
0
19939709
9937361
0
4316350
0
0
15
17002367
1877196
5432972
0
17489148
0
0
0
9730859
8690638
7465582
0
0
0
16505417
4257770
0
0
18566496
15583158
0
2357919
1325322
0
0
13796388
0
15695538
0
20027347
0
0
18002830
10605333
8264550
14605378
0
11840331
18610512
15786522
19567657
0
9964017
0
0
16728656
9971891
19366968
7084348
0
20076532
19747892
19478260
0
18253616
0
0
3521969
0
17347241
0
11250043
0
16234849
19082794
0
0
15223253
19654041
0
0
14058970
0
19782603
7369167
56225
15680001
0
0
3478614
19749955
0
20181700
10461112
0
19871471
3797900
0
0
0
8611319
1760005
0
0
0
4502644
6593711
20246637
0
0
14804265
5660166
0
19776629
0
6441658
9767382
0
0
18062487
0
0
0
0
19556744
18869560
0
0
18621355
0
20265732
0
0
971811
13615643
0
0
15975962
0
20155984
6912634
0
0
0
0
3778268
19281336
16709033
15322816
3451951
14228140
6557484
0
0
0
0
2659734
16673962
0
15225114
12802164
14679113
0
0
17241428
8217174
0
13763629
3131847
0
0
9935823
16966899
0
3807582
0
5482082
824992
2389839
19710356
0
7330250
8556463
0
19850498
14752950
0
16411502
17009116
0
0
0
0
16621282
0
17160878
19784691
11848132
12330372
0
0
14082714
16526902
13272972
0
3109818
0
1100577
18105260
0
20053860
4844953
0
0
684056
0
20053072
14390155
4456121
0
0
17791042
0
20309127
9338129
0
2195366
19103931
0
0
0
0
16649823
0
18926138
0
7956679
0
0
13021121
20331485
17429754
13612063
0
13743333
12024983
17139846
0
0
0
12137880
0
0
0
18398194
0
11032271
0
0
6812535
18671976
0
8306344
13317556
0
0
0
18068677
0
20231896
20056552
17299069
1332237
0
0
0
2122097
19733208
0
1169112
0
18611348
0
0
17932005
12167667
0
0
0
4341743
10232935
20082987
18339080
0
0
0
17017540
0
0
18737464
3749671
0
0
0
8577107
0
19452130
0
12622988
0
15792582
0
18065244
15697078
20110141
11348412
0
12352102
0
0
0
0
5378737
0
3520962
14708455
0
0
8110226
13006225
0
0
0
0
0
0
0
20338965
17652039
413474
0
2640081
0
18881707
16237641
8982982
0
0
19086753
0
17969371
20225030
0
7907083
0
0
0
0
0
20343817
0
9816362
14834512
11175141
0
11652649
0
18082936
0
12303801
3069818
0
19331429
19081728
0
0
0
20210290
0
0
20366702
0
13170618
14203787
19367103
1139935
0
0
106713
12004436
5460031
16826762
13165716
0
0
0
20134202
0
6237630
0
0
0
0
18959256
12709738
15728860
19912207
0
0
0
0
0
0
0
0
0
0
0
0
0
12996595
18980995
15525392
0
19593596
7686861
0
12707428
0
8290540
4358399
0
9738181
0
6479885
0
0
0
884395
0
19946124
0
1710703
3723032
18751201
0
0
10583966
0
0
0
5083588
1268152
0
0
9316046
0
0
18917507
0
0
8337590
0
17750087
17150359
15746838
15747500
0
0
8448035
0
0
0
0
0
0
20019472
19947513
5630912
6990090
15040905
0
0
0
8609588
13886753
0
19962479
20061566
0
648
0
0
18378421
3320252
0
0
0
15499095
0
0
19844905
169603
0
8235191
15766629
19493927
0
4812931
0
12637562
17813344
0
0
0
19941760
19036442
0
7047122
0
0
20226085
18722303
3447051
0
0
1695070
7980409
19527199
0
0
8102255
0
20068419
0
0
8441239
0
9841258
0
0
10437934
0
0
0
16346752
2886243
0
624004
4287498
7917268
15648125
0
16081154
0
273469
0
0
0
0
20415049
0
0
0
19608289
0
0
0
0
3228665
4368589
17249694
0
12394978
0
13721087
0
0
17443685
7545144
0
0
16439438
0
0
18040779
14067303
0
0
2622971
9526713
0
20042834
661110
20248198
18904767
0
0
5003032
0
12365535
12762283
1951814
13510266
4057927
19097463
20395092
0
13744348
0
0
0
10412858
0
0
11732781
0
0
0
0
2951620
0
0
19655817
0
4497445
0
0
6703416
9378249
17991071
116627
0
20417113
19640426
0
9811489
14930285
0
14971776
0
4880375
19284993
0
0
0
0
13217712
0
19924643
0
9407293
7779350
2790689
0
0
13530519
15075200
0
3110744
0
0
0
19202169
0
2638945
20359636
2980745
0
0
0
0
7912975
0
19798113
174008
17151937
19703874
0
0
2496919
0
0
0
0
0
0
16445105
12183538
460458
0
16901126
18311234
16810011
11959460
0
0
10579808
0
20390585
20262840
0
0
10033405
10256449
0
0
17344455
0
0
19522033
0
17672797
0
106730
0
0
14677905
0
0
17545571
12742413
11645580
3497472
19706904
16187608
0
19400169
0
0
18386821
8947898
19150172
0
0
0
0
0
19927833
2991320
0
0
0
19569801
20317401
7055381
17778023
0
0
0
0
19635365
10233704
0
0
14801626
11574575
0
0
12676462
0
0
18168065
0
0
18770344
0
0
0
9710597
12530854
0
19078718
19393929
0
19436418
19666067
19397412
4302122
17853252
0
0
0
0
18094961
5449316
0
0
106959
0
16699446
0
0
535671
18582611
0
0
0
3960832
16973404
0
0
2185544
3637410
5451479
0
14829198
0
0
0
0
0
0
0
12185748
8602284
0
6263241
0
0
1279601
0
25778
20078178
10764679
0
0
20241471
0
0
20413959
0
7861276
0
0
931386
2410548
15319870
0
13975846
0
19783890
19926414
19673311
0
679447
2402565
74821
20410656
20255039
0
11298248
14943081
14908363
10641402
5483408
15432273
0
15317381
15973195
0
0
0
14837892
16820791
0
17973853
20281953
15645343
0
13991145
8900951
6639529
20318475
19649063
20467329
0
10058312
0
17496054
0
15804847
0
0
0
0
18986170
9519069
17513603
0
0
0
19711266
20082455
0
18226325
20287919
0
0
0
0
0
0
12602859
20123842
897332
19161883
13221939
0
0
11000296
0
20411417
0
13592374
0
12966761
15736050
0
0
20331890
5836892
12343320
15015080
17609245
6250169
19754743
0
12887332
0
20368123
0
15005012
14705692
0
0
15016794
1915320
0
0
0
4529680
20273085
0
0
20228070
0
0
7358291
14176616
0
20378230
8326432
14008864
10238837
19915753
20032322
17795975
0
0
0
0
0
19957431
19499886
0
442
0
0
0
0
0
0
0
0
18989052
0
19619055
6293212
20495804
0
6433401
10100713
16791118
0
10395982
16513472
0
9483991
15150907
0
614352
19929445
13729910
18163186
20067481
0
0
1195371
0
0
20380379
0
1594821
0
0
14546247
0
10251113
15002742
0
13870427
0
16184023
0
0
20135563
10186396
11568040
10058906
18189272
0
5320316
0
19659039
0
12879613
0
0
83248
15027495
11038678
17022338
2491249
10706466
0
0
0
0
12215374
18929240
4396222
15737225
19295602
18238157
4782014
19816004
0
10065028
13491182
0
0
0
0
0
9964595
724656
2579387
19526283
0
0
19457994
20095226
0
0
11179322
0
12721055
0
0
19628020
13312149
0
3191424
0
12586749
20455577
11872673
0
0
13697096
0
0
0
0
0
14390369
19167411
4506459
0
0
0
7590844
1595102
0
0
12385737
0
15539871
15050547
0
0
0
16383143
16298371
0
1875534
0
0
17594255
0
8584085
4425577
0
0
0
0
0
14792964
0
16816535
14080245
0
18424633
5603966
0
0
20071329
0
9894122
20139937
20226810
0
0
0
0
19406120
0
0
16525
0
2691824
0
20504991
0
7214670
0
19152527
0
753
0
0
0
18274478
17543423
0
3736307
0
9630408
3406223
0
19523587
15727134
0
8761157
0
11518235
0
0
0
8847387
0
0
17934939
20490354
0
18748232
0
0
0
15902245
12834324
3636560
7846374
18048671
20584389
0
0
18432286
20472519
17971154
8469844
7584667
0
0
9220319
7854558
16411132
0
19148096
20445744
14801141
19902060
17442510
0
663007
0
0
0
0
0
7632221
4150685
10589191
0
0
11563921
0
0
11619849
12011312
6363740
10650798
20241358
19728123
0
0
18286298
0
5065751
11367223
0
0
0
13754
14115476
18815404
0
0
3860111
20336831
5161528
16524653
0
3576588
0
0
2179792
0
20083656
14096399
0
7237833
28990
0
19101180
0
0
0
19639041
0
10527671
0
0
0
20517735
0
16942781
13015877
0
19642265
0
17019064
0
0
0
0
12416129
5572204
0
16354061
0
3243558
15902238
803050
1945155
0
1304998
0
12478387
0
0
5337877
0
0
3259781
0
15149651
2309066
0
15784982
0
14174622
0
0
5974629
8055340
957776
0
0
18855722
13886753
4517225
0
12320172
10342806
12476652
0
0
0
0
9029497
0
0
0
0
0
0
17420532
0
0
0
20603214
0
0
0
0
0
15275618
0
20374340
4706629
16745600
18102755
2073372
18845650
0
14106269
20587610
20419665
0
4599644
0
0
15029072
0
0
0
20163893
0
0
20510861
0
20097139
20288677
0
15320965
0
18928622
20146610
0
16845715
0
7294522
18481810
0
16937785
3610306
16621224
13595035
0
0
0
0
19325797
0
14506895
14097326
0
0
8810231
0
4304577
13341918
17894157
0
0
0
0
20243566
0
0
19370170
0
16545062
0
10962084
14698542
20598174
1242691
6159407
4123429
14716081
0
2279080
0
12837025
1710414
0
0
20455137
11333720
15531435
18988039
19818357
16686148
19290087
0
0
0
17410180
0
2581303
0
0
0
18669857
0
0
0
0
0
0
9797610
0
14936728
17541938
14943719
0
0
0
8410530
18090702
0
0
2577316
0
0
20465993
0
20565362
0
0
0
0
13558930
18275087
18486919
0
0
20378236
10595539
8770869
0
0
19999684
19902730
0
20563002
3976967
12445058
0
8326226
5518746
0
19089050
0
0
3621262
0
0
0
19817959
0
1027020
14340526
20517272
0
16492297
13764755
0
6164840
0
7252056
0
7245730
0
17492782
0
0
0
17938842
0
5606415
5265512
0
0
20053636
0
8378947
0
0
0
14813861
16565048
0
4525490
6271237
10141037
17647785
20050557
15774495
0
18145871
3207658
16687648
10906943
18547618
0
5710509
1115745
0
834
0
20582159
0
11980553
0
0
6348344
5157880
0
19128152
4121746
17861730
260
0
7314485
0
16718544
0
0
13441675
0
19465698
0
18501232
0
3555746
20576572
0
1766151
7367841
0
0
0
8238414
183814
0
0
0
0
20008959
5871354
2699221
20200403
0
0
0
0
0
15880525
17494153
0
16786437
0
2700875
13395941
13818058
0
14976010
15322511
0
0
17970387
8479016
16367809
0
0
0
0
14403280
6816487
13034670
0
3704890
0
0
0
0
18132624
2021437
0
0
0
17341730
0
10415432
0
10875445
0
0
10515900
11969796
7440430
20300556
70237
0
11587147
6642652
17719568
19953513
0
0
0
0
14983631
9690663
0
0
0
18785949
13597771
0
0
20410493
19237082
20349269
15653864
9767591
7017167
0
19467634
0
20533938
0
0
0
0
0
19736074
0
0
0
0
0
0
0
116994
17847648
19224163
6689225
0
11616150
0
2061023
0
0
857
17547336
0
0
0
4115874
20468337
0
11827270
0
2274315
2054548
185111
0
8816861
16778531
15239498
0
3047114
214462
376889
0
0
7358302
0
15829011
9930909
0
0
19946155
8694769
0
7925077
16300397
7294620
0
0
1456137
20282330
18618777
1663314
0
0
0
1257589
0
7850677
0
17251438
452962
0
3563732
17854988
0
85
0
5617454
308
0
0
17424115
17495386
0
19661321
12637971
4345766
0
18607084
14486947
0
19639035
0
13025235
0
15472322
0
20045166
0
0
0
20433281
19135733
13171033
0
0
0
0
0
20306164
0
0
18208003
18489614
0
0
6466990
0
16871934
299476
1019408
0
19100092
7035794
0
8927201
19158923
8718583
0
0
0
15567654
0
0
18663169
0
16871934
19971763
20145764
20326481
9345582
0
0
0
0
0
19741333
0
0
0
14731049
0
9554046
15776112
20297008
0
20094994
10240813
0
14762400
1373793
19996144
0
6519797
18731259
0
0
4145529
9683120
6700494
0
17881400
0
0
0
19144282
5338566
19519356
146445
0
0
0
5852112
0
11379203
16502693
0
0
17981338
12001829
0
11896699
16195714
14034163
0
378085
17827897
9213393
8969815
13668979
12130935
4648691
13279395
0
0
8338019
19230604
17773959
0
19147023
0
0
9413402
0
13649986
19524042
0
0
0
0
14383237
0
18136644
6217626
0
20042909
1795128
20358192
0
0
15890142
0
7715281
0
0
19817528
4910940
0
2089415
11061884
8681174
0
0
15235624
0
11352897
0
14385538
7063841
20442540
17192329
19558087
0
3083367
0
0
0
20158248
20554974
0
1164409
0
0
16092189
0
17933869
11567755
15256495
0
0
936
0
20282141
19798351
8895319
0
15781305
0
20716115
53353
17574221
13569139
19559422
15494469
0
18240661
2048677
0
20591473
0
0
14653275
19604388
0
0
0
0
2968191
0
0
19311899
17114055
0
0
16178453
0
0
0
0
11716607
0
16197460
20287691
0
9248300
0
2445412
15699087
20495398
17639
0
3579580
0
14748770
14704399
7410462
18462678
6564438
0
19734511
20704009
0
20050928
0
0
12344403
7061372
20431809
1348176
11908438
0
0
0
20477390
20414475
0
15932349
8885125
16529605
5906921
20479907
0
0
9954980
10207480
0
20728760
6277594
0
11468103
0
0
16040627
17560682
8008124
13551695
20014979
0
0
0
0
0
12126265
0
18478021
9992733
0
19791727
18740936
2967517
20639994
0
0
0
18370956
0
0
10031626
0
0
0
20355238
104
12732009
0
0
20264387
19491708
14708442
9999989
19414762
0
11606929
0
17833440
0
14389912
0
0
0
0
0
0
20390600
2961230
11702168
0
10933640
0
0
0
0
0
17468120
16797270
20445754
20761665
13549349
0
18855460
0
11313351
2709792
3822222
11762704
0
10514109
15474155
19584511
0
0
7188795
19793681
20191045
20607506
0
18044648
0
0
0
0
0
0
10042704
19392814
20546844
0
20466457
1746419
20436950
0
17197046
0
20740032
18955751
9512580
0
0
4017914
15320031
0
4703506
0
3106674
20513962
19551901
16682307
14334807
0
0
0
0
0
0
17596145
13362533
0
20143189
0
0
20651044
12605619
18853031
0
0
0
18848469
0
0
0
665
18753671
6339308
11922437
743
12585928
0
15766452
3986786
130749
0
5104939
0
19101555
0
0
13250228
0
0
0
0
0
0
0
12011506
0
887474
0
19263835
19254734
0
18962451
0
20452802
4375644
19652148
10181464
10951302
19186019
12564760
0
0
20781950
10658964
0
552
0
0
19868558
16437979
0
8349672
0
0
0
0
0
14387443
0
9875394
19250858
18762612
3223016
0
0
0
8409627
13333487
3153604
17127371
0
0
0
0
19443452
0
19535728
20059284
4315342
19790500
334892
0
15715369
18889701
12323985
8569391
0
8355932
0
13172008
14595545
19464926
20188334
10108691
0
0
6292662
0
0
0
0
0
10951273
8749204
18973891
0
4840093
0
156515
0
17088740
11625117
18488942
0
6211344
0
20352005
297042
12169233
0
10071487
13809266
9983444
0
400741
0
0
0
0
19939995
0
15221641
7550496
14211630
0
5026
18924531
141397
17603758
19215719
20072457
6881559
20391201
3203518
18074133
13756005
20156220
0
0
0
18608451
17664574
18814081
16804299
19811264
593923
17135786
18617041
0
0
13986930
0
0
1473521
8905006
9099339
11608227
12642014
0
0
0
20803532
0
8408089
0
13044119
0
11261445
17195795
0
13243910
0
14267487
18104714
0
13906102
0
2890590
1394268
20214599
0
0
20747250
15797877
15619089
0
1911436
0
19797465
80
6240680
0
8445180
0
0
18106564
0
0
0
19723472
15043248
0
10988053
2026085
0
19568871
1894716
0
0
16461665
19795797
17657433
0
0
0
0
1586558
0
18591844
0
13554192
0
20746186
11558029
0
0
0
16276433
20832808
20555511
4225786
0
0
15063661
0
17647624
0
0
11308893
0
0
0
16667948
1582820
15675734
4807861
18749687
0
0
17169803
15580151
0
1106634
0
18990462
14383614
3551249
20142786
12686769
6686768
0
7263183
6771910
0
0
0
215063
0
18597686
20772939
0
19711530
20512848
2042101
17040206
0
329524
18989193
0
19400755
6598381
20295904
0
0
0
0
18748567
0
14241826
11067636
0
0
18818820
2255870
15915198
0
18625313
0
0
20810835
0
0
0
14048246
10970153
7150361
17012866
13585260
20644890
4319111
12150079
0
20067524
0
0
0
3905270
18274623
0
4357872
19607533
407
20050879
0
0
19167748
0
0
0
0
0
20553424
18673168
16971039
13545930
16417940
0
10544388
15512364
0
17860903
0
0
3668730
0
0
17984625
0
3569202
19752382
0
15419
0
0
0
17175095
0
0
18521126
19023985
0
20871591
12803
0
0
19832430
0
17259170
556802
0
0
15518764
676
10997865
18288684
9120419
1157479
6255
19456686
0
11380651
0
0
11002769
0
0
5457811
9374845
20548094
20571833
0
0
14771838
0
0
0
0
2936993
19749843
0
0
0
0
19496777
0
14159759
0
0
19926397
20775618
4295549
9915331
16334498
0
15908835
19850825
4540906
0
0
0
13563495
0
17551525
20081626
20698617
0
12798719
0
0
0
0
0
0
494677
0
0
0
0
17762163
0
103148
15907351
17491124
16169022
0
0
20777586
14955458
7380640
8823050
12450878
16267100
0
0
20918096
13168914
5285925
0
20844079
0
0
0
2590534
1587327
0
0
1324996
16928555
0
0
0
20600950
0
0
1751967
12689218
0
19282590
17152178
0
0
0
0
223921
1114048
16177801
17434360
0
0
20347848
1560007
17548757
4526568
7343291
0
769793
9840019
11588265
8745401
8870213
0
4002580
144116
8669317
6627594
9946068
9446060
13315565
16764257
0
0
20597883
0
14033810
0
0
14245438
15545349
0
6652821
0
17389340
5907621
4352783
5680936
19134084
91638
172530
20691480
16335205
1578165
9189460
0
0
0
1022882
0
0
0
0
8106773
0
14779818
1693049
73029
17232348
0
0
0
10776958
17746277
10072660
2470748
7198778
203
20812730
0
20768228
19890034
9119525
0
0
0
20951480
0
14980349
0
0
15862435
7019136
984098
0
0
2287988
0
0
14847380
13220471
9342443
0
0
0
0
0
114149
0
0
1881467
0
18171957
2239313
0
0
8697535
0
0
0
313095
0
18702672
19695783
0
14604995
0
19656287
0
0
18788559
11017364
0
0
19361596
0
0
0
0
0
0
14138523
10977570
0
0
0
0
20653956
0
0
20894523
963420
0
0
0
0
1000770
12284245
5111297
0
4700909
20776939
0
0
0
0
0
0
9760458
10315271
19123175
19388777
0
1862460
15628844
7852941
0
1673722
0
10984324
0
20055952
0
0
11997271
7500787
0
3222319
7928291
19083759
0
0
0
0
1349713
12389846
0
8610582
0
0
7639535
0
2965173
0
0
0
0
5635466
17502823
0
18960008
17469802
19690988
0
0
17968031
0
0
16784606
0
3558374
0
18680099
14612331
19225463
0
0
0
20585544
0
0
0
20982104
0
14207574
20806507
20169386
0
4541689
0
0
0
0
0
0
0
13421544
211120
20017832
0
1178236
0
0
4824339
6648725
14968584
5897572
0
11422541
0
0
16354857
0
4619503
0
5858827
16817755
0
11848772
0
0
0
0
0
14407869
11750454
0
0
0
0
0
0
20604240
5720207
0
0
19141039
0
0
9966206
14097819
0
0
0
0
0
3792125
0
0
0
20291756
0
19671278
0
2125063
9163913
18492035
12491410
0
0
19959712
0
0
19075757
20016789
0
17146541
0
0
17565654
1572145
0
20973954
0
16883027
0
0
0
13543052
15649666
20927220
7336643
17659794
4580533
0
3337696
4680177
0
7883404
14751608
0
10400271
13738789
4215062
5387474
16670047
0
0
0
0
20479586
19160228
14523049
0
0
13652295
0
17903601
10115882
0
19396957
20876522
18531576
18444485
0
19023323
20195400
0
49691
19981173
0
0
0
0
10836266
0
0
0
0
0
0
0
437
5307292
0
19050866
21027853
0
20606159
18336460
8962277
21000640
11603829
0
8117
0
0
12192442
3194359
11425814
10425382
6535301
0
18518492
15620561
18840950
20572269
4193149
0
20615738
0
440881
1199823
16792492
0
766
0
0
9902534
15938160
954980
10913131
0
19011183
20195723
0
0
4142059
20985521
8950252
0
12470063
0
21000360
0
12495522
0
20967707
10606956
0
0
0
0
20838350
8066810
0
4259456
15931581
0
0
12854456
16682917
0
16882982
0
0
0
0
15278294
0
153026
14772054
16626441
18080074
19938651
1567096
0
18934794
10745881
13543763
4849288
19892021
20826534
10657854
0
8938523
0
14125879
20863339
4470992
0
5124959
17183450
18175725
3435918
19042122
0
101248
0
7716183
6632305
0
0
13323470
20779487
0
8496216
18200894
0
0
0
16101835
16834125
0
0
20932145
16855995
0
0
0
0
19921808
19857453
10354585
13115527
20945801
21022481
0
19938919
0
0
0
0
0
0
1190506
0
0
0
0
19404619
0
20788509
3655223
20860536
0
0
7030753
0
0
0
7318690
2947601
0
0
0
0
0
20999983
1152717
0
12126735
17005610
0
0
0
20560768
0
2454900
19728429
0
17046722
0
0
0
0
8275907
19997845
0
0
2228861
0
118790
17620585
5273368
0
0
0
0
5611391
0
19485730
19123496
13797769
17158101
1644815
0
8837247
19901077
20104923
13978820
0
0
11468925
0
0
0
0
12886211
4834065
0
20626242
326
1757561
20065450
6486191
16454361
19003196
0
9699591
20123049
15171334
17392258
0
0
5836096
0
0
20926765
7487618
0
13352376
16758751
17046956
6811318
0
0
0
657202
17065092
0
12482373
0
15912933
0
17204031
17366138
0
12596747
0
0
18484604
18794950
0
16272128
20646854
20335788
11872913
994825
14633891
0
0
2859888
18266623
17286
13140570
12609415
6681415
4332438
0
15917115
0
0
20100634
20829891
20793527
9345827
0
0
16882160
11572999
15531750
3563220
0
14373474
0
0
0
0
20395621
0
0
0
0
0
1853585
0
0
16134938
11139348
0
20799867
0
0
11578538
1979788
0
0
14068802
0
0
12942426
0
0
12732614
18237926
12250496
7453375
10232728
0
7773077
18519096
0
17452824
7870822
18671976
347900
12383556
0
0
0
0
6375754
0
16675142
0
2991231
16093005
0
12688508
0
0
0
226829
8608899
11107018
0
159
0
19642129
0
3685825
18486294
12914432
8408769
17202827
0
0
0
0
19224885
11046932
0
19969347
0
0
0
0
425934
0
0
21065243
0
19265407
5078707
0
0
17414280
6483337
0
0
14612337
9394420
6275027
0
12199768
0
13090721
20579451
0
0
18028453
16897574
0
6954330
0
0
14954414
0
0
10354441
3635116
0
3716055
0
0
7700965
1547119
18290538
18749594
0
18521542
4415192
0
0
0
6217968
8033011
0
12940526
275
0
20869523
15980103
0
4165808
12515398
0
0
0
0
0
13934630
16377864
0
14359415
0
0
13814559
0
0
0
12816094
7664292
1610887
19000515
7782820
0
10383748
17714838
15273341
15489779
2305380
0
0
7498463
7043220
19907041
525080
11527603
0
18281720
17381659
0
19803178
0
0
0
0
21135631
20594518
0
10378258
0
0
0
3780574
15091380
0
0
845489
11184910
0
0
0
16567883
0
0
0
4239180
2755639
0
1487016
0
0
0
0
1040788
6362065
13349624
0
18770886
0
12992307
14838646
9685353
0
0
1172673
0
6443970
3009039
0
16223448
9454103
0
14151387
19909714
12179856
0
11714644
20963300
0
0
1217696
14726224
0
0
0
0
0
13626393
0
0
1400758
0
0
6346466
18816371
12163931
16813000
12036230
9679634
19710042
0
0
544
16162874
17108985
10403089
0
20526175
0
18693119
20731807
17207121
18637135
0
2182808
10490510
1291711
0
4014848
0
19647222
593
55
15551640
14124787
14151387
17828442
0
14290055
3678702
21100003
0
0
0
0
7851740
0
0
0
0
8915497
6916861
0
0
10340312
13130639
20262187
0
13712454
0
5406646
0
0
0
0
0
0
200124
14216015
20832132
0
20398464
7266686
0
0
0
0
0
0
0
19306211
0
0
0
0
0
414920
10533381
14484922
14966142
18649425
0
4346459
3992017
0
0
16573635
0
21142133
12120339
20031737
10163706
19957809
885422
14812261
6095769
0
0
16821014
0
0
18854288
15098725
0
19281712
18735996
16385652
0
19445425
14897585
20869314
0
0
0
0
1576789
0
0
0
0
18992039
10102045
15904376
20027379
12204731
534322
0
0
0
16245625
15129470
17134575
0
11178739
0
1317933
0
0
21107068
0
0
17760840
20689386
0
6541912
0
0
13230007
0
0
665669
0
9014088
19527472
15354373
18125930
13697874
0
0
9450754
8259265
0
0
0
0
20929701
20902754
335
19411588
19108046
0
0
0
11487503
0
0
9791328
20535909
18469153
19693824
0
17796050
980
0
0
15907995
5415161
0
2312336
19335788
20964494
0
0
0
16218755
13158557
0
20672236
20586064
0
0
0
0
437
0
7483627
130314
15531048
18686956
0
12904661
9031439
16804963
1371196
0
5059201
0
12168859
0
7110395
0
20097661
13678274
9364031
10612024
0
0
0
8982493
0
6003706
14622488
0
0
18238312
9012799
0
17678954
16289566
17950934
0
0
18653745
95403
0
0
0
0
0
0
0
3224220
0
20185629
0
15926012
20737080
0
20040550
8626333
21220077
20803789
19561826
0
18704480
17440270
0
0
0
0
1126446
0
0
13290148
0
18156863
20954071
20000229
0
17536773
0
0
17797251
0
0
0
0
6003706
0
16443076
8300412
0
21213887
15151830
0
0
20841824
19713582
0
0
15743610
0
0
18664018
20568604
0
6835137
0
0
0
0
0
0
7053131
7859782
0
21108546
0
0
0
21137662
20128990
16668158
0
0
13001673
0
20722501
0
0
8885719
0
0
13328287
20977513
20608484
6593552
0
0
19180587
0
1795764
1178928
10710426
0
0
0
645797
0
0
0
0
21116768
11127898
0
0
4318481
1411716
0
12459383
3791793
14008757
1182395
15857417
18479092
18022767
18728720
12787126
16603227
5608446
0
0
0
0
0
0
13223612
9354358
0
19747589
13879357
8412393
1684410
12791709
0
0
0
9918701
16819667
12791936
0
5505812
0
7251125
20774902
16325996
0
0
7184343
7513257
7982982
0
1575746
226
418444
0
18126953
8667972
15938943
0
0
0
2856329
2473954
13572539
2624456
0
0
0
0
917
0
20766291
3886917
0
1786005
10450928
0
0
0
19802587
0
0
9668228
15573797
17706732
15830185
9607844
0
0
1459900
18778996
21067081
19930821
17076387
0
1798853
712595
20741228
8843778
9070425
19572605
0
0
0
0
17758624
15163081
0
0
5114095
14079898
19106708
0
0
10345484
13687032
6301624
2129350
0
5289095
21232600
21120304
18139507
21281846
18474084
16233523
2111322
0
7398829
19961310
0
0
19829931
0
17520570
6457616
0
16198319
0
280709
0
15570120
4877512
0
7741183
0
0
14591051
18614000
10223266
0
0
0
16939876
14771421
13062066
517159
14761178
0
0
16835356
19808864
0
0
15638711
19125326
0
18432810
7104913
20738204
424699
17784995
19230389
0
0
20325577
467729
0
0
14765350
0
0
8753883
3970191
0
0
16895410
0
3715114
0
20301165
0
0
0
0
0
0
1761828
0
10736623
0
7482416
19860009
0
0
20920408
7594025
2279967
6708245
0
9522889
19853564
9328567
1887428
8965641
16047253
0
19150658
0
0
0
8772918
0
9436753
0
0
12229968
13996442
0
2224205
17463092
0
0
5416792
20836801
0
0
272326
0
0
2819645
18682953
8138889
5603845
0
20714883
18322952
20987066
493262
0
0
21295290
20675398
0
5573397
0
19629272
0
21182060
0
0
0
0
9029134
20853513
8463053
4751224
1220213
16070628
8134603
19557031
15474887
0
0
7450364
0
0
0
21233658
0
0
0
16547128
19965462
0
0
0
19187989
21303829
0
0
0
0
5654992
0
21128732
0
0
0
20455078
11520533
739780
0
3399660
17584634
19939337
0
19712347
0
14757250
1100226
11197527
0
3839142
17492685
0
19851897
0
0
0
21052543
21213772
0
0
3786730
0
0
0
16896964
0
8251894
21298649
0
10401051
44892
0
0
0
0
11260355
6712356
6069853
20988695
0
10262257
0
0
11224865
13475782
0
11220719
20640262
15059783
223238
13050522
0
14734481
9803119
0
0
21091301
2097319
0
11677586
20615052
6204856
0
14765114
3087500
381934
0
0
18447896
18712411
18431449
404550
785
0
19381032
12913023
13588001
0
16794490
0
13646073
17724743
0
0
0
0
21374445
21164371
19696605
0
0
0
12244059
0
15478001
18215751
3042277
21019622
0
20760
21164442
0
20687411
15164072
0
0
0
0
0
20262231
0
8998680
0
15570346
17594033
21288875
7667933
19148993
0
7174649
0
8938312
19574511
17790302
0
0
20817793
0
10637283
0
14626150
20202614
9918407
0
0
2461657
0
15644284
0
3436832
7421421
21294041
0
0
0
6846834
18189562
0
0
0
1424192
0
0
1504830
451
0
0
0
19975927
0
0
638689
21356038
19270708
20151763
15273391
0
15704976
20201277
0
18895361
0
19123461
15538217
0
0
0
19786501
20338
16402880
0
20277612
12606392
0
0
0
0
0
0
17580251
0
20466256
19750546
0
20918808
19140390
13918727
15145582
21317406
13474689
6899337
0
2228310
0
0
0
16678931
32896
14160103
12465869
6698881
4122163
0
20483122
4953529
0
0
0
0
0
0
806992
0
0
17297143
0
715494
15497441
0
0
21137701
18263523
0
20743700
6726268
0
2055238
0
0
0
16221338
0
0
8753527
15831839
0
0
15381040
0
0
18073928
10549919
18206996
19687031
0
13877632
0
18557188
0
0
0
922
5690493
0
14020673
19974481
0
0
15449215
21120347
19741044
0
15501365
12685677
0
0
3284032
0
19850966
16720766
0
0
0
18190857
8977003
21248989
4136622
17420407
14225101
0
21392589
0
13642458
0
21055713
0
0
16627736
5207497
17262743
18398909
0
0
0
21230104
21400939
10610134
0
20908002
300
0
0
20527093
0
0
0
0
3884553
0
16721608
0
7291411
0
955
21015611
0
0
20528395
0
19539989
2317023
0
18517991
7504636
20501080
21413402
0
11253245
20235044
0
21171218
0
451033
17221430
20770310
11584530
0
2099600
0
8394415
18368327
8941121
0
523256
19408915
0
0
17691999
21147711
0
0
662157
19858214
0
18274612
766448
0
20386752
0
18773415
7241928
18516129
12487420
13452191
14157557
2014248
7140583
0
20912921
0
0
10345204
0
4971209
0
0
19760848
15976648
19350361
5570079
0
12463082
17608197
5292485
0
0
6785544
0
14136313
0
0
0
0
18540574
9694335
0
9358323
4617051
0
15977750
0
20551927
0
761
3496836
0
21353112
10128039
21206246
0
0
21391319
20026313
0
0
0
0
19471748
11515879
14021043
20638236
3323991
14573788
6317838
0
20215746
0
0
11974365
0
7197422
0
0
20631870
0
20174156
3695031
20453050
0
0
0
8435932
0
0
0
11316937
0
0
36705
0
12246377
10810626
17431199
0
6186402
16357237
3082261
17432072
20773591
841435
19659649
16376478
0
3058585
0
0
12179644
0
0
0
0
15482918
0
19837528
0
0
0
4780002
0
21376682
0
0
10159047
18799964
19558271
0
0
0
0
0
21042643
0
12377437
20723391
0
5558612
17756980
0
17588175
0
20601704
0
0
18408415
10209940
0
13572720
20105612
19715970
21090758
11415173
0
12918061
0
0
0
0
0
0
0
0
0
18916795
20348077
7034052
0
6371903
0
0
4634920
18098515
8225948
860693
0
0
0
0
9817151
0
0
0
8753041
0
12721512
0
3456554
21299014
9870949
0
2673749
0
17818237
9475257
0
0
0
20736631
0
0
0
15676503
0
0
11107018
0
0
20386220
3820061
0
0
0
17304634
17489859
0
0
3587834
0
0
9425540
0
0
0
8465393
18377324
0
9478061
0
21115699
0
0
0
13912485
20826011
0
0
0
12404790
17167172
0
19159728
2049862
21163515
0
0
19393228
0
0
1391779
0
0
0
19324885
8836678
0
0
0
20435841
0
0
20667914
0
6657528
0
0
7137843
0
0
0
0
0
19761123
0
0
11432598
0
11245265
11560502
0
19917834
7488362
0
0
21250641
0
7659247
18960079
0
0
0
0
0
17213832
19635508
0
0
20821183
0
0
0
0
4772371
16324072
2787714
0
0
0
4566494
17877708
12740123
0
0
9916848
0
21115550
16484824
0
21189957
21220443
20887776
0
38935
0
0
15515450
14032423
19951364
20324479
0
20964557
0
16013787
0
0
5957674
21307736
17186614
16591782
0
20642608
2793
0
0
18485781
0
18277905
19856573
0
0
0
14406349
0
0
20766461
0
19816976
698
0
0
0
19040313
0
0
9914251
0
0
10164290
0
0
743940
0
613
17490944
0
0
0
15433769
0
2182760
0
4518017
16187952
11631328
0
19122501
3184157
0
14181480
0
0
0
0
14574656
0
5420062
0
0
0
12376660
0
19411105
0
8031277
16568917
10868539
0
0
21166759
20291233
0
0
17526497
0
13130034
21074014
0
0
19572635
4948916
0
62152
14848899
0
20830892
0
15179719
0
14237775
11633021
20755104
1201825
2218387
0
0
0
6286560
18850652
13041359
0
0
0
0
0
19798141
0
0
9553994
0
17405049
9219700
0
18355957
8383234
19483100
0
11236688
3140856
0
21250586
0
16164018
0
18034329
13416164
0
13051823
3812877
16501086
0
0
15119894
949360
8646569
4406600
12690212
0
0
0
18724317
0
21192587
0
16899416
0
0
0
7814824
0
0
0
13523501
19475158
21094404
0
8965832
2898
0
256164
621
0
0
15610869
0
14719921
14244504
9033446
0
15777501
0
0
0
15921968
0
0
0
5772221
0
0
9954783
6856460
19769543
15972326
15943442
0
10611449
0
12683773
0
19152282
0
16337175
18423740
21289478
0
0
0
13025819
20609232
18594477
0
15534861
0
0
0
0
0
5403464
0
0
19168495
0
12356442
0
0
0
0
20854231
0
0
483090
0
0
890471
12934848
15579474
2945614
11087471
19171692
881
9144582
15650481
21070778
20306672
20629401
14326396
0
0
20901574
0
0
0
21054473
8763853
0
0
21565868
0
0
18563857
21557263
0
0
17441546
16272369
19796008
12752069
0
12978085
18605809
0
5463960
0
13473107
2231876
0
3663150
19830779
18336563
0
0
0
21299937
19711545
0
16919588
0
21174551
13681729
21345126
20740629
7515821
17231299
0
0
21583021
5141595
16562085
0
8472490
0
15217230
0
0
20318040
0
21536008
20501479
18403876
12251846
21177320
0
0
19394443
0
796
0
12214791
0
13445867
0
21029615
20047021
0
0
0
21319467
0
0
14453000
2924232
20865245
0
16977787
0
16959382
13105578
8766113
12881951
1317823
0
0
16591802
0
0
21417440
4028593
15949322
18872369
983888
0
16759017
0
0
0
18503483
0
0
20461943
11652379
0
20415524
21606658
0
0
19868441
2260444
19152448
5302369
10734411
0
20287569
3337608
0
0
3050818
6634577
0
7769611
14918982
9351519
20302164
11360983
0
17286362
0
13928738
0
3322724
20266479
0
3420603
0
10529259
0
15616930
0
0
0
20003501
0
21472184
0
0
16560179
20592646
0
0
19951973
0
19043441
0
5123096
7213743
0
0
0
15601635
0
0
21178749
10268373
0
0
21578804
0
0
18122723
21360548
14906252
0
0
0
0
21604465
18906716
53165
0
0
21345183
20929405
0
14346592
21353720
0
0
21138832
18904618
16514456
0
20054457
0
0
0
0
5352925
15295876
8845239
15043293
0
6899656
10379606
0
0
0
2734233
0
0
21057427
21358135
15607472
0
10376404
14692029
0
0
19978253
0
0
10448660
0
0
4384432
0
21411304
0
20567128
0
0
0
21273936
14227840
0
0
19325226
14128526
0
19922460
6701443
932767
0
4253613
0
0
18546609
15013998
0
5320852
14574833
11951259
21466544
0
0
18292292
13023973
18027385
8473486
0
0
5136621
19954918
0
12763863
20747763
0
14381548
16544142
0
21404746
0
13946091
20634245
0
0
12232625
0
20233425
0
5312814
18285093
3399151
0
8378936
19975437
0
12147577
496311
4271537
12657946
0
20426166
0
21075480
0
0
21480215
13897562
3380013
0
0
7136925
21260942
21426612
0
0
0
0
0
0
645950
7122250
14967458
18904512
0
15914097
20631403
1737909
0
0
0
0
17296877
0
17520154
279850
6486321
16121185
0
3365861
0
2793174
21378066
0
0
16919470
9449419
0
0
0
0
16418589
21095890
225057
18110875
11542183
20965589
19068940
8900408
0
0
21472765
13699380
0
17293266
0
18319375
0
0
15382818
0
10940494
0
2640530
21290902
20875010
0
1026619
21122932
0
0
0
14683083
10313617
5420485
0
0
0
0
16587939
18893449
2602259
0
0
8088207
0
0
4228663
21202523
0
0
20694052
21135974
0
0
0
21288786
0
6661275
0
0
16589374
20335769
0
3282048
699
20206072
18435405
6441985
0
0
0
7957994
0
0
15101776
21028855
17243118
0
1326254
10800615
20917213
0
21642343
7573632
0
0
0
10447629
4915168
0
14360180
10930181
0
0
15747370
19319803
20933472
0
18144473
0
0
19499649
21404355
7051168
19049370
0
0
2699057
0
0
21357748
0
0
0
2109888
0
0
3475002
7331926
20818064
0
13448551
3790549
0
16321044
1431129
0
0
0
0
0
0
0
0
13500781
0
6144632
0
0
0
0
0
0
10409429
0
19049440
0
19949516
0
0
14435604
0
0
0
0
0
20939210
0
2002989
10648681
18951193
0
2008663
20562877
0
13249757
5968010
15513448
19021411
0
17929488
11269455
10797830
13092524
0
18956741
17905347
0
15916292
11461404
0
17654929
0
17152885
11714108
0
17255705
21305593
14768227
20033089
583411
19653553
20453209
0
8449201
19957377
0
0
0
0
13992067
16143550
0
0
0
4056969
17652389
282
14507895
21349706
6253510
0
0
0
0
16626359
8680330
5138264
4381993
7801220
20350508
0
0
7082308
5954844
5986680
0
0
0
0
5519125
8918003
0
0
13974593
16606001
18490762
0
17081710
0
0
0
5579215
21719732
15149006
0
0
6302775
0
21351843
1324270
16632882
9614799
16548337
14924501
173447
3862318
0
17670450
14738403
18517528
0
1361931
0
8870090
0
0
3693588
16192729
18517904
0
0
942
7815648
0
819
0
0
14589688
0
554804
12214306
0
0
17728461
0
0
0
3901683
0
21167689
0
21588471
6774404
19327652
4067365
7111576
0
0
0
0
0
21581894
7695717
0
6213821
19355962
6697279
0
0
6997324
18515333
7252902
0
0
0
0
0
0
0
21205011
2329952
10062277
20296111
0
0
3031672
20411104
0
0
16352520
0
0
2974079
940815
0
0
16474120
0
20223917
0
21660605
9993452
12688637
0
0
0
0
0
0
0
0
20609105
3223372
14153543
7946466
5517294
0
0
20604645
0
7902140
0
15682971
3111151
21239520
0
0
0
17384881
0
0
0
19349116
21339523
0
0
20853984
955872
6427628
0
20421535
16612515
0
0
0
0
0
0
0
19348842
0
16963863
16102748
7137001
0
16384292
0
21471652
0
17944191
1106595
10517169
15197977
0
0
18527809
0
0
0
0
95268
0
21195814
13501549
18102424
3252143
0
20049348
17551594
0
20076893
0
0
18399221
17457781
0
0
17251757
0
0
9601107
0
0
16106501
0
6634807
21529294
0
13470999
0
0
1584499
0
9372241
21479819
19141451
0
16557356
19760052
0
3013500
21711066
0
0
20815237
19329300
20528598
12244013
0
13345465
0
0
15732652
19114798
411260
2705666
0
12270419
0
3939123
21715474
0
11926704
0
0
20934622
16891410
0
0
0
0
0
14358621
0
18460920
0
4989918
9393174
0
21161922
2763465
0
0
8998133
18333822
0
0
20626889
0
0
21131324
0
384523
0
0
14057558
21185819
0
0
0
10145827
17451111
0
0
379271
14850697
0
0
0
21084061
0
0
18511795
9990745
21741593
16058528
8374486
19561351
0
0
7954151
10706427
17146406
0
18971515
0
21113563
0
0
0
21795142
0
0
0
3722886
0
12776622
20298452
0
0
21607226
0
0
2773549
11646064
16061078
0
8743321
6575915
19394281
0
0
0
0
20441664
0
0
0
16883790
0
0
11925795
12771766
0
14526443
0
0
10037891
17915305
21340010
21012349
21796262
0
0
0
0
14732302
0
17923935
0
11805914
0
0
21377737
0
15766002
0
0
0
0
0
12822557
105679
19118890
361929
0
4519193
0
11687758
15838897
0
0
0
18788817
8437891
0
2618863
7754168
4188435
0
0
17120641
20114098
21717347
12292936
7702064
19517224
0
20280673
0
0
0
0
0
0
18128524
0
3147647
0
0
0
17729855
6034823
8154038
0
20750213
17326940
17341554
19184483
0
20442327
17326481
21783652
19678495
0
7684565
21819338
1527342
13421005
3777495
19549493
0
0
0
0
0
17910864
21314489
8056236
0
0
0
3473983
17156056
19682989
21305110
17780421
7203050
0
0
0
0
0
5956602
3766234
191333
267131
10747851
0
0
0
15371559
0
0
0
3474746
16843110
0
21399240
0
0
0
21384635
0
6590907
0
1291863
0
0
14538484
0
1033164
0
0
0
15107662
20948682
0
0
13027919
10727819
21729931
21677387
0
0
14128394
18349386
0
0
652480
0
0
19168311
0
21707808
0
18256180
3108362
11956432
20415682
15652328
0
0
21817883
1277829
0
21772150
21521442
973830
16012686
6571688
5660056
0
19198116
0
21740155
0
0
0
20803666
11372274
21199628
10991981
0
0
10990634
14393379
15776847
16090301
21772674
0
0
0
19008220
5586404
0
569
0
3470768
13938966
0
20443847
0
0
0
3780574
0
16899331
0
0
0
0
18423133
0
10589090
0
651
17073446
0
3811252
17183928
0
0
0
18099501
9612248
0
5349103
18727040
0
20927645
1854688
21538237
19992486
0
0
0
21735631
0
0
0
20307096
0
21783335
20773226
0
15195483
6026853
21592967
0
3279587
0
0
14503169
13796646
17663770
0
0
0
0
12382917
0
21481197
18516354
0
12298972
12909528
13641805
0
0
0
5062024
49937
13139286
0
0
18294888
0
20643188
14391588
0
0
4403430
9381311
6159049
20834462
15017894
17885127
21559206
14201115
19631940
14499113
948632
18330479
13285405
0
11431073
15650141
16945016
0
0
0
21005130
14321935
20675427
0
21817518
0
0
0
13255582
0
0
0
21197360
12883696
21597655
0
415046
21484276
0
3068503
0
11827873
0
0
13673050
0
0
10773430
0
0
13843379
0
4236895
21850610
0
0
4170316
0
9695778
0
0
0
2601825
11975079
0
16237637
18807230
0
15906680
21166442
1575488
0
20284934
0
0
11763672
20261857
0
68
20315056
18516412
7854793
16545919
141720
14900104
0
0
12547899
0
20323053
20450474
21657340
8771738
12419547
0
0
0
0
0
0
20297965
0
19811832
0
7211127
0
0
21639507
0
2343596
0
0
19798163
12178154
7431810
18696497
16058389
0
0
0
17887088
0
0
14488181
0
4062116
13255527
15427185
20307131
0
17934298
0
12421718
6723884
20944389
21672865
15949802
0
0
17948234
3867805
17929969
0
3072493
470304
0
19952408
0
10415374
0
0
0
0
21849142
16514024
0
0
17868803
11860147
0
3715999
8791475
10799800
0
20555839
21349047
18692052
0
5286848
0
713
0
0
17706106
18345132
0
0
21664967
0
19092947
21522766
0
13163405
16187945
0
16041282
0
17374297
16229136
21357207
12291297
21314656
0
7418453
21340475
18347204
16877451
19359624
0
3162470
5088250
0
2440362
5793794
0
2969615
4592993
0
6445687
0
15457127
12530838
21898857
0
21359103
12704968
0
0
0
0
0
6942763
7188217
0
0
0
0
7437575
16750865
11858551
0
15068933
7711641
5216940
0
0
0
0
0
0
11101769
11851246
0
0
0
21814368
0
4846684
0
0
0
571987
19523730
21784157
0
9032187
5798498
21946826
0
0
7309183
0
7246728
17735561
17848282
716275
16840852
1427195
1060268
6591618
21778769
0
0
0
0
6061828
0
0
20587244
0
15366542
0
238935
14823932
1815049
0
19794409
19258703
0
0
0
0
0
0
21694311
14940358
20677671
15037836
0
0
20357327
0
20852799
10810948
6394095
13385765
19038393
10280510
0
18628193
21356330
0
9845403
7187726
0
0
17360633
17824769
0
0
20285756
15683428
19636817
0
15428987
21647824
0
0
15532928
14795234
9889111
0
0
14225998
0
17758487
0
20486036
21467561
0
0
18200172
12407752
15979010
16737940
0
0
5700653
0
4490649
0
16971478
14116129
12391588
4741406
0
18043310
18653111
0
18329123
19792237
0
10693766
21768637
0
0
20746025
0
0
0
19262090
12086171
0
0
0
17698732
7678338
15230889
0
73461
18607387
16980580
0
21947779
16753746
0
0
0
0
0
0
18680241
21098877
18995
3188148
0
544
0
21694883
7481694
0
0
3822390
0
20627675
0
0
20037659
21622400
0
0
0
0
14751411
7989395
13623451
11217388
0
9424489
0
0
0
20517143
20485117
0
0
21928026
0
0
19282774
0
0
0
0
1695320
19542199
21714029
0
219535
0
0
0
0
0
5215985
20282957
19980848
0
19577620
199
17175155
21304064
0
0
0
21050135
0
0
0
0
4718110
20060202
0
20780003
0
0
11688089
0
0
0
0
4423797
0
7851817
0
80
4523909
0
19724454
1702551
18319999
0
0
16002291
0
19169154
0
0
5137972
0
0
16863889
14541788
7936986
0
16398939
0
10269472
0
2744127
10124998
7165000
0
10805975
13044583
0
0
0
7395666
19667606
0
7341366
0
0
15916768
0
0
0
21867881
0
20689983
18043692
21271530
0
10158531
16399304
0
0
21603686
2750808
0
0
0
13845001
20760
9789720
2029226
9193977
6003566
21076891
19116226
18336227
13924926
14218949
10016438
21694054
19168
20924644
2193798
0
19110727
0
0
0
1430711
10849392
21360806
0
0
196
17892564
16898575
12574142
0
1441582
2034756
20270188
19938153
0
9594440
21430721
1617765
0
20796979
0
0
0
20939879
19752790
0
0
434706
0
13305948
1154425
13364218
0
0
0
0
21632997
2877943
16932704
0
0
19918593
14620389
7775072
5284794
0
7330426
0
0
21418090
0
0
17019174
0
0
0
425
0
16081533
15324529
17226304
17401644
0
18686747
0
0
14422517
21758046
19248518
0
18351068
0
0
0
7847904
6814457
143
3167075
0
0
0
7791903
21850965
6919279
9302972
17855583
13499659
18916779
0
13200235
0
0
5334479
0
21346572
0
15346610
1124336
0
0
0
15125875
0
5405412
18907741
0
0
0
0
21536977
0
0
17787443
0
2469769
3714569
0
0
0
381734
0
0
0
21995353
0
0
18475226
894824
0
7719801
18319831
0
0
0
14695691
15126723
0
3151426
16975432
0
21942927
14625064
0
0
8474789
0
10566333
0
0
70782
20349517
7054508
0
2738
3892527
13211900
11325049
3594348
13916965
0
0
14500754
0
10492614
0
0
0
4112234
0
0
0
0
4351386
16901100
0
15549649
21573666
0
0
0
0
18651277
0
8118422
10692414
199699
20016567
0
21910009
986306
20766099
0
19587690
0
0
0
0
11594771
0
21145460
4729054
0
10640285
0
0
12926106
2869938
0
6467227
8096445
21286261
16571734
0
3189282
9233745
0
6572296
16750485
0
17090058
0
0
0
21199149
0
1981470
16664457
20017206
0
2715229
18682968
4358371
5834005
0
0
9604390
20077804
19167408
0
0
21833452
21814644
0
0
19497413
0
20612792
14520124
0
0
20928446
6146784
0
466148
21793206
21598761
5679925
0
0
0
10835956
0
20032784
22052278
0
7676307
0
21065369
12124840
0
0
0
21344449
8685295
0
9696553
1845302
4859
19862010
0
14392281
21711708
4421157
12481476
0
0
21690235
13450584
10676679
564636
678392
0
0
14308154
18796670
20722034
3210024
10699949
21085509
0
17624453
0
16979514
20834462
0
0
0
0
10811797
0
3205001
0
18748586
4694926
1447720
14662195
10884623
21373363
0
18733427
0
0
0
6173385
0
2054244
0
20067720
0
19398292
13582119
0
12701895
0
20015973
21880707
0
15976371
0
17867488
0
12899517
0
0
17884603
20535308
15233563
15090097
11525038
0
16858721
12001308
1416484
1149362
18984515
0
14418950
19543416
16908795
0
21895371
12294025
19266721
14547914
0
0
0
0
0
0
21682698
0
0
18698129
879
17420763
1389362
21473853
0
7018499
0
0
0
21925854
21363548
9901938
0
8401385
21877494
0
13373261
0
0
0
0
10200285
10783899
0
10512460
4184403
15789985
0
20470504
11347519
0
0
14145850
19884705
18859364
0
0
0
15290482
19079446
0
0
0
0
14098170
0
8007316
16729102
0
0
10991381
0
18548386
0
21884212
0
4667847
21562115
16479922
21538847
0
20180347
20436096
22120981
0
0
437576
0
15395627
5591694
0
0
0
0
4264565
14693387
1955578
0
14410853
1158262
0
2847947
0
20290789
13102721
16750228
21147544
19983930
0
0
0
21551629
19899496
0
14573031
0
18880060
18535230
17631818
15293343
0
9070105
0
108039
0
0
16887097
21877186
13999507
21313364
0
2133203
6760102
1259350
19961904
0
8467952
0
0
0
0
20109168
0
17272128
0
0
0
0
20445106
0
0
0
17881069
8567182
0
7622381
0
0
0
20013104
14634935
17019962
16556833
0
0
10638094
0
6061910
22034613
0
0
20127387
20458364
16722216
0
0
0
0
9836922
0
0
0
14722633
6514429
21434730
0
0
0
17903283
12562639
0
20756245
0
0
0
21877773
0
0
16931841
3903802
0
21958438
19780745
0
0
0
4089400
0
21920125
0
0
18997813
0
0
11989820
0
0
10987904
19152441
0
0
20698336
2756368
0
0
0
0
6916861
13164
12562829
0
21486995
0
0
2455557
12516140
0
0
0
16310917
0
19617643
16183999
9038070
0
21046773
0
0
21896698
0
6634667
20133444
20832263
7955587
15147291
18748070
0
0
0
19175725
0
0
4144169
21038361
709487
1151643
18761520
0
11684543
11423997
0
0
0
0
5927598
0
20830920
21900049
0
17417985
0
0
61135
13083461
11704351
3806873
0
14155423
21621185
19484206
0
0
21874298
4307969
0
0
19608497
0
10630318
13120846
0
12000660
20471984
0
20843428
21846891
18431449
21018432
11711767
9034408
11304809
4089103
12815862
16738728
21045188
0
0
4815768
2135866
15329348
0
0
13890653
0
18974439
21901702
0
0
9456214
0
0
0
21386880
14190511
0
5379851
17031920
0
15553129
0
0
0
0
0
0
0
5347686
11624465
10512054
22072741
1893954
0
12949892
110151
0
0
16443041
0
17057165
19055453
19171545
1171993
0
16466846
9890426
0
0
2387150
0
20992022
0
12063156
6236137
0
0
0
6032624
0
0
0
0
0
21768153
20189386
0
0
3450418
0
22125221
17466567
0
19264643
0
0
0
0
895082
8671644
145264
10607395
18772271
0
12743824
0
7301240
0
0
0
0
16310449
21886774
6181370
11431524
20942868
20906213
18158404
17911030
0
21848327
0
0
0
0
0
0
0
3709879
0
0
0
153439
0
13503008
2452743
16690627
5934566
0
4268186
0
12046859
3030733
21734962
0
6816590
0
0
0
0
0
0
0
0
19146381
1427218
0
0
0
12798103
0
0
18198154
3536762
0
19881610
13560689
0
4981674
0
0
0
0
0
0
1126523
21240168
16601101
20078813
0
0
0
0
0
0
21973010
13933814
17960763
940945
10921247
0
0
16001863
3316186
19618297
0
19956542
182293
12197019
0
8559125
0
9978878
0
0
21261030
0
4496631
0
21642146
22111609
0
20949413
0
0
0
7745298
9521072
8710467
0
18016453
21721576
0
21659975
2
14174378
85820
8244106
0
0
0
19122981
0
0
0
0
0
0
0
20687922
0
8281257
12042442
0
0
20439701
21705598
21484022
6406111
17233768
0
0
21417055
25509
426057
0
9966255
16406067
22216461
14621553
0
17560937
0
0
13419317
18005570
0
2929451
21060859
0
21023159
0
0
8272027
0
15109519
11249959
0
20418901
0
20098406
12635
13550917
0
18353320
0
0
13406942
0
19759081
0
7687262
21402804
0
19458075
0
11610686
19054185
21965154
0
2764175
0
0
0
0
2432915
0
0
371
466550
0
10628228
11881442
14566238
21191777
0
0
0
14247944
0
0
0
17724047
12915805
20671036
13313279
0
0
21606994
0
0
0
0
8650649
11079775
0
0
0
12857887
20322090
0
0
0
9099248
20474521
214935
2520374
18072669
10538072
21421109
0
21417149
0
21977939
213773
21971806
17172111
18363613
13619999
9822396
0
0
19451524
0
3529715
16104832
0
0
3113547
11001336
0
0
18106572
802761
1799043
0
3237047
7567654
0
21809733
0
0
9813134
0
10311045
17478069
0
0
0
8465393
143165
0
0
15150930
0
10484195
1762870
17313435
0
0
13916281
13865832
21540355
18817978
18343174
0
0
14977862
1653324
16255961
0
21923317
0
12514867
0
8772460
1773249
0
17176176
1677586
5701447
1111947
9451246
0
18691892
5748312
21221026
0
21966687
19574025
0
0
0
0
16296640
16924967
0
0
14050654
14333409
0
1733197
0
954595
0
0
0
0
3332758
15627544
17281815
21369598
17081185
0
0
0
0
0
0
0
1783029
0
0
22288962
0
0
5617485
0
0
0
0
11767
183189
0
0
0
0
83072
12662315
0
7536289
0
9817219
0
12342045
0
0
0
0
955
0
0
0
0
0
2889879
0
2452933
0
0
21562770
14732803
0
17007762
0
21197865
0
18328969
0
20887631
0
0
15461024
0
6163431
14954859
0
0
5084940
0
0
0
0
0
14941168
7071658
612274
0
0
0
0
10656766
11506667
0
13215517
0
21359047
708816
0
21816592
4930191
10407680
10864014
7335511
0
346311
0
0
19950373
18752705
0
19383152
0
0
3901182
0
20466338
6415284
0
21889581
1979684
8378832
3522223
0
0
0
4214005
0
0
10023796
14625106
15268184
0
21324441
10657448
0
6164373
0
0
15135647
10809555
11545004
0
0
21723958
18419571
1564466
7970801
22185386
18853920
0
0
13467926
0
21958471
12050365
0
0
14161876
22254179
0
20305662
14293256
0
9939869
0
20132268
7326750
22269475
1977992
11515069
0
21633134
0
1044458
0
0
17090937
21511110
0
0
0
22213846
0
0
0
0
0
0
22036300
0
0
0
0
21147644
19147332
1051199
22311566
0
0
21414971
0
22262930
11060674
0
16184189
0
2095765
0
0
1894802
17599263
0
0
17544875
9413656
0
19320350
0
0
0
0
9056716
0
0
4070524
0
21779639
3938178
15849053
0
1788002
0
5796114
10983591
0
0
0
4841692
21342744
0
15146597
4793771
0
13346294
22265098
2432915
21405978
0
22219335
0
0
0
0
0
9568314
0
0
14392797
19450235
0
5213086
7620343
0
0
0
0
7633855
0
0
0
0
19108098
0
19767613
0
19997474
0
21599521
0
14918542
20724937
0
20616312
0
8813169
0
0
0
11959186
0
0
8391967
13247013
0
0
0
18886384
0
0
21510653
0
18366840
12429437
10484969
0
18597769
0
12597288
0
9561358
0
0
0
20629398
0
0
0
0
0
0
0
0
0
0
12075520
16225001
21968568
8410715
19377393
18493468
1320754
0
0
1370131
0
19549170
1929244
0
12625995
0
0
8180217
0
0
8680474
0
7315339
0
22335902
694448
0
0
16352809
17722383
0
17291454
21443194
19564420
6023036
0
0
0
0
19059526
21124397
0
0
3821189
0
18194539
1783399
8107444
0
0
0
8818636
5749083
14408633
1697201
3903802
0
0
0
0
16263202
0
6520804
0
0
0
10879577
18744462
0
0
0
0
8489341
17950469
237071
0
14390130
22144897
0
0
21662749
0
19304129
7850397
0
14351908
0
0
0
20904933
9166577
8540902
0
20140699
0
0
15240168
19383152
0
0
7483152
0
12968126
21158361
0
0
0
6376693
0
456215
22261804
9557810
0
0
0
12462963
1457069
22324107
18525266
22095489
0
0
0
18063135
0
0
6784144
0
21657379
0
22177866
13072854
14238398
0
0
11581172
18879825
0
4039587
0
19072610
0
12783000
0
0
0
22058553
15100252
0
18208237
20974469
0
0
18277837
21897291
17630670
8558521
19867224
0
0
0
6654868
0
0
22202316
4173471
21867514
10120687
0
0
0
0
0
16878358
0
0
0
21690097
17709673
0
0
19191065
0
0
18530895
20157940
0
0
5860970
0
1654176
17372011
0
17065129
0
0
0
0
0
7106621
0
13278900
15610331
0
0
0
0
0
21442670
21879245
20713350
0
13640009
0
14821457
0
0
0
5340067
20155211
2287139
21710490
0
0
19162597
21699122
0
13466258
15513890
0
18991854
0
19735471
10695610
19603166
0
17853009
17950977
0
18200548
21165883
0
0
18162376
2768094
194746
9465421
0
19311202
8782616
0
0
0
17828140
0
4731158
0
16882099
0
0
0
0
20271277
0
0
9461115
21808903
0
20780564
18109278
16124794
0
0
16739914
14758001
0
22282711
17488301
0
0
0
1242132
21036703
0
0
8131559
19448888
21089846
13329719
0
0
18553130
0
9534524
7608874
9467233
0
7634544
5695956
9990059
0
0
19492437
0
55140
22316467
0
22075316
1598633
0
3930875
17401005
12165919
0
0
6965277
0
0
0
0
0
0
12407935
21204218
0
20007553
16876938
0
13548943
1963
12177409
21885122
0
0
0
0
1675985
17737419
0
0
8510251
0
0
0
22103602
21785010
12663781
0
0
0
0
21213365
21034873
0
0
5965686
21113764
14558658
11421028
0
16033852
19227707
636005
15530186
9229972
17868459
11543693
0
16893627
14640616
7999450
0
0
20332076
17977842
20641957
0
11190718
18410822
11003970
21638580
16524117
0
0
22010056
0
0
0
16781591
21516798
0
11587498
0
21376085
0
0
0
0
12278143
18526122
19165716
0
7976439
13256607
0
8636337
14279610
15972750
0
0
18560241
0
22329556
0
21343635
0
0
17309475
0
19951798
0
22214045
6344224
0
19643615
3227672
18511160
640
19783266
22390552
0
19116
21613775
0
0
17030868
6474672
15351656
22147840
0
0
12269041
0
9699395
0
0
22175912
0
12231836
0
23889
12378630
16412373
0
0
9275775
0
0
18707019
15380929
9976418
0
0
16355223
21876154
0
0
21655984
18005224
3305694
0
3664650
19477343
10532720
11405047
0
21737088
21004522
22391654
20486443
0
22455731
19108348
0
6599519
0
20287818
19503405
5885759
0
0
0
22128137
19089376
14934192
0
22252614
827012
0
0
0
0
8165883
0
2304808
0
21519757
22370740
0
1914195
0
9166224
0
0
0
2514338
3032951
19627423
0
0
21854109
19152798
0
0
0
0
0
16387595
0
7433291
21558795
0
20683440
0
0
6040346
0
0
13773100
0
0
0
9997736
0
0
0
0
0
0
22246894
0
0
0
20404423
4157376
0
0
12531234
19882588
18321110
0
0
5342931
13220689
19791897
14987026
0
0
0
20572509
0
0
3868801
13982356
0
0
0
512590
20716102
17533676
22028317
6445188
0
0
2494093
0
0
0
4314042
21399074
10203675
20868792
11776184
20491390
21918562
0
19333677
0
0
0
0
0
22006551
9163027
19167354
0
21007408
19419798
17772745
16476611
4969164
22030172
21976436
11501350
0
17864912
0
0
0
0
17925918
2762954
0
0
16771516
0
0
1346192
0
20454973
15153296
21295871
19256273
0
22197444
11922673
18240533
4827705
16485915
0
0
0
0
0
21788508
12859302
0
0
17291005
21994093
0
0
0
7636324
10426244
0
21883781
0
0
21676651
13012645
0
0
20216904
20411116
0
0
0
0
11240960
10733050
21853810
15623387
9513584
0
0
0
0
15420171
16952990
0
0
0
19996089
4733338
0
11991081
0
0
4116985
20908095
0
0
22051497
2038004
0
0
0
0
22171773
0
20094098
0
0
21273011
0
0
0
0
22400764
20736580
0
14100566
14000046
2027916
12714702
0
0
22214819
0
12487216
0
20101821
21288732
0
9196637
0
0
0
0
0
8265027
0
22531238
0
7861634
6646906
10202176
6304528
22419425
11944822
8157916
14491921
0
207709
0
2432519
18691509
0
0
22010928
619235
0
5445333
20711185
0
0
22453092
5395233
0
21466912
3913032
0
11538530
20048455
10588761
11651834
0
20002792
13107430
19050007
0
16301970
22402123
0
21878048
0
0
14768927
14438487
0
0
0
1057621
12037312
0
18073908
18103026
0
21280722
4380722
0
22252646
5055691
0
0
0
0
22508762
22233359
0
0
0
17392824
0
2425949
0
21536264
21985332
19140764
8172993
0
3548171
22458229
0
0
0
13586393
0
19366452
21996666
0
0
0
0
0
5942129
17396995
0
5721540
0
12180868
0
0
0
0
21776201
3655223
7466512
20976076
0
0
0
0
5529714
15260337
19232236
0
0
17499325
0
0
0
0
0
18976765
20304209
0
13541461
8600188
0
10437625
9079277
0
0
0
12907550
0
0
22325585
9126335
21473018
0
18128591
3674089
0
0
17233069
0
17083073
0
0
8311485
147247
22016557
22083625
42933
184228
0
0
0
22570506
12457014
8349
0
0
16233822
0
0
0
3981321
4834514
0
0
19002741
0
20664167
0
0
0
0
0
918
15227614
18593249
7528885
0
15061321
0
1913997
8597315
3813137
21822929
18136755
21105072
0
0
21700604
21603257
0
12332649
696183
0
0
3844523
0
0
20696040
7430285
0
3224132
0
2650027
0
0
272218
18672873
21813134
0
20437448
0
0
17905370
2353752
0
19655667
20464494
0
9869938
0
17636572
0
0
0
0
0
19043684
4354861
22035417
0
11494070
737
21920691
19200107
15285573
19327231
0
22311865
19839760
5137571
0
0
20215066
1546095
0
22083954
0
17896618
20103036
0
0
0
0
21482817
0
21834805
18923106
8632846
0
0
21541236
21549603
0
0
16863825
0
0
0
19567594
7387
22469078
22286458
0
22305064
0
0
18145635
0
21548934
0
0
0
0
0
21058110
0
12047910
0
22290310
0
0
0
0
0
0
11631048
0
0
20697107
18989160
0
0
6874618
0
6191731
22494484
9397125
0
3217489
0
0
0
0
17666155
324752
0
0
20110360
0
0
0
0
14401747
0
0
0
16679236
12142938
14190805
16708383
17946190
21459886
0
18467970
0
0
0
13846443
0
15166917
19377017
13462603
0
17999434
2720327
6243442
0
432260
22569191
5239618
0
0
14758935
0
20802999
0
0
22506413
20258502
0
0
468072
0
19841786
0
19400982
0
0
5407497
0
0
0
0
17398200
22378990
5901366
13033191
0
0
21385339
2670825
22206264
0
0
20717319
14940026
961201
12531027
7941480
0
0
22051860
0
2361744
0
13068210
0
0
17750101
17843615
0
0
21889191
0
21998626
22190492
12611510
16070632
22177577
0
0
21134077
22159584
0
0
21274047
0
20588302
0
0
16353391
21918627
12266830
15497068
22603248
0
0
21189203
354412
0
11935470
0
3362417
0
0
22463399
21245913
0
108146
22516809
0
12014528
17012065
10206323
0
21879400
20511136
17616385
0
14624879
21664073
0
6804318
556
0
16091040
18989711
0
11559097
10794770
0
18017691
0
0
0
0
0
0
0
12919135
0
14587977
0
19705781
8010667
0
13802916
14450806
0
12934992
14963462
0
20693168
0
0
17363512
21098127
14724961
19224250
0
22061854
21670518
0
0
14034065
0
0
0
0
0
12729327
20355096
3307533
1566815
16427168
14045801
19151614
22164939
5251567
14033861
0
0
9965877
0
0
0
19515706
10338136
3514385
8882743
21547395
0
0
0
0
0
0
227
0
21191863
11626856
0
0
20122282
0
0
0
0
18125498
0
21480860
19437882
0
0
21031075
22323905
0
1499305
0
0
6168486
17314836
0
9618559
0
969596
22215208
20899896
10807008
16422068
63031
3966209
0
21999970
18950280
0
22628790
0
18745508
22705661
0
9938941
0
20235407
13914486
0
411030
0
0
0
3185109
0
0
20256765
4720080
9241679
0
0
0
0
0
0
0
2646559
15473878
0
18106587
20251287
0
0
8195287
0
0
0
8136989
20884759
13248017
0
15704667
0
0
14840853
13665207
12782771
11846351
17022650
0
0
8926746
0
1497123
0
13026249
14821051
13803441
21437138
0
0
9072939
0
0
22453702
7809807
0
16528998
3200128
0
6047412
13244640
0
0
0
0
131660
20944005
8624146
20257000
14534486
0
675095
0
14594234
9697252
16734609
0
2431213
0
2506239
0
0
0
0
17603055
0
18917665
0
1811849
0
0
4598029
7914329
18905857
16968590
21145541
0
0
21338563
8069454
0
22736901
0
0
17747062
0
0
0
110465
17297328
3948506
16709065
22399267
0
0
0
21478553
18046990
20907695
12517346
0
9198915
0
15562432
5232161
0
21948034
17579378
0
12093711
0
11788788
0
8059089
9731632
16237141
0
22622940
17468952
19952793
0
0
0
0
0
0
16376745
0
20473892
0
6185030
9980392
22359881
0
16680009
0
0
705
0
15305351
0
22323849
0
17690150
0
16623704
19915331
15387206
8319734
0
0
20862650
1974329
15073129
0
0
17090792
22455526
0
949603
0
3405521
0
0
915914
17908967
0
0
0
0
0
9873569
0
20718211
0
0
0
0
8846520
0
0
0
15290021
22576820
21525176
0
19808563
20968386
0
18552430
77911
20703661
1457323
0
0
22175251
0
0
0
22722873
9109317
0
20879966
20068322
0
0
0
0
0
0
0
22683502
21119371
19778393
0
0
0
0
0
0
0
0
90703
4864157
0
0
0
0
20679090
17063875
19041341
0
11800237
0
0
14356595
12113561
0
0
5368614
11863957
0
20619832
0
0
0
20491084
0
13046489
21422251
0
0
9779053
0
11058116
0
22568093
22183960
0
0
0
11506365
0
0
21905839
0
9259249
0
7253408
0
20548064
10146769
22456332
21594875
18461662
0
19603072
22120698
16128258
0
19746912
12425324
8305377
0
0
13286303
1249023
0
0
0
0
22746433
0
0
0
20456963
0
0
4153039
0
22674867
17677253
0
0
0
0
16357295
21895498
0
0
0
22501005
0
9351896
10173990
8714984
11813668
0
355
0
0
13369987
20680638
0
19389006
0
9018730
6459638
0
20248352
0
0
0
17267447
0
0
0
0
0
8642858
17277468
20851794
0
17521323
21481141
0
11770614
16406369
0
10446438
1418695
0
16061170
0
14439194
0
0
0
0
8402045
21599426
0
0
20615422
0
18104909
0
21191365
18330753
0
21647246
19880820
0
0
0
21838391
0
0
18713230
0
0
8222802
0
0
12243670
0
0
0
21716890
0
0
0
21216473
0
0
0
0
0
0
0
22451088
0
14907923
22615548
0
0
538198
8301480
22078397
10167230
18693409
17789234
0
22424507
0
0
20417354
0
0
49446
0
15547369
0
0
0
3572836
20711528
12873323
0
134389
0
13238507
0
0
0
0
35221
21668159
0
21700783
0
18558599
22739339
18065879
22522103
11931714
10818414
0
0
22424391
0
22047510
18240747
0
0
22220152
18240863
0
0
0
0
0
22751447
0
7095267
5794359
0
21624073
12048666
22744886
0
0
0
0
0
2445409
0
10068650
0
0
11297810
22447690
19805334
0
11907567
21212638
0
20543643
8648599
8720725
0
0
19294200
286370
11868059
0
20826644
9595233
0
22208918
325594
18641415
0
6859648
95766
0
0
0
0
0
13411287
0
18920078
10702692
12487844
21689377
0
0
0
0
0
21055163
0
22641736
0
0
14287528
119418
4316323
17465448
20699380
20749892
0
0
20364580
21135034
0
0
22806926
0
20120857
0
0
16054991
0
22191147
0
0
0
9525879
17617000
18777916
0
21087970
1667582
22280849
0
0
0
0
0
0
20183740
0
17574423
14504474
15280088
0
0
0
0
17389396
17299580
0
0
15765133
0
0
15459779
3184654
21574
0
0
1824943
19662328
1292856
20597829
0
0
22580255
5729513
22498471
19939156
0
10434802
0
21949516
6036668
21305583
21065146
22745047
22084084
0
20563424
0
0
17377401
0
12269096
22730495
0
16149272
6479133
22587874
14855709
0
16355280
0
0
0
1444455
4382666
22756523
19456291
22676604
0
13075052
16438787
5522988
0
0
0
0
0
21826599
20930148
0
0
0
21420971
0
22406407
0
0
0
22740326
17897702
15381654
22360097
0
0
18204268
22036244
16544653
7042663
21198131
0
0
20915352
20910694
18320391
12239922
0
0
22623564
21204233
0
20731537
0
0
0
2229128
0
0
0
17423551
0
13841917
19320252
0
0
9066453
929153
24494
0
11847421
6305177
0
0
2298819
20736231
3174290
19456995
16837665
20939714
0
22663038
0
0
0
0
20474022
15460238
0
6831777
0
0
0
0
0
5799325
21006742
5389793
0
22815649
22582064
0
0
5272390
0
0
18557907
6381929
13761115
0
22426515
18400819
0
21131819
0
21923195
0
0
3628376
12833741
21224975
8035652
0
22749326
20223260
0
0
7334088
0
21786997
17602053
7934954
16370577
0
18733662
38549
15150185
0
18717125
22583711
0
11119109
22728629
21806313
0
0
0
9774708
0
4469590
0
0
10434698
0
20615991
7803156
15234916
22793927
0
13160050
14586116
22430449
16532238
40186
15727780
13460746
19939429
0
0
131174
0
0
0
0
0
0
0
0
18501956
0
0
10809317
22458782
0
17474989
0
0
15540045
0
8901900
5427450
20992229
0
22280122
18163042
0
0
2958778
0
21796639
0
19679359
7346389
22892166
0
22730784
0
0
18334654
8440187
0
18370835
0
0
9765772
0
10509420
5631469
0
21234559
0
19921601
19341456
0
21370087
0
0
0
22337666
0
0
0
16757010
0
0
0
16812216
0
19923726
0
0
20698953
21337931
0
21444819
21152083
0
0
879018
0
17257792
21007981
22750470
0
19343458
11764594
20527297
6911279
16904032
272750
0
0
708886
13503876
0
19355265
4658433
0
22511612
0
0
0
21523973
0
22626700
16784286
2720920
0
4849578
0
0
9547684
20577200
0
0
2514249
0
0
17893830
7337036
16696499
0
0
7916117
11962936
18860980
622
1126586
0
0
0
0
8349
0
8882630
11193670
22861598
14004238
11637107
0
22370223
22456831
0
361713
21537707
0
7705778
0
0
8528458
0
22200937
0
0
0
0
20567915
0
0
0
17893212
3500098
0
0
16699729
17291010
0
6732909
0
17257925
4804798
15094593
7174100
6599910
22584565
737216
0
1471956
0
0
9030090
0
21027361
22960690
0
0
2104678
0
0
0
21674595
0
21747127
22256318
21995524
0
13172592
0
0
0
7886716
0
0
0
19469085
0
22630666
0
19232005
0
16162881
0
0
2639949
21358220
19824897
0
18036771
0
0
21932358
0
18676902
0
22298077
14504646
0
18591047
0
13206302
0
20398730
0
15169618
19421229
14296656
8112920
0
0
1821573
21211662
5075042
20181990
0
0
0
22083582
22514824
22678396
10679412
0
0
0
0
0
9005289
5181142
22378098
0
0
21932526
11658726
0
12267695
0
0
4849655
0
22386719
0
16362127
0
22609282
0
0
0
0
0
0
9028520
0
16515960
15431094
0
0
0
21121837
16226904
0
0
0
22566594
8442680
6244469
19767775
0
20813226
0
22730951
15249754
0
21937454
18412749
0
13763396
16892901
22409923
12927414
60997
2714012
19398175
18596250
15725120
0
0
19870698
0
22392099
20074420
12605493
10384329
0
0
0
15970973
11039512
14694456
0
0
16625934
19682588
6445681
0
0
8295002
6674838
16209363
665003
0
22847799
0
8534424
9320821
21547218
20830590
0
21162346
0
14506072
0
20207355
2515520
0
0
13972695
14941585
22415399
0
12963276
21644385
0
21206405
16883687
16944887
0
22411002
22962540
0
7845680
0
17313363
0
0
0
0
74047
20321080
0
15696408
20604256
11241323
15255510
3323419
0
0
0
0
20717106
0
0
19173344
0
0
0
0
0
0
0
0
0
16984296
9332788
8956279
22545012
519103
21369072
0
22266607
0
19711000
0
0
0
15144860
3482788
22566395
0
9853970
0
20466176
835489
20747423
0
722714
0
19871673
0
0
0
18616678
20650731
0
20318241
0
0
21592345
0
0
22608382
22290513
0
0
0
22517998
11045862
18509775
519
0
0
9119581
0
0
0
0
17677021
22727181
20394141
21490936
16104244
9747706
21651103
0
22407693
0
20422966
0
5148267
22031957
627333
0
10628429
0
0
0
19535571
0
21304037
0
0
18821568
0
0
0
11790572
0
0
22826898
0
0
0
0
8916989
1942121
0
17291318
0
0
0
17689851
0
0
7009641
0
0
0
0
8770728
1805659
21298588
7701279
17454980
951334
0
17969622
22083693
0
0
0
21604685
21575499
0
20914822
0
19702430
3011743
0
11788606
0
517898
21713420
0
0
0
22693169
16841154
10082414
14567876
12831825
8475591
22510873
0
0
0
16776493
17977670
0
6939009
10432440
0
1193276
17644709
0
22394657
0
0
22424311
0
21838034
21788551
16892242
0
21648423
0
12191811
0
17232699
0
0
0
0
20440597
1100781
0
9116016
20717695
12766484
0
16001410
0
0
13234249
0
0
22682930
21300166
0
5820503
9525879
20082205
0
15577543
7125804
21133106
0
13013198
0
17490224
9917543
11493555
0
19676408
22418263
23011431
0
20104581
0
0
0
0
0
15421799
0
20779634
0
0
12900565
0
23032934
8852636
0
0
20398857
16245588
0
22448421
0
20935431
14760189
18908888
0
14743454
22035200
7476502
0
0
0
0
0
0
0
0
22841520
22899746
0
0
0
0
0
21300299
0
0
0
0
0
0
10231580
0
22980337
0
21356388
0
15181878
0
0
22382803
0
0
23021856
0
0
0
0
19608419
0
0
0
0
0
12003835
145908
0
13929206
0
0
18728080
18108128
21850116
0
14931452
0
9248802
18675482
0
10407438
0
19227981
23042992
22980762
20310656
0
0
22879264
0
917400
0
0
0
0
21073293
20719364
0
0
1599027
0
17140596
0
0
22308684
22388075
8135371
19802705
7223863
0
13300727
0
18484179
22789779
10185290
0
0
0
8141216
6265990
0
12141003
16946705
0
16264758
19141387
0
10324722
14767824
0
14277538
0
0
20547126
0
17332681
10631947
15898354
12840774
1428187
22601303
0
0
14313560
9196325
20718609
0
0
19465795
0
0
17458051
0
5205891
2988970
0
17826451
0
22826079
0
2984862
0
0
0
15575265
0
22962829
0
0
14236034
17169697
18213365
0
1418768
6869347
8862985
22813360
0
174155
16614691
21977274
0
0
23059453
0
0
17249285
0
0
0
0
22439691
15011721
13434711
0
0
0
19245995
992
22464070
6462122
4897937
18916076
4661662
19205860
0
16761135
17439172
0
0
17182722
0
0
20729681
5540831
0
939004
16826321
1676732
0
0
0
8394198
15174524
18360439
0
0
19403515
14920288
0
0
0
0
11399591
0
13444542
0
1746069
0
7192097
6387098
16429706
33914
0
239
0
20948421
11940632
8290961
0
7172635
0
0
15318876
13962066
328415
21353658
12377389
256262
7236888
0
9110238
11487429
0
0
0
15981123
3821467
0
0
0
15787091
22627057
9695385
0
0
22969122
0
953394
21041319
5564438
22292333
5128060
0
0
12411329
0
13365172
0
0
0
0
18686760
0
0
12785784
0
0
22724887
22618159
19041410
0
11763210
0
0
0
5851863
15904596
0
0
22177129
0
4471447
22354768
6156769
0
0
0
17475409
9273923
0
0
17798222
22436765
7199577
17899746
12184689
0
0
0
0
22614898
0
0
4353961
3644081
4877592
0
22629438
20741954
10347601
0
8565147
17565848
2152053
0
0
0
2460864
21843751
4703406
0
0
13425936
0
0
0
21787781
17848274
19682169
0
9527127
19113047
0
20720176
17911410
10677665
0
23118110
0
19909381
2874810
0
0
0
11569344
16051668
0
20827312
16226148
0
0
0
0
0
0
0
1634750
14689327
0
0
18922959
21037007
0
953463
0
0
0
17049346
0
0
14530253
13462188
6465704
0
0
0
13047739
0
0
0
13188665
0
0
20829801
16734727
0
9763027
0
0
18959947
0
0
12960818
22203728
20352438
0
22260977
0
22065404
21593500
0
8465530
0
0
137767
0
21148158
5745521
0
0
14604956
13697644
14065433
0
0
3010328
11593686
10277799
0
17076595
19396686
0
19792856
6780759
8980631
22903209
0
11187497
0
22592012
0
0
0
0
3056025
15806670
0
14299762
14640933
22083336
0
16753062
0
0
0
4456364
17908737
2477149
3424289
0
17504273
22959915
13369346
20241597
0
0
0
0
5280915
0
1728930
21229868
0
0
0
0
18230432
18980656
0
0
0
0
8891433
19293372
18340392
0
23112393
0
21681956
6832890
0
0
19661954
6109959
0
17535689
3569402
0
8224444
0
0
0
21294496
0
0
22523938
0
4269775
0
0
17944711
0
22706310
0
0
2182192
0
0
11535280
22071069
20729830
0
0
2106674
9445016
0
0
0
0
14988791
0
17778130
16919491
0
0
0
840519
0
8604363
0
11518744
11291892
17618696
18659770
0
19910185
13711174
12947819
22212505
13757132
12759168
0
750949
0
0
0
16912539
0
0
0
0
12027422
9281148
0
22165823
6361348
1950741
0
0
17333450
14849970
0
10428099
0
21009814
22446583
21165944
0
17232043
12832683
20546981
0
0
19698574
22475834
12721512
20662427
0
12046596
22565601
0
0
0
0
5696570
0
3389428
0
17991007
0
22991983
0
5960902
0
0
0
0
8160255
627388
0
18188924
23171827
0
17705
0
1064937
16236204
0
21950682
19955331
0
0
18318190
0
22893367
0
3635233
0
0
5849655
21849904
0
0
22729529
18394658
15803459
11024817
0
1295906
0
16193881
20369445
0
0
0
8596961
23116798
23028695
0
9927880
0
0
10227291
5388812
19666063
23031505
0
0
0
0
18629676
19024785
14854172
19745232
9276421
0
20220982
0
18924
0
0
0
11478229
0
0
0
0
0
17456817
0
0
22514382
0
0
0
17736076
0
23101317
0
19738262
0
23070944
0
674855
11168470
0
0
3435478
0
0
23164211
16962822
0
11522381
19448083
22570422
8541520
0
21731334
0
0
16822117
0
1969001
23169425
3186636
0
0
14417825
0
0
55715
22787478
9047898
16417080
0
0
25626
22635370
15494320
0
22370169
17371494
23076464
0
8490548
0
0
21560860
0
878484
9856085
0
19140988
0
4733338
0
0
20647224
0
13648268
0
0
0
20235880
0
0
0
22603761
23157766
13941799
21449197
18746617
0
0
0
0
10017796
21077877
22339004
0
0
0
2501237
0
4825858
21947095
0
0
0
3676299
23093640
0
0
22409263
0
0
12192484
15179209
2126330
12281659
0
3615868
0
0
18585339
21092917
15133326
0
0
5644777
0
300639
0
15763085
0
0
0
16501021
0
23215711
22885229
15964132
14600636
0
0
0
36265
0
0
7264604
0
0
0
0
16792753
21037854
4865117
0
19975313
0
0
9543669
22340047
0
20949130
0
0
17327538
0
0
0
0
10657738
0
20578596
0
37704
12915616
12218083
0
0
0
11604243
7759633
22000066
9928849
0
0
12467062
0
21649893
19752868
0
20516250
0
0
8629530
0
0
19443962
0
0
10711662
23097866
0
0
0
0
0
0
0
18698477
0
23080150
0
14093516
11193813
683593
23185904
0
0
0
22043367
0
0
0
19329055
0
0
0
0
20832470
0
0
0
0
0
7375989
8878402
20906835
0
18524115
0
0
12256681
0
334427
0
0
0
0
0
0
15138570
17300012
0
0
0
15694939
0
0
0
0
0
12821454
13663925
998307
22279599
462712
0
0
0
0
13586215
0
0
0
0
21631589
0
13331852
22203500
0
0
23006632
22915759
0
0
0
14729186
13651543
0
0
13817141
2170773
22953181
17738058
20370466
0
20658726
0
0
87838
19515136
19578388
22810314
2595211
18014664
0
16565354
15777274
6862115
0
20692615
0
21597319
0
0
20718027
0
0
0
7456525
20515646
20984624
0
0
0
0
0
0
17911476
17603397
6105788
14930912
21098701
0
12458472
6519277
0
4227823
23167140
21069907
0
0
20678730
16370482
18984310
8220066
20401765
8444000
8388540
22431778
0
0
0
0
0
0
0
20264753
0
13033307
23273523
22771575
16777375
8783870
0
10660102
15470475
12797039
3966913
10825164
0
0
0
0
0
0
10443402
0
16188164
0
11507470
10568177
0
0
23067829
0
0
0
14862174
23277400
0
19514013
0
22604335
10633482
0
0
21371490
22719295
14842090
0
23281933
9053701
17536222
19794971
0
0
0
0
13646891
6749623
20226705
0
0
19626827
0
0
0
21039715
0
20760219
0
0
0
0
6913735
0
17127598
19650645
0
0
0
0
14977906
8186109
0
12571765
0
22424695
0
0
0
0
446312
16772648
0
21425824
0
0
14489001
22661123
0
0
22370763
11783035
23118646
377129
0
16180260
1184788
0
0
0
0
0
3839607
5482660
4808813
22243811
0
0
8513322
21455533
6201538
0
22903223
0
20921996
0
6224949
0
23231362
0
0
14071158
21326138
0
0
0
2642118
0
23061244
21885295
18330814
11875097
0
0
5597277
22598913
793279
0
0
18059586
18093669
21911077
14720426
18164896
51921
14468481
0
0
3343679
0
18621739
16427168
0
16508345
1882706
0
14568213
0
0
8552914
0
0
15254437
0
21335733
17904501
4727025
0
0
0
9400453
0
23359495
0
0
14468531
18570659
18313582
0
0
0
12877435
0
11214274
17487201
0
0
4499135
0
0
12481060
2498323
0
0
18484441
12419369
0
20067958
0
0
6227989
22177896
16216959
5271753
0
0
0
19273364
0
0
18169399
0
0
0
23172100
21723907
9664122
18243536
13416719
0
0
0
0
13150319
8546177
3411219
12142282
0
10062164
19583897
11665297
10592608
0
1228485
0
3428319
0
19792736
17398726
0
0
4903756
0
0
0
0
0
525902
0
0
19441290
0
23039526
0
0
0
0
0
0
538998
0
14214449
0
18951130
15584740
0
16666023
22780178
0
23182666
18020633
0
0
2180714
6022396
0
0
0
0
10535044
19926534
0
12437724
0
16904963
0
21502508
5714664
22667649
0
21612093
0
0
3783807
8232424
0
0
14386383
15497468
0
0
0
0
2951543
22080518
14648437
13373533
9543975
0
0
0
0
18924682
0
18364596
0
19443137
22004043
0
15595820
1801605
20981885
0
10237961
19597502
8576155
0
0
16227688
0
0
5690224
15591218
6949968
0
0
3232942
0
17502049
0
15166339
4338242
0
0
10835457
3329004
5682582
0
21385374
67196
0
5017691
0
20285156
19592695
0
1279622
0
13508117
0
0
23100594
0
11693479
18983556
0
23157498
8878312
0
0
0
0
0
0
0
0
10766271
7273481
11466101
21370146
0
0
2015955
0
21712595
17315591
21645503
0
6398960
7795226
414070
0
12053741
20900773
20769768
0
0
12540812
17838589
0
2377523
22445213
0
14780426
0
21015723
17026372
6925019
19493579
0
0
22597817
0
9224588
0
0
22489652
0
0
23278409
19686379
0
0
2838057
0
8260943
0
19736551
0
19027917
0
0
0
3176560
0
0
0
21792629
12082968
12984537
0
22749611
5018149
22014998
0
21005290
0
0
0
0
20758763
0
0
21816075
0
16088508
20741902
0
0
19077773
1423960
4827563
0
0
0
21196565
0
0
8304502
22713543
10337483
23257380
15952828
0
0
7019596
15319
0
0
19418538
0
0
8604598
22742888
0
0
0
0
0
14468481
0
2014839
19938450
0
0
23209523
14162173
0
17965465
0
0
0
0
0
21359460
21158820
0
0
22256681
0
0
18959662
7495241
8330150
0
0
0
0
0
0
21948385
21464196
16517488
0
4515981
0
21374843
16192587
0
20551452
0
0
15773148
0
21742827
0
22578953
0
14096017
15025314
0
21011967
0
0
0
20365053
10417185
0
0
0
23401958
14089618
13189620
13407722
475333
0
14810327
0
0
23028097
0
17930990
8568596
0
0
7310234
9503394
405466
0
19900082
18497267
0
23362154
21111828
0
0
0
42973
6774875
0
16502311
0
0
22034801
0
22451324
0
9291831
10117806
6814041
14851954
3704539
9872434
0
0
0
0
11846417
21896284
22718509
13252828
0
0
0
19416298
0
16507638
0
21454583
0
0
18969666
19610386
0
15045668
8134188
5142661
0
0
0
0
0
0
0
10075112
15466711
14427811
0
1222974
0
0
23029857
0
17810022
0
850004
23258377
7655134
16553640
0
2785155
0
0
0
0
22576321
0
20649284
0
0
0
0
0
0
14099481
0
0
23402553
0
0
9936713
10556119
15324685
1748446
0
0
12459897
4890852
23226813
0
19708390
0
0
0
0
0
0
0
0
0
23030483
0
7715924
0
18924682
0
1822499
10083286
0
0
0
0
13668716
21619603
0
21165138
0
16231778
14791462
19892793
0
0
8352459
23078055
23386398
0
0
0
0
0
22289025
20839749
22610097
0
0
10451516
21103782
17345610
13166008
0
23139772
296002
0
22972519
23247629
0
23137805
17693514
0
0
0
3580018
0
973999
20850581
14015918
0
187073
0
0
16567323
22071591
23138219
0
8549963
1578486
0
7129882
23431246
22189135
0
0
20267518
0
0
0
20972972
0
13449471
0
0
16969255
0
0
510
14352942
0
5444332
0
4438579
5211115
0
18781593
0
7108161
0
22311639
11037147
20370303
23470265
0
0
22730170
13271044
0
22663620
0
23250237
0
23150040
0
0
0
23177226
0
16492094
0
0
22896412
0
15717158
22464069
0
0
21012119
0
2032959
0
22213058
11503457
0
22046223
0
0
0
0
0
23498836
0
0
0
3690284
22216215
0
0
21078600
23434476
0
0
2722800
21622295
0
0
6296242
0
10829107
19843822
17844535
3933027
14606284
0
0
13814853
0
16986212
17543568
15893509
23171040
698450
0
23549315
4690658
23472753
737687
22746715
11718322
18467197
0
1476233
8717876
16130954
0
0
0
9008824
23488790
0
0
0
6822135
0
16993943
10713485
0
22991472
0
0
21104887
0
9197974
0
0
11178689
8698074
0
11522608
21599606
0
7982908
0
22332379
0
0
10855844
1167000
22711555
0
0
0
0
0
15133956
18065899
22776217
22046895
22941119
0
22231836
6966380
0
21723966
0
0
9653022
0
0
0
23283009
21320864
8600772
19861070
0
12244874
0
0
0
9596869
0
0
19952934
0
10371653
22928363
8326036
9710823
0
0
8665786
0
0
22313577
0
18282407
0
0
0
15965475
15102915
0
0
18790172
0
0
0
18247390
22709670
16977571
0
0
13074553
0
0
21881653
0
8245895
15793688
4603149
0
0
5991585
15341901
0
9473814
11713326
16758959
0
975935
0
10203220
0
0
22877954
6790922
11053956
0
15374844
16051879
723136
6539313
0
6148285
23518192
0
17820939
0
0
0
21758103
16152543
0
0
17722792
0
0
0
0
1642206
9463873
18530288
14480207
11281594
793752
18063734
4753560
0
21247434
0
10445539
17568341
0
0
22869173
0
0
22031002
0
13243508
0
0
0
0
0
0
23225204
17106461
0
0
0
19695008
0
0
0
0
420382
0
16817536
0
0
0
19137891
0
15462103
3614523
15299813
0
22425822
0
19451872
23366208
0
17434901
17420978
19242471
0
0
10755187
0
23506071
22583631
0
13248896
0
0
18215203
13008069
0
0
0
0
0
0
0
23507560
9611653
0
10022622
0
22970907
23496614
2050240
0
0
0
0
0
13923301
7917522
18036140
0
16467052
0
0
0
0
0
0
0
0
0
21869908
1638438
0
18509466
0
10584090
2732905
0
0
15102088
0
0
0
0
0
3494572
20800727
21686817
14940358
18124085
0
0
17989876
0
0
0
23470094
0
7015055
21452321
19483491
22913839
0
0
0
23346029
21132760
20057318
23410666
0
0
22799668
0
0
9042335
0
23143747
19983811
2180514
9183474
23425217
17356885
0
0
0
0
11974431
0
0
14731027
11666966
20769693
10947504
6463812
17319501
2509
1203293
0
0
0
22324159
0
0
6246018
4430569
0
7581213
17068949
23365719
0
23517661
21728723
208664
0
0
0
0
260950
0
20235092
0
0
20761541
0
0
0
0
17116867
0
231793
0
0
21082326
0
0
0
0
0
0
0
0
0
22615374
22876589
0
22416143
0
23577820
23330538
0
5567447
1219507
0
23167756
0
3998432
0
18109634
14392025
0
0
0
23252442
8100821
1558086
0
22333275
0
15546009
18559532
18837728
22403045
0
0
0
0
15501069
0
0
0
17087838
0
0
0
23035779
14888074
4005037
0
20112402
0
0
0
0
14276030
0
545
2347965
0
0
23462339
0
22392401
4784358
0
9022422
19716952
18977035
23376729
0
3867365
12952103
21920103
22320751
6347419
0
0
4031216
0
16522046
14514032
18721996
6529743
0
23312861
0
21768729
16674174
0
16973261
17379581
2084326
0
19834427
10020732
0
23255991
8464597
0
0
0
18339996
6887857
12164182
0
0
0
12620409
0
0
18983465
0
20320838
17274509
22567430
6608985
0
4562457
17029065
20663734
0
0
21079417
9786836
23634172
0
21159407
0
13614614
0
1804690
22783589
0
0
0
0
0
0
0
0
4192902
0
0
0
0
0
0
19099683
7577726
0
0
11700061
23610138
8319124
0
3252233
0
0
23182469
12411375
19279843
0
0
20510228
0
0
11187497
22344146
20064718
0
0
7327645
10181984
0
0
0
5726267
3734941
0
0
0
18527186
0
21285235
0
0
12260071
0
22343735
12013900
14790877
0
0
13072908
0
15773897
20371851
0
14702607
20685794
3107504
0
0
0
21964464
0
6970239
0
1887345
14945068
10063258
491052
0
4262133
0
0
22825817
18140394
0
11638295
13801312
18206768
0
23499215
14674144
0
0
19483772
23527157
0
0
10673669
0
0
22291540
20127624
595
0
0
0
21708163
0
20561754
11851
19114681
21435969
19007972
19941470
0
0
21965593
23666002
0
0
0
0
0
0
0
3431699
0
16834104
7870331
0
0
7030519
6195039
0
23193301
4449739
0
0
23256854
23524731
21324361
121541
0
21600304
0
0
23597256
0
0
0
3711452
0
0
0
0
0
5981378
0
0
0
0
0
20007469
0
0
2605174
2286778
0
0
0
19445463
0
22554314
0
0
0
5251725
0
23299043
21027747
15891390
14428007
18760761
7482693
385579
0
6446188
0
15303338
21321303
23371431
0
23169316
0
23272704
6837996
22447449
0
11151363
0
0
21173316
0
0
0
0
0
15713200
0
4846643
11212600
22404513
21914154
20501479
17140011
0
20737395
0
0
17026219
17673566
0
0
13565640
0
0
0
0
0
23513824
0
0
0
0
21342193
19598764
8940968
23083233
0
0
6361711
0
0
0
20089173
13182074
0
0
0
0
10114607
22171713
4206095
0
22983215
0
23413286
14042930
10682160
1171777
0
0
22646637
20908185
0
22444979
21364935
6802704
0
0
19888976
22783568
0
0
0
0
0
23371687
14344303
22853335
0
0
18627020
0
0
0
19857601
20002632
13725626
0
0
13244789
10271379
22992403
19051199
0
0
0
3489397
13187510
0
0
0
9198191
10021755
21488333
0
16837450
0
17529990
23169200
23627042
23405293
0
0
0
3623937
23223507
0
0
0
18338223
25189
0
12320652
23681537
106590
8517047
17896492
20985205
6514934
23570542
2641295
0
10760905
17117173
3676431
0
10403027
15163610
15627397
0
17099699
0
22490623
0
11250228
6523421
23436548
0
23683915
0
0
11014484
0
0
14969642
0
0
0
23228372
4955286
0
0
5606314
0
22913017
19937181
13636540
22964766
605517
21399678
0
0
0
23650294
0
0
0
14564692
21710762
23092611
0
12967325
23750800
19267582
22006946
0
23271939
7834703
48758
18072075
0
22711472
0
0
0
21850369
0
16035453
0
9087976
0
23120921
3167434
0
0
14742649
8370341
0
0
0
0
9157499
20344939
0
19939180
19258474
0
0
21904181
22275149
0
3668398
0
17732427
0
0
10050300
0
11464683
0
0
0
0
20149109
10228610
22709774
0
0
22991537
0
0
0
9772739
0
11928280
0
0
0
18232372
17615052
22729595
0
630792
23299889
0
0
10603012
0
8119430
15752823
0
0
9852216
9775935
0
0
0
17198768
21979707
0
0
10360932
0
0
3345870
3097086
21426155
6809880
0
19035916
0
17692019
0
995100
18495176
22997654
21524496
0
22885900
2759069
9713125
0
21013654
433088
0
18659272
0
9862530
0
792
0
0
0
0
23377060
23015162
21844213
0
0
23580022
0
672977
0
0
22763701
0
0
0
19874006
0
0
18016939
22646087
0
0
12166442
0
23324651
19732416
21479174
0
0
0
19772464
11288438
0
9030461
0
9525250
0
10337835
0
0
20934237
0
0
0
0
1010985
0
0
0
18071667
23425598
0
10308244
0
22961857
6972493
950
16186096
18867729
0
6152331
0
0
0
0
13654407
23018061
10827194
0
0
9698391
15065802
19454937
20415932
0
23799047
23705123
0
0
1780709
0
15476856
0
9749977
2926939
0
0
23400920
14286102
0
17864667
20728279
14249971
2284571
0
0
10233089
0
21022046
18348751
17132328
0
0
9670212
0
16043899
0
0
11889658
19515021
0
1891746
0
21113236
23027834
23159458
23226736
0
0
23734573
14533898
9756134
23376974
7991837
0
20035184
0
0
0
9906032
23595359
6230700
23212053
14336069
21074682
0
18388734
20053842
18443164
0
23558866
18675877
7997780
0
13034288
0
20434653
0
0
0
9997139
0
0
23802766
23019532
0
7063500
0
0
0
14123187
21331489
0
0
23747418
0
0
80712
2490912
0
0
0
0
0
0
0
2991167
0
1802271
0
23439570
0
0
0
0
23223006
16134083
0
16353440
0
0
0
16873691
446504
0
5220271
0
0
20506863
9785274
1397806
16500670
0
0
20550405
23645165
0
20267007
0
17513306
0
0
487885
10965480
0
9252675
0
21172610
20854699
19534372
23654301
16829461
0
0
23189028
0
19006278
0
0
0
23796596
0
0
0
0
386552
0
0
0
0
0
13411400
20931276
0
6178299
14351502
22365904
121
0
0
22279427
15150915
0
20783377
0
0
0
23429640
14353729
18438287
0
20550951
18174943
0
0
13095025
0
0
0
21863561
0
0
0
19293476
14339954
18982979
19500207
0
0
0
9528213
0
23886370
0
22599741
0
0
16085566
0
0
0
18820376
20048956
0
0
21638360
18381504
0
2514310
16131128
0
0
0
0
0
0
0
0
0
20044953
12032498
0
0
0
21894415
0
0
0
23831797
0
0
0
0
0
11848606
20587884
22326907
0
0
0
0
6826350
23331993
22867665
0
22693168
22346852
21473174
4803634
4702827
4721722
13215517
0
0
21507148
3312258
0
0
0
0
1538038
3196625
23419597
23918319
0
3719032
23295558
0
17939022
16034975
17992596
1965217
23864896
13371117
0
0
0
0
14264361
0
6085661
13826089
0
0
20956951
0
21930823
0
0
0
23579291
15504563
23774755
0
21206450
3095646
22783941
1818365
0
0
0
2144106
0
9586746
22068159
0
13532465
20937990
0
0
303493
0
0
0
0
2224146
0
0
0
22572353
10246211
15767844
0
22278221
2528813
14121641
22427125
1386541
14647893
21997419
0
5691531
0
0
0
0
0
0
0
8870416
16512224
0
0
0
22038640
1697399
20899912
0
14319395
0
0
13482685
13832697
0
12750178
23677147
0
0
9167832
0
0
0
6835632
0
11057754
0
0
0
9267950
0
0
0
22948245
23340472
0
0
0
14982385
22350926
0
23788279
0
0
18108298
16244207
0
0
21918026
5535307
0
0
0
8776731
18593325
9066610
11077800
22014234
0
17587545
0
0
20734929
0
3034475
0
0
0
0
0
17333919
4021949
9683201
12447364
23792554
18109969
0
23170764
0
0
21648414
0
2648896
0
0
10075192
0
23718106
0
0
0
3709879
20370394
0
306389
0
19360139
1088844
23745728
0
18529256
0
0
0
11581935
0
9892073
19640875
0
0
21305823
0
0
0
2918374
0
18958848
19013591
0
20552783
18222258
0
0
0
0
16115492
2792744
19847698
0
8299666
23160297
0
10267549
0
0
1573298
7569745
0
0
0
0
14557263
22869173
0
0
2639118
6806953
8559336
18427870
0
0
0
0
20216279
3269197
0
22000561
2369797
3459954
20313426
0
3677950
225521
23125960
0
937360
84123
7460221
0
0
15771183
20382007
10152064
23054656
0
0
0
17684445
0
0
7256589
0
0
0
21272582
0
23432093
0
301416
20446496
23926329
0
0
23457681
17331933
363652
0
395908
22087597
0
0
0
0
18634234
0
15089274
0
0
0
0
22528444
0
22618959
9170218
0
10301799
2726784
0
23667355
0
6109902
0
0
16331171
0
17934281
0
22609837
1788426
0
22756182
6015488
0
0
10826519
5390183
18190027
0
0
23478405
0
0
341838
22470778
16691795
39582
0
0
735046
11825144
0
22971745
17553372
0
0
19228093
6845268
0
0
0
9923754
0
0
5888072
0
23292446
18933361
0
21957072
0
10656991
710158
16592430
3509459
22927346
0
0
21180522
0
0
0
2741053
15712050
0
0
0
0
3778266
0
12228003
0
0
0
0
9586916
9258454
22815262
16786733
0
17132049
2037408
5685331
12723636
17571261
12512681
22970904
11607660
0
0
393698
0
0
0
3830377
17563828
0
22773943
4697637
0
7869640
0
0
3122191
0
0
0
18977387
20101742
0
0
0
0
21250753
14418802
0
13482645
5992976
17527531
15352620
9454792
0
11972993
1519076
10134745
0
0
0
0
17953390
23567393
0
0
17482064
15967844
0
0
0
0
0
0
0
20028130
0
0
14805538
0
6166064
21745650
23297385
23355863
0
18233859
0
23724240
0
0
15905506
15430137
20225718
0
738214
21621433
21276997
0
6355812
0
0
0
0
0
0
0
0
6644786
0
23884667
0
0
2727549
15451070
0
23782715
14642854
0
0
0
10563391
23448902
17246664
20998295
0
0
0
21751293
2459942
0
0
9586892
21638642
23423021
5767307
0
0
6194419
5723940
0
6168733
234743
0
22621183
17487761
0
0
0
15866274
13557358
0
0
23694763
0
23437906
19155071
0
17929151
0
23714897
8886082
0
23599569
23295169
21359701
0
0
0
0
11748867
21852631
0
0
0
0
0
23452055
15987393
24012283
0
0
23669797
0
13530942
19447699
0
0
0
0
0
19450525
11767050
11620677
550806
0
4020876
14605834
19723312
23481900
23933305
0
15505521
0
0
0
0
0
22614178
0
0
429515
3588831
162782
0
0
0
1544046
18468714
0
16716615
0
1191949
0
0
0
0
23889262
0
0
2484753
0
0
20832549
22061175
0
21581711
0
0
21502957
3963089
10980798
7612052
13327632
19940236
17222013
0
7020772
14467786
23924626
0
23712800
0
0
22267680
11168763
21632901
0
0
0
0
10212308
0
0
11132598
0
0
20083835
17617550
0
0
20720489
23677187
0
0
14343149
0
0
0
0
23432271
0
0
0
0
244823
0
0
0
23365572
0
0
19352194
11568298
0
0
0
2650266
22087726
12424098
19937851
23105371
0
7741666
3901281
0
0
4347086
10665216
0
0
4255386
17696315
0
22813626
19474327
0
21752811
0
23941911
0
0
0
12162641
0
0
0
22846819
685
0
0
23838290
17534212
5121525
0
11398823
17515066
0
22286855
0
23940264
15951398
13359715
0
23926796
1759368
19345325
0
0
15285392
10237071
0
0
0
9478427
4168901
9637958
0
0
0
737565
0
19889834
0
0
0
17187767
18382532
0
19804530
16482411
10937558
0
21246941
0
24043044
0
9660309
14926972
0
0
18757472
17137981
0
23724107
0
0
16245092
0
21351341
0
0
4695497
19376789
0
16976953
0
0
0
0
0
23518729
0
21712164
0
20032660
0
0
5901364
0
0
712
0
23272165
11852202
0
0
1674150
17133705
22417611
0
23923367
0
0
15591301
23417693
0
0
803
0
0
23942836
3498368
8584226
2610789
17469990
14477955
0
0
23994683
22677978
0
10428837
16355740
0
0
7170392
22691641
1727350
0
10170205
23856808
12045665
12749429
22572354
0
0
8250314
23696017
23494336
0
0
5213966
0
0
0
0
23038003
0
0
0
16690153
2253467
15667486
0
0
0
20397804
0
0
23219242
21975798
17171264
10661879
12733381
0
9529150
13265038
0
0
17109897
0
3691418
4439661
0
0
0
20828339
0
0
11494675
10280090
0
5712370
0
0
0
7370017
19780972
2934016
16467653
18747538
24067587
17384492
0
0
0
0
19751521
10599696
0
7844650
0
23757976
24075075
0
21515686
0
19863428
0
0
0
14357036
16687429
10448297
0
7549372
0
12845266
0
175144
19095672
8125328
0
0
22621777
23886001
19805004
0
23489656
15554605
0
14693354
18111321
14799417
0
0
4765537
15210766
14119294
14498242
20405702
21655251
0
20636760
0
0
6757976
0
258119
18527219
18664276
2267150
0
0
0
21619568
0
2669317
0
0
23887709
0
16409155
0
17908615
0
0
6414288
0
18907869
18801449
10878898
58858
10992887
493828
15170061
0
0
0
0
0
21521288
0
0
3440914
0
0
14923593
7703168
0
0
24050523
12335697
19928692
0
24024880
12029688
14765429
0
1750966
0
0
5134262
17187767
6877666
12551493
0
0
19640497
23766073
19296403
3038673
23824817
20528464
8124634
15893434
0
22465002
0
1935216
9394279
23982750
784648
16083361
12642050
0
0
0
0
0
2707699
0
21365981
0
0
17195161
20766596
15748957
23884249
0
4621600
0
19255954
0
11841428
0
0
0
16150933
20314961
24124345
10520403
0
17527096
0
0
0
11797913
0
0
7543100
0
0
21872339
0
16042755
0
23687933
0
21409186
22642222
42681
11489335
8140968
0
2417742
0
17537451
0
0
0
0
4893379
6236463
0
0
0
0
0
0
18385280
9465061
0
23608528
0
0
215501
22663648
0
22656205
9947357
0
0
6238032
0
0
11754754
4407953
0
0
13663925
23295222
24050955
0
19273153
0
0
20035914
21180237
0
0
0
18288598
12499059
22762676
22946309
19766930
0
21943126
0
19082276
21668127
22429939
0
0
680436
23726625
0
0
0
0
0
12271834
24049090
0
141364
21947220
17400833
0
6784921
11054240
4653710
0
9434845
22784022
19783476
0
20962961
0
0
0
0
0
0
0
0
22045145
0
0
1942121
22335589
0
23971650
19673705
13267995
0
0
0
0
0
0
0
3922748
0
0
0
6274883
0
19629558
24058321
0
3025250
0
0
0
24051094
24050604
0
0
22496547
7039878
24108895
0
0
0
22290037
0
1871648
0
8013488
0
0
9649348
0
0
0
0
10979014
0
0
0
0
0
0
0
22415397
0
0
23943674
13495045
0
10846585
21499491
23052401
9967452
0
0
0
22669186
23564382
0
0
0
3571733
0
18952132
8612721
0
0
11641650
0
24021408
23312
12596808
5235175
0
14532856
0
0
16627087
0
0
0
0
0
22512066
10348745
0
14006757
0
9289292
0
1818665
18533529
20712387
4012581
9478723
21544679
0
0
1258537
3844696
12964841
19685672
0
23337247
0
5475064
0
22351979
0
0
17799532
21700389
0
0
14174085
0
19068553
19537716
23580357
20403493
0
0
0
0
19078211
0
0
0
0
4763379
0
0
0
9805452
21314717
0
14158891
0
0
24080143
0
16314855
20363687
0
18875788
7547379
17295038
0
23109144
15545380
11872524
0
12061623
2641714
10248357
21691398
11889132
16290580
0
13040119
0
0
12383008
215504
0
0
7728321
3652819
0
6718378
8998985
16107976
15469881
0
24163651
23374377
14278922
21814430
21772773
0
0
9344782
19113129
0
614270
14287900
10876415
17213393
0
18020571
20439286
0
18633259
0
22821296
0
11298519
19660636
0
15963137
17683318
19024314
21502485
0
668384
1529083
0
0
0
0
24037966
0
0
0
0
0
0
0
23617939
3751735
371
0
22911259
14126159
19536464
24123325
22122171
21470381
20527334
0
9377100
0
0
125205
0
21290729
16705549
6925847
0
18054842
21917293
0
0
20005654
0
14809529
0
24196782
8530727
12572178
22811003
0
19495290
0
0
0
0
14685698
0
0
0
19248657
23632686
21303694
0
10733321
2834003
5222408
0
21824778
11387045
0
6600684
24043903
0
19358986
0
22811887
0
0
2715848
23658590
0
0
22183354
0
0
0
10359320
10437163
13148073
0
0
22988971
108
18288520
0
18538402
0
19883532
0
0
20735984
21960115
0
0
0
22929423
0
8003706
0
0
0
23158467
24232283
0
16535252
0
22810692
0
6004291
20585631
0
7967358
15641230
22284470
21876403
18995097
14694667
0
0
0
0
18484668
0
14195705
0
0
20076618
13273912
19113433
0
0
0
0
3386690
0
23962546
18510572
164319
24178441
20233090
23740509
0
0
0
23586769
0
0
18982933
0
4233578
0
24024305
17038922
0
18675883
0
24185160
0
0
2151932
23337278
22726976
0
0
0
0
0
0
0
0
22918642
0
0
16617834
16012109
0
0
18008526
15145999
23408534
264987
0
15829270
0
0
10892844
18771819
0
0
16105702
0
0
16793596
0
0
0
23334320
7021145
17776169
9334565
0
0
12671509
3479252
23648481
0
0
0
0
9120173
5917475
0
173071
0
0
0
0
0
11566516
0
0
19535165
227262
0
23517904
23752825
0
0
0
14138914
10723799
0
0
15301428
0
0
20713619
0
0
0
0
14223097
0
0
0
6943037
8171106
0
0
4345647
0
23524395
8767313
0
959
0
0
3919191
20166186
16566856
0
4605310
0
0
5163129
22289685
0
0
3276706
0
0
0
0
0
0
11277393
0
0
0
20290457
23229751
1883636
2184266
12034046
23608271
22890429
0
13498975
20790089
10568896
0
0
0
24038699
0
14084534
0
969516
0
19048023
0
22926544
22158556
5377071
6759366
16037
0
7887672
13825709
0
17045868
22380593
0
0
0
0
18632820
492657
0
0
23328107
0
19751655
23293532
6834918
0
15425322
0
0
0
174077
68870
0
24235596
20516063
23028177
0
10036808
0
14704878
13581677
0
0
0
0
20447505
4409671
0
20022908
0
0
0
20876691
15603938
0
19815081
0
0
2765625
220787
23905887
5605750
0
10021943
0
24063680
0
5528080
0
17452456
0
0
24028951
0
3055560
0
0
0
0
0
21877891
22775547
0
0
0
0
13851009
0
22529958
0
22692926
0
16002666
20449993
18067138
0
11044787
0
5324887
3328120
0
0
24129663
12671985
0
0
0
0
23963176
0
0
22365178
0
0
5099446
21815503
0
18884067
23009260
0
0
13148211
17808229
16125120
10263103
0
0
0
23304705
0
0
17464820
0
0
12632114
0
0
0
0
1196015
8719746
15786673
0
0
23759403
10595107
0
0
0
0
0
0
19997654
15020827
22348906
0
2059632
0
16945131
0
16965148
0
0
0
24091533
11595968
24034751
0
0
0
17099819
0
21788531
13941424
0
0
23281497
7658172
10712102
0
18898344
0
0
18764569
13140155
0
11432488
0
0
22990854
0
23978721
450082
0
0
23243789
0
21819180
23322113
2097940
9507896
10457959
21444960
22360652
0
4246504
21629295
23237288
0
0
23797802
0
0
0
20768702
0
0
2887459
18775211
14416999
0
16126920
0
24166105
16944673
20737854
20662862
20562917
0
24365124
0
22366431
12633692
0
20086704
1023635
2897922
0
0
24051978
20492781
10104058
123491
15621989
0
0
0
0
10602257
2261514
0
3230476
9242383
20790279
0
5047301
0
3286413
24076262
13501498
19051652
0
23782036
0
16076071
21879011
21753865
0
22661969
19313973
6320713
23112418
7636220
22646779
8944978
0
3525503
0
15274201
24049962
0
12280875
19030446
23159369
0
18846045
1211632
8997587
17129804
19995469
0
134685
0
2638242
0
0
18332477
21896494
23102768
24058857
23388848
0
3495525
20272331
0
8721014
6514327
19998389
11358799
2973563
0
22367319
0
0
18469632
20641313
5596260
0
0
2929346
0
14000085
562772
14199579
0
7283400
9290879
19336923
0
24092269
0
0
0
0
4891003
13590693
9657627
0
176548
15135756
23689631
0
0
22287417
24189377
0
16363221
12587652
18681370
0
0
0
0
0
0
0
7078494
8419850
0
22567008
22212228
963982
0
5893881
13252790
23539816
22055029
5986255
24030858
1942393
0
24091672
18529946
12871627
0
7286321
0
9348172
0
0
2109540
0
0
0
16942456
12848067
13648935
0
22747406
21349549
0
0
17710452
0
21688223
23981060
7846475
22722197
22341668
0
0
7396792
9891911
0
0
9023843
0
2626954
0
165
0
0
0
8393786
0
13249004
19328661
0
0
0
0
3512483
6442332
5361501
0
23463156
0
6872220
0
8052287
3763395
15680907
24270182
24148665
0
11513519
4353590
24156911
2978016
0
21644155
22362990
152387
20713601
21772782
0
24202238
11373407
14470540
0
21206558
0
17883668
0
197335
0
0
0
0
12524193
24278312
0
0
23464532
0
291038
0
0
17507655
0
0
0
439204
14366224
0
17885283
22666259
19749083
17640971
0
14139826
0
0
0
23797630
0
0
0
0
8126555
0
0
17564991
19593359
0
0
0
19010972
0
164158
0
8775628
20852620
0
9904695
21392659
11354318
0
9939830
0
0
0
0
0
0
0
0
0
17958581
13463222
0
0
0
0
22249657
0
18526835
288683
20345991
19145301
0
0
15518711
0
9367486
0
12902471
1863784
0
9729953
7663587
0
0
0
22611473
18195227
0
0
0
22711585
16160973
0
359990
0
16089221
4689027
0
24160450
0
0
0
0
10445486
16134572
10013939
15631967
0
0
0
0
10884620
0
0
0
21470404
19750024
0
16835626
0
12268097
18831890
4315986
8721616
0
19307025
8065331
0
20435595
0
20294749
0
23560229
0
11511760
1405682
11395199
14768746
15640898
0
17933187
0
23437060
20308408
0
303553
24267529
264750
0
0
0
10287119
5677893
24263074
12656612
0
15393307
21090188
14117307
0
0
20330729
18081610
0
12776696
0
0
0
7874405
3188971
0
0
0
0
19373107
0
18184468
0
0
0
17340314
13589757
6751861
0
0
0
0
9708489
18423892
0
20071440
10570612
0
0
0
0
24269156
749832
24209390
15329042
199292
0
0
17321392
407621
0
12961155
23584145
14504890
22665668
4747893
0
13738050
22419431
782204
14255457
8593574
18515544
1682664
0
0
5725658
10232056
0
19570695
24021748
18850788
16491746
22103402
0
0
0
0
16744145
19181140
22726516
6899335
0
0
20565220
0
18558209
621919
0
15141401
23223105
2061056
6050791
20659867
24063104
0
0
21866258
0
0
0
0
0
0
23613610
24448801
24284816
0
4857781
0
23268555
0
0
9517021
0
0
0
0
23746385
22679533
0
6427909
24367881
17817488
23606429
20692821
3548001
0
0
23420362
17043433
12158633
23442579
12408136
0
22145990
22251196
0
2409202
0
0
0
24496270
0
5535856
4313276
0
11445701
3824812
0
0
20073678
0
0
21868833
20479829
0
24395492
5421169
0
0
11604280
0
0
8598131
2454006
0
19651579
24267046
0
0
0
0
0
21234530
0
0
0
10715981
3325522
0
17542264
0
23787194
0
0
0
0
0
2231636
3504273
0
10888005
22508062
0
0
4342274
8334661
0
10305680
0
0
10014023
20000389
0
0
20662120
0
0
0
22743504
5868014
0
12614610
0
0
5096
0
17076463
12180429
21490184
0
565522
16612304
0
0
0
18138829
0
19825407
0
0
20043231
0
0
13133024
0
0
22468782
21038528
23608410
23169926
272
24092504
647
16736829
19985160
0
5501701
0
14103006
12817
40445
0
23595130
0
12743940
1226143
0
0
8204302
0
0
0
24146436
6559546
19463696
0
0
14317275
0
0
7468771
21700102
22785911
0
15475070
21810469
20333145
171887
0
0
0
15990131
6884681
0
0
21587402
24290241
10788349
0
0
0
0
3105203
14861042
0
0
0
0
22262501
0
23617876
0
24488294
0
18856529
0
0
0
23014687
0
24416950
0
24411584
14987511
0
19580945
22406332
7672897
0
7149567
21186040
0
0
11972993
0
19185360
6799664
0
22289998
0
14487435
23338686
0
0
0
22765783
0
23995024
0
24223625
23494422
21551539
22148280
0
0
23418757
0
6369851
0
0
0
24410264
0
6868802
7357421
2780979
0
1472118
0
20756335
0
20389652
15944564
9259036
6719589
0
5162597
20016103
0
0
12200712
9417981
14725598
333639
23014496
12252406
0
12852727
24450540
0
0
20777613
0
710132
0
0
0
24186826
21783401
0
0
0
31496
3438384
21792664
0
13866181
0
24110428
22567815
16918915
0
0
16589989
7624228
17669386
13444635
0
18508188
0
0
0
0
22088300
0
18899465
0
7396184
0
0
0
15514288
0
0
18813105
24407373
23528609
23868711
0
0
24432059
21323270
24383041
4388505
0
21403577
17882113
0
22816833
0
19287547
20649960
0
0
2049123
1502957
20685580
24033360
11149334
0
0
0
0
0
16682113
0
23786587
24008252
11914276
0
0
5921647
21404911
21135311
0
0
497
0
0
0
0
12043332
19313066
11206837
13014694
0
0
24160220
0
24333044
0
0
0
17571209
8993085
0
0
0
16175958
0
21709968
17053105
14960164
15946957
0
11698760
0
8202129
6508706
0
19095173
21270844
0
16632834
22940551
19105383
16233955
16719729
0
2897186
9018526
0
23844228
1732634
23016262
0
0
0
15785617
20266517
0
0
13586574
7714408
0
20987541
0
16516121
0
0
0
0
0
20821773
0
12519790
24331063
23340761
21374028
22749939
0
0
0
0
0
22869937
24207932
0
3034546
19834702
13675279
108198
15872586
21954215
0
5044573
4009502
0
22999756
0
0
0
0
22613213
16941984
23941144
8629049
14546944
0
14633417
0
11262493
8390566
6963077
4687073
0
20037293
23447868
6005758
669
0
20000389
0
0
13080931
8908408
4456562
4347656
12365157
0
0
0
0
18552253
23438393
20306919
18001340
5218628
0
380683
24522303
869908
0
0
15066026
302
12917054
22138350
0
10395613
0
13959306
0
7932653
20294749
23847649
18578219
23801939
0
17042925
20692600
23941275
0
0
15629942
23198621
0
21979037
0
0
14341124
24455165
0
21671322
0
0
0
11427819
0
0
23804237
21247265
0
22788649
0
0
6615618
15098516
9291358
23825452
0
0
18417201
0
0
12609049
0
24524747
0
23974369
9366665
9889859
5042123
0
0
0
0
938745
0
0
22664357
24471543
22156304
0
0
22574128
22806582
8241647
1325783
0
0
0
5565260
0
24205540
0
22282279
15736781
0
23337864
0
8264940
21306298
11524691
5743554
0
20303473
0
0
0
23480456
13420474
0
21475338
21806146
0
8925486
9550764
12022583
24440894
8673106
0
0
23926411
0
0
22693353
24240811
0
0
57182
21363473
24336942
11412406
0
24458993
11247305
19439582
23531151
20201903
509520
3272677
20923247
0
0
0
7287823
14099866
0
23970606
0
1058025
16119405
0
0
0
15231810
10627478
17046157
23359646
20542239
0
24070789
0
0
15840132
0
13411802
1268023
754416
9461001
0
3167208
0
1157967
17098812
0
12664247
24613308
24527524
0
0
0
0
2606812
0
23229877
18183711
22881316
22590963
16346604
8780098
18350003
0
14159720
0
0
0
1020484
24410306
0
17801977
0
0
24591588
12262277
0
8022623
0
2887761
0
23328269
0
24332827
0
0
55626
11037147
15621018
16630654
0
0
24546892
0
0
0
0
1057225
24073410
0
0
0
0
4721618
20552680
201468
0
0
18975267
0
24349427
22975936
8859609
0
0
0
0
4705240
13742862
15369565
0
0
23811302
22184295
0
0
20874233
0
23940419
0
0
24594258
18385069
16129334
0
22285655
20309414
5236889
0
0
22875126
0
14812243
8109890
24027675
23408130
16074913
2291904
0
18205952
0
21848816
23261352
0
15828882
8858169
11312587
0
5498701
3281689
0
1215380
1888886
9853929
0
23511614
23660979
7527222
20712020
16227480
0
0
24493992
0
879493
0
21104878
0
21826799
17455233
23445397
0
24258334
22356447
4384646
0
0
17885966
0
11654449
0
11327142
14368491
18532003
13840502
24405043
23059694
14825067
10889224
15901802
24488319
9656452
24563340
0
16042571
0
607
0
12743820
0
0
17075376
17960331
12613558
0
19487943
0
17212130
0
3036183
0
0
8356244
0
0
24621587
0
0
0
0
20299485
0
14298105
16677280
24155037
0
9315893
0
0
7499515
3566
23700911
24482901
0
11088193
24263350
0
0
15928739
23795072
2184928
24370467
0
0
0
0
1012214
0
6092660
0
24477747
13545968
0
19037564
22472976
0
24008962
0
0
0
24190806
15162166
24105466
18072482
10466653
21516751
13665933
0
13864929
24421538
0
9624059
1011550
0
23995762
7417839
0
23348102
0
10211187
0
0
2121494
0
24429584
0
24211246
0
12577286
20478749
0
14892434
11466878
0
22775997
0
8709038
0
0
0
8357134
22854903
23930808
0
24492368
0
0
11154363
24001755
0
3916999
11655678
0
19610761
12261185
0
22967500
6348484
0
0
0
0
24449712
0
11948474
0
735449
0
0
0
0
0
19033505
0
16452859
0
18065855
1937825
11050138
0
0
1288430
9697863
23818492
0
0
20715402
17478153
0
0
0
8959191
13110817
0
0
0
22027463
0
400991
0
0
4461277
0
0
24671000
0
17447268
23400916
11794985
0
0
22355423
24538867
0
24027892
0
0
24554264
23982051
0
0
16172346
0
2998406
9925805
23796045
20700454
0
14851464
11500257
1011252
0
0
0
0
24640306
22517509
16875701
0
0
0
21837192
0
22711995
12310805
19354019
208839
1361702
1207207
23809793
6395874
0
0
17140461
0
0
24381723
22560391
19963108
0
22109962
0
17789418
0
10713330
1212291
0
0
0
22209756
775342
0
2156046
111209
0
0
20496584
0
9417619
0
0
0
24722771
0
16900028
2136678
0
2259888
7582564
0
4716644
0
0
0
21375053
5186533
0
0
0
0
0
16715285
0
0
0
8902910
0
14938252
0
0
0
11463894
0
0
24505283
16715638
0
0
13499
0
0
0
19751925
0
24498081
22705289
0
0
23522829
0
0
0
0
0
22105300
9539571
2365783
0
0
9721055
0
700340
0
15286054
15315741
0
18828351
4111628
0
0
0
0
0
0
0
21799649
10655112
8711692
0
0
0
0
14427777
0
27296
24084024
0
1459038
0
19773520
0
21606232
23626638
21685050
5098986
0
12961038
0
16171248
0
19846466
0
23087306
19697609
960
0
0
17435918
0
17652818
14882346
1053341
0
0
10430452
0
11479784
0
24350602
0
0
9643620
10241534
0
24104682
0
0
21727503
23179032
14893870
20975190
24032589
24423959
13193469
0
19513076
0
0
22081118
0
0
21246301
24456707
0
0
0
5191170
0
0
0
0
0
12263399
2124483
0
1032203
0
10715172
3804267
19442912
0
22768890
9646298
0
22121600
16909753
155793
0
0
44
21217493
21990807
0
0
0
0
0
9297036
11207156
21079292
23011254
24411615
0
0
0
0
16711134
18827024
12975423
0
1037300
22879373
0
0
2497792
0
22381902
18161729
24220572
5905873
0
0
0
19569568
0
0
99425
17873589
0
0
0
22835650
0
7210728
22477114
4520317
0
8380178
0
12282337
0
0
0
12479074
1849485
0
3543267
0
19103721
754
0
0
0
4430675
9196126
0
14616622
8235655
21158651
0
20308303
0
24084410
24252751
0
0
23108576
0
0
0
0
21510462
4582650
9527092
24189573
0
22271637
9340849
0
20938035
0
0
22955686
4537835
0
7744697
0
19744745
0
0
0
0
8511524
0
0
7982780
0
22522623
0
0
0
0
0
0
20399972
11607937
0
0
0
8729331
12032512
4264772
4540900
0
0
0
20189737
0
10433103
18982847
14761985
0
0
0
0
16538546
20577682
0
0
17516767
19487642
17722908
0
0
22830140
0
0
0
0
6062506
24623678
0
18930826
22401186
17195958
20434092
0
0
0
1636
949603
23659006
0
24265398
0
0
6877283
0
21815025
23932168
22519372
6605203
0
0
9503908
24494122
6978921
0
0
24314721
7353985
24506372
0
24048090
23980693
21926579
0
20775264
24006907
20718021
24235477
12909469
0
588099
0
7663170
0
0
18619998
0
0
0
0
0
3239011
0
0
19447039
21450168
18077370
364488
0
5142106
22933287
0
0
0
0
0
0
0
0
0
21149856
21850327
24745918
0
23705021
15670905
0
24118215
0
13851612
0
22386891
14976597
0
3519013
13868964
21999248
8471875
1765910
17205781
17390894
19671325
0
0
22242076
0
0
1183259
0
14242593
0
0
23757097
24728823
0
5170121
20399514
0
0
2748590
16889957
20466704
0
7972550
21295446
0
24126089
6679102
0
0
0
24859406
4750230
11553176
0
19656136
24158796
0
18325772
0
18274939
20469241
0
0
16716393
24007854
23506415
0
0
12519426
21098327
21575306
19502656
24692623
0
24539561
12712582
0
3048070
7501281
13342665
0
10317240
13279274
0
6711086
14944440
0
16689384
4612671
23734084
880648
4558357
7723318
19865340
0
11183671
21194768
0
16245942
24654742
8977194
15303658
22267648
24677796
11326585
0
0
0
0
18192533
0
22618095
20474723
0
242550
0
8921845
24353044
0
2921388
0
15378500
0
14548088
0
24041827
97791
13121902
23233977
0
0
0
0
22103273
0
0
21094078
17838876
21037389
22914524
0
0
2281399
0
0
24831833
2530745
23296284
0
0
0
9424407
239109
24065090
0
4088667
17729053
0
1645447
21215345
17483042
0
0
0
0
0
0
0
16670871
24484352
0
23801939
0
19247112
0
15706164
0
9767850
24146235
0
0
0
0
0
0
0
21271516
4779849
0
0
21832263
0
12663941
0
0
6050696
359591
19300993
0
0
24614172
0
0
0
0
2500854
3287536
0
17897256
0
5767810
12609278
0
0
24492460
19391778
0
17022821
22970117
0
13143030
11139008
1858599
0
1458222
2880211
15861408
0
0
0
14647603
3263016
12824454
0
3617326
0
2382907
21637001
5454446
24643905
6617739
13925730
2923366
0
24776283
6321250
22065990
6501109
24077455
0
0
0
0
21541282
0
1106595
787269
0
21339795
18733120
18818815
20525869
6419337
23559886
22531579
10955424
19560176
0
15034618
8533361
0
12056096
3620827
0
0
0
0
12364791
20793889
0
9296587
0
0
0
4186321
0
7262079
16447823
0
24633174
9209402
11363908
0
0
0
21090135
7310892
0
7791509
0
0
0
0
21874390
0
0
0
0
20916480
21171761
13053590
14659443
0
0
3010855
13356160
10637784
0
1140841
6191731
18842588
0
12158024
8879069
0
961775
20780239
22569202
24868273
959
0
23670499
0
0
0
16991508
22883034
8418979
0
0
0
8304205
0
0
23498022
0
0
0
24851364
3925901
0
5737953
23108370
0
9703391
0
0
0
16128426
23684463
12352308
22929980
0
19023205
23873509
23320378
0
0
0
11493014
0
1729363
11404844
0
17576699
0
0
5774152
0
15618897
0
0
17668269
0
0
0
0
11857524
22690786
0
0
0
0
0
0
0
10633040
21469963
22634248
24215849
0
12402958
13561146
0
21080000
11154233
0
0
0
17789881
7466273
12262957
19483219
0
0
4007193
0
0
14627515
10246692
24263410
0
0
12469424
0
2467022
10622856
0
0
24830416
4809941
0
24888103
13080238
24852975
0
0
0
0
21305433
24343201
0
0
24762142
0
5073514
0
0
20226081
0
24506983
0
0
17181313
0
0
285328
12965861
1320301
0
9890836
13355197
0
0
17364567
3011453
0
0
0
0
24834341
22891544
8388933
24852378
633301
16453451
12354812
24240168
0
24641438
0
0
0
0
0
16018662
11888309
24600522
6772452
21518149
6604863
15858836
21859763
21942446
0
0
0
0
0
0
0
17229156
16143654
0
24880355
0
0
19156420
11960856
0
0
0
0
16925820
3088561
9670698
0
23881194
10972
19216115
22038876
0
7276573
24926020
22826235
0
12370958
8296740
0
16740359
18280815
0
0
0
6983428
18870403
0
19267673
22725680
14400191
0
0
0
5130812
20518289
21379558
19494160
0
23792674
19701273
0
23582934
24128703
2100298
0
17974009
24969667
11816001
23712325
535
0
20714983
0
10814366
0
0
0
0
0
0
0
0
0
0
0
0
593912
1082859
0
6271520
23474953
23397829
0
7375601
0
9203291
0
0
19246813
0
9552783
0
24070844
0
0
17986970
0
18824863
0
21470092
0
22979444
18779868
1561732
17113075
13629641
0
0
18342881
3589722
0
0
21551790
802
0
10865871
14153885
0
23802581
0
0
12271315
0
0
0
0
1949287
0
0
15727470
23308753
24751615
6961697
7749796
17430391
20545861
22279625
0
23987882
9716521
5057241
24886865
0
0
0
0
23807491
0
0
0
0
24573953
0
24575364
19991158
0
0
0
0
16603872
0
957189
16897670
22071687
22672420
24228176
23815173
0
24883898
15938593
18580783
24378986
4059891
0
21770367
21478487
3721169
4301311
0
0
10823842
10803119
3210962
14506333
15510825
0
0
23369087
21096066
4930218
0
0
16691227
15698229
0
0
0
0
0
0
899
0
19729058
10305301
0
4104130
0
21430049
0
0
0
0
0
11825837
0
0
6092194
0
24961499
0
7478806
0
0
0
4021805
0
13589539
0
0
0
22643036
3850279
736177
992
0
11680750
0
10836061
24629002
14667336
16524677
22703381
24512625
0
0
0
8197815
0
0
0
0
0
0
18605509
0
22617459
