0
0
0
956
0
0
681
910
0
0
444
0
778
0
191
4013
0
699
741
144
0
34
977
0
0
484
0
757
951
999
177
0
105
46
0
254
353
715
0
7036
572
1802
0
0
935
0
240
0
0
0
0
233
736
0
315
0
0
102
0
873
77
0
696
0
339
0
7292
0
87
926
248
273
624
970
925
0
0
0
0
157
12717
908
0
15340
539
16065
0
0
722
101
0
0
0
558
979
3668
0
316
0
253
0
7665
0
0
0
719
0
337
328
0
333
0
14822
0
7270
0
836
16827
101
0
0
0
7143
0
0
0
680
0
454
0
0
21094
0
19056
34
0
0
622
237
0
0
0
0
4110
0
2211
25
983
817
0
338
0
0
0
543
0
0
0
545
0
0
0
9118
451
0
18112
10491
230
179
747
33992
0
32820
36586
0
0
0
0
0
119
997
0
0
0
0
0
0
845
565
0
0
36883
615
0
0
0
43594
0
0
0
0
35062
0
0
498
0
0
584
0
18265
16491
0
418
0
0
132
715
30069
0
27
9389
34797
0
615
0
674
0
129
0
0
289
0
931
0
0
769
48129
998
0
164
0
176
431
0
0
993
588
0
32995
0
0
0
320
57936
50
61361
0
0
20
374
0
446
0
15585
0
872
45639
0
20715
0
0
0
15947
0
412
0
0
202
0
55843
0
0
0
0
45755
0
0
69
0
0
256
296
68202
0
0
933
30
0
864
651
0
0
0
4128
43845
4
47502
552
33
47258
659
931
0
214
0
392
0
99
465
0
10694
0
0
56061
372
0
0
0
0
0
0
45194
0
264
26
0
0
8895
0
579
669
55829
879
60729
0
42674
982
37528
0
13003
22810
973
822
39492
0
57
0
0
77101
0
0
73925
667
563
0
47771
25897
0
88197
0
0
0
0
683
15650
81807
15503
5473
70352
0
65
944
754
0
0
0
0
0
44658
0
0
0
27925
0
94337
86796
0
0
82
9161
0
412
942
47462
56413
21517
23133
0
232
0
0
0
0
0
637
259
493
46733
0
0
0
994
4882
26137
16326
98099
0
0
235
0
0
0
0
23987
0
0
0
0
0
38996
0
0
0
102389
90755
16192
41323
0
63218
558
109
47395
58
0
20338
676
0
56083
0
56363
0
30
12663
16738
24976
0
0
0
40840
0
48992
52111
0
0
89795
0
0
111425
104203
0
230
111829
0
44886
94565
10159
68313
970
0
0
0
0
0
105339
0
0
0
0
0
21
2174
0
0
0
0
0
199
112038
135
35785
0
42251
0
980
926
0
0
91252
786
0
534
61323
671
0
78245
124401
899
445
0
0
0
72977
0
0
833
0
0
0
82378
0
0
0
68105
965
0
564
0
0
0
0
778
0
0
0
0
0
97604
0
0
0
0
0
0
415
0
117617
93617
746
0
0
900
0
0
36
3877
489
769
18814
132541
0
51098
0
0
0
0
0
0
0
0
0
0
0
50766
0
0
97
0
93062
0
0
0
0
0
0
54896
0
0
873
0
38403
0
0
254
0
0
53177
49102
0
0
0
97284
0
910
0
0
28531
0
831
0
0
0
459
902
0
120
51431
966
0
133360
0
0
0
0
45603
0
49593
126787
82090
12289
0
0
0
0
0
194
143
293
0
152920
0
563
0
116153
898
221
0
0
0
0
0
0
460
0
101478
0
0
0
0
890
602
157549
910
124325
64
0
67120
0
0
0
697
156142
151819
0
520
0
349
0
0
0
765
761
365
558
0
0
0
9750
0
0
0
46744
45440
785
86208
0
129895
469
0
24313
0
104421
109459
162679
0
45920
137782
617
111585
13
0
893
0
500
39239
700
517
115748
46375
0
314
950
0
774
0
0
0
829
0
26374
880
6458
384
0
7262
0
0
61058
148244
21490
25871
83676
705
0
290
0
641
0
35285
0
139
169119
121
0
0
8753
810
10
49899
0
70437
0
145099
935
0
0
78022
126998
0
0
58621
0
519
0
637
0
708
0
122017
59658
299
47
0
0
186463
98012
0
159792
0
0
96
249
37368
84
0
105723
0
863
20505
0
355
943
0
86
0
0
0
0
177114
0
131332
0
140756
392
0
173758
469
59826
0
0
181478
0
164273
0
0
0
0
922
166919
160938
464
0
0
0
73005
85
0
8404
0
235
0
18305
183821
50067
114950
0
36299
0
123
0
0
68494
0
152252
0
0
0
0
0
0
62639
45628
0
0
0
712
203536
0
0
61
861
0
0
0
0
0
0
0
0
0
0
0
122999
1881
86591
276
0
11687
143531
835
0
493
54349
0
0
0
0
772
371
17866
209970
61347
152202
35611
0
0
465
178989
0
821
193138
251
0
693
51634
0
0
0
94520
0
156135
0
0
0
0
840
393
0
0
0
215962
0
205
104310
0
33
0
160328
82041
0
0
0
89994
0
0
0
0
0
813
0
84324
29238
0
268
553
680
142740
283
0
0
0
0
0
479
0
0
646
0
0
238991
53415
0
0
98307
0
13
0
0
0
0
0
3501
24618
0
0
0
240163
0
57264
0
0
187197
46033
113333
34560
0
0
0
223836
0
0
0
226053
0
0
0
5275
0
453
0
999
39253
0
79003
211931
0
552
218925
0
0
0
136650
8402
0
227174
0
35040
0
0
128462
0
0
149
0
186891
0
169542
0
0
23811
0
0
34611
0
72102
259724
97
194654
243281
0
0
9166
1921
117512
124391
105457
125771
723
571
600
98090
0
238409
0
192282
159558
0
665
384
0
0
0
76828
9692
25259
0
97665
208218
0
0
0
0
49209
26649
0
0
964
88249
104314
0
32665
0
0
0
12
274645
0
291915
254287
0
72
0
0
187345
0
0
277979
0
0
0
217327
0
58111
142311
0
0
235966
113167
0
0
216887
0
0
246115
718
471
272
0
218004
163542
0
297974
0
0
255583
82915
0
98209
0
555
0
206679
0
141053
0
875
0
173090
0
0
0
892
0
924
0
190460
948
187762
0
720
41307
256191
0
0
598
5061
6098
59920
0
0
0
183465
0
0
350
146563
664
299690
0
0
236019
0
169
146749
868
0
755
0
235245
26341
174193
0
229462
306870
268108
253096
0
0
0
59113
0
263145
0
167385
169
0
0
258616
0
0
0
0
3195
80482
0
449
0
160704
257295
311577
0
0
0
0
36
239444
0
0
228
0
222868
89171
0
154600
19586
434
0
0
110856
268004
47901
252482
9714
0
306
220998
95714
0
0
220000
0
254037
0
253314
730
8
0
29903
0
255206
180926
1205
332544
110323
0
0
114214
18277
288928
0
218518
294
284876
136658
72652
107
0
0
0
0
0
0
0
327649
0
0
223284
27878
0
0
0
179902
27449
0
39679
163155
101710
0
0
257004
126797
432
110111
0
0
0
0
16741
14156
153835
0
255808
0
310947
0
0
96303
0
0
0
478
0
0
170523
958
251207
130844
239483
0
203731
44067
0
878
0
45990
0
100714
0
329742
5281
0
0
220
0
343
173858
84034
315
880
234
5982
155240
175755
288466
0
0
183485
0
0
44757
442
350787
0
0
67362
0
0
0
926
0
0
0
621
336050
253689
308154
0
45158
0
473
919
310582
0
0
60697
60994
165784
342452
51812
0
203
627
182
0
37257
63841
0
187345
267640
0
655
262449
0
0
133815
276104
283204
0
37
0
0
0
0
270906
0
183552
0
0
219407
0
0
0
0
446
0
141707
105648
0
0
363556
60120
56633
0
0
237430
0
0
141
136585
351328
45214
633
0
0
383121
88020
0
283
119836
0
0
360638
135215
195736
0
173560
121417
0
180847
0
86474
0
0
865
0
0
250705
0
0
0
951
0
0
0
951
0
244427
340423
528
341258
0
0
0
0
357204
341
452
320708
0
339084
0
0
5879
0
49627
0
0
0
49
0
0
56025
0
0
0
0
0
323172
261884
333162
0
143804
0
0
0
11378
0
86060
45158
360784
0
291307
0
0
127455
184873
0
0
0
0
299963
0
187993
222768
0
193848
0
309142
64342
260277
0
189546
0
0
155889
0
2519
0
372938
142124
0
979
820
309592
235722
40099
385506
0
0
226405
47
630
375648
0
0
51056
33905
0
0
0
313185
615
0
913
0
392808
181
285542
202980
0
352988
0
179201
164
96112
403
0
58950
163517
0
347179
367
0
0
796
210455
136848
154997
626
0
0
0
0
807
74257
171
0
130279
282011
0
0
326
0
0
0
262
103466
69
112643
0
323964
241221
0
0
117612
500
0
295736
0
0
618
277046
0
0
0
0
0
0
0
152340
0
146246
245815
0
0
0
201625
0
349396
385527
189448
0
0
0
110555
0
332098
0
348947
385
0
0
0
0
382060
0
21
19245
0
375507
0
589
711
354290
0
0
0
0
254862
251060
403053
0
0
325091
0
0
0
241994
0
0
81
616
378117
142
273245
0
0
609
0
77361
0
0
0
996
0
0
156
10575
219773
0
0
96969
0
837
274180
0
0
417237
131419
0
316454
0
74174
0
83823
0
122701
0
132749
0
0
0
125518
334353
0
332418
0
250
77132
0
0
319476
0
0
611
0
0
0
0
0
0
280058
245
60980
160971
0
226915
119257
0
258390
35697
47
294
398790
369533
0
0
0
169303
174
15
406296
0
7329
136346
0
184379
482
0
85568
0
0
0
0
0
781
287
225
0
252586
5260
0
0
0
0
97
377782
0
463
0
0
0
347696
0
0
0
276285
8424
0
0
653
16853
240661
443167
199593
294
0
0
959
0
649
0
237
0
95415
0
0
0
135
19993
431113
0
340177
0
274912
601
0
281742
659
174818
369600
0
553
405642
0
0
0
0
0
301397
0
0
374437
305862
0
0
447108
0
0
5973
0
256092
0
396260
0
508
0
570
285898
0
410062
971
0
92919
0
0
0
0
388
336766
0
171961
132653
0
0
27924
333085
0
304083
0
0
459616
0
0
0
0
0
0
451068
0
386415
0
430706
44997
0
0
135
0
0
0
0
126267
0
429048
90728
0
172097
141004
0
0
0
0
0
0
233698
0
336639
114
0
0
0
0
70760
0
0
1477
0
131077
0
251071
45261
354151
667
379
0
0
414710
0
0
0
123116
0
0
0
0
0
315494
213
0
54
120842
0
348197
288590
3126
415268
446332
0
107638
114124
715
438727
408753
418858
349566
0
0
0
477
0
0
0
0
61916
143162
130270
439312
178689
0
57
156344
29505
0
0
0
0
0
0
210
0
145436
0
0
477704
0
650
0
360715
164419
209720
221895
152
469046
0
383428
91781
0
284990
472793
0
395770
481583
0
49713
337902
478516
774
0
117689
0
500080
214
0
0
0
0
213772
18
0
254603
123189
497603
0
45659
0
0
0
787
0
353095
0
318800
0
0
172825
0
439438
0
452982
418643
250517
122542
687
0
907
0
715
44348
7329
484874
0
475886
138
0
115
0
447293
0
0
578
107776
640
0
0
129319
85093
0
0
148089
505835
0
132305
0
394343
0
0
171372
49498
466110
0
0
0
144781
406573
62
0
0
0
0
0
48343
41969
0
0
0
143868
0
0
0
182984
58387
0
0
35532
0
0
489459
0
0
441877
129293
500334
0
0
0
0
479640
144
102927
407667
0
0
0
210205
0
0
0
0
0
0
0
174729
0
307766
0
0
513870
995
0
0
507748
0
36405
0
0
5199
0
528376
0
611
334988
553
0
796
532382
0
428569
495126
190843
0
104325
372986
292555
239091
0
256474
382
149114
15362
348
0
0
544929
850
0
156788
0
0
0
265993
384
0
0
544292
374155
0
15880
0
0
429136
354086
0
0
0
0
426889
430489
370052
0
509054
0
0
785
587
437925
5321
457412
0
0
0
0
18031
553467
0
322553
0
0
413585
536176
0
993
0
379997
0
0
327406
0
0
0
0
477026
781
49812
235985
329070
0
562088
46993
152616
0
187289
344609
333632
556106
0
537
0
0
0
546550
0
0
22
0
74689
271165
0
0
198
698
484765
132996
380176
492043
46295
0
247235
222
489612
380102
0
96947
205
0
0
0
301
0
232094
511697
0
0
560989
434899
371305
0
549884
408425
148
409104
485263
405
94
186361
420378
585
15487
161
128
526528
0
0
256114
328805
0
417848
361583
27272
0
0
0
169006
0
512973
38101
150
690
241893
342
490
0
571863
0
0
324326
69872
0
508810
423775
0
0
0
530930
0
41538
0
213728
0
0
395118
488723
326573
781
60949
0
31365
0
85028
622
0
110
345197
0
53
485720
0
309875
362295
421643
537755
0
378428
359053
0
0
460
329605
359521
1319
363
436727
0
0
498232
0
0
0
0
0
838
551156
151
0
323688
0
0
0
0
0
516764
578979
560770
0
0
59697
227744
334160
373551
0
0
0
0
444595
0
0
470457
0
473130
327625
0
0
288583
0
227
0
0
0
0
574
896
605783
604192
159334
0
0
0
204930
408666
0
0
441812
599130
0
607250
77505
297
0
0
513070
548
0
135161
460051
0
0
411221
807
312641
48920
0
0
290
0
0
0
0
0
7754
0
0
592669
472688
346915
0
0
0
529548
0
600698
0
0
292967
0
0
0
0
0
0
0
0
0
117846
0
0
0
0
497591
0
509717
950
32128
0
0
562678
683
177001
521663
0
0
54
0
578910
194766
0
578811
0
28
547461
24971
0
0
0
584621
0
479486
0
0
230589
0
503093
0
462938
161
0
60687
0
0
372457
0
453549
241513
0
0
0
0
0
0
0
0
964
0
266411
0
24380
344
477322
0
383352
3886
0
592408
0
366141
312801
0
621728
439740
255052
0
0
510000
0
0
528765
296158
0
323730
0
0
0
0
550848
0
0
170661
0
0
174136
0
465
0
0
138699
931
498
287734
577255
384
0
640205
0
540675
593996
0
417989
20432
0
0
28595
556970
0
277808
126174
289393
777
0
0
352477
469011
0
0
562108
267589
286
0
615643
305495
531
529278
466982
536404
525252
273567
0
106291
0
0
889
448
0
0
0
246770
165
176860
0
11240
0
0
537351
0
0
523
0
141987
0
533
0
599689
0
14632
0
0
629220
0
0
0
134
362225
0
86213
105082
0
0
646079
155522
0
347479
0
582390
147611
432150
452297
45270
417046
0
77976
0
0
77098
0
659653
153542
337092
511
400
416902
278428
646969
220547
0
0
626465
0
0
0
0
581443
672559
63773
0
563170
704
0
160951
0
0
647924
471679
0
902
696338
0
268
0
0
2337
344005
266630
718
296449
0
651834
355
0
0
437403
204450
358369
0
0
0
0
906
538513
0
0
0
332000
0
690381
764
46730
0
443908
332750
0
607934
0
204748
643
626042
0
0
0
536067
0
0
0
0
0
173981
0
17858
0
0
0
427982
0
368
76539
121965
597317
778
99356
0
251302
0
0
0
84541
701712
508163
361378
491
16089
185772
47
555627
123853
0
0
79460
0
148475
644158
185788
0
628
285158
0
0
0
0
904
0
0
403754
437967
0
0
937
93
0
0
771
0
0
0
0
0
0
0
0
76905
3039
481729
69662
71951
378
259604
0
0
158884
212753
0
241008
0
0
329015
213130
0
660836
713
0
0
0
0
0
0
0
536
637399
0
496998
213760
503
0
0
0
0
407750
0
999
322301
728462
0
0
443089
0
0
0
391866
678
0
85834
0
253969
0
0
576261
24876
0
284152
0
227197
550097
82851
55208
287671
669
686445
454552
661449
83896
0
0
510123
0
0
616844
511917
336065
0
553888
0
523945
412413
0
0
0
0
0
0
75117
0
0
45
0
804
180
0
36859
66695
0
681387
369125
0
421420
324052
0
0
107
738678
0
675340
738211
527901
286
102966
0
888
0
543176
0
0
0
0
0
669494
394939
0
231106
287
501889
0
430497
815
0
564921
94593
196340
0
0
591486
0
0
449645
0
0
0
534
0
0
0
0
0
554
493
0
490299
335994
788
0
713804
0
604
235324
0
431
74096
0
0
0
705883
0
625014
107455
722467
308916
468995
677458
84313
238535
679074
592354
0
628
342179
0
706687
0
935
662815
0
4
312633
279
0
0
288873
229857
131220
0
326
0
0
199550
0
0
0
201069
30497
0
254
0
181065
288903
0
512432
0
816
0
0
637152
0
362337
0
8222
594
0
192
891
887
0
909
514265
0
146665
0
0
0
0
682
611795
256799
706897
0
289274
0
724054
0
0
0
0
0
43795
0
276069
657955
276
702158
0
0
602642
86014
0
5138
230
116943
780285
515786
639825
352684
0
0
512950
0
351309
0
0
508
0
0
94
0
529042
0
0
0
0
332204
743181
0
468509
69771
466
606500
0
596956
0
0
0
612378
0
0
45
565766
59873
293825
0
326520
0
0
0
0
690555
0
38095
0
0
0
0
0
0
58280
0
0
63449
454152
263230
0
125
0
0
0
0
242
214
0
16361
193073
0
0
38552
0
0
451864
647269
0
526865
153
540781
0
0
291324
148920
0
0
480318
0
639687
0
786708
0
0
393
0
424754
0
0
250
0
178
0
764931
865
807199
770606
0
382127
0
176290
0
0
0
677
0
259537
0
0
710516
0
641
0
0
0
0
426
488629
732026
387557
0
0
825865
0
709055
623362
0
0
0
0
0
0
183956
207262
0
0
0
702
338
0
0
0
0
0
266916
0
0
0
663617
0
0
0
87462
0
0
0
825763
512178
703
751071
357213
229505
0
0
76490
0
0
0
792738
785998
35
0
784185
0
0
542359
667447
0
0
278544
0
0
0
0
0
0
0
302024
0
0
0
112692
0
0
142584
0
0
0
872
610921
0
0
0
670
461314
223591
285605
772169
0
674370
740813
544493
0
0
667784
0
776485
326
768608
0
292023
316
0
293558
799914
0
722569
0
0
519177
941
678326
211955
685437
0
780549
0
484
586469
791
0
0
66372
0
0
0
936
485990
0
615013
0
781940
238996
278278
0
222928
842293
727
351277
0
0
0
0
0
727313
0
0
0
0
84748
60
0
0
540660
0
176492
676254
421507
69405
0
984
0
0
189
490316
38875
0
0
273842
824753
0
163619
547241
628719
230747
361211
712966
0
0
0
0
678694
456
861360
0
200321
0
746608
0
0
507198
885555
671220
870292
3339
0
182498
0
641422
875248
690540
0
424347
0
209835
774891
0
0
0
0
0
3371
0
358
0
0
308633
666831
0
0
0
720045
0
178573
393453
0
0
645955
739574
174372
91674
222476
428585
345
695
518759
0
0
875408
0
0
0
387318
678
188995
455665
719197
292540
626560
786948
0
506135
0
215518
55776
0
358348
0
81355
0
793492
14236
0
0
0
0
0
0
599328
0
694862
0
848863
99480
102776
184
0
0
872326
0
199166
839633
614579
267964
0
0
725
0
0
27644
395355
380595
216076
124480
501185
0
0
0
0
0
0
446397
694750
758866
877323
383978
0
590
311418
0
351994
138652
176024
865228
253756
0
662952
247050
0
349
27916
0
0
0
553040
727704
0
0
740948
0
858219
526403
859261
0
806980
91
589290
0
639921
0
278317
552
0
0
0
0
0
808033
0
469
0
751537
637473
557404
0
789098
0
602607
447933
0
0
0
605401
875412
0
0
692383
0
264
0
157019
419
729072
0
130015
919953
518406
461866
657399
544667
170565
0
0
0
755
645232
0
0
807207
869
628658
0
910295
111130
840044
447430
0
0
0
0
0
300158
330089
447478
0
0
0
0
0
0
0
0
374
0
330351
668402
0
0
0
433714
0
0
653471
614
127620
0
333709
0
15468
0
0
0
0
706385
725257
0
360535
371514
869657
0
0
928546
112482
0
0
0
0
0
0
741008
449441
757588
5627
348726
0
0
159571
488154
433962
0
0
610172
9867
0
0
0
826591
458758
690620
857414
913581
0
0
63915
969
888715
69576
0
0
0
0
0
536784
0
537968
932508
0
442880
0
253933
484754
164453
701712
171429
889813
0
197882
311475
770153
848547
637333
0
0
903736
849824
0
855139
897972
0
0
906628
0
612868
690553
0
0
0
948283
0
556731
0
0
0
640
0
829829
0
0
174420
0
0
872207
0
0
682862
323661
0
0
0
184
0
501786
584109
451
686583
0
874854
0
563
594751
0
0
418433
118
823456
371709
489831
463
0
0
0
737561
506656
0
485999
714940
0
0
0
0
321825
0
391137
0
739839
0
685384
0
439907
0
243
315301
0
0
0
0
0
826542
0
33285
364467
599959
0
0
764787
761259
680005
56
871352
0
131
969038
0
856239
0
0
930715
849801
0
85291
0
644078
0
470223
364495
943758
0
988594
0
466
0
163758
631332
0
704764
663966
0
0
5
916019
580514
0
0
0
26173
302353
0
0
0
0
940423
896402
38510
139636
0
0
0
0
0
0
0
0
0
34870
0
0
0
0
0
0
0
0
0
0
0
0
384655
0
700521
0
108648
244
748060
0
0
764727
0
898960
0
982902
607
578702
52896
0
0
0
552744
168837
55889
0
0
338
212
0
947278
0
822523
291845
0
871792
0
553026
873108
617698
430435
0
141766
978365
0
0
0
0
0
0
579542
720399
112040
0
295785
0
0
96
0
770697
0
105849
481897
299181
0
0
781867
151
338032
0
0
138338
0
986883
909128
0
0
969084
581306
473
838
994454
0
0
0
246962
755546
882038
0
646213
523235
0
545
23580
872270
189074
875646
883698
5271
0
0
0
397355
0
62510
308084
0
0
953048
0
108316
303559
0
193573
0
381964
260030
0
603533
0
0
606024
0
0
905403
0
471321
883976
0
857396
1007866
200847
571320
429429
0
0
0
0
661960
0
0
509207
0
0
664976
389
482817
0
0
153096
298
744621
0
0
969
0
0
899511
437458
764536
381661
190998
0
513825
676567
0
382
0
101976
0
553177
0
0
733227
0
972698
267553
480
610141
0
616904
574
528437
0
785715
0
99857
788386
391401
0
719219
0
0
275
0
0
0
589696
0
0
0
532
61
0
757830
457456
882568
0
709364
0
983218
0
0
0
0
472499
718583
0
0
0
0
269387
788820
0
30768
888430
158112
0
880822
0
675660
515338
930275
768312
0
0
0
0
0
210
743656
834394
0
0
0
460
0
469573
0
564902
0
0
824399
0
0
0
0
0
625978
0
452167
496744
0
656122
0
0
0
662419
983356
0
485754
0
0
313500
405312
152444
0
0
916224
0
0
0
721495
1046529
0
923691
0
0
316914
352201
0
1035266
0
1013940
0
992330
663347
233
760649
270
542699
372212
0
0
329193
970737
740803
0
944796
379228
681530
0
0
397796
3813
506388
0
575372
873754
1026921
808
694637
1035404
408227
0
72666
0
430524
933239
940101
0
1018596
0
0
552648
0
208044
0
373691
233899
0
0
0
0
0
0
352803
720753
0
541177
0
0
986676
168416
0
1071646
818298
710998
0
0
0
425559
0
1032884
581984
1054402
0
986938
889247
283823
0
989287
153722
776119
518169
425280
817015
0
0
1055085
1036745
5289
0
550294
1046371
0
0
639673
770068
49
306244
0
0
0
555105
38208
814792
0
0
494499
997743
708477
0
0
698416
625022
0
432463
811379
0
642935
0
0
815324
1005723
447658
822379
193597
935680
0
143416
0
602208
0
260017
0
0
0
0
0
0
0
1009241
0
0
1053376
815960
366269
0
655
852415
0
0
0
0
0
0
216306
0
531478
0
0
0
0
0
0
922542
548092
0
588
572061
0
0
775000
664692
0
0
891012
428486
0
0
0
0
213
525325
199
0
0
267119
403128
1014420
765151
0
0
0
55
774377
435656
0
328342
0
0
0
0
143602
459246
596459
0
191869
360662
0
0
626112
598642
0
0
0
0
0
1102831
0
0
569057
104059
0
0
388656
0
39720
0
939971
1033755
440
0
197428
968408
0
628967
0
847937
0
0
0
1065586
0
1095896
0
211868
1076536
1010308
0
0
988689
0
0
55907
879903
1107896
0
68530
1035449
0
993403
609
0
485733
0
629494
0
646832
0
5399
0
0
538453
595
1068247
0
0
424134
1016916
0
0
0
1013026
0
0
0
0
0
0
0
1131571
585
274082
454768
0
0
0
556246
1049050
0
278
0
0
0
837364
0
752
0
1017140
1061577
0
0
641477
35189
0
363987
0
0
784671
0
380177
0
0
0
297530
0
0
463425
0
905946
254134
0
51813
52347
812907
0
0
0
294
306475
0
1000544
0
1007436
0
44620
0
870956
598989
0
0
26821
668840
0
0
938260
0
410
0
943658
1016011
0
0
0
0
474
1055479
0
49
0
0
0
574
1021437
770
651281
228191
0
796498
0
643
0
0
915374
401
0
461057
4644
796872
0
0
797857
862706
874720
0
232
396377
0
0
715406
111
0
0
309090
435899
378578
213302
897871
1134445
470793
332292
18670
0
0
0
0
0
0
0
889
988014
1093491
0
0
458122
0
0
164976
0
1106137
561601
0
0
0
528741
0
990
124679
0
165149
31
1160139
0
221266
354737
452112
760411
0
779579
0
0
990370
1024432
0
0
860809
0
1019718
844
0
6802
968491
0
0
0
682
262939
610091
725370
0
0
893336
0
1140518
0
0
0
0
10012
433864
0
55
778
0
889057
1145678
0
0
0
10
1093432
0
225797
750956
0
1062902
395827
960337
0
0
0
1119037
409561
0
157408
439448
451
597725
537
0
0
644
0
874308
593242
1117076
577180
0
0
0
984278
997962
0
0
380482
589120
717
0
0
810225
0
0
516080
0
0
0
1072607
0
0
55875
0
988411
0
0
190
0
194091
106191
10910
674898
0
1104341
0
561
1104419
356279
0
0
0
0
0
753294
10502
0
0
1036463
0
0
0
10182
315
115063
130854
622
28302
0
1051755
0
131645
123050
0
1133590
0
539351
0
875575
686920
0
639245
76232
1174447
1113488
0
0
0
805668
371377
138893
0
125896
0
0
1012482
0
0
953434
937679
0
0
158300
369949
199
0
186199
250
0
0
1124229
0
0
0
0
412
0
0
0
934456
854251
0
0
58207
1125250
0
647060
0
0
0
640686
1012360
715512
0
744
0
277444
42
1071475
877971
91815
0
0
313140
481815
1087378
780321
887393
0
943077
640211
0
47
0
1183077
583
743
590943
425332
0
0
609
1106908
440765
954166
0
435746
1211817
20162
0
0
743896
0
1203769
159
0
9
0
0
402334
0
0
390370
0
222122
17073
0
0
0
1205234
198
995257
0
0
0
0
862296
0
0
1053738
0
0
0
313658
0
0
0
1228978
543012
0
0
0
1014112
180092
743433
800
1120719
0
0
52864
208
0
0
0
108803
632076
1141015
0
0
0
768616
0
0
0
415
221750
661
63052
971918
964866
0
0
0
0
866491
0
0
405200
0
0
0
0
597617
815592
1147114
0
0
0
970997
1058051
271671
0
223636
295684
0
0
0
378592
732282
303
102
1224418
0
0
674898
925
0
0
0
0
37216
168
224
0
0
798422
0
0
789265
152764
0
835160
1117755
0
0
0
700496
211452
0
78599
0
1094940
391740
0
0
0
564198
495595
0
64539
0
0
1197191
0
923501
1250127
572315
0
499086
0
574965
1252798
491982
0
0
916
0
0
0
0
819884
0
0
655741
0
1202770
1014224
877154
568576
0
1121560
0
0
981248
630
909861
1246444
0
0
185
0
0
0
270
828446
0
0
596781
0
0
0
0
0
68530
1078028
606240
1240271
978449
0
0
620983
0
889848
0
599
0
240778
1105340
0
0
309653
0
0
0
0
0
546752
0
164051
0
971724
0
0
0
345711
1189012
1040815
0
1248206
0
0
2100
0
0
0
977176
576
0
345396
820150
0
817
0
0
340099
439844
548769
865838
0
0
995604
453
0
1052226
981374
1096220
0
0
624
232531
0
1279449
0
0
0
0
0
0
0
0
0
94126
1281389
0
1246224
0
0
1129444
1187606
1107079
525084
0
1193303
0
195659
459578
117
894274
0
0
0
0
586
667090
1187061
9534
0
272001
619
0
0
350
0
617091
0
660851
341330
272173
0
0
0
0
0
0
236
853058
1224463
0
524350
0
0
611121
0
1087030
0
0
0
26044
811078
0
0
0
27114
0
0
0
206714
680100
0
0
0
1253257
222691
0
0
0
10408
0
217409
1015135
0
342949
1169685
0
874831
0
0
69706
977
700869
0
853
252602
1255740
850736
987968
593925
0
0
886511
0
129
0
917315
0
0
1138356
0
760604
838585
663889
943
0
0
0
0
0
1298169
415185
0
951502
0
147782
814954
0
615849
442
0
288
719724
0
0
0
0
1214424
0
0
0
0
0
0
0
923998
0
916631
0
1128630
724
886257
0
0
1171716
0
551968
1265061
0
0
0
220361
347268
57697
0
0
0
0
835555
0
508018
596
891742
0
580941
0
1215613
0
0
1320526
0
0
0
0
1127949
0
0
0
0
0
255429
0
1288748
910591
255371
736910
1127412
484
0
0
640
0
567264
0
0
547741
0
265462
0
123
0
0
647249
366386
1196262
133690
1274635
0
830
438
0
0
651364
0
990726
566042
0
463916
1071171
0
0
0
0
0
1292265
238416
744
1239574
1227376
809
0
0
354835
395590
1074102
0
1162207
0
0
0
0
0
434317
218613
532635
0
0
0
1136120
0
0
151148
121
0
0
0
0
210751
0
64569
413
1255145
0
0
3457
0
0
0
0
819571
568844
1185024
0
1233445
0
573935
848699
0
512195
0
1258199
562
0
1036928
1202699
1076711
129
0
0
0
516676
463535
1291529
1000316
0
878532
520825
0
849313
0
0
0
0
0
0
1263640
823
613196
0
1009701
0
0
745950
0
288647
0
1185053
1001425
10872
1033528
42
28229
676
0
0
136476
604
0
1069728
481
65483
275814
0
0
20982
332
0
0
1244061
0
1069800
880860
532503
0
0
936278
420
0
0
1193840
630
0
0
1332483
897716
0
0
0
0
995130
174708
0
0
0
1058932
1279998
408859
0
0
1197091
0
0
1177111
0
878255
0
918504
534
10596
352774
0
0
0
0
1293201
1170352
0
1149026
532750
1349778
722253
0
807911
0
166
1076017
480807
0
0
1347575
0
0
1013893
0
967006
1217978
0
735436
0
0
1037379
0
0
0
954
0
0
0
0
0
1298896
0
0
384473
316530
0
0
0
1243439
462443
0
546869
489329
0
653198
0
966065
0
1072164
0
1232929
1062892
1285894
0
0
981464
985534
36219
0
475
0
0
0
345106
1054903
1324315
0
53733
1346119
0
0
888720
407
610552
0
0
1489
991394
0
1149153
0
916530
11221
1262544
1346004
0
0
0
0
132488
1347643
574542
0
551846
474950
520148
971
210615
0
753368
0
0
0
686
0
1257691
0
0
0
0
67
0
1256933
0
0
0
0
775296
623758
0
991874
0
390836
1324700
992222
1022603
369870
0
0
332773
440536
0
0
3485
417
820
393161
0
0
0
408
1381358
1348711
1059552
958698
1275722
0
0
1397795
0
0
0
806002
887146
664362
0
0
272727
615221
224970
0
728
468269
0
0
1373673
0
0
989116
0
0
0
1381317
0
308084
1327493
0
0
614638
0
980427
549823
0
0
684
491865
387232
279
431358
1430695
1242525
0
890
541288
0
0
1288694
0
253370
0
248953
522780
84078
143
0
0
0
0
890945
0
0
0
0
924785
8119
0
0
0
321
1402598
832082
17034
512396
0
1256321
1097837
0
0
0
0
0
456987
300581
242884
848885
508656
0
1021496
0
237469
159510
518990
465504
371
1383496
0
156361
599
725339
0
0
0
0
986863
0
0
0
1172486
0
393082
1038823
0
1111330
0
1424343
0
537044
1115912
0
0
485191
0
0
0
0
648258
30
0
0
377
0
0
8886
0
0
0
184
0
788570
0
0
1434413
0
1282390
0
1143878
0
0
222901
184225
0
0
75875
236580
0
0
923
1156125
0
263647
875208
1019516
651
975154
0
0
0
0
460
0
934309
235
0
0
228434
0
516734
1427827
1015407
0
810960
1349281
693598
1058529
490186
0
0
0
334524
0
842594
219
0
1438195
574706
111368
0
1095585
0
479877
1342764
981602
0
0
1214813
89003
0
295875
0
688016
0
438571
1101210
415620
0
0
307277
0
0
0
0
0
797931
880332
0
1135842
0
20535
0
31492
1395621
0
494895
890233
0
1053844
904959
1216365
0
0
556443
0
819
0
1380266
166235
0
140572
0
0
0
516311
1281863
1150436
0
1237462
0
0
0
0
0
1123191
0
0
517
919705
1347788
694490
1361644
0
1420894
0
997815
355631
1477305
373204
0
0
0
0
936810
56487
83844
891732
0
975029
1057603
0
0
0
0
1130535
0
0
721367
880778
1244758
53
100869
0
0
0
0
0
1324080
215012
1153271
0
0
226558
0
0
0
1395120
0
0
823809
0
0
1177262
943219
622848
0
0
995699
1469626
0
1041235
602258
0
0
0
0
0
0
351935
0
632749
1394360
0
0
1022273
0
37502
946117
0
0
0
123610
425089
432919
0
1470549
0
0
1485399
6882
0
0
919947
0
976348
0
0
0
0
0
0
0
1483754
0
0
1415520
1233162
755
1384232
0
0
0
0
0
0
0
0
0
247081
763711
0
0
0
866328
0
0
0
0
443912
0
0
886321
0
0
0
0
0
0
109335
1397858
772864
921601
0
0
0
89
0
830806
0
0
0
0
0
0
0
0
0
1190259
38341
773803
409411
1209783
0
0
1341709
412812
924413
0
291
869
1499472
1142342
1398520
0
0
0
0
1028102
0
0
0
942245
0
0
0
210
1136331
1384313
0
0
1225016
1511635
0
0
197
0
0
0
1089326
0
1074208
150927
0
0
685049
1000504
459789
0
759412
0
1464392
549078
0
892660
0
1447383
0
589157
0
1351345
1019638
0
0
1533184
1226053
0
405285
0
0
0
0
0
0
0
1172252
0
0
0
486
0
0
0
945311
0
757692
0
0
949126
0
1143631
0
0
453405
97
0
0
0
217681
0
1398260
0
1430950
1421716
0
1253896
35
0
0
462793
0
1261443
0
1021761
607380
0
0
628
845262
0
58554
0
0
441133
68022
0
0
1092988
87
0
706
0
0
290
0
1078609
1142590
1149268
851175
1477442
1539172
1422207
0
1086425
1238322
268491
1429028
0
0
0
1397340
538759
0
0
0
0
874823
0
0
0
1118857
0
0
0
363968
1351623
1382620
0
0
1019271
21380
753824
0
0
1022697
0
1049037
0
166575
605153
1323331
601738
0
0
0
0
0
0
1347084
0
791291
0
903406
0
0
0
0
0
0
0
1321617
560881
0
521779
0
0
0
0
0
1428433
112837
1178027
50425
1569420
1207555
888910
418281
0
0
857
0
144136
0
1573838
907
0
1536827
1224861
1034095
0
1347545
0
0
1564847
0
450
0
572
925645
0
1009259
1020654
0
369155
0
186506
1131955
1023693
957883
0
735060
0
0
150
1582632
0
784230
1303368
0
482252
1443485
0
898033
0
1480702
796665
1023
0
557745
1465344
805280
0
0
419
0
1574243
0
763787
0
0
415
1558479
1076512
0
0
0
0
0
1442701
0
0
0
1308663
280107
557524
0
1384658
0
0
766539
989747
0
0
0
936890
0
890843
0
61358
0
1586977
1569659
1486464
0
0
1248467
33050
0
0
295714
2
256012
0
1219512
0
839473
1523304
259259
133
1043922
583679
1187160
0
0
1133135
0
0
0
0
198368
1511841
0
0
656356
1606925
0
615642
0
1373435
1374302
0
1092287
982582
1146504
1600498
729
0
1171839
1399204
0
295220
880520
0
0
0
0
0
1430576
385211
1428787
0
1525602
89813
318422
0
1272975
491714
0
0
0
919
1263388
179655
0
1147667
0
1307171
0
0
0
772304
214
846372
0
0
0
1076335
461748
0
1147559
1230648
633201
0
0
1194214
108293
1112391
0
1197946
0
0
0
197620
0
599950
104797
471483
0
0
542954
1105482
0
1317011
786979
0
68716
1435279
0
615175
1232769
168429
0
0
1567132
279313
0
0
0
998731
0
0
1550451
0
0
0
635013
0
1367708
1371403
0
0
0
1491968
1411144
0
0
246542
0
387449
1292095
1477458
1539813
1048434
1501047
967647
1459317
475700
1579938
0
1481501
1019562
0
813321
1046897
826520
0
1348951
0
0
1532886
1301723
0
0
0
1568181
1543386
0
0
1052697
369360
548969
1263740
299
0
1100941
0
0
489255
0
1409418
1142777
1351168
96276
0
1610532
0
1023978
1335983
925098
0
505571
1427547
464051
872143
987
0
731765
624687
0
1635518
0
0
0
351663
0
0
1214640
0
573
0
0
0
183488
1629361
0
0
0
1171023
1481277
0
656840
1271813
1251733
0
0
0
942549
545
0
0
447
0
0
33621
934355
624
0
0
1629337
560918
80857
1176820
0
0
1276146
0
0
0
634932
0
0
0
1212585
179225
0
545
0
742617
1312660
637814
1566773
381746
1594667
1584656
0
68215
0
1427901
1427690
945423
1564482
0
0
0
808427
1623685
1368224
0
1052587
827
1639018
0
0
0
421486
0
1507380
49079
196391
0
1079547
0
227835
963380
1165909
53630
0
0
0
0
0
1095730
0
768387
0
0
538
0
986187
0
1370860
0
1410589
0
0
0
563
0
0
0
1332929
741510
695582
0
1327415
847423
1563691
1344923
0
935963
1472448
195863
716797
796768
0
629386
0
0
0
0
1599193
580225
0
1398323
0
0
0
0
1120178
0
0
1541868
0
791
1702355
955597
0
700319
228
1120051
0
0
0
0
997
360097
232246
1136982
136677
0
1053519
1598716
0
12767
0
0
0
0
0
1525366
1383347
0
706708
0
0
1595807
0
0
890649
1131343
154004
1418414
511789
739992
227936
0
1655449
873112
0
0
0
733590
0
861994
0
1408401
0
0
905423
0
0
801174
0
391
0
0
1570666
1413336
1426762
158246
443609
1684016
0
0
487509
0
863276
136246
1715724
0
0
0
0
1585012
200986
734777
15
49591
1622203
763227
238168
598950
0
0
0
1690503
1459194
0
1565415
1048493
0
0
0
1627250
815200
0
1694535
0
1601293
0
0
1422950
0
0
0
0
1504307
242
1620037
1566020
1628795
0
237039
1566084
0
747959
0
1466076
0
0
0
734
0
0
1240393
80724
0
0
0
1637182
1062953
0
1386112
1468726
181178
0
815608
589723
0
1298697
0
762384
993808
0
1404456
0
862
429119
470448
1692461
0
0
0
839832
0
0
0
1632366
0
0
1286290
382406
0
0
0
0
0
1607479
1409137
1588998
0
1380596
0
1584431
0
0
0
1461559
0
0
865410
121
0
1646591
455824
0
1677117
1154359
0
0
1598890
1349418
1440237
0
0
815
880077
872701
979390
22049
0
0
0
0
0
0
65795
63614
0
0
0
0
762362
0
0
1578818
0
0
426060
0
1082693
0
992166
0
449445
0
337860
0
0
0
0
0
1567978
0
1290520
0
0
0
1633332
0
0
1366681
0
727
1752151
0
0
0
1455886
0
1753512
0
0
0
486995
58929
0
707508
1664525
1203203
486
392800
0
0
740636
1227890
1140038
0
0
871934
0
154304
947638
1059801
0
0
0
0
40185
976
0
234664
11562
0
0
871
0
0
1183598
1430966
0
448599
0
0
387703
0
858838
0
0
1613632
1276910
0
35
1478504
0
189249
0
475615
0
1252882
106899
0
1185311
0
777140
634936
0
32294
0
0
0
1073263
1591381
0
0
0
332206
1605905
0
0
1494881
411951
0
0
0
0
0
1725742
302031
962781
1555940
0
0
1044878
1097909
1787371
0
937847
0
1472366
0
1091372
0
1488809
988866
0
1267502
1799336
0
0
0
0
87
0
0
1384773
1322161
0
1569837
1227276
0
0
0
1629183
0
237195
1668625
587
0
478
0
0
1542852
0
1294895
1544351
1680784
0
0
389316
0
0
90728
0
0
0
0
237329
1614586
1766786
1608849
1234524
0
0
1565403
0
0
0
1109084
725
0
0
0
0
0
0
1650622
0
989481
0
0
1774532
1501215
0
1509010
0
609411
0
0
0
0
961762
11630
0
522068
586
296536
1482865
0
0
1674264
0
0
0
0
1650809
0
0
0
968353
0
0
1661632
0
1176512
0
0
40270
0
1307505
1677714
0
1454240
132
632301
111
0
1435821
1704106
0
0
0
0
0
523970
0
364
1097917
0
1630264
0
688030
1320913
54026
0
571867
1341287
254240
1166058
0
1568223
1051574
1022945
897135
712
1779391
644
0
1694354
0
0
830349
1298813
0
1456472
555074
0
1526654
0
0
830689
0
1786586
1688865
0
0
0
0
0
198136
1487555
0
0
0
0
0
0
981
0
883516
1788409
0
0
1579298
1600983
0
0
628789
1566186
0
0
0
0
1593951
700
1585467
0
1704604
0
1278242
1376954
0
0
108303
0
0
0
1352130
0
0
1488248
942677
588341
0
0
1071527
9555
0
0
57790
66
0
1260764
68
0
1792743
1670938
0
0
886489
0
0
0
0
1783786
1621963
41
0
149
0
0
0
1469167
0
251071
295326
929056
1031255
1157839
1735628
0
0
0
1693497
1695941
1661236
288246
1262593
0
1793766
394268
808535
1705680
1828914
0
1346293
1441827
1805458
0
0
929571
0
0
228174
0
0
0
1625733
1704171
0
146288
0
171557
1772441
1518598
0
17313
0
551322
0
1723972
0
0
0
1736909
0
1131634
0
1736302
133613
1095681
0
0
668935
0
1169978
0
960153
873556
0
2801
1455871
828317
106872
780795
1818649
0
872867
1592022
133262
341203
0
0
0
637950
0
0
534
1821563
980289
0
0
0
340695
439021
0
397248
1790053
1397908
952
0
1136551
1850739
627
0
540
36
0
419316
1524068
0
0
1508840
228195
902
1365598
0
1067993
843756
684445
0
0
0
0
769413
853063
1763863
0
0
1050171
766316
0
1011386
1508964
559
1617005
0
1753389
0
0
1765303
0
1822519
10
1388169
877930
1488977
0
764246
0
661281
741335
897339
1581498
0
1195145
0
1060603
1337004
1859195
1016234
1451941
974325
1238360
967333
1098544
1502113
848842
0
12713
0
1786741
0
871175
1472461
1208094
0
0
0
998267
0
0
0
0
0
252528
0
1788198
0
0
0
0
0
0
0
929
870757
0
1853535
1876076
0
0
0
0
0
536003
1443712
264553
0
31313
1314531
0
202875
924188
1083387
0
0
0
11260
0
320518
0
1838859
1472773
0
0
0
0
129
1646486
0
1469688
765495
0
0
0
38871
0
747488
1873252
349741
0
0
1610406
340565
0
1207422
0
0
0
735759
1013646
1531914
1887455
0
0
0
1569074
0
10776
0
0
0
0
0
1156127
0
0
253548
0
609
1152107
0
887
0
1590076
471106
823
0
1423983
44735
1587210
1779199
8316
1108715
903085
0
563767
0
0
629
141
0
562578
0
0
1443841
0
0
359506
0
1602998
0
0
0
1577084
494067
0
1462334
0
0
0
0
1100958
0
0
1879204
660183
0
476053
0
0
226
642931
0
0
936666
0
0
574815
1829138
1084095
1634934
0
1667240
0
0
0
0
0
0
0
0
1554416
1905391
1779598
1668602
1739343
120154
0
0
0
1500142
0
0
499739
1885794
0
265
0
1915219
0
185403
0
0
0
1719056
0
0
0
954596
0
1235448
0
1575086
0
1024960
882328
1238188
1795328
1312044
0
0
1739072
0
114
1456695
1419068
309299
1914328
0
0
0
0
143469
603435
0
0
1904241
1938026
0
0
1109003
0
0
0
346
0
1567582
1681706
0
1691517
1109248
721997
629767
1745711
0
1843063
279
0
0
764211
0
0
1045352
0
0
49
1935589
1727061
1744832
1590965
1953493
0
913878
656319
1647815
784962
0
0
0
1737864
54
0
1024931
0
0
0
1421871
1380333
1723464
0
0
500816
655351
200525
708628
0
1415828
0
1708149
0
549
813483
111910
1953523
0
0
1811302
0
1154230
0
1779786
689
13884
0
0
0
0
0
659557
1623877
1693039
471662
0
1445979
0
564574
0
0
0
1700971
0
617
434336
1860686
0
1501489
537682
275270
1658152
1005416
1740438
0
0
0
0
1054362
0
745418
536067
0
0
0
0
0
0
0
1686965
687719
0
0
1966145
0
1713860
0
1253758
1290401
556030
562732
0
0
1001631
1238530
1627731
945
1313952
1004428
1486010
1314440
0
737
0
1148872
0
0
0
0
0
0
201305
1477900
119631
686
560684
0
180094
0
1095376
1229421
74403
1610466
0
276604
0
0
1508490
852017
1953906
1046006
1988174
1719446
437094
0
499432
0
1609703
0
239152
0
318353
1766952
1799181
455
971
762987
904071
0
0
357029
1594
305048
1987887
581260
1449006
0
1408708
0
203536
887
0
0
0
1241898
1826417
1821547
0
0
216
0
0
0
0
0
844601
0
828686
969568
224984
0
0
0
0
0
0
0
0
1863438
0
1906773
141984
1653877
1669128
0
0
0
1074189
0
0
584843
297607
1413824
0
0
0
31857
1448309
0
0
1077274
917783
0
0
1967356
1389623
0
0
0
936303
1776254
1727223
0
0
0
0
0
0
0
809283
0
1515415
996790
0
1562755
0
0
0
0
1572709
0
0
1782748
0
230611
0
1056607
1659208
0
0
0
1718286
96
0
1978424
0
0
97
0
842391
0
0
0
0
0
387661
93762
42567
1510521
0
0
0
841134
1582006
1938376
0
1250313
1464166
1246140
0
87
1908010
1098627
0
1985188
138146
0
1117830
0
0
1458499
0
0
0
1779273
1116450
0
1332716
0
1226679
0
0
1413305
268642
214115
1133270
1730844
0
565917
0
0
529584
40
0
0
0
1689565
833694
0
1292041
1204521
1046012
1023359
1111709
0
0
0
0
1434398
382974
930882
430889
913250
0
1243746
0
648
0
1469820
1775069
0
0
2009075
732344
0
1440126
714787
0
0
1291784
0
0
536
0
0
1513462
0
0
0
0
0
0
226160
0
972814
1011102
18766
1794507
0
846154
0
44131
1940655
240518
1178500
1808679
0
0
1863648
978
0
0
0
0
0
0
1615656
0
245716
0
0
937399
1295502
0
147515
376216
1726792
0
0
1747595
1928131
426
0
0
1486750
917131
0
0
1509044
0
1747165
54936
391637
0
0
1751534
0
560129
0
0
1734214
0
2046481
280155
1873066
583574
253887
1763854
0
1126512
0
0
1870346
144498
808263
1939517
1973403
0
1459855
0
196972
0
0
0
1313295
1571184
1881793
0
877215
0
605401
0
1439549
0
751
0
0
603274
633656
575548
183321
66259
0
0
0
0
948692
57333
0
0
0
48987
0
0
1551936
562187
428615
0
695371
1193635
0
79659
0
0
1968203
1827455
0
2044487
0
1186897
0
865976
0
0
158828
1883571
0
0
0
1069115
917644
0
1259771
157
0
0
0
0
0
0
1852420
339
1612979
1898992
0
1941788
520470
0
1212869
0
452127
0
652742
16060
0
1185392
414261
519
360739
0
1946104
0
1574370
1728508
830508
0
0
0
1485730
917636
0
0
0
855475
0
0
0
0
947083
0
0
1575871
0
381900
1810551
0
1619843
0
0
0
0
0
2078479
0
775719
1130748
807714
0
1301351
0
0
0
832284
0
176529
1710856
1511739
0
1998113
463733
849505
0
0
240882
1974239
2023728
0
0
0
0
0
1956110
0
756951
2107375
0
0
963217
0
0
0
163361
1753013
0
878940
0
0
0
0
1905940
278
1499558
618156
2106508
0
1354470
0
0
1888368
0
980753
0
851256
1988492
0
0
1732332
1585528
1393763
0
1005134
2097403
0
330196
368805
0
0
1115067
0
960897
1979983
1036286
722908
218828
106200
769
0
0
9344
0
10972
0
2127433
1042143
210
0
0
915391
1497899
0
0
583471
1151249
0
1888986
46837
0
0
0
0
1796625
0
120694
1659951
0
1981291
0
0
1962229
1466923
1889151
1149241
115831
1738206
0
737456
0
0
1630066
1715588
0
0
0
0
0
801
823
0
1457231
0
0
796592
1810711
0
1905091
1176676
0
92179
0
1994673
0
0
0
150835
1199655
0
72394
32
0
0
679882
0
0
1453225
1757661
628966
0
1112058
0
2033855
1428484
0
0
1352197
0
1635189
0
0
2124681
0
266600
0
865816
1988038
1262350
968248
1857137
1950597
1119423
86628
0
1335516
1482381
0
1854970
236253
331666
1468728
0
0
0
101772
119299
350
982755
1461616
1531239
1831519
0
2014059
0
2042139
0
119567
980642
1082746
997946
27653
0
0
486148
0
0
0
777460
0
0
0
1248052
0
0
0
0
0
0
0
0
0
0
506
1563054
481
917219
1204932
0
0
533875
853057
0
0
2156331
1919468
0
0
0
0
0
0
0
0
2067373
0
125889
828340
0
0
1683805
0
0
0
0
0
0
842914
1408063
0
640
0
0
1831271
899118
2117355
122156
0
0
138372
0
0
0
0
1807902
0
0
0
0
0
0
458490
1027602
0
0
0
0
0
833917
339
0
0
0
0
0
2044613
0
2131688
0
147145
0
94447
1939544
1288654
0
1150793
0
1312523
0
1596073
0
0
0
0
931196
0
952618
0
998595
0
1140508
2131357
976108
0
1543177
0
622156
0
1109005
0
2046803
2013168
0
1792132
0
0
215457
0
1053535
2050173
67522
0
0
125203
1214715
775727
440
1443
877482
0
2193655
1117823
1279682
2110345
0
0
0
1630781
1904632
1212529
2181478
2069961
1802104
0
1261891
0
0
612761
2175234
1436676
0
0
1396080
1876887
0
0
118415
0
2039296
0
1919639
358828
194
2059102
0
0
1303678
0
1620677
574001
1913776
0
652897
0
1177317
1117982
560
1869244
758431
583921
0
0
1089168
82383
0
398486
976750
442050
0
575873
0
0
0
0
2133889
68706
0
2090155
999
116627
0
0
1757944
1205999
0
1238228
0
0
0
2102568
0
1000225
2129836
1762638
0
0
0
2174342
0
1059802
0
0
0
267
0
0
0
1939327
82383
0
14313
0
1135253
0
586577
1970898
1036095
484
973505
0
0
0
0
1673308
585922
278063
0
0
455038
0
0
0
0
0
935660
0
1327880
930200
0
0
2213817
0
0
2172005
1255023
0
1857333
1087624
0
0
2094700
0
0
1872954
0
1600322
1983056
399
610845
402130
0
2222054
0
504799
521077
2206645
0
1932891
0
0
722
1994004
202124
0
0
0
2179006
942
2212199
332
1381161
0
0
0
914614
995465
0
0
0
1448434
0
1177506
0
0
273451
0
0
2244399
217111
0
1785437
584963
704
418
0
2111048
0
1517966
1936006
48805
0
1939917
0
0
0
1578903
0
1128053
0
0
2065930
1393302
0
372260
0
347059
0
425
413759
0
0
0
2097514
0
0
0
0
0
0
1945685
0
0
0
0
1019676
317122
0
0
1131380
0
952592
943243
0
0
0
0
116
0
0
1917866
1356982
413796
0
2216487
1025318
0
254770
0
0
392272
0
1140770
0
1718657
0
0
1255709
0
698481
2107769
0
0
0
0
407971
0
45
2242235
890037
1435655
0
0
1742016
1876907
1910172
1572529
0
0
0
605949
1140632
0
0
0
2172066
0
0
0
86338
0
320
2161057
0
0
0
0
1062577
1948842
1063241
0
0
0
0
0
2012486
0
2253815
1828885
0
0
0
1799880
0
777818
1658080
1930503
1335941
0
0
0
2233560
359313
0
0
0
2042338
0
1688495
2250620
0
0
507784
811751
0
0
1186603
0
2195753
0
585712
0
637035
0
0
0
235687
0
0
0
1001129
841549
1716879
2268898
0
0
0
416
0
236248
1720498
1098185
542
1232175
2203203
504223
696600
0
1918510
0
0
1356296
0
0
2026487
0
555023
0
0
0
2160596
0
0
2072838
0
197
1154881
1063241
559325
420265
0
0
0
0
1454493
2285788
1835906
185
0
0
0
818584
0
952855
1907422
0
0
2301947
0
1355130
668978
0
1401445
2068905
509
1333975
0
2238652
81831
0
501490
1607760
0
1938329
0
737504
0
0
660617
0
2199896
0
2077731
905944
0
0
2151203
0
418623
0
0
1218196
0
90548
0
0
0
26726
90
0
1126918
898178
822876
0
0
67935
989026
2274161
0
1116988
969
0
0
0
0
930741
947960
553386
2231080
0
2262347
591356
1866804
988283
0
1807793
0
502773
0
0
1262930
2153730
0
0
0
0
0
666
568
0
0
2096835
34
2055875
0
0
0
453
318107
2011303
2072658
0
1679261
0
0
1231683
0
0
0
0
0
1622452
0
1267917
0
815168
0
0
0
1640964
1552463
125
920354
0
534857
848562
318019
2241324
0
897971
0
2103540
33643
0
1938622
1901506
0
0
2114903
1933871
2102835
604020
0
1983724
0
0
2242421
1262248
1604658
0
0
0
340
0
0
0
2311712
0
857427
1105577
2227533
0
2171429
0
0
2134338
1685464
1149036
2308533
1126649
0
0
760303
248955
0
2332377
913
1961795
1485713
1142328
0
0
381167
0
1776758
961704
0
0
132847
1137158
0
2297586
0
0
1981240
0
0
0
0
15
465
1995772
0
0
1395664
0
378450
0
953
0
0
737975
0
554727
1074086
67799
0
0
0
0
0
0
0
801
1938329
1608511
0
222515
0
412
0
2340864
0
0
0
186475
0
129
0
0
1194941
1332212
1001166
913574
2176601
1343189
273922
0
0
1275828
2354942
0
0
0
0
2317389
0
0
982
0
1764708
1198271
0
0
365776
1724356
660028
1026849
1435893
0
814487
0
0
0
706490
0
890578
0
1938892
291232
0
0
2018784
1575172
0
0
1899598
0
991246
0
0
365
609
733721
2289988
2209594
0
1026904
1829118
1081164
1081100
2212214
0
0
2345608
0
1413052
1269610
2111852
0
0
929
0
2317061
0
0
964477
1803761
0
1922783
1596165
0
66
662607
0
228974
0
1769820
0
2014034
0
0
1166929
2263332
368
0
0
0
1769742
0
1129143
0
0
1256356
0
1782917
0
0
0
2398195
0
2305890
1759195
2263094
1507649
0
1594676
1409173
0
0
857427
0
1322101
1842819
0
2382221
112873
0
0
0
2397521
0
0
0
0
2305000
0
0
2090602
0
0
0
0
1748421
0
1696015
253557
0
0
0
1681858
0
0
0
0
1968833
0
395217
2132470
0
0
0
0
1946572
0
0
0
0
467423
69007
276354
0
59750
904337
2405307
2078392
0
1818917
1649396
1626418
165125
0
0
145
0
2331819
2393768
855
0
1816113
0
2350299
0
0
1582009
0
0
2152668
0
2052843
1946799
227490
1169367
0
1214796
0
0
1916115
2004998
138249
0
966002
0
0
0
0
2371762
0
0
0
2300628
2292776
83
0
0
240945
2273666
0
2280101
0
0
164801
228499
1146280
0
0
746250
2223298
1167209
1274536
2061206
0
582864
0
0
196
0
1297499
0
0
1732271
0
0
2375380
1689589
0
414
0
0
0
0
0
17518
0
0
0
0
0
2108003
0
2412073
0
1436824
1019817
1411116
2025971
763
0
1372903
0
0
1724886
2020729
2159128
2116828
0
0
0
0
0
0
1796203
189
796336
2287812
875404
18050
0
2161845
2263879
0
2055035
0
0
89
0
0
0
0
871
550041
2422371
0
0
0
0
0
1016140
0
393
0
2424525
0
1608495
0
723469
0
538
1014011
0
1310278
0
2287598
0
2224631
2308788
2433212
1323367
1212091
0
0
2287025
2394712
425372
0
1073771
0
0
882
0
474025
2442017
0
0
429004
0
0
314852
0
1750456
21825
0
0
0
1466022
0
0
0
2316837
754456
0
609
707455
0
2446659
0
0
219691
0
1513708
0
2185363
1147497
1635445
0
2041987
356758
0
0
0
1585711
0
1275925
0
0
717539
0
0
1072032
1811964
362765
1175778
1890968
1488197
0
0
0
2403609
1537139
0
0
0
2042885
152539
2113144
2066476
0
0
1414662
798
0
1634525
1730446
309729
2127730
0
440766
0
2111794
1383174
990
2275821
2183708
856333
1718712
1973513
0
0
0
0
2113151
0
0
1458005
2172389
51280
0
1319630
0
0
0
0
913836
268887
609601
1563245
0
0
2065797
2064183
0
2404073
1621636
1232421
0
0
428965
0
467276
2209865
2448327
0
0
0
855861
0
0
0
0
0
0
0
0
0
0
144931
1593081
0
0
62570
945538
285000
2175057
2194891
0
0
549131
0
2433306
0
0
2314501
689198
2200661
1199892
0
685321
987884
1498002
1363446
0
0
562107
856922
648217
2371566
2446987
0
0
0
0
687023
309236
0
1490596
0
0
2371487
2306848
0
0
2475055
840
2103434
2067787
0
812
2303684
0
0
2069477
1127885
2227794
0
0
2263752
0
614
1892374
1768528
0
2501531
0
44698
0
2090857
2173099
2491043
0
0
1836532
2396285
0
0
0
0
1709517
1923181
0
184066
2204796
2260439
0
0
690416
730100
0
0
444725
0
1944893
2152609
0
702
0
0
0
0
2378454
0
0
0
0
1720102
850
323
0
623328
0
0
0
0
76869
2441841
2232779
596229
0
801175
761628
678
2018986
1463313
0
367097
2243553
1608662
318
0
1571228
2253818
167905
2380713
1818576
0
0
2101231
0
0
0
0
1239339
0
1980379
2500917
0
0
0
804995
1230264
0
0
1705632
140688
0
134494
0
0
1332839
879705
0
0
2361050
2486229
2529297
2335606
178776
1807744
2024034
0
0
18159
0
0
0
0
0
2532197
0
49160
599998
319239
0
427256
1798692
0
0
0
0
0
1626374
0
0
2247939
0
1767531
278091
0
0
468369
0
0
986808
0
2384610
0
582
0
1001959
1924643
220718
0
2097342
0
0
0
0
0
952
0
0
0
0
2118198
645943
588
0
0
1670800
1829392
0
2432783
1672236
1127721
0
0
674118
0
1416874
2066043
0
1159704
0
1922200
363830
0
2534761
1664449
1649291
0
0
0
0
952619
1022023
2526232
508756
0
0
0
1832894
1926790
719183
0
0
0
0
1354291
0
672589
2335857
0
0
455361
687323
2294577
660678
0
0
0
1569857
313515
0
352149
803
0
1509074
237
0
0
2287327
730
2485269
2161503
0
0
0
1684981
0
401422
0
0
0
2482883
491789
1750295
0
0
0
189957
0
0
2046641
352521
0
816
2349543
0
0
2293532
2515679
0
1538069
524019
936920
2459854
0
0
0
0
951277
1588410
1544756
0
425911
1435284
0
0
0
0
0
0
0
42794
2494340
2430993
349427
0
0
1414688
2278677
2497544
2485760
0
446111
2046946
2074502
2088603
1151420
0
0
1558391
0
0
0
2183387
0
0
0
1676999
0
0
1978569
0
869488
866376
0
620900
0
0
0
0
285486
904929
0
0
1768545
2486745
0
0
0
2226908
2275655
1932961
2472192
1931934
0
1761163
1680427
0
295919
1583558
0
868624
2504369
0
1900009
2204448
0
0
0
0
0
0
0
0
0
0
0
0
332
2455883
289
2570248
0
1743676
1009690
2406613
2509266
0
2491141
0
183113
0
0
0
1255264
2104906
0
2169805
1947521
2113069
1947636
2041375
0
2239542
0
0
1608920
429350
2110304
916310
2310253
1012807
0
1740166
1928719
2149423
211781
1096762
0
1248898
0
1895254
983461
1659828
1926252
2114073
2201745
2197848
89
0
1259627
1665977
698807
1345112
2578504
1008925
889521
204363
2110638
541361
1813130
0
0
0
0
660403
0
1261819
0
2086880
1553927
22270
1521301
2015577
0
0
0
0
0
0
0
2025727
0
112476
0
1287782
1449989
2092321
0
2130279
1348790
2263568
0
0
0
2018270
0
1790874
2533807
0
0
0
1654894
1231561
0
0
2442667
1948695
0
2071068
0
327255
1828240
0
430812
1781241
1810581
0
1521770
2525552
0
0
0
0
734220
0
269006
0
2494640
0
815104
1020690
0
249804
0
649993
1244958
0
0
0
1122007
1112582
453113
796219
2436683
0
1137804
2609029
488228
382121
0
1111212
0
259231
2028514
1101347
1911635
0
0
734356
0
0
2274615
0
0
2385179
0
1762731
1610637
0
0
0
0
730891
2037924
0
0
676071
2222606
2387800
0
0
548
0
821
0
2409534
0
0
0
0
0
0
1842687
0
2391950
0
790209
0
177877
1501222
0
1655688
192607
0
1421834
0
0
597011
1425792
0
0
1499325
2610758
2603181
0
0
27
0
145172
0
1253095
0
0
109713
1194284
2415328
0
2462308
0
0
90361
0
0
1375554
1724159
0
0
1973517
0
1498467
2503956
2425843
0
1381964
0
722976
1003474
0
971651
2169462
0
0
0
0
0
868624
1879894
0
856275
0
2017574
0
0
0
1795836
385
400818
0
1849348
0
967
662867
161
706008
450299
0
913796
0
0
2120413
0
1962621
2455025
0
0
0
0
1578102
0
1413191
2544744
2085661
2535152
714693
548578
230523
2356929
778
2501060
0
0
0
1354374
0
0
1081921
0
0
1178103
2474371
0
2281483
0
808143
1173946
0
2445591
1402431
0
741106
0
0
17580
0
1271492
0
0
765165
2462856
665895
0
1657316
1949304
2151133
2649070
0
2413400
0
1495295
55603
1047233
0
2053062
1094349
0
2445752
1376710
0
2416846
2559692
0
1600278
780662
0
0
1617969
0
907
0
0
0
851157
0
1644967
720573
2458942
0
0
1272398
1886157
0
2229239
2109902
1754864
1935792
1795897
0
936020
0
1918008
0
2276367
0
252197
0
0
2667660
1506283
0
0
0
0
0
0
2404360
0
2260560
1760110
0
2040156
0
0
0
0
0
0
0
0
2241583
0
0
842533
0
2509433
0
2593036
338554
0
494
2279952
783394
2007598
0
0
2385180
0
871
2607012
0
0
0
0
279577
2065618
2609657
2181518
2386705
1349183
0
1693869
0
484823
0
0
2624196
1609853
0
1880714
0
2629732
0
0
0
1974989
2084464
0
0
0
0
0
0
1993281
0
2023841
791461
935783
0
1783705
2241784
1772751
0
0
0
2394359
0
0
2475457
2304523
0
0
1920727
1979448
0
2646598
0
0
0
0
0
0
1595440
2689877
0
1424458
0
1893866
0
1744250
2128458
2538768
2534430
994964
0
128156
1728144
888474
792629
0
0
0
0
0
2687919
2570750
0
0
0
0
935529
2377850
754171
0
67
0
702541
1065053
2549653
0
0
0
820678
2569796
0
2477393
0
0
2597006
2507337
2137082
2306950
2705611
1237935
320670
426077
1614292
0
0
1871955
2057497
1785042
1130981
2037446
0
2541960
0
1152869
846
0
0
1080673
0
1432226
2275671
1747194
2074612
79873
0
0
0
786750
0
0
0
2611520
236439
233562
0
2410391
0
869182
0
106380
427458
2463128
0
2547402
0
2638605
1918197
1165729
0
0
300782
0
0
2482552
1416963
2547644
0
524694
2253188
629474
0
1214876
0
0
0
0
2080253
327650
0
2645104
2245426
1717112
2682964
0
2056727
1871868
0
0
0
0
2512071
2379197
2279346
1689518
2244763
0
2474062
0
1923358
0
0
1704090
0
1298060
0
709145
2217194
0
0
0
0
1310379
0
0
0
0
29672
0
0
2416846
1025706
355782
2673894
655093
0
1689651
0
902788
0
1802308
0
402717
2132166
0
759240
0
0
617661
0
0
0
179
0
0
494339
0
0
0
0
0
173849
0
1757729
0
1695971
0
1540064
156397
0
2027873
0
0
2096602
1961078
1730129
0
2223346
0
309451
0
0
1246465
1681953
0
0
0
2640806
0
2523354
1831407
0
0
562221
0
2514557
0
0
0
0
878414
723717
0
2596002
0
1406418
0
1584438
0
2729093
2750997
0
0
0
0
608980
0
0
0
1182747
0
0
1436820
0
1475968
0
2209366
0
0
275392
2756372
2330010
0
0
1679988
0
2063784
1374374
0
0
613055
0
0
0
0
0
0
1617930
0
0
0
0
0
1360754
1276826
0
0
474921
0
0
0
0
2647628
2460868
0
29212
1558697
0
2751013
1216095
804939
186181
0
2669419
2617514
898295
0
479725
0
1783290
0
0
0
561
1671309
2216188
300064
0
1473004
170434
0
2379376
1468785
328
0
1373839
455709
0
0
0
1498497
2084138
1918825
2345398
1775217
1677721
1987753
917618
707
204515
0
0
45414
1682983
0
0
1842490
2153132
201
1215510
0
0
0
0
0
505060
1084635
2109563
1387806
0
0
65
2650150
396
2385169
0
380930
0
2443423
2167087
0
0
0
0
0
858229
955088
0
0
465877
1166147
0
0
2007518
0
0
0
0
0
2593120
0
0
673
2528059
0
1858294
0
0
2756556
13101
219209
2694950
1030755
0
417251
0
2761733
537273
2751987
0
2386417
2330175
1988004
0
1277867
1679465
0
0
0
68589
238286
2801906
0
0
0
0
777430
0
2421311
0
602
0
0
0
0
0
0
81698
0
1761266
0
0
1478076
2509648
27137
0
0
2427814
0
558717
0
1905507
2209090
972
0
164
855627
1604111
2667081
562393
0
968783
0
1983487
2419565
0
0
0
2385525
0
0
0
0
0
0
0
0
963453
989836
0
464100
942891
430
0
2010147
0
0
174134
0
940890
0
0
0
487589
0
2313206
1457456
0
0
0
451698
0
1462935
0
0
2554196
1291891
0
1081731
2747610
1730939
0
517
0
0
1186899
2515084
2503027
0
2162372
2472017
0
2018926
0
2650888
1948135
528512
0
272
0
0
0
2135000
0
2129321
0
1109935
0
0
0
1597077
1536614
0
209194
1378795
0
1947579
0
0
2747182
2382343
0
0
2386101
2060179
538136
0
873
804777
1556340
0
2689297
563012
1720040
2427583
0
0
612313
2168831
641951
0
2767046
710541
2225950
2178455
0
0
891349
2751721
0
0
782348
1962048
1235370
0
0
2422449
0
1671111
0
0
613837
0
0
0
2781521
688
558033
1324762
789154
0
0
959626
0
0
2643903
2600876
0
739260
2490158
0
0
0
0
2495873
840423
1165544
364
2050625
1631187
776932
0
0
2056005
0
758
481420
2644850
2326083
566
0
0
1870318
2711517
2474033
0
0
2221773
0
0
0
0
0
2356476
0
631356
0
1229917
0
953995
0
0
2460884
0
0
778225
0
0
2050939
1630867
2399460
0
0
2149543
0
0
2638073
0
1981461
703989
0
722774
0
1778899
402821
906163
0
0
0
0
457590
2216987
0
0
0
0
976108
0
0
0
2148621
1464055
1685960
1610206
0
1959424
781
619
2196942
1599155
0
0
0
2493758
2428772
86545
1189409
0
368871
1830790
0
1479430
2402325
5075
0
1947132
1243527
1790539
821738
0
2678155
0
2353275
0
0
481092
2034943
776511
0
0
962
2050358
0
0
2286590
185813
0
2200591
0
2639813
2597484
0
0
0
590230
0
441740
391036
0
2292416
0
1456647
0
2249467
2150675
2204410
1294076
0
0
1579932
0
2378644
0
1236861
2602896
0
1049207
2537323
0
800380
0
0
620669
838872
2311450
0
0
1687860
1813403
0
0
0
2025374
0
1567414
2868416
2521526
107894
1443368
0
0
531064
0
277584
758979
0
610305
0
0
0
0
2451227
914079
1682756
0
2670721
1257248
2037899
0
904735
341987
0
0
0
0
0
0
2813316
0
0
0
2053839
786105
0
924
621050
1961861
0
0
0
399814
2290272
0
0
1145483
0
1754553
0
0
1679749
0
0
0
1863417
2743815
1044412
0
2909339
2401718
2215903
0
2830296
2769029
1092795
0
0
0
2929411
0
1919675
2459254
0
1053917
0
1969419
2681319
0
0
0
855733
0
0
2166756
1612762
0
1789917
0
2003498
2298985
0
0
0
2633678
149
0
0
1776902
140118
2929286
2466899
0
0
2816276
0
0
1968057
2285840
0
0
0
0
167999
0
1127793
2077261
923485
0
0
1277798
1973481
1709293
0
0
2248162
0
0
0
0
2439876
2885032
2326613
2911171
999
1413255
0
0
0
0
2629235
598917
0
0
2670489
647
1452023
1453780
0
0
2513459
0
1946718
2490615
0
2069606
0
1558891
0
2666992
0
5021
0
2583308
130965
870816
0
0
0
0
0
1760269
2581564
0
2431384
0
2733834
2513884
2635859
1084166
0
1998962
0
0
0
1459530
0
0
0
0
173481
0
1609620
2903671
2748764
1204934
676
0
0
2938248
1603702
0
776092
1744345
0
1771166
312283
900306
2436277
0
1187646
0
0
0
0
0
2046154
1782025
0
0
0
0
0
0
1240182
0
199472
0
0
702
2526701
2641585
0
558
0
0
1762414
1538412
0
299049
1497494
1521467
0
2719519
462462
2675831
2171178
0
2225910
1028477
0
0
0
2187383
0
2949007
878068
0
187964
0
1698516
0
2890813
0
177515
0
349899
0
2819743
1980626
2663989
0
2305787
0
453834
0
1236227
2674746
2288199
455859
2502844
0
2664598
2689122
1459642
0
99595
0
0
2851706
1792955
1930350
0
1934761
828502
0
1077586
0
0
656206
837487
1979310
1978824
2593087
1238440
0
0
946347
828571
722025
2971446
1638072
0
0
0
1957405
0
0
1515465
558
529569
0
0
2407089
0
127537
2974739
0
0
0
0
17214
2007544
0
1731781
2382810
0
1958801
2799792
2503295
0
989
0
2190771
0
1146663
373
1228431
0
0
2382945
180798
0
2539956
172522
472
2959017
1811391
0
0
1560049
782795
2861430
0
0
0
0
2781013
2838180
0
0
0
0
1054342
0
0
1989758
2534905
1623474
0
318054
79943
1585733
2666852
1994778
0
0
486834
0
1579193
0
0
0
368382
2191883
0
0
0
2211616
2478307
1761280
2585490
1066024
1993725
1413476
0
216981
2639021
878380
1311449
0
654
533002
0
0
2649272
0
1861813
13116
0
0
0
0
0
0
1254073
0
331
0
2972173
0
0
0
1798103
335
324979
1579342
0
0
2867895
1377122
1312493
0
2973508
0
0
558
0
0
2791867
1781008
0
2671745
2802980
2950235
0
580364
0
2252621
303235
0
0
1955706
2065565
0
0
0
989492
863035
2682908
0
776793
2339909
0
0
2126507
1466972
2405036
0
0
0
0
0
1369181
413927
0
160228
0
0
0
2937053
0
994539
0
0
2970263
675141
1033472
0
1764670
2789617
0
2760845
0
1533644
159084
0
0
0
1431615
2481165
2572835
0
2630507
0
0
2437728
2325507
1594180
0
0
0
0
0
2111915
0
0
1523180
2981553
0
0
1088602
2536805
0
0
0
0
2525171
0
118868
2334292
2291076
857128
0
1028007
2723250
0
2289612
2524617
0
1885045
3004304
0
977705
0
2983196
2392374
2980510
0
326784
0
0
2722658
0
1402524
0
0
0
0
2988467
0
0
2851791
2184100
2050103
151714
2601285
0
2133974
0
861704
0
0
1937009
2832534
1886414
0
0
1244915
0
785
0
0
0
0
3019283
0
2758805
0
2431339
0
0
0
0
0
0
1152525
2752757
2979897
1572943
0
2926167
2923227
2111072
264966
736720
2248205
956757
672606
0
0
57223
2619565
0
0
0
1557544
368981
540
2554892
2509379
980912
0
0
3012603
0
0
1856026
2830715
1558000
0
139234
0
602814
0
0
0
0
2949938
2749134
0
0
1569149
0
1990909
1361337
235139
2978033
278661
2211608
0
476
0
2111216
0
0
1339083
0
0
0
0
0
2443683
0
0
0
1514933
2577719
0
0
2304564
678
0
2399642
58848
1533344
1829278
1820506
672
1457516
876462
0
2986183
1962321
1300452
311890
0
30250
1669870
460
2987621
618
2099224
1761417
0
3064154
1663969
0
1921764
0
0
872455
0
957
2961850
1682908
0
633351
821846
976015
2218467
0
1610136
600512
1750384
0
0
2736250
0
2948981
2826511
1506327
0
1783357
0
2311291
2441912
0
2515142
0
0
474
0
2989764
1433431
2492226
2647994
2939527
126
2460304
0
674953
0
0
0
0
490138
0
1096385
0
0
616368
392806
0
2631864
1969209
0
0
1259391
2784800
0
140332
0
0
3061472
0
0
1180846
0
0
1922121
0
1300916
663098
0
2675214
2311556
0
800824
2800639
2062563
3072210
0
0
350299
3069154
2817905
0
759807
0
0
0
1936549
988179
3004383
509782
2690622
2363654
1933230
2639391
2708664
2976566
2955708
0
3075294
0
0
896699
0
0
0
0
0
2182056
0
0
2281977
0
855
2915434
339904
0
0
2867017
0
250885
0
0
1873774
0
744179
0
0
2313370
0
0
0
0
3081200
353
455083
0
0
1619966
0
0
305942
0
0
1457555
1404795
898
0
1925706
0
0
3062896
0
3096774
0
2735366
0
0
26
2408359
0
1289520
0
0
0
2654673
0
3062792
0
0
0
445346
1440439
0
2941972
1884445
620867
0
2739125
0
686580
1720839
896402
1359664
2456290
0
2977511
0
0
1195384
0
1768042
0
2760829
0
0
314500
0
481478
2525785
0
0
0
0
2667535
495584
429139
0
0
0
596956
0
0
0
0
0
0
611389
0
0
0
0
0
2369566
0
0
737890
965745
0
2004617
2620255
0
0
694014
1358655
0
905889
1343449
0
1746272
1484760
0
0
2192286
0
1166244
1969168
2106578
0
678412
666677
1201527
0
0
1408680
3090110
0
2749122
0
996097
0
0
1742894
0
0
1604613
0
2278827
0
3097235
0
0
66570
2605103
0
0
0
3054922
0
2434885
3094742
356542
0
0
1735141
0
0
66566
0
0
1876130
0
2712343
0
0
736
530
0
0
1808809
2472477
0
2135085
296820
3097575
624
0
0
1927936
0
2931233
2976558
0
3102243
2221542
544326
2775974
0
0
2695736
0
3115683
0
0
1115667
0
0
2644893
0
2307151
1183422
3056662
2883642
0
10022
962784
0
0
0
0
0
0
2919536
2955888
3094038
0
0
2666461
0
68624
23086
0
207494
2694964
1442063
0
0
2924923
3007062
2912279
0
2209559
0
0
54474
599
0
0
508239
1772412
1159709
2260558
2608846
0
2480909
2860514
1389409
2317518
3069709
0
0
3113584
183975
0
822136
349
0
1851253
920399
0
2428784
0
3150198
179133
0
1757805
0
0
0
0
2877093
0
586338
401
0
777
1903300
2876107
1587717
39154
0
294036
2836165
2712374
0
962573
947
0
761
0
2337323
1766053
2065687
2846142
3009964
2886840
0
3152823
573991
1635949
0
0
2663426
0
0
218
721003
0
0
2663421
0
0
0
2190446
519
0
1946423
0
3157755
0
0
2264556
1239646
0
1983673
0
1162721
1998714
0
23470
1520595
0
3150850
1876657
710976
2625673
724250
3123756
0
0
0
0
0
97
3008095
0
0
2863545
0
0
800
0
1660016
0
2072
0
3048324
3156701
0
0
0
0
2034345
1135598
0
0
0
3063951
0
1923177
0
1851645
2950951
3172164
67389
3167866
0
1066051
0
0
0
56791
0
0
470731
0
0
0
18373
0
1877588
3063302
1678833
0
0
0
1062726
2574723
0
0
0
2637715
2285966
0
2329780
0
0
2351363
110
0
2538419
2282579
3016875
1973065
1557310
0
2944200
0
0
0
2614238
3157140
803
0
0
2409356
2870540
908750
2038462
1882617
0
0
0
1129293
0
0
0
0
0
0
1342481
0
0
337935
2228857
2978445
0
907
0
0
2104168
869
2982065
2373934
0
233400
0
0
0
0
890271
0
2993991
2887370
0
0
0
0
0
446976
781950
0
0
561992
1024147
0
61402
1598674
0
0
0
1386701
0
65905
0
0
350
0
0
567
1349333
2909208
0
3144174
0
1803964
2223576
0
0
0
0
2985541
729618
2506403
48896
0
999
2067354
2687184
0
0
0
411195
329
2719652
0
0
0
0
0
2876468
2112586
2058655
0
0
521315
2708462
1433170
0
0
0
0
1937046
0
2617552
472
0
162074
0
1744109
0
0
1677058
0
0
857
0
0
1989758
0
0
0
0
0
1766399
0
0
0
0
181077
574462
0
2268202
0
0
0
2739316
0
3055038
2888711
31
1541204
0
2208694
0
1939720
1251015
1100260
0
0
0
0
272523
0
0
0
2277064
0
0
2925604
0
3037243
3101028
0
367916
0
0
0
1121221
2951144
3215361
0
1148312
0
619988
0
0
0
518285
0
3006438
834
3141699
2886400
0
76
0
0
0
2994542
2993191
611
0
2863641
0
1269493
0
3082271
3092999
0
2996612
0
397196
0
3244223
34067
0
557667
0
0
0
0
1650889
0
0
453142
0
2677596
2778213
0
2176207
0
664
0
2875659
396
1109259
0
0
950529
2737994
0
0
0
0
0
0
3134070
3012737
0
2721138
1511711
2988361
3168376
24719
1770290
2855505
2185136
0
0
0
0
0
0
1749240
0
2496685
0
1197298
0
0
0
0
0
2959238
353343
3027456
2441039
0
182
1655437
0
0
0
0
2158916
0
3140294
0
0
0
0
2936114
0
343208
0
0
0
2747923
267981
0
3230650
0
2651483
0
2877481
0
403644
1253313
0
0
0
0
151485
919
0
96
3079005
2552804
0
0
0
2804818
0
0
635
418772
2789153
2632637
1394931
3260699
3236908
1577495
0
0
0
2460413
962681
2864372
0
654352
0
0
1344844
0
0
381534
56669
3176462
0
1126789
2974617
1543700
944409
1271406
1773996
1298241
0
1596825
1375868
278110
2580471
2981510
3210814
2789636
0
1181956
0
0
1559921
0
0
0
3265037
0
0
2917129
3270666
2669021
1620896
398
283910
0
0
87
949603
0
0
0
0
0
0
81
0
0
3129348
1828264
0
2849372
3191843
2671530
0
0
2197426
2970911
103
2191012
20146
2900138
1993109
0
0
2562910
3059196
0
3075114
0
573
1777260
0
0
0
0
1989683
782
2948406
0
0
0
1686180
1951782
180
3106416
2358806
362386
3249792
1495723
0
0
0
907313
0
0
0
0
2321257
918706
1311804
2736889
3186273
0
1630408
220678
0
0
0
0
0
1984801
435
0
42009
3134610
0
327
385
2105324
3022747
1964868
1577165
0
0
1573186
0
0
0
2828310
0
0
1178986
0
0
0
0
0
0
3124379
0
0
3116733
0
3238686
0
0
0
0
2799684
0
2203458
2843680
0
0
617180
963560
0
2708986
3086005
0
0
2649246
0
1627351
2125765
1294216
1253210
3150019
3279785
2990735
0
0
1376115
0
1596338
463071
3141930
0
0
0
147
0
0
315892
0
325617
3370
1600535
1685376
983
2613655
3277408
0
1316688
0
1817313
0
0
0
0
289
0
2910525
2596440
0
738033
0
966983
403
90620
445652
0
0
0
0
0
0
0
198939
0
2810464
0
0
0
0
0
0
0
3188702
599
540331
2989205
11
2223101
0
70806
0
0
0
2130825
2971690
1386067
0
3084983
0
3231014
1784240
0
0
1310117
0
0
0
2624242
0
3244709
2066503
2739944
60
1922255
0
3215652
2998319
3156676
3273147
0
0
0
0
0
0
42555
0
1570755
0
0
0
0
1701
0
2816668
1676096
0
0
319724
0
1620817
2680584
2712271
0
132714
314350
0
0
0
0
0
0
1307728
0
3283560
0
26718
0
794518
0
0
0
0
0
2246857
0
0
709281
0
365303
0
0
0
1749395
2531304
3033021
0
2963703
0
0
2291055
0
3362715
0
0
1719339
0
0
0
429722
884128
0
0
0
1363319
2605206
0
72085
0
0
2084414
2931642
2906580
3168600
0
0
0
1104565
1949167
0
0
3342132
0
0
2811008
0
0
0
0
2762778
2929614
362039
0
749524
1458712
0
0
3250093
0
1815959
0
291323
2926519
0
815539
2868035
0
0
2858110
0
3111473
0
0
1620609
2051631
0
0
1957475
3146327
17394
0
666692
2106935
0
0
0
753384
0
228693
0
0
0
1025525
2759252
2938248
0
0
0
394999
0
0
214374
0
943530
2847030
0
0
0
2309114
1356459
2084086
0
1145566
391574
3180426
461247
0
0
370
661787
0
0
0
1652770
1271146
0
3158254
2659943
0
2932728
0
0
0
0
243
469025
0
0
0
0
0
0
0
0
2383019
970317
897411
0
797833
0
0
0
1031612
0
0
0
0
0
2903161
681469
2163711
0
0
747519
0
0
3304163
0
935950
1151526
0
994
2871459
2365002
3316634
720
0
0
0
0
947900
2008679
0
516125
2990334
0
0
582321
2524073
1746969
0
0
0
0
0
0
0
525415
3063946
2952792
0
0
2114443
2605476
0
371228
0
2079106
0
0
755964
708214
0
548923
1175459
2689088
0
1835513
0
0
0
0
0
2009290
1836731
0
1210950
2150971
2942469
2308132
0
2323859
1459123
2089998
2849000
1325893
3370365
294589
1605926
0
0
1766364
0
0
0
455269
0
2699322
298
0
0
2520198
0
2913956
0
3331750
3112036
0
0
0
2471002
2359173
1620567
1328755
0
0
0
0
0
2515791
1009926
0
693851
0
3394572
39899
0
1761419
0
14335
91452
1577815
0
1184368
0
1043177
0
195055
0
811
275
3402458
0
2840819
0
3045666
3421492
3055137
0
0
1204615
1461153
2849419
0
0
0
0
0
21526
2999103
0
0
1117572
2171134
3069639
2521378
771950
0
0
0
0
2735716
2936224
0
0
0
369501
2638442
538
1766399
0
0
0
1703481
789971
0
2478888
0
0
2365203
0
0
0
0
0
0
430
0
407910
2523114
0
0
0
0
1937869
1435701
0
2293109
2831564
0
3343739
3273615
0
2436419
0
1852538
0
2813030
1731468
3315965
1524098
3339697
0
0
2966341
0
2067512
200370
1824518
0
0
0
0
0
2861659
0
3447775
0
179625
0
0
2127528
1200628
197576
3112528
3077566
0
2082740
0
1355805
0
0
3132964
2908529
1488695
0
0
2844099
3134444
1232356
0
0
2832333
962534
1372395
1365877
2396624
1085194
2049790
0
966694
0
3128479
0
1657358
0
0
2907959
2663876
0
1337686
1012522
0
0
0
0
0
0
608949
1508279
0
0
2179138
0
182522
0
0
1261146
0
0
2654039
631460
1543093
0
0
609724
3111682
462696
2205964
571600
0
0
3247091
0
0
970
0
0
0
3081473
0
2638996
0
0
2988108
2924022
0
707961
0
2765115
3235158
0
960615
0
0
0
2569463
0
0
3372571
220
3037630
0
0
0
0
0
0
2966340
12574
2944974
0
0
0
2453566
0
0
0
2338842
2207901
0
0
1569532
3403316
0
0
653356
0
77683
0
1363126
3260710
544730
0
775689
0
3329240
0
0
0
283670
0
0
0
0
0
0
0
0
0
0
969771
1011533
840678
709
2434151
2160928
31
2542403
2347427
0
0
2145066
0
0
561996
3049809
0
248615
0
0
0
3338834
954
1001392
2006326
1682655
2562812
2532035
0
618721
3394772
0
2383009
2747504
3097036
371105
0
0
2055429
0
0
1525307
2659586
1208847
2847886
0
1798633
953429
0
0
2797982
549998
0
0
0
0
2759804
2527232
556550
0
1632239
0
0
0
853
1245551
921
0
3253644
0
0
2179199
0
3166812
2471178
0
0
0
1327640
0
2150324
0
0
1292300
0
1522067
0
1924315
823093
2930943
937648
3492775
714289
1015776
0
0
644642
0
0
0
0
3483637
1736369
0
2663775
0
2987507
0
3471320
0
0
2974815
0
1890019
2578787
0
1996566
0
2257378
0
3451993
2249183
2216103
2878199
0
3316158
2728332
939868
0
0
0
427160
0
2550456
0
0
0
0
2901601
2801222
0
0
3182348
0
0
2561767
486642
0
0
3346484
2266351
1694457
0
601928
0
0
764043
1441194
3103178
0
0
0
2437720
0
0
702
0
0
1301824
0
0
0
3510303
3543858
0
1615700
919862
0
1206666
0
0
0
0
0
0
0
2166429
0
3439156
1741718
0
0
0
0
652559
2162152
758
2478253
235
0
0
3288370
0
0
0
2967350
0
0
462106
365339
0
0
2504380
0
0
0
0
0
0
2184323
0
0
749878
594577
2596317
0
0
0
0
3524400
0
2101547
1264781
0
924332
1625521
0
2946642
0
3498029
646784
2084815
3482552
0
3015220
0
1567902
2352708
0
3144719
0
0
2668607
0
2336814
3433957
0
0
3184870
0
3185297
0
277251
0
0
3148255
1201823
2955690
3429016
0
0
2710006
0
0
3282354
3370968
1730923
1732558
0
0
0
270929
1889650
3381738
1558283
2271696
2657898
0
874978
2136479
3167076
2934379
1699488
2667984
0
2777629
9952
2599613
3543139
0
3551518
0
3500494
3484530
81536
643
1677696
0
2369299
0
0
2247192
0
0
58244
0
0
1789508
1978167
0
15
1075855
0
2413954
0
3421752
1547956
0
0
0
0
0
0
643
306004
3429743
2907038
0
0
0
3289277
0
498125
0
610
0
824
0
0
2158230
3440875
0
0
0
0
3014814
0
2431767
0
605153
610580
3375437
997143
497531
0
259
0
2417240
2107585
1996307
3057590
2826072
0
2547488
0
2942929
237996
0
3010333
2779939
0
0
883702
0
0
0
610
1848660
0
3121873
0
3237166
1463884
0
1729713
0
0
3049668
3072226
2089727
0
891
0
2912931
3508777
1953716
3381944
3317281
0
1048229
0
3420300
2192281
0
0
0
0
3222727
3414358
2039607
0
0
0
0
0
2529091
0
2692390
0
3355277
0
0
1979295
185
3321644
36129
0
3139607
383449
689468
0
0
0
0
0
0
2983074
2129218
0
0
0
0
2217573
0
0
0
2068694
0
3390545
1114058
3540755
1929473
0
0
0
0
0
2121803
213
0
1244958
0
2556732
0
0
1426408
0
0
3446319
2037976
0
956914
0
0
3515452
3000589
0
0
0
1809950
0
0
912
1729831
0
524710
0
0
1961212
0
0
0
3539380
1076075
2127308
0
2378929
0
0
1993812
3295564
2773663
3351267
3250589
2793245
0
2253596
1059180
0
0
1617762
0
0
0
1639730
588838
0
2687055
3036345
0
0
0
0
0
0
2719868
3403561
0
0
755053
0
0
3221944
0
1719623
2502618
1680098
3443365
1808710
681
3560490
1831856
0
0
322548
277083
0
0
0
0
0
0
95
2815683
0
1207906
3212103
2533901
3181785
0
0
0
0
3568199
0
3655348
0
5863
23289
0
0
0
0
0
0
0
654
0
0
1976332
0
2167931
0
0
3660720
3121208
2976606
3580575
38933
0
2368540
794
0
1029475
3525691
2395388
0
2976632
0
0
0
3023435
3649274
0
0
0
147940
2712038
0
2284415
0
2900645
2203438
769
1607497
0
0
1577634
0
2472974
0
0
3607257
0
0
0
3014661
0
0
0
1833542
3136834
2783003
0
912707
1386440
0
0
0
0
0
0
813152
0
0
0
0
999999
0
0
0
0
3406045
259066
1262566
2203691
0
3450990
0
392263
1510979
2530283
0
0
0
0
0
3521375
0
2198121
0
0
0
1613208
3599095
2803704
0
0
1623204
0
0
727547
0
0
0
2217922
0
1949230
0
3088864
0
706
0
1439486
0
0
1973377
0
3639433
0
196972
0
0
3219836
0
1929531
3252592
0
0
3166341
0
0
1312224
3282390
3033896
2424843
252513
3522348
0
933609
3535938
2474306
2845636
0
3012054
0
0
2164232
0
3383450
656249
0
0
2915830
0
0
1178697
0
0
0
0
1626048
1677856
3317572
0
1209596
588958
0
0
993699
1136103
0
196778
1987149
2581785
0
3442152
3575795
727200
0
0
0
2769717
0
0
462566
0
121
1882903
2473859
0
0
0
1509827
0
704322
0
3220467
3591944
0
0
0
2715590
836839
1096361
3350627
0
3479246
1363142
2989029
1730658
0
0
0
0
3366153
0
1616642
2916929
643
0
0
0
0
0
0
2288951
2328863
0
228717
0
0
0
0
3579627
0
187389
285210
1150959
2838215
0
0
0
0
2321442
0
3171998
322
2845869
0
684593
0
2647487
435784
0
0
3417357
0
0
0
0
3330944
84653
0
3133060
715
471646
0
3519851
1950752
650
0
0
2921972
3706025
172780
0
1569624
2294981
2635874
0
0
515363
0
855245
0
2638253
1947971
658524
2506182
0
0
3169584
3320662
3303416
2886400
3055974
0
959331
1001329
0
1747171
0
721
1187529
324
0
2996581
875974
1894347
0
0
753396
0
1970729
0
721
1737827
3223129
0
2276995
1655251
3626247
0
3518950
0
3110547
1370676
2575621
0
0
0
516399
0
0
3392631
2187138
1556657
0
1563636
2234662
3357823
0
1727330
2592682
0
0
2167087
0
0
2834215
0
0
0
0
1451413
2486546
0
0
0
0
908110
2901639
2286318
0
2222428
0
3201492
0
3642209
699282
1820807
0
1387153
1590123
3564547
0
89
0
1209248
2332351
0
0
0
1611317
3227070
3441243
0
3192175
0
3205377
0
3481146
0
3327981
0
0
1151598
2890469
2879351
0
203739
0
1606125
0
0
0
2879760
1988552
0
3545890
946888
3167864
2563987
0
128
0
0
674089
2267308
2580099
2885737
2529789
0
737
0
2219263
3238797
0
1977289
3573266
0
0
0
3217579
3505222
0
0
3403153
864676
0
0
0
3234944
0
666160
653718
3547023
0
0
0
0
0
2512921
2627306
0
0
939564
834525
0
0
0
811808
2931543
3162175
3508539
0
0
0
0
499
3171923
0
1918877
0
0
0
295690
2969022
0
0
3255236
368313
0
0
3670466
1437771
2802801
1727246
1421525
0
0
0
0
3578287
658
0
0
3431648
0
0
962256
0
0
0
0
2594990
0
0
0
0
0
0
1331574
3510944
3188768
2361116
0
1704784
1734633
0
0
2488872
0
0
0
0
0
0
0
1751781
0
0
0
0
0
0
3753282
3235206
0
0
827410
2489053
3781189
3560510
0
0
2837948
0
2874521
0
0
3048550
2868320
0
541927
1505515
1701291
884254
0
1790636
0
3375050
3498631
0
0
1701615
403911
3761684
3577118
0
0
0
3641153
3741601
2795653
0
0
2639118
0
2955984
1761585
0
0
0
0
0
0
0
0
0
3753355
3345112
0
0
3025636
0
2139242
0
3158614
0
3050031
3787187
608
0
2309843
0
0
0
3431963
3727406
303
0
31972
0
0
0
3714716
3602552
0
590886
0
0
1022167
0
3674583
1582879
0
0
563888
0
898278
1699962
3519494
9
3248360
0
436127
976
94260
891
2485472
0
0
0
0
0
3725353
2191184
0
0
0
0
1402208
0
0
3131642
0
3796100
0
884046
1176533
3259360
0
2209542
1694172
0
0
662
0
0
0
0
0
0
0
0
2192230
424789
2107238
592969
0
0
0
787889
0
0
3266631
0
0
0
641541
0
0
0
197
0
1406749
0
2621062
0
3243826
2236051
0
0
3655969
2449846
0
494089
0
0
0
0
3820604
0
0
0
0
3413335
1973000
3081232
0
2977271
0
3657268
0
3270932
0
0
3469689
0
0
1773385
0
441740
0
0
2578763
3762663
0
3089943
0
1566361
855839
2303342
3749372
0
811505
0
0
0
0
3507766
0
2515443
0
2485232
251957
0
0
0
3176328
3785974
0
267734
1442676
0
2819738
0
0
0
0
0
3743890
0
1017109
1364549
0
0
204
0
2306825
0
0
0
2025599
0
114680
1722327
3829364
3755148
0
0
2352279
2436779
0
0
3343183
0
0
0
1573186
0
0
132520
0
2403023
0
3234815
3197017
595921
3785963
0
3663946
0
0
201877
1702132
0
0
3830049
0
0
0
3794002
0
0
1302359
2881838
0
0
2364629
0
3124380
0
1833812
533772
1755013
3244468
2516790
0
0
1688345
2360997
0
0
0
3087539
2442285
1924307
0
3624527
3770558
114680
0
3760297
2605147
3718114
2415390
0
0
1730211
2106663
1819961
0
876021
158139
805
2514434
2779987
0
3283859
3760446
0
3188818
2539134
0
2662331
0
3457180
0
0
0
3555128
0
2865001
0
0
3155596
3584612
206
0
3619434
0
135
3793307
0
0
1820830
0
0
0
0
0
0
941
1869484
3223680
138741
0
0
0
1835993
0
3558482
1870820
0
0
47323
690
0
3740220
3572447
0
2394457
0
0
3653921
0
0
0
1045100
3564937
69198
387241
0
1487405
2454579
3849671
0
3757326
0
0
1525673
0
35176
0
3557114
0
0
0
0
1024099
0
1273870
3685715
3261911
1031326
2878649
3682175
804147
2191487
946
637846
0
0
0
2637839
0
0
81
0
3348936
0
1150668
1395180
0
0
2941222
1174362
2314025
767
837884
0
3826383
0
4396
1528241
3755869
0
3748947
0
3703622
859047
0
899
225933
2863637
0
919086
2894837
0
0
0
0
100829
3868499
0
0
1361125
0
126568
182696
2345734
1319979
0
2292635
0
3637964
0
3712769
0
3676119
3893822
0
2882956
3779076
0
230
0
3528201
0
1306533
0
2783580
2253997
0
3635558
0
0
3064307
0
2445733
0
0
0
3278108
3460254
23503
102157
0
0
3897692
0
3718042
0
0
0
429336
2638135
2855870
0
2046837
430
0
0
3330299
0
0
0
17286
0
15660
0
1970125
0
0
376165
0
771079
0
0
0
0
501844
2004485
0
0
3622348
1511401
0
3867083
2458237
1677267
0
0
0
0
0
0
0
2261806
1405933
3560830
0
2098824
3840061
2930398
0
0
2513138
1239581
1957936
0
0
2446402
0
0
0
3877098
2734311
3729508
0
0
0
0
0
2447533
1664880
333063
0
0
1395056
0
0
3837932
0
0
3860102
0
2554612
0
0
0
0
3333499
0
0
197218
753091
0
3493252
968223
0
3856897
3080082
0
0
0
0
974669
0
0
3902941
0
0
0
534216
2810504
753246
2873270
0
3928724
0
0
122342
0
486867
0
0
0
3740911
0
0
0
0
0
2084351
0
3877428
1586810
2064622
0
2908154
3428933
0
0
2553716
178
0
467526
0
3631027
8393
3936082
3428646
1538071
2031482
0
0
2809802
0
0
2456513
3437713
2920350
0
1318336
2329936
0
2720480
2545108
0
3723451
444520
523306
1110642
490694
2031229
0
0
0
0
0
1881965
0
0
2200690
505
2574953
2722539
0
904188
3763932
3563866
0
0
0
0
0
0
0
2259475
0
2735616
0
0
2436213
0
926756
2627240
0
2405253
0
0
3681540
130177
2359372
0
244247
1327977
3257663
0
0
3874960
3431341
0
0
797104
2996935
62617
0
0
0
2576504
0
3695220
3968731
0
3600028
2153450
0
3187511
49323
3842609
0
801346
0
0
0
3234076
3548075
0
0
0
0
3529490
0
3578263
1051054
1033547
0
0
27858
533209
3877454
0
2419695
0
0
0
0
2419542
3748397
3836548
120338
0
2555845
0
0
3815812
513102
0
0
3290054
122217
0
0
171
2630945
0
1268384
0
0
0
0
2554758
1278156
3624621
0
3962503
234544
0
1987186
540
3198314
0
2086374
3885384
0
942852
3622611
503141
3802300
3888463
0
0
0
0
3565444
0
2111493
0
0
0
3630862
169480
0
0
0
0
548
2347872
2517718
0
2282249
267633
0
3837556
1929889
909670
0
3389446
2784390
1495457
3355698
0
0
0
3267894
0
0
2254472
0
0
3302944
282878
1206324
0
0
348750
0
0
0
3083434
0
0
0
0
0
0
0
937868
3792296
0
2755035
2292780
3476449
0
0
0
0
3827542
515215
3391256
741503
3151427
1595954
0
3045216
3149189
3391643
0
554205
0
1002553
0
938060
0
0
1250840
0
0
0
3491563
3956413
3333810
942982
3739691
3831129
0
1368731
0
0
0
0
2526342
3481532
491980
761271
2853687
2844304
0
26776
0
0
0
3958688
0
0
0
0
0
0
0
2376228
0
446393
0
3949427
0
0
0
9
3480284
0
1748742
0
3967354
0
0
2311843
0
0
3370478
0
689407
385
0
0
3418464
3503049
0
0
0
3631839
0
0
0
0
2632298
2010880
0
0
1837300
705
1605769
657065
0
0
2974237
0
3877363
1413168
0
0
0
1516323
0
3664633
43915
0
0
2507697
0
0
0
0
0
2948195
3985711
0
0
0
2660540
0
62743
0
2170463
188
2411627
3923636
2355737
0
0
0
3953950
0
0
3930060
0
833
888298
0
0
3448344
696696
3713980
0
0
2945220
874122
1547200
3955657
3789383
0
0
0
3706737
3964089
978100
3220804
109002
0
0
0
1309812
0
0
581
3473251
0
3931300
0
1322378
0
2655844
0
0
2329900
0
3723600
0
3665855
2648348
0
1270871
903107
0
387
0
0
35478
0
35
226589
0
0
3839372
0
1844946
869
0
674500
4003332
2659764
0
496
417995
0
0
1998619
2896397
1964321
0
3623262
0
3688926
0
562528
0
0
867610
0
2836551
2068726
0
0
2141406
0
121085
3549264
0
0
130636
2928882
0
3469448
1945517
3852405
0
0
0
0
0
2964001
1835874
2964304
0
0
2474388
0
2019592
0
0
4012937
3480961
0
1387775
3623238
698
0
3602183
0
1741691
3827554
0
0
1915002
2780415
1868734
0
0
3665192
1374308
2580406
0
0
0
266004
0
0
0
369045
0
2576091
3960378
1633766
0
0
0
0
0
2827809
0
0
3717924
0
1855420
0
0
2926273
2638664
0
0
626
1186846
0
253422
0
0
3457976
0
0
0
1832777
0
0
0
0
2555182
0
2412020
0
3723741
0
3257514
1115208
3190804
3868504
997177
0
3993703
2939100
2977086
1226472
1670427
0
3876091
828959
0
0
2495851
0
0
0
0
0
450435
1847156
1397096
2291438
2964983
3820125
3349294
3749607
0
899101
3921678
3840851
4064873
0
205388
0
0
1292966
686
0
0
2981866
892900
0
3542935
0
0
3972359
0
0
0
0
0
3079145
3885195
0
1999765
0
3620514
0
3936573
2985933
2575935
0
1672427
0
2905935
3083337
0
647916
0
1252621
3565222
4071611
0
3629978
0
0
0
0
217736
0
4051848
0
0
0
0
0
3554809
3378229
0
434974
3930001
3244672
3448900
0
0
0
0
0
868562
3490259
2633949
2026101
0
3259122
3364694
0
2791443
0
3996661
1267421
1211060
0
2323469
71665
0
0
0
2419290
0
1928518
0
2158542
0
0
0
2189801
0
3667859
2289787
0
0
800284
3371910
2857982
0
2756996
0
1847533
3661351
740086
0
0
0
3859271
0
2221203
3511767
0
2330592
33355
1036573
0
0
2877340
0
3997648
0
0
0
0
0
1585605
890652
1957279
0
10
2436974
1051090
3247712
0
0
0
0
3512910
2905678
0
0
250250
403495
0
3931881
3954636
275882
0
178593
0
0
0
0
2848627
4025195
750610
708675
0
0
0
0
0
3979944
4043187
2531764
3520322
0
672915
3040198
327520
0
1116271
0
3703478
3329694
2948797
2786338
0
265430
707810
393
0
193735
327353
2643442
448795
0
3537760
373801
3486825
0
3731392
119440
0
0
0
0
1964114
4075030
3542690
0
3293132
0
0
0
665802
1750886
0
0
2567738
0
0
0
0
0
0
0
0
3539657
985962
0
1269245
2156742
35
3478657
2745301
2340618
2725955
0
3056235
0
0
3603640
245
1280426
127701
0
0
3630116
1919127
0
3000978
1039535
2213578
441881
0
0
3993364
0
0
0
2868906
0
0
1190905
0
1810138
2828225
3745194
0
0
2503842
1550586
0
2278290
0
3968442
2449890
0
3453469
1489146
3487306
3719595
0
3288610
3923531
0
3996510
0
2345343
0
0
1756332
0
0
3175868
3259300
1110389
0
4025121
0
0
0
0
0
3936180
4032027
1892568
0
2274077
2059054
677
0
3561814
2072983
1364144
3880033
0
3173417
0
4052580
1066414
0
738276
2725185
1766409
3129648
3071383
0
0
4087697
1644636
2893795
4010647
0
0
1858383
0
0
468143
2642830
0
3948480
0
3180761
0
0
0
2341551
0
3988190
0
0
0
1312714
0
0
3051388
0
3044186
3421172
0
0
0
3743139
224
0
3455227
2315694
942682
0
4153383
0
0
3779212
0
0
0
0
0
0
3992313
0
2400017
0
0
2828219
1511784
1338016
0
461824
3402351
0
1313366
0
2762804
177
0
1610822
0
4132241
3895639
2416478
476928
0
3064677
500592
0
3910716
0
2806017
2562965
3560653
3346253
0
0
0
4021582
0
0
0
576152
0
2160600
4167492
0
2929674
3784898
0
3239123
0
3603592
683
0
3458434
0
0
0
0
2835925
2808187
3997126
0
0
0
0
0
0
0
0
3777610
1331061
2333556
0
3913730
0
824157
0
934390
0
0
0
0
0
1823822
70
915
0
0
2167154
0
0
0
0
0
0
367499
0
0
940
3590691
692620
3837571
2182433
1338891
3899076
3877899
0
0
4145013
0
3373963
0
3232843
1363037
4196707
0
3914576
4128178
0
0
0
0
0
2345613
0
730222
0
2598021
0
2530399
0
0
0
0
1528298
1098750
1536627
1750291
0
359981
0
1754218
18626
0
0
3669859
3139354
3295001
0
4068020
973105
0
344620
0
2277463
0
0
0
3359640
202
495774
241
0
3068042
0
4
0
3798335
1868899
3569548
1836420
0
75360
655061
2784375
4170601
0
0
0
3930422
2577503
0
4193655
1036392
0
0
981769
4010014
0
4217931
0
2579031
0
562
0
0
461
0
268560
4166250
0
0
3252477
0
0
0
0
0
0
0
919949
0
0
0
0
0
0
2508504
2949398
0
0
3077691
3566508
2945331
686325
4043191
0
3052597
0
0
3964388
0
0
3947161
3885414
786
550
0
0
0
0
2195512
4074104
0
927634
0
0
2104347
1948828
3277179
3790223
0
4221068
3605625
2862186
3634751
0
4030445
3680624
3073031
0
237410
433634
0
0
0
0
0
3999114
0
0
3284861
4214024
2348559
3670552
863639
0
0
2648195
0
2014460
33923
0
4017867
1656951
4191507
1582481
3332961
0
3825284
0
0
4015747
4131687
2035413
0
2397498
25317
2202888
2856319
2970136
3513836
0
2409650
2046948
4007112
0
2465482
3060628
3251909
1460281
0
1585358
0
2212902
247
68695
0
0
0
2630456
2998239
0
857967
3768596
2172379
4173701
0
0
0
1294676
3803256
0
1516380
2456705
3906583
0
3065051
4145075
0
0
0
0
0
0
3785963
0
2487257
0
0
0
0
0
0
2066000
4126124
0
3092233
0
225347
3735729
1053859
3630344
0
0
0
2101926
0
0
2955399
0
4049202
0
748772
0
1782277
0
3561540
2952641
995749
3552722
3639027
3023542
0
0
529
2034261
3289314
3393455
1025706
0
3259147
401
0
0
324723
0
3763882
0
773113
1421076
0
3939293
0
1649278
0
3760473
0
0
0
0
0
0
0
0
2018755
0
0
0
39926
0
0
0
0
0
3852333
0
0
4189705
0
0
0
0
0
0
1231183
668589
0
0
3640945
0
309815
0
1042541
0
1811753
0
0
3683091
1347226
0
2723084
329
2549850
0
2394948
0
0
808558
2228882
0
0
4245239
1857485
2887559
0
61842
2974344
3426080
0
854
793956
63
0
0
3146481
0
0
0
1588580
1523937
1523630
1092852
0
3624023
0
0
3755273
0
480
3738214
318306
0
0
717471
0
4112815
4273688
3239155
3705319
0
3569718
2958437
1362916
3720895
945403
0
0
0
0
0
147
3616877
471539
8003
0
3735096
3852902
1864104
743
2900508
2634793
4025689
0
1837467
2128328
1677080
0
3869887
0
3863148
565
0
2344132
3558181
0
0
367840
4138575
273578
0
0
3906419
3957315
2658517
4044217
3586812
0
0
0
3199555
973
0
1656315
0
3317744
0
2849275
0
997831
0
1731951
0
968506
0
0
261687
0
0
0
4
0
3741384
9984
3404240
1233426
3538735
0
3777064
3705101
2930001
106028
1509646
0
0
0
0
0
983146
4240900
3119925
0
4276929
0
3021749
3416701
469596
249
898418
0
3994692
0
0
4263473
4188820
0
556474
0
0
0
0
0
1526113
0
0
0
0
0
0
4265777
0
4204391
0
0
3016161
3982701
0
0
0
2359850
3162288
0
505999
0
3532645
3709042
0
0
1733207
0
342933
189161
4118027
0
0
0
2473794
4259186
0
0
0
0
0
3745375
0
0
0
1201771
3135450
3001352
0
0
0
3470105
0
0
0
3226519
2383523
699438
3540171
0
0
2943046
0
0
0
2780839
4264631
3275131
2723857
2683964
1706206
0
0
0
0
0
0
0
0
3221200
0
2298400
4118192
0
2310062
0
0
0
901356
3749207
1945842
0
0
0
3852820
2500174
0
0
237740
0
0
0
0
2820670
0
0
3291087
0
4314486
3692611
0
0
3283737
4088844
4324468
0
0
80264
0
0
0
3970376
1850789
203188
0
0
0
6484
769347
3206384
240162
2725215
0
0
1920856
2644998
1095051
2678847
1950967
2947556
300868
0
0
0
3288919
3210443
128196
0
4140240
0
910989
0
3943612
3414031
0
0
781
3781267
0
0
3936687
2073940
0
0
0
1679460
0
0
0
0
0
567
0
3948733
3948388
0
0
3824377
2407614
3059392
2303505
0
0
0
0
2350982
0
0
590
0
0
0
0
0
3868755
0
3142372
0
663365
277505
2484371
1010643
3702963
4222707
0
0
8529
440786
0
0
0
2835900
951774
0
0
3846226
1508501
3960224
4326544
0
0
1526668
0
0
1696329
1633206
2446576
4195429
4272712
0
0
955660
2587495
3358255
4043001
4014756
3538725
2552056
3135033
3076274
0
0
0
3040328
4289963
0
740428
0
4036819
0
0
821607
0
2563388
0
0
0
0
4047867
0
1153108
0
0
3858918
0
1823757
3029842
1523457
0
0
0
0
0
0
0
819752
0
0
0
0
0
0
0
3918746
0
0
3361207
834231
0
0
2971390
0
30587
0
140017
3917061
4057153
3519109
23299
3912985
2836476
4323314
4276415
2001107
4229739
4049421
0
0
0
0
1012713
0
1120977
0
1813090
0
0
1359470
3723983
0
0
2081858
3757673
884007
0
489
0
3361928
2779765
0
4157722
0
0
0
848
69022
0
0
2453833
0
0
1078342
3487733
0
0
0
832
0
1893280
0
4017417
0
0
2841494
4371324
1142347
0
1105459
4316674
760351
4328992
835907
0
0
4207361
0
4083988
30587
0
0
4366418
49919
391
0
0
1225732
0
2761413
4097461
3574534
0
1949721
724410
2538755
1829411
3075236
0
0
0
4382000
0
1025706
3909469
4049713
0
0
1995442
4279629
1014606
2918967
3252444
0
267106
0
3066528
0
0
4182869
4261554
0
3979571
4214847
0
0
0
2343381
0
0
0
4019373
0
0
1099575
344915
1749460
0
3233758
0
0
2146105
1872478
4028363
0
3980938
0
0
0
0
3693151
2444080
3755211
3011863
2814623
4333536
3236358
2948828
2139619
3801633
3484597
0
2603122
2165436
0
3583079
0
0
0
0
4065712
3822216
0
4118811
0
0
0
0
3318517
499560
197300
0
3136485
0
576288
0
1109170
0
673
3169639
0
0
944810
2713747
1971163
0
147
0
0
4427608
1989018
3561091
0
0
386587
0
0
2322718
2180885
375974
3903462
2147287
4212403
2054753
2563022
764893
613
92179
0
0
0
4339085
3604618
2565042
0
3838441
2617928
0
0
0
0
0
0
0
2653009
0
2567739
0
0
0
0
1728991
1703311
0
0
4297555
0
4100155
3413231
3986546
0
3649713
0
0
1266106
2504620
0
4260313
0
0
0
0
0
4245408
0
3475117
2780771
0
1731973
0
0
2480210
0
4211703
4401512
0
2747625
4022185
0
0
3928103
1909104
0
0
0
0
0
0
0
1935146
0
0
1629854
0
3858657
0
0
3825168
0
0
0
1365409
4354933
0
2409078
804501
0
954958
0
2107205
382
0
0
4079061
492494
4382823
2060677
1229708
1160878
1906112
0
3937419
0
0
4362231
0
91096
3610877
3606256
4047126
4439354
3370405
0
933766
593
0
1166000
1706862
3071936
0
0
0
3644161
4251935
0
0
3073169
1485204
0
4465358
4009820
0
2968051
0
0
0
367995
1928609
3150095
0
1441970
0
3116296
2796618
0
1361211
0
0
2277640
3567540
0
4382377
0
0
658601
0
0
0
0
4383599
2939586
0
0
0
2930746
3717642
3165058
4116388
0
4223103
0
0
0
0
0
3736914
2556524
1985595
79288
0
0
4161533
2896549
0
3219193
0
0
1004622
3231381
0
0
1338482
3071806
0
599195
1603241
2609576
0
0
3921930
1564058
1040008
0
2807798
0
4473638
3417287
4482306
2473204
0
0
3472980
0
4444034
3940951
2149207
480466
0
2364991
0
2979100
0
1104362
0
4394824
1012752
0
326035
0
87382
3040857
0
639723
0
0
0
480419
0
3956555
4385279
3157180
0
3355353
2577521
4261321
0
0
740347
0
2640896
0
0
3243161
250021
0
0
0
2652820
2774455
3022088
0
0
3667010
0
872
3284509
4338210
0
744369
0
1914956
0
887861
89007
0
4047848
0
2338950
0
0
4083075
4269254
808329
1242817
0
0
413
0
0
894287
0
0
1319045
3703496
0
3732644
2436239
3481575
0
0
3090470
3959470
0
4320493
4232263
1954538
0
2383267
0
3615901
880
4094828
0
0
0
3321394
4201941
0
0
2282078
475890
0
4339191
987
4182135
0
0
0
0
1952829
3456747
188892
91643
2415467
0
41231
1566500
0
3793591
3567360
0
0
0
0
0
0
0
117
0
0
2401051
0
3033171
0
0
0
4504500
0
4099556
2649944
0
0
0
3558877
0
0
0
2646958
3836728
0
1267504
3900035
3391460
1755208
2580810
0
0
0
3416135
3923616
1660034
1744314
0
0
0
0
0
0
814162
4453306
0
2295961
0
4424544
0
2498379
177
2506760
3069944
2350756
0
0
3682398
3816471
1789296
0
0
4042159
0
0
0
0
3338915
3627281
0
4032489
0
0
4223174
4496534
3038190
0
4491210
1225123
0
0
4329514
4481179
0
2715289
2709169
4199178
2073304
4494128
4119128
0
4124062
0
0
0
1891783
4313580
0
2678700
2914322
4191834
0
2231358
0
4514930
3063654
1125179
4527579
495883
0
0
4418890
0
4455754
0
3764962
0
1646774
2356396
0
1234065
1976816
0
4271520
950
306751
788
0
2687462
2813879
0
0
0
2423846
1583054
0
0
3648643
0
0
0
0
4287182
0
0
3059265
0
0
605956
0
2815335
0
0
0
1570786
3764563
327600
2407022
0
3635587
2815243
387268
0
1060191
2518142
0
853565
0
2380982
147
257692
3422830
0
4100116
4187128
0
0
0
0
0
0
440
949103
1632008
2085848
0
0
0
282619
4432
4454776
0
1006224
0
2097739
336788
0
4288762
1949254
13372
764
0
3305199
3246528
1776833
2924607
2657189
0
0
4236622
0
1866757
1320479
0
663
0
0
931949
3112562
0
0
1906787
0
0
3069767
0
0
3705592
0
0
397049
3819656
0
1155362
2920728
733169
3318217
0
0
0
219
0
0
0
3605295
0
4522840
0
4297202
0
4547941
4047705
988269
0
887932
0
3968632
2863356
1936231
0
0
2736607
0
2492086
3987216
0
0
2970831
797330
525230
4293986
2663261
0
0
3554908
1272231
0
0
4343156
0
4266374
0
4239679
4273910
0
3243758
963
0
4565793
3527405
0
0
1788384
0
0
832718
2018067
0
3501094
1807320
2201729
4533936
0
2469031
2539916
2233387
0
0
0
4249549
2737745
0
1113177
0
2186108
0
0
2977260
2436184
3852884
0
0
906
0
2769226
3407
0
3655244
0
4393442
3655285
0
0
1301211
1551773
0
2264799
0
0
0
672
0
3579484
0
1809171
0
4576415
2361622
318218
4571238
0
0
0
0
0
0
3061072
3033998
0
3783769
4196130
0
0
732713
0
4364065
0
2760386
0
1107384
381
1532466
0
796668
3931150
0
4433810
0
0
1355798
3243868
4344293
0
2649333
2213413
4604941
4344460
2701153
1182704
0
0
0
0
2026545
4175486
2468179
0
4626491
1675020
2650099
3121250
619650
710802
3215138
2195910
0
0
0
0
2506121
0
2226336
0
150985
2293300
183698
0
0
0
672837
0
0
0
4328660
0
0
0
1651896
0
0
3626987
2656475
1569202
0
0
0
0
0
4187930
4644871
0
0
0
2283602
0
0
1389531
3158298
0
0
3875126
642321
10097
0
0
0
0
3242289
0
0
1029697
167231
0
0
0
1679972
3121725
1307344
811662
0
0
0
2349479
0
3466479
0
0
0
1727152
2161888
0
0
3086006
3585410
811112
0
0
0
0
0
0
0
4011269
0
0
4458064
3294700
0
2945705
3689119
0
114302
0
0
4238551
0
0
0
342836
40350
2986493
0
4392247
4570039
3833008
2288517
0
106029
4383116
224146
0
3377523
456
0
0
0
4591530
0
0
3860546
4280068
4224455
2918184
0
0
3791102
0
0
4499063
532714
750
0
0
0
0
4575776
78
4266005
0
0
4575392
0
4596788
4001203
4504899
0
0
0
840283
4658592
3652455
3287552
1677444
0
3404619
0
0
1745052
0
0
4168987
0
2487920
0
0
3308890
585
0
19483
428892
2473112
3576801
0
4349415
4668461
0
1122011
3069970
0
3384814
3904308
0
2206422
0
0
0
2142902
0
0
4457194
0
3454255
0
4062992
0
0
0
2697661
3654429
0
0
0
0
1209220
3558819
0
646
1236583
0
4673998
3610114
0
4024875
1561039
4442636
0
0
1387250
411387
0
0
0
0
0
1963959
0
2512221
0
0
0
3558979
1010437
4022539
1499534
0
3054295
1620478
0
0
4363185
286285
0
3927158
0
2854435
3606448
0
793119
3073760
347310
325504
4029072
0
3260485
1036049
542900
0
0
1201007
0
0
0
3384992
4115403
3199215
3737590
4639011
0
0
0
0
0
4216933
2324002
0
0
4461202
2949683
0
3389317
3807921
0
0
187204
1488812
1098497
1651772
3786721
0
1678176
3789540
2361313
885961
0
0
0
0
4351074
3239440
69
0
423846
0
0
0
0
0
0
4216230
4103460
4158074
3936275
3467646
0
2355488
0
0
0
0
0
0
4636728
885241
0
0
3411902
2786363
1571091
4645664
2698473
4604578
2019132
3670749
1210340
0
3970507
4569952
22132
0
1419148
0
3032203
0
0
3825863
0
0
0
0
0
0
0
4646181
0
2236128
0
1954198
1260520
0
0
3860163
0
0
1234092
0
4583707
1878180
0
1476284
4401561
0
4419740
283508
3679170
1817119
0
2448849
2988367
0
0
0
1078190
0
0
4671917
4528159
712040
4118992
4434596
0
4453500
4635071
1184071
0
3399821
0
0
0
386
0
4617888
0
0
4732014
697040
1491844
2529585
0
0
0
739984
4241129
1981014
0
0
221464
0
3696003
0
0
4581895
0
0
1476197
0
314454
380789
591081
0
0
0
1315752
823536
3558204
0
98
0
0
0
4707486
0
0
4367336
4638813
0
0
0
0
2761308
0
3792226
1743106
3474376
0
2817843
0
0
2683812
0
3155499
2841192
0
2973543
0
1984822
4289750
1553970
729
0
0
0
2196510
705825
0
0
2908695
0
0
3131365
0
607838
0
3363428
0
0
1236416
0
1677468
0
3579477
132573
0
89468
0
475946
0
4494672
2391612
0
0
0
0
2445886
4641816
0
0
457961
0
0
2485853
3748610
0
0
0
0
0
0
0
2046873
1629281
3538436
0
3222755
0
0
980163
1883656
0
4316296
4662776
1768941
0
0
8081
0
2396205
757396
4061372
4752900
0
0
0
0
0
0
4361301
1651525
0
0
1472660
0
1759951
955562
0
0
2301257
0
0
0
0
0
3376593
0
0
1744631
0
2192441
4701757
3244636
0
0
1079284
3156014
2495039
4668223
0
0
385227
2789361
4279995
1184453
4762761
0
3566789
0
0
105995
0
1475678
0
0
3923433
682480
0
398360
4073167
0
0
0
2493454
0
0
0
1471282
2652172
4030580
0
4075447
1276107
4259381
4802091
0
0
0
4075968
0
2701228
0
0
4305358
2112109
0
3233458
0
4570341
1229717
4605084
4244868
3582383
0
4251302
0
0
3200103
0
0
2977805
0
0
2254374
4606863
0
2395322
1163837
0
3950710
0
0
3800178
0
0
0
0
2214490
0
0
3068832
0
0
396
0
1575371
0
1060771
0
0
702606
3130570
0
0
3153243
0
567098
4269765
4794191
0
0
1198800
0
3834620
0
3055683
0
3295128
819602
0
0
4692369
3825456
4550354
4738920
4195024
259
2490593
0
802420
0
4011662
4701515
0
0
4275962
0
945707
4558800
0
0
1691650
285689
0
1555316
0
3161777
0
0
0
0
3607021
0
0
2487887
0
55
214103
0
4096407
520091
0
577298
0
389107
2978958
158030
785845
0
2879430
3830368
0
0
0
0
0
0
0
0
4740152
0
4373111
0
3508902
0
3534139
0
0
0
4437219
524408
4435171
0
0
0
0
226
0
3413369
0
0
4542705
2123275
0
0
0
3324634
0
0
0
4423701
0
3146868
0
0
4787675
4284045
0
0
3916936
0
1564508
0
0
0
1480497
0
0
1603258
0
81599
454
1493642
0
3255614
72497
3080592
0
0
106290
4349597
0
0
4365432
0
0
0
3183557
0
0
0
0
3667027
0
111595
0
4844788
0
1535430
0
1287423
0
0
0
1715452
0
3977700
0
2421186
0
2089307
0
511946
0
2661932
153924
0
216
0
845
617920
0
4665999
1080338
0
679953
3979009
0
0
3568346
3764035
4799034
3465195
0
4180843
0
0
3067610
0
0
4814609
3177393
0
3620656
0
3115602
3260025
3961072
4058722
0
0
0
0
2125473
635347
0
4847775
0
4394018
1332153
2569975
905461
0
0
0
0
0
0
0
508592
0
0
0
171757
3744938
0
0
4829206
3969421
4857972
1268155
0
3938773
4865059
3653986
0
350085
3953352
3168071
1906933
0
2663030
89486
0
0
3566687
4775252
0
0
3777551
2326059
0
1619072
0
0
630700
0
2706290
3080464
0
4370172
197026
2692581
3768118
4681517
1392812
4387912
0
0
4700766
1005560
2408699
0
959970
0
4490434
3005268
0
3292099
1715452
0
0
4364750
2441845
0
0
1323577
0
0
0
0
4679501
1677630
0
0
0
662
0
4404006
735
475190
0
1730358
0
2281912
4183870
2082498
0
0
1399014
0
0
4614616
3385899
495878
3282251
0
0
0
4831267
4863619
2604214
198517
0
0
0
4438720
51
0
2801737
0
3348035
2638006
3259453
0
0
0
2598514
0
0
0
0
4488765
0
0
2622074
0
4625739
0
0
4459250
0
970476
0
4688305
2978178
0
185
0
3118648
0
0
0
3908666
103365
0
0
3543090
0
0
0
1064264
4254463
0
0
0
1583561
1702848
1220127
567424
1366526
0
4463820
0
4241011
0
0
2802138
582187
935014
4521971
0
0
4564999
0
0
3982926
1879287
1791927
0
1837498
0
4448841
0
4749714
2421010
1800120
4551314
0
4583645
2191233
2811728
2457507
0
4068512
0
0
4838960
2487281
503098
3324124
538
4215867
0
0
4888617
4463146
4251989
2677994
0
0
3263936
1339895
4221466
2474264
0
0
0
4633097
0
4660382
0
0
0
0
4162977
0
0
0
0
0
3331329
0
0
355148
0
1334987
4408026
2938306
0
0
0
2481220
0
0
4151596
0
0
3635632
3300757
0
598321
0
1104655
1044383
3693338
4460944
0
0
0
4171925
4331510
330466
0
0
1776030
4794927
2737175
141702
420131
0
258446
134107
0
0
4327121
0
4702858
4805913
1485584
198872
532714
4283598
2099429
0
0
0
2050483
0
0
0
4353185
3239897
4890427
3775804
737553
0
4086132
0
0
4019910
0
4426986
401
0
992857
4125378
972
0
2674674
4026901
0
0
0
0
0
0
4464832
0
0
0
0
0
4651739
0
2660691
0
0
3655446
0
0
0
3320574
4637211
46
0
0
1145092
0
0
0
757
4311834
0
4663788
0
4685229
0
0
0
4349000
3120061
0
4862993
3632322
2738807
0
3545615
3005359
0
0
0
0
0
4721598
372865
4795942
0
0
0
3130739
0
0
409526
4852968
0
0
0
0
0
1714211
0
0
0
0
0
0
4628951
0
3973290
324
0
1268413
0
0
0
2525432
1386752
3623932
1137395
2372278
4869142
2685233
2625894
0
276962
838448
539093
0
0
0
1428514
2427799
4118543
4899305
0
0
0
4239606
4602575
817
0
1536666
0
475532
1973591
0
4923511
0
0
3708134
0
0
2666375
0
4190007
1234189
0
0
0
2934617
4698428
0
0
4221911
0
0
3850683
4944308
4701149
0
0
0
0
3659891
0
0
0
1109286
2599411
4270704
4082604
0
0
0
0
0
4989019
4359341
0
0
4672053
4627316
0
0
4938146
0
3682121
4985697
0
4754196
0
2125714
2341959
130408
0
0
0
0
0
0
0
0
596569
0
0
4118055
0
0
0
0
0
0
0
0
0
2602788
4529819
0
4550051
0
0
0
3879489
0
0
0
0
0
0
0
899204
0
0
0
3261485
0
0
0
0
4636587
4364965
0
763875
0
0
0
4596870
1202348
0
0
4949660
3710314
1898766
0
2991149
2968848
4884842
0
4679883
0
4928080
3708404
4678850
0
0
0
3511858
0
3289204
0
4386070
4472754
0
4867164
0
1713890
0
4912229
4835229
0
4389906
0
1720859
0
3676547
4336472
0
3427960
284
0
0
4362689
4778946
1420584
1677244
0
2784023
0
4529644
2786830
0
1661570
4381426
0
0
0
2961284
0
4352578
0
3904249
0
0
0
4689151
1295
3544970
0
2961644
0
1759664
4532038
0
5014995
3882995
0
1310305
0
4893158
0
0
0
1243948
4883757
3923624
4918015
2755347
4447214
794
2680170
0
0
4708247
0
4042503
3291373
0
814
1320914
1471150
3869780
669420
4005769
2891432
0
350810
0
2932911
4174538
619650
0
0
873266
2215291
0
0
3398621
0
519672
3436826
4516312
2214604
4003545
961239
0
3215340
0
0
705953
0
3400143
0
4496160
0
0
29058
165526
0
0
4998287
0
1692184
0
0
0
0
3637472
0
0
2699874
3210908
2615486
1596658
0
2105848
0
3387116
4005192
2624969
0
1912969
0
0
0
368858
1707107
0
1182218
0
4769571
3350063
0
0
0
0
2802444
3060707
3204642
0
0
0
2285592
1682363
0
1865087
0
2611739
4084398
4750682
0
4497009
1454719
2978987
1355001
1097361
0
4793742
4442546
0
0
1512042
0
0
4364054
4744105
0
0
0
303653
0
0
286829
0
4249725
0
0
0
0
18
0
0
0
3393285
0
0
3562406
4730654
0
0
0
810218
0
0
4786506
0
0
0
3784116
0
0
4995577
0
0
0
1599377
0
3253034
0
0
0
0
0
0
2953150
1250365
2814443
4784740
23405
2137124
4437492
4089069
0
0
0
0
3545207
1080305
0
702
0
4983271
0
1243544
5020789
4468573
0
3461085
2074694
0
4263884
774817
2355804
0
3913094
0
918678
0
2453814
0
0
2536978
3061070
0
0
0
5049617
834113
1475313
850838
0
1200231
0
0
2041828
0
5050847
268
0
5008366
0
0
0
3883397
3537786
0
5074858
3275379
0
968280
0
4871698
0
0
0
3849123
0
3959954
640143
0
4260217
3867364
0
0
1141190
0
0
0
4748313
1120397
0
0
0
4526433
3741621
5034022
0
4181202
4952583
0
0
3462012
4216473
0
0
1229085
0
2035449
4428308
3103267
0
0
169044
0
2838823
0
0
982
0
3664231
0
5068176
40241
3631331
0
1579703
3311071
0
4284710
0
0
0
1714337
1132726
3983233
0
4664
4516758
4259922
766051
2367254
3577744
0
3968842
1384886
0
4893794
0
4619676
3054457
644
3977678
0
2393772
3097186
0
5110889
0
0
2837408
1711161
0
4879562
4703905
0
4903911
4103131
0
0
433
0
1546214
5024144
0
1684293
3365509
0
0
841178
4631826
0
0
0
4350620
0
0
167389
4448281
0
0
2966523
2337242
0
4902368
0
0
0
3254565
1448579
2274361
0
4491551
0
2656445
0
3839715
0
4457268
0
3304188
0
0
0
4569271
4416212
0
0
5080448
4747410
0
0
918708
0
1983275
0
0
0
2309690
5061664
4983696
0
580371
847968
5006340
3970432
2310830
4348692
0
0
0
0
2311607
0
5072762
0
0
0
0
737543
0
4399097
3286385
1205192
5117127
0
0
0
0
2211862
2447791
0
5060555
0
241486
4965190
253118
0
0
0
0
4897910
605422
4854106
5103729
2978770
0
0
3897691
3926635
0
3924908
634
2897496
0
440436
510403
4954647
848036
2904064
0
3097601
4638710
442135
1425687
4530473
0
0
4751383
2802929
303
3089238
1073940
661258
0
5131679
1031792
0
4707511
0
3874946
0
561
0
2183064
4394747
0
0
0
674045
3022579
367962
0
0
3989379
2971961
0
4530715
0
786134
0
4626496
0
1990455
0
0
5062705
0
0
0
0
3883829
0
0
0
0
0
4900593
2906577
3956575
2284100
3523788
4569996
5059279
0
0
0
3924974
0
0
961177
0
0
4877912
4141119
1177532
4044689
0
4722313
1016022
3770307
0
0
285230
3894298
4811052
1880973
0
0
3103074
0
1216280
3399415
0
0
1739820
5158781
0
0
4876299
4560206
441966
3223852
0
0
0
2549693
0
4882765
2295988
0
3752339
4829712
0
4220421
5171351
4573133
0
2975481
2118374
0
0
0
4428566
0
4533499
228282
1040015
648
0
2597941
0
0
0
4025316
0
3406147
3312517
1709951
1461338
0
4857914
1864138
4530371
4216064
332
0
4150607
564
4450296
0
0
0
6644
4211294
0
4777017
261
0
0
4951210
4015660
0
0
0
833
0
0
0
4074855
0
4942122
0
4441572
2491578
2212245
2931989
91616
2530881
0
0
0
5058395
0
558566
2648012
0
5000456
4626394
1208878
1568466
5113314
2457012
0
3626294
0
0
0
293968
0
0
0
3404048
0
2269632
4786995
0
0
888847
0
410785
0
0
0
0
0
0
4350190
0
0
0
3442500
0
0
0
0
0
0
2630191
831771
534
586
1696867
2057405
0
0
265591
0
5153245
1210639
0
2933771
703
0
4458442
506087
0
1733209
0
4806831
0
0
943262
98324
301
0
0
0
2022
3675882
0
0
0
102655
0
0
5199915
0
2525305
0
0
0
4491430
0
0
4830022
0
0
5015468
0
4704321
0
0
11459
771
5175369
0
0
0
0
0
4893594
0
0
0
0
0
0
3346870
1760182
4506777
4353670
0
0
2492292
0
2968670
0
5005292
757357
1271640
585
5184281
0
0
0
0
0
4514926
0
868182
4407861
0
0
4157642
0
464238
0
4871696
5190869
2548550
1369053
4551434
0
5125432
1483495
0
0
3364622
0
4983681
0
4867522
0
0
0
4994424
0
4795257
3275679
0
0
0
0
0
2164585
2010686
4507803
3092151
0
4208131
4646046
0
0
0
2005974
4449653
0
0
0
1726414
3684606
2047921
0
3461085
0
2667679
357285
0
2014573
4873185
0
1062221
1777855
0
0
0
0
781
4395471
0
0
12473
2219505
814711
205461
4818602
4862120
0
0
0
0
0
1628081
0
2430635
0
0
3577581
647078
1078280
0
0
0
0
4895207
0
1454443
0
1242402
1288186
1772116
0
824
3566516
0
1642156
0
0
0
0
3646759
4570153
0
4860558
0
0
113
0
0
0
542608
4832314
0
0
5166440
3309400
3674604
0
1745255
2486279
3607389
4871817
619643
0
1677782
0
360975
0
5102045
0
2820144
962037
0
0
3351892
4409570
1715630
2703864
4735898
1559365
4886245
0
0
0
0
2690028
4295346
2968550
0
0
1511707
0
0
0
0
117987
5130865
1620459
0
5046749
804
5224647
3865620
5179154
0
0
5012434
3082191
733885
5131829
0
0
0
0
0
0
0
0
0
1561411
0
0
0
2088831
5072076
219037
0
0
0
5124746
282
1820045
0
3652015
0
2779749
0
2076829
544795
0
1670088
330143
4836662
3238782
3470554
3214291
0
0
0
3442429
0
2691776
0
0
0
586
3217711
0
0
0
0
0
0
3624846
5256049
0
0
4828847
0
3954736
0
4876019
4038624
2155
3573672
0
4504804
3958643
4789665
0
0
0
0
4388930
1379093
0
0
0
0
2645116
3979403
1844177
5054554
4865341
1722073
3732824
0
3934787
4583790
869486
0
466324
0
0
0
5231737
4857972
2229974
0
0
0
0
0
1229865
3966250
1806400
5212555
0
3534747
287774
5174800
1744916
0
4839163
0
0
1712570
0
5288144
0
0
0
0
254963
2720314
0
0
562177
1662032
0
4005421
366074
2459956
0
4923478
3768766
0
0
0
0
1912662
264725
0
4742484
2819204
0
0
2513439
1857529
133008
1863606
3445412
0
3451166
2975603
0
3999606
1688416
0
4974724
5199857
0
3769004
2099512
3535885
0
1675016
3358343
4801000
0
0
0
3787581
0
4815478
0
4107197
0
2396926
0
2994471
2629734
0
0
0
74
0
5161162
0
0
4584498
0
2074728
0
3216768
3966523
5094419
0
2956324
72
4259819
0
0
0
0
2210613
0
0
4542385
2631241
0
0
0
0
3833721
0
3422256
4920203
3752570
4472337
0
0
0
2797848
0
2889187
0
4435017
0
0
0
0
3479818
0
4944839
0
2277884
282733
4821384
0
4667369
640804
4077689
5323306
3315837
3205257
0
4272734
30356
0
3424951
3520114
0
0
0
0
2044938
5014384
2267857
1840713
0
0
0
5094094
0
3522616
0
2229797
0
0
0
4297785
4387348
3814094
84
4530705
0
0
1197453
0
0
0
4325475
0
0
0
4901415
0
5102825
2597305
0
0
0
3480797
4526650
2999102
889447
5141086
0
4498059
952731
0
0
1712821
0
0
5007012
3920116
602023
0
5052863
0
4851291
4013075
5011538
0
0
0
1607237
0
3266347
0
541660
0
0
0
0
0
5308950
2697372
0
0
0
4968555
0
4957706
0
1952613
5109416
0
0
2840363
4166587
0
0
1587322
4996985
2854391
0
0
0
1405561
0
0
0
1717925
0
772768
0
0
0
0
0
0
0
0
0
0
847115
0
0
0
0
3728494
0
4764358
5323342
3783243
5321760
2601968
3738968
0
5338547
0
1000136
4287973
0
0
0
0
0
3335269
1231007
0
0
0
3797030
4033171
3783693
4474788
0
0
2140038
196793
0
4468187
1188321
2870118
2575329
0
5382748
4288988
413013
634492
0
0
0
0
529901
2887350
5041026
1225362
0
0
2097417
0
0
3986515
3781520
0
4966916
0
3046947
0
2009702
0
5291432
5317329
0
2801287
4132421
1225265
0
1772333
0
0
4535
0
5356929
0
0
0
2212014
4623285
0
4785361
0
0
2865199
3751867
428672
0
0
0
3936147
5293164
2392848
4774348
0
2492155
4697669
5375046
0
0
0
269488
0
648
1740506
0
0
2601368
3854875
5368022
5372102
0
0
2946985
4774995
0
5407696
0
502411
0
0
2888763
0
331341
0
4935599
0
5340972
4479346
0
0
1377088
4418306
2283720
5130520
0
4425958
0
4699736
2583357
0
0
0
0
5013990
0
5024501
168309
0
2836587
3159499
4965088
0
378
0
5028222
0
4156347
0
4064361
5246561
0
0
4098700
2687434
0
0
0
579911
0
0
0
5085879
0
3530067
0
0
5330938
0
0
0
1818114
0
3843603
0
4579991
3077581
1897890
5156937
0
467
851872
0
3875790
4853050
4697573
5376069
2120495
2148481
4246696
0
0
0
0
56037
2941370
5423357
3949697
113332
4815092
566880
0
4700620
0
2692472
2322232
0
0
630
5421309
0
3725766
0
4805468
180
0
0
0
0
0
5350285
0
0
0
3774421
0
0
5041738
5147630
0
3608639
781955
5381928
0
2156702
0
1232556
0
222
0
2953466
0
0
745336
0
0
1475259
5158296
3626021
2959461
2483295
0
5114908
0
1108736
3767709
3754428
5398956
1040633
0
600
0
0
2040300
0
0
0
4500570
4054306
1038095
0
4158568
0
425205
5149293
72
3749684
0
0
0
1125410
0
4707943
0
5215368
0
0
0
4578889
1714206
5213742
4045542
0
0
0
0
2001929
0
5176796
3825472
4097992
4152060
0
2192530
0
0
0
626
3946275
0
4152030
0
131158
0
0
2281716
133865
0
3541124
1180141
0
0
0
3494538
0
5388550
3166765
4660097
2788976
0
0
3942452
743270
3681133
4091350
0
494
0
1070461
582795
958493
0
0
5389502
0
2116906
3455273
428940
142837
0
4142776
0
2050086
0
0
0
0
0
0
0
3486509
5194062
0
0
0
4836539
2901583
2342963
4756688
0
0
5396756
5460119
0
288410
0
730
0
4871764
4949370
0
0
0
0
3033306
2416653
0
0
3314173
4889204
0
0
3455165
3403514
2399648
2493308
3209825
2938922
5394646
589156
524329
0
0
5165921
4059925
0
0
0
132
0
641
3902777
1767580
0
4617299
5277132
5175623
0
0
5424837
0
0
0
0
969516
0
5429380
2803714
0
0
0
0
4119144
0
0
4974103
4577031
0
5095442
3937566
5018533
0
0
0
4749240
0
0
0
0
4396424
0
0
5042768
5302872
5239016
4911280
603768
0
0
3971585
742624
525
0
0
0
3592846
37238
1473277
0
4063346
0
0
960
2002168
843
8241
0
5287644
0
571082
3702619
4426312
0
5213081
4157650
0
1255
0
0
0
0
0
4025907
0
2739507
4321386
4349063
0
0
0
0
0
0
0
0
0
0
257557
4976183
0
1132796
0
5144830
5480647
2869416
1493151
0
5094959
489765
0
0
0
0
0
2430253
3274950
0
0
0
3466097
0
0
0
0
4209126
0
533054
0
0
0
0
0
2760021
0
0
2077784
0
3404817
0
0
0
0
0
5090460
1900996
0
3885234
0
4064019
0
49
0
4627945
0
1475156
4696050
4036685
3879689
0
2169661
0
599
2322199
5115898
0
0
0
0
2492122
0
3953992
3957294
0
2258003
0
3293249
4051053
3277795
0
2158512
3704321
0
4269832
5385663
0
4490824
0
4412136
3467615
2147215
4863002
0
2871565
0
1453669
4302880
5054452
0
4795965
0
4145134
0
1258058
0
0
5466180
0
3691602
5425826
0
2163775
1531101
576
4239302
0
4739144
0
0
334
987
0
3293900
0
0
1833756
1950768
0
620213
3863970
1376789
3101160
979848
0
0
5145191
0
0
958
0
0
0
4479726
0
4561030
3662761
2190397
0
0
0
3595705
528862
4013889
0
3484928
4947231
0
0
0
5527462
0
4447333
149443
4727211
0
3531226
4378367
0
0
2750485
0
0
5521930
0
0
0
0
0
0
1332595
335076
3417817
2473772
0
1484118
2208854
0
5423824
3666267
0
402250
125286
3050803
0
5153844
2912051
0
1999865
0
5556996
1638683
822286
0
5387077
5037071
775
0
0
5361502
299480
2001239
0
5506546
0
0
0
5499341
30501
0
5431966
3460816
3719758
5536323
0
1035780
0
0
1535600
0
4542567
0
2486562
5496242
0
0
4832635
4725628
2846561
0
0
4784566
0
0
0
0
0
0
0
3864441
0
767245
0
0
0
5501341
0
0
4855705
0
0
0
360
0
2807679
5239352
748349
0
964591
5165509
0
0
3108384
3592875
0
2869381
0
0
1656605
178181
0
3573628
0
0
0
0
857043
830413
1489202
5192919
0
0
261142
0
0
4786582
672718
0
2196193
0
0
0
0
2109478
0
0
0
640994
57715
0
697771
175260
0
0
4938879
0
0
681186
3352203
0
4426373
1457559
1859116
0
4595156
4522448
0
0
4363988
4424850
5521001
0
2134872
0
0
3041703
0
5587408
0
0
0
5213081
0
285475
534260
6010
4408661
0
1161729
0
4678759
1606479
4974773
0
2382878
1678574
3851834
0
537228
3814889
3162521
0
0
1199260
3119374
0
0
51471
256040
0
0
0
0
0
3376404
5540735
0
0
0
2648963
0
0
2206873
0
0
2306744
4063416
0
0
0
3943751
0
2652741
2721907
4686557
3305676
0
2814273
5151628
4312009
0
0
5152514
5540856
1069260
2936679
0
0
3922366
0
0
4949562
0
0
1653494
2999721
679678
2174670
0
0
0
1000147
0
4232043
0
2208128
4192884
0
0
0
4633463
4760932
0
5474569
0
0
0
0
2275142
0
5446760
0
2305641
4345520
3530479
562419
0
81220
0
2750384
616
0
4128293
3690809
726172
1577821
0
4534177
3537654
756046
0
0
0
0
0
0
5634565
2492119
0
1981069
7390
5231006
1698981
3364473
0
0
3997326
3504097
0
4870679
0
2066565
3687729
2348720
0
0
0
0
4159903
0
5030958
1941639
4317189
5054505
0
1400633
0
2841822
0
0
0
0
5095916
0
0
3214116
0
0
5603428
0
0
0
3635601
4009694
5266310
639809
451472
5373011
2935064
1651690
378664
0
0
0
0
0
330372
0
2473349
4981318
4860016
1485929
4346050
0
0
0
4237392
0
0
0
3055477
5106796
3377015
4853982
4768713
0
5439384
0
0
363
0
5474263
0
1129781
0
2131443
0
0
0
1367200
0
502895
247107
0
500
3232839
4232387
0
0
3685906
4497870
0
355974
0
5593563
0
0
5160616
0
0
0
5624110
1204313
4116202
5161712
0
0
0
0
3486390
0
0
3067771
5370288
0
2911724
861
0
4568292
4639936
0
1126202
0
0
5334385
3007414
0
0
5330124
1409112
0
0
0
0
0
0
0
0
4948297
3770140
0
94386
5019763
0
2283774
0
3404879
0
0
0
5346503
1676169
0
341
3348232
5410037
0
0
0
0
1366322
760969
0
2878178
0
0
0
610164
0
0
0
0
3270635
818
345000
0
1901855
5557241
5668644
4571455
4237233
0
2492398
0
1747054
0
4306001
4255718
0
0
320828
5539918
5475496
3863228
0
0
865469
0
4459264
1001641
637
0
1743398
0
0
0
0
975531
0
3438097
4229791
0
0
5315656
5081462
2355878
5334180
5246082
5049841
3757709
2778733
0
5099510
2473209
0
4218427
4568823
0
1533417
0
0
2537288
0
0
5565868
2201078
0
4283769
106409
5163357
5222442
0
0
0
2387165
0
0
0
0
0
4847741
0
82661
1649707
5292328
0
2158415
3974803
4098036
5310543
5521891
0
5594083
0
0
2913535
5039599
0
0
5113591
5175623
0
0
0
5625445
5276171
0
0
0
0
2003304
5669026
0
0
0
0
5059131
1949246
0
0
110075
2399424
0
1059407
0
682546
0
0
1145408
0
5166860
5619488
4463540
2406202
964068
4191260
0
3937908
2673982
959428
2751819
0
4447536
0
302
0
0
3471467
0
2864392
3072437
0
4566128
0
2026833
0
0
0
0
0
0
573734
0
3598636
0
0
1618132
2349972
3241301
1267669
0
0
623918
0
4185564
0
0
0
3256305
0
0
0
5560327
0
0
0
0
0
5624833
0
0
0
0
0
4175516
3015120
0
4210346
0
0
5358848
4108066
4867298
0
5368403
5664889
5642128
0
0
2599985
5223252
0
1570908
0
5505381
4901095
909
67732
3818867
372
0
5682858
0
0
0
0
4712275
0
0
0
3359763
5501228
0
3767758
0
5312655
0
3038040
0
0
0
0
5168867
0
0
0
1075962
0
0
2166522
0
0
1145605
3660147
5046228
4026481
0
1262294
0
0
3042161
5641470
0
4285544
0
0
1867812
3342260
3779559
4709009
3282689
3021939
0
0
3608432
0
5107048
0
143541
0
0
1188098
2841595
3467007
0
1611462
5619124
5004390
0
3366487
3572882
0
0
0
0
0
4227019
0
0
5722073
5114966
1108431
0
0
0
0
5708192
0
0
0
5478335
5695941
40029
752644
3826074
3150840
5476204
5032027
3902106
0
0
4912141
5200242
0
0
5455211
0
496
0
0
0
4636933
0
4170246
0
0
1989455
88
4898930
1617527
5153574
0
0
0
1458379
0
622944
0
5448449
0
0
5318122
723638
4975042
0
5304050
2513591
5276190
2686825
0
3770195
4276776
0
0
0
0
5394408
831279
2869038
0
5509161
5054992
736902
0
4368136
0
0
0
5406241
0
0
0
0
5731687
0
4576825
0
3301710
0
0
4394900
0
0
2154603
0
0
0
0
0
0
3977935
930
0
0
0
5213218
0
0
0
1882345
0
1696265
5572056
5728420
5788495
0
5018798
1656097
0
0
4987236
4459514
0
1071516
5237330
3977009
3678074
0
1051681
0
0
1689914
0
5548533
0
4310006
4168733
2498751
4697101
0
0
2935047
3588134
0
3449984
3920934
0
0
0
0
0
4667212
626882
5373321
2308634
0
468428
4347859
277070
5658957
4701543
0
0
0
263428
0
0
661583
631543
5244207
0
5156493
0
0
0
0
5480133
0
0
0
3171445
4265219
2186782
0
0
0
5693053
0
0
4067778
0
0
0
5657847
0
5102039
3801282
743
0
0
0
0
0
5464621
0
0
608304
0
0
0
0
1615135
0
4380747
0
405
0
3821357
0
2795497
0
4940672
5788366
1719524
4340083
0
0
0
5626626
0
2830073
1784876
0
0
0
0
5359063
0
0
3642633
3998316
3300288
1011607
2800884
5174038
5640327
5792682
2537233
0
3730600
0
2960436
0
0
5169980
0
0
381
3843624
0
85938
0
0
3041398
4384673
0
3462796
0
5585108
0
861
0
1463092
0
0
4337957
5728501
0
4306380
2723313
0
1124892
0
751930
0
522018
3869388
5310026
0
0
0
4526699
0
3774818
0
5682122
5106016
0
1041575
0
5761697
0
3299381
0
0
0
466049
0
0
0
0
4167789
0
4434603
0
1534062
4316966
5194064
0
0
0
1794947
4862252
239214
0
775
862427
994509
3133009
0
0
0
2814569
0
5808940
0
4858124
5523284
2917753
0
1979555
5387378
1057224
0
0
0
4075314
1707342
0
576834
908
983
0
5235956
0
3094517
0
2874742
1376347
0
4684727
0
0
0
2244203
0
2529615
5156266
0
0
4773298
0
0
0
0
5207901
0
0
482418
0
574091
3468125
0
434648
4409946
59078
0
0
4958914
5620331
0
0
1707192
3587717
0
0
0
1413543
0
0
4963666
5726489
390392
395
5472541
5003821
0
0
3023384
5822152
111064
0
0
0
5370186
3009550
4822696
5510992
0
2705936
5619307
4207385
3632763
0
0
4922676
0
0
0
0
1322954
0
1688240
0
5865204
3043875
4912941
0
300420
630
4820870
1603804
433727
0
0
4686120
0
2964315
5471689
0
0
0
5606764
1206223
0
5424063
0
5012057
4815967
0
0
4959424
387338
4296612
2991436
0
3762626
1882633
0
665
0
4693460
5307857
5187361
0
0
4411431
0
0
0
4224333
740135
2231078
3502822
0
0
2595507
4900027
0
5440534
144083
0
396567
0
4354779
0
0
0
4403949
0
5473966
3092815
2058714
0
4187812
4002718
0
1325239
4363570
4632444
0
4822138
0
0
2128966
3739081
0
3874031
5758437
2029412
322738
0
5164614
0
5320598
3964378
3658291
2188526
0
3975100
3339402
2417545
0
0
3292824
2286948
5345478
3177297
0
3659845
0
0
0
201298
3516928
5374823
0
0
289132
4912141
0
0
0
0
0
0
2586461
219798
1214129
56163
0
0
0
0
0
0
3220199
3842014
3551613
5519292
4337
0
0
0
0
5490688
0
2553960
5758748
0
0
4161085
1560860
0
0
1534432
0
3833961
1446601
5455873
0
4157697
0
5353946
0
0
4607955
158762
0
2650485
0
479
4160409
4754787
0
5717037
3591633
0
658660
0
1258830
5488929
0
4951464
0
5640343
0
4040019
5030167
4662851
0
92720
2939377
4912536
0
4157905
3978088
726
2317358
2960470
5643338
4595624
28
2749145
0
5580855
0
0
5280800
1044633
0
2910887
0
0
4084395
0
3480978
0
3241914
522595
0
0
5594369
5166836
5184305
0
5381543
0
0
5640802
4599611
0
5228688
4836799
0
5550575
3409654
4705891
0
4477610
0
2028095
5406325
2531869
0
0
4165051
5912691
0
0
634867
857568
0
1045168
0
0
0
0
2554611
184679
5566534
0
0
1554243
1984058
0
3400447
0
0
0
0
855
0
4860614
448
5645693
582912
5814439
0
4557474
0
0
5923130
0
1331411
0
0
5198207
0
0
5115787
0
0
5199957
927461
0
66246
2356889
0
0
578281
32517
0
0
0
0
0
5229455
331534
3744974
5579079
825
0
0
0
0
5912105
3659195
0
787579
5932539
0
0
0
0
0
0
5916535
5716124
0
0
3753165
0
3162736
4708648
4925243
0
2882479
3218007
0
0
993616
0
1717294
0
4104288
4066956
0
0
63
0
0
4407250
4168345
5615740
273087
5368998
0
0
0
0
787095
0
2317235
0
796075
5725157
0
5391945
5517913
0
0
5707578
3994414
0
0
5936258
4355241
0
0
3997869
4275161
0
0
0
0
5299640
0
5536877
0
0
0
0
5187166
0
136369
0
5973959
0
0
0
844872
0
0
5229103
0
0
57988
933617
3125103
4357400
0
4698307
1296859
0
4526572
603
3507990
0
2403602
3901070
3430724
4188250
0
5481462
1622377
0
0
0
0
0
66728
2316711
0
0
0
0
666908
0
2349906
4328503
1263979
889093
5510992
0
0
0
0
4724934
0
0
0
1186776
0
5799098
7399
5681520
0
0
0
0
0
5216672
0
616
885490
362994
0
5976955
0
0
0
2642617
0
911391
217796
4985605
2513670
2655791
85479
0
0
5181393
4985185
0
0
5818038
97288
0
0
0
0
4706082
873521
4895777
0
719987
0
0
5935744
3783197
0
2035660
1075663
3934710
5961141
5161319
0
4352685
0
0
732745
0
0
733989
2417551
4059402
0
0
0
4511071
0
195869
0
3842930
4197410
0
5615023
3836897
0
4269917
3228372
277296
4672389
0
437373
0
511884
2208128
840085
5841266
5194245
0
0
5957971
2395162
3321465
0
5870436
0
0
4119959
2434007
0
4964946
0
0
0
0
1912206
0
0
1428173
0
1336275
2951804
0
0
0
4079343
1787895
0
5646283
344358
0
4981628
5154317
392487
965521
4652027
1788778
0
5418738
4659548
0
5151021
0
895
5983656
0
1366664
0
0
0
0
5874493
4078680
4228080
0
0
3565431
251849
0
5829332
1630664
1105555
3626229
0
0
0
0
5210610
0
0
0
0
0
5305284
0
6003293
0
5533327
0
6037472
5975840
2246589
3202949
0
0
0
1486634
4955863
5271841
0
4185335
2091254
2326334
1527224
0
3039415
0
1825518
5890166
0
0
3118250
0
0
0
0
0
4242757
0
3411314
775
0
4031733
0
0
0
0
0
0
0
0
0
3371572
0
4586106
3906957
0
0
0
5764196
4691704
5960950
0
5234141
550079
0
0
3547660
0
1768158
3562128
0
0
4635328
0
2101116
0
2607389
0
3745260
0
880
0
432540
0
5845135
2690262
5995261
5758219
5561945
0
751
0
0
0
0
6009426
0
0
2793107
4527708
0
0
0
5657751
2090867
1433281
5793145
5131960
5916256
0
4761441
1959757
0
0
0
0
0
2896907
1642469
0
0
0
0
0
2955784
3494259
3327141
3115742
5485186
2392069
878664
0
0
3699335
0
3988123
0
2768499
1952001
0
6058520
854327
4983609
6057193
0
1121601
0
0
5295173
0
4986128
3069438
2341136
3205338
0
2168957
5640492
444499
15
0
3080172
3054403
5716232
0
5681501
898
0
0
4702991
0
0
4850477
2658111
2304416
0
0
4752034
3084293
1955483
0
952529
0
476587
0
0
0
5728315
21491
3584619
0
2169613
0
5711800
1788108
0
0
5730537
0
0
3193621
5584596
5171040
0
0
0
0
0
179623
5864368
0
0
0
4119758
0
4113007
0
0
0
5547552
0
0
5981357
3630191
1989949
0
4478034
0
0
2984964
0
0
1586638
704096
0
0
0
2039502
0
1330923
0
0
0
5735959
2005366
0
0
0
5227086
0
0
0
0
0
0
4252134
3296357
6073516
0
2247365
5229229
0
4839800
0
6061924
4977924
4976762
5832158
367
5436834
5778247
0
3311308
0
0
4978108
0
4920796
5339277
5677736
4299474
123261
0
1877711
998901
5933708
0
0
0
0
0
5726128
4251638
0
0
3384462
5000732
0
5447225
0
3246988
257519
0
0
0
0
0
0
0
5930703
5000003
0
0
5561861
0
0
0
0
0
5970736
5698883
2055000
0
5132715
0
2996465
0
0
6046826
0
5477924
0
4815513
2723583
0
0
0
0
0
513052
4932978
3932487
0
0
1404388
4115975
5912006
0
0
1842042
814
931945
0
227245
0
0
0
4462993
0
0
5976246
0
0
0
0
5192089
0
0
0
4995544
6028341
0
3713407
2960731
0
4638695
0
0
861
0
0
0
291374
0
993129
4438629
2869425
1381050
0
0
5986444
616828
4294291
4032803
219798
5691038
0
0
0
2664630
4238811
212947
930484
4538871
5
0
2901041
0
0
0
0
0
0
0
0
2245697
5371928
0
0
278
5698838
3198104
0
1128924
4547120
2097077
1949884
2023187
2206649
0
6062447
0
5682587
0
0
0
0
4395030
2531487
0
0
0
0
0
0
0
5817255
2404269
3136007
0
0
0
0
0
0
0
2051217
0
1767580
417974
0
0
4084881
4115235
665445
3591839
1306738
6042829
5401830
3784216
0
3482885
0
0
0
1354362
0
5176255
0
0
0
4384860
1380240
1000622
0
0
3410376
0
0
5967072
4744896
0
0
0
1483294
0
3309245
0
4588184
0
0
0
0
0
0
0
4349981
3434587
5851453
505106
0
0
4559201
5346990
5849476
0
0
0
1450099
0
910
3218505
3528960
0
4154014
3842770
3559656
4576897
2917321
4955788
4131040
0
5976746
0
3060910
5815633
5975462
0
5883591
0
0
3677024
0
0
0
0
0
1556081
3659400
0
0
0
0
6134164
0
1205369
0
0
0
0
1963879
0
0
4047316
1239788
5368089
0
0
5871158
0
3664391
0
3589486
0
5841677
2716685
6126099
0
0
3351841
0
5847819
0
5428104
0
1874254
5760432
2371773
0
6200983
4522160
5449001
3520407
0
5347163
0
4635200
0
5959939
1045573
0
0
0
6194094
0
2150075
0
2230737
0
0
0
0
0
5460429
5292885
0
2549250
5468176
4809510
0
0
0
5504736
3574358
0
6148528
5660383
3313617
0
0
0
1591115
0
0
3881088
0
0
3988281
0
1334249
917514
0
0
3021124
0
0
4485249
0
5939092
4557506
3625942
0
2250502
5418125
0
0
5162811
699875
108141
0
5425726
946314
52953
4333440
2354647
0
5249982
0
0
4131832
0
0
3089600
0
0
0
5116901
0
2980692
4410804
2868057
0
6154774
1375695
3351416
0
1085390
6227724
0
5860108
0
5278
0
0
0
0
2595875
4379977
2912854
0
5882332
1212887
0
0
0
0
0
4948189
0
0
4298159
0
3366612
0
0
0
0
0
0
6067386
5802893
0
6084817
0
3970547
27984
4698112
2626416
0
1033747
0
0
0
0
0
0
5087874
0
0
5966554
6054975
0
0
1871405
0
0
413205
0
0
0
5223665
0
0
0
0
2451208
213616
2040355
4823344
5516518
0
0
0
0
0
0
3947552
548008
3409499
4426337
0
2554884
3854742
0
5429092
633467
0
0
5637693
0
0
5098281
407
0
2500364
0
958341
0
0
0
0
4279460
0
5563976
0
1446141
0
0
384696
221344
5161028
0
865417
0
0
4984403
1533955
2433258
5247309
5329807
1019357
877
21944
5895991
2854157
0
740
0
215581
4177734
6171047
35
0
3542009
0
0
0
4234224
442
0
2525865
0
4568281
0
3494106
470840
4716073
0
0
0
0
0
5375778
5885196
0
0
1688952
0
0
0
4947917
0
452596
3318766
5379610
2325924
0
0
5172547
5873072
3382532
2282724
5114816
0
6257488
3989215
5584421
0
0
1536053
0
0
5623853
0
0
0
4265514
988294
232376
4033867
2088359
0
0
3308323
0
6064676
0
6047953
0
1328278
1465518
5468414
5701485
0
765302
6071410
0
0
0
0
4438390
0
3438556
0
0
6155330
5805481
0
2010078
6109247
2919008
0
0
0
710123
0
3221741
1284842
1690360
0
5956889
0
0
0
0
3246034
0
5898444
2436448
3022732
0
2415893
3133649
3057084
0
4448930
0
0
0
5140214
0
0
0
461484
3443111
2891738
0
0
5698961
0
3176411
6277600
0
0
0
0
0
0
0
5025261
5161907
0
0
0
29131
0
0
3865444
0
0
2833480
0
0
5876886
0
5921072
2019977
3595370
0
0
6260319
5639905
6097613
0
0
0
0
3547203
6170658
1658726
0
0
2089958
2359235
0
0
0
0
0
6137423
0
2098060
5454817
5038849
0
3735659
0
3686573
0
0
0
5164379
5238834
0
0
0
0
0
0
0
0
5749367
0
5464482
6248338
6194120
0
1342082
0
0
0
0
5726059
0
0
0
0
0
6271954
0
0
0
0
0
5831096
4542056
3937047
0
6285489
6194758
0
0
0
0
4167377
3138102
0
0
1253491
5671217
0
0
0
1992996
0
1980799
0
6237670
0
0
4503588
4584712
4888689
0
832
5945187
0
4969321
0
0
1565930
30599
2473124
346
0
542917
4099237
0
1631924
0
6135321
659162
5369010
252040
0
3964466
0
2849803
3731207
0
274420
1503139
0
6201308
1068124
0
4818385
6124798
0
0
5452584
0
2907274
0
2147056
222
5034141
1082609
0
5849640
0
0
0
5798889
616632
0
0
0
0
1511457
3323452
4037148
0
4789135
3085300
0
2954205
3404434
0
0
0
3646818
0
5234945
0
0
6116259
5089139
0
0
2309806
765302
862239
0
0
5155487
0
2019113
0
0
3222985
4993401
3999000
5734271
505305
4387443
0
1247433
1260940
4353921
350505
0
2125333
3702778
166167
0
0
5748575
4032869
0
6067147
2342924
0
0
0
0
3332168
0
0
4058383
0
0
795477
825505
0
0
0
0
0
0
0
4245734
0
0
0
652
0
0
0
6117832
0
0
0
1689999
4958602
0
3894913
0
0
0
0
0
0
4144928
182
0
6068905
0
0
3474077
6126558
2173577
0
6060638
5883493
0
4491860
0
824065
0
0
0
0
4906876
0
0
3780722
0
2450868
3905410
0
0
2771344
0
478763
0
0
0
0
0
0
0
2015589
0
0
0
0
0
0
1830014
0
1517176
6290523
0
5221995
0
0
0
6181088
6358890
907119
0
5617903
892139
305319
0
2172259
0
4273396
5312703
0
862908
917089
5208957
4278663
5383769
3593017
6363795
0
6296007
6331146
0
4228172
0
0
5728253
1773567
0
4854744
0
0
5367692
5537593
2644709
0
3562094
390748
511767
1202329
0
6146884
0
0
3833276
0
0
0
6351254
0
0
5932291
5839846
0
5468273
0
2324763
0
3021369
0
5828296
6378330
0
0
5668599
4504947
527
727327
6310511
0
0
0
429797
0
0
0
4692468
0
0
1431195
5308930
0
6107014
0
2110078
2245280
475671
0
2179934
0
4465214
3771481
0
5881437
0
1109427
5819730
3778082
5960743
0
0
2629023
3883140
4901141
0
6064304
3223905
6387606
3784436
6344125
6354524
0
0
0
6139944
5883617
4372546
1339415
1010487
4177585
0
4424683
6363609
0
5476344
0
220050
0
5876302
5742678
0
1872977
6280672
0
1428753
0
6097644
4466670
0
0
6049746
371498
0
3526809
0
5502027
6142906
4849366
0
0
0
0
4596307
1596166
1687101
5858689
0
2968220
5520262
0
6116259
4749439
0
4986238
6040673
6183858
0
4986835
4922881
6153295
0
0
0
5541188
2461674
4260258
0
0
0
6004087
0
4628616
4353261
1265262
5732208
2161826
0
0
6058377
0
0
5379214
0
0
0
378
5480680
5634214
6278235
0
3771299
2059798
4649594
3284992
4177522
1131499
1058403
3018379
1920443
0
4964044
5493537
0
3928657
0
5465096
0
0
6145558
0
0
6175008
0
1786908
5976490
6441410
4852043
0
0
6441076
0
0
0
1167374
0
0
0
2317042
6254942
5168639
2254665
0
1193255
4484738
0
3573854
2145399
23
0
265801
0
6068496
1381055
4123179
1692644
0
0
6041404
121569
0
0
4521339
99635
5866736
0
0
0
0
961703
156428
0
0
941
0
0
0
0
0
967039
2903524
0
0
0
0
5246362
5372590
0
0
366295
0
0
6373058
3255949
6283182
0
0
0
5335722
2558811
0
0
0
0
0
6410076
5726623
4382679
0
0
0
0
6048818
3928558
0
0
0
0
599826
0
4526721
0
0
0
6454438
2302191
0
814358
5221638
0
2780521
545043
0
3639986
5160339
81191
1710667
0
0
0
3248863
0
6235369
0
4146153
0
6181646
0
3011831
0
0
0
432681
5158247
2953674
4501466
0
0
0
113458
5479941
0
3464728
0
0
0
6280606
0
0
5116264
0
5703447
1036067
4575724
0
133
0
0
457366
0
0
2449453
844
5601223
2329084
0
2776116
0
4818423
5746116
5877783
4387002
0
0
0
6130527
5361245
6343761
0
4694816
5682690
0
4585260
0
4153893
6311695
6277166
5950599
0
2550214
4483218
0
6225317
0
0
0
0
5652618
0
0
104049
6260661
4585072
2399792
3884177
0
5181078
0
1606051
0
0
0
4900315
5824798
2257014
0
1361438
0
0
2839171
5193129
0
1871736
0
6483755
0
0
0
1651968
0
0
4099350
6489338
0
0
341
2665640
4630053
0
2508210
239783
0
3686814
442292
3766420
3362850
6339072
2519656
603605
4592148
0
0
3492647
0
5690718
262357
997786
0
0
6277509
5934203
0
3687358
693116
4387470
345723
0
0
0
0
2177613
2494891
0
0
5177045
0
1797245
3776570
0
0
0
5795698
5642161
0
0
0
0
0
2217457
1058403
0
0
3136452
0
412465
0
0
0
6330046
4723230
0
6449355
5816549
5165111
0
6038480
0
1717518
0
236384
957720
5038684
0
0
0
0
0
3437235
0
0
1955794
3050813
0
0
0
5870459
0
6511917
434153
5138146
70287
0
6396060
0
277
0
0
1767533
0
0
0
0
4613557
0
6229711
5378908
2415167
2610354
0
2788505
0
0
0
0
6116408
6201679
5518014
595
0
0
5479939
0
0
1017006
6479448
4275829
0
2384906
0
1190845
6462452
0
6302791
1542171
5187619
2314455
1811056
0
0
0
2482768
0
0
2863797
5957633
3437334
0
0
2387105
2205591
0
322
0
117337
0
4138386
0
2223676
2085541
499737
6444453
0
0
2620555
3179534
0
0
0
0
0
6065661
0
0
0
0
0
6206264
5511533
4042449
2537946
0
1576650
0
0
5926883
0
4149116
761271
0
6537771
6434962
823809
0
0
1396319
0
6462279
0
0
60155
4476830
0
1067992
0
5674816
0
0
0
0
6136194
0
0
0
0
0
0
0
0
5861865
1955697
5147382
6292197
0
4920988
0
5003817
0
0
0
997
3272082
4693667
1943361
946171
0
6394467
4444769
3308790
0
6244655
5113893
6356770
0
6053816
0
0
0
0
0
0
0
0
0
198747
0
2125557
2343177
5458997
6493846
1852211
4152926
93579
0
6037946
5755374
6306642
2865745
6036759
0
0
0
6413749
6192023
0
0
3696564
4864286
0
0
238012
0
5786690
4372492
0
0
0
5976335
0
0
0
2394361
2262405
1396079
5959010
3855838
6410497
0
2632834
4888689
2377021
3151927
0
0
3653002
0
0
0
0
0
0
0
6246478
0
0
2760903
3981101
0
2437598
0
0
0
6523244
0
6406366
0
6581269
4791656
6404221
0
4018086
6416763
0
0
0
4857825
3094638
0
4440998
5314958
0
274952
6462413
0
578
0
0
0
4982556
0
0
5759217
6217097
6245132
0
0
0
0
0
5648885
0
4451091
6395732
5633132
6533906
0
2660400
0
0
3456151
0
3638042
508904
3428273
22
6531227
4614093
715346
0
0
6537546
5138281
0
0
0
0
0
0
0
6094981
1098997
0
0
0
0
0
0
4845811
0
6495515
2670388
0
5645603
0
4437751
5622015
0
0
0
6139087
1381770
856372
0
0
0
0
3416113
0
2666106
3392137
5753963
4101513
551
2716077
3855593
0
3410956
4807812
3032710
2374828
6444482
1367392
0
6068838
3303167
6198472
5866966
4122932
0
0
5876624
0
5940953
0
6377693
0
6280271
6180622
5634751
0
0
0
3461650
3542659
4129100
0
0
5409772
4273721
5131809
0
4834315
0
4515081
0
4494987
446234
5565820
0
5644454
0
0
6462252
0
0
0
5322307
6094888
0
0
1760150
5177458
5262296
2553033
5607115
6592070
0
0
4523058
3340144
3599772
6461578
137
4007755
0
250392
0
0
639183
966481
0
5490232
0
1880557
0
0
0
5907659
4197437
702702
0
5192644
2057487
4884694
5148205
3312175
0
5092623
0
2275885
6575573
0
825252
2510999
0
0
0
1939436
4804194
2870988
0
6172199
0
6512851
63878
0
0
0
0
0
3206114
6188577
3469535
0
3914473
2861303
0
0
0
0
6045389
781091
0
0
0
5295044
5095435
0
0
0
1723606
2019458
0
0
0
0
5952928
0
6387838
0
6408758
0
0
0
6317065
6018141
0
1886177
0
4866709
1947171
4007814
5506003
0
3700094
3563380
0
610344
0
5065954
5364317
0
0
414477
5223974
0
0
0
3493575
1712701
4309819
0
0
2561685
746445
2637866
1042023
0
6174252
0
0
4317770
4778641
0
1082640
6648730
0
936982
0
5425663
365822
379992
5694170
0
0
2820079
0
6532724
0
4663172
0
0
4336863
0
726449
0
6421497
67987
0
519195
0
6198038
1817325
2906191
305
5240444
6520104
0
6647669
0
4927244
4963051
0
0
6297152
0
6466171
0
0
2592990
5430599
2410966
6368492
6596365
9308
0
4169517
5618553
2570112
0
5090061
5046659
4667144
5756455
648218
0
0
0
2277392
0
4274762
0
0
420219
0
4159265
28052
2403042
0
0
0
0
0
0
0
0
0
2340826
2156563
0
0
6653505
0
5822831
220861
0
0
3627434
0
0
0
5018220
0
340
0
847
5091018
0
0
310
0
0
968675
0
0
6355280
5839729
0
0
6044571
0
0
1016630
4070185
1290124
6122889
858
0
0
0
6615725
6659298
5641471
0
0
5786003
428892
0
6247937
0
5646829
664501
4639836
0
2405105
2519795
4036723
0
4158894
0
1718953
973262
0
0
0
0
0
6186590
0
3494764
0
0
6344586
5047095
3731351
5554871
1797255
47164
0
5861340
0
3049757
4711145
0
0
0
3951066
0
5367146
0
0
0
1715830
4024447
5653445
0
388003
0
6380759
4492237
0
0
4347896
6644653
2938343
5703633
5614874
0
2675049
6650338
0
0
6460005
3768006
0
14048
0
0
0
0
0
5377973
6691405
0
6646978
0
0
0
0
6679548
3904105
0
5714834
6696938
5389322
30801
3461091
0
3897353
5871974
0
0
674627
0
0
4672243
676411
0
6612244
481062
4913065
5623884
4648785
0
3696860
4485509
0
3277743
3162244
0
361287
0
0
6184002
2811217
0
5059456
6402476
4615677
6705500
0
6465889
2489234
1083686
0
5070574
903970
0
4668388
2261086
2628755
6209460
0
0
4653125
0
0
0
0
0
1186473
0
0
0
0
0
0
6400685
0
5759397
0
0
2944754
5330152
0
0
2015246
0
3117227
0
0
0
5009703
0
5456661
1511450
5447872
3224533
3189792
267470
0
3578157
0
6618778
0
4686240
0
0
3022574
0
1187657
0
0
6168973
0
414728
2030457
0
0
0
0
4389024
2302350
2810961
0
0
6721393
6696476
0
1129732
3785682
0
4771770
4651843
91137
6346546
4549856
0
256611
961
0
0
5223993
0
443
252
4602114
0
0
0
6683246
256336
6308199
0
4723003
0
2134204
0
5595175
0
0
245
0
590372
0
6175613
5135743
0
0
0
0
1278782
0
0
5798820
910
684
0
6247821
0
0
1174910
0
0
2651821
6513046
0
0
0
5381483
0
6251383
5183696
0
0
1032882
0
0
0
0
0
0
6425794
5027053
6731437
0
2114646
3887292
0
0
0
0
4341071
3290237
0
0
0
0
0
6441430
0
0
408618
0
0
2434665
2647272
0
0
0
6037973
6287078
0
0
0
9866
0
2178074
0
6511140
0
0
4414204
0
561
6508793
0
2969784
4700423
2509666
0
0
6120095
0
6615098
3473438
0
0
3256729
0
138579
623
0
0
2730340
5814980
905662
0
0
0
474486
5239896
1739578
741680
1849281
5307250
2477813
924
0
6706612
0
1810664
6440530
4725286
6591133
787
0
5427052
0
252845
0
3510769
6563424
6470250
0
4839289
4938518
0
193913
6210474
5236788
824330
1706486
6608448
3295066
2003917
0
5368887
2242893
3299456
446558
0
3413504
6289353
0
292614
0
0
0
0
5938641
0
0
2867867
0
6725498
0
3599141
0
0
825329
6738108
1324374
0
0
0
0
6560110
6692230
0
802
3489041
0
0
0
0
0
4985962
2999999
0
0
1819222
5162081
4468713
0
87799
3759915
4351193
1503232
3320108
0
0
0
0
0
0
4291897
0
0
0
6209040
0
4726105
0
1718856
4794471
0
0
0
0
0
0
154981
0
0
1741637
4783700
0
0
0
6186654
0
0
4473782
5869171
0
0
0
6515067
0
0
6494850
6416503
2850059
0
0
6688118
0
0
4356849
0
0
0
4784136
1609868
0
5207153
2242309
2830498
0
224222
3068186
0
0
0
0
886
0
0
0
0
0
0
4865263
5198182
0
3923936
0
6482873
0
0
701
0
0
6543478
1458540
0
0
6707660
6590289
0
1948471
1812306
0
2609144
0
0
5142528
416448
2054677
6362999
6801266
6210792
1518751
1320571
0
2510976
0
0
4244511
5268259
3268661
5748247
0
285729
0
0
810691
3506667
1529285
0
0
0
0
0
0
0
6418908
0
3625141
5644404
0
5143946
0
6417032
0
1483767
0
5809957
6327214
0
0
0
0
0
574507
0
0
0
0
0
2364681
0
1270850
0
0
0
3924577
0
0
0
0
0
0
437683
0
0
0
0
6210650
993798
3076028
0
0
0
0
4336501
4154845
0
4292239
0
0
6696767
0
0
5866662
0
0
0
4245114
6280234
0
0
4224158
0
0
0
3782581
0
0
0
0
0
0
0
0
0
0
3848329
5218132
384653
0
3190662
745890
0
3971886
0
0
6007921
3629344
0
6085626
4160139
5963196
0
0
0
0
0
0
989524
6777451
0
0
347848
0
0
0
0
0
0
0
6345105
4271073
0
6630842
0
0
0
0
0
0
0
6348811
0
1239218
5695609
0
1828345
6773299
0
3431644
1772641
0
6402841
3800435
2306282
6513110
0
6220124
0
0
0
0
0
4785021
3666836
5807915
547949
311867
3938826
6723825
0
1777877
3861745
0
6791578
5966167
0
6020846
5517002
5272831
6804799
0
2103665
0
4687563
0
0
2964301
6498892
3496634
4991858
0
3392049
0
6649935
30700
0
3192598
0
944685
0
0
0
5614177
4648972
4751332
3346863
6213895
764691
0
3617151
0
3985470
1535546
0
3999852
0
0
960176
0
6292440
3758669
0
198306
0
5765330
6114754
6367908
4806517
6818117
0
6418607
615233
0
5086555
0
6679422
0
4573801
0
0
5749882
0
1935942
905121
5177625
5923965
676
0
4634080
0
0
6720516
0
3968345
0
0
0
0
5767246
5045017
6669528
0
1039471
0
1309069
4308500
0
6841474
6771721
137206
0
0
1675028
0
2805996
0
0
0
0
709
6646879
0
0
3968197
0
1511236
6095102
732
0
0
0
0
0
3561658
0
0
0
0
0
4021356
0
1484290
759880
0
0
0
0
0
4449248
4125141
0
0
6111284
2678985
1627296
0
6505872
0
6475845
0
0
0
1138374
0
0
0
0
0
0
2058717
0
0
0
88233
0
0
0
0
4280829
0
0
0
4298595
6432359
6428516
437824
6687152
0
4748790
5945094
6693426
0
0
0
0
6528212
4167200
0
0
5440746
6460774
0
0
0
0
0
5750418
5441976
0
0
1830041
0
0
0
4348307
5874920
3080903
2030337
2837655
5560232
0
0
721730
2088407
0
0
4835033
4243235
5928654
0
6660535
0
0
0
130636
4662555
5509593
0
5640729
0
3254371
2420703
6130339
6441278
0
6244825
5032081
429
0
2660400
0
4978972
0
0
6463948
759880
6184147
0
0
3669781
6683873
5323654
5954635
0
0
5094731
4136006
0
3904374
4741487
6682667
0
6679141
0
6485294
2683561
5459172
2205275
0
6372425
6323705
1459726
5165662
0
0
0
5464773
6784645
4699373
0
11863
2730896
1611872
6902460
0
5461997
0
0
6648792
0
4118858
0
2040535
5103973
3681035
0
3692187
0
4839782
0
0
6592933
11
5672742
6184778
736983
3364176
6438406
5882850
0
6435743
0
5546278
6476632
4508887
0
382
5331393
5294811
0
2766935
0
0
0
0
0
3358993
5980371
1211584
0
0
6763732
4197879
0
0
0
202851
6358039
0
6479221
4168292
0
0
0
0
0
5660023
0
0
0
0
0
0
6720070
5675072
0
0
0
6427006
0
0
0
0
0
1295713
0
6187033
0
6313240
0
0
0
3595478
0
2903384
0
689
0
5967578
334
5987250
0
873109
6845035
0
6722389
0
0
6818205
6035235
0
0
4782086
743607
4823137
2676185
6082
659856
5872279
730105
0
0
4674841
0
0
0
0
0
0
0
1372439
746166
4169845
776237
6308232
0
4995234
15
3762164
6482423
0
5906184
6639918
0
0
0
2210392
0
4632099
0
6924510
0
5764818
4825504
4342549
6655849
3883908
0
0
4913720
0
4742615
0
5852015
0
0
1463684
0
0
5517746
0
0
0
0
0
0
5837290
5167073
0
4365765
4265535
1661379
0
2694873
2761927
4521384
4452903
0
5417617
0
0
5476207
0
0
0
0
0
0
4304982
4868284
4780362
0
0
0
2842382
941406
5603962
0
3969049
1155518
5324101
2245061
4639959
0
0
0
6885589
68705
0
2383781
0
0
0
0
2618380
688918
6901705
2332154
4651928
559511
6336342
4015733
379861
4005816
3773575
0
0
6181238
0
0
0
0
0
0
3497020
1874331
5973231
0
0
493623
0
2575065
0
0
6931322
0
5760231
5802659
0
61460
0
5630067
0
0
6783047
2330717
5626670
0
0
0
0
0
4890591
0
0
6087571
0
0
737
0
430244
1868660
0
4757074
0
6283183
314
0
2941831
5960898
4048713
4794966
4003381
5953050
2234943
4361520
2508473
0
4435163
0
0
0
4399147
2869394
3183282
790
0
0
0
102164
6953106
2780272
4486124
1704535
5706249
2553053
0
4732091
6043095
2030622
4733407
1399550
623776
6195951
2177414
0
6201541
0
0
6538233
0
6371588
2230075
0
0
0
341421
0
0
0
1713094
1557056
4616303
7004029
546107
6730095
576699
0
0
0
3157443
3042162
6683784
511
5178516
0
3081232
0
1630906
0
6156952
245530
0
6714095
3318586
0
4138789
636499
6899884
959089
6651946
6200076
6370268
0
0
4465123
6035859
0
660647
0
0
0
3403363
0
0
4817541
0
1343368
0
0
296
941645
0
1971490
0
5410189
6045187
0
1698369
3377534
0
6441876
0
0
5164685
0
134
0
0
0
6969533
0
0
0
0
5704153
0
0
5945182
2800823
0
0
3977017
6436351
6484373
6339659
4573480
0
0
5879309
3984232
0
91143
0
0
0
0
0
0
6423051
0
7001550
5319185
3318103
0
6594119
4744482
6685300
0
0
0
4075229
5437092
3240195
0
4402480
7011956
0
0
5863677
3955538
0
4876346
6439262
0
0
0
6460616
6058092
5319180
5765365
3951947
0
0
0
4638385
0
2458216
0
4209880
0
2291065
3837121
5437100
0
2415350
0
0
0
0
58770
0
0
0
0
5932476
0
39667
6560805
6634720
6952327
0
703089
0
0
4346278
0
5163386
0
4271897
0
2411693
3632031
0
0
0
5554172
5986963
0
0
0
6379694
0
0
5194457
0
3436662
597142
0
2294991
0
4836981
2018537
1266462
0
0
4597053
0
0
0
0
1782488
0
0
3978372
6186817
7474
6656844
0
5781680
3661379
0
516
0
195601
7017636
6946823
0
3731234
0
0
2899929
0
0
2250434
6798459
5653907
0
144648
4088880
0
3191295
0
0
3161179
0
3389580
7016588
0
0
0
3208633
6069997
6369934
0
3684137
6679970
0
5435530
0
0
4632771
545341
3152901
1243217
0
6199399
0
0
0
0
1498327
0
4865099
1219007
0
0
6039791
0
299741
6896455
6433037
1804427
7045893
0
5790662
5904450
0
6573856
6412929
0
0
0
0
6688492
0
254642
0
5355035
6361820
0
0
0
3874557
0
4196488
4796234
3463213
2314441
0
0
462407
0
5086052
2734612
0
2229544
0
347460
4371609
0
6251751
0
4578837
3456280
6891288
5626670
3280629
6457499
5394215
6738817
0
7056214
0
0
0
0
7057109
2497744
0
0
3198868
0
6124372
168195
941981
5856835
0
0
4200160
0
853133
2263448
0
0
0
0
5619112
5265410
1316824
244
0
0
0
2915896
0
6880773
0
3770984
4979182
0
6655378
0
3179894
3654842
0
2244889
0
5977039
0
0
0
0
6450965
1002828
4951675
1478236
0
6412365
6973278
0
0
5460177
0
5455963
5661063
7049880
0
0
6166222
0
0
0
3233628
0
5665409
0
7100766
0
5319501
0
0
0
990609
1287325
6441890
70448
0
6813182
6811577
0
1508188
0
6313174
1045981
7042955
0
6631524
0
0
2140856
0
2613068
0
0
0
2653935
0
0
0
0
3147248
0
0
0
0
2213439
4685530
1187535
5459533
0
5424705
776674
3598037
0
0
0
0
0
0
6253168
0
0
2730127
0
0
1848246
0
6935606
465
4670226
0
0
0
5627037
0
0
5471596
0
0
654
781950
0
0
3442682
62735
4174033
0
6836586
0
2978625
0
0
0
2073929
4994337
5188929
3793786
3379662
6395310
6771300
0
0
4909411
6459933
0
0
0
2782849
1966350
965710
0
6129240
148596
0
3560347
0
2150947
4739883
6087559
6083828
7121795
0
0
1613421
0
6977550
0
4024796
6345756
0
9308
0
0
0
0
0
5107292
0
2719211
987692
0
0
7131502
5354210
5679599
0
0
0
6114439
0
0
7104848
2492235
846198
0
7121967
0
0
4426461
3923285
6977555
4894492
0
0
5161682
0
7089038
0
1155279
0
0
0
0
3888067
5133787
7139278
3961902
0
0
0
6923489
4825317
6837840
0
4939695
6744705
4118461
4521620
0
929
0
0
5043671
1695744
0
3610943
4439401
0
0
0
5945939
995201
1806430
4178014
5941694
0
0
0
4627420
0
0
0
0
6084330
6966162
26
0
3466817
7115895
2486159
0
0
0
980835
62735
1820776
1605214
2789499
3885155
5278314
0
0
0
0
1701047
846
1171768
5655881
0
3222362
0
815004
0
0
2830298
5281481
0
0
389189
7045328
0
524928
6568139
4316307
0
6042674
748433
2956646
6416439
0
4823866
0
248232
2590185
7081236
4189645
0
0
2564001
0
6697646
0
825252
4852168
0
0
0
5419480
851405
0
0
0
2488468
0
3619410
6305403
0
5855165
5282831
0
7115893
6887310
5946661
0
1461718
660955
0
0
0
924
6417626
6866405
0
3483726
0
5617949
1982685
6696531
0
0
0
0
5955810
7058196
0
69281
0
0
0
1618353
6918401
5958763
5474294
0
0
6368528
6369403
0
7014334
0
3894483
4636072
0
3982319
0
0
5736871
0
0
2759407
0
0
0
0
3828209
0
0
4232829
6822002
2325922
2417192
0
4867878
6919777
0
1929441
6468388
0
0
3992889
0
0
3012724
0
2046350
6929792
6376003
0
0
0
0
1215433
0
0
5956710
519
5156765
0
6060026
2646506
0
2820291
30789
0
0
0
0
4816396
0
528319
0
0
0
6040119
3155455
0
0
7009052
0
0
0
5129180
6428921
6269643
0
0
5273926
2033883
6447431
0
0
140841
0
3880157
6704015
2422193
268010
0
0
0
0
7096157
3910688
0
0
0
0
6878004
0
1834716
0
0
6895482
0
5460607
1987979
2781474
1301845
2780674
1912184
0
0
5881945
6182978
0
5854339
4932871
0
6935709
6867615
4491995
0
6385178
3227002
6084075
0
6220076
0
3935971
6930951
1835381
4366719
0
6248541
0
0
0
0
0
6482215
0
5492275
0
194
0
0
602
0
2200861
4924400
444067
0
0
6976271
0
0
6591670
0
2561548
0
0
0
5463356
0
0
0
7153942
0
2690488
0
0
3339338
0
0
0
0
6261042
224975
6523985
0
3551534
4245850
0
3749154
3072871
3485236
0
4752465
4744029
5593904
0
0
0
0
6616279
20
2545022
1073123
0
4020462
0
1397751
6882242
5276545
3786231
0
0
0
3859391
0
7100026
0
0
0
6246602
2619416
4883425
0
6592689
0
0
459
0
0
329024
3368463
5222554
0
0
5457180
0
0
4098301
0
5741864
0
0
6644365
0
6439427
45
0
0
3117227
4586227
0
0
786004
0
6868617
0
0
2314030
1307413
0
0
0
6774582
1459477
6375022
0
7148376
0
0
6870745
6920921
4018498
0
0
0
1501431
5810487
0
3427903
4903973
0
6028558
181
7231232
0
2427137
4036747
314793
0
0
1919395
0
0
0
1310973
3930010
0
0
0
1620599
3017777
5377091
0
7089559
4132462
6704015
0
0
1756676
0
0
5283429
0
0
0
0
6593876
6020634
6374265
7133208
0
176
0
0
0
5365811
6898496
6107954
0
0
0
0
6137798
6993013
6937924
6332256
0
0
1951959
0
0
0
0
0
0
0
0
322433
3985246
2098712
0
6359951
0
6566633
0
1813962
0
0
3635098
0
6127236
0
0
0
0
0
0
0
6197209
6490477
0
0
0
7003685
3706843
0
0
6929838
0
0
0
67194
0
7217460
4715473
0
0
0
0
0
0
7031890
7247513
0
0
6913348
6545986
6745210
95
0
7030994
0
0
0
0
3446412
6494355
7099205
0
0
0
0
4238112
5856707
7044457
0
0
6857811
0
0
0
0
0
6652423
0
778319
0
3195146
3662512
0
0
6901586
1799502
0
0
0
6696105
32212
6528537
2985315
0
0
6442811
4158796
6295885
0
6369667
4786338
0
2589614
0
0
2505940
5015533
0
3552386
0
0
0
2302184
0
0
0
0
683551
0
7244701
3048455
6594066
0
5869719
19656
6247603
3817802
6939379
2168472
7240645
3777858
7126405
2199352
7195586
7155693
0
0
5509271
0
6595835
283
0
6060930
7043809
4340362
7096772
3511075
0
6337352
2689725
0
0
0
48
0
0
6557755
5506668
0
0
4314816
5871221
0
0
2116818
0
822372
3604730
4487773
2858721
0
6690707
5321626
945064
3605806
0
0
0
0
0
0
0
0
1924732
0
5736302
0
2766799
5997415
0
0
0
5202243
0
7190417
360159
2618659
0
5864360
7083488
503
5661530
0
0
0
0
0
0
3347605
3533810
0
0
965028
0
0
0
4053646
0
0
5843745
0
0
5912717
0
0
7252987
3647348
6174832
2815479
5853379
0
0
65355
4852641
0
0
0
0
4731575
0
4341910
3771324
0
7117223
6296213
0
309
6880655
6123637
0
599156
2348320
0
7205680
0
0
0
0
7286332
7124442
4219779
7204751
0
6071409
2233677
3769090
0
5598115
0
0
0
935215
5635362
0
6802883
0
0
2845211
0
1997596
7042321
6159638
0
198628
4103690
7155466
6173275
0
6977925
7151998
5677164
404250
7133568
451
0
541660
5828787
6381206
0
6403784
0
0
0
0
5803710
5452678
4476932
6834129
5339676
500
395
1326536
2722467
2325339
0
0
0
5746380
5590137
6632612
6884279
0
0
3983460
1500820
6913764
6211310
0
0
0
3531354
0
1800361
0
1228968
3478185
0
5039456
3739702
432088
0
0
7246238
145259
3084316
7147653
7020462
0
1859971
3823434
0
2441666
6681603
4572299
0
6306076
7252470
5702776
6870648
2102862
0
0
0
3376790
0
6555696
6855776
0
69730
6340511
450281
0
7207652
4229993
0
1906892
0
1097532
0
5848176
0
6050482
0
383
4128191
4816069
7075045
0
1351356
7328005
0
3155331
809637
0
0
143475
0
1373269
0
4304820
6525058
0
202111
0
0
2843859
2059181
0
6250560
6438250
0
7298363
6691122
0
0
7273208
0
5363607
4259194
0
4116914
1661141
0
2315120
0
0
4573082
0
3085486
0
5228912
6276265
6812935
4090124
0
0
0
0
0
0
5132973
7018491
0
0
7045487
0
0
0
6670052
1405698
0
3931146
4794054
7270156
0
0
0
5320730
0
1223545
0
5951894
0
7115850
0
2024240
0
4648058
1540748
5922302
2507361
6940198
2314841
6096126
0
6423284
0
0
5536360
0
0
0
2251613
4603454
6725727
3631101
0
1081318
0
4898923
0
0
7252337
1855592
6333262
0
5091170
0
0
0
926564
0
0
0
0
0
0
0
0
534580
0
0
6930405
7172884
0
0
3959458
640299
0
0
0
0
1113568
4749740
3927709
4955979
7008553
6742021
0
0
0
5507426
0
0
0
613833
0
0
785439
0
3843981
0
844597
4075149
0
2319779
734838
0
2128980
3981148
0
6522724
44746
4083679
0
0
0
0
0
5255104
0
0
3345564
0
0
0
0
0
7106188
0
0
6850738
4605933
5357799
0
6496654
0
2712973
0
0
3124140
5746960
313953
0
4310046
0
0
5380333
769
2867334
3415040
6794303
0
5158788
3996809
435863
0
1942431
7260422
448
0
0
4616020
4995391
0
6714188
0
0
0
6695335
7348572
0
0
0
0
0
7252488
0
0
0
0
2782809
6528485
2055303
7080364
0
0
0
0
4471529
3139571
3379066
4293274
0
815232
6528537
0
0
6378183
0
0
6768133
6954197
141731
0
0
0
7089922
3284732
0
0
204214
0
6862293
442971
7308562
3397700
344799
1418669
6192795
0
0
679701
6724408
5262181
476
7109459
727
6224861
0
2777688
5502430
0
0
0
7389480
1950476
0
0
7192292
6880929
0
3609367
0
3849624
0
0
907404
0
0
0
6113601
0
0
0
0
6836966
5489795
0
0
0
6933707
620844
5348302
924398
2502723
0
7382968
0
2701756
0
0
0
0
0
30056
3968221
0
0
3570040
5936716
0
1607007
7378024
0
2980439
6158801
6327330
7410307
1878883
0
172546
1459972
0
6334985
251985
7020980
6956509
0
5048861
4659221
6773877
6722746
118375
0
0
1637521
6161866
4916458
6931337
0
0
0
897106
5924270
0
0
0
0
72790
4867548
6410312
6711105
6372021
4402164
0
0
5499485
4612738
5889448
3742025
0
0
0
0
7090534
6715400
6391411
3766881
933
0
0
0
7195079
0
0
5983688
5850664
0
0
3963736
0
556825
3265658
6184432
4196923
2543158
0
7396383
0
6570368
2149730
0
0
0
0
0
3288870
4506769
0
0
6907190
0
0
0
0
0
1939517
0
0
509
0
0
0
4417464
2349976
7120868
0
0
7269684
6868010
0
454313
0
0
6228876
0
405574
3813249
0
7429906
7249876
4635165
5841452
0
0
0
0
5914515
6512380
0
0
0
7366672
7061371
6463164
1863016
0
7020291
1452455
4230001
4569570
5801605
0
4998872
0
6270401
0
6343173
7357943
6707451
6589214
924119
3450670
7040530
0
0
0
6514196
0
0
0
0
2889042
0
0
6650403
0
438529
0
4909401
6477461
6931322
0
5642445
6530439
0
0
0
1551893
0
0
5676766
0
4321051
470179
0
0
1261478
6730492
0
4879117
0
7053572
314263
7025140
6318292
0
3166837
0
4679184
4205836
2454206
0
0
0
2971408
0
0
7122116
0
0
0
0
0
0
0
0
0
7432644
0
0
0
0
0
5277972
4601294
0
2422926
1910309
7086088
0
0
0
0
0
5058031
5541080
3944188
0
0
7378429
7398220
3803092
191
2088757
4770851
0
4153892
0
6682183
502458
7172332
4292019
0
6389993
2353453
0
4896774
3448105
0
6670028
0
0
6000543
0
0
7482043
5863066
1778944
3958069
0
3198885
0
0
7451386
0
7430528
0
0
0
6498923
0
3787665
0
0
0
7343855
7418930
0
5259414
1810940
40296
4376995
0
7062533
0
0
0
4813342
6815461
0
6020256
0
6770818
896139
1887082
3355820
2576091
0
0
1458452
0
3217724
394555
246
5758695
0
0
0
194
2191423
4447926
4167659
0
1651785
0
0
0
0
0
5048908
0
7218483
5311348
4148230
0
0
0
122
626947
7269147
893
822952
5398143
0
0
0
5144707
2543583
0
2682427
0
0
2602064
1147357
1560911
7451809
0
0
0
0
7111932
2033771
5084368
6698367
4796310
0
5856444
0
0
7492335
0
576157
7094915
0
3877637
0
4983370
319234
0
3332976
3604380
0
3977391
1574165
3199602
0
121256
7265258
0
7510528
2441809
6983535
0
7247959
5939547
4510070
0
0
6932824
4241131
0
6274483
0
5985009
2689696
7495911
6869435
2485282
5661321
0
3642793
5145358
0
0
0
0
0
6079174
6181231
2101126
0
0
0
0
0
0
4587790
0
3697260
6271804
0
75073
2929096
0
6934462
5171472
4042643
3571717
2095885
7377976
0
0
3027653
0
5601866
0
1329337
0
495486
6190933
5532911
7548257
0
0
0
4191453
0
982217
0
7099128
4326934
2385351
5531199
6609572
6682667
0
0
0
7005582
0
0
2956231
6441581
0
5585307
0
1517826
1033825
0
7514464
2632520
0
0
0
0
0
0
0
0
0
0
6926713
0
0
2623647
617776
0
0
0
2845181
0
2520881
0
6529718
0
1697102
0
0
4371934
0
0
2417657
6218332
0
6439571
0
0
5973392
0
6631031
0
7048104
6701834
5244927
0
1675262
6464235
3886470
0
0
3403643
6699333
0
0
6499569
0
5267249
6518025
6351961
4872269
0
1935711
0
1728550
2211663
6065393
7205050
1081019
5530713
0
0
860371
5742878
0
0
0
0
5222428
0
6492712
169365
2552902
0
0
0
5993450
0
4007006
0
3255909
7381392
4673000
7515695
0
0
5095036
36878
0
0
0
0
6961169
2781149
0
4427990
0
3511412
0
3964177
0
2165102
2278573
0
0
0
0
827200
4734861
6760187
0
1692310
5776859
0
801
0
4217070
0
2107106
7527769
7070324
0
0
0
0
5469614
0
2209377
2954451
0
2783132
2457034
6034201
0
7477412
0
0
5104827
2825194
6665073
0
2615328
87
3526532
2929334
0
0
5631027
0
0
0
0
0
5812929
5315035
0
0
7222642
5971257
0
1457827
0
0
6886320
0
5096955
7335940
1669355
0
0
7143426
0
0
0
4430962
864002
0
6780636
2983039
5367157
3707577
0
0
470
7529129
0
608915
6702523
3666533
0
0
5842388
0
0
6670296
318053
6844261
3553726
0
0
0
0
0
5084563
6395957
2738114
6891587
0
0
7214620
3618478
6960809
5998541
7457046
0
0
0
0
773
6812365
7534520
211476
0
0
347821
7388111
3889712
4524499
4294766
0
7536478
0
0
0
2733455
7568890
30
6903644
2947571
0
0
6906330
4383908
0
0
72866
361
6235702
3927665
5847940
5141080
0
5208934
0
5920435
0
4237744
4985710
1005116
5162867
6063184
5519560
0
0
0
7174423
3360128
4229741
6546673
0
0
666435
1674651
4930632
1330560
7582625
4930922
0
0
0
2635307
4518490
7590533
0
2212331
3591508
0
1069615
0
6975673
0
582922
0
0
0
0
602
7562648
1469562
7500117
0
0
6254506
6293014
3902876
6318507
622
4047455
0
0
0
4765961
0
6792250
0
0
0
3769827
0
0
6605443
4325475
0
0
2400033
60713
7099797
5146500
0
0
0
3619792
1195815
3611585
0
7103619
2160709
2527544
4984103
3278915
0
6320872
0
3351396
0
0
0
0
2593796
0
0
2782742
0
0
0
0
1293162
7409973
0
0
0
261109
3805531
0
6592469
0
0
0
301879
7033487
4319035
7528402
0
7411650
6200083
0
6296213
6795596
0
0
1727574
0
5820622
0
7460709
0
896247
0
3031226
1761956
7235740
0
6110547
2122411
5205338
7247954
0
3907260
509830
0
0
5535497
0
7643878
0
0
0
7014157
0
3654617
5956495
273
7495443
0
7525590
0
0
814814
0
0
4987325
0
7503794
6146056
7531651
4412513
7569592
973960
0
0
0
0
7203094
0
5977248
3182755
4628741
0
3989513
0
0
0
6795361
7561851
4759999
3924962
2980560
0
7501017
4435803
5659070
4723322
4962000
5405042
0
0
0
0
7208177
0
5091997
0
0
5046616
0
7580990
0
7393000
0
7334038
6803674
0
0
2724757
5919790
0
0
0
0
0
0
7567608
2949334
0
0
4241174
7630395
7641220
5663775
2813011
6199140
734043
2109886
0
0
0
0
5905723
1523823
0
0
0
0
0
0
6592559
3980908
0
590
546008
5691899
137
5901767
134374
3532372
2059104
1948334
0
0
0
0
0
0
0
0
0
0
0
5060047
0
6695595
0
0
210986
0
0
7163864
0
0
6817950
0
6436226
0
0
7445222
0
7683677
0
7675749
0
6374802
1097502
491592
3134143
5364030
0
7681397
3811427
5858371
0
2286730
0
4508875
141321
2661360
2283579
0
5546201
0
0
0
7335337
0
5196235
0
0
0
0
3944362
4032807
642
5914209
7501936
4282598
6408807
6003808
7425247
0
0
5599846
3268744
6143471
0
442
174131
0
0
0
7617215
0
0
0
6071872
0
0
6985033
3311391
0
17839
0
7622629
0
0
166466
0
3601286
7447925
5015421
0
4020346
0
0
0
3565953
7504570
4002946
7101186
0
6090753
0
0
4610220
7300661
0
5880800
0
0
5406164
5759213
0
0
0
4571436
0
0
712790
0
0
0
3472279
0
0
0
0
0
0
7582938
0
0
7355316
7630513
0
2869782
0
7449787
6079806
0
0
0
0
0
0
0
6918883
0
2127694
0
0
7578418
0
0
0
7372406
2639771
7595391
0
5152273
0
4796219
4483078
2863945
0
0
0
0
102287
2917186
2884079
0
0
6367770
4505216
0
6465522
7232379
0
7649568
0
0
7575888
0
5149175
0
7549453
0
2495625
0
2622120
0
6883718
0
0
5545479
6881149
0
6755926
7382523
5002767
0
0
4215637
5625471
2630892
0
1240398
0
6899195
606
0
0
430354
5623336
0
0
0
7399694
0
0
7545624
0
2609209
6706587
0
2408558
5237722
797200
3045547
0
0
5328660
7556749
3019114
7005613
7561615
7491657
7572855
0
2398018
1085085
7423030
0
7213014
4826797
0
6899495
0
0
212769
2658939
3961563
0
0
7217104
0
1447080
7136022
0
0
0
4112628
0
0
7729174
0
0
0
6911079
0
2451569
0
6273110
0
51739
0
0
337810
0
1905778
2249663
3158198
3212166
0
5971539
7098078
2820513
6850848
0
0
0
1729632
7329694
5625791
0
0
7466614
7599279
725279
0
0
0
0
3398201
7566753
0
924126
0
2115830
1644370
0
0
0
4689286
0
6376457
492274
7637192
0
3739788
0
4505637
6605128
6932296
2051871
7046397
0
0
5961405
5526475
0
7413697
0
0
0
0
0
0
2855563
7037728
0
1431094
0
4070175
0
4867561
0
7039978
0
0
5308131
0
4829925
6964400
82669
4093905
0
7113486
1993890
2146923
7785820
4956391
0
3843700
0
3833763
7252097
7519697
7046156
0
0
2619321
6284316
0
0
0
0
3971367
7391794
6556498
0
0
0
0
0
0
5861830
0
0
0
173807
80
0
7161830
4793841
3269176
0
0
0
0
6820779
616684
5409773
4446545
0
0
0
4771639
0
4614897
7725619
0
0
178
0
0
0
0
0
4860154
0
1132132
2038910
7736929
7719695
0
7683585
4792506
5706271
326230
0
4418306
4851701
0
0
0
0
6177965
0
0
0
7609378
7619026
3004220
0
0
2820116
0
0
2282648
7347453
6897308
5618833
0
0
7784222
0
6352039
5285204
0
0
1846486
6063064
0
1264248
6084803
0
6519858
0
0
6441826
0
7783854
0
1914756
6768064
3621260
982719
5546851
7356370
1777116
6287787
0
6110822
5543934
512222
0
231387
0
7318849
4563816
4328959
7240212
0
0
7210325
0
6159885
0
7816527
0
0
2364992
603
0
7698933
0
4996862
5561105
0
777033
3013010
3121385
2137440
1299050
0
0
6719421
0
0
4075735
0
7326387
0
1557017
0
0
7652294
0
4701461
7714505
0
0
2254341
6312668
1068978
0
0
3385392
4181317
0
33545
0
7709916
2752015
6650566
0
6697415
0
1330675
7820799
4865741
0
2928751
0
0
260832
0
0
0
0
0
4188350
6051339
3430390
3926543
0
293786
0
3924002
0
0
4953630
7618279
0
7451142
7043782
7350502
2533224
0
6928302
1680473
0
5572161
0
5738494
5922346
200635
0
0
0
4382077
4127912
0
0
0
0
7169495
0
5936506
0
3021973
0
0
0
4776670
7799807
2071942
0
5141309
0
0
6899689
1273793
0
0
0
3833168
0
277019
6511245
5925928
5683584
0
3414187
0
0
3949780
4695016
0
0
0
0
214374
7422557
7801994
863
4962473
0
0
0
3813636
7751573
0
0
7001432
0
0
0
2624431
0
0
7291612
0
5126349
3446778
0
3050296
0
249496
7596269
5979539
0
0
0
0
7525179
0
0
6821455
0
5211748
0
1058716
4737962
0
0
0
1836086
2962466
965584
0
2425632
6818083
0
1181836
0
0
7711264
0
6981368
7743860
7636892
4686825
0
4963101
7482424
0
685812
3701142
2666137
4932596
0
0
0
0
0
0
6857543
150898
6463765
0
0
7305271
3246674
0
7229643
7266660
7583893
4413893
6853554
0
7857503
0
7089346
0
3431237
0
1730206
7019838
5805112
6174744
0
4297669
1389620
0
0
4447781
0
6464186
0
0
3921418
4313834
0
7429110
0
3091621
0
0
3168394
1348859
0
3606862
0
0
7856400
6157067
0
0
6703272
5803491
7092221
6350763
356487
0
1429906
7360648
1959024
5127375
0
1652823
6647884
7709326
7775731
0
7637076
1722909
0
2533656
0
0
2479554
4541518
2531599
7622830
1704551
0
4745742
1500123
0
6395937
0
0
7494025
7271120
0
793892
0
848408
1600580
0
0
0
0
0
0
6688245
0
7160273
0
6277571
4188911
0
0
0
0
6367914
7249964
7890364
0
0
0
6955285
0
0
0
6905966
0
0
0
0
592452
7579504
3982055
0
0
754
796901
0
0
0
6673640
328539
0
6169819
7837791
5418312
0
7545852
0
4926657
0
0
3703020
42361
0
0
2202169
1246294
0
0
0
6259567
0
901386
1801964
3545488
0
0
0
5310266
1675
0
0
7676458
0
2703728
7785838
7878970
6037120
5786830
0
0
5121512
7715684
0
2370389
0
1831122
0
0
7169904
261538
0
0
2071625
0
0
0
0
5823347
7378179
0
2849326
0
0
4669853
6000877
6763982
0
7135182
0
0
6343571
0
0
0
0
0
5855204
6141911
2225968
4210824
6776736
1083223
5678552
0
1575081
0
1435253
0
1273843
0
0
0
0
7933303
2881041
0
0
0
0
896182
7849023
92383
2165533
0
6886242
2968248
0
0
6788147
0
0
4945742
7857903
0
0
0
0
7180605
1893423
0
0
0
0
534
0
7850473
0
4982538
0
0
0
0
0
0
2834628
0
0
7887263
0
7110818
0
0
0
6489848
7055118
4584307
0
0
0
0
7666033
0
288
5062380
0
696379
7450304
0
0
0
0
703
0
7726367
0
0
7069061
591
1562942
0
1271985
0
6170498
5045884
4549423
0
0
0
7687342
0
6837416
198304
6578488
1086276
5334615
6616600
4759780
0
3890466
5210349
922738
0
7432815
4642539
0
5595799
2166772
0
0
5804858
0
1267795
6341887
4179888
0
0
7868301
2865427
103196
4151006
0
0
4893328
0
7896803
2996441
0
2436071
0
0
0
0
0
7702079
7003833
7197988
899269
1653782
5811899
3175929
0
6133331
0
0
7014745
6202143
2693544
6464077
0
4344238
5618454
7680431
3905678
0
7620738
0
0
0
7793139
0
6411059
0
7774717
0
0
0
6857150
0
0
0
3649557
2631289
502928
0
4396306
7671440
0
7713018
5845436
7864591
0
0
0
0
0
0
7111193
0
0
6422775
3971268
0
0
6972332
7791498
1290282
0
2996842
3179930
0
5106363
6822932
7611941
3998792
0
0
5259831
0
0
0
0
0
98100
7492024
6215602
0
0
7502859
0
7935875
7076401
0
0
0
0
2121244
3327764
877591
0
0
7505812
0
0
2740820
940
0
6734812
5894686
4419458
7988416
0
4179987
5850818
0
0
2968319
0
4346146
7795068
0
0
7326188
4953469
0
911754
0
0
1083873
0
0
7383139
3520316
1109568
580665
0
7366680
0
0
4821964
1145912
4747466
5867274
4898799
0
0
0
0
0
0
626091
0
0
6300691
0
7934201
0
7667900
6803364
5814339
0
7354487
0
0
5984385
0
0
0
7892942
551051
0
5809420
0
0
0
7729690
7359693
77821
0
0
0
0
0
0
0
0
3923459
0
0
0
5085307
0
0
4981104
7590052
0
0
0
0
0
0
5891204
4835426
0
0
0
3771827
0
0
4190963
501
7933311
0
7908856
0
7817205
0
0
7070540
1946534
5910040
0
7870356
2075363
0
0
6646456
0
3750405
0
2794919
7225106
7361711
0
4303643
7665310
7918353
7357138
0
0
1565727
0
3652436
0
0
4686334
0
2867907
1287235
3585317
6955347
0
0
6426865
0
0
0
7810569
0
7589797
6828405
5333538
0
4351842
1809016
3768901
0
5763814
7736967
6888796
2517723
0
0
7595682
6142606
6993612
1951136
4935692
7226463
0
0
7574721
7979740
7070544
0
0
5546285
2726928
7697795
0
0
0
0
0
5028824
4834947
3438523
0
0
7631302
0
2672937
0
339
0
0
0
1648857
0
0
3991845
4698821
0
5780585
0
0
0
7742100
0
0
1088071
5913484
7459134
0
0
0
5760798
0
0
7090661
5121190
0
0
2531967
5850459
0
4855365
0
5116562
0
0
6494191
0
0
0
0
44
0
0
0
0
7473549
0
0
0
3441386
453
0
0
0
0
5678048
6797205
0
0
7987581
5119540
74
0
0
7564650
0
5588071
0
3342508
7058912
2545338
0
0
0
0
633892
293229
2809159
7650852
7116247
0
7933433
7158357
0
0
0
0
0
0
0
7861163
6940101
0
1822000
6328203
6447599
0
7041249
1932638
4541648
0
5435999
6344395
0
3079275
0
0
5321945
0
571033
4288935
1555636
1434772
0
0
0
3399236
4821752
0
566702
1614673
0
5052508
0
0
402031
0
3165587
0
6385776
6677569
3313821
6647779
755490
0
1497887
0
3541989
0
0
7978694
466141
1520723
6079016
8000539
0
1697367
0
7596471
5635241
7963346
0
0
5292627
0
7110792
0
0
0
3459105
7667912
6581695
6152921
0
3811574
0
0
0
6259383
0
0
1348337
4432204
0
0
3389740
0
4714633
6973951
6502557
0
7742118
0
7662102
0
0
1471415
0
8058554
6431851
5685280
4963995
782361
0
0
0
0
148935
648786
7827058
0
6889070
0
8010533
0
6869154
5452980
0
6133324
0
7427819
7777858
6084951
6143121
2644749
0
6381672
0
6379244
238200
0
7598666
7705028
0
7761579
2114226
6840056
0
0
5089761
0
2123268
2466177
7271197
6546190
1372346
6734994
7817235
0
6734688
5369043
5861477
6038064
6509575
0
0
1229555
3025204
6904932
0
6719575
18053
0
0
2980842
0
7093535
2273338
0
119275
0
7983389
0
0
0
7854931
3175327
1021957
565150
1473320
0
378620
6130924
0
452596
7778456
2543942
4585837
1971048
0
0
0
1103254
5944840
7388681
0
4120132
0
0
8048517
0
0
0
7103205
0
4949747
1384192
0
0
0
0
6762961
0
6813260
7599089
6481443
2650439
0
0
0
3394781
0
4639956
0
0
0
674627
702225
0
0
0
7215555
0
0
0
329
5848732
7424422
0
0
1334572
3500753
4241418
5620616
7212
3988762
0
0
0
122624
0
7798973
0
8052542
7679541
0
7993475
0
0
0
0
4721517
3466250
5694685
4291544
0
749251
6449079
0
0
0
2742447
2548419
0
2995148
6160916
0
6767785
0
0
0
8000689
0
5290351
0
1230541
0
0
0
934200
481185
5058361
2838832
146376
0
0
0
0
0
2010054
0
0
1260575
1886870
1421787
491331
8095796
592
2828799
6762747
0
0
1834242
3103712
6173472
498809
7052347
0
0
0
1116642
6592417
55806
6376766
0
0
5373135
4729211
1418178
3816880
6733935
0
866869
0
0
2702087
0
0
2991652
0
627
0
1853054
0
5547224
0
0
0
7136748
0
0
0
0
0
0
0
1394220
59243
2895597
4591238
2051545
4390464
7616276
6082904
0
0
5368587
6877508
1748002
789
0
0
0
1596460
7842484
8024709
4015161
0
0
0
0
0
0
4535606
1347809
0
0
0
5333430
0
546679
2876128
2501413
3356196
0
0
4636836
6790159
8052495
0
2493098
236390
4126317
7126292
2835932
1952647
886008
0
7175189
7600939
0
33545
0
0
0
0
0
0
0
0
0
653627
4336927
6715474
0
0
0
7541563
0
0
2468894
0
2243250
0
2314915
5971631
7101713
0
1645880
20721
0
0
0
5658791
5407129
0
0
0
7997961
0
0
0
7993659
0
0
7761582
0
5016862
5973377
4506918
7777425
86195
6047394
0
7617282
5034107
6407015
0
0
690720
6410269
7229243
2369628
6427012
0
6663191
8081876
0
7120226
6327597
685163
0
5739215
1111258
1219561
0
0
0
4568311
5946359
105759
0
0
0
1632124
0
0
3153964
0
5230138
8055388
7784032
3386496
7661389
7843583
792
0
0
7264811
8161498
0
0
6732374
4677049
5061684
1340707
7234366
0
0
3038250
0
7667770
2057436
7516162
0
377605
0
0
6643103
7289111
0
0
5531670
715133
8185161
1619153
3642961
4196585
0
7946972
0
0
0
996325
0
8061794
0
8036621
0
0
4379033
551130
4974611
0
0
0
0
7074048
3458974
6342510
5468914
305
0
0
7829951
0
0
2326920
392806
0
0
0
1002983
5425420
2273552
2849000
1766079
5909133
6584302
0
1527116
0
0
0
8101656
0
1676831
118
7214608
0
118512
7193894
5920530
2332948
3198223
0
0
447482
0
4694168
8174389
0
0
7677911
3840427
0
5204033
0
3997906
0
0
0
0
0
1421911
0
0
0
0
0
0
0
4813794
0
2356732
0
0
6570234
0
6310625
0
0
8170513
0
0
2477323
7245159
0
6565420
0
0
6035189
0
0
3110700
5882223
7542897
0
142162
0
3292324
0
0
0
455183
5240414
6926472
7059795
0
6365750
6980037
0
0
0
7195997
29156
0
0
6551224
2352858
2575936
7457682
6329354
1833187
0
2046650
0
3311326
0
0
3976698
0
0
0
7142490
0
6870012
0
4213428
7490950
0
661945
0
0
0
3313480
0
0
7893424
0
0
0
0
0
0
0
0
5390
7620491
0
0
7381390
0
3552168
8176779
0
0
0
0
7134803
2636947
0
7609242
4631867
1635353
7762580
3019407
0
8084153
7877997
449365
0
848686
6586529
0
6864459
7780220
0
6769080
0
7914434
0
0
0
0
1838379
0
0
3058804
7756452
4892230
7950035
5932193
7951174
1369444
4922989
0
0
1678527
0
0
2531709
1637661
3692837
0
0
1586010
0
1032033
0
0
2260630
7305552
0
6292401
0
934200
7280193
0
0
6087196
6244858
4560634
7971131
4046269
0
6170050
6124212
2433282
0
0
0
0
1142542
5597108
7948309
8146779
2616851
5142233
7695026
0
1824721
0
1144267
0
0
1119190
0
0
7043348
1474242
0
8182646
0
5503845
0
6227121
1618656
0
7453134
4678383
4373100
4312103
0
0
7694150
2466304
7288889
0
0
0
0
0
5319150
402898
0
7997841
0
0
7871588
3163213
0
0
7770210
0
0
0
0
8085314
0
6277636
4290234
3589120
0
933735
0
0
0
0
6952536
0
0
7501787
7332951
0
0
8141086
6190096
0
7743139
6486300
5474614
0
0
7460457
0
4189004
0
7639565
4821245
0
6029695
7168479
7178176
0
3969233
0
0
0
7673479
3158755
5595830
7237929
6131464
4092782
5848757
7539586
5387743
0
2725712
7904324
6182850
0
1071784
7206992
8142931
0
45620
3936370
1290652
7795015
2817380
1602381
7869897
0
0
3370264
3405059
7620545
6141563
3404286
8253502
0
0
4831696
0
0
0
921514
7421514
0
2683909
0
3188267
0
0
0
1478116
6727367
6158732
7628300
8020755
1601169
1639400
920980
0
7742946
0
2214189
8074980
0
8090027
834591
7701395
3198391
500057
4198474
7874153
0
7706129
6511398
0
0
0
2438736
0
7812592
0
0
8164408
1263371
4187132
0
3484610
0
0
0
4342321
0
5185867
0
0
0
0
0
0
0
0
0
6526550
158223
0
0
3030027
0
6884745
6009374
0
2236330
486843
0
0
4371808
0
0
593831
0
5086320
6245122
0
6239321
0
0
0
678270
6683635
7118754
0
0
5870195
0
0
0
8130452
0
6494705
7096146
7752841
0
13245
7949889
283839
2742661
0
2623637
6864412
0
0
7106443
7648521
0
0
0
7798782
1749339
0
6084952
4193898
0
0
595
7976844
5967522
550771
0
0
5995781
0
2217973
5921349
0
7005539
7606188
0
5123623
0
0
3617345
0
0
0
0
5733328
0
0
0
6147608
0
0
5540006
6133548
0
6483463
3709307
0
265725
0
0
0
7433131
2878290
8183610
0
0
0
0
3065479
0
7467394
8007326
0
220828
0
6426670
5582259
0
0
696
7905533
250252
3938246
3858565
0
0
129581
5883728
421570
6957401
602
0
5894623
0
0
2925818
0
0
7759122
797
0
0
5748729
8218912
7539069
6099484
0
5669297
0
499
0
0
4728148
7659494
8083353
2229100
5395907
0
0
5246725
2686825
3598274
0
0
1141648
7407611
7048098
0
4758628
0
8051072
0
0
3386089
5085179
8184518
0
7621040
7597344
0
0
0
0
0
0
360682
0
6505163
2005630
0
0
0
7068187
4518626
5020567
0
0
7950303
4280187
3817601
0
7464031
2020366
5680549
0
5293058
6248557
957251
0
0
0
0
7571836
0
2692954
6681682
8361370
0
0
0
0
0
5890081
0
0
0
0
0
5052112
1502142
0
0
0
8232238
7384398
7969472
0
0
0
6523265
7872710
0
6591659
6547490
0
791332
6697857
0
0
3326455
0
7452959
0
0
5101314
589641
2378285
10467
0
0
0
0
6148816
0
8159605
0
3811491
0
7275734
2837443
0
756896
7414363
5976584
0
0
7482591
6246150
0
0
5368179
7732853
0
0
0
0
6769802
1717158
7802201
0
0
0
7931439
8366123
7415116
0
748006
5276425
0
8383258
6380801
0
4208807
2448666
7178135
7160287
0
6198256
4982364
0
2753949
4749048
6344044
0
3853640
7717109
0
0
0
2725184
0
0
7908515
0
6860380
0
406778
0
3524076
572097
7678082
4243648
336860
0
3562120
7650766
8234161
0
0
7016949
4929496
4221113
0
2939226
0
0
0
622
2153394
4170327
0
1153801
0
0
0
0
0
1583059
6524224
0
0
0
4940744
5046616
6378084
186581
0
0
6565020
0
0
4383019
0
0
7413865
0
0
6984524
0
0
0
0
8167677
0
0
0
7664927
0
0
0
6375596
6952519
2531294
1561439
3378665
0
2496028
0
0
0
0
0
0
2281809
0
1142447
916886
3059035
7976147
0
0
6630040
0
157709
6923760
6742386
4266424
0
0
0
0
7962307
140502
7577617
0
0
7583783
0
7777704
0
7120982
0
6580363
0
7267749
0
0
0
3187651
7874693
8175467
0
7253061
1888648
0
0
905408
4712457
1713077
5384587
0
0
0
7846191
7196617
5061007
7087540
0
0
7896128
2349134
1038348
0
6797522
0
7320830
6229495
0
2328984
7903205
8212987
0
3539026
8246713
4925543
6632323
8181287
146
7305492
0
7576696
0
538182
0
0
2895161
0
0
2325239
6286221
0
0
1815932
2134667
7035229
7896619
7044370
3078602
0
0
5810307
1178771
7949479
3465081
0
5602766
3174809
8170315
0
0
0
0
0
2751235
0
0
7339154
5326056
8445150
1103036
0
0
5393619
7949064
4983370
3691482
4755929
456819
8122177
5821054
0
6704171
5153352
0
0
0
0
2177225
0
7054878
0
3922546
7581597
0
6170992
0
7641661
0
2768624
0
8415182
1387298
0
0
2765715
4625994
5287609
1076612
0
2844204
0
0
0
4944434
4866758
0
6116660
2266484
7201753
3462301
6101318
0
0
0
8112316
0
0
5959036
0
0
0
4830692
7349892
871837
0
0
0
5535434
0
0
4798597
1134830
5169392
0
0
0
0
0
0
8259230
0
0
157
0
8292261
0
7537462
0
0
2671480
0
0
7490255
0
0
1895086
6084951
7035958
0
0
723
0
8022437
7896533
0
7694220
8135978
0
1053123
0
7094394
0
0
0
0
3176868
7165759
0
0
0
5404235
0
4133536
0
0
7287877
0
5791819
0
0
104001
3100791
2107606
0
7501018
0
7987172
0
8232223
0
7472013
7230887
0
0
0
2897996
0
0
0
0
218887
0
8156866
0
8101253
7852716
0
0
0
0
0
0
7707239
3875774
5179015
6432429
0
6216209
7001218
0
0
3505974
4167453
4823955
8452647
50
0
5836739
0
0
2071543
0
8020556
0
0
6681414
0
3930794
8345779
0
5714497
0
698323
0
0
7692207
0
7902105
7442251
2666839
2978390
7989102
0
0
0
0
0
7958873
8441596
3577681
0
0
0
7518079
5907346
0
0
0
0
0
2983580
0
6234572
0
0
8274064
104239
0
0
0
0
6077423
4288245
5095112
0
5984149
4735436
0
0
0
0
0
0
6108674
0
0
7240676
0
4418038
0
5600650
1537956
7177790
0
6265794
4350646
5997240
0
0
6533348
0
7974262
3766227
3961881
5570778
8382289
3709552
6770136
0
0
0
0
0
3220508
0
6491709
5203913
0
0
0
7726361
0
629385
0
5191553
6553576
0
1774828
0
1778139
4679641
6437476
0
0
0
0
0
7947841
2940929
0
0
0
0
1411195
6837831
0
8438783
5072369
0
6000407
0
768597
5028327
8435737
0
0
0
0
7948735
3098828
2869496
5177978
88980
0
7527419
3273955
0
0
7529537
4824646
3906161
0
6937468
0
8516702
0
6222138
7875642
0
4651807
0
0
8517771
0
0
2774516
7525070
7800506
0
807837
7428519
657100
3891013
0
734125
0
1171725
8066834
0
0
7984063
522254
1212482
7203449
5660028
0
8512546
437
1946975
5548571
0
8476973
6221951
0
0
5283783
0
0
0
6398958
3403652
1558939
0
0
0
5391583
0
5839278
0
0
7247456
4725441
0
0
0
8311632
1962864
8178041
7039563
6173881
3574310
0
0
6123955
0
3582053
0
8333225
0
0
894
364252
1755913
2537933
0
2902269
7885256
7405278
0
0
0
0
0
5915638
0
0
0
0
7405476
0
0
1882593
0
8203543
3362033
8286584
4722124
196189
0
0
8164024
0
8318194
2401514
8510745
1048472
0
0
0
0
4891102
0
0
3904570
2441178
0
6057041
4745965
0
0
6741965
0
3605016
0
1953245
7576946
8083131
7427335
4985077
0
1157161
1819846
0
0
8143052
40038
1604386
0
1723314
522386
5700699
6296642
6947146
0
862
0
0
5229733
8449419
0
0
0
7417329
0
0
0
0
0
8324025
267737
0
0
8255614
6500274
5478890
0
0
7420809
0
8504948
0
0
0
6864053
0
0
0
6084998
1465239
0
4840209
0
0
0
0
1553149
712706
0
0
0
5116450
0
0
0
0
8278795
0
0
6989462
0
0
1791439
3993553
0
8312202
7766950
3540382
0
0
0
8235967
5302690
7035080
0
3702829
0
0
491
0
7336648
578821
8205947
0
1714782
8470429
0
8579338
0
0
0
298071
0
0
2157630
0
3934105
0
0
6873275
0
3908840
8418894
0
7580451
4161701
0
0
0
954906
7352279
2531387
0
0
0
0
0
0
7982495
8156873
1538480
6452868
8382585
6583665
3122008
0
2662866
5075365
2446849
0
0
0
0
0
7964313
2968145
6869516
5538193
0
0
6742312
5026306
8252555
8461099
8211053
0
8547662
0
7174416
0
0
0
0
0
0
0
7268359
3456448
2723422
1282969
617740
8163296
0
0
8352567
5292276
3368628
0
6230371
0
0
0
7321046
0
6352226
7378226
0
0
0
1833255
0
4828225
4477330
0
0
4680248
8352362
0
7815896
0
0
7181999
0
0
0
0
0
0
8519305
8126321
0
0
5929922
8337619
0
0
0
931060
7642957
8339135
7523869
0
0
0
0
0
0
0
0
0
0
0
0
0
0
0
0
5074689
0
4287279
4230339
0
609005
0
0
5555936
0
2356482
4935961
7639908
0
2633256
6882401
0
0
0
513778
8168831
1246573
541752
0
5290426
1379353
6696495
8198989
750
8328121
8581709
8086950
4562470
8153217
6117186
0
7841787
0
7235344
7067063
3165205
103178
2094629
0
0
5808961
1128585
0
6713744
0
2056424
1475950
6523574
2026435
5459129
1535292
5382569
0
0
0
5062960
0
2893791
0
0
970850
0
7627238
0
0
0
5699310
4311371
0
0
0
5934879
0
6398933
1008876
4758473
7883348
1538126
0
1682588
6285544
0
0
0
0
8484283
0
4222162
7643709
0
1518188
1760615
0
145132
839
4508704
8312183
0
0
0
8479209
8446831
0
5526220
4028706
2359043
0
0
8436437
2324445
0
8134008
2932368
5375592
0
7649845
4194607
0
3461633
8561703
8517081
0
8254587
6524264
8377680
0
4746511
841933
0
8603331
0
0
6131613
8546984
2646643
8305344
0
376641
0
8545386
6771067
4575758
4082154
0
165055
3349259
6188806
0
106422
0
7945590
0
0
0
6898752
8266441
8301374
5483486
0
7155219
0
7614810
0
0
0
0
0
1482550
0
0
6511056
5803079
6402636
2088341
557
3686756
7765649
1676976
8249298
0
0
0
0
5408527
0
6913875
0
7138590
0
8483908
0
0
7963491
7603545
6403900
410
0
3642348
47
6991240
185696
0
0
0
0
7635530
0
0
0
0
6581617
0
2569227
0
0
7549561
7413807
0
3993379
6966617
1609127
3028324
0
0
7654250
4076568
0
2785608
0
0
0
1287627
0
4143107
0
0
0
8316614
6119116
3544118
0
1313012
0
0
0
3947508
2980424
0
3845265
0
7595512
6900161
3321158
4308160
6510988
4965492
8161710
6087751
0
7887426
0
0
0
8471233
6075721
5696150
3661690
0
3275488
8452881
7242260
3060765
0
0
0
5136483
0
0
0
4238752
0
0
0
325564
3671354
4477653
0
3777369
0
0
7813516
8403692
0
8332693
1756915
584543
0
7930720
0
4336949
8251751
0
0
7639267
7246436
0
0
0
0
6991203
0
6755264
8559954
0
6823470
8394127
0
0
0
0
0
3666341
0
0
2893874
853193
8363719
2630665
0
5542261
7905832
8607594
5651260
6299656
0
5975645
0
402049
7273532
4683247
7834895
1072987
2806331
0
0
0
0
2967959
6871312
0
0
0
0
6458976
0
0
0
0
7565343
3043613
0
8394192
4820961
6478807
0
5528619
990091
0
7769563
5236097
0
0
0
0
0
0
0
6956834
7966928
454368
0
6493667
0
8350692
0
5932888
7882836
8561277
7229009
612565
0
0
6590139
1267157
3485770
0
0
0
0
0
0
0
7929631
0
4881951
0
0
0
0
0
7358729
0
2078730
0
8699548
6037210
4593052
5447433
0
3091056
0
3413949
960773
0
0
8730720
0
7529672
0
0
7889103
4682715
0
0
0
0
5531028
8349267
0
5984415
314
0
0
0
0
0
8164726
0
0
8655177
7374332
4013278
0
8449402
0
7088045
188608
0
8478533
0
0
6959839
0
3342727
7118262
0
0
1049277
3244084
0
0
6630253
0
414673
4664087
0
0
311155
6412816
8499418
5756287
0
5005115
8097381
0
0
0
4152172
8627268
481940
8047779
0
6137642
5733536
0
443
7911350
0
6684943
0
0
0
0
0
7893868
1444974
6132987
6795185
1155699
0
0
3589631
0
8749446
8514679
0
0
5943459
7636679
0
0
0
6216097
7832408
878199
6936617
7215530
2533197
0
5493149
0
0
0
0
0
5497158
0
8079454
0
0
0
8471169
283839
0
5831163
7207953
0
8759900
0
1145151
189503
6657451
5429659
0
0
0
0
0
0
0
2677769
7551780
0
0
0
0
0
2092882
0
0
0
7169138
0
0
0
0
1314719
4899221
334652
0
4683158
0
0
0
0
2760939
8240929
0
4691459
0
5256225
5
4193660
0
6961271
0
5883503
0
7232593
0
0
0
754354
0
1507870
6425981
4119179
0
8422553
7793238
0
8421370
0
0
0
8491142
7885502
8719787
0
0
0
5011418
0
596139
0
0
102687
4424373
381353
924
4006852
943649
1903782
7549418
0
819052
0
7917546
7387143
0
0
0
3313684
0
0
6855056
0
0
6529557
8699190
0
950686
0
8260450
0
8587266
7803793
0
8193970
0
0
5263840
7700108
0
8047230
0
7192345
0
8761685
4345150
8324245
0
0
0
2089606
0
0
0
0
6062143
4019336
8538317
0
0
5161848
617756
7962328
2982072
0
0
7116541
2391739
0
7531309
110639
0
0
7426993
0
7985209
0
0
0
4178943
0
2310362
4739076
0
0
4391624
0
0
0
0
0
7830818
0
7036593
0
0
8081830
3566997
0
8454878
0
0
0
0
5141896
0
0
7966692
1321046
8636840
1559267
0
0
5510734
2113777
402246
0
519
6748495
0
0
0
6900475
5146544
7661921
7251616
4746851
8442007
113335
8759113
6587138
8121380
0
0
0
0
7592170
2294261
0
0
0
4473237
0
0
0
8699120
0
5178005
0
8754422
0
8798496
3530589
0
0
3456229
7290885
7859869
8627524
7196306
0
8695496
0
827
6392040
6939006
0
4150774
0
0
0
0
7840101
6675586
1791579
7537210
6280769
3493686
6153759
0
8717122
4271775
3927202
0
7371398
5671513
6715578
8601856
0
6147559
2720633
3119313
6725900
0
7556797
0
6330193
0
413656
6781976
0
5800936
210122
3784851
0
0
0
0
6912672
0
0
862267
6668772
0
0
3079472
0
1993475
6309335
7549421
0
0
6667885
4727792
5316703
5471617
2715899
3430522
4530793
0
201631
4244384
8436906
0
0
0
0
0
0
0
7305616
0
0
8221557
0
820
2571737
0
0
0
6664885
0
8791820
0
2951850
5572639
0
0
0
0
8237783
8664524
0
1886460
1457795
0
6682826
0
0
1325633
0
0
0
0
6221363
0
8659286
7500780
0
0
0
0
2341815
839
3602947
0
7445121
8824680
0
7776215
0
6237207
0
4098929
0
0
0
5920654
0
7847231
6676650
5233158
7893326
0
0
1421876
0
8565644
2271042
7851382
7777413
5824955
8738290
0
0
5179856
0
1802730
0
8102038
7355620
1325309
0
0
0
0
5944826
7915268
0
3741554
6304941
0
0
0
0
0
115467
2220183
6415576
0
5214416
8233969
0
0
0
0
8739217
6779929
0
0
0
252133
0
7073108
0
0
7976903
0
5190159
0
0
8456011
0
0
6947192
0
0
7550402
0
0
5333656
0
0
703
8714436
0
1741848
8712258
266739
0
7342580
0
0
0
0
4392543
702936
2512062
0
902565
3484317
2385076
0
716138
0
1171557
4301414
7829045
0
7081686
1378323
563642
1126241
8851743
0
0
0
8193887
0
0
4274310
0
7198600
8341394
6972408
0
0
5322258
1738011
3802302
0
0
0
0
0
0
7195300
0
8821334
8409576
1770432
0
2627960
820
0
1822362
5242652
7553711
7108420
21623
8481841
4833630
0
0
0
8629333
1075917
0
4476207
0
0
0
7697355
0
0
7877958
8812821
6250581
0
0
0
0
0
6393405
5571032
7411449
8644929
0
0
7067293
7415320
0
7403426
8258759
218498
0
422147
6390364
1337707
0
8117558
0
4609915
0
3228033
0
0
0
8631629
8855093
0
7263097
7603580
0
7674383
6394464
0
6169523
0
0
2823866
5307703
5737706
3079865
1447837
0
3769339
0
0
0
7447959
3100172
0
8679208
7919945
5427688
2880688
0
0
4449147
0
4550699
0
0
3450966
0
0
0
6095618
8683269
0
3573836
5710319
8789398
0
0
0
8642616
0
0
0
0
3087194
4277975
8865536
0
0
0
8602118
0
3938357
0
0
8334507
5982413
0
6278685
0
1804877
0
3938655
0
0
5276316
2804504
0
0
8205038
0
4498477
7264974
1822704
5909083
0
0
8841455
412889
0
0
0
0
0
8038178
0
0
2119828
7746143
0
0
6856931
3635933
0
0
1926179
3640291
5531602
7951797
4555356
4639293
8526378
0
0
0
5695286
5826747
3181116
0
7176624
0
1095889
4632407
0
0
0
4423940
4537649
4895705
0
8210295
7635905
5151049
0
0
8812124
84
0
5318994
5248800
5010625
8769466
6966344
0
0
2282644
0
566153
0
8927278
7512968
0
2414944
7767536
5678641
0
0
0
0
0
0
0
0
4381911
0
8283548
7385533
0
0
8714446
0
3397887
0
5175108
3671922
6535267
0
7025518
8812813
0
376
8922828
0
7535007
1238571
5990166
1739147
0
3435770
0
0
6229000
7273249
7168574
6011375
7872751
0
8082529
7835726
0
6267177
7981924
3020623
0
0
0
3567114
0
7490324
349152
842600
0
0
0
975527
7385298
8668592
0
4518009
0
8348490
7706405
8887739
8819757
0
8323235
0
2768432
0
0
0
0
8792198
0
0
0
3574184
0
0
0
0
1593623
0
6957190
6281221
0
7155641
3679771
0
7579666
0
0
5114565
0
5764658
8195546
0
503
8762668
0
1384233
2820858
1968714
536
0
0
0
7021785
7809320
0
8694962
5138152
0
2968026
0
0
286784
0
6816230
5758654
7643112
995133
0
3794256
0
2965860
8614018
0
8780799
6875179
0
0
0
6606054
2249773
3910133
0
6778242
0
7924080
0
8214208
0
5961059
0
0
4604891
8944134
0
6193842
5522703
2278985
1777672
8777892
0
0
0
8907115
0
5843684
0
4425449
0
0
549139
0
0
0
0
6222482
0
6663776
0
1570764
0
0
0
0
0
4229722
8662904
0
0
0
3310757
0
3724487
6640996
8481294
0
8907126
8370432
8674347
7644334
0
5037795
0
8934855
0
211627
0
0
0
0
0
7485030
0
0
7693001
8663156
8525088
4662560
2416728
0
7883182
0
4007967
432354
8954781
0
8515965
8955961
0
0
0
0
8674562
8523616
0
0
0
8020003
6372338
2928122
0
2488481
0
7403606
0
0
8282302
0
4498202
0
4998219
0
2506945
8675952
3254803
8070675
7425371
0
1713230
0
6205572
0
0
4947383
8877238
3859569
0
4888906
0
0
22815
0
0
8952964
0
5213874
0
8171237
0
8552020
2011933
0
0
0
6597325
7833391
0
8625583
2498803
0
0
8340441
7870077
292402
8840901
0
0
0
395940
8091660
4255957
1167923
0
8835857
0
0
0
0
2305669
3142246
0
3831499
6295018
0
0
0
0
2037256
0
0
0
8943545
1167377
0
0
3695416
0
0
1600054
0
0
3385868
7994701
0
0
5685353
0
8932501
0
8621126
2297454
6706244
0
0
5730761
0
0
8932458
8901065
3794200
6955500
432952
0
0
1881387
6780640
5398005
6674224
5273978
0
7542793
0
0
0
0
3642411
5232503
7828174
0
0
0
7146819
0
8516013
0
7814995
5959226
0
4059279
8172689
3058859
0
7235069
0
0
176065
8585126
0
0
4750969
0
121761
0
0
2799885
0
8292031
0
0
6368491
0
8340361
0
0
0
0
8347030
8064507
2284845
0
8311318
5698049
981604
5401757
0
66
6347598
4534631
2846006
5941569
0
0
1810881
6922746
7661990
0
7413913
0
8444087
913945
6871301
0
0
0
6150354
8707887
0
0
0
4254285
703230
8119413
0
5143605
0
0
4254869
2438819
0
1815097
0
0
7161683
0
3944783
9010929
5107892
8250806
8850246
8046196
0
8310854
5290124
0
8255271
0
0
0
4030743
7856313
8991691
2226055
4539020
1165927
0
8222237
0
0
0
0
0
4809749
6488815
0
8017312
3332616
0
0
0
0
0
1251268
0
0
0
4357568
2073888
0
0
0
0
8111180
8735275
0
0
0
0
0
0
0
0
0
7466422
2545235
0
0
6945798
7383085
3875772
2460735
0
7362367
7931038
8234302
0
0
8064201
0
3400491
7605035
8268112
6693878
0
5332526
8101211
0
7404645
0
0
0
1606629
6370007
0
0
0
0
0
5382966
0
8873976
5485851
5630802
8941714
0
0
0
0
4072062
6849660
678
0
0
7833625
6991904
6910223
8585969
0
5869638
781697
2616431
0
0
3601957
8693617
0
0
0
0
3618620
0
0
8332693
4457590
0
6780551
0
4532681
0
0
9056295
0
0
0
0
379277
473518
175
6856301
0
4019222
8949690
0
8190427
0
6838493
0
7289110
7910067
2488781
0
3821009
0
7635683
0
5614595
0
413941
0
0
0
7161154
0
1391937
8896354
4002214
5922203
0
0
0
0
0
0
1699893
8310419
0
0
0
4846638
0
4966203
5072340
3162024
65528
0
6724732
0
6760277
4455273
6649181
0
2612
9054791
0
5844570
4983199
0
0
0
4176655
6140395
4494133
0
7046362
0
0
0
0
0
2742850
0
6633963
7188941
5464818
0
8501438
0
7254750
0
8125717
3621720
0
2137613
0
0
8504491
0
0
0
0
0
0
6189544
0
0
0
5461586
1860898
0
3831907
7585714
0
7512159
4178940
8281656
0
0
0
0
0
0
0
0
0
8794264
0
0
5637557
4532057
0
5491693
5413091
0
0
7043506
206
4231158
4457763
0
0
4220300
4152029
3931589
7445700
0
839161
0
1816675
766830
6165386
0
2335696
6627940
8789998
0
7816876
0
0
13298
0
995153
0
2327210
0
0
0
3111058
0
8435764
2567051
0
0
0
8475750
4411562
0
8199676
3527532
2710410
0
0
6677974
0
8998693
0
0
3858045
0
0
8839607
0
6070770
0
9028148
8813395
8163996
0
0
2384340
0
245855
0
2567625
6676752
0
4740694
8231378
7747672
0
0
4650563
0
4759760
0
763
0
0
9059938
9017990
0
6212652
6021424
0
0
7498974
0
0
7053141
0
0
0
0
7452033
8770932
0
0
864229
0
0
8493644
0
7750678
1488055
0
0
0
8851070
0
0
0
0
0
0
5878086
0
4696095
0
0
0
0
22661
0
0
0
2513978
8122660
9106105
0
0
0
0
0
1176742
0
0
8318896
0
3164967
8791723
0
7030582
4889346
6709542
5181898
0
0
0
0
0
8643281
7257215
300041
7617316
0
0
285509
8154585
3809221
0
5690986
0
0
6470868
4314022
0
0
0
3473134
0
8724390
8272742
0
0
0
0
6662054
6657093
0
0
0
7841898
0
0
9047819
6950420
0
0
7613657
7776885
0
8849109
0
2624830
5653582
0
0
0
0
8533399
0
4570551
0
0
4632918
5392344
7903764
4791321
0
0
65347
7050516
0
0
0
6443581
7428045
0
7214760
0
2619274
7116790
0
8314213
0
0
8822609
0
0
7673149
5309957
0
0
0
9023458
0
0
0
8976255
6922243
618
0
0
7218066
0
5267901
400366
0
0
0
8975570
0
1854967
8746561
0
8335559
0
7267331
0
7852273
0
0
7588492
4425844
8748843
6004338
7128852
0
0
0
0
7372175
0
0
0
0
7409758
5425225
5046880
0
0
0
5829437
5928499
0
3259570
0
8672608
0
0
7964708
0
0
0
8602675
0
8768409
0
0
4799067
419
0
8153296
0
631
8084150
0
7105559
0
7952365
7313657
0
0
0
9107499
6393118
8910206
150010
6924840
5099468
4427962
0
367229
1446436
0
0
0
8717029
0
5000936
0
4553308
0
8847812
3228120
8904973
0
1875192
6284843
0
0
0
269
3572873
3937826
1197580
5586302
6588162
6689334
9137079
0
3528136
4590018
6453010
9119630
0
0
9141934
9057962
0
1118076
0
3478971
0
0
0
0
0
0
9163066
330
7629186
0
0
5377456
0
4133701
0
0
7527689
3275031
0
0
42120
0
8158170
0
8823947
6794703
767684
2041584
7501130
143
0
0
0
5356711
0
9113224
6854886
6267444
4878672
0
7840058
0
0
2319091
0
0
0
1572432
0
0
865
0
0
9071674
0
7872291
0
0
155
0
0
0
0
8730762
0
0
7217829
4830819
5409374
7228729
6719510
2846991
0
9098942
0
0
0
867631
8844501
0
4592582
0
8138475
0
0
0
7713618
8041427
0
4264348
0
7947538
3398437
6101295
0
0
986681
5831771
6399015
0
0
968408
0
0
0
3358335
8262577
0
0
0
1077560
239
0
4360514
7617168
0
0
1273833
0
8637604
4171131
0
6321051
9110158
5663484
8973351
0
7903736
0
6602227
4964392
574656
8878372
5387853
0
0
0
0
0
0
3855076
8740201
0
8926302
0
6449253
0
0
0
0
0
4430352
1023536
0
0
0
7397075
3055959
6999238
0
0
0
0
2823816
0
6470466
3755023
7189233
7905346
312120
8745703
6704580
0
8151971
6755626
0
0
2222813
0
2610394
7986228
4502973
0
0
8973424
4849674
5301720
8301007
64598
0
0
5821005
0
2090785
6947085
0
5186121
7311249
9060818
0
4328732
0
0
8787777
0
445993
6035914
8073775
987
2683625
0
6851944
6136393
652964
3241919
0
0
8486922
7571580
1036676
0
0
8110478
1000
447825
8456692
1203634
7337793
5797681
0
8843453
8187936
4154765
0
3169324
0
8191759
5874252
8438255
0
8326817
3976922
5611449
0
0
6533596
8115133
0
0
0
0
7931135
0
0
0
0
0
5051682
0
0
3238073
0
0
0
8072627
1564772
428316
0
6128706
0
0
0
8831657
5406616
0
345894
5680359
6345632
0
1883194
9118261
0
6166126
0
4588380
0
0
688
21980
1484566
0
9057903
0
0
0
0
0
0
1008744
7213357
0
5795096
0
0
6936221
8459495
0
0
4577093
6608171
0
0
0
2005532
8810271
5780338
0
4559585
0
6307517
9013861
0
3884946
0
0
0
0
0
7216650
0
0
0
8192299
6441747
0
7537020
0
4535950
728
0
0
8325960
5394301
0
8362254
0
0
77
0
6351729
0
0
0
1933252
4776563
0
2754959
2381323
7552343
0
153
214
8719278
0
8061286
7720558
8952997
0
5512027
0
2577448
6598231
1174953
8203651
9036127
9133155
7645511
9195583
0
3047398
9167135
9125779
6340288
0
0
4282766
7272027
2805669
1635081
0
4441438
0
1365867
0
1257121
2814209
7468945
0
2968212
7485964
0
0
8033204
8201856
8975135
7159797
0
9257326
0
8703538
0
0
0
7417093
0
0
8427164
0
0
7931913
8777849
738789
0
8170553
8212705
5035226
9039177
0
6961674
0
0
0
0
9237878
5770515
3584820
0
8451010
8815984
929786
5043522
48599
3631329
9231359
0
1006414
0
6623362
0
7795729
0
0
9196253
2416051
8102643
5925225
0
0
0
6204919
0
0
8549368
9031957
0
0
5914469
0
7720628
3060885
4885951
0
8980692
0
3689567
0
1804474
0
0
0
8068495
0
6929579
2554229
0
757534
1620891
8848346
8559230
8018429
7532793
9013724
0
0
4773062
0
3293843
7896967
946294
0
0
0
8359878
1141651
0
8740360
0
0
9115485
0
0
0
0
0
8717527
0
0
0
8295248
7419942
9258730
0
9015903
0
0
0
0
0
3219889
5290321
5493685
7459263
0
0
0
0
0
8560605
4571878
2071591
4579926
9192708
0
148561
0
8607310
0
0
0
0
0
4326413
6145846
0
0
0
0
0
0
4126109
0
0
0
0
890379
8806462
0
0
0
0
9297793
131
0
9075057
921
0
6624355
0
0
872
8083438
8067958
0
6281132
0
0
320997
8041289
0
4860405
0
0
8209686
0
3876691
0
0
8480336
0
3331741
8300064
0
8580598
0
7702805
0
8621966
8976385
0
0
7786406
0
2841721
6634415
5876192
9239883
3731332
0
0
5420262
3925060
4653204
3800476
9339004
0
0
28388
0
0
0
6794598
0
0
0
6624610
0
8635315
361042
7729740
0
9252759
0
0
0
9125835
8554841
0
0
0
9223654
9095732
0
1830057
6416202
0
8054360
6167052
4519620
9023722
8818272
3581232
5016535
7513909
0
0
3152012
1140427
0
0
0
8138999
0
0
0
6729964
0
0
8367371
6102335
9123163
9036678
7957711
7423404
8887717
0
0
8439597
8333168
976467
0
8862567
0
8562525
2971878
9159205
2028052
8623629
0
0
3874337
6227686
2524651
0
0
0
0
0
0
6003115
0
6995718
0
8191826
715
1507678
989
0
0
3403652
0
8450826
8965502
0
3371534
8204389
6184272
0
8784666
2034685
8881245
7184766
0
5728699
0
0
8226142
9021224
0
7203612
0
5567039
0
0
4428192
7572121
0
0
0
0
3854303
0
5862320
7607685
2051871
7855933
0
7676907
0
0
0
5926591
0
1504758
0
7584685
0
0
5958546
8673907
0
9047408
2904050
2023503
330
0
4544804
0
5559231
5075902
0
0
0
3623572
0
0
8595528
0
7224763
0
0
0
7187622
0
8545737
0
0
1029984
6087987
8564852
6100373
0
5658185
9350254
8932766
0
9312246
0
0
0
4366134
0
0
9328846
6403754
0
6830401
0
8930982
0
920149
0
0
742488
88295
0
4583768
0
0
8521730
0
509
7882323
0
0
0
401444
7734549
2749429
0
9292835
8984657
0
6922483
0
0
7584064
3811406
0
4105466
0
0
2680708
0
9245957
9014545
0
4181129
6986333
0
4727660
0
3639304
148805
0
8491585
0
0
4724748
9296924
8044932
0
0
8596736
0
400420
7991623
7844194
6172801
0
6599781
5878824
3386367
569287
0
0
0
5567843
8819935
0
0
0
0
0
0
0
9229848
0
5738082
6472932
8917500
0
4691615
0
6621305
0
1016630
0
1289894
7439820
7296921
0
0
8534404
8479156
0
0
0
827121
0
6937368
0
400891
0
0
6425292
0
0
9192273
0
496489
7774433
4933702
0
8407725
0
5325152
2009305
3231738
8881025
2377252
0
0
7220206
328
0
9015893
0
0
4619228
0
9310937
0
0
0
0
4721014
0
0
1601611
0
8456367
5682117
9104841
209923
7547064
0
215957
631510
0
0
0
0
2693143
0
7118140
0
0
8863901
9324342
0
9276803
4727279
0
9300083
0
3920547
9276969
8369756
0
1444438
8611257
8869372
0
0
0
0
8763866
224127
0
8049449
0
8934050
0
0
0
0
3596749
0
7927915
0
7507827
6961604
0
3383574
0
0
0
3849077
0
0
0
0
240365
0
875104
6612083
8832867
8826999
5694196
7872063
8208678
0
0
6313625
7379035
609
5503063
0
0
1570732
675437
4292965
5735468
0
0
107949
9308645
9380629
0
0
0
0
0
0
0
0
0
0
8204181
1540156
8467640
0
0
0
9224193
8665735
0
269
5531711
5096699
0
8574502
0
0
0
3275195
0
7688037
7650329
8586566
0
0
8224704
0
0
7085579
0
0
0
8208790
0
289988
0
1146303
0
0
0
0
7416005
6912832
8880765
0
0
3373310
1186205
0
2083570
9124379
8664295
0
263101
0
5342853
0
6180441
0
6377002
9124843
8722906
0
417882
0
2544178
8401874
0
0
8805866
1761061
0
0
5921749
4013066
6841882
0
2379740
6773427
653219
0
0
0
0
0
9142314
0
0
0
9344966
0
0
6051027
0
8618109
0
7318497
0
0
0
0
0
0
0
0
8661316
0
9012436
0
0
9237759
0
0
4937
0
7974042
9128667
9414580
0
6668705
769
0
0
0
0
0
0
7563660
9355227
5342510
0
1368641
0
842
0
0
7028983
0
0
0
6482799
0
4383000
0
0
0
5988537
2447994
1596370
0
7940436
0
8003475
0
8374031
5034091
0
0
1406027
0
7498999
945175
0
0
3218669
0
0
4215791
0
7066572
0
0
6583678
9488867
9303683
0
0
0
8790629
4851612
0
6231772
8699338
2547590
6408818
9259085
4829764
7261880
4558734
0
814
0
7970586
9473603
6926957
0
0
9294817
0
0
0
7957506
9478901
9380694
0
0
0
5707377
6442822
0
9265414
375173
0
7072767
0
0
0
0
8488280
6270931
5815259
8805156
0
0
0
0
0
8411135
8117642
0
0
0
0
8565105
1168182
0
0
7756226
0
0
0
0
0
0
9329883
3845536
0
5854699
4042505
9472391
3245767
0
0
0
0
1927314
8475972
2739153
8112645
5620613
0
8929760
0
0
0
7045639
9300000
7747801
4848019
7952036
0
0
0
8995922
3223539
0
0
0
514670
0
253
0
0
675592
0
0
0
0
7554989
8759104
0
5591142
921450
7423934
1122709
0
1487889
3213988
849
0
6580344
612
0
8680709
0
6440910
7711513
0
0
3047367
0
176441
8906554
0
2691738
6266733
2563512
7135120
0
0
0
9175957
9304592
6820179
0
8481222
8317144
0
5171790
6836485
0
8543635
83790
0
6407140
0
0
0
0
0
8942102
8551075
8061382
5459749
0
1311023
0
653409
0
8100085
9222754
9401680
2925215
8668737
7282446
0
7963762
0
0
6442496
0
0
6748560
5177570
0
0
0
1123399
4875495
0
8621875
7397285
0
0
0
3340573
0
0
9471479
0
0
8672356
8545660
779874
8326653
8321392
0
2149048
0
8916180
4313950
1571833
7086427
0
0
0
0
0
0
7709607
0
6993883
5430236
0
0
7848797
0
0
1167190
0
8927406
0
0
3352417
0
0
0
0
8551049
8796277
0
0
9434641
382178
0
1869935
0
9242290
7165556
0
2049310
7195946
8792395
0
0
9573961
0
0
0
7265994
8942033
0
9512202
0
7649634
4020908
0
9441913
7858192
0
0
0
3568057
961
0
7084464
0
8402095
3241168
0
9040421
0
0
0
0
0
8465732
0
0
0
0
0
5438299
0
7609984
8220577
0
8626945
8440525
0
6643170
0
7868878
9479814
4493262
9430911
5915639
0
5507952
0
5153987
0
0
0
0
0
0
2604619
0
743
0
0
7475220
0
9164320
2820069
0
0
0
1080342
9402419
0
0
0
9549695
0
0
0
1646432
0
0
0
0
0
0
0
8930507
2073902
6441287
0
8117774
0
0
0
3649918
0
5086352
9365138
4255778
0
0
0
0
258803
6854073
0
0
7949035
9130520
0
0
0
0
8762457
1487431
7659458
0
5977027
0
0
4133084
6227007
0
3090705
0
0
8590199
6953740
0
1708061
0
438763
7079398
0
5607585
929850
0
5952036
0
8906734
0
8678889
8453549
0
0
1473545
9276363
0
3804453
0
0
0
0
8534740
0
7554750
0
4219626
2258084
1625935
0
7415824
0
0
6428739
0
0
0
0
9259007
9576229
6411546
5557710
6218760
0
1270619
8232288
0
0
0
665
0
0
6723823
0
2093454
7206486
3771703
0
6995057
0
1004335
0
6432912
0
9264475
6088940
7256558
7958363
6846945
877823
0
5006119
8575540
401265
7551857
0
6091228
4162337
0
0
9078451
9548385
0
5665863
0
480431
4660379
3629105
0
0
0
0
0
556962
6607554
0
0
0
445917
0
341
6288010
0
3120921
0
0
4044831
9580278
7733156
0
9640113
7299595
1070805
0
9534650
0
0
8903243
9176663
4758398
0
9309569
9610855
5485490
7746640
8367166
7047314
0
5825984
9635364
0
0
8551374
0
5933958
0
0
8014821
0
0
0
2128478
0
0
1871176
4647907
0
9522781
9384783
0
3700722
0
0
0
6051262
7540643
0
8949691
0
1434864
5925316
6776559
0
7472261
7053739
5016216
7082608
487053
8635076
9584054
0
0
0
0
8294406
0
5923808
0
0
0
6235954
6044957
0
0
5499598
6989506
8872797
0
2812847
0
9231469
0
3457319
0
0
2767846
3951191
0
4382865
0
0
5503553
6053298
0
4735322
0
8581974
7757705
2624159
2766174
0
0
8609307
0
9610909
0
0
0
0
0
0
1795465
0
0
4033096
9508378
0
0
8612237
9474938
0
0
0
0
0
0
8892406
4740480
0
8732977
0
0
0
0
902206
0
3916506
172
0
3335898
8353921
9618498
1318746
0
0
0
0
9311644
0
2248211
0
0
9361603
5683770
8378934
0
9532447
8534563
171988
8223815
0
0
0
7589355
1052789
7994778
0
686923
7170004
9536453
9667677
1804052
0
0
5172342
0
6805912
9252920
0
0
0
0
0
0
6294959
0
0
0
1335981
0
5337609
0
0
4410606
6918808
3019722
2297129
9574048
5458367
0
6588512
0
0
0
3040544
0
0
8668369
1192327
0
9617350
3473056
2407148
6758748
0
8185608
0
7973721
6008518
0
9260717
8872728
3526942
0
8303290
0
0
0
8315339
0
9426254
0
0
7336847
0
8098903
0
0
8464373
0
0
8294565
0
0
0
8665813
0
6146526
0
0
0
639549
0
9498993
0
4691354
9057486
3425927
2264927
8112625
9555707
9122740
8271524
5875653
0
0
0
9622298
0
0
0
4391425
6921973
0
8577471
0
8464373
0
5906345
4685568
0
0
7826176
0
3594828
0
0
0
0
6832409
0
0
3032456
1620629
7721863
0
8768047
1176141
4872634
8681934
6298517
1464123
0
0
2045326
0
4070706
8544859
2177281
0
0
0
0
0
1031852
9531845
2858962
0
9182618
8272772
3330739
0
9049039
2044903
5692942
8142348
0
0
0
8908914
4382255
8963706
7493465
8431791
0
0
5464715
0
380290
2067705
4612130
0
61110
0
1893792
0
0
9047075
0
0
0
6756197
7499000
0
1334397
9292861
2474540
0
0
1608087
0
6012075
0
0
0
4117346
8351949
56534
5680217
0
9644833
0
9674501
246
0
0
7025812
0
0
0
7447662
0
0
2277731
1433660
0
3384937
2106870
6460845
0
7034324
0
9533804
0
8163156
0
0
7031795
865793
5474933
8835528
7133771
0
7486448
0
8286816
4768441
0
875416
0
9662176
308341
3721380
2031101
8932768
0
0
9080810
0
8851694
0
1093806
0
0
9169185
9641155
0
8373254
900071
0
5007963
7722298
790
8466579
0
0
946590
1961769
8622263
0
5069498
6521413
0
0
5185745
0
0
3399053
0
9255497
0
0
0
0
0
2190506
0
0
0
411
8587546
0
7570229
0
8268301
5558131
0
0
0
4858788
0
3400096
0
9082868
0
3976285
5672921
5700396
9287492
9735552
3611294
0
9299140
8654494
0
0
7537374
0
405
5411435
0
3782191
8476367
0
0
4777340
0
1312447
0
95354
6347133
0
5138058
355241
0
1045554
0
8632147
0
7034162
0
1604863
0
0
4703544
9621788
4853568
0
9336087
0
0
0
130436
0
0
0
9759099
366780
3625054
0
0
0
0
0
5692954
0
1426031
8616653
1444694
8220976
0
4028899
6134013
0
8819535
0
8099568
0
786566
0
0
8939628
7377957
7203543
0
0
7530392
0
0
838600
0
9337629
0
6851942
2340736
0
7836181
0
7582724
0
0
9285376
6568141
0
5708262
0
0
6213360
9470175
8482925
0
0
269663
9373453
0
0
9339657
9314530
4324662
852598
0
9462994
0
0
8876708
0
0
7191666
0
0
0
0
3976804
0
0
0
951844
7075749
6127729
0
4054760
0
0
0
9256513
2420786
0
0
2709681
9710807
0
5750176
8687671
1944157
9049035
0
9647946
9226195
9725793
0
0
0
0
8070345
1399954
1873646
8847127
0
9514075
6752
7764028
9723909
8047827
8339452
0
9315712
0
9443310
5537883
7652589
0
0
0
2846351
7530019
9046027
9660150
0
0
6634405
7992370
9043251
0
0
0
8661887
5598382
0
0
1246373
0
9785698
0
5668158
8643462
0
0
7412482
9360033
1519136
8304809
0
0
7715673
7161287
8962808
248768
8412845
1236678
6533046
9222613
0
2725819
7338052
8372541
6922354
0
0
3411025
0
0
3471032
6544133
0
3936191
0
0
0
7883418
0
0
0
0
3998897
9126270
0
0
9728577
0
0
0
1105140
381537
0
8534671
8447507
0
7043531
0
7924738
6041974
7489668
4006959
0
7183784
3777583
0
3138780
4987230
0
0
0
0
1475556
0
0
0
8927476
0
9017080
0
3270431
0
0
5651753
0
9476309
9635448
5429741
3919637
0
0
7158944
4645951
7203359
0
165
0
4966828
3867360
0
0
5614238
9220854
0
0
0
7259851
0
7412395
9224066
4130724
1814187
0
0
1235111
3505542
3112776
0
0
944835
9562724
0
0
724
6843842
0
0
0
0
9635067
0
8354680
3570736
5201108
8700211
0
3483099
0
0
0
0
0
0
0
8279725
0
0
0
9495634
7706083
0
7213168
190175
0
8161475
5066182
0
8846526
0
0
0
7274102
0
9754912
8469082
0
9336865
4133368
9175707
9657448
688590
0
2623395
7731550
0
0
3347223
6371680
4279893
1925248
9222682
0
0
9335745
0
0
8985575
6787495
0
2369658
0
0
3153945
4894976
421815
8927514
0
8589881
8919059
9822558
9295597
0
0
0
0
5483956
0
0
474785
0
9589319
0
8443250
3531436
0
8649453
4122323
955653
0
0
2882854
0
3138182
5275389
0
7936995
0
9836969
0
6314774
8465732
0
0
0
0
4753308
8970727
0
8894724
3914773
0
2451569
0
8141428
8372209
7395718
2019454
2463411
9833781
172780
0
0
5456852
0
8764681
7117395
0
8667742
3474187
6373033
8100729
0
7755058
625204
0
0
0
9831200
6709403
0
2169414
8003432
1330856
8254707
2704955
9617852
8279
0
0
0
0
0
0
3232720
6776458
0
9657586
9850907
0
4263644
8495634
6557251
0
8993277
17130
9792289
3228323
0
8474204
0
0
1822028
0
0
0
2419663
9845350
8145385
9640839
5137077
0
0
0
0
0
0
0
2437687
6851585
0
265047
0
8562479
0
0
5957592
5360454
0
5006525
6687034
1008910
8577
0
9698532
0
0
0
6247666
1792564
9190173
0
8278304
9254385
8947069
1843699
5739037
0
8939275
0
9571385
8944788
0
9741575
0
8597553
0
0
0
0
8475065
0
7182458
0
0
0
1529594
0
0
6347921
0
5225253
0
8133888
9591119
0
0
9377680
7917094
0
0
9093618
9787201
9326920
7137222
0
0
816285
5868428
0
7563660
3078913
244318
7086257
0
0
0
2704995
0
0
0
0
4738420
3488851
6295057
0
0
0
76098
0
0
9566667
0
0
7745601
0
359430
0
0
0
9332090
3052109
7716648
0
9835567
8928005
9585548
9434088
1223103
5047251
0
4044554
9612366
0
2835195
8358236
3997991
0
0
2532270
0
0
4149028
8320574
0
0
9725939
6016
1630730
7908531
0
0
8484764
0
0
0
7749737
0
0
1423772
0
411
3577734
0
2492541
0
7906321
0
0
0
8123547
0
8295968
1049609
8156940
4715038
9231608
4983871
7762339
8000530
0
0
8782850
0
9054123
0
3351968
0
8626744
6409347
5799941
5592428
2401876
2965075
2226400
0
9603701
8073011
9597268
268
0
7913848
0
8900037
0
0
4319939
5866254
0
7171433
1524360
0
2992001
0
0
4912767
114885
2529789
4158294
0
776214
7551774
1487638
0
275957
2969868
0
1383880
8196704
8526755
696274
0
0
0
0
5593012
4496380
9582145
0
0
0
9511295
4467882
0
9155460
9734498
2364952
0
8442870
704680
57639
0
0
4663276
2471989
5798009
0
0
2857822
0
0
7878606
0
0
3060422
4460860
0
0
2694276
1097445
0
0
0
0
0
0
4520339
764250
0
9047722
9402926
6777755
0
7173936
0
0
0
1711714
0
0
0
0
6104422
0
0
833
0
0
0
4715237
0
5090420
7963633
7127794
0
4662304
5666991
5718409
8490388
0
6096367
0
0
7753688
9168850
6310535
0
3394004
0
0
5718409
0
5937329
2086342
0
9498240
9308425
0
9371681
0
833
4584263
0
1763258
0
0
0
8212624
0
4175385
0
0
0
0
7644141
3493717
3118508
2738862
0
3803022
0
0
0
0
49945
5350886
0
7045355
7878041
941901
0
8638738
7240744
9029430
0
0
7626202
0
6328502
0
0
7297123
0
6972261
0
7911365
0
0
7536919
5709399
0
2712791
0
1122594
0
0
9650666
9725581
0
9148844
9843834
4067163
0
3135888
4365025
3249212
0
0
862788
9361869
0
0
4281921
7021770
7410568
0
8638482
6486332
0
0
0
0
0
6086122
7454931
0
9306453
7531195
9404653
9644210
4354765
9619406
2556455
0
0
765
7426158
8490901
9930138
0
0
0
0
5741420
0
2813746
2706193
7260156
5481324
0
9903597
0
9539931
6322504
2585393
8562528
9924254
9317864
0
4078519
0
0
839600
9002213
775004
0
0
9725758
9493792
0
0
0
7330703
7876378
1056020
4469193
0
9479001
510062
9204564
0
0
0
0
467641
0
0
9859479
5036197
4520167
0
8806488
2821143
0
8143039
0
0
8823
0
5139472
9882249
9932488
8526623
0
0
0
9570063
0
0
0
9442832
0
2684896
0
1192360
3696514
9984111
358686
8838014
0
2567464
0
56
8909619
6484464
0
0
0
1950112
3147992
0
9306160
1367035
5271016
0
9706459
8510621
0
0
0
8315565
8665320
0
2431657
8864496
9270448
0
0
9884434
8818984
0
5409459
9437839
5747050
0
338100
0
0
9990319
9149742
0
7533178
6416360
0
1853054
6513395
0
0
0
520915
0
4194302
9852986
0
7524961
6981682
2218024
0
0
5499999
0
0
0
0
8856936
0
667694
627
0
5408255
87975
5719297
0
0
9931687
1771560
9458437
0
8513271
8320705
5850471
9890183
1395194
3178252
2447608
5476
0
9835283
0
0
5084282
3132347
7101426
0
0
2703268
0
0
0
2621175
0
4378027
0
753452
0
9328985
0
8732882
8326639
0
8319158
5403204
0
0
2424338
0
0
0
0
8802004
6414139
7898834
531743
6183621
7242003
1729662
0
2524204
8401294
8096996
9453378
3037665
0
0
0
0
0
0
9717503
0
0
5910701
6250681
0
5003902
6378395
7699362
6719329
4248333
7239891
7095751
0
0
1285108
1570492
7211876
0
9867822
7637270
8413769
0
8600968
0
6312695
0
0
0
8909701
8902103
1386810
0
0
0
301381
0
0
7126010
0
0
0
0
0
9986837
4394933
6856104
6047564
0
0
3422129
0
0
0
3286006
0
9728085
0
0
0
7704675
0
0
0
0
5648007
7838717
0
0
5832251
9032733
0
9968442
0
2080047
9449593
9715964
0
0
0
0
9189819
219679
8020712
7244440
0
0
0
6091288
7127209
0
10010757
6452564
0
2659163
9926559
0
8410417
9633400
0
0
9258998
6712369
3395896
0
456010
5772469
0
328184
0
9557236
1714151
9714675
0
5855068
0
0
10031172
9286917
8716911
4725731
7893076
0
0
4281822
2870839
6546104
6248264
3000814
1560895
9421501
5595296
0
0
8123547
9862586
5727092
5094747
1817854
9827005
9483149
0
0
0
10022500
2986330
0
5275979
8363418
0
0
0
9811693
6417549
6435009
126417
4513061
225747
0
0
5852674
0
7549393
0
9782778
0
8713583
6684
9922718
0
9049663
0
0
9757858
9337274
5674211
5271597
2900757
3668808
0
0
7085870
9030772
2725883
0
9833348
186761
0
2904503
0
8918827
0
8634379
9931939
9999722
3925070
7865334
0
7076625
1108614
0
0
760933
3545611
1692050
0
1621616
0
0
0
0
0
0
6969114
0
4905976
882385
0
0
0
0
0
0
0
9832059
0
0
0
1993481
0
0
0
6400621
3795666
6398605
7596820
0
1270024
0
0
0
0
5675544
5818155
1402706
1973316
5760919
0
0
4842363
0
0
8017163
2152369
1906663
0
9499269
4507140
9315302
0
8907741
0
0
7470088
0
8570384
7996501
0
907814
9732870
0
4468625
0
0
0
8869507
9610446
0
0
9433013
0
682611
9670257
0
0
0
8180679
9568008
0
4886429
0
0
0
0
6298565
0
3155817
7356740
7775210
0
9852432
7627258
0
0
0
1388150
0
3011954
8683672
0
2218036
7932847
0
4548319
4653362
5838608
0
0
0
9920352
9849987
0
0
1270541
9746139
0
7204173
9815546
0
2576637
7043179
10046250
0
7807000
5728033
0
4332086
0
0
10079598
7608179
643
0
0
4959159
4807319
10106165
0
9195410
5119069
9396383
6160046
9803129
0
10038937
0
0
0
0
0
4624631
9836035
0
9760914
0
0
8849454
0
8944076
0
6453938
0
7331281
9926370
0
142369
9375517
0
4980053
0
7492818
1983711
0
9799466
0
0
10050124
0
6941056
8457161
0
0
2372
0
10043455
0
0
9990520
6735838
0
9655990
9805787
0
10049641
0
4439899
7273625
2709777
0
0
0
7672909
5640993
281227
0
8576105
0
615359
2884297
0
0
0
3369977
9654228
0
0
0
0
0
276399
8318963
0
2003984
8335775
7461303
9271637
6403222
134862
0
4559783
822129
795925
0
0
0
0
4492306
0
4288798
0
8894294
3584251
7328029
0
955403
0
0
669495
0
0
0
9786569
0
0
0
0
0
9410290
0
0
6349887
7240573
3823568
0
10012542
7275545
0
10005762
9546145
8857974
0
0
0
0
8673320
0
0
0
2113967
0
6910643
10026116
0
0
0
8385291
737
5854435
7727968
7172020
7714034
0
0
7620981
7094119
0
0
9981359
8942909
10014163
0
8153375
0
8478039
0
3020584
0
8259184
6441745
0
9594660
3047697
0
7271828
0
2942143
6376075
0
9968529
0
854522
0
4466315
10136076
0
0
614556
7173823
0
0
0
0
3847696
6004806
0
6660640
0
0
0
9152441
0
9492771
5140948
0
0
0
5096635
0
7807413
1655225
0
0
0
0
7174538
0
0
6918021
1919633
0
0
0
6696305
6989042
0
0
0
1145831
7983072
871
0
0
7182794
0
0
0
0
0
8816510
0
4262423
0
0
6249481
0
1075785
1387829
5734522
0
4432158
1654780
8449760
0
0
705925
0
3473899
8402821
0
0
0
9239857
5723786
0
9866684
7754882
8272389
0
3413989
8633020
6977671
0
0
0
737
0
8047316
8166894
0
10055154
7151218
0
0
0
0
9535366
0
8400333
0
8186802
9940477
8108289
0
0
9765763
774261
6819104
7073974
4285739
0
0
4481549
10018545
0
6144708
1599254
862326
6396772
5914110
9945672
457366
24
0
1698823
0
8884257
2724122
10149872
0
6553369
7452353
10066253
0
0
9173589
0
0
0
0
8121500
3244402
0
2690992
0
0
7628154
4357639
10128460
0
0
7722741
9607654
551
10099254
9882149
8976863
9661166
7132022
0
4473678
0
6611591
7526020
0
9739320
9473294
7751409
505117
0
6571757
0
0
4596789
0
0
300975
9568130
8350614
7644711
4785204
0
0
451498
6588693
6797476
0
0
0
7083275
567741
2356770
8096497
5850669
0
0
6709858
4289706
0
8959277
1110782
0
0
2969997
2854508
0
9449749
9680440
2737416
9991118
7217687
0
5451197
0
0
0
9076083
0
5003128
0
0
9497452
6719368
6394526
0
0
9680089
0
3245032
0
0
2460826
8331087
10073444
7149740
0
9690871
7356435
1754255
0
0
9034044
6432973
0
7723207
0
0
8903998
0
9562783
0
10186563
0
10097660
1285097
0
2006709
0
0
9838521
0
2639678
4452173
8325795
9812634
0
9777430
7973070
0
8684655
9795008
7177445
9891981
9285538
0
7156143
0
0
0
0
0
9435850
0
8442607
0
0
8464784
0
0
0
10133508
8920878
3828272
0
8768668
10066452
0
0
9322049
6229600
827190
1245926
0
0
0
0
9899447
0
1242645
0
803
0
1760603
9256532
7738662
9396516
0
272826
0
8334629
6947076
7971300
3551507
0
9268709
0
0
9197714
0
0
9397292
0
8859428
9232152
0
6918191
0
0
0
7088716
2577762
0
2327067
2133121
0
0
8634405
170721
7844986
953521
10167006
9446414
9145973
0
0
110
0
9397807
0
0
9771953
0
9975028
0
0
1189154
7240024
2015209
4819438
0
6585124
991285
0
8455377
0
9146455
4345988
0
0
0
0
0
0
0
0
3422361
7653947
6944962
4279370
4623471
9228235
2269107
9788371
0
2436448
7509280
10181708
0
0
0
7102658
0
0
0
147601
0
8817394
0
10141371
10235751
8921437
0
0
4830718
9133609
0
10000422
0
0
0
9815071
10120842
0
115272
7769154
5255252
9055412
0
2824765
434857
0
9850188
0
9872055
0
8835275
0
8179938
0
145487
0
0
0
0
3646234
9415679
8321911
0
6479760
0
0
0
5598188
5744154
5960726
9852272
0
0
0
0
5019807
0
458
0
0
0
8806812
9422968
0
0
8195774
9513486
3710187
0
0
0
7126480
9291772
1543663
446617
0
6894065
3519890
7762590
0
9969095
0
0
8058825
0
5083952
0
0
1343302
7680956
1497248
0
1243562
9942581
9870775
7828948
9741888
0
0
6308059
0
3237191
373768
0
988
8955879
0
9168635
0
0
3412144
5704462
1677613
0
8184283
0
0
0
10047632
0
6647462
0
106691
0
5219132
0
6267828
0
0
9624174
10008318
9358206
7596543
10138142
6757663
5661701
4479477
1608396
9849599
4425472
3703603
0
5601807
9674021
9853085
10270504
10181342
125554
8870346
0
0
8575825
0
1146745
0
4143028
9969493
0
0
0
0
9743470
0
0
0
862191
10222508
0
0
6381316
3848749
8801489
6098789
6606987
0
0
0
0
9446508
0
4161444
8058855
9657994
7645511
2605706
0
7188304
0
586
5591795
0
0
0
0
6084070
4892553
2689725
0
6204286
3713242
9369350
0
0
0
6786553
2891376
6281798
9639835
0
4495216
0
9890602
10205744
0
0
3124664
0
1232676
0
7477686
0
0
0
0
0
851750
0
4343229
9952519
0
2432940
0
0
158497
0
5060978
0
0
0
0
0
1475559
2821017
7181141
4378313
0
0
0
8889058
7806051
9404632
3700323
3563993
2562526
0
0
3305098
6767252
3495431
0
2164494
3691575
10085995
6718652
5837888
0
0
2529325
9566268
0
9785005
820
1116936
384
0
0
10037228
82
8277999
5053945
0
10149718
0
0
0
687
0
5138046
8820634
0
10013477
0
0
0
9698744
0
7036044
0
0
3841334
0
0
0
0
0
5838530
4755078
9312411
3434170
9155398
10238147
5051304
10014033
0
347436
0
9878008
0
0
422905
0
6546262
3035027
0
0
5622006
0
1169937
0
617870
0
0
0
0
10196742
0
9393021
0
8695160
4163669
252
12516
616
10109446
0
0
0
9835128
0
3853236
312133
10141943
0
7838924
0
0
0
0
0
0
3750354
10196266
10119794
0
0
1093733
6785495
5205236
0
0
0
0
5633564
2649802
0
9548977
649
9100949
9597401
3265906
1268732
3558716
10252460
6038749
7000152
3867819
9546114
309432
0
0
0
0
5853466
0
0
9231521
0
0
0
0
0
0
0
10276945
2293281
0
9038564
5855004
6425644
0
0
0
4071321
8550438
7903040
2530238
3049491
10074796
2369837
0
0
0
0
0
9932670
0
0
0
0
8359609
0
9920022
0
5582770
8875774
10206529
8657630
0
10315259
0
0
0
10243199
2165584
789391
0
0
0
0
0
0
0
799711
0
10200148
0
0
8153855
8927937
0
9422065
9990022
0
9681048
5109310
9365481
0
0
8261870
0
0
0
0
3457361
0
9169022
10106420
0
8277044
7338773
0
6137912
8708850
8707281
0
0
10348368
0
1771790
0
4251727
3422617
0
9865738
0
0
0
9130481
0
10231289
3280596
0
6830791
0
10169685
8422726
8790641
0
10222898
756464
10164239
0
50452
0
0
9938244
5327276
0
8160891
0
0
0
6229751
10206486
7647736
9183614
0
6711005
8175193
0
0
9655344
0
0
0
9551155
9141707
7388566
0
0
8406451
0
0
9599310
0
0
1416107
0
17764
0
0
0
0
8534561
5492017
0
6073363
0
8544335
0
0
3669723
2790499
0
5268671
10261862
6762119
803224
9330316
508843
10191360
6206919
0
4410787
0
0
0
8538690
5898497
9876745
0
7725414
2388476
2464364
0
0
9051881
10358110
10164869
1484914
9746593
10357822
6815062
0
0
8295648
0
0
0
5117744
0
0
0
5303175
2830340
0
0
0
0
4830590
0
3684297
9384052
6730733
0
0
0
8129592
0
0
0
10262228
0
9734734
0
9927963
1929176
2454859
6921226
0
0
150492
0
0
9891385
0
0
4741567
4079247
0
0
6999785
5383221
6244836
10328131
188881
0
0
0
0
0
7385070
0
496
1007481
7972654
936041
6539454
0
0
10258894
9800685
0
7975490
9877027
0
0
549065
6798953
2856337
0
0
5662808
0
0
0
0
4459665
0
5869558
6243327
10019910
10118120
0
0
0
91
4765280
4753
9560943
0
0
0
0
0
0
1969502
4518703
1165182
0
9276038
0
0
1213779
0
1915352
3277622
0
0
0
5892227
0
0
10407125
10228154
0
8388207
9846526
4198404
0
6590703
10321658
1290306
5998368
0
0
0
9303020
9396735
0
10387956
0
0
0
0
0
8582040
5262251
0
8970785
0
10240040
2102272
0
7687788
649
0
0
0
7028032
0
0
1404824
405356
0
0
452418
3338034
0
10386490
0
0
0
0
0
10025100
0
0
7680595
10381569
777979
7517777
0
2201723
8118382
4408598
0
5096341
0
0
0
0
0
0
4382421
8763926
5132865
8082079
8224445
0
0
8046230
0
0
0
0
10100195
0
9813677
0
4193953
0
10240312
9399188
7656161
1569224
0
0
0
5532590
0
0
10104211
0
8825535
5735062
7374068
3443974
5271009
0
10373686
2680694
0
5478229
5842927
1423364
8346936
0
6405530
8948855
0
2749951
0
1897857
0
0
10146304
0
2576687
3109384
6926879
9795308
8332641
409141
5332524
0
7179480
0
3127227
10253805
6326808
6433583
10169652
0
5983493
9415280
3842396
0
7192542
9433413
0
9215923
0
6989168
0
9398469
3698773
0
0
0
0
0
0
6430884
0
0
0
0
10374102
4847838
7378296
8199050
7594477
1820725
0
0
9593467
6248945
0
9602073
7586658
3363379
7085647
0
4188768
9880988
10366064
0
0
7904764
0
10026851
5330658
8003684
2754823
0
0
0
9828485
2885247
5149310
172
0
7416146
0
7401531
0
0
3364998
9649185
0
0
10400437
9126324
0
0
8666470
0
416539
0
2344007
1384411
5358549
10011908
10424559
0
0
0
0
6721065
0
10304178
0
532451
0
0
0
0
0
0
7388547
0
0
850949
6505893
0
0
7348127
0
0
9761765
8775756
0
5795819
3027449
0
3108771
0
0
9915724
6721827
5755053
9424200
6977225
0
5984070
0
6169023
1851001
9833500
0
8948332
0
0
0
0
9465721
0
913585
602
0
0
0
0
0
3050150
0
0
3361416
2556910
51883
0
6876058
0
0
10370900
9576455
10231591
10472845
3771836
0
2754996
9211671
0
8516127
9860282
0
455668
0
3136102
5671855
8396490
7407988
0
0
0
0
6945133
0
697
0
0
10091401
0
0
0
0
8934645
0
0
10341689
10211364
0
0
0
0
7767519
0
0
10429460
10183467
0
0
3069794
1906182
3348890
3850631
0
10465929
0
0
0
0
5905250
0
0
0
2671924
614302
1463001
0
0
9722969
2870214
10093234
0
10396186
0
3350572
0
0
9881382
9467146
0
8848240
10392337
0
0
10484670
0
2929574
10486238
2550001
10307828
0
0
1928335
0
0
10492086
8179275
10172214
1229826
0
1131134
0
0
0
0
9012473
9386229
0
0
7718670
0
10306462
10459544
37139
0
638968
10159799
8495571
0
0
2141459
0
6820693
0
0
691767
0
0
0
3470059
10468936
0
0
0
8684962
9006182
4494878
551808
0
10155352
0
1356073
0
8055021
3816674
5260723
0
0
0
0
0
9380257
4352127
6582624
2971435
5482105
7552028
0
2452914
0
0
9641524
0
0
0
2040408
0
0
1544511
0
10435213
0
0
5268192
0
0
0
0
10386303
0
10032166
817578
0
0
0
0
0
2047081
29156
0
10240354
7156515
0
1072765
7076920
6779172
5020029
10217019
0
9497646
3586408
4635414
8937537
1558868
3633160
601112
0
2435786
7773684
0
6431110
0
4568333
9404036
9222001
9300092
0
0
0
0
5761567
0
191969
0
10321622
7365271
3360889
0
105222
0
0
2837269
10222359
0
0
0
10382958
0
4165036
0
8388516
0
10481580
8890636
8592649
0
1374039
10391233
8387901
7524376
3800037
8121826
0
966958
10081296
0
4233811
8233120
436744
425642
0
0
0
0
0
0
0
5963329
0
133
0
942843
4033095
0
0
9893702
0
6439997
0
10419055
0
9689820
6375448
0
10414655
0
8021434
8316303
8297014
0
10203329
0
2883242
0
9583478
0
0
4767260
799740
0
4287820
3758802
1331693
9962841
0
0
3601374
10517345
1102426
0
284
4294603
8742632
0
681754
0
0
0
8294159
9216377
1438683
10304288
3505200
0
0
7191970
7347326
3126393
10198124
9725749
7466248
6966714
0
1848632
0
0
1878215
205755
10180204
7718964
2363163
0
0
0
0
4933065
576688
1030556
5221501
1772491
9485477
0
5950622
5172253
2750616
4693712
7467078
0
5375925
8788542
0
912073
6581265
9352007
5172253
0
0
0
7145385
0
0
434804
6510354
8494811
9194678
7128248
0
778431
10259646
0
10474490
0
9315578
8248322
7342156
4987723
3989990
0
6587180
0
8769976
0
9831967
0
7043132
0
6565857
4216345
1817128
2379399
0
9724365
7540905
9224442
9682114
10490487
6196696
10521405
10298858
3367133
8710001
8027726
8323334
9692865
9376380
0
0
0
9323354
0
0
0
0
3575956
1736085
4152932
2829511
0
0
0
9568262
10200131
0
10181022
8551801
5401737
0
0
9104071
8840493
0
0
8695490
0
10454868
13
10486233
0
0
3800500
0
0
0
0
8072259
10039955
0
6010094
7381335
9172428
0
0
0
0
0
0
0
10438523
135351
0
0
3681685
4915467
0
5670168
3469842
0
7424888
9110653
0
4679904
0
0
5808745
0
0
10484056
0
0
0
0
3763220
0
0
8667072
838
0
9971221
0
0
0
65910
6533940
10028465
9792681
528187
0
6735811
0
0
980995
9284700
10442483
9549816
0
0
9631047
0
371907
0
8959949
0
9997403
0
0
0
75443
0
9483907
8823834
10409621
9703918
555356
1802345
0
0
0
0
10156047
0
0
9855072
0
0
6977134
0
8669980
0
2582697
0
0
7812226
0
0
4297423
10122723
0
1144335
10352732
4434841
0
9178871
891149
9649424
0
6195616
0
6597278
0
5976694
10019725
7856488
9773347
0
6410390
0
0
6001595
1691143
0
463130
0
0
0
7706804
9264070
7797667
0
6279006
1922866
0
0
0
0
8840544
0
0
828
10041529
2503023
3976090
0
0
81
0
10015280
10107300
10204572
6538296
0
8654042
0
9737831
9055325
0
9212971
9984950
5168889
7505965
6002889
10265685
0
5668506
8554191
3106528
6566986
0
0
4361368
0
0
0
9238431
1392291
0
10637595
0
7582186
0
659687
0
1301112
0
0
0
0
0
741828
0
7321923
6741807
0
0
4105039
0
10583579
10427346
4276293
0
10065759
10611979
0
0
613407
4706998
6667750
0
0
0
0
7945978
0
0
0
10273414
6001180
1714354
0
0
3174666
0
0
0
6350508
11772
0
8629549
0
0
0
2077175
0
7906522
3764765
3330983
9827130
10366369
0
3653964
0
0
7782640
4861609
747540
4197520
5621866
1088596
0
0
10104783
3327732
6317740
0
0
0
5067924
9084384
0
10117055
4468966
0
9676534
719664
0
0
0
0
0
10183940
9284252
0
0
0
1171039
0
10555482
10487119
660
0
0
3198116
0
4996337
681
5835413
8714294
7804
2489816
0
10272075
0
9034165
0
0
581
0
5818317
6010403
8816167
618879
0
0
0
897389
0
1476639
0
0
0
4544830
0
0
1347480
0
0
10538936
3926571
10075755
8351223
1600646
9394769
1372768
0
4454849
0
10279038
0
0
652311
9186092
0
0
342
6995604
4061187
10183942
0
9365945
0
0
3712634
0
8513572
2419713
8370179
0
0
0
0
0
0
0
0
9278659
3591104
7186852
0
9091319
10188823
0
1876874
0
10040004
0
9738042
9697599
8183214
0
0
0
10015097
0
4002578
8123107
0
10595096
8416393
0
5075792
0
0
10547259
8954935
354790
7536983
0
8926752
9969315
0
2135538
9821634
2558829
0
2062197
6382220
0
0
188138
4475344
7827058
8590584
3781530
0
6277067
0
578399
3480539
7333201
0
0
0
0
0
0
0
0
0
10340868
1890503
0
0
0
4714394
0
4769886
6493477
107283
0
0
9699394
6021343
0
8151479
6043891
0
5539510
0
0
889117
0
9730252
0
0
10564471
0
0
0
0
0
0
9262169
0
790
0
9033968
0
6274805
10164732
0
0
9844177
5438149
0
9586434
0
0
0
0
10244432
8188543
9720491
0
0
0
2480759
7483295
0
3094455
0
0
0
0
0
8160306
9237442
0
3384406
7335551
9920704
10733430
0
5842188
0
7343354
0
0
3946286
6482296
0
0
7069075
7606942
5346521
0
10704761
0
0
0
6574822
1061815
1333194
0
0
0
0
10648974
6039532
1383068
0
0
0
0
0
10700641
0
8979953
0
5858713
0
0
0
0
4446783
9525053
10717669
5920077
3733290
0
5306782
10542524
0
0
0
0
4817346
9167148
9865540
0
9191002
6831194
0
9036200
0
8725286
0
0
0
0
8330626
8225121
10516938
6828630
2147448
0
0
0
6033354
0
450131
0
10187412
0
9217263
10066296
10672903
0
10399681
0
10376122
0
2178020
0
7663977
7278416
7974120
5987001
0
101368
10210425
7665888
0
9802331
4708435
0
0
10769474
4691459
7088970
0
0
0
3031541
9746568
0
0
0
0
0
8545345
0
0
4942511
0
0
0
0
91925
0
9095161
0
10471148
0
7005747
0
5900588
7515330
0
4709823
0
0
0
1549539
10747951
6666166
10076802
0
0
9641042
4003854
4552995
0
2253788
0
0
0
114
0
4444397
0
8177719
9954477
0
10519349
0
0
0
0
0
0
0
3927247
0
4606399
3006541
6968782
9366995
7656312
0
0
0
9873837
9998335
0
10486413
0
9808300
5404568
7187682
10142975
3397507
0
7502615
0
0
0
224114
7898186
2420998
0
0
0
0
0
0
10299413
0
0
9849740
8643721
0
251555
8297205
0
0
0
0
8779328
5383285
0
0
9438061
0
0
9066318
7736402
0
0
0
9719784
3710360
0
713714
0
0
0
0
5838747
0
8568417
152018
1714877
10749892
5299735
5239391
0
0
5676620
0
4978262
0
8082079
4210695
467953
263607
7141187
6051702
3262104
9511524
0
0
0
2896633
8483736
9792587
0
0
9918140
4708913
3156269
0
10484475
2565979
0
10707292
0
0
101215
0
0
8031071
0
0
6442655
10468279
7832967
0
6482991
8523377
9482643
0
7432768
4188895
0
0
0
2726365
9535555
0
10715787
0
9748356
0
5676522
9501467
10459775
125
9796531
10059709
0
8563024
0
0
0
10627301
0
9595032
10488532
0
9734868
0
0
10712880
9919355
7866610
0
0
8665391
0
0
8435746
8604104
7804992
0
0
0
5250188
10017863
4269234
9231811
8780221
0
10136998
4909034
0
3011679
3558894
0
479
3795615
9412959
9998060
0
4109844
0
1968798
5654681
0
0
1384937
6303008
8381380
3257031
8568865
0
0
0
0
0
0
0
6799815
6175855
10521721
9303778
3282280
10333147
7065832
9641515
0
0
9241422
4468463
3131879
4827324
0
0
9921771
622658
0
0
0
5483481
0
0
9516315
0
9499247
0
0
0
0
0
0
482628
2582697
0
0
9277789
7879083
0
10816944
6168347
6365335
0
9781326
0
2402628
406
0
0
0
9726385
10585707
7968316
6208270
0
0
0
0
3840173
10720869
9130035
4002579
10750871
0
0
4759531
3502701
0
0
821
0
10554047
9321360
6208134
0
0
9708150
9290471
0
4358626
10605338
2393053
2211131
0
0
7117692
7255911
7294784
0
8570166
0
10208193
7809228
2848434
0
5966348
1299198
10700959
0
10564139
10422708
0
10477295
10816466
10668892
605
2480506
5368037
10233049
0
10198065
2195016
0
0
8342129
0
851
10825779
9796424
10770214
0
0
0
1857210
10855119
4257615
0
10503051
0
0
3266147
8774937
10374040
7135738
10216433
90204
7717631
9763904
0
0
0
0
2647035
0
6538282
0
821382
0
5445639
0
0
6959177
8786493
0
0
9683704
1798897
7167191
8178519
0
5723261
0
0
9686370
5965361
10119276
0
0
9088438
2117392
0
9476931
5867558
9814502
0
0
9506240
0
10035117
9088438
0
7636200
4216984
8171819
1227236
5624477
0
6512407
0
8573413
343
10150519
9944754
0
0
6526240
0
0
0
0
0
0
0
3426206
0
0
689293
0
10673459
0
0
790209
0
0
0
5069557
7348008
5697275
0
0
0
8532235
0
3434229
9036061
0
1490673
9872916
6053148
2990027
0
9863099
0
10415553
1279410
0
5550638
6299869
0
9444570
115588
0
7021627
0
8209655
0
0
9283594
0
8708531
0
10234460
10897741
6840971
4517101
0
10520946
0
0
0
3698770
931668
0
0
0
8799838
0
0
2513057
0
5307915
0
0
0
10176951
0
0
4199818
8413270
10546967
653191
0
0
5318754
10538578
0
9228504
0
0
0
10191878
52397
0
0
2160626
8676062
10471432
10334068
0
0
10598084
0
2798052
1041850
6969064
4267650
10223708
336
0
10905626
0
4305200
10842346
9096218
0
0
0
9758276
9471822
1510183
7678300
9393122
0
1881580
0
0
8096062
0
0
2994473
7424398
0
0
10439733
0
717318
10691566
0
5856
0
0
7804992
10396191
10718155
0
2939325
8021166
10277438
5734834
5064955
0
0
3201144
0
7743044
0
0
10156210
0
8271695
5596379
9263489
0
6534166
10718902
6070621
10893881
6863054
0
0
258450
0
0
0
0
423615
3030023
0
0
8662968
9837153
0
869837
7629580
0
8109243
0
3801825
0
9357961
9531440
1602608
0
3923981
0
572825
0
8559846
9698193
0
8566670
0
0
2436881
4793946
0
0
0
0
9737471
10178498
8656227
0
10270805
4481892
0
0
0
0
0
0
8177039
0
0
1565742
0
10593524
0
0
0
8860209
0
1099353
4124652
5119188
2398775
9410572
10108482
0
0
0
9173599
208631
0
0
10743311
0
0
10867194
0
0
9384745
2687805
7859657
4334715
0
0
10445394
1056914
0
0
2399731
0
933735
1448676
9023308
6459
8607571
9568091
6337509
9794168
0
0
7873193
0
4909117
0
633593
7597609
0
9251983
10895265
0
7054565
4865152
581515
2465906
10342510
0
7451352
365047
299778
0
0
0
0
0
4696535
0
7175411
0
0
0
7133889
1952936
0
0
593
0
10299574
0
0
0
6504272
2320184
0
8328150
0
10958872
985135
0
0
4821651
10223727
6392121
128222
0
8869080
9648415
1641192
4375933
0
0
8760205
0
7661190
0
10461780
8423539
1147511
0
0
6344976
0
1541357
7273381
9895490
8122060
0
0
0
1964186
0
0
4120942
6920738
0
7333521
0
0
0
7388750
0
7414104
6057112
3195149
0
4802697
0
1525613
243609
0
0
0
10771510
3941291
0
0
0
7138345
8913770
10211138
0
808
8749341
0
0
0
8322008
0
6763828
8359232
10887855
0
0
7049368
0
0
7703360
0
0
10849354
5309650
0
0
8116307
1562166
9541566
0
10732455
0
7126935
9051519
7755013
0
10195575
10380332
6969779
10830362
0
449
3268081
0
9693970
0
0
0
9535185
8710385
0
10127338
6536642
2172841
0
10802195
9810128
4967875
0
5988276
9346777
0
8695124
9126912
8295813
2359684
0
0
9205275
7404550
0
2636483
0
10009410
10444516
0
441515
4283610
0
0
0
9540616
6829352
0
4826900
9210715
9632363
5205782
8665053
10123721
0
0
473019
0
0
0
10674792
0
0
0
1139525
564
0
0
0
7135908
0
0
0
0
119301
9782641
10986347
0
0
10624360
10957385
7814357
7841201
0
10822049
0
9380994
0
0
5767531
2385543
0
10385656
0
7498318
7160839
0
0
641082
0
10717012
0
0
3744450
0
8766079
5043451
6102084
2273712
0
8635469
6048112
9619874
0
9882542
6515567
9557685
0
3701835
0
9287716
8594504
6342173
1070632
5006928
8875099
8500496
6759857
0
0
359923
7630343
10340585
0
7783508
0
0
10337552
0
10373523
10576228
0
0
9506947
0
0
1838028
0
8587405
4805983
10276879
1566410
9587082
0
0
5284178
0
0
711370
0
7279387
10749410
0
0
0
0
1475241
6812660
0
0
0
8367567
10284169
10615641
0
0
10532661
0
10493547
9978472
9525153
10867886
9549856
0
10493100
6617311
0
10574402
10484587
8360286
1978300
9557685
1564297
9123976
0
0
0
368
9371807
0
10963136
0
0
9787429
8119807
0
9572183
10365408
0
10661382
1173805
5006203
0
0
0
5051881
4370760
0
0
0
0
5732088
0
0
0
0
10512680
9704281
6440330
0
9370667
4673718
0
2631750
954
0
10426265
2393594
0
6205731
6271270
9750446
2129184
5404005
0
0
8318051
8385405
0
0
0
0
5424849
9513831
0
10537614
0
10288223
0
5657728
0
10427633
0
0
0
0
0
10880928
10673449
0
8075584
0
4018592
7731349
8141693
6766984
5286811
0
0
5859567
0
0
10796990
1972965
0
3572013
794498
0
0
0
2284667
0
578710
6589471
5839707
0
8330101
7123948
8465175
0
0
0
0
0
0
1195675
0
1909979
10267424
0
6424266
1392679
10511477
0
0
10500868
8121952
0
10886857
10564366
7039169
6646327
9237794
0
0
226331
10139149
9970534
0
5652539
10919876
9519009
9725064
10960045
4494674
0
0
9883068
0
414709
0
0
6514584
0
0
0
0
10845168
10829349
0
1376263
10954461
0
7488155
0
11018524
0
0
672672
0
0
0
0
0
5616024
7537561
0
0
10994475
0
10381583
1531897
0
0
0
10540327
0
0
9030995
0
0
0
0
131961
3884432
0
10659891
8197953
0
2473853
0
0
9209712
9850211
0
0
0
5301687
2752074
7630301
10787676
6581609
0
0
0
9243032
0
8115913
9376115
62631
0
0
6678584
0
0
908739
0
0
0
7528755
0
9407282
0
10839248
10167364
4516016
207402
0
4378145
0
11048426
10662152
10673527
0
0
0
0
4555762
6532500
0
9733227
11008233
7012843
10708838
0
726506
6774494
0
7015508
7276182
0
9769991
0
1371079
0
0
0
11043038
0
6973070
0
2169878
0
0
0
0
0
0
2329471
0
8505953
0
0
7766338
2478258
9037044
905
0
3270494
10759756
0
0
0
0
0
0
8666683
0
10503080
3368992
10589213
1793392
10709190
0
103914
0
9571444
9271650
170138
0
9523784
6047302
7802267
9701977
0
5143999
1933440
8975802
65
0
0
0
5353096
10126323
0
0
6632329
0
9958724
397064
0
0
5165986
0
10852561
10201344
9949478
0
0
137
0
8209414
10775216
0
1423588
0
8714294
7569742
0
9787448
2129522
7966539
9528434
0
8442484
2349811
0
9350379
3494617
0
5491980
580912
0
0
0
6980487
4210359
459767
11087244
0
0
0
0
0
0
0
6786570
0
10210769
0
11094018
9957643
0
24264
0
0
0
8129197
0
10053510
0
8498339
0
0
0
6870276
3274
0
0
2127175
10356056
0
0
0
0
0
0
0
2029260
0
9271993
0
0
0
5017687
0
0
7745375
820402
9504208
0
1983550
10444404
6596042
0
4816560
9232215
0
3351924
0
0
1863262
85436
0
1065635
0
10661119
0
0
1014332
0
0
0
7625322
7087318
0
0
10167888
0
8451810
0
10517484
2900380
0
0
0
0
0
0
0
0
0
8370738
0
1370926
0
1546377
7875690
8243888
10142622
10462718
0
0
10207098
0
0
10711465
0
6307064
7544850
0
8784223
0
0
7980400
1598337
4642306
10674708
10135509
10647466
0
0
3631809
8494141
0
0
0
10125825
6987343
0
4912452
0
0
0
0
0
0
998086
9233641
0
0
0
11099355
8575095
11038516
0
4581882
5726176
1910961
8000122
0
0
0
1284302
0
886462
10434025
0
10596761
0
0
6181
6499593
10696228
0
27431
0
0
0
0
0
5692996
0
0
8309518
0
0
0
10379026
4920933
7817669
8724088
8480373
0
2606494
0
0
6240416
0
7749546
9310342
0
2712274
2675565
0
6906528
10111621
0
0
5977425
7795244
3154617
0
0
0
7402324
0
0
6649310
0
3138163
9496419
7070752
0
6476998
5119899
1478937
0
10887784
5751200
0
0
927620
2683097
0
7175778
3468354
0
0
0
0
0
5998148
0
7632583
0
10485002
0
9690599
0
0
10162324
9738798
0
0
10657496
9986113
1954839
0
6855398
0
11147697
1859246
6515746
11081569
0
0
8773744
0
4155080
6187392
0
0
8457330
8354264
0
10475868
11128266
10987824
8715896
430
10622066
7903674
1668623
5920942
0
0
0
0
9016094
0
10816754
0
0
2473425
10748855
3737481
2335044
0
0
0
0
4525370
5922798
514331
0
11137750
0
0
0
0
10186565
0
0
10620480
0
7229511
2670123
0
2322170
0
6184229
0
0
0
0
10520946
0
0
0
4868323
1976229
0
5045159
0
0
0
5851824
11217793
0
5191152
0
0
1022668
11215992
5977235
0
10471454
0
7613864
8619595
0
0
11141247
11030917
0
10472510
5089835
10540560
0
10818066
2909131
3103738
0
11031110
10527066
7095314
10814926
0
0
0
0
0
401927
3384937
0
0
2683696
0
3847654
5949306
9402974
11165142
0
9923815
0
1335027
9602399
0
4357059
0
7710569
4149317
0
0
0
4724277
0
0
1422292
10379865
6383019
4429117
9278299
0
4936804
7094951
0
0
0
0
0
0
4217929
0
6056810
10584616
0
0
0
2331853
5639874
1100724
0
0
9992115
2129583
0
9311929
0
0
0
0
2448854
0
0
8582131
0
0
0
0
0
9047214
6735361
11110852
0
5848559
7153884
0
6932831
0
828
0
10493691
10480571
7656696
0
528801
10956470
11190447
0
0
0
0
0
2178352
0
10685578
8918014
0
2981225
10775560
5942083
0
10241422
5175091
0
2444591
9003087
0
0
0
0
760664
11092175
8505398
0
0
10835408
8503742
3952574
0
0
0
0
0
1662740
0
0
9409821
4608644
2500484
0
8126406
0
5343272
0
11257258
0
10576234
0
0
10817782
11111029
4310232
1889610
0
8698665
8140175
0
0
0
0
1632818
0
0
7217607
0
7996279
0
0
10683149
0
0
0
10263590
0
0
0
10634410
0
1703419
0
0
9056219
5983778
0
4045135
0
0
0
0
4793548
82
0
4412129
7173131
0
0
2101367
4624465
7991623
2250264
0
0
494540
4937484
0
0
0
0
0
7217514
1792748
0
7402440
0
1450735
10817850
7661388
3063511
0
0
8788950
10691431
0
0
11291780
10124290
5266748
0
0
5910638
0
0
0
7697025
0
8419296
0
0
0
0
0
0
11298573
0
0
651568
0
10223803
9833614
0
2553853
0
9234961
0
0
0
0
8786152
2702657
0
10056126
0
3318724
0
0
8802606
4827826
0
0
10381758
9570454
0
0
0
10197990
0
0
9312463
0
10724399
8141008
11216213
7803450
0
9686051
2871779
11232249
7991623
8343535
0
9509303
8818175
212955
10547346
10963557
1757449
0
9583278
0
0
0
10779806
10658112
9847395
11253154
0
5385073
9724172
0
0
709
11201321
6430066
9428393
0
0
0
0
0
9786933
5693127
7688027
5717402
0
0
1611598
6394046
0
9342298
4896918
3366088
4776560
10679188
7666158
0
9701481
2702046
8858384
9952143
838233
0
0
5388031
1070543
3005415
10983621
0
0
0
0
0
4204026
6327531
0
0
10080308
7769405
0
10855861
2309260
2902043
0
7842174
7538168
0
10049532
0
10833334
9738455
0
7447270
0
10649977
3137448
0
0
0
9394514
4955799
4687567
0
0
761216
0
9783914
4241243
7204889
0
3889914
0
8402586
0
0
3543004
0
0
584008
0
0
0
7664411
69613
0
0
8808797
8785679
0
9551313
0
0
9227075
0
10499281
0
0
0
3892884
7232821
2915820
10082481
0
0
0
0
0
11315994
0
0
0
2378863
9145264
0
0
0
9128966
0
39553
4905301
0
0
4178745
131
0
0
0
10773323
9223731
3551730
0
0
0
6873924
3488066
9645229
0
5438768
0
11005719
0
0
9516572
0
0
0
60255
1018003
0
4271408
2230604
0
521575
0
3717242
9272363
9316782
0
10938255
5386531
3461597
0
8403635
0
0
0
10300067
0
11218273
11346598
0
0
0
6352957
5646886
0
10274000
3405217
0
3398950
3582845
4198353
0
4328449
0
3893418
653915
6208827
0
10288558
0
258
10923617
0
0
10131436
0
8138816
2602009
0
0
6370083
7143963
6264227
0
0
0
11215906
0
0
5451782
0
0
4682401
0
8028232
0
0
0
11194825
0
0
9745515
8501403
0
0
6043691
25
0
10665407
0
0
0
0
6352957
0
9061150
6505993
3167211
10529164
0
9186052
9157724
0
0
0
7579016
6143743
0
6906926
0
11216574
11362548
0
0
0
0
0
0
8210495
0
0
0
10867745
8624071
0
8868170
8249940
5762236
9213681
0
10211896
9195155
11199094
2822504
664585
0
0
0
8992425
3450161
11373874
8014225
5541811
0
10690095
0
0
11367557
3313703
0
0
8575246
0
0
9103261
11022526
0
4895435
744662
5249240
8806115
0
6741021
2533431
5619657
0
0
10553727
11183551
10290092
10234317
0
6516860
9780945
0
0
0
7129889
0
0
0
11020641
0
11302925
0
0
4773825
0
10735478
0
0
0
0
0
0
2497497
0
0
944627
0
2363075
10780891
4444293
7233626
0
0
0
7424937
0
8166855
11215000
0
4497022
0
7274981
0
0
7181918
10860705
3241984
8630784
0
0
1322995
3580624
5709396
0
9872798
0
513182
8791019
11254430
0
10418663
0
0
0
0
7136377
11299860
7744784
0
10208077
7439457
0
0
0
637915
0
0
4785389
0
3724840
0
0
9919223
9422153
0
9345644
8444840
0
0
5920340
10980954
0
8451361
0
10700351
0
5945158
0
0
0
0
5310816
7592749
2874265
1246238
11314561
0
0
3807393
0
28875
0
0
0
8812608
11368651
2234119
6225506
11358683
8237461
10564109
6761544
1417929
3810206
10949652
11078439
10279731
0
0
9457715
11001319
0
0
0
9535827
7484970
0
0
0
0
8020989
5934956
0
911063
0
715199
0
11064262
376
4794562
2821688
0
0
3592038
1261982
0
0
3740631
5209372
0
2207263
8938556
0
0
0
0
1365836
0
0
0
0
0
7434606
6704375
0
0
0
0
10546816
0
0
0
71487
4035976
6123939
4695009
7931917
0
2126515
11270704
0
0
10344569
0
0
1209482
1996768
9466213
759938
8079364
0
1740392
0
0
9209544
10135436
5975784
0
11297780
10962174
8558707
370632
0
10815335
4217690
0
0
3889896
0
0
5054975
0
10345744
0
7736950
4813461
0
0
4302587
0
11314593
0
2931361
0
0
3914327
0
4625088
11372996
0
2496306
4790603
3190281
6741685
9255305
6656120
4695358
10431216
0
0
0
0
0
0
0
10790416
0
0
4222384
0
0
0
8079086
1465930
0
10415405
11149255
0
0
0
0
0
0
0
6879138
8609278
0
0
10693850
6632910
0
5231177
4202732
10294619
7672805
10051540
10968343
10789606
10939720
9940262
0
0
6858503
0
10904014
0
9055940
11223939
0
2484538
0
1247495
0
972196
11428195
0
10587887
11307157
0
0
0
0
0
0
7895889
0
3695766
6658728
8218668
0
0
0
0
0
7488638
0
0
0
0
0
9091334
0
0
0
7645499
0
5581050
2567307
1372757
10722684
3620269
0
4487330
0
676578
0
0
6306493
0
0
1400012
0
3683818
0
0
9376943
5408967
0
0
5849057
1196790
0
0
0
0
0
0
10549360
0
10864262
0
0
0
0
0
0
8331093
0
0
10429956
0
1168599
0
10468655
0
0
8979729
10004882
8922615
7303449
0
9079890
0
0
6270368
11367765
1911580
0
10836429
0
0
0
1146050
0
7200798
10684213
11478462
0
0
11088176
0
8606871
10659789
0
0
10612448
11453532
238006
7150097
9667522
0
8953475
0
57424
0
7553109
0
10445062
0
10198439
0
921044
0
5812056
0
11047349
0
0
8709987
1583350
0
6305530
0
0
3367365
6805504
10941570
3282357
11190003
11062208
9976166
6865345
0
4157177
0
0
0
9481629
3867675
0
0
8153055
8861846
7127945
0
0
0
0
10081544
0
700980
0
9506374
6855140
0
6379310
0
776607
0
0
0
10933245
0
0
7159391
11498823
0
0
11064460
10738893
7088917
8004692
11395365
0
3115477
11337258
9188261
11525537
4600821
0
0
0
0
9815994
0
10955228
0
0
0
10810199
7859760
6211124
0
0
0
11196095
0
10261750
0
0
0
8640633
4819100
0
10422276
9310240
0
0
7401700
11149910
10702196
0
0
0
0
0
11011123
10630876
0
231911
10257236
2668532
9571871
9707341
5974048
7776824
4930366
7840358
11259135
8030506
3040544
9147023
2224876
7961665
0
0
2657698
7262158
0
0
10549991
0
0
0
7289688
2156841
0
1569336
0
6141938
0
0
0
0
10954098
0
0
3161265
0
7854165
10743975
0
10813823
7239504
0
0
0
0
5894994
0
7993069
0
9671822
0
0
11232064
0
0
9468369
9537338
2063692
0
0
0
0
0
0
0
0
10968309
264109
11275276
0
0
0
11424189
11476460
0
10739694
0
0
0
0
0
0
0
0
4373463
6095437
0
3156449
7219460
7560415
5224696
0
4587266
0
638239
0
0
11469496
0
0
2873764
0
0
11067981
5199095
9739939
0
9496728
8313964
1228444
11262070
0
0
0
0
0
10649977
10668683
0
8826633
0
6929933
10298526
0
3221786
0
8558930
9019693
0
11400743
0
7214778
0
0
0
0
0
0
0
7185002
11520612
0
10369673
11461674
9520635
0
10985318
0
192748
0
0
10736318
8664469
0
0
7782667
11076728
5543591
10882022
0
10903990
0
0
10831923
3058038
0
9305180
4740704
0
4359468
163023
0
0
1281992
0
0
11511538
6976033
0
9775842
7427475
0
9934632
0
0
1557039
8365285
183397
0
11475488
0
0
0
0
10787270
7606655
2029650
7163085
10219169
0
8292259
0
0
0
0
0
11546459
0
0
7554167
8683192
1424728
9609618
932
63665
2679605
1202230
0
10469184
172
0
0
0
0
897622
0
0
0
6369638
1300097
0
7124724
0
11262188
0
0
2762899
3097463
0
0
0
9914296
10159964
5804405
3145872
11036026
0
743387
1946245
0
0
7876062
0
5944295
0
0
11195356
6299493
3940928
6965723
0
3285679
4689010
4905550
10809719
329106
0
0
0
8253775
0
0
2393244
8568972
11423948
0
0
0
0
11227841
9611133
11522550
10657786
2638008
0
6996387
0
1169734
9917379
0
10110782
9918734
9266911
0
0
11190557
2361715
10940211
0
0
0
0
3401211
9128534
975
7475949
0
8130073
0
7233492
9307054
9183367
7050852
0
1845823
11529349
0
0
11193208
0
0
6812170
10750295
10114047
0
9136455
0
343842
0
6282142
11567914
0
9757751
9304341
8971320
10065381
404126
0
11195868
1938250
933
9755278
0
8561923
0
0
6332404
0
0
3243545
5116553
6895689
7393499
0
1746835
0
0
7415991
0
11077206
0
0
0
10396597
11479532
0
178
0
126698
0
2131031
3997721
0
9329130
10126863
7030949
10961030
9584344
2917135
0
0
11103739
6331765
0
0
0
0
0
8171014
0
0
513882
11618915
0
6900516
0
0
0
0
0
10743428
10836008
0
10301106
163034
0
11479832
1262458
0
0
853378
6805621
6209969
0
10138373
3189164
0
6681629
0
0
182084
0
0
0
0
0
0
0
326727
8418269
8358097
7922409
0
9608712
6238698
314301
0
2044061
9790441
7359404
9185891
0
0
11540365
0
8910768
0
8857538
4444546
5205059
0
9948127
0
7926395
8731035
9297548
7401697
0
6143609
0
0
0
0
0
6865366
1573360
5688316
11136469
1627111
11155442
6931165
0
10636047
2657170
1380714
10821475
0
8634513
11408727
8241693
0
0
0
0
0
0
11426988
0
0
11025086
0
0
9120327
998114
0
0
0
0
0
0
5336387
11467276
4925621
0
0
0
11567987
0
146
10006458
6467737
0
0
7775326
0
11381580
0
0
8826671
0
9175538
0
421846
0
0
969
10180359
9269415
0
0
0
8128486
0
11339280
1602144
6895216
8267660
0
0
6868525
11264302
10919516
10701828
0
8168661
10954316
6039824
11493044
11461241
7615908
11166415
0
10818852
0
0
5676378
0
0
0
9948188
0
0
4889211
0
6533214
0
0
10887063
0
0
0
0
0
9195316
0
5159176
3392027
0
3319530
3327347
5589280
0
521473
805303
11220107
0
3978474
6547317
0
0
0
0
0
0
10530253
0
10170012
11487232
0
4386652
0
0
0
0
0
10174331
5407934
9757503
11520958
0
0
0
0
0
10511333
9020002
2822524
772
0
0
10810237
7985587
0
10815219
10824197
11089589
0
11274215
6048444
1208847
0
5498214
0
8127271
0
0
1604456
5750041
0
0
10641565
10978294
9762998
11593255
0
2238843
10779983
6562609
0
5934772
10909549
0
0
0
0
0
0
7346632
5959919
0
11291220
0
0
8964457
0
0
0
11038144
9254096
0
0
8772830
11678687
3999978
0
11563340
0
0
11322930
7830098
0
0
0
7944555
1520015
0
2098809
1607986
0
7895548
0
6702312
1727975
0
8952258
4931837
9065550
7021318
0
0
0
11036003
0
0
0
11675067
2399466
0
0
0
8756120
11428341
543102
8302892
9934096
6309817
0
4917501
10434973
993862
0
0
6658161
4386068
0
6670546
323
0
9999042
10567773
0
0
0
0
0
3282313
8299506
0
0
9810869
0
0
9830827
2102375
0
0
0
7670060
11472340
7745052
0
0
0
0
0
10675070
0
0
4891241
0
0
0
9185246
2226054
4305156
900
0
7360354
0
0
9616122
879314
10073124
4831111
11270630
0
11513850
378007
2708651
9990857
0
0
1469340
0
5283225
9121853
3717307
1903593
9425609
0
11705507
0
0
0
193616
7095411
0
0
0
0
7910981
9019158
0
0
8636553
0
4551058
11629547
10788125
11635516
9921307
0
11171448
6675351
11393734
0
6893967
11577735
0
429661
0
11377839
0
0
9726080
3579226
9980806
0
0
0
0
115644
6557097
11690283
0
6486114
11523906
4574127
11137232
867466
0
0
0
6675292
0
0
6907740
10005300
8560066
0
6672956
6260515
10890589
5960313
0
9304919
0
0
10274843
0
0
0
0
0
0
7929441
4243352
0
0
2023052
7834471
10911149
2521713
2215273
0
0
0
0
10205390
10256980
0
1772409
1975928
10151298
9213874
0
3185394
11376786
11157796
6046021
0
0
0
10397885
0
0
0
8492666
7827467
6376974
0
6045197
7200718
1078633
11473178
9762685
7674653
2234299
2702042
0
0
0
6857833
3306177
0
7722097
7933851
0
3006780
4781298
6385416
0
11470162
0
3837404
0
0
0
9906719
48761
7974924
0
9102398
1381147
0
5718121
0
0
2916953
0
0
11681758
564171
0
11084020
0
0
9159857
4407446
0
0
6396894
7517023
0
10448140
0
0
8222996
0
0
301498
11585500
2273417
0
0
9147089
5710888
0
1546992
9783032
8588398
6549703
1806988
6263376
11614553
7507392
0
9866583
11681510
7908269
9457395
0
7256255
3558566
0
0
4556116
8261559
10687448
10799280
0
0
3783707
4659851
0
11667011
10257401
0
0
11018524
9814755
8310379
8952294
11777590
0
0
98262
5947002
9170348
0
0
0
8358239
10835248
0
0
0
8230867
8576416
7947601
0
5749284
10486653
0
4254541
5957837
0
9526060
0
0
0
0
3876279
7766338
1137893
4912036
6912041
0
0
0
10791651
0
568702
11385773
0
11123865
0
0
0
0
0
10623108
5462003
1642511
0
11139816
8025167
0
0
10281556
4219506
1443916
10426922
0
6195322
0
0
8410460
0
0
7964118
0
11158950
0
0
1838009
4844798
10177535
0
10365241
8258716
10835517
0
0
0
9515101
0
0
940141
0
9575793
6659831
0
6043130
9309173
167429
0
475536
0
6876760
11683327
0
9535753
52733
10987825
0
0
3447339
0
7175246
0
0
11343881
0
0
11770955
7338336
0
11201655
0
65
11500035
0
8146205
11491530
2550958
0
0
9947938
10976721
0
0
0
2205263
0
7901829
7135484
0
0
10557024
0
5250
0
2604470
9839367
0
7178916
10828976
0
0
5481765
0
4847980
10492678
0
0
0
3472238
9230876
0
0
0
0
0
0
0
0
0
2398121
0
6525968
0
11118404
1205647
0
0
0
0
0
11163969
0
5095720
0
0
10448882
0
0
0
0
0
3924130
3490930
11723969
0
0
10730233
11797938
0
0
0
0
316459
0
7542801
9028972
0
8788769
6804462
1802836
0
11779159
9762977
11047993
0
0
0
0
0
7627204
8040971
0
0
0
8667224
10122880
0
0
0
4818158
5596761
0
10754414
1715747
10911568
0
0
0
9092021
0
0
0
828167
0
0
10409256
10198355
2460205
9746635
0
523993
2660114
1051510
6190383
5322025
8916106
0
0
0
10403675
0
5908858
0
11295652
0
2678326
0
8639699
11266519
0
0
0
7463746
9992147
0
0
10135008
3197263
6536774
0
0
8805455
0
4571333
2746838
0
5712598
11015596
0
0
9669269
10223667
2197700
0
0
0
2885247
0
0
3147282
11543498
5305450
0
0
6680221
0
0
9353795
2374374
0
2528631
5100905
0
10978295
2306369
7945773
0
4328727
11190264
0
0
10012284
0
11387386
0
0
2468829
5649454
11503098
8039067
0
0
10718451
0
0
209391
944497
11340703
0
2266033
801
4325740
6999359
0
0
0
1516114
0
0
0
0
10784922
0
0
6953389
75615
11738024
0
0
992540
9511734
0
1147785
2520730
0
0
0
8512520
0
9928411
10189166
8253102
9587518
0
113145
0
0
11420311
0
0
0
4623714
783
0
3588236
7350644
11787358
0
4706792
11248207
1616876
11793434
4813323
7376760
4158899
3269881
11474111
0
2907603
9265188
10672805
0
9672281
8380519
11477295
5519191
6861434
9120000
0
0
10895520
0
0
271741
7288382
0
9946774
0
0
9936024
10122779
5549626
0
0
8314901
0
0
996
0
0
0
0
3081000
0
7925916
11344789
0
10479224
6603251
2342649
0
2554075
2753259
864611
3959070
0
0
3201128
5486588
0
0
0
10983205
7391815
0
9618849
0
0
5288297
0
0
7363387
9310461
11310576
5787714
0
9233564
0
0
0
11558160
11243404
884
9308168
0
10156273
0
11209778
4127347
0
8526455
11721694
0
8355559
0
0
7858367
0
11713065
10895020
2357575
0
0
11573701
0
0
0
6802652
9558503
2902813
0
5005544
7249331
7050050
7184242
0
0
10979238
4346425
0
4719954
4926308
0
0
6645980
0
11439934
0
5662809
0
0
0
4086512
9870627
0
0
10690279
0
0
0
3758258
4588983
7926056
619
11803181
8059017
6698802
0
10083956
9932999
0
0
0
0
0
0
0
0
0
11397960
11728758
4405061
0
6386386
0
10635571
8886434
11166816
0
0
11263511
0
0
0
0
336945
11522646
11732936
0
1743702
8660685
0
0
0
9983564
1007045
0
0
5822635
11742121
0
9256946
9642183
2604848
10673082
0
0
11411371
0
0
8440194
5463647
0
0
1198524
1449650
0
3848176
8946492
0
11514958
996
7128830
0
0
5654297
7513292
681478
7991162
0
0
0
0
0
0
0
0
8849831
1974548
0
0
0
0
11150344
3383342
0
0
11771578
0
3195151
0
0
11082775
0
11309968
840774
9524204
0
8854441
9243016
0
3731647
0
2673394
11885215
10373997
0
0
0
0
2888303
0
10191601
0
2844986
5635416
0
0
10427004
646221
0
2220262
0
6130030
0
5183132
1867657
144
7700041
9105501
11483192
0
0
11558785
0
5342125
0
0
11264010
0
11425166
9035669
9279217
6588225
6279321
3196227
0
5644283
9268110
5281986
0
0
10698529
11883342
11913483
11838580
7212596
4105370
0
0
112
3579621
0
0
358296
11131516
0
9342337
0
0
0
0
6105722
8452255
11775730
0
10425787
0
9169736
0
0
7655414
232
0
0
9329419
1247371
0
1999963
0
11375772
9257639
2168162
0
0
10086215
0
10811372
0
7448982
0
0
4651886
3453405
0
9851594
7976496
2376382
9668803
6257379
0
10236012
11414912
0
9919772
0
8439381
10917874
8017416
11881762
0
7530539
11079053
0
0
0
5571755
0
0
3724317
0
8932936
9152349
6198577
9234394
0
0
6965091
3965587
0
0
0
11636205
0
9294081
11813733
7626889
9384777
8854047
0
0
0
0
0
2973728
308184
10669065
11050035
10460830
0
0
7364910
8956264
8527512
10606487
11880241
0
0
0
0
4861544
0
11342237
11117646
8127742
0
19004
0
0
4148204
9153090
11156723
8421053
1860561
0
0
0
3625777
0
0
0
0
521
0
620254
11376145
10119709
889
11817619
0
0
10340525
0
2217869
0
0
0
0
0
0
11475547
10452331
0
0
0
11779814
323089
871
0
10865999
10301850
0
0
0
8705542
2014134
11512852
0
5845822
0
305
1261892
10951264
0
7847690
0
0
6496114
0
9447700
11857663
0
0
0
149828
7398636
11520024
0
0
0
0
0
0
11779599
8207141
0
0
5151310
0
0
0
0
1657355
0
6703158
9415861
11918291
9298787
3563713
6430381
0
1406130
0
328889
10598986
4654544
0
0
9148721
11558569
10754063
11783255
0
0
11468379
10743301
11260820
9328792
0
0
0
9584175
7422656
6286862
0
0
11824818
6214282
9309826
11152399
10090287
6102326
0
9290433
0
0
0
0
0
11353574
2617282
11644163
0
0
3976873
1196451
0
11773563
0
0
11359677
9586401
9747918
11153431
3108366
11194905
0
9791129
0
0
2820711
0
0
11747073
0
561
0
0
0
0
11533048
0
0
0
11840404
5202552
11000507
5763976
0
0
1400472
0
0
71487
0
0
0
0
0
10425374
11844616
0
0
0
0
11479337
1571807
6940064
6933331
150297
8638528
0
10079725
0
1198024
0
0
0
0
10100699
0
0
0
11696663
0
2875987
10963582
8004634
0
8141966
1988532
0
9673247
0
11585816
1846511
7543349
11131457
0
0
5751936
0
0
29405
10551126
0
0
7075384
6044631
9435859
2170005
0
10189624
0
0
0
0
7755685
0
0
11439705
11074052
503
0
6768879
11870678
8310064
4251358
1779006
8677640
0
0
12007391
321
5603085
6804850
6831829
41177
0
0
0
3851890
4129196
0
6469120
11528560
794833
11877626
0
0
11967625
6305439
0
0
11327547
0
5361198
11902781
0
8636582
1702176
1004202
11472330
0
11032973
11000739
2637381
4575155
10081212
8927957
9927586
0
0
0
0
9608357
10222452
8077187
0
4832522
3340581
7880722
0
0
10565884
9206105
11347196
406
7507221
8815630
0
814796
0
0
0
4672100
11854321
0
11303009
4912453
4667548
0
6506281
11699580
2251521
0
0
0
7145780
11000150
0
0
4289013
7542780
0
8925630
0
0
10998475
0
0
9206256
0
0
6454434
11939138
6806800
0
0
0
3884746
10212768
8416792
0
0
11886501
0
0
0
0
0
0
10677401
10070439
4426582
0
10341192
0
0
12003605
2530898
8124391
8224374
0
1915921
6606532
0
0
0
0
1506024
0
11475673
5308489
0
0
9067437
0
0
11787208
5121420
0
3158260
0
0
7489842
7900171
3574590
10667791
0
10902683
11888156
0
584004
0
11460464
7031392
7560952
0
11916165
10069644
5096334
11814503
0
10185593
3904327
10155010
0
0
0
0
0
0
8518124
7895
0
1620270
0
7932232
0
8764633
0
0
11997572
0
4700106
0
0
0
6855486
0
0
0
9609718
0
6121547
12065835
0
0
42397
0
11963596
4608515
218630
0
0
0
5388007
7979516
5557703
3994808
5063501
247958
12048947
11160220
0
1903043
120761
10669633
9203558
3016045
0
0
0
2566872
8542459
11780413
6382815
525129
1766760
0
0
0
1470671
0
0
0
0
10350882
11905043
6535456
0
0
0
0
0
0
0
0
5065386
0
8223169
0
8881094
8204784
0
0
4548879
3858262
4871600
12070821
0
0
4954161
0
10883820
2255577
0
6172166
7672941
10814692
8026590
0
3379818
0
7581249
10750871
9924042
0
0
0
9884671
0
11528074
0
0
11184554
5210355
0
0
0
12021959
0
11789580
9019966
0
11733852
6805983
2003424
2426498
0
0
0
0
11190032
0
700389
0
9913452
0
7220020
0
7152489
1182529
0
11565835
0
7862141
0
0
0
0
12071689
0
0
783918
7574763
0
7719416
0
6627857
0
9710545
11306719
10518206
0
0
0
0
2265589
0
11328428
9965899
7928865
0
0
3839017
26
10749462
846
8765955
8016516
0
0
9061053
0
4012845
2319074
0
0
0
0
11834475
8990869
0
8243119
10429201
5877560
0
860544
6275406
0
0
0
11245164
0
9036555
0
11208664
9128612
2796865
0
8475865
0
1141759
567285
8513159
0
0
11980713
0
2131522
11874738
0
0
9768430
0
9061150
0
0
0
9848745
9865530
7066983
0
0
0
7294042
4973682
0
5437629
11891697
0
5934361
11747921
0
0
9687248
5133416
11298230
10910880
0
519990
0
0
0
2797700
0
7628461
0
0
7216824
0
0
0
0
2907798
10716309
0
0
11394421
0
10613479
0
3870753
0
5627294
0
10746704
4391680
0
11880175
0
10392319
9996613
0
0
0
2655550
0
0
9961477
6878472
0
0
1308419
0
0
4049701
7954932
8987525
0
0
1466474
12034270
10620021
6962195
0
9369784
7969456
0
5523989
8018760
7607016
0
9045807
7856712
2779524
0
0
140913
0
0
0
0
10952100
0
0
5772161
2254916
12006043
0
309
12033551
0
0
434294
8044662
0
10582160
10238331
0
8396723
0
0
8714623
8455021
4738236
4030856
8271564
4872001
0
6258723
4338290
0
11813084
12160046
0
3494945
0
9876371
10831474
3229121
0
11495488
448
4338576
0
3564619
11426553
11901828
1713186
6002500
0
11344621
169147
0
0
0
12112625
0
886434
0
9188754
6919656
0
3592209
0
0
0
0
11164372
12093337
0
11283225
0
2479662
2547216
1430624
8239758
1394304
7994613
0
9588786
1912357
7348684
1188344
0
10285560
10140131
11152994
0
5310869
0
10849446
1945635
0
0
7160961
9003971
2756773
0
0
0
0
0
0
3561692
10564926
10247469
6813758
8492195
6390295
9945277
0
0
0
11103794
12035844
0
0
6654245
0
0
0
12173718
12154415
0
3708467
0
0
0
7758631
0
0
11687432
8778128
0
10774650
12131381
0
10694855
0
0
0
0
0
3281038
11843953
3126711
0
0
10543623
11546705
9436567
0
8602653
7588360
0
0
11658083
0
0
0
0
0
2188820
0
6402222
0
6544741
9958637
0
384265
4741121
0
11767382
9700403
0
0
0
1113974
0
0
6435617
0
7423462
12034883
0
0
11329717
4070731
0
0
9259902
11978563
9022200
2971042
10345218
0
0
0
0
3535707
0
0
0
0
9590942
0
0
11547203
0
0
11965572
8951075
0
8796380
904924
0
10770443
11873766
0
4129681
10125637
0
0
0
0
0
0
0
0
0
0
5376406
1234659
0
11581533
0
9947090
0
9851323
0
0
0
10805347
0
10248629
9175
12153562
0
7789975
82784
0
2648701
2031787
2201042
66296
12157006
11361342
8288641
10111326
0
2298009
3296190
0
0
0
5655735
0
4926716
0
264
1314042
1611464
5627207
0
10856576
0
9777595
0
6170415
0
0
0
0
8693329
11469414
0
0
1437002
12215149
2020179
11633440
3470695
9593523
0
2964929
3449873
9575663
10196821
0
0
11356233
10842815
10761519
0
0
5918108
0
0
4503395
0
0
0
9897222
1718399
0
0
0
0
7389412
6387104
2821312
0
0
0
0
0
0
0
10803810
0
4061776
846
11904698
1112212
0
6272713
6868959
12144720
0
1738746
11373753
9892886
10951285
47491
11612477
0
440142
0
9127566
0
0
0
6872810
7503490
9146449
0
0
8343057
0
0
0
3492419
7600380
11004033
0
0
7887223
0
0
0
4756284
11860125
9439737
0
9068150
11592966
225650
0
12169107
0
0
2679294
11508828
0
0
0
0
0
667756
11990974
8924765
127522
0
0
5054292
0
5322490
12143414
11584099
9315727
0
3501198
0
623691
0
0
0
2224679
4068265
763350
0
12220955
0
4066789
4792004
0
0
0
15519
0
0
7827829
0
8716295
4508595
0
1283885
8498385
1367295
0
0
11381492
4706354
4467782
0
0
0
0
8504234
0
2440022
0
8807710
344984
8809078
0
0
9851523
7044975
2096466
0
0
0
4241509
9427026
0
0
12233625
425147
7078935
9690484
0
0
0
0
9971182
0
0
0
0
11825319
10297700
0
0
0
2439168
0
11589577
0
0
4876192
0
0
0
0
0
9738322
0
0
10888132
8922867
0
5246955
10464695
0
10502639
0
271532
9837577
11920376
10559608
0
0
0
0
11771224
8614662
8570796
6446542
0
0
4958
7157013
10462998
7728055
0
8317121
0
11663154
6540250
0
6182059
7397561
9572721
1516201
6693748
0
4289835
7272170
5722569
3717972
0
0
0
0
6254667
0
0
10998662
10594482
1721091
0
10686853
0
0
0
8580811
11323495
1321602
0
9967883
0
926709
0
0
0
10178645
11992170
11791441
0
4344338
0
0
10958811
11844558
0
0
12164865
218328
0
11862330
0
0
69015
0
0
9638042
0
0
58791
0
6832825
0
0
0
0
10320893
0
0
11082386
0
0
7696868
11607969
0
6657192
0
0
11465095
5674211
12161908
0
11813046
0
0
525416
204189
314
0
0
0
0
0
0
0
5975771
11493582
7448649
12104017
0
0
0
0
0
7849750
11961943
9467980
6556412
0
5196772
9141990
0
12148728
9240948
11539708
1717860
11427261
0
0
7087979
3613493
0
0
0
5195350
6988651
0
0
6430148
11327107
0
11261643
3844361
0
0
0
0
0
3014521
0
11472082
0
0
4556184
0
0
10705900
0
10950606
0
11927992
7724252
0
3560034
175571
0
2176364
5847693
9574640
0
0
8807263
12149009
819
5559743
8567623
0
7045222
9128717
11241261
5969334
0
0
7477607
7564728
0
0
8801528
10418706
11690789
0
0
1259071
0
0
9567786
0
696
0
0
0
788876
0
7102329
0
0
911072
0
9264376
5905983
8638443
0
11367972
0
0
6251637
0
0
12181051
0
11975303
0
0
7419045
0
0
7632945
0
0
0
0
11999972
11083904
0
8762905
0
0
10895292
0
0
0
0
7351472
0
10824808
3407148
0
8731152
10744348
0
921826
2241855
0
0
9377852
457316
7863409
6024871
0
4954356
0
0
0
0
12355613
442673
0
0
1244968
0
2039841
0
0
10345576
0
0
126862
11583196
4097279
4435577
0
1737769
0
0
7722903
0
0
0
9684583
0
0
0
0
8580999
0
10326372
0
11733251
12203989
12261002
0
11502745
0
1087087
11973388
0
12063734
0
0
0
5320853
0
10999370
0
2452920
11154766
6336527
0
0
0
0
642397
11305958
0
0
11940680
2149216
0
0
0
0
5711436
11477297
8639732
9144239
0
1442338
10948017
0
0
0
0
0
6496540
3544958
3356388
7882685
6475853
3676321
8755007
0
2303044
1830173
11924455
10753059
0
0
9860520
2333683
0
0
10845389
9949599
9748174
10932041
0
0
10813080
0
0
0
0
0
7714609
0
3158881
0
888574
5159744
0
7104893
6171535
0
1976472
0
0
0
0
10650244
12045363
987
11620030
0
0
0
6346842
8405137
0
495774
7669034
0
0
0
7027411
392296
0
8925751
7955901
0
0
0
2539503
1384056
0
5245919
11219235
7921147
0
3798443
11974872
0
0
0
0
0
0
2594618
0
10851504
11913194
0
11093740
0
1395689
8035800
0
9731539
0
0
0
7223042
7879749
0
12183301
0
8083389
564565
0
0
12410971
9723906
0
1811220
5272809
0
0
1197512
0
0
0
8076020
9071325
0
0
1366925
0
0
12282874
9239758
557548
11380712
0
0
3838894
9159386
0
7153782
10689467
3549186
0
0
8862610
0
11432630
8123357
0
11584513
0
8305376
2779566
0
0
0
11758246
574404
5263517
11148266
3037408
0
0
0
0
0
0
0
0
0
11053383
0
12101552
12197786
8668958
0
8481102
0
685086
12149579
9401250
0
9612032
0
11501944
0
0
12391191
7999198
0
12404118
11221627
10681834
0
11187017
0
0
0
9280297
7903916
8730660
0
0
0
8782747
11429907
11518489
0
4352968
0
0
0
0
8002019
0
0
0
0
0
0
0
0
0
0
8879480
11419450
0
0
0
3586042
0
9382520
4784825
0
4430179
0
2955435
0
9468194
0
7414208
813330
10936439
0
0
5086311
0
7354937
79365
0
5263469
2932289
4971621
0
9324186
0
0
6966735
0
12398869
10952788
2329148
11043650
0
0
5791653
8712569
11971901
0
11910533
10305026
4335318
0
8139695
2588557
2395392
8328049
0
0
7928223
11882897
0
0
0
0
11819237
3446668
0
12455754
2749353
1331811
0
6734523
0
0
12063728
0
1721131
0
6727958
2658274
0
0
0
0
0
6570441
438167
9534122
0
632096
3794353
12339875
0
5289778
12110998
3041218
3674427
9370158
4660364
0
5092795
0
10081110
0
0
1859203
0
0
0
0
0
0
0
9850735
0
11439620
0
8455644
0
10582386
6184239
11255804
0
0
0
208363
0
0
6109396
7019725
11999533
0
0
0
0
0
0
9060560
0
2240104
0
9858724
9352504
9830995
0
0
0
3700692
3011337
0
12057892
315
0
0
0
0
0
10584236
0
0
0
0
0
3785970
0
647048
0
4989852
0
592706
0
9460208
0
9298451
3444785
12440232
0
6833551
6771481
0
0
0
0
1859133
0
0
8338697
10155399
0
10503516
11374804
0
0
0
12366490
0
0
0
0
0
0
0
3827829
0
11585418
0
2904041
9942397
420707
8734528
12429484
5899306
12349392
0
0
0
3489289
0
8830793
4908782
3237454
6370846
1240880
7407429
6046456
0
11040360
0
11815897
0
0
9106631
11687152
9689890
11676841
0
0
5169319
7625844
9535213
0
0
0
874772
0
11449557
0
0
2245991
0
11967313
0
0
0
7056029
0
0
88667
12105513
540813
0
0
6724634
12233859
12330154
3013316
11907576
0
0
0
0
0
0
6698144
8217672
0
0
32145
11846457
0
8915706
6852688
0
12455346
0
10118285
529721
0
0
129361
7414495
11450719
12339025
0
0
0
7410407
10490045
639501
8057594
0
12465399
0
0
12371534
0
8575077
0
0
10202644
12459247
0
1654584
11903843
0
239484
4980186
12424893
8388841
0
931249
11550928
12362234
814548
11724224
0
3363507
0
11931917
0
9698910
0
0
12215366
0
5222514
0
8516709
0
12396029
0
0
0
610740
12214527
9478787
3811879
7123572
0
8938452
11115345
11050561
0
2430879
6273438
0
12432706
0
0
12252126
0
11841359
9839200
0
4593750
11929312
0
5152914
11833261
0
0
0
0
0
6101924
11749488
7854144
7029250
0
0
0
9291239
0
7109836
0
11326787
0
7727711
0
11936287
0
6636254
0
0
0
10945328
11990575
12528670
0
0
10224660
7098165
6943675
3875772
0
7911854
3432014
0
0
11344959
0
0
0
8634843
12477374
11844726
0
0
0
7523110
0
0
68450
8679154
7492061
7303737
12433492
4254486
7489027
276390
10056327
0
12396322
0
0
11177344
476030
0
6007860
10823253
0
0
7348684
11087733
0
8224933
10120692
1945148
0
12327005
9150468
9711348
0
0
8250462
0
0
0
4228122
0
12143243
951896
0
12422016
0
9782561
10710910
9262022
0
1292817
4544994
0
12510298
7743436
885639
0
0
12362580
11094343
278754
2065715
5366079
0
665370
9461430
1945743
590
406032
5318205
11125350
0
9689550
0
2177597
11286818
11358242
4795392
0
8917454
0
12320523
0
3455150
0
0
0
3769208
0
5083566
11139623
0
0
6206755
9970417
0
7738386
7175538
983232
0
11769481
0
6540614
0
6177002
0
9466157
8166218
1136871
0
0
10482689
0
5950673
12531376
2586645
0
4270126
12444401
11297639
0
0
8784038
0
9099285
10791634
5838006
0
7245699
0
0
11897581
0
0
0
0
2838841
7018330
0
0
0
371562
768010
0
11132202
765541
415442
5260123
0
0
4072538
0
0
0
0
11042758
0
0
0
9668343
7682282
10768175
0
9940922
0
9045661
4243727
0
12102857
513455
12102513
8825430
10413229
0
0
9331958
0
0
0
3885518
0
11859552
0
10863641
10679230
0
0
9282097
5955712
0
10916083
0
4611139
0
0
0
0
0
4595180
6347594
129
0
2127125
2086877
0
11577704
0
12568381
12569920
10579249
0
0
11017658
0
0
12443896
0
9796835
9516842
11872507
5091974
0
0
7524918
0
9042950
10846220
0
10819541
8443906
0
7838445
8637894
2219665
3490057
10827541
0
11457583
0
787
4420293
0
12612976
11907066
0
4905630
0
12355293
0
0
11521107
0
3355934
0
9329317
11713080
0
12408176
0
4152137
6953066
0
0
12527877
10811991
0
3054211
10120423
12104549
8850508
7830479
5697858
7556180
0
0
0
0
6471197
11370253
5824634
0
6024138
0
9404549
0
12391844
7924803
0
0
0
0
3245417
12577373
0
8583049
0
11833196
11562870
0
0
7557182
10521157
3349658
10680511
0
0
0
0
0
0
0
680
0
11176763
168094
10154906
2272839
4594002
5168132
612375
0
0
178
4296047
11601357
0
2917294
309714
0
0
12637865
0
9679222
12062746
4270755
0
4953756
10264007
0
0
0
10257299
9983174
9097279
0
67603
10563084
0
5253023
2364760
0
10005503
0
11437286
0
0
11504445
9215721
0
0
12325179
7640949
10451046
0
12477111
2535878
0
0
7882321
0
4301201
5281290
6186121
4193809
0
0
0
0
0
2837661
384549
0
0
12576595
0
0
9690951
0
148553
10212805
0
0
0
4481261
0
5103612
10645323
12603366
7826185
9674380
5772199
0
0
927758
11531478
8599202
1048113
2768754
11454601
0
175244
0
12032653
0
0
9739519
0
0
11449294
12061962
0
237
0
0
0
9688731
11018898
8712711
224722
12216468
12340977
0
5216585
8339169
11114755
9643340
12438497
12586487
6082151
0
7116613
12316895
3147243
0
12357440
0
3108713
2567335
4866361
10256551
5653004
12501540
0
11882350
7743497
11202764
0
0
0
11976182
12645949
655435
0
0
10811852
0
2144565
9270222
0
10295097
12331313
4772053
0
0
0
6836102
0
0
6439424
2057719
0
5246852
2447191
12543801
0
6525304
0
0
0
3095650
10506500
10399914
0
8618866
0
0
0
4050775
0
0
0
0
7585285
4980789
3008111
12324724
0
7034606
0
0
6574277
11322172
7973615
0
2554632
0
5419925
0
11947067
11768886
844214
6425070
1419845
0
11506629
0
5843685
0
0
0
0
0
933244
11988043
11529934
0
0
0
0
12096049
10804845
11877621
0
12457455
12463697
0
9164287
10908220
5687051
1527630
7222441
0
0
0
0
2081489
0
0
71031
0
0
0
0
0
3537200
8616599
10814525
0
10538967
12572820
6721961
0
11984886
0
0
10778165
12591347
0
5321743
10703999
3204395
10437734
0
0
0
0
0
261148
0
0
0
0
12634447
0
0
0
0
11457134
0
0
9952760
9282290
9188257
12543606
4492412
1152470
11823164
8
2996949
0
0
0
7240687
0
10379677
0
0
0
0
150985
5076100
0
3798443
0
9377434
12213312
0
3243066
12673926
0
9945253
8171982
0
0
9378439
12695252
0
0
4110622
10829087
0
0
0
856291
4553029
0
6149416
12245050
2564437
0
12465682
0
0
9651539
0
10618866
0
12193426
7264638
5192821
0
0
1130090
9279988
12255313
4414780
0
2231270
12069613
8411513
10596478
6789837
10032800
0
0
3182916
738
2473279
10305772
0
2593919
0
9145609
0
0
0
11526548
0
8082010
0
0
3861250
2504055
6276303
0
12665019
0
11737608
5993287
2200437
10115508
12113972
11536214
9993142
6280564
0
8089704
12688180
12718952
11088081
3953264
11362149
0
12507556
0
8045586
0
0
0
9712397
0
0
0
9939
0
5356180
0
0
9140886
0
0
6453836
0
1155337
5915468
0
6207568
10838100
0
12601969
11914520
12577936
0
7077481
0
6124972
9535478
0
0
12343011
5362206
0
4806089
0
4174830
6224200
12015460
0
4594299
8660913
0
2006817
0
0
3150056
12087480
0
0
0
10708941
1844848
0
7020311
0
0
0
0
0
306253
0
0
11294898
12230814
0
9898274
0
0
0
0
7224503
4932102
0
0
10000706
0
0
3946770
10846413
0
0
8730367
0
0
7037038
781308
0
12724766
5604361
10916114
0
0
0
0
0
0
0
6652525
4316662
0
0
0
0
4935524
0
434
0
0
7686867
677648
0
0
0
8562848
1362367
0
0
0
0
0
0
3552513
966136
0
827856
10909794
4230
12270299
0
0
0
0
12146586
0
9022020
9023888
12484284
3546100
0
0
0
0
0
11560064
10688616
3013680
0
4789197
0
6482446
0
0
2492903
12430967
12675830
11852803
7423292
12153071
0
8013275
10098565
0
11182224
0
8962810
0
0
0
0
0
0
0
0
0
1882081
0
0
0
0
2102799
0
0
11238522
0
1732209
8548451
0
0
0
0
3212170
5239546
0
12725791
938118
8134725
0
0
7192903
8074817
2213125
0
0
0
0
4635916
11041093
4360190
0
0
0
0
7203226
12182703
12601661
0
0
0
4549875
4433162
11041681
0
0
6751693
11131334
8288598
7042516
0
12542108
0
0
0
8744390
11405149
0
0
0
0
0
9505444
687
6442172
0
0
11138076
0
10932097
3237459
0
465103
3138985
8140299
8114769
12358646
9383220
11350943
12576350
0
3416936
1916344
9270823
12362235
1990233
0
0
0
9190984
0
10923733
12707401
0
12699101
5400287
0
0
3061574
2643990
0
204810
771143
12693753
1688285
11409466
5313770
113611
0
10354100
4240515
12594654
0
4834812
0
7909815
0
9607455
0
0
0
0
12400300
9532453
0
11433752
12653303
0
0
11424630
0
7494853
0
12751373
0
0
0
833982
12022381
0
12625024
0
7505926
6349325
0
7675053
10451440
12790863
0
0
6432356
0
1527487
776
0
0
11454587
363
0
0
0
3582401
4221938
0
0
10922125
12646360
0
4021501
11824630
0
0
0
8910546
2518361
10461197
2314663
7343616
0
0
11867575
0
0
0
0
12303747
7113379
446781
0
0
0
946
8084592
3513119
6214278
0
0
8616780
0
5781768
11174300
10895921
0
0
4449397
0
0
6230179
741
0
11395434
0
12705276
12495215
0
0
8085381
7641579
6281421
0
0
7405
8088815
0
11204041
0
0
9280050
0
0
0
0
6506751
6595156
0
0
0
1672414
0
0
0
10973708
0
0
0
7000637
220962
1881970
0
12711341
0
11949350
0
0
0
0
0
0
0
0
0
0
0
0
286601
3383738
12202705
11534842
12520645
2562388
0
0
0
10650586
5412007
0
12120775
4260893
6110827
10952571
0
0
0
0
7470336
0
0
7184684
12564541
297
0
0
0
6797103
10582902
8101221
11451526
5982291
12413844
0
4715241
2500533
0
0
11016833
0
12790849
4349476
11869615
0
12784083
12273745
0
11214498
12548966
0
10459610
8832264
8958973
6432912
11895937
0
0
0
0
0
0
0
12135922
10034224
7195300
0
0
0
2389568
9884077
0
12654362
0
7355863
12636196
0
0
5051823
0
0
0
0
0
0
9201205
0
0
0
8178794
0
12110113
0
0
4289867
8584243
3514867
10403724
10886122
12708155
0
12700889
0
12510407
11711718
0
0
12600876
0
0
3061646
0
10113512
0
1250467
9798444
0
11180754
0
798358
0
0
0
1113241
0
654
12740630
0
9318140
7411861
0
0
0
4740613
11915135
5814060
0
5367131
12506010
4852829
437
0
12828261
6797640
9054211
0
0
0
0
6783820
12371266
9627482
0
0
0
0
3910202
0
11691652
11869499
0
11094415
4698869
6586623
0
6796371
0
0
12473284
0
1379746
0
0
0
8425778
12252726
0
11733953
0
10546065
1860462
0
9769701
0
5895446
11138353
11702051
12710589
9605637
474824
0
8544638
0
12133739
11733544
11734493
9419375
10460493
0
574098
409
10860142
11625389
10949705
1775052
4307252
0
0
7100456
12046118
0
0
0
80163
9986351
0
6798741
5378186
7655291
12607935
124954
9271059
0
1818252
0
9388659
9380767
0
5120515
0
6714177
686
2302423
12832294
0
8098
5468592
0
9390529
10992962
3075387
11567674
0
0
0
0
12207748
0
0
10846254
0
0
0
33611
0
0
0
10947739
0
12146160
0
0
0
0
8323531
0
0
0
11229856
5102068
0
12628240
0
11999167
0
0
8209208
7518172
6781096
0
0
12736346
3204397
0
12160051
12144066
0
0
0
11242506
5102068
0
0
0
6280310
3229450
0
0
37749
6715138
11156779
8515003
5642138
5941329
10032362
0
0
11340309
984288
0
0
0
0
0
6668189
7102562
12824866
0
11925901
12362523
0
3023330
8689708
0
0
12864714
0
0
0
0
0
0
0
0
0
10773406
11921663
3582732
10491185
11968300
0
0
0
5304710
0
11056739
7683265
0
9419934
0
0
10130597
0
0
3932189
0
9281085
12645980
0
12372649
12237944
3789606
12894199
0
12540831
0
0
989
0
12497936
0
0
0
0
0
7342683
7746711
8805354
0
0
4615634
0
752
7929090
9417737
0
9966747
11830853
0
0
0
0
11382505
12704712
12812364
0
0
1261184
47
10684820
0
0
0
0
0
0
0
0
0
0
0
0
8878254
0
0
11339764
0
0
0
8878668
0
0
3786661
8594172
0
0
0
0
11382788
0
0
0
10275049
0
11346849
0
0
0
12361057
0
0
0
12460015
0
12539202
0
0
0
8579912
5733104
0
3998356
12619943
0
10275877
12943484
0
36543
1622235
10933140
11057158
2052562
0
9157290
0
6483807
0
0
0
10735931
0
0
0
10172005
0
2420006
0
12229506
0
0
0
9471556
0
0
0
7666809
11877614
0
0
0
12791630
8051978
0
0
0
449454
12343721
0
12345957
0
3669818
11062798
7466165
11162675
0
9440238
2588118
12445706
0
0
10910263
0
0
10401137
8042385
0
0
0
9918591
10557454
0
0
0
0
0
10877658
7578488
0
7066127
11878820
7426135
0
0
9795587
0
8088711
3200277
6325734
0
0
0
477791
0
11275629
0
0
0
10152803
12503259
0
10465375
0
10762245
12278846
0
4655769
0
0
9096501
8070193
6592058
0
0
10084617
0
0
0
1644486
1297659
12080041
10903048
2239729
4215081
0
0
11184236
0
0
12079599
7129417
0
0
739491
0
9471440
8205886
0
7643623
0
3118213
9827840
877225
0
732498
11735468
0
128091
0
11777516
0
111
0
11993129
1694879
4585656
11453786
0
6337552
8770569
3701425
630
0
12452677
0
12604522
0
11731263
3746101
0
0
0
12694364
12060322
0
0
0
0
9574652
0
0
0
12455906
0
11046761
0
0
12810407
11191273
0
7036716
0
6356090
0
12838144
7448915
0
8989545
712968
0
12578139
9805637
0
9138770
0
12956783
10480490
0
12107899
5488934
0
0
0
0
11177279
0
0
411
11933023
0
11108568
7023305
11677203
0
0
0
0
0
12938248
12263367
0
9003063
7116523
8248175
6936231
0
0
5071907
0
0
0
0
11614247
8714692
0
11209537
12639254
11906072
11933188
0
13028288
0
0
0
12843106
10769675
0
0
12917064
12941206
0
0
0
0
0
0
12385673
12649155
0
0
3827689
0
0
5119667
6493402
0
0
0
0
12712843
0
8747090
9876630
11355277
2046017
11879070
0
11883063
0
623
12750438
7373648
0
6606048
12327271
0
0
0
0
12246530
0
0
11187594
0
0
4029254
12257185
3889496
0
3002062
8178889
10954890
5917926
0
12405279
1522648
5872027
12868774
0
12506846
8091954
10086640
0
7110389
0
9954746
12820637
0
10324747
12813863
8823011
0
0
10615272
0
9674394
0
11362099
12743289
0
6139998
8210147
11394435
3591720
0
0
0
11322736
2558624
0
12973550
3592023
11136558
4251594
0
10923063
6487964
4131277
0
9136728
0
0
0
0
6207127
1453488
2844252
0
0
1913814
1527956
3028128
0
1567659
0
0
0
0
0
0
5724422
0
0
0
0
12748247
12418100
11537759
9787733
10836833
0
455252
1079018
0
0
9206256
10156343
0
0
2266433
0
623916
0
11655695
0
0
0
0
0
0
8552203
1214493
0
0
1997388
9875648
1190721
12637554
0
0
0
11963202
6963833
0
0
9094908
6372873
0
0
0
12568008
0
7165624
0
0
8511239
0
12189564
0
0
0
0
0
0
7975240
0
0
8333911
0
1094999
0
12837669
811642
0
10534522
0
0
9709960
0
0
0
0
902
134525
575816
0
9257933
12740124
0
4215671
12665852
3970265
7775751
0
0
0
8640888
0
10311055
0
8709987
9707378
0
12142819
0
6420410
10463973
10313080
11825931
12893143
0
11286701
7766268
0
0
6145708
12290013
139
12607088
0
12969634
0
0
0
1959834
464
0
0
0
0
0
0
12929943
0
0
2586787
0
0
0
0
0
8759746
0
11160905
0
0
0
8276020
0
5730493
0
27303
12234442
0
12681524
0
0
9382520
138486
0
13086739
0
0
7266521
12200379
0
0
0
0
11214888
912242
0
6979838
0
0
0
0
0
0
0
7681153
2704631
5486748
0
0
11974897
0
4272700
5483995
10218185
3075759
13097504
9686115
0
0
0
19863
0
604564
13105342
0
0
9284820
12497698
0
8860387
0
0
0
0
0
135
12279554
0
0
13075054
396
0
0
0
972554
8041811
9885838
0
326174
0
4240125
0
0
12440660
7654826
7341666
0
0
0
0
0
7902912
13089485
12484593
0
0
0
0
0
7614471
0
0
0
0
0
11736486
0
916
0
6369030
11255175
6652195
9282441
10520395
680
11533248
0
0
0
0
13087669
5668210
0
1249237
7461939
11675454
1154665
0
5522932
0
12949223
4132868
2187973
251663
9972357
8775364
10798418
11029003
0
2097516
0
5676230
4601133
8731339
497512
0
3765073
2319779
4100431
5080903
0
0
2881500
13102156
11041052
0
2592300
0
12821684
2675219
0
0
12739109
0
0
0
0
0
0
0
12212611
8234117
0
0
10329925
707254
0
3194478
0
0
3174866
1203271
13023309
12059170
0
6426309
12927909
0
4208413
12628159
7423583
0
0
0
12484702
0
0
11747125
5200985
12344059
0
0
0
11504127
5176645
0
12461927
1953880
0
0
9859702
0
11229853
0
0
9301021
0
0
0
0
9769369
13088161
0
4203289
0
0
0
6497351
0
10416676
2997079
4285078
9353904
3225957
0
0
0
8165263
0
12539361
9129939
9587709
0
5650454
0
8859005
1964416
9729134
0
0
10362682
0
0
13061875
0
0
7714325
0
0
0
12583744
7920331
0
0
3496671
9129516
12957991
11420237
0
0
0
9779764
10157291
0
12945416
13135321
1523914
11297580
0
0
0
11968333
0
0
0
0
2680162
0
0
8248711
0
0
5204103
0
6076635
0
0
12277950
1099572
0
6906630
5686659
0
0
0
0
0
12446294
7798367
0
0
0
12974461
0
0
420307
0
8441622
0
0
8116987
3247031
0
0
7045608
0
1765183
0
0
0
0
11665165
2673472
10793653
8153941
0
8975169
10313132
8271476
0
7570291
0
0
0
12850881
12780220
1990533
0
0
12973530
1806092
0
0
12444029
5931466
13064180
0
0
9107838
0
4382344
0
0
11372284
9383474
12968451
0
0
0
9633125
0
0
0
11916837
12628664
9474998
0
11762841
13114943
0
0
0
12214881
244
0
10609094
0
0
12862504
8414645
7567572
0
0
0
0
12016649
5577178
0
11659011
0
7611025
10354995
2907989
0
0
0
0
0
537053
9376560
0
11345521
12639715
10589486
0
5902285
11642996
0
0
10051443
11730070
0
0
12882655
0
12463723
0
10919144
0
0
8919822
13125722
0
0
11056350
12262884
0
11945150
8230962
11234076
0
1230289
0
0
7358653
4461743
13042860
0
8438110
10440029
732779
0
12654998
7759265
12692551
11945793
0
0
392
2964762
4734294
8757850
11376870
0
0
9739238
8479708
12930006
0
0
0
11798455
0
11929297
12726893
13158199
0
11319502
0
12084676
1695966
0
10464900
11837286
0
0
3539458
0
1722530
9898357
0
0
0
0
0
8901256
0
8041006
11312563
0
0
0
0
12564752
0
13090410
0
1127985
6723619
1941897
0
0
9296426
11852763
0
0
0
8008314
13188295
0
11891148
0
0
0
2429373
0
0
4932085
586379
0
0
5022260
0
7473095
1249213
885269
11725294
2979825
0
7440055
0
0
12617958
4243981
286
3518810
8074113
0
0
0
0
6476505
9662421
6138331
0
0
0
91
8480738
3176239
12900138
0
10007345
1604899
0
12243880
8264895
0
8594760
2557844
10939601
10765891
10766112
9991092
0
0
0
825406
0
8299701
12456434
12363324
7187996
9244009
0
0
0
0
13225598
0
0
0
0
0
0
3007025
0
6138469
0
0
6351810
4880967
0
0
0
0
3627407
12252976
0
0
0
0
0
0
1703001
0
2525485
0
0
0
0
0
1640191
0
0
0
9020362
0
2115893
0
11982008
0
11242262
0
0
0
2383767
2530405
0
0
11953082
0
0
0
0
0
0
0
5329569
0
0
1403245
0
12609073
0
4608901
10870990
8485686
3396425
10758496
0
0
5093578
12485926
0
0
0
462988
0
3653589
11049415
0
0
0
10375014
0
10977245
924486
0
0
12157912
0
0
0
0
0
0
8035802
3343926
0
10531135
0
12188705
0
0
6530896
2340632
13038694
0
0
0
4404648
13253633
7727401
0
0
0
0
7333717
13271357
3627911
0
0
12531442
0
7927614
10521284
0
12801748
0
13076816
13124708
0
6087112
0
2937586
9760283
0
12148280
0
12828679
0
5071583
9121824
11669386
0
5821484
0
0
824783
6148021
0
0
0
2052398
2187752
0
5983152
10139147
6212238
11452358
6966262
11337173
6158154
0
0
0
11847775
11178616
12301894
8849358
29900
11573093
0
9472459
11283648
0
11643395
0
13214563
10817394
3138203
0
5187352
5374207
8268286
0
5409042
3834342
13222144
0
0
8851637
0
0
0
0
8533110
12086486
1523629
0
0
2646200
13131748
10161474
1807157
9675542
4639830
10758544
11903119
2913151
0
7464269
0
11664074
11155428
0
0
0
59
3964500
1018953
0
8388407
0
0
0
7026590
8566954
0
0
11394107
0
9111778
135
0
12027549
9165060
12467173
0
13116586
13101152
12144110
6503002
0
0
0
4435522
0
8072483
8381623
0
9067445
0
0
6297865
11687557
0
4638177
6691761
0
0
0
12782813
11129546
0
500696
0
6440007
11780892
0
0
6483873
4662240
0
9338686
6851598
5994273
6193741
0
2813749
8629270
0
0
0
0
0
9533166
0
7131739
7642610
0
6148401
0
10843651
0
7791797
0
13020281
13310604
0
1437819
11276863
0
11490561
8728126
12201502
4284557
1647370
11372309
0
6630248
13226505
12236482
0
0
0
11042055
0
0
53052
0
0
0
7738759
0
7056570
0
11484909
0
0
0
1978197
0
0
12291180
3494306
13070682
3734770
0
4298267
8967411
3836129
9390727
12532432
0
13209151
7069949
0
0
0
10767674
1251240
0
12857405
10320364
1881150
0
941
0
0
0
3559634
11041241
8048420
10658499
9707039
12556785
10849442
12921080
12467297
3809606
7231067
0
6849638
12195091
10175990
5271850
11643165
0
4226972
0
229709
0
0
9748779
13203473
9981813
2848860
3896416
12416566
10226385
1340664
7020938
9696928
13365528
0
7944121
9033366
0
1843472
0
0
0
0
1375930
10994432
9972736
0
0
12872756
2925067
0
0
11836719
0
0
0
0
8678082
0
4431692
0
1451533
11997694
5174554
0
11437775
0
0
7072
6446093
3773523
0
0
0
0
7989268
0
7596470
0
4208776
3407836
12462007
12650604
486670
0
0
13291023
8499794
4720322
1596966
0
10927643
12036003
0
9315499
0
11943102
0
0
0
13257362
11609985
0
12533827
0
10152079
0
7229511
12526864
12921015
4712733
5740408
13210997
0
12506058
12663874
0
6539725
0
0
0
587316
11845659
0
0
7928078
12495927
11194846
6986346
8787403
13218951
12720591
1231783
0
0
0
10429832
0
0
6519732
10792698
0
2026986
8585934
8796617
0
0
10417737
5850578
9098739
0
0
0
0
11696130
8199998
12555390
0
3424117
0
5900425
12977873
0
0
5729033
0
363564
4860863
5580238
415357
10790840
52670
1515735
0
0
0
0
0
11802417
0
5848379
0
0
12728301
13105954
12150220
0
0
10483290
12186507
0
0
3808348
13091942
7086453
0
8796497
0
12105711
0
0
5964606
0
9015048
0
9324670
2213302
0
0
0
0
0
10646710
64774
0
5847357
0
0
8758235
0
13294012
0
13289683
0
12876596
6617002
6294213
0
8428390
3209338
0
7085793
1587726
0
12767479
12921034
4334300
10146974
12679445
0
0
9132883
9004838
3421448
0
2512690
0
13008511
0
7325525
9504479
0
13307831
10538578
0
0
0
5706818
0
0
4178333
0
10149480
0
0
0
8955614
0
0
9776920
0
0
0
0
0
12551555
0
4988803
0
12633936
0
4906713
4668213
5796
445993
0
0
0
0
0
0
0
9453741
0
0
13359068
7570536
0
10828765
433138
0
0
0
1275399
0
0
0
0
1540212
24317
11781433
0
9634198
0
0
0
0
0
0
8809467
0
0
13140796
12699391
0
9202618
0
0
12391210
0
10219075
12717539
10529461
5610051
0
11945124
0
0
0
0
0
1904078
6590336
0
2448651
3764406
13364829
0
444646
0
4067784
8467774
0
0
244677
0
7783928
11923582
7189161
0
0
6077503
0
0
12350415
4845743
0
12570288
2218305
0
13449288
0
2737601
11261805
6444880
0
0
2382455
13428513
5306396
0
10547700
1713612
9456255
12601793
0
0
0
8467935
0
2321818
0
0
0
0
3136370
11186411
6182831
8752881
3065656
12993022
6864637
8488003
10172963
0
394
10674685
12799762
0
0
12044055
0
0
0
11687055
0
13451484
0
5109078
11024921
0
8893787
12796566
0
3976344
0
7189589
0
0
12597051
0
0
0
11186417
13227299
11318693
0
9016502
0
10869372
10063196
0
711816
0
10144411
0
0
957403
360088
11296080
2188359
11713699
4644742
0
0
0
0
189304
10472207
13139209
0
0
0
0
6806504
10460826
0
0
0
0
7743437
3410498
129584
11281851
787
0
4668974
9583935
0
0
0
0
0
8646016
0
10950578
13341242
8729765
12915110
0
2596325
0
0
11366989
0
0
0
0
6557984
0
0
0
11266745
0
0
10331401
13297121
11493506
834019
0
0
0
11776516
10904495
3079615
3149064
0
0
10831313
13104353
0
0
0
0
0
11545871
0
661280
150123
0
3158476
0
0
0
10478950
10176357
12316671
0
0
0
0
5063882
6674185
11445712
0
0
9798876
0
12611654
0
11501405
6831663
0
0
0
10324355
0
8564037
8475197
1338825
13217334
13215525
0
3144053
12928791
0
3101287
5681539
0
0
0
0
13242162
0
0
0
12493311
13356532
11209331
6441123
0
0
829708
13424203
13405389
935687
5021928
12831023
0
2238928
0
0
11498798
12640049
13385586
0
0
13239203
0
13219627
6242962
0
6999473
0
9746207
0
13069036
13409875
0
0
8590766
10451176
0
10580188
0
990
0
5470497
0
0
0
11903435
13051731
0
6099617
0
290525
0
0
0
0
0
0
0
8489986
1873506
13187323
0
6906266
0
0
0
12938670
2265099
4565593
8079107
11884970
13494445
2279708
3918802
0
11589213
5895902
0
4636976
13021366
0
13008334
252
0
0
10091032
0
3071810
0
0
0
22
0
0
0
0
491042
11031349
2768543
0
1664358
13445863
8720955
11066540
7927017
0
0
12681429
13437488
13051651
0
0
9030804
0
6867682
0
12560491
0
0
0
10993394
8651152
0
11713364
13538091
0
0
7192151
0
0
3530595
0
13197286
5608720
0
4020452
0
0
0
0
12751074
0
0
13158156
12021604
12239416
1570
0
0
11789199
0
4224954
4748466
0
0
0
9921511
886405
12681091
13470977
11860045
3593315
0
6866960
10202406
0
586
0
3029307
5528791
161151
0
0
11319879
11536435
0
0
0
0
0
0
0
0
0
0
0
0
12878035
0
4694879
0
0
12124936
11571996
2723788
6182098
0
0
9129329
0
0
0
10421857
0
12578112
13264884
1083243
0
2240576
0
8096996
0
0
12044702
172
12311874
9488148
0
0
0
13491508
2529964
861262
0
0
88840
1397407
381964
5094992
11792643
0
896478
0
1548911
587142
0
1985538
4860240
10842744
0
835385
0
0
0
0
4835108
0
0
13228718
0
10718265
0
0
5268169
0
9093890
5060301
0
10682188
6542908
12961232
0
0
0
667005
0
0
11650868
11835896
0
391036
12874348
3493717
0
10961558
12283289
11968779
7390443
0
0
12396718
12196964
0
0
0
13096398
8857981
11848311
12417575
0
0
9914917
11666838
12416936
0
0
0
0
13385115
13519364
0
9693955
0
695011
0
57984
0
12568825
0
0
11699153
0
0
0
9619302
0
0
0
0
3917600
0
7623328
13294343
9920929
1732465
11842520
13423561
8623936
3271832
7933335
0
4830712
11475720
0
12868693
835888
0
0
0
0
12049474
0
0
0
0
13019871
0
13481599
2103969
0
0
7660222
0
0
5493613
0
180728
0
348
13528780
5841717
0
0
10752939
0
12785609
1070996
0
0
2623685
0
8723918
0
0
9936588
0
5101545
13504110
1844197
10868971
12061644
0
8538200
13083210
0
12902207
0
6673181
0
0
0
0
8111384
12731515
0
10775753
0
0
13019826
7660012
0
2360258
8149696
2397772
0
13584019
0
5207865
12088085
0
6825136
0
0
6723952
0
4453863
0
413
0
0
13533677
7964181
12586581
6946267
0
0
384603
9138138
8675791
8752175
9206330
0
12331161
0
11729402
0
12896865
0
0
11507339
0
9518869
0
10336589
0
0
0
11687079
0
0
0
4106106
0
0
0
9936237
0
0
4077072
0
4265524
0
0
652478
7212732
6609308
0
0
2536926
0
0
1875460
0
12598541
0
12713161
12444110
8374563
0
13082651
7671598
0
0
13585861
0
31163
12881935
2403647
2506957
2944948
0
0
8532778
0
0
0
0
12283785
0
12834977
0
0
12704340
2594094
0
12199266
11691790
0
12225547
1080424
0
255539
0
2333107
7788289
7394088
0
0
0
8196908
0
0
13596944
7438804
13343227
1869669
11163526
10188660
0
0
0
0
7149396
7346900
8333810
0
9588103
0
0
8547519
13158528
0
13112498
0
10690080
0
12837911
13587511
0
8806695
11091216
8596817
10115574
9082206
9402664
0
4897552
5673685
11741538
0
0
9630811
13573085
11307729
5304193
6883280
192176
1233868
7227624
0
540
10731769
10768911
2554560
10976959
5817054
8564517
751
0
0
5330843
9622253
13272580
12882128
6710479
0
0
11655874
0
0
0
10889525
4050818
0
0
0
12066637
1625016
12903065
5391500
6093985
947
0
0
0
7654578
0
13434381
6482247
0
12635852
0
0
5964267
7616772
0
0
0
0
0
0
13483655
1168527
0
10296364
10106736
0
10987148
621
10736602
0
258618
0
0
12393736
0
0
10168193
0
12661722
0
0
0
0
13260739
0
0
12298358
0
46246
0
0
0
0
7382065
7274926
0
9846648
0
2900240
0
0
12956460
0
7405140
0
4464822
0
0
0
8100565
0
7364624
13240029
0
11681150
3131671
0
0
0
0
13582052
0
0
0
0
10137415
0
0
0
0
7974774
0
191102
186703
0
12804734
8416694
0
5128171
8364401
0
0
0
0
0
0
0
12129918
0
0
1283415
7098803
0
3912255
0
0
12377136
5718025
0
13007148
12780873
11835722
3511127
0
6258494
10406046
0
0
7451554
9356555
82313
0
13103119
4923783
13348242
0
0
7454914
12332038
12649673
8713408
2664610
0
0
0
3214974
0
0
12512049
6489348
3665739
12408135
0
0
4283373
0
6166540
1672729
8424875
0
5403631
0
0
11506872
13377821
3015389
12845471
0
0
0
8511426
4820575
0
12652861
5705348
0
12225325
0
8998882
6661695
9067915
3675282
0
9947574
3937844
0
6207404
6804358
13089082
2024333
0
11875288
12295641
12360874
11565957
0
4091261
9813038
0
9094673
13310227
0
10740112
8143172
13457131
0
0
0
0
10575461
0
0
11528638
0
4050805
12409458
3185990
475
202508
13459880
12598492
0
10379273
13527138
0
6180079
12931226
0
0
0
0
4897830
0
7121564
610
0
0
0
0
0
0
8639695
0
8061646
0
13274919
6215232
6460363
0
0
9534118
13511125
0
9110180
0
0
13700389
9000986
12086821
0
12483053
129209
3132769
0
0
10587998
1601247
0
0
11799172
2606730
0
5636
9606421
2155430
0
0
2410096
1093889
1994859
0
6849034
0
0
0
0
0
0
0
8894160
0
0
11116415
0
9472771
0
0
9704952
9147145
827856
13068215
13038579
730874
0
0
13680977
0
9835647
0
0
6091247
0
0
12291867
13372556
0
5394063
0
8011998
0
6691086
12673312
0
10007219
9570146
0
0
3078044
0
0
13069174
9290203
13224324
13732042
1506746
13198383
11407840
0
6319177
9584924
3797361
9106757
0
7880408
0
13353881
12160115
0
217
0
3368669
0
13601618
0
13486440
0
4862366
0
841697
0
0
12863483
10837301
8065535
13568333
1420263
0
5344810
0
11669514
0
6774939
11315763
0
0
6196592
12738923
0
0
0
4259471
0
7335041
12194082
0
0
0
11803460
0
0
2841178
7053161
3760271
12639098
0
10039895
0
0
13066753
0
5634291
0
1683829
0
11451877
7705118
13730871
6344417
0
3413610
1366821
7555992
1324611
0
4180729
0
7814207
0
13209342
6415466
0
4255638
0
0
3532847
598423
0
10210417
2522324
12396626
5618836
0
0
0
46315
0
0
2104243
5427550
0
8927938
6904414
0
12290895
13760659
0
3858629
0
0
0
11549915
7625809
0
0
0
2812125
0
8272277
8684656
13385762
0
149982
0
9845004
581093
89856
0
3065439
4277763
4353286
0
0
0
0
10047827
0
0
13145633
0
0
0
9009316
4915450
0
390009
9150758
2277699
13339908
0
13733445
11602708
0
0
4866346
0
8508669
0
0
0
1620948
13719684
7708080
0
12349670
13331392
0
7771006
0
12085468
5524544
0
0
0
9544709
6296090
0
4481935
0
13377411
10088109
0
6572830
1258601
13589928
12397135
4045591
0
7982826
0
0
0
0
8415426
0
12449106
0
0
9808362
11767247
9919198
9744777
12601368
0
0
12344493
13020420
0
8053603
2690962
12342905
0
13370979
2662174
0
0
387194
0
579980
13765077
10082937
0
0
12857338
1823528
0
0
0
0
0
0
9756936
10809128
0
12907001
0
0
0
0
9371006
0
8033467
1831809
12973352
11805630
0
9044568
7717035
10945748
6022756
0
0
4859535
541424
8884782
0
0
97471
1882562
3096252
13473371
1381797
0
0
0
0
13641377
0
0
0
0
5320793
13754148
13759221
0
0
13641147
2095507
895
0
0
13385721
0
6102368
13093747
0
6412112
0
1762544
0
0
0
436973
0
9032645
10830921
13314099
0
9009482
10640899
0
10368845
0
0
0
0
12741351
0
0
0
11015497
1970969
0
12829530
0
0
369125
13718958
11035379
0
3491201
0
0
0
0
4064608
10409764
12086052
0
0
1173727
5101168
0
11778617
9041632
3593651
6491489
8382465
10814466
0
7919218
12308914
0
0
0
3915031
11134483
13717460
0
994566
0
13168949
291034
0
0
0
8991672
0
8303479
13308741
295470
13689685
0
13035689
12154281
0
13588818
13644825
12178191
0
0
12266196
12049126
10359767
8838370
13391904
0
6432547
0
0
0
12109571
7144390
0
0
9188135
4130979
0
0
0
4452850
0
0
10058669
12861267
9762899
13733120
5085829
0
3930308
1889310
13737459
13184585
1244391
1137092
0
13782086
12541155
0
0
2278423
13826064
13227616
12010043
589862
7615580
0
7626113
0
0
0
0
0
13727909
0
0
0
1966045
0
2968761
13508848
1251374
0
0
10553727
12976976
0
13528644
2040168
0
0
0
6890427
2476314
0
0
0
0
0
13317603
0
0
0
0
0
0
5673026
7407675
2671259
0
0
0
5588000
8585124
10193896
0
0
8276790
11039015
13007979
8177961
0
10126413
0
0
8494231
0
0
13077308
0
5794147
9348667
13326207
4531207
0
8244930
7673709
0
11659470
0
0
0
0
0
10054851
12291798
0
10704495
0
9690707
13156288
0
10150664
0
5910037
2690416
6519966
5137177
0
8251685
0
0
10438467
0
13631079
9412634
1256985
0
12498023
8368642
0
11874768
0
0
1931042
0
0
10570151
0
0
9092690
0
0
0
7741127
915442
13436047
0
0
0
987
0
6226147
12488974
0
0
0
0
0
13461695
0
0
0
2859442
12998300
2307884
0
6756797
0
10330529
5846091
4916654
0
0
10214397
9077929
0
0
0
0
0
0
12595737
10568813
2934523
0
0
1224658
0
12348997
4829656
8584416
10884330
7160830
0
4819455
13294096
13715540
12544876
8952684
9561311
9246194
1291693
4726176
0
9862517
10874018
12557697
0
0
9580274
3218137
0
639648
13677418
13290727
9227831
11906150
12357085
0
12849330
7759941
8239506
0
13811928
13232427
173969
0
9908403
0
0
0
13380456
13689838
0
13625953
5121693
11184278
0
8732921
6811450
0
0
8539822
7065321
0
0
0
0
0
0
11255558
8609413
8129041
0
13702746
10613704
0
0
0
11560103
0
0
10871614
8228343
0
6404072
13618960
5325691
0
8461537
10028229
8482117
24676
13076506
0
0
0
3865335
13224296
11091216
0
0
0
0
0
5773977
0
13809255
0
0
0
12525616
7854173
0
3709212
1971780
7556974
6995548
12569411
0
12304492
0
10433069
0
0
0
0
0
0
10295343
3174847
13471673
12734011
11360517
0
0
0
13759209
10304605
580638
13377049
0
9651722
230828
0
5475651
9784086
0
0
9999312
0
12375546
0
0
7348638
0
0
9052122
5272297
10830845
0
11474750
0
0
0
0
5774796
11559178
0
13335068
11739142
0
0
3344272
10298490
0
3564077
9901263
0
0
0
0
0
13446268
0
13039205
9907839
0
13724837
0
0
7377945
4317475
13597986
13230150
11402561
3071719
12151437
4548140
0
0
9457445
2696511
10084313
0
13559930
2741676
13166138
0
0
12336761
5483504
0
0
13895201
2296024
0
11202199
0
0
10269948
0
0
13736603
11451934
6477889
0
12064991
0
0
11572496
13431870
3585193
0
0
0
7313618
0
9924378
0
4256416
13216132
0
5112721
0
10663079
0
0
9234554
13906798
0
0
0
0
3279754
9181086
0
0
0
0
0
0
11542307
0
0
6047626
0
0
5045391
0
10937859
0
0
0
9416016
0
0
10749048
0
7339110
7725862
0
0
0
0
13314759
0
0
202419
0
10843570
0
135
0
0
13007999
13910407
12819186
0
0
0
7171737
1610486
13507409
10709899
918235
0
0
4295681
0
0
2232903
13914857
571852
0
6028446
0
0
0
0
0
13891328
0
0
1521282
0
0
0
0
0
0
0
13852232
0
1931288
10011051
6801338
0
0
0
9221956
10376427
0
0
0
5290424
3068526
6358157
0
0
10026348
0
0
917778
10293664
0
0
0
2362249
9332286
12784631
12663601
12221919
0
0
0
0
0
7423087
10252098
8362513
10613329
0
5908755
12636357
131122
13580791
11262397
0
11424123
0
0
1690199
13334153
6327555
7283392
62984
18851
10772595
1177513
0
8416087
0
11913350
13352563
9524289
0
9637681
0
0
13820568
0
0
6982288
3849938
0
13224148
0
7025882
0
6929692
3739846
0
689
8349862
6697124
0
9790215
0
0
0
13587449
0
10945730
4451964
0
13346905
8527276
0
11316501
0
12657903
0
0
0
0
13915883
8346914
0
0
588520
0
0
0
8089364
13380931
0
2447746
0
12346971
845083
13946048
0
0
4389164
3319730
0
10991626
7408330
10923879
13269976
0
855
0
11973404
0
8652152
0
0
0
0
0
10478902
0
0
6704556
11594305
0
10584960
13975886
0
13207683
0
12551973
0
12010306
0
13856820
12938066
0
8871650
616
0
0
6166551
4756467
0
0
12627809
13954255
10628366
6920126
588
9803150
0
12218734
0
0
2506344
0
4141081
0
13971429
11849366
0
8332220
0
11940402
4460363
0
3143278
0
5860435
0
0
3940173
12120055
0
6160085
0
11271121
4459878
0
0
0
0
0
0
12178353
0
0
3615459
8940168
0
0
11754046
438795
3739590
12381943
0
0
13930686
10217575
1653184
0
5521248
0
13143616
13997596
0
8094774
0
1177130
5742716
0
0
0
10075308
0
4682556
0
910
244827
9511054
7258074
0
12442155
0
13449495
0
0
4715499
12516076
8419087
0
4648051
5322546
8786665
0
0
0
0
9530788
3980797
0
141847
0
0
12988513
0
0
0
0
8161239
0
0
0
13334121
0
13848803
0
9229471
0
0
0
13317409
0
8121062
0
10472255
10935513
9345434
0
10229834
10963264
0
0
13437204
9910377
6881715
10760699
12547382
13988921
0
0
13324197
11971010
10683205
0
0
0
1217826
13284556
4982237
0
0
7407430
10156691
7068632
7160373
10436395
13589093
13594099
3815119
13986438
5545141
0
7649152
133660
5771211
0
8626120
0
13457966
0
3162726
0
3931109
2829272
5328626
12019398
9143027
0
0
13084922
0
0
13504506
0
0
1265691
0
7160973
1329436
0
0
12670002
0
8742620
1950099
0
13611231
8763843
13444635
0
11713111
0
13137542
0
0
0
0
0
0
0
0
11546334
1246350
0
0
3924142
0
0
350532
0
5509910
0
9395961
9878661
0
0
10097936
10981779
14019515
4146635
6897236
0
954349
0
0
0
377
0
0
13073940
0
621099
178257
0
12159136
0
6860528
0
13208332
4565193
10658588
0
13257621
13851169
0
6218949
0
3402310
0
0
12685139
0
0
1337849
12609715
0
12243091
5684834
12739212
10874128
0
0
0
7552512
13596028
2975332
0
2919828
0
0
0
7832668
0
9614366
5202550
9507137
0
1677890
819054
3087171
13304596
0
12287320
12056503
7370213
0
0
7133792
0
0
6992100
10125320
12597381
6546381
14059230
3615100
13900242
8750185
0
0
11907668
0
0
12624806
0
0
1715765
13994257
9885850
1818305
13826897
9365523
470336
6635625
0
10805978
0
0
0
1702183
4512163
0
4829985
0
13653122
0
0
111509
0
0
0
13703641
13922794
0
6075951
13185366
0
6197338
11393975
8504676
0
12933345
13954314
0
13595288
7219227
0
0
8335895
0
0
0
8615853
12188112
0
9344392
10228815
0
0
0
10724902
0
0
11666209
0
0
7048314
14006038
0
0
11874705
0
0
0
5398238
13351436
9333967
0
7027504
13113202
4647596
0
0
9229510
0
14061263
0
6110321
9086068
0
9843675
0
4268065
14019243
12172691
209289
7947480
0
14062929
14056045
0
0
1588217
0
7085040
4738772
0
0
0
0
0
13971628
7319360
11305395
0
0
1624582
10108603
0
7168264
0
0
12594399
8639808
0
0
14070626
11930998
10803294
0
0
13449596
9067898
9272247
10159163
0
0
0
0
13558118
0
0
8240369
0
0
6227745
13705085
10487606
0
34356
0
0
0
4604023
0
9823413
5235361
0
0
0
0
0
2013397
451
7195670
8638014
0
0
0
0
6830876
6895511
13334007
1521069
12599630
10426770
14110424
3855987
0
0
0
13925688
13952176
4751777
0
0
13653544
8098631
0
0
9178344
0
0
0
0
12275898
5607596
5098385
13546141
12782771
0
1903645
12658470
0
0
0
0
10724498
6879504
8501173
0
0
0
0
0
4164660
8928403
0
2617397
2621389
8585726
0
0
10509364
11650633
12131892
0
0
11461968
0
0
0
91107
10016033
12428281
0
9589432
3341929
0
563
12064690
9961233
13822151
0
5481015
1079953
0
3920848
0
7031257
0
5928719
6373830
0
5597969
0
0
0
6605238
0
8259736
11381575
0
12599065
0
11841867
0
9071345
0
4016178
0
0
0
0
12649679
0
0
12358793
5224161
0
13552938
0
13025299
7370814
14000515
14075002
6400830
3348374
4139745
0
0
5348800
11962742
0
12338238
0
10754812
0
0
10747125
10570345
0
7544875
8993508
0
0
2715059
12081991
10207670
12420377
14040384
0
1020893
0
0
0
0
13233629
14059421
10312664
10229636
3279470
7420947
5875896
0
12059424
0
0
9274659
11490494
8588691
8510653
7110662
0
0
12761692
11482442
0
3354248
0
0
10487606
8246756
0
0
14119048
13846509
13949506
0
10256631
0
491
652037
0
0
646725
0
9106788
0
10977116
0
0
0
0
14054784
11105885
13834436
13096814
10776639
0
12118624
0
11379616
8583625
0
0
9567211
0
0
12378491
0
13610430
0
1610569
11563410
0
0
0
1680498
36580
10843579
0
0
13356902
0
3438244
0
13742491
6656018
0
0
0
12179088
13903360
11758973
0
10165218
6899899
3088984
0
0
0
10107492
13609485
9394670
0
0
0
0
0
0
9757565
0
0
1399217
2874151
3301278
0
2666973
0
10981754
5543515
0
0
0
0
0
0
0
13793882
0
13319772
4509645
0
0
0
1989179
0
0
9427299
493478
9808866
4433124
0
10423505
0
9446991
11219555
0
13620786
11796972
0
0
12143105
14154594
0
2970497
13980870
0
2362591
6930999
0
0
0
0
7792338
0
0
6107409
14024823
0
5179170
0
12356637
0
9181290
0
3284012
0
0
0
0
6583660
13503917
0
0
8603099
10946107
0
11559095
0
12994611
6020543
0
1462557
14025305
6616211
0
0
0
0
0
0
0
0
10029707
9805822
0
0
8133201
13120640
0
13796848
13231594
7561238
0
11047944
4479874
14025985
0
0
0
0
11085821
0
11937859
0
0
5119432
9260627
0
13641105
0
0
0
0
12455092
0
0
0
13232441
0
8665453
12205915
14006083
0
0
0
1089154
13801858
0
0
0
0
11422748
0
0
4857178
11166289
5542937
1621425
0
0
0
13790951
5741596
2558845
0
4241333
0
0
10320170
0
0
1758825
13312489
136057
14109367
1108840
2140574
0
0
13444468
1774825
0
6651259
14211196
12306613
0
0
8783105
0
0
392257
4720539
3594104
7410335
3612462
6428438
13995168
1596374
0
0
0
0
9098449
6270502
0
0
12289633
7418337
0
11356960
0
11085405
0
13470434
0
0
0
0
2198382
12461980
0
5670503
10460214
13113482
13297029
14073107
0
0
0
595860
10575983
10260798
0
0
7178898
0
2087028
3556136
13919937
9862203
4146197
0
9101289
0
12720364
0
9276887
0
0
0
0
11771466
8647770
0
2232903
0
9907172
6537863
5475274
12796636
12095386
12690079
4070803
0
4281786
13373660
11281832
0
0
2106060
5250766
13119450
0
0
0
9298074
0
0
12426510
8503478
11804627
0
0
0
4361076
12851798
0
0
643532
0
0
0
8028932
0
0
3784315
4864696
0
0
9240724
0
0
12201127
10686238
0
0
4565193
0
0
7347034
618760
0
0
0
0
10350723
0
0
7795940
1685906
9268623
0
0
5357319
0
14150446
0
10975581
0
0
10893685
11170954
8733638
0
13334430
0
0
0
8112672
0
0
1075343
0
5581900
0
0
153
9416207
0
0
0
0
839652
0
14157765
0
0
0
749
11036773
3907486
13967792
0
12257220
8732921
2670076
12110784
14089795
3640081
2215240
0
2481657
10810942
14064032
895
0
0
11973873
0
11721798
0
0
14266325
5831739
11375831
0
11231562
360520
0
6605105
8588323
0
13743913
11485866
11770436
12628182
0
0
14144211
0
0
12846943
0
0
13722614
6513787
12013978
0
0
0
8088912
0
4199410
13704992
0
8272295
0
0
0
13995070
2547977
0
0
4023917
0
9725120
0
12966780
0
0
0
0
0
14151509
3474897
0
0
8890077
4755080
13669399
8602730
0
0
2284686
10020101
0
13389616
0
9970143
13413512
0
13758070
387
0
13665173
0
0
0
0
10320170
0
0
13319681
0
0
7700043
0
0
0
2071283
3475648
0
0
13027063
11690200
2193848
0
0
0
1981262
0
12369907
5363385
461452
5024848
0
0
0
13441782
14004129
0
0
5661209
12155617
59905
9560946
0
0
7054137
431
0
0
0
4589168
6856675
12857353
1053232
0
0
2711697
0
6672129
0
0
8918700
0
0
5344980
13971576
14230616
9998543
13530561
0
0
0
0
0
0
8860635
0
0
9737847
0
12938314
0
10581946
0
13984615
0
0
0
14256437
0
6203600
0
5452322
977079
0
4241722
0
0
0
7419972
8701683
0
0
0
0
0
1100595
0
0
0
0
9185422
0
0
0
12079377
12712970
0
0
11294730
0
0
0
8153927
0
505191
0
0
0
13600976
0
10416994
3291363
0
13872264
0
0
0
14293598
11206230
0
0
0
0
7803495
6012752
2562720
11947133
0
9830198
8038095
0
8340336
3458704
0
0
13334810
0
0
0
0
0
6163165
0
7216196
12848546
2650363
0
0
0
0
0
0
12404669
0
0
0
11045428
9828882
6047825
10125669
13373526
0
12326167
0
3913742
0
0
13023984
13381174
1982263
0
14215051
0
0
0
14086564
0
11426194
13335619
4999280
9544737
0
8098678
5276497
5605766
8520521
0
13228697
994845
2568700
11434293
12782490
11353229
11156462
12784769
0
0
0
11302301
1376386
0
13955705
0
11276341
8099245
2645417
0
0
0
7465696
0
0
0
12215400
9540695
0
0
68324
10628470
10899611
2848647
11952505
14292025
0
0
10720435
0
0
7830705
0
9385929
0
0
0
14216470
0
409571
0
0
7001084
14186896
0
0
0
3830259
0
0
0
0
0
0
0
0
0
5490256
11164188
0
10437522
1772373
119965
771741
0
0
13065575
0
7673994
6309664
14151282
0
10896225
12399221
0
13845098
13368170
0
6993046
12745475
2220120
4504047
0
0
691
12069326
9347682
7216390
14294597
13678582
4708704
0
681151
1999710
4423728
0
0
0
9902378
0
12105035
10501494
0
9830462
2477167
13691135
0
0
13546132
10607275
0
0
0
10811438
6883929
13205151
8705532
6282002
10208837
9645498
0
10138508
0
13082703
0
11421648
4304925
0
2383145
0
5933115
10534240
0
1454623
10155626
0
10817589
0
13380984
11244261
8032641
92693
11912036
14288476
6073507
0
0
0
0
2617583
3989105
0
0
10422911
0
12353854
14292743
9057096
0
0
0
0
0
0
0
0
8243870
2654526
9961527
855870
0
0
6012390
0
0
0
0
10111176
10936039
14315358
0
0
0
1948987
14334476
0
8498052
11750530
0
13221074
10913300
0
410
0
4833775
3284015
0
0
10416322
0
0
12289293
0
0
13112303
0
0
8305087
14174194
11657347
0
0
7902205
0
0
4638231
9077131
7869083
12883710
13490572
5763222
11701717
0
14312340
7979296
13985002
10997246
0
2550476
14150942
12915094
0
7326209
9357158
0
13059681
12917020
0
9048829
6995866
13408463
788796
0
0
496873
11257188
0
0
0
0
0
0
0
0
12718361
0
13580294
0
14260359
0
12770294
13351122
8248412
3155783
1421235
3258788
2089391
12055593
0
0
0
0
13632920
7952045
0
20010
0
0
13429256
10363025
0
13782592
14220144
0
0
14316501
0
1896767
12461748
0
0
0
0
0
0
1091053
0
0
0
13557882
0
13657830
869200
7129987
0
6166151
0
0
1838260
1794640
0
12166586
0
0
86340
3257440
10012240
8003369
0
0
0
0
0
1870806
0
13834047
0
13793075
0
0
0
0
7342127
0
0
9772947
14303755
8217106
4749751
4849755
8365597
11686991
0
3847078
0
0
13261711
8826643
0
0
0
12302838
0
13632920
14400510
0
0
0
14336684
2478768
14007962
13970606
14143870
0
0
5363427
10257466
14215971
5954842
0
0
0
0
14158297
0
0
0
3934399
0
0
5039385
0
0
0
0
9469920
0
0
11148377
10759722
0
7799874
9172175
0
0
0
14298715
14286228
0
5245898
0
0
6046137
0
14178634
0
13387785
8276871
7919690
0
614759
5338665
0
0
0
0
7785117
13465687
11414167
12439288
0
9672830
0
0
0
11144788
3309243
10816667
11414400
11352984
4818544
13951992
9796348
0
12550326
11308149
0
0
5098385
10826337
1819255
13691673
0
0
6078610
13707223
9615282
2539421
9049204
12929486
5139961
14209903
3649457
10449878
0
12360806
8509143
0
0
8084124
0
0
0
0
0
14294716
0
5911123
13011568
13613890
14404618
0
9598991
0
26873
0
2512372
0
0
14026853
0
14180595
4645967
0
0
14373580
0
0
5275341
13805106
0
27691
13596476
0
0
764373
4794664
10823891
13661752
0
3486660
0
0
0
8991575
0
14230533
11449811
0
0
13478591
0
0
8886461
3038519
0
0
0
0
0
0
14293779
6557087
9344509
0
13205996
0
0
12759933
0
0
1623860
9276989
0
4315853
0
12382351
0
964
12828141
0
126698
729
0
369825
7225954
10529433
13856277
0
8893097
0
0
0
3267798
0
10814262
14231644
0
13850951
0
0
13898725
12161619
8756465
0
13335728
10271054
8953446
0
9045271
6545214
0
13223656
14090245
0
8005172
4832330
5798508
0
0
0
12191497
7472666
0
2336727
2469671
10816057
0
0
11971831
664919
0
0
11664857
13502472
1605642
14108359
0
0
0
14254469
10041111
6891116
0
7889164
13254156
0
9648247
0
0
14313540
7042760
0
9212970
14180923
6531658
6412575
0
7335553
0
7612941
11184684
0
5385102
3186191
6659326
0
14456014
0
8773152
0
13555789
6361267
0
0
0
3964552
0
13963948
12903690
0
0
0
0
0
12356836
0
0
0
3716957
10248475
0
7705106
9355042
1549090
13267230
42753
0
2937237
0
2128405
697829
0
0
0
0
4564320
0
0
0
0
5349892
14293440
0
0
14013060
0
658
0
7607732
0
0
13941302
7998039
4680575
0
0
13509160
10938542
0
12711507
14249897
1970579
0
5584442
0
0
0
10328089
4884851
14168099
0
0
10901449
0
0
5705620
8409715
0
1516309
17277
0
0
0
8071775
9463328
2417274
0
11219123
0
0
12639385
0
0
7056292
11757421
0
10411737
13268742
0
0
0
0
0
14052934
4149265
2021394
0
0
0
0
0
0
0
7381478
0
12690841
0
0
0
0
0
0
54
0
11936632
0
4326
0
0
4120314
7188094
12884323
13353178
628
13101213
8446963
4902327
0
0
0
13994783
0
7087875
12369112
479452
2572807
7358406
0
0
116851
13572353
0
8538236
0
14481543
0
6487448
0
9960203
14182570
8316166
0
0
0
0
0
13254601
0
0
10771419
3016401
12123538
9409660
4687283
6249106
0
12427425
0
986
9421053
0
0
2642630
774844
11741643
0
12038961
0
0
0
7425836
9215543
0
5200697
6412328
0
0
11809352
0
0
14471348
7356372
8182379
10811343
0
11275283
0
0
2289057
12884214
20719
2467714
0
0
0
11017644
10242523
0
24324
2820479
0
14077658
0
0
0
0
10470504
3422384
0
0
9084495
0
14301729
0
10575932
0
140268
0
13012672
0
0
0
13971288
0
988536
0
708112
0
0
6845797
0
9343337
12267978
13161897
10710094
9076761
0
14510673
14373674
13728764
0
4442584
0
0
2240755
5368064
12882437
0
0
0
6836240
12710687
4020183
6729802
9176329
14112706
0
14201678
11241024
13583340
13586559
0
0
7649949
0
13343737
13622293
13073271
0
734337
4484967
0
9499485
0
0
4653745
0
12931865
645339
8206052
0
13162397
0
0
9860484
12361500
13399665
0
14423991
10454883
0
13200634
0
0
0
1815192
14287025
14392823
0
5941169
0
11936576
0
0
0
0
0
5743860
0
0
0
3561314
13160086
2619712
0
8857108
7564764
0
3168269
5750997
0
14467020
2010281
0
13009916
0
11249103
4482106
0
0
6685258
0
4845766
12515595
300883
7554167
0
6612079
0
11054179
12551517
6763769
12378956
3501393
259773
2134151
0
10382917
14299021
0
3942186
0
0
0
5371241
0
5541434
7224556
5613067
0
10382361
11760708
0
13116595
12344664
14585614
0
10885855
0
9065209
0
0
3787992
6602324
1282122
0
0
0
0
0
7570300
8197399
0
5716931
12856949
2016336
11969665
6687676
10813068
0
12872467
9499393
8790995
2426065
0
0
10039670
0
5038007
0
0
0
0
0
0
11270656
0
11584904
0
0
13253298
14110721
11373729
14330830
0
0
5462664
0
0
9796060
8292606
7990907
0
12701462
0
8417968
0
1410946
6338560
1402825
0
13761801
13570698
6468695
8350302
13185804
8730409
6180741
0
14429260
12590707
12113125
13758957
0
0
9028737
4560791
0
0
13519530
0
0
0
12884222
0
0
14377507
14471990
0
11192879
4842263
0
13355100
0
9951998
6617251
0
13160701
14469874
0
2429042
11140232
13953192
12237386
1528749
7626847
13586902
5101089
0
0
8242496
0
0
0
0
0
10598408
2765353
5915931
5066183
0
4964774
0
5080624
0
0
3971668
0
3734256
1844883
0
0
0
14119570
14590673
0
0
2160230
9847997
0
0
10854170
0
10201646
0
0
0
0
12141834
13074831
8006960
0
14585891
0
13678303
14434162
0
13881392
12963807
10086773
0
0
0
328204
5117565
0
0
9111980
1682153
0
11773598
14203759
12660411
0
1644862
9586372
0
0
13708076
4353487
0
0
0
0
7567563
0
0
8468334
1432845
13817842
14536220
0
0
0
0
0
0
7197109
0
5757184
0
0
13567073
7130557
5048113
2444660
0
0
10071323
9163119
0
0
9242481
0
0
0
0
0
0
0
14572632
0
9627618
2681028
11784400
0
957403
7471674
0
0
11696859
14651479
4319773
7401764
11616550
7284731
4308950
0
3353667
0
0
7730965
13481640
13777181
3931212
0
13778515
182
4942576
8151228
0
10908850
12181005
13860947
14513592
0
11966392
6210945
346
194
14067513
0
5344632
0
0
12503463
14278550
96206
12806171
0
0
14391647
9903527
0
7612383
0
12108524
0
0
0
0
0
4162910
1792408
1580767
620
10300988
9616831
14315694
11011805
14591177
14359632
0
11354198
0
0
14616460
7427130
0
2113317
7034446
9750810
0
0
13386039
1402266
0
13145633
14303842
8162594
5257146
0
929171
10461270
0
11151562
0
0
6584306
0
0
13148939
0
0
7209664
0
35214
14331146
0
14252297
9798331
12338879
0
0
7932196
13338167
10589568
0
0
0
11718228
14575958
0
5436222
14462967
8894717
0
8043788
0
13341862
0
7427376
7832492
770455
0
14375531
0
0
3008111
13811165
3560087
0
8249795
8781737
0
0
0
210042
8346737
10724737
0
0
4087683
5670294
0
14323890
0
14392736
0
0
13930825
14508813
13902862
61549
0
13137262
12503194
12810003
0
972503
11402228
14115947
0
0
0
14524519
0
0
0
3412512
10028292
0
5942270
0
9456648
0
8849358
0
3463211
0
9891349
4176
12601423
14005840
0
0
0
0
8838854
0
14397945
921892
0
0
3772448
6946988
0
6770967
0
0
874465
12039027
0
0
0
0
0
0
9357517
8962753
13391882
8649240
0
13995369
0
0
3126951
0
2171197
11932729
1980683
0
12175043
0
3582549
0
9187137
13015241
2867327
0
8993455
0
9573559
0
14110399
0
2100841
0
0
0
0
9770581
0
0
5270834
11210821
0
6198759
14703019
0
0
11141275
11716394
3910119
2679698
11545865
14602370
0
8800787
3325091
1202095
12809174
14154819
0
0
14327934
6215114
0
0
0
0
14565235
13720628
0
0
0
0
13810228
0
0
0
0
0
0
0
3816617
12370352
0
11620202
13227906
0
14247377
0
0
11513487
0
0
14737860
14377808
0
1599566
0
14644831
0
14391626
13161897
2539588
0
0
14037825
14578136
0
0
13028931
13949257
12981561
0
0
10445442
13075474
0
8785892
6854002
0
0
0
0
0
0
5036486
0
10655212
0
0
0
9042273
0
0
0
14247318
0
0
1411548
14056714
11374134
7639996
0
0
0
0
12755504
0
13829782
0
14334202
83751
1278992
7556340
6004211
0
0
0
14046548
7324660
114430
7542365
0
8176261
0
0
9396928
0
5092401
6084413
0
8337224
0
10766620
6833689
13141936
8591840
0
0
5390851
0
14386043
780205
499
9513300
0
14390372
13811707
12929555
0
0
0
0
13469154
11834592
0
0
0
369598
10046308
14047466
0
2383272
13349493
7195953
0
7264648
0
9561548
11038549
0
14717872
11633842
8168154
0
14696526
0
0
0
0
0
0
0
0
14229388
3083790
12726668
14284360
7099955
0
11558539
0
0
0
8535873
3937567
11188727
1059874
0
0
13373372
0
13768992
13371219
0
8972036
14125941
0
11981634
8868666
0
0
13813950
13239693
3817324
4224497
4348978
0
0
0
0
0
13128795
9086417
0
1479305
0
14532167
7032186
0
13177000
0
14326805
0
0
0
0
4645770
2038425
0
0
0
386539
11355647
13632894
5457771
0
7700329
0
0
5610675
0
0
0
0
0
12638286
0
0
0
14629851
5028049
0
0
14004329
0
0
0
13514239
0
0
0
0
11337688
0
12500517
12414325
0
5840721
793472
704752
0
6226887
1156893
14372672
0
14138672
9440673
14592730
0
10906979
0
0
0
12939934
0
10638542
14321642
3332307
155218
0
0
0
0
0
0
11072944
2427684
0
686
0
0
13447714
9119429
0
5492219
0
4817162
0
0
0
1900156
0
0
0
11015937
0
0
6056059
0
0
0
0
2907688
0
0
0
0
10205342
14791608
13647853
0
0
13721552
0
401707
10665939
10133473
5051071
888
0
0
12279004
0
0
8460796
8802013
14794910
3821339
1485294
0
0
3826163
255249
11875410
1962319
7845582
5455361
11919664
606110
14727180
0
163
0
12247170
9879249
6214356
0
11967376
8457362
0
11561507
0
0
3507319
12698268
0
0
11411958
10960927
0
13521865
14791229
0
9654293
0
0
0
0
14127081
0
2744278
0
13926263
0
13655203
0
9884868
0
0
1426318
10223151
2805224
0
0
0
0
0
8086234
0
2890525
13170242
0
7343955
0
0
14250248
9228486
0
0
8249222
14445766
0
0
0
11041053
0
9242195
0
10963830
9811385
11487253
12822043
0
3780225
0
0
0
0
3700225
0
7429487
0
10303244
0
0
14774353
14739278
0
14004047
0
11656084
6370992
8258273
0
8512135
476553
12052383
0
10751008
8979603
0
0
11174795
0
0
0
14804951
14638622
0
0
0
9647063
0
8709051
12510120
4286643
0
14461088
0
1327758
5554285
8953187
10746684
11729940
7949984
1324339
0
8968105
14084069
5494212
0
0
0
13254627
0
0
6918840
0
0
6249002
0
0
1586969
13037646
13214140
0
0
0
4904430
0
14688182
0
1496221
0
0
7418034
0
6766354
12179785
0
11722085
14844683
10117157
1571941
13346206
0
10220813
0
0
0
7025144
0
13265699
0
0
0
0
0
0
0
0
0
0
5054241
0
0
0
0
0
13626876
7577572
14377468
0
0
7540930
0
0
0
0
4043621
0
13557675
0
0
0
7365603
0
0
0
0
0
2256536
0
0
0
11147676
14469223
0
11440705
14367779
0
767
0
0
11913885
0
0
99387
13135652
10891546
0
12641409
0
0
14575458
14417484
0
5349117
0
0
14203768
6945897
14800817
0
0
0
12189670
0
5301668
14125514
0
0
0
9155140
6646213
14432270
0
0
11096321
0
3400236
0
0
0
6618059
0
557151
14845726
2470185
0
0
0
0
14865842
11856329
5840992
0
8499375
735762
1015789
10009161
0
0
12277605
10759109
5629901
11920425
0
0
0
1320000
14158176
9599394
13957830
12391336
62
0
2530214
10047238
4352785
0
8914588
12949638
8964991
0
983
396205
10961917
0
0
0
0
0
7267965
0
12414958
0
0
0
0
0
14212922
0
0
0
0
3629400
14196985
0
0
5304614
0
0
9048072
271268
13241506
0
14589970
14597611
0
14198199
0
0
0
13058462
4855991
0
0
11404070
0
0
0
0
0
1270926
1673797
0
1272232
0
0
0
14302459
2299371
0
12786314
0
0
0
14719212
14799865
1015688
14713177
774167
0
0
0
0
14501560
11633719
0
0
0
10051640
0
11686045
0
0
0
14683755
0
0
13995261
0
13271391
0
785113
3335565
0
0
0
0
0
0
254869
13508249
9854271
8744398
8963721
0
8162592
2163303
3792754
6315216
0
0
11084820
10363008
14858085
1781526
0
5055193
0
0
4303121
0
0
0
14694250
315394
0
0
14491949
0
10925792
0
8916915
8787855
8750822
0
0
2029525
14200851
5819771
0
3657867
0
1274430
2487103
12880501
0
2761497
0
0
1367649
7716323
0
0
8037930
8756721
6156807
12621271
4138898
13376480
11374971
0
0
0
2532139
0
152190
0
0
4285393
0
0
0
0
0
0
14316481
0
0
5521435
5931428
0
0
0
11994196
0
0
10949467
9611175
8500019
0
11035267
0
2070343
0
9378842
9068741
0
6738
13539394
0
0
0
6973752
0
0
0
0
6875227
0
160041
11371768
0
586
13916708
0
0
0
0
0
11107846
0
652478
0
0
0
0
0
0
12932746
0
5715712
0
12337082
10229496
5248247
14835565
0
0
10755162
8776570
13480567
0
7564382
8800520
11778275
790122
0
7820486
13140197
1726219
0
0
11413044
13527995
14114443
0
0
13461124
13343630
0
7281771
13927310
10523436
14926599
0
0
974
0
5292019
0
14575799
13232807
0
13309136
11628849
5907722
3768485
2345456
137046
13534938
6098218
14575090
0
9887699
0
0
13119656
0
0
10982950
2722159
3509857
0
9616905
14977992
8800164
0
14588503
842
0
0
0
14419828
0
5754889
9327
13769737
11484659
6789591
8557544
11761477
0
0
0
13238491
7378486
10056007
12403878
0
0
0
800801
9633837
6857916
0
0
11440206
0
6890144
0
0
0
0
0
0
0
13135706
0
0
0
4140084
0
0
0
10969289
12714060
9956004
0
13832432
2996717
13377188
0
0
0
0
11835476
0
11419474
0
6265006
10114081
3068288
0
0
98512
0
398971
14573981
0
0
0
14074469
0
10267589
9792991
13927464
0
14083554
0
0
4710766
6585965
0
1839495
0
14794597
7728947
0
0
13713817
0
5713702
1054358
3488804
0
0
0
13877625
0
0
13575876
17018
0
0
3728565
0
14407665
10975716
0
5070467
0
0
8922738
0
0
8287216
0
3585230
0
0
0
0
13865237
0
8748462
11650189
0
704197
14754601
11466919
454387
5708879
11565707
1587690
12564905
11055108
0
0
0
11955613
10564386
0
10515499
14510416
12830888
0
7680471
0
3290954
3946690
10118115
0
0
0
5440937
1673170
0
0
13096830
0
0
0
13761366
14881720
14873652
0
1586150
4258541
0
13705840
0
0
4876981
14824417
0
3486285
14590547
0
14876962
0
0
13180548
0
442
0
8205670
0
0
3771002
709671
5273859
14619374
14586540
9302015
14255054
3969207
0
14692172
0
4693904
0
10754832
9329003
10209611
10897313
0
9644769
0
7975279
13875837
0
0
14942185
0
0
0
14975953
1530806
10748798
8995305
14679087
0
10356789
0
14879221
0
0
543877
1277936
0
3632437
0
5356023
0
13852877
0
12831023
0
6620780
0
14643178
13496372
0
9596253
11982263
0
14660556
0
10952542
13698718
8015426
5475214
14984316
0
77
0
0
7516722
3193965
13079333
2977750
0
3156524
5395327
13449831
13997886
4334359
13177313
13197932
2266111
0
0
0
6062753
14074386
0
0
0
0
8277656
7452721
7739041
0
7610448
0
0
0
0
229962
0
14714839
8001931
9767339
13795217
0
0
11819246
0
3090799
0
0
0
12908277
10683588
0
0
0
1382285
0
6264432
4474338
5899966
8188761
0
12216535
13364906
0
11119525
2655029
0
15017577
0
7324420
4889182
0
0
0
0
0
3244299
0
13204528
0
13290949
6137272
0
10610285
14025630
2133673
1670706
0
0
11482056
9591765
0
10376037
0
13979387
0
9728369
0
12507309
12977432
0
0
0
10103595
2077284
10712711
0
0
11798673
13949632
0
6621261
12857470
4892802
10752449
7300071
13443785
0
13164589
0
14944391
0
6718326
32339
7594590
0
0
0
13655072
0
15021160
3831017
0
6678668
11574569
0
14120416
3138476
0
10000487
11804306
696563
0
0
0
0
1897119
10642242
0
0
0
0
12500257
0
0
10779101
0
10740321
0
0
12625487
0
0
6091584
8220142
8701251
0
45999
0
3161404
13283905
14760862
4801386
0
0
15023605
0
0
15039950
0
10021427
0
0
0
0
12322381
9142139
0
0
0
13010018
13523370
0
10667309
2027310
0
1190415
3274086
6792879
395221
0
3587566
0
0
7711827
14367858
0
0
0
0
0
0
0
7085114
0
0
9494306
3345797
5940756
0
81637
0
1835920
0
5179472
0
862088
0
9839522
3511835
690541
0
13528519
0
0
1832111
13763231
12235656
0
0
0
0
0
0
0
0
0
0
14445578
0
7474467
0
0
5633617
0
0
4285499
13767996
0
13357718
0
1701290
13871306
0
15014729
0
6680394
0
0
0
0
11824866
0
10386591
2299740
11689525
0
7313199
0
13569383
0
11970368
0
14987855
0
14633751
0
0
14041092
12718310
0
0
14977732
11124463
13315433
8337756
0
0
536
0
0
0
0
0
13004429
0
0
0
0
0
10391429
7645387
8244864
12012835
67137
0
11937236
0
2096296
8362348
0
163407
0
11720309
7947377
7098953
0
0
12472197
4600365
15090806
0
0
12201557
13452052
13497873
0
3590366
12495384
0
11125762
6388998
0
0
0
0
11012377
0
13540828
13844837
0
0
0
3166368
0
0
0
8311126
0
0
0
11466662
235611
1239958
13564289
11699295
0
2120382
0
0
0
2223783
0
3904978
0
15036245
6780265
546087
8137240
8790706
375257
0
0
0
0
0
0
5224914
0
0
0
14628686
0
0
12881028
0
0
0
0
1667312
0
0
9185765
0
8535507
1953391
338282
0
9633837
695909
7771964
203323
630
0
8635254
0
0
0
0
5639213
0
0
0
0
0
0
12025149
14646411
9738999
0
0
0
0
0
14655885
15108470
4833824
3157911
0
12392265
0
2862197
10958663
7533187
7746145
0
0
9750424
1567993
0
0
14164508
0
11481480
7407853
0
0
7235203
3655616
13893887
7707783
0
0
0
4108570
0
5978523
0
0
12450492
5316357
5731840
3095937
0
13568334
3050123
0
11163871
0
0
0
6323736
0
0
91
15008658
0
0
0
3265669
0
0
12243986
38506
0
3599768
0
15037218
7374999
12967155
6147431
5723796
0
0
928387
0
5956298
14323239
0
0
0
9831225
14796600
14258380
0
13347893
4894614
13914054
12466988
4707377
12831138
0
0
4125435
1020734
13763016
0
12149
1333728
0
11880606
0
0
0
0
0
0
0
0
7449183
0
0
1182736
0
0
8502748
0
0
0
0
0
15096587
0
2943566
3723112
6849615
1129099
12506466
14640339
12604367
0
9327829
1655290
4618317
0
11457253
0
12149
0
0
10592144
1417036
13951922
0
2639084
0
13202352
8268025
0
2954223
3609406
0
5778350
1840677
10204190
0
7931102
0
0
14863811
14991753
6441185
0
0
13870295
13637343
0
4756355
0
0
15005341
7244884
0
0
0
2449355
4563402
2888132
8368655
15083235
0
0
7330668
0
0
0
11729765
0
11233709
0
0
39377
0
0
13584589
15006290
0
0
0
0
13085318
610
0
0
6229889
14631857
15094759
14995507
12807428
0
14062168
13840554
0
9617017
13812582
13880484
12003974
9917951
0
0
11768264
14237152
0
0
6835019
0
6099302
0
0
0
10083041
14874686
0
4427375
5839572
13259499
9978023
4424606
1214908
0
0
14864287
0
0
6641038
0
613478
0
13317506
105869
10076452
3177731
14027766
0
8341513
13620117
5944068
0
1245862
14440911
3321993
13228034
0
3053758
15036014
10079850
0
12029378
9033382
7899036
0
169
0
1657398
12769593
0
0
0
13760756
2670024
0
0
0
0
12219814
2431893
0
13387813
0
13386972
0
14901328
0
13775713
2647396
11119293
11545466
10871482
0
0
11836103
6212586
0
13909934
0
678685
0
8091028
0
1722930
0
0
0
1598438
0
110289
0
0
0
2944662
0
1599898
13853829
14554150
0
0
8310431
0
10319389
4862053
3783409
15117726
11427532
0
0
3217504
0
11273549
0
10959875
9887943
13765445
0
2827674
7050706
10137378
0
0
0
0
5039030
0
13388520
12817075
1224501
1095243
4389819
0
13227316
15162821
6062830
13743846
7478550
4436160
0
4213482
14532381
0
13116471
0
14828629
12282416
8227024
10152537
8268931
0
0
0
0
14823225
0
0
12989831
0
1577842
14231104
7711847
0
0
356
14803297
14081571
11229337
15147958
15029947
0
0
0
7935755
13909379
4540925
2965903
9485190
989
9550613
6442
1328119
13654993
9486526
0
0
0
2275096
8006215
5870564
13551116
4621442
0
0
12485699
1942066
8346184
591267
9204128
0
720630
0
652
3858243
0
10211892
0
0
3697042
0
13238554
10708715
14769758
0
14602143
11860987
13101497
0
3781761
11227796
12674859
0
0
0
7898557
0
14993476
5166017
0
7031141
0
13281350
0
0
0
0
0
4462163
14737197
0
0
13963180
0
0
967
0
0
7434147
8254107
10574886
2986270
0
2238042
0
14995750
0
0
0
14764766
12595035
0
0
0
14272688
0
12474019
0
0
0
0
1382285
12741943
7548082
6799768
3660535
6260258
0
0
0
8775439
0
0
0
0
4818206
6413893
0
14898244
0
11365670
0
9571145
0
13737180
11109138
0
0
0
0
0
11070823
0
701
1951935
512
0
9722571
15182655
15190793
11981358
14396522
0
0
0
0
0
0
3642219
13209798
0
0
2360661
13722028
15224365
0
14188537
0
0
11210098
14578839
2539398
0
0
0
0
12662538
9202935
0
12156794
1769396
3548752
0
7546103
15144794
8515097
12922732
0
0
12565045
0
11574672
4873605
0
0
11033216
478483
0
3789483
0
10223344
0
0
0
0
0
14191280
0
12058843
8190570
0
135
0
15118628
0
14815855
0
14852905
0
0
12615992
10380493
0
2073525
0
15085848
4179020
0
0
0
3168059
14706753
14683266
0
0
14378645
802618
358
15221515
7647865
7857360
8070265
10063210
0
7977216
2772274
4114929
0
0
0
5619115
6017522
0
0
6814607
0
0
0
10460918
0
0
1531252
0
0
9460736
5037670
0
0
1146353
0
0
0
0
1742704
0
12158587
0
7898525
14471330
2337219
12169551
10640715
453
14798573
0
1026543
0
11005016
9479574
0
0
0
0
0
4899645
0
0
2336537
0
0
0
0
14491628
14014923
12881666
0
0
4706548
0
11219287
0
0
0
14255575
0
10801809
0
0
5266420
0
9533
0
0
0
0
10686021
11045546
12253663
13738471
15297930
0
0
14288868
0
0
8884928
0
0
0
10640483
0
13364851
0
4234660
0
0
13934674
3739482
11851878
0
0
0
0
14676461
0
0
873850
7683381
0
0
407920
4181880
8102090
1983868
0
6906009
7098783
0
9942574
6489495
14427232
1481486
7571125
5096699
0
0
0
14887884
14621471
14962774
15227432
12363635
0
13860868
0
12320926
3254874
1555911
0
5512464
3530147
0
0
1422755
2092116
2796290
0
0
13131568
0
0
0
6045633
0
14237931
697
5956825
0
0
3143075
15338207
12827951
150411
0
0
2672360
0
0
573058
0
0
14020328
0
0
14618201
0
0
6225744
0
0
5557907
0
6658345
0
0
6480325
14108272
0
1636599
502341
0
15111698
4184097
0
427508
0
14495153
0
15194313
5406199
15170434
14822110
0
0
0
0
4557639
0
10716888
7102630
0
5000047
12057438
2205333
0
0
14181998
12740395
0
0
0
0
7065610
0
0
0
4767031
10493740
10448859
0
11037292
14477661
5571245
14402325
0
10841712
5945642
0
8561683
0
14689104
12820877
0
2362269
11669531
0
0
11414214
14309663
0
10976326
5528309
14688032
0
2774853
12043311
0
14292833
0
0
8075286
0
11582053
652056
8408263
14276503
6804217
0
4261634
12568448
0
0
13157725
1864529
0
0
14466047
10874821
0
8462116
14652162
14968236
0
0
15282025
0
13321024
0
0
0
10051123
13744755
0
13784289
15109090
9314003
12240734
11274071
940
11072282
697
0
12128606
6381894
0
514
0
0
2771022
12407504
14932963
0
10069243
12529450
0
0
9902378
0
0
0
0
9408238
1699409
0
15396026
9237810
4367924
13192351
11196376
0
6932636
0
0
0
3128599
0
15100412
2517051
6567099
0
14234422
0
0
722502
7444430
6599627
13933001
13290855
0
4465874
0
0
11777767
0
0
5394500
13235493
13562852
10039870
11671220
0
0
0
0
1477967
871455
15360098
14968395
10009511
0
0
0
0
10895292
0
10893657
9919402
0
739
12147786
0
15319267
0
0
2915696
3885071
8291577
7549876
10529553
0
338655
0
0
8681545
13328043
6890221
12966640
0
0
0
0
4063232
0
0
4830111
15294750
0
14401173
0
0
13300993
0
0
6350507
15040626
13335222
8188257
0
0
3677450
15217894
15350757
0
7075938
2096176
0
0
1740996
70836
0
14361723
0
12838225
9486863
11611027
0
3860187
15312159
0
0
449
13616382
0
2372296
0
0
5147514
10510918
0
15013534
15064701
11238496
8981030
0
6761018
15237506
0
10894897
0
13704980
10063457
7665103
0
314
3249295
11002038
14151022
0
8067932
3961652
0
0
0
0
0
13275298
0
10996501
15128097
15123969
6249279
2847215
884
10131684
9185800
0
12779660
0
11213229
7326818
0
10909620
0
13549062
0
0
0
3645183
9329265
0
0
0
0
8133288
0
15273021
0
0
1771790
734816
7566838
4260548
5424002
452
0
0
1867063
0
0
45767
0
14775046
4760744
0
0
0
13688584
0
7481628
15012884
14620756
3554006
10660213
0
508
0
0
10859829
9655444
0
0
12234316
0
7790723
8447745
14101863
8682431
14290407
5002703
11454038
10869237
0
11571026
0
13274042
11422542
10362
14937718
842
0
11492178
0
5383513
0
0
14414389
13678056
0
11622039
0
0
8041637
15084960
0
8087336
0
53362
6075841
0
0
1096820
0
0
0
15397200
0
11080316
10542349
0
15460262
6240709
0
0
7039506
403
13910898
0
0
0
8449
0
0
14309473
0
0
11740377
0
0
13067261
11327210
15477980
0
0
0
12269260
0
13865236
14877008
3747447
45
0
10067821
0
34305
7098818
14915572
11237126
5786696
0
13653414
350
0
0
0
9724159
0
0
87
1686318
0
0
0
15453485
12623216
7517520
13709992
0
14721316
5384915
0
6796293
0
0
0
14487479
0
0
5089279
0
0
11685359
10846695
0
14865024
14147566
9026156
14515896
8468360
0
0
0
0
0
464123
0
0
13952933
893842
0
0
9011658
11424200
0
14937078
0
13783057
0
7808536
0
361236
11487398
0
14517291
2534049
6672444
12072312
0
0
14159473
0
0
0
14215057
0
8803733
7682434
517486
0
0
0
11883029
0
3245925
0
0
0
0
10456260
6079334
13528165
0
11226657
0
522
0
0
14921501
0
12052457
0
14510156
12707157
0
1459684
13195418
13007778
5944423
5617445
0
6714810
0
12843528
0
6026618
0
0
0
13721755
1586518
0
14201337
12701023
1672834
15497303
8768605
10197077
15497543
0
9732897
0
14430267
14579535
0
15253465
0
5253166
10301927
13620721
416
1607185
12998812
0
0
7523812
0
0
0
14369571
3751740
0
766468
15485589
5568474
15220585
9515370
0
0
6547602
9883021
12293825
0
3147156
0
0
0
7563201
0
0
14140441
12887757
0
0
13273564
12006418
0
0
0
0
5058541
11128034
4926827
0
13758780
0
805
13259297
0
0
13858931
0
0
855
0
13953204
0
0
0
6109904
9743679
0
0
0
15294968
0
0
0
0
14408010
15497233
0
0
0
0
0
0
8421981
0
14805364
15171606
10441416
6331740
0
0
2137413
11200627
0
4145086
0
15313865
9425467
0
0
0
0
0
0
0
8925968
14917108
9152434
0
0
0
0
0
0
15247305
14966612
14640920
15115915
488
14129199
0
12497818
5501512
10408292
13748161
2024540
0
15440144
0
0
0
0
0
0
0
0
3742549
0
10680684
712103
2433193
3927217
4727040
7595660
13605787
15538791
10439047
0
6896462
14725759
13306118
0
9136214
12048892
0
13347198
14704562
0
6132081
14370011
14595284
0
0
0
0
0
0
0
0
2881530
13805499
0
724115
0
10547700
13793526
0
3401658
0
2092295
15242243
14467591
7657910
0
10342260
0
9075079
11153135
0
0
4254916
73942
0
4496794
0
14977302
0
0
8110996
0
5018732
15276610
0
2348561
668765
13877956
9025699
15460169
0
0
0
0
0
4886776
1488444
13435090
0
0
0
0
0
0
14679343
0
0
0
0
0
0
6349954
1459524
346524
0
0
15268241
14865323
0
0
13276341
0
67360
15560629
9945052
14494667
1895845
0
15097033
0
10088454
0
13976963
300202
0
451679
1314408
5770739
0
0
0
0
13367295
0
0
12065300
0
3261219
1882644
8506119
0
892097
0
0
15502349
6443166
11790417
150
14261758
12346039
0
488394
14202083
10418182
0
0
12491823
0
14874077
14783035
6906080
15012692
12077090
0
0
0
0
0
0
13837368
14253275
13684576
0
12433352
0
0
0
0
0
0
0
7179012
14985077
430208
0
14292674
13721821
0
13883822
9488176
0
3090309
14401400
0
4690406
0
15390379
1369102
0
15125744
0
0
0
12477509
1077407
0
15302710
0
14208570
10424526
0
0
0
8225316
14806680
0
0
11512005
5077450
8001153
13322787
0
14353038
2711768
0
9186419
0
9827257
0
13111939
6969799
9795953
15118513
6181679
1435245
2572881
15175701
10447795
0
0
13332729
0
2376123
0
0
7499806
15397465
0
12548738
0
0
10232275
0
0
10918083
0
0
0
0
0
3532253
8665748
10087162
0
13381678
383113
4465874
6051380
3160557
13205544
0
13517457
15179911
10558165
0
0
8070
0
10369610
0
0
2399466
7346675
0
14269975
14968138
0
0
10
14987900
3557975
3191931
0
15562285
0
0
15261257
0
13704358
9581414
0
12959439
840188
0
14588042
3570506
0
7923120
7317138
15494855
15405979
0
3088024
14294490
13667285
0
0
5112387
14586794
0
10095836
0
0
0
0
13644911
5592003
0
2078446
0
0
3161404
13866801
0
0
13077246
0
0
8088615
14368777
0
5768862
0
0
0
11798973
13822878
6577581
0
0
0
11115396
0
0
1763878
9113713
9958443
9082995
0
13148273
6555766
0
8752058
15605262
0
0
15085159
0
7167555
12419873
0
775502
0
0
3211987
9563223
13721080
13507862
0
13972041
14420553
13467466
0
0
0
15609123
5797674
0
722
0
3329769
2978610
847739
0
0
15438702
15545152
14439932
0
12689301
0
14930651
11622072
6640061
9734481
0
0
13392774
0
9051408
11125994
9434214
8823082
5979886
14262862
0
9152706
11555536
14698023
0
0
1889419
11178
3768665
0
6104994
0
0
7892743
0
3427772
12679129
6189217
0
0
0
10500066
0
0
0
14990716
6213821
0
15087028
0
1652312
11965983
14820711
9543501
0
0
9806802
0
0
15569093
0
0
2857394
0
0
0
10415403
14308721
14836622
0
9307368
12979679
954
12940155
0
0
11841825
15411261
0
0
0
7114398
8672642
5334217
10528355
13260086
6425362
0
10106575
0
0
14317987
3213251
9020563
13360408
14712748
0
10811113
0
1353622
0
6051746
14416060
15218042
0
0
0
0
0
0
5825060
11076099
0
13827063
0
0
15581387
0
7972880
2103060
0
14069877
0
14071715
5389506
0
0
7947232
0
0
1248519
0
9602643
9362938
4125365
10902393
7915571
0
0
0
305
854793
8316558
0
6204220
0
835885
0
0
13224801
6020676
2906052
14079881
0
0
8635195
0
0
12971186
0
0
0
0
14801803
3924985
0
0
0
6724162
2745743
8479443
0
12396799
15422551
13049021
0
0
15144041
0
13019246
7325252
0
0
0
4278832
0
4118620
9998529
0
12479879
0
2001400
7647240
0
0
6846749
0
12505333
10197368
3316615
0
13848681
1938582
0
0
0
0
409975
0
0
10806337
15561392
7287531
0
0
3308022
1302742
0
0
15664223
0
0
0
0
6999361
14420521
0
0
0
0
2037
4582668
0
0
13179703
9204396
11766908
4180729
0
0
12938109
8024839
0
3416695
15682168
6926671
10003807
0
14073355
15696426
147088
0
2737595
0
13345887
12351334
274195
0
0
12361101
10448915
6106167
0
3466447
12039254
0
3549897
0
4336210
0
0
7963126
9152847
14151076
0
0
0
10516860
0
14645126
5889998
0
15167739
8394501
0
4597502
0
5518454
12539964
11581728
0
0
0
0
13482661
0
13505287
0
15137
0
15599145
0
0
10002
0
0
0
0
0
14186265
11878744
11666925
0
0
5008393
1924086
0
13102271
0
11647566
0
0
0
0
0
10007267
0
12344483
0
13227547
0
12383742
5595582
0
0
5551863
14454386
0
0
0
14827172
104718
0
0
0
15559231
0
0
12884892
8857925
14850513
0
0
0
11257681
0
3447169
15299788
0
0
13101497
12520647
0
7105083
0
673
15163573
0
0
0
13630694
0
0
0
15424782
5293821
0
14980140
0
9611973
560012
12726388
0
2273685
10072612
6772437
14621390
8007119
0
0
11581582
14899510
11123773
0
10125086
11729968
14817982
617602
13940522
10460259
0
0
10207759
3323614
0
11430313
0
0
14083415
0
0
0
0
13202710
1786834
12758542
11516786
7211179
15584996
11742145
0
0
14714250
15163642
0
0
0
15620152
0
0
0
15716276
15090307
0
0
6223167
0
0
493877
2207101
5402136
3884804
15632197
4336451
14363903
0
0
0
0
0
0
6697610
15472551
0
0
0
13960818
0
15467234
0
0
5845913
0
807806
12384262
14560721
3527532
15049291
0
10890191
0
15395111
0
12417444
0
0
12605581
14916266
12937910
15501161
0
10284833
0
10136138
12663651
0
1643612
1109616
0
0
5617842
0
13562178
0
7764023
0
0
743352
8784639
2133173
10969017
0
3034084
0
0
0
97020
0
6243057
0
6255659
14955341
8631247
0
0
998
0
4618868
0
0
4637223
9216036
1617534
0
0
0
14708333
0
0
0
6616126
0
15585040
15292821
0
188003
0
0
6029254
0
8782387
0
0
15611951
10161658
12688653
14429882
710551
10962186
13918774
0
8980376
13045414
15685479
0
15250814
8052117
2881747
15465521
14858634
14748716
10758699
15500645
4725565
13753008
0
0
0
0
0
79
0
0
15706646
5000156
15750140
0
0
0
0
12172908
9498001
12409603
0
0
0
222366
15777093
4879874
0
0
8155968
0
0
0
8859035
0
0
0
15602837
2234803
0
6831836
0
9504282
0
0
0
1929905
11697504
665140
12642011
5151298
0
1608916
0
15725440
0
7300987
8316562
15523219
13628980
2353817
15753867
13903097
7679797
2701757
10181305
4667115
14878298
0
10657021
0
502993
10775154
6051025
1154821
0
15606673
10032255
8687307
7681684
0
11730640
11514332
0
9543917
0
14869803
6826000
0
14615320
0
0
14146802
14683693
0
9397024
9301106
0
15788791
0
4018261
14239041
15151115
0
0
7688083
0
0
3327708
12673413
0
15714184
0
0
0
0
0
8634932
0
1598764
0
9044563
6987033
0
14815692
14570107
14616321
12390501
10268330
0
5362500
0
0
681249
15773652
15077924
0
0
0
13927331
0
0
2296713
0
0
0
13128001
14568027
0
14387
0
0
14496940
15130128
0
9253599
148574
8185023
10063556
15736368
0
12479946
2830237
0
2028284
0
0
7266346
8080610
0
0
11288974
0
0
13514372
0
0
14509100
0
11887015
0
0
0
5031973
2373674
15623788
0
15567094
14955524
0
14328650
0
712
0
0
0
1508087
15736662
0
0
12044036
0
0
0
0
3342155
12495243
0
763
3035247
15362643
15185305
0
0
198833
9663389
0
0
0
15460545
14462153
0
14934368
0
0
14062459
0
0
0
13625001
0
15828192
5824929
0
2770161
15547857
12793791
15685211
0
7963238
0
0
0
0
14175192
8545306
0
5148147
0
14158054
1481303
0
14872490
9352914
0
0
1222664
5188209
3350559
0
14172886
1327726
0
0
0
0
0
14404644
0
11450572
14237942
11970646
0
12523334
15550971
0
9146228
0
0
0
0
5131940
0
0
12804792
8784632
0
0
0
0
0
0
0
13013262
0
14086685
0
1097214
0
0
0
11486676
0
0
0
14161579
11721433
0
0
0
8496077
6989914
0
13796685
5059274
0
221198
14594370
0
13461336
0
0
0
8977381
3646524
0
15412833
5412166
0
0
13045572
15295846
0
32354
0
12786125
12037474
0
0
11015060
10565483
0
0
15552549
0
0
0
0
14479471
361437
13208680
6760852
0
0
0
7295672
13523316
12455264
0
6918956
3913920
0
8506922
0
13565055
11495246
0
13381514
14464572
0
14916938
14195310
11453151
12086267
0
7790088
2979339
0
0
0
14510015
4788082
0
15008403
2022492
0
15181314
0
13973027
0
5400324
14181495
7280927
13514646
4733125
0
0
10038591
6258668
13022658
15834153
0
0
0
0
10880460
0
0
15620898
15222661
13928967
15677079
5189382
10984107
0
0
11317300
5375888
15861268
0
0
0
0
0
0
11642827
0
0
104963
18748
0
15833160
6112895
8208628
0
11425576
12912225
0
0
9598442
0
12674391
499
11236881
6263631
0
10756074
0
0
6302834
0
7144115
0
14941202
0
14087672
0
12978515
0
0
0
1994230
0
1417309
15561176
10772740
0
6959466
15169953
0
12001304
6804285
8015622
5783451
6709227
13735862
0
0
1728086
13345353
10960366
15252693
0
0
0
9130126
0
13314664
1464954
0
14147400
14115815
15776537
0
14730256
0
3021497
0
653539
0
4056790
0
28221
0
9470390
13754847
0
0
0
0
0
10612595
0
15395670
0
12180481
11795161
0
0
0
1848196
0
0
2435303
0
13559615
0
0
6243501
12043578
0
0
0
0
8644921
15168227
15431590
0
13394348
0
15854614
0
0
15820169
5851426
1599731
13212509
0
5783750
0
13522568
2274746
12338237
13432827
15233225
15019187
0
0
0
15601138
0
0
15389981
11721364
226290
0
0
0
0
0
0
0
0
0
5524885
0
0
15721664
6050615
14067360
0
15602956
9739489
15372416
5562615
0
3581664
0
15354808
0
0
15769338
14074442
14662728
3484522
0
11083096
14590349
0
1970727
0
0
15675095
0
15619238
14764261
0
0
0
14137345
0
0
10038586
0
0
0
0
0
0
13562846
0
0
0
0
0
12560062
14810532
15236738
11392964
0
0
0
14085274
0
0
9138335
1032025
0
11735928
0
13965050
0
0
10243165
4279148
9146064
8479609
13459440
5696188
0
13392525
0
0
15530876
4076040
0
15931721
0
14407537
14810910
0
0
12152146
15781551
0
15919952
0
10923866
15390430
14016765
0
6989417
0
14070418
4518312
0
0
0
4630441
0
14469557
7426164
13038168
0
8562395
0
0
0
0
15786967
15770342
563110
0
0
0
14872490
0
11473097
0
1567965
14099487
1362066
0
12008459
6236347
15848849
0
13761709
8614268
0
0
0
8914253
0
15935281
0
0
9882174
1575081
13729201
0
0
0
14628488
15222153
0
0
15299236
6269325
2589086
0
1299062
6599968
8662048
0
0
0
0
0
0
0
14020245
0
0
0
11877731
11862753
12530551
12594149
558
0
0
634033
14599738
0
15798986
15576260
8024558
4577805
0
0
15502115
0
14309601
0
0
10615223
3294970
0
0
14812621
0
12565238
3383354
11365505
0
5735925
4325615
0
7100492
0
0
0
0
13225605
19410
9473068
15825768
8833345
0
0
0
0
0
0
12968100
0
0
10447254
9832787
11171460
0
13301788
15602530
0
0
0
14510471
11170181
0
5833838
0
0
10696597
0
13738530
15816992
0
11378910
591825
0
8311540
5576321
0
0
0
0
11064830
0
0
0
0
0
0
0
0
13780367
0
0
12266008
0
15062110
0
0
0
14622177
0
9886338
15801217
0
0
0
3324853
0
9155698
0
6789804
6388974
0
2190998
0
0
0
13257786
0
14875920
0
12797615
0
0
0
10289642
0
15690583
6814650
12068560
987523
15929018
12690410
0
0
0
0
0
15912531
0
0
6808132
6556485
7442563
4671381
0
14824082
6027668
3425187
0
0
13948933
2755160
10351392
0
15399175
0
12203777
9012485
0
0
0
0
0
7015996
7832653
0
0
106
15083065
0
0
0
0
12607995
0
0
0
0
13303978
2442907
0
9727563
0
13927121
13366315
497018
14505922
0
15929755
14629544
0
0
15683887
0
14442386
0
0
2968610
12878932
10192505
0
9022529
8188695
0
15938994
0
14428937
2466976
0
11783127
0
0
1232588
13557858
0
9387845
7050696
9701787
3875622
0
11702004
0
10364030
0
9617163
0
15054202
0
0
0
0
14700442
13436944
4164293
8627667
224589
3178474
15888419
0
0
0
0
0
5334787
15762757
338388
0
0
0
0
0
0
2107046
15924809
15593777
0
15699872
0
0
727
10976746
0
0
0
0
0
0
10928474
0
5570725
16020282
13805577
1749536
4821496
14630744
13768023
108
14394291
8228346
9147503
7417243
314263
11382381
7128774
0
14310714
0
0
0
15643087
0
15219979
0
0
0
2541592
0
0
0
0
0
13631760
6669944
0
15131905
0
0
10031462
15211917
0
8163527
0
0
0
0
12214148
7578386
0
0
11149577
0
0
15959529
12221538
0
15817573
0
2758666
2178808
14662078
0
8968910
0
383233
0
0
5657959
11760058
7648889
0
6695809
10884459
9047948
11014158
0
14827520
0
14885027
5526399
15278935
0
0
6228378
15984472
4499563
12695155
0
3477726
15778859
3858428
4166611
10213966
6348026
0
0
12670475
602190
0
12868134
14197376
0
12049311
656510
0
0
0
0
0
0
0
0
16049776
0
12693190
8670618
0
14268550
0
0
0
0
0
0
3640908
0
0
14291398
11284663
15833209
0
13296823
0
10924526
0
15537943
7515837
0
1943341
16042077
6326586
13897733
0
10805960
0
0
10848877
13472971
5443939
0
0
7832813
10585154
11332647
5091926
0
11558738
0
12423800
8472436
9145163
11348509
0
0
0
0
2431563
0
15543171
4746567
1949784
0
0
0
0
652332
0
471583
11360453
15975029
9849975
9790657
15262651
0
9437443
0
0
2844530
14540470
0
11375019
4861551
1802982
0
15968193
0
0
1419247
0
0
8427327
0
14616376
8255478
0
0
0
0
0
0
5158727
15810318
15113329
0
2910562
0
0
13526800
16044772
9601368
0
0
0
4624031
0
16086206
1565762
13088169
7002116
3455465
0
0
6504188
6646032
15821593
0
0
0
10839047
0
15673466
15017262
0
1758479
9428337
0
1979366
1748812
15162934
16009565
7018867
14980403
382964
11203809
0
14534844
10880883
2037439
11885167
10919970
12151386
0
0
14931850
0
0
0
12345121
0
2307121
0
0
13003226
15059699
9420667
10727498
0
7916017
0
0
14395615
0
2336819
11306966
0
9841735
0
8233283
0
0
15578582
3842843
0
15862184
14346549
0
0
0
15399093
12031062
7709558
0
12993720
9860063
0
0
14225930
5110952
0
0
0
15331319
0
0
14687269
0
153853
0
14542906
8139944
0
7635794
10877164
0
0
13396463
15459412
0
0
0
10090505
15840627
14862085
0
0
0
0
0
3646477
10642036
9880780
12597463
5898563
14274718
15395699
0
0
5413860
14588459
15001159
724
4635986
0
16005416
0
15953261
0
1226311
3906399
0
0
0
13331754
0
2369985
6197085
0
0
0
12701387
11081985
11728869
158
0
6365483
0
15141814
9263881
5722660
11620295
0
12273978
0
6354440
15633126
0
0
13541316
0
417813
0
15114222
8383663
0
0
776
12025849
7138533
15436858
0
0
0
5719950
0
4280866
9822456
12276601
0
0
15409118
0
0
0
913760
10445845
14177136
0
10437341
0
0
9354272
0
9055971
0
0
15414247
0
8803216
0
0
8609367
0
16025492
0
0
2738582
0
0
15595465
0
0
10715009
15127740
0
11754062
10440204
0
0
15625635
10999221
0
0
10969496
0
4702069
0
15800060
8303722
10263471
14003310
4261362
10743266
4135306
0
9288758
13845717
0
14952319
12005945
11500553
2898936
0
14086058
0
0
0
0
0
0
14154031
0
0
15632555
14690075
0
0
10694973
0
5548967
0
10929616
11808108
0
1245161
4516400
0
12701872
14009936
15561995
4350661
0
13605819
0
0
7152539
0
0
5265205
0
0
4009554
0
8171465
0
0
10203343
0
12632467
15296007
13586320
0
11463086
14812197
0
13142514
15101821
0
13225507
0
0
2723422
0
15726387
8067023
8329802
166165
0
0
0
0
15798099
15666303
0
0
0
16112422
16010504
0
0
11733227
0
3929074
14205970
14664023
0
0
15921098
14381040
0
0
16088292
0
0
12672869
0
13363243
8206566
0
0
0
11816467
13933835
14987408
9650513
11003007
11928998
0
15784701
15944413
0
14079570
0
15054049
7028500
0
0
0
7241735
0
0
10267027
0
0
0
4814201
6763365
2239900
0
0
0
0
822835
16012037
9247257
15800830
12692515
0
13353183
0
14848487
12234074
2387328
0
0
15321508
6458230
0
0
0
2770261
16074125
8806996
10056196
10141558
0
12029711
14669857
8614893
7961742
11972274
5197682
11399721
234
0
16045728
15743947
15107475
15690586
0
12310733
14289705
15792975
15741595
0
14341618
14272181
10995142
16102846
11119553
0
0
9258997
2585537
0
0
12750836
11766212
0
7938917
7820339
12935751
0
10083431
0
7443565
14145054
0
13013650
0
0
0
0
0
0
0
9925252
9115982
0
12169239
0
0
0
3616848
0
0
11659201
0
691530
0
11813480
0
13757691
0
0
15515053
5924825
0
0
0
0
0
15669624
14600398
14698904
0
0
0
0
5413446
0
15296318
564969
0
0
15576850
6760273
7437940
14965047
0
10164790
0
13827629
9536897
13929718
0
12594866
12136858
0
3148436
0
16003130
0
0
0
1671017
13564487
0
4665618
0
0
12019319
10053241
0
0
14987411
14012669
0
13335891
0
0
14853607
0
0
0
0
6986556
0
10323156
15586528
0
15156545
0
0
9707284
0
15914487
13938315
15941817
0
14870583
873558
0
0
15846822
0
4789520
15686809
0
609925
0
2422633
14498100
14866837
6715613
0
15839821
0
11533395
3338076
4253460
5908530
16060254
8907243
0
0
0
16084395
0
14576233
7200519
16029953
0
5412566
16121096
0
8930830
10145053
5391018
0
0
0
0
0
9960726
0
0
5865935
9825099
7006169
0
0
0
14381962
6019819
0
13461195
1056027
1471178
0
4136618
8792278
0
0
0
0
8334027
0
0
11658292
0
8221930
5748011
16003837
12424976
0
14101667
9349433
0
2292392
2709735
3985519
0
0
0
0
14366612
0
292266
0
0
14560726
0
7567723
6200650
0
0
5764848
0
0
0
0
0
17450
16120600
6967746
0
780223
3499049
15730355
11512308
5229941
531355
15936137
0
0
0
0
0
6434759
0
11375128
0
1000716
0
0
0
6293229
768201
9828036
15835173
10129905
11712909
15562234
0
10854190
0
1198513
0
0
0
0
13754910
0
14711407
10686134
0
0
6093645
0
0
4795100
0
0
4296319
15636591
14114668
0
14215839
827746
0
11966992
15306453
0
11088867
0
8289884
0
11041237
14109401
14831770
0
0
7648541
14863884
7453751
14371361
9500799
0
0
0
4145751
4242471
0
9048038
0
1100636
9789772
0
0
12463842
0
16195090
13610482
2949032
9898283
8148031
739940
0
9775869
6507738
0
16209573
6720121
0
0
0
0
0
8144751
0
8945675
4864876
0
0
8612839
0
0
13516187
10941026
0
6680070
15588945
0
0
15229229
12079340
5957510
11499684
0
6625231
7966020
884
0
0
0
0
607230
15321729
0
0
0
0
10407043
0
15033996
14941844
13623517
15784516
0
0
6107963
0
0
0
0
0
6772752
15209063
11238023
11824938
4901647
0
11759157
2079190
0
243710
195215
0
0
13512530
5740483
13449178
0
4184860
0
0
1548508
0
11178506
0
6720163
0
13945105
0
0
15905292
480
7506349
0
1730339
6129570
9570195
10235073
321
0
4738160
0
15505018
15564231
11364871
13324821
0
0
15220477
13881767
0
6762217
11444395
0
9884042
0
16135910
0
3624138
5854600
0
0
15817838
0
0
0
0
12939739
0
2538373
0
0
15822385
0
0
0
0
0
16187865
10824132
0
0
11620458
967826
15408972
0
2691504
5342050
15607978
15647695
10186018
10049293
5558874
4881141
0
0
10861682
4065875
13835461
15573362
0
0
11224352
0
0
0
6364436
0
0
0
0
10052781
0
14252914
0
14203299
0
0
3523081
11841162
0
15625001
0
0
0
13298907
15697026
13032545
15283406
0
0
6274335
190727
0
0
0
0
0
0
0
0
0
5195334
0
9731920
0
15861751
14591727
14819839
2795275
0
0
12050171
13875595
9132691
0
0
791728
14521368
0
15306950
8557591
4755797
8574147
0
15226367
0
15597765
11275386
0
4972486
13248431
0
0
16110352
10336065
16186703
5213469
0
0
10676043
14725405
749
11233089
0
9389994
0
5300099
0
65718
15689719
10886387
10359757
10107682
0
10891137
0
0
773069
0
15522210
7923985
11463685
0
8836426
16114513
0
14222448
0
12740975
0
1913702
0
0
0
2073219
15747194
11853949
0
11860402
0
0
16120618
6757667
15325537
8466088
3943884
0
15760329
0
9974814
0
1236347
0
13783442
0
391035
11194803
12202050
14067299
14517720
0
0
0
0
0
0
0
0
0
13502818
0
7684645
0
0
0
0
12676333
6896082
7398938
16233360
0
0
14439846
15640540
15642123
0
0
0
0
0
130925
141
0
15529580
13202982
15072058
16057343
12431870
0
14753121
0
0
15285219
398777
2532638
0
0
0
16184327
15649503
5716507
0
14718597
9050085
16223544
0
0
398680
15891779
0
0
0
0
1303289
0
0
9914024
0
16038027
15077551
0
0
0
0
11122999
14175498
13733952
0
0
0
8531263
13235672
0
0
14283748
13323679
13242151
0
0
0
11118101
0
10657818
0
9993811
4207940
0
12373787
8473360
0
0
0
0
7955462
0
0
1245391
0
14133841
7970250
16292767
0
11084509
10449491
0
0
0
0
0
0
0
15454384
116739
0
9739009
0
655
9517954
12050515
16326120
0
0
12233442
4923878
15522924
0
12916946
8598287
0
14327339
0
0
7052821
12088594
4021404
13797627
0
11118794
1211400
12261691
16319161
0
7792977
0
4667205
0
16120242
0
3152410
0
0
0
5905466
5301069
0
0
16036352
15796652
0
16079600
10659107
13149264
0
0
0
0
0
6605238
14319227
16042040
0
0
0
0
0
0
0
12881426
6186420
12963188
13817535
0
8080500
0
1178224
0
13983882
16308802
0
0
0
7040259
5494231
0
0
0
3154344
0
0
8377299
0
595589
1218656
0
16090966
15434074
0
0
16281959
0
0
0
0
16026395
0
0
15404684
0
0
11761616
0
4249172
5980386
10355722
0
0
9398381
0
10752299
0
4745073
14086876
14815137
12262503
16004409
0
0
0
0
0
0
13800098
0
0
3629512
14976516
6563161
7413686
12806500
11573411
9995900
0
15182116
0
0
0
9543615
13111389
15977617
0
0
7526900
270759
0
15663890
0
9340435
0
0
3144707
9629405
0
12579959
5258361
12891900
0
0
0
6770858
0
15381989
0
11491501
0
0
0
0
4374397
1216858
0
4823899
0
0
8911171
452209
0
11565490
0
14702279
0
13613968
14973513
0
0
0
16064814
8418301
11990990
11402826
0
1250280
10304994
12085235
14742156
0
8452526
0
0
0
0
0
0
13027046
0
0
15035723
0
13423123
0
0
7539484
14329446
10026349
0
0
0
538698
0
8032449
15179188
1370878
0
0
0
0
0
15607260
0
13138760
1084806
15176640
0
15106119
0
15010203
12132749
0
13113478
2389265
15927109
5622117
0
0
11230438
8480950
4334188
0
10807358
7732119
0
12684199
8600049
0
12202050
16365110
11821746
14198329
0
0
8959
479507
12974924
0
0
14465485
0
0
0
0
15764887
15754256
0
16331792
0
6055909
12113748
15317210
7834701
14465781
7400928
0
4356967
11629029
0
0
0
15645838
13873164
0
0
13947344
0
14853077
0
0
0
8543638
0
10188355
13810429
0
0
9750150
0
10407239
15702308
0
14819842
0
0
0
338
1291258
7415921
0
0
1474325
0
0
0
0
0
0
2332856
0
0
13278728
14649645
15556620
0
14930887
959278
717
0
6262600
0
15615343
9641475
0
15049968
12868919
758111
0
0
16231329
0
13817062
7564975
0
0
0
14729064
16079559
0
0
0
15807016
0
0
0
4778073
6172002
0
0
16000048
13230062
0
0
0
11227205
0
2429086
0
16200178
16070785
0
16353116
7731599
250148
4647323
9891176
0
0
11428647
13710
12967725
0
4232182
3940785
15833463
15123099
0
1534589
0
0
5454383
0
0
5206134
3045999
13778262
0
9751253
8782318
0
0
15193963
0
975615
0
4561219
0
14909716
0
7490403
0
0
0
11295640
825487
0
14976330
12971156
13763348
13795298
11490170
880
10385850
0
0
0
166015
7036463
5697358
0
0
4195457
2575998
16324222
0
3236129
15813217
0
0
0
13560889
0
6497058
2408018
14723455
0
9829528
12531605
24
14631769
0
15458918
0
0
0
1179971
7293286
8480433
8275266
11542833
2420822
11417055
14975841
6922933
2809636
12200118
0
13685094
1687664
11549996
0
0
16379276
0
8741220
6820487
1964052
0
9478805
0
0
9288235
0
15134809
8022153
0
0
0
2387538
2975038
0
0
14016833
0
0
849
10301842
5131840
16326726
7035271
0
0
0
0
0
5859467
11067962
0
0
16344074
0
3930747
0
0
0
12217285
15566734
0
0
15030438
0
0
12948980
3086679
12068686
0
0
0
15565623
7967127
1904203
12839899
11837345
12760233
0
0
0
0
0
1194113
10204066
0
16398097
2357693
5228578
4442372
13916829
0
16015547
0
0
8725848
0
14667684
0
0
14986255
0
13688880
1808193
0
0
0
12957620
16501778
0
16210096
5056370
0
15392867
11322642
6130095
16475226
0
0
0
7263359
0
3399037
16299342
339223
0
0
12916007
9294647
2420196
0
0
378947
0
0
15784448
16443692
0
0
0
0
0
16109435
0
0
0
15823037
1186707
0
13108867
2459311
0
15864712
2134172
0
0
5348808
5118263
16473855
11417439
0
0
0
13602533
0
13207968
0
14292109
0
0
9031662
0
0
9249996
0
0
0
2467242
0
3153185
10507362
0
14656364
16001387
0
0
10969463
15751130
16365472
15373474
0
0
0
6689061
0
4313146
0
13897351
0
16487310
0
0
0
0
15024878
15560674
2549133
0
16463271
0
0
15810961
14992711
14666830
0
6447850
0
0
13898303
3201478
1428747
2089316
0
6060951
0
8180361
15325955
13248773
16395577
13270767
0
6970854
0
0
15718342
15571578
0
11612910
0
0
0
0
14130949
0
0
16487065
0
10547821
1097531
0
8629432
5057651
16250106
0
10355904
2456114
11561745
0
0
0
3929834
12250047
0
13757090
0
16372395
12585123
13283804
14286380
13720979
0
1644836
15546004
0
3930546
13121195
0
14627131
0
0
16097191
0
4368255
321882
15408050
0
0
0
0
0
15455877
6946796
12355651
12905942
12843048
0
4376508
15009031
0
4013054
0
0
0
0
0
7488100
0
0
0
0
0
0
12718053
8326874
0
0
14810734
9062732
0
6464410
7745070
0
7140225
0
3764831
102367
0
0
0
14604407
329559
0
12619894
14658655
5536203
0
0
0
11953455
0
3113585
14119163
0
0
10137922
2495160
11016487
0
96914
8829984
5747058
9707823
0
12233250
8913385
0
0
2332815
0
14631126
5669484
0
697
0
0
15783632
5278908
11938396
0
14658435
0
11052770
2388869
0
0
15539380
943967
0
0
0
0
10845583
0
10072237
11719148
16174822
12922454
0
927
0
0
0
0
5571719
0
14679668
15295408
0
15434891
0
6647643
0
0
14286733
0
0
0
0
14713842
16240633
0
3968922
13145991
0
14667624
0
0
14727737
10677201
5646761
555626
14290482
0
0
2550770
13936398
0
0
0
0
16061763
0
0
3033324
0
4104948
0
0
13748781
0
16102639
7687529
0
0
0
2205333
0
0
0
6511601
0
0
0
13722789
0
9474111
14865334
0
2306724
0
0
0
0
15665452
6694120
14666830
12926871
0
5303840
0
0
15946065
4538934
0
7187487
2731526
14456253
11686818
9060161
15319968
14282838
0
0
16378227
0
11803215
0
0
0
13859227
15834146
0
13074427
0
11350394
0
11765928
9609475
0
15956363
0
0
14940743
2930327
14113724
16457316
14952925
0
0
0
0
14906440
0
15396426
0
16290611
12135432
0
11058861
0
0
0
11392141
0
0
7642210
14582831
7133502
1138511
718
0
16441702
0
0
0
246
853436
0
0
0
0
9406277
0
12847629
0
9825524
0
0
9531910
15254966
8166798
7782680
0
0
0
6364214
3749363
8329254
0
10788150
0
0
0
0
10350409
0
13766068
0
11042125
14688090
0
0
0
0
15390354
15588232
15192335
0
0
0
10428492
0
6514208
9973875
11818320
0
0
0
3753075
5660790
5283904
13215569
14764254
0
3908070
0
0
0
14122314
13905441
16464581
0
0
0
15815873
7512701
0
9129479
0
0
0
0
13084696
0
0
14167813
10025564
0
0
0
2492720
0
12335167
0
0
16003038
16375798
130798
0
1919030
0
0
1318743
4464710
0
16159074
2554669
15008987
0
11440130
13808807
0
0
0
11380078
1794759
0
7876183
10862699
0
13858958
0
0
0
0
0
0
0
7324204
0
0
9778829
14491504
4582
0
2584757
0
5616279
0
0
0
7136430
2889471
16402619
6688530
12279519
14274878
14645588
8093153
0
0
12013334
15739447
16428971
12072103
0
12637194
0
8189107
0
15774423
0
11273004
0
0
16404186
0
0
0
0
0
10681713
9944631
0
0
11451508
0
16149500
0
6086051
14388324
11799176
0
0
913057
6308279
13148039
0
0
16200321
0
2865478
2803105
0
14357466
8443155
14478628
0
1290555
14739148
0
0
0
14845314
0
13528978
13447000
0
10077313
10442265
0
0
3831604
14673316
15961295
13608809
0
15151780
164614
15418217
0
7140225
15539518
0
0
15139136
10899208
0
15853766
15553499
11324916
0
0
0
12614886
16509786
0
624627
0
11209183
10477861
16327195
0
0
10914489
9691348
9729788
0
0
15127410
15716568
0
6165112
4897289
7322523
0
15128517
0
0
9024147
0
16602397
0
0
8560876
2422052
0
16626695
15240961
10718904
0
0
13826731
16044439
0
0
0
0
0
13280730
0
0
654589
3296435
768811
16185423
0
6425331
0
14593792
4808647
6211004
14646573
16071675
4301741
0
0
0
0
5025988
16296424
0
0
15057178
15286593
0
0
0
7531124
0
0
5168541
0
0
6595782
3956407
0
646866
7024333
4857809
0
7705948
4002392
12295511
0
1592180
5884414
10390985
0
12565500
0
10400013
0
13924415
0
6209479
0
14306683
16439704
0
0
15154381
8173639
12409659
36848
1407826
0
8585494
6104180
0
1938665
0
0
12380628
12219271
0
302175
10089964
0
12149335
654112
16263468
0
5560392
0
0
0
1887232
0
0
16346064
555
15962835
10972145
2997079
0
15591010
14109332
0
0
0
16595592
0
5208502
0
13423394
12245055
13029615
0
15157273
15777188
5901273
14326998
30092
15999613
16594157
0
11284270
0
0
2644597
1217094
9225256
0
0
10385659
0
0
2912870
4076040
0
12421765
0
8979515
3939360
0
16627642
0
0
12525194
0
0
0
13606427
9736922
0
0
0
0
0
0
0
647292
5706346
992190
10027965
0
0
6436266
0
6533698
0
0
16512637
12178166
16577796
0
5414762
13396363
12094120
16606751
16113796
2763141
16349332
0
0
14560387
15994237
5321536
5377654
0
12102218
15496845
0
11110750
0
0
0
0
1705048
0
14187140
0
9336172
4972486
0
0
14003739
0
0
0
12656151
11605849
16531459
7581321
0
16215336
16126290
1422691
16368100
0
0
2763133
1252536
2808886
13564281
16636451
8696730
7655961
7274978
5960247
0
0
9863844
16608871
0
5617449
10934689
11213694
0
0
0
0
9126817
5045440
0
15718114
0
4918972
0
14453277
0
0
13935970
14791664
0
0
10238753
0
0
648979
0
12840250
13229752
14535840
0
0
5061112
0
16365754
10950587
4479056
0
16659754
0
0
10357125
9665415
0
0
0
0
13192972
0
0
12663241
0
13909160
0
812431
0
0
424
0
1893897
0
16071767
5311655
0
0
0
298264
2880852
0
16587527
13944082
7635529
12561237
11384215
15385338
0
0
0
12020530
0
0
3000383
11204060
14166955
0
0
0
0
0
14843346
10119689
0
13585136
11473986
949
0
5043518
14187216
0
0
0
0
0
10174597
0
11379498
9888754
0
16601088
0
15338158
5841260
14044790
11548518
15454245
0
1963952
0
0
7701483
0
0
0
16309565
12960487
0
7415262
0
0
986
0
16323659
0
8376178
0
0
0
0
55479
7340318
4773658
4863
0
16647802
14119811
7121794
0
16623088
16638217
0
1624217
6491168
14845667
0
1200758
16143393
0
16259138
11703606
0
0
0
13458445
0
424
16382655
0
0
16438939
0
16712668
5306757
0
16139322
14841505
14916062
1621026
0
0
13701506
0
0
16034480
0
2927504
0
0
7042809
0
8344899
0
0
12436539
5225851
0
0
8630535
0
0
13256438
0
0
0
0
1653443
13134401
12746487
14805122
0
0
818
14292036
0
13858993
1827705
0
16455634
9744421
14811213
0
0
0
0
5663300
0
0
1840488
0
3469309
5065307
0
3992026
0
0
291
7472880
0
9650035
0
6551823
0
4388079
0
0
0
16720019
0
0
2489975
0
0
12889928
0
0
0
0
14846473
0
16488526
15594478
0
10343256
0
10705166
0
11160222
5382294
0
1599067
11647876
16210671
11904262
9500859
0
15937138
15746929
0
9670912
262988
12397526
0
0
0
10622788
3485528
14418640
16257306
0
0
0
14492716
0
10963306
16510744
0
0
0
0
13044664
0
16020120
11776371
0
15622283
0
15518976
6340974
14348392
11440560
9919109
2340571
13208634
10444142
0
0
395185
16206640
1200859
0
0
13609835
0
16265994
15675353
0
0
1637368
0
5221138
0
12762485
9530728
0
12795977
1510351
15909260
13902662
16742866
0
0
0
0
16716624
16739143
10238584
11292238
11394539
9655937
0
5776241
0
0
0
13600547
16709100
1517310
13090935
3116370
8534003
16795063
13248049
7001509
0
0
957987
16809270
0
0
16275868
15383373
0
0
16374356
0
0
0
9395645
16565231
0
0
494
16602254
9680639
0
0
14665948
8525126
0
14556302
0
13207678
10869518
0
0
16106184
214
12555162
4919742
15926426
1906137
0
0
0
0
8988582
16610074
15504390
16596521
9122069
0
0
0
0
0
4924716
7133399
9807970
105113
16400751
0
0
16088257
7672602
5066158
16619328
0
0
0
0
0
0
12500889
0
0
0
15930194
0
0
0
0
0
12180671
0
5392209
16325614
10258
0
0
0
13438605
15890055
0
0
1185531
0
0
7175958
13470841
0
0
12541151
0
15322897
43039
8742447
454527
5959542
7490462
15344711
0
3599354
9599325
14071518
0
8533474
0
0
323
429926
0
16500949
0
3019145
16590468
0
7702297
14692013
0
11351930
13207170
13890011
12062742
16557540
0
6399549
0
16753719
0
0
0
14779384
14863115
0
0
0
0
0
15702292
11583961
3738692
0
0
4810445
0
6550337
0
11970432
15462121
5276109
4180950
0
14688092
0
16130870
0
0
16756006
0
0
13195549
15446336
1910244
0
0
0
16119592
0
5195800
4442694
5615609
0
0
0
0
0
13112436
11047657
0
2521137
12838326
0
0
5546752
0
0
2202401
0
0
16251845
14979184
16720864
0
6475942
0
665969
12110506
4109908
1489068
11888913
7632991
14810790
16697853
15619230
0
0
0
0
15399254
12649359
0
16060780
0
12932936
0
0
11110160
0
0
0
0
6056957
0
0
0
13664710
1923158
0
8025414
0
8893256
0
0
3561308
8999951
15057338
0
0
0
14154058
15833119
8116286
0
11898360
10719033
0
14013133
11227846
0
0
0
16458000
2342405
10385607
0
0
0
13261987
15375724
0
14180793
0
16811220
0
0
0
0
0
14025713
4191650
445594
1075178
2795399
0
0
0
0
0
0
0
3213256
0
0
0
0
16462255
0
0
16241933
16377190
6216630
2779148
3213256
0
0
8563291
14933012
4110573
0
0
0
0
16087117
0
0
0
15888227
15457882
0
15036917
0
16165708
0
1600178
0
0
8287553
0
0
0
0
9607717
0
13610476
14184674
10827713
10816759
8720542
0
16547695
0
6077696
15212066
0
0
0
0
0
0
10101666
0
12800677
0
16702375
0
0
0
16044172
0
0
15896381
6452691
11308445
8445762
13029270
0
12251055
8582938
0
0
0
8510346
60738
0
12669453
1627651
0
0
16553512
3103074
0
13965123
3064248
0
2638106
16755101
3716069
0
0
0
5584295
0
1207975
0
0
0
0
0
11246101
0
9401208
0
0
16797377
0
16315092
0
11792942
11317541
15247185
0
5340222
0
0
0
0
0
16503491
0
0
15446424
8989521
0
0
16666820
0
4908342
0
105987
0
15790309
0
0
14998383
13686728
6946371
0
7869214
0
13231301
0
0
0
873113
0
0
130951
0
15043584
0
0
16793605
0
9358878
0
11156252
0
10569739
6278125
15789091
0
402504
14314386
0
0
0
0
0
10378952
0
0
9286838
9240957
16336402
0
0
0
15981682
2159130
16834907
4830709
9542352
14793120
0
0
6200151
0
13724359
11401307
0
0
9154759
0
0
6409703
0
0
14092993
14094966
12391660
0
0
0
16447798
16875945
14579638
0
630601
0
0
0
16283163
15446589
0
13936796
13937493
3154817
15470457
0
15995873
0
49730
0
0
0
0
0
12840771
0
13544229
9353304
0
9061802
12422171
0
0
0
0
16352599
15882002
6512436
0
13929522
9732373
2169158
11691965
0
0
15589346
0
6684099
0
15944857
7863626
5595614
0
16107597
12782614
0
0
16816166
0
0
0
15947424
13070591
0
0
15110952
0
14460851
0
3522185
14108309
6795304
0
1533758
14718857
0
9201527
13697985
0
10704514
0
9236476
3486884
0
0
0
15550057
2042
0
0
0
0
0
0
11055088
16910584
12317087
15370258
9116579
7853372
11810901
0
10112074
4927687
0
0
14390112
0
0
0
9945284
2324066
16087671
10342355
1047872
16760295
0
12824581
15994369
0
12806476
2650344
0
0
0
0
743724
9794403
0
0
0
12556244
0
0
14563435
13451244
0
7347863
0
0
0
12613463
0
0
12191083
0
0
1587111
0
0
0
6051940
6775142
0
1053175
0
0
0
0
0
15546441
0
10172655
16741797
16717506
0
0
16650638
6883219
10383504
0
3228836
0
0
10250970
0
0
0
5589928
2179875
12440287
12874334
6004294
13869253
13987196
5985897
0
0
9572851
0
14618064
0
7117619
16003531
0
6641565
12436967
0
0
0
0
16048174
4390859
11880420
0
0
0
0
16837260
0
0
0
10296216
11859066
0
0
0
920346
5342936
3397067
0
0
0
0
15337405
0
0
0
1422465
5600956
16919769
0
0
13402781
10521949
0
9689209
3848832
0
0
813268
0
12132621
15339804
6368206
0
0
0
12693664
8973437
16903562
10980159
0
0
0
0
0
0
0
0
15400449
0
0
0
0
0
0
16821370
13944740
0
0
1084163
15463432
0
16351074
0
0
16103145
8336730
0
0
13562707
0
12987241
0
0
0
421977
0
3836397
0
0
0
7331520
5522006
16646812
14832440
0
16055617
0
0
0
0
0
0
0
0
0
0
16558890
0
0
0
0
0
10661996
0
14067500
0
0
2135888
0
15508391
0
2643035
0
7780063
1222632
3863305
2463204
6268425
437548
0
15723192
0
0
0
0
5638036
12377436
3773375
14482758
16122268
0
0
11584493
12465531
0
0
0
15633609
0
13748453
2254370
0
0
24863
9261123
9528875
2349662
0
16912781
13945732
16443065
0
9011290
14086350
8746523
0
3339796
0
0
0
14012201
14645169
13591574
0
8316262
0
10286219
0
14970493
0
11599744
0
11933051
0
5987996
0
0
5066048
0
0
5829175
15673827
11002576
0
12700292
15783509
16666827
0
11556116
7563287
0
12062353
1439637
0
2888796
16955439
0
14571236
2579954
16099688
0
0
0
0
16763463
16108766
10854704
0
0
13395009
0
2140505
15125219
0
16014816
4843209
0
3413317
0
0
0
16848151
0
3297600
10596228
15196262
14606805
747069
0
0
11620153
0
6073318
12140632
10121542
0
16465407
16176547
0
0
16811808
0
7163740
16178710
14944551
88630
0
2701757
15109895
0
14439638
0
0
10697327
114
0
5379533
0
366172
0
0
16872605
12280837
0
0
0
0
12109571
0
0
0
0
16790607
0
0
8458416
0
0
16182179
16548195
0
0
16812265
16994835
10332821
0
0
15521292
0
2579127
0
0
0
16379313
0
0
0
0
0
0
2474613
15413293
2120273
16885987
0
0
807408
0
0
2342139
16038579
10434885
16299747
8782582
16791254
586
0
14407472
0
0
0
0
2703996
274375
11596449
0
0
0
16999747
0
12079561
7634841
1456697
10218198
16677287
16499276
0
14240347
0
11980158
0
16810703
7525622
13679131
7425384
0
0
0
12946626
4257555
9489987
0
6214018
1540694
0
0
0
10365990
8558954
0
8966101
102902
16308721
14554888
16931521
0
5056862
15514071
1271704
0
0
16045191
12034458
9592892
0
0
7171198
0
0
13612982
15110781
0
14884889
0
0
0
2563300
0
12885489
0
0
0
7524697
0
5141292
15977032
0
0
0
0
0
151914
0
3579704
0
0
0
1239554
0
0
10209339
0
12225100
0
4684073
0
6869243
14928012
14945756
0
0
0
0
0
0
0
16962185
0
0
8687477
0
0
2949032
0
0
8257940
0
0
2211939
0
3230851
7532617
16147730
10926739
2067
1691063
277
0
15402555
16782952
13418826
0
3591300
12929490
16523558
0
0
10019828
0
7238735
0
0
10765932
9664377
0
0
0
4388324
16779920
0
12131900
7949103
15274478
0
0
14189611
0
0
0
0
15569104
9251247
16238952
0
14346155
0
5788885
16929859
16518768
0
14695469
15119910
4377366
2894539
0
9772309
0
0
0
0
12130427
0
0
0
12806745
13901628
10256613
14954268
0
0
16105821
16914093
16958559
0
0
0
0
10201297
15875960
0
0
10484443
0
11068119
11417721
0
12346274
16103749
15783854
0
0
5562324
0
0
0
0
3693865
0
0
11503629
0
17081415
13228576
10903221
16400512
0
0
17061602
15649353
0
0
967826
17103193
3123021
12616918
0
0
0
14777033
0
14341880
0
16611387
16479455
16961026
14180587
0
0
0
0
0
975444
0
0
0
0
2758738
0
0
0
0
13943255
0
0
0
9309704
0
17026067
0
15147216
3221785
7005856
0
7090733
10027862
0
0
1420836
0
44648
7266235
16741255
0
10776953
0
16709809
0
0
1275817
14076979
0
11193239
14943075
15055647
14915165
0
16873324
0
0
0
0
1252341
10923533
0
0
0
0
17123363
0
0
0
0
0
16998885
0
16229662
0
16698967
0
0
14451029
9524727
427
0
0
257032
4393462
1684958
0
13468380
8440968
0
0
9900931
12524569
16980916
13289479
16995033
14297261
9048733
16583818
688
0
2630653
8427026
13717275
5591848
0
15517995
0
15873889
14696123
12465907
10257913
10194178
1618929
0
0
0
3103918
13297673
17090023
12349393
0
0
9871192
0
8200268
0
14243089
3265042
5183928
11695562
0
0
16974026
4301974
8125206
0
0
15333599
0
0
0
13940589
10928529
0
6736226
0
12908630
3145042
9534825
0
0
0
16901218
15253887
42906
0
4436748
7674155
15162718
0
2559167
0
0
0
0
0
0
0
0
13294788
0
0
17064946
0
0
0
7942503
16319476
0
0
0
14905544
0
0
17133259
3069348
0
15349245
17037694
6694497
0
1216889
0
4577347
15629806
16215727
0
16812465
16030474
15421899
0
0
15495234
13764296
0
0
13457922
0
16289360
0
4399387
399550
787
0
11475294
0
0
15258047
0
11468269
0
0
15258343
0
0
5836274
0
2991073
0
17102716
0
0
497433
11049784
0
6432912
10932858
0
0
1555056
165576
0
9946649
16170359
0
16981613
12775885
8332577
0
16138748
15989595
9061348
0
0
0
11709126
0
0
1134977
0
0
0
11830498
16432138
12661167
14199075
0
10051565
17166087
16102470
4190217
13116594
10842850
11076739
17127798
13421345
0
1795682
160053
11814379
16891283
16588843
13562499
16489686
0
0
0
0
0
0
16488585
8518
0
0
7174958
9699584
8861567
11406319
10580456
14981363
0
50
6313909
0
16122428
13217018
8291143
0
0
16500904
1588364
0
0
16399147
11472988
1682844
2035657
0
0
13460028
0
0
0
14695820
4039980
0
15572343
13826473
0
4826265
16811712
16670464
2129804
16954533
0
0
0
0
10737032
0
10935182
3589414
16174552
16530545
8987812
3713770
13470816
0
0
7131823
14475283
0
0
0
16949446
0
0
10995885
0
4203370
11076062
0
0
15935376
0
0
16751190
5744055
0
0
0
10708525
11515271
13454183
44757
7738115
0
997684
0
11248236
3891243
15151057
0
1202658
0
9432542
0
0
0
0
12007501
13130519
0
0
0
0
157
16693156
8908460
12730976
10192505
0
0
0
0
1691320
11502243
12696156
0
4245202
10950587
4458634
0
2381412
0
0
13525860
1595429
0
0
0
16429264
0
0
15920161
0
0
15645014
0
17157464
15753376
0
12923473
0
0
11762238
0
12584602
13941281
0
10678225
0
2788077
13309188
15676214
13534073
0
0
0
10355251
0
11811968
0
0
0
16469374
13080751
0
16720902
14915090
0
16890493
16884990
14780676
1147404
0
0
0
16988153
17092862
17137648
1839
9781957
13945000
6666134
0
0
0
11709460
16178734
2284667
0
2675434
0
14768796
0
0
10929193
0
7630838
11289860
13941464
0
3241903
0
7631796
16760120
11716776
0
0
15841558
0
0
0
0
0
0
0
0
14926178
4105383
6220465
0
13100473
0
0
0
0
0
0
0
2807868
0
15301540
0
0
8796940
17164649
0
16479865
0
0
0
0
0
0
0
12146679
3651639
0
0
13752072
8018811
15246747
0
8311649
16122310
0
0
0
15161769
0
0
16643148
6978006
0
8836438
6605741
0
8338430
0
0
0
15609708
4926
4564464
0
16864051
3411416
7999899
16965685
11433757
15060584
8025864
0
0
0
15690528
456
5121
0
12723320
15425029
14894411
0
10244964
0
16883759
0
0
12599345
3191752
16753029
10481904
0
7399104
0
12490844
0
15630877
0
17023943
0
10036890
0
14736541
16977178
0
0
6071888
2014690
0
17085442
0
16072318
0
16571830
14396842
13670543
15575830
0
7660082
1043022
17086780
0
0
0
0
3523849
0
0
14945644
0
0
17218648
0
0
0
302716
8787649
16814610
15458626
0
0
0
14273408
0
6624987
15479610
15129056
5113573
0
71830
0
16201364
16029301
0
14055713
4095632
0
16547404
0
0
0
0
0
0
16767710
0
10101495
6409412
0
0
0
11346456
11091816
15111278
0
8462856
0
0
0
12003309
0
0
0
13574468
0
6951281
0
15343167
0
13454629
6948360
8607891
0
15800718
0
0
0
3327997
404706
15071716
9549309
6784551
15534808
0
0
0
0
14636485
0
0
0
0
16456543
6786928
0
0
0
16633396
0
7617036
0
0
14416663
0
16488632
14750452
13443087
17255519
16823266
17237724
0
0
14565808
14767253
17231267
16261316
15263578
7265483
0
0
7922069
15061179
0
0
0
0
10144434
9550698
17184336
0
14525638
6889028
192461
14821319
727928
16841805
1929443
0
15120286
0
0
13544891
0
0
0
0
0
10643842
0
0
0
6757756
13319328
16696729
14925880
8793483
0
16986335
10462633
11451459
0
0
0
0
0
16012935
0
1047600
17227665
1248903
0
4078373
0
11761645
0
15663214
0
0
0
0
11338168
0
0
16022194
0
17105678
0
0
0
12324687
0
16813898
13284059
8993837
0
16673899
140880
0
7966160
7649547
7364121
0
0
0
6882756
915
5626975
0
0
17095032
0
15841955
10818062
8040810
0
0
0
0
16648239
9926924
9569793
0
0
0
0
1598143
0
11473553
0
13437563
0
0
0
0
1528601
0
0
0
0
3364899
0
9567889
0
13413259
0
5075627
17264231
7093748
12035564
12809917
12712861
0
0
0
13668130
3601822
9745116
3298941
141191
2864185
10492578
2230016
0
0
0
0
0
0
0
0
0
10124358
927271
17228848
0
0
0
0
17135498
9103955
0
0
14327042
14044681
0
0
0
0
0
3879143
0
0
0
6898685
17176895
0
17146415
0
0
0
16801701
0
13277363
0
0
0
9648381
0
0
14410680
105758
0
7799497
11548899
1497367
12610836
7663107
0
7395885
12025307
12076061
0
6211360
17105123
0
1386549
0
133
0
980696
0
17263339
10512369
0
1976347
700645
15830731
0
15404275
15602397
0
786269
11262899
5509590
16602876
13045170
0
0
0
5207258
17307639
2820859
10307582
15403765
11644006
0
2131985
15946730
6859501
16316845
8753867
12103379
0
12971987
3569287
16394526
15086928
0
186988
14769569
0
0
0
14200501
17164220
12678504
0
0
13627612
0
264
1950645
0
0
13955702
0
0
0
0
4389634
15512147
16469604
7511301
0
15554486
16546732
17163032
17308646
7655410
0
0
9658077
12497421
0
15549604
0
12335825
8778809
0
1823336
12681568
0
0
0
0
0
0
6745630
0
0
0
0
0
0
12312470
298493
0
6513986
0
12811024
0
0
0
4633453
0
1669014
0
0
8877246
0
13593975
0
0
0
1603493
0
79899
15771923
0
0
0
0
0
0
410813
0
0
0
0
11174037
5400979
17203675
15920600
7647777
0
0
3341795
6990232
14658125
17147589
0
0
0
14652927
0
0
0
0
9522341
14913727
0
9986715
0
14768941
8460326
6630346
0
0
0
306440
4709258
3616228
6749924
0
0
0
0
16957552
0
6396333
0
15091761
10842850
15642832
0
196064
196
8745318
15333647
7425651
16580352
0
7634841
1870101
0
16023823
0
13622076
0
8815646
0
0
0
16952409
0
15440056
0
15387018
9744407
1685637
1456689
9973475
0
0
0
0
0
10335288
10667044
15961709
0
0
7915612
14400931
0
16517419
0
0
0
16890945
0
0
0
10194376
0
0
0
8797547
0
0
13083926
16988092
0
0
0
10695403
0
0
1393571
0
0
15416838
10260901
7843294
0
0
260738
14699311
0
16688231
17028298
12407258
9438080
8743569
16367498
2849111
12987186
0
11837957
0
16479162
0
0
0
0
16384958
3800390
0
0
17157315
0
17312445
15508649
13047370
0
0
0
14982498
0
0
0
0
0
0
13791635
0
0
10375920
2900302
270613
0
624572
5085671
15452420
0
0
0
13432497
16716216
0
13299025
0
0
0
0
1682741
0
0
5179179
0
0
3209387
16608916
0
16847805
0
0
8282915
16681902
0
13608251
0
0
14867930
7911344
0
16695628
0
0
16881221
0
0
0
0
0
10057669
15985560
0
0
16955942
0
17169406
0
0
0
151431
0
0
16587847
1226169
17360047
0
0
0
0
16317802
10173330
416949
0
0
0
15479020
10671307
15599628
0
0
0
9500634
13285333
0
9645313
0
0
0
13607658
14100897
11135519
7150594
12266147
0
8679149
16617294
5954884
0
0
6418793
14256106
0
15015317
5605066
2004591
0
15632732
0
13550143
15466968
16717072
240977
0
1549004
9170398
1303959
4511544
0
10960748
9727304
16436952
0
7208968
0
17117663
0
0
0
416371
14130742
12891556
18067
0
0
0
7595096
0
16877070
621
0
0
2965428
6756005
880
3691577
17416554
0
0
0
14708617
17104307
0
5130756
0
15590754
0
8502833
16747186
0
17216189
0
0
8916337
0
3952349
7280833
0
7613087
17299864
16610216
0
12410799
17152136
14828585
0
17241148
0
1453124
14085682
0
0
2766578
4881659
0
12528162
0
13917775
17234445
0
1025556
0
16446722
5675418
0
0
0
3068221
370679
3655925
0
13068355
0
1944642
0
16273648
14782984
6701387
5078679
5505505
9498822
1606515
8029180
0
6843298
0
0
11117041
7226385
0
0
6611590
16456090
0
11803932
9650368
15010235
0
497202
0
17350920
13838052
0
11784202
0
0
0
0
6956232
0
15256590
16224589
16501493
0
14310365
0
539
289
5058458
0
3457960
13503233
304354
0
13643320
16708363
16321455
15933540
7892988
0
0
2979377
1911467
17372762
0
0
0
16202543
0
2121299
5697774
0
0
13698194
16479162
16420432
2586763
0
7017811
668184
0
3444814
0
0
0
0
0
10769417
1567946
0
0
12065962
0
0
0
0
0
17398152
13696992
16229815
0
11784522
15050097
16528925
409
0
16368999
60925
0
15761491
16278925
16877933
12925504
0
13141834
0
0
0
0
7004728
16041807
14589310
12389985
0
15061546
14717538
764280
0
0
0
17427324
520
0
0
15084061
16057902
17271201
0
15241049
14995525
0
0
10294650
0
0
14732298
7179743
0
0
17271201
9528400
0
0
7378138
2319739
0
17308089
13827930
28358
0
0
0
16631712
13201183
0
0
0
0
12837283
9548019
10798616
8403092
0
12974638
11641960
0
0
0
16717072
2589792
15871937
0
0
0
0
0
5614918
3141175
0
0
0
14071673
1754865
0
6196819
0
7786898
1873868
1529111
0
12842654
7486806
0
2927893
0
0
0
0
0
15931204
877
0
0
6806006
4506140
0
423462
0
5187569
14106583
4446761
13831025
15070063
14057436
0
4658649
0
0
0
16074722
0
0
17419401
17080798
0
5976355
16031210
10115363
6046367
13891039
0
2406944
17350991
3282706
15508971
10572560
15775690
0
0
17207721
0
15834305
17286351
14506789
0
0
11416024
15939053
16257306
0
16666243
17404921
5951659
0
0
4600260
0
17087915
0
3605037
13353674
0
17308748
0
0
0
12008811
0
0
0
0
343979
0
0
10740217
0
0
0
17400317
12155946
12010313
0
15567984
14981133
0
10263248
0
17427895
0
0
0
14717991
7755904
0
0
14504419
0
0
7351562
12406578
15831176
11633489
1454447
5107364
14792688
0
0
0
0
3035116
0
0
8960087
0
14267140
0
7516681
0
0
10288166
0
16857275
0
15055104
6776799
5370394
0
16409795
14048024
0
14533475
9014921
0
0
15678035
14716243
14041082
120359
0
0
0
0
0
17479457
0
5511281
17362680
9393945
17310988
16806946
14433735
0
15635479
0
8229832
14137357
16933725
0
0
0
0
0
17454903
0
4521678
0
6808925
5033828
1818978
0
0
0
17401945
0
0
8090773
0
0
16221851
4383382
0
0
0
14856641
0
15270737
0
17417493
7059098
0
15455793
0
0
9916871
4269849
10654174
0
0
0
9003826
0
0
13770767
1498211
0
4734831
0
7778921
0
15681383
0
15339054
0
0
7068535
16127323
4195875
11350277
0
15120531
849937
12928708
13145498
0
0
12836772
11405307
0
10325159
0
676862
13061389
0
0
0
0
17141642
0
0
17342844
0
462913
9581623
0
9422255
0
0
0
0
0
0
0
12934831
13352135
232505
9693363
0
0
68918
9742745
0
0
1404810
5685042
0
5713340
0
8757758
14847312
15930886
0
0
17473686
0
15106108
0
2758132
374563
0
0
0
17203430
0
0
17567773
13784777
12434069
0
237203
13051667
16431041
0
0
14280209
14193903
0
14316100
0
988
5114805
0
3154922
0
7914348
0
14863430
16720963
14589903
15898375
0
12911483
1201361
0
11701202
0
0
0
10496104
11123744
16430668
16456315
16182154
0
11865366
16355200
0
0
0
0
10551286
16201886
0
771749
13353677
0
0
0
13888833
16051384
17121472
17048879
0
11914976
0
15647102
16570941
0
15244621
4998820
4695699
14076579
17473438
149109
16842282
1172154
16568308
0
14168219
13411461
0
14065124
453238
0
0
0
7209701
17226523
17539452
0
924421
9240604
15020763
0
2606278
0
0
1201622
13905195
9769712
16612469
16795812
11013270
0
4918428
16364145
0
2568770
0
16529341
17233889
15132239
0
0
17239089
0
16939091
16716318
0
25395
0
0
0
0
17470696
16527833
0
16439382
0
2019849
0
0
770130
0
17477811
17266777
0
0
0
10914407
166409
0
0
14059253
11639142
0
15938088
0
2682042
5413312
1474961
17383010
0
10782480
0
17285834
11106009
16139096
14882948
0
10004457
17436230
13208465
0
15512857
0
10443397
0
0
0
0
0
0
0
0
17604679
848103
0
6050374
15059810
11653198
0
0
0
16895493
16532400
12346197
0
0
9607699
0
2804760
3100464
0
17257840
0
9662644
16901932
17522004
0
0
0
1900883
0
9784277
0
0
3072020
16481379
15750637
0
17517569
11968472
7838445
0
9478025
10179204
16693305
0
7359872
0
10047366
0
0
9337194
17434577
0
0
0
17598328
16753992
0
0
5492439
11542462
15066387
17115938
0
0
0
15117563
17562524
10444572
0
0
0
0
0
0
11613406
17091499
0
1334987
0
11911307
5732566
17243565
0
0
0
0
10500387
3498480
0
0
6111025
257953
15416791
0
0
0
0
0
0
9425901
0
8950
0
17231378
0
17599947
136592
10977
0
14462423
16423761
8138259
0
0
7296664
16703733
0
7811021
13534267
0
14990867
0
13832158
17420356
15945572
0
0
0
0
16889539
0
0
0
0
0
16166230
0
0
13474770
14735775
0
0
0
11533210
0
15994976
0
16980692
0
0
0
0
2797240
16926209
16901773
0
11013277
8091501
11323294
0
0
4501508
0
17093994
14706768
6972776
16935094
0
5324482
0
0
0
0
0
17000833
0
0
0
3627755
17226664
511
0
0
0
5623478
2281438
0
0
0
0
0
13963480
5554504
9618294
0
8944116
0
17629774
16232597
1904084
16401486
0
603331
404587
8547067
0
0
13129884
0
9019772
0
0
17328324
4511624
1501767
10547710
14508022
15432933
15220697
0
0
17605130
3933862
12556302
0
5895902
0
14504215
0
0
0
17281557
0
3366257
0
0
0
0
0
0
640064
0
16350258
17528101
15488102
0
737547
14379105
13500998
0
17111436
2668850
16352853
0
705
17421474
11991616
10548592
0
10810714
17438546
0
17132922
0
12786511
1041097
2041468
12636588
7556896
9972742
0
14468792
17084211
0
2147996
14819118
0
0
17628296
15946217
11157623
417847
17553713
11259678
0
0
0
0
0
0
210
0
0
0
16707655
0
0
16636149
2952277
0
14595053
0
0
0
0
0
0
16401521
0
14652300
6015550
16739205
0
11221242
4505871
0
872263
17537355
0
2999915
0
0
0
0
16669665
0
7430685
17176087
0
12872580
0
7934471
11704199
0
17079019
8755831
0
0
0
0
0
1174313
0
14298848
0
5641020
17229173
0
4170130
0
0
0
0
0
16846304
0
0
14597753
0
0
11051708
1918263
11274972
16231880
0
0
0
10885331
0
15426806
0
0
57336
17241049
7422029
17314733
11014643
10678351
0
11321947
16370939
16794501
13104985
611
17413057
0
0
8230045
16488118
0
8905808
16653051
5730433
535
13432939
0
16400393
15713658
0
15218526
0
9087919
2148087
0
0
0
0
16982938
0
0
16239323
16035497
1194894
0
693208
10747482
0
934540
12829307
16569637
6286327
0
12552642
0
0
0
0
6867723
14791017
17417476
1533581
10597373
17633092
0
15335440
0
0
0
1993981
16847545
9362902
0
0
15784105
15228735
0
9772773
0
1089806
16303438
1314905
15183215
402618
4714498
0
0
17066023
0
0
0
0
0
11016252
2122506
0
0
14723358
0
0
10549690
393177
4655776
16719570
5216141
0
0
11037535
10283335
10314056
1422473
0
15390576
1620031
0
481899
0
11559095
3682465
4871721
12759321
0
13665580
0
0
412190
0
0
15724002
12843754
8681218
16517106
10881407
12010548
15582514
11481144
13158414
17443410
16419257
0
0
0
78928
0
5212914
11362006
6129425
10112487
0
0
0
0
0
0
17686961
0
0
9796672
0
9267816
17184225
6339866
9025771
0
0
0
0
0
0
0
17690710
17451049
8417684
0
0
0
1104358
9991159
776667
255364
161
14401022
0
10248154
14312393
9580564
0
0
0
0
7286526
0
0
14765983
16459410
0
0
13354520
16438369
0
6374985
7010135
21439
0
0
0
15461104
14852995
0
8900416
15973241
0
2987711
1913517
0
0
4851897
17150682
0
0
16820876
0
12775103
10533382
0
0
0
4498934
17527184
0
0
12705843
4259936
0
0
0
9823256
16812324
5965669
16747147
2848721
5826433
0
11200371
17157118
11287498
0
12587088
16884777
0
0
11138436
0
7824417
0
0
6757309
0
556423
0
11952342
6571831
0
16821001
0
15051791
0
14373902
0
8457081
0
14255858
0
14399336
6122233
0
15815025
0
15835390
13727597
0
0
0
0
0
2601921
15789387
12696485
0
13792833
0
3870800
16112224
0
13674427
15665065
16239727
636698
17576379
0
0
11625455
0
0
0
0
13494799
0
0
13268145
0
13470
0
15976267
0
0
0
0
5782958
0
6655076
0
10155249
13860605
0
10432711
0
11454149
2097990
15950879
17683335
17012119
13202884
0
0
12107635
0
0
0
14397867
0
0
0
0
0
10798888
0
0
14210359
0
989
4731284
0
9110514
16842492
16083129
0
16240252
17432341
0
14115850
0
0
1961293
7747919
2649787
16827036
0
6091117
0
9162744
0
0
0
0
0
14846384
2661598
0
15910202
8621525
0
0
0
0
0
0
0
74141
4131574
0
0
13058510
0
0
0
0
300844
15500232
10771328
0
0
0
9094043
0
13205621
0
0
7092711
8580149
17768046
8491690
0
0
2926318
17197275
16545859
0
17207078
0
14609562
741847
0
15781448
0
0
9668463
11260005
17777815
0
0
3107960
13632739
0
15119325
34
0
0
823463
13720308
12882627
0
0
0
11909808
15476041
0
17256528
0
0
8286730
0
0
0
0
0
0
1984034
8142105
13226964
0
0
12150017
0
886
0
4868626
13009505
0
0
0
15448030
16747284
13410912
0
0
5643592
7034799
0
7169021
0
0
16251527
0
7678128
0
13661604
6232555
0
0
13544904
0
872142
0
0
0
12987680
17732110
0
0
5484
0
0
0
5559732
9563207
0
0
304354
15584445
0
0
0
0
17452178
13921755
12646115
0
0
0
0
0
0
17733244
0
15984223
0
0
10946636
17734759
12408609
15562689
9412478
4877300
0
0
0
15711520
14771828
16705202
17579763
16819071
0
12354412
0
2887741
14125065
0
0
0
2978471
13488469
3193854
0
0
9551923
15876947
14069304
6228977
0
0
14876391
0
0
3130452
16442541
0
17210469
0
13344392
0
14404278
0
10083504
0
0
0
15859010
0
0
16102132
14830604
13187526
0
0
17667333
6252058
17712772
0
0
0
0
17419150
3421
0
0
0
14464993
3627593
0
0
13215551
2552531
4675778
14447802
15474032
14227363
13134063
0
0
0
6299451
0
0
0
0
0
1340165
16780988
6714886
0
17413075
0
11682622
0
17043934
0
16396776
12328517
309663
0
0
10041896
0
0
17726398
12651802
0
0
11895344
17426832
14585183
0
0
0
13878232
0
0
8996398
7466979
0
3863902
17327619
0
4664525
0
0
0
11887034
0
622077
0
0
0
0
0
0
0
7466915
7620271
9411312
17775357
7240229
1899665
16704110
0
0
17235774
14116416
0
0
13708388
0
0
0
0
9354790
3984351
0
0
0
0
0
0
10040420
5689530
3872437
0
0
0
0
13710057
0
0
0
15132813
0
2198394
0
0
0
0
8266428
5070111
17812592
0
17784020
8170696
1516588
0
0
12406036
0
0
17555315
0
0
0
0
401031
0
0
0
4658261
5200360
14915742
0
0
0
770090
13098961
17742251
2559621
17846826
0
0
0
0
10365456
15561645
5525285
0
0
16542007
0
17824645
407287
0
0
4798519
12352803
3506645
11903128
17082106
17832162
6800187
5922783
11097825
14500197
11823059
14883886
17237670
0
0
7890980
16141994
0
420170
1594382
17794130
8662212
0
13964005
10775661
0
0
812517
10090505
0
14589256
0
11924842
4952306
16284153
4880356
8959848
0
0
0
0
0
0
9567440
14910120
11180725
11136056
0
0
0
10519904
8361322
0
11208970
0
0
0
0
15728253
0
0
17822029
0
17640585
0
0
9515694
15038583
0
6032762
15278821
0
0
0
775857
0
0
0
17505066
0
0
14722991
0
1421955
3929061
0
0
0
16334367
9912505
0
0
0
16001027
0
4428874
0
15470802
4626549
0
0
5519843
5747081
0
12276564
0
2091317
0
16780988
3703210
16611179
13637516
13070234
0
2618401
0
6864000
13306546
0
0
15715852
16507308
0
17410009
10203630
0
0
3086970
0
16922313
0
0
17304122
0
0
0
0
0
0
17530600
0
17388179
16358609
17688770
11187487
9993747
15090410
16317145
7913206
7515498
2648900
17117741
0
0
0
0
4115215
0
0
5873466
16346743
6555705
628
0
17826713
0
4127225
7092464
0
17349218
15569494
8623812
14453610
0
16927747
16614537
0
0
10279908
0
0
919050
0
17400814
10360452
0
0
0
1514274
0
4237120
16328610
16797375
362994
17843250
0
8288619
0
2793471
0
7745374
0
1820887
0
0
0
13411299
17584309
0
0
14377414
8296810
0
17512732
0
9802394
16917468
0
0
1701212
9733058
14509867
9274840
14562312
7141505
0
0
10779445
0
15883215
0
0
0
14339769
957656
0
0
0
0
14830690
12453083
5455563
12652911
0
17286038
0
17283744
13507864
12589428
16141517
4672325
0
0
11471960
602
9564662
6638519
9641940
3006510
0
0
12877564
0
17637509
3487606
8234500
0
1309508
0
0
0
15397231
0
0
15998309
3542393
0
15586625
3116994
13149627
16978310
0
0
0
0
16749775
2601194
0
13390937
0
0
0
14518493
16312225
0
0
0
0
0
8372376
0
17046768
0
14786403
15657391
17431143
0
15428137
17774439
2797339
0
0
4498674
0
1788890
17533018
16908344
16770797
2123299
0
0
0
17361675
0
0
14270816
13894926
4584826
17262741
0
16561554
0
12222023
697
16367390
16053020
17238225
0
0
0
0
865321
5096699
13792949
0
16872813
0
11639191
0
4021275
0
8796811
0
5412163
6296207
0
10002830
12723333
0
15756651
10943633
10356070
10678957
0
17090432
17745041
17461207
3029309
14216631
0
0
223755
0
9117886
0
0
14607073
5105384
0
11210875
0
11786053
15027717
0
0
1104406
0
0
0
0
13414648
14909266
0
8812218
17870740
8069033
0
0
0
0
0
0
16588027
1266965
1450624
17095929
0
9249635
0
15629205
0
0
10057936
12342522
0
0
0
0
3925517
0
5707299
0
0
15307427
0
0
4973814
132175
7071789
0
1973000
0
0
17533867
0
0
0
698016
3735920
3972311
0
0
16079232
0
0
14729760
16544396
0
12317606
16468816
0
0
0
0
17902545
1421997
6790430
3931885
0
0
0
16449713
0
0
11451975
0
17321235
3557839
13295616
10415292
0
0
0
0
1213185
13222439
17048172
0
0
0
0
0
9976145
13364713
17344167
13157497
0
0
0
8777047
0
12378272
0
0
323844
3359479
0
9451792
0
0
12779547
0
16682514
14615748
17753224
0
0
15634174
0
0
0
0
0
439825
12812502
17580838
4431908
0
0
17558727
17757139
17579518
0
0
16935127
5343456
0
17291643
0
13032270
9440884
17510734
16246727
10609502
0
3690638
5598863
247
0
0
0
14027446
14579078
0
6996387
330069
7920377
0
15748661
784946
15838811
13073612
17918861
15571579
0
0
9505334
15240212
16293077
13040056
0
16963984
0
0
12070655
0
0
0
10141765
16415550
17713944
0
0
15950640
0
0
13765006
17352247
16539421
8131075
1157134
0
0
0
14308101
3451402
0
7108549
0
0
0
0
6003
15870072
5680229
0
0
0
0
12933167
11161780
10308066
7622570
0
17696259
17456893
0
15450607
0
931920
17408423
4481508
0
16941932
0
0
16073622
9194819
0
17836495
0
15570304
0
7515653
15140072
0
0
0
0
4185114
17246524
4740041
0
0
14126374
15246975
0
1127163
952828
17697258
6809756
0
15422325
17859708
17997410
0
0
9613243
17812591
16750528
11325951
0
0
0
14130553
0
14932334
11766622
1531979
0
0
11142710
0
0
0
8163989
0
13394930
0
0
0
0
12568582
15980466
0
4729582
0
0
0
15572340
0
0
6008054
0
2445644
0
11454180
0
4884980
12075640
5635326
0
0
0
8589342
0
0
0
0
15754796
0
16800391
0
0
0
0
15593926
0
14300706
0
0
13477845
14937646
0
10777412
0
15382985
0
0
17574830
0
7151147
17060310
800583
0
9605326
0
0
0
0
0
0
0
9594981
0
10475141
0
7959118
3246130
9830512
0
5219536
17967591
0
15698853
0
0
12380628
17317425
13105324
16980943
0
12586652
7129675
0
5663201
0
11929613
0
0
0
0
2451475
0
15238332
456769
0
0
5787214
0
4007834
0
5911660
0
5333299
0
0
0
16490683
0
0
0
0
0
16341455
0
3285038
10790375
15093536
12059477
344825
9900050
15105326
17937994
14333102
12455580
4671386
16545957
1275586
0
271115
14309398
9168655
17987433
5591848
0
17544639
0
12299586
16352910
13652282
4798090
0
232518
0
0
0
0
11753795
10792981
0
0
6675179
5388956
0
731148
0
0
32747
0
753488
2825004
11163827
11548224
0
15408951
17889254
14920768
0
0
18013471
16241559
0
12186278
2997993
17373074
13109980
17240205
17311576
17870010
16388947
1915769
0
9470296
16043507
12138796
0
17831640
0
82504
0
0
3959877
0
0
0
14184683
0
4912868
0
11457152
17981026
0
12098328
0
5378484
11082019
0
0
15168058
5875188
14985096
0
13765240
13688526
4997866
16019302
15332296
16897220
0
16695565
0
0
16924512
17524615
10629194
0
10758478
17275292
10498780
0
0
16842485
0
0
0
16763527
17938254
0
12157905
0
0
0
16061999
0
0
0
0
15797534
0
12522455
0
1607608
5305636
13673965
119084
17040333
17484943
0
0
723477
12422151
0
0
3126403
0
0
17726018
16211626
847756
12674844
12569985
13177036
0
0
0
0
0
0
0
0
15477215
0
4458167
11580140
17638655
0
12085599
16216249
0
0
0
5342777
0
0
0
12168499
9279880
0
12190240
0
0
4985889
2924560
13378543
0
14087960
0
13043462
8779352
0
0
12935127
16688318
0
10006336
3098141
0
0
0
0
0
0
12650960
1616420
0
15963922
13108806
4354239
0
0
11310839
11208669
0
0
0
0
0
15985555
0
15490358
17741809
10385308
0
0
12580692
0
0
0
13070631
17651769
15620404
0
5118331
6064359
0
0
16764750
18083238
14315263
8922999
0
0
0
0
9478678
5799707
2306800
17358859
0
0
3204575
0
3813949
10879819
703292
0
0
15974152
0
0
0
12568856
0
0
11295944
17339333
15458459
16182642
14028634
11900177
0
14040683
13153054
0
12033468
16374570
0
0
12296930
0
17632709
0
16236732
1518715
0
0
0
0
2812174
553
0
0
12946393
0
13850879
4125415
0
0
378324
17975204
0
15519119
0
0
15063318
15636619
5778973
9525446
10610659
16869958
17577428
0
0
0
11857094
16283348
0
0
0
0
17926423
14444421
2781799
0
0
6147518
13233472
0
16930974
10725012
0
0
0
14716017
0
7996706
11269188
18128946
0
0
1616249
0
0
14160042
0
16436091
0
194614
0
0
3377616
0
2095700
0
0
0
9382132
0
0
0
0
15464659
9013713
0
11585946
17741887
0
14276127
0
0
0
0
0
0
0
10066323
14437791
0
15584092
0
17265413
0
0
3851126
4735442
8284975
11489679
9576229
18133623
0
12168747
4293489
0
0
0
0
0
3052885
0
0
17221193
0
18102866
11591430
0
4141896
8500507
16216322
0
0
15555200
0
17879874
13299832
7655161
0
0
0
0
2112722
11181944
0
18075641
16963110
0
0
1568981
2509917
14633972
0
9488323
0
6296926
9583383
18039263
12229864
4344193
16678852
0
15475750
10011056
0
0
0
12059830
0
7152511
0
15849320
17303003
12843048
17663776
0
17716772
12808067
13851718
4639495
13739258
18020412
0
0
9640134
13889614
13994477
15645899
0
0
0
12903888
0
0
6563765
0
0
0
0
0
0
3486755
0
0
0
15449703
3930341
18085100
15433827
0
0
0
0
1799617
14376416
16778349
0
0
0
0
17425726
0
0
0
1451103
11713227
0
0
11614478
0
17088206
9648795
0
0
16074553
0
0
0
12042329
0
0
0
0
17817456
14724596
17742189
0
12704841
0
0
15446366
0
0
14993504
0
0
17863084
2140985
9241130
15414980
12807305
7931757
2787730
2188705
0
12726895
0
0
0
17290525
0
8224982
0
15392
860
0
16242664
9585066
0
8452531
0
0
0
6884256
0
0
2749742
0
2739679
15135270
16399850
0
0
10382885
0
14978344
12087613
0
2847709
0
10388641
0
3124309
6506254
15448942
0
10676123
0
16415301
1964034
0
17926137
12622756
18118874
0
600051
16424802
17221629
0
5471291
0
0
17493067
0
0
0
11902287
6146213
1127406
6280151
1508080
9731938
0
0
7867337
0
17549747
0
0
0
0
0
11026260
0
786944
0
9255543
18095434
4637355
0
4779074
0
0
0
17914016
3615313
0
0
0
16056017
0
0
16944619
0
0
0
0
14680525
16754172
0
8559897
0
0
65506
0
0
1177249
17469536
5331590
857401
5357854
17914119
0
16517786
12423267
0
4211362
0
929803
0
0
13425121
0
16094480
0
0
0
0
17904809
11893077
0
0
16520493
5945423
550882
2224069
8731478
18097593
75491
13050419
15320496
0
0
768
4373633
0
0
15213384
12586849
15762877
13630554
0
8781329
5821183
0
3555880
4086370
16992622
0
0
6416155
11824367
16919066
0
15827258
0
0
0
17468274
8144484
11148038
17610348
17633402
17406095
15560563
8324116
0
10732938
17243703
15936378
0
7580560
3305779
10098096
14421128
0
11355879
0
14538071
0
12230615
10245751
2746196
12743580
17774788
9461087
2180572
17967610
0
0
10537489
13762502
1761862
0
0
0
0
6047626
0
0
0
55360
4054614
4974582
0
17320365
0
17258419
1653757
0
15673142
0
12100128
0
0
11127919
12476837
0
0
0
9943600
646
0
0
17911344
0
11599307
0
390071
14660419
0
14163468
7883736
0
17257018
0
0
0
6069120
10053396
0
0
0
7181013
68069
0
0
11916421
0
0
0
0
49303
17051950
0
0
17489050
15765949
0
6493140
16287553
0
1188150
8037564
0
14644252
0
0
4990025
1515928
0
3607177
17657932
5684441
0
0
5029552
0
0
1205718
0
0
0
16410735
17215579
0
17723203
6679421
8879000
15284401
0
17256183
0
0
9379350
0
18030406
17926623
11908978
13227941
1478622
0
0
0
0
0
3526670
6487523
12804529
0
0
0
0
0
4721888
5786409
0
6425559
17474552
4007291
14879129
0
0
1011878
0
975650
316146
0
0
0
0
0
15338680
16940785
4618683
17842346
0
18196943
3840174
2926901
16187961
0
9080461
9520284
0
0
0
8789956
459060
0
0
8549882
17978316
0
0
0
17256622
4873380
16914
14117790
0
0
0
18184120
15474628
18038294
3723657
0
0
5717697
0
0
227962
18115580
0
15383821
12549590
17225719
0
16029180
18083600
13961381
15554095
18001487
5373519
548100
14874105
3047204
13394086
0
0
0
9455667
0
17546323
0
16353033
0
0
926817
0
16398208
0
18183962
16182423
0
12469669
0
0
0
0
0
0
10210703
15618813
0
0
1012177
0
14340129
7086968
2365377
0
14627420
0
15940918
16203250
0
0
0
7322823
0
17581543
0
0
0
16174847
1802739
17476174
10920111
10936969
1610598
17527173
92765
16730642
0
0
12875179
9517948
0
0
10017235
9305413
0
0
891894
10028922
0
0
0
0
0
12714591
551918
13307288
9033767
0
1746601
16672574
18030842
8246975
9449963
0
17492683
8942377
0
15364601
18236972
0
0
0
3619311
0
0
9849274
0
0
5063988
12233769
0
18228238
7316677
15821261
10106349
0
5734737
0
0
17982627
0
0
17693349
0
0
17850945
17747737
6446629
16593712
0
0
17223639
0
18034709
0
17170140
17646068
14979854
3753863
11951507
0
0
0
474333
0
0
15176091
7570724
0
0
17804092
14412489
3775775
0
16479887
0
0
0
0
0
0
17099043
0
16089392
17561202
0
0
16362773
0
3332451
0
0
13728233
13705658
17468495
0
6314125
0
0
7707229
2434081
0
15690790
0
0
0
0
17394416
18138816
16174990
0
10576860
12649904
0
0
5608606
2144487
5433544
11595286
0
19
0
0
14559371
15612617
0
1883184
0
16712204
16181302
0
17281867
0
0
9061647
17157603
0
18261686
107451
17396037
0
848713
482
0
0
0
10387709
0
18158012
8478086
14861857
15780227
14758224
877
12312374
17665383
10733233
0
0
0
0
1452254
0
5165093
16504299
0
2495946
0
8289432
14847124
0
0
0
3015874
0
18052691
13937744
15936780
18301280
17270416
2020781
0
0
0
0
5796526
0
9583804
15979764
18227178
0
0
0
0
14249311
1988028
15832807
17064931
0
0
17145253
12041246
5901497
16190779
7919515
0
16750370
0
15341910
0
0
10635343
0
2559095
0
0
0
0
17416403
17318290
0
0
4726479
16709830
17972678
17583348
0
0
0
0
17257124
0
17296818
15281428
0
15724845
11668706
18046192
17982972
8290937
18222927
390668
17250058
0
16711136
0
0
18099458
0
10547070
14238880
6827087
15706675
0
0
0
11572933
13420861
0
8333931
0
15112929
13020655
17557698
10066042
0
1172717
13263480
0
299
0
9849528
0
13538390
0
16359492
0
6784376
17956763
9232410
0
8968003
0
17613450
0
17803369
0
16280198
146538
0
15639421
16112467
0
0
0
2333232
0
6250857
0
0
0
0
0
0
1089478
17663534
0
5047520
0
3237351
17264249
0
17115040
0
1161915
12315995
16908568
5341599
17684019
904632
17724178
5968545
13817207
10533007
413547
17162754
17993117
0
0
0
0
11129302
1407983
0
0
17488010
5448319
11062450
9415647
0
18209562
8276240
17979353
18119885
12157396
12331653
14416911
11325999
5587678
0
8167581
16024062
11309714
9681801
0
2423493
0
0
0
5497352
0
0
14170381
0
11028506
0
0
0
0
0
0
14212956
11047825
5737207
8700823
0
16674064
0
0
1904626
0
0
11943102
17915932
0
0
0
0
0
3506812
15566953
0
0
0
0
7883635
0
0
0
0
0
7540053
17295116
5991864
0
0
16502772
0
0
5075452
14097532
0
0
236
0
7991220
5732295
15569536
6275265
0
16452822
0
4007573
0
17271007
0
5771819
3443011
0
13193283
7702530
17977687
9936642
0
14941579
0
17283959
18222894
0
17026044
0
10772266
17751727
0
0
0
0
0
12529953
0
0
306216
17763858
0
14376535
5751387
8668926
0
380
17311077
13500326
17700065
7764339
0
6529645
0
0
10552340
17844828
361
0
18195015
4242348
9103330
13219422
14767285
13248814
1344435
0
4294587
1220798
17672107
13264632
15355479
0
16463910
7601950
0
0
14738298
0
7075226
11578693
10824170
17323091
6895043
0
17048060
15377084
6648893
4914535
17661898
18392514
0
5128541
0
0
17227057
0
10759682
4492545
0
4905436
0
0
0
18427776
0
11518101
0
6019819
0
16120109
14333737
15225069
0
0
0
0
0
0
0
4372971
0
0
0
17730445
0
15075591
0
13944611
14408051
11809554
8558401
7014837
0
0
3462797
2764716
0
0
11507899
0
0
498138
0
0
0
12560985
0
9700227
18122084
18216523
837336
13086739
0
3573640
0
18319834
18163686
9048026
0
17919722
0
0
17579938
0
18330054
0
0
14717115
12092267
14327512
0
0
8101404
9457953
0
0
16383920
8958682
2131539
0
18217235
0
12644378
0
0
9199754
15534746
11345442
742180
3260814
0
0
0
0
0
18424891
12847700
17483623
0
4294773
0
13509003
0
0
14010342
16176243
3340532
6793791
0
0
18316369
12074972
12939784
1336855
18402925
0
0
12834739
1223947
0
0
13543909
0
14957759
2778266
0
0
0
2553630
13086653
14132102
0
0
0
11038442
0
13345814
0
0
18249729
0
16190591
986
18354325
17979458
17570966
0
0
0
0
3272786
18318812
0
15565699
5450756
11374786
7288460
16919765
17780641
0
0
0
0
10205365
0
0
14927042
0
0
18484396
0
4858466
4674591
0
0
15949347
18000475
16100094
7563296
0
11551220
18355469
0
0
0
13315436
16772825
0
0
0
8199520
5350781
17505590
0
0
170585
0
0
18279872
5027834
10985636
0
10661037
5309117
0
0
0
16542232
18215618
0
4797249
18442838
0
3323238
115
18228773
0
10414048
12325683
16374184
9033563
0
0
18346635
6221180
0
1463046
0
13241465
0
17962414
0
0
0
3866965
0
0
14412336
11305676
13740798
8578737
0
4870128
18401901
12657207
10523279
0
0
0
14823785
9896992
0
17834186
2007536
18020112
9822114
0
0
17945792
0
8827269
0
3318383
17527340
0
0
0
0
18412227
14771828
17171157
0
0
0
5885144
10544906
0
13223817
7320802
13608006
11134623
0
17065778
9894654
0
13727129
15093411
18107164
0
0
0
0
0
11850350
12721061
0
10721571
7292213
0
0
0
0
14065775
18013011
0
5519832
7438655
13210010
11509853
18356227
0
0
1669566
11317833
0
17770791
0
8091411
0
0
0
0
0
0
13734183
0
15018255
214704
0
4579070
18424605
0
0
0
7269053
5785295
0
15781940
0
4190201
16757441
16754084
18138493
16385982
17952966
16692580
14378495
0
413717
10108513
12148035
0
5180226
8541558
2239374
2332989
2628096
16740076
0
18420567
0
18091723
0
12054071
0
0
0
0
0
18355983
0
7561309
0
12053361
13236916
0
0
9288327
17119947
0
0
18295410
0
18440787
9721083
0
6268416
17832514
0
16046612
0
0
17104978
8265776
0
0
169594
29962
0
0
0
18018032
14932124
0
0
13004971
0
0
0
17520837
13309330
16455087
4441931
0
0
3925451
6087331
4181572
16207191
16294713
0
13541971
11697979
13926375
0
3548391
0
16393691
0
0
0
0
18402440
12711792
18368993
14237723
0
9593353
0
8977444
17329734
14420988
11602015
0
4439135
0
0
1940912
5165517
17609256
12055555
13778542
0
0
0
13830853
18043556
0
12736114
0
18462336
10194275
0
17358210
15303717
2835287
0
0
12937647
15443955
18537130
0
0
0
13495611
0
18476790
13665443
0
0
17860782
0
3314470
16118316
0
0
0
18410503
0
0
6838770
15060678
5414388
14356485
0
1618546
4201203
12064184
368358
0
0
0
13035398
0
740379
0
16916865
0
0
0
8609060
3186291
0
17712284
0
17913707
6442256
0
0
0
0
0
0
909
13754358
0
18023313
11387973
18438439
17418021
0
16814370
0
0
4193399
0
0
7345939
17530148
0
8753210
0
0
0
9998341
8423892
6135518
4219476
0
17814876
0
0
13376227
0
18325275
16064071
0
18484274
12400127
12681354
16535257
12785566
17393606
0
11860163
18448258
18425445
0
0
14289439
0
0
0
18603937
0
0
0
6975394
0
7487668
0
0
0
0
0
14387083
0
18243056
18410746
8394884
0
0
7911730
10145537
8361191
12424689
7323706
1089776
14861738
16505809
0
7229317
17517363
330
0
13281527
0
0
0
0
0
0
472
0
16027540
0
0
0
0
18591674
10844366
15475362
13220908
0
17788150
0
0
16568379
0
17615475
433354
5946802
15633285
7936436
0
0
0
0
0
10933681
13026700
0
0
15927880
0
14984701
13397781
0
0
12579123
16811414
0
0
15632012
9268935
0
0
0
7851061
0
0
16848760
0
5610811
0
0
0
0
18278759
0
0
17365082
0
3167743
16431282
15899520
0
18275145
3875216
0
0
16695942
0
13937432
0
0
1716135
0
0
10192315
0
11149450
1211207
12703141
10273369
7759160
0
4172125
0
0
0
17479378
15931844
0
0
9892472
9680758
8731169
0
0
18248804
16195620
0
0
0
16912924
0
18149436
0
0
0
0
2094342
0
0
0
7246059
1221980
0
0
0
13820908
14415647
8257083
0
0
0
0
0
15275049
0
11254807
11547593
0
0
0
0
0
0
0
12935995
7618029
16737895
0
48446
0
0
12101162
0
0
14845748
0
9528643
0
0
0
0
12376091
14893327
0
18549297
17167566
2380028
8712979
0
9585333
0
0
17545583
16621030
15783586
0
15602055
2442071
17098024
16666202
5355809
16901035
0
14354927
3036236
0
0
0
10278456
0
15086234
2725744
0
0
0
13741818
0
17627505
0
6338864
0
8816864
3913696
7681152
18306006
15110021
0
5284255
0
16171453
0
0
14728181
0
0
10070408
15432548
18229215
0
8224390
17921
16081830
0
0
18411496
18438984
0
14975232
5144645
0
0
9112606
29488
15389854
17480616
0
14843132
6870549
0
0
4730272
18383855
16292334
9344945
12273485
8562
0
18166329
16590838
0
11559371
0
0
0
0
5853396
0
0
15263311
0
8124693
14215640
4424381
17989671
0
1057575
0
17961304
17254094
0
0
0
0
0
311908
996106
0
8420135
0
0
0
16362927
0
8932327
0
0
16031050
0
0
0
0
0
0
11054166
0
0
12305349
17585657
0
9064888
17005608
0
11297647
16609862
0
0
0
18663530
9050563
16696135
12383936
5162731
12072879
17979511
0
0
1872576
613994
14051665
8206354
7249759
17885307
0
18050021
16312729
6678956
8793883
0
16393060
5235370
0
14597903
0
18410626
0
10803866
11948034
16486598
8634517
18277316
306174
3250585
2899058
0
6809402
9813786
11848756
2904483
9210048
16270681
0
7708332
18435836
18385445
17190001
0
18356694
2429953
6977602
0
13116416
0
0
396300
0
0
0
0
0
0
0
0
0
0
0
0
0
0
7922527
8355747
18682040
0
0
18111437
0
0
17255179
4508771
0
0
0
2311602
635898
18204219
0
12390058
0
0
0
0
0
0
0
0
16983480
0
0
0
0
0
0
0
0
0
8818417
3545774
17686451
0
12464267
2354922
7677151
0
0
211
5244146
0
5315688
16407430
0
0
0
0
8227779
17801544
7263559
18250133
0
17971541
1664745
0
0
18051321
17975867
0
13852421
0
0
18618407
0
12085769
18644697
0
10374400
0
0
0
0
0
18640788
0
33944
0
18539063
13985463
5917428
0
0
0
11186480
12861744
10419908
17477960
18610925
0
0
0
0
3006306
15035901
11789917
473
7125569
8891798
0
0
0
0
17077374
17642553
17197689
16416873
10445769
17219131
0
0
0
15609036
6420350
13990624
0
18210054
0
0
0
8483530
0
16873320
11212581
0
1711102
0
0
519
0
0
0
0
18506182
0
6951747
0
0
14295751
0
145967
0
18682061
0
0
16016355
0
0
0
11521929
0
0
909742
6665692
14106579
13838690
0
8914103
5507419
0
0
0
11814574
15990262
0
0
17232794
4889999
0
16660090
0
8206494
0
5228578
0
0
18618176
0
0
0
2082484
0
0
16119602
1067006
0
0
0
0
7853856
17937411
0
0
0
0
15735096
14733419
14130824
0
16046163
6482422
915414
13516122
0
0
10220570
18169529
5852489
0
0
237477
13899959
0
0
0
0
10261381
0
7050951
18446154
0
0
0
17074268
0
18493940
0
0
0
18738538
0
12998069
919175
6586025
211582
3363681
0
17520231
18643317
18575599
9856928
14529003
0
0
18207964
0
15484734
0
0
0
0
7693332
8449118
10415267
0
18586157
7678240
0
9237493
18700813
0
0
0
0
13665736
7662262
0
0
0
0
0
18728458
8493870
0
0
8460039
0
0
0
0
4348005
10259176
8090081
2558444
18221429
0
0
0
17312044
0
14986721
0
7925940
0
0
5062037
5321395
0
542560
0
0
0
14843988
18189279
9918488
0
0
0
0
0
0
11275343
15139089
0
0
0
17820583
6777339
874341
18664087
15212087
0
0
0
12280486
17883655
1519325
0
13927195
18348834
0
0
816992
0
0
12920553
15531387
12919711
0
0
0
0
12643882
0
0
15818413
0
5676999
9808406
0
649808
0
16561116
7687796
12223521
0
17431680
5769961
5186794
8146421
6069330
0
18488131
0
18227199
0
18658632
0
253
0
0
3930936
0
0
0
0
0
18704482
5953856
3135943
15293493
11505218
12852167
56467
14356210
18682931
0
12727358
18381493
17539385
0
0
0
11567764
11235958
0
9197635
918988
17712719
14355384
3534606
7703617
0
0
0
0
14717819
2712238
14744448
9421349
0
0
18615470
12785527
0
15235087
0
16284750
1110632
0
18749899
16754625
2909833
15606776
7274918
0
11104455
149507
5167987
0
0
0
0
0
0
0
9953978
0
1838320
0
18121812
0
0
0
0
0
8567209
15738913
18466591
0
15345977
0
0
0
15473986
1527273
0
0
0
17920324
0
0
0
0
0
18571474
0
0
0
17265392
17287591
0
0
6937967
0
13366810
3377837
0
15526837
13768437
15413375
1854785
0
18092914
0
17868240
13937373
0
0
18124757
16048025
0
18733560
0
0
18647079
0
0
0
0
0
18729120
16474115
0
0
0
0
0
0
18635315
0
0
0
0
17244578
0
16516754
0
8727274
0
0
0
0
5843661
0
6903941
0
0
728622
0
15671684
1608241
0
18364210
0
0
16295515
4245219
6960256
0
12096085
0
0
3262346
15623638
0
14885469
0
0
18740746
0
0
18629898
14142369
0
0
1410353
0
12457614
0
13904032
0
16265295
15951670
0
0
3930467
9923104
0
14025636
0
1256294
0
0
14813866
5440809
0
2103097
0
0
16904014
10031783
0
0
0
0
0
0
5767107
5508471
81590
18676991
18404066
0
9914142
17971538
8284801
0
0
0
12579202
0
11557976
0
0
18439630
0
11713786
0
17544255
0
12816406
0
0
1308152
0
0
0
18360299
0
8335874
0
6299570
2704327
0
0
0
0
0
0
15884506
6586627
0
0
17259969
0
11118675
0
17688447
0
700
3085225
9354396
0
10465279
2806153
18746107
18427794
0
17297007
0
0
0
18740693
17994089
14388115
0
0
5136259
17970243
0
0
0
9362431
0
6310944
0
0
12136126
8723138
514864
0
0
0
0
0
13298854
0
13539842
0
0
0
0
14506472
0
18251218
18732875
0
18198118
4079951
2291975
0
7908284
0
0
0
0
7304571
0
0
6711754
18580535
10296764
17928941
0
0
17096845
0
17960826
6555719
0
7173272
8923228
15784444
4155493
18064719
12850190
14517666
0
0
2358671
18180289
17153617
14422732
0
7609127
0
7093910
0
0
1067923
0
0
0
12577491
0
16236879
0
17928153
17462078
9453710
11914220
17972252
0
0
15093827
0
9755268
18425830
0
8620116
0
3026055
2632443
3435718
0
11401385
11281571
3901571
18017211
0
9132908
0
14319769
0
0
4424928
8738002
0
0
11623605
18832796
0
460597
4144589
17750064
0
18833348
1904499
0
18343580
18666575
0
0
11080683
0
0
326
11626115
0
0
18795319
0
0
8135188
0
0
7914945
0
0
0
1096023
14135529
0
0
18664765
898
18582667
0
0
10590324
18654077
17130482
0
422710
18861059
17285597
13725604
0
2951622
0
0
18232055
7766005
12938067
0
0
15530439
16816311
0
0
6716895
0
12595874
11124900
4529782
10191611
0
3404893
0
2005875
17166608
11777397
0
163647
6026146
16178611
0
0
13396859
0
18594308
17710440
16992762
0
15658239
15216282
18562893
12186740
0
0
2799705
13019941
17782200
0
18012706
6978642
12275785
0
0
11302
0
7908482
16897705
13769316
0
0
11318669
0
0
14863963
5801635
14983659
0
10834068
18232636
0
0
6481699
11365429
7935481
0
15755287
0
7777119
0
0
0
9908703
9950250
14655297
0
18800035
18088967
11093781
7642428
0
0
18927758
17079147
0
0
0
13240722
0
0
18943714
12375531
8345340
18687215
0
0
0
13290131
0
8648308
106130
0
0
0
0
13604010
0
18671156
12880929
15464231
17519863
18838837
0
5257406
0
6643645
0
9143045
16149928
18167161
0
4678156
15248233
0
9664246
0
3445171
1747173
6605032
15773891
0
0
9698988
0
6238213
16150210
18350780
0
7074899
0
17941876
0
0
13793171
0
0
0
0
4412446
18851585
0
11863452
0
18028680
0
0
5618746
0
12636051
7492657
12127714
16423401
0
0
0
0
0
17488789
0
18801932
0
17163338
0
0
14994062
3137347
0
16096757
14248634
0
0
0
18696769
10497256
0
0
17120855
18942056
15347165
0
4365691
3763793
8894849
18439613
0
0
11055908
0
0
0
12194691
16694613
11182210
0
14828116
346292
17074753
0
0
0
17884190
14044473
0
0
12124462
0
0
17624282
0
10084261
15215178
0
9993248
18708121
18943270
16921998
18470640
7622345
0
0
0
0
2154669
0
3050915
166861
9184044
0
0
0
18883341
0
0
4292851
8446421
487
0
0
0
0
17199083
0
0
17117965
0
4222441
4890020
17325900
0
2581023
0
18910241
0
15257457
0
0
0
0
381948
18214519
0
18390693
0
0
0
0
0
1702531
0
5447908
0
0
13616183
0
0
0
0
0
0
0
13768596
0
18452858
14624544
2230610
64788
4945649
17988410
0
0
18258742
0
0
0
0
15963762
3771268
17662
0
0
0
13027150
0
0
2139078
7743437
17909691
0
3868390
6983935
10389265
18119659
18186735
0
0
14981234
17469145
6470635
6854400
0
18420256
17799457
8632530
15776188
0
0
0
134729
10239491
15718297
8014648
5496955
0
0
0
0
13601345
0
0
2284742
0
0
0
6836925
3652957
17830878
0
0
0
16935250
13260471
17074060
11243523
0
0
0
0
12225024
18938375
17960395
16240580
17135326
10972621
0
0
0
13578829
8074751
0
8179348
1932786
16332058
12764212
0
0
0
0
17481436
0
0
0
16777209
0
1670228
0
0
16327553
0
0
7110135
9467987
16381424
14913109
0
0
0
0
0
9589712
12850213
0
0
3041452
0
0
0
0
1158115
14526758
0
0
18676934
0
16855810
15644482
0
6807187
9809452
6106210
6215026
5620382
0
12761441
12903888
0
0
0
0
0
0
65959
4917465
13479786
0
0
14143387
0
19404
0
0
17552733
11814603
14290638
12988513
0
0
15470114
0
16673768
0
6743773
16736857
5924252
17668718
0
0
0
0
0
17365039
18467399
13753322
15015836
19026272
0
0
12380515
0
13454195
12740544
0
6257570
0
14621726
15056528
18979439
18894336
0
15047996
0
0
14748700
5656385
15467320
14133556
18890384
0
0
50486
18130811
0
0
0
11811634
0
354
811234
12238753
24583
746861
12399284
0
18902447
0
0
16930205
261637
0
0
0
0
458
18569204
10956551
12145548
0
0
3901650
18934301
0
0
14272274
0
9577539
11871145
2543987
14381232
18500327
2420550
0
1525779
0
8675737
0
0
0
9457581
12740983
0
12954827
0
12241924
14312537
0
6661403
0
22153
2846928
17876245
0
18987755
0
18361537
14192325
0
0
14808332
18046113
18038755
0
0
0
13792306
0
19001141
7692029
10909912
1685488
6904515
0
0
0
0
0
18117200
0
16646615
0
919540
7521794
12250457
16779403
0
0
0
0
6858016
0
18060215
17570504
0
10613411
845
0
0
0
18801482
0
0
2435765
0
1050887
18984051
91733
0
0
0
18066588
417547
13382707
3593578
0
0
0
16086352
0
0
0
6984910
0
17245322
247879
17271642
0
6313838
0
0
2120412
14117588
0
11712111
14078932
18928013
4622605
0
16096856
6711961
0
4737773
8338840
0
5850824
0
0
5476825
0
1368202
0
6463215
0
8877671
18753192
3927567
11854404
0
0
3167877
18162124
355267
0
0
0
10364308
18942599
10489096
0
18796241
0
14364146
0
12636189
10206317
14213714
0
0
145787
0
13968563
15961893
17799610
18295550
337334
3198747
18592990
0
12270260
17603231
0
15053616
0
0
0
14164716
16578282
0
11321924
0
703
0
14381969
7498806
0
17409910
5085511
5474954
0
0
0
6831907
18882829
14727317
12563291
19022115
5509623
0
1728463
0
11826106
12550330
17292355
19044686
0
18626332
18114939
3611636
0
4229762
0
121351
19032429
10386607
16980660
9081070
8088478
0
12585629
18148260
0
0
5405529
0
0
18067580
3462326
0
0
0
18142194
0
5747232
0
18467900
0
0
10386607
0
6774566
8880920
0
0
0
0
16120510
18836192
18600874
9859383
0
10704419
0
13318740
12876438
13945528
16206595
0
17310109
17368715
15269830
0
10761410
12237374
0
10731221
9054572
13762898
4276698
0
4243158
18841914
0
11947936
0
0
16053087
18579278
16400834
7849280
13429401
8591210
0
5458428
484322
2256824
0
0
11246114
0
0
0
15308131
2050602
0
0
9735106
0
17367905
0
15218346
0
0
19106528
17532650
14041974
10489510
0
0
0
0
0
0
0
18775466
7336348
13136368
0
16854068
9737739
0
0
0
0
13395339
0
0
16245933
0
4998825
232
0
18012134
16442514
17710834
0
0
11094199
16071889
0
18694663
8083742
4431794
0
4389193
8504192
13539427
0
0
0
9427268
0
0
2658365
0
0
11480801
14843132
12122446
0
3331542
11712241
0
0
15278870
19109113
0
13046578
0
0
12622214
8631231
3961129
0
7850554
0
0
15467299
0
0
3856823
0
0
0
15784861
904
2315991
7618962
9925739
0
12412279
945056
2301186
0
0
0
0
11137023
0
0
0
3659029
5744710
18729667
0
0
14192838
17117113
0
17207572
10720984
17564590
0
0
0
18223818
0
18564062
406207
9085563
0
15954405
899549
14501088
8065116
15844261
0
0
0
0
0
0
0
0
0
0
17545982
18915366
13316849
0
0
11280497
12302162
11958291
0
0
13038924
0
0
14335836
993869
16577797
17653964
0
4320651
0
16483382
0
18226727
17488067
514233
0
0
0
16408114
16412845
9878288
8154749
14192693
258640
0
18126528
0
0
0
17571914
0
0
13277669
0
0
18514276
12620411
0
17372960
0
12849934
6668983
11478962
0
0
0
10454652
11221518
16381399
8895398
0
14589266
18161724
0
17546269
0
8779591
0
18324756
3511508
19069023
0
0
0
15244839
18444834
14622643
14312986
0
0
10507783
0
18967530
0
10803874
310997
17398207
0
10137598
0
6180169
4896141
0
0
0
0
0
17078339
11990724
16978094
4103912
0
12696014
0
15494405
18234433
5579024
8608589
497836
0
0
12352988
0
0
0
0
0
11925454
0
7187818
13118073
0
0
0
0
17569956
0
18841483
1876028
0
0
0
0
6581783
0
1651700
0
18358502
16746365
2076870
17282027
1874157
4086010
0
3849664
17075429
0
12086079
0
0
0
15958441
13753995
0
0
0
0
0
0
0
19164960
17688001
0
0
0
0
6141756
0
0
18217127
0
0
19078385
4232469
6186803
0
19068337
0
0
8291140
19143009
0
237
0
0
2645871
0
6402324
0
0
11699088
448625
18618958
0
15222283
0
8857982
15258275
0
7719820
0
2457504
0
0
0
0
0
0
0
0
0
6368025
12526634
0
0
0
0
13991744
0
7322434
5691472
10800450
1194492
0
0
0
0
9810390
18278921
0
0
0
0
0
0
14491190
0
8071599
7022781
5207244
0
732
19090948
17374356
0
0
17663935
10744146
0
6480090
14251306
17565441
4495301
12978887
19223697
0
16307364
10966768
18186225
9170176
16183413
14393717
0
11456942
7225859
18796829
0
16594718
18970847
9936469
9902195
9296000
696048
5736477
0
5365278
0
0
15790411
0
6988599
0
0
0
0
785
19096065
18523637
0
18496982
19087198
0
0
12856974
999
0
12819490
0
18322954
13083289
0
0
11245984
6322655
4073164
0
0
159697
9209570
0
0
0
18905228
18105795
0
15472792
602449
19206878
0
0
0
2003047
8045527
17119231
11713669
12166028
17690721
19250294
15416437
0
0
11724024
349376
0
0
0
15814741
18982799
0
0
11229459
6295653
0
0
16006042
0
0
14476119
0
0
4189010
19258139
2700461
14357417
0
0
11340304
4735874
17283225
18605809
0
0
16416352
0
18906239
19135783
18712737
10087326
17330911
9550049
17470083
10046711
0
7477128
0
0
69232
19198693
0
284
10774636
0
206602
9180108
0
0
0
18111812
2877944
457355
10506939
0
264901
0
0
16474434
18522786
0
909516
8538854
0
2856639
0
18296821
14689917
0
0
0
0
0
18344991
0
0
0
4839960
11501751
15146982
10573666
17602463
14549138
7465276
13620563
0
6265199
0
0
0
140811
0
0
16993530
13941780
7528956
10666346
0
0
14512352
2040864
16991353
15397143
0
0
16568172
0
13884516
0
0
7442494
5015417
0
0
18342481
0
4801361
4361066
0
14089077
6989959
0
0
0
14127250
14984435
998962
10956809
0
4929600
0
18765735
0
15116108
0
0
0
12009312
0
17767176
12965721
29
7532525
192
0
1365602
0
0
4763826
16248780
0
19045753
0
18231414
0
18329919
13823002
6884949
0
0
7930649
0
17498127
446495
5827664
8526630
909
1534433
16198693
0
15189696
2132565
0
19225571
5712468
0
0
19229533
12344640
0
0
0
7535605
6336426
0
17456134
17125483
0
0
0
0
0
0
0
0
85032
19286590
0
0
0
18606084
12807239
15043132
0
0
0
15496996
17164894
6138837
18252488
8258335
18185459
13609105
19282900
13477411
0
0
0
17489369
16024843
13938523
11740450
17477772
5129327
0
13436993
12687491
0
0
7658163
0
17223449
0
13489791
0
0
0
9901731
0
0
0
15421745
6007168
0
2887796
18520521
0
0
0
6786892
1706822
0
18945869
2737479
18249112
0
16196319
0
11246475
0
0
0
0
0
0
16029152
18425552
1869974
16867879
15536200
0
16394100
0
18931633
0
19277059
0
6013808
5707046
6111930
0
0
7008598
15367840
19072528
11168042
18355856
18362274
14070715
0
19218966
0
15308538
14385523
222871
9419579
0
0
42835
0
19287965
14455648
0
0
0
0
0
1690450
3422877
126318
13006856
19303927
3261450
14770324
0
0
10757747
0
18672928
0
18610777
0
0
0
0
0
15931166
12807298
0
0
0
580213
3757086
7936807
3858411
17048952
0
0
16819140
19293928
0
0
0
1200235
14273831
0
15667752
0
5997341
0
5464056
17081251
0
0
0
15350446
0
19234907
0
0
12718810
0
19096651
3073705
19280059
1754608
766143
0
0
0
12784558
0
0
0
48916
8870989
0
0
0
0
0
3689389
0
6251721
11372927
19288493
0
0
0
3415471
16521530
13947399
12528475
0
12871595
18500824
0
6898685
18987123
18422237
0
11051949
0
0
0
18233766
0
0
15231047
0
17048328
0
10530739
0
2817863
0
0
0
16020901
0
16310837
0
0
0
0
0
0
0
17909404
4277911
0
14396225
0
12733411
11940934
13357671
11282633
12359200
17310369
0
0
8597866
0
6243057
0
0
0
0
0
0
14350169
0
0
56488
16546376
10556271
0
0
0
0
0
0
0
0
10496512
0
3768916
1184290
0
0
11035905
0
15733966
0
0
19231473
19303700
19293851
0
7216373
4593700
0
18942965
15367669
15454465
878960
18631301
0
0
0
19208235
18475427
12373499
0
12141415
1714386
13505527
0
12770
0
10287090
0
0
686
12994731
0
4642079
0
0
0
17959257
0
0
18674690
6785482
13933146
6582608
0
0
0
0
0
0
0
0
0
13105272
0
5494468
0
0
17098489
16629301
18029466
14415448
0
0
0
10522726
0
0
19320898
0
231486
18491454
0
0
7133167
0
18098792
7305988
19282371
16113373
0
8870945
12816640
0
11593883
0
14022472
14010235
19273133
17335564
15740716
16428347
0
1883335
0
0
0
5150678
0
0
0
19323715
0
0
8917801
15498512
19127694
0
0
0
0
0
18788411
0
10286838
3489725
0
6659662
4773726
796
0
10306715
0
6915456
0
0
7362021
0
0
0
0
12001196
0
7526553
0
4323088
0
18497324
0
0
0
0
0
0
0
0
0
8879916
10515214
0
0
7164918
14819718
16183055
5190733
4549769
6796860
13688514
0
18116918
0
15175919
15584496
0
14307365
18367762
0
18483729
11598758
1955656
0
0
18401090
0
0
7709593
8331481
0
3636940
0
0
1678868
0
195
0
18534855
0
6822291
0
13186420
0
0
16136243
16703026
0
19204592
0
17947469
2543789
0
0
7154903
3090910
0
12896627
12581047
11934303
0
3757688
0
0
18147409
0
15278993
0
0
2647424
0
0
0
0
17171688
7315912
18324742
7119553
6457905
0
0
6737114
17500486
0
0
0
12116306
0
0
0
0
0
14119398
0
14925889
16091594
268191
0
0
467412
0
10898197
8546194
19397054
0
6571251
1385455
0
18429421
19089715
19299283
0
10851918
0
12668742
13993899
0
0
6935876
0
0
3939926
0
0
0
18891713
19251735
15073230
10043864
0
1158784
0
0
0
15960723
0
0
9480218
0
10498802
7639366
0
0
0
0
10771294
5916661
2251950
0
0
0
5992417
0
0
15677855
19093583
19249807
19405809
8642454
0
0
0
17513695
0
19209182
0
0
17778456
201
16375095
18086925
13003800
0
0
0
17114085
0
0
0
0
14134282
0
16160275
13617576
17025553
164687
8913380
0
19173690
18582702
19175615
0
6806019
5395972
0
0
8764097
16386897
16602168
8536630
0
0
13502014
18782644
506771
0
0
19147722
14381629
5312126
10574705
15239098
8779510
0
0
0
0
9597145
0
0
2437420
18422383
19018806
0
500650
0
0
0
19430002
4196995
0
6237897
19145895
0
14068879
16943150
0
0
0
15262474
0
2258929
0
18487549
19187000
0
0
8635843
19045337
0
10689
9367059
0
0
0
0
0
13728966
0
17754189
0
16609689
0
0
12852632
0
0
0
0
3764765
0
19342873
304996
19407640
0
6521435
3386587
0
13016846
0
0
370
15408607
17704947
17112439
15901919
14437636
0
17318890
18492012
0
0
13853379
0
0
16658892
0
0
0
19426559
0
4699429
0
0
0
10467283
7114607
14484199
10759920
0
0
4493929
3674230
5172321
3421403
16155925
0
18501757
16978709
0
19318315
15046108
0
751
5791651
19445987
1668220
0
0
0
0
0
14115063
17165645
0
0
701806
15199598
0
0
11584126
10773653
9322338
0
0
18657862
0
0
0
0
0
0
0
0
0
0
5121515
0
0
4017909
6720006
0
12676542
0
18927706
17315619
0
14518930
0
0
17288561
18010586
0
15451086
17320348
0
0
18865878
15543425
15189208
0
17918039
1201416
0
8063134
953
828
16843147
3851485
3667928
11176105
8349205
149393
0
0
15583559
0
0
14299299
15336238
16715569
13704178
0
6602249
0
0
5883602
0
3447782
16243095
18813090
0
8618252
0
0
18018481
16919615
0
0
5254002
19290885
19413137
0
0
16963005
7646440
746193
19491284
0
0
0
0
1734607
2368557
0
0
0
0
0
18205596
0
0
0
19097856
0
0
0
0
17489816
0
19030905
0
19206363
7554570
207809
0
0
8585226
16098816
0
0
0
13100603
0
0
0
248176
19096368
15761484
0
0
18021053
19452878
0
0
0
0
0
0
17489820
5799807
0
0
11496538
4453298
15771612
0
0
0
0
0
0
10690719
13693905
0
17234252
12818480
17353127
18934198
11570510
14944812
10780389
0
0
19405840
0
11775617
5807400
7302892
9293169
0
9208631
471896
6894222
0
12226672
0
0
13345636
0
0
0
0
17732204
18831954
8203881
0
0
14243132
0
0
16848284
4224954
0
12774587
17783652
18750267
0
11553462
3468175
14546120
0
0
618
17129131
16630664
0
10765638
17721931
0
12670782
0
19327532
18224523
0
0
0
0
512809
15124390
0
5400812
11711384
17446752
0
0
6706475
0
0
0
0
15644027
5801768
9377734
0
19577324
6032155
0
10461703
18279612
17801351
0
0
0
0
0
15496996
0
0
9014030
1344416
11836033
12917584
17794786
0
0
0
1116899
19285872
0
0
19092532
0
13375654
0
0
15230047
0
0
16785540
14318334
304896
0
0
5322089
0
11591350
0
16557315
0
15194315
0
14393422
11093773
6164521
0
1133941
19393417
0
15875006
15519079
8312397
15471730
0
1653447
0
17516388
0
19558755
0
9183940
19067484
4899765
4947773
0
14631724
12432193
13562172
0
15502297
8781329
12960944
0
17875546
9771723
0
0
17948584
0
0
8156455
0
17467923
19096426
0
0
14262940
0
12934002
19219548
0
13356064
0
0
0
10050533
0
6740886
6408394
0
0
7795387
0
0
19095802
0
0
0
18521037
19350458
0
0
0
0
10745536
4935934
0
0
0
6299258
3993501
0
0
3789324
0
8600685
0
2294656
0
17366845
15714809
0
0
15481261
15098238
0
1250269
17562259
11275327
0
19211211
18441392
0
0
0
18816649
0
17438213
0
0
0
0
0
7348182
0
17745495
0
18814069
0
13975290
0
0
14172085
0
0
16181893
0
8325471
0
0
1792119
19594153
18028755
19088396
2465200
18610089
19510450
46103
0
0
0
8251132
0
0
0
0
14264082
0
0
0
0
11151825
0
11831676
5395085
0
0
0
0
6540597
0
168080
18527896
11279669
11620908
0
0
9572391
0
0
5233
8526859
18010170
14951107
18214004
0
16338633
0
0
0
0
14142597
0
3978378
4249770
19544000
19556662
702834
0
2421456
0
15834397
18820483
16795621
9859308
0
13547252
16152635
16924617
14149098
9272745
0
10235945
0
17895379
0
19087689
16033901
0
14929999
19505100
0
2530037
0
0
0
18960694
0
0
0
11736040
0
18678327
18622721
2771754
19550309
0
0
0
6904909
0
0
0
16998115
0
10782586
16811173
5832698
22
0
18467810
0
0
0
0
0
18528752
0
6605056
0
3570603
13828055
0
4481157
0
18589409
12508458
0
0
0
19578266
11365519
9776286
0
13044943
19145822
7020321
0
18876247
0
0
0
17634545
0
13783748
0
19541324
18315969
19208671
0
17912191
4051273
5145522
5325067
2158696
6285858
0
0
2457548
16255466
19488520
2068441
0
5294524
8950497
15261377
0
17119701
0
19494851
0
0
0
0
19283573
111101
0
0
14949867
8503184
18695630
0
5693196
0
1062273
16418
0
9225942
4153356
0
9574861
15712149
16102752
0
0
3792540
0
0
18955422
0
0
7507437
6541951
19503640
0
9258454
9182765
0
0
0
17630928
0
9946046
17839812
13986062
2316812
0
0
0
18965680
16351690
9676757
5775730
2277928
0
0
16746292
0
13327240
6648135
0
0
0
0
1911709
510
367959
15675038
11302519
853
18302314
9684347
10923965
0
0
19599156
0
0
12202000
3146029
0
12003599
5729080
0
19663214
17812776
0
0
0
7257715
19648839
19035974
13262206
3182899
0
0
0
0
0
0
14415886
0
0
19388105
5455281
19494263
0
13753509
6498761
18823998
4832129
2822524
2385860
0
0
0
0
0
0
0
0
19625770
3265932
18662968
0
0
14195755
0
18990567
0
10926100
19079429
0
0
18779723
11352596
16732755
14959286
3012765
0
0
18923210
0
13039759
9147769
17888946
9902582
0
16079472
0
14459821
0
0
18808486
17743769
0
18171589
19317875
0
10849351
0
13728489
19677319
7102332
17128523
0
0
0
15063673
8982328
11325845
0
13340831
9596585
17860170
19363966
0
6715041
0
0
12707283
9955312
14582593
2737880
12235555
13550859
0
0
0
17140373
0
0
0
14219533
0
0
18892183
0
0
0
0
0
0
11029555
0
0
10254747
19646436
949
0
0
9737247
10064295
0
0
0
9639314
0
205
12199662
0
0
0
19105548
0
7564571
0
16919008
13729376
0
15056785
1930715
0
0
0
0
16482228
12287505
0
17633185
11981256
0
17340773
8332397
19711501
0
14025605
14147004
12609559
1188998
0
0
102925
0
0
10626696
1390842
19301601
12947480
19090471
0
18383209
9445587
0
0
19428271
19379
2411825
18617803
17858535
14613572
1273944
13536216
19140512
1523408
0
17137871
18778497
0
0
0
0
0
0
0
0
19162557
0
15776434
0
15564023
0
10614435
0
0
0
11406339
0
4070141
0
19081038
0
0
0
15280505
0
17190506
0
0
0
0
7681139
0
19598637
14992308
0
0
12133453
0
15316766
0
0
0
13296177
3316205
0
17437084
0
3458563
7982176
3460956
0
0
7125057
18683879
18617767
0
13002721
10472783
0
9217753
7850725
17767510
16234835
15534574
17138358
484890
0
11526975
0
0
0
0
0
0
14409226
0
0
12049736
2991816
3926442
0
0
14613723
14730359
18205165
3075780
0
0
0
0
0
0
3956274
12800415
15666885
0
0
0
0
0
246498
13244066
14433949
0
0
0
18650061
4393462
0
0
0
5201474
2451039
12003154
0
17602009
18964626
19704289
12115382
0
0
12688291
0
10765244
17013318
0
1906430
15762182
18125623
12029483
0
15134516
0
3160673
13621264
0
0
18775462
10866104
0
0
0
0
0
0
19538180
0
0
0
0
14860711
19738978
5500097
0
10633310
0
17544068
2155906
62994
16853803
600584
0
0
0
12587564
0
0
833539
844
1177
0
0
0
0
0
0
1313108
14628856
17353841
15433569
0
16956160
0
0
0
8722082
8394002
11700470
18797847
0
960435
3274823
9869391
19041234
0
0
0
4664863
0
15870914
19513014
7214708
5060803
433778
1224699
15526078
17809258
17667821
0
0
19689834
0
0
8241670
12629234
0
0
4429087
0
12254645
17271427
19597761
98588
0
19049345
16391563
0
0
12231253
19581526
6088258
16137838
0
19140491
14220366
0
18954197
0
0
1239243
0
17522333
11241131
7243837
18354999
8848973
0
0
4042933
0
18853496
19096560
2170377
15103694
662
0
18736346
10442454
16915222
0
7188844
0
0
18610008
0
0
0
0
398442
0
10712117
0
15005672
15940498
4150373
0
19219997
0
0
15683039
4718678
9389365
12551876
13930477
7374156
19251646
0
0
0
0
15306764
0
11612735
0
0
0
14046688
18826800
0
18591464
3907081
0
2519020
0
0
0
0
0
0
481
18390985
13143859
7805993
0
16694766
16464574
0
19770112
13174184
0
0
13220026
0
0
0
0
0
12969867
19753454
0
0
0
19523551
19464301
0
0
19373335
13191939
7154033
9610395
0
17108674
11287542
11698597
18582042
448082
19729409
0
14258766
0
0
17914835
3198391
0
0
15399440
0
0
0
0
0
18182214
0
0
16998056
11249272
17828458
6396757
0
17272772
19739726
14613685
0
5799222
0
13948022
19736402
0
19196066
0
18362070
0
18818087
0
0
0
3506584
19677396
0
0
19086618
13756727
19548993
0
19165436
0
19523833
19234460
18065554
12320045
0
19664374
7415198
19350152
19611042
0
845
0
975
18935015
0
7316293
15414136
0
0
19326553
16129391
19219657
0
0
702351
9728405
6299660
825377
5636994
0
0
19150582
0
17496338
0
12003204
0
0
0
14950143
1527648
1674725
575963
14197038
19097617
16510318
15616041
0
0
2004166
0
19527753
0
15512411
14456551
0
5000183
0
12772840
0
11760925
4471167
0
0
0
0
0
9287175
18170608
17641775
0
0
0
0
0
0
2733438
7815880
0
0
0
0
3920744
0
17610711
0
0
12009326
19307778
0
19756548
11296586
0
0
0
0
0
0
18586046
2713692
0
438
8276419
0
0
5305901
108
17341265
0
54
4045028
0
15262456
2115512
0
0
0
18361377
18507877
0
18186003
0
0
14868831
18191090
583865
0
0
0
0
13968260
5042242
0
0
15061020
0
7284577
0
19527785
5953681
0
0
0
0
19779285
0
18193707
0
18615827
8396163
0
2954183
0
0
0
0
0
15411628
4488173
0
10803887
3020996
18448501
0
466084
0
4016482
17461974
19829507
0
0
0
18453572
5815390
0
19375149
0
5938608
14840017
0
0
15572107
8176903
19780614
18294928
0
7784056
329
8327243
10197658
0
7906508
0
19589656
407226
3931605
16843389
18919529
11837579
19587560
0
0
19129432
0
0
11783769
5039415
0
18178068
14853352
0
4937952
17341968
0
13186099
4101210
9391636
0
18055004
14825606
0
17991260
0
645
6683856
6637263
16373684
0
0
16557969
0
14355118
14201082
16070576
0
0
0
0
3050303
14798410
1064960
9375959
0
10318773
5861900
18512846
17206234
0
0
0
7878614
18581626
0
0
15
0
19134291
12347346
0
0
13773750
0
0
771246
14372965
15256035
9380425
16221827
0
0
18748530
0
10834446
0
13168359
0
0
11565570
0
16858102
0
0
0
0
0
18766625
11524484
1681675
18110733
0
7638993
0
0
0
0
0
0
0
0
17860070
0
18924447
5346329
0
0
0
18908439
18930566
0
0
19777152
11649767
0
0
0
0
0
17220451
0
9769199
0
0
0
0
18921692
19781421
15552978
0
10240071
0
0
5007
0
0
10617822
0
0
0
7800152
7522539
12708596
13614326
13586753
12028444
9963984
9164012
0
0
17706268
0
8729816
0
0
0
9519137
0
3557481
0
17216309
10413392
15597868
19784991
17773851
0
0
17707603
18193598
7340310
0
16375680
19417345
0
0
0
0
4390584
5667214
19764903
15546647
10210394
1138302
0
0
0
10682656
0
9954630
19461667
0
0
0
16803139
6735969
4558768
19270329
3715308
9938295
7877729
0
0
18457954
2966114
0
0
19323688
3833468
0
19863590
0
7679385
0
0
0
1831099
0
19670104
0
0
3928686
16491371
0
10636973
0
324434
0
12138730
12152460
19587476
0
0
1852477
0
0
0
15282309
6126197
19842837
8775692
0
18253166
17735580
0
0
0
0
13843723
15735835
6760361
0
0
19385364
0
16114450
5090013
0
0
0
19871931
0
0
0
0
0
9293495
19729799
0
0
0
0
0
3697949
17022539
0
18367057
0
0
0
18117224
0
0
18514512
3342158
15947141
14136668
0
15585119
18585008
17772928
0
0
17959182
0
16839286
10121178
0
12717973
0
100986
3117681
0
0
5915654
17827762
0
15837105
6371784
18469294
16246326
0
0
0
16984534
16245931
3495632
11824096
0
5753525
19190311
7981540
12183828
4545622
0
0
0
9599164
11303427
0
0
0
360825
0
17535618
0
14119902
5921066
17347346
0
17874152
0
14837853
0
4628846
0
0
4766265
8901180
0
3712191
0
0
19437610
0
16139593
13688074
7778930
0
14766573
0
0
0
0
0
19791329
12576178
18921924
0
0
18671790
0
18777910
0
0
829775
4249497
5552817
0
7764905
3871536
0
19797528
2453854
0
6865113
0
17835796
24860
0
15877681
0
19630663
0
16468517
3657996
17083203
18824621
10893379
12622629
0
8100164
0
17836680
6856415
0
18549223
0
0
19089861
19742056
0
6367308
0
14428875
17625315
18447723
0
0
19743374
0
5474912
0
8980206
0
0
16169073
0
19777316
1698823
7958425
0
19343122
10649778
15751182
10482672
17694447
0
0
19871387
5059997
19624366
13247228
0
15077089
19489621
15637135
0
0
0
0
0
0
0
0
5906734
19061278
8364417
0
0
19291855
6573533
9079611
0
0
10371037
9966078
4946828
12080723
0
0
0
0
0
4513777
11737791
0
6989808
0
2284842
0
0
10291908
0
18106880
2869876
0
11321285
6483722
13460736
13258420
0
10393916
0
0
14349164
8815715
19384630
0
0
0
18248420
18860493
18155941
0
275838
9575348
0
18994239
0
0
0
7374330
0
18485177
9150653
0
19415585
8490257
11868608
556349
4192415
0
19231682
0
0
0
0
0
19829825
0
15444308
13283714
0
0
0
0
0
4661099
0
0
0
9533234
3976914
0
8837
0
8848239
0
0
19732132
0
0
8156893
0
11189897
14010212
0
16091477
18521681
19702280
623636
0
869557
13690750
0
0
0
0
18658448
0
0
15049132
0
0
16257219
0
12194315
14637386
0
0
0
0
18360393
0
15292007
0
0
0
12171476
319331
0
0
0
15137222
13863205
0
4905970
0
0
0
0
0
0
17645331
19433753
12449731
0
0
7930726
0
14639169
19928248
0
19698228
0
15856107
0
0
0
14034345
14741691
0
18816012
0
10088430
0
0
18955722
0
0
19794860
0
0
0
0
0
17331988
3795393
0
0
12550103
0
500765
0
19954266
19175601
4169912
17279129
0
697182
0
0
17337277
3306940
19683256
0
0
0
19872776
0
19892071
19950251
13186200
9135501
15825031
0
0
0
19097561
65
0
12165390
9791373
0
8416063
19097491
0
0
0
2109995
4323490
18233619
0
0
5859743
0
859690
0
0
19715
5108039
15202408
4169912
0
0
13068026
16696817
12726891
0
15711556
17176458
4143110
11158575
14880627
12541459
0
15275643
11986541
0
19093182
0
0
0
0
0
0
13303257
0
19787871
7299872
0
0
19137852
0
0
9701693
2262223
3409707
17175545
12175404
0
17347841
2283295
19341868
0
0
16948854
19430615
0
17345423
0
18556773
14089872
19419080
18537696
0
0
0
0
76307
18272112
12246445
0
1888437
0
0
0
4945814
17184274
0
0
0
17933470
0
7384567
0
11879543
19133654
0
0
1015927
909
13063156
11328537
19983539
0
18144526
0
0
608
0
0
238
0
19200347
0
0
0
18302376
0
17039627
6129003
0
0
0
0
11859066
0
18833604
0
0
0
0
0
17514866
19728576
0
12985197
18320069
0
7254743
0
19481628
14813808
7404488
10131050
0
172
19196762
2252184
0
1356780
9289205
0
11342872
15891259
14882541
0
0
19049527
0
954
0
2871914
15137634
19373312
0
4469854
18319514
0
0
0
0
0
11705269
15944983
0
11981972
17506727
0
0
4749923
19188295
19213778
15742699
17710244
8874581
0
5752254
0
19330867
25027
15079764
11888627
155114
12565478
0
0
0
11981733
12790531
0
0
1770006
17315432
0
0
0
17247602
809739
0
8352773
0
12139454
0
18457238
19180486
0
19741736
0
16130557
0
0
0
0
0
0
15320321
19538936
19857391
0
14884715
0
0
752
17190706
8339748
15347907
0
4946044
19872671
18603033
0
14181690
0
10748237
14591939
14394156
3673925
0
0
0
19567878
0
15823960
18027515
20043233
7800233
0
9311093
0
12288834
16287919
0
19939690
0
0
0
12932805
19493674
8886560
5737338
15043856
16841322
0
5337396
0
0
0
5316083
13210614
19425880
0
0
1509325
0
0
0
3577445
15790691
0
13125635
0
0
2753974
0
0
0
0
18769664
12531012
20050871
9834914
16580842
19180928
0
1487824
13132809
0
19682517
9638057
0
20033896
17316156
1933255
0
6330391
720065
0
6954006
12285032
7930541
0
0
0
7089879
0
0
0
0
18198587
0
0
0
408277
6064388
15789180
0
20055990
0
5432329
0
3570476
0
4650567
0
14710078
19608477
17757289
2775394
13659159
0
0
0
16557729
19703013
8304541
0
0
14372040
0
80322
0
10759972
19826740
0
17558011
0
0
0
0
14136302
11631365
0
7913277
7019819
0
0
0
2162075
8051721
2308542
0
0
18096734
20049115
0
12580168
14301727
887401
0
14518710
0
0
10571080
3380797
20022034
18424957
18795503
19556752
0
0
16204808
19678009
0
0
7823327
0
19583308
0
0
0
15199918
0
0
0
16408752
9935620
0
0
0
0
0
7485046
11891859
0
16820052
19687206
0
0
0
0
0
16119888
0
18047468
0
14508195
946
19953465
0
0
19214709
0
0
7701804
0
16604612
19728426
0
17127294
2571432
15709655
17673245
10
17742310
19933442
15247334
0
12632956
0
7535596
19297309
0
0
17156304
0
11820682
7519654
0
11096047
0
12883781
4260762
0
8530982
15518954
8796520
0
0
0
1421781
0
19855578
0
5629999
0
11568308
8833490
0
10359823
11636620
0
7638899
0
7580887
0
0
0
15283440
8634168
0
0
8133102
0
0
6214843
0
0
1148207
0
15063792
16664340
0
0
17429243
17915539
0
0
13327650
0
17120789
19127393
16851096
0
19193529
18888687
18399653
0
0
18431256
6015663
0
0
0
16327532
2979701
1437207
10544344
0
0
12306649
9388931
0
3950144
0
0
9854482
14973137
5916507
0
0
0
0
414611
1275527
6049103
17327243
16470447
0
11672455
0
0
0
18012301
10252809
20028104
10737366
0
2811818
0
3827211
19174566
0
10532397
18668021
0
16849693
19847499
0
474
19497291
12526819
0
0
0
5763497
19975892
3148538
880691
19259441
0
15406311
0
0
19514339
0
927623
15853174
0
0
0
0
0
0
18397383
16760495
0
0
0
0
0
0
20124513
0
0
0
0
0
0
16845858
0
0
11699227
0
0
0
0
20076137
0
12908140
13529479
0
19901408
0
20013603
0
0
9777220
19031209
15015158
0
0
6471543
20067825
0
0
0
10398844
19859926
16284748
0
11827457
13833840
2279389
5828993
8487865
18141648
13377693
0
19512283
19185574
51
11399260
10133139
17266007
0
0
3219785
0
0
9947050
20127992
42838
16215690
0
17563474
3929966
2208726
15886955
17919974
0
0
8975764
0
0
14751856
18094853
0
0
0
0
0
0
19546109
18169326
1361715
0
8465465
0
0
0
16789590
0
33281
0
0
0
19130654
0
18121826
11763844
19481458
5591729
0
17634699
0
13491025
550686
2899153
0
334515
14872729
0
18391576
6324197
19824661
0
18840494
0
0
18170890
12886095
0
19872901
0
0
6191805
18452985
20138832
0
4935023
0
0
0
2626164
0
0
1396058
0
5932034
0
12684142
794
15899729
5499265
0
0
621413
0
0
0
19781311
0
2761475
0
3407814
0
3777372
14747482
0
0
14154336
0
0
20195018
9314333
186342
9374483
2428944
10634167
0
0
0
15011309
14973433
16247020
9737990
0
5485416
2774362
0
9310687
13807791
0
19515522
7287585
0
0
0
0
0
19004624
18442282
10440028
0
8819880
19160430
0
18714215
5554868
0
0
0
19793301
13656472
0
0
18857964
13864248
0
0
20075708
16590279
4525476
10281742
15356906
18570820
0
0
4673905
0
2226309
3953519
9878721
11874659
0
0
0
20069104
0
0
0
0
0
9898994
2560863
19481220
13057171
0
0
0
18345447
17716947
0
0
19588355
3513981
0
0
14269842
0
0
0
7426575
0
0
0
24552
0
0
19099425
18564561
8512981
0
0
0
0
0
0
11124609
0
2514222
12321058
0
8370905
0
0
1456689
0
18470614
0
14385266
0
19768616
0
0
4275871
0
15607355
0
13431491
846778
0
11647194
11882929
0
0
0
0
17621325
0
0
17092084
0
9980359
19145286
0
2926049
0
0
0
12614167
0
0
0
0
12929419
5335876
0
19194661
0
9385197
0
19264592
0
0
20118560
0
0
0
0
2002309
13151942
5069263
0
0
17834012
16333090
8542537
10967818
0
18191587
0
0
15693925
0
5373836
19940813
13504543
17714183
0
15214203
0
6882587
6364587
15058670
7380153
7212405
829920
0
0
0
7438708
0
0
16025056
0
491
4193607
4608989
0
0
8290990
9624771
17619961
10112697
19393075
0
0
0
7689367
8030367
19341754
13814962
14395658
1143545
0
0
0
2811233
0
19660248
19346591
0
19747138
0
12375530
20183177
0
16080465
20081806
0
0
0
16581739
0
0
0
0
19905636
0
16575791
16769948
0
0
0
345676
0
6477957
0
4877373
0
16713291
0
0
19387653
20183746
0
0
10975978
0
0
0
3656611
0
0
12905963
17486308
17358849
0
18115395
0
18014164
1288713
0
6323325
0
984
0
14431443
0
16372548
6402896
0
0
3062754
16850643
0
20077108
17149898
0
19793076
0
299
20152298
13067630
0
17296322
0
15872639
0
10185041
17054367
19729269
19776310
9766634
6924518
0
15324692
4750782
18599508
3382947
19977807
0
0
0
18645345
0
0
19347488
0
20159536
0
0
5404635
0
2479571
0
887112
0
2947033
0
5953841
0
19289222
1015231
0
0
15330719
20199943
0
19911241
19970384
0
0
0
0
20122084
0
10775889
0
4925142
0
9377513
0
0
17745989
9179199
19879504
15878982
9308871
0
0
19599892
0
11887432
998
0
0
20193941
0
0
19858650
19728963
5841683
17434242
0
13397235
0
0
17983016
0
2235444
8446953
0
15247333
14872418
1005957
41306
16265369
0
18692322
0
0
0
14636045
19634183
6328739
0
0
0
5628270
0
0
0
0
15922528
217805
0
0
12180575
2396911
18536161
2542984
0
0
0
0
19189128
0
20019691
0
0
0
6744637
0
0
20117769
0
1725078
0
0
15728083
19678881
11961907
5096269
0
14177186
0
0
18535342
14936947
18297256
0
19536181
19333207
0
17137947
19484899
0
0
18434324
11897162
20136226
970778
0
11262806
14625662
0
19660316
14266325
0
0
0
0
0
20122635
6858630
0
0
19637652
0
0
7378882
0
19998447
18584077
0
0
0
0
0
13834302
1281400
0
0
0
0
0
11878205
0
14094564
0
20273021
0
0
11277999
16521088
0
14507372
0
0
661740
0
10268966
0
942
0
0
20107756
0
16291614
0
0
19665098
6142463
17152344
0
10367880
0
8857411
16996369
0
0
12276807
0
0
0
18459820
0
0
0
16865125
130404
17247952
14123548
0
15532048
0
0
19950232
0
13085293
0
0
0
15949578
0
0
6235312
18822652
0
0
0
15384370
0
1695201
0
0
19659150
11188831
0
0
0
15441060
18002049
0
0
0
16923179
7075911
0
0
19399893
5870074
0
0
0
16398753
10831834
1719192
0
19138904
19579966
19942942
0
14768883
0
0
20163646
12865440
7565818
18949470
19946581
0
0
8766249
17314645
10581407
19881603
0
6989386
10543473
12861944
0
0
0
0
10565226
12342472
0
9799978
0
19001299
9728997
13502495
5998846
11625135
0
16704668
18081428
0
0
0
16234964
0
19508599
18981272
3904674
18191706
9517287
19650928
0
17156495
20230642
14275294
20300817
13718810
0
17741847
16710382
0
16486957
18054254
17981966
19950738
0
0
10632040
0
0
0
0
16924008
0
0
8698733
0
19375790
4542165
0
0
18784019
0
0
346
16675209
8519552
0
19159028
20292840
0
16670665
16843443
7118903
5380051
5649040
0
18058581
0
0
0
0
13394297
0
7515156
517462
0
0
0
14066051
295826
0
17454649
19984733
0
0
14294912
16315132
18968854
6861280
19898339
0
0
860801
17345417
10425735
356523
17332715
0
3554826
0
5853797
17882184
2447986
0
0
11939341
0
20334155
2312461
18287220
19032889
0
0
4621993
12594651
16832048
20071179
8341449
0
16451400
0
16989592
0
19681535
2055830
0
379721
11566739
0
13001349
0
16711887
0
0
0
0
20015372
0
0
20291147
11313590
20043595
0
0
0
0
18883288
0
0
0
7180962
0
13538373
1686809
366417
20267071
14348333
0
0
0
0
7077765
11103012
0
4227407
0
13894578
0
15981796
0
0
16543940
18823937
8805755
12719740
0
0
19866881
17222745
10757965
6396863
2089250
15598498
9824676
0
0
12804536
9390225
1882725
15786987
17292892
0
18310548
13433959
0
0
265160
16737734
0
329190
0
14430534
0
9236526
3502762
0
0
19339074
946934
18892361
0
0
558153
0
0
0
0
0
9232527
18812226
0
0
7479208
0
0
0
17925373
3041974
413535
8835116
14029753
0
0
0
12183661
0
19811325
0
15228293
8582606
18799647
20346471
0
0
0
2069419
19884607
0
16675491
0
0
3918180
0
0
10266300
0
19876911
0
20342855
0
12979458
3210241
18286491
19728524
4972345
1213594
0
0
0
7647839
0
0
0
19495624
4464982
4567599
13170955
0
0
1435808
0
4160224
8578062
0
0
10747319
0
18195443
19827198
14473628
0
7285909
19378576
13569315
0
16557635
20375945
20059080
17207215
0
0
9917892
19111148
0
0
16070174
10056725
1801705
19461423
0
4795096
0
10560812
0
0
0
0
11762634
2084417
208441
0
0
0
11507344
19895129
0
19438856
14349475
0
0
0
0
13243920
0
0
13990660
19430858
0
15061342
1526160
0
15124598
16466580
0
0
0
0
8059360
12642958
10711044
7180218
0
20347229
19425013
19521609
11443476
0
0
20285638
19992552
12857005
19723450
0
5371771
15918091
0
15015719
13583322
19504815
17317476
0
6727640
0
0
17662212
0
17638397
14953437
3852433
19640764
0
0
5297656
0
16263814
0
0
19675470
18175569
0
0
0
0
19776570
7216260
15989764
0
572444
0
2544561
6938522
0
0
0
12014962
7393988
0
0
3147431
18177249
0
7919578
7398328
13823436
0
0
14871974
1445418
20344841
0
0
5562818
0
20389668
0
0
0
19984188
528902
13653759
0
8944576
3785071
19474047
12008188
15098665
20401181
1694918
2911735
0
3244905
0
0
0
19480934
0
0
18130493
2999534
0
6695114
0
0
0
20465765
9215957
0
7244425
0
0
2402083
0
0
5570273
1723747
0
0
6229254
0
6414695
4624458
0
11577778
0
0
7335832
0
9296000
0
0
2224865
18720231
4708071
19343579
0
0
0
0
0
0
0
0
0
19828582
238374
0
19893919
0
0
9086484
0
201755
0
15157159
0
15352779
20402969
2429448
18056128
0
0
14358457
2444333
0
0
0
0
0
9872872
11823848
0
19837122
17912542
0
7680222
3956321
4479042
6109947
0
0
14611399
4700824
268
18566736
19376036
200285
13673133
0
1715583
0
0
0
0
0
16373261
7153154
0
20114275
0
6049988
5664421
19921775
11264853
0
0
0
12080468
0
0
17920779
0
12275655
2424747
0
0
14386235
0
19516548
8185189
19496718
6827087
10568639
6352458
0
0
0
2184872
10219918
0
13728927
0
0
19565279
0
2243686
0
13127738
19475705
7400719
14576112
0
18181661
11315380
18319248
20441071
19934899
0
0
0
0
0
13709813
14019574
16475956
19355202
20451812
0
0
4554616
20465455
0
11824266
0
3237454
12549624
13366669
6807621
0
14462488
19455036
10587716
0
0
0
2194938
0
2869570
0
2907299
0
8849024
0
0
0
17490799
19580111
18044034
0
15234092
0
20001780
0
4963090
768
13293052
11509073
0
0
20261284
9587777
0
20287395
6045805
894050
9289504
0
20197757
20012827
0
0
18113147
0
0
9108728
3389874
0
0
19481647
3080435
8301268
0
0
0
0
0
0
11499037
7126419
0
593385
16124604
16585946
0
18057904
13856958
631400
0
20016307
18338573
0
700456
8455421
20410125
0
19917496
0
0
0
0
13193341
0
0
0
11009548
10804726
0
19734081
0
0
0
19977592
0
0
18288256
15180123
19869453
7709865
18439658
0
0
17605560
4531008
0
20104244
0
0
548569
8421077
19029021
2755525
14194656
10506144
0
0
18718472
0
0
11215640
14249190
0
0
0
13174428
13476957
0
0
0
0
0
15774494
14981520
7065898
10824674
13815003
0
18950836
2978746
8505435
4415992
0
0
7316845
2475673
17325753
0
0
19677203
17655254
16675032
12911894
0
13270429
0
5023441
0
0
0
13342219
0
0
8859294
0
0
15338793
0
20108729
0
0
11599922
12592519
8247680
0
7332165
0
0
20284304
8401730
0
0
0
0
20343062
0
20359953
0
0
0
0
0
17650523
0
0
0
0
0
18670427
0
3398395
0
3613528
20553296
20043911
0
0
12596196
4260804
0
2975592
0
9126467
7434921
0
5292034
18117568
0
13730840
0
0
20292174
0
750028
17868095
0
13174331
9361233
33789
3187404
17500554
0
20031821
10792196
3767986
0
0
0
16999896
0
0
0
20469688
19668521
4694614
0
0
0
20358949
0
0
810180
16701992
0
0
16414727
0
0
0
0
18661257
0
16674040
9252450
16761526
2871628
0
0
0
0
0
0
8040688
19509441
0
13762017
15944380
0
0
0
0
0
0
0
16370000
12461255
20465137
5351544
0
0
0
4508672
0
1
0
0
56908
17654788
0
0
0
0
15233537
20260323
19351362
11268839
0
0
0
20577308
0
2945727
20058486
0
3251936
0
13681834
0
18744003
5217118
9896734
19778435
11878617
4046822
0
18713944
6622895
8287421
19374276
20042114
0
18346251
0
19327486
13370600
3407621
0
17969762
3833888
0
0
0
0
0
18030185
19111044
740083
14870904
12901416
19737346
19896032
20420453
0
19641399
17261958
19733628
14372380
0
7288958
20395497
0
20255784
9833747
6781939
0
329645
0
15561931
0
0
6715474
0
0
3182014
18390353
20415456
19748910
0
0
4160211
0
0
0
0
0
393
10549362
17882438
0
0
0
0
0
16000675
0
18962770
0
4601440
0
20476522
0
0
0
7089826
0
12995105
0
0
16070174
17721124
0
20448300
0
0
16915770
6982073
0
4678933
0
19323611
7470674
20555026
14808474
0
20060033
0
0
20394722
0
0
19322225
19640281
586
0
0
2614366
0
0
0
11603
0
0
20130137
1910855
20356258
17474306
12638433
0
19587679
17269356
20362141
15517688
9689357
0
2713486
0
0
0
0
0
12324956
0
16604654
0
0
0
95293
4616812
17324639
0
16165383
0
0
13891650
19322173
13390488
0
0
3923409
0
0
14502051
16605376
1094450
2781314
14911040
20243842
0
1488043
0
0
0
0
0
6284667
0
1466933
0
0
20095189
0
6869994
16583226
6416668
20456664
0
19597722
17964481
0
19916658
13622419
4653389
2857342
0
0
19449902
0
0
9932073
19567645
20507844
10970008
0
99342
93584
0
14573601
5490423
0
0
5910057
15750346
14117859
0
19593583
0
0
0
12490618
0
19769740
0
16892172
13790416
20549522
0
0
9099717
0
19055491
0
14480354
0
19573602
17231974
0
16203250
0
0
0
0
17317705
0
19154724
16644455
12457879
0
0
17557944
2448271
0
14891153
19469131
0
5402331
0
0
0
0
0
18011949
0
0
0
0
8700762
0
0
0
0
11204211
18020802
6576404
0
0
19226680
15384971
0
0
20440950
1286831
19810088
0
4889077
11752011
5070016
0
0
0
1847774
3930134
0
0
17573015
0
0
19221758
0
0
16965312
17465735
0
10525923
3854575
20539753
20602587
0
0
8695057
16456204
0
19664720
0
19319581
18837899
13264833
15329063
4227300
0
0
0
14723432
0
0
11824884
0
20121224
20521100
0
0
0
18331609
16198596
20107162
0
0
18808771
15430955
0
14782540
17819238
0
0
0
0
0
0
2461071
19601151
0
20630109
18105672
13481181
0
9967051
0
0
17861707
0
0
18342701
11210527
19138654
0
12572713
0
0
0
0
10209747
0
0
50
0
0
11660378
0
0
3943093
0
0
0
1897164
0
0
3178313
0
0
0
0
5018484
20463778
0
18028611
0
8775119
18901774
6590921
0
18047907
8130662
4337362
4038530
19002583
20332853
20390222
0
6136613
8091955
0
19270458
0
0
16920171
0
0
14459823
0
0
0
3724633
0
4725498
0
4073044
0
17138435
4357970
794750
20069709
0
19953060
0
0
16658127
0
0
20031140
13654175
0
14072406
20546138
0
0
18712459
0
0
20669226
0
0
0
0
3184330
2346464
7275439
15403775
19848500
0
16288869
0
0
0
17655816
0
0
4140020
0
7596855
0
0
0
0
17910684
18546419
14230684
0
10197223
0
0
19010770
0
0
0
0
0
19204507
0
0
1260787
0
15163743
18522370
16412726
0
20273031
0
0
0
0
0
0
0
0
2708910
0
2462685
0
0
14282069
8035045
0
0
0
489182
8154714
17811346
7652560
0
0
10062641
0
0
0
0
7504804
20620831
0
0
18028430
0
15265838
18568322
12414108
0
7473717
16238148
0
19988931
0
12142963
20469901
0
0
0
18531195
0
0
0
0
1455189
6875477
19022657
19501071
0
0
10393284
12614167
0
0
0
0
20476788
9810993
0
0
10211771
0
0
19648466
16486036
12383872
0
20448930
12629234
0
0
0
20550539
10691539
0
19586514
538928
20153525
0
13239832
20338665
20320538
5189392
12839853
5413614
0
15562897
7010444
8611867
4568731
20415572
20628142
0
19106716
14716052
0
19342089
9947609
0
16394535
10746902
16756379
0
0
0
0
0
0
11109692
20596382
0
0
0
16902078
462
16168565
12641185
0
18523596
19276697
0
0
880691
0
0
3041505
0
0
13489808
0
20553697
0
17148259
0
14244622
5081496
0
245044
0
18511534
0
10884465
0
20109743
7194282
15641426
0
0
0
17167375
19017184
11817905
0
0
0
0
5573279
12288056
0
16270889
0
18822004
19896912
0
16558828
0
0
0
20715491
12651943
0
12824843
0
20702351
0
0
5961989
0
17222912
0
18909669
17631073
15881525
5719819
15441110
14900615
0
0
17824164
0
0
19542344
14682028
13291059
20616084
6600770
0
18051478
0
0
0
19807191
0
0
9194217
11425624
19465209
0
3628654
0
0
18628801
18629612
19351345
20704837
18127315
16423047
1209297
11945429
10110943
16902358
0
20175958
159289
0
19613231
15172162
0
0
17389101
19490547
0
16348907
10772803
13110261
10106806
20154302
10811978
0
0
0
11598710
0
15228646
0
0
0
0
16721883
617836
0
0
10824717
15240074
5588772
20006724
15493304
0
17312001
0
15558443
0
0
19141996
0
4531708
170894
8915425
0
0
14835914
0
0
538
14688232
0
0
6817108
0
20117278
19429913
0
0
0
14343848
0
11318829
0
8141837
13309389
0
0
0
13119391
0
6277031
18436513
18897573
0
0
0
0
18411285
20307431
0
8359899
11002549
0
2226920
0
18692277
20498857
0
875493
2501969
17866827
344
780826
15872568
5163347
0
10954919
20403370
19016781
0
0
17131824
12433534
17381409
8319870
11383249
15060132
0
0
0
20451844
0
1004261
0
19385803
0
0
19721205
15777512
0
0
16311655
0
9877881
6092735
17476562
11562116
19935697
0
44970
0
0
11056506
20103867
3569067
0
271877
19842715
19964103
0
0
0
0
20180838
0
0
0
14969912
7752210
0
0
17764902
19137431
0
0
0
0
15232691
0
16317421
17508472
537385
19106005
18176091
20243362
0
0
6713899
0
17289960
0
0
0
0
15984176
0
1686720
0
20077852
0
0
11579279
18136375
13899462
18755242
20105988
0
0
0
3116202
19193842
0
18701679
0
0
1659686
0
14973622
11684894
20828070
17208124
0
0
0
0
0
0
8961599
0
11977024
0
18646850
20342773
5706758
0
6693924
0
17760391
0
17644378
0
7127796
6449997
0
16948996
0
5636399
0
12574483
0
0
0
15926952
0
6122151
0
0
0
0
9383635
18554616
20007713
0
20443185
13465838
11756681
5373449
19994077
3147100
19840776
0
0
5298273
0
17096110
14929571
20759694
14149637
19631898
19686346
18494331
0
10021483
13792216
0
0
0
0
20656657
17304544
19928371
0
19363619
0
0
14676945
0
13317650
0
0
0
0
0
12620121
11142182
0
1850788
0
18521702
6264356
20310165
0
16528283
18501051
5064795
0
0
0
8382049
7739624
20236785
19137642
0
3482884
18206099
0
17786616
18582006
0
0
210837
20506912
0
0
15165355
0
0
0
15398261
14078818
0
17429236
0
2857390
5231849
0
19373249
17208636
7094454
0
12730776
0
0
0
0
17075097
0
13980481
0
0
2403511
0
0
18423968
20850488
4183701
0
2043290
2210399
0
12106324
4740454
0
18658542
20843713
0
3618466
0
0
0
18330493
18386049
9464992
0
7053726
0
9226904
0
5252942
1693
0
2384131
0
14923715
14015267
0
14771483
16578158
20537317
0
0
20307443
19712132
0
1265020
11697744
0
0
19932767
13477242
20596596
0
14838191
17483544
0
4193096
373
0
0
0
3932303
0
20819717
20492737
36113
0
0
6207145
0
18294370
18902884
0
0
0
8966926
0
0
9795284
20591217
16064266
0
0
0
9872859
0
0
12838214
12613463
5078298
0
20472835
5062268
16161248
8692922
0
5580468
0
3113030
0
18033748
0
4227912
13794372
20547677
0
0
3283823
12607688
0
6518920
17227086
4404877
0
0
583162
0
6533856
17935766
19882286
8780225
0
0
0
0
0
0
0
17003920
0
0
20310182
7887296
18829842
0
3433470
5942814
20637246
0
0
0
0
0
18849803
9042026
18217358
18049736
2713140
0
17630615
20712007
0
4325669
0
0
1618656
0
0
14259337
2352879
16915079
20126251
14467231
6878299
0
388770
0
14468356
0
0
0
0
2189479
8364424
20108711
556541
19401226
0
0
16228818
0
10030551
14083298
0
19266087
0
513827
0
19911143
0
9905753
0
0
0
0
6557806
14946012
8107617
11019301
18664315
0
0
14278816
9864388
2390504
20248067
9758678
0
0
0
0
161808
0
8457904
9603950
18481108
12676489
0
0
17676399
13162575
0
0
0
8576841
17123607
20180047
682445
20832073
0
16037528
16680437
11522150
0
13740200
0
17435507
16473821
15683411
0
0
3662333
0
0
20578212
3313315
0
1198225
0
0
3454060
0
2420822
0
16304127
20391127
0
0
6391237
0
0
0
15577812
0
17359919
0
16036694
17716254
18409432
19123411
0
6307770
0
12586368
19023695
18561380
0
0
20811455
0
0
17807117
14613849
0
0
0
740083
12243024
14557605
0
20671281
0
0
530209
16697946
0
0
20258864
3318242
0
0
1392809
0
12992545
0
20249519
17329485
0
0
0
0
3508744
0
12995105
0
0
12195940
8064742
0
0
0
3706642
18759179
19362222
0
0
20720795
20110586
11841539
15394682
0
0
12278732
19971483
0
12421906
0
16397571
14620161
0
18615725
0
0
0
18818108
14706813
19136306
0
17044497
0
18412993
20131589
20360494
0
19521212
19514616
0
1117918
11953325
17966940
0
0
18192359
0
19041351
13560536
0
16380929
16153597
5549341
0
17792091
0
0
0
11226676
0
0
0
0
0
15102703
12612390
0
0
18685480
0
0
9126712
0
0
0
9346603
0
0
0
12795371
20000758
0
0
3006678
0
0
0
0
1206961
20070601
20690844
6323310
7159620
5516386
907740
20591204
0
0
16909212
14041785
0
20695603
0
0
0
12462908
4416665
16837240
0
0
0
20386752
0
0
18551764
0
0
0
12248249
6784859
0
0
9428166
0
0
0
0
24115
19366982
3174018
0
0
20619551
0
0
8292616
1483648
29987
0
0
0
0
19673304
0
0
10565996
20365026
20363141
19388226
0
0
19583885
0
0
0
17198755
0
20859738
8938757
185528
0
3828734
6487193
20928164
9466391
8331223
0
8744013
8255749
9110680
0
14765363
0
0
0
0
0
19929984
5026265
0
5930587
20943973
16580306
4185196
0
16667571
7693454
8753135
0
11610150
0
3326309
0
0
2982846
7085968
15038361
0
495368
6126606
0
15142896
3290638
13499347
0
7236315
0
0
19761054
13788659
0
0
0
0
16180346
0
0
16828585
0
8130000
188861
0
14278758
0
0
0
6859020
5242031
679248
0
0
196536
0
16482152
0
20732390
5083389
0
19483182
0
0
0
18024881
0
14832760
0
9116430
0
0
1622718
17597152
4575607
441049
18729514
157371
8270695
15002389
19283985
18141947
15415242
15087875
0
0
6044428
0
0
0
0
15619223
15990851
0
0
0
19678640
9534947
0
20628227
17013335
0
13764195
10473916
11512832
17503146
0
0
5706346
0
5245861
18562572
16304144
13897194
0
20005059
0
15202887
20472068
0
0
0
21043192
0
18238599
17640378
20544851
0
18659850
11785853
0
13495274
7394764
0
8117020
9574070
13297243
21011554
2645566
0
13077191
0
12083246
318743
0
0
3632993
0
19412437
0
20705784
18678256
15313406
19188151
0
0
13623827
16408196
0
20546621
19976264
0
19414087
0
20160729
20747917
0
19445817
20240863
19138653
18954351
0
0
0
7759515
13603137
0
2375274
6959571
0
0
20759858
19778298
11054956
13775216
18751354
0
18081426
16439742
6709175
4564164
18045106
17629472
6716075
20486494
17421207
15762695
7254186
18629556
18176658
0
0
0
0
0
17774787
0
0
0
12763640
3345488
0
0
0
17523905
14082033
963173
18697760
10505230
14085549
21022323
18330545
16415595
19215945
15018209
15303876
16953041
14050298
20856401
0
0
2888973
16599421
0
20495872
19823824
14982530
0
18819441
0
0
0
16506008
20655892
14420243
0
0
0
132310
20923650
15225951
0
0
0
16769264
4685067
0
11040718
16106636
0
0
15250557
0
973
3804339
0
0
2636872
0
19963694
0
19824772
11823149
13437626
2503744
19941732
20986487
7552465
0
0
0
0
18449790
0
8076165
6651752
0
0
595355
0
0
0
0
16540505
0
0
19741175
0
0
15627328
0
1569025
0
0
0
0
0
19586990
0
0
0
0
7419219
20266678
0
20104877
15027687
16715500
20919692
7418782
0
18227116
20330083
10553719
0
0
0
0
0
3521483
0
0
19644053
0
9569751
12574514
15381120
0
4152723
0
0
15098633
0
1943739
169357
2552130
9775437
16054692
0
14448445
20776479
5949549
10541792
5119426
0
0
0
0
0
0
0
10232034
0
17484367
0
12759774
11580202
0
11527131
20959139
0
20416406
0
0
7409915
20553345
0
0
0
0
4756429
0
18808414
18200613
405827
11185191
2496085
16535270
15891498
0
14498638
7172456
13526721
16427947
13192278
0
0
0
3217417
0
0
17572297
20353728
13513425
0
19247362
0
0
15251418
0
0
18508265
0
0
8030836
12949505
0
0
8149451
8530871
20999425
17621603
0
17752323
0
0
11707742
0
0
20968334
0
0
0
0
0
0
6719116
17006765
15216981
0
0
0
0
0
21090610
19105099
0
18104417
0
8869033
0
0
0
20891888
0
20659197
16556818
0
6498579
0
0
419714
20713744
3435188
0
0
10543473
0
0
8326350
2632411
0
20797133
1794370
0
0
11915900
0
20921159
16285511
59
0
9896737
0
18821134
17255022
0
0
0
0
20975736
0
0
20720157
13650750
20957727
15944983
16334507
0
0
16148326
19343949
6736014
18951403
13708867
0
0
0
3673896
0
18859918
19410804
0
21069279
20788157
0
0
20685450
0
0
0
19319860
0
0
9751307
0
7725349
0
4124956
20271074
20919581
0
16547965
0
14647450
0
15018383
17771038
20543042
0
0
10398232
18885536
13450062
3873864
0
0
0
0
14541652
0
0
20687047
0
242
0
0
0
0
0
21003613
17350141
0
0
21064603
0
0
0
0
1074875
17815549
0
20228213
13925060
11135584
0
19302071
0
20537391
0
9109254
15973404
8865731
0
20744831
11674428
0
10868988
20144784
20054045
0
0
7374390
0
11149750
20111081
5717003
0
17093192
19416945
16721022
0
0
16756859
0
0
0
20341170
17000189
14505221
41947
0
298788
0
0
0
10525431
0
0
0
0
0
13673146
0
20137998
0
0
8339826
0
18402943
2241172
13595946
0
0
0
14186489
9071553
0
12657486
0
15065174
18996297
12662370
10453352
0
0
11599265
20690406
0
0
13559969
0
9459497
1691681
14250176
1079321
12196469
19585159
446160
0
7369423
0
19557201
0
0
0
17615909
0
6456772
4831541
20764994
0
20996728
0
4343327
0
11535698
1922980
0
20864477
0
0
0
12679595
20334337
0
18848360
0
14254159
0
0
20469947
0
17988671
9853029
0
0
0
10679843
21065329
0
0
13518491
10544393
19816248
0
0
0
11353485
17945851
0
0
20800978
17394441
0
17745383
11267907
21102967
0
0
15728336
5426207
3523438
6233402
3501353
20053586
9454057
0
0
14795188
4086675
0
4251255
0
10569905
0
0
21186995
12363795
0
0
0
6290378
3508618
0
4449431
7523599
6189986
17076901
0
0
0
3741409
11472234
0
16200196
20731082
13906689
0
17030643
0
3257922
13373141
14646269
0
0
19671431
0
20516498
11867342
0
15867336
0
19280051
0
19136140
16034179
10929007
0
20541933
16114104
9778917
0
17732186
0
14796454
18386795
13980457
0
20849949
0
0
11557982
0
0
6702526
0
20043771
4208835
7864951
5400030
0
0
0
0
0
0
0
19786337
8145276
20148181
0
0
21064262
0
0
0
0
15178381
21082867
20577781
0
0
16533587
10126096
4326244
18879272
18347280
0
0
20394102
0
0
15266071
0
4680250
7311140
0
0
0
0
0
0
19213239
9116556
11824402
0
0
8328096
0
14957243
0
0
0
15754909
5170786
0
20179034
13444501
0
21009830
10088091
0
10378828
20789120
0
0
0
6512070
0
0
20170497
0
8740095
11330257
15030736
0
0
0
0
0
20107705
0
20938545
20941350
16065350
0
20454154
16252682
8641596
0
7439512
300626
0
16953117
20972864
0
0
14767366
20314026
14383545
0
2895419
18964350
0
0
0
6870884
20747176
6311
0
16501899
0
18139918
0
2871628
15770847
0
0
0
0
0
10752364
1144425
0
6795813
146104
18510687
11874493
0
0
0
13259220
0
0
0
0
7227749
7016287
14261332
7857031
16568578
19546954
0
0
18424264
0
14371238
12623528
0
17882448
0
8085496
0
0
19586675
0
0
0
17207692
5082115
21150249
1304831
0
17404461
20362173
19857122
0
0
16384716
0
0
19031
18500582
15062548
7033411
12210564
0
6197812
4510842
2767545
0
0
19947057
0
9160851
14576334
517147
11971369
2924866
0
21165548
0
0
9843435
1955225
7714251
9216803
16221761
19514351
0
10463567
13602264
0
0
16201735
14275377
0
20602444
15309466
0
13484398
20953552
20344324
1620145
0
10357146
0
0
0
0
0
0
0
0
662
0
20182444
11580223
0
20730917
0
0
0
0
19871428
16352438
15272495
10871285
0
9131393
13623657
0
0
0
9487657
20656625
0
0
0
0
0
0
0
0
1698394
0
0
0
0
16597155
18989529
19489624
14721867
16136060
0
0
19379652
0
15188858
0
0
10586381
18703713
0
21241808
3904131
14340205
15916235
21140665
0
20838576
14920084
0
0
20648853
19661993
0
0
0
2922411
18541960
4794188
19106972
0
20965872
9820220
0
20282456
0
0
16977144
0
17078025
16756399
0
2978570
0
17323429
0
0
0
0
15533844
20162021
17772836
21170362
0
16431578
18716509
9637227
0
19370828
0
20317589
0
17897526
18381850
0
11953683
20611160
0
0
4625206
0
21070556
12965025
0
0
0
219717
0
16669446
0
0
20937485
14116661
0
19800128
3471359
0
0
8737932
16977407
0
0
0
11249102
12850735
0
0
15280787
17255620
0
11482441
20182826
6695528
0
0
4335946
0
20269035
0
20282802
19314365
0
9007374
0
0
20709017
20913040
16847626
0
0
0
0
3432981
0
0
0
0
0
0
20052408
0
12792650
0
0
11867582
0
19973359
17790156
0
1469106
0
17841086
0
12022244
0
3489514
13029570
6905051
0
20605178
10811589
0
0
20158203
21146297
17661252
0
0
0
0
11402323
11187089
0
20287492
0
9731063
0
0
0
0
4419759
0
0
1244227
0
0
20266357
16664840
15864484
20114787
20487527
0
0
0
0
0
0
0
14768137
0
20966486
15692330
0
15563993
19964691
0
0
0
0
0
16723535
13600728
5989450
0
18256201
0
4928958
17716334
0
0
20128978
13435529
20574538
7703148
4182607
0
20498375
0
0
0
0
18854344
15938538
0
0
6461665
13654237
4869366
0
0
17637766
15961476
14131204
20892727
3927690
0
0
0
0
0
0
13662328
0
18694219
0
0
0
19221993
19527124
0
19375790
0
0
0
7824284
16667315
0
20142229
0
0
0
13523850
7182942
5129409
262
0
19473497
0
0
6461989
0
9775176
20188968
0
0
1943792
6158681
13563127
0
20339530
0
16815545
14306408
0
0
0
0
842460
21014205
19984858
0
0
0
0
0
1215604
20885209
16053551
18561949
9116430
18463345
0
9563056
0
0
0
0
20095696
2981334
937215
0
0
14375907
4865000
0
14243498
0
15294287
17994132
0
0
0
20583183
19604135
0
0
361255
0
18116643
19986856
0
0
18856973
14584714
19473175
0
4854553
20827589
0
11681639
0
0
0
0
374930
4088690
0
0
0
0
0
20371050
0
1035321
14607972
15981667
0
0
0
19655830
15458781
13496393
0
0
19256649
12960397
20918038
0
20908782
20390879
0
0
0
21296090
11610346
0
9724752
0
5106769
0
0
8580402
18082600
5676206
0
13661989
0
4602815
0
18247851
0
3983044
14385441
0
19785482
0
964771
0
0
16232002
0
0
0
7847571
18223507
17436069
12812505
0
0
17827337
0
0
5792665
11007597
0
0
17326393
19126585
0
0
11282621
0
0
0
4591567
0
0
16147046
0
18347091
19870468
9914144
21311399
18816766
17394441
0
0
0
20670263
1837567
0
0
0
12190011
16758712
0
0
0
16904023
0
0
0
0
14991422
16773628
16101117
0
0
0
0
8295554
0
0
13802285
10542531
0
19488293
0
0
16394003
0
2015643
12472658
0
18413087
0
16408905
0
0
20700814
0
0
12946102
0
3261217
0
0
3778677
0
0
18854710
0
18631332
0
0
12864499
8188799
7903743
13985990
0
3819691
0
0
15889748
0
0
9231068
21129936
10238525
18083620
0
0
1863574
13345127
0
0
8245111
0
14298576
9457106
2928516
6642058
20118203
0
14391535
21236372
0
16586993
0
14215474
0
0
17899876
12623005
11880634
0
2304184
3698916
9340383
0
0
0
0
18854588
0
10095040
13713521
21056392
0
0
0
10945338
20128108
18239147
0
0
0
0
11382628
0
0
0
0
21202467
12493950
8904980
803
0
0
0
99066
8694334
5784759
0
3166710
0
0
16002451
7945264
0
21379858
95162
0
0
0
0
0
9573474
8658175
10249370
0
827795
0
0
19053511
21285840
17795434
0
19561737
18149794
0
0
0
0
0
15242569
5873861
13821136
0
13614627
10630176
0
20681574
21091165
20343740
0
0
10644482
12564191
20535195
18749994
19833666
14310420
1283631
19718336
0
0
17891622
19762709
0
16296601
5794888
20923953
0
0
0
16620821
0
17571102
0
0
0
0
0
0
0
0
37716
20414079
0
0
0
20423564
5059583
0
0
167414
0
20347543
0
0
0
0
0
0
0
0
9401338
0
0
10756421
0
5081829
9376821
5145467
20114305
0
10090024
7337014
20768448
0
0
0
8603087
1528267
0
0
0
14135321
0
21083795
0
0
0
1555265
0
19008041
0
0
13590263
0
0
5720365
0
16156032
10709521
0
7482617
3225706
0
0
0
0
15808353
19860844
0
0
7395227
0
20678802
21337926
7269116
8185671
0
19954301
16452989
21124265
0
21071091
13469391
16744731
0
0
0
0
0
0
19370352
0
0
0
18464292
13611407
0
9530890
0
0
17349891
10998531
0
6038336
0
0
332074
0
0
0
0
0
0
0
0
21108957
17005346
0
0
0
13076360
1177194
0
16813565
19039519
17033120
10634871
0
21327656
17273378
0
0
16906165
857088
0
0
0
0
18428337
0
17732986
0
21274717
15799944
19456603
20629128
0
5476
21040117
2893630
0
21327772
19176660
0
0
0
19689588
0
11443641
0
0
0
18378924
10723050
21192547
17614648
17392914
20574476
2599569
0
3865980
0
0
19561080
1087700
8603936
0
2290204
846263
0
16477770
21257623
0
0
11328341
0
15406455
0
0
15230059
0
0
21333634
12107972
0
0
0
0
0
0
0
0
13481675
0
0
0
20886951
0
0
0
0
2068085
0
0
461339
0
21375374
15918956
20943669
17254784
21410356
0
0
20197071
14916299
0
0
0
0
0
7506603
21041192
18811270
19622374
0
9872930
0
0
0
0
3220012
0
273
0
6961687
0
0
21303354
518664
0
18347944
0
15157619
0
20048488
15324991
12439565
0
16777288
21144006
0
0
4149378
3185432
13325746
0
0
21155813
13636535
0
0
21388087
165846
15463893
0
20604456
21340750
18780816
15249021
9048976
0
20599609
16148604
0
0
13730338
0
0
0
0
0
18783442
0
0
5130127
0
792612
15963376
0
20886420
21353592
0
0
1816366
19492084
8856695
336910
0
5753826
21215226
0
9754148
0
0
0
0
12399551
20234516
18651899
0
0
950
9318269
18730637
0
9027002
20050316
1931551
12760824
19602600
17766864
0
0
8388476
0
14909814
13890698
3343210
17918838
12692696
0
0
0
0
7130621
21117399
15542762
0
0
0
21395881
0
5058639
20286667
4284524
0
18245181
21255918
0
17062342
20728157
13581221
18985507
20603203
20595428
20612425
19927866
6000592
0
16406282
0
19254835
0
0
15539815
0
0
2596389
0
14357930
0
0
17358782
3167871
6278325
0
0
0
0
0
7031479
20639111
0
21338737
0
14643757
13646692
0
0
0
21436626
0
4818187
0
18900986
16649227
5075375
20454161
18517125
0
90351
0
0
0
0
0
5330286
0
10862332
10283447
2123903
18340870
0
0
18047492
0
10643732
0
20841010
8398066
0
0
11343034
20100532
20496672
20965516
20047402
0
13370977
0
0
16617825
18147462
0
20083970
0
7490681
0
0
3212473
0
0
0
1265162
13729440
14259874
20927250
21118147
0
0
21207609
0
0
0
0
0
0
17125092
0
0
0
17051159
2744654
0
0
20771922
20369208
19243485
21213584
0
8509598
19710735
2447962
21429042
0
9966324
0
0
0
16056335
0
0
0
1943100
0
3182056
0
14340057
0
9056008
16397664
0
0
16953895
5080124
0
20193334
0
17428866
19748823
5875995
20587824
18735939
0
0
0
0
12582648
1903391
0
21557240
21463166
0
13197309
20796832
0
15987941
0
20750583
1110202
3970925
0
0
11843716
0
18598849
14630748
0
0
0
0
0
15729069
14174530
0
5061315
0
3320502
0
11785706
0
5288776
0
21521163
0
0
0
0
0
16644810
0
0
0
2343000
0
0
12983094
18051707
0
17631218
11673791
0
5081321
1170498
14347859
6535301
12924718
0
5560438
17726179
0
20832700
0
0
16649738
2002226
3659208
0
21445328
0
15940344
3406633
0
7803226
0
21411971
8448019
0
6414872
19830623
13173439
0
7820684
0
1117417
622
7235673
0
18993881
0
0
19680761
0
19080480
19597774
8117073
0
2990623
5405477
0
0
0
0
0
11231371
593723
0
3847742
0
0
0
0
0
16086826
20450066
9727156
406918
5143176
0
19321278
0
0
8128
0
0
21501395
0
71
9115846
6021388
0
8879441
0
0
842275
3388725
21490890
0
21190187
0
12524688
17388443
18654976
5879280
0
20085750
3904677
0
0
0
0
6324418
0
0
8920438
21556980
0
16478752
0
11561457
21134383
6491592
17433925
21343875
0
0
7995649
7412763
0
11822850
0
0
19874147
0
0
7750
0
0
15337273
2548812
1911633
12855873
6492773
14487323
20905691
12335525
0
12982261
21121975
5748166
0
14062702
14027970
21306163
0
0
12765935
7510606
11174440
14341334
0
0
0
1528267
0
2598045
21152944
7853989
0
0
0
17767510
16812047
19850307
2300989
21410229
10574419
189509
0
0
13027610
0
13151292
0
21426854
0
0
0
0
17986907
0
18022581
0
0
0
0
1276002
597142
0
17996740
15847898
0
0
0
0
16041561
0
6089596
17199933
16489914
14362132
21145744
0
122248
0
4180714
0
0
0
0
7577590
1168283
21362423
0
20609884
12468182
0
0
0
2007599
0
0
0
19501716
0
19388777
12199422
0
11021064
0
0
0
0
0
0
0
12191286
21505618
0
0
0
0
18276187
0
0
0
0
13890213
0
16421376
35731
17050308
144610
0
7897167
0
0
0
0
20581104
21181018
7820025
0
696018
15377133
11940470
11324968
21494926
21485018
0
21204732
0
0
3938098
0
0
42230
3823539
2054996
1749088
0
0
1866152
0
9862736
0
0
7689357
7683182
21193797
0
5093992
7896833
17638230
4436227
12182268
17455366
0
13681532
17519143
13285457
0
15802964
4290336
0
0
19054419
0
0
0
0
18561730
4342875
21190479
6756963
21306013
306675
0
0
0
16552771
10899053
7
21584951
21585810
0
18758256
0
21301856
20208499
4102152
20516758
3909113
0
0
14687644
8454658
0
0
0
10991340
20959575
0
14738623
0
7601865
0
0
0
0
0
14469531
0
0
3622858
0
21527647
0
12671543
0
8901408
0
7936238
0
16798139
0
0
0
18915483
11950381
0
0
0
0
0
16128009
6148414
14488081
21542640
17248876
0
25955
7367331
0
21318918
0
0
0
948920
20539143
4920824
0
0
0
0
0
0
0
0
0
20632649
13362660
846
20018827
0
14066798
18028690
13515350
0
0
19568331
0
0
18749165
0
21632112
14187144
8436956
19814521
16376249
19580325
18604550
0
0
0
20153940
0
0
0
21583472
0
0
19394672
19676065
0
0
17997172
15830
17084849
0
0
0
0
0
0
6148414
0
114373
7605643
0
11181103
2083654
0
9626692
9793033
17647615
0
14797402
0
20687190
0
0
0
17781619
0
0
0
9667554
8408363
0
4527939
0
0
0
11893056
0
0
2111286
0
0
16329386
0
0
15791236
0
0
6847718
0
0
20816655
21571169
21631871
0
19566226
4283107
0
0
0
0
0
0
0
20823196
2530735
18294179
2724313
20798253
0
0
0
1453565
12461903
0
0
0
0
0
0
0
15850325
0
0
21411362
0
0
0
0
20858965
14802106
0
16845331
0
0
5381888
0
0
0
20520577
9566527
20642158
84697
4503347
18502173
20963681
6451575
16839907
0
18693175
21366302
17257508
0
0
0
0
21620993
20298952
0
21631181
0
0
11684577
0
0
14216169
16738310
10740693
6025344
0
7740804
20416573
0
0
0
17596316
0
0
0
12358588
9888974
12410025
10504874
0
12046075
17340159
0
19083515
19545141
18754804
18511603
5042846
0
0
0
0
18674478
3788329
0
0
16884853
0
0
9595134
21347007
19123748
0
2754895
0
0
20555413
0
12979087
14134315
0
0
17087370
0
0
0
0
0
19800695
614
0
3508026
0
0
0
0
14659811
0
0
8907754
0
7231681
20802622
9464015
0
2135427
0
11533419
0
20540937
15197810
21377424
4469535
12911802
8466397
6902956
12483331
0
0
5246591
21080979
0
21599172
0
8635919
917
20637921
0
0
19525581
21182127
12534480
0
20928664
0
0
13534083
141860
14535454
21353610
20559796
0
7455189
21490867
12057470
965003
0
21440996
0
19429277
0
0
0
0
12159674
10541786
0
0
729
20438391
0
0
0
0
15443488
0
5705378
0
0
27003
0
18979151
0
20059599
0
0
21451153
7974222
10223105
0
13486728
0
5
16688602
0
0
13620132
11126980
7426114
21141773
0
13113220
5477996
17066987
0
0
0
0
0
15406921
20056097
0
0
0
20301091
21103078
17613341
0
19693181
11980650
0
18018924
21643157
0
0
0
0
0
21195688
0
21461967
17622392
0
0
0
0
6399488
18975090
0
0
0
19593827
0
14915727
0
0
0
0
0
19339617
0
0
0
0
21348096
19425432
0
0
0
20932231
0
2725522
0
6044777
0
0
12401340
3270382
14494008
17249942
0
0
13366328
14545175
0
0
0
0
0
14566037
0
0
0
0
0
0
1025734
0
14619753
0
0
15507820
0
21390630
0
14284581
1072313
0
0
12245002
0
0
0
16742991
16225032
2097215
0
0
16447691
0
15442211
0
0
10950952
0
0
0
0
14255810
21583924
12216016
0
17340122
0
0
17747340
12615390
0
0
21339181
19841653
0
0
0
0
13212880
0
21713484
19888152
10947705
0
0
0
3664956
0
0
0
0
185413
19412955
6468195
13100297
0
19298969
4536111
0
0
0
10802055
0
3764066
0
0
4518018
0
0
20707915
20711746
0
21652208
15350396
0
0
14311450
12395086
21440008
0
0
4618147
20027476
3091102
19748268
0
8419536
0
15745503
220204
0
0
0
19276320
0
11694554
0
0
21390022
20175487
21732684
0
19656124
12447183
18947150
9093748
16569206
514782
19753555
15650296
20353339
10314333
16598218
17447696
0
20387448
17155715
0
0
12072928
0
0
0
15680524
15974759
0
21389957
0
18510058
18577303
0
0
0
0
20959083
0
14945932
0
0
0
5178221
16085480
0
0
13369921
10434614
12070196
0
0
0
0
16689789
0
0
0
13638951
16267331
16948539
20434712
20058887
21613958
0
0
0
20058929
0
0
0
17797143
21808551
0
10457965
15184091
0
21500637
8574412
2458195
0
0
7505513
17709337
18423915
6175943
19842104
0
11215671
2083887
20798191
0
0
0
824815
9466005
18405274
0
0
17658026
0
12716347
21618445
17245167
0
0
11660831
21678962
5152933
21827709
0
9058870
20067915
0
0
8466852
15516125
0
3566131
0
0
21827043
0
0
0
0
11430115
599675
1050725
0
17738399
0
0
15146330
0
21413686
0
21316843
21242151
0
14670441
0
10944919
748
0
20436266
0
11694906
0
7698815
21588050
0
0
18948581
6215179
21537885
19290871
11338282
0
0
15738184
0
0
0
0
0
0
9807165
21482648
10230238
0
0
0
0
19847892
10566582
0
19230935
0
0
15782128
14957243
5712896
0
0
0
0
0
0
21387197
11479429
0
7397192
21598287
6413199
21064583
0
0
0
0
13622082
0
0
12725235
9380752
0
0
0
5219579
0
0
0
0
18698360
0
15827644
21732235
0
0
0
19705329
0
0
6651064
0
21677604
16728379
0
0
19503543
15545224
0
20074609
13910474
91636
18552383
0
7700632
20739899
0
4390930
0
21574355
4478065
0
0
21843533
21745945
801069
0
20150816
0
221899
10224811
19082629
5838028
2153398
0
0
21034789
0
938073
7947375
0
0
0
0
0
0
21595774
21297077
0
21813451
20393442
0
0
15355795
20969666
0
0
17159506
8639946
21826750
15595837
13645021
8265464
0
0
2723895
0
4495429
0
20505100
15008619
16956365
0
0
0
0
8611844
8291034
0
0
14023705
11650861
0
17905742
11276756
21601375
0
0
0
0
17366857
49272
4976240
0
0
0
3300204
17390674
13264787
19289017
19653858
0
0
21502464
5048753
12423333
18398330
0
0
0
0
0
0
19674611
20875981
18129444
20431996
0
0
20754628
9038137
0
0
17014946
18852411
19698264
0
0
15016618
21307888
14628041
0
0
3384103
13223931
0
20947584
0
0
0
0
17080813
21888656
9810763
18809660
0
21493028
0
0
19433364
0
0
10881448
12130847
0
0
0
6080040
20497205
0
0
12412053
0
21766520
6335623
11221039
19949236
21502464
20443321
20406897
8558916
0
0
0
0
0
0
0
276081
0
3710198
0
0
20998525
3194958
17156521
10014105
20989979
17456850
10549566
0
0
0
4513519
0
17524130
10777952
0
0
0
0
19654181
21494311
4762533
5068163
20605047
20454205
11925011
0
0
0
21800673
0
20355251
21609091
0
15158602
21313583
3811483
0
0
20928577
1879407
0
0
17161355
0
852243
18769180
3980162
18815901
1817612
0
0
17637939
0
10449139
12377921
0
0
0
7368918
19255107
0
0
0
0
0
0
0
20966387
5153712
0
6046841
0
19598956
0
8480313
0
0
0
17251069
20370043
7023980
0
0
6806563
0
0
0
0
0
0
755887
7233325
11268722
15344466
11332219
13341119
0
9189904
0
6910671
19859683
0
2077386
5881580
3778306
0
0
3919625
11017206
0
6143011
21261878
19641245
0
0
0
20213054
11009389
14831
11333349
0
0
0
0
19684929
16357630
19015000
9258289
0
0
4742623
21802047
0
0
0
8523878
0
19722085
0
0
0
0
0
4190692
9106430
19249666
0
0
0
18823908
0
21141983
19178776
0
0
4468370
0
18215290
0
0
0
0
12439546
0
3458248
0
0
0
5087239
0
13988750
0
14357556
10454887
359917
18910285
0
0
4851299
19561198
0
21265763
14623500
0
0
0
21084899
0
18214943
19944475
0
18290954
0
0
0
0
0
0
3230772
0
10491333
21757686
12041918
0
0
13577361
0
0
21288861
9561081
15717036
0
0
2805675
14330497
0
0
0
0
0
0
15056703
0
0
0
0
0
0
0
19489476
0
13319119
0
0
14283158
0
0
0
17246134
11254625
0
9175344
0
20822579
0
20773624
15661785
6077216
12347132
0
6594138
13193430
7807303
59
9433990
4408554
9081845
13825322
15935103
2382805
7038542
0
11548249
12221285
11805721
21788524
0
0
15288474
21556495
8418320
0
0
0
0
0
21503429
17533602
21964496
0
0
0
18774665
12848011
19939735
18211914
6485255
15904865
0
0
0
19731922
21703145
6026318
11315170
21585182
0
0
21916102
18551200
15455701
0
0
0
16594506
0
18213791
0
11507183
2287003
0
0
0
13102306
0
0
20521563
0
4283564
8286505
19147742
0
17835606
10854527
21621172
0
7351687
15106992
16633227
21926734
11417781
0
0
0
0
0
11902949
0
939919
19784238
20858372
20870448
20855250
21258037
0
0
18446661
0
0
0
11985298
11610265
13005548
14961288
13450807
0
23766
0
12305735
21052118
20844237
54
0
0
2008127
4878921
21130641
0
11419845
0
0
0
3230416
0
0
21333417
21115606
8834412
0
0
21910541
21840707
0
0
21543156
4524583
0
1082481
17607620
0
20172230
0
0
16636147
987
0
0
10999771
6847916
0
0
8511438
2071492
0
0
17611655
21901904
222709
21904530
18968029
18602929
11531232
0
5394637
0
0
7072396
0
19722947
16770276
19441246
8490471
2870011
18146158
0
0
16811379
21834456
7782695
21893561
0
1995660
11712470
1801731
14222875
20225199
21608765
0
14633466
0
21695884
0
665173
0
19080395
11335948
21958368
0
2293581
2071492
0
0
21910470
0
0
0
16871145
21773697
0
10625155
0
21970810
12858311
14166854
12523100
0
1787682
15577487
18977811
21941945
0
0
0
0
0
8249888
0
1236304
21650013
13888100
13444879
20743682
0
19223333
10936373
21519107
0
0
0
0
0
20757603
0
16960573
21927214
19209409
11058738
19817218
0
0
12680956
0
0
15897972
0
0
0
0
9967602
19284728
920581
0
0
21941910
21501906
0
0
22023946
0
0
0
0
0
15519507
0
17481468
4971727
0
9457824
0
17125005
20458581
12492073
0
0
0
0
4067449
0
0
0
0
4832146
19014943
0
17801458
0
0
12929198
21948712
14247705
0
0
0
13134409
0
15312335
15726477
0
0
0
21104149
15584348
0
16415910
914293
4605465
17649838
1681408
0
12585748
0
9161047
15945097
16967127
5545439
14108680
0
0
0
0
0
0
0
5992366
15751581
0
8135660
19184025
0
0
18833255
10575232
0
0
17289100
16912184
17676371
0
0
0
21996980
10770659
10759952
20716915
19525093
725019
19670395
0
0
0
7591777
21507357
0
18910168
0
9125714
7582088
17465617
0
6744921
0
0
18517345
18349854
0
19923963
13934453
21516950
0
21814790
21022424
0
0
0
0
18153365
461910
0
19297927
9724948
0
7390935
0
0
908079
16095315
0
0
21329423
0
21942717
19013765
19980383
0
0
10652797
9536711
21686873
0
0
0
19585646
0
0
0
0
0
16150575
14434863
0
0
16665918
0
0
0
0
0
21981804
19524628
5203915
10653216
0
0
0
0
0
21569865
0
15479488
21360610
14390637
0
12692768
0
15298949
0
18838202
0
0
21211346
0
19275553
0
0
0
10346536
0
0
10355819
19297207
0
21626857
16147676
3704145
9792875
20297653
20923503
12348174
19678770
9092673
0
0
10125872
21799101
0
21776385
16776418
17103803
0
0
21350898
0
0
9119820
0
17287689
0
0
0
19816242
9607024
12433590
18965816
19942330
429503
0
15368750
22039291
0
19786944
15583805
5626626
0
2089182
20458277
10920670
0
0
14820829
0
17339589
0
0
11507021
9037580
22056554
21915672
20227863
0
0
0
0
0
0
0
697980
22053888
18979837
0
0
0
12230289
0
0
18739154
21913498
15603228
0
0
0
0
0
0
20060225
11645418
0
789424
0
20306257
17888230
0
19300242
0
0
16074904
9674198
0
0
0
11009067
0
0
17838230
0
0
0
0
0
0
18308936
21191223
20606652
20851768
0
11620617
12282146
20601563
0
16414690
1582127
0
3078448
7286830
0
0
0
18751467
413406
0
11142906
4032685
7226155
22103678
0
0
4020134
16604240
0
635638
21150582
16625716
0
20339530
10946727
15333108
0
0
0
0
0
22043032
20561719
0
0
0
0
0
0
0
21179192
0
0
16858092
1348149
17716818
17586303
0
0
0
16045740
0
20789777
0
1485954
19980690
0
18870758
13930570
0
5209127
0
0
21401088
0
0
5087682
0
1712521
3805641
21407871
4404121
21867642
0
0
0
0
0
10405552
0
0
0
0
21838418
4874406
0
17135952
19332148
0
0
0
19000162
0
0
143578
21896412
20046882
0
12114271
20980566
10229806
628424
0
0
0
22080586
12243381
0
20119476
12043387
0
0
0
0
17326757
17088177
18061801
0
20527006
0
0
22072273
15080326
0
6719341
21154292
20079322
17237761
0
16567010
0
20035591
15786992
12102105
19317827
0
15716096
15853902
0
19221113
0
0
7207376
0
22016575
0
12689668
16648688
0
0
0
491
0
0
0
0
0
0
18307399
0
21330392
18566765
0
20575035
0
18445978
0
0
0
22000485
22088347
18952184
14288870
0
21483522
9082284
4065218
21247763
10185629
0
0
0
21828160
0
0
0
16998317
1747189
0
0
4073855
0
21125646
416942
2738957
17884359
0
17813509
21902801
0
0
16101187
18037996
18511205
16236328
196500
0
21395516
10947573
9082819
0
0
10281416
18355578
19139735
0
0
0
0
13093758
0
9927852
0
15804894
19276068
8681671
11703224
11909312
1176724
0
0
20744018
14807124
0
4683513
0
0
21843951
0
0
0
20699132
0
10556073
13900641
19672989
20720556
0
21278947
0
0
13562845
17080705
0
0
0
0
15707275
0
0
14168429
6753040
0
20901612
0
21624393
19018004
12247909
3207564
18903881
0
0
16083316
20559961
0
8439790
21369171
0
20142503
0
0
0
9041289
0
11838235
0
0
7693606
2361680
0
15679216
14272961
0
22085759
0
1900997
0
17876868
12500862
13574822
21245102
22101204
0
17861261
0
0
0
8250002
21568418
0
0
12240817
0
0
0
0
0
9187237
0
0
0
0
775
0
8734871
893951
21650734
16089900
0
21691556
0
8756509
6619278
10020856
0
0
0
0
0
17621520
20655004
0
15546843
0
21791384
9319150
0
9140660
10979991
0
17603802
0
11555219
20943119
0
10992784
0
9188892
0
11854462
4664060
0
0
2409118
0
10990542
0
19081480
21970805
3328788
0
18783325
0
18115781
22088845
6718624
17049824
0
6447570
19137744
10652593
0
20636741
16488560
14771776
0
0
0
10083
5658576
0
0
0
0
0
8671100
1142422
15775493
0
15534354
0
0
0
0
12711165
0
21976100
0
14028892
2528234
0
0
0
0
15833189
19828411
0
12645355
21624993
0
0
0
0
0
0
0
0
0
0
0
20455152
12180858
0
875932
0
0
18929436
0
0
0
0
0
0
20360507
0
12218058
0
19410717
0
15884475
0
0
0
0
11936390
9859241
0
0
0
0
0
0
12619087
21270732
21164732
20997311
0
20173575
10703292
14577200
20630964
0
0
0
0
12711937
0
20978915
0
19711952
6301619
11989660
0
0
19235142
0
22185795
0
0
0
0
16167883
21789770
8241196
1195812
4165757
0
4893047
8076382
0
18929608
9797805
1700681
255
0
0
18925613
22060522
0
9281618
0
0
0
3532491
0
0
0
0
1317142
0
21948132
21951930
0
0
15208348
1689245
0
14296804
0
0
22131668
0
12910685
15621688
13283800
0
21600922
0
22017593
21304133
21932932
262552
0
0
19543401
14309240
0
0
4160917
15536202
0
7719205
21734575
0
0
2862876
0
18826680
6612473
21084266
17280431
251151
2598634
10771276
22010772
0
5437559
0
0
0
0
0
0
19842983
0
0
22215978
20338606
0
0
0
0
0
10370886
0
18224317
0
21973043
19582186
11381990
0
2081706
19636426
0
0
0
11117757
0
16899782
16639149
0
21568986
18466511
15940150
0
13636102
0
0
16913155
14293299
13893583
0
0
0
0
12549624
19145200
16805220
0
4058771
0
16110782
0
6301298
0
0
0
4639457
18074278
16985555
0
11305974
0
0
4463968
0
15484395
0
0
0
22165793
0
0
22211141
0
14128456
5731326
0
19736071
0
0
0
22041884
0
2345349
19938004
3209063
13357295
146581
15828499
0
6044906
2518593
0
11995478
16463793
8518181
0
0
0
20531209
0
18586760
0
0
0
10744664
9645793
0
787433
16680880
0
17990567
12615955
16090353
6829914
22179807
13538253
20279870
17511872
16967224
19963961
4615643
3155032
10092009
338610
0
5729142
6536342
11670293
0
13343587
21349313
0
0
0
13263652
20792626
18214638
0
14074620
0
0
437504
0
18461468
0
2289084
5355421
0
21952920
22017934
12863696
15892761
0
0
0
0
12114271
0
17161060
18854216
10087735
0
21478391
18082798
0
14145036
22314654
0
237452
21920484
0
0
0
12155561
21572107
8391896
13928536
19191470
0
8667158
3483318
22103641
19258269
11949354
0
0
21816788
14267168
0
0
1454871
21610484
0
0
21719674
20740920
7010885
11839039
22224729
0
0
10377152
0
29758
0
0
0
18506556
0
0
0
9770185
0
22105872
5896120
0
3701080
21370422
0
0
9438240
14321452
14193844
0
219951
16703536
0
5112711
0
0
11871708
0
8691401
0
0
21916346
0
0
21286489
22245698
12337509
0
15800717
14137675
0
0
0
0
0
13093919
0
0
10695433
18048968
0
0
0
1583427
21671665
0
0
10984245
20351128
0
0
16422614
15983191
0
116533
0
11017438
14627581
22296207
21945623
0
18649206
0
0
0
19236756
0
20183512
0
0
0
0
13893245
0
15930939
20556012
14955141
0
11391100
21598523
0
19469530
0
0
0
0
0
0
0
4793089
10485564
21921162
8477073
22172573
0
0
0
8237423
0
21617947
558
0
0
0
0
13418229
17512504
0
11896131
14633369
17877723
8456283
355
0
0
0
6368406
0
10291759
11105301
21641953
2356369
0
0
0
13257609
0
0
0
14335577
0
0
0
20639135
10468048
18934963
0
4844322
19182647
1956552
21723739
16651788
2766
21568603
0
0
0
0
6614758
0
0
14763125
0
12205603
20579825
11108682
0
3531360
0
0
14632252
0
18775121
22342133
0
0
0
0
15482651
3578888
22006727
0
713738
0
21177403
0
0
0
0
0
0
10698182
20133462
13561151
0
6492085
0
5308189
0
1819964
617
6361678
0
0
19236219
0
0
0
0
0
0
0
0
0
18862393
0
0
0
7646472
11228956
0
17320065
0
52483
7862259
17436297
19828151
21561890
22319566
21965653
0
0
15254216
0
0
21926427
0
22248507
0
0
0
14364298
10084196
11359052
20997266
7406611
21770871
2355664
0
16117164
0
21928521
0
0
0
0
10347854
20952360
0
13466498
9869443
19725346
0
20959396
5220272
14882437
22140368
0
0
21471508
0
0
22290820
7590187
0
22178296
0
14224019
0
5370190
0
7239552
18947703
0
21553932
0
12806789
11752605
18087665
21251073
0
0
21006429
10271663
0
19672875
0
21969699
0
0
0
11180754
0
10271827
0
12674672
19165299
0
8675427
5670032
0
0
20749957
0
2542510
0
21198298
0
19325990
0
15051576
0
0
7748412
21282719
0
8389305
0
0
0
0
55997
0
19481776
0
0
22018530
20456884
15967557
9770170
11251580
0
19257228
0
8698994
21342666
0
0
2099558
0
0
0
15983058
16508818
0
1196320
0
13444949
6616542
0
2909977
0
0
0
2071822
770544
13255152
20213792
21609355
18926373
0
0
6726956
0
0
1770654
22110210
8731393
0
0
0
22127103
21912841
0
0
15937016
0
9392567
14654538
5815008
21675855
2707717
0
19455409
0
0
0
19924582
0
4724960
18908844
0
0
0
0
0
0
0
0
0
0
0
15496255
15433444
0
0
0
0
7114683
0
0
0
0
0
0
0
0
0
833539
12804104
286068
5913351
12658382
20602597
0
17598530
0
11129976
0
0
0
0
15454263
0
0
20728828
22136198
16195275
2230171
0
0
0
0
0
0
0
16545238
0
0
0
7354237
8206821
0
14214466
20589323
6639202
21656088
0
7169558
21595715
9000169
18000720
15267078
21876091
22374373
0
0
0
0
7085481
0
0
268862
21113918
0
9739055
0
0
12168397
11950362
0
0
3105089
17248453
10249237
20033515
0
0
0
2523660
0
0
0
2795181
0
22114450
0
0
14711789
0
0
19162587
0
0
11605232
10212619
0
0
10995066
12209038
20496682
10310981
22117423
21792335
18337757
0
21604897
13180889
0
5964933
0
0
0
0
22393153
0
0
0
0
3903296
0
17580851
14875105
22331796
0
0
0
0
0
8420872
0
0
3903427
21252449
0
14010273
3007316
6623259
15569342
0
3356388
0
0
0
18513085
0
0
0
0
0
0
0
0
1453130
19078658
0
0
4533286
0
0
0
21571435
21322419
2783288
22202054
0
1996354
0
0
0
0
9758604
21718406
0
0
21943181
0
22166907
18693892
20107398
0
0
12283108
15325176
21192921
13603749
7153313
0
22366249
0
0
0
0
21418932
0
20738075
7984432
7319494
14016061
14372759
0
22180265
19700502
14061101
6826097
1987254
0
22327048
0
0
0
0
19723148
20787799
22454882
0
0
22209658
21117067
21276484
20416235
18091469
22273571
9811622
0
0
20311276
0
22183486
5084447
20602152
21561977
0
3100909
0
14476605
17780541
0
20394384
0
0
0
0
21374350
16167368
16770682
0
0
253561
0
0
0
0
22290473
0
0
0
22354665
17274815
12833520
0
0
18808561
0
4455907
20765598
18008376
16516947
22390787
19281155
2463856
0
21662331
0
0
10519943
0
0
8432226
0
15052651
0
0
4267236
0
14269843
0
0
0
19416933
0
3207933
0
4441884
13980376
0
8263394
11775656
0
20173863
0
16616606
6685158
14975564
1320134
0
566784
0
0
0
2357266
0
0
0
0
0
3465175
13194881
0
9451292
6224213
0
0
17649164
0
0
0
20934872
0
0
0
401120
0
0
0
14435794
16878387
2138495
12332209
0
0
15461067
18648421
21400428
2914121
22079523
3139891
0
7925248
4475735
0
20936304
19541541
17875520
0
0
0
8809927
0
4421601
0
0
2353740
0
0
0
16782192
22089833
19886591
0
22248412
18513651
0
0
0
15059206
0
20127928
0
0
7873949
0
0
19653156
14469283
2216178
0
21856412
0
0
22000824
11321854
17986416
0
17376741
11141339
0
0
16777744
0
18350183
0
0
21666697
18410141
0
21212101
0
0
0
0
6235086
0
0
0
5729535
0
0
17242947
0
6115232
0
0
0
22234664
0
0
5855613
0
0
17100190
10756994
22233364
0
20802379
19918450
19315423
19688865
0
20849213
0
0
10680660
0
0
22029007
17167301
21494707
0
12624993
0
0
0
19918343
0
0
0
0
19467478
0
18619533
2615360
0
0
0
17404563
0
0
68746
0
4350564
0
21608554
12789244
0
0
0
9308408
0
22520622
0
0
6931948
0
0
7325296
0
11959651
17304903
18561662
6848977
16325030
0
5988633
18699133
0
0
15626871
0
21388443
15920046
16871879
18758305
3084696
12676894
0
15311053
22360083
17917373
0
0
21560208
0
0
21891272
0
0
19340553
20182342
0
0
22496729
14048310
17744506
20583674
0
828535
20448975
11372754
227169
832
0
13104721
0
5491518
7685014
0
0
572
0
11706462
20127322
0
0
12190382
0
18942339
20201799
0
0
22318347
0
0
20105325
0
12473822
21489421
1526160
0
0
0
15280240
0
21751498
0
0
375969
14511347
2182333
0
22512599
4109252
18547206
0
12925457
9224181
17720431
0
22300596
22402213
0
0
22005185
5381475
16738452
0
0
20703247
0
6043107
5593697
21139606
15
0
22424354
0
0
0
11010026
17471637
0
14103066
0
0
19306337
20001383
2079437
18298500
2438265
0
0
19480607
0
4885751
12595144
391516
15432262
0
0
0
0
0
20132871
439
0
0
0
22504917
20919296
0
22350966
0
0
0
0
0
595125
19946489
18441788
0
1776718
10670375
0
0
17718083
6856249
20888055
18351504
0
0
0
21321391
412571
19878884
0
22355983
5365556
14214466
20297574
0
3073221
0
0
8094404
19711077
0
2067896
12705794
0
21337646
12131901
22464149
0
543536
22173996
0
8466735
169487
2599732
20538514
20936038
0
16222550
22584246
21381381
22558814
0
366512
0
0
22587163
0
20935393
22184720
10983819
1372502
2241787
0
0
18691324
22043782
22243155
0
0
1528833
0
0
0
17756563
0
17772198
16926164
0
11597762
0
0
1910931
0
20631372
0
0
20365576
0
10597918
0
0
4454936
0
0
22140486
19220431
0
13073514
15426926
12698165
0
560
0
13036988
15698599
0
0
20189116
338792
10652136
22482584
0
19495325
6176044
14910824
0
12339820
21859127
20831949
0
18828852
0
0
0
0
22534795
0
4520191
7611181
0
0
8692879
0
0
0
0
22329056
0
6795265
0
8068366
0
0
0
0
0
0
20565732
0
21511261
0
0
21645110
0
1768645
0
0
0
14538909
20841206
0
0
785
19886795
22177548
0
0
21539173
0
16274519
6423986
20531318
11836874
0
13050474
0
0
7861322
0
0
0
16811385
0
17147503
19375249
0
790985
16742338
0
13693189
0
501181
22354710
17645883
2598179
11398237
0
14558822
0
0
20112465
0
0
22101616
14212745
0
17499216
21518893
0
0
0
18721053
0
0
20759212
2750515
0
0
18692464
10281535
8316178
15720274
0
10711744
0
9152812
0
0
18122321
18050162
18504321
16426977
3274732
0
0
7060201
0
21593489
0
21431642
0
0
0
0
9246455
0
0
0
19745963
15250223
0
0
0
16683222
0
3711938
14513361
22089241
19243799
2151920
7455467
20664376
20847940
22491395
22124848
20052288
0
0
15553295
0
0
18907689
12299135
16266442
0
0
21124787
0
21986705
0
15637050
0
3496330
0
0
20796304
18980692
10718495
0
20781887
20851915
6669365
0
8825862
0
3261323
0
0
0
82651
348
0
0
0
22582662
11022983
22065642
0
746530
0
12170198
8695430
11089023
0
0
0
17318840
11249493
3847853
22231973
0
0
0
9281086
5880421
0
0
0
0
6370682
0
21482045
0
12054731
0
0
0
7154972
22300288
21335630
0
0
0
22270069
0
18830551
0
1770756
0
0
13275033
0
18706153
17479835
0
17819885
0
0
18701882
0
0
12538485
13597313
0
0
18412070
22144903
0
12377003
0
627721
22382489
0
18563497
8052705
18825262
0
21635830
0
0
11597302
0
0
0
0
0
0
21277090
0
17827820
0
0
17472083
6702514
0
0
9977153
22677634
0
19545864
0
15590335
0
3101103
760
0
0
21719938
9177248
0
0
7363736
0
20386441
3100750
0
4640128
0
0
0
0
0
13698
14289631
0
19402116
2087317
0
15882384
12258206
11612354
6848911
0
0
20388721
0
16754702
0
20273003
295956
0
22365783
0
22276414
0
14311207
0
0
21845353
0
0
21561529
0
0
18026609
2713140
6321158
0
0
16421419
21949862
9708992
0
17184778
0
9736860
10307798
0
10939800
22513430
0
0
0
19077417
9256383
0
19433707
0
19196149
0
15323253
0
5589308
0
0
0
20966400
0
5201764
0
0
0
0
453
0
0
12232440
0
51
740752
428460
776
19279891
0
21270222
21645583
10046521
0
5810065
8095756
0
0
22346112
0
20942838
22524263
5431119
22585919
0
3621414
0
9386803
0
19273204
17838492
18239205
0
12402767
20183237
19461884
13541650
688
0
16214677
0
809725
0
15213861
0
0
0
0
0
19334872
4973543
14794698
6756023
7024737
0
6207604
0
0
0
21875584
0
0
13438493
21675879
10746093
21662609
8850559
16448975
22632570
0
0
22638857
9810556
0
0
22362403
1364066
14727369
3633090
2844337
0
0
0
0
5449987
22697126
0
17788285
8127455
6928256
18337597
13713997
0
22048752
4271958
7362463
20590376
21097900
0
18345735
6199189
0
0
0
16926209
0
0
21246702
0
15665667
2170665
0
22005711
0
18391869
12958196
0
0
0
0
10405463
0
0
0
19682325
0
6931656
14467115
0
0
0
0
19970217
0
0
0
0
0
6046672
19369272
16874110
0
12323004
6972065
19848351
12589460
21577824
20844990
0
19408852
0
16230551
0
16875983
5206696
476573
0
0
14205110
7702787
15538118
15702174
3087174
0
16292129
0
6001354
22533882
198279
21476238
0
0
0
0
3793453
10060510
5233915
1246371
0
2109880
4384294
0
0
0
6118794
14906785
22282252
0
17439543
0
0
0
0
0
0
12833414
0
0
0
0
0
686
0
22575392
0
20546638
5465021
0
0
564787
9516047
11329494
0
17797513
0
13250854
13171812
0
0
11142513
22603785
0
9537256
10530499
13556897
21812884
1898649
19080535
21999612
11545945
22733115
21852562
12585832
0
14682887
0
0
21601614
14328551
0
0
19682471
22157493
5398587
21507931
19024006
929223
0
1012822
0
0
0
13355900
0
0
21656404
9992556
13405435
254291
8543644
22612489
13815347
0
9777150
5594860
21129789
21224165
0
0
0
12390989
0
11169970
0
0
0
12673604
21458989
20379073
0
0
0
170770
0
0
15964968
22747970
0
6739394
16326040
22716625
16217921
3918945
0
0
7975834
18362157
9225
4783657
9580469
20889457
5798045
19045100
20039907
0
19783882
0
11040261
0
0
0
0
186556
1505332
0
14273354
5667366
253
0
0
0
0
10652484
4570426
12349433
22688557
0
0
0
20919010
18868324
13181645
0
0
15179678
0
19070768
22051601
17077593
16173724
18291107
22712440
0
0
14551060
22656819
21094849
20861582
6330
19700808
0
0
0
22645658
0
0
0
18383121
0
19583752
0
0
4135687
10045507
19641245
20991971
0
20286793
11055226
22700443
0
8656476
0
16618073
17379264
0
0
10175690
0
21667081
12407182
6016369
5096145
0
0
14988424
12775140
7845399
0
21631533
1068778
0
0
0
0
20663597
21374255
0
10056745
21221887
0
9932244
10919706
0
0
20850236
1962151
21332926
20509875
0
9015774
0
22149026
0
1649156
0
0
0
0
0
22676208
0
17712656
0
8994947
19054968
0
0
0
22344460
0
0
7426795
9811549
12704308
0
0
21128386
0
0
0
14625027
6869525
146607
0
15623726
55311
0
22687410
3089185
17754219
6699291
0
11268905
0
0
0
0
11847901
0
0
0
15044911
0
16243684
22034353
22209332
0
14113018
0
0
0
13421653
12846817
0
8753311
21410952
18925645
0
0
0
0
0
0
0
0
14477948
19125731
0
0
0
13428833
0
7355642
6625643
14288413
18279783
0
22023525
0
21855962
0
18553114
6845219
1556502
15589621
6267540
18138042
12631157
22280193
0
15762764
2190500
0
0
0
0
13334513
0
15265774
0
16109410
0
0
0
5302877
0
22551769
0
13632244
6266131
7469042
0
0
0
0
0
0
3207883
3983813
19633873
19812041
0
0
6299218
460924
229
13035885
0
0
0
119781
7471459
20189888
0
18830952
7705969
0
0
0
18338992
19299834
0
22435514
0
0
14519772
0
17575099
0
0
0
18725366
640255
0
16685594
0
6765132
18679522
18450983
20063174
19582934
0
0
7240441
19336064
0
0
22347045
21253410
0
0
0
0
8133773
22070109
22569718
21649702
17410049
16985555
2562932
13375518
142427
0
18788985
22791958
11834051
0
0
0
22362003
16363619
0
0
17918173
0
0
0
15121178
0
0
17172254
2572822
0
22582773
6111369
42
4196365
13848031
0
0
0
5060948
0
0
15869776
22602467
21920351
0
1791308
0
9921517
18482267
0
8288942
18530657
0
0
4599324
0
0
0
0
0
0
22248829
9241295
0
0
7192965
0
0
20053519
0
20592153
0
0
10767943
21769657
22787054
0
0
174705
0
0
0
6784669
0
0
0
0
196665
0
0
0
0
15714490
22230792
0
0
0
14431559
0
0
22667578
8583625
0
18336141
15646141
0
0
0
0
8095566
0
18347169
0
11154570
19806544
0
0
0
7756271
0
20746293
0
0
11873777
0
0
0
0
0
0
3145072
15384528
0
0
0
8648541
0
15160569
0
0
18174958
12742185
0
0
14360118
11818904
0
5378307
0
3869246
0
21809945
20861243
0
22620201
0
0
0
9470104
0
18119571
17172063
445415
0
22521495
12139702
0
21678941
0
22845659
0
556349
0
0
0
0
0
3334340
22608603
12731433
979613
0
22534064
22582486
0
16100824
4281616
16908684
18304723
12815766
21591135
21342812
0
0
0
7699986
22857726
7760702
19571998
0
0
0
22663495
22840017
0
0
4492733
0
0
0
21613036
0
17332468
0
18253233
7061268
20409391
0
0
20526369
12675132
0
21855270
194016
0
0
193953
14051
0
11076833
18661020
0
0
0
22176964
6084296
13128740
18232462
0
17653330
0
3921814
20172966
18446809
0
22395268
11386574
17018619
0
18712559
17515471
0
0
19294989
0
3792899
0
21754552
20392974
17436386
20890548
0
21437447
17837027
22756675
15430417
0
13966877
0
0
20176643
0
0
0
6909285
0
20919441
7975758
19061907
21506526
0
3044660
13567385
18285140
2649853
8458208
1451937
0
0
12024539
9089120
0
0
0
0
0
17957340
0
19635902
18351715
0
11070022
0
0
15645346
2507989
13756621
0
11098731
5480332
0
0
0
0
20630728
0
0
14133078
4733963
22823317
0
21516377
0
0
22584160
0
8254621
22417737
0
21226283
0
0
6194991
14403624
0
2991382
0
0
0
16044475
20513992
20455212
0
0
323839
22827866
0
1998892
20858066
5861733
4414337
19045470
0
0
13974509
0
15761454
57529
6891789
22961565
0
10055313
0
0
0
0
21696432
1016205
11103445
20143583
8753321
20857748
0
0
0
12562985
0
0
5186590
7883654
0
9411070
0
0
0
0
19154817
18834111
18803844
0
6934162
0
19017524
8233091
20973081
9185113
11876035
0
4628224
0
8091308
6754659
19854542
4617727
0
8766178
4090365
0
0
22884502
0
4649724
5905466
22903753
18648458
19880370
0
7152881
0
21969372
0
6587
0
22105958
0
6206544
0
19291705
0
13803208
13334282
0
22489648
22832072
22152000
0
0
13325151
0
0
20658359
18457817
0
0
20856674
22637959
0
22768819
22818069
0
13875382
0
18782890
0
20697244
0
0
0
0
0
833479
0
21392818
0
0
15085016
0
0
0
5850378
0
5379581
0
0
0
10934945
21326783
0
18513157
12197043
0
15339111
0
0
0
20929348
2050525
19706302
0
5847670
0
22104557
10246984
0
672651
0
0
9127049
22723217
12082406
0
0
17493029
0
0
17073527
16327553
22907168
21569728
0
12244457
10616413
20759317
0
18376686
0
0
0
0
0
21597637
21268089
0
594345
21609311
6091804
12575712
11985298
0
1189337
0
10991552
0
0
7290456
0
21603562
16780296
21201178
14377300
7296797
9766640
7303070
0
20002148
13502853
0
0
10199500
0
22885130
19524530
0
0
0
19703921
14377755
0
21756362
0
19500725
8947288
13079283
0
0
22841417
21823277
0
20663336
0
20509775
21625659
21952969
0
0
23769
0
0
0
12736656
13756284
0
0
0
0
0
364705
17582700
0
8831234
20500720
20934663
0
19750286
0
0
0
0
0
0
1300286
18593487
19463515
0
6588251
0
0
16238798
0
20039997
0
13492876
21942714
16898131
0
12891343
16842485
81
0
0
0
17145161
0
20178258
22726783
0
14421334
19388291
0
0
0
0
20277903
3866704
21486588
0
0
0
0
23025536
0
22936812
0
15647235
6970907
11390197
18779114
0
22216551
3830410
0
19516057
0
20745699
0
18992600
1178727
19570803
0
16751632
17485617
0
0
0
0
4613723
22891359
21025203
0
14746959
0
0
0
22513314
0
0
16825902
0
13806992
16427653
8528112
20569488
0
11781724
21747656
0
18341507
17056845
0
0
0
21700030
0
1353757
20297485
0
0
0
0
19722782
21152182
8434160
0
0
0
19851078
2734879
0
0
22247764
0
0
0
0
6394941
0
6799790
0
19410515
11875266
0
0
11188662
0
17278680
16381995
19604758
0
20369091
21345352
0
0
0
0
0
21381795
10546978
5344290
12803043
13159329
22506109
0
2987091
0
0
2938532
0
22791002
0
0
16910056
0
0
22592641
14440137
0
0
0
8175578
12684622
11816282
0
0
6113271
0
0
0
22572141
11755807
7858800
13750025
22951297
22589427
15614683
0
22249342
0
22724194
21538021
12868778
6643888
0
11197260
0
17216039
6008041
602554
0
0
4854036
13995024
13493038
0
0
4484314
9913745
0
6795673
12833071
11378297
15728829
18
7507146
17441548
11738595
17327128
0
16864259
12569695
0
0
0
0
7647741
3068097
0
0
469
0
0
0
15496371
0
0
0
12183143
0
0
13533470
3162767
0
0
0
22874745
10263213
18438007
0
7614444
7698211
0
16671479
0
10707947
11550013
20887206
22797323
0
0
19487689
8081701
0
14191266
11339052
0
0
0
13750259
21620188
0
0
0
14254444
0
0
0
19986264
0
0
0
22226932
0
0
19390762
3625913
21445426
22076827
0
0
0
19945044
16477489
9139805
3194104
5264432
5151993
22796394
22779802
17793738
0
6104532
0
9377841
0
23001422
18287476
0
9779748
4789271
8479247
21304499
0
0
0
0
0
7060292
23042872
14986131
0
22640561
0
0
3836044
17995140
20379352
15941594
0
0
0
0
0
0
0
0
22602006
17572169
0
17248883
0
0
21564658
0
625344
0
11388605
0
0
0
17798026
9298451
0
0
0
22236000
19461725
0
22869767
19251680
22662431
4788888
21133657
0
0
6383940
0
0
9831907
21924442
1696357
0
16680367
0
0
0
10236863
464596
3417748
0
0
13347691
0
0
20554482
16601492
0
8908408
0
0
0
0
18605945
0
0
0
0
2777269
22738402
0
0
21465475
0
4001127
5607382
9651827
612224
0
0
0
21756288
14668268
23119095
13042038
0
9014043
535934
22472518
15989269
0
0
0
22022899
925072
3541249
19658293
0
11073567
15260372
16346823
0
0
0
634347
14200104
0
6051960
17780806
19935494
0
0
0
19877284
23012567
14477170
21588720
0
0
18249757
22517527
0
0
12280071
311994
19375706
20629572
22875378
0
2026564
14905571
0
0
14228237
4783657
1695831
16260337
22453825
0
0
0
0
0
20477993
0
0
2052527
0
0
0
0
0
0
4501141
0
17427198
0
6612540
0
0
22659706
21592084
20985312
0
2188705
14092024
19790776
13629489
0
0
0
19934215
16227092
0
19460633
0
4514468
0
22855695
11803127
0
7649678
0
9023373
13581485
134729
0
16229424
0
0
0
0
0
0
12633912
0
21312252
0
4720504
18996697
22297664
0
0
23110945
19839310
1067715
10158022
17535368
0
0
5739514
0
21712017
1051027
0
22857509
0
9809059
0
0
15586161
18099179
0
0
0
21022124
0
0
3904244
22926490
0
0
7296011
20647606
0
625125
23014007
0
2539377
0
23008952
11691450
0
0
0
22184311
0
0
20141075
0
17336410
22783569
0
20746095
20823774
12668821
0
0
12025011
14799218
0
0
0
15389191
0
0
0
0
3656023
6076781
0
0
0
0
0
22773803
21808901
0
0
20655190
1463684
21426922
16662332
16812795
5783462
0
14045450
0
14956003
21512268
22551133
16742197
22313511
18257146
22723922
822084
20838284
0
0
21877167
21066801
0
22924415
22953600
0
22014791
0
23129435
560284
0
17224818
14474064
0
10682824
11781301
0
8066827
22695159
0
0
0
20043480
1126265
0
0
0
0
23115040
0
0
21742171
19400918
19482993
22593961
0
20594790
0
0
12228735
18010659
4079453
0
0
0
0
0
9108403
6422589
0
0
2251911
14037388
610489
0
0
0
1606274
1380976
0
0
20767528
21809137
22318846
0
0
0
0
1641229
23014880
0
18628023
2678954
1680122
0
19325150
21747480
0
0
20373269
0
21008657
19990754
19758143
0
0
20814276
22558609
23003442
12960035
0
12891003
5010919
0
0
0
7454756
18017288
0
0
22923414
0
22347299
19905933
5670311
6187392
0
4189015
0
6021802
0
0
0
0
9547295
0
0
22899275
14648775
15310429
14620855
9750573
0
18278005
8057547
0
0
0
12835159
23143408
0
0
22481117
15082281
0
177541
0
12625481
22013605
0
16975361
9235890
9989563
2242467
9462226
0
21954977
1722258
0
23156331
0
0
17597910
0
0
22138349
0
0
0
0
9497699
12605171
0
0
2086965
0
0
22418156
0
22089782
0
0
20931505
0
0
19002057
17749509
0
10228683
0
0
23145702
22237056
2917442
644905
11352453
0
2535076
16941909
2067613
249538
0
0
1643159
5466230
18774123
0
0
0
22697672
5735356
0
20471381
2764784
0
0
0
0
0
16876426
1651590
0
0
22560509
0
0
15352741
0
0
16445254
0
0
17716938
0
0
16107761
0
0
3829437
21863603
5400401
0
0
3260840
22293311
4464608
0
0
19855446
7297129
23200814
22843222
2922583
0
7978823
0
0
22958253
21432342
0
1757598
20392079
7311543
2251570
21538950
0
8498479
0
0
16316763
5499912
0
2294243
0
2106864
0
13718675
169921
0
23167800
11334814
18249709
502955
0
0
16001125
0
22623246
0
16574670
0
2712929
15895481
0
0
0
20552144
11011625
0
0
18267429
0
15240264
17738181
0
0
0
0
363735
0
0
632511
0
9726176
0
0
0
0
22123462
7652325
20171181
1570079
0
23203249
0
0
10775236
0
22279544
0
5733418
519
22713908
0
0
0
0
6763371
0
20539952
22690277
23037267
15103907
0
21708885
4510
22482594
0
18901268
0
20777277
5059997
13270462
0
0
0
22651334
0
17003915
13440020
19127013
13709813
0
0
3527868
11610
0
0
0
0
0
0
21686080
0
18145352
0
0
23201066
7318121
0
0
0
631364
0
22714337
0
0
20160493
22477993
22495995
21885663
14878870
0
13585415
2750
15853364
0
21574168
1153676
23208124
0
14456932
0
3157763
0
3941740
12054753
0
23156824
5412865
0
22999572
15563068
1122
17495903
16104695
903752
0
11418293
20302198
1846092
0
0
0
0
21251489
2204566
0
21672036
22799568
22423359
18211906
0
0
0
0
0
16611310
0
19251880
22608856
0
647
0
0
0
0
0
0
0
8996046
22524609
21558202
19654365
0
0
1389664
19756190
0
0
21764046
0
0
10337455
15092740
13347899
20617018
0
0
0
0
0
0
0
21687311
9649379
20173505
0
0
311078
0
0
0
20573866
0
0
23052394
18438049
12294445
0
0
15942283
9533444
0
3128391
0
0
8286220
0
22949973
0
17008920
6848977
0
18144986
9657681
0
0
0
0
21286553
0
0
0
0
1657275
21709475
0
0
231145
0
0
16321884
4044913
0
0
868865
0
19686000
23171407
21772934
0
22658764
0
0
18276306
13103654
21821395
6427219
0
0
1389585
21205587
17315800
18003171
0
0
0
0
21969388
0
0
0
22272714
322166
0
0
0
0
21843338
22340455
0
0
5090880
23176856
18820637
7682281
10987609
18367631
22493106
13813104
14961544
0
8473329
0
22061878
0
0
21896947
8864
19928449
21865454
0
0
0
7325628
1542186
23076679
0
22594094
1809432
0
0
0
233239
21733559
9960357
1779416
13109330
22344772
0
0
0
17263609
0
17565743
6569222
0
0
0
0
23050055
9563207
0
8131168
22903990
0
0
0
0
0
0
21089368
578
0
14644510
4857798
0
8770513
0
0
0
14965631
12587166
10816435
21865448
14502116
18242079
16768410
15973502
0
11731402
22793537
21946695
0
19219064
0
0
12767013
14325099
10078729
4059603
0
8904181
20604775
673819
13173141
73603
0
21141898
16203554
21736058
5766614
12579310
23311500
0
0
0
0
2656115
470096
14576800
0
19954273
0
0
0
0
0
0
0
0
0
0
22878834
0
20600521
0
15712410
8246027
4857115
0
0
0
15554498
0
0
0
0
9092336
0
626670
0
0
0
3485519
4918088
21293984
11470922
0
18476096
0
0
16557431
0
21991756
0
0
0
21935346
5897737
0
19451293
5969318
4015315
0
0
16513892
0
23071124
2942495
8732376
0
23203073
20483236
6802667
0
0
0
18638122
2663462
0
0
22085520
0
0
0
0
2391555
0
20164986
11779757
14022963
0
0
18806591
0
0
17265232
14724108
0
0
12324028
19416787
0
0
0
4784047
0
0
0
0
0
21544633
16893564
15283530
13659369
0
0
0
2362437
0
0
0
21544203
16562372
0
0
22778130
0
0
0
0
6263386
22848908
0
21551925
0
0
0
15732862
20574552
15423847
275663
18351665
19364983
0
0
0
0
0
16203188
13109838
23239662
21875024
0
23035066
0
18777851
0
11175444
11426789
21813034
12290423
9038647
23050545
14607235
14382244
3029009
23212138
9502091
0
0
0
6300099
3197663
15316724
0
15618927
0
8152279
16961822
12978744
0
17143837
19614160
0
17776047
0
1413945
0
23238166
0
0
0
13869401
0
0
23289283
22568871
0
0
1339439
0
0
23277396
23031982
0
9585306
18761727
0
0
0
0
18386720
17225057
23327945
0
0
0
18016257
21705829
6835060
23270205
22734896
20596117
0
4044542
0
1660261
0
22697283
22924217
22697747
13501669
0
0
21164189
0
0
15956439
18787745
0
23339745
0
0
23309886
12642017
5229025
0
0
0
21381333
539623
22256768
3650791
0
0
11301358
19164083
0
21616325
0
0
21430280
7838928
184180
0
22427706
19413597
0
22746214
22933156
22858174
0
1932611
0
22694726
9559283
0
0
19905893
0
0
0
19515815
21737893
21441484
20515677
0
0
0
0
0
23167829
1158428
14384202
1720744
0
10082867
250329
10864381
3789791
15043954
0
21911432
15741860
23055358
0
0
0
13374508
0
914
0
0
0
0
0
0
12363779
0
3267531
10461378
5836909
20380154
0
22465666
17142302
17383160
23334372
23203089
0
18065450
13535248
0
21271386
0
20879850
1861626
16241677
0
0
0
20820492
16700970
23384675
0
20330820
0
18064769
0
10646461
0
16171595
0
21369975
13783266
9456077
20126462
0
10459312
0
6886101
0
0
2536299
7927488
0
0
0
0
0
18986778
0
0
0
7832569
0
17872154
4889559
0
0
17048453
0
0
0
0
13171029
18461660
0
0
0
21038435
0
23193487
3662025
0
21464037
18480316
291890
0
17020547
0
8716904
4595401
13542571
425349
13374391
0
10038266
0
15666296
19822421
3160115
22320755
22556166
0
2482211
22868382
16265594
6920
20018451
9762744
0
0
13100068
0
7216102
0
7159554
21358193
11170696
22067109
0
0
0
0
21131871
23359506
0
821289
20842577
21418108
0
0
0
0
23360703
0
22670491
5556645
13129956
17468414
16583690
18993054
7698458
0
0
22374073
0
22880604
0
0
0
0
0
844
19625076
8060736
4251850
0
0
0
0
0
0
0
13396753
0
233375
0
12630423
0
0
0
21289581
22467840
578
18332234
0
13893572
0
0
22983633
4269698
0
0
7600833
0
0
18849143
17864877
0
17224123
0
17259002
23217676
20954586
0
0
23344369
16695391
0
23393492
0
21879812
0
0
0
11695417
0
23151088
23385277
16805391
0
0
0
6521816
0
0
18407346
0
0
0
0
0
21951499
11615377
2467631
0
0
0
20504102
0
0
16660040
21272436
18083313
0
17367665
0
143913
15846370
22839758
0
0
18644674
4427644
0
17072862
0
0
0
0
14663010
0
0
5261382
10481088
21088829
23277362
21728384
0
0
20407514
0
0
17957484
23370723
13977804
0
0
0
0
0
0
18809142
0
29485
0
0
4514524
0
0
16969613
0
9036128
0
0
6956728
0
0
21431911
21288013
22482366
0
0
15872054
17239060
0
23122185
0
14547625
0
0
0
12542661
0
0
0
0
22626969
0
18495676
22030690
21460804
0
0
12207397
6353513
0
0
17956785
5673960
0
0
0
20952327
0
0
18441837
4524713
7042536
0
16935634
0
0
0
3680181
0
20066509
0
18494639
15330823
0
0
23288042
0
0
0
0
23359896
21235560
13810074
0
22144962
19251131
0
0
2393998
11155689
0
0
8276670
0
0
11338884
0
0
12103039
0
0
20451068
0
16926499
0
0
18255168
5371894
0
0
0
0
0
20221105
6656313
0
23241072
0
11513322
0
0
17468125
0
23201490
17601366
16427425
0
0
23441356
1044525
0
4514247
12312946
8964799
0
0
23453219
19598274
22170831
21559447
22886353
0
0
0
15398771
0
0
20306533
0
4278745
0
23397117
0
0
0
0
0
13908242
0
20212787
9800347
0
0
0
21019547
0
0
17211090
18888554
0
12391810
22823352
7999095
14444994
0
21337277
23448993
0
3540388
7571174
0
15049838
23066849
0
0
16924928
9137369
0
0
4164576
0
0
0
185320
2687446
21203912
23458473
0
4303030
6520369
0
0
18935459
0
0
0
0
2318463
21601867
23364888
0
0
15020851
20728198
13063035
23231510
0
4975396
20989166
0
12938712
4283496
0
0
20930712
16532454
21181381
1445387
0
0
0
20296916
0
43105
5811744
0
21656755
0
0
5621861
0
0
0
21750870
0
0
0
0
0
16888310
0
23378138
0
21957114
0
0
0
0
0
0
295033
0
0
17265512
0
18954539
9729651
4578886
4487511
12573273
9900149
0
0
0
3608210
15392224
0
0
0
6994259
0
3157309
21112548
0
9953406
0
23420107
8308024
0
0
18634658
0
0
0
18730701
0
1340022
17535235
0
11200323
0
11088306
0
0
22341474
0
23083593
0
0
8920491
0
0
0
17554462
17446772
1675299
11876792
17290538
9683410
4320168
0
6127367
9294950
21452666
13375165
15541146
0
0
0
18267411
22919632
17883428
20013893
15333451
7903605
17540345
20129562
23020085
13759654
17751311
20630191
0
20421179
0
0
17480053
20109378
0
17438264
17682573
22297332
0
17967944
0
19059998
0
21972502
15425949
23581338
0
0
12600302
0
20857794
1905853
21220112
0
20929221
22881256
23260251
0
0
0
21026380
0
21563729
21519219
0
0
12212757
15092758
0
20268043
0
0
20187662
0
11719747
5389708
0
0
21386988
0
0
0
1618645
0
0
0
0
64582
18360932
0
0
18361248
0
0
0
2481682
0
0
23383123
2561356
0
22422491
23531058
0
0
9405556
23028395
16624152
0
1492009
11703436
0
0
0
12404209
21085046
0
0
0
0
23093785
0
0
0
7629359
0
0
4780251
0
0
5649092
1932216
0
0
0
0
18328933
19173542
0
20757523
9899024
20107130
11529404
0
0
0
66775
9206223
810
0
0
13688459
19217923
17253395
19453221
0
0
20164986
0
0
0
0
0
20376786
0
0
0
0
21571723
0
0
19033759
0
11904048
23503037
0
13678316
10770237
7679079
0
19223666
0
1872765
18258052
23497300
20861487
7331967
0
0
10566102
0
18802609
22633294
0
0
0
0
0
16800161
7021563
0
0
0
0
2915481
12599207
12300884
10645451
12151834
21650890
2396982
21297446
0
0
20203084
0
0
0
0
134059
0
0
0
14266604
13687467
0
0
18299167
0
8124208
11136662
0
7163261
0
0
4960381
9882297
17472392
18459456
0
0
0
2910349
0
0
0
0
15314249
0
20227142
18525132
22434815
17533763
21611716
0
0
23538520
0
0
0
8175088
10048518
16025339
17024964
0
4152225
0
12342579
0
13682327
0
0
20403918
22251721
0
190009
19258999
0
13393931
0
0
0
21827696
0
0
0
0
0
6354276
0
6699049
0
0
23487326
12064288
6345013
10527586
23287558
0
0
22172660
11058039
16924841
23145517
23070441
36449
0
10787674
676
0
0
0
23031240
19719902
0
0
0
0
21419096
0
0
0
0
0
0
0
21055226
2444591
11155388
4381804
0
0
12969909
0
944095
18785294
0
8937718
0
0
1514455
0
11614015
0
0
0
0
8815955
4737741
0
23546514
21439611
0
0
3646
0
15074999
0
0
0
21877722
8774554
1726146
0
22390131
0
16678056
23323394
0
0
23030038
0
1999267
0
19746863
10296636
0
408735
0
0
0
0
0
22221959
0
17403198
3193899
0
21846456
16414814
0
16889367
0
0
0
0
6231925
0
21678794
0
4452307
0
0
0
0
0
0
0
0
19076161
0
0
22212245
4705773
17113248
0
0
16422453
13082274
18538153
19673754
0
4383555
13450919
11196623
0
19936063
20882501
0
19357940
0
0
23519767
21374945
0
0
0
0
0
15824
18353540
5336911
23286684
18000175
17420209
0
10119570
20840501
512201
18730638
4124395
0
0
0
0
0
0
0
8345325
0
1165755
0
23579893
0
0
0
19187406
10035078
23421372
22543546
23207719
13186944
22336737
23055426
0
0
0
0
0
20390603
0
0
0
0
0
0
4437078
0
0
0
0
21748877
12080004
0
0
10974013
9564390
0
16739284
16159046
0
0
14529539
4857520
0
0
0
10246976
12945363
1557092
0
0
18851336
22498649
23092319
16159707
0
0
305738
0
0
15189219
0
0
0
5125401
0
16444692
0
0
0
16733985
0
3195160
20687309
0
0
0
0
0
6354541
0
23644985
4958071
0
18748554
0
0
0
18102595
0
0
0
5684641
0
17650245
23662965
9921269
21526862
11545536
20573272
23360753
1532899
3184272
0
0
21406440
0
23148123
9644764
0
0
23187418
16854347
18524111
0
0
17933422
0
4900433
12602303
0
22406114
16610827
0
0
23490014
17915442
0
0
5650473
0
0
5272544
12951158
7812069
0
20103238
13913223
19851900
0
0
0
0
0
21427018
0
3825366
0
12158252
18565204
12256288
23584542
12603870
0
7634013
4675752
21838736
21103669
2018215
0
0
0
0
0
0
0
13037958
23531658
9427938
0
0
0
0
22252532
0
4780700
0
23710022
20046828
0
19642235
23383158
0
18136106
22996685
7114805
21557591
16246729
23513807
17643848
21470544
0
23352935
23222422
16385630
0
19159507
21390949
11892189
22666879
23042094
0
0
0
0
0
469179
11398718
0
13517218
23603819
18593785
18078768
5794874
15887448
15430146
0
0
19721833
23504264
0
0
20692119
14838996
0
0
11936696
0
17285071
0
7545710
0
16890529
0
0
19919919
23103391
3941332
0
0
0
0
12951945
9530999
0
22822529
0
0
22983007
0
0
0
1773170
22002070
20195890
11112501
0
15926279
19616986
8432083
0
0
0
0
19946028
0
4581023
0
18935665
0
17800014
0
0
14195668
18190637
5402057
0
0
0
14758367
0
22250331
0
22625724
8527191
0
0
23267566
15205225
0
22725855
0
22888025
0
23697685
4213189
23385942
22733394
0
22665561
0
0
526
23385342
23307871
14662804
0
0
6493309
6168613
0
0
23533194
0
14202571
0
0
4108773
8182255
4794428
0
0
20596501
0
0
0
0
23428013
0
3423408
0
0
1576149
0
0
19938566
0
20015071
0
21567542
0
20472072
10516414
0
11701571
6270259
22184268
0
8169001
0
16980992
0
8956390
0
1984435
0
23722264
23736093
2599612
23687227
0
0
0
0
0
0
15664285
0
6192097
18700594
23416673
0
22019198
13631968
12789937
21404059
2041922
9088203
22150373
0
0
5970751
0
16243036
0
0
22055227
23363958
21532405
5263291
22076362
8737564
0
417701
19889516
7216922
0
14815588
12872001
20971830
17802689
0
0
21499886
0
31927
0
22313712
0
0
9311509
11587209
14038584
0
0
13409718
0
0
4164229
19943024
0
0
0
18457774
22818655
0
0
14981944
0
12660699
8378628
21021216
393212
4406080
0
0
22617569
0
21505238
0
16885189
0
7516087
17097464
7677335
19851900
18945485
0
16695886
0
0
21584461
0
4420447
20387606
21150715
0
19387316
0
10246249
23713487
16770560
2019659
0
11601813
0
0
22840198
549205
0
19781598
0
0
0
0
23490270
0
0
0
23707918
16945364
11044394
23165852
0
21429774
18157664
0
20943744
1351884
22802196
22587811
7015402
13390320
3566684
0
0
15307052
0
0
2041515
22004021
0
16761228
22567451
6831179
23722273
11972845
0
20063168
3546978
7040272
0
21741550
23585012
10208662
0
6965764
0
0
23028591
0
0
6509407
0
3443675
14654575
21695887
0
2039203
17834763
0
0
17345564
13464929
0
17668215
0
0
0
21007505
22182286
16751302
0
9169
4985290
0
0
0
10570557
0
23568748
0
17024991
9786985
0
0
0
0
18466789
10428895
21731623
0
0
23775564
0
22112025
0
23789622
0
0
489433
0
0
9403309
0
0
15866114
0
23509812
0
7878981
0
19237695
7420635
17539603
0
0
22198503
22113350
0
0
15085427
23707465
0
0
0
0
13611957
23804319
14923732
18737398
19867916
18245452
10839013
15309967
0
23220131
8784396
0
22585795
9937837
23641423
17119806
15383478
5276751
14849842
15364594
7815874
0
0
0
6342429
23297670
476674
758965
13386692
23556512
19023706
0
0
10009264
21079642
0
0
19775550
0
18651575
0
20458842
4142449
2920973
2924541
0
0
0
0
17079158
14496930
23107867
0
23624829
19865524
18899694
0
0
0
0
21132323
0
0
0
0
23834928
0
23168977
21051096
23419657
18311199
1925065
1960555
0
0
0
0
0
0
0
0
1261007
13396222
7961716
22144912
0
0
0
21123047
1656598
13026659
23636891
0
3818278
5373620
20160846
23581734
0
21920328
15434065
6543312
21635980
2706822
20955370
19774336
22308612
0
0
22359999
0
19745965
6083
0
737668
0
10937010
0
15589132
0
19556224
9283387
19777295
9311320
0
3897688
11629607
0
0
0
0
23719695
4116654
21955234
0
0
0
7301905
16071019
0
15510361
0
0
0
23033450
16173314
0
10386638
9519480
0
0
21169881
11813147
22609020
22356594
11412162
0
0
0
0
0
18371161
0
18642401
0
0
0
23270505
0
22595462
16080975
19782017
0
0
4354380
306537
5672088
20700537
7783275
0
0
0
0
0
15756272
20165181
0
0
5696950
0
16741325
17452763
0
0
0
19981362
0
0
11979836
14063927
640592
21763999
0
0
0
21291820
0
22684659
0
5924368
0
9653466
0
14515421
21360554
23665793
0
0
0
0
0
0
0
0
22551931
13332217
15331676
19968393
16347518
983774
0
15669640
13757652
22868988
334659
2845532
15320165
0
0
0
3655593
0
0
0
0
0
20846475
0
14535754
0
0
0
23038597
20272814
6789220
23628853
0
20426013
14388934
0
3505242
22297517
20014293
22113150
875100
23225163
6609820
0
0
0
11472050
0
21945732
20356237
7625833
13325702
23067579
16301481
21860959
0
0
2533440
0
17029038
0
0
20442824
0
0
21729005
0
0
13620199
0
947687
0
20455742
0
22718479
0
21799562
15083826
0
15372085
0
17260235
16453875
15311732
14491537
20920967
0
0
0
0
0
4036229
17247032
20136875
0
0
0
0
0
0
0
22996626
0
0
23632040
0
0
0
22941341
0
13107634
0
0
10162636
0
0
23521611
12602644
0
14274017
15360040
0
21799984
17790780
0
20856999
0
0
23544260
18815688
456098
0
21679584
0
34153
0
22934055
10587711
0
23011209
865535
0
23158867
0
0
0
0
972416
0
19220649
0
14700258
0
0
0
18446479
0
0
2520809
0
0
12492457
0
8826079
7104061
3904834
13776775
0
0
0
0
17211060
5068333
22608879
20654980
21038248
16110628
0
15597107
0
0
0
0
19233388
18257825
164360
0
0
972660
20409196
0
0
0
0
0
23080802
9607039
15000639
0
22852519
21808316
18781633
23543871
23902302
0
813147
0
13332088
0
0
8267545
0
0
11783487
0
0
18414128
0
0
0
11216326
0
8370058
20708117
4595741
10527126
0
0
0
23221237
0
20523576
773
23428847
0
15031320
20169353
9451976
23771889
0
0
0
19881420
0
18935981
0
58512
15617963
0
0
17126311
23650781
0
560411
5764183
13665704
0
0
23932850
20267902
0
0
11189952
15243940
0
1121078
0
0
0
19244306
14759595
0
0
14267398
0
13429903
0
0
13009951
20631085
0
0
0
10018385
23830539
18883362
0
23598120
0
4138345
23030778
11973083
0
0
0
0
8445424
23023186
0
22341948
23756737
0
20088066
0
22048607
22241591
0
0
9327051
0
9892087
8252983
0
11725539
18538719
1250370
0
0
7440688
10567478
0
20978207
0
0
0
11020653
20302263
0
0
0
0
0
12275514
0
0
0
0
18994162
0
0
0
11235804
17112821
6866472
22407110
12514602
1805758
0
0
0
0
0
19988655
5085131
0
13719399
4195046
0
0
0
0
601250
19177533
0
0
0
0
6671466
21508501
2623233
9119232
0
0
0
0
0
0
0
7595660
3815887
0
10062951
23572025
12192856
2735861
23300905
10953232
4290033
8233519
20914591
6787178
0
0
0
15584881
11985412
0
4394660
0
17838290
0
16337317
9287793
0
6163308
0
19988543
13536810
0
0
0
0
0
0
0
0
21869887
0
11080473
23963483
10197914
23501400
0
20309274
14977970
7966603
485684
0
16706645
13412173
21405475
17537163
4500488
0
20938165
13072924
0
0
19899591
0
21051096
0
20646986
0
14940529
23935120
0
13297927
0
8444331
16932060
8577659
0
0
10631242
20989082
0
13814801
3132844
23096029
10929086
15853414
0
22453498
0
16950058
23377570
23416865
14650646
5238387
15281212
4297576
0
0
0
0
6179289
13633650
11127078
23360952
0
14855778
19645190
0
0
0
0
0
23132294
18715134
23353377
2879075
12345445
0
0
22999955
0
0
0
0
0
12848709
0
20911657
13945537
0
2792174
0
0
0
16882254
61681
0
8128377
5321379
2268657
8024803
17149684
7612308
0
22720865
23903990
0
5794175
0
0
15223457
21669844
0
0
20503857
0
1119326
0
7251327
13671249
13379639
0
0
0
0
0
22738976
15934883
0
0
21181773
0
0
0
0
0
0
20778900
0
23369815
0
0
20405567
5628615
13529085
23312439
0
23417157
0
0
13406052
21475129
18438885
0
22942797
4766776
23697201
15559517
0
18561470
0
10641439
0
0
24034973
0
0
0
13135247
0
0
11723807
23695528
0
22842538
15276716
4469597
2408993
17080470
0
0
9207797
0
0
0
13039487
12686440
0
20762651
19909633
0
23901677
0
17902001
0
0
0
2394428
275
18764094
0
0
0
0
20478390
0
0
15380268
6659303
0
0
21560152
6096109
22174994
0
16996500
21460401
1858850
15603924
21817351
23285473
22839714
22989927
0
0
2168284
17049865
22892222
9797562
19059694
21747916
22840279
22763524
0
0
0
0
15702623
0
4569945
0
5560195
0
0
0
0
22769788
0
0
24064088
78802
3285934
0
9378808
17789247
19567012
0
7114624
0
7202104
0
0
0
11668091
23905390
13324252
12105104
0
23747648
22868191
17110511
0
0
0
6778372
12885799
21899421
1244533
7443401
4181100
24003593
14153577
21970217
0
18064326
21415969
23410234
0
20486525
0
4915698
0
3019561
138972
0
0
0
0
0
21170468
18140974
21256066
12068244
9632829
3572533
11771666
0
0
21667355
0
0
0
17261120
0
0
11317821
16505503
9234441
22021328
23794200
21712710
0
0
23945399
23871134
0
0
7042536
0
0
20881170
0
0
0
14233778
832679
10904676
4767936
21191590
22755837
0
0
0
18690703
3744578
555
7060106
22316413
0
0
16070382
12183924
0
0
23761662
0
0
0
8962832
12813732
14786924
0
14023181
0
13712054
11390231
0
5788224
14760469
15573309
7517419
0
3399467
0
2895713
0
0
0
5560880
0
16144349
21310088
6417001
0
0
18056626
0
4162923
0
4420542
0
9151382
0
0
6112140
3761491
23159724
23231515
1992709
18871636
5836161
385140
23779363
0
0
5819991
0
23635634
8411300
23344082
0
0
0
21869289
0
0
16553786
0
24037567
0
1747226
15452276
9349552
0
0
23704040
13502879
4429517
0
0
0
0
2655402
23410866
0
660844
23376925
6195234
17683412
0
0
0
13829442
14302476
16514309
23745762
0
8501249
5074171
22227586
10935151
0
5116620
781399
3260669
0
0
0
22756681
12429403
21339181
0
0
15772015
15800522
0
0
8173117
0
21918956
12316797
8753796
0
0
17763123
0
12742597
22946967
9289386
0
0
0
16314289
0
0
0
0
0
0
22237016
17884047
0
0
0
10244566
0
0
22196076
0
5245531
0
11219612
16084949
0
23545266
19192364
0
21347092
0
24119426
0
0
0
0
0
23171983
574
0
0
0
11885015
0
22875889
0
0
2987650
0
0
0
19185254
0
0
0
0
19048670
19105133
0
22054420
23588724
14252126
6529815
0
0
0
0
0
0
19554037
1795147
0
10367180
0
4783819
0
0
0
0
0
18675941
12182689
14893879
17130326
12996503
0
0
1801979
0
17941412
15306788
0
0
21527263
18915703
0
23387094
0
0
20489418
0
23322603
0
16443354
21734983
0
12492586
0
5865939
22736082
22087615
0
0
0
4809640
10529852
0
18893656
16062863
17947965
0
15120052
5359553
0
0
0
0
0
0
23764903
0
0
0
22523008
13736956
5382165
0
0
258
0
4859005
0
0
17350085
0
0
0
0
24090854
0
0
0
10333885
19768435
0
0
0
6173664
20879620
0
0
22324923
0
23275049
0
23517079
1256988
2096800
4080190
21719036
6452665
0
0
0
4142299
0
10440230
120761
0
0
0
24100494
23458645
6366121
23533832
0
0
10704171
0
20408631
11299323
358775
0
0
16684556
0
23008735
0
23418547
24039653
21200605
4399566
0
0
3139169
0
0
23857276
0
0
981
23948106
0
23102550
5084485
0
0
0
2711855
0
0
0
0
5472707
0
0
13948147
0
13328303
0
0
0
6484174
0
12205842
22973570
20559556
20282021
0
0
0
0
20850258
0
13911062
9621995
0
0
0
0
0
0
0
0
0
106
1047892
23288570
16684572
22741315
11627819
20397761
0
18135481
0
18110454
8623985
10196126
21929687
8719875
0
0
6137984
18728024
0
0
23406727
0
0
0
21904541
22939444
3514984
0
0
0
0
13712054
0
11899488
12019398
21042780
0
14915846
2993023
13005733
23985615
24118306
15085026
0
0
23174985
21070553
1363047
0
20628968
23893797
9480231
0
18773661
21671471
13540870
16070930
0
0
0
23820026
0
0
18543102
0
13551155
570
1387678
15140077
0
0
0
6690829
7020349
9899688
0
0
0
0
17079715
23794982
0
0
22521824
18303933
0
0
18096293
14975098
0
0
0
23984381
6693239
9291482
6673762
0
15374943
0
4912216
10728191
0
22828466
7381096
13019021
331673
23186773
22560534
0
0
8512448
5567553
13332942
0
23620860
20451257
16531585
23818181
23275377
0
20733011
0
18470523
5081824
22574129
15827644
0
15046432
0
0
0
7623102
23306449
24001426
0
23893599
4208615
20443285
0
10907955
0
0
8489037
0
7144427
14412093
5249969
23571456
310527
15368051
0
0
13395047
22777923
0
7443085
21363188
7664387
20035709
0
17287125
0
0
0
11799486
0
0
0
0
21605960
0
21594252
0
0
0
21566826
0
0
8041005
0
3491463
14759211
0
20541711
12122438
0
0
0
0
0
6054432
16534797
2329041
1632122
0
21664486
0
0
23568685
0
0
0
21635601
23280319
11482253
9161909
0
0
0
23184755
0
0
0
12143193
0
1231561
8615465
0
18667744
24227618
0
3025545
0
10687587
17774015
0
0
22994041
0
0
24166516
0
0
0
0
16291412
0
0
10562207
0
7193806
0
290354
0
0
0
24145204
0
0
0
22811857
23985396
0
0
0
13347877
24145258
0
12529064
0
0
0
23266680
19712634
0
8538460
7040439
23956725
24178971
20153490
0
0
0
0
0
0
2195096
24261577
0
0
16866709
0
21001617
0
2290317
11851332
14026113
14799883
0
0
0
0
0
23239030
8487505
0
3507599
22805732
0
0
0
23348756
5879305
0
0
0
19549869
0
0
4996895
0
0
5769255
0
19847572
17665274
18558213
1082622
15609510
3702718
4915956
0
13596996
23964511
0
0
12921258
0
0
1924542
24126682
23869169
0
9352
0
0
1448136
0
0
0
0
0
0
12205426
20615825
19550624
0
23963835
0
0
15128109
0
0
0
20716785
9512788
19017296
0
12158820
0
23637985
9333050
0
0
0
459276
0
667620
20175829
0
23867145
15085187
0
0
2781679
6504787
9695985
0
0
22853050
23329460
0
0
0
0
23177991
0
0
18378094
10701161
19026553
0
0
0
0
23847936
0
5664850
0
21155206
0
0
0
15802171
4223725
14729219
16083151
0
0
19478728
0
15554234
13118229
23736241
8094401
0
13573575
0
24238053
0
0
0
3456988
0
14605881
11799436
23256919
0
22668792
0
24120304
0
0
0
13448811
4428270
0
0
5037883
0
0
22082970
0
0
0
2271321
23831789
1383330
0
0
0
11256345
0
12706905
15190421
0
24172010
23418175
0
10615862
21195641
23203739
17290253
19082214
0
2275705
862039
0
0
15423346
0
0
20032524
0
0
0
12477289
22434641
0
0
4963885
21681088
22081389
18803218
0
0
0
0
0
0
0
23289717
4172781
15248711
0
0
0
2880950
0
0
24181273
0
17595325
0
0
0
0
24065865
0
0
18330891
20444849
7695466
1254552
0
14815201
0
0
0
5253692
0
15164424
15243535
0
19299572
11046681
19104060
0
0
13244555
9410288
0
0
21757209
22618045
12687370
0
13125437
0
661224
0
22673307
0
15764696
0
0
23550531
0
14569390
10622380
13249892
11586573
19725
23297419
24005123
0
0
0
0
681130
0
0
16438017
0
0
0
0
4702089
2725090
15909477
0
5869082
21590791
22366766
542431
0
0
10299831
18574229
6110812
23140615
23629200
17161910
0
13882689
0
5169391
15572291
15947941
9424147
0
0
11343765
12361083
0
23643133
0
0
0
22011137
0
0
18483169
7680939
0
0
185510
655560
0
0
0
17508112
12017555
12229052
0
0
0
6572033
21858713
23899165
17171270
10438654
5354485
16924391
1600890
2168172
20950725
0
1092236
0
2546639
17213326
0
8605774
0
5948687
0
24063174
23721756
0
0
21787275
21994156
0
23123642
23120370
12419134
11141209
17758940
23720021
6662717
0
9941964
0
0
13215976
0
672062
0
20278795
0
24185997
0
0
23237188
8534147
10572743
0
15621730
21481922
0
0
23218034
0
0
0
15673183
0
0
444933
789982
1374984
3799429
17912887
16201001
0
18752896
20469994
7696739
18741724
0
8323779
5877772
0
0
22747763
0
0
10497131
0
18109729
0
9325911
0
0
0
17858048
0
0
0
24177326
0
0
6858001
13772821
0
0
23228557
0
0
1491792
9598202
0
0
0
16382520
6930123
5883795
0
0
0
17472782
0
2055830
0
11971592
0
9338457
21923570
0
0
10208785
0
980
0
0
16213338
0
0
15790179
0
0
0
15580297
23625369
15206955
0
0
24275011
0
19844983
0
0
0
0
512612
98996
0
0
0
21501782
0
0
24371427
0
19506333
23302050
0
0
8653784
22355399
0
0
0
0
0
0
17134329
0
6727567
0
18284444
0
0
0
0
4864199
0
0
24186821
0
8974453
22126154
0
0
11364038
20997227
0
626277
20802799
9603978
6707506
0
17436960
24299034
2693709
0
22618020
0
23099512
0
0
9105477
0
21907897
0
0
0
11083296
23635678
136213
15920571
0
23508924
14877103
0
17678122
0
21549218
22558220
0
0
16761996
21576702
0
4435346
23162351
0
0
949172
19722680
0
0
4528715
4063509
0
1624217
17585507
0
0
0
22966342
7438579
0
0
23835234
0
0
0
18437106
0
0
24221464
23313134
0
0
0
8719405
0
12995593
0
23319515
7958039
0
0
0
0
0
0
0
0
0
12284154
7340309
693
0
7618453
143388
20805452
7315650
0
0
0
5126247
24105450
23835748
13391948
0
11244716
22032734
11313266
0
0
23140157
0
12540108
16749419
0
8699440
0
23306713
0
23171349
0
0
1359431
22254936
0
0
22395513
429989
9653927
0
23821303
4537967
0
0
0
2596017
0
13162963
14919585
0
22149361
23343378
0
20151848
0
20851292
6784496
4053581
215
0
12285838
24220733
0
0
7914288
20900904
0
0
7325848
9226184
0
0
24238983
22902868
18630929
5221203
0
13276250
3098752
0
0
15328601
0
7448105
1992369
0
8017480
0
0
0
0
0
6667935
0
0
19027800
0
2026118
19331538
11665959
18025078
2125184
0
0
22241067
18272760
0
5761423
0
0
0
20167835
0
65149
0
24066502
7799352
0
2420454
20866331
0
0
24106617
0
7125343
4945240
2607787
0
0
14929424
14194511
0
0
0
23113620
22362193
16004398
19872691
16705635
0
0
0
8033580
0
0
0
11945579
0
0
0
19536433
0
11115654
24084419
19038320
0
0
24340028
0
15877299
0
22657782
793
4812453
0
24223064
5504908
2378568
0
17055701
0
0
22936005
0
24263229
0
4211463
14678695
0
15245151
23693486
4359409
0
22291842
21749348
0
0
0
0
23624303
15706192
24435081
14990945
0
0
0
24407379
19587860
0
12597688
0
17600377
19121996
0
0
6916944
0
23146591
23794845
23192088
8415902
0
12100509
15927231
0
17836917
1032339
23946512
0
0
13845506
0
24004694
23224996
0
2358099
21459810
20928181
14579595
0
0
0
0
0
10218295
0
0
0
0
24311217
23579649
14974891
24303790
0
24152216
0
24240854
0
20099417
0
12314793
17698125
23732576
21586113
19441057
0
23605323
17417028
19146380
24254012
0
5364954
24144809
0
24069026
22597938
18428388
19827083
22581018
21555202
19331373
0
0
22222316
0
3044889
19143113
0
19146227
0
0
0
24460032
0
0
8031617
18313347
24438810
0
0
0
14732632
24501992
0
18502517
3661215
21067459
24413249
22298666
10196757
19403167
23471331
0
3797254
42315
0
0
0
0
0
0
0
0
0
24259195
0
19465378
1418194
17456337
0
0
0
10724379
0
0
0
3813974
1423472
0
22851294
0
2015264
3890267
20170676
24161837
0
0
0
0
9550498
0
24186680
24001225
6554191
0
18287751
0
10723744
0
19717103
0
23656961
0
0
0
0
23081081
21988225
0
0
24187803
22546356
0
8272459
24483043
6509842
20691022
24273965
0
0
0
1132862
22090381
5679850
21363523
0
0
24426679
0
0
0
0
0
6784886
3353416
24384028
7736913
0
7721763
0
24431129
13141764
0
0
21393060
23478316
23254325
5830285
24032261
10555756
0
0
0
0
0
13850436
15934883
19711713
0
15912313
9156243
0
12328644
0
24414697
0
0
650235
0
0
2026450
9941985
10236255
15450214
24260291
23414424
0
10694182
24306841
0
21044271
23485230
18492
0
6947826
0
7114359
0
24335859
20416689
0
0
23748408
0
0
0
0
8760446
7648468
0
0
22925652
24103919
0
21593002
3672324
0
24002092
23376671
0
11765277
0
0
0
21834534
13453828
22280643
0
0
0
24399968
23311810
0
7648593
0
23753235
0
9920363
23080671
12872729
0
15832282
0
0
0
0
20343730
1236320
0
2195994
0
10472605
0
0
0
20607470
0
0
771657
0
0
0
0
23254497
13261680
0
0
16237646
17514878
23062233
17039891
16995541
0
0
0
0
9461998
0
0
22790321
3352480
20246648
0
11108771
0
0
14288715
0
1042426
7007834
0
24248684
0
0
4806242
14875285
0
0
0
22244131
0
5148072
24366454
0
0
0
0
19567051
15409102
14320313
3183716
23720591
9761616
0
24509879
0
0
0
4283073
21432376
0
0
4992401
524255
11370082
0
8452422
0
12359138
0
0
24334905
0
15528928
0
20986437
0
8888370
20503519
9185331
2252381
7295363
0
24180055
0
0
20225464
21598029
22346907
3532098
0
23068984
8201
12226484
24067368
0
14153671
6618772
23939248
23600965
20517197
22275185
0
14953798
6373602
6309631
4861876
0
20865666
4447994
0
0
9951272
24068809
20636871
19473791
0
5845040
21568135
19087349
24420325
16210589
2816443
24492572
0
0
0
1900286
13141717
0
21108191
10910531
0
22881376
282171
0
0
151775
24068487
21816971
0
19335343
0
0
19928102
20699198
0
4207054
2055712
0
0
7877276
19778403
0
0
0
0
0
0
2380773
0
0
0
0
0
0
520746
20539983
701
8875298
18634664
0
496
1787615
0
20999391
0
0
17472244
118996
0
0
0
0
0
14486987
0
0
24086174
22551914
13281060
0
0
12931672
0
0
0
5121704
23276647
0
24135095
23627897
0
0
0
2384411
23655429
0
235440
0
0
0
19034578
21092666
21958104
2381867
17248037
0
0
17064190
20710664
22495190
0
465
20580983
0
0
22765567
23542905
0
21000252
22760917
0
0
21537593
19228328
24508827
24056143
13441558
9078629
0
883479
0
0
1289263
0
0
0
0
19136215
20321094
24095887
0
0
14916508
0
4110158
0
0
0
17335786
0
0
7170135
0
0
290559
0
0
0
0
16198741
22791281
0
3077070
0
0
0
0
0
10085121
0
322954
0
20575502
13394778
5564764
23622580
0
0
0
0
22461790
0
0
23909340
0
22378999
0
3716425
10363689
0
0
0
0
15722213
14942461
4388288
0
0
0
0
0
0
0
0
16912665
19850211
2976337
24301423
17308532
22366091
0
5216986
0
0
0
0
0
0
14182112
0
1128423
2728898
0
23903287
0
0
23297818
24472718
0
0
0
0
0
7954887
23852410
0
0
23100651
11165345
18356072
0
0
0
18244560
0
9653598
19478093
0
16841339
0
0
24342127
24165528
12952516
21981592
0
24519959
0
10552
4318247
15246636
7981549
7380120
11595954
23663137
24575856
4703994
16225710
4226125
14549107
15685001
0
0
15264889
14509843
22104876
0
19642985
5486753
0
24033986
23088316
4006755
24468113
2552720
0
18924438
228014
0
24542970
8091317
22526348
0
0
0
0
8751826
0
0
19057423
8755862
0
9590183
18576376
3460601
16655602
0
9327595
0
24435850
24462050
19472231
21363469
9525385
0
5630511
24650416
8905330
24016360
6839238
0
19854581
0
0
0
0
0
408348
0
0
12861298
0
5935577
0
0
23897421
1692136
14878222
21974384
22697253
0
0
0
20838785
0
7267821
0
0
0
0
0
12126758
18856808
0
19873308
8930863
16745039
13034603
11320322
24079097
15691378
0
23340413
0
0
0
0
0
0
0
0
24577629
0
0
12622129
21542089
3975176
0
0
16365601
0
21231910
0
1738605
0
0
0
0
0
0
0
0
0
13411038
0
23210614
0
16588935
14753985
0
12688663
16382394
0
0
0
16641802
19047511
0
0
14023795
20893841
0
5914356
0
20311279
13223185
22030875
9143381
16445288
20209909
6132868
0
0
22161479
23840002
23015228
0
0
0
14131693
7038083
0
0
0
6864257
10337006
0
20231575
0
23017351
6066936
0
20499110
0
0
0
0
0
0
0
22542334
0
21794258
0
8464981
14520392
0
23713102
11751686
0
0
0
0
19318898
24280235
3081784
1514282
0
0
0
0
0
10081455
0
467676
0
8901366
1646992
0
0
22261295
0
2369755
1373005
0
23676755
0
6085264
13830255
0
17834002
0
17726730
0
0
0
0
12934980
17344159
24485483
14122835
0
24628658
0
21929299
3346349
0
7456125
0
0
0
23245273
23395937
19675353
1683520
0
23479347
0
0
9983741
14169163
0
0
2925019
8154857
0
0
658667
0
2905870
0
22832354
16630945
0
0
12634692
24395394
0
23784984
0
0
0
24137315
18353471
0
1484781
7595939
0
0
23504773
0
24628914
24153674
0
20862943
0
0
22507731
0
0
18963190
0
0
0
851909
18692423
22686511
0
8773589
0
0
18263879
0
6181800
11431586
0
0
9102459
0
18526778
0
0
0
0
2822596
0
21803363
9888857
24569144
0
23436376
24419191
0
15516745
23550919
11491142
18873267
0
0
18404552
0
24518974
0
0
6222453
0
0
15964283
0
9742837
1301269
1217448
20036569
22721356
22577155
18230257
15687041
16898193
22833521
0
5419230
0
19248233
0
0
0
23712698
0
11132883
23642733
12930976
0
0
20807096
11988606
20061624
19996763
0
4307297
3797543
17424096
0
0
0
21132769
0
0
0
21543401
24437275
8292509
16386412
0
2829527
19038830
0
23700321
20113031
0
2867178
0
0
23074149
0
18031277
19815000
0
4829167
0
0
0
19975255
23859533
0
0
4955532
0
0
0
2787489
4220697
8829191
3723051
0
0
884934
9293706
14890681
14419753
0
23460966
17139517
13923721
9519297
0
6686733
19943024
8557870
8248370
0
18634664
24191607
24493803
0
5382542
16432576
11980268
15259627
4640128
0
7930385
24022348
21038962
0
3359114
5128697
22468553
6092012
0
11095683
0
19300152
0
24436015
23764241
22404951
952014
24439745
1242
0
18439153
0
0
0
0
19173091
21068414
0
9512
18032824
4060396
0
11825014
19034616
0
0
0
0
0
18872038
7786529
0
0
0
13952019
0
24627539
0
23541087
14050581
0
0
4716355
8678018
0
0
0
0
15288920
24027603
0
0
0
0
22788284
0
15918477
0
0
0
20472403
0
9961355
22725941
18493601
19435834
17698100
0
0
0
23991602
0
0
8263294
0
6535308
18445908
19214580
0
5822
0
0
0
649875
20995291
22370619
13161476
12540178
0
10853685
0
24667001
0
9089120
21860145
0
20496366
1782289
0
21343641
0
24642255
0
17100503
18446639
10140957
0
0
10035235
9152879
0
0
3659346
0
0
14269905
1452318
0
19672301
24118149
0
0
0
0
24672612
0
0
4117343
24675987
0
0
0
10252279
302519
22977357
19476612
0
22620810
0
0
9571940
20234922
15660757
0
13543166
0
0
17097253
0
20358446
0
0
21664186
13902559
23693582
20295652
24734168
6926665
0
0
18139299
0
0
0
0
0
0
10364247
0
21440608
0
0
13705125
18072962
13923675
22962587
10360784
0
0
9504369
0
3698393
21568048
16839120
0
0
22670305
22256963
0
0
22972098
20529158
23877578
0
19935175
23949949
0
0
0
0
0
0
21461541
0
0
0
0
24460463
0
0
24646450
24663395
24446570
0
7195195
1087242
0
0
0
1825319
0
0
0
0
24705047
0
0
0
0
812972
22917825
20980624
38463
12902849
14051202
0
0
0
0
0
0
0
21327697
13975133
22789775
2623350
0
0
24578466
0
3975060
23446050
20769758
22427275
0
0
0
8964539
24672666
0
0
24368568
2375163
1792106
0
0
9291937
0
22036771
24403872
18277629
5766883
0
9803836
24750963
0
0
0
20122303
0
0
0
13323831
0
22622743
0
24512169
0
24773667
22994825
17667750
24543202
6874026
0
0
14584480
0
0
24659627
0
24696060
6253156
0
22993408
23936119
0
17546418
18852013
24609819
0
6743254
18212575
13919057
946
12176624
0
8719
24633434
0
0
0
3448236
0
259355
0
24554146
238
24434811
0
18375326
0
0
12240148
0
21548399
24742186
4715288
6055443
0
0
22672493
0
0
0
16129563
5161594
21913185
2343387
0
0
23948522
0
19687276
0
0
10011463
0
23667094
4280505
0
2491513
0
18787141
0
4395839
0
13018149
21930858
0
0
23646082
0
0
21005347
0
0
0
0
0
21979918
0
0
0
0
11370640
445133
0
0
3194123
23139951
15186304
12358309
0
0
18481872
23790543
0
22746366
19032502
10374443
1477398
3636591
0
0
15883393
16101211
24507596
0
0
0
0
6233493
19507334
10558129
0
23445874
24872830
22352765
19673970
0
9417618
22008035
5656874
0
0
0
20250501
0
23975283
0
9037109
11422424
23760348
21913552
2108152
17541723
0
24756977
0
0
0
0
9962612
23948824
0
0
0
0
146127
0
2030838
0
20740930
5707145
20256612
0
16683039
0
0
0
24669200
0
2426786
9780759
0
5571992
0
0
0
0
19409437
8691803
0
0
0
11042837
3963334
16587444
23879292
0
0
1792517
0
14563027
0
0
0
6058040
0
24651977
0
22411222
23229325
0
0
18283724
12479380
0
0
0
6619488
19435714
0
0
0
8636227
0
0
1201868
0
0
21310252
24682303
13468774
0
20983561
22219042
0
24344536
0
0
0
6302227
15139150
23015682
17713671
0
15635861
4343252
6556827
0
24158828
15566045
22608180
11929299
0
0
19239235
0
0
22828858
11523310
24808156
24776558
0
0
0
7376776
24688292
16792819
0
0
16251303
24706666
0
19397272
0
0
0
0
0
0
0
0
6183603
0
24731664
20246208
13817020
24640183
83191
12588110
0
19761436
0
0
10786150
0
17009313
0
0
0
0
11608816
0
0
0
0
13473773
21112425
22637841
19572819
11528167
0
7267625
0
24523238
6371379
0
17159506
0
20300888
0
21886832
0
7474848
0
0
16836507
7294010
8578587
0
17399820
3761494
16021311
22852501
17921524
7676864
0
10152655
14606365
3312638
0
16827317
0
0
0
0
18064115
1478706
22739406
24554911
23726377
23731627
0
12937555
0
0
15999136
22699553
0
0
22015026
0
21330143
0
0
9462184
24878035
11108351
3134676
23655086
0
21355011
0
0
18514513
0
0
11772777
24517203
9188842
0
21016454
54796
12795201
0
0
0
3142275
22702754
0
23795333
14422800
0
24869038
9191308
0
0
0
22532506
0
5958595
20767697
17354609
19956294
10929896
0
24628406
0
0
0
0
21974971
0
9039339
24716809
11967861
625
0
0
0
0
875706
0
15044973
10384814
21923209
0
22838263
14974175
17969465
19780960
0
8220608
0
0
24404753
24407316
0
0
0
0
19106827
0
0
0
0
22871340
0
0
11097853
16643171
0
0
5450851
0
0
0
0
0
264252
0
0
0
0
0
0
0
17201232
0
0
0
13192631
7304915
17834378
19839164
0
0
16642990
835372
0
24261610
0
0
0
0
0
0
0
0
0
4139009
0
0
0
0
0
24471797
13397591
0
0
0
7744585
18025333
0
2208327
0
0
0
14771720
0
13643570
0
0
23877917
23303310
15479264
8831111
0
0
21399620
21305934
0
0
0
0
19373077
0
334
0
23597810
0
0
24825425
0
0
22014496
0
13013429
0
0
17436662
0
0
24496254
13840553
0
0
0
16432077
20329700
0
24356471
0
0
9725722
11416670
0
16294574
0
0
0
0
23936084
0
8380906
0
0
0
20604381
23624188
21683722
0
0
3454167
0
23251290
0
24192247
22841754
0
23739547
0
20993157
0
0
24356082
12482778
0
24632825
1302837
0
0
14635922
22485951
0
0
969
24123339
21165094
9253754
23692733
10092458
0
12718810
12782519
10720337
53270
21682260
20447092
0
0
6952644
21517907
11011015
0
0
7114623
23409767
0
23870895
4158568
19876541
0
24679709
22982516
24552530
0
0
24286261
19160865
0
0
0
0
3429162
0
0
0
23804592
10941524
0
0
10106840
0
2322277
24729925
15517498
0
0
23391017
299473
0
0
0
6517973
0
0
0
24837243
24242095
0
0
18066009
9480637
0
24449446
22218397
0
8960573
1131512
0
0
0
21473382
24136419
22822635
0
0
0
24604897
6198744
0
0
0
18875488
22507502
4540913
454518
0
23194164
0
0
0
22950978
0
0
0
12302507
15063792
22870536
13718751
4883270
4096086
0
0
0
23599113
0
15324757
0
17405176
0
23727531
0
0
22965574
0
0
24978474
24976500
0
0
0
2317445
0
20737057
0
0
217746
19482101
14037656
19630258
0
24003171
5955479
24746
19313956
22968412
0
24095217
0
17834724
0
22014566
19671987
20469444
18924058
22850207
0
15206346
13826501
21361140
0
10539517
0
7118021
11342712
7198366
6521779
988407
926
0
3697874
19969140
0
9058277
24102016
0
0
20758190
23337735
0
23924035
0
24251111
23864164
0
15862908
0
11497820
0
0
1702591
23554966
19663622
0
0
8893597
23295507
0
24432703
0
0
0
0
0
17835905
22960674
16618279
0
674967
8765443
0
20340038
99121
15975722
18868589
1454270
9592108
24294494
0
20200222
0
0
0
21115787
0
0
0
0
0
8235964
0
3693299
0
0
0
0
0
0
25074338
24464292
13807086
0
0
0
15443025
0
0
11010897
0
23369728
0
14826074
20629566
0
0
24338197
0
21218061
23872612
0
7471976
0
0
0
12746090
23948536
10121768
22218590
16204878
7395328
0
16444824
24859503
0
24666264
0
23458451
0
0
23538626
0
0
24406970
21890302
21751425
9936082
24627381
11246356
3736928
22726298
3648266
24460353
0
9590422
17597080
24302026
24461723
0
12748252
0
0
12412476
0
0
21516643
14567995
0
0
21490731
23072256
0
1149384
0
23767132
23850781
21958839
0
5116
22652585
16222890
10866485
0
14854513
23670971
0
0
8156776
10754480
17931200
16532669
0
0
13817694
4838203
10556625
1187392
0
22719104
0
18643572
237115
13171660
11497677
0
19511095
0
25053582
0
0
16559978
0
0
17719306
14108927
18018957
6235804
7542237
5334668
21243160
2677725
0
0
0
15838111
4557777
25091222
24067206
0
0
0
18595728
0
0
9286270
22302233
2947666
24513986
0
0
21329762
15470871
0
11785993
0
0
0
23074440
23930269
24796360
0
23277396
25048520
0
8714896
0
23722769
1368099
17166063
0
19967291
23333619
0
13528029
0
0
24480865
0
0
0
0
21359761
0
0
0
0
0
123681
0
0
22048512
8567643
9059079
0
15874219
0
19629406
8360126
0
23736962
0
0
0
23847293
24431489
21479529
0
8645115
0
0
0
0
0
