0
907
698
84
260
758
15
319
363
0
0
218
767
666
610
703
0
0
0
0
812
325
885
0
0
742
0
930
501
917
173
9652
55
697
0
503
287
8598
955
0
956
2916
0
0
8541
0
629
0
695
308
0
739
0
851
446
0
5454
0
0
0
0
0
0
1000
539
12439
0
555
0
400
324
11787
0
0
194
858
0
0
4140
164
1453
3
0
0
0
0
0
0
581
0
0
0
532
0
183
10956
681
0
980
0
526
405
0
0
0
155
306
0
0
0
824
0
260
141
0
320
126
0
0
0
0
313
0
11129
0
317
746
652
314
0
0
959
12406
0
929
15291
0
0
0
0
0
6606
176
0
0
0
0
0
0
0
12850
0
464
0
494
0
0
524
0
32884
0
776
0
0
12838
0
0
0
0
0
0
35419
2772
372
32
134
674
720
0
570
197
28843
941
10942
0
0
891
0
0
817
0
692
0
0
601
0
0
7743
0
11715
62
0
0
0
308
0
0
0
0
2836
965
709
1678
0
32823
0
0
7058
0
0
0
0
645
0
248
419
43571
129
0
43595
247
0
3643
0
10618
0
11340
3955
0
466
0
611
46817
0
0
348
856
40
0
0
0
0
30787
0
0
54961
517
313
53571
58
0
0
0
0
613
0
8388
730
0
899
0
919
42701
31805
0
0
0
0
50
752
0
0
295
39106
0
510
18057
0
0
0
56922
0
902
9415
0
806
26827
24874
0
0
46622
0
211
0
0
39061
0
968
986
3610
544
466
0
0
158
0
0
161
233
59140
0
0
0
441
954
18400
8766
956
323
57433
0
279
24176
39102
0
11007
811
0
54761
631
0
63790
389
59607
55887
44834
0
0
0
321
0
650
783
62
621
60081
0
0
0
0
0
38972
0
11
0
0
0
0
786
0
0
64512
303
0
471
3290
0
14562
30454
709
18
757
79839
0
15186
0
50885
0
24130
62493
0
59605
54519
929
63364
0
79310
8998
0
68754
859
0
0
199
0
698
86308
933
0
119
0
72512
51496
0
855
57871
335
0
0
0
0
0
0
61761
158
0
667
0
0
543
516
783
91365
0
0
0
269
93566
0
37799
0
0
95680
0
19322
40418
84
574
0
5344
0
0
8217
71099
7876
5124
887
963
609
0
28444
0
50728
553
0
9545
0
0
0
0
16463
58129
0
0
0
858
0
0
562
0
70338
454
382
0
0
0
0
6500
0
0
0
31601
49706
96406
306
0
314
864
301
0
0
0
0
213
159
0
0
77242
393
0
0
0
793
0
0
454
498
0
417
429
65214
25431
55560
0
23213
0
0
0
0
416
0
0
85
0
842
31693
10495
129
0
67651
0
83827
0
0
0
0
0
0
0
0
15611
0
0
765
0
0
0
0
0
41093
0
0
487
0
117
0
51223
17435
115012
0
479
0
988
0
0
71015
0
0
0
0
32921
63413
0
0
0
109769
0
45396
0
0
16
213
0
45707
881
0
765
0
0
0
0
0
864
15708
130
90038
0
216
228
0
0
138
135356
735
0
0
749
949
0
0
86876
110290
41207
389
359
63700
0
0
71981
0
81008
0
86939
788
0
0
908
803
0
29504
33256
24776
17960
0
347
0
488
162
626
0
0
5171
270
0
367
191
999
999
126044
151
0
0
0
16
819
39886
139206
84827
548
34439
0
77671
224
0
0
15151
45158
992
0
263
0
0
0
0
79626
0
435
0
0
817
0
15863
33202
0
0
0
0
272
956
38498
552
0
122161
314
6866
29
9553
709
601
131806
599
0
0
0
707
113411
0
0
33452
0
0
153313
0
0
568
0
34745
19005
0
96846
151046
14275
0
815
20725
806
0
0
0
0
0
0
0
80295
0
66
0
0
0
0
615
0
34
0
0
211
0
0
45325
99855
0
156853
0
35132
65397
0
0
0
21647
793
933
0
200
390
457
0
0
67
0
21
292
0
0
115832
94
0
743
84
0
0
0
0
621
0
301
80
608
122227
33143
0
0
0
0
0
0
0
0
20432
0
133651
0
0
0
208
882
254
253
24222
0
0
696
125
0
138990
0
280
0
206
0
6355
275
0
142642
0
0
184404
63588
0
141775
707
99548
616
0
0
0
0
0
0
929
0
0
757
0
265
0
0
13597
143539
70771
0
0
0
174659
0
0
0
0
0
92231
0
0
104076
0
373
0
0
116299
0
0
0
0
644
0
0
95496
0
826
0
50675
9127
0
0
0
0
0
28801
0
0
200216
0
574
0
0
0
496
0
0
0
47
173262
108235
0
708
0
0
0
523
0
0
116450
696
0
0
0
3465
136001
0
34365
0
59017
0
89500
212122
0
0
140612
0
806
200908
565
0
108
359
702
66825
117502
0
119676
614
10986
0
162303
395
0
169391
0
0
0
732
9355
211956
0
0
591
0
0
71469
49526
10199
0
0
0
0
149988
0
455
202335
45
0
63502
0
0
0
0
0
168552
33021
0
0
377
128728
0
169041
133814
0
37107
0
614
0
185825
0
0
26690
0
81618
0
98412
0
0
0
83756
0
0
137881
0
513
167
0
0
110412
168
127690
196
19656
290
138
233352
15076
0
116288
198058
0
33798
200431
0
143605
0
78
1124
386
0
53491
220190
20366
0
0
0
403
0
0
170
26113
394
180868
0
550
183244
178532
0
0
335
0
0
146
0
751
238751
98179
0
175927
0
61
0
93695
0
0
99866
0
159402
77089
0
248381
0
0
143337
94009
0
468
97
0
0
521
0
0
0
144276
53999
202731
732
252841
44043
0
214133
50856
92
844
0
695
0
0
182225
0
120019
102519
0
339
195323
147242
103491
0
0
243007
0
0
0
0
0
839
933
33691
0
0
193010
0
0
86900
0
252778
120097
88500
0
0
0
97158
0
0
221898
0
190366
58148
0
711
167700
0
0
224046
0
53431
188723
147969
239959
0
57905
276
0
291
0
0
0
0
302
0
791
81950
81887
53
0
261748
0
0
0
0
0
40711
0
274076
0
0
0
0
0
6487
0
852
0
0
0
693
32
150773
0
0
0
85
0
0
0
189275
275441
0
2
593
97034
575
1301
0
0
140808
149260
95315
814
0
0
14
439
182290
0
0
0
0
0
0
306
0
234
0
0
21266
0
794
158729
273597
302
0
631
242916
258846
723
123981
0
0
155
353
348
240300
0
0
518
0
0
859
545
86230
0
49283
215991
195672
0
290664
0
0
560
0
0
0
0
0
0
98765
279
0
0
217973
0
234
0
0
0
0
42327
239373
259552
390
85145
211684
264
0
0
0
0
230063
278700
491
986
106279
0
0
43114
489
0
33669
0
147852
0
0
451
0
312139
0
80
117209
954
0
321
263
54217
176689
0
245260
287959
157298
0
76036
213
0
0
0
262117
0
43413
0
173843
815
206224
305
0
0
148430
0
0
0
0
109490
0
308037
0
0
0
0
0
0
0
894
316299
0
324324
147384
0
0
0
63754
0
186497
0
0
783
0
0
0
104844
112120
969
0
587
193824
0
0
0
168174
233814
159046
310825
0
0
942
0
0
388
162981
36002
0
0
300946
0
0
0
167963
0
6305
0
0
0
0
147321
300059
89062
0
16988
525
0
0
0
306487
0
473
0
0
0
0
0
174356
81
17
0
0
0
329479
0
324444
0
309766
272210
0
727
777
0
0
0
588
0
0
585
0
0
0
0
0
0
207506
0
0
0
82070
0
0
0
0
0
0
272875
0
0
0
0
105
12510
0
3054
146
0
0
292406
0
294864
0
684
444
634
183698
310558
0
0
434
0
0
0
200888
55
73
68572
353544
326502
0
0
0
243641
0
0
0
0
55865
12412
263
291308
366638
0
0
276343
249053
327600
118637
0
0
589
0
32519
0
591
139163
99686
312093
17535
0
310173
330629
0
357314
0
0
0
355240
734
378590
93195
275645
0
4759
0
0
338
0
771
0
34074
0
0
230387
0
254
372312
772
255378
0
350461
324322
0
76327
199054
195421
356425
21403
0
0
213
0
0
228367
62935
883
76840
0
702
0
0
0
0
359436
0
104327
287611
0
302
85508
0
0
0
0
0
314029
292656
0
674
0
0
0
382581
0
269
699
0
0
300814
996
172027
0
0
367
0
0
0
0
213377
0
327908
0
0
252828
21690
0
0
119673
0
0
358668
229845
199
36271
0
0
0
0
0
0
268743
385
348358
49125
0
0
16624
201980
219314
0
262967
0
0
143841
0
0
0
0
238500
160495
895
541
374593
254882
0
0
230835
0
0
288383
710
0
0
698
0
0
0
0
319297
442
327651
0
0
0
34851
82350
0
138
0
0
0
0
156098
112957
0
314434
158524
275892
0
219268
16286
0
41349
379875
331826
0
375601
0
268759
608
0
103610
0
0
227211
272121
249
278074
252391
337937
202748
0
0
0
0
0
222964
769
0
0
41370
0
0
0
0
0
0
154
0
0
312861
123998
342646
117914
0
67767
45
347759
0
317320
0
201303
313305
0
0
259
87740
0
204909
477
0
0
296838
374463
0
0
0
371624
689
409705
37880
141648
364672
0
264005
0
0
136637
818
0
358500
0
59559
184362
0
0
0
0
0
201334
0
150
374330
129598
899
278
0
416112
142931
0
0
0
135705
868
153741
388402
212509
819
354037
380797
0
0
0
0
105067
398315
374316
204659
88398
0
406998
873
7456
0
0
0
0
22767
477
0
189209
0
250216
0
99565
427892
700
0
0
0
39559
399154
0
0
0
0
0
99520
149884
0
0
0
742
0
0
84862
417268
187878
383926
307034
331287
136252
0
0
147931
192249
152
0
0
680
98
0
0
219052
0
154103
0
168525
386
0
381125
396
248489
0
0
353
101
294742
146533
289735
0
20779
453330
205242
0
0
0
403098
147428
0
326719
133850
0
0
206752
0
0
130634
0
236
429897
0
448026
212829
0
22576
0
0
0
0
0
0
0
0
138206
148646
0
0
292661
262883
0
0
0
542
112489
0
438517
887
0
314308
0
67679
0
48216
0
0
0
458798
437962
0
0
0
735
0
0
113963
24814
0
0
0
159
431
41702
0
337871
139009
0
0
0
0
544
39889
0
0
0
99151
0
0
0
318769
0
68207
0
471885
0
0
398
0
273328
0
0
30661
474562
255408
89034
425447
464674
0
411813
325859
13993
347460
0
15143
0
0
0
469872
0
223864
0
0
9979
465000
0
0
0
0
33149
174692
484388
0
0
0
444387
160423
0
381
393121
465693
0
0
0
267276
0
0
38
954
0
0
0
449664
189
0
101882
0
29226
0
347150
0
65287
272985
0
0
127
91235
0
0
0
261232
286233
59690
0
0
0
471204
0
225870
0
117
426467
0
476596
315751
205523
0
8618
0
14
0
48
272755
271992
0
57264
503447
0
0
0
737
0
845
0
0
0
0
0
631
0
454579
0
0
0
0
0
454
277791
698
0
0
0
832
332861
0
0
0
0
759
0
770
0
137076
0
0
0
396702
0
0
0
0
0
0
0
0
875
0
99369
0
602
0
114538
0
365424
57668
861
0
0
0
0
267148
142164
0
0
0
0
439906
0
448069
227239
0
0
0
492692
1494
226874
257529
298681
0
80285
790
754
466217
506805
0
0
263644
480314
0
318100
227507
0
328606
0
0
105833
0
0
509531
0
168780
299444
0
0
440602
0
0
477405
0
119825
439639
0
0
9912
0
500
0
0
0
152330
0
294
338634
0
0
513447
514581
0
976
0
0
913
0
589
0
0
326100
362213
0
137578
495220
0
658
439963
216393
262
490600
498727
163913
0
0
457092
0
0
502545
441699
0
0
136690
375022
0
396005
498843
330874
347735
22912
539166
0
0
355
15479
0
0
0
364931
721
0
495551
449460
410312
0
0
0
461466
353541
0
204
0
502058
184643
63776
117026
0
545
0
537979
309362
159993
10060
465601
108405
0
0
0
0
386
0
0
0
0
108841
0
3063
9095
0
533984
305053
498867
385180
0
46532
0
561539
265478
0
375421
347
581
273356
0
0
984
565616
0
0
0
0
0
0
572344
49528
0
0
508391
0
0
0
0
0
384072
0
520375
0
168
354914
440999
515411
314627
243932
0
0
0
0
0
100
801
564
520862
0
0
396443
0
28277
0
0
0
74583
406384
490221
0
0
0
289127
528223
509102
0
0
555581
0
239001
0
443314
0
370
0
0
313804
0
0
0
551235
0
488160
0
173633
0
411715
0
0
0
564307
0
0
543489
0
329933
191444
0
559596
0
0
215132
0
395003
248759
576962
0
548901
0
527824
552480
62322
54497
0
0
0
0
0
124658
519288
0
490263
0
277661
409032
0
541777
0
0
542
227
425947
0
100
0
143
601230
0
0
507928
0
514888
515051
0
0
57897
298218
220045
606997
0
0
0
0
403524
0
0
92558
158
0
203836
390852
37
428315
391
0
0
0
660
0
534
0
0
343165
0
602923
0
0
334
0
0
0
636
25
594172
0
436602
0
0
334427
0
66721
0
71961
0
17762
0
506163
0
0
0
574859
103431
488700
0
0
76347
312460
0
122140
435
0
0
0
446138
0
0
0
0
49237
268117
0
527580
858
374508
240197
322292
0
0
84451
100509
0
208373
0
0
316345
618
60983
445203
611561
315062
0
562
83552
439969
0
0
986
590245
0
600
0
579696
85294
257152
0
204185
0
0
363160
0
577820
539067
0
0
239685
0
637927
245942
0
0
581642
0
636310
544218
0
255079
0
0
295810
541303
413655
284290
373646
486569
0
369794
0
0
29565
0
615
184405
514926
215
0
0
0
0
0
969
518639
0
398382
0
383523
0
0
492
226148
193
86416
0
0
0
0
443400
155036
0
220870
238550
0
158871
332581
0
260670
378486
999
322923
122
0
19
0
0
0
0
633996
0
538
499672
290
0
649
0
0
11473
0
0
845
594463
0
555505
0
313478
366193
0
0
0
0
410180
0
0
616443
0
497
0
0
194
113304
0
0
0
0
0
234
128772
145876
0
527748
0
0
314328
106592
0
0
294
26689
433325
0
0
430
0
648117
0
0
363895
631314
488
659571
0
0
637717
0
506384
174665
482003
572296
0
0
0
0
0
0
0
0
320830
237
0
0
529
0
0
591782
678267
582
0
0
370
0
0
482
187141
0
331053
0
155
371903
390624
443824
0
113243
0
0
591650
0
203850
0
229313
355836
0
428225
0
0
443537
0
68399
0
0
0
255956
333844
411261
500516
225190
0
0
0
0
0
0
0
18
323879
0
0
545254
664892
694616
907
130
403330
0
323483
212669
107321
347656
271404
0
372
0
644321
0
0
0
638661
0
256818
549879
369186
598763
368156
0
483984
691042
562950
235
0
0
0
605067
633616
0
630664
0
585228
465413
602037
580664
0
0
611
517
301270
418895
0
736
0
0
328
0
0
880
0
0
585983
0
680950
614141
0
0
486373
620136
0
0
128
677091
0
0
0
0
0
0
854
0
644
0
0
56567
0
0
0
385818
0
0
550946
160562
195303
0
437193
579939
0
0
680817
113212
0
0
504625
618794
155375
0
107218
0
0
294807
668196
0
120
588
518408
0
0
0
725540
0
586349
0
0
0
419487
229
205101
352
399223
0
0
288120
94340
0
381782
0
128479
0
678427
404108
23775
111
0
0
0
0
181
0
706097
0
0
255846
671021
637758
0
0
21006
420313
558342
0
0
0
543890
0
0
0
636058
188713
318636
0
0
0
0
0
0
0
0
0
990
0
0
602058
0
0
701538
0
0
575
585364
315281
0
0
147289
0
699479
641738
0
0
553587
747008
0
200475
708054
0
0
0
592726
0
0
362347
0
0
435981
623998
0
469240
0
69691
639
0
552
387366
210079
362809
0
0
113267
0
711228
18118
0
0
228700
0
0
0
597331
0
0
419785
517656
0
0
48
0
369567
0
0
0
0
0
0
152656
71
690601
604735
0
0
673360
0
0
0
0
38337
635154
356535
0
0
0
132707
335768
450771
137
274905
0
0
0
0
0
0
0
140399
197935
70947
337859
0
394125
0
0
0
125644
91
85516
0
324679
0
369033
0
0
0
0
616397
401
0
0
0
0
0
0
121491
0
465438
0
403370
151362
0
0
0
0
0
419543
17749
83462
0
0
0
0
0
953
0
418072
823
59145
776950
0
365306
0
925
0
0
0
200129
0
591214
163202
804
0
488036
347827
0
0
0
0
328792
0
304401
0
0
0
311
300705
595795
0
0
722482
0
396
0
0
0
300448
496409
528367
721599
502172
0
364030
198
0
0
0
430342
690390
0
0
359598
170751
83680
226816
0
457366
0
0
61778
0
0
672680
444
0
970
180139
0
0
0
601499
750645
626648
764017
0
0
655
755021
380
795337
200960
0
699096
0
0
0
473533
629502
0
0
209862
0
0
20
0
478914
0
983
0
0
772
0
225379
591569
0
542375
0
275602
0
22733
0
359
262695
726
0
469799
397896
0
442566
811414
0
0
415316
0
616569
0
14674
0
169686
208829
0
694471
572333
0
686939
1
0
0
0
0
0
760459
0
0
0
531
0
0
0
166245
0
0
696070
0
275355
0
0
27577
686382
766554
0
64358
631349
0
0
0
0
663959
0
0
0
323812
0
648951
0
42253
0
0
742240
93154
205632
0
498
300845
527021
0
0
0
0
0
155068
0
0
520531
827475
0
319
550449
683799
659026
0
0
45892
0
826635
433236
365741
0
697070
96538
0
469024
816118
172
0
357305
339488
688840
0
444748
396565
0
768683
809745
0
0
0
41648
0
0
0
0
0
334265
615979
220108
773112
0
368673
0
379932
0
0
373
711894
0
0
767707
484
138
938
0
0
741658
0
0
0
612372
457
0
409
489061
0
0
795142
194989
417607
803423
818560
315
0
0
458907
229459
681
0
941
458914
0
0
14
649324
183305
0
155295
191428
646582
0
0
504313
0
0
0
0
793413
625555
799453
0
698937
0
696793
0
160051
245753
0
558983
0
0
0
0
0
0
207755
453630
854
602022
390692
209
790729
719
0
0
0
596941
0
504595
0
791
139
147690
566245
791868
559525
0
0
0
0
0
820
0
475980
528500
0
0
11
1
0
0
385365
37926
647624
0
0
0
203795
254364
0
846819
0
504644
361051
0
118328
448155
477783
0
111113
655405
0
425271
0
0
420144
0
244860
545419
0
692788
0
880404
46719
386
0
0
0
858
0
0
784
597
0
71344
0
0
844746
0
0
0
0
119
871182
235340
0
0
726605
0
0
0
695144
798
0
0
522
27206
0
0
46650
0
666335
0
0
267001
239794
0
0
768977
450554
814436
508569
0
468660
239876
0
748646
233341
110586
106231
0
716159
0
664054
706760
0
0
115
0
836
444452
635395
560529
341
640031
0
447212
336917
647906
445788
800883
658
0
0
0
0
257241
0
0
197853
0
0
490267
495251
0
0
414326
878628
0
0
689457
0
0
749696
0
0
171485
333152
0
614209
0
0
0
239101
724490
15250
195
389722
849559
0
0
0
454396
881316
0
418580
860494
888720
806505
68352
901638
0
0
424
671947
900942
718187
736144
0
0
868261
0
0
401920
724359
0
633616
287423
0
0
419
231458
0
630769
762418
703
288354
0
0
709553
867559
316
120055
760316
251335
1813
0
117
35
692003
783459
915060
0
0
0
0
0
107
0
640738
274007
975
892248
0
0
0
194563
622
747969
466115
896599
490221
0
0
0
555238
476776
859632
901236
0
0
525655
0
0
0
0
0
0
0
0
0
342445
0
0
0
0
0
0
0
0
0
0
0
404171
0
0
7369
0
0
0
819232
0
85
436526
0
661331
186772
759820
535750
489773
936247
705282
710075
852651
787245
751683
502873
617295
0
524
286
0
723
0
508176
698433
0
407454
0
0
46736
574717
0
932977
0
398844
0
0
616536
0
387288
828359
0
0
913542
0
591327
114363
0
0
0
78
0
0
119872
0
207680
459743
867755
770927
368478
0
0
420003
0
0
0
628733
105855
490710
273654
0
518935
0
0
0
510508
0
0
554
0
906
0
0
220612
873099
0
0
591821
0
650864
0
796
151048
775936
0
640744
776231
652
0
506158
840517
216069
0
0
0
0
0
0
0
0
9825
400002
13618
0
620295
0
737002
0
0
0
451673
959
0
0
292
0
0
0
0
771036
0
289036
62363
102695
0
804203
75528
243349
240657
0
797469
802734
0
399359
152688
409619
287
0
0
0
843748
817069
653015
0
0
629412
685
0
0
763835
791960
0
0
0
0
0
42433
421127
421278
555450
0
0
253
0
0
572
0
0
0
737775
0
355627
0
0
250461
595298
262906
0
715808
0
0
231878
693
0
730
0
293316
0
0
858155
0
383532
0
626917
925234
0
0
0
0
0
0
639673
0
0
951361
0
0
0
856233
847204
494474
0
202979
925550
926571
425
44695
0
160130
406
0
0
0
938
0
0
0
0
0
977317
158399
0
929504
0
0
0
0
0
459584
650642
0
799224
41984
224109
0
0
0
28295
0
229027
203724
0
172039
0
0
0
0
302989
947805
741480
0
744606
121327
0
0
0
39691
0
0
665777
0
0
0
345800
498742
678043
0
0
0
0
84739
0
84643
0
611996
0
0
0
710129
0
0
141789
219924
0
572417
0
17806
502513
0
0
224854
28597
940195
324257
374004
0
838578
333563
901108
0
0
881978
112471
1022105
0
637512
731663
0
506785
996
106234
588612
428042
0
0
0
644713
0
0
430457
0
0
0
0
65713
0
160892
995652
0
455311
845031
0
0
0
155096
312713
1022106
0
0
84587
0
511942
885575
0
765
0
0
0
525
0
365533
0
882280
0
915039
0
660840
20134
0
0
0
276737
0
534
0
0
0
142047
0
252951
737
285598
764971
1027373
0
35342
557017
0
553235
326526
0
962890
542
675175
706339
383083
0
0
475061
0
623369
0
930
207989
0
0
0
0
1008433
0
0
0
0
681249
433255
0
1010674
595729
26199
139060
517463
942573
0
0
0
844
253390
0
432673
0
380718
461
0
0
0
0
0
0
2264
824331
0
0
0
1038386
0
0
999190
0
0
0
188875
0
0
645359
0
106337
0
596545
875
0
0
335472
622802
0
0
513056
429661
107
0
104265
0
1007628
0
0
733870
29287
126172
0
0
0
236171
413770
550684
403996
0
106061
0
963603
641079
0
881
717
0
598672
0
987671
749542
13759
0
0
0
305326
0
991219
721492
680510
552426
603827
0
770082
64066
205428
778773
2094
394875
0
635003
0
0
512648
0
240946
1033179
164805
683137
0
495215
0
0
0
0
203113
0
33001
675452
889734
962329
0
593384
0
0
0
300432
812694
0
599093
0
0
0
0
0
248207
0
0
720591
572
648727
198
0
0
0
335035
1082750
0
510464
1052904
0
0
498399
0
1036578
0
0
1033171
0
1061613
726
0
403392
0
262325
0
0
0
0
963972
0
674
234866
0
1045835
0
0
833
309045
0
776551
100
0
0
602
755589
0
284
0
461213
1066578
0
844391
238909
35842
477
0
995
138
615977
1074698
0
972755
94058
131
0
0
0
0
0
270198
511552
940
904269
749
805137
0
0
0
0
0
249859
0
1069010
843808
984087
784282
0
396584
0
0
0
1070054
0
0
900125
1064665
787590
0
0
1056498
0
1068901
1094552
759379
1024335
557
0
992487
201958
0
422216
154142
687386
83621
0
295375
120
0
935721
0
0
387407
1016157
0
143788
0
0
0
593695
753719
237605
0
276652
32913
843733
812044
972958
1042493
0
0
953717
0
0
1124619
0
0
912747
0
0
728
0
0
0
0
438015
0
98015
858162
0
675057
784321
0
0
0
0
0
514257
0
682848
844402
0
313383
0
0
0
0
540
720253
1048189
802791
0
0
0
0
0
394676
900086
1027247
0
607095
974791
0
0
953074
0
0
342434
0
0
0
0
848536
897094
555794
0
0
1009494
0
0
0
61867
0
123167
44621
365118
0
71743
0
0
1072077
0
0
77625
0
0
1096261
0
0
0
997501
429876
877
0
0
0
0
0
0
0
0
623553
0
0
845617
329495
69665
0
175865
0
1095854
602960
243225
1125389
100282
0
0
0
959173
0
0
685079
1143829
0
841392
847521
0
351979
0
0
126171
0
212
0
1103835
62750
0
0
21861
965196
0
0
0
979782
561411
20
1104405
682
0
0
969599
0
0
0
870080
716
487699
0
1042931
53385
0
868363
0
1153957
0
158846
577696
883745
0
949
0
0
0
0
0
818955
0
764468
335
902276
0
1092289
0
490397
0
352347
0
0
386
0
41769
0
712469
633
0
0
0
0
0
0
348891
0
1031055
1139812
0
0
0
1050626
1060270
0
925253
239793
607458
1051575
0
121124
615464
663841
0
741873
45366
0
494711
986210
380457
0
371561
0
148629
1101171
0
302581
0
552780
0
734741
157139
996566
362696
0
0
562854
397687
0
904909
0
158539
21
57430
100731
0
111903
640924
126098
0
0
489576
0
589622
414
878396
313254
0
995532
0
1063145
241565
0
371189
0
724964
0
0
31694
0
0
112920
0
0
0
0
37695
1170365
1005755
752432
922584
0
773
73870
1004737
0
757464
0
980
415474
0
931678
0
366525
0
0
857761
780168
723880
0
0
0
131
0
487546
469571
617839
0
0
0
542637
827
1190591
1088022
0
0
0
0
1159820
1154832
831872
0
0
445582
82764
1162115
157946
400365
797884
0
946652
97515
0
761268
569812
722878
0
520
1170371
783810
0
577744
0
0
1079343
152060
0
3197
105
137935
0
0
0
0
0
0
552282
0
864267
0
0
584212
994
0
0
0
0
0
835786
1022141
849
0
0
1136771
0
0
0
0
363
433433
0
0
0
1055276
702346
0
0
0
0
421178
308147
570392
0
637161
0
0
0
0
0
1128502
350451
1125822
0
0
1055552
880254
0
859236
0
0
0
831938
1114760
349
305
1082454
0
346311
0
22994
577254
1069306
296747
1218959
1185012
1004857
337985
474610
0
0
0
0
0
1201619
453964
1189099
1188183
1168715
1111387
356828
0
0
0
0
0
0
622623
0
0
0
0
0
796
0
0
1218758
0
0
466689
0
0
316
1200337
0
881352
0
0
219082
512
0
509636
0
0
0
0
494003
1127883
0
0
0
911382
0
0
0
978083
710002
830030
0
563025
119
0
526
545273
284965
0
724026
821452
195902
595336
0
0
0
0
1174494
0
137054
599636
0
55425
186328
0
30834
502434
0
1017056
0
0
0
0
64
873856
0
241
0
0
706384
0
0
0
0
933573
677088
1223861
1152027
0
0
0
0
370
0
0
959
154804
0
0
1082388
484743
1176454
0
580
0
282065
1144000
1227226
0
1082594
0
0
0
685796
51646
13860
0
1006576
0
396648
0
397621
0
0
661
1077810
338
609041
0
1256050
0
0
0
0
1234268
1265241
0
0
572
576409
0
0
0
905460
0
0
0
1239159
1037445
0
0
0
7037
776073
332
0
23670
1236735
0
765062
493699
1016652
0
1246380
283361
0
1004835
0
0
0
211448
0
0
0
789123
630398
309099
0
0
0
912059
0
749421
403
2632
0
0
0
1078536
0
92495
823177
0
0
0
0
1013570
870278
0
292145
930
0
429673
546051
705564
0
0
837771
0
100013
0
0
0
0
0
587
0
741
0
1138919
950882
208677
1252141
0
904
677475
0
801385
0
853801
451258
102392
0
67982
669441
1152308
0
0
319539
0
0
259
180073
0
1220050
769127
202901
709619
152
721192
0
0
0
0
906120
683995
500503
0
1003095
0
1007718
309956
654
0
1103882
167771
0
717765
0
0
0
0
0
17
1060306
0
0
1244305
0
362204
0
111333
352550
266834
0
914623
1114168
0
0
2864
1052273
0
0
0
106062
986461
38
516592
0
0
1274750
185211
0
947608
0
0
123357
0
0
1228159
844308
0
266401
1068799
1167225
273401
1169452
1093831
0
0
424469
0
625366
360212
0
0
234712
0
870425
277387
1002251
1263357
0
980353
550965
1045362
735804
788
0
0
0
0
0
0
937
0
0
0
782989
0
240953
447844
86983
39
0
0
867060
0
0
1214955
0
959740
266650
0
0
0
0
0
131424
0
336645
0
915366
1140290
0
1247170
0
1250741
239
511867
0
0
1257875
0
1304845
1317181
0
0
0
298148
867
0
341782
1092750
1223638
1080410
943916
1267994
0
326
0
0
0
516931
49071
0
0
535217
0
1312835
442362
0
651301
0
1040187
0
874186
1282301
0
3035
698092
0
0
0
83936
0
0
478565
0
0
1070884
664
22312
0
1249659
0
0
385120
509704
0
516127
949763
0
1219110
0
0
0
0
0
633438
1122442
615522
0
0
0
0
0
0
661615
69
0
1194011
0
208468
587
0
0
202231
6754
503
800143
0
0
432515
846762
0
10412
241494
0
0
343088
0
0
0
1276439
484849
158870
0
678
692149
276761
1296429
0
1050078
889763
0
1342558
241307
0
851
163918
0
179617
0
138
870350
1339299
0
0
0
151235
1279368
365299
0
519019
515657
0
840568
39
788106
0
0
1040016
502774
0
0
0
0
591493
0
589919
0
0
1080938
0
347795
0
868970
0
1675
985913
1200534
1016218
1203347
821933
1277102
7257
476193
0
0
0
0
0
0
1300886
0
305
0
0
561366
0
0
825861
0
1253526
987214
747832
797196
330
958058
0
0
0
0
1177400
1063214
1365306
1157931
0
0
704707
403657
0
0
29278
951
1211761
0
0
80990
0
0
0
0
880376
0
1166303
0
0
715722
238143
0
732377
598888
0
1219760
0
0
21
572564
0
842445
0
307374
318
868507
0
0
0
5
0
1338262
484966
0
0
290903
841246
1229917
742327
0
540607
1380423
750315
1346372
0
0
0
1212229
0
884968
0
392690
0
0
1328094
0
0
0
555141
0
0
418580
0
0
1390042
0
0
0
0
0
1219320
1309338
0
0
0
0
939537
0
0
0
941651
0
63644
0
0
1275354
285442
0
0
1309914
701402
1316659
856316
0
261851
15108
183862
0
1222391
826
0
0
0
222787
0
0
0
0
174678
12
1244261
1179619
0
696541
36396
0
1139746
985721
853645
994905
0
0
1195666
0
0
911
213
865
908349
144252
0
0
1367342
0
0
1323784
0
20489
0
1331134
0
0
526698
0
0
0
702739
875
0
29193
0
1198027
104439
0
0
304
1010929
1093299
1042851
150679
902472
1393263
1136395
1037493
1228280
173
0
190963
0
0
1004686
0
1205491
683450
0
0
0
1136981
0
0
0
0
875797
0
0
0
189173
1648
1371157
1350541
1059027
0
0
1301415
948
736714
0
0
0
832173
1205786
749050
0
0
525138
1212545
512968
0
1419345
323
0
1353642
0
0
594574
188
0
1272285
0
1162669
0
0
0
410986
602803
1198999
0
230893
0
0
1143144
318331
0
0
0
0
950126
0
0
880
0
0
0
222652
0
588205
1284704
625487
864331
1432394
0
0
0
0
704504
1041564
1289135
0
0
608
1321926
0
86730
0
1306762
27091
0
525057
0
0
0
0
476383
0
263121
547380
0
1268864
0
1199627
0
1270147
0
0
1044859
514536
347
272450
0
0
0
764256
716020
0
0
765304
1263700
0
1336783
0
1399492
0
1228596
0
0
588232
1384300
0
814595
0
0
118167
98369
1427603
468221
0
0
0
0
0
0
0
989230
0
953
0
0
1298595
0
0
0
1395799
5
602451
1246742
617921
736560
293
510709
0
0
997453
581109
1062904
501651
0
1400214
0
0
0
868226
763052
907051
0
560581
1079198
790755
0
0
0
0
1310777
545449
1326171
373683
785861
1079360
673296
0
1360061
431
941084
0
0
323969
834
0
1417276
1313866
0
626088
1194818
1077488
1314322
0
1262787
0
0
0
1419369
0
1284093
1224694
0
0
0
0
0
621825
0
732766
387
805711
0
1316288
0
655055
1428141
1406122
1476666
1295817
0
1462472
441506
0
648545
562355
0
1330526
321
0
0
1241756
990
0
0
1415012
0
0
834587
149896
486
0
0
891
598354
555246
0
680825
333235
0
40792
0
279007
0
0
701623
0
0
0
0
0
0
1259120
1201178
175934
1176801
773
0
0
333475
352
0
1286564
13118
4511
1418246
551511
210
356837
541
513428
799999
0
0
0
776
0
0
0
0
0
0
864454
1300553
113540
0
1176281
750
156493
0
1384293
1221684
509379
351608
1461547
726
856054
13009
0
266305
609754
1341305
0
0
1337312
0
49964
1437478
0
0
1256782
528239
1393219
639735
664376
62941
0
0
0
1095268
0
1081981
0
703
0
1043023
0
418032
0
0
0
542978
0
0
6349
1314643
0
396892
0
959448
1485172
0
323
951050
0
0
1503538
824648
0
0
0
686672
1040763
0
0
0
169769
0
0
1375044
464504
210
0
427340
1101017
0
186852
0
0
651718
0
1395110
0
0
0
519133
1355664
161852
1010614
645958
344
0
831
0
1398074
208876
331636
0
0
839024
0
0
693
1316074
0
25991
0
0
271434
542098
885279
0
0
26135
151
0
0
15
358
437107
0
1249549
595041
0
756878
0
445311
0
0
0
0
825028
1410083
806171
1432947
0
1325051
116942
1154369
108
0
551088
0
0
0
1198168
1316507
0
1317664
1229786
0
0
13608
251913
0
558998
101475
0
0
0
0
1518131
95618
1508105
195182
1491690
0
877013
1445062
0
0
1512287
511904
469548
0
0
0
1468506
1177242
0
0
0
0
1066300
116638
986885
0
0
1335243
0
0
0
0
0
818
871
110182
0
573613
0
1146948
0
0
0
0
189362
0
0
0
1297648
0
0
804510
0
0
0
1517308
1264735
278
0
0
177894
0
1524357
1282043
7163
851523
0
0
0
0
1476712
0
0
1316201
0
0
0
1304369
221098
0
707517
1520936
1493643
475354
0
984347
1272805
1369591
1046186
0
0
387
1533007
0
0
0
288295
1100137
0
0
685773
0
0
1251248
0
71563
0
0
1524704
0
1045731
0
0
1039212
1488897
0
0
1509449
0
942794
0
1482057
993
0
641914
0
1324824
0
976960
0
534247
0
0
0
0
0
0
0
0
0
1568033
714430
0
349411
0
0
1430126
0
381371
0
0
0
0
0
0
1059391
350312
0
976527
1372921
116675
0
535
0
0
885621
543
167058
1359098
40064
816854
0
555647
0
1183248
955778
155284
0
1269208
1062383
0
0
0
0
0
0
0
0
424990
0
0
0
1158198
1278942
0
0
1481428
0
0
1429925
1015214
1214021
882411
1373351
0
1568114
0
0
541034
0
0
0
66300
432057
1278699
0
1064682
1562017
647
0
0
897440
1385324
0
1206123
0
0
0
0
117
0
0
0
1290186
1162728
0
4240
732242
576282
0
0
0
892128
0
0
67
0
0
668369
215587
980507
54608
751358
0
0
829087
0
0
1511038
1212667
347107
1336155
0
1256167
0
431
119698
1560190
0
0
1488057
0
0
1058732
0
0
0
839
0
1306668
0
0
0
1012581
113
0
1548121
288
1487104
0
0
0
0
800928
0
0
0
70469
963699
0
0
1489980
0
1065032
0
671170
0
1120174
0
456
172887
970265
0
0
0
598979
0
1502645
0
1075798
867063
58491
0
0
1255200
305131
710545
1171888
554596
906952
0
0
146175
0
0
0
1366058
1393210
0
0
0
1311850
0
944873
1523639
756128
0
0
830117
692594
0
762470
0
0
0
1350679
0
0
0
0
407814
0
477799
0
0
0
0
320265
0
0
0
1563247
1389304
1147839
0
603149
0
0
1362586
884788
0
0
0
0
1348947
818958
0
0
344756
223872
733738
357815
923
0
0
0
730863
0
1174524
1524987
0
45
0
0
0
47
0
0
457459
294677
348255
0
0
0
458
0
0
1600243
1005739
0
1177611
413232
0
0
0
0
482060
0
0
1287287
1360575
489
0
1598779
0
0
1036658
0
0
0
0
0
873262
1473612
494789
1276694
0
1326084
0
380725
1549329
0
0
1168809
0
1021220
0
1541349
1416795
547380
0
1258008
0
0
1508180
1120166
0
888
0
0
0
0
1154506
799994
1605966
0
0
0
0
926656
1561487
1385194
0
884034
487
0
0
17
196039
1494768
1406848
0
0
713
0
161205
0
0
0
0
0
0
0
1130648
0
0
407
1063751
0
698521
0
1576328
133451
0
0
0
598804
1504597
0
0
263442
369
0
1051763
1178812
1561417
0
1198973
1549899
0
956717
1059021
465774
284498
0
1570593
0
1320622
0
0
1118596
0
1338926
1086200
0
915591
0
0
1460214
0
0
0
1430663
0
1406007
0
644876
0
1599984
0
0
0
943249
1573705
0
0
1374135
1253225
0
0
1098662
710472
195293
278435
0
1253121
0
0
0
351513
351757
0
710
1346095
567942
0
1206209
0
0
1485374
72955
1048909
0
949
1530276
0
1660306
211341
1541053
1584378
0
1650296
713163
0
46602
1376426
1219101
1647946
1250201
1563682
1096560
0
0
0
0
1535949
867833
0
0
0
0
150
0
0
0
1336725
649
953
189708
665717
759855
0
0
128804
406402
0
0
0
0
0
0
1629046
1519627
0
595747
1551526
0
1483238
0
0
0
0
0
767940
0
1576616
0
1582404
0
0
315
539823
0
0
1538663
1009609
262
0
846383
1538048
1651127
171306
0
0
943156
0
0
0
1653760
887955
0
708627
0
1252292
0
0
0
0
0
1114046
1548418
0
0
0
1329508
137045
0
341727
0
1471330
95122
545793
1582981
0
0
1685739
0
259
762772
138
0
1299625
827656
416559
8267
226
0
0
0
286
0
939
901
1392586
1495926
0
1552644
0
0
0
0
0
0
1280322
0
350021
1683613
610
1593080
269172
302126
1611368
1171503
0
0
1253670
0
0
999904
1674361
0
705
685201
1536855
0
445161
0
0
0
684163
1598863
0
969074
1341577
0
384406
0
1378416
0
0
1567320
555558
1337989
1069716
1248297
0
0
1009451
1315885
454694
1698767
864196
0
0
753696
45463
0
1169862
0
347431
0
654064
104448
0
1602654
1561996
0
1673629
0
0
1568657
0
130976
0
0
34
438189
0
391040
598
0
1119667
587831
0
0
585055
492584
681656
199098
1424013
0
1566424
0
0
0
616902
0
1389636
1592518
1542822
519609
0
1583217
0
0
4424
0
472797
0
1304755
872758
0
21003
0
385478
1428216
498219
0
0
1674635
0
1393258
546
0
0
0
0
0
0
0
1155776
53085
657
1268481
1011218
7876
1107968
1585065
608328
890618
147727
101152
482721
0
72564
0
0
0
1124515
551386
74
173
0
138
1243062
0
840503
0
0
1081382
341
266454
0
0
0
1250384
825586
258530
0
1702059
328664
1514740
0
581714
550246
0
1060278
0
1444620
1721371
378218
1135611
98738
785150
1130254
1315458
1006215
1648990
0
588602
402909
0
874685
0
944821
1283260
1548436
0
310875
0
0
1314919
0
122354
1126596
0
0
446734
51224
0
0
1444712
539234
0
1432610
537030
1692761
0
996204
1351177
1719135
0
0
0
81
299117
1636295
1561532
0
809945
0
0
1200982
1064473
0
0
0
1742094
1335268
227976
0
1279614
0
62784
1236464
100518
0
981550
890719
1174532
1512142
0
0
0
1342449
1466814
0
650673
0
0
13
618773
1344390
0
154396
884010
1636217
952554
0
0
0
709118
1079143
1746758
942809
1514314
146913
912731
572439
0
0
160
0
0
0
1200912
266345
0
0
834219
0
0
1585307
1145132
1235218
0
0
1275792
0
0
338679
80111
0
0
455285
1545138
0
1555254
0
0
0
544161
492542
561572
1653783
0
687
0
0
0
1305223
13082
0
0
550221
0
0
1313930
0
270530
0
0
239459
1703385
0
0
381596
0
0
0
1470054
1080072
442536
0
0
109471
1366456
0
0
0
1657838
528726
631
0
0
0
0
0
1456174
272010
0
0
0
0
1000324
635390
551804
0
1078555
0
558302
1174023
0
0
1304756
1743056
1129392
0
0
765133
1667394
937367
1524122
599588
815530
784140
1350797
10607
0
36531
0
0
0
548739
0
1563261
0
782875
0
0
808618
1761580
1670019
1433740
751749
703431
0
0
1525419
0
1704983
1561334
645772
231458
0
0
1042791
0
1727767
0
0
46522
0
0
0
0
816575
1771506
0
0
0
0
1052896
0
1010116
936943
242766
0
0
1478873
306
1561272
0
351518
1110588
0
0
1785611
863192
0
635347
1156584
0
0
0
0
0
0
892249
1560874
0
1660519
1620237
0
0
805107
85
866
1746399
0
0
33823
426102
1368487
1588021
0
570713
0
0
1752584
1700683
0
684967
1453186
1646738
0
0
186277
0
771
0
0
0
47707
0
1364108
0
0
1751083
1797498
1813982
0
0
1298185
0
0
40168
1154934
392764
1638375
731828
461808
470974
0
948432
11675
0
0
0
1229901
0
0
0
935206
0
1511749
0
0
0
1577345
1309836
1577197
0
741
0
0
0
0
1126177
65381
649600
1422058
456191
307467
610549
0
1454851
1823918
1081330
270177
333239
1325666
1376349
0
0
1191769
392
824048
0
859070
0
0
0
0
1571559
0
0
0
0
0
0
0
1384895
1514645
369907
0
1252847
751310
0
0
0
0
0
1129402
124664
390518
942
0
205906
1700127
376021
0
0
1346346
0
185530
1584141
0
935904
0
1666028
1615746
0
0
1678657
0
0
166584
0
1248159
442584
533983
23
299553
0
304696
655835
278056
0
226833
1320071
1465984
1213288
0
0
1671986
1782850
0
0
850
186852
1815271
0
0
1574397
0
1549009
876101
0
0
0
674692
615
1786138
1389539
638647
0
438808
964428
0
0
0
559433
0
0
0
1819496
1556765
0
1224142
536823
0
0
176808
1678132
714526
0
1630522
1599582
1702050
0
1616893
0
0
0
649416
0
0
571671
399782
76047
0
368461
586
0
1743571
0
1490727
0
1715328
823209
204
0
0
0
0
91889
0
1378713
538631
0
608361
1016055
0
0
1525391
1224173
0
0
0
0
0
1828710
1313374
0
0
0
0
669695
20861
0
0
0
0
453
583748
0
0
1116842
640624
0
559037
0
1723546
0
0
1144943
35103
634435
125374
1783687
0
0
0
0
0
198
567
0
1087034
859420
0
918177
1583590
0
1109424
0
0
1865406
0
593579
0
1685469
1122109
406813
0
0
0
45601
1161676
0
736
1260437
0
1148851
1599466
0
0
1183942
0
0
0
0
1851864
0
0
1376225
907
0
1030612
0
1477367
0
0
0
1664307
554948
1773438
0
0
832
0
0
0
0
0
0
485834
537376
0
1658921
0
0
0
1663249
240735
0
1835583
0
1895704
348228
0
0
623730
1644072
0
0
1845036
1157136
1387676
0
0
0
1893460
1285016
0
0
0
0
0
0
0
899176
0
1049595
0
0
0
0
860368
0
1870349
0
0
0
0
0
0
0
0
0
0
610
589506
0
0
1869322
453921
1267300
654774
0
665781
1819541
1358844
1890401
361307
149452
0
0
1411338
0
1424760
718113
0
0
1643064
1507297
1179388
0
0
888
0
1047698
0
0
1549815
1631693
1584060
0
109
0
0
0
802882
1905548
1179928
985499
1497913
0
542224
1770891
0
1441012
0
971
835
875145
0
0
202275
0
1069568
0
1699922
739
0
143876
1830895
0
1773920
0
0
593433
0
1845365
1236003
1652299
0
0
1777587
1401339
369315
0
1626679
1530556
0
1859210
1269510
0
1706712
0
852921
665223
1205828
0
0
1851236
0
1805190
1372377
0
0
264666
0
583274
478314
1519869
0
1845451
511399
0
839376
587487
0
0
0
0
1785590
0
398930
0
0
0
0
1223689
0
0
0
0
1705662
0
1401289
435496
1672503
0
0
0
0
618813
1776428
0
0
0
0
0
0
0
1249553
0
1075815
1860562
0
1928198
0
1422792
1144776
640671
0
1717361
1223264
0
0
0
0
196460
0
0
402
1703647
761
758
784129
0
0
0
683860
0
571925
1761874
1277643
0
0
1635794
564292
0
972790
1822902
0
1760550
77062
0
0
1404210
0
0
0
0
0
0
589154
377688
0
0
0
0
273273
364205
0
0
0
0
1879301
1395086
1657411
0
232541
0
0
1003783
689
0
1721987
0
554848
0
407
1244637
0
0
850373
81793
789743
0
852138
1866739
0
0
589189
0
0
24385
1561286
457471
0
0
0
0
0
714229
1468936
1392476
734049
1381441
0
1331906
0
640125
1859213
0
0
0
857615
0
1179398
829103
1958326
0
82331
0
0
550859
1925813
0
529977
1342910
1655430
1761260
0
0
288353
0
0
415254
1062860
0
0
1903442
0
0
0
0
0
687256
0
1101334
773325
974359
890254
687828
0
0
0
390907
0
0
1956577
1762815
1591991
678
1098126
529720
297512
63698
1292102
0
1226877
0
0
1087490
1343715
0
0
0
295416
378236
1572141
0
0
975662
1966430
0
0
0
1656949
0
459268
0
0
0
0
594602
0
1251433
0
1872486
1865814
0
140889
1519359
1761472
0
363
547765
0
1294442
773848
387288
0
792981
0
1697073
1515999
1269212
1348052
621355
0
0
0
144735
0
1357081
1392031
0
590038
0
0
0
1527555
1610592
955886
933496
0
0
0
964420
1087427
663619
1947957
1352981
0
748747
0
1658232
0
1721751
0
1979374
393465
0
0
0
0
0
1519958
0
0
1101527
1876867
0
302
939
0
1891432
1908683
0
494740
115563
1524839
1958286
0
1251576
1570392
1009451
0
0
1637103
0
1339168
1934197
0
1767549
0
52660
1009260
1069502
0
0
0
1371885
1373421
1610250
41143
0
1182980
968
1057286
0
412927
1584232
0
0
0
0
0
1101167
0
1855335
1991657
0
0
664
0
0
1901359
0
1870488
0
233288
0
0
0
225469
0
1946387
1729922
0
0
682
870392
333997
0
297
48
0
0
0
0
0
483
0
0
310
0
1894690
1233258
1906853
318255
0
0
0
77372
0
2019522
0
1368705
186391
0
0
340943
0
0
1955855
0
293077
0
1887143
0
1741162
544007
879
0
1971649
0
1179245
0
0
1371394
0
1752887
888648
0
1775938
0
1688121
0
0
651177
1109857
0
203
934102
0
0
0
1637189
0
0
0
92709
0
0
1418261
859322
0
0
0
1568212
1585234
485476
1871574
674954
1977048
1819701
1499079
504574
0
0
0
0
0
0
1787009
554788
1911329
0
1059306
399372
650761
1868670
968514
0
0
563727
0
0
1206735
321809
1794802
0
1619721
493453
0
1275457
504
1246448
752137
0
0
1405506
1954779
0
0
0
0
1159048
0
0
0
1350737
417004
0
749747
1835497
1405607
0
0
0
1620309
35414
0
0
0
1262784
0
0
2000360
0
0
0
0
0
60397
545657
0
0
0
0
0
0
1152700
0
0
2046706
1968240
0
0
1429184
0
666
1269156
887497
0
1757849
1601652
1962903
0
1760894
0
0
1952731
231148
816
1865077
6977
2043947
1985255
1676863
1846587
451
177374
677984
338561
509308
414791
0
0
1694339
0
1706505
0
0
263734
184301
0
896
1687927
0
1682572
0
0
899187
0
812537
1204584
1621954
0
0
0
2098146
2082484
1351496
1028875
0
24617
616152
0
0
0
0
1106346
0
0
2041486
1457158
0
2023174
1343330
0
548
825778
1989572
0
788
2003309
0
1780404
2025682
0
0
0
934682
0
0
502026
0
2087984
1144890
1559635
11796
1852958
2109155
0
0
152321
1973447
261945
0
221142
0
0
1961835
0
356
238738
1004311
0
0
24314
43267
0
0
1635554
1506334
0
0
0
0
652248
0
0
2094330
1757917
0
1586058
112
1417165
362177
0
0
970212
503282
84017
1498505
0
0
1018086
589410
1575567
1761404
0
0
0
1577690
0
0
1341025
0
1861458
0
0
1848965
0
1484382
2013583
418
907
0
620
1930450
1736007
1728939
1951860
1180223
0
0
0
974624
0
173
570116
1128274
0
0
1342886
1406410
1075588
1559251
0
0
0
0
0
49125
0
0
1530076
2044120
1850430
0
1315390
1668556
0
0
381048
0
0
1570450
0
0
141
2126252
1363185
1778007
1391864
0
1277298
875675
0
0
0
0
0
2127564
0
1296966
390582
1110412
2126740
1938380
715238
954
0
0
0
0
0
0
0
2111056
491341
0
0
0
0
1467412
1580453
1116367
0
879234
0
1750320
0
1860370
398420
0
79
0
257069
67
0
1397596
131198
1280200
971168
834883
1114559
1574748
0
0
1839077
0
0
70365
0
840067
0
74795
2068689
633546
1702610
0
0
0
1010860
973036
1936442
0
1221066
0
0
0
615833
0
1774762
0
0
0
0
0
0
0
0
43100
1266877
0
1333405
0
0
0
1925748
0
0
1470214
2160392
0
0
0
0
0
511826
0
0
1241871
0
2043972
270520
0
0
0
0
0
516251
0
0
0
0
0
1031130
0
942
1489718
313142
1100658
0
0
0
0
1621041
0
0
85124
0
2154268
0
0
0
854
0
0
2172756
0
1712958
838923
2164339
0
0
0
644
1474464
1885733
0
1986406
0
0
0
0
2109792
725
0
0
772986
31865
0
0
0
0
1955562
0
0
0
1730892
962939
260659
736413
933423
1901691
538239
0
0
1237005
0
190736
957040
684075
1264951
0
0
2176996
893559
0
0
0
0
0
723654
367202
1858567
1789365
1051435
0
804730
0
0
0
178066
0
1442839
0
1944500
0
1572017
0
0
0
0
2114101
111725
933378
2024717
0
0
0
1455670
0
0
684
920326
85668
2188232
0
347146
2089254
462
200
0
0
0
0
2146927
0
1236383
0
0
422423
2149416
1065818
0
1956593
0
1681009
1660258
2153800
786151
0
1968736
0
0
0
849
0
0
0
0
0
373745
0
0
1392091
137
0
0
1103071
0
0
1438856
1752663
973
0
269999
0
1662147
0
0
168467
0
0
0
637921
1533520
0
0
2183123
0
1858976
334565
1915803
1620551
1552156
0
564
1787981
0
0
0
0
0
0
1956501
0
0
0
0
0
2047630
2197197
0
1669352
450720
0
537065
1850774
0
0
1610862
0
1003248
760583
0
0
1901280
669
1151002
0
1696747
0
0
1831792
0
149176
0
983
0
706885
0
616044
0
1750318
0
0
994850
2054145
1104999
531910
0
0
1150231
136089
983250
677115
0
892239
1686900
0
0
0
1391737
0
0
2170281
0
1463468
0
1898859
0
620797
0
788650
0
0
0
464270
1629796
0
1052411
0
341
0
2118370
1631244
1475279
823312
0
0
848
0
0
0
0
1246413
0
0
2020945
1114944
1815174
0
1508915
65
0
0
2193572
1749794
868
0
1659355
0
0
1751397
15
1678497
0
1919390
933997
0
840846
0
1637279
1850728
0
0
0
1899491
0
0
0
579701
0
0
1779173
0
0
0
2004163
93142
0
0
0
1958931
0
1924841
0
0
0
1765751
0
0
1695272
769294
292304
2171148
0
0
0
810747
1530831
1276293
1546574
580493
0
477743
455
1082489
0
0
0
2143944
0
410263
0
0
0
2246099
0
0
0
137
966139
0
1662726
0
1262764
809271
0
715192
891970
0
1546034
2232599
1624218
0
957512
0
0
0
2148805
58354
462120
0
0
673199
547380
2203431
2077427
0
800612
168
0
0
0
2154996
0
668226
0
0
2114078
914
0
0
2206123
0
0
1656765
2261722
0
177003
0
0
0
229633
0
0
313539
1476735
1513212
0
1677063
0
749840
0
0
2057452
0
0
2037764
0
0
0
0
793733
1034522
0
0
1541081
632279
0
197499
2086770
2225991
1461787
1847333
875524
1905420
0
0
897154
0
0
0
699987
97340
1729019
1105607
2076884
0
693
0
0
0
2012955
707283
998945
1248977
1241339
2216350
1968971
1968791
0
0
0
0
0
0
2229119
1396196
0
0
0
0
1956109
2292621
0
2238881
0
367731
0
37
0
477932
1545793
1930844
1432805
1470645
1887299
0
820590
1421514
2191517
0
0
0
0
1536800
0
0
206160
0
362
687314
195
1280731
2096539
880697
0
936
1320882
0
484337
537171
5188
777408
183943
1909063
504360
0
0
14607
362811
0
2161143
0
1046381
668901
2220306
0
79826
1144844
1807729
1118308
1536382
0
0
0
1937781
0
0
508
504
286608
758152
0
0
0
0
0
0
0
0
0
0
0
890546
0
2200882
0
28929
0
0
0
2241965
0
2048898
2247761
0
0
0
2063883
821807
0
0
0
0
1991479
19487
0
332396
0
0
1549612
1311153
723170
0
1208409
0
2279710
0
0
0
33522
1814257
0
1124320
36613
1703321
2287191
52063
94015
1932282
0
702798
378203
925718
2216400
0
1897153
0
1756818
0
0
0
0
839
0
1631301
2277349
1670201
2016007
2102867
0
0
0
2284702
0
0
1204810
0
1035185
0
723961
0
0
1183776
1419107
0
0
2292994
2329070
0
1901408
0
0
0
0
0
1655106
0
0
215684
1743634
0
0
2080681
1905311
2143156
0
360029
0
2256246
0
1244446
0
0
0
2129046
0
1066915
1510210
0
1453239
0
0
0
1098525
1148606
0
368395
345348
0
192887
1459525
472181
2269152
1930808
0
1427126
446414
0
1429661
0
878947
0
0
665404
0
0
337
0
1775959
0
2262173
829
634892
340968
2137429
0
2218559
1203078
2250403
2028332
2281671
0
1985399
2200157
0
0
2173550
1646874
0
1066518
1219432
2146694
0
166997
0
0
0
2353151
784
0
0
2019255
0
0
0
578470
1812550
0
0
0
2258655
0
2162258
2071401
0
0
464282
0
0
0
0
0
0
308352
2308996
0
1957936
1472365
0
327153
1268444
0
0
0
0
1690909
2241473
0
0
0
0
0
0
1215871
0
0
0
2319127
630057
0
726073
0
453460
0
0
0
1938471
2211434
0
1425729
157584
1941449
0
0
1233200
0
0
392
636
966
2206035
2171239
766915
0
410297
2371573
0
1765893
1938919
0
2376144
0
184826
2111267
0
229851
0
0
0
35517
1866644
0
303002
0
1333644
2323701
2173509
695
0
0
0
484389
0
0
0
108321
1349370
0
847884
651709
2224978
429978
0
0
0
0
474
1521777
932777
0
0
0
0
0
1514381
1144892
0
0
1565856
871227
0
570211
639
0
0
0
212
2255435
0
1064203
0
658357
1738427
357
0
2230938
99385
0
0
2118337
0
1674705
0
578487
0
1094005
0
0
0
0
0
411572
1758606
1621550
0
2265072
0
0
0
217
0
0
0
2765
1654155
0
754560
0
113374
0
196035
0
0
0
1804596
262
0
1672609
0
719191
1475834
0
328458
2309427
0
0
1944136
0
2401486
0
0
0
1398389
0
0
0
1743488
0
0
2203757
236083
0
0
0
1829112
0
0
0
0
0
700966
2140981
592323
975
0
0
0
0
2333261
0
686361
0
0
0
0
801140
0
0
943158
2206318
1885201
1904768
1593854
12738
0
0
0
2233625
0
0
0
0
0
1646876
178
0
9287
2145353
92144
0
0
0
0
0
1097265
0
0
2337285
2166793
1037349
0
0
0
0
2412111
0
0
174483
1284682
0
0
377749
1581357
0
0
0
526
2299312
0
2358169
0
1941696
0
0
1377101
0
2257004
1409654
1719246
1275321
0
0
0
552739
0
2226320
1115452
1590172
0
1065589
0
0
993
0
2355163
0
455137
1549844
0
2333999
1210845
0
2223597
199258
0
0
1941278
1546681
0
2409094
0
926646
0
0
2234787
0
2224497
2223579
2233106
0
221
48816
0
0
0
2307294
0
1699801
0
2360344
0
0
1510117
0
0
0
2423942
0
2255941
416990
2239983
0
363714
1027406
0
0
515745
0
0
727286
1190961
537761
2355566
0
740655
0
2422098
0
1729207
0
2322146
2110858
0
1757576
1461385
2217949
1315261
0
0
0
569886
0
168651
0
2435232
0
1953839
2217424
0
0
0
0
1434202
0
0
653
0
456583
0
987434
0
0
0
1562682
0
0
0
0
0
1319748
1920966
10142
0
0
262626
722704
0
0
148077
263243
0
0
2408474
2330616
0
0
565778
2202880
0
394
0
0
1106942
861365
0
1222421
2468664
0
0
1611173
0
0
0
1958296
2451143
0
0
886061
0
0
1973148
206313
0
0
0
522307
1934156
2418391
0
0
1987951
1536402
2000204
2372474
327797
0
0
0
0
2466042
1326914
1180157
0
1629158
862
0
971888
2463809
0
516002
1846320
2408136
93804
0
0
0
2063503
0
0
0
0
0
0
1958754
998827
0
0
0
0
0
2348118
2329759
1647417
0
945924
1913922
1889733
0
2275092
0
0
0
0
1256629
0
0
328
2419420
2480522
0
0
1764896
985200
0
528875
1696583
0
1707125
1635829
0
0
0
0
0
1114805
1678697
2058780
0
0
500652
0
0
0
2006164
0
0
1549272
732615
428376
0
1991869
0
1500399
2144808
0
0
532335
0
2466754
0
0
1128324
1561194
1039076
0
1208460
0
9
1941728
2073451
0
0
1794654
0
0
451813
0
0
2081211
0
0
517973
2318871
0
0
1994200
0
0
225391
0
2014757
0
0
0
0
80788
1507381
1227609
110
0
1033132
0
0
0
2180609
380
2477623
141916
0
0
0
874449
0
1884049
541926
2410983
1403091
616443
1655323
0
0
274880
1944163
937229
1669452
0
0
0
1141069
0
2134579
0
2407013
635627
0
0
0
1280568
0
656810
0
444704
1807370
811329
0
0
1674576
0
1403794
0
0
0
2520027
0
0
0
0
1871231
356112
2210795
0
1701284
5713
0
2520828
0
0
434
940396
734478
0
2405147
2525958
0
0
0
1637197
0
617614
2432592
804492
778
0
1417785
2003029
1602954
0
2123037
0
0
2257369
1989688
0
1254485
0
2262434
0
1706934
1276811
0
158835
0
1411700
0
751318
0
0
0
1781033
0
0
0
0
2174705
0
0
1045987
2423876
0
0
804586
0
1893212
1353736
294147
2129124
2230654
0
0
555421
0
1958409
0
0
2469210
0
0
0
0
412
347935
0
563572
0
1639754
0
0
0
0
840579
504
2400724
2130006
0
0
960515
0
1513831
1964326
0
2442222
0
0
0
0
0
0
0
0
655907
696504
0
751954
0
0
1700402
0
0
0
0
1623104
0
1300727
882276
32072
250787
0
0
0
0
1718678
0
720869
0
2114379
1762797
0
0
2225051
968278
711949
0
1762410
0
0
2306122
281648
627843
731857
0
0
1241862
0
2392392
0
1149061
0
0
0
0
1395179
0
2203528
2392469
1707457
0
2391660
608968
900236
1452895
2532403
1405607
0
0
806719
248442
2194182
730
432149
1281839
0
725682
0
137346
0
2571550
2371343
0
2081729
0
1207063
0
87310
1639443
0
41136
0
0
2507966
0
2561227
0
0
0
889508
431
2026460
0
993553
541284
1349884
1518577
429114
836806
2346545
0
2135238
288
0
919
1581668
990356
1639553
2135360
552225
0
1658107
0
2247613
1653111
0
0
0
0
325
0
605652
0
196112
600545
2256226
0
1054213
500566
0
0
0
0
0
2071839
0
255
0
0
0
0
952965
2129118
2484166
0
2211408
2055016
1368655
0
0
1211643
2586690
0
1372355
0
690
494184
221
0
0
2193716
0
0
0
869675
0
0
856754
0
0
0
0
2499310
2083007
423360
0
0
1842879
0
0
0
0
0
1490073
0
2018033
0
1312530
2429542
2528127
0
0
0
736592
0
1974338
0
998615
2598157
2557112
1709134
135558
540873
2342298
0
985745
120315
962702
2114099
2038593
646014
0
0
1618917
0
2144144
932918
0
1868403
1645160
131142
937
1103471
0
2342558
2131065
2604792
2406859
0
0
2269070
2200759
0
0
0
1642915
888
0
0
1965060
0
0
1860481
0
2056686
0
1
0
1214468
1793385
0
0
0
321798
222
0
0
0
0
0
0
797952
0
1829454
271774
2555076
1704030
0
63
0
2452333
617278
2611505
1460515
1994819
0
0
2142757
1996803
2315302
1432810
0
0
0
0
832509
655918
0
1133669
0
1974840
2491440
1460221
0
35
1788180
0
0
0
0
1844861
566874
0
1540319
0
0
0
875710
349287
0
1804752
0
0
2318385
0
1472788
0
1733843
1962450
0
0
1828356
2523429
0
873533
0
0
2232780
0
0
0
906
0
1391762
2569211
0
1513667
0
0
0
2230568
0
2018520
1867352
2414945
0
458
1956225
836380
451283
1779390
0
1941287
2080154
2347276
0
1899188
2458578
2005948
0
0
0
2137686
663084
1808427
127126
0
0
12636
0
838361
2479577
0
887453
0
2327038
150
0
319631
0
0
2561713
0
2506530
341261
1905878
2554157
2595143
825
2027014
2592282
0
1138343
0
2252349
1462026
790732
1460339
2012033
2479308
0
0
790
0
0
643829
2234570
0
2137505
2609865
2654043
2572546
1830976
2195325
1626259
0
668990
0
0
0
0
0
0
0
0
2324068
0
2571225
0
2051117
0
1417362
1969081
1760698
2485252
12173
0
0
0
0
0
0
0
2080984
0
0
1506949
1274527
0
2470787
2554162
0
0
614503
1900233
0
0
2521490
416625
0
368487
1992473
2085735
0
2073978
2272332
173850
124494
2638321
0
2518538
1423588
652175
0
0
729165
2390269
2656884
0
118267
2494444
0
0
2340079
0
2310321
0
1802342
1450835
516373
0
183
553228
0
2451788
385113
2597975
0
2006402
0
2535790
2381877
0
0
0
1186094
1231393
0
2520975
835671
0
2100943
0
0
225670
0
981331
0
0
0
0
2219222
292867
2651219
1002096
0
2476729
385412
0
0
2070587
124699
0
0
0
0
0
0
0
0
0
2657712
2119323
1275141
1737797
2635196
0
0
1370410
0
0
0
248654
0
0
0
0
0
0
0
0
2679986
2405252
0
277225
0
0
2453928
0
0
0
0
2258797
168770
0
0
886183
0
0
750830
0
1180839
2668350
778093
2560372
0
0
0
117
0
734870
1794685
0
0
0
0
331
0
335368
1090878
0
89938
0
2133736
400
2615299
0
0
269
0
1098925
1406170
543694
2447963
0
1891322
0
0
2608411
2557097
0
2178255
0
0
0
1848097
2024556
1170340
124811
0
2179119
500659
2056675
0
2404913
1990097
2268651
1929350
0
1723169
0
0
0
0
0
906076
465416
2098950
2684176
2336902
0
2544062
1326008
2646033
781063
2567922
0
2113287
2599396
0
0
0
0
1201919
0
0
1040559
0
190424
0
0
1540747
626638
524474
907817
590832
2394633
0
0
0
1424156
0
1923423
656280
0
245375
1079426
0
2500871
0
0
2024305
0
571760
1511118
2518003
2222149
0
641151
0
2278752
0
0
1544918
942
1105560
0
96297
0
0
1126737
0
1084639
0
0
2428660
2580855
2678557
0
0
0
0
1586362
1822503
0
2160925
1163545
758309
0
0
937520
0
0
0
122
2572875
455394
0
0
0
0
0
0
2613917
0
2718207
0
478
1806908
1116395
0
800779
482322
0
0
91407
2177205
1832638
0
1847875
2278439
0
1463589
0
0
0
0
2086085
0
2610414
0
0
0
2000841
0
402734
0
1334025
2735602
0
0
0
390721
0
24402
0
145
0
2592372
1921728
0
0
0
0
1529944
2669773
0
0
0
0
2243861
1741805
0
0
0
0
2392573
576852
1391400
644188
2179157
0
1061894
1715804
1514030
0
0
1869628
374332
2335417
0
0
0
547427
1701687
553601
0
0
444064
2410245
195948
0
187
2204185
2493332
0
0
0
237297
316
553258
235657
0
767266
23138
2595686
1773150
0
0
0
1881809
0
2663011
1649178
0
0
372
0
2207697
0
2478344
0
969890
0
797478
1500285
0
2493267
0
697533
717
0
0
1619400
2439081
0
2183191
2272956
0
0
1269423
58
2423966
2723213
0
0
0
2647505
2563493
0
2721513
2396506
799237
0
0
788275
0
2119785
0
314795
0
1778476
2259356
884715
2430424
0
2273426
0
0
0
2133782
2311532
0
0
0
0
0
455013
0
0
1651697
2310468
0
0
0
0
2752408
0
0
597488
2605248
0
963813
0
0
0
2606100
0
20114
1836086
0
1033345
0
0
791
855087
2761782
2745004
0
0
2148727
2717072
0
237
1441510
0
9613
2570001
0
1984024
0
2002171
0
0
0
2528936
0
1332059
1242531
0
0
0
2489250
1478112
0
0
2203640
1359299
279003
1216657
847131
1709151
1419814
0
1224476
896
0
498
1857339
0
1590318
79
0
1941674
0
2709689
0
174507
2571475
1691557
0
1214263
0
110102
0
0
0
0
262
2719043
870219
220296
639713
1753664
0
0
0
0
386
0
0
2663854
2221775
0
0
0
2656862
2343635
1542976
1650395
2509053
2251738
2478611
0
2252209
0
0
0
0
0
679431
2224186
2024551
0
0
1295909
0
2052995
229572
2738280
2537663
17617
0
2741633
1024868
0
0
0
0
0
0
0
483902
2704091
1631109
2347989
609813
1872557
2696682
1465496
0
0
0
0
0
0
177096
0
0
32
2221635
0
2109257
3886
0
2498566
1535184
0
1074191
525349
1493494
0
2675382
2462258
1111562
2346947
0
0
2664368
0
707
616960
2173420
1380783
0
0
2775194
2223599
1909744
495
0
0
0
2271398
1902552
2086914
0
469327
0
0
0
0
786698
0
0
0
1446229
0
1419903
2525705
2214187
0
0
70420
0
1666295
304
700127
487616
0
2233051
2419382
0
0
1457015
0
2766012
0
2684668
0
2492080
0
2669719
2200764
0
0
2558280
365
0
0
0
0
1993040
12
311293
0
1523990
2194088
0
1380728
1198698
0
287434
0
51659
2741703
0
0
1400342
1134255
0
2621631
2301233
0
2035812
395641
893
0
594260
0
0
0
1238755
0
2568291
0
888
1130428
438572
2779891
1192870
1144998
0
0
0
0
2550561
0
2544909
1739228
0
2721454
2318946
932006
7966
0
1878599
0
0
312881
2191705
1278287
0
2797849
2331398
0
0
0
0
802801
2248682
2445138
846
35
1642291
1548167
585218
0
176497
2717601
1279195
0
0
759899
0
101440
1624718
0
2227975
0
0
0
624224
0
565622
0
946347
268
1717071
1190200
0
1707059
0
2689323
0
1838416
1585949
2409553
0
0
0
0
791259
2142041
0
422132
1703083
2686568
2823138
1782121
0
0
1614663
1201238
0
2157352
0
0
2434548
475937
2771779
816708
1883485
2787459
2056257
559751
0
1536242
0
2642310
1573846
0
0
0
1460251
1307313
1470909
0
0
904023
1280526
802932
0
2416898
0
0
0
0
1138501
1068020
0
1400082
970028
0
1179929
0
0
0
1000914
2545397
0
113934
0
0
1368348
0
0
0
2821490
0
2479182
0
0
19771
1408617
0
2673539
2639723
2823240
2650735
0
0
0
0
0
963855
0
2463431
0
987822
0
200606
1841981
0
1952109
874902
0
899967
0
0
1902189
2454418
2497728
0
2052327
0
494336
0
1896029
2258372
1861692
2650984
0
0
0
769395
0
0
0
0
2465250
1003437
2792067
0
0
0
0
972117
1720597
1623350
771749
2000867
2763461
2418234
2625063
2234322
233
2746508
656
590622
0
2450464
1686063
2741412
0
0
0
0
2592716
0
2477542
0
911086
637372
0
0
0
2859418
0
0
0
1500438
0
0
809781
0
896799
1719493
0
0
1384555
1925781
0
98
873509
2143023
695071
0
775
0
1616747
0
2855672
0
0
2670160
1120914
2591436
1145063
30633
2314544
0
0
0
1820185
0
0
0
1378722
0
1708230
2556732
0
12
1250226
0
2106829
0
0
0
501858
2694192
1075312
0
1509441
0
0
1306423
103
0
0
0
817
2391069
2311856
2665152
0
0
0
2776796
2847094
0
0
2206709
0
1525391
0
0
0
2283517
0
187058
1429040
0
0
0
0
0
0
2494770
0
0
0
0
247
0
0
2151377
9412
0
1189069
0
2797630
0
719983
0
0
2272422
19678
0
0
0
0
2502594
2729559
0
552
0
0
0
2514161
1246886
0
2135493
0
2900685
1459358
0
2302407
0
1984743
421064
458
0
0
258723
1808345
0
663
501350
0
0
0
0
128998
1987559
0
0
0
0
0
942823
0
1472250
0
2253815
2771601
722365
2745979
2425474
0
1101606
2516600
1814679
1236116
2921252
2731201
0
1055694
62044
0
2726031
0
2840073
0
0
0
179674
0
0
0
0
0
0
2409318
0
1609895
0
0
0
0
0
0
0
712463
1752867
2142315
1609381
0
0
614
2097194
0
0
651138
0
0
2210906
376747
0
0
0
0
113
54132
0
0
1786318
495055
1736380
0
776458
2671863
54
0
0
293892
1964638
0
0
0
0
2879936
2400180
0
214
0
2378218
2406259
1978544
2291541
0
1819820
2133258
0
0
0
1646557
0
0
0
0
0
0
0
1542200
342
0
0
0
0
0
219293
161384
0
670770
940221
2821967
0
1808224
1087848
1786976
0
2313638
2925454
0
0
0
2267522
2582137
0
0
731155
2193156
0
2956718
2631239
0
968954
0
2837203
2549403
2127755
789
2891859
205661
0
0
0
2609746
0
1137680
740592
2867984
0
0
931543
0
0
0
1022946
0
1692762
0
0
0
1973350
1220746
0
0
2720109
0
0
607
2036185
286
1233827
2841729
0
0
0
0
0
0
2743436
0
2973182
0
0
2236019
0
1004146
608
1221938
0
0
0
1872151
2502474
378159
1035032
2584489
0
0
0
2592345
0
0
1580056
0
0
94572
489266
0
2979671
688754
0
2927558
2718070
1703095
657
873908
2983653
0
2588148
2257305
1411504
1698744
696065
2982067
2059865
0
0
0
0
2606
2302068
0
0
0
2878149
0
2653029
0
353072
0
564
2980482
0
418532
0
2528071
2984568
1385879
2591286
0
2907073
2321310
0
0
2558958
2345148
368692
2637849
0
0
0
0
2763553
2960823
0
0
0
2636429
0
2120211
2729431
2742442
0
2686090
2726368
0
2643903
0
0
2459540
95977
1906548
1295622
1111902
1503866
0
0
0
0
2824642
346263
0
524
0
0
3000448
2601695
421456
1043644
0
0
0
0
759
1603411
0
0
2700332
2861657
2686600
0
0
732
225482
0
240150
1326984
33823
0
0
0
0
0
1517782
1656613
0
1041497
0
1649393
963889
1603035
0
0
0
233911
0
0
0
3000753
913580
0
66
35148
1258604
688796
2091070
0
2116777
1547670
2533775
1569643
1751739
776233
0
1130313
2259965
692
0
908132
2749522
1978331
0
0
1353564
0
1114090
905
0
2883626
0
2694514
299837
2874140
2717058
2702066
0
2429760
3019463
817769
0
0
1939692
2343332
0
0
34072
0
0
1887813
1889180
2691937
0
1251401
0
2876833
0
2048224
169242
2571913
0
2857888
0
0
0
0
0
2105526
2274788
0
0
0
0
0
0
0
2213635
0
268159
0
933865
262805
0
0
0
0
0
0
0
0
0
3023006
0
0
0
0
3031759
767032
0
0
0
1368648
711651
0
0
1895985
0
1929101
351716
2598944
2850631
0
0
0
1464613
0
3019441
0
517621
2557353
1561200
2807845
1392798
0
0
2853824
2254202
224
265
1465160
0
0
0
2457494
0
331
2667233
0
1087427
0
0
0
0
1743542
0
0
0
1367953
0
0
227
0
0
0
0
0
0
0
2959373
0
47
217620
0
0
1572973
0
0
1579419
0
0
2967405
0
2938009
767
503288
0
0
205661
392675
172
616393
1233767
0
2106387
1856658
0
0
2860583
2491897
0
665754
0
0
0
0
0
0
0
0
2463938
0
2851418
1580221
0
2210066
0
0
2745081
0
1266443
869474
0
0
0
2922035
1728222
2000566
2662789
0
2554765
355491
0
0
3006197
2657739
2234877
0
2474846
0
1661031
630
2790459
0
0
0
1325743
391438
2364050
2743212
2045049
2852814
0
2975543
165
552850
0
23058
0
0
432067
0
1354772
0
713486
0
0
357839
0
2852607
0
0
1582250
2694963
0
0
0
1114058
3049428
716938
0
0
0
2618895
0
1762012
0
0
0
617760
0
0
1984327
3090592
0
675936
714522
2716123
0
999817
0
0
2854592
1096066
0
2960200
918093
1732445
0
518
0
0
0
193301
1251395
0
0
0
3004216
3105118
1204437
0
74731
2623345
0
0
0
0
0
339188
3049813
0
0
2837853
2836011
0
2601468
409994
0
644
2633623
0
0
166661
1499764
1837629
1346088
0
0
0
2047544
0
0
0
0
0
0
2514003
0
0
2875755
0
1928670
0
1402602
1012100
0
803789
0
714
884335
311023
0
0
0
0
3001802
1942310
0
0
2446329
0
1735874
289323
646118
0
0
0
160162
0
2777502
2583574
0
0
0
0
0
3094419
0
135458
0
0
685
0
0
0
0
0
0
2816267
580466
3130624
395239
0
1203896
0
0
1254306
0
2714846
3111847
1260277
0
0
0
2319185
0
3084301
3131139
0
134601
0
0
0
0
0
1702665
3040219
0
317437
0
0
0
2863823
3025979
1436750
0
986496
0
0
1676725
0
832305
0
0
0
0
0
0
0
2426081
1970289
0
1175749
0
2507337
0
2575629
0
1584880
0
0
2073582
0
2372515
1913294
1608853
3084259
619
0
2978461
2300594
1831073
1514982
0
608279
0
0
0
3082887
0
2441672
26010
2777503
0
0
1564791
351122
1284579
2878898
0
1591131
0
0
0
0
0
227
0
0
2487573
1499465
0
341
2641327
0
0
0
2813921
542
2248976
3064706
280934
3167477
0
1244360
0
0
3173358
1902872
2825857
0
1803216
1249833
1741941
3113045
0
2310817
0
0
224759
0
0
2245474
1620660
0
0
0
2171060
2313281
0
2345389
1779888
0
1501594
0
639210
0
1991363
0
0
1669439
2357045
0
0
0
792
0
0
1565185
0
0
0
0
2644876
0
2402149
0
2256678
2961163
0
0
656471
0
588
1346088
3015563
1292878
0
3043653
1352876
2317912
3102229
0
0
0
0
0
0
1623496
0
0
3017251
0
0
2680224
0
0
0
2682908
0
0
236121
3137288
0
1896738
0
1756530
0
0
1295984
0
0
1302346
683857
2794062
0
0
0
0
520
3138707
198
0
1028610
0
0
407126
2474611
1680555
1711706
1762055
0
0
2791892
0
585617
0
0
0
0
293280
1097888
540849
0
0
3203662
0
0
2049658
0
0
1735348
0
654134
0
0
116294
1601348
0
0
2169871
22856
501741
0
0
3183967
0
2812658
0
2925336
2782822
0
0
0
0
0
0
0
115668
0
1320606
0
0
0
0
0
333
0
0
2126478
0
0
1782898
0
0
0
0
1098970
0
0
0
327961
807
742
0
2934188
3008049
0
0
0
0
0
0
0
3179255
0
0
2405454
0
3068037
3089943
0
0
237
2849288
0
0
1342876
0
2506677
2753947
0
2608491
0
0
2539775
5621
1221895
0
0
3015794
869895
3212416
2044424
2286987
0
0
3062642
3046558
41
0
268619
0
2361056
2152269
2375639
3040077
2753599
0
0
720
2083740
2906635
0
0
0
0
2003444
3101938
0
0
327515
1357552
3158328
0
474900
470423
1413416
0
626
0
0
912
1745677
2778493
0
2466222
0
2901698
0
0
0
0
0
1385060
290909
1635164
2782684
0
2403982
0
0
0
1433356
765977
0
700
2086469
2104279
0
1072332
0
0
0
1840557
0
0
0
2944577
0
3110007
1520711
2395814
0
0
0
0
2543631
0
0
2842713
3140240
0
0
0
0
0
0
1241931
0
480587
3024344
933540
3146174
0
2225922
0
606908
2459072
2209602
0
51868
1913250
526
1048050
3012440
1593230
2285959
0
573
1378020
274025
1199447
3018085
0
0
0
235264
0
2927620
0
0
0
0
3067003
0
2028329
0
0
2132172
0
0
3227997
0
0
0
0
3191243
0
0
0
0
642324
2988746
2652984
578001
0
2106989
896522
38801
1075747
1155860
0
3137674
0
0
2606195
0
0
79916
0
0
0
875901
2545268
0
1913090
3173741
0
0
0
0
1332251
3262255
0
0
0
1727115
0
2500766
0
0
0
2792284
0
0
0
1105083
2775467
0
1541766
2963681
167921
2490064
986271
0
0
0
1073827
0
0
2951702
0
0
1571374
0
0
0
2892826
3171954
2458513
0
0
2999647
0
0
313994
0
0
0
1251822
3255827
0
489938
2895943
0
3223732
5328
0
0
3062165
0
3152564
0
0
75
0
0
3147012
2341942
0
3200471
0
8159
1143513
0
2924855
0
2665977
0
0
870678
0
1727556
0
2309456
0
3240956
0
0
6
3132713
0
0
0
2895273
2027945
311576
0
0
875587
0
0
0
0
1200728
0
261409
2388695
1358819
0
1823081
0
2671876
1569593
3069346
0
372046
0
1913616
0
2195852
0
0
24934
0
0
2781159
893977
846947
3258795
2923194
0
328472
0
0
2919436
0
3309168
2798735
0
3058850
0
351
0
1705398
872758
2144111
2859257
1147653
0
0
0
0
0
2285683
3242425
3188559
0
0
2826341
0
0
2278520
0
1371431
1922000
82923
0
1204095
0
3021814
0
0
2914132
0
702
2402521
0
245582
0
2552815
1378806
2855400
0
822341
294118
305928
0
1337909
3330686
2598451
0
940315
0
0
0
0
182694
655595
25353
0
3032169
126466
2457775
714767
0
1499307
0
308
0
0
3201879
0
0
0
0
1896399
0
1271282
0
0
0
0
0
0
0
1757486
0
377749
0
3264005
0
0
3200062
0
2685899
3243845
0
0
502482
1032495
499701
822
0
0
0
0
2857305
19757
0
0
0
3144782
654989
0
0
0
0
2106767
1227859
3268732
0
1888585
602
45563
3318854
0
0
1196173
2476376
1001839
124726
0
3073374
0
0
487
0
0
0
0
3172548
3152217
420227
1715014
2258607
2793047
0
2738023
3349420
0
0
0
8162
2979927
0
0
2412837
3243882
3100227
2669019
2222753
3348723
0
1681594
0
1686404
0
0
3355536
0
0
0
3085975
0
0
3043251
0
2757885
3292741
0
0
0
0
2572784
3010022
0
0
0
0
0
0
0
2649714
0
0
0
0
347
0
3045164
616053
647046
0
243202
0
0
3213051
2630597
0
2844235
1440883
0
0
11965
0
2307121
0
1333687
0
2032014
0
0
2288427
0
0
0
0
0
2623437
388946
3116854
0
440732
0
524488
1669634
2903648
3197839
0
1023190
0
0
3243167
1659850
0
3215297
0
0
0
3365031
1066224
0
2395912
0
2160521
3179613
2314525
0
2089038
0
612
0
1170193
735348
3123047
3022206
0
2059119
0
2884422
2173047
0
2375688
0
2476816
0
1636071
2912064
0
0
426282
275542
1904913
0
2766332
2024621
0
0
1966309
0
0
2751354
0
3239752
2578332
0
94845
0
861
0
1332674
0
0
0
3033523
2410776
2121141
0
0
2195393
608
0
3032042
0
3392941
0
1942887
1351291
1770926
0
0
400
1008479
0
3086153
0
3014609
1178166
1456721
1224571
0
1604124
0
1799840
0
0
0
0
0
0
0
3204864
894
60195
0
0
0
0
0
0
694679
0
1242812
980
0
3297066
3259682
969299
0
3409175
0
543642
3426507
0
0
0
2232697
2203552
0
3301460
3078497
250304
0
3070610
0
312861
0
0
0
1882365
2893280
0
1475929
3324979
0
3306077
0
1394962
2200284
1941007
0
656678
3214127
3284171
0
0
3300812
897035
0
1249108
0
0
3131931
0
0
0
1089814
3196508
2615032
540417
0
0
2946394
1148443
0
1471159
3083615
762081
3126384
3256597
500735
3418166
0
0
2060658
0
2284559
2686336
303954
0
0
245394
1948082
0
2976079
1741301
2474514
0
0
0
3449898
2930101
0
2898597
0
3340265
1475935
0
2034678
3326772
0
3442616
3040280
953938
1767685
0
1214468
1556001
2490479
3067808
2205318
559178
1837197
0
465123
0
0
3400807
0
0
0
3317864
0
0
0
1983484
0
0
0
45
2982835
2253896
264996
865601
0
1360384
3037417
0
2793101
0
0
0
0
1345506
0
289
683785
2775350
0
3261604
3326976
0
0
3422
0
312206
1601178
0
2662136
1714733
0
0
0
0
0
0
2081520
3459872
0
2185744
0
3069980
0
410
0
2120290
0
0
2924795
2904312
177797
0
3480218
2513205
2157303
0
1011560
0
0
0
626616
3018696
415
1585446
0
0
2203380
0
1304790
1072108
0
164514
0
3461808
0
1750038
3345364
929362
0
0
0
2277159
3469925
0
244794
3352187
0
3367527
3417889
0
0
0
0
0
0
0
0
0
0
0
2904703
803720
0
0
2544507
0
0
0
2078725
2946186
1109650
0
0
2655525
104638
3468674
0
0
0
0
0
3071697
0
0
3231214
0
0
1894515
3476147
641
2725784
0
0
60
1727654
0
0
986199
2157064
275
2843928
0
501817
0
0
0
496
3366173
2680994
396284
0
3355824
3394282
2513791
132
1887022
0
0
0
3354515
3452313
2234919
0
0
0
0
0
0
0
1344367
2323061
0
1293133
0
2923201
0
2908337
0
2477038
0
0
0
0
416
2877361
1144191
0
3413716
0
729111
0
3406996
0
2921711
0
1501746
0
0
0
3464941
0
943057
1918781
0
0
3222344
971343
2982187
0
73425
1830293
0
3349359
3267948
973388
0
0
1652422
486
3509145
0
0
3200733
1774962
0
3003655
0
0
3474423
0
3233341
95817
0
425326
0
2375202
0
0
0
0
3364435
1092185
1418289
1936812
358278
0
3055417
93310
260480
3090852
1232713
3180945
0
3119902
0
0
0
0
0
0
2561094
0
0
3021252
0
0
0
1903085
2504174
0
472720
0
1888523
0
3195448
2394733
2692771
0
2275711
3371420
2610268
0
0
0
0
0
0
0
1490293
0
1685817
3355633
3421472
0
1627564
0
447821
0
112
0
0
0
2322547
0
0
128
0
0
2570823
2600326
544805
3235706
3526953
0
0
0
971842
1923945
0
2994303
3463555
0
3123175
2794654
0
2847438
0
0
141
2198458
0
3043406
0
737
1248775
0
660752
2041192
3480696
214
289
0
0
0
0
2006439
0
0
0
0
0
2304000
976407
0
0
2711534
841142
0
2423858
529192
3342454
2652746
116669
0
0
0
0
0
0
0
2857509
0
0
1778969
0
11476
0
0
360222
0
2434479
0
0
0
0
0
3245676
3152592
0
2882941
0
46919
840574
3008480
3322806
0
3070
2935962
3325734
0
0
2891843
3199828
3375367
1040903
0
1731982
0
0
0
823
3269077
0
0
0
2998644
2832468
1518039
0
0
0
0
0
0
843875
1150321
0
0
0
0
1170311
0
3556727
0
2736319
0
297
3365291
0
1989364
704
0
0
0
0
2655388
0
0
0
1475290
0
3413143
0
0
803284
1331346
1500109
0
3438718
0
0
0
0
271721
0
0
3450309
905226
3180691
0
0
3342771
0
0
3154569
0
1117109
0
0
2403035
0
1793658
0
65958
3422277
3472716
3168833
0
540
0
0
1743795
2126420
2931452
0
3468715
801153
2052195
0
848485
3476974
3371569
0
1378104
0
297
0
2103896
0
533316
0
0
959043
0
2543216
0
1994216
0
308
0
0
1205302
0
1055188
1506378
0
3599571
3050667
2207467
0
888724
0
450
3210922
0
0
3026965
0
1621907
2129888
2228935
0
564997
3320004
2976689
0
3522342
0
0
3454598
3468456
0
3153227
675346
0
0
2905530
0
0
0
1066167
1694281
3162013
3131213
0
3058685
389775
0
0
0
0
0
2604489
0
0
1980462
0
3016610
3326060
0
655885
3082355
0
3597851
1767889
0
0
705
0
0
0
0
0
188352
0
3249963
2198030
903215
3223733
0
298628
1502608
3408097
0
0
2520089
0
646
3168495
0
1714010
0
871070
0
3490669
0
0
0
0
473
3239562
0
1265148
1620446
0
690
0
3572634
0
2679193
0
0
3503875
1153371
0
0
399611
0
1919433
0
3172874
2087914
2316957
3485641
1314378
953938
2847779
0
1709449
0
99
0
3586211
3038895
0
683857
0
0
1983693
1390442
0
0
103270
1594493
0
2274341
555803
3095806
2359227
0
0
1339979
0
0
2653053
0
890058
2889310
0
3343147
0
0
588653
0
2983385
835533
3399983
3362804
0
3285143
0
0
3508372
3204656
0
1742543
3323307
907812
0
0
0
3421196
3617969
0
3540173
1148188
442819
0
0
0
0
3574616
0
3523022
3637318
0
0
0
1652410
1687402
539630
0
0
0
0
0
817
2859596
0
1768491
0
1221256
0
1714415
0
0
0
0
0
0
0
1176377
3654061
133
3637544
1685323
1526819
3614643
0
1048299
1281186
2386918
0
714698
0
0
3518481
0
0
300794
0
484
3494658
0
3119463
1635213
1301981
0
0
560721
223848
131532
0
2690932
0
1864555
0
0
0
0
0
1934787
3615406
2331721
3666136
0
0
0
0
0
2915151
0
0
243771
2988623
0
3466608
0
0
0
0
0
0
0
2786660
0
1848642
0
0
0
2631037
0
0
2932424
0
3618267
1543818
767664
1133858
0
1851317
3341699
0
3544981
3396517
0
3037932
0
0
0
2561029
0
866465
3564983
669874
1834673
3555075
3666307
2407531
1300516
0
3413063
0
3333195
15
0
0
1619104
2407288
443855
0
0
0
882
527789
0
249
0
572361
0
204375
0
2852176
0
1000929
0
3210616
2469043
1025629
0
1213894
455
0
0
0
0
267010
9
0
3235948
3329917
0
372427
3184353
3624696
0
0
0
0
1613074
0
0
271
0
2683482
2049744
0
0
172019
3551215
0
3030056
0
2533715
2654184
3708632
3570607
0
0
0
553016
2878288
0
2184717
0
3178985
2058189
2319026
260
595
0
0
1148037
0
0
0
0
0
3583084
0
2800491
0
3278315
2356558
0
1561326
0
0
0
0
3236623
0
1109633
322
0
2790868
0
0
0
665933
0
1464036
1586070
0
1485395
0
3258022
0
0
0
2249917
3282508
0
3269551
2028827
0
3221744
228
411
0
0
0
1387574
1251820
0
0
0
3558636
1821598
2563717
3617135
3646409
1753091
0
0
3654247
0
1640444
979
0
0
2805117
0
0
0
3155937
0
773457
228668
1007105
1165456
1712226
0
2323163
1235307
2953383
0
168
0
3131775
2992079
1891193
557879
0
2780337
3420402
0
0
0
0
0
1178304
0
0
1875076
0
1098379
3376206
3194170
2966098
0
3012877
0
3324749
0
257673
0
2300588
0
0
2599288
181592
0
3153856
0
3533883
3589329
0
3361613
1956153
626614
0
0
1298582
913936
3663285
0
0
1053124
0
0
0
2077211
484
2846341
3261010
3261008
3520539
2930224
3346035
321521
509510
720577
3402251
0
0
0
0
0
3649160
2964454
0
943
3741123
3672050
3645576
417799
3700459
0
3185518
0
0
1687535
0
0
0
0
0
0
0
1056595
0
0
1353249
2688296
0
0
0
0
741130
0
1772628
0
0
0
3296018
0
1754228
0
0
3108321
952493
0
114
0
0
0
0
3236286
0
2753279
132125
0
0
0
0
3190390
2998303
0
0
855063
1032529
0
0
0
0
0
1690011
0
3268346
0
0
0
3408850
0
1822275
0
0
3253033
0
0
421783
0
548004
0
91697
2335621
0
0
0
0
2162651
1285529
764602
2030637
0
733845
0
0
3169937
0
0
928
0
0
0
3292274
1682563
3356805
2493924
1727732
0
1662522
2730298
0
0
0
841779
2342691
783894
0
0
0
0
3281172
0
0
0
0
0
915383
2987294
0
1695875
0
1406848
0
0
0
2643707
0
0
0
0
3582909
0
10
0
0
0
1634489
3602365
0
0
3481522
0
767138
0
3416838
3530144
1025492
0
242916
0
0
0
0
21701
159792
0
1559677
2078542
2581035
0
1596648
898049
0
0
2145824
0
3664976
0
2133421
0
0
1390573
114
0
0
2049291
3619537
0
0
0
0
3108084
1942598
2065318
2222742
0
0
1713273
0
0
0
3436964
2963996
0
0
1067729
2329016
2581174
3356314
0
667
0
3100070
2027311
0
3154433
3629842
1884002
646710
1022260
3331207
1641834
3406076
3800010
0
555
0
3721481
316
0
3168939
3337800
0
2552120
2204411
0
0
3031810
0
0
1717718
3321159
0
967350
0
0
0
11
32
0
3184315
0
0
1723784
3471123
3630759
0
3574013
3206397
0
3709118
3230630
0
0
0
2637859
1665449
1993580
784300
0
0
0
0
0
0
0
103317
3507222
0
0
0
2800926
3426185
1137523
3751739
0
0
0
2302902
1253627
0
550590
1223179
3395471
0
0
0
0
0
3158445
2666999
0
3166130
1505742
3057480
0
425653
0
0
0
838932
0
0
2901850
0
3269425
0
2719438
0
0
0
3530304
0
0
3469493
0
761
3344394
0
0
1338269
3823168
660571
3269217
0
0
3576417
2146117
0
1585654
0
2549910
1993678
2677214
2392337
3824886
0
0
3761339
0
0
3614012
822829
0
0
256736
3191881
0
402
0
3816444
0
3734925
0
0
1462472
417410
0
1435230
0
0
0
3222512
0
3708426
3038273
0
0
586021
547382
3206815
2575403
1473644
0
1754107
2268677
967426
3818805
2278841
0
0
1247900
0
0
0
2588205
1145427
0
1257126
0
3302854
1738241
0
3598696
3414123
0
0
0
0
0
0
2212344
529492
2849966
1133048
0
0
0
0
2752042
2359945
67482
0
369901
2872986
256051
0
0
3373152
3675039
0
3315226
0
0
0
3440659
435281
1367651
159081
680859
1525441
2341736
3188841
3196064
3235689
0
0
3374575
0
0
3203795
21139
2419400
0
2208322
2915192
0
3822536
0
447702
3605237
0
2381751
0
0
1501920
2412192
2561156
3219632
0
0
1595338
0
1113908
0
0
0
0
894607
0
283
0
3611732
3499167
2658585
0
2813572
0
0
0
3678386
786
0
0
0
2059492
2278595
0
2001951
3612875
0
0
0
0
1956064
3332366
2807387
1981834
0
0
0
2940858
0
0
0
293490
0
220183
0
0
3793556
0
0
0
0
2570709
0
153386
0
3486457
0
3889458
0
0
0
0
0
0
0
0
3677859
0
0
1878610
684136
0
242
3554324
2830776
0
241592
3606822
0
0
1767272
1177963
0
3410938
0
3800496
0
1357362
0
0
0
640897
0
2541012
3774427
1302371
2306459
0
0
162290
3611864
0
1205015
2662500
0
0
1661990
0
0
3365378
0
0
1034215
1659618
0
0
438517
3398304
0
2815928
0
0
0
2816427
0
705
0
0
0
2602703
0
0
3414404
0
140400
0
0
3741922
0
2924484
3196979
2392764
0
3295854
0
3736320
1373466
3745093
0
1742300
0
0
2663620
1657357
0
3113186
0
732194
0
0
0
0
2832499
1535421
3565189
0
3884190
254773
1875675
63220
0
0
3700753
0
0
0
1943924
0
0
0
3417158
3840069
0
0
3906583
3849715
0
0
3609051
0
0
2834853
365473
0
0
0
0
0
0
1401816
3893516
921
0
0
3088812
0
0
603
0
1888458
0
3862258
0
3630607
235836
0
3157822
227020
2236861
0
2906397
551
0
3358837
2749599
0
535
0
0
0
0
1232939
2913177
0
0
1371963
1429068
3825891
2831913
0
2552500
3416384
0
0
0
0
0
1139304
3167944
2841003
0
1742678
796784
0
0
725365
333796
0
3246558
0
0
0
352852
422038
0
2986392
0
0
0
3338806
0
593083
400122
923018
2337009
0
0
3489221
1952067
0
0
3934297
135
282254
456
2160167
0
0
489957
0
889613
0
0
0
3167714
2898289
0
2561143
2366676
0
1067280
0
1636066
0
0
0
1965388
0
0
0
0
0
1901252
14647
0
0
0
2003137
3539366
0
3324826
3913589
0
0
1674821
0
885223
0
1692659
2641566
0
0
0
3748340
1873
2274013
0
0
0
3853082
0
465
0
0
0
0
3835230
2998919
0
1653666
605219
0
1284348
0
3464816
0
0
0
2962189
0
0
3083433
0
0
3530979
662
2682402
0
0
1566785
353
153331
0
3509716
0
0
0
3509794
3108758
0
3845768
0
2711532
0
332804
3542031
1371619
0
0
1827954
0
0
3536660
3684105
2646014
153605
0
0
3232
2466553
0
0
0
0
3615536
0
687
1068101
1090599
0
0
0
0
1938848
0
2841795
0
1091458
0
3041189
3658394
28992
0
0
3101778
1000183
3886813
0
0
38214
2940528
3845653
3769785
2875507
3426641
0
939079
0
0
0
3350363
1154648
0
0
2209892
820
2731063
375
1975217
1067972
0
164839
3142118
0
0
3326045
0
0
539883
2093546
0
0
650783
3915690
0
3914931
0
3958979
0
0
852166
0
3788118
1129728
2662961
3709616
330318
0
1033455
2649484
0
3816187
0
0
2100721
0
3857940
3866231
2116378
1138605
3662998
0
3004080
0
0
3282639
3402390
1951471
893135
1423978
2611756
2539448
0
0
3901990
2001915
153054
0
2405972
0
1789826
0
3666085
3592170
2056641
0
803
0
3950354
2833387
3807506
0
3919128
0
0
3941293
0
3527196
0
0
3904670
0
1020698
0
0
3637470
0
617875
3809987
0
2331684
0
0
0
2575592
731968
0
3915628
0
113
0
0
3330086
3803896
2043497
1134927
3772097
0
2263627
4010116
530827
3270571
598
3571052
673
0
0
0
0
1895474
0
0
3944847
0
2512773
1096298
3770093
0
588131
0
0
2865477
0
2442768
3831226
0
0
3441419
0
3322839
0
0
3466627
0
3197950
0
2739437
0
0
0
3222289
0
0
2052444
59795
3570188
0
114509
3666249
1479957
0
0
1939472
0
1865372
0
3676970
0
1846426
1168085
150
4019317
0
0
3981501
0
2654863
4000161
0
2597492
0
0
0
1330168
0
0
1636292
0
1917989
778155
375410
3569595
0
0
3439178
2763681
0
0
3740605
2267117
3306282
3276132
0
0
3982560
2554043
0
2612464
0
0
0
0
2800504
3771310
0
0
0
1924078
928
0
1320671
0
2258944
3185035
0
2596391
313
188590
0
0
0
40884
2809978
829249
2445102
3322273
934595
2421764
3301649
2950204
3288435
3093857
3920966
0
0
0
0
0
2062071
3404575
365
634729
0
3937994
4028005
3159591
0
2467691
0
4010151
1064057
0
2241747
0
3633765
0
2706739
0
0
1328512
0
1356410
3727161
0
1136972
646
646780
1601364
3367373
1723010
474483
3996715
0
0
0
230784
0
3980151
0
0
0
3958377
3653868
0
0
0
0
3866364
4004330
3900550
0
254140
3891003
3699714
430575
0
2268890
0
0
253091
1754107
0
0
3115150
0
0
2818992
3285651
2442696
0
0
2238356
0
3833021
1980867
4022654
1086895
3957058
479
0
3997575
3525875
0
0
1220851
0
1248646
0
0
2260630
0
1395129
2165392
4038213
0
169361
0
594944
3327428
3696644
83059
3357162
3897846
2585204
0
0
0
2572876
0
0
2073911
0
0
3957564
0
0
0
2405322
3841883
0
0
0
793653
1424954
2869053
3918858
1175027
3617339
0
0
2940214
2692691
2307424
0
3382986
3897384
3372301
0
0
0
0
0
1134865
3421290
1117606
0
0
0
3907255
3912018
0
785486
0
0
4069165
0
0
0
0
2086625
3995102
0
312586
0
0
1749686
0
0
0
1214646
3103038
3964166
2248922
0
367868
3283797
2571170
981
0
0
3260293
3983007
1003955
0
0
0
0
3958975
2187915
3574041
0
158028
0
2845434
1855142
0
2551842
0
0
3274773
877173
0
0
3622383
220
953752
1095538
0
156139
1071318
0
0
0
3772800
0
3746436
4065091
2597402
3734364
3622722
3219469
0
723
2282952
0
0
0
3391263
4100843
0
0
0
0
0
0
0
0
0
3332800
969725
3090189
2248047
3192718
2080856
0
0
3773754
0
0
2276689
3188875
3526802
15242
0
2515903
3866611
0
4036936
2543264
4080196
0
3934245
3735534
0
3918787
1115173
2463403
3538379
0
171722
3274555
0
0
0
3457068
936655
0
0
4068133
0
4039609
0
3362364
0
0
0
0
0
405472
0
204012
0
3896642
2012863
0
0
0
1802989
0
0
522619
1725461
0
0
1628154
857
3724627
355912
0
552709
2038062
0
801106
681663
3373980
0
0
4019251
0
0
3967160
3827647
0
0
3964293
0
0
0
0
0
0
0
3517088
3402591
3992843
0
0
4093221
3728337
4105811
508856
0
609102
0
4116322
0
0
0
0
0
3281508
3916281
0
0
0
0
2716699
0
0
2720473
921
0
0
0
106
3723278
4075738
0
0
4094121
0
2130205
0
3024934
1735672
0
0
304593
4122713
2118742
0
0
3620301
925401
604830
0
2649026
0
0
0
3199512
1886178
1750590
0
2773395
1243388
1326061
902
687427
0
0
0
3424404
0
93279
0
443
0
0
0
0
0
0
0
3831988
0
0
0
0
3667751
0
1234208
4125176
0
0
3208235
191899
1757177
1649310
0
3481054
0
0
3620499
4105343
0
0
0
378571
2610139
4012468
0
0
3978628
2367248
3535783
2245796
2124836
0
65180
3490338
112206
653
0
0
0
4089906
0
1740538
1408909
0
1852788
1882427
0
1816868
0
2550346
0
0
0
3178215
0
88177
3606419
3331710
3269425
3959275
3976789
0
1375281
0
576
3916547
3830570
0
3550410
0
0
3720514
3830467
2323575
2539656
2641829
0
2206324
1303177
3232974
0
0
1713119
1445191
648
3245424
0
0
3645040
0
0
2550332
0
0
0
0
3376692
0
3975205
4179029
0
2669979
0
0
3976462
3182947
0
3863580
2692336
0
0
4144176
4038622
3113203
245467
2925288
488998
1361335
3127141
0
0
0
3998041
2685618
0
0
4019406
4158775
0
3983376
209494
0
0
731632
0
0
0
1126711
0
0
3597759
0
1913989
502708
3972304
0
584070
4088737
0
3598410
0
0
0
0
0
0
4185311
2944246
3858073
256
2665938
1076860
564208
2667393
3773767
0
0
1266123
4183255
0
0
0
0
0
0
0
0
0
0
0
0
0
0
0
0
1512869
489768
0
2616700
0
2117164
0
0
0
0
0
0
0
840820
0
4153958
0
0
3078183
0
0
4204360
3857935
0
3829355
3689956
2790432
3995750
2295955
3989830
3817787
49
0
613888
3391525
600771
0
0
0
2558239
643990
2905569
0
0
0
0
1945609
0
0
39161
0
135624
1135305
1764338
1794305
601942
0
0
0
2298458
4175374
3493479
0
0
3298084
933725
0
1789934
0
2033558
2508575
852888
0
0
0
3533908
2956496
0
0
0
823043
3528875
0
0
0
0
1997985
3690688
0
0
0
2464310
1260426
3414993
0
0
0
0
2153903
3877788
3556574
3381640
4144329
0
1649963
1439259
0
4054804
3682410
0
0
0
0
0
2176865
0
0
0
888919
0
2073982
2977950
0
0
0
2551850
2862705
0
1139696
2906721
0
0
0
0
1463325
0
367412
3781416
1181689
0
1895954
0
2965
0
983
0
0
3900465
0
764510
0
0
3641008
0
4228537
0
0
0
0
0
3031823
0
1907442
0
3832157
3406530
0
0
0
0
0
2619733
17617
428
352999
1072317
0
2498359
3849337
3100113
0
0
3127842
1243448
0
0
4195012
0
0
163212
0
3363467
4239854
0
828707
2658469
2981957
16824
3285190
2162282
0
4219740
0
0
0
0
1785167
4178374
692
0
4191482
0
0
0
1456657
0
458583
3969328
3060447
0
3240249
1268067
1786530
4153544
392433
0
612
140567
4109584
4228281
422567
328907
340400
0
380178
16662
0
0
4167892
195902
0
0
0
3875032
0
4052584
0
0
0
345613
0
0
0
0
0
0
0
4081059
0
0
4191942
2971883
0
2303839
0
4110124
4082519
0
0
2560501
0
0
0
0
3632005
3946245
0
0
1356540
0
3235628
3778059
1334917
0
2528650
2619057
992523
3794429
1509650
0
1783242
38934
0
3233877
585750
0
0
1819120
0
0
1378582
2885881
0
0
0
4087750
1236725
3595814
4216773
3274532
2302259
3984467
0
3897484
241560
0
0
1778134
675726
671386
3010685
1075210
3743140
2914960
3878570
0
4255819
0
955973
4243166
815
3732953
1752817
1591524
4214855
3433334
0
259151
144494
2182942
2088237
3673832
4202202
1888975
4024050
0
3514018
4117904
0
1243324
0
0
0
0
3797583
107
2878134
2552799
0
3720668
0
4086461
492946
0
3947507
0
761829
0
2551850
1763695
0
4146727
2640728
0
3739697
0
675710
622
0
2600389
1739470
2639579
0
0
2014854
2615219
0
4178317
0
0
3556955
0
3739145
2107606
0
3963815
0
0
0
0
3913797
0
4037210
2916409
0
0
0
2436112
4240579
0
688212
841
3365735
0
385758
886847
0
4235384
384312
0
2687554
0
0
0
0
2578278
0
0
3771797
2261027
0
3966791
2881968
4317616
1103548
0
0
28660
0
0
1984885
0
0
1984545
2261704
3924097
3742293
2341252
4116814
848
3596159
2583155
0
0
3865618
2278959
0
3254826
0
0
3111883
0
0
0
3907346
4057168
2123068
1569819
0
3626850
0
3904050
3287084
0
0
0
832742
3969970
0
4002906
1305515
0
0
0
0
0
0
4060324
3487695
3582311
0
1700435
0
0
0
0
1309804
2239187
3928733
502988
3787196
0
3693785
939
65171
0
0
0
0
347
0
0
4123183
1833443
2067866
0
1374257
0
3938011
4202951
391402
3960790
0
130947
0
1495959
0
0
2853099
2083508
858
0
1741648
2081820
1460401
0
0
793161
2394217
0
0
4138677
4331345
0
1475104
0
549
0
4158228
4349258
358104
0
606768
0
0
3816304
0
1981066
0
0
0
0
0
1771308
2102351
444791
3958995
0
475375
3900616
1711000
3128776
398
3905187
0
1815758
1964933
0
0
0
0
0
10095
0
0
4079930
744769
2302317
4099820
3858524
0
0
0
3021612
4345690
4296274
2347618
0
952
2171871
4306284
0
0
3924813
3999094
0
4077690
1407182
3362483
4218213
0
0
2856300
0
0
4008351
0
0
0
0
0
0
0
0
2543881
3454266
0
4082346
2151339
0
0
0
1257967
1484289
347500
0
3963018
2543245
0
0
536
0
0
3448819
0
3555652
0
0
339167
0
4275919
0
0
1968244
55208
445242
0
1523644
3426106
0
0
3209146
3983561
2021766
0
0
0
4234745
2894008
0
2045164
0
3685794
1726018
0
0
0
0
3978230
346
0
0
0
0
2040800
608
0
0
0
0
0
0
2846667
0
0
603308
0
0
0
0
0
1978164
1061491
1640362
1091589
0
4328353
0
3785855
0
0
0
0
1763876
0
4342448
572
3895033
0
0
2187229
0
0
3191345
2748035
3427080
0
3679190
0
592532
2542085
3052391
0
1036822
0
0
1849010
0
3532373
2219653
2323517
0
0
0
0
1211384
387
0
278912
533858
821549
0
3865628
4367461
0
0
0
0
4259044
0
3761219
2663309
0
0
4368458
4032603
0
0
3711161
3427287
590980
453840
0
3338314
2120695
0
0
3345889
0
0
0
583417
0
4081467
3042225
0
1475178
0
0
0
2021966
2581692
4074874
914012
524665
2003811
0
1359790
1960946
4081551
0
0
0
626040
0
3348960
0
2201282
292522
4379835
656
0
0
2274039
443899
0
0
0
2764804
0
149576
515
0
0
2110473
2710168
4364689
0
526211
3754486
0
4307744
2759191
4310210
4066294
0
3577286
0
2078439
3712601
2900638
2006249
0
0
0
544888
1844817
2687206
1158715
0
3977291
3989282
3914392
0
3127976
2418161
0
0
0
0
0
0
100559
2999317
3415051
0
0
0
0
1449785
0
3665624
0
0
1272645
3121935
2605831
0
0
0
0
1133144
0
0
164666
0
0
4158680
0
0
478166
3417653
1037717
4407172
0
0
4394021
2853362
3743842
0
1591393
0
0
4329727
0
0
0
3775550
455
0
0
912900
312
4363742
216604
781966
0
3645661
3644173
0
665374
121145
0
0
3392553
4122371
0
3068743
0
3438561
0
0
0
4135591
0
0
1669429
4248644
3352582
0
0
227
0
0
0
4373535
839976
2066325
0
505153
0
0
4087131
4195128
3243856
0
4393896
0
0
1125208
0
662
0
0
0
0
0
3738882
3822459
0
0
0
1748061
4164940
0
0
4375691
0
3921375
0
2565770
0
4362950
0
3067977
0
3619508
1193044
2022790
0
4392702
1413161
3891073
2297902
0
0
3527461
0
0
4405341
0
4212630
4276250
0
500792
690959
0
0
0
0
0
0
0
4224200
3473382
3222978
0
0
3853653
1142360
0
0
3797389
0
0
0
1076035
0
0
946070
4016255
0
0
3647548
0
0
1003322
0
0
2099933
0
0
4019097
0
1414869
3722816
0
360439
974895
4090186
0
0
3293405
2910024
1451005
3167979
0
0
3062097
0
3575002
456
4027536
555
4459215
0
0
0
0
0
3432502
0
0
4330808
0
2045153
0
4190648
2674776
0
2294658
0
0
0
3888949
0
2578098
3472359
1597946
0
2439866
3796143
1991086
3605275
0
4405347
0
2367053
407180
351729
3986096
3961100
2654082
88599
943438
3845031
0
3126338
4364860
406693
0
0
0
4460128
184346
548986
0
4202160
560942
0
0
0
4293670
4467285
989
0
1485150
0
179634
612238
0
0
0
0
0
2621578
3061052
4200123
0
4040584
0
238
2230137
0
2553308
0
0
4091934
280840
0
4358463
0
3891719
0
2475554
0
1454768
2910552
2235068
0
0
3434646
4327649
3757078
4026252
0
0
0
1024780
467771
0
0
0
0
1331291
0
3741600
0
0
3044610
0
4032350
4364140
0
0
0
4030046
0
0
4449488
0
0
0
114763
3399594
0
4478426
79
0
10738
0
1450690
2293413
4103694
3795142
0
4087882
0
3275247
2553690
3652023
1852934
287956
569808
3582977
0
0
3351692
3984990
0
0
4205970
2554867
0
0
4155189
0
0
0
0
1293556
3892079
0
780
1114524
1092357
0
4507098
0
798
0
2184049
4155297
0
3938414
2601667
4130478
0
683214
0
0
4226468
1488783
0
120384
0
2039674
0
0
3963366
0
0
3246099
2079698
0
0
0
0
0
0
3857539
0
4347128
813838
4327478
1098650
0
1244703
4255371
0
0
2497832
0
551
1669270
2920672
0
0
0
0
0
4318205
0
3108294
369506
0
4423178
0
2396080
3720715
3907703
0
4091022
4285167
0
2087513
0
0
0
0
1751011
3818995
0
691408
0
0
147839
4530502
0
3320875
521
0
4147222
0
683469
692524
840469
3031866
0
3321160
3914451
0
2025885
1072778
4476521
4006805
0
0
0
4517689
0
0
0
4234378
0
1819660
971
0
0
0
0
690
0
0
721717
3068846
306093
2881593
0
0
0
3029760
3542596
0
0
387455
0
0
4247435
0
0
172175
0
0
289691
0
3187546
0
553742
0
0
4429887
805
333165
3723743
1812932
0
0
365069
0
0
0
0
0
1224660
0
4377414
662372
0
1782886
3848085
0
0
4425686
0
816536
1091653
2094082
1966839
0
0
0
0
0
0
0
4485381
0
376
2539895
2787733
2855404
1739118
585564
0
0
0
4523897
0
0
478110
0
4115950
2191599
0
0
0
0
0
0
0
0
4070627
0
3778469
2574180
0
0
1873334
2497039
0
1276404
0
0
3373626
0
2979399
3180912
0
3855864
0
4348061
4559389
3474535
4478136
4093527
0
0
3332751
0
2306902
0
4180018
1943856
0
763794
0
0
3909324
0
4572610
0
0
3809439
0
2330215
0
1091511
0
868
4570235
0
0
0
0
2581610
1517215
3107258
1480510
1755168
3322924
0
3979446
0
0
2741312
3504289
0
2895871
1031359
0
3417850
532
4130112
0
134701
0
538343
1222696
0
0
3516344
0
0
3626462
2547483
3577981
0
0
1876072
0
2282975
1347006
0
865177
0
312792
2501642
0
0
875612
0
1174802
0
0
3068587
1798670
0
0
0
0
0
3938646
0
4236539
3513450
81
0
0
820439
0
0
0
2780600
2280258
0
3665881
0
0
0
0
0
3290380
3649255
0
4462154
2781183
0
0
4317091
0
0
1500218
0
1574139
0
0
2597582
4031607
4212582
1595172
0
4009087
0
0
4227617
2011070
0
0
0
2662797
1097024
4513794
0
3781751
2400328
4475597
0
0
3404936
0
3064011
3720131
0
125
0
2305618
4569361
815
0
2101114
2615161
4192745
0
0
1872567
0
554970
887173
0
0
0
4494615
444515
0
0
0
0
3864913
2279541
4601968
3710005
0
686298
414
0
3435683
2019906
0
0
2025947
2311819
0
1308127
4234609
0
2893622
0
0
3158714
0
4586186
0
0
3818995
0
71864
0
0
0
0
0
0
3626339
0
0
4573101
0
4474118
3912924
2624376
0
0
0
4526149
1311440
3867010
0
0
4218538
40726
0
0
3725327
2423950
3637506
0
0
1711352
0
0
0
174
3110223
4378481
0
4107062
0
3105684
4521816
288874
2198987
0
2686156
0
3297246
0
0
0
3322928
0
0
3868644
0
2350464
0
509937
0
4219144
0
0
0
3446662
0
4569416
0
3981803
0
3207582
1384938
4219042
387382
0
0
4422026
0
2687299
793066
1750018
3348159
4595530
1484863
1791518
0
0
3386270
0
4600807
3875454
2167996
2256169
3578032
0
0
0
287210
0
545010
2723125
0
2287286
2471777
0
1340858
4285032
0
0
0
4572512
4433580
0
0
0
0
332798
3117988
0
2591345
0
4319093
0
0
4167061
852870
0
0
0
437478
0
2312728
389
0
1946303
0
0
0
0
0
1192898
4035352
4360147
3185112
650129
4357572
0
421654
0
0
1277920
3769374
3404468
0
3957343
0
2723975
0
4577717
247617
0
0
0
0
804363
0
616597
0
0
558601
4305132
0
1403107
0
0
1220454
0
281
4526076
2860853
4421918
0
0
4614226
0
2770268
4104796
4127073
3217299
0
0
0
3131824
0
1296124
4609331
0
0
0
0
43364
0
0
3843627
2980418
2473970
0
1471783
1631219
1627185
0
0
4309317
2036887
4567012
2102837
699421
4558926
1879868
0
0
2592795
0
0
0
4573387
4162389
0
4493248
0
0
3982253
0
0
4557940
2101
0
0
4503028
4513023
0
81804
0
0
0
4495153
2724891
4598532
0
2998364
0
1985768
3818892
3947393
3162153
0
2039156
0
0
4504111
0
820228
0
0
0
1109956
0
0
0
88705
0
0
2138009
4568428
2047414
0
0
4338839
0
0
0
0
0
661687
4208471
0
4473089
0
4388630
4338856
4416122
0
3397733
0
0
0
4108263
3074414
4609721
4596254
0
0
0
0
0
579088
0
4233138
4032554
487982
4133972
19607
0
495234
0
0
2820374
0
3662507
0
0
2230254
0
0
4594457
3081907
1705755
4703680
0
0
3739088
0
0
0
0
1779880
711045
0
0
0
3972940
0
4445565
2080962
0
0
3916036
3203379
3012100
3710332
0
3973729
0
469
3261383
646
1808156
4708329
0
0
3501306
1282961
0
3385219
0
0
4507224
4217489
0
0
0
0
0
3039394
0
0
3374433
4593010
4406142
0
0
0
1669850
4347436
0
0
0
0
2275508
0
92002
0
0
4671209
810583
1127780
1546710
814583
0
4291732
0
0
2346430
3761950
0
62
683214
0
3958122
0
4637022
0
0
996
4598510
0
2853870
0
0
3950406
0
0
0
4177236
25445
0
1719699
0
4514598
0
2779998
0
688986
2712668
4722709
1516550
4649660
0
4477211
0
0
0
2394590
0
0
218874
0
3831284
0
0
0
610
0
0
0
0
0
0
4211891
3913194
0
0
3366633
0
0
4643334
610411
0
0
4510405
751348
3689055
1570334
0
461474
1866007
3156499
0
0
0
0
596842
2083957
4170996
0
321525
3589868
0
4292109
0
0
4328216
2567413
972422
1925795
0
4087638
0
1254026
3921734
0
1469432
3904120
591
0
0
0
0
832624
4226143
0
0
196317
0
3204147
1245238
3834192
0
0
0
1734683
4565523
0
0
0
4044220
4415093
387164
1750272
0
0
1475241
0
0
0
0
0
0
4592374
0
0
2911369
2228521
4756463
0
0
4147908
0
2373577
0
4445136
0
0
0
1952737
0
0
437
1332827
0
3355250
4582260
2897240
1564771
1386868
4351641
4127242
3820851
0
0
71557
4704490
0
71
0
4299170
0
0
844248
2343214
0
0
3764836
827
2336853
2861480
0
0
4549209
4265098
0
3086598
270436
0
2524429
256344
0
0
1126160
0
4255097
4554676
4309569
0
3451432
2408261
4764400
0
0
785575
4185213
0
4342549
2580598
2518206
0
2100919
4142680
4494886
0
2982326
1801263
0
4203724
0
0
0
0
1883367
4021880
4553983
0
4525600
0
3986180
0
0
2792884
0
4319772
3937564
433196
0
0
926038
3172131
0
1621363
0
0
0
0
0
0
0
0
500055
3894197
1091820
13472
323346
2509525
0
4566665
4503034
3224489
0
0
0
3916396
2009642
0
4779685
0
0
0
0
0
342467
4293858
3742325
0
4635985
0
3198917
1793239
0
3225100
0
0
0
4177807
1621421
1925250
0
4616612
3390181
0
4660661
496677
4658486
0
0
2029008
0
4246749
4283701
0
3724369
2506800
0
0
0
1485134
645163
3865998
0
0
180251
548150
0
4373970
4204868
0
80909
0
4794724
0
0
3033895
0
4611827
0
3627425
0
0
4593177
4727777
0
0
0
0
753767
0
1294307
0
1802744
0
0
0
0
3887899
3867958
1767098
0
4532477
0
0
0
3560866
0
332798
0
3865482
0
4390256
0
0
4212517
0
4588526
926736
0
3738900
0
0
2721091
4524900
0
0
0
4428160
1521392
4613361
172
1755227
4352768
0
3995104
0
2578306
35665
4089194
3770815
0
3979219
4758634
0
0
4723723
0
4438174
1082582
0
2256233
0
4804356
3439686
4372881
0
0
662
0
0
0
3151121
300656
0
3397398
0
0
3997564
2399523
3862207
0
4390776
0
2580134
0
992
0
542398
40994
4813287
4425688
4007825
4136424
0
700577
0
3274800
0
0
4029007
3175211
0
1576355
0
0
0
0
0
0
2896658
0
2548053
0
1605992
1355534
0
3917019
3604028
925121
4802802
0
0
4625303
0
0
825802
1438725
4147957
0
757789
4131699
0
0
2358590
0
0
1035263
0
0
3216511
0
4538096
0
1742511
4347287
0
0
0
3528580
1032605
0
0
4094119
0
4360657
0
2423004
0
0
2216986
2184595
0
2233171
182837
0
1596045
4534693
0
0
3998610
0
0
3701041
4535398
4260238
1185597
0
0
66936
4756192
427798
3262908
0
0
0
0
2098681
0
3179199
0
4562998
28430
2965613
0
4687941
0
231205
0
0
0
0
2743192
0
256831
0
0
3141940
0
0
0
0
4377291
2134334
4841415
0
690690
0
282387
0
3226862
4538541
0
0
0
4451436
1954827
0
680164
0
4831151
4798119
2822099
0
0
0
3482757
4410302
4400535
3282458
0
4572146
674
0
0
67336
0
0
0
0
331532
0
4191638
98976
4145841
3999898
4835311
408153
0
0
0
0
3582055
814273
4033731
737507
2692449
4677231
0
4690841
0
0
4846838
3561024
4603559
0
3271737
0
0
3312820
0
0
0
0
0
0
4355503
4783190
1892890
0
95933
335
191
3405592
3953114
4815385
0
4565698
0
0
4799340
0
3728847
0
4685662
0
1691597
0
4125133
2299683
0
0
0
4316057
2454245
0
4615508
0
547125
4730063
3865932
3007912
3009953
4756928
974027
4729745
4886625
0
3243560
0
2786653
0
0
0
4735412
0
4002639
2595962
0
2312432
0
4218529
4391401
0
0
0
1282820
0
0
0
0
0
0
0
0
0
0
0
4137519
2721737
0
0
0
3174377
0
4512790
1929142
4516244
767019
0
0
4427947
0
0
0
0
1629499
421382
0
2595175
2760767
0
0
3569744
4524289
0
4251233
202015
0
3907140
153054
1684877
4506053
0
452870
0
4669532
0
0
3895502
2562895
0
4825819
0
0
951247
4309027
1098889
1831008
0
0
0
361
6875
0
4756351
0
4318424
1902552
0
617284
0
0
0
1459479
1691597
604081
0
0
0
1358407
0
4006015
0
4666798
3346434
0
0
3285494
0
0
0
0
0
57947
2251742
4841418
0
673528
878417
4810985
943057
0
0
0
840213
3267589
0
2346143
537935
0
654667
0
0
3819132
0
0
4455663
4090478
0
0
2000933
0
4094943
4234707
0
0
4689396
4749283
0
0
0
922319
0
1836165
545807
0
3797103
0
1608924
0
3866373
0
0
4678365
4839586
2402900
0
0
0
2675740
130738
0
1369624
3112583
1657516
0
0
3256264
4277564
199073
2523137
0
0
0
2868236
0
0
2291269
1779776
0
0
3684467
113597
0
0
3667752
0
0
0
4892830
0
176328
0
4411739
0
0
3421095
4001617
0
4612184
0
601097
953131
0
0
0
0
0
3799897
0
0
2947475
3082430
0
0
0
4212517
1547190
909132
1656498
0
0
3669219
0
0
2302550
0
0
0
0
0
0
0
550210
3291064
2722724
0
4728439
0
0
4699298
3905149
1690867
0
0
0
4699144
4625112
596133
0
91
0
2586245
0
710
0
0
633
0
2499427
0
4940127
0
4147138
0
0
3509807
0
0
0
2734335
4246785
0
4740264
4931522
3963820
0
0
0
0
4344547
4720598
3814692
0
4820664
0
2009821
0
0
0
4599664
0
3536548
2458766
1875097
3033981
814014
0
0
0
863354
2576113
2475016
4654461
0
0
2935695
4864715
2189326
3251759
0
2086603
0
0
0
0
2979080
4924232
1796396
1714460
2011025
2331625
3602990
0
0
1260383
0
0
0
1221059
0
0
4927545
0
0
0
0
2119028
4568446
0
3716628
3054734
4929212
0
0
0
3143242
0
2949867
0
0
0
4793174
0
0
4979043
0
4928005
4363268
0
4730840
31801
0
4302674
0
105668
4347104
4685964
439231
0
1924860
27264
3727727
0
0
0
134091
4977153
3959840
0
3316144
0
0
0
3261046
4630019
4643075
3656870
0
0
4916388
3212045
4086676
0
4734027
0
3125898
248
4309905
0
118316
4534503
1796143
0
6
1688204
0
449165
1086584
0
4207931
4825019
1683933
0
2794004
0
0
0
4908855
679
4853708
4779330
0
1388823
0
3809415
0
3469859
0
4356943
25617
0
0
2260880
4218949
4524188
4892602
3723145
0
0
1815602
4886460
0
0
0
2202848
0
0
4914965
4026013
0
0
0
2917867
0
3022005
4246883
0
0
2084797
3178865
1579048
0
0
833634
2911773
0
0
0
4912345
1409397
912
1636710
0
275302
0
0
4926849
1184159
4968843
0
1333709
4815963
1947840
0
544176
0
757
2869473
347419
3703591
0
4602800
0
0
3072500
824
0
0
0
0
4076138
788618
0
4582502
0
0
0
4923003
0
0
4940626
0
3165203
3206699
0
0
4951535
4508813
4971022
0
0
0
0
0
4855163
2719668
967723
1927203
3720717
3571654
0
0
540544
2435785
4994713
4997123
4058186
3727319
2123423
4999211
4972498
2971497
0
0
4801423
5024950
0
0
299
821476
4510395
4681289
752
1333307
4984689
0
0
3681519
2587850
2956821
0
0
3858672
0
2719870
0
0
0
672330
0
0
0
0
0
0
0
0
116
0
4852106
0
2369618
0
4438389
0
0
2800069
2735403
0
4865525
0
0
0
226659
778495
3149551
127
0
0
0
0
2858425
0
0
0
0
0
364783
2534125
4899047
659
0
0
0
4135403
1329530
1201469
3731827
2374721
0
4895567
0
0
4300098
0
0
0
669971
95065
1038212
4883756
0
1309662
5037891
2960741
3793063
0
0
443462
3825314
4811166
130303
2471796
2668571
2521532
0
450
0
3425511
0
0
2090754
0
0
0
3815468
4998569
0
3220072
4730453
0
0
3773414
347
196827
2603586
5003779
0
4809784
2971799
4859290
2182220
4612795
1685110
2559084
0
0
0
0
4493971
0
3354875
4670489
0
0
4786295
0
285
0
0
4807103
639385
0
1507547
3870808
0
0
4185670
0
0
0
776572
0
0
3128712
1637197
4903909
2520594
0
0
0
4618842
0
3822495
0
0
0
0
0
0
485330
183448
0
0
0
0
0
2561520
1233644
5060988
0
0
473
0
3834976
0
0
0
3045815
4396160
0
0
5098388
4713880
4292146
0
4073800
4853219
2737425
4027937
5040418
4467194
3427124
0
0
1411596
4730866
4993357
2133323
4794328
0
4654619
0
0
2976278
4953329
4791403
0
4656416
0
0
0
4532854
4913687
0
0
4088791
1092861
2581871
73385
4662797
0
4250162
4661975
1691782
3297079
0
0
0
0
2214085
0
0
0
0
0
0
2521110
4943694
691515
3456906
4856180
1959905
656
5101315
0
5008837
0
4316529
0
0
4821455
0
0
1657011
1429283
1455577
0
0
3366421
954705
4438440
720
1319669
0
4129260
1751722
5012943
1392816
4185176
3545238
0
2718513
346
1381404
4250115
2493307
3544864
5049337
0
3171224
0
0
2714585
0
3163320
0
0
4219494
0
3008034
4660941
5024664
0
0
361505
0
4996537
3815984
810067
0
4743083
0
0
0
4432340
4303552
0
3607107
3229047
2494507
4666859
5070209
0
0
1585086
0
3209850
0
4911106
4775406
3233877
0
2208300
3824900
4078650
2764449
4374983
0
3522366
2707436
0
4011237
0
0
4974873
1949072
3909887
0
0
4793772
2526142
3480561
0
5008791
0
0
3356197
4582071
0
3028422
4689645
4648450
5060197
0
0
0
4766097
3136294
4268390
0
3843530
0
0
1447388
0
3508318
0
0
2395588
2859125
2491229
0
0
2324126
3167333
3298354
0
0
0
1442528
5073294
3819323
3125386
0
300502
4145484
0
4966725
0
0
4954037
0
3806094
2238524
0
818960
0
680921
0
3964474
792198
114810
853668
2206597
2182560
5003686
0
0
0
4720242
0
0
1666947
0
3476999
0
2167950
284017
3082323
2079453
2856228
193
3138786
0
3506783
0
105224
3563142
0
0
4565099
1053971
0
0
4500011
4367658
3221880
0
18
0
4226246
3833996
4727429
0
4880618
2800004
4015146
0
4484607
1121304
4699351
4248169
1146418
0
2302890
4761703
2709262
0
0
4218448
3949605
0
1431997
62597
4846949
0
4871065
4810985
0
4857480
0
0
0
0
0
0
0
311
387249
316372
611777
3098421
4423196
246299
3542075
0
0
4743623
0
4607686
0
4293163
0
0
0
324566
2248894
0
4346397
0
3197728
0
51343
0
5052539
4541507
0
4674016
0
1631674
0
5114421
584179
0
0
0
4012877
0
0
1498165
0
0
4894923
2812041
0
0
4943166
4075309
441
5130676
0
0
4342131
0
876829
5162371
0
2611863
40
4455857
4563092
999769
2213953
2926513
0
0
4860734
1865998
217
4826567
398411
1219930
0
0
4225137
3655388
5147874
0
616258
0
0
0
0
4172810
2729013
4496742
1382419
0
189357
0
2249119
1611304
0
4236510
0
0
0
4951964
0
0
4618391
0
2094175
5088190
3203461
0
4929971
0
4697264
4847622
3658525
0
0
0
0
3903426
4657809
0
0
5091581
4285071
1839377
3150306
5158641
5100211
4522024
4536864
0
0
0
4655732
3653917
4707772
0
5089140
4424027
4603690
0
0
0
0
4931097
0
0
4429233
0
5012300
0
4196034
0
2819825
1879914
0
4375044
4845893
4543167
3275273
2166346
675071
3298764
0
0
244
0
780339
0
0
0
0
0
0
4944115
0
0
0
452903
573
3609241
5143725
0
5145721
0
0
3567407
2602953
0
5132803
0
3985386
2424965
841097
0
5123303
2892423
3979204
0
4672131
0
0
3799898
3008969
395
901
2401488
0
0
0
0
2795892
0
364880
0
4785198
39855
1622183
267500
0
3626135
0
3589838
799927
0
0
1129141
4084380
3357864
909908
0
3912785
0
4790536
0
0
4378346
0
13456
0
0
2755487
4836140
0
0
4858729
5063503
0
3022756
3582611
0
0
0
0
4145898
535
3126305
0
0
0
0
0
0
485
0
2248232
0
1875225
722759
5165058
0
0
4231837
3339814
1439190
0
2287102
0
2879358
5023311
0
786324
32070
3146683
80985
0
5181998
0
0
0
1335261
3513762
0
0
3814280
3095684
0
3491197
4408199
0
4328707
2127122
0
0
3315252
281212
0
2204890
661178
0
0
0
3990256
4764790
0
4140328
4606352
4523222
4713230
0
5176381
3458796
3103915
4569981
0
0
3959307
5017552
5017971
0
0
0
5218420
0
0
1939841
4442941
227044
626498
0
0
3547713
0
216346
0
3351576
0
3390202
781602
3495642
0
0
0
0
0
141
0
0
3493782
1279898
10947
3124546
11941
5001909
866
0
479760
5080731
3844315
0
5055998
3992984
0
5228828
3332102
0
0
0
0
398561
0
4667919
2451570
1441778
0
0
4709711
0
0
0
0
0
4323237
0
3413587
0
0
0
0
0
5067650
2600212
1388079
4886421
4816431
0
0
0
0
5223811
0
3216804
1884495
2407585
3953300
0
0
1656794
5178429
4768004
0
0
0
664662
0
3283487
4443083
0
5182053
0
4689238
2483279
839
4362082
236873
1723665
0
0
0
3354215
0
1578305
3315283
3356808
0
0
1153487
0
0
3436033
2935916
3356695
1664986
4649036
976086
2849839
0
4274608
0
4918630
2336374
0
0
0
4061083
3347516
469361
3793271
0
3241519
0
2358184
5170969
0
4360266
2892612
0
0
0
0
2097887
4582074
845451
419364
0
3023647
2581576
0
3113715
4755294
4887362
449083
1726243
5032485
0
3978583
1766680
1798911
0
717424
4169455
0
3094491
3222465
1754603
0
591797
4560231
0
0
0
0
216346
0
2316131
3348137
0
5027697
0
5082770
474507
0
590
0
4871956
387
3700880
2572771
330812
0
744242
3009979
0
0
0
0
0
0
0
480756
587662
0
0
0
0
0
0
1080836
5286629
0
0
0
5218855
0
4223419
2085936
0
3845646
181866
5071678
0
0
0
0
0
0
2426690
1979679
0
0
3574892
3793271
0
0
2489723
0
2321690
0
0
0
0
0
3133841
0
0
0
0
0
1043540
4494659
4584289
0
2460958
0
3195895
0
0
5052758
5126931
5209788
0
0
0
4646736
0
3651263
0
4117747
4793328
3864802
4698412
0
0
0
4465615
3580291
2097681
0
2632033
0
0
309625
0
14629
0
4692190
1949349
3724413
0
4865126
1697727
2033772
326814
3715001
0
978035
191619
5199684
0
0
4789804
0
5080313
4336326
4452218
0
3305801
4790348
0
0
4887362
0
5185770
3327999
4805042
0
435774
4942963
689
0
0
0
1004913
4802020
0
0
665759
879
0
4628112
779652
0
0
0
0
914969
0
5128210
0
345364
0
0
4483232
0
1474174
0
2547832
0
0
1284268
0
4786868
0
0
2794619
0
0
0
603287
0
4544219
4443166
0
0
0
0
813
2698879
0
0
0
3555784
0
3508736
4899673
4761725
0
0
0
4525722
0
3556176
1820953
5144674
0
105054
0
5004498
4085837
0
5288269
5029987
3446368
0
0
0
0
0
5255432
3582488
0
4993789
0
4172105
0
0
5291795
4133225
512
0
0
5297073
240088
0
1973672
4030634
2732480
0
0
3004086
0
846042
0
4236717
3546739
1169805
305910
2000400
0
3825062
0
5111228
0
0
802490
0
5331312
4427713
0
0
3271167
1831274
4885486
4467884
4856875
710079
1418433
0
3940622
0
1247948
1742730
0
2084478
2601818
0
0
3704371
5076621
0
1669798
0
0
0
3415639
2039607
3754592
1913071
5157457
0
0
0
5145268
4920856
2437743
5095070
4252605
0
0
857686
3162663
0
4529683
0
0
4987186
3743426
0
0
0
4604466
5215884
0
0
0
0
5212542
2057755
1702499
0
0
0
0
1547531
4654266
3702550
0
5261656
5334791
4426494
0
0
0
5282743
0
0
0
0
0
5330993
3507101
0
5295390
3598642
0
369
339
0
0
0
0
0
0
5205259
365241
0
14966
5330221
0
773827
1633935
0
2252296
4027716
2115872
0
0
4773685
4093828
0
0
0
0
0
1647834
0
4691422
0
0
0
757317
5313919
3926872
0
0
1055950
5073817
31717
1671385
3271226
0
0
0
0
529225
0
0
0
2594908
0
894528
0
770900
0
0
4121382
2232241
0
4454949
0
0
0
5361769
0
2904088
3417673
0
0
3590698
1495326
0
0
5055855
0
4200400
2412829
2092960
0
4959874
1783456
5040103
316
0
1424173
0
4773277
11986
0
2459463
396584
0
0
0
599720
3245129
0
4740945
4235087
0
3848539
5171111
0
0
4590355
5129615
0
0
0
5173788
0
848154
1036757
2370193
1153150
0
3376728
0
2122342
0
221
0
0
0
4925037
0
5095616
0
0
4534583
4495816
3838829
3858756
447935
1424213
0
3700659
0
0
399549
4981961
0
2371953
3560208
4343319
5169644
0
4818170
3711300
401121
0
0
2283412
907656
5373648
0
3042414
2951609
0
0
3616814
3466883
0
0
531
0
0
0
1387606
2593301
3313716
371702
0
4488726
4405391
0
5286517
4886720
0
2747998
0
1940688
0
4469545
2745700
0
0
849144
0
0
4509313
1517838
160165
4502943
2412702
0
5385057
567
0
3723776
4791820
5110316
0
2672098
4478187
0
5081912
4689095
0
3859534
0
0
5298481
0
2518540
2700250
0
0
0
2672214
4970567
359792
0
2891764
4936548
1497985
5385655
3354989
961509
0
5184356
0
0
0
0
3834273
0
0
3753471
0
4940257
0
0
0
0
0
3185124
0
0
0
0
0
2734175
0
0
104
0
0
0
30310
3613967
1485485
0
4471914
0
0
0
0
0
3365854
0
3925617
4694366
814318
3160328
837155
0
0
4925918
0
0
4010756
0
0
0
3397989
2498042
5068772
1745014
1321203
4889410
0
0
3081960
0
5284210
2142775
4558539
2756003
0
0
2454245
5183846
0
5382214
810
1766752
5100455
0
1129081
0
0
0
851
394623
0
422712
3261724
2085953
3082883
0
0
0
0
0
5403798
5360700
959210
2758200
0
5250332
0
3334243
0
0
4612147
5355231
1436810
0
0
3126156
1343417
2140761
0
1612392
4349766
5375113
0
0
0
0
0
1230070
0
0
0
0
96707
0
0
4292703
0
799827
5411375
5332080
697616
1404217
0
0
4954441
0
885925
4884228
5409221
4947574
0
0
0
4954643
0
4669857
0
0
4940534
4704699
4177393
255481
2342083
4958662
0
0
0
0
1087573
0
0
4623496
2259442
0
3562593
0
4809854
0
5283998
0
0
0
0
4917166
3413297
5157699
0
4837909
4061072
5163287
0
0
731
2157658
5398932
0
716176
1284138
4299507
0
2687299
0
0
0
3844962
0
0
2256927
3848229
0
983
351217
0
0
5270049
0
4304969
0
3503024
5381632
3511197
5321419
5465695
4636782
940
4743183
4807599
0
0
0
0
3386665
5125907
0
0
3719463
0
0
5264894
3398605
0
0
0
0
0
0
4656086
2970623
3190071
0
5142864
2397899
0
0
1657222
0
0
2873883
0
1161309
0
0
5247953
0
0
0
0
408354
610674
3891390
0
92002
4218089
0
302
2189589
5429758
1155546
0
0
348228
0
0
1210927
0
2802006
3400180
2336475
0
2407854
4442023
0
4406325
0
4453482
0
944305
4086134
0
0
0
5258356
0
189253
5365308
5485548
0
3307300
3664106
0
0
4707992
32961
156
0
0
0
2350956
0
3058523
3720971
0
0
0
0
0
0
0
2567944
4511715
0
4651737
0
0
1253064
0
5156177
0
5361278
0
321
4114018
5473755
0
1180625
5391775
3453014
238496
5347946
0
0
4538400
5144
0
0
0
4770675
0
4973071
0
0
2064708
0
5509909
5372548
0
0
3136424
0
2607614
977498
2918969
3561027
1551870
3246108
0
5039689
1187820
5164244
2790641
0
551
0
5338120
5476680
961602
0
977518
0
353379
3936359
763475
0
0
0
1013104
0
0
5263073
3019189
3305302
0
538926
5227057
658980
0
0
0
2939572
1744581
0
0
174
5304013
5330575
625528
0
3375522
3820158
0
0
2365435
0
0
0
4103371
4703383
3439074
0
0
0
1872976
1775223
0
2933318
374078
0
239
0
0
5347901
5000738
2355478
0
539630
0
0
0
0
1264041
5499886
2913524
4459356
0
5189636
0
5536063
4001013
0
5400273
0
0
292
983
0
2746036
0
0
3747705
3987508
2317290
151332
0
852
5339055
5496092
0
0
3941993
0
1771536
4668900
4409456
0
0
0
4999990
0
1305554
0
903661
0
2145908
5365097
332798
0
2582480
0
3373836
0
0
4122324
815927
0
3860445
4990098
773
393736
5291318
5432528
0
1507331
0
0
1796006
0
3568142
5026049
4194314
0
0
0
2042541
3414751
5450506
0
3046423
3610629
0
1250158
0
0
0
0
0
3862554
0
4533459
5159833
4858805
0
0
4529766
2592445
0
642284
5572567
0
5268627
5297780
0
0
5026797
0
1957999
0
134549
0
0
1138319
2539495
5026775
4232626
655057
5321011
5397052
2613321
0
3496331
1577418
5389179
0
0
0
0
0
0
5456694
0
0
5115103
2233797
1948678
2912842
5360549
0
0
0
61435
1062150
0
5555576
5071752
0
0
0
3229332
5471057
0
0
5390275
4469315
1944971
210626
3118952
3790930
0
5538324
0
0
0
5525701
3102667
0
3892342
0
2211991
1101074
4474725
3974948
0
3107882
5450625
0
938453
0
4743553
0
0
0
4555806
3404635
4867182
0
4540121
991530
1737084
0
0
1880957
0
0
5569714
4700843
4865867
0
3810626
0
0
2933665
4959086
5532100
5245224
0
0
245462
0
5624146
778649
5397590
4740795
0
0
0
4472194
5419800
0
4540142
0
677684
5550976
0
797049
1739350
3414797
3478178
0
0
0
0
3947290
0
0
1582158
0
0
0
0
5240032
0
5344433
0
0
4191961
0
4677427
0
0
4234919
0
0
0
336
0
4192536
0
0
2977103
0
0
0
1159322
2977283
0
3316173
3286174
0
727086
1928114
0
0
0
0
5362046
287779
0
5433858
2817816
2795290
217801
1471339
0
996
0
2368810
0
0
0
3761577
0
0
0
0
2805325
5271676
394114
0
0
5532200
0
0
1354990
0
2374824
3916227
0
5453046
2981517
0
0
3409033
578691
2866964
0
0
0
3000316
0
0
0
4213376
0
0
0
4858293
1081518
4569755
0
0
1558937
0
0
96474
0
0
4539436
0
0
0
1867341
0
5470997
0
0
0
5571286
0
0
3665236
129992
0
0
0
5220463
4391336
1629358
0
4837274
0
2546551
0
0
4061803
0
0
1142453
5653777
5574608
4680638
5666472
0
306252
929
3773756
4191073
0
5082375
0
0
2223038
421
5435897
2957514
0
3263549
1717852
2127268
5532059
5446852
5663442
218168
5523973
2825660
49
5638170
4837733
4537115
0
77645
0
2691432
0
3937602
0
0
3126622
3555138
4645036
5256729
0
3810799
1145630
0
5087447
4091399
3398719
3107819
0
5232296
3369869
0
0
2320541
1040007
5229928
1129095
2617388
2272334
0
0
3221717
4835214
0
0
3472056
640916
0
0
325425
2464200
32938
0
4688976
0
1703268
5418862
0
0
0
0
5565906
5583681
353931
0
5372998
3943554
0
1724205
0
0
0
0
0
3356246
3244640
0
5392607
0
0
5280274
1159991
0
4569502
2322426
0
110358
0
5299795
0
0
0
3038258
3488458
2769684
0
5558896
0
0
0
4109122
0
0
1736743
5660380
0
0
189
3971140
5635697
5381443
0
0
0
4692530
4411009
2590977
5620296
0
0
0
5155596
3795019
4917056
3603585
0
1694024
0
0
0
1950212
0
3051999
0
229
500
5389663
0
75936
0
0
3984184
0
3474148
2996092
4899440
5568404
4020897
30
269800
5096230
0
0
838668
994616
3588727
447021
0
0
2076387
3133369
0
0
3010216
0
198354
3416742
0
2468993
0
695
0
4408832
0
0
2747970
5676503
0
0
4969350
1495479
5432000
4054696
809
0
3111751
0
5371644
0
730787
0
0
0
0
0
0
0
5609470
0
5066890
0
0
0
0
0
1350185
0
4623690
0
515045
0
4550909
2060155
5023033
5319460
0
0
0
0
0
2126263
4867481
314296
0
0
0
0
0
0
4109609
0
5543214
5533848
4408312
643067
5435711
0
0
4808890
533414
0
4882527
0
0
3790342
0
0
0
0
3096015
3424711
0
0
5335504
0
0
5290425
0
0
0
3259344
0
0
0
1092933
734490
0
0
2133163
0
0
0
0
4628882
5266964
5252848
0
0
663270
4691898
0
5705355
0
0
0
0
5606617
401840
0
517937
1853370
4131699
884384
1365711
5385520
2373805
2311932
0
0
0
0
61706
5267831
0
638716
0
0
0
0
0
3560799
672
5130137
0
865015
4593880
5396029
3015491
329477
332
0
0
0
0
0
0
0
0
0
0
3722965
0
418174
0
0
0
358
0
3118530
250915
5209865
838721
5066977
0
513
0
3566394
0
3905140
0
0
0
0
4271902
0
3891412
5562146
3704730
1733230
0
1628121
3160664
0
4955003
5438183
0
0
0
0
0
4986132
1632868
4666741
0
0
157147
5056726
3937780
2436125
0
0
0
0
2377988
0
0
0
3155411
0
0
0
0
0
0
5159119
0
0
0
0
2636052
0
3812263
0
5524424
0
3031096
172967
5749566
4027782
5723116
0
2299579
4958871
0
2667712
0
0
1291416
2347433
0
5694353
0
5597733
4367645
0
0
4681046
0
0
0
0
0
0
213803
0
0
0
0
2359853
0
4326866
0
1823456
0
0
0
113
0
3211688
4416837
3247214
2647607
320381
5086785
0
0
1927088
5313268
0
0
0
0
0
0
2527588
5033853
0
0
0
1328753
0
0
0
0
0
0
0
3036340
0
0
0
0
0
5573352
0
0
514471
0
0
0
1250744
4455698
5499076
0
4100166
5170508
5597659
0
1129229
4140758
0
0
0
5722831
4792257
0
5578692
50
4732145
0
5698510
0
0
1750483
0
4824103
3386180
0
106
4205047
4461182
0
3431961
0
0
0
1114331
183724
0
0
264284
5254965
0
0
3583183
0
5767188
120
3332507
0
723275
5265727
0
0
0
0
0
5594922
0
0
0
0
0
0
34321
2083913
2641004
405809
5144278
5694372
0
0
0
5520248
0
0
0
0
0
0
0
0
5534604
848367
0
0
2049694
0
0
0
0
4953975
5330877
5536691
0
0
0
5393047
3724336
3842651
4721586
0
4638145
5327791
0
0
0
5013253
0
0
0
2859755
5577631
0
0
5887
5728394
1746310
5322958
4264276
5770873
3495815
0
3961925
0
202191
0
3793002
5769947
4773353
0
0
0
0
2761675
0
5806967
0
0
3668401
0
4924767
589350
0
1179830
1393217
1665673
852411
4246342
0
0
4633309
3638583
3926319
5712468
0
5628640
3193278
0
0
0
0
5435803
0
5735922
3800981
5782862
0
5483995
0
4989668
5576364
5381574
5784156
0
4532180
0
0
1570499
4703170
0
0
5536218
4346017
0
355670
0
4999105
5709807
3942014
0
4157138
0
0
0
589620
5695352
2585992
1494208
0
5139227
0
4571625
4315218
1575188
2081095
5576349
22186
894345
4512459
0
4556452
1803434
4533281
4181642
173625
0
0
2245385
0
5548904
3876473
1327720
0
0
0
0
5754819
0
3201454
5522736
3082805
2796453
5269382
3855104
0
4360887
1298285
0
2281021
0
3616247
4093458
968523
0
29673
4671361
5706288
5205195
5304045
0
2588169
787
3706473
5450557
0
5354238
0
0
0
3074359
0
228384
0
5858485
0
0
0
5516510
5367077
0
2182708
1171453
4307234
1705692
0
0
3993101
960459
4476687
0
0
0
3598151
0
3182177
0
0
3882700
0
5784789
1949809
0
0
0
2861470
4277489
5703228
0
5690406
1050300
0
0
0
0
0
0
0
0
0
2805595
2446725
0
0
2010915
0
0
5761971
0
3001943
0
2502486
0
5815726
414712
3038688
0
5691488
3930770
3144173
5011585
4408591
0
4142347
0
830562
3074190
464243
0
0
0
5551070
5759812
5726705
5626712
3043493
5400792
4863144
5397769
0
5796467
1328260
0
5682400
0
0
5833985
5812244
2656974
1041096
0
0
271837
4389769
0
0
3262118
0
0
670
3392042
3443366
0
2415552
0
4502972
0
0
0
384
0
3768444
5647538
3080679
5832865
3029083
0
4905229
0
5761730
5616589
2095101
926
0
0
3014869
5554165
3556849
0
0
0
835266
0
0
5371048
4425237
5011616
0
0
0
4443115
0
258468
3823804
0
1805724
5401227
3624704
2797051
0
0
3416868
0
5444319
0
0
0
0
0
5688071
0
0
0
0
3334451
5875458
0
0
0
0
278880
5615656
4399715
0
3863523
2973051
0
3597787
1822174
0
0
4705962
0
0
5461135
0
4220168
0
5717353
0
0
0
3915826
0
5892607
0
0
3724375
2218676
0
0
0
0
0
0
0
2908694
0
0
5296779
0
316141
0
629060
5233426
0
5393158
0
4585011
0
3705949
1909134
780
4935458
0
0
362
4883566
5799208
0
5296100
957288
2219159
3042462
0
2954124
2726698
0
5033241
3750852
0
0
0
18908
0
1002044
3360021
4307254
5820960
3933703
0
0
0
0
1762016
0
2483221
0
0
5904026
5844173
5908238
4595142
5008960
0
0
1513974
0
0
4118673
0
1074525
1955931
0
0
0
450193
5135922
0
5334323
2120067
5734041
525
1610744
0
0
0
0
4386054
1663688
5853456
2304031
0
3622944
2799228
0
2023604
208052
0
0
1112903
5888599
0
0
5578642
159861
0
0
949279
2598327
2850510
369917
5625144
4275329
0
2644076
4310513
5872328
0
836344
4463431
0
0
2774174
895
2638766
0
0
0
2031497
0
0
0
0
538020
804372
0
0
0
4918529
5889180
3972308
5654387
5865166
1079995
2662626
0
3504186
0
5366041
3238831
0
3096015
214021
0
5863731
1328742
4864241
5398600
614
4637843
0
0
5772115
5497461
0
2799199
4417876
353621
0
0
3449600
5295003
5127033
1289701
2313805
0
0
5240601
0
0
0
0
0
1267780
3884855
4708172
5655967
462
254401
5722749
0
0
0
0
4146382
3823683
2776550
1675506
646
0
0
0
0
3843144
1447316
5901258
5563956
0
423402
0
1317107
0
3100543
0
0
5935550
3723475
3691535
1560264
0
0
0
0
608
0
0
0
0
4446333
0
5878928
0
0
0
430298
4731103
0
712342
2591020
0
208
0
0
0
0
0
0
1879121
5212859
0
0
4572171
3463051
3721762
0
0
0
0
0
477
5324066
0
3254274
0
0
5922794
4548857
0
4898863
5871981
5938797
0
0
4182561
5352974
0
5320178
4714101
3850387
4060576
0
0
1095280
5417929
0
0
4773291
5841966
0
4233218
0
3959768
3599636
0
0
3529421
4869586
0
586
4822752
0
4678130
0
5900949
0
0
0
0
33
3683670
0
5730034
4245739
0
2878426
3025977
135
0
0
0
0
0
3692528
0
0
4471882
5375586
4061205
4188998
0
0
0
365
0
4425216
0
4038891
0
0
599926
0
0
4811685
5031781
1127838
517
0
408483
0
4146026
0
0
0
0
0
0
4291963
459142
2918997
461292
0
0
0
2613068
0
0
3101599
0
4766121
0
97891
844619
5524424
21645
5764600
0
437788
0
0
4109559
2511476
5875637
724
250577
5849105
0
691
4211107
5861017
0
0
0
4642231
0
1122838
0
501
0
2011120
3505484
1400917
0
0
0
0
3738300
3109909
0
1664875
0
5912019
0
4806531
5235030
0
0
0
5800004
0
5123604
0
4251623
0
0
0
0
0
5240272
0
5626219
0
4593692
0
867085
358663
24036
0
0
464032
0
5731449
2913085
4268816
5688265
5320098
2005234
0
3846232
4824911
0
3112130
0
627317
0
0
0
2604657
5117206
0
1583538
0
0
1121344
5229892
0
5731177
13291
0
0
5539584
0
0
974412
0
2521336
45
0
4248574
0
0
0
928
0
0
355
0
5687967
5867461
0
3370858
1438373
1740818
5442445
1541395
942352
3629959
0
0
4251731
3462632
1129088
5980219
0
0
11504
4714905
4148969
933451
0
0
5371543
0
3368660
0
1209953
4572351
3265250
6008559
0
50
5285796
0
0
0
0
4405144
0
0
2235675
4628112
0
5155754
4988456
0
4232291
243078
0
4974406
3445108
5179391
0
850475
0
5829651
0
0
0
4417878
5914577
0
0
888698
1230860
0
0
0
0
1812537
0
0
729
0
0
5550247
5486777
0
4944237
2151070
0
0
0
630985
5476144
0
703631
807200
4908027
0
4665208
0
5524323
5867290
3024206
2543871
4978564
1170408
4196063
4206760
5709351
0
4020145
0
2787362
0
0
731129
0
5570728
0
0
0
0
3974310
5137952
4308167
0
3532732
0
4865967
951004
5261355
811830
0
3825558
5340320
0
332
2408400
0
4706109
0
4713849
3220264
6038468
0
5471829
0
1193515
650473
0
5999505
1453777
5613103
4274572
3711826
2671447
0
0
0
503
1491546
4921306
0
91
0
0
0
0
5784839
331608
0
5436431
5745103
1256889
0
0
1898741
3848352
3707807
0
5763940
4326600
0
3326421
0
0
0
0
0
0
0
0
0
0
5236407
0
1723665
5797454
4593692
5857072
0
5593685
0
4704877
0
6054643
5822658
0
0
0
5130948
3209991
2213066
2517854
0
0
0
4640089
0
5478171
6033679
0
5560829
1269216
0
3840619
0
0
0
2450642
0
0
0
4155070
0
0
4492095
0
5781438
5924541
0
0
0
0
0
0
4815184
5011958
3781442
1338080
3875392
5960642
0
361952
0
2841821
223030
0
0
5817464
0
6077825
4932741
2405762
0
0
4028618
0
0
0
5407067
5003758
403268
0
0
4121551
1219770
5999784
0
5585568
2449687
0
0
0
1554822
0
2184493
3626675
6021499
0
0
2640291
0
5742198
676773
5146901
0
0
355
0
2655714
2565042
5280799
3560041
0
0
0
5476459
2650146
0
0
0
0
632486
5529927
3449404
0
3950619
0
2243010
650798
0
0
4631340
3393949
0
0
2273503
6016987
0
2350740
4314139
0
1250335
0
3072703
901217
2409292
2950259
5416901
0
466412
0
0
0
5297314
10354
0
0
3522224
0
0
4991856
5546418
217545
4272947
1397164
5570982
0
679348
0
0
0
0
0
1450665
0
5187547
0
6092334
4884906
4374491
1680078
2862139
0
5532355
5059471
1302048
5930192
4082405
2637027
903
1927523
3225763
5614748
1257174
5314524
4550661
1296799
0
5260539
5570796
6096269
5916401
5983768
0
5318077
2331687
2581043
5998785
0
5802743
682
0
0
1061631
5117808
0
0
0
5576262
0
270557
2299957
0
0
6018186
0
0
4152086
0
0
0
598083
0
4079032
5851533
5134319
4078698
0
0
5211652
2522817
2443870
4123730
0
2596150
4824067
0
0
291775
0
4607570
78837
1129894
0
0
1561003
0
981170
0
5523276
0
4338082
0
0
0
0
0
0
266940
0
5684917
5124105
5724174
0
0
0
2706356
4071333
0
4042946
0
5774821
3226027
0
0
5134873
0
2849538
0
5972131
5983026
0
1136662
6111714
6067505
22734
0
0
5841212
3600904
251569
0
0
5396448
3706908
0
3436623
3370779
0
4428684
0
0
0
5978135
4826877
3776977
0
0
0
1666563
4822724
0
0
5399362
0
5648642
0
0
2713976
0
916388
0
487686
0
4400039
3830727
0
6045204
468
1379460
2943243
165045
0
0
5958128
1921606
0
2925290
5234558
5142561
0
5568844
3510874
0
0
0
4965726
3321053
168594
0
757
0
0
0
0
0
2850872
5404395
2294248
0
2415787
0
4042655
963
0
2952893
0
0
4973716
3042465
0
1717029
1075492
0
0
4883920
0
0
0
0
3993844
0
4904838
1404973
515317
0
4027696
5421538
0
2880598
570797
4143957
493950
7723
0
5812050
0
0
259149
3414209
5837927
0
1994053
0
1886563
5698702
0
0
0
3154432
769126
5619162
4257984
0
77
0
4972814
349448
0
2210768
0
0
5471836
4577353
0
3124455
355
4417371
0
4857938
501892
5932450
5452767
5569661
1123556
0
2305428
4196096
0
3777475
0
3334896
3222548
0
0
5025923
2582480
0
5543874
0
1693826
0
0
0
3751485
0
0
5270657
0
3243188
5830960
4315504
0
2297519
0
0
5849003
0
1885770
0
209954
0
0
0
0
5407356
4029126
0
6027992
0
0
0
0
2214535
793
2108242
0
0
0
0
0
0
3714004
0
3637639
0
3071978
550075
0
3871088
5730864
5239238
0
4016717
4853755
1676951
181493
5010003
5338836
4431745
2186847
0
4968651
0
0
2135995
1603314
1926495
2521075
5320340
5926957
3977962
0
0
5250457
2395684
0
3928930
8281
5135436
0
0
1707197
4307563
0
0
4348684
0
6079798
4970868
0
0
0
0
3250101
0
6089461
0
0
0
581512
0
0
5890935
4813443
3643353
5350172
4327910
3967676
4537063
0
5617060
5888390
0
3108072
518012
0
0
0
209
5957747
1136557
2304051
0
5715523
0
0
0
0
5309763
0
274252
0
0
0
3478755
6197283
0
0
178285
0
4764208
5163486
3818452
0
5580524
0
1822029
4971425
0
2754918
0
5847985
0
0
0
0
1621068
4941512
194017
5708777
0
6108897
6172180
4696866
3196864
5918551
1891525
3764506
0
4972001
2848397
294928
0
0
1327239
0
6139102
1592037
0
0
4497243
4602064
0
478161
5073586
0
5571640
0
0
0
0
3208643
1620869
0
0
0
0
5347656
4019299
2305114
0
100474
620
2070737
3574316
1635536
2531201
0
0
3317148
0
3541868
6233021
0
5571789
5779819
3108779
0
0
0
0
0
0
0
0
0
0
3850186
2873152
0
0
1806576
0
5299673
0
6043889
3921640
0
3527887
5198732
3552500
0
0
2398515
5891567
0
736142
0
0
5897416
0
5992538
3940509
0
0
5496134
0
5481466
0
0
5331187
0
5491866
0
0
0
5213650
0
5736686
0
0
6132303
1498762
0
5168030
2670126
0
0
0
0
0
2945612
3907257
122409
0
4833037
5334304
0
621
2385579
0
0
6084149
44661
265386
1131593
495530
1223303
0
3926393
1612095
85056
0
5993929
796617
0
3250811
0
4058552
0
0
2694799
4139081
0
0
0
0
0
0
0
5662957
0
0
0
0
0
0
5607395
0
0
6209502
4067438
6266285
5428615
1984900
0
0
0
1830405
0
0
100474
3023389
0
6249811
4747835
5373595
2462819
0
0
0
0
0
1451066
2815988
0
6173402
0
5528723
2358426
0
0
0
4071283
5232857
0
0
0
761983
0
4579037
0
21726
0
4647628
815259
0
2334491
0
0
0
2913416
0
0
3050849
0
0
2133524
0
5744713
6194028
1756625
5633410
756
5371528
652477
0
0
0
460585
0
5180314
1415635
2365694
0
3984013
1294106
6009913
4097474
3347579
3820973
5167617
0
5934141
5891297
4133424
0
0
4000798
0
1803369
0
6184968
5888349
0
0
0
4637552
98
0
0
4530821
0
0
0
0
0
0
2302237
2516811
0
5407767
0
0
0
1200245
0
0
0
4241128
0
1320766
4951997
0
6165863
0
0
1791262
0
1443971
4166987
0
6165040
0
0
0
6146157
5524021
3972657
0
0
0
0
4213305
5717695
2750865
0
0
5840323
4750212
0
0
0
0
0
4069756
296
3805592
0
3473927
0
0
0
0
5481011
1548548
4485681
0
4323968
5711357
0
0
0
0
3699057
0
6164358
2559576
0
0
0
3701422
0
3484586
0
4059965
2315735
0
0
992075
0
0
5233253
614
0
0
5086079
5928351
0
0
6219754
4460079
0
0
1557235
0
0
0
2462358
6013638
4206934
2851803
2314192
0
4622722
2413570
0
0
0
0
0
0
0
2478779
0
5351912
0
0
960270
0
0
0
4840921
0
4993737
4066010
5137378
0
0
0
0
0
1411461
2405172
5693029
6008674
928
0
540
0
978
5392020
28913
0
0
3613883
1619723
0
6046961
3705837
0
248
0
1388537
0
5440811
5621880
5818235
0
0
5062321
940816
0
0
3924331
0
6256300
2521120
3406856
4017716
0
0
0
0
3836593
5601867
0
2412935
6268237
3313974
5894392
0
950218
0
5619194
1527229
2369942
4086091
0
0
4631025
735701
814193
0
0
3176762
0
567
4316650
0
6111143
2393829
0
5101010
5399552
627506
0
0
0
6130134
0
5390652
0
6034881
4568005
0
0
4754315
4911384
0
0
0
4457
5826100
0
1311829
0
5687926
0
0
730953
18736
1831143
5410853
6141682
2527021
0
0
0
5899539
4388881
2989941
4874840
5167338
1137657
3962428
1666195
1270352
1155932
2667796
0
3964985
1137449
0
6246127
0
0
3240578
5180006
0
0
5327156
4627333
38565
5335577
0
370
0
0
5581565
0
0
1063134
1398310
671275
1759948
4286713
0
5992089
6274520
0
0
0
0
0
510
5931644
2705996
697950
6217672
1582374
0
4543023
4699600
0
0
2967175
0
3425412
3687954
4345373
0
6201221
5503938
1493163
0
398
6291062
0
0
0
6175117
122582
5324713
0
0
5471825
4046946
5106566
2221536
2096003
0
6332514
0
0
3304120
0
0
0
6367447
6342395
6181579
4479278
4031087
0
4073719
6357713
6304904
6310695
0
3865443
6328988
0
0
0
0
5411395
3967755
0
5018595
6306955
0
0
0
0
0
0
0
6220266
6265998
3557078
2087278
0
6364396
6371066
0
2373796
0
0
0
6295804
5144565
0
1326345
5403605
5824408
0
2332280
2733276
0
4963712
0
0
5740195
4626497
0
2302137
3360575
3201380
0
0
6310398
2285344
0
2969343
4847249
6188423
6174343
0
0
0
0
5581931
132013
6313089
0
0
6179726
0
0
2153657
0
5325696
2746377
6331880
0
0
2314727
0
4650615
0
1070024
4440967
3969264
0
0
2329759
5433988
6128357
0
6269760
4924774
1463705
0
0
0
6387837
0
0
0
0
1047253
6017386
6341616
2493378
7650
0
0
0
2568275
0
3067972
0
5849158
5326365
0
0
5495393
0
1067589
5797207
6199409
1671342
0
1615977
0
0
5277530
0
0
0
6348390
0
6342163
6135466
0
0
0
3424885
4226786
882575
0
0
5904731
0
5611926
6420642
0
0
0
0
6277579
1095175
0
5161849
0
0
0
0
4621248
0
4533879
5156166
6345001
0
0
2419299
2948944
5491456
0
0
0
0
0
1802186
0
0
0
3374366
0
0
5952791
0
501651
0
2515587
0
0
5124445
0
886228
0
0
0
0
0
0
0
0
5272362
0
0
0
5149480
0
0
1613625
4153884
4516657
6403081
1936931
0
6162908
0
0
5472813
0
662792
0
3307373
1161819
0
0
6372489
489189
5134566
0
6072913
3406057
0
6222335
6184068
0
0
4848885
0
5083006
0
0
3825813
6224676
0
272619
0
639
5935181
3947777
5633002
4737341
3642832
6236443
0
4692543
0
6234275
0
0
0
0
4769531
0
0
6204069
0
584
1853918
1804786
0
6394452
0
0
5884074
0
0
2115332
2345431
0
5574631
4319036
0
0
4575025
0
6297928
666641
0
0
0
0
0
0
0
4308944
0
651
0
5695781
2978146
0
5192488
0
0
6034863
0
3851265
0
0
0
0
5403256
775747
0
6397536
2339934
3913903
6011512
0
3596092
0
0
1042007
5953086
4607483
0
0
1054230
0
1883383
3789721
233606
5798222
0
1605992
0
3647047
0
3764776
0
2225496
0
5448426
0
0
6466631
435564
5728258
2307253
0
0
0
0
0
1270517
3796715
5265994
0
2815996
0
5871348
0
2965019
6316440
0
0
0
0
0
0
0
3534459
0
3605313
0
0
0
0
6271373
6441974
0
6072440
4112630
5708132
0
5773885
0
0
6084625
0
0
0
0
0
0
2384176
6460529
5466522
0
1964596
0
5227481
1828631
1075552
5675687
5889197
6238285
1138946
3251459
1293312
5994661
0
0
0
1196106
6198970
6117004
0
6441484
5522184
6169255
0
0
3409487
0
0
460968
0
3719430
0
5953951
0
0
2336068
0
0
1263467
0
0
0
5658785
0
6418553
6305741
0
4318074
0
1234239
0
2839303
3974585
5693433
1077683
5376613
5668657
590570
2578383
4867308
0
433061
0
0
0
4747955
0
5081208
2524779
219306
5054682
5847989
0
0
0
3427231
0
0
0
0
4202829
6162882
0
0
0
0
0
4859434
0
0
1865811
0
630887
6124099
2487140
0
0
2318271
0
0
0
710382
609544
0
0
5993936
5564911
5269171
4927839
1109334
0
0
6486724
909
1100913
5988993
2635098
0
4859541
0
5398615
1023864
0
0
0
5941859
0
75113
0
0
0
3023826
5095696
0
0
0
0
6278522
70982
6535938
0
475904
5908209
0
0
4488729
0
5472793
0
4744489
0
1524629
0
2530373
0
3032955
0
500196
0
0
5579740
0
0
2927744
4170486
0
4156984
2779481
3580790
0
3693481
0
0
5992543
0
4406449
0
4694465
6165265
0
5135482
0
4688649
0
0
6522229
6107169
0
0
3576441
0
0
0
0
513596
3758023
6145930
0
0
0
0
5698094
1610956
0
0
0
0
3664998
4370303
4037644
4868685
0
2853261
4075684
2225273
0
0
4099091
6006508
6084374
4394276
0
6348527
0
4073206
0
5146939
12386
1038535
2553735
0
0
0
0
1106067
6537697
2408176
0
0
0
0
0
6346567
0
4346668
3141255
0
5645656
0
3492140
2526571
1428153
0
5447669
1704129
0
5524659
0
0
0
2311460
6326982
79835
6397031
0
0
0
420947
0
68589
0
0
5911624
4559439
6300829
6348008
0
2574054
3248016
3290261
0
3262588
163803
0
871303
2900515
5866328
2878809
0
0
0
0
525739
0
6394374
0
0
4208899
5315108
0
3071534
0
6012251
0
0
0
5561489
0
0
5575116
1275987
0
0
6231271
0
5879717
0
4666188
0
0
2398682
0
0
4736639
0
6307488
0
5261158
6387588
1219035
2927752
0
6425237
0
4609540
0
0
0
0
0
0
6348548
0
0
6551279
40421
120045
4845001
0
0
6504341
0
5940580
0
1648586
550248
0
0
0
0
3462591
0
0
0
206
0
0
0
0
3997825
0
6481286
0
1154469
43977
0
0
0
0
5816305
5352405
0
4577663
0
952322
5242498
5870776
0
405744
0
5025920
0
0
6430118
3867187
0
3056882
2818461
2989799
4787024
4947025
0
0
0
4973326
3290636
0
0
0
0
4413332
6438365
0
2791142
0
3542353
0
0
5940467
461035
6484608
6256861
53543
0
6579034
3223890
0
0
0
6520134
1097188
2652348
1109721
4415086
0
0
0
0
5363468
0
458355
0
453699
3644573
0
0
3692841
0
2655538
63842
3509289
0
538
0
5935092
1423256
0
0
5797871
6076366
0
2884342
0
0
929
75643
0
5845312
0
5390268
0
5492627
4071872
6480491
0
0
6432954
6330376
2884572
3781227
0
6465165
6356304
2572736
0
0
6405811
0
6170308
4542227
669
0
0
0
0
0
816007
3741277
4088299
6168440
330186
4175827
0
0
0
0
0
298741
705993
5211184
0
3278381
0
0
0
0
3346568
0
0
4550152
0
0
2302404
3374279
461603
3357236
0
0
5484286
6282766
0
1740059
0
2291816
177447
5397684
6263804
652350
1545855
3399556
0
6591341
0
0
6121659
0
5205664
2840574
6192650
4818982
2511865
25
0
0
0
0
1759432
0
5654441
6402224
1039410
6426398
0
0
0
4704883
394
0
4257240
0
0
0
0
3174476
0
478265
3439963
0
6610320
6128740
3769102
2490664
1073693
6484237
4605652
0
0
4907951
1290721
6262076
3018154
0
6307469
2095942
534328
0
5031471
0
0
0
6497040
449468
6482402
3038563
0
159
2867183
0
3576970
5666875
0
3903814
0
0
0
3286779
5500233
0
1148041
0
4156358
6535226
5077659
5410515
5563224
0
2477677
0
0
2662058
0
1443836
4669238
1990683
6560696
5377647
0
327418
0
3831788
0
1991018
2670722
0
1831853
4895567
0
0
6555087
0
5974840
4038206
5598380
5162384
3639593
0
5518100
0
0
0
3852967
0
0
656504
0
113966
1600952
0
517
0
6268847
4387133
0
0
0
0
4566073
0
3934107
2584609
0
0
6423550
2428750
6612361
0
2831614
0
0
0
1042223
6591000
5783283
0
0
0
212239
4359912
891178
5996923
2597737
0
0
0
0
0
0
0
6492068
0
0
98800
4054756
0
5495069
0
4849241
0
6407699
0
6511817
5227624
5911677
3252613
6653050
231
1735434
0
0
0
4821685
2379254
0
2859073
6041599
0
0
6238513
6210543
5008827
0
0
6310271
785029
5540220
0
6009939
0
3097930
6238359
0
4438899
0
0
0
4819312
0
0
0
1100019
1292546
0
4476318
522701
738823
0
5653493
5567882
5698879
3610472
5887044
0
1517179
0
0
6629375
6479849
0
0
0
0
4582949
0
6426579
0
5377779
0
0
4541788
3920189
5603611
0
0
0
0
0
6544352
0
1586345
5243575
0
0
1981817
5562788
0
0
2007701
971079
5066421
6648182
0
0
4928738
0
0
0
342354
0
6504931
1039056
0
0
739541
5890891
3449013
766237
0
6519692
0
0
0
3324308
4403171
0
5645600
0
6521231
0
6464939
0
6624567
0
6177161
1410747
0
0
2408986
0
0
5241629
0
0
6150686
0
5215993
4658989
4493518
6665602
6622707
0
4393500
0
0
0
0
730777
0
2903496
3838308
454
0
750688
2202801
5918960
6232719
0
1073111
0
1954611
0
5171395
6127470
108
6579258
4064471
0
0
5835307
0
265386
5240340
4455683
1584215
4872340
0
0
6564544
0
0
0
0
5952250
0
0
0
4723243
4858495
0
6395432
4526440
5132334
0
0
0
6497509
638377
0
6310113
1750058
4683571
0
6039121
2470648
0
0
0
0
2355821
0
0
5204695
0
0
0
1005901
0
0
5779474
0
0
0
0
0
0
6436377
6638987
2095820
5866129
0
0
5019785
6524708
3765078
0
1308712
5260734
0
0
5045441
2367773
5693252
5904349
6668898
0
6425987
0
6043429
5773688
6502043
6221686
0
0
246142
223261
0
0
0
116
6371534
0
5163698
0
3419984
0
3531751
79172
0
1889475
1848438
1451231
120
0
0
4894518
6217096
2528435
0
0
0
4676573
2055805
0
0
2825520
0
0
4582890
0
0
5943803
0
0
3404232
5292463
198406
1579871
0
0
6730365
0
0
0
0
0
4825330
0
5101359
0
0
0
0
5875294
6665395
6420620
0
23033
0
0
0
0
2183560
5588870
1661894
0
0
5872732
386
0
0
2257590
6635757
0
4600449
0
0
0
0
6578903
4871768
0
0
0
0
0
0
717133
544
4772731
0
4507459
4264966
6421301
0
0
5314689
0
0
6425124
5785187
5000618
6403386
0
6734577
6226154
5128405
0
0
0
6636795
0
5460082
2147106
2638628
4347014
0
2102876
2815482
4099991
0
0
1678434
1541032
0
4446649
0
0
6720257
6664702
5920124
2851652
1798320
5499582
0
0
0
759155
0
6500645
0
0
5553349
4041747
6638603
0
5304310
420502
1923825
0
251376
4052005
6108056
6627247
6747901
6751431
2008160
0
0
0
4411812
6728336
0
0
6543048
3457024
0
157987
1655880
0
399016
2135663
339
0
0
0
6111146
0
30
5803534
0
0
0
0
4877180
0
430
6089646
5271295
5897580
0
227703
418672
4969946
5754955
2289976
1750375
923
0
6248979
1326301
5754961
0
292
0
0
0
0
0
5937368
5271535
6592901
0
0
2403856
1732305
6248960
0
4057879
0
4881218
0
0
0
65503
5498102
2748867
0
272
0
0
0
6770599
4360453
3416576
20438
822389
0
6392957
2377601
2867978
4644207
0
0
0
0
0
4061842
0
0
0
1482958
0
0
0
0
0
6762404
3729373
4828300
0
4833662
2120320
5930815
6337174
0
5998357
0
0
3723969
0
0
5599896
2888232
0
5715507
244004
545388
6730696
0
0
285323
3744401
0
0
0
3730081
2207135
991638
0
0
5947441
1764338
0
0
4117296
0
0
5765792
3582335
0
3119998
0
1696628
724
0
5940932
0
0
0
0
3898500
5810505
6652110
3541607
3077804
6767070
0
0
4967689
0
0
0
0
0
5908224
0
0
6150068
0
3182856
6640731
624254
0
5781003
625315
0
0
0
5692964
0
4413218
0
0
0
0
5022749
0
0
3163455
4236433
232391
0
0
0
0
0
1514681
26950
2528346
5524060
6546458
5354940
6179112
6236902
0
0
0
0
0
0
329624
0
0
6492805
6405179
4623272
0
0
0
0
5540065
212948
4970372
3739190
0
0
4843205
0
0
6742810
3970164
4895375
795957
0
6185183
3272266
0
4965227
3135989
0
5166032
0
70451
0
0
848821
6525640
0
6250468
0
0
5844484
1213151
6795149
6123505
3647251
5134346
123
6084437
1479919
0
0
0
0
0
0
6561311
0
2871300
0
0
5962914
0
5503595
0
0
0
2765993
0
6497134
0
651216
6811730
6497479
506417
0
0
6543378
5847360
0
6494539
2418319
4660608
6358253
0
0
4014027
1354170
0
6470932
0
0
4712537
0
1607903
1500969
0
0
0
0
6710978
6486991
0
0
0
6685022
6494489
2922226
0
0
6204540
0
6570805
5056509
0
6596495
3753201
0
367387
3446897
0
5529178
3190757
0
5984761
5327976
6810847
0
0
0
1332934
0
0
6816255
3140360
0
3413903
6709614
4355267
3139397
6789047
6721465
0
5790565
0
3546675
0
1218147
0
3733285
0
0
0
3887758
3090241
4739200
544535
6519625
6140902
2999276
0
5591205
0
0
4814775
6498367
1807511
4933026
5246930
0
6323347
0
3954765
0
0
0
0
3257023
0
2116888
5274324
0
0
5873827
6839303
676
319336
0
6767191
0
0
0
0
0
1382161
6488357
194284
0
0
3751089
4328458
0
0
4244536
1011483
0
0
664719
0
1818740
1275438
0
0
2022694
4246008
0
0
1399326
0
5365581
5549065
6796431
0
3346704
6689785
0
6101360
0
521468
5876354
0
6225159
0
0
0
6495701
0
0
4367145
6180152
6109360
6164078
5702002
0
2569059
6204056
6503790
2444574
5995999
2668945
0
0
0
0
0
0
2311824
5419950
0
3539895
0
0
3852590
0
6597262
757613
846961
0
0
215206
0
4967472
0
5537727
6682007
0
0
5018587
6494739
6540014
6499914
0
0
1353531
2294532
0
3209118
2562935
0
0
6442533
304
0
0
0
552458
68468
0
0
3152262
0
0
4363186
3358375
5057233
0
1499830
6740279
0
0
0
0
0
610668
5344887
2596649
0
0
0
0
0
6795968
6589357
0
0
1621724
5456282
6631324
0
0
4876499
0
0
0
0
4183737
0
5520782
0
3218018
0
0
4928347
6668024
0
6810825
0
1058671
6851817
0
0
0
4506928
0
0
6897350
0
5215313
0
6330283
0
0
0
0
0
0
0
4546311
1518962
5914626
1804549
0
0
5590795
810
0
0
6251663
6829960
1379610
6902488
1404169
3691264
1039575
0
2846056
0
0
6420653
0
0
0
600387
0
6653553
6630626
6914674
0
3344248
0
6341944
6638215
6508014
1720696
6478827
0
941284
3965274
159
0
5707263
4403411
0
0
0
2580641
1923942
6249261
3412430
0
6695990
187
0
5427460
6888801
0
0
0
6150215
0
6681566
6796696
6893093
6189439
0
885306
6541151
0
2500241
0
0
0
0
6404409
4342964
6550687
0
0
5579876
0
0
974
4849023
0
0
0
3904830
1665443
5002735
0
0
6678704
0
4382693
0
0
0
0
0
4642580
0
2665262
1104608
0
6250951
6507882
0
242
0
6496889
3630068
0
0
0
0
756968
804937
0
6905554
0
1201291
0
1164159
6269809
6648226
6849906
0
3285712
0
0
5844846
6132131
0
0
3006238
0
0
0
0
0
6284133
0
0
5994906
0
6785220
5562279
0
6278157
0
0
0
2292825
0
0
6370656
5836545
218381
1415114
215
728508
0
0
6849763
0
148523
563092
0
1284210
32
1896684
193
0
138413
0
1281447
0
2157628
0
0
6640092
5620871
2951245
6842960
0
0
6597474
11
6637289
526480
0
0
0
3387624
6868550
0
0
6828072
0
0
0
0
2810308
3034167
0
6922708
0
3849618
6032139
0
547701
0
0
0
3153771
0
6388673
807
5095346
6788666
3991873
1642236
0
1146221
2295412
6896770
4122681
0
0
6780759
5879700
391
0
0
452415
5783713
0
0
0
5871061
6250196
3115928
5859082
6791538
6825930
2827298
0
6840434
0
0
0
0
6743727
0
4117245
2184138
0
0
1285414
0
0
951421
5703387
6508715
1839150
0
0
0
457
0
6274249
0
0
0
6360129
0
123453
0
0
6811630
2424212
0
6639820
5787351
4353
0
5891509
0
5332308
6915686
0
0
0
2893220
0
1225413
5033709
0
0
0
5686466
963344
5494518
0
0
6462132
0
0
1043228
350070
6928296
0
5430838
3932726
0
0
4655405
4496682
323648
3849809
5700288
0
6310142
3235419
577097
2327733
0
0
3501605
0
3705299
2216846
6737465
6952205
6852924
0
6748376
0
1305006
4743075
5991524
6634653
3279773
0
0
3286184
5386153
0
1376726
0
0
0
6363187
0
0
0
1016522
2337495
0
1708204
0
5968203
6492682
3962170
6523585
3591262
0
1633492
0
5691944
4114760
0
6621183
6057542
0
0
0
0
0
6229769
0
6472957
322766
6746656
0
0
0
0
1775949
0
4263631
3889001
0
0
4585020
0
0
0
0
0
0
102
6022131
6703080
6845444
5668393
4852
0
0
5105924
3561350
0
0
2348541
0
5831715
0
2177874
0
0
0
6685438
0
0
0
0
5897573
0
0
0
0
0
2144142
0
0
0
0
406621
0
0
0
2825548
0
0
6825580
6069614
6316234
6924193
4317126
6124607
3637814
6790914
0
0
0
4740663
111181
0
2312432
3536563
0
0
0
0
6246132
0
264
1039046
0
0
5392199
41407
4279453
6835127
0
3234693
0
4550889
0
0
6516509
1460472
0
6706570
6808118
0
186
6075352
0
3101750
5347250
3096287
6821603
3640430
3064140
0
0
0
4257966
3501692
0
0
0
0
0
4216697
1094324
0
0
0
0
0
0
1548686
4947067
0
0
0
5091800
0
6606281
4035639
5027669
1882650
6733241
0
330
6899847
0
0
6202059
4519981
1907160
0
5831929
0
0
2130430
0
5074497
0
5575327
4654337
2532697
0
0
0
4660174
5986572
0
0
4587878
0
0
0
0
0
0
5357946
0
7054919
4098385
0
653120
6507140
0
0
3259815
0
6819448
3492532
3159585
6682117
0
0
6093252
741563
0
1683498
462373
0
1487847
5387359
5072815
0
0
6695507
0
0
6310654
4090929
2662101
552630
0
0
6950731
0
6989265
0
5105613
4381589
4579478
0
0
0
5843742
0
0
0
0
0
2795482
0
6312279
6892310
4994493
0
0
0
0
0
5377958
0
6995948
0
0
6941331
0
0
742320
5080222
772
0
832557
6713803
265121
0
5046034
0
0
0
0
6644244
0
3480457
6062272
0
1644319
0
0
5298487
0
0
1226153
0
2869614
0
6052291
2615440
3731063
0
2364938
0
683823
881861
0
0
0
553122
0
7109676
6133489
0
0
4865156
0
87290
1800359
3319327
0
1455913
2986049
0
3903996
0
6050527
3532204
508998
0
0
0
0
0
930379
4742813
0
6674922
0
2656544
0
6509674
0
7034196
95445
0
0
0
0
0
5820026
0
0
6573727
0
0
6897716
0
6810974
0
3539281
5199314
6133161
0
3513346
0
0
0
0
4939260
0
0
3516649
6256897
6309929
6772121
5946979
6654143
3147027
155399
5413218
6659535
6170444
7033731
3476867
307213
979742
5284305
0
4597037
0
0
0
0
6567282
824
4547212
0
4263712
0
2379316
5841671
4686545
0
0
3291737
6975196
193225
0
2882293
0
0
0
5989560
6506378
0
3730785
0
0
0
0
7019862
2021910
7064524
3408406
6248036
4796301
0
0
0
6277877
6110340
0
4606739
5994416
7062168
0
0
7028698
1694904
4188896
4095615
2444882
0
2602073
2254952
985643
6755278
0
0
7066088
0
0
0
5645435
5762075
5997362
3825563
0
0
583681
20803
0
0
0
3450130
0
0
0
3765279
0
0
6371359
6981324
6862238
0
6167995
4990086
5427457
0
0
0
4391079
0
6540572
0
1770895
6663150
7082837
4394389
0
0
6648144
2778164
225236
0
5154663
0
5678611
6706094
0
6989562
0
0
0
0
197448
1048676
5072528
0
5637808
342121
0
2559444
725584
0
0
0
0
4141925
0
0
0
0
0
0
49918
5323707
651645
0
3907366
316
5586007
0
0
0
0
4524381
1298964
5122108
2826666
2847508
0
0
0
0
596366
152665
0
0
6944846
5030380
5167371
0
0
7443
6641059
0
2133918
0
0
6252719
5162911
0
0
3840940
0
3054677
1566656
0
2678163
3653217
6072550
7161500
0
709
6561886
0
4547710
0
0
937877
314422
0
3705697
0
6643150
5720741
7152352
713
3473452
0
0
355337
0
768
0
0
1815567
944791
5777590
2593279
0
0
1386725
3339542
6634736
5188460
2042132
4222139
0
0
0
578432
464926
1581890
5638597
7163657
0
0
0
0
0
0
6473353
5501
0
5388651
0
6112677
0
5285026
3577836
4336037
3316979
0
0
0
0
4594710
2589824
0
7177371
4791473
0
3782756
5503482
0
7005229
0
6103219
5895514
4155046
0
0
0
0
0
39748
0
3746837
6587799
6399260
5186089
5049312
4411260
7030064
6204217
0
4362896
0
2989513
810300
0
5980
542162
7067174
123
1595924
0
3344097
4022613
2863927
6655524
6564362
7009422
5632666
0
0
0
6467361
0
0
2608867
0
0
0
5882941
6617274
5227057
4645406
3144006
0
0
667295
0
0
4097433
0
0
402030
6445260
3328967
0
0
3664793
5757924
4532518
0
5884134
4619489
0
0
0
2771844
7207497
5531730
0
0
0
0
0
2291720
0
7067909
613
0
6889890
0
4680196
0
0
0
1680003
0
6261687
0
5892602
2041427
0
7054129
2404350
705036
1556719
6592000
0
0
0
0
5131804
6780598
2012122
0
3770447
7040690
0
0
0
0
0
6898369
0
6720202
0
639
0
3538636
0
0
0
4772219
0
6435198
225616
0
7043286
5014648
3565819
6941521
5523013
0
2442385
0
3475110
4763350
6818408
2344459
6258178
7119564
5822994
7209665
0
0
0
5356379
0
0
0
0
1203699
724658
4964257
0
6211830
6647337
2071095
0
0
6810893
4983770
0
279
0
7114149
5212140
5010129
4449765
0
1543299
1867715
0
6238453
7193062
4533939
1959801
0
6762316
6286933
432805
1071159
0
2927497
5233209
4918344
0
702
2290264
0
0
0
2707165
6277620
0
6716566
0
0
2382270
0
0
0
0
5078929
4601433
2259478
0
7243972
0
55234
2866682
0
0
7241673
0
6923203
0
0
0
7229306
5749233
0
0
0
0
0
0
0
0
0
6681443
3083693
2356408
0
7007360
0
0
0
4039932
5502050
0
5367084
0
2840982
105691
6336105
6437210
0
0
5076561
0
0
0
222558
6310647
4427683
0
6166497
7105357
7205835
7143361
5114369
6300784
5393106
0
7144998
0
4301075
7149184
0
0
3022241
0
0
6291521
212
5966178
2164624
0
0
6370664
2375993
6242003
0
0
7161336
0
0
1109137
2573269
0
197928
2575486
1806099
0
0
2870651
1671710
0
0
1049484
0
0
0
0
4664098
6825635
0
0
0
0
5741658
0
931
6889114
1173872
0
6905822
3532272
7085295
0
5677949
2019250
4897844
0
3817845
0
0
1468413
0
617890
500792
6583595
1563473
5839241
0
138548
4338510
0
5633502
0
6558465
7131160
3589428
6279380
5357999
276479
0
5308872
4585519
0
5766389
1002940
0
7050814
0
0
7269305
0
6506132
0
0
3116046
3144568
0
5898039
3266488
0
0
0
0
5666072
5814466
7150873
2914891
0
0
49
7196794
4752438
0
0
5532898
0
0
0
3720560
1581863
5218175
2422350
7030593
6546055
5983009
3038594
0
4642004
1461413
3880314
0
0
7251432
7034441
1560147
2797361
0
7268810
0
3514662
5026453
0
3816592
4848311
361887
6934252
0
4636759
3767196
0
0
6768359
0
4688486
0
5221161
0
7253502
6670979
0
0
1354833
6719393
4777459
6270957
0
673611
0
0
0
2496405
1431677
2444651
2432909
0
4771810
0
6585082
6546665
0
6279234
0
3104470
0
0
7297932
0
7163964
7197528
0
0
0
0
0
3005688
0
3328143
2637501
2824755
609735
3882108
4807261
0
7146664
2985743
0
5883766
0
0
0
0
3780624
6280788
0
7294895
5818442
2726462
0
0
0
0
558568
0
0
3030698
5447537
7194669
0
2994087
227229
0
0
6658989
2399635
0
1914490
0
0
87766
3017560
6007193
0
308
2572910
3959465
3954
7250062
0
0
0
5476775
0
2965120
0
0
7327315
7268957
0
4341288
5985600
0
0
7301475
2867073
0
1358420
0
6087215
0
7319047
0
6197803
0
0
0
4846353
663149
5224454
7272019
0
6662162
6530891
0
4216882
4333064
3378454
0
1963632
3581739
0
6552896
4244344
0
0
7279450
1903462
2558899
0
0
0
0
3887989
7081202
7131282
0
5784908
7051035
0
6279234
0
0
3731461
3101293
5178733
427
5513471
0
0
0
0
6677886
126686
875959
1439033
0
0
0
0
0
6600560
1682434
199894
1163021
2288043
7148553
0
0
7306083
0
4478860
0
1886249
0
0
513191
0
0
7064097
6275408
5929958
780962
0
0
0
4254721
4147545
0
0
0
0
0
0
0
0
0
0
0
3212659
0
3412430
0
0
0
3787549
0
0
3396910
2004941
684823
7332849
0
370433
2730613
0
1663012
4073457
7060496
0
3124319
801602
0
0
6428728
5428284
0
6876940
7180133
1140679
6245901
421
0
6907414
5590590
0
6941495
65394
4594304
0
4237135
0
0
0
286
0
6331612
527
0
3321835
0
7055843
0
0
0
0
178702
0
3279055
4907292
0
0
6184641
7293694
2415272
748
1760501
0
7095733
1685695
990
760815
6074990
6459223
7123668
2824769
6496836
0
0
6349092
0
4897710
2351629
0
0
5221204
2226367
0
6934330
6509297
6421977
0
0
0
838325
0
0
0
353
7073619
0
2463028
0
4472579
0
925001
0
7346621
6435374
5003035
0
2124939
1656783
6344894
2016162
0
5618481
0
5113939
0
6864866
5268239
6203826
0
3449376
0
0
0
0
6565519
0
3222007
0
0
3077522
6186508
2010724
5981706
0
3197705
0
0
3426633
0
0
0
6676189
838
0
0
5290920
0
6402239
0
7301231
0
0
7067752
4658274
6980090
0
0
1144020
0
0
354005
3750832
7315679
6567891
3078382
0
0
0
4112254
676415
6980372
0
0
6530791
7115251
0
7089224
0
6095308
7346381
239881
924714
7250847
0
2158685
3530666
0
5466124
0
0
6040433
7361684
5247094
609524
0
1403036
0
7221927
6719482
4667344
0
0
2165429
7320660
5643380
5987703
7123918
0
0
274512
0
6313901
0
0
6452719
7044294
0
6391246
4265139
0
0
0
0
0
0
0
209
6527811
0
0
0
0
0
3351213
0
6561277
0
0
0
4001642
7007856
6596230
0
4335986
6767742
0
0
350659
0
0
6139260
0
7308202
4158352
1007514
0
0
0
0
5349011
4361006
0
2467764
3224022
0
4403943
0
0
6982053
2215306
337185
0
0
0
5214928
0
1628349
7304920
6845164
6243416
0
4870299
0
0
0
2349415
1839367
0
6908471
6502161
7387528
7325444
2512003
0
0
3220869
166
0
0
0
5819056
5600811
3804301
5659312
6870857
672902
2915936
0
0
0
5494873
3222599
0
5041381
0
0
3793216
2924360
0
480024
0
0
1232155
7126212
2024977
0
0
6425757
0
0
325980
0
2454935
0
6679378
7182632
0
0
0
0
0
3865847
1148335
0
3725790
0
0
0
5488312
6166793
0
4846048
0
348
6466974
5386957
0
0
4382479
5065590
0
0
6447682
3257946
0
6310741
0
0
0
2837049
6900031
0
7392304
0
7243684
6142662
0
0
7375884
860
6574236
0
0
0
1804900
0
0
1016393
1388918
0
6694054
6086582
0
0
429906
0
0
150488
0
0
7431845
0
6861761
2228752
3006834
6015136
1684617
0
1657383
0
0
0
6921822
6511111
0
0
4182564
7468065
0
0
1803768
3170495
6711046
0
6413060
0
7403692
0
0
0
0
0
0
7379807
7080969
0
7194488
7126908
6878813
2450408
3231970
0
0
0
4981100
0
0
7418023
0
0
407
0
0
0
0
0
7083755
0
7382797
0
3795969
7256215
0
3915083
3808503
0
0
2215027
0
0
6435563
5519123
5352077
4706846
0
2678530
0
695101
0
0
5730314
7479363
0
2274115
0
2788667
218251
895170
0
0
1822952
0
5454635
4775837
1041745
6900125
4402054
0
5276769
7202223
6049942
0
823278
0
5013696
0
2571144
0
0
0
3244178
6157271
4558451
4689598
6788809
7164625
1778418
3799993
5405045
1066127
0
0
7226035
0
0
6103214
0
0
860197
1792285
4180268
0
0
5818212
6523736
0
0
0
0
0
0
2525696
618110
1385796
0
350673
0
0
0
7392992
0
0
4121507
6444016
0
7410719
728900
1836165
0
7209175
0
0
0
3145594
7168634
0
7446479
0
7042579
0
126057
0
2208310
3338233
5783327
0
0
2011760
6289063
0
2314855
0
0
0
586899
4353742
1198970
0
0
0
6976145
0
6711426
7277700
6577120
0
7121854
6608930
0
0
7447585
1106066
2595074
6444358
7452218
5354494
2091942
3956387
0
3596092
4637937
0
0
0
1155350
2062315
0
4609676
190410
7289121
4579536
0
5785712
0
0
0
5731407
0
0
4158666
7476771
0
200896
4545896
2384279
3638686
0
0
2333924
0
1676135
5417274
4713332
7166279
7410484
0
0
0
0
6007452
0
2898092
0
0
0
0
6156503
7080313
0
826507
0
0
0
0
0
4171418
5888643
0
0
2446254
0
0
5931396
0
0
0
5566349
6415132
6307788
0
4201335
0
1671089
6731004
5501069
6068457
2469292
7537967
197127
7446269
6898854
0
1306162
0
0
6860585
0
0
0
0
6855543
777712
0
0
3661442
2354376
328551
0
747620
7457537
6399634
0
0
0
0
7463077
6902794
6468709
0
0
7386210
0
0
0
3862701
0
7461607
0
6645296
896451
0
0
7003078
0
2677851
0
0
0
0
4551617
0
3843036
0
4182479
116
4780983
7229641
5232916
0
0
0
0
5133018
0
4907724
6633640
0
0
2438869
490203
7006114
247832
0
0
3802316
0
0
0
6916594
3290497
5339237
4933858
0
5697903
0
0
3442
0
5124798
3828234
4829975
341
7270369
2150553
7540055
4129694
0
6455818
3126415
5165947
3301860
0
2730033
0
0
5177817
6199377
6775983
6379414
0
3619537
6996669
0
0
7080465
0
6131699
7422484
4700563
6557511
0
7288780
0
0
1463949
0
1139948
2487079
4419039
0
5793058
137428
0
5660147
5574500
0
4841235
2862487
0
0
0
0
6473017
0
0
1026236
4706095
3168527
3169023
0
4250036
0
7037796
0
7303230
0
0
0
0
0
0
2842757
0
0
850679
119792
7267386
0
0
0
4681396
0
6365501
0
5039069
0
2663333
0
0
0
6054168
0
3301595
6000031
0
0
0
5569190
4200732
3996495
0
4741608
7289367
0
0
5640582
0
6897527
0
7490473
4038594
0
0
0
0
6805461
3466218
0
0
2807
0
6583770
1016735
0
0
12386
6397100
3968302
0
5980
7014070
7087344
4799439
2442607
7471864
7297346
710
0
5389340
32739
0
0
0
0
6451331
0
1315540
0
0
0
0
0
0
5437189
0
101057
0
0
0
0
0
0
0
2696534
0
0
7573928
0
6049586
1654627
0
0
3604011
0
3812563
5060551
0
0
7592017
0
0
790849
4257022
0
4981301
0
6486775
7380263
1422449
0
436961
0
0
0
0
3980733
3738627
6955313
0
1120015
0
7042933
2087
0
7360750
0
0
0
3471999
5534949
50
0
0
0
0
0
0
1778078
0
4301399
0
0
0
7403797
756911
0
4798838
0
6631161
0
3985906
0
0
7212775
6265965
0
4572837
0
3176831
7600612
0
7542010
7434854
7522410
7210641
4778394
5784585
1532308
115
0
6616334
5159626
0
0
4647944
0
1641884
0
3732441
3543506
0
0
1038209
0
4185408
0
5673730
0
0
7114941
0
7308178
0
4500650
0
6521230
6568104
1833860
6521608
0
7521259
0
3428454
7533206
0
0
0
0
3302470
0
0
5411806
7254239
0
0
7525530
2723587
0
759383
0
1235752
0
7468981
0
0
5983537
7631194
4748095
0
6674600
0
362249
0
0
2405912
3897520
7057364
0
2373524
7347199
0
0
4532017
0
0
3973451
0
0
0
0
7637980
4315333
0
0
7546339
0
2191230
0
83812
5529419
6979694
3191322
0
0
7494437
7377037
0
0
1843862
4168359
3276270
7238579
3124728
7345451
7333990
0
0
296596
0
5076050
5511922
0
7561392
7597802
4234674
5540073
4787810
7378873
3711851
7331598
0
1687342
0
6983471
7451781
0
6855361
0
5092370
7485608
6090162
0
6220233
5793967
0
5549914
0
5282166
0
0
0
0
0
0
0
4650884
8
2651877
429113
0
0
1966422
0
714
5546629
0
7613377
0
7335494
0
4699237
2665821
4744357
7200742
7623895
6984746
7657438
0
0
0
0
7332255
7633794
7403532
6015210
0
6510892
980
4028874
0
5101559
345607
2501727
3193253
7584964
1058310
5740130
0
1114666
0
0
0
0
0
0
0
0
2871230
0
0
6374530
0
0
0
0
5967114
0
0
7182212
0
3230714
1061584
2866501
0
2487216
3565524
6329317
1381380
0
0
0
1810189
1866668
1271308
0
612702
3831962
2335140
4325394
6882963
4967712
0
0
900625
4885545
0
0
0
304
0
0
0
0
0
0
0
0
0
50657
0
4040535
4917911
4673588
0
0
6013468
0
0
0
0
7331643
7523695
4075548
738338
5587734
6950415
0
0
0
0
0
0
0
0
6983147
0
0
4138577
0
3281531
0
4593970
7205276
0
0
6409196
6554844
0
0
422
7317831
0
5881777
0
0
3299222
5128979
3848830
0
0
5592492
7016515
3618802
3077438
0
2822443
6750832
7087545
0
0
0
1692675
0
0
1139276
7681317
3988165
0
7697964
0
0
0
889
592428
0
0
0
0
0
0
0
7428416
5100687
0
2482732
0
4142142
3230051
2865477
914795
939734
0
6595706
5351739
3207273
0
0
0
1534143
1924866
7313182
7495540
3439095
0
5248885
4611054
0
0
0
0
7348472
0
5516191
0
478420
7694735
3881053
0
6761132
0
0
6775359
1553419
0
114803
0
3149132
0
3014958
5772828
2871094
5523437
1129926
0
5266973
0
984176
0
3941441
0
0
0
0
1862803
0
4340916
0
7275946
0
3002478
0
0
7279285
0
1099362
6466632
0
4847094
0
5988164
6083936
0
0
0
960839
0
7619691
3124938
5024653
0
0
4000324
3656479
2877452
22057
4752369
0
0
0
6988695
0
726
0
0
0
4551843
0
0
3124791
0
0
0
7413557
0
9409
0
7357015
4999708
1883778
3348942
0
5171218
4174957
1670922
0
5732288
0
0
2125889
0
5688779
7196836
0
0
4590120
0
314820
0
5449982
0
0
2168778
5332095
0
0
7476476
0
2878106
0
0
2162158
7599064
0
0
5706632
743468
0
3033846
3599733
0
3864500
0
0
2712275
1665331
0
0
0
0
1961404
0
0
0
274752
0
0
550864
5421313
7675776
0
7492969
5687053
0
81984
0
6143999
0
1340203
0
0
0
5413449
0
4399316
0
2613841
2545383
728219
0
4385838
3227586
5746683
0
0
427004
0
0
4687947
6359856
7780392
0
7507511
0
5639338
6638153
5032932
717471
6751541
6396886
0
7675137
6152339
0
0
0
0
0
0
0
0
0
5410540
0
4866687
6331625
3450697
0
0
3231426
7699611
6362118
0
0
7074236
5128432
0
305
0
7663976
6235134
7750099
0
0
5564197
0
0
7224327
7446086
0
0
0
0
0
0
10616
0
963
0
7778475
0
7611571
6940019
6576940
6090121
0
0
0
0
1740111
6800127
0
479905
0
2871478
1197074
0
0
0
0
5224202
886894
0
5479618
598
0
0
0
0
3080985
915
0
4257699
7809746
0
0
0
1668532
1313862
0
7562246
0
7005127
3586056
4597200
1113219
7773368
0
0
710821
7656641
0
3668153
6955464
0
5317141
93
0
7645065
7553154
0
6045397
1673685
0
3325206
0
0
0
4983461
0
0
6055796
5808402
0
0
7171176
0
0
1986078
4939193
7503109
2371704
1836213
0
0
0
0
0
0
4931428
0
0
0
7228071
7405130
4407371
6328073
6461597
4541223
0
7396760
0
7303064
7706696
958826
0
149021
58975
5578278
7689562
6685458
0
0
0
7414713
0
0
0
3040318
0
2125300
0
0
3386785
0
6254317
7028710
0
5793584
3452922
6546649
7396920
0
3351046
0
5053905
3603504
7424804
4048983
30371
4397857
0
0
0
0
0
0
3493016
0
6715500
0
0
0
0
0
7689577
123438
0
2364195
0
0
0
7095411
0
7777591
0
4443474
0
7684919
7413071
6340191
0
0
0
2660465
6951718
0
0
7801139
0
0
0
0
1643453
0
928989
1967045
5705557
0
0
6789607
0
0
4073561
765411
0
0
0
7845955
0
0
2374134
0
0
6079903
0
0
0
0
0
6761977
0
633920
6919297
0
0
0
0
6990095
0
0
0
4074997
1982798
5075391
7799317
0
6603459
5575429
6755569
7099041
0
7641096
7802484
0
7803088
7393517
2263140
486
4127874
3864359
0
2420734
3492353
4500625
0
0
1552040
4123070
0
0
5045848
0
7092750
218357
0
5665107
4779848
3472765
0
3201740
0
7095883
0
7636403
0
0
0
6128263
0
0
5053740
0
4579171
4945896
6004875
4216414
0
0
4517686
0
0
1698712
4872558
0
7764589
4188166
6952725
6329655
0
3787212
0
0
5585672
4106758
0
0
388706
0
6660872
3560965
6778069
3020894
2715404
0
7307899
3018328
0
0
4302493
2410202
0
0
0
1981607
3852094
0
0
7403460
0
0
0
0
7458610
0
0
0
0
5101358
0
2262183
2871785
4414896
4287291
1893866
733108
0
4534125
736794
5940673
0
6580472
5511077
7274885
5400524
0
7404388
0
3156610
0
0
0
0
0
7435819
0
7188279
5346193
0
0
0
3604420
0
1047442
4831375
7463172
633567
7390962
5222821
4479092
0
0
0
0
7381513
7410223
7687177
0
0
0
0
0
0
6759571
6098596
7468058
0
7781345
4002188
0
285015
2151063
6568347
6838960
0
1628818
0
4500276
0
0
0
2653985
0
4274373
0
3820638
456083
0
5249172
0
6414937
5788485
3294416
0
0
0
7112033
6964077
7177003
6505742
0
0
447988
0
7181514
7599126
0
0
0
80809
4426612
0
6804775
539937
5009218
6768164
277869
0
0
5421725
1462041
4084473
0
3352405
0
0
5393581
0
6365374
0
7091664
1199084
0
4833516
959
3656246
5863123
0
0
6045255
5096391
7899491
0
450
4033957
0
4780265
6477765
1655642
0
0
0
0
1959975
144
0
6612311
0
0
6920109
2230488
0
7820906
0
7552236
2638800
6576481
0
0
1877142
5564540
5397020
7582334
0
0
0
26
4814089
6173892
0
6408775
0
0
0
0
0
0
0
0
0
6071847
6811395
0
732210
0
0
0
0
0
177
0
23
0
7768559
5751597
5155024
0
5948322
0
7503564
636966
0
7637972
0
7645231
6000632
0
0
5123856
7648652
0
0
4022274
0
7104397
5283567
0
0
0
0
6613780
2157827
0
4669391
0
0
3972426
0
6127290
0
0
0
0
6190607
2254867
0
0
0
0
871299
0
6503874
7607266
7199647
6754751
0
2048929
1586398
0
3876371
0
2234814
5780913
6512361
0
4640459
0
0
0
5465986
0
1878929
6119500
0
6730840
7263979
0
3173236
6109121
0
0
0
0
5812504
0
0
0
0
0
0
6856289
0
289
134751
0
2552669
0
0
0
126162
5475741
0
0
7661930
7850480
7580352
1536925
7298268
0
6953202
0
0
7850618
3247830
0
2469023
1314919
0
0
0
0
6891700
0
0
7077096
0
0
4266815
7659775
6392953
7898871
6809714
3179677
4814492
5602710
6668201
945309
0
0
0
2097765
7091825
7900237
0
0
0
5373445
0
7096422
0
0
0
0
4233051
4560729
7632693
0
0
1895974
0
56830
7939629
0
7921503
0
7554314
0
1847764
0
3007538
1225305
6962809
0
7828835
0
63
1227302
5279376
1540925
7072446
0
3994760
6632373
0
0
7415441
0
0
0
0
0
0
4764304
0
7739919
6326804
6385906
0
0
7237937
6092643
0
5241507
7556056
0
2663562
3924586
3371984
0
0
5214398
0
0
7437016
0
7829917
7938390
6453937
0
1510785
5224408
0
0
0
0
0
6396490
7076250
0
0
7120374
3267750
4949278
7564963
3814308
0
4032410
5021704
5678100
0
7931281
0
2593300
0
3111728
7130974
6994955
0
6507371
2410202
0
7240609
0
7829390
6089303
635
0
529859
1717668
458000
0
0
0
2950952
3248341
0
67916
0
7799509
7088760
0
0
4967912
0
0
0
0
0
2113364
0
5397340
2577703
6945227
3428080
6608035
7620722
6407384
0
1872437
975255
0
0
7751098
7456910
6224686
2987545
4115915
0
0
6039655
0
0
0
0
2088683
0
7308276
469361
7378061
2341543
0
0
0
0
7626106
5309509
2990480
6952232
0
0
2408642
2594659
0
5315001
4055852
2911915
0
6675092
0
0
5435874
4037845
7598650
6996669
5823953
0
6191278
0
4848049
0
0
0
0
0
0
0
1917860
2454285
0
4315255
1742609
3492441
0
4852589
0
0
6410885
3792504
0
2911131
0
993159
5369004
0
6153132
0
4717350
7188163
0
4448082
0
0
7765912
0
0
0
0
0
7469618
0
522203
3719997
5777311
3988918
0
0
0
2493825
0
7572636
4406407
7359268
3076867
0
0
0
0
0
6548947
0
7346739
2234814
0
1013
0
0
2842168
2857412
0
0
6930008
0
5748306
4059694
2028112
2164278
7811309
7347803
7283340
0
0
0
2269228
0
0
6514920
0
0
5436036
4192967
0
6344814
5880182
7290917
0
2929571
7896052
6783876
0
222859
0
0
7322845
3546367
0
7430189
604
3528357
0
7060454
2343959
4291184
0
0
0
5189806
0
0
0
0
987
2999272
2790666
0
0
7846003
5093985
0
0
0
4001174
7574331
0
7971440
7583055
1045773
2734339
0
0
0
2499575
783
2191338
0
0
3110850
7875552
112065
0
7972902
3827174
658668
2494163
0
0
6307022
0
6162127
0
0
6524384
0
0
4081614
0
7652790
0
7742201
0
0
0
0
154370
1815396
7642460
1622379
0
0
6959995
7578295
0
0
6781196
0
2978718
0
3096453
0
7763888
0
7151519
0
2091406
6892884
6525805
0
4470668
0
299764
4026036
0
0
0
0
7553038
0
0
3832711
0
0
477642
2318378
3316132
6433409
7806281
0
6723456
0
6214150
0
6035719
0
2959156
0
5521427
7045817
7900864
0
0
3115901
0
3554870
0
0
0
4996560
0
0
0
0
0
0
4039642
0
0
0
5548888
0
1842052
7501719
5215319
0
7534125
0
4452402
0
0
1266434
5119836
4728866
0
1410841
0
7661992
0
390375
0
0
0
0
0
3562400
0
0
0
6898230
0
6932867
1889982
0
0
0
0
198788
0
0
0
4728444
0
6141142
6464214
0
0
0
0
3719177
0
1181088
0
0
0
0
0
4337861
3126587
3379572
0
3389367
3559643
5830216
0
6216955
0
1966494
0
0
0
0
5099360
7908884
4547601
0
3169861
3943389
0
0
4248669
0
0
5638810
5612101
4953658
0
5310590
6063724
7878289
5228196
7359336
0
2596749
7423692
0
8047693
6744497
7223604
0
0
6630646
421289
5376230
4472862
4039379
874932
0
0
0
12855
0
3103139
8032188
5644067
0
2961307
0
0
1644905
0
7627081
0
5375566
6817041
4113452
7753811
5907581
2646999
0
0
7941986
0
0
0
7808128
0
0
0
0
0
0
4453709
2802857
0
7175226
6028918
0
0
7062098
0
0
7947612
5524287
3897520
0
0
0
0
1425500
5960770
7759694
4246839
0
0
5650027
0
7862121
0
0
1533220
0
6050
0
5180572
0
6983623
5700973
6550689
0
943259
7296270
0
7841853
2244802
11378
0
0
6422415
4607818
0
0
5353124
5791684
4231966
3698425
1770020
2572865
0
0
5616249
0
0
7965836
0
5813012
3234553
3221535
6904038
0
2473865
0
0
0
0
210448
1202049
4301998
7384712
0
2716259
1966748
0
0
0
0
0
0
6502546
463952
0
7930906
6275345
3946208
3879929
7774794
0
1150673
7564448
0
7505768
8049780
0
0
6170912
5133766
7926608
1303035
0
5663462
2325803
0
0
5304603
0
1524593
7633015
0
1867938
0
7373662
7979980
4790946
0
6864687
4776576
7195578
0
1731356
0
4762936
257
5759550
0
794551
0
0
0
769111
0
0
8051458
0
6201999
0
0
7155121
5028005
0
0
0
1406509
7336777
2742802
208327
4064345
7798007
0
0
7759798
0
2683794
0
5451723
0
7810945
0
0
7524708
1092279
2684397
5098078
6078322
1428700
0
0
0
5158459
0
0
0
6006415
0
3809049
9
0
0
1382355
8061134
8121227
0
0
7478727
0
7987138
6010800
6014389
0
7980112
7394836
77870
6634844
1952865
5876269
0
0
0
7526612
3327614
4965958
0
5049419
0
1971608
0
8030999
4082373
0
2896575
205084
2807013
0
0
0
2085347
6320778
5340451
0
313271
7553639
2122024
4547409
0
6823085
5880450
0
0
7478595
0
0
0
0
5221061
7199067
0
6683160
0
0
0
0
0
2992457
582893
0
0
1736252
0
536
3376501
0
919085
4622677
3410061
0
0
0
4306136
6029381
6354570
7930348
5335293
3336462
0
0
0
0
3892472
3875994
8094131
0
7055161
0
7713708
1797370
8111529
3164354
0
4255281
7089438
0
0
8016515
4411832
0
2954096
7348812
0
0
78225
6309394
0
0
0
1727915
8111093
0
3155003
0
0
0
6426853
7068432
0
0
0
1208390
0
0
0
0
0
0
7144819
7691158
7740598
3142890
0
0
0
0
0
0
4974215
6550527
0
8092304
3639889
4476667
0
0
0
0
0
0
6179079
0
7188857
0
0
0
0
0
0
999365
7869206
828513
0
128780
0
0
3287293
3083452
0
0
0
5523530
0
0
0
0
5993249
0
4338808
446974
0
7960455
4268213
2917300
0
1884882
7282728
0
7821141
0
0
0
0
5604281
6518280
6040379
0
7538825
7902923
0
346316
6776916
330059
1439248
6901823
0
0
729317
7449046
0
0
1205722
2786425
1375668
7997166
3553412
6282208
5926520
7912059
304874
5776821
7915437
7377936
2117741
0
0
2540062
0
0
7134487
0
0
0
0
0
0
0
3424603
0
829662
0
0
8093708
254008
6492976
5076917
739
0
0
0
0
0
0
3669808
0
0
599420
5532978
3485262
0
0
8097191
8054803
6745361
0
0
0
7068136
8150062
0
2404236
2924348
0
0
0
832489
0
0
1035746
0
0
6539582
5995950
6367736
0
4016120
6831568
5727111
0
0
0
0
0
6724422
0
5200215
0
0
0
471370
0
0
0
0
7809128
7093137
7606146
6199683
0
5846393
0
0
7657748
7862959
6563378
8164690
0
6386883
0
0
0
2611173
0
0
55452
1829905
0
0
0
5775632
0
0
0
0
7433920
0
0
4173626
7406428
0
0
5832223
8157453
0
7574281
1140531
0
732257
4802747
5745125
0
7607763
2625648
3837731
555236
0
7852150
0
0
7316251
64322
0
0
0
4218149
7066665
5685469
0
0
6158526
7216793
7240474
0
0
0
0
0
0
0
7783397
0
0
5611799
4310981
0
2112253
0
0
0
0
1155211
0
5234691
4968986
4593735
6432498
4867485
0
825
3149420
7743737
6647042
6670611
8209830
5522628
0
0
0
0
0
0
6506783
0
0
0
7695395
0
126104
4060769
4383252
0
2468607
7785422
6038422
62
0
0
0
0
0
0
0
3124536
7199907
7737008
7603276
8228179
7554506
2275467
0
0
0
1870489
0
6523148
0
0
7584463
0
0
0
1054426
0
0
7972064
0
0
0
4380224
0
0
0
3554136
6068108
0
0
0
0
5032056
3149463
8013524
0
0
4727243
0
0
7282823
0
4666706
0
6236478
0
0
0
0
2932118
0
0
0
6375893
0
6907388
0
8112470
0
0
8240322
0
2058493
0
0
0
1692633
0
8143995
0
0
0
0
740858
0
0
0
0
0
0
1256253
0
5423768
0
5266678
6993931
2290757
0
0
0
6412429
3039551
2485439
2985811
3107427
0
0
0
0
0
0
0
0
0
6422030
0
0
5684076
8164443
6266029
2886554
1790041
3912467
0
688
7412204
6021889
6111799
0
5804756
915052
0
0
7542222
1607798
8186016
7589549
3863319
8136583
0
2631599
0
8147858
0
2162097
5305045
6781043
0
0
6661135
1675817
5968191
3822235
4320003
0
7738316
6504687
0
8281210
7998348
0
8142565
0
8119968
0
0
7722494
0
2694129
2589408
1232699
0
7319269
4765235
0
0
0
483552
931607
0
0
7386120
0
0
0
0
0
3498265
0
7887649
0
7136492
0
1859477
3536850
6076432
6132598
8149658
0
0
0
7904413
5510588
465599
4678831
0
0
3458755
7496906
2636102
7826982
6809108
0
6148514
0
0
1536988
0
0
0
0
5132286
227471
3859604
8251999
3037907
8262929
2446461
0
7360235
6091034
0
0
0
0
0
7185587
0
5263651
7392554
0
6752070
0
0
7251332
0
0
0
3031521
0
0
1964521
5957848
8132763
8028422
7073622
0
7932987
0
0
1847727
5272969
698493
5278134
0
0
0
8125748
5860075
0
7008376
0
0
6981789
8117354
0
3035034
4425607
0
6301598
7302838
7258340
2782503
0
0
0
0
7945374
0
0
0
2111040
3664228
0
7753734
8129809
5897659
0
2662029
7324071
0
0
4133254
0
4915521
0
0
0
0
3089922
0
0
5987703
0
4805547
0
0
5345783
1641708
0
7718145
0
0
7866529
0
2920889
0
5786100
0
778
5501933
8303687
0
0
3448357
0
1712118
3515493
7242990
1322146
0
0
0
0
0
6494180
7580968
2950362
8056185
0
7182270
6052157
0
0
4791279
6964774
0
7300870
0
0
0
5773658
5525841
6006927
0
2473783
0
0
7439130
0
0
5706370
7294117
0
0
0
6830956
0
0
0
8337027
0
2195005
4068679
3646602
0
0
7227921
0
413151
247
0
489652
6319905
7154368
8167529
0
0
6973620
0
0
0
0
7974277
0
0
0
4736176
0
0
7997858
4325607
2247941
0
0
0
913094
283126
7211661
1007523
7396977
3271397
4026624
0
6512968
8141602
0
6931118
42070
1626023
1685415
4543174
7378636
0
8144132
0
5694713
7973314
4857762
0
1231208
1837676
0
1381377
7819488
80627
0
0
5970071
0
132012
7992957
0
3880409
0
2673708
0
8162695
2385180
0
8128418
0
0
3732441
0
0
8136595
1760555
0
6368320
0
7271565
1856499
2209535
8004996
4243625
1646898
5787031
0
0
0
0
0
3077740
0
8253520
0
0
0
2594118
0
7754469
0
4847503
0
939027
2353109
8161805
0
8048208
0
5576460
5568493
0
6533089
0
7249988
0
8145429
7435554
1009059
0
464757
8061908
1134417
0
0
0
0
4188116
3076216
4079047
3268378
4346747
8169820
0
1542528
3669340
0
3781918
3378453
5640528
0
6475600
4420034
0
0
5307188
7211540
1055754
0
246
6611386
1433888
0
1840491
0
4996944
0
6286776
0
0
2950041
0
2730084
0
0
7301898
0
0
2956979
8288948
0
2466374
3176366
0
0
8306042
7982892
8077523
1058421
0
2358440
0
0
0
0
2876564
0
0
0
1221653
5086362
7354746
0
0
6824075
0
0
1703498
0
1233413
0
0
0
6223617
7225428
3865805
0
4731509
4400665
0
0
1793968
0
0
6616322
7882930
0
0
0
7545347
7419969
2052316
0
8186045
2078067
3582628
0
8284015
0
0
0
5397446
24434
7487742
0
0
0
0
5185647
4641625
0
0
0
1455077
7026895
0
998241
2936964
0
1971157
6468722
6455490
3560215
0
0
0
6122535
0
0
7666670
0
3790138
967
0
7357077
0
0
0
8137927
2379503
6180043
8332634
6050094
2132656
0
0
0
8390093
6948566
0
3644828
8263116
7133772
0
4636587
4918344
0
7782562
682131
0
3794495
7996541
7607412
0
0
5590807
8400903
0
5259813
0
5928060
0
6766745
7763194
7509178
0
0
0
0
7329711
8045987
7090125
8378716
0
7302894
0
0
0
4346310
8045536
8230196
0
0
7768027
4845799
292540
0
0
6843630
7629460
1045802
8106188
0
0
0
0
0
6923596
3931197
7258957
0
2952398
0
1059797
0
5971514
0
3391780
8399656
0
7343559
0
0
0
0
0
0
7300692
5125672
1807762
3020085
0
1851766
8344365
5031276
7350318
7207488
7552865
0
0
7791500
0
0
5591063
0
8272064
3284778
8423242
616469
0
6313363
2314539
8230332
0
0
3511764
0
8231586
3903007
0
0
0
7708952
1058671
0
0
1959469
0
0
6264756
2116553
5361158
0
0
4207141
0
0
0
47812
5899494
0
0
6476361
0
0
8166727
0
0
0
0
0
0
8321625
6058102
0
5608893
8258570
0
2314986
0
6733799
6083683
0
0
0
1002674
7244875
6314486
8381257
2969091
7491716
5542459
0
0
6239526
7001549
0
8321149
0
0
0
8395138
0
8094930
0
7070060
0
0
7119201
8173393
0
629493
0
0
3657415
6618102
4874860
7670786
0
0
0
0
0
0
7320733
8006335
1711757
0
0
8160449
7923764
4326702
617983
8232185
0
5839640
2807910
3851046
0
2746331
0
1528281
3245435
0
3238152
1894484
0
2163118
0
1183541
0
0
6453328
8294008
0
267
0
922019
0
8171048
6364641
1168649
0
8399170
0
2910280
5218171
0
5596707
8291800
0
5151833
0
0
5445755
0
8321023
0
8323136
0
4240246
5226521
0
7983079
116369
8207327
0
0
8265101
0
0
0
2410665
0
1768803
2343089
0
0
5241732
0
0
2304846
5834344
7663031
1892351
0
0
0
0
0
7221335
0
0
3105497
0
6112137
0
1645924
0
0
0
0
7536122
0
4728072
0
1634886
270019
2049074
8147451
0
2918914
5976797
7618130
0
0
0
0
0
0
0
0
9576
0
0
0
0
7690857
4041371
0
0
0
5351449
0
0
0
0
0
0
8033238
0
6971991
425144
0
0
0
0
7470284
0
0
5232362
0
5630717
126177
0
0
6930633
8152866
3622908
4275205
8369760
0
0
3564697
0
8199487
4864798
0
7737369
8074416
0
8483687
0
0
7878198
498
3588880
0
0
0
0
5936360
0
53480
7730560
0
0
939561
5977736
239531
7260076
0
6912307
0
0
640716
0
2891122
0
0
8166762
0
8380351
8003144
0
7240304
2432471
4459635
0
0
7554354
0
0
8027516
4499974
0
0
0
74851
7427616
7827767
7555942
0
4360596
5775848
0
924535
7794366
8474198
0
0
0
0
0
3220909
7889475
5556395
7808208
0
0
3906282
0
7425208
3400362
0
0
0
0
1302070
0
0
5183192
7338852
0
8361558
2935971
2837586
824949
0
0
5867818
0
0
7653023
3067010
0
6918266
5748975
178377
0
7226945
4666651
3352198
0
4692708
0
0
0
3844677
0
0
0
0
0
0
1935488
0
0
0
7504729
233
0
0
0
0
0
1024924
7291310
0
8424935
0
7091027
0
0
6726828
0
0
0
1709729
0
3207507
0
0
0
7244143
0
0
0
7360682
4256084
0
1578128
5761180
8443769
0
3479459
0
3830356
7619440
7534704
8210051
7567289
7934294
4560052
0
0
0
7760128
0
2517613
0
0
8406644
0
0
0
7682670
3130230
0
8360190
0
0
0
7806495
5029743
6843949
0
5217944
8282219
0
7834278
8209291
7767029
0
0
5797943
0
7982067
0
8277935
371824
7583450
0
3902938
0
0
4637279
0
7645335
951037
0
7240714
1590107
0
3417819
7356918
6917348
3802744
4248290
0
4855179
0
0
8500888
3322204
0
3118530
7738570
4554923
0
0
7883074
7397818
0
0
0
559737
5096488
3554199
6261733
0
5028540
0
6069498
0
7773887
6289453
0
0
0
6038422
6104564
0
0
339
0
0
6845812
6070388
3659380
7406874
0
7496288
2097652
0
6501482
0
4359827
0
8473636
0
6259234
8337533
6557115
0
6502854
5194650
0
6450517
0
8531175
3256333
5866277
8383286
1901878
0
0
4523224
8128406
70624
8519130
8118026
0
0
0
0
8111102
5464470
7460483
766291
5014493
423931
5920915
6068601
0
0
0
7977143
0
0
6212034
0
242118
0
2151034
6877707
8412583
8358338
5407714
1906111
0
777988
0
0
3553132
8160676
3615803
0
4375723
0
2170207
145802
7641090
0
403461
8306425
0
0
4397814
0
0
1884
3360985
0
0
0
6435758
0
8319480
6162212
0
0
0
7277164
0
0
638730
0
2241018
5316451
0
603173
5568238
0
0
0
804743
8149087
5227393
4398586
5868441
0
6955428
0
0
266589
0
0
0
0
7118662
7995903
0
7558452
0
0
6017849
2375
6553534
0
7519735
8281517
0
0
0
6125855
0
0
7961772
8383661
8296877
0
0
0
0
4785201
0
8529869
7406477
0
0
0
0
7672691
0
7449376
0
6049019
8442162
32521
6081891
8005285
5060016
5993206
0
0
0
7565123
0
0
0
0
0
2469216
6445783
7164846
0
0
6389527
0
0
6034356
2722660
0
0
645923
6966104
0
8526695
1525140
5719340
0
0
0
7095348
8328120
5546985
6465040
1652112
705
0
6055416
0
2316649
8050326
0
0
0
0
1065585
0
7390278
0
0
0
0
644928
6906713
0
7416112
0
8255310
0
100379
2434755
1034882
0
0
0
3302338
7186582
2169627
0
0
7489236
6899463
562600
0
7346890
0
7127828
6653334
3704446
0
4536362
0
0
822
8506014
2628584
0
3627985
0
0
8043888
0
0
0
8066914
0
5280994
7726558
0
1321035
0
0
8405578
6706557
8362621
5278859
0
0
5739364
6221528
7908730
3777546
0
7215808
0
0
0
0
1428639
7973793
7685459
0
0
0
0
0
7116166
0
0
0
0
6523562
0
0
0
2201869
4124438
0
6375101
0
0
6218289
2226930
0
476073
7900221
3035051
0
5972269
0
6901128
4993781
0
4177569
0
0
0
0
0
7613179
4983687
948
179166
1000
0
0
0
0
2347537
8485560
0
0
8512413
8411636
0
0
8560438
1690228
0
0
7435442
0
7599741
0
6003957
0
0
0
360
8264137
0
0
0
0
4226559
0
0
6990700
8377695
0
0
4490858
722
6953565
0
8471289
0
7135233
1429647
7454674
5955737
8499602
0
8160020
0
0
0
0
0
0
6069585
6863507
0
5334082
0
7256097
0
5847965
1658942
4237352
6085233
0
5583268
0
0
0
5725423
0
1686406
2378290
5102822
3906542
8207074
0
0
0
7829321
7815757
0
6718
4692983
0
0
0
0
5473939
4859660
0
0
0
0
0
0
3674368
0
0
0
3335045
1015922
0
0
0
247798
0
8219102
0
1472836
8513667
0
0
0
0
7798658
0
6895407
2984695
7115011
3294111
7567854
8111488
0
0
1480316
0
0
8607464
2884117
0
136350
7162041
0
0
8531432
0
0
7382216
2175188
5559362
0
0
7697938
4902306
8590047
4941681
2885679
0
0
0
7904164
6378537
0
7679894
6219577
0
7378516
7291898
4434068
0
5291089
5210452
4405060
8496244
0
0
665317
3627890
0
1016721
0
7293611
3083264
0
0
0
207
8069736
8485167
6398968
212411
717
4735440
7115762
0
0
0
0
0
481
847
7344773
3127608
0
297914
0
0
609639
5070263
5055820
199035
7033004
8407421
3209943
3479
8265100
0
0
2793071
5633067
7615795
487
8531418
0
1234607
0
0
4599545
8616160
1141155
5957035
0
0
536810
0
3391758
2662005
0
0
8305637
0
7777280
0
0
8357671
0
0
4592687
0
0
0
0
600391
7887631
476
0
0
8305517
562230
0
8676913
6753817
0
3699116
8619156
0
5768222
0
0
4619676
1800130
0
3654604
292
7609048
2282125
0
0
0
0
8245551
0
0
8127662
8490842
0
4778566
2128931
2016048
0
2317489
0
0
0
8486142
0
0
7485208
0
0
6949215
0
64033
33931
2136217
95346
8020882
0
0
2903185
0
0
7723390
8121960
6399897
0
7174382
8070143
0
0
8315795
0
4961852
0
7682599
0
0
8471081
0
0
8021400
4370692
0
0
8302647
0
0
0
5897565
0
5964628
937180
8582549
6929480
0
0
8248737
0
5932513
0
0
0
0
7723152
0
8713905
0
0
7487928
0
3383209
8187059
0
0
5773955
3191233
0
5165923
12427
0
8003486
6827266
0
8056212
7681678
0
0
0
0
0
4638450
7577738
0
8583799
0
4049869
2247553
0
0
5207139
0
8705240
0
0
942048
0
5970204
3416397
0
6228687
7036693
4585574
0
7755015
0
8514169
7280769
8432281
0
7940923
0
0
0
1420318
0
0
1689698
0
0
0
0
8273190
0
0
7690977
7853094
0
7778247
0
2400923
8696050
0
8625187
0
6283121
5837212
4771388
0
4514573
7938014
0
3188395
0
0
7520848
6731515
0
7541868
8610910
637743
0
7800594
0
8543163
0
2109614
8411840
7194302
7129030
809257
0
7620970
5618628
0
0
0
0
0
7563195
0
8619957
0
7209475
8454474
2117398
0
0
292
0
0
0
0
0
5954041
0
0
0
0
0
0
8604846
0
7870415
0
4361642
0
0
0
5396007
482
6987573
5424920
0
0
0
8578054
5331090
0
188
0
8625704
4581820
0
7998319
0
6176757
2443790
0
0
7357053
7991992
0
2685568
0
0
0
4384159
21862
8000926
0
0
0
0
8337573
6675988
8501708
4176223
0
0
4419160
5599765
0
2716567
0
0
0
3817881
7865109
2492157
0
4883674
0
7335439
7633301
0
0
0
0
0
8366623
0
8214606
0
2272845
423785
0
0
8134785
0
0
0
0
4291964
1193097
6229205
7364289
688068
0
8147603
1656450
0
0
0
0
0
0
0
4480005
0
5327032
5313394
0
4900563
7994041
1096123
0
0
0
5966479
6401239
0
8557452
8623487
0
6374023
3475422
4377632
8160109
47134
681100
0
0
0
5851187
8667002
0
0
0
1105453
0
6311789
0
0
0
2281604
6047635
0
5578138
6739194
0
0
8148265
0
0
0
0
6643282
0
2691103
0
6518500
6799905
8367516
3
8573008
0
138
8246573
0
0
5584215
0
0
7990789
5340137
3122214
7817826
0
894753
2024167
3331721
7983124
0
6122994
452
0
0
0
1392331
8780173
0
7939660
0
6729068
5859306
7424973
0
0
0
7553128
0
0
0
0
549312
8546841
0
6237134
0
0
120793
8407186
8306328
0
6583203
5251804
5867000
8108040
0
8232580
5895028
0
4704006
8615280
0
0
466790
5964739
7298648
5839930
8040458
0
5786619
644301
0
0
8100268
0
5444235
8728602
0
4829371
0
5574228
0
0
0
0
0
0
0
7920370
0
8582786
4214255
8545237
1406892
2222936
0
0
5974709
0
3850994
0
0
1371364
588
0
0
0
8392936
1752170
3136090
8755743
5354623
0
0
6253430
0
2764095
3860864
0
4100252
3953772
0
7702487
0
171562
0
8683648
5913447
0
3613247
1003917
8160132
0
8382873
5386471
2637524
8554616
0
8052988
0
0
0
2225088
751404
0
8722979
7820533
0
0
8786085
0
0
2891688
0
0
0
566272
98195
5201022
0
0
2877154
0
0
7936122
0
0
0
7561818
8346151
0
32
0
0
0
0
8686529
6889964
6206041
0
0
0
7935120
5815398
8054580
0
8840619
0
0
5092192
0
0
7622397
0
8862247
8728846
1663643
0
5900194
7173506
7365871
2621440
0
8232825
8785415
0
8638833
0
1388610
0
0
2662585
227
0
0
2926053
3477492
5996349
0
8557842
382575
4496459
0
0
0
0
8830549
639
0
0
6284686
0
0
7975966
0
7354336
0
0
2488792
721702
0
1064668
8753483
6688100
0
5702337
0
8532944
8254736
4217674
1482044
4127810
0
0
8462487
4723720
8692553
8004506
45342
0
8807342
0
0
757919
0
6275148
0
7455212
6346533
0
0
0
0
1002520
0
0
8081746
0
0
3514665
8621955
2232947
0
7979860
0
0
6606134
0
0
7718325
8869086
0
0
6965524
0
7585501
0
6371200
8102853
0
0
4666795
0
0
8305753
0
0
0
1932999
0
3005260
8724625
3531499
7280126
2680642
0
8693351
3302186
0
8603049
0
8634875
0
4167026
6217548
0
0
8842876
8622195
0
6776500
0
1001926
5536222
0
0
0
6583899
0
5605619
0
7936251
508098
0
0
0
3707700
3016972
585088
0
7439405
1806668
0
0
8830178
0
4940956
8432498
8381520
0
2190696
0
0
0
0
8832729
0
0
0
0
7302260
0
0
0
0
4966692
0
0
7280324
5429634
0
7677942
0
8475095
0
0
0
5933792
6377891
1675088
2623883
0
7473313
0
0
0
0
2030138
7065814
0
0
495724
0
0
0
3641634
0
4745769
696088
7427761
5989235
0
0
0
8806994
0
4266280
8623089
3300261
0
0
0
0
0
8621408
0
7063348
1259620
0
0
3486165
5510226
1417017
8474362
0
0
7815200
154690
0
0
0
7795219
0
2820094
0
0
0
0
4553466
4654299
0
0
0
1734950
8469154
4450741
0
8690006
8738969
7137504
0
8821882
0
1712826
8573717
0
6595577
0
0
1416985
1688957
0
8263862
0
8808252
0
8918583
8277393
0
7576352
7419978
8869816
0
0
6490120
8856844
6210534
0
0
0
7944902
0
0
0
0
0
0
0
5949594
8907500
0
0
0
0
0
0
0
8779826
0
8592860
7333845
2434856
8406446
8136862
0
999232
0
0
1822071
5691955
8032490
7210520
0
4681977
0
0
0
1697791
0
8509046
0
3284936
0
8315238
0
0
0
5444877
6122352
0
0
0
0
1641559
0
0
7191093
8406947
18488
0
2154418
2594449
8873333
2638828
8698853
0
0
8878064
8309262
0
5183488
0
0
0
0
5038716
0
4389602
0
8905971
0
0
8928878
0
0
0
7635639
7007501
8081375
0
0
944303
0
5436544
1934075
5544319
0
6228777
6835210
0
0
6731908
0
6040558
8926775
0
4383107
0
0
0
8522837
0
8545957
8793615
0
0
4402854
5905576
0
8441692
8754818
0
8376271
0
3615608
5941344
3370997
1721522
0
7660476
0
0
8801037
8853832
0
0
5965389
670839
8430377
0
8620665
6615440
2740232
1904438
0
6366291
0
7891614
0
8055027
0
0
8964021
4697411
4284044
0
0
5502713
5946185
0
2302792
6604522
5229255
5312302
2621871
0
1424699
3016730
6068766
0
0
2150713
7785159
3439239
0
0
0
5512544
8498633
0
5982936
0
3421395
5409065
7532640
0
6124526
8089913
0
8413356
2668097
5444364
0
8055627
4320988
6523190
8625218
8932218
573800
3340753
2396460
7661234
0
0
7464965
2343896
0
0
0
0
0
0
7992432
3611110
0
7461313
0
7704259
0
214
1436863
0
0
6167444
850
0
8991529
0
0
0
8850087
0
7982823
6341417
0
7174869
0
0
2089522
0
0
1195462
0
0
5979658
0
6959288
5772689
0
0
0
5508982
3789169
0
0
0
0
6775072
0
4787306
2456668
3009573
0
0
8710651
5520279
7977848
0
6205183
0
0
0
7355834
0
0
0
0
6988200
0
0
8896057
7123650
8478752
0
95346
882
0
5109984
0
1374777
8557508
0
6036159
0
0
659
7702146
0
0
0
3257998
0
5186143
1685559
7733243
0
2599569
8950764
5833456
816
0
6196314
0
7747407
2937357
0
0
0
3003974
0
7889194
7844000
4383125
0
0
7569213
3929610
0
6590091
6691922
8796410
0
1405661
6779070
3513416
0
0
0
4771991
4791990
5390535
0
6902377
0
0
0
5151704
0
0
0
7953858
0
2472893
7176997
0
0
8778058
0
0
300559
8812864
0
0
8375212
8524245
0
0
6234059
0
0
0
8062161
6719603
5424148
0
7353826
4337862
8604996
0
7068683
0
5602889
2555973
2281598
0
0
0
7903996
0
0
5622709
0
8730430
0
0
7211579
0
7517367
6467046
8774158
0
1454146
0
1625303
3496891
8800674
9015835
978
0
3104277
2671135
0
7587079
5149480
5243795
413654
8148101
2302389
7343909
8776106
5191121
4298445
0
0
0
0
6019831
5543437
0
2261969
8554934
0
8218026
1891701
0
8206004
8424275
5688485
5993629
0
4234284
8913611
5900879
1315240
569584
0
0
7771571
1389173
8191264
0
0
1655079
0
6142174
3782166
5987000
0
0
8664675
0
3770748
8197541
7994680
0
8998576
0
5990216
0
3018879
4246705
0
1188954
0
0
0
62
4391618
5970891
0
769723
2439291
0
8183578
0
0
117193
0
6885262
0
8966847
2930669
3417105
0
7036138
8786750
8850279
6513050
8990685
5948807
0
7418702
5232208
3991620
3146925
8301596
0
0
0
2606489
0
3195443
526940
8039796
0
9055573
8719743
0
0
1629851
6561856
7425231
8861922
0
4869085
0
0
9045234
2381875
8796874
5325745
0
8761379
0
2683977
7617258
8340120
7544943
0
2159294
0
8598029
6037544
8175475
0
0
0
2178896
0
0
0
0
0
300
5165566
6034155
8603743
290789
0
8727313
8299200
1381653
7778665
8844994
7407665
5164463
7866093
0
0
9002389
8264129
0
0
0
7563831
0
8783279
6827339
0
0
1122434
3557042
0
8911905
0
0
0
0
106205
0
0
8963341
0
1697651
3443898
0
473
8526502
8800950
157213
4150345
0
0
8481256
0
0
7987890
0
0
6405370
0
0
9020530
0
2153995
0
0
0
2906380
8855468
8705049
0
0
0
0
0
0
2012905
0
5899325
8330797
6480964
0
0
0
5701273
7304768
0
7958539
0
6774130
0
2046435
0
0
0
0
0
0
0
4091553
4155197
5948065
82951
0
7851806
8209369
0
1923644
201835
0
0
7656142
0
5870594
7001787
8482081
668657
0
711992
0
4056647
4186444
0
0
0
9052418
8905224
0
0
0
0
0
0
0
0
0
8913284
0
7588044
0
0
3093935
8316295
0
830293
6163764
920
0
0
2812993
8476556
3757002
0
0
6621623
0
3417527
9011172
0
3738617
4551420
6535514
0
4891426
4438441
0
0
2825764
3056265
0
0
7794440
1388554
0
7241768
9076021
0
8990854
0
7673973
9067896
9060646
0
0
0
0
3295843
0
1509878
0
0
715917
9103793
0
1918828
1647674
7058729
3916704
8502315
0
5619219
8736297
7866619
0
0
6769398
5964434
0
0
0
0
153
1020047
5501495
0
0
8552619
1570326
1643522
8988354
9020665
0
8039489
0
0
7724134
8005797
664
8929030
0
7038958
5287616
0
7656102
0
710180
5130315
4711850
4690690
0
9062528
0
0
1834101
0
8110182
4636407
8604242
0
8466300
0
0
2088587
8220056
0
5048356
0
0
4744707
0
0
0
4302928
0
0
6546719
2736347
7568455
0
7198375
0
5572142
6486833
0
0
4142835
6890935
0
0
0
8353957
7198210
0
0
0
0
0
8838215
0
3532076
732186
7607008
0
0
92437
8044373
2237698
8618090
5849429
0
7569761
8505360
6952726
8171663
0
0
5931037
9086034
2338271
0
0
0
0
4283988
7582900
7242944
7632110
7507
0
0
7799096
0
0
3555345
0
9058456
1138369
6933168
8340568
0
3616537
0
260
0
0
6614860
0
0
3785048
0
0
1752357
840
0
0
8858620
5778509
0
0
4375551
0
2269286
6579525
1269959
8358665
0
9022307
0
708502
7702958
0
0
0
0
0
4680899
0
272952
7003818
161872
444414
4869415
716
6154247
3373602
0
0
2176703
0
7226198
6046557
0
0
0
647
7273003
0
7121403
4199609
6278581
9109249
8952413
0
425712
7845340
0
0
0
0
7958426
118284
8720971
0
0
1253297
0
9118518
8667205
0
0
0
8110431
0
8248558
0
7178630
3389735
0
6576527
0
0
0
5452884
0
5289255
0
9050447
0
2732012
0
0
0
391716
0
0
812372
0
0
8979474
0
0
0
0
0
9027653
852747
6680819
0
973
522
0
0
8594698
0
8775426
6432399
1290676
6209798
7641269
9145790
0
8221922
0
93
2087274
0
422422
6599434
8574119
5571132
475440
2299236
0
0
0
7721483
0
0
0
2655902
0
7711305
8647643
0
3618315
0
0
0
8101596
787144
9053409
0
8676120
0
0
0
4390959
292522
0
0
0
0
5727064
9186460
4267589
9048467
9131966
8099514
0
7340725
8156420
3214627
9100673
0
7352452
9156393
0
9090513
4019722
0
5458629
8341663
0
3578477
6914175
8986962
7272450
0
0
8113706
0
0
4335181
2245786
0
0
0
107727
4989842
0
1090013
0
5238499
8246799
4520052
6209844
0
0
0
1520968
8302759
0
9015369
6653755
8792712
5442621
0
5380002
7794766
1349829
0
0
8938273
0
4597200
0
0
0
0
0
1423172
6668760
0
4044244
0
1987218
0
4551589
1515543
0
0
7929452
0
0
0
3804271
8885171
0
8370006
5444659
0
3480611
0
8837333
1036225
0
0
9202104
0
8905258
0
3891942
5574622
0
0
1992906
3199404
5822590
0
0
0
0
0
0
2836929
9094139
8362438
0
6848499
8961969
5242158
1092723
0
507
494
0
686169
2424012
7722036
7301010
6937961
0
0
9211710
4622710
16282
0
710798
0
0
1417808
0
5803741
0
0
3307541
0
0
7004618
218029
0
0
4708298
7854652
59537
0
4849806
8698272
0
0
7569189
0
9094000
0
5146125
0
0
0
0
9097933
0
8190684
66940
9170448
4259175
0
0
0
0
0
0
2707864
6184044
5577157
7193485
0
0
0
7442107
6461269
0
971
8568362
9223567
1732798
1280442
0
7338983
0
7585944
6869162
0
3178328
0
0
0
0
8200525
0
0
8560004
0
0
0
0
0
0
0
0
0
0
5838939
0
0
0
9029441
0
2529510
2972820
0
3104687
0
8611527
9229709
9185592
245271
8604523
8048050
0
0
5802771
8138004
9223457
4135840
0
7243933
5690504
6617562
0
5968481
0
4068882
5970135
4551740
0
336593
0
0
5434652
4918811
3399725
4019106
9123741
5316065
9135316
0
0
5442621
0
0
0
0
3096836
4231962
0
0
0
0
0
0
0
0
0
9193213
0
6623790
1974483
0
0
9081692
0
0
9052737
8044507
6705559
0
0
8357459
0
0
9176469
4528085
8386747
0
0
0
7616128
4181082
0
4057405
0
5073626
0
0
0
7617575
6928985
3809493
4497382
0
0
6778204
5451034
0
0
6476372
0
0
0
0
0
0
0
5032128
5509281
5670747
0
0
0
690
6348069
0
7174274
0
0
0
1729146
6961349
3448959
2318827
0
6539458
9216206
8864109
0
7212730
7606408
0
8610295
1738614
0
0
0
7151611
4856017
6408526
0
556781
0
9171062
6715198
0
8778721
0
0
0
185052
0
4120811
6827854
7777023
3216321
2376441
4861303
0
0
9001498
0
0
0
0
0
1584603
0
2841200
0
6915077
6705968
2538534
8442765
3681417
9171646
3884155
8796364
0
4916488
2383748
4028619
8044663
0
0
0
8405194
0
0
8713032
0
0
0
0
0
0
8980826
1543843
0
2628847
3060509
5008166
0
5843288
2119366
0
9022099
0
0
0
6230976
5800555
0
0
0
7368583
0
8929510
7759560
0
3008468
0
0
2192125
9080969
0
9086555
4247840
1084
8277827
0
0
9274165
0
0
8628146
0
7455702
0
0
0
7510929
0
5013949
7632110
1761764
4114748
0
0
8669548
7754382
9275235
0
6300405
0
0
6619761
0
9003378
9306112
0
7105293
8268383
8991961
0
8572071
6191469
0
0
0
0
149
8192326
0
8354318
8774158
5103151
0
9307044
1143212
0
9032391
0
0
8354440
7384786
6405
9238060
7851686
0
0
0
7798562
1826363
2659165
0
0
6186992
0
0
0
0
2455310
0
0
0
0
3804893
2742866
0
0
679
0
9196886
0
0
0
0
8948710
0
0
0
0
0
0
1775474
0
4505458
0
0
7424085
0
0
0
4228579
8864123
8507626
7994808
0
8842569
0
0
3767221
0
5810138
1556822
7510468
3264869
2249337
0
4612470
0
0
3868795
8044073
2448043
0
0
9171252
0
0
8090571
0
9308418
1398166
7366556
502021
3944970
0
0
8869485
0
4701571
3707286
0
0
0
0
0
3349768
0
8750605
8149672
4613
7442544
637
2582704
4871
0
8698238
0
8172550
0
8385013
0
1058438
0
9249984
4301570
9182575
7839268
939424
0
0
0
0
0
6094017
3585906
0
0
9315388
0
3140304
7592342
0
8320055
0
0
633
0
0
3177076
0
0
9240813
9246407
1619504
8470285
8284845
9247740
0
0
0
9177453
6584313
2710265
0
8193340
0
0
0
0
9296183
5597659
9150437
0
501851
0
0
8187711
2230020
9176383
0
271
441028
6323430
0
8149746
0
0
6464013
58367
0
8779571
1354001
0
0
0
8734048
0
0
0
0
0
0
0
0
8861558
77651
0
0
8960520
0
0
0
0
7050327
5822198
0
0
8740409
0
1474207
7423201
8906871
0
0
0
8979018
0
8906462
2533484
0
0
8929276
8432981
0
9263380
0
6319714
6093785
0
0
3910026
2589571
4446896
8764919
0
0
0
0
0
0
5625177
7474355
6141662
0
0
0
0
1441524
0
6270546
0
6480465
5455339
0
4925264
0
0
0
0
8907676
5280130
0
0
0
0
0
2834165
0
8646627
0
0
4812858
8728091
3191900
4651911
8317194
8412801
8839370
8447319
3021093
4761336
0
0
5210427
0
281949
0
0
9224889
4766046
1990115
8576780
0
0
12449
8194415
1203913
5416764
8698324
2300625
0
9287055
0
8462545
0
1041430
0
953096
4930213
0
0
6314792
0
0
5873399
0
2418635
6693254
1592877
0
8365899
0
0
352924
572750
0
8293248
0
9287633
5858397
8535609
0
0
0
7151975
2966185
9155164
0
5941157
4087785
5718
4491969
677007
128482
0
0
0
2139241
855355
0
9137118
0
0
9076752
0
8566832
2896458
7032068
0
0
3188557
8366673
2378974
0
952
0
6171211
0
0
3892483
8870797
0
9350185
0
8362267
0
0
0
3768217
0
6019362
6566847
4355168
0
8571716
7996292
2691723
5302803
6597455
4548670
4791642
0
0
9357906
7437879
7040608
0
6741272
9045765
0
0
9353713
0
7518130
8129923
0
8664880
9083068
9293607
0
0
6453790
3996809
0
1450787
6443887
335623
0
7979738
9082253
0
928996
6189511
0
9108050
0
2376396
9047595
8931087
6967342
2509655
128482
0
0
0
9359266
8415287
8451305
0
7791820
6599537
0
0
0
5665493
4564404
0
9177119
0
8735571
3983820
8747131
2274305
0
0
0
5455508
0
6252055
0
3814818
0
0
9273964
0
2247881
7300825
0
8482893
0
0
8150207
150752
9406636
0
9202993
3735534
1021137
8472640
4781024
6952229
5557572
33482
0
6078678
8494554
6464737
5204122
0
7827988
0
0
895857
5699486
0
0
3418847
6033986
5016432
0
0
7369978
8017707
0
9332391
0
288502
0
9268238
0
2740640
6011848
677
8553018
2833765
8592776
0
1108068
0
9098890
0
3016678
0
2860846
0
1306142
9031569
0
0
9092589
1922447
0
2762139
0
0
0
0
9390912
6996689
7792461
8279532
0
2171617
0
7505577
0
8911117
0
0
0
0
8799360
0
7119285
6553102
8187926
4133450
9150200
7044863
0
9339331
7788460
692
0
0
9282013
8815116
0
0
1718757
3221484
0
0
8997463
0
9298762
6229744
7156735
8483816
0
0
3408532
714801
0
5949867
9174851
352924
0
0
0
0
0
0
0
9290050
0
274550
0
0
0
0
0
5299908
52049
0
0
9281969
7767477
0
0
0
5519571
3975977
0
0
0
0
0
0
0
877
0
534768
0
5896541
0
7441835
6809874
0
9064502
0
0
0
0
0
0
0
0
1923050
9445478
2267679
0
0
0
6974584
0
0
4357916
0
0
0
0
0
0
1762330
0
9386108
0
0
0
0
8054739
8271227
0
6695241
7814004
7932632
0
0
0
3809687
9191595
3827753
9440941
7137666
0
7729252
0
7367387
0
0
0
0
0
4544517
0
0
0
0
0
3110964
24920
5642474
0
0
8240734
6589632
6077748
0
9456669
0
8705762
9384812
0
0
0
9240350
0
5306834
8024349
0
765885
575
8590527
5388345
0
0
715
352669
5569361
0
6622313
9336819
0
6318935
7746788
0
0
0
492061
0
0
5934466
0
9480497
3973249
0
5818143
9471198
9009462
0
7140062
9461890
0
0
6445430
995
0
0
0
0
0
8983197
0
0
5217967
5280146
0
0
182571
0
0
2912803
6360471
4702706
3952717
0
8556331
0
4163095
4972439
0
0
9309770
0
8328918
0
6210837
3066513
0
0
0
4705430
0
0
8996717
0
0
7078071
0
1076802
8021145
0
0
0
9326308
0
0
7210171
0
0
0
6686980
2333252
7037273
0
0
4815700
0
0
869
0
0
0
8752103
6376618
3655497
6651025
9434078
0
2661688
0
0
9150552
7744411
8733198
2704437
9224377
0
0
857614
7474488
8889749
2788305
0
2078769
8571363
0
0
0
0
0
0
785020
0
0
0
0
4942788
8101329
3584679
0
0
0
0
0
6970278
0
9428651
6185457
4991682
0
3561293
9483063
0
0
7167204
8123299
0
0
0
0
4817654
9223901
3496785
0
518490
0
3307471
8284061
7041310
0
0
5995998
9003206
0
0
9223901
0
2579712
8549586
1513816
5281914
0
1476365
0
548
0
436555
0
0
0
2249561
8651663
7787887
0
159647
8523754
7754424
0
9526709
0
0
0
0
6435649
537
1400064
0
0
6623520
0
0
3208005
0
0
1574581
7820873
9505131
0
0
0
9064812
0
4363364
9524020
1029804
0
9337773
0
9546717
0
0
6554403
0
0
8047860
6368237
0
0
6979912
152514
9444920
0
7902365
9350663
0
3589988
6744182
0
0
9471407
0
0
1638478
0
8709056
0
0
0
336124
4006980
8178806
0
7149274
0
0
8909929
9313299
0
0
6158276
0
8921359
6478158
7838908
334
0
0
0
0
6861155
9544943
859731
0
9502178
0
0
7732043
0
5555072
7776333
5555332
8522500
8560590
8154008
0
8422661
6773063
0
5805052
0
0
6663602
0
0
5913663
0
0
0
0
0
9497955
6225551
9222349
600588
0
0
0
8988830
0
8296299
24502
0
0
0
4170852
0
4948211
2358574
6460985
8451411
0
0
0
0
7371258
0
1983847
9181321
4068388
0
0
167025
0
2741238
7079967
0
5436812
0
2118146
4330604
2134317
0
9487338
0
3431962
0
2950464
0
0
7081835
0
0
0
0
7674139
796
3953111
232687
5685484
0
0
2839766
5212430
1692249
8565936
0
0
0
0
0
0
6260172
0
8800563
7041321
0
8893839
611861
0
0
0
0
3295656
0
0
0
0
8588473
131731
0
7990103
0
0
0
8551024
0
0
0
5019145
0
3495815
7545143
2392699
534128
0
0
0
0
7033065
6521606
0
9428513
60392
4691428
0
9027271
0
0
0
6528069
0
8711579
0
0
818
0
0
9438361
5744726
5560730
0
0
7088553
0
0
9568151
0
8328918
0
0
0
391724
0
8299671
0
9528361
0
0
0
0
0
0
4279988
8852168
0
9378582
6175753
7512027
0
8550276
8190557
0
0
425586
0
3417344
1888194
6414516
0
0
0
4346449
9483152
0
0
5490168
159820
0
7282675
0
2921099
472195
4344978
597599
5112948
5778508
1375015
9357600
9553309
9212156
4983452
9028177
0
0
6306535
2024271
0
0
8526880
8598473
5810864
8754126
0
0
0
4843622
0
0
9179849
3185061
0
9117661
0
6735674
8857449
332114
0
1800856
9529018
4469206
0
0
6977221
554491
0
6697220
8853665
0
0
9154554
7683550
0
0
4424114
8928616
0
0
1392372
0
0
0
7428520
4173186
7386868
0
2963439
0
9472012
244
0
0
0
0
6769304
5967055
9389301
0
9600920
0
1476049
92437
1762458
0
9637763
0
0
5838207
0
2981391
0
9342614
698
1717331
0
4800037
0
0
6374998
0
0
1763204
0
347297
9634880
9211894
0
5614829
6340742
0
9406559
5575759
0
0
7069686
0
4797288
4375134
0
0
6366736
6572192
0
1235251
0
1060525
9551365
1302774
0
85
0
1047488
7487084
3516386
0
0
0
8606093
0
7313511
0
0
1547404
0
5270901
0
26278
0
0
4681170
5226800
0
2126105
0
1115458
0
0
2116692
4192799
0
4714110
0
5553045
296
313554
0
7673205
0
0
3007451
6680889
2192671
0
7760752
0
0
0
0
935
34921
8345247
0
0
9145069
9123702
278532
0
0
2582851
7794114
163973
8289251
0
7084020
0
0
0
9660226
0
4056649
0
0
0
0
0
0
8354762
0
0
0
0
0
0
7612935
0
8568647
5440461
9169120
0
9221856
7336160
0
6236283
0
0
9471559
3612207
4477522
0
0
0
9542985
8028212
0
0
9350098
716691
3308775
0
6128390
0
7997252
0
7514007
6866581
0
0
0
7370116
0
0
0
0
0
8233297
9217880
1189429
0
0
0
6966852
1353868
8998986
0
0
0
8766196
7576610
7943167
9110433
7150821
0
6136258
4309611
6825333
0
7639159
7774175
9001842
0
5098906
0
7530004
8980872
0
0
3281390
0
7238383
9282180
9135908
0
0
0
2684389
2303578
9379920
0
4263462
0
0
0
0
8984213
0
8431443
0
4137823
4244605
0
9440346
0
1230796
0
208
2382540
0
0
4251139
4248182
6016593
0
0
2611615
905324
0
7155942
9019925
0
6557712
7039776
6594209
0
0
9536780
5146251
0
0
9472571
9230253
7063668
0
2521441
0
0
7608994
0
0
0
0
8816752
0
0
7397754
8944776
8204056
6429410
7567636
4497053
0
0
8734786
0
0
0
488987
8125196
1048721
0
4051486
0
6920792
11968
8995094
0
0
9536486
0
0
8258747
9238007
8344991
0
6486815
8204375
9521958
0
2424692
9087306
0
0
2264747
0
8360460
8707170
658
254495
7306618
841
8140885
4805
0
0
7806465
6111276
4782859
4324897
0
983
1499714
8396278
6964473
5316429
0
0
0
4156597
0
0
9652945
0
9050840
835
3173268
0
4360892
0
9672829
2365395
8437395
0
0
3180822
0
2674429
8177880
9063250
0
0
0
0
4386632
0
9566758
8537515
0
0
2562855
0
6340513
2049622
0
0
0
0
0
8513532
0
0
0
1602622
6562382
0
817481
4497724
1047431
0
0
6166250
0
1101370
0
4936898
5739904
6956375
6983278
5942964
0
0
0
0
4259584
0
0
202882
0
9242900
9692707
0
0
6567945
0
0
0
0
0
0
8855539
0
0
8344560
0
635
8290371
8689259
0
3869873
9438449
0
0
4397824
0
0
9609723
7389080
9010595
3015596
0
6685316
0
0
8135834
31893
0
0
0
0
9313166
0
0
0
5424231
0
0
0
9525955
0
0
4688382
793966
4330157
0
7551748
5121198
699598
0
8427068
0
9321500
0
0
0
0
5814600
9688986
0
0
0
6617975
0
4016983
7124779
2300373
9283785
0
0
0
7171845
603422
0
9015724
0
123865
3862470
9261377
8967202
767430
8431024
6335735
4889706
0
0
0
510
0
3882613
0
8072637
8910127
0
0
0
8520262
0
4516954
0
0
9426588
0
5318357
4441469
9349609
0
0
0
0
0
8915772
0
0
0
0
0
8064993
5515506
5579588
5096602
9400105
4011781
0
2575998
9669522
630081
762245
0
0
9346971
0
9722977
889957
7427487
9531754
0
2034642
7852033
1830619
4188365
4491468
0
0
4757189
0
7676956
0
0
6962443
0
2619166
0
0
5622242
6474651
2965906
8922941
0
0
3679816
0
8929304
0
4597052
1578
0
0
0
4010033
6081414
0
9595274
211
9402083
6568150
0
0
9105312
0
0
0
0
7524675
7917143
0
0
0
6442367
0
8876857
7011288
0
9593686
9769386
0
0
7424975
6213155
9403979
0
0
0
0
0
0
347
0
6341282
0
0
6072397
0
7191840
0
6446039
7901518
0
0
4330877
8383055
3515950
6972830
8590696
0
0
0
7601993
5268839
0
9271718
0
0
0
8309752
8423523
9331283
154223
0
5773076
614537
8480230
4546326
603753
9005167
9111529
423623
0
4569101
7017953
9174871
0
0
9384581
9772002
0
0
2868070
5644838
0
9032637
0
0
0
0
991218
0
0
0
9665525
0
5681314
0
0
8203551
573895
0
0
0
9707417
0
0
5791136
0
0
0
9537847
5192296
0
715917
0
9162699
0
5614290
202568
0
8953153
7452991
0
6152253
0
4348700
0
891
3991125
0
0
8592576
769091
3755017
3785595
2982200
6597141
6538749
0
0
6162446
0
0
4354022
6224457
0
0
0
2002261
8544166
9038223
0
0
4836432
0
0
9756727
0
0
0
1524225
6249035
0
0
0
0
0
0
0
6296154
0
6202376
0
5376535
0
8169039
0
0
2692825
8175125
0
0
0
8823094
0
952
9118865
0
0
0
8556866
9160385
597725
0
0
0
0
0
0
0
0
0
8824893
0
0
3838434
9460067
0
0
0
0
482603
0
0
0
0
6556499
0
0
9726855
8600409
7179854
8964552
5656024
1963428
7894319
5999006
9618978
9276220
0
0
869
6349457
0
0
0
0
0
758
0
0
0
4086181
0
4013815
0
9275921
0
9100460
0
0
9027580
45040
9807471
276
0
0
9592759
9841924
0
0
6367013
0
0
0
0
0
4260655
0
187515
9786692
8956564
9081035
8818363
0
0
1310532
0
1316686
0
0
5099778
1198135
9753777
0
7919152
0
0
7755253
0
0
7442067
9669795
7571967
1046511
0
0
9735428
9820964
9603810
0
0
0
0
1930153
6015062
0
0
4044004
0
0
0
0
9484350
0
8616470
9342993
0
9797970
4637522
0
8201193
9781011
587195
0
7295623
0
9309777
0
0
9754769
7687305
0
152210
5243727
0
2330359
2958726
9371296
8879273
4059541
0
6059328
7795187
8944511
0
9620361
0
8016981
0
8239282
4805929
9225981
7781704
1292075
0
8822664
2663636
0
9620791
0
2956725
0
181
813
0
0
4304521
8618088
6841741
0
4847680
5032451
0
0
0
480410
8435372
1482822
0
7114913
283896
5579412
0
8877296
0
0
0
494473
4297110
0
3963867
0
359
5485649
0
5956765
9260183
0
0
9391408
0
9869297
3628684
9739129
0
4932894
0
0
7116520
9867447
6048624
0
0
9503256
0
0
8823971
0
0
2347393
0
0
0
5072713
0
0
0
7505352
1057239
9002830
9852606
1145860
9442970
9341234
6775368
0
0
0
0
8749342
7747655
0
0
0
4590784
3736622
0
124872
4438025
5839375
2153406
3154033
0
9219255
4126062
9760296
9017895
9555393
0
0
0
0
6472497
0
0
6940025
6294800
0
0
1023
0
0
0
4115380
9647578
9816059
2027737
5423434
0
0
0
0
8567410
0
0
5664813
0
0
0
0
0
907
9631658
0
26129
601115
0
0
9048363
9725166
0
2840546
0
7938245
643520
9792603
0
0
0
0
0
0
0
8193000
0
0
0
0
0
4745257
6982243
5844533
0
0
5515237
0
0
7702022
8434895
0
2381650
9447885
2991670
9630894
3237370
9441446
0
732
0
0
5629328
3754139
0
0
0
6783965
2987426
0
8299820
0
0
2952947
0
0
0
0
1510289
0
0
0
7509517
0
0
7863621
0
1573428
908835
0
0
0
6364268
0
0
0
0
0
7079409
0
0
0
6596927
0
0
8112799
0
0
9514751
0
0
0
9892926
391100
0
398097
9682300
9747931
9509167
0
0
5133262
0
0
8834597
0
5605559
9856539
7547098
0
0
3988625
0
9896262
9213533
1887948
1808481
7186582
0
9688924
0
5967202
0
9878535
1657665
9792042
6487046
0
4352224
0
9500589
0
3586642
2904422
0
9120422
7659879
9439330
0
0
2883526
7368719
0
1780682
0
9445251
9620674
0
1903253
0
0
0
8928130
0
0
2221600
9464864
6956006
8906956
4043578
9904790
3277150
0
0
6645288
0
0
8676597
9326908
0
635
8576916
7366365
0
2884772
0
9642074
2708515
0
7985932
0
1855930
4471414
0
0
7794070
9094535
9100761
4639339
6643216
8739025
9029999
0
0
7854940
0
0
4093366
0
673725
0
9630002
0
0
822
0
1109874
0
9547621
5055418
9323360
1405102
3881013
9479186
0
9372326
0
0
0
1141166
0
0
0
0
0
6884825
6152039
0
0
0
0
0
0
6262021
8428415
0
9765728
0
9928538
13
0
4708066
0
3955673
3162197
3020360
0
9804355
0
14873
0
1023913
0
8240934
2579764
8170266
0
0
0
0
9580127
0
2820388
9341549
2405362
9297383
0
4515484
0
0
8332985
9181783
0
9361222
1786268
1681454
0
0
2524055
0
4167663
0
3285970
0
0
9252211
0
5010876
0
9823542
8711552
4826066
6666722
6749488
8145843
0
0
9074229
0
9583532
0
7573217
7233042
2537938
0
0
8913220
0
1199467
0
7542516
9733583
0
8780139
6868724
617970
3544461
0
5883351
8105689
0
0
7415126
399891
0
0
0
658
0
738338
2031177
0
9568738
0
4087439
5232973
2467420
0
8353496
7902475
7949393
0
0
0
9063680
1901125
0
0
0
0
8281538
0
0
0
0
0
9554039
8229193
0
3018688
0
8135764
9733103
0
129068
0
5257692
0
199071
3325034
510654
0
8509260
0
665859
8665563
9026607
4455495
9321815
9111704
0
9575791
0
7980452
0
0
0
0
0
1748399
9110828
0
0
3728740
9026387
3379321
3706124
0
0
0
7087313
3955324
0
0
7814735
0
0
0
0
5493822
9313706
6347603
0
0
9722437
9137139
727
0
8888047
0
0
9620995
0
9074167
0
6196896
3916286
9910107
0
7388360
0
1135527
0
9376802
0
5837430
0
7148066
0
0
0
4969085
0
7569050
3867082
0
3636552
8436010
0
3267773
9688812
0
8940079
7809572
0
5632911
0
8676675
6765469
14085
0
0
0
8574966
9961191
0
0
0
0
778117
0
4923030
9708478
0
2430817
8409360
0
1732220
0
0
0
1312597
0
9559867
0
9053216
0
8071392
66467
0
0
0
171485
9145230
3598115
7795307
3645913
9800491
6533160
0
8474738
0
0
6075581
0
9671883
12612
9141867
0
0
0
9873206
6230712
667182
0
3748665
0
7459082
556
9696296
9678951
0
4700320
0
1618502
0
7133070
0
6696883
3892308
4138669
0
0
0
9037353
9185242
9943577
0
0
0
0
0
0
7236244
0
0
9106053
3755409
105436
0
8355293
8691273
3813964
9652095
6285363
0
0
0
1668206
1842493
0
5408905
8695196
0
0
0
0
0
6704402
9413278
9698402
9444229
8830263
8346486
0
1109463
9275141
0
9960578
0
0
0
5760990
9689644
5618507
0
1096431
3676707
6936148
4690682
9727712
8316798
1266745
0
439626
3978019
2472408
0
8924300
0
7895305
3470360
0
2763305
9800389
4700320
9419982
0
471
5690445
0
4609793
1809937
0
400467
0
1395214
0
0
9830013
5358929
9100408
0
0
6014066
9418080
9914591
7407703
6654508
0
0
8037397
0
0
0
0
1473745
1470996
7110906
0
540
6594159
18858
1588062
0
8983053
0
0
0
9117887
0
9548649
4978244
19433
0
9896289
0
0
0
0
923708
9312892
4870946
0
3798324
5150861
2537319
8754342
1047912
10014652
8003721
9834178
7981878
9866326
0
0
0
3983838
5695258
0
0
6869356
0
0
0
2550650
0
4525682
0
3161478
174065
0
9230540
5597119
1152356
7871164
7300270
1982597
0
0
7276973
2909422
0
0
2216672
0
0
8690711
0
0
0
4932281
4514429
0
0
0
8509185
0
228159
1784273
6922889
0
9330168
0
934081
5279886
0
0
0
0
0
0
0
0
0
6266059
8469910
7129663
8043075
9231348
0
9205369
0
410
0
3350552
0
0
1625450
9865005
0
494
7980198
0
0
0
9780126
561571
9958940
9875170
9123908
7486795
587600
8903649
9096020
8764015
2814366
9946116
0
0
0
0
2939356
6607495
0
0
0
4168036
8471731
0
0
0
0
0
0
4313636
0
0
3270629
104437
5669834
0
0
8486442
9677522
9684188
1129598
0
4283477
8838173
7177311
0
8144033
8535589
0
8340588
7133521
3156011
6168766
0
0
0
0
5268456
0
0
0
0
5051048
9863328
10048399
8251279
2157706
0
0
0
0
0
0
66795
8795451
3826807
7895045
0
8068438
0
0
1275047
3595776
5554647
9872382
9753421
0
9496845
0
8065589
4207100
0
2880511
0
7972042
0
0
8459136
6135942
1067180
120317
743272
9720532
0
0
0
1632772
0
4657986
0
7241660
9523466
9979637
712191
4125381
10078473
0
0
0
8484389
0
0
7867050
0
9292821
0
0
0
0
7873855
2529119
0
0
8990394
0
0
5612783
3889550
0
0
7487601
0
0
0
9324164
0
9434613
0
0
0
0
0
0
0
0
9692195
335
113956
0
7258124
0
0
4824795
0
0
3712038
0
3268300
0
338482
0
0
0
0
9910609
0
0
8464658
0
0
9048915
0
0
6584141
0
0
0
0
0
3472949
0
0
0
0
8190046
736
0
10017625
8664605
0
3159279
0
7809235
2415848
8505095
1350385
0
8390632
0
8927376
9989085
0
10089770
0
0
9984905
4553530
0
0
8278653
0
0
1844690
1910798
9265810
5068555
0
978
0
0
0
0
5895333
4287530
0
0
8583926
0
0
0
0
0
0
9406071
0
0
3120294
0
3504521
2729423
5678908
9695027
4080878
1952281
0
2803972
0
0
0
0
1032528
0
106255
6320184
0
2652315
7779710
10112537
6806378
9450510
8707864
0
10137745
9269554
0
0
9281632
7936853
8586288
0
0
5080923
10006895
0
0
0
9812453
8833711
3880882
7246477
0
0
0
0
0
0
0
0
4201799
0
0
3020316
5865698
9619560
8404168
5999559
2196165
5052626
0
0
0
9741087
3724585
4746987
0
8299287
6062231
2993226
3832785
3692709
1744424
9912624
0
6170244
3459934
0
0
7620468
4965558
9686569
6491470
9985189
9847099
0
0
0
4387164
0
0
9638031
17674
0
0
6196191
10091285
0
0
0
0
0
0
877629
819099
3083135
9548603
9937338
0
8705982
0
1936517
8272052
9643956
9474213
0
0
9663437
0
7476859
0
0
9277045
0
3617035
5941330
0
6063537
0
199398
3380176
9327349
0
7073831
2398326
9437638
9235491
0
5966445
1128160
112919
0
0
4127614
0
7037
0
9435295
73213
5894748
0
9932683
5191103
8190122
0
0
6352827
3006277
0
0
0
1687909
9140872
0
0
8737168
0
0
0
0
7620161
0
4490762
9958036
302592
5946941
0
0
0
0
4057376
699075
0
5074456
0
0
8678479
0
4868571
3223776
0
5100416
0
9050991
2819121
9379336
0
10017966
3601966
7295955
0
0
8158801
7402004
0
0
0
8706690
0
0
0
6507283
0
0
5465181
6407782
9370501
0
0
2199007
0
0
1712249
0
0
9662784
3386518
0
1257944
677751
0
0
10092224
0
0
9659603
0
0
9914510
0
7505597
0
0
5933462
1576970
0
0
0
9188133
0
8884536
780268
0
9612106
0
6216771
1573721
9557456
6243943
14795
0
9530734
0
0
3012487
9187731
10137438
0
0
10179848
0
0
7745004
0
0
10060233
0
0
6667095
21
0
0
748108
3995890
0
0
0
0
0
0
0
0
0
0
0
3988024
8444570
8661611
7128576
0
8094528
10056344
7717394
4263469
8831181
9128632
0
9189616
0
0
9801712
0
10119340
3349560
0
5748837
9146489
8963994
0
600387
4634100
8054670
0
5360789
0
0
0
0
2775181
9877065
171990
8487126
2100583
5598559
0
328751
8102834
0
0
7910688
0
0
0
4399672
0
0
0
8495434
0
6938860
10140385
9565460
0
6815547
0
0
0
0
0
0
6821601
0
951
7869667
0
398706
0
6695696
10054352
0
0
8492388
0
10220153
9898291
9916716
0
0
7910784
0
0
0
8286567
0
5775824
4728390
0
0
0
0
3078070
0
8208829
0
6753532
1103712
934977
0
0
6833520
4656108
7904938
10122973
9488300
10124478
0
0
0
0
0
0
3586236
0
0
0
2062671
8771583
2622897
0
0
0
0
0
0
0
10210166
236945
0
0
778
0
6198535
0
7198178
0
2522464
8506343
0
0
9685557
0
0
0
0
0
0
0
0
6998058
2293788
10127251
0
0
2585844
0
0
183363
9763320
0
0
0
6571152
0
0
7756419
0
1922604
0
0
8795634
6719791
725552
4720983
3211310
7871808
0
4373478
1814521
7520520
5518293
9480802
0
0
0
9799822
8155565
0
5253776
9566872
7075191
0
10280749
6844498
9481279
0
7950051
5932458
8577120
0
0
10155441
0
0
5377498
6011173
0
6337724
0
9776752
1984729
0
0
8589596
0
5066820
9140849
0
6197341
8035854
2797176
0
9217078
0
10055466
0
9217212
7071835
5937843
8606072
0
0
0
0
9813719
0
0
0
6219626
0
0
8050692
9789268
0
0
0
6199331
0
8872099
0
9778678
6048625
2334640
0
8619898
7538297
0
729160
1368035
0
10036356
4854752
1865113
0
0
8972366
0
56688
0
0
0
5440060
0
0
0
6672450
9496115
0
925124
0
3445121
0
0
0
5435872
0
0
0
0
0
1287532
0
0
0
7247295
5282927
799349
1668321
0
0
8981140
0
0
8920523
0
0
10141563
0
0
5405809
9789216
7616641
36976
7060868
0
8047967
10048666
5940354
0
9029923
0
0
9119708
0
0
0
0
2169700
10151412
0
0
0
9428801
0
0
0
1352398
5592464
0
0
0
0
0
3585745
0
0
0
3467228
8520662
9928639
0
0
1729757
6585503
0
4594297
6671519
8605985
7601482
0
3222812
0
2924807
6142254
9830091
0
6982992
0
709954
0
0
7681913
687
0
8896017
0
9093810
839053
0
0
301
3795224
0
0
0
10186723
0
1401192
265
172039
0
0
0
0
0
0
9048611
6499585
0
0
2650048
8528229
0
0
0
0
0
6535149
1956302
6419418
0
0
8685404
6429161
9954084
7199064
4146887
8137250
8771491
3061760
0
9179827
0
1290348
0
8414133
0
445420
0
1484591
0
10003759
0
8907599
9833993
0
0
7712563
4686161
0
0
9815055
6805880
0
0
6426835
4536035
0
5883121
6507636
7074517
0
0
0
5690437
8543254
0
0
2840119
809972
0
0
2257960
9656644
9989368
0
0
5552697
0
10240512
9095467
0
6941963
3505580
5146251
0
0
10220609
0
0
9089602
2672327
0
8095014
9349376
2635104
5346292
0
0
2014372
3217867
4587170
0
0
0
10301835
0
0
0
3149773
7881090
9707395
5748993
0
10316391
3995334
7929684
8722999
8701250
0
5797998
6674345
0
6583972
8664235
0
0
0
0
0
10008394
0
0
481536
0
407
7238954
10007416
956121
6929472
0
5934043
0
8342344
0
9055679
7952933
9742342
5468940
7692033
0
0
9857360
41222
8150154
0
9448833
0
10149279
3635693
6224032
0
6
9932000
0
0
3143466
920828
890656
0
6070945
9807188
0
3515768
6111416
5384946
0
4101809
128079
0
0
9947500
0
0
9718255
8155999
2060761
9282176
6656283
5974041
0
0
0
0
4895452
9437969
4038449
4716630
0
0
6181723
3953280
6513885
7444722
3171567
0
0
114849
4451105
9656225
9444284
0
0
9995491
0
7492652
4424399
0
0
9182970
9684749
5818578
0
10362026
9718357
0
0
0
0
10191115
0
10288981
5327459
1356907
0
9082486
5716110
9217157
0
0
10155823
9855563
0
0
9279347
3575074
0
2443308
0
0
332865
7719542
0
0
0
7806116
97078
0
6071210
0
10033137
0
0
4634835
0
0
8695013
1045871
6679062
7298891
9726058
9034744
0
634355
5132726
5947
3575797
1882971
0
0
3051442
10072386
10349999
9781256
4807137
5909102
9455259
1047396
0
0
10175771
1419770
3407373
6734968
9034251
0
9190664
10258629
3664606
7253236
0
348142
3165699
7861051
0
88
0
0
3261538
0
3504973
9635160
4389492
0
1390969
0
0
0
5607078
0
5741731
0
0
5079403
0
6807372
10356053
10146492
0
0
0
2378037
0
9361144
6876168
0
2348746
0
4082531
9552180
0
0
0
10193086
0
601620
0
0
0
0
9962943
7784573
0
0
10406969
0
0
0
0
10318092
0
538
9371559
302936
0
0
0
3285487
0
0
0
0
3257226
954987
10352780
1718918
0
8157768
0
4127835
6597353
0
4101500
0
9059896
6213977
0
0
10348396
0
10132960
0
0
3635591
674922
1050736
9668446
1616366
10058651
6921600
0
1749888
0
1759211
9964604
6664067
9959703
0
9264539
0
0
0
0
0
10150286
1758888
9227725
5016897
8326748
9018114
2477364
9152087
8157391
5342571
0
2185009
7064339
5838399
0
0
3268189
0
1200008
0
0
9601420
74845
7361274
0
0
0
0
3414660
0
9296299
0
3789424
2620198
0
6085428
9858711
0
7145365
9823976
0
437595
0
0
10156256
0
91
0
0
0
1229163
0
0
0
5830509
10393715
10349994
3039723
10406016
0
8536545
7650467
38051
8649355
0
1351035
0
0
0
2439559
8600313
10001928
0
0
0
8164401
10100755
9400705
5732584
0
0
6728018
9577383
3987722
10221711
0
4512539
0
0
1579826
5122168
0
0
3295380
0
10400547
0
486647
0
7632266
0
0
3432153
10188532
0
6349373
9124790
0
8917631
4570529
10263377
0
10109569
9761095
10453753
4784774
3789424
0
0
2512540
0
0
0
0
1483975
3897869
0
0
0
0
6317983
294185
10300962
0
0
0
9842475
0
0
3807953
10293621
2299993
10327243
4069693
0
4974824
0
0
7152064
0
9528873
0
10323680
6083972
8465651
0
8262399
8032265
0
0
0
0
0
5386253
4085015
0
3993127
0
8529774
8252892
10043749
432
0
4350007
8216071
226
0
10396308
5201823
7485118
0
10402052
8908871
455384
8814657
0
9423521
0
4403877
0
0
0
9900851
0
7065755
5206224
6781656
934
8154382
0
0
4841847
10149884
1187526
3834119
0
0
0
0
8450398
8777117
3048795
0
4428820
1751589
346408
0
0
10049576
9180059
302302
5114539
0
0
0
0
0
0
9372746
5626581
7931984
7726325
0
0
8129077
2850565
0
8911802
10122829
0
0
0
0
0
0
0
0
6367866
0
0
10097309
0
0
9668426
0
7896030
2161289
6824636
0
6198367
0
0
9536131
4965666
0
1657148
744
113525
0
9932768
9941791
4536548
0
10446103
9169230
8659727
0
0
0
4693700
3616411
0
0
7526562
1084682
1644308
5388634
3271380
0
0
7352471
4751922
0
0
0
0
7918158
9997426
0
0
0
0
444536
0
6408672
0
0
7992365
0
0
2138482
0
4949057
5292992
0
0
0
0
9259046
0
8848430
7899688
8162738
0
0
3376058
10368334
7072618
9635100
0
10446560
0
0
0
4957530
6281652
0
576774
0
7787621
0
6740168
663849
0
0
0
0
9559923
0
8650234
0
0
718
6347858
9593440
4963525
0
7259320
0
0
7404651
0
0
4982601
9894924
4589346
3461135
8516223
9447425
0
3703882
0
410
5062521
9605266
7757981
9349918
0
0
9601329
9912311
8271389
8461426
9795922
0
0
0
4740192
0
0
944
5001003
0
0
9123634
9748517
0
2800722
8736530
7090675
0
0
0
2749702
0
3832193
2508038
6420195
3952005
0
10190210
7934188
0
7680408
0
0
5957471
0
3528726
0
395
901914
1627996
9379026
0
10089664
46947
0
0
8242161
0
0
9946789
0
0
0
2544654
0
3897369
0
1032356
9634701
0
7495069
9956148
8547445
6397988
321914
7677793
0
0
6225551
0
0
6219585
0
0
10054548
4942584
0
5492604
0
0
3640332
4149027
0
98605
0
2610528
0
0
0
0
140184
1779404
10472051
0
0
2882190
0
7614898
0
9300569
1843031
8346250
0
0
0
0
7135060
7578328
6782343
0
0
0
10196136
9953813
0
0
7251381
0
2039751
0
0
7378082
10420768
9979137
0
0
8493388
0
0
4205615
0
449
10092020
3649642
8282461
0
0
0
8055043
0
0
0
0
4037715
0
341067
0
10009862
2972594
10441605
0
0
6854483
0
7953702
0
10500361
0
10285358
10400465
0
0
9564635
9118018
9870783
10271988
0
0
1783477
0
0
9754917
0
0
10453971
3721909
0
999975
4986927
0
0
0
2309668
3976041
7242600
0
0
8767024
0
6750873
0
0
4804506
0
0
0
0
0
0
715
8163702
4836513
0
10147125
0
51778
0
0
10459669
2949231
0
0
8245004
345393
0
1922050
4601103
0
0
0
0
0
0
4545808
0
0
0
5436331
0
0
9822134
6640436
441315
3532510
851903
6436212
0
8455058
8482149
245
0
9189319
7088915
0
0
0
1816053
0
9733709
5519326
0
0
0
0
10075992
0
2845819
0
0
0
0
684919
6509926
0
4658945
2422620
8518439
7677916
410328
10168365
0
0
0
2513284
5576165
9859489
0
0
0
10467976
0
3178505
9418144
10253050
9797955
0
9925747
0
0
0
0
0
0
6987760
0
6377628
10419286
0
730180
0
0
10129227
0
0
10091190
0
0
9436158
0
0
0
0
0
0
0
0
0
5822210
4371847
10396674
9035132
0
2096696
10463909
9440601
6929550
0
8150607
4700637
0
0
10575783
0
9546203
0
8038852
6925391
443942
0
10340909
9064749
0
2551431
0
8296853
10322411
6466761
10320908
0
9468071
8191029
7305010
9798103
0
0
0
9791426
10591207
0
0
7695335
10368591
0
0
6269400
0
1251370
0
8980228
0
2649516
0
0
9232792
6826209
3015040
0
8060408
2559531
2904141
10122773
2182722
4441045
6118355
0
278178
0
0
8457315
4619839
8842804
6345050
3978211
0
0
2105345
0
0
0
9809133
10192593
5106075
0
0
6820008
5153635
3668561
0
0
0
5356987
0
0
0
8040403
9025104
9463743
0
7687615
0
10273774
0
10225990
0
4643191
540
0
8507564
10449184
10402076
0
0
0
8038476
10041436
10250182
10536225
0
0
0
10431186
8120070
9193336
0
0
0
0
7262396
0
0
5011316
1556208
0
7177682
3693359
6658094
0
0
2635365
0
0
4705226
0
344958
0
5225858
10328699
2820380
10426811
0
10207787
10302303
8709642
10370029
0
0
2343285
10589879
10600765
8169729
7023370
10406146
0
0
9889839
8587357
8963282
0
0
0
10418253
0
8718186
1125077
7779604
10614971
6049301
0
0
6844625
0
0
0
10281106
0
9851454
10534090
0
0
8836472
0
0
9295825
0
0
0
2203354
0
4706748
4598761
7056764
0
0
0
0
5867185
7192132
4650374
3543090
1556200
0
0
0
7783556
0
0
0
7104067
6701823
0
0
0
10583772
0
444
0
6130852
0
0
0
0
0
8526100
3849906
0
1658638
7726177
0
6637355
10419289
0
0
0
4546326
0
4160436
0
6976538
2515573
0
5557270
5250266
0
0
10242219
0
8503222
0
6643866
0
1464443
0
10655926
0
5280377
0
9013327
9781059
7110936
54
0
10307084
0
0
10620246
0
4079592
0
1728136
4211212
9308727
9604695
0
0
9595041
7225056
1956908
0
0
198830
0
5399128
9381050
5902864
0
0
8402781
8052064
0
2612486
0
0
0
0
0
5275924
0
0
0
0
0
0
0
3147777
3050999
0
0
8478645
10493331
0
0
0
0
10075969
10568660
0
10264230
0
10680101
0
0
8602244
3702281
0
0
0
0
0
0
1719561
10431344
0
7334734
6664610
6889908
7549658
10403141
0
5335756
7538933
8372261
0
9500576
1433185
60126
0
0
0
5266639
4888676
0
0
0
0
10324458
8919970
419302
9634520
0
4483698
0
10517865
0
0
2751767
10224458
8375948
6954754
0
900053
0
8720291
8946393
4549361
0
0
0
9737418
0
0
9066665
0
4606002
10168197
4265062
8801220
3674094
7812595
10119897
5654557
6270665
6392211
842034
0
0
0
3540908
10649037
2910926
10405167
0
0
0
0
0
0
9039408
0
10603782
7062798
0
0
9633249
9513108
0
0
4411595
0
1597063
0
9079757
0
0
0
3795173
0
0
6103890
6760638
0
2478892
0
0
0
0
0
0
0
10333667
10593392
3201258
0
0
5991340
35987
198
10564275
0
0
0
2112197
6920189
0
0
5487584
0
3607339
1136736
2906720
10298331
0
502015
9899844
0
4887044
0
5962277
1948598
0
9348495
0
0
8952422
0
9366483
0
0
0
0
0
0
5587805
0
0
7934303
0
4337622
0
6069421
9009875
978914
1834834
9636977
7079382
10711705
6272444
10396568
0
0
0
0
0
1477678
10208735
0
5943150
8360124
0
0
0
0
6942162
4576913
0
0
0
492432
0
10314807
0
631
10308854
0
0
0
10603556
10718288
2225197
245622
0
0
0
0
8406695
9370200
3616190
4685020
9109748
0
4097258
120458
6974209
3264677
946190
0
0
0
10155962
4554760
0
0
0
0
8530339
8677494
10728365
0
0
3827014
10400488
6535908
10390805
1006205
0
5070964
9026546
0
0
0
0
0
0
0
3790035
823265
0
6625768
7498260
52456
0
0
7201772
10756535
10598155
0
0
0
0
6843073
0
0
0
8690838
8030670
9528873
0
3020
2909842
10361761
6698814
1294276
9162020
0
853239
0
0
0
2222404
10566352
5999575
0
7643123
0
8227971
0
0
0
0
0
10073066
0
0
9641604
999136
9715025
0
6189373
0
10472577
0
0
10137128
6836809
9244485
7663559
0
0
930379
3176900
937474
1296691
0
2968578
10010533
10749318
8909116
0
0
5638337
339640
0
0
10550868
0
0
1286249
0
6116380
0
0
0
0
0
7879520
556388
933478
544238
0
9426092
0
0
7560199
8280852
194426
8859494
0
0
2399832
7083162
0
7248191
3143160
0
7438217
0
10052319
0
287331
0
0
4713708
0
8045134
6791091
0
7251340
0
0
0
0
10311533
5481672
4991988
4762402
6967193
8589924
0
0
0
4495005
0
8872202
0
0
7430257
9217490
9881024
0
0
6271450
0
2196341
236406
7528366
0
0
0
0
0
0
7453423
0
10047516
0
5006185
3393539
9960798
1169750
0
10091270
0
7795298
2357821
4589055
6960641
10681172
0
0
6559721
10354995
10429251
0
0
2893368
0
0
1583587
9708115
0
3028673
7503481
4636368
0
7335589
8279436
1886190
0
0
9161192
3838396
0
0
6616858
0
10049730
0
6535785
0
0
3865656
0
7743491
0
6731580
8529476
142979
0
8293532
0
7723870
0
0
9844766
10433195
0
2492526
6711430
5377924
10422569
7999182
0
0
0
3758477
0
0
7272016
0
259149
0
10283472
0
1219931
9630374
0
0
10775693
0
7257830
10493763
0
8660918
9549253
0
0
0
513
0
0
228428
293499
10428316
3716655
0
0
10275760
614
9219935
0
2559607
0
0
7657560
636419
0
0
0
0
6301022
10424603
7700326
10433113
0
3726337
10100868
0
8083727
6222618
0
0
10783533
557082
10266609
0
123865
0
7868544
7625173
9948401
0
0
10773880
0
10332510
4709940
0
0
0
438
0
4513449
0
0
7981732
0
7158201
9046314
5933089
0
0
7785061
10192773
0
10783838
0
10384567
0
4505999
0
0
10795465
9445253
1586616
1684602
0
10226940
0
0
10624752
0
2092841
0
10015342
4224548
10722896
0
6254079
540079
0
8385875
0
7440148
0
0
4610981
6555
0
3214604
0
0
10157221
0
0
0
8354059
10756225
0
8598377
967590
0
3152276
107
0
0
0
4612009
6151338
0
10207543
4570681
8396411
0
0
0
0
0
0
2984081
0
0
9028897
10800670
7981600
7440756
0
0
0
4952688
5391793
9014215
0
0
3153883
6688828
9240437
10504050
0
805
10597710
0
0
0
3808331
0
0
9860292
0
6250319
9693876
7383304
0
1825054
0
0
1378802
0
0
0
0
4155532
6082125
0
180
0
0
9853256
8342083
6229795
7837972
0
0
0
0
0
0
3701733
0
0
0
10604184
0
9879169
6989323
0
7849882
6506140
0
0
8128503
19021
0
10781176
1814904
0
0
10373059
0
0
10163079
0
0
0
10599989
10608491
10078605
0
0
9240282
0
0
9868749
10844100
9522531
10013318
0
5764384
7353998
0
0
0
0
0
7166373
4763345
0
0
3400747
5867774
10180573
14773
4237687
9011084
7001841
0
0
8321206
0
539888
8687355
0
0
10846869
2224115
1201726
1106041
0
0
7526157
6606176
2283163
8229917
2717011
0
0
10097679
0
0
0
0
0
10192229
0
10798649
5240981
0
7719870
9012128
0
10141732
10746515
0
0
3411835
3986869
0
0
3479809
0
5097157
6730729
0
0
0
9469671
0
3550711
10749130
0
9447425
10278494
3375425
19164
9357795
0
3716482
8894367
0
9237824
0
0
0
3742936
0
6110499
4597591
0
10855964
10417901
0
0
9175956
0
8787894
0
9428543
0
0
6508669
7492465
0
7310141
5436891
0
8236829
7607541
0
9241786
0
0
0
0
764
4764696
10557415
0
6497599
0
10079775
6776154
628850
5502725
0
9750132
1800384
8765814
6699301
8534620
0
2185808
9011182
0
9542103
0
0
10558799
10248920
3376009
487789
0
1695597
0
7418570
10323986
10288718
0
0
0
0
3977878
553800
0
0
0
0
0
7730331
7110284
0
3352414
0
0
7144750
0
0
0
2885940
0
0
9710632
0
0
0
0
315650
0
0
9448544
0
5565093
0
5505856
0
0
4057136
4617954
3051318
10744307
2342021
5986560
3495698
9192168
0
0
9034275
0
0
5444048
2252701
0
1096872
506989
8513753
0
9343661
0
8053498
2966314
0
0
2880663
6990514
0
0
5868901
0
0
5557511
10555404
5314808
3192229
0
0
7440371
0
0
0
0
10664757
0
1511174
10369812
0
0
9810803
0
10299639
0
10426449
6227989
0
8044643
3517377
5450833
0
9521558
4429265
2464433
8952346
2676606
10468779
5984879
1460058
2329044
10371356
0
0
0
2078222
0
0
0
9643828
0
0
0
0
5534026
0
10612041
0
10908311
0
0
0
6023851
9071340
0
7382737
0
0
9484200
10518317
10531988
8508436
3665717
0
6846289
10856963
0
0
10720442
10009315
0
5139374
0
9891784
2285242
1607345
10522449
0
10811792
6833408
2311585
1128910
10867670
10488455
7046458
10792227
0
0
3717757
0
0
0
10022570
0
10240123
0
0
5297602
4817963
298795
0
0
0
0
10136835
10614233
9987415
0
0
0
0
9082738
0
0
0
0
0
9302396
3976588
0
0
0
0
2159297
0
0
0
96207
0
10803961
0
0
5404492
0
10386352
0
0
0
702244
0
0
5428108
0
0
113452
10825065
0
9207680
4245118
0
0
1338862
0
0
6532724
0
10851758
5134597
0
10794549
0
0
10865477
0
0
0
0
0
4229683
4306230
9165024
99031
0
10956325
3556002
0
2147180
0
9594805
7850203
967
10820624
3202345
0
0
6003067
0
6573297
0
0
9256709
0
6782065
10571005
0
10432365
5002140
9346300
0
8797306
10221902
4817893
5352115
53394
8060620
0
7310690
0
3206796
5589517
10886719
753670
5819098
985840
0
0
0
10971193
0
1497857
0
0
0
0
7025971
0
0
5064523
0
0
4799186
0
0
0
0
4906753
7315787
7416389
6196894
0
0
8024682
0
0
0
0
0
6296940
8572189
6823029
0
0
862528
4437640
0
7300961
7520008
0
0
9915648
0
0
8749868
7998006
7679052
0
5239428
0
10442703
0
742596
1823485
4535146
6062255
3527511
9609954
10680785
0
0
0
0
9690433
0
7007391
0
0
0
0
9349963
0
520113
6106804
1960005
0
0
0
6591715
0
9875442
10546624
0
0
0
1304606
0
0
9484764
10897833
0
8200199
7443497
10173736
0
0
0
9180775
0
5904454
0
5112847
7562882
8918936
5086676
781934
0
9304545
8193248
5296132
9613726
0
9461559
0
2751767
0
0
0
4590501
8240811
0
0
3986611
0
10034171
685232
4501879
1120215
0
0
0
0
0
10117720
0
0
0
0
0
123945
10706890
8990643
0
8044162
5619990
0
9983284
10057977
0
10036668
0
6399323
0
7629053
848520
0
0
0
0
0
3570599
0
7379871
5979
2453363
0
9259214
0
8911280
0
6469439
0
7070047
0
0
9292176
1032917
0
0
10996838
2453041
10059047
0
8002786
3444411
11013272
6580038
9184309
6370412
0
0
9104229
5789039
0
0
3505519
10448717
0
8939870
0
0
0
6502234
3908023
0
0
0
0
0
10996092
0
661
9981824
10484771
5030251
0
0
7192815
3723671
0
0
10915350
0
9508224
10917807
348670
0
132710
0
804
1870187
8007079
10466817
8443919
0
0
0
9097110
0
0
0
10058082
4052194
1392532
6896152
0
0
9391906
4608173
10570749
10855215
4826510
0
89
0
8247417
0
10299504
9570056
9594485
0
8034429
0
5732696
0
9122603
0
0
0
7274579
0
0
10929490
0
10789143
0
0
11037565
0
0
0
0
0
10794788
1712505
0
239646
9603288
81365
2769584
0
6763249
10635291
8746694
10287194
0
11004700
0
0
0
2251585
0
11039862
10685770
9508584
3792889
4567219
0
10989250
5220077
0
9356780
0
0
0
2174217
0
10121986
3651075
1565351
7656224
1397692
2466187
0
0
2795899
9391820
0
0
0
0
471375
8166495
10254650
0
0
2750474
0
9704946
0
0
1182213
0
8129634
0
9498240
4723252
0
10900107
0
0
2661403
8860123
0
9273119
1949567
10019177
0
0
0
0
0
10580464
0
1007806
3218244
0
4537876
7657766
0
0
9025171
6341584
3388135
0
0
5685298
0
4715682
9638208
10792428
0
0
9566373
10898702
0
0
6775126
0
0
4065480
0
0
3550573
0
5806775
0
11077723
475734
0
4074715
11074946
139963
10797982
0
9134476
0
7038088
0
0
0
0
0
5039517
7232190
0
8209994
96995
0
11084730
0
5803
0
9106592
0
0
0
11084816
0
10715846
8003293
10467139
10634604
5438190
8861066
0
0
0
0
0
9257840
7195498
0
10678897
10875785
0
0
10919781
3932143
6995455
5690283
658452
1351035
10195252
0
4000868
0
1824106
1346674
894525
0
0
0
0
0
10635343
1039735
0
10342929
0
0
977539
9451175
4077201
0
5963291
0
5619192
10818430
428688
3480101
9538365
0
9851724
648346
0
3324044
0
179983
0
3588623
9490763
0
0
0
7979592
7309680
6226261
10428235
11053710
10990389
0
0
0
0
7989366
0
1271424
8808942
0
0
11132607
0
0
4496035
0
0
9972900
0
7600557
2862695
8809168
0
2808774
0
8050192
0
10863512
0
4587861
0
0
9831777
0
0
0
0
1714776
0
0
2672024
8175297
10325795
0
0
10487300
8349664
889114
0
3548136
10632896
11011285
0
0
0
0
10797472
9617799
74525
8112899
0
6362267
10777385
9034930
4835572
8722237
3328948
10322180
0
8605908
10639844
0
9195765
0
8590053
0
0
0
0
4667922
4328390
0
0
8184365
11120328
2594299
0
6327314
0
9683181
0
2802697
0
0
10292160
10902142
1474261
8000472
0
0
7487359
0
9264374
10201245
7533090
0
0
0
0
9627240
0
0
1895119
0
0
0
793
0
0
0
9217118
7602815
0
10169157
0
10950241
0
1390570
8755694
10101388
0
6176610
6422223
6296197
0
0
10183464
0
0
8553269
0
10134556
0
0
1154593
0
0
0
2254894
0
2451293
0
0
0
0
4207271
1719463
0
7066511
5673602
10500244
0
0
0
0
5166652
1223596
0
1616110
0
0
0
0
10490951
967201
5217209
6247257
0
887742
0
4221129
0
0
0
10777195
10316121
8520468
766171
10478938
8133668
3352256
0
0
0
11050845
0
4271981
0
10506296
4291371
0
3074828
8526961
0
9408667
0
11094462
7215619
1426107
1907239
0
1123642
8426958
0
0
0
10701552
1381923
0
0
636812
8181736
0
1649181
0
0
0
1327937
0
9673931
11044057
0
0
7960898
6654826
22018
0
1799252
8535092
10779762
10954868
10488472
0
0
3134279
255984
0
2302849
0
668386
4636860
0
663825
0
3099165
4166969
0
7402274
0
10019466
0
11013720
8098116
0
0
0
0
11055895
0
8464908
11009641
9263132
0
0
0
9794993
0
0
9356368
9739620
0
3078282
10887646
7972750
8092311
1321894
0
0
0
8568477
4003794
0
9975290
10688770
9197358
2464667
10528277
94396
1882793
7709627
0
0
11158719
0
2055002
0
0
0
0
0
8815451
9151894
6282138
4524409
9841131
0
11077438
10955263
4132667
0
11117954
10799966
0
0
0
8464877
0
93045
0
9686778
8799701
0
11056763
0
0
10475109
0
10791894
3737937
5510093
0
0
0
0
1693397
9999938
9631768
0
0
0
0
0
0
9517314
0
8220109
0
0
10796809
8924974
8173726
968996
0
8458858
10979876
0
0
7213843
0
0
0
0
221748
0
8013584
10304697
0
10378008
2372514
10323230
0
0
26650
7825571
0
1478722
0
0
10798213
0
0
0
1718274
9903136
0
9170261
0
0
576794
5677196
11199332
0
10960486
11193287
9472854
0
0
0
0
0
8063091
0
0
10540748
0
0
0
8802276
0
0
0
8840629
0
9375174
0
0
0
210
0
0
0
10212337
10103484
0
0
11202491
11145743
0
3904928
6693508
0
10878268
0
0
7537537
0
5917515
10019046
5965565
0
6192483
610904
0
10151703
0
0
0
0
6875195
0
3770806
0
10211855
4121873
8841867
0
2831254
0
0
0
11215355
0
0
8001120
9330534
0
0
0
0
9513668
0
2178438
0
8654252
5354481
502673
0
0
0
0
7737371
7222332
0
7871056
4278418
0
0
10421149
0
0
7781077
0
5250882
10430046
1510473
0
2411862
0
10949474
9476361
0
6169019
0
7467450
0
0
0
2738425
4557657
2769772
7055913
0
0
5744645
9065033
0
10461716
5066465
11159535
1070894
0
0
10698543
0
0
0
0
11064555
0
0
0
10850558
10659293
0
0
25900
2535864
9198947
0
6449738
11113244
0
9014073
0
0
6404086
9204330
11078348
0
0
9836850
0
865133
9997794
0
7098125
7091084
0
0
8953843
0
7632048
764167
817
2756481
11075172
844722
0
9044218
0
1686485
10774387
0
0
0
3105281
7178983
10914499
7735310
8247652
1638638
0
10280772
9343703
11218397
0
0
9733910
8214147
247
11240012
0
7046253
873801
10839191
0
2153614
10501186
11080690
7664701
0
0
0
11241201
6841870
0
0
0
11038422
6771915
10600212
0
7529662
413
2494109
0
11104187
10490811
8954354
10321456
0
0
0
4995738
2805692
0
9211007
7537926
0
1889102
1898284
0
0
10015527
6494339
1635167
10315270
0
5598471
10881413
0
0
0
0
6997969
0
0
10618844
0
0
5300661
3235336
10813559
0
721298
0
0
11141188
5494968
0
0
7277026
10320810
8018035
0
0
0
3921935
0
11102738
0
7255549
10367152
11146632
0
0
0
10604226
5078552
0
8840814
0
7807290
0
8156625
0
0
0
8469149
4282652
0
7072026
0
0
0
0
7530833
9575426
5410473
0
9899007
10949321
10371881
8342807
0
6892912
0
9968228
10203597
0
0
0
0
0
10816082
0
2296503
0
7346314
0
10986017
0
0
8931757
0
1027225
4938918
0
2530343
0
8680382
9961520
11283388
0
10494468
1312222
8526436
0
0
3151273
11085020
10839600
0
0
5383120
0
0
3716120
3206973
6873151
0
0
9335774
0
0
5945483
10672147
0
0
10066177
645950
7940921
0
2195951
8664553
0
185154
8396970
0
0
0
10947028
0
0
100995
10808694
0
7537469
749
1921283
0
0
0
0
0
0
0
8903011
0
3587695
10935547
0
9494442
10369163
6119097
251621
2066669
0
0
0
220078
7705920
0
6296466
622127
0
11323280
0
869356
0
10533662
0
6772988
5347685
444261
0
4333722
11118540
5434985
11111612
0
0
6914169
7526837
0
0
11091595
5170834
11232514
9439683
0
425
0
8674348
0
0
11094688
9989218
0
0
0
10294984
9842471
10898824
11267233
765672
0
3546078
0
3061670
0
0
0
0
10575194
0
0
0
0
0
11330027
0
0
436368
5635292
0
7174651
0
11024699
0
0
2296884
8746442
2302437
0
0
10639591
0
6243289
0
0
0
4084802
11317860
10754685
0
0
2355772
10212131
9034665
0
749
10330761
10282298
0
0
0
10586097
9157238
6665523
0
838264
11038590
9480032
0
0
0
0
9135820
0
6405302
0
0
0
4476971
9536368
0
0
7071191
11033597
0
3460833
10972193
0
2340887
10975313
0
0
0
0
1752693
9177989
0
50587
8108312
0
10359530
570237
5887385
10632137
4199447
10604355
9602694
10524562
0
7457875
10451964
9707618
7856150
2406145
0
0
0
0
0
9481406
0
11319396
0
0
9092054
7824837
2513916
0
11246731
11256092
9970193
10233450
9210383
3914979
5857495
0
0
0
1608483
0
0
8577741
0
8138772
8170387
131
4035201
907625
0
0
0
0
0
54633
5594940
11219411
7404444
0
0
10422168
3935963
5415837
3189977
1656131
10697666
0
9218127
10841716
0
3486659
0
0
0
5360902
11016345
0
0
0
0
5359929
0
0
0
5059543
6935341
1283921
4554088
71937
6658092
0
0
11013653
2073823
5191873
0
8400117
0
10682661
7831816
6917977
6923037
9644959
2153439
0
0
0
0
10752113
2086233
11025597
0
0
8584397
3564437
11290863
11287884
8258079
10098896
9841485
0
7350256
0
8973731
8106843
8760892
0
0
2030219
1748079
7727554
0
9401480
0
2816313
0
10114569
5617563
0
6592531
5239058
0
9624460
10580089
0
10678621
11111054
0
10698867
7005816
11059145
0
3447961
0
4518335
0
448808
8050192
0
0
0
11199106
0
2860715
0
9156369
6143976
0
5815409
0
1017794
0
11288265
0
2813497
9800329
0
6710803
5946318
0
9594738
0
0
0
7491938
2541422
0
7578888
0
0
0
4069842
5739057
0
8905002
0
11185220
0
8191092
0
0
4138035
196606
9268448
0
6583284
0
8886141
9959042
0
3919479
0
0
2201883
0
0
10930655
0
0
0
10375462
11235096
0
10498965
7530936
0
0
9239258
4930098
6376641
0
10386725
0
9510993
0
7250036
0
0
2879068
0
0
0
10970940
7614704
0
9619975
0
7318301
0
0
11373656
0
0
0
7814200
5575433
10536101
0
0
0
0
2496246
0
9809092
0
9704285
0
0
3940484
7744372
4541911
10511438
6958724
9898685
0
0
0
7349818
6300716
852
0
0
0
0
8425682
0
3751940
4337891
0
11078701
8806505
1129377
0
3130208
0
11078190
0
0
0
0
4804571
0
0
0
0
0
10396959
0
0
0
0
10422818
0
9618549
11082789
0
0
0
0
0
11062352
10395211
0
9884017
3933964
0
397
0
10998535
6254346
11245883
10878553
0
6807082
0
0
11446738
4894204
10495882
5585206
1497369
7491450
11078046
6706762
0
11224860
0
5361273
8834040
0
0
0
8725638
0
0
9527229
5354934
11092437
0
4703546
0
0
10966916
1778583
0
0
11396919
9981231
0
10787000
0
0
9685309
0
11224356
0
4022118
615
0
11396988
0
303
0
8080828
0
6803642
10882356
10259032
6415296
663
6656464
3592634
499
0
0
11058334
0
10076551
9017302
0
41
11373420
4291075
0
0
0
0
0
0
2662581
7953587
0
0
0
5202256
1696176
10365866
1304686
0
3130972
2715856
6517941
505
0
0
0
561
0
0
97384
0
4470031
0
0
0
0
1710378
0
10738207
0
0
2062219
0
0
4555590
0
10955940
7645323
0
0
8109504
0
368358
9160904
0
0
5858084
0
0
0
6236550
8553500
0
6842376
1037678
0
9472817
6012948
0
0
0
0
0
0
270407
0
2945173
0
9015269
11320367
0
0
0
9231597
5602820
8227812
527
1887121
8132964
10545965
0
0
9613582
0
0
0
11333795
0
0
0
0
6929644
0
2371051
0
0
0
0
8664755
0
0
3355193
0
6285414
3478594
1169911
9546270
4087092
0
8170908
553923
9808200
0
10955888
3539329
3292174
10938479
11180486
3986677
8389446
9474237
0
11085186
5349181
2215235
0
0
1138572
0
0
0
7393223
4432437
0
2280957
0
0
0
0
0
2606568
0
0
0
0
0
101908
0
7424240
0
2119657
7675539
292178
2112402
0
0
0
0
0
11009580
1775107
3380172
0
11323094
8772836
0
0
9372529
1241387
11347621
0
0
0
3649340
0
0
9747701
0
0
0
10004034
0
5288586
11327391
5149394
0
0
0
11136639
8389789
5454616
0
3522583
0
11290350
0
2444955
0
8819785
10576287
7884071
3273797
0
0
0
0
0
0
11088493
8591539
11163590
1314151
10686398
8921000
0
0
10636314
0
1423339
0
0
7537926
0
9704700
5538568
10223070
0
2439224
0
0
0
10520390
0
2177786
2512585
0
9009180
0
0
0
0
0
910411
0
0
0
0
0
9326911
11385177
4478057
10902298
0
0
0
0
5295785
11337440
4646371
0
9754886
7676683
8516244
0
7595183
0
8133835
5804951
0
0
842444
0
9691572
0
10414498
5209691
7976914
670786
0
7604762
3772604
1936913
0
5003570
0
0
0
0
11274447
0
7181915
9290739
5454938
2621231
10395959
0
0
327207
3869950
877121
0
0
10222407
5247168
8335710
0
10234162
0
0
1779558
0
0
0
0
10089984
2428563
0
0
4798167
10224507
0
701346
0
10279270
9004016
0
4797414
0
10406731
5625268
1465808
1297448
0
8984844
2512631
16032
9199317
6177049
4849057
0
1309589
0
7237263
6534950
0
6751193
9323423
8517082
0
7615903
11415446
1320215
10625133
6446198
0
8047884
0
3315195
0
0
11162710
0
0
0
729110
0
5957991
6784381
0
8776017
0
11168454
0
0
0
4478193
0
0
39838
11252073
9482352
0
3166895
2377530
2550462
0
8515842
0
9397548
10234002
0
11363544
11320268
11439157
0
4949456
3311411
0
10228826
0
0
10776386
6849859
0
10634504
0
0
9902102
0
10021324
0
0
0
6892244
10758258
0
0
0
0
0
0
0
514403
4519945
11134209
0
0
11138743
0
6890179
704485
0
0
0
1636453
0
11232721
3194037
11528646
0
0
0
7168920
9983932
0
0
0
0
0
11477613
0
2506981
10188065
0
416
0
0
11442711
9223433
0
0
1708747
0
11546602
10017460
11597511
2368222
0
0
1783939
0
0
9111145
11396713
0
4866
10017829
1301263
773
8828541
0
3515782
0
8875079
11393148
8441897
10696710
0
3733026
8275447
1697110
3619300
8379162
5827269
0
0
0
5613140
7873893
0
3871586
0
0
2253215
0
0
0
10859967
0
0
0
0
11204525
11406301
0
0
11387970
5073199
0
11229741
11339332
957970
10960485
0
0
7082387
0
7775828
8925787
0
802
11110106
0
0
8424087
0
0
0
0
7925222
1539359
0
11278852
0
2231960
9407914
363906
11518430
9327423
0
0
7490612
11507094
0
6536028
4967995
4636848
1930551
5061960
40885
5573339
4354668
7190819
8751060
0
0
0
0
0
11525268
0
0
0
0
2096437
0
10170121
3784815
0
9899973
9098707
11261165
0
1391076
11089386
11557858
11419760
129
9103065
10060806
0
0
0
0
9602338
11054370
11160894
10560759
0
0
11059763
4705598
0
0
11417278
0
10770293
1265159
0
0
0
107
3724350
0
9213930
0
10593415
0
0
0
2851570
0
0
9083494
4572704
4249613
0
0
0
10293471
9026426
11530562
10113792
0
527
5950038
10637678
0
0
3685452
8738954
11068401
5403306
0
0
0
9009961
2190626
0
0
11134227
4286946
0
6130534
3890485
0
0
11074865
0
0
0
3424122
0
10354447
6431752
8410085
6772385
8966880
0
0
0
0
6842840
2480261
0
0
0
0
2447520
10739815
0
10995938
0
11311245
0
0
5686459
3239949
0
11525225
9405109
0
0
6654540
7872744
0
10152027
0
0
0
8230690
5633738
0
1921707
8968419
0
11361840
0
11610111
0
0
10961310
11628478
0
0
9870108
0
0
0
0
0
0
0
8476437
674
8835680
3218817
0
2028870
8884742
5901633
0
10757163
0
0
0
4544249
0
0
2617907
10294952
0
9374224
0
0
6680024
0
0
0
4756418
0
0
10009306
7242557
0
0
8415939
7945519
2482729
7042031
8309078
0
11534483
1395428
5101650
0
1428923
2831122
0
928634
0
3659441
0
8272962
11253270
4649687
0
7277809
8617191
0
5161777
0
11602412
0
9814487
0
4962483
0
5579473
0
9586041
0
786399
8574132
9960359
0
0
0
11338636
11438412
0
0
8967863
4525633
0
0
766121
9396854
10464641
0
0
6457041
3987279
10935535
105475
0
6705291
0
0
0
0
10919963
6316347
0
0
2195674
6026129
11523231
4679366
11211742
0
9909885
9584668
0
0
0
0
0
3122806
7667999
0
3080692
0
0
0
11575235
11385521
9584175
0
0
0
0
0
3952646
5108930
0
0
0
11429126
0
0
0
8600619
7969210
0
0
5979828
8807192
11632107
0
0
0
0
11097392
0
0
0
0
858
3125974
1966090
11419330
0
9514015
11309130
0
0
11391308
11633298
0
0
0
0
6811060
0
0
0
3316617
0
1527569
0
0
10474230
11217955
8621018
0
8692160
8362371
0
3802725
11050383
9080896
8264224
1138362
5099258
11402351
9012135
7831536
454341
7396883
2630066
8886526
8245672
0
0
5714841
0
11434802
0
3449107
2210912
11646107
0
1096872
0
10099827
10173613
0
11109768
0
0
0
0
0
4437826
0
8764976
2516242
0
11342207
0
9162641
0
0
9931512
1882978
1889508
10986812
4856505
0
4367059
8060935
0
0
0
0
5427968
0
10672350
0
2743832
0
0
4478329
3639598
0
0
0
11558581
0
11431481
0
0
0
3380401
11417990
11532769
0
6971802
11505034
0
0
0
10706198
0
10114242
11038176
0
10019065
4138694
0
0
11627226
1537702
0
11328867
5716795
544
4574532
0
0
6158145
0
0
0
0
11583884
0
7371109
0
0
522153
10306467
11485842
0
0
0
7144910
9840015
9423356
3638363
11081169
0
10064292
0
0
0
9167185
0
9473840
0
0
0
1051068
0
0
5434630
0
4199616
0
11343598
0
0
6139965
3571648
0
11505542
0
0
6253774
475226
5085999
8780669
0
0
2633382
5683290
0
0
0
0
0
0
11217631
0
0
0
0
9497323
0
0
0
11151607
0
6321717
3321496
0
0
0
10227137
0
5203142
9704748
0
11371585
0
3675145
3682519
0
0
0
0
0
11725917
5156276
175
3368786
2085384
9112861
0
0
10551403
11660872
11649770
0
0
9343234
0
0
10218816
8494086
3027263
11499557
30866
8451802
6715816
0
8801078
9601562
8134311
0
0
0
0
11632347
1310842
11707137
239
0
33043
0
4319846
1074740
9426463
0
0
0
11174860
0
0
0
0
9358617
11249299
1503824
9764845
0
3037611
67
1897927
0
0
1441555
0
8606294
0
0
550648
0
0
3617035
0
2269324
9681048
11341300
0
4482760
0
0
1278942
10216662
0
6518328
1007568
0
0
0
0
1718980
0
0
0
0
7840856
0
6455020
0
0
2154188
8310308
0
9997745
11651652
4115959
0
11442426
11587249
0
11066710
11172409
10252621
0
0
11553450
0
11563755
0
10029671
0
0
0
0
11638553
0
0
0
0
0
0
0
5421223
0
0
0
0
0
1477430
0
7193918
62321
5286124
0
0
7651502
8671003
0
10885611
9673621
0
4676578
0
4702858
458
7078493
3202593
0
6529954
8373794
1910622
21256
0
11592624
6371184
0
8330314
0
0
10234546
0
0
8319797
0
0
3179693
0
2903835
0
0
0
5652423
8477919
2639758
400385
0
4198531
5982675
0
0
6479683
11384036
0
7597885
0
3347653
0
0
0
0
7490304
8409362
0
0
0
6134125
0
0
9622680
0
835484
0
11222039
11384770
8837922
5198470
10066781
7606409
1123941
11574077
10398043
7571733
11632902
1978151
9228767
10373169
1462491
0
0
2716219
0
0
0
7463464
0
9826983
11105639
9606003
0
11593692
0
0
0
2871836
9418550
2408278
0
60049
11391198
0
9152625
2127124
0
0
11599548
0
0
0
0
0
0
0
3644576
9917915
10406439
0
0
8390850
967360
188438
0
11708946
9676155
8371492
0
0
0
10164262
0
3090488
0
6640710
0
0
2544852
6166350
3490
0
2208468
0
5307396
0
10214370
10321938
0
0
0
0
2186044
11402573
3290075
9228054
1996956
0
11145416
11222102
11322165
0
3639222
0
5405396
0
0
4451533
0
0
0
0
11140539
83247
11061305
0
0
10526890
5578130
0
5947336
11752737
7814038
0
10404075
10968665
0
5286270
0
11337358
0
1015541
0
7712140
0
0
0
6635220
0
3991470
10216846
4467856
0
11254220
8272997
0
0
11736339
0
0
9450706
1190419
0
6701535
11398582
11614483
3434783
11019058
0
0
0
0
0
0
0
0
4475806
28587
0
9705590
11837718
0
0
9676652
11099415
0
0
247882
10171467
2633046
10704396
4641260
0
9648976
7624589
0
7585943
10303792
4392310
0
222
0
3246754
0
0
10706175
0
0
0
0
0
0
0
773973
7613259
0
0
5505862
0
10293262
0
11749377
0
10715792
7783210
0
9637200
10373697
7645186
0
0
0
11066411
0
10322032
0
0
10789124
11723471
6650492
0
0
4732109
11372063
0
0
0
7359371
0
10660798
7144571
0
11364315
0
0
0
0
0
0
0
0
11043030
9777724
9334024
0
6053438
11789232
1038771
11419756
11558847
6041643
0
11759721
0
8989068
10959864
10701282
9805001
0
0
0
0
0
9001083
0
0
8234643
0
0
0
0
0
1126398
7566370
0
0
0
0
0
4648538
8160092
8096090
0
0
0
0
8132831
11691988
0
10726477
0
0
10031613
5249573
0
9830956
0
2905380
1522707
10633865
9647906
4727190
9169531
0
0
0
1132828
11070852
0
5433021
0
0
6364938
11748571
7509317
6802430
6305274
3399093
10662350
11095287
0
0
11791527
10007380
10772637
11737334
11831269
459915
0
0
0
4632240
0
11711057
0
7831647
11371579
5342331
11131518
0
0
6149711
0
0
10456652
4333432
0
8845416
10431849
0
1066810
7846483
10056921
9408754
5578351
6536648
0
0
0
3015346
5290039
11747684
2169073
0
0
8590501
8389383
4135613
0
5069989
2001861
7632805
8213794
11704956
3205022
9696189
6788888
1434939
7376528
10767668
3606109
0
0
274806
0
3214582
0
11750429
9028272
11721723
0
0
10327184
0
11279818
9984798
7272035
0
0
0
0
0
0
10099676
6389711
0
0
0
0
92308
0
0
0
4881684
0
0
7940932
6013126
11598889
0
0
11400185
0
0
0
7052604
7228839
9898772
0
0
0
11704745
0
0
0
11554460
7677493
7442033
10756240
9607523
6343284
0
7601749
7175327
0
0
0
0
7666359
0
0
11142899
3365456
0
0
6730663
10703571
1109669
0
6761877
97464
473592
4446078
0
0
5010702
1416123
666831
0
11810190
11485188
4053243
3374593
7516502
0
1026540
11585125
554550
10694239
10659330
10133807
0
10894842
0
9920596
8110328
11392492
11658437
10477654
0
9323350
0
5580058
0
7667374
0
4234813
11134402
5034540
11843682
0
0
0
0
0
11380339
10337974
11927740
6508266
9876411
0
0
0
11529174
0
11324149
11437445
0
4384117
0
0
0
1363802
7940549
0
8818090
0
5807472
10284857
10580141
0
0
11334349
0
11426602
0
4851002
1881509
0
1199614
10823064
11264009
3247351
8816297
0
0
8488129
0
11068557
0
688118
0
0
0
8483841
0
9028894
5357246
0
0
0
0
7863168
0
4914809
1439743
7337764
10800716
10355951
0
0
0
11283794
11221081
0
9638130
0
0
0
0
0
0
8679489
0
0
9663844
1355759
6807866
5832481
6570444
11811504
11281315
11922539
9980962
7874331
0
10654432
0
11772106
10009172
0
0
10418368
0
10504758
0
0
0
11921671
0
9694902
1330521
0
0
0
1286729
0
8374337
0
10174901
11948618
10750017
0
660
6166921
0
0
8721115
0
1664480
5033405
4892062
0
4128711
11319888
0
0
0
8347680
0
0
0
3921663
0
6408207
0
0
11250318
0
0
0
8360848
11427738
53525
0
0
11065544
4946792
1287560
0
10960446
10484698
0
0
0
552962
0
3070121
0
1869614
9765067
3998796
10039161
704496
0
0
0
1590563
0
11789744
1677101
6157306
6149562
0
0
0
10382077
0
11519182
0
0
1250767
11813269
11601247
1532000
5031906
8336491
0
11103001
10992033
11346263
11647443
11851117
4324709
0
11796703
8471816
0
30836
11949122
8044814
0
0
9890379
0
11876668
11643477
11865875
11877933
0
11611705
0
704140
0
5212435
9591961
0
0
0
0
2698862
11702794
3034973
0
9808702
0
0
0
38718
0
2797273
0
0
10397919
0
0
0
0
11814969
11809051
330962
11819315
0
0
11777997
11703126
3973170
0
0
0
0
2459914
11073999
0
0
8461698
0
0
0
0
9396426
10066604
0
6628190
11616088
0
4114076
0
10937162
0
0
11854489
0
0
2069308
0
0
11626081
1037859
0
0
5205195
11969108
0
0
0
4960362
11679355
8195151
0
551
0
10625364
0
8659931
0
9019287
0
6662461
0
11261664
0
0
9071333
4866798
0
7419892
0
0
0
0
0
6630864
2984808
0
10759013
11528794
0
10938365
0
0
0
11311025
0
0
7324106
0
0
257800
0
0
0
9213552
2449398
215845
0
11336633
0
4941098
0
2772842
11193235
4870279
0
6023891
11581658
10822235
8887646
0
0
750069
0
8755118
139857
0
0
0
0
9824683
0
0
9864198
11850347
0
0
11073031
0
10042528
11363299
0
0
0
5817713
0
0
9991341
0
6981832
0
10976173
0
0
9596616
2640739
0
0
0
11757994
0
0
0
5503298
330113
11382449
5685954
8199703
6574711
0
0
0
0
2704769
5425000
0
0
8595608
0
0
0
11924622
0
4589428
0
216
10553799
265482
0
0
10556355
7552466
0
0
3147903
0
12001256
0
11914732
0
7541083
0
9793460
8321725
11739515
1770130
11626771
0
2058802
0
0
2510305
0
0
8998428
0
2407980
1642724
3431026
344
10841213
0
0
0
11562371
0
899498
8864219
3355983
10424798
6857181
0
0
10196700
1948973
736518
10882123
0
0
0
8096066
7916779
7823108
0
0
6498596
0
0
10712831
11134651
8072524
11243939
0
0
6625144
11657110
11687820
0
0
0
4663417
11616183
3019840
337
0
0
10490899
11424731
0
0
0
9822504
0
11653753
7240418
0
0
1304523
0
11947326
10519705
0
0
0
11101600
0
1089051
0
8196396
0
0
0
0
11830526
0
2330034
2846741
877519
11920933
9885783
0
3731322
0
0
54657
0
7941408
11085759
10593069
0
11068702
0
3338844
4393266
0
0
10076162
8328483
878
0
7721194
0
3674924
7249744
0
0
0
0
2381306
9895154
716666
0
2247358
10265723
5622192
0
6886066
6164557
10276580
3444985
1003326
0
0
11306937
0
0
5080378
7379195
11916013
0
9938469
159654
0
10037520
0
0
0
10609706
0
0
0
0
11817448
0
0
0
0
11664691
0
0
1877915
0
0
0
0
9753925
5339270
0
1760642
0
10276726
11270171
0
0
7520221
5702859
9756104
7918987
7999090
0
4056816
0
2664505
4871483
10470752
11852776
0
11357338
0
0
9911809
0
0
0
8704824
0
0
940999
0
0
10296862
0
10460875
0
0
0
0
0
11851067
12014646
0
0
9071873
8486567
0
11500424
9627874
0
1057563
3883405
1456842
820824
7901726
0
9222595
7538905
0
0
1893048
0
2647907
11929754
8993295
7894114
7938179
0
0
0
151340
0
0
9022232
0
6326927
0
0
10442542
6545437
0
4809579
0
11869565
1064730
0
6257081
0
0
0
0
6190346
8945357
0
4395653
3868047
9674320
0
0
11271854
11028857
10430699
0
0
2156051
11428408
0
0
0
11071713
4120504
11818874
0
4332006
0
8251644
0
11148897
0
0
0
480377
11515521
5630161
2070370
7534828
8553709
0
0
9865961
0
12084577
8264777
0
179388
11600986
12075285
0
4915266
0
12113685
0
0
9617946
10877285
0
416552
8969487
0
0
0
0
4409777
0
9059311
4008768
0
0
0
0
10213199
0
12056425
0
0
7642269
0
0
11897859
0
0
0
0
0
0
0
0
11960260
11131460
0
10948272
0
10285186
0
0
0
0
7990968
0
0
5693115
12056777
0
0
0
0
731871
0
11895579
406818
0
10712917
9989908
0
7920654
483373
0
3080004
12079711
3808762
9489711
7916620
0
11912437
11974331
9032995
0
9840922
0
0
2515441
0
0
0
0
0
8303075
0
592241
0
0
2155501
0
0
9660109
9081260
10577688
11430025
0
0
0
9453556
0
8201877
11762999
0
10367439
138513
11940045
9617707
0
10591892
2741620
0
3760253
11962705
0
0
7861624
8254732
0
0
1057640
5647610
10323650
6778099
0
0
0
4056224
0
0
12098860
0
0
0
6447145
0
10820818
12097740
0
11192731
693965
0
0
0
0
12047773
0
11745399
0
11070118
7697543
0
5360883
11112921
0
0
5881170
3493430
11053274
11058091
8149142
11872397
7943498
11780751
11706020
0
0
4431212
3472492
1114984
4206342
2592924
0
0
10557629
0
7806998
0
9562293
9918668
12067836
0
0
10159858
5945357
11432274
0
0
11479106
10955328
0
4302861
1244710
0
0
0
10901715
0
0
0
0
0
0
0
4722840
10349731
0
0
4501802
0
2541805
0
0
6727854
9671708
0
7637294
9986019
5922339
0
10792423
3919316
0
12002741
3982219
9981226
0
0
0
0
7640076
0
0
10764503
0
0
4822827
0
0
1947147
0
7323207
0
3886219
0
8265390
0
10424969
0
11851547
10995041
0
0
7441482
0
9005862
4967435
9428096
430017
0
0
0
11957075
0
0
11763743
0
0
0
4141652
1729295
12010628
8612369
11191043
5971207
0
0
7681797
11200813
3623409
0
4285057
0
0
0
0
0
0
0
0
2930410
4003384
12167048
11536940
790
11086983
0
0
0
0
0
11942200
7614902
0
10100930
0
0
11741457
0
0
7126220
10042836
10093270
10753088
12048516
11148418
12162686
3111839
0
9141989
9912091
2654403
11524912
0
0
0
0
11810842
2101703
9579980
11260425
0
0
0
9948119
7323159
0
10272119
8085069
12111441
1195109
11629669
11915859
954240
11873745
11956983
0
11129092
0
0
0
9590008
0
4531886
0
0
0
0
0
5308602
0
11066737
9116492
0
0
10492264
9670677
3958687
0
0
0
879182
0
0
2868086
0
7845212
11106110
8175197
0
0
0
88343
0
0
8671541
0
11872828
0
2351650
0
4983825
11593433
11672954
8960017
0
457
6079586
0
0
3363428
0
10443303
10827885
4638774
11198005
2858209
6825390
11037354
0
8314670
3576022
0
1566502
5037922
706784
0
12075170
0
6818174
0
0
0
0
12094866
0
10759147
0
0
0
0
7986730
73120
9048343
11130494
9054965
0
0
0
8611939
11364761
1159652
0
0
10944319
0
11518697
0
0
1294936
7682542
10521829
7065502
2066092
0
990129
12175281
4496705
0
10264327
0
8101426
11654096
0
0
0
2384075
11746025
11618951
7561018
11256359
0
5066195
0
0
11616130
5341667
4539640
0
0
10911012
11836472
12077893
0
9725455
2167038
872057
4766824
8217466
12020625
3706685
0
0
0
11811205
2118
2783078
0
0
1383479
11784720
780243
10822937
0
10551834
0
0
3423155
7306534
0
0
0
5707837
0
0
0
0
0
0
11341106
1785902
0
11044921
2732752
0
11199776
9813998
0
9278515
4635380
0
11337290
0
0
12222946
0
7164238
7188952
10824090
0
10778661
1508520
7223215
0
11083830
11787507
0
12077383
1246708
3460306
0
8324571
4232872
0
0
0
0
0
1115
8788492
6521768
0
1534029
0
0
10135688
0
11201073
3112005
0
0
0
12184181
0
3916719
0
0
10532775
0
0
8353357
5590288
0
0
8322363
9815189
0
11945098
10707130
0
0
6747540
4372887
0
10959571
10220035
9709415
0
0
11427480
11753469
10978591
6869409
0
10535091
743
0
11005811
77579
12209532
0
0
12110119
283320
0
0
4814325
0
0
0
9777594
478449
0
6765951
0
10920346
12002286
0
9035933
0
11611636
8927382
0
0
12106426
3733641
11662310
10230524
7680917
948
0
0
11662989
0
0
8977695
0
6127247
11992413
0
11901543
0
0
12139255
1430175
0
0
0
5678897
11745931
0
0
11068593
0
5223548
5705788
0
0
0
0
0
0
10477159
12133492
0
3431453
0
7647740
3516441
1204988
1905697
0
0
10492441
4357842
0
7527114
0
6257870
9890664
0
9690907
10247166
0
0
12015659
0
0
734291
0
0
7918143
0
0
10792317
0
0
10610810
4976558
11792144
0
1664299
0
0
8460733
0
6608349
0
11667809
8408466
771921
9079492
3819675
8454415
0
0
11780936
0
0
0
0
12082760
0
0
0
11630344
7444365
1015128
0
0
0
0
3806494
50
0
2450629
10593664
10286564
0
397
4802928
690177
0
7428382
7716872
7109739
11488854
0
0
7641631
7869917
8129732
7187527
0
10530358
0
11648127
9894478
0
0
0
3027939
8448539
8697337
0
0
0
7963669
12230450
0
0
9996531
0
975
2882570
10916011
0
9793915
0
0
12207899
0
961674
11186811
12100784
12238465
1142000
0
285
11524252
11086027
10100148
0
0
3359925
10956763
1773032
0
0
0
5171174
0
7511562
0
0
373164
0
9805711
9669281
0
5389931
11716391
10683330
0
11978533
11964070
0
527
11062589
0
2890202
0
0
541055
1151612
0
8777995
10808649
0
1740141
2541129
0
5314745
0
8490841
0
7694043
0
5391927
10331632
0
0
663931
0
2302724
9409615
9762175
1020210
2436914
0
11198985
0
12095314
4299
348413
1916383
2445978
1395005
0
0
0
6779352
0
10307277
12013894
103506
0
6241861
0
10237591
4858961
12154875
11784261
6757119
10485357
12236023
0
11523554
11054775
0
0
11787060
0
7768752
0
11844412
11568536
5107765
0
11202023
0
5656306
0
2223676
0
0
0
6557494
10689594
0
0
6287194
11142353
714437
3657092
7339107
0
11498338
1716761
0
0
11312271
0
11018821
0
7610691
0
0
11463215
0
0
0
0
0
0
345189
12078402
12004548
741
0
0
0
4872787
0
0
11883437
6324042
12259660
0
2274447
8347547
0
0
0
8001678
11762415
9662466
0
0
7838808
0
0
0
6359082
0
0
1266694
3618286
0
5203466
0
0
5297957
0
12199873
11036361
5026856
10795724
3846253
11304971
9604929
10485505
1648421
0
12329994
0
0
8845642
2760654
11822264
0
6519412
11683701
8353348
0
4252301
0
2516580
331304
0
7415492
7594419
0
11105006
0
10042772
7711170
0
378637
9273827
0
0
0
2240505
0
11855618
1156715
0
0
0
0
3198294
1811394
0
0
0
0
8863727
10936223
906005
0
0
0
3378333
0
12122756
0
3056529
0
0
11194702
0
10918542
8713674
7917193
5876517
12125176
0
11790306
0
11066
10602297
8947166
404858
3250267
0
0
10337558
0
0
3423155
1296596
0
12352270
8121744
0
10716757
0
0
0
7008923
0
0
12333996
11611875
0
0
0
0
3883455
0
11408677
2311891
11680527
5657198
11395269
11430718
0
2787840
0
9506677
7714355
7437313
3405215
12226404
10702708
2896361
104759
9757297
5798477
0
0
0
7429805
0
106401
10394338
0
0
10600578
3787932
2430041
0
0
0
9268887
11245099
12158712
130303
11940251
0
0
8501037
12308309
0
12152122
11272885
12055406
1917501
0
0
0
11201679
3275849
9722021
0
0
0
10404429
11820862
0
10726184
0
4449223
9704568
10845865
0
7713131
8300215
11268599
0
11273441
9590850
0
921246
0
0
8504392
6865510
8030311
0
178242
0
0
0
0
9780913
11243959
0
11698936
6703356
0
6312306
0
245594
0
11438740
0
9633220
0
0
0
0
0
11666429
0
0
0
10311129
0
0
10936439
11285464
0
0
0
7072413
2133541
0
11837643
0
11543553
0
0
5387586
11896078
0
11658095
0
3732060
7803456
0
97
12269653
4801014
2888639
1181827
7858857
9126730
0
2064047
11501710
11497577
7660929
12050970
7073933
8436212
7806016
3600171
11104029
0
0
11524983
10735534
11460445
0
11444850
9025287
0
12302161
5887044
0
0
12035273
0
0
0
10196932
0
0
5592137
11639795
0
3550793
12076606
0
2890584
311775
5491905
0
0
7209439
0
44520
12181662
0
11909093
11161612
5729491
0
11127650
0
0
11175993
0
0
8520412
11555948
0
12370246
0
0
11409437
0
0
3106706
10977792
0
9802260
12258241
0
9035899
8047946
0
0
9391741
769
8859263
10948176
7410325
0
0
0
0
8510747
8154886
7579121
0
11013817
0
0
0
11308145
932548
12210700
10853279
0
10083275
899
0
7010254
7109774
0
12119347
8931559
9042578
0
0
0
12381456
10051675
0
4422050
11615743
0
0
0
149017
0
0
0
9337728
0
6446613
184346
1407417
0
7536609
0
7321376
1891956
0
0
8817187
0
1834862
147
40489
8390790
0
0
917428
0
6174225
6197015
0
5219321
0
0
0
0
3892911
0
2011676
153520
6721093
12370680
4212174
0
7453532
0
5441711
11022945
342815
9453062
0
9379584
6182031
0
0
12033215
6428942
1844776
202390
11741595
0
0
0
10040485
0
0
0
1440448
7418418
1524671
7708507
12330841
7846274
10378480
0
10934137
11304096
11693610
0
0
1808724
0
0
10293536
9955947
0
12390356
0
2732902
0
0
12176025
11605250
0
9689029
0
0
12219517
0
0
10656786
12190929
0
0
0
0
7382487
1655335
10439041
4009922
832069
6036695
0
0
0
3596566
0
7279868
12354796
1724336
127
7477603
0
9760789
0
0
11894854
0
2893267
3526479
6069583
0
7102924
0
9981681
0
0
0
1071171
0
5985559
689
0
0
10037038
2292171
11076314
10584396
0
0
6111416
263568
12054656
0
0
0
5466623
0
0
0
11419849
811758
6011314
0
0
0
8685737
0
0
0
0
0
0
10854770
0
9003350
0
0
4430786
0
2026264
0
11954421
8705268
0
0
0
9688993
0
0
0
0
0
0
0
0
0
0
3613041
0
11362438
11424901
0
12184540
12202150
1298810
0
11904434
8647671
2355280
0
0
10921158
11099246
11029775
0
0
0
0
1507555
0
12326157
0
0
0
0
4440954
4525087
0
0
8975782
10420226
11610753
12441604
0
11110264
8325504
0
0
0
12216437
10418767
7636043
0
7986550
0
11911534
8592714
11822108
2887435
2520559
9079123
0
0
0
0
0
0
0
0
3074149
8090376
12361153
0
0
650
0
11591791
0
0
0
864389
0
0
2697429
0
0
11048222
7798215
0
6901562
8460007
0
12480677
67
0
0
12150751
6463016
0
11214152
0
5968166
0
10439209
2479771
10020572
0
12360313
0
0
2201990
0
0
0
0
0
8377711
2202255
12343811
4948396
9018485
0
0
5790973
12019799
0
12394253
12498354
0
422
8983577
0
0
1533884
0
0
0
0
8204870
11903797
0
0
0
0
0
11749758
6672458
8587695
8044491
0
0
0
0
12057459
8166589
0
9905487
10239930
11902594
510033
0
0
0
0
10421828
0
12344858
6022040
733789
1323480
0
5947469
0
5518309
7274550
12156637
0
12451965
12110553
12113999
11040374
280092
0
9789869
0
6285101
9602686
0
0
0
9958071
0
8499723
11366063
12264043
12374366
2908789
7204787
5743053
0
0
0
2697722
208894
11390015
0
9978310
0
4895526
0
12268210
0
10987716
9944009
10741201
2530712
0
0
2955777
0
12433705
11452077
0
11470119
0
8912577
0
11651991
9164194
10002563
0
0
9958953
0
7365989
5869414
0
11616927
7025326
7954014
0
0
9793034
0
6156677
0
12046501
0
9469389
3309599
9746324
0
0
7261708
0
9400235
8320432
0
0
2720597
0
10245748
12011513
10419201
5124764
538592
0
12080622
6077660
12492390
11742127
4784684
0
9450061
12105887
0
12303867
11860718
0
0
7678830
11508752
0
0
0
0
10975815
7084648
0
0
11653882
11430225
0
0
603455
0
0
0
0
0
3361603
0
0
4244817
10280056
0
0
11826506
0
9001987
0
0
0
11790237
0
7633569
3581079
0
10731111
11267774
6321919
12201702
12534520
11732222
5707498
0
12248189
8914319
0
0
8408786
0
0
0
0
1359293
4793688
11431384
0
7081424
12107602
2471954
12190048
12360026
0
0
4771490
0
4798167
272501
5586694
5367604
0
0
7227196
0
12209149
6250902
0
12474108
0
0
9176936
4068890
0
0
6172976
10531422
0
0
0
4890083
0
0
0
0
7804723
0
0
6498542
3401800
0
0
11742144
6904290
0
10207899
0
0
0
12225886
5835474
0
0
8065230
0
0
7818617
4609745
0
10266026
0
12042396
12138361
0
347960
0
12490610
0
6629265
0
273557
0
0
0
0
12123171
0
0
9867486
717
0
0
0
0
12573030
10796789
0
0
0
0
2576576
0
12364908
0
10658065
3547227
0
1137431
5800065
8944778
458701
11934469
11927258
0
0
0
0
0
0
939003
2012100
0
0
1614775
5497061
12507677
12337051
11107469
6297388
0
143209
0
4508661
0
8903677
0
12186383
10798957
10462455
11809544
4599875
12360949
0
12181165
1877996
0
0
5181776
11766831
7391303
0
0
0
0
0
209
0
0
8464877
11330704
0
7788226
0
8106772
0
4369565
10764414
12463978
4892163
12102797
0
0
0
0
0
1324611
0
0
62019
8291911
11451110
0
0
10206358
2551019
0
12202665
0
8761983
0
11128297
11444445
92215
7778991
6839168
9621101
0
12535158
0
0
11814273
0
10699021
0
9478376
0
12151542
3830270
0
8043986
8212124
9242107
2817755
0
11783213
12187301
9821518
0
0
0
12532759
0
11659530
6320519
562303
5293010
0
0
0
0
11195362
5002784
0
0
0
12595041
0
0
9122461
11024097
11451768
5309203
11114869
2514691
8351
3534473
9713236
0
0
0
0
0
12278990
1825855
0
0
0
0
0
0
1750590
0
48852
0
5773219
0
6916618
0
7383985
11476558
1256440
0
0
0
7070397
6284334
2684494
0
0
0
0
7995709
5844691
0
1712356
11800804
0
5615762
0
8264877
10700882
0
0
1602717
12385509
0
5881382
7958768
401050
12366775
0
0
0
12123401
0
6979494
0
0
0
0
0
12241686
0
0
9771634
0
0
5608397
9272031
0
0
8532536
671573
0
2100665
0
9311978
12587577
0
12264621
4992640
0
0
12203668
11889688
0
12515367
941909
184960
0
11359185
0
12503413
0
3548368
2420797
0
0
10209860
1794279
0
12255928
0
11361941
5454698
0
0
7081462
2627414
10375265
0
985
0
7610676
0
12332676
0
11148859
9235921
0
0
10646532
7171847
7053348
0
0
0
0
4744293
144179
0
10863988
0
0
0
11938640
0
0
12182433
0
0
0
1748123
0
12454246
0
0
0
0
3203943
9318824
7146740
2679595
5645506
5310106
0
9220045
10214973
304
9810803
6251938
11151810
0
0
0
8252458
2878314
3007237
7125252
0
0
3168699
9959924
10039107
6225024
1978619
12613911
0
0
0
12321105
11344002
0
1056433
40241
8574805
11180409
7748398
0
0
0
12603037
9334510
0
12062998
0
1376674
6539224
5062005
0
0
0
0
0
5142767
462
0
0
0
5327013
10732052
0
0
0
0
0
0
12435430
0
11121620
672105
705507
0
0
0
10450570
0
0
0
0
0
12292401
0
0
12118484
0
10045869
538679
0
11545908
0
683190
9562484
6823312
0
1330685
11280956
12356734
11903061
12387524
12321054
9920094
0
11372223
11238305
5983821
7433294
0
0
916134
0
11959952
0
0
0
0
6366659
764386
11858666
2238641
0
1061274
9358686
0
0
2223590
0
8117892
0
0
0
9165906
0
9161216
0
0
9022390
0
0
5297104
9002400
0
0
6561874
6515285
0
229000
0
0
0
0
12363495
7360396
12502009
5097332
11514426
6155187
12077655
0
12314077
0
8833499
12207012
1624352
0
5017256
12011097
1168654
2316103
3878114
0
0
0
11348008
0
6452403
0
0
11754478
0
6017689
3707134
0
0
12483993
0
2952876
10271811
0
0
0
0
11903261
0
1305094
0
0
0
6769700
12539981
1385754
10844008
11986529
4593097
8463743
0
0
10529105
0
0
6839842
8514415
0
11189929
0
11055612
0
0
0
8680777
1789409
8715277
0
0
11760962
933
0
12481298
8855234
10965574
0
3622181
0
3621760
3992008
0
2377129
7173658
5585746
0
0
35635
0
0
11428853
7222737
12470164
5230157
0
12371491
0
0
0
12462409
12379370
5155783
10600192
4000576
0
0
0
8267287
8214274
0
0
0
0
0
11026418
7657829
469839
8647463
0
0
12661334
0
1728527
7230502
8659360
0
10840578
0
6991403
0
0
5828330
0
0
10027221
0
12121583
0
0
7126712
0
8389831
3447864
7420958
6570122
11963455
11285154
0
0
0
0
5047533
0
0
0
0
0
0
6271016
0
0
0
0
0
10002177
9731078
0
0
12367148
1155975
0
0
11764551
0
0
1307422
10095120
0
0
12664099
0
0
11501018
5942984
1059853
0
12414518
0
12215753
2431568
7605875
0
7426099
5588845
0
0
0
9947300
11694564
259846
0
9790291
0
0
0
0
0
0
2966664
6842279
4764818
0
11618608
0
0
0
0
5588365
0
12627594
0
8158991
0
9022993
0
4465871
0
7498586
0
11969361
12204419
893
0
0
1678409
0
0
2569002
0
4224537
11826483
0
12252521
10847181
0
5762144
0
8006724
1968312
0
0
8009968
900657
0
0
719
11498936
11225109
0
0
0
0
2243508
9522863
0
10468071
4806024
7324341
12491313
12601518
4569848
12185629
0
5454304
0
0
5153965
0
0
12052236
3028817
0
0
0
907946
0
10030382
90197
0
0
8837922
0
11383944
0
12718139
12508368
9237028
2906473
0
6463891
0
0
0
11797143
11532613
12605864
0
0
5510133
0
0
0
11008383
10627987
0
0
0
2845380
0
381925
11356023
12552717
0
0
0
2724996
893
0
12491588
0
11967047
6134581
10151118
11716964
0
0
7147450
0
12565636
9370
6516661
0
0
0
0
3730485
12474959
10425067
0
12686336
0
0
12775100
0
9764133
11223683
0
5317625
10687408
0
0
87651
9972366
2727724
6965199
7154132
3095893
12665895
8548726
0
3147952
0
0
0
0
0
9811599
0
10521242
0
0
0
10651830
0
0
5596265
9660209
12578878
0
0
5321699
11094695
10189771
0
0
10952677
0
12750346
12379363
12200880
1768164
0
0
9697727
12497460
0
0
8912022
2358948
0
11448146
0
10034452
0
8048096
0
8103200
0
0
0
4340057
0
0
9983058
11001890
0
0
0
11188394
0
0
0
12528504
1915855
12799911
0
0
11751371
12759394
6828906
34295
0
12480241
3884559
0
0
0
11470558
0
5842531
0
9230268
0
12799074
0
0
0
0
11712170
0
10934229
0
11866034
0
95
0
1206922
8439421
10677706
0
8097871
0
0
11873310
0
0
0
0
0
0
0
0
0
0
0
0
9673142
7451830
12534485
0
0
12452688
0
0
6202376
0
0
0
11483714
0
0
10195268
10878482
0
7597582
4604879
12188384
0
0
11409948
0
0
11997777
0
10681761
10268560
12574541
10730029
3905306
0
12598201
0
6251699
11587585
6439638
9909195
9587429
0
0
12781124
5398995
12700485
8267870
5662339
0
0
2139548
0
0
8385010
12681837
202766
0
12768806
0
0
11758419
0
0
8853479
0
943665
8073927
12592811
8548548
0
7997738
0
8303044
0
6127240
11088320
0
0
0
0
11780486
4541392
0
0
6464693
0
0
0
0
1466239
5636164
10991124
1396340
12552480
0
0
11982958
0
8618917
6429513
0
2531769
7682709
0
0
0
7443731
0
0
0
0
0
0
0
9905553
12658899
9353181
8744328
2928624
12515327
3625739
0
11850502
0
0
1280167
0
0
0
10475430
8499741
0
0
1916791
2483703
0
0
0
0
0
0
11723863
910
10827468
0
7421048
0
3597361
0
0
11300342
9121231
3446837
10240744
0
0
7480097
12609090
9751352
9177541
11932433
12743834
12305440
0
7661356
0
0
1773026
4560433
0
12529582
12293148
10269784
0
11003263
0
9741242
2021930
6305046
0
2186327
0
11943198
11391726
0
0
0
3052887
0
11490668
11848207
11396653
8679321
12785844
0
0
12623778
11261572
0
5672815
11146264
0
11334789
11425197
8306429
2885381
0
11494156
0
1693290
0
659752
0
0
0
3520
0
9728047
10649759
0
7939910
0
0
6943990
0
0
8026853
0
679186
7881510
12823640
12490738
0
8231034
11469599
10187110
0
0
12646275
4805529
8282593
7712979
4963209
0
6771430
2516315
0
7788386
0
0
0
4393241
7527810
10001637
5240582
10774994
0
9858106
0
0
5850490
901626
0
0
0
5644475
8480580
1808743
0
11634683
0
12832652
0
881
0
0
12413959
0
12594254
0
0
11926631
11875376
12487180
10034117
0
12725982
0
12880557
5099563
0
7129997
8272134
0
0
12873058
12426710
0
12109126
10374016
8997517
0
0
0
9463050
0
8431889
12692966
2421516
0
0
0
0
0
0
11771454
11584803
11574286
11374264
0
4074388
0
6400386
0
0
0
4926772
0
0
0
7082356
0
8146915
0
12622743
0
10045653
9479905
10810237
0
1664299
12664787
0
0
0
0
0
0
12839659
7289172
6837107
0
8675225
0
11329522
9309960
11872481
0
12547969
0
0
12005251
0
0
2173519
0
0
11627587
9209386
0
11730008
11107863
0
9275375
0
7971204
0
12468565
6360241
0
11134886
0
7010990
0
4052530
0
0
9004054
0
0
7209478
0
0
5104107
1590135
0
6495539
0
0
9662484
0
10644572
0
12734310
3303739
7546858
0
0
0
8448294
9743590
0
2094233
0
206
7364168
2915129
12294799
12379909
12212351
0
7382436
5903194
3164921
0
0
0
0
0
0
10430272
0
6590393
0
0
4756529
0
0
0
0
12452825
0
8871957
0
0
8500024
0
0
11396040
11448028
0
0
12571601
11402488
0
0
2820320
0
5613136
0
1207512
4362532
9495089
780796
12913875
12554377
0
12384211
229
0
0
0
5457602
0
0
9196341
12146560
10638400
0
0
0
0
8342218
0
12683790
12922319
0
10865712
12922290
0
0
0
0
11310103
6293259
0
9161369
0
0
12520348
0
7628761
0
6574324
0
225
7241300
0
12880481
12853003
12878971
0
3006651
2423881
0
12925323
0
0
6115056
12794809
12710960
0
2812766
0
7043211
0
0
0
12571958
0
12465579
0
0
0
12181398
0
10198651
0
0
0
0
0
7478261
0
7420506
11799341
9774842
12897962
0
12307544
0
12896524
2607614
676180
9311110
849
12923472
11233948
0
0
0
0
0
4568821
12193058
0
9743590
349
12248682
11386069
91536
0
235735
11418161
0
10355618
0
0
0
0
10555812
0
0
0
620212
12753986
12230044
0
7736259
5295135
0
12244644
12707821
12806540
10306100
0
11086373
0
0
0
0
9238251
6106812
0
0
9496111
12678257
11448847
0
3953666
7876582
1195950
11130053
0
0
12693732
0
7175390
6786213
10247150
5762969
12093453
10015861
0
12183008
1252121
0
0
10838
0
12917505
0
12479077
3407213
0
10206746
0
0
6023285
2340426
0
12787794
0
12494057
9417130
0
11833325
6764203
5285245
11385631
11412149
0
0
0
0
4717629
2965776
8598346
0
12882346
5200996
0
8153282
6431620
0
6648050
0
11574826
450739
0
192393
11326491
0
6036731
0
0
7725554
0
0
0
0
1212568
0
0
9560212
12536077
7588868
4776514
10827597
0
327316
3788453
6411197
9157873
7808674
12531336
12438472
0
0
8396237
8004254
4524016
0
12025735
9715642
621373
0
0
0
0
0
0
0
0
0
12021853
2699996
0
0
0
0
568945
9346264
0
12296071
0
1673301
8481225
10196566
0
9365077
5156712
0
444
6568124
0
12915812
0
0
0
0
1082911
0
0
11759443
0
11574269
0
0
0
0
0
11633499
0
0
12850327
0
0
11147942
0
5150726
0
12359906
0
0
0
2592324
8182490
0
12754744
11434526
0
0
12947919
4283988
8784264
3839513
10002067
3378034
12306555
10829999
0
0
8734026
0
4662308
11431284
0
0
10242146
0
0
0
10474412
10423625
7119578
10782267
12853183
3642572
3180206
12871626
0
12489090
1275826
2798078
0
0
0
12436479
8257595
8433214
0
0
0
12741361
0
3974968
0
11230195
594
0
10858080
0
0
5192643
0
12284367
11127525
12636628
4235550
7413114
0
10295390
0
916636
11703565
12803637
0
0
0
0
1218998
4888259
12769928
11557726
6889185
12021451
116238
10224613
0
0
9047307
0
562
11391796
5664230
0
0
1469304
564278
0
0
11817252
4795247
10172724
7464899
12957150
9626567
0
12549817
0
0
0
6208075
0
5943804
0
82985
0
12677405
0
12474163
0
10707745
12515998
10522791
0
0
0
1078424
0
0
4465474
6442131
0
0
11893683
0
11650150
164847
0
0
1172661
0
12798665
8046082
9207465
10472331
979
11695237
12298247
0
0
10506526
0
0
0
0
12292120
0
12364944
0
11668605
0
2086811
0
12990118
0
0
11694564
0
6864152
0
0
12560521
12164470
0
0
0
12850890
0
0
3840412
10891426
0
0
9327455
0
4250950
0
11934617
0
8278957
4481246
1961692
0
0
0
0
0
0
0
8093091
0
12721054
10522225
0
9742952
0
0
0
12797758
12000280
591493
0
0
0
0
10382769
0
7431420
12255265
0
0
0
0
7050726
0
0
0
0
0
0
3050179
0
0
10728424
0
5759634
10805474
8459842
3982698
0
6376970
0
0
0
0
7551199
0
1210246
6699157
0
949
9012027
0
0
0
12307729
0
12093421
11426917
11645968
11708897
0
0
5743935
0
12721054
0
10857876
11461634
0
12677965
12888083
303839
0
0
0
0
9205099
7971908
7681656
0
12875917
7034603
12308828
0
0
10657550
10210422
12854096
0
913942
0
0
0
10303848
7265907
0
3064804
11899803
0
7941556
10489097
0
0
0
2402290
0
0
5097455
11498502
0
5244954
6295689
7986606
10748920
0
2605260
12363852
11760626
0
9898591
0
0
0
0
9233483
0
0
0
10871335
12929140
6201980
0
0
12484842
0
0
8292756
10405302
11413257
0
0
0
8483861
0
0
0
12973600
0
0
10836643
0
0
0
5388256
0
0
0
8230042
10030944
12821014
0
6886701
12861814
6596585
6183613
3309874
0
12278172
0
10418360
0
3978381
882115
0
0
0
0
0
4408017
0
0
12770306
0
0
0
0
12521674
12831958
667364
8754334
0
942531
12307790
913476
0
12643604
0
1530234
3599245
0
0
0
203942
11750931
2282168
0
0
0
924384
0
0
0
0
0
0
0
0
11396229
9842429
0
9442234
7534982
11232907
0
9176002
0
0
10565578
2432146
11966791
1210246
0
655469
10977993
6501649
0
0
0
0
0
0
8761292
7370591
0
12258958
11123122
0
0
12942779
0
8977305
0
4791446
0
0
0
0
5171360
11711638
11167484
0
5290912
0
2474600
3442868
0
1091836
0
0
0
12679507
6599125
0
12772612
9440229
0
0
0
0
12714353
0
0
5541932
0
0
8463288
10759602
0
0
8723068
0
7132923
0
0
0
949
10162716
12833869
7131367
13022303
0
13031104
5999499
10572365
7496448
7010511
1454089
4179167
0
0
10563497
10089565
797514
7501923
10682466
13111807
10878484
7503099
5177034
0
12345168
9356150
12997292
12984927
0
12780506
2883273
0
12912699
0
7160341
9009628
0
0
0
0
11506642
12986326
467
10633425
0
0
0
5870892
5163580
0
12494311
0
3717123
12387382
0
9909891
0
3341759
0
5986449
0
9137393
0
0
2103897
9621863
0
12190650
11473328
8305016
12614347
12666989
0
9212784
0
7895717
0
5620804
0
0
10829750
12930782
0
0
0
13045473
0
12462192
0
0
12916342
0
763730
3182644
11455011
0
0
0
13064446
0
0
0
0
0
5577499
0
0
0
0
0
0
12995686
8926613
11195508
0
0
12513509
8667779
0
0
6864404
1997631
2985461
0
13026171
0
10281540
0
0
8362641
4278618
0
0
0
0
0
3750474
7043093
0
0
0
9948009
0
0
0
1495583
0
0
0
0
1070982
0
1724121
0
0
0
10774318
11406398
0
10069142
1033688
0
0
11194751
0
8920587
12464122
0
12895980
0
0
3458150
9661935
0
0
2154137
2864237
0
7836563
11307896
12524153
0
0
12295163
0
0
0
6407447
9771576
4684665
3432891
1735053
6589727
8060620
0
8523144
0
0
11829535
1137143
0
793362
376
0
0
0
80193
12113755
12866337
0
11967322
11999540
960437
2864948
942249
0
7580372
0
0
13120248
2645195
10739140
12394478
0
0
0
0
7454673
6743899
11669810
0
0
2237131
11401049
0
0
8219916
12961457
11521249
0
0
11397203
0
2743368
0
0
6950277
0
12461517
2625673
9080429
7628366
6620314
0
10316641
0
0
0
0
7847021
0
937390
11888075
2535269
0
8490680
0
0
12507996
4072973
7616924
9041074
0
0
0
6722224
10027006
0
12741511
5028313
12730163
0
12522818
0
10998473
0
10663224
12847823
0
7855865
12971085
10799219
0
0
0
9071257
0
0
0
12571814
10492980
5008552
0
9268046
11083001
0
0
0
12237445
10926376
12477425
5400494
0
7758083
0
0
0
0
10776215
0
5279990
0
2753051
0
12851443
13129991
0
0
0
12647526
0
0
0
5127730
0
535966
10478017
1814901
0
9792266
0
0
0
0
13054071
0
11702816
0
11171256
11455344
0
7807895
0
0
4820882
0
13014711
13165404
0
10089565
12878216
11794420
0
0
7153141
9715074
8443791
5638972
7364511
38214
0
11749132
12840757
13113658
0
0
6173092
3398025
294286
5249543
11720281
0
1522040
9557640
0
0
0
8826472
0
8971927
10262965
10233495
0
4797518
10442499
4598384
12841367
0
8557627
0
0
0
0
0
12841513
8835459
11042118
0
8659000
0
11422172
0
0
0
0
0
5964398
1395260
0
0
0
0
0
0
0
0
84855
0
7919324
2331273
13127516
0
0
2802087
0
8639599
12996849
1052859
51411
0
0
0
0
0
0
7561132
769294
159498
0
12946284
13156995
0
0
10678465
10735718
0
0
0
597
0
0
0
13134124
0
0
0
7474026
0
11372083
0
0
0
13041641
11032847
12391883
0
0
0
11821571
0
12956190
13042763
12283807
8328489
10769459
0
6694425
0
3236441
0
0
0
0
8444809
0
13090470
0
8638728
0
0
0
4695553
0
12309093
0
0
1087124
0
912534
0
11674324
0
12998512
0
0
3526552
7234036
1368473
12664001
0
10026176
0
0
0
0
13024816
0
0
9795747
0
0
0
0
6507396
0
0
0
0
0
0
10500794
0
10852951
0
12710442
0
8222395
12182480
12884975
7546903
0
0
8224551
0
0
0
12679364
3605858
0
11262141
0
0
0
0
2925492
0
1173432
0
13212883
12858899
0
0
0
1936702
6827076
0
0
79891
0
0
11733765
9346552
10501080
0
5149029
6474042
11521915
6775175
12654465
0
7809504
12275321
12869665
11560212
9056124
9804663
11635805
12136427
0
0
211973
11454608
10998203
11245451
0
0
0
13208709
0
8868807
12886083
0
10023255
0
9354726
0
0
0
0
12618033
0
5722115
12615235
0
9347681
10331073
13013010
9911527
0
2626447
5689152
8878079
106
0
0
9062397
0
0
10445634
0
3541925
0
1489867
6156477
0
0
12201779
0
10569069
10830620
5466145
0
0
0
997963
0
2252952
4793724
5705870
0
9353337
7565656
12254601
0
1236593
6380257
0
0
12971482
8805587
0
2558203
8586613
12530549
0
0
0
1876143
7136971
11099140
8187730
10810437
0
0
5532654
4181723
5536495
0
6980267
0
5059649
3691824
0
0
7190468
3309370
0
0
0
0
10699516
0
0
347419
0
0
0
0
10480386
0
6699801
0
0
2774390
8485451
0
0
0
0
8487050
4541307
0
5722839
0
11404903
0
0
10647244
0
5723335
4743544
5419488
0
0
423321
0
1832124
0
10037752
7188010
1941609
0
0
12880913
10232839
0
8877533
0
2336
0
0
11098796
5631603
5986566
13000185
8336596
0
13234289
0
11343323
0
4863313
2825792
8869607
12079966
0
0
12750395
0
363558
0
0
0
0
0
11515546
9383638
0
12869467
0
9486953
0
0
11190042
12024168
0
0
9018943
13052272
0
0
6155080
0
0
0
0
752130
12660768
12415388
12804630
0
0
0
11436102
12302090
0
2766641
0
9801510
0
5028103
0
0
12989074
6385819
0
0
0
0
0
12201086
7276336
0
0
0
8255584
7680728
5099075
5370158
4378398
0
0
5140056
0
1891336
0
13221748
0
0
0
0
12833587
0
0
12618687
0
0
0
0
0
10716693
0
0
11302642
0
0
0
0
0
0
12720535
13189509
0
3988366
9496644
0
11085712
6132621
0
0
0
0
0
13218830
2926821
12131241
0
0
0
0
0
2126105
11034750
11100802
0
0
13004183
10414107
0
0
0
5500962
12387848
12704614
0
0
11797509
222288
0
0
0
0
13162203
0
7473028
0
0
9851646
0
0
0
11539383
0
12827182
8918725
13125464
0
0
0
0
0
0
10047115
0
4747971
9848853
0
492
0
0
1799265
0
5975276
0
9362528
1580943
0
0
0
9722197
0
0
0
0
0
12302074
0
7047120
11945745
12326825
0
12891397
0
0
977
0
6489380
12894890
0
13314827
0
2116893
12131438
0
9070292
0
0
144517
0
0
10556087
0
26016
0
6420224
5834112
4212533
0
0
0
6268696
0
0
6344307
8444727
13046371
0
0
8951943
12602518
13124852
0
11330053
7214489
5008827
6896724
151220
0
0
4384233
9056671
0
0
0
12502400
8489459
0
0
13006026
5060384
6439476
8584612
0
12491902
0
1234898
6675617
5512125
0
5451160
942618
13267445
0
0
0
12952003
0
0
10597845
4693496
12918117
2688737
11109788
0
0
0
0
9655135
13179462
0
13059898
0
7255169
9050183
6754329
0
12511199
11134651
12249917
0
6164058
11300697
0
13256564
0
0
7180667
12727329
0
2803380
0
0
4492994
5040913
0
0
11396991
0
7442588
0
0
13150126
7469708
0
0
0
0
0
0
677377
0
0
10845828
4383171
0
12034269
7812595
3716323
0
9641540
0
5863794
12304361
0
0
11964802
0
0
12421643
0
0
13105225
12140910
0
0
11852123
0
3881911
0
11086062
0
7665655
0
13030172
10667857
0
0
12807545
0
0
0
0
9912153
0
0
13212139
11857108
12203329
4525413
1515589
11332592
0
0
0
0
0
1150000
0
12363255
12745042
1758527
2289158
0
0
13128046
0
0
0
0
0
8679284
0
10140650
12007575
0
0
12780288
2473886
11622269
3807981
0
3771347
11110584
0
0
0
12387734
0
4288423
10416680
10181951
3080603
992
0
13190624
5327253
0
11301931
13096665
0
2901222
13305229
0
0
0
0
0
1215082
13223303
0
0
0
8465736
0
4281014
0
9176986
13359351
11258501
0
7990970
0
8602017
13104056
4834059
0
705468
12584166
0
0
11814693
0
0
0
0
0
12910081
12482371
10323146
9866694
13311383
0
2345664
12126528
0
0
13353897
0
9025308
942
12636043
0
10233814
12626787
12832651
0
2360423
1780749
13119137
13128197
1024554
0
7395150
11232484
1114755
13307391
0
0
0
0
0
0
0
0
11021299
3509175
11471515
11098072
13224614
4556901
0
0
0
12294499
13354407
0
8808267
0
0
0
0
9446189
3798889
10448349
0
12184375
0
0
2867750
11374171
0
12969790
0
0
0
0
12734982
0
8902592
0
0
9947685
1625110
0
13379395
0
12720570
11138582
0
12376841
0
359811
4030343
0
0
0
0
0
10322611
0
3419214
0
10953366
10979284
3692791
0
9283760
687753
11665931
8958978
11973072
0
0
4053805
11946120
12645257
5268551
1652669
6092514
0
3506456
11957483
0
11817209
3161944
3661270
0
4436243
0
0
4890112
8541213
0
10546013
0
0
0
9640207
0
0
0
0
12369332
13337315
0
0
3837710
0
0
6471839
9495927
0
0
4179638
0
852870
0
5842867
12850341
12320374
3716
0
4964501
13176778
0
0
0
1276272
6101354
5933
0
4061123
8148371
11327242
1380035
0
0
0
11950501
0
0
9242962
0
4078322
1512173
0
0
10836692
2087547
12754208
12957150
0
12512682
120662
0
10657015
13169302
0
13383185
33629
209
247
916599
10600261
604578
11364033
12055345
0
0
0
13239881
0
12997998
12241023
13222702
12218575
2464103
0
0
0
33823
0
0
4135199
12110064
0
9752130
11696440
0
7695801
8996566
0
0
0
0
0
0
0
0
13257128
11386064
13396268
9190100
13186897
883365
0
7895194
0
324669
7960217
7620512
11580207
0
0
0
7195106
136880
10126213
13215953
0
0
5791965
11823928
12728840
10269328
6047510
0
10343489
0
0
0
0
1316115
0
8383559
0
991554
0
7792034
0
0
0
0
6224101
689307
13293454
8995005
13408875
3880447
0
7647366
5173879
12414612
0
12806858
13337294
0
10759449
0
0
0
0
6677860
0
13240864
0
0
657
12394249
0
0
0
0
6107763
0
0
0
0
12808489
8152152
0
0
13095873
0
4326034
10323218
0
7798859
0
0
0
0
11338753
0
0
0
0
2725165
11594661
13438902
0
12770690
1388500
12634493
0
0
0
0
9136328
3355193
140750
10211969
0
11618408
11216352
65171
0
7474922
10817354
4217121
11707932
648208
0
0
0
0
7510565
0
0
0
0
0
10388865
0
0
0
0
9800094
13117358
0
12367546
2730578
0
12315444
0
0
12769927
6902565
8553984
3079707
0
12966537
7948046
0
0
0
12669060
0
0
0
0
9695176
0
458293
0
0
12179470
3828525
0
0
6155212
12890883
0
0
13435122
1080019
0
11640631
0
0
6079634
3920370
0
10807392
0
0
0
6713023
12779376
13436811
463
0
0
11603211
12043425
0
0
0
0
5592204
0
0
2325827
12087644
11535298
0
0
0
0
12877967
9960844
0
0
12310738
13247742
0
0
13322531
6128610
13314583
13225053
13288760
0
0
0
0
0
6205734
0
0
5032171
12645761
0
0
0
6577991
3360428
0
8009186
0
11353324
12622345
0
0
0
0
4256135
8276167
0
0
6958085
0
12867108
8519862
0
7595356
11049957
9776231
0
0
0
0
2964447
0
11333447
0
13022032
13025388
0
0
10764154
11549777
12398664
0
11913490
0
1130287
0
6355842
0
12073068
1273781
0
12216221
0
0
12633771
0
5003805
0
0
5936869
0
11126363
0
0
0
0
0
12615047
5023723
11661258
0
9333258
11771524
3398478
10389568
0
478188
0
0
10071528
1487869
13135305
12769285
5385724
7131043
2300398
0
0
10106886
5906650
0
13129946
13431958
13340808
9905448
10500692
2923890
2467336
0
10958452
9135257
0
0
0
0
0
0
3725981
0
0
0
9688579
0
12258996
0
0
0
4664285
4188866
0
0
7290018
0
2471179
8815663
0
2000398
0
0
2813029
7600033
0
12134807
0
0
0
5501657
6064451
11859630
13123605
9274840
13372326
0
536621
0
0
12014885
13173353
0
0
0
10074575
0
0
0
13140024
0
0
0
0
4678878
11146053
0
0
0
6760422
4603185
0
1172837
0
8938009
0
0
0
13383504
12755850
0
13439926
6672625
0
0
0
0
12665506
11961212
0
0
13437980
4957009
5235521
0
0
11065881
0
3518290
0
0
12826005
0
5245910
0
12181332
0
0
13064021
3593321
0
8761495
0
0
0
0
155566
0
11559726
0
0
0
0
9349786
0
11334366
0
7147550
0
0
8948874
11722496
0
0
12031464
10102147
13281842
10531865
0
0
0
0
507050
0
6530104
0
9779416
0
10932469
1817625
12960150
0
0
8456114
5278028
0
9343273
0
0
10700914
0
0
620166
0
3945295
0
13391803
0
5321242
0
9315285
4486717
0
0
0
0
10229148
6242675
0
0
0
11294453
8091640
0
10283099
12987100
4912658
11527640
12492763
0
11670090
0
0
3632571
10344957
0
0
10385825
0
10609225
0
0
13377360
0
0
2037251
10359774
3248310
0
11293130
13022352
8513276
0
0
0
7797676
13377580
0
0
0
13543814
0
9640986
819907
0
0
6189706
4468921
10972693
0
5010178
13129031
12666079
0
13491064
0
13550381
0
13016295
0
0
13010597
0
0
2079629
0
0
0
10472636
0
6721369
13422613
3010989
0
0
13437368
8750443
10357117
1117675
13358199
294119
0
0
10377583
0
0
0
11745096
13227791
209735
0
0
1502716
0
13221621
5692642
0
0
0
0
9961027
13422732
10804712
11251785
3906779
7709884
0
0
8860129
0
0
0
0
12834364
7286493
7269921
6685618
12986315
0
0
0
0
6810588
0
0
0
0
11686080
12213261
0
0
9362112
13318205
0
0
13536832
8411737
11427751
13165853
0
0
9313952
10504338
6140860
0
0
0
2488431
6372961
0
2534598
0
0
2226917
0
0
0
4523595
8399535
0
12302480
0
1902583
0
5610274
0
0
3934247
10817548
12993771
0
0
0
0
0
0
0
0
0
4043098
0
0
0
0
9818504
9355850
12076716
0
2753036
3482899
0
0
0
5625101
0
11209101
0
13237230
1529432
0
0
905289
8331847
0
0
4547198
13492980
0
8412368
12359599
11152668
0
0
0
6109957
0
0
2026402
0
0
0
0
422
0
11876860
0
0
0
12597473
0
0
0
352924
8881088
0
2962656
2284826
0
0
1378773
0
13382794
0
0
0
0
0
657812
1435722
1078513
0
10109413
11608829
0
0
6732699
0
159573
9921867
10652840
0
0
7743256
0
176955
0
0
10467048
0
10981981
0
9412141
0
0
2289326
0
3977662
1946155
0
3322009
7899676
8297398
12216772
11041682
0
0
0
0
0
9912536
3736918
0
6850536
0
0
0
5941004
0
0
4541229
0
12698499
9714307
4260792
0
5706138
0
0
0
0
2570031
0
0
0
0
0
11910051
0
5450848
12860030
7730332
0
0
0
0
0
0
9324809
0
0
12920178
6661328
0
0
654
0
0
0
11809845
9621697
5782374
2093945
2775673
12947835
0
0
0
0
13612990
8184762
703045
0
4891255
12606605
12307209
0
13535378
0
332616
13666694
13333304
0
8429
6183719
7579725
6675727
0
44987
9563106
0
0
4895455
0
0
9341188
0
0
0
0
0
0
0
0
13427703
0
0
0
0
2995223
5991855
13501514
13458286
11049728
13368126
12554622
9741259
10580368
1526324
0
9431800
13145321
13334771
0
0
12490372
0
7581928
12932504
0
6066918
689161
0
12802127
10403344
0
10533128
0
8216696
3789748
0
364936
6683837
11585369
0
0
6342686
0
11798631
0
601336
0
0
0
12736876
12666408
13182163
11709659
9054852
12986118
11093107
0
2880893
0
0
10988001
11024010
0
0
0
12744267
0
708453
0
12204274
0
13034753
13651686
4212544
0
9639434
5657975
0
12449007
0
7588374
12049335
511113
0
0
12131679
0
10378704
0
0
1322401
4652236
2437614
7787479
0
13367156
0
0
0
13216277
8045196
9606789
0
0
0
0
0
13128319
13222801
6051981
0
0
6378056
0
0
0
0
0
4313638
0
0
0
0
13090470
0
0
12680936
0
12675827
13674808
0
10012619
11246708
6150200
0
0
8015316
9699171
8090001
13407543
0
9023250
0
13434425
7030688
0
0
7188624
0
0
0
0
5172921
10414108
0
9272884
771599
0
0
5652073
0
0
0
3417215
1380290
0
10507581
0
10964443
0
0
1253060
0
0
0
4285710
2229570
5201290
13619081
0
7606914
0
5057690
0
0
12774227
0
8919640
13476922
0
13425278
4507439
0
0
5522697
0
10708970
9726707
8896050
4520120
12055641
0
9798882
1545040
11475448
0
0
7407869
0
12910903
0
13145031
0
8328742
10609151
0
0
0
6022232
0
11208821
0
0
13688382
0
0
0
12604009
0
0
0
664
10941506
7587238
6392527
0
3515631
6545206
11107757
0
7462437
0
6829331
4748141
11841122
0
0
0
11142906
0
0
13697067
13201833
9829904
0
0
13567481
4217894
6516803
2574865
11091570
0
13100712
13256280
0
0
0
13535209
12766563
0
115461
7566122
130
4888798
4224330
0
0
0
9776722
9741724
0
0
0
0
0
0
0
6579593
13051316
5028308
0
507695
0
13036251
0
9133770
768
0
9171104
0
0
10371964
0
10354719
0
0
1010288
0
0
0
13163123
0
0
0
11848163
0
6908274
0
12650977
0
2125756
0
0
6509697
0
0
3773268
0
12997734
0
11327322
0
6744927
11245708
0
0
0
12316804
0
13225876
12314644
9241711
0
531891
12664958
10458266
2076253
0
0
2658389
0
0
12436060
13587235
1500236
7856292
12904056
10543775
13171435
0
0
0
0
246198
0
8352120
725
8002123
0
0
0
12686695
0
11684629
11256152
0
0
13182715
13037731
13665693
12835901
4476228
0
11049321
13756984
0
0
3899953
13497120
9151503
6671517
13348999
0
0
7894659
11865037
13158383
13147743
13153079
3600934
0
12053810
1457028
12053727
0
1921378
0
7892678
0
0
0
13007960
0
0
1033810
0
10899768
0
0
13560131
0
8312210
9780379
0
6106350
955920
0
13540416
3070121
10543192
0
9981862
0
0
9781449
0
7557121
6311118
9145035
7230943
11084817
4314094
0
12845853
511
12543056
0
13373566
9729702
0
8397582
9923660
0
4491152
468
0
13726009
12434278
1364347
3317534
8345951
0
0
0
0
2749370
3490
0
0
0
0
0
0
0
627
4393268
6829862
0
0
0
718
12314278
13256132
0
9703459
0
7047262
0
9644701
0
13108477
0
11124251
10920824
0
6415487
0
914994
0
2542090
631
6649126
0
334392
0
9997031
10179449
0
13295250
0
0
0
0
7873599
6429320
0
0
10687952
2853707
11930504
11775710
9373586
12543876
13453474
0
10734765
13020508
11329573
0
0
12089321
0
13167497
0
0
0
11350110
226563
0
391569
13769413
3919392
0
0
0
6665535
13020868
0
11795615
0
0
0
0
0
7017243
4653547
0
12275268
0
9699582
12958039
2425473
0
0
9322251
0
13228975
12416641
46676
0
1816690
10730907
0
0
147280
2087315
3791139
0
0
9317438
13158809
7656
12872292
0
12724234
0
10530316
6706156
0
0
0
12787448
7728541
0
11963561
6769610
0
0
811
13432993
0
0
1627791
13111768
9779900
5968442
0
12342172
4188128
0
13240390
3591790
13131120
0
0
0
0
0
0
0
0
7626909
11769166
0
0
0
5454351
13275246
13424301
12564050
10326000
2709600
13566529
8084373
0
0
3006672
0
0
0
0
441719
8059647
12406184
0
0
0
0
0
0
1813076
0
0
605615
0
8832804
0
12360030
0
2638069
8940067
0
0
2552935
512191
11546738
0
0
13660891
0
0
0
0
0
0
0
0
8721463
0
13297209
0
10592424
0
0
1275922
12279715
3314671
11672296
0
4052347
355488
0
428874
13653243
0
13581083
0
0
0
5718082
379802
0
8918925
0
13432329
13726686
10730693
13607036
0
7299921
700691
0
8017984
0
0
4526664
0
0
0
0
0
12737719
0
9598011
0
0
0
13813752
0
13814652
10386732
0
12925213
0
13113276
0
1380481
0
0
0
12982881
1257721
0
0
9256885
4611716
0
5138939
12056265
0
0
12324487
0
11070603
8981802
2952934
13850884
0
0
0
9516753
0
301374
8692610
3215440
0
12916825
5819619
0
9632195
0
8699012
0
0
6364718
0
13717552
3049348
0
0
0
0
4190823
10064829
0
0
12364648
0
2551884
7251361
13553359
0
10908543
13557835
13700259
7078706
12051643
0
4196005
1127057
13786721
11449718
2696316
0
12750263
0
11653482
0
0
6179916
0
0
0
7758336
1132088
0
0
0
0
0
13705571
0
0
10134999
0
0
0
0
0
0
0
0
7105672
7360009
0
13712267
0
1037693
7561166
3988718
0
0
0
0
0
3188893
7173021
8359065
4748789
6109477
10988955
0
9445513
11866691
13425718
0
0
11451125
0
0
0
0
0
0
5948878
0
12959044
0
0
12623912
13410676
767171
189554
0
0
12566267
0
0
0
10567170
0
8337761
4146991
0
11894488
0
11915978
6895611
0
0
0
0
11414735
0
10888132
13886275
77570
10730930
8884981
0
0
12730966
0
0
0
3659673
11973670
0
0
0
3812967
0
0
0
0
0
0
0
0
1487200
13611344
0
0
7630883
0
9663384
12198421
424405
9317422
0
153303
0
12788416
0
0
0
8485367
0
0
13870602
0
0
6880558
7138520
12641457
3044622
4150739
12565640
4200806
0
13345832
10298339
61346
13161807
12541099
3102628
0
5657086
10215807
0
7695284
13154048
2218934
0
0
4918490
1484078
1387996
0
5625029
0
13500110
1916984
0
13323348
361
5592406
0
11548157
6811203
0
0
12514347
11423181
0
0
12205934
12656509
2754028
12891271
0
0
671603
13812564
0
11070326
0
0
8960083
12691149
0
6516688
0
0
0
0
5404159
8232357
8556637
12029830
9003382
8551773
8982848
0
0
0
12256672
0
0
0
8792391
0
2207544
0
0
13281620
0
13627702
13327019
13106883
9032776
0
0
0
13684549
2748105
0
0
3546260
12202665
13750149
8839631
10841741
12050789
5312318
0
11672058
12510872
0
10129625
10889885
0
13793821
0
0
6916928
0
0
12248184
11686152
850799
2116888
4110160
3548729
13217649
0
12511947
13259608
0
0
0
0
0
0
10804431
10071802
0
7317165
0
12245489
0
0
1068711
121
8872056
0
5226171
0
10345337
0
9951201
0
0
328978
11330367
12696904
10601829
0
0
0
6435713
9329188
0
11151448
0
0
5947832
0
10946038
2580129
13413832
0
0
0
0
5784226
0
0
0
7494379
13942532
0
0
6425877
1209616
0
0
0
0
11066348
13897552
4744729
9660918
10624187
0
6086587
12337940
0
0
0
0
0
4519791
0
13767471
0
0
12408170
0
0
0
2499994
0
2831655
2367839
10135702
11574375
0
0
8253165
0
0
0
13944366
7246762
2322874
0
12922450
0
4692693
13218156
8162041
0
0
11395390
0
0
0
13573313
0
10086549
11472237
4723905
0
12048087
0
10644204
13680214
0
9329382
0
0
0
6991452
4891280
73
10062439
1266929
1389188
13219729
12392974
13533940
13680627
11474808
12047918
13337375
13732092
4464139
0
0
0
13496271
0
0
0
12220927
0
0
0
10353592
0
0
0
0
0
0
4076100
13807532
7197965
10093437
0
7130439
0
12641894
1087003
3517836
11304061
8225588
0
13061375
11772114
2253439
6918581
10714843
0
0
7938024
13684740
0
9705346
0
5976527
942342
0
0
312
4767889
0
0
0
9846957
0
10575353
13414245
0
13465796
1648339
13519045
4516590
13525271
5457190
12050638
0
13211129
5587498
0
0
11472944
13873844
0
13138532
0
5998686
2916501
10822203
0
13453127
0
0
3827366
793643
0
0
900
0
8119627
0
8392411
0
13236988
1624130
0
11189616
0
0
11084948
13094090
0
12925750
0
0
0
8283562
12565768
13925178
9692699
0
0
12574875
0
0
13129766
0
5107003
8189840
0
13176233
0
0
733966
8859851
10153709
0
8344377
2967534
12133731
0
0
0
1593011
608338
13162933
3204465
2948142
13410104
0
13100226
0
0
11126100
8379050
13236650
8711870
7982147
0
12244093
0
0
0
8532327
0
1009981
10578682
0
0
0
11070297
390396
13592353
2344797
0
13927012
0
0
4900727
0
13721638
0
9883732
0
0
12540577
0
4742122
0
10823413
8255976
0
0
13820315
0
0
0
7913191
0
0
0
6163342
0
9325786
0
13310171
1108417
0
4076100
2399602
0
0
0
11554249
8844985
6513653
2156542
0
6528685
0
0
0
0
0
6937153
0
12243448
0
13143090
0
0
0
13481522
0
791212
0
13142671
0
0
0
0
0
0
12232564
0
0
13690361
0
11110664
0
0
10215024
0
8750089
11866336
5403119
0
0
0
7430187
0
3469224
12141130
0
11659592
0
10683915
0
13948549
13738015
10578842
0
12911995
0
13965498
0
0
0
0
13719693
0
802378
0
13729566
0
0
2866912
10137995
159373
11780622
9191507
13833496
12758108
0
12073108
0
0
1746851
0
2341018
0
0
0
12246618
0
0
0
0
0
14015968
12590973
4414800
9902106
0
0
0
0
13181336
0
13310624
0
0
0
10228516
13890559
6514621
0
0
0
0
0
12192272
9872440
4753038
0
0
3656093
0
0
2523848
0
0
13698650
0
0
8460697
0
0
4626521
0
0
11557277
0
0
11549244
13426883
0
0
12366790
0
14018396
3052770
5610670
0
10422156
0
5228466
12810509
12233761
0
0
0
931
0
12899714
6493935
11908803
9417238
12162327
0
0
10763002
0
4646527
0
13648351
12248171
0
0
2931608
4487160
0
197952
14010782
12668903
0
12325770
13537636
13870674
13069309
0
11963863
13154169
2521804
11221946
11988028
0
0
8311520
37
0
0
12927475
0
10608742
11863662
13200644
13176884
0
0
6939331
12249996
13996570
485
0
12516135
0
2110863
0
13838190
10096642
13150149
0
0
13871569
1080387
0
0
0
2917523
1929516
0
0
5934879
0
13568756
0
0
0
2424853
7369316
0
0
6536419
0
7255739
1221620
0
0
0
13567613
0
0
14051130
13993852
0
0
0
6204201
0
11610712
8625577
0
784314
0
0
1528076
0
2531647
0
0
931295
0
0
0
0
4889143
2855356
0
710570
6498496
0
1956242
4773122
0
0
0
0
0
13475087
181
10061305
5033394
0
0
13639044
8228806
0
0
12741195
6491796
11381882
0
5550656
10911849
569189
0
3815018
0
0
0
12270643
0
10367313
0
14034418
0
0
0
6441202
0
0
0
12381832
8717874
0
7847565
0
9544964
0
0
5509332
0
687555
0
2305832
12897976
10915408
0
0
0
12189833
0
46
0
0
0
0
0
0
14086472
13395794
13943230
9131356
0
9485132
10763979
14108219
0
0
10643276
624
13809917
0
10960713
3014318
12686302
0
0
3373385
0
0
5445877
0
0
0
997963
0
0
2422928
0
0
9952779
0
9269740
0
0
8255527
0
0
0
0
13149072
9859752
0
0
85364
0
0
0
0
12712602
8576979
0
0
0
0
0
13697950
9524728
176890
13257225
0
0
14074159
6326497
0
8717274
0
0
0
12822238
0
0
171107
9581849
12281968
13916151
14121504
0
0
10259136
13171142
738014
0
0
7107516
2101069
13732493
0
0
10233664
13096333
12853774
0
13154941
0
9727046
13988203
0
12288078
0
0
826702
2090804
0
0
0
13508521
0
8256417
13550702
0
11977562
0
0
8565937
0
13599115
0
0
3362408
9418964
0
9557432
4754288
10736324
10557445
0
8923479
0
0
7454945
7432102
0
14041619
0
535542
2381557
0
5732926
3391197
0
10814801
106284
0
0
8458870
12306414
11699539
0
0
1920953
594631
0
0
13743781
0
11624949
0
2601829
7842221
0
0
0
0
8496938
8225281
0
93789
6018025
0
6505703
13735195
9316909
0
0
0
11355195
0
12657303
3562229
0
9143649
308
11471724
5566566
0
1124830
13844310
0
13865349
0
0
8163172
0
0
9419394
3993272
0
0
9157642
0
0
0
0
0
0
0
0
1456006
0
0
5853610
13490673
0
0
8095287
0
1038829
6913973
0
14000469
1880979
8693270
6813734
0
9450928
0
0
622
456651
3307141
13636650
0
10304586
13444695
9428427
0
2116419
0
0
9821935
0
2801401
12712018
0
9908028
0
7621151
0
4190697
0
0
1840859
0
0
0
13935019
0
0
12190012
0
1355501
12272600
0
12294345
0
0
370748
0
13913862
11936007
3789303
12037716
538
0
0
0
0
796
13258078
0
0
0
2048116
0
9480402
8035348
8480215
2225938
7776359
4633565
11245164
3908414
0
2442883
0
13971939
5672720
0
0
0
502
12496169
10231261
0
0
0
3896907
11264717
10971127
1895176
0
0
13366778
10119656
0
3548368
0
0
13930469
0
0
8967979
6103327
14179526
0
4542923
0
10737193
0
0
11095169
0
12799006
0
11393082
0
0
0
0
0
0
13075339
0
0
9992870
13360244
11796002
13846671
13255061
0
0
0
0
13558685
0
12689250
0
0
0
8878305
9496160
0
9420552
0
9988378
0
0
11146377
0
0
0
0
715783
13100800
11612253
10019052
31921
811763
2336163
182418
0
0
0
9402257
7337338
0
9639387
3660255
0
32
0
0
0
6524376
0
7412469
683860
5962802
9655175
3678176
14075050
0
0
2862494
12548817
0
11727342
0
0
11665092
0
10888462
12316536
13957381
0
0
0
11420690
13658841
8675055
0
8290203
0
1094138
0
0
14168862
1150248
13917130
0
13191035
0
0
0
0
5439180
1570224
14197278
2866742
0
8892712
13180200
10584895
8804814
13708664
5642261
13751439
0
0
13291452
8624412
13641079
0
11897606
12940133
14076649
0
2606624
14049470
5723840
0
9740782
0
14150214
0
12852667
0
10580373
3204975
10804877
0
0
0
6057397
0
0
11313542
0
10530109
9661374
0
12587713
0
13797151
0
10186270
823717
11971965
0
0
0
0
0
0
0
9704952
14038243
0
872311
0
13799858
0
14103259
0
11327284
0
0
0
1355519
2094955
10596280
13848110
4921595
11090437
417
10325341
498
9670419
0
11810040
0
0
0
14178915
0
9231239
0
0
0
0
311143
0
13842586
7260626
0
0
0
13467964
9917111
0
13712054
0
1984794
0
2543304
0
13939582
13267004
11908930
14183776
0
0
0
0
0
13118976
1087781
0
8726549
10375
0
9710681
1134704
0
10926722
0
10139304
0
9358624
12938006
0
1008506
4756531
13150557
0
605276
13426179
0
651420
13929015
5471983
0
0
8540907
0
0
4957395
0
0
0
9014316
0
883
0
0
0
13063443
13766028
10856275
0
5149431
0
0
4035120
0
5274828
5442156
10167497
0
0
0
0
0
0
13720746
14040923
1405065
0
0
13069647
13691007
8641380
550
0
14039566
11207740
12828482
8657339
0
0
0
12201090
0
12257365
0
10981981
0
11183997
4985277
0
412427
7785801
645
5707333
1809807
0
12732096
0
12196333
9523576
0
0
0
0
13547677
0
12850458
3492054
0
5976307
0
0
3856561
12978879
13545684
0
9815334
10752149
0
0
14224610
0
6770966
11423858
3597644
0
0
9156881
916672
0
2725800
12646383
0
0
0
7445455
10996721
0
12663016
13830501
0
0
5318215
13198964
6808175
13831365
0
2959144
11629018
0
0
9051568
0
80
473202
6991628
0
0
0
0
0
0
12212892
4311073
0
1816097
0
0
13533897
0
13770310
0
13474006
7197768
0
0
0
0
0
12714869
0
3601000
0
0
0
0
1754692
0
0
13311523
0
8542795
0
0
11901506
198
12433338
9673823
0
12486493
0
0
0
0
14061130
13030396
11572640
0
1352205
10957862
4390709
1066792
3541108
12671104
11345581
13692945
1061995
0
2631084
12714434
8276031
11634507
14208312
0
10153757
10467420
0
0
10353065
0
0
3036238
0
5006629
0
12511326
9786135
966
0
0
0
0
9785682
8882801
8816532
11871782
12578434
0
7763
0
11038488
9489442
12510847
5111785
0
0
0
3465419
0
0
0
0
8539262
0
0
13180152
9011591
12054681
14188544
0
1024752
0
0
13114477
5421857
4943755
0
2442079
0
0
0
0
0
0
0
11903721
1753108
8269418
0
2010851
13080344
0
3095547
0
5081654
750
6071640
3705931
0
7022833
0
0
0
13148629
0
13614651
12382871
6538984
0
13998505
0
0
10530757
0
0
0
0
0
13927587
12214893
12126897
9696375
11789983
0
8217459
100121
0
11693741
10666049
10527248
4871841
12815545
3476405
8882698
479
13163074
0
12794558
0
10068136
0
12989824
0
13804272
0
11214650
0
0
3607723
6222286
0
13997274
7212375
0
13586360
11138381
10434722
13991295
0
0
3694465
0
0
526046
0
12679964
5970429
11690292
0
0
0
115621
7201082
0
0
12445556
0
5081317
11693427
0
0
0
0
0
0
13697329
0
0
0
0
0
0
12132605
0
1249749
0
0
0
0
0
0
0
13978547
0
0
9735986
0
0
10675330
0
5103698
0
1437003
757113
0
0
9403841
0
12990699
0
0
12973074
0
0
0
0
11193745
0
0
14026778
11678697
0
0
3168835
0
1442138
0
0
14222090
13743093
14065576
0
13678718
0
6675894
0
0
9929593
13963302
0
13471397
14163403
0
0
259929
0
0
0
4213337
10359912
14330461
5249851
0
0
11090959
0
1659976
1017274
12320320
0
703172
12677030
0
0
2302495
2030645
0
13050956
13060687
0
0
6066862
13085284
12656644
0
14023306
0
6541973
9426328
0
2206038
13491516
4132704
13054809
3972268
0
12406270
0
0
13160561
0
0
11799196
14115137
14236900
8059468
13573911
0
11541159
14321989
13120759
10993246
13060042
8256181
7403112
0
0
0
0
0
0
0
12386226
5167156
0
11893978
0
13772308
0
2496544
6480238
4014904
10519463
0
0
0
0
14185497
0
0
9825681
12729259
12024125
9145313
13703735
10018254
0
0
12652098
0
0
7687011
8432318
0
0
0
0
13857192
0
9483899
11965291
14197988
4238468
3438
11811694
0
0
6677618
0
12349473
1410316
2403359
5434501
0
0
9681540
5238233
0
4446794
0
6680837
5129200
0
12690517
6096338
200918
5756873
0
6422754
0
0
0
13692300
14123045
0
0
0
0
13809147
0
0
0
0
0
6900224
0
464413
0
0
0
0
0
0
10451889
8476417
0
0
0
11490373
9894482
13514371
524606
0
0
0
12388051
0
0
3124113
0
6899008
0
2965099
0
0
0
0
9643645
0
0
14341691
425259
4468255
12709795
0
0
12891969
0
13877908
0
12312805
0
13559883
0
0
8188681
0
1013437
0
0
0
0
0
1768130
0
0
0
14369209
8418061
0
0
0
0
40979
0
12538058
5990625
13308607
0
855
5277650
0
14243738
1370664
11008980
0
13716795
14046442
7018594
11810945
5009313
1885
0
0
0
8204417
9611679
13804489
9576702
0
6985151
10969208
2318323
0
14262424
0
12432850
5701626
0
0
0
0
14173140
13107238
0
10301106
8436427
0
12901213
0
0
0
0
0
0
3204350
0
11360448
11171157
12992887
0
1947348
0
14253262
0
0
0
14056910
6735028
0
0
4741678
14214586
0
0
1019232
7741385
0
14323399
4007191
12822506
14264067
0
13722058
14435168
0
0
0
0
0
0
3296200
2969970
0
0
2865663
11486091
12671917
0
895761
0
13256789
0
2138487
14073880
0
10719020
9922213
0
8980984
0
13701730
11861541
0
0
0
12676923
0
0
8766699
6719871
12650277
0
0
0
14413572
0
8836506
0
12902663
4525818
0
3000126
0
0
0
6981625
0
13511200
0
11422510
13717749
44706
1856462
13994261
0
0
0
11496829
1141272
13131626
0
14226294
9583600
13309067
0
0
2584323
0
0
14382334
14290887
10392650
0
0
13417157
7488313
2116888
0
1950091
0
0
13758982
13785430
0
0
14046959
7384897
12873363
0
0
0
7748217
12901515
0
0
8562395
8351652
9139743
0
2627342
0
0
7602
14435971
8211717
7090128
0
14281636
13707986
0
0
14237694
0
0
2815703
4697634
0
10776080
0
9691233
11968258
0
1014065
2773652
0
10522154
2563337
12082786
0
14466973
0
0
0
0
0
0
10663797
0
426595
0
12754341
0
0
0
10220631
0
0
0
0
0
0
0
7981958
4815109
0
13991726
0
0
0
6056124
0
13714672
0
0
14377913
0
12334737
6847028
0
13850266
0
1421368
7428506
0
12528633
2296108
0
0
13407570
0
14108640
0
0
7273072
0
0
0
0
0
0
9646632
6603964
7250467
14214720
0
0
0
13868590
11067676
10373947
7110823
7985535
0
11171569
0
14348275
7503406
0
2333545
2766530
0
0
0
14415890
0
14426585
834091
13524339
0
11854564
14294553
13069646
0
14469418
13591455
13230693
13594935
5289635
7117593
0
0
14179803
10563292
0
0
0
13941109
0
3014098
3723437
9793739
0
0
7288015
1604758
0
0
0
1818667
0
6607270
0
0
1059371
14432253
3248999
13306701
0
0
0
9771064
14446367
0
0
11839921
5716431
3805217
0
660914
9100422
0
0
4277835
3652714
0
6249761
14448379
0
0
6321549
0
7265309
4990171
14020794
10683925
11516374
0
0
0
8161030
0
11144945
0
466510
11367911
0
0
14430894
14370507
0
0
9122945
63
11913013
0
0
11541030
5190481
12352327
0
0
12552828
0
6233573
0
12402469
0
0
0
6541620
3703677
7859142
12466623
12975311
0
13346422
12832446
0
0
0
0
0
1026438
9003761
0
1832323
12310127
5419557
0
12330318
1278352
11238799
0
10448651
0
487663
11817024
4827206
9125441
0
0
10746346
0
11677181
14070132
10334710
0
0
0
12919222
0
0
10880668
5925426
6597212
0
97814
4234144
393561
0
13396784
2573236
4640367
12924278
12024922
0
11333969
0
0
0
7520618
1127689
0
9774949
5988432
204
0
11556867
0
14284381
0
0
8186892
0
0
0
0
0
13745804
10048345
9159984
0
0
0
10049296
13117501
10859189
7831355
0
0
0
0
0
0
0
2999466
5353109
0
8554775
0
0
14446563
2796937
0
0
14508034
13808365
0
0
14367419
3677845
0
0
0
0
273754
0
14309906
0
12844707
2585742
4097036
0
0
13735971
0
0
13064441
3786419
0
0
11273790
0
0
12382608
11717474
0
8753838
14350675
0
14447979
0
0
13591423
0
13721649
0
11667634
13440089
0
41
13469032
0
0
12392884
0
0
9289832
1187096
0
0
0
0
7103024
0
0
0
1147429
0
6157708
0
0
0
8055773
0
9315122
0
321
13442237
12585335
13998699
0
350
14145189
5445009
12655257
0
11797786
0
7831562
0
0
0
0
14534505
0
0
14447911
0
13923917
0
11156478
1420458
0
0
10671585
10981382
0
0
0
0
0
12473645
6778244
0
0
9160065
0
6237911
0
0
0
0
14055958
0
1316908
0
0
561
14321607
0
10350804
14439628
14430146
0
0
0
2918290
0
9076290
0
0
14310681
0
14443641
0
0
0
7440772
8298167
14193802
61295
0
4865740
7072720
417001
14422116
0
11417556
0
0
10284230
4771838
2899953
0
14283450
1595502
0
497006
0
4068556
0
0
12329651
0
11295048
14529782
0
0
0
9976056
0
0
0
0
0
0
12300827
14362886
13829769
10188611
0
9167790
12141084
17213
13262169
13798929
7691404
5729626
0
0
0
14539425
4127962
0
0
0
13129491
0
0
0
7999804
44464
0
368564
10660021
4855306
0
9819154
0
10029079
11565087
13114813
13322435
13367675
0
0
245962
8920526
0
0
12023602
7226573
0
0
0
14319802
2795116
7370442
2625697
3666450
0
14215392
14426164
12801905
0
5221735
7366132
2010397
0
13925071
12727354
0
13804367
13922012
13130807
0
0
4373875
0
2001548
13113541
2901984
0
0
0
12120109
12359396
2057437
12984442
0
1396561
13592442
13121634
0
11928943
0
13912486
12865011
1326186
0
0
13893714
14400520
9041226
12985321
6150219
0
0
5520382
14171299
11395499
0
12924799
0
8160432
0
11028176
0
11103112
8907511
0
0
10377970
0
0
13089285
12107904
0
11792697
13064643
8273809
5445492
7548523
9546414
11778259
0
0
1511028
0
14154999
0
5771537
9679086
616603
6054391
0
11816114
6823687
6384864
10373202
14452127
14105539
0
13135394
887
0
642754
0
11051354
0
1652206
12076303
0
0
0
0
0
1632183
6153963
2179309
237310
7685774
14326800
0
7710079
0
0
9100944
0
14426345
12612800
11869739
6854898
13753692
8263372
3444016
0
12476947
0
3085735
0
112275
9214743
12471518
0
6156429
9748160
5450875
0
0
8719558
10654333
0
3227861
12993907
1884802
12695530
14496759
0
0
13134430
14147994
0
0
0
6398666
14364738
0
0
0
10055893
14500864
406395
12969802
4413086
2454838
0
9597355
2474002
0
0
14303338
12925740
12430555
0
0
0
9459880
0
0
365289
0
0
7038126
0
0
12893879
2083726
0
8677570
0
0
4071485
0
7403622
0
0
0
0
0
0
0
0
0
0
0
6819519
13061770
6334899
10072131
12740741
14651830
11710794
7689213
14414219
0
145
14047103
11066807
447
0
257783
8231737
9681644
0
8026318
0
0
0
0
0
5639295
0
0
565188
10792963
9805974
0
14524089
0
1133710
3110675
1177561
0
8051791
1180979
7375981
0
12201170
11679954
12921610
12263406
0
3613034
0
10385033
437595
3796615
8365347
6093841
3044159
0
0
12254513
0
3966995
14556663
0
12106416
14675623
0
0
14037031
11326583
10849362
12137020
0
473272
13123268
5112901
0
3147033
0
12839287
1798141
0
0
14635713
4290848
2379934
14214745
0
0
14619579
8558574
0
0
14374403
12404223
0
0
8089611
1445422
0
0
11462689
13664925
12839287
0
14643122
6867027
0
12096923
0
0
0
11486586
0
13198184
0
0
0
0
9123409
0
0
14116936
0
693074
0
0
0
598351
0
0
14716532
14658
12146981
10862905
8061030
14443627
0
8480614
12035266
4518806
0
12563775
0
14052596
2620736
643289
0
0
0
13931061
8771225
11986733
0
0
0
12759596
6985779
0
0
13725831
4077298
6660160
0
14674508
8936328
0
0
660724
0
0
0
14104976
0
0
0
0
0
10710366
0
0
13124172
12526541
9162649
12822921
0
0
5202934
0
0
6867027
7110867
12303044
0
8415355
13757286
3157513
0
0
0
1372609
0
0
2525259
12962616
0
13278316
0
14071467
12515791
204769
12612093
0
0
12765318
14579285
0
0
0
0
11420832
2409088
7350551
6924443
9901590
0
0
7067108
0
139
0
0
265121
13101712
0
7590176
311982
0
13370704
8050271
0
0
4520399
0
5616019
12270496
4828124
0
13864905
13600344
13827498
0
0
11980910
0
0
50457
0
0
4428008
0
0
0
5473304
14703357
0
0
0
0
12492083
0
2981417
9478524
7356601
0
0
0
6939850
9689283
0
0
0
11161731
0
9391360
0
0
14031350
0
6167688
11921122
4717168
7999595
0
0
14711560
8990021
0
14008119
4586645
0
0
0
0
0
9687917
6880633
12973849
0
0
14060187
0
4409258
0
0
10977272
0
0
0
13965809
2410410
0
14610228
0
0
0
4351950
5388248
14570491
10239114
11202342
0
0
0
7442301
0
8112480
14731240
197961
0
0
14722261
0
0
0
2925096
7345163
14273239
1671981
13705911
0
14485697
0
4255986
14578387
0
0
0
0
0
11990624
1547788
0
0
0
3607972
3135003
11183765
0
9932316
11756436
0
14386013
10957151
0
0
12077626
11691705
0
14305110
13563710
6295130
13476122
0
0
2350374
0
12239135
0
11893234
14166936
12862437
24634
14531497
0
12380879
10527571
13332728
14363876
9559121
0
0
14162304
14037730
11392451
0
12818125
0
11937510
7383142
0
14007309
0
11801411
5125730
12098469
6500186
0
12801671
13227340
12550475
0
0
5471144
79595
10066860
12800719
12607369
10245906
14428839
12203583
0
4945014
12593925
10108810
0
10032437
14701121
0
14754956
12067233
2180482
12605199
7510574
6566282
14414507
12481715
0
0
0
0
13503018
6585489
0
11281284
12461732
12567071
0
7376750
702150
6259720
9022706
5848454
0
0
0
0
0
0
8532825
0
10731876
10930571
0
0
12034580
0
0
0
0
12665043
0
12308541
0
0
0
9111812
0
1555939
9462240
0
9697954
5713834
8791619
12875828
0
8524190
7441789
10012532
10497516
14540695
0
6975001
0
0
12107139
13493264
11085389
12034269
13035479
0
14648049
0
1922928
0
3045520
13739494
0
0
0
710347
1470130
13614610
12470317
0
9025496
834815
0
0
0
0
4495849
0
0
4376966
14790219
5114222
0
12576718
0
0
14427766
0
9151163
193463
0
4127429
14699465
0
188065
2687031
0
0
0
6816951
0
0
13847879
0
5527335
14194584
10867903
0
8194708
0
0
6589588
14323583
5319342
0
860245
0
0
7197500
14639026
13181616
0
0
14104367
254061
0
0
0
4020105
0
10532459
14753582
13700775
9112355
3772151
6627846
0
0
14114883
3391033
0
12595144
5744116
0
0
8478217
0
0
4369781
11246680
3540234
0
6539848
8707064
4433822
8377606
0
11741831
695604
12153623
12139807
12986644
0
10304428
12591995
7615316
0
0
9551270
9201126
0
12031303
0
7972037
0
0
0
7345132
6014179
14781762
0
8735473
1055688
0
0
0
0
0
3538395
0
0
5403371
0
0
0
0
0
0
0
14691241
2495941
0
0
14644608
11910619
11777400
12345423
10267122
12572053
9582579
13147782
0
0
13029274
4910345
14335560
0
11783937
2964586
0
14665002
7199714
0
7390790
8097872
0
0
14342550
5345062
14385222
0
14074374
0
5033135
0
0
10091243
0
14202759
3769019
5647693
0
9889069
11231743
4547706
13235378
8805587
0
0
2326381
14784202
3106073
12192295
13229925
0
0
13303595
14401862
0
0
0
0
6598004
0
14802313
0
0
14843552
0
0
0
0
0
3854894
11513949
0
0
0
0
13710696
0
0
0
8964616
9602536
12806968
0
2268305
10636841
14129372
8405800
0
0
13746253
14002219
7576965
14535791
0
5785191
0
11606570
14544223
0
0
0
13307220
0
0
14737203
0
0
0
0
0
7201847
0
0
0
0
0
0
0
9626486
11733324
0
14899593
10550083
0
14533464
14618999
8680437
0
6979780
13323348
0
7764264
13995973
0
0
0
9276308
0
1549475
0
14092149
0
0
14222235
0
0
3820019
0
0
10958041
14739754
0
0
4793783
0
8417881
11942070
5721088
0
1234068
14684862
12467718
12402923
0
13603161
11276508
0
0
12605419
6577182
0
12769907
0
10924787
13695153
1229138
1074714
14752385
14673923
0
0
0
0
14423268
0
0
0
10431350
0
0
10867639
5534865
709259
1934694
0
0
14363152
11095010
0
0
3202665
8994947
13060739
0
0
0
0
0
12885296
0
8337107
1199467
0
0
0
6517924
8989624
0
9340827
0
0
0
3339645
12300538
12975818
0
0
805
12856676
0
0
11199045
2531121
5753215
0
6320690
9440500
0
13913620
0
0
13056613
0
0
1830874
0
0
1302048
3891259
3487335
0
0
3645089
0
14787791
1610229
0
14069185
0
0
0
0
0
0
0
9583759
14682738
0
0
0
4037550
309260
2286373
0
0
14216151
10027557
0
8307170
0
0
821610
10577768
0
2954121
8093591
0
4859913
584652
0
0
0
10981108
13945822
5442340
1373775
0
12343024
10634
0
14580695
9267403
0
0
0
0
0
8009082
3191248
9109143
12272840
496182
9410733
0
0
1514588
0
0
173701
0
0
0
1044458
0
14800073
0
0
0
5861736
0
0
0
1479281
0
342
6280971
14200164
0
11624430
2356490
6296087
0
0
11736828
0
0
0
0
2775888
0
0
0
5934471
0
13218198
13591464
377
11792359
1802980
0
14185153
0
11221071
0
0
11037716
0
0
0
10228891
0
336192
12984684
14821804
13546263
12252297
0
0
0
14828702
0
4228715
0
0
7828570
5858379
9015960
9629944
14688612
0
0
0
0
0
0
0
0
0
9276514
8810846
7095620
0
0
14801341
4505664
14425093
0
8479934
14314888
7209741
3257040
13399409
0
11707293
0
0
0
0
0
7576025
10564523
8902334
3527079
14082880
10010220
0
1810554
0
0
12190413
22955
0
0
6700834
13399676
3179000
0
11261596
0
5636353
0
2900173
7095165
7863945
0
0
0
14335363
0
11483873
0
0
0
0
0
0
14716784
14286644
0
0
0
8474749
0
11336105
0
0
11177701
2015993
0
0
13458630
0
10834546
3205095
0
8135447
1914716
0
5544757
0
0
14755209
0
6072469
11167286
0
14281147
249638
12008264
13308416
14900610
7802585
13620876
14485992
14204021
0
0
0
0
0
0
14948142
0
0
3918495
12328207
1677074
10455088
1688206
0
12183140
13604534
740818
13708069
0
0
14804258
0
0
12273847
13928673
0
4841076
0
13945166
8810622
5713839
13153869
0
183189
8044346
0
9318653
14947248
0
0
4171021
0
0
0
0
4760761
0
0
0
14538114
14070918
0
0
14807337
0
0
3437053
0
0
0
0
5905359
14390277
7421055
0
14970201
0
0
3917864
0
9260841
0
13288116
8065872
0
14678112
0
10955442
10667102
0
10097213
14200008
95260
739516
0
0
14902908
7811783
2095869
14176844
13953169
8739255
14837033
0
9970595
0
11663512
14583887
12594706
12292849
0
0
1253525
14886580
13509768
0
0
0
0
6842231
0
0
0
13210131
11323333
0
8000187
0
8603073
13178597
14410377
14682818
0
14941449
0
0
0
0
14457859
0
0
6865594
12767221
0
0
0
9665076
11767639
1690986
14404910
246388
0
0
0
11886173
0
14625474
8281047
0
12135727
13943809
10501144
0
5954816
0
14314634
0
0
0
0
0
0
0
4978581
14684509
0
0
12555149
14684048
14787202
41584
0
10666373
0
6896190
0
13669325
0
11699364
0
4069
0
0
0
322
0
14777974
0
0
6373640
2907024
14235456
283881
0
0
12909536
14460676
0
0
764734
9703494
765356
4493699
51473
3887056
0
0
0
0
0
9363336
0
0
0
0
14262437
0
0
0
12091748
0
0
2276060
0
4772272
11207164
14318602
13699720
4696774
0
0
2230492
13477832
14898795
0
0
10055829
12695641
0
0
252
0
13286848
0
15019223
0
7802737
6006287
5480402
5011191
0
0
10125414
0
0
0
8679556
11809250
14527783
12793617
10909588
6755764
0
0
14173610
0
0
6125029
12257021
0
0
0
9461211
0
0
13470339
11048579
0
0
11880642
0
4251627
0
5973700
11808491
0
14848155
0
0
0
0
135033
7218860
0
0
13421743
215790
13706791
0
0
0
12151636
0
0
0
836
6206902
614
15052262
12800618
0
0
6025572
8700134
0
0
7735779
5201192
7024033
13331250
5848519
0
12342455
0
0
0
0
10902681
3653790
0
6297953
0
13508477
10493483
568074
13726147
0
8248974
5016233
0
666176
0
0
8460692
14685905
0
0
14820157
10670172
4782620
0
638599
7280139
4889742
0
14969535
0
14950567
0
3481
0
14300241
0
9963959
12883460
14027946
0
11718507
11241538
5727463
0
0
0
6843067
10641690
14504
14588890
14309663
7347301
777
0
0
11782317
2522218
0
0
1696143
12030247
0
0
6989270
0
0
0
13937711
7237127
2655371
11660556
13929697
7472057
419984
12964231
0
0
0
14702367
13615351
15018171
10575998
14232950
11131345
8002170
0
0
4126300
2321881
0
0
0
4377168
774302
2884439
0
0
0
0
12449318
10432082
5615518
0
0
9953070
175
14649830
0
0
0
0
0
0
14108138
2537734
12798850
14096980
12788004
15031576
576225
5355043
0
4740938
12917510
0
14810914
0
0
9269608
14823500
0
0
12248121
0
727681
0
12414340
9561679
0
14924623
0
134
14518068
11146823
14900180
11698627
0
3310603
0
11862087
14677248
0
0
0
0
0
14802754
0
0
13429904
10285022
0
0
0
3571547
0
0
7316376
0
0
0
0
13365813
14134808
14705216
291604
10093688
0
14870007
0
0
12725035
8980343
13932050
1784322
14854231
14135204
8178734
11994126
14688441
14851703
0
2221242
10097965
0
0
10780400
680
0
15082086
0
0
0
0
0
12768349
14467129
1511797
0
0
11181058
13257605
10187645
0
3795630
0
14950737
14444992
0
4512388
0
0
3454293
0
0
6327571
0
7577763
6429443
0
0
4624834
0
14936277
0
0
14902582
7422797
7503575
0
0
0
13461329
0
0
14882795
0
12930230
0
11142799
14892637
14001338
13274585
13746053
13616345
9337472
2329390
0
9724672
1430271
0
13497855
0
12146025
12311140
10177897
13312389
10889770
0
14087031
0
0
12238887
0
0
269374
13805947
0
0
0
0
12901941
0
0
12259196
0
0
9500365
0
0
0
14430205
11905202
8843559
0
4415601
9110570
0
0
14835236
0
0
0
0
0
6534853
6798579
6295880
12913844
0
0
0
7232274
0
10079418
1701011
14445285
0
0
3885161
757226
0
0
0
0
6857240
458489
0
1378191
15032103
13897782
0
14469849
2825076
0
0
13229529
11661596
0
0
0
0
15123602
14215542
0
15088162
0
0
10356459
0
11486937
14929223
10626906
0
12445300
0
625130
8141232
8728815
0
0
0
9134869
10846426
620
8442223
0
0
369
0
0
0
0
0
8737899
175
13504683
14174780
0
8163175
0
0
0
0
0
14350217
140601
0
0
12931665
14947614
14536540
0
0
0
2683959
507635
0
9229449
10695037
0
1569363
0
11043652
0
0
13982385
11246556
7635047
0
0
0
0
0
11271317
0
193463
0
0
164
0
0
0
0
0
0
0
0
12771134
0
0
14548281
0
11656942
14387552
0
14468275
0
12975091
7938955
14484528
0
10485696
13615711
0
0
2366080
1309029
0
13061316
5373369
4382781
12688364
297474
0
0
15120659
0
14850276
7641310
0
0
531226
0
0
0
4653378
12944177
4535278
10419211
9948624
9114554
0
0
12179635
47406
14513271
5912698
0
15176332
0
0
0
0
0
11226997
0
12905304
13003496
0
424
0
13350869
13498113
5184176
0
0
0
11352478
3795719
13594924
2559478
4829365
0
0
15063195
0
0
2096835
10847041
0
0
1706
13960326
0
0
0
0
4979184
922187
14918112
14566378
0
0
14894322
6177876
9315442
15000155
6672246
0
14702848
10914043
0
0
8178714
0
0
0
0
0
9653308
0
4790795
0
7887874
0
0
0
0
7830120
0
13544238
8515148
0
0
10144523
0
0
0
15052280
301513
0
0
14218273
0
4639466
0
0
0
12380033
7010933
0
2085754
0
0
0
0
13134185
13891471
0
6640484
0
0
14981332
1698117
0
0
11167167
6571605
0
0
14790269
0
11838297
0
3148067
0
10757804
10640421
0
7842688
0
0
11124263
0
3285796
12518178
14997000
0
0
0
14596541
9908969
12930951
0
6982053
0
0
0
0
1217003
1545455
410554
9978952
0
14922348
7066453
12238588
0
0
11735566
12607381
12400658
0
15216720
0
0
0
0
14752373
0
0
5011159
13709063
13014218
9860694
12661371
5789267
0
632866
0
3160894
0
0
8608047
0
7077600
14534879
0
14771461
8153408
0
13696017
12767218
13301091
0
0
9076342
6317626
0
12460878
13715438
13226750
14903799
0
0
10475814
14707388
0
2931110
14689195
14744366
10271882
1677214
15682
0
14968071
1845310
14391194
0
0
0
0
14421159
0
0
13015858
0
4867380
0
5547798
7074735
0
12989596
0
0
13692267
13445765
9442925
715745
10642196
13860173
0
14339991
11556686
0
11904400
0
14221256
0
10680130
0
0
0
0
11442003
14690968
0
0
0
9376238
0
10245567
15116022
12508131
7166315
0
387162
15028622
0
11154394
0
3407386
15043128
8733305
14907774
1613583
15052155
0
0
0
0
0
0
14462013
14563658
0
0
0
0
0
0
0
15235627
0
7796415
13942835
8795737
7686758
4525516
14701386
14806610
14461624
622624
4229127
10861283
3284910
12378775
0
14989221
0
0
4215364
0
8104626
0
0
0
11089033
13544108
0
14899030
0
7188102
8415625
374033
0
0
14282143
8485853
0
0
0
0
4209146
0
0
0
727795
4810800
0
14694119
0
10482123
6151296
9575113
0
0
0
1328125
0
0
0
14271606
9474800
14830843
0
0
12284923
0
0
0
14368878
8782772
11924254
0
0
5816809
15182400
11313208
0
3568222
0
9860694
0
4840675
11852308
33313
0
172148
3600451
12901301
4648027
0
0
0
0
11318439
0
2602437
15061272
0
0
0
0
0
0
0
12432722
12599384
12134984
0
0
11693902
8254483
0
0
0
227847
0
6826568
13079149
7801187
2845819
2625176
0
0
15212577
0
0
0
0
25881
0
13178860
7517586
14178347
9141789
0
0
0
0
0
0
0
0
15117640
0
15048621
0
0
0
10304399
0
8993781
14321944
0
0
4531368
0
0
0
0
13211245
894
0
9273711
0
0
0
14768657
11088433
5403915
0
0
0
0
247361
0
1636008
2481868
214
12585768
14754817
13670146
11947796
3659306
0
13660673
15206650
0
0
0
5092800
11800534
12729888
15096908
0
0
0
0
0
0
15099065
11144811
2396392
0
1789946
8464573
0
0
12608708
11730038
0
3916286
13167287
0
0
0
0
6816260
12673005
0
13455436
13903007
0
13089321
0
5932802
14619711
9854582
15152859
0
6076960
0
0
10078715
0
13928418
0
0
7803724
11023618
0
1250744
11943368
11925131
0
2211342
2612016
6059310
14542444
0
0
1767432
14168916
0
7847881
0
0
0
0
1160796
0
0
0
4736068
3718899
0
0
1290081
0
3746810
0
0
0
0
2716726
7634153
9331339
0
12626976
0
0
9244616
11061904
2982077
5823764
15141431
2651996
14477136
13801228
0
0
15144217
0
0
0
8450881
0
9399135
0
0
0
7222135
11237008
0
0
14814054
13160504
11463880
14892065
0
0
0
5495728
9338520
0
0
8603717
0
0
0
0
15270239
4206866
4771912
0
13447844
0
0
1384005
0
0
0
0
0
5196498
0
0
14756469
0
0
0
0
8667755
0
8859447
13945170
2147607
0
0
0
0
13141759
13805604
0
0
13914969
0
9924056
0
13579074
0
0
2442092
0
1116986
0
1039532
7508701
0
7829174
2928872
0
5397852
0
0
1126620
11025654
0
13421182
0
13779426
0
3449680
14456910
0
3715161
12697347
15342876
13440207
14869575
0
7471853
0
0
0
0
14464839
0
0
0
0
0
0
0
0
1881455
2031319
0
0
0
1079405
1811185
14536256
0
0
14210481
0
14794373
13918460
0
12594126
582655
15371224
14793499
0
12808349
6734923
8221322
0
0
11153577
2129463
14803194
13929814
15289723
0
0
15369280
0
6665358
2038969
0
14782151
0
0
14585651
660118
0
0
0
0
8784738
13571216
0
0
1485263
0
0
0
0
0
8966102
0
1039281
9763751
0
0
14004603
12141159
7009356
986823
0
14559956
7108137
0
14040733
13195439
0
3911221
0
3314187
0
0
0
0
0
13419484
15385173
4165427
0
5990594
0
9813142
0
10581143
0
13763748
0
14018934
0
15179979
0
1097763
0
0
0
0
14640747
0
7986500
0
363965
14628867
11981989
271992
12853369
0
1437045
0
13765922
10384686
0
15053002
7099393
0
14017607
12088221
12959705
1880832
8120379
11966836
4027315
0
0
0
0
0
0
0
0
2113225
0
569038
14884663
0
0
11242933
0
1226097
0
436157
0
0
0
0
0
3177480
348180
4281739
7111377
1266163
0
0
0
8730424
11057171
15241744
0
5170604
9503993
0
8179436
0
9963826
13142785
14820113
0
11089185
15215816
0
1888836
0
13363658
7841228
0
7554882
0
0
0
14606811
9178984
13331350
0
0
50
0
0
0
9955754
0
0
3302021
1029572
0
11370789
12980564
4039063
5932049
1734340
9470943
14784871
11354954
0
14912465
9435658
0
0
0
0
5752067
0
4315787
14762718
0
0
9461097
0
10567103
8984577
0
0
0
13211137
13749888
0
0
0
0
7806707
0
12562047
0
1380291
0
0
8422985
0
6776184
13816079
0
0
14612306
4320516
0
12900021
6003826
0
14544561
0
0
0
2734515
0
6003153
0
15373691
0
14750649
15397001
14365703
0
0
0
15140518
5682547
0
0
23314
0
0
0
0
7676281
0
8218723
0
11079715
0
0
13644598
0
0
5175232
0
0
0
12822030
0
4894941
646
13055834
0
0
0
0
0
0
0
13128050
0
0
0
0
9775302
5198045
12461538
2215696
604240
323442
2327233
6905381
14573223
11951409
9869494
0
0
15421439
0
8124272
1089208
14945063
0
0
0
12421674
0
3930522
0
0
6748022
0
15426386
0
0
0
0
15401213
3318822
0
0
0
0
5195946
9533598
0
0
13130698
15024849
0
0
8443121
0
0
6284663
0
0
14873206
0
14794525
0
0
14930010
9855864
0
0
6762540
14407661
0
0
13652798
5992565
8253380
0
15376967
8666539
12136330
0
0
9157841
0
14684954
14576387
0
5911258
13082865
7124802
10150679
4152234
0
0
0
0
0
6273952
0
0
682
0
12183687
13429471
10405060
0
0
15084442
0
8552110
0
0
0
0
6033886
0
9470588
0
0
0
984523
0
0
0
0
6484025
14060705
15094037
0
6273983
0
0
15231474
0
0
0
0
0
0
15269741
77870
0
0
0
0
5247118
0
14489395
844630
0
505117
5376840
0
7380587
7376810
0
14435581
0
14382259
336
0
0
0
3896399
0
0
0
9863196
0
0
9865116
15231213
13617148
0
3424688
15166334
6292137
3211417
5399015
12511604
0
0
0
14820902
14750555
0
14313962
0
0
0
13816490
7784047
0
0
4974811
15187546
2551832
11201889
11066265
0
0
12288527
0
10651845
7249223
0
11727713
7389483
13401797
0
0
14093548
6650559
14258357
12014624
15332650
5885085
15292063
0
0
6948509
11691728
15509488
6943872
0
0
11402780
0
94
0
0
7207672
15125197
0
0
6778721
0
0
0
0
0
11267562
0
0
0
4206202
0
4225657
0
445065
0
990
0
0
12982366
0
0
1174330
0
0
15351581
14736710
11166893
10920110
0
1617046
9202602
0
0
11068157
1896303
0
10701913
6131797
0
10154017
0
0
169530
14984431
8474615
0
0
8228948
15306325
4610253
4007609
7767904
0
12680780
0
6177063
68663
0
0
10802974
0
15394340
0
0
0
0
6760247
0
8735731
13851709
0
0
0
13882560
0
2944977
0
13085569
10580423
0
15253666
0
5202549
0
0
9660274
0
0
0
6888393
12608705
0
0
6359671
0
0
0
14995414
0
2904352
11077259
0
183399
11027575
2406569
13108895
0
0
15026335
0
0
0
0
0
3723437
14121556
7205442
9595028
0
13737042
0
0
0
0
611421
8583102
7220736
6956281
0
0
15003829
10975155
0
11135831
15386395
7677642
13634492
11469082
15040619
14191129
0
0
11502153
0
14256501
12093424
7771397
9108682
4494264
0
15493128
0
0
2730917
0
0
9257533
7696564
0
0
0
0
12576921
4661754
17800
9728045
0
10024171
0
13584117
0
0
7044914
13309876
9983492
1817192
0
8972400
0
0
1276531
0
12536823
0
11638768
15516082
5682234
14985100
0
0
13121596
0
13647969
15517812
0
7959643
0
13777956
15337512
0
0
12343381
0
0
10001499
13508606
3299168
15011364
10490855
0
0
0
0
12951257
1250335
0
13597893
8829410
13439355
0
13170896
0
15406959
0
7676377
0
15022878
0
12427662
0
12433021
7578752
0
2524641
0
0
14462431
8219836
0
0
499
15317069
14797661
0
0
5361635
0
0
0
0
137
0
0
15081262
0
0
10442165
0
2717664
3343884
0
12706555
10666578
0
11535790
0
0
14811972
0
15472001
2332689
12055515
0
9964896
0
0
11920254
14489095
0
0
0
0
0
0
0
0
13741538
0
0
14151553
13636279
8193421
4417088
5507139
0
14121092
0
0
9206862
0
0
14412618
0
0
0
12086728
2314177
11290365
0
1829740
0
0
14698074
15331226
14901927
0
6197284
14689516
0
11214026
0
11513965
0
0
15058776
0
0
0
15182205
0
6143979
0
5454813
0
13095162
0
12605285
0
3077012
0
2909970
13279194
13583177
8969378
8401147
0
5029246
8697418
0
0
7651552
0
14946744
13506659
2947942
0
0
2152034
12891002
1515325
435940
0
0
0
0
0
13414562
0
8060697
0
0
11975525
0
0
14686238
0
8206403
0
0
7778153
14152477
12765864
13813026
15562450
0
3324470
0
0
0
4747822
0
13884198
2967608
4899178
0
12248835
0
0
0
0
0
15568183
15550408
0
14689809
14268021
0
0
10829341
4310156
0
13454254
4489920
0
0
0
9352596
0
7360290
11575697
0
10705182
0
12827906
11530657
22160
8687864
0
7817727
0
0
0
0
0
0
0
15238729
0
0
0
0
0
4528340
0
0
0
15023863
0
9930375
1112569
0
1902321
15099162
14831554
10470563
0
13103936
0
0
0
11145339
13947
0
12578280
0
0
15365799
9702598
0
0
2012373
0
2854411
0
0
8784777
15110933
0
0
11009848
0
0
1675512
0
0
0
0
0
0
7869553
14413393
0
3394525
0
10823538
0
0
0
0
455049
12252939
0
0
0
15598765
12106391
11720453
0
8066747
1059682
0
2156956
9478947
12150806
9694210
0
0
0
8770439
0
8986530
0
0
0
0
1386726
12725107
14305462
0
0
0
5767922
0
11150052
0
0
15528529
0
0
12943008
0
7431094
15093259
10157715
0
6629231
11251689
1498832
0
13009349
0
0
15430011
0
14985754
15509885
15227187
14929371
0
0
101634
3454857
15513013
10557724
0
0
7495242
0
0
0
11730312
8863243
0
9311084
3438844
15339689
0
0
4948929
12421804
6033600
5682547
0
13539757
1713268
0
4910232
14304634
15501714
0
14472441
14400766
8262906
0
0
0
0
0
14185452
0
0
15621890
1365197
15365348
0
13280099
7667909
0
10678352
1523741
0
15069446
0
661571
0
6692487
0
0
1616444
2278802
0
0
8678590
14544911
11707746
0
0
0
14866975
0
590296
15598633
0
14741246
7663291
0
6298176
0
7390771
14909112
0
10065946
14639138
11772380
7284
8072933
10806853
0
0
13674859
10033989
7701991
8325410
6194317
0
12930950
12782410
15380433
5201660
6954539
3584112
0
0
15465495
5457015
15487759
14382067
0
14280378
0
7090052
5067301
0
0
0
0
0
9388976
13721635
0
3237928
7351471
0
0
0
0
607666
11479990
14710647
0
0
8041161
3138017
0
0
9636028
0
897535
11126356
0
0
3262830
0
0
0
10489921
10795479
15215592
2181676
0
0
13634405
15441069
13673883
0
0
0
0
12544696
14246293
7181499
365
0
12759128
0
9510137
7351060
12940350
0
0
0
12659575
13527395
15637373
2285362
0
10285400
2085556
0
0
11695001
8980052
0
0
5995470
0
15180214
15620927
0
1975569
0
13035062
14027544
1231245
0
0
0
0
10558691
10946939
11552791
13700292
14566791
0
15176631
0
9481142
4672206
0
9049709
0
11255424
0
0
0
11637926
15157349
0
14504835
0
0
12667921
11381611
15079891
0
0
12928505
15411986
7819755
0
15425137
14285217
14804639
5492280
0
0
15256088
13582716
328287
0
15336260
0
2134235
0
15448879
12970252
0
15568587
0
0
14261135
14462213
0
0
14120040
0
8583781
0
11637684
0
0
0
14369147
0
0
739091
774794
14132256
0
15367456
0
10281304
9751950
5478541
0
0
15655282
0
11792141
0
0
0
883827
0
1774631
0
0
1471059
0
0
0
0
14320002
14779484
0
775827
0
15420510
15040779
15173943
0
0
0
13662275
0
182
7659804
0
13130973
15190665
0
0
0
12408395
13035640
15656748
6857996
0
0
0
15040292
13007970
4742393
232923
13092281
0
0
775827
4614893
12477123
0
14910067
509
1641670
14386693
13828786
15523856
0
6066413
8945924
0
0
0
0
0
2961659
0
0
0
15745139
0
0
787251
0
0
0
15180050
0
0
0
0
0
0
236909
0
13578865
10471888
9010083
0
11765498
0
1587235
13835437
0
0
15227898
0
13242908
0
0
0
8026478
4119046
0
614060
12794107
0
6014135
9778712
0
343403
10493239
15470804
0
15500933
0
10048946
15088388
0
5456388
0
1829821
1527498
12947417
15211421
0
3569456
0
7339706
3210678
9928537
11735057
12236256
0
0
10453917
0
8685702
13381340
7252005
2937925
0
11734921
3345090
0
11145329
0
0
7068968
11137927
0
0
15157810
15717505
0
0
7949967
11563577
0
9492700
0
0
0
7178215
0
13689718
11063917
7763918
0
11039413
0
10928233
0
1746876
15710882
0
4082826
13253397
11524591
2897060
0
1133476
0
0
11336482
0
0
6955001
11714071
0
0
0
0
0
991
0
0
7359467
0
0
0
14744124
3870019
0
514735
0
6896103
0
0
0
325828
0
0
13784896
0
0
0
4749065
0
8975255
2196398
0
0
4291330
12916141
0
0
0
10658066
0
8011581
9438083
0
15706495
0
5851624
4897539
0
5761681
1049149
13516726
12366015
0
0
0
10044716
125482
14751561
9722452
12915483
9212580
12002766
0
0
0
0
0
0
0
0
0
0
0
528328
0
0
0
0
0
15538072
0
3577773
14248485
7681710
0
13505357
14678326
15746094
0
11996178
13975025
0
0
12672402
13717278
0
0
12284626
0
1029949
0
0
0
0
15537687
12373984
0
0
2439716
1463503
15022991
0
13920171
4939083
0
7948926
0
9830
118454
6536360
10703741
10311560
0
10576858
0
14368784
13923752
0
11683495
0
9678256
11524753
15544983
30872
6869391
15555022
0
4638889
0
0
4011024
11049884
0
15796508
0
0
6152658
15780286
10887250
0
0
0
0
0
0
0
15243538
10307271
10800918
14486378
496
9839036
13589945
0
0
13221145
0
0
14042166
0
11999070
0
10858289
0
0
0
15726715
6015853
15223672
270
0
10617360
13187596
0
15613914
0
8600926
0
14322888
15215719
0
11940517
466
0
1721
0
0
12133105
2621144
0
2568465
0
15250746
0
0
0
0
0
9532836
14265488
14185640
0
0
14896191
11063917
14857495
0
13180986
0
0
12980413
0
2048095
11965762
5366541
15634684
5173457
0
0
10193895
0
0
0
2454659
0
15451804
0
12697688
6327284
15320998
14408983
0
0
529
0
366199
0
6901807
0
0
9713900
4065768
0
11127646
15627856
0
15416846
0
0
10202300
0
0
0
2742120
9784043
14474135
192502
0
0
0
997996
0
15788694
10891454
13448104
0
13114007
9784075
15207547
0
12123832
14759478
476
12895003
11306255
0
597353
7477347
0
1747592
15602223
14330705
15657179
1025964
0
7471197
0
6354258
2485046
0
0
0
175
14803035
0
0
6466632
0
0
0
0
0
9046342
23046
0
0
0
0
0
0
1511792
0
5177236
0
0
11127899
851653
0
0
186450
0
0
0
8722356
0
0
5860251
0
5777974
0
15596617
762436
0
13953485
15600091
0
0
3429883
10517629
0
9212520
0
0
15253380
0
0
15308627
15392163
12062271
15742294
9666112
0
10658437
0
1174885
0
15377228
10741279
0
0
12995327
15707224
1149224
4197195
0
0
0
0
3378302
15410733
0
0
2068980
6472413
0
0
0
7224981
14439091
66909
346937
0
6487213
4285937
7899869
0
0
0
14891037
0
0
0
0
0
0
14310169
6332835
10485415
1472288
0
13372164
0
0
7332498
13560179
0
0
0
15657341
11224277
7255251
15377785
0
10250788
10249269
5077738
0
0
9225232
3938829
12887019
98
0
4183622
12749538
0
0
6593006
0
0
0
15659571
15298804
0
6015556
0
7337572
0
0
0
0
11090206
0
0
0
681547
10266365
0
0
0
14404287
7253063
14843015
9006678
0
14897186
15635395
12718224
12700385
11011626
0
14779441
12263471
15207525
3915919
0
8475375
11983302
0
3324592
0
0
15849914
9425561
8733154
14399000
0
14670341
0
0
0
7289073
11909766
494
0
635345
0
0
0
0
5615020
3201932
13735060
8412206
15458750
14544223
0
0
0
276
15803839
14330656
0
7998798
0
0
0
0
12083013
15854702
0
12624490
1722944
303145
15866797
10271923
0
0
0
0
579478
0
15734791
0
4679705
0
0
15530466
5169338
0
15233759
0
13785045
0
15601602
0
0
14066868
0
7354428
15404180
4262227
14796645
15680062
10125101
13807427
0
0
5302118
11512669
0
0
24081
14710857
11505417
0
0
24904
0
0
0
0
15735137
0
15865225
0
0
8331777
0
0
0
0
13625649
7439635
5090189
0
11110667
0
0
11365758
0
11254397
0
0
0
0
0
7286606
15393054
0
13325856
0
0
0
0
0
0
0
15887721
772211
13458597
0
13367454
14483218
13403112
0
293
0
0
0
1749245
14939638
0
4369487
13185480
15283376
0
6884854
0
7996189
0
9482346
14216312
11557004
8595969
13795295
15272998
0
0
0
14856423
0
15494391
3714185
15724200
819102
15519432
484253
15196934
0
4582021
0
14493622
3710875
0
0
0
2975345
8771385
1624063
0
0
15356504
0
7781882
7599802
0
13750110
8030150
0
0
15216622
15466255
0
0
4621489
6951325
418406
15878713
0
0
0
0
4041578
0
0
919965
15326268
13198729
14409323
10997622
0
9111953
14270177
9163953
0
15638122
11255860
0
0
0
15593912
0
11559804
3785356
0
0
0
2998493
0
0
9623755
0
0
0
15572542
0
14562501
1365110
0
12434601
15513610
14480390
10666551
11041288
0
0
0
15807668
7437889
0
0
9356660
5486914
1113210
0
13824601
2281375
0
13869063
15253722
5589213
12469250
0
11254819
12815324
11483672
13420484
0
13970994
0
5022303
14646653
15445204
14446760
0
0
0
10236039
0
0
15664897
0
1963569
0
0
0
0
7204890
0
10427717
15842220
1780208
0
0
0
15196884
0
2419219
15832313
15911220
335
0
0
15569590
15570013
2184841
10062506
13740834
0
0
2080633
4112027
15078574
0
0
9317685
0
13338491
0
0
0
0
1322694
5523901
14340363
9907900
0
0
0
2958009
13799188
12227450
0
753042
11733983
0
0
0
0
0
15058437
0
0
0
0
0
0
15678987
9393190
0
0
0
0
0
5067007
8865241
3278839
0
15504543
15939988
0
0
0
0
0
15757000
9956871
12573353
0
0
14388621
11528400
1545160
0
7681972
0
15079285
0
7445935
12894632
15684198
9430363
14197148
3407425
13873132
11710612
15453473
8027941
113474
0
0
7702666
4707635
0
507983
6319184
9917563
0
14302481
0
10216292
15495405
12720153
0
4726135
15194969
0
0
0
15894257
0
12330218
15889166
0
0
1971998
0
0
0
0
13466537
0
14206681
705018
15294132
15276914
4756083
15807941
15699295
0
0
0
0
0
6600319
0
15718938
14508551
15622762
551669
0
0
3386469
3812112
9395080
2819477
0
12499668
13460470
2455428
0
0
0
13960340
0
5671836
934
468428
3637628
0
0
15314058
0
15525815
15984408
14909618
0
0
9280921
13184766
3580446
0
0
15865860
15571309
986
1090828
0
0
8820610
0
12377199
12661179
13935097
0
14915670
0
0
0
0
10884669
0
0
0
11992813
0
0
0
0
11509155
0
0
15956981
13776929
0
0
7374495
0
0
0
14568282
0
0
0
8477455
0
0
12049511
14210959
14417551
0
0
0
0
0
2210593
0
0
0
0
14245524
0
0
0
13843741
13691770
9619391
14740580
15867038
0
14336251
0
15023066
15516537
14040338
9851162
502
15338306
0
10767719
0
10503357
2924830
0
0
1635303
0
15575373
0
15542887
0
0
7006592
0
4843651
8321968
0
0
0
8632554
4475098
0
7426872
14939966
1445975
8485469
0
0
13961500
12834161
0
0
0
6849447
0
13885773
0
0
1220966
0
5110410
0
0
0
0
8713377
0
15983861
10244472
0
15593087
15832316
5589270
14660395
2911154
0
15802208
0
4770765
12430185
12696350
0
577
0
14671629
0
0
0
11793799
0
11152807
0
12468280
15000924
0
0
0
4578566
0
1535432
14959921
12922377
0
0
0
0
0
0
0
10844126
0
850771
0
0
0
7707063
13177553
0
12496253
6898892
273376
0
15684871
0
0
219426
15840482
15476703
7465942
6368059
0
0
0
0
0
15251214
0
0
6189787
0
9386426
4880236
0
0
14394586
0
0
0
0
0
0
0
15079027
5283911
6107821
13530113
11116204
9618174
15840353
768
0
902609
0
0
10652949
15676367
4525088
10231642
11750953
14610605
8812578
0
6648497
9830185
1411893
9104052
15773703
11786529
0
12815258
2847216
6620314
0
0
0
6428819
10024879
7477060
3006259
13971848
11898238
9867257
12007822
4758285
5709232
1671981
3146403
0
10397266
1800235
0
0
0
0
14333981
10002264
0
3157339
0
0
0
11338154
0
0
14289261
8959796
0
0
0
0
0
12689145
0
14991236
0
0
13941782
11048725
10235296
14180259
0
15326376
6079890
5040608
8127818
0
0
0
0
13084514
1119722
15208918
14586101
0
0
0
12593414
11781592
6234250
0
0
0
0
7717256
0
0
0
8089160
0
0
13966026
5184479
0
11627301
0
0
9661621
3353299
12014545
0
0
0
0
1725197
39
0
15671747
0
0
11944745
0
15164713
0
0
0
0
8727663
15729990
0
0
1889701
14713495
7084271
0
15156305
0
0
0
11133895
13369499
9589707
0
0
13045277
0
0
15330273
0
8475759
15544494
0
0
14164855
9867714
0
0
9025808
0
5396910
0
0
0
0
8334107
15401618
0
0
0
57087
0
16055473
6613946
0
0
0
0
0
0
8599575
0
0
9732333
0
8362034
0
0
8283578
12385399
14428476
16104004
0
0
0
15998284
13691341
0
15093229
15641446
26262
0
827442
5902734
15828088
15690472
7157937
9830549
12532725
0
0
0
0
0
13847176
15793968
498475
0
13032577
0
14663957
14096652
0
3778588
0
15064190
0
0
8439118
0
0
9342251
15836437
15828737
9300880
6184909
6429706
7722695
15938402
0
15297500
2338482
10879349
0
0
11760613
13469731
15858565
3317988
10629630
0
11957576
0
0
2961560
9886701
10757628
1872522
0
13984677
16027636
15790034
16090785
0
11346918
0
0
0
9127635
0
8105232
5754982
0
12670478
0
4996520
329
11203189
15873159
0
6128721
15470807
15563727
12593346
0
0
12385671
0
13638808
11959102
11657614
0
6025697
13227006
0
0
0
293169
8693639
0
0
0
587
0
8999970
9431520
0
0
8803214
0
0
3210673
5889219
15720449
0
108427
10916375
0
15382963
15871231
0
0
9142148
0
13946973
4911852
0
14357188
0
15096475
14632904
0
0
12432954
13214351
0
0
0
0
15721917
12232304
13688126
0
336274
10466496
10969242
11634193
0
3894402
0
471883
0
4384955
11878875
0
0
0
0
3383011
12450414
0
0
10449503
13615471
1729815
0
11386276
0
0
11971109
0
0
0
0
41580
7489968
12480631
4882823
15305244
0
0
10482735
7703093
14074955
11723095
0
0
0
1721881
0
11187864
0
0
15555764
13966880
0
0
1462065
0
12554924
10403710
15101454
347645
0
10090300
14171091
0
0
0
13737687
0
8573104
0
0
10971355
0
4643786
0
0
0
9503384
16133514
0
13635815
0
0
0
15831771
723382
0
9028632
13970822
920111
5948092
0
0
0
0
7914512
11805405
16089982
0
13512711
0
0
10182563
10482541
0
0
14459132
1876841
0
250874
0
0
0
14556228
0
0
14752911
15876045
15521341
0
0
0
0
9434587
0
683795
8838038
10910516
0
13995407
5594427
14232164
6635588
0
11699440
1619675
8191738
15843715
0
2895692
11643225
0
13475201
6093585
14053330
12348736
0
0
0
6117454
15906507
0
7304964
7997074
15857582
1235414
1126380
11417650
0
0
9427751
0
895147
7337843
1877634
13094645
1624128
6712
0
0
0
0
0
272092
11673449
9114546
6435285
12420740
2675838
0
0
0
0
0
0
0
300374
15456742
8179049
316938
421348
0
0
15970295
16033685
0
0
2839495
0
0
4473762
0
7320506
11362849
0
0
14975603
0
0
0
2996884
11002908
371126
16162316
0
11529715
14123797
0
6968431
13760700
5682907
0
321603
0
15921788
0
0
14288061
0
0
0
0
0
6465452
0
10188319
0
0
14725752
1513005
4768317
0
11094681
0
15626233
0
0
619121
0
6775773
8170190
0
16168277
0
0
0
5575739
9671307
0
0
15967162
0
15407447
0
0
15948718
11183824
0
2225306
8238755
16010864
10263285
0
0
541943
0
0
0
901545
13846728
1040939
0
0
15007078
0
4917458
1400241
5182672
16131271
0
0
12722466
9600877
11782798
10828983
12834029
13785208
16168407
582952
16121551
0
0
15488066
6566249
9226416
15468359
15160117
4065427
0
0
0
0
0
0
2372368
0
11638872
11965837
13654998
0
6890260
7619819
0
0
0
4080812
0
0
12197075
0
0
11607790
12167147
4053564
0
14407364
0
11924969
9128059
0
8004689
14479216
0
14767447
16113563
0
0
9295383
0
12576987
0
0
4115311
16001189
0
15960586
0
0
14456653
0
0
15573978
0
0
0
10049907
0
0
9013715
0
12349301
14156006
0
0
0
0
15556580
0
10269420
13127598
0
0
10760052
14161953
0
0
0
0
16173444
10911273
13310471
6000807
15368425
5688814
15129830
0
1807701
3554926
0
16190794
0
15505329
0
8062418
0
14567027
8126127
16220489
10695676
8321916
9872689
3610623
14106098
0
6404819
16033702
0
11534362
0
0
15958284
0
0
0
0
0
3000224
3843035
0
15439613
2953435
13046792
0
7986214
10698924
7367932
12956304
0
10909147
0
10870189
0
1737565
0
10910006
0
14434933
16001189
0
7782881
13414526
0
9404269
0
4869866
9334197
0
0
0
16125708
0
3432081
0
14049093
11250182
162833
10853629
0
0
0
10529089
0
7529858
7585843
0
15777756
0
0
0
0
10050123
11614098
0
0
0
0
0
4510021
0
0
3548564
0
3553969
0
3261225
15284717
0
11125638
9044597
7614188
0
0
9896223
5634897
13644887
0
0
3972921
0
0
16063739
0
0
0
0
15994419
9685334
11001883
0
15968881
0
15087408
0
12731810
16136792
0
0
9692652
13576820
6575523
0
13406351
0
9544100
0
0
7378739
0
0
15573272
0
0
0
14134564
11958589
0
881615
15049477
16119564
13203991
7798383
10398578
0
12390014
2330370
10550323
0
18186
16174536
0
0
0
6478180
0
0
0
8117612
13784604
0
0
15415345
16268824
0
0
0
438691
0
0
15812971
9866825
14445528
0
16055444
0
0
5290679
146349
14881780
557628
0
0
0
0
0
13461569
0
0
0
0
16115693
0
3081689
0
16220002
0
0
0
16296088
10071675
0
0
6309512
0
9734064
0
13686246
12163083
0
10308412
15231676
11517508
16065971
0
0
0
16284259
0
15025875
3901469
15692682
0
12728989
0
0
8719293
2399800
1217767
0
7357165
0
0
8001544
0
10297264
16094351
10619324
0
0
14565829
16107805
16307488
3905466
0
12637011
0
619121
0
14715166
5098586
14315005
14223267
16043820
2973464
0
1492271
0
0
15518211
0
13572984
14409323
0
15833753
5631631
8145116
11155953
0
0
14857835
16289565
0
14711245
0
0
0
0
0
0
0
14507679
265121
14879642
0
0
0
3885763
6937524
0
12664197
0
12183662
0
12890909
0
0
0
15658336
15641404
0
5616850
0
1387361
0
220296
11793952
0
2483964
0
413480
0
0
0
14822243
0
15930433
0
13684395
0
15938154
14873920
14104741
0
12016112
0
0
0
10886962
11673488
0
15916545
0
0
12835101
0
110616
4037333
10252162
4019515
5192646
0
9685550
0
15692279
0
0
0
0
4228225
0
0
0
15929263
14266837
15924192
0
15505377
0
3786237
0
0
10839882
11585572
11524985
0
8136997
0
0
0
0
0
0
0
5478126
0
10386958
16096141
0
0
0
11790027
0
2755351
15896599
0
8527318
4689883
14852673
805
11263435
0
16031683
0
3650691
0
6248585
3109817
13779017
0
0
8700450
11740465
0
0
0
0
0
0
0
0
0
3331468
5789837
0
0
0
15791924
9018462
0
15470496
15749835
16156344
12871084
0
0
0
0
0
14671905
0
2782100
0
12776511
0
0
0
13178080
0
0
0
0
15227031
0
0
0
13586896
0
0
0
0
0
15183641
9005519
6256674
14451118
8018288
14046448
16114160
15287953
0
0
0
0
3149857
0
1020072
0
15867206
5807708
0
7620842
2496366
7414587
0
0
0
0
0
4137431
15085854
0
12255884
0
0
0
9591192
15774704
0
0
0
0
0
15273587
15050192
12549933
0
0
0
0
16036848
0
0
16097246
0
0
0
0
14451966
5955750
0
0
0
14339889
16318207
3535688
1394154
0
0
8377424
2788715
10587848
15717032
0
9185632
368
15599884
12894549
16267204
0
13611468
0
16079596
0
0
0
0
8296401
14915044
3945730
15687455
9526988
4871484
11775125
0
0
0
0
2014590
7293561
0
683659
13839942
0
15118211
0
0
0
15368760
0
0
0
55658
0
15633158
0
0
0
0
11529029
0
7401120
0
9732685
180032
0
0
0
0
0
0
13800171
0
0
363688
979152
0
15119936
0
0
0
0
13872146
0
0
0
0
10791672
15119501
13340560
0
7843250
16109955
620
0
0
10486788
1878006
15825394
0
0
7567974
11891688
7314581
0
0
4711856
0
11001589
3431571
7461627
15877271
0
14105399
12985038
9108127
0
0
0
95081
0
9971071
0
11034149
0
0
14616212
12773301
8693660
7578236
15426989
0
0
0
15937063
10616782
5812969
0
0
4749342
16220557
0
0
0
16233752
0
0
15933823
16418308
10277628
0
0
2481289
14698788
0
0
99400
0
16353985
207912
15877813
12888722
0
0
0
0
4821929
0
11612975
0
0
0
10249145
14674713
13642119
5989379
8676699
0
0
16215003
0
0
0
13966827
0
1852040
16167027
16136780
0
0
15848465
0
0
0
0
0
13854840
16216485
10933494
0
10211932
0
7391855
0
3572062
15764393
0
3652454
3237386
0
0
6862045
0
15274733
12860160
983
14071059
15403898
16128346
8598285
12713382
3682946
9450187
14861617
0
12218425
0
0
11418381
0
0
0
0
13093816
16413226
0
0
0
11200482
0
0
0
15878088
15503720
13823765
0
1892848
8492258
0
1321610
3718595
0
0
4775056
0
331870
0
0
4182042
14514545
0
16259354
6737010
14567746
0
5814477
4152509
0
14119893
12823209
0
5764096
13741159
16228784
10107724
0
10417292
0
0
0
0
15675696
0
10088924
0
15754490
11604537
16099123
14495606
15212102
13529565
0
0
15738023
7824649
0
0
0
0
0
1318805
0
0
4157245
10548754
0
0
0
0
0
0
0
0
9644599
1527107
0
0
0
0
9740653
0
0
0
0
16436084
3362854
0
16156007
0
1307117
0
15654908
2103753
12778319
0
0
0
0
0
0
14573340
0
8486687
9128991
12547222
11606413
14834850
0
12866154
0
0
13841572
0
10392573
16248568
2560915
16061812
14350473
0
15686034
1844191
12707401
0
15526568
1354078
9477992
16066592
15887238
0
15432973
16422616
0
0
434
12706321
0
13656459
223647
13873132
0
0
0
0
0
0
15971735
0
35232
0
0
0
0
3988235
0
3443606
13923151
0
0
12940726
87
0
1203377
0
15458432
15599555
7947384
12183554
9807248
11830624
4626392
15749252
15902275
8362937
1823901
14661737
16193415
0
0
14976010
14096042
16191424
1436091
0
12603303
0
14950236
13843120
16362567
15213133
6102990
9918969
0
15407181
0
15599476
0
10085469
0
0
14369321
0
0
0
0
16268108
10484625
0
0
0
11582796
15638815
0
0
14322258
11564851
16356586
0
7971852
0
0
8761922
0
6705261
0
0
0
487102
0
0
15777348
0
0
826449
0
0
0
11878041
15209434
14902369
202768
0
0
0
0
13542972
6730733
16446987
16221122
16408296
0
0
0
0
0
14149890
6851464
1692701
8205709
6238140
0
12772922
8231744
7018828
0
1682518
0
8366852
1744155
4702018
6491586
4747041
14835169
15925221
0
0
0
24643
0
14116053
0
289150
2672334
0
5286506
14716994
0
7576628
16418179
0
0
15897297
4795155
15408561
12358223
16322171
2189178
0
9858848
13750019
14812121
0
0
0
0
12338836
0
4392837
0
8179796
0
614978
0
13651615
15692076
9729806
14855512
0
0
4080126
13504525
13591984
0
308481
0
12272988
15641352
0
10496054
0
0
8758099
15950242
15000113
6804800
0
9166492
0
0
0
10767391
6669321
8782348
6678565
0
3860437
0
6421578
0
131
0
13117808
0
0
11659801
15145966
1789621
16329154
12564016
15888686
0
0
6678754
0
3452019
0
14308699
3745952
0
13578567
5697593
12533387
0
15406901
0
2256958
16296979
0
16046318
0
0
11983521
573674
13438526
16455688
15618199
4651036
0
0
4408089
0
0
0
0
0
2307684
0
14213322
0
0
13188001
9204678
6846436
16086968
13555416
0
15042500
12871870
10309709
3364074
14596567
5191182
0
14179463
0
12549205
0
15585293
281587
1529068
0
13713337
0
5744202
14521845
15114763
11754162
16217438
0
1211244
8797675
0
0
0
0
16297284
7331149
0
0
10434041
16499472
0
0
5320673
0
0
15968600
0
4049886
6301369
7193760
13289080
0
0
16452965
0
12705272
2571905
6385197
0
0
3414209
15164199
8443793
0
0
997872
0
8185413
14869912
12203545
2133175
15939776
0
14633125
10580729
11442758
871
7058721
4260236
0
0
0
16226931
364831
0
16388193
12618727
0
0
14034263
15501635
0
0
0
14136388
5171808
503312
0
0
0
5873642
13791335
0
0
0
1151299
13970715
14828747
11767882
0
0
0
0
0
3582917
9987481
11235352
0
773955
2254428
14580857
0
13106970
94031
0
0
10603520
0
0
1354869
6558780
0
0
527950
0
15684531
7442393
6346732
0
9852540
0
15079854
9515051
0
15038762
0
0
0
0
12670989
15443599
14832621
6774681
13721339
16182839
13184572
0
12556861
715488
11314766
16003556
14451404
0
0
0
13704042
9993989
12709168
0
275874
0
0
16537281
15659711
1744051
0
4210807
0
11148943
0
0
0
14093114
0
0
11676526
0
14660621
16230820
12238422
0
12079554
14857474
13754948
0
12986132
15316476
2835730
16051353
13680130
0
7175566
9135129
0
0
13286720
13219828
5902886
13644812
0
16185011
0
2210837
0
16595018
0
0
1258916
13013873
0
0
14851279
0
0
8878351
4610253
0
4310947
15225049
16427373
4538395
0
11952538
9642815
0
0
14491352
0
0
14395799
5552390
15705891
16033274
15704114
0
0
11172326
14407712
7833908
0
2291299
10096530
14033746
0
0
0
0
0
0
12635816
0
5055850
0
13174993
2185658
0
0
7595107
15458341
0
16415084
0
0
4071020
233438
0
4282667
0
0
13618752
0
16138151
0
0
12599406
9122539
0
15104057
0
0
7598720
0
14973206
0
0
15686034
15391844
0
0
0
0
16399671
0
6435236
0
0
3973101
0
0
0
0
0
13576491
15701294
0
5242850
11152632
16426478
0
717
0
0
16302901
0
14085210
8783196
11794358
15909219
0
5744094
15502781
14172105
0
16064859
0
9726455
2094836
0
0
0
11006449
12890780
10847267
10596805
0
0
0
8283209
3671375
0
0
11611809
15398888
8331319
0
15621386
11094203
0
15750705
0
0
0
0
0
0
0
452
0
0
15073133
0
0
0
5784559
0
15433063
0
0
15072466
3562820
2146861
718237
0
0
16338409
8587908
1288938
14981829
15386569
9254073
12258845
8166592
16088400
16313480
0
3821685
0
1488669
13378990
0
0
14911427
0
0
7238431
4878645
0
5692254
11660733
0
7223649
11094103
0
15733577
0
5376745
14846247
684
0
0
15555573
13791592
3826130
14456653
13579074
0
16209418
8886932
7893361
15746623
0
0
1931222
0
7738043
0
0
92771
8957631
0
12477629
0
13036828
11660716
2587325
0
0
0
0
14378241
0
10920624
375388
0
13538741
0
12821994
16435841
16219925
15623892
0
13725928
16475614
14120635
0
0
5580570
16415967
0
16053662
14222244
0
3048789
0
12668271
4680988
0
5310148
0
0
3598798
3249288
4886841
0
16547444
9937654
7694461
11101853
12049050
11112348
13655573
13030159
0
0
0
3774944
11154534
2049160
0
0
15662058
11235951
16541079
0
0
11302568
5238511
7586033
0
0
9230694
6304654
0
0
0
4757013
0
3978006
14141941
0
11040964
0
0
0
6378715
0
0
0
16226261
9679015
676005
0
13087070
9544910
0
0
16541462
0
0
0
16262637
16591192
9724919
0
0
0
0
12650974
15998448
15902242
0
16033404
1305188
0
11989598
0
8935225
1990757
12140939
1538835
0
14598925
7425567
13841170
0
16490552
0
8605870
4592862
0
0
0
9459358
0
4937339
3618397
0
11100557
0
15971601
0
16488792
964470
0
8657193
15775653
6467199
12475533
0
14694696
14375069
0
0
16470217
10985314
0
16262975
11795241
2098480
0
0
5191381
13900398
0
4186286
14897269
4577594
0
1635272
16579458
15019853
0
0
11853688
0
0
30
2288365
0
0
14927450
5592924
12404139
16428386
15629934
0
1488842
4765831
0
15218805
0
0
0
0
5166594
12639366
0
16357251
15758279
8324232
0
12226935
0
186494
8068465
0
0
11309745
2720371
0
0
14295052
15557490
5726212
13536606
0
0
0
0
0
0
13334341
15601618
3281219
0
0
0
6892531
0
0
0
6386004
0
8766936
0
0
0
14319840
15591263
15694341
0
3680788
0
0
774996
5863870
12203661
0
14793992
0
0
0
0
0
12035352
0
209933
0
16131885
0
0
15590977
16690150
14027155
0
16459565
11709860
3417623
6956217
14972797
0
12169041
16167936
0
0
7628030
0
0
0
15604651
15112429
74625
0
14320108
0
147886
0
16032471
0
0
0
0
0
0
7619528
14006971
7177391
12761561
0
0
0
15314900
0
16383937
0
9219214
2567179
13161022
593115
0
14882246
0
0
0
0
0
14990554
0
7782181
6608852
0
16724957
0
0
0
1145716
9787200
10143820
0
0
0
0
0
399663
2377731
15186338
16225828
15319256
0
16598138
8469190
14609548
13285315
14264182
0
0
5627914
15599260
0
6041401
0
0
0
0
0
16496365
14076482
0
13505440
13119208
2006373
0
0
12477691
22689
15698646
0
0
15427618
0
0
2850902
0
2062166
15099182
3606604
0
16332146
0
0
8277681
11050739
4194327
9602099
0
1315911
15538018
0
16698699
0
0
0
0
6236561
5734165
9907663
0
0
10916963
0
0
0
15712924
0
12729190
13927351
0
3330118
9516424
16539651
0
8438146
0
2226890
0
6801520
7953282
0
0
16704252
0
0
0
11238336
15563921
9627704
0
0
15265227
16529366
0
11064185
0
0
1356784
0
6184212
15242937
0
0
14468564
3201519
0
0
12327130
0
0
16548131
242385
0
0
10292992
0
16176528
16342918
16054701
0
0
0
0
16578170
0
0
1925959
0
0
0
0
0
11323669
10156670
8215296
2024041
0
0
0
0
0
0
2859808
15591919
0
13757745
0
0
2733498
8462168
12330054
0
13775224
0
0
16635210
2796361
0
6810
0
9241111
992819
15676007
7924955
13577740
16407995
0
0
0
0
0
0
0
0
0
0
0
1480442
12644805
0
4080037
0
0
0
10600219
0
15143651
1787527
1789558
0
0
1288744
0
15124294
10025334
0
0
0
16219618
14235798
0
0
12423721
0
0
14846016
16549518
0
0
0
0
0
0
0
0
15898102
0
0
0
0
2963348
11512602
8380602
7264168
0
0
0
0
16331728
0
0
9133702
1483093
3285003
0
0
10938121
351704
379
0
0
11322614
7485349
16592763
15459065
7769512
0
0
13010223
16692319
0
0
0
12054696
0
0
0
0
11635
13644815
0
1366363
0
0
13640920
5745329
7422149
2582825
10648428
0
15442475
0
2966192
0
3434456
0
14
16406532
0
4591278
0
13748084
0
0
0
0
0
12076348
0
0
13081713
8863197
0
0
0
16632841
47618
0
5220775
0
15159644
554393
16718284
6959743
0
0
0
15429326
0
0
0
11511878
0
0
13275274
0
2766909
0
0
0
16002779
4234144
16243573
3137950
7236396
0
2445477
8049180
0
0
11531694
0
0
0
12176854
12133729
0
0
682595
0
9218096
0
14593338
3608065
14668964
137535
8703954
8940817
16137670
0
8541950
15961541
9014915
14623747
0
0
15601816
0
5821205
0
558
8196089
5989858
9494269
13899732
0
0
0
0
13949133
0
0
0
12863941
0
0
0
7889755
16245357
0
0
13488059
15261867
139937
12047761
16480486
0
0
13966816
0
12466216
0
0
0
0
0
0
9243631
16370833
11764771
0
13818615
0
0
10847522
12073633
0
0
0
0
15372138
0
14669509
0
0
8634000
15242280
0
0
10594139
0
15951579
979
10042361
1900566
0
0
2333563
0
0
0
16561022
14004038
9646806
13483046
0
15861715
0
0
0
0
0
15921098
0
0
0
325545
0
0
0
16754999
0
0
16098823
0
0
0
13180406
16298995
5388807
12806280
0
7301784
14164058
16476528
0
0
0
31297
0
15898048
3516616
0
15810990
0
0
10875049
14268977
0
0
4491200
11217821
0
0
0
4148318
0
7374974
15381152
0
16408063
0
0
5512275
0
0
16779700
0
0
16387758
2477126
0
0
0
15802772
0
0
7509141
0
0
0
16094830
0
11907387
4832197
15885687
30063
10257919
10240231
15371857
0
5486548
16794714
0
5026462
0
16407952
0
0
0
0
0
0
0
5293364
0
0
0
5648519
0
0
11152745
0
0
0
1587235
0
0
5986282
0
10944281
16738667
17805
4190737
4062535
0
15874375
14605728
0
0
4115311
8608653
16707912
0
12295120
0
3001191
602362
13958106
16428805
0
0
0
16211052
0
3132322
13802844
0
1563517
5233302
7333908
16529292
0
0
6089295
14809157
15730543
7816751
3284656
14000901
8581366
0
0
0
0
11426025
0
13632144
0
0
3793363
0
14492829
0
811
0
5375492
11351932
13919735
8767841
0
16549176
4025141
6913616
10373457
0
0
776761
9616650
0
1221300
0
248641
0
0
0
4248333
15289127
0
13354854
16211358
12456
0
4755319
12127052
15734110
6561518
0
2527474
0
3679226
14521240
0
0
15344079
0
0
0
0
11548640
0
1400302
15038246
0
0
14372418
12566357
12538692
0
12870805
10328342
15484641
0
15613582
16687940
0
3906695
0
0
1220991
0
8107127
0
0
8262963
0
0
16307149
0
0
8590434
0
14085982
0
6686458
0
0
14302099
5838290
123
0
0
10136317
13868057
15624137
6879021
11913068
0
0
0
6111556
14803641
4166346
16822482
13331431
13378253
0
0
11785723
0
0
0
0
6015662
16346907
16605827
13971403
8275735
13450744
3270687
10335408
0
13475658
0
0
0
0
14521240
0
0
0
16163522
16235346
0
16233329
3388785
2322118
0
14277229
0
6490161
8461948
8044910
3414036
5530437
16701113
0
16065218
5175989
0
2983827
11073018
14072505
0
0
13938943
0
12646556
8766960
16684634
14371156
4291092
14851778
0
5301231
938606
0
0
11839474
14023610
0
0
0
0
8614926
16319275
14175528
0
9261382
4722646
0
0
0
0
0
0
0
0
14788049
9331145
2058924
0
10098723
15199012
0
12536942
0
5172507
4316037
841893
0
0
14600480
16713533
12780124
0
0
0
15434738
2382431
0
15094915
8427539
0
0
13504251
0
0
0
11267658
12744917
0
2446794
0
16025661
10351059
0
0
0
0
13625525
0
1966060
0
16786642
0
4346328
12912027
16865458
14669620
0
4721296
13846341
0
0
0
0
12284530
16583574
3502091
13933388
0
0
0
0
0
16824049
7335507
16850457
5912503
0
3262892
14302688
11582855
1739944
6846509
14166910
15967582
0
15809248
13415439
13827870
3571988
0
10360371
0
0
0
7060258
0
0
12033331
11537746
16833545
16320245
0
5189010
0
0
0
4456296
2103246
1896214
9144650
16891841
1352980
0
0
4725957
9256969
0
16155001
15065775
16175950
0
3429502
15813426
0
0
0
10843710
0
15369358
0
5617170
0
0
0
0
11738980
0
15902845
0
0
16837621
2122315
0
0
0
10816876
12814779
15083543
0
637
16838153
14780055
6846212
0
0
15184465
89
13709437
5194786
0
16786743
0
8575295
522380
12051091
11030385
12133574
0
6550566
7554555
0
12754859
0
0
11797549
15652058
14695524
10692082
0
0
5728158
0
14489032
10758266
0
8028685
0
13489751
3214696
0
0
9955408
0
6596620
0
0
16642634
16177761
0
13253126
3622443
0
836537
0
3946599
0
5286617
0
0
0
0
14618431
12265678
0
14104769
0
0
13912303
10933446
12579555
13957120
0
1451522
0
0
15173429
0
0
0
467
0
12359198
0
16861827
0
8339212
0
0
0
0
14068573
8099996
0
0
16475047
8052914
3118527
15854947
0
13997113
16761884
16713390
12576103
16655872
0
4308874
0
15875147
0
0
308707
0
4665817
0
692602
12611711
0
0
10645204
0
698250
16416544
16702768
0
7860856
0
0
5046847
11132742
0
0
0
13570175
11314161
0
12905458
0
0
0
6964917
0
13473387
6243725
0
16942519
0
0
1511434
0
0
4897539
1729055
0
1206364
0
10627964
11217004
0
0
2932690
15565115
0
0
0
10557889
16868786
0
0
16114453
0
11270837
5603293
0
0
8095982
16116763
0
0
7821163
0
14158589
0
8838347
0
0
15878614
16947741
0
13166315
9925545
15837419
0
15914352
16172139
15851184
9422756
14668911
3402202
12449950
0
0
14006679
3558983
0
0
0
2221999
16070437
0
0
11271090
12226597
0
0
13195692
0
6124865
0
0
16812263
0
10580749
0
0
0
16667137
0
0
16071692
0
6513094
11174751
13143376
0
16919818
6820383
0
0
0
0
0
15659424
16834816
11688061
0
0
15853422
9757236
0
0
15918696
3063910
0
0
0
14740580
0
16874599
14744868
11753537
0
8437806
15875414
2822457
16816926
3782296
11448744
7519295
2624333
0
0
12640711
0
6321920
16193214
0
15668031
0
15869447
0
0
0
0
0
0
14372733
0
0
15838861
6969381
9567071
0
15981896
0
0
0
15336466
0
13375573
15704543
0
0
1547086
0
13180723
2078819
10835773
6309774
0
0
15118819
4872206
0
9315312
3500528
0
0
0
0
3237195
13913374
0
0
0
0
15719814
13015269
16521429
0
16812756
0
9431347
0
0
11670019
2097800
0
0
16141056
0
16952032
10335140
12569821
0
11708382
30825
9516194
0
0
0
0
9460177
16250867
9333161
16892976
5942202
0
0
0
15168660
0
0
0
11608940
11435294
0
16298017
0
0
11853388
7876400
0
0
9410189
10744699
1622442
16219750
0
3195710
2897691
0
0
14453918
0
572511
5701508
8964686
1817910
0
13752213
0
16324455
0
9825651
0
0
15853472
16826027
0
0
0
0
0
14037972
0
0
0
11908143
16522347
16984962
15508571
8955911
0
0
15683553
0
0
0
6457750
15114750
15285992
11886874
0
15916809
11205061
0
0
0
0
0
0
0
0
0
0
0
14809005
0
131365
0
0
0
16324000
16982074
16903566
0
13625168
0
0
0
0
0
0
0
0
10156479
16504443
279700
0
0
0
15487784
0
16987521
0
4744300
0
0
0
14316369
0
0
0
0
14385595
3086929
0
10160104
0
0
14325321
0
0
9368532
11976199
13532672
3447548
0
3501169
0
98
0
0
3546551
0
16182598
12581770
15535118
7650108
0
16819815
0
0
12581436
0
9334768
302625
0
15176401
15887834
12441560
16612399
0
11227177
2585199
109
0
14827130
0
0
0
108816
10684227
0
2773355
0
14192498
0
7729361
0
17054317
14513490
0
17088086
12922998
0
0
10332272
388349
0
0
7348008
0
0
0
0
0
0
14959671
17059797
9719311
2160220
0
2098784
16476618
14094355
0
0
968882
4879529
13597108
61126
0
16270307
0
0
0
1588341
17010762
0
11614079
10350253
7079673
16761224
16669931
9566873
16905151
0
9336387
5484369
8256717
0
0
10470012
0
6461739
0
0
5851636
0
6780252
0
14838850
0
2077249
0
0
5135738
0
12242024
13677611
0
0
13672553
2825850
15211008
16672100
0
0
11446398
15769052
0
8677570
9811205
11440517
0
0
0
0
16877999
15626367
0
0
0
0
16579804
12073435
11991120
0
14378280
12372154
4116008
0
16536914
9054788
0
14646087
5495217
16754761
0
0
0
16926479
17095388
11652874
14994679
0
0
0
0
1128519
15640826
0
0
0
0
0
0
0
0
0
16504012
12074028
11809099
17019247
0
12001161
0
8410783
0
0
14753364
16566637
0
11852509
3573923
0
16820539
0
0
15087656
12498142
0
16991020
16355075
0
2156523
0
0
0
0
15897230
3608146
14868126
13133967
0
0
7614902
0
0
4019016
11572729
6635661
13488059
0
0
1098675
0
0
16523051
16589833
15151034
0
16844096
13996578
0
15663013
0
7482998
0
16817949
0
2650659
0
7238701
11662755
0
0
0
12359541
13709818
0
0
16179352
0
0
16431560
7295046
0
0
16080045
0
15799043
0
0
0
14983982
7884133
15541993
0
0
0
9652913
624
0
11397867
0
1751106
14987301
0
16331349
0
12828367
0
16642376
0
0
0
13299367
16174446
8769491
0
0
1685606
0
15889152
10657888
0
0
9990927
13161375
2221678
14415718
8366845
6530774
3388514
0
10714598
0
0
308192
0
16752417
13694128
851
0
0
0
12001286
1590602
11961395
0
11305517
0
0
0
0
0
0
15485837
8198786
1568287
0
0
4567471
5990117
0
13437692
0
9431794
12817002
16474289
0
0
17114963
0
0
15139227
210848
0
8788342
0
6038752
6928106
0
0
9428934
11386476
16687311
16471292
14175754
0
0
12357836
4179121
4444123
4049214
14508239
10061594
0
0
11429808
0
16409656
0
15511950
0
9200118
10513240
14615001
10321601
0
10101473
0
5644789
0
0
15379557
0
7233523
0
7003272
7217848
0
16927654
0
0
0
17033506
1747524
0
11627560
9209807
0
16900336
0
11144000
9873636
0
0
14434522
10857133
0
9316551
7995257
2352361
0
16991619
11063314
2374865
0
16103060
11696527
16835610
0
0
7760281
0
9845556
0
0
13258862
0
0
15682791
9355204
6880314
3333333
14667328
0
0
0
0
0
10838660
16379244
4513861
0
13308186
7056268
0
16674283
0
0
16162072
14704428
0
13305392
14238256
8931240
15722040
11511827
0
16879595
7968566
0
9198453
0
11546246
14159658
10354579
13732481
3415362
0
0
16541743
0
13130096
0
0
5171379
0
16301430
13998096
0
0
0
16877501
16383547
17155562
0
0
0
16175021
0
8750904
13700342
0
14210941
0
10014817
0
12604202
548049
0
0
916824
7305280
3276238
0
0
0
9804649
0
0
0
0
139880
13490031
0
0
8686632
0
0
15480101
0
14902443
0
15685971
13215008
13315696
0
0
16308588
0
12981238
0
15251969
0
11073650
0
0
4330325
10408388
0
0
0
17188629
14667725
0
17035009
0
1739173
3712169
0
8288402
0
0
14586376
0
0
0
0
16482540
0
0
0
16487483
0
0
0
0
0
8054548
9781275
0
0
0
0
0
0
0
46403
7679493
6259266
10679013
3751869
11897643
0
0
6878474
15538823
15196259
16454460
0
0
13349686
16353415
0
0
16491979
0
16230828
463685
1214767
11791454
9319047
0
15785162
16552315
0
0
0
0
0
0
0
0
6615603
0
16543274
0
0
10574150
16656383
4353784
0
0
8114446
0
0
0
1377853
15687209
0
10109799
15183397
0
5701179
0
2924655
16135204
14201850
0
16411178
0
0
0
7716812
15129430
5871527
0
15692129
12290838
0
6989859
0
0
818889
0
0
14547197
0
13313475
16168846
9674849
16715776
0
11406329
4112662
9933235
5096186
0
12721017
581499
0
11066957
0
0
6129688
0
11331130
0
16567642
0
0
0
0
0
0
13253764
15481028
3583005
10309370
11314982
17026989
0
0
8059632
16640395
0
0
1626937
0
4348644
13317175
0
13231427
7081400
0
14669306
13727515
0
0
17056435
8669976
0
6336318
0
14669492
2075932
16200308
251480
11326675
2891073
0
0
0
7578024
13981280
0
8775687
12418973
0
3105856
17054198
16945420
0
16759517
0
16071433
0
4784664
0
0
1464483
0
0
8483866
7597467
3257832
16410573
0
8214728
11452476
0
15828283
0
10741256
0
0
0
0
12336974
12153618
11797679
0
13405141
0
0
5672846
0
7018255
0
7886379
6997748
0
0
0
0
15009795
11757188
15455020
0
0
0
0
0
7879577
0
2979734
14987096
526
16722616
12176219
10274611
12063483
14985922
9070981
13369440
0
0
9777595
0
0
1711629
0
7675695
0
9120573
0
15229271
15135854
15509819
16509166
10758283
0
10784305
11953788
5213277
0
2488182
15880911
10285085
0
17061790
11793926
5982491
0
0
0
0
0
0
0
7029045
0
0
16942035
3658985
0
418014
0
0
17160971
16175757
14616148
9688587
4588767
12904080
8359149
3896109
13869490
13401794
12548461
0
0
0
13964967
0
0
14166803
8559246
9597414
16701553
9792120
15327043
8914898
0
0
3324611
2544789
17079379
7683781
0
15586754
12619276
13497918
15747647
0
0
0
6697749
0
6635189
15605879
12970278
12429899
14313660
15294156
0
0
15747396
0
5781196
0
14174833
0
14485082
0
11446631
0
2688509
0
0
0
0
0
0
0
11974383
0
0
0
5884148
0
0
16990018
13652999
15748439
0
0
3834297
16493708
0
15687702
0
8937767
17034204
0
0
0
11503102
0
0
0
7076021
16192418
12956814
9868241
9570462
9130307
15230528
0
2561683
12750828
17145920
2688737
0
13178628
14168929
2221165
5945363
15676891
7903514
0
0
162786
4698384
339
0
0
0
437147
12074369
0
5069961
16782516
0
6571631
12617890
0
0
0
16279845
15353030
15909141
2679716
0
674933
0
17056365
17272212
14435793
2158309
0
0
5538010
4982298
0
14861032
860
16658272
0
0
13130211
9256976
5119995
0
0
1744502
0
0
8922290
0
16753698
2783921
0
0
0
0
5350112
3306801
0
0
0
0
0
0
0
0
4731772
0
0
11372650
0
17007235
15874917
12864671
0
0
15331822
17305092
16217151
0
2903473
0
15809693
8757024
5347111
0
14600412
0
0
5279584
16760708
0
13526521
14290440
15871963
10507339
0
0
11798998
14101629
0
16375414
0
15366233
0
0
566
0
2216117
5313295
0
0
0
16372521
1886393
17023992
0
17126476
8507188
606837
0
17087095
0
0
0
0
16788715
0
0
0
5831137
17073384
0
0
168666
17096428
0
0
6576695
16255894
0
17268797
0
16841609
7136436
0
0
641728
0
0
10744292
11033009
0
0
0
13603935
3596469
0
0
0
9458790
0
0
0
0
0
16532208
0
0
15566984
313661
0
0
16359715
0
8240604
0
15959044
1614376
0
0
10580931
548417
16368990
7954918
14319124
0
0
0
14068274
0
8049322
4566753
0
16251819
0
4979633
0
7678885
0
0
0
0
10700538
910045
0
41
0
0
5052492
10892278
15142636
16033591
0
11973475
10315681
16436329
0
16701113
0
0
0
9398952
15060005
0
5072651
998989
0
0
0
7019116
0
1379702
0
8788879
0
16827048
0
0
0
13590866
15332109
0
0
12626371
0
0
0
0
0
17240616
11211423
0
16093415
17006337
0
3046985
7578200
3243507
14692738
0
10294151
0
14245667
0
0
10496328
0
6931037
0
15216972
15643949
0
0
16815571
15623112
16835898
16322418
0
0
3946565
0
0
0
0
0
14865541
16699645
11048725
14359389
69781
0
0
0
0
0
0
15630482
0
0
0
0
0
0
0
14867908
0
0
0
0
5230976
17255465
0
0
0
6562251
0
0
9014303
15284336
14814367
15837829
7960373
17075618
0
0
440461
8308333
8875855
0
0
0
0
0
17303858
0
0
17302810
0
0
12627156
12274407
9568353
0
17257792
0
0
12494860
966
0
17318319
11808739
16594080
0
0
0
0
11077228
15097822
5455141
0
0
5298139
15143748
0
0
0
0
0
0
0
0
0
17369482
15334757
0
0
17246734
0
13541204
0
5617124
1169352
9635582
0
0
0
2665937
15958729
0
852160
16637412
0
16731814
15110954
0
0
674
9419774
13233592
7316154
7516203
15187506
804743
0
0
12897542
14701959
12017572
0
14305395
17304585
17264679
0
3989191
0
9328960
14893584
14432734
16959000
0
16741016
0
0
16068557
3999870
0
5101395
0
10767383
0
0
0
0
0
0
9151690
1696851
0
11935493
0
0
15085216
7823292
3101495
11360477
12501612
4355890
2017629
17168849
0
0
0
13568979
10728075
0
1937679
17355031
13628854
0
0
3530132
0
0
3138005
6917400
0
0
0
0
0
11851193
0
0
0
9371418
681812
6659120
15440152
4440146
558
0
11572322
0
13363961
257
0
0
11697437
11399682
10907201
742053
0
0
17163497
15359274
0
17109072
0
0
0
0
16973039
0
15800983
0
17397379
0
0
0
7321591
0
15207995
16472352
16525369
4513734
0
14292889
0
0
11819205
14525358
0
0
0
4271967
0
15959992
16546372
14421359
0
0
5885926
2303430
9884976
9235097
0
0
0
16754230
15639080
17024589
0
17383567
0
6032516
0
12726416
0
5311026
2552936
6666928
0
0
0
15371623
1898825
0
8603319
0
0
0
0
4526236
4297090
0
6711944
13558509
2039531
5348605
0
17307022
0
0
2400214
15751699
0
0
3286107
788279
0
16935542
6300992
0
15578116
10434496
13036474
0
0
0
0
15041310
3525492
16749615
895
0
15773349
0
13862191
0
14377363
15946666
0
13438126
0
0
15038329
0
0
7954169
9482470
17204365
0
13480813
0
0
2141448
0
2544382
16336104
0
0
9721667
0
0
17395403
13208640
15250471
12893879
0
7901924
0
0
7901924
16410962
0
8261952
0
0
15559476
7234709
0
0
16010552
0
8220832
0
0
16418652
0
5447397
0
0
11856424
0
13362256
0
0
17281308
14666055
6038470
13714521
5176152
1449483
1575323
0
10711543
0
15897715
13903517
13262376
9499308
7401390
17111718
0
13572422
0
10431169
0
0
14489870
15446592
0
0
17298532
8209859
14300079
15275953
0
0
11698251
13071364
0
508969
11164431
0
0
17138778
0
0
17397568
1828307
0
15332643
0
0
0
0
0
0
17461744
17358913
0
663043
0
0
0
14374109
3709732
17282214
0
16797245
0
0
10407489
11055334
5496303
15523748
15859516
0
0
0
5143669
0
0
17419538
15356420
0
0
15805142
16852715
11166890
0
9092286
7440853
15251739
2751529
0
1389003
0
7728229
17237188
0
112579
0
11638328
16305121
0
0
17365018
0
0
13624176
764
0
6032700
0
0
2197041
0
0
382
0
0
16313530
0
0
16078654
327522
15903572
0
0
1436108
0
0
14891905
0
0
3604568
14371205
17037073
2360502
7174998
0
8043780
5729175
0
0
0
0
0
0
14590161
6674272
11876852
6997955
10175350
0
0
1369330
0
12265374
0
15703464
14488777
0
0
0
10653701
9585236
3483373
8819842
0
0
0
17478123
0
14211595
0
10142609
2429747
0
11409225
0
15855385
0
5944885
0
16576866
11110655
10157553
17345858
1597583
0
17262654
5375316
28940
4676322
6296251
0
16341023
17148586
0
3217843
16817895
13451345
5422982
0
0
10112973
0
10206872
0
12554855
15382707
0
0
6359177
17216931
12315419
15515523
0
0
0
14910251
0
0
2081673
0
14009374
12361623
13756456
9213749
15393661
0
13527751
17454405
9453314
0
0
0
0
14068171
16838811
0
0
16828116
11540366
0
14412501
16299487
13574392
0
1008455
11260495
0
1781700
15088578
15906234
8353171
0
0
0
13705278
14830648
13561834
0
3120167
11983914
0
0
0
0
6636966
9131406
0
17520367
0
5506466
0
2732914
0
0
13193552
0
0
0
16474989
0
0
0
0
10756950
0
11978604
16351191
0
7593744
0
8144833
1138492
0
578047
6469772
0
7961916
0
3889894
17054868
0
13996276
0
15422860
0
0
0
11512986
9679823
0
0
0
15867508
6690900
0
0
10939906
3618748
1819513
9042862
12678461
7836417
6277656
0
0
0
0
0
3148179
8669148
0
16253991
0
15030620
0
17192553
0
0
10930651
2712825
0
15661347
1578474
0
15441737
0
0
12500422
0
0
0
0
0
0
0
0
17047586
10990577
17354541
0
16178563
0
0
15899302
9874561
0
0
0
14424192
15811731
0
3807460
9664871
0
15108859
4772152
0
1134910
0
0
0
168
0
0
0
0
12403247
7106707
15705726
16629577
0
0
0
13901034
0
17472908
0
0
0
0
16329471
0
12137402
9558568
6216137
0
14526687
10964133
8951789
17079753
7795807
0
0
0
17247012
0
11233056
0
0
0
8488864
3542920
17033997
0
7523241
0
12146214
10317182
0
0
0
15885036
0
0
0
0
17084279
0
0
15213975
17407147
0
2061995
0
0
0
13226131
0
0
0
17454661
0
0
0
0
0
2970065
0
0
1951356
0
14995693
12494651
0
0
3865212
11409813
0
0
10923185
0
16709577
16375360
12378015
1586904
0
12564062
0
0
3740480
12378090
15786336
0
5924998
0
0
0
0
5114811
10166716
13518658
16580986
0
11791550
0
6102741
0
112798
14331377
9080234
10408195
16351582
11425393
8251573
11804351
16572996
0
14403062
0
12715583
0
0
0
0
0
17501265
13450251
11745628
11027193
0
13469768
0
0
13762258
0
0
10436795
12760112
0
0
16593509
14619611
0
0
0
0
17183901
0
0
17494536
0
0
0
10579802
2242672
0
0
0
15588139
0
0
0
13498654
0
13723760
0
321234
0
0
16902178
0
0
0
3868693
6993501
1151036
0
0
15165220
8302696
5261877
0
0
11343176
0
0
13176002
0
6548132
16709583
3603323
0
11244787
3019840
0
0
14547620
6987473
15996358
5462056
3687927
0
8245732
677036
12697976
16151881
7253279
0
0
11537732
4595109
0
4652525
15380554
17574610
0
7766291
17318812
17549511
0
5928361
3126006
853080
0
0
13577613
0
5898842
0
0
0
14227967
0
488204
663373
14111700
0
13455007
13400489
0
14169617
12275378
0
0
15365702
12872669
0
0
0
0
0
3274057
0
0
1464109
0
16158016
0
0
17528165
0
0
0
10109301
7055864
0
8945687
15758094
0
0
10452292
15469111
17367119
0
16683588
0
0
0
17102503
6856943
0
0
0
1983196
14112110
14621702
3615065
14656797
0
0
3339974
0
17546798
0
0
17494811
0
0
17587597
16944839
10328153
1928882
0
16644977
3339974
17388864
16983135
0
0
0
0
10561111
13418675
10208913
0
0
5842195
0
13626222
1645574
485
0
0
0
8443833
15447519
0
0
0
0
0
0
17516651
6691303
10068792
0
0
9738391
14481238
6311462
17529411
16487854
0
0
16143107
17601387
0
0
6800524
0
0
15737810
13435890
6797941
2335100
10927949
4112174
0
0
0
0
0
9719609
0
17061623
0
6487250
0
0
13711837
0
4796466
0
5554159
3001786
0
1559831
0
2588176
0
17298902
0
16602585
0
792440
12910965
8090864
7091094
0
0
0
16096668
0
7181012
11073233
0
10747657
0
9527037
0
14210019
15159844
0
0
16959428
0
0
0
0
12597554
11533436
0
17287987
12631816
13485667
4269434
11372185
13568267
15640839
0
0
0
4592643
0
12568534
17247241
4321514
4449223
0
0
0
0
0
0
0
13275732
14315738
0
6857188
0
0
0
0
0
0
17019489
15052009
0
6126298
5982825
16157418
17585998
13296918
0
15871353
10474336
0
16288490
0
17250634
0
14404269
721271
0
11349336
0
0
8104626
0
0
0
5271236
0
0
12884898
8917611
0
4962548
2027113
0
0
0
0
0
0
14968662
0
17034231
0
0
17623729
0
0
13764802
14145071
15154583
0
0
16362598
17296189
2215489
0
1451276
15785304
2870207
0
0
0
0
0
15059707
9737687
0
9084449
8735884
8175197
853334
0
4983193
15216134
0
0
0
8173744
0
13860396
17112097
16125587
0
1677663
17491038
2513216
3878809
9663913
6186380
0
17469218
17211506
7941582
16750316
2215592
3780165
0
12923249
0
0
0
12244601
0
0
3740480
0
14311326
9607006
0
8502300
0
0
14663115
16774536
0
0
0
40448
16636581
13974420
0
0
17434962
0
9960173
0
0
16524214
0
0
0
0
0
13431077
0
3303043
10449050
7903978
0
13795681
0
0
0
13116712
12507887
11185524
17652444
0
3545612
17467212
0
0
0
0
14739275
0
0
0
17127789
0
0
15352743
0
0
0
0
7765291
0
0
0
0
0
0
15877171
5624453
2508037
7626646
0
17289610
12312090
17633767
4323136
0
286334
0
8220745
0
0
10486057
10627641
0
2574317
7907184
6572441
3477375
0
14362591
0
0
13125511
0
0
8094616
16760769
0
15331761
9029515
0
12226485
0
2831336
0
0
7348400
0
12089852
9807390
0
17112261
0
6336055
0
17393431
17163209
13750810
0
0
0
0
0
16741461
0
17411866
17041403
0
0
6994964
11268552
4013502
1204616
17685176
23456
0
0
16338231
0
0
0
0
0
11604178
982068
6451191
0
8519300
0
0
12463647
13867780
0
0
2418487
0
14438538
1148438
14051259
4887671
0
0
0
0
15944048
13477027
9463556
107100
0
2975178
0
14866142
0
6706518
12622538
0
446
0
0
0
7575594
1409788
0
13515828
15828056
17396833
0
14519074
0
10373909
0
15412950
0
17686913
17698911
1759463
2984350
2859993
0
17661209
4099738
0
0
16487870
0
0
0
11727335
1238415
0
17461839
10284219
8087341
0
702
12931037
0
12778403
14171971
0
0
15798761
0
0
16918152
0
0
15895421
0
9126468
3329678
17189940
0
8278275
13090269
17263131
17587743
0
0
8664871
0
0
15089905
17471997
4641007
0
0
16924763
0
14973853
17699471
0
0
13802262
16657930
17595904
10794189
11432202
0
17586288
4138990
12145249
0
2202317
0
0
0
6197298
0
0
0
15876091
0
14360978
12163353
0
0
0
11956539
5468201
0
14224191
0
0
0
1437078
17335153
17186196
587832
9068251
0
0
15787288
0
0
0
0
0
0
0
0
0
4066433
0
0
0
0
0
0
0
0
16384410
0
6555311
11019954
1345712
0
14948674
16668541
7428441
9020754
0
13706625
5330196
11001550
0
0
0
15815045
0
0
0
0
4104299
14302238
11815354
245506
15939124
14584359
0
0
0
17322768
17352033
15525513
14870284
15355782
0
0
0
12124941
6794689
12528307
10215481
0
0
0
17125567
0
15002022
0
0
17695497
0
0
0
1960188
0
0
1519235
0
0
10049243
0
6589534
0
0
3844973
17753968
17367571
17584697
17063316
17469651
0
0
0
13
0
7359883
12283671
0
14002949
16862822
17623524
0
8637057
0
0
700
15342291
17767217
17210119
16437342
0
0
0
11997311
0
0
0
13264473
369
0
0
16127069
0
7034195
0
14825762
0
15928778
0
10745743
14853177
0
0
0
0
0
9675039
0
17614825
13040570
6421806
0
0
0
2697102
15746026
0
0
0
3834004
0
0
16673437
0
179966
17481977
1833078
0
269
10534041
0
0
0
0
0
0
17628136
0
0
7476575
136
0
0
0
0
157522
17266080
588069
17565690
3510382
0
0
16923054
0
16309846
14707972
8247741
13285273
15034893
16922662
0
0
0
572440
0
0
0
0
2871372
0
0
17481268
0
11353895
686265
8623074
7330032
6501241
0
424064
11514574
0
14818549
9967330
0
9270255
17482569
0
0
12263927
16609021
0
16412374
8198709
7972936
3943392
8698278
17717408
538620
0
13945124
0
0
0
15607854
17471997
14712936
13931335
0
9471312
0
0
0
16002802
4869794
12290838
17753659
658
0
184636
11172268
0
0
0
16768285
17352556
0
12883321
17654583
9760240
5692963
0
16838811
0
4517459
0
0
11870401
15064694
17636260
0
12463328
0
0
17519677
0
17779177
0
1053482
17596833
3849276
0
0
0
0
0
11717250
9187814
17521875
16475014
682934
0
7464634
0
0
0
0
0
0
0
15355034
15190420
6839891
0
15968548
0
13233475
0
0
15663198
1748325
0
12925214
13174996
0
17502303
16364818
7162202
12045855
15490841
0
17187467
0
0
0
3916296
0
0
17403534
0
0
0
0
0
8771417
17113320
0
0
0
0
0
2034637
15251305
17758321
5720398
0
1276748
8116062
16786059
5377800
0
0
737137
11709206
0
17284432
0
88262
9115863
12382803
0
8707622
9947745
7587725
13955064
10487133
17153681
0
0
9227262
0
0
0
0
9616612
10720286
7283544
0
0
8060614
0
0
0
859787
14407928
17369258
1407732
0
15554432
3008572
0
0
16635737
604209
1953443
0
14570287
0
1677695
11254834
12526600
0
614
0
0
16572849
0
9334681
14614388
0
10342300
16342558
17421742
15670087
0
0
9908310
8149051
17048322
0
3406301
13193196
0
0
15890290
0
0
8228263
8019818
13530873
0
17431012
10445601
0
11635193
0
13022955
16076404
4031965
0
17804211
0
0
17708212
14580716
0
4007162
0
0
2331993
0
0
10268087
3251711
7960176
15503876
1442544
12586890
0
0
0
15260464
0
0
3318261
0
0
12635263
0
0
258008
15566332
0
4006902
12515884
0
15136676
0
17667475
0
0
0
17856408
0
0
0
9233435
14387701
17294597
672336
0
13079309
0
0
14760075
0
17318520
13869308
0
15790061
14379
5705870
17286672
16441113
9686629
15194648
10494249
0
10720755
0
2621956
889850
15319334
0
16203498
15784419
0
0
0
15279327
13245916
11894268
0
17773911
0
2886112
1958804
9517041
10304309
1164494
16272765
983
17192168
0
17328387
11623562
3700470
0
15448083
12147237
15116166
0
0
9059444
0
0
0
0
0
0
17332090
0
0
10522999
0
11711041
0
0
943081
16635838
0
15228330
539684
0
0
0
1299740
17576231
0
2692043
8876674
0
0
0
651364
17246476
16602435
4579840
6122801
0
5407043
0
16962081
17305303
0
17424560
0
0
14380576
0
0
11194136
5574642
0
3810350
16435163
11722887
4359439
0
11533939
17517005
0
0
0
10634124
9136823
11627906
0
0
0
1075443
13617010
0
17135843
5968481
1753102
17121753
0
0
0
0
16140229
11540190
0
0
0
12988332
0
9083955
17011566
0
0
15958898
0
15797323
0
0
9448991
16671254
0
17708903
17787142
0
0
0
0
17798349
6194196
0
259
614418
0
0
17266639
0
16027227
0
0
1486544
0
14506742
16161037
0
643762
0
0
0
0
0
0
0
0
0
9523208
0
13281368
12655862
17589987
0
0
5732443
12717133
0
0
14307589
1453781
0
17910536
0
0
11257976
0
5612279
9721516
10875520
0
0
0
12344614
0
10314531
11941520
0
0
0
0
0
13019729
4595655
17922850
0
0
0
0
17787063
16413708
0
0
2253725
0
12529275
4951594
0
0
0
0
17050009
15872154
16864106
0
0
8823678
9215545
14418544
0
9204788
0
0
6576179
17890906
16792695
11551564
0
14378829
0
17605497
0
0
1910687
0
17393097
15057865
0
6184076
1389089
0
14652056
0
14913300
3777366
17893131
5924310
675706
17885224
15784161
0
0
0
6054
7718870
0
11455587
17399560
15563724
0
0
0
17714106
0
0
0
9811460
0
0
0
0
4766167
0
681291
0
3082798
16432528
0
14531717
0
0
5306397
9517160
17688870
14777787
7883735
0
0
17407759
0
10563264
8993177
0
14360108
12892950
0
0
0
0
173677
0
15100596
12716669
866767
0
2340078
16698253
582330
0
16017690
0
17378383
17594996
298072
2770794
0
0
0
0
5688572
0
8420633
12109507
0
4355490
6479175
10277671
0
4093869
0
1079616
0
0
0
113777
0
8225303
494945
11924607
0
17911612
0
17728578
740929
10674173
15859410
128124
13398394
0
0
0
7728222
16940778
0
5663564
0
3051592
0
2011980
0
0
0
0
10473971
0
0
17543950
0
15176634
7493096
0
0
0
0
283841
0
16163782
3092514
16877519
13609256
0
3346767
0
16775079
3660326
0
12324371
0
17838655
17281057
0
12430653
0
15351615
6371461
0
0
0
0
0
15563296
7068324
0
11914437
12754528
0
0
62917
17824567
0
2142865
0
0
2374756
13441007
10669899
3803901
0
0
15657582
12050794
1230372
0
16273432
0
0
15897794
0
8072283
0
5730600
1427492
0
0
3724294
17353197
9556016
17525752
17856170
0
0
0
15332811
0
9168854
0
0
0
0
5346036
0
11542936
0
0
0
9916314
3123056
6977883
17341043
17911793
13794398
0
6556922
17466401
0
16625459
15320289
0
15592371
12129236
17219324
0
0
8082622
17698736
17315088
0
7264890
0
0
0
0
0
3594478
9548974
14958038
16251540
11555305
9863491
0
1571300
17801872
16284705
12160235
0
16518653
9376527
15064519
0
0
0
0
13300609
1138492
0
0
5169373
5821016
848
0
5770759
11186207
10726629
4266297
0
0
12512312
0
0
0
0
0
14400267
13805209
623142
0
6986126
0
0
16349215
13616745
8282162
12115658
0
4699111
6132121
17890508
0
0
0
10864514
0
0
0
7985836
0
0
16794660
0
17687870
18003894
0
0
16658411
14919348
4362689
17827996
0
0
0
14600992
6866647
866332
13038496
2100547
0
17822926
0
0
6322927
0
14623416
0
0
9658409
17263840
4907408
7464634
18037873
0
13924745
12430657
16864847
13486467
15804687
0
0
17220810
0
98
0
0
11170966
0
0
0
14844316
1567076
0
0
0
17143097
9334306
0
2568245
0
8788511
0
9768095
14238375
1381904
17102739
0
0
11739987
0
13447669
14151323
0
0
0
3044087
17918600
0
17959694
4248929
16143813
3410697
0
0
0
16812277
0
8218811
0
0
822740
0
0
6319468
17852325
0
7916442
5232001
7310955
1515699
0
0
18006527
0
15896132
16701915
0
0
10564709
0
16731596
0
0
0
0
9840097
5290551
0
10734806
0
15253956
17638431
17826462
0
15046520
9934206
16911719
2636116
9241870
16733778
0
17527650
0
15479946
0
16733303
0
0
5862041
0
12674241
2697467
0
7681123
8337498
16941552
0
13345776
0
0
0
0
17526695
17624699
17615838
17548216
0
0
10284079
0
11639053
348158
0
0
0
14592667
12271417
10754942
0
10531435
0
0
0
8391041
0
12338626
9976016
13762278
16031457
13156093
12682292
0
0
11413180
0
18078468
0
11789247
0
0
16681353
10823043
0
0
0
12843652
15193850
8333015
0
0
4999946
17664602
0
0
0
0
11161171
7633494
0
0
0
0
16373418
922734
0
17303321
17631069
0
0
6987039
0
9407154
0
6554698
16448935
18065204
1471246
0
0
11797205
16475214
2926772
0
11394654
0
13455154
0
0
17765656
8609585
0
0
0
0
17877892
15298072
0
17992344
0
0
16850664
0
17281281
0
10523619
0
0
0
12857673
0
0
0
147508
17708795
0
12649972
0
12432956
0
0
0
18041377
0
12629316
16396
0
0
16855173
15176377
10383696
0
0
0
0
17858765
17982694
4278683
0
0
17972284
0
14117265
0
7568080
0
6102343
0
7354117
17225613
0
1679980
0
15968952
0
1045933
0
0
0
0
10825377
10977560
16850555
7939764
10492633
0
5669494
0
756
14509308
0
16610238
14115859
17757609
6352858
0
0
0
16689782
0
17167410
0
6241566
0
0
7374492
0
0
13710782
0
13709399
0
8895368
0
4284741
0
8625321
4163531
0
0
0
0
16994738
13439125
0
0
12356615
0
0
14601346
11077675
789
0
17314229
18005096
16524955
0
14269169
7585081
15693996
14449143
18100599
16434595
7727964
0
17303646
0
5331159
7821773
17231777
8830177
13243034
11659924
0
415
0
0
0
0
0
7964386
0
0
0
0
14598325
18120667
412271
0
0
0
1468684
17990788
13925777
0
0
0
14254781
0
0
0
15465506
0
11676493
16156889
0
16383150
0
0
0
6615609
10658566
0
0
16257075
0
0
12394267
0
0
14919592
17640793
0
13353628
0
4634775
0
0
0
17938659
15052020
0
17834041
17942491
11658075
10634309
0
0
0
13671141
16451637
708181
68509
17747452
0
2649843
2922359
0
0
0
0
16443392
18062245
0
0
0
5307828
14102883
0
0
0
0
0
16211352
10008638
5482347
0
5471101
4957511
14610484
13042149
795488
17047573
14870284
937823
8418717
0
17406084
0
0
0
8937277
13731581
17204713
0
10177176
10473540
0
0
12679728
0
0
8601089
0
13248317
0
0
11031553
16162367
0
0
16362304
0
0
14867338
0
14282915
0
17935399
13159057
14062484
5197809
13199483
14606186
15976220
3355236
0
15716209
12051863
0
16642052
2994285
2264898
0
0
0
2384865
17702699
18107307
17531032
11167402
0
5659120
17084333
0
0
17696902
0
0
2973191
0
14829617
17140011
0
15320289
17909131
17892864
0
0
7085192
16669346
3451142
938214
0
0
0
0
32603
17622880
12874360
673713
0
0
0
0
12534526
0
17105745
0
13185758
18071996
0
0
0
0
0
15243881
0
12547667
16841152
0
0
15915403
2482473
0
13412566
17635890
18136666
9850403
4254792
0
2314264
7078070
0
16441882
0
0
0
0
0
0
17755466
0
14915738
0
7510368
0
0
17146959
15955085
0
10567422
0
17988769
12375785
16574858
11742192
0
0
14919910
0
0
6962531
0
0
12787824
0
2164112
0
0
0
459
0
0
0
0
10297171
8094541
0
0
0
0
14177326
5714081
6004834
5297510
913707
15802081
14156355
0
11544912
14894323
16013203
2411057
11498180
0
17769652
15139790
9910038
0
14990898
13228102
8486431
0
15621422
18110383
0
0
0
5909506
16522511
16595834
0
0
13487506
0
0
5949888
0
15825015
7957409
16765749
17210013
15691162
0
18090034
7095964
2469601
14727993
14625724
17784914
7733398
0
0
0
16881554
11122434
3670077
0
0
16857915
838087
96635
0
0
0
11651788
18192885
15928715
12099665
12040185
17510286
0
18021780
0
0
16412426
7681819
0
17388561
0
0
0
1320215
393465
0
0
0
0
16521908
17150866
0
18166897
0
17568740
0
15586429
0
3753343
0
0
8320225
0
0
0
0
13260615
0
8051936
0
10344528
0
0
0
11621606
15509964
0
949
0
0
4144017
8807390
13881254
16440728
12962845
11650214
0
0
17977544
0
4311093
10197223
17815192
6091223
5600790
13153054
1880791
16991078
0
15712176
17920061
18057401
18137785
7069957
3649424
7388300
0
18135530
0
5352354
11331898
4782540
0
0
0
17854315
5949190
0
0
0
17918124
14979604
0
0
15563131
0
0
17706785
12562725
0
15763069
9865697
0
5307588
0
0
0
9830780
9632822
18247313
0
16595929
0
9048618
12039738
0
11729294
0
0
2511988
15024366
9887755
7194989
0
12212135
0
15102709
7910797
0
0
1005440
18118505
0
18227889
17238904
9926420
15282951
0
17990371
6801483
16013501
0
13083907
16574038
0
5067241
0
0
2438404
0
12291251
0
13213621
13452337
0
12326182
0
14830961
11505673
0
0
2739033
0
3076682
0
0
0
17443383
0
18190774
11365274
0
8088809
0
0
0
14262574
10953372
0
0
2307379
42542
0
0
0
17208900
0
15538536
0
17867623
0
14984549
0
0
0
4708900
0
0
17927896
17483429
10760919
0
17891847
14287932
0
0
0
0
0
0
0
7414542
17010842
0
0
15377375
0
327
17368280
4623536
11011412
0
0
4567305
0
18202692
17614983
0
0
0
0
658803
12414554
0
0
0
0
0
11320520
18165967
0
4583885
17516603
0
0
0
0
0
0
0
15306485
0
17418627
0
0
0
17690997
1407046
14802235
9308860
15508380
0
0
6779032
16658174
17988449
7956012
0
0
993
9469126
0
5376798
17727860
0
0
15489738
4490796
1431519
0
0
631279
7683412
2930173
16717016
4202500
16339037
0
4085742
0
18064221
0
5712792
17720024
17864173
11054811
16349263
0
0
6315176
0
17124675
16209484
0
0
0
13617217
0
11676792
14267736
2076930
0
0
12535
0
12494651
0
17763445
0
10840593
0
0
17978472
1441250
0
0
2435797
0
0
0
18161803
16387604
0
0
0
0
0
0
16485455
17792417
0
0
0
6077668
0
5614300
0
751335
0
0
555557
0
17306292
4385725
10620164
0
16241108
0
0
0
0
8561050
0
16291279
0
0
18272683
0
0
0
17431682
8964447
0
3535759
0
2066854
14593908
0
0
10178684
0
0
17443074
0
0
0
0
7774401
0
0
311341
10725222
0
0
5721527
17837039
13993673
17729247
0
0
0
0
16932445
2050487
0
1334012
6166672
14429146
9956326
0
17463564
18071209
0
0
13154814
17303256
1698086
0
0
18302678
0
0
0
8383233
0
652
13039031
0
0
0
17470133
18131388
10761854
0
0
12264569
11137836
0
975716
0
330313
0
5782729
0
0
0
16428343
1115694
0
16359938
1710349
0
0
16366183
0
12107994
3405525
15092610
10763043
9180588
0
0
0
12777004
7140452
18224540
0
18245066
17659673
0
0
0
0
15368180
0
0
15165628
5603279
0
0
0
17941496
0
0
0
11271223
4800900
0
0
0
0
6765695
12311492
14391446
0
0
7241491
0
1514059
14693436
12050853
6999325
0
17002169
10478228
0
18074665
0
0
0
0
9833640
0
0
3484137
0
0
0
0
8082837
10347539
17586490
1752486
16234197
2546974
0
6998519
14408031
0
0
0
0
7626906
0
17616735
9382339
18008551
2703443
16181438
18229311
0
0
3196052
18333844
16299823
0
0
0
16487738
0
14501842
5954091
0
0
18175143
421256
0
2382003
0
0
0
0
0
45012
0
18173176
18351160
16521606
18058061
13529641
0
17463696
0
0
0
465020
0
0
13822049
14372865
17308827
0
0
0
0
17823260
0
0
0
7494183
15659280
77383
2237657
0
15038698
0
0
0
16373845
0
0
1399776
0
10758549
17254540
909758
8087009
16397857
0
0
0
0
0
2102870
0
0
18205354
373254
0
4032793
0
0
0
15082250
4071873
0
0
16038640
0
17236228
0
10430348
14394364
13909029
0
4728505
1086610
991
18334736
0
0
1535437
17561568
4663457
10145842
0
18203869
0
0
10927385
15611848
0
18400762
17422056
0
0
0
0
0
0
0
0
15757482
15376847
0
0
17086217
15532316
0
0
11246484
0
11074922
2729184
0
0
2703195
8223633
12763315
15232093
0
500
0
14504617
4129223
17519838
0
0
13763784
15870297
0
12051979
0
17743397
0
6989905
0
14803173
18225138
18347238
13866439
0
0
14873840
286
3399191
16944363
0
9758996
13628170
0
891248
13782616
0
13413817
0
0
0
0
17375066
4873035
4319791
15425112
39256
0
0
18145935
0
0
0
15471546
0
0
0
0
0
13712481
0
8702161
8514543
0
0
0
0
0
0
0
2840059
8841525
0
0
0
8174893
9439168
14330308
622
18306273
10445141
0
14683898
7748098
2411508
0
0
676
0
0
11460663
0
16558155
0
13070733
0
13410803
8095178
0
9052565
0
11735994
13038335
14320332
18440741
2488288
13767482
10435184
0
9189800
0
0
14749574
0
17252929
10237052
16760174
6803678
16006993
0
5374414
15417863
0
0
0
17764292
2979392
0
16850999
0
14938399
0
0
16369689
14943173
0
0
0
0
0
3283178
0
18231770
0
18148155
653
0
14327943
17386066
9689325
0
11424919
5807297
18085478
9160006
0
0
0
16827231
0
14454005
10735903
18430444
18245389
0
12395917
0
9913258
0
0
0
0
0
6944785
10877767
818
0
0
17262633
622
2604941
0
14804346
10872113
12284791
11426741
16430227
0
0
3041928
12694664
0
0
0
5379777
12752620
17256839
9670257
0
2147654
8462212
0
17896121
932548
17642524
496115
18257188
0
5877158
3372688
0
0
0
11884527
5063686
0
0
15494483
17493227
0
16909748
0
16595537
0
0
13221889
16455335
0
18425081
14987551
16712448
0
0
0
10975803
13403200
9168077
0
0
0
0
3710050
0
0
15850539
5318652
6823013
0
0
0
0
10529675
0
0
0
0
0
13708181
0
0
0
0
0
0
0
0
0
0
14305584
0
0
5577980
7182570
0
0
17947944
0
4939728
0
9324499
18031522
2839834
6719389
13851184
1036475
18240077
0
0
0
0
8849078
12814203
12787135
0
0
17480934
6724701
13776895
0
13777865
0
18330414
17829244
0
18202207
15175464
0
18122401
9787213
0
0
13634096
4700905
0
13009557
0
0
0
18231076
12920287
11895355
0
8096616
0
0
0
0
0
0
17632734
398
18045669
6459082
0
0
4871260
0
0
0
0
0
14592416
0
0
0
0
3081898
11283263
0
1037641
0
10071713
14321776
17181229
0
581
0
0
3402486
0
13516308
11605098
0
12111866
0
0
17002996
0
17608933
8573518
0
15380010
0
3155964
15522104
17708556
16791711
5899079
9077138
0
0
13778733
13399781
0
0
0
18306053
0
0
6714330
0
0
15777558
0
17915003
14331945
10819261
17993590
0
0
18404117
0
0
0
16533329
0
9616908
0
2059885
0
14498944
742126
0
1447632
13898946
0
0
0
0
0
0
5381139
0
13500785
0
9776080
14921073
17765458
598936
0
0
16569285
4225665
0
0
241735
17102242
0
2400338
0
0
903039
0
0
0
17910319
6627053
0
14073798
12614451
0
0
11869486
0
0
18506599
4575880
18207037
18226492
6506573
14302069
0
18518451
0
0
16951966
6823793
0
0
18413354
0
18086415
0
0
16713510
10487298
9635689
11864042
0
13892882
15229465
0
0
11492884
0
0
12826019
14070089
9041294
0
11924186
15653429
0
3815362
17001165
17255458
0
18510171
0
0
18308208
0
12277326
8511554
0
18170688
0
991389
7201384
13333878
0
816110
1378312
0
10932123
0
10657105
0
11043256
0
14460671
0
0
0
0
0
13475310
11954951
15092588
14650888
0
18354954
0
15242632
18409719
0
3326150
10500857
16369862
0
14188074
0
0
9602271
0
17835626
11828666
15320315
0
17035879
0
0
238620
11017653
5344692
1157375
0
5514442
17231380
13392478
5903699
0
0
0
0
0
0
6954763
0
15989097
0
0
17153994
0
2447485
18380893
1312221
0
0
0
833746
17448591
0
17389445
1692701
0
4209259
0
8327069
18442653
10729916
7881017
17670639
4810920
0
1626937
0
0
17786815
0
0
7288903
0
16156882
0
0
0
0
10046429
0
2721838
0
1149740
10603543
16499320
0
0
0
7941556
18296165
0
18050721
17121185
18459100
0
0
0
0
17547861
0
240427
0
8411332
353557
18505636
8897666
8883204
18183568
0
6202107
0
946827
16513531
0
3481473
6370933
8642539
0
0
0
14419504
13796591
0
16526813
220422
3324308
999124
305630
13675577
13872740
3108242
0
0
18360915
619279
0
15262138
0
0
0
11288430
0
18508870
18507490
9305579
0
7718054
0
0
0
16490810
1677971
0
0
0
0
0
12151503
6331955
0
0
0
0
0
0
0
0
10650989
0
0
0
17219040
0
0
10106652
5197984
7134751
14405923
18322795
0
0
18314159
0
0
0
17600556
18473758
0
9642481
0
0
0
0
0
10913394
38937
0
14297616
0
1564027
12676564
909758
0
12655160
0
18248097
11978051
14403764
0
0
4624585
1458371
6565022
18399555
0
0
10500692
0
0
5859339
10918868
9046613
2404764
16796604
1356282
0
3663971
0
12446337
18366964
14497634
0
0
0
0
18337036
12432119
18550960
0
0
0
0
0
17566830
18368738
0
17671533
5038492
15394710
16588676
0
0
0
7292778
0
2875398
0
10739846
0
1362019
16475127
0
8203229
0
16321561
0
13456999
15017014
7288903
0
7622900
0
18251857
15612871
7907930
0
17000862
14922943
16200087
14391933
11958804
8987673
0
5868189
0
9135597
8430958
0
5801783
18018323
1554539
0
10318341
0
12324671
47301
17208175
0
17991179
18188775
10302
0
17319983
0
18612612
0
10072040
1433710
0
0
0
0
5335362
16391864
0
0
11654165
12891317
4354206
7563365
9680191
0
6354371
14886591
0
14389325
15680073
0
0
17919590
0
0
0
3711046
0
16632783
4906201
7919829
0
0
17000104
2695311
8160672
0
0
18487277
0
7736939
0
10150996
0
0
0
18460184
4091262
13462257
0
16482540
0
0
0
0
18191162
0
843
4130913
17641871
0
0
0
0
0
2851250
0
14404126
14300099
0
0
0
5707002
0
0
17680306
11624526
4544741
18504174
0
0
0
18371723
9110335
18572783
0
7988587
4316388
15825790
0
677
18637238
4888915
0
0
0
4922170
0
0
9021715
0
0
0
0
0
0
16155232
0
17378806
17367229
6934148
18523350
17302830
0
18265497
0
0
13291268
0
13870451
12888267
14837903
0
0
0
702767
18436564
14635440
0
18421588
0
7056397
18662759
9768088
18614881
18099526
4084678
13451229
0
17861303
0
17782413
0
1263690
0
0
16267205
0
0
0
0
18128836
0
12359596
15959467
10470379
0
0
7946271
0
8689508
0
0
0
0
15716209
18350878
7665461
0
6152702
4459825
17407221
0
13526805
14394342
3809338
0
0
0
776
16922867
0
0
0
16727363
0
16180206
17441303
0
13780654
15991756
0
17211130
15421184
0
5173668
0
0
3259745
15540357
0
789
0
14740051
14391342
6288646
17102777
0
0
0
18644592
0
5991396
15665271
0
0
15628477
0
18544503
18227571
0
12170082
0
0
16258199
0
0
15542154
0
14921647
12764450
0
0
0
13347637
11214746
0
0
13797319
0
0
8491810
18120488
0
0
0
0
0
17694084
2145089
17160825
0
2209341
14878375
0
0
0
497167
11128345
0
17941597
9445133
0
17438162
0
16316269
2435060
0
0
0
0
0
17975919
4677368
0
0
0
0
0
17514878
17833237
12359599
0
5687463
11427864
0
11081584
10167394
0
6339150
3460680
1941172
13109812
0
0
0
14368444
0
5324957
13530733
17703518
0
240
15392941
0
0
0
0
0
0
0
0
12682629
7061894
17741064
0
0
0
0
0
18104592
6551516
0
0
8256619
11395006
15240059
14450888
0
17201330
11126678
14219881
14413312
10066693
9788198
16707324
0
0
0
5662720
0
6535556
9936997
0
0
0
0
0
0
0
4874567
637
0
0
17059434
0
12290412
11473978
15689185
0
2322382
12722069
18439400
17247607
10724737
18008327
0
0
0
0
16986707
16555953
0
0
12511159
5315284
10283821
14285945
75555
9624664
15861990
0
17422537
17921058
0
18315319
16130179
0
3811996
0
4133328
8919698
0
0
14988743
0
17431257
0
16733710
1720801
11255953
12354549
0
14027289
0
18513710
9946198
0
0
14868659
13201646
0
0
0
17213571
0
28000
0
13528212
16974148
14620033
0
0
0
0
14883048
0
0
0
13510571
3350152
0
0
1793868
11915276
0
17981894
0
0
5641074
6192323
12629230
7569249
15745181
4973256
0
18641899
0
11217843
0
0
0
0
0
18206351
18598578
2692894
0
14999914
0
0
18120488
11134348
0
6949445
0
0
10908453
18258704
5129411
16439150
18623620
0
0
0
17624894
8805116
4970032
18705816
0
14128205
16316069
17062769
0
18658216
0
4151767
8668348
11894868
10070376
0
8716101
0
0
0
0
229159
0
18151689
18322953
16750297
0
18693868
0
0
4967594
15754903
16664646
18551804
10967841
18039470
0
11789316
0
18733701
0
15476443
0
0
18513700
1563593
0
7161090
17638400
16988848
0
0
0
0
0
0
541635
2579043
15733023
0
0
0
0
0
7470063
12265357
0
0
1808052
0
15575531
2859871
17779297
18068495
9451471
18618047
16923538
18440508
0
0
0
0
0
0
0
0
0
12161892
0
11219693
0
16728188
12326845
0
0
10794701
0
0
17871586
0
0
10803009
0
12495526
0
16940464
17010357
18149773
10920575
16550817
0
13845867
9882454
416991
0
0
0
0
0
7069315
0
0
0
0
637473
0
17473533
14127894
15947648
0
0
0
0
0
0
15958874
5348778
0
9192733
9266766
5717325
377152
0
0
0
0
0
8533504
17048658
15932315
9182938
11413565
0
0
0
0
15445749
18525525
0
15451163
0
14843626
0
12669874
0
7821283
0
0
0
11670283
5191123
0
5628602
0
887431
16657864
0
18117342
7369928
0
11931183
0
0
218297
0
18427801
8670182
0
0
0
18758412
15475797
18749578
343
0
14447734
67939
0
18610107
0
11170676
17917316
0
0
17030954
17398768
18443487
0
0
45825
9560688
0
9843303
0
0
1970931
0
0
0
0
4259656
17065413
18321886
0
8616920
2208724
5503115
16879071
16766095
8652154
0
0
6435480
3584740
0
0
0
7675218
0
0
15711741
0
0
16867567
13237651
0
0
6429137
0
10199981
0
0
3684777
17973418
0
18558343
4029052
0
6920343
0
0
0
7310740
0
0
0
0
13324704
18000838
0
13889982
10027816
0
0
15824270
0
0
0
0
10960429
0
0
11420367
1623028
167177
0
0
0
18765219
7330032
0
0
9660035
0
0
18428640
0
0
0
0
0
13955196
0
10997290
17377331
0
0
0
14770583
4091982
4730046
8822975
12679936
14668151
0
0
1654971
2237887
0
244153
0
0
7451085
6434658
9602271
0
0
0
0
3303544
0
0
0
15131575
3157834
18686720
16594527
2435381
0
18770878
0
32244
17452358
0
0
18662425
0
0
0
16821101
0
10266191
16034771
18555746
12158464
0
13545397
0
13104262
4177945
0
0
0
16449887
15334920
0
18463001
18758695
0
0
0
3759832
17251955
8421113
6795500
11354966
15430607
14119480
0
18758350
6792579
278564
0
9991020
0
0
0
101926
3773268
0
6434637
0
0
2887172
0
0
18347005
5701015
7328092
10431169
0
16470927
13541046
0
0
0
17326543
0
14029462
9802745
0
5135656
0
8824318
0
0
14981675
0
0
11934828
0
10289036
17295145
0
0
17976417
0
0
0
16127896
16236581
2071352
0
18622387
0
15805156
11199657
0
18316888
0
9434220
0
0
15384557
5657112
6661481
16076990
11166105
8995276
15822376
11557
0
0
0
15705023
18672274
16027506
0
15432928
4062865
11529176
13223340
0
12628212
0
0
0
0
18628924
0
0
7464404
0
13056776
4639298
18269768
10345041
17157516
0
0
0
0
6145143
0
0
0
14902004
12642970
18815513
0
0
17112823
17071144
0
10026346
17010480
0
0
0
0
0
13185357
0
0
0
0
17693733
0
10169516
4900475
0
14511868
0
0
13270289
2775161
0
18458302
6513148
0
0
0
10472948
6733193
405870
9201514
5734655
0
0
0
0
0
17581098
3413411
0
0
15866611
18827957
14006802
14943152
485590
0
10472080
0
0
6047898
15883004
15881212
16232725
0
0
0
18656411
4424756
0
17580309
0
17998364
3045976
0
3177094
0
0
0
17934893
970
0
0
0
18705425
8686076
18671466
0
14869316
0
0
0
0
3092109
17853074
0
14533636
16067847
0
0
1112077
0
0
4568067
18637358
0
0
0
0
0
6869260
17061077
17441159
8788618
0
0
0
17984245
10305382
0
13372083
17456915
0
0
17459800
18782333
0
0
0
14191962
0
248785
0
0
0
0
5230374
17910770
17296898
18599448
0
0
0
0
0
0
15642176
17153744
13907361
240817
0
0
18512378
15378967
0
0
0
0
18775833
0
0
458009
0
0
18156814
0
0
0
13193397
12891632
0
10184861
0
15744226
0
0
8921580
16783097
0
0
0
12769635
12750272
0
0
7484677
0
15294276
0
8190114
0
0
0
8931515
0
12499656
0
5240370
18657203
17512908
16757961
0
4340623
10495835
963
809270
7664180
0
0
0
0
0
16704043
15517392
18287328
0
0
13215511
0
16345222
227
0
0
18874031
16222767
0
0
17684026
0
0
1346608
14153609
0
0
0
18784734
18928712
7248295
10021291
0
18595423
0
665985
0
0
0
0
17175559
5882145
0
15042676
0
2578612
16117190
0
5385287
0
8099822
14353906
0
17747331
0
17847817
17593572
0
7210056
0
16009758
11089687
0
0
14566224
3876997
14239531
0
18726988
0
0
1034893
10457872
13659649
0
0
0
0
0
926
11687531
16662150
205
0
0
0
0
1312928
7009171
15747477
0
0
1802173
0
15254905
16468425
15465371
7466869
17010929
0
0
0
0
8322482
0
14802946
0
0
4327674
0
10072555
13327619
3002147
0
0
15169467
16685725
0
11130711
0
17751668
0
1560036
0
0
0
11101693
0
0
3676583
17401720
287
0
0
0
0
11584356
18872900
0
1320244
99482
15674936
0
0
6085669
13409868
8660904
18743831
0
17902407
0
13267772
17573239
5450487
18161405
4476084
8606248
0
0
18758493
18752480
3215509
0
18868214
0
0
0
0
0
15694043
0
6046627
6595437
18471029
0
0
11525271
2268511
16673305
16791550
0
0
0
18734684
10581735
15518597
12780021
18005361
0
12059291
15784826
0
0
0
0
0
9434607
0
0
10886350
2923262
0
18049954
18878575
13560617
9050042
0
15974144
13586344
0
0
14364411
0
0
18894328
2877259
0
0
0
0
0
0
18546004
0
0
0
14617143
8874831
0
13588774
0
11239878
0
0
0
3684674
0
0
0
0
0
0
11118409
18603486
0
7625635
0
0
0
0
0
0
0
0
0
0
0
0
11540246
18967350
0
0
3300795
9482470
12177775
0
15450596
0
0
13369450
0
0
16596434
14398048
0
0
0
10658952
16104091
0
603642
14677139
10889989
18084683
8670006
18180723
0
16247091
3463846
77
11799620
0
4553999
716063
0
0
0
5455456
0
3722796
4481088
3364778
0
0
11885912
15556150
0
14288680
0
1563792
0
13560107
9035222
0
16568215
0
18288344
0
18241101
14892691
0
0
0
14494912
0
0
17464703
0
0
1009673
0
0
13185152
746
18285218
0
7673573
14936919
0
0
0
18263001
14201816
0
13587658
0
16515012
0
13973773
0
10579106
16655793
15524146
0
0
18999828
14821358
0
0
9778305
7453230
0
15087710
0
0
17424630
0
16226339
0
15205526
12755689
18024087
0
0
6665292
14684501
0
0
12271870
0
18832887
0
0
6184453
13104655
4957395
8585781
6155412
0
88262
14063533
0
15379508
0
8326643
7187757
17080822
2376543
8867446
0
6777080
0
0
0
778804
17489162
16881758
0
509363
18752819
0
0
0
6927878
0
14013201
0
0
14050379
0
0
4826374
15716546
14865160
3286985
0
18381185
0
17677758
16683933
0
15685474
0
0
0
18100437
15010026
16877941
0
0
17111195
0
18020188
0
18143101
0
0
0
0
0
0
0
14020962
0
0
0
0
0
10151716
17331695
18286478
0
0
13357923
0
18166630
0
16504756
0
0
15983885
12928353
18184073
18157761
16722639
0
16481105
0
0
0
16985044
0
9078815
18466298
9488086
0
0
15935663
0
0
0
0
0
4505335
19015331
0
0
17854842
0
12513687
6573746
15044206
0
0
14195733
0
0
4023978
880
0
14540095
0
0
12140497
0
7821379
0
0
0
9776319
0
0
18153638
0
6320045
17643721
0
15161491
0
16399326
17097843
13460938
0
0
0
12872022
7780239
15887749
0
0
0
0
0
19039378
0
0
0
0
0
0
18715663
9209585
0
0
0
17014133
18294210
0
8344474
192877
9502501
3870519
7808792
0
0
7324251
7442077
8677540
16659667
0
0
0
0
18723703
0
7033250
0
0
0
18305240
0
0
12681967
12512075
18716358
0
716676
0
11825912
3701572
13846181
0
0
3165099
19060245
15157418
155339
13356163
16228993
17052624
7300213
18306579
12809201
0
0
0
0
8134409
14524505
0
0
0
0
0
17523542
3435911
8122486
9843303
18904502
0
18580142
1299772
8596144
17292045
0
0
4395708
18572092
12940441
0
8522087
12792627
0
0
12660079
17575492
0
18716234
0
18038078
0
0
18049893
17772686
6582389
10415466
1299127
12790914
0
1811212
3474995
18121772
6927461
177801
0
0
14927126
18908009
10091075
6159577
16347455
10605659
0
8269943
0
1879481
14558087
0
18925168
0
0
0
16516282
0
0
16506025
12452761
0
10824886
0
0
0
0
18785028
0
16962479
2477215
0
0
0
0
13862615
7226268
0
0
0
16431149
0
18783431
0
0
0
16500629
124134
6317756
0
0
0
4730798
18966835
0
7199535
0
0
0
0
0
5834931
5878949
18936169
0
0
3247260
0
6637782
17762624
4240126
13937704
0
4047334
0
0
13110
7108353
0
18591305
15070139
5288900
0
0
10157977
16239104
0
16585885
0
0
15605021
0
0
18223172
0
16155335
3786237
0
18730409
3481884
0
0
6859173
0
0
0
0
10390961
0
0
16222983
5952095
18343529
0
7571888
0
2873314
12197215
18041108
0
15695470
19073644
17772603
0
358565
13564854
1300787
18464095
18053612
0
0
0
11352137
19020784
11061
1594195
0
0
16808827
0
0
11469357
9672577
15472537
0
0
0
1618474
10007782
9999632
0
17158080
3677564
0
19066813
16718330
0
0
13466481
8435251
5431623
0
0
0
0
18573952
18548179
0
0
0
212
18496228
18672438
6194796
18619882
0
19018479
0
8133803
106193
0
0
0
0
14046571
0
0
8964880
0
13836040
0
18137832
0
16267105
14350540
6521979
7586735
0
12101765
14678117
191
0
65
0
17073278
0
10130357
8497511
1614392
0
14958361
649723
19070985
568312
4560746
18127634
0
0
16530957
2153926
0
0
0
0
0
3895112
0
13116651
10725137
0
18255676
0
0
0
16874409
0
0
0
7532565
0
0
0
0
0
834617
790
0
18508265
0
0
13181042
17083079
0
19015823
17706665
0
8726329
0
0
0
16885263
19077911
0
0
19029070
0
0
16752492
0
16673275
14099263
0
1440243
0
1845248
5500968
17739042
14222761
0
13147208
3901975
15490783
17654611
430088
19072961
13226349
0
17478065
18848764
0
13513553
0
0
0
0
0
0
0
0
8617572
14924525
15248689
0
0
0
0
11838704
0
0
12141543
18146276
0
0
0
659555
14654276
18877009
6029312
0
0
17874709
17432072
0
17105688
1548251
0
0
15318007
0
740372
0
0
19087987
13159840
0
19126172
0
0
0
17553145
9869025
0
1824713
0
0
0
3556729
3687137
10273702
0
0
18960711
16349227
700
1156161
0
1554904
11530765
0
3893049
3207339
10278139
0
12816100
0
18537415
19178578
7499994
11048943
0
0
0
18486578
0
15521645
0
15503214
0
0
18025080
0
0
0
0
0
16947603
0
1405038
0
0
0
16354371
0
0
19161545
17928257
0
0
0
0
0
15953116
0
10151243
0
16816120
7295034
2558461
925155
657588
0
11433647
0
0
15991334
0
16325690
12258103
17209962
0
0
14811519
0
17697387
10024788
0
0
8480728
0
0
0
13481770
6173219
19191215
0
5822412
16622738
16468349
16965948
0
8020822
2785254
7735418
14992594
0
0
18880507
18164682
14889982
16171758
15334104
0
18976748
9154472
7339954
0
16447825
14728216
0
0
0
0
0
0
0
0
0
0
0
16307645
0
4028932
18564542
0
11200690
0
11642728
711567
0
0
0
13463870
0
749
16350756
11642440
0
0
13784288
0
1444005
0
0
0
0
0
18572689
18129288
17922761
0
0
0
0
0
19002672
0
0
0
19211711
0
421921
4469092
5719824
7469594
16468765
0
0
5884326
9907720
6242548
0
0
118924
0
0
0
1801202
0
0
0
15678171
0
0
8392657
13337956
18949363
0
17202599
16104283
0
0
0
0
0
0
4993068
11894267
0
3387243
16533522
0
0
2570007
0
0
11887737
0
10711732
551989
16620115
18259102
0
0
3978761
2480268
0
12167643
1962518
0
0
0
0
3930556
134447
7299419
9122629
0
4090877
0
1999061
18605181
0
166
0
0
0
16033672
17907634
13221746
17828787
235665
0
15825790
0
0
0
15803496
6021728
0
18853088
0
0
0
0
0
19176875
19019813
0
0
12904931
14618210
12652468
4502043
0
0
1738304
13021074
1429660
17878990
16223768
2515367
18939392
18955646
7833178
12983314
18704922
0
15459236
0
0
10750921
7897816
0
0
0
11273775
1256659
650456
0
0
17763238
0
0
11924078
9271370
4540714
14160014
0
8723769
19175891
0
0
19051140
16266364
11869806
7438998
8113051
18539418
18434994
0
1152731
18819483
9786549
0
0
11451572
14733106
11030176
0
0
18396162
0
5528292
0
0
0
4051673
9187275
13674946
3962928
0
16363604
18943128
0
0
0
0
0
18709526
17830250
0
19173382
0
17552715
10857812
19070137
5840323
0
18865275
0
4234213
6157332
13146403
0
17030545
0
0
0
0
0
0
0
11709362
0
7213724
14198106
7379948
0
0
0
665755
17942806
0
0
19170382
19011480
0
0
17715103
0
0
0
0
13834787
0
0
13667633
776218
0
0
0
0
19030198
1680634
6302961
16997941
0
0
0
0
0
0
0
13295190
0
0
0
0
1429034
2316128
0
16159588
8212370
11003010
8670161
19246763
0
0
13339794
4177
0
6889537
18090178
0
0
5293394
824666
0
191398
13838186
0
9438178
0
14272836
13351649
0
0
7735579
12209228
0
0
0
0
0
0
15940419
19055592
14417045
7374320
11332023
588
1161697
0
0
0
0
0
0
15620786
0
17223437
0
0
5324999
0
0
0
0
17590665
5846653
926311
11159541
0
0
0
0
10637573
0
18471620
17656206
16677553
0
0
0
6258743
1835426
0
15392705
13345488
0
0
19068410
0
13783511
0
0
0
630303
19014565
0
18849830
18879995
0
0
6415897
18174453
1623189
0
0
16562121
5544793
0
19240255
8862794
0
3706764
2975408
0
0
0
7773371
17016542
18278390
0
0
7908366
0
0
2274290
0
0
16909140
0
15806842
0
16099036
0
10948634
0
5081923
0
18074796
1146414
0
0
0
0
0
19284748
13430404
0
16188001
14987761
0
12877490
263689
18269239
784560
14877576
7169209
0
0
0
0
0
19305859
0
3689121
0
12530489
0
0
0
10054822
0
0
7183020
19082928
629
4364605
0
3779246
14965276
11711445
0
0
0
0
15826418
0
9162823
7946718
19272700
81330
0
11906877
0
0
0
0
15693651
0
0
0
0
0
5448116
0
17543006
10042517
0
18352950
0
0
0
8540218
19025495
0
0
2338650
0
13040954
18574704
0
8699108
8429107
17711205
0
0
1455483
9908884
0
0
19148671
0
17790183
0
0
0
18395344
16004116
19259714
15381747
18013128
14269587
0
14192774
0
0
0
501798
0
3457989
0
0
15677766
15788092
16254924
0
0
0
0
0
0
0
13550169
17537437
11126893
416422
0
1171711
14074243
0
0
18775779
0
17824599
6074112
1563902
0
0
18882145
8329000
19034191
17773616
1702662
0
0
0
37283
5555202
0
15571382
11819104
0
14547761
371957
5587316
0
14865700
0
14551403
18836031
0
0
0
0
19250612
19238325
7155415
18771403
0
13845395
0
13968973
18405845
0
17833257
0
0
15191437
12649423
11044675
15173677
13549361
16698058
8282541
0
16222925
0
15023199
14290229
16975948
0
9894361
6650681
0
0
12426692
0
0
0
1900452
10170504
15101126
0
5343531
17270010
866945
0
0
0
0
16393320
0
10943403
0
0
4128586
19061193
0
0
0
9909412
0
19073362
16161543
0
16033712
12199479
0
0
11337307
18637413
0
0
0
12073566
17761123
13147007
0
12586412
4127959
14593125
4794720
18062515
0
0
0
0
17563883
18559746
17351921
19071555
15718556
19154400
11924902
0
19222836
14435610
0
0
0
9885421
10461675
0
2616728
13570460
2744803
16244605
17440554
0
0
0
121667
0
12496440
18663341
0
6615063
0
12001985
17514839
0
0
14822151
0
9940505
17082799
0
16522701
0
0
17665366
12903534
0
0
12210239
0
0
17487700
18548909
0
14672407
17921695
7033297
0
0
1870962
0
18746432
18011147
0
0
17929580
6846879
0
0
12194485
0
0
0
0
18586642
0
0
0
0
0
0
17206854
12171435
0
0
0
0
0
0
17675623
19368173
0
0
288
14590136
16791748
3138498
18393686
14753325
0
11829993
0
0
4575527
0
0
14561356
0
0
17983517
0
18261111
16316956
18520591
15551092
0
16771070
16661710
0
0
0
17444759
3337322
0
0
0
0
12897355
0
14719852
18745285
875415
7256844
0
18079567
0
0
0
0
7881594
14717647
19321316
8983528
16316281
11520060
0
8555583
14004408
12790931
8341729
16366845
10153321
12840213
18508155
0
0
0
958612
0
0
0
12874680
0
15138079
0
17345098
1546231
0
18093696
0
0
18716982
0
0
0
0
0
2252928
14117432
2163609
5695164
0
0
0
2529025
0
0
0
18174673
6181
0
0
14983342
8738118
0
0
17579776
0
19007133
19371796
18033737
7738911
0
0
9680716
17347991
0
211415
0
16275850
0
8334522
0
3221711
17907979
17366252
19361571
0
13283044
0
0
17069452
0
9904605
0
0
0
19201109
0
0
0
0
18224445
15618416
9919988
0
18274634
18771270
0
0
0
0
0
0
16865967
9015270
0
0
0
0
0
0
0
13341925
17853351
18021947
13791847
0
19275330
0
0
0
0
0
0
6036951
19339439
0
2697077
13152908
13880682
0
0
16710925
11314553
0
14040805
0
7772135
0
10329510
14928144
0
0
0
0
0
0
0
0
11389196
14784235
17698226
0
5282169
9775399
18209030
123743
14586713
0
604045
17754117
12053759
10714986
0
19227568
16141011
780
15208487
0
16712810
0
5157293
0
0
0
422383
11126893
10459823
8928915
7825679
13785414
0
0
0
0
18851300
0
13881394
0
18351879
0
0
0
0
3784516
16665938
18360675
13699785
0
0
10948856
19412736
17649277
3288929
0
17668554
17218338
0
13708636
0
0
18270667
0
18828433
0
18083337
18254612
7248506
0
0
18227935
12170528
0
17754077
0
8638035
0
0
9380144
0
15248022
0
13358090
17360646
0
18794940
0
0
10665475
0
797097
5159753
0
0
0
0
0
0
0
856702
12107785
0
0
9463362
8148800
0
11957877
0
17160253
5199729
0
19262770
0
0
13964914
7543119
4035701
0
0
0
0
740657
1944815
6535337
0
18134324
5701853
18488469
0
19216086
0
0
9634508
0
17740248
0
8068211
15434600
0
6679693
16003963
0
0
0
17163493
0
0
0
0
0
0
0
0
13365632
0
13967385
3374
0
0
0
747189
0
18606634
0
0
6808212
0
18082760
0
15731834
14606970
0
0
0
0
744039
15772866
8467304
0
0
4310550
0
4934940
0
18422999
7073614
0
10043046
13749809
0
13118599
18818357
63
9880671
16752752
0
15869497
0
11185439
0
16889584
3842025
0
16869533
0
15434916
13036905
0
16479727
8067339
12312155
0
19323240
17739589
0
14681038
16495986
17661615
0
18059168
18131742
16272313
1541097
0
13244684
1302649
17144744
0
0
5512908
0
10573756
0
11813583
1394343
0
0
0
0
0
10685173
3849424
0
6035670
0
0
0
0
0
0
0
0
16491560
0
12963618
14139175
4853867
10336453
9875963
8534175
0
7819410
15596853
0
3080113
0
19176262
1553780
0
0
0
7899034
0
0
0
15647053
0
18693537
14371179
0
19384770
442571
4310573
14438122
18561956
0
0
4284447
0
0
18931441
19378855
5516698
572
2191712
3951284
0
19223565
0
17668238
0
12406684
18255970
0
15509133
0
0
0
0
0
0
6793051
0
0
15203873
0
6501212
19423680
0
0
0
19468467
2833113
0
19293073
5420398
15817266
16589687
0
0
0
0
0
0
7074314
0
0
16063927
19243218
0
13330501
698457
14311141
18167195
0
0
11501976
586122
0
0
4455032
0
9650463
0
18188286
0
18077829
7343433
9462107
10432016
0
0
860615
15203189
0
0
0
17682286
0
0
0
19211606
0
2730446
8021444
0
5392561
18963551
0
0
17889155
12127025
18109041
0
0
0
4266102
19190444
0
0
12993364
0
19224521
638191
6508409
0
7070304
0
9227714
16685814
18705273
0
0
15731624
0
0
0
19434125
40875
16853199
0
6771599
0
0
4852807
5662501
6321075
0
12189410
3671743
8115194
0
0
5349939
14171424
16324013
0
0
4524872
9168185
0
0
0
87380
0
18887282
0
0
4156845
15267600
0
0
13560181
19176541
18987445
0
0
0
76
0
0
577
0
6414706
19471775
13167589
16596767
17818104
0
0
0
10187606
0
0
19507268
0
0
0
1567220
0
0
0
0
18006882
0
3430097
0
11418569
6445460
15537848
0
15643350
2095925
16983678
205251
0
18893475
5173056
3040566
0
0
7102902
429271
0
0
0
9452618
1742350
0
0
0
10216803
0
0
6116752
0
14087978
0
0
0
9275056
0
6889651
0
0
0
16832988
0
7479
0
19312948
0
18519344
5785921
0
0
0
9326320
0
0
15069758
1104766
0
0
0
2420161
0
8494855
14248622
19239237
15683570
0
0
0
17881546
0
17531152
16176214
17577453
0
10885797
0
14093674
16824422
0
0
19259107
0
0
0
0
13313514
0
0
0
0
0
0
0
3453799
19381531
7130697
0
16061182
16639414
0
0
0
18464350
0
0
17008183
6825849
19480379
19438441
0
0
0
0
0
0
11039699
0
1479265
0
0
17656540
18625069
3213794
0
19077061
0
1013538
0
0
19511736
6542660
0
829
3046123
0
15459540
0
0
0
0
257449
8198965
0
0
12726178
8437571
0
0
18008620
0
17750718
6595341
12321941
8473208
11264699
13500359
0
5362743
0
0
15819526
0
19521851
0
11791882
0
1978560
0
0
4550217
0
0
9715250
923
0
0
16695453
0
0
9943306
19556690
0
0
7667933
19529280
0
0
8134855
6050138
0
0
0
0
0
0
7184092
0
0
9775241
11047117
2944043
6747886
0
0
0
0
8469890
0
0
0
13011255
9771231
11116739
0
2432461
19078540
0
0
0
15850729
0
0
0
0
18267496
6776184
3671352
6622383
0
9664393
0
2973247
0
16377457
6886262
19184667
3710642
2268634
6964857
2958308
0
0
0
3063303
0
0
0
0
0
0
828062
0
16839245
0
237
11565530
18304538
0
19138788
0
19340241
9484382
0
0
0
0
19450648
0
16038731
0
15127857
0
17362468
5665670
0
13363475
0
0
0
0
0
0
0
17804265
0
0
0
0
0
0
0
0
19472927
6583320
0
0
0
9376502
0
8632870
0
0
18644421
14989419
4927669
15720071
14111860
18574734
0
1178993
19608599
0
0
18488498
0
0
18832572
0
0
13138454
91108
16699385
0
0
19188015
0
0
0
19594088
19163741
19418983
19322216
0
10768755
0
0
19023252
0
9130683
5931060
5445651
0
0
0
0
1321092
13508544
13447296
0
7317785
16086998
0
0
3258184
0
0
0
18752073
0
0
0
5205807
19413896
14759756
0
0
0
14717105
0
19161742
0
19610366
0
0
0
14819026
16251616
6771190
16888291
0
8411826
5591541
18005996
0
15365355
8826092
0
0
0
0
10585874
9059266
0
13141471
0
2306707
7834469
0
0
0
16435252
18189268
0
14330986
0
103783
0
0
12389971
8193649
0
0
0
0
0
0
0
0
14568115
0
0
2452874
0
3898368
0
19224969
15623915
15007137
0
0
0
0
0
0
0
0
0
0
13487987
0
0
0
0
0
14573483
0
0
18586534
11366964
12240904
2366408
6930711
18505994
562072
0
0
0
18990575
18176829
0
15546225
0
10191651
15621928
0
0
13243487
9230886
527734
12359194
7006247
0
0
14794929
8835078
19188600
13141461
7474090
0
16659814
10429423
14836454
18486484
18019829
18916387
0
0
0
8996635
0
15820853
0
14745305
3285910
0
0
0
19467771
16159510
0
0
8629183
0
7591274
0
14763140
0
18274251
16934574
0
0
0
15531457
0
17989295
19599807
12008996
16632851
15133522
16835157
0
19040421
19583945
17548836
18034210
0
0
476632
0
0
18628438
19565026
0
7154399
0
0
0
0
17961256
3714588
19243169
19320434
5973714
0
0
0
0
649914
0
0
0
0
15886900
16266828
16724522
0
0
0
0
7725880
0
1342563
14298311
1503377
0
14640381
0
0
19552465
0
15534225
9946280
0
18861176
0
0
1202756
0
13183842
0
0
13591818
0
8391494
10757280
0
14187912
6118865
15912809
18003303
14444935
16682399
0
0
19003611
17553890
0
0
18827071
0
19690035
2722705
0
2265083
9501723
3561993
18874920
17325310
0
17131813
2483868
0
0
0
0
0
13861496
0
9282764
0
19522373
0
1878271
12179729
17501730
19711492
12715364
4797562
0
953913
0
19690388
0
0
19674232
0
0
0
16368817
0
12914501
0
14204111
5747192
0
4061661
0
0
0
0
1719864
16857355
12566781
0
0
19593395
0
19540613
486026
0
0
17142115
4693753
942883
17127139
0
3203330
14852097
0
14381829
0
18564661
0
7034747
12853773
19004744
0
0
0
0
9616430
10024901
11313211
19484841
13538068
0
1709091
0
0
0
18661027
0
3423315
0
16110441
0
16692146
19097937
12499142
0
0
9671988
17122697
15106044
19372673
12017468
0
19501049
9114215
0
0
0
978200
0
0
0
5046450
0
0
16076323
0
16286364
10517153
0
4082169
0
0
0
0
1198497
10094453
0
0
19613630
11007934
19456698
16979071
0
17436959
0
0
6958174
11592660
0
17575473
0
0
1320527
19451691
11481828
0
18427770
13467462
0
0
18875857
0
11897126
0
16151080
12470787
10666010
0
11985444
0
18409035
7751342
13160242
0
14584120
4465443
0
0
0
0
2133378
0
9970746
0
0
12020712
0
0
0
15969835
0
0
0
0
0
17006644
14141269
5783127
0
0
19618810
0
11250292
19495027
0
14566498
0
0
0
5988696
0
6245776
0
10039904
0
0
16999462
0
9899749
0
16838422
18820729
18667932
0
19203249
0
17286382
0
0
16230696
0
19210296
19544643
2522162
11696972
2591
14851254
0
0
0
18164070
19691533
0
0
19177386
13758429
18227316
19184719
0
0
0
0
9721974
4663980
0
0
16010542
19247117
0
0
0
18995314
0
2571381
14443840
0
0
0
1550134
0
0
17829332
17574745
0
0
0
0
0
18951588
12445566
0
7550872
18653438
7880626
0
0
0
0
19430324
19419201
0
19477283
10159152
12283499
17328420
19291020
499028
0
16759264
19255549
0
15370314
3299359
18657512
0
5389925
178819
0
17074609
0
10172700
0
11026287
0
19696586
13258395
15371061
16993125
18940259
13103531
19537116
0
17576860
12258068
19109434
0
0
19461373
12706660
0
2652105
17350001
0
1616973
17966253
0
0
0
7830110
6340662
0
19306652
0
165332
4411850
0
17893512
0
0
11707203
14244726
4562063
0
17521644
15447029
12366532
18553027
0
19509367
0
13073948
16063143
19694793
0
5165742
14655264
17248048
0
0
19560023
0
0
0
0
18030846
1497861
13743124
0
5834741
12542729
0
1376403
0
18270294
18927519
0
0
8903941
0
0
0
0
0
0
17088434
0
16542131
0
0
19508191
13328060
17581629
0
0
18223417
18873339
0
0
0
4208070
0
14107962
0
0
14299571
0
0
15187608
19458910
12905634
7854317
18398689
19019252
19470759
0
0
12291855
8598896
0
8720310
0
17404695
18240013
0
5781037
0
0
0
0
0
9639817
19663395
0
11671906
0
14721153
19420800
0
0
10069440
0
0
11007718
0
17648671
0
0
0
17693015
3071656
4593564
0
9281807
0
0
0
18476722
248
4837603
0
0
1049980
349876
0
0
15428061
507
0
0
0
9242756
12847173
16339443
0
0
10046713
0
0
0
0
0
0
2063978
12259343
6003018
8856895
19464525
15061385
5427562
0
0
13711462
18366358
0
0
0
16618843
19113716
16487750
0
19698238
0
6935490
16884124
19010370
0
4974863
4256068
0
0
11729473
135793
3729840
0
0
7097131
0
1363618
18687911
16195547
7619559
9866715
0
6761476
13399783
0
0
0
0
0
0
0
19828183
0
0
18987577
0
15147598
10181596
16497817
8244435
0
0
0
18096817
0
3848128
0
0
7722754
2722633
1745239
0
0
0
0
0
0
16053030
4073335
19474126
0
0
15489094
0
0
4261385
10522826
0
0
0
0
7254211
0
0
0
0
0
17029708
17188079
15602867
12857309
11485293
16707370
16719486
0
12810706
0
7884823
5822585
10395189
7311665
0
18843351
17758070
0
18294160
0
19793960
16486006
19123980
18833208
0
0
95586
0
6844864
5673340
0
0
15204630
0
0
0
5054562
14982121
0
0
16723530
0
10381703
0
0
19451186
58571
0
9070925
14943779
0
0
0
15579494
1363194
5429790
0
2680464
9382375
17408680
2342946
0
7021779
9310514
659626
12707589
0
14128268
10915995
3819318
19398914
18201396
0
15677711
0
10944911
0
0
15668986
206762
19625656
0
467
17634920
0
15463017
0
18002588
0
0
3408326
0
0
0
0
0
0
0
11139248
19628792
0
5650684
14391733
0
0
0
19325592
13394180
10530410
0
1029289
19345893
18571644
10557730
6069583
18083241
876204
10406374
16942258
0
16188474
3973423
0
19475617
11879371
0
0
0
3306976
19642218
800565
17709809
0
0
16131524
17936987
0
18727544
0
0
0
0
6759633
0
7925771
0
12300884
15832955
0
0
0
17979589
0
0
810388
16506411
0
18077743
0
15470764
0
0
16893424
0
0
11795962
5616420
16129176
1182927
7455941
0
11935085
0
15648179
9840610
0
0
19869495
18771129
221
225
0
5512175
0
0
0
3746667
10775285
18809700
9859797
18202741
0
4774719
19819770
14418152
12052376
0
13684642
13172685
16684863
5054003
0
0
13604896
0
0
0
0
11336022
0
0
5681666
0
0
3131460
0
0
18798769
12523206
3646283
8487930
19875857
0
7643910
0
5152684
19206175
19497259
7983621
0
0
0
11245696
13678678
17516866
18352017
13283671
0
2872108
6638334
19702979
12361438
0
0
19591620
18985481
19497512
11603720
17270599
4014622
0
15500529
15553036
13468542
2465529
12235329
0
0
4997991
0
14119269
0
14979750
18703501
19178591
0
5224563
0
17960360
0
0
0
0
0
0
2892016
0
0
18914223
0
0
3032996
0
0
0
0
0
0
11824598
11232068
11350937
11905965
0
0
0
4925604
1710617
0
0
27910
437068
6153349
0
0
0
18010543
19250021
0
0
14662827
0
0
12785707
1817068
0
0
6310883
9122072
0
17255663
0
0
19821621
14457878
0
10029363
19801517
10104519
0
19322555
0
0
14548856
0
0
0
0
0
18031631
0
0
12974830
0
0
15428143
18929441
0
0
0
0
2538461
0
0
0
0
18300541
7926208
0
5405907
0
19289020
18621207
14536095
8338220
0
17934040
0
0
0
0
14450396
19854269
0
0
0
0
0
16690172
0
0
16589247
19622199
0
18255513
13547850
0
0
0
0
13464175
0
15659955
0
0
0
0
4454255
13970259
0
5443509
0
0
4374000
0
0
12060288
8942221
9568472
6418709
0
0
18880377
0
0
13606165
0
0
16064969
12539371
17061888
0
0
0
0
19922023
10584341
45459
19137448
14842759
18658049
12447248
8732883
0
0
17599233
19648385
17251361
10097584
0
0
0
18393493
7285571
0
19465929
17504592
1248641
0
0
8410572
6902545
0
0
0
0
19089950
0
0
0
9157934
19868317
18157247
14409455
0
539432
19517980
0
0
19521270
1141825
7478185
10689133
18564402
0
0
17838730
0
0
19929292
6911219
19170604
0
0
13570964
0
4705156
9537401
0
0
16388933
0
0
19177202
18028879
0
0
0
0
0
18254589
0
0
8328912
6028034
18016095
0
0
12462389
18741014
10155801
5412349
0
0
0
0
0
8214532
5212879
0
7704064
0
18947940
11541062
0
13519208
19955342
18112656
19639255
0
0
9330209
0
4418045
19803845
3378806
0
0
0
0
14969168
0
18115304
0
0
11994935
18822288
0
3541843
3910282
0
3809415
5341878
0
0
0
0
11380487
0
0
0
17798416
0
17397841
4618278
8600900
0
17347559
19480940
0
12176782
0
0
17594234
10950920
15575650
3667149
16096590
0
2088669
0
0
0
6001506
0
2696758
0
0
0
26711
0
15081234
0
10644737
10911477
0
0
0
5671951
0
15960715
7144071
0
0
0
0
0
0
16655263
1962518
19769654
0
19671123
0
0
6372251
487322
0
16901340
0
16039529
0
390043
0
0
12817366
5574086
0
0
0
0
17591747
0
0
3944368
18450440
683468
16957853
19194038
14147568
18063
18059277
10506739
10212955
0
0
0
0
6145158
18376465
15005242
0
18417629
6024641
0
11460291
0
14106623
0
11781899
0
16348497
15092173
0
10987573
16054638
977009
0
0
8999412
0
0
0
0
0
14959094
8328155
0
0
0
0
0
0
18745196
0
0
0
16377590
0
0
11443583
16987980
0
558109
0
19687196
0
0
0
12549619
0
19578728
0
6769464
371
0
0
10038211
0
19477893
0
0
0
15273013
0
4287952
0
0
328
705
0
353679
0
2615314
15347595
0
11481133
0
4698606
0
17969953
5711894
0
6450945
16022707
5387833
0
16171540
17350580
17736795
0
2561701
0
0
0
0
0
0
0
19208194
14749418
5770062
198586
20011555
8058938
0
0
15100047
0
6247986
992
19609482
0
20035271
0
0
0
0
0
17323449
12314304
15804276
15154184
2076583
8985046
0
0
0
0
3858793
0
18112854
0
0
0
18677999
0
0
16401885
0
0
0
0
0
0
0
0
19961496
8358530
0
14714086
19695109
12868923
16227546
0
0
10681605
0
7578461
18119616
19202506
0
9840278
18585845
0
6319388
10936024
6752477
0
17075007
17399375
0
2026741
0
19918672
0
10233458
16590428
0
0
0
14601847
13917075
0
1772824
9411685
16967452
16578748
19914014
13863653
11811090
0
0
14328793
7725455
10048059
0
8632160
0
15948968
8396498
17753603
16036019
14147158
9436983
13537648
0
13615576
19763888
18259412
865
19821187
19775604
0
0
0
17913526
15337887
0
0
19206711
0
19077561
15552075
15512538
15424944
0
0
18860477
19341623
0
0
16634899
0
0
0
5786068
0
0
12516267
0
0
10584018
2341879
9499462
0
15333414
0
19214199
0
7966262
13930417
2985575
19932698
9172736
8447934
13513553
8206346
0
13067179
0
0
0
19535506
6232472
0
15953741
3857866
0
19201640
0
0
0
5152173
0
4715523
17426187
4552523
0
76932
0
8645466
0
15756386
0
0
20053070
14146564
14724086
18693028
10718475
0
14782652
0
0
0
13606641
4085979
15821669
16982268
17444699
0
6944050
18800363
0
0
0
0
12161923
19361223
9503340
0
0
0
18905287
3068720
18485879
0
0
0
0
18162719
0
13187705
13834547
1025347
0
0
15550734
0
0
0
444345
0
17362776
17889155
13043899
0
0
0
15693536
11397449
12109906
0
0
9895786
0
16150657
19902087
0
0
916599
8378597
0
0
0
18493933
16833509
0
10243301
0
0
18095320
0
0
10846075
12169052
16998243
12197653
0
1866833
0
0
0
11207916
0
0
2094728
5833921
2418295
20075682
14715084
524160
2082930
0
0
0
15602763
0
0
0
9124631
7459048
0
0
12256468
5714314
0
0
12330486
0
5784342
0
0
0
17128549
0
0
12550759
18182267
0
6835862
20031432
19194724
0
0
0
14270199
8214733
0
19662366
0
14531318
0
0
0
19072726
4884200
0
0
0
0
0
4446837
16702244
18322820
0
0
0
0
0
15308009
0
14260820
0
14463632
0
19909579
0
0
12280095
0
0
13570
19455855
19987176
15058376
14114357
15318558
0
3618886
16803429
2564281
3988318
13338118
0
19845296
0
0
19381003
0
0
247973
0
0
11565971
8368713
15158729
1659134
0
0
0
0
0
17474095
39129
6846413
7636718
0
0
0
0
828
5321699
3550481
19366313
4837637
6908979
0
10308286
19541725
18885063
263156
0
4265728
12472021
0
0
312742
0
19380963
0
0
17516010
12761298
15125956
0
0
0
19282913
11446255
19574030
731359
19878336
17571105
6293161
0
0
0
10162490
19915654
11222545
15434956
16918278
20112633
0
0
19605316
0
0
17308262
0
0
0
0
8216986
0
0
0
0
17829520
0
16906096
7993417
0
0
0
0
0
0
0
20083431
0
14610822
0
4196437
0
0
0
0
0
0
17006387
0
9528039
0
0
0
0
1357575
9979519
10944119
1917542
14582227
0
17797386
19338493
0
19925846
0
19304804
0
18030401
0
0
0
19257801
11429149
0
14189519
19011400
1242261
0
4869754
17581098
0
16484667
14401341
12849340
8013550
0
19977021
7371466
0
0
17188164
3138210
9955119
18460632
16522071
0
10793134
9834650
0
7629705
0
19049236
12976233
0
0
0
0
11412618
10036938
0
5989589
0
10137490
0
7681889
819803
20166021
15332739
0
0
0
354424
3074426
0
0
13861067
15155061
19135145
0
15210568
14919127
16209040
0
0
0
7369616
0
0
16918099
0
0
7481921
0
17365413
0
0
15487957
13205247
612224
0
8002032
1718577
0
19234380
0
0
0
11874709
0
14672803
16083391
19908270
0
9785210
16883550
0
0
7246423
0
0
0
884
8469901
0
15073208
6113746
0
0
0
15069913
0
1112346
19744354
1320620
16367482
19603252
18369782
18969165
0
19604645
0
0
17445448
4232893
19715416
3815362
8158091
0
0
0
0
0
8736248
0
9451959
0
0
18805676
19843509
0
18667636
638327
8033794
0
0
0
0
0
0
0
5797076
12753081
0
19774936
11959206
16811013
0
0
0
0
0
0
9705019
0
2529696
18208732
0
0
0
0
0
19329544
11218033
0
6644402
304778
0
0
19850315
0
0
6965162
0
10915715
0
1804721
0
0
19333733
0
20035688
0
9442649
43764
0
15019138
0
0
0
0
14389077
13311501
15706506
0
0
0
0
0
0
0
0
0
17594236
0
0
0
19979301
0
17682714
20020609
18785791
5404884
7327557
0
0
3447156
9841032
16519912
18216996
0
14478548
0
19628935
11122707
0
0
0
3124820
4300986
0
0
0
15953404
12936910
19949432
0
16839235
0
0
16133849
0
13028038
0
0
19930770
2245138
8826037
20070032
0
0
6477932
0
0
0
0
0
18620522
0
0
0
17100372
0
0
18626725
0
8927812
0
994
0
0
0
9501965
0
11413828
14059043
0
0
0
13709013
0
18266342
0
12003737
0
0
14148845
0
0
0
13521039
4017409
16650590
0
13458239
16562480
5384856
0
17514791
20120213
6777368
0
0
20118271
0
0
0
1174946
20138630
579
0
0
0
19906578
2898180
0
19361297
366006
19815252
5568146
0
3454766
20130501
0
0
15309261
0
0
150702
76045
0
10773639
0
2387067
20184175
5024195
0
0
12959907
2167718
17209586
16626525
0
81103
16061820
11396705
9177559
0
0
0
0
9277274
19170308
15327226
0
0
0
5756315
19515819
16237294
0
2599538
17381150
8246726
0
17921809
18237560
0
5257146
0
1705142
15673099
0
617988
18953169
233638
20075339
6298
0
17516560
19142955
0
0
0
19143546
0
0
2704912
899497
17255885
10237208
0
0
0
0
16630731
8785333
0
0
0
0
19157586
1452919
2592272
3038887
15607834
0
0
0
13535402
0
19804650
17127749
0
11615715
19365776
5743964
0
16545842
15775504
0
12650314
0
0
6771655
12031424
19870770
20021421
6837566
14584545
0
0
10527692
0
0
0
0
0
0
0
10119986
0
9021264
19915160
0
0
19385320
18236426
0
19957854
0
0
15494793
0
0
0
0
0
0
13496987
18462049
14254410
0
14920491
19607594
9337425
0
18884251
14898083
17779688
0
6333699
0
7329050
14008686
0
0
0
6835432
0
0
54566
0
17609703
0
0
19300862
0
0
19076368
16572953
0
0
19710642
0
0
15849578
0
0
0
19938779
9303083
0
20106857
19820542
0
0
0
0
0
14505586
0
0
0
3794301
0
8808751
19477115
1130402
0
0
0
17952192
19078212
20145761
9295714
18369559
7520327
6759213
673
0
162421
480570
0
0
1636639
823693
9869689
0
0
0
20120935
15024726
0
2381446
9981462
0
0
12044196
7585584
0
0
17157684
1393994
0
9707319
15977018
0
19985159
0
0
0
18262231
0
0
0
20131342
0
12776289
0
19679356
11976609
0
0
0
0
0
0
15440819
0
0
13733706
0
16385287
20095613
0
1126342
0
0
15521996
8334996
14060864
0
39816
0
15800490
0
12275605
0
0
0
2804220
10524888
18282163
16881799
9464068
0
0
19473471
0
3074066
0
0
2227487
0
0
12754608
19604528
0
0
0
13735888
12527427
0
0
8063747
0
992
1402341
5149252
12457488
0
12525356
0
14667474
15702210
0
5398212
14518267
6153979
0
17903075
0
0
20169261
18677847
0
7810337
18684341
3393334
20127213
0
0
0
14748181
19902756
15913418
902660
12255532
0
0
12714552
0
0
0
17687703
0
16773688
19902316
6958520
19228525
0
11929390
1143135
20119405
0
10167447
18569462
9040836
16057253
13530491
0
0
0
16970139
15768718
0
0
0
0
0
4130501
0
0
18124948
0
7026025
2468181
0
0
3711495
20080856
8782296
0
16228051
0
4921
0
0
9895786
0
5306672
485554
17023732
0
16978785
2224301
17726611
19801354
18394095
0
0
0
16349466
19683047
18502896
0
0
0
0
16009328
0
7646091
0
0
0
6897684
17617644
0
16009892
2129112
0
0
15733393
19064368
0
7292537
0
0
0
16665038
0
9235097
13534687
17979666
14618333
0
19280398
18253013
11811264
10091690
16510324
6781855
0
0
19386863
18342245
0
1322157
15194134
20113218
0
18112814
0
10950455
16493063
20318335
18344216
16164019
0
19037929
0
0
0
20128965
0
4114850
13349455
0
16775890
0
0
0
0
0
2723233
0
0
0
17652841
2570007
11321472
19682116
0
0
15849268
0
20277159
0
0
8521484
0
0
0
0
0
0
9412470
19929365
0
3572582
8140100
0
18915683
0
7710406
0
18228800
114613
0
0
0
0
9334586
20266370
13458964
13708429
17544410
0
245574
12069474
0
20023109
19114303
0
0
0
7061807
0
630483
12135616
0
13754217
0
0
0
0
0
3188642
13303800
0
11615866
19383310
0
17288696
18352802
14346405
9765896
0
1558320
0
1836884
0
3632859
0
10847110
0
0
0
10458650
1834840
19703799
13227315
0
0
0
0
17952304
15818241
189745
0
18469614
0
0
12631294
0
3530022
0
12616049
17520784
18587901
17681918
0
19070703
0
0
0
18344758
0
2610849
0
0
1366779
0
0
1193780
0
12611468
0
16326024
0
0
0
13883993
0
0
12842537
12694453
0
16510720
9629414
0
0
11607239
5931000
16707368
13223653
0
0
0
529978
19316696
12200523
0
0
17284494
20260811
19256278
326680
11644879
2619184
12009080
6166476
0
12196973
10359753
10723475
0
0
0
0
18351391
1989304
0
13936947
0
0
0
12385006
0
0
4017633
0
15430453
223150
3352781
19003033
0
19483816
0
0
20035990
0
16384852
0
0
0
0
19202150
0
18741014
412554
0
0
0
8147731
19113862
0
16057066
13800742
13266930
0
0
0
17564712
0
12786327
17302675
13707827
17387934
3116014
0
0
0
10718649
0
0
0
0
18295999
20339089
20236385
19170217
0
7116865
0
0
0
16628607
17001522
0
0
20326396
0
0
0
0
2968278
11053090
0
0
0
14623780
0
0
18784443
17260113
0
19493988
0
0
0
0
0
3780854
3597400
0
0
9945843
13402551
0
14218533
8224465
9797081
0
1664071
20113714
0
17552254
18849446
0
11385009
19889243
0
19145623
0
0
0
0
10090741
0
0
13891655
0
0
0
0
20316397
0
0
10166219
0
18772399
0
0
14233055
0
0
0
19507500
13883020
0
4092980
0
7717478
13389400
16241213
13304713
0
20371825
0
0
20361362
7842485
0
0
0
10397039
0
4545035
0
18299534
0
13998880
12839288
0
0
0
0
0
0
0
0
0
0
20199235
0
0
19838652
0
11145139
0
0
0
0
0
0
12349965
0
0
18369440
20357719
8869862
16714097
0
12800610
11545826
6233008
0
18671089
17008046
0
18961971
0
0
0
0
16029664
3487001
0
0
13930693
15038424
19462058
0
0
15472131
0
7957404
0
18508728
20414700
0
0
10934798
1136395
2500764
17433975
8060681
6492884
0
0
0
0
0
44997
0
17899186
0
9796289
0
0
0
0
2792582
20210615
16471616
8265176
0
0
16307068
19087672
0
18074635
20265021
0
14979750
19564433
18488273
19732217
9019871
0
17127014
0
1320881
11019581
0
15486615
0
0
5090091
0
553261
0
0
0
17802989
0
18250118
0
3844376
10026474
16174893
13867330
20209024
0
0
0
18366496
9751409
3985040
0
0
7703465
3216830
16503247
12587365
0
12374236
4056289
12318549
19329978
8044580
0
0
0
19918832
20222368
11034211
20448723
0
8383222
5314947
504
17022427
3714630
0
0
11523306
18116144
0
0
15748027
0
600492
1629419
0
0
0
20402605
0
18855911
0
17135461
1164972
0
0
2394502
0
6780156
13377236
0
0
0
0
0
0
2346314
0
0
20271840
0
20384177
0
0
4057486
0
0
16630756
0
0
0
0
0
0
0
18523265
20023396
2960773
3609434
17398565
0
0
0
19980267
9652488
0
18050045
0
20411807
0
14155091
17516866
18827377
19668199
0
20073668
0
6132195
8175261
17737253
7042772
0
90940
0
20251566
20453813
20289107
10020274
20090435
16288431
0
0
18438961
8753921
0
0
0
15849079
10508153
19181764
11725417
0
0
0
0
0
0
15513524
0
3669835
0
1846314
18923767
0
11266243
0
0
10712814
15394502
4473703
15919021
0
18940766
18567902
15031697
0
0
20327318
18545039
19831861
0
10213581
17593086
0
0
0
0
11635454
0
0
18112270
20437539
16289672
0
0
18278010
0
15639500
5320664
0
0
14039321
13276323
0
13446271
0
14945564
12834018
6485673
0
19799064
0
0
0
20212189
0
2472345
16339162
19474573
0
0
0
155
5590075
13840493
12548648
0
2827718
0
14392799
10472116
7331180
180676
0
0
0
0
11094929
9626199
6451186
0
0
8351026
0
0
14506900
12064005
0
19088519
20254608
0
5706338
0
0
15229139
18057433
14272644
15797812
0
618
0
17916571
13000985
15714002
7786419
17176684
20371361
0
0
13171529
0
0
0
3126475
0
20230080
12629196
14273147
0
0
12306074
19346115
0
0
0
20413528
0
19932259
20140917
0
20333476
0
0
16267721
0
9741300
0
0
0
12806016
18268279
18368092
0
0
12652044
20306765
9735628
18149242
19709811
0
9058760
0
20518297
0
10315770
372597
0
0
20527863
1873680
15702646
18012411
20150298
0
20419718
20407650
1431594
0
0
4018610
18079230
9512809
0
0
3739239
858959
8940012
11364155
5829019
0
0
1022718
14452509
0
0
691
0
0
18009324
20135771
0
17661815
11600633
0
0
0
3252342
4088368
13156134
0
8810917
13165347
0
0
0
0
0
0
0
0
0
7753626
10953197
0
17415828
0
0
0
19653250
0
0
16749070
6699968
1400449
18348899
0
0
8077350
0
18774351
4559157
15715899
7443447
14854339
0
16874632
17772513
0
3378442
0
1993350
18314087
0
0
0
17723122
0
0
0
20249134
0
0
18432945
0
18379399
18354015
0
13963413
19593306
14467564
3113609
14175089
3230005
5436168
0
13475327
0
7337087
12053192
16874603
0
11626519
9605490
9174039
10642370
18837325
0
20440144
0
0
0
0
3477375
5259416
17505294
18567437
0
0
0
19826169
10097986
0
9668278
0
0
18102478
0
14727506
13642730
15534566
8479488
11834904
0
0
0
2370506
0
0
20263162
19597680
19513756
0
0
19796635
91116
0
18378521
20079040
19207052
0
11479264
19670027
0
0
0
18255000
16354528
0
0
19721299
17559895
8804154
15430291
0
11326608
0
0
17757838
0
2492180
0
14848888
0
0
0
9022145
19963637
1514321
0
0
9641377
20441604
12751553
16912732
18116859
0
0
0
17552752
5978661
0
0
0
11419190
0
0
18616430
0
0
15295361
4700917
0
18913911
18520051
0
0
0
17862738
6112319
0
19392477
0
535504
14392597
0
14061996
12787102
3308066
3442648
0
0
0
0
7839315
11274732
6533696
6228045
16369405
9100408
2817194
0
146496
16603386
0
0
0
0
0
0
0
0
19515561
0
1027567
16039122
15691833
0
2527601
0
18711354
4048770
5739556
0
14756860
0
0
0
0
0
19954003
18341800
18385254
4831232
0
18251110
20405518
14980193
19745183
1121139
0
19328220
0
9368786
16612124
0
3938864
0
15598402
1629034
0
0
0
0
19197886
11448481
18796335
0
19809405
0
0
9146398
17833115
0
0
15617153
11509149
69607
0
8353251
13438056
0
50987
7235709
0
0
6749095
7286623
0
20515967
0
19792784
5737677
0
19370018
1364677
0
16454309
0
15618202
0
10892503
16089256
0
0
17609521
20369246
0
12853671
8185292
0
0
0
13676712
0
19087557
17253894
0
20436563
0
2542080
0
0
18166913
3671484
210772
0
0
9952403
8486975
0
1572703
0
702141
0
15216510
18754659
0
18610760
0
0
6397967
9143254
2801857
0
0
10714283
0
17766701
19872245
19734731
11768852
12392992
19999433
12557970
0
0
18990916
20550944
15830614
6547871
0
18913113
0
3385962
0
0
15879680
0
3941768
12895314
0
0
20597879
18015791
18723219
0
17640798
0
0
7461543
10247776
0
0
12408622
0
3162582
2926865
11457858
16634530
12500840
20553754
0
14649046
0
14389899
0
2366053
0
20492315
0
13585923
18006978
11838867
0
10320790
20358203
0
11356194
0
5702146
20586730
0
0
11095495
12478167
0
15024808
0
0
3577025
0
15126482
18656604
0
0
0
0
4273330
18680476
0
10713638
8131199
3544171
0
0
0
20068178
19249328
0
16012509
0
13988850
9792018
17906106
0
3394308
0
1615403
7741588
1202711
0
0
0
106
0
9417638
20510108
12180013
5301736
20091691
1146805
0
16143717
16050011
19840493
10053828
4570016
0
0
0
497683
0
19525768
0
15489552
0
0
19824307
0
9729053
0
0
0
10398599
17014591
0
14087101
7039424
0
886774
18786682
0
17923661
8701386
0
8477981
0
0
0
0
0
0
0
5179378
2269679
18059093
743
0
17768092
18248767
7227068
0
6843646
6467154
19982869
0
15121423
0
1276524
2247746
18574780
6920029
20314994
1640324
0
19923650
19211411
0
851597
19074160
8248616
0
0
0
9389620
3150784
0
9943203
0
0
0
0
8579217
0
0
0
0
20587357
0
0
0
15135671
0
0
0
0
19753362
20600949
10472493
0
2206324
19986530
0
18852453
0
14448902
2507115
17727936
20348308
0
19921693
13890050
18423302
7747120
0
17943903
0
0
19764966
15266664
0
0
6183719
19727134
0
11690144
1016354
4692918
19534335
16190866
3328107
17197061
12827074
20572307
20491651
0
0
0
16492545
16012204
0
0
0
0
18248725
0
8062576
0
0
13087914
18285740
0
1431566
0
0
0
12785459
0
20066975
18949793
9346786
0
0
2260313
0
20375388
1868147
0
0
1164384
0
0
0
0
0
10881935
0
4981287
13011884
5178329
1667311
0
0
20611898
3954009
0
9823031
0
12299085
4746929
17813430
0
18806629
14203580
19951968
0
0
18537631
18913430
0
16219661
19786637
4060067
10097584
0
20568157
0
13514256
0
0
19011051
0
11590408
9358962
15112373
0
16654769
0
2233360
0
0
95064
4187617
15852274
0
14914527
0
6570562
0
13410885
0
14094904
795114
0
0
17586616
16648567
19782841
17618045
15183492
9433110
0
9758550
0
9899256
6837958
0
17347080
7773162
18852686
0
0
0
13309658
0
0
20289748
2811000
0
20640712
0
3994975
0
0
0
0
15677265
14510258
0
0
16911888
7597601
16652104
0
19580953
0
0
20003175
2567541
0
19923697
0
0
0
0
9869636
7102551
3066707
0
0
14615806
0
0
19166036
0
0
9194415
20281380
0
0
18882849
4532550
0
0
6095180
0
5526682
0
0
19551779
0
14583976
0
18939248
20519873
17284156
20344349
0
0
19992752
0
3332062
0
18513928
15212603
0
16030186
0
0
20020828
7932677
0
20674707
14824131
0
0
0
7122160
0
0
0
17929763
0
16829135
0
0
20246330
10928526
0
0
0
0
0
0
11817589
0
16962407
0
0
13729674
0
0
0
0
8394436
0
6384864
0
16609846
0
4433895
0
12010689
20361020
0
11039697
0
18895896
10018130
0
0
5417893
0
0
0
0
0
18796227
20670721
9870659
0
0
0
0
14124773
19032049
12788995
0
9429143
0
20684651
17150056
0
0
0
20178680
10964444
12086435
9650445
16782997
0
0
17674407
0
0
20187646
0
0
12172449
0
136380
0
0
6315971
670686
20512207
0
0
20611135
0
20374667
0
7381997
0
16155530
19950458
17321530
3054889
16825303
19147555
0
0
14340980
15940483
5951754
0
0
0
14770428
18796060
0
16624982
3552529
14541024
0
20454355
11439094
18838738
20405851
0
16222139
0
18171683
2898587
19780752
0
0
0
0
1238209
9561888
17231804
0
13526441
0
0
8769400
13962346
309491
0
10940089
11326280
0
15099229
360
17175834
0
15294832
12325373
0
0
6446077
0
6642037
16004011
19087675
0
0
3128560
0
9376527
0
0
0
17468194
7218620
19506081
407766
11691343
0
20627807
14650255
11091170
0
11259309
0
0
18772123
16062666
8208895
0
18691924
0
0
0
0
14159248
0
0
0
0
0
19101646
20359584
19747571
12984341
0
2331325
0
11692588
0
15673529
18898274
17418278
11251734
20608884
7171342
0
19979143
19157654
0
19598975
13720818
0
19519812
0
0
0
20378811
0
0
20303231
0
14774031
0
771675
14363447
591380
0
0
882575
11040316
0
1242024
11244680
120937
0
0
0
0
20685858
0
9869670
0
0
0
12055112
0
17861993
10661228
19897533
0
20758282
0
2333098
0
0
0
0
5180260
16173319
19113058
20779812
0
16692884
0
16731852
11080265
0
17611668
7323371
19266014
19474573
17753280
19089037
0
4636075
19516571
18940617
13503410
2995312
1738672
17617796
0
13762337
17335187
0
0
163418
0
0
19125297
0
20189369
1811889
0
0
7708377
149692
0
16524067
8018735
4539923
15776927
278157
0
2529476
17956003
0
17655586
0
0
2514823
0
0
10562405
2207310
20550485
0
19827643
17941925
0
0
10115059
12192235
0
0
6441346
647
7900224
0
0
18835555
5365118
16118287
0
0
0
9237978
0
17688797
18921389
19622638
18029793
5029752
0
0
0
0
0
3085829
16485524
14818627
0
4562858
12865339
0
0
6482369
16733061
14132349
18339383
19558896
19530757
0
18782860
12352891
9270454
0
0
16065144
0
0
12348657
6272300
15070508
0
0
13292364
12555149
0
17093342
0
0
0
0
20448489
410117
13426360
0
15389437
0
0
0
0
10931575
5860305
11105926
0
13240878
0
19677750
0
1015255
256
2973299
0
0
0
0
0
7925756
0
0
17403072
0
0
0
3162434
0
0
0
17704362
19503228
0
12587837
17606008
8871927
0
20197148
0
4498959
15206594
1655414
4014838
10443663
20233911
14860452
12503693
7593153
10682981
9170526
18706047
13643742
0
18459088
0
9722943
7753540
19929249
0
0
9866708
0
0
3878751
0
0
16780940
19989289
1722437
0
15693859
0
15505699
0
20417880
0
3023313
14957599
0
0
0
13472575
0
0
20819346
13140013
20054413
0
18609132
0
2416211
4543440
0
19552401
8141585
0
15103748
16183412
15376755
0
0
17617154
13269378
0
2517849
0
0
0
20810179
15729195
0
0
2133999
16976368
9153629
8412499
0
0
20135189
20718093
6129251
0
4385873
0
0
2017954
20027937
0
6952437
0
281529
19713395
0
16840695
0
0
11226867
0
20825174
0
8002031
4181
15564811
0
18366017
0
16042433
20631092
0
2304541
6202965
1300844
0
19765633
20245609
19801168
17426698
0
0
0
0
0
20324693
591951
0
0
7822301
2628424
0
17160390
16436912
17346775
0
20820641
7660890
0
10725726
301578
2339855
5660485
0
655001
0
0
0
125205
4272979
15638578
0
15998988
13250082
18785811
3658515
0
20867820
18544801
0
0
0
0
0
0
10432227
0
0
0
0
20540538
13398020
0
0
0
17507062
0
4229783
558713
19520678
0
17148577
19928115
0
18131774
17332405
0
0
4958861
12691040
0
18450905
0
0
13486087
16328806
13620321
15645847
6718968
0
0
19415658
13960483
0
13989910
0
0
20809130
0
0
0
9081820
17968658
13435662
20753205
7027201
0
0
0
19470936
20573377
0
446693
14776026
7155828
19565183
0
0
17332730
0
0
0
976345
12335278
20883528
11768534
19946559
0
0
6556472
0
7201490
0
0
19549335
20504481
0
0
12620830
0
12298832
10988726
13104998
0
0
20870878
20711214
0
4300639
19866891
8123784
1781021
0
13707998
0
14729991
0
19777108
0
0
20867029
1634581
5558316
5953003
0
16660712
8829715
16575707
0
15447553
9341205
19882898
0
3217703
0
16120368
20263114
20281140
6797178
19899951
0
16592402
18228551
0
20427726
0
0
0
0
0
0
19787569
0
15144410
0
7775887
0
8045969
13858945
20758022
14164264
20884638
0
11265200
0
0
8320121
8186914
9827232
0
0
0
0
20822898
14653109
0
0
17427057
0
6444029
0
0
19457349
4654197
0
18648176
645854
9642888
18826495
104
0
216
13351573
13393510
410184
0
13620813
13594924
19376679
0
13040954
13630733
20618320
0
9211176
4280920
0
0
0
14791032
0
0
0
2557008
0
0
19761010
9826732
10894041
0
1267984
0
0
0
8153640
0
0
0
0
17694696
0
13153937
10724200
15340139
19756921
13652879
0
0
0
20830306
20769612
0
10948756
7902158
0
0
0
0
20095242
20461885
14028159
15462018
14191391
18796560
8433294
17654055
20674352
0
18033191
0
17457256
0
6450177
0
5712941
0
0
0
16525829
17346575
0
19642545
20541019
0
0
0
0
0
5344860
0
0
0
0
0
18021225
0
0
8463937
1005909
1587963
2160423
0
0
0
0
20233494
19555908
0
11821739
20917314
18760943
0
0
849225
0
20935675
20612946
19926125
18536344
18158299
0
11678469
11480096
0
3922209
20464263
964
0
0
12016788
0
20038497
13445054
2399669
0
19789182
0
0
0
0
0
2546028
834243
10224486
0
0
0
0
18002497
2756042
0
20917086
20857764
17638868
0
0
0
6082536
0
20593076
12201404
0
9843701
19584888
10602369
0
10789068
0
7729647
0
17185878
0
20879863
12656346
20515294
15523247
0
0
4863136
20856572
13576300
0
0
2894324
0
4898598
0
20925693
441622
0
0
0
799024
0
0
0
18199979
0
20656452
0
0
2274132
7867038
20922516
8770338
18957401
0
0
0
0
10135448
0
4928030
0
0
0
0
0
15158280
0
0
0
0
13681797
13136825
0
0
8281324
0
16363858
0
0
0
0
10349528
20280352
6301014
14509797
14251539
0
279803
0
19059708
204903
3220742
0
15822172
0
6558461
1006362
8546411
0
19917678
0
0
0
0
17764442
12124493
0
0
20514804
0
0
0
4179576
0
14953387
0
19510689
0
0
0
2283860
0
0
0
20327107
20361787
0
18905885
0
18019933
10383367
18002839
20351146
0
16608766
19602062
0
0
0
20025715
0
10681956
0
0
0
0
0
18877618
19872027
9639206
16964669
0
20701515
0
0
0
8606471
9561904
11702142
18276862
11709394
19045338
0
1162920
20085450
0
4384821
0
6141677
0
2772371
0
0
0
0
0
0
0
0
0
20368818
0
20295809
8050102
0
0
0
0
7453735
16214992
7032514
0
0
0
0
7818082
0
15549008
20507919
0
15352270
17288031
0
0
0
0
13794830
19871833
20929333
11755651
20937896
0
9259982
475913
20193005
17588290
7019075
4866162
0
20556401
2797363
20926341
0
20634261
5667530
0
0
6644569
0
0
13139664
0
0
0
0
0
20257551
0
17719370
0
209448
0
0
6424653
20278733
11813088
20302570
445316
0
18843156
0
20335922
11052159
19465778
0
11950413
18745916
0
0
0
13133179
0
0
4931484
0
0
0
20903354
15212591
3749955
19647158
19906699
14366125
0
0
0
0
3484388
11231343
0
19618511
0
0
20488597
0
2520024
0
20022092
19453835
0
0
17197649
0
0
11362174
0
0
13980376
0
0
20696269
13173547
11844372
0
17916427
0
0
0
17675263
0
7439657
0
0
0
6353364
10225240
12335070
0
19613652
4594912
0
603
0
12175085
0
6717226
9076364
0
7171096
12051830
555795
19279591
16154296
20983035
0
0
20769001
11030164
0
0
0
9807951
20950063
29595
2972168
15144515
17193276
18307301
0
8391270
21023872
2186682
7426826
6432407
18949623
0
7455941
0
0
13398454
0
0
0
0
6132536
0
9391513
0
0
3133237
884464
0
0
520103
0
0
2111170
0
0
10149722
20316635
0
0
0
0
14345149
3987136
12783216
1655840
14758104
0
10644224
20726198
20988105
0
21017769
0
3929521
0
6037866
0
20140294
0
0
0
10725338
0
0
20730557
20308020
14337318
17135325
210967
0
0
196784
0
0
0
7998701
17703203
18716599
11819186
14160855
3227329
11747487
0
20822617
3475546
9316908
19357041
0
13013169
0
0
0
7588478
0
19688516
2748512
3324386
0
250481
824
0
1881591
0
0
13073026
11763453
0
16054953
11087057
7219493
0
0
0
0
17821046
0
0
9249532
0
12850401
0
18547614
0
15439787
0
0
0
0
16413515
0
10955351
9255039
0
0
0
0
0
0
6935552
0
0
11278004
11346062
1493367
12547211
7727633
0
8067648
20087067
0
18193201
0
0
19209300
20123780
19711500
7053603
0
0
0
18915658
19490081
11485790
0
20120075
17203614
1312549
20355589
11092478
8397562
8776816
18215959
20346193
0
0
0
10897281
0
20548640
21042509
14614032
16172201
18820835
20712118
0
3343873
0
11066985
13305258
904247
0
15739855
0
4533992
19961518
14500248
13215234
13483002
1320925
0
6495910
17297750
0
0
19873459
0
7674229
19511730
21010478
0
20726642
5260486
0
0
0
0
0
20831961
1978634
0
0
0
20056569
12745270
15177741
0
17227683
0
0
0
0
17628696
16853718
18728914
8069589
12307573
0
0
0
21043215
0
7925222
15128367
12241734
0
0
13983408
0
824078
0
7764264
0
0
0
20591380
0
0
20318796
18935586
17637062
0
10818513
18151507
12722745
0
16490314
0
0
14245215
19603191
8243867
0
17520642
6072051
753
19501775
0
0
17499328
0
16523940
0
20520924
0
6174231
0
0
0
14401961
0
0
0
10593084
0
0
0
21006348
0
20215715
0
0
19922050
15865325
0
20838311
0
0
19641354
0
948
18536904
0
0
20034229
12067107
0
14954058
19930305
0
0
0
0
0
0
0
0
20272009
86121
18977709
11390363
14984127
2397789
16279870
0
0
0
0
12005657
0
0
20107279
14115265
19655946
0
0
14840705
0
0
0
20531777
0
2655404
9230662
11018571
19343681
0
0
10619959
0
7489053
18863321
0
0
20665114
10880490
19483881
0
18806415
10658534
11502280
18270075
0
0
0
20470261
12208368
20560310
15931637
0
20547877
18928698
20641711
0
12242939
11332747
21059871
0
9695552
15275367
20790852
0
13971813
0
21090284
17508255
19071540
0
10619782
3292172
16293326
13552569
20773261
20104320
5491808
0
0
50
2480501
0
12055599
15033103
19651815
6387664
17092291
9247960
415
0
26336
0
20417796
0
20761442
9775042
0
11690540
11380673
0
0
185388
2319486
0
0
16803412
0
20708157
0
19139039
0
0
20350983
0
16437087
0
0
17565615
0
0
0
0
0
0
17568793
0
0
0
0
457132
0
20269505
0
0
20362783
0
349840
1245311
0
0
0
20793937
2346127
0
15355890
0
7212167
0
0
0
13372358
0
0
14191391
0
21109452
0
2381772
1228314
0
13002391
0
11919410
0
19743994
16370735
0
6646831
0
0
0
0
0
11995246
6152125
0
1362549
9194331
0
33017
0
0
0
20938961
12386540
17816333
0
18961470
0
0
460352
0
0
6034827
14368913
19458390
9983238
627
0
0
18979894
15351079
17615361
0
0
0
0
11707955
0
0
0
0
21066676
18700938
12178972
43893
0
0
20752705
16451795
0
3752599
0
11754105
17210051
0
1327824
12336142
12921026
0
0
0
2913643
10575974
0
0
19904885
16348391
10628125
0
0
18712975
0
13624900
0
0
0
18438823
8416676
9600247
1709626
21122398
18561920
20950301
0
20678162
2902079
3544226
16711581
0
17020432
7401307
0
9016212
20970211
0
0
6781920
0
0
13274253
20758310
471939
0
0
0
0
0
18084626
2464728
19577250
0
4730946
0
0
0
16859070
17520034
0
0
0
0
16553047
0
0
0
12387155
14502885
13461473
0
0
0
19081646
0
20902944
15049218
15167331
4553462
3135108
11469338
4272681
0
9555614
17581733
0
0
14713500
17609778
0
0
20203748
17466044
0
9722419
0
0
0
5144078
0
0
3406301
0
10574956
2087426
0
0
20982787
0
0
16320275
0
15232033
0
0
7003
17199629
17589098
0
4106700
21090683
0
0
20186975
0
8777381
20016277
13808326
0
0
19584556
15260323
4891023
5249550
17610951
0
17611327
441
0
0
19086404
21149200
18564260
11074236
0
0
20357055
0
0
0
0
0
21155350
0
0
0
19628582
0
14214267
16205079
0
0
0
0
1277633
0
0
4816660
0
10928761
17225846
21075124
0
0
19356517
17607400
9236780
0
13920199
20943277
0
0
17611721
0
0
10187745
20212187
0
0
0
20958727
10598661
19735539
18449849
0
17188188
0
17614811
6666387
9361599
6514450
6327619
0
5726562
20789264
9767855
0
16598510
0
18893228
20769257
0
0
16754987
0
17501775
0
20451404
0
21061943
0
0
0
15193414
0
0
4987598
0
0
18043078
11377928
0
0
6343059
0
21131862
18058170
11745931
13531663
14001367
8092990
0
11649783
0
13573955
15586234
0
16787553
19238257
0
13777083
0
0
20601722
18051946
11760184
0
21127517
0
19135752
14458908
18152
19944621
0
0
12828838
0
0
0
0
8227424
21023141
13754072
3965905
11305424
0
0
12187722
0
14326027
0
0
12946865
17627295
21135258
21126138
19239866
21049546
0
0
19880176
21123628
16156432
0
0
21186893
0
20906697
497496
15305086
8463913
15585054
5601633
21184418
0
20837759
5283273
0
7145335
0
12230260
18460742
0
0
0
19599346
18532227
0
17016445
10590576
0
0
0
0
0
15172317
11431162
0
884585
16532722
0
758
0
0
0
0
19779404
19220823
0
0
0
0
0
0
21041364
0
0
0
0
0
21023076
0
5599342
12796604
0
0
18933228
17801039
2140271
3554622
0
375885
16970509
0
19564270
0
17645168
20771070
0
0
0
0
19438076
0
3544171
0
0
0
0
2628935
0
19301701
0
11447236
0
11795995
8572525
0
19609527
0
11305424
17304553
8152824
9271814
0
0
0
5885473
11381233
8988942
15292549
21116775
0
0
19088635
0
0
0
488624
18359891
0
0
0
0
10721425
16351216
15621837
11501017
956959
12779905
8135574
0
20893785
7675730
18132433
18943952
0
0
20132729
10916043
17417355
19526848
0
19808024
0
20331491
4290830
0
11810
684302
14356440
0
11247725
9680979
0
12346319
6966
0
20959062
0
0
0
0
184
0
19209363
3064804
11658978
6172817
10377427
4089319
0
0
9735829
13820004
19273343
0
1266397
0
0
20596093
0
0
7479270
0
15057477
0
23884
19229230
8461829
0
0
18480047
3178697
21120554
17405405
21269569
0
21011509
4203744
2932202
0
0
0
0
0
0
18285018
14155410
4441589
0
0
0
0
5084434
19374827
9317458
0
0
12404932
0
0
20963721
0
0
14902166
0
0
0
8644299
0
0
20725622
12396613
20489740
0
0
0
0
0
8151234
0
0
14839293
0
20364619
0
18509550
0
20150716
0
6264331
2162683
20612273
0
4018079
0
0
8770247
11488995
21252436
20092965
4778477
1085939
6895709
9553556
0
18940962
20574240
18491004
0
13374366
0
0
0
20904016
1343427
0
0
7264092
13009721
21297094
0
0
0
0
0
0
674949
0
16975424
13843705
0
20897327
12415246
18667315
0
7804222
7468527
0
0
20352589
21177904
0
0
20116813
0
0
5457462
21258810
7357714
0
9727736
4539250
0
0
0
17402934
0
19972113
0
20931992
20851465
0
17227151
7801630
0
0
14326211
0
0
591629
0
0
0
6111709
19732893
15249569
0
948881
0
0
545
20597107
0
0
19417028
0
0
1518014
0
19370732
20631164
0
18771313
5639237
20962780
0
21205400
481516
0
0
0
0
8040145
0
0
0
0
9329179
0
11271010
14292632
3723690
0
0
0
0
0
0
2513956
0
0
0
20266782
17853731
20955132
10408355
12152907
1197506
0
5967724
16655321
0
19675704
0
0
3114516
0
11364534
15426795
20497993
18111615
0
10401049
19442133
0
21008947
0
19723160
0
18891725
0
16336952
10655533
0
21054672
0
0
17390015
0
0
12591485
1237451
19282981
14297391
0
2167275
5296831
5109571
16572307
17475294
19637489
16082259
15132319
0
15749937
0
0
17695928
0
105276
0
20389913
0
19891683
13366868
0
0
20050406
0
0
0
0
18449574
0
17313600
9604479
2864856
2081180
6537009
0
0
20811661
11345806
16791097
0
0
20843790
6340981
0
0
3986711
11905134
252075
0
0
14700701
7805363
14913053
0
18253681
5678669
13282095
0
0
15437203
0
0
17505808
0
0
0
0
0
6691283
11721573
12282250
0
7693015
9494402
21273296
0
0
21264065
0
0
0
0
0
0
0
9851282
13675669
24449
0
0
5996791
9758760
559
15502232
0
20802270
20479216
0
0
12928761
0
0
0
20714269
3631010
0
1804398
861263
0
0
0
16373284
0
8804699
5987309
19484302
20964933
0
17494276
0
0
16836275
14789450
0
4302403
10247212
0
10995559
0
0
0
20223654
0
20733053
0
0
15173575
19744751
18198253
0
0
19475563
18955814
4103575
3140212
18500506
0
12348624
9845624
0
19647867
0
14718706
18970383
9733081
0
16420632
17611621
6644139
0
19303968
0
0
10775116
15769071
11062744
20002819
21149236
689
0
0
0
15786941
0
0
0
7497907
21182679
18495885
9388531
12797038
16530679
0
776340
11931913
0
0
16065992
2876486
0
13867107
0
2073092
19292290
0
0
0
16678457
17555639
0
0
7323539
0
18822143
0
0
20525514
0
13845596
2303259
11670534
20185233
0
13600852
0
3176782
1900548
9189088
7297621
10120957
16736744
0
8578727
10381119
21024837
17194306
0
0
9040126
0
0
0
11033404
197651
733047
20506302
0
0
5320071
0
0
0
0
0
135568
0
20587744
0
0
3552529
0
0
0
12495554
0
0
0
0
10623885
0
14614764
0
0
10057524
0
20837005
0
21017475
423
0
0
0
0
0
4028531
0
21258738
16666427
1338265
0
15623130
0
0
0
11958960
15679300
0
0
8922836
0
1663991
0
0
25393
0
1310779
21161108
0
0
0
12674981
0
3832645
17702441
14618759
17668249
0
0
0
21060550
7731386
0
13677548
0
18873541
0
21350085
8989776
0
0
0
0
0
7106614
17955068
17910632
2292
0
7023387
20733624
0
9934121
14149286
0
184795
0
0
13286450
0
0
7616019
0
21187012
15883495
0
18841490
12700229
0
0
18746320
0
0
8086734
0
0
18718508
0
0
0
7532033
14594872
4389227
21145037
0
21272746
12083426
0
20087080
7477790
21000066
0
14660631
1643510
0
0
0
0
16647943
10155937
20821040
0
0
19097394
9491480
21010584
0
0
0
0
0
0
19707958
0
0
0
12800978
0
5174169
0
0
0
0
16966230
1225402
0
0
19463088
10944683
0
3765350
20092960
0
5583743
0
20344101
0
5570651
1437752
17109649
0
21303590
5411091
3654960
15185227
0
9564156
21259471
5789932
0
0
9535789
21094950
9265621
21043207
0
7735817
0
13397623
21378808
20903224
0
0
20181339
0
0
0
17236244
0
0
0
20449555
18441115
0
0
0
19019471
0
0
0
13467200
15579798
7830107
0
20784572
17213238
0
0
1038212
15355411
16281372
841072
0
0
10715711
11621529
13406217
17931116
0
12756589
21406371
0
0
0
14398467
0
0
0
0
15472131
0
0
0
20797994
0
640562
17716718
0
18349809
7890929
0
0
16586756
20770292
17161084
20316302
15111748
6885809
0
0
0
8317607
7220386
13087526
0
21144194
0
0
3493294
20714781
0
0
19751977
0
0
20808696
7176561
0
19424339
0
3257716
0
0
0
11009839
0
14985989
16203093
7613530
0
0
0
5386951
0
14528515
13082378
0
0
17963744
3039179
0
11018988
21441251
0
12650449
0
0
0
0
17650409
0
12030904
0
0
0
13708882
0
0
11066004
0
17149824
0
0
4976358
0
0
0
0
19345453
21129802
2276775
5941722
0
0
16351445
0
0
21435100
0
0
0
0
4025464
0
0
14556309
0
0
1148510
1070222
16427841
0
21273203
17839994
0
0
9355285
12496446
16898778
6465231
0
19747500
18464104
9798658
3904434
0
2629627
0
9701962
0
0
20996069
0
0
8082410
19983477
21430683
11755017
19628381
0
17096817
3580247
0
19532881
0
0
0
20666489
12014842
0
0
10799819
4221326
15861722
20598208
12539429
19457054
18682734
0
0
0
8809845
0
12022577
0
0
20689843
0
21185249
0
2616330
0
0
12559114
0
0
0
11766749
6891660
18622448
192416
0
0
20404212
0
19981467
12999252
21240989
0
0
0
0
0
4277916
1705090
0
0
9016540
0
14514061
862
0
20621218
14283679
21347407
0
17115432
0
13719890
20400818
0
0
0
15992224
0
0
19953637
22011
0
11051670
17240429
0
19531658
15140575
0
2869230
9177565
0
0
16618158
0
20556128
7110668
2861500
10139142
16353361
0
0
0
0
0
18166331
20092049
0
7022382
15436503
7337380
3150823
0
0
0
0
0
0
15804355
12191777
0
20552562
0
0
9356301
0
6860118
19550939
17406024
20666568
15752803
6504963
0
17037186
20481477
119
0
0
11588342
6514909
0
0
0
20075137
0
14537621
0
0
3883270
9918328
5778514
5365663
0
9882960
0
0
13925056
0
0
13056506
3843028
0
15497163
115
0
14670975
18628375
0
19553667
6028991
0
18678668
0
807315
21467233
0
21086772
21430697
4775053
16256184
0
0
0
0
0
8458511
5285303
20854759
8365568
18664171
19560425
17274373
0
0
16599424
5980959
0
18027298
20185714
0
0
0
11805711
10872772
0
0
19348094
0
2434228
0
0
21503171
16571271
19913824
0
0
0
3277175
13533721
7942026
5041263
0
0
16174235
17716239
0
0
3133043
0
16670435
18614438
0
0
7224653
0
0
0
0
19577106
20887368
11812998
0
0
19123608
4043881
0
0
0
17854015
0
20878062
0
0
2072741
0
0
0
0
0
0
0
19289892
20646957
0
0
0
1853635
20505660
0
0
14918031
0
0
16771195
9115809
0
0
6213718
0
21214510
20775984
5769980
0
14286313
0
2088622
0
14607953
21345266
0
0
2328390
851454
0
0
0
0
20273159
19373608
0
0
11758994
0
18652757
0
0
0
0
16524869
10273921
0
28632
12199013
0
5146837
3758257
0
20848495
0
6891159
8397687
5193302
0
3962061
17908238
0
20932375
0
0
6574439
6484032
0
14968279
0
0
13377692
0
19565050
0
0
14943111
0
0
3717101
16563809
20968598
18265495
0
17517529
621238
10837928
0
0
14081796
0
21279445
17215950
20082349
0
8276879
21187446
1538672
0
0
0
19349775
21323384
4115581
15356801
20674369
0
19849952
9264807
0
0
11338388
605907
0
21520308
0
21448400
19483876
0
0
207924
20349881
0
0
2503606
12186622
13549
19390267
426
20543682
0
1963607
17856796
0
0
0
18317842
5647954
0
16850555
10154603
0
7976714
2962618
20092852
0
4076672
0
0
0
21279455
0
0
11099493
13557837
0
18029256
0
20138763
20323526
19014993
20843840
6710016
9309889
0
0
12572030
0
0
19846724
21477668
17220250
20906559
0
1715280
0
0
3652238
6348052
0
0
7029625
0
8730940
19518983
16344569
0
9973013
0
5153145
3257089
0
5024172
0
0
0
0
0
0
0
18849362
19429119
9064765
0
0
0
0
0
19585795
11105762
21465418
7713098
0
0
0
6882368
8649247
20996192
0
0
18763801
11391934
12418041
0
20021336
0
0
0
0
0
0
0
12767983
0
0
17284898
0
21122967
0
12927574
12072205
13662098
740632
16456687
0
21419402
0
0
11617551
2674906
0
21235169
0
19744037
2194119
0
15096618
20654730
15649561
0
0
2524215
19871809
17353481
0
0
17551732
21246902
21120631
18715702
0
0
0
7771893
0
12565199
0
647342
0
15313313
3715272
16140968
0
18710730
469446
18625862
21252113
0
2266440
0
20981145
0
0
19440852
0
17046341
9331110
18635331
0
389618
13904796
5882642
15398456
16749187
0
15739315
0
0
0
18761067
14526107
6967878
1737400
0
15872704
0
0
4359528
14609224
5577615
0
11817341
0
4144130
0
0
12415644
0
14994258
0
15522178
0
0
0
9190397
0
10489842
0
0
3314275
0
18728554
11595082
0
20554541
0
5975138
2026065
12998889
0
0
20929765
0
0
0
0
0
7445645
0
16124153
18712510
0
10286042
0
689620
15296266
0
14582019
12201401
21596894
7932596
11034699
2854511
19256788
0
0
0
0
18140949
19391811
5899238
0
0
0
0
343879
0
8174507
12373030
0
11263317
20438541
19270511
0
0
0
0
20346504
0
16636788
0
0
0
0
0
0
4002391
0
2655737
6485585
0
0
14155992
0
0
0
0
21586132
19390930
0
0
0
0
18529140
15135671
17360516
10978024
21317674
16684734
0
0
20612046
0
0
13478609
0
0
18320093
19545232
0
262
1790344
0
17616053
0
0
18111424
0
0
16492535
0
0
471307
15958449
14853830
0
0
2272931
18178498
0
16843680
19385860
0
0
19956531
0
0
0
0
0
0
0
13775527
0
5721472
0
0
507
0
15344707
0
0
0
0
0
5212847
20068786
0
0
16867961
10955916
0
20969050
0
18018755
0
21336326
0
19092473
0
0
7658591
17438797
0
0
6688311
9368292
0
20856822
0
0
0
0
0
3463110
20568777
14671072
0
11831295
169364
0
21371884
15161603
0
21431550
0
0
12670656
21011047
11695
0
16554264
14505614
0
20139825
0
0
0
0
0
17832250
2736312
6117769
0
21202657
0
4755004
7668062
12287960
14238863
189021
7938051
9700509
0
0
12877560
0
11104772
21644526
0
7312
6551302
0
20940275
21279763
2717592
0
13581159
20999115
16917942
21329771
20344128
11719687
15017055
0
719267
16715162
16670080
18734467
10276365
18358971
19149575
0
0
0
6333614
0
169616
0
17852353
0
0
5877829
20622665
21574566
0
0
13068773
6827236
3349830
1744695
21575451
18881411
0
19773508
7264754
0
0
20799658
18844434
0
5967235
0
2178250
15340096
13548883
2863658
5222
0
0
0
0
21172941
0
4756924
4691368
21477701
20403145
13221195
0
0
0
20331607
0
7294686
19517677
0
21319794
21696419
14787104
0
18029413
18374024
21195708
7223130
21414358
15746186
21593058
14392479
13545676
0
0
0
0
12443516
0
10407899
544280
20400243
0
0
0
0
0
0
20165019
0
12721594
0
0
6146017
6206375
20082930
1059006
0
3310016
0
1077297
0
0
0
7423922
0
477725
0
7384484
20513763
14834866
0
18808758
3
0
0
407529
6992036
0
0
0
0
20349683
1499204
5422335
19145290
0
10903655
0
0
5873287
21431069
11769055
0
21744112
19669072
16261834
5095424
21426635
17828109
5963671
16170308
0
0
20055577
0
0
20625848
1073796
0
21655398
0
21391507
0
0
0
1644085
15337940
15968807
11665693
3954301
4106700
19611344
0
0
0
17421736
0
14491138
21288473
20706083
21295310
0
19722796
0
1790709
6071315
0
7526416
11863251
0
5209347
0
0
10244926
0
0
0
0
0
0
0
22747
0
19709572
21490799
13192348
0
9724569
0
0
8363096
0
0
6420210
0
13952999
18984423
16488591
0
0
0
0
17375503
0
0
0
16599913
0
0
0
0
0
10304521
11317512
0
0
0
10227
0
0
0
0
0
0
0
18111424
0
6248788
0
21294629
0
20908448
0
0
0
5913829
0
0
0
0
8476591
17592349
20590096
19800433
0
20482599
0
3331096
0
0
20086738
12657773
0
0
17718966
0
0
0
0
0
21695225
0
0
16619757
0
0
21764041
0
0
0
8818134
17018394
0
15750414
0
10818063
0
21081090
0
0
7438899
3629999
0
0
0
7279445
0
1111032
17415376
0
17846671
19227349
18836290
0
0
0
13267708
0
11117727
21339453
0
776516
0
0
5390216
0
0
3497685
6360166
0
0
0
0
20578135
0
0
17850031
364978
0
11612603
19081619
0
15624357
0
20653859
8221432
17238080
18131489
13773209
0
0
0
20212232
0
0
21520603
0
0
0
12162690
0
0
18013142
0
21103949
0
19476723
5387549
0
21664245
12723471
0
0
13087537
20663016
18286
0
5704707
0
16387869
0
21562023
20827790
6385264
10231642
0
0
0
3969317
12040209
21354753
17831704
0
0
20663330
0
11158810
0
0
1173542
5913162
0
0
0
21043424
0
19137603
15030718
713210
0
0
20895228
17004415
0
20866
6904501
0
5248791
7266799
0
0
0
20892128
85243
0
0
8384942
0
0
17085771
0
9077518
20875167
10306994
0
0
15727570
0
13372187
17409493
0
18382154
0
0
20619294
0
17246303
0
12358603
0
0
0
0
14696195
556807
0
19959736
0
0
0
0
16038489
21578604
0
2750910
15468588
0
3109753
0
17024753
0
0
0
0
0
21111244
0
21802441
0
0
2665523
0
6332913
10971959
0
0
0
17487098
0
4701027
445094
0
0
21757520
3150310
0
20262526
0
21330250
12700123
20116328
8505685
13739376
0
0
4820365
9570761
12912142
0
7954848
16240050
0
0
0
2613275
11628789
753784
0
21755933
0
21686296
18797849
0
17837150
3062228
0
0
965611
0
0
21453670
0
18701097
21150963
0
0
0
15110525
5195902
0
8038004
3637941
0
87418
18986590
17521128
0
18447117
0
6272548
0
0
0
0
2724107
0
0
18393758
19897826
21343695
21695616
12936630
15362570
15442896
19252203
0
19256414
13710071
0
3833544
10303124
13928473
0
2066442
6406232
20897464
20337496
19554695
0
0
0
21459261
0
5626647
0
0
2061465
5967549
0
9585272
0
0
497496
0
0
21006082
11429728
0
21809361
0
0
16147757
0
19933342
7992793
0
19376671
21780713
0
0
0
19852482
17653167
0
12520814
0
21603712
0
5088404
21607704
20678636
13544582
21568762
0
16635321
0
21073330
0
0
0
0
17130265
0
1319355
0
0
0
6584454
3981912
1461113
0
13257386
0
0
3588741
10197268
17876767
9527453
5030417
19073307
10098557
0
0
0
19269890
0
16004728
20452996
16602131
0
0
0
14318057
0
7999180
14607756
0
0
17080786
0
17624064
18551217
17610910
5311753
0
0
0
17258843
21575870
2181518
0
0
0
0
10154385
0
0
9070247
0
0
554
0
0
0
14371777
21549999
8488226
0
0
0
21628963
0
0
0
20984477
1388918
1591212
0
13276574
13342115
0
0
0
0
0
0
6598951
0
21757413
0
9838133
18932302
9404559
0
0
0
13424025
0
0
11877915
19637742
0
0
0
21494020
5064597
19882314
9545864
21187710
6146408
3049564
21588798
20977008
0
0
1840759
18326123
0
4677453
21156171
9229815
0
19343867
18389479
20932471
0
0
20686958
0
21286887
0
0
12658693
10898642
2075876
3982020
0
0
0
683997
0
0
0
0
0
6114543
0
7326344
14073126
3313373
0
20949008
0
21725068
13169348
0
15
0
0
0
18599437
20890877
15212591
0
1454429
6889057
13466537
0
0
11648550
0
8074168
10535113
18566001
0
13747518
10570769
0
0
19863896
0
7347289
19136615
0
18185298
0
0
0
0
0
20194287
1257624
20097715
4364802
13600358
0
0
0
21509652
601862
0
12882280
21027213
9138567
0
0
0
0
12227425
17344198
0
0
18580932
0
0
18336681
0
8984677
12043677
0
0
0
14521169
13553504
0
20113336
19476783
0
0
21801827
2738635
0
0
13706364
0
18650125
0
3632848
5453570
18781589
19144814
21774866
6364931
16736642
20769489
3108966
7055890
0
21297134
18569515
11344492
21500856
18978674
0
0
555214
4196726
20711328
0
17403446
0
0
5308873
9488305
0
0
17510749
10187342
0
0
17625770
19961247
4062534
0
4704683
991256
0
21525741
0
21764927
17068068
0
21145545
0
0
19086764
10434710
19254723
13012629
20361979
18208871
0
0
0
1223426
17432748
0
0
2560574
18867168
0
0
0
19257197
0
18893927
0
0
21502315
0
20853501
0
0
0
21393942
0
0
0
0
0
3106
0
0
0
21144461
0
0
0
19574929
8270563
0
0
0
21335113
0
11830371
18151252
0
13302837
2622761
0
2575021
21267535
9271269
18533010
0
21240402
0
14280711
0
0
0
8703122
0
0
8685756
0
19188730
21936794
21884256
0
0
0
0
20580778
0
0
604246
0
21253472
0
20653886
0
7544646
143894
14163723
0
13792863
0
0
0
15428798
9204672
0
18337214
0
0
0
21917417
0
0
0
0
0
0
0
0
11345117
0
21695344
0
0
15490173
0
0
0
0
0
0
18899085
0
6080531
0
886705
0
15058425
0
13767423
0
17985856
0
21748910
0
0
0
7172083
578017
353032
0
5415660
20961347
0
18797280
0
21707467
11132740
1193517
0
0
0
0
20858013
0
0
1391032
19617623
2177817
0
13299023
4566640
8615387
6652690
11346950
670
20009604
0
9373043
19624063
0
7735966
21604852
0
21104017
0
21786657
20358075
8676251
14991833
18325581
19259627
0
17951480
20678520
0
21061458
0
12608698
0
0
18233719
18634539
18809142
3765644
0
9896169
0
21053686
0
21320011
18492686
0
0
16200442
0
0
0
21795384
0
16676784
0
21870035
19934221
19962355
0
0
16143581
0
0
6445179
11557002
0
17250675
15065461
21756780
3683067
21989045
16584195
587744
0
21300812
14742608
0
17137453
11699328
2862483
15053823
0
21752667
13323528
19630844
1987867
1305266
21556910
0
0
21829468
0
0
7866144
0
0
1153800
0
20913830
22019488
2844242
19664332
5898768
21921002
0
21750216
0
0
20704062
15216910
0
0
0
0
0
0
0
0
10164949
0
13613209
229457
19057296
7183258
17549535
0
0
0
2047579
28
0
18748434
6996131
21862788
18977803
12453705
21417768
17891542
0
2793716
18416412
6459497
0
0
19563844
0
21833237
21765891
116
2838676
0
19114716
0
0
12721106
14249436
0
0
10045633
21858343
0
0
0
21219307
0
20699992
9177660
20004189
0
0
14391500
21549417
20399334
12275415
0
0
17245005
0
0
11374214
635
9815643
20251458
5943992
21118317
0
11333970
15463344
16867018
13688496
0
0
11280324
19723183
17961016
0
21107785
0
13087034
2482894
0
9052477
10239052
6191362
7481330
19038056
21793768
12861394
10629510
19843572
19622598
18801677
575048
0
0
16597289
0
0
0
0
14857354
0
11788351
0
3884061
0
0
20082495
18431572
0
0
5204287
21087653
0
14035713
17003822
0
0
12687894
16442148
0
0
0
0
0
0
865514
18995487
0
0
0
11480121
19166295
0
21830204
19391105
0
0
955693
3925434
17804001
0
0
0
21881056
0
19574400
0
14060630
0
0
0
0
14993515
19262354
18170556
18731432
19056662
0
464163
22003096
0
0
5448383
0
0
0
8344420
0
18398457
0
12374088
0
0
0
20316283
4889678
0
14934802
0
9172412
10339914
18035529
4463453
0
0
0
13951982
2736258
0
20329385
264888
4087210
19113426
13340404
0
0
13432051
0
0
0
21109743
0
19138616
0
0
0
18137750
0
0
15014681
0
0
0
4960710
0
13153060
0
8241928
0
20497985
17128784
12665984
0
396542
0
20050224
0
0
3716833
19104362
0
19188179
20957449
11117909
1102642
0
0
796220
0
0
21057143
0
20191401
0
0
21556177
0
0
317515
20533490
20227594
10350238
20847174
9958162
0
20756486
0
11983688
18014495
8734407
0
0
16271168
17213479
20999369
0
16436634
0
0
0
0
8286495
18980208
14466452
0
0
0
0
0
11772288
0
0
0
0
0
19683674
21755007
0
0
2986211
0
0
0
6817365
6322511
0
13975754
0
9621096
14533080
0
0
2300812
22114887
8665608
18378582
984172
0
19777577
13344262
0
20607879
0
916489
14771588
20873381
8481209
20416554
0
22011504
0
9141608
0
20077891
19499399
0
0
21551430
17653262
20902709
12193913
17381217
0
0
0
0
21227769
0
15710899
7603951
0
0
0
0
13570553
15649561
3930044
0
21026383
0
11126545
0
0
0
0
20529592
0
0
0
0
0
14042637
0
0
0
17210256
16495908
0
422909
14860356
0
1832754
0
0
0
0
8641085
13375971
11004774
0
21751531
0
0
10588230
11559116
0
21737116
0
0
0
0
0
10222207
0
14431170
0
0
16098927
0
10056905
0
0
18987267
1370572
15111163
21270333
0
1236675
11225456
0
5249228
45827
16575298
0
0
8934192
0
0
0
20228061
0
0
17092866
0
0
0
20540650
4963110
20752557
11842006
0
18906020
8484258
21258773
387
16982924
0
14530063
0
19245223
182
13864113
0
0
19058136
8813538
0
0
0
0
0
21230282
0
0
14178086
0
0
0
19400229
20189783
0
14064629
12045211
11759303
20185442
17578635
16869981
0
0
21144452
11920285
0
0
0
0
15249471
0
1427584
8937338
6921412
17008001
0
20294331
0
476557
19442352
3545065
18251335
12312077
20769529
13052215
0
0
0
19832763
18039242
0
0
12962847
0
22046225
19949285
0
21461975
0
0
3414209
18173706
5346864
0
21548715
12950907
8779642
0
0
0
0
15173638
0
0
20103524
0
0
0
0
21468247
0
15968903
0
0
21911306
19500032
9735486
0
21013002
0
0
20975357
0
477395
0
0
21173159
19399364
0
0
0
0
0
0
0
16654830
0
21567625
22167802
0
21676027
12426480
0
0
0
0
0
21750051
0
0
0
0
0
16007494
795373
18551687
22092349
21698979
0
18092983
9407448
0
17594948
0
19238905
12189200
14488454
4999184
12119210
10733694
0
18419609
21371133
19647649
0
0
0
336266
0
22159385
22120965
0
702536
0
0
6991598
0
15086069
0
0
22124022
15602178
22101016
0
16751424
0
0
1835084
21401830
10589256
0
4213337
21768657
0
19066623
9999804
0
21976022
0
0
0
0
17269390
0
0
21621514
11926201
0
0
0
0
22157615
19153225
16118540
1020019
0
21490003
12205419
0
0
18167784
0
0
13906145
0
21889172
5476798
0
0
8905932
19329736
15494999
0
6745888
0
21021121
22182484
162074
0
0
0
0
0
0
0
0
17952761
0
0
19945926
14295214
21942629
22093721
7325441
20083866
0
16208477
21247821
0
0
0
6246842
0
0
21823837
2354985
21739248
0
0
14177138
21832740
15718639
0
0
0
5851864
5619021
0
19326068
1309616
13738794
21972814
20997770
0
0
171864
13135892
3390522
7846107
1152781
5301837
0
0
21880755
1754698
0
0
0
18211925
10574477
0
5297028
20035292
0
0
0
0
19277949
0
0
17360114
8695811
0
19424353
0
0
14704692
12365051
16142666
0
14681238
21668487
0
21571257
9014269
22205685
0
0
0
9158813
19846461
0
6385746
0
18651807
0
0
6646099
0
0
0
15221828
6798301
21786975
0
2095987
0
21676988
1404933
847
0
0
0
0
21341700
0
0
18025587
0
0
21470235
847396
0
0
0
1373980
0
0
20926116
16037557
0
19783053
0
22139129
0
6638399
16344204
0
0
5190644
0
0
0
5231404
14970388
5398460
0
0
19821221
13686035
0
13929411
0
0
4364082
0
18121530
16111877
0
17330950
0
8611983
0
0
0
5481656
16010570
21244492
7362851
21407445
17818644
19666770
0
18502668
16362558
1257280
0
0
0
11754894
0
10461902
18547031
22004339
19453122
17259552
0
0
6002420
0
0
0
14432324
0
10936132
3139440
0
10535679
18136107
6959423
20426338
0
9244835
10665369
22252771
0
0
21855660
0
18209606
0
22233926
19339734
21601115
20712323
0
21290769
10910991
0
0
0
0
0
0
21984548
15547112
0
22190838
22022130
142655
15961182
43540
19210797
20991101
0
0
0
21401971
0
21680540
0
0
0
0
20645759
0
18132337
16328746
0
0
0
0
22184972
18815236
17090033
0
15647276
0
12762376
0
6552996
0
0
0
0
0
7746429
8784420
10612051
21475360
14057948
21888447
21893749
16562665
10401423
0
0
14628004
16988717
0
1374713
0
0
0
0
0
0
0
21348179
17950345
0
0
0
0
7599377
8724301
0
22214433
0
0
20751277
0
6445269
5619021
13074899
0
0
0
0
7613462
11759215
0
0
11356093
9017300
0
20470928
21609115
0
20181907
0
15572034
0
0
0
13432287
0
7453807
0
0
0
2124483
21089199
20965492
17933092
15382861
0
19764966
0
0
0
9122289
0
21936969
0
0
6553565
7442849
17390266
8779209
0
21921696
21988188
0
86242
0
0
0
0
0
7567960
1850728
18739522
9094324
18985730
0
20244251
4714959
0
7524970
38929
0
11921909
0
1665930
0
0
21638868
0
20518715
0
0
0
20306593
2357932
19509223
16322180
0
0
21164791
20865030
0
0
0
0
0
16097159
12252891
21010877
0
22045649
15054546
16860468
0
0
0
12214592
0
0
0
0
12913627
0
10665124
0
0
0
19255049
17004491
13526997
0
6521624
21922662
0
0
0
0
0
0
0
22272217
0
0
0
0
22229706
8389448
14452370
16842761
0
16048156
11460173
14185018
3408749
0
0
17481756
0
4484106
0
14391341
0
0
0
12011787
21906356
0
15199852
3741076
2408406
0
0
0
0
0
15275840
0
6035110
0
7038158
752
7242650
19146102
20747885
0
0
0
8824294
18900541
0
0
21927629
21722540
21882184
0
17339584
0
0
17368330
0
5258495
12717055
7552125
12256579
22149372
0
15677412
0
10681690
4051611
0
0
0
22268058
0
4681388
6465998
15293436
905068
0
17097185
16130231
2525245
15798609
22035339
22077640
0
0
0
0
22203434
0
16250580
0
21195663
12048420
16580926
0
0
18690578
0
0
0
0
0
22122838
9201877
18252081
100805
0
0
16747000
0
0
10638382
0
19803712
17537411
0
8241609
11915523
655
0
0
18497535
635
0
0
21216545
0
11367665
17506565
0
6059245
5336866
16373284
15185095
0
6903994
0
0
19353251
0
9314484
0
0
19819430
0
0
22076881
11710764
0
21809842
2502695
7600653
0
21762995
0
22056334
0
0
0
0
15788094
0
0
0
18476471
4427255
0
15533850
0
21900027
16269481
20778494
0
0
20484572
19912821
0
6085
0
0
0
21121715
16731502
0
3420859
0
20967306
0
0
0
16548096
17632403
0
0
7743132
7429195
0
3031919
0
21883301
21580157
17112028
20486942
7681258
0
21475305
21330999
22059711
0
16461948
21577547
0
21558067
11399405
0
16108162
0
5772691
0
0
0
21069845
0
0
11966620
8807347
0
0
0
0
0
17559808
0
0
20735123
0
3823615
0
0
0
22231217
0
0
16982434
0
15386101
0
0
0
0
13424596
13558226
21911040
0
0
0
2707314
22049745
4091955
2490908
7231625
0
0
0
0
4780737
14859315
338741
21816389
14293498
0
2622402
22070781
0
0
0
0
0
0
0
22015977
11349561
0
0
0
13040091
22150884
0
14238104
0
0
0
17397445
485446
16471408
19530072
3810661
0
0
14446330
15652727
22039206
0
0
21311985
0
15276927
0
0
0
13278519
0
10420929
0
1606
0
22068319
19037329
16213269
0
15794111
7558683
0
4760954
0
21903114
0
0
22148041
7412694
0
0
10350
0
19955166
3953751
6291258
0
0
0
0
19588828
0
6761570
4002372
0
0
0
0
0
8196473
0
11442683
0
11313090
1408472
16965955
0
15197507
0
15065599
18895138
0
20860549
0
0
1219759
0
19034263
16572903
0
16140973
0
0
3989983
14980665
17543680
21650024
0
0
0
13366694
20371804
592474
0
286218
0
0
0
17515872
0
20595858
0
21181207
6394939
1680023
0
2119444
15644924
11956333
5661138
0
20073733
0
0
0
12957861
0
5590273
11274938
21980978
21925344
0
19253586
21365698
20357493
3080909
0
0
0
0
0
12793273
19265813
2666722
0
1133186
0
5712326
19
158872
14424986
0
0
22190544
17917549
14939960
20445352
0
0
0
3744579
18406355
0
0
6234588
0
10992621
0
0
0
0
0
0
0
11126672
6398434
0
5014604
0
6135391
0
2224673
17544044
0
17166982
0
0
0
10528
3472072
11938284
18327037
15979852
0
13594128
0
0
0
0
0
14385618
21755638
0
0
19519650
0
0
13943096
20091490
0
170244
20876067
22018929
0
17853777
0
0
3993023
9983583
0
0
0
5714294
22305710
0
8391402
93962
0
6359179
6424168
0
0
9109856
0
0
21650372
20180670
12926913
0
22441058
0
18691511
12806525
0
22410221
0
0
21001705
13724906
21237985
13632788
12308871
0
22492425
0
0
0
0
0
1730423
21218768
0
0
15514992
9893135
0
836
0
10286569
10483032
21480684
22085445
11243688
21967867
1261377
17491894
0
0
0
15399827
0
0
0
0
0
0
0
5466860
164169
9406977
8113673
0
12195137
0
0
20363057
2330815
0
9234467
18975630
0
20711254
20074707
4643973
0
303957
10767038
18024559
3082738
0
14989284
0
0
1431882
21711303
21320841
17958153
20313547
22481613
16507832
318739
0
0
0
0
0
0
15650373
4700276
20137238
0
18702285
9843760
21168424
0
20928953
8911751
14190997
11710962
20091805
0
22353120
0
9711386
748575
0
21450269
0
0
0
3090643
10892169
0
0
8358460
0
22125464
0
6127001
20891202
0
0
20213331
14044013
20863276
0
17420461
0
19984317
20910804
13670695
19165475
0
20661400
21973357
0
0
0
9270023
10167316
19266057
21552235
0
0
21978002
0
0
21583357
14958445
0
0
0
18820449
0
14500228
0
0
0
20344588
754159
8048227
21816658
1079405
0
0
0
16072519
0
8398409
0
0
4919976
18878914
482522
0
439469
0
0
1000440
0
0
0
10882880
20370625
21298373
0
4557227
20313223
16203430
20149176
0
7102313
13094464
0
0
17317303
21360356
21462040
19626792
0
21647209
11788750
19918142
22447718
0
20846178
3409650
22511725
22230948
13633937
0
0
0
10710593
3255636
0
0
398
0
17903786
8877318
16007769
0
8721745
0
14398040
18745346
14463227
0
11585916
0
0
22371854
16630488
16821411
0
16575236
20669910
21906373
0
18189112
1539958
20544197
17223676
2267731
10851621
0
0
0
19114230
16141577
17380470
0
0
0
19042729
0
21435678
0
7828673
0
341639
0
4587597
17364159
21116460
0
8396157
19695774
13661984
16571311
5392783
0
21872135
0
8281028
0
0
8557545
5396708
22414551
10398009
0
0
7164995
0
21558942
3058770
0
0
11721858
20693251
15702519
0
0
0
0
0
0
20467168
21093143
0
0
16992816
0
0
13699706
18169202
1946276
22406953
11060754
1922621
21119043
22525254
12426213
0
0
378001
1442969
21890568
20693251
20937322
0
0
0
0
0
0
20417130
0
0
0
19393352
0
0
0
0
0
20980324
0
19880776
0
18076467
22121576
736019
9365546
5495910
15244767
0
20878351
17834024
0
0
0
0
0
13817096
14620274
13749113
4805183
12921461
0
2011184
1635174
0
1472996
0
0
15796640
0
13142685
5783378
9812708
22135717
9845166
0
674770
19489069
19912819
0
0
0
0
0
0
0
0
11876447
0
0
0
0
10072386
21563526
15981844
21635914
0
19294070
0
17558213
22473211
6012461
0
0
1707831
0
16418821
20777160
2803936
0
22315441
0
21392741
0
0
9365357
0
0
15194983
0
0
21436383
19634709
17980674
14457027
0
15648957
0
9342709
3786260
0
19866870
20599477
0
0
0
21649508
0
13614994
0
15595793
19960534
0
0
22195722
0
16484403
0
5691895
22367095
22308971
0
5731521
0
22084523
0
0
21018798
2909153
0
12526899
19938012
0
0
0
0
0
0
0
17972486
0
0
9388142
0
0
21697016
15937230
0
16318737
0
21152397
21117618
0
0
21505450
0
21068159
0
0
0
9323465
0
5973619
19091103
0
20364841
0
8478495
0
22213392
0
19827195
7997863
0
20581163
0
0
3098480
5726639
0
0
0
21575986
21055007
3761501
19666337
17698930
5152993
217028
0
14838956
0
4698463
0
17921928
0
7342712
9227708
0
18111803
0
20795867
2103298
0
0
19329945
20652106
0
12584755
0
20176114
0
21863371
0
11955222
21354130
0
0
0
1477517
17608740
0
0
14336203
831920
0
19897225
0
0
15579610
17945601
14520436
0
22558186
22212578
15905670
19638568
0
0
12001702
4440652
22005623
0
18446652
0
1566596
0
303
17256784
0
0
0
0
3771024
22263563
0
477180
16167250
0
0
8781278
20539763
21852271
16047029
0
1597341
0
5091067
7866309
0
15293381
0
21856032
0
20492445
0
0
9524761
1138437
21401186
20643228
11363139
4179717
22116955
0
9017300
0
0
0
0
886738
3056816
20670117
15342196
2583521
21769449
0
0
16938646
10209935
16120958
15240687
1402422
5265809
14225254
13765338
20400331
11267681
7086449
0
22120060
0
6348982
0
0
21826200
0
11321824
0
3976655
18503078
0
0
0
0
0
14098328
14404862
4530192
18921845
0
20531516
0
0
0
21968539
0
0
4288169
9777617
0
18239635
22555816
0
0
0
21489853
0
0
0
0
0
12427942
0
0
4507019
7262583
22102169
0
17263433
0
7073826
19541857
14142518
0
0
2029495
0
0
27673
16325341
21855280
0
0
1887188
14173093
21308867
18915468
47520
0
0
0
20316231
0
0
0
7562673
20948812
0
12160082
0
16571941
0
0
9825565
0
0
0
0
0
17563513
21321266
14554825
21177198
0
0
11580910
1535699
0
12769543
0
21387217
22596885
22633347
12651365
5207169
11009816
0
0
0
0
15335741
22611144
0
19049386
0
0
0
0
0
0
0
0
0
0
0
0
20417670
0
21428005
22583747
18787530
20908140
19291416
22596441
0
4374709
0
0
22130073
0
0
17124265
8395423
15685848
0
0
22614441
0
21387568
18039354
15043165
15801034
0
0
0
0
19415245
20925357
9818035
0
9956948
0
0
0
17249410
16485012
7559602
12803668
5485925
0
18328494
19073858
0
14717095
0
10228563
0
8232136
0
9840981
0
11937044
0
7462588
0
12423036
22659176
22521505
0
135161
14880437
0
17638345
4026361
14589443
0
0
0
0
0
16653057
1778298
18837466
0
21365117
18029892
22251439
5397902
20130065
21050196
0
0
22229720
9105351
18306285
0
13143499
0
0
6779004
0
22074215
2937282
4673231
0
0
20903032
16939714
11464808
0
0
15832955
12262278
0
18132440
0
0
125
9937075
0
13235611
0
22418501
22680919
16448251
0
0
0
11931815
0
926
1464627
0
10414822
18989373
22615558
20186220
0
0
20189521
0
0
21455544
14040573
11346497
0
0
14011936
14227426
0
0
0
21711283
21952329
0
9235785
12209889
10818450
0
0
589925
0
0
18764735
0
0
0
0
0
12151302
19010807
0
15559704
11925767
0
0
0
0
11692937
16207961
0
0
0
0
0
5770368
0
0
0
15161144
0
0
0
21739479
0
0
20876009
0
0
0
0
0
0
0
21817431
0
54636
0
0
21023299
0
8492220
8888408
7872282
0
12030795
0
0
15877962
21961209
13911146
0
0
0
11944136
0
0
0
0
22467949
0
0
14446213
5154834
0
22355821
2313864
14667863
0
0
22658614
21003234
0
1211778
11378043
0
14067884
0
10030671
9970450
15481943
0
0
17500848
0
0
0
18102566
0
21473005
22282572
0
22160318
0
0
0
18017293
0
18816136
0
0
0
0
0
21262163
0
0
22184732
14789551
11250869
7686598
22300599
13778703
22581792
0
0
5787373
0
0
0
11135930
16265792
0
9447082
0
20887725
0
16600409
0
17767427
0
20223685
4947643
18279784
14059024
0
13092034
4082746
0
0
0
0
56355
21336343
18369634
0
16775721
0
7870793
20395888
0
919189
0
10610405
0
0
19972416
7532451
0
15508760
0
0
0
15662414
0
0
0
9024324
0
0
13478444
0
19598906
22516128
0
17797016
0
93821
0
0
0
0
0
22274643
0
0
0
20208999
0
17391152
0
0
0
0
16835193
6151496
0
14480540
0
0
0
0
0
21295892
8466482
0
0
0
0
0
9262255
9796345
21925979
13821563
0
12509177
21352654
0
18989805
0
19939339
21430982
0
0
0
11327814
0
0
0
6080086
0
18297184
3959312
0
0
7596719
1681645
0
0
0
0
0
3479717
12506666
0
0
22754926
22453092
22511177
19207867
0
15949291
16014839
1779100
0
19039653
0
0
5987623
404263
0
0
6416463
22099423
0
2227777
0
20120471
5241959
0
0
0
0
0
0
20181473
0
0
0
0
22665073
0
0
0
0
19242254
22523945
0
13107420
4267309
4357244
18523971
19106972
0
0
0
0
0
0
22446074
9624682
5615619
0
0
5321546
4643487
4754661
6843805
21493169
7540439
0
13731413
4426944
21930493
17469972
0
0
20604445
14016075
20923211
0
0
0
0
54446
18886915
22637973
0
0
11850453
679
0
22772428
8975818
20884497
4449715
928894
0
15112662
8233822
6379111
0
0
0
0
22471668
19874929
16638893
22041177
22283634
22681874
21662413
20363325
0
0
0
2743605
0
0
0
0
0
12077280
0
9190584
18446368
19058912
20672355
0
10583892
0
10475096
0
2213439
0
19228788
21881252
0
19773804
5523050
0
0
0
22536951
11515814
0
0
14291785
13475397
0
19901604
20614580
18071891
22521552
22336231
159
7576140
0
1649217
0
8858814
21800590
0
21340690
6498117
0
0
19146095
22656453
0
17539256
9308798
0
0
0
16751414
0
0
0
12169314
22184368
0
21658278
0
0
0
15568958
6750450
0
0
22612357
14552163
0
20870643
232923
13355310
0
0
0
0
0
0
22556431
0
0
22734009
0
22400405
22095748
2239368
0
17649333
8623108
19551706
0
18528946
21562393
0
0
0
0
20016971
18441102
13788077
0
0
0
0
0
9637621
0
0
0
16974816
0
9194920
0
0
0
0
19159836
0
0
0
20702541
141140
0
0
0
6865549
19394910
15767996
17250478
0
10154233
5295067
0
21366996
0
0
21769641
22616129
0
22377096
0
0
0
15673757
0
18508525
2126053
21821742
0
22770665
22149221
18855660
0
21476579
22410382
8130947
17360875
22767408
8444958
0
0
3855994
4856676
0
13972387
0
0
0
0
4353869
0
21983157
10759074
13627488
18622193
15186562
0
11629314
0
17740072
15633184
21914835
0
0
0
555002
0
0
0
10184711
16957046
0
1692332
14727418
0
19597752
693081
19913994
12408553
0
0
0
21082023
0
0
0
0
18753454
413374
0
17346648
0
0
0
10169282
19189186
0
0
0
21210097
0
15293788
0
0
0
11863940
0
4526149
0
0
22393016
0
21622587
15408708
22860660
0
18075102
0
15534910
0
0
0
0
20351199
0
18074991
0
0
0
495200
21904581
0
0
0
0
0
13619459
0
0
0
19161103
6783810
0
109826
0
0
0
0
12910298
19850545
0
22730615
0
0
0
20439119
0
0
0
0
7672159
0
0
21565040
21560674
16558316
9344140
480166
0
21584611
21669587
19215310
4929915
22802096
0
22097005
1925807
18573793
0
1705777
19595212
22817601
21833349
19351821
0
7998906
0
2425278
0
12784138
21813005
17157450
0
2737444
20719974
0
14483636
0
0
13799527
0
0
17659262
20428985
0
1780664
0
5502682
0
11333836
0
22334888
21550571
0
14388925
0
0
0
0
0
18396661
0
0
0
17706661
21904529
0
20726052
0
15593442
0
12673572
0
8432593
0
0
18091291
20721046
0
0
0
0
15887178
0
0
21540721
16458025
0
0
0
22838509
21818598
3284436
0
22606072
13360229
18128062
4831844
16213953
13863527
16434618
15700538
0
9557557
0
0
10007869
16606825
0
0
4373040
0
0
1934480
0
10617148
0
0
11605057
0
16089468
0
5715785
0
0
0
19796457
0
22791594
0
0
0
21333523
0
0
0
0
0
0
230189
0
0
19982333
0
0
5156109
19352458
21710839
20761488
0
17223975
0
0
21428903
0
0
0
11416050
0
19399782
0
0
0
0
0
14386679
21673573
0
22613691
0
10471341
2843030
3974232
0
0
0
22010778
0
22235164
22151832
0
0
21841668
21914519
4491341
7930105
0
0
7561892
0
414678
0
20345132
0
0
0
0
0
22823630
135600
0
0
0
0
0
0
0
0
6438662
7907183
5901250
0
0
0
0
0
19804518
9619228
13227714
1738082
0
0
19532071
0
0
0
0
11690800
19129189
0
0
17834877
0
0
0
0
0
0
7346200
0
0
4465235
6711252
0
4672487
22655802
10770981
3063857
0
9407466
0
20465309
20830859
14628274
0
3039847
18152508
14746350
0
0
0
0
22873744
19461039
22724405
21177826
18395031
0
10002183
0
18819299
0
0
15921642
0
989667
22150611
17565768
7064188
0
0
21903146
22374332
14170940
0
10970454
0
0
0
16753062
20223588
4862931
0
0
21061684
0
0
0
22942898
11925386
11931213
22850991
18653283
0
0
0
21683215
11576238
20998502
20569583
20478012
0
24308
15781815
0
13948083
11478983
22567278
0
13547367
21888673
0
0
5996021
0
0
19081643
0
0
0
0
0
0
166
0
0
0
0
22681056
14386367
16135178
15185400
0
0
22421935
0
836
1519288
22527066
0
0
0
0
0
0
0
0
0
10001666
0
6169195
17928000
10452544
0
17168027
0
0
8782620
0
19655127
8480946
0
1840615
21704665
20891688
5783579
0
9066402
0
7315837
11002618
18920631
16302150
9058361
15627141
0
0
0
0
22958742
3056518
20014661
16918926
10776951
22367210
0
0
0
3965558
0
18906064
22217670
0
0
0
17185046
16743317
8278754
0
5068056
1185471
0
0
0
0
21729265
0
0
16520755
12842813
0
16351217
13841176
0
0
20016441
10700
0
2588686
12048330
21625598
1539628
0
0
0
0
0
6352023
0
0
0
0
1758217
0
0
21284200
19219525
0
0
0
0
22872660
20204781
0
0
0
19399967
19216054
1091792
0
0
16131224
0
0
21708497
0
9207596
19743530
0
18133917
6415650
0
20652930
0
0
0
2117875
22976388
0
0
0
0
0
0
14725488
0
0
419669
0
0
22704926
0
16862014
17499
0
0
0
20699702
0
18665064
15384493
18074860
0
21706726
0
0
19954016
0
8497291
18456471
0
22505966
0
0
2402172
11884930
18990929
22234939
20800491
0
0
21096252
0
20829618
172897
1618853
5129980
21543625
21410159
0
0
9943742
22709080
0
0
0
17251015
16984516
0
0
0
0
7479041
1358304
0
0
4037611
15309235
0
22684842
19929446
23012348
19764175
0
0
0
7288341
13140319
6439643
10198611
0
10618454
0
0
2273201
11605893
13979782
20996599
0
0
16442466
0
0
0
0
0
11893366
22931932
9837650
0
21294891
22332869
0
17107289
0
0
0
15239321
0
8254705
0
0
0
0
22295830
13513679
0
4152039
14958444
0
0
11610271
9737846
0
19091562
4296603
22850344
0
0
0
22552665
0
5429088
22502615
0
0
0
0
0
11051552
0
14030542
17646905
0
0
0
0
0
0
0
22839047
0
18301836
0
10100435
0
0
0
0
0
0
0
20387170
20837458
18692905
19833220
15288336
13230435
0
0
13927832
0
22584714
0
0
22894633
5596651
11687884
7959210
0
0
7551769
0
14506761
8642430
0
8396402
19107555
11678085
0
0
0
11100353
22934824
11411523
21135847
3822698
4243173
22413370
0
10287234
0
0
16468424
0
22296811
22953318
0
11364582
0
15647435
8669729
21365276
20304751
18678365
11784519
22247215
0
14936680
0
22979644
0
17798736
3067903
7107744
20009742
0
0
10105178
1449604
4082632
10227368
19924564
0
13134239
0
3546781
22656699
11426336
0
23008886
0
0
19806361
0
9161244
22229143
13192927
19632701
22975300
12703205
8145374
22615967
0
0
0
5212973
0
19720892
0
11922145
22550110
3265171
23023103
23038035
13715446
0
0
0
0
22727895
7799924
21707372
0
0
21205732
0
0
0
12611783
0
19853358
10231101
3941768
0
2862937
1381246
23003177
0
0
0
21118482
6767994
0
1386699
0
0
0
0
2356587
2374742
0
0
0
14920125
23043445
8912867
0
0
0
8464803
20348420
22883306
22437070
0
0
17789823
21097574
0
0
0
0
0
0
0
22567378
18169958
0
0
0
13201246
21221450
22915870
0
0
9948041
18350618
20375485
2972816
0
0
0
0
22442895
15868377
0
23012385
0
0
15450869
0
19820956
17784101
23040257
0
0
0
11100353
13228473
8058938
12666191
0
0
0
94380
0
17421736
0
1120674
0
2126294
17216552
0
0
12678940
971762
0
0
12589136
5664445
0
0
20501706
0
19016731
18747743
3172768
21633261
5426252
0
0
0
18792061
9204672
0
0
9125802
7269449
22493845
0
20602979
0
0
0
0
0
0
16588850
0
0
0
0
13055511
13131367
0
0
14185891
0
21282834
21394749
22913226
21935647
15348588
1169535
0
0
16587802
0
2885032
0
0
0
0
16865988
0
19453475
15344571
22893693
14778378
0
11253888
0
16007893
0
0
0
0
17099120
0
0
0
2079112
0
0
19880844
0
8803042
0
8878998
6280581
0
15615821
0
23069249
16324241
16984397
0
0
0
0
17139143
0
22344271
10793561
0
0
22542148
0
0
0
21570659
22996181
21925957
0
18
21521810
0
22264981
0
0
0
2811817
0
22628278
22424692
0
21922592
22976387
1293680
17311322
0
0
0
0
0
0
15990891
0
0
0
19043531
22784549
1497932
0
18912440
0
19657102
0
0
0
0
22943776
0
20617268
0
0
11631266
0
22903368
0
0
16870232
0
0
8253157
1332093
0
4246198
0
0
3952484
0
0
22721917
9672798
0
14428638
15354025
22986811
0
5934674
0
0
0
0
0
0
22623705
0
20179739
0
0
6681828
0
0
0
0
0
0
0
14545293
0
20245298
563386
0
765062
17810768
0
0
0
21865608
17976074
0
13978070
0
0
22174115
0
11965309
0
0
0
0
22090666
15739605
0
20903902
21888962
21427474
16480471
0
1227903
7404660
9666377
0
0
22165655
0
21256557
7567825
19391783
0
19622250
0
0
0
23019076
23031696
19989260
0
20789276
9819214
111815
0
19913455
0
0
0
10594063
0
7915540
13741418
0
0
0
20505565
0
0
0
22973853
0
0
0
0
0
0
0
0
0
22836783
0
0
0
0
0
0
13955739
12502174
22562544
18038497
0
0
11162902
0
16238585
14295291
7501912
23145819
17155897
0
0
7234752
22379150
0
0
0
18292322
0
0
21686062
17958395
0
3847976
31273
12319198
0
7877752
12108469
0
22167028
0
2679228
0
12915609
1504081
3353014
0
0
3861984
0
0
0
0
0
12810090
0
16697251
0
0
0
1614434
0
0
0
22354951
0
0
0
0
0
0
0
9351876
0
0
0
0
19992330
0
7137421
0
0
21893354
0
0
22259057
0
6657429
0
0
0
6631468
22757848
0
0
0
7525354
0
15456176
21634584
0
0
21693779
13442657
7664865
22900086
13890612
0
22225164
3556380
22910998
0
0
0
2737194
1757338
15132352
19937669
0
0
0
2841670
5767326
0
12308066
16701957
22726779
1087896
0
12701576
6721382
0
0
0
3126628
6402320
0
0
12105073
22231847
22272981
18671064
0
0
9222089
22229436
0
486711
0
7484410
166
0
0
22323368
20691201
0
80151
20807145
0
13019844
22475062
12148979
21719563
0
18157078
0
0
9838490
5313920
0
0
917
23164308
0
0
0
0
0
0
19229467
0
10718616
0
0
22764661
8987042
0
0
0
23161319
0
2206506
0
0
0
0
22471482
0
0
0
0
0
0
0
23175606
17783112
20271910
21935544
7483839
0
7334589
17153717
0
0
5409996
22405513
18324901
0
0
22461702
15071517
0
18714081
13003115
16396562
0
17551708
11166901
10319958
0
17703589
20913275
0
8570148
0
15672958
7116888
0
3113553
15628602
0
0
7904109
11750821
0
21148145
0
0
326394
0
0
21967504
0
2021974
0
0
0
0
0
11832738
0
1282177
0
13078951
0
0
22618869
20701450
0
0
0
17069576
5338423
0
0
5937321
0
11692591
0
12659845
21668851
0
0
255787
0
7944066
0
22381738
0
0
0
9527297
0
0
0
0
0
0
10029820
22177410
0
15449833
0
12901723
23113667
20517616
4790021
2330660
0
0
3619730
16971255
22231151
0
0
21990776
14748307
23137432
15844101
5895639
20805467
0
10307558
0
0
16439798
0
0
0
0
0
21075287
23154997
14080053
13141974
23168296
0
8634406
0
4856914
20840912
8513929
23201708
0
0
7478118
0
0
0
80629
23009477
0
0
10142373
21553198
0
0
0
0
0
0
0
0
0
0
0
3796277
17413945
23201841
6734899
21441920
5352499
0
20698561
15146750
0
5729244
0
0
19356352
0
16925968
20318981
10377233
0
9947066
0
19242758
220105
15557144
0
982023
0
0
5459830
0
23213718
0
22988287
16379008
15105842
0
0
0
0
2625181
4861392
18152353
0
0
18923004
11100490
0
20208778
0
20685980
0
20748582
0
0
0
22946649
0
0
9169106
0
0
15056666
0
15032064
0
19025110
0
0
0
17437463
0
0
0
0
0
0
0
16202211
0
0
7500104
0
0
0
0
0
21266637
15514389
0
18319237
0
0
0
22895390
21233593
17709786
0
0
18814479
16703620
10697732
5320589
0
11961045
21550327
0
11063120
20028383
10826409
16315925
0
23071175
16044325
0
22153290
17022710
23177599
665767
0
0
0
0
10779682
0
14013947
12165739
0
9003959
0
0
21052652
10373688
0
0
0
18934721
12240904
0
0
20188983
2103724
0
0
0
7740299
22851767
18039742
8933436
0
13226429
0
4597
21642966
21812716
13483108
0
20788342
20565314
11539497
0
22773532
22083336
9371923
15638812
1108934
5276907
0
0
17089623
21978648
22853367
19577301
20770257
0
549177
0
0
0
4021671
773061
21657508
4854101
16324184
22628115
0
630150
0
21031625
0
17895352
18131960
4467055
0
0
0
0
0
0
0
469951
0
4313541
22849598
0
18469017
701118
20839597
0
20217532
23240785
786318
4220691
0
21273182
20686553
0
19593495
22989835
6330498
20301976
19399239
0
0
0
22323513
19034440
20638840
17690670
16688128
13418964
6124873
15506367
11391308
23208266
16547137
1547508
0
0
0
148055
0
22115377
17481756
1839151
14190424
0
13562095
0
20320215
21450749
12150083
10403160
0
0
2853634
16186088
9103804
0
16070256
0
0
0
11924409
0
0
2744221
5880920
0
7453157
0
0
0
0
0
0
22813360
0
10352323
0
0
19165501
17937989
16647345
22686196
0
0
7988397
131264
0
16850142
0
0
4322218
16789020
0
0
22104740
0
13652449
0
0
12908694
17164366
0
0
22393591
4998428
23093833
0
19515759
22878925
22318481
0
0
17406340
10148403
14843186
3615985
15839648
0
21957998
0
18280583
0
0
15753979
22073350
0
825254
0
0
0
0
5382989
0
0
761771
19593627
17831962
0
0
0
22573202
0
0
15751764
19481513
13218069
11677546
0
15232390
7965142
0
21948510
20491718
2255186
1447515
0
16482636
0
18995182
0
0
0
22309699
0
0
0
0
22302199
17848489
19574067
8477489
22314611
0
16451218
17078656
0
6402533
6113253
0
7178646
0
21778198
0
0
0
9473629
22425906
2500656
16330810
0
0
10581872
0
0
8038985
17056111
1786645
0
22566371
21901108
0
0
22348470
19231923
4147601
15591295
12255406
19752624
19095047
0
0
0
22291467
10912832
0
36032
18927097
12621447
0
22609083
0
16860054
4759453
0
0
0
0
0
0
14932335
0
0
23015140
22832110
0
0
22306228
0
0
23151526
0
21726536
0
9752269
5487224
13011059
0
0
18733005
22835901
6211800
454217
21837587
21947086
0
0
20656006
12619629
0
13737483
23341901
424
6685834
17998004
20691201
0
0
23221425
0
12697742
98351
0
0
0
9028
0
17615294
10565914
0
0
23013867
0
0
4800119
22932910
10162467
0
8505921
21298276
0
0
15247090
0
0
21017667
11462685
22576279
0
0
19919142
22237688
22367242
0
0
22672283
0
0
7398029
0
20861053
9644731
0
23101507
0
19301903
9406964
978434
5775292
23286396
0
35289
0
0
0
1481987
769157
5411966
5804473
1659133
0
3900846
17963991
20045912
12362916
19613459
0
18523515
11812075
14764319
0
0
0
22579620
0
12810090
9298187
1443218
0
12063945
20402950
0
0
16773728
19552531
0
7109456
0
0
0
7690442
14872419
18353681
1113475
0
20878943
0
22815792
9987450
21090566
22858082
6159647
0
7358060
0
0
21086851
17768355
0
0
19469771
0
0
0
22695432
21911441
9464227
0
15640936
0
16219573
0
0
0
22308846
19753638
0
0
6146511
7588697
22272725
0
0
201123
0
13222473
21091757
17720683
0
12575409
11708735
2744648
22944949
11491274
13001720
0
0
0
23375562
0
12001094
21588027
160562
0
21223573
13632777
0
9986483
0
321125
6603807
0
23008458
0
19589125
0
0
0
17790798
21061284
0
15235
0
22928700
0
0
0
0
21718871
0
0
7502219
0
0
23372089
12858758
9807951
749030
0
4776012
0
22990501
5415329
0
0
16957465
959568
5534100
3063024
0
22776143
0
23397467
0
19286021
21229168
0
13994909
7573937
1540223
0
13899592
0
15727578
16966543
0
0
0
12376597
16257971
752437
2926275
0
0
20489034
18756978
0
3171950
0
0
18071086
0
5977454
6305070
0
23160059
0
2617754
22615624
0
550948
1696495
0
0
15940680
0
3248393
0
10224293
23014514
20912015
145614
7724372
0
222350
213522
0
8035177
9171631
4927197
18865653
23387726
13676157
10453422
0
0
0
0
12363815
0
0
18501161
18879766
0
21284128
0
9846630
0
0
6314696
20708591
0
0
0
0
0
22595461
0
0
22310170
10012664
18741593
22347722
0
16843938
0
22546062
0
3897395
21803171
11852750
22838224
0
4134814
19049401
0
18849738
0
0
0
14193722
0
19920855
914140
15265310
0
0
5333129
21679974
4978943
0
12065947
5654985
3004905
0
23058723
0
0
10236585
0
0
15906982
17239229
0
5021820
21866087
8467771
0
0
14228662
22932302
0
17144238
0
0
7868373
16786212
0
0
0
20889134
0
0
0
0
18583613
0
23288448
0
11842951
0
20960341
365
23356287
21021640
18913975
16787414
0
6843050
0
22671744
20395639
8645654
20483796
23390056
948059
0
22767020
12697241
9337565
0
7755673
22632702
22693679
0
21023246
0
23181291
0
0
0
12702337
0
18185793
0
0
8456338
12409030
19627432
23212640
7951982
0
3126054
0
14440139
0
0
0
22848827
0
21830096
0
21998412
21401065
0
22802178
0
21994068
0
0
1880443
2688283
0
0
9186553
0
5889876
15429444
22689801
0
0
0
0
0
0
0
0
19628006
5165420
22885767
11599283
17468432
14340646
0
16479837
13497348
18521246
21780325
0
4647168
22561914
0
17879280
0
0
0
0
0
0
7672731
22823608
0
0
0
18861450
0
13702468
2322768
17898366
0
0
0
0
0
0
6069464
0
22456744
0
3513006
8449346
4608142
23328642
22244645
0
22154541
0
5113794
0
23216429
0
0
0
5217251
0
13751165
0
23109430
0
8939731
0
0
1178539
0
0
22075652
0
6291250
0
7261438
0
22491262
10823977
22552413
7314016
14313424
0
0
12366325
22457717
0
0
0
0
0
0
2751443
23468539
606076
0
0
0
22174578
9228206
14685973
17155897
0
22815920
174463
23511651
22412471
0
19531085
745975
13980616
12130942
0
0
0
23106354
0
0
0
0
0
0
0
0
0
20221157
2737730
15718128
5682981
0
17979487
0
0
20155042
871586
0
0
0
0
7323155
10251419
0
0
15354606
23156757
0
7979157
18884404
0
0
0
13800963
548
14649831
23208624
0
0
0
23366921
973
22050960
0
23440532
0
0
4143557
0
23185753
83938
22057876
16003826
5866895
12823896
13341371
0
18068408
0
279
0
0
22936564
0
1410443
0
0
0
0
0
0
0
3431925
13378543
20274445
0
8003704
9196629
0
4103546
23515793
0
13416124
0
5276775
0
0
9641100
21188073
8198883
0
0
23432667
16572877
0
0
17195878
15935331
15059714
16928406
20361543
0
7673217
22760334
0
0
0
17999941
20903986
22591348
0
0
0
0
0
21904237
0
0
23142781
0
15665501
12940342
21710135
0
0
22008067
23121387
21739479
12315622
8014058
0
15729659
23243838
0
0
15154958
12671601
0
6610698
0
0
18394038
0
0
0
84648
4609881
16259695
0
0
21224947
0
0
0
0
0
0
0
0
0
263152
0
0
1419035
0
22768063
21718025
0
23001964
670
0
0
15106074
6480735
15937681
23211588
20214794
1588929
0
467606
0
0
11198608
1015783
16397234
2743400
0
9117399
11770027
0
0
5707236
0
23387638
22379319
0
7854095
18165112
20628223
0
23377142
0
12299545
0
0
0
14717918
0
8101984
0
709259
0
0
0
0
0
0
15132893
4811096
23212636
0
15231448
0
22931555
5630079
23105446
16497588
0
0
0
7280057
345073
17958680
22075982
0
0
0
18564352
15854562
22670644
0
0
0
3898341
12527623
0
15766608
16881327
15687307
0
22031358
3539899
15679523
19962766
4261966
0
0
0
22512185
0
0
0
0
0
0
0
23454667
10178805
0
23278600
10450285
22282672
0
22118655
12019569
0
0
0
178559
0
0
0
0
0
12003754
21921905
23152936
16861811
21020931
2951920
18048061
0
19493965
13814615
1611907
0
0
0
14768547
0
9660261
0
0
10826999
22555094
0
0
21086080
23240279
0
19669460
11540088
4023176
4995323
0
0
23161179
21033711
12866612
0
17859548
20180435
12199246
0
0
9818003
0
16690798
0
5358420
0
16278137
0
4234964
0
0
0
0
0
20441827
18847087
0
0
10397982
2563170
11937014
0
16699337
0
0
0
14823696
23176379
1560092
0
18564689
19530285
0
0
8260298
16972575
0
3006924
0
0
0
0
17375045
22899973
5847802
0
3601614
16271806
22952737
0
0
9325379
23367206
23154655
8220759
0
0
0
17224218
0
0
0
0
0
17462507
16785726
245738
17920456
0
7532912
7013093
3628512
16176987
11738584
0
258565
0
21404027
7333863
0
0
0
9577945
11079852
0
0
0
0
0
20300124
0
0
23212411
12798444
15689965
20829061
0
0
0
0
14647453
15736860
16748611
0
13188408
19392884
19353890
10440786
2887345
11886537
2736258
18430652
0
22886906
0
13008275
9628565
0
2271535
23450877
0
0
14301839
23329585
8780750
1843592
0
11487662
0
0
0
0
0
0
19644873
19617750
6905880
0
19279307
0
21793716
0
0
0
23147415
0
0
12179094
20796233
8855168
14514654
0
16113492
12936979
0
0
0
23462604
0
11951611
0
1410286
15701927
10790300
20328446
20609813
0
0
0
0
0
42984
7334487
0
0
18265847
0
0
0
0
0
0
0
15443699
914485
0
4204943
0
0
0
10593846
18808742
0
0
0
17269809
20762037
23523219
0
21164848
0
0
20844110
23339733
20533191
15349713
19949248
0
0
0
0
0
0
0
282292
22788386
0
2146663
0
0
0
0
22505800
19082399
20274180
21536713
22547798
0
15808978
12666321
20371868
0
0
3790168
4624769
23392912
0
23571990
23353559
20073046
4164057
0
6965242
21836507
14177664
0
0
22298654
0
0
659437
10820554
21594357
0
9351316
3219846
17373392
20191762
22754708
0
19335502
23250204
466744
0
23033180
20941401
23636753
0
47266
0
13215023
10254370
22886089
0
18236605
0
16778620
1206443
20830179
15934414
20103946
21101264
0
0
5654799
0
894415
0
0
0
18117500
0
4885979
22122665
993836
0
0
9362020
0
0
0
9027102
16584821
0
0
0
0
0
0
3587544
20847285
22000953
0
0
23605825
0
0
5073321
10781944
22704304
0
0
0
21126823
20213470
23148993
0
7132403
0
0
0
0
0
962
0
22240352
0
0
16975126
19042364
11804814
18356549
0
15877932
0
0
0
17040600
23030502
0
3191055
0
23630608
21791494
22368423
9307614
13256632
0
0
0
12496146
0
0
19948406
23178792
0
0
0
0
4747956
11198236
15806487
22966933
0
0
19919786
16288115
7645102
0
0
13209685
12800235
0
0
0
19240150
0
22704759
0
0
21909084
0
5656007
0
0
0
0
22053186
23213687
22877827
18379062
16221026
3090166
18419314
0
15917786
0
0
0
0
0
743
0
22617008
4131325
462213
22911984
0
23327170
23579732
0
0
13001635
16158597
0
18044167
0
20635063
0
0
0
23262191
19988776
1889532
0
0
22710711
0
16966814
22057471
0
12937487
22597790
0
14152488
0
15407447
15685758
23656207
22343751
367
21923899
0
0
23212310
18635479
0
0
0
0
21610797
0
0
23253939
174299
0
7036802
0
15019476
23138966
20885940
0
3328169
18795577
0
0
12400216
23226439
23357914
749994
0
5906567
19400218
19295303
0
0
23681860
0
0
20279639
5214667
0
0
0
21145124
0
19245847
0
20446009
0
23271507
21927555
16232381
498170
11082512
10700470
21887785
22857409
22747141
23608863
20601189
11748423
0
0
0
513679
22990547
17728209
23387375
0
23221987
26542
9644753
0
3792037
11988342
5100704
27634
17773356
10808290
22875304
17640268
0
13729788
0
2816247
21364981
10375798
2337958
3443306
563386
0
17778771
0
1152688
0
0
0
14313961
0
12851800
0
0
11541594
21400418
0
21162842
0
0
0
0
0
0
20183418
0
0
8625688
21609495
0
16923717
22315928
0
2230216
0
18476482
0
13604374
0
17021534
9448938
20143022
3838434
215827
0
7956679
15225582
22991089
0
0
22232996
0
18025684
6266471
21812278
976289
0
0
16980319
10508889
559121
15325949
2002502
0
19890762
3223907
0
0
21125285
14020028
0
19633852
0
0
0
11144264
0
12688813
0
0
18373374
20368478
0
19762332
0
0
0
0
0
371456
0
0
22393498
23641763
0
6267511
0
21890927
0
0
0
0
0
18132440
22705520
0
21597049
14841349
970863
23483824
23154149
0
0
0
20355930
0
0
23216866
6457663
0
0
997157
0
0
23295535
6014450
0
0
297
0
20681998
7720158
6649742
0
0
13341207
0
20830928
0
8307145
4714103
0
7904200
0
0
0
22518383
0
19911961
10365470
0
0
0
23296831
16924299
20428847
0
0
19330334
0
0
0
0
22171387
20880400
0
0
18448619
0
0
16434346
0
0
0
18284045
4318315
0
18584187
22029232
22827996
0
0
0
0
21187332
15684224
0
17246879
0
99796
23218619
18113833
0
22922908
8391236
22784220
22745383
0
19414858
0
0
0
0
11523335
0
9201600
0
18740977
0
6461738
21192933
0
0
0
0
13221207
19242239
0
0
0
19893500
0
11116622
22416434
12591647
21086972
112928
0
19083166
13629377
0
23106095
3483190
10413449
18261728
22041001
0
0
0
12495604
0
0
18652882
22882706
0
20427342
0
22662260
2210850
0
0
0
0
19153619
21210457
11331005
0
0
0
0
0
8561255
19206485
18077600
3115088
14778771
0
0
351646
19022580
23450795
11744242
22457429
15313809
0
23707517
0
8547606
0
0
21157272
0
0
43110
20605055
12690760
0
14695140
19011983
1637823
0
0
0
23007951
0
9246710
0
21961774
0
0
0
0
22476785
990
599133
0
0
4207180
18777871
0
14988881
0
21925229
23092887
0
23608820
23640722
23650875
0
22296225
23149854
23026559
9181914
0
0
20284089
1116085
20345997
0
21997458
0
0
8791539
1917672
0
891377
0
0
0
19800220
22184309
19923428
11303246
0
15053
18513485
12737470
0
23386488
6589120
0
0
0
3435850
0
11649575
0
17089398
0
23224086
19222241
10489508
7561015
0
13581057
7507785
0
0
1677893
0
22229330
0
0
0
436588
0
22080746
0
0
0
16064256
0
19664839
9809366
0
0
23130202
0
0
15679158
0
22123166
0
0
0
0
23411847
23110472
0
0
0
19499483
0
15328723
22599580
0
5734184
0
0
0
0
0
0
20509046
0
5382042
0
0
0
0
0
0
0
18303282
5966321
0
22746631
0
21681620
23322179
23630798
0
0
15445074
0
23195835
22456387
23012925
0
23675055
0
0
20258292
0
0
13492569
10238751
23549597
14512392
0
0
23457438
23587217
5546946
9640975
5296478
0
0
0
18509641
0
23021593
0
12785
864725
0
0
0
4721365
21504762
0
0
0
16129131
0
0
0
22868802
23136972
0
0
0
22630621
0
18413045
0
0
22952411
17052012
23264494
0
0
16513246
0
23161643
0
0
0
0
22737057
14296033
0
0
7669401
0
15483119
15067331
0
8874270
0
23664401
0
23152158
20057438
0
0
23617245
0
0
0
21659298
0
0
14302502
3636267
0
15192376
0
17204044
7587654
0
22941185
17960676
0
0
0
0
0
0
19817780
1737150
5686840
15492726
15364426
0
23077410
23171241
23461838
0
0
20547497
23757418
0
0
11766741
0
0
11610793
21662620
20933681
17365355
0
0
0
0
0
0
3710527
0
0
0
0
9895746
0
21269559
21791251
6006766
0
0
0
21562150
0
0
0
14643954
0
0
0
0
18201758
19197126
21706688
1169750
23646178
22419433
0
23597720
0
0
0
16947558
0
1193106
22931160
23537843
0
0
16246302
18475334
0
21855580
23345002
13172964
0
21476072
20903813
0
0
0
0
0
0
0
0
0
0
23633423
16374538
0
23096157
0
0
13223911
0
0
18541238
0
0
18085066
8440594
14426049
0
7998300
2628587
22688148
0
2735956
0
0
0
23718822
0
23059967
0
3732983
0
21164543
0
11114734
23194978
0
0
12068926
0
0
13267635
11803133
20368616
5378130
0
12188651
13635342
0
0
0
0
0
0
0
0
5741912
12068010
14048716
1068668
0
21636785
17248056
0
8054052
6429900
15392611
0
0
11484518
13580591
0
0
0
19984003
0
0
0
0
0
0
0
4043519
16523034
5290664
11367453
23202631
938573
0
0
23754680
0
0
23094147
14934229
18520351
0
0
11904023
0
23111982
0
17960629
488152
22692145
22762126
20192729
21337961
37786
23572886
2477611
0
0
0
0
17381217
0
7893926
9572303
15403110
19522051
0
18633701
23524209
0
0
0
10817514
0
7722934
0
8114457
23117721
0
0
4212090
0
8994399
0
0
0
20206386
20016027
16691724
0
6771335
0
0
19583810
0
0
0
0
0
0
22360148
0
0
12518176
0
23868576
16253790
7957256
0
4204943
0
14301952
0
23095496
0
9603
16693634
14464895
22818896
18905658
0
0
0
0
0
0
0
23440922
568851
0
15618581
0
1037832
0
0
20806145
20513804
0
5700244
23783082
0
0
14975165
21233835
19870297
0
9731359
0
0
0
18073003
20827102
0
21119356
0
10605498
0
1560538
4746187
12350583
16111424
19521595
0
23020645
10934188
23669802
13749137
0
0
3242432
14311714
4414547
0
0
13074887
0
15842507
0
0
10570961
19190959
0
0
0
0
0
21503938
0
13467101
0
2214775
23893906
0
14736392
20536010
0
0
20048747
21777234
15058
0
19206497
0
0
23338881
0
0
0
0
0
0
0
0
0
18158793
0
0
992421
13747724
0
0
0
0
5452502
21497311
0
3280210
0
16208349
0
6472373
20520602
6005814
0
0
23381251
0
620952
0
0
0
0
0
12679066
399948
0
1306652
0
13708325
14285617
0
0
23649820
0
13217900
0
11182910
6758731
0
0
1969075
0
0
0
23644614
0
17900873
20977181
0
0
0
0
0
23149233
0
0
0
0
0
15407191
0
0
8473517
0
0
0
0
14421715
0
22831472
0
11508217
22244611
15479366
0
20999616
175490
4185250
0
23541142
7304343
16829231
0
0
0
22667563
0
0
20820358
5575575
0
0
10458677
3720
10932276
2321263
0
0
0
0
5628489
7480878
20024241
0
20371003
0
0
19197473
0
11396632
0
10675804
0
0
0
13489413
23437632
21945421
0
6932927
22810741
22634379
23691310
0
22836369
11061902
21952728
0
2519005
23304981
0
17612302
22307059
0
20756438
18393929
938809
7615639
0
3146
20653218
22282737
20387613
20289308
0
0
0
6540690
0
23594136
17233679
21673113
23176266
15063756
14160667
0
0
139000
0
0
22409975
11012864
0
0
20822461
19250927
1021837
20475777
0
23265291
10073184
0
0
14430772
14341218
22210612
22939450
14299487
0
15349687
0
22931782
20826779
0
0
6445326
0
0
0
20881515
0
0
18462711
20582505
0
0
0
22712278
0
0
0
21856325
0
20075896
0
11183577
14900878
0
2241058
6859089
0
16378325
0
23067983
0
12649679
20338226
20110402
23827492
22413848
0
0
20073232
18521109
23145657
16709683
0
8239880
0
16442875
3683206
19935905
0
18219152
0
18371604
21521757
23094040
6956415
4912568
0
22167450
20502322
18128070
21681439
19594233
0
0
15926976
0
11025803
1492383
0
23091674
10521608
22757336
0
2570376
17539527
22772491
9488021
0
23246937
22297246
12823951
0
0
0
20481156
0
0
0
0
0
0
21279494
0
14393418
22278410
0
14699567
16382330
0
0
13687699
11995797
18923502
15217872
0
17864093
8739466
13507768
0
0
15856707
21171862
390866
21617449
0
0
5106012
0
9789995
0
11949637
0
0
0
0
0
2745297
0
8603316
7592173
0
0
0
0
23922709
0
0
0
0
15758287
22071022
22460844
15379068
15103674
0
0
23196843
23802223
0
0
0
0
0
22458503
0
7374055
0
0
0
23873310
19905805
22177506
0
0
9491204
0
23383381
0
23648958
0
23920398
23770281
1618492
19905241
0
14216864
0
21694554
23333810
23278763
1497757
23676468
4699930
11726444
0
0
0
15599106
18836786
0
11241404
0
0
0
23293327
0
0
0
12041518
20867296
0
0
23608854
0
23621199
0
19829637
0
13133550
18643003
0
7699754
7789492
0
0
0
0
13731640
0
23949032
0
0
15769467
0
0
10904081
89674
0
23572689
0
0
20502886
22552650
0
0
2060368
0
150568
21499939
22058112
844661
0
0
1913177
0
0
0
0
0
0
17117043
0
4551608
0
0
0
0
0
0
23373694
15705969
0
0
0
4214540
0
873818
23743364
19650405
0
12559690
1535236
23961053
0
0
0
21755347
0
20842103
14354241
0
0
1914965
15420645
0
5592762
23780048
23971758
0
14512699
0
21805422
0
0
0
7799139
12657501
13855929
18171452
0
0
0
23877635
18617103
0
18377461
17342937
14175253
11442670
22730424
20393940
0
12680643
0
8745651
6495781
0
151368
23411655
0
23143411
0
23893977
0
0
21652470
0
0
21135179
0
3199070
0
0
4534799
20834026
5616841
0
16291078
0
22801472
19285378
0
0
0
15283315
0
12909293
0
14869686
0
14148222
0
23856541
19305155
0
11436047
13146402
17873981
21707948
0
0
22730334
0
17924884
0
24006908
4754153
23828259
22948825
0
0
17020043
21790182
5654929
16861402
20305489
0
0
20331689
4338083
0
23815107
0
0
0
20494514
22691115
0
15167493
17537567
0
23923435
0
0
12499565
0
23542985
13967764
21670753
0
15103705
12822429
0
0
12839213
0
0
23967180
23966
23758213
0
23388872
20122707
10103719
14230581
0
0
22418174
0
10286653
0
1424693
9107
13851768
23014196
23948837
17539477
0
17488354
7440049
24057676
13219169
455632
3644910
0
0
0
0
0
20402105
3313245
0
23524687
20152623
22896944
0
19443375
22487827
15773924
0
0
13983588
20876043
0
1938266
24063573
0
0
15382631
14060561
17556938
7249529
3775315
13006771
0
0
22823162
0
0
0
0
21845799
13083135
17875340
19930070
0
19090468
9188652
0
13338514
0
13745964
0
0
0
0
0
16433708
286919
0
0
11130678
8066354
0
0
4479834
21836920
14823495
0
0
0
21482943
0
0
0
0
20410996
23531568
23533322
11406864
22197488
10569897
17474807
24046565
0
3063748
2738721
20364668
0
762640
0
8795019
0
0
0
0
2033803
0
5450785
0
5775196
0
23961575
23954993
0
0
591493
226
0
169
6553672
1430397
0
19907153
21715364
18496875
14867414
0
0
0
23797873
20518680
23493436
0
23032298
4286830
23062564
16990775
12033970
0
0
0
16507927
22915334
0
12504263
0
0
23907424
0
22030017
0
0
11961346
0
12771030
0
0
0
2318143
22840253
10539715
23739817
20456212
264553
24029842
1432483
0
0
10143103
23306258
22649134
0
22001972
21791517
19922862
0
12224703
21865533
0
15340041
0
20069918
194820
0
0
0
0
0
23533107
0
15650072
0
16261290
0
2632406
20474882
0
6630761
11503186
0
23497648
0
10540210
0
0
0
23975403
23690463
23917830
5733198
0
0
14073715
0
0
20919066
20534820
0
0
2012698
6064847
23147401
0
0
0
13575275
11126503
0
23667747
22839921
0
0
13549296
0
0
16097704
0
0
6849663
23867428
6600981
14252239
0
0
0
0
0
0
16327591
0
21452772
22847271
24127998
20443503
0
0
22629703
7868071
10673799
0
11997782
0
0
22052862
0
0
0
11948752
0
0
0
0
8280198
1750537
22505661
0
0
0
0
6430156
0
0
0
12233764
23768912
0
8194814
0
0
23544698
12783196
0
21084355
3031556
23120170
0
16063183
23313431
0
0
11445688
0
0
0
22285855
10814654
11736144
23876526
23574412
0
9905909
0
0
0
16316956
14062
20318676
0
0
11554831
0
18162197
23147854
9992991
21561839
0
0
11438589
20873424
0
686611
23274475
0
0
16489950
0
18821108
0
74711
0
0
21902035
19247521
0
0
22228295
7102566
4023981
3782506
0
866115
0
0
0
23998113
14023355
0
0
0
0
21967884
0
23894411
0
19479497
0
0
21374592
24097303
0
4761716
0
9985269
17215212
0
20819157
17809805
24094182
0
0
0
23966551
0
0
489075
0
24164205
0
0
0
0
22576378
0
0
23926782
16759446
0
22814472
0
5113100
0
5746554
3181191
7909353
16387603
23030596
0
0
0
0
0
12711545
11805742
2608446
7793176
16738141
0
19445799
0
20826979
0
0
19426525
9517171
0
0
16235117
2864369
0
735054
19718381
0
0
0
0
0
0
0
17952332
0
30632
0
0
21597848
0
18063121
0
21768449
0
0
14655127
0
0
0
544160
15984685
0
22245084
0
23693756
12525356
0
0
20310711
22497043
20098424
0
0
0
0
0
0
171081
407578
0
0
0
0
16463334
0
23035278
20465340
0
24006222
0
0
17725787
0
21617486
5200394
15558336
0
0
0
0
16974388
3012854
9193959
22948716
0
0
0
16072481
0
0
0
23651129
0
0
0
8939536
10510767
0
0
0
0
22885107
0
16974180
22870895
22823180
0
0
0
0
0
18534916
0
14364203
14473671
0
23421736
0
22465598
0
14854444
5611103
0
21800156
24143409
0
0
22094162
0
0
9121961
23769639
0
20420131
0
3197004
1436043
0
23193826
8272265
22345209
0
0
0
17120002
0
0
0
0
16095843
0
20143493
7314221
0
0
21985603
0
0
0
12609833
13162795
0
3283714
20820468
49982
17936567
23641599
0
0
0
0
0
0
20855441
23099325
14913110
0
0
8666845
0
15700394
16751883
0
15769408
0
15595108
0
6423424
0
17810896
14907286
0
11490564
22357202
22420100
20273908
21956013
2762876
23952280
0
14957243
15451617
10671007
12364506
0
8949188
0
15845330
0
0
15201806
18335765
0
24085202
0
0
0
0
212794
0
23369229
0
11444953
6780479
0
8552426
0
0
0
23163539
23997021
12340126
20092878
0
0
0
15458419
0
21897581
0
11049862
5634621
0
0
23794553
0
22299360
0
0
22313648
0
0
21476996
0
0
0
10760860
0
23970408
22900024
10822587
0
9852135
11194704
23303298
0
22825701
23757329
21132314
0
0
14910946
0
23996828
0
0
17541568
0
0
0
22562258
10584392
14377199
16554770
18404849
23268001
0
4137032
19851836
0
0
0
0
0
0
0
0
20835780
0
5312001
20246026
23869444
23905040
6046039
15903635
12235553
0
0
0
880
0
24167037
20419868
0
0
24212664
178094
0
11997812
0
0
0
23935663
0
5379072
15760086
20803415
0
15355306
2462674
0
0
11728686
0
12683959
0
0
24068854
14060765
0
0
17908506
18411124
0
0
23429647
7763983
0
19222206
0
3442158
0
0
6371726
15912406
21488744
0
0
9906285
0
20562356
0
1712701
21767618
0
22034887
6952612
0
0
0
0
22692041
0
3502484
20721628
24030706
0
0
0
13311358
18737987
0
0
5079445
0
21714623
0
0
3091732
0
0
6514984
15601299
23736395
23999956
10020456
9607679
0
0
24248861
18512539
0
12770289
0
16451926
379
15385367
15851386
0
0
0
20063751
12883563
0
0
8765805
0
747507
21171376
0
0
12452165
0
23970854
0
0
23969208
16424743
0
0
21676064
22539414
5022260
18416569
0
0
0
13266656
0
18945213
5541719
1006939
21203745
0
17843641
0
0
0
22695630
15996811
23795046
0
0
0
23674260
3988581
0
2495643
21546133
2425004
0
4511266
0
0
21901188
0
0
0
0
16585799
0
3750729
19105993
0
0
18193418
0
0
22207400
0
6069464
20413847
538183
0
8220524
0
20665778
0
23758946
0
0
21682065
0
0
3589554
13345909
0
0
0
0
13191
0
0
0
14493447
20780718
20758557
10319735
0
2944460
1363051
0
9598433
20501217
1190150
0
0
0
0
22423282
5792269
0
23845394
0
0
23667565
21892548
21578483
0
0
0
0
15566057
0
2273270
0
23779991
0
17043467
4193057
0
24296981
0
0
12951108
0
9366769
21937528
24234174
0
0
0
0
0
16219798
0
16645317
10560207
19860266
9559812
11527729
0
6483471
23687927
0
21409593
0
0
0
7275970
11920556
23087547
20094820
0
0
19570929
24154098
0
6044772
24303863
0
18452587
0
0
20655954
0
0
0
0
6275707
0
0
0
24105097
0
17773645
0
20055505
23228324
22814981
4108537
20642618
0
15318551
9480604
2971676
21871941
0
24008377
0
0
15229293
0
0
15618714
22650078
0
0
0
9273715
8959475
2642012
0
0
0
20303515
0
0
14855448
0
23532182
0
0
0
0
11485112
0
0
19738125
0
15159647
0
0
0
0
17925885
0
0
0
0
0
22851564
7758637
0
21710661
17659639
7542782
22663520
19289578
0
22607010
22152852
0
0
0
23857924
0
15575282
16631210
0
0
17131039
22806793
1138845
0
0
0
0
0
0
0
17454735
0
17388284
764403
0
572
0
0
0
20109813
15037454
0
0
0
17153687
0
0
20357909
1277771
21120007
0
19645196
22153530
99368
18590883
0
11386727
23214400
0
12360790
24019252
0
0
0
0
12245702
21826979
8002900
0
41652
7311581
0
15067892
276090
0
18051676
11589366
0
5251420
14536633
0
0
6897113
4925716
0
24344582
0
0
21486086
21649624
0
0
17828087
22268474
22971619
0
0
24106982
0
19300419
0
0
0
21952345
0
0
0
0
23559498
0
0
24228978
20075155
0
17964306
22527634
23160771
0
0
0
24000451
18167974
0
17115789
0
0
0
6750681
9017100
0
1859671
1573823
10866041
0
1446
0
8410525
6565886
0
22463694
0
988313
0
0
22246711
12705927
23290565
0
0
0
23542931
0
23131051
0
0
21713894
15896013
0
0
18067711
0
0
18096365
8204058
0
4970686
0
20017985
20745513
12040558
17444030
0
0
0
152
0
23915812
0
14077718
0
0
0
0
0
505310
0
5188822
7679880
0
7576308
0
22906211
21298283
2078447
0
23784523
15699964
0
14395091
17728778
0
23944737
24230688
23493193
19551503
7549690
24242826
18058881
18202473
0
0
0
0
0
21139710
0
16409863
7956091
17550706
2511628
24254122
10783811
9992001
22284792
0
0
24106603
1188539
4605583
0
0
21968059
22582981
21568944
0
22295581
0
0
0
0
11695478
24030792
9010785
0
21530609
0
0
24349202
5719725
24075330
23922964
6283069
6793970
24000778
0
0
0
1466609
0
0
0
20102863
0
21726987
0
0
18501386
18047922
15562433
662426
0
17419916
0
0
0
13712642
0
22895452
0
0
16474999
0
21387287
0
10599434
20716353
0
0
0
0
7482271
8924751
0
0
0
16902969
0
18515363
15972503
0
3212809
24200145
0
5292801
0
0
0
6627044
0
8802516
0
0
0
0
0
222185
20707570
13320847
0
18085847
0
0
0
0
21763891
0
11752741
10863934
0
0
0
475
0
21268613
0
17825958
18895124
22694245
0
9753897
8521646
0
1246261
19841863
24385890
5700680
0
0
11116957
14682920
12828328
23794398
0
4582086
0
0
16393174
23718606
4846064
14762081
11439490
0
0
21258236
3068243
23355320
39885
0
0
0
0
19494140
977
18158235
10234017
15405103
24020756
4901413
10336094
0
0
22701196
0
0
16435376
0
0
11934686
0
0
17857101
1563246
22884845
16453063
21394378
22737070
14381747
23811844
23219942
15231020
0
20262989
8207384
0
0
0
0
6095814
1927387
711374
0
17878511
18768262
2499507
6666853
0
24206650
0
0
9859938
13291926
0
8768074
15881998
0
24342913
0
23383453
21399198
20547760
0
15937240
13952286
7515000
24417274
0
0
0
4140739
20452953
24200458
0
0
0
14235881
0
0
0
0
24347613
23516112
23835250
18661202
0
13541922
0
0
23232169
17222815
0
15597924
10697797
0
0
0
22386509
15136707
0
0
0
24371154
7523646
16827676
6154673
9267036
5250399
763323
0
0
0
22023402
0
6750070
0
18750139
0
0
11533318
0
9975566
23203525
0
0
22302137
21124586
0
0
0
0
0
23514347
0
0
0
12913519
0
0
0
10211998
15873676
7730381
10140221
0
16863203
23648355
23790441
0
17007173
0
17009792
22639704
8680239
2538405
12440653
0
976485
17425022
5633530
3871263
6409021
0
23703570
15663219
23354554
0
0
16280166
4844839
0
0
21033858
14478641
0
2465896
23149608
0
16252950
0
24227708
0
0
0
17014761
21989900
0
0
19906701
12804673
388358
15893655
0
4100507
0
0
8224560
0
0
19422516
22332118
12206340
0
0
0
9929426
0
0
22972908
24199658
0
20759727
7646483
5183894
14998716
2290739
12496440
0
0
24457781
0
0
0
0
0
12176903
0
20917902
23700539
21360191
0
17623162
13037687
17331203
24459990
7086910
4462154
18915142
24306994
0
15244058
24277340
0
24295344
9870605
14927405
24000478
0
0
20008729
0
23548251
10806226
21004977
20519911
0
2039413
0
18610037
13480769
0
9320961
17558267
540767
0
0
0
0
21679065
18398900
13716414
4945245
0
12108750
0
740262
0
24235638
16922486
24100730
4333526
23523774
0
21017137
6201999
6650796
0
13154806
24100243
0
20851439
0
20247672
15064148
15666502
16286620
22187689
4922253
0
3898598
23935440
270854
24432778
12247421
0
0
24370441
7483681
0
0
11785394
0
0
0
17771537
23104424
0
9398841
0
12157865
0
14676984
0
19380877
18152884
0
0
0
0
18185304
0
0
0
22314817
13716204
0
0
0
13524716
13422391
0
0
0
0
4989801
6542783
0
17740143
12337238
24235076
0
0
24403712
13313250
24428482
15267038
0
21715463
13180905
0
2278113
5849617
0
0
0
0
0
24439026
0
7310767
4259495
0
7720953
0
23332682
16596955
0
393185
23838850
21015646
0
6864740
0
10116733
0
4511266
0
12539675
0
18034685
18841844
1449397
16869117
8175375
0
0
0
22086652
0
0
0
0
0
0
0
5062665
0
0
13420983
16251714
24414289
0
0
0
0
0
24463877
0
0
0
0
0
19005279
13608801
0
15776931
21403483
0
0
7649480
1975123
0
0
22813091
21698266
13800965
0
16279058
0
16431023
0
0
1016550
0
0
23344289
0
14976364
1581596
13092649
0
0
19084524
0
15866981
0
14938674
11430464
0
11805482
0
0
11804609
0
23720640
0
0
0
0
0
23821581
23653003
24353283
0
0
0
23960823
0
19414785
3140257
13508791
0
0
0
8685467
132
23373363
0
0
0
0
0
2520630
0
19236838
0
0
0
0
0
15029731
23042843
24228854
0
23043030
0
7558746
8104103
0
0
23664520
0
22081981
0
0
961222
14367388
9046857
21290928
0
0
11180698
0
21221864
24173563
0
0
2025628
8202854
2336178
24488189
0
19244470
0
0
0
17819199
0
24028409
0
0
0
0
0
0
0
19333161
23774767
0
19812126
0
23971748
17638598
10742710
22220630
0
0
0
21121359
0
0
22005595
0
0
0
0
0
24404002
0
0
21919065
0
24266513
19902611
0
0
21128633
0
0
15382771
0
16970878
24486810
0
10768683
24227370
8154535
0
24085607
0
0
0
0
19442039
0
0
0
0
7600579
0
0
0
21439992
23170237
90015
0
0
19584935
0
0
0
7105752
0
0
0
21402493
0
0
0
0
21903070
0
0
0
9932179
0
0
0
18246231
17925968
0
0
0
20303204
0
6883692
0
15196201
4563308
12376597
0
7942136
17853351
19939167
0
0
0
0
9967889
7854522
0
2376018
10700685
11285235
0
24014259
0
4115367
0
5090730
20073016
0
12311299
24191826
22845162
14871524
0
0
0
683
23764994
0
0
0
0
23154161
23278685
12868265
15611335
0
0
0
0
0
0
0
0
0
21240994
24579875
20332428
23251743
0
9198194
0
0
0
0
0
11126672
23358451
0
21020040
298091
0
0
0
10763181
10933159
0
11900377
16156784
0
0
0
0
0
0
23982891
0
13083527
0
0
0
24490157
0
14391773
0
14095889
15169604
21010984
0
23678272
0
21945774
14297391
0
20786455
0
16888906
1059036
21352373
0
0
5436482
0
0
0
0
23822486
24046183
3955629
24525360
0
0
0
0
0
0
0
0
0
0
19874983
0
21271845
17381314
0
0
1124802
0
24331116
1652533
24401846
5618688
0
758848
19972274
0
0
0
0
8266367
0
22896679
23245476
0
0
11184015
20976350
10639081
0
0
0
0
7404380
0
0
17064507
0
17313620
23959752
0
0
23943133
0
22899121
0
0
0
0
0
16380415
0
0
22566466
24402910
0
0
0
8220130
10428180
24313099
0
20649437
0
14033900
12938511
0
19480109
20367737
0
20902455
0
24375799
0
0
0
0
23405514
0
0
0
0
0
0
22032015
19901306
0
0
11540207
0
16550555
16770683
0
23729410
19045085
19918361
0
6415281
0
0
0
22654806
0
0
12768718
0
0
66319
0
12852211
0
10628030
19300006
0
22080873
22345134
14443828
7336978
844598
23231783
24269850
0
0
12862228
4689343
0
0
4410646
20288070
11352214
0
0
16838629
10455642
0
19141284
10273336
0
21772334
12277071
0
0
0
17108206
0
0
11235632
22666036
6290124
0
0
22351437
2921026
0
0
3510836
0
1930875
14402136
0
15004019
24174138
20616016
22416350
11071943
13269609
11414587
12037086
2316991
7702320
0
0
10623604
9936983
19302133
22313915
0
19881286
0
0
17882714
23933286
0
0
7772157
0
22212581
0
18018880
0
16256538
235856
0
23777199
24024872
9732
0
0
23783222
0
23903982
0
19112341
0
0
17395779
0
21202582
0
18794005
15869436
24017572
17282135
19359992
0
11912619
12029250
20577749
0
393568
11088938
0
0
0
0
0
20659520
24267857
0
0
0
0
14016221
0
0
0
3204991
0
18626627
0
10050744
0
11882032
0
7065383
0
0
0
0
0
6677428
2200194
0
0
0
6787078
19851513
23586000
24399383
0
0
0
18084617
0
209
0
2834932
22419308
0
5264817
0
22996731
18983543
0
0
16157376
15672703
23967013
19312591
0
0
13257555
0
20650559
0
129
0
0
6131333
0
4990334
0
0
0
23570365
6375597
23943785
0
0
23838764
919001
18958712
7059222
23936448
16993328
21683248
0
0
21207531
0
0
11050679
0
0
0
18213239
0
0
23324490
1090767
16124986
22858040
0
18314557
22854523
21757211
7336085
0
0
20873439
17852465
0
22612491
23881704
22349667
1248515
0
22535998
17744911
4414264
0
0
4901918
0
22198120
8494306
4565376
0
22142726
18672574
0
16721193
0
0
23918985
0
548
7479522
0
392604
0
0
1246250
14034878
0
12113473
17723089
19792890
0
1352736
17817344
11228724
23976148
0
0
16835567
0
0
0
0
0
0
0
0
0
24648407
19020308
1782062
0
0
10927479
14343240
0
21481503
21698132
24545336
0
0
0
0
12431528
22279500
22153553
0
24662151
21904653
5467987
24098182
23664904
11818606
0
5812749
3011969
0
0
0
24073853
0
164490
20659197
9030606
22190401
0
0
0
5367772
0
22931827
16289368
0
0
19001585
19622443
0
18401139
0
20791545
0
0
0
24279276
19780738
680
12497466
24588193
18554170
0
24331675
22031029
0
23135378
0
0
0
24192763
24568188
24067115
0
0
0
24404601
0
12199000
22159427
0
0
13563
0
0
4722374
0
11544187
994573
2156834
1338665
17674271
15565070
15479016
0
0
23338
0
24516186
0
0
5260870
0
23089789
23783053
0
19946200
0
0
11124220
0
9258863
21249052
0
12740349
1340897
0
23627786
10453098
6174965
0
19059769
0
13169223
0
9567471
0
0
0
0
3206778
24633679
0
0
0
0
18896006
12392689
0
0
0
0
4679320
0
0
11554555
17549330
0
24631142
0
5330400
22722385
0
0
0
10653971
0
0
23223923
0
0
0
13581319
0
24277931
18181647
0
21085067
0
16934278
0
0
22187922
0
0
2213235
2340396
8574440
9904627
22790433
24723162
24131420
0
15002585
0
10979666
23598465
19253267
0
24722895
0
0
0
0
8847655
9727388
14575778
11198673
0
24417843
0
0
10138858
6617766
0
23386015
0
2885032
23438542
0
18718497
18199870
24573059
0
21712781
0
23606417
4600904
15927286
0
3268693
0
24653729
18521914
0
0
1069952
0
0
13580041
1976164
0
0
24060902
0
0
15155027
0
0
0
0
0
0
0
0
0
0
0
0
16304533
0
23527552
23117044
5302641
23242853
23192054
0
0
0
0
23121799
0
0
0
790
0
1048573
0
0
0
21458621
10387727
0
0
0
23488571
20018811
19633042
0
20398688
0
23793786
0
24182848
3065285
0
0
0
0
24268723
23436134
0
4151262
23977715
11568674
0
0
0
709350
0
0
0
0
8455172
13557811
11208550
23477643
9001393
23527891
0
0
24658968
0
0
0
9962
0
24396299
22714113
0
122642
18624629
0
0
18377811
24491118
0
0
0
24045176
8958329
0
0
62018
23801742
24540588
18117169
21544535
0
4301202
0
22566371
0
0
0
8592024
17183889
2825004
0
24362115
20660628
23945938
20093012
0
3576658
0
23590386
23880524
0
226
10951926
22111983
0
750616
21442608
0
0
2135656
0
0
0
0
0
12050490
18301002
0
0
0
0
0
15588735
21337116
8587440
0
0
13841828
20514343
23176848
9346994
0
24000287
0
5302425
2619837
0
0
0
15949842
2709490
0
0
0
0
0
0
11579864
24508046
16266458
21901783
2452057
0
0
1167496
0
23776043
8720128
0
9401388
0
844598
0
19019053
0
0
0
23833843
0
11016047
0
0
23754811
0
23001526
616812
0
0
21962230
21121614
11626316
767297
20805191
16501880
980205
0
13612100
5971237
0
0
11852899
2156956
0
0
0
16618209
19510569
0
0
24351944
0
11009446
0
0
0
0
0
15976893
12886152
4378753
23655144
19790921
14
22728152
8157905
0
0
0
19279063
22079015
1726552
0
0
24431310
4436229
6339442
0
2679207
0
20623995
7392708
0
0
0
14663433
23536389
24543876
0
23462523
0
0
0
20436348
5258320
0
0
0
0
0
16295565
0
10909044
15291710
0
0
10201180
9476682
23014600
21156558
0
18931947
23963604
19951405
0
7058497
0
0
0
1918278
0
0
23241070
0
20055050
24081623
24543618
22193534
0
0
0
23797529
0
15919608
0
14958121
19523159
19686235
3270051
16932590
24675090
19252353
15233536
15976188
24791648
0
11724168
22220607
21006070
0
12971594
13127640
19269830
0
14109594
0
0
0
23048540
0
19279849
11060986
23425346
0
14191915
22422141
0
0
19481592
0
0
0
567049
0
0
21151869
0
7194448
0
0
3054054
0
24044947
0
0
0
1151341
0
0
5361146
16769033
24682020
0
22298505
21803575
0
0
0
22528462
0
0
21940496
12661104
0
20972571
0
2312896
0
0
0
0
1900432
18295969
16012608
0
0
864105
2012461
0
5795949
0
24354952
0
0
0
0
9934403
24570582
13511837
13382635
0
10392058
24652586
23177637
1750590
23428921
0
18534107
13852116
0
1491203
7368337
3620281
0
0
20638580
5157440
24701445
0
23502433
0
0
0
6152718
1096167
14326204
1597402
21575986
23040659
17520830
0
0
24046955
24525231
1321111
20944699
0
10669354
20822859
0
5451432
24479417
24204846
0
18707131
0
23634251
6041146
0
4520269
0
0
0
23855356
1109145
5175640
16560097
0
0
0
0
0
0
6368060
24353908
0
0
0
24728435
24160590
9487800
2904376
0
0
0
0
0
19901005
0
0
0
13679203
0
0
20671687
0
6339166
68484
14657739
0
4046052
0
22983202
22758798
0
0
0
0
0
23209201
0
0
24830093
0
2809141
0
21708312
0
0
0
0
22196940
0
18246231
0
1339656
8386190
13158454
22720260
0
14726144
4639482
23060832
0
0
0
6365820
21951791
22427590
18983280
23003571
0
0
23823986
0
0
0
13271337
0
0
21364791
0
331700
19387705
24470629
23985539
0
9029672
18068686
0
0
0
2401185
0
0
0
20864687
19976052
0
8942158
20906559
2031591
1003740
0
176670
2259633
23697079
24738387
14422847
0
24285564
0
0
0
0
24753591
0
0
0
15878511
0
0
818890
17549558
0
0
0
0
14770569
0
0
17658569
17038021
0
0
0
3300804
13168357
7032619
0
16519695
0
4852612
0
0
4645887
0
8312048
4515858
0
0
21137920
6198369
0
10408109
11260907
0
23958898
24229328
235275
0
22679643
0
0
5318372
10191463
0
21653973
24512108
0
0
20958717
8876695
0
12472161
13003886
0
0
0
0
15164789
14169743
20324869
24820652
0
21800003
23680386
0
0
0
0
21874802
24119440
18283047
0
0
11182693
13634996
11188251
0
2019500
22894463
17041304
3545503
10605225
0
0
0
0
0
22665907
0
1717519
0
0
0
0
23601989
23282501
19359167
0
1158476
14115212
23689182
0
19881630
14867294
0
0
22985169
18378777
0
24908039
0
0
23795600
20124759
14890128
21345949
490469
0
0
0
23042270
0
20781495
0
16231378
3380996
0
0
0
0
0
13855048
13140898
0
22468913
0
0
0
0
10672334
0
0
0
0
24418185
28534
22724469
0
18279745
21896609
24831585
1455888
24482610
0
24154058
24632133
24889894
20280063
0
0
0
0
0
14052979
0
20431555
0
0
14691818
0
24845008
0
0
21193123
10172883
0
0
20059999
22854144
3080893
0
0
20771713
0
0
0
0
0
0
16053666
1797348
20396993
21977853
0
24191070
0
20409498
0
23911469
19116461
0
0
15184793
24507713
24149014
11268832
0
18329042
24849613
3140249
17596575
0
0
11429511
2009314
9818207
0
0
0
0
19578142
0
144423
0
0
22559540
10179020
0
0
0
0
18121369
0
0
17786821
0
9647847
2237434
0
294958
0
0
3237320
21172034
0
24466456
0
0
0
21423435
0
5288576
0
24274720
0
0
23511202
0
0
23600396
0
0
8315800
0
10616432
0
0
0
6939433
0
18170219
3330677
17679987
5460259
0
0
0
0
18235917
0
0
0
0
24190495
20280011
11568269
22518074
9880793
19063555
0
0
0
0
0
0
24268705
15723931
20383212
11915874
0
0
24793419
24028857
21643871
0
19421472
24668609
24420835
24739031
24854203
8383222
24251744
2053218
21187284
22514489
14360156
24448665
24408839
0
0
13045181
0
0
0
0
919876
24888697
15321997
0
0
458323
0
24864850
0
0
0
24787826
23649297
0
24883365
0
8604440
0
450247
24376568
0
21384755
0
23467281
0
2967640
23944837
0
16107455
0
22118785
0
2904615
0
0
0
0
0
0
9472684
21402143
0
0
0
12687929
0
0
0
6778902
22921772
14226164
0
22148253
19974105
0
0
0
0
0
24489775
0
0
0
24316155
0
18181041
17688611
18119422
0
0
0
15150
3294033
17779978
0
18675222
24849639
0
18190753
0
22282817
5752958
23545000
0
23383996
0
8948556
10871944
0
24487194
12065463
0
16297932
0
11515964
24111662
6934086
8638588
24854952
0
17252288
0
0
24101112
0
0
0
2863874
0
0
1644012
0
0
0
23909226
0
0
17871284
12316801
16426126
22772491
8822975
23487765
3119625
7529578
0
20462258
23617672
24982440
0
0
0
18739540
0
5697324
0
0
0
0
23537458
7861307
21104328
0
0
0
19454233
21527377
23820502
21571163
0
24230718
17666394
0
21933269
0
24484803
15220705
20476271
0
0
24533978
0
3441665
24484936
22189082
24150305
0
0
21322541
0
22554273
0
18902044
20859608
12527101
4521034
21271693
1146817
0
0
0
22920917
0
19832591
0
0
11368368
0
18745515
0
0
478990
4716803
20018789
24234171
7811
0
0
985819
0
20927446
0
0
24866882
16879083
0
0
0
23256255
0
15318344
0
7448173
15031206
3950396
0
0
0
16437985
0
0
0
1723319
0
19295656
14688467
0
0
0
22863941
10934133
0
24218518
10185177
4043434
19111546
0
0
10019050
5805970
0
23383433
0
20112065
14078200
17416803
0
12703408
1552071
10843762
9182582
13134326
0
9622167
10511147
0
0
0
0
0
17645014
0
22845689
6940215
0
20434823
0
3957063
0
0
23736996
0
23667544
17849056
21062199
14195568
21327899
22372360
9058590
12037847
0
24516064
15320066
13639061
24934249
23840287
17421428
23215371
0
23953695
19017612
24882294
13392965
0
0
20216100
12865039
16892981
18999591
0
0
20549826
11611204
0
15744844
13507031
0
0
9500489
22377779
0
0
0
0
9037360
2575543
24512937
14351764
24224967
0
0
0
19100778
4621200
258092
13997618
13328613
0
21828152
7715826
23523639
23773016
0
0
11193834
0
0
0
415322
0
17248621
0
0
0
18165505
5796386
0
0
0
0
