2
2000 1
-34071 -170353
-37421 -187103
-29900 -149498
9827 49137
5847 29237
-21505 -107523
34052 170262
-20567 -102833
37485 187427
-23949 -119743
-4082 -20408
10610 53052
38921 194607
37412 187062
24155 120777
32170 160852
39321 196607
5098 25492
11941 59707
-14692 -73458
14398 71992
14050 70252
-38283 -191413
-9829 -49143
-413 -2063
-28023 -140113
23194 115972
-20098 -100488
11191 55957
29854 149272
-14264 -71318
-21968 -109838
-35496 -177478
20989 104947
25665 128327
-16287 -81433
24872 124362
-22222 -111108
24413 122067
-31560 -157798
-13928 -69638
-3964 -19818
-1115 -5573
2310 11552
26539 132697
-35612 -178058
38207 191037
-32152 -160758
-12326 -61628
-1318 -6588
-39127 -195633
24394 121972
-37192 -185958
-35222 -176108
-11326 -56628
-6021 -30103
156 782
29064 145322
6324 31622
-3436 -17178
27049 135247
4842 24212
-2866 -14328
-37697 -188483
-34407 -172033
21931 109657
-35445 -177223
26445 132227
27121 135607
18666 93332
-13775 -68873
10241 51207
39292 196462
8051 40257
8865 44327
-38595 -192973
-31607 -158033
-31709 -158543
-59 -293
-1660 -8298
-29051 -145253
-2648 -13238
7820 39102
-11693 -58463
2376 11882
-22297 -111483
33556 167782
-28745 -143723
12983 64917
-24377 -121883
254 1272
-21054 -105268
-30150 -150748
27007 135037
39938 199692
31308 156542
-7706 -38528
-35887 -179433
7339 36697
17113 85567
-5550 -27748
20307 101537
34491 172457
19304 96522
-33631 -168153
28513 142567
20422 102112
-15214 -76068
28823 144117
-9440 -47198
-14277 -71383
-39096 -195478
-30693 -153463
20493 102467
10165 50827
-13336 -66678
-25102 -125508
-15898 -79488
22941 114707
24285 121427
-4921 -24603
-34363 -171813
22666 113332
38463 192317
-35161 -175803
-21218 -106088
30549 152747
28232 141162
25484 127422
13026 65132
-23878 -119388
-27928 -139638
-27169 -135843
-21996 -109978
-4838 -24188
-12698 -63488
-19339 -96693
-23355 -116773
-16524 -82618
-31114 -155568
-20052 -100258
20962 104812
-8025 -40123
-31675 -158373
-36107 -180533
20523 102617
-5191 -25953
-18059 -90293
19873 99367
37676 188382
26699 133497
-668 -3338
-8699 -43493
-27318 -136588
-11281 -56403
-37934 -189668
11884 59422
11353 56767
33532 167662
-16024 -80118
-15971 -79853
23562 117812
-36988 -184938
23356 116782
2979 14897
33418 167092
27483 137417
-15553 -77763
-13471 -67353
-38127 -190633
-1452 -7258
-32086 -160428
22267 111337
34032 170162
-2319 -11593
17012 85062
33737 168687
18111 90557
13710 68552
-3159 -15793
-39861 -199303
-29694 -148468
22068 110342
-3144 -15718
-34076 -170378
34884 174422
32424 162122
-15133 -75663
34112 170562
-3984 -19918
-29693 -148463
-6228 -31138
-9423 -47113
15741 78707
11618 58092
28945 144727
3347 16737
34641 173207
15405 77027
-28899 -144493
23762 118812
-14272 -71358
-1254 -6268
-14134 -70668
7644 38222
18283 91417
-236 -1178
7568 37842
-16338 -81688
11548 57742
-32559 -162793
-12218 -61088
5592 27962
30073 150367
20593 102967
27738 138692
29201 146007
38576 192882
-33384 -166918
4036 20182
18495 92477
3417 17087
-37134 -185668
9875 49377
-7278 -36388
686 3432
-22389 -111943
39242 196212
-14112 -70558
10578 52892
25378 126892
31603 158017
15626 78132
-16068 -80338
31467 157337
-24896 -124478
15567 77837
-32330 -161648
-33300 -166498
31997 159987
-4084 -20418
19065 95327
8802 44012
19609 98047
-34771 -173853
-5581 -27903
-30796 -153978
-12206 -61028
15959 79797
22551 112757
5749 28747
24191 120957
-14335 -71673
17512 87562
10097 50487
-16488 -82438
-23966 -119828
-23518 -117588
-3710 -18548
-33843 -169213
-799 -3993
-29843 -149213
17318 86592
35649 178247
36448 182242
2226 11132
-17285 -86423
13257 66287
-21598 -107988
-27542 -137708
9983 49917
-22858 -114288
-40 -198
-6208 -31038
37133 185667
-8734 -43668
-823 -4113
33512 167562
-31989 -159943
-23343 -116713
31594 157972
442 2212
-7637 -38183
-19858 -99288
28307 141537
4405 22027
-45 -223
-39522 -197608
-29809 -149043
3488 17442
-25695 -128473
6576 32882
-17547 -87733
-25046 -125228
-20901 -104503
19560 97802
38817 194087
-21135 -105673
-25307 -126533
-18222 -91108
-17809 -89043
29233 146167
38158 190792
-31606 -158028
24708 123542
37131 185657
-5972 -29858
-16733 -83663
-39552 -197758
6512 32562
-27406 -137028
-4046 -20228
35201 176007
-6314 -31568
-6945 -34723
7996 39982
1787 8937
5238 26192
30759 153797
18175 90877
-14042 -70208
18179 90897
18755 93777
-29956 -149778
34987 174937
37315 186577
-32949 -164743
10355 51777
-19655 -98273
2238 11192
18492 92462
-36385 -181923
-16605 -83023
-17730 -88648
27111 135557
-36621 -183103
-20763 -103813
34659 173297
21270 106352
-23366 -116828
27607 138037
-14791 -73953
-9091 -45453
1445 7227
-13719 -68593
30702 153512
11109 55547
-7414 -37068
-7870 -39348
11716 58582
-36419 -182093
-22264 -111318
-18881 -94403
22125 110627
-25988 -129938
33179 165897
-1495 -7473
-26342 -131708
35846 179232
-10626 -53128
11638 58192
-31190 -155948
10629 53147
-6765 -33823
-36190 -180948
24433 122167
-31384 -156918
-38804 -194018
-12868 -64338
27867 139337
-24696 -123478
-35689 -178443
8685 43427
-21836 -109178
13276 66382
-4869 -24343
-22171 -110853
-14045 -70223
-3538 -17688
-26475 -132373
31175 155877
38667 193337
-22242 -111208
-20470 -102348
36407 182037
-19285 -96423
5369 26847
27772 138862
-23839 -119193
-16969 -84843
-4460 -22298
-34241 -171203
23389 116947
-14726 -73628
-13196 -65978
-12780 -63898
-9472 -47358
-5404 -27018
-27444 -137218
-12135 -60673
-29818 -149088
14665 73327
6507 32537
624 3122
-13044 -65218
-33517 -167583
3207 16037
27502 137512
18494 92472
-39020 -195098
19499 97497
177 887
31256 156282
12302 61512
26495 132477
-10292 -51458
-27453 -137263
3415 17077
-587 -2933
30858 154292
-34909 -174543
-26765 -133823
-4756 -23778
-9158 -45788
-9645 -48223
-28821 -144103
-22823 -114113
29168 145842
4185 20927
29401 147007
31638 158192
3889 19447
-29126 -145628
-31244 -156218
1846 9232
-21573 -107863
1959 9797
-8137 -40683
-32930 -164648
14826 74132
2565 12827
17167 85837
-21600 -107998
-29542 -147708
-18773 -93863
-32096 -160478
-20564 -102818
-33729 -168643
-17362 -86808
-19575 -97873
-34476 -172378
27068 135342
-39279 -196393
574 2872
-16397 -81983
-29954 -149768
-38432 -192158
-22648 -113238
-28212 -141058
29421 147107
-5939 -29693
-25241 -126203
-22548 -112738
29125 145627
6719 33597
-7885 -39423
-4621 -23103
27950 139752
37235 186177
12998 64992
16299 81497
-1324 -6618
25978 129892
15306 76532
19899 99497
-14686 -73428
14889 74447
-23285 -116423
-33999 -169993
14952 74762
-33934 -169668
-18790 -93948
14418 72092
-31068 -155338
37579 187897
-12154 -60768
-37973 -189863
-34489 -172443
26219 131097
8488 42442
-29660 -148298
-739 -3693
-32098 -160488
-37642 -188208
-36544 -182718
-27595 -137973
-35680 -178398
-6663 -33313
5606 28032
23211 116057
36611 183057
37617 188087
28935 144677
-13071 -65353
7553 37767
8262 41312
-14575 -72873
-21608 -108038
-29580 -147898
27195 135977
-16491 -82453
-37389 -186943
-34375 -171873
-36920 -184598
15686 78432
-9649 -48243
-30736 -153678
27365 136827
-29076 -145378
16264 81322
24233 121167
32074 160372
31039 155197
-21962 -109808
31479 157397
-6585 -32923
21919 109597
24833 124167
18976 94882
-15171 -75853
4043 20217
-20362 -101808
-28426 -142128
31435 157177
10183 50917
14170 70852
-8274 -41368
33821 169107
-4596 -22978
-38515 -192573
37661 188307
25298 126492
-27656 -138278
26581 132907
20430 102152
-3714 -18568
-19980 -99898
17831 89157
-16271 -81353
2440 12202
-1003 -5013
-37825 -189123
-3640 -18198
34086 170432
-3161 -15803
32705 163527
29634 148172
21151 105757
-17973 -89863
-2352 -11758
26706 133532
-30419 -152093
-27392 -136958
-30529 -152643
-2984 -14918
-25932 -129658
-15974 -79868
-28938 -144688
-14236 -71178
-32928 -164638
37575 187877
-17534 -87668
-26322 -131608
-29 -143
1163 5817
-37422 -187108
33089 165447
6304 31522
36210 181052
39140 195702
-28856 -144278
30571 152857
-36858 -184288
39043 195217
-30567 -152833
-20863 -104313
-2128 -10638
-15840 -79198
17432 87162
37145 185727
20758 103792
-26543 -132713
-37654 -188268
-17358 -86788
11443 57217
-27893 -139463
-29751 -148753
-12019 -60093
-2347 -11733
16734 83672
14482 72412
34262 171312
-32489 -162443
13930 69652
26961 134807
-24781 -123903
-23068 -115338
19416 97082
-18454 -92268
-9 -43
39346 196732
-31659 -158293
12995 64977
37268 186342
13263 66317
-27545 -137723
23616 118082
26668 133342
22527 112637
-32866 -164328
17777 88887
38815 194077
5704 28522
-24847 -124233
-17698 -88488
-14110 -70548
4062 20312
-33415 -167073
33167 165837
6012 30062
-120 -598
-3560 -17798
-24214 -121068
12397 61987
-17750 -88748
-30356 -151778
-10684 -53418
-16623 -83113
11590 57952
-13564 -67818
-16577 -82883
-31322 -156608
-17533 -87663
39191 195957
21223 106117
24113 120567
-13840 -69198
-11333 -56663
36922 184612
-31599 -157993
-3163 -15813
-14209 -71043
27558 137792
-22437 -112183
26093 130467
1905 9527
14741 73707
-32912 -164558
-15511 -77553
25748 128742
-2114 -10568
30161 150807
-3060 -15298
9081 45407
34600 173002
-27811 -139053
-13377 -66883
-27331 -136653
6308 31542
-13106 -65528
-36401 -182003
25457 127287
-11393 -56963
38729 193647
-5414 -27068
38260 191302
22901 114507
-37346 -186728
452 2262
34657 173287
27039 135197
6558 32792
18080 90402
5052 25262
7152 35762
4780 23902
1100 5502
-15912 -79558
-19518 -97588
-11029 -55143
18930 94652
-1539 -7693
-20823 -104113
995 4977
11272 56362
-20236 -101178
8007 40037
17801 89007
28555 142777
-14644 -73218
-16734 -83668
29408 147042
34957 174787
-729 -3643
-23136 -115678
38454 192272
26611 133057
-37018 -185088
-28511 -142553
6002 30012
19273 96367
-34522 -172608
-26242 -131208
-6129 -30643
-15248 -76238
-21094 -105468
-3747 -18733
-13651 -68253
-39644 -198218
1239 6197
11246 56232
-14735 -73673
-33635 -168173
18524 92622
-10268 -51338
15885 79427
-1893 -9463
-24879 -124393
35230 176152
-3634 -18168
-10589 -52943
-13529 -67643
-3544 -17718
-35509 -177543
-26904 -134518
35462 177312
11057 55287
36646 183232
-29754 -148768
3094 15472
25932 129662
7775 38877
39035 195177
16343 81717
-3168 -15838
21739 108697
-24845 -124223
-21765 -108823
-15285 -76423
37651 188257
15783 78917
-2232 -11158
-16755 -83773
7371 36857
9561 47807
-16255 -81273
-25088 -125438
-39372 -196858
-30965 -154823
-31269 -156343
27523 137617
-23799 -118993
-39481 -197403
30308 151542
3954 19772
-2237 -11183
-698 -3488
38837 194187
-31435 -157173
-21027 -105133
7577 37887
27707 138537
1447 7237
-24408 -122038
6514 32572
-29623 -148113
-36633 -183163
-10718 -53588
2859 14297
16570 82852
30241 151207
-25636 -128178
-30565 -152823
-33064 -165318
-32485 -162423
-14810 -74048
-7396 -36978
-2776 -13878
2116 10582
-17307 -86533
-35220 -176098
22926 114632
-37932 -189658
5527 27637
23483 117417
-12865 -64323
8549 42747
18437 92187
29948 149742
33261 166307
-20083 -100413
-37564 -187818
6969 34847
28664 143322
28262 141312
-17409 -87043
2077 10387
-35384 -176918
29361 146807
-37502 -187508
5948 29742
-36159 -180793
-3924 -19618
-10674 -53368
934 4672
-34416 -172078
-29167 -145833
-15035 -75173
3788 18942
3401 17007
27585 137927
5923 29617
-28829 -144143
-27115 -135573
1860 9302
3968 19842
8979 44897
-19424 -97118
14560 72802
-12216 -61078
-39089 -195443
33266 166332
21126 105632
36065 180327
-22554 -112768
22305 111527
16915 84577
-8413 -42063
37270 186352
-11851 -59253
-5846 -29228
-17225 -86123
17921 89607
14543 72717
-37688 -188438
-26065 -130323
13807 69037
-23322 -116608
36583 182917
31735 158677
-25057 -125283
-12650 -63248
-32863 -164313
29295 146477
21305 106527
-10872 -54358
17478 87392
766 3832
-17253 -86263
-11465 -57323
14077 70387
-18039 -90193
-11756 -58778
32566 162832
1149 5747
19886 99432
-11679 -58393
-22942 -114708
-15834 -79168
20987 104937
-25997 -129983
18088 90442
-1894 -9468
19594 97972
34537 172687
28031 140157
31063 155317
-27277 -136383
-37156 -185778
10119 50597
-34531 -172653
16140 80702
35265 176327
-16661 -83303
2642 13212
14606 73032
-30578 -152888
34050 170252
9184 45922
28714 143572
5449 27247
-24176 -120878
2428 12142
-1429 -7143
-9633 -48163
-19011 -95053
28592 142962
-23154 -115768
-36657 -183283
103 517
9822 49112
-38246 -191228
-7941 -39703
23751 118757
18634 93172
36225 181127
-23454 -117268
37482 187412
-21850 -109248
-36588 -182938
-1453 -7263
-37796 -188978
11084 55422
-26921 -134603
35419 177097
16038 80192
-31410 -157048
32387 161937
-17065 -85323
-20788 -103938
-39768 -198838
6380 31902
4227 21137
11573 57867
-8130 -40648
-13383 -66913
18817 94087
20664 103322
39920 199602
6981 34907
29074 145372
-31684 -158418
4998 24992
-16871 -84353
-30605 -153023
3867 19337
35495 177477
-18402 -92008
35838 179192
28004 140022
37354 186772
-12876 -64378
39304 196522
37028 185142
28280 141402
38556 192782
1875 9377
-4583 -22913
-29646 -148228
-14382 -71908
22474 112372
39100 195502
-20898 -104488
-3103 -15513
1571 7857
19721 98607
-28739 -143693
5329 26647
34952 174762
14927 74637
26216 131082
38598 192992
24585 122927
27606 138032
-1517 -7583
-37822 -189108
-33713 -168563
39378 196892
37132 185662
-14022 -70108
2680 13402
20739 103697
-24819 -124093
9343 46717
-23791 -118953
22105 110527
-28495 -142473
-3661 -18303
26081 130407
9264 46322
-36845 -184223
-9302 -46508
14703 73517
-30372 -151858
-22372 -111858
23834 119172
38977 194887
39202 196012
-22787 -113933
16103 80517
29636 148182
-23669 -118343
-6448 -32238
4914 24572
-28388 -141938
-2321 -11603
-12263 -61313
-17789 -88943
6317 31587
39128 195642
11553 57767
3989 19947
-17969 -89843
-15335 -76673
32303 161517
-28304 -141518
-20536 -102678
-10615 -53073
33622 168112
-17741 -88703
-16877 -84383
13352 66762
20584 102922
21232 106162
-21602 -108008
13289 66447
15254 76272
-23931 -119653
19270 96352
-31916 -159578
-31183 -155913
9059 45297
38936 194682
-23501 -117503
-11721 -58603
495 2477
-34215 -171073
-12877 -64383
-37209 -186043
-37300 -186498
-17435 -87173
-20480 -102398
-27246 -136228
16811 84057
-17104 -85518
38564 192822
4356 21782
28986 144932
-26540 -132698
20805 104027
13129 65647
-3751 -18753
8135 40677
9239 46197
-21299 -106493
-14592 -72958
726 3632
-38935 -194673
-1420 -7098
-14106 -70528
-60 -298
-16730 -83648
9852 49262
21479 107397
3898 19492
-1845 -9223
-33616 -168078
-6813 -34063
5881 29407
5235 26177
-24349 -121743
-39225 -196123
6959 34797
-6158 -30788
36252 181262
-30993 -154963
14747 73737
21840 109202
9014 45072
26202 131012
39867 199337
-28664 -143318
34347 171737
18615 93077
-25611 -128053
6267 31337
572 2862
20484 102422
38115 190577
-4802 -24008
-8001 -40003
32342 161712
12002 60012
16777 83887
-34451 -172253
-20705 -103523
34343 171717
9547 47737
25880 129402
-10791 -53953
-26607 -133033
-12349 -61743
-4937 -24683
-21971 -109853
-33417 -167083
22189 110947
26436 132182
-21843 -109213
-34279 -171393
9706 48532
24323 121617
29514 147572
2552 12762
34571 172857
35841 179207
9144 45722
10944 54722
39374 196872
31840 159202
-3956 -19778
-28894 -144468
-6822 -34108
23116 115582
-15683 -78413
981 4907
-8980 -44898
-26363 -131813
9936 49682
-13175 -65873
14084 70422
-3176 -15878
-6515 -32573
-34789 -173943
20038 100192
19209 96047
-14147 -70733
-10693 -53463
2168 10842
-20686 -103428
10001 50007
-17869 -89343
-9738 -48688
20761 103807
-37724 -188618
-39676 -198378
20978 104892
38756 193782
-17619 -88093
15460 77302
37540 187702
31091 155457
-32925 -164623
-11869 -59343
-5674 -28368
-13968 -69838
-11707 -58533
22791 113957
-681 -3403
-6394 -31968
16476 82382
-4048 -20238
12156 60782
3193 15967
-37101 -185503
4776 23882
11850 59252
29253 146267
2382 11912
-7364 -36818
-26898 -134488
-6611 -33053
37729 188647
-26295 -131473
-19972 -99858
36487 182437
37139 185697
11843 59217
-11664 -58318
30638 153192
36876 184382
-28484 -142418
34707 173537
-27504 -137518
10556 52782
7493 37467
-27913 -139563
-38608 -193038
-37676 -188378
-9142 -45708
33964 169822
22080 110402
29127 145637
-33534 -167668
14598 72992
17696 88482
-23907 -119533
38569 192847
-16302 -81508
-18258 -91288
6627 33137
-10045 -50223
9271 46357
11281 56407
-29661 -148303
-37797 -188983
28024 140122
-34484 -172418
5430 27152
-23126 -115628
-28384 -141918
16488 82442
19543 97717
33367 166837
9253 46267
-8598 -42988
-2459 -12293
-28033 -140163
32940 164702
6222 31112
37742 188712
-20583 -102913
-5366 -26828
34494 172472
-22915 -114573
23043 115217
-36949 -184743
-10113 -50563
13151 65757
-6121 -30603
34852 174262
2643 13217
-864 -4318
-14243 -71213
6961 34807
-24044 -120218
-38976 -194878
-9293 -46463
-23581 -117903
17366 86832
-3089 -15443
-22442 -112208
25837 129187
1569 7847
-11331 -56653
39936 199682
21903 109517
24387 121937
18745 93727
-19422 -97108
-23747 -118733
-21544 -107718
-34820 -174098
-14995 -74973
31727 158637
39362 196812
-26513 -132563
33770 168852
-39767 -198833
5693 28467
-27580 -137898
-39692 -198458
-19755 -98773
17609 88047
-39682 -198408
-16823 -84113
-23052 -115258
-1673 -8363
9803 49017
8572 42862
39095 195477
35381 176907
-5302 -26508
-1323 -6613
-23097 -115483
-24094 -120468
19990 99952
32015 160077
-31056 -155278
657 3287
-12127 -60633
-9279 -46393
7096 35482
14353 71767
-12515 -62573
-7499 -37493
8075 40377
962 4812
14224 71122
-14893 -74463
39985 199927
3575 17877
-18312 -91558
34974 174872
-2391 -11953
16047 80237
-25701 -128503
8375 41877
-32946 -164728
13935 69677
1636 8182
-13866 -69328
-21820 -109098
39434 197172
4540 22702
38581 192907
24540 122702
-4749 -23743
-34878 -174388
-20923 -104613
-32978 -164888
11868 59342
37161 185807
19515 97577
32661 163307
-36501 -182503
11106 55532
5278 26392
-5027 -25133
-35945 -179723
24362 121812
-27325 -136623
-24809 -124043
12594 62972
21185 105927
-19321 -96603
22089 110447
-1144 -5718
11473 57367
18822 94112
-15980 -79898
34554 172772
-11982 -59908
-27586 -137928
10245 51227
-29326 -146628
-22774 -113868
-30037 -150183
-14594 -72968
28091 140457
-15139 -75693
-14869 -74343
-35082 -175408
4243 21217
27481 137407
35805 179027
-13379 -66893
4110 20552
37074 185372
29513 147567
11370 56852
-2244 -11218
27637 138187
16669 83347
-3898 -19488
-33272 -166358
11745 58727
-11047 -55233
24680 123402
34507 172537
-35093 -175463
-29872 -149358
-34204 -171018
38042 190212
-34406 -172028
16298 81492
37697 188487
-18008 -90038
-30200 -150998
-32343 -161713
-32795 -163973
21131 105657
9100 45502
-1134 -5668
-12165 -60823
13653 68267
-35181 -175903
37685 188427
23855 119277
10015 50077
12579 62897
-1464 -7318
18845 94227
35725 178627
37187 185937
32832 164162
-15829 -79143
-24753 -123763
-3127 -15633
32276 161382
-34932 -174658
31570 157852
35785 178927
17490 87452
-27353 -136763
-9866 -49328
-836 -4178
26753 133767
-22963 -114813
5563 27817
27045 135227
33267 166337
22043 110217
1886 9432
-1622 -8108
38466 192332
36680 183402
4370 21852
35885 179427
-21364 -106818
14272 71362
-38634 -193168
-16075 -80373
-23022 -115108
10121 50607
6456 32282
-28182 -140908
-29198 -145988
-1715 -8573
16902 84512
-23787 -118933
30333 151667
9111 45557
27217 136087
-34442 -172208
9582 47912
10255 51277
-657 -3283
-7207 -36033
9398 46992
-31643 -158213
-17072 -85358
-38342 -191708
-30597 -152983
13971 69857
13942 69712
-38105 -190523
-8183 -40913
26802 134012
8218 41092
14432 72162
17456 87282
13711 68557
36069 180347
10504 52522
-28084 -140418
20237 101187
17087 85437
-33093 -165463
-18289 -91443
-12128 -60638
-4071 -20353
26297 131487
-863 -4313
-39132 -195658
-4801 -24003
11758 58792
29005 145027
-14369 -71843
14587 72937
-30579 -152893
-10606 -53028
-14299 -71493
-34574 -172868
-32298 -161488
-3120 -15598
-16757 -83783
-4606 -23028
14745 73727
18152 90762
6872 34362
38533 192667
23558 117792
-38706 -193528
-1398 -6988
-18127 -90633
33985 169927
9269 46347
-8731 -43653
18555 92777
7667 38337
33896 169482
4590 22952
20025 100127
37040 185202
-10253 -51263
9621 48107
7375 36877
14066 70332
37906 189532
-31053 -155263
-33280 -166398
-27036 -135178
482 2412
24658 123292
-21806 -109028
-8776 -43878
-26929 -134643
-30568 -152838
26136 130682
-14278 -71388
-28846 -144228
-33924 -169618
-1188 -5938
10798 53992
-37081 -185403
39952 199762
9117 45587
-5587 -27933
34688 173442
-31446 -157228
-25229 -126143
-39023 -195113
1072 5362
-27230 -136148
38069 190347
16244 81222
-21522 -107608
-35682 -178408
6575 32877
-37623 -188113
-8950 -44748
-6105 -30523
8186 40932
33709 168547
7883 39417
19531 97657
33048 165242
-34212 -171058
18979 94897
9414 47072
-1977 -9883
1081 5407
-27164 -135818
31942 159712
-5421 -27103
1158 5792
-11658 -58288
20533 102667
34183 170917
-5140 -25698
-14163 -70813
14134 70672
11545 57727
10264 51322
24442 122212
26853 134267
-20621 -103103
39206 196032
-29526 -147628
13420 67102
34044 170222
-18201 -91003
22816 114082
-5984 -29918
27710 138552
-15323 -76613
19939 99697
-83 -413
32665 163327
33410 167052
14430 72152
25212 126062
-9762 -48808
9855 49277
21551 107757
-13845 -69223
34463 172317
-22282 -111408
-17460 -87298
-13680 -68398
-36050 -180248
395 1977
-10786 -53928
30838 154192
2546 12732
-14833 -74163
36715 183577
-9953 -49763
13295 66477
21052 105262
28455 142277
3520 17602
28845 144227
-6736 -33678
-31703 -158513
34060 170302
-17177 -85883
12478 62392
-21046 -105228
19715 98577
31930 159652
11148 55742
18023 90117
15855 79277
28383 141917
-26554 -132768
-8408 -42038
-27949 -139743
18995 94977
-19818 -99088
-2266 -11328
-35230 -176148
15120 75602
-18442 -92208
14308 71542
-7517 -37583
3599 17997
-16381 -81903
25058 125292
8469 42347
-31625 -158123
19803 99017
-29810 -149048
-8725 -43623
-25251 -126253
17731 88657
-12139 -60693
-12799 -63993
-22141 -110703
8570 42852
11067 55337
38706 193532
-16356 -81778
-3960 -19798
-9310 -46548
-37686 -188428
36246 181232
36169 180847
36080 180402
-24278 -121388
9072 45362
-34830 -174148
-28215 -141073
-10779 -53893
27248 136242
-16983 -84913
-24428 -122138
-31298 -156488
-29933 -149663
17566 87832
-22565 -112823
-7118 -35588
11757 58787
-37500 -187498
39559 197797
-4663 -23313
-12874 -64368
-24750 -123748
37275 186377
11644 58222
-31788 -158938
37298 186492
-19698 -98488
36101 180507
23064 115322
-31037 -155183
1063 5317
30128 150642
3490 17452
5529 27647
9480 47402
-23843 -119213
-16430 -82148
-24515 -122573
22800 114002
36968 184842
-2472 -12358
-15738 -78688
-8023 -40113
-1311 -6553
-31408 -157038
37093 185467
11264 56322
32924 164622
14475 72377
-30020 -150098
-30282 -151408
24789 123947
-30708 -153538
-9969 -49843
13629 68147
-22951 -114753
3041 15207
-4797 -23983
-24363 -121813
-24366 -121828
14540 72702
-20592 -102958
-24290 -121448
-14237 -71183
-36737 -183683
17935 89677
38136 190682
-27262 -136308
15126 75632
-7410 -37048
-12864 -64318
18503 92517
-32982 -164908
-16312 -81558
-26048 -130238
21195 105977
-15414 -77068
-1840 -9198
-34504 -172518
-22197 -110983
30871 154357
12416 62082
-21288 -106438
-2216 -11078
22393 111967
-34868 -174338
-15015 -75073
-10724 -53618
-12943 -64713
30824 154122
35533 177667
37390 186952
2904 14522
-33969 -169843
-9398 -46988
-21943 -109713
-36506 -182528
-34126 -170628
-34100 -170498
-35390 -176948
-7042 -35208
-2819 -14093
-4610 -23048
37177 185887
8427 42137
-10089 -50443
270 1352
35121 175607
-5589 -27943
2328 11642
-17766 -88828
14572 72862
25919 129597
-19176 -95878
-36045 -180223
-10695 -53473
6818 34092
24763 123817
3933 19667
6601 33007
1792 8962
21856 109282
26408 132042
-38881 -194403
-21936 -109678
29944 149722
10456 52282
-3629 -18143
1653 8267
39664 198322
-22343 -111713
13545 67727
5882 29412
21702 108512
20041 100207
-2877 -14383
15270 76352
17763 88817
38824 194122
-39014 -195068
16556 82782
-27213 -136063
19672 98362
-11511 -57553
-16500 -82498
1347 6737
2277 11387
12978 64892
-30691 -153453
16231 81157
-36297 -181483
800 4002
-26366 -131828
-29177 -145883
-38871 -194353
-15140 -75698
-6565 -32823
39161 195807
-10767 -53833
-4077 -20383
8744 43722
36852 184262
-1770 -8848
-6846 -34228
-38197 -190983
27813 139067
18934 94672
18959 94797
-23110 -115548
39712 198562
-10051 -50253
32261 161307
-9218 -46088
-22060 -110298
-12675 -63373
4584 22922
-28240 -141198
8406 42032
-31407 -157033
-831 -4153
6780 33902
28560 142802
1333 6667
-462 -2308
-31080 -155398
5685 28427
13934 69672
23986 119932
35149 175747
-25894 -129468
-13936 -69678
18208 91042
13406 67032
27784 138922
-9648 -48238
-24704 -123518
24792 123962
-6647 -33233
4519 22597
-12857 -64283
-14100 -70498
32109 160547
-6878 -34388
34588 172942
-36936 -184678
22221 111107
16518 82592
37123 185617
-4140 -20698
2640 13202
-30880 -154398
-14120 -70598
-30452 -152258
-26484 -132418
7643 38217
-31200 -155998
38217 191087
-25850 -129248
38245 191227
34238 171192
36569 182847
12676 63382
-5561 -27803
-15023 -75113
38051 190257
-34426 -172128
7164 35822
-6072 -30358
-19391 -96953
-37104 -185518
30691 153457
36519 182597
37872 189362
-28898 -144488
8376 41882
38730 193652
12772 63862
-11289 -56443
21482 107412
-37770 -188848
37610 188052
-10342 -51708
-26655 -133273
9628 48142
21703 108517
24249 121247
25383 126917
21264 106322
-11383 -56913
-13291 -66453
-39079 -195393
27293 136467
-32400 -161998
-6643 -33213
-16057 -80283
17730 88652
21581 107907
5432 27162
4304 21522
22315 111577
-26733 -133663
-3587 -17933
33754 168772
-402 -2008
-27194 -135968
-10907 -54533
22424 112122
-19278 -96388
-38726 -193628
-33766 -168828
9465 47327
16001 80007
7851 39257
-4957 -24783
5202 26012
8932 44662
11268 56342
-10294 -51468
-39763 -198813
34379 171897
31118 155592
-19570 -97848
-38774 -193868
-6989 -34943
-5339 -26693
-34090 -170448
-6096 -30478
-20196 -100978
-32291 -161453
-85 -423
15082 75412
-21270 -106348
27026 135132
-8623 -43113
-278 -1388
8293 41467
-36519 -182593
19925 99627
37465 187327
-7578 -37888
-31329 -156643
28870 144352
-26203 -131013
29836 149182
17943 89717
15707 78537
-19080 -95398
19049 95247
30523 152617
-28617 -143083
19993 99967
20272 101362
19738 98692
-28762 -143808
-22944 -114718
5005 25027
-1095 -5473
39264 196322
25998 129992
26261 131307
-32493 -162463
39798 198992
37212 186062
-16949 -84743
12400 62002
-3487 -17433
-39524 -197618
5060 25302
-32503 -162513
2915 14577
-26331 -131653
3239 16197
5051 25257
14439 72197
29347 146737
-11863 -59313
21997 109987
-25041 -125203
27639 138197
17604 88022
-30537 -152683
21654 108272
26307 131537
-36719 -183593
-15901 -79503
38517 192587
-36450 -182248
8093 40467
-16206 -81028
-19720 -98598
30267 151337
21272 106362
24324 121622
1779 8897
-19238 -96188
-11320 -56598
4821 24107
-5593 -27963
-6619 -33093
20366 101832
39604 198022
-16240 -81198
-664 -3318
9138 45692
-20992 -104958
-26301 -131503
-6534 -32668
-33119 -165593
37710 188552
9816 49082
-13018 -65088
-20301 -101503
7947 39737
-27106 -135528
20350 101752
-14271 -71353
-14777 -73883
30105 150527
25753 128767
-28892 -144458
23428 117142
30712 153562
-21833 -109163
-9121 -45603
10000 1
-93032 -33036
-76496 -36066
-35871 99214
-55904 2004
-13202 -43807
19931 -92244
-77090 -50967
-60332 -21153
-72457 34679
36175 54256
-28806 -30927
34841 -57336
-89178 -55976
-18477 -27857
-58670 22364
-43858 -60274
-53240 -50436
-29011 -58526
45721 -69756
12750 -68288
-6528 76375
65536 -1925
-86880 -36809
-25886 99739
85778 -11503
838 39663
-605 -45762
66656 8973
53277 -47778
89013 52411
-3752 -78980
-28680 68712
88008 59833
-89369 91030
-98426 -94650
-87624 -55575
-20168 16176
59700 35522
58937 23683
-99041 66855
-65398 -96301
95360 -75049
-31877 -37981
76700 95744
99909 -71432
30269 -82873
56115 60741
86245 18560
35924 11663
-91281 75856
-61989 93561
-1692 -6863
-64972 -23871
20534 -69536
-95978 70182
95769 -44288
68208 25309
-79271 50694
22748 -81701
-51889 -13952
-59171 -66592
-34440 -43503
19470 47996
-3852 50548
-19385 -70988
35538 -14997
42899 -81194
-6082 87913
-47035 55340
-55068 -60092
-6603 16089
-95008 -44022
93015 12655
3652 22981
-21750 -20672
-80541 39588
97068 94864
47631 38100
-74153 96076
52084 -76664
-5824 -83948
75882 -44411
52745 -90807
26824 -21299
72035 -20201
42068 18552
14586 62629
22840 -1797
-43761 60875
22624 -34754
-60755 -42696
64423 -7064
-60713 81703
-91522 -24269
92773 -80964
21069 -66861
90752 72435
71589 -29596
-99755 78251
-8776 -20987
66473 -64411
76172 -55016
-76581 86180
-50722 -5685
-88570 -12684
-13058 -28848
86876 70857
-56617 -55114
-77763 62246
82601 -13860
-62188 47472
62092 -33264
52871 -31760
-76433 -44335
26535 5264
96639 2625
-80543 -27651
77271 -97072
66312 -48711
-31283 -62116
-86083 73733
4134 97655
51920 51359
37640 3368
8760 66440
85513 64645
3210 82199
-66211 15166
-17988 73125
-58779 -85177
-47150 42822
10215 85999
-90014 -74147
14306 -32885
65942 61162
-14430 -16281
31222 -57459
60021 67347
-57611 52144
50277 -77592
85569 -30941
1406 -16062
-64174 -52293
-61230 61809
19259 -21050
34575 48983
-4048 -62361
47168 -61936
-70523 78937
81587 53622
-93997 -86947
-57058 17404
-59015 -71928
-73222 -24465
86127 -52644
-15664 66092
-89180 -13049
82113 -59867
-36111 54393
30880 27064
-51873 -69189
61263 -91001
68953 -27737
38334 5422
-20403 69178
-65881 25431
79857 -51157
-84840 24794
-69700 28075
24795 63839
46212 85413
-80595 -10959
4876 -83493
-87897 -87341
-50341 -73063
76144 -93055
46138 -18756
33418 87523
-25299 -98250
63204 -64845
-4556 -33135
-93056 94233
-59789 -31502
-63195 -9636
53732 -76274
-45166 86546
12913 40936
-96387 50915
-22785 -94094
-63363 -76646
-26813 52619
-74606 -38674
-25232 -85455
9958 85104
72122 63910
74952 31556
-63134 47093
-63913 -15925
8684 -68128
-63232 7220
-45720 -7343
-24981 11525
-95910 28002
46502 -78827
25733 3676
90150 98
-56075 -79102
72798 50952
28116 85567
78984 97810
-33970 26879
-46610 7245
96904 -23874
962 -94777
36749 29015
63164 -19614
-30387 40694
-73213 2424
30624 38351
-57831 -69160
-29367 -1405
-93946 -3882
-10009 -14070
2130 80430
-13583 26730
-95480 -12510
-71934 68988
-88058 -57493
-6293 -32911
80555 -53797
-51638 -90183
57319 1785
44641 -59377
-85691 -30225
-24848 -72778
-34325 10756
-38651 14125
-95534 -67075
-14599 55348
77300 35422
-69459 -73797
-52924 -19358
-17198 24897
10738 -49976
47855 -44961
42134 -94332
31097 -76003
7150 28754
-36987 80911
83902 -51494
-74427 4364
68644 74749
93113 51292
-8042 49780
-16783 -14430
-42934 84410
85687 -5772
-64377 -35144
5253 -41954
-1741 96672
-87952 95769
80141 83184
98525 -11176
29201 -72275
58741 -58087
-93923 -20308
-77792 -62536
67135 -80295
71211 49368
99376 97796
79658 54053
-48326 75900
-80566 67254
-1080 -41579
-94283 -16976
-68029 4631
-19411 -77339
60968 90197
88506 -81102
-89754 750
-28767 -20119
78722 51342
-67338 77437
-77454 -27618
63105 40226
66890 28052
68349 -1071
93868 41024
-96410 -44183
-99727 56349
78801 -52664
-91813 48175
-51410 -29232
23380 -7290
-22750 -42336
-31332 71465
-63951 82373
46836 -34591
10800 -33657
-95320 67602
60708 71834
28227 -29535
67622 -61696
184 -45905
-87587 -53003
-75863 71249
-43991 -4066
52720 -57355
-69388 11473
-98297 57986
-50168 95528
89480 56647
-93458 -72341
73859 70720
-92392 87508
-85686 56727
-289 -57167
64745 15651
-5566 -50269
70752 70375
84848 40808
-26895 24792
-70840 77672
78771 40558
-41922 -60667
-86747 -94979
-2420 -31374
-58838 -94533
-23796 11864
-35246 49378
31304 -92075
11494 -99881
35558 74040
81250 90404
11059 67355
29499 54377
74180 73573
94964 41404
-7201 22088
-60548 38542
64899 25578
84218 22396
13204 -24009
-15566 -73366
84784 99367
-43974 -16950
-47009 20562
47381 82238
-33362 -67699
-546 28405
95552 -17975
49781 -25993
83885 96614
-15652 -42412
-473 60254
47631 42680
18040 -9510
65332 23866
-4516 99685
34685 -89038
-12794 20778
50829 29558
-77097 27248
-70431 42219
94378 99087
-51773 -42710
19160 97529
78467 -9742
9063 47655
25448 85877
22834 72923
-58504 -58661
49392 36647
-72766 44512
-39758 47959
-32883 -70908
6006 -5761
65132 -25493
-46985 92020
96882 -9777
-92917 93570
59236 18652
-4874 47591
-22167 34424
-10473 -57079
92763 -62529
84161 74950
43808 76623
-19529 -57873
-33890 -64275
18953 -79525
28796 19589
18091 24208
23105 35462
11934 45139
-54188 61922
46977 -77478
-60418 56771
-33091 -5475
-70957 -84874
17029 82691
49838 15428
-31700 81395
75201 -36044
94413 18599
26884 52521
-23011 -74186
39570 -5087
-49585 64570
-77144 85333
-70411 -84703
-21329 97969
-70101 53343
-97865 -61015
-10064 -11015
-89107 -49152
-54021 49690
-24344 21205
18770 32719
-82760 -28103
-75656 99340
-8172 75404
20849 59483
97773 90144
-84101 -27831
-1324 73289
73467 -44120
83992 -77294
-20993 9506
-93891 -52987
92754 54581
-15635 47213
24349 -57241
-47678 -66402
93377 -58012
90484 -51410
-33671 84535
-82986 -13711
63042 -31768
16674 -17694
58759 26398
41358 -75611
95044 61390
-66512 21894
53036 -81118
85852 -11154
-77462 -40295
97622 -16970
61429 4055
-11319 14472
-66691 25305
-5819 78647
-32180 -47136
66006 4612
-34848 -61997
49312 -89966
-750 -75973
30607 40518
85238 22282
-35026 -96433
81366 14392
87691 35772
52218 58913
24006 -94801
58828 -96682
-43732 49750
-90369 -44080
-61192 71949
-60167 2362
-98969 -23565
-13006 87170
76128 90746
-80188 -39508
-45592 -9196
-19026 42104
11608 -90980
68511 78167
-23985 59279
-8749 -5849
-10234 -96320
68646 -30524
-48870 24689
66052 86340
-38842 76315
-24408 70249
32094 -33753
50537 -79045
-19341 72566
-24711 -7241
-40645 89839
93108 37953
51901 -49858
-27777 -37098
69812 -23782
-29191 83934
-4933 -82906
-69573 44417
-87698 -1582
40669 22159
-34595 15163
-72955 -36986
40367 76651
19353 -4582
-97485 53937
-78877 42569
33593 -54218
87584 -29192
-5899 51065
56159 16634
92420 -16737
-37719 73974
67601 4094
64139 -67141
23107 53785
-44661 58114
-4438 56062
92333 96182
5737 -38965
96466 20134
46282 49465
56666 -12042
-51371 98824
-49838 45602
-11985 59767
-20262 24859
62425 25873
-49624 -48636
97502 13328
-43096 89809
-82892 -86850
-95600 -21569
-28537 2620
-90599 14196
-95482 76104
-18079 18844
-77004 60756
99030 -95475
90342 -70387
61621 -46005
70394 85873
86969 84835
-88978 4133
16795 17446
93639 26763
-67813 20578
16818 51047
-51425 -87081
-42957 53668
-94727 -77484
-63314 -29523
38397 -64526
-25749 -11871
84372 -81614
87845 75165
-11740 -55875
2785 -7664
71295 -4571
46712 -80025
46162 -51882
90725 55387
87594 -3078
6455 -46581
8225 51035
-27252 49150
-84503 11029
-97540 -84136
51057 37779
-50789 -57507
27681 75787
-63723 -86407
99703 15360
-33823 -10395
-93005 58529
-91097 -44693
29259 34730
52113 -14149
-34929 -7817
18664 60576
60309 -22078
80287 9264
84914 -47846
-12518 73958
-80333 78649
-6052 -3553
-64501 -24363
28328 98836
-80357 19025
-9113 25932
47177 -49
-11079 -14607
66836 73962
-50740 -37581
-63558 -80069
-37760 29898
82365 -39957
-59857 -3979
-44102 26988
-88190 -28857
-2208 6354
-96939 -95487
-47859 -39517
-26038 44417
71265 -1383
8854 12372
35529 -58172
97535 -4883
77988 -80320
25564 -661
16571 52502
98562 62182
68677 -6929
-86069 -94757
818 -12796
19370 25426
-98678 -65713
71337 48610
-92742 16323
-19523 73041
4056 -44004
-69823 -11712
7192 9393
-43453 19391
-9608 -12116
-87179 -98208
28620 -13462
23077 -65805
21877 8183
-42126 38700
80366 -73485
-38364 62395
-1884 -3230
-89216 -18708
44492 5851
-59930 50375
-61557 55192
61931 -22103
-75367 77019
-5431 -39122
-99388 -81171
-85588 37368
24486 57643
14393 39953
48563 -44235
-96901 36424
-75144 -14445
-82140 85116
-49084 69924
-60306 20517
-58428 -61912
-82819 11253
-41095 -59288
-58404 63047
-40307 -72021
-35547 76811
-90137 -95369
-99455 84808
-93591 -85486
-86450 90238
-38437 43078
-18153 12240
79314 67870
54833 52029
47644 -72958
-30211 -25677
-19525 46672
-38027 12841
40556 -77239
-98751 -6469
-53422 89670
58355 -76512
-79921 -38500
-97650 -8332
74907 -20778
-20634 -46435
-52599 -73037
90804 3755
-88272 -8582
-20624 -95152
92935 81639
13851 -3362
-64738 -53720
62191 63849
-97008 50172
-77663 -54474
-41352 -69768
-82148 95975
-28266 62707
-25909 87259
75328 97622
-40283 -28038
-84087 -65460
99826 87627
-11383 -43844
-9428 -66078
-77856 -20734
89327 41519
-92041 -61690
-750 -77976
-86942 -51853
25082 82983
38383 25110
-99364 -55874
32027 -5572
-45273 -33616
96850 44489
27366 80317
-28303 48548
41540 -75105
-54940 -77157
48021 58528
27743 21380
-36227 34039
23135 -91071
-54244 8459
-3420 -41348
-87599 4103
96801 -30994
-94413 867
85204 70911
21648 -27151
78859 79044
4127 -69605
-28847 -79402
3153 -82658
15223 37650
63642 47007
24688 86325
-59546 6381
-89596 12165
-5809 96586
83785 -70280
41098 7517
-64031 -37977
40677 85957
47815 -76658
84816 -70866
-35242 93860
27661 -12084
7699 90702
11529 62086
-23390 -79287
-22679 -96501
-9201 -68493
80130 62542
99022 99865
-2641 -54333
-65344 56884
56778 -22837
57215 38893
-69413 45948
-92114 50976
-9242 -7510
-89423 8993
-92327 -32463
-293 -42486
84976 -35574
-61677 61048
29425 -20916
-15595 63415
-61296 -321
-14275 -2984
9637 56100
5940 -32012
66638 -26076
79357 -55146
-54163 53442
7107 -15214
-28254 -82073
84026 -62058
53639 -55012
-95361 -20589
-3011 -48635
79998 48754
-83443 -30223
-15807 6213
31635 18352
19954 -19339
32046 29705
-19365 -25240
556 -2105
60390 87357
-18624 -28760
27028 13350
-56569 -77011
-43341 -77548
17491 92452
-54765 -3381
38629 77880
15251 18095
-24784 99939
-94222 9350
11593 -93471
69616 71792
53178 -59498
-77494 22937
41843 90591
76300 73114
-57038 -19665
-51198 563
-58235 12261
-27746 -61342
92470 92786
85175 -87817
-2295 -50284
-18658 21000
-26366 99653
26070 -4268
80549 -57403
-71744 38291
-97897 -22012
-16710 94029
63693 64577
-59294 -28807
70450 -84722
81088 -88886
91006 -22085
44970 46088
-7218 -3577
-56656 -36225
52761 -5790
-88426 3125
54158 88143
42760 -94550
-73000 -35352
-41394 36159
-38372 36429
43415 71765
11968 58115
10744 -79817
-33694 38517
61033 -17004
56041 -9896
-24135 -33823
93627 -40888
-61847 -29772
-71568 17233
-68442 32979
-84596 -28501
81787 50219
-19812 -99832
-70472 -64745
87306 -61102
-65148 21525
80371 -10780
49499 -46587
-28757 6552
-37233 -45932
35973 44604
-72663 69876
-56339 87441
-66716 99861
-72994 75154
-97219 -71743
-11356 -24779
88781 55190
91144 36517
-73538 30280
-72877 27236
-57324 16567
63211 -5049
63425 -50619
36901 -75795
-13990 44493
-10509 54011
55999 -17773
81853 -33450
99240 19591
-72467 48173
48445 -24001
-71477 -69220
22096 88255
68291 -85408
-53156 -40494
-79375 98529
-80686 -98267
91243 48188
-89086 -75922
16822 -6996
-88568 -57515
47075 -24229
97558 -11769
90964 78142
-41524 41515
-82193 67731
62552 -85448
-49955 37141
54340 82095
-59457 -10693
46938 -63718
65352 4537
-92190 46625
-23707 62567
34798 43638
31466 -90812
71610 90474
11030 -4018
92319 -15802
-9828 -24316
-57128 -22665
-55526 53653
43728 82948
43805 -30497
-68439 17388
22665 -94766
-20488 55761
96581 -65090
-6448 25722
-10549 49176
-85224 -95577
-74346 63220
11381 -81346
13589 -27599
53775 -82888
1646 1814
18097 53328
-24411 41341
35382 -59296
-17584 90079
-18523 -47736
-45638 59979
3793 43633
-71380 29765
-16288 -55302
89908 -86298
54508 -43930
54485 67508
-83327 9137
91977 5836
70629 -29890
-19403 -2437
3463 -63681
-64328 30417
-1694 -52766
27593 -87104
-66476 -29296
-8305 2009
-17608 -66777
24115 28994
-49870 -150
-60068 -36978
13407 63334
6012 -28875
-24780 -78505
43465 67480
-63715 13082
-52055 54310
-23483 -35553
-38327 33060
-16836 74584
-33119 -90379
-58107 -34675
9545 46934
14458 -27958
-83541 -20796
63398 -7038
77915 22651
-28639 -22599
-91744 27659
28468 7511
81213 -28604
-11654 73314
-83817 48158
-89560 -30341
2097 73441
-58217 6193
76119 -62004
-34071 -90717
-94828 -12074
-17268 62459
80722 -44332
47400 14060
-53823 4189
1066 97501
94932 17137
70179 94723
-27011 -79389
49942 -97213
95059 -67180
-46586 87775
22404 -90139
-81173 -90299
-67466 36844
-7416 35391
-92743 97569
-30892 4310
45069 3995
55552 -91874
18797 88974
46106 39689
-65678 88365
-66089 1459
39146 -39672
-32393 -4384
-26756 -95538
32555 17683
63520 -69994
96103 17148
-23225 -93122
-80643 -26212
77961 82124
14641 60070
-79677 -40171
89829 41351
74956 -88714
38857 64887
69411 11365
37729 8180
-62163 23818
-1689 55380
-87821 -41367
-98787 -28929
42416 -61244
38884 33977
30834 -77223
-75907 -29731
-20679 20894
22358 -45098
77583 -79153
95438 -60026
-18143 27413
91002 -15189
55849 70517
82438 69874
11203 8738
-11487 84901
-9659 -6161
-90276 69999
10064 -70251
-15458 -62494
70491 35398
83303 74705
24314 83756
-5804 -65281
-28524 87657
-77679 -41165
-25867 78668
-39230 27574
13758 3599
76192 -26706
79320 54175
-34529 58677
-55493 -60875
13833 13187
7662 -41289
-32842 42334
56968 -13011
-49714 -1043
86295 9970
-94519 90017
-35200 87228
-84962 81216
-64789 89521
-3606 -10489
-8755 637
22289 82500
72137 27734
-75159 -94278
22999 92563
74599 -91437
-65680 12465
-28289 -63881
-28494 37140
-74800 -67932
-66477 40489
-22040 -59088
-13015 -37502
-99710 54687
-81893 71287
-89224 25741
-90152 44757
-34566 3726
-84070 -70438
60426 50845
75543 70777
-78367 31686
-71701 -63666
-2651 69186
10061 -52075
67517 -80261
17377 6414
98235 23647
28688 -34266
34056 -21635
89071 -92716
-16539 91816
98174 19441
64896 -59198
-87709 94308
-63999 -85192
26507 28559
67078 14776
-85156 -13089
-34883 -33729
85226 -16877
92524 -13417
-57245 75804
34544 60953
-87500 74899
9567 -82765
58261 95591
1794 -37902
-71512 -91150
62321 -38352
9377 -18404
-51857 -51298
-95825 49940
71647 63294
-3197 -91137
-28577 -46868
22927 -67988
24643 52485
36745 21915
-18393 49579
8795 -29940
-39949 129
59658 50538
-13592 20336
-79612 -17296
85678 77057
-41230 62459
51558 -72132
45575 93484
-4423 26191
-12787 85698
13733 12901
-15322 33175
49063 -76607
49820 -8742
-36557 -22759
83262 90948
28444 9524
-48611 -52218
-66867 -41041
-13059 -67416
-5951 91490
-609 80639
7948 -59152
11444 -24482
-34982 60888
71684 21134
79551 91282
72180 38523
-46568 -1240
86542 -85620
-88541 -23847
50841 -63557
-14887 -35359
-94502 -78767
-590 -7779
28416 -21544
60837 89559
-64690 -64057
-57468 -94216
-93451 -19648
-77897 -85189
47986 89384
-48330 59575
82253 52178
-12876 -58460
1941 -70370
1532 -61045
31944 -66720
92763 32102
-12645 40175
76781 30650
-58934 39225
-13506 31574
-56834 -54339
48383 22098
-80237 -84595
76787 -58119
50152 -48827
-5230 26297
82405 -57006
8987 41059
-43034 90669
-42813 -10292
95670 -65659
-91340 8714
46430 12450
38626 31911
-95925 -26300
68839 37533
-30436 -9041
-69873 -29800
88223 311
27596 -54245
31784 52968
14724 28982
61708 -9036
14359 -38342
-69489 31862
-48549 28044
23455 -92965
97485 -70934
-33204 6906
63933 -50722
52747 -28636
-20398 33583
29569 -96481
15221 59460
-19712 -60472
-73787 17861
-60701 -86239
-87488 72297
-80065 -34135
2653 -38751
-32854 75533
72060 -49959
-9269 92348
-3822 83652
98457 27233
-89259 -69814
22515 -13335
-41216 78153
18700 3343
3973 68610
9356 55140
-76881 -30148
26999 -20583
64369 -33417
-40361 -89648
10818 -80124
37412 67738
-48141 -8452
-31232 97101
9247 -23496
-82298 -18922
3822 78415
-73707 49696
-25227 -88732
-80446 10311
-42665 21034
28452 -4675
88588 29209
-86968 56555
-55795 -62619
95488 -52719
65288 -17209
-25598 14004
-98802 91588
63979 13994
-13432 -8708
18083 5597
-67910 95714
-79130 -31476
44190 -73961
13391 69425
42767 23600
84875 -65125
23049 -94428
49445 79525
90483 -48119
-77493 -11755
84287 58989
58314 86527
-938 -92636
33116 38678
-63702 -73473
-78633 19480
-23055 -81944
-43267 38275
-21718 -72980
45036 -54978
28102 -34850
28779 83496
35625 -9751
12000 -33425
60916 -27160
70232 -17758
-51566 57547
54324 -69063
60589 -78049
-31750 58260
16176 -40986
85552 -41218
-94474 57608
14727 -17945
9822 -48237
-78862 45071
74880 63049
19974 46041
-69928 -36142
2384 -96879
43968 -85156
-38150 588
90988 -32969
-4804 -67250
-87231 59793
11454 50489
1725 -75115
-85392 -67093
-47221 49674
-21979 -88078
-32959 3124
87558 43090
-49833 -14813
14614 80449
-54289 25367
-81079 -39591
-34390 -47253
-93871 89191
48001 -31078
93985 -89080
-87999 80105
-15057 63058
13053 -85399
55221 91448
-25857 -41975
52350 92036
-65164 64732
81252 72100
28778 -94261
60411 -59734
-58131 -90504
50557 -60764
-95323 -47993
67852 24647
96100 -60102
60676 -9353
-85548 -938
61484 63946
47240 79760
18981 49511
-90181 -243
40599 -75856
4740 -5373
-91962 22478
-53823 -64994
-92270 -85132
-7731 -96183
-85368 -6161
-76181 -59701
-40869 -45209
18035 13340
-42468 31079
-52139 -2381
12711 -32183
87974 -70132
-29384 -63871
65298 72080
-92758 -24002
-10397 -65833
30429 -59917
11706 2422
74370 -63567
-32874 41839
40780 -42635
57019 -93885
-32006 -44436
-20582 -56140
5370 -76182
-10994 13533
-1476 -71696
57897 -34071
97761 19747
-27200 19356
-66791 65000
70847 23118
66113 58125
-62620 10557
-89701 -24762
9156 -44632
50921 82804
63523 88108
89207 98324
-8710 -83913
18375 55773
-64846 -3386
-76134 -21814
81233 19655
-48630 -45067
64365 -95771
-44898 53396
-20418 -98433
-46370 74978
-68145 311
44779 -25700
21439 65317
-92405 -75131
-76284 10355
25999 -95801
-42984 -33809
-85286 -66206
-21286 99616
68526 15362
-68740 88980
-12920 3833
16535 -53614
-24125 -95156
38251 64008
-98267 -59837
-74602 -11111
27957 -22810
14004 -53831
9630 42435
70635 29567
46031 23273
-35949 -82238
-95837 39037
-14809 34798
-96907 88900
81578 -73930
-89499 -44232
-80422 38022
-24913 10290
63300 -65119
-40332 18274
80175 73859
9581 -39056
-37698 -89640
-29502 60704
-17241 76257
68797 -96265
-42734 21173
18970 -55169
21288 72381
-7129 66093
39141 -19975
36389 -71830
-46853 30194
-75321 -91269
90679 32688
12974 19466
39118 -93709
-59412 -38287
-20587 84122
7401 -73583
-34156 1676
40713 -3353
-15699 89095
-23087 11295
-27997 -64537
-53115 9964
-44059 -15335
17963 -93279
49613 32738
-67153 57404
46737 -73224
11553 -41786
1296 -51390
-10103 -76406
-93923 58129
62225 4790
-11770 -52862
87983 -90096
38742 -47044
-87989 -56914
-62097 12049
-54193 48803
63358 4074
19007 -54393
11769 42984
-26687 -72703
-24269 -1514
69859 -24324
-37876 -47912
85111 92652
-24591 83974
-3912 -60901
-25908 -89896
95435 -53029
-5027 -9105
12124 35564
43857 -47825
59891 30211
39054 48075
-26146 -43018
-85426 -36199
-33592 -71113
-28404 -76071
3288 61544
-21588 61971
-94212 -68555
21043 -29555
-65594 80856
80423 -66222
66497 7575
-85823 -36456
44945 -9673
-39580 25151
-7488 -97316
96537 -13623
6594 76814
-34340 88012
87866 36424
-5622 -15685
-37409 -26496
-83802 31883
-39951 25679
-47741 -48066
-15231 -75260
-42197 15024
32126 78125
12651 65900
33340 64080
-78873 54936
75640 -92433
97992 -88004
34619 98437
-84786 -51548
-6102 -86865
-4055 -1520
-43464 -91864
44619 -48019
-92601 52205
-7030 -96820
4912 26325
-76555 -72817
12246 -17523
37677 54011
-60315 -15954
93342 -14709
-14249 -30810
-68759 -39515
10706 -21466
16136 23872
90007 -44925
39356 80455
-21119 -45333
-97063 -58168
44147 9473
-27832 -8779
38233 -69873
19234 36849
19781 20643
-72458 34340
84075 -83190
-46825 -1455
703 -59803
-88504 59522
17122 38135
-66381 23075
-40698 22093
-11312 10310
-8124 -6135
-38718 59948
38912 70340
-97914 -94196
-12387 -4722
-47582 32823
-49985 -94929
-67441 -10198
65326 -60414
31076 -47832
-88259 6192
-8940 54608
544 96127
67394 -85167
-8879 -19155
-76862 -83471
10149 -41482
86788 -55962
82598 -9668
30388 -65671
-63050 -94902
10707 97440
57916 69797
-67200 43377
-32246 -50421
-61928 5725
-61951 26600
-51779 -3433
65322 24906
49793 15861
48538 -48567
-58956 44793
25986 -9697
-74775 -20590
-51345 84268
24466 -3893
-83530 42545
-10365 -60003
-69851 -73419
-65894 91263
89991 -28304
-14869 38815
-65140 66050
-4902 -91838
55096 42987
79912 -97536
14817 -1673
-79464 26158
72737 11752
-47080 -23723
-75485 62366
21820 -23448
4880 -62339
18483 -23735
-19692 91014
-46537 -97384
55751 51689
33549 -20675
73787 -31669
2431 21973
51489 -49305
-48197 95161
-67644 90668
74146 61893
10176 -93931
-13643 1381
72474 -10158
39700 -32126
-3756 85156
-38316 84978
48130 7119
-85317 -89133
52366 27870
-83694 18993
59528 -59092
-98046 27950
-7316 33032
62084 -41567
-13806 -52852
12140 89764
130 -81116
-52233 -66869
83358 -68371
-69949 -8494
66774 -39073
-78217 -44891
29210 -34754
-43228 -16077
59796 -50440
-62848 33343
-5793 69831
23491 83321
-31332 -73175
-72797 63430
11786 -62548
56027 40632
32314 97855
-59493 2633
35618 8154
59188 36161
30516 33673
64571 53895
88119 -47685
-78486 32590
-80647 -96026
-47234 -97548
-81526 35878
98829 90551
-18223 -78825
15973 -49732
-8971 -98514
-68163 53829
71514 -22867
-37748 56994
-55986 -30999
-26529 -996
-41239 -44724
-12219 58327
96321 -66270
76974 23391
52120 -20334
-54359 -7362
27015 -86015
-75058 -12210
-41394 -85802
160 -65835
13608 -51465
-97750 -89109
-76212 24049
86427 19637
-583 -79896
-2324 -67835
-20166 -16166
19875 -49134
24123 -8363
-2847 48424
79053 -94568
-80624 -29296
-83026 -59496
-33330 -20511
38474 -21831
12719 22262
-71027 91141
-84524 -34779
50959 64205
-31337 63812
16225 -32052
-19298 -82042
90901 -56016
-60163 -66433
-62404 -54165
-83693 -16292
-11921 -5974
75411 -44714
26520 -58006
-89935 -44065
-97875 43889
-29845 836
90197 12958
-62566 42702
-41909 71262
41918 -12937
-39419 -56494
-77457 -2927
-95779 -27867
62083 52901
-42077 -90695
97672 -78505
41075 -74784
54716 -39946
31878 71765
-13227 -2425
65225 -83521
56577 22072
69954 96676
-10386 69772
-81766 52269
-16232 -97577
-96974 85657
-55131 -19250
-50162 72279
4198 -8466
46230 90666
53280 50629
-97563 -56044
3660 -19661
-94115 82646
25773 -95217
-10379 64291
-12107 40922
31146 3444
65297 -42430
-32180 2368
-58045 -81349
43772 16186
-550 -86567
16820 45384
72048 50141
-96321 79388
-16490 44676
-44026 -14609
-13259 55804
-46618 -11680
-37106 -79898
-42406 79575
19559 35508
-5984 -94215
4018 35730
59669 71266
-53262 28466
88130 -94821
95965 -33291
49091 86973
29834 -80241
39644 71082
-58144 48064
46675 -30867
-21098 -76889
-78970 -31534
-41350 -7168
85853 85310
-26350 92986
-57533 -8762
-67051 -94864
-48766 -11185
-82762 -41734
91547 -52767
40214 8229
-82435 -7727
-82495 63686
-59747 -49217
88854 81818
37032 -11518
-5859 910
93603 -2895
-35480 -74564
85855 -46917
-71466 91879
21637 42472
13619 76101
62564 -92368
-66509 -7875
-91925 -39485
-17247 -22147
5424 30885
13242 32347
-69957 11546
45808 -67266
29108 -9958
99431 -44152
3277 -30544
-64583 58920
-44879 75791
-63981 -59081
19934 5064
-2260 92753
-84124 -81920
-7569 -20530
42968 -32061
27884 91969
-20907 -91476
23637 -96396
-64242 12736
28002 -15256
-85569 51309
-55962 27907
-75354 -16031
58995 -42161
41302 17247
-69103 40069
30775 -78211
-4709 -7358
59606 -63702
-82889 6697
42310 -30994
96508 88440
97589 -86755
89436 71608
38741 -34503
-1081 88522
-79988 82617
-31183 -85766
41958 18902
71889 39881
64803 49547
-80710 -4291
33782 62060
-76350 -72531
-69033 30456
18912 63730
61324 -5782
7702 50047
71787 -7416
-51850 20357
-98335 -32287
-24511 62767
-93927 -7738
-15899 -74532
29594 99486
-26263 -14619
22202 -19612
1783 -18180
17477 64624
-30386 -27912
-18588 31251
39692 39469
-16090 95612
86935 -15253
-47570 -32339
-96257 -27368
-81272 -62432
-2179 -77082
32474 -17455
82681 66561
-80167 85256
-19069 80875
60875 -82886
20230 -28268
-14813 79668
16728 -41384
6035 49881
-15204 -26101
32186 83542
-46471 2260
-83560 98499
-81865 32589
71606 84848
43813 66619
36701 -80580
51508 739
-79830 5151
95038 -31864
-64442 62852
-5498 -23448
5630 26625
67961 -79801
78628 89158
-62136 76168
94216 -83489
46071 97743
78257 45192
47424 -63865
-45075 -15660
-32795 -8896
14211 20826
85613 7299
-27107 29800
81970 -64033
-68280 -59092
-96138 85265
-74307 75144
-67500 -23677
-90445 -92818
65599 55474
33996 -41849
-88126 -53492
74876 -39153
-38007 -63164
-23400 -70927
-63814 -63035
37158 -68886
94910 22525
51985 -78329
7427 -98674
-71922 30227
561 -55687
-64901 -32651
-54053 -50063
-20672 75705
-42544 25568
-35936 60556
-20542 8858
-55926 -38611
14974 -2430
-97966 90827
32394 6203
56559 -69202
-46201 -43026
87119 -59397
-52506 -2328
59633 13964
12498 -58903
-48954 -85773
48400 -62499
-73284 -60023
72511 -89064
69415 -96301
72651 -29796
91916 17871
32867 34680
81748 34632
33797 -94498
-68689 28038
89680 -78884
16659 -79281
71802 38343
57972 91335
-93046 91786
-83616 68731
-64597 -81658
35219 52397
3996 59101
90169 18415
15504 -95510
-13192 49938
-62976 -51636
-46535 -61205
11753 -38484
-50861 40301
23673 55494
-18262 -48467
15234 64694
-76491 26414
44453 -6861
-26546 -69509
-51222 11003
-68467 18839
33636 -86314
-13320 -16356
-24186 31300
15814 19499
67537 -34210
-90384 -80129
-69034 85859
-50452 19050
65979 2712
-98713 -94420
-28025 77593
-33104 -3335
-7839 -57131
4789 -13137
58516 36306
-1626 -16609
90965 -35155
-36277 -75260
-66283 90859
25037 31176
-70580 29811
41213 -37033
-7393 49965
38835 99328
55703 -4287
76144 8325
349 -91633
-71029 31720
61001 98342
-7301 -93124
89821 -89130
46951 -69017
55752 98689
-11638 -23953
-54872 -44376
-19754 -33228
-27120 -64012
-43580 -75863
55359 -23172
-87951 56301
-234 -85414
-29117 33565
-40129 -15143
83381 -63606
25246 -21296
-55582 32677
-55563 -62136
-71018 -9665
77704 -79977
-15330 59063
-1936 69283
81321 -61513
75781 99688
28291 -38605
-71854 -73874
12016 90742
44364 -45341
-64398 83858
60498 13557
84995 41554
88417 -79544
67941 -81392
94029 -24163
-68422 74788
41063 31904
-83265 9647
-46488 61538
96783 -11084
-72546 47318
1898 -4966
-51844 -17697
-37237 92824
-16552 -22404
-99980 -41786
-20425 6176
-57507 -69014
71759 72264
68463 30606
59984 56671
-76915 32611
82901 99055
5907 21023
42281 18186
-34875 78119
-90084 66062
53786 48760
77426 -14259
12595 93801
3164 66775
-27142 85961
-88444 -5822
96459 40537
25654 14389
-48298 71806
22601 52601
-4485 16194
-35570 -81107
-51093 -73949
-94592 -24092
-84036 -91768
-67940 -27400
96984 -43452
50235 -57982
-81950 6192
-18211 17130
79976 -73877
25015 50864
99907 -24952
-56915 -84650
-63030 1372
60980 64467
-36497 7068
10114 -44562
24111 -93510
-99663 -52616
85471 68225
25631 4997
-86911 -5661
60595 -46765
-43154 -75233
-82080 13411
56007 61788
-71891 -76101
55810 -98809
97708 93957
-26959 61154
75476 38827
-1932 70366
83264 -64970
94653 57111
69732 -56386
-69955 -33836
-52104 49578
5930 22096
-89652 6370
82020 -18382
-71823 77222
63447 -34190
-30200 4892
-65832 74354
71663 63695
40316 86456
56554 -46898
47869 -32133
68980 37458
91764 -68693
-56016 -99757
65251 -67481
81547 59565
-10111 39195
-58821 -47290
-37532 -57200
-12741 58575
-15597 -89670
77279 24897
8670 51373
35352 -93615
-76297 96584
-16 35792
-60982 96098
51782 70043
-59049 -1130
-23949 81528
40804 -49436
78939 -47453
-87101 -18752
-82521 67351
24316 -83497
54067 97508
43736 68409
-61514 -13111
98817 -95712
68067 -80178
81416 32610
44635 -91921
42695 51910
11374 -94376
-55284 84000
37370 -29488
74133 98640
88373 3861
-45098 42879
69789 68341
-51070 -93903
-3921 -26728
-53485 -17710
62130 81661
-87441 -71425
19394 -19056
434 -30575
-45143 -85155
-5681 -56981
28740 -65677
-97156 56051
-61228 16301
-62325 -40703
35640 -12128
80156 -35287
32548 -16683
54485 -1884
-37950 -79640
-90683 -72341
80988 -53772
-71779 34418
58714 81472
-19194 -89903
-1237 74842
67860 -74552
-33974 4472
-82219 -57425
85888 35375
59787 99477
-98602 -70522
91044 -12003
37546 -49792
42002 80734
63611 65849
53660 -34271
34893 -61809
-11438 87272
-2231 -27743
40782 -98827
20196 40378
-86390 -79497
35445 23260
15271 -78504
-17268 -78854
-37319 41892
73438 39313
-31643 -28516
98864 64334
-89595 -30628
63428 -40430
2406 -20360
-70147 -6489
-55881 67752
-70703 6736
-22597 26731
-67999 -3690
-10048 50513
-3730 -1682
-67376 -73079
-48675 -95826
-50769 -34456
89426 78074
-42786 18967
-81262 -76660
-92284 8990
54530 -42831
68721 -11475
-90119 64281
87860 -89835
15108 70123
50491 -71813
22791 38106
32387 -49455
48141 -27505
5276 -83770
9936 -95225
85068 105
-45562 -91453
22369 -54083
-73084 -17352
-41147 79244
54206 -70734
50491 36966
-25257 63437
-42210 41171
40325 -99448
15388 22732
77965 23043
-55250 45127
-47741 28863
-90432 -60356
56995 68592
-21014 6438
-21394 16545
60566 -73559
-64789 -87402
58995 38873
80162 92769
36688 -25401
49660 94955
54671 85485
77721 -11548
-5615 -36882
-57175 -25602
-11648 -85338
-79496 26003
-38077 4499
89942 -89748
1285 -86519
83154 20669
76750 -6531
12713 763
32345 -50508
-42147 36239
-62662 -3957
54162 -42632
81407 1253
53628 71849
79389 36852
10067 3890
-42866 36405
67198 -4123
24149 -24960
18003 25463
-59638 74822
41785 -23053
-45353 -34113
78814 28897
-56617 95982
89458 -79990
51376 17083
63400 -50662
58184 -10937
-55086 82727
19429 -71509
-47346 45158
63752 90474
25580 -66162
-63047 6704
-72378 46325
94231 -16278
-83031 -63496
-70438 26314
-56735 -35237
-93097 38514
-18654 17931
-71483 -38341
72877 -20399
-53485 -77020
-87445 70335
-92894 58938
-28731 7777
76455 -50688
-7938 73435
-67123 -67262
1731 -93006
71875 -86850
70318 -20690
-7359 -9830
20087 40516
24678 2681
93600 46239
64360 88555
78359 -18354
54892 -75042
-37851 39616
99940 -20668
-71737 97330
89354 97793
91644 -47578
-25696 -74727
-76382 45800
26817 -97092
32803 -11535
-3324 19884
12839 40786
45394 -16725
23432 -69402
11482 29469
-55893 88861
-41164 -5832
-24020 -55161
3381 -652
-40354 -38142
19287 -10480
-94166 59948
-49362 -46570
85982 45617
3714 35641
79982 55912
50710 59270
-59476 -21713
20863 -65751
1451 88015
93825 77789
-68928 45988
52596 99498
-15415 -47293
83309 -93565
64990 62242
-20927 -95736
-17793 -58523
69376 -48031
-85827 32602
-35728 -2361
37860 -75799
79182 25206
-2221 -78329
64660 -73759
15564 39108
87212 84712
-67866 7927
-18687 36685
-92702 80193
58683 -60319
-95370 64322
85422 87392
54259 -77779
69787 -39297
41425 -44544
86369 -67560
86134 -41342
-70932 -21279
25964 51074
-82225 2477
-42992 -71790
-55862 -71784
81494 -32726
-79808 65442
-55881 45664
3198 52782
-10643 -42546
-72853 38995
-46412 48626
-56499 -2395
-1224 11343
-24647 -99747
50467 -49137
42171 -64855
-10732 20853
-89044 -41160
-82932 -78180
17059 -16315
-14553 -22586
-72675 47743
9527 -69831
57236 26626
-79937 3818
-52919 51426
-77116 41315
-97435 -99534
-65135 97271
-81324 40004
-49051 92951
-87395 72463
55183 -25657
68871 91579
37427 -96203
24703 -26643
71826 71909
11181 -98548
-18664 84899
-64822 -16667
21533 -61206
46474 -56113
-50351 47166
88265 -2825
-8961 65800
-69323 726
-83709 -62427
-75985 75757
-47620 -30273
81359 -14999
-64517 -6688
-37908 73347
42818 52582
70947 82748
-58502 -47512
-65453 77297
44617 23388
-15846 16778
12911 78676
-32910 -30591
81763 21781
-67102 91740
52771 -90719
-44226 24299
5524 -40245
-47842 22976
-37075 -96276
14351 -1379
98616 -54838
98350 -8647
-82997 -47156
-65175 29362
-49155 11720
33425 -20945
77649 -19749
77882 -29758
99661 -35368
-45799 -12662
17126 -31723
-71114 -13807
-36348 59895
-49693 -28128
33970 -29554
-59288 -20498
-86685 3200
-94196 52749
10432 54274
-65008 -88208
-32520 -4020
-54452 19854
22505 -32039
77655 -77292
-43973 -57791
57336 -60354
8076 -58020
97494 9048
66303 1249
64773 -98242
-40454 -62642
-19411 -1800
81565 -14715
-48076 9332
-13874 4900
-6452 25093
94808 -43564
-38206 72154
-10831 -20322
87709 17179
-13529 8271
29027 40267
79100 -55924
91247 59639
2529 -20162
59067 1219
85375 93461
-98473 -45459
-96818 -89875
58550 93745
-57412 58572
-1239 23352
802 -18652
60201 96453
96000 -42771
81366 65594
-60365 -9081
32516 56944
32937 -34881
-96115 -64041
-15607 51665
66678 -14526
-10853 80824
56621 74430
-30632 68304
72432 -12402
-58056 3567
-25423 -94558
-60192 -15622
-95128 -84759
-35094 9216
-46874 -32113
-84343 82867
37527 84952
90503 -36077
-15128 -7088
66806 -32242
-83467 53462
-89309 27531
12147 -95706
-61369 -58417
66609 7968
18881 -13803
-23393 -62881
-14438 -91750
-33221 47992
-68717 -88638
54638 66469
-66378 -40333
72601 24272
-45131 26290
-45457 6573
59505 -69989
-83803 -77761
55850 71963
62543 41075
-64989 90632
-57594 10746
28243 -63242
53992 -26868
51543 54769
-43527 34631
86256 12075
79381 60357
-28615 -60954
-31194 27682
-50817 52757
-21307 74107
-78113 -21042
-74016 96728
-12123 6752
78808 80420
30907 56599
52573 11446
-55671 65529
1950 79507
92688 8360
72427 26260
58639 17261
-87370 78780
76288 -52217
-90137 -89913
-44127 -8333
-69293 2399
-11990 -1524
-76486 -38190
13288 42513
59692 -31599
-21065 -32324
-72400 37158
-21753 62104
77222 17886
-32985 -8577
-31221 1074
52977 -81074
52165 -31878
-80975 -25612
-55032 -39465
-59812 -20024
-83667 -94317
-26133 -2781
32952 -95276
87017 -84352
62682 24468
20990 29448
62260 11738
-6924 -69782
91454 -25973
17653 -40859
-20409 -65159
91678 -93042
3105 74689
88595 45103
51630 25151
62903 -35302
93954 98225
6161 -1558
-10638 87907
-77898 -21438
85487 24971
-73016 58836
-30914 16
12097 -84738
-97508 44604
-14428 43710
60175 81446
-88041 -46566
-13486 -86596
87720 -32128
-49274 -67542
33132 -29864
-10137 36319
-51273 -37726
69960 66918
-4426 -33688
87910 -92834
-25696 21842
99069 -14978
36521 -49083
-16977 83135
65867 -64143
-74120 -54536
41918 77884
5587 -68467
99494 7238
-87442 -8243
-49079 99052
99822 79767
-30409 37796
-24213 -10550
51278 -49164
802 17788
-89396 -2066
37622 93687
-49652 -1663
-13677 -78931
50728 -42698
31031 -79684
-6304 -83706
-9826 -90167
-71692 47169
5 17566
5191 -59894
-86761 65930
-69423 -68327
-39458 -22559
35189 -55503
-4124 -6412
16416 12546
72247 -43090
-52057 13837
11281 45832
47643 -16594
-68089 -60979
-74669 -50132
-63280 -71517
-30361 -25694
6478 -65333
26647 30232
30222 -53693
-32210 -53661
-54958 -2485
-67402 -58283
-62064 -51597
3188 25519
-14939 68305
86149 16204
213 81268
46627 17341
-55323 -31380
-97257 72488
-8554 -34741
-9990 -78961
-95760 82732
-63796 -69995
-51397 7872
70135 34062
71381 -59372
-43609 -12654
-27915 74400
2204 19552
-72002 27523
36258 61590
75497 -82334
-13435 33679
39275 -61570
-47652 12850
-21316 -93416
-43612 35191
-8549 -92957
-34080 64388
-77113 96432
-75344 65404
-61264 -35355
5109 11669
51415 29949
74732 90674
-66011 -26584
88279 -95973
-7240 50582
46231 82011
47831 -9757
-67438 18868
-54232 -54750
10195 -12157
-85467 98369
-86887 -6513
46327 15728
-88683 37211
71024 -62677
68914 -3049
-95793 -70065
-36694 -72731
-61227 96089
30079 -42124
19879 90814
-87925 28213
-84990 -25174
79407 -9373
-7079 11628
73610 28540
-92258 -49360
46817 -24141
-52889 95466
74845 -25510
-12057 -82574
59298 99437
13727 76234
35141 -7715
-76908 -58520
57559 -2734
-88341 27845
-94945 45815
-9424 14038
44488 -49079
48719 -21439
18634 58329
91162 -96315
57200 -50866
-58119 37960
98593 -22604
23922 77040
79339 -9521
-9375 -3784
93849 -86494
-61510 -51831
-60581 -39859
83967 57425
51652 -97073
-1037 78180
21018 -86617
-30874 -29140
75017 97082
25105 -24615
-46466 -37063
-14123 55771
71200 24133
26561 6455
-30170 41384
36714 91409
81998 -50202
-30563 -70955
24065 -31159
-42901 50663
66017 -52959
89678 -8136
-49682 -35869
84652 39931
-39217 28896
-61895 32504
-42936 -77519
-37477 26738
15223 2374
-54282 -13601
13682 -47474
79666 85663
-7565 -67891
25871 -53808
-3302 35222
26402 4233
75674 18102
-22010 -69987
-46597 -74179
-83599 -70166
92543 -41961
-714 36216
61660 57281
-87859 49004
-64851 -53912
24113 -26129
-25387 45004
1054 -12454
7639 98777
-93101 65608
56441 48994
-42263 74750
81989 -37813
31331 -37480
96015 44873
65036 51666
32331 17303
-44095 70425
-75941 71850
9191 -18661
-49298 -74359
18549 98451
-96754 91131
-49756 -15430
-50125 91496
-68976 19783
26518 -94029
49696 -30447
-25247 -56283
-96525 -4631
-22448 -54277
-90353 -38701
38867 88273
-34374 -96148
93884 -98586
53202 -96475
-50937 68847
-16924 24108
-47876 -65417
-31749 -54724
87992 36326
-18599 -88195
-37493 46139
18891 -82124
75642 38501
5539 25184
45993 -52621
-36462 -71315
-88000 -86386
61289 -68787
25032 42309
33260 65704
-70008 -11048
-6773 -9796
94523 44855
-14854 86318
-58880 -63991
-39942 76793
-85738 19435
-78433 -70131
63601 -59950
-31950 -55498
-8818 73286
-42773 12030
-22203 38682
64956 -41416
11321 96005
-46413 -86891
94943 -4530
61385 -78658
-95549 27258
-88032 10197
-63782 98513
67388 39521
45603 -69037
28325 -87500
-94188 65133
-24066 -85487
-86791 -63078
34179 -18588
-89968 -22501
-65789 -21694
14885 -38331
-67807 -51702
75035 72240
22995 31160
-25506 45219
48446 22526
55017 8852
-8062 -56227
19741 -62534
31384 -20167
65887 -71533
-78244 73044
-86076 90099
64730 -93726
21477 -13056
-13664 -89588
-37108 92799
74932 34571
-50106 15524
-48667 95788
-50647 -46730
-50882 9203
53760 70479
21448 -19882
17061 62456
-67564 87919
-53538 -32131
99430 -21345
4345 23608
98865 -45658
-79141 59193
16790 12289
-38810 76203
-41609 -96557
68067 19313
98854 47226
3465 91132
-95221 66490
-87609 -39027
52671 80000
-46976 60980
770 76692
83043 -84915
20086 -94251
86926 76531
17140 68513
24264 63129
-7389 -50306
6334 95276
-47924 23159
-42485 -44890
38885 -64170
35138 11925
-91754 36597
-56324 -22599
-41449 -21304
-96153 -13840
13344 -39752
-58389 -28000
-7880 57504
-20991 -44405
20245 -93665
-59950 -2678
6382 99192
70654 -1594
-23458 -48947
-33519 -57931
17853 56472
-43447 21311
5634 64415
-4250 -41390
-70296 -67087
5729 17589
-8512 -48632
-45629 -31563
31081 29244
57133 -36382
61522 32396
-25398 37557
-57646 61511
78476 75884
6337 -63747
-7585 79502
69870 2936
-31454 69622
-57691 17851
71548 -78984
-36583 30285
37229 -71551
-45954 -92236
13924 -60314
68729 28544
-39802 6541
48619 -68094
-43389 62532
59766 -41054
89404 71680
-26784 -97850
-57492 40351
-22054 7880
-43693 -38312
-34968 58096
83261 -37517
64436 -59828
24309 -84014
9665 -64496
-36064 -17633
63592 76757
44912 5985
24150 67707
79298 82943
-27643 46168
-84768 92860
62860 48069
-37610 -22628
14464 7654
-2656 -11329
-7978 39240
-93592 63714
-94068 61214
-47254 19491
80411 -91410
15256 -94345
42445 69309
-49313 -13835
4240 41025
39714 84167
77319 16276
87225 -10
57977 97080
32981 -76187
25474 40458
96494 -28907
78818 58460
1056 87374
1626 31062
22857 20516
-68542 -18298
17293 -68520
68039 95533
66385 -43142
63922 31431
-95090 -90555
-60860 7878
-10500 76240
34159 55140
-27964 77257
-53599 -80129
-54470 53394
-91305 99748
-51452 -56431
-84059 -45342
-24834 79187
11534 82139
-79254 4286
-14188 -98451
-15697 3287
44722 35263
-60524 15211
90718 -90081
93798 -8727
67254 -62173
27673 82413
-36512 -28733
18892 46562
-19889 23752
42582 -24532
71041 -59773
80260 -55636
-7490 6707
54732 -32918
21408 -15968
-281 -79713
-55274 -67149
-25884 -83681
72065 -46170
97654 -82838
-36146 83903
-73708 -98383
41317 60595
-70916 -57986
6992 72652
-65648 -64211
-34073 -98054
-54627 -43617
-37711 -53825
25751 -54885
53642 54351
76065 -46741
80723 -14271
-78742 -8642
50221 -66393
59109 -80329
-45871 75245
41240 -32816
-59826 -60054
-41643 47430
-43334 -22744
-7197 76690
-10422 -84792
-93549 -6755
39497 -38010
28691 18545
-88760 99840
83218 15884
39255 -1595
-89812 -32454
30634 6015
-97003 75599
88186 82127
62376 -96241
49071 -80934
79714 66662
-18699 24678
44705 -36082
-71004 96571
50455 -29269
15369 -1902
-11889 -37869
73715 -62470
-33354 84155
91192 -45085
20616 -47513
-43923 -55769
-71680 -62807
-66711 91492
95340 74847
14859 -92489
84991 20949
1061 -67666
-56763 -4897
55449 97751
25636 82169
-91856 -35332
1888 -35254
-90575 29484
19407 -30389
38125 93943
-22392 8811
21270 75403
-55698 -90213
-19205 -43899
35753 5911
13875 -35283
65881 -56342
60646 86282
50373 -99460
13289 43844
-29483 89425
-725 -86836
-31519 -62156
-22519 -47893
2163 -77965
-75464 -88293
-86480 -83570
-49710 41712
-31783 76163
79478 -62225
11750 -92766
31047 96124
-22934 -70782
-71422 -20288
-27713 61064
-3571 -15819
10097 28497
56111 -27740
83284 -69326
25074 71298
-22688 14463
-21517 -94846
36241 -3625
51507 38282
9196 61203
2896 93681
-98615 21967
-17320 23077
14596 31957
-59195 83834
-71463 20281
88043 26023
3843 94965
94856 -15381
93087 -95491
39338 19937
-37322 -80179
90030 -31767
-90264 -23194
-92485 -31130
33992 -58679
38685 28190
-30059 21179
-3210 -18668
66877 -17124
-51579 -78849
72736 10485
41331 63894
48859 -85571
60072 46037
45094 -42014
-92975 54529
-46574 -30046
686 -87809
74672 -13831
81498 78664
-84190 -36000
-18590 86590
-12362 -59026
88885 99719
-36742 6902
94649 79828
-21520 -10830
51668 -49076
-83858 92036
7475 93071
13313 -5650
51923 16926
-27567 93809
-81693 -83217
68777 -57395
-5127 73841
12433 22737
-20931 59207
-32212 4897
45469 -44644
82210 -41230
-52730 78655
-15872 17637
-48067 18608
16435 -65278
95905 -47858
-53469 6511
56699 18165
70604 -21344
40425 -88261
91203 -55823
67376 -10865
40876 -80895
-75570 -47121
40914 -8367
89577 -21289
-22764 37588
-90822 -91868
-89298 57552
-52016 -56326
74946 -57136
69432 24871
15941 -71502
52517 52177
30581 -56430
80057 -49971
-58017 -71488
24020 27597
-1142 -62975
20260 48063
36602 71588
18887 -287
8316 44874
74440 67036
24076 98724
-51707 -13423
65064 -95707
-66704 -67040
-22167 -95030
28114 -9963
50910 -32969
8047 16766
-11164 78641
-74100 -94044
57562 -87035
81358 44525
-15102 22142
60485 -50738
868 34000
61311 21858
3951 15534
44407 22593
-22428 82906
24152 34801
-59491 63625
-88004 65070
-88236 -80294
-1290 -14930
-45283 79247
-76822 -67135
42255 -48594
62503 34944
40177 43991
-44849 81564
33137 -83972
11413 93039
22802 950
4840 70556
90625 -68724
-85187 33830
-50328 -53380
97030 51453
40031 -23617
-52141 -95788
-87059 -89538
87670 -50144
-4040 8530
-65611 78219
-2653 92574
-90036 -80879
93824 -18270
50010 -80729
-17032 32536
87266 81827
-31900 -18886
-60176 -80122
-52890 246
96505 77478
34700 49654
-46403 -56339
-3455 -62328
-10533 81791
1024 -39699
2853 55261
72603 -97636
7481 -4707
-85102 17633
73011 1419
37590 83392
-34414 -9932
-93706 -91586
-23532 -8854
-18023 -54084
3413 24726
-65106 61821
22361 37146
-21136 -46751
-27086 25887
58576 -63697
-2779 -13772
11938 72824
2824 -12953
54494 -23417
-8169 2087
-9041 7108
73098 -38956
-6177 74772
-970 20354
-38695 -47975
-41692 -87973
12966 17943
29148 80035
4762 -78350
63198 -97644
3397 40390
25957 -16724
56221 50889
95743 -73708
64267 88122
-18732 70592
-70155 49683
14270 8431
2658 57263
-91905 -4266
24205 78802
27634 -29945
65746 -28494
46863 46773
-30702 59359
19109 -17068
-96921 61582
62870 -44871
8781 7238
-76280 -72338
15165 40399
-75570 759
36825 -33551
60647 20574
47729 -63980
86925 33088
-29214 -95566
32215 61607
-12047 -79559
69919 99184
-81506 15707
-33201 26058
-9564 2518
82506 97423
23814 -50339
-21788 69910
39255 98016
-96843 89562
-91369 5396
-21646 9386
47770 18233
-11326 -70271
92828 59360
-41027 60458
58567 21103
23030 7707
-13982 -5851
25650 -85552
-78343 24113
90543 -44639
-37493 1484
-9621 -12781
-34752 -10865
-72496 82403
40516 -1010
-53309 96344
83075 -34014
24122 -74490
-64 -79649
75541 -9596
85280 10177
-51535 -9194
76790 -34235
-52894 -3831
12083 -78578
-62926 -88712
61740 43624
83616 30917
-7063 -93686
-71550 -83829
69166 -63464
-29660 2255
-914 -87092
6192 -34139
-9308 68749
46406 39830
21271 19795
-35815 -6145
81399 -54978
41750 34681
-33629 -64429
-50389 -61360
-73310 63544
43240 -60242
-16566 -25284
-15407 -24859
34480 -96453
20670 30448
24866 -28438
81317 13304
-21129 47307
23343 -75574
93778 26282
78584 68442
16418 22193
74880 67724
-15247 57421
21743 53968
-962 -6544
-83890 -36914
88827 30591
8745 58926
27762 65593
-67094 -42751
92373 -22744
76498 -96208
-9067 83955
16854 38667
2958 -4855
72566 51813
-89844 15105
57801 5998
2136 45374
-16580 96552
-98343 -72421
59104 63462
48058 75970
-7104 15227
17164 87156
49790 40985
-70846 -98649
-52865 -2576
48070 -44472
61034 -16513
-53236 -89269
-61272 30773
13366 -67202
-76820 -29492
-99555 36697
-95981 -87119
17842 -13735
43741 -92605
-57723 -46336
-99415 -72574
-76886 88731
68874 -79698
-92445 -99997
35343 2734
-85959 -33537
22196 -45561
-622 -89857
-94264 16659
5663 60035
-47896 54754
-35123 28285
-11514 73753
94579 48724
68292 67238
92424 5752
-74786 64927
45055 -65068
-54783 90921
27448 72223
76715 -86136
90644 -68001
24751 -86424
-26617 -44530
-12638 44764
-79733 -32693
32722 -77031
18823 -30342
87791 30043
-27800 -15638
52230 67245
93409 64274
-87956 -66310
37947 12400
30595 28092
38437 -31356
-31583 -73439
-77574 -31373
22174 -86031
-12300 62166
-1383 32790
22090 68285
-38080 25717
89108 -57225
-85630 30159
-72188 -2743
71874 67703
30983 -63933
64775 68226
-75507 16979
56698 -83989
44274 -47324
4601 -75238
-89657 -64774
-54244 12279
-65385 -21743
-30945 61745
-78455 -30209
-38050 -12357
-4551 46028
47397 94582
32673 95705
30924 9216
93867 -92924
71997 94503
-1267 -50164
16896 19539
23162 -11371
53522 77463
-37096 33442
75359 62029
-16344 24125
2913 -74147
2127 -70745
7743 96108
10322 -77519
54556 -31917
13766 56581
11969 59490
22994 43182
31864 -26183
-34597 26687
40593 93272
-51304 49469
57834 -54137
11546 7427
-13233 31457
4375 82669
32675 46885
65181 -84529
79391 71549
-7494 -23891
74079 91639
-348 -92562
-5988 -60161
-52701 21226
-1967 -96404
-57463 -98077
-40273 90883
94157 -40083
-4988 -54237
38673 33726
-56678 -43954
75915 9587
-79084 76404
-79279 -68386
44119 13604
97012 48298
-53621 -77117
91623 -84485
-90715 17997
94156 12105
-28774 -10946
-58502 96817
-49788 -20939
35222 -98669
-51061 11136
-28707 94066
-61981 44534
12320 -8828
3555 -9493
89055 -98630
98327 -322
68109 -62649
15321 24882
-91363 -86922
-81097 -36462
-24235 19977
38625 9942
-92853 -24319
-63211 72115
96679 -21480
44381 79662
-9541 -389
36543 -70639
-34154 -46401
-22620 -52454
-99012 23164
41081 -55550
-98885 95597
16968 -15550
-86099 77538
-92979 4134
-99676 -15895
11666 13592
61822 -37065
64276 -27685
-5346 71041
55045 94380
1911 75317
92088 -73773
-36216 -94433
91524 -61886
-44805 99312
-99452 9646
-6577 -39368
-99485 78419
17847 96004
-91879 50431
39611 89220
46909 -26028
-70227 12224
47686 21489
11051 -24847
32143 -96010
10337 -33474
26696 -29845
67626 22789
73023 92113
80190 -41794
-45312 95540
61298 20668
70965 28217
91090 62277
31700 -24707
32539 54460
58893 38040
37133 -20214
62435 48451
88133 -77397
75559 -67568
-97850 -81417
51798 -34429
31625 22396
43991 48268
-18644 15504
-37535 92653
45862 26755
50326 -93845
-31200 59639
-50086 -57879
7290 49015
-44775 -61393
70327 73065
37282 45944
-84459 40937
-76955 27431
-49608 21431
61216 -57993
-581 11493
21706 36309
93578 -8702
52038 63521
-99595 8997
16093 49804
-84453 3638
92246 -22101
-35501 6323
72535 86573
2133 14569
-50805 66827
11465 -15296
24332 36564
-37628 -85047
30009 43255
-3855 -2903
26226 -95163
7098 30578
-74929 95388
-21332 -91677
-61974 48132
-69873 -63298
37537 81130
-31711 57540
-80194 82969
85752 95416
-44211 -62160
-9302 25692
-52490 -26207
52401 40832
83304 88404
38090 25703
-21215 33961
-62320 51622
57090 -94807
-18035 61040
-36797 83174
63324 -71083
-88718 -53912
-9350 39273
-28611 -10869
30273 -89567
-12803 -27673
81501 3900
-98036 20103
27888 -53035
-89124 95727
96894 23832
50897 -73533
28343 -57877
-22172 62945
47772 31905
8679 -94398
25413 -96307
22209 79485
-59841 88065
-63383 70798
-30898 -17977
-65937 -42704
46504 -20517
72057 -34839
71944 -30281
67290 -70286
11123 -76244
76488 34521
-90721 57278
-87986 60570
-55338 18737
-30678 1894
61436 54726
83219 94760
55108 65961
33294 -25855
70763 -29969
3108 -90449
27294 59199
45299 90398
-15744 36613
-93447 57489
54360 -46303
-94922 -84843
85926 22025
-85304 -97720
4313 4082
57763 82580
-37964 -36478
91679 90156
88924 -20386
-21540 -13789
50750 79424
-50 5031
-90651 -62290
14587 47447
-10497 -31759
64231 -37123
49414 -20974
-36180 -43552
52986 87736
-77735 68894
-39462 -57996
-31940 -27708
12609 61502
76341 44896
79637 -34026
77514 -13523
31386 -60815
41174 11766
12863 83083
-65172 39427
76789 -52556
-96021 -73065
-54694 -9241
19201 20367
-54873 -14298
-16662 -84609
-90552 108
85434 99963
-64201 14
61092 22096
-54112 96230
-62460 42388
93729 -25021
17668 -24402
24040 -72907
-47936 -70836
40219 55851
6859 2663
-95025 -68389
52445 70761
-40709 -40983
52114 -49702
-78852 27826
52442 -2863
16403 84982
3683 4979
73883 -33215
46878 93249
93682 52862
82003 3646
-84125 30105
88513 4973
-67721 -61170
8479 -4194
-67144 -24268
-88151 -65732
-51421 -61742
-3895 -39109
-31255 -20490
-84448 -19738
71613 -87669
-43833 58418
44505 12599
98886 -46561
51500 31478
-65121 54572
-79690 -94753
-85094 -5762
29342 91791
-16723 47005
-33340 49160
8093 2043
-72413 -23252
-42014 -50935
-88538 42797
78145 -38432
-7973 -25150
-69272 -30272
40263 3812
8717 73352
-49175 91737
2582 39686
6538 92614
-28300 66612
-99398 -78893
-66572 -73207
-78322 78683
-19800 -27487
11346 -56635
76633 91167
62902 99205
-2321 -80075
13498 48354
95804 -71386
-15667 4163
76541 9726
-47343 -12305
81393 -40454
-17640 45848
-30746 -23822
99913 54312
62078 -20563
-37515 -29255
-44369 -16378
-30003 -2067
41704 -1773
44021 65814
-30166 -24550
61634 6804
-56067 -19275
-75798 77794
10266 49424
-91586 52878
-96782 -30810
16400 -26511
19226 -83531
-97713 -49871
-84533 -747
93801 66407
22578 -44636
81783 76086
-86809 -47108
-99763 88714
-35812 34203
39765 55409
69992 -46449
46351 -63106
-40126 -70973
-50979 -96547
-74537 55543
-88295 -86237
49475 -27409
-88882 -89830
45306 75905
-30035 -15962
-96219 -83165
-13024 13244
-93830 -42483
72477 98170
-41258 -53562
-24414 47313
98937 -2725
41476 93249
85326 -74312
-73170 25483
-64600 -96621
60522 -92589
35126 -32757
50771 -19109
-88521 -37066
-70667 -94374
59265 51398
52344 45488
30411 7264
-63907 69245
96047 -10283
12217 -79984
-73521 21376
27469 94201
91782 35283
-56118 76581
-19791 42682
-27435 37517
18481 32222
99557 87989
37550 -87151
91695 75685
64979 -31278
-28218 65332
28191 -36977
-49253 74611
25579 -30222
-52347 20071
55820 -12195
-2165 -22024
-98267 -23449
-91637 -32440
52983 -63007
67363 95588
2553 -16257
23029 14666
-5703 -87328
-16215 -70249
-66903 -76891
-42867 34169
7534 40338
-36049 -25967
33767 -22420
20127 -99902
39619 54867
-56578 39082
-62304 39328
64628 52337
67963 -93314
-70822 87638
72428 -25232
-84131 -34737
-7751 78882
52324 22390
-95106 -70690
-62341 -64004
-54004 -86021
-20640 -13186
-61625 -16273
95664 -16916
6293 10241
41378 95581
-74374 31480
-6751 5835
91219 -57884
-11571 -49179
77770 54338
-31995 49091
-71641 56227
35091 -81406
-80878 79639
33894 67461
-46971 7442
-47179 50304
-86286 30366
-76276 73756
41416 88975
83259 -87066
-18819 5617
47705 -31827
19333 31051
62566 55142
41959 69524
-75814 64491
65113 -86028
92113 -95713
49297 49560
35372 89380
22480 11024
31961 -12525
79103 41409
88339 -7259
8623 84025
90913 4400
96642 59671
-70073 54430
-91873 62695
-40335 -74792
-77867 -38874
6364 40727
88165 -28327
-98979 -74814
-87156 -31483
-82093 -69554
83111 13783
-84981 -2149
-98859 -34725
-76701 -98394
-22227 -63655
20617 54298
96709 4645
23741 18304
-58533 -76336
-15927 3444
-86604 73124
22840 28030
72729 -55308
-62247 20700
80694 -30534
-14494 82668
14227 49706
45606 70569
36836 -84078
16251 -53009
-98560 -40205
46741 34445
-99123 -98316
59485 85750
-26480 28603
-11765 70556
-25153 -38590
82364 18791
-27008 -8953
62100 32216
-91302 45685
40997 64311
60457 -82955
15542 -88623
-51593 -18626
-14747 75595
23720 -91341
-74418 -71871
-34534 96804
62631 -31321
-99212 -5440
-77497 -36480
-23086 11213
-21490 87034
77320 -88296
-39184 67923
38408 -16971
82195 -17543
60845 -4260
97151 14801
67484 -53131
17406 41769
-72715 -94837
12807 -57269
33806 -10072
-99381 70281
48082 9844
60328 -64527
-69762 -71125
-37808 -35088
-69126 65111
36453 -13769
50995 74519
-56473 37532
-14870 87508
60266 34844
35006 6575
68236 -35245
71302 47471
13784 -19956
-48193 -72546
58725 36994
-47406 12673
-13785 46128
38544 166
-78760 64652
-84256 95332
86433 92177
91471 -67079
-80416 75728
-45187 -68599
-35155 -6780
17401 41590
-91819 -67098
46807 -93434
18983 -5862
-98767 -77116
82428 90200
-66535 28288
72917 66573
-18508 79909
-4561 -99155
55874 62050
60709 -78999
56903 -35143
-41921 -75657
60665 -77543
-6069 41012
-6063 -96044
43093 47373
69449 -21339
-81207 -83148
19346 58034
-47193 36044
-66749 -19293
-73727 -24674
5255 3780
-67435 11633
62535 -43343
11572 96852
-65648 64324
9813 -3615
-83221 90453
99126 -75157
-22355 18683
24987 -91807
-26086 -15121
-3178 22956
42808 -64027
-55197 -40741
-87454 -15184
-17411 79109
-17633 -56748
-30437 -23343
37564 -58290
62454 -78728
-30040 20860
-85914 8822
-66384 -65440
42295 93339
-75523 52245
-13090 -34420
-3306 -78472
-36941 -63449
19863 -59953
52951 7780
-91468 -27272
-96399 62971
81125 -88671
36960 17202
-94581 9002
-21474 -83056
-68549 -43343
68109 92104
97663 -67718
-59781 -99697
-60231 99769
18181 8390
-89392 -7702
-81743 -86767
-44160 -6903
50057 9546
-32862 -63730
-42960 51125
26689 -62076
90623 53059
31085 91130
-4504 -95088
25337 -17050
62270 89666
1086 -34601
7976 -97511
-5350 -50595
-44840 50574
92162 -6798
-69945 8274
-11153 65075
11985 46248
-26093 2007
-85076 34627
-89646 -33906
70008 -94874
25677 -90112
24748 3881
-36421 -41406
80026 -72199
-16508 96264
-37090 -23177
73989 -31197
73569 15880
-78953 -33375
82818 22272
-3765 -90356
-23368 -69831
-13675 77069
-99811 -51953
65967 41625
-46821 40534
-38349 -19102
53568 91862
-66327 21217
10363 -21704
-82862 96511
-49715 49001
-51874 2122
-58732 -69139
21742 86780
14883 -96537
2230 -31920
-99105 33927
-13394 -22944
-9987 79720
34813 -95155
-87128 81940
-47575 -61884
-81376 -58332
-50385 -46927
-88099 -68648
45973 -11887
-34618 71610
-18629 -83948
-48158 24419
-77368 -27148
-84448 -30245
13445 -91237
-25785 -58322
26080 -63861
88968 -56231
-91656 41079
4114 -45880
25041 -26491
-16772 -50155
97609 -49125
-5575 46501
41736 -31176
-49753 84378
-2372 1275
58562 -11373
-90100 -3590
-19672 -80117
-58490 -4619
14294 27712
67043 -1726
-66077 -44196
30035 35879
27552 -84080
-2660 44804
72700 -859
40276 83503
39952 -62478
-75711 18663
-85422 504
82993 -14071
-2017 -56723
-61144 42067
-63020 -89202
55268 -56760
25439 -46881
-96157 61677
88720 72156
60268 -94058
-14539 66467
-32293 -73734
56676 60786
86714 -55626
-54088 39532
-32675 -39481
-68215 -40427
91232 -41419
-65474 55091
5638 -21500
81103 40367
-19362 13765
74684 95830
43484 -97919
9028 -46072
84747 75836
42505 10882
62622 -1210
-19527 7738
-10240 -83410
93543 74335
1043 22668
13038 95350
-39987 -73555
39540 -98625
57489 -27838
13478 -95351
63694 -86543
-56350 -54024
-33972 74275
16177 73052
-75521 -73684
-24833 11847
76915 -48855
-98865 -72051
-91378 84545
49177 41466
23547 29245
63910 34468
69161 92118
22871 72301
-9977 56202
90720 63521
-62414 15970
6815 -16296
-51467 68414
-43297 -65602
47199 53048
98906 72246
83217 81630
56802 -55066
78408 34966
92556 64681
57362 28322
16419 75695
-48152 -26634
-49454 -16555
-74840 -64450
33190 12622
66394 -32850
34870 -31616
-17290 15798
-62904 32825
-45272 71665
7436 22428
-71594 -52966
26786 -14220
42607 -75277
-72163 30075
95029 62216
75014 25474
-15733 41710
25775 -96727
-79740 50135
8586 61918
49733 -15386
68674 45221
-30288 -65699
-41480 83337
-122 4440
-63653 -31390
31963 24403
-95126 -31719
-40460 -79121
51532 -15223
-50600 93994
-80393 37119
3558 -76885
21905 -54837
32434 -48289
77223 3819
-19122 88860
-29664 -69445
-44515 -35524
57403 27434
81100 30120
90839 -75133
66942 -50875
20118 21481
90795 36554
90503 -54146
10015 58292
12583 77962
10115 -33203
-29300 55724
51198 -23636
49754 -15102
-81623 61263
14943 78279
-29997 13539
90944 68232
-29454 59493
-77927 -6694
62332 74639
81754 -57259
-41037 74303
-30573 70056
-50907 17897
42664 -79980
-81885 -16711
-60265 -51441
19708 -52912
3022 54651
-77958 -94168
-54948 -42591
34234 -46396
54959 -81542
56183 11285
47072 55665
-33482 51333
84550 68311
-99224 -78780
47659 -95573
65542 -30547
-25887 -61042
-11480 -55027
-36845 -65176
31394 -1171
-79121 25167
91415 -82015
50916 51789
75472 -37341
21580 38832
98195 99547
-28416 45285
56517 -48857
-24227 -40325
-76514 -18866
95194 14735
74621 -94666
-51743 -28490
-11717 -48768
4702 30033
-39051 -67285
-33792 -18255
-40145 2029
52769 79085
3358 98522
83716 -88565
-41531 86156
12269 -34658
-88147 98763
-2961 16555
2444 49864
74175 21748
65738 37548
-55019 -19310
63356 77291
29625 14434
-5328 -70285
42464 -18688
6617 27898
-868 63518
87384 -77511
28630 38896
84133 15631
48214 -51630
-77370 -45352
54844 -67091
44126 -19177
-23217 30973
-31224 21069
-21580 -41695
-36484 -1910
-16346 70081
5947 -35676
18936 -609
84224 -4549
-14892 17226
-25490 -75668
-78611 -50366
39348 -49897
-90327 42714
-14739 86625
6492 -42741
-78006 -47874
55183 65423
73265 62608
-25681 -36943
-86429 -62658
1346 14290
66921 91820
-68179 -34355
80185 -70829
49431 21557
-93546 -21431
13699 60148
67897 -90209
46796 -39558
-62884 -96998
36095 -54058
-75009 57081
43164 -30153
-1149 94734
-86556 20297
87641 -48763
89247 -73965
-61269 72246
-68888 32419
-23348 58843
77394 77503
-54859 -73855
-10748 75594
74641 -5744
24181 28453
62640 43009
1752 -26502
-92926 20664
34416 -13025
-18666 -53671
-80994 54910
-79251 -26815
-10783 64355
-53304 21664
-37713 -45035
-7669 -67303
-58307 65826
46838 22522
-99938 88274
4921 8039
-75309 -91871
65971 59936
32099 -65375
-91887 -79104
-62005 37292
75603 -31300
83186 -52155
-63976 9228
23864 83216
17091 -35894
-76209 -7697
89268 -2252
41083 74095
-33884 84385
34186 -78504
99461 -76692
-31841 96343
66988 -50958
-26477 -47820
23119 -51841
-56975 -16588
88867 -86148
71527 90204
-64 -37259
-17596 60667
-9088 2243
25142 -96008
-5678 -33485
-63130 63393
44637 -13011
32597 85844
71162 -99702
51499 79246
20453 -46197
-47166 -12739
20075 43267
-23138 41049
62985 -51841
-28253 28905
96598 -52090
-48233 -20036
63928 -73445
-98629 -40237
64993 -52052
85215 -60303
60231 -53380
-49616 5400
-15666 -19730
88577 -73089
-28109 42711
50898 41250
40128 37360
45466 1796
-10211 74820
85572 47807
91284 -19539
-44151 -4417
18361 -14865
-22934 -93133
-1124 16181
-84398 -24164
-99298 -59374
-68240 -24565
42515 -15437
98742 17072
-32873 42220
-29168 24021
65125 -67399
-63155 40696
-3406 -53557
45638 -41594
-98452 -90980
-46518 82963
-59278 -42294
88659 -37219
51847 -70424
47372 -50308
-51695 49036
-6715 68521
17661 -93625
77831 -62055
67120 75880
60027 76816
77332 -65213
-97393 -11240
46908 -79958
-76599 1126
-40528 -59114
91540 48220
54828 -2022
11655 -51473
-71100 39256
57756 -22641
-88311 23548
5176 -39833
-97754 -91820
-27807 91773
2998 51951
36345 -79892
36918 -9363
67778 85763
68771 -84087
17131 32945
-33577 -46973
-83412 -13666
27277 -34731
79102 -64668
-8191 97092
12738 1496
91506 36962
-39351 -87150
17548 26807
32248 -24805
-44708 56746
57468 -79772
96706 5400
52758 -51749
78670 44560
-45094 24578
-68130 61148
-42893 -66445
53680 78600
-5127 -73882
97526 59370
-19657 -21563
60727 73229
-28339 11804
65083 -92547
-40651 -65024
-2842 79051
19257 79775
-52055 26955
-16561 562
-81549 -99989
20417 16589
-84746 27887
-79810 48318
-59878 -59770
-85932 24540
63777 -66250
1870 -80611
-25306 65388
5986 83058
-80492 -36894
-77545 77916
-2172 73457
-60060 -53511
-25962 8911
29582 42122
-12842 -71664
-42099 -31602
-96412 50744
-84435 90094
-70443 -52996
58812 -2665
5508 23718
-39928 10203
83592 -8290
-91419 -25566
-50916 9451
38902 24179
-89167 55336
-9380 99275
-65613 -20725
44990 83140
27695 74190
83450 -94597
-12316 24068
30641 -79829
-59817 -84259
87801 -65743
-60715 -3062
77924 -30578
26769 827
-62274 -72665
10507 45649
-28900 -20904
-28857 -39623
77262 -69666
80512 -77399
52344 -26836
89391 99833
-12211 31638
-75528 82991
88310 16915
-23210 2977
-60717 81920
42668 93912
59194 -974
-30803 -4561
7758 28549
4748 -56524
27643 -81036
85196 10765
-56613 -62014
-68387 80346
40375 -53813
96878 -5303
-45523 93035
23381 -42251
169 76248
-49913 -926
24418 -41936
4297 85731
18160 54809
30006 -38054
-19786 73545
54114 2815
74165 -24869
-679 49154
-95465 -8179
-21157 -17255
99316 85384
-32438 -13941
38249 -30232
90632 -98167
1945 28991
-93837 84697
542 -17434
85253 -30482
85427 -36543
-15144 24323
-83702 -96106
-29536 -8493
50637 -32006
-13266 -33219
61509 43993
42042 -14514
-72344 -23611
17155 -50364
-11785 35309
-29286 -5422
-50814 -88962
-34719 -43697
-34851 -54481
-62049 -75981
76117 -85061
-22760 -56970
19614 -32272
27197 -21964
-80846 -46511
-3858 -79313
67994 -72736
-49124 -17690
72897 -9458
39218 41514
-25161 77911
99267 58430
-56133 69604
-5663 38067
-19598 86676
-72301 96812
8047 57977
72775 29132
14020 4001
-42588 42553
-74095 -82267
59247 -24672
87546 79115
-66638 -43363
26414 -95180
98988 -65892
-64268 -20349
41762 42896
48430 -44071
-52253 42021
39028 -2591
-87279 -50175
28008 59039
37366 -54207
-72211 98520
-56586 -69971
-78053 66509
15244 -1768
25560 -90808
-19453 64868
20954 -1251
41686 -75502
-21179 84522
71771 27003
-71048 -75813
11261 -31744
-80809 -56897
99829 -23520
33835 -76625
2162 12783
92524 14001
88584 -6024
-71312 -33389
-89757 50224
-65975 -6250
80950 73607
50415 25928
-56242 -69717
-3540 25579
3120 70059
12724 84706
-42816 89246
-45589 -85667
-92280 37278
79294 -62808
70842 -27069
-35978 -5235
-80544 83363
90978 -1326
96564 -88138
-61958 99854
25235 15545
82823 -4611
95386 -96386
83116 72789
1930 37449
19249 -96013
78517 -59080
-89252 -81657
19953 -77696
-22362 -74091
29272 42438
97897 -71561
67866 -946
-65658 -67580
-85366 -30707
-20777 2479
42835 -39000
31987 -65470
-89604 9498
-64414 -47361
5515 95566
-64907 81419
541 -33142
-35146 -3088
49459 52952
94862 77234
-10638 -75554
-95536 -91187
58091 56017
-61727 -67227
67089 -8369
-54706 -71441
-24622 19145
-33217 -86011
-30267 -98073
74090 -13616
55906 74535
-85061 29282
73335 79128
53893 36948
-42602 -53704
-19322 -24367
39304 58641
59948 -50760
-16003 50635
-4774 9342
6745 -76833
79180 -39599
-73951 17818
55431 -2869
48839 64284
51829 71017
64052 -25617
79979 33924
69504 92845
-64626 72948
28265 -55623
-75259 86523
-30817 73859
29749 -63140
9679 -89379
51329 85923
-29138 -76957
48157 49833
-59704 97562
-39478 80629
365 62693
34076 -43479
64202 11849
-93211 18347
93125 89086
7748 1008
57750 9642
-71021 40615
19034 25700
-23501 53454
-37473 -43355
-52368 -74145
-61706 -73480
-9796 -29377
-11046 -70613
4606 -43423
65660 -58712
60637 -85488
-57949 -7756
83901 -3997
21099 -77814
-36696 -5852
-90874 -81585
-83249 9458
-62523 4243
-2199 60866
88200 28150
-12810 -95709
39444 -80522
11542 28690
62616 71709
17645 -90397
-47940 -48308
7780 27650
1889 -71507
42701 -23555
-74537 -52146
-60694 -91524
33451 15104
-44518 29233
-49299 -21161
43048 68732
-91516 50930
-48754 43350
-70739 -57061
-91568 76854
-67838 75727
-70720 -75801
-78922 63899
78559 4694
64870 33369
-44432 33273
-77254 28887
67040 -23855
-41581 -89945
-42025 23094
-73405 -99833
72926 -90336
25007 -83380
-59190 -56619
-84350 -69012
-89804 35120
86015 -67597
-12513 83849
21873 71041
87941 -63139
-99000 -11278
95605 -50821
-33063 71592
8111 30569
-21535 95544
22076 -51837
30009 -75488
-93078 64215
44907 -2339
95254 40145
-92422 -47629
-89224 52919
-89423 -16290
21860 59904
17968 63511
95040 45478
-96494 50135
66209 -75184
14003 -20560
17810 39476
29230 -22158
-77874 97322
52164 -74998
-58947 -23028
85471 -3279
-17488 -75947
-53132 -35724
32034 96395
30246 -71337
-72241 35493
-12254 7844
8896 -55575
49139 86871
80007 -74576
40937 24559
-26399 -61683
-2783 66403
-80001 -35563
-28446 -5491
52001 27546
-70957 -16308
31947 41402
-72603 73173
37358 61819
93243 65777
-36701 58301
85153 -15000
-39499 -89687
39681 36190
90166 -54506
99072 -59548
-57724 12898
94721 -32087
29249 46165
-5106 -5166
-10900 23872
-75380 -85438
28915 -89161
82499 38653
53799 -94314
-61488 -3999
-78394 33207
51421 21201
71402 -80739
5932 -50413
84005 41009
13393 -89797
-68181 13714
97966 -99601
-12003 -64255
66878 3913
84719 99410
-86324 -96012
1513 9330
38157 70197
243 45257
-24875 -29826
-98918 67695
-26903 25115
-57967 -79675
84382 -85654
48928 50855
-33373 22071
-86991 32744
-87613 21589
-25046 44361
-73404 -53152
-48788 -48480
12796 87583
-58346 -1491
-53658 55058
9196 2826
38488 -93043
-35303 28306
45678 53307
80155 50219
84594 -19354
81164 -99811
-30128 -54043
-10654 11162
37678 50206
-93214 79573
46276 -50942
40311 -86882
-4440 36405
65395 53724
-12740 517
-97408 85608
-81336 82910
73578 -62784
90702 -14816
12024 -8594
42412 76088
54816 -79801
-38988 -25352
17595 -54556
69105 80306
-96594 -21289
-74521 18200
19297 90548
-9360 -518
74679 -39633
-54647 46444
28326 87366
-76085 22785
18457 -79436
5931 75625
92582 -70542
3860 -46464
-38837 81119
87935 20357
-28687 -77778
-69002 9495
74392 -37922
945 37181
26430 58127
-60705 38171
12257 31611
-62363 -56580
-93517 -78047
-10665 20375
-24736 47707
78897 79953
99270 -35276
7440 26019
61072 -85853
-70763 -63437
57402 -88460
49872 59971
95090 -4020
-27435 87015
70470 -91777
33884 -87938
56839 36933
-36514 -64654
-62647 -45084
32099 24093
73297 6270
20224 42771
25347 25004
34788 66941
-13416 30544
-10970 -31250
62434 37325
9422 20963
-49856 -81250
-51951 95062
-89629 92946
-23847 71482
-56521 98201
15352 -42675
13706 -23864
30340 -85033
64437 -54007
32249 -23075
33426 -80358
50295 58938
67248 72689
-44678 -448
86402 -69993
-40459 54059
80431 -42724
-62488 -74304
-27535 -48288
-88748 -85913
44729 -89089
36384 66550
-91999 -93501
-92747 -51081
37270 22993
23492 96980
-84277 3109
-59093 37406
12307 -32876
1997 -91392
-86145 34855
-27687 -69770
-61747 -93967
-96615 -42523
34736 -88740
-60149 -30026
64757 4876
-27411 -15122
74599 4760
-13100 92199
30903 22791
12765 -23808
-23700 -11389
-39185 6643
-60588 23785
-86925 -63002
70038 -27181
-37538 32130
45035 62409
46209 -16939
-16684 -47845
-88477 70964
90579 7177
11121 -67725
-94483 13239
-30495 13927
-74411 48946
-13823 -39740
-81030 86644
40646 -83820
-94583 -53240
-94120 -27008
-68503 18886
66784 -69657
-3169 -93178
-39538 85674
-14720 44219
-59243 -67907
-65143 56859
20679 -18417
73544 -95765
-30511 -67800
27496 -67199
-90829 41902
-22807 -59735
81608 -39273
-6965 74460
-2949 1029
-53628 10445
95161 -26504
32227 -48251
12759 3382
45660 -63950
-43238 87771
26968 -25372
-25983 21543
-35101 39976
-77986 -31697
11749 -17571
-60578 83295
51361 -57026
37720 90266
-70712 -72768
72725 83697
-41657 -23992
89943 16408
-64826 -37988
30822 89970
89142 62151
-8819 90381
-18667 69749
74870 -34589
57948 -5557
12225 -44193
57988 -82160
347 57493
-16745 -16206
-54286 -6934
-83181 -64169
88717 -16677
584 90992
-16812 -14994
49243 91455
37049 15644
86287 -98779
-41114 4960
53657 -55458
2538 -38719
-82908 -39020
-99672 -81009
-59728 49744
-5451 -284
54416 -26706
-35472 -82156
27824 -21682
34549 97364
-40355 -93786
84991 -59305
68534 -38712
91842 14464
82462 28572
-25186 -29695
-65617 -75416
23954 50539
-54734 -86330
-5575 11782
37544 -93336
-38229 98179
38446 -60222
32326 31156
-85456 46826
-26999 6104
87768 -29149
-97671 -9342
94785 986
5899 37875
26764 -7223
-89117 28540
10877 14248
44588 -16448
-70293 53436
34827 -83982
71780 -71136
-41454 84309
-66918 -75982
33752 -68599
11766 69602
-84096 30483
-95425 93003
46946 7472
-58311 56311
-24646 -28815
17079 -18163
-73088 18408
-37644 -49914
-34367 -88473
62796 -72063
44989 45751
-98928 -11268
69270 -74489
50500 -80981
-91780 39362
35649 79309
15691 55208
-70500 49690
52389 18408
69775 -85930
-11502 66511
-40577 -99983
10356 -58504
-78987 45662
93236 -17142
1813 -64017
54201 -8067
-88787 -49987
-74755 15445
30180 -70317
25826 13877
-59831 93841
24892 97722
-13554 79672
-10511 -48360
-83322 -96893
74709 -61358
10614 -91932
76893 -67357
-57720 71834
42506 22173
-38563 -58320
-56288 -7298
33239 -82096
56536 -31861
-29052 30429
75638 -20043
-80114 29768
-40836 11001
-18371 96245
-42243 -8644
-35695 -44787
26962 39264
-86513 -57676
43429 -36104
10212 -10441
-35951 -27166
30559 977
11544 -45003
61831 -42959
-91372 -13736
-14948 -38793
20939 60025
77411 -10343
-16241 35335
48681 -20522
81187 -20739
47617 73185
16150 42082
47672 76682
-69326 -20393
-859 97244
-37772 -93684
40045 96693
43778 -59146
93291 20721
59719 5826
-24677 -23620
-37307 -36438
-51819 -74410
50364 -41932
-11010 -89541
-57708 86531
-51142 2510
14461 26394
40057 67630
-43947 25777
66889 65673
65328 -49382
-18085 66988
-85652 9202
-62383 -20606
77046 24333
-31676 76372
-10385 74951
-61375 -56419
-68323 73907
46487 -48621
59819 90875
-31241 65380
-72561 -85343
-48613 -54524
93525 72963
-51180 -77967
73902 -17120
-86499 98795
-17010 -14493
-71558 -21472
18492 -9928
4096 36104
8018 84092
20791 -82740
62259 -77694
-76747 8315
-44275 49592
90128 71419
-68964 31827
-63682 -44341
-44914 13915
-4364 -24729
24859 -71503
17972 -22038
98382 88634
75546 -12378
-59100 64397
-60564 -22930
22473 -44187
-37495 -35608
24961 4340
19523 43022
-39448 -36999
-19762 -2274
-83718 44244
-96448 64001
40343 -69131
29004 36216
-31497 76307
45438 -17799
-75400 -77585
-3665 35382
-13581 82732
90066 98847
-65461 33884
-94401 -7405
59824 93520
-59418 79108
-47804 -93851
89464 52663
-9609 -88411
40091 -7618
-36167 88482
9025 -9901
90380 34672
92220 84115
-72326 38916
-89343 -15393
-15049 -19941
-14630 -47740
-49510 -2176
-28673 -5613
9195 -33175
-34925 -69825
-99796 34175
41552 49026
11242 -68310
37684 -11211
-76901 66298
56318 -19703
60917 51285
55785 71566
1716 23618
12680 -97682
47367 28595
-68986 53300
30286 -63065
68402 73564
26036 -27305
-24317 -58613
23579 -61720
15814 -12533
-26781 83572
8987 47156
-58467 -44251
-242 56323
79469 -3815
29561 -66207
72469 -29429
-39157 -5554
17258 72223
8191 -41251
74945 -38189
-68116 -74234
-4985 21949
-70371 -94240
45688 -6891
-51227 13217
-16309 10181
-63931 -85557
51895 88827
-43655 11369
43824 -61317
-55891 -10203
82137 -29008
-731 40738
-83440 -21824
-9329 21667
309 -66113
-74173 20107
-60588 44736
-79925 -74855
-11306 -60829
49777 -62062
-22691 -23002
-44615 84062
67458 54018
76670 31792
-85856 11181
36588 86500
-36526 -48777
-7557 -65440
-39095 43920
-45685 99892
77700 -94215
77602 -16896
-63363 -51603
56956 -65689
71233 81239
-21903 32194
-72316 -38447
75537 4944
-93723 -75932
-53097 -18195
-5190 94841
-71263 49151
-84410 75405
97261 99078
-88871 46677
-72938 85981
48764 -4583
-99873 -15992
88044 -40055
89608 -44979
-13758 -27608
61435 -83132
-14832 36723
-64205 22748
70772 -43732
-59291 93278
-17293 -96954
-99754 -84826
-1825 -17222
-39729 -48416
22023 54459
41157 -44730
-50732 -21916
-17594 -35437
29277 49113
3529 -34043
-37292 14991
70635 -82416
-29208 -7755
-83985 11625
-86031 -28660
24164 13247
-10994 -6643
78253 -74724
19357 -54908
5312 -83072
33132 -49701
-19555 -91194
27679 -67378
-9123 2937
-72620 -80836
36756 -66305
-36410 -80481
15742 -10153
-23839 92954
-66569 -53352
84648 -54390
90304 29669
92012 27326
12196 6220
-3389 71669
86956 59256
87386 29156
50770 30055
26931 -8195
-77295 -7
-82395 15923
-72558 -1872
-17038 45291
80860 -44708
60210 80546
74633 -40011
-1252 -84535
-54013 68078
96117 19453
61445 -70649
15667 -12121
-97090 27487
81031 -12837
42265 -76055
55447 3047
-85487 51819
-93096 43612
47518 56723
-6122 -25754
84085 96556
24019 52420
-6761 -65278
34045 -1304
91131 -86869
-33286 -29825
33614 56072
27444 -67093
-50540 -23024
-63148 19511
-19275 81378
-50040 -34480
-10192 74872
-61755 93469
-3036 -93584
-43388 -23240
16491 -46794
72206 -11930
-526 -6238
6810 68094
-1982 9542
-58248 -41074
-94093 21870
-767 -36171
38558 -75119
-63414 97287
61458 -76743
13731 -40965
25574 -80513
14542 -57727
62723 72100
52779 3999
-41161 -5904
77047 -54686
-87723 83700
89312 29154
-35049 93596
83745 -84574
-43865 -81064
-77588 -24901
99533 48142
20144 -79499
54901 79703
-10127 -30165
-61025 25481
-18899 -30369
-985 -9701
-31449 17652
58147 -84307
90889 14472
-56485 -66044
-42974 -39104
-86702 68425
78081 -33673
-79640 88656
-52003 22287
10701 42522
29356 86119
-40554 -19549
58579 93384
-15820 94362
-77898 -66953
97283 48999
18785 44933
90050 35459
27257 -24185
37009 47489
39503 -10615
65538 38196
37491 -620
47036 -57761
-58615 54666
99404 -16375
-56296 20756
44953 -71934
67598 -82539
91643 -7445
16596 53308
-99141 54598
-44041 58283
88726 -23467
534 -41881
-47939 -4737
-67674 56300
99864 95154
95746 -81164
92841 -84483
35040 -66946
37049 -96274
39541 28833
22715 -13065
87735 -18434
-57513 97440
-4000 30059
-56949 16467
12629 -71650
1470 -83782
94917 92860
12941 95121
29775 -53138
70457 -99381
45012 50946
-2174 -87487
63439 -37149
77972 85179
-27981 -66535
60996 -52591
17145 77989
-32727 2330
50622 -72467
69777 20123
-12962 81092
-25870 91031
-40556 -91418
-339 74551
80068 87940
73354 92925
21952 83490
97459 85190
-43485 -65118
3239 -80134
-69474 -1249
-94667 -52570
45633 -53020
-50597 73930
-44301 55913
-40208 39463
22918 68826
-44163 47713
14332 -55591
24466 20843
99687 47901
-60807 -2221
-62813 7103
95877 74417
83255 -65440
-9068 26284
-71420 -24380
-4359 -65689
-84774 67104
-29566 65786
83570 -34731
-56182 31832
-83155 -59963
-68423 78775
-29656 43871
82685 28980
-13336 -39251
-81601 86330
-66478 -45032
47816 -33613
-64036 54706
31412 -16116
12687 26455
-30971 -43821
-3865 -27255
-35369 51700
-96535 86990
59215 69563
-82686 40409
43988 -18525
-89343 92973
-86703 35171
-25004 4116
-8423 -65183
67828 -29774
-47784 37700
-26250 50297
69556 -11849
-33846 82382
-51738 11103
-47656 39876
45813 -21177
-92936 -91316
64556 83450
-8601 41127
-86111 -5726
-75222 -74856
-90559 -68933
29432 -86802
78297 448
-95751 -38091
57581 -35216
-72654 858
61519 -43269
66626 81887
-68296 -27230
5420 66915
-82639 81997
59104 -98602
39488 47737
-87089 96358
74872 -34667
84762 57847
-63449 44589
-47342 91773
41277 -50993
-44267 -20957
89611 41414
7777 -88667
-92702 -71073
-44085 -55092
-59667 23425
21058 49087
30899 -39371
-48649 -41070
-81768 31358
62942 49594
-55418 51304
2484 -72340
63774 31092
-29980 -1863
-41276 35842
-66849 99441
-44162 -11481
-78572 40032
96849 42757
21202 21682
65415 -91852
-2495 92179
92093 -39475
18940 80563
17272 8141
61598 -13056
-16737 67131
-67572 57553
20601 52886
-17339 -51407
80684 99280
-85886 -13979
-13612 40136
-60688 48579
33398 -64723
-35905 -41069
-61115 34546
-57802 59040
-24283 -96365
-43261 10568
21404 66995
-44707 78855
86964 -10107
-25851 81945
-43402 -43007
77952 53887
54555 7463
-34468 76423
71372 -82498
37468 91998
69142 39603
65159 -92747
-42328 96657
52162 -24520
42113 87726
-64626 58200
-36574 40130
83075 89478
-79722 -34435
69874 93527
-22868 -39674
27771 56820
-64990 -13870
-13310 -2540
-92233 -34757
-44712 87835
35071 34326
-54528 80182
-39104 -78151
-73073 65512
-84365 31871
-10737 -23163
-78686 -1953
41501 78649
57754 19205
-5430 -71993
-30157 93885
41986 -38295
34975 41451
52616 4802
-36590 71838
39133 -75340
-18057 81878
34385 -7729
23769 90604
36255 67940
51695 3475
84548 68765
49855 77141
-8454 54081
60220 -47969
-29912 -73171
74361 -27294
-49749 48447
-89858 4043
77415 19933
-59573 -38496
-32467 30771
44045 -45419
23678 40738
60144 -83094
-15848 79048
45125 -69246
78083 -5794
23638 83554
-18601 -60582
39149 -27541
9154 90725
49427 40604
89771 -63459
44477 97370
6478 69066
61912 -45238
-51212 -74871
21028 45913
8484 64843
43042 51490
-95746 43578
99267 -65808
-30682 67424
-20232 -35660
45464 5405
71440 76922
42078 -63902
-84386 -39082
67141 60741
-45004 -28990
69509 -78290
-9639 26064
-97665 73361
-86424 -25230
-66935 64959
-50463 50403
-40006 94325
-42644 36317
-11177 39755
-78869 -98173
-79937 -8043
97712 -59680
44079 51828
76249 -82246
39828 -40597
33603 -25847
31112 -65730
66389 13560
-5253 35211
40503 -34936
-7623 64112
-65206 -86626
-21982 -64850
8646 2872
8078 -88267
8289 -75852
-29518 38697
89012 86337
55357 77779
84318 -33817
16906 99292
-89767 -6723
-6369 -83474
-40703 -86024
-18334 -99327
51486 -79232
12927 -80434
67613 -22190
11676 -58229
66097 -76858
8265 69802
38435 47695
78770 75482
2111 60556
-60148 -68355
-51752 6778
-92277 6506
46689 -49360
81956 -98070
-81644 58413
-45281 83583
89913 -12730
-96191 20944
21401 -87259
62131 -4348
68824 -32468
-66363 73262
-18477 21589
-57980 -74284
96462 59779
49399 -33196
-42258 94700
89575 45399
-85485 -74056
66794 -11194
-9576 -51733
-48723 2686
-98405 -80033
-85803 -30271
46923 -15873
97626 20305
-96957 95020
69524 -55317
-79519 54589
790 -81924
-74436 88679
-85126 -30037
63634 93440
39571 78130
39187 6333
38831 -81159
-40529 -72323
59057 99007
-64386 -46043
60912 59132
69776 50382
-52600 -83897
-42636 5748
13053 78605
-88091 72221
48185 65253
-60501 86221
-6816 63069
35288 23920
-6210 -53766
20979 57405
-78478 -95749
15099 -34833
-14647 46687
-30449 50387
75861 70530
27165 54206
97167 -60934
25102 69518
-32528 5688
26010 14925
59507 -22138
-6815 -26953
-14398 -89426
-65074 -20301
-80495 -55721
-28160 94357
-92064 -13176
33926 84398
-25903 43523
20091 -15092
33778 -93423
10788 -42947
-2849 -81582
95930 -11767
14327 -5883
39227 72015
-92315 -37662
55805 -41219
3589 -75661
-67928 30101
-26325 46337
26235 70696
69391 2343
-46489 83364
-52587 -97860
96273 -59889
74043 -21739
-66034 -30012
-97522 47714
-31811 -76493
10782 -70152
-86964 7109
38253 65354
-28988 46239
18481 -62170
53655 9398
-164 -86235
84364 63336
-55243 18417
-85096 63131
86754 -50599
-92047 -70142
44764 40670
-84328 -94779
-6829 2409
-72818 3218
43690 -42041
20602 49569
61774 94544
30914 41587
83059 78533
-79031 34137
10134 -99234
-21204 -79650
-51922 -2472
-47717 -87081
2933 -13418
82856 -50441
18553 -47152
-30139 -29969
6596 24172
-81862 -62148
-86355 -91359
-33895 -84357
88605 3531
50414 -43691
97797 26635
11720 -40545
58374 -70971
-81400 -70594
-88317 -21942
-78473 46294
-48641 12356
-28952 -76282
24678 -24284
67055 40853
-23000 56806
-16228 76452
-9134 5928
7519 -61908
-76543 49352
57464 54877
-20461 -66177
-21361 48688
-2836 40326
-21041 -76703
-54205 -77874
56000 96303
38050 12331
7835 -71553
-5610 -29610
-27691 -53796
-53194 59285
-97337 -70811
31894 -89050
-30734 -1416
-9848 -53846
87223 96404
-49490 78031
-28307 -58140
61194 -1821
88023 -61528
-76786 -59158
57302 63576
-68004 -99418
67752 84662
-66716 21867
-15617 -2749
-39556 3756
1350 11678
-39449 -6381
14151 -58412
-1991 -94783
88754 -62509
44919 57376
31770 40265
-36603 -26778
88230 62046
-20012 -97659
-59353 79480
-26158 4147
-27846 41833
-71819 -25212
40189 12368
-10696 -89900
-17141 -40471
-80711 19588
44012 -97068
-77995 99315
-66726 32069
-57807 -33986
51336 4078
55133 -47548
43588 -56865
44932 88164
-47551 -32787
-66493 -74230
78785 -57778
70222 -50348
-99273 3707
12827 -47141
13297 -93979
-81971 -69728
61677 51317
-54850 95369
77742 -69784
-627 12350
-61393 -17322
43590 83995
25792 87865
-48006 79810
-14167 -75256
-61186 -78463
43376 64601
-82707 -29333
-37935 -82979
-42639 10159
43058 95333
67545 90379
15264 28977
89720 -45541
34704 -34023
-61018 -96053
-91139 -81598
-63615 80193
56247 -22925
-19459 53600
66227 46865
-31631 -34579
23140 -7206
-66958 60159
-25859 -21095
93785 21145
-62042 93954
-73705 -25175
51964 24871
-96116 88035
-15326 -16413
-84329 50745
-94170 20271
-48766 -16883
38668 -36105
-57759 -67542
27553 12564
-9485 77194
7899 -12684
-34421 93556
-84072 81808
21776 -49362
502 -67628
-63996 -1940
-62674 51896
-66689 26140
17879 80881
-31282 -83759
-92072 3397
-56600 -48663
-68585 -2097
-59735 5138
-48937 -63420
-48442 -65912
-34368 -95285
-10170 53287
-71907 -75683
66995 -99008
56943 -75800
71749 -69164
43560 21637
-71292 78485
-85064 40165
-77206 38694
74628 98240
71219 -34041
-9877 -16106
61674 -16236
21754 -53498
-58240 89407
-81826 -90456
-26229 -36401
-62640 -71584
-89264 48290
79106 47269
3241 -28642
96387 -99094
86937 48869
80402 4773
-2475 90965
-92003 94442
75905 -51614
-57721 8736
2480 -38984
64994 21842
39635 45858
68426 -42254
31791 62612
-69565 -673
-96500 -52147
66022 18041
-71184 -22735
-5897 81397
99038 -25111
67719 -42397
23519 85818
-82372 81785
-75790 -49998
44137 75975
31484 -92043
-6608 -70723
-31482 84488
-87516 -48524
-35592 12575
21017 79991
-35462 1794
13180 25474
-56852 89440
79631 43871
23075 -1145
13601 69505
-61559 -54947
-46378 89815
-28762 87381
81043 5347
8159 32694
68590 -61822
13286 61339
57710 2215
7967 12049
-64643 33111
55611 36619
99034 -50715
16719 -70757
-27277 91020
73764 -7708
-19903 -72673
49571 -16262
-93076 56955
47330 17913
21658 34738
51080 -9721
58647 56010
6001 18716
-58658 80434
-79621 -13252
72467 -93439
-30200 8288
-19913 19146
90969 -6852
78085 82311
65326 31787
32395 89487
56027 49651
25190 38834
-62291 28820
-56402 -27432
22693 -77852
-44720 -49192
-6871 93356
86793 -18443
42382 86675
-12040 44402
-45928 28176
43213 -16082
-39408 67987
74633 81964
15570 89274
76869 57086
-90319 -63320
-44778 84962
54203 5383
24221 73929
40906 82929
94439 71000
54966 -25712
4075 38478
44923 -83663
98496 -97628
61585 -73307
76600 -75201
-68149 22741
69360 5134
22649 -10987
9539 -47136
-96624 45327
80928 7348
79147 70108
-56676 -66680
-81087 65984
-99055 -99703
-97272 -55221
-35288 -1419
91278 -3142
-71753 -82859
-35266 -72631
57849 -48530
37403 -68508
-89787 24624
-70202 96134
-16953 -49772
-62739 -52088
90521 -60725
-21915 43233
-9279 -20035
-69700 43808
-68339 -19907
24442 33749
-69034 -26789
-34070 37666
21945 -34255
85062 62266
32352 7267
-49776 98495
-99478 -82991
-10705 64142
84338 82938
19301 -49736
82277 61396
14058 -41041
-42418 16956
62977 -63800
57578 -88284
58866 -11276
12346 73409
64520 -63989
-66366 20992
9440 -78682
-48237 8214
97550 -94226
7661 -5234
62519 -10715
77430 -68503
-93784 47483
-13283 34566
74635 -80885
49896 87412
-64168 42703
-50648 -69045
38992 32945
87493 -51645
28114 -28704
-12509 -13018
12802 17267
84269 62013
13540 49562
-19346 40295
55159 8800
-20081 -93589
26046 -30879
76918 85999
89886 54231
-10397 -30907
19655 79886
-71270 84442
39842 -61755
-67457 -77346
37140 71176
-3634 22629
-82629 -34931
64350 -81505
-60158 -9128
77794 -90456
-31907 -53699
-5203 -24271
-59349 -89706
-91685 -31381
25752 33445
-7558 53431
30353 51275
-39806 -73604
-95277 -68327
-90517 -8536
-55760 -36467
95087 97511
78394 -28108
-1969 -64658
31083 -93163
86204 72143
-10976 -93745
-14226 -48379
17082 61331
-32610 -80705
3713 62789
-48370 -15421
81413 -75228
477 64498
-65087 41138
-61212 -55839
17119 -35186
-46146 -35176
1069 -72945
96914 -85766
11673 -53613
69073 43711
-17492 48739
47446 4148
-68619 63425
73812 -24808
59976 59640
-28306 -27406
-17957 -67212
-62702 -48651
-87139 -86312
27713 25016
-78366 -43308
18354 33935
-18967 -41068
33844 94811
7597 85741
96241 89312
-46118 -24407
-74570 43768
-5325 66355
-26183 -29975
91663 19790
33314 56687
71081 -52531
-36312 -44790
66223 -88133
74266 -27123
-54228 66337
10613 -1562
78389 -335
-93897 -69443
-92965 84158
-35425 -19771
-36369 45638
97119 -3377
-83287 58088
22252 -99869
19934 73867
-44300 -96847
65840 -18852
-81561 9938
-53105 -38406
-91639 60435
-52388 -49997
89314 54671
93391 90562
54445 10198
-91439 31138
-70203 -34228
-14904 7848
-7839 -24493
-75808 -74557
-59396 -24881
-74978 -78560
15743 57450
98256 -68336
-4654 -15711
-71827 80852
169 -80060
-82702 34382
46056 1112
-54281 -30112
5143 -93262
-16774 -8887
77149 3474
-33465 -69621
-37085 -9887
-2397 69498
-96576 91088
-1821 98638
-46470 49855
-4004 -73288
68876 20836
5803 29870
48459 -95489
28329 82199
-43578 -42405
-24903 33973
-14353 -24321
-82363 -80142
96597 55503
-86410 89802
93871 -86397
10168 3558
5239 67082
1607 91250
40131 11921
-23388 -51386
-27271 6540
-2956 -16071
-4215 -95363
-19530 96768
-25354 53848
46556 76515
-74407 -25198
-3992 -5673
-94827 -40491
45061 -8456
54131 -19399
15264 -88371
52915 -41021
-42556 -4568
80770 -48848
-1298 -67002
20014 86239
-29559 -41338
28369 -87428
23390 -58585
16341 85653
21299 -63180
74685 -34820
82879 61096
52197 -61529
12750 21907
42926 77333
65280 -50843
3931 22608
-25805 -16267
-81809 31401
70255 -17334
-8896 15762
-36448 -63274
-67515 -97684
-58148 56216
-36244 70716
10893 22604
3586 96296
-36039 -79138
42996 33643
68983 -47327
-50739 -66743
-52794 43732
78066 -23074
25899 -23210
-25742 24382
10684 30578
68984 -30868
56896 66536
-28753 -29793
-49318 -74488
42077 78907
-59326 48029
-48060 -49532
70440 98030
41312 97373
1809 72680
-30522 -22116
-58586 -51325
14908 -17126
87632 -27669
-63123 -65761
18390 74955
19255 -42916
-60323 -93347
8151 82006
95935 21903
6496 -79699
37448 20729
11057 21711
-28610 89671
-63618 38550
-66070 22938
-14756 -23111
48941 21969
68256 36863
58482 54820
55605 -53276
77593 83899
-55555 -68134
37024 -25151
36023 34257
-85354 95343
6679 87895
-80283 -13372
-91072 -16028
-24474 5484
28203 1939
89026 -27534
-13777 -34202
-12368 -19560
97075 62527
-93089 99899
61925 81616
85993 62393
52992 14612
13600 -81859
55086 -90115
99136 -28247
-37084 93288
-75487 -33184
27403 65570
-97080 -19389
52898 14706
31341 -97915
30683 -78126
8488 -22094
77651 -99279
27262 91668
7329 56516
-69095 42024
19060 84555
-38859 -62686
-46550 59680
-74453 28252
15699 93553
42431 63896
230 88389
86940 -25092
85796 48942
14189 -92610
-4684 59469
96246 7142
-26362 -82288
-29513 -55945
91578 18010
-76496 7083
-14471 -96130
78262 -55489
90834 34133
-46552 -40054
50058 98970
9635 61338
-38297 -98194
-74282 -19556
-83351 -20984
-24042 75934
-88733 -74931
65416 56213
79095 73940
18893 -1888
-3429 61797
54620 -92064
-12505 54555
73069 92410
-25510 34312
-77055 -40115
45959 82697
15643 42106
-72762 75631
-21430 -36322
-88866 4404
-75634 -64032
14915 -39921
-33987 68416
-5533 3458
-61265 -33140
10313 42064
97551 -3198
36169 98658
58366 -64199
29510 45647
21050 30118
78276 -64876
15424 -65183
-53162 60650
223 91746
-54334 87546
45187 22374
-14288 1539
-20869 -50170
-99422 58860
-80621 -81928
-21169 45448
-49465 -79672
-64697 -28378
69710 5984
9563 -31886
-89132 -32043
-29999 -6628
-63733 -60255
-75559 -39170
97935 76282
44616 -21030
-29710 74271
14617 -12178
73193 776
44512 77753
10441 -66435
-24814 50479
-33921 -99819
-79651 5516
-7209 28634
-70002 8892
-31042 -27536
79648 -43414
-92865 29313
9981 -62789
-9069 20169
41166 67085
12290 -90512
79785 16432
96411 21557
-12370 -57353
14053 -65465
23356 90403
66325 45637
-94032 -85049
82905 -9128
30340 -91003
-98409 88397
-76582 -79841
-76614 70595
-32666 -8591
70020 -46531
-90553 38231
-63858 -90160
-38410 -565
-68699 60962
18937 41911
-75199 18209
-1888 -49759
-27967 9166
91343 -96873
12991 -4908
31357 -40724
-36732 64016
66303 72876
-57464 -95560
24942 -24112
-38496 75055
-6188 23882
-43025 -69258
-62188 -81101
17740 94548
-52697 -32792
-24145 -7049
-4941 61200
76836 -53828
-87906 -28223
-99845 -9354
-99669 40031
87391 91390
-62962 -80077
-74970 31572
-29949 -68409
-706 68550
44200 -4918
-50839 31944
-17365 -85986
23755 -2555
-78547 -95078
82796 61491
-40573 -64460
-52311 -37974
-27331 -36544
64608 57476
40778 93144
9023 -50690
-2713 -49358
-30640 -69309
55632 70887
32234 -17781
-69803 46589
-3351 -89598
-21548 -27258
22254 -4972
-22140 -54058
-77922 -15579
84058 95948
97624 -58452
-44097 -78525
17773 -24160
5678 -89169
-30355 62893
71698 -99892
-21598 -97019
-79237 39756
28521 -77101
57184 -46715
84270 -56528
65728 -87625
88573 -46036
14469 -25908
96551 -94096
-46029 50495
-52834 -84168
-73438 58503
-93395 -53593
24874 -4118
55562 58452
26408 -96139
-91281 2502
22027 -89866
2255 -42979
-90141 19426
70935 -66158
-96431 -5573
22235 -63925
-47723 -13970
11665 -12414
-51310 -66224
-99339 -32468
-27461 61358
-91244 18361
-39251 17654
17400 71527
-29648 -95458
27483 21860
96300 -29693
54914 -26938
-88729 -311
-4733 -97190
90152 47295
69580 42825
-60164 -48540
-50870 -37900
-6166 -95565
-910 -60568
-61841 85783
-552 46858
-27404 -495
-65243 -35610
86132 77661
12046 31731
-18602 -73876
63861 25993
-55711 -41954
52672 54153
78258 -72292
54682 -86225
61541 -73957
-7716 -48782
69929 2598
25207 92695
46317 45778
-6307 -33266
-96604 59667
-5180 -11564
-70727 -33452
51010 9608
75728 -95999
47910 -98206
-78778 -38088
-84532 -69127
24728 -56605
-13915 -2060
-40369 24152
52126 3032
-15440 -24415
-76298 -36563
-2252 -36987
66410 24489
74304 27920
-65267 -38677
26489 82285
4223 8582
-57329 -3394
-15463 -27066
85047 -13190
60246 -5669
82652 -51465
69130 81
91305 90918
41339 20728
-94361 39670
-67654 -89096
66692 -70115
76965 34639
78455 76762
87973 92429
-11831 39456
-99154 -21262
-46740 89277
-62375 -56842
40382 6041
-30188 90103
26481 -33105
-79371 61496
-48199 7083
5637 -18596
-25965 -908
-22179 87808
71112 -28275
-54780 -47340
-82312 -56301
-54096 -89808
6439 -23386
3216 27700
-7339 29270
-70998 56284
5338 -71115
-2603 -9289
84053 58245
7041 38942
56657 -60447
-72482 -63260
3561 48378
-46036 -76484
75106 -74941
-27503 19823
-81554 75732
59376 -22523
52005 91963
32445 -16074
-73338 56050
-51386 92245
31770 -55216
53068 28340
47633 -49525
-52184 49809
92314 -79094
9397 46390
-2355 -44304
10374 28934
91438 -49976
-261 22056
68402 37257
23436 1967
-69593 -96619
-148 51737
-45013 -11484
75276 -16397
1957 -23273
89456 71689
-32378 37710
11173 -86036
-36652 -84214
-9235 -37662
-20239 -13420
23992 16070
262 40527
-74161 70993
-7244 -8877
60380 11696
-72051 -42074
-26617 56210
-36160 -33891
-135 71036
-86414 42372
-43326 -45550
-13178 609
48649 -75086
43203 -48666
69274 27480
41577 -32700
86445 42672
-87490 -3307
-68158 6444
51575 71831
50907 54626
93010 -5295
80613 -92915
-86625 5235
-3193 -7334
54517 -95698
-69686 58242
-23687 -33253
-13058 89437
-35868 -20131
99186 51699
-39245 -14567
-73951 -31826
-38351 -48409
-4279 -73912
-45522 -77005
-64637 -28922
-77240 63229
-53062 -43522
69577 -52145
-18768 6492
74793 9636
70593 60248
92409 2092
26715 46133
-72100 34878
85440 27894
-13493 -13747
-31231 81869
-39601 -52098
68235 53008
68934 -18504
1003 78453
6018 38471
5799 13144
-84401 55725
34172 -11502
-98955 51706
-19911 88812
-2564 217
32071 35813
-85387 33
34131 -60348
-95888 95886
-22579 -27174
-70951 45682
16379 -88449
85752 74299
23956 4248
61562 -34382
-3714 70379
33486 -35625
-61411 -18685
82547 -66446
-98553 -84124
67111 19187
-14848 83343
-30328 -91375
-96046 -68103
86230 -50835
33494 22507
-85348 -9206
8439 -71409
70436 87474
77451 48048
26913 -90675
-77887 1351
4252 -12343
89519 28780
95516 -73452
-42837 -56067
-86010 68206
-73522 -54883
54491 78470
-9495 -53199
-13727 57639
-50229 -98035
31341 5323
22505 67941
-50867 39199
78179 -40598
26801 73240
83083 -49929
-55302 7913
16671 19904
-53569 44963
-51077 8846
-85466 17871
-23749 -16762
-58519 51358
-94529 67170
-97744 19753
33657 -12318
50758 -88519
3119 -57354
-94192 -31679
72881 -91152
20770 -35144
-35930 -93609
92535 -31970
27142 -10757
77039 69863
-49564 -71697
89208 -723
-11764 -96621
99948 40048
88468 -53971
40200 -39840
42085 50739
-23829 33464
26585 -55068
-28765 23396
92764 68867
28993 -37232
-67069 -63657
71569 27844
87123 86827
-21664 8851
-15023 63105
45486 -72817
10296 16531
-13694 14881
-81948 -56101
92460 -15718
40635 60854
-52256 -70907
-10788 62951
9896 -92282
66596 -97620
98026 25454
-7605 8112
-55691 -1322
-84790 90555
25655 -98893
1084 40839
-80974 59579
61168 -368
-51726 69012
2712 58668
-49609 -81426
58583 -12601
49435 -83487
-96526 -72731
-63762 -6738
-5673 56502
78001 12173
39972 -28607
7302 72774
50 -99524
36163 99533
-45201 59718
-41487 -42641
-89988 -82885
-62750 1198
-4048 22935
-36669 -77118
-90555 53007
-31944 -38632
-81991 77846
-60322 -54246
-91298 82239
84960 -58792
62130 -2514
-4838 35500
70127 -68461
-42725 7695
-59422 74643
-68603 33643
56946 -99719
10772 80587
545 96988
-75307 -48681
88072 84931
-48407 37733
47479 -74927
-18304 -8522
50119 33308
78663 23165
-27167 32296
98943 -37654
-45084 40530
-33859 -84470
-15887 49291
20381 -69172
31039 71680
-18654 2348
-51813 -5245
36549 -91866
-85227 -62929
20362 12374
78280 -74688
11464 -25572
41358 58142
15718 9024
-95678 99848
27154 65757
-56156 -37603
58133 -67537
98002 -51330
10555 29639
-45910 -10166
-79573 -27164
65659 28999
30435 -25404
-50206 61477
-53560 -39979
-21766 -27365
-82530 92838
26621 38663
84030 -48922
89516 -31018
37657 -75505
-7066 87552
-19531 -83518
-69700 94800
-97215 47516
6549 72924
54704 -91345
-12023 63693
84188 795
47425 -2299
36536 58277
56387 71669
-39513 -71167
56029 74322
8267 -84186
88591 -52589
97271 66686
-4676 -22171
67230 86332
90119 -67397
79625 90090
15748 69453
98459 37221
-15419 18064
-13820 -11946
-1813 -76850
-17234 -50532
40210 -66282
18814 -40851
22180 -8966
-25203 25723
-66968 -62588
-75961 13668
4132 -24144
-27720 96496
-66353 -19117
71090 52115
-20589 11460
82504 21158
-74570 -2130
-72751 -1197
3070 -36311
-59505 -85548
-41750 -54200
-56588 74787
-91664 71642
1031 -27747
-66640 -94030
-79151 89482
-28238 -77700
92635 34022
35928 -70433
-50943 63142
92217 82426
25634 -31779
60544 -75652
-99585 -87937
51816 -85933
21517 -14693
-61811 -69977
60056 30603
43928 52894
-15993 -59516
80307 -37503
52055 -82158
-79942 85115
-18952 50508
84216 -56068
-60928 -97854
-25524 -30875
58858 -33662
21158 -21581
54755 91149
82633 32605
45096 656
57322 -87417
-50269 -39296
66133 -2646
-68179 -35164
48568 -90688
-68252 -65440
76685 -27752
-62143 98297
-16858 53203
49892 60861
-99991 15004
71995 -81980
-89243 12394
69828 -51497
-77668 16235
58668 -1376
8084 -57194
-54599 85911
-17030 30851
64045 1062
70456 -39591
59623 -77750
-88817 -15203
-54753 24516
-15622 66569
-44634 27577
-92201 -65689
-62713 83900
-91811 -25552
37653 29489
82982 -30930
72268 35321
-46967 33555
18571 -95127
71541 88469
27907 -31986
-15421 26681
18083 -58156
-45784 -70757
-9855 -63106
92012 -72303
-99929 -4248
4037 87061
-59087 39844
59923 -27027
47941 -10814
-48602 63848
43516 46746
-15172 -59073
31244 -47316
-11110 60499
-74204 36196
-61800 -32791
-40816 -32763
-37289 -22251
39116 73070
-68756 59369
-99297 43811
-31784 -99689
3778 -23432
48060 -96883
7143 47072
72799 79407
93262 12614
-67559 44292
37100 -12880
57693 89582
54364 82135
53978 -99539
-8660 -3398
-25732 -15951
-2176 -60941
78341 76619
3715 -14161
-3448 -45123
23802 71326
56300 -55809
-77219 -17653
-68985 28815
98023 52219
-76673 87620
74472 -42004
-99576 92122
-87051 69768
-62571 53042
-90416 -32982
12378 -10996
-68478 -83618
-554 69956
30833 -89440
-87509 -6295
-82886 -16643
39419 95380
-92014 -52604
-8802 80577
-61640 -98847
6472 79093
-36573 -10324
-6559 -51551
51706 98892
84852 -96076
30347 9701
79600 3355
22517 -35862
-73268 5691
4315 -16436
58318 6675
31085 14639
59465 53031
-20936 47779
15259 41534
-64526 16554
-70135 -78243
-72189 -32962
7703 -75925
10910 23171
79703 591
90679 -8578
-85066 23664
-15441 -79193
-59071 98001
-98896 -61028
-90380 32094
97564 28618
-32948 -76134
-96573 -57911
-36570 -26153
46501 -68908
46831 45583
80452 -45610
-36709 86235
-92718 47396
-15816 79542
-23831 -38134
59184 97357
43539 7483
65835 -88810
40563 -37218
-56575 -19948
69523 45365
55636 -9193
96090 -92542
-76331 52276
67699 16378
-31686 99912
37376 41648
73750 6740
-88026 54757
-7032 34712
3329 -38683
-84052 63346
-42128 -8638
28327 79598
76426 -11835
93701 -24464
1016 69640
85726 -57912
55033 -38564
84668 -17696
-68340 64417
-45351 -47121
8262 -18231
65813 68817
19004 -4509
46115 55744
-49699 18217
-17193 15628
-20802 44884
27003 -65871
92108 47861
-56161 63887
-54497 -47258
-80771 75902
-83032 -97965
14302 -32719
48090 56544
-2318 -55027
-4759 -80946
-5993 -80587
-2330 -40114
-21250 -51102
69968 89465
15666 83875
76832 -79883
29981 41914
-30488 8869
2692 2763
-12100 -69751
-25835 -81502
39272 89806
-33940 8397
-48012 79581
-97916 -15438
-61196 47233
-75941 36182
-38102 -16034
23733 88107
-60468 5109
5366 -3504
-69839 -17587
60743 -78097
-40628 24501
41256 -38560
-21873 89642
16153 94755
-95820 2328
55427 -59061
14909 -27262
58361 70455
50933 43119
6508 -29646
83761 -34408
-4157 66287
-21336 -22898
-97625 -7722
-36413 -25435
44031 35636
-41691 75058
52119 -51644
-38404 68947
23513 -80745
24164 -21883
-56744 32830
-34798 66868
91465 23921
-98036 -98441
81374 83250
-93479 -71490
-80491 -44321
-48962 -96480
77201 57557
79284 -34238
-88732 -37867
28968 52904
92776 1852
-4945 59133
-64995 3365
-61494 8130
-12469 24034
-24220 58483
98499 -76712
68864 -24467
41702 -38719
2663 -15729
-99825 -55322
60575 80548
-23041 -295
-61832 97496
78642 -32437
-5080 84993
37103 -30422
-60770 72400
-74806 -4961
74045 5523
-55565 36402
66868 -52291
-94979 81932
-26261 83108
551 -47210
11482 47370
-39 90247
75940 -79025
-31511 -54502
-6765 -64540
-45937 95801
35941 -63899
16836 87389
44239 -54018
35950 17422
77544 99873
87763 -82258
-82925 4769
-75896 -4874
-41004 11959
11256 -71104
-16731 -96597
32908 -91852
15207 61577
1807 -46799
19563 53403
21678 71161
-8284 33014
82909 -88580
-30610 56293
-14570 -90681
-59635 51986
-19029 -6844
-2630 64441
-28271 -81229
4778 -61918
-61741 24156
-8169 20088
60463 -17729
-89643 31136
-22138 -83505
90506 9928
-49245 98586
85455 -21986
-74833 -81970
-42683 47673
23907 70292
13221 -14090
-72499 44856
59337 -37947
92348 62837
-11265 -41616
53801 81149
2998 5801
71270 47287
46524 83710
-21980 46376
-17426 66262
-70158 -32347
46546 -86896
69119 83131
96276 49832
88609 -45656
55107 42589
-64379 47986
-53418 -16503
-34183 -75205
30165 40083
-82202 -9384
-96111 42359
21977 20894
-93300 -74242
-16833 33632
-86025 -3416
99088 53600
92089 92783
39816 -31374
-23249 -81777
38752 59950
-74761 -13393
-23217 -7316
-52808 38252
-33695 -25862
75238 -98489
24582 53669
-18385 32107
-42926 -92030
-36175 77321
5510 28110
-92634 78175
43150 89979
-16025 -44218
13710 -64760
91274 -19647
8475 35480
-47150 -25024
61986 -45816
-75319 -75587
-20786 33431
29187 58240
-1919 74672
49773 76781
-21619 17877
-79481 -59244
85058 -46897
69152 -60897
-35245 -67142
-26038 67952
20488 45923
-37669 95926
53207 -71832
89830 8857
51181 -93939
-9591 -35644
90063 -43570
29288 -94060
77259 -37820
64480 -61664
-11395 20675
-35809 78600
-13380 19844
-26104 -35436
-6757 -1094
-98363 -16021
9084 -81010
47110 -22097
-68230 -34658
91100 42493
-77792 88427
91843 -53403
-63630 15877
-37528 -10123
25267 55072
-9913 91349
3483 -21496
36693 60653
70343 81860
81872 -94380
76316 9081
-35883 60936
78114 -75102
-80500 -81422
74937 -16537
-5529 62522
-68993 15417
-66711 74561
26233 -14006
-66011 18933
28829 -14983
-44755 -525
-8727 11393
59133 870
38388 60357
12079 72416
-62221 80788
-54862 62134
-1749 34874
97421 -81572
7930 31599
97636 12838
-35455 26252
81654 91150
-16284 -410
96494 35126
90196 73576
54764 -35511
-17624 -39453
88187 51173
12032 -77231
99428 -41839
59613 -37637
71369 78139
-43268 -24005
20705 98185
-66021 65153
-35673 -85508
82252 29082
42897 -85432
-47213 -59203
-66065 -66708
-56877 79016
-42702 -55420
25588 19132
-55428 -9363
55160 -23579
90687 410
2802 57562
-9712 51049
4102 -10659
-53412 -51235
20999 36356
-67108 64421
53776 -35483
-79582 23616
-3678 10654
-41835 76461
-14156 82471
-44776 98
40368 -85348
-97026 -17209
6758 31683
-83399 93565
46096 57742
98210 -6874
30619 72039
-95509 -43299
-7678 56643
-29923 46982
-45462 -18479
-7118 56003
-7026 -18745
11001 -43239
-50393 -49061
-3794 -18698
-49794 63180
-11328 -91921
51251 -62107
8055 34376
-67652 34418
9645 -55811
-33285 -22562
-99196 -16480
29513 -81288
94243 46764
-5707 66488
15885 8570
-62739 14290
-88943 -80201
-17575 71182
-88560 -50826
-60187 11603
22676 -24725
-29677 -49603
-74666 -97753
48771 93846
12270 63044
9352 40592
-86197 -7
-80221 -2565
44716 -89849
-21468 8473
45355 4159
67413 45267
-5445 57482
-71350 40546
-86112 -49764
87812 60513
27605 -6396
-98006 -23661
52637 70363
-33378 -80707
-71279 58526
-86848 19718
24311 81862
-37084 -75749
-38132 -18647
55013 53820
-9991 20499
44543 -81656
-59910 -73327
-94393 -32833
18994 -14080
78060 -27506
-85456 32284
-80381 57779
36330 81744
-85787 -47149
-86443 33045
-97715 66709
18587 -2666
-77789 -58148
28598 -26665
34656 -47778
-8110 -72100
-96756 -36203
-5987 45446
-6806 -1318
66192 -18879
-420 90085
41145 -1728
79106 -95252
-88280 65167
-61951 65670
75779 -78271
34965 65444
-13068 47560
-81576 92146
-95050 -25564
-10456 66274
22884 51605
35512 17172
80331 -19893
31133 80023
-80897 49500
83261 47322
-46507 84966
-83873 -82642
69644 -5440
74671 -8260
31602 78405
3938 96484
-38425 -28385
-70209 -59638
-83954 -35344
87185 -71703
44749 -86768
-44616 89243
-75683 62898
-11274 -64709
19799 -85708
68740 -84946
31467 -59329
-60632 42360
61896 -78287
99580 50043
17904 -17234
-89105 -9309
57201 52093
-60969 -96403
48754 -33455
89899 139
-67086 73801
-35605 49111
16619 -30695
3937 65419
-93317 17337
86635 17832
-78490 -21789
58485 45422
16535 43261
-59114 67508
18956 97996
39207 71465
19738 79929
12205 -74300
-19223 27794
37093 -60389
87664 83731
14384 98411
64888 -73892
-46232 78425
-82330 71002
77239 83989
-46847 70887
-92669 -41507
-56046 -89724
30829 -90194
86959 -74566
46897 17037
-68345 39405
21518 48437
64002 59326
40028 46566
-15057 64813
-14057 -18308
-54309 57818
35176 88235
91338 31788
-11189 49869
68427 66942
15303 34674
-67714 -21666
-35967 84626
-75558 5851
-83437 -27529
44787 -92654
61088 -81378
97128 -30751
-88737 94918
92292 -55190
-40358 -71053
-21543 -85896
4379 -82558
-84733 -22136
-44318 -50258
-60288 -20268
8472 -69863
41257 -42402
82884 23584
-88796 -33479
-14580 -62041
-37020 62506
25072 93604
-32351 -74443
71553 1884
52917 -22305
93356 67872
95474 52057
-36521 -25781
40327 49393
-23244 -1118
15125 92310
-76010 -26001
63118 9082
11241 62179
35173 -24976
77940 -65217
-61173 -48890
48081 59324
82058 58875
99210 31177
79320 -62851
76262 3228
-6772 10816
16103 -97460
-55385 34857
-19841 -86750
-69927 4550
-45351 1218
-95188 23553
-47887 45267
-41591 -17984
96081 -22974
9717 91576
-91628 2076
63078 43895
51686 -70695
47195 -16409
88656 -34591
-31326 -8206
-49701 -16960
-52933 2438
72652 -50671
-82992 -38975
-30634 -91783
-44274 -40643
75143 -18986
35696 -4935
4589 69780
7732 -52918
-16514 -92330
20194 -18742
84451 26281
25367 -92450
-73574 -48794
30218 -43507
-87513 -22487
-19018 48976
-64739 97357
-56632 67214
-52738 -90432
-38566 -64106
29482 -62872
59358 -1861
-87761 -62295
-3568 96080
71784 -78648
-18777 42730
6970 88550
-95101 -11786
-21373 90841
-95666 22562
52234 -49407
46396 32293
-72393 53330
-17217 -90413
-36705 -33544
40270 -10513
-48297 88572
-78384 -18505
-7175 -33822
-25806 51953
-1103 -35764
43154 77844
77607 -51767
-21282 54263
-19721 79660
80262 56582
-46332 75240
-50938 23260
91459 35115
89254 -77287
73710 22939
25466 -17502
-20062 80351
39016 4368
-77252 23847
-71079 11918
60848 81512
28895 -71117
73290 -81248
92083 -82367
70668 45362
-54984 -42708
-46882 -39394
46174 6142
24934 82462
-26599 -14421
-39844 32980
3384 75432
-54741 -45430
75835 -77527
78586 -83807
30753 72250
92674 -81153
-87293 7768
-26627 21686
-35508 -37362
-96662 78857
35409 29053
56593 -17690
24931 25868
-77124 -15599
-66931 -71377
73400 24436
16548 45973
95527 -9767
-94785 4125
19947 -40034
15296 -946
15870 58123
34929 50526
22495 -41248
-91288 -52000
-48979 -26018
41765 -85189
-15228 82612
27902 62092
-8931 41358
-58722 -35136
-56060 63843
24822 -78200
-9920 -26414
-97090 48621
-49635 -44154
-81026 47688
-77195 -89406
-28982 -88049
-85424 2232
-72120 75217
-76593 79072
-74267 62586
-68707 -71309
-5530 -51333
86030 -82510
-96743 48151
-99127 -81651
41419 31468
2191 -75775
-12649 -44070
-52428 -91652
89105 70810
5207 27922
-2749 99640
68331 90646
46255 27384
-54133 2778
-96215 92127
-39785 25593
-54149 -32060
85833 -66388
71941 9249
-7889 -64291
-52189 71556
-45238 33838
-62734 -9381
51167 27471
-93332 -52655
46857 -25303
63589 24875
-70039 -19460
42917 49030
98592 -32198
-5388 -82294
33311 34851
32592 21626
-15779 -14582
33052 89777
37711 35894
68138 2363
8693 -4406
-8179 9664
-19523 -33171
-44570 39176
-12321 -34043
-75563 77447
-39545 81108
86470 78953
44489 -96650
26331 -30790
-69351 8733
-42126 34509
98842 -17439
22413 64341
67433 41755
8256 -87318
54167 50297
-71238 63848
54146 -28814
26550 -8035
-47015 82876
17611 83473
-8768 72669
-64206 75085
82624 31373
49514 -5436
-27506 -16855
-89359 52287
19020 63209
31603 -15502
-81204 3642
-63294 91991
-8670 25804
-91496 94666
-14021 63684
-46206 80375
6687 99697
-19543 -86849
-98885 -98133
39764 -14187
-40201 35115
17776 91330
-51166 -73302
4362 -13088
-33296 -364
13001 -63827
63396 45751
19216 67196
51872 -50053
-42047 -23692
-21321 -78421
64075 -4169
-99526 19719
84038 60428
-79377 53226
-61944 -61873
53973 8246
-51073 -96635
38783 4145
-36516 57151
-55567 -42696
-78680 50068
63361 -18981
-78591 -15824
81796 89298
-81205 27987
40488 -25129
40483 82342
-85020 35262
-10666 -41793
-47375 23651
-95292 24448
-18230 -47479
90179 15590
32003 -29700
-49282 -57652
-36011 -31220
-57113 42246
45471 50938
-38090 86049
-45422 -94844
-138 -82137
68151 11327
-11723 -74921
41321 19170
-60109 -98728
-78917 -55270
36512 -13904
7189 -91745
-59182 -11415
-19527 65436
-80836 -27435
47029 -41140
69865 -73092
-27045 -57134
87770 88859
-16551 93744
-24650 -90744
24458 31035
-11821 97886
44893 -69338
76768 31266
25072 -98786
57355 38116
93665 56406
96319 -66321
64468 -54900
80006 -34083
34518 -25731
53721 -341
74906 -99577
21072 -96738
5527 64805
-18277 26075
-76710 72683
97612 96926
90007 48715
-11830 4422
42459 -44584
-88096 -73460
-37707 -31009
4158 89846
30676 26020
62610 37225
-6549 -16704
-4512 -2411
49239 -14269
-38447 90760
14577 59217
-89157 -20883
51398 58686
50729 62771
52899 6422
51459 58661
-62676 -53777
-65901 60418
13234 -86919
-60964 61654
-20558 5911
10038 28385
-84724 65522
-9098 77404
-26077 -95677
74667 30220
28299 90981
-93193 -32424
97915 59399
-97689 -97610
85025 -54360
-25269 61636
32843 48238
60451 -86947
-50460 70113
-17421 -99919
-35840 21302
98466 8785
85749 72792
41614 -27474
23181 -50402
16479 -10705
-77187 35155
-63680 43479
67137 -21919
71497 51681
54976 43818
-20934 23843
-8174 5230
56363 -3289
45231 -58493
32400 -12712
41216 -92584
59603 -39071
43720 49891
19800 77167
-95729 54630
-20459 64459
21789 93429
-3519 50649
-5188 -63209
-93792 -59279
84551 40897
68262 -57002
36234 74677
79364 74176
40985 -54693
83224 72907
-29553 -13622
-27279 -44389
23546 -81584
-79562 -61206
41264 6659
87326 63799
-14592 -33014
36294 -28974
-66896 48274
-23331 -63125
57524 953
-77258 -74435
72496 -35298
61059 -39869
88739 -78499
23521 -44262
-23311 81274
-38266 -17019
-23462 -88217
40524 -24197
23875 -40798
-46507 -80892
-12670 -49952
69292 32445
60887 -36516
-2975 1011
-23474 97506
79279 -10938
-71541 -48162
-71909 55046
-43614 -631
59569 -99069
59648 25559
-35219 -1108
37990 83402
-4780 27945
-4062 -4831
80957 -84657
-65005 23448
-28153 26317
14745 -8800
-91500 -96163
-45962 68213
-4195 60577
-84734 -59727
-20613 98493
29516 -90734
16713 67361
58842 -31582
89243 84180
-85796 93870
48672 53350
18781 -47460
-69565 58034
-29799 62760
-7767 -51212
-15351 -17186
97810 43571
-69432 88050
15156 23341
50471 53030
-51002 -80894
-81630 -85101
-1630 61697
13783 40806
-78006 768
87711 2392
-84277 -11771
-7190 -51226
44257 56922
10964 75045
-31596 -22610
-29532 82352
59788 34865
66891 -64780
-3188 58742
-84455 28573
-17996 -32937
64131 27401
66681 22623
-79182 -69536
80470 33472
-80382 73827
-59611 -54480
-85787 47470
-30350 -68388
45977 46345
72424 12624
-89202 -92735
82238 -18615
16051 -79781
-58576 83492
-70965 -82459
86029 -25994
-21820 40664
-29987 78094
82572 -10573
-18288 53125
73999 79077
97337 -7319
-28117 -65813
-54962 2887
-73274 61444
-36160 57817
45905 63347
46453 47302
-39377 30245
-18818 36717
-27041 55854
9452 22349
-61500 56967
-63394 50605
-89780 -86450
-13802 -2490
64218 90290
94924 -5545
-3637 -48728
53 101
64515 -36735
-80798 74644
-40945 52004
-57260 13437
35043 30574
86747 66550
-90177 -1820
-56755 -25965
-65108 3774
18840 -49343
-40664 -92560
56235 -48620
14410 -48928
-76276 20807
74311 -84373
-30111 12642
81761 -77081
25967 -8827
-12982 28748
37557 82795
18085 97851
59931 -15485
-73684 -880
-27165 -2606
9803 -79333
10410 -72173
50192 -71120
-46723 67253
69495 5178
-78587 5518
81064 26050
-27284 36180
-96428 11836
-40884 84148
-79648 19179
-2223 27358
50028 -42175
-27172 49742
32572 77794
-14979 -35534
3470 49437
98906 21336
-54134 18291
-92432 81647
-46590 51784
1806 20669
-95105 -60131
-9485 -50936
56582 -30678
-94450 73350
-30743 47467
87458 3623
-72370 -1696
-14892 36742
-66402 -43420
-1353 -82717
20161 7420
46579 71756
56246 -3451
-74189 -76027
69620 57396
-71007 79002
-55512 27235
-31483 14555
80370 -1214
19632 -50969
81825 72547
-75016 1054
84680 -7523
-9573 -48468
-72347 -68398
-26971 50905
-42144 28898
11732 -97064
-16334 -71978
51203 91905
24282 -54694
-90999 52288
-9116 17282
-2234 67773
61613 -34418
41649 -61809
11378 3300
14389 -69142
-84695 27336
34103 -5401
-28835 59499
85396 12958
58315 45603
-51004 9927
33238 -26147
-41898 -65890
92896 -33445
-64905 -30392
-26105 74616
-54993 39273
63739 -67173
74286 70379
68359 -93111
-51433 71768
87811 15824
-11853 -72577
-48225 -84291
-75960 13793
49222 -42719
-47778 -20117
-56713 -69106
23902 -22776
42446 -42626
21918 -12802
-83928 93863
-31747 -40364
62342 95787
73629 88744
18502 -90253
-35445 -34776
9293 57179
94434 -51091
-23774 -36859
77984 39292
84981 46030
61642 -49921
-98479 60466
-27040 62184
17248 -31981
21246 -20305
38906 -40964
-61001 -96562
-63667 52782
76767 -29899
12862 18368
57620 -948
98470 -38390
71418 -28165
59497 60785
-94987 -3412
79737 63859
-16315 -7065
-64677 33874
-89399 -49100
-43492 -65371
-11003 -61852
-63197 -77158
-37429 -13520
-81713 -96712
-5185 60023
73143 -40649
-23334 37780
-87889 -883
65352 -25504
-16041 81246
-68423 39394
5617 -18329
-87503 51608
18377 -33488
-11459 57593
-35955 65141
11957 45330
61837 -98323
-52455 -42494
9132 39216
-37730 -70092
12250 -36183
-40370 -1629
-31324 -54639
-48518 -92236
-79032 30355
53713 70721
-888 71987
-73643 76881
-47369 43469
77863 84732
89027 31432
20869 12878
-48153 -35493
-64043 52434
-28447 26067
39497 74436
-40302 58055
83307 -90263
5603 48060
79746 -70109
85055 -56322
96492 -57312
-76698 65725
-45672 33194
-80245 52962
75111 -76698
-27576 42903
-67818 -22100
89835 91674
55468 68423
20711 38590
7376 22361
-74099 41412
-84923 -78615
52621 16270
20759 39767
-34126 -48137
-95216 35133
-42902 -13986
26774 -71904
-88542 -77222
-93665 -36610
-63234 -11763
-33216 -9602
-73089 60644
-53748 -85543
-91710 13546
-68813 -88753
34686 25664
31517 -83699
93488 47017
-70870 7209
71119 81681
-81584 -86001
13675 36502
8027 -15
-94772 59442
-24631 6707
-53805 31508
41130 90294
-7349 79610
28550 30566
42732 16852
64871 48197
-25164 -92175
-94365 51279
-54376 -78741
86105 -53325
-26561 -99652
-66246 -15582
2980 86803
21091 -47461
1988 -45313
21536 86419
-21068 90569
97059 51021
10761 -37415
-50221 -19166
87774 -2296
65140 -29632
69757 -29990
-34829 -88402
-80935 -60495
84329 26025
-51933 -6825
72419 44854
72980 40543
68667 32073
22739 -44587
-69630 -81038
-26136 95900
-85453 -39029
-43026 59271
81663 50800
25768 36497
-35015 41872
-95203 24487
-27218 -26358
91317 71584
88051 -38079
-7438 42370
34662 58133
9304 68752
-80475 -60887
76748 -79507
8542 72826
-64530 -4571
1746 -32082
99652 85529
-69880 -46145
-11811 45433
42633 39975
-16260 -31894
-46995 -12357
-69172 -55539
-47114 82217
-97734 31479
-69142 32462
6536 -55520
80802 -92602
-62905 -8566
4832 -27669
-26964 -85297
-35765 3167
-30562 -10811
-8785 -58873
-36098 2691
34320 8441
-63716 86955
-25970 -39304
86273 44610
95580 -66396
88177 -78336
99412 7828
59232 54111
-22444 -64245
-34509 55388
-55710 -29135
-61351 28156
58536 82089
35469 50529
-36180 15323
-18685 -10675
-91395 82875
31974 -96655
61335 -17066
-41130 51208
-75715 16357
60685 -36813
63795 -84769
61793 -55787
49749 -65149
-38474 -49707
54922 71611
-92631 -92531
-88716 -20866
34364 -25648
60815 81398
36499 -50827
-68233 -35336
-16307 32173
39792 49536
50830 18724
57141 -31364
-98825 56127
33218 62672
-25985 -29452
45148 70420
-84581 -54374
-31264 -88053
98748 -55346
-10697 -86849
77973 -13628
-71819 12658
19418 -57869
61931 -19081
-39958 -75283
-65121 18428
1385 -16050
-85751 86116
-73148 -71849
74283 28354
-21115 -28879
80858 14500
71061 19705
-25673 -17760
44434 -38768
-42183 -27489
-44387 -63648
-6925 76276
85444 -40970
-28859 83299
-67221 -2994
-77226 -55924
-84783 74974
-96628 4911
-5907 13121
-27217 17348
-60680 49527
-23905 41518
-83071 -83880
24283 -89962
58199 18673
50149 10973
16362 2667
68193 48880
-10510 22921
-36640 -14765
-51321 70552
-11001 -3392
20547 44796
-788 -93203
44766 28138
-75679 67138
-85371 68847
9502 39234
45052 91544
-29944 -30745
-76408 34758
-23811 -20038
3994 75840
27866 40046
-47376 24905
-83873 25116
97765 63178
-86271 -78052
7733 -4120
-41475 36795
-10434 73282
-26928 5860
-4774 -16355
-84776 33311
-84194 68950
-53733 57083
69225 80357
67612 -30892
60260 91756
-41858 33171
-7531 63454
-1265 20635
13585 -98596
-42466 33999
-61146 -18339
-24510 94499
-66576 49652
-42871 96514
22544 -90283
-43543 17990
90740 -30797
-49248 14342
7774 -95150
-39832 43359
95550 30450
-2532 82342
-77628 -70456
36629 65145
-52095 -8285
-46773 92878
-78335 -95234
-98480 -73368
67812 81042
76587 41861
-36549 -17339
69853 34688
-58559 -88988
-55659 54331
-59950 -85500
-94763 70731
-42621 -98598
3579 32366
92225 59381
-81241 79812
-25634 5939
37050 -66737
-40909 -80128
-33057 85755
83861 91428
16023 45161
-11788 76244
44719 -27051
45047 -55030
-74272 94952
11502 70721
-16998 -76332
-80949 7159
45838 -65726
29517 -3655
-22956 -3168
5597 -74921
29948 91405
89183 85750
37613 -83974
64802 -19577
-36426 9633
-28480 -86993
27505 -93635
85945 48409
-34432 6511
13058 -41923
69634 72193
50559 -24639
-12573 79258
-95300 -25974
9748 33921
98699 91496
-42614 -89946
-46803 -5120
-22137 -20353
-70886 -43284
84730 -262
84146 -33086
18740 15656
52013 -9093
-35594 21859
-45150 -51754
94796 30647
89537 -65959
-93993 84430
-50780 -86015
50548 85572
-641 -50139
51164 -13914
88247 -43346
19079 -96365
-42269 -42518
68774 -34590
-88910 -64597
50430 -66103
86302 62244
-20602 57307
45382 -67333
10399 22419
41120 34471
-13816 -47418
-90072 -8484
-34923 81357
-14565 -41955
6683 2271
-70597 -79770
-49671 21183
-51495 -11688
6700 -19982
-54730 -22329
59627 96835
32860 -82261
3054 27223
49187 77219
1431 84262
-42183 51594
39147 -74524
32787 87829
-16418 88835
-1033 -94170
-57593 -47387
95423 15474
76611 39835
-98069 84391
-36498 -55024
56072 91309
725 -52827
51414 41521
-33588 -12697
63676 -56510
-16298 47226
-42793 47522
-31983 -70288
59309 30764
41308 -60425
46991 95835
76738 38128
73025 260
81800 -62705
-68492 2923
75917 45130
37908 -48018
-45448 -26554
44907 92903
47973 97385
3271 21222
-15488 -34852
852 -34390
83460 -67637
19828 69652
-60904 60533
-96078 84196
84943 88306
34458 -60706
82698 -62085
86075 -47908
21821 24854
68724 61677
80417 -96783
-79831 8655
14764 13405
80394 81239
-66293 -38632
87816 27528
94955 35954
93885 3047
-60194 -61026
74201 132
55640 57184
78291 -81645
-45492 -18877
49773 -85691
-70108 -1213
62898 14693
-55641 13468
-51965 4631
41413 -11170
49170 9101
-56117 17282
75699 -4946
-28654 65301
35380 -84149
-97222 25324
41838 82776
92027 30614
-42890 -72739
-86792 4698
-28539 -49819
-53314 -46096
43972 -57301
-65772 68659
77458 78246
84204 53967
60280 -98646
83287 72889
54807 -30833
-41001 90903
72812 89719
-71841 -29605
33833 -56440
-83771 73300
-36488 -53206
65454 65303
60013 -51809
-74599 -96987
-29437 46217
-79019 -85749
19341 -50529
83414 -97660
30596 -65758
-46796 -30341
-48995 14940
35750 91933
-38906 -36741
63878 -60488
99859 21118
10471 -61620
-58827 -68051
-99339 -3886
44383 -4524
73023 -86421
-66602 17013
99694 65031
18929 62651
5718 77574
-72317 59656
77968 46363
45414 -93542
57104 -76430
-88298 -20876
30186 -81025
-24697 7616
18503 -84250
51595 -85666
-89356 3988
-61509 -7441
89493 10658
-47502 -3052
98857 59311
-2834 87324
-3233 -67647
-4463 -27583
-16110 36489
89043 -44360
-19164 35660
-59840 20590
2291 -28910
6437 45306
-89122 -50405
35752 21608
88749 -59969
-76776 99105
59927 68624
71714 95887
-408 37725
76977 -69650
-72783 20734
51460 -3577
23661 21983
-58834 53804
-68895 80386
-10661 91157
-18202 42811
46866 -19608
54825 25818
40104 -40213
53739 60034
-53126 -92704
-92267 -15258
76628 -76128
96597 -54807
55216 -91340
-6905 -59600
30796 3050
97477 -41641
-50959 -29635
-39863 -45430
9641 95064
-78787 -89790
44228 -18399
-58636 -39053
57896 37598
38842 2905
53368 -98839
-37899 -9125
48089 -73041
-32118 -54455
20677 54029
-29874 4025
56637 99298
-48961 62224
-71572 4534
-61192 -45455
84456 74180
-9519 -29765
21041 -90289
-57649 9882
48955 -23868
64929 -85216
-74194 -54796
-56387 85961
-32598 2891
-51045 -26535
-36768 -48238
66040 -31453
39353 -35323
12169 -68647
-36266 69305
14538 -70814
13641 -63380
46305 -70654
90238 -42901
-64280 3027
79046 14364
70334 -44201
8207 43238
59803 40342
-55905 9361
-68392 88024
66301 11799
35556 57103
79097 -44728
35743 -94149
42765 5234
-58057 84081
-50848 -82512
-8882 53461
77759 -8081
73574 52395
-49845 89274
-32867 -45123
81466 -2641
15877 65223
-220 -70808
-93545 -66846
-92510 -60380
-92630 95298
-74571 74171
-84013 -57574
72457 32441
-67089 6518
-55074 48285
-91974 -65824
-60557 46131
-91614 -44814
-81016 12641
33590 64328
-9968 -63773
-87513 -32712
-75720 33345
75647 16191
-91727 29619
-95858 93364
87942 -88208
21707 -55373
-92930 -49298
49475 84757
-5759 8202
6528 88820
53931 37953
44714 -96984
-12971 -9450
54564 71628
63559 -95513
-82242 -42443
40489 18544
-94158 6191
-9132 35475
71472 -28010
-75215 46875
14837 -79982
-83437 81098
59552 -22873
-76016 73623
-4745 59089
83319 59450
55032 -8583
-23800 58260
19941 -80395
-82140 85085
-72424 61670
-1499 -96244
3004 63119
19228 47184
-93245 36535
-21057 -10813
17626 96968
57456 4499
76806 -88185
32457 99577
-97724 -24528
55627 7584
39058 -14440
86179 28354
-32866 3005
-16549 -42732
53243 79066
-18425 26603
64997 -56816
51852 81035
83314 -86823
-15027 56123
52379 -18930
-98742 -66300
42555 -49894
24989 -37318
-4133 -69863
27116 35190
-25257 22378
15125 -64600
-94085 -30930
-88443 -65674
4596 -76978
-50910 16696
86516 -46820
89103 -55058
53497 12252
-95293 33187
-17268 -27633
18644 67192
82472 -40828
22329 -47778
9711 12538
63179 -97865
-95409 -94961
60724 87047
-48380 -11375
-65253 61769
-23434 -61617
-28697 73215
-43023 78490
-2637 72493
-28297 -92894
93689 35508
-16984 -41925
-8364 21109
85832 -85332
70985 29879
-67165 -77266
50792 -30864
20757 48208
23767 2894
-55447 -6798
-99825 -96400
14734 -82687
-65991 -14874
-47981 -13511
-28571 11711
78694 -49446
-48146 41219
80144 -43714
-70272 -51526
-32452 -19400
3328 -12572
66543 79493
-84034 -49907
-97372 28619
-51843 -50196
67913 47917
-1906 10495
20395 -26766
52366 87594
98794 -52520
99979 83872
67786 80668
98694 -28859
45385 -62843
20853 26479
-49276 -21705
-1594 -98325
-98761 -28770
-49220 -70645
-97066 9706
-4180 89051
-42856 94661
-94150 43719
-34023 -92499
-41270 -31790
-74381 46867
-6260 -35782
-24935 -42527
20102 9753
-89556 95225
68913 -22849
-47514 -96055
74452 -52581
-70442 -46302
58871 -96859
7877 -99092
-38626 -29694
18343 97778
-30447 18934
59397 92867
-48306 3407
-28011 -69217
94172 46845
-1084 46932
-41162 91845
20129 41590
13759 -74061
-12416 16957
47941 -95133
-58782 -76965
97825 -56512
52905 76491
-58601 54974
34353 -38537
80495 2483
-3638 -84922
-47726 -74909
70038 72338
62301 -35972
-83633 9757
69590 60111
-62629 68648
24957 43431
-88714 94824
-57577 60972
-65385 3399
69117 43141
34686 -38176
32438 63991
31631 -52410
11399 98574
12056 -41087
73314 73583
-13399 -97552
83390 9312
-95722 52947
2431 -8295
16400 -53427
64656 -81270
-30192 52534
-15237 3228
-99308 4605
-90424 -88030
-97307 -64775
-17475 -71759
26860 82676
21778 -26643
-93101 -24744
44612 53126
-28140 45319
-86647 -84255
72361 -8099
-73312 94482
91430 -61519
48196 92445
33364 48034
70624 85107
-64265 17136
-66202 -61956
-90285 -3158
-27381 -49374
-26295 91420
51004 33599
-73077 -57499
-3299 61075
37866 14932
88757 -55238
-69455 25003
-76586 4371
-81045 -35829
-40165 -71675
88406 69628
73372 -88260
4323 -14826
71495 -57794
-66012 -91055
-12026 47468
-63879 10313
-49489 47999
26597 54734
-31110 8042
-41566 -62824
41649 -69896
-69070 -91492
54938 17732
66655 43161
-72687 -57297
99255 -91257
41009 -70897
20194 -62573
-91807 -62402
-38592 -84433
-64191 88412
34308 -67161
-60227 54573
75523 -19243
84847 -83164
98177 33808
52443 -78699
-83415 -44630
-40088 -30120
85737 36659
1676 80023
-90293 58589
82260 81144
87371 5022
-12980 53375
2095 -58041
-96770 49948
-63701 -88571
93919 5304
37627 -41731
-29864 -65134
40276 -48779
83500 -1805
85149 95267
88526 -25146
-52934 69438
-77842 92323
44431 -65848
-98618 76343
-519 -47706
-64556 19307
-89033 31983
5091 73426
-80492 -12516
-76437 69565
-31513 -41169
-42478 -22646
-9595 24048
-68707 -65499
-76657 44364
26689 -22740
31866 -45165
-80247 7789
-9727 -13949
-88443 89985
-34959 -87863
81265 60403
-46401 52546
84887 -45210
-71644 84341
30431 -48800
97372 -13447
21691 43425
-64952 90588
-82700 66330
-97752 -98662
-7684 37730
-68037 84472
56717 36399
-40329 -31551
17727 -48343
55090 -51393
52698 -98353
-58570 90724
-33204 -17433
69171 41842
15981 73399
2865 -44677
54692 -58401
10584 -44449
-55952 57711
32496 79742
2512 -95452
-59946 58315
-56141 27311
35182 27296
40118 -16394
29732 49840
-39237 80934
10132 95347
-4749 -27330
75368 -4678
75876 -9284
-326 71841
73716 -44488
-7569 -99389
-20305 15206
-81374 98107
-80002 16712
-84315 -75993
-64658 -80486
50908 -57155
-74176 70196
-99993 92498
86222 77044
5169 72156
-98746 68127
-89367 95792
2420 90668
-8019 50517
90502 97832
38302 93834
-89856 97458
35439 -48561
47832 80057
55011 -25382
-31644 -78172
-94521 -35253
81910 -3058
26498 92446
83569 55279
-91798 18520
16816 -41812
-25716 -12150
22178 -64588
-49965 -33993
-70429 -35952
-59005 89109
-32229 -53747
56653 87447
42244 772
-97431 -32682
-36252 -52264
-93742 -67186
76571 -56345
-42754 -60520
13678 72664
-14585 -88120
68460 -42155
-24657 -89477
9749 -25321
-80447 -84587
36350 64690
-70852 -82286
61210 1946
-17847 83105
-89932 -55379
-23792 72807
-12778 57110
-21203 29463
-2031 45989
29990 23843
33532 49078
45848 4557
-17123 -32286
-21899 -18726
69271 -53954
91729 -51579
-40950 75805
22802 -79338
77875 76630
-21197 -71865
-3376 -29054
-67105 -51257
-93924 -19433
-28001 -63982
18633 70896
-51426 -59975
-21135 -27353
56262 -3886
22935 -28905
-74215 98018
-30270 -40255
74824 -70825
15258 75924
30505 -70887
20250 34379
38971 44890
58353 -74455
99974 48590
-12424 -45543
-21900 -50741
51022 83247
-81212 -10737
2501 79824
-73613 4803
-9782 -3703
76512 25224
-64063 88930
-47835 -36910
8618 -78627
-61373 -95779
91606 -62529
93833 92557
31278 -70147
-42173 -41135
2216 62230
77655 280
76178 -45186
8807 -37479
17084 38088
21092 10036
-84678 36854
43283 24722
-33595 -28723
72829 37934
-55357 -98231
57912 -46731
-82664 -56428
84382 -4721
-30683 -95031
2971 -9269
-36008 -39245
73965 41087
40566 39652
69720 35228
3468 -83080
-26462 84908
-4597 -87363
83372 38403
94520 -56037
-89824 -34397
95038 48733
-68327 -77241
-32620 -44864
78554 48973
2563 13287
-28117 -1219
-63466 -26559
51768 88442
-8767 86295
-42194 12670
-14480 24712
98164 -26405
-43806 87597
22448 -35299
-84787 -42418
-94455 -5624
18604 4183
9783 -9530
3893 -16284
57910 91544
7770 39541
-58213 47021
63749 -67129
49369 -74640
-32944 -9888
-91560 -49221
16013 -77872
-19143 30103
97538 -67123
70939 -88153
-56452 87760
70107 -30683
90945 -38368
27863 44482
34906 -92201
-40151 -27742
35993 -84163
-42690 9717
-9981 -432
80589 -72009
10619 78994
-83311 94595
97934 -88437
-65206 -52557
-2248 52334
35072 97387
-68016 74069
-32519 -2637
-5156 -36303
35378 5538
-59817 68916
-31117 -16013
-63208 -62511
-82573 -62582
6753 98964
12745 78708
25716 21841
59075 -74793
-47615 -21201
99150 45790
-55071 39144
-60498 14569
61779 51397
65983 88367
-49536 9445
-25396 -40689
80089 -49384
69037 -14244
-18892 -57863
-34177 -59229
-67754 90538
43424 25236
-463 -42094
50442 -48359
38694 78927
93521 60847
46979 25774
-58796 -36022
-55774 61661
3382 94520
-92029 -94857
98213 51930
-98155 -52558
95267 69713
-770 -93055
99983 37083
81366 8642
67810 84153
-28692 9074
24873 98123
19273 59326
-14964 7824
14009 -12439
79041 -90896
-8293 59643
-82290 94759
591 -7280
-50452 99151
69753 88870
-23283 -32295
-12749 20497
68865 34993
23099 -65547
97563 31976
93228 31996
-477 -14895
-24728 71140
5798 18429
-58413 -55314
94322 -58151
13563 11551
-57788 35141
-46934 -99726
-90293 -45386
-62577 -91510
-27127 -47276
-45199 49106
-74655 52267
37966 -94846
-57244 42380
-68025 -80169
-29946 -24309
-90424 17768
-13270 51626
46186 47288
84800 80487
-80166 -95383
-56886 -41057
78498 46813
-58816 -57412
58489 -1457
-96558 -27710
34504 14357
-44046 84268
-98343 74495
16392 -84270
-65486 -71589
12106 -34532
28148 90081
-40102 -85597
-55034 49976
-33092 -87990
68495 -18734
71877 -77588
28405 31982
88623 45277
-73313 -6678
-5289 -95275
-14234 -99409
14512 -96786
52788 -47294
30881 67207
37441 -8211
-94586 -40617
13534 34421
17851 -71395
78269 78679
-57864 63526
-79877 -19649
-82157 -38150
39246 -59062
-96692 -62473
-35627 -45622
-77331 -20185
66871 17538
78262 46348
-7597 14759
85227 30302
-53039 -44022
97193 40581
-15312 98536
25381 98008
95958 -59284
-75620 -90695
76060 37980
48609 23640
-27221 62272
65522 -11253
5834 18271
20727 96953
44434 51440
-30646 -45393
-24813 40106
-78029 69000
95681 -10946
-17661 -82879
-7112 -14542
48756 82026
-55255 -87090
60556 -77350
-48721 -67099
-9920 57919
-8390 63685
88872 -31903
95503 33845
-95832 -82837
-58788 9763
-66848 -16499
-22229 -71167
37440 90889
-50793 -22324
-66150 72318
89790 76875
56913 89594
-63136 31180
15005 -66803
-32531 -50716
84950 23662
-52444 58420
46119 -16763
-47137 40030
-56159 -98267
49117 -22873
9970 -96271
-29583 -31512
33631 -79819
49176 75256
84184 -66356
94394 -35832
66770 87823
64863 41033
-56045 -23016
-28351 94832
7932 -19259
39276 31692
32700 32097
87400 49273
79130 35816
22513 -57415
72395 90383
82564 -17947
7912 11985
68479 -92604
62536 65094
96875 98643
27560 92175
63618 -14313
-8260 -94326
72595 41141
-86741 -43986
-17824 78617
-85145 78910
47111 88249
-79714 -77760
-77465 73902
37146 -94474
40526 -19192
90735 -648
-20242 -1830
-25553 -61511
55930 -48928
-71919 94242
-37943 -5484
-72042 52950
-73993 47084
-7477 -50883
10981 -78561
33679 64322
47815 -69027
4203 -32611
-99243 -93119
20315 30502
61467 64491
-46382 44740
28415 -59197
22886 -44691
-16449 5397
-87181 -90693
-8450 -78610
-29342 -6355
-47209 -44982
21401 23131
1655 -24410
58120 61930
43018 -62085
-92921 67279
-5107 16388
-348 29945
37797 25852
-15246 -31367
84755 61293
-82537 -53775
55403 93120
50565 4299
35530 -22987
-88056 -7843
93557 -76373
8717 42307
-71701 -51932
72574 21500
24435 -79005
60618 27948
61677 -1108
-41025 -27011
1712 -8552
-79615 -54521
-16566 84729
71696 51064
-68885 62702
-38 -43227
-12479 -4
64997 18068
86356 -33819
50942 16384
19714 29182
-22677 -26151
-68597 -66643
56642 80769
-14182 -47034
-23471 11830
66872 -36874
18617 -15626
82363 65773
-10166 44086
1006 58091
-18047 -3912
99804 93433
78807 -70732
4698 92305
37267 -43753
20888 14796
88455 67584
-9024 -88974
-94979 28180
11842 -59035
-67861 99884
70579 -74116
-12904 41654
26082 -90125
21080 -73155
6003 -74366
-8742 -27643
-65631 24224
-96539 -43877
-4766 34285
-92335 -14131
70308 -55852
553 -48932
6613 52781
-48002 -95321
-24673 -75983
65136 58333
-67837 -11004
48745 92215
59262 15858
-4637 -91640
-98130 16378
509 -84282
72439 62119
40897 85729
-72371 -10742
60152 -88465
70773 -94316
74608 -37175
33378 -42621
-47603 -88620
-31647 44940
5296 87431
13515 -28512
51223 -69265
-59683 27562
90605 34643
-82269 87327
-57861 13208
-49135 81365
18692 99865
-24742 -92856
4998 -82891
44785 -25053
66916 80548
88034 -5865
73120 86105
43989 60697
98070 -55096
-60546 -32350
-89730 -72500
62362 26723
28773 22452
-36312 52228
63148 -14342
66244 51900
-6365 28355
21276 21360
10781 84305
55938 -32780
-10021 -65769
-78544 5843
13655 71571
47994 77181
99976 -45206
78343 -30776
-18539 1448
-8489 -49729
-52549 -934
-58228 78267
-30950 21716
14183 13114
27327 61964
-67112 -85240
77956 60685
14491 60344
23047 -36085
-50366 75744
-58147 82975
-76225 -94710
-82874 -61634
72053 62908
39159 63626
-18032 -46918
89244 -61183
-24599 -63833
95053 3734
19881 23664
-54098 -28572
-24765 -37972
41322 -85933
-71632 26166
-49207 36911
29934 32623
61872 -45769
-35444 75065
27769 -76332
-49055 81396
-42681 -55053
-60728 -76031
68364 90951
83618 -90041
63027 31685
78517 -69571
53401 67123
-73270 -58076
-42167 -37956
-96536 -78734
-66932 -80064
-74738 -49506
23769 16896
-48321 19965
-66908 53761
71527 -14079
-72749 16725
98308 11036
-62501 88327
28382 -98581
-12296 -55365
-67209 41258
-74283 27259
38947 45509
27848 -90675
-18270 12207
63563 -33146
92956 -18493
-65323 48328
58643 -51188
-2768 23662
-6009 -50774
84620 47882
17679 34566
54740 90495
-79629 65749
50574 -92806
6971 -35662
-89232 -36078
-8121 94634
