4248
1250
1356
3658
14650
13280
13614
16474
9989
-1
55663
9861
19192
2700
14326
27632
23669
33224
7519
0
8306
0
91
22748
14780
12146
16494
34896
15618
8
16913
0
13524
35674
18060
16102
10524
15420
15305
6954
21922
47912
0
14734
6110
10616
17561
2946
13178
850
12322
0
16512
20318
19006
2053
9048
8406
6067
12028
18736
1556
11876
30796
14735
14174
18680
6504
50600
15432
5050
13070
9793
12728
12790
48306
24497
11364
4374
6886
16865
12040
2000
16854
1748
3147
-1
4620
13151
15320
15679
25364
13928
24864
25082
65388
15248
2404
61594
7150
2984
18962
6708
16504
77134
2743
19784
2746
0
17452
14120
13754
31008
15891
27280
5185
14713
10898
15466
-1
4446
28746
4664
3432
15696
45494
15045
2019
11024
15793
-1
1916
31205
14850
62452
27092
19046
21786
27660
19246
34764
4974
18454
1574
1758
17138
10192
5694
5938
11832
4312
1324
17505
35323
29152
24538
10062
8447
8852
3962
70450
11690
23362
29032
3332
36940
8676
9468
13168
30030
19088
14910
20088
0
1505
22360
13591
22516
24291
29280
3774
10934
8875
14729
17802
19570
33556
13075
17383
11858
16042
26818
13124
1796
7566
16020
23432
5034
17912
27647
9306
3630
9510
28557
0
10407
17896
5121
13777
12950
17046
3008
18748
18470
6535
6606
12790
786
12688
2860
1390
62399
2946
8494
376
27828
6190
321
16689
21873
19742
13178
22105
11640
28145
15100
22398
4607
11642
13593
11578
21363
69920
15370
13030
23717
10548
2386
9763
43868
16051
6807
19514
14284
1443
0
12000
18676
10520
12300
15160
12298
19418
20554
15089
6290
3459
-1
11116
15510
10240
53806
45518
8456
10552
17286
12330
12295
7301
12528
16684
10752
11858
6312
7346
13476
20696
30950
0
30551
16486
642
75388
12681
16608
4099
442
26084
32270
6058
18120
-1
24226
18083
1814
17730
16726
2912
13046
8398
17079
16706
7584
-1
26778
10698
15774
11078
22025
36921
27843
11522
26861
14691
24
39496
12371
14284
3732
43820
3296
16828
20610
8557
24258
12219
1245
714
17079
13220
10788
7322
22898
17901
76020
8944
22118
12422
15672
18228
1240
11776
221
4206
19024
8128
13844
10893
0
19144
-1
19975
10462
17351
9332
18988
18123
6750
11635
5245
0
518
20217
10848
5102
12734
12144
31194
27262
18954
2652
8640
8192
36477
20424
5480
0
2684
21332
10552
4108
-1
16178
23021
13466
9938
5458
1
15968
16544
5273
59694
11768
16562
14483
13954
9587
51166
18766
7778
7280
9607
-1
8968
44945
27461
35780
14383
20633
13614
12319
730
43132
3686
0
33797
81626
29261
7724
14350
12760
18301
30001
13528
41120
4204
1187
19341
-1
4424
11172
15149
7420
12791
10816
13020
16085
462
18567
8744
4164
17491
14118
15379
13406
130
1915
4881
12749
40238
13992
10072
14984
20542
14026
48411
13489
2014
15773
5972
9425
11866
17433
-1
-1
16538
20588
4430
26960
8190
6326
11770
30910
20270
7466
24416
8814
1126
26429
3350
16810
23848
14826
18936
39296
39790
0
20563
8938
64628
24484
12950
15906
24494
3948
18573
13411
13768
87320
7434
20
-1
21271
19010
28372
3592
15668
25368
10441
7716
17090
10613
12512
9586
11982
40097
2564
20820
16180
1970
14934
57893
15304
9178
16578
38224
18964
8202
1674
12659
16830
3490
20234
4334
7884
22803
13574
5809
16110
4430
16668
30893
11250
17311
14160
14564
9658
11753
9917
10383
6848
3280
14222
13288
11629
0
16528
19268
63566
21716
10618
6461
16150
10484
9790
2426
15018
6579
0
16996
16778
8394
23615
14914
15700
18808
8776
13744
13720
20666
6660
3312
4509
45934
610
27414
19322
23403
15124
16432
23148
31130
11622
19774
23128
1830
15824
21820
7534
10502
21764
15874
27105
24674
16467
1222
1638
29239
36258
11838
39068
171
2990
15934
13714
25458
5886
14110
-1
15536
14544
1854
-1
26631
10196
5537
17986
8856
16450
20547
19878
6079
8543
9444
912
37881
18674
6362
0
70740
2582
7782
2078
14863
20811
11968
22104
15135
8460
2626
14122
8992
6736
19432
4771
17790
35906
17260
53118
12846
20249
84910
5434
1945
11061
18992
11987
0
10061
6710
46764
15372
11034
3986
15846
6977
1492
25572
30708
17035
10506
7264
16221
6196
9630
11732
21209
42520
16427
19302
7445
9894
9116
4812
33118
4352
35172
21470
45433
16030
22420
15264
18952
8674
8134
22640
23988
16388
30239
16285
8755
47862
19276
19286
4790
2030
15457
24075
790
11158
6318
30436
16558
4302
638
7066
52760
0
7307
12094
2026
8358
20292
7
4954
1041
6712
21956
11662
0
13928
36521
44354
28174
25831
8999
17795
4779
16960
11006
11808
62966
15396
3688
9540
15210
11120
8608
18922
14523
12285
222
8036
13017
12134
29696
18382
14584
9165
16555
-1
21172
5691
64165
16414
15018
47732
2329
7938
14724
24194
23809
14426
10553
14228
13578
25942
16441
10119
3928
19740
18056
12130
10533
95
11702
0
8055
35904
-1
16554
7348
13574
39256
26926
13302
-1
14510
9064
43194
14116
20588
55105
36351
16630
17096
4892
26562
9571
39972
50068
861
11085
20817
13396
22536
8750
8909
23150
14214
18032
13842
15545
19462
24082
36709
27248
18034
32624
11354
6471
12295
9756
21948
25598
15666
15408
26142
4551
10948
7025
1904
12106
17759
385
4296
8756
9936
19632
14980
-1
21254
15264
13840
24704
1428
11645
6228
1876
6526
4547
13115
0
13251
29262
12
17986
26392
11688
11604
4856
0
21511
21173
15389
10648
82966
12128
0
4256
9356
10038
20709
0
10651
12446
24600
4930
27760
26456
6098
20448
9303
20444
10908
8256
19127
4
22002
14368
8199
2432
8630
16848
13431
14733
3978
24586
15576
30842
10500
8380
19322
35596
16814
11480
7666
30894
6984
35794
76954
11394
18069
10092
2300
5021
6838
16328
29304
1347
5066
13518
22172
40829
-1
4164
26268
4668
5945
11049
9660
21318
13672
6632
16710
22498
0
13028
4992
12559
3944
12644
16504
30354
37343
11007
8656
4466
9932
38044
16554
6123
27109
18896
16749
36620
19582
54578
0
20482
7254
9390
11484
640
14835
18400
25581
29198
25884
4712
41106
44282
16980
31904
5663
41972
72494
27438
24464
4771
11158
5846
17684
11793
18322
26266
11458
23852
14648
12658
23023
12975
12410
13020
22302
16294
7370
16326
39330
6124
26066
40291
8044
25872
0
12212
25989
484
24108
15603
24937
9298
10160
17156
14765
15736
16311
10392
5990
24102
1939
10780
10877
14900
10292
14976
7343
24042
25365
4194
21537
4032
13393
4790
13933
10175
1776
31120
13375
11234
9732
8275
20589
3786
2658
7601
4130
17900
21478
31496
12450
13428
20624
0
2601
24766
30025
46625
24592
11692
21896
16344
40671
40516
20664
0
8158
68
15671
16975
14055
1308
14876
11537
15068
843
18139
12010
23370
12374
13035
11055
6137
1404
13161
14363
8612
15148
34566
6860
21658
16790
7944
-1
12740
19673
23794
19308
37854
-1
11893
3003
15150
62100
36274
13066
6360
4070
21510
25553
2530
30048
23241
70126
20528
15214
2538
8182
1752
3460
12828
18498
3204
-1
25791
5222
45904
12798
3142
15866
13554
18401
5924
12150
6880
5358
19298
342
16692
7554
17978
16544
17824
14331
4030
30208
-1
13753
7596
23828
5380
3636
10982
12964
1876
14644
-1
926
24360
30687
13645
4064
16516
5124
15105
16986
-1
16470
19300
20038
47518
1976
12336
4054
17035
18454
12605
3562
11167
-1
13114
9352
40947
4
24440
32602
6282
5932
15952
2801
9285
34854
3850
13476
50437
26570
22272
3517
15501
61540
21518
3944
15528
32258
17240
7334
0
15814
27014
17184
20884
22260
-1
6204
2804
5084
0
10131
8667
15206
6952
2684
2094
1186
23408
5367
13886
12000
780
-1
4951
10850
12157
11472
5295
43632
35118
841
27218
14394
2952
12912
12508
8118
1870
2846
11069
12748
54708
12449
20876
9736
16010
13574
9226
21368
15080
8283
25300
5618
13580
18208
16564
-1
16290
24566
4736
17922
16836
6188
12811
14460
17112
16210
1124
16624
45077
9328
3231
30850
8113
7872
13256
20572
12574
16930
6748
8895
15986
13616
22166
17445
61120
52674
20804
15880
11156
12659
16494
12058
63859
49764
3826
5884
14447
32992
6784
-1
16893
6806
2717
25239
12819
22261
19331
15920
13496
16630
23260
15278
14130
2
15346
10495
13141
17004
27732
12104
13011
22556
19585
29338
3360
22659
15505
14241
57726
21122
-1
11832
5816
13042
1444
16810
32476
11794
16420
9276
13094
19726
22028
30288
40568
37313
20366
14404
6582
27820
21916
38256
16453
10196
17092
9510
13269
2393
2157
8862
15494
4724
11444
370
8624
2402
5448
16675
14290
6306
14664
3644
14552
11514
7242
28606
16245
15742
7752
15676
16490
5055
6964
17221
8118
10756
20618
4325
46941
14282
24134
11762
64180
13106
24268
18585
212
19758
9020
33128
1958
29596
4672
11566
12690
7468
17528
5448
19456
3210
33205
21146
3523
16123
5280
13432
12822
35990
13000
1955
13322
3932
46410
2354
12618
2
10370
8570
16856
18376
9002
61202
4305
19141
2
15830
1072
8169
16002
9348
18763
13600
25272
9825
7358
22642
6752
32362
7363
87710
15831
4789
15116
8227
374
5016
29276
27338
17540
4874
69214
14945
9726
14023
12060
21167
11144
8844
14826
21440
8442
14732
30000
0
25326
8917
29086
9020
22448
0
13362
30256
11828
19370
11910
15490
4435
0
20082
2900
2246
10712
13972
27944
10390
22270
9148
43940
64323
14011
0
15278
14377
2257
8280
18938
3940
16109
22846
69
16674
7635
11032
6125
10307
20216
11566
24248
2056
34353
17162
28260
18555
17877
14374
30971
29478
30243
27680
12130
3187
13167
5128
16076
58936
18982
19722
13960
9737
26981
10553
18774
15956
12315
22134
1075
14947
18308
16270
15081
12121
6244
13794
11487
18336
29382
34020
33927
5775
23732
8636
16582
27332
0
4394
11190
19112
15030
14818
16636
9290
10368
18735
5
5280
4952
16374
62084
19826
19109
11024
21606
12976
12831
0
15676
154
3140
28717
4103
24093
38270
9930
12108
6006
0
11360
29609
10980
11082
16388
0
16595
11152
7397
7937
46424
37724
13526
-1
25815
3324
28082
4366
13029
9814
21928
13822
21489
13802
15841
5520
19264
10834
16588
17182
20948
9837
5036
11244
13983
13204
13874
21802
36409
17203
13743
4288
19697
15368
29223
6136
29066
6046
18688
1269
9596
21343
0
0
5394
13611
17717
6794
30902
14733
15764
40272
12060
8939
0
17662
16494
8554
21451
21430
12625
4461
0
25242
12255
3106
18660
24525
13532
10185
31543
920
2410
30758
3327
42235
834
368
11308
8506
6762
32081
37040
6148
13584
1822
16482
15396
11292
11613
12538
15322
13174
3501
19910
20268
13950
24484
17586
17498
0
10354
-1
44562
10016
25091
3960
12046
10827
16202
15266
32287
13245
27486
1946
2948
1028
14132
52888
23338
28548
21888
15240
5043
11354
32713
3519
11396
20200
18026
15113
57064
16124
1884
7448
16505
19728
15958
35459
8903
10578
24207
-1
7478
18299
20855
22371
19146
17907
7848
29586
3803
3643
7322
11058
15987
37021
64600
1047
31795
11440
2372
12632
5380
18579
6564
8722
14648
28760
31490
46248
16305
825
33824
33892
-1
1402
6588
26560
18774
29822
10580
24172
21296
8108
15666
3092
13255
3714
17802
13545
38402
28418
19838
23362
8304
22379
11694
13192
11849
43431
3315
4260
3464
22392
8572
6629
21622
16444
14961
30672
13570
8157
2666
8986
41951
2961
13536
18813
13641
-1
20184
12652
1382
13290
7594
11807
16394
30470
13478
13434
1826
16638
4066
17642
11620
18233
5328
18132
24785
5685
24503
1646
13344
13817
22460
3784
2703
774
11936
12088
13062
33146
11628
15444
6250
18892
646
10413
24496
4130
29904
70
10471
21422
29700
7266
24515
55311
0
4890
5154
14340
-1
17794
5472
16081
17148
2991
1134
17486
6224
14430
16355
15018
5078
7404
1795
10182
15216
37311
16316
18449
32471
13024
21125
3878
2988
11772
14179
5125
40032
64830
7066
13256
0
4094
11174
27852
7580
39494
23762
4528
0
7696
18873
9053
14584
5930
17298
21316
18662
5087
20082
6688
1848
15612
20094
29182
2155
710
17130
3236
0
26024
22750
6112
7794
7376
5114
14665
25844
15603
12777
19400
12989
30250
19191
6522
51840
14452
18476
22984
9202
33217
6549
21424
15227
15876
17018
31546
10276
14488
46982
1708
12506
1216
14209
26124
18348
13410
2
15726
15886
12376
7958
14568
21528
16080
22242
4
16652
6100
7442
24248
3893
17204
16308
11062
15576
9898
36977
11590
253
23856
11198
3222
17778
13364
25556
17053
27364
1544
18458
10744
4392
17096
12482
9906
24354
2006
10556
1356
14320
19982
20749
12402
22664
35843
16412
14114
10890
5090
82
16220
4714
9208
1840
26020
31632
8330
6536
23007
-1
18611
9180
13726
19378
719
9515
20056
17042
1406
6410
6282
6132
-1
18074
11368
11222
10258
25745
370
11618
7970
17178
7085
18351
24652
-1
41556
44024
13079
8514
-1
24460
22300
16140
4436
19911
920
4053
11711
39199
20105
14704
21752
1823
16424
0
3699
13672
-1
17229
12403
21743
21962
-1
16354
11715
15372
17207
10440
7885
12160
9540
15899
11580
15607
33410
15988
18078
6983
13697
92594
19005
17812
32192
7760
6974
10988
3025
0
38116
8154
10776
0
17844
13605
23058
19357
52000
15534
28574
33372
9331
29668
40034
58715
16315
9146
17788
14430
7170
-1
17182
14106
7626
0
26390
10373
6438
14874
17532
19309
25918
40809
23467
35820
12384
14486
6078
18276
18360
12256
1611
12260
4788
6046
20474
13390
83604
24834
10862
16616
0
4256
14670
7806
16950
15379
25678
17038
16623
44426
7310
67230
22738
17573
6241
10212
9588
26260
12460
66036
2666
25622
8045
4628
17182
11606
3918
25205
11041
5570
40890
64235
18203
4946
47833
2388
3342
26974
8818
15002
2126
3456
5052
16359
43668
21326
13918
22408
16522
82292
45624
11965
64140
2646
7291
19329
11278
16170
4356
34160
30
16166
21743
-1
9807
22628
11900
6172
26162
14500
13351
966
14880
3452
1104
10863
11185
20036
37830
5366
21000
14806
32108
9427
16772
18420
9952
8538
15782
29042
3577
24947
0
3446
7277
8171
22168
3585
7611
15918
19262
1686
31096
6605
-1
19704
10420
6672
0
27461
13861
17310
14020
13870
0
37180
9729
16343
6498
14577
2391
14548
2756
9212
5527
24410
5158
23346
0
15690
5915
18880
15889
12975
16956
14609
-1
1969
13501
0
7948
21914
7298
21648
0
19795
9104
23606
85558
1418
8597
21152
38584
22664
8207
0
14321
16867
37093
10332
394
11890
17947
29106
11426
2997
15282
14508
5586
31999
12156
19295
52144
4158
12460
0
7190
11439
4902
43858
482
6426
37428
26178
56943
18904
11141
2700
9741
35024
23664
29586
26288
18794
4222
41644
8027
33975
19387
6446
13964
15206
10830
36430
7895
7668
16222
16960
12971
3866
33340
29162
21791
5566
13395
1184
9193
8965
21384
3303
12174
19552
0
116
4943
16622
0
16830
3634
17298
5242
11131
12094
26158
1375
10940
0
3804
9764
31288
-1
5074
5648
13434
16060
26704
5091
52245
13494
34898
4252
1080
213
24396
3590
4949
26180
23236
4051
42822
2691
47898
13714
17298
11024
18024
34296
15394
5936
17830
54688
13318
10101
10932
15903
19859
12656
13986
31274
13282
30728
23810
7856
26423
18882
615
23616
-1
1056
13550
1323
16548
7007
14021
26670
30428
7738
12816
16818
14057
1988
16659
792
-1
4520
8645
22660
26400
814
11870
14467
61300
20302
36226
18762
8134
15483
53056
13658
12986
8638
0
13158
13766
16020
36036
35418
0
85502
35044
524
7090
15487
9412
0
14243
154
53591
6366
10998
15430
15795
11002
6090
18348
37294
4
14462
65994
16592
14
0
8178
62179
28043
5293
20118
12216
4315
19140
0
11659
13820
2458
17590
158
30634
27120
15369
17556
12660
24374
10792
13582
26616
27
10090
8894
6168
19728
7714
15144
9686
15818
20728
3674
8790
3454
7499
20814
12453
1020
-1
20148
624
7570
10128
6068
8472
3437
2983
16448
27910
18086
11358
8286
22431
11232
16654
56166
71510
24186
11870
6564
-1
0
22700
34631
7088
41606
9634
12262
16696
0
2654
37864
0
3481
5244
53136
7560
16757
5857
4
19556
19180
34123
84896
14230
17996
18175
32912
21020
19473
3024
30874
9549
91206
0
15632
18141
101
9716
9934
26432
10736
69316
25806
19365
0
41445
2
7654
3160
18610
29302
12782
17788
15854
18742
764
2878
5588
16121
7155
7597
6092
13198
28871
13692
15092
26724
18600
20088
13772
25296
17204
18026
16690
11172
39200
24441
19611
14388
11048
8780
-1
18352
9591
40366
28641
16454
10101
4514
64140
20756
8400
15507
18638
13854
0
9766
16240
11118
700
5282
6544
10491
-1
16445
17674
636
19400
5663
6801
19748
11666
9468
16771
64229
11780
20528
16871
19814
0
-1
4324
12470
13894
21528
298
8008
11696
4224
11282
4792
7913
7398
24898
2570
23644
14022
14326
18514
18346
35987
8300
30562
21158
8864
10260
19719
7048
26495
21375
13962
13404
38152
17168
467
3898
9482
8324
18682
0
2492
0
1924
14066
6988
8821
4455
12268
9340
20144
15745
5460
22431
10465
24796
19184
16020
0
9470
8438
12022
22170
4958
3726
36849
8588
-1
19670
3764
10288
17212
12294
5959
17712
17904
9113
37744
26944
8246
3154
12322
4546
12108
12960
8272
32408
-1
4250
4722
21288
26662
18559
11795
0
18472
12284
15059
26874
18241
14110
10293
17258
6258
20754
12374
37496
7822
15760
17600
2910
8853
3496
1963
811
7696
3290
24692
17790
13756
29592
28570
50862
26406
31270
4228
14254
3162
0
4102
20888
25731
31514
17320
57937
12989
9037
16442
2334
17492
47931
14434
16400
12794
6877
10816
5523
2
6038
14517
720
20160
13501
13470
21733
37528
12412
16486
59364
11326
38229
21560
0
2272
14742
362
17352
5874
58798
9873
21840
18016
17234
10870
9554
27026
27924
51539
33072
13282
2628
14823
11042
18744
23622
17623
6928
11061
52620
0
15757
8960
4196
28754
7686
-1
7002
14379
14264
21358
13062
4885
3451
2624
2696
14070
0
14411
25746
20378
13803
6815
11342
22376
-1
18714
10385
9734
42671
4448
35504
3590
15995
14442
16388
17256
13682
18471
20458
31616
27349
7342
1418
6714
4557
9802
15940
0
976
18308
12994
19100
10938
7690
7554
16644
2140
50534
2884
12292
18052
16314
11271
36670
32232
13132
6388
18511
15756
13539
12016
44
9612
14602
16818
5720
9045
22695
19910
13695
4625
12160
6240
18472
18588
16749
17976
4137
46618
24158
7366
5184
48661
11306
62275
20612
44322
-1
10126
18144
19712
8283
11781
13964
14184
6312
6020
3782
22563
2794
7622
21787
19486
15966
7677
14750
8448
6628
12538
19938
16006
1697
2058
11698
27864
14781
26204
6782
25948
2
9868
736
11728
12370
8054
15577
2774
37717
19890
16316
5401
1246
12671
34137
25268
34496
6750
16666
31880
2692
15072
21106
11854
6789
-1
9594
10180
6013
23302
19403
32525
21784
2380
13199
14404
20332
24555
12151
17804
4340
7063
11623
3203
60466
21096
14664
12598
12820
4651
12991
14465
3154
11374
10241
9894
0
13474
21139
0
24271
16670
20136
6774
43661
-1
76520
12070
30151
21616
13970
8058
3
77546
18046
23314
17573
50100
2644
25919
10420
2042
9566
11230
754
11202
5621
16110
15908
-1
15213
9143
13918
16998
4252
17124
19371
15169
14618
12176
1282
11641
36511
1862
19478
4554
4486
11660
6348
25614
19468
38648
2817
12736
19674
13462
4385
798
13746
1655
2364
19189
16015
5116
59415
15156
13484
13301
13926
13048
18279
54758
4630
18586
30196
18447
23642
19950
4017
16070
13420
1908
3498
16111
12136
17356
18650
17206
5220
11302
24392
25197
17390
8212
16212
2574
38342
11578
4616
29656
7069
1308
17122
21520
17185
4964
4250
75180
10743
19730
8438
13030
16858
16539
4081
16220
12234
4129
8710
14074
9509
9813
20543
35037
18280
0
0
6368
21310
2493
14120
29812
3033
11721
14508
6251
18078
43460
55016
16058
13642
2256
9432
0
4955
0
20442
14837
10702
16798
66936
12202
13746
14106
3600
17384
25420
14310
6708
21144
14422
45513
20293
4393
7628
33166
19227
15505
3688
20947
15922
17296
14844
22258
5904
3956
16558
41483
25900
29304
0
0
20440
26663
14382
4530
14761
5942
15913
21080
61741
17255
37742
13724
16656
12213
8922
8812
9236
36062
18816
3140
0
19405
18014
10478
23976
24067
7708
83282
16270
53238
13137
8482
20418
15783
13694
0
15814
28832
2
14378
18226
14880
17769
39145
4701
15300
4738
35270
19354
0
9152
52
11900
8174
16650
26516
30906
19651
4165
16892
10780
6728
24108
31988
5532
0
773
6344
19917
21162
29349
14521
26754
27176
55465
1132
9208
28930
18968
7784
14992
34036
16176
13020
6831
13044
19625
6230
4090
9560
50502
476
16671
29732
15462
67436
16106
1438
15718
3823
20002
19972
16508
18886
20364
19682
25740
54069
20102
17632
28756
20100
7639
7968
14692
18084
15648
1316
49724
13470
5110
8594
9195
17018
46622
3108
14982
759
28365
2652
0
12214
39694
16044
8624
11740
2856
13369
30762
3522
0
19276
9761
10042
12409
17455
12020
15812
8900
27108
8920
2742
11472
14824
4506
26102
6478
7942
7200
9210
35302
32817
92292
20678
19985
28390
10194
1934
1814
5104
36788
17354
10287
9604
19193
19836
19459
20602
17712
10008
882
29602
17338
5251
0
32510
1224
41338
12137
21714
9985
0
18618
84096
15462
22276
13846
4975
25574
18508
0
8867
2874
14349
14804
11785
816
16382
12035
45649
3386
5202
32538
13578
8724
7050
35616
20832
13722
3100
17110
8044
46466
25667
20822
3849
5413
10184
9904
21156
1974
18110
84518
9238
4135
15262
35368
16782
41308
15687
4989
29794
263
19459
26402
16606
3854
571
-1
18248
12778
1975
2926
15374
24730
8674
6813
9737
10110
16174
12260
8922
43076
4626
11080
38829
26204
1164
15448
5833
16048
-1
15554
8888
21370
11522
4384
10235
16136
28131
33702
29355
39389
16168
9278
5046
2413
88940
12238
0
14014
5162
13990
6352
2974
12914
13121
49182
10642
48176
0
35754
6910
-1
14224
16410
32962
10700
9812
5648
15642
27398
3
16220
16188
47234
12572
19842
18204
25145
4720
0
8028
20186
16188
12630
18742
12699
10528
15675
27924
5704
11872
48632
5444
32670
10199
22474
1402
18804
10453
17784
4653
0
10632
2809
15650
14530
0
3734
11072
19102
9248
17165
21839
10360
7163
824
7620
14650
15448
10445
0
20568
0
2
17590
18956
0
12942
29166
18220
92030
640
6638
7840
14398
9680
4688
-1
27131
6340
11594
29925
52738
19208
6456
19516
2714
18744
7498
19204
-1
12934
39566
12888
8680
15659
1768
22952
13218
10850
17596
0
26747
9537
21690
17744
18760
84600
14916
5136
19344
23715
39190
18024
1822
1934
17020
14004
22963
42362
4398
5678
21918
3437
15594
21288
33650
15799
5511
7648
7036
4440
9482
21637
14188
4328
7262
9548
0
4052
31104
0
5500
19314
17798
10156
12282
16794
4037
28000
-1
6540
20118
-1
4758
6381
0
21922
12050
27574
14392
19212
27830
22252
12044
31226
7368
22384
12210
22248
43903
15906
3549
13989
15260
7276
1573
28050
29962
22338
39756
60849
2440
42816
6544
40172
21452
11162
16189
-1
10204
7646
14887
18050
9082
6865
13634
2928
17121
15831
13186
13828
23818
13397
46455
15700
13416
13276
15626
12276
13091
13966
18820
3322
24248
15590
22912
20022
34994
33628
40713
8354
9001
27126
6946
21666
24147
1420
17958
23966
21876
15717
39682
13578
14896
12272
-1
9226
11170
6
35674
3814
1938
2750
26736
0
10886
5116
1460
7172
17697
3408
17603
14176
20034
4723
21607
53048
8268
41170
16990
8990
19384
14046
12662
8170
13002
2656
11732
386
12476
15192
15669
3909
20506
14579
10051
10638
9556
15873
24725
15622
12628
3306
27048
20362
20472
41376
54304
13861
10018
6
9649
38982
13124
30972
32954
18374
6829
16318
21765
15392
16356
49474
2684
39702
23220
14860
12966
38284
30719
9824
7123
11820
7487
18062
25904
15952
1638
36644
19000
6613
29632
19631
0
25151
4956
3377
1593
-1
2225
3432
19327
4006
24974
43348
0
8238
13508
3529
49160
24872
1476
11724
21322
12268
12986
11306
7342
19689
6842
15104
15113
18772
16312
3824
37696
21296
15764
0
15512
6100
9396
6112
10279
13131
8736
48632
4862
15150
17498
34754
4956
16349
11075
16452
19794
5346
84166
50692
29424
11214
766
33384
306
5310
15050
0
13676
7694
4664
4
17656
16720
7230
37250
19894
21600
4110
62103
33861
29714
7479
11510
17147
17782
17446
24316
7141
11837
13832
15153
7618
3596
2583
30168
4358
14108
0
15646
17099
22880
11330
8400
81120
283
13924
13177
5568
22850
12880
10722
14274
19352
11496
8935
42713
19201
14451
15668
18535
74452
15296
6695
12138
10956
11822
15554
23754
14832
12574
39814
968
13198
955
6042
741
18934
16461
10682
8005
23618
2606
8405
2958
7678
0
13905
5870
4898
8266
0
1460
22224
9162
15368
48654
12828
27760
13384
5978
26307
2440
3496
3736
15153
18114
14888
64323
60045
81100
6715
0
19997
16874
10826
16274
11800
22322
16056
6183
82998
1838
60301
8924
20994
10779
1570
0
24781
87044
53475
22849
7346
12875
616
0
1716
16972
17487
2718
61763
15175
11449
3802
6602
11966
-1
29018
30994
22988
7054
23666
22530
8726
453
42214
19256
42577
37801
6610
24016
9356
13892
17874
25864
21686
438
3796
559
9802
14578
11906
10302
13967
18278
13329
26694
21312
1089
15954
34608
44168
4390
0
19200
15000
38771
3332
3382
16372
20980
13131
12714
23190
23558
26046
20462
9932
7636
8232
11995
35770
44553
15210
3661
18320
25336
1678
12908
13251
23536
20593
20464
5924
30405
15224
6724
19932
0
2094
5126
17310
32878
33318
8514
4728
4867
24114
4811
16717
20760
29044
0
-1
10528
28262
3822
14157
24208
10867
14885
23144
33372
14000
18935
5978
29169
15662
30612
25664
5106
17648
14210
17820
9092
23233
17660
12366
41981
59964
15907
17178
4209
5906
12198
27686
11346
14842
4910
41500
28244
3500
0
19974
10484
46394
3524
15858
90362
4036
4540
21998
27306
0
17012
12866
14918
7004
51807
30
15918
8538
45681
16281
42236
16402
1386
7633
23796
11946
8824
19816
548
536
32051
31518
16516
33530
34372
4248
3548
16707
54536
23228
15910
13041
22
16524
10668
4373
20165
4228
81544
21094
4930
15355
17306
11458
13340
14158
16096
18675
11120
5785
6816
9205
41426
16981
21122
78692
13732
18336
13958
-1
42306
2886
20373
19001
8692
6748
28866
29526
17848
1974
13041
15704
16055
18078
8492
63562
16587
0
0
806
17589
84756
12645
7907
15308
32848
358
33868
10495
15395
-1
14098
21064
5402
2156
10632
9356
13727
39984
19320
5242
13946
31192
6949
16374
196
0
2032
18256
7496
13878
8079
19580
35358
686
4555
2854
18694
5838
7930
4338
16740
25057
20832
-1
17143
17123
32936
902
17904
6612
12142
12706
17675
15260
25431
15637
18024
18018
13796
15616
26986
21038
16166
0
23246
17528
10088
21514
15500
15835
7392
8303
74860
17135
10544
10482
-1
19218
-1
0
6847
11415
16182
1246
19973
22654
-1
17672
11896
-1
12788
8192
16121
153
33390
10130
11350
14535
46856
12784
4564
16094
12446
29110
22924
18018
22165
5142
13730
1924
4457
9030
22775
7975
18245
13942
6576
16416
418
29228
7332
5236
15647
4424
13194
14783
11247
28383
19306
16787
6526
27311
26555
15639
17052
7455
12312
13900
3708
10748
8188
55670
20846
7300
15809
26467
6740
3974
360
23294
21890
11032
7910
27406
40830
14568
3850
14446
12501
53020
17786
21571
31482
17266
3244
11970
3435
748
9161
10293
484
12710
7722
16954
38618
17476
21184
1256
14958
18079
12878
9196
2825
14346
18763
15788
154
13740
15476
37602
17768
26428
16440
21494
40315
49186
16142
65386
16452
20979
4014
24498
3117
17108
3436
0
15642
6727
37071
13146
23304
0
21626
15638
11551
2401
4445
28882
13486
16554
16237
3616
17358
8861
2859
19396
19132
0
18222
16202
14990
11260
6817
11775
6351
13750
1115
6718
-1
92150
11203
21697
28892
31874
15021
3518
23852
31227
18644
10414
92094
1922
-1
13062
46486
20473
11429
17494
11616
15428
4454
13094
30316
9388
8554
9830
9328
14115
4361
0
16564
13182
14788
0
18235
10875
-1
13548
19982
13990
18260
19906
23062
13362
8656
18810
56101
14556
10608
60305
6101
12507
8169
17504
530
16445
10891
73198
4340
6
22155
14866
12467
13836
4000
9416
23341
16169
20328
22230
15246
18646
3374
55466
7889
4344
12494
29588
13543
12183
15692
21040
7492
11826
41233
12834
3921
20030
26226
4818
24456
15494
13665
10640
22092
17580
18252
3748
14503
22596
16298
16222
19212
7703
10974
17548
2725
8280
35548
4336
14022
10221
41106
15916
12606
4753
190
17762
-1
15794
2110
15654
12282
1324
12936
11614
18164
7045
23035
60514
18290
14968
9974
9950
6700
18446
19335
13641
4915
13376
4869
0
5166
17624
18551
3612
2661
19978
6804
9128
22418
7324
15866
21052
13958
2056
89918
10874
29190
20252
5112
19333
-1
20244
20176
15339
4828
12924
5853
0
6185
12024
28335
27920
34665
18923
11813
14516
31686
14876
21529
4474
13528
10136
40464
14706
6260
10220
10246
2272
15336
7160
20474
14106
16284
22300
17277
13691
148
8310
0
11118
27844
19900
10776
35851
30066
11766
5730
15408
6540
26354
20084
10121
3919
32334
11413
4248
83596
4099
13768
7330
383
11259
17644
-1
5592
31299
18052
8950
5786
18619
15352
38752
11294
18914
6642
3508
14292
18018
4202
16801
24181
70
13713
10001
15153
19268
18696
-1
7785
20586
15164
8198
16631
42904
20718
2410
2
16374
3500
20184
10092
5931
9584
45712
19752
14565
22958
44107
19602
38316
34997
24320
1823
15706
31678
11362
37686
2818
12470
7374
33794
6314
8781
760
1076
22182
14020
15864
30920
3487
18327
18194
2303
10722
15081
775
47436
41986
15799
44582
14805
11284
3576
10724
14302
31020
19946
7432
14608
81292
7492
27678
20710
18146
91244
7960
5323
26813
17527
12534
57277
2644
1585
0
5552
9880
32058
11780
11933
3617
21201
6792
550
24424
20180
4100
13408
52596
9911
0
13136
12670
6415
14086
64407
9690
6366
17589
25281
68668
13134
30252
20822
36459
9960
10557
25910
15499
14744
26718
8421
19756
4124
85674
18609
12284
774
3508
44532
10144
16548
16690
6423
53428
25148
-1
25524
11898
2390
14159
-1
6461
14464
28946
16290
9914
11430
25002
21252
4765
18908
19867
15114
5286
7914
13802
8640
12796
7266
3768
10970
8676
3584
12754
6703
249
4718
20776
11750
8362
9208
13540
28169
4406
2492
11904
15953
15268
2292
18296
33842
15920
6014
10548
352
6264
10301
3756
14426
-1
6
4574
20062
2514
4812
14207
4056
11380
17638
34954
3799
15191
23339
12996
7292
11264
6512
30578
19290
19410
16864
67018
21479
12772
7614
15353
10854
3904
11758
9628
2561
1410
3700
4827
15196
12195
14504
13510
21160
25582
-1
12629
9858
13125
12505
16628
17042
13219
4224
21346
11707
4758
5420
18711
8129
16513
50857
18448
35806
9942
40473
58430
18433
22338
12730
9040
2126
16214
13766
14158
41212
2248
11382
24492
6897
27158
4839
12640
17000
16591
4288
13294
16724
8086
13124
8985
4775
9402
8046
20444
19268
6044
31197
0
11190
16150
5756
58974
126
16516
17362
2632
2
22031
68
17106
2704
2515
20542
9127
8058
11454
6576
21670
16162
13432
12092
33952
11316
18474
51261
31038
846
28030
33798
7474
876
3795
20572
0
10842
8500
4033
18850
9636
14828
3112
16229
63286
3576
8696
18435
8561
6488
12058
25452
29246
15210
40356
8792
14950
21672
40509
5030
17020
20978
16799
16148
26599
32086
29630
1406
2378
11414
32462
13126
14777
19676
14998
23334
29226
43090
15308
47576
16185
5728
11850
16250
17426
9038
24007
0
5464
16827
28646
131
18687
15793
-1
12446
410
22002
14390
25042
9773
6231
3104
16557
23818
18948
4404
17820
10416
18526
1828
91134
7806
28988
13391
9560
11468
14039
38054
10704
64552
2952
19780
22824
44584
22732
16400
26764
16124
28810
12060
21210
14662
4968
17278
0
19752
1534
18524
7124
19740
50234
5327
9787
6976
10182
14848
25595
21250
22514
11392
12842
2046
24752
348
9577
2433
15988
38292
28573
19716
36688
8864
20085
7533
18406
17679
16734
14524
4493
9189
19543
13897
81230
30502
210
5696
4734
7250
18540
3241
12647
8966
686
12222
17372
15550
22334
37098
24381
48190
11826
5308
18052
3614
12397
10046
6042
7604
3042
16251
18696
13455
0
23048
74130
22350
24218
12886
2640
12943
10208
10111
0
27783
1746
25637
17292
7902
2522
26970
0
22251
10723
14132
74140
8867
5574
31355
18069
3655
18592
8954
12502
14120
21344
14866
28544
10010
3567
7493
13874
19577
18318
3944
15313
11645
14244
104
31822
63843
3250
16621
7162
7215
4372
9310
13858
16180
2680
6082
0
20416
2942
2148
15294
12259
4918
21236
25546
2643
20979
12101
20326
330
31225
1689
7574
11628
30204
-1
24699
8052
38148
16620
19281
38488
18614
4442
13912
12894
2
16906
7858
14748
12984
5206
42725
4947
4426
4986
8472
5106
2033
15994
20620
2138
19345
21116
27704
7992
30826
49272
5478
4710
3798
15058
11412
13594
12013
57664
32508
14728
18586
5972
10125
618
7580
5198
9588
44235
15407
37037
19730
13754
6411
2
19628
19174
14992
15104
11675
14054
20057
25164
3910
6800
8913
15332
-1
38678
1686
15990
7139
12500
14180
1848
19604
13610
2018
16414
8464
7464
22617
19860
20797
10676
23478
49182
24648
2
8914
17900
14505
0
3268
26301
15162
9700
24458
24958
17969
16746
2808
6546
10062
27688
51442
19321
12576
21939
918
924
7046
91486
15971
18066
4704
2513
26258
8529
17422
58193
15698
51886
19588
18772
18809
20001
27960
11071
18170
16132
32621
22414
0
24294
4000
11550
25920
40339
13676
15242
996
3902
953
14128
16160
2537
13688
18220
19882
16643
2059
6148
25622
10497
15273
11969
13765
6196
20014
3669
3186
11928
10446
9675
20584
17589
2784
14644
15122
-1
698
9858
8285
2216
9
22484
713
0
16624
40940
0
14500
83256
11252
5243
12503
18468
19571
14842
12718
3024
13652
17334
37588
10828
6230
12302
37966
1870
39574
12990
36001
7522
36089
12846
13200
5707
14382
1294
11602
17214
3267
4776
10810
27992
43153
33078
3434
21812
42046
4325
43932
7630
11170
40850
9786
13438
15120
0
10502
2549
28068
7946
12857
16649
11239
57344
15062
4
17214
17914
3250
17226
15171
28614
19094
2582
4874
19402
11731
13946
30312
2729
4912
18204
34944
7164
8732
13858
16468
15854
18198
2414
15089
8898
8691
3920
19372
12738
4586
32888
2967
23818
13746
9448
32556
4480
16698
0
8269
8678
5522
12946
16293
10885
666
1460
13886
16774
12616
18890
16422
9502
1829
3320
9337
35274
11472
6318
12965
14717
8618
8114
8149
10648
511
18140
1398
3106
18654
17791
11316
35443
5424
33224
10028
21303
4483
9523
2064
18938
22411
72374
11512
2496
8561
15912
17202
1794
22969
0
8161
15522
18960
14989
7936
27824
7644
2532
4096
16552
26774
12287
33908
0
16529
21326
-1
17769
15809
26016
11116
15922
36342
24407
39988
4206
22924
18563
22341
37407
18129
18116
36250
13532
-1
20466
10194
9904
4683
9614
30035
27801
0
1134
42084
2
19294
11579
3357
8054
17272
-1
20526
84938
10029
10149
24086
2522
18565
17096
24521
29750
22904
5565
6106
4790
60021
17558
36422
5208
0
15542
15975
29608
16168
16676
16560
11064
10266
13652
24656
18404
26682
20992
4790
19196
10942
20394
3830
3086
18032
23370
27292
33220
15118
25028
46454
21079
36305
19260
15746
58587
38950
15068
4976
16362
2802
17082
16359
17635
19612
13415
10981
0
0
9048
1528
7216
9422
40188
16128
20236
14974
5090
16179
5736
16924
41614
8319
40478
21132
25406
33182
17184
3632
9072
5512
6
14470
5744
8806
10794
7328
14274
12588
16606
8683
11714
9336
15202
7944
2587
7024
5896
-1
15385
12288
20062
9668
15439
12448
6075
6558
13540
7625
0
12806
4067
23548
10066
14169
4366
13408
650
6018
42198
18786
6848
5550
17376
12404
44962
-1
16444
31566
30144
8076
20514
8558
13628
5400
25456
14616
15980
11294
15206
4642
8603
88114
10700
15533
0
16871
15432
7654
88598
9858
15060
18884
25612
6144
4800
29061
16677
14750
2128
15160
1857
25775
42467
12158
22448
-1
31374
6926
35657
10668
12571
78246
32744
42810
6556
15112
5771
11709
6179
0
15516
3737
3270
11092
41204
2771
19386
17584
12174
30580
8961
17896
7034
6674
15724
37913
96
16882
5000
26306
7108
9655
17180
32904
39742
26076
11902
3003
8102
26639
17908
2571
22067
2041
13788
13498
86048
61323
13475
16810
31021
14100
17058
16832
7652
16147
14164
11854
2198
14384
5012
20476
11942
20792
6897
8904
19444
19224
1385
4258
11806
8934
12420
6872
21720
15313
19414
10674
3302
12694
16053
18250
10392
12260
9704
622
14776
53336
18684
32240
5615
16484
20395
5296
14645
4468
8234
10716
30072
1429
8042
11962
0
15050
14472
13664
7414
14336
16948
4
31406
17264
5196
14996
16752
20316
10603
79868
0
2292
15972
0
8655
23288
14096
3080
31566
8268
20312
10702
50990
24292
14534
7348
10669
91868
8884
32222
5860
3556
16123
27062
0
14204
5248
10056
3777
4543
14454
5384
7893
14341
12184
15118
5000
16618
-1
7786
16398
26522
4
21518
29407
31320
18652
11840
20592
-1
4803
25250
37937
13474
11942
10698
20984
14980
2056
16462
30297
7462
19970
1898
1660
15650
22598
37824
0
10132
7954
5288
15790
14930
38250
3874
12170
16008
13862
6108
23538
3954
23123
11698
17546
9295
6761
164
5402
17470
2168
30586
16506
81388
9016
10110
48142
-1
38021
-1
11999
16112
22268
13740
3410
1911
9286
19036
15436
23650
9691
11893
16631
3984
21592
4748
454
14380
4852
3200
23978
2404
6408
28506
1341
25299
100
5872
2690
1926
27592
19543
16552
10908
17000
26159
14973
6094
21403
15756
60903
26042
16914
2878
1326
8780
18180
35788
0
4828
12021
20642
22574
13722
38536
23172
0
16081
3869
11730
15098
7164
-1
-1
17418
4358
1236
25850
12898
0
5076
20550
33796
25654
7354
77048
13004
14628
55893
8704
12762
16780
17096
16618
10767
13374
5190
6677
25305
7860
9685
16035
-1
5183
24318
-1
2879
7926
2832
14966
6822
13119
15731
3460
9410
30417
5977
65060
6152
18486
15016
15228
12314
2415
39166
40600
14705
14910
6430
9361
15340
15288
15001
10688
7414
40981
57530
18486
1018
225
8189
3744
7250
2938
0
19110
37451
10010
17090
0
16701
4832
9123
13797
2117
17154
890
18126
2254
54476
14167
15918
10374
14290
14985
28978
13723
5200
13603
13954
30670
20507
8923
17520
4018
17204
5578
16151
4668
-1
0
10690
18226
88534
33366
25092
10626
25004
2624
27072
-1
0
4158
7787
16928
5646
573
8338
3074
7958
20579
5214
28073
10309
8219
23534
12340
10366
4554
32970
12626
30968
-1
3400
17258
15409
4528
9281
9256
7530
37723
18580
21602
13184
4
39170
13443
16588
15300
23304
13944
15133
1230
2
21524
28322
19206
8312
10017
11898
4846
3121
6092
17902
5572
32772
10153
17169
24735
19282
16766
21015
23121
15378
20343
21388
16165
2928
17560
5744
23183
25411
17818
2510
11364
68
14398
10054
11693
8632
37438
15036
14768
9742
14652
16626
4234
21412
2692
14260
52042
5100
7938
17347
26158
21561
30825
1142
19512
1678
15572
4174
11875
21905
10839
14762
23802
-1
2940
8072
25030
8455
27300
16386
46025
8844
37428
24527
13538
15835
4528
7332
24007
15392
18374
28684
31652
1643
-1
19281
-1
28450
11785
6891
4563
11154
25044
11361
14664
31188
33396
5064
14892
36300
13314
19852
0
9328
39842
10273
17258
20319
31950
12533
17770
18668
7640
15890
17462
10034
17775
18644
26642
7750
5558
3002
16540
8178
11919
0
34787
6876
0
6988
6704
10552
34958
7160
15032
6252
33458
16386
12306
12004
29098
14690
10571
10403
5162
9464
13263
6500
26928
18374
13446
18657
35554
15904
11266
47020
17090
14419
0
14848
16674
19854
23022
12202
3480
25432
12986
2118
2942
23030
46330
14299
22182
12724
79214
25180
19786
9279
6727
24510
-1
40054
1
14550
14365
14518
5775
12429
19250
30330
1356
11571
16061
0
4500
17058
15346
4982
35764
15761
15668
16032
14482
3264
20879
22006
47550
25509
11736
32836
38200
20428
22213
16414
0
5604
20974
14966
0
41138
89938
20436
15324
4087
8790
8570
22104
16399
22340
55052
2988
18768
3667
4266
19303
7961
22986
16375
7658
2392
6018
7700
167
3702
0
1462
0
13777
5616
8688
3608
17512
10593
17033
13947
270
76218
3842
5500
156
40122
20341
8323
0
3866
12944
8359
20660
10543
10824
2
4417
33978
2434
15388
5609
164
27028
16248
9184
21347
3455
0
4499
37880
2346
11368
7950
-1
5816
9466
23864
14689
22367
21161
12261
5507
10502
-1
23882
39616
20038
11488
16862
16052
8591
16302
12294
11447
59687
20848
14994
43356
0
26746
4
10882
11412
23105
17020
4122
2558
0
0
27002
10032
6187
16434
3870
13449
18484
15532
12964
16956
3208
7328
18470
18047
-1
3362
11977
9485
14424
30036
20604
36571
9740
12762
2891
11750
12190
5592
17037
8577
15616
13042
40358
4286
3984
21156
4962
6148
35648
42108
10614
10198
5620
12934
2570
32360
36397
-1
-1
10294
9188
4964
10477
47480
16170
25236
13968
2002
17235
15606
45254
19294
2410
11151
17094
9205
27203
24334
14324
0
3
26176
12412
5529
17900
7526
7583
497
15182
2928
17420
20246
24392
7510
15810
27530
21606
13320
8430
0
18238
35850
23466
4808
4214
15430
4408
16310
696
7654
13915
267
14450
48770
16196
5742
17616
89926
10806
31933
6
28
28902
2152
2973
0
7934
922
4913
0
16294
12151
13950
10202
5834
-1
22080
2486
22410
46318
40970
30762
4553
3958
6988
6200
2734
710
15328
44170
2630
4641
20478
58310
13594
-1
2447
11423
666
0
80588
16504
20032
5942
75000
17837
10148
8323
27465
54283
19976
6015
14900
10042
1980
16436
3484
5410
1422
13849
4
10832
28409
12536
23284
2359
3684
40639
5332
3284
0
19641
12468
14052
-1
8459
16432
8290
17204
7769
30382
7162
0
8984
61466
696
5908
27306
13716
13864
30238
30580
9930
22230
15236
32806
13844
-1
3902
75452
8868
14119
14768
-1
35394
29745
14870
15998
46036
1600
4396
19323
24750
-1
11700
6179
0
33414
7695
4044
12710
9968
12080
15352
20622
14449
0
11515
77168
14822
14224
12993
11704
20693
1388
21738
15430
17274
23206
11470
56241
2906
17504
28635
7510
19594
9096
21448
14074
14826
16499
13943
81162
18068
14685
4430
4457
20449
12245
9972
13736
-1
2290
47510
11022
17868
20975
3277
3504
15332
-1
17960
13933
115
22546
22002
22746
15780
22458
19690
6879
36222
21079
28446
13834
12371
0
15202
9621
0
9706
19676
10502
8089
4761
5798
6502
28668
19942
15404
8848
17471
0
10841
12948
13471
45564
12357
17014
35312
1682
15645
16176
7636
17424
18882
26213
12892
3752
8296
14246
41484
26058
14304
9353
39828
2754
27823
5139
0
8670
12661
23222
19487
33897
19406
34636
8634
4725
20371
17566
11061
31444
9890
19392
31190
24566
23656
13579
18572
25538
18448
8946
13151
16497
14072
12084
13160
6469
6853
12021
23204
43344
70858
12944
8748
12905
25243
1216
6954
4838
21001
9480
12845
14776
15526
17716
7328
16065
12518
8948
11248
8458
22098
35087
17444
3462
14770
12655
5739
12296
11096
23193
0
15305
16876
15354
18846
24348
25024
13916
21647
10614
27014
-1
15088
2932
28226
15782
8478
22764
0
1247
12842
3562
16788
32680
11282
3572
25
18046
25728
3447
13290
0
16532
734
20775
32544
23060
10876
0
10273
27564
1243
3826
31702
17310
28448
7500
27760
37072
20656
6775
2482
17016
3858
28344
17322
16346
23898
-1
5341
18720
16468
17332
3292
-1
17694
13698
568
49072
4483
21388
3678
15730
9470
11552
15274
9567
29052
1683
13651
22722
0
29058
29653
27850
10078
80118
25665
14532
13200
16676
12535
21582
5548
16835
14266
14902
14214
928
12900
0
2668
13971
20800
16108
12595
5396
7
7698
29304
23708
37434
37732
9656
14538
8196
15381
19104
22288
3854
896
19088
18363
19661
15750
24711
9047
5684
40972
17640
4760
15601
4788
22924
5468
3852
-1
18767
24520
17312
22588
3808
1187
13493
9642
17882
16709
10401
17372
18271
18815
14136
13848
3328
27094
37019
-1
3719
17753
32476
10450
31082
6679
29270
32226
3837
27960
26168
10157
16519
47982
16014
56758
16252
18928
134
8196
34200
20087
38324
15206
24147
2
12430
16260
2836
28413
13874
-1
12990
7402
24190
-1
14668
16411
8331
36592
1255
4674
28426
3386
16601
4632
8516
561
20211
55106
11515
5510
46784
5414
7816
3892
20988
4932
11322
20138
17013
33474
27970
-1
17512
7362
9094
24338
20370
4466
11526
24942
0
7006
6444
14784
39988
29762
8578
15728
19177
10541
29864
4910
14252
19406
1893
40502
-1
5344
15676
13284
20436
22034
17766
23848
19516
5968
6768
4941
25724
4604
13736
2508
21376
13752
10994
4139
7714
16585
5002
7948
6275
14828
25642
13562
2
13666
84286
4570
13854
49078
11516
1316
40827
1300
15877
20000
14760
12717
16029
2819
2986
14272
1506
6021
2357
136
10351
23373
10819
18000
-1
12961
10954
9618
18604
9727
83808
19536
26167
14158
18382
26574
15117
17516
33124
3934
15622
15153
18830
73734
9213
30663
15354
14488
200
12758
37474
12932
0
25482
8930
12568
52860
928
11286
18362
9045
8810
22768
23034
15964
16254
32584
49330
18906
8582
16662
31644
8725
45627
32208
11793
16541
8736
23485
5473
22618
11621
19886
0
18416
15084
8266
3134
54000
14980
0
12104
10942
13891
8529
2542
15953
22352
13783
18046
17335
23102
3493
0
12530
22052
12978
12807
16998
39018
19162
26163
29428
27517
0
15110
0
8704
15992
30982
61566
19606
24302
38646
6162
19521
12705
25399
1580
3952
26604
-1
8225
17442
8512
10872
11574
24200
10690
1244
26543
26924
10882
0
-1
13466
4116
9886
6128
17976
3248
6392
23692
13370
10648
5572
10715
17148
21924
18626
20220
3796
17743
23580
20110
10572
21286
17659
30223
15701
16106
23839
39369
12144
35158
10309
19802
28112
25534
3678
10660
15256
4354
15516
33864
14559
11992
3744
13398
4352
21876
2822
24411
4885
4153
9854
24078
1922
8103
20510
14022
41272
10926
32508
634
18956
8426
13330
14104
40314
28834
4589
2479
12007
69866
42696
51890
30439
9804
19484
10153
19002
19287
14114
-1
25950
618
14718
14132
16039
5619
3507
472
9619
18127
1872
7457
19268
20878
14906
46868
14296
0
20658
71766
12032
28218
17314
1390
2160
5182
38506
19
17412
61414
11486
22498
3770
11748
15378
7230
12468
25455
15529
14967
16668
12016
57237
12086
14982
25278
22512
14542
21300
1696
13132
10020
12268
26600
4173
1618
8687
28490
-1
34886
7166
14820
15385
15344
26558
0
5372
10884
28966
5798
9320
15356
10132
11112
14138
8166
910
0
23777
7644
11746
14154
65312
13567
13762
14608
3038
12354
3277
3666
16418
25528
16634
17062
0
44285
29306
5010
20186
6409
6652
4923
9284
-1
2330
-1
16320
13698
6354
14
7269
28643
12856
4858
15016
-1
16967
19938
34970
15526
5848
3928
16948
9190
10302
10482
12163
19842
15709
30578
247
10447
7523
16259
31858
25220
1980
37301
5628
6677
9096
15787
12730
15392
22914
9633
14629
67424
30717
11573
37788
14306
16546
4186
11699
13126
13290
11796
6556
14427
2468
14334
4388
8308
784
13111
11822
18686
24268
1661
6875
6954
12383
30344
9794
16023
5170
9914
2098
3716
8372
27028
2473
12600
25440
6592
10894
20407
62736
4900
12273
1546
16396
21520
10758
4506
88372
3562
-1
23319
2616
18570
44780
42923
6
2148
19154
53791
43178
21508
15298
12725
64645
1326
9286
49942
9470
22710
13777
0
26283
0
14474
14866
18382
18923
22552
8322
12930
19709
4410
20152
0
3761
196
10327
20044
16322
14932
2
16708
15949
72606
2198
584
30342
10145
20538
15348
-1
17083
19418
8071
10588
9864
28930
6590
20754
13344
19844
17159
9637
8132
5876
23174
9738
18303
9844
22193
1956
3663
9345
16418
18468
12142
2018
13517
7370
0
16709
5492
19766
14436
19399
9740
16755
14584
17448
18354
46358
7198
15679
12174
7141
26028
14164
15228
768
26760
13862
7606
11108
16542
3090
12682
5078
21172
10136
9730
11539
18968
22406
4537
43811
6024
25858
10014
2973
13644
17224
336
8488
3131
9410
4698
24587
5084
12271
19319
55589
20365
12092
10754
0
22014
10705
26846
34811
8524
4526
22494
18941
5545
7666
9420
2875
15583
552
-1
25196
97
20440
19582
12368
21512
6138
16344
17188
36636
32681
1344
33359
26192
5422
22182
17721
4758
18238
9398
0
16112
16334
18572
14868
40231
14300
16680
10984
21330
15264
5226
21030
-1
15706
3346
16939
24695
10768
17564
2
16613
10026
42196
26116
10491
7846
9648
10474
15342
23752
12036
4180
2404
10287
9286
21774
14914
16986
12564
11512
27768
24606
2499
2319
13166
17446
6934
15395
16342
11028
11104
23578
0
16405
18392
40473
0
14045
18758
21190
30320
19886
6018
25039
0
11164
7924
0
14558
11463
266
7740
67656
30438
2082
13594
15298
-1
12512
48690
7441
26966
4402
3982
8440
12082
18290
22682
16324
34139
14880
14784
19392
11389
18589
14720
13206
9619
0
9416
3592
13868
17889
0
0
20933
63356
5178
-1
5292
5255
17346
11214
25702
16256
5450
15282
6188
13278
0
6526
20206
16188
7890
-1
19276
6417
18376
27540
16897
20972
10719
3490
20492
28746
22426
8221
5392
8210
10820
3764
26820
19722
-1
3194
44679
11532
5150
6978
18026
10381
32980
6778
26264
1388
10942
13390
-1
4100
5760
4067
30892
7488
19154
0
13498
21166
11848
19144
34352
19068
48614
20249
38166
14342
6780
21539
19238
16068
17266
17849
16786
29732
4035
24860
17896
8246
64874
18217
17062
48960
11842
6198
-1
19569
3135
27923
11710
9345
12338
5331
40426
12840
12698
14198
26011
-1
15934
14344
4884
38624
2016
24012
7074
-1
12263
20181
7712
3850
5431
13801
20714
31212
14516
20788
15504
17974
13960
12261
51472
19831
22242
9314
1341
27248
34037
11406
5072
0
13636
7522
18102
-1
14710
18668
6011
0
60584
12630
10294
20742
16144
5832
9416
4738
6016
22412
708
25860
21466
16410
20000
2868
6929
5833
10170
8020
14824
5692
9270
9568
10648
55429
6840
11796
17822
17485
8602
9347
24464
1230
24439
265
7779
16084
11367
-1
992
17578
25539
28330
200
4
26000
0
21474
3916
22507
16940
4418
5247
6077
16176
33178
15085
6764
48937
10226
16394
19962
16798
9072
-1
29054
500
16597
7670
11560
15280
5538
9052
28580
8482
3304
41160
33308
16112
15772
15026
31956
3118
0
17004
906
7774
15943
822
11455
11074
15392
23194
11227
10302
18692
5212
38681
19822
7974
21651
26604
15138
14686
19834
24697
4572
6368
25810
4437
16774
16124
47566
902
16686
0
17347
3294
15246
22901
15988
20258
39548
16076
10153
668
18975
23552
12375
11852
15024
31724
5872
23548
18985
20988
271
788
18118
29307
7254
23824
16105
25970
11393
17033
26416
18210
43818
37832
38810
15212
-1
60904
1944
9944
81274
90952
5755
20696
8329
27002
4352
13772
13324
-1
23658
13159
13488
0
31906
6343
20304
33484
32539
11748
16500
18514
13676
12849
13778
-1
5898
17710
22738
5968
-1
19852
14540
25690
21020
13348
29960
3610
13261
4250
3494
13186
11004
21947
38076
2949
18903
14810
21726
14920
13308
8772
19344
15297
41438
15740
856
-1
12172
15352
1756
25164
0
27058
37161
6358
3510
20550
86884
4628
11021
15607
3976
-1
59307
9000
11178
14363
20593
16666
15576
17075
21442
0
41261
3666
7608
1899
17240
8460
6151
-1
22234
6891
29584
17324
5754
6296
1132
68178
26332
4926
20864
37684
-1
24343
15936
1864
14956
27987
14778
2466
16684
17160
14162
63441
11549
2964
1853
15236
11892
1386
9816
5530
11796
202
2124
-1
2
21340
694
18752
37840
1356
16588
774
23850
13105
2702
5933
22700
16088
24664
15146
82852
9385
9876
2766
17810
1854
13303
1737
10618
8606
3901
13894
4248
13880
12830
15286
3264
41336
6846
18098
13950
1088
47166
6850
14745
9400
2898
20380
-1
85248
-1
22076
1047
26550
5308
0
9534
1312
8777
13864
16632
3522
7374
19312
5103
89032
11820
8100
15776
9400
160
11244
451
71238
18412
16792
18538
16916
8652
15542
18830
25508
6100
0
13108
12543
12184
-1
1392
7686
21980
15962
9779
23028
17918
19090
6856
2602
29336
3276
11428
27598
22192
15860
16303
50352
15994
17916
23074
0
15829
10337
6159
18642
6754
496
35100
4562
9756
16109
6821
15700
19574
15888
10678
15336
14914
17719
10400
16626
36154
12848
27752
6898
26290
17182
8496
1245
30668
4710
15614
4035
30524
48553
17702
15144
3562
2654
19880
6820
12064
1118
85584
4368
17162
12876
44047
6344
6361
5488
15880
12286
6493
37808
12752
21986
4090
14300
0
15866
12756
45538
6280
30484
49137
6751
24234
13758
35756
208
15752
17248
4874
10728
6650
18270
15646
-1
15989
17031
12158
3983
11340
15245
2658
22310
14048
17929
47904
15832
10154
10292
53196
13524
3036
19130
91196
10287
25865
15818
12361
767
14407
41715
21156
784
15126
3004
36246
13804
36764
1784
31584
12290
5236
10286
0
28371
16816
35558
0
15494
20848
8886
33254
32016
34634
16198
0
4382
11846
12512
29052
29899
11229
11269
12603
5981
13884
17412
14004
12696
43424
11731
9390
40464
13280
17120
3683
18654
38744
0
31092
2436
16769
14824
17950
13055
20087
16439
11286
2612
-1
14102
4674
13478
3765
9498
10852
-1
15679
14156
15025
16370
30700
416
5618
-1
15244
18031
15076
12640
-1
20175
13338
6556
36680
1120
15680
15418
16183
21127
6877
9065
4462
2575
0
18630
15420
39330
4384
13424
16666
22411
38232
62
2
20815
1
13920
16380
16162
4388
12210
22024
51679
43968
16082
11836
12320
8694
35796
6857
35340
38860
42606
16028
11884
8925
21561
21188
10811
1766
34790
24974
23682
25090
20400
14988
10664
11821
17720
2
17853
13385
24344
1752
20554
13114
15980
4576
18449
14856
12834
15315
8706
6305
15912
7199
18060
1208
10206
698
14826
0
16888
17824
0
5432
1560
1064
17486
24706
19322
3896
4016
47758
17172
1202
16915
8338
29302
6886
4438
1559
21268
10438
10964
237
5310
40196
16677
2543
20148
4382
11348
6274
11644
7503
40513
20622
23822
15137
16390
11640
0
2612
19389
3210
8938
12144
53292
23586
15244
8840
15674
11057
12788
21900
14688
45708
43851
11854
16773
15410
12260
8300
8522
11636
11382
60306
14843
9306
13537
15818
3362
16150
16192
14105
22509
20990
12616
12986
11779
37842
45740
10738
5163
13252
11527
13099
8900
1560
9868
20737
3736
0
15393
13420
21196
10660
13984
19267
18124
26024
20714
18708
17942
6767
18014
15084
17703
20689
12902
74428
7374
34142
2
16603
13852
31180
7466
19371
42094
0
3766
20344
13290
28391
48200
15752
50734
4864
16496
23992
15354
33915
2
17967
16500
10557
0
11456
21836
18346
56485
4661
5282
9916
19767
50464
810
9418
25008
61841
20526
14956
10056
16966
2816
14774
20538
18394
13212
1363
10507
2908
12060
12762
29642
11445
35215
0
2846
33492
323
12158
24246
2692
22924
458
12650
23235
25265
11954
15325
2302
4923
14814
8216
738
23450
11382
22128
28480
16034
15792
2241
14774
8260
10926
21479
14638
32711
31696
2860
3233
23374
19254
17856
14644
25040
26382
11872
13546
21274
13549
7933
10828
13292
25990
17368
20627
12264
9981
5572
21816
4024
3199
17563
11148
2942
16318
2830
22102
17649
9308
4492
63016
24710
6835
5780
9032
0
11607
10422
22246
13848
539
17956
23874
15068
3721
21422
22080
11707
15209
22586
21397
9370
23693
928
6466
7542
18940
22482
14036
18390
24753
16595
50
21000
14816
23414
17824
77770
5998
3672
11650
17860
16925
17070
15566
28098
3122
20252
1868
8799
17236
17716
30528
17926
15029
1982
20730
27752
6514
14978
14472
5506
10714
18172
3234
11912
10010
7205
0
0
17597
20932
2520
17269
4888
-1
12692
2
55981
4052
24514
2531
21916
0
24768
15774
0
12404
1396
17015
11795
4845
4972
13692
15782
16458
14012
10130
4856
11420
17497
2041
13910
21784
30212
9261
9314
18192
7629
20666
1258
17708
20647
3231
7460
41744
25046
17544
26508
11562
45227
1412
24722
26070
26622
9700
46018
9829
0
1
30409
2034
18328
5608
29586
55208
5132
10514
13990
-1
13492
10004
36818
14954
20270
21496
8067
7164
18736
23425
7309
17762
14697
15326
11662
5228
20713
3463
27848
23240
11478
15951
40876
18480
14475
22202
7356
1444
29051
9734
53344
27353
33181
6090
17116
15950
27690
62346
71392
10854
29484
13990
20294
13646
26522
31123
16121
25798
3535
20974
17220
12338
3300
362
15064
13482
6172
2544
21394
11546
9509
35126
6796
19014
12768
36574
7101
29472
26606
1076
8871
15304
0
14776
37906
55531
17858
35723
6071
19707
10481
46024
4710
-1
13415
15384
0
12828
61802
25367
16728
16412
15232
2095
20294
18782
279
814
12044
4862
13442
-1
13736
10288
15120
13262
5134
6091
31439
27040
13480
4013
19058
1189
12372
31672
7754
14653
11236
11369
6436
13789
21206
22620
30342
9369
7965
74026
6250
5508
21058
27908
47843
10040
4454
21636
12597
6712
5492
1136
37206
12240
8842
15754
6635
1815
8283
4823
15439
0
50888
28040
3212
12968
-1
11146
2412
2236
16146
7270
7811
22438
44217
13454
16110
10994
3453
23230
1739
15816
9486
16204
10553
0
19080
12577
16966
0
13428
11930
8138
17078
16162
14198
24398
24334
1937
27422
16853
28948
17237
15176
1928
32854
11374
28741
-1
13480
5520
36536
3855
0
9448
25966
3936
24
2410
14591
19438
2173
34102
34223
11612
26581
14434
16382
27588
18714
4844
7982
20396
3998
0
5635
58417
17828
12320
6484
51480
16492
11248
87
19901
9706
4850
17006
19913
30554
17122
23270
-1
14586
-1
4998
47540
3254
37650
15852
21378
14974
7474
13659
4851
18457
17236
15482
4306
13451
13266
2639
57444
8730
9440
18474
868
1925
2232
18514
13326
16496
15604
3
14885
15084
19454
16301
0
13508
17794
10557
47983
16926
12377
14349
15054
24722
0
11854
17964
8938
2810
934
51130
8689
11546
8514
14537
15288
-1
48909
34524
45295
17098
21256
13998
16826
15438
16568
10188
18758
1648
17485
10286
0
24784
0
-1
14630
25718
6076
9410
20152
16736
16362
29750
17386
21790
10011
1358
20701
8792
264
0
14783
14052
10514
31283
16266
0
10960
27200
-1
9540
8380
19162
8277
22651
14338
13464
15268
11064
15616
25241
4998
8562
-1
16608
30843
12366
14442
9224
7906
0
19106
17872
11425
15949
7108
14886
20652
14352
15951
12720
36024
0
15711
-1
16166
42207
1327
11566
1138
16796
15042
15831
33004
7260
48062
4868
24002
306
28169
12419
23424
9274
92164
16240
4722
49520
12314
6499
25472
37394
14928
7583
12558
15096
8510
50796
7856
13652
14226
4992
48044
16230
10938
11876
46443
-1
35150
9802
16582
983
26052
-1
9197
2420
35542
18146
26950
0
11910
17210
-1
122
10086
13105
18323
15598
3484
526
3374
22660
6507
18086
37098
10919
3682
35656
14072
14023
5006
3971
-1
19906
3811
19692
3222
63070
19794
17454
33670
17856
22141
9634
16831
17530
1849
8140
16887
25044
36068
32186
2960
19794
2222
13870
1010
24287
32738
26760
-1
52460
16718
-1
9680
1760
-1
5786
39920
5456
11425
15906
11311
22736
24150
20122
7420
6186
14647
52580
13549
20456
37402
4426
22956
5364
19810
11536
15789
44144
17883
2822
5361
27782
15952
4623
15624
15180
18456
11692
6274
13989
18866
19104
0
11370
15653
11034
15854
16304
0
17310
21308
13410
3236
13466
10304
6084
18132
7880
15800
11968
8344
19634
8445
16570
41832
18437
11690
14575
13978
25560
5930
34126
36590
30431
23941
32810
4417
24933
2472
9590
20918
2986
0
-1
18224
34296
9260
9878
17930
15094
50306
12872
13594
15674
13716
13841
19929
24899
12967
23682
10797
8366
13418
12830
10264
1400
73830
0
7142
15983
7673
13105
19694
25988
38075
20570
2883
15436
31188
23545
24048
16860
28273
60602
3190
12568
13968
3019
21510
11381
10750
0
29518
9057
50560
12936
9618
1532
15668
5487
3435
25564
27862
26684
1332
12547
37096
10818
5865
2506
2738
17586
11219
42844
16263
8
21908
90630
30518
20904
4870
16890
16420
12240
13344
24868
12904
2840
3330
15978
15962
27640
8945
17040
18248
16904
11404
16665
9584
7176
3844
644
11940
18427
21488
10228
1158
6016
19232
2177
13361
5998
7
1974
0
7330
13350
31006
14645
13242
9343
10459
-1
17540
2970
51040
479
22106
33196
920
5590
0
43220
1318
27182
18418
6884
31161
23316
19126
25601
9282
2590
19863
6058
10659
6590
13282
18582
13938
9192
23378
27320
1702
8672
10469
14740
10093
33612
13262
17434
0
17991
306
10337
40008
12188
12065
28738
-1
13338
14044
12719
23190
38886
17471
17542
29418
14500
18383
11390
10830
4462
24153
19040
0
1732
17868
19228
10787
9468
4168
8744
6202
234
0
16228
14814
13586
7392
18798
19880
4259
16056
8447
18090
12364
13989
4536
42566
6222
11653
20338
39412
1342
79604
14408
800
12853
7276
7889
16340
35253
8957
13112
10436
2670
2366
11031
2
28850
12284
5505
38676
1705
14190
8215
51906
6692
11279
9180
2514
-1
13470
14976
29470
9352
11627
60064
9066
11351
7789
6022
4147
24176
7382
11668
38628
37192
23609
5444
40006
17241
13257
6222
5076
9108
17860
3327
15450
15282
6314
42421
19014
21200
19488
26792
0
17239
5287
37337
10774
-1
0
15107
2080
14988
16158
10524
6882
14466
21626
7588
16420
44069
1164
5566
24098
4462
41208
9926
1321
7625
18986
12680
21460
15008
0
13500
13086
15149
-1
37009
35802
18826
51619
6338
23697
9446
13940
14465
10454
19992
56362
15598
10188
29789
13090
6440
24593
15236
9530
5697
20181
4514
16936
13362
6527
5878
2250
6853
8529
15548
27049
16614
17800
34810
3648
26265
7780
33997
17637
10419
13982
15078
0
22462
44254
18974
21106
21587
13528
12010
6758
43512
17762
0
12000
18071
1653
23360
13106
18372
44978
23676
13843
2508
17878
15318
5892
894
11352
16550
12628
66830
10910
1544
15050
25922
12712
-1
24971
14804
20821
22625
11745
3705
19961
15261
11065
9149
11469
0
12500
19418
6
24148
11936
7292
9555
17606
17315
28546
10878
27638
26068
13578
12214
380
5968
-1
-1
16444
13792
5384
36614
5218
4116
-1
2473
15248
75512
19191
2072
11504
11291
76908
60180
18674
24281
2819
11336
12882
15932
9696
9691
11304
2963
9211
75006
4920
9761
20712
17539
16644
13816
5378
21868
26668
73804
0
18193
16642
5631
33108
34045
7684
17598
1698
19611
1557
4760
6534
5258
16450
6946
18068
16801
15798
0
16072
18498
15352
15798
10494
17276
3708
1471
15928
0
10299
42531
17322
10146
8912
14534
36206
39192
16390
0
8652
3644
17590
7602
5027
20964
24282
2169
16830
9260
3431
23462
6795
8394
19972
9227
5348
28594
17634
9924
-1
14082
9254
12507
24805
18509
21810
15376
15542
1450
5046
5249
13162
15764
959
10167
7678
15264
5868
11378
17068
49160
9175
534
12269
5419
32078
5933
3543
20876
16812
17982
4942
36809
9330
-1
4321
17149
234
9928
21992
7671
520
14950
10586
25672
1556
11862
1514
8238
21584
5779
4556
4138
32009
33450
5900
0
22982
14586
4534
86468
22450
90200
8906
629
18204
33242
18038
20045
-1
16448
15536
15800
8960
4919
15157
15799
11792
6104
5735
21620
17778
13066
12502
6814
12046
13210
3821
49234
5750
12967
3700
24740
25095
17033
23126
7588
7756
0
21120
9480
3925
29022
34414
8707
15305
18369
-1
51502
11788
18558
4688
16498
13199
19361
9688
16706
3533
62050
35008
13214
9916
19212
20337
21223
22916
13190
7598
22328
4560
26026
9340
1910
16103
12200
21855
13278
17368
6246
-1
3056
9687
-1
12859
8062
5858
8792
516
26656
12039
16404
33676
33729
6062
10254
11348
23209
26645
12383
4564
18440
19359
21638
19928
4097
302
40800
5332
4216
8534
31314
6366
19419
0
77988
35213
26322
7710
25167
6942
8486
13649
0
4104
11179
11428
32720
7526
22784
17148
38244
14894
13709
393
15169
3726
13834
18024
14176
11062
13064
24776
11934
22159
17112
3286
8818
11244
35230
22054
11216
34870
2
15862
19856
8628
6724
11287
10078
7516
5757
4492
16740
18007
7842
11848
11839
22685
12234
3448
16785
8538
19604
32144
30015
7268
61247
40251
21499
9301
6082
14384
16021
12994
14738
3906
1212
8760
37556
2328
4351
8815
3724
18902
6492
21388
45255
103
21540
-1
14546
0
14438
32924
21300
22192
41054
6052
11060
43346
15150
4144
15898
25078
68422
2204
33492
35188
12630
1092
23454
5918
26112
20728
10046
13876
38123
24410
0
17638
-1
7477
12020
21663
4752
17222
8820
10804
14958
11724
12973
15296
26396
23894
3400
21354
12411
4166
-1
19302
19941
10293
12562
10710
2904
2134
0
4519
5187
24067
2396
15420
14242
17826
45446
7102
28110
87940
15330
26567
14622
15363
15293
37654
21384
29008
8540
16812
2390
20266
13858
10667
818
15702
-1
23502
6848
17762
12252
69632
21934
0
13739
7730
36468
11604
16272
498
7705
11791
23782
21543
7630
20006
4138
28374
14047
15163
3386
6652
11288
-1
3968
8439
0
24040
19579
24226
17147
23344
15543
8713
13
-1
10830
2780
25914
12887
4135
12178
4354
22618
-1
15882
16242
4704
3610
7272
6705
5598
3514
18720
13100
24095
6588
11508
25103
20591
16652
24448
9313
10512
33612
14350
3560
13908
20754
14285
17760
788
11542
15008
611
12508
7750
17202
16218
8384
26676
27546
8576
17710
28670
8956
12149
20003
19229
5824
6021
10957
10759
22980
5832
26246
24059
13576
0
12992
30068
5808
9144
4061
26720
16612
4310
14684
11918
13275
3920
2416
14743
15894
0
26804
3076
8380
3809
15892
22479
26270
40716
5358
20366
19939
14932
13204
7640
29409
26
19964
413
22172
52054
9420
12963
0
14326
15792
28522
14116
6877
10012
16614
18195
16428
8620
69
24165
5428
13638
10619
4122
7602
18086
16439
13430
3892
11106
9360
15792
14536
30538
26399
24414
-1
27910
8576
1414
21400
13638
7507
15751
5651
21787
12088
3844
15494
16152
11043
21166
4870
1454
1258
21742
12369
16900
16699
10894
18172
4984
12777
36257
14548
20831
0
14715
8080
12781
17729
10820
27427
26024
7452
-1
49881
7488
4366
5436
24256
23458
14956
3226
8074
14546
89774
1780
4802
25488
64
21777
6094
21513
6222
13274
23830
14164
4495
13026
8827
9056
20146
11560
0
14356
54202
50234
14050
20881
20192
16619
34850
2676
12866
23084
25220
5569
8818
0
1662
15150
22023
35298
26251
30212
17040
29293
4591
23422
-1
34805
33737
15200
-1
17050
19722
12781
11240
17424
5168
21769
12812
22106
5140
14326
19344
17604
7126
29066
3089
30483
8312
4973
9074
8550
4885
958
11094
13838
16801
2072
11011
-1
11980
10490
31232
26800
12024
2024
3778
2948
10978
37690
47964
15592
-1
49810
7836
8504
12169
35218
80590
49096
45680
30290
15168
13916
27646
9964
18720
11450
7592
12943
16317
19277
14194
25492
7532
21520
10868
14440
7078
20610
17911
23311
16382
7706
10946
937
0
27494
11738
34914
38969
6382
3494
11408
5559
14190
10084
12208
-1
28568
0
13780
13356
8534
47756
10518
30425
22530
40490
3612
14827
31822
3610
20250
19776
43426
33634
13914
20297
20480
19032
29526
25020
2072
9655
14995
10344
21661
18713
2466
52656
13326
86080
-1
21210
17274
12722
17031
24640
9676
0
4784
10960
8
12531
10798
17786
190
12170
51146
11468
12082
88986
17035
10982
31234
11037
4132
14992
4598
31906
7548
0
15188
34266
2846
3521
12602
0
372
9808
19916
26645
13730
19976
17338
27600
16320
45954
12552
31964
13966
308
8644
13461
16014
16188
15006
21568
29346
15458
26584
35418
10562
22662
16378
16804
7360
3392
31406
8569
32664
5882
12838
10774
20520
19707
27628
48471
17348
14552
7851
15818
27500
53067
13118
16230
60732
33848
4588
12765
15056
20495
15012
11252
19807
17817
6276
21628
18530
784
17004
19864
13977
7524
29078
16068
17167
17870
8760
9310
8294
4492
12564
5976
24696
51420
8694
16902
1043
2198
10538
7526
14327
2320
14958
15506
3469
16194
22178
7231
28299
3947
13148
19680
41977
13768
22868
3182
28832
18908
30134
13898
9696
276
21434
394
19289
4638
15156
298
19960
31224
4484
843
9049
6550
14254
8382
12110
54329
-1
60277
17504
4171
12564
2823
43798
1780
23318
3193
4236
15348
11844
13769
35117
5292
29576
20508
0
14296
16962
28034
7086
14228
3554
-1
27286
20563
25490
17727
902
15064
25574
0
8627
50895
25526
3560
23764
36621
1416
60776
1488
8706
0
4546
8298
43240
3365
32434
23788
6180
19908
47249
5372
22446
23549
42258
6404
11256
2012
17502
12554
16794
22259
7406
14254
12998
7910
11652
8906
19759
2390
0
12740
3898
14775
22693
24202
4290
12378
1632
32692
24216
15749
16046
34045
17743
952
1435
18000
11972
10388
5050
13174
10338
13184
11788
8242
16333
21855
12040
27014
16396
16138
17258
19312
8508
16698
28900
1632
23216
0
37958
0
42018
27182
3777
15149
7380
14660
2176
32050
16108
17884
13464
15918
15710
51998
12476
15998
28027
11912
15920
16875
20396
0
13524
13054
-1
15425
22272
12830
10488
16426
4997
15174
17390
0
15085
1528
10836
16970
43501
4824
7809
12849
18022
0
5976
13000
13362
12629
16459
-1
1572
6322
8630
19484
30673
24564
5301
16540
24094
27701
-1
2252
34390
10310
35180
20972
11586
13908
10567
9132
2606
2584
0
22730
43965
5990
3612
15407
21252
18032
9290
25778
5004
8863
26860
9944
9701
16534
15788
3538
10662
31410
2834
20110
22934
1656
1489
22238
31162
15922
16466
1644
3686
8052
4176
58620
6808
11972
1854
3439
5520
23886
13620
0
6458
19576
1818
3512
3498
21976
34824
25484
3022
31219
3024
15512
26298
1192
7821
16522
3038
15140
5894
1827
874
18549
0
7864
-1
26720
14865
24704
24744
2999
17350
16761
7701
0
52966
21302
41204
13240
5338
8860
18174
9528
3304
22945
15692
48278
11740
13656
11054
6151
11014
26995
27318
4100
34104
14269
21794
5051
46493
17308
30302
9914
8354
4
1010
51265
12132
1010
15980
864
23074
36394
35534
17738
12012
26832
22474
14066
3058
17086
15842
11658
6228
799
4664
22390
14519
7727
40617
2860
14598
17841
14470
8982
27528
22415
9264
82904
26590
28111
21280
63186
18910
26625
21458
12298
11958
32520
4192
11637
16090
18728
3962
23316
8217
21047
8746
16646
4316
11606
23662
9642
22637
11756
6265
15508
8069
1733
12886
11527
8312
19442
16552
19022
8210
23543
23419
22514
3338
45860
11721
35751
32431
4528
13416
85804
24514
2239
16832
12505
14820
20292
14902
-1
30418
6462
4900
10938
37662
12768
5706
14374
20974
2198
0
11987
8438
15180
8490
10633
21674
8234
22751
26165
16732
14371
19720
0
19698
3188
4
7858
42792
10957
26676
18688
12650
12996
16704
0
14311
12292
17314
754
4904
0
18508
20828
20353
12512
29864
38822
4829
7234
18226
21061
22890
10794
30024
10064
11471
19715
2286
18425
3974
0
41060
7249
18320
1505
34620
15617
12194
6290
31746
6502
10274
12568
6026
23758
16669
24038
22594
20344
12644
15946
21086
7051
3163
10621
12795
11648
15985
13382
14599
14594
6294
53012
12951
9810
7076
17984
15386
-1
-1
25159
14740
20798
17944
13428
13924
9654
15278
22654
11950
18828
41663
14554
2028
15434
0
8582
19892
22657
10559
3670
5826
14483
14985
14463
34236
23038
23224
14548
-1
35014
1979
27645
6308
31620
-1
64260
10100
42864
28615
17001
11500
6808
26488
26318
8075
5115
8075
6815
0
23740
15094
15910
19080
11415
10051
13706
12296
13085
17486
43862
21080
12182
21114
3788
18210
22244
-1
-1
1262
38034
25356
23833
14801
10848
5544
0
29556
-1
8620
14916
24992
15159
1314
25860
13326
4718
19618
25443
36762
6437
5956
9747
16377
16164
27340
5242
13938
6648
33208
25520
10476
3240
18125
15046
14486
15405
15054
-1
10743
23794
17836
31690
9926
18412
12711
6365
4754
3250
56588
1275
13599
14548
8520
21898
9936
30713
49634
16758
3663
13179
16388
45372
-1
-1
22098
26049
2478
25720
21844
11281
19821
7878
39246
28576
11341
7656
0
19792
19243
3660
5888
2712
9118
11249
9722
6548
17167
15552
8718
5260
9865
12132
85774
8440
7398
14744
18596
74912
9408
8050
17122
21350
17190
14480
8308
20917
10711
15034
7058
19964
23200
0
2726
14936
5622
2854
15270
29846
25510
26000
1847
31098
-1
11357
13996
20454
18066
18472
17210
13138
33912
6018
29412
31307
2
23894
20132
79050
19586
-1
5252
16673
13478
12971
2926
11760
1774
8286
0
17608
62436
21688
51532
20542
976
10074
39190
29968
1226
21355
14944
11094
2229
16198
17543
1160
4325
5642
45336
1586
14450
13282
33392
7673
15975
19930
16755
34142
6988
15888
4944
15440
31600
3985
14326
16255
26776
13644
8612
1599
16552
8464
32100
10198
12644
13278
22178
5578
12468
2941
7979
3780
7874
7182
6230
11952
26822
5926
20388
11441
28646
33018
10330
16570
33450
10385
12582
10664
9650
13964
2265
18281
18541
13816
-1
19204
9800
3696
2901
14723
18744
19262
2075
23740
30560
0
25178
0
17190
11913
0
-1
43784
14343
3539
52568
19684
0
10422
46
25323
9742
16029
14074
2777
61564
46812
4454
7492
29176
64414
11124
25700
1103
17252
28558
14840
13114
33268
11468
20578
14778
4322
3284
4517
18517
18088
16566
15364
28138
12770
33187
18180
12424
13163
19367
22811
40482
42744
4208
0
16915
10442
5076
2951
3494
29327
8981
21016
19503
7964
7003
17140
16618
0
19618
59129
14008
7794
11814
4395
2580
8930
46966
56697
25213
17330
15559
58967
13368
11572
15505
4698
7804
13146
11414
3806
4247
32466
13452
3431
14258
8242
2772
5202
6940
12449
14568
14450
8890
15421
8950
-1
26351
6732
21851
1970
0
15480
13622
11014
16798
7569
9454
5188
-1
15372
92578
20884
14759
11567
15074
7561
41883
16756
27126
17302
18754
5370
22446
17788
15986
19290
15047
2152
10640
19945
9489
16532
995
41208
26585
16698
14330
17407
15682
15363
26240
15498
9014
5858
12416
620
3374
16158
19414
14641
18342
0
1031
1514
6952
5344
7646
16112
1338
-1
0
4744
12302
29801
15790
14125
9340
6085
8558
24594
23286
14974
16038
11294
0
25418
35696
91542
14627
1804
61866
2350
3994
8997
37150
28574
5576
18857
4073
16448
14762
17360
19502
12470
3956
17770
35136
14199
14778
22099
-1
16524
28969
9574
9548
3412
10398
7678
6038
622
3613
16998
0
9030
25108
18066
11557
9190
4870
8426
3362
7846
12976
22746
10492
-1
13596
10152
13742
4871
17672
14116
15779
15493
38058
7064
16922
22978
10414
16299
15901
10636
17154
9305
4416
10773
12492
0
41314
16684
15791
17828
16744
15286
31552
14386
18135
51444
17626
12517
8841
3624
17846
23748
0
11529
8780
23226
9052
21900
31344
4432
7640
18861
16468
4785
28487
8508
28104
39602
15154
5988
23604
0
52318
5256
12373
15954
14428
14566
3566
16062
3618
17483
5392
714
0
22340
15882
3758
9791
20174
31776
7297
19144
17724
11500
15940
16470
4958
21134
6126
25177
15322
4408
10573
12622
19644
8644
14182
23468
11302
3291
4813
12506
21166
76724
5528
4566
-1
4226
15478
25202
3989
15578
944
19618
23045
22768
45082
16862
7666
18216
13521
7030
3718
29580
19176
36256
9492
8334
87276
16559
22324
22165
3184
3049
18180
-1
44470
22449
0
11440
2235
14304
26302
10758
20494
4234
20952
2340
11784
0
13926
16910
41754
1496
14548
16125
7715
14211
8644
15625
7995
3810
18090
4321
20368
-1
5395
18172
33076
2948
-1
5744
13908
21768
24056
20152
14286
1908
19037
19836
7780
1883
28284
8856
16188
14780
16144
17672
16676
13201
7922
27472
8138
3608
26630
18659
0
14709
12860
15064
15098
9401
22550
26181
18136
14086
40826
31259
20515
18090
32508
10025
12653
9448
2777
4
2
29454
9052
4870
36891
35109
25831
22459
18978
23416
2742
22889
72
9937
14032
18238
22229
10834
3542
8140
28934
3351
44274
-1
28768
18696
43292
25744
56962
7130
1754
3570
10220
26614
2036
4368
1061
11051
9279
20340
8617
26123
16732
13746
3069
17803
3798
31579
1176
4801
-1
12721
19522
39744
8528
0
9469
9760
1516
18478
2256
59110
49606
16814
13523
9532
7990
22725
6502
17830
82614
27360
22344
0
8894
5365
18238
8960
12722
23787
13189
5002
30278
17839
26437
21715
18227
2579
9552
6086
-1
20072
15458
9770
6486
18370
16210
23546
19054
15040
3
10502
25950
37416
16077
6121
5506
15932
18213
6188
16882
34110
12512
13661
23294
12476
0
2803
-1
32009
19653
27476
4774
17124
23065
0
-1
14927
18000
3994
11015
13662
13228
18078
40754
15994
7079
2
-1
9700
16387
33243
16172
17872
9662
17364
19668
6264
16994
16823
5049
25702
8298
0
13849
1516
7362
16883
22670
17044
15512
18056
15958
12363
38438
0
16108
14350
0
61690
43328
10232
10974
6623
12204
9176
15352
19046
13942
13254
4961
12150
7742
3810
7063
10408
12419
0
19267
53876
135
0
12909
19544
11396
9008
18868
6550
16347
27288
5022
16704
-1
17256
21458
14920
17710
21343
14858
-1
17156
23562
5746
365
24539
13488
3796
26888
19136
17166
3738
16390
42763
13138
4340
42592
10657
4089
10523
17394
0
17846
9622
16503
4849
28404
5270
18616
12556
16251
1492
13252
0
78882
13583
3648
11699
14138
28535
13901
16051
30844
15343
8217
14159
12260
10012
14572
35694
47266
39175
25870
49973
2488
11194
13962
5375
-1
20904
20126
6576
36306
51556
4720
21408
36394
7013
20675
16655
11610
14791
33378
7186
53448
5
20096
18762
24514
16594
3633
8592
14184
32267
87150
43041
17134
18377
10514
12672
11436
8624
8937
15631
3620
17150
3114
5726
6982
10306
4095
6964
11557
12460
5939
13540
22842
4328
13242
14161
5626
4176
5164
13638
19208
8347
15361
17260
12311
8906
7068
6061
3468
14414
4920
31014
14557
11568
15418
4783
-1
15698
14516
19131
0
33178
16503
6290
46868
20911
7204
13591
19400
12642
20588
3647
22537
13622
12860
3502
12526
13838
0
3544
54
3760
13394
36680
8887
1286
0
14310
5332
15789
27900
11050
19732
24813
61340
37652
5568
13732
16244
40555
21660
17072
41742
13190
20202
17482
9424
10712
31721
14512
9469
11136
16484
19358
4562
54361
54770
9451
11238
15907
15885
11116
-1
16690
23043
17758
3627
-1
3562
24106
19511
6188
13682
18058
6898
12163
10664
13636
19954
7766
15098
22128
3093
14464
4545
18910
19358
16972
14177
82766
15606
11926
20435
3489
5118
9705
16656
13293
6517
35428
12495
59769
3196
1516
15044
22913
15472
-1
13428
12240
12628
18998
86396
73368
11786
86
8420
9606
7388
3007
12954
20168
10236
24784
17341
11170
0
466
9525
13200
26298
24214
3262
16360
17198
11022
44600
3864
264
-1
16512
12286
51440
21521
16256
5262
-1
15278
48685
0
696
12168
23202
0
15888
21070
24607
20324
29066
31557
5106
19144
15401
262
16250
3102
13472
3578
52052
18066
14342
2222
12182
21738
11765
-1
6234
-1
55806
4926
17606
25986
9644
16274
27107
17064
15922
884
14396
1630
9324
3150
11327
14362
-1
19792
19402
7872
3894
10357
18279
13324
17512
13485
62681
14676
16814
0
20346
13022
11828
31839
17680
10180
11474
36724
10961
17338
24494
8270
14700
20946
0
24040
24290
47190
9682
16706
4116
15480
47936
22696
25095
25616
23034
59616
15574
18472
23860
7795
21092
4722
-1
48930
12012
36422
1026
21760
8255
11940
19948
21096
18408
14042
32059
-1
-1
18522
17894
7210
9152
24692
11422
32080
15629
20300
59104
0
8996
13154
8996
30838
14022
0
7902
15200
14702
4216
59426
45864
18154
57558
20252
17905
4536
13142
13101
17607
25150
1458
22025
17438
5823
49072
23158
3363
60238
2760
16747
7502
27366
2
24982
11986
2323
16989
13336
0
24710
17236
12281
0
0
13812
9235
14742
3686
19394
3393
10791
8691
192
288
39937
13842
42412
0
16400
5667
5744
18031
10150
19206
14688
16186
58619
14906
24862
16828
15548
17744
5863
9778
10056
12827
88948
1723
539
10292
17392
10492
16858
17447
10606
6724
6906
41585
79638
12834
70886
14593
12946
15782
14093
13502
17359
17439
15394
2164
1071
6986
25726
26646
2840
55830
51240
21716
3318
24106
14220
12886
10340
3232
20736
32575
14220
15560
24871
34774
16692
19546
27524
29880
14090
14575
11294
0
14209
12437
9688
4580
7922
8868
37528
26685
6980
11421
22050
6378
7140
19457
15634
16742
9084
22359
3050
15287
16916
11736
20396
4544
7030
14566
38970
16769
5602
23652
10152
12502
10218
8237
18782
25233
3555
22667
6199
15460
19280
18654
13729
22870
0
841
12102
15238
19430
9506
17770
24758
6502
32693
0
1540
35995
7618
4524
16132
12120
19068
11174
22468
5950
53012
19381
15342
13550
7965
0
0
47644
11038
3579
8886
7238
2734
9638
16921
2821
12628
16043
-1
39313
0
2144
10795
10570
8004
10574
11022
19638
21640
2262
15638
1839
4450
151
21098
11745
15008
2170
15427
2072
1238
26812
16327
16724
18822
23630
18878
12170
69710
997
5318
13670
1506
8241
2892
22238
0
6884
12220
14626
-1
2
8148
14663
14594
3060
12350
9014
28244
37222
6439
13580
25967
16350
14108
18611
8568
3404
0
16350
14460
21692
17804
56837
12684
3188
39084
13163
0
4629
23431
0
9370
12212
29947
2675
61236
24792
2468
17178
17240
17770
9312
15342
20174
7535
12512
13132
29844
10034
18426
12212
16190
25852
19799
26832
16912
26314
24199
18538
25692
15685
5930
18612
26174
0
13657
6555
18678
13951
4260
27430
16133
4706
92
7100
14814
13253
21446
13072
11148
26630
38734
5868
19218
10294
19262
15259
91718
7754
3684
22180
77454
38632
8318
10996
0
37896
26701
17270
16406
-1
4278
27302
37488
14976
8460
5269
9771
37720
21788
21552
18456
11948
29227
12816
12262
72432
-1
29304
13764
15447
6452
1907
20831
23274
28760
19755
31769
1390
989
16776
698
6954
17669
6964
8278
13766
8342
4376
1258
-1
18437
11598
13710
17004
13030
4514
9976
1000
27750
43280
25432
24361
36615
10496
17294
13752
5712
5147
14070
9597
6594
24714
25910
-1
6266
63880
5228
-1
2693
15090
44188
8655
-1
15904
16410
15532
18276
10496
21502
18905
904
3260
9648
9826
17420
7702
9102
36926
12450
711
69530
12680
22705
3969
3848
16020
18576
12251
14352
7302
9986
4478
9172
19447
6314
10672
1185
8357
25174
17638
19203
11022
7314
17916
7999
7297
21082
22906
5856
23082
-1
11802
1922
9064
16692
15018
18372
18894
7859
16489
17562
18658
7283
14258
-1
8360
10036
10946
4582
14222
32555
44628
7892
1431
22466
15738
8729
4838
12070
62270
9043
12850
3254
17560
15012
15366
15980
18878
7169
12782
16446
13725
11394
15128
38806
25104
10069
20168
17388
21690
18352
11672
52942
6878
-1
34742
2556
8950
20538
2034
33545
11497
12864
9386
17796
27063
5100
7452
3048
1338
17849
2594
23416
21935
12352
15950
14163
17389
19226
12381
16386
14708
22751
0
1192
11388
14124
6540
4109
8130
11714
7184
26694
60450
16448
1150
19337
32254
2395
23032
5532
15540
9659
14698
25614
23938
27205
16990
10039
0
16106
2784
5148
26738
2723
10696
27612
16498
19872
6402
7067
21092
358
-1
20924
14486
45033
15540
20649
19960
17912
25706
24482
22366
26588
10627
13230
24808
1587
9784
22754
18082
14438
7712
12284
56802
13900
14902
17708
21352
12762
15344
10904
5670
8585
9996
15222
776
11023
5212
29300
15385
3978
14158
16128
57191
19947
28929
27076
20993
18206
41860
7557
613
12496
13421
18436
3948
14371
10998
4350
9192
5888
18778
8384
18192
9192
21344
18912
10470
50568
24176
34433
0
8298
16192
34816
10172
37744
13878
61265
9499
4902
2544
54407
9697
35755
12572
0
2326
11958
7400
3784
4184
6368
30008
19683
17536
-1
10994
4718
81418
200
3695
49062
6438
42602
13529
10910
16548
4927
17439
6966
15706
0
16894
22058
31239
20679
33518
30259
17359
18394
0
4904
24042
16312
19398
15230
17228
11546
15366
12476
16508
18104
9936
8174
23246
31796
7926
37223
25277
28280
17030
20694
5722
11708
-1
3346
27064
11620
8878
15803
19266
5475
0
16727
19714
11466
7232
18330
13972
14519
10890
17386
7647
9126
23603
16602
-1
20926
444
3
6795
64391
8404
13428
9780
23572
6164
6930
38976
29220
13364
52968
21768
9528
11518
6626
37440
17863
11529
5434
17200
18672
6090
15720
796
7164
15690
9089
6018
24396
2784
2328
11006
21917
22252
11064
24792
13336
6804
14238
2002
17251
13641
3879
17758
19246
7741
18766
4581
-1
6180
20568
14280
11054
28151
47508
12551
5544
9184
17797
27096
19072
9658
32532
4100
17446
14198
13540
32224
16942
24900
8856
1247
12712
9674
10196
12416
11947
17184
12600
36320
15167
1925
9176
19684
18736
-1
15163
0
1462
0
16364
10450
13382
11464
3251
2256
15182
19110
648
-1
16078
8572
50922
880
3412
4110
704
6208
13004
1032
9002
22106
3634
14444
-1
10294
40522
62039
1670
3728
45728
14160
8451
-1
23782
26344
21686
48578
0
11036
1674
1343
6182
5926
13188
18644
14022
78042
13246
12207
17338
32792
4562
9664
6288
8976
11601
12760
19399
36194
16065
19616
26828
15520
-1
12421
37666
13036
13888
9416
20820
5925
12017
21862
15498
9249
2104
19434
-1
25072
15508
4736
15186
5474
17573
9271
16314
7514
7971
1709
13240
19787
17712
2119
29902
16718
15764
12632
11395
14320
4114
4192
14290
7816
6058
2160
16807
8787
11550
3812
20726
8120
-1
5476
8680
15626
29930
294
15227
2790
4899
20042
1622
13992
21189
16459
16824
10906
12286
18518
8834
264
-1
13202
16374
56316
15027
19362
2808
3960
14040
28426
7460
15579
12000
18126
2223
12918
72180
16659
61869
7480
20211
60797
18642
12282
26705
-1
11757
5018
42989
1439
3942
14128
8783
30089
2087
9084
34398
17304
14556
14498
16374
18264
5904
1094
23471
0
10562
12452
12292
28932
32142
84
1830
4578
10672
14990
51450
36447
5660
44900
18112
24142
14750
6410
9125
9938
2830
16163
1941
17928
35037
19669
5529
12732
4009
14813
22526
19234
2412
6898
17838
50376
5224
1670
4
39842
21700
61074
19984
7508
19066
8010
12910
10552
16164
24544
22019
16170
29626
6188
15006
0
560
16248
2047
14288
15418
9144
26158
19023
41752
21128
412
3749
5330
32826
15733
5996
12889
18672
6846
6097
7623
-1
3807
15593
28836
2469
22608
22782
6758
6009
12946
4848
15424
15026
3376
15502
20914
16466
4546
0
37376
14716
13964
17434
16002
17798
3366
27890
10769
14778
2305
9122
12992
2
11444
21569
4126
8421
38605
7117
17643
12415
22763
19616
14334
7458
10405
11512
1818
6070
9204
4302
0
25242
3364
16922
13064
3310
17646
17170
1573
12489
15971
34785
13998
9210
12562
42476
25452
16269
24156
0
3168
12482
701
16418
-1
6198
17130
17960
14550
10473
19688
13842
18480
18017
9398
11366
4954
30047
41654
29453
34508
16475
17754
18982
16362
25416
19224
18873
12121
10246
17230
14388
17834
25212
22968
2408
6518
29726
15172
17278
11888
4976
22094
25626
14159
4740
50678
18276
15064
17781
23591
18092
15236
17988
19017
6476
14622
12
13888
3036
11798
9892
32912
9287
8640
0
14397
54436
20856
26174
15955
21148
4308
15918
12945
11155
11078
13310
28829
25428
5138
3466
18643
0
7732
15029
20678
49904
6795
5957
16307
22203
10502
0
11646
20654
12067
14866
5172
4214
5668
14788
15728
9525
26076
17796
30764
9464
7566
19179
840
31771
20180
10630
13690
8316
8525
30332
27835
3976
3566
25758
13875
6111
16486
29558
9902
14915
8251
6716
15030
16214
20078
16650
31348
10094
37265
0
28232
7959
1266
15312
16438
13209
15750
17612
23023
0
-1
13508
16066
21378
7172
13182
2572
2
10236
18006
5642
3302
9896
4060
333
12401
9926
7726
4940
7194
29762
33660
27072
13766
1234
1154
14438
41463
14204
1076
17022
-1
-1
44503
82816
12647
7292
14804
23704
14678
4938
4001
22124
9276
5528
8402
768
26532
10768
6428
4458
38936
9244
14938
9243
7666
12012
13903
15143
52154
10516
37119
8712
8034
2536
7733
17528
7151
1262
8120
0
19694
1806
14610
14294
29717
5246
2286
17635
21224
3456
16140
24193
27939
8292
3583
17350
11828
11432
10921
9953
6928
8620
15980
5604
21868
4351
18421
13893
11386
66788
12221
12188
7092
15988
13240
7982
12876
3091
7488
6570
18423
18390
2562
8236
69620
16542
12362
6672
11484
9988
15230
-1
43102
45575
14242
26431
-1
23082
45400
5633
10606
26872
27626
11252
14954
18296
948
9100
18325
31250
12888
20882
16183
3540
28215
22782
4772
25878
13525
9930
5361
11156
4152
25798
1732
0
16863
16198
12568
20217
3505
21383
4338
0
0
2508
36866
9714
-1
2453
11582
51560
2132
23628
9034
4208
10190
8506
4406
9567
27424
30671
8588
13652
16975
19070
18654
12311
16966
16984
31712
8420
18526
4
4576
55078
15794
2984
4690
1392
18604
15762
14326
90372
19830
0
3537
9676
14186
2
2807
30563
0
10772
23568
5061
13195
19416
16348
68488
7791
4688
11920
15740
31140
5187
13696
20194
15030
2816
13026
15107
0
18108
31316
3742
9898
3353
9498
7780
45652
24184
25222
0
39884
2216
13595
29637
14306
48904
12998
16865
14578
8892
13714
18604
790
0
15319
0
43646
23538
20862
15252
11045
31938
11306
2
19918
14865
64428
6015
12489
6190
10174
20468
20910
17109
25682
11386
12124
24678
8416
24582
1780
26213
7302
0
4648
22425
63855
12514
4008
1948
5832
1246
1987
16437
21406
2787
7954
22076
5786
5643
20622
9398
13896
15980
9475
7892
-1
43866
14492
31412
-1
19448
86570
33826
545
17526
7070
21260
6518
19786
21033
20382
17439
17113
25619
8734
78066
56
13865
20558
6645
0
14734
17247
6768
0
3945
272
10923
16669
60538
4
31936
4282
13029
5520
17108
2358
16962
13406
5454
20682
11506
10004
5971
9691
3010
13012
87460
12044
9660
32949
15901
9683
0
15920
6660
13032
4534
3538
12954
14216
18619
7245
948
14946
74488
10942
0
16527
12424
24999
16752
31978
16945
2466
0
16314
1508
8784
4893
6054
16270
22184
7696
12948
9434
15124
63458
0
22389
9880
11200
6486
4896
7089
20751
16932
18770
8764
34806
17748
15021
19196
17828
28285
5364
7394
22708
1527
17824
14683
3320
5669
0
23635
7642
11240
3802
10548
30746
25055
42286
3312
20597
33487
6742
20890
19173
17884
23377
3626
12430
0
39636
15146
2994
18004
40766
14580
16301
14398
21598
14916
15788
14860
8235
9188
12274
1768
13654
11384
14742
2028
8210
29444
3024
2088
19834
16378
37694
4358
30190
20698
8844
13116
5522
6508
5764
3224
62068
13019
15578
5308
23166
19262
5868
6334
19240
15360
7574
19916
5310
60119
0
4398
28298
21450
19056
8890
24539
79822
2336
23828
43790
7007
13622
19796
18045
168
9270
13049
90018
13625
19588
17906
30512
15352
11568
15970
8956
13154
15474
23950
6168
9040
16084
16422
43829
152
15672
61626
4996
5584
17018
14842
42923
3491
21118
5228
2756
17115
43442
6233
22465
10716
13256
27363
19185
8056
7024
23940
11282
24475
10698
27442
5223
27933
3434
8094
10944
10883
2364
12346
14023
4588
12541
4032
21236
14245
-1
26509
5480
16630
20336
7605
46063
2450
5296
12724
27742
10339
1990
40672
3021
0
12726
16028
20934
16100
14862
32527
16243
20244
-1
11684
33680
23404
10696
0
3930
23146
9691
49044
9471
17399
18204
5665
14847
26816
14468
26655
20928
15304
17262
19096
12756
18290
15474
7278
6064
21364
4063
16357
8012
478
17680
17202
7772
3743
14212
9441
16675
-1
8224
12122
20006
8424
16944
5229
3552
14912
32744
44890
12712
12380
5864
22702
18344
57892
14214
1073
15630
20275
27714
20208
9203
8686
14544
21172
51572
-1
14516
14351
10024
84028
36018
25200
21431
18737
18879
25268
37778
-1
-1
6422
21982
563
16420
5843
13616
8906
10320
15117
0
7656
16542
16890
22735
17740
2484
6958
6392
24
3138
14656
11398
14378
4238
14121
7414
4856
10727
4095
23964
7544
31327
19455
1794
20164
5220
22530
21414
2401
8300
5999
2917
35860
352
42102
18394
11390
14920
19347
21794
4314
29744
20966
21362
15956
1264
27447
17625
13036
53519
29592
78622
16950
15666
22104
9152
4666
20976
15391
38589
81412
14212
21496
1014
9549
12652
16940
1224
53052
-1
11258
14374
2319
1876
21248
2482
9238
166
11494
22636
12609
23794
16494
28575
0
14379
23624
5530
11590
7170
14012
11795
9138
3542
4356
10262
16956
8936
10736
29873
-1
16131
18224
16158
13864
22076
11728
3996
12804
10258
15798
3656
21531
3774
16634
16242
29902
3592
18442
1190
36870
22182
10301
4025
60602
14573
22000
10285
344
17087
8338
21328
13500
74796
14696
21146
3199
15918
9830
19678
18344
13635
18615
12223
26622
44118
34532
19616
11020
4370
16595
0
13556
20296
19268
21621
3136
3170
12272
40110
12584
51324
0
16618
13186
4
13620
628
10588
28042
30213
13062
16256
17774
17710
7856
10760
17530
6768
5532
15341
28774
13456
17404
17078
29354
4724
21378
13946
0
9616
0
31844
14810
18818
23425
9722
26944
39332
24248
18732
25712
26510
7602
19086
16914
-1
12846
4172
7742
13716
2
6786
16010
11240
17708
9257
212
40500
10066
59347
1346
1
17703
12664
5069
21478
32151
11866
18159
26604
5847
17741
14045
4691
20161
13664
11948
24510
4256
13336
14087
5676
6618
1262
15090
27712
20226
22110
20430
72784
1482
30326
4966
12040
5678
11384
10516
9610
13794
12493
2176
74838
10503
4762
2318
16562
12764
24528
13684
27975
2420
4409
17318
14424
11602
539
3274
33188
0
16450
3106
4096
0
8486
11744
-1
13722
14144
12638
9472
9110
34148
17459
6364
32626
12136
9862
30668
6086
15762
7717
8546
27810
6541
16138
16860
-1
16692
7504
17865
10882
8020
4954
16257
27154
0
25278
20992
11526
4898
26762
87280
12427
29068
0
16422
23186
2417
18050
18032
13771
16484
5374
22060
40824
13822
18260
3870
58802
15094
6920
16322
19729
11992
34500
22158
55707
14666
10291
3274
7510
-1
7178
20092
15858
44291
9825
40796
50352
12934
16456
27645
42337
9724
7842
37333
30940
0
31898
19714
0
19
9085
28336
4648
29999
20748
16256
49496
14110
12769
4790
31704
7392
14032
44415
15252
42516
60309
20250
13890
1425
35352
15900
31832
5766
12281
2368
2434
20670
12064
2150
16092
42151
15172
7002
77226
19252
12570
11496
4319
6668
8870
10826
32742
13537
15128
23876
388
21806
-1
397
17795
14403
61670
26131
28798
23015
18404
9020
32562
4670
0
23671
17984
13277
26672
2697
3
14534
5638
915
3866
6982
15391
19102
15308
24566
26534
20550
12442
34256
26818
0
14538
14808
7745
15642
34757
65117
20904
24368
12411
460
13872
27202
-1
23993
0
17563
45670
13230
40065
12252
5938
21373
10612
1556
4022
993
15692
68484
6067
38071
18428
25642
2
7240
11796
38894
24998
5154
15106
1530
20491
5898
2210
32750
28898
7157
35019
9740
9975
30179
18440
42335
12767
10510
19829
11010
16982
33062
13328
27718
24996
15331
12872
20938
27710
4337
27778
17633
5081
34958
4484
24650
33031
14802
14553
2806
62552
4334
36698
13797
34204
20643
6362
18544
14820
8478
11486
17178
26346
45653
18678
0
26548
17844
6558
4662
16971
43952
21063
21797
24679
20452
18588
7408
87408
11150
11923
17017
12248
2096
1032
15518
27693
25846
-1
0
5611
2868
14202
50226
3364
1922
11958
10993
24832
0
21052
3651
3882
33313
30062
1158
991
17664
20964
8834
14736
33024
900
7748
3036
10360
6368
6172
1826
4260
11279
18112
10873
17040
42016
32129
22180
10923
20026
21570
1053
15424
56828
58976
-1
8370
15885
-1
7862
16476
5610
5979
32942
9551
13516
14032
12729
24484
9846
472
15127
22238
13808
13020
17232
7779
15591
13848
17980
14635
61524
15435
15840
24284
25740
39766
12866
8227
0
-1
16420
10588
15413
2068
3100
10175
30637
16444
3896
33466
0
17424
10689
37001
15706
4020
2554
10842
24036
21566
11798
4100
7575
12185
65
10108
4608
9044
-1
21764
1512
15998
4646
13675
14282
701
0
13474
23712
5871
15313
18028
4272
23470
28398
26457
18425
26208
11580
14088
9762
417
4
4592
17342
14102
17606
612
39486
5683
9220
19518
13559
3722
10541
25038
14024
19693
22416
14097
1082
42869
18862
31367
4674
9008
2506
26650
12543
3573
35406
14858
18250
8206
12567
22004
34724
0
11490
4418
-1
22656
0
26122
92074
0
14966
15360
13040
22598
22110
21670
10514
19516
13469
8868
7008
17716
5414
33906
10466
5344
2074
12273
4547
23527
12913
12606
22312
24900
13626
21336
15430
4064
14267
17758
6237
0
35536
17365
13318
938
31126
-1
14176
19470
10338
11244
23098
17328
9272
3140
4696
2830
-1
75506
33385
12578
34960
13770
14552
3867
4572
36830
1096
9291
4135
35866
4620
1628
26858
18144
9463
3482
3288
17140
124
706
19938
0
31754
11394
28648
4264
17715
33459
34368
16344
10202
22078
28304
18579
12561
3516
12780
19750
9804
7852
8362
28132
31664
14630
15009
3575
11084
41311
1412
15316
20672
3686
14190
4124
17160
14617
3682
15186
0
33929
25064
12331
20328
15998
10829
24792
14271
20044
748
4860
2545
5518
16232
20628
5560
4872
13042
34057
4237
16668
22570
22600
9880
2788
13997
9998
6264
63845
19526
10653
15468
22052
9790
17764
8906
26128
8290
12892
53642
18084
4539
18362
12528
3914
15326
16485
0
0
10902
15014
5074
52682
14381
14488
26656
11432
0
66270
12931
29756
21527
7428
3381
20241
2
8398
12235
22547
79504
7677
17707
17708
0
4248
34656
12867
627
18148
26423
-1
13702
0
13066
22796
15041
27032
8338
7308
14362
19040
16176
1062
4090
0
45678
11444
17840
24496
21254
1381
9092
10998
0
7854
2220
-1
26086
13114
28445
15747
10994
12552
21556
4012
64310
17908
91540
23334
13105
2308
39376
27228
10028
41292
74552
12545
11911
14088
9527
23913
7842
17374
19794
4690
8362
33312
6668
24006
15178
10140
6610
7213
1941
20838
16943
-1
18031
2455
-1
35530
11900
25678
22966
12049
18771
954
7590
7317
7496
14246
3738
100
8365
10454
5454
3487
8126
36239
22904
16325
17019
14730
6606
15996
20222
12780
26202
11270
7612
59488
12029
26822
0
20864
4368
13757
7411
35349
14553
0
18656
12002
5648
2212
13558
9820
19930
13436
17550
17028
21790
16152
7421
11110
1522
12226
10548
13229
11875
21827
29204
4250
12708
17026
21648
9542
47778
25456
15202
4385
24856
5184
7105
17444
23710
25158
64
13974
20539
11421
14302
9416
22410
5607
0
0
19372
21499
15530
15062
9408
5578
22408
20597
21094
8927
3754
15307
25526
17190
15343
19595
6296
8502
14109
20879
6477
10592
8365
18492
17819
1824
92202
11665
3714
18320
11054
21078
29808
0
16202
10120
24714
44820
42450
31206
25426
4250
14164
6876
18424
41172
35199
3902
54250
14236
0
9259
17474
13282
971
17298
24144
88614
50770
23024
904
-1
14040
19404
23888
4469
20988
26099
32206
9612
-1
5086
6970
10446
23314
35030
-1
36764
33503
13564
26741
20350
18802
32792
16292
12246
0
31766
19006
24401
9466
44180
15436
12456
17354
20298
3283
18159
0
7890
9720
18147
7160
28594
13012
34294
-1
23508
12176
1639
17148
34274
10156
13199
12532
41543
3004
11992
53017
12083
85714
36580
8886
10858
10443
41628
15577
2726
18712
40362
9172
6016
15566
3663
21732
9656
38256
50588
26880
9731
23616
15936
10872
90178
21768
7149
26712
46109
15706
12954
11604
32486
12764
5293
2212
13641
320
16909
7136
11998
29417
15608
13071
0
86448
4891
16993
35483
40940
12011
7370
2286
2765
-1
7068
15472
7581
2252
23529
1134
18266
16110
16203
23719
14476
11520
18573
2584
4666
3315
46477
5286
31574
38086
11322
11809
12668
17682
9662
16463
2294
12943
10186
15091
21558
13180
16811
-1
18728
955
6230
17966
13183
19567
11014
22832
15056
48240
73576
10588
4370
3108
9986
13136
0
13871
4283
1690
8962
11680
3836
32500
20096
8157
34078
2897
-1
0
11041
18520
3321
1123
16086
10856
30858
4678
9622
4902
10962
17780
10904
22324
19906
14360
7411
7510
4004
5338
6782
35301
16267
9784
1508
14360
17115
32370
11944
9576
11069
23131
16267
20258
10938
3687
7146
7397
17528
16424
7040
30760
18774
4043
11758
2183
9947
15152
4485
15159
18261
23363
26110
72088
8303
28638
12730
8880
15422
13883
22799
40294
16
11460
22130
5394
16626
57401
10914
5725
0
11926
15266
41889
20864
1080
18560
11000
32748
17038
2
11199
20766
14220
14668
15818
15752
8307
3200
9390
28002
3395
628
974
2026
63364
25188
16038
32302
13607
10321
29143
6820
14496
9798
10225
9008
0
20649
17503
9080
19260
14996
8766
18464
9748
11926
31104
7232
27961
14292
18812
41220
7651
9930
8706
2780
14755
14378
20402
29506
6340
2422
2281
19882
14158
23304
24683
25856
2588
8213
17326
9062
15668
48368
20070
15394
11644
10766
15014
17262
0
6381
-1
13312
36449
31420
23604
16508
8980
-1
29934
111
13450
17726
40668
-1
2342
65594
8294
16786
21878
82290
7244
19094
7986
17512
16418
27006
3982
25605
12850
5028
4745
7524
88474
11362
25614
4919
14848
21456
18376
14810
13844
5372
13154
14013
9082
23806
0
8864
2
15819
13372
12947
15724
36158
12875
7505
3684
52874
16586
4520
16259
6078
9823
1367
350
25350
14200
26371
39944
7158
19876
24290
17874
13575
25058
17191
22566
16353
11669
0
0
6194
7673
5600
4190
-1
46774
6610
37149
17771
1179
14048
19776
11335
14682
8800
10280
21818
1732
16058
8510
1316
16212
8042
2823
-1
28740
6232
682
45654
9650
23069
2996
8020
2503
19781
9196
16322
0
11815
22788
19518
9760
9536
4678
4970
11826
15936
11472
14032
19355
19074
12885
13132
43952
1618
26416
15607
5238
48867
21464
12610
25176
12852
6654
12568
6794
4009
734
27482
42067
7122
27232
67378
17316
13003
0
6087
24685
4646
9307
15046
19026
7498
9071
16022
19750
19644
22491
21457
24850
42
15047
6647
18610
18759
27025
11763
8961
16788
6132
50994
24418
32028
31690
31544
14128
12348
14318
18524
2257
29520
19520
11697
5520
35548
11149
16062
1271
29991
28996
14881
0
18572
52432
8426
12828
8453
8037
31380
14024
10275
15842
18344
33824
6640
30088
42794
0
14854
42036
49574
33358
10410
8897
46600
6115
23272
7234
17108
1745
13768
13990
10924
20248
5738
12486
33866
8190
6473
26603
5772
13758
5187
10096
7844
9478
14898
10380
14982
5118
15164
13508
18998
19998
0
5983
20452
19785
6738
19186
27056
10791
15804
6798
15474
4685
22399
26129
6654
10982
12140
9430
32431
1502
15030
20433
27499
13434
12346
11560
18950
537
15388
13005
14858
18858
24984
5212
13242
26206
-1
16307
57741
4804
30147
21848
47088
12608
13196
896
14321
6648
16778
11410
26430
8269
8153
2566
25957
-1
15338
27166
6250
17613
19735
6992
18112
4687
16634
26942
4148
31722
2702
2494
31066
12206
2543
3598
4470
19232
20205
15436
-1
4952
11736
8630
2584
12824
13523
4206
4685
5046
6134
42502
0
38630
34128
1350
5555
17320
24783
45475
9854
17296
18680
3835
27613
28171
0
6548
28530
22292
13052
6928
20643
10972
18999
18120
15242
5894
18328
49212
14020
17569
4939
2382
23967
22132
20316
4
2342
18248
15607
13589
3806
9396
65045
0
27058
17760
12689
15749
45071
13122
29196
13632
18182
16606
218
15934
34092
6142
3160
8520
22268
6134
26666
3356
24801
21467
12506
9012
8754
24760
20231
6817
3944
16571
3388
12490
17895
16270
12100
14006
34984
26970
0
4801
11190
470
36117
4484
7588
19352
3198
14120
15728
3133
18086
39790
412
17383
5466
6386
53062
42318
20086
45564
4566
16038
39178
40585
15588
-1
13195
5503
4305
19914
14822
2
1965
16278
43152
60359
6956
16646
36472
17462
8167
13134
21840
7736
10161
4382
17969
16084
18812
4938
3146
31590
5952
12270
17140
32528
0
17195
14340
7654
6178
0
11758
480
6817
36628
23342
17000
14156
16532
5120
8822
0
8712
12048
28468
26578
15374
65836
6290
14185
25586
0
16387
17642
14007
21684
20130
13896
13998
13638
10378
5446
4724
17014
19735
27250
15404
16028
7879
979
27734
14660
16454
15640
31424
22214
486
7168
18368
25912
16674
0
2
65438
1993
5681
13490
5833
15210
-1
18030
3337
60842
12844
2225
16714
22980
14554
2895
18544
14234
7045
-1
13188
41153
3316
19094
11460
3945
16297
3537
3827
15152
20777
14048
8954
19263
19816
14932
7903
13488
17194
4170
15086
40886
-1
24859
4068
20795
8540
9534
16088
15558
1302
12202
6686
4190
42666
15700
5054
10724
11432
11936
12966
26442
32468
69298
32714
3584
75510
85012
3539
82410
8759
16073
32237
1715
27950
22218
3403
2566
3800
3076
740
28758
29514
4716
6534
4710
24914
22277
5882
3075
27722
19046
41205
19523
0
14214
45799
7993
23123
34890
7510
6658
11056
27828
11599
11664
4854
1940
6116
13511
0
8798
18208
21812
5226
21948
28864
2074
9894
20574
12464
15204
5956
26844
17862
6206
16071
22372
20055
11785
23614
32539
19858
2946
8485
22688
15272
14383
10283
6691
31530
28066
16145
8740
1500
29540
18638
15020
17724
11630
16986
15682
16438
6510
-1
39357
12226
44918
22688
24848
9556
6648
12142
14423
756
20834
16857
17834
20930
-1
16996
24687
51874
0
16881
18566
11253
13564
10492
4653
11839
15206
3541
6004
24552
18724
14898
26413
11458
15451
4876
32453
19538
3584
19228
23783
7598
2194
2168
11771
4553
14320
12435
38250
-1
46460
18386
21715
17159
23956
13636
16664
3840
1018
9862
18142
24742
20063
39994
3897
6120
12835
17812
8820
35604
2997
15722
15420
3081
17882
81742
2492
6334
21928
4669
40512
6202
129
12696
26572
14868
264
16173
7212
30809
0
5112
28866
28052
1558
14890
6428
16863
25987
51796
30992
12958
10354
12986
14872
17566
6804
24899
14090
13127
19080
14970
10412
13192
13264
21539
12256
8666
39818
14713
27348
14976
10958
9576
45344
9512
20334
2
15963
244
45048
17013
7055
-1
13619
9686
16132
17909
16330
18960
18224
7634
19878
4452
9272
15628
22506
8574
37936
11947
16822
35445
42335
11981
15072
13356
2
2231
14294
20670
0
16930
18638
18754
-1
16254
13600
59643
5481
27044
22723
20511
15100
14173
7631
11863
18740
28388
22261
0
19482
46466
14610
8894
24158
9474
12484
7282
11500
3813
26892
13697
20448
10258
34
18824
1408
38870
32302
0
51872
14982
2962
12972
7817
11337
19057
3284
23221
12240
24232
-1
23020
55483
45316
15658
5148
17922
9390
4192
16787
1458
20270
15790
17620
22901
14604
19525
17256
54416
0
13282
38372
1028
14196
9735
16298
13035
5180
15164
11374
10135
15033
11880
10293
-1
59354
22939
-1
5086
14323
31771
21626
10134
61490
18988
29988
23708
14580
3594
6748
27435
11977
58530
1762
16338
10000
15639
21653
15407
16360
14787
11352
2244
24023
15916
19582
13139
8216
16270
9258
10154
19591
25738
31223
12898
17286
10618
1934
19800
13114
32600
2704
3348
14695
18467
18402
14300
10715
0
13351
-1
28444
6268
12117
69238
23616
44137
7244
4429
9194
16102
5696
5595
40382
22088
5834
60082
4738
21121
10622
18638
26608
5862
11906
34854
42685
13256
17443
18976
56176
21770
8025
83682
31777
2034
17543
21976
12732
24446
8380
7953
65348
17246
16771
31491
13764
13973
44583
9383
25676
16954
85254
21140
16024
17538
4231
22108
11318
6254
5900
92386
4069
23639
11711
7952
13148
41480
10266
11019
9364
7214
1454
13134
4302
3220
20878
16105
15100
1764
9784
8116
89606
19942
20058
11140
16963
7778
3970
37752
19338
7287
18148
15182
13891
6264
24532
19218
16326
16193
62256
8638
19976
6686
10166
12413
829
15418
4450
8793
19294
12288
2
31754
11528
29916
15272
2372
29648
0
18089
12620
21082
4358
18338
7698
17041
17452
9836
10710
8212
17980
10186
18827
19447
15844
4721
16682
18298
14698
27114
2137
12499
13260
3366
19550
3754
14832
8780
25264
11044
11288
7730
0
19718
13773
10136
14015
50198
20364
11374
31181
8746
16594
37581
5316
24836
15197
4976
5292
14666
2688
44798
15066
9356
15234
13722
18586
18130
5701
7266
14591
14998
8190
14512
15998
17728
2351
0
0
12592
24423
18110
933
2357
17070
11340
1260
11484
6424
13218
0
-1
17144
5900
20168
11790
4460
3216
16708
20624
0
14906
57080
11546
3789
17486
27892
8336
0
14760
20058
20835
0
0
66986
54374
-1
23658
3836
0
11335
16533
13472
14182
12586
5532
1986
16501
7323
40663
19788
11322
2720
26081
906
80376
50160
10027
13047
15376
12310
10157
19947
20684
16312
21078
5944
10244
23822
2
2248
10256
17124
11958
17080
10288
9929
12622
29874
57020
27432
3657
6760
0
18206
0
15963
2126
11919
33510
15612
24940
9850
45726
6970
27394
19574
16529
16624
23494
11499
20362
42237
6937
15505
10680
15050
21315
14051
8882
4498
12349
0
16839
1616
11335
16714
15878
41202
11781
19846
5982
8866
1830
11352
20134
840
48330
3061
13819
25860
11289
7320
19904
14161
16898
3026
5684
12396
14937
8916
75156
-1
7648
9650
44297
4872
22300
55655
15810
-1
14737
18091
-1
9237
36800
-1
41717
15634
16838
10946
20359
15066
13439
23758
2994
12820
16758
-1
0
1898
37385
31380
20106
23658
3687
4302
40508
13488
13198
9821
23086
23129
8180
17648
16668
17533
24282
21338
4230
16556
4376
44696
15719
11819
13572
25740
11613
9918
27066
30317
30382
4672
24129
7566
26568
21030
16972
17990
36922
4982
15924
9904
4
4181
52904
13248
20712
7004
13344
11414
9632
13312
20203
17950
13492
10820
11986
828
26701
23384
17794
18874
16600
80192
2106
11954
3526
27475
35406
0
35945
3192
11411
908
26396
33134
7065
7459
4690
21826
12505
4724
11323
8868
18540
20206
9072
11272
23618
0
55685
8949
7322
5534
23302
14788
10506
22
3696
40213
8532
-1
8459
34896
15484
0
9381
11960
11678
21256
19568
3942
29660
12134
4316
16270
5476
13932
26595
8201
683
12942
27150
12064
6196
19639
24482
22880
79592
17785
20255
30480
29523
14988
7227
30412
18226
3957
7930
12788
33930
3256
22416
14260
7266
7216
3288
21105
38804
19956
20098
5508
34327
14620
475
13974
21470
58457
8717
19808
-1
14992
33574
9784
16794
21802
15544
17670
2776
15108
15727
7849
3770
16630
11502
36561
14732
72150
18499
-1
8243
15537
20640
16161
17802
17926
10242
14614
18252
20604
16887
3876
5781
40262
19148
21585
24158
8660
24226
5530
20332
21306
23482
5768
202
700
19036
18004
4738
12863
29282
9714
25647
15369
16800
21264
27242
24100
2
18023
18648
8326
10633
13451
18822
11446
33656
9365
5272
40692
16832
11844
10570
17335
3554
16794
16119
17740
4115
9338
13098
23656
51730
15754
11814
-1
24778
4744
18552
38189
8193
19901
16043
17112
22082
9815
48354
32650
17916
2309
17184
24915
15583
7446
1100
594
9376
10254
28425
23102
1404
15318
0
10883
12190
9470
10064
31068
7164
5165
29035
7772
14974
8704
10617
6726
8066
28396
12136
13955
-1
7347
34339
5706
8234
2324
58680
376
7014
31619
13193
5405
24874
2440
14367
9380
46458
6638
25910
14688
6171
29484
18728
16614
-1
12202
9460
17552
12396
2395
28204
24522
5359
11924
10332
21314
1427
13524
18458
20628
1584
22682
11687
13830
17102
9881
17024
29871
6096
16100
2668
13291
39769
11444
37810
22446
11160
17605
2
12976
12264
29668
32446
17357
10634
5960
4620
6774
931
9019
8601
13537
19559
4846
11490
11798
3436
8050
17379
4819
16152
7994
3578
0
-1
14387
-1
80290
11060
26494
3306
13964
10288
9101
0
30280
1768
6414
53444
19412
75886
28032
28548
15178
0
22734
18636
9018
5885
20856
11879
19315
78130
-1
1961
15113
34308
31232
24759
6588
16358
16458
6130
8527
26718
14100
7827
11614
43310
19086
5152
10734
29568
16250
9458
32672
27636
8032
18596
6397
23126
4247
23454
12114
-1
23185
21112
-1
18322
16386
178
0
2078
20748
1672
1313
11761
-1
41820
10491
16188
23628
25507
29064
48812
13180
66718
10115
34490
16318
8338
60096
0
9250
-1
14822
22206
11260
-1
22424
7688
58422
28705
7
12070
53222
15794
28533
11248
7087
-1
14836
11738
16256
17668
12112
0
7132
31523
15053
651
12550
7805
19711
6292
10251
18590
7776
37202
10724
19002
14940
23974
1556
0
49256
15084
24014
4882
16442
21246
14279
346
6374
8808
5064
14291
55108
24668
32996
4795
8376
3848
8906
26628
4017
10073
18102
5406
-1
21680
23290
16902
17274
26040
2024
0
4842
14024
6016
0
23952
3288
280
-1
13258
5176
16516
15250
17807
28994
22433
11800
4781
2854
15712
18546
16250
7588
16752
2110
15812
474
3102
39036
10182
13938
7722
13416
7532
30446
5504
14234
19533
6654
10219
9596
11407
33669
16567
2068
16858
16726
11863
14454
15028
13718
5740
6266
16342
22344
37752
20609
16430
21894
15336
30208
4394
26010
12658
4195
12854
15327
17722
7527
10986
4317
15634
2482
9602
6127
15712
52532
21700
-1
6868
230
-1
3840
17636
13942
9398
17638
16490
15600
10814
48968
26386
12016
6922
13322
11925
5722
8504
11726
13270
4222
8986
294
16021
3550
11588
-1
19064
17587
31180
0
9688
1706
4723
4575
60200
17031
33008
286
23104
17750
16215
23503
10972
15760
25177
6562
13420
72644
9228
11910
11504
11092
27405
9851
11588
5385
24208
14164
4107
21730
20586
10189
485
36086
0
13874
17282
15168
3989
8085
12028
20666
13112
6375
41414
9706
0
11011
23858
7894
23748
9855
85098
45868
21649
24338
16191
0
24216
8360
12453
26898
19486
40118
8389
49718
5460
5441
4873
60358
5982
49
2638
1792
59528
14394
14516
8942
16438
13372
12972
6270
11978
806
17278
10256
10506
5733
12900
35032
17011
33828
38249
23269
38707
2444
9145
549
7261
17763
15848
19450
2776
18062
1288
19290
18303
22030
12328
20200
18866
11203
15946
79932
30263
10238
0
4490
16985
39912
23164
18589
5743
78618
3528
7137
20462
22784
43403
16016
1284
4343
4754
6023
816
11436
-1
9150
14268
5136
5069
0
19850
7550
586
23726
14542
14620
0
15914
21590
11638
20483
3106
0
20375
26421
10778
5198
39460
16446
428
26117
42071
3609
36185
20742
16160
20844
9714
9456
19620
15367
2082
17302
19187
24891
18858
27364
7213
13634
20546
13948
8394
2319
19164
17422
27392
14874
2424
8252
8176
6918
7052
12136
20060
23506
13772
16374
16142
11388
20246
24364
15357
11438
21544
13958
13086
5956
17486
57899
13964
-1
30026
33718
10379
12150
5240
32350
9782
13342
7918
8274
11334
10431
-1
25894
19234
20683
26311
2829
5961
22628
46320
-1
24846
33114
15556
67414
7014
21366
12808
5403
4175
13692
4752
37852
33378
24574
39083
4878
16558
20308
22984
23638
12701
34144
10386
19713
26038
4062
27102
450
98
6544
3500
9193
8378
6059
5494
15748
12286
9906
16610
31843
11036
16414
8580
15340
24440
2669
5466
-1
13502
234
7151
27902
10695
11427
15923
5418
13861
63130
10079
12668
15312
18178
156
21036
-1
-1
51288
11080
34606
2018
24730
26165
5384
70240
5286
19046
6605
10485
5154
0
37572
19504
3409
20718
15455
8520
11918
17146
13434
1718
8137
8956
19128
0
4004
8884
11856
19552
22036
16500
13506
-1
18802
17649
61166
7425
4248
12688
16570
7013
13802
4511
19934
17309
14530
49456
10732
17793
18578
17484
13842
3608
22094
822
18642
24639
7585
44333
13678
6440
16000
18480
32840
91486
10217
0
5997
14937
-1
7155
30774
2005
642
24398
11746
35748
624
-1
8612
21258
10052
30342
685
5137
17267
22752
6050
18522
0
11288
45835
27784
17902
4654
12006
3646
12756
14134
16516
24236
21256
0
8423
11518
9525
15507
0
-1
18826
7654
7524
9008
20329
4752
2380
9752
11192
8647
9913
22569
13820
8537
36058
20338
16546
2
15099
1031
20774
64426
16223
37420
10196
17142
0
35044
43778
61624
6442
4983
13744
17183
18798
16058
24178
19656
4193
25374
18798
12716
5122
20348
19754
4182
17581
47949
19812
16074
184
42450
1735
6868
12717
3121
29718
23722
5069
18626
17704
15170
13899
17018
-1
16180
36237
27287
30155
5352
12963
4464
40991
28053
21445
-1
13584
17608
16712
37922
30382
82754
26293
5198
30962
5008
15536
11451
34484
11873
37648
6262
16624
24865
14666
15876
8096
2822
24951
16799
15020
11973
79162
7504
13835
7452
33292
12112
7915
16440
11017
-1
8414
14473
46732
9792
19581
19868
5679
28665
2682
2888
7292
0
20355
16882
8984
17421
13074
15823
20645
5122
38625
14442
10218
5324
5612
15492
42729
18432
7824
9316
1588
14423
1876
7756
4139
678
28967
3414
9428
64552
6275
8948
523
38660
5540
59576
-1
18474
19778
5610
12965
19490
16111
1228
4390
12938
3854
35349
0
80276
20444
37004
1877
22443
3270
34320
7670
8482
11177
23613
14686
13846
0
8023
41787
4253
2000
16268
21202
11416
17092
5502
21998
9990
9144
12102
0
20320
7537
16905
22230
21438
16092
13870
15930
0
12670
7217
51950
16522
8619
19630
16128
22804
63831
27806
9211
9418
17862
19135
18403
7304
22760
12703
13462
10788
19316
7886
13736
21909
10008
5346
17854
27822
15502
14104
4244
7762
10204
12405
3004
18860
11208
10504
7054
14053
23220
11196
15986
12936
3512
39397
6773
22920
18418
23244
-1
15666
29908
12444
21719
19769
10730
19300
10252
10106
11670
7296
19278
20374
28713
16249
13518
32521
4374
26620
7916
8006
8266
23899
9986
23664
14092
30776
15853
-1
12244
18427
5819
14886
10609
10238
9716
11256
24446
30580
7363
9465
2464
31769
61594
0
14414
15276
21998
1943
19556
15366
14078
43982
24814
16059
7846
7236
17332
16176
32048
15395
14546
54260
2530
4998
33836
17248
21648
15800
18244
37372
23976
0
13477
8897
17409
16474
34942
14283
5964
27591
45911
15898
48962
782
8282
19916
14184
17648
6114
10815
49086
13354
14015
13014
16210
18960
17160
26516
5650
11398
4104
14884
13234
34618
43574
11364
3161
14976
17632
0
11116
13978
20720
17064
11175
18914
-1
3980
32122
10960
17516
15150
13755
28160
11973
-1
10355
9966
19020
13336
6219
11078
0
9209
14242
29559
7161
2300
7850
49132
1966
8010
40034
13455
9394
303
13682
22406
15998
7346
15032
7702
13876
13000
43830
14593
12837
16598
26734
1892
2560
23334
-1
10628
-1
16398
14028
-1
2244
11550
8256
2256
6841
1766
26706
9470
13100
4616
9362
9499
11126
19377
13343
0
23090
26110
124
0
5039
5533
36964
-1
8331
24128
23972
25161
20238
3242
24242
31426
20772
19847
20206
7183
37124
0
4513
8576
3668
90604
8867
14497
14502
18058
22738
18896
16564
32165
3048
8754
20390
7622
17522
3696
32676
7748
4178
23120
16400
332
59971
21104
15523
15241
23462
7190
65578
4677
13988
4887
11903
0
4
2956
6056
15547
2651
15409
30918
16655
9541
5392
16838
13987
9931
12740
13300
20369
15638
3722
23739
20382
75388
38402
18759
7726
38207
11752
13895
13602
16836
3554
2888
25226
5220
-1
16602
14897
19252
12921
20018
5988
0
0
502
37966
25812
21472
3287
9916
10238
17070
3635
63988
11978
20876
3171
14222
19730
12648
37623
20470
7918
7760
18350
2107
22201
4471
16781
11573
31368
6320
10811
17266
15719
18332
2441
18162
8880
3594
20453
27996
24172
18024
1416
17046
3070
7424
2532
120
13352
8748
4242
11470
39960
21852
12202
13248
15237
28308
12694
24047
10310
18508
26246
8105
2394
782
1908
18584
35074
85238
5250
16652
20758
19676
0
7364
17700
13309
11065
3722
21169
-1
11213
3668
21524
6356
17902
32412
15648
19114
8124
17024
25042
9476
10
3346
16268
14738
16381
9180
14581
17318
1414
3242
12094
5820
19666
8402
6205
17343
45259
45981
16104
12029
3166
40800
17488
24354
0
13665
17644
21614
12918
13728
10136
6360
10512
23722
29183
14285
-1
19052
14827
14988
19829
17301
14028
40966
29982
18027
18662
32644
13076
50894
29466
10724
6406
36102
6493
30626
31409
18060
20746
9695
15538
8178
10139
52450
3902
30538
2
2288
16337
6434
60414
0
26698
0
9092
3069
17484
14647
10054
12781
13247
21051
4222
12811
3
21467
12049
16030
14132
12353
4354
25370
18494
10362
17408
16388
30177
18907
16162
15630
16615
13598
20348
28648
13370
12477
19684
55367
39704
11430
14348
15514
23844
4510
62896
4946
45236
3
7498
2760
3725
33675
4305
3238
7320
18532
1545
19267
8022
20228
2211
15790
7886
22236
16554
30352
9142
28383
16426
29010
12551
18618
32438
13772
2256
10547
16006
22048
14786
8164
8532
18930
10060
8324
3772
7448
19911
1713
12078
12944
4337
13999
28282
13360
27622
6002
82788
16266
44863
0
8310
75900
13112
21016
26784
4609
4338
18110
13479
13843
11523
17541
10811
7490
16726
17090
29099
9055
14029
60426
13496
11670
2660
18450
16113
27342
5474
1320
15988
34958
2814
21327
6388
8434
44750
22184
19916
10971
15110
34458
7044
13532
38458
20378
18358
16937
0
22036
14128
7970
3590
24440
34273
20478
11336
26730
15626
12746
16400
24711
17584
24336
8101
2920
12567
13385
30863
10181
9526
15726
23530
3249
10941
20248
3712
22814
15857
12032
36558
16407
17713
14690
8678
13072
1938
15860
13680
25836
9852
-1
18429
20882
13592
3442
27737
22699
10591
6260
1525
12246
32921
2466
26204
11634
15915
48084
3900
16672
16262
18528
52992
86396
9920
14164
7893
7110
1840
21871
3590
19022
6780
11218
17356
17367
61550
13472
0
0
17887
11306
17108
-1
62782
7918
27536
16022
3410
520
7514
12522
5143
17315
13772
5100
13474
32423
20898
14625
41804
7384
11246
22723
43370
838
4084
3624
16312
3760
17082
617
11409
11104
0
8361
17180
19088
13374
17283
42516
45617
0
10193
10046
41460
6470
32863
10094
4790
11260
19382
17610
9540
28887
6163
9238
66732
13128
13983
1537
26503
21250
9996
21037
5168
3870
4911
72784
13764
21436
26800
11303
217
6842
6578
14884
15882
4164
15780
14256
5258
7554
11994
37112
30932
16178
14353
14735
10620
16018
19940
27474
14212
7534
12468
40658
3268
34360
27384
24566
20736
21194
18784
19720
14250
11154
50530
2044
-1
9150
20822
16350
6776
10532
10810
2716
17656
-1
17312
22340
1965
7726
25114
7815
19752
16228
25638
31882
21138
33504
6505
5961
783
16379
15536
58457
16876
9514
0
-1
0
9639
1553
29534
7288
16172
1596
14118
-1
23146
13230
3514
14098
17988
29730
6981
16125
20320
48534
8886
20830
8736
52884
1454
4234
27876
10357
45676
15662
23334
33282
8588
264
22460
-1
16136
8193
15016
15705
11830
16833
12503
3678
33588
10355
12162
-1
82868
14296
17458
21069
-1
16520
20984
5672
19489
830
13844
19664
7444
2912
-1
32102
5224
1810
8529
15009
30272
27244
-1
13802
22834
18381
3342
-1
15472
11350
17896
16194
2875
18266
8580
11932
28262
12258
10178
17768
24432
21754
11576
18576
16280
0
5052
12010
8502
2251
15336
4398
25474
18880
22798
2068
24540
998
8640
37600
2182
7760
65338
25020
21043
20101
28191
35770
26020
11892
23816
-1
13367
7489
12054
16754
21124
21436
16088
22316
3400
19092
1202
3044
5973
0
16008
3828
2022
6014
29600
15110
5691
20851
49360
4964
23786
5808
28692
6800
32186
346
31552
9134
14708
708
16744
9268
12360
24554
25576
4206
7966
39692
37484
12416
33237
14891
9446
11842
15041
17631
17456
54580
8136
8912
25242
24238
18486
-1
27438
1498
31888
43086
29712
10282
24496
15320
8174
7730
14939
10310
4466
11667
1392
11826
16406
33876
22843
1122
36094
7648
19184
4138
19959
23445
3744
12992
978
35303
24796
16500
2043
11432
21846
14626
9896
11811
18364
28818
22012
18778
0
4784
27800
14756
0
6388
17648
0
13865
11984
8946
19556
89480
34133
79140
13614
23599
29526
15020
9677
22168
25198
18622
3498
29607
6022
15629
35363
15140
19598
13266
18761
8390
14468
11600
9477
13769
15707
25786
5060
51046
2764
15555
15485
73596
24705
13703
21998
13842
44364
2584
18210
4282
11096
21845
11444
2352
11526
0
30792
38618
11780
5640
23080
16792
62823
33002
2381
44765
6336
2512
14556
14684
1818
27244
37767
8376
5241
18288
12916
14080
17766
11728
8761
3140
-1
6374
4815
19028
16786
6608
15592
10644
30338
6355
11428
12612
6060
5044
26516
18429
23050
2748
11589
15464
8521
18414
28047
24552
9713
19290
8041
31465
14854
8808
10778
28898
12776
12950
-1
19912
13346
19528
5466
28786
4164
30657
18946
2216
13358
10323
17391
16260
18080
30517
17922
2096
12820
50
14910
6245
0
4
1418
11076
23564
10936
31325
20466
1370
21710
10086
4086
27919
13810
16158
38558
26602
6634
1882
20058
3264
4289
19366
30190
14110
7250
15520
21636
23698
6050
3424
4503
2644
5715
31384
10306
1364
14187
1746
22410
12502
12252
15226
0
12884
13724
28487
16446
0
25617
11422
10043
18681
4373
26659
17256
28754
19987
26398
4669
-1
4394
27466
4510
8441
6320
1164
7490
0
24588
15848
25191
13926
39648
15060
10942
17671
28530
10487
1018
12964
-1
2998
9505
2322
5
10152
13553
20560
33620
10952
3790
22906
15828
20296
14088
26954
24164
78444
16952
0
37992
8880
13986
27182
17376
29867
25854
79618
0
19074
20188
0
17130
9912
19361
12788
20170
41934
2688
0
35131
34228
9003
21284
19094
14470
7820
4138
11335
1348
2185
12578
6208
6428
9540
18421
910
75326
16499
8205
14642
24514
680
4618
12656
19868
3226
1158
-1
15277
2940
3430
17494
27692
7080
15174
0
6136
0
3114
928
11084
4772
10344
4
481
0
7536
17570
8320
18540
4067
814
17176
55458
14848
5178
12789
5420
12414
8178
9750
25983
19092
15003
7042
7518
8929
10159
31568
3656
22250
14949
52188
16238
13388
4302
31341
-1
21776
13246
26928
50876
15062
148
7688
19217
20559
13050
22634
16133
17622
14740
32066
16474
26548
15012
25052
3940
20460
24032
16981
11448
4898
18926
17088
16298
2682
13253
10110
5004
10850
8906
7456
12204
15153
13143
12354
628
14588
15640
23090
9632
37662
8134
6418
67934
15448
41452
3786
30360
7930
10058
11004
29032
10716
17086
9348
12732
25951
15082
4094
13350
12056
10918
14898
16040
22810
18276
16081
4566
9086
15244
34524
22352
33165
3672
16204
19598
19938
1234
23400
2830
18675
7790
4828
15092
4492
2599
21410
13624
1458
13930
18186
41163
11605
83812
15979
25
2110
5003
14226
3338
1650
13348
6829
9390
17811
3023
4512
12073
16191
7637
2302
14796
7524
13044
19167
501
1886
10678
4908
23354
20342
15684
13326
0
1975
14576
10030
22289
5008
15586
13700
13979
12555
232
36230
24360
19288
41211
25688
8104
27508
12108
2
21204
16562
6284
19634
4172
12708
8714
1507
24546
14242
14970
16680
3622
15494
14848
9705
15440
14618
34182
15858
31194
22572
5998
16102
9026
4542
31834
0
25632
25161
8523
5093
15204
11604
3886
20567
14822
6742
18682
20423
30016
44201
21690
9078
10070
63380
11002
4730
14262
7665
3700
35297
27436
5648
21789
6032
1066
12446
39863
15184
35608
11510
63591
27522
8677
16100
7829
275
3456
12581
17099
105
17170
13990
23302
1418
14504
11384
39353
28790
8258
4534
7890
19328
13823
30774
17240
9800
24111
17262
10022
18022
19532
14216
16506
19975
13122
76
4530
10322
25962
5108
31994
17918
18674
13556
9424
2898
5798
10668
8884
21674
8850
13766
25612
0
50895
24526
17196
8600
13014
3062
5876
4280
3790
11619
12298
17880
30
24762
16747
20248
18266
6263
28791
45069
40824
59990
10818
20474
25001
14996
3742
20806
25190
15888
36654
26551
15724
2154
9811
18938
2740
40818
16006
26236
13550
25217
37159
8521
12717
14353
25284
17072
4569
10266
8064
18334
17585
-1
4833
15650
18748
17092
35334
22332
0
40652
-1
11562
4044
37773
15084
19428
10720
22918
11132
43759
14874
0
0
5973
4705
15853
13615
71534
15404
10135
11441
39670
16720
13865
13210
16735
-1
10838
8312
58549
16556
5154
12965
1868
7332
2744
12910
3424
23646
5480
18057
15508
-1
3478
10137
266
26121
2264
3376
18908
14484
2771
13506
9306
16356
26454
14622
15908
41346
14806
32379
10296
14668
14518
17596
2505
25697
1333
16856
21544
32340
13577
7929
9827
11332
9988
26386
18140
19722
0
482
4736
29783
15867
11282
30666
14526
10070
12886
18168
23715
0
30349
6126
21124
19450
20520
4788
31022
0
24583
15164
8801
24910
1175
16233
18983
23000
5322
5892
10796
5838
8450
59149
14748
16026
6513
46101
27198
18654
13677
8830
13015
31518
29728
8628
25358
0
16325
30324
9690
10902
11438
23392
13192
0
8072
14373
1938
6020
17064
10046
4059
24336
10644
3142
2650
1628
10633
17742
20336
24662
0
10784
13545
81164
22100
-1
63912
18200
14363
7657
11504
13822
3096
0
3800
17414
12827
89246
18348
10118
21288
1368
7979
15748
9843
32250
22577
7190
17466
22478
2719
13444
10202
1490
6335
13901
22361
20820
23308
76584
13076
14634
39656
10332
24128
19212
15310
27476
9761
23084
32895
7505
33278
17800
10109
0
8156
17569
3812
35969
8520
13480
8241
22879
17078
17450
15969
40492
9312
30818
22076
26056
8128
9746
22755
5896
88098
3238
13532
8706
1986
12257
9914
13496
27391
12660
14859
18037
17174
1486
7252
8690
29735
47856
16955
10932
7116
-1
15234
6786
15906
16988
18963
14206
8070
27714
23234
7048
20876
7368
19175
17799
8330
6970
17712
61869
12497
28948
5669
14344
11942
14108
21895
14708
13100
5292
21266
3407
9362
51406
7286
6896
2469
15264
32550
18389
6773
9894
1078
6088
33984
11844
10478
0
19406
12812
18606
12968
17201
16866
23206
6089
9857
8849
10012
24843
10094
34992
48968
10218
4664
8242
35108
22554
36736
27194
41960
1847
3439
39098
9433
12778
4654
13249
6680
16177
45595
15715
5446
15477
13276
16853
502
16757
19288
34932
11221
1062
25280
14440
4
21276
10365
10920
15742
9946
5480
2468
6093
23090
18964
11488
56357
-1
22686
976
10846
20182
3797
14452
4779
17086
0
3
8345
15206
27674
15120
14515
11914
42876
7546
22410
588
6556
4636
18037
10027
16904
12414
-1
14282
168
4588
0
15811
23922
0
6921
8903
27416
42588
18539
7308
20524
21024
16042
26657
15427
25326
7712
26082
43912
43470
31874
15081
21157
1110
10186
8012
12103
9458
10998
12449
4950
-1
0
12910
21050
1978
2039
18690
16586
17363
683
25076
23539
17856
29386
2951
37452
6222
11680
34062
29206
3169
546
13510
20066
10004
2429
36884
15896
8582
19966
13576
14934
3968
15030
6913
10666
22592
18649
16286
8455
4184
21030
8442
14270
1354
11734
19396
4454
55396
10054
46086
11341
180
3961
0
33302
36056
5242
32392
29477
13700
58534
13276
3782
10255
0
64357
4968
24258
23206
296
18092
20897
-1
27769
42200
25581
48498
23040
8271
21966
11173
26589
4904
7406
18024
23216
55988
3695
6520
2103
83100
13860
11878
6670
13962
15031
4348
4220
12354
1431
2318
4623
18440
11262
2864
7475
15040
10605
5338
17448
9066
5316
19179
16054
28738
6477
3930
31998
4206
3002
3
9230
0
12787
-1
13822
14886
11801
0
14038
37496
15402
6206
9611
4506
10624
61278
15814
13644
3496
46301
13672
0
1588
8217
6186
6700
12871
24025
0
9585
21552
2054
15954
31920
24097
4014
19869
14950
19985
29662
2540
18108
2506
14640
18580
23956
17158
7010
9234
11779
2348
13534
12117
4957
10773
17517
22426
19716
18522
15312
6908
18592
89716
29196
11832
13004
21627
15137
-1
12455
18988
19078
1212
11650
0
21864
13398
0
11104
13129
7612
14733
25278
17096
20706
42977
25394
44650
18616
7331
0
13159
11224
37302
2580
23913
8242
13174
-1
4268
3460
33510
27358
-1
734
19544
25181
40800
1168
22554
31926
14143
14129
8467
0
12895
16018
5472
28129
9944
-1
20182
9686
9486
15413
2631
6218
14174
18857
5098
3583
5526
13562
15513
31561
4934
20467
5082
23262
13965
27132
-1
9318
64159
18610
5596
31121
22183
0
11248
17546
9240
4176
3762
778
0
19922
1072
27462
10000
7326
11994
6401
17828
14432
25320
34756
4358
11789
3780
21164
16348
30374
15674
42309
15321
12324
27440
12909
636
4020
32534
29112
6382
12142
4434
32617
2878
16646
53167
20832
57105
22220
16401
3222
13006
3298
13436
18199
0
11196
2159
3919
25330
13129
2304
4208
43256
13846
1726
11122
41023
14378
20750
40379
11659
8242
12348
17913
28474
16656
2360
11338
22022
13638
18829
14856
21084
21795
20322
22872
23926
14886
41490
3480
4634
29963
6732
34344
20336
34638
13739
27607
0
2460
56291
17424
3808
-1
12458
5341
11432
14803
13430
13008
-1
4865
0
65519
11466
18378
3186
8630
16049
7744
13422
5106
16744
18938
6026
24468
16324
13812
8560
2315
72440
25566
3074
16880
63206
6254
18758
8906
28056
9902
6527
13482
4104
23500
5167
4278
10280
6179
14531
15476
10920
9698
2232
42493
7766
10922
54299
8684
9543
22346
13578
3153
9550
8128
921
5561
6430
36622
14308
29526
9278
-1
1088
32331
10496
8322
19260
21046
20920
10534
14309
33962
13769
11263
4478
10790
38123
41671
14782
19986
15624
78178
3628
16802
2
18017
16296
29278
8308
37200
7078
19313
6236
14384
12848
14832
14498
45843
10389
5556
34928
24422
10083
10528
66296
8960
31758
18290
3332
30059
894
2616
18365
8432
-1
17192
21156
31312
0
7998
14058
29388
11835
5944
19394
52062
7938
1443
14703
3834
-1
19138
10378
16674
53610
26986
4212
8514
19864
4731
15600
-1
14734
4102
10262
10917
10732
18413
17006
15530
20814
17600
44664
5442
10119
4383
1384
21278
2
49678
12954
10119
8554
23086
10428
5385
24648
18414
6858
7631
5622
13466
16552
4380
9460
12728
17774
22720
4734
27892
17974
25394
11512
16992
20651
13462
41661
9064
15468
12444
16556
-1
14243
47932
46393
15538
9923
10697
24262
21592
17321
25688
36289
10886
7777
7800
3612
11804
17451
14865
12902
15742
2186
4502
4360
6162
1968
16972
7210
10877
3133
3120
17586
3446
23870
12376
10526
14526
16980
932
11028
17268
6722
20464
21651
16580
14502
-1
11092
19489
11684
2633
10002
9814
1272
32834
48216
25095
4646
41806
5548
13626
8168
28826
682
0
1914
13834
2136
12794
12734
0
16570
10158
13567
40429
10832
16842
16270
4440
4281
10793
7710
19170
7892
7004
12014
15160
8476
9703
17316
4858
28964
17804
15557
23326
23074
12736
1757
20240
826
4434
0
35238
1600
16235
16084
15272
8955
15260
16263
13894
220
12949
27808
12674
18090
2390
770
18432
0
4119
3621
17555
1696
-1
12396
10300
23624
1300
8204
4979
68940
15922
17568
16604
4368
17598
8882
12524
14757
47958
28806
20999
4602
31297
16970
20449
15223
0
10788
431
9814
16456
13720
23730
26681
26976
31490
5726
13540
12102
21124
13356
20936
8722
-1
15584
18379
11815
16512
37423
27780
4904
0
9355
17116
53476
10901
32907
3210
7819
0
10496
13710
27299
7236
-1
6528
18456
42610
29728
1510
7966
39330
31095
6338
19417
19380
2535
20890
6195
13359
17184
826
0
30030
44196
14278
6194
16140
15176
19630
1022
167
6334
57417
15941
3102
11196
366
16242
12331
38477
7784
15854
-1
23902
14921
2822
730
3503
16208
15098
15294
1468
10567
30456
11088
11676
90524
44654
52286
10693
29828
26272
9674
4030
43404
5834
9370
12246
15254
542
9875
4265
22317
19992
0
51480
-1
15814
11146
6149
26874
5002
11587
11742
11948
6572
25649
21997
13377
15612
14409
14884
17016
11808
21474
9342
47318
31852
13773
9921
21828
-1
13282
35979
39130
34366
11415
13538
17304
7738
20964
16334
17458
17330
19332
12530
-1
15870
17318
1520
13209
4711
20249
15026
25618
3664
24146
12808
7314
10022
4799
40217
24702
39026
27646
11559
16328
18336
9027
11852
12610
9969
14534
4974
7232
9767
12004
19586
14477
11449
16144
11805
16293
16731
20374
8212
20538
19699
23836
-1
14464
16424
13698
7799
8892
1344
2682
14024
39766
10451
15404
41818
5520
2665
1312
8144
7304
874
2304
14925
12549
5775
8998
14251
31597
13260
13240
21284
39170
7989
33896
7292
11430
16411
2867
13590
15977
12131
8087
29252
60611
25205
74966
15084
11222
12168
12448
16150
18596
7826
0
3780
6038
22786
3534
20120
13536
9014
14923
10285
-1
14582
57345
16910
28182
25655
8860
15706
0
32654
16000
10107
1858
1282
3836
12176
7208
14282
33310
16088
449
7470
19084
15539
9822
14402
3953
19560
0
13672
4480
3345
4130
15266
0
15529
11146
10704
11560
9913
10256
4954
2250
382
17956
3276
9782
5115
18517
16569
25731
6180
4949
12450
5
17227
12418
5990
2
17351
25066
-1
10342
4478
24222
34194
63683
15512
12471
27660
1340
15856
19300
28709
0
16888
8728
16474
13392
16944
5722
11606
19093
16788
2991
0
14563
10631
-1
12709
12582
14829
6526
16574
8262
10318
22364
32548
13332
27673
13618
7158
2560
12072
15052
32304
9420
14202
11406
40180
24818
1911
17125
8871
5788
29728
0
5738
14150
6320
15297
5223
17048
13436
22224
16378
4044
9504
17834
6
11188
36442
9111
30546
14328
0
10784
15607
17612
10646
3023
14381
13156
16340
18684
-1
16142
52710
13828
14480
5596
7758
13706
12760
37135
12896
12721
25520
12316
43019
17966
20003
3450
16266
14684
14050
7568
44
12956
3220
14267
4
21871
13094
-1
2835
11965
20657
9773
24978
16014
17631
17636
0
7036
74044
30707
18196
14346
47688
8812
17938
7100
16441
11110
11388
1374
13104
0
8219
15431
17828
4678
18102
24652
19488
19723
11367
39778
63697
1342
34040
-1
1500
1003
4974
27500
8706
9161
4618
4270
55380
9132
10756
6398
13621
21788
24733
5952
17416
14530
5304
4937
15233
4302
15862
6530
36826
20968
13261
14858
17619
29935
22606
6972
19150
11364
10286
29477
22185
29474
11513
28449
18121
22802
5375
20806
3046
32226
13852
5882
7636
12506
21159
2892
9624
3982
0
10331
48315
26162
15732
-1
4416
15150
15907
7523
37417
13316
6340
22384
23630
27252
6631
22945
1326
14429
10149
17029
5823
19723
12064
21804
26346
24750
8567
26895
23196
13844
18450
18124
14854
8000
1006
18314
13696
18536
7978
2179
10840
31681
30646
61527
20608
20219
17068
15444
38778
9634
20740
17112
20636
8092
15862
3720
0
9757
14502
14814
18837
21204
75382
11444
19418
23089
23138
6328
1371
0
11914
5
41600
11634
-1
3208
4668
2
9578
14994
1649
29088
14117
17464
0
3774
14757
0
1740
37470
9248
3580
14310
13873
26510
15570
2459
8058
10794
14909
29170
14014
9154
7778
13816
27100
10350
18334
32042
16994
18190
14294
19266
0
3964
13387
17486
13642
36003
18181
6732
-1
0
12547
29800
11559
4384
1923
17806
27530
2344
13028
10584
27141
2
4254
4524
4583
2106
29174
3514
11612
4862
22964
42363
7294
17266
17763
5408
11963
17812
26914
2926
2056
9580
0
19000
2638
24664
17716
16878
15175
14690
23508
8198
13162
1470
29778
14420
15811
-1
9810
6235
28580
2924
16722
57908
18037
16270
22117
37440
8968
13798
13268
20318
12601
12353
10005
10174
11992
16530
15698
31736
32927
0
8320
19656
29264
0
601
4755
7741
10940
15076
8868
21223
16514
23255
1932
20326
48840
3704
18857
2108
26782
2176
12020
21044
5825
14379
-1
10049
1830
10230
3084
8783
13193
6975
18224
0
36830
1734
3672
-1
15683
19251
18168
7682
5451
6302
13360
31596
45814
11430
0
4054
21341
18372
1337
8292
42050
935
4251
7246
21710
13535
2595
22646
11940
23282
6346
10330
-1
26172
154
13925
7654
8916
32612
26637
11785
33314
18854
3700
6546
3016
1546
15744
12855
5128
29661
0
31829
11334
12166
20970
37705
15615
14466
3714
5554
6272
4532
14412
5688
3684
12577
13050
12564
8714
4646
12078
11122
14189
63845
2332
8344
20327
13722
5
25984
15251
1328
6626
9411
22861
9379
-1
36073
348
19808
4232
38840
2251
46508
35942
2181
18786
26732
14256
12119
1342
30929
18114
7374
21780
20400
6116
4912
9042
15668
7308
3008
26156
10309
12680
3098
11409
12194
67784
21138
18574
8384
24362
19268
19436
16398
86574
25453
14937
21965
14206
2304
10110
18753
7871
28427
25258
11442
7141
12157
11959
17477
30232
89632
40689
16060
27016
49216
3958
-1
15732
48858
25028
21644
11916
17430
25027
19356
30336
12806
106
13741
14146
28486
2365
16644
9600
670
11722
36463
3210
12009
31100
11060
1694
33718
22742
11094
18792
23808
27093
17969
11988
17618
15658
14890
12985
25463
64222
1136
16916
38906
23166
23961
18086
18616
5321
12250
20330
15312
44179
15725
8728
6128
26532
10351
7984
12358
56196
9672
0
29248
16772
25501
12210
9701
17547
34530
16818
14024
17360
18402
16372
10496
13793
16390
16892
84516
16384
1726
3114
13152
28750
26684
21552
460
33309
10242
17320
15840
24331
14362
13347
6620
16340
3202
9690
19771
14380
880
22708
14146
5242
8265
10095
72936
18150
27800
3386
7048
15134
9476
12200
14796
0
762
9640
12926
13830
0
37703
4924
8490
11473
25510
9997
7526
5739
6034
10849
3940
0
2484
11414
13064
13930
31122
31692
33886
8028
14694
0
-1
13568
788
1611
18798
10374
13574
58830
11144
28471
30034
40164
2174
35722
17248
-1
17326
16879
6882
8949
18448
8656
10188
17566
16972
2347
14108
23392
19222
15294
9890
21584
41796
12973
18796
0
16168
17551
24454
13238
16467
5599
18117
15206
7354
1496
9511
10320
366
10516
2448
0
10002
17775
11734
29978
16696
7350
1502
4753
17163
42163
15950
37459
17760
23840
22118
19428
7491
7544
30969
14998
15152
3160
770
4002
25388
12332
13130
23698
24347
10459
14096
28509
15166
21436
21754
13331
3163
2017
15800
445
8832
11439
12179
24350
31960
17228
38516
14655
3898
3660
1524
2114
8122
26118
10250
4658
22164
5623
584
14
14352
2392
11124
0
2382
21348
41824
20909
3000
13012
0
10972
15424
19774
10520
8404
24124
13308
4346
6
20048
7980
7188
8162
14261
21220
14917
43067
24718
8791
8790
51370
28710
9372
1559
12194
14328
0
18168
21382
2703
0
1090
7904
19120
3878
21692
4547
14150
17882
28214
17074
9833
0
50368
1263
6762
26557
0
9730
39778
43126
35012
13839
14342
9348
35857
2390
9222
2544
27745
18573
16392
15779
10295
1782
9146
5186
39412
14942
36212
8261
22523
14896
16755
-1
0
8684
15388
23132
8338
14547
0
7185
15324
12125
5830
14508
11326
32216
15914
35243
15184
17864
39984
14190
10955
0
58056
-1
14922
24858
2971
17108
9728
36268
15868
13198
13794
11040
36694
14572
18592
19269
22500
41772
5
6081
32357
14380
14970
17332
17632
16040
42182
18488
11942
25579
16450
27055
19746
13510
5436
3930
9658
3857
10766
18658
11988
19092
16663
19148
10891
5337
8559
15062
11874
11127
14392
5894
62198
10168
21231
-1
5380
13774
2612
2123
18445
86702
29748
-1
40264
23314
16659
6376
1442
21704
21070
0
6693
17029
866
58525
1228
19399
10377
0
16060
19068
14903
904
36140
17636
9684
522
0
14520
9063
3233
48614
2586
3432
10900
16660
7830
24759
16140
1606
1028
12330
0
1638
47918
24808
8574
1342
11953
18121
19324
14635
16118
0
23350
11928
21724
0
1606
8185
8112
19514
8272
18182
17556
17968
14141
5858
43174
17198
23594
30791
10410
27202
-1
0
7252
16798
15718
10818
25080
22378
-1
8840
11772
7290
-1
19499
27465
3148
9722
20658
21855
25356
16400
8164
10056
8748
32593
9631
16764
14797
-1
18000
76446
15876
12355
2692
25278
9290
25708
15860
14611
36224
3743
21730
11666
24727
11178
15055
3422
27902
14203
8244
14413
65032
21024
14498
19942
14304
19293
27949
30540
13470
50558
18988
7616
9642
2453
-1
17846
15882
16994
1988
12229
52786
7766
11104
9382
12448
15996
772
44514
18564
12492
27900
2356
27
2745
23524
16732
7274
-1
0
14346
14364
27877
11624
16829
0
14458
5
29103
4498
40844
29223
13275
46659
10154
29196
1435
12853
12302
62272
7319
13109
-1
12597
4407
16221
20380
23860
21064
14246
14700
4981
24732
5836
28852
15628
-1
24856
9803
20316
14925
10220
7661
7572
1512
17008
23676
26915
16862
8075
52090
0
28174
10262
25681
16230
185
21534
1154
1837
10122
5463
16770
12944
25732
19684
7778
1586
15084
19722
9866
17304
12420
2
16252
9568
19208
19255
15264
20346
13442
88
12140
728
1400
11712
11167
21502
11100
10224
8714
20744
4176
2779
4658
15304
1844
15813
16962
20036
6382
18034
27032
2126
16946
58690
39584
8676
0
4410
2626
18564
7321
6752
14623
21598
4144
10264
2866
34415
15152
17262
10238
4168
6424
11382
21134
4588
2536
2936
13771
13128
14814
7163
21825
18887
4791
10094
46618
14884
15915
19824
18213
8674
25566
15034
8315
18276
1484
1962
28762
13154
9064
22626
5378
27830
4064
37599
6584
17654
724
2306
13954
26794
20252
16412
16365
10077
23178
25027
-1
22370
15426
-1
6415
10912
20690
14737
6954
8843
19636
19175
28536
16970
20888
2017
12592
13363
13967
0
9672
0
16125
1627
19044
14229
2642
41238
11356
91530
3831
20263
5378
313
18905
-1
37178
-1
19268
866
20670
744
4473
27315
13504
3946
15906
14698
12050
6040
11234
26298
25673
16258
14446
16130
7366
29574
14698
33464
27632
25428
18860
44108
3797
7238
12355
11196
22194
10648
11578
2270
37147
17216
5202
10265
24891
31151
18764
12265
33834
2574
12942
20588
16042
14194
5340
8503
17772
66
24478
2888
17766
30995
16372
780
16187
20375
1544
5411
14612
26108
43193
14951
25544
9902
11670
14510
14567
20358
3
0
5486
15654
9656
0
25038
5969
27397
1378
25824
23712
17503
47976
0
21830
4090
14310
6339
14851
24306
816
17310
6262
30368
9686
10792
30090
13632
-1
50687
1902
16624
36688
20866
8726
39486
21734
6903
7711
11850
5476
11683
6358
27728
47984
52712
16392
9114
11824
7100
14986
7082
25596
22157
18226
-1
4192
892
22410
8150
11668
20876
35564
48394
10335
21032
10198
0
156
35889
7232
18098
12233
9413
13163
8504
12918
15668
16101
14072
13681
4990
-1
15800
17221
5174
6772
2317
17238
22792
5007
33904
24250
16065
14672
5740
24300
3530
10628
16118
14066
3754
24672
16650
11572
9120
17670
21176
0
2631
7132
16604
5542
19602
16776
31116
20448
38868
28846
15038
16857
43020
5188
26132
16990
20906
45846
-1
12528
20132
0
10217
3632
12156
19830
5348
0
29419
11098
15058
62728
11017
19151
9574
14559
9830
11652
19889
10582
4372
3956
12308
6266
14504
2
19292
14820
14884
13099
42364
21991
13383
5702
14659
4245
12428
12166
16229
7118
314
14088
1316
37882
45102
10374
-1
30238
20313
15896
7906
2154
24766
4048
9684
16796
19274
7212
26234
16664
25216
33399
13178
5476
17886
3336
3
16236
6408
30136
10640
14427
1137
9916
15008
22880
7772
16417
23955
85684
9476
7314
13074
9603
16983
12134
1567
10142
0
4080
6310
-1
15175
17327
14640
6326
-1
14450
5680
22316
7164
14216
15272
12869
22507
4184
5962
21403
2649
5437
3300
10602
3184
9232
-1
19010
14694
16376
9649
-1
444
2362
8975
11156
3875
10078
0
10203
202
11126
52097
9508
32960
46766
12288
15804
18183
5128
11278
21418
8635
17024
18546
6460
21708
6288
18431
45069
14980
26268
13236
15158
18794
14566
12226
11404
5230
15934
11090
13472
14134
4623
17450
33721
11096
18279
4
10717
16346
11276
10085
16392
13876
5991
31490
19984
23074
11817
39651
8416
8557
23548
5760
12449
5768
1102
5203
9992
32017
16600
9306
16926
34767
8612
19214
39216
26088
6756
9121
16714
16145
29288
6256
5016
0
10478
11107
3441
20816
3126
60746
10846
30412
14051
29196
0
16104
27878
8552
32716
15062
17562
12736
11048
40420
21340
19304
22198
11060
8342
4399
812
13919
16513
8154
24660
14273
37094
4638
7752
12696
25532
1180
4093
12004
19072
20000
20196
2020
17540
18766
13050
14908
32336
16132
23630
3508
12776
16098
7289
18532
16445
10969
12645
15306
32692
4571
12150
6882
-1
17857
16828
15307
3816
12583
34010
16127
-1
9206
20354
2207
4696
19542
13620
20950
10419
5970
18355
23026
14616
36408
55969
3340
19926
16856
2782
2114
65132
9228
25628
5688
15426
11467
0
3990
10566
38161
25008
17308
17698
546
32560
-1
0
20571
20813
7130
43088
25045
18644
20077
24823
-1
14684
30541
2054
22483
1458
8804
0
10215
13637
10944
32300
15936
6648
18960
13080
12692
13461
10824
16984
18857
17418
8700
4287
18331
26522
7036
20164
19974
25390
13955
10228
11013
16502
766
14900
16908
3640
12718
59094
30428
15108
18558
6200
11397
7423
16148
12962
21252
17433
14954
29680
9932
20138
7153
7270
18398
8286
15082
28488
12003
27570
13620
13804
40508
1900
1278
316
58636
14260
12915
11645
5850
4752
30666
15533
13020
25994
13085
8032
24507
17210
64216
26470
6143
12569
26862
35140
420
24454
15894
16645
27266
9524
13364
23998
13346
14400
21238
12576
11868
14403
28950
15658
10698
3660
0
4781
23859
11902
13886
22376
6132
13883
31528
10019
-1
7282
3762
3328
574
16548
8244
17775
18718
48407
15938
26570
24337
4106
10034
15606
0
15890
-1
24597
2926
38462
14082
-1
49632
0
29546
19318
8401
13850
37033
16510
43102
20652
8108
12736
13908
1096
1172
0
18818
38796
12332
13370
2684
4634
12766
19262
4726
894
29404
17218
15736
7190
9399
10490
18594
2502
18472
10536
8628
20660
60520
11371
10015
13364
10182
10645
2824
21814
21080
17700
21113
3770
3242
-1
6067
21762
25883
9912
3914
0
42849
17228
17763
9129
15798
23124
3552
22284
1284
6610
22680
36960
25468
4398
23114
19054
26746
45488
2354
28952
15066
13213
21356
19879
17446
12292
29584
-1
69530
88552
16180
4
855
9286
15490
15194
21233
3654
32503
3782
3146
25570
18422
28929
80256
14280
14362
19900
13340
19063
16340
6282
497
0
9711
5109
18881
11888
10876
443
53326
14382
17171
24486
1088
250
979
5123
1630
13268
4
10166
6658
3544
4403
8864
2838
5096
16146
1059
5505
4000
16708
10902
3054
4180
8623
15038
0
26553
16612
12418
2954
16964
811
15687
16492
53356
10563
25249
19630
30252
416
9620
13440
11476
13691
11372
28450
21616
22810
6079
22667
13867
12924
20676
-1
88078
6541
15011
24252
4312
14400
2433
13376
21056
3438
15438
22806
15213
12360
16770
8928
17222
17606
16944
21031
0
30772
23910
7075
8719
14686
17213
11760
7674
3219
20793
9886
18820
23783
7976
16770
5622
22122
1622
11538
13980
29366
15000
6277
10930
8948
60089
18045
692
15056
19434
4410
15188
25860
36189
59978
12512
7894
3
4142
-1
12116
15645
11764
46179
1224
17162
13946
9898
16816
14292
11627
24962
-1
14011
14686
3618
18836
31576
30746
19450
19030
15596
27530
16600
18461
21502
1276
2334
13296
14946
1325
14693
5099
21206
40928
13446
10565
9477
9344
19596
1354
1138
14258
14877
24319
7112
18760
19266
20167
14239
19122
7502
4078
9752
854
6268
0
30666
18420
14994
16200
27298
17517
26478
14304
22352
-1
32846
14896
19498
16558
16020
7035
10998
17508
14686
2780
24788
6016
24440
7971
5462
11840
10164
13359
6373
31106
4404
25312
20392
28578
2290
5614
22542
13668
12671
423
18092
804
16004
13814
13778
19944
11630
27326
3020
13528
23900
16723
22342
5286
9104
4633
22850
10205
10588
9304
10796
40404
0
18790
12880
3492
11274
21437
13973
3342
59636
18108
14131
28248
0
16822
7604
14418
3620
4813
46044
6402
0
18119
11549
13087
19930
21882
39464
11947
5456
17667
77032
44250
5829
40654
9810
17224
6844
0
59400
1946
5221
12722
20486
0
20954
11754
1054
15970
19096
17014
21782
24712
25348
10776
8580
4002
-1
18464
14849
33770
13481
34404
13844
13368
44090
19054
29965
12206
24172
13967
38137
10949
58610
22102
21767
25008
10134
5618
-1
5655
12994
3012
9872
18458
0
14970
8376
15204
17664
19210
14928
3523
0
12302
15768
417
5542
14738
8846
15198
7608
35823
29332
13317
61672
7905
16449
15986
0
9340
26531
8144
16974
12294
8458
10545
5821
24104
-1
2940
24972
3792
28714
18144
7892
30246
6720
23174
31340
12502
34387
27960
2327
17898
13958
4677
3137
7070
4614
9266
14600
14751
16084
-1
19945
9704
17204
28263
22476
11864
16774
12670
17594
4246
4372
5593
20960
4396
766
17176
11598
12544
5562
31170
17872
18268
3690
17133
2987
25389
16958
18978
17722
14510
12214
7563
17000
12066
18891
16404
44379
2638
27549
2702
22500
23358
17166
10806
0
15246
4626
21138
2842
57981
16983
2682
10000
19478
20768
0
12560
11380
15176
17718
9076
368
14738
4492
3188
8736
257
14686
17307
2412
13262
1999
3464
15674
23158
21123
19794
3720
41671
17308
22171
16554
6632
41008
9655
18374
18105
26310
26284
30617
2
35178
12165
9069
5594
7774
28351
17738
6707
21372
-1
26276
20034
1290
9094
12272
10784
34924
11574
34422
2958
15405
5507
12857
31018
11249
16157
10722
24214
14962
13557
24227
0
6257
19453
8095
-1
30121
2582
12816
73492
12049
13964
5298
14826
39752
6126
19365
6310
9994
35159
8408
6522
49180
19677
2391
15250
14243
580
7548
19916
7806
18251
25436
27387
25226
18464
15782
25865
0
39846
14852
1460
5242
15807
4870
37734
9662
11400
54280
0
16700
6321
13526
20885
14496
15261
13456
13302
13160
22196
14624
19492
7894
8914
708
17128
13169
6422
0
14932
21420
16842
39540
51915
-1
1592
2568
11042
17890
10081
16590
16366
11813
18715
13912
13524
592
60618
5268
23880
5996
15462
0
1289
11936
18184
-1
15899
14768
20006
3686
15771
15478
2
6500
9570
5240
5410
40750
29491
20452
3732
24526
14718
4265
-1
658
11290
3816
6012
9737
31799
0
9254
16988
9286
13140
4544
23271
29722
6214
18604
14386
17570
18573
23066
0
5558
13924
18048
4145
11360
45175
19886
6134
2036
7532
17392
-1
15784
4445
41330
3318
22936
18251
21407
1380
0
5918
18354
11892
32738
14344
2278
25204
28732
19245
76714
8050
9448
15350
15686
35018
5052
14652
17972
13510
9710
22404
22952
11250
22632
18506
0
17304
3984
15716
68282
19098
22981
950
2348
27304
4651
17852
20862
16988
55302
13570
2944
1271
38400
15127
288
6923
0
19822
2880
9198
2101
23209
16106
7660
8318
21000
17662
15156
19297
4947
11404
1466
20015
12912
48179
0
67702
7270
15171
13940
6048
1510
26782
30228
19277
9894
12090
5168
18068
6
4663
34698
8587
42366
9288
15092
5994
2817
21149
36381
77462
15408
11634
19315
31048
19256
5
60
28034
4346
13434
3247
6890
21410
9454
3124
0
7398
18524
5751
19708
17221
21184
6582
3554
5330
0
22826
13440
13766
19652
6087
-1
9170
25773
10198
29388
13089
746
17986
16278
22144
27248
16410
4666
3503
12750
35686
17764
17576
18576
12830
8
17098
26318
50757
36250
14945
84808
14815
48522
15124
31862
2976
59295
10338
2985
8448
43518
44684
18210
28722
6620
20028
10022
0
2
24606
30431
680
2
4383
8795
10362
21612
39042
50814
7986
2807
12843
14866
7379
16037
8596
12266
4167
3332
21874
21387
58657
16286
8776
4280
13812
28366
14803
0
16822
-1
4906
13170
15810
14364
19176
7244
27834
0
16915
5374
9264
16264
33944
3828
26931
16576
16208
66516
12368
19876
13926
9872
5442
0
20613
1371
-1
3399
10370
7986
12042
7434
21084
46720
18764
8868
13275
16728
6348
15500
22054
22500
12150
22564
18831
44534
556
15244
1149
3140
22176
6361
27712
16184
14816
11015
24868
9887
8426
5535
6374
15964
14864
12896
25458
13332
14556
15732
6903
35700
8355
27818
3443
16194
10366
6110
4334
15370
21685
58596
6000
1652
12972
16622
1718
0
5240
54076
16256
19384
10930
13204
11323
10078
35952
13226
5234
18114
16331
2862
17714
52574
16612
4668
15903
5046
12268
10672
9871
13436
17006
31198
1888
16228
56266
964
5629
17512
61432
6736
23320
5563
15263
20719
15244
14225
6775
64486
6373
20384
23382
12197
11844
9284
7369
19762
17248
22244
12670
8992
22909
15036
0
2220
23912
19526
11224
27502
44724
8808
17377
-1
17160
25457
20985
20546
1497
11705
18760
16638
4429
44272
27207
18898
0
37323
18951
7630
0
17600
4355
4344
14129
2356
17159
9057
6026
87810
11638
16512
10175
2232
24304
11096
963
19792
9038
8000
4337
9236
12470
19187
6710
91448
25462
1027
16656
5320
0
7450
9296
20954
16434
8026
4456
20140
14132
16442
22749
0
17148
32013
1934
20180
18214
24372
3604
9408
24152
37341
-1
10778
5952
6886
17813
5796
1429
304
6926
17318
20029
3303
4254
11450
10087
23794
23343
22448
12466
9300
22834
13942
14208
13177
25818
10724
47484
2302
8234
15123
5313
21312
6318
32326
-1
88532
16897
5676
2288
2465
6204
10438
15779
24130
5678
3602
23629
0
5821
7129
15146
19418
15266
21667
16168
1531
298
27080
4572
3748
11384
7500
9788
17077
19761
4733
1385
12732
20640
9
18512
7971
17774
18858
10547
9354
18886
36686
2970
3440
15952
7080
6616
43994
4082
4504
9
4530
1367
40092
7831
0
20624
1944
17800
27268
20842
44372
35217
19356
34782
13466
6994
50284
6533
5542
1344
8578
21839
6523
9044
76736
15803
16215
52116
4198
18028
14441
12867
16084
33514
15844
16844
56598
0
33220
18889
5644
16287
36290
23993
20326
14601
47969
11972
5840
32070
2
3130
21395
25008
3603
22282
19835
25658
9794
17558
3461
7473
15310
56968
3291
7868
16499
592
11938
18392
22436
25338
6424
14308
21445
0
2101
5316
8622
5330
20034
9022
8512
3512
-1
13550
15093
15901
6582
464
14492
34287
18324
30564
19424
12913
18349
2903
1086
29631
18662
3274
14319
11018
-1
17253
0
16573
4454
2130
9178
1552
966
2438
0
26270
12618
21822
2549
3457
17644
15100
1445
20610
4724
35820
56964
10406
16355
12416
2674
20334
42255
13843
23426
18487
9062
874
11720
23856
8777
8763
35314
11764
32635
0
18532
6588
9716
23808
15814
22420
20918
24704
2470
15874
12797
18728
35156
0
1512
5695
16466
89688
36954
11882
-1
32148
6528
23458
8840
1074
32516
10097
14058
26182
29467
4756
9610
6984
24960
1754
10405
5236
18464
15122
23188
11037
11070
37291
143
17591
18732
3440
10204
362
22306
2962
6831
59585
6176
-1
0
7888
9864
39676
274
42140
9580
12862
7144
17558
16426
24704
22361
288
3672
5870
-1
14349
32
16443
0
0
-1
13404
18500
21361
3466
9727
12630
14346
42097
16011
17919
10545
8058
16848
13868
-1
7626
14360
14070
2158
1
16237
26398
17496
15212
7669
18966
0
4607
11905
9359
21397
9534
10738
24942
25218
8045
0
39877
15808
16202
46084
19607
17790
3734
18115
0
73360
17962
15752
18207
21997
3014
4074
10394
20676
5697
-1
14029
18230
19448
11176
7110
11309
9644
12367
59521
8388
2322
5322
3907
22272
7758
10850
18812
18750
18289
10483
2248
29033
22900
22415
11448
21443
17341
14444
585
29898
24171
10400
18196
47192
27682
12932
44274
12212
13603
8770
15097
11800
29964
-1
92182
18156
11481
1
14220
2516
1718
6169
10888
1996
51178
22767
2
21166
19476
16736
6388
9904
26561
2352
9939
4502
14348
584
89802
19806
17832
16892
11700
352
34276
6005
11380
10056
4464
14938
11814
-1
29508
6752
15432
-1
13932
61665
3136
16309
24884
974
21941
0
17315
-1
10301
13154
586
18832
6484
5104
9756
0
2974
11594
76
32679
7323
8588
35630
9876
16260
1618
12672
10124
11870
6001
-1
25042
22691
7421
12767
29726
21240
17062
31396
38100
32424
14548
13464
12968
2444
0
20028
11956
11088
24090
30722
19944
439
38575
20406
1188
0
16470
12966
22998
18110
19150
13564
3747
0
4054
16809
19185
14596
13860
16988
7750
1542
62360
8054
17588
21552
18062
20452
23436
19922
29206
8354
68506
24726
0
43074
114
3256
20497
6868
6406
30675
300
9867
1994
2074
0
18236
11626
15328
10246
27088
26528
18890
9781
17120
2146
13700
27316
3946
1898
19720
19704
1668
15156
1142
7023
17352
-1
9125
3546
3704
8901
25380
14662
15344
17621
29314
48193
-1
18650
5916
3811
12994
2308
11358
19801
9804
21158
24052
25396
16478
17324
32722
-1
15910
29036
16620
4140
2866
21951
19460
12154
17384
23854
2701
13291
4972
4922
7046
24886
7086
20640
564
2972
12258
14378
30650
14662
7992
7418
23918
8157
20788
4756
7628
16713
13087
16018
23044
11002
9034
16976
8352
12922
9855
13330
9958
40704
16777
15277
24534
15534
24105
39464
24900
23272
12255
9798
26387
21628
9002
16766
11208
4288
12384
3402
12737
64167
16646
-1
17969
5601
20092
3906
4257
24154
14226
15571
0
27110
26659
18760
14128
6230
9414
514
17202
19118
13035
16591
7762
-1
26742
13752
13364
21146
36096
40312
17400
2322
25504
9969
13614
9612
32896
13555
8414
156
22888
45211
57510
0
25813
0
5847
1111
17309
7094
16470
15933
34489
18920
3184
29071
24449
4745
37306
7808
48581
19140
17410
15125
13340
13388
406
9326
9706
34078
12392
23876
81348
15437
14416
14991
18298
14602
14948
9240
12823
-1
69830
10540
13982
11648
16458
12586
3386
13872
7708
15140
3567
5159
17808
18830
918
16802
22416
13355
4836
40872
2466
36516
17156
24038
10546
38224
19642
4023
19642
22965
12649
81090
13897
14130
44201
5484
7302
5089
23053
26200
1753
0
10874
10756
19442
15406
30164
7532
14836
2170
13082
2630
-1
0
43210
4440
688
19762
336
13254
5388
18126
13514
22086
27627
13168
12947
543
7369
15965
23172
3562
4408
9402
15658
9091
6161
17791
2694
13692
12453
13026
15058
9346
14920
15302
14589
11976
17656
0
15581
14379
18042
20490
4012
81584
13418
39704
9840
10
9306
11990
13921
6096
3068
3153
5050
17605
16960
17639
11074
8452
7678
21695
8858
24785
7038
17720
53951
17346
16992
29578
1476
6898
4400
262
21339
16684
5372
23871
27339
15232
1266
10670
11184
798
2922
14656
20926
23482
23528
26377
4
0
-1
0
11110
8834
13482
5655
0
0
9528
10786
16356
2597
3697
252
6083
22440
6609
15194
12582
10720
44872
6488
16566
3114
14176
13676
6484
15661
15546
40390
14516
13190
36986
0
10350
18870
2
69382
13042
393
4184
31494
21438
12908
15370
15536
7471
5356
19012
14000
20148
15956
33315
20618
39916
-1
33183
22075
14513
23674
43046
17080
8051
18662
5220
6328
20948
14396
26509
3928
992
11078
20635
8250
6274
46112
7061
4052
47268
16433
6296
6350
7751
2827
0
10384
10754
17232
24410
1030
48698
64362
12501
15596
8174
25557
17417
5188
5278
16326
42094
18994
18201
-1
18
7846
10490
13836
15936
22588
22903
3651
18315
12722
15506
-1
18396
18476
34400
16698
29258
12586
5306
24097
20747
11272
14896
53338
33342
14096
13333
19973
4772
35238
20656
2828
41204
22776
17576
9904
30218
18085
29318
45944
15642
21367
17761
4732
17628
41472
19283
16334
6910
22230
6964
28380
13464
27058
28462
13262
29521
22438
10478
27778
16442
6808
221
31804
21459
12052
18382
14224
45180
13964
8969
2428
-1
3140
15703
11500
933
16782
17558
12072
-1
14716
13104
10085
9412
13358
17726
9742
17361
6484
7478
11773
24258
0
13050
16414
622
16624
12338
18033
7150
12688
17618
10226
3196
5747
17154
6220
3410
302
16696
18537
19289
13310
27350
10092
19844
20380
18818
16705
6946
15770
17367
14800
1108
24426
3678
16001
16868
293
25830
8008
43679
5538
18798
3591
11968
40678
4358
29274
16374
4159
4308
3902
18927
11438
4496
16502
60078
8830
3682
11862
8650
19078
19186
4315
4045
16284
26241
2260
6134
10310
17076
17182
11720
-1
37372
10920
23110
8056
20349
2530
18790
13032
10437
0
14736
5603
21295
30651
16434
22066
19213
11776
47409
11741
21391
12989
21170
21102
12744
19487
17959
13794
-1
13542
17366
1926
4883
16230
51190
6506
13086
8244
17886
29688
17012
1554
12492
18160
11358
10872
14182
18005
4284
15665
26314
16084
4866
6
11105
20086
14104
18168
18316
19
5814
20318
11784
9968
19250
7335
16099
21656
12078
-1
92182
5624
21652
20724
41302
16338
20466
11866
2598
31258
21172
8040
2454
15325
14924
22320
24910
5868
19763
34278
17815
29176
7492
12350
13838
5983
1882
8226
16088
13224
29939
10255
138
19822
0
25088
2816
16126
3438
1758
8180
16484
19867
7776
10940
34440
5358
26071
4590
24948
23936
11439
17414
16884
11068
8869
14904
19548
3084
5111
14080
17240
3246
21770
3976
15299
1516
16986
31006
0
13641
8084
2
0
24805
30026
0
15519
39688
-1
19558
42138
14635
15982
5638
18872
16934
13813
25052
35806
17073
12977
32435
8648
10346
12956
15467
4
15497
16290
11560
19253
17698
15484
14004
24436
12375
6294
17356
21830
8598
9916
51418
21822
19572
7758
13010
15882
2444
10192
27067
19149
10273
9268
11480
4706
-1
59087
14062
35813
0
16474
13571
6316
1912
4951
18018
8199
46602
37064
825
0
4228
5759
15242
16618
9182
22294
1642
84472
10733
23570
8346
9405
4805
14495
996
14722
10419
26580
31213
4416
0
5608
12556
7702
24324
22950
3642
3080
26284
4630
80480
11793
12180
20434
51172
4458
14911
17611
6888
22976
50688
47566
41052
16389
12481
14970
15606
2040
18846
19870
35300
7418
32125
19836
10210
16321
3156
21550
15194
9739
7219
10747
10397
871
13008
22592
13265
25048
15032
15462
15498
16764
8132
2318
10438
13550
1948
15450
28793
6929
6360
1339
6575
18160
10322
13894
648
8298
17118
18418
7464
17853
40780
22161
-1
7612
2820
8814
10983
29474
14288
31428
17034
61687
6266
19940
4573
372
7010
31070
14733
9442
15819
18524
16502
13606
12160
4078
10942
26053
14148
70812
22528
14086
33934
86012
13958
9983
4326
12266
10876
11975
13256
32840
7170
7467
16192
25546
7488
6029
15244
2948
10752
20026
21112
23660
12479
54168
11288
11002
8754
34706
16712
35322
15561
13766
10796
3702
1269
5358
20262
12262
12722
24252
22796
7045
9192
2405
7382
25133
0
21832
1024
20745
33262
14200
14743
9686
0
12534
10592
0
3537
16002
4
0
5106
19740
23760
242
20384
15355
21248
6524
14226
13017
6993
33758
41308
3742
4976
11232
8553
5289
8122
15162
17237
27010
21093
4585
12112
43392
16717
-1
2248
14163
48353
19664
16704
23594
8859
3869
15946
15845
15178
13330
92044
-1
493
72140
35438
13964
8195
12600
17030
23708
15688
6772
11836
14238
19424
13970
9207
18913
10565
39752
6004
16873
4334
-1
-1
1549
19714
20543
3346
20538
55120
7282
13670
19762
25205
13574
9646
22648
1454
5724
9275
35378
8820
12880
-1
22104
11982
23326
5788
18642
18942
13943
69978
2650
13888
49134
63504
13165
255
6914
11703
18486
14673
12872
13018
10034
416
17486
13215
14628
24687
11952
38028
20702
8456
18408
10352
2572
4177
14090
15440
0
20876
26262
28066
26361
13065
29370
11238
19551
12683
15160
-1
39139
21622
32654
6220
11866
9860
16380
20012
63926
2
22420
2168
14131
13288
35746
3068
18224
25007
14432
15284
36278
0
6296
8600
33378
0
5718
12484
18180
16766
14047
14724
14499
26462
11992
18863
18335
11476
0
15280
0
42693
10509
-1
7920
13812
14234
0
18338
33636
26391
30571
34442
31440
45888
16390
12987
15948
17615
13404
9223
8148
19738
24052
12052
10593
9965
8100
21730
27735
29378
4244
12926
14378
19474
15561
16907
25390
35384
39673
12584
13728
32500
16010
26287
21176
8806
18534
18709
15064
13017
11546
3803
14748
15178
17757
18996
11351
29205
6969
10837
12408
6392
7966
18119
12323
11334
28333
13794
11790
13761
14509
18087
2
14116
15682
31706
4626
31272
16503
31213
15656
11978
13638
5016
12545
35393
8846
10874
15986
15284
3526
14249
16414
-1
14811
16533
16381
17984
4518
4030
15448
65471
9823
12255
25446
29930
16310
17170
22704
10808
23448
8741
12505
3066
28312
9108
17971
31336
8198
14056
24069
-1
17715
20644
16100
14904
11142
9124
17310
15214
36847
21280
3504
17252
46268
0
21896
15946
11712
18476
36496
1640
15176
35460
1314
1452
12342
0
17423
0
3918
2934
9570
16210
27323
12205
23920
43626
12310
10622
15388
440
16394
8015
1704
26410
8578
18160
4312
17788
21944
21524
19598
9211
27440
18192
2678
11452
23720
12983
10328
13680
9834
36025
16924
14057
5147
9126
0
34774
15492
7578
28060
13042
51174
13700
5344
15411
4242
28813
2218
15874
14114
1350
24313
17353
9739
12702
13800
99
-1
42898
11899
6468
18471
9731
15388
19366
12524
38880
6302
1368
30
9354
12089
14264
11480
5873
22390
28972
24350
36324
16153
1764
26405
10342
2665
15834
22429
1578
10734
60320
16346
5396
1222
20817
17138
22242
3178
6761
57233
14360
15752
16182
33815
21782
25404
15682
15634
17642
8188
9188
6412
34031
10999
16824
19690
14476
0
13566
9450
6340
12415
32028
1616
18905
37462
9562
2754
15736
32614
9914
14558
17150
20782
2
0
25765
31815
9481
4922
12834
28408
5417
6837
19979
11266
10596
54026
13514
7113
75540
18445
13949
7110
8826
7733
10996
0
34485
38893
9294
14122
21174
27882
22026
10994
16320
3326
16208
3582
13887
16446
4
27360
17792
15746
8296
25000
7086
16915
11118
0
25411
12644
12116
21252
24510
9212
34340
11764
21874
20538
7272
10188
9708
18724
55664
21724
11470
20852
22037
27462
17532
21029
12162
22089
34148
12000
19483
24692
14786
24757
0
9064
3080
10702
12316
19130
7293
53278
82906
16060
17077
15598
9808
54468
20744
11560
28526
20869
16717
7346
15018
10721
59294
18863
15383
11074
8156
12492
17419
29148
1964
7640
90036
10240
3856
24056
4510
15373
0
64312
13728
16056
9893
14490
12356
13626
18350
19458
15174
4969
5766
83410
0
17322
16428
0
20605
19220
7509
22442
32352
23301
19098
18858
-1
19248
22720
3192
12884
16206
1568
4310
6185
21866
31072
8790
17604
21094
23648
3594
18196
47894
2718
10382
9552
10586
952
12823
-1
18268
11182
11622
13522
10266
8450
67390
32698
20686
35024
27078
19020
17526
11514
16824
28493
11346
934
-1
26230
9754
20114
18518
12046
20326
13530
19054
91614
23774
82374
12994
22022
1069
3422
27229
8341
2634
486
11888
12770
3697
12242
28734
13622
25068
48352
15038
10092
26778
17066
8332
8362
0
17182
3312
40440
6497
2464
15610
41228
22252
19810
21048
4128
14917
8214
21196
6118
8650
4
6016
17256
23312
14831
5704
882
12193
19374
10904
10460
24688
0
2642
6344
38118
3362
20307
10290
10305
15162
17568
10831
16800
11936
20157
16418
3338
21750
11864
11024
0
4327
8548
11299
4978
14154
18588
15738
17080
5830
20122
14018
29620
5770
11416
11152
17614
24093
19392
1310
2198
34069
8970
16726
9554
-1
29750
400
8053
4950
32191
6462
26296
14852
13850
11243
20160
0
22042
22283
12471
9174
19514
19525
7157
14648
0
18986
12270
28654
0
13222
9528
12430
13971
6637
-1
10496
2878
32078
25356
0
12487
11716
12609
12518
1930
15380
7880
21249
1871
48470
9988
21515
15392
20652
16882
62586
28242
26134
28068
10840
12408
16344
4914
7008
6238
31251
9392
7037
15186
3008
23679
4144
4544
12376
10464
29596
10802
11626
15308
30400
33682
14944
37097
60724
12150
10955
9393
26807
64064
11914
19022
17508
4552
0
11674
9360
10839
28968
13836
32878
20628
11292
10940
19761
12950
4862
27833
4916
9094
15056
4716
11033
17023
42548
19878
25638
62187
16180
13826
12462
3241
43621
1914
16085
2654
17848
32430
33806
12554
18836
4222
30632
16917
35452
24234
12665
5948
36809
8898
34008
10632
7408
16176
15356
7978
28326
26854
16068
8084
0
14158
25943
18314
50896
21600
6484
19170
502
17294
5557
4140
814
6694
5987
9331
21272
2
24758
18288
6086
10502
13458
31725
19408
3658
18048
20905
8083
14446
26408
15707
18818
10037
17738
20005
69784
10982
4550
20598
1374
15938
46
6612
13050
0
9792
11246
15213
1330
9944
16336
5380
2000
16789
9356
10020
59
5138
7469
22388
23585
12150
4266
9754
26996
15674
23250
668
19320
17948
11242
25456
18418
17550
0
13212
29233
15264
13698
55908
16044
16648
21681
10302
1728
20795
24416
13496
14784
26561
16435
25120
12922
2626
42898
29246
10284
13635
5024
14406
12900
0
33792
15016
20260
4052
7742
40279
4760
23294
13032
17105
13705
7148
10752
4222
0
11329
16854
13600
15343
20876
20930
19158
6528
11904
17962
9522
9730
3214
19206
1155
17438
1678
15058
29995
2
39976
12696
5628
45937
1838
12545
15070
2322
22112
17932
17504
26662
18028
15422
1688
32625
7828
29964
13532
62019
25243
17184
551
6118
18536
44150
15003
24742
2776
12964
73268
17153
11544
18991
9483
27920
12664
39126
3718
19560
-1
3192
25972
36098
2969
38648
12041
1318
13454
26494
10586
68796
0
10180
-1
17376
3689
4253
12672
19898
32171
14938
5206
26265
11652
15057
17658
22250
11558
7230
37254
25653
13525
7932
37295
8952
16702
17606
1813
3811
20261
1162
15584
13396
6419
25735
22472
0
15932
7475
10188
6220
16929
48439
14020
9910
16886
21454
7112
16014
9708
16872
11563
33778
7341
12664
11126
7198
21278
19710
2545
23446
13722
21565
7456
2332
15215
1814
16778
21804
13956
9646
3898
11008
19637
15753
33194
0
4794
2591
21162
0
6764
4164
9516
14062
21292
25653
88304
14743
7648
12072
19800
7749
6368
8552
11578
16406
5262
12682
17970
23687
46276
18140
12748
4206
26454
7909
11858
3032
67794
23323
21966
2051
4850
2005
19940
8694
71330
31190
28721
1401
15736
26239
32608
35674
6200
15620
56156
14396
11074
16252
28054
13567
23222
13738
14386
13600
13374
7698
63710
1827
25584
15308
2880
-1
19131
4531
2422
15408
3147
15721
2211
17272
11212
16057
19588
29580
25996
16722
44728
11515
13076
18360
16670
40279
12177
13636
1733
10686
22858
14505
8158
9168
61137
15820
65197
16982
5532
18095
22987
25688
29500
14366
33801
20537
4600
19818
5902
17084
0
0
14995
20838
16262
5212
26110
21814
0
3338
11160
4075
13780
6288
0
19066
3861
20674
7614
2629
17762
17929
14240
15612
5833
13446
0
27798
18264
2898
9876
13815
15160
24422
16441
2
18167
11440
19722
6728
14679
2644
50422
15280
16356
30606
29994
29714
31125
11475
14770
19926
32620
5280
9940
3159
4182
26244
6429
11102
6586
8896
7364
2644
5138
61684
5488
0
8684
47508
10298
1099
11123
15946
29284
7250
18242
5407
23055
19178
14172
39170
23148
3772
25073
14910
11426
9638
21805
51396
18961
51708
10178
4748
24400
12423
15722
12644
36244
9516
-1
3244
2686
20321
23034
730
26198
53048
29082
23826
33
28194
25222
21296
10969
2600
17634
4288
23908
28112
7501
4530
6790
16084
7112
9481
8324
15733
26555
15000
8168
12570
25497
29952
7820
15408
-1
22288
1353
19644
16472
8644
-1
4271
40514
4648
17806
15335
14955
5050
19494
39752
21994
8306
32280
65510
15238
18079
6412
10022
20016
17051
32109
34188
4599
11646
12522
78132
22446
4
20298
20391
12990
6180
6221
14232
14248
4
1828
14262
24640
21082
19536
19538
15596
19426
9442
16352
28186
41736
25051
17326
1448
6178
6353
19096
7622
17900
10701
61929
13872
39794
3746
9664
11262
24894
44213
9300
5787
3666
14142
15646
22792
17065
15426
25826
14697
26972
8377
12862
-1
4690
19685
3796
28869
18458
13116
11307
18662
31548
16713
14596
14697
7466
31204
10221
14519
2848
15172
9316
5930
13477
440
-1
21424
25749
13124
18436
2990
11350
4112
15172
3148
3831
24446
4416
11769
15104
9930
12320
4340
13578
27498
35318
15489
29830
7144
14870
12592
15626
16300
7286
14764
12156
1936
9214
9441
18234
17144
16860
6528
0
13977
-1
841
26482
-1
20345
20796
18114
0
3884
17046
14122
9674
12198
22744
16836
12363
21028
2796
8078
3083
4640
5036
23958
7050
23198
36304
11940
33082
91696
15412
13235
25704
19120
15140
19802
16482
36437
6012
6140
29822
14180
28998
14548
0
5474
9480
16782
7052
18118
13962
14352
16628
13174
1022
13626
14902
4906
3948
3626
57227
3801
6861
51730
6279
14920
15750
15072
0
15514
18679
11430
13105
5754
12944
14750
14682
17820
3968
24994
6
4320
5830
51378
0
30947
2076
13122
9383
7046
33952
23552
9369
12839
18677
28356
26319
22788
13424
17904
19010
14696
12636
13005
39214
17298
3360
14166
23656
563
32624
7733
15120
0
9853
9816
15456
14964
7275
21640
16116
5566
8380
14668
13014
-1
30701
2220
4714
17004
1
3012
9458
16777
25380
15856
7146
10266
20726
9186
1569
18259
4732
19600
15996
19802
13428
18220
3486
13608
19556
9982
15850
1304
503
16448
11371
23954
800
8309
16968
1845
21761
1230
7921
27984
19770
3740
18950
21880
17404
694
24374
12492
8824
9940
21077
2940
19895
5620
39516
19992
26352
17328
2238
21334
7754
13754
9513
22970
-1
27982
21474
18966
56
13990
44983
14059
83000
4840
9350
818
36743
14285
19442
3976
14400
0
4929
46950
10743
12780
27808
22940
13767
16075
10865
13136
34578
15336
15987
30928
17584
15004
1808
4586
14200
7780
25336
43298
5366
7415
62406
18862
11006
10078
17818
17492
6484
16198
30582
11630
16622
12260
9032
17350
26500
6720
32764
17382
10130
871
30026
9690
4248
15209
19972
14441
5479
16037
13784
16300
24960
84336
3190
19227
11357
1846
316
-1
29918
15435
11390
9006
30652
18509
7988
8556
24750
40794
2993
19352
3990
9687
11481
5124
1596
36101
16362
13206
7092
15632
14480
23538
12740
26388
6841
59348
10346
22517
11210
28326
13610
10790
40
14534
18828
11166
54830
15633
10363
17040
20947
10876
6084
13456
15550
2899
-1
41434
7800
15346
26312
7624
50668
5186
22136
19302
15790
0
3025
3590
23801
48094
16829
9858
184
6942
3174
5479
14164
12966
17482
5209
8698
17026
32007
14454
11326
18908
9910
2430
6259
30773
5960
0
0
2120
11060
32917
22480
12242
17482
0
1542
17144
3142
9628
17106
12435
9261
21694
7420
15463
5604
1096
0
5550
10256
0
13509
4916
62996
5834
18100
16553
440
4890
22430
14413
16744
19937
0
13784
12564
3904
4224
14588
20453
3247
18928
1530
11499
21142
10287
20104
-1
22244
-1
0
13382
16207
11
11711
14965
30233
26074
10244
5792
3147
15588
18817
7368
0
14046
9990
-1
35570
27238
1733
722
41778
4532
22020
27630
12825
664
44897
26316
5094
57332
3689
0
0
12570
18885
66134
13878
17798
1556
16190
7798
37732
7030
3804
7343
11792
5198
9440
30958
3188
17341
2838
12404
11671
12246
0
15506
3114
0
-1
13513
18084
9888
-1
933
10782
42975
14359
12726
8626
22357
9310
5708
19304
7134
16320
0
3132
14368
52212
15802
1412
15966
16672
15866
7222
6106
26564
16665
19914
14031
8516
26914
4540
14874
14320
19616
13452
54638
13076
37972
9186
15134
50400
22400
3726
0
18392
12474
3811
14440
19828
11692
14730
20940
1851
39454
21252
16222
53257
11970
23012
12099
3364
11060
34216
-1
729
12978
-1
2487
-1
6044
16658
20014
14494
36705
11102
38932
16460
70
22232
14616
0
13144
14674
18810
15684
20121
638
4
34938
6422
17752
-1
44888
9706
26705
15604
154
15262
58838
3738
14632
22296
23662
10597
2660
17332
16677
4961
4146
10720
23810
1900
17154
16028
7726
13300
6632
11260
36394
18773
19593
14712
518
17624
5612
14692
52777
11870
25796
14488
23294
160
17100
26457
19024
18274
7806
3284
19566
18868
4690
19732
17096
31358
896
23082
13513
0
12354
53303
7444
4456
1710
17632
18218
465
1442
18496
24956
17803
19868
4118
13716
14684
1643
2880
1220
3446
17734
1449
13330
19184
17908
20883
3927
6592
7857
16836
15408
0
2602
21588
1238
35679
14463
17297
5741
12446
28884
26402
21894
4292
13552
2112
18204
43845
0
21064
14614
24337
18020
7608
842
8539
15306
14186
21246
17924
17446
16452
14476
13082
16190
2714
15706
21747
13496
16382
12660
14852
24756
17214
13822
22992
11204
30101
17536
22242
5364
14370
15564
-1
18360
7788
42671
9484
35234
341
10210
1363
6417
12502
13158
87434
13984
18431
15344
5212
7086
16025
27997
29052
1824
-1
17974
14330
32520
540
16349
3324
13496
17032
20352
27086
2880
14096
12554
10787
11204
12698
1410
12168
17159
8548
14961
17184
9246
12723
17098
75798
16896
-1
15835
6486
16578
18817
88110
31776
11794
64577
21310
86526
15688
27990
3254
10332
12618
16048
28197
9244
8768
15538
0
4547
14326
14156
-1
13141
9602
8352
15720
0
15706
16549
10940
31922
1181
17954
51992
10735
11813
11388
1364
14539
13232
13290
18606
478
16794
16976
1228
1716
39280
8016
7226
9724
15065
23414
5453
9140
17713
18698
10052
15114
16398
5262
30122
51860
10174
33152
19164
10894
18854
5119
15351
11975
14064
15966
65185
9927
23107
20261
9590
12095
17166
499
0
54805
14417
85816
18542
14181
16043
38798
16795
21943
16844
1048
14139
36415
1730
54201
1412
45906
14931
25051
5757
-1
13647
12944
57266
11840
19462
17499
22072
0
22766
8836
4468
11407
14996
460
20232
4699
19952
14240
7940
15272
32055
13230
15466
6460
5511
7958
38002
13648
4512
2508
0
6308
16730
20957
25174
13950
10710
4105
29732
13568
7784
2958
1950
23206
23772
14660
10243
19128
20962
5308
14980
12588
13975
16088
2454
7726
16839
8257
19326
16690
61152
7770
17543
7294
21298
50727
17028
17792
10286
6776
18609
12904
3704
11968
17636
26560
9942
6154
15784
3560
5174
4526
11826
42260
18442
664
5005
6362
16718
39082
21654
15426
5962
0
15558
8729
10372
10836
12079
13865
2154
2079
10366
10682
24608
25381
751
9294
2207
51398
3272
19035
6016
22168
19206
8662
14414
21384
5030
61237
20818
31648
12585
0
26348
17586
15694
18449
20970
1689
7045
31314
44446
14156
7954
17148
2786
11458
15433
9706
19210
-1
5997
23952
540
8284
7886
10972
7226
16802
13602
34122
21492
8250
3432
14990
7100
919
11934
15790
1826
13026
10918
32098
44001
22406
17017
37740
12476
13660
21441
13524
13079
20138
14435
8890
14990
21886
11479
14790
9986
16524
6426
4764
1486
4961
3791
19710
2
19516
13416
1530
18844
18174
14714
6766
2268
6466
11730
3474
44143
17366
9076
20149
23577
15576
22568
7092
12317
26663
5068
9482
19190
12067
16888
3474
28108
12936
16726
8834
55378
1625
18484
19164
18036
10950
1030
11155
2504
6216
12281
24276
13908
23588
16070
26944
18057
22493
6770
2643
11098
7638
3620
22914
1718
6602
61426
9554
0
10414
16823
14019
30638
17772
29430
22390
18598
7484
4060
14730
11750
15190
12096
4899
23146
12809
0
6
20542
15870
13246
15390
29386
7964
6220
3320
5448
23298
6
15992
17366
25071
72748
2886
21338
34044
41802
7243
15655
33657
13082
15093
4792
20340
4610
22493
1634
35246
20024
19214
2234
22624
0
8492
34956
0
12854
14590
15013
10983
17936
12229
15771
6709
12674
43155
17362
2371
10140
16152
7885
6496
0
14600
41322
21149
10793
9218
9782
2230
12900
14100
4210
6436
20854
21657
12602
6294
16214
24656
16774
10416
18046
9174
8703
16892
4846
13954
13501
56834
18814
6
1250
24750
8974
36911
18536
20308
6947
20641
16084
3764
22756
-1
19298
0
11356
14988
0
10398
18559
18715
27427
14564
4928
15114
5134
392
7170
6256
15406
542
2384
991
25190
4579
13978
29162
16293
17667
24083
4186
12452
90214
10708
21361
0
906
20847
45984
2292
18484
5024
17612
4499
12423
17415
14316
17204
10914
19242
4099
44964
3815
52794
4966
8402
13848
23275
6914
18938
1310
21375
11912
71038
9497
20194
16536
12166
13567
17810
43840
17794
22730
17246
13086
24402
31610
10652
3926
4926
16472
6169
12542
26412
27084
21408
19564
0
41684
7001
11339
0
8130
15990
24755
4604
9788
1310
10754
4796
9322
15558
15652
7718
17934
20870
1359
40746
5985
1661
13616
19980
18442
21596
19002
17962
1730
7978
5014
7879
28647
25862
20765
15177
19180
13835
9545
13493
14676
25868
14115
18094
7005
11292
7105
9246
21596
16534
27398
61857
4678
17127
79730
4017
-1
30386
1557
41352
7040
7681
14716
4414
22572
3482
61304
7252
32320
14420
20860
1588
21449
-1
13417
14012
8042
4314
16147
12976
24556
13984
17804
9732
21729
17452
-1
14341
6103
8470
14842
18550
292
16116
384
15554
17337
21665
0
2384
14584
7984
15540
3430
11688
7842
2189
3428
6752
20697
3454
7456
33074
53678
86132
20833
8289
8396
23638
406
32703
21002
13405
6924
14393
26142
0
18444
1898
27555
17856
12242
9264
5961
21870
24511
48505
18357
63298
7945
15464
22595
6692
3190
39128
20156
22568
24440
10204
86294
17429
6396
27262
37730
14834
14331
14364
7681
16150
6808
12636
0
16710
0
24262
9733
7120
20964
31557
17929
25618
7724
14352
7710
0
16157
19062
33651
22553
9308
28716
32636
2105
13767
3708
11747
2460
18468
30286
4144
23718
5519
30420
15271
16238
3710
37035
17580
0
8541
-1
27544
23240
7985
44599
76042
40604
10588
1410
5576
47890
11667
43636
15170
23197
4687
26720
0
42339
1463
6690
63708
13034
65152
14150
25462
10438
3898
11539
14062
17642
4926
8137
12574
19702
7340
9660
52300
24864
19718
4276
26884
18032
14129
374
6948
23580
2823
8824
5558
17758
18402
15200
33084
61791
16460
15514
1274
15650
0
4256
13433
16032
28079
20406
69322
24772
34306
13619
10789
12044
8646
39897
5122
3918
11680
6744
15582
7748
5358
14628
24304
21060
4584
14432
19863
10101
14074
19797
0
10981
12657
3130
81952
0
15258
5250
18808
39546
6492
5758
11875
17946
27222
26145
25508
5684
28471
16168
18194
5882
10780
8610
25324
393
29630
11566
42294
9174
25068
20564
5266
0
1898
21874
5540
0
21718
15621
12074
18103
50722
3492
17594
9614
17932
32516
21116
2952
17016
20563
2696
12602
13715
9366
26836
12914
16426
18178
3956
0
19434
3456
11314
18246
20873
7052
13318
10034
13624
24312
3022
32492
8492
7006
14710
13474
17134
19018
17633
10866
6033
16157
16474
12505
9307
17202
5656
17956
8504
63658
82774
33064
5200
20858
16229
12772
60346
15860
53014
3373
27971
13837
4043
4575
15728
50558
43542
12528
28597
12019
29345
8650
14601
37491
13194
11980
12999
12036
46676
8459
8206
3096
14872
14495
17628
16673
23878
1530
18154
1546
9291
82836
23680
3006
8506
-1
55735
7774
65018
31192
24713
12406
-1
16371
6844
9143
14072
7722
16118
22268
25337
23268
0
41288
18662
14158
3626
20027
16204
33572
15826
19155
0
31428
12343
12388
16310
9436
21737
14350
18108
-1
5770
31339
4126
23557
12198
5459
82048
2348
17779
83364
13222
16654
9176
0
6574
16298
27859
17600
5496
22912
7895
18384
860
0
21818
6106
0
6216
38762
5741
3845
26728
20740
21149
26648
22619
15392
23058
11275
5724
6324
13992
49026
57612
31965
63120
-1
4496
11399
15408
13337
8638
26070
34679
13892
13118
6858
18274
4648
3277
40253
8143
33717
23562
8668
35918
0
12576
15025
20383
17144
7151
2217
11402
6604
15470
16755
27180
33096
0
2418
11210
17919
11052
3872
3726
33614
4440
0
17996
12060
24959
24572
6412
595
27812
10356
14317
24814
16880
0
0
21694
20821
15056
3279
-1
25970
27294
13912
14326
15486
6534
226
13767
9758
10311
15704
8542
4144
12850
23128
2
6738
1283
20010
8287
9732
11109
12312
28778
18536
57276
16974
2109
9758
15127
41212
34112
3400
30563
4597
3388
13976
6510
0
-1
44614
7282
13716
8830
35959
17227
17985
1614
620
20398
12353
0
20569
3698
10960
19436
1120
17120
11688
22925
9752
15406
40512
13594
5838
11726
11418
17884
14124
16428
6798
13954
2278
29001
11032
15590
12194
10862
4394
20858
22795
9936
12102
8005
7732
23812
23144
15842
3270
39606
17354
1850
12409
17978
45074
17216
69478
3070
48714
43201
30086
44226
11749
48673
19380
5904
42356
19386
16422
31388
4858
16144
11584
4156
352
31856
13140
71
1402
-1
19400
12612
11382
11908
24258
23958
2084
0
10025
26131
18066
-1
7125
5920
18011
2418
-1
9348
13497
15733
16167
4742
17258
-1
7963
-1
17394
23968
27798
2878
7558
3910
18492
20188
6995
13594
6684
17089
13605
13992
18756
11396
3057
13875
18004
654
14949
3903
7112
21122
1013
6500
23612
0
35958
11676
19225
5569
3738
1759
26884
6294
2560
18425
10420
23602
-1
21203
23985
22520
31480
11881
10650
10058
10076
16419
4912
31877
4574
4043
12850
34596
9688
16549
18312
6155
725
6264
3952
18294
15736
21807
6027
10354
52711
10380
74640
32580
16880
7834
9303
19996
20258
5682
12730
14323
385
4983
18782
17370
2087
29506
10143
1632
7070
20214
6778
2388
32916
15546
16614
13600
14774
15993
34401
13088
29306
17250
5268
26342
4546
4
9321
15298
23554
21486
5794
6088
16934
16794
35553
9172
5048
19264
2714
30114
14751
13336
24656
-1
4763
25264
257
25180
0
7938
2049
21847
0
91572
50298
7224
75710
22388
23088
-1
19300
1309
5730
1226
7726
32439
26288
26201
20984
8158
9513
1311
4074
3502
17372
17779
3484
14941
25296
24435
5594
32203
3524
62422
13967
50648
21844
5125
19
-1
15512
246
21034
76144
5253
4080
11928
15138
26720
4392
3678
15993
12416
27098
3982
0
0
15988
24885
20726
20622
6284
9710
7440
19295
19547
51952
1721
17276
6432
20585
5917
22503
-1
0
5212
3014
11360
816
18754
4909
10154
8116
4450
13022
9718
16500
0
1755
15370
9537
4461
19472
7688
13244
24029
34624
2276
612
17287
12038
14514
17050
14309
16130
11132
89264
4477
7372
5818
17473
14232
12126
39518
24375
36766
32856
15878
81332
14184
25674
12998
-1
20790
23168
28483
21979
16528
2460
39600
7266
1432
11661
290
10362
43191
18372
42530
3291
9582
12614
6623
15100
61098
47728
18136
15954
16030
16182
16976
14575
22442
16190
4894
19432
13760
10542
30154
16246
45436
12804
1128
12561
46822
10056
11571
270
4162
2450
19352
1590
628
28592
0
496
22406
28704
6166
15192
10404
15953
21174
1542
2
12272
15716
7316
10979
67626
16168
15645
25362
15054
29656
14898
3940
10456
36632
79996
8721
14876
4005
21910
94
10432
764
18672
24166
9836
0
22522
62829
22204
14613
29034
10024
16476
14130
30325
22872
18830
42677
1116
16700
13470
3245
20062
91
47
51137
58483
23136
1556
4485
19540
3802
21747
6001
13309
10932
4952
20002
3780
0
12101
16914
20502
2580
68866
16774
14506
3031
29326
11137
16282
-1
16923
27212
2164
10462
31483
6445
31235
19980
27794
21723
11406
13854
11163
-1
35837
26982
8408
16424
2963
19062
30652
11350
36764
17926
71988
18128
13278
4326
14870
62944
17240
13618
19624
11715
5496
14474
13989
14176
22196
32604
14849
6396
6282
16454
15200
23680
11409
80196
4004
45457
15973
5952
18959
0
9188
31222
40446
40207
67096
16362
13014
16529
18778
64679
10973
18998
6110
22524
26096
10575
13382
4212
8174
15572
236
11842
22479
16276
11513
5228
18451
14020
14252
16150
15359
14941
14638
20724
42628
4
27124
3294
11837
8866
15934
11416
18250
9122
2904
15445
15004
4310
18681
21317
21188
9468
3996
8331
17864
10384
17430
86622
18840
83342
18874
49541
10138
13022
4076
51980
236
15932
2042
6622
18054
6668
984
22357
14259
7836
5142
14522
31270
13828
12868
50064
21619
6490
28072
24204
26488
20364
9272
10232
68204
22442
10784
18396
4464
8398
15298
19
30557
6997
6096
18758
19036
9675
2834
14120
4848
10693
41388
5784
24904
16729
17721
28390
7906
3314
0
3304
43244
4292
18952
12144
23240
17207
18628
20882
11306
22938
5632
386
6538
20828
22567
24264
17172
2464
24035
15812
11584
6024
20758
3765
11974
13281
410
18986
-1
17508
25960
5479
0
7944
4956
7164
7714
4705
4256
15766
720
11390
51054
16426
15943
3684
2526
16457
10540
2219
12526
1114
15989
17136
19834
31818
28205
27322
18076
27430
748
14505
20142
12828
2258
17204
13312
15142
15004
14732
11444
6072
11093
0
16199
22462
16596
11858
21109
14682
19048
18196
8418
22767
23471
16673
12568
54
69690
5385
21066
39146
24523
11731
4448
9962
14068
9880
8700
-1
4704
18842
17228
11662
16794
18218
8390
20836
13406
6160
4095
12537
2156
38876
22484
22958
19957
2322
7869
16702
25071
12781
17678
9668
8650
0
7208
16004
6360
16460
15203
26916
24069
9459
11683
5421
23862
12542
16234
12582
1018
12753
1941
10388
34106
1348
16224
16984
10266
23374
21721
20266
5266
17453
4714
2028
26438
4354
14794
-1
5566
15687
15933
9852
13265
2206
6484
11032
14066
5840
0
24086
2890
272
57304
9438
4991
19972
10534
2402
814
11482
-1
33192
16658
2238
13074
5482
30996
19561
16492
10176
15709
23740
0
20337
16666
15568
16362
14386
21232
14646
12264
18753
21790
15499
12786
28280
16550
11574
382
14156
5249
962
18096
8658
10682
19042
29662
-1
23416
19350
17168
16980
7854
6412
13085
7738
26594
1924
19978
3965
4823
14874
51740
17070
4316
11782
16823
1620
1300
34598
16676
10792
9532
17868
13702
12352
13175
30752
17899
16704
12578
854
3634
5226
1593
12444
37514
50280
26798
28160
-1
7744
47076
4837
36454
8074
8476
26838
6790
16430
49812
4573
5714
11358
16996
11801
9884
135
13340
5568
15720
40297
17895
63860
7466
9990
33376
9000
21300
20129
19326
118
31102
4558
26969
13237
12728
32268
14048
768
15910
22551
30786
30436
11063
5304
18814
14735
90546
4872
14819
16096
18444
12014
3736
16519
15008
5358
14724
-1
23854
18802
17726
0
4509
16902
14992
11566
23184
35261
24286
16604
1809
22361
14928
22432
26224
10112
7268
79124
25236
4429
26889
24810
16306
18629
46090
13354
13934
26334
24936
3775
33966
2718
2660
46683
4221
0
22728
4280
19546
13818
20768
29298
-1
3545
12812
10589
26216
51110
-1
3120
14261
17081
3344
18296
3136
16710
0
12056
78132
20800
14676
39882
16756
2912
14498
612
19192
4370
8416
727
24262
10339
16052
14812
3612
16518
3525
0
0
7326
14758
66268
13620
7926
22405
11408
1230
538
21046
7694
39226
4732
21982
21699
13141
15460
13802
10746
15092
66818
12652
10561
11276
18475
8020
528
7494
18455
18721
5951
15660
35511
8406
7275
20384
13317
0
13764
14856
13701
14133
0
26693
18867
18350
-1
3217
4932
0
25279
19110
29220
0
4182
21458
15676
20668
15193
13226
22663
14391
23520
39806
16155
13634
5090
20597
5620
11158
7494
32728
13163
23008
16486
9795
12426
30610
4196
5827
1450
1917
27971
17356
11216
9430
11984
5898
30450
27884
6138
11584
14628
17168
16782
3140
13255
15396
0
22830
16124
5146
16178
17504
9598
9824
12024
8572
34950
14444
19935
8735
43772
15919
35738
13676
6946
28720
31660
16706
19037
6389
12869
9322
13249
13240
3
2
7938
13628
3758
27990
27320
570
7040
29986
12890
1952
8103
40788
4600
39808
13385
48523
1166
29942
29836
14649
21506
4288
10989
22667
44896
29094
5762
39068
3474
3869
19448
13522
21085
10754
20888
6954
7329
18986
7479
6328
16014
16484
10560
15500
7636
8230
306
21795
18406
10744
13448
12464
14366
22973
33144
20460
14636
8290
59050
16278
956
17221
8705
22664
9092
10486
40084
12730
7476
2874
4513
12779
15514
16316
5544
19566
42276
9430
23683
17010
0
0
1102
17033
22808
16352
82058
12712
17601
27966
15271
1368
3009
-1
24800
26632
33732
18579
14338
0
7301
-1
6986
15425
12290
21702
10868
4132
2290
14324
16270
17765
18011
13744
26686
20436
11667
2312
6571
62128
25480
760
10038
13637
12166
9292
27758
10183
8964
63220
8450
20702
39395
8545
22788
17948
14122
18886
14602
490
10714
20415
0
4818
10672
9236
17566
3453
4650
6904
5296
3394
15022
15628
17354
17450
16223
9626
49272
23543
31448
-1
6720
19932
19849
16740
12036
4246
10572
14667
5854
9861
3968
1561
12578
20605
9600
11411
7894
2332
17678
8
15606
27678
3062
-1
16952
8210
13583
11896
14302
7690
24070
0
9468
8220
38500
19725
17406
16662
12104
19574
-1
10809
17542
38696
14862
28576
20624
9078
14114
4086
16720
46216
10150
4
4879
113
9622
11487
14146
18782
11060
5724
18074
19368
24807
18090
33289
70
7874
15594
3862
1660
27359
3705
14722
4312
10642
20823
16625
19548
36390
17332
22322
0
25090
10016
31248
6002
1070
70980
8066
25959
11664
69042
17691
-1
2660
12657
14838
448
8354
23432
8758
-1
85786
11604
2
23892
19038
-1
11286
17968
52242
17921
47599
4725
15376
45068
7897
25438
57772
20480
-1
18278
22260
6835
8122
10750
20724
4068
9534
5378
23686
17388
7661
17564
3838
16518
10083
17958
5761
246
0
21945
10720
24
1221
0
6354
6683
14730
20404
-1
24741
50423
6552
8328
6692
14438
15968
5751
15148
44591
24208
2656
25868
17542
12212
8703
2585
19246
15450
8418
16194
21216
2502
33263
1877
21832
16498
9878
23955
8264
739
32746
79264
3626
14844
16702
28334
3558
38308
417
21736
5828
16706
288
21972
17259
1694
0
15558
7646
14676
15066
4
18921
9312
0
6130
17388
23522
15492
6473
15964
17883
6086
19178
22109
14157
14918
13600
9338
558
6828
26468
13566
12024
10798
22064
50882
12094
21334
17364
2571
29992
4581
30978
4222
7315
15700
19025
7670
7134
12192
12004
19133
0
12498
26081
14592
5622
41569
43994
13827
21488
9084
3212
5860
3382
10016
9840
12788
10404
12210
2643
4844
-1
15504
16736
58784
15004
12120
15972
32407
0
10616
4618
18751
21660
9284
19211
11064
18112
0
17352
16628
0
25447
12564
15269
12298
12596
2157
10840
11432
4597
5336
15216
23410
3866
18287
11349
17239
3384
19256
6524
4898
12350
14063
6012
14184
58220
6948
87058
11404
1508
16370
8032
3344
13730
60278
1154
1350
8590
2008
15016
0
-1
21206
17522
12357
37778
0
0
9438
15154
778
11978
0
436
19560
19622
25246
21108
15110
15761
18304
36486
16818
2592
9229
25508
3614
10189
18979
8172
17242
3770
14552
4434
2818
6019
7889
4382
1005
15750
15186
8880
15138
34480
4864
4102
1756
34128
14304
15400
13710
1361
494
34378
24858
11256
17193
14844
1573
10896
13936
62930
17972
9580
2847
4286
41150
-1
14640
17936
20191
14906
13450
29333
12926
5361
16841
4926
13765
13656
12226
5894
3796
5433
29102
23330
25238
14575
20168
3944
45622
51216
47970
22308
9373
14846
-1
14027
8900
0
22888
10066
3264
16393
20300
1696
17978
29602
9609
13940
1742
1899
5883
20523
11378
54031
0
10572
17613
42209
14740
12675
20010
20454
14162
18556
11727
29011
784
592
9448
16472
37504
26810
5316
30114
3796
16249
17684
36645
16542
17352
12000
31632
12967
4458
16908
3976
18516
6808
28489
36659
15686
19880
2393
11999
27270
4561
4017
63001
22393
14050
16162
0
59836
23022
0
-1
12078
10298
17082
31071
17435
15789
22026
9736
15596
20826
15198
17628
11968
13109
4662
0
14156
2
2939
20644
7280
3644
20883
15138
14974
24974
35734
2926
7756
19753
1856
6208
14588
36016
46596
36760
9806
14448
31398
6
16816
25812
12061
6146
12879
11860
16599
4514
12594
19582
6862
0
2414
4718
10652
14818
15484
3244
31948
14693
20877
10160
29560
15594
5014
2729
17840
7400
20126
11569
27096
12966
5514
14380
6310
11770
84206
16579
4538
6209
4210
21006
13462
30904
20056
16328
17220
2741
3461
0
7150
88346
4898
18418
7725
22873
0
8948
85794
2346
42821
84746
625
33368
18522
23731
20387
16849
7745
3646
5323
14039
806
33707
13220
13206
11628
13532
5976
17501
19995
14241
10788
13887
27650
11890
0
26070
672
11776
12092
15754
1702
7662
19074
16407
10698
5968
4474
4622
19174
4750
4582
18734
29339
238
24871
20266
4
22298
5646
18002
4921
12188
22754
0
9590
20243
6786
9651
2365
14390
20674
24888
21462
12519
60675
16182
16930
17681
14477
0
28854
3280
18452
9195
8610
6880
32410
21079
11598
10843
60324
18714
9132
23100
27206
12525
10840
15074
35136
15
11915
26342
11108
13114
12351
18172
25232
9806
13450
36992
3346
-1
9460
9998
32746
28444
8188
9564
15990
10962
10844
-1
41016
13491
6862
10334
53206
0
2095
0
4488
0
3383
2133
9768
13548
12618
0
580
15494
7672
12692
9058
15136
3792
11162
12880
6310
13246
11002
27929
18304
12507
13124
16918
22589
880
25788
21216
19324
2942
6479
17813
-1
16974
11194
12480
12273
19362
9534
19136
12458
3642
16658
16844
4628
5491
13026
12534
45762
2255
22984
-1
15628
5999
15638
21397
17746
28370
44575
-1
8681
2830
54797
52476
12278
10774
14454
-1
14915
13274
11938
15952
2776
18833
6750
43277
10280
11222
17394
18006
17157
5912
16856
8322
24756
8210
8290
18846
59254
17640
16984
5422
15635
2964
31371
16848
34629
17687
19963
9616
13886
9489
4502
15269
20960
5696
17236
15046
16228
29991
17518
9696
630
18348
-1
5886
10001
18809
13232
0
13330
13423
39527
5044
5851
50581
15752
10673
6388
10143
18821
21783
6358
494
55860
2334
37492
12654
6301
14513
81038
8739
0
17564
7611
27990
15605
21142
15534
14292
19300
9447
5650
20106
50526
301
6528
11330
0
1
33230
8524
23459
53408
5591
20530
32026
23926
7810
7602
16965
4412
3228
14154
84446
5590
14968
11545
8058
17727
23444
11522
8943
8386
13560
29130
14668
12699
19086
318
14842
15888
19572
39354
17094
212
6320
2150
10181
22432
22611
-1
6746
17945
4277
13460
6431
16108
16306
16282
15514
13362
5446
1552
18714
8755
5783
32079
15234
12224
65252
9168
8273
17894
15860
12654
0
65756
3069
20008
12476
23806
60786
10838
20775
2104
5991
60180
27610
27024
82444
18824
41258
15480
1280
3614
18286
9722
13912
19188
13992
11239
3836
11290
22430
2847
22784
9189
15916
5612
80862
15731
-1
-1
27428
33720
19669
14884
3908
23146
16431
17196
6116
22342
11633
18540
5136
24032
24720
12816
11674
14240
21044
4738
3066
23132
20612
8584
21298
19360
8604
1170
13456
37928
11309
4450
9899
-1
13692
19921
27810
0
11550
12837
3876
14584
14730
10895
10265
726
9716
29103
3976
25142
17214
14996
61454
18344
44994
15164
13040
7120
9186
19697
3053
22402
27480
12544
16820
27424
25150
1695
20370
14368
5502
8705
9541
9200
11133
11636
16864
9776
22594
21780
-1
12385
13527
14352
19510
10722
2969
2678
12060
14082
6418
18213
11082
16551
9884
30807
1426
10512
20094
11352
7238
9558
37136
11116
19032
802
7444
3391
22506
17500
25292
3734
9419
13656
3104
26105
1716
35363
41980
4395
8704
3374
27816
2558
324
3646
27264
3
4963
29075
20440
8668
18580
16108
19727
14218
12407
2810
7040
10239
12810
3002
28994
17500
15806
14929
7410
1
3686
15756
964
-1
0
15138
10086
5520
17407
7450
5526
10088
10222
16761
12610
12192
-1
47649
14586
5554
9168
7986
16661
30734
10016
12249
26124
2762
1440
13480
15445
20682
5840
19042
6438
40561
15132
11768
9221
17008
9928
20229
4148
23667
2736
14005
7798
3857
22950
6165
18688
16588
16246
59010
4274
6796
8089
11567
46940
25424
13990
774
2239
2526
28272
680
11144
13869
5658
17804
-1
21
17854
14626
52524
980
14420
9761
9840
6772
3991
11526
39812
23584
12915
63791
15156
6792
17274
51624
0
7560
26114
10682
34686
1876
0
14096
12139
15728
6851
20620
18831
8028
22032
1078
20922
15907
5154
23320
34324
10520
3069
862
13089
0
28457
15358
17896
14312
13459
8
13153
72958
15276
17455
18541
38294
6681
8618
38020
-1
14926
20645
14514
0
9774
5339
14576
20053
11647
17252
15068
4072
12232
9918
18214
11055
14364
11370
14505
16928
31878
15940
13638
1108
5620
574
29289
2150
7105
15334
15088
10270
39227
16382
22723
19720
2301
442
16873
21100
10894
6836
34416
14768
25236
19466
13532
-1
18222
5932
41354
13176
19130
27192
286
803
33322
11774
14888
28975
16074
15080
11808
1473
36522
2942
13448
1040
15892
47562
6988
21757
5202
25622
8707
7492
0
17688
0
11432
24269
17274
7340
2670
23477
14939
20893
39986
2946
3354
18172
20694
15160
0
130
7536
35356
15046
18266
18963
15160
19994
12921
16595
20154
-1
9969
5581
17850
23924
24674
19313
14855
6198
33056
12112
14338
0
12580
18589
12918
6022
0
40471
1836
19926
4241
7592
16547
12648
44636
47354
36169
4804
7872
3322
12639
18280
39826
11168
4678
2225
18866
51916
26617
18509
4634
14376
284
15010
21198
958
19326
20309
20756
27864
41683
7684
12913
19498
11922
37717
19588
39958
15778
16852
3818
9544
34319
21630
3500
24998
15974
5240
10758
25690
-1
38231
5272
8288
11836
28840
16694
18482
14264
26554
23230
30322
10340
28972
13734
13230
-1
14572
2612
10196
24175
30608
31860
45189
3472
14821
11320
16788
13428
21182
4516
9996
5679
8642
13022
6244
10534
18705
14156
13784
13066
20358
-1
7365
21911
8254
0
16004
50964
15716
286
15530
24104
10602
24631
30822
27184
12407
12707
8082
9564
25298
0
11881
16370
10269
10327
21725
3053
47612
41142
14145
4762
3709
12809
38251
21016
15514
6463
10902
16865
42132
6
9907
5865
5778
20993
18258
874
17262
602
0
4308
7368
12472
3895
53303
3158
0
21706
15639
8294
27410
21856
15788
11872
6280
7406
46373
1980
12068
26312
23264
18196
14918
4723
25910
11875
11862
13580
9582
1204
14616
28898
2789
11428
20370
17920
12244
11964
16171
14647
17898
47488
30708
10484
11232
20228
4190
21745
0
15294
13810
31856
3795
18784
2
5653
21804
6256
9392
13
11590
-1
13796
58490
37972
18123
7030
37742
15836
0
-1
15528
55325
20918
8637
6688
16810
13296
2888
11316
61198
33674
18568
7105
18158
14404
2094
43108
13868
1334
1160
16066
3540
15168
4730
56935
-1
15889
5886
886
15447
28950
19989
5760
16356
22418
16030
14612
34600
13254
4596
5962
4120
-1
7086
6472
15587
18397
5747
27580
578
1630
61622
37210
9904
27431
-1
2596
29046
27498
34672
15834
6193
4487
33813
24478
16342
20704
14637
4625
0
9487
10348
10662
15982
18839
48156
11678
7966
6250
30456
8728
773
36824
8016
9752
7330
18342
12534
30664
17136
23220
11962
25702
7620
22658
52
4024
8560
7202
18450
11591
14960
5472
10520
2930
22932
24978
22150
50284
13832
14406
22292
12443
9800
10704
31321
4903
1794
25620
-1
10586
23506
1608
58096
17303
63170
30014
-1
13565
31192
1828
25406
4664
18390
6445
5294
13447
15676
30622
27410
15686
796
2360
23302
2661
6514
12166
2808
15078
15524
1922
10255
32656
22062
23170
4856
6245
11982
33532
6
16926
14116
-1
2292
15672
10444
6
19868
6718
44484
7535
8473
9359
38692
9540
36745
14816
5958
1487
7786
19385
715
13290
16336
6456
0
10134
26556
57974
3508
27902
19778
3451
4078
2904
15153
8994
2472
9996
11256
18118
4330
28516
15253
16655
15802
34092
7965
26810
14875
7254
7797
32738
12858
13024
11291
18644
16770
7611
35324
10104
6794
23792
17542
13516
18426
16092
41848
21648
2
-1
8319
16864
14897
90616
5007
6894
20740
19824
14427
9646
6357
1874
20506
16452
10534
14135
10220
16182
5793
9556
16834
9586
33748
14211
7769
27300
13140
4454
3086
22902
5219
1630
61848
8436
21514
-1
14356
49343
15668
1374
28832
8172
24382
5936
29062
419
0
913
19266
17708
3053
11774
83718
6184
14806
86936
24077
13452
2005
13623
27376
21636
16535
1140
4990
4674
28719
17736
0
14117
12426
8840
24477
34122
7550
1838
11930
28599
18402
45914
36202
12758
10515
11808
4506
20690
46596
1308
11234
40629
19230
21230
3805
22402
13826
8753
16072
25019
14056
29661
-1
16870
8420
64598
14649
18694
5584
39328
7717
21281
8526
19332
3598
14786
3262
11330
4384
19364
24165
40960
10871
13329
6361
29746
6482
-1
19774
10020
14954
29666
16044
14758
54723
22606
0
33242
4438
228
41004
16948
3587
46033
23489
2330
17188
41844
2647
2340
27910
15336
26694
5597
12332
12220
13654
15271
45166
6108
1136
-1
19276
16359
3
1446
1968
34876
11497
9598
23230
1975
13103
26442
6296
20224
12156
45070
0
14012
3525
12904
19552
18498
5118
17206
3238
17201
3356
16781
220
15167
50712
10404
18469
274
-1
7604
0
11897
30982
17194
10676
0
7718
12150
-1
12360
44920
2821
51232
28698
14216
19542
12594
23817
65208
13164
5457
49032
24588
22089
54536
13505
14734
32722
4232
10864
5861
22176
11736
1300
15418
10120
36799
26635
47836
22612
9140
7854
19278
3124
23902
13615
21922
28866
8828
10266
5975
13608
7782
5040
22343
18026
1210
15862
1464
1608
2706
15614
3802
0
5301
16175
20529
8890
4126
14916
5286
17068
13426
41386
15191
26764
12608
6274
14135
0
6213
15450
17426
13500
35694
47042
8506
16318
20003
37839
23006
9868
12770
15930
2222
8859
16092
17246
3062
1420
11597
12400
36798
17982
17816
1614
8250
13684
38589
19430
16058
10654
28045
-1
9690
5902
24693
19750
13336
5844
8094
14922
520
2850
4
22544
17626
20554
12164
18697
2893
12390
15770
13996
47902
59778
12094
25810
14194
888
21125
3533
18288
18760
17778
5992
2
5249
14942
50680
19540
726
15644
61513
5578
1291
5994
24091
22085
18434
7288
14967
11653
14750
18343
14610
0
14764
3066
27513
-1
49975
28944
14850
0
17920
2
7312
13712
10974
8390
77920
11369
12242
0
19538
14472
40382
21271
16088
1922
11238
7571
40340
10560
9080
18502
16978
12661
47214
16364
10816
7500
7969
12408
12565
16889
12413
14756
13338
143
24625
16587
10176
1268
13284
7538
28436
19355
7536
18292
15412
13671
14999
3711
24684
16098
1860
16688
6639
9162
12756
13778
83126
20204
50407
20946
10414
3698
15904
8681
32957
31542
20047
8407
4234
8138
7728
6707
8564
18527
15052
15240
17064
12408
21554
4223
8746
51718
17136
15674
9631
15178
8152
9248
20993
21628
1098
40810
23465
65125
5296
5098
5919
12958
33900
12622
6818
21278
16022
17399
-1
2456
5355
15142
27426
5776
11252
9457
860
8254
16414
12045
3159
14028
27388
5644
2754
0
22345
15526
1570
42123
22327
16523
15290
2433
10660
-1
9654
13386
21117
11988
13940
-1
12802
-1
11212
19316
25772
5583
7280
8134
30925
0
11285
3078
17132
-1
5296
37827
29006
3184
29863
12864
6048
-1
14564
18584
-1
6365
0
25218
17236
23394
21074
2978
12050
15568
1207
51282
16224
17816
6406
14528
6668
3342
21514
17211
51888
21561
13020
16770
-1
19511
25712
2606
34487
15238
1600
28129
27642
12342
6908
10004
9316
12540
23256
33152
7177
11527
5206
3088
0
44376
17774
85732
19676
950
15883
3126
17406
12950
4989
13868
6690
88484
21264
80298
14358
16776
16764
16046
21120
22544
3972
9369
1442
3586
60918
8580
7682
4892
18752
25589
0
17340
9299
17424
17938
23052
4580
19464
10787
17164
24053
18746
38101
3256
15935
15420
14560
16568
12244
2
15602
16662
16830
6864
16048
0
26156
22952
45887
19600
0
19366
8487
13828
8786
5096
13285
18770
458
12202
5170
22316
18234
16989
11972
30981
5564
10634
2868
1670
8100
20050
11543
-1
0
15564
8067
52424
2158
18003
18913
8604
16387
3743
13602
1824
15249
19241
15618
5280
16536
27739
21184
80282
17336
33846
12005
19662
0
2794
2928
19008
9657
18736
16137
8985
9333
11642
12592
2698
4980
16044
79198
13060
2934
13018
16939
24071
17036
5286
4014
17746
46634
2930
14920
2260
15212
18521
6828
20445
9606
-1
18260
18528
50902
13031
19548
16048
9766
5910
8255
18863
11653
3023
16945
24846
22523
-1
4320
10364
17476
4492
5390
16184
4622
0
14178
12059
14394
16202
11279
20622
12328
14810
8152
8659
19286
9434
21018
13884
-1
14451
28378
15484
25486
10206
10874
7856
9533
202
7550
11228
20754
9804
28002
27736
18488
10666
20710
39754
2854
10402
3469
0
11362
3988
11570
44683
15958
81530
17416
6284
10282
7846
17710
19069
31842
18553
17144
13987
32688
10124
17073
8411
0
15028
33514
45354
50302
61652
14076
12376
0
34154
2
2754
-1
15452
45634
32736
24600
13358
2752
12081
10288
34556
12600
7211
4454
17726
25605
19826
15634
11370
6648
9794
264
11575
32110
15083
-1
10170
6352
6178
24024
14652
217
13293
20238
25604
4994
15562
-1
5820
27938
7221
12484
9860
21866
13586
10478
40363
15338
1136
-1
12812
8996
16238
2837
3060
2104
10139
2
24592
80078
12638
11267
21518
17016
6266
0
4292
11984
9421
5692
-1
30713
0
14186
3508
17699
10476
54
2272
62621
1294
14406
13772
12516
20361
8624
-1
5632
14370
27558
7417
13682
16034
14961
8176
38320
2416
12448
8020
19428
16482
6287
3308
23080
3622
21814
13492
9010
6980
7805
16386
19366
18327
3663
8187
5783
11902
7386
1280
8230
14568
12962
0
16974
24347
15438
15054
31585
0
12284
21596
9252
10355
21603
19055
9796
14105
3690
22322
7874
12574
6512
14956
6890
20574
8764
6854
17806
6883
25301
15788
19683
12621
21104
15196
13939
-1
45008
38417
47556
69488
0
34880
-1
20692
18650
61705
20504
60584
46392
22348
11954
10669
52706
14896
17681
31768
44420
14620
3826
25209
29532
27526
0
15650
-1
18448
6578
3594
547
1322
10980
14627
24142
9521
85188
17979
16230
17290
9352
11178
20091
-1
19050
26180
4446
3
16944
2490
28015
4920
45952
2689
3878
16862
9936
1709
6734
698
12370
17835
19418
5137
15087
25169
10034
9911
22076
8925
8084
29641
31152
2543
386
26548
6246
5561
4139
20092
-1
0
4886
14630
10739
10695
9344
13253
29002
23762
14643
2
1150
19606
19204
19158
20307
16685
4756
11287
3995
22082
16458
1294
31916
18472
8911
28352
16263
37456
45546
15823
9521
7876
10989
3888
9796
6832
3075
12570
16876
22684
18146
20138
17858
32120
5218
11032
13283
12848
11990
384
15495
7568
9112
16020
17190
5466
14329
4578
21378
8476
15114
10724
15006
22686
8026
17723
21446
5256
14924
20904
2242
7114
26242
21594
4865
25688
33454
19514
24977
20500
14153
10974
5636
1503
33968
9782
-1
10023
31186
18174
22058
18624
7908
5071
8883
18333
10287
16334
15754
43230
12279
0
18697
11990
15056
18671
12314
2885
23190
15044
7904
4958
14200
682
14568
12322
12839
0
20360
10402
19610
6676
0
14404
10839
25542
-1
0
17282
44640
0
14210
21798
16148
5316
0
-1
21324
17090
19047
3709
33683
776
5209
3638
23699
87676
13596
4556
5169
9517
20326
14832
3596
15969
9340
2
19704
0
58400
26960
23410
2236
3226
22618
2530
10850
17770
16705
5256
15268
6722
17732
36216
26520
6737
32636
14236
37470
12775
2443
25792
32644
3648
4008
19614
-1
10254
16666
8028
20225
18221
2369
2407
20930
13426
15113
25058
5622
15032
18769
6715
40680
12446
11566
14540
0
8948
-1
0
0
2610
10024
26732
9502
18470
12554
0
7998
7992
7765
14658
34448
54786
12040
12018
-1
7038
11317
1584
8650
2530
18696
69988
6686
10030
3440
7188
4088
9812
14430
908
6965
3138
10118
8857
15380
8166
7418
53418
5632
31110
11444
15735
9339
20454
20805
23430
12242
31422
18266
122
7670
-1
56226
19086
12792
29121
1448
9866
-1
14166
21836
-1
14330
0
17447
25732
5798
15578
38126
7150
20421
23266
15952
12378
23306
30028
2324
0
5511
10
22146
16211
38348
60700
25398
42681
47068
38783
12050
12042
-1
19940
4438
11782
4554
16632
13314
14432
11122
15554
15836
15626
11438
16054
29609
14820
10058
11696
0
13664
15524
4379
14890
5415
14016
15664
8270
11794
9018
24222
9554
25588
12920
11018
12282
17696
7328
16314
24176
23858
11080
13910
20768
-1
2758
0
68586
12591
6996
26476
16210
1634
21128
14442
4382
5342
3580
6
7485
10490
16554
192
89076
0
2962
15252
112
42428
16830
18390
14998
0
17125
8018
12616
16976
7640
8966
6304
18950
33133
2521
-1
10808
6512
9920
539
16863
19479
12186
15896
8590
15013
14130
1487
63934
24994
12631
20868
14307
11262
15833
21184
11170
14764
55462
20298
36690
16583
27052
11156
21652
27942
9922
11483
14514
30070
7630
5226
17630
8486
11949
17474
9908
29283
29393
12594
26259
13917
3893
17536
18938
20152
3504
17498
4838
15942
17762
16956
12144
14645
-1
40182
4360
242
25855
16764
18838
21262
26516
5010
12341
11926
3882
434
14728
1656
0
0
40708
16997
33900
17276
5462
11844
18350
16056
18170
0
33800
3906
13899
15108
8392
14590
38490
15352
6255
16836
15051
44752
14148
33212
13676
22200
11716
40639
16618
9548
15198
17431
13660
68404
4824
14631
11908
10732
10360
14259
17586
14058
34248
6633
16286
12586
3022
10666
13308
13064
13092
3564
3254
16356
9578
16032
10657
-1
12662
11600
19540
5924
56
11619
25782
14962
1200
9348
10878
13304
3054
5652
7014
36603
22832
12644
10265
1869
17817
2594
9898
15811
17214
41884
24134
13776
19114
18208
8570
1884
1248
7047
11035
11878
2071
17969
28522
19052
0
11609
8888
15550
1625
6391
20264
15184
57048
6180
16944
13556
0
4124
23452
8922
17108
17909
10382
6278
3383
-1
0
13058
6230
15155
63333
-1
12906
16782
39120
10185
8580
33382
3386
16920
-1
19016
22124
27653
4588
31540
20626
26658
20658
33670
47635
15188
37838
11689
26200
24451
5825
12072
16331
12580
11003
25845
8590
30221
4966
15320
1566
27678
11604
9311
21036
18499
10674
28691
17320
9260
11365
30121
12591
13364
18096
18020
21494
18196
6956
15520
15527
11281
41476
-1
21384
463
11453
15683
16803
14456
34693
24325
3522
25913
16780
52278
37615
23601
18146
90786
68448
17628
26395
13597
24708
3854
1442
22334
16756
15541
13256
16332
8762
-1
2248
10513
23330
15895
11844
15216
26197
15722
20718
11730
6990
11041
2264
14409
10540
24038
41752
19476
9290
14006
18734
16757
24138
22071
8866
10554
2393
7606
16930
12149
13538
5096
24038
17846
18312
4889
18754
9565
10087
0
17524
21475
39862
7702
14780
18790
17540
90864
13732
14204
10166
27732
28388
10188
2327
35790
16129
19322
29840
16151
13754
15372
23522
20028
9652
11536
25724
12818
19171
28044
53456
31035
3903
3848
24610
18378
2802
53242
8735
20000
27500
9762
19162
11140
15172
5538
28419
37369
37804
16044
21095
8254
55576
1949
21360
21735
8739
20142
20756
9358
7862
21008
10530
11644
65042
0
14558
11575
11768
8623
16646
4739
25197
22541
0
0
6394
28342
12114
23116
4902
18108
54080
60002
20800
21802
39436
4440
13762
8592
34850
20823
41149
34996
10599
15546
18741
4431
1623
6488
23874
34806
10482
19544
9394
5
2768
11808
4964
13372
4124
15138
10494
6632
15394
20992
16097
5565
6834
13840
19882
1168
23786
29899
14431
11260
6515
4879
13624
9638
20320
31786
-1
12414
5590
14676
10786
14994
1102
0
9140
3195
4982
35135
90168
4485
22297
13370
5947
12884
13736
12675
18664
16318
25379
18206
33542
15240
12751
21698
15816
33306
5252
15844
-1
11100
15658
17540
17896
15637
17446
5863
1039
18302
26046
17608
25030
5712
-1
52054
3736
15183
128
11546
28564
14232
25514
18400
-1
9980
40240
11196
23742
17694
4160
21104
9402
13727
3758
18266
17023
26782
6199
1402
15268
18870
5226
39756
14464
7273
10396
-1
13020
15450
-1
15186
5078
11544
6180
8546
0
8428
10764
19632
6752
13268
21888
30770
12420
18924
12249
9228
15712
17152
6390
1214
21320
13700
10286
14535
0
36154
24088
22890
21516
3998
31189
24889
57166
23381
11688
3810
21346
15152
19002
16916
22098
13526
2894
19114
14969
16392
3320
18856
2760
3500
7656
19028
6307
4936
6498
58404
8354
5420
7578
13822
30382
22068
12339
6714
17286
10920
34086
0
21571
4740
7292
7442
13803
9272
5058
5306
7589
32789
3392
15440
5370
11044
8142
7448
21408
11430
20930
17990
8330
14766
9316
1432
4339
15470
6035
52114
2878
11237
14604
0
0
21346
24243
16274
6090
2724
0
13806
26956
13262
12345
566
27206
5140
19604
5338
19094
4334
20944
6054
10628
0
0
22620
49435
12842
37210
24724
11224
13919
15482
26537
9077
2439
10508
21006
19380
21046
11072
6085
23605
13139
15476
21947
24762
14892
3514
8038
22966
1104
5642
102
49256
9170
2054
21008
5559
37976
19469
12786
20562
18662
13300
10840
38556
32049
23103
-1
14311
0
26532
37926
38778
14189
2386
12802
20195
908
45012
14028
35350
16985
12956
9906
779
4256
-1
18232
69782
0
15660
12587
17275
11024
5110
22127
3977
6973
6292
9527
10118
36749
9579
16164
32740
7596
2035
11438
22725
14398
9120
0
3839
5511
24498
30288
15476
37532
16214
2958
9613
14194
3582
32739
20356
12224
50394
11314
18505
6016
7430
12974
36426
14722
12848
16178
-1
23538
8452
26555
11314
9749
22622
20395
18052
30606
13440
2762
11771
17471
13704
16054
24582
16186
10400
16318
40262
18982
15829
13565
11528
5964
39348
11938
36056
11364
3066
9764
17655
15907
4
12828
16014
29458
9396
23238
6100
21382
4050
26180
7752
7680
12532
20543
22154
5200
2
184
3952
10364
33839
18836
16892
20758
13278
18798
15896
12718
1886
13227
0
13663
18140
1056
20896
6188
5538
27796
6782
4364
18878
16214
17203
0
18844
16446
2670
11710
7408
14966
22136
876
12485
8110
21528
32296
24693
18026
28372
4846
15746
16064
7572
6730
1341
21202
18460
2347
0
88920
17346
5738
19652
15742
3168
20586
0
1872
19737
9283
23706
12062
15552
6772
5322
24085
7416
7790
5219
15895
0
10478
3132
11878
7184
23514
15738
11092
90216
41160
38976
85796
5824
20292
13838
-1
19573
17782
20303
16861
36814
22786
1004
4540
17330
12740
18962
37632
26380
22701
10464
0
13660
9215
2317
16530
17654
18407
8505
16495
18100
12636
4514
868
16830
14090
17385
20652
24539
6460
14726
0
36
4141
4462
11522
26815
13178
13506
38432
9704
48206
21962
5510
15420
17516
15630
14530
19162
15218
17854
8138
11076
11959
47616
6520
26996
8276
41700
17464
17528
4560
51212
8380
15302
19165
264
13392
13372
22925
7557
65061
10058
12824
11896
15108
15082
26810
4198
9874
3066
34631
12953
0
20706
6
27944
16602
13235
24660
4842
19218
0
3562
9228
9896
0
43466
16231
18997
2
17612
4487
7254
2068
9931
12190
8938
15464
12452
15650
8530
13613
1802
9340
14842
18878
54215
18865
4962
12572
13338
21220
14364
28572
20168
782
15055
11567
45746
13620
35804
7078
14247
20029
16518
2352
62392
642
24772
7362
21525
25612
18592
17946
7402
2004
229
8308
17783
17485
26550
25436
19592
7502
13536
29016
35994
4742
13034
16250
16802
11669
11306
4346
15996
1846
13206
37716
8652
970
3634
21302
31510
16232
7674
7458
5166
1746
29272
30022
37620
7779
61
15473
9238
14758
33229
174
16184
6634
7538
46372
6028
4254
2313
9204
9703
7679
15618
5824
18044
16212
25990
55468
20467
14794
3158
14812
15148
21636
38487
3933
37660
8818
19876
6938
17302
21136
1088
14647
13815
62372
3372
228
3372
12549
10472
0
5824
44664
16408
22076
43898
24408
35460
11211
17791
2236
15530
21150
8744
14784
18367
25116
16096
17830
-1
11922
24938
2677
3738
18464
13950
17804
11741
16944
2471
25614
19201
10272
30282
1907
16557
13976
14803
7920
13706
3360
6432
13646
8133
9094
23888
16560
17642
16694
20708
13719
10020
12492
23378
13186
3080
9544
16003
17486
29562
24062
16374
15968
15513
47928
27450
4308
15564
14722
6794
3538
0
21212
44184
17273
7794
14794
1138
38634
3786
5390
20899
14266
13218
13148
13014
3016
15211
5444
38056
26928
15322
16510
29189
5
4267
82892
754
15824
4560
15674
3348
11102
13418
17078
16896
27620
40934
7177
49096
14345
0
6897
3200
4328
19218
2884
12480
53444
20368
15114
12766
0
24137
8238
18381
15669
37732
1234
5144
2866
14540
12014
25318
29206
38334
23719
5956
3413
13314
12984
33598
1956
6142
8218
20658
25844
19038
639
11046
4
17598
1128
-1
7130
22398
23046
504
32892
28595
3533
54790
15487
16455
21232
28768
15728
14600
8967
7733
4580
30737
6978
13323
24460
11260
7770
27657
3426
19784
3602
8456
13592
24728
4055
21756
3738
12204
12406
16488
11374
236
16238
54455
6200
9440
76064
5264
35215
29048
22788
8122
20062
32620
14526
11698
13942
12362
12424
4569
14615
5455
12924
428
4244
8536
13862
15958
11570
4434
13092
2
18292
11920
18498
26305
54911
35576
19910
6642
14468
35394
13142
13248
81402
1066
3323
15492
14086
13090
15874
16119
17360
3033
6528
12726
7918
0
23094
14684
8732
9229
18421
10974
0
4580
32548
32049
15014
19486
0
12522
13539
5351
25656
15126
21992
11580
557
16314
31902
7145
6772
10156
19819
25032
8162
16754
13347
22510
10530
14556
7902
13214
10374
4255
21026
2018
59534
1622
0
2
14479
17750
2087
17905
0
20974
17040
4150
11174
16411
24724
25974
21210
24646
-1
15788
28658
9630
5334
37391
4955
18891
6874
45320
33390
3333
19776
21704
23692
19080
17220
17188
-1
894
11174
-1
3576
29486
15587
9980
63768
0
13620
23731
1528
1682
160
14788
8565
15032
11884
30002
16992
23778
18087
1927
22962
1872
7760
12608
11008
4090
11298
582
0
39608
18060
40300
3251
47736
17613
4226
3432
20302
26330
4222
18326
17109
24904
4583
13442
9135
6331
16658
18682
4760
21146
6508
39318
5709
8496
23860
19217
29145
10710
48630
19115
17100
41542
-1
12684
-1
16772
9056
2212
22009
-1
-1
-1
33832
14056
19793
-1
2852
30780
19869
0
2708
11941
5716
20280
41618
11860
14014
34417
35381
13455
15227
24116
21460
61790
3334
14062
12256
15467
17970
15277
660
2
5263
16784
25404
28048
4805
5662
286
6053
12074
14058
8779
3146
26133
12948
23217
5430
13436
14900
3243
4666
3280
6160
10754
14656
5356
48180
15678
10990
9468
4444
13604
36518
17937
10643
0
13614
17076
720
16424
17812
22406
17796
7016
2828
334
13608
4500
34679
59132
16594
2266
15704
3738
988
436
616
19926
8046
18080
18704
9928
14220
3202
37379
3956
-1
7704
22286
12124
1048
12035
20242
10246
14583
12789
19027
0
0
53394
7040
21114
14409
1970
14160
769
10776
50862
13010
52250
11897
33923
7078
14618
4878
0
7204
14336
0
0
8423
9189
5274
44290
15395
20653
11089
2968
8736
14734
11328
11636
17665
13575
28908
29246
8972
20818
9041
16253
8572
17730
26085
3796
17614
89024
10972
19254
-1
12608
32246
24244
0
19768
8455
5962
6068
13904
34470
15063
24147
11498
1089
8451
17890
1740
16329
7448
0
22830
13969
27564
6160
9916
11478
28285
94
18848
32790
680
31164
7106
8638
21140
2645
27434
110
7741
15832
5074
43796
12355
6
9696
14397
70
2731
5158
13152
12890
11312
18510
16468
6189
3206
46854
10342
644
34719
1948
21917
17620
14648
34742
44866
5698
25186
7818
13790
12424
2844
3328
889
25994
4638
10120
6798
10314
28770
13084
17977
3013
16362
12880
2180
5113
23939
14270
1665
1754
38813
12763
16316
26243
23854
11760
24006
-1
15720
1926
30326
20634
6620
0
18183
1903
3983
7412
1878
14919
22332
9112
31098
23368
8331
0
4254
47
3712
19900
12902
519
30151
21279
0
10761
8094
1309
2188
594
1144
11362
14264
18749
26426
1672
3432
20001
15840
2968
1296
12934
31534
2194
10263
2198
10858
26238
0
15472
17780
16376
29886
13450
5098
6827
20004
17013
3144
-1
3440
1086
16978
21746
0
25232
13888
28626
15866
5993
40627
11664
24417
16877
3254
7051
16284
30192
1946
2882
55356
682
17066
6716
0
17298
283
29200
34248
1754
7870
12255
4213
1806
10323
15483
756
16200
20952
13816
24180
14919
7045
11033
58008
13730
3473
7766
13864
14528
17687
13690
19612
-1
3243
14338
5544
18938
13821
9548
1473
21120
1636
372
6533
11384
8335
526
2666
18268
14875
18522
5066
13758
-1
54960
8316
13520
-1
12782
37220
17216
14672
17453
10892
19676
3540
2159
16817
802
15104
5994
3104
21092
3862
16036
48998
15962
29874
21146
14898
9804
9196
15580
19851
10188
0
5966
15070
64776
19840
13496
26524
28955
18364
5101
14256
4632
30504
7330
10828
59892
10780
12078
18408
35702
6636
1996
168
22102
23186
24792
38896
17784
10355
6879
17550
7952
11904
83122
17498
7148
57072
14406
13845
5250
9640
44086
4350
4975
6276
-1
5612
10419
20476
5492
10428
7952
14400
19926
10342
26424
18640
0
40796
16235
3426
7784
50138
-1
21226
9398
48136
13316
18403
14082
7454
3824
34686
16104
41276
38990
13009
7704
25338
12692
12724
10626
7330
19134
45365
19373
2756
-1
18322
8820
10278
10412
-1
4009
18164
0
252
8987
6843
10686
9826
10088
14140
6931
0
25168
19990
16306
28070
11296
25139
13973
8954
3316
37613
884
15829
8678
16376
15816
14128
14634
17810
4392
12222
24018
3266
2092
20895
8090
9870
16759
15654
14012
56556
3210
9998
6628
7234
7450
4051
24966
32519
11548
14921
22816
15332
5062
20598
28004
13126
66916
24319
28958
27578
12669
393
29856
10311
3281
10150
5349
12699
45212
37048
4249
4499
4136
55168
7248
9978
26364
18234
991
3129
29877
14594
20579
4515
6589
5423
25837
14255
17516
9258
21217
-1
21358
29454
1488
3126
45572
19258
10938
23208
20746
29412
9328
18264
32729
11596
31178
14628
11488
11819
22952
64806
23595
18709
16790
3734
23302
5166
14029
9706
2628
28019
20449
2786
18331
17234
17357
16086
15228
2866
10268
11006
16846
-1
14214
10559
23644
15696
0
28447
4400
7198
32453
2078
12720
31257
28094
13229
12166
4646
0
15180
16870
18740
21030
14725
1864
18438
5994
405
12212
27060
19484
14618
5958
15673
30786
30518
15462
4970
29672
6619
23380
11186
4672
12473
12868
6824
20130
3710
7909
6
1381
14316
22652
13568
9706
21176
38142
21136
26096
2657
24733
7534
18306
7934
12048
9597
15941
13272
16140
3735
25190
0
19127
38700
8454
12910
16519
15867
11626
6306
508
14977
11030
3760
15336
28014
33998
13503
17976
18041
1578
19714
26283
14727
23356
62786
19128
3652
14732
17916
8230
5902
50852
16692
3460
15711
16168
0
22648
75674
27912
20450
13478
-1
24204
15208
91
-1
7526
78788
7686
32482
33312
13362
35840
17007
18204
2128
4456
16202
7106
15642
2
16610
10663
9500
16780
16049
3290
21752
17787
16468
4012
22195
42467
10262
17142
1219
18754
26971
10087
17786
1402
27526
0
15880
662
37045
14760
24472
21402
27814
24960
10878
18414
5344
34684
19289
7894
12643
15479
24581
16516
22642
10692
8481
10018
12184
18493
12366
2384
9731
2550
18068
3895
782
4732
21040
0
19494
18512
15987
26974
5462
16243
22996
5854
13808
37061
23180
16179
23936
20364
57946
-1
7461
8828
13379
16778
4
706
3754
16690
15409
13022
23202
20254
2190
13828
21677
3796
19102
36959
19264
18380
14355
11620
26037
0
19374
6596
33014
43910
46
13378
18948
13472
20808
20582
14304
2811
16927
32952
2506
22166
9306
11657
13868
15926
21550
17732
3218
27994
1496
11992
-1
16324
18502
65918
16930
10
17626
35077
15741
2430
16951
12964
18292
2126
21643
19821
0
12256
11964
17190
10667
18746
12194
8466
34082
14568
6064
5679
29952
13730
15687
14031
16376
0
10060
18574
7196
1360
6642
3518
32522
9867
20334
13984
11897
192
3780
5640
-1
10820
21018
18402
17261
1736
5417
-1
32122
639
9112
1528
12864
1426
12390
3064
0
74454
17532
6904
6108
28066
21310
21697
17718
38282
27174
3981
13484
8741
9217
7610
14314
1995
13857
14512
6830
1375
14339
7854
9912
11322
15348
15136
10762
1810
30166
6227
36942
3050
22757
0
10484
3308
13392
-1
11162
16201
32814
7
49352
0
25766
16037
13719
1312
6647
9482
3868
17408
8362
17743
10926
13366
4002
16176
26338
15856
27454
6671
16624
20458
14743
38026
17865
2942
32675
4680
76842
21725
81500
16296
11587
37430
12158
3730
3307
16386
1943
17982
11480
35647
8663
18646
3
13361
7300
3742
10895
8711
16882
21792
15976
22674
3996
29000
16871
2858
27518
26918
592
8708
4296
0
19976
22511
-1
20296
0
25427
42789
6946
4554
6118
23955
15758
6826
15175
23156
17221
2
91118
14066
19184
16250
13798
13082
13911
7730
27364
9780
4642
11397
16689
50642
19304
132
4416
12288
2051
13408
27844
8346
13666
29742
18978
4672
12229
20794
-1
3954
20516
10153
6928
20780
28142
11104
19196
7296
51543
35998
25977
0
20864
1734
26702
4095
12136
15428
16607
15509
15554
12456
3206
6544
9038
39202
1108
20110
4717
16003
5462
13150
17198
1525
54230
59808
651
16298
10678
17941
29320
20183
54382
6644
19914
2000
14706
43626
20694
3772
443
36514
4180
15638
10139
10272
58554
4325
17333
78770
3052
7608
9667
-1
1611
34098
10246
25419
30455
49264
948
2744
11073
28480
27005
61015
2424
62782
15484
7180
48460
15738
12342
17066
2868
20871
23161
74088
6260
1864
3044
270
44596
13507
0
7031
10538
12502
18081
6933
1645
13140
23982
21642
13848
9658
8422
4252
9076
20900
14836
34518
8090
10274
71874
13256
21571
7691
23372
24664
18082
34277
7784
11334
24874
26267
8827
19318
11749
32536
15798
2788
17971
0
0
15108
550
7703
0
9807
6580
13015
1207
9186
43642
14476
0
30346
20510
3364
4426
0
0
13022
18784
16477
8194
15752
8846
24312
18570
6910
5278
8308
3030
17927
12278
51012
7150
20951
4900
27554
57045
0
4691
2
16774
23704
19130
17978
4693
77648
12971
15613
1293
7405
14176
16900
40298
15178
16180
15906
10074
11107
14870
8496
12252
9256
39112
19192
10596
2562
24640
0
21830
8081
27284
14818
14893
34032
11473
35385
0
10801
16110
2256
14446
17698
7350
23004
4091
13496
8765
17333
21869
16026
3540
22076
23688
18563
25886
24320
14129
50407
32904
7719
19702
21066
14273
82886
18880
7624
15712
19194
21249
18613
16078
22620
19260
11924
13033
2583
22788
5455
9954
9013
20585
1962
16868
0
8910
12053
4186
17301
15998
22742
15282
3943
4892
12313
9177
11089
11171
18657
14034
24698
11582
16018
18484
12466
3593
12440
30250
19138
20720
14861
14729
11160
582
4328
22610
1247
29109
3548
4520
17476
8502
3007
18588
1112
14768
32346
1505
12006
10668
5891
8906
0
17138
180
18191
8400
23525
9522
9698
28643
15932
62426
20922
24356
6146
5271
25908
5232
396
12042
18891
45656
24008
17470
27562
20676
11358
2713
4228
6177
15014
19396
25084
8114
17018
32652
18217
18113
14039
16556
12228
23046
14222
0
33960
10820
-1
7440
19069
24062
636
37996
14071
20649
17271
16120
13186
4247
-1
5224
25449
-1
16120
13972
19662
6928
28580
15563
22984
12439
3629
7330
12380
5806
14132
18872
26494
47126
30012
45377
17483
11370
2774
13412
21445
21970
35596
12268
12828
9122
15220
29730
77492
24507
23715
17600
15742
6105
19628
13170
22142
18968
13760
16895
9662
9768
5998
62236
7380
-1
7255
15366
29600
20726
9022
2504
9553
11636
25724
7110
45519
-1
8698
825
9220
6304
26631
10486
7866
16052
16023
19665
23267
15698
14126
9984
19036
11451
24928
15140
4890
54148
10833
6545
13230
1248
22076
19679
6788
17926
88654
3408
4116
29232
5714
1734
25914
9943
4934
28086
2338
23458
10560
7436
24520
20701
22616
0
11928
65290
25135
11604
0
-1
17486
17018
9198
142
27522
116
26206
14650
56286
23820
11859
3896
7476
7146
18532
25890
-1
15938
52804
17910
15868
9666
1332
19726
12762
29522
14895
11374
15500
21640
3506
16580
21642
38166
45920
230
15908
19680
17192
5886
15124
24324
252
11306
16631
-1
8139
-1
19750
16667
366
16302
30882
3477
50804
12020
2872
3460
19959
902
32820
24424
20466
13164
22816
23282
3996
8822
29615
18288
26916
14460
12644
16316
6106
61630
23754
38368
14832
18160
14579
17582
10704
6294
35394
9476
5215
10376
108
14611
19696
18661
23066
16728
9168
12807
34949
5268
16969
0
13256
958
8385
916
5317
15652
26243
15030
10072
40710
15276
25187
-1
9636
20886
12598
14556
20136
18260
19847
18012
6790
25896
-1
1922
3037
13326
935
3532
13401
2776
11795
17
21312
8346
2253
18682
27720
0
7480
-1
0
16222
19126
13975
4680
49246
15799
11171
12904
17268
-1
4364
19357
18266
0
15619
12737
1636
8594
39026
24828
16051
5696
16792
11073
17136
0
12022
5114
8138
14984
8290
16845
4844
20164
11409
10230
13709
22118
0
9624
14300
33752
19222
84
16996
16836
9588
13090
12653
35814
7226
28304
2974
40018
13457
28756
4182
12466
6530
9895
4988
22408
0
28125
4419
45014
45941
30814
-1
16431
1014
14728
41586
10911
13165
18453
19424
3019
16398
17650
13877
30502
154
12024
9129
20722
4707
18506
22392
15052
0
33358
7903
25661
36608
2356
12828
8704
0
17710
15874
5584
-1
63416
19523
16160
6682
32219
17462
18630
32278
13072
13919
0
26678
32146
28852
3822
1974
0
17036
14108
6913
22259
6050
13772
25590
17954
21746
9968
3908
8095
754
18972
26764
10312
9324
8860
11066
2760
16306
40173
7895
21366
17109
40626
18329
23646
35987
24867
5434
11062
7962
20900
13497
2052
8
23522
4152
16696
0
34946
31895
13520
6116
15552
30414
22944
1934
1724
26050
14402
14282
-1
15181
26740
11302
13956
24480
24102
17708
11568
11346
13938
49020
9459
50110
23882
10414
16093
7178
20576
6816
10728
19072
1944
20142
2438
14298
18914
15111
23016
15558
7862
30344
1196
4936
30990
10866
26808
23615
19894
0
0
14930
18160
3242
8704
14086
14749
27068
39987
2794
15034
13283
19824
30958
18910
18915
1422
21982
544
17256
15965
16838
35842
15226
6912
42292
0
16785
16358
5951
5806
7111
18164
37038
34508
10562
4320
21088
25534
0
15443
21440
18982
1840
16229
9717
10304
9702
11911
17507
8233
30570
52732
9838
17442
20716
32418
0
1967
21864
24218
13431
9170
-1
30064
63262
16490
32720
5637
16055
15615
0
0
9376
14002
18010
14952
4140
18342
28720
17590
-1
23897
25760
15040
25056
26608
15448
15564
-1
8468
1600
16738
-1
13472
17156
25866
66552
19562
3984
17974
8922
9595
16714
9514
11956
18848
25364
2804
6168
18104
14976
1463
3462
6058
1110
5665
7557
12432
27264
15125
13303
13629
15192
-1
27620
15506
14632
5348
29716
11558
8952
22564
0
560
0
13244
23884
6902
7377
31458
80738
21172
18070
6622
22701
12744
25244
9538
10191
8610
15552
10736
14181
10440
15153
7512
22638
0
3816
9894
8702
4288
4899
7364
754
82874
2329
40
4727
-1
13638
15672
23886
4032
12156
13615
16222
4407
6873
23077
12876
27336
6796
1760
3392
57846
17272
5898
15994
18224
19421
16839
21819
16334
20250
6084
24128
34529
8422
1525
20610
13116
0
13846
14678
19812
51262
12834
15350
10768
11894
29743
12168
18273
7868
6025
22282
22018
3640
17785
-1
2900
7490
4502
415
7076
13284
14676
56830
10851
5326
11883
0
37936
24564
19343
736
25678
32880
4102
37432
11828
17648
13736
15712
32696
28286
24822
16072
24968
26585
8268
6434
16864
11518
5876
22752
10604
18064
12575
17605
12832
12706
0
5804
36562
37692
18383
19214
11281
8602
29086
0
12756
863
13944
21401
13622
9402
14634
10058
43371
7218
4154
12948
5290
24654
20782
38583
15602
64655
19108
13714
20798
9995
-1
10457
49722
23712
-1
20024
7648
4152
15926
19784
5300
6534
38779
10442
3658
3032
19524
38345
7097
12164
2934
13820
12903
7182
0
11380
37816
11090
34450
265
12324
13495
10293
22830
17440
1352
8786
23724
16666
8272
14517
8372
16345
2389
11380
17928
16852
13808
8114
16241
1774
4636
11874
0
-1
12368
103
20194
8198
11000
4
1322
9523
17353
42831
54032
13151
21518
9528
22474
1222
14804
12266
2992
37281
17532
3780
3064
50386
45292
16870
1956
20654
141
18494
10985
19392
16530
11082
18864
2970
9854
18244
49580
5778
47744
8438
42638
26864
16114
3140
17340
16860
18763
5783
12812
9688
23092
29212
19498
16710
9773
11258
16
26517
16179
2508
16646
-1
7058
20189
34680
12524
0
5178
1721
15182
10399
1880
15976
18522
10066
7857
-1
21080
11872
39850
34840
9161
23594
8979
13406
19243
17896
628
20193
22777
1074
21250
19361
16820
51130
8132
14804
4938
18795
13238
766
12857
18902
9478
24410
15948
8075
31962
83714
6016
21474
17806
10169
2947
21037
-1
10464
14168
-1
5988
16092
3756
36637
8252
25736
2777
17622
10018
7292
3680
20076
175
11170
4872
15422
18448
10664
55350
13796
1298
11304
50908
21737
13018
13023
-1
17191
17182
39320
12218
17964
8426
8754
22860
65225
24674
2616
4710
50368
12654
9154
0
12756
0
13154
5518
17937
3979
13022
19304
9298
17478
0
30381
8062
45446
14484
15984
20666
54448
9550
29873
17530
36415
152
7427
26246
19692
88214
18670
11274
11400
19077
21156
9346
19076
12421
14094
13723
27987
5402
9378
8011
18865
3216
7096
17032
14138
9276
5465
16411
19331
5431
10634
5812
37575
12031
16233
7706
0
4620
19988
2450
14788
8192
12428
5134
15780
25626
4594
48088
6690
36590
18842
17586
15608
3644
5490
25579
17164
16824
15224
16606
7251
11852
10426
18414
30304
12576
10451
25568
42452
-1
38709
20793
-1
15624
33598
12115
27878
13622
13294
1976
8768
5318
8489
17940
14386
7798
3
25174
4942
-1
8265
7558
12116
4615
10
18508
12431
8998
12690
0
2680
21526
3834
26930
2486
20980
7822
26726
3565
19979
19918
0
23342
26102
9292
11362
114
13588
4320
13126
2652
14734
17368
24358
14398
16368
17760
51054
22507
22550
28466
52926
28222
572
14632
52386
3004
0
21739
89536
5722
23162
3870
3088
24454
463
28792
5524
16512
15477
61148
16274
16944
19708
18622
7812
2782
5146
13236
18986
-1
0
16236
648
15743
13847
25036
11746
38258
5868
17515
55250
22816
1666
7010
16864
14524
7308
12570
4178
15798
42521
-1
15512
90166
16158
17398
17242
20020
4189
26782
18291
33718
4818
5436
19918
9175
2
1488
22126
2238
4
13906
14186
8491
17361
1295
2238
36925
19379
16788
2816
-1
15658
8554
14483
20658
2080
324
17924
32192
18048
14560
7646
31250
5827
12920
848
9109
3125
31439
15131
32408
11403
17154
46812
11066
14
25165
84674
10959
9773
7073
5055
4789
21586
37124
20762
5572
11943
6667
10434
12036
11812
16758
10030
6227
14361
2936
2956
3760
10820
1652
31533
14668
-1
10493
11695
19741
3580
7268
1420
16330
12270
14712
29782
17275
25978
16868
4739
8994
8757
3662
15010
27328
14604
16319
2068
-1
5442
20468
20206
14104
21576
5100
16754
13591
11762
0
15468
6768
7200
13042
45952
12980
48470
6110
5040
9916
16079
13402
13157
0
30119
13010
5261
8504
12916
17132
59001
6614
0
9548
14870
16914
12823
17148
17092
30452
20790
83850
27611
20636
21732
-1
11981
40918
16136
2087
18994
26923
17288
64213
31043
24022
8246
12996
14700
15479
7448
0
13238
0
19303
13255
28948
11039
3346
39949
8775
2836
35701
16850
14918
14371
5222
65379
11616
10145
14678
12292
19880
10524
226
30868
20281
25609
11712
10439
13810
-1
17308
16044
12868
2402
26676
20630
14492
15722
7270
8730
9751
16005
11954
14342
15254
31140
10908
6602
7940
6900
3352
9670
41268
15864
8872
17178
3260
11852
59431
16870
0
13243
15378
18202
12208
26254
11252
9232
3711
19342
11200
3908
11740
3884
4196
36252
8726
20782
39452
8590
30565
2650
9838
489
8610
6396
3765
8999
3854
42160
52728
14347
28990
3020
70352
8279
43206
-1
20819
6971
3801
16072
28156
4516
33248
19912
13309
0
5922
7729
37039
31330
19352
6642
10236
20642
10492
41380
12798
24114
13451
9430
3072
0
31025
12434
7454
8854
28610
3802
10818
27080
7856
12375
6
14856
2169
0
15405
22052
-1
16004
2
9931
5836
12616
38250
16739
37470
5266
5070
16006
13228
31670
8817
2033
2330
0
11016
18464
4352
12510
16108
0
16552
21074
23614
38105
20528
70784
10592
7716
10693
17398
22902
8768
59174
23828
36768
43849
24923
10304
27788
0
14978
7552
14864
977
4430
792
8842
24093
15440
17387
2632
28188
10384
0
9496
16498
15192
2868
11426
13424
5036
86294
16324
9302
11294
26919
28728
3872
41192
20667
17562
7737
5024
5734
16964
23740
8817
3692
15926
11118
22846
968
14886
16936
16890
2182
16663
15804
6577
774
5504
18004
1434
16910
6230
11540
3534
16520
2709
16279
25313
42938
15645
22031
16955
11652
5806
169
2118
8632
7086
31976
15753
17139
11664
44209
6532
38100
7679
5241
16487
2918
20460
18591
28537
15497
11638
19707
37213
3520
11978
8464
3029
20919
42702
17806
25450
16510
0
11415
3416
30342
9888
31434
21584
10845
20097
21682
19030
32367
9918
9816
19329
696
19563
15590
22458
21150
13280
33426
0
13279
18206
3092
10727
21216
7440
16398
14734
20100
14471
43988
53642
7837
7182
-1
1
23047
5042
12190
10420
10336
10744
2356
27978
5558
3073
0
15903
17686
2728
17406
21074
15400
12148
28238
12754
19138
46660
8603
2434
13680
18258
9809
7318
3496
27536
27666
15528
14496
3186
19280
3320
14379
17962
19825
19408
39454
19350
7928
10684
5910
2844
14146
5414
16470
53523
12022
12828
12910
3584
17194
4244
17534
24778
29397
12566
-1
3880
1942
58195
28080
19082
12043
35564
13025
16594
8056
30806
27828
16208
13616
-1
874
17265
18066
8961
17692
8480
16552
22866
18854
26500
19676
18980
7335
92002
-1
17806
76310
2
13616
3904
6564
5422
32376
9096
13706
4188
28584
7702
11484
32328
21068
21795
10286
10798
10008
1428
21490
3086
11932
6
47928
10552
19667
17277
10212
14340
30224
24314
0
20808
6872
36005
20426
9698
24342
21442
35056
7060
11143
36711
30189
13771
14449
15353
11488
18048
9844
27570
18262
21368
14430
9658
15272
28888
12272
11524
24582
2952
16628
10518
23656
21930
16113
12970
21154
775
26134
11718
10656
20284
30328
21314
15946
52803
17956
10763
7728
14816
53779
11880
12598
24528
27768
34129
23346
16682
9502
13998
29834
1200
20534
13132
17202
11460
118
13074
12188
1222
4162
12184
9730
18146
10742
9564
4204
10767
19619
9958
12743
1
12612
22559
518
-1
7950
40305
6218
10205
-1
25038
3803
10038
18520
352
9465
2098
13174
12928
16504
9700
8353
2
3592
12517
8816
16730
19067
28940
14365
3352
20552
18986
21410
16720
12442
13784
29742
2978
42488
590
5552
5504
21336
4
9678
10124
2
27858
11608
14882
2487
27022
-1
17331
50776
16043
1173
23892
8082
4201
0
21098
15681
21554
26644
6874
680
3200
17734
10282
26615
11396
19362
8624
30152
15152
24070
35630
15292
14784
9244
2392
34734
9809
11588
2798
28432
19273
30292
18198
19187
578
27665
4950
14210
7722
1749
21500
37926
4
15722
-1
23184
9296
0
25598
44771
9612
14874
74594
6815
3516
26573
11998
23418
-1
10360
8734
15211
18275
20994
4094
12882
6942
17194
19628
10088
4625
25602
18884
12024
31624
4387
18892
13816
16038
20690
11348
10604
17844
6675
19846
11638
-1
4289
13593
35216
13564
13444
6705
2544
26316
0
685
0
10540
20364
3336
9497
14536
23940
1792
15827
11494
88290
6476
-1
29772
13812
10034
14812
19410
21205
13646
0
4702
-1
7151
22198
18208
6012
9434
63932
1892
15175
6832
11626
4766
23737
17550
17924
18843
21486
31486
22556
15128
10986
64234
13260
-1
14354
25864
4981
54932
12162
22226
-1
16388
3330
13840
14992
4858
62775
1714
3918
20206
20909
32818
6215
8330
12088
13462
41382
9305
3853
0
8966
6002
23488
16538
20971
17633
32964
9690
2183
31333
31112
4943
15736
3069
17866
14956
9534
32418
1629
15130
20974
13962
-1
22242
15660
26340
16464
35765
21044
24249
12104
41722
24990
11138
16082
11821
16864
13738
17982
91166
18151
15858
28840
19688
35576
8897
3328
13389
20912
5180
37012
7838
6531
2344
8446
32646
17158
18712
3860
21841
16657
1932
44406
0
16910
47174
1432
2894
21107
6045
-1
3597
40
17052
1883
16247
22543
20347
16067
13594
5832
29719
4716
21609
12542
11287
20968
1834
22392
11426
2126
2364
31646
5978
25631
22451
6358
6378
13326
2405
12750
16172
4495
86774
19010
10540
19052
3574
14388
10452
1188
14342
3418
12980
10773
10788
16893
0
16529
0
2346
29578
5548
15332
6004
6881
8645
11814
9053
15891
22258
27885
14124
11380
13510
5351
10318
25975
8700
10774
22294
1441
23752
26880
4
4560
7192
6758
25778
10334
12478
18200
16816
15384
0
3800
5033
7444
26546
27796
8744
1709
8614
38456
4265
7500
6184
17450
17866
6669
24184
59927
18224
29658
13898
7024
2734
12922
3498
754
0
19223
18425
13764
1867
11536
2558
-1
15367
21086
8
5132
27798
19806
3636
27124
13872
22251
13916
19209
0
6298
12624
2690
268
15671
5309
13716
16886
119
46904
13439
41869
7142
11748
50644
23727
18858
16534
5640
39510
19620
5386
8743
85378
42426
14748
30002
22600
17554
7705
16944
17132
7156
22956
6777
-1
12954
21934
28564
26090
10750
13198
25022
850
8270
3378
13805
21600
3308
12860
3504
6135
14457
21860
16184
-1
23998
3088
49342
32182
23958
13374
16980
26785
30296
11912
11750
19459
13975
42130
10166
8790
29354
4738
37346
58738
35528
5343
19128
36315
4338
0
25292
30538
18384
-1
7362
29176
19833
15958
6874
5854
10122
11402
6476
0
7608
18138
19077
11706
22356
2936
53564
7220
10388
3544
12353
-1
15474
16402
36252
10862
10384
5745
9173
3372
13608
34982
12344
5152
7436
3486
18865
25662
37856
11970
5985
0
54922
14084
11182
16972
12014
2667
14120
15503
21541
0
1588
20105
6700
698
42244
37186
20274
12
24846
26779
15430
3930
7856
16384
78304
16116
23200
11846
13804
4964
26364
22580
23978
15676
4905
36214
8887
4000
22465
2176
1589
11376
41414
11901
10032
1545
13538
18183
13955
9360
4884
14110
32636
18741
18610
11096
16508
16392
17138
11334
35103
346
20058
19608
0
43072
16156
16573
572
8880
3714
11372
12484
19466
20649
15982
16245
6
27632
14712
26632
6964
158
13258
-1
9681
18642
7480
22064
26936
23556
8485
6572
30878
17396
3732
4262
15606
30756
22958
8746
21455
7946
7958
22659
18184
4428
6340
18284
35756
20315
55536
0
15845
12612
17772
3556
65182
-1
3184
5998
38778
22406
36988
17400
16308
16653
50786
22448
14156
12520
19240
8753
25782
-1
17469
25319
25650
27100
21294
36726
22016
2418
9475
2894
5872
9671
7620
0
11464
84500
5382
22818
0
16943
11224
14980
8354
9902
3876
18804
726
0
16946
4260
11851
2912
24216
41374
7786
8783
17333
13218
17324
12630
3485
14020
15830
12524
23341
13798
8308
18658
2642
14920
46166
26757
10656
12858
10213
17784
69822
26542
18286
7482
22262
0
18634
17080
1800
18806
9394
3204
22082
13861
55596
17724
11756
30067
8795
4638
28794
86
1667
10296
20732
-1
7245
15932
19127
11242
9846
3450
11434
15443
6680
5899
5060
2485
21034
4909
17176
17544
2554
19339
17362
15464
29158
30436
51500
15148
15274
5444
13848
27034
2453
14591
50911
10488
27190
10380
12703
6032
21216
16703
3842
1162
20653
19508
0
12327
17242
19502
20511
4725
15944
38976
1094
0
3640
8834
13433
11700
15720
10802
18732
15784
9396
8584
21998
5436
31820
13936
30654
1958
12845
5494
0
14436
7788
1526
972
29874
32060
13112
19661
20360
25857
11508
28838
11149
6107
13678
16382
3982
17818
7855
2485
14032
7350
5146
11873
4972
6600
7849
4766
13978
15245
25326
1044
20516
32802
18622
38860
2738
22762
15584
10086
19870
7830
22282
14356
6064
8692
21758
31126
22888
-1
30444
8220
3213
62
33163
20860
12575
12234
21132
19052
11649
22
17345
27224
17738
32659
27263
-1
3644
21684
13054
16380
24366
51968
0
13336
16874
34176
4062
22949
2572
14976
10991
17634
14428
0
5042
9940
17920
5076
0
5209
44258
20868
14142
1950
18573
9402
5626
3400
7730
16635
1970
3222
34296
9220
3800
9672
1922
4416
0
26707
14454
3428
48198
27350
3100
9073
21462
25002
32736
45272
12414
25640
20248
12898
13704
2416
13776
10298
15245
11537
13443
22589
9642
7272
75496
-1
18064
22742
16754
7555
13912
2310
13738
5302
17423
17979
13962
61015
16760
0
13154
23900
29550
16352
14991
32298
62178
30046
48544
1130
16293
20664
20510
801
16658
6871
8928
7667
10992
2473
22374
15190
20015
0
15986
14166
1242
6290
3760
4662
20288
29787
16221
26080
79544
10979
20054
34108
2898
17194
75302
16234
19386
18778
38926
4848
2724
16221
15496
10222
23748
14904
20208
8225
7167
2464
0
17274
26808
3948
17716
4463
10754
48692
20672
15295
8442
15302
24990
16326
10246
17896
12082
22728
31142
9504
13220
24673
12706
9373
16748
-1
6292
15996
22867
90010
10096
28915
9222
7755
14464
1947
6992
2535
12074
28202
4590
20642
325
8880
8072
3223
16152
15495
28128
14391
14366
27640
25270
71
59319
1806
24874
18684
7196
6015
29788
23084
6598
19723
14464
8758
10215
5170
-1
6724
21070
7150
19122
37342
14340
15992
-1
17892
20312
51234
18793
0
6891
2838
12722
21117
21180
16879
13802
26890
1952
12606
21478
20534
16800
953
5480
15045
9328
11820
16598
64012
16162
4
16358
9335
16180
32220
15523
11315
9586
56758
8383
33126
0
-1
7976
18966
-1
12552
9856
16222
14828
35108
9773
15560
55028
10684
26070
6372
16445
18561
2196
13462
14038
18546
-1
17642
14764
17586
9008
6732
17782
37356
33638
11082
11278
9710
17328
18041
8822
18420
28615
0
0
0
5469
20976
29918
-1
6768
10704
14396
19429
38870
16564
2910
14428
16928
12294
18625
18151
26118
15454
27822
28154
13918
28840
35901
9220
21239
75166
7138
5983
12082
45005
6330
17566
17800
14250
36015
17200
12695
18028
20706
16469
17943
6962
11034
10966
14664
13256
37557
2788
9939
19564
4998
4645
13394
55211
13042
16526
13250
32822
9920
7292
2112
11652
14070
6616
9798
17433
12749
15427
4930
14136
8618
11210
19082
11306
45919
0
3917
10939
5804
2006
1703
8864
306
12368
0
12988
17166
966
12862
10778
15864
8898
17708
151
0
-1
13950
1188
32942
61618
10862
79922
17670
12748
22544
48973
18540
12042
16111
16612
15900
12555
7606
8814
23646
18888
14820
2
10831
6323
8882
20909
18262
12404
6287
59232
26890
9090
193
2780
23794
3316
4093
15166
3192
16871
506
6936
20206
24327
12026
3368
21688
13950
582
17370
21321
5280
18910
16625
11252
84652
13255
24390
4
46095
25693
18134
3962
12886
9084
20171
8890
38654
17972
0
4394
14325
14554
24839
33600
21947
5400
23406
17530
14389
3015
26561
9738
5794
12363
2602
16876
598
9246
13275
14702
32074
7390
11395
23152
18014
29480
17967
20945
23234
7304
13832
15812
15422
8462
8090
19606
32838
9236
-1
6957
48820
1944
6442
0
5228
14227
59252
65452
8148
12774
44680
19135
7162
11026
39556
20004
15208
16203
16281
15592
5324
10410
21863
4635
15020
25941
23761
13888
13484
7774
33953
20242
8782
17770
10961
17070
20521
8248
5704
11847
8558
17374
16660
12268
6218
7214
87662
34668
18220
2584
4715
40040
16628
28980
17125
16221
944
7417
5506
4323
82100
19678
9818
16332
31656
7704
13708
24536
12372
27886
19116
19234
27174
10660
27822
13434
14777
15626
14460
10427
11100
13358
4002
17710
17270
2240
11053
2057
13834
23161
1700
20031
16998
36744
0
252
16098
778
5518
10573
16312
33324
34430
6783
9401
19712
40578
16480
5988
16605
10320
37696
18589
26136
16364
18952
7504
21695
17912
0
4959
1308
22274
9272
65584
6542
16486
14614
10347
12599
64368
0
21370
1282
17147
14212
3428
14830
9562
17954
-1
21631
28552
16737
0
31472
3316
13471
6940
17474
52886
46124
18344
12872
88388
14884
-1
8777
19899
7404
15008
22600
10846
13018
35660
16140
28902
24770
23724
2893
3908
9292
2854
2444
-1
17024
8652
19534
14762
29392
10391
22990
11822
3354
3155
37556
10545
13080
25821
29320
17789
13244
12682
3298
19764
43346
21248
19368
20122
1348
19838
26290
22194
27294
14339
1606
5178
0
13278
16358
6428
21412
7106
17498
13300
11948
12576
16112
17784
16392
0
63484
7954
15332
13179
11245
23455
-1
6578
3270
7000
15626
19734
28354
16432
16600
18504
24331
13270
13690
7051
7853
35407
19256
15773
12012
6596
1389
1426
767
16953
1364
3785
24128
9300
46613
10409
23450
-1
14379
16122
14717
10316
34940
4528
9536
26649
14330
7032
7054
37654
5242
3483
-1
-1
28670
3558
14184
32803
-1
3172
15340
15796
45526
14412
8125
8091
22756
18535
12920
3318
1624
14013
2555
0
15886
22130
18276
9506
12266
-1
6420
16794
10294
17871
19355
17426
1061
1880
13078
25932
32023
11522
11554
61399
0
5268
1983
24340
14522
11237
3172
1524
0
11052
20324
20778
40622
3230
21638
12613
18766
13148
17458
9806
11468
12824
17502
10168
17586
7132
-1
6082
8384
25907
10648
12816
12596
5310
13067
3073
17820
64928
15266
9083
28361
27484
6968
29682
0
9386
69814
39563
1568
17035
13117
24978
25596
16367
18310
0
2
14972
12820
5234
7722
18089
5334
5648
23147
4996
15966
16412
1936
166
5684
3630
0
14048
16200
10337
13074
24200
2646
4588
0
18701
16016
20860
1382
5073
7770
12108
13540
924
19217
39387
13591
1708
16030
-1
16606
-1
0
13231
15220
16215
7791
69656
6424
13781
7266
18206
18286
3412
10028
13822
7499
3592
21843
4470
-1
6225
4964
6139
24400
14188
17160
8765
25183
18170
5954
20122
15940
17455
21852
21168
11864
18179
15959
13420
15162
13276
0
1026
9857
18465
4084
25372
9703
10538
26738
2545
25
81766
5490
16280
7082
2850
4118
7246
13070
49027
2860
27849
4682
-1
20046
38556
12856
23116
39462
52522
52989
5892
40230
7856
8791
28050
13418
20312
14852
10652
36020
6949
14449
9982
1282
26846
31984
62023
6291
11782
62864
17070
27566
32350
15829
10828
-1
40126
29492
3873
680
1462
30797
2891
39752
15016
33334
18330
33988
1319
3506
10362
9216
12
2317
3072
9205
15270
13384
48048
2804
26293
23118
16056
15760
8740
13901
12114
14970
1875
19200
14512
14372
19221
688
6449
-1
29091
25302
27318
17888
27164
12903
3567
16110
7212
17563
2186
9874
2395
25652
0
33440
15212
2869
10421
15776
14679
7434
6778
2853
10362
10335
11320
20893
14729
13088
26189
25512
16088
16774
92
18177
2800
17902
11721
30977
13622
8536
904
16473
46320
12981
14848
21703
0
695
12820
27332
15426
8119
9658
21538
1498
21700
14586
21276
22566
24588
52406
15792
5327
37828
7663
13856
46136
14244
10673
7753
19053
1102
17070
4126
1249
14966
26272
34148
35973
4698
2612
11426
17208
15180
22350
1988
21790
3322
6960
3903
88686
424
12770
4306
10474
1878
15200
18816
15768
18649
32148
5983
6633
6678
7786
20835
13760
-1
4898
13060
14706
16127
4993
43710
14930
9092
3564
19134
14466
3775
9350
14302
24790
5910
17676
6098
17362
43694
1524
5214
13822
23306
20324
5177
20000
30415
4194
6112
2114
21142
28872
4292
18819
9236
17138
11038
5838
8420
1910
14291
9739
11274
14318
31151
10092
10433
14809
7996
36296
27754
0
21334
123
5306
80372
16930
18172
30941
67960
11254
10812
-1
10920
11730
5227
8820
25734
8496
38482
12690
12870
4242
34316
25526
31190
11752
18588
1968
9204
8164
7885
6416
17316
19102
19868
4455
9392
9036
29924
8239
13922
18410
-1
9979
21486
556
11398
24858
11010
19692
18844
18673
46684
6272
10339
27702
18355
13987
11777
3896
17726
13036
-1
6061
10143
33864
15023
29776
7820
13992
12078
0
1992
5306
12002
7004
5878
30890
12336
-1
4
11731
25432
44118
59034
0
6
3956
15834
28198
32107
11859
-1
58704
18648
10872
17496
19035
5479
0
7500
10809
0
39378
17468
30519
24673
48732
7784
21942
16294
16248
16424
4300
15427
1492
16120
11028
82710
-1
3542
16162
17762
2480
11785
6
9426
25878
27600
28754
16743
11273
6715
57867
4114
11889
12280
3764
17191
42876
12498
19846
54923
24330
17254
16622
21322
12749
19188
25099
6678
7304
22604
32154
16171
9367
24384
5664
2
11262
2552
20552
3017
19323
28180
6952
17713
25384
23126
9724
17859
6790
12604
4997
13160
23758
20688
42123
40316
2872
15628
-1
24877
19137
5724
18465
5337
4427
7978
4820
49582
15399
4301
1044
6290
31624
45912
20098
11806
2442
78490
15926
22496
6668
11623
9850
18226
5696
4064
17168
36661
10588
29495
31384
17715
13316
30606
19716
21563
16952
-1
10840
21542
13954
11117
13058
16038
18058
14017
16936
13510
16598
16686
12122
14216
18036
10740
6927
347
3578
12300
4358
16212
5652
11528
9626
15824
10463
0
37332
12
21706
12212
5944
2427
18412
2276
31345
2024
15550
5475
11352
7024
3752
15284
2012
22180
13345
15755
6409
24270
12175
21870
8471
10851
13782
27776
18224
4100
0
0
23418
9365
12988
6280
15440
5628
13582
17790
6950
994
16908
5958
19848
2
17068
28350
29637
23094
31594
20798
16072
3812
36294
0
30037
-1
19872
9446
24406
17102
17633
0
-1
7990
0
9307
5402
9854
11456
14931
15302
-1
17055
19290
13478
6139
0
18738
39824
-1
15405
4382
0
20982
13285
32519
0
308
14738
23780
39611
23278
12299
32048
75992
19240
5670
16902
24672
39645
12050
15055
15526
38426
3975
3009
18286
3954
10882
13786
13734
20667
24780
24470
36598
23728
12362
79796
5964
12192
7
2686
26332
24150
9956
17693
6062
-1
12827
6156
21440
4564
7898
7754
11620
15156
46084
11832
26800
14412
7884
0
34826
16877
7337
27281
7571
20482
9910
4569
10765
34086
12314
31348
8238
25916
2702
9510
3988
30910
6383
13116
7460
9148
22042
3241
14281
17080
27774
25712
19936
9482
81906
1931
7432
0
22746
20435
4308
9875
15838
10511
12037
30486
18940
20948
12387
27340
118
19682
14706
4934
0
6754
13192
6534
12073
22929
22786
11832
6118
2004
6345
8514
18554
30090
8004
18606
3492
18886
20968
27246
11750
19226
13151
3614
9691
21912
8816
35886
9393
0
-1
1364
36329
12721
26767
9940
5561
16074
6093
26874
43604
59340
38104
8064
7718
10680
254
20236
15294
19950
3821
10318
33308
12599
30546
13070
-1
17546
5343
16040
17374
13597
5123
12908
25317
10070
80980
13713
15058
2967
26827
5166
17530
14576
26742
34884
15054
7138
11625
16840
15978
14755
9215
8576
5944
0
20866
45288
10546
19948
1922
3858
8638
8104
19008
8914
13927
17146
12351
39917
12248
19269
23402
5010
956
32312
7562
17328
12158
12902
22462
2155
21274
5062
6809
6171
16180
13971
14816
11878
32989
16298
12874
12784
18184
17132
14380
9612
8094
8146
17782
24979
5420
26434
12744
25574
22112
20904
21208
1
4724
18181
18430
738
4661
-1
3504
23170
4970
19262
15966
8630
17940
1038
13296
13440
33020
14632
10748
11154
12600
13325
15452
13472
15425
22497
4426
21446
6332
3544
12454
11680
9958
20624
41324
20985
23898
4186
10153
19746
1911
2954
37712
5670
9632
-1
90700
12198
20855
0
15584
34130
780
8210
21458
5608
18610
0
15786
18410
8258
31302
60957
6356
3059
20222
25044
8250
18512
17905
0
359
148
593
13487
48640
14374
12696
17636
15377
10242
20086
2870
15725
4444
7026
23466
3936
16912
15042
19852
34502
3420
15522
3158
38858
9952
11826
8951
564
8701
6915
19956
1596
4754
7742
3472
53017
5964
17752
27422
15215
12216
20534
2
12810
14310
19158
5950
13139
16946
12285
9818
10717
33631
76310
18196
2424
3984
21590
22102
11732
-1
15536
24110
26404
29150
13066
20266
9476
1044
26870
21929
0
6954
26126
4246
40214
6159
14968
30591
22425
53175
72370
19964
16552
1844
982
25433
18888
22362
1585
53042
13102
21492
0
18914
10208
8948
5433
8092
25271
3554
19218
21730
7052
14542
1912
16678
13511
13966
1560
6646
9028
11238
8355
-1
1553
9979
7354
11776
11881
4970
994
12722
18082
15490
15070
35828
34050
15696
24235
9953
2
7386
14528
15246
76
0
6723
21574
7473
6570
25071
31307
15690
41197
14820
20086
19080
16916
4668
0
10535
7516
31004
3288
21646
19638
9896
24872
27449
13929
8598
17523
51992
5031
6717
25310
20679
14698
6853
32848
3994
9668
19769
17144
14634
13407
13120
17828
7730
12330
48674
14536
10759
4
16070
219
4456
22578
9312
14446
0
4808
1970
4404
256
17114
5251
23655
11954
7820
84940
0
14875
37679
15712
11139
19462
9480
8668
3230
49690
10005
15826
26399
25576
0
14740
29140
34770
13252
11059
21862
-1
6135
33716
30734
16306
14542
3722
6278
19490
4824
78878
8926
10554
3778
8816
2054
14045
57593
26044
17116
3858
3886
10638
19017
-1
3392
17490
5976
1222
5206
4434
35460
12366
21564
8206
930
0
13514
7846
16339
16536
14176
5483
3992
14758
7729
23390
24146
11594
8300
40718
21898
21830
-1
14244
39999
21585
7504
12381
2036
16179
6812
3154
8820
27778
27742
80
2718
2942
1986
23513
26154
1258
14266
29336
3074
52218
35164
2347
21802
12120
20240
15087
8834
576
35350
3306
19952
18268
7604
10166
4
30772
14094
10980
49568
15642
10808
27927
10616
17198
72852
0
5256
3464
9838
19557
4820
34582
6502
5
45171
15622
7900
14406
12073
22738
13760
414
20092
19038
21801
62342
34703
2404
8668
3690
3300
5226
14708
2915
13516
1968
26752
39854
0
2901
5325
7308
16774
27077
16173
17434
9571
27776
4510
63560
29406
17163
14793
3296
12134
19964
14458
22677
12818
32595
23930
28524
3160
6175
4392
12778
8014
16757
21148
18474
7978
19612
26607
16516
11887
11574
91412
20390
15318
3517
7928
64
18486
12156
13326
22042
2694
9344
3609
1804
18022
16126
13787
18119
19168
12375
4
14840
10552
11248
5220
-1
0
2076
4166
12222
11158
16310
21994
17300
8310
4776
9044
3056
7118
36452
21649
3181
15726
6238
14190
20878
6626
21427
16238
15208
25252
40538
835
17092
22224
45646
17974
20962
23079
11402
14356
22473
12774
5792
7760
16410
30698
10878
13685
-1
18246
9222
3938
7592
-1
950
28147
13164
9691
5750
25844
12753
9270
2440
21133
18144
2934
20208
17297
16797
13400
6462
845
5388
13730
26450
12860
40439
1525
14552
66022
25168
-1
16188
14982
19264
60434
15740
54818
16288
17130
21710
28312
17975
2856
23030
15160
16900
-1
26860
-1
15955
11221
16124
25826
31132
4772
20954
15529
6921
9812
0
13670
-1
21412
1599
4371
14284
24893
52686
12756
20277
41434
34718
7697
27864
6605
9618
27678
1922
38291
280
43991
1840
15426
1731
28169
20643
1298
-1
11894
18778
27380
10581
15584
18981
2010
2998
12765
25346
1187
25752
10262
39504
24210
6845
6920
140
12810
37378
16476
8280
22264
20
15284
2576
18570
17112
15078
13737
18157
8591
2620
20083
-1
11882
22292
11420
24391
15299
9848
30757
25642
4244
16009
18974
14334
10146
8655
46808
6580
16255
18724
19861
14152
17084
29211
3154
3016
8260
2164
17776
20013
8400
3414
10903
24492
16320
71632
9233
2293
40657
18496
28849
8940
5168
14312
34550
17710
24273
8398
-1
13892
3874
7169
11020
36029
27964
13466
17592
18802
18592
7744
80264
12058
7994
2879
16846
40298
18320
11578
0
27589
13082
13696
16188
4930
0
6975
6546
6940
8260
16944
21480
15557
8816
2744
3284
16298
4132
12611
28326
19033
48277
2180
0
4477
16168
11922
4547
36617
24268
15396
19380
10548
-1
5620
17416
30
1932
74140
3997
5249
6098
7801
28372
28902
24220
14087
38982
15140
43851
26454
64501
29719
3394
6342
7716
4602
16718
-1
1487
76682
20402
3156
16578
4218
5417
62493
12638
38148
0
2440
27990
10994
16292
15079
28929
17138
3772
16982
16540
19992
11224
21199
4848
2461
16862
7406
20094
0
39045
1285
7596
-1
7286
8268
1131
22164
20758
2826
7836
17190
4292
7852
14756
49400
2
15408
6346
0
9610
17518
19681
3242
34752
18163
29876
34174
15159
15660
18712
8540
19601
23533
12714
12843
8428
79112
8458
22027
14546
-1
0
25196
7771
9763
5981
15689
18898
11052
9511
8909
22142
29288
18007
15463
987
10594
18462
18292
14929
8841
0
20194
3646
8438
25310
14076
16642
31248
8232
-1
28750
16088
14438
11225
52176
13958
14036
84326
37176
14478
14958
10742
16870
17261
20764
55934
16934
12871
13227
9254
2397
8132
32598
19593
10746
12348
4466
3477
4206
15872
28076
34659
19298
15403
23582
-1
17192
13112
7214
1074
11477
18184
18694
5646
61450
17844
9885
16580
12074
41440
0
14845
14336
4780
9594
4654
17204
1116
9082
8074
27448
25781
8358
17430
0
4555
15064
7495
3324
12416
20037
12018
20504
3775
16623
19708
3582
16053
7877
76450
11610
-1
8806
24097
18360
20246
12338
4860
39901
10946
8828
26052
1316
519
32928
27510
24392
12924
5668
3392
22719
22329
936
30040
13010
17012
7650
30844
16437
22908
10316
254
14534
61
15334
6737
11253
-1
56396
14127
16095
14852
839
22073
7687
23998
20319
21826
26716
15468
2928
7876
17736
14506
84328
23092
3582
13310
3560
32897
11460
14860
0
11217
25080
1596
9552
18366
13933
12606
18812
5
51304
5
18017
22900
7734
52794
11914
20192
14148
15344
-1
55453
9252
10775
19140
0
79376
21150
0
7248
6631
6099
12792
12014
15792
13524
19773
20492
15392
22815
20259
78
19593
33358
7290
20792
4098
10084
5056
16722
14889
11864
31397
926
6104
1514
9206
6725
28
15894
4983
11414
21692
5736
7295
27304
370
0
18762
7807
17356
29353
4178
13692
20488
16668
29042
22814
17868
4676
18472
2132
28988
2248
6264
15204
23586
8262
1416
15112
21098
14181
3170
9488
13804
15933
15875
15792
14180
16290
48700
29458
9775
5034
14144
9708
17816
24328
40612
19985
12220
4197
7399
36517
24453
3738
19423
9424
18228
18880
13668
18715
13106
16023
2487
7218
17474
16401
9160
14898
6138
18680
18719
3206
1850
8018
18885
14764
14280
11240
25488
0
3374
16158
61146
20522
25454
18732
1980
80676
3452
13878
378
0
8561
38368
13878
18164
18378
11406
18818
16449
36613
13624
28662
24326
10530
27143
14448
8640
16548
24386
1870
1140
17825
25116
18408
15839
32670
14768
22828
15860
16701
12471
20943
1530
24034
16438
0
10394
23912
27426
-1
12162
29081
8266
6259
2993
8240
-1
23611
13342
15273
3802
14433
19200
20624
10262
11450
5848
3906
1542
2913
3498
10074
11570
380
0
5480
12130
0
22700
9792
872
13034
22142
19315
15548
13002
7886
13673
3122
16266
62088
6242
33902
6291
23682
14376
14128
-1
27788
18366
9345
28349
20160
4358
22854
18262
0
15886
0
17946
61891
25754
20158
19840
50620
6448
28718
23790
8264
17592
26888
14102
16844
2258
18405
30071
6494
12676
15729
0
11762
6305
24488
15772
9304
15166
29640
18467
32650
8374
13120
18871
5322
19407
16188
16874
7052
34226
11044
12563
4648
11170
12928
21552
16928
9902
10040
4736
48880
19906
17660
2128
15030
14658
29064
11426
21128
8312
11180
6481
12188
16256
19290
13422
7268
23592
5376
15198
17080
54824
41691
3019
21998
1348
36588
49990
6550
21490
6306
614
1789
3756
16901
4
40886
17515
12438
44284
7400
19006
18302
1257
22436
13870
22214
17954
9540
15408
7953
21770
5928
6762
13094
35015
32671
34898
17682
2166
18146
19172
2442
11610
21200
9612
14476
10455
-1
30048
16529
21690
5416
15464
-1
33914
2170
25599
13257
31943
-1
8044
2838
24578
22373
12668
7731
14962
0
1157
512
-1
6068
15820
18113
2890
7030
16575
0
22574
8794
33683
32118
1588
19518
6458
5197
4872
14502
8103
1304
33240
8204
8142
12854
12782
17700
12542
19480
13596
11249
82
20684
15080
8926
23197
2176
0
20960
2472
17050
15392
11898
19149
9252
-1
14424
17291
16812
3730
2933
21648
2378
21986
17121
18790
3019
16881
15444
4949
22328
4673
15476
3222
16066
13714
7146
13783
16984
24981
6928
19332
14219
-1
5475
4269
7165
9047
17061
19991
20308
22594
18304
1652
31978
46267
19547
1832
2795
38500
14742
28716
3215
13878
6696
14629
13534
16624
18762
18042
2010
3896
31359
1828
4616
0
17500
28922
20182
5559
15081
5402
21356
2122
14760
1872
13762
5072
4394
7714
19451
900
18681
5991
8457
15542
23626
26331
44172
35122
14348
21606
25262
19756
24956
23952
0
4619
2756
7130
18624
13342
23114
21517
19852
25320
8522
5649
1962
15602
11258
39745
15211
4707
24263
77410
19280
31079
0
580
19214
10
4938
16957
21860
38273
16243
4596
35246
5190
16000
9138
12360
-1
4102
11308
2866
24940
32110
17644
4232
21170
39938
21534
4318
13267
16750
15312
6666
-1
16865
5860
3069
12981
18362
33751
55191
3508
3234
13102
41188
22253
15504
70120
10100
11795
47446
71784
9461
13974
46482
65066
11870
30767
2194
26
7467
11742
23858
3233
21977
18800
18467
12394
8882
-1
16632
7646
11288
10490
-1
13476
4952
16000
23897
0
7450
79424
9823
17511
2058
19606
6836
3849
7052
6564
890
34766
13174
5564
12625
947
13136
43271
-1
12322
9636
14150
17745
22298
28515
12816
11820
16649
4924
19277
2652
81332
17789
-1
6336
2226
27958
3573
4066
16097
14707
7256
9566
84
27921
12320
17822
14370
20872
44170
16598
3714
25418
22230
21104
38886
15416
11120
21676
17302
2551
22147
14470
33628
14184
14854
8698
9946
10686
3464
447
10772
7790
13492
11146
20677
13556
13196
15578
19732
17944
1124
4
86932
36458
12638
9652
11098
3812
10358
4260
13668
28137
11352
91324
21963
11716
8230
11692
17616
13412
16020
742
13014
40125
16441
9454
15443
15590
22152
0
19710
11101
6760
20
78638
1612
11544
29934
18120
17484
24170
7956
19582
9958
38368
0
6909
6284
3129
14466
22206
19806
16365
11608
19816
5677
21534
18022
17078
14092
17366
18572
3
63776
9374
17824
13117
44940
12439
4137
44618
4118
15846
11465
19034
14232
10540
23572
0
18792
14624
15031
3911
18366
21216
23302
2308
10432
15805
5700
6246
3850
17411
14005
7058
17784
1475
3094
10980
17835
3954
10365
13168
10506
22877
45603
23712
490
10184
23717
8178
32302
-1
23228
0
9316
40292
1013
15290
20430
9
17607
323
26620
39219
4
3137
6451
23903
18340
20253
3926
10206
8894
13720
37216
14146
9494
9599
20622
2364
17546
1135
15784
20451
2922
15282
15716
9872
12994
6110
0
16436
4198
702
8654
8216
374
22430
11617
28420
17398
18362
7035
14365
9264
17268
14290
3266
62648
16359
4002
1586
27820
15836
13079
7116
1959
0
22176
6453
9190
17560
16973
17684
13014
10334
12396
-1
38254
280
6564
22862
2622
14374
7241
34298
6104
15627
26251
20790
9812
1744
19670
282
47669
24386
18808
9438
28372
27154
22111
17050
18358
13963
13130
18031
8389
3856
16072
34466
8391
11460
15289
17520
16833
5764
21900
20607
4776
6578
-1
20264
13908
87386
22944
15381
44398
4520
4076
4123
9197
15195
30078
9466
3126
8070
19169
17472
14022
15894
8362
5982
12574
18373
13255
18076
86666
13810
4292
10003
878
15503
7028
10664
3120
9854
1164
3530
23723
24590
0
23770
4134
14299
8572
17596
13053
18146
23620
16090
18102
3
8875
8470
4226
16587
109
13383
23668
14726
1976
21907
13671
2256
25936
12747
2596
24618
6872
20478
-1
11009
15082
15720
7158
14402
1680
10043
14426
8056
20354
9819
13516
60622
11437
13424
16134
11374
16398
18672
14408
13834
2270
15117
16254
25296
-1
17837
24584
3589
2809
19258
18503
4
13804
4273
16770
21094
1696
19944
17314
3418
15317
22788
5589
8890
9329
18433
0
13183
2427
15774
1848
19891
13411
39056
7850
4585
13208
2595
54188
33010
16080
24307
6236
31615
11823
18282
5832
14627
18088
43588
1850
27630
1648
14484
24988
9862
19260
29374
0
17116
15584
15382
13126
2892
7580
21569
11552
86636
12042
17925
15251
9017
16200
19254
5432
7816
12658
1342
5661
10790
16400
75530
6010
13890
7310
2354
12234
28364
23633
20278
19474
13000
13572
25110
2588
13604
17650
26729
17646
15296
17948
31976
8542
16198
17448
4516
23492
16892
23016
-1
27934
3572
14984
25948
15231
16819
32284
45574
12990
3275
12004
26091
10890
0
13678
14756
8954
15312
11090
3468
4914
25254
3354
13629
0
3921
11674
-1
18418
21818
16226
6096
17370
32034
18444
12054
13528
45446
110
9682
17356
29370
6362
9552
4
14507
11514
0
17898
10449
19925
812
24680
14340
19944
5770
27784
20584
6861
3468
14046
12975
11004
19541
14301
2591
9696
1876
27294
7144
16328
33002
17044
17449
27984
19180
13956
3130
51836
17433
7196
20914
16640
2786
14887
14629
11044
15672
4682
20904
24636
1680
13270
20446
17182
16886
5006
14000
11633
0
5322
11713
4966
16090
8195
22364
7294
12194
14036
15512
17324
17339
6922
27404
9738
1740
3819
17521
22386
29804
81078
14460
23084
3834
2838
38872
15823
1996
29644
6858
2302
12776
6167
58002
4906
6976
8547
28645
11692
14682
17659
0
5996
18229
-1
35024
11235
35056
6311
19120
16864
1018
19550
9782
27210
17117
8092
24404
14726
302
20208
13392
1251
5518
1122
26962
16750
1322
4632
12428
22016
16262
1270
11833
45941
3266
1
20828
13968
19968
9940
17912
19630
12898
17774
26708
0
-1
61678
2563
17026
426
26718
9171
11068
33308
0
16358
7194
91352
3554
2092
15652
-1
28536
4770
11456
11479
9805
17380
12546
19210
18028
17747
33432
18281
14558
8394
8285
-1
2730
18031
40540
12534
25012
30966
9184
4382
31613
15224
4
8266
0
12264
15358
27596
-1
68880
6324
22522
6182
20191
16946
88676
6514
17494
13707
718
4489
30392
57118
9848
466
14014
393
19604
13529
12568
3640
6701
16893
48240
3006
4
15523
16460
7340
26570
88842
10983
6244
19528
14933
22010
21574
28262
45434
9066
15514
21632
5
17090
10498
24334
16401
13326
24898
19896
8258
24928
19732
4059
11374
-1
18050
8549
6922
1236
23962
6526
2086
18908
-1
16142
6010
50360
20618
29706
2637
14316
-1
5062
1157
9596
13985
16052
39660
376
8530
28680
9383
8186
15074
4024
12546
32064
3660
4001
7248
0
7691
23644
15806
8562
2058
14304
6341
21850
72768
13346
18603
25879
18493
7240
11898
8367
-1
26331
14539
7398
5618
0
15168
17655
28983
16627
4075
9414
10316
17167
55483
2
33584
67424
14128
7380
24452
8566
1446
9626
5304
5467
8996
0
16974
16826
3748
15670
3272
9061
-1
9926
16440
14956
5716
18296
16788
1092
31078
23088
1418
4149
13584
25977
26596
10885
0
10793
18509
62630
12677
32330
55902
8682
9985
14430
16196
26734
1832
16463
31332
22236
2702
4348
72514
16459
13194
23474
10256
14033
1350
9673
14883
18066
27604
19419
-1
8370
19677
40677
47579
3223
16006
3328
29194
3896
8616
71992
14898
15206
13209
15263
36440
46140
4150
15884
10164
6227
27894
2674
14190
8442
712
13699
10001
937
51376
158
14468
11530
6078
18668
12779
15405
18796
13018
22582
2102
4139
54267
10834
16279
1295
0
18282
17601
9398
2552
31336
7826
37472
2490
15672
30845
14738
30493
18984
11588
16306
15501
25721
19704
12734
10512
64488
7361
5037
43470
53069
38466
10361
0
27369
16312
15678
30441
1646
72896
14376
7266
12782
12357
13024
2972
2897
10428
9381
17505
14067
7262
16878
19346
38664
19742
44088
9273
6112
24909
10148
14441
4071
24796
15764
13107
-1
8685
15072
16388
16548
0
0
0
3666
27886
22995
21187
3807
12336
0
32166
35727
24038
29917
12280
15890
21593
-1
29862
12964
10574
13466
28656
15992
12718
10011
7695
13027
22336
18468
0
32330
346
0
30950
8222
824
-1
11858
14933
22116
3070
23676
55884
20338
15738
25912
14492
14459
14132
10464
19364
698
11163
16934
24900
20337
6556
11228
21074
10890
7239
5312
17344
0
19190
6358
8938
4661
17698
11264
21514
4
-1
14440
27493
1861
12230
2078
34623
12917
12100
3839
20648
2462
20648
5914
16716
8598
3211
343
3764
16846
16728
14724
12818
17313
2570
5714
14171
6054
13774
15456
3704
24176
15454
19052
14063
7230
10340
11762
10374
1110
28618
13294
18907
19236
0
58686
1968
6436
0
874
364
13615
26880
2133
12490
60290
18503
0
16838
22736
11844
8853
-1
15057
27368
16328
18395
2730
11996
8877
21264
22798
11722
10840
23846
12879
8637
7212
18687
26774
44090
42541
467
21937
-1
49780
26924
5058
12708
28148
13386
15154
30852
14466
90828
4878
9468
2072
1106
14600
8202
43944
12910
3
12566
7830
64086
8019
1265
10032
14244
18595
18793
-1
14280
17787
1516
18894
0
23502
11409
344
27264
706
9840
23210
17316
32268
14840
0
4234
11561
12742
43945
10409
1399
8141
19726
5489
16340
9424
16177
3880
20600
13064
428
20369
34916
5025
16316
20720
10907
7466
13585
19152
6116
19576
0
17555
27718
0
13960
15332
11178
15124
27339
13989
37298
10
-1
29547
11790
14674
18244
19816
17036
40193
14156
44202
8804
14088
13574
17176
4352
13582
13716
8174
18934
15259
8617
17856
1506
538
32145
17494
4890
9590
28164
22824
7610
0
56854
5308
3128
9684
27466
22126
9906
5795
7406
11629
772
13768
38880
7016
16624
25713
4286
11530
16393
16818
5838
1172
16594
10681
75944
60926
13417
16554
2263
14383
26108
31509
40336
1726
10928
14294
16122
4860
56834
22680
6781
18411
31186
-1
4
0
18556
-1
28800
18152
21340
24580
14846
2092
10211
7238
7930
15592
4764
15418
42590
8727
19864
2
9891
6785
45870
7618
-1
16894
15730
2315
13664
23923
45742
16810
12954
7680
13636
17070
13546
0
6514
6612
21084
17780
10079
13588
4818
22318
10229
48304
3348
13630
-1
4462
30173
21841
90876
16316
26558
16387
15508
15288
14850
22344
30426
24781
12432
3305
19896
6281
19709
18818
29711
7759
18896
12930
59224
6112
11352
27779
24388
7215
870
9996
20622
9118
19339
14884
45378
11240
5967
-1
2
18572
0
11098
264
14157
9536
5078
29794
2860
11350
10979
19022
0
20610
21628
18526
28952
14568
24272
4348
20203
3086
8076
-1
5728
13519
32764
10842
3772
24286
20640
55522
51140
15228
11160
28989
9269
12051
2654
13420
14492
6
26932
27503
16754
16008
18839
12101
16146
9330
12802
14220
8933
2289
23038
16228
35632
15518
8648
0
-1
4262
15472
2528
50000
18984
8464
15178
9402
40996
37809
3470
13552
7776
16335
6440
22729
18226
36120
14250
7534
5020
15407
9409
14660
13480
3579
11409
30520
8782
19038
16312
19062
17520
38342
15716
4756
9904
30976
24417
11308
4598
3940
33219
21347
9422
13776
20011
35786
14101
19130
3199
4618
31717
25958
68546
27936
19690
9603
2516
10212
20407
0
15572
18534
20762
10774
19104
11230
2223
26248
23914
15223
13546
5419
27856
38452
1659
13488
17844
5054
23135
8650
16956
42848
17068
14145
22989
32165
17991
7858
2398
380
52394
12892
23670
0
28140
16572
23358
15176
20210
18353
27808
16260
9102
73648
13118
5380
14188
19582
-1
21384
14962
34163
18444
19304
12665
11897
10384
17530
21428
948
16012
25104
27544
11626
13508
5191
1440
14696
34539
14216
18567
-1
10173
2280
46112
21376
615
14411
15960
11318
14754
14750
14471
26422
19030
0
7766
12548
48027
0
3617
22482
32167
1972
15010
26038
16401
1720
16436
10812
9228
3910
12598
0
1294
14865
47224
10604
14534
10242
-1
4929
12247
52296
15511
5176
9305
39062
16053
19438
17768
10278
17976
12004
5660
3644
18943
3764
0
18565
13274
17652
19454
24889
37220
6426
14440
1402
12358
146
32924
19176
52186
18291
12562
14152
24910
10900
21245
4628
379
41082
3266
5568
14242
17122
16457
12412
-1
21054
7080
9696
19290
9322
13070
15324
3433
5722
12218
4795
0
-1
31892
4468
13722
10411
24512
460
0
16416
23012
25949
2302
8932
2696
5784
9406
7330
88738
10574
41410
20063
14724
0
15322
11489
15815
7470
3527
12231
26310
19530
18379
15174
11674
0
16212
2030
4798
15986
12858
15100
4828
1287
15188
7775
13508
24198
1788
14806
8706
5498
10192
360
1481
43714
15430
15564
1218
15714
19018
8178
78548
11002
12398
17239
32144
4032
815
9523
16886
0
1200
47340
4777
0
13560
12576
9508
12044
25984
12919
25884
5249
18331
7076
17342
2155
20098
2724
3986
7752
20052
14536
0
10732
9330
25765
-1
2108
4
-1
0
9946
14570
20324
19572
12192
9306
3836
23732
12197
4060
4188
7398
15876
37440
43405
0
7046
14052
16040
0
-1
4785
18480
20318
14215
13694
15950
1294
6084
15952
37230
12594
20892
0
14469
26622
16286
24077
6814
12507
-1
11336
12119
16638
10038
6192
9802
32600
13908
37161
40806
19120
16627
16061
16930
34302
21934
14859
13566
3068
16440
12558
14948
1837
16766
3660
-1
16788
1337
-1
4647
-1
24980
8160
68166
8922
11306
7456
55240
10446
12303
15662
11845
19414
22165
3860
5539
6994
3584
1563
6802
11046
15020
10688
8326
6264
14642
31276
10294
90860
30803
17778
7904
38318
0
7652
8484
12960
22925
369
5602
10259
13682
39428
5879
24686
10678
21626
9532
16459
2
1260
34974
13070
7354
9600
22724
16164
17714
562
12782
5998
15637
10494
30934
20812
0
-1
10110
12598
22036
14834
12048
10450
30501
15880
17730
15920
12576
36572
14112
16745
11750
10272
7998
16222
4406
46986
16740
16688
29084
16028
7016
26541
36933
2
10219
4677
17780
56199
24537
4762
3900
60281
16728
15418
10879
11204
46403
29030
12154
41535
9576
10766
4578
21074
29001
23370
4813
9550
11264
14342
16666
24934
19240
2
4479
17690
4787
15200
21300
7995
14220
0
7573
12759
19078
7776
-1
21162
13834
5884
2472
20530
16707
15780
14482
17002
17864
8775
10446
1664
1337
17148
991
1838
23384
17302
14386
21006
9171
5190
0
10950
12826
6775
13877
9018
25246
3570
23756
4737
6438
17876
11675
42142
25982
16088
9586
17716
10646
22842
18488
1436
25664
2895
23842
11303
4149
48816
16711
1496
14873
58930
12252
17069
16446
0
11580
58011
14070
4655
13596
7806
22350
15851
19694
16262
19277
13088
17308
5472
34570
12444
328
9334
15272
0
19882
22106
11170
28256
7540
30790
7199
19294
7770
23419
3422
1176
11294
31225
19634
3836
-1
14874
12805
7210
9952
11102
10388
25661
9660
11430
15654
24552
11638
28248
26568
29223
16376
45351
6030
21983
21242
15764
22826
12782
25044
16632
25934
17222
22864
8903
8198
10885
4816
15716
20502
1657
7392
27299
2344
27678
0
2288
33499
23014
7228
26222
31996
51310
16252
15060
20678
18062
11886
19422
29689
23458
13401
21304
30696
20208
52362
20336
5300
35312
1924
24482
31560
16038
15604
51095
20980
12376
12876
37268
67982
14948
9653
9422
9044
11258
9382
13
14000
4142
12845
2777
10848
10568
18503
41599
22291
20468
39358
6248
5334
-1
14716
37156
7258
4580
13027
71018
15668
-1
20340
27164
47134
23763
10365
18791
16926
22584
15622
16601
15889
10564
13794
16550
9597
13762
1871
20660
55112
23964
5580
20479
15810
12518
15375
13644
25006
11088
12014
19144
7392
11050
8004
6448
12298
660
6
15617
2973
17405
22313
18240
25662
17170
13222
12268
15273
342
11040
15666
0
11550
51980
3704
2588
10247
0
11118
21529
17153
-1
9720
38548
2614
17610
9066
16243
5116
19504
10789
3760
15942
11224
11873
17407
20748
13666
22614
7618
172
55184
-1
37373
13635
19968
5994
16294
8212
10070
1049
27782
3712
10145
0
10648
7538
24780
32132
8576
-1
15754
3914
18795
14328
15322
31989
7377
0
30050
20208
1844
1272
12638
15038
11094
12128
6536
3512
15782
16522
19762
11356
8124
13508
4430
0
8916
23763
10952
9292
9036
6862
13288
2487
16229
22729
17027
15086
2
11462
30620
2124
10014
20148
24642
0
16046
17576
1498
31986
50151
14106
18198
22596
24700
15552
7759
4920
23467
26583
33613
54662
15671
5332
27138
15713
32316
16625
5562
24456
18949
9901
22388
5298
6344
18102
9872
11271
1156
11711
4142
3864
22079
13960
278
1112
24416
4126
20973
11880
20602
-1
24055
21239
15758
10186
23474
14335
32686
2773
3404
16956
4976
758
21204
12814
28338
8038
3474
29423
21042
1206
10484
3
7830
8179
51124
-1
20172
8618
63127
24068
12881
89466
5978
18886
20438
15322
6098
10229
11902
8514
5086
17322
49020
0
27024
18350
20556
14915
2747
14932
17712
16955
5611
8915
6918
3554
1274
34790
15771
10544
51419
16020
27441
8510
16544
16339
18260
14250
7004
8538
4662
19218
-1
6736
1884
20898
19089
7288
12638
16622
9210
4199
16924
12603
29905
14974
5794
17996
16861
12885
11898
5767
4540
27248
11548
15772
8571
11748
4256
36808
3626
23824
14956
2630
8481
4347
5356
20564
40248
30666
6548
7293
3627
17401
18436
14163
0
11281
31019
6519
9142
19770
9866
14760
9251
28896
46766
17264
3009
0
16911
13129
16846
9053
13089
4044
21261
62350
18947
185
33288
6543
11716
15788
38461
11171
6098
15322
13431
16889
18992
15395
-1
18982
18090
21798
41817
38990
20220
11390
16014
9556
27991
17096
12320
9602
5143
23920
7660
2
13342
24952
1448
7308
23300
10819
18427
33916
15783
6580
11734
16594
4347
22870
11264
4554
21730
53104
9178
22218
16424
1962
2974
916
1324
9413
14916
0
16560
12312
14907
-1
13221
354
6332
25424
3842
36102
12596
25646
18522
4630
22428
14370
70286
16376
9858
6356
24824
1848
4264
6874
5498
23146
5202
6868
20373
23744
25952
43508
104
80746
13416
2788
457
16760
9094
13359
21104
13232
1201
15276
16632
21906
26088
2364
16650
436
27134
18444
8441
5303
25158
38270
11440
16252
10682
48032
12735
8634
11293
22924
16986
14686
13696
12304
17580
9700
17336
12631
8729
8350
54960
-1
16560
36356
15374
2428
546
9182
13440
4440
4742
16424
4982
8774
12530
11162
21570
6691
18416
14177
14930
15526
-1
13052
9574
8763
19810
15056
226
12494
35264
23698
12263
817
15426
13156
4501
29238
11163
25146
5690
15330
2321
20220
3018
14430
2
9308
16510
8462
16120
8358
47703
3958
11309
18370
18736
15500
17236
22094
13209
17488
11938
10331
31731
28850
12822
23594
3372
14554
7082
2494
6632
37853
13100
17304
25788
75226
-1
23343
16918
13542
4000
5498
5486
14402
2480
1153
41829
17276
33466
8303
17691
284
25034
12456
76922
8292
2
14638
8744
28980
80616
26654
10028
13888
7109
33318
6382
21076
9456
10359
19302
4280
35636
6322
11495
19100
10111
53919
12522
16108
3
17526
16914
2771
18174
22278
8923
16215
11550
0
8514
15218
26886
17822
9326
14529
6096
7397
1240
13162
9657
20221
5818
8715
84
14628
0
16620
23820
32353
17797
3866
-1
8938
25324
1571
4274
11728
14816
13426
33746
16214
13806
3633
23882
0
7878
36262
12852
48952
167
22747
27076
11975
17263
12196
14426
29106
6
5781
11949
18256
123
22700
3236
8179
0
13006
10942
9338
23013
10082
6680
24852
10706
15680
-1
13890
19777
8510
10918
7984
32974
-1
17706
1737
21708
9610
30053
22536
17952
20141
11062
638
27176
19920
3753
5823
11898
8738
32039
13818
16650
9284
17969
28870
26494
18830
2296
25534
18775
2964
15927
1268
19882
2807
12072
5202
89830
18998
10414
19898
1073
20032
0
19108
8439
53396
5642
12552
27358
31224
1940
15452
-1
13162
4902
-1
7648
17490
14376
34711
11997
14174
38281
1970
4626
10748
14898
2675
12598
5338
13526
16370
2174
5124
-1
24595
21262
17376
16003
11300
33136
44530
6182
13478
4576
8104
2
-1
1411
31569
46022
16338
9099
5954
16879
10552
18155
678
13738
12480
7682
19037
4610
18602
48317
15607
16824
4262
6880
34806
17764
13017
6411
8344
13018
5370
19381
15258
5055
7664
9760
16685
718
4202
21664
12026
24202
8836
24636
240
21483
1482
19670
24875
11014
3300
3484
8452
21107
1375
11640
20246
29479
55420
7780
30972
3862
7318
80780
14916
15716
16618
13744
14298
0
10064
17488
16990
16190
8531
15914
31846
2807
36744
18764
4236
60672
23056
7684
16425
24210
7915
13750
15604
14046
0
24660
41881
2267
1229
22696
10076
46200
20994
11873
2079
18072
16898
9624
3914
21315
1329
1086
1768
12
-1
3873
28178
24496
2942
24474
11686
9186
7477
26538
-1
17250
18759
17324
26788
10856
5857
61618
974
10220
12563
16697
27668
4816
16215
-1
64514
25384
23178
31906
11980
19586
7130
27674
1229
11051
31913
47416
22128
22337
26001
37755
12531
5981
17148
15175
13401
16282
25688
7970
19415
5819
4078
5792
10098
-1
11485
27066
21479
9878
5707
56488
20231
28639
14001
29298
5572
2382
24224
7733
7668
18273
7185
26720
3740
12852
0
15989
14982
28288
24328
6389
7426
2656
40767
11154
5468
3654
14550
42666
15764
46014
0
15111
8982
7898
10354
12614
12859
-1
28149
14702
16726
17052
11317
26110
13880
8270
3898
852
128
18476
4402
1556
18974
17988
15222
21296
9204
14898
-1
-1
9917
12320
16621
16918
7214
17444
20634
45242
51363
6324
5816
2195
3103
3808
15806
5714
56151
48848
7999
0
23797
3026
11839
16716
11256
2828
25838
25641
14225
6301
12195
1526
14664
59496
17420
11375
17178
15231
3154
16106
-1
51816
18850
16796
0
6280
12778
5039
17698
14909
2088
18870
13362
19740
15270
3142
6167
16934
4866
1434
11570
3692
26367
18415
3860
3158
3063
12844
27646
19675
0
13585
12389
17068
25131
6083
0
14782
24351
12742
16924
32115
10765
16341
2091
33028
14098
32746
24881
4544
17608
31211
0
14152
21748
16008
4242
15098
15348
15700
30904
14851
6118
14832
9868
15038
12424
21984
19386
6508
12502
28564
18302
21736
13893
20792
6674
5176
38164
8158
10916
24636
6114
3970
19650
17010
-1
504
25478
39926
1778
27314
39888
20433
5565
28191
9331
11542
28569
16801
1246
14692
15532
31638
4608
13012
26696
15877
9624
12838
44813
8270
16749
30215
8998
15974
12062
17306
5545
26994
1418
14793
21150
13532
28576
3946
19323
13461
20040
13374
0
46272
603
2971
21214
8902
14421
25555
4908
142
4563
13873
15051
17448
-1
28179
7516
19959
9044
6716
79874
52053
10905
22006
13630
1347
520
1695
16677
20439
22962
14174
14376
16183
20902
2629
2768
7742
25008
24300
14512
3928
19250
11904
14746
4604
12870
13588
27748
65162
17616
12
8760
28070
20259
1540
21306
3349
12630
25846
12968
26129
5322
22586
8023
10948
15736
28435
13002
17902
0
3060
7508
19080
13658
6585
9480
7766
684
7810
21642
11158
12594
7262
6490
25338
29798
0
13332
3024
4874
10107
14128
14722
14676
7872
40449
19991
18570
14932
15914
20186
3781
11002
18802
45949
-1
21156
15591
7078
20146
14210
15320
29305
10517
19724
-1
1344
16041
15465
23121
6133
9736
0
27011
9374
2841
8712
14616
556
0
1778
8151
10993
4008
12800
1313
13900
7642
71090
58546
15803
15280
29165
13666
54879
13740
15000
7037
16798
32952
-1
15667
12294
12160
3304
15421
4110
19032
21356
14810
8016
3712
6417
13515
19770
21070
49549
15588
18460
6468
9836
2
30506
11531
15462
9604
11508
22402
46192
19894
29070
3719
0
3094
8310
63581
3624
15426
11450
20097
7680
0
9978
24600
20612
0
19506
18521
21262
14598
13880
17040
12715
-1
24244
2902
15160
8554
15100
13760
11290
22942
17052
40326
-1
4145
19009
6746
10055
18068
20218
356
15149
13798
12192
3149
14952
23206
23088
14608
21846
18394
7871
10004
6889
28976
10113
736
20718
12643
39927
18346
14664
9616
2595
4309
12880
47647
4258
18550
11551
1758
13146
11426
923
0
-1
3104
13181
12122
8640
14364
12897
12990
18110
19524
28518
10588
65503
12252
0
7494
5932
6550
14496
19326
37317
17490
16666
13431
13366
10141
34812
20675
3764
462
14028
28258
-1
19473
11906
18924
14603
39198
9612
23241
6428
21607
25482
17236
4692
5686
18694
3935
6616
14991
6750
21076
19062
18171
18227
16002
8882
3522
960
6330
16677
11780
11532
12778
21960
11171
19268
13489
86288
11243
10704
26854
4731
12926
17340
5697
0
14842
18772
0
28752
65108
13220
12560
5000
31224
6467
0
2532
8230
25302
65070
11152
27311
32430
10584
33332
5804
46949
13156
2571
670
35392
39973
13878
2
19966
22976
56101
16224
17994
28648
17890
4177
25509
27533
15197
39004
12004
5674
6030
1768
13218
21938
28496
11680
7060
15289
32332
-1
16506
13168
26752
16270
6574
14459
2207
-1
15946
10748
0
20482
8043
17632
34970
16529
8384
12866
26513
28598
2884
46280
16612
14782
6491
17780
25701
2242
14109
24927
13748
4652
16921
29822
11794
5984
62097
22061
4690
17348
11797
7330
12306
28758
3865
7332
16104
22442
3076
25052
9254
12976
62114
796
37231
57433
14
13882
15804
8233
16132
4235
19003
14
4210
3932
1963
19726
47866
819
0
10028
8056
9064
17302
36700
13084
11686
19058
41988
28750
44762
46508
30941
9658
368
44946
12552
32819
11147
11235
-1
37206
7568
5472
10089
17916
17420
13798
6504
40747
4712
1727
1985
18154
17597
3885
16375
20909
7345
21022
45208
0
1342
14870
1852
16361
29353
21753
56794
7760
15149
6172
3964
19420
3587
0
1370
-1
18936
17951
82856
8314
7796
2620
4670
2560
11960
8588
18492
3126
22326
5875
17196
32089
19079
15418
13475
44175
15199
18731
61982
6947
46414
9992
13044
7902
37856
51374
14308
73560
16568
17514
7446
6972
19526
2402
47530
13040
9835
24326
5984
10089
13684
3392
18820
13040
6628
20086
8623
26776
8656
16526
16028
14614
7297
24793
19048
25219
34486
32428
10820
17362
16542
7134
11533
18922
9796
11410
16905
7843
12035
15096
29886
92180
13920
17991
57
11624
3848
4179
38504
14206
30
19472
19832
21146
412
36810
11748
7903
20390
10074
17308
23277
2728
0
0
28978
17236
2336
62242
7672
0
11016
8614
36772
70196
15883
7860
1828
13875
13201
16276
4370
15076
-1
39
12528
20850
15138
29006
7553
12684
584
18658
21748
3139
17531
17949
6423
25216
19200
4743
8248
3898
10009
27034
18187
12514
19310
21631
2586
14594
12148
0
7108
17448
12619
49166
15405
11738
76708
0
11788
8384
8884
17260
30436
4590
10842
23698
15390
8051
8351
15468
13767
38217
16352
9890
0
2964
15011
5219
10099
17290
17296
7167
27248
16016
27484
13006
5866
34994
29659
8107
1507
0
19750
952
2542
14815
23304
6307
17778
16460
7399
30452
4860
4445
16638
16346
3826
30717
10080
29994
12136
17778
41208
9222
23147
1516
71874
7232
21986
47704
9946
-1
14550
2955
53834
8706
5141
31644
8797
5390
14814
-1
19488
13806
4541
19412
12310
-1
18303
30758
18984
-1
17438
89376
15708
62158
19872
44214
19799
19282
24696
3749
4892
9046
20154
11386
54501
4784
3868
15245
24351
16604
52904
0
5015
40604
12067
17344
5610
19030
5214
11569
40654
58184
1324
82342
24752
5676
6118
19795
1825
45774
19240
13502
16031
13084
41769
9828
48072
16854
14886
31148
252
2359
19626
17862
13246
2664
27120
12246
23298
12961
15615
28658
17026
10623
2853
2604
42214
25384
4090
2242
10325
14524
15262
1020
17991
22332
15833
11414
2324
9331
24090
3977
16972
12697
23426
37237
390
17482
28373
20959
27918
23852
7594
4318
14740
21176
15142
22982
12440
20435
8034
10856
14686
16830
41520
15865
4136
19740
13519
17650
7602
14690
13214
19164
4556
16068
15868
39314
15380
10926
54750
19962
18022
16070
15913
5522
9981
2175
4216
28292
15366
108
16928
9198
0
14230
3604
10478
4400
0
0
1460
11812
8062
524
26906
10550
22500
20018
22824
12219
14983
17162
20332
2878
11484
3128
22020
19646
5960
4134
9856
19375
78918
3464
9916
6888
2007
71522
5372
6710
4778
22091
40382
15895
21090
13893
37082
14645
11682
23005
64038
17070
67114
960
10362
3879
18389
16162
6086
31936
11925
21206
5106
9714
2358
17080
26509
10269
7752
23108
-1
3135
13878
7587
14693
3862
1988
9902
16448
15027
24838
-1
3506
8892
4309
21718
36213
29077
8053
16786
23956
2071
21254
18300
6416
19800
13019
33652
16122
3744
18342
21724
23998
3868
15848
11910
3654
10066
-1
10848
10928
19221
28283
23286
0
14814
50574
12600
30843
18078
13392
6930
22722
48830
4542
12788
29636
8968
17642
22076
3866
16152
20662
13958
9606
18929
-1
10584
7480
10881
9548
20791
2072
23217
2019
13828
15848
10410
15588
29372
14430
22089
16686
14758
18277
18785
14230
9774
13918
13386
14862
8404
18312
4820
22660
34880
1740
13452
28874
7310
13
20874
12602
520
27074
18318
14942
16000
21876
23687
14288
17206
18304
5508
11940
12970
11999
0
4577
12309
10954
13036
14314
16663
2294
18098
29436
2920
43467
5738
34895
3392
3958
7042
3360
24666
21349
52182
50
8834
19950
27004
24608
18129
12899
14753
4
50576
3960
16797
13414
15216
24166
15516
14382
1607
3886
17761
54042
414
15582
23498
6457
13911
25502
210
3272
8924
14833
21958
32822
6878
3764
2268
12629
34910
9941
15820
2323
25631
21662
19386
13408
16681
6491
815
11150
11876
14704
27940
3
23582
13111
2730
22168
88154
16796
14738
13476
7909
30880
26158
16278
28973
14474
6157
29769
14785
11784
21926
9036
12838
9115
3388
0
29368
48518
10048
0
23826
4236
13338
9152
7557
16438
6469
15536
12626
5514
13704
28326
14959
10630
21597
14494
2756
12732
8842
35862
16943
5716
17094
23802
33200
4660
15768
18349
8632
23478
11608
7945
5218
5416
13260
3537
18306
3642
4
12637
8146
13309
1108
22758
2628
14970
59564
3740
21744
17172
13146
13138
14458
24886
12305
13130
15156
18368
8532
4436
0
10014
16814
568
27574
8406
-1
69828
461
27302
-1
9344
13830
10079
13754
0
21696
279
24598
49754
13722
0
14698
13982
52511
10856
4
14122
9048
22380
9432
202
14408
11338
17360
8344
22318
884
2993
33091
21812
-1
12242
286
1864
6523
45408
1138
6346
13470
0
15605
12016
11544
29282
19659
14873
2714
6386
4775
16800
3385
5571
18163
11374
42511
21198
13865
11062
3426
13088
12749
0
23114
12316
2442
30052
21864
12276
25822
23762
0
10808
13812
2
25538
0
7536
36762
6886
4574
6736
13456
6861
36478
15011
21920
1407
5411
2
13429
49926
8195
11728
16086
29506
2
10680
12842
25002
18183
17161
4407
4666
12806
59419
22089
3683
25970
27478
15899
4530
16038
7026
16776
8972
16828
39822
13102
6824
2616
18607
91142
3892
16276
1076
2674
1864
8279
15426
4058
9060
5296
20034
8914
20092
6986
12062
13059
11278
732
15870
18894
16936
19184
26222
40684
20500
51434
23526
15178
6332
26362
3797
2099
29742
41092
18666
15840
5178
7018
11336
15238
18979
1902
3862
24826
17420
16682
73910
45139
490
9727
2584
11720
28284
30408
384
18751
17166
5362
3914
8642
22755
9152
26390
19957
17262
18732
17310
6329
14312
23184
14054
17958
14686
51722
18220
22073
16056
6
18320
20194
13912
0
52704
24474
82900
13458
18952
21800
37394
46916
5410
16532
2808
2312
19614
2583
6305
12557
26472
8874
14431
6520
24397
26458
16801
8934
35260
11298
18179
8470
3220
3808
6292
13464
21966
39114
15946
17782
10198
19500
8209
6550
14148
7865
19252
20624
13526
15732
3604
21646
5751
4694
3838
44096
15124
6456
8766
15225
12425
58531
0
17302
16674
625
40750
14147
2003
5814
18594
17306
7582
17858
18160
386
10800
12738
6
38278
2560
30447
15590
38308
4133
25537
16974
8796
20224
18973
3854
16928
14907
7266
1879
77540
19592
41080
17496
9266
12060
8689
19464
12792
1075
18068
14011
5900
21240
7650
476
43138
21924
2495
16770
39010
4890
30820
13302
13070
-1
6265
42657
15646
28812
20592
21870
8599
16960
6220
13415
26122
112
15286
2208
8514
3807
17894
5268
28053
15122
45080
9682
13408
646
21876
14678
18168
1732
3719
9082
1084
17526
20362
3678
54423
9914
3408
17227
23179
59360
18334
567
3162
15647
18710
16511
13192
16886
13132
15804
30113
3196
14258
21705
2584
9236
0
14384
84306
33880
-1
12678
20202
8751
-1
17762
20881
860
10372
19280
13904
551
71372
23530
22304
3604
0
18194
31267
9500
6324
19694
0
37028
19350
11430
15968
16362
14922
2239
21035
46416
16920
2995
8540
8918
11598
11075
19080
16745
3836
39356
21252
24002
10998
15160
36480
4815
7400
2280
578
1987
19904
9800
3157
17242
9106
8202
12457
1445
20919
4878
5556
17810
11266
22616
83042
25535
0
12385
894
20082
16492
1740
6520
16925
16778
1004
16654
3842
32708
13392
19392
698
20584
11113
33533
34427
808
24555
14410
8586
9330
12520
0
17010
23778
0
7558
7964
3739
6482
4856
0
29262
43472
9782
16164
13556
16582
6968
11154
23688
3356
0
5176
0
8764
13740
33073
-1
12476
11322
14796
16352
26932
4757
11971
-1
12921
23102
17678
18450
27133
89106
17660
3335
2608
9782
8840
5648
16472
46
5854
7563
3910
-1
1366
30328
19850
17287
21244
52134
11973
20786
1150
13242
3849
6627
20649
7898
20028
15732
12425
24802
18634
21910
36112
60526
6932
19121
19366
5175
27391
20945
4890
14882
44551
40707
34837
1594
24144
3616
6461
4546
32232
30806
0
17578
877
4908
14445
14705
17288
0
16037
15361
14745
16378
8072
10250
8218
2728
17205
31219
16355
13208
0
-1
3822
12338
1678
11331
42733
3758
10512
6774
18529
6930
38520
3802
0
12736
5680
14804
21436
13484
38162
11536
16538
18777
7018
2958
16061
17661
3196
35506
14370
14869
4462
21636
14020
16275
19110
3353
24206
4822
20900
9456
19685
37380
15088
13740
35528
21107
2204
16134
2002
15782
12606
2216
0
26042
9988
15849
28159
-1
0
3915
18370
10711
5850
13212
0
4880
9839
37642
29146
13238
15416
14406
3575
17820
14352
13595
14230
2474
29510
12697
3853
8338
10106
8894
4576
5258
14982
16713
16945
13966
23084
11696
18299
10522
20269
29772
45395
5623
19564
11747
410
27266
19018
21108
22300
20186
13508
9345
21726
14690
10877
33814
4272
37708
32400
6825
12438
18664
0
11224
6878
28136
3770
14084
28066
91872
11056
15772
20562
20970
12268
4520
3682
6726
4345
23808
4700
4073
828
13459
14348
11320
16792
12941
16336
27206
52282
12630
1222
10255
14084
0
22993
16600
2616
8622
11456
23844
8408
15693
2
16498
19777
13882
12436
21513
8104
9440
18689
-1
8320
35450
5218
6518
3390
18762
87314
12126
13455
5751
5742
11922
10360
1012
27570
17666
5391
11949
3470
5224
-1
11024
12338
6872
0
15264
13430
18750
4992
3764
3723
4712
45940
18407
7430
3572
10720
16978
2209
19144
10686
0
15160
14938
23047
16396
28322
17152
9979
11719
2462
6454
10730
13511
5254
20246
17472
31266
0
14464
1252
15089
10820
9655
19701
13972
9845
17094
20428
19444
6048
2228
21975
0
842
18738
14976
4810
0
16142
15322
28554
10834
10438
4036
11793
605
32426
11394
6050
15767
16436
9384
15076
3631
5894
8881
24280
42582
3794
10475
7885
-1
6176
0
5292
1150
21561
1640
86518
33840
18936
9656
16843
2082
5777
15470
5962
15398
6140
5903
2682
6971
26899
6126
0
7806
0
18828
21730
15021
56356
11086
16310
40876
9923
7384
16518
17062
12208
57027
16018
13180
4140
44967
1386
12998
37364
22544
17984
84566
5538
13132
21596
387
13396
5928
1657
-1
5514
14694
13988
18374
21100
16670
24290
19826
16128
-1
7910
4382
2690
13954
9176
14516
17902
13011
7456
1240
34026
11754
8618
14419
8591
17394
19508
9626
4228
5968
15026
4528
9333
18346
0
33926
18618
18266
19334
9455
23192
1689
24102
20122
20822
13166
4432
27506
15328
0
16854
20014
15803
0
16850
11423
11116
4886
7526
-1
4
15682
17454
25304
-1
1712
9325
44012
8480
4964
32356
6796
27278
19846
24816
17142
1625
8274
15144
33392
15715
16494
1694
6056
24008
2004
5655
3074
19063
16336
20470
3052
22814
4918
20768
11180
13886
14204
12167
63211
436
10839
32589
22004
13188
11236
15932
15108
3872
16352
18796
0
13386
4521
19762
54587
16757
16668
19418
31408
3034
3868
31266
11452
5967
12430
-1
64384
8995
30957
22836
15668
19850
1460
13102
13196
23841
35281
9241
36451
16663
10350
21179
-1
14917
2836
-1
9844
11964
10400
838
8381
16162
18480
6755
8580
2796
12030
2486
30068
994
3384
29898
4300
3934
20948
14386
8702
12343
7847
25375
3954
15638
11796
29948
20332
23500
21749
4223
11286
16018
17660
19294
24707
17732
40128
13372
19634
21383
22680
22634
12936
2466
2966
19012
15626
18060
25990
8401
5205
17903
58673
3062
4423
2711
10402
25464
1288
19663
29760
18884
26468
30982
38020
39875
11764
19358
15781
44024
409
14928
14783
15568
21913
27242
5742
9151
23062
14489
15758
13610
4554
8332
31568
15921
12441
12240
39056
-1
0
19501
14752
15108
14877
16200
27046
16458
13200
5500
9316
43123
10480
21481
-1
19770
5667
20696
8617
21344
4936
7725
11664
5523
1592
14895
29492
25542
2186
9262
23177
16290
6539
9746
4394
16598
40014
23002
16112
47632
0
20498
15685
11884
28447
10595
10652
3750
11482
15618
59904
10352
27086
16244
6402
13643
45864
2927
17463
25505
15073
32763
32273
12010
8110
30822
7860
0
13935
18250
18327
12078
29580
1238
13848
17782
4848
22684
18660
1416
11834
16492
4193
12664
5451
15292
0
31154
9703
9929
16230
8885
16974
14926
554
11968
22214
25624
4216
6096
7188
12214
16144
3470
21860
14595
16536
12667
6712
7462
9107
16283
22140
15781
1920
2377
15647
15320
23354
20122
9626
14894
3900
14577
52963
3780
11186
6267
1088
3010
14426
7872
7
20706
9070
8345
46127
4224
13690
19874
23440
25704
1066
8806
6151
3431
10938
1652
5623
4664
39838
5268
8960
22406
10520
81756
1237
38196
5641
12284
11130
3034
26812
39176
262
19860
6537
10720
3536
5043
4242
4072
15850
55496
11875
28717
5476
1023
39468
-1
1984
20840
3
5056
3988
22999
9946
12048
4410
20872
0
20257
10189
12189
28748
16968
24586
17578
11184
-1
9282
28490
15624
3382
16750
4898
0
-1
7178
25826
14606
10659
10448
3438
16058
1900
11540
23007
16554
45338
10291
4527
20796
15173
15964
15048
33752
15176
7862
10600
296
13964
11442
7822
30216
30641
17732
22200
22766
10007
56777
8334
4480
39310
15324
14723
2
4457
11453
-1
13656
32944
4178
56838
5159
16136
431
6674
0
15046
71082
14722
13973
10613
36215
16954
27650
7552
44696
20660
7688
14545
13465
7490
0
6668
2685
272
19102
7864
11817
18896
10716
36706
62382
23152
15560
16790
14277
35485
12462
14446
18500
20352
32623
8847
6528
15012
21735
13550
18742
1992
90046
40233
13494
72
18109
71718
16822
11986
17244
30220
0
888
14965
11538
4148
15999
9085
17862
21570
8802
14898
12968
4902
16341
10200
22237
21289
10270
19398
7812
33418
16310
30836
4910
25498
12544
7200
17106
2457
2942
12342
22224
0
15868
6660
13370
16214
23776
14244
9346
19504
525
22278
17346
10790
21959
2806
35621
1780
17293
17536
562
63868
10862
7632
15318
17827
10464
25550
-1
8462
14650
7209
19459
12832
3848
6600
2
3624
7412
29224
11122
15276
24042
35394
9686
18890
14408
6086
24320
15868
12496
15068
15542
19689
25793
10762
25560
16296
12436
12730
9628
5048
4040
52153
12960
8354
24418
36767
14454
12759
8141
5640
16142
18691
4968
13267
20300
23604
12266
31884
16768
8950
16120
24966
78400
18127
18878
4538
12424
14312
27534
25962
22804
2319
10870
16765
1600
18763
2790
27978
16215
14814
882
47879
22254
19561
29868
16444
18294
7294
38626
21316
12848
6407
3340
16154
11736
46640
4362
45362
11823
12159
6374
21178
20423
15901
11830
23560
13267
11518
28184
17860
11278
19900
12362
30888
22421
17342
13540
13608
4994
11026
8504
19372
7460
1673
2934
19734
31164
8814
1722
28202
6922
89466
6672
5894
12304
0
1806
12877
15379
10576
1294
31053
13277
10288
11866
28148
43402
23228
51964
10788
65950
65112
8811
-1
17034
28030
451
19057
15582
4071
35044
29223
9981
24380
39874
21180
92454
22028
29231
12896
9162
3288
15360
453
-1
14273
620
11768
14410
-1
4226
33740
6762
25864
11828
8902
3508
4
88146
36915
23538
9382
1880
8443
14361
9844
14890
9528
15367
16676
382
4257
16920
22486
11450
12834
14493
14472
30888
5850
24739
5278
29000
14586
20748
21198
13419
17372
23038
21218
20215
2288
12992
684
14641
3777
0
22056
24042
43613
-1
1702
20058
30350
10948
23702
21184
6911
11795
17618
17382
47588
15636
48396
14677
1712
19586
17408
4884
10756
2466
7569
15736
35088
9094
7314
16610
0
7532
10434
12960
12738
33518
28344
1744
39116
21669
14414
12044
6356
11714
15518
10888
6627
14704
19906
6547
14516
17596
27944
7962
7958
10584
2425
16922
18387
2885
61974
1723
34512
87628
14565
18714
13701
3663
2966
5143
2758
23672
12840
29316
3965
8524
8155
8093
57124
12100
486
19480
17822
11240
26256
19272
4490
16020
10364
0
5200
2637
7340
5012
17648
29096
6874
14157
15180
11547
23720
9902
23052
20746
6218
9506
15138
19195
27982
9188
4284
5640
26098
17894
3010
24542
11306
28466
4
20327
4128
-1
13212
14298
17130
19017
64871
16655
48368
12742
15626
-1
14676
16695
71642
39742
4086
-1
25109
61914
0
3444
51376
34975
27552
23420
0
9572
0
15218
8456
16146
0
11460
7281
13747
13895
312
7343
23889
4274
15581
8145
17138
0
14488
12398
9965
11974
51318
14366
3278
54211
21744
43727
53950
41737
25826
10664
14784
28920
10736
18726
7191
3106
27676
3674
12980
20250
13969
5301
3622
57125
17138
1468
18243
22335
12877
21484
14428
10168
4684
25600
41676
3074
26522
15924
0
17073
6468
15512
16168
14224
16840
15550
10122
13443
9658
18952
6722
2652
18983
-1
11785
11716
5392
38322
19071
39534
14682
17156
33934
11246
16688
9657
-1
19990
18496
9279
10484
12128
10636
32872
12732
3570
9527
17277
23186
19814
15734
63517
15918
33927
29833
17222
11518
5176
2648
8471
15523
16504
14424
3348
11868
13
7226
13368
-1
24858
859
15986
32182
14318
63672
11675
6152
66020
21021
9603
11353
4606
83412
0
16118
46101
6892
16298
21337
25101
30526
19462
3194
3625
16416
11136
0
3390
986
18306
5564
21186
14346
-1
28332
1022
5500
11160
3781
5584
18180
2022
11116
14572
13932
33954
15496
22540
33290
-1
17443
30114
24788
11962
15090
8742
17894
34894
6162
7532
28806
18176
20378
10132
1656
45797
8216
15183
14214
1070
14816
3408
43230
20332
3536
7782
18418
18118
17226
1742
10901
23088
18182
9971
4334
29992
22848
25732
20284
-1
14940
48437
0
2521
14106
2230
6510
30532
28454
39536
23890
1011
16116
15324
23590
30631
7246
31332
21604
28022
32870
14920
26528
199
7102
13706
19284
-1
26634
19134
5117
19132
24945
2268
19362
14820
19984
28891
51240
1946
21012
2397
7142
22202
15011
20450
3734
19354
4628
8775
17374
6545
29072
8367
19490
35487
6774
14548
23555
-1
11948
13194
16437
81188
13532
20062
9149
14254
0
18242
7988
18292
17239
13629
37350
16406
33974
10380
20914
0
15590
8448
7184
68002
63056
18676
18683
2922
10786
15785
6308
17218
12373
5156
17766
74032
4458
7594
9646
0
6644
71780
31693
5871
14552
1858
12873
0
9422
33101
15057
13246
5581
5928
17832
27172
3420
15651
4355
10022
65728
21178
15778
19384
12764
20343
1140
2980
10403
14622
18318
3876
37213
44713
7214
15322
16098
16378
18882
0
15929
18892
14222
3982
16798
3138
8232
48114
33462
21202
10926
18598
32438
23556
26724
12026
24350
11038
44108
0
18792
2384
18494
19305
26436
11017
8182
8992
15485
55079
22280
12429
5916
16796
10996
19076
2834
-1
0
17460
19643
10119
13498
-1
14056
28008
22216
15374
8947
30193
30218
15720
4620
17256
15082
16106
-1
17042
5585
20677
11635
9470
22903
6652
29917
1432
31031
43610
8857
370
20908
27889
15377
17672
74728
28464
17750
0
19383
21594
25089
14595
17129
22385
19525
20701
16438
29174
-1
12949
1905
9758
11659
48524
2735
34906
11496
19626
28792
3028
10159
8426
8348
3256
11727
15451
12212
10059
20118
18852
13052
14004
23709
-1
22308
13093
3004
2952
13432
31418
22406
39684
1912
6768
19358
12976
13772
33186
8174
12201
9344
3894
21929
6116
20526
15042
11376
46822
3841
15566
1006
37495
19215
17127
21542
0
5118
20631
20332
14318
16108
40420
22102
25264
22589
10160
5406
5092
3740
40898
2030
28844
2157
14998
6124
16536
12357
14390
8800
17565
22440
6808
2646
16984
10630
16222
8
16060
0
19252
512
14428
22222
17294
2456
17054
-1
17000
-1
31272
5133
12886
10523
29345
8872
6054
4626
19278
10750
26028
11012
21660
12823
11808
1035
9774
21471
16568
6786
3378
14600
8721
16440
1951
33056
33002
0
12411
3882
13033
9888
24754
14778
24046
12316
18099
12770
5293
13496
23410
18398
3962
14771
5220
4674
0
5550
21258
35092
42926
7560
17014
3200
31708
7484
20780
17053
9182
9254
7102
4653
6302
6462
17902
8366
14344
8132
16870
13738
9232
12579
18886
60577
36410
11446
16922
910
8994
21830
16894
17027
6651
-1
1624
5652
27570
616
9304
24218
2632
13620
-1
15788
1628
13818
6910
11532
9065
16901
1706
-1
14942
37881
9448
9345
20336
12492
18286
9988
32769
8470
16209
14223
5166
8586
6238
27330
31740
313
8358
25977
42082
7970
17492
2510
12333
4905
33837
22568
16214
13016
28912
13232
18930
13908
11168
20018
8070
1953
13344
46254
0
21847
86
0
27954
46593
44925
13354
16376
28182
3356
16429
19740
21048
4913
0
29674
13533
9256
79384
22409
14588
13531
5107
49932
43126
17705
5774
6214
8042
18062
11191
10639
17666
3154
20720
10784
4926
17174
11866
3056
20036
28194
11781
2890
23543
1356
6117
3286
15792
6784
10992
4242
9525
6961
21755
12137
13992
7865
18162
4950
14672
0
69058
29230
5240
29664
18314
6192
7417
19373
13148
12111
10250
15905
23187
4850
56164
26667
28774
35590
20552
23949
-1
7754
6711
9050
23046
27854
8804
21214
8291
0
13214
13480
1140
6721
0
15948
9403
22156
8092
91934
72
7478
4594
13776
45766
21178
22730
31440
1211
9513
8068
23366
0
14009
15880
9117
28028
9549
8154
11492
13275
6632
16656
10950
19560
860
5170
16763
14804
13478
41128
10359
2016
5920
12
23670
28052
-1
19528
18745
22228
25751
17518
918
9112
13784
15398
15529
4220
14064
28404
25479
44366
52873
25635
0
20880
21234
67980
12226
15772
12824
10690
15152
6582
24446
6859
0
8112
14729
15546
10254
28858
15856
23245
27114
19838
45779
6536
-1
34029
16292
17876
11850
17870
7092
13002
15980
4918
22034
41665
25386
5429
12846
13618
23004
2483
4684
7476
15827
4008
16649
27242
88678
19100
5993
18122
1537
20376
1358
27734
7240
10512
2816
15166
8886
33296
13256
2006
6639
14325
5817
7190
16526
9101
10272
10992
15094
10876
18586
3
5387
6249
30790
22575
27040
8232
11493
5556
15985
11899
35785
14835
13908
404
19657
16508
15528
28270
8070
3920
4396
12018
14468
11556
28318
0
9834
17864
16922
19008
3315
11053
14612
22433
0
15738
24516
18855
11267
11395
18413
17958
7144
10628
10584
18767
21984
26262
1314
3896
7174
15034
11748
3150
5054
12746
14315
11916
71284
15234
14990
6712
18414
12624
16248
5106
15475
28446
3787
9388
27092
27736
10130
1558
19577
2430
3391
21602
40815
15406
35766
16194
9190
39810
14586
18454
15026
13962
20642
6650
24774
9804
11074
18606
12226
14476
17191
13221
-1
19450
-1
0
55795
11644
11681
37372
15091
19796
13528
15964
32804
4226
42682
28443
19906
4281
7052
-1
12986
5983
14759
9108
10938
33962
13282
13491
12575
3809
9922
694
32599
15640
20192
16674
17092
18782
7927
3951
12554
13206
2316
9444
9684
10880
34214
22289
7074
27474
9912
8482
21888
56665
11608
7544
27826
17202
37700
3917
16674
1935
15449
3002
23826
15026
14292
14828
15086
5026
28208
23062
9374
9768
1817
21556
6268
32153
10082
1623
18530
65976
15100
8944
2431
7684
20774
15444
1120
2488
16635
13596
9741
11798
37412
17128
7936
16969
19160
12950
24723
0
8928
17353
7936
1564
24805
20936
15430
2616
8366
48172
27704
0
12806
14101
9747
18600
6998
0
10444
60771
24840
20140
17813
31706
9808
12364
11508
27478
25504
4072
13108
24808
9382
6002
0
23042
61947
6852
16414
16566
6235
14116
26702
19593
29142
12918
11994
19845
24368
3798
18694
10689
17608
17339
0
1486
54873
6540
15948
5898
27721
16823
7816
15694
21607
21806
2912
15803
34116
5742
71230
9139
3986
15538
5448
6706
14736
11640
17842
6536
6653
18092
32957
13616
12340
30834
13078
15832
23494
17682
51190
2640
0
25448
26878
3413
38156
19151
15788
12268
1686
17080
1980
24324
9488
6529
25508
12952
39680
16160
15589
14092
17962
2129
54258
7060
15558
0
17011
19528
22231
17826
262
-1
8330
35093
5449
26458
23400
-1
15708
12756
21116
4318
0
6252
7384
50194
10326
9410
6647
18973
20373
0
33806
12730
17790
11850
20038
23060
-1
24798
9417
20014
16098
16695
29010
916
0
5830
8110
0
20361
0
15528
16118
627
7277
10849
15138
86868
5272
10627
6976
16749
23680
4636
15918
21749
6993
12127
31982
7778
2204
12016
14831
8900
17978
21326
13106
14042
19798
7953
6542
11416
5021
13179
8595
25640
4366
12356
10732
12424
26807
14362
20227
24378
12076
9876
11586
9908
32530
2444
15990
9736
42064
19180
9679
2995
86542
9542
4396
16468
-1
16464
13342
3786
18546
26862
63715
29952
18348
4828
5043
16223
14766
19154
5174
2444
32477
5597
0
11273
9139
16576
8522
6428
17974
24042
13415
15644
14073
13706
16015
-1
9916
5564
10196
6256
11423
10587
7714
10344
2303
6631
27600
22537
1808
19742
39190
8580
33262
54646
15732
3196
7763
29344
2711
19426
0
81456
9072
11852
16676
17590
21414
36827
-1
9217
13140
31750
15789
17732
4206
4858
11016
15958
16536
47540
17443
11546
-1
7924
100
18408
7396
15166
7499
16802
16178
7238
23350
19878
14658
1887
16124
3753
17874
13570
13244
-1
16670
3372
22134
15556
84606
16890
0
26512
24612
5980
14680
22007
0
21894
5121
28076
21969
25817
24135
15938
72484
38334
665
42835
23970
2342
660
9026
4812
14540
89224
5051
11543
9444
1567
4100
16404
14491
17165
3179
31585
8478
-1
9998
16868
2171
22228
16034
2329
66882
10537
13227
45822
15301
9868
15626
42014
10924
26134
22364
22506
4317
20792
8900
10792
4916
17396
0
5534
4630
1440
16494
31968
1996
25713
11562
20303
15948
12860
22763
0
0
74638
19632
22771
1604
1164
16693
6405
22898
15748
1683
7742
15713
15650
19210
6668
15977
42176
16060
22806
34980
10844
1856
47606
11838
9218
32898
3177
21993
6936
26032
24055
14876
17160
30904
12651
11528
3666
18548
1964
20972
6928
16444
16912
2962
7858
23056
16253
14606
15320
0
11850
20124
3098
49146
2753
25048
11172
11086
27836
19024
22761
8929
17024
3356
21753
27464
6978
3086
58428
4112
6568
34790
5378
36854
25950
10596
11712
-1
10220
18790
25794
3188
9802
28224
9802
7706
11492
4920
8234
22772
4034
15166
15396
2785
21969
10082
52722
72222
31488
2804
0
23219
18419
17664
15596
5096
6512
14624
3418
15986
24130
7646
46832
22590
1816
6428
14534
12100
18559
42416
11636
16804
20890
14839
2170
15224
22186
19086
19396
6544
17542
17226
14614
17402
17490
13493
13768
9506
21345
7886
10129
17434
834
2036
27032
28134
23651
4138
4
16320
1624
10681
3881
20690
13027
22298
13815
7970
34870
19974
332
9497
58924
7158
16621
17067
11324
12160
18018
2548
25360
9623
11469
1718
10700
2298
5649
13482
26456
20126
32536
27407
4010
6902
15134
15742
39362
5120
19217
7482
22141
17012
14748
43130
20646
12112
92
40690
10985
41104
13690
1708
16604
28890
5168
-1
17024
10772
49590
31946
17130
-1
17151
10598
15785
10136
14202
12034
13198
13996
8724
13907
37242
1432
19770
5384
18670
4247
14605
15728
13430
12000
11924
27017
32314
8986
64140
15560
9626
2970
216
86652
22888
11800
1374
10814
13686
12498
18689
-1
5532
30238
37956
17898
5704
14794
0
11260
40246
3025
21840
14424
28308
32286
14700
13312
19968
0
25451
33260
0
20251
2222
15666
12985
15510
1018
23030
16851
4298
14680
17674
0
20356
15463
-1
3784
15638
28160
13166
31368
30104
9500
12176
5702
7716
30294
53354
59148
4506
34516
3565
26631
5472
8264
37524
8206
5094
15475
9026
10245
12501
3882
9602
14022
46
8707
4158
2410
15172
22370
90994
13166
16250
21124
10792
8378
28090
2708
37852
20188
28161
30874
15980
22612
-1
17656
-1
19322
1986
1109
57182
19250
32214
9088
11408
1083
18928
11583
15006
3708
18028
19986
25794
5272
33404
19080
6534
23940
12572
5682
22440
-1
11434
18845
7614
21050
890
19475
24982
-1
10719
4486
12462
3798
8262
0
15863
45902
23210
0
13599
16161
19296
3534
7178
34296
8638
25420
2970
15464
2432
6384
22168
21488
6895
25683
14946
3314
1474
6924
3974
20274
25751
11542
10932
0
16942
3291
13374
27916
14122
19562
25389
31512
14690
31460
3806
13465
2626
10080
46022
13122
1136
6496
0
67
-1
10648
13575
14494
23808
9045
15393
13517
4477
37780
11468
4222
22838
18530
39107
16052
21363
24669
43118
23930
18197
12547
10675
18436
20578
3833
13136
15443
61029
4296
15084
9622
10304
3486
2602
2331
16974
19596
14364
15070
-1
21104
4932
5870
4976
8918
10813
15930
16033
8396
23699
9018
17439
17378
12766
90876
1068
36653
-1
4810
13288
13294
21942
7726
29505
10154
12518
71480
1041
2782
0
5920
16122
9486
9320
17024
13296
7673
26922
11603
18224
0
4620
10440
15436
3292
42252
7159
74354
8890
14749
13019
12522
78090
6436
19988
12009
12824
3760
5253
10587
8636
25318
2700
16320
24138
26778
30483
34522
15946
12910
13510
3460
6314
8391
58995
0
13930
15888
4333
10674
13266
26116
35426
45279
61190
16329
15545
23126
13052
712
10292
3616
16239
31966
13528
5784
14451
4958
10109
4600
14240
11830
24916
3508
6823
7104
23979
17032
2820
8832
10353
5346
19426
15558
12634
2865
4100
15216
9792
15750
42110
11568
14563
7861
5442
12637
6070
11990
790
9376
12244
7682
19830
592
52530
12696
20332
64664
27872
4478
12532
31004
15120
17902
18954
1838
21412
10022
8818
10371
29887
10038
28440
10316
3809
20831
6478
7666
22702
9880
18308
6883
26960
6226
16006
30610
18192
18493
16758
20540
4188
16040
1992
-1
16416
20154
22756
8898
8324
5758
3444
0
3526
21304
10036
18834
12872
5735
15985
26823
26398
20408
85746
18663
5478
19696
8787
40248
0
23690
8022
43121
1579
19796
33780
1166
18328
21440
2256
29804
3452
3290
16526
939
22110
12010
26039
4763
12008
25440
59888
9100
8016
10084
7865
11724
19918
17600
26760
23456
623
166
14282
6260
15270
20158
4422
16796
4400
30504
0
15648
13485
12250
13496
7770
14592
16042
13290
2218
0
133
14972
29836
12764
14028
65556
18220
18504
1513
7139
17820
18087
7634
21062
22615
23542
4178
17172
-1
63748
14626
13338
10398
6337
16654
5230
18012
23811
15394
39664
19122
22106
3161
3480
18631
10658
58778
18742
8974
14528
10519
12092
27428
9300
1584
0
6
15674
12614
13556
9262
13428
8854
20454
91658
16822
1170
12255
17775
15476
13442
10962
15078
8490
46167
14670
17098
19160
10242
4584
6442
20469
22660
14115
10310
7714
11246
19637
15054
2072
19950
20908
26472
13214
16892
20038
15610
4144
22164
12044
18593
15426
79206
30487
25328
17472
0
13238
0
6802
17526
9100
10979
1557
15246
8896
38642
634
12584
18176
38453
-1
14234
7586
5191
19140
2785
17589
178
9416
47018
337
19185
8178
13514
18024
0
14907
3768
36774
12835
9872
14216
16203
16842
19674
25652
25674
15038
26064
0
24097
4505
28661
16023
17457
3540
6072
8356
7324
834
12237
75568
12
3020
628
15372
8487
18178
34726
12780
22932
7538
9496
22084
29056
5986
5920
5643
16065
1904
20000
65624
4247
20248
6
18262
29186
2344
16869
17448
5014
17344
34898
2092
20117
6821
4852
11534
17911
29044
12272
6286
10086
6
0
7602
20698
18472
7234
36896
17183
-1
19655
19360
22669
26820
3188
8124
20182
11938
11014
21860
8810
15739
10618
15103
1728
24476
2942
3696
13001
18750
15353
6867
14001
7022
3484
18046
4027
25530
11695
15558
24478
46388
2314
10858
41162
15606
7336
3281
80302
-1
36714
15649
15190
27088
19567
28488
14962
6
6256
0
16614
10348
15408
17103
12628
9376
13828
13284
3832
18960
3656
-1
10823
27272
22282
7168
70728
1015
4674
14268
15087
63154
27332
8370
20292
17884
6130
6858
27976
10971
35124
15623
4806
20178
0
14922
16254
9106
23362
16470
6082
25374
12926
22340
45460
16939
30570
29910
53062
-1
39426
14946
11884
9666
11156
2848
1374
12056
17015
21473
3111
28808
-1
57901
48685
17012
11784
38113
11970
4001
19740
27832
35077
4424
7172
632
65193
6934
5454
1330
10810
28740
5577
3336
23004
2052
17748
8849
21148
7286
25203
14637
33905
44061
14176
-1
13886
22224
18487
17022
3416
24614
45758
7055
2
13467
1230
24495
18078
11836
15957
19332
39311
20262
22887
10978
14778
8538
4358
17398
16398
26
10813
13760
3334
62310
2046
44278
72300
13022
10412
25689
110
-1
3290
15868
12968
15664
16336
21083
-1
3962
2506
0
84234
18183
13917
6767
27578
29311
8971
20437
8610
19889
13530
14984
14696
22250
38026
11378
37910
2580
12840
16687
9987
12098
17026
29090
3198
6755
12060
6899
8429
5303
8182
3568
5733
13452
16392
16395
14190
17298
17118
15370
6456
12342
19474
74572
13805
9483
17776
17909
55986
27732
15914
11582
26432
35954
9281
8082
-1
11886
0
7332
20255
15413
12272
14169
10776
14974
16340
0
12372
11906
7182
23400
13659
13812
6266
34733
33003
6086
15896
15670
15104
12710
936
14576
11378
9998
20615
11597
690
16458
18375
14947
1375
2774
14232
450
16228
14516
24950
8198
11616
7739
18602
13587
6288
10193
15137
12352
15486
21875
27917
23932
14322
7466
16874
5950
26275
8758
75958
31797
8864
4196
16204
24526
25402
12306
12534
11905
3002
6686
8480
22412
10458
31734
14598
18356
21862
4264
10826
18948
21900
17360
7518
7660
13586
17636
23932
16764
1464
17088
13858
24129
4056
18868
0
17912
13178
2390
20524
16687
2852
13015
-1
6007
5424
10413
0
160
17046
19
-1
14336
19033
15024
6626
1274
14188
2579
9316
6186
23334
15070
32994
2998
14180
10094
28958
11656
17142
11419
14210
2522
16318
25831
4193
11552
13356
13111
2114
15344
48250
16378
24330
11764
9508
10070
8787
5648
14234
1771
20687
13162
23637
17076
5624
1261
28
5366
28458
1378
81676
5732
4088
16190
9888
16698
4304
8498
13292
16672
9502
5763
10120
29584
11638
10563
252
5932
4274
-1
10199
30252
15624
-1
19521
590
12538
5299
11921
19808
8158
13264
13662
15522
2176
1636
7544
25556
13054
19132
0
12234
7702
33640
14324
16554
16709
4130
39950
19396
4586
7014
14850
23658
10694
8746
6552
13360
6972
7258
5755
9999
10958
10639
14289
12672
11765
29818
39602
27476
2
1506
7886
39299
12174
8553
15136
9686
2827
4543
62020
7494
18231
12018
17028
7621
21280
8233
4124
16195
16314
19344
0
25355
31488
3731
13308
13925
4962
18786
13018
14230
5121
4596
62610
18108
12984
10421
12074
20150
15918
10520
7244
0
2454
14946
20722
18197
20940
24332
3054
4866
64236
17810
16874
9445
6302
65158
14277
15605
8962
980
17753
2895
19917
14981
15534
3371
13990
21406
10858
9042
20172
10912
12958
32975
5294
34693
3418
70706
41236
39753
2570
13441
7023
5897
18068
20088
24924
22176
68654
20950
20794
41489
0
30774
12902
0
55407
5192
12750
15096
65274
12146
5230
6822
49166
17064
23284
12630
11480
17168
9438
8960
16626
42
3886
21068
11340
58772
8102
21502
11614
27390
13720
16207
44716
5463
6967
9069
0
9907
13854
2748
26640
6514
7757
26324
3210
37808
14982
9338
17451
15447
14770
12860
15172
15402
4440
494
14506
29400
13119
17118
4745
7210
9131
-1
8413
12780
11746
8894
-1
11742
16766
8527
14778
14357
13020
10015
5724
16810
12026
13950
37294
19037
-1
14830
32600
10447
1865
19730
16433
15786
6190
9314
13152
11898
14228
29688
14881
13876
20658
10762
14920
0
23712
10265
2432
15179
40949
7928
8798
20654
12944
34565
18538
15909
10060
37315
16890
11492
22991
6353
10592
85880
22514
51346
0
68
11696
6774
28102
4282
32150
20518
23060
14853
13464
89278
7886
19390
4187
27323
18201
16052
15970
1983
24772
13108
8036
16230
6193
22198
64540
-1
11282
12044
30256
8070
51526
9422
17320
1134
12286
20750
811
19552
16184
16888
21158
11539
16915
780
3108
11042
9570
9352
1904
20194
5823
13753
3935
36521
15820
20048
14768
16363
13648
17792
-1
8554
7812
8296
0
4951
16889
16959
22474
24727
9335
-1
30576
515
15341
-1
14161
12738
22720
34554
2194
16916
16806
25428
11205
10932
31087
27912
58508
14210
14642
3812
15180
6292
50016
15666
0
13886
20045
25498
16530
10756
0
7859
1994
19466
7156
8822
19262
12234
8875
13260
26427
13962
14583
1350
8466
25018
3192
29844
29376
8504
25266
7268
16692
50950
6475
20657
14182
12416
12696
16112
18156
25522
5686
14775
7983
45362
3714
13339
13612
22959
11240
25585
2912
7795
8642
19767
22701
16774
17562
15848
16552
0
16882
17770
87516
24246
14130
14284
3206
17996
10316
-1
15674
13304
19512
8166
4225
541
16902
15796
39332
15318
20005
31233
15834
8562
11040
6968
23457
13694
0
5306
21744
16057
32402
20488
42452
38922
16260
669
9644
5342
5892
15510
23354
49816
537
10209
18746
4940
20140
83970
2034
6568
5836
4502
14794
3084
7578
25625
3729
11676
11067
9732
12924
16858
15341
10158
28016
29049
18359
12117
15077
10244
20388
14996
12843
652
17510
7313
17084
16262
20509
4898
20910
30546
10052
6262
4160
16628
15848
26672
41946
12388
13018
14217
18921
91734
5188
18834
6445
21314
24710
22280
12534
10288
3046
8928
18677
7712
10752
3765
6694
13138
1220
15388
2698
19258
15282
10446
15711
18494
5718
7686
12877
26001
19494
5618
8846
87834
18432
15628
21754
3702
84402
17486
7098
33020
8210
15729
4781
8474
13954
2739
8397
16152
6584
17632
22474
88604
16187
12672
18586
4016
14006
7362
18010
9206
8963
8014
13032
15983
6481
5236
5646
16273
2789
4672
5480
47622
3198
44492
17938
22742
13034
20108
306
14827
824
0
16387
24314
23626
11887
52390
12796
19960
11728
6907
38139
25502
22646
3954
10724
11682
15198
15534
35913
9608
12940
17328
1902
18442
192
6848
7100
18147
6862
1725
27726
11591
6510
21496
27448
9622
11542
11830
11168
59764
5558
24780
13877
32282
32137
0
2346
11062
12192
15906
12662
48316
22695
7893
39120
176
20985
19523
20781
70818
-1
63418
16822
14243
9820
18413
27886
10912
-1
-1
-1
39050
21551
11716
7380
3244
32946
11999
6206
12936
6074
3006
15116
12981
47766
16532
21176
13088
16014
584
18912
22210
5726
27756
19592
17873
12971
13323
37976
5800
18398
12964
24930
90012
15204
56894
16716
6077
1772
16817
18815
4602
15708
0
18661
1604
27934
12862
15813
23899
71188
2510
0
3986
33210
19118
8586
12988
3679
64416
1856
42572
16440
14472
1076
16385
11027
10930
9198
120
17230
26530
0
80696
3604
42266
42371
260
16596
27078
5730
30852
1238
15111
8385
14023
2254
7703
33554
23840
22276
24095
3452
16200
5753
3692
14434
20434
13064
74994
17294
10947
29133
26134
11086
6287
850
7750
17534
8520
5075
14256
5
45114
3008
25142
12296
34086
30758
6567
4348
12894
18444
12435
13694
19804
18376
87860
30032
9354
18132
2694
11139
19088
11824
-1
4
16355
14644
118
23392
30415
25884
15597
20660
2666
9963
16379
29704
11808
3066
15421
21592
29624
69624
13756
15076
15154
35893
0
14258
20740
3924
25786
5485
2204
236
24540
82236
20676
29526
0
14977
0
11439
29314
32315
19080
13912
58024
13284
16362
23700
10690
8037
15927
19816
25960
3176
24534
10351
0
7130
11008
38104
12824
11722
0
0
18248
838
-1
89440
206
16864
19224
10226
14870
7349
24176
49446
9448
24338
23006
14380
5394
17796
18408
13928
84244
11646
28081
14884
29362
5423
30606
6342
40751
18840
19398
3464
6464
86694
16388
8828
19798
20132
10874
12491
1988
12586
12616
63170
11658
15728
18811
13842
21476
21219
22930
27364
1168
16740
13058
21065
7659
6438
4924
13651
12820
9690
11184
14748
6251
16880
12081
15619
15946
10271
39038
31543
38065
33938
7694
37541
25116
2578
36213
13200
21628
10758
18506
8534
6960
19232
7920
8005
3940
28806
7798
13813
11039
2436
15660
15246
35914
1399
13316
-1
9518
14038
40344
12340
3070
2152
25172
695
13348
22716
22067
3268
14472
18203
1802
18334
23198
11740
48268
6465
0
-1
24182
-1
2018
22352
19573
16646
11538
0
1096
5615
16975
20281
37245
3862
6754
22124
13544
15552
12192
40796
5292
52172
16756
12808
3040
-1
17826
11310
5272
3882
12434
17070
17722
9231
26232
22026
32231
6922
11853
4554
14862
15603
40456
19833
24637
45858
24844
20161
1814
44838
6389
6204
15248
17624
19432
5266
14508
5982
8632
11711
2548
18743
14388
4599
16512
3276
60
28915
4758
29165
26706
5296
6348
16262
27908
10998
14390
492
-1
18310
15734
6058
-1
17328
34602
8972
19393
30762
21598
13254
15110
4586
11092
15466
16126
16178
686
10999
15006
35336
14764
9174
10164
18802
9104
23873
18520
20024
74648
88674
57484
6682
11674
24091
27418
23257
25298
21348
8803
-1
13580
24694
14850
18826
11072
3
1952
2282
28737
52236
10047
26036
12232
9196
2015
11402
28412
16760
7512
17057
21401
85222
0
50962
1290
20267
18512
13346
0
-1
698
17510
32684
4715
11496
482
1741
9950
15390
8326
23632
15170
270
4482
17712
24438
13988
22808
18776
14464
25872
19555
17972
16195
21384
12434
15647
17692
6526
16602
44666
21090
19812
6885
17725
2838
11486
0
19510
0
2304
17905
11570
13960
16637
24856
2999
6942
8192
14322
10694
25800
42908
14918
14748
29224
11157
8179
13328
12485
12872
11328
13606
9964
6552
15314
3710
5584
14951
17539
11847
8422
6977
2138
16030
14024
8342
2720
5120
8556
19965
32410
9180
42960
11536
-1
38284
12310
5035
7398
0
6120
28960
82578
20662
37134
18944
27534
0
8425
16218
9484
51984
16472
4117
11738
14148
46792
24098
14690
11749
4614
3833
7338
4758
6850
23742
28107
24785
-1
-1
11248
17322
5742
8732
22750
15938
16460
3744
16201
21364
16517
5408
8422
18518
5521
392
0
22325
12542
13920
15789
10960
20223
28133
22663
2316
2762
-1
4549
0
13746
4327
2442
9482
12961
4299
10950
8484
19006
10662
9126
3444
12752
1046
22064
18424
24208
15728
11750
0
32458
15777
27594
62068
64285
2322
4518
13866
51980
8768
15277
8352
6462
1490
13152
11212
25347
13194
651
14674
3880
0
23919
4712
17036
12546
12484
10150
14244
3498
27786
7074
15673
9896
39188
11976
43137
-1
19886
32470
24808
17844
20984
29520
11909
16073
31637
1968
3834
16916
6620
1246
20612
6782
12050
25064
22306
10205
7979
18768
19000
37494
810
46750
14796
40594
9258
0
15781
9426
8032
63
11802
25653
16126
8788
17839
0
15882
11396
8974
36558
11334
2632
3398
12273
16978
8081
3111
61212
20776
20702
10476
13806
870
1116
38344
19966
8324
0
15753
56225
8089
19112
3560
9298
0
2
20572
15540
14678
16520
18468
17294
30634
13260
35660
10190
0
7818
19568
870
24108
-1
18464
2750
11030
11572
24320
16616
11786
17659
26914
65044
463
19244
88272
11771
14684
24796
7483
3244
16606
1186
16350
3384
20790
25218
21803
14357
22101
29281
18588
15591
31229
18148
0
16380
3587
6524
3275
20586
11030
26945
15681
26688
530
16878
1479
12495
15954
6928
89838
17820
13504
1896
31242
6794
11982
6018
-1
15592
5072
24812
14100
0
9736
11115
35574
27322
19912
21828
5748
30137
6221
11470
6632
22458
1418
20128
25060
22752
847
4774
37249
22270
61582
17645
19646
11332
1791
47644
14150
14281
5016
37580
0
21022
47434
33670
34912
34298
4
47428
22732
13084
19198
12388
2132
4583
16654
47498
23057
7095
11560
12678
15390
12866
22968
2560
29098
49486
29269
6596
64575
11564
13576
10846
32916
13874
11659
17552
11240
75572
28332
24556
16972
-1
26527
178
377
4538
4240
20847
9832
16283
-1
4631
20898
17228
-1
30708
11604
21162
15266
19571
5802
5531
15539
4937
358
19426
18157
17763
10050
21388
9069
12526
16499
15988
1002
0
29464
16714
17849
5720
16055
12626
40791
11798
-1
0
31038
14014
3401
2781
11464
14922
10034
5502
6233
13048
27448
16588
11973
54297
9082
12880
19054
6693
15700
23236
15068
8953
60614
16402
10478
27168
10851
15374
2392
27018
64906
19728
17659
49472
8752
24410
19730
64515
18746
5000
53210
33579
15917
9971
4261
34053
20063
13472
17216
0
9986
17190
48435
23136
3314
7340
12005
28930
18522
2720
11692
23204
12837
26106
25247
64173
3588
-1
21014
1694
13241
2666
23080
16944
19704
6176
1904
50439
21576
34050
12380
19676
15621
-1
32486
6471
1180
15536
15908
5054
54838
9907
17100
11806
13792
3970
312
59171
18915
22694
17116
0
1500
38987
822
15048
1930
4376
13676
13122
35163
0
13834
10150
19113
2580
11369
57245
12455
13490
2326
0
18122
2830
13620
846
16874
12428
53755
46238
4498
22159
9694
16528
10698
4942
19062
2912
28496
19506
19446
-1
5431
12794
18640
2360
17272
5128
6552
65670
18488
12118
14932
30242
0
9280
5252
-1
4784
2148
2385
-1
17492
0
7957
17392
23448
19843
7730
2278
12286
55532
23553
-1
26070
36246
9060
8040
0
8460
9790
23510
6100
21242
8948
3668
26734
23852
14857
16480
8130
13778
40633
20872
6667
5496
9030
-1
45513
15134
13652
12004
1006
50040
1702
23204
9278
14556
19762
16504
5969
11417
11446
37821
924
833
17842
17110
15275
23814
34592
1188
-1
0
14532
12920
12481
14296
22645
6098
11220
15616
11882
34082
-1
22886
720
13849
20046
1408
13662
6758
28688
-1
3960
41302
36084
39170
9788
11433
24894
41823
25372
88844
18110
32130
31771
22464
24596
2035
22056
91904
6825
5610
24675
3513
17068
15501
13758
16026
4356
10598
20217
7690
2926
11280
5716
10087
16767
16260
21708
66
25241
3562
2541
3600
14694
8348
25383
1979
15422
18935
14834
17843
12622
14498
-1
5536
35276
3452
11123
21126
17190
6028
0
17008
17512
5748
15966
13980
21148
9310
722
5759
376
17411
20837
18492
7238
15706
13907
49072
14093
21274
22034
15888
12584
7906
32139
4770
11026
14686
16904
22465
15344
11068
14080
14379
0
15644
9266
38150
12842
27570
10270
712
22404
17996
18017
2252
15105
23028
12560
38314
4704
14118
4228
19302
-1
8826
701
18463
12659
22952
7115
10548
24497
6528
4318
8195
11625
5500
19245
2509
12815
18861
280
12044
0
22976
0
21856
27602
13188
15380
1690
27424
17384
7273
19442
19352
22806
5739
10065
222
6590
2035
0
2932
1768
11
21960
1421
7046
5810
15552
2506
2266
14518
8102
2886
19630
38555
9663
52002
21866
102
1375
2786
8525
8542
9241
11348
21352
24894
-1
16956
2107
14898
12448
13670
0
14207
18482
17132
5939
5076
17824
16844
13274
7478
0
18626
10806
10434
13324
14712
6956
56726
3644
17326
10182
25568
12888
29759
25785
4318
17262
3072
9382
1800
19932
12111
7356
13158
1680
16902
19669
18353
35984
16972
5336
12863
944
44615
16650
38922
11888
4039
28242
14337
4802
53538
20620
3574
14260
3700
870
22470
31692
14142
1703
3255
33730
24750
19492
21028
6630
18342
4186
34242
13780
9396
6037
16295
12442
71278
2
19690
16366
14794
36232
0
312
20746
11566
3508
16342
7411
80598
19855
16718
24030
14
29513
15650
1890
14650
364
15456
5850
38410
14133
27871
11822
11338
6907
3660
4572
19380
10166
15684
11544
33412
17706
18129
11872
38426
36274
31198
11651
10284
17900
21602
19119
13126
17688
9618
-1
14650
838
8
15978
4
15986
13961
12432
25264
25806
4173
2196
9032
4104
15262
14237
14344
11181
0
18010
13914
18088
50312
14307
21180
22096
330
16046
599
16678
15444
21126
14598
4840
18412
2
2116
21076
13148
3296
7851
10982
19554
3858
800
13754
8174
12724
0
3800
11526
17452
16348
15959
32506
24736
20056
2691
16632
18276
3542
13208
43312
8518
17005
7201
4306
12656
15518
63415
9038
5326
15547
8614
40798
30079
28850
21160
3742
6392
7248
31969
3062
14763
18120
10211
20928
79626
7407
10196
2
14272
6893
11848
29664
36955
17592
2172
9554
7316
62186
3864
8525
22009
24226
11737
12525
5090
4360
4988
1898
13777
7538
30764
10079
91508
16564
14440
29952
16776
27068
22465
32580
14940
4428
16096
10812
3848
13416
20908
21984
7187
5826
5332
13962
2742
17438
14882
50220
11954
8681
9908
4023
14475
19190
0
4559
45036
18298
49616
24407
0
14676
8104
64073
23646
9978
0
8630
18370
23628
16160
10908
11195
9583
13488
15092
3554
4634
6451
17336
24160
21915
1438
12478
13096
23447
11685
4388
4398
1122
10125
23172
6225
28143
6711
5076
-1
14574
10994
18684
7966
12882
4328
7944
9210
39173
6654
19164
7472
5588
12422
38862
16482
20843
13097
608
52558
986
11397
33640
-1
13775
4676
0
6279
11875
14614
16902
18282
12734
0
9352
5084
13958
13172
13272
4548
4269
0
21060
19195
9994
13182
3466
16835
17000
26288
22930
19987
-1
8674
4
23289
5410
42770
24866
21592
4042
1144
15259
25718
6048
5925
5300
15645
25137
15007
6441
12301
13510
4122
12798
7044
29669
26202
25767
16024
1206
29536
15866
12980
8386
17246
16950
47802
13118
15761
88214
5089
4488
5462
0
28206
19583
17135
6237
218
2537
9059
12150
2272
12378
13047
13834
11550
13767
13156
6528
9777
9760
3927
22334
4819
15055
8018
3757
7460
4658
13520
10880
27136
18056
10694
4698
10166
40859
19284
8508
10436
22523
14602
16318
15330
0
5282
1151
5026
12196
23704
62184
14337
28826
13380
0
33734
16784
12600
-1
6792
0
30586
11546
4848
27234
1436
19756
9212
18079
2585
2170
942
14047
22620
16326
5946
112
7668
15069
54360
7805
19056
22704
44000
0
15812
3422
11948
14008
14937
18836
14444
9388
14882
2710
20284
18911
10012
6618
37974
349
12088
9330
19330
17550
1936
-1
56852
13955
12438
38916
12650
16175
26922
17896
13293
8385
20382
28010
2311
3509
19898
23742
3378
-1
1714
10834
6722
12830
4403
7407
19075
15952
7079
60743
3912
11194
16661
1254
22897
54754
9862
19292
17965
17236
10346
22853
7520
8722
7464
28990
6940
1732
10094
17276
19450
19740
16378
23948
15384
8021
62684
25754
2749
7554
14423
18424
4444
30914
4754
19881
11521
24112
154
2089
15177
21132
8708
562
24053
11100
-1
7234
7162
2495
2332
20682
6701
17354
-1
618
23135
7410
19070
16008
2219
29522
9106
29880
3311
20425
1485
0
42886
3
16852
20140
11696
4383
7704
13740
-1
35120
22278
7460
22153
6924
19721
11034
16231
14384
16398
19280
21139
14475
8804
12206
2013
7034
13578
12941
2946
13830
18688
16305
62358
2130
15575
20825
10456
14918
14470
2918
38090
25136
25276
10682
9404
14052
8025
5241
15296
27948
23540
1616
11180
37593
17399
12140
29170
30254
5680
3930
2971
11946
8365
7060
22513
47354
5262
10579
16226
11600
0
20552
17050
13261
15934
15997
19772
6639
5680
15068
1004
50256
19260
13553
30834
164
32408
0
30990
8055
13548
2
17687
-1
28582
41800
18328
11620
3866
16404
13335
32614
13962
18820
11464
7052
4027
4927
6872
21776
0
17696
6
16304
3387
76844
23397
10413
0
33123
0
17432
20280
30016
1052
24670
20730
15382
22704
8159
16080
12794
4826
17733
10672
25792
16495
21326
18404
2
11944
20158
11556
18270
52674
23274
19642
1759
35981
21235
62520
12742
21230
11864
2727
8700
15166
0
20459
3955
767
84686
5584
10570
11981
15394
14408
12883
13470
12071
9710
26077
18145
2796
812
8098
5706
5184
12066
3844
34494
27674
22760
29120
10804
15973
0
11736
0
8130
11452
13613
13112
4715
5690
146
9560
37173
7480
10266
27996
3384
4363
28282
0
42614
0
8364
7586
60078
22400
4263
23083
15136
5056
41590
53333
10402
12858
9732
10810
30114
23036
19216
411
15697
18230
17509
27455
34813
896
9570
11570
22182
8222
5181
59474
50846
13410
17213
45328
10806
23014
29838
41431
39150
4282
10086
19092
14548
3819
7396
53214
516
19118
30024
-1
3848
13158
5394
23022
4726
13651
4564
3700
39056
55764
9206
17564
13693
13730
57198
9440
16070
2950
17334
19730
0
6265
9324
11224
511
50766
8872
14132
7526
11404
3352
25802
14290
28819
15200
6014
10520
66408
25949
3316
0
4626
11492
19152
8868
27232
16040
16432
8659
20284
9025
3292
28382
16271
27809
6787
0
17364
14850
13222
3538
16494
12405
32438
14070
37092
11586
24572
1582
10420
580
20130
7420
13332
8481
28662
21126
36398
17590
7366
17260
8326
14280
15050
4
1671
19516
5944
25000
26460
17816
20276
8718
27374
16428
0
4328
944
2783
-1
10698
42353
13944
20779
7999
23678
4200
14832
19338
18757
22183
16551
9094
1526
976
2606
5688
3633
0
13375
15394
13280
5768
32576
13472
24532
10399
13864
15584
22942
-1
12
13026
3012
28500
10796
28860
874
31922
21419
9424
2681
4527
16521
42900
2329
19972
10604
2736
6342
4133
12303
11874
8948
1649
86088
5652
2
5210
497
10996
493
8496
22646
72396
2826
15278
4866
8278
11195
20134
41126
14952
17052
15627
22912
18876
31381
13822
15370
4859
8456
5098
7840
37013
20357
28143
3678
15190
19314
12550
25216
2445
19252
9547
13610
0
6977
29205
38258
14553
27245
2942
26294
12694
17574
20576
17175
8806
35004
8842
0
0
12180
0
9388
10070
16706
0
10769
18260
-1
5849
23452
33190
15718
6695
15776
0
21331
62555
13072
-1
9078
9339
73632
1873
21672
13788
7258
40450
0
7642
13528
16392
21727
0
29868
2
14506
14948
13195
37690
4384
33858
9159
2576
21242
15508
8885
13878
12328
18864
16299
21052
21606
8972
15862
49480
19154
49650
28032
8142
8895
10787
7472
14145
26098
3574
14884
758
740
18282
18701
2682
7656
18960
5330
20616
-1
16326
6
29262
23793
28414
32538
3276
13734
10472
22040
16310
22359
13337
0
-1
12554
20721
11184
0
5056
0
12964
21830
-1
16372
18475
8658
17160
16136
4654
-1
6638
12808
6072
3586
9796
8
4728
22060
15951
5030
8966
15838
-1
18602
18326
26716
-1
0
3386
696
-1
13549
11796
4183
26536
18386
11738
0
56484
15941
14752
17090
16520
21942
4970
6279
15057
9348
226
11195
19202
13374
10769
644
11054
1858
9106
17816
17500
43316
7872
8826
5890
9816
9852
16121
52152
11126
3862
10082
65072
10884
59684
12275
15858
17738
38582
8341
15967
35282
20747
9900
22131
6628
16805
8546
12274
41165
7517
12762
28308
11940
29455
18951
8293
16504
1
10146
16201
7879
22754
15388
21044
63369
5655
15272
3196
25906
4186
4056
6346
222
316
16618
21707
22125
11426
11740
17074
22686
21020
19858
5932
14755
25946
4986
11176
2602
10576
20024
17313
3428
3424
10058
19114
16716
14634
28400
20060
2566
-1
1879
39918
30034
19847
6546
13946
2928
21665
10350
11220
9404
70986
7496
17034
10879
16576
8808
1745
6009
786
14866
7994
13422
40032
0
24742
20183
19286
18158
11126
3588
11236
10817
24033
81968
14928
17092
15768
16516
3568
81830
4245
8886
45
18365
19542
29143
18054
14402
22839
12130
19179
9952
8722
10476
17670
12104
16742
492
17480
68954
6548
9864
5754
18760
13224
13338
15754
17011
19302
10152
7025
17042
16962
58449
2165
7293
15482
14163
10214
11324
12196
21446
80856
9485
2083
5357
17608
21084
14334
17806
4476
2522
18188
4769
24114
4082
18626
11247
15134
16868
14640
6397
18948
9121
52719
3216
-1
13238
24198
1238
19374
13570
-1
0
7559
8969
9210
45206
15616
27829
15922
22984
8886
19495
12919
8164
32668
2980
11533
11738
-1
11342
14946
41038
23745
1469
15168
12551
9282
24304
4228
11272
3916
25790
6084
4166
13190
24228
14373
18765
14284
35084
14742
9522
16924
16515
390
21692
11896
1118
7336
13285
-1
1393
8276
19066
20816
2766
27656
34
14337
12887
19021
17232
4962
51342
23030
15222
2466
11870
8854
15958
7784
16824
7172
4466
1903
2
45244
1553
16058
14644
9312
10876
5546
13417
11745
389
11780
3612
4683
6337
4432
25716
15882
19979
7668
22323
0
15383
14290
2920
30816
16474
11805
28525
10550
24752
12367
4462
11402
18329
13779
32976
22748
4108
13377
23653
9543
-1
16572
15704
19405
11394
13110
50836
566
11329
17444
8158
13106
13556
1009
-1
0
16025
6030
10625
19037
42552
18723
53758
28885
-1
36903
10184
-1
17686
15604
8332
9022
13620
4
55026
0
11835
5278
2096
2242
15831
15053
19194
14864
13322
10434
15292
0
17154
2878
14050
13819
27658
19331
26286
11208
7092
11999
11376
17716
3240
19732
9378
4038
4668
31659
8750
3937
36150
4190
8330
21369
5206
9
12562
11766
32044
15322
6705
800
8784
14134
38056
8422
15122
19734
27604
18154
48354
8554
13850
1443
33016
17887
34936
0
29591
5494
4070
8456
10966
18454
22524
34845
15370
20710
11936
16450
16114
15610
34813
27624
13544
0
17181
13242
76304
25876
14918
4128
15599
15478
0
31454
2086
8825
11559
7048
6752
56294
7001
2612
16565
2303
1234
24356
13706
33386
-1
57598
18718
2030
1648
10432
74172
13979
30196
3824
32741
8914
18162
24995
8849
21587
16262
14540
13040
4566
0
25977
13130
12764
4744
14424
22370
23726
10691
42
21834
2131
12116
21283
13125
9847
5946
3994
16310
7671
23628
3256
26156
17522
79280
3276
4772
3488
13454
13910
25548
18576
19378
784
14864
4224
16844
10616
15893
78224
14326
18980
10306
26069
0
13592
83826
17770
12804
45654
11535
12774
20022
41642
1660
7852
34034
19078
18617
15741
5636
89542
3172
1885
4457
23150
2270
4324
12283
16420
14217
20340
7549
15142
39700
28003
10337
19386
5910
15720
13887
1363
26044
21670
8950
15230
12209
13042
6906
16615
10390
15294
9992
23395
54069
4
10158
5066
20840
9358
1376
25702
10278
11516
15620
17246
2732
12230
30916
19352
40468
12975
4093
44513
2218
172
31823
22785
14110
15801
14858
13426
28680
15745
17847
31748
-1
13742
16482
20906
12967
19054
23500
10456
7675
2048
16189
14762
1864
26084
0
1634
57888
9757
-1
12070
21025
2222
5704
11814
10554
33789
15488
26200
24966
12458
19812
39122
21568
5158
8524
9404
3893
15046
27480
3202
24642
-1
20734
19748
18996
7568
5994
21315
19966
13278
2056
15424
19972
16976
10396
24600
26386
23100
54572
6779
46168
21474
202
13566
28358
9233
10558
3444
19504
0
27432
3398
13845
20974
3931
17158
13002
4448
21302
33010
17845
20828
6646
16938
10804
21371
17604
-1
2096
28974
5090
7574
-1
18756
5378
14997
22975
18134
10114
6231
3583
26673
5358
2946
60538
7238
4078
37564
4286
7042
7188
75142
27393
19037
12682
13776
3367
16263
0
8443
10533
2858
28998
6483
17409
22428
17086
18002
598
12480
5673
23558
6801
1288
6565
16496
42790
13272
11412
22653
9400
40523
29420
7346
17718
29881
9709
23305
0
70868
16359
33430
12922
1668
7507
21672
1738
162
3862
4921
19434
15388
34254
1344
8101
10779
13260
20661
12842
40770
8772
25020
5746
26722
1649
0
25075
18490
7646
12094
13881
6774
-1
25976
15283
19974
18166
2
11796
11684
11279
24123
3897
19016
6554
28718
26166
10088
5122
33823
16997
0
22516
28646
53148
9124
16105
25754
10368
1597
4990
19955
11592
11974
26966
-1
202
15929
54128
41052
14694
7667
17542
32563
20838
19252
15715
20226
16482
3910
23864
82178
7896
22780
19922
11852
47272
6804
30240
9100
16707
0
24834
13532
22431
14942
40118
23046
50
29843
15798
11406
0
14406
29798
-1
2168
14448
4751
3627
16434
5758
31696
21252
23030
28432
2058
23058
18601
2290
1530
8542
8624
8688
3699
10005
12332
70930
9656
25824
10550
10312
17212
18029
23448
9877
994
29108
41978
7664
3581
19728
8800
-1
535
2366
13422
13
1106
37367
15468
12532
6355
13540
9660
4936
804
2881
6993
14188
13812
7280
70
13300
5924
18698
16597
2512
22763
39458
43601
10662
7360
8142
15001
21196
57725
7843
7361
6600
4464
8206
19192
10357
4022
4481
19788
19810
9926
25410
18952
63040
10995
12473
9194
4566
9512
14179
1366
1768
9192
13738
330
13741
18033
2500
76278
31437
16842
18312
4012
38182
-1
41549
13354
-1
11888
15635
23162
2852
5150
18538
36874
23808
9204
16876
20075
20998
0
18253
1396
7306
2239
17016
5572
17818
10780
5348
7924
1066
3346
17113
28369
8800
13018
10738
0
10582
2601
1734
5854
16374
33324
11892
14543
20489
12084
49532
19463
11582
24412
0
7184
13124
2994
10503
7014
3600
9074
12228
1532
14804
25398
15322
-1
22271
51649
15024
34949
22626
-1
16586
37192
10933
9532
6964
14744
14358
5032
12920
29142
14902
12336
12204
19944
19090
19542
15510
12963
16298
28389
9943
41708
3318
16736
17448
16735
12122
42604
21080
16686
-1
16740
26801
10715
98
900
12041
11307
4282
7769
11284
12334
23964
41402
18405
22724
900
8702
5016
15382
9454
41218
15356
3230
17646
0
16846
39789
4156
-1
9038
12030
10658
15
20790
6379
21542
13664
14876
16264
1044
24874
34690
15524
12058
1372
12860
7506
34013
5894
15370
-1
8886
53812
8666
12216
13854
6
2252
11856
26201
5056
4952
74178
0
4486
26906
10744
4789
24660
15678
-1
8645
15104
24664
15896
7071
22470
23251
3388
24583
84866
15337
12591
9876
36436
20165
14116
20512
15416
5854
12928
90332
-1
17458
12148
20717
15782
9622
3629
14895
17712
12600
4382
-1
6878
12562
53755
2240
3952
29832
6027
17899
31404
14082
0
16893
51878
82144
25228
4689
12080
15438
11750
13380
16022
7422
5765
5244
14483
16023
982
11260
15991
19492
8310
29994
36922
6592
5495
5874
21370
37370
13078
12416
16332
17503
17040
12382
0
18350
17870
20651
0
13659
42178
4519
2266
21826
15944
13402
21987
21052
0
1038
19678
2408
30212
21578
10688
22449
6331
8190
8248
2310
8102
24684
15590
21046
19185
1020
18442
10232
18340
16319
0
530
5536
17776
20128
534
20297
8910
3208
18943
20780
12950
25162
16420
17100
14951
13663
39226
28270
26137
14678
28684
61
29748
16438
92176
4516
14597
24842
17085
38966
16182
11598
12622
17278
10495
61412
4018
34524
20088
12959
6354
12410
59950
2208
30616
18126
5483
20650
33901
14307
4292
23011
35750
3226
0
30850
56965
4468
20650
16918
6094
18168
19500
13039
26294
7245
1548
7904
9722
13757
14852
22538
37334
15476
3697
8238
19058
45146
14576
15068
9796
5640
1292
19202
14988
7954
21946
16150
19954
15465
11128
18756
27550
31596
12526
2330
14161
3830
4413
26793
6744
17968
18058
15008
24156
14137
18896
19911
1730
6512
17950
6988
22965
12100
11324
18062
15788
12493
22394
11800
29842
28515
8402
24277
13000
18540
21588
8338
21902
3337
29598
20552
36946
16180
940
10404
3564
1382
20172
32998
18040
1729
9581
8421
2260
11230
1637
24015
18255
19304
20517
0
14791
13296
16484
8120
12953
758
52952
15502
15330
27703
9436
-1
0
505
11432
14220
19720
13974
9576
-1
20675
5204
21914
1676
1566
6279
22416
876
21850
15160
11608
9185
21024
28520
14
15006
10213
14020
3798
0
37743
8538
9721
15328
819
12867
13384
28992
11770
13962
37686
2271
16966
12936
10128
25070
36184
9814
11098
14565
4540
37568
16972
28110
14478
37604
18876
11330
3610
17448
4412
25486
9288
18916
11250
1190
31452
17020
14987
2474
11488
11363
30514
31598
14544
11693
5008
42966
6954
4636
14950
20672
9228
55625
17282
17938
21592
27654
22300
4526
15432
6360
21054
18290
34472
8478
26075
11180
18816
29799
15408
20757
13928
35214
15005
8078
38657
11260
15220
3734
26034
48212
26870
726
19895
13203
15439
19478
5712
20
2724
13799
0
10953
7006
11996
17151
14834
0
11288
436
25880
15488
15426
7446
5206
0
9612
64269
12642
13038
18803
-1
12610
2
8774
35578
15844
8697
10270
15376
13171
12252
59718
16334
0
8191
11567
4416
13643
3486
27828
19084
2
8804
17322
8294
1307
3864
6
24900
22916
7198
42781
14664
23227
14762
37610
16004
41150
15020
270
15368
8077
12586
68400
3096
14242
8980
29547
31564
17788
2724
19209
29626
29543
3
0
24302
22342
34368
17852
19130
18842
71828
9504
21589
-1
28184
271
15756
27194
3530
8802
15472
15157
7938
36077
537
15524
6380
22252
11357
21744
26195
10232
12010
7746
25356
37991
1575
39644
22557
-1
11680
18
11966
14176
22235
10759
15004
19832
15242
13870
13028
20952
21896
18102
23284
34268
15532
21084
17216
17440
31427
5396
16471
25338
18827
33638
6804
28938
7227
20133
382
12366
12198
3534
17449
4542
19820
18331
24877
28000
12510
18710
30250
19840
20010
2022
7628
2386
15750
21680
67410
9103
0
4734
10324
14935
7568
14498
23642
8057
13212
24916
16728
20786
15603
10648
19168
14095
7086
12861
3236
21712
13028
26705
8888
4590
6378
8958
29098
43126
12752
14216
15464
3788
6646
25456
54936
11832
7780
21540
956
33006
3131
31322
17391
15853
6075
8090
4858
8964
24288
23896
2997
14054
19096
32170
-1
4889
12792
4417
11526
0
18036
12730
13730
21606
6386
8510
36358
37752
40
13486
18166
15060
9138
15848
27072
8756
51294
16090
13943
14721
10485
7800
16620
10200
6030
16173
30912
25270
18234
3902
26146
34037
22060
20204
14386
0
3710
15112
17737
178
1824
69404
3292
30876
12028
970
18038
16716
6220
22134
4213
3901
15803
9792
13103
1422
40930
14020
17238
14632
9332
7460
23312
58608
20840
13254
17376
27331
15404
6558
2772
19885
30898
17604
14320
10403
0
12202
7918
23336
30687
27381
0
3976
23349
19496
19604
63412
12616
10133
10679
13443
614
26137
11238
26502
15385
17887
5175
14967
11712
7062
6879
5358
57723
3767
21527
18055
20160
21936
19321
3618
8216
18600
15204
12492
38572
22350
26121
14606
6700
15698
9156
16354
763
16910
25018
15812
8108
4978
14142
19008
24421
5048
12518
9546
17736
20325
20034
21926
19596
15794
9896
18358
5894
1436
33932
13816
35610
26922
44928
6951
23166
9427
3942
30822
11176
22594
9955
4100
6440
14074
44812
47842
20321
11102
18871
9298
9569
8889
15419
11802
8056
79790
1286
18412
16928
22570
13104
18583
5714
19742
13192
10063
11442
19733
21760
19016
16142
0
26794
-1
580
10486
18924
3508
15232
3938
5868
21304
6418
974
3420
20209
8978
16416
81926
31997
47832
43839
15054
60856
12681
3416
0
15288
8690
3521
5048
9754
4200
10856
32870
31506
9224
12049
23722
4489
13030
13866
13505
5393
5426
16480
25174
13400
15574
5006
17052
10433
7374
37063
16320
6140
13479
17919
20368
4714
8359
16649
2651
14776
1778
9802
9843
28074
3240
17040
14484
15158
16046
17481
13822
3932
27382
9767
24432
17273
24546
14128
10456
15850
60211
0
44037
16106
4906
3836
7148
60694
26004
12704
14616
5336
9446
10777
18207
3673
20741
19368
4710
12902
4814
16387
6984
18471
18376
9685
13461
5643
20118
3826
30
2279
19601
7966
336
2682
16112
16306
25518
590
73962
5290
8002
4238
4286
22466
624
1404
48118
8039
27704
25349
12104
6951
12728
19104
16362
16751
15969
33838
18821
13120
35254
4190
17482
30534
15926
14098
17802
63444
199
-1
12920
15397
21103
3116
19541
0
2683
1897
5850
4370
1020
10898
10673
12437
13302
23710
6346
4227
62464
17379
21398
2292
31633
7189
17840
13467
12539
12337
21528
25608
4992
3860
21338
17254
8099
9704
17384
9834
16774
27408
7782
14482
15826
1494
1804
13560
3763
10560
17810
3240
13254
1206
25221
6808
1650
22064
5166
30736
10032
0
9402
15533
1330
18164
32146
33715
10876
42236
14424
8389
5540
19208
4488
7139
12508
23576
27572
0
9845
1470
9623
0
14232
12500
64662
16448
30856
25096
26071
6527
33440
9946
4212
18832
24056
18235
21794
18757
19006
16716
25223
8348
8611
31196
6152
12342
11157
4312
17538
1767
9518
10629
2230
15162
1762
21369
24446
19774
26636
0
0
15918
8473
16733
15540
27877
13970
3758
5184
7364
-1
15424
13286
41468
47956
9366
14631
17624
22465
674
-1
13570
16214
0
12472
3778
5130
12304
39056
16962
15318
17913
1253
0
36516
31336
17215
14026
16356
18862
11836
19842
28190
7222
14788
14680
32282
31186
-1
692
11551
976
3695
4500
26662
18035
0
2486
14832
13394
18192
1414
13736
24551
16861
14856
12364
12386
9961
16430
12018
14888
17905
-1
12094
4115
15684
10096
-1
12726
2434
15070
29364
1428
10052
4093
16275
16769
7530
9050
18888
12835
3846
13290
18640
25027
10190
7358
13004
35624
702
10248
11594
37051
14892
24546
9367
15880
17312
19565
3460
16558
23898
0
9712
11740
26244
7922
11114
16816
18580
18079
11454
2800
364
0
10558
11881
17776
4800
8692
4650
22244
15219
33105
12928
6934
19046
4624
24042
14570
5591
16632
12220
22612
27372
62871
13668
0
16176
8022
6930
11200
14416
6968
13124
34386
15137
-1
1886
1315
42175
39576
43971
10172
5770
22038
306
7478
24881
659
10992
4168
12751
18838
17912
14643
10784
40540
430
34872
33021
3187
21388
13946
15005
17458
27682
2
10846
15746
15414
62094
16307
23195
9292
8512
24594
16354
20252
0
36379
15870
11020
0
13242
25546
13994
13706
15037
52146
16311
7466
4014
16516
55392
6944
6896
-1
22505
15030
10172
13238
33998
14740
6362
8391
5444
6805
11988
29606
42110
42060
890
22280
10768
20704
8898
5766
24462
12848
19190
26842
10173
17931
13821
12208
4383
0
12679
11943
16678
662
18731
15615
55238
25153
4264
22626
4292
10950
0
16926
14297
2914
28024
34098
24770
0
1092
19501
1788
19188
41275
11548
22092
15926
2
4474
7304
8948
7998
12474
20776
1905
13562
5680
3406
27204
7800
22704
25298
5528
1338
17636
2268
27754
-1
39951
9334
59901
10811
12876
19263
12179
6984
18148
40786
10891
5102
22180
32880
17482
12332
20214
8640
33112
45494
18758
694
17236
20035
10563
15523
10847
0
14093
23600
61424
31124
15858
7790
22946
20992
12282
39322
28529
4326
29930
6082
20990
36
5390
26365
10308
2658
4052
22604
40780
4090
23591
18466
17300
4342
23036
16641
24927
47294
5656
17417
26572
0
28575
28676
14274
9328
13911
40108
12145
34717
13012
14942
12114
7966
18774
12827
4142
2718
43080
5044
14024
17967
2429
16465
15918
19576
4370
18576
6910
8562
15090
19512
19814
1450
7810
25900
18878
17356
1436
2349
21184
17323
605
14351
2696
-1
188
9918
27510
44302
4286
2724
2807
18954
16844
3544
10548
16812
52630
32876
13504
41592
277
19571
34244
5238
19502
20027
996
5918
26628
20056
19388
0
13324
20031
13423
22382
14798
25729
10109
8775
2380
25668
22048
14870
28682
10118
15491
4274
6866
13954
0
12908
10166
21904
9715
27411
8557
13188
30035
31358
12792
9376
9382
14554
17762
6585
2
9644
9593
18790
26771
16134
33833
26305
19885
33466
15354
3644
2111
12156
10079
25898
8723
11980
14795
4231
25391
3622
12880
14146
31132
18580
8230
16714
11176
23498
2446
8324
17414
20535
24966
5257
16619
14480
9246
9820
19056
20616
3210
21432
14078
20216
41952
34750
16152
0
11380
12872
14512
3844
18367
9614
208
21722
25242
1720
22048
9492
46094
34045
18444
29889
15662
8795
18563
44440
15010
0
26210
45110
13092
8377
9710
14118
0
24106
1427
14482
4334
13983
23019
4778
2990
0
21779
10237
0
13006
698
20928
16630
356
34786
28097
28992
12349
30016
41578
6004
47582
22672
0
0
29001
23418
14953
4185
2456
15100
17970
-1
18634
14526
12263
-1
1930
15392
9273
12358
16050
0
17548
7176
19136
4985
6226
21686
24203
79076
15812
47962
20904
34864
16970
2682
11341
1217
3631
7246
3510
9284
9280
7546
6881
2496
18362
3802
26454
17828
0
21480
18182
11930
14593
18788
17081
58568
21138
10076
6192
51624
6085
22273
9680
3014
3354
16607
21176
19321
8491
27291
17059
19932
19639
16276
19346
15862
0
0
0
24103
6116
8218
14959
13027
4324
18707
4430
18558
15570
26661
20098
-1
18200
33750
4085
3532
1237
25156
10390
2813
37172
19570
2
17480
30511
2968
31636
7519
4239
14870
0
11964
90552
7888
11571
14092
16142
10489
15886
32276
25720
7560
16613
8126
17603
15790
17361
40906
11045
15944
21339
5233
9646
0
24496
26494
18464
7714
19882
16689
7709
11421
-1
22091
17146
23129
8208
30386
16480
11316
20958
15625
14594
20100
78840
18638
2809
12172
45610
190
23668
45128
78886
0
15974
12032
34925
14924
16968
23742
2484
12253
25008
10282
30548
6659
15810
30597
20150
10096
7004
8568
3750
14016
8427
21244
7748
25280
29145
13651
18262
21858
18491
9582
0
10515
85304
0
26762
17980
25866
15344
16779
17360
38450
20888
1970
8226
28801
11368
15665
10510
24499
10618
3766
12566
0
18233
5159
14380
0
15039
45506
14272
0
89768
5702
11332
10575
7030
12217
16943
5478
19590
642
17042
14075
13650
4938
1970
13732
1957
18286
11652
17154
746
20936
11774
7905
16993
31923
3652
18356
33245
16766
7145
24215
8090
-1
9337
17748
23119
6550
31316
19366
17930
34706
18610
9633
2552
13090
8364
11409
6980
23302
19772
21582
15656
3374
1885
12516
3502
16336
12501
0
16246
26718
9764
906
10570
18814
7289
1694
15766
11695
15424
894
11246
12111
20276
0
8774
7212
10568
15178
48270
19168
14022
16190
7458
3204
8818
3005
19337
13487
7016
15260
5016
16220
16585
20580
11796
18070
20652
20870
15415
6024
16090
28758
7373
4816
12706
15674
17844
2239
22245
18781
2381
14078
2938
7363
-1
6114
30560
0
16683
14350
13614
74546
-1
23177
11426
30093
9384
36222
31737
49420
29957
9563
15434
5540
18372
33774
16371
3210
16200
9838
302
6111
3581
24392
52206
11376
-1
27566
11694
1818
17060
8308
28458
2566
12449
1552
15616
7132
18042
19324
4
14660
13776
32380
41251
18968
16498
18388
54822
14588
9570
14078
12034
11465
4108
9407
14356
5168
40766
25284
13000
36141
3425
9406
3694
61222
10180
10837
494
12942
21118
3158
16945
0
26410
18842
8370
23596
22514
23000
12220
0
2
25114
7408
19126
278
15438
0
22777
8881
13866
-1
9482
13891
10670
14840
9556
32210
37583
5114
15667
9875
10223
4022
5855
41036
17753
5549
26946
-1
0
17973
3614
17664
17420
15241
25391
3620
15670
12701
33280
56686
17844
4942
24082
23198
15732
38590
12950
18072
84030
4642
10122
24116
1710
11318
2934
38452
20278
20481
28872
32496
0
24224
701
21118
37406
5222
2104
0
416
9613
859
40620
6150
85420
5492
-1
9566
11384
39852
18936
67744
2434
20392
18260
14780
2962
4881
2109
44426
15909
20846
16893
19280
7948
12294
13290
26016
37403
39030
1414
11569
6878
2859
38294
24089
25472
20376
65336
11943
8296
13122
3444
445
17141
-1
17925
5055
23709
10292
10300
2636
2164
15349
15428
20266
22944
35232
20275
17198
25358
10727
8274
10339
22680
17400
16256
3927
-1
37878
82750
28808
8286
18428
23578
6624
6381
12005
1370
7940
11780
30718
27442
7768
13248
3040
76366
10459
18033
31553
23650
11676
-1
10130
976
3823
3529
18046
2735
14564
6522
10420
22572
13744
10288
1679
11912
65299
22856
26
2198
15368
23760
2625
24696
15846
-1
21282
14594
15464
2
6828
6934
17724
22530
33541
4
9538
17298
10170
4676
3977
13616
16316
0
5000
14985
21800
6048
4309
6173
18815
9600
48640
4568
19494
27420
26272
18570
66470
5311
33625
0
17416
10632
19016
11607
920
13020
59832
6814
16758
26234
1044
8022
47799
26908
5356
10316
16580
12868
21261
25142
11208
16076
0
23152
7701
30056
21829
15984
10662
12897
8821
21916
27110
7122
10284
19956
5436
17848
22158
2955
9837
13444
7442
22290
15044
15602
21496
10716
1118
15013
12120
3488
25398
3716
14650
23978
12414
5071
17398
12334
26784
16842
1010
41254
7736
9707
13219
22928
13244
1658
14652
-1
33444
12582
4724
6470
14775
27884
25625
21429
0
8772
16050
5171
11344
926
16946
25632
5390
43815
30286
4394
9421
19272
7610
14850
11241
8244
10527
0
-1
67932
30566
7408
320
4984
9286
11772
14186
350
22641
6784
20590
46088
14648
10281
23549
35006
41964
27132
5616
22206
10948
45671
10710
41569
55100
114
14388
30768
13598
2174
10516
57133
18762
18748
52036
13782
3864
11776
3738
22390
22244
16490
3230
27190
12006
13292
13936
18875
9710
5288
5086
14060
22170
22471
37167
4589
14800
32605
15430
17697
91116
11233
22323
14086
12018
16460
22506
9470
18104
10690
21610
6161
13694
27368
17768
15186
15721
15916
-1
21946
6514
5102
13888
74268
13172
3358
11266
16609
4138
13031
8388
36512
22206
23880
14936
43124
3074
11732
19144
17682
14196
4846
2734
15096
85564
14666
34462
23100
25564
32422
9034
19989
17114
35104
27364
39535
5644
11166
14907
16652
8648
14090
36455
16518
22446
16636
10981
37117
15414
7402
13592
11436
0
5598
17020
14060
14378
6576
56523
22806
16026
14371
17288
27638
3487
30736
39528
17471
11860
16681
556
2342
15993
13970
17248
10109
2902
23929
9726
16170
0
20046
8976
14389
7819
-1
4950
-1
22642
19606
10102
11310
2362
3753
2110
7782
12056
197
17720
15089
29766
17402
5219
12949
42514
10581
5196
22982
19415
23909
23144
31390
18366
37735
3114
23830
10012
752
5361
4012
5432
17678
5214
20867
28540
814
6095
20712
5261
10104
18230
1762
32374
10686
7151
14901
23192
29862
13486
12590
8068
19738
12678
11833
20752
5376
4263
13644
4190
13541
4170
17424
5821
23098
9385
18152
17258
31340
18940
3835
14182
15074
32818
21088
40898
6171
2036
15032
50952
2708
16762
15070
1075
24237
26660
21082
9616
18534
7763
35022
18115
2087
18948
28069
71792
21163
20252
422
1354
15165
5031
9975
30578
0
65043
0
8238
18836
12557
28636
12058
22291
11248
5922
21252
1726
18136
16900
28957
2132
12425
7782
6914
17451
29596
29864
38352
33500
19634
6504
11314
1000
230
55624
11874
9144
10395
18138
0
10573
826
19262
7547
-1
12828
17807
32229
18698
8844
14948
2095
21371
30722
16730
17200
1707
19866
14822
29454
0
15066
23802
5602
17086
0
23642
4858
29104
38379
4294
3118
12583
15032
25092
6459
52404
5308
7141
4994
17744
22244
0
4030
3846
22836
21005
17092
15832
4904
26719
15564
18321
18516
10846
17420
25718
10270
7952
18610
14488
21440
8956
4245
6408
9587
17672
37258
3391
10472
18590
6922
0
22242
13876
1705
16604
62002
16154
16394
48029
16430
17974
6555
18165
4854
42412
40807
24604
9194
11736
9523
14380
10968
8514
18970
48292
23132
12027
15768
7559
9495
6067
33224
18753
-1
8392
12806
24814
35674
15538
9342
12058
29040
18546
86598
512
19662
416
252
16624
21800
16086
18092
11083
18565
2215
6702
6273
254
54791
12220
34666
23874
4926
16305
6970
1242
3600
11194
8412
11280
5484
18114
16278
18018
5840
13894
2778
10036
16145
12008
3114
12182
12818
26936
22802
10788
5993
12064
2
23683
12124
4965
4771
40702
-1
14825
11196
29139
5591
5964
4906
14701
24375
7532
22896
25460
6722
19216
4305
16836
34324
14321
27062
49566
24658
40485
19744
25581
7681
3905
32874
8360
13034
14346
13326
16710
56860
12346
45019
2058
21200
4
30584
19168
23338
16544
17479
-1
799
3070
5834
11203
20294
10554
12078
4016
18320
14227
8940
346
16292
27520
6336
13154
4226
15904
77830
4366
7981
42350
23760
19096
0
6326
13836
6932
10862
2762
15692
10906
12892
21698
29242
9704
14813
29298
10676
7931
4260
18251
29871
18569
0
-1
45696
19169
9091
18695
3043
19307
2016
9810
18849
16296
32446
6230
0
19938
364
6971
89894
11575
28029
14192
4036
24078
49256
14378
31376
8124
14459
13579
21478
374
12580
16126
-1
5707
0
11264
20496
18291
-1
14742
8
20068
10950
11464
13906
4952
23321
2124
32100
24652
0
8552
11802
16178
569
14290
8415
10616
15398
-1
13162
17157
17140
12306
13802
18898
84782
22114
14816
35606
24859
3554
49932
1744
9196
14688
9469
14278
6639
18168
6065
2782
16907
21800
12916
20650
26720
16118
15718
-1
10315
13688
62504
13074
3690
8010
24948
810
10638
10964
0
0
17590
11648
44420
12460
12352
8910
43597
20276
41862
4265
16102
6508
14422
17541
17352
2920
27502
10387
33936
3542
20024
39966
26057
14824
11826
28860
17072
32066
7821
18262
4140
11428
14222
1960
19577
33912
16662
4342
3378
10836
35304
2602
23556
17758
17772
24177
4686
35863
23371
24044
5616
16596
5442
21406
935
12958
2293
19327
1868
5069
31396
33638
12522
7882
7130
16682
19944
3292
23628
3331
53238
16242
19756
1662
14780
7556
18819
23584
14049
10857
5223
42098
18747
20962
1106
11802
2
10285
0
5966
15734
4120
5534
-1
23382
8706
22826
5998
11473
7070
13133
19750
6938
14960
19280
1930
3475
11821
16846
9567
35080
11394
20042
5126
12793
14030
13012
19938
3816
16750
23154
1022
51541
13262
2114
740
3146
7150
8118
56592
3976
8139
16334
16957
4779
8912
1004
11148
9448
11680
13042
0
57
901
5241
14364
563
16403
78590
26089
19753
13884
15214
0
5649
54257
8
948
57427
15128
6093
78290
5336
13289
0
2736
48490
3656
22482
31796
9912
26934
45718
25510
23170
0
35106
29260
3960
16210
6202
8374
14227
27096
5571
8426
14742
13602
16998
14754
9532
9056
10753
6053
15792
-1
4290
10782
20798
5853
-1
13516
2784
19216
2604
16589
850
7506
4167
-1
13952
4678
14050
12094
17925
10332
8349
25496
18718
51676
12802
12921
17298
16601
11616
46818
10388
10802
8290
23987
5360
6716
15044
15310
14244
21232
16692
22792
30612
2918
4793
16291
17864
33860
14690
33412
1937
3304
23678
29274
15450
29420
21670
48146
13988
10354
16418
11608
21427
33634
6204
15522
0
21048
3126
6270
24366
8614
20246
13128
13324
14444
16442
18990
2310
16658
16561
13240
24295
5609
20926
16726
4156
13732
4702
16253
846
14800
17218
3138
9604
7410
5698
39014
23398
12987
8328
15853
7826
11566
1879
21782
3385
11360
33852
9225
29722
-1
5424
12350
3740
19632
16179
27793
21692
15662
11401
6695
21006
12290
95
4360
18758
13172
18713
40444
80494
0
14592
5062
6570
17144
15836
17298
19858
7188
35120
19322
9640
5199
8737
1246
9578
12495
16791
0
10534
24740
19772
-1
18385
19553
10164
1378
7042
23142
12340
12149
10668
967
17690
17831
1918
56692
23724
14296
21914
15568
0
16618
18030
52780
4819
11182
16348
20866
13444
17754
3986
7643
13882
8946
12302
14885
3488
0
22765
10636
-1
27990
11513
3900
63014
0
13021
16698
16404
8382
6306
14042
33925
10816
15346
16108
42623
9458
14722
14938
18714
22792
3458
-1
53557
18906
11420
11540
8905
17272
876
16108
71598
26
2586
4105
14560
14220
3042
17407
15036
4292
11426
58
10158
27733
16766
32810
37838
4482
12204
9151
1388
3606
0
20898
432
8911
15589
26580
11320
5940
2098
25762
5958
6001
8026
19295
6810
16390
18651
17376
16390
1660
12764
6453
2012
15008
7696
30074
4820
7356
17830
13429
1452
18293
11928
14329
11622
36774
28002
1428
23154
11286
2994
10896
1718
57612
8731
84136
17512
3262
13557
3460
808
16689
24192
11403
16899
25992
4619
10322
12514
11840
0
0
74890
0
5606
13134
17479
695
16970
0
0
8600
10084
362
83792
6868
0
13646
11280
16836
17781
15746
14768
3033
10921
16711
2
1154
10020
13150
1776
-1
24193
24176
8515
18148
667
30578
18701
8136
23762
13256
10030
10912
13358
40512
8136
15327
-1
17854
17166
5842
2432
16129
8896
15994
7566
26598
23380
1954
13084
16372
7662
16891
11774
12825
238
17056
18742
17688
24681
45864
9220
11220
20595
8492
12658
36040
20428
13037
16272
10982
4087
30564
17134
11012
8728
30346
15826
17852
4709
8865
10796
24598
32010
10613
2612
39693
23635
12291
3886
8655
1867
29066
17936
1988
16528
11258
17164
15589
10115
22304
23704
24230
14154
13866
17863
11034
33568
21794
15042
22584
13317
11650
15778
5632
12292
18144
12036
25088
17847
30300
12798
8625
4207
0
15815
66550
5644
-1
1026
79
10754
18900
20828
34252
13576
8641
2734
4458
7852
16849
13440
31258
17096
-1
15212
8696
17070
1136
10990
33703
23294
12972
16021
5494
4174
1216
4688
-1
84670
21668
25475
8926
16690
3632
15636
16564
21724
1756
34052
18996
15170
40042
6430
9169
10495
32494
5247
20265
27404
15734
13632
12330
18152
1066
0
14678
19535
12511
15657
11752
13023
14192
532
9821
4798
4370
10608
-1
2334
19377
8528
11436
7034
6748
62887
5484
-1
15088
1954
13501
19692
3670
3225
11402
55956
20727
2284
91974
11080
12746
14158
11840
15814
71516
23793
4232
13638
11893
-1
10545
19874
8488
24724
20028
51308
11504
14285
-1
34009
5942
12877
16166
12843
11328
7289
6066
0
0
7261
33530
43952
35936
12715
56273
24136
16040
21146
57718
15103
14246
15250
16521
50816
18302
1908
3730
4849
34468
13324
14596
47454
3240
20652
15766
0
15356
16802
5516
16622
15740
40171
16429
24902
12862
34766
38068
13970
11996
16138
7157
16092
8980
25158
13690
11270
15792
8102
15585
19410
8324
12168
666
22283
19826
7514
2482
18502
10198
11041
8723
26622
15644
16814
8252
6988
9556
15953
16056
34568
9094
22270
26120
17976
18074
46738
30610
13901
5201
18314
13891
12032
18742
6476
7345
13580
5380
728
3033
0
0
12821
18845
4022
2694
12366
5521
5118
5561
14622
19428
26358
3918
8829
3333
262
17860
14567
23802
10824
6849
3804
51594
13312
8314
22802
9550
6067
17664
18582
13182
20146
7978
7334
26168
12646
1324
12799
31912
11865
16237
10391
9543
3802
11888
-1
16462
10441
21540
8289
8477
6729
2062
9881
70028
4242
-1
22043
1557
5555
2654
18590
4370
27054
0
202
5144
12858
25685
7552
16622
47344
55200
20421
34106
25310
22415
4148
15632
13015
21775
13492
17205
11802
13250
25808
21783
17848
1046
21124
7937
17710
18780
20388
25758
12064
1290
34609
15862
1978
12093
22090
951
28474
20668
16665
8807
12448
1538
12854
11824
62738
18064
70060
16463
63294
-1
20312
24134
10564
15085
5008
9638
12223
13314
28666
-1
525
16308
10600
3290
21246
16652
0
39227
3366
9090
11284
13420
694
744
8664
25970
17353
3947
3180
17380
9750
16045
10360
16542
19006
-1
7260
890
12383
15509
19822
15074
13722
-1
17906
3754
-1
8137
11185
15013
18078
10817
4236
5230
17246
7644
20262
806
0
28889
14085
25688
14454
86844
57537
25660
4262
9248
23371
20828
5468
13886
10731
17472
4867
4451
45753
3258
8812
17324
16659
17150
27503
33518
15176
21228
15777
11006
15514
24434
20235
-1
3836
9475
20393
7696
0
22756
2952
23872
58196
16382
11210
22387
-1
5782
16949
15034
12846
2612
4044
19326
15449
19696
4009
21154
18424
22797
11293
14354
-1
24194
9096
5948
2980
11613
9296
0
12400
90888
26250
15496
6606
9415
25323
0
4892
51453
27936
1596
20532
11002
4594
21384
55066
12026
14710
5550
10850
2172
34938
10509
15880
2143
1662
4356
90344
49242
25321
11205
10859
12722
0
11144
17256
12366
14887
29196
2738
3584
505
26068
14052
31163
0
19358
14578
2092
1895
58760
21327
10201
8738
2478
27424
322
30749
7055
9744
72626
12016
7109
58462
9821
21264
14612
0
25390
16586
10896
138
7727
4898
11940
17789
24811
13317
558
15471
14531
12068
11505
16728
7230
17002
10032
24870
69492
17136
17270
21140
9777
30278
2068
10306
17060
2268
17046
6602
28826
25406
19580
40412
21248
33562
9360
13836
2755
17303
5484
11030
17612
14724
9041
16249
15352
19748
18356
5998
7380
538
24086
24618
8450
7308
15586
13620
30438
4058
24454
31934
27642
-1
16328
19095
2771
15558
23398
2070
17720
59400
14309
22780
16968
4852
0
6770
14764
0
8590
5104
3098
29000
25705
57684
15523
4000
0
17612
17901
2896
31023
27816
15478
11348
2114
3558
1924
1904
19972
12670
25238
17832
17834
13075
5354
13979
22955
13326
4063
37435
18008
9574
-1
16342
10751
7474
18410
13768
12978
3804
45696
31786
1145
2832
12132
3331
11824
8600
14014
7942
18943
12250
11754
11747
13058
15611
17050
13062
7832
5886
22250
-1
32618
3169
10676
9498
10002
23777
29529
5260
25570
19549
3520
19231
9414
398
13696
15504
22275
10112
20656
16959
3838
15594
44674
0
20402
1952
14084
5940
16920
9121
17700
5284
1173
10572
11424
2522
4593
-1
6641
11802
13664
58274
40318
9098
1704
21711
4
14846
7266
15998
11750
4930
20842
14153
22302
8542
23498
4707
12114
15387
7330
16411
17371
968
10225
9127
0
15348
20132
6832
13012
20889
4644
9928
1392
37284
2222
20176
9829
27062
14296
15128
11411
12595
28925
53212
12784
22174
0
8608
12524
17832
14293
14758
14612
17086
5691
12099
14802
11368
7772
15108
23094
2356
4964
9325
20662
17279
0
13122
4584
12945
16450
16892
22932
24364
24376
0
15751
8810
17114
30782
18530
21324
15639
23088
35430
30090
11603
8458
52736
9197
-1
19223
4766
2128
37805
11320
22397
7380
13459
15360
0
15402
18074
28844
10752
-1
15538
12416
15482
-1
19578
8707
16974
15320
13202
3324
8223
7686
16114
5984
22932
15102
16120
11268
10925
0
5955
3354
15026
2994
55649
16454
1286
13910
828
15676
7757
10152
16431
14730
15484
4600
50732
3496
0
4860
9296
15040
1584
2
1084
10784
11728
11510
92498
37035
18546
8236
-1
15266
18342
9528
1584
4338
4046
0
25084
53032
12518
349
16576
17136
9864
26566
9992
19808
813
25326
29129
32506
5184
16536
4281
17536
18020
2752
4945
26708
6328
29536
18993
312
5702
34559
7490
8495
8088
5770
17636
19596
21813
0
24862
1912
23610
13258
17551
17660
13028
25097
42233
12952
16732
9293
5018
12362
12653
3183
8252
7358
22604
76704
27590
5066
12472
26394
1261
15408
6410
3566
9619
11562
43352
45888
21253
27820
2930
9546
15194
4397
17580
14415
-1
46778
20460
16082
20725
85434
6326
5534
1014
34785
6618
7169
18671
15338
19470
46214
10178
33185
16417
18074
13070
19946
90518
11628
0
25882
14907
17285
3
11192
12421
47113
3802
4183
23126
14411
5389
4723
13608
15650
14261
7452
11854
14536
21218
4378
-1
0
11280
13026
926
49151
9299
7720
12516
13095
18778
1356
18836
6390
23672
29296
4079
13426
18626
27126
5558
14483
12074
1720
14099
14626
3084
13074
11400
1286
29316
16636
10763
20578
5346
19803
69156
1054
3622
-1
14380
11830
16874
16518
50422
28942
27461
1617
9158
2174
31220
8771
1370
60720
2752
1808
19872
15634
7644
8118
17626
6942
17618
19958
49913
29502
15422
26874
36282
7456
6282
13515
854
27538
23478
4193
2558
88904
5556
11074
20696
9211
12178
0
225
8253
18759
3380
13881
11279
11248
10847
1322
23980
38741
23904
0
18287
10392
9645
36977
28034
9870
32102
11290
5576
22070
14691
19156
18697
13640
73896
1764
20024
22150
88550
23272
26765
21612
24696
-1
27788
2996
14632
6082
7270
9872
13954
23329
16412
19767
1370
9208
10949
4272
17328
15418
15630
13324
97
64273
57982
13918
10032
34044
4092
23234
0
15928
20468
44734
12317
8480
12691
2
11030
12
55599
18154
28888
11402
28629
21450
21654
2936
0
17631
40090
91044
23166
4962
0
10270
12709
76824
1634
18538
6196
8553
4588
16516
21154
11684
17490
16998
15414
21000
29848
16190
16524
12575
11422
7337
4390
17147
30122
25517
15877
10944
31832
9258
22780
18320
20864
8821
87214
5293
5789
5518
17314
4508
8872
4992
41122
20568
1954
15094
16073
0
15750
13572
19520
30284
3542
14178
61524
7124
5340
404
9527
15674
4482
7352
16021
15147
15509
53809
9141
8804
32635
9948
364
8500
7011
6925
9258
19038
14918
13016
-1
6247
15800
16780
7326
3675
8590
28312
19628
3147
4796
6
9012
23318
10704
7507
7706
5646
37124
5746
17112
9504
16383
16185
0
11448
17828
59492
14037
17348
6656
1996
19483
20918
16664
4837
1840
17252
212
6082
12168
14484
-1
13625
9352
27060
22500
3588
32790
5300
58230
15848
14292
14796
17662
16758
5514
6672
11662
33526
-1
18997
4284
15718
38836
1962
7762
1364
19347
36800
7538
34444
9653
16972
16366
23093
0
5306
4230
20384
23976
4243
17828
28070
19758
9674
13356
16392
15788
21440
11940
0
23848
11816
8729
23806
9328
4078
14274
21468
26911
13888
8344
4511
16502
13016
10
-1
59950
3988
11982
17268
7956
8475
39537
8186
3648
11712
8466
21758
5666
13743
15259
5662
13949
12483
31952
16140
3288
16884
7556
15794
21580
17466
9590
14907
8140
2803
17794
7179
4860
1023
26176
27609
10616
0
18320
10646
11598
2079
17130
5288
31612
616
9255
28101
20078
22012
19001
37565
2450
14654
13166
16308
2865
6316
0
19162
17
10272
15773
79980
10808
1276
2538
28484
18012
19285
48953
3336
4
930
24346
-1
41285
19735
7922
27390
9138
12796
19686
18372
2704
13462
18585
34314
47790
11377
12902
13686
23172
34140
12931
19276
15892
16728
-1
16850
16310
62587
3784
13624
2303
17014
10744
11768
6085
1405
19286
10824
13698
11882
28280
4668
5114
18128
9046
6602
4202
7208
16912
15988
21695
8418
26816
10705
14900
11516
8894
3106
15363
32178
14725
17618
0
41052
16840
15072
12734
21628
13987
54372
15269
8415
30276
13152
29712
10471
2816
10
19710
-1
48102
11062
6516
14633
6055
12696
25474
25680
10604
12742
13846
13872
10125
10425
11046
27512
15454
31616
8874
25409
18174
19522
8844
0
12266
5094
14552
17548
13414
7578
12330
18632
13445
22589
19953
13985
0
8902
0
26326
3232
8759
15626
18306
39982
63345
16824
19320
26570
9794
13861
6611
2323
15064
9964
17928
17054
9780
11904
19912
854
-1
2437
22604
49384
-1
22176
23342
17600
23474
16586
11352
36654
19121
1168
14085
24926
37206
17302
21340
14
13264
3242
9560
11841
4108
71764
12625
33542
39733
632
0
6446
17346
18213
30770
21559
16198
9530
4031
58400
12313
5236
41306
10801
30280
6842
7185
1465
9044
8863
3539
46969
86822
1817
11648
6124
6005
17488
24276
26770
1650
3551
12162
7758
5486
17192
20593
2
22224
36066
24734
9946
4659
18266
14044
5166
1261
17602
4678
16532
4380
2704
2708
6468
5139
30367
7778
39800
12152
0
14918
15642
13770
0
1944
15706
40408
4800
37448
950
5490
77704
16263
6920
8624
21369
461
15820
14280
63828
21408
30922
0
7156
19354
23548
11496
844
0
1228
4398
17502
15994
70724
20742
17755
20533
11390
18903
37241
81228
37954
26562
8648
20466
19736
10885
91122
18016
24060
15864
1768
2926
4118
17588
5061
22968
2747
76858
6637
0
15164
20140
5074
36358
17197
6928
23359
33696
9400
3449
14305
-1
15190
21902
26208
7160
32794
684
6057
7164
54814
3705
3162
8144
45428
9048
11971
19632
19434
22644
2436
13010
22856
2655
11054
294
18612
-1
7675
5474
16767
2060
3832
24982
13198
5120
4582
11754
41553
9556
8718
0
28298
17242
29058
22777
11854
23905
18077
26880
4152
6178
13778
15766
15627
13889
0
-1
15652
17617
0
2
10086
1796
14002
26662
10210
15792
8315
4918
18058
21184
5740
-1
23924
5494
24781
10952
8528
-1
18587
15768
1610
2425
22708
11066
123
6532
44539
22802
18701
3064
5702
14819
7594
13508
13798
8418
10730
14788
38360
14654
50384
1440
7144
7258
10093
9635
28715
31133
20582
10478
17308
0
20666
17756
28830
5348
930
42016
23250
14989
12094
17562
586
40965
7994
33252
14632
4744
1392
20429
2244
13846
41416
20690
5344
19515
20966
29090
31550
40604
38110
26560
12796
16136
12349
5026
6508
32144
11838
14876
26738
5454
28060
53207
18884
6175
37155
10163
0
0
42211
10
24513
0
35903
5642
37193
9800
29769
87918
4356
13476
14675
29298
2940
0
31796
6076
22042
-1
15674
5272
-1
19918
35369
0
37710
9320
21337
23712
4938
7200
12643
11032
16062
9954
34587
29510
3278
40900
23124
5057
11606
16500
5753
17680
4496
24684
15831
17969
3426
9456
1906
34260
9891
0
304
14612
19684
76242
22972
4660
15219
16009
34460
30168
3418
9624
1105
7040
16080
1237
27887
28595
26357
28326
15606
-1
21309
28938
23882
2
10171
5382
10474
0
5068
9200
1183
19430
8946
10128
20714
39124
4548
2750
5096
0
80756
22390
-1
4767
9774
3400
1340
4698
18281
14730
434
23810
12784
29500
25422
8024
16414
52220
15683
19724
18320
28761
20691
1737
-1
7842
3961
18552
11964
81898
6762
8500
2986
10671
21221
10923
13877
8972
5772
28884
19039
119
19337
14042
18214
6314
6757
18752
14324
16909
36728
5625
23775
20142
35408
16503
8205
16754
15943
11628
11735
16919
24949
16539
6528
4457
19698
15794
2660
16384
30990
13476
2986
10528
15924
5140
1948
11394
124
2611
9093
2022
5501
5905
11828
59458
52898
18272
31583
2708
9072
-1
11526
40666
3794
378
38506
37576
15318
30682
9218
-1
10000
25482
27446
6258
13860
33638
16860
7342
26966
22128
22664
22294
6950
5590
12841
9436
3736
28120
0
25696
34978
14606
22773
18241
21278
12242
4076
8728
23294
8220
12564
8870
1252
8442
18379
8
40732
17876
19
61105
16930
8171
21544
1279
20189
8193
23690
15951
13984
1317
8108
13474
21026
5730
66948
12970
22208
12558
818
3210
86144
1279
3648
5826
18216
11402
6714
9136
9706
10384
16412
11276
4159
17539
13183
9492
21128
22919
2932
0
894
10806
2048
2522
1052
2714
28127
15584
12712
2946
4344
14434
14026
9404
17342
15547
24415
14506
11952
12710
61224
13772
2086
4659
30924
15156
14740
-1
18929
25685
5741
0
13911
748
19178
33482
570
14290
9403
3880
14636
8537
17368
11164
15141
13838
38954
13749
7002
31258
7307
33798
5392
7930
15418
9049
13530
0
12516
14830
6650
-1
34060
23814
14647
14995
15213
12888
27696
16019
25738
4186
12760
1968
55393
15842
30838
44300
0
7872
4852
4307
24102
2548
10815
16000
8862
2881
4066
12078
12335
2669
12818
14360
12550
4244
15200
21798
7403
18724
9190
19612
15833
22970
17678
25552
62540
0
24406
16848
20664
2808
17225
11507
-1
-1
10760
14399
7440
58570
13596
14644
20401
22902
9596
20457
17318
0
9830
3246
13856
12956
16646
21244
15292
21624
4377
21492
26702
11377
14184
6640
14115
3916
12170
33882
16284
17711
19533
13584
7488
22198
25323
4166
15320
25544
4306
14781
16977
37772
11000
12127
17934
7536
23058
240
1116
15971
10185
28797
30116
4752
17202
12562
22935
12996
8377
3846
12273
17514
28930
8054
16275
21042
16224
1958
-1
19318
25332
31813
14044
13544
15337
10082
1072
15498
0
10076
4251
16049
26113
2438
4273
12045
1711
4592
0
17344
57196
7358
22140
30804
13756
9639
15193
21321
608
2737
12954
12042
2056
19500
12275
6118
9924
53371
28723
25533
25610
15304
8840
14108
3772
17562
2718
2900
22286
13820
-1
10691
13231
4524
17866
19462
19234
14506
2400
0
55940
14206
4411
2256
20323
4236
-1
20446
5107
-1
21186
37725
7029
16404
6694
6528
27374
15810
25730
34060
50428
-1
33136
15307
20120
18687
13844
10857
15189
9834
11100
0
170
29790
13210
15695
9420
32846
576
13230
18628
7175
7117
8313
2353
4204
11030
3517
16812
5367
0
17350
4
13950
27633
8880
8602
23999
4411
27653
0
1236
13182
4180
1190
24510
17382
17354
15338
3206
20657
10962
11078
3440
14710
824
8418
38406
6555
30622
20921
11237
2998
17848
25634
56136
12358
17532
37399
19296
5584
12458
61095
25999
86708
3811
414
27198
27848
9688
39826
2056
16168
20986
2138
21646
15992
14018
24887
18626
13192
13888
25910
13844
21509
17868
13806
16199
36513
17162
9984
17799
21321
6919
11362
12592
18794
11756
9576
12126
19238
6848
2299
7490
18452
1462
710
24530
3066
12613
8328
799
16049
25068
57750
15670
17398
0
1116
2503
17058
11306
16002
4768
0
624
42170
12571
15908
11294
12688
4875
20759
4350
22625
5744
7512
26396
3170
13699
8867
0
10721
3172
7860
9555
768
22878
-1
17072
3412
-1
15786
12786
65494
1872
16686
13622
5854
16759
9637
6080
10392
28908
11174
9586
21710
8923
22884
25342
0
4088
16696
10602
13185
46834
31850
19068
10547
34437
4138
4202
14444
26156
12961
14328
34486
2213
0
12809
4082
14582
22668
13736
1543
25278
6551
22973
11930
18345
5580
93
23012
13104
2100
19700
16773
44647
12894
22710
17395
17208
10177
31888
26580
23158
29416
14064
16918
15254
22336
3774
19699
22718
18545
11170
2175
32345
10474
14254
12125
430
28348
24950
78070
40468
2636
11366
8504
11446
22308
11974
13787
16686
1912
14640
15878
27248
0
12876
8632
18246
35698
2169
763
19221
12575
16314
1833
35575
20664
3203
15548
3484
9472
24222
18405
3856
20416
13566
18008
17550
34896
2434
46810
8682
2266
13904
11852
5132
12583
-1
0
16473
12639
6963
23644
18330
9744
62414
15998
30742
38842
18756
17604
7250
18124
15882
43466
18506
18584
16368
8322
20860
15934
9190
16966
-1
35981
28574
1670
15240
13792
25504
7988
14542
12956
4070
31904
13859
-1
14768
4062
12672
11414
16046
5916
15856
17054
18923
19522
3082
16080
5390
14554
23101
10792
0
13313
34602
18814
19246
18714
41680
17226
17784
2204
85648
15526
17804
-1
24406
6813
16232
-1
46936
12591
12060
21437
25794
16598
16371
24382
3409
0
7382
5496
16280
0
12780
6122
-1
11726
13567
16437
8998
1348
9083
23822
22189
11301
28559
31921
12164
4408
14600
15218
6768
33526
12962
5561
7278
18210
11067
0
5362
32634
13390
8748
-1
17770
2153
17243
11710
21602
4684
10131
5594
5563
30823
19724
6911
10180
48086
15612
7971
13036
2
26287
4166
546
19032
518
29737
16828
77960
5891
10083
80002
12268
83660
22950
14896
5779
2
18202
8261
1442
6867
-1
8280
16946
12164
20559
-1
14458
9238
15561
21367
50762
5362
15576
21665
16878
13755
4947
10330
10010
15916
6986
21176
17372
13378
17708
44204
36472
11840
8917
-1
394
2543
4888
6096
2002
26386
19187
4482
9540
34192
1886
12352
6120
30735
15430
5390
0
7484
14160
13984
22896
11823
4250
12524
2171
5361
8224
18638
22183
2035
3246
13022
11066
14362
7345
16416
10845
12407
6080
11942
10406
24620
-1
9854
24378
6473
15028
2983
6782
33305
9217
32810
25375
86926
23030
60684
475
30757
13516
8666
44844
5036
1212
22095
21000
18832
21736
46988
15001
0
14988
3560
4882
23289
11820
2280
8255
21136
9057
24274
501
16102
17152
7703
16110
32837
17746
0
37517
25998
3220
3830
21941
0
12584
23008
10632
0
14407
19172
35328
15122
17257
17863
3356
7812
17784
1062
25331
11877
57442
14968
9650
7378
92292
22802
64145
6628
22566
10428
14867
7393
11176
22420
17680
13558
38710
12094
9710
6367
7077
14295
13206
70686
12106
13643
9305
0
23082
11715
44028
11898
15221
11334
32402
29202
15254
87998
4256
4616
8210
16588
12387
17031
3204
19090
17003
19681
22836
9950
14848
11748
11586
3455
25058
27600
22734
10916
26283
23053
10629
7992
4320
5823
15187
11636
8378
13323
33744
2919
21377
16799
11528
25938
41390
19770
16750
61468
11342
14506
15230
16171
25264
10275
1040
6858
10264
1813
26190
39309
15037
16712
17290
15566
22312
7097
25278
0
3423
532
16522
6367
16195
19504
34426
23275
13685
10470
8718
38684
13632
1689
15245
11620
21333
20747
17830
19054
3492
18264
15798
18599
14160
33906
3696
12032
16971
11040
37544
11048
2016
6360
32480
0
20289
6062
8422
17552
27694
3975
27887
-1
8
7013
41181
614
3658
37362
4039
64926
13228
18980
992
7303
2788
8453
14108
16008
18004
3816
0
6414
10428
8313
32724
33796
18212
12516
15828
15190
14520
6269
30668
0
14832
4222
16038
20150
4
12900
6824
9254
3584
16265
34918
14900
8
17922
17128
12784
2403
13819
32490
13920
679
30250
12624
15247
22176
2730
13286
8814
37073
6646
15318
21398
12477
2413
23303
15210
14055
22098
13622
23178
8864
29260
45731
15374
24822
3366
0
921
8709
26848
15291
7294
4076
22615
16831
6712
9775
16134
16972
20488
13036
7200
-1
18762
17478
13601
29676
16902
14896
49330
0
2400
16856
14671
22138
8742
11768
27366
15484
12724
11650
31166
30694
7482
3178
1996
13363
15863
14890
7520
43966
-1
15748
16688
14042
19981
9818
19596
872
9018
16112
-1
14736
15586
13788
4130
13132
15096
8518
2320
2550
51934
10616
6800
25922
14219
18401
15638
1658
6912
4614
14850
15572
41104
4834
9779
44272
16458
4350
16055
11038
11274
714
15064
7792
316
21793
0
16755
26926
24888
8472
12895
1592
503
-1
18240
14057
19108
18922
8214
17597
12044
10226
15474
5231
11405
10130
8728
25843
14887
6854
18162
29880
25824
18615
34690
2904
58136
18612
42217
8371
7714
-1
3236
19004
9091
8293
9482
-1
0
5728
14808
6844
3
13628
13714
20926
22478
21018
18469
3984
10538
14346
33207
30612
3650
17891
15222
17076
2148
340
41884
32086
5912
19185
10721
69006
8189
10708
11817
28883
14332
8656
19656
18138
13593
34057
12096
28166
15616
4183
2792
11794
4308
14382
7018
28171
1209
9036
15311
18441
17967
31726
43326
14323
15056
26020
31922
45034
3066
21726
36152
2996
7304
25028
8824
3856
14054
0
26232
6094
26453
25570
9548
7554
16591
25552
27248
11753
28770
58169
7258
62453
62340
11705
-1
26245
3132
13720
10368
5029
12966
16953
13733
32002
14799
16642
9786
18670
25093
26028
7949
37849
18727
52847
5701
10354
14152
3506
31002
0
11322
2863
17347
82822
17540
4536
19899
13602
1130
33566
47040
4720
26222
10843
13476
46929
14890
13172
15366
65064
5946
43664
15104
18266
15336
17154
6735
65189
19088
0
10822
55990
14850
12060
1924
408
12434
7556
15820
22526
65028
20876
38526
15953
14038
15194
7956
4173
14022
23291
17336
17328
10880
13999
4633
30290
21156
6547
9198
41364
18130
19042
1858
6228
16668
2328
13546
12185
6754
3497
19054
14656
23304
15694
2482
32297
7494
27435
280
23199
0
7262
-1
34576
20532
14700
65
5532
14598
15800
14874
74030
16137
584
0
21512
4009
1093
19488
11051
12763
76804
14463
13116
15402
0
3242
22073
18100
22062
16779
12632
12554
3766
7590
19140
12388
13004
91476
9606
7726
-1
19680
10646
21593
5884
7182
19202
2708
24348
5347
21962
6198
12560
5064
8260
18934
16742
18889
14801
23108
8863
14358
0
6195
30110
24990
4028
0
749
11160
17504
18550
-1
14613
0
15454
12822
0
23130
8844
10451
13346
26395
5465
6113
1898
12030
28805
18299
-1
15407
10053
24616
-1
3820
19288
43032
10150
24561
14208
5000
-1
2863
9706
6084
5533
15461
16564
22518
18930
17506
35356
21373
1986
26656
15978
13098
28862
26163
10221
60314
60
12762
45572
18467
12920
28318
13302
16516
27068
4315
36166
658
14061
7092
6960
14336
49384
4692
22361
7338
3287
21674
17872
8557
12200
3
6444
15722
7046
36763
27224
7654
-1
12042
6330
10868
40816
71084
3495
12430
15802
16516
29827
61407
5648
14678
17320
237
21988
2930
13392
3358
6200
76202
25953
7744
48612
17612
21126
15966
18002
24669
36834
1542
15500
47010
21855
16868
25803
15392
16363
17528
5420
786
14946
15026
7
22446
10628
5353
3787
32922
16968
0
7636
3172
1748
17732
30256
11678
19214
13272
11836
50706
13800
22728
7445
15570
8129
9151
4482
50026
73552
7798
6474
16798
14699
24442
0
7222
6923
16446
10984
15917
5668
7326
5702
7542
16618
-1
18540
19146
3034
18327
3315
13289
30868
15771
11075
7636
17790
30640
2703
15196
9705
-1
23244
808
16050
2382
14856
8794
23860
20454
15953
13294
14610
16264
-1
21558
14438
7260
4710
17204
10284
13814
1381
19264
75930
48868
4390
13478
7672
12675
21968
31992
11390
1126
1
15499
13808
4476
21178
12195
40415
17582
9260
18700
13786
12557
14588
2045
8290
11240
19014
40517
5554
78776
82296
14590
13494
5880
15079
13906
5612
20432
15058
19030
12888
4538
4707
1422
17578
21646
25488
17022
15008
2284
41686
19456
12799
18646
86472
9542
15752
6950
13148
21344
8876
22726
9074
12067
12060
5555
42957
34370
92296
17663
2184
15751
19988
14453
21428
16805
8220
1422
3551
8700
8290
17236
23425
26074
0
14149
8576
8453
-1
21768
2680
62537
9742
15137
12557
-1
13196
15605
12520
1012
84522
20929
2
15670
25313
11180
7538
15852
7927
39542
8734
14576
0
12222
12926
22270
-1
15780
55651
64463
17869
63050
22392
5855
4730
15460
6426
22440
12458
8988
17826
4
0
7564
21186
9476
20376
10582
15564
3472
13186
39004
26350
16564
11326
870
5472
26310
0
8102
10953
13372
16433
6450
40334
15897
10314
6275
6312
6105
14038
11324
13635
7692
16669
15549
16962
15140
15330
44162
12444
15019
24064
13704
19250
25143
16370
21624
8103
28414
20840
13055
74310
54788
990
14710
12196
3558
12138
37268
0
58409
36326
-1
6683
32778
21015
4010
3664
25638
91566
16390
20332
48974
21002
3476
24075
3944
12657
18391
0
39504
30244
20512
10948
7976
39150
15218
43001
0
18792
7288
18098
18756
1211
10106
21964
12636
6807
18336
8924
10468
7154
15361
12838
3346
16320
2986
15610
11178
29660
12850
39212
10349
5917
18158
32202
2275
-1
16224
-1
2581
16142
10
6536
14085
32457
8594
18557
8042
24776
15138
14736
10549
1454
17959
3454
29918
13992
9652
37193
17820
4378
19330
5992
4828
36017
17878
45524
35343
15188
4150
5006
5391
4546
17756
1790
28327
16726
40240
12758
13100
3496
21640
282
5428
-1
20262
0
14974
11550
9128
14349
18018
25204
22587
12733
23294
5156
16162
14514
21650
8638
17738
9001
2861
21944
2180
32338
778
19170
16296
12162
15873
678
7964
14132
15956
11301
393
14268
9332
3026
0
14676
-1
22809
4210
26162
13472
20367
25805
3382
41462
2862
49876
26206
10275
24251
5168
13080
29838
24744
6322
1947
16316
2954
2
3196
14376
17610
3339
63978
11205
23124
19130
20664
49158
14428
5350
14962
22900
3
3436
11816
22652
27714
12422
4821
34732
11100
10544
9540
-1
17656
12518
12336
14425
31292
16820
13066
12474
50542
5188
20913
24736
59296
14078
3672
10637
17255
35478
11176
3
10527
3409
49728
11066
7786
16378
19571
31455
24554
5062
23671
60726
13742
21724
16499
55305
44311
14890
24554
46199
5156
21052
23184
18087
27526
1394
16571
1750
21963
33898
17494
20345
20496
18392
1870
12323
17754
6170
17686
17494
4916
13514
11328
1464
19396
7530
265
27905
15929
3430
38214
5664
10004
9047
2223
19832
14462
68428
6522
-1
15424
17826
15316
12086
30082
18147
31954
3834
37583
10850
2877
4162
4302
39862
30184
8392
5850
17502
6130
6930
1562
22008
10690
48760
15684
1966
27732
59264
62466
9274
12936
13503
32924
17369
25188
14004
7127
5883
14816
21210
14116
49648
-1
7854
8
52486
5824
14640
5744
10930
26171
16072
13138
33479
1894
4409
0
33846
33330
16971
14346
3116
25532
13904
40074
1834
82680
22331
18856
10405
4160
13327
9766
1837
4076
16032
5140
13793
22786
17184
2728
12524
19578
895
10298
19334
2832
33345
15980
20062
3849
962
15322
-1
17916
7930
17906
0
18094
9396
12836
14094
311
14322
34400
23384
7667
20090
13464
7622
15328
8080
50992
33244
11192
4722
4019
6996
4782
9195
1160
5718
14742
14171
10392
17552
2663
8554
12386
13082
10803
32710
16586
3311
16214
21796
24998
7847
18790
0
21124
52462
44426
42424
9176
2
14737
7909
10088
28012
4482
31730
17058
15051
12290
59498
7000
15497
2348
10044
5084
18768
9222
7694
20558
46498
2996
8694
659
26631
6461
0
102
15588
6934
22412
13172
3588
21922
15030
12987
10382
9044
27418
14298
2656
8473
12746
33138
19905
21314
5058
17252
15694
6874
14014
20383
6917
29250
31660
0
20025
23951
17666
716
11258
9008
4898
16330
92
14347
5952
5880
10439
19737
23678
23552
12068
13043
0
19730
34
69512
18288
-1
18572
22990
6731
16922
0
17786
25278
974
1494
10899
628
17304
18140
6232
7824
29160
40292
8674
15594
16150
13217
23147
16248
8806
1970
66
3114
92524
12926
4020
46422
1936
12400
13032
3835
14380
14597
9282
13500
23107
12362
22391
11572
1797
5695
14462
14337
11783
1403
5429
61788
7939
19359
9122
1128
16908
2344
17120
17398
29130
6541
12128
30576
15344
14106
24460
0
6212
31970
16742
23193
484
16178
17458
7368
0
7
18652
6586
23502
31864
11122
45040
40459
14825
4729
17739
14839
21156
22940
21791
8226
53
32745
9343
7454
13511
13576
2720
6306
31640
1527
40682
1166
2702
13835
11336
33497
22380
39500
11443
19527
17530
11846
11632
18130
14146
19964
11898
19444
16325
20630
14608
17340
35184
19829
18448
13871
25484
4988
12796
4180
307
9417
8463
6102
22653
17906
15879
30875
9926
6194
14302
22516
2989
15108
11147
15526
15420
56642
51318
16330
10290
6920
13094
15045
16534
200
4380
6026
16634
1376
21723
17346
20178
11620
16440
16927
21716
16744
21282
1208
11770
9078
1918
3945
11672
6251
13564
20441
47342
18286
34243
8368
13009
960
11090
19158
67354
6850
-1
14202
6558
1108
4513
13880
21456
2625
27376
20442
2432
8872
39078
11850
2183
24282
19382
61633
302
22422
15156
3692
16478
16982
16411
0
9311
12555
5176
16077
24511
9896
3658
24782
3936
0
13906
16470
4483
8235
15509
12868
14539
6275
8722
15940
10638
3902
11182
17092
-1
11146
23808
4266
0
5544
16464
2304
-1
40567
27070
7386
21102
6223
3622
17609
12050
19031
3108
22357
15330
16308
22014
3018
31914
20323
21804
11905
18586
13848
12608
12070
5078
29809
37652
2623
16000
45710
547
16606
12838
1912
4868
21442
22680
13134
28302
16168
17088
31168
14956
10776
7622
3670
4578
18222
17335
9706
10088
10192
18038
2704
711
36932
19802
8887
47888
66854
6395
7335
19953
29478
-1
4041
10188
12744
20645
15724
19746
17004
5402
1765
26661
5770
29588
5742
9944
21214
8224
20295
7189
15968
29420
11841
13794
37417
8139
9472
28178
4406
49034
19529
5316
9768
18260
18902
4245
15654
42102
42366
2360
14172
25014
19159
16247
11348
5008
10958
13942
2511
12360
49722
16710
6574
12278
0
16478
10746
15538
9597
1030
3630
11174
75030
18005
19576
42453
5514
-1
17260
14821
17009
7138
18578
16210
23682
31873
12364
13523
46989
11174
4204
12559
5130
14992
40374
0
13496
19706
44758
15858
21694
15740
28822
24230
33650
20003
11388
17514
22050
20648
24546
18398
8650
11728
19636
29590
21218
10530
16670
14815
5034
17581
25658
6901
8952
1212
17885
17617
12304
10896
13111
5184
-1
1228
21128
16379
22112
2660
17961
952
8604
8788
34680
10314
11578
27832
57013
18398
10993
22471
10548
0
9316
13753
13600
3714
19827
10213
14998
17941
16643
-1
10261
0
17481
3068
162
8583
22324
18030
11692
26570
8523
15116
28474
6914
13177
2537
3916
22083
22228
14615
8116
9487
3934
41343
3126
5776
9104
11843
15644
27196
60743
3929
11188
10146
14774
20903
17979
10880
12052
2672
21450
18692
2740
16348
3392
0
6722
-1
64539
4679
14890
394
25366
4606
19176
45972
16642
2320
19010
10427
24680
8962
12317
14154
24553
10223
4385
4803
41786
-1
13738
9384
14378
31968
-1
21733
91472
26868
13100
16350
16592
13948
16540
20056
22433
9294
18832
632
5117
46173
7976
1918
4693
16308
17090
37653
15321
0
7949
14592
16202
6864
14860
23055
15839
20578
18224
15014
13616
22316
12855
4811
3191
4
9556
42666
24688
12118
12534
80620
14042
13025
30570
17725
24927
18700
2348
18178
8948
8328
12678
22969
13684
14390
19136
41396
3888
4496
79548
21170
14294
17998
21735
0
36832
3264
13300
-1
27354
18968
81956
15952
19776
9838
15714
5480
31916
13296
16617
596
6576
4169
3502
10338
9129
10542
14836
18775
9908
6136
18185
2373
15805
0
4258
37962
21352
19629
13796
25812
12247
15778
9980
0
16360
7098
32870
9636
17668
33958
18006
15947
19305
10683
8418
16608
24214
11594
4081
18042
23795
21912
22732
18632
16228
16890
28349
10728
18258
6394
14868
25947
17174
23952
21945
8664
21967
32790
15608
15534
31470
1980
28324
11588
2892
21052
4710
15809
11678
28875
16854
20574
9080
14369
9574
9874
5298
22777
25315
14118
29270
16613
20604
3239
20894
26459
4426
0
17240
6634
33284
1735
19011
18862
1716
14254
21423
11268
9236
51149
9809
17012
26264
-1
16544
20686
23564
17922
716
28066
15970
15936
18003
15156
9900
23698
16220
21406
6584
9433
41337
20664
3008
1682
38220
14550
13280
20330
8667
12038
4438
7042
9710
14898
9853
3791
28806
6726
16102
19107
50146
17610
7584
20840
14650
8312
28440
13554
27545
21820
19410
49374
21802
13676
7846
5828
2287
3856
10060
7102
16688
4226
4151
17582
35269
22914
34520
5200
-1
26540
16828
11038
12505
16566
3732
6588
10416
2634
18848
20539
16000
5652
648
14082
3947
21861
17188
15731
26257
2142
7784
29178
28872
2342
17660
0
43829
17872
2182
9717
12762
85690
16830
15650
14022
2313
2539
30161
24852
5203
4876
7776
12516
7636
6058
21454
3391
5494
13388
11297
20790
92160
15434
32363
21518
13436
-1
5200
2186
4883
7750
9455
26910
23483
26434
3
11925
14685
24470
6424
39873
20534
14782
7206
6446
9466
11043
15606
14696
9844
-1
3660
4854
27214
13226
3526
6546
23127
2230
28782
14735
28674
21764
18154
22539
11126
4479
19814
17340
10034
12173
15457
12234
11399
19482
16188
19248
28716
5928
17978
17712
27908
17284
10580
26900
7466
37686
29624
15896
5676
7890
1019
0
3510
-1
8600
9516
13777
17491
17019
36972
6130
17082
-1
43762
70150
16390
88846
51021
10322
15519
20130
67762
5398
18924
11467
6668
4698
13155
4649
1522
3728
14072
9949
0
14618
15956
13998
416
33776
27897
29544
16324
3898
9302
12535
675
13782
16182
8518
24224
3098
20021
18914
14186
86832
12880
21607
13358
16938
5152
1700
9814
693
0
19451
0
20432
778
-1
3540
38417
20074
20000
17272
0
22090
7308
6103
8097
14436
3548
515
22032
16388
-1
8957
28670
1478
9674
-1
19492
29150
4001
13911
5818
17018
27580
23781
11136
16920
18226
15698
4890
18422
22230
9542
7584
10630
8066
5500
14792
72262
7015
13497
17382
2918
8875
23962
16412
6780
5453
16174
16117
16164
1829
23252
14872
3272
24053
3592
3088
20081
13768
18088
16306
22235
5104
16628
31286
22019
7780
13204
12376
10242
6024
18205
-1
8160
9928
21042
0
11455
15866
6810
10755
5868
12810
16464
3794
5921
3340
22044
9347
27029
2289
-1
1616
15806
28644
34086
7130
20515
15860
20450
13471
8531
814
9218
6156
11071
32728
26208
39638
16952
1814
14349
6634
64730
24711
20232
0
9258
15804
278
12178
15676
41494
483
12477
3789
12379
4141
10670
21119
61296
16601
8420
36676
9708
16500
7665
18694
33184
17656
22262
8544
4766
23177
4168
4152
7584
10433
1293
7332
78250
30860
3770
17618
26560
21785
16323
14169
18254
3726
4
2610
12562
8066
13296
14610
9968
88232
14884
25625
8564
23479
11340
16506
13642
12214
5638
2386
17192
10289
20086
1280
31716
27822
35280
10738
12994
11316
15147
6048
11116
2674
2090
3020
10580
21575
826
53008
12370
24153
24614
42961
23870
20856
16368
0
7062
14467
16810
11022
7926
7958
5453
13157
12492
78630
1915
13560
0
9334
7054
42637
1401
0
17046
16482
2550
16472
9713
19612
8730
11921
15544
16201
5642
8906
0
15180
20256
23991
22334
8098
6205
22630
11047
17361
32366
13610
16918
15938
7507
25014
7936
3706
24003
14736
24481
1444
4640
4460
13663
14430
3250
12607
16255
3370
7968
12405
25506
46289
13536
4915
28041
7143
4148
32221
16846
19279
7316
14888
16466
16106
20296
0
17328
14304
2798
42506
0
11502
2747
0
17326
43999
14995
14347
704
15589
5934
11486
4620
20044
45246
10810
16296
22938
2801
13105
8024
10128
3929
11082
12616
8008
6569
27494
24870
16747
13236
18404
3472
2
15452
29488
12812
2740
12498
9308
31844
8188
688
8380
9128
22628
-1
16759
0
19239
25176
30312
11756
18335
0
4450
5889
11732
2320
15932
7491
308
22370
17797
6182
20094
16652
2497
9680
16036
8777
15758
9783
22475
52749
4248
2752
82780
20352
17894
26285
25156
1117
8796
14564
21670
12258
24137
14262
8147
1176
17984
33738
7102
0
16221
26973
2174
18922
26580
30104
11584
14304
12018
19737
15468
10184
8478
21346
1300
-1
15770
5304
17310
24910
15002
12006
20875
12784
25113
1006
20148
6962
2224
21929
20972
294
11418
19000
5110
21343
26974
15533
6515
20602
3036
17242
0
19640
13314
48198
16798
29294
14628
8743
3342
11948
46211
-1
31519
5905
16910
-1
12609
15093
26158
17325
25726
-1
2196
17201
13914
3748
53361
-1
14082
10564
46207
76364
13862
2903
27284
10010
14538
4992
21194
6222
77980
2492
14948
18522
12106
364
21224
5243
0
13990
25758
1974
16918
3159
694
14386
17130
13589
905
17324
8736
13750
20916
12974
16924
-1
4177
19534
13760
7020
-1
8758
16786
9602
13964
15618
16688
0
11954
60583
34608
30146
14844
4091
2750
9969
12541
14366
6009
24770
4464
4456
1704
31697
18845
21755
7511
11456
2054
8632
23129
10644
14206
839
17655
11461
3484
3618
12554
16033
14018
954
39260
21981
4770
83586
9546
3155
4968
11766
44776
7880
15498
17200
3714
19678
17511
16470
4835
3700
10340
257
4812
16470
11605
6454
6676
23150
-1
4450
11884
6850
12038
21464
12703
16426
18362
25368
18604
13536
44744
-1
0
19842
13242
5474
18066
13315
8950
2650
13764
7056
40578
5276
26662
6190
29650
0
51717
4680
36184
5238
10820
4850
8492
40428
8056
19862
30236
19332
11982
19788
6230
0
57241
10537
9850
13786
14812
1708
12149
2092
16534
15776
889
25440
15400
40122
5552
20162
21914
31134
6552
6653
10150
4163
264
5641
5630
0
8494
104
21563
16260
15105
28454
10978
5700
7882
18743
40776
40088
5898
8918
7470
2450
9326
18252
12740
8336
11216
8640
19082
18932
8286
3466
14242
7799
8242
19540
19598
20534
14477
4668
4519
85250
22428
2453
13982
2606
14186
12648
22332
717
22468
13638
10432
6790
6304
12155
432
58478
16780
20688
18266
20710
15768
14585
2262
0
7266
75
3570
4460
21475
16088
12684
60675
20632
13516
13971
7524
10490
21380
31681
1606
0
11600
7178
44714
12306
13770
22827
28876
6814
29982
16696
4390
18956
60560
13924
14686
55165
7204
21822
12147
53887
14068
16350
19153
3578
18784
5476
11362
15970
8100
31382
23294
32832
13491
12464
11960
10188
10782
58808
1790
24852
11802
10293
8758
2
3357
21605
3061
77842
11675
0
17460
11616
18043
16057
16536
8060
2351
25056
19684
18175
11833
380
6301
37507
6
1374
7061
10240
21152
0
13130
19452
50870
44384
48422
847
20115
79686
25584
17614
5419
16408
14678
26352
7305
7138
3041
17608
15858
2340
14443
14430
22364
13080
14754
13172
29567
4208
23646
-1
18787
7036
26064
3487
0
27860
15472
13125
25497
15628
8214
48556
6284
33008
2408
15130
10676
12505
2688
16378
1106
4288
29075
8275
10845
3417
24946
14370
8038
6564
19332
10198
16544
7753
22917
19092
14471
14315
32381
11620
17604
0
1910
18955
3149
20608
18176
20369
11180
9997
6676
9252
19169
29788
8478
31871
32398
19127
9505
3810
17530
40198
7128
13686
0
55238
32208
16750
5980
33481
16136
10564
16836
5366
59340
7340
12065
10405
14
468
18125
6595
15673
12237
22024
5395
10697
3495
19208
2538
11384
23184
18850
14390
-1
21730
0
7733
8802
2033
14017
13946
12869
-1
4026
3652
14320
22360
9601
22396
9746
26530
1346
22900
7180
18887
0
12064
9918
14594
13174
15841
23478
1958
64006
12105
4873
15834
0
11340
18468
7928
21355
43548
10
-1
12634
26324
5504
24762
2918
12828
12144
11908
13896
273
21762
-1
6179
63195
19232
6679
19332
45520
426
16456
23756
22627
10944
10692
10194
-1
8769
2884
-1
29755
9482
1834
13757
3196
9683
33482
27254
11906
21546
34188
16130
3511
-1
19144
2391
12330
16320
2570
23300
75584
13994
24153
16702
45508
13252
-1
24412
19874
0
5982
284
2690
51550
6454
13653
13748
9972
21784
5960
12561
23158
4030
17706
84162
3552
7769
16700
10519
35922
55654
9754
23146
14340
7870
10439
15316
30426
10165
14766
12880
24739
5092
13176
14434
836
25036
5999
426
31274
2
14769
17164
15174
19459
14728
15646
18022
5874
11135
3958
8636
6879
53026
5168
24757
21931
10758
15865
4115
15849
13830
23276
13296
10886
94
16258
14045
20522
60506
13042
41894
17028
52048
24612
59320
15026
10192
11968
18883
45938
41502
19457
4264
16888
22335
50281
17856
16633
2235
11987
-1
46196
29662
0
13148
10492
4005
12498
19382
15577
0
5870
3915
-1
49606
8493
24884
19014
4760
16612
4238
22550
15792
12450
13953
15080
11380
14816
0
12886
4828
6876
14576
7744
-1
9875
10076
7800
0
12322
8973
13912
2016
14408
16397
46165
21804
13244
13844
6232
5107
1016
17386
9312
2028
16140
15608
13000
15567
15438
5981
0
5084
28612
1360
5180
6189
11428
12611
11048
24766
-1
22258
22742
457
14902
31212
16300
28218
19520
8302
2098
18473
24289
41725
0
16157
12836
10676
11356
17842
12120
19384
16884
10912
15586
44183
32109
11705
402
14482
3016
6952
8644
3364
6768
8029
8791
13742
17338
23520
0
10602
32107
29015
8586
48978
12283
10
18364
9154
29125
9979
30564
-1
22088
41670
8622
5055
5522
18994
19500
32939
23440
9088
2840
1676
8430
16914
-1
3174
15900
5065
1106
20410
16868
16805
0
0
27319
10170
9795
10900
34104
12848
1804
22380
17524
4824
18733
13126
14496
10384
0
1836
16574
9975
32218
1343
28562
13682
12246
0
15434
0
6780
16994
18130
1610
14314
52762
0
7250
3640
11725
3587
34564
33158
16668
11850
418
20331
11854
20427
16310
5589
18640
32326
13598
2606
-1
2
7488
2600
13055
8464
16932
10487
6922
21898
6330
3098
16260
6282
26756
20969
24852
24840
14324
15770
17414
1520
0
45776
15210
28876
17405
12428
1714
13004
10728
19458
19566
10068
16445
14217
17764
6538
48259
19084
22637
5954
11107
28479
25718
10685
5492
2264
11800
18104
14964
17258
17852
4772
6140
52644
17158
15332
29291
52691
38892
16330
12624
16232
29192
30476
12476
3149
0
25634
11791
10984
4074
19042
89604
10073
-1
33343
4286
15822
13118
15469
6244
3737
28216
12626
10614
3128
7998
0
4302
6790
1288
4734
3590
38050
2916
22110
6829
10536
14279
315
15874
8384
14646
32831
9834
34993
11562
4267
14300
15830
15864
42562
4208
-1
4861
6114
8620
9180
27782
5402
15736
51635
7870
17708
8
26128
7226
1802
12616
7604
23682
0
5368
16397
4676
32555
0
19696
5770
11951
18616
17296
0
1114
19788
12474
32980
4194
18172
5630
9530
10009
21686
11772
11484
18378
2550
17788
65176
50792
86896
20856
21550
13923
11372
44633
0
7426
11872
24934
16661
28956
27680
2446
31974
19403
29158
24613
14062
4177
2284
19391
7742
23550
0
5210
23400
22742
16058
15030
25395
13102
18321
16104
17118
4818
11034
2827
18100
88364
10143
9810
19248
14358
29082
11474
96
49038
25141
31795
13983
40882
18986
22688
27576
5217
36553
9695
28491
56521
26608
10298
16794
0
42178
2434
4548
15550
15060
6520
13257
31394
38200
14855
39710
6276
27782
18603
75854
28602
24771
21347
15335
32684
13190
15407
22654
21686
24396
27323
17037
15391
20470
32117
8098
37848
18764
21374
16231
47374
14807
12562
2972
29446
9446
3445
9839
24691
13678
6281
17320
1687
3638
7136
10472
0
28736
15779
78488
12581
50550
27348
19968
11768
15092
5424
14091
8400
7720
23726
16776
-1
14752
6064
15726
24550
25637
7115
-1
17292
6446
15718
6250
26648
13260
21730
10191
33648
15663
12618
27783
52742
51106
0
48536
26482
7859
12042
10205
27049
0
8934
15926
10606
344
7877
16068
23415
28912
889
3248
16402
4
18302
7387
-1
2460
13598
14076
1730
10294
52750
13088
21752
9889
13608
9079
2994
18654
2718
0
13818
23634
34777
20074
11034
13542
25857
7248
12663
2158
17969
-1
15902
4897
7476
20396
14047
-1
43560
7938
11544
2686
6006
40025
9913
3974
15658
11355
21373
10116
15958
2810
3278
812
-1
14778
16448
11173
15943
35559
2090
6365
5434
4393
12148
7074
0
11880
4100
49871
2924
7349
17349
26160
26377
23002
3448
14704
11216
14575
0
30777
40719
15990
18453
7140
9793
14104
10310
2755
1550
8104
17063
10560
7172
15259
7005
16960
28399
14680
11524
37005
17548
15826
0
41922
17004
13178
4162
16991
17116
-1
15244
40108
13198
8104
6283
16270
15647
7440
13836
27264
13372
18828
13879
4928
8164
10540
15882
15842
34809
23304
19026
12746
6740
16641
3156
18564
10883
18438
31464
7182
9234
14180
20849
24120
76994
3348
22452
683
28887
14646
3167
3932
1685
14504
27068
33992
2996
41052
9060
5276
55710
13581
11329
2963
12972
4086
17083
1172
11356
4100
20411
12487
31492
7750
15404
40771
5834
25304
12506
14330
0
25003
86972
14634
5130
42898
10903
5887
18970
15950
19076
19102
22908
75438
15156
16700
4888
12210
1842
18081
22136
15564
15248
18212
8497
19340
10109
50992
1771
48278
16368
20513
80416
9418
5380
13216
36729
3994
20952
24652
11050
26652
3098
38752
34394
1648
8581
58756
8636
60109
22066
13454
37303
4080
20876
17688
16540
16774
19014
10900
813
5705
24497
2472
16219
2568
17601
24737
3771
8527
41354
994
12191
18202
5620
9981
37766
12144
4604
20755
43792
12010
16920
7996
25131
0
6964
2466
12922
9826
2121
3848
12887
-1
12713
17378
14616
23306
1630
40588
6194
28282
13562
51708
15678
14780
4792
14000
3724
9581
23598
3285
20905
17250
33286
5280
3322
20873
18066
12624
65338
11778
15812
16515
-1
10041
25363
0
23404
17212
7034
10762
602
14296
0
14644
68090
18284
22620
2974
24115
7429
26038
8590
22728
18419
18036
87848
28100
11219
16160
12202
1521
7816
44538
14840
15975
2687
3010
11028
17381
2478
18227
683
2
25783
-1
12136
3178
12575
69076
16486
2788
13320
13334
6140
45206
0
4178
9108
36170
26608
20288
13052
24682
18848
14011
-1
20362
16000
14562
13122
23104
32588
20460
11174
4902
3443
-1
11368
16066
0
32841
26331
26413
12252
3656
20827
12668
15102
13956
11750
10364
10702
12804
13601
14792
17720
8416
450
2816
13478
17726
16381
28938
21036
19884
16812
10820
21720
24488
14554
14900
2448
11813
18026
6741
15694
24902
33540
13128
11284
15990
23889
16032
13456
2458
25508
23410
16962
0
7284
4046
0
9238
11139
18940
35975
5972
17363
0
8736
-1
-1
16805
4927
5288
35409
21419
8804
14419
34578
16154
11540
12014
20497
16291
16526
13170
4062
16879
3790
1874
20148
16504
15477
15693
2566
23232
20871
16604
11306
13264
23722
0
9764
6338
60246
13914
20326
12770
13236
16943
12376
49578
0
22848
15419
1407
18360
7118
3722
0
21434
13356
4032
12694
19195
11506
35412
1434
2
3056
1638
10844
7756
80360
6062
13351
5537
0
16372
13146
35418
0
17272
4
12858
49596
9368
14212
11800
31297
6102
13023
18966
21406
17109
25780
12920
21270
20890
23435
12074
26680
14862
7017
3150
15526
19210
27172
12907
17860
39728
3378
13457
8118
6796
12307
5800
-1
20331
4252
12218
1439
36084
6524
8488
15734
10062
19578
56153
4212
28570
32770
15338
44074
16626
18955
33514
3828
63206
6642
26345
4454
5928
15984
16192
16418
28452
410
0
10476
20670
20444
4775
20586
-1
10842
-1
33222
14102
22566
15714
9909
30174
36510
16205
25238
1403
30728
25438
11730
10181
20578
15324
14065
14200
26442
2345
17468
10981
43400
27198
-1
958
21627
8855
21804
12946
3128
17772
10260
18661
19261
7257
9951
25410
3144
16558
16289
6
2032
11404
19829
6914
33378
6572
12280
5021
6672
15932
10607
19429
5466
2008
16621
14294
21738
980
27168
4133
15834
43454
23344
293
5657
29954
5158
13449
14680
6536
18206
27254
11810
7222
20214
16750
1020
16972
17688
5550
8449
11636
12136
17352
0
15369
4750
33672
18628
19464
8293
5700
40457
18744
20826
7639
17311
530
49810
2562
12758
-1
24102
11518
9627
47210
19525
43095
36162
15257
6840
16206
2180
13384
2996
20300
15858
4517
7116
10416
9604
52094
5846
1618
-1
25530
19386
9969
1056
18572
14794
19398
12686
15874
8192
23272
3
11465
16136
14887
12780
16276
20804
11734
8578
1665
8290
14601
19522
7148
19225
21516
1400
21122
17211
3716
3867
0
6106
21324
32
10096
17080
12766
13109
75934
19114
1470
21703
10590
15953
18794
3364
8451
3596
7364
22108
14
7560
12322
6236
34772
14992
3227
0
13181
38829
19792
38662
11998
19184
28790
7626
10788
10675
3955
27462
25854
28227
15472
12199
1124
1972
0
2312
19870
8136
0
2950
3268
17754
13625
4336
4082
17252
4156
4729
25260
45688
7994
11474
692
1526
16049
17836
15106
35316
538
6937
25974
53378
22312
-1
7550
14908
27308
19698
13684
13249
29746
-1
29450
20534
15436
2630
16306
3604
5604
8088
9272
33540
5501
13568
5662
8861
1138
60855
15615
22098
0
15650
0
8365
15361
14959
21048
8350
15618
14984
4272
37833
5680
0
4032
4158
16316
0
14752
9743
2
10806
12730
18196
0
12772
14396
5042
5940
0
33358
3138
84420
26306
4466
22902
15252
23413
8348
86684
2600
3268
28392
65508
37656
32368
24495
24018
62740
14276
3711
33824
9190
4126
54827
2580
11506
2249
3632
17610
23137
16148
0
19888
12769
27976
0
11641
25053
14912
12854
26595
9404
6872
6002
18036
14167
36624
1596
12514
37826
0
12200
7135
8330
15573
7677
31046
22755
15747
23308
7452
19190
12254
24500
5970
1779
615
13550
6626
35652
11380
156
16563
17915
22851
14978
16920
17745
20586
128
23006
7094
16070
12636
9272
22206
36059
13169
1236
10705
6214
22082
18872
16143
8532
20218
14254
11226
3133
58756
34078
10920
0
9036
7708
22099
13098
12025
15956
30328
20072
16520
2292
0
12880
7139
11446
91066
14202
-1
16962
18828
10216
7251
21892
10768
13170
2450
24112
22856
35708
14070
85152
11701
9796
2629
23466
604
18033
13870
12856
2844
31380
13028
478
62767
28290
5910
45190
0
11570
12944
15307
18624
13557
20204
13961
16100
14660
2000
11442
19154
5912
11294
13130
17826
8918
15018
909
1206
17782
34060
18130
19717
12082
12660
23804
14444
2075
13433
4042
36719
33128
18277
16670
0
21374
18425
28204
15820
28652
0
45864
27504
14474
4166
48458
17684
14017
11364
6172
9620
0
9084
3370
36941
18624
12252
3812
7942
73522
2361
15584
28610
14958
7566
13450
47308
9953
2282
10770
17158
6048
2652
5371
10181
30486
4529
10250
8956
12046
13911
60194
17489
13452
18142
13748
38446
14290
11780
7814
15002
24730
8874
8115
0
8441
7410
16920
12614
10739
29026
1382
16429
5445
6152
0
556
10728
29916
22883
947
16982
18127
18392
11216
17516
15202
40146
26380
44294
21710
15536
16244
23230
-1
13216
10862
48932
33608
13838
19814
10360
5550
-1
12654
792
14382
8812
0
2656
36164
15248
25412
4248
2403
68818
-1
27616
5496
6773
17192
30748
57004
2318
2
15952
11514
7364
2106
20296
24294
73010
15756
8811
17220
12300
-1
10313
9515
14972
23068
7268
19785
1195
2019
6276
29834
22271
4247
19658
14280
9798
40632
8628
12036
15420
7749
9015
3990
13359
13153
5616
5518
0
27333
9783
366
7500
4779
2
26572
20511
13177
18084
16736
15786
12083
9650
18740
12700
5438
11666
26980
3120
23137
6846
21323
27106
5026
10238
15464
8529
21158
7030
14184
59712
7008
4326
21351
4736
42030
14480
790
20465
13248
12974
9986
19260
25242
31509
31341
9616
11220
12914
313
32676
12092
10897
38760
7814
71840
20452
24488
10674
12067
36436
16148
17742
11040
16794
16879
23087
7679
19768
11704
16838
3588
44952
32313
2
15790
89192
31863
13470
18483
33588
22784
3362
14036
19998
9992
13924
18418
26708
8094
17020
18926
0
3064
2726
17147
0
14873
13350
-1
22484
17734
12580
2878
26820
14259
4432
5690
23356
7233
45662
24096
7880
21578
3484
72116
4170
16116
7756
8709
6679
22832
21797
10812
10409
-1
1844
15612
31036
23771
14422
15302
65498
12270
18096
1666
3082
198
37848
7488
2725
13861
20826
18853
23738
5215
18110
10867
14602
8108
11264
13180
4296
27055
0
2782
15378
33504
9692
34486
0
24866
566
12611
13852
288
18839
8144
9211
17018
9316
4922
17318
13864
13194
19596
25978
2800
4664
29976
4772
15926
3046
-1
16769
14701
8646
10776
1132
4752
6105
14858
5824
12956
18388
12466
19158
0
22340
50
17200
13214
85668
84110
5526
7422
7750
482
16968
37721
14579
6162
65111
17800
32217
526
7358
35679
11159
9320
4582
21850
1490
4418
15739
15015
21834
10502
33180
30998
10633
38336
18653
18904
22878
-1
1773
25228
16392
27378
20806
2861
54678
18608
22772
3158
15578
2455
0
17405
2632
23748
14787
52955
19692
25524
34100
16890
2899
2128
17032
17787
6290
15092
32320
21754
13444
0
-1
3582
18169
2966
165
13907
17880
1036
19120
14429
17334
10800
19682
6733
768
13370
26176
14250
15249
14486
18040
1776
31894
13234
24928
10938
3807
19972
3732
26206
0
8602
37608
1938
21078
11582
13972
68540
31263
13392
8052
7021
2508
17985
57301
18555
8234
21456
32769
-1
22666
19836
29315
9699
13856
9790
17657
18467
2820
9135
49236
22988
26534
3495
15848
28714
15105
11643
26978
14069
32512
30048
7908
15256
26816
8838
48364
4065
10475
31901
12564
13494
13381
19499
20706
6208
14411
12762
9752
12912
13693
35546
24742
37594
8707
13648
12048
23850
8518
12480
8664
20230
19766
13224
10784
25282
6690
15926
14252
16964
10702
6653
9480
5446
25536
7833
19034
0
2131
14794
15918
33888
17020
59565
4401
6728
20026
4584
7142
15256
4040
13915
0
5413
11753
7990
20770
33912
14000
12834
16784
13470
14168
7174
20747
31753
21142
-1
17701
22046
0
17705
11764
5042
-1
8438
4734
13464
15409
12040
10712
48604
20957
11054
64456
15952
22472
14930
16644
48828
20400
15839
5180
6654
1572
16208
21772
11261
14303
17466
17606
15946
2054
11704
4905
12967
44
32986
16073
41625
15552
9510
28214
2850
4093
15176
16470
-1
8571
5146
2140
5300
13432
26486
4382
31011
3117
18140
15710
39841
14822
15196
5964
17052
12994
14900
13706
18430
16881
4664
12880
17908
28428
13617
39521
16713
14139
11620
6956
175
16162
13690
14818
54528
27532
15282
20206
15550
9520
0
18482
17800
6592
19136
15208
10171
23696
17098
3201
17703
5832
5142
18156
22944
24258
35161
10308
14210
4278
12878
18958
11300
19688
4102
4477
10302
20668
2529
16236
-1
14415
4028
19504
5888
-1
21713
16561
3086
7709
15958
7106
2354
11450
8041
28128
3979
27106
0
13646
18538
29692
22552
11116
11221
13262
12476
27832
15750
9288
14749
12
9430
20558
12962
43969
19356
17604
7368
92458
-1
15281
760
19508
0
25370
19250
2676
0
6668
10961
16780
27636
3161
20070
11192
15312
24488
6165
30974
31252
2115
62622
14002
16599
45776
6974
13732
3556
11258
4420
12318
14971
1234
13258
10156
13205
16751
8286
25764
11950
14484
1762
15432
16817
5740
7090
16239
13921
15724
3230
348
8542
4144
3070
3530
22950
5173
41894
6816
11288
16598
22274
11173
12992
7038
15007
25896
18412
8040
12398
89346
2784
18771
18203
17204
35772
13004
43362
9930
11212
24950
17900
16213
12412
11161
31914
4116
9240
3600
9932
2132
19194
18742
3496
9246
8938
358
3626
21610
-1
14660
5158
31454
25946
1274
7454
67758
0
20210
33819
15782
26515
14496
31479
15546
11775
2024
23266
16626
6488
9346
21351
8752
4078
22936
6782
15179
25472
38127
6056
9212
2852
4930
28896
27850
12092
8100
3812
2650
53955
8209
19198
20052
13873
39362
15678
9166
8012
21617
9242
6008
47458
20774
14562
12776
30442
16791
3009
15318
6168
23242
4524
2736
4700
16346
382
6799
92380
9956
3942
24977
7650
30271
16046
84750
22862
25217
9020
11680
19290
11338
9684
3994
13715
12451
0
7262
6457
16582
6831
22410
18512
15932
0
3292
11838
4251
43616
7921
-1
25421
1252
11452
21248
17550
13020
16648
20914
15775
3757
10792
15622
16532
20462
48698
19982
50133
4724
22638
16999
13534
21178
16212
24081
0
8800
9348
20632
0
4002
26756
5151
4407
10152
2264
1754
11895
12725
3634
14652
20510
13367
16916
0
14109
31471
31694
896
92360
36868
15585
17251
11910
18302
14780
14698
5381
12070
37260
20032
15221
-1
11024
34032
11298
21493
2
2928
3150
20952
10164
18428
6748
19733
15657
32720
13418
4835
6432
13569
14250
25567
7296
14131
9285
29038
28123
10984
19399
4322
13333
14068
24770
19468
24097
15934
8656
29069
4900
3138
-1
34445
9328
14756
28250
20772
12774
9582
-1
-1
23391
16591
14671
24145
16354
16542
22714
70788
15806
-1
23026
21729
0
2842
2594
1558
36284
53054
15390
696
0
16403
16151
-1
15350
23581
3041
20326
15369
50176
6429
4082
83874
14165
11864
2044
13446
39188
3490
13379
11066
26057
18092
17137
16725
18777
15562
9065
28518
13866
8439
18392
11282
22032
49004
24760
14982
-1
8574
16064
-1
11952
35242
20059
10936
12830
1047
13293
0
13600
4631
0
10721
5730
2068
15506
13275
3992
8078
12140
1280
8962
11894
4
21348
19284
0
-1
30126
26636
20463
-1
15582
13300
1596
13774
9407
5033
17502
21564
22260
13022
0
14094
66034
11156
17402
17774
20073
3828
6742
25582
13282
21215
7161
3638
10031
20090
16768
21194
15014
4024
10462
9098
11218
19645
9856
16148
28458
13230
25694
4956
25842
13904
13862
14503
2290
22395
6300
0
4338
27008
15456
12352
23894
74688
13716
2276
4988
14142
34217
32097
16386
15944
19978
12980
80006
21710
20254
20394
11470
11058
17216
64496
1774
1720
4040
21546
4
21316
3
12611
19368
16288
10279
0
0
7484
15340
15601
632
21149
22637
32190
31232
19510
31210
18998
15808
21558
3056
-1
13747
25800
402
5190
16256
51154
18129
35662
6666
55569
35077
7
1836
15920
1000
17910
9761
21866
7220
30442
7098
14414
17094
2440
8066
6344
9686
7800
28838
11406
7875
4168
12696
1712
1973
20348
16083
4856
17036
21585
14400
24009
34336
9480
1364
20486
12948
19974
-1
11425
0
0
1196
2038
1767
15730
2530
14580
10544
16023
9106
21006
13254
32552
6066
3194
15428
-1
6112
31882
13678
18758
0
30668
20914
18742
15836
5832
83178
12963
20386
42264
61086
4352
10936
19720
11300
6223
4
5503
12592
4698
11559
8664
19584
14861
21257
18841
12970
13106
11407
2549
18258
7840
18490
14500
7594
24008
13768
5709
16244
15914
-1
2964
-1
10953
7892
13716
55829
42968
13008
16288
0
41315
23956
5818
46854
17844
1040
1000
35874
12906
10436
25096
177
10254
52052
23390
15281
22488
15940
10958
5304
10096
17217
9631
5444
27570
10702
6448
15502
0
8602
17934
16380
13896
11
7534
12120
0
11712
9438
3
9078
22526
13676
10430
32790
18792
12833
21859
6050
12912
10592
22918
13206
5075
8352
14249
16846
14856
357
1903
13716
7430
11562
19253
18784
1408
12879
15276
7606
3727
20168
61716
16135
22329
11888
16726
11315
19066
7625
10734
17244
3535
11150
13135
17450
2872
0
17338
22003
15233
59710
27062
24680
16826
7602
19088
19226
1344
276
4044
27904
2444
14230
15956
16192
16010
-1
10754
4664
14810
21184
10038
29216
11024
17768
45832
11714
11274
17686
76078
12794
4028
15528
23716
5428
3902
15120
16080
14664
14888
35836
16826
14772
11754
10332
6458
3278
12680
38090
12923
15524
18888
4425
26302
16840
2190
16277
22317
18956
2
5675
7662
21976
28394
35894
7701
14722
17464
19536
44796
15374
5490
16691
13552
17018
42662
35266
18320
12706
15599
85638
17529
10976
-1
29969
25488
24254
16782
13769
28845
14032
20078
14185
21212
12567
2520
12710
6049
25667
2348
15332
13250
19034
30792
36676
23188
10132
18866
13478
14642
7553
10206
8209
27194
7865
4440
936
18878
4232
12726
20092
1443
10886
18745
9440
13672
42684
80528
18422
5272
14097
16422
1946
18789
27680
19622
21386
14976
39158
14357
16421
23536
3520
14994
15826
6246
16792
9780
25492
15159
16850
5988
7569
39716
3011
3506
12488
20689
18250
17781
10108
4579
0
29098
89816
20502
12468
10777
8032
-1
19176
11528
17080
1772
15972
31730
1067
7446
38684
14072
364
28978
18258
2387
27704
13797
12220
37698
7680
17737
16580
18992
2641
0
11730
16575
7922
0
15661
1402
1062
13373
26038
5990
21579
13224
21412
17623
14562
37764
14724
14186
6942
44760
8504
11470
37908
17108
38306
22784
48674
8548
37931
30040
15644
23438
4916
11518
5704
17498
12550
41340
5776
8999
12160
5158
0
38134
15866
10108
15856
11708
59697
28
12953
2197
2506
21544
577
18755
11088
16562
28212
0
11456
24594
10788
79442
6730
31590
19046
22691
4767
18764
12440
0
12728
16735
9418
13770
16912
15429
2944
11181
12191
16414
7812
6
9762
-1
17130
8511
14382
2645
15138
17685
18654
13906
2876
9105
8879
19856
9470
7278
3452
19029
1853
17435
15932
9657
192
18330
0
76522
10629
10060
38711
20703
15144
91090
19342
10454
6268
13606
6632
9755
11580
36691
17972
8804
9784
2682
13382
13850
15281
1954
16498
35381
3237
67
12971
22483
4614
7400
13424
7618
10998
18320
14542
-1
44632
3628
10026
384
27114
31526
15488
11820
2674
8446
7580
17608
10468
37672
23244
14680
40914
-1
3608
3106
20060
2966
46478
1760
18630
14819
11710
10446
18489
18854
8989
17870
17232
1304
16326
6165
8040
20378
5018
14749
6658
13820
28456
14660
9472
8008
0
18502
15586
7870
5756
40282
-1
13106
17157
34292
42583
24851
29560
26891
8606
18228
5812
8930
0
22853
40002
9184
19034
0
8246
16173
2777
5180
16702
3495
12385
58
-1
10678
4657
458
8500
5118
15128
22636
13322
39898
14326
13470
6234
628
28529
13127
3255
6834
10654
12814
83634
22028
22973
10302
24652
13636
19924
16079
6213
9422
29416
13320
50230
29376
2296
15162
2766
17495
9126
12720
3708
6144
16324
20393
16590
14589
5234
12752
38351
19583
17123
-1
2633
13752
10319
19948
32982
5617
1956
22794
18258
17332
18240
22644
16726
34200
12632
7110
8994
15140
32092
0
15856
15872
21370
12995
5997
47162
-1
19659
13105
8188
16574
15644
25494
1952
8168
14320
6461
13617
1747
16578
1504
10216
18618
27498
15158
22557
13964
20903
24366
15279
12871
-1
16660
4900
-1
4832
63564
13354
18602
11785
862
4351
14899
23920
4147
22516
16648
6737
11657
10715
20824
9244
9149
15447
33021
17326
17270
35614
20732
35920
19232
10800
16666
29280
39154
25782
14513
13236
10104
37926
2007
1382
39849
910
6362
11159
41198
42848
324
15286
46810
6010
9408
22998
5585
42123
0
14961
2090
7948
6294
11116
34227
1017
9612
10754
26620
5062
38380
10424
19984
16226
4386
17088
0
9416
14206
21810
31856
4467
34889
7382
14991
6024
35092
28390
758
12750
8157
44649
26984
21554
23169
12909
24312
18222
2009
17755
1724
31443
8326
20406
10046
1656
11258
-1
18625
16252
8568
15933
8116
7856
14626
4326
13880
17534
28660
13594
16188
15566
19634
19452
28526
9986
38863
12962
14930
4778
19444
17879
9744
12186
23668
8288
1563
15608
29830
21500
24294
15729
10830
19802
8338
9758
71106
21110
14889
3611
18936
21438
16922
17030
22802
15686
29790
2146
16100
14432
5026
13684
12925
0
14680
1847
19294
15572
25502
3934
22254
17624
49132
21086
10914
17238
40924
12943
14591
7318
13518
9273
22907
2292
248
4052
15966
10882
12430
-1
1059
11958
-1
0
12810
855
14318
17414
9078
6550
18850
2426
291
12120
1870
4466
16238
9166
5276
41914
24657
20656
23509
17026
14864
5668
603
23120
10914
18299
17558
17845
6744
20138
14812
16690
14788
19250
2344
17276
8614
9371
15542
10366
16622
11229
11236
6041
12566
23848
31336
13942
6083
134
4620
20448
36373
21919
34214
0
3570
0
0
5438
16698
15229
24996
29652
17611
55970
26675
-1
668
13349
8434
15254
0
16887
12031
3478
7140
20964
-1
21740
16209
36437
13505
690
10814
10440
10524
17380
17440
4176
12054
35406
5315
4
1606
20906
15242
16974
15732
10035
22093
5592
10946
11288
1484
9024
22264
8358
88648
25564
13829
41894
1380
7746
17511
6370
2682
1081
0
47152
2363
13598
25172
9889
458
17432
26942
18428
7244
4067
3037
19628
8922
11340
37206
1086
21976
13242
79790
70562
5096
36292
16220
15674
19159
18798
-1
11248
9272
8854
18432
7510
62801
62248
15154
42522
20570
4910
21908
25172
21373
25637
21532
10178
18422
11673
8900
9138
0
57066
15431
13184
2939
33550
41102
8408
16964
13236
56190
25975
46578
7420
8556
13426
5723
260
20841
15804
15090
13538
13717
444
1892
11682
30011
15239
2308
4051
9954
7115
11600
16236
25044
12870
19828
1324
12238
22286
35900
11544
5610
10528
19322
13708
41018
34026
16591
13058
5615
12381
-1
13792
30394
18229
22630
4376
17432
23514
13548
29724
18590
9760
3944
22384
37036
16290
5496
21308
16271
24512
17365
0
1872
9354
11288
39104
4080
19680
32735
0
1876
16476
7596
6920
5608
13916
41476
0
13172
11890
4180
6638
2827
13478
16068
14954
8106
38764
36246
16926
15858
15074
8307
4537
13830
70370
8426
10064
14832
10338
2652
16720
13080
74938
6148
-1
18442
18243
3560
6330
21
18148
10919
2836
23798
10882
5061
63902
11557
15030
970
20210
8694
42808
14226
25510
17546
9567
13082
3520
-1
9408
18192
28818
12840
18818
11015
10942
77792
4746
25470
23435
15954
2504
0
15790
14242
10261
13912
14272
10726
2343
1612
21480
2776
12216
34284
1146
14970
3586
21260
0
12700
11236
6507
15770
9122
17869
16978
1770
15013
14802
11735
1082
8928
10628
4614
5786
16902
0
39878
17096
16022
9761
17144
14584
1433
28336
-1
9320
7128
11904
19711
10261
240
2990
4132
16960
4714
9392
8343
6054
38232
4130
1216
13581
20824
1342
47856
13928
6284
13098
9384
11607
3346
1942
4598
0
6120
-1
22288
8085
43576
20086
2586
10356
-1
4689
26128
8910
38314
23700
13057
8218
8419
12758
8784
3304
17768
16106
2296
11914
8931
3915
37090
14796
-1
23827
12644
19686
4548
10099
14609
9900
16190
0
9685
25314
11907
15289
0
16383
13223
15582
17083
522
285
14054
11740
21382
8055
3723
25980
21093
81256
11513
19215
20169
8028
17608
4154
19155
14232
9777
17178
6132
19434
14639
13215
17944
13714
12396
3069
16618
22168
100
3044
1396
16920
38714
11331
14961
14262
6844
8388
11227
4756
21506
9396
12100
-1
8562
4038
16526
18818
14914
0
13070
1237
25956
15143
16232
22350
28544
41798
80150
15913
14734
12822
11552
22053
7270
15298
3799
11563
70488
12252
22189
7215
8289
45149
1603
9330
6283
6660
7196
34436
0
13438
14076
8151
3067
8692
18550
27811
85704
2244
19304
12270
1540
16432
4158
27528
12920
9802
36358
26540
8427
0
14606
14444
13334
27046
13420
3036
14756
23534
15568
660
14567
9206
18269
15555
32126
3245
9952
14384
117
20006
10694
22778
59840
17846
20168
7964
6918
15972
34752
14714
5146
20604
29990
18474
16930
17490
15042
15356
16480
13429
18848
60085
11105
13268
950
19130
35072
17603
11554
111
14842
47218
4059
18196
8979
11082
2261
16194
25068
16025
294
11375
20533
2950
33310
15828
18088
1506
29931
18846
17417
19484
9539
0
12409
2630
38348
0
1098
8593
10640
13730
4632
69152
12806
9164
15422
4572
12183
2843
4936
9698
35452
11558
8939
7788
4624
12905
2719
5520
4524
6702
13351
7036
12010
25670
16892
16032
5060
15624
8135
31006
11372
6012
17612
21620
16704
13670
11797
2532
4261
9818
16754
5639
13794
11826
19118
16834
88150
19807
10763
14576
2118
0
8320
15662
22572
12934
1069
9803
18904
908
3583
10544
9874
1888
6250
1332
5310
17568
2666
12598
11546
1790
31194
15962
24356
13639
6290
14226
5475
24888
12134
4512
8878
22726
1021
13342
16960
20264
14154
8814
11135
43902
2601
23923
31395
9200
20788
49450
20061
7625
19046
40664
8564
41610
1806
34576
17489
16723
42485
9042
-1
63877
21101
6784
16120
29712
23180
15976
3790
19822
25146
9972
16001
3270
10240
15246
20630
15874
19120
17511
7376
15204
5458
15924
11409
3
17933
3164
37643
16906
15376
17010
21550
5668
17372
21106
26299
22394
12095
4562
5412
17482
16958
39662
0
3349
11812
12907
1500
-1
27648
7590
4551
2576
19074
49585
7918
64533
20645
18194
18598
17121
16322
-1
5824
10712
17614
5590
3657
18342
9146
-1
16309
28898
2995
19576
34665
11466
7910
5336
4270
2934
21221
3941
32268
12256
931
24192
5448
26690
11892
4612
23232
15033
6228
38020
16792
13876
20058
0
0
25112
4212
43446
9531
22336
13448
4266
762
4456
10716
41166
11836
13681
23377
26530
79872
4392
0
14236
5020
1094
3878
14246
27964
27036
11623
18729
23726
16224
11053
12282
10108
8298
13078
13336
0
17938
1548
15902
13014
1118
8498
17426
748
10894
17142
18942
2022
9512
0
7830
26228
4165
8404
2213
19091
16749
8510
17192
14205
1879
6408
31398
0
0
16158
11021
13301
4910
46174
17142
20891
6408
38730
9810
9093
0
16506
60682
19456
0
52756
25994
3645
6000
3378
15980
10746
10996
14300
29739
2511
23558
14478
17528
10946
17420
11863
14364
14118
19899
59588
10529
-1
1458
18568
-1
32944
33852
17980
7320
43059
20026
12886
14227
17064
27782
20520
19146
28472
-1
63240
22888
20368
555
14400
14852
5157
9175
16413
9736
17520
4536
13642
3894
17592
2276
24456
12970
7798
10976
9976
15220
36694
13456
8658
1228
29442
11521
17454
13805
33008
16854
10860
8372
33806
16096
25291
7086
10475
18102
25808
8800
2727
1342
18136
-1
8754
29605
20428
238
13992
11152
27545
1154
16634
12638
33968
17856
17670
9416
7500
23974
35662
4884
13721
13040
15412
3008
4702
17572
19778
18790
5506
19474
17999
0
4135
33840
28178
91668
27660
1308
1591
13064
6386
6890
1036
12380
16096
60203
7890
8590
16113
16660
20216
-1
14928
33908
13662
21526
24432
10574
0
0
11508
14908
24836
10402
-1
31909
8465
5912
31918
20846
19274
10221
10080
12928
11988
12562
15583
2120
11196
37122
11884
21038
15564
17780
57000
18100
10232
20926
4087
17702
17442
0
27502
27730
13845
3854
24312
11096
15386
12180
30110
12390
28159
15402
25439
6
598
14706
23995
11852
16860
6998
6444
13670
17788
-1
4468
9790
7158
34620
26624
11297
85810
36877
3959
42004
22682
24222
20334
-1
15130
26590
52142
1786
35288
11232
11798
6909
12821
16763
12302
7332
31897
62628
1018
8962
7108
4297
1448
3831
-1
19504
3984
298
-1
21708
23822
15214
2779
26473
9238
8328
13314
7652
19340
19996
12320
2668
51328
16512
22194
5982
10714
4811
17676
52110
14412
21065
-1
8120
15424
1720
15472
62303
37774
8835
33310
4404
19359
15030
18272
20370
11690
4
13018
23466
10315
30048
15606
24554
3064
4820
28004
10522
20272
34272
12149
13536
12971
2270
25319
6661
19867
16245
2116
22644
8516
4322
13972
4763
31330
15840
27026
16947
12748
30236
13606
39424
31776
0
78598
16406
3508
38410
15462
5196
77352
20445
16888
12476
17712
19704
29160
4742
26921
9109
10249
17571
0
7548
22304
17843
-1
14561
5808
18328
20043
23966
30
12604
7914
0
3848
12758
24060
16722
7064
21054
10717
19536
24766
20419
8556
5448
18171
16158
23828
15784
17044
63242
7429
5972
4976
53361
13838
919
15872
17686
16163
77256
21478
6
4546
13746
12060
45271
9268
31676
364
2882
4854
27930
1468
29134
17844
25956
16480
22249
14018
4000
7857
19405
20934
2963
6934
11414
12878
32037
4025
2654
24521
2312
14080
8274
21832
12424
24155
13732
1584
33032
2076
9850
0
54176
17132
20618
45176
20051
16598
2024
6621
8070
16820
14348
3768
13150
2735
4817
2738
18076
5412
21849
15494
11418
35940
4578
14268
19170
4928
15526
14790
5660
19288
26160
42851
7238
4914
936
12961
25711
764
26553
9814
12110
7074
20116
16386
17094
5263
0
14956
1940
23164
15504
9023
49582
8756
2844
5519
49300
14448
31832
90546
27294
0
10930
20079
22328
6680
3
9744
18426
8823
14514
13812
9921
14413
5768
18698
12932
14378
11456
11
1167
11710
3134
24572
15919
14701
6595
33042
47320
26268
4978
26471
12771
22175
12016
5217
11045
43886
982
96
9027
17572
-1
27953
28836
13801
7561
5159
5846
15994
6306
25774
15296
12537
77382
1140
126
16577
11172
19850
27600
21672
12461
6484
13786
14099
31641
25356
10464
1836
15487
25958
23067
32554
9342
17156
4218
24165
4189
0
43240
8500
2267
25402
45
2
-1
11651
16939
4020
20410
12086
5682
10814
17429
4
4146
35758
21500
21490
7918
1826
2646
4314
9442
18210
17302
13412
47772
18580
17395
22450
416
19341
9712
10046
1978
17747
12656
15465
13936
18801
74760
25564
4414
2834
40679
20490
6234
2019
9490
15850
20470
21979
50880
308
29850
14696
12110
3
5739
14768
4138
8566
48530
5837
15807
1016
8040
1732
13310
4690
25384
7412
13917
27810
15472
10558
2995
20747
2372
3972
18286
8558
17558
16078
0
46127
40380
11784
14638
2098
34563
10374
-1
12092
11593
18494
15468
27184
10444
360
16556
22060
41446
7818
0
15290
-1
20207
19324
8728
15536
13633
14272
17503
20361
23850
11688
16465
20354
12274
30185
15531
10003
15802
14732
3849
17153
19279
15162
7960
552
10659
7525
7112
16062
13633
17004
253
-1
23331
27453
6136
8244
20894
90096
49610
4867
24829
8347
13152
7724
16206
16120
19607
20758
15158
2018
15181
19090
14904
24468
10369
1694
12740
4
26447
11910
35882
-1
0
834
10196
42183
2736
14988
1024
58958
740
15148
36438
5494
15460
8996
3816
16379
11320
15804
2962
12892
27884
8062
2300
601
18586
28270
3268
27958
5650
22724
0
13128
27396
31708
18220
17088
14302
24972
17450
36960
19516
12684
13196
3674
8362
14453
4510
8942
15848
14576
20860
19638
14530
28824
8358
40589
2068
584
16010
2418
4189
17604
17966
26724
17748
15004
5875
8813
19838
7394
18193
13230
22524
18956
1314
17368
17562
1676
24870
6810
-1
1796
1972
14427
4460
13612
33388
12467
2608
9600
10826
11978
7374
135
6194
7944
7632
11620
0
6709
11935
19186
13993
0
30160
0
4858
25174
5558
0
0
5880
12935
8341
23752
14618
11145
15982
15578
11604
12075
20795
15098
7654
25440
8474
17210
24959
9498
31849
668
3190
48890
2491
14527
15486
17166
20525
2569
12970
14775
21246
16526
23890
16240
0
11838
3812
9217
4190
14292
15805
12356
3642
23778
0
20862
15778
19146
13312
-1
21730
16544
8687
25004
10862
2958
16092
11866
15307
502
24417
17792
33642
22914
5134
15672
17220
2932
24780
12582
25268
21309
24622
8435
0
17374
31039
710
8240
16524
19846
16100
15801
-1
5070
36267
14324
10976
0
6784
-1
9646
17193
28298
6476
27931
21636
9600
32874
79420
34476
31982
8848
40842
21543
5425
9792
20628
5158
6408
62802
12338
16254
112
14902
20725
21341
140
14515
17256
27839
17540
13068
1386
8897
4688
22748
8988
19631
16945
15676
8819
17491
444
19473
25828
1973
2714
5494
16460
2952
9708
1616
28610
10253
28496
10256
10907
14668
18110
5131
26894
2828
17512
15962
20868
15498
10049
28590
15310
7291
4396
6628
17666
13834
16680
9014
3326
37616
23026
39188
1721
5158
10470
10338
13000
13068
14432
5477
12274
6345
16425
9886
13326
22531
6914
36352
3289
53412
3404
1115
5985
12758
17942
0
1634
39732
16900
7968
15496
60476
11490
21996
14198
17298
-1
19920
18658
14827
20461
19996
18998
7924
13920
11485
222
75700
12890
2494
14889
3576
12994
21159
26706
3424
81094
8648
18962
4
13536
9128
19562
4742
12540
11097
8462
14002
724
19048
7742
12257
3978
8455
73334
8022
26027
6621
14553
12252
7068
19049
1254
14802
1600
17083
5138
33904
31895
12102
16357
15447
57
3394
14258
27658
22115
-1
20080
9293
44451
27193
7710
47264
51680
25731
14161
4519
18746
15171
16876
18614
17332
10310
28810
39082
25973
14942
25698
3727
19564
18330
1218
20469
17976
28084
16858
18422
50780
5252
3207
26082
14527
13833
16036
20496
6500
10566
15659
33780
23426
35478
5074
4124
14643
16432
13662
15845
13148
6526
912
49019
25064
22698
4984
15984
16848
32988
86448
1867
14100
17004
16270
29091
13639
3316
31721
12528
6924
23176
24602
17445
15868
592
13908
5459
17912
1106
23526
11542
8982
8721
1578
11928
3036
7146
819
1942
17768
26106
10850
12648
2788
4042
9290
19684
30572
15055
14164
8150
1057
4542
14218
14776
2544
0
3432
11494
8666
12616
6100
34703
19426
29054
19206
0
18494
11918
10252
17058
2614
12569
5777
20590
2332
12892
42184
24316
14948
824
19378
30056
27090
0
70788
4874
7904
25599
9154
25851
15557
0
14562
17384
30594
10644
9250
27632
15962
4680
24498
0
14453
4584
21024
29114
0
18184
5631
6806
16102
3898
6196
18928
3224
11119
9292
15852
3524
6873
2402
9622
7890
30904
23722
20009
15674
18290
16332
0
2810
11834
13548
17818
1102
24358
6575
12757
9599
18748
16122
17100
35030
19864
14274
16748
20794
3329
19600
318
24268
14683
32602
16412
14860
19112
18364
32500
15291
16104
7998
10597
22678
24100
16454
19218
18943
17570
13268
52808
3784
29896
18838
64708
14727
4908
13310
0
15809
871
21690
4834
11565
43432
7682
11589
22130
16046
42294
13163
15613
24238
20156
3
15266
-1
6564
2550
26673
12684
10959
2192
34128
6468
13092
9293
42767
19488
13718
3806
0
8087
15879
32360
51280
21
20018
6924
15985
15844
22558
2
21222
16551
25474
16425
12992
44572
25612
6974
17239
14798
19394
17772
7971
13396
23598
18752
1878
8567
44181
14556
15952
18780
12272
40090
20770
15034
1542
25192
13562
16552
22
11343
20026
15527
15755
2419
15607
23360
0
7908
-1
1198
11958
536
-1
22520
25622
0
7685
17929
14792
1974
10651
15426
14292
22945
26802
26949
18436
5614
0
1564
12996
177
5817
14564
4889
27944
44522
2402
6844
9522
2446
26016
3604
17472
6449
24358
5452
30224
59778
23765
22651
14166
4933
14843
31310
16784
11522
2
11924
15582
15978
12454
16949
18341
6615
15462
18268
20976
4792
934
0
12238
12408
24903
10057
9452
18880
440
9922
4134
7296
10338
3758
16924
2924
-1
10424
14644
15198
9200
17330
9128
10683
36554
14993
1788
16620
1786
17068
79002
5722
15290
19126
26725
23318
45999
3
17836
30886
12519
15426
6026
12614
18305
11160
4
-1
1462
10808
20970
19544
21354
22756
20102
16336
21754
-1
20155
13572
43332
5822
20572
15844
4820
17539
10380
23266
0
27443
7146
41257
-1
89992
24994
3919
16462
12283
22628
-1
22891
0
9085
14376
4884
11949
19752
7324
11668
5624
54341
8441
4915
50014
-1
10206
18660
11753
9430
13743
6
2884
17372
18726
13962
12314
20970
4546
17547
26215
3370
15381
358
7770
15576
16710
17452
1988
1084
11094
15594
22472
1897
4554
5822
4438
6464
6707
15848
4162
23446
20157
5236
4442
30806
20632
16560
13546
19710
13585
6103
17866
19026
17140
0
26707
11200
13563
0
12127
18318
2976
14724
6100
9602
12742
40738
8738
1910
16654
15411
4807
8489
2592
19771
53192
15584
15426
31420
35558
19536
3816
25601
-1
1182
5964
57252
14798
16968
21470
16545
27709
15507
44398
29888
13035
4098
6124
16326
21762
12231
16824
21612
24312
18348
-1
0
17392
321
35834
0
39742
21376
23862
10787
4791
82192
20560
7829
17759
15812
0
17111
19790
11018
25178
12498
12627
19332
2676
9934
12639
27305
11608
14387
-1
3929
13307
35174
628
29262
5186
17463
14576
12221
22316
804
23666
12410
5899
10670
4642
6336
18167
46083
11082
-1
27186
4284
27368
6505
7380
60226
-1
28870
15666
36204
40873
18528
13876
21606
2274
20123
13336
3758
9307
6652
19120
12582
25005
3484
4318
3972
8324
7605
22552
18081
4274
5588
393
0
1506
6627
9928
21794
14772
14824
11126
9372
10488
10429
76
17908
7230
15894
22326
1130
9549
836
21694
17492
5413
12818
34709
5286
2185
65814
19533
3211
24884
0
11994
-1
7892
14706
14296
42024
27675
26906
16681
9111
19083
0
27808
15406
9920
29548
16067
15041
18450
9440
15876
29160
9712
13950
23482
13766
0
2048
26593
11862
29306
7700
9618
2740
12565
0
14336
21568
34243
16108
0
0
3722
17168
6339
1158
21638
19821
3783
2547
-1
8588
45676
50007
12692
3820
34953
3046
14402
10930
13422
18362
0
17319
-1
30114
2422
30752
1797
9782
14310
16486
18010
16906
14738
13178
13254
5949
14342
722
29101
10613
34218
15742
7957
14004
21815
11936
19891
22987
8424
3
4938
6082
12134
0
39122
11530
16448
35854
9516
28441
4100
10112
20616
5492
2425
1398
14257
-1
2248
12718
-1
12644
15074
3586
13778
19950
33720
9008
10462
4712
-1
0
14814
15976
9282
7600
12121
4208
14706
29868
25270
13089
12065
51472
3648
7520
22862
22424
52348
14232
24691
15340
1521
1714
12763
23013
11111
581
20589
6706
1019
35694
20158
43304
17893
1739
26162
15852
284
4919
14756
12465
9326
21464
9174
4224
13016
3075
2618
15748
19540
10528
5820
7123
5788
16640
17040
18644
-1
4286
14376
23182
9628
21638
18933
-1
8408
86136
9410
15990
4564
3298
-1
8270
26506
6487
6100
11698
13910
14188
16230
16804
37455
15813
25331
13715
1655
1358
1483
17808
31518
13004
77744
0
37208
13872
15396
6756
12270
21483
48886
10514
14692
8194
1573
0
16208
15254
3
20255
15768
16898
3748
13789
0
1817
17080
10478
0
26412
26840
2133
18514
17010
6920
8608
2156
21189
50519
17569
18078
44396
1466
4234
18812
7566
10512
19528
288
10268
13354
13734
24530
1334
5173
16417
449
89620
22356
7744
29192
0
22185
4936
19974
14552
8401
9100
14697
5670
10014
25716
7163
13214
35566
0
3798
23984
17264
16594
0
2
10516
16669
4328
18888
17040
0
18844
14590
4899
55362
9858
37267
6980
22084
5916
20890
-1
708
16848
11753
17218
45552
15474
12706
7404
848
5546
3092
14471
-1
11972
11342
12770
132
33745
15758
-1
-1
-1
7731
8188
8996
52785
1234
2052
1073
5651
44889
15192
50764
10774
26902
1170
13809
-1
30532
10705
3068
-1
17803
0
20520
1614
22588
12222
14906
17726
629
12080
16048
17846
16917
9566
5106
13000
7952
18323
14288
29847
14613
12013
62096
968
25554
12902
10077
6952
14851
14412
17116
20895
-1
4886
40972
17964
16188
29474
6402
6728
8886
65874
616
22168
18262
12270
15466
13705
5010
18290
17597
8989
8706
6272
21613
45470
10223
3126
2411
4490
16149
14378
10547
16266
1814
14778
12262
6706
3
8056
15657
44648
5486
13294
19234
14364
12287
12118
13946
11034
20377
5050
23032
18336
4054
4
0
18252
15996
14512
20756
4469
8306
16905
62510
4872
6779
6839
22593
3513
32231
9168
15518
25464
21326
10034
6631
8425
16321
26216
9814
3567
2706
13621
12033
11376
880
7688
17566
5982
9966
-1
28057
11144
41654
11492
14239
18532
16415
19818
854
-1
55694
22098
2624
18436
33567
13462
1733
20700
14187
3373
23146
13578
5199
22986
12004
16649
14939
6230
18246
11009
15121
52589
11933
11734
19328
13926
14603
9622
8624
10439
1021
4894
1594
31910
9377
593
17
1170
-1
16454
25936
13080
4764
9994
3909
6586
734
16367
11750
11920
36379
10908
11174
8977
10522
14878
2630
10229
14638
5966
15930
17242
28422
1823
9096
7584
9582
19110
64084
22086
10894
10766
31642
3
24633
14776
35383
16700
3092
14293
19963
14935
29078
7488
0
19122
17681
12298
12186
30581
4220
18642
0
9280
6638
10184
8062
9218
8410
8306
15790
4923
-1
37374
13754
1
75808
1972
0
17390
19718
9540
11394
9692
21572
24386
7662
11520
11700
30398
16430
27983
5492
20720
27521
87258
-1
46920
27393
11318
19032
7356
0
21624
17445
18227
10324
15745
13825
14154
0
12872
28405
33785
25232
15446
11629
21030
17733
19334
9345
16548
23308
3330
8664
80748
23144
1842
14998
20100
78054
18959
10570
12478
20251
30078
59693
28816
5740
7424
0
8870
10902
83752
7617
20240
11380
36850
15742
0
19103
14398
17855
24090
22726
2154
25429
5912
20506
8290
7497
0
13396
19555
-1
17564
8444
10203
1664
21196
7720
32737
54976
-1
3176
6492
24943
1710
14665
774
62586
35276
14820
8319
15974
15048
16216
0
17336
26212
12166
58080
9611
8498
15842
16158
4544
4541
23780
16390
6740
14216
11464
6302
8576
15091
16265
18530
-1
2870
17428
22740
1650
0
2229
1445
24468
11858
16710
3946
6585
1992
13826
21752
15260
8982
15503
14150
16086
21655
10171
20936
1702
14781
2738
10122
1964
20040
3753
16314
1641
22706
508
10347
3724
0
4699
25046
18184
14006
14454
6348
0
17990
14980
15254
6466
2206
11416
25476
2084
16272
23160
84314
24340
21292
10660
11087
33242
41988
25988
23821
53634
17828
31818
1566
3558
10823
21988
14140
4898
1626
16089
5232
16180
47946
31710
15456
15468
16526
18703
0
44568
1632
15342
9490
7255
19474
12479
16812
12087
11817
-1
23716
20820
10415
13634
15350
22076
28750
42532
19330
24644
28206
-1
73956
7057
18198
37585
2898
8503
-1
61529
9878
20038
4904
7536
11332
10523
8736
4098
1400
4957
17131
40420
19384
14079
16684
23250
352
11204
20631
23135
10790
2768
3368
32619
31242
17059
24124
5611
8066
10666
14796
5218
14081
0
5268
16804
3206
7638
16294
20217
12988
4368
8519
7984
8046
45438
19423
16830
23909
16844
5070
10351
8238
5771
7626
10034
20461
28873
18414
-1
15953
10580
11186
10788
10672
14725
15854
15566
29074
8084
7117
6838
2
51088
9150
12816
4440
7166
16552
44657
19765
37585
10734
7163
8774
21864
13320
10386
72852
15993
6472
61708
14044
15350
18870
16294
31659
14188
19700
6755
18513
11922
5151
4062
32166
11236
13702
15895
3750
14012
16960
10641
8954
23365
8023
3082
13726
17526
14456
13199
12025
14900
2490
9424
3424
27919
4520
14922
7594
2759
13956
21440
12788
8242
13127
0
16759
12254
12322
29630
15422
12318
10991
14804
44986
-1
41618
7296
9482
13874
15124
15951
11742
16110
10410
50526
5728
3903
3140
14847
22096
0
12048
12796
17404
19037
35442
36457
9120
13022
17512
13183
18742
0
8502
4600
23234
16482
48991
-1
20664
15812
4960
58857
3756
24454
3931
16866
1552
6724
0
36650
2070
10778
19222
2406
0
15974
37836
1288
29025
51786
24516
4940
1046
10507
930
9589
49600
24650
41414
14053
18826
11336
8784
18776
19978
6228
3516
7003
5612
12307
23668
12725
3957
9910
15866
12400
10926
18472
43973
18716
22964
16972
11072
15081
47886
19792
51448
23800
16864
45627
19255
16416
0
0
3006
13496
15054
11476
26955
16312
12906
14208
18760
17638
75276
8462
19870
37694
7131
-1
17775
15834
7619
23872
7416
8237
14986
12414
21260
11008
13042
0
31456
26470
271
2184
14750
63176
19280
6329
20872
18552
13534
22544
37620
17670
2820
0
34129
17374
52270
14661
13342
11412
-1
39978
2510
18364
15986
19860
21214
21152
20400
2856
39436
4054
3988
15501
1066
7107
27162
18596
19476
15412
11045
56622
28767
23526
21820
2452
12736
16690
20024
7644
16047
6264
9656
16237
25798
15728
19431
36232
12074
55826
5984
31523
10122
5546
508
10788
18661
15632
4833
13035
70720
7676
91452
12268
15197
5658
14086
8772
1191
5206
15737
19650
22479
15767
14317
15386
35849
19190
20956
36722
23272
23202
32474
4746
11880
16542
20415
38620
7602
11539
11976
71352
16942
21846
2558
26760
22376
18888
640
5794
17137
13452
7176
4306
29582
21069
20410
10822
2859
12339
10141
6741
15190
2830
8653
3349
20210
11284
10582
13850
34902
3594
31982
10505
8316
7817
22952
18386
6090
7704
18123
1098
8073
1133
23911
19890
466
-1
6563
17199
4335
35200
24186
10432
-1
34812
6679
19248
10956
24008
2233
18960
0
14267
51871
24130
17180
17787
12516
812
16216
54096
7436
24153
21398
2819
5412
8625
5252
18980
29938
42458
6925
25825
20344
10957
32600
21308
29219
47318
1452
3616
13466
16518
16270
158
19964
2448
21820
15428
17676
6566
14576
16078
6669
14068
34275
1717
8150
3309
34751
11527
39998
12404
21685
20161
20132
7993
3012
9594
394
9598
43731
936
89792
13104
23508
11802
2509
9815
11544
11501
92412
6140
31688
1382
3488
23320
7856
23979
58216
2700
4724
12735
-1
9518
35290
-1
22986
16312
19088
11749
31229
77070
1620
41836
10328
13544
2516
17316
8998
25292
3520
64246
15170
17044
14810
34398
8892
14058
24020
1439
1069
10968
17815
9054
19068
-1
19326
25566
9694
73082
11557
7873
17284
17372
14296
47498
18624
47948
5518
42170
11934
27574
1735
14612
20712
5808
23564
23004
12
18168
352
1362
12911
3950
5122
0
18532
15404
13484
32020
16126
12832
8062
11470
53422
4690
22150
3163
1660
39049
5906
-1
2882
3528
24742
2928
15459
15440
37000
6590
26028
2922
0
11836
7922
0
15274
20252
0
8065
11289
17802
15220
23166
15267
12624
10460
27178
9930
673
2676
18632
6240
3500
19792
19633
22002
10462
25378
40564
25401
13284
2526
8390
15902
44758
2322
18852
0
0
23500
3772
87568
4736
25939
10246
13851
6515
19556
2596
16628
28194
11874
20768
64755
13060
8636
13856
13132
36992
115
6630
0
22240
22859
19896
0
21568
16472
7339
10244
31572
24598
29536
15588
16670
17362
3834
13824
20429
42108
16754
14273
7565
13828
1308
27538
10926
15330
9516
10751
10894
11889
4820
37014
47842
14968
10684
24272
53084
15360
2674
21063
12740
28195
4068
9934
23193
34446
13046
17264
5598
3887
3018
14641
14052
12559
14647
3615
20970
18964
13288
21779
6972
8542
13394
13604
64083
4455
15391
12308
4195
11924
17396
5536
17585
3171
18821
14622
4306
5500
-1
16624
13026
17598
59530
14443
22572
13402
10330
2416
2248
11032
43164
20688
2418
5418
9234
11241
23222
4638
2309
51588
15673
14108
33134
29028
18896
15122
18980
18924
28207
9178
6390
7606
26746
2704
17932
22519
14092
16894
2178
16348
16492
67818
32228
16191
5496
29912
9754
6634
10614
11770
31454
16252
7588
0
16800
16642
20538
13682
19352
17032
13832
12798
26641
20487
19972
15822
1228
14674
3068
12314
13270
3420
32014
12986
2201
55019
17350
1083
14444
6163
12944
833
53394
616
14934
10490
10516
12544
12444
37334
22454
43166
16842
17354
-1
4680
9702
9311
17087
15568
82
25962
6704
14700
-1
4946
19335
38307
14502
3475
14058
13595
27936
27430
1
16602
12238
5389
5246
46373
620
16684
0
22498
16723
34703
55541
6
3490
47308
72086
7364
7184
15124
18210
292
15414
7694
4762
6166
11819
8992
2757
19246
12226
10557
22397
6918
-1
16578
18364
139
21657
28105
11416
19764
5502
4172
12728
12678
-1
4824
15336
909
2628
3532
29250
8039
19502
20091
11174
52812
0
11625
526
19398
17465
26841
22016
15428
11146
6936
18640
17368
5454
18056
14015
11082
13680
27640
24801
16196
56252
38885
12840
15694
11876
5697
687
10624
16607
13178
9887
20594
12948
12741
20126
0
12019
15896
786
21009
12725
8519
13622
0
17773
7371
3096
5915
3922
5285
12299
17758
15865
8052
0
15312
7211
12502
28891
650
4698
4482
9396
18782
13002
961
10836
21315
11243
314
41728
16562
31882
18950
15992
17360
50014
13727
17626
11727
13290
7725
40692
19534
13222
16404
12372
12308
60970
14400
14686
7461
8128
664
18012
30014
6960
14120
19558
17490
19990
17158
22226
17430
6280
15692
8161
65025
10517
3133
10788
4
21045
3558
16264
10862
11632
16206
25210
21260
4021
4598
13538
-1
13946
12268
7652
8779
17988
21414
20318
21922
6343
24740
6506
8174
9121
10341
92078
19466
21852
9797
367
19062
41786
5271
926
13366
11927
1196
18875
7558
5296
12510
3536
16020
9599
14328
53416
15010
21016
43207
5887
2450
2716
15680
14952
14729
7278
10888
724
61801
12234
15752
91006
12018
20854
5692
16302
35669
15700
3404
13944
21724
27624
1134
8368
29887
1901
16652
39920
18126
6657
6920
7856
15651
17328
6742
50632
9308
22673
13078
17210
20367
18244
12118
20672
16518
17880
2555
6062
28724
-1
35806
0
17546
12164
27901
4379
13771
1832
2878
15477
2757
15050
-1
0
970
18674
14703
315
16570
6775
19601
4836
55033
11820
11156
23338
3084
59632
2550
13716
13026
26730
15563
-1
7385
30042
15954
-1
7552
18158
0
32096
17766
14842
-1
9030
-1
11886
1096
19616
16268
16209
6054
3965
12152
6778
59464
9240
56040
31096
7218
14106
18226
2716
9458
2528
2960
23108
1810
4574
13012
14355
12524
14386
12332
14687
19536
18962
3059
0
18672
19120
0
13465
31987
11324
13618
4
4290
35558
48208
40563
4573
42558
23080
9698
11546
14880
327
12678
11210
23830
27003
11700
9908
3933
4852
8492
10110
25068
26456
13864
10736
13064
13365
4061
15530
9296
12142
19102
19898
4594
13306
9096
13434
29186
25365
16496
3664
16190
1364
9502
-1
72960
14100
11076
59241
50987
4392
14784
22992
21258
6576
11718
11922
18217
2556
16044
15722
38605
15395
15861
10962
8167
1786
26518
15186
11944
14462
2430
14464
40432
14185
7107
3044
13798
15554
4138
11146
9538
252
13335
27030
41745
14850
13113
38318
8422
878
23029
18500
14170
7219
27484
10124
21498
18007
27323
6023
16988
19619
13038
12386
19576
24206
18032
4896
2354
21058
24916
8232
18732
2492
70254
23483
5410
19388
20958
38080
13446
4681
24294
26793
11451
15556
17760
14816
14020
540
16994
29770
16506
34238
17130
-1
29130
1087
36472
9064
741
24806
15815
16579
15235
3066
28235
13547
20068
58143
37898
5082
32940
10894
4907
20587
22306
7211
6134
14352
34988
17358
968
2062
2552
11160
932
8006
21319
29289
15186
4202
18638
9975
18028
10868
570
13362
15860
8861
11148
18459
16907
5278
10270
2550
16242
6518
9480
13306
15177
14717
11438
16057
25719
52634
-1
22463
4485
10240
5404
16474
4270
10494
43746
8468
-1
-1
15924
9898
12976
18984
0
15013
25274
3096
49859
5204
23500
21575
598
15522
9741
8182
5898
1
6318
55228
11209
6349
19666
1474
19120
13331
8420
18744
5359
0
12768
1370
16034
53050
9508
2214
10116
-1
25087
7754
10110
20625
4807
10888
13580
14958
16848
3818
12404
9376
12260
8237
1508
7543
7694
23382
5844
14848
25412
40628
5676
5226
24978
16612
4821
5118
24614
426
15297
17444
-1
11716
15198
15036
16676
5943
5988
16534
33053
1834
73080
16452
29812
5930
25606
15854
14436
25198
9734
14800
2326
26776
30948
14560
14120
0
20777
-1
16956
14072
2418
23730
19336
7316
17515
22788
15382
11
6061
18765
40244
19143
4360
13802
0
17762
63302
9003
4613
12756
17148
11292
16282
11993
5323
14546
7560
3779
60428
5928
16520
12217
11060
3914
15264
5572
17488
10943
22188
17924
16066
18079
39330
5712
17469
5077
2256
15940
15490
12764
18934
26704
0
5976
11501
28968
26802
9551
21473
5935
21442
13720
21060
14778
11422
9977
13430
11924
49870
14678
14200
1190
28674
13464
32798
14318
11512
3010
10680
23991
11086
4094
5453
13319
5064
6374
15571
14058
13669
17309
-1
-1
1820
1172
19132
16490
17096
20546
0
24492
6235
20598
10825
81216
40758
11095
36288
10624
4742
22994
3387
8369
0
44454
2398
6308
33546
30416
19114
31636
27252
62531
13483
15983
19595
5230
11505
25163
30335
18100
14886
26403
7584
21684
19384
13878
18514
10476
18250
13043
10585
21440
17243
6576
6246
4
21361
0
5132
20596
43156
9322
21534
12154
3345
43273
9617
16643
1
36090
51318
15867
5903
6134
14170
63497
4633
25459
15952
25878
11266
7894
4791
18484
17312
610
16677
10368
18478
0
9261
13397
14984
11559
35566
9059
16007
23972
61520
15702
4112
23906
8638
14522
13276
3438
3493
18603
5074
16044
29470
16550
13436
41814
14924
6772
10238
11088
18298
16700
6986
3472
20813
25336
2585
4588
21766
17616
10748
22886
26412
10542
10553
15285
13238
11948
0
17530
3756
14856
15088
13406
19070
8952
9148
27853
14943
14216
17244
8920
10147
7182
21984
17528
28446
3147
19148
69624
2
6770
14264
3626
13322
16314
8580
23189
10138
21944
18326
14468
4078
9730
86
45922
15130
11312
4336
47213
14722
3005
8464
14830
27070
-1
142
0
11147
14331
54896
18512
14778
15762
16123
1153
21340
18832
17476
13140
7401
9968
9034
9700
7555
18337
21934
13613
36832
4806
-1
20019
0
5264
20164
15086
17855
23861
17502
18639
808
30888
41891
24568
17896
6958
3808
15061
60831
10486
6530
0
14280
5753
2658
10536
14862
16644
5778
13478
13753
6257
34019
29042
3803
14516
3034
0
6120
27074
-1
17768
17148
23487
18046
16500
8258
7551
28432
17941
11010
8012
10072
0
12131
25663
21190
-1
16100
613
10618
23506
11895
1094
1150
36132
19202
9762
7586
-1
13657
10140
24156
32416
10196
18112
32446
2307
21528
14418
37000
19164
4088
14992
13153
-1
6444
41382
10120
17874
4424
16814
14148
8578
29954
17236
82632
15172
2140
5474
21617
5812
12990
15996
11290
7170
59371
15369
39014
15415
8526
500
15133
14490
12028
13828
0
11567
28472
19202
23466
10738
447
2719
18586
20834
16318
53148
16646
8241
6117
10535
2820
17656
18708
10748
25650
19120
4483
6632
18191
8021
14034
11428
4700
0
30770
15493
5741
24006
15818
-1
-1
7919
0
17998
63329
2309
4
21197
15106
16145
10889
16658
4278
14170
17349
55428
14069
14269
42325
3
44946
5700
50184
13842
26342
20642
64928
20754
19674
6
45666
1980
70826
23142
622
17416
8564
17156
16346
33394
22488
10570
14188
20794
13069
6363
0
20032
16228
20842
2840
1348
3604
20208
11162
12978
1820
5964
39260
1462
16890
4658
32959
35705
31646
13400
15501
10094
13400
22809
48006
4393
13458
12442
0
25578
18200
4690
14922
15389
19528
13546
53876
27046
17309
87376
12865
4158
1276
11016
19076
9946
7736
17131
16419
52039
10905
2350
17178
9182
6750
12822
11736
18354
2006
9258
6828
17485
20767
15276
37763
9088
16906
37012
12626
4636
19367
15904
1352
26858
13253
10356
21332
10136
545
18732
14276
0
36516
178
25744
33528
19498
19648
6865
21752
16842
48871
32512
14436
19937
7443
6100
3160
32215
17610
9818
21050
18183
5927
10827
0
19331
9632
10598
42156
11585
28288
0
9562
1606
21784
1840
4
8123
83700
43985
16398
21826
4756
5824
12493
74492
2929
21224
15226
17726
21709
1496
3113
5176
2532
13124
16712
19862
1828
14545
15979
0
16291
13389
9828
8984
21884
4850
7124
11222
15973
8824
22262
30402
14574
1294
6694
23424
16392
8656
18746
16700
12745
0
26006
12339
9288
32622
-1
29109
17964
17964
2814
37697
2
831
3346
0
18006
15908
12606
23100
30908
3082
15978
72006
9301
17914
8508
1238
0
14870
23459
14747
304
1553
6228
6580
5037
27150
36277
2792
14370
2786
12371
-1
1550
15492
2365
18090
41982
32348
3112
16158
14568
14051
10011
18707
23584
10302
13437
25992
14120
4813
23544
18352
8248
12619
3944
20398
16352
18128
5871
0
14166
2506
7761
2113
79892
23523
7292
7962
12538
4286
12830
17166
22962
17090
20528
11133
19522
14530
28252
10831
18583
15634
-1
11408
17110
8810
22902
14357
8984
47240
68722
23682
15594
8792
17732
0
24889
27781
16701
11836
15164
18976
12589
13632
7810
3420
7870
20564
5660
27
14566
15717
2520
4828
26386
26614
45610
5269
22446
61969
-1
28478
9844
9472
38409
21564
-1
8959
3240
10808
16202
23700
9142
4935
-1
10452
17666
10631
20970
17396
13858
9639
9676
2944
9748
13522
13601
10938
9899
9880
7353
14150
36733
22772
23807
18465
18766
1518
26971
23485
18133
18242
7627
52278
32830
10298
17842
10520
8443
24034
23096
11262
8658
14950
6624
21912
5286
2273
8354
9138
14188
14912
16394
9561
21082
6284
13568
16832
16636
12450
0
37567
15453
18337
5043
16652
54260
12970
18798
90420
13481
20250
10292
10418
4076
26253
5380
1928
15249
4742
6006
8226
19858
38018
9614
33006
26323
15356
6612
25918
21039
14866
7939
5480
26914
13557
16991
3876
25618
18471
5546
10954
7990
9960
182
61209
24574
28282
33618
64628
4919
0
12510
6260
57819
3176
2931
5005
19183
18178
9520
21310
15216
30906
15903
4910
6364
8340
12406
11239
-1
23728
3742
31566
17560
7950
18347
30544
15454
12083
19076
13114
12991
31349
8156
11707
15198
13860
21672
5196
9005
1146
14238
6130
15062
15936
12515
9173
21740
14676
15746
4254
46203
13300
15334
15322
0
6296
80526
8280
17974
8666
12754
2874
12094
9065
12440
-1
10502
8238
11820
24190
30565
15798
4294
29054
4220
37768
10254
1046
1498
16912
35972
4054
21424
8138
27102
9377
18198
9569
9103
11723
33732
25246
9278
42357
22464
18528
16758
5244
23724
21000
17810
30350
16681
50082
28605
1898
17156
15080
4789
31172
30514
52174
20288
12891
1922
12482
39506
12742
12478
7297
-1
14780
18386
5660
17860
36872
3814
10803
22358
10768
27126
19632
2905
11862
8953
13272
52206
18150
11392
3696
16804
17060
19631
17620
0
13200
28485
4581
8010
13712
5079
8118
22266
9364
19536
10269
12267
30102
7756
16982
13269
6585
25956
6276
2298
11844
11513
22682
21548
1720
8598
17699
2045
3711
34667
1240
2931
22670
3126
17486
53032
24266
12029
1818
1849
4587
-1
17616
34400
18683
13306
32291
18975
24384
83598
0
5981
50205
4559
11086
17940
3382
3805
33974
11780
8196
15848
1190
29190
19830
15849
9055
8532
9914
11396
19007
18870
19824
2909
4216
19044
19180
30654
23710
15978
17578
14726
1174
13638
1812
1136
6800
22827
18375
25282
27302
-1
8646
12522
10050
11230
14504
21583
4040
0
8112
24872
13870
16612
56970
8421
19691
14269
19816
17848
13046
2416
10976
41380
30408
3304
12186
17690
3672
3840
86142
17155
7482
15549
12188
11412
-1
27948
22067
922
17765
3797
58749
27880
12413
63582
64041
14218
6302
14437
1094
13254
28444
13456
5671
0
14049
14951
12312
51957
35544
2364
22316
12633
12789
-1
5480
21843
14343
14006
4162
8538
11769
16496
30710
30116
0
16392
18836
16746
10988
17210
27077
12945
11169
52592
17122
17324
15725
39074
14957
13074
956
67708
35062
14692
5023
13174
7320
465
16937
4
2678
23591
1652
27672
32341
12948
23971
0
535
-1
17356
12371
26452
10558
20228
19651
10684
1668
21764
9664
8338
2397
12378
16281
17730
2132
15986
24453
4350
2236
21748
75
-1
12524
6850
460
11214
2110
13992
0
12672
6537
0
1753
13932
4493
18483
25832
9136
22656
7731
17677
8654
9712
25651
13570
22056
22928
20240
49268
7154
14472
27340
19121
11188
40960
24360
513
4789
10785
4090
0
2614
7326
3153
13665
1488
7758
3942
15452
26676
5
23676
38427
10419
3494
4576
15994
0
38396
15576
3502
29060
5794
5254
5378
13607
31576
4
33796
10208
8865
19395
16726
15364
15870
15106
2910
13068
60934
28372
27848
13715
-1
28536
71540
0
15254
-1
33140
18880
33712
25486
22368
18766
23214
7799
11806
26906
6852
58099
9740
15066
1300
6160
17177
2764
61852
57664
972
38186
23172
33018
15434
19274
-1
9174
4502
2162
19567
2458
27654
15348
2502
16182
5478
32134
14858
12678
20225
-1
34756
23304
18024
23708
18196
17698
18136
4048
15476
18826
21835
15054
3656
43301
16040
14854
9187
16730
17235
13013
6247
36783
2
5490
12676
3154
20542
12486
16376
-1
23650
10689
16644
12544
11742
10239
10255
84388
43537
3509
807
12566
8130
7076
6966
9630
24248
9640
2685
12227
24177
15534
1924
11824
8528
13506
0
6671
1523
17802
26451
11168
90696
-1
16142
8452
3960
19165
3875
6114
12030
6736
7665
86412
3224
4081
12846
18346
32536
2140
172
21254
18138
2708
10348
14746
9958
10662
19040
15974
0
25962
6302
23832
7622
0
1270
11188
2418
12716
16462
10678
2
0
8094
17952
14378
22558
27502
36300
18259
27570
731
2798
12868
28378
8872
5124
16534
16184
17658
12414
17634
3476
11488
9936
10496
-1
5340
5229
11525
4976
14714
7324
14937
7882
3071
18120
23396
754
24547
12336
2200
2
2831
5418
6016
22986
11192
36620
8077
45645
30160
19744
14311
27754
5410
12844
14258
5536
20272
18421
9451
2866
1482
17338
21701
45470
14702
0
8976
15128
13188
7461
45280
12027
18017
2004
20612
7546
0
5194
19330
17947
299
12436
7142
9638
3077
10814
2
1111
23726
16372
3952
4438
17583
12118
2938
0
4730
19298
26926
2634
0
63101
17720
44445
4131
3874
8514
7121
15434
32838
91792
7078
11186
49108
24566
3382
19450
20772
2306
17875
24434
18453
11770
9166
91452
-1
11631
14406
12726
0
56860
3242
37110
10268
15984
19349
23282
8280
4870
19448
50047
9245
27547
15301
17286
16819
12705
238
1898
12938
1626
13096
64334
10164
17383
51338
26627
16034
10854
9808
12225
3208
1750
5842
7493
15775
56622
15364
36690
11280
27903
52369
12921
30682
20011
0
14551
8549
5254
5314
29896
0
17910
11058
1230
138
18824
5480
14338
17136
90
25669
11403
38106
4069
28221
5972
22902
23950
5300
0
17352
7848
18717
19396
5246
19629
40885
14856
27536
0
11066
0
19337
10754
19820
17754
16706
52394
37917
10278
5912
28750
13624
654
16198
19247
20150
27262
10858
16166
28715
16866
16278
16324
23142
35260
9612
4643
5186
18536
1542
1765
25502
15939
11533
3778
13750
38166
617
23982
346
16126
13766
7762
26514
5
29744
21178
12966
39290
13484
79830
29474
1030
9756
19668
2488
2190
21515
21242
22472
3633
19204
9339
6858
12012
-1
6388
6822
2051
3234
15728
16538
6128
15642
-1
18723
14955
40264
7875
3179
14008
9620
464
18722
14802
982
15039
1638
24215
12962
4100
28254
0
15631
0
2276
24293
14390
42314
7056
10065
2986
23424
11526
41083
9748
21955
13193
40560
37532
29824
23486
880
0
21472
-1
15913
22338
16306
16812
5226
22528
34422
30930
21696
0
4415
20214
8292
15460
0
17038
30940
742
10790
11810
67800
29594
14132
11520
15385
32384
14310
83438
15296
13472
2758
9202
540
17156
1090
26315
22996
3774
29648
39729
11736
20036
18980
38026
18956
22120
2586
11678
20679
18206
2778
25408
19777
2173
2
12354
45237
9319
91006
13994
9436
11442
4799
7304
25175
24140
17964
6920
28004
25504
12722
18180
9115
14810
-1
15230
20460
41020
25404
5622
36863
17834
23520
16216
8103
8024
10461
23036
22630
20506
7634
18209
482
-1
15626
27348
12950
15622
61042
11191
26034
21130
21624
47283
16426
23196
8792
1420
10577
9274
14440
12194
466
50064
1230
3876
13973
0
13360
7614
12
16629
25336
29845
14133
11178
11565
17334
0
2348
9970
16718
5790
18039
7044
26119
31894
17923
12138
11400
0
24274
10520
10254
22224
45926
12244
8871
2937
4940
8846
6317
11096
28848
49598
12668
9406
18818
21370
16124
4545
4000
16380
3400
31750
40294
18828
2831
13017
5101
9428
0
0
12942
13911
4616
14543
5916
19556
4275
5044
0
5618
18786
26650
7704
41566
14646
14624
16964
0
2344
1454
13880
12704
36549
24256
16771
39471
21834
1156
12057
10202
32484
1314
2694
20053
26052
18884
12552
15888
15392
4514
4146
4706
3
23415
21070
18720
22852
14415
12944
19882
2642
-1
28994
9366
82458
12130
14596
4120
18556
6794
11872
6184
418
13896
14496
23582
48615
5136
35566
8790
23715
16205
6332
34528
15676
83
16444
39112
13224
10822
37678
12508
26542
15626
2690
61
10432
19758
13348
13752
11790
10946
19586
16754
8979
19290
21239
11644
22162
22114
18070
11006
9256
3274
15316
2810
28490
17334
30291
9744
18256
11960
-1
3386
-1
10980
1874
32593
5092
15076
17491
7660
0
10504
22289
16716
4692
22764
16111
25708
9830
16094
16499
16020
2887
10378
14450
7660
15030
5873
19268
43529
8768
2431
53698
7589
20986
12790
10203
5236
34594
15012
12047
2439
9958
10356
10759
8176
2102
6002
14590
3896
2250
37258
10537
17418
11948
29373
52766
4123
11458
8050
1127
0
7676
13520
45116
12566
20122
12727
21246
20892
18821
15991
21230
20814
11125
5260
-1
5364
27072
19030
10920
10141
5208
20524
19255
23726
13930
6086
16164
15574
20019
0
10206
54297
13854
7713
8914
10568
10964
19502
26867
15337
4122
21042
32764
4328
29026
37809
7572
6698
15501
5062
6748
17596
12342
4028
27432
32084
12728
11053
1169
21408
23514
19998
8983
5810
6000
7020
46624
13026
-1
5430
17910
-1
10865
8046
17486
6570
8534
13480
3906
8003
10236
20333
13500
13890
72732
11822
16328
11990
53710
12612
20600
10160
6926
2
2654
14301
0
3680
26776
32252
10204
4160
12150
20174
8914
18322
16302
12946
11674
12668
13904
20622
5223
21877
21811
14886
18437
77464
12831
46048
9316
38552
13047
10988
8594
15420
22950
12554
15336
20455
17236
7528
8826
23866
16454
8988
16836
9552
-1
26002
8668
17438
24624
9949
10704
68854
28294
1543
18991
20670
11056
6518
19159
2960
2400
65010
1768
5080
5
92490
12862
18255
18591
13090
6920
21511
3451
20528
2694
24802
8
2031
24092
31988
10798
7020
30063
23475
58350
14352
16460
16726
15957
19082
3571
2940
596
13204
17746
17892
0
7774
10254
20301
11494
31895
18401
638
8988
-1
14734
45563
12376
17251
16641
18988
-1
2140
26366
8196
9181
17866
19112
16512
15938
25490
473
25968
5152
8986
6954
10511
25460
18042
23525
41528
10228
11455
9222
25857
12424
26518
-1
21770
54304
64452
23402
3440
19022
17414
14223
4261
12630
32492
16070
28644
140
23683
14392
10426
4
35846
15000
5716
8002
170
20044
21766
10384
10293
23096
4713
13915
28356
22139
17353
7614
3189
17600
10496
6912
17754
1688
0
17426
17286
6168
15534
16964
19719
10314
13972
26022
22750
14886
43106
5231
7554
13572
18675
9928
22630
24232
24578
17356
3860
27541
6408
25718
4072
22543
9198
9699
6174
23258
21770
12780
15781
4272
18419
26405
19234
33450
242
5342
0
6096
16954
692
0
21266
16798
10288
36256
7935
22966
0
24908
32036
18517
4786
11864
0
10182
17257
30654
13354
5550
18267
26968
11620
14380
5027
11331
13508
0
3802
15580
9987
4134
-1
26829
12656
12546
20682
5428
17257
11366
18088
7973
8582
12931
0
21295
81210
16398
18118
19946
27758
1018
14950
17414
-1
28351
-1
2345
14442
1840
20994
17666
11304
75592
15034
12971
18110
-1
8542
7810
61716
0
19862
18008
45596
0
5378
13882
4595
4174
3598
18226
35860
7388
17064
47766
11160
4726
16803
18357
10830
18538
10658
2558
10965
20943
15295
8815
36222
2675
8346
35492
16071
5196
2780
2
8926
4173
8136
20784
24608
9692
8387
10543
9176
14406
7478
24239
0
3144
14337
18516
11049
57988
4227
6394
17989
10130
24171
35040
8868
77806
17012
6376
3875
0
14216
5650
15320
16818
8864
2335
8600
13934
54082
914
10800
25571
0
11166
19136
8719
5250
25044
12564
20937
9701
4172
14510
17388
15279
0
22494
19752
15868
27652
6934
2054
11034
24216
3876
12892
13524
22428
16038
4158
47750
21672
7278
15280
21172
31336
3858
17124
37916
14068
28776
15100
36804
8834
15310
29165
208
15938
10702
20861
15384
7912
18490
0
21029
10943
-1
29199
7852
13162
6386
4280
17448
11602
14012
8633
5816
2455
49260
36114
4099
26206
0
16197
64888
2181
13136
7248
3323
17746
8415
50926
17444
16888
9287
10034
17519
1122
18861
930
17643
0
2168
8498
2886
13355
7366
13379
11974
17218
6830
6198
6362
14892
25052
34294
21346
16349
14240
18718
36593
7505
15906
12595
4465
15078
0
15868
22330
15396
24590
5102
4520
11174
24778
17876
14191
41252
2956
6992
15988
6004
15566
19490
18176
15417
3846
1934
13546
2395
49720
12865
34715
12865
12625
2762
16056
8650
45880
4339
15512
14958
9064
3797
8911
15518
6708
16196
19790
19179
7799
21527
10782
3396
18457
20608
2994
18556
55357
0
4142
4938
-1
7044
8630
13840
15244
13376
9050
16544
9593
1439
14684
6109
4245
16036
15446
24609
18883
20178
24618
0
17429
5199
21249
15980
7469
29362
4107
4488
5262
4162
86920
23030
606
11086
6314
17768
19466
4994
3851
542
9882
36166
5813
9528
19983
17017
6947
22998
3717
37384
22022
32565
12825
11039
36962
49908
14409
5438
15806
0
43939
16316
4405
7828
0
31067
11324
0
6333
9100
2700
6880
2134
47686
4162
1943
6033
49334
15784
20276
17250
5254
10520
19632
15842
0
51160
23294
15724
8684
0
9186
1032
21287
11726
12764
3914
7644
3264
22447
33889
20058
18312
11226
16652
23105
12154
26508
6504
15968
13392
44468
7336
13284
0
15266
13948
16845
11562
18562
21013
7820
13045
5767
15747
9456
17052
2280
12356
4560
9091
2874
19904
8285
26938
456
15057
2504
-1
19991
14030
14244
8054
12752
18560
14432
13206
10082
0
56965
9814
25306
3382
13209
15076
44661
7558
19548
418
5962
18380
9968
14078
4247
12361
14515
4536
12466
0
14108
192
8479
25763
9406
22394
4039
15496
5340
15766
33017
56109
952
19793
31884
33394
8546
55080
3815
37052
24140
8382
8326
15978
7846
10534
20859
7472
9830
2434
27396
6906
8446
18573
1657
39414
8331
29606
0
12478
10062
17807
2710
17878
22742
10853
18630
54982
45346
10920
18264
16230
21326
1910
2619
5327
15738
35827
3232
51055
8414
18120
34432
4040
23839
14696
14002
21754
12671
1417
19931
14836
22474
5624
44779
4792
14786
-1
-1
8432
12748
26071
2385
12644
6630
17395
28383
7973
34894
5238
1358
15366
19460
10740
13434
11250
-1
16301
22122
4815
15754
17120
17767
10511
11752
18858
13104
4176
4818
21568
4462
57170
13731
1792
15544
26620
1908
12704
42842
6489
2484
4228
7042
15246
18070
23134
12517
4225
4238
16013
3046
10458
12066
23934
28436
4296
12921
57501
12718
26518
0
13970
9180
11078
14668
20682
15148
24837
14172
12
7876
17735
2156
17554
15473
17868
15040
14520
16700
29371
22256
17744
2618
-1
9708
5134
396
613
10935
9206
45602
10698
20940
41376
11584
7632
-1
11449
19295
16845
20734
74318
2047
4998
4250
8408
1528
15631
3135
13484
14229
5002
487
0
17002
11232
36815
334
5354
2398
13161
29239
4
2538
10083
0
17690
11516
4584
22624
705
4818
4205
26490
17104
13900
12234
23060
62472
11540
36242
11117
14182
15890
16340
17107
25356
24077
15089
33014
3040
14571
23066
12442
10725
0
21060
765
19022
16550
15136
24877
24222
-1
10436
64339
64708
19053
13360
52598
1316
4650
27414
-1
26438
22420
-1
0
12330
2280
1702
15666
19898
13988
0
11014
16844
44835
-1
0
0
0
19178
-1
8171
11506
822
22216
9210
23208
13700
8995
11638
21385
34420
14486
43258
12382
58551
25152
11786
4228
16376
23939
27446
2314
14614
13914
15122
12909
16346
7926
14586
11398
17832
19838
17774
26690
14616
3367
15884
3883
5700
0
18074
583
12362
19314
3428
20450
19870
17966
15742
18978
42828
16764
9897
25914
7828
8218
16309
17296
21552
23768
21006
24084
6176
6652
14128
13381
44518
19145
410
31178
14581
9581
16682
17886
11759
9587
7900
0
3858
55604
25211
3210
14800
5035
30002
16014
7308
16773
30217
2
25502
19588
16820
14726
2731
26958
20367
31792
864
19820
27984
12903
17881
21742
10268
14730
192
15304
6910
9976
20208
15148
15017
38220
5586
8370
12392
16536
21905
3938
32942
1382
0
21334
18040
3416
15982
6865
9729
24762
25766
17510
-1
23924
9276
17364
6336
16079
5264
20423
20553
24720
4096
4430
11658
18410
17950
6290
5603
3662
12772
11720
4732
13614
15206
15067
16810
3590
794
29143
18452
16034
18099
17708
25048
29803
37722
13008
37614
20000
5280
15522
27904
33442
8078
30020
9950
11372
14406
32468
8624
0
12082
23488
15283
6842
9109
3736
19450
14626
20880
1935
15152
-1
11874
35822
14662
19786
19820
52008
3029
16898
10550
16650
8958
9052
16402
28996
9022
4080
0
12074
13469
22292
3532
10746
13172
14647
20758
15836
4738
6113
5360
6297
16742
11386
6187
0
23214
11144
230
18150
13186
0
24386
17534
22320
2394
44966
802
29370
-1
14870
4034
7452
2899
9740
359
23569
1859
17748
17169
0
7495
10355
32716
3172
20464
48708
16420
9088
31470
-1
0
31796
18140
27758
0
17439
6716
8073
7166
8198
11481
16620
18972
32070
12100
25088
13156
17906
3144
22990
24834
19444
3518
7938
8542
12694
7701
1399
16072
0
15032
15866
6433
14715
11658
4451
9432
17650
13608
20202
-1
11552
12968
10740
22828
9430
57010
6748
20440
940
7316
20186
13335
20024
12230
100
6039
16636
16080
12637
20162
19608
0
27969
8730
852
2289
2032
4
7282
16333
7737
17890
15886
14508
2471
32343
24508
19758
15546
7594
1044
6659
18366
8052
19516
32343
2686
1674
5322
16705
27040
17984
37011
15274
9470
11972
18186
11209
5879
172
1481
11162
21014
18444
4936
-1
3716
11402
24164
18120
10161
47558
34844
2829
4630
18534
7764
860
15868
11333
11650
33542
23037
30749
13444
55195
954
7068
16845
11021
15290
15160
16692
13356
4922
13545
8464
6704
22704
22880
20162
60422
24506
10979
4080
32560
20336
6579
4280
4614
40
4138
4780
13994
5982
4338
19118
12944
23632
830
18604
-1
2046
16027
5187
17982
3784
33066
22952
3115
16121
16288
20012
5564
46048
3031
12447
2251
20959
0
0
2470
17680
4034
-1
10448
61287
49292
7660
12832
193
15218
7946
2268
780
16060
26224
29494
55847
6365
7818
30628
13956
22879
41982
8578
10872
29027
28628
22963
17688
12162
14410
34622
9104
2312
18052
29587
14930
2192
8250
2244
10888
6145
11346
14441
7984
3500
907
15078
13756
10959
12180
6389
38018
19416
18017
44244
71732
1802
23238
12232
6630
12847
16022
19241
11136
15883
11709
15160
6758
7344
4120
14986
40943
12254
51172
2203
19674
17244
800
25354
15554
7531
0
22748
11507
3840
7776
86982
11431
15913
27232
18992
19924
1473
8366
15062
57478
41060
13244
4898
2359
12453
2806
492
10554
1586
17435
0
4942
4945
3
6997
16911
7778
11560
7917
15596
5031
19019
6446
11984
13524
5604
35620
-1
14189
9732
8278
0
12538
7302
12484
30592
12240
7890
-1
7148
9898
62534
12429
2116
17208
22844
50020
10859
0
9360
16982
12785
9314
5800
15794
16054
0
19604
26516
10499
7990
13570
22150
29229
15172
3906
13904
0
18568
22372
17282
10312
2956
33415
13076
2179
7606
501
10192
3704
4611
15825
1034
32050
15632
15694
11806
19018
3872
29973
24906
12378
3931
2736
9462
18234
8008
3964
2546
13989
2720
286
2036
7272
20951
10343
20700
1344
8445
9130
65065
8838
20262
24978
18278
17892
3403
16813
7498
1360
9702
16778
13110
18024
6837
27141
472
9255
6053
28696
14244
14658
10356
12583
16726
15822
6690
28306
30096
9216
16655
8529
7733
3326
9440
18630
13778
0
21124
8062
5824
8073
14108
18580
14302
3656
1640
19607
29410
23845
484
7402
7033
12070
8672
7058
17588
8532
4
15227
3697
16223
1392
17263
18444
13670
47848
8838
1318
18490
14682
11668
19174
15095
11435
14682
7248
21296
15316
6836
3028
19711
16
21888
22212
31860
20080
-1
14276
6090
13718
19101
12642
42585
15524
8216
126
-1
12079
14966
41053
9478
16359
2026
6473
8150
14865
16864
11296
14790
16480
9993
17563
16010
27640
13688
19102
17621
3917
2502
38463
18890
3
12050
38632
24166
30164
22501
31028
4498
19900
9039
16852
17580
30494
9378
22384
2541
17328
14020
3348
24061
11044
7562
29086
14740
15886
12002
4894
259
5582
9510
19456
3374
9594
30080
14626
83952
32758
25920
12815
13250
16324
11604
13249
6266
4398
12758
15030
68180
29180
6146
29143
8355
10279
12130
19004
21066
4620
10064
13647
23378
31776
26058
9154
14058
14516
3240
11403
10960
17072
21634
18376
12643
18982
10236
31491
12071
25536
12479
25106
15223
14267
7136
13918
13166
15497
5528
6908
64158
23363
4040
15307
24090
8938
16535
9864
14850
1178
5394
3856
10415
47424
12982
2772
18709
12065
16470
20484
6579
18034
1951
11987
10095
10989
18596
5578
2997
16862
13173
21662
1750
33886
12220
7264
17014
12736
3246
10860
78952
26536
12030
14185
48288
22880
1466
51470
29720
13925
16116
21572
1793
146
10262
3129
21827
18550
20786
0
18908
17542
17159
23308
3074
20854
5187
18595
1858
29060
532
9971
6810
25286
55391
6847
-1
8598
28886
3682
6958
19524
8580
0
19914
21484
11515
28382
3306
23814
6652
20910
18090
20650
14071
47
7429
46044
13366
18586
20320
12648
-1
14144
24982
7237
8260
0
6665
7363
4611
18516
4452
30987
16794
14874
12087
2754
12822
20277
1309
-1
10808
24492
30420
9846
13881
24408
4321
32972
16595
21966
3228
12721
1
23448
17375
16969
-1
3636
28692
6299
0
47029
7524
17981
38958
17940
13840
516
13198
13696
18558
0
11658
9124
19806
6362
14010
15456
22270
2044
16410
17482
0
20239
11186
22130
17464
20966
2486
4313
28976
1833
6250
1733
4290
15956
43684
12396
10929
5758
29449
398
0
4166
23500
12281
0
6858
8426
0
27280
15462
38332
16385
3610
26336
26922
41332
10787
44497
3064
12440
11292
25173
7257
20305
736
14712
35482
1778
27666
4389
16382
12076
21227
-1
8176
6228
18462
22370
1633
3386
18083
4671
16776
11920
36210
31358
8998
-1
8180
13371
35169
1734
21513
0
71756
13160
13199
21325
16915
16249
12540
29855
27841
22189
14256
18121
2786
14777
41430
11908
29102
26708
17632
20583
32468
5608
7342
5938
26342
10288
9336
12920
45313
8818
34115
3448
44150
14908
16385
26720
24287
10818
10688
22148
14337
83
16580
25652
27172
28940
10838
10702
20426
26354
588
3468
39822
16519
700
14590
2624
23754
14973
8967
18704
16726
20964
18702
23140
48008
15090
13337
16000
14538
24728
18202
29190
12738
35115
2520
5174
10789
5827
20368
14411
14308
33186
43340
-1
26980
18556
16336
11336
5934
16412
17131
1184
5363
3554
7978
17384
16600
-1
14210
1782
13625
2574
3538
11082
5037
19402
1652
8152
29682
59734
0
4889
13758
10453
15698
6102
21973
9796
20538
4
5006
39520
14114
9968
11592
57544
9889
1566
13271
7822
7232
12654
21437
14922
3132
11968
29752
13257
57430
23122
15662
1984
306
11440
19009
1426
572
26457
44251
13118
3719
20932
25789
2766
17672
23310
4423
18884
8252
15998
13094
7938
25160
2387
43832
14638
16886
3034
16118
18376
10964
29437
24155
34904
13083
11564
18390
-1
56999
17853
1850
26646
9464
14528
8584
9786
17180
19467
6600
25120
3112
5174
6134
3550
52090
44054
9032
18304
84650
13731
10392
5978
8266
22855
12556
12708
19308
2686
-1
21164
17778
11286
5220
16940
14812
12886
26230
12064
23279
13764
14878
32281
13162
5610
35236
13913
25869
35105
18854
4948
8990
34876
0
17438
7396
17197
0
1352
0
12274
22231
6410
22290
3304
3668
0
7255
9125
10644
18676
17954
9403
25018
7516
30412
12196
33068
23538
41944
4270
11193
20100
-1
2838
34080
27913
6512
3829
28293
13483
0
62168
9372
6518
-1
294
5423
14610
4
22914
6958
0
59008
32688
84592
7202
21468
0
13179
11776
12738
13416
6065
3572
3707
16578
9807
15826
83722
11378
23712
3681
13178
13981
15135
14774
10593
23976
9018
27830
5518
6304
17678
11420
31684
12710
15719
16022
17332
-1
11074
-1
14280
3970
18138
4832
16948
8663
0
18468
9112
13738
9270
15026
19504
8494
40768
40988
22006
20010
11302
6528
18083
4875
42772
19818
3583
19302
1388
27204
17092
64442
31828
17257
14540
18412
49378
11734
1208
15497
-1
23595
6082
68790
10601
4738
2750
23435
31402
8217
21070
13666
5612
19074
1168
10807
15598
16155
16134
25564
0
26537
31523
30143
3448
11194
13158
19551
-1
1504
4446
14162
6363
9052
8398
10918
19462
5571
2
22236
15718
78342
23544
29470
2932
24759
15166
5413
18740
14452
26161
8409
35010
24951
15272
3743
17750
46362
13268
31020
1786
11494
18906
25342
31949
28964
18116
21516
0
3048
2660
37238
23036
16302
56756
20110
13042
19298
13240
38722
19791
7193
16499
15513
4568
5032
66482
7156
15622
15706
31649
22561
896
0
13176
3792
40481
17860
11094
23880
42620
16870
13788
17452
7333
32820
74692
0
25810
9270
625
10260
0
45650
23748
21014
14841
39366
16864
0
4933
4224
24338
-1
12972
30402
4150
13218
7296
9138
0
50890
4383
9979
36048
-1
39526
7691
15562
0
-1
17116
14284
49470
11320
12861
33144
13328
1539
17368
16490
18705
9454
19825
7976
16418
30226
-1
31895
22364
13024
376
16938
16316
11533
18144
20286
61822
21982
16192
10240
-1
0
20912
17464
6656
68
11828
17281
33859
20625
13802
25526
16518
23712
15092
48710
12765
39043
9026
29034
23537
6372
61176
17409
20787
8259
15768
27691
4070
6076
6874
7036
7586
2297
1480
7137
18858
1600
242
2
3401
2332
7969
3390
28865
15664
23719
-1
77910
0
13668
90166
19375
12530
8840
34720
11664
5338
14229
13258
50584
3996
26772
20604
0
850
12
12276
6350
9066
0
14693
24866
18291
22029
10768
6
9075
6484
1068
37531
26222
18208
4876
15085
12310
18846
3246
19761
12712
10474
14938
13380
14363
25586
17461
22432
15015
16966
17960
4515
16309
992
15787
26499
41993
33208
10366
18856
11936
1794
12222
35237
0
26224
14308
-1
11760
13242
10350
8026
4974
13889
-1
0
28394
17056
10704
6912
12808
20460
512
21993
15014
12410
17518
20132
12603
14113
17819
0
18550
18430
21333
797
0
37630
6606
1998
16630
11612
20067
2404
33428
11398
3176
16428
1830
12524
70806
33349
4129
61982
1109
21144
62858
27494
21184
7898
2990
13947
-1
56244
2220
10695
2928
9563
-1
1313
320
13724
14826
19460
16184
16256
6231
8620
13098
32472
10166
4953
0
33416
19140
2758
818
52976
18162
17727
2716
9479
11924
4598
11794
6754
20104
22474
23062
24
5840
14326
24136
6652
3608
10690
21692
13350
11844
9508
13049
3535
58612
0
27530
7250
14422
19502
0
9398
8660
18357
2264
25675
6947
17136
194
7990
15658
608
30398
39428
6000
18887
9084
5047
19347
9669
-1
16758
14362
23848
17735
13675
15748
44299
3110
22332
964
17508
22110
16028
22127
793
13086
790
10504
6173
4232
17852
19634
9607
18956
1746
0
14986
2488
36494
6194
16470
5570
17363
28476
4532
5644
17312
51146
7064
3326
21212
45152
17034
29188
19274
13244
53803
13500
23792
5968
4480
2438
0
14624
22192
12024
15696
7374
12950
49998
15107
9472
13534
2836
8016
18632
17095
3619
15240
19990
15612
26020
10474
15178
19548
18778
13161
-1
3870
9602
38480
18588
15060
109
41724
13432
10542
10542
58899
7981
8094
17898
24898
16000
6196
7598
11864
6380
5850
23962
1664
14844
3454
1809
15646
18086
6048
20940
17726
6886
16870
-1
1900
5634
21284
16545
10928
10240
40042
-1
1597
4918
14344
0
4460
-1
7700
14012
22578
2602
144
22975
8814
12492
13158
19898
42698
6390
73072
25487
25990
5280
8628
20346
14185
10356
6668
0
2071
23101
10919
3495
14714
19900
19552
2862
11034
3360
16204
11357
50250
0
10293
3396
15018
15195
7910
24090
21512
37412
13672
15481
4296
80282
17337
233
780
1162
16271
8598
-1
13704
4668
22496
3992
586
16924
0
25383
20240
7452
19754
9656
10116
35188
5792
18798
7846
11774
3605
-1
25020
25036
9699
3598
15918
3
14159
12824
13354
0
16044
55874
34113
15954
3122
7393
14352
10407
4573
21582
17112
9972
3561
11379
13136
5996
8458
8304
13964
40987
23604
60959
16616
4
4587
22055
12116
44940
1160
6910
51137
0
14212
17661
39696
2554
12809
15352
9190
14963
20846
2955
2482
3467
4797
16681
12014
8939
10216
12483
59391
24320
7886
10698
8622
11648
4742
17048
55426
0
20127
1822
27529
21828
13798
0
4336
13138
34720
18522
22448
19480
21644
22444
13128
229
5205
4756
13918
22106
34400
15585
19776
-1
17290
23014
18212
11192
2232
23815
13976
7116
-1
15284
18016
17137
24
6324
30132
1366
17562
12084
17030
12582
6136
15495
20126
0
10542
7004
2386
4144
15485
90462
1864
10428
1496
3450
19218
18042
13896
19182
-1
27594
62334
20222
13917
77618
0
0
3567
17640
12658
15481
3773
2910
6778
20671
13512
16081
18879
8399
19774
15116
14583
2795
16020
3102
13802
39615
34164
18140
42849
8840
4249
11132
17442
15754
20711
11423
24762
18248
0
12613
0
15416
69724
13390
37116
51056
15032
1702
7182
43514
3094
29092
744
16281
11812
10002
25390
16172
21291
32178
13816
5344
16976
14743
1882
27734
10716
17832
15914
6386
12574
4020
11948
9618
34518
14896
19714
25564
0
32107
8
456
2799
15852
3716
18282
30362
26934
26824
18439
7173
27172
6996
5300
6396
32479
28242
12877
7610
15212
8508
3362
29288
6536
3326
10818
26772
36900
17871
10654
18636
0
13522
2469
24478
10738
7016
40494
6688
12968
5530
27410
4738
16317
33087
8
17524
12564
18304
1240
3446
20539
10516
60018
16696
4512
23588
4492
3526
5870
32024
50316
16554
19595
3708
3369
36845
1707
7306
18777
21445
8840
21974
10961
14851
22064
2880
7382
6403
74782
13283
16490
18108
21945
19315
7201
7840
8764
15122
2666
21827
26014
1972
15753
15120
27429
32924
2727
0
10018
4
19618
27123
12558
14079
22767
23404
10661
5757
24629
25233
16788
8900
16709
16918
6381
22508
9274
16717
17868
31546
1594
28097
37180
11776
7116
12149
3152
11042
18314
0
1140
23966
8530
20524
12030
-1
11906
11018
6875
14687
16374
11512
16161
22946
10956
5034
14296
13278
7246
22998
13024
52286
-1
8386
23771
9776
9028
53322
8170
1977
14580
33966
10545
8076
15466
5482
27796
7766
16112
5398
13415
4532
16792
4273
26039
19730
3661
17352
14080
42958
5976
17048
12968
8491
1106
28154
11574
32990
1434
4979
10189
15489
41545
14672
23412
28393
66
23708
24461
10771
3478
34412
7266
18157
18044
3947
14921
89620
27211
16260
3924
0
18484
16879
30368
0
9054
7826
4039
3404
23268
21607
15238
16223
8204
11976
5814
3037
5380
33776
16958
11011
15238
12444
42840
10566
11458
26104
0
12280
22254
4932
20458
14538
11420
33182
37444
17544
21456
2898
0
7790
6746
7753
8970
9734
19259
38288
7068
774
114
4700
14718
5784
13940
16669
2789
37076
15419
17084
24962
10790
15066
52779
72930
0
31990
8673
90342
31452
34475
28666
16170
1656
8080
16716
25586
26448
0
4466
36388
26138
16956
16958
4200
1496
15796
4970
7649
45579
13520
19044
18410
36887
5100
19162
28915
4382
4698
12593
5128
15116
19570
10354
30708
15317
34120
12896
836
6036
9919
4598
23929
15392
10608
34912
23540
21906
10994
16390
9160
16054
22238
22350
14052
5834
20430
29882
60594
109
10530
20972
16568
23300
22380
17566
11502
8757
21256
9984
17532
21892
20270
59212
2721
14228
16630
13666
1335
14685
17016
16448
14788
2750
33429
20984
17812
6016
11496
25919
25079
17046
19706
26762
11534
18678
7330
21416
12504
15202
10312
12520
19144
29356
73658
23976
31964
47033
21375
14823
14536
11840
0
24186
1883
7038
10714
12414
13400
15780
18262
9039
21542
11512
5882
14404
0
16272
2826
15346
16803
8120
32247
308
6687
16405
17065
-1
13521
15968
9084
34163
27842
52630
20294
17332
7456
9528
23120
0
1649
0
17675
1658
26426
47884
24547
2380
3186
13518
21494
-1
13396
10823
5266
9071
7304
15567
1393
16465
26076
9786
9822
12406
31557
8008
2191
12978
25291
31499
13882
844
20252
6884
13064
21583
6094
20620
2517
17260
17302
21549
11226
3617
9624
25386
9690
19309
15838
88288
15521
29689
2044
1384
15210
0
16518
2
17580
25874
13605
2906
4046
15902
17362
33950
8610
11131
13067
0
20325
30312
610
18636
3468
30130
11158
2774
22040
3987
34054
15744
18374
5800
20450
40984
12180
22288
5696
15862
16778
14718
67538
5432
16293
37834
0
33020
9804
17368
8256
12056
4392
22968
16066
24156
14889
4128
14284
1566
9832
0
18581
12522
288
10569
21978
15496
12736
18455
17051
49950
10847
48541
23395
10128
18520
10145
0
15284
2906
10088
13704
24820
0
21258
7020
30942
5942
3600
44410
10720
7863
10895
3132
15519
6315
45792
5558
16166
20468
12950
62
36293
1780
19139
30608
15294
0
11652
10358
17222
15809
46082
20757
14119
812
5086
13165
4304
40230
65996
10892
15254
24468
8853
1043
10868
35411
11300
22122
22955
9250
0
19200
7888
14421
21690
14697
11417
6952
17716
986
21772
9048
4585
2677
11412
14756
16236
-1
13799
32089
53400
5421
19050
17677
23057
22834
11605
11148
28175
48304
72056
17831
-1
6941
4454
15964
14354
26094
3469
7771
20758
0
8954
6
11673
5826
11564
8878
14332
1798
-1
7158
0
4484
44318
3
12938
14297
5516
2422
27854
-1
13685
350
18012
7525
6882
4636
2396
-1
15694
11394
10196
28586
20368
5593
0
24206
25962
11124
2911
16533
25877
2830
13446
14652
13794
27770
20470
1306
825
0
7158
10560
38212
12204
18730
-1
27974
4041
11155
3307
20430
4067
35025
21949
18154
14838
13474
4301
1506
9968
38956
6120
9456
29396
31500
8971
16664
-1
10518
27457
1144
16078
23896
14694
16393
18901
24494
1949
0
9338
2917
4110
8730
5994
7300
0
0
29206
23510
14272
18466
-1
8700
11755
21166
11420
21288
17994
16480
13464
17910
22282
18160
9702
51226
43754
16494
26304
3132
8202
24176
80506
11236
0
22193
25496
18291
0
15577
10320
5510
29677
15050
16889
52808
18084
9332
7094
36038
15789
15328
26364
19302
20402
13555
8078
5062
2409
1956
11978
25218
16500
16790
1688
20330
0
17038
2913
13334
81816
9109
12480
2940
12243
12998
57998
4776
30322
13512
30856
34932
11496
31044
13070
51140
15707
16910
1708
13970
10934
41075
37401
10360
40798
46018
13636
29857
-1
15030
18952
-1
7600
16817
12861
4377
27400
4681
4534
13718
6929
-1
9519
12576
28367
3231
25254
22757
7532
13318
3890
11653
24116
20759
2064
14554
21310
17670
52088
18560
23797
6871
30180
6190
5298
52222
16616
0
16268
19099
-1
19922
14210
7897
13470
16136
28876
12712
3511
16302
10231
5708
27762
13522
12470
16684
26948
26078
19321
13339
14380
1513
3
15615
14952
23277
187
37243
9388
13336
0
0
10850
12596
1384
4684
7065
4672
12796
5588
70346
7780
13066
6225
32427
2894
9398
17048
61410
27258
25068
25004
5694
9552
0
15581
38394
16342
41932
16448
5900
12704
21986
10837
21456
16050
33122
30006
16779
14814
-1
23841
13886
14458
2824
26292
1443
15230
4841
28954
19215
11362
26134
15819
3044
14815
60672
5686
15269
3300
12382
15628
57646
0
1710
14283
11024
17341
13330
15724
18882
12032
25504
921
39566
13774
9164
8934
5614
2173
0
0
10056
352
64569
15532
1346
13480
49166
20018
22900
14859
16458
16098
18822
21324
9406
40901
17687
8780
10432
0
8787
48918
12594
72
4
11378
2036
68258
14938
17489
11172
10156
19660
2733
51770
20100
17648
15368
43070
17253
18335
10472
12142
9869
28608
13156
-1
50023
3502
30504
9194
10518
17652
1678
10970
12658
54378
5940
14533
10914
12126
5847
5480
2454
0
14678
16339
20396
12502
7743
5536
226
16998
17568
18802
16714
19680
33446
6714
23487
5240
8740
52332
22218
14380
11477
15672
7408
19639
21604
4882
5968
13740
14364
3712
5183
6145
16131
7816
39667
7924
13492
16166
18000
17114
10258
59390
7218
24650
16062
2473
17895
4883
36103
10
13411
5687
9578
13188
9411
16396
16436
9067
19432
7322
19204
36266
8406
0
2274
13884
12258
20280
14554
10458
20060
2492
16798
13518
17822
8070
11205
9528
7138
7311
17340
13946
12742
14647
15241
16332
12722
10144
13798
3130
11796
0
92484
17692
31366
11711
19049
17766
19874
13385
22868
20947
4
42158
18620
7302
14788
16768
7007
12221
20356
18842
9655
12827
11736
13727
16436
34930
4944
50260
14944
54558
14370
5038
2468
15030
16952
25644
14233
20418
11740
14676
6884
3050
14536
5000
11598
23765
7511
9510
38876
29106
13358
12814
12933
18425
20960
17682
13153
-1
14112
29787
14367
12533
8484
21734
15886
19836
15180
16329
22422
3636
22590
8926
-1
2623
0
10938
27192
22877
14222
15599
20143
12380
9694
12999
8782
13162
13868
10711
3864
10365
11172
12757
10479
49994
12938
3301
22959
31782
57134
8656
382
21853
16728
11716
16452
40434
14971
5495
11964
13842
13692
22780
6856
13146
4210
17070
9640
22141
16628
18419
21595
13543
13772
15526
10796
28897
13357
3740
13970
17066
10250
6912
4203
5546
3204
14964
25278
6678
18514
9714
12911
10466
10428
5259
41775
28452
39836
15610
7693
18838
2297
11233
14791
24248
18372
12172
8020
42636
23028
-1
11310
17946
16347
20912
15862
22271
1094
11361
11732
13710
14606
12744
3948
29050
2422
20035
1981
18775
34071
17656
22900
19556
5975
17371
25628
-1
4146
6666
16560
1665
13097
9714
20946
1176
3042
53366
0
23332
16953
26753
18446
17326
36131
19700
16546
-1
0
13358
32402
23820
17794
11739
13194
45780
6762
12542
31156
13178
5538
14396
16266
12800
15498
7726
20078
19481
1738
5158
9768
16972
5081
698
19668
9810
11766
7536
0
10638
14745
13833
77006
29076
18385
12842
7545
-1
18560
9711
14685
19196
5340
23956
15869
16072
0
13022
5472
2073
4328
15568
0
14477
21821
22139
20940
9627
17222
26934
31988
18320
2578
21611
10958
3426
1147
18125
16448
11204
22455
14216
21621
3860
45116
-1
22742
7048
15512
29086
16902
3940
21393
21646
24971
15247
-1
15134
15856
13022
-1
6282
1370
14696
15748
7808
8392
6
15932
12505
0
25296
14030
14736
14092
14424
27806
10072
6608
17142
6668
392
11214
7856
41210
8008
10581
17314
29652
8538
9690
2
347
2422
8636
16556
18045
-1
8676
11430
15645
5780
33890
15416
15538
17008
4896
20014
35368
23764
13777
11734
1297
12212
8804
18232
20405
17410
16867
15763
13292
24906
13568
23794
183
62778
27850
1458
9248
62834
26990
7726
5737
18582
24022
30108
18204
18143
2834
20784
3513
31597
3640
17297
9203
14249
17217
17084
204
18202
35347
14448
13404
10172
2229
19799
13804
35248
12329
11664
18333
2622
10796
240
2183
6516
14084
3519
23113
1466
13751
21443
15692
1122
24378
16625
41315
7424
10402
8300
14262
14670
20486
12504
8859
84526
20553
1136
0
14613
10654
11472
4364
16525
5722
14038
0
9540
5497
3810
7706
22027
18042
14616
14463
266
14598
0
20140
4522
16484
15264
16051
19098
25125
13430
12706
7540
12018
5664
14070
14096
4587
7954
22294
0
1950
17562
13947
-1
16714
5742
11604
0
9488
8794
17250
7592
16772
19646
13277
26244
0
10037
13300
9427
30393
2733
14888
8432
3721
21382
7308
4798
11672
20144
43100
9074
13168
1676
16847
27896
8553
884
7729
3660
15198
15353
26511
9344
518
545
12786
18313
28108
17646
9456
6153
11774
38774
19606
6624
21107
11010
2568
8310
14541
8312
54326
7724
3194
5318
8475
0
5041
18304
6455
19345
4962
18900
-1
10322
34590
24852
17580
14901
0
16512
6020
19357
22811
24763
19575
18852
16018
34135
-1
0
10874
9092
64080
5262
5168
14999
5694
18934
6444
8476
0
7814
6780
21032
12454
4859
-1
52970
3046
4616
1516
13229
21387
14892
1504
14324
18066
18721
13392
13587
842
10266
0
6341
2698
8390
3690
23268
17525
-1
5085
356
15063
22645
26620
37846
12952
2356
17150
3040
760
18754
11240
7098
8582
12443
7756
5246
-1
0
1254
15177
1048
18062
14614
10790
20478
0
47374
9855
23280
30870
6488
691
9994
25715
8708
67268
0
1836
22683
6724
12346
9525
5107
2170
23447
28888
9554
14107
4766
18428
26374
12140
7432
4784
-1
2092
34808
14360
606
44964
17516
13611
52380
-1
18722
3041
91334
21482
4700
9382
0
-1
17255
12478
17336
234
13131
11366
4228
5758
24387
5955
24638
23550
10149
14696
27476
3694
6104
4618
31796
32043
10788
14320
9150
14390
24663
2286
17656
58619
1630
4979
46884
13946
17422
1198
12326
47288
8745
4882
37322
11012
-1
16463
13502
792
16174
11982
39965
4194
-1
12027
18702
20691
19353
16898
9571
-1
4064
14546
2786
3147
406
2184
38745
27816
14448
13548
15792
37176
24978
48086
4246
18562
6986
20532
25754
4406
42218
37486
33462
10398
-1
52122
15616
15348
18564
12406
5504
1726
11624
13710
3032
22084
14
6558
10894
4300
2275
812
2451
29193
16624
35092
5618
9758
3384
15394
12402
5158
9734
4228
6226
12686
41250
15181
15359
21196
6129
20298
7822
47381
12339
4826
7034
2
30780
12062
672
7874
26178
18234
16828
6500
16416
2434
18773
2900
9376
11556
16794
13070
30326
10008
30416
3782
24373
19016
15038
22840
37422
33324
21676
7170
247
9610
4087
15597
17185
1034
18902
19665
3568
13182
14224
19402
18345
24808
6764
13768
0
16910
3692
17248
23708
26678
56868
35512
13692
29440
14110
8878
2
11998
-1
22302
2
88570
6218
16602
21738
37738
3010
3260
-1
12120
2938
11721
8554
508
14129
322
16440
28123
-1
5518
4750
5232
45795
14704
20410
2644
27305
13074
17498
13912
9865
16324
788
16424
13915
0
16660
0
26257
20290
56027
15318
19440
15986
3848
0
15705
4026
15032
12501
63852
24772
16551
6363
12708
4044
19808
36214
7146
10368
16452
7250
19000
14676
4156
13820
2113
25808
25018
24080
13434
-1
2665
18556
10432
6936
3440
6030
28350
1664
17918
4398
16270
5564
64910
20584
16276
3737
31892
21050
12637
4426
5750
3808
13928
19605
11906
22102
18574
6824
2296
11714
17991
19348
35772
22510
9992
8410
32114
82844
8547
3749
17404
7234
10240
15524
11054
22135
9077
3692
3858
6978
10685
16500
5454
25451
13566
39126
2262
11118
15991
17212
7328
20322
18003
14214
19109
13451
13090
6424
10358
-1
17420
17900
4818
22596
9173
7147
16076
16388
0
6034
16718
19461
14420
37155
15250
14328
14667
-1
14452
30656
11755
4866
88754
2168
4820
-1
32554
-1
13376
0
4817
464
33840
11418
26284
69434
15684
6586
3334
3405
15492
39042
34294
2640
23378
16730
6122
14686
29117
19659
27630
14520
22098
27182
-1
14061
35354
16448
15276
33914
17900
26910
4481
5975
5756
17266
32210
17727
20088
3345
23462
15726
40509
7946
-1
8912
24048
15478
25876
6120
4532
8882
9578
15232
3600
8374
23158
31109
-1
3898
6495
14480
32012
6669
11136
4530
0
3125
36796
12881
14314
0
12241
12684
21254
20268
23810
10482
30056
1695
3182
3456
51372
10719
15586
12550
12424
12952
517
1031
15841
21616
14660
2283
11208
2750
0
16074
11864
23541
0
0
11949
-1
44360
31654
59473
12718
10431
-1
3864
1528
7236
2456
13282
3512
-1
21256
596
17936
15944
2402
4876
2814
24760
3007
10690
63166
14776
19062
-1
9956
23972
-1
17092
18692
17426
37870
24444
10628
41641
11470
29806
18884
9419
92368
14939
47184
7672
12128
8140
2140
43008
14546
27632
25018
16788
21488
10118
4185
9702
61830
14617
16487
19176
13218
8998
23816
31037
8410
88248
23353
13501
21138
20166
10578
13191
19567
5628
5916
5849
16451
17766
13236
5978
7290
17310
28586
11413
195
33174
2378
34112
38797
16472
36897
20260
27712
10852
0
12898
11026
17862
6446
23674
15774
19500
9546
1794
5502
8062
16986
1840
15402
11266
30537
10554
22450
11068
27570
4701
7111
11528
71012
14031
3376
25305
9913
1217
32819
14863
25182
34506
12440
38976
16494
14788
18017
51756
25684
10888
3211
51741
9448
1068
43923
58726
9772
8960
9231
18336
8786
27791
2059
16992
8814
1424
16193
14083
21488
21354
29014
16016
3427
15734
6412
3448
15223
25714
21928
0
14186
28486
21933
13849
17043
4906
17649
9303
16995
11272
11474
15600
299
33584
2930
-1
23465
6948
27278
70222
6404
19105
5054
35574
16764
5870
24018
21114
17518
18381
21359
3729
12268
-1
12597
32028
380
14305
19628
11006
1462
10126
3089
13306
10616
5026
14974
23358
7702
-1
35328
17031
20963
1955
26678
6852
6610
18973
10141
19184
11414
16288
21351
53078
86310
19404
14920
19803
11872
17436
9850
3272
15585
26984
14788
15723
16638
-1
14302
4670
2539
3427
12146
13403
11112
8678
611
24184
6818
2883
7322
4020
20958
11279
64747
14018
23662
3598
7166
13734
32088
10658
21912
15156
8040
12694
1844
20224
3974
15060
4957
8081
64971
12519
25386
16800
22147
20766
6672
75478
17424
156
29120
15988
101
2219
26832
12760
2
26146
18738
16266
8994
37995
3249
15120
14270
8508
5888
23366
7604
10489
11718
1564
16746
74730
23973
22969
4197
15260
18727
63726
23132
11978
1190
20979
18000
11147
6492
14162
3791
1772
8999
1340
6767
5728
22092
4
14102
15837
19542
20098
26816
16960
36956
3593
0
23238
14068
29284
4932
19646
13675
9055
24026
90954
5762
17610
10001
59583
16684
0
3854
16296
13349
0
19932
2624
5378
6916
12698
23322
1125
92220
64492
20772
14930
47753
1657
35226
20352
28087
65208
62836
25546
62718
4
-1
43786
28756
19470
-1
5511
690
13567
78046
0
21452
26362
14804
12768
6684
9752
21968
18684
29019
6814
7494
-1
42076
16285
15668
5808
15842
13047
716
9892
3834
4496
10610
29666
3353
0
18454
33624
-1
-1
17208
6694
4148
30599
762
50578
6219
16213
15726
43012
8174
2
22463
15708
13289
34986
28754
6321
24939
34248
20528
15137
56373
17629
27524
12276
1678
31764
14173
39436
1707
5692
16010
19142
10274
28659
3806
18690
0
17036
2350
929
16088
11062
28365
5499
3021
34949
12520
42640
15220
21454
18346
16752
10650
1252
15090
1756
200
13758
8318
3986
3478
23226
4200
11729
12605
0
12368
9903
13480
4072
19391
2290
18341
19930
16791
29960
14338
9061
28856
7485
13245
302
9800
11236
14010
2852
6416
7422
6128
16644
27126
5428
8942
6928
12986
4346
13344
18512
14844
9350
9516
11448
10310
23790
23689
16830
0
21014
22308
4644
82320
1970
7999
13056
3856
6937
21107
25272
280
5474
22673
4168
4602
6020
25796
11218
28896
17316
9660
16880
17295
0
39367
45467
32287
21877
0
64126
-1
3374
18128
8978
12628
16126
10536
19350
11014
43953
20514
17162
27251
14756
1
19296
40531
13741
1830
20358
13932
15746
18567
8730
5447
12397
52223
10086
15898
18144
11862
26285
14836
0
24664
8766
4634
22157
14548
19172
0
3032
11111
11550
19301
15962
16318
20047
25996
17160
3682
41224
20304
15490
16585
12708
3266
2619
16976
16586
8083
17670
8453
2120
16218
9948
14030
3706
21150
17947
14186
16718
-1
16930
15518
4685
18813
17092
15286
21109
7612
8660
13310
33836
13192
14482
1562
39076
30522
15445
26558
34454
10727
32512
16443
25232
26017
16814
11957
7922
-1
810
2986
83702
14468
19390
12174
17724
8650
1050
44334
18312
-1
26262
7868
15207
16111
52880
3624
8433
14976
16578
12027
30438
4599
12798
27186
7886
23232
3986
8514
14296
21904
17225
22900
17784
15518
12872
17404
12607
69746
10002
6
7697
2294
12610
0
7740
16824
12206
31106
29521
19712
17354
10537
2348
6503
30288
0
26248
9822
3480
376
3512
1904
13717
9204
35337
7536
13386
11952
4002
3272
22648
7825
18392
0
4161
9158
-1
5222
12652
4054
1106
20391
18446
-1
18263
10158
13150
9699
4970
14196
0
11558
31460
11842
6674
28225
40836
9686
20976
17074
24956
9987
18594
2796
-1
59262
9950
0
9064
6955
23125
870
15334
3576
7878
23661
17288
234
8802
2513
15864
31059
3042
19943
24670
-1
14185
12442
21317
14266
19638
5528
24988
12286
9724
9935
-1
15683
16444
914
3226
18294
14975
19580
15457
15390
15410
20210
17973
278
-1
61300
13358
16118
23558
9788
12402
3980
13002
0
50414
44814
1188
28871
20264
8172
2193
19240
1291
15444
14643
26789
14963
16066
0
14270
4796
16810
47826
7745
8246
11452
0
0
28781
6128
5138
16631
10351
3248
62030
15602
20606
11548
12685
15148
23070
9172
15837
20795
11780
17151
2453
5915
5610
12986
21063
30838
7606
7
4168
9934
5788
4084
2042
9927
35757
15860
15526
29179
4026
848
15938
38694
25660
14311
18704
14126
15377
22410
22940
13883
35142
9475
1634
10252
18222
810
16970
17654
7344
0
19169
21352
31436
3250
7221
9834
18296
7922
10122
32694
10842
17206
431
7645
4351
4208
10352
25117
1466
1232
0
13116
15665
15514
64494
47979
0
16212
18364
18771
12647
32218
6924
15674
16384
8712
0
14970
8002
12536
14068
8522
13926
14342
60630
17025
20656
23892
-1
1595
21580
7710
9862
8345
9814
8726
23115
14512
13519
5270
19276
39510
14582
52888
13709
4
37752
11368
15192
15579
22569
7231
0
14545
4642
15379
16576
89
16012
16074
7724
25130
45324
12800
28772
29688
18166
23908
1562
15880
19906
19167
18602
16402
10686
3566
21170
18224
16232
3314
53252
14318
16715
17725
65524
2484
13888
4822
9188
0
34156
72630
4203
30444
13943
8478
12631
15684
30848
9729
13348
20276
32796
4476
36068
11488
15617
35722
19888
16107
4494
17408
1719
4186
5446
15024
5180
20786
13074
8788
23745
21810
9505
18666
2048
20304
21905
19582
2195
21723
4146
6569
17485
20184
4131
22540
29916
9806
2321
17894
9668
13440
51664
19452
12572
15032
466
9618
8784
21358
9106
6520
4774
24268
28883
12661
3
10290
67648
4176
0
59133
14021
4168
0
20997
7256
5566
9198
21401
36998
26195
3764
6820
41703
1780
19348
16114
2840
14785
1069
20988
15714
4676
3000
16982
15026
15410
5581
3906
43576
46376
7621
17802
22455
15638
1772
3964
32510
16040
15070
-1
1599
10238
16176
11700
0
4336
1685
27253
22276
36607
3922
29905
20862
7047
12640
12910
81588
13092
9899
3690
20999
10658
-1
9835
6256
3565
48816
18386
8398
14938
5604
11844
1408
8999
2163
22653
56449
27746
7431
22252
0
35300
17550
18877
6480
15038
1509
15408
12204
3271
22570
15644
4250
26576
17194
90006
38079
4366
27408
9452
10116
41334
22255
24126
14809
1048
6239
18210
21422
19998
13058
4278
9779
2276
-1
59570
4509
34612
402
19362
9363
18387
39442
15328
21256
2474
19895
3178
15478
-1
30567
34972
16049
14810
14984
7197
10630
25277
17304
1721
1759
15137
20025
19534
5552
13161
7636
20755
7299
8468
14366
16120
14934
17835
13429
23798
11292
9742
3348
12394
2276
10578
26470
4209
395
6272
12402
8616
28669
15796
8360
13778
14289
20417
20317
35839
10319
0
41318
0
17050
12413
11672
35852
22061
20613
16498
6398
12954
30436
23012
15198
14049
4514
16630
1229
14964
10952
14982
5876
30701
17246
16618
12649
28166
17171
-1
18372
16431
7070
13994
2186
9070
18410
17157
285
17721
10171
25638
12854
3417
41634
2168
8234
16108
35051
-1
19922
19002
9765
14348
10363
17078
51012
9148
1031
19276
15466
2648
30665
17234
9742
17279
26866
48466
1854
3179
11182
0
23457
6277
17488
21964
16456
7872
9319
11253
8059
10738
11560
0
17514
15654
0
6859
1303
13958
2329
7760
11694
9119
75068
6342
13528
4302
1639
17214
18600
13399
39762
28070
15450
45726
18352
9938
18769
30562
1394
24896
15652
58367
4568
7227
37233
10345
12054
3582
10560
9370
15546
14708
26173
38682
17544
7889
15078
11855
31942
16576
24214
16539
32560
43158
0
12807
14474
16186
11312
11152
12624
5512
8038
28896
13645
15798
3756
3146
22544
18227
35132
32
12185
24044
72128
1254
2274
8184
35006
13042
23780
11057
16127
16
0
13394
-1
17112
16818
25722
9384
16282
44986
37710
15162
8385
21458
18646
40482
2033
29768
17605
16492
15326
20040
21476
4680
8052
22004
16162
25267
29130
9368
10004
1926
21095
16708
25652
59902
19980
28610
14112
11166
33646
22476
25903
2328
7170
4075
56968
4750
14369
3662
42501
5895
17726
48028
26408
14122
46
1
18599
13802
0
3204
9034
21015
6636
9236
4918
1939
818
26892
6378
20817
6098
6174
22226
13180
22576
44689
0
4345
12246
19692
14915
28764
48116
8047
26098
15341
27178
13722
5975
8260
20594
19641
9140
7804
36558
0
13564
16215
22098
14403
2218
-1
-1
19214
1766
13956
1634
0
14238
3031
0
15804
14270
50025
9761
15103
10560
0
7
21560
4946
17736
30302
13673
23317
13716
20998
7206
21212
15370
27284
13503
9763
3842
1845
14606
9326
11810
19532
17630
0
9056
26574
1896
-1
34288
12393
3602
5166
21146
4905
18240
18620
18538
8851
28628
67552
10714
22914
17278
9900
9438
2816
1432
15704
18812
18221
5902
51148
16582
7700
34275
29399
12902
6312
9486
7636
17524
9811
11998
5963
7818
16196
26454
-1
23718
27710
35578
15978
15874
29194
25990
9732
27892
15216
15224
11126
0
10126
461
14755
3
21198
5712
15024
18368
2950
15102
4623
23478
17049
13746
13564
9581
1794
16768
10887
15691
16110
6944
24983
27508
22582
0
590
19432
5355
62281
17260
10596
17698
6796
86778
2144
22588
14456
20452
15826
11136
6242
17334
18156
-1
51730
6553
2202
20692
-1
12769
9584
6924
21942
6562
15548
66722
11844
19579
13907
6501
15466
17806
15659
16158
16958
50984
25628
15258
49600
19388
26522
5714
37742
20446
17408
37924
40054
8280
15214
11700
15302
6284
9702
2380
16081
6556
15228
3073
14086
1198
54020
29500
19052
13254
6826
1825
7014
5204
3750
15990
27871
5983
42203
9446
15802
9726
15514
4659
22914
2100
14458
4320
18528
2224
15570
33594
36380
21920
-1
30550
19266
24499
19956
16696
17948
16310
0
8747
25248
6200
19031
4541
33230
848
26244
12128
7710
6048
3102
43246
12462
0
7216
7072
12068
8479
22458
28986
24722
14712
34612
57401
63136
3178
19849
5752
17358
4196
2113
15389
6792
19725
80640
34924
5720
13430
6468
9842
10790
22748
5479
3520
0
24766
14730
11822
16504
15554
2083
-1
18880
10387
7552
14331
13132
16722
19924
51186
14868
25920
22111
16432
11451
5558
11356
15952
16550
62742
-1
11682
4300
6289
10310
8549
7017
25534
6523
17007
25582
2804
0
2856
14918
20660
25925
29449
31302
3356
14799
4028
2450
8569
35410
0
-1
35976
1454
58410
4952
197
648
17791
8432
16195
18418
8660
23374
23244
19072
14079
5134
3832
7096
13232
17481
18122
0
15058
22674
3936
17574
12948
13082
80
5328
23048
14008
17924
6252
12670
10758
10638
6336
13956
18558
15990
2540
8286
5795
12365
60652
20555
2302
440
9652
39079
37978
15244
20217
716
68020
0
15970
33101
5156
13923
-1
18310
72038
10488
7446
603
0
11513
11318
19558
40515
6620
12844
5875
749
20449
22356
12628
2548
394
19776
19767
18012
15582
6549
-1
61130
14561
18589
10153
18248
12591
11379
10478
10202
4154
19169
38336
10782
8812
7022
8904
44433
21073
14216
12858
7558
13255
3484
29660
25942
18214
18962
3418
10215
4013
23614
19428
12646
384
16677
8408
0
20202
5827
11464
11035
7008
16058
86698
9911
1592
3628
0
12194
12344
15304
7198
17883
4490
26444
10541
6708
17414
9007
15702
5402
80732
4502
9834
12382
12508
33073
21522
7498
12836
12757
2302
12296
8169
16333
15482
36945
-1
85324
22908
13872
2466
17647
23228
39209
16284
12382
0
12432
89468
33903
26074
58619
27970
22368
26292
27054
16813
18652
90350
8498
11648
28994
2
4
22298
902
6471
17328
1026
13448
14418
18980
4458
19032
30132
27760
15658
12576
12094
14529
46292
3214
11386
11172
5893
13812
2174
10475
19706
8200
11752
41926
9188
4630
24360
21654
37980
16192
13579
-1
9208
1886
17262
28141
10301
0
20106
15800
14544
21706
15034
37510
35833
0
6299
8320
4
4902
14028
-1
7001
2186
23268
74796
67654
32080
13480
3928
14778
15090
68436
14676
15881
0
4599
15734
14740
25904
16862
17700
6
0
4042
21830
1202
258
11393
16814
2930
10724
6560
1688
12484
10310
11426
9600
0
15411
9448
7798
13430
9831
2633
16126
11193
49398
23060
49306
40646
13475
12008
14609
6493
16404
0
4432
10282
5
12338
23022
20812
13046
3829
8348
6072
16664
1841
19080
30652
16213
166
4736
10756
18852
8049
2379
3977
22990
10014
17142
14067
33054
28098
37885
13002
16266
16358
26348
6616
9134
18442
14190
8804
10364
24016
7230
15589
36404
8278
2404
27816
30366
9146
4221
17376
11306
1656
21402
3691
0
20014
7454
13104
35632
13422
2091
5364
9764
8812
1194
5650
9796
13073
10745
20460
16829
12708
8654
24000
1988
10657
2282
90526
2934
13196
11213
16233
28680
24374
24256
15036
52605
4212
6680
20714
11370
9685
11862
94
8528
10868
3374
21224
3698
15370
12622
17574
13590
2
46882
14964
28630
12668
19504
22113
13944
11414
14416
16069
1198
8198
10480
1248
12954
9392
14592
18176
8728
13004
18642
9114
23827
14244
27906
7852
4107
4536
13877
16408
1133
13746
16555
996
4
8860
47120
15162
2508
6451
30189
804
10000
16525
7912
4184
16312
17616
25680
9145
2274
17366
14493
10722
9122
10079
7306
15784
6338
31044
21388
22857
22958
32282
10920
0
13960
6836
3184
28
14341
8644
13438
15569
15450
86226
12679
17997
7352
4660
21610
23946
3934
15656
2227
21798
28084
16214
16846
7242
-1
30586
16424
2505
18828
12668
23510
3074
1770
1383
19822
1460
14670
19396
52172
2004
3522
17014
90244
21860
23165
4758
-1
2515
15540
19258
24078
22626
8694
9826
26509
0
26585
9836
-1
23445
9628
14722
10853
16190
13685
12042
5458
34005
3242
17294
-1
16382
19687
21960
2567
11822
7486
14264
19103
10436
26741
13152
13446
15694
24018
15093
1236
40742
16540
11448
7780
418
-1
12366
12008
23500
930
14735
15206
26018
15567
10347
18256
12038
16724
22958
4036
-1
2061
18297
32694
17713
19919
12601
4810
6806
1201
13296
8713
29203
28552
18717
61082
6160
8944
3008
14392
15230
24126
1060
15242
17016
16983
1392
54807
25810
10577
7293
20762
13835
34866
14093
45923
28240
14686
3
26330
13242
4136
48240
17977
22116
28326
1806
13460
9888
17696
90740
10397
9231
19791
22855
6463
5748
16154
4268
17914
24784
1948
15968
16802
14836
15576
14655
26423
24560
12502
8138
2618
695
4271
9600
19176
4228
3538
33824
3399
17080
15512
17274
27140
5806
8264
4696
16566
681
27576
15830
2916
1320
9066
1067
4976
23980
26850
2808
7474
49358
15386
12550
39714
8780
28906
24289
33400
14710
14804
21133
7988
29000
18472
33894
7396
15678
18928
5240
1575
27904
4584
432
15018
18104
-1
13882
21434
2392
22100
2624
20835
11932
6688
25476
7628
12281
12082
19168
25608
11542
17808
3230
8679
1510
23420
2216
28112
2628
25144
16316
11818
9686
35429
52796
19994
3984
41592
4
12436
17003
10304
4036
25610
0
19610
20668
7262
13322
14928
22083
12877
15418
9890
19303
13992
15508
19120
4773
11200
6403
20516
6548
13464
21195
16075
14975
56890
26025
16959
12266
11351
8610
3316
0
26350
4266
15508
6264
6494
0
25176
15074
16857
14686
11654
24527
13294
-1
19084
16634
28813
4700
7459
10823
5868
20300
2162
9862
9596
9774
13296
284
-1
15265
6708
17383
5500
28150
81272
19356
18814
18024
7658
12444
0
2212
17490
14944
12670
17797
14180
31986
7810
0
4270
20004
7436
8044
13196
1089
7098
20665
21736
3247
12462
26053
16468
0
14958
25525
8230
5959
16841
9984
5956
17469
23111
16024
14081
14082
0
5904
58260
14493
19730
21454
6202
6935
4
20850
8616
4253
39651
27066
55936
14952
10770
5274
5649
10154
8988
18205
13285
2399
3302
15468
3786
16496
15644
18093
15544
37116
16519
6142
16871
26787
12740
18510
7854
9181
2750
6721
28179
10155
33796
-1
30813
1552
40162
10588
9536
10952
18054
16925
35917
2258
21130
12392
34950
40819
22204
14842
8796
478
16751
16570
8382
1688
48244
24458
34114
10904
4804
14189
4031
14333
21132
15156
20518
5882
22640
1110
71
9404
11927
4261
12500
13142
16634
9278
44987
11976
17402
6758
34214
17071
28140
19326
32120
13875
4773
22254
14349
11358
0
10894
18064
22054
2298
7396
15340
6168
851
7090
42190
6108
12587
15860
-1
4119
15179
0
11054
15070
40670
13295
0
15196
9050
14902
22850
33412
3046
20561
0
27902
11648
5562
8026
6
16495
13566
13736
11942
-1
10284
3052
15622
490
13095
13290
27905
18568
17088
9392
-1
15190
12918
11234
14693
15691
0
2741
20683
7661
21528
9188
9110
1128
13649
29908
15640
2857
45688
12079
14711
3328
14717
11466
18094
0
24619
7078
52503
7458
3131
2220
17640
34664
17814
6156
15603
23839
41599
15620
10893
23561
3076
5368
5075
30618
18046
17126
10248
17480
16250
14664
18362
27421
14908
17023
2966
5152
-1
19100
48401
11475
3355
17856
9882
18402
13194
41144
13
3334
16006
20920
5017
36374
13327
10338
8989
3616
15084
3140
13207
11887
16201
62996
26689
50952
13650
14156
21027
24976
39998
5059
94
29884
6859
19987
14184
6
0
13533
10184
14227
11738
13214
14901
20219
2779
22021
429
962
20118
10936
12502
2766
4570
16012
45882
28912
28016
9764
8010
13418
18475
20578
5230
17580
9718
17032
26760
8287
-1
17544
9866
16246
1417
15416
12941
11772
30868
12213
-1
3792
15382
6642
10586
26430
10942
17387
18622
22751
22846
58493
13924
6884
0
11617
15892
13334
5966
14005
42382
13872
59682
13121
9816
21120
10182
23055
6023
3724
64500
17868
13432
18594
12017
38146
-1
9934
39215
14102
16432
11240
8104
12346
12157
12642
16382
9253
16272
20646
6548
13784
26562
29894
12639
14594
35040
15022
19482
4031
7850
17683
1251
11040
15348
12026
3018
11006
16526
5582
2254
8114
10554
21938
21929
16942
8196
7058
0
34310
150
16158
40350
17068
12911
13552
13868
12426
20270
24922
18336
2123
509
37164
12810
9495
15893
26844
81346
15888
12805
8628
12063
32656
25412
21638
33206
4427
17802
2566
1463
17274
17242
11857
14607
15342
35854
390
4430
1046
12610
7286
17556
11876
13676
31543
8416
18196
2018
16143
20768
15878
6082
3576
16088
33849
9477
20914
14001
856
13098
30026
0
2835
26208
21232
46268
33870
7028
18048
0
16685
539
5976
25152
13616
17810
12330
15928
15545
14574
70766
782
7136
0
12641
14745
12745
15302
12657
36104
5618
3716
23123
7429
17958
3304
16214
29808
20044
36756
15782
14252
18660
17524
49582
15044
22867
45591
3786
73388
26294
11410
3742
7746
10781
0
24027
1584
25604
16146
38
11777
0
19622
9655
27892
14155
2
30980
19146
-1
18726
27615
14088
15424
10122
62132
10375
1250
18710
6004
9596
17912
14269
7176
3604
13828
21920
4582
20242
4124
6648
10636
26340
16570
4524
4388
4228
0
23344
12554
-1
4160
16604
39449
14175
40630
15055
40634
8992
10868
6562
11779
1200
15882
6108
20831
1844
1296
2646
18994
8761
4191
13415
16790
14377
-1
13376
4510
5840
23812
5050
13950
18388
-1
11954
4394
30629
3257
0
12908
30552
19026
2984
16188
6232
38954
11738
6587
69280
472
10590
-1
17474
16732
21127
17704
9276
2945
5487
9878
14020
0
45334
13059
3498
0
9233
18164
45250
-1
8310
24824
-1
0
16089
36754
6242
92410
15771
14481
10634
17106
13978
6436
5288
16044
19706
12011
19100
8922
10247
13534
16849
15749
19772
14748
7368
14854
18854
28697
7800
23048
-1
16552
1134
62119
18902
732
5001
13607
9814
19256
3289
6596
17420
12445
16446
28718
10248
31233
90276
45095
10378
18386
14482
9832
7218
29686
13006
18518
19
24765
-1
16848
8654
19760
21859
17078
8904
9738
3188
18260
62666
4882
2328
9402
18418
25640
-1
3962
16488
1282
15603
15361
0
17402
22150
11116
4475
-1
4386
4964
6174
3520
28154
4206
24934
43505
18622
7182
7312
15136
15320
22818
19562
46274
15042
5714
27422
14028
16074
0
12940
7794
14526
21538
2772
12386
4490
13218
5440
4970
-1
-1
15304
24646
17388
33996
68550
4018
10513
17680
17434
39280
26494
12406
4602
13966
3772
15124
16001
13224
50496
33012
7638
21570
7740
23122
28313
25782
12550
-1
4275
21882
6677
15945
9665
30687
31662
1904
12220
2551
24106
89440
2678
24200
16590
12738
0
15312
4083
-1
-1
12112
10473
0
0
0
34484
0
11578
25958
15454
9042
13222
18300
17068
19290
1350
58424
18487
34868
18334
16626
11533
-1
11923
7130
14786
1486
26701
6680
8258
3436
4725
21852
12446
19119
-1
25054
32326
14094
13142
8184
70278
49427
-1
38438
27801
37536
20508
28447
7188
9941
21200
17080
4198
3146
8450
30668
4085
6721
13997
30409
6383
0
1693
79928
14044
33528
11911
25486
8348
28120
20974
10666
11222
984
21855
21750
-1
542
22388
2706
38
25849
9297
39080
10134
16519
3406
10404
31228
4554
31775
23840
3046
12504
83118
9059
15687
21338
28586
16465
32755
12688
8879
14604
22566
14494
31520
12486
21281
5461
4997
31358
6080
6122
19129
11782
26871
24786
18600
0
17114
0
14280
15608
18494
51218
3488
15928
24741
14165
13012
43826
25578
9614
15501
2768
19575
18606
11836
6504
12642
16698
24588
36108
14380
20057
17623
11614
3177
9817
18496
21140
16430
25624
15793
17324
9348
19238
11256
-1
14008
27620
6736
24356
11328
11608
17073
12999
14770
85944
24240
11092
17274
19136
13021
15894
10614
11458
13023
21187
0
24801
1100
2102
14134
11840
20320
0
26339
14192
15434
11894
8532
12414
24793
13566
14282
14212
3302
22147
40191
8496
13108
63042
29748
28494
9997
10440
7316
1081
7004
17012
9992
27446
7274
27538
10220
15566
25314
1474
10098
20
17197
7731
923
13781
20140
17441
3916
73248
1378
16020
694
11742
3894
19214
19170
5140
-1
22600
35014
15614
-1
29196
5474
35714
24762
34348
11876
15982
262
10610
15742
9691
4657
3828
12264
16262
8898
15358
20436
1784
22014
17678
6287
3337
12554
11811
14584
11308
34152
9712
17086
33882
10074
7872
25672
2114
35432
20300
8584
14406
15898
10652
12163
41834
13594
28465
12222
10655
5114
21622
2574
1622
19864
23
7048
7042
15712
12338
18844
13425
12282
16340
11555
15910
6426
19468
34448
8196
13802
11100
11147
15989
18582
25172
13681
-1
36668
16698
5474
4594
15678
8
16170
18593
32304
6086
15976
-1
28936
22497
23314
17434
18920
0
6724
37692
0
24698
10470
36498
4240
12046
25020
27014
24298
42962
10336
25821
30042
13636
62789
15191
17850
19147
7942
20510
0
26505
9203
10720
27503
12422
16286
52154
13196
10374
13562
21535
17229
-1
3576
1650
758
202
22000
27198
32424
65126
19491
18842
48711
20044
14706
16452
18172
11608
37110
9357
18690
17024
27360
6762
20098
964
8338
6584
5080
37924
16607
35992
1422
25950
30680
20630
1154
21057
5634
7748
10497
30691
8052
33021
21259
13792
15084
12522
5740
13976
23716
14770
18524
0
17256
29000
13468
12390
20228
14202
40140
15700
1234
14084
16839
28522
79534
58548
30400
13354
5636
91098
16538
104
33454
63842
16898
5334
9766
44501
20598
14748
16466
80
25838
21969
13389
25866
16153
14904
14479
17726
4082
17102
6117
17894
20018
2629
7032
18331
84246
94
4323
19486
23249
28576
4380
20864
74590
32665
38972
1310
33460
3290
25684
5816
22480
16625
9909
17151
3558
12364
20658
4378
22688
16648
0
2
7269
47930
687
2342
60643
16778
5036
8220
14596
12884
16586
22960
13082
9258
18222
27788
11772
3716
7321
23320
24684
17098
7600
15864
15950
4912
11498
12374
18333
16912
16434
19646
10752
6182
10849
326
14226
21154
2
10319
13828
24796
2274
0
2893
15945
10292
11342
16146
513
5254
14926
32650
22193
3724
31710
23372
31410
17860
34766
8454
29013
18319
19908
19532
59787
62393
25423
47728
20867
36282
18902
19184
4258
17146
25333
35912
45954
25590
8275
0
0
1666
18158
-1
14456
11247
3056
11190
20188
14568
9274
0
24289
3438
15315
34930
0
20992
29550
8810
25702
0
0
20395
12698
2560
0
14012
0
7136
13933
20703
11066
41800
3433
11200
3602
13980
15842
6772
6885
25274
19236
12190
16424
9075
5840
7570
15224
9911
14560
17166
16122
4433
17240
23475
39903
0
25084
17012
5930
13880
15251
13384
16838
11664
14096
25636
71954
3587
31038
11526
13916
9724
12972
2519
4369
44210
18222
572
19386
17197
23162
27364
83110
1384
18332
22428
3458
11081
16392
18220
14618
12596
16785
12409
18397
7290
23586
58110
0
-1
42996
6022
4342
3620
13962
1428
2392
3264
17967
24669
9145
37884
2150
9948
5592
31156
2926
18190
4548
3744
24147
4787
17996
6633
12488
3222
26648
710
3612
2026
6606
9184
16256
94
16824
8838
20739
36717
1090
4282
35793
1118
29850
4188
0
15885
1243
25416
17190
14310
12340
12224
10314
8390
11312
23934
15086
5048
6013
11454
11969
17463
5422
-1
10008
16396
16980
14880
16330
18264
11988
17179
14504
14323
9168
20486
-1
49962
7318
362
32929
31218
6614
3742
24655
5132
2816
11342
10826
15338
19981
19136
11508
8438
16670
17362
11398
29542
23855
-1
8398
4784
11138
15662
20562
4557
940
64108
9925
10854
10757
25331
36234
1574
6506
167
19018
2279
11368
12296
12102
24130
6316
0
10666
13604
6878
18550
17212
12866
7616
14708
1963
9259
61948
-1
14446
1173
16127
69242
15387
0
25962
20716
3479
3464
17484
3417
0
4124
23385
12455
15151
26816
18824
15352
16624
15615
28167
0
5922
11577
39117
29390
20310
14730
9599
10760
25186
27888
2080
14058
18752
6
5193
-1
5057
1400
43842
81094
6519
18302
14282
17670
13642
4386
16046
18244
8310
0
14327
16243
16836
26964
56368
23478
27593
33051
11319
6046
12520
-1
28206
16456
15822
89466
10976
3
15110
48176
4156
28298
44422
14914
12268
23630
13014
4154
21766
11952
17627
16338
25068
23412
20938
32386
24840
10520
30586
18754
17984
12793
1853
58176
4494
15622
10516
-1
12355
7695
20914
26487
9755
2096
6706
19808
8714
7691
4801
-1
21633
16070
5222
8800
7644
13157
22240
9728
-1
158
2414
-1
12088
45799
14976
11538
14839
33864
20468
10496
16455
14258
4759
15067
5264
23932
4530
982
9101
13688
16892
3226
17967
9591
2287
18778
37052
16851
448
16882
31050
23662
2528
0
34816
48496
12142
24889
15684
18488
13522
11637
0
7
2162
14548
9238
12471
-1
-1
18014
18827
29020
15666
8409
26604
11446
20548
62388
17502
576
12802
23098
11588
43283
21633
6560
0
52981
11230
0
29388
11491
3620
25860
12190
16558
11714
17022
9007
9842
13615
17390
11806
18874
171
-1
15450
5247
27834
17413
22706
10924
19287
17016
23370
14103
19070
13764
0
4648
12095
23601
7320
15158
12633
0
4365
20880
16402
21484
20942
33951
17062
18708
7708
4550
5873
24096
15826
46244
22292
16617
13654
11255
3876
9329
3262
12143
2
12602
45892
14070
6282
6637
15880
19243
12999
48602
26082
18690
17661
40916
696
24019
2364
8116
5046
14984
21632
4662
17331
22020
16936
14525
26934
4716
16292
29407
19862
16454
3273
25824
5267
2950
4886
17840
11204
25834
20604
15400
14294
9638
23102
64252
4979
17920
2410
2018
32230
22032
13237
91676
893
10957
19666
18546
2667
18028
3486
4577
24088
17602
5982
8464
50038
13673
10481
4430
0
21419
1804
18183
14040
0
18456
10630
36183
30818
9252
57144
17380
16106
19542
17012
15824
31898
3754
5692
1540
10562
14648
5108
9164
1182
11186
22290
10310
17684
27194
15168
10841
2523
16250
17284
8554
8420
15490
13512
14778
7302
15512
1943
19522
12420
15478
24508
27002
68292
22278
3501
7820
53380
15832
25046
3772
17324
1450
26999
11162
11628
35896
17492
12359
48
16847
2202
16420
0
14408
839
8180
13611
10216
15888
16948
31960
39126
30426
7490
22064
16215
5317
10418
2240
17963
9209
16328
14134
29946
8596
14208
10734
12742
6142
39559
18706
2
7659
12840
5534
10486
35494
3110
16
21154
33127
3268
21858
13756
31020
9474
16155
38561
0
13450
16364
4723
0
18861
-1
16298
20210
7255
-1
4992
16740
19046
6675
726
15538
18290
9467
6002
3713
6882
3901
10082
9435
3668
3733
14326
2844
15979
22161
15942
17160
16766
-1
22409
8632
7678
16324
22880
1112
15855
15495
18458
30526
46844
22031
29486
10426
28069
19908
58067
10490
14574
0
64868
9697
25709
14723
9396
32827
15601
0
9516
10692
17050
8792
20302
22719
10968
7201
-1
12956
14554
12160
6510
42555
1645
12538
16446
17670
8083
15622
14381
8948
0
18472
4775
5339
7016
33796
15804
12206
25322
8133
45598
17817
19402
5032
29062
5815
22277
12983
10974
13550
9086
26956
23866
27386
16134
15718
16553
5860
12996
23344
3624
4555
40454
11914
29862
19343
8631
18062
13601
13863
5542
23426
15438
42562
12596
1774
14078
14916
3078
22135
17982
14136
3756
13282
40602
47422
15441
5
26890
12902
13990
-1
22892
37549
9022
21601
23302
3144
15234
9106
4264
27130
2
2315
9932
12286
20029
18224
5360
13556
1328
5374
14904
4818
17229
92036
14724
330
15274
1864
8770
13172
4386
13454
1690
16244
22258
12988
56562
8922
10142
36503
63314
22938
18611
20378
6143
29230
23549
17894
24300
-1
9316
17989
20077
13548
20995
14831
6974
11879
23954
16632
23915
15864
5654
4744
37224
4806
10814
21109
23546
9388
6780
25533
49880
34764
17732
15138
10245
12136
2192
14610
13010
3780
12021
15156
50
50548
-1
5104
11115
33518
584
21575
16594
17238
12140
18688
16092
3522
41164
10306
48218
20657
12164
9788
2478
17158
14000
7620
19164
0
12534
9870
3130
46850
15936
6452
9492
31372
20998
9706
18114
24188
4985
26498
12984
21302
34378
2912
10089
13977
0
8605
984
23382
16173
25534
6493
5250
14170
0
17387
6738
5497
9858
20999
4826
15644
9637
7673
25314
22474
17831
14947
13536
9142
12608
20436
14990
15328
4022
20878
17946
3559
4608
31434
4071
15336
16611
31288
36781
12414
18930
6044
13900
18824
17538
2840
52548
1155
0
3691
2322
13680
18298
34820
14460
3142
-1
15840
16238
16187
16248
703
3948
9599
5318
12848
19967
27144
22403
10792
0
10150
15494
6216
19517
19019
34212
18312
17647
4212
-1
4354
27582
15236
15447
13967
1771
28909
38579
1067
3218
11488
2356
19836
14878
26630
0
3690
0
8071
12390
17749
12437
37924
5063
33824
53810
11702
6784
-1
11434
0
30476
28030
7852
14086
15895
7233
4614
4344
15972
1844
12352
15980
807
1894
44204
15506
16095
5544
6152
25645
16034
2079
15800
13552
58081
10999
15189
11382
5386
16450
13912
12266
5422
17374
34311
9898
11166
8256
15284
22879
15224
17160
5441
14212
27188
9133
18518
15992
21659
120
19242
15825
6912
27604
29363
8762
6811
7906
10882
6770
-1
8145
8676
1870
12869
10082
5004
8284
3983
21758
12734
25366
10246
6955
13790
38936
15192
8556
0
11500
24430
0
5394
16232
21706
16644
18570
12076
27851
18148
-1
11400
4798
13682
1676
18005
11072
9266
16344
0
12005
3629
24054
5359
5134
16924
16822
14708
14931
18126
442
44799
-1
17080
15775
8449
19485
8136
0
16020
20884
35280
27991
42051
8110
22482
19404
24922
4306
9984
34904
14125
7894
9076
0
23948
26386
11448
18326
18588
19353
653
12138
16294
10276
13864
3620
7607
15120
22988
12384
30008
19280
11434
19686
9818
10766
5385
51079
13867
17008
15433
29022
5676
4282
36640
12784
10248
0
11812
11645
0
14033
9404
14801
41536
9958
5232
10352
31438
13425
6802
4346
15204
1079
11950
8561
10642
17304
15498
46954
88
15212
21610
3910
2647
20028
11158
28686
15346
13930
8096
45778
40922
12286
14003
37246
18708
2526
20171
3972
14576
13687
8852
18356
11827
10502
9785
15885
858
6564
21283
9664
2982
24328
15878
-1
13082
10174
5102
10356
91624
4721
14782
17639
6906
16726
16927
2512
-1
3005
22156
17825
23206
47432
746
17092
15936
5775
17408
13140
16557
3293
18468
0
14344
7460
6269
17792
14260
13169
48494
15462
7504
9006
14425
8131
2160
15459
42274
18249
0
7416
5604
4036
17528
20350
22476
0
20188
41607
9428
-1
0
15225
15374
18928
14748
16834
155
1784
32148
6658
17370
3890
8878
1972
8370
11208
23082
7547
7678
14437
13236
61846
16118
18459
77790
10952
23423
0
90954
11673
13712
11067
2611
3840
13102
7792
7298
7942
24718
0
14264
9602
3810
1153
802
16643
7289
29114
8178
-1
22128
9470
549
11534
30724
3452
19124
5434
28453
41831
22786
5598
14000
34636
16833
30892
30740
15438
15209
8784
523
14058
15058
13490
12398
17088
24370
0
16066
18940
41624
74878
16589
2864
13599
4086
22570
22527
13298
16314
19875
24417
4653
19418
22945
14856
25842
21884
4282
16368
31990
2146
580
876
17886
739
21954
30524
23541
17578
15464
17421
368
14588
5379
6726
52718
10106
9794
18051
12378
11966
48840
12323
14597
3164
694
2169
13874
14920
19203
21000
13931
6199
4902
12394
20758
14832
14137
7620
-1
19450
18931
19916
19598
7520
11484
40796
25930
5859
17360
1386
5401
16686
17807
14993
38986
22270
25839
12174
1092
0
3034
4626
0
17022
16356
2676
8982
6244
23804
12908
14552
21974
5300
15764
18078
14403
2438
11711
3396
14509
18526
17200
18078
7508
10073
19767
10546
6250
2541
0
1630
9550
12506
16936
0
9959
7521
16180
10523
6206
2818
6954
9842
2773
12022
13242
13608
3257
26544
19240
1314
18864
17962
13921
25314
47382
8512
45528
12838
2519
10780
8436
3032
0
12447
18214
3348
91364
8966
9114
2780
18449
14987
28777
2124
25318
7215
18692
8986
7367
17597
9489
18032
7696
6610
18078
16438
9640
12931
10533
6866
16184
10128
18570
9556
4
10314
16332
16420
9981
1954
6396
32446
15180
10208
24960
8220
7100
12935
11540
13918
10394
17554
5022
7309
1470
17624
10062
13420
94
16158
4352
15678
16624
17456
20648
2986
12269
24023
15160
14246
14948
5392
30266
19048
7552
8110
2680
0
9589
6494
23160
92186
8338
28214
29208
8966
18026
16232
298
30546
12698
21985
58434
45196
23340
-1
3786
16318
14566
2001
15936
-1
16582
15355
10471
7776
18234
18318
50330
11658
17773
19520
12772
12322
13496
26244
16982
3716
11822
19004
364
12613
9656
18582
31363
14536
23761
15702
4712
12644
12769
1693
3096
3595
47076
14643
12851
16223
14836
14753
1702
12682
1351
14742
21148
1486
39745
19759
19830
16164
10174
20297
7753
24100
7712
10628
20369
1872
12286
34403
27258
3998
20642
14368
53070
11812
35994
18799
61920
19814
20112
1617
9920
10306
4626
11366
10864
22794
13558
17212
16704
0
28212
4156
216
18069
2025
19941
25290
2348
3550
17212
9070
18462
14636
19662
19872
14665
1578
15380
2535
15152
4550
13994
2869
20686
24342
12135
34092
8962
6733
18494
33530
15202
18260
3585
24118
11640
11012
53330
13336
752
4301
3164
7084
33292
15492
919
32207
16194
3671
12200
14360
0
11416
12062
17990
6669
0
3962
15548
32227
5624
-1
20256
30214
3488
15522
29271
5828
37769
21389
51368
51836
15776
17638
15452
20960
39948
18224
13046
26959
81388
3762
12012
20876
5975
170
63172
12462
24096
14215
7336
14692
3654
13300
18225
13078
30712
19225
25370
21252
28059
24816
14864
85896
12362
30420
0
11808
-1
17062
2368
23747
6345
13388
29120
25384
2706
25526
9290
13614
1574
7110
57035
1733
24826
2934
4674
10224
9660
30266
1106
8604
15394
79994
9053
40688
45316
10188
6946
14090
8470
28614
12934
9210
13128
15686
-1
30310
44695
6391
15816
13502
0
28719
10338
18895
10582
23240
16166
9852
8818
13342
6286
18021
19010
5276
23364
2468
38740
9315
878
19597
12318
2854
27700
1190
13408
6950
9742
10997
13966
23230
8021
0
18470
25884
13954
16490
356
13671
19286
19393
0
70800
20524
7246
16868
2234
20440
2122
9168
18184
11051
13107
12149
16872
10651
9903
11023
11187
9958
7954
20764
31975
16984
9028
44870
15911
14838
11995
20647
13764
8858
87756
15902
1728
16788
11160
18624
5937
5286
4738
4818
30638
10736
6460
-1
18291
0
4
12612
22212
43738
10921
470
12253
-1
40702
6085
4444
29676
7458
3723
20290
14384
15626
21128
17060
13047
16319
9936
18289
3230
16257
1811
12668
15301
22114
15006
5699
11866
12452
16722
14370
21894
17750
20273
7982
33049
37994
13151
15145
23710
8262
11312
8012
14722
15860
11961
2869
1522
22044
7280
16542
27711
17121
7146
4276
13411
7378
14366
14042
20988
15272
19278
0
7906
14148
6156
13645
3924
11509
23163
19810
16936
20015
1009
19968
13070
30614
17895
23866
14828
15085
38302
15376
36438
10015
24696
17976
2996
3880
11708
1547
13476
36659
27610
15394
16862
11807
9907
430
23868
3491
16163
33384
15756
37070
19478
5532
21597
16686
16598
27057
4156
23142
10378
18298
23157
1612
19896
6644
22125
1084
15741
18112
24838
462
19646
18774
15682
12008
32930
5242
65457
30089
14
3266
52914
6153
7069
8924
4583
7842
6954
8820
9134
3903
1067
4366
16179
11662
15308
16868
14365
5476
9658
14628
11226
0
11661
11150
30792
-1
25324
22792
22123
23120
11898
16956
16564
18684
22976
13277
2564
14482
2162
1206
5754
19416
25443
3268
18244
78634
7998
2056
5117
21206
8085
22866
22795
5752
21762
-1
3226
9588
7070
31297
14860
7442
11256
30548
20536
22041
9340
15646
17901
9546
15480
16082
39640
215
7465
12036
10321
29404
-1
16210
10920
1085
3874
61758
14602
19378
10764
16459
6620
413
46003
51794
27749
18746
13516
32131
12136
7615
-1
5632
54983
7652
0
8296
13943
21348
0
8205
10940
13800
4496
17432
11596
10626
3683
20969
30888
15790
1278
19700
520
4770
2892
64
4686
13642
5838
10919
20794
10250
4996
10036
3240
19346
5440
18742
15264
1819
40522
19259
2
10974
2262
9631
1506
-1
26189
28782
1300
12635
1786
415
4357
7881
6212
10475
15394
18973
64272
55063
9097
15184
54482
26312
40008
4274
2358
21032
34916
1922
14298
592
16443
769
89522
16620
42053
11466
17874
-1
14804
11856
10326
28906
4286
180
19708
11486
36838
21255
31578
15772
19396
7975
26864
8610
10126
14116
18094
13198
15637
-1
9869
19778
8899
18537
13002
3394
6418
7346
3790
-1
9362
16686
4830
14814
22454
1133
9731
9533
18588
13312
13070
18600
11366
12488
43992
1370
0
12530
16746
1916
26244
21442
22576
17590
7466
20480
9956
19142
14664
12910
10708
22407
6620
685
20166
-1
0
21360
21194
4538
14018
17428
2336
21876
25444
19132
17026
18744
36650
5460
12290
19112
13940
26490
2045
20584
-1
14332
14160
12998
19816
30920
8792
28351
13642
29538
4855
9505
20738
16446
16358
18924
23930
11150
12258
10266
19624
9096
15092
2164
5320
32650
25184
6091
4057
13472
6099
27308
20856
17066
21160
26350
16890
468
0
15120
3566
36606
2277
13752
-1
36582
27996
1628
15860
19062
18687
31392
9050
3420
13694
9920
31454
11604
40801
19590
12902
21550
9999
3149
13770
15781
5195
10350
7014
18958
44145
24823
3547
23282
23198
85366
16616
12519
-1
3559
4645
1488
35505
5553
9913
19924
2658
15957
13200
16463
10544
13414
19246
3080
17796
25196
1335
6546
14376
1855
1114
18236
17161
4907
6716
12250
20182
8
15943
15138
16746
13590
13873
20970
18877
1402
15418
0
4034
39955
1930
7238
19119
21780
1368
26382
384
17080
29001
3983
15173
9224
15734
10634
60710
16610
14310
13
28982
3999
17470
36808
15189
11430
23470
8412
7410
14618
17058
40276
12727
12304
55616
16294
13917
30096
0
20970
0
8605
3609
-1
134
4976
6532
15088
4794
0
11484
-1
20920
17870
-1
14204
4195
17584
19036
5115
27810
3656
5888
3336
8722
0
25294
-1
20846
108
11656
13985
0
82182
12355
49826
9533
16824
6412
20708
13754
19938
23402
15796
13179
9710
12028
12461
1278
6231
8344
26308
3156
13608
6960
12424
41602
12608
21525
11092
18541
7424
12374
13670
26358
51008
12374
0
15604
42558
16834
10478
13058
30616
14010
5857
7211
17697
5604
29865
594
693
19296
0
21138
7720
8892
13056
25580
12764
11548
48256
7099
18262
18332
14038
30812
1374
32320
29606
0
30280
6576
11852
91750
-1
14584
0
2605
16879
3622
9777
2000
2978
52310
27076
14744
5976
14693
16536
3842
17426
4866
22001
7783
6442
12486
16252
37499
22156
12076
19644
22022
23847
1284
17068
27928
24112
20704
4963
50889
13476
37884
7267
12808
16186
114
78040
14531
4029
15202
17393
6468
0
-1
34765
11363
960
11456
2970
24470
3996
9468
14065
27114
4626
-1
14264
16242
8811
61052
10658
27180
25259
4439
21860
12680
15462
77542
19108
16064
29024
22065
29058
9442
7682
26287
12714
38966
27774
20334
17029
28760
6745
296
5672
2458
17971
0
14933
19816
12878
5288
3776
8320
-1
6828
3046
3288
18058
673
16079
55698
28248
2558
19038
10198
10442
28732
22477
9890
11068
12868
0
45008
16978
8375
17806
13946
17252
71562
13890
17385
62359
4294
12092
14409
31154
12670
33226
12202
19236
18470
3181
4860
16513
0
11526
3700
13024
23090
7538
10350
22540
26634
9704
21748
35233
83352
15668
516
30770
14072
5678
-1
11230
19203
30904
-1
16104
16604
11956
16892
26355
18589
21494
11145
16382
8181
2548
23086
13750
13989
16477
24748
852
10271
7242
17768
13779
-1
13350
46722
1232
14918
8497
-1
11142
9710
6056
23209
23026
4350
2450
26452
50245
12314
19670
7718
19614
-1
19216
29262
0
29392
10594
16848
3834
34020
39
11968
19986
30050
12180
18204
15182
6016
-1
738
7446
4738
1667
4126
6954
7586
664
3767
4102
7499
1392
7664
7680
39766
36230
1489
24482
15108
22310
36686
3464
7030
19372
5228
10354
32327
2294
71118
0
21512
10349
1718
51796
10339
75080
12578
39805
21034
9958
26674
9430
12805
20228
4328
37198
23782
14645
9912
26002
4508
17838
2863
2605
8442
17485
26834
6884
3857
1304
0
11698
10236
11531
2730
14246
28191
23517
13674
9412
14022
12166
9804
20169
19044
19533
9706
40066
26776
14854
13619
12868
8174
7144
38018
10540
18554
11702
25414
7149
14222
22020
16588
-1
29324
10056
38763
4
46034
26506
13224
-1
9611
9898
14486
18488
14610
18824
12700
12942
3154
8298
2838
23422
33124
0
9798
8210
8417
12106
32046
9247
6183
37569
20220
509
16480
-1
12855
13722
1232
18444
22087
9920
6332
24675
21471
20646
3102
3810
3294
45330
12743
1542
22848
14922
0
10336
0
18498
6010
12577
15732
6020
12106
29153
13708
20994
28732
7898
14836
26900
33579
16271
20476
16408
10126
9116
17386
10057
24410
45086
1931
25025
23514
9440
-1
24560
1728
21324
11579
10973
8488
19215
2427
7323
15757
9743
10954
22986
21274
2552
3378
9935
2827
2220
21121
19192
17206
17128
7561
566
10900
16336
14172
-1
24128
22727
51490
50344
11534
64781
14900
0
7452
8374
9880
15979
91
12108
2894
16752
25043
8276
7092
11745
10269
-1
14734
21070
6289
24564
13567
4806
27676
7577
736
13363
23088
14956
14910
52044
-1
6745
10302
4566
23670
91008
4050
10214
14137
23472
13008
22192
15158
14955
13447
19910
14574
10091
9030
13762
4673
13728
23274
14
14556
32765
31
14734
25364
17584
1568
2
13799
14097
18908
19310
894
20821
31506
2644
0
28006
22866
16528
15028
33242
39056
11888
21645
13896
28914
5684
17107
34838
63640
28034
2688
21268
36944
10468
2791
990
7292
12701
10434
0
1228
26474
11916
15067
47756
22858
16458
28170
12920
19728
22250
11029
21790
8678
3972
2216
11154
30786
44186
4212
13282
11106
19208
11296
23788
23976
16170
5644
15304
13105
7612
8258
23597
11538
15143
-1
4718
8105
54000
32259
13625
54880
-1
83118
5046
14082
17616
12484
1858
13069
25554
692
12076
7055
9392
7787
-1
8914
48666
20688
13156
1889
772
6654
10282
17779
20326
12152
998
7706
10228
17485
16248
13803
2396
16916
23018
15385
2852
6978
36239
23570
9940
10204
15324
9872
12634
15350
12239
15658
2
25178
20617
1250
-1
18832
16656
2386
9410
17551
4872
7173
18536
8834
0
11532
29398
5050
4725
48840
3856
25917
16420
6746
10382
38972
22788
20440
22789
18866
12036
19616
14901
0
4
13414
17102
18775
10185
11028
2562
16636
76450
10804
14136
7640
39374
37936
15118
6286
16082
2503
23108
0
19334
0
18682
12024
13068
1362
5818
21004
26543
5178
1382
14422
22733
7462
-1
992
8704
16986
15260
3802
16518
6404
3249
16072
24281
2894
20881
18932
10456
18963
14813
27088
23682
9664
21224
16788
10084
20474
1876
13255
20060
1714
14350
23930
17592
17630
4336
33386
15468
912
25621
10064
10139
29716
7352
25590
3342
3021
14419
58978
2368
8364
13548
9742
20024
13044
7170
16801
23911
144
24474
5406
34650
5428
14814
19732
2876
14742
22242
7358
7499
3084
23170
24288
30714
18976
1718
5003
9162
27401
21486
15068
13082
9929
17876
1456
13682
32500
7333
15430
13224
14890
8394
6782
16754
2336
0
10932
11032
6012
12937
13270
2505
29624
9702
18408
13126
4803
13370
4490
13342
22420
16379
9593
30632
0
16133
62898
12629
14816
20730
27593
7799
13953
18772
10740
23952
21613
8658
31295
10193
31050
15214
20555
4494
9161
7886
6996
12602
9946
122
14792
17070
6968
6544
9106
2261
89260
14461
15284
21010
13805
16123
16756
19110
50824
12852
48902
18768
-1
28368
6246
5055
16506
19790
1644
13322
25928
63108
5064
3160
845
11428
1348
16250
15210
14262
20026
16145
12102
18287
14001
23936
22272
3102
3823
14428
22204
15261
85088
18594
31588
26478
7786
4673
31568
17686
32480
5287
12455
3534
14668
5186
-1
6474
11110
26000
42310
3680
3140
7026
12393
43978
22452
24689
17494
15634
17266
11267
12324
17859
2259
33436
5928
893
18875
16988
-1
16722
760
20588
17327
337
29841
17580
24496
52238
25562
6062
16936
6545
32698
5734
20255
15755
17440
20076
8786
13566
840
14097
3920
5980
2
24486
49043
13779
7230
13415
4687
18145
17206
14750
2841
0
11140
12390
12883
14784
19118
17914
19730
18398
31552
16546
1911
8870
4281
36034
3694
10380
8547
80960
33259
22238
637
837
3335
7982
9642
50411
12068
2429
4040
5
22100
8306
24402
29652
7952
15708
4508
17559
16482
11241
25470
4523
25644
18174
10660
10565
5801
12632
15498
23624
5628
6627
0
20954
17654
12697
3927
30466
7149
17316
-1
12180
22136
1986
53378
15176
34182
15308
41449
12874
18157
23460
12361
43830
8905
21123
5554
19400
5355
22434
11254
19526
17032
21656
14358
14462
12990
18873
20872
15122
7926
22002
12839
14946
14130
-1
28810
42860
14026
4268
0
2538
3178
18998
44969
19126
42285
7234
17780
6453
12250
5739
10160
8422
74044
6260
30326
8318
24579
5792
11099
63304
52474
18554
14450
8318
10177
11950
7756
9802
15540
13460
19823
14753
12962
17458
15639
0
20556
15144
56311
12048
2978
50094
17258
12386
4384
33934
16426
-1
12840
60106
20280
8091
22415
21904
13381
18590
388
3874
1742
21333
15468
77592
17809
8672
17646
11710
11128
13762
3550
20948
11706
11758
400
10608
14131
21948
4242
18427
10685
21944
3527
-1
35922
14832
3672
14572
-1
22979
806
900
246
7855
19364
13292
16000
5182
10268
10916
10401
-1
8328
17578
43814
16010
8270
18485
39152
4410
18741
23266
11091
15870
36210
16416
10796
21161
12180
21330
134
15012
0
4652
9266
8012
20588
16656
6624
3846
19133
3310
3348
19598
2856
21200
12739
22870
0
19774
19772
12992
10068
292
14918
16939
7898
13752
9229
16789
20624
89648
12718
23757
21970
51078
17680
20188
2230
23578
11049
23124
8943
18446
14975
14905
0
30521
11946
10794
4944
2823
2878
12947
21496
18164
17831
16754
5255
0
21494
10716
9805
43714
11178
29497
3692
0
2
20144
20653
8732
13558
10210
85782
7932
8110
7234
1059
27254
917
33210
10031
18132
-1
-1
9690
9212
16394
13968
14558
31732
11184
8581
12088
20919
35180
16199
17385
24454
29292
15004
14714
-1
10459
4899
5787
0
13677
16488
3342
3474
35705
13472
31355
17822
2994
13000
4614
13122
15343
27466
9814
20570
0
2199
7960
4515
4684
15610
-1
16636
21010
16833
63596
7168
24259
7442
19106
33671
19286
18072
14998
8588
17262
24976
17884
4930
12830
3636
29034
7856
21610
12937
0
20804
458
50063
21139
14009
25624
3114
8374
60098
1306
4164
11394
11060
41484
13350
9906
8756
17224
15984
12064
1631
12033
21013
19095
460
17690
2348
29383
41372
8722
6560
15934
4456
2487
0
8456
3986
5242
0
13112
24986
12549
8970
31980
16474
0
15694
20960
21104
821
-1
5896
22942
22104
8720
16866
82128
18180
27348
0
15388
7632
16173
3558
14530
2
6810
15640
12716
10776
22091
55947
20439
37419
16124
29292
7134
3196
4684
4172
17086
12798
18605
19916
13606
34898
24530
32724
13910
15391
16582
14183
15913
15682
37674
2722
19832
25733
39590
13610
17930
12405
8318
3593
24422
14724
3842
6905
23938
15744
14386
0
2468
11015
3346
2467
53059
21576
13947
6361
15724
12114
11545
24682
16894
18060
4781
736
3818
3465
2652
17372
7094
35720
15717
16532
5382
18782
17992
161
14146
24766
12485
12934
15067
2388
15760
22790
32774
39
16755
11742
12474
11562
53037
13998
20582
12772
46115
1766
21834
17436
17360
6780
29010
15755
33970
20250
2302
9946
18782
15091
20277
14268
0
16114
13015
6224
16353
27395
16984
24292
22034
29040
7445
7834
6549
0
3052
42852
11618
0
8628
2354
1927
17195
12354
18326
18
5956
16748
17229
7763
78660
42992
32655
6754
10592
19284
22362
13520
9151
14167
35540
14105
1361
24408
65507
10898
3021
11952
10620
2606
35800
19162
2862
1907
12414
5062
29798
2798
16013
15530
13962
10196
11010
10506
-1
17974
20048
33040
12920
17898
10242
3582
5963
30922
13152
27738
12398
4490
7938
13483
14966
19087
42122
20357
17684
20248
8194
4266
17012
7850
27236
1980
17030
20770
6830
2450
19494
34098
13517
27512
13268
16162
5163
14092
14587
11496
11995
34960
2456
3889
9544
14211
11551
8556
13888
15452
4101
9480
6040
13894
8150
0
16589
1266
15296
467
5787
-1
14200
18318
23552
13704
12790
63598
3133
11247
54816
7958
0
11556
65320
16196
6454
32131
7900
-1
21726
8388
34636
21613
5440
32581
34476
2293
17502
2879
5756
10230
11824
27241
25168
-1
12312
0
3823
13036
19122
56049
76808
27210
7730
17727
8358
3422
-1
39926
3718
27165
16260
62234
23469
20365
9132
23252
28450
3783
19406
37131
15829
9230
16240
-1
5818
5080
11884
26666
11540
4974
10542
36062
16436
8794
7982
20546
15880
15334
3938
631
0
13740
7574
20505
24802
19377
33468
8310
4911
17504
35346
83176
6787
3778
3977
18200
21822
426
20184
12113
24916
17232
20644
13256
17275
14010
16844
16322
11164
34784
26343
10538
2505
16458
7350
7136
0
0
17594
32817
56272
19900
18725
11688
12434
54142
10094
-1
4444
12426
15951
15595
14950
1732
18442
9644
12060
10837
0
22934
17444
17260
14804
14758
30386
17487
6314
16258
13604
63342
30402
15112
4538
32036
5505
18799
33382
24579
1170
31172
12108
11540
13516
21981
9640
57916
25213
11422
17010
25112
2373
8612
27716
2761
3154
16900
50780
-1
5640
4478
0
32710
19782
12949
12449
15555
21822
343
11080
25344
16564
18645
14507
4426
10303
33586
1136
4943
20142
38938
13628
124
91610
20036
7900
8338
24432
4244
0
35716
14952
12560
9478
4698
7419
25334
11238
31382
19646
8562
16533
13518
18294
12898
16767
89448
12860
601
13290
22251
22252
14037
22256
11844
15770
756
62
5838
8370
3083
27542
13906
19492
27550
23420
20600
18050
5040
55209
16008
5402
45948
0
662
8344
7772
24288
11100
6054
4374
27672
13848
17018
39831
14559
12512
11356
17008
19532
17072
-1
24380
15881
9355
4562
17204
23278
28298
41122
11275
918
9740
9984
12596
87690
16921
7242
38889
7228
16976
4144
23482
7874
12170
18746
14510
0
14064
19352
21266
-1
0
19628
18978
3073
10059
19150
18448
11952
11254
35644
10779
20452
-1
11820
52878
5694
24457
12958
34982
2
16315
29269
15086
638
50106
9980
17426
8466
26710
41328
49725
19748
16694
0
3692
12488
22128
13299
16982
12491
30836
14755
12058
9390
25112
10256
26949
3264
18630
17029
11610
15300
5359
13544
14541
25572
18430
7857
8238
805
6437
11864
7111
15947
188
32927
4756
16616
-1
13615
7
21649
15056
29107
0
45549
27935
17191
13163
12762
9358
21766
2719
79330
3556
20859
16769
14276
10110
5774
23574
26461
4877
6516
2784
2132
10492
11568
8194
16959
0
18988
3339
13851
2578
13090
15780
27490
30714
12364
5561
0
9398
17358
17944
17726
21276
12612
16471
32124
21792
19750
10088
18883
5352
1691
8069
10700
-1
6272
32339
9144
3804
1524
26193
11485
20990
24936
6226
7948
17959
2664
6518
38280
10005
43623
10068
8530
0
24241
13591
134
44306
22371
27491
13532
9400
3992
16934
22790
23336
0
8550
8034
17297
26726
18230
18106
1473
5426
8594
3860
7299
13387
-1
21636
2860
20466
7088
24411
4115
15259
15170
7790
27915
12519
-1
10624
24382
14511
22656
5388
17938
20882
4610
14791
3124
15704
5866
24554
16618
18063
12966
13532
4106
11990
936
33350
662
18150
32353
38670
6400
9448
18559
56806
20940
45740
13260
14729
24392
12106
40300
3802
12120
15738
31360
15097
13100
750
16062
15650
20067
8
12916
17418
16632
12932
32838
26251
14570
16002
14153
13385
4456
2865
12688
10770
12660
36824
25658
17504
10858
1713
31152
19480
8176
14039
17380
8798
4316
32332
9476
12876
13372
16748
1306
8314
15734
-1
40174
13668
4070
3162
11357
19950
17098
29241
4496
37986
44
5216
85550
7418
41602
2278
13951
1680
-1
3428
29002
14099
14084
15836
10590
51994
13234
3338
9057
24027
16468
15441
7704
22124
15972
31850
33091
13030
1689
18616
15538
20732
18555
566
15514
10617
10928
40334
50406
53306
3164
5247
17214
14519
27958
9488
3816
4840
8422
18986
5950
21656
34212
6508
-1
10336
0
9518
0
13990
-1
11916
12702
0
59668
5310
12116
39858
0
-1
17715
13234
5238
13124
18277
12208
2786
86494
15492
-1
11166
12774
8286
5044
30494
36935
53886
3394
13060
13976
7804
1454
27886
7794
6672
28273
20014
18777
17204
16425
0
4437
5606
12414
8028
14191
1026
18124
11331
18252
5620
22870
3577
2286
13606
16070
10665
21447
4926
46258
16624
14278
0
9534
13150
79912
2807
15770
0
6122
20647
3100
-1
22874
21574
0
22415
16738
58998
8662
21876
194
0
10731
7560
16777
8568
21057
17030
10642
2690
11317
10647
2751
17458
1456
36858
6389
24998
1598
14935
17468
45482
0
60067
2258
19602
16846
5192
16788
13143
14608
9972
30480
2782
3247
4818
8968
16351
35990
19916
17334
762
17662
-1
29691
577
6344
33805
36742
21232
17437
18275
16570
4967
25298
0
591
15432
23012
14755
25631
16234
15751
20043
29426
4034
17454
28493
19328
6317
-1
22756
19688
9121
23515
2580
26397
2486
10145
14996
16116
11257
21144
6312
26601
6850
19923
3140
39874
81166
7319
9287
16970
7294
4875
37625
5320
9942
367
14664
25700
26128
39392
46337
378
13046
9773
28762
2764
8598
24834
5646
12432
4105
55100
21852
14738
32134
5518
1596
6644
2103
13572
19723
11168
18516
-1
32717
12860
15470
19646
8197
17503
8003
21478
23332
37530
24100
38006
17300
16945
22160
13947
11059
34712
34491
7124
14826
10450
12782
-1
10408
4756
51876
10311
17211
16204
1872
13916
4150
21244
18055
9548
12586
16024
11486
11302
13204
1913
-1
23679
1840
4428
2976
2312
6788
43465
40760
7122
9600
-1
5216
8890
4910
34547
18041
12589
8316
21845
16340
7440
15980
8454
7036
16931
9668
29440
6778
19976
5940
8695
0
0
9850
7085
14050
7090
21554
33277
6654
6916
17152
10638
17683
6115
6966
13584
11365
22458
17666
16112
31323
24782
15177
11845
9520
6078
18230
5638
17764
2979
17660
35492
13310
14034
14882
19460
32062
9614
43688
11916
10034
13394
6411
37731
12821
18166
19966
9790
68804
1474
8624
13526
4402
15624
15738
10998
17798
4
-1
4830
-1
11516
17386
17933
16896
22900
5519
17837
14529
5794
5177
18730
3042
4240
4216
15789
9888
17045
7824
30602
29934
9982
14514
16994
16658
16158
14180
5312
9520
12020
18766
-1
0
13486
8855
16202
26492
82716
5308
41616
11318
5012
48548
466
10905
32902
-1
3629
14472
25538
15974
19842
6974
15975
51725
16754
710
14199
8035
19334
28473
33440
13382
4834
26881
21972
445
13722
14248
2484
23502
16937
21112
3158
6892
25216
8328
36234
39748
8902
0
12060
0
21661
11006
512
18668
1868
18566
16908
45164
10334
33208
18503
58865
16110
16500
16637
23184
19448
3754
11967
19690
8928
3229
32706
18646
7918
16862
7259
44870
12910
2
19865
0
15936
10280
25212
14314
7778
18506
20952
6942
6641
3346
9300
16584
7048
8268
20488
0
6844
17090
22486
15088
12710
24017
2012
4236
14531
2109
29170
402
16236
15304
10471
8908
11100
24072
20584
20085
0
92622
7392
7399
25086
10717
5654
7324
19634
11862
11334
22972
5463
13476
16568
19231
13442
4
15008
11132
13852
32009
55992
8208
4164
30582
11552
2776
26636
3644
2568
14444
5230
24050
1343
813
16216
8731
31738
20468
35616
27553
17252
16730
10635
2827
14109
12620
53268
3302
25052
-1
17424
14085
16188
13559
6308
12239
16320
1
27670
5402
4924
14932
7797
5749
0
20038
32209
8040
9422
2608
11116
15892
13816
14032
3420
16821
3102
2581
30694
1425
3776
9172
0
16120
5510
15424
10570
7916
15968
12381
12406
14702
2975
19221
17074
900
17786
4540
12209
5076
9158
3
34040
15732
42742
14810
7578
12296
9996
16072
17513
5472
19468
87224
16672
6753
15988
872
0
1498
63972
11196
73456
10514
6810
15884
15920
7260
40262
32166
14134
25386
41118
25218
18650
64990
9486
23392
25060
-1
75874
13119
3193
18601
23416
27666
6475
12352
32473
11143
9337
11110
23510
19045
2205
4922
35930
13066
7870
41362
2972
444
-1
6077
17603
10738
24530
863
40424
1618
0
8044
0
12692
22169
24497
18005
3884
5425
17843
19010
17604
213
5255
4187
87150
27558
19110
14123
16996
8390
4
20899
13837
1490
11144
16724
30530
16822
18230
13168
20957
12066
16061
12447
17522
18490
552
16312
5840
7760
-1
7794
36090
7426
17283
31852
118
39194
5386
0
2891
528
3438
14282
508
52944
164
14426
24198
11802
9372
13266
46012
15701
0
9320
6933
3196
16184
1450
6248
11385
5522
19156
3486
6
15350
2
7418
13094
7726
6732
-1
20433
24466
10070
18784
25464
5490
8257
1384
75060
14612
4223
17786
24870
52068
18188
14954
23222
18252
17588
15797
47104
7598
62445
19362
38822
-1
6302
13850
88906
4378
11822
52468
4236
13756
1450
15906
27557
287
7738
29836
11950
8214
970
7124
20058
9403
19893
21803
22700
-1
17110
13667
0
14984
452
13740
20196
15010
15764
25130
7008
19975
20884
18611
20868
10228
18270
22106
25964
7946
24112
20158
3624
7384
14393
17995
24056
7904
19443
13756
18416
3785
3094
15897
9931
2602
2722
17860
19793
22512
62401
20098
29238
17380
15834
3490
4743
19188
5088
58389
19935
22126
14372
25074
8544
2114
9648
1946
19785
14940
17106
15937
14394
12452
14822
41323
0
11946
15400
14571
15822
5340
24638
13116
3436
3306
6482
13199
1596
18
15026
12477
14411
-1
11798
9524
3056
76752
16418
11708
13430
6796
6308
13992
29818
18178
10388
17206
18260
39766
1030
25080
2828
21876
0
2004
12050
14470
12258
32314
10908
3994
15082
2070
-1
10417
1548
949
14205
15600
7294
34738
9712
23456
10184
1634
12325
31245
55242
14478
4728
3876
13562
3910
50222
16508
6196
4996
0
14072
20159
13072
16656
4248
52118
27586
11314
18146
20784
29145
15552
9554
-1
1256
18009
11897
27409
57646
7769
968
16432
10228
11268
368
13810
30770
1872
19169
9378
10100
2694
19000
4092
27522
5692
24444
4
3263
5460
12679
14652
17738
555
22974
22455
14735
6524
32647
-1
16390
2908
16129
27326
56760
12027
24936
5246
2308
13580
12290
12474
9597
6994
17914
13614
4007
8610
3674
7568
15984
11209
4102
11077
8608
3885
16008
17390
26550
19530
23969
31536
18677
22012
44151
17227
2011
19618
1328
39788
20666
10048
7022
13380
7046
17030
25481
25485
5630
5636
7490
3784
41034
20512
18568
24666
4356
12190
532
12088
6794
37692
20260
3725
44308
12668
1874
8488
26970
9228
-1
10848
19988
-1
0
13338
4952
10056
15362
13948
11502
4444
5299
15376
27653
11550
14404
631
23138
13610
44166
29382
-1
11706
41613
4912
22147
9996
-1
31340
8640
6
15922
34439
15350
1526
2382
12027
20718
54584
16466
16208
17616
1455
3302
21918
14247
15210
59455
8062
5622
0
2844
18351
19982
30722
15198
35075
4062
19118
9046
4778
5136
6242
2
2759
9032
24184
8042
1680
3392
14065
7670
13678
9436
1147
35705
1958
505
13329
8038
9838
0
0
12137
28238
7894
11513
-1
29789
14318
14984
12188
14563
11089
13363
26692
544
3
24302
12
6630
13540
17918
4032
11428
2913
30858
18081
14944
13848
0
7002
8422
60215
18697
8047
2627
7464
8010
5404
3238
16314
28454
768
8813
26292
6032
5559
7984
5626
15696
10906
29782
64462
15734
17048
12136
0
17344
30292
26134
18877
36286
11404
20232
14764
11937
17774
6952
17176
16626
6446
32046
2144
9593
13532
15210
11170
12747
33498
0
14481
11350
18310
28610
1752
3240
11533
32573
27344
40998
-1
19410
16672
22002
20920
4041
12380
8935
25648
530
3186
5498
11400
2121
22101
4560
4849
18174
2590
25570
-1
15878
23496
4994
29620
4578
16837
-1
16308
1819
1812
17948
36848
2467
19564
15216
14407
15442
10911
-1
28106
-1
13494
14869
13156
23383
78296
18814
28753
11214
38144
11192
12899
16259
64016
14443
19056
15712
7479
8225
5986
16554
48250
13126
5249
34287
5914
1636
86558
3250
21183
10716
18442
30631
12416
17628
-1
0
37446
16133
17191
24096
14784
15642
21806
0
16294
20052
63859
9766
6914
2903
469
6966
-1
29956
22806
12092
6150
15432
33708
19814
5637
17682
46264
21091
18358
41220
18262
21786
0
21352
10386
11195
29574
4644
13234
4648
6731
108
16514
18390
15007
246
25577
6306
-1
15600
7252
14428
0
12881
12310
25566
27312
0
-1
16802
13304
7624
7643
308
7894
10053
0
15990
11786
3280
-1
6580
14613
6468
4929
15106
18222
0
12926
5908
10865
10612
6156
-1
15333
11157
40886
12752
15249
16624
17994
2877
2912
5674
13121
1152
13095
18664
23742
453
20432
12948
5258
80948
-1
12410
20976
15050
21078
38618
0
0
4381
21221
4242
11618
17410
31
19028
4606
2475
13698
6508
-1
17081
13841
16764
-1
8536
8359
11952
22132
15382
11422
16586
10694
16805
8758
2088
18782
8142
3410
12608
30093
4911
14285
4116
13855
2323
27672
33998
16584
13824
11554
24400
15295
16904
42183
7016
14304
7284
916
2236
86344
8651
26958
15266
14958
2356
-1
25972
11804
12590
26452
33310
43234
8756
25745
30968
37904
7247
21340
3134
1334
13072
12999
11833
35052
17844
20875
1821
16840
76956
16898
20200
21400
34374
9386
21262
1510
13800
30562
21974
15984
28737
15110
4934
18358
29196
16285
74644
29494
10296
5872
32196
19762
6922
22340
8024
24930
22117
3202
25607
32517
2796
11406
20775
3789
16442
45910
7534
0
3350
1884
13772
18592
8172
58634
-1
16556
11394
16697
6890
14718
10480
15098
17794
7131
17284
63976
12013
2
15566
15510
8621
15977
11043
25472
11836
1056
16576
9138
8552
15976
8374
5834
9256
12188
0
13276
21524
59554
1586
12968
20108
11977
4935
16998
10202
1262
19708
10580
25526
10150
20706
-1
15640
6644
1786
19018
22065
11474
24228
11732
0
25547
1794
2759
4046
12360
23700
15300
15467
16089
386
91948
154
20846
4028
16597
11584
20627
7
12156
4439
13790
14910
22649
15188
82016
7714
16295
23986
16161
21431
13926
18815
29310
3266
9518
13660
11120
10057
4598
7270
4250
20720
37978
23467
14366
9532
11797
6042
-1
1720
38912
0
41814
21838
7846
61200
12660
4502
10155
1874
13550
54029
13902
32491
-1
16003
-1
34380
17992
9734
48421
26568
21228
12630
19426
3950
16312
57820
6
16430
8462
17616
11500
9578
18482
5896
20558
14164
23292
19116
11148
30344
6193
22846
19616
4930
1910
12012
13222
11267
7871
3170
5906
11932
9781
12493
15375
13192
5934
23090
69508
5172
14486
10138
2778
24630
1306
810
16094
25170
15220
8625
1396
2533
9002
13790
11068
10398
25454
20392
8114
13782
15990
12434
1278
9170
11283
7040
19744
-1
4328
28522
13244
14780
5376
28902
23634
16189
7832
33528
48492
9848
17510
7256
-1
15554
16040
9680
24589
15769
15912
19882
23426
15994
2152
5684
25522
12487
0
31137
10572
18254
9227
13457
58492
9672
20457
7152
8230
19739
34
21433
15933
13441
4883
4725
23899
18073
2364
18826
10161
9768
22294
14301
24974
25374
12297
13694
15154
8865
20513
10279
34366
2776
21444
17302
6341
5106
13592
11876
16830
15297
0
6583
10336
4
21794
8193
672
14058
25956
2796
30228
25130
7323
0
-1
14606
14869
19902
18051
9824
15364
44353
12934
13500
4255
16725
0
17206
4065
12227
6230
5917
5102
-1
24211
16944
12830
3712
3774
34026
6310
15988
5558
15354
24722
86078
36198
7876
14672
0
19464
-1
16472
13717
33251
47762
15540
17946
27044
11962
15813
15242
30749
344
11813
20454
4325
21102
0
24856
14228
0
18580
9762
11778
23385
15102
-1
19476
1528
5083
12580
20963
15832
5965
2883
3498
12580
18608
23210
22060
26598
9663
11196
4812
5815
10817
12884
17942
13118
17068
10190
1222
12269
10198
13269
1818
6568
10057
21642
17734
1706
2356
10242
4822
11342
19240
22674
12729
31396
17762
18498
4766
18078
1738
13526
5100
16888
7320
6070
16575
18633
0
8000
6584
25898
28286
42694
25915
17731
52152
6672
11578
-1
18294
17706
29826
11712
11607
6332
334
13787
7090
6278
13182
31868
17634
6511
5428
19827
41218
18230
-1
21793
-1
5886
9686
7290
15930
15598
16030
3418
22100
5462
2992
22816
13223
3174
27278
15972
10030
19731
8530
31070
44776
18747
12603
25192
12542
27542
13578
27242
13296
8731
23552
9618
13230
10188
25356
7932
14844
2194
12404
16280
22271
-1
6527
3497
8771
9780
28404
-1
17234
6610
10178
42457
-1
4069
15590
14208
4008
3316
2556
4811
15788
8646
9720
16906
48940
2711
21414
19155
11332
15622
22747
19441
22522
9126
31177
2
13496
26448
17574
15506
19966
25836
3913
5702
12009
12314
11050
16362
0
41204
3898
15361
21882
13808
17796
14222
0
18224
46354
12556
1350
4670
27609
20296
6610
12077
18
4596
14888
16040
8624
0
1950
14491
12850
16308
2030
13318
22152
3986
16580
1224
32431
15458
6725
4460
14876
17874
18773
5339
8692
11749
12711
9218
18990
12143
-1
21237
17590
87050
61394
2296
27320
6656
0
24398
38614
17225
17262
14296
80142
14874
1606
34604
9347
12520
12944
2787
22802
65684
15788
462
2174
54363
30649
16104
22165
9984
19868
7344
42182
1070
22637
7392
9188
23378
1158
8640
3265
10991
12498
13632
7
956
23334
22322
14582
2835
17090
5000
16074
4280
56348
13692
9486
16060
13258
17627
2168
592
29118
19550
8836
4681
15512
21160
508
30606
23950
7909
21007
18412
3326
9627
11328
16031
3540
15882
13858
23958
9158
5221
15534
80512
0
0
37443
13572
41184
13104
13118
11700
17468
12824
785
13918
10204
12010
42308
74518
8840
13722
12758
15688
14412
2086
62909
25111
16454
25530
12612
24927
31004
23386
7983
79122
36191
15231
4230
7528
19918
6890
50062
3186
-1
-1
32260
6960
8614
29287
10876
22114
20933
28096
2797
18478
33366
22786
2594
20310
31614
79608
8416
-1
19088
4968
25330
22208
19106
83752
19004
14324
248
12012
13532
184
14657
5596
1956
28508
15782
9128
16283
11076
17178
13935
1592
46874
9096
18877
66468
4624
15384
4482
10865
3753
82444
14921
9106
5512
13498
22384
37043
38392
16969
17816
8201
15430
14979
13612
-1
18301
14817
16826
29032
2
30486
43298
34236
4621
12568
17063
35697
6054
34766
53326
0
22890
21826
13356
4908
87124
618
6330
19666
30427
12035
19696
8124
4730
22402
240
-1
11121
4325
6115
4394
13143
29570
6
16192
-1
14019
39186
22252
25157
3504
18281
3487
18250
9490
12858
11842
18396
3625
21211
0
21558
15896
13450
13664
13606
18140
13288
6328
319
8123
61788
24709
29718
18565
7114
3631
2578
27928
6612
1318
20430
15975
7792
9430
13850
22260
5476
20322
90158
25662
46856
15050
17184
18464
24604
18230
18020
21949
27504
11490
22039
6922
12564
21050
12436
15172
13183
1856
1766
15390
15740
2524
17211
30326
3132
2460
22740
10073
29527
7656
19408
26320
452
80
20367
10662
15220
18358
8354
11379
1976
22479
13238
17184
22148
1928
10126
-1
21722
22350
14462
6152
27456
25810
43599
14358
8417
7650
9408
14502
19554
20232
1286
-1
28504
22010
10588
6392
10032
10956
2962
14890
13250
18486
-1
8911
16612
7808
15023
4218
4512
43140
14924
19651
31549
2552
7200
16520
4674
14730
12673
42785
19086
14272
19664
29836
476
4902
23109
-1
0
21290
6200
22780
9656
2398
22872
8671
4109
24892
14071
1722
23354
21482
22387
34833
50560
12155
17588
10224
22479
3058
14176
9370
12688
4212
1624
16150
13767
27088
24140
22590
16899
17947
31224
38228
26868
20516
6006
33729
16522
20224
14546
20331
16275
22474
16570
32408
26712
-1
10974
19788
1924
9259
11406
19451
6262
13653
0
10427
-1
28862
16314
8862
4842
23884
14899
5470
2231
7296
19212
13473
19417
12578
21267
17187
8914
20719
5226
5443
19390
25976
5243
4229
15916
8462
5162
10983
33288
16097
50482
13487
15834
54998
17356
10933
6093
4952
17449
37582
4067
11383
15716
7581
17150
6102
8111
14615
28759
2477
4092
0
16325
9422
18922
13528
10246
16576
-1
1393
22962
24773
15088
11951
5816
18878
9767
3854
6902
23218
7300
0
40466
20560
16310
946
10892
2432
6583
6661
27836
16084
17380
54986
7142
15540
13175
18050
46284
15744
13596
1662
7301
8596
2955
37208
19008
13920
3146
15284
23994
0
30368
18418
6313
29589
17343
14784
21356
8972
912
6168
11612
9715
52915
8814
2
0
15515
4898
0
698
41938
15988
9178
13438
11564
24755
3034
29482
25668
1164
14604
12671
84286
549
12192
15100
2196
32294
18494
23846
63758
4427
13142
23286
13634
14671
21907
12096
1320
-1
32824
33356
13493
32066
16850
11740
22405
87522
10040
3770
19058
3795
12994
8638
66
13660
7138
15464
3921
0
13298
31245
8942
6284
37692
17677
13561
14850
25399
10711
23458
19281
24113
36182
5604
13565
-1
18058
2020
2979
16250
11178
17481
17923
4826
7057
15928
16734
30170
18127
56132
17372
10273
19154
14579
6971
8858
-1
18217
13854
0
16030
20386
-1
14358
3827
5782
5614
11150
7886
31724
19372
2126
22046
20976
16156
396
1719
11606
52021
11751
14016
0
6618
10040
38848
22516
16212
17524
20491
4618
364
23657
582
17124
12150
23284
49946
22893
23909
25274
23750
30420
52488
4656
14571
38433
12666
29590
14975
19830
30056
4844
-1
12703
814
8874
9708
20690
11844
33520
9880
4976
20222
10425
11071
16857
16494
16278
5814
30032
29840
4575
9264
16594
0
24192
-1
18140
18711
14920
4512
39863
0
9739
-1
14026
20776
19302
88450
9572
15730
13262
3118
-1
19600
19667
19160
8468
39716
11918
19816
16615
22500
7033
8890
8868
9908
12487
0
14604
51352
12878
47288
1112
12416
48
6
10482
18018
23104
14945
45466
14002
10996
22787
13628
18089
11672
9
39929
36923
11454
1437
4510
8200
15798
2164
23844
33282
14804
12368
16883
11686
20024
11894
73450
16924
2124
16848
12033
15954
15890
7945
10708
17773
13994
10102
16629
1928
10692
2184
12694
14410
17829
18804
14130
0
26872
5694
56939
0
2708
37134
5230
16249
14060
4036
13392
21188
905
10686
6248
10640
8860
7786
32128
2257
7251
19730
31120
22246
45938
10299
17700
11696
13054
4769
12577
17476
3992
11788
21151
16524
9548
10304
3952
6952
-1
17154
14316
19699
45575
26400
24883
1184
24045
37315
4118
8986
8664
15986
16380
11198
2345
9764
5881
26030
19384
21790
62667
17838
13790
50606
11664
10374
12413
14564
25108
28735
24228
18521
11858
15909
11200
1900
8204
15533
61466
9786
86574
16408
9218
21344
9274
11493
16260
53850
19578
14921
12847
1828
13854
14690
5278
43009
5443
8882
164
4064
12834
-1
3526
15440
20264
17828
12140
20362
5569
2234
10874
3109
13966
13687
13046
20640
13812
18900
16291
17116
67466
40352
0
8542
2230
0
4466
16817
19452
8414
6239
8098
24457
16376
6922
14956
10626
12977
34408
3369
31418
7136
9026
6266
9893
8122
53920
18688
16812
3774
28482
10291
13126
46872
1802
14062
6373
65269
3477
27802
20857
1434
10021
18950
7872
20812
6112
11650
8540
0
13354
4052
30140
14983
14324
17434
17442
39966
876
8948
11388
11370
1552
3996
21846
21762
27505
15474
10842
19044
47053
6900
14971
0
14793
31472
6512
14020
4209
13550
6543
4680
17646
11643
3197
18613
11846
23480
3716
2500
-1
12998
4874
7258
24688
16052
21782
19192
14174
14698
27617
16524
17530
8386
23504
9448
-1
17364
9687
10020
6129
-1
2456
16118
15452
28493
13704
24268
7528
1528
1943
12466
15972
12316
14979
2794
24938
15938
14056
2251
5002
5287
15146
18844
9016
6064
45026
7102
18173
17607
16378
5069
0
17077
17347
31678
15890
48444
-1
0
28202
-1
64678
2
21946
16410
-1
23890
3020
16638
11434
40976
3220
11168
16952
11978
24570
4374
10324
17641
16105
11854
400
4985
38456
4996
11417
13232
22954
68920
42324
10128
4156
14878
14936
9840
22149
62366
10769
17333
4626
0
11180
14810
6646
23630
14
5036
13954
21054
56828
10648
37458
20960
29708
17836
6657
35667
27510
6924
2500
82024
17458
25484
85286
12692
13957
7147
3392
15296
7742
4866
59892
8469
14260
43213
22797
6566
23364
8988
21076
605
14834
20826
1890
0
15665
6998
0
43830
15346
26042
14779
11854
15412
13094
35770
10686
18255
15817
8098
13127
10204
18250
52636
7477
25446
8217
3503
36922
122
15736
27487
15069
16706
35216
8618
11438
27898
16060
2315
0
17228
15199
31300
2075
433
8868
17736
23584
14086
6876
4248
7848
25410
19314
16427
14145
15115
40552
3051
5150
8432
30886
17368
1766
9734
2
29109
22102
17266
3944
14694
11958
20468
11170
23829
25706
18882
17720
11597
16954
17104
40538
7214
4102
12536
41665
28022
466
15548
10862
16514
3079
5704
15501
3590
21018
46117
18892
17482
1130
20426
12182
24120
62616
7742
15848
19810
7122
21912
12008
20348
6798
10192
29442
11536
17117
17684
-1
19262
264
42765
8462
0
15485
23326
11464
13277
20600
8444
6164
13809
11614
5504
32132
13010
8290
5096
6060
12916
11194
15352
21826
19330
8312
11114
4421
6151
11576
29088
16184
8282
31158
8713
45767
19644
-1
11583
18299
13486
12430
24277
12775
12972
18060
0
3362
1685
8731
8709
15728
28540
21259
13665
22746
14992
23528
26542
22580
24979
7038
10526
14924
18172
23138
15628
0
12368
20146
23522
12043
12090
76306
47920
21350
16476
74510
15216
310
1386
12256
12236
15236
3
13402
11772
28208
29964
11962
-1
8164
11635
13092
11616
47873
15578
27638
-1
6946
45598
17169
9868
1690
3267
7212
16306
17480
4506
10724
7412
14988
30362
14666
17024
12310
71716
13770
906
8920
12012
9434
2832
18840
48567
8577
15770
29307
7698
-1
16902
6700
0
15882
-1
9098
32852
17046
17320
23205
4446
-1
7352
59262
28886
17200
6728
16462
5708
9564
18582
2714
12522
11568
10771
23166
13452
5106
22229
9860
-1
11240
79232
18669
3432
7471
2
4238
8787
11308
20465
4167
4900
10830
-1
18184
16672
3264
27732
21396
2070
4186
17266
17646
3789
18156
2732
21641
12008
21461
4502
16614
12671
23060
10216
9554
14589
21184
19466
2340
0
16569
15010
2
44825
2929
32968
4488
10360
5893
41016
20448
7803
16143
3699
13287
8290
4450
3014
28382
-1
576
7262
26425
22531
16876
89700
22952
43206
5804
6955
36449
4012
6293
12542
3580
21842
33560
1641
8684
7574
16592
12814
22098
17598
19414
19628
55210
23462
35576
10520
10210
23724
50820
37581
20068
6762
10530
36720
6430
9211
15028
18236
16590
15198
3644
19102
4654
19430
19278
-1
33262
15248
17542
24331
40685
16190
18800
34970
8448
41969
11756
40496
4000
21436
8954
3006
4018
21744
14205
13664
28335
14117
16072
18572
686
15581
11820
12086
5462
16346
19013
17927
18099
20002
23499
21820
5052
0
8903
7545
13498
17901
15618
1338
19942
36674
25206
17854
18087
3247
22804
29192
4893
40050
22431
2994
30337
7921
15302
16110
19904
18132
12704
37825
10681
35685
15122
15640
54997
7304
22200
1549
3562
8659
8864
1658
1262
14494
36330
12154
81892
8756
17275
14246
33266
17304
27544
15962
4211
29286
48562
5968
8804
17590
14110
12864
1050
21310
11148
3478
3208
19887
10116
12662
13431
10326
5817
15872
5903
11998
31317
12330
18591
13092
0
2579
2490
7530
3158
9943
11354
19766
10744
24142
6566
24857
5988
71504
3098
8728
-1
13136
8134
3542
10903
14338
8838
8303
4616
1405
16030
12652
2304
12181
14487
8084
8778
18350
20898
11559
0
2516
28432
7668
23644
10134
6458
0
1291
8742
13239
5422
11620
7355
1884
81068
87876
13094
19850
11230
23418
16362
20654
7042
14906
25611
6076
2796
14858
9238
19913
19986
27524
12223
58970
15904
37694
0
18938
27240
33422
10286
3444
2
29991
1982
18851
19863
22882
16989
11188
19362
13648
30576
13404
2
4980
16678
26245
25498
4912
4612
16282
4
13808
17878
20284
2544
25572
12582
34388
18840
3945
16916
18769
7490
21259
4687
11982
254
19310
0
11810
1217
4453
18112
16713
12932
8210
39144
7367
41929
86562
4325
10104
4728
18124
23602
2087
22432
4071
18432
28081
42822
9592
15332
14327
12368
75632
14515
2759
8250
18002
4303
3142
10749
-1
33778
19598
10107
6730
10083
53306
0
6323
28
46262
14526
16373
17225
38732
34548
51848
7626
17098
15450
10851
34532
745
5240
1436
1784
22992
12760
4242
12129
12455
18962
25442
3534
17616
15106
15531
23592
18348
8637
4426
1409
12580
22390
23052
10776
9646
27444
821
16874
11398
1230
11200
7268
8164
15042
19192
19646
5236
0
43932
13912
43985
18130
8632
6138
14446
7464
16275
7735
3712
55786
19716
24080
15498
21436
12538
1014
13632
10686
14016
15967
33228
27607
18335
14200
32442
4244
16942
24660
549
5911
27993
5276
55862
31367
19558
0
4444
4728
38528
9207
13462
14466
10054
22973
6850
24650
6162
37003
21998
22838
8463
1711
598
20510
36930
16710
26955
15458
26602
1831
18558
2245
20764
18789
48614
7197
13394
71326
13487
26280
7735
18924
78430
23673
14398
19154
32852
5745
14352
17325
75212
10562
22264
15544
17058
10662
16662
19230
18356
1204
17748
35541
9215
13342
11464
9988
5246
11010
19520
12360
15625
11170
1468
16342
16664
3042
15828
36748
7416
16825
15328
8027
3816
13308
6956
17510
28804
15653
35808
17247
513
30903
4240
15316
14233
3802
27488
5434
35558
10728
0
25731
14888
5969
34928
29208
2694
8155
30438
14899
6290
19035
16164
28088
15355
6711
2340
20156
1856
10509
993
6388
538
0
13950
16178
11456
20884
14682
14504
17901
87958
50436
19136
17558
16214
3232
8810
10642
7293
22844
19260
23258
17367
5487
26064
14818
0
7645
-1
4570
11725
-1
17148
18840
3942
15074
6374
14007
14239
22694
13406
17386
356
35287
2268
15574
19144
13184
26614
25572
775
20231
4
18563
4264
21360
11659
19681
3384
15858
1652
18194
12616
2848
10018
19216
25308
13342
13360
16062
16896
6300
90710
17152
16166
15318
7716
33903
15456
1625
15460
15004
12908
64904
21616
12806
1854
0
10855
25794
4316
13218
9070
15205
28206
486
15866
9302
16458
18330
45758
8840
23378
22429
9742
18527
10192
10513
18084
8105
4074
23336
16990
16854
15804
16942
61670
0
25472
6794
31471
2765
20240
21354
14542
2308
13128
2508
18738
2632
15260
82084
22116
19326
24860
17106
13466
7880
6218
2544
11323
15488
5276
18944
16880
14631
5864
9054
8986
9458
36429
16982
4917
55912
15178
30
11120
16533
34282
43682
20814
0
12744
5621
6755
43051
60608
17097
16100
5894
28686
4030
12148
7276
26714
13988
15868
16820
13158
11880
16328
28560
18016
14240
16130
22596
17432
12268
25872
3210
3289
15720
0
11830
15972
14988
31316
12034
1591
35812
17362
11852
3852
13570
32005
0
7530
9562
6592
20372
10490
20092
36070
16586
5229
0
17708
13660
13080
14757
-1
21941
14056
14878
9068
16510
33612
14648
6014
14112
11968
526
58540
1396
20195
7050
16146
19355
23394
13741
16768
13408
8418
24081
13792
21927
12640
24106
2030
19729
12933
14004
82486
12904
15948
17436
9352
24272
17330
5244
7960
0
14810
17506
25058
1451
-1
11526
-1
10365
11116
16218
73386
0
12244
18388
9968
9090
40336
33126
27210
19918
2482
16632
19644
4275
20893
7452
11523
0
15966
13086
3074
9560
14970
13018
31671
0
13332
11272
12817
18143
3058
14978
28604
14380
5878
12728
11646
52852
-1
17994
42390
4324
10524
18050
14084
4
18824
19976
19393
10
23960
19102
18286
11332
258
16498
63758
27618
-1
14528
12644
19016
23492
4412
27269
14600
10790
15380
20564
190
16538
7875
13472
17004
0
23956
3756
10041
8433
5878
4963
2996
17766
16726
62499
18810
25052
20668
16670
21894
15697
24486
17454
23168
13178
20250
60172
12954
8696
14160
38377
42128
9102
0
15590
3018
-1
18628
22392
10731
18717
18096
4504
2930
30028
14885
18203
4
12717
17132
20850
21250
15282
19016
9535
8378
17372
27364
17016
5900
13828
17610
2436
12128
8442
0
25912
7438
17583
3418
12967
7672
15198
17566
15798
26832
1865
12662
9282
14309
5345
12006
79552
17470
6994
24104
26385
16692
8996
12586
17414
12763
6934
5635
16786
10736
6657
8046
15740
9782
23758
31686
5231
3746
12356
-1
1916
14903
17009
14014
11182
87806
761
15618
12571
7849
4
12890
13663
-1
9360
0
28717
16510
5881
4
1468
12809
4150
10290
29381
13490
11088
1112
9036
6226
22974
23649
11450
18186
14610
286
7974
14822
17176
33437
14830
39759
25704
0
13470
15156
4676
9916
14354
16399
16734
26684
492
16623
12112
12769
3934
12241
558
16336
16330
50639
5717
4075
12416
9935
17526
26163
11188
1724
13017
14689
2593
0
3631
690
27792
18982
2168
17984
9450
10310
13166
10681
0
4246
13445
1780
1082
13213
5864
19449
12162
24388
0
25540
26226
53623
15823
14170
10725
16823
24054
18618
0
14350
6412
2195
6490
22212
3560
18038
20966
23135
-1
26588
3162
14332
17210
40447
23145
-1
20884
846
18473
11887
30120
11870
30230
13282
8460
21094
29886
14674
1890
14726
0
5710
10502
14006
5157
16006
25188
12108
63898
10597
16731
10282
8622
10348
39798
3520
4918
10478
46102
35204
4740
70630
208
24160
14300
26598
30131
9568
488
0
22928
4878
16375
8785
14686
2091
19526
12798
28882
754
0
2959
14524
16726
5314
-1
18484
12716
2368
15140
21615
-1
932
0
6234
16231
10183
22468
15828
22040
2418
2936
41048
5344
29420
17058
30228
76352
32410
4212
19110
4924
13900
13567
15388
16837
4202
1860
0
28432
19104
21614
22702
8748
1646
23614
5312
15904
15604
5150
24818
16279
20633
2399
21050
12016
2188
314
18572
3638
5862
2158
15464
39831
15656
13200
19378
41932
6356
18232
0
19711
18384
6950
9344
16314
16200
4188
6268
6046
71862
16174
38042
7708
25739
4113
17646
12704
16762
7544
3310
5668
14436
14857
15176
21194
19198
31675
19356
20006
4713
11756
5740
27706
12728
6973
12546
14390
8494
23092
4064
4016
8532
3810
19026
10606
30560
11448
11362
11636
12792
26813
46386
12175
14176
18550
2294
-1
1106
10654
15946
9996
9844
23854
2
18694
8936
12721
0
1058
18829
12326
36144
19824
5479
2881
3535
34616
3344
0
5056
4778
-1
0
17906
5338
15424
12932
7176
2020
29268
8191
31469
14352
13028
35708
16206
14214
10136
8850
-1
5082
18026
7280
20224
34866
45718
22319
17552
13582
42748
34598
62868
0
8701
5520
34732
4928
10074
21246
14794
13771
10614
1
17852
36836
12586
26274
17357
10431
14876
2977
9750
19634
7958
4468
51294
13175
5729
9667
13164
11119
10390
6964
28914
17166
14598
-1
5052
1970
6872
3559
1788
4352
9202
0
19904
18227
22928
8500
18526
17564
14742
-1
12516
19602
14365
424
1198
1815
8583
4776
18066
19536
12362
14940
10774
3549
480
2569
1825
9202
13284
13166
4501
18280
18652
20620
17296
10500
47668
28630
4331
17220
3
12901
-1
7308
18603
8126
0
36728
12384
43351
48992
3759
16628
13448
9289
26104
10600
28237
4758
12362
58920
18470
30193
7504
2294
3816
0
17088
16736
25994
203
20922
26473
12010
22016
13082
16480
26564
17706
8116
56446
19780
0
7179
44884
41291
14634
21388
25772
4054
17967
18843
31806
13919
17694
3650
21364
40564
13456
2698
12681
15956
6290
74208
21706
3590
10075
22953
-1
13143
6175
17360
4576
17456
448
15438
30400
0
0
18444
19750
48616
196
15608
10386
15862
1768
15481
12448
0
4582
22982
4038
10420
17699
17140
13049
3890
19932
21506
11298
42370
1259
16161
50099
13684
0
29448
9742
12200
16076
11760
25012
47054
37462
11648
18412
26266
24896
19142
4780
12008
6282
12286
64475
33406
8738
32875
58380
0
18797
16148
37776
3882
890
4737
26591
20014
11900
7581
22626
10655
67200
4447
32094
5057
10488
1180
0
17448
9298
7546
14937
28668
5168
7432
9458
7922
86208
930
27758
1986
8653
15141
3022
19697
1612
10374
16126
647
29938
14446
19091
10028
352
27625
17851
3615
13539
1991
17772
17162
14014
17681
11521
24486
17414
19414
6366
11765
11678
25778
26568
42556
-1
17924
16283
2186
21086
19282
38450
27787
9277
17677
17715
3469
2971
4822
2131
19546
10373
31088
14073
62107
10188
25666
13250
11500
14992
592
13914
44236
34550
15718
17557
14207
34646
17312
14454
9776
7926
7744
13657
11903
9664
25113
6838
0
12072
9896
2
4572
17439
22662
14241
33220
18440
11322
4680
14050
5016
18170
8689
13879
11402
5853
17980
0
12266
55434
18652
4624
10416
21927
5964
10598
8506
31172
41823
9204
4
371
14228
10854
19568
15782
-1
18054
24921
44170
1784
12619
16574
19902
12942
17788
23413
12908
5420
22320
8372
29162
12250
17280
29998
17322
39633
12469
21030
8256
23944
15381
6874
5393
13913
47472
17676
6580
11274
20595
5084
116
12588
13061
21236
3942
5329
-1
18908
28890
4766
15592
568
9671
11802
7274
0
16703
38834
14758
8312
16295
1062
23218
12890
9380
33528
7941
1258
10552
37287
12716
20444
20514
7966
6202
2900
-1
28714
1808
12600
26911
5532
5506
12645
3278
5373
8285
20450
2334
7450
20312
13416
10444
2289
12857
18497
11244
15154
1875
73180
11438
1912
0
14716
6426
27952
21242
13694
16490
3340
22152
24562
3676
53260
33856
