100000 200000
366 1
731 2
206 3
86 4
19 5
934 6
11 7
588 8
333 9
271 10
21 11
900 12
224 13
579 14
810 15
933 16
523 17
205 18
262 19
163 20
221 21
686 22
739 23
207 24
56 25
48 26
395 27
111 28
461 29
992 30
613 31
688 32
343 33
679 34
532 35
921 36
360 37
91 38
667 39
424 40
508 41
848 42
100 43
609 44
220 45
770 46
896 47
989 48
19 49
896 50
90 51
544 52
603 53
942 54
69 55
591 56
109 57
410 58
991 59
57 60
284 61
679 62
972 63
670 64
162 65
845 66
448 67
935 68
480 69
25 70
932 71
616 72
215 73
240 74
870 75
697 76
316 77
187 78
589 79
628 80
8 81
295 82
616 83
461 84
50 85
328 86
768 87
374 88
255 89
417 90
961 91
81 92
276 93
728 94
767 95
840 96
633 97
513 98
362 99
95 100
338 101
800 102
960 103
404 104
474 105
298 106
859 107
154 108
506 109
669 110
920 111
931 112
810 113
411 114
253 115
794 116
359 117
710 118
124 119
969 120
776 121
709 122
333 123
504 124
622 125
734 126
675 127
257 128
936 129
980 130
671 131
156 132
733 133
70 134
201 135
806 136
733 137
336 138
37 139
200 140
925 141
478 142
602 143
163 144
750 145
624 146
420 147
318 148
76 149
690 150
413 151
458 152
303 153
726 154
290 155
573 156
108 157
92 158
313 159
602 160
806 161
610 162
960 163
88 164
766 165
839 166
453 167
512 168
246 169
951 170
518 171
238 172
457 173
69 174
240 175
769 176
339 177
897 178
927 179
579 180
929 181
199 182
934 183
100 184
828 185
341 186
1000 187
424 188
696 189
610 190
186 191
507 192
191 193
293 194
369 195
163 196
733 197
444 198
685 199
606 200
887 201
608 202
255 203
816 204
441 205
823 206
534 207
892 208
728 209
153 210
401 211
745 212
804 213
535 214
174 215
538 216
991 217
613 218
682 219
688 220
65 221
707 222
712 223
841 224
265 225
804 226
147 227
766 228
949 229
735 230
418 231
579 232
762 233
987 234
908 235
234 236
761 237
100 238
154 239
135 240
704 241
813 242
273 243
226 244
228 245
350 246
407 247
20 248
514 249
432 250
682 251
454 252
891 253
118 254
430 255
92 256
408 257
488 258
252 259
328 260
66 261
302 262
83 263
237 264
689 265
574 266
280 267
96 268
996 269
154 270
771 271
206 272
661 273
83 274
196 275
176 276
458 277
15 278
634 279
508 280
942 281
383 282
909 283
94 284
443 285
996 286
840 287
267 288
914 289
137 290
890 291
942 292
703 293
276 294
881 295
108 296
131 297
105 298
369 299
955 300
825 301
636 302
295 303
82 304
270 305
468 306
492 307
314 308
939 309
62 310
77 311
427 312
588 313
739 314
4 315
122 316
450 317
864 318
11 319
82 320
636 321
184 322
116 323
447 324
460 325
189 326
381 327
977 328
624 329
246 330
940 331
959 332
695 333
393 334
159 335
460 336
852 337
424 338
542 339
698 340
148 341
869 342
941 343
896 344
712 345
25 346
57 347
144 348
973 349
884 350
465 351
652 352
749 353
155 354
810 355
939 356
516 357
139 358
201 359
57 360
557 361
477 362
952 363
322 364
357 365
762 366
272 367
627 368
689 369
748 370
238 371
902 372
254 373
276 374
576 375
449 376
439 377
368 378
340 379
584 380
731 381
431 382
903 383
442 384
181 385
504 386
298 387
246 388
518 389
176 390
483 391
917 392
984 393
994 394
462 395
938 396
950 397
273 398
174 399
197 400
210 401
365 402
471 403
447 404
784 405
641 406
339 407
617 408
994 409
247 410
75 411
276 412
593 413
784 414
36 415
300 416
257 417
826 418
102 419
48 420
256 421
600 422
772 423
805 424
188 425
685 426
197 427
556 428
578 429
298 430
728 431
199 432
144 433
412 434
743 435
917 436
166 437
587 438
453 439
383 440
338 441
234 442
272 443
529 444
835 445
725 446
783 447
984 448
149 449
320 450
242 451
25 452
713 453
604 454
737 455
640 456
521 457
901 458
163 459
699 460
318 461
773 462
167 463
497 464
540 465
831 466
365 467
364 468
775 469
702 470
525 471
905 472
652 473
913 474
55 475
353 476
348 477
898 478
807 479
935 480
158 481
777 482
709 483
961 484
240 485
806 486
1000 487
31 488
476 489
530 490
438 491
36 492
35 493
570 494
40 495
59 496
324 497
962 498
921 499
129 500
788 501
784 502
38 503
192 504
823 505
681 506
880 507
780 508
392 509
547 510
983 511
701 512
485 513
577 514
16 515
296 516
644 517
459 518
999 519
47 520
249 521
299 522
204 523
928 524
367 525
156 526
253 527
684 528
911 529
178 530
541 531
205 532
895 533
504 534
332 535
224 536
440 537
266 538
939 539
436 540
721 541
788 542
398 543
884 544
808 545
647 546
722 547
825 548
920 549
546 550
874 551
968 552
603 553
507 554
976 555
26 556
119 557
242 558
356 559
688 560
179 561
618 562
709 563
310 564
909 565
780 566
939 567
56 568
992 569
284 570
725 571
118 572
923 573
980 574
673 575
681 576
637 577
263 578
836 579
100 580
43 581
401 582
909 583
245 584
616 585
631 586
533 587
853 588
446 589
276 590
675 591
310 592
567 593
947 594
617 595
126 596
101 597
61 598
534 599
174 600
430 601
654 602
552 603
298 604
542 605
129 606
984 607
894 608
275 609
638 610
533 611
453 612
100 613
230 614
692 615
934 616
318 617
398 618
72 619
957 620
123 621
756 622
915 623
146 624
554 625
98 626
704 627
783 628
350 629
585 630
885 631
171 632
219 633
565 634
833 635
887 636
914 637
941 638
202 639
276 640
554 641
654 642
254 643
347 644
711 645
105 646
585 647
763 648
70 649
110 650
239 651
793 652
853 653
71 654
218 655
246 656
346 657
675 658
154 659
818 660
666 661
966 662
948 663
253 664
838 665
931 666
850 667
439 668
330 669
127 670
521 671
909 672
148 673
584 674
342 675
227 676
611 677
673 678
435 679
847 680
830 681
40 682
998 683
811 684
450 685
531 686
428 687
621 688
517 689
956 690
234 691
29 692
340 693
160 694
927 695
445 696
185 697
966 698
177 699
25 700
498 701
704 702
230 703
203 704
375 705
134 706
627 707
967 708
956 709
587 710
913 711
75 712
986 713
108 714
437 715
580 716
335 717
10 718
147 719
191 720
386 721
211 722
670 723
924 724
718 725
246 726
544 727
874 728
567 729
66 730
418 731
175 732
442 733
184 734
417 735
833 736
367 737
729 738
232 739
696 740
803 741
270 742
414 743
543 744
257 745
770 746
87 747
937 748
314 749
143 750
459 751
457 752
977 753
311 754
122 755
737 756
256 757
981 758
195 759
904 760
791 761
672 762
525 763
700 764
977 765
353 766
360 767
282 768
561 769
873 770
396 771
370 772
552 773
532 774
542 775
875 776
219 777
144 778
242 779
75 780
732 781
874 782
190 783
662 784
476 785
968 786
981 787
479 788
441 789
790 790
766 791
842 792
967 793
188 794
540 795
145 796
365 797
922 798
323 799
371 800
126 801
300 802
289 803
934 804
600 805
399 806
69 807
907 808
98 809
34 810
670 811
41 812
508 813
437 814
64 815
754 816
240 817
884 818
90 819
880 820
982 821
615 822
576 823
960 824
858 825
674 826
967 827
916 828
487 829
888 830
534 831
64 832
611 833
16 834
837 835
216 836
974 837
592 838
96 839
412 840
972 841
484 842
732 843
419 844
768 845
719 846
288 847
410 848
815 849
636 850
621 851
46 852
554 853
73 854
840 855
702 856
202 857
175 858
858 859
563 860
365 861
771 862
772 863
3 864
235 865
724 866
723 867
912 868
476 869
173 870
867 871
298 872
778 873
426 874
176 875
359 876
411 877
837 878
19 879
42 880
548 881
250 882
422 883
123 884
201 885
647 886
329 887
748 888
440 889
628 890
575 891
132 892
958 893
566 894
590 895
27 896
588 897
98 898
257 899
910 900
819 901
749 902
234 903
872 904
801 905
658 906
52 907
577 908
248 909
79 910
845 911
661 912
581 913
912 914
77 915
659 916
436 917
724 918
154 919
817 920
159 921
993 922
791 923
26 924
665 925
887 926
800 927
715 928
817 929
74 930
154 931
385 932
601 933
593 934
797 935
890 936
537 937
779 938
271 939
697 940
495 941
643 942
150 943
920 944
201 945
318 946
274 947
477 948
764 949
188 950
250 951
501 952
344 953
558 954
71 955
384 956
652 957
508 958
748 959
844 960
865 961
62 962
165 963
968 964
944 965
569 966
126 967
470 968
693 969
120 970
922 971
151 972
516 973
939 974
247 975
851 976
833 977
762 978
845 979
158 980
143 981
537 982
705 983
134 984
486 985
882 986
931 987
276 988
445 989
508 990
206 991
480 992
410 993
695 994
680 995
577 996
529 997
764 998
748 999
128 1000
130 1001
995 1002
259 1003
777 1004
868 1005
379 1006
155 1007
989 1008
474 1009
970 1010
248 1011
777 1012
238 1013
79 1014
500 1015
798 1016
180 1017
16 1018
350 1019
564 1020
268 1021
166 1022
548 1023
842 1024
485 1025
933 1026
566 1027
395 1028
256 1029
904 1030
254 1031
303 1032
253 1033
68 1034
508 1035
379 1036
738 1037
63 1038
814 1039
343 1040
958 1041
873 1042
272 1043
258 1044
638 1045
566 1046
782 1047
361 1048
635 1049
814 1050
96 1051
892 1052
931 1053
232 1054
259 1055
164 1056
246 1057
961 1058
736 1059
253 1060
231 1061
996 1062
792 1063
931 1064
840 1065
101 1066
726 1067
973 1068
237 1069
829 1070
786 1071
606 1072
236 1073
213 1074
66 1075
831 1076
59 1077
787 1078
789 1079
827 1080
14 1081
798 1082
79 1083
57 1084
417 1085
817 1086
811 1087
356 1088
291 1089
404 1090
287 1091
387 1092
53 1093
643 1094
333 1095
774 1096
26 1097
227 1098
319 1099
79 1100
598 1101
663 1102
114 1103
32 1104
225 1105
554 1106
953 1107
38 1108
107 1109
310 1110
687 1111
977 1112
483 1113
55 1114
21 1115
412 1116
466 1117
733 1118
343 1119
847 1120
760 1121
718 1122
18 1123
990 1124
838 1125
748 1126
636 1127
758 1128
261 1129
681 1130
195 1131
990 1132
800 1133
657 1134
295 1135
277 1136
52 1137
355 1138
70 1139
51 1140
546 1141
166 1142
413 1143
551 1144
784 1145
355 1146
30 1147
657 1148
828 1149
813 1150
783 1151
624 1152
946 1153
126 1154
445 1155
803 1156
92 1157
818 1158
31 1159
733 1160
311 1161
147 1162
823 1163
396 1164
206 1165
470 1166
927 1167
148 1168
545 1169
644 1170
255 1171
740 1172
527 1173
555 1174
681 1175
423 1176
175 1177
848 1178
946 1179
379 1180
852 1181
904 1182
884 1183
334 1184
644 1185
110 1186
843 1187
273 1188
647 1189
163 1190
475 1191
785 1192
77 1193
508 1194
182 1195
298 1196
64 1197
282 1198
523 1199
803 1200
583 1201
641 1202
302 1203
42 1204
583 1205
770 1206
855 1207
42 1208
893 1209
670 1210
238 1211
829 1212
245 1213
222 1214
645 1215
620 1216
464 1217
702 1218
117 1219
831 1220
632 1221
388 1222
619 1223
687 1224
237 1225
618 1226
534 1227
80 1228
754 1229
712 1230
458 1231
602 1232
250 1233
397 1234
469 1235
925 1236
883 1237
353 1238
959 1239
10 1240
155 1241
83 1242
643 1243
910 1244
230 1245
511 1246
433 1247
277 1248
775 1249
523 1250
865 1251
931 1252
33 1253
518 1254
322 1255
668 1256
744 1257
105 1258
605 1259
535 1260
441 1261
188 1262
516 1263
265 1264
98 1265
718 1266
353 1267
782 1268
435 1269
18 1270
394 1271
716 1272
49 1273
600 1274
776 1275
432 1276
41 1277
580 1278
202 1279
495 1280
921 1281
898 1282
398 1283
825 1284
49 1285
859 1286
477 1287
504 1288
19 1289
331 1290
687 1291
654 1292
585 1293
263 1294
111 1295
441 1296
113 1297
196 1298
143 1299
295 1300
747 1301
16 1302
713 1303
510 1304
520 1305
653 1306
233 1307
776 1308
487 1309
67 1310
413 1311
149 1312
372 1313
929 1314
602 1315
946 1316
70 1317
746 1318
181 1319
723 1320
763 1321
641 1322
317 1323
842 1324
860 1325
654 1326
832 1327
548 1328
571 1329
638 1330
623 1331
313 1332
183 1333
277 1334
237 1335
641 1336
474 1337
460 1338
723 1339
531 1340
373 1341
262 1342
358 1343
702 1344
272 1345
487 1346
138 1347
539 1348
267 1349
693 1350
103 1351
98 1352
760 1353
241 1354
947 1355
932 1356
266 1357
538 1358
293 1359
323 1360
328 1361
850 1362
196 1363
909 1364
693 1365
495 1366
548 1367
637 1368
85 1369
206 1370
43 1371
784 1372
296 1373
647 1374
127 1375
256 1376
538 1377
314 1378
825 1379
655 1380
743 1381
662 1382
405 1383
144 1384
12 1385
35 1386
270 1387
716 1388
34 1389
863 1390
257 1391
822 1392
488 1393
789 1394
892 1395
164 1396
198 1397
16 1398
867 1399
690 1400
573 1401
331 1402
623 1403
132 1404
388 1405
933 1406
185 1407
642 1408
870 1409
113 1410
294 1411
303 1412
121 1413
259 1414
1000 1415
159 1416
190 1417
425 1418
208 1419
763 1420
807 1421
377 1422
900 1423
151 1424
975 1425
42 1426
847 1427
620 1428
58 1429
456 1430
261 1431
801 1432
495 1433
240 1434
365 1435
700 1436
991 1437
127 1438
732 1439
553 1440
177 1441
905 1442
4 1443
113 1444
850 1445
31 1446
486 1447
339 1448
771 1449
280 1450
646 1451
727 1452
939 1453
190 1454
756 1455
968 1456
16 1457
505 1458
958 1459
428 1460
284 1461
30 1462
812 1463
469 1464
311 1465
862 1466
94 1467
237 1468
607 1469
174 1470
928 1471
655 1472
399 1473
338 1474
581 1475
991 1476
991 1477
315 1478
905 1479
587 1480
369 1481
452 1482
609 1483
904 1484
961 1485
850 1486
136 1487
918 1488
691 1489
536 1490
579 1491
547 1492
338 1493
622 1494
877 1495
95 1496
101 1497
806 1498
241 1499
251 1500
351 1501
16 1502
629 1503
739 1504
660 1505
862 1506
424 1507
255 1508
809 1509
490 1510
544 1511
86 1512
505 1513
496 1514
635 1515
122 1516
854 1517
584 1518
867 1519
527 1520
750 1521
191 1522
178 1523
780 1524
260 1525
497 1526
932 1527
430 1528
210 1529
751 1530
880 1531
193 1532
844 1533
53 1534
454 1535
348 1536
581 1537
980 1538
952 1539
463 1540
169 1541
652 1542
617 1543
686 1544
81 1545
554 1546
388 1547
201 1548
789 1549
393 1550
102 1551
540 1552
692 1553
630 1554
691 1555
788 1556
126 1557
818 1558
965 1559
48 1560
218 1561
909 1562
879 1563
876 1564
648 1565
21 1566
22 1567
243 1568
394 1569
339 1570
494 1571
823 1572
542 1573
581 1574
762 1575
842 1576
746 1577
338 1578
292 1579
515 1580
118 1581
694 1582
258 1583
56 1584
76 1585
276 1586
437 1587
696 1588
730 1589
417 1590
66 1591
402 1592
167 1593
944 1594
994 1595
737 1596
605 1597
892 1598
304 1599
244 1600
610 1601
721 1602
138 1603
644 1604
19 1605
212 1606
250 1607
814 1608
907 1609
804 1610
952 1611
729 1612
179 1613
874 1614
315 1615
461 1616
959 1617
544 1618
583 1619
106 1620
931 1621
358 1622
937 1623
237 1624
675 1625
965 1626
127 1627
260 1628
515 1629
598 1630
298 1631
233 1632
212 1633
445 1634
633 1635
164 1636
562 1637
672 1638
696 1639
711 1640
132 1641
577 1642
504 1643
392 1644
937 1645
181 1646
173 1647
647 1648
842 1649
423 1650
567 1651
522 1652
83 1653
329 1654
718 1655
946 1656
60 1657
524 1658
235 1659
535 1660
470 1661
189 1662
917 1663
306 1664
566 1665
168 1666
296 1667
317 1668
264 1669
128 1670
340 1671
842 1672
332 1673
986 1674
375 1675
275 1676
675 1677
237 1678
714 1679
945 1680
643 1681
877 1682
529 1683
764 1684
360 1685
177 1686
685 1687
281 1688
201 1689
805 1690
97 1691
916 1692
247 1693
529 1694
420 1695
347 1696
496 1697
651 1698
317 1699
477 1700
253 1701
324 1702
973 1703
635 1704
642 1705
636 1706
569 1707
26 1708
100 1709
2 1710
757 1711
209 1712
897 1713
112 1714
306 1715
825 1716
464 1717
455 1718
334 1719
782 1720
609 1721
526 1722
540 1723
302 1724
136 1725
797 1726
424 1727
685 1728
586 1729
717 1730
34 1731
77 1732
734 1733
380 1734
1 1735
366 1736
13 1737
801 1738
313 1739
825 1740
373 1741
544 1742
40 1743
127 1744
955 1745
361 1746
512 1747
413 1748
956 1749
330 1750
728 1751
83 1752
582 1753
144 1754
95 1755
324 1756
477 1757
356 1758
403 1759
85 1760
839 1761
447 1762
864 1763
292 1764
524 1765
166 1766
692 1767
556 1768
472 1769
136 1770
493 1771
140 1772
658 1773
994 1774
1000 1775
995 1776
360 1777
113 1778
172 1779
879 1780
213 1781
390 1782
155 1783
433 1784
965 1785
250 1786
648 1787
107 1788
296 1789
53 1790
962 1791
461 1792
711 1793
759 1794
715 1795
176 1796
238 1797
346 1798
445 1799
233 1800
423 1801
812 1802
203 1803
201 1804
322 1805
668 1806
691 1807
431 1808
749 1809
319 1810
3 1811
53 1812
287 1813
782 1814
872 1815
803 1816
625 1817
989 1818
79 1819
58 1820
781 1821
616 1822
131 1823
238 1824
488 1825
94 1826
991 1827
719 1828
36 1829
380 1830
587 1831
128 1832
201 1833
643 1834
669 1835
588 1836
30 1837
790 1838
141 1839
62 1840
498 1841
750 1842
785 1843
681 1844
395 1845
553 1846
829 1847
514 1848
957 1849
771 1850
371 1851
396 1852
44 1853
505 1854
799 1855
432 1856
762 1857
260 1858
528 1859
878 1860
739 1861
19 1862
254 1863
56 1864
341 1865
601 1866
259 1867
750 1868
839 1869
616 1870
377 1871
473 1872
819 1873
935 1874
976 1875
40 1876
280 1877
177 1878
130 1879
170 1880
603 1881
940 1882
979 1883
367 1884
89 1885
396 1886
449 1887
549 1888
21 1889
448 1890
389 1891
649 1892
408 1893
573 1894
551 1895
596 1896
921 1897
244 1898
969 1899
565 1900
198 1901
933 1902
799 1903
294 1904
494 1905
192 1906
622 1907
640 1908
998 1909
756 1910
581 1911
924 1912
114 1913
391 1914
814 1915
110 1916
785 1917
232 1918
677 1919
175 1920
650 1921
276 1922
954 1923
630 1924
679 1925
107 1926
750 1927
595 1928
196 1929
680 1930
686 1931
487 1932
737 1933
22 1934
674 1935
70 1936
287 1937
869 1938
534 1939
571 1940
991 1941
624 1942
158 1943
797 1944
85 1945
412 1946
990 1947
715 1948
385 1949
586 1950
236 1951
156 1952
477 1953
651 1954
836 1955
558 1956
57 1957
170 1958
688 1959
676 1960
811 1961
106 1962
806 1963
471 1964
513 1965
134 1966
284 1967
873 1968
587 1969
678 1970
45 1971
958 1972
450 1973
629 1974
188 1975
193 1976
933 1977
163 1978
966 1979
997 1980
938 1981
405 1982
480 1983
376 1984
493 1985
21 1986
743 1987
318 1988
740 1989
346 1990
953 1991
187 1992
124 1993
347 1994
546 1995
341 1996
773 1997
56 1998
651 1999
516 2000
292 2001
846 2002
587 2003
954 2004
668 2005
701 2006
565 2007
737 2008
903 2009
184 2010
509 2011
693 2012
736 2013
117 2014
609 2015
487 2016
816 2017
585 2018
536 2019
776 2020
16 2021
856 2022
108 2023
764 2024
101 2025
361 2026
232 2027
887 2028
363 2029
952 2030
754 2031
8 2032
337 2033
362 2034
444 2035
983 2036
758 2037
181 2038
273 2039
647 2040
38 2041
328 2042
81 2043
304 2044
970 2045
837 2046
191 2047
590 2048
614 2049
406 2050
976 2051
603 2052
373 2053
488 2054
921 2055
28 2056
850 2057
168 2058
171 2059
311 2060
978 2061
848 2062
562 2063
772 2064
256 2065
882 2066
82 2067
44 2068
898 2069
723 2070
795 2071
741 2072
581 2073
257 2074
381 2075
925 2076
561 2077
359 2078
751 2079
353 2080
638 2081
518 2082
280 2083
329 2084
570 2085
677 2086
85 2087
54 2088
546 2089
650 2090
797 2091
518 2092
558 2093
524 2094
118 2095
489 2096
82 2097
986 2098
705 2099
295 2100
529 2101
513 2102
738 2103
511 2104
253 2105
89 2106
294 2107
634 2108
990 2109
195 2110
935 2111
117 2112
462 2113
427 2114
927 2115
515 2116
361 2117
96 2118
709 2119
127 2120
358 2121
598 2122
872 2123
761 2124
477 2125
698 2126
583 2127
618 2128
955 2129
393 2130
734 2131
400 2132
762 2133
354 2134
202 2135
888 2136
574 2137
699 2138
332 2139
802 2140
614 2141
301 2142
922 2143
592 2144
955 2145
930 2146
570 2147
477 2148
304 2149
429 2150
588 2151
181 2152
492 2153
128 2154
649 2155
454 2156
662 2157
840 2158
30 2159
908 2160
454 2161
338 2162
21 2163
656 2164
166 2165
45 2166
966 2167
252 2168
534 2169
494 2170
973 2171
448 2172
868 2173
183 2174
979 2175
734 2176
906 2177
471 2178
536 2179
953 2180
737 2181
633 2182
838 2183
701 2184
610 2185
108 2186
151 2187
532 2188
629 2189
679 2190
732 2191
258 2192
920 2193
510 2194
450 2195
948 2196
205 2197
847 2198
132 2199
525 2200
827 2201
54 2202
698 2203
739 2204
606 2205
540 2206
599 2207
830 2208
880 2209
646 2210
70 2211
43 2212
805 2213
348 2214
639 2215
905 2216
548 2217
485 2218
670 2219
196 2220
690 2221
241 2222
576 2223
953 2224
222 2225
792 2226
393 2227
292 2228
141 2229
462 2230
647 2231
75 2232
836 2233
522 2234
571 2235
816 2236
345 2237
234 2238
23 2239
134 2240
786 2241
151 2242
770 2243
105 2244
511 2245
690 2246
366 2247
664 2248
979 2249
419 2250
323 2251
226 2252
810 2253
598 2254
433 2255
109 2256
100 2257
96 2258
375 2259
587 2260
425 2261
538 2262
418 2263
552 2264
299 2265
552 2266
866 2267
431 2268
567 2269
884 2270
929 2271
339 2272
851 2273
635 2274
772 2275
346 2276
20 2277
306 2278
146 2279
803 2280
748 2281
249 2282
47 2283
596 2284
692 2285
983 2286
105 2287
828 2288
128 2289
51 2290
656 2291
151 2292
135 2293
893 2294
35 2295
311 2296
884 2297
420 2298
154 2299
234 2300
296 2301
508 2302
551 2303
48 2304
395 2305
568 2306
808 2307
108 2308
873 2309
406 2310
445 2311
302 2312
577 2313
505 2314
851 2315
311 2316
314 2317
140 2318
336 2319
225 2320
602 2321
886 2322
374 2323
39 2324
656 2325
973 2326
380 2327
643 2328
284 2329
341 2330
337 2331
336 2332
442 2333
370 2334
143 2335
733 2336
226 2337
778 2338
626 2339
668 2340
543 2341
904 2342
945 2343
177 2344
156 2345
478 2346
645 2347
604 2348
786 2349
763 2350
210 2351
457 2352
728 2353
224 2354
790 2355
882 2356
731 2357
553 2358
61 2359
746 2360
142 2361
894 2362
399 2363
909 2364
826 2365
788 2366
494 2367
986 2368
815 2369
699 2370
855 2371
177 2372
78 2373
385 2374
940 2375
510 2376
413 2377
678 2378
59 2379
919 2380
866 2381
461 2382
743 2383
321 2384
771 2385
277 2386
963 2387
841 2388
795 2389
810 2390
282 2391
54 2392
861 2393
977 2394
652 2395
95 2396
430 2397
68 2398
803 2399
990 2400
634 2401
931 2402
104 2403
628 2404
72 2405
192 2406
178 2407
763 2408
981 2409
991 2410
299 2411
61 2412
637 2413
577 2414
822 2415
255 2416
690 2417
579 2418
307 2419
184 2420
878 2421
430 2422
722 2423
140 2424
224 2425
377 2426
161 2427
64 2428
954 2429
191 2430
810 2431
866 2432
251 2433
699 2434
94 2435
98 2436
769 2437
981 2438
232 2439
333 2440
826 2441
890 2442
314 2443
275 2444
698 2445
410 2446
678 2447
461 2448
567 2449
307 2450
856 2451
712 2452
511 2453
488 2454
244 2455
354 2456
557 2457
963 2458
40 2459
170 2460
781 2461
240 2462
230 2463
916 2464
986 2465
345 2466
681 2467
148 2468
196 2469
361 2470
499 2471
762 2472
308 2473
117 2474
493 2475
847 2476
300 2477
332 2478
758 2479
277 2480
412 2481
490 2482
457 2483
368 2484
118 2485
378 2486
314 2487
916 2488
481 2489
967 2490
570 2491
574 2492
182 2493
494 2494
297 2495
770 2496
134 2497
669 2498
287 2499
706 2500
421 2501
418 2502
763 2503
346 2504
566 2505
121 2506
565 2507
457 2508
402 2509
694 2510
136 2511
564 2512
763 2513
343 2514
209 2515
174 2516
489 2517
469 2518
885 2519
556 2520
173 2521
145 2522
999 2523
185 2524
757 2525
79 2526
347 2527
185 2528
31 2529
444 2530
193 2531
190 2532
603 2533
526 2534
4 2535
285 2536
469 2537
357 2538
720 2539
196 2540
726 2541
773 2542
998 2543
775 2544
897 2545
673 2546
188 2547
713 2548
445 2549
559 2550
863 2551
591 2552
280 2553
486 2554
101 2555
326 2556
960 2557
186 2558
175 2559
347 2560
696 2561
129 2562
831 2563
300 2564
904 2565
867 2566
708 2567
635 2568
662 2569
59 2570
677 2571
538 2572
282 2573
457 2574
308 2575
448 2576
149 2577
470 2578
237 2579
53 2580
509 2581
775 2582
348 2583
488 2584
600 2585
145 2586
304 2587
155 2588
437 2589
882 2590
368 2591
502 2592
601 2593
18 2594
257 2595
348 2596
81 2597
27 2598
81 2599
469 2600
195 2601
827 2602
928 2603
16 2604
899 2605
675 2606
791 2607
71 2608
308 2609
520 2610
902 2611
941 2612
632 2613
834 2614
705 2615
121 2616
667 2617
824 2618
489 2619
335 2620
564 2621
533 2622
560 2623
11 2624
396 2625
615 2626
40 2627
231 2628
203 2629
232 2630
388 2631
781 2632
724 2633
461 2634
509 2635
47 2636
419 2637
240 2638
151 2639
548 2640
683 2641
544 2642
276 2643
243 2644
19 2645
850 2646
1000 2647
106 2648
1000 2649
439 2650
670 2651
406 2652
776 2653
755 2654
180 2655
627 2656
82 2657
306 2658
833 2659
91 2660
671 2661
527 2662
490 2663
844 2664
372 2665
27 2666
744 2667
628 2668
231 2669
618 2670
595 2671
633 2672
864 2673
159 2674
22 2675
298 2676
778 2677
292 2678
752 2679
423 2680
718 2681
488 2682
198 2683
69 2684
668 2685
853 2686
658 2687
423 2688
708 2689
918 2690
454 2691
905 2692
406 2693
698 2694
503 2695
878 2696
4 2697
607 2698
380 2699
630 2700
197 2701
156 2702
223 2703
266 2704
312 2705
29 2706
649 2707
116 2708
525 2709
138 2710
926 2711
813 2712
747 2713
409 2714
149 2715
504 2716
611 2717
496 2718
804 2719
155 2720
960 2721
792 2722
257 2723
822 2724
510 2725
350 2726
957 2727
34 2728
500 2729
367 2730
290 2731
473 2732
678 2733
100 2734
545 2735
494 2736
339 2737
830 2738
904 2739
384 2740
584 2741
164 2742
313 2743
295 2744
99 2745
445 2746
572 2747
115 2748
537 2749
408 2750
539 2751
830 2752
99 2753
551 2754
589 2755
745 2756
203 2757
719 2758
984 2759
261 2760
811 2761
147 2762
18 2763
261 2764
109 2765
253 2766
542 2767
431 2768
477 2769
522 2770
590 2771
265 2772
850 2773
111 2774
85 2775
967 2776
71 2777
711 2778
36 2779
837 2780
460 2781
556 2782
572 2783
735 2784
806 2785
901 2786
642 2787
615 2788
814 2789
921 2790
706 2791
168 2792
898 2793
641 2794
754 2795
623 2796
934 2797
150 2798
430 2799
715 2800
395 2801
154 2802
948 2803
61 2804
619 2805
559 2806
394 2807
900 2808
332 2809
116 2810
643 2811
46 2812
256 2813
132 2814
382 2815
770 2816
949 2817
593 2818
969 2819
267 2820
37 2821
995 2822
336 2823
282 2824
730 2825
347 2826
627 2827
917 2828
427 2829
749 2830
520 2831
268 2832
853 2833
970 2834
625 2835
199 2836
956 2837
936 2838
445 2839
971 2840
917 2841
253 2842
153 2843
983 2844
72 2845
171 2846
622 2847
84 2848
956 2849
345 2850
94 2851
817 2852
380 2853
421 2854
256 2855
642 2856
696 2857
266 2858
795 2859
903 2860
106 2861
821 2862
19 2863
744 2864
366 2865
603 2866
688 2867
100 2868
339 2869
233 2870
20 2871
592 2872
578 2873
500 2874
105 2875
717 2876
198 2877
516 2878
172 2879
430 2880
498 2881
424 2882
378 2883
461 2884
347 2885
351 2886
164 2887
169 2888
182 2889
968 2890
340 2891
606 2892
416 2893
740 2894
48 2895
957 2896
248 2897
607 2898
628 2899
987 2900
490 2901
149 2902
119 2903
70 2904
420 2905
949 2906
934 2907
117 2908
371 2909
949 2910
781 2911
19 2912
640 2913
543 2914
926 2915
777 2916
543 2917
185 2918
645 2919
658 2920
243 2921
527 2922
476 2923
409 2924
787 2925
434 2926
794 2927
567 2928
485 2929
539 2930
71 2931
416 2932
93 2933
460 2934
886 2935
508 2936
344 2937
889 2938
128 2939
795 2940
513 2941
1000 2942
402 2943
430 2944
177 2945
770 2946
311 2947
643 2948
423 2949
833 2950
286 2951
639 2952
984 2953
644 2954
202 2955
607 2956
732 2957
711 2958
760 2959
141 2960
71 2961
276 2962
128 2963
167 2964
567 2965
263 2966
232 2967
172 2968
78 2969
960 2970
134 2971
975 2972
251 2973
324 2974
682 2975
281 2976
139 2977
942 2978
473 2979
349 2980
642 2981
931 2982
656 2983
951 2984
129 2985
169 2986
371 2987
91 2988
960 2989
148 2990
209 2991
652 2992
144 2993
184 2994
288 2995
880 2996
174 2997
97 2998
557 2999
943 3000
557 3001
606 3002
739 3003
971 3004
503 3005
38 3006
79 3007
791 3008
813 3009
512 3010
399 3011
605 3012
873 3013
676 3014
743 3015
730 3016
379 3017
452 3018
92 3019
243 3020
69 3021
680 3022
208 3023
491 3024
232 3025
367 3026
569 3027
418 3028
32 3029
870 3030
527 3031
908 3032
888 3033
181 3034
398 3035
192 3036
157 3037
174 3038
379 3039
91 3040
742 3041
327 3042
958 3043
780 3044
879 3045
445 3046
476 3047
475 3048
423 3049
277 3050
40 3051
517 3052
414 3053
141 3054
235 3055
282 3056
447 3057
127 3058
701 3059
712 3060
298 3061
971 3062
891 3063
5 3064
706 3065
889 3066
525 3067
809 3068
423 3069
984 3070
184 3071
306 3072
601 3073
87 3074
2 3075
516 3076
843 3077
302 3078
193 3079
592 3080
683 3081
158 3082
93 3083
794 3084
190 3085
911 3086
714 3087
883 3088
35 3089
227 3090
764 3091
36 3092
316 3093
316 3094
315 3095
260 3096
668 3097
422 3098
676 3099
581 3100
660 3101
287 3102
986 3103
581 3104
50 3105
968 3106
465 3107
216 3108
842 3109
41 3110
26 3111
655 3112
126 3113
507 3114
345 3115
120 3116
730 3117
636 3118
459 3119
40 3120
883 3121
680 3122
221 3123
194 3124
890 3125
786 3126
437 3127
156 3128
51 3129
167 3130
935 3131
238 3132
918 3133
221 3134
385 3135
866 3136
226 3137
501 3138
68 3139
819 3140
908 3141
22 3142
490 3143
518 3144
925 3145
702 3146
757 3147
161 3148
677 3149
829 3150
150 3151
788 3152
861 3153
477 3154
814 3155
296 3156
54 3157
878 3158
338 3159
349 3160
123 3161
864 3162
840 3163
956 3164
107 3165
859 3166
320 3167
103 3168
281 3169
638 3170
933 3171
308 3172
931 3173
256 3174
119 3175
860 3176
802 3177
448 3178
588 3179
158 3180
20 3181
330 3182
528 3183
747 3184
822 3185
914 3186
148 3187
226 3188
379 3189
774 3190
889 3191
14 3192
130 3193
207 3194
431 3195
624 3196
127 3197
829 3198
930 3199
426 3200
338 3201
554 3202
38 3203
264 3204
166 3205
102 3206
671 3207
664 3208
43 3209
500 3210
206 3211
620 3212
579 3213
710 3214
911 3215
66 3216
65 3217
348 3218
248 3219
870 3220
689 3221
238 3222
81 3223
726 3224
456 3225
970 3226
742 3227
269 3228
135 3229
620 3230
250 3231
322 3232
828 3233
518 3234
922 3235
902 3236
901 3237
987 3238
991 3239
474 3240
49 3241
105 3242
714 3243
609 3244
772 3245
407 3246
597 3247
320 3248
836 3249
831 3250
936 3251
86 3252
51 3253
185 3254
468 3255
627 3256
989 3257
234 3258
460 3259
265 3260
858 3261
270 3262
172 3263
657 3264
966 3265
200 3266
890 3267
250 3268
652 3269
727 3270
894 3271
530 3272
654 3273
145 3274
493 3275
190 3276
778 3277
909 3278
813 3279
821 3280
857 3281
774 3282
4 3283
368 3284
454 3285
566 3286
65 3287
857 3288
652 3289
932 3290
167 3291
943 3292
531 3293
689 3294
232 3295
821 3296
455 3297
170 3298
839 3299
876 3300
825 3301
509 3302
34 3303
748 3304
13 3305
225 3306
425 3307
311 3308
705 3309
436 3310
199 3311
279 3312
555 3313
372 3314
996 3315
976 3316
934 3317
377 3318
366 3319
676 3320
359 3321
801 3322
911 3323
697 3324
782 3325
470 3326
626 3327
744 3328
440 3329
85 3330
465 3331
591 3332
932 3333
167 3334
333 3335
247 3336
893 3337
901 3338
592 3339
47 3340
582 3341
241 3342
169 3343
389 3344
429 3345
996 3346
420 3347
214 3348
695 3349
528 3350
711 3351
990 3352
515 3353
523 3354
690 3355
645 3356
37 3357
715 3358
596 3359
305 3360
405 3361
585 3362
854 3363
937 3364
297 3365
343 3366
127 3367
810 3368
250 3369
708 3370
244 3371
988 3372
361 3373
955 3374
46 3375
1 3376
315 3377
218 3378
237 3379
716 3380
522 3381
438 3382
83 3383
692 3384
952 3385
228 3386
897 3387
430 3388
738 3389
760 3390
239 3391
216 3392
786 3393
416 3394
495 3395
440 3396
332 3397
885 3398
297 3399
587 3400
644 3401
375 3402
204 3403
281 3404
431 3405
398 3406
353 3407
78 3408
828 3409
213 3410
561 3411
859 3412
93 3413
1000 3414
480 3415
969 3416
77 3417
988 3418
526 3419
157 3420
606 3421
208 3422
655 3423
35 3424
851 3425
890 3426
157 3427
927 3428
2 3429
58 3430
749 3431
394 3432
17 3433
204 3434
428 3435
778 3436
137 3437
821 3438
90 3439
310 3440
620 3441
210 3442
606 3443
954 3444
467 3445
722 3446
622 3447
122 3448
330 3449
853 3450
598 3451
71 3452
5 3453
572 3454
187 3455
510 3456
366 3457
304 3458
916 3459
155 3460
284 3461
154 3462
271 3463
521 3464
625 3465
813 3466
792 3467
718 3468
598 3469
602 3470
449 3471
85 3472
841 3473
410 3474
143 3475
462 3476
769 3477
534 3478
827 3479
587 3480
961 3481
258 3482
442 3483
473 3484
592 3485
611 3486
646 3487
499 3488
882 3489
381 3490
123 3491
797 3492
668 3493
365 3494
924 3495
155 3496
211 3497
698 3498
547 3499
368 3500
819 3501
847 3502
123 3503
81 3504
337 3505
947 3506
457 3507
188 3508
530 3509
638 3510
448 3511
303 3512
263 3513
419 3514
774 3515
238 3516
603 3517
995 3518
474 3519
86 3520
578 3521
751 3522
464 3523
205 3524
367 3525
74 3526
814 3527
326 3528
453 3529
772 3530
822 3531
283 3532
567 3533
675 3534
783 3535
736 3536
726 3537
392 3538
267 3539
533 3540
439 3541
44 3542
975 3543
4 3544
754 3545
453 3546
673 3547
105 3548
676 3549
388 3550
191 3551
636 3552
638 3553
219 3554
949 3555
365 3556
5 3557
547 3558
505 3559
940 3560
661 3561
516 3562
640 3563
132 3564
919 3565
126 3566
198 3567
154 3568
16 3569
331 3570
985 3571
576 3572
639 3573
572 3574
56 3575
334 3576
769 3577
397 3578
364 3579
945 3580
26 3581
878 3582
965 3583
943 3584
348 3585
380 3586
372 3587
981 3588
57 3589
172 3590
212 3591
592 3592
757 3593
983 3594
831 3595
188 3596
769 3597
912 3598
534 3599
629 3600
435 3601
551 3602
268 3603
938 3604
51 3605
65 3606
61 3607
628 3608
774 3609
534 3610
959 3611
300 3612
809 3613
552 3614
287 3615
283 3616
766 3617
449 3618
403 3619
600 3620
403 3621
811 3622
820 3623
143 3624
872 3625
392 3626
947 3627
18 3628
924 3629
305 3630
976 3631
139 3632
856 3633
628 3634
576 3635
546 3636
518 3637
744 3638
868 3639
545 3640
411 3641
193 3642
932 3643
211 3644
810 3645
434 3646
100 3647
609 3648
789 3649
342 3650
282 3651
416 3652
775 3653
778 3654
138 3655
9 3656
567 3657
495 3658
559 3659
563 3660
699 3661
586 3662
293 3663
401 3664
561 3665
149 3666
632 3667
172 3668
570 3669
557 3670
788 3671
33 3672
460 3673
721 3674
559 3675
375 3676
288 3677
487 3678
981 3679
562 3680
234 3681
459 3682
560 3683
163 3684
263 3685
580 3686
199 3687
136 3688
923 3689
2 3690
552 3691
847 3692
545 3693
436 3694
401 3695
324 3696
637 3697
637 3698
321 3699
513 3700
762 3701
42 3702
838 3703
421 3704
738 3705
833 3706
700 3707
1 3708
703 3709
584 3710
510 3711
496 3712
707 3713
826 3714
878 3715
925 3716
123 3717
384 3718
707 3719
867 3720
212 3721
90 3722
546 3723
103 3724
233 3725
564 3726
27 3727
433 3728
64 3729
996 3730
667 3731
528 3732
677 3733
943 3734
296 3735
324 3736
738 3737
370 3738
859 3739
7 3740
395 3741
268 3742
756 3743
629 3744
26 3745
177 3746
385 3747
394 3748
86 3749
175 3750
447 3751
873 3752
489 3753
403 3754
416 3755
589 3756
388 3757
115 3758
985 3759
947 3760
635 3761
237 3762
678 3763
89 3764
911 3765
997 3766
480 3767
836 3768
687 3769
122 3770
67 3771
221 3772
464 3773
343 3774
449 3775
354 3776
410 3777
382 3778
242 3779
313 3780
997 3781
544 3782
31 3783
723 3784
560 3785
823 3786
529 3787
669 3788
251 3789
565 3790
555 3791
796 3792
817 3793
987 3794
28 3795
131 3796
918 3797
465 3798
357 3799
988 3800
380 3801
632 3802
679 3803
773 3804
951 3805
165 3806
627 3807
610 3808
465 3809
382 3810
229 3811
968 3812
143 3813
45 3814
663 3815
298 3816
181 3817
753 3818
707 3819
869 3820
81 3821
335 3822
766 3823
560 3824
304 3825
906 3826
940 3827
835 3828
63 3829
990 3830
325 3831
758 3832
808 3833
379 3834
376 3835
671 3836
45 3837
255 3838
190 3839
259 3840
305 3841
68 3842
363 3843
434 3844
986 3845
43 3846
988 3847
319 3848
830 3849
244 3850
93 3851
225 3852
505 3853
171 3854
531 3855
887 3856
178 3857
152 3858
357 3859
238 3860
598 3861
636 3862
490 3863
292 3864
937 3865
999 3866
479 3867
815 3868
791 3869
203 3870
789 3871
256 3872
652 3873
328 3874
536 3875
91 3876
116 3877
204 3878
392 3879
131 3880
671 3881
598 3882
150 3883
697 3884
249 3885
509 3886
524 3887
487 3888
786 3889
444 3890
152 3891
53 3892
32 3893
929 3894
80 3895
648 3896
462 3897
65 3898
252 3899
162 3900
373 3901
674 3902
938 3903
645 3904
330 3905
75 3906
326 3907
501 3908
237 3909
548 3910
4 3911
137 3912
64 3913
511 3914
811 3915
228 3916
314 3917
202 3918
227 3919
805 3920
332 3921
564 3922
185 3923
521 3924
880 3925
71 3926
126 3927
450 3928
825 3929
79 3930
324 3931
372 3932
713 3933
578 3934
903 3935
309 3936
151 3937
796 3938
368 3939
356 3940
99 3941
401 3942
460 3943
815 3944
526 3945
535 3946
509 3947
758 3948
353 3949
296 3950
467 3951
876 3952
712 3953
467 3954
546 3955
127 3956
899 3957
92 3958
329 3959
815 3960
697 3961
822 3962
347 3963
220 3964
574 3965
268 3966
878 3967
725 3968
672 3969
616 3970
213 3971
698 3972
330 3973
236 3974
980 3975
317 3976
976 3977
152 3978
610 3979
88 3980
228 3981
917 3982
868 3983
571 3984
628 3985
57 3986
635 3987
988 3988
286 3989
596 3990
855 3991
656 3992
206 3993
93 3994
52 3995
581 3996
343 3997
682 3998
69 3999
808 4000
203 4001
828 4002
597 4003
828 4004
352 4005
665 4006
536 4007
726 4008
467 4009
677 4010
230 4011
675 4012
756 4013
35 4014
261 4015
618 4016
396 4017
2 4018
551 4019
825 4020
214 4021
55 4022
716 4023
165 4024
561 4025
707 4026
714 4027
41 4028
112 4029
272 4030
869 4031
249 4032
29 4033
829 4034
747 4035
397 4036
290 4037
273 4038
797 4039
83 4040
132 4041
236 4042
280 4043
61 4044
639 4045
883 4046
419 4047
744 4048
188 4049
592 4050
396 4051
609 4052
849 4053
736 4054
979 4055
956 4056
680 4057
740 4058
182 4059
369 4060
995 4061
617 4062
82 4063
510 4064
205 4065
533 4066
341 4067
446 4068
494 4069
185 4070
686 4071
308 4072
290 4073
662 4074
93 4075
979 4076
482 4077
870 4078
165 4079
955 4080
825 4081
134 4082
297 4083
560 4084
148 4085
558 4086
783 4087
449 4088
346 4089
818 4090
367 4091
581 4092
778 4093
471 4094
542 4095
846 4096
636 4097
408 4098
939 4099
612 4100
172 4101
715 4102
729 4103
745 4104
910 4105
779 4106
157 4107
90 4108
839 4109
3 4110
880 4111
201 4112
238 4113
475 4114
746 4115
127 4116
616 4117
548 4118
949 4119
525 4120
655 4121
606 4122
517 4123
198 4124
490 4125
517 4126
996 4127
586 4128
172 4129
25 4130
191 4131
886 4132
963 4133
61 4134
430 4135
112 4136
656 4137
796 4138
849 4139
254 4140
289 4141
797 4142
348 4143
817 4144
122 4145
735 4146
152 4147
589 4148
945 4149
259 4150
60 4151
749 4152
495 4153
344 4154
881 4155
227 4156
143 4157
720 4158
565 4159
180 4160
70 4161
313 4162
406 4163
788 4164
55 4165
794 4166
625 4167
232 4168
95 4169
23 4170
547 4171
750 4172
803 4173
740 4174
990 4175
929 4176
485 4177
852 4178
198 4179
747 4180
56 4181
538 4182
98 4183
274 4184
961 4185
350 4186
642 4187
832 4188
191 4189
127 4190
119 4191
900 4192
643 4193
152 4194
126 4195
173 4196
319 4197
972 4198
876 4199
12 4200
521 4201
865 4202
151 4203
160 4204
986 4205
871 4206
304 4207
499 4208
96 4209
273 4210
859 4211
144 4212
404 4213
71 4214
394 4215
430 4216
487 4217
352 4218
855 4219
448 4220
947 4221
574 4222
874 4223
704 4224
871 4225
774 4226
323 4227
30 4228
978 4229
904 4230
836 4231
534 4232
708 4233
579 4234
495 4235
709 4236
436 4237
773 4238
422 4239
929 4240
288 4241
431 4242
671 4243
769 4244
620 4245
926 4246
920 4247
86 4248
56 4249
344 4250
458 4251
605 4252
792 4253
503 4254
103 4255
213 4256
975 4257
894 4258
415 4259
50 4260
675 4261
357 4262
386 4263
397 4264
426 4265
917 4266
242 4267
50 4268
440 4269
989 4270
376 4271
81 4272
369 4273
326 4274
629 4275
685 4276
777 4277
35 4278
790 4279
111 4280
35 4281
533 4282
201 4283
29 4284
328 4285
78 4286
789 4287
149 4288
551 4289
212 4290
142 4291
442 4292
986 4293
52 4294
16 4295
657 4296
595 4297
83 4298
378 4299
264 4300
748 4301
76 4302
445 4303
942 4304
176 4305
76 4306
414 4307
651 4308
499 4309
938 4310
259 4311
996 4312
574 4313
82 4314
611 4315
241 4316
77 4317
675 4318
188 4319
731 4320
948 4321
448 4322
325 4323
563 4324
934 4325
142 4326
284 4327
376 4328
1 4329
173 4330
482 4331
592 4332
902 4333
832 4334
368 4335
720 4336
377 4337
72 4338
729 4339
742 4340
37 4341
500 4342
137 4343
411 4344
96 4345
794 4346
200 4347
175 4348
937 4349
429 4350
638 4351
911 4352
125 4353
17 4354
319 4355
488 4356
112 4357
796 4358
854 4359
311 4360
733 4361
502 4362
220 4363
453 4364
673 4365
431 4366
192 4367
125 4368
462 4369
994 4370
8 4371
677 4372
11 4373
845 4374
204 4375
994 4376
126 4377
546 4378
232 4379
252 4380
801 4381
318 4382
287 4383
272 4384
663 4385
257 4386
120 4387
96 4388
655 4389
426 4390
113 4391
885 4392
594 4393
446 4394
921 4395
970 4396
11 4397
217 4398
539 4399
184 4400
265 4401
183 4402
285 4403
839 4404
890 4405
501 4406
227 4407
85 4408
666 4409
822 4410
595 4411
235 4412
13 4413
110 4414
575 4415
989 4416
347 4417
996 4418
740 4419
295 4420
145 4421
863 4422
886 4423
838 4424
221 4425
224 4426
201 4427
71 4428
317 4429
588 4430
36 4431
577 4432
319 4433
994 4434
601 4435
209 4436
899 4437
871 4438
881 4439
881 4440
824 4441
875 4442
350 4443
906 4444
383 4445
338 4446
926 4447
385 4448
855 4449
734 4450
289 4451
345 4452
203 4453
154 4454
436 4455
600 4456
202 4457
877 4458
777 4459
997 4460
47 4461
456 4462
944 4463
1000 4464
272 4465
433 4466
335 4467
614 4468
658 4469
546 4470
61 4471
870 4472
207 4473
805 4474
883 4475
674 4476
770 4477
913 4478
580 4479
908 4480
685 4481
72 4482
461 4483
874 4484
198 4485
298 4486
375 4487
651 4488
912 4489
792 4490
662 4491
389 4492
36 4493
673 4494
477 4495
886 4496
329 4497
580 4498
771 4499
349 4500
460 4501
20 4502
347 4503
953 4504
172 4505
216 4506
774 4507
937 4508
82 4509
341 4510
671 4511
803 4512
813 4513
446 4514
247 4515
620 4516
31 4517
303 4518
801 4519
811 4520
767 4521
570 4522
84 4523
613 4524
950 4525
249 4526
776 4527
766 4528
79 4529
629 4530
29 4531
622 4532
732 4533
913 4534
56 4535
222 4536
527 4537
717 4538
656 4539
159 4540
880 4541
653 4542
915 4543
839 4544
840 4545
791 4546
256 4547
283 4548
16 4549
404 4550
243 4551
646 4552
872 4553
808 4554
346 4555
92 4556
87 4557
194 4558
333 4559
275 4560
472 4561
129 4562
489 4563
581 4564
800 4565
250 4566
922 4567
630 4568
398 4569
245 4570
318 4571
583 4572
417 4573
208 4574
923 4575
678 4576
17 4577
579 4578
184 4579
927 4580
730 4581
116 4582
386 4583
849 4584
239 4585
647 4586
834 4587
754 4588
444 4589
597 4590
403 4591
99 4592
530 4593
512 4594
236 4595
242 4596
399 4597
728 4598
476 4599
576 4600
600 4601
852 4602
256 4603
106 4604
971 4605
448 4606
78 4607
360 4608
40 4609
560 4610
656 4611
2 4612
652 4613
598 4614
187 4615
336 4616
527 4617
894 4618
486 4619
96 4620
527 4621
473 4622
979 4623
791 4624
541 4625
877 4626
745 4627
939 4628
748 4629
98 4630
716 4631
338 4632
389 4633
696 4634
736 4635
419 4636
183 4637
266 4638
275 4639
25 4640
91 4641
232 4642
300 4643
250 4644
996 4645
742 4646
642 4647
398 4648
532 4649
274 4650
549 4651
662 4652
389 4653
587 4654
809 4655
177 4656
255 4657
639 4658
738 4659
504 4660
12 4661
898 4662
451 4663
352 4664
994 4665
780 4666
820 4667
56 4668
686 4669
661 4670
346 4671
135 4672
933 4673
252 4674
187 4675
187 4676
199 4677
772 4678
403 4679
342 4680
868 4681
636 4682
211 4683
383 4684
354 4685
216 4686
1 4687
308 4688
211 4689
881 4690
295 4691
200 4692
75 4693
658 4694
990 4695
942 4696
779 4697
898 4698
933 4699
563 4700
277 4701
745 4702
478 4703
761 4704
445 4705
145 4706
454 4707
299 4708
419 4709
796 4710
710 4711
26 4712
564 4713
228 4714
966 4715
796 4716
926 4717
849 4718
648 4719
719 4720
624 4721
234 4722
9 4723
442 4724
728 4725
774 4726
423 4727
258 4728
854 4729
822 4730
993 4731
36 4732
420 4733
552 4734
131 4735
850 4736
536 4737
645 4738
568 4739
444 4740
767 4741
875 4742
617 4743
309 4744
339 4745
510 4746
260 4747
59 4748
129 4749
950 4750
104 4751
172 4752
825 4753
764 4754
172 4755
896 4756
678 4757
495 4758
348 4759
247 4760
498 4761
679 4762
826 4763
954 4764
716 4765
234 4766
784 4767
367 4768
430 4769
385 4770
783 4771
981 4772
566 4773
801 4774
120 4775
619 4776
784 4777
848 4778
325 4779
370 4780
521 4781
366 4782
671 4783
830 4784
69 4785
288 4786
434 4787
690 4788
930 4789
815 4790
731 4791
795 4792
921 4793
760 4794
636 4795
370 4796
812 4797
63 4798
261 4799
629 4800
882 4801
282 4802
616 4803
171 4804
829 4805
413 4806
348 4807
137 4808
620 4809
357 4810
341 4811
617 4812
735 4813
599 4814
198 4815
526 4816
754 4817
18 4818
918 4819
781 4820
183 4821
731 4822
947 4823
675 4824
119 4825
70 4826
498 4827
440 4828
456 4829
648 4830
418 4831
662 4832
443 4833
464 4834
27 4835
279 4836
842 4837
320 4838
433 4839
110 4840
597 4841
260 4842
259 4843
32 4844
299 4845
188 4846
575 4847
429 4848
974 4849
825 4850
518 4851
98 4852
525 4853
106 4854
753 4855
678 4856
529 4857
746 4858
944 4859
574 4860
623 4861
707 4862
47 4863
942 4864
220 4865
32 4866
362 4867
893 4868
604 4869
647 4870
45 4871
667 4872
834 4873
330 4874
469 4875
502 4876
741 4877
477 4878
410 4879
438 4880
597 4881
247 4882
86 4883
967 4884
832 4885
611 4886
28 4887
81 4888
588 4889
732 4890
631 4891
126 4892
64 4893
735 4894
924 4895
791 4896
515 4897
990 4898
597 4899
479 4900
164 4901
563 4902
588 4903
245 4904
590 4905
259 4906
564 4907
722 4908
560 4909
78 4910
125 4911
903 4912
985 4913
883 4914
811 4915
745 4916
119 4917
462 4918
989 4919
619 4920
836 4921
763 4922
493 4923
594 4924
958 4925
408 4926
964 4927
138 4928
531 4929
784 4930
469 4931
373 4932
18 4933
684 4934
605 4935
161 4936
56 4937
48 4938
733 4939
603 4940
235 4941
971 4942
837 4943
189 4944
52 4945
365 4946
448 4947
573 4948
740 4949
825 4950
141 4951
134 4952
251 4953
811 4954
591 4955
274 4956
138 4957
339 4958
556 4959
14 4960
66 4961
289 4962
697 4963
82 4964
314 4965
536 4966
468 4967
228 4968
733 4969
431 4970
574 4971
633 4972
308 4973
348 4974
992 4975
812 4976
570 4977
936 4978
312 4979
737 4980
466 4981
78 4982
931 4983
60 4984
202 4985
655 4986
16 4987
113 4988
171 4989
597 4990
210 4991
194 4992
915 4993
438 4994
375 4995
443 4996
311 4997
478 4998
810 4999
635 5000
458 5001
790 5002
707 5003
660 5004
880 5005
719 5006
383 5007
793 5008
644 5009
207 5010
882 5011
968 5012
365 5013
688 5014
863 5015
430 5016
626 5017
51 5018
897 5019
475 5020
92 5021
671 5022
406 5023
585 5024
47 5025
274 5026
17 5027
400 5028
123 5029
965 5030
889 5031
602 5032
181 5033
83 5034
778 5035
39 5036
241 5037
728 5038
264 5039
205 5040
754 5041
779 5042
631 5043
699 5044
928 5045
982 5046
916 5047
823 5048
828 5049
229 5050
224 5051
935 5052
424 5053
635 5054
624 5055
938 5056
791 5057
645 5058
870 5059
100 5060
664 5061
938 5062
398 5063
302 5064
477 5065
374 5066
134 5067
66 5068
534 5069
106 5070
927 5071
923 5072
500 5073
660 5074
454 5075
642 5076
270 5077
374 5078
738 5079
566 5080
237 5081
238 5082
950 5083
441 5084
655 5085
383 5086
985 5087
61 5088
291 5089
254 5090
434 5091
714 5092
634 5093
532 5094
91 5095
123 5096
601 5097
517 5098
554 5099
858 5100
792 5101
406 5102
535 5103
249 5104
348 5105
104 5106
698 5107
367 5108
229 5109
705 5110
279 5111
536 5112
359 5113
544 5114
528 5115
946 5116
950 5117
127 5118
544 5119
37 5120
641 5121
268 5122
486 5123
168 5124
514 5125
734 5126
127 5127
1000 5128
110 5129
63 5130
20 5131
918 5132
763 5133
756 5134
780 5135
663 5136
213 5137
842 5138
229 5139
823 5140
434 5141
96 5142
943 5143
119 5144
192 5145
512 5146
121 5147
224 5148
732 5149
448 5150
15 5151
903 5152
157 5153
951 5154
226 5155
802 5156
841 5157
366 5158
490 5159
933 5160
55 5161
950 5162
22 5163
731 5164
293 5165
745 5166
665 5167
785 5168
881 5169
709 5170
452 5171
221 5172
420 5173
930 5174
483 5175
605 5176
156 5177
599 5178
515 5179
415 5180
185 5181
826 5182
312 5183
98 5184
918 5185
661 5186
754 5187
107 5188
609 5189
12 5190
925 5191
850 5192
879 5193
300 5194
978 5195
546 5196
818 5197
707 5198
638 5199
373 5200
194 5201
431 5202
712 5203
454 5204
199 5205
934 5206
54 5207
297 5208
501 5209
966 5210
707 5211
561 5212
265 5213
184 5214
473 5215
952 5216
265 5217
355 5218
370 5219
923 5220
226 5221
854 5222
731 5223
804 5224
752 5225
729 5226
174 5227
393 5228
405 5229
300 5230
891 5231
914 5232
334 5233
244 5234
856 5235
508 5236
325 5237
316 5238
605 5239
800 5240
120 5241
182 5242
33 5243
410 5244
40 5245
269 5246
483 5247
650 5248
698 5249
20 5250
208 5251
264 5252
705 5253
973 5254
197 5255
338 5256
525 5257
918 5258
715 5259
757 5260
716 5261
659 5262
654 5263
248 5264
99 5265
655 5266
136 5267
634 5268
907 5269
449 5270
815 5271
832 5272
192 5273
404 5274
288 5275
829 5276
548 5277
436 5278
255 5279
46 5280
490 5281
621 5282
118 5283
294 5284
91 5285
66 5286
468 5287
896 5288
649 5289
899 5290
361 5291
321 5292
228 5293
880 5294
212 5295
64 5296
955 5297
887 5298
838 5299
990 5300
670 5301
180 5302
30 5303
40 5304
28 5305
511 5306
915 5307
843 5308
82 5309
4 5310
523 5311
568 5312
580 5313
632 5314
712 5315
912 5316
96 5317
641 5318
667 5319
507 5320
516 5321
995 5322
324 5323
572 5324
239 5325
949 5326
571 5327
798 5328
493 5329
833 5330
717 5331
549 5332
646 5333
883 5334
841 5335
972 5336
187 5337
903 5338
6 5339
75 5340
70 5341
700 5342
979 5343
324 5344
286 5345
579 5346
58 5347
380 5348
3 5349
933 5350
32 5351
337 5352
562 5353
324 5354
532 5355
100 5356
180 5357
417 5358
761 5359
147 5360
22 5361
675 5362
202 5363
946 5364
446 5365
228 5366
90 5367
539 5368
610 5369
941 5370
183 5371
698 5372
710 5373
69 5374
461 5375
992 5376
883 5377
888 5378
724 5379
869 5380
407 5381
20 5382
154 5383
942 5384
902 5385
86 5386
438 5387
542 5388
602 5389
535 5390
514 5391
149 5392
439 5393
272 5394
68 5395
585 5396
393 5397
263 5398
945 5399
579 5400
481 5401
883 5402
481 5403
129 5404
708 5405
110 5406
920 5407
1 5408
745 5409
466 5410
438 5411
779 5412
968 5413
99 5414
96 5415
26 5416
666 5417
238 5418
863 5419
563 5420
849 5421
963 5422
382 5423
356 5424
694 5425
937 5426
133 5427
228 5428
317 5429
300 5430
788 5431
147 5432
568 5433
665 5434
694 5435
310 5436
774 5437
537 5438
640 5439
579 5440
774 5441
174 5442
356 5443
908 5444
49 5445
622 5446
637 5447
147 5448
361 5449
625 5450
348 5451
912 5452
721 5453
220 5454
105 5455
358 5456
292 5457
961 5458
417 5459
520 5460
334 5461
549 5462
884 5463
272 5464
381 5465
197 5466
534 5467
247 5468
950 5469
437 5470
929 5471
709 5472
864 5473
265 5474
883 5475
918 5476
794 5477
405 5478
988 5479
276 5480
373 5481
664 5482
176 5483
354 5484
853 5485
107 5486
52 5487
106 5488
442 5489
909 5490
128 5491
443 5492
707 5493
723 5494
135 5495
24 5496
471 5497
106 5498
194 5499
951 5500
8 5501
822 5502
8 5503
957 5504
727 5505
366 5506
842 5507
574 5508
541 5509
912 5510
607 5511
305 5512
936 5513
628 5514
386 5515
83 5516
205 5517
79 5518
635 5519
297 5520
836 5521
558 5522
458 5523
856 5524
750 5525
126 5526
107 5527
800 5528
20 5529
535 5530
937 5531
912 5532
59 5533
248 5534
921 5535
280 5536
984 5537
181 5538
1000 5539
321 5540
479 5541
900 5542
747 5543
385 5544
639 5545
780 5546
278 5547
866 5548
373 5549
145 5550
865 5551
585 5552
76 5553
100 5554
688 5555
72 5556
947 5557
793 5558
222 5559
185 5560
291 5561
19 5562
187 5563
691 5564
6 5565
986 5566
206 5567
752 5568
240 5569
318 5570
615 5571
87 5572
437 5573
77 5574
784 5575
986 5576
282 5577
748 5578
523 5579
538 5580
420 5581
157 5582
735 5583
372 5584
205 5585
61 5586
684 5587
822 5588
36 5589
109 5590
134 5591
364 5592
26 5593
173 5594
717 5595
2 5596
905 5597
300 5598
932 5599
499 5600
621 5601
273 5602
639 5603
558 5604
970 5605
307 5606
918 5607
673 5608
277 5609
949 5610
661 5611
172 5612
397 5613
803 5614
530 5615
417 5616
492 5617
606 5618
198 5619
625 5620
407 5621
94 5622
933 5623
133 5624
268 5625
936 5626
709 5627
549 5628
282 5629
885 5630
28 5631
430 5632
558 5633
81 5634
531 5635
693 5636
892 5637
745 5638
90 5639
775 5640
868 5641
138 5642
973 5643
528 5644
157 5645
728 5646
262 5647
614 5648
773 5649
260 5650
974 5651
764 5652
615 5653
166 5654
611 5655
92 5656
685 5657
102 5658
793 5659
633 5660
879 5661
666 5662
433 5663
45 5664
491 5665
654 5666
667 5667
907 5668
93 5669
687 5670
650 5671
372 5672
584 5673
915 5674
355 5675
354 5676
928 5677
997 5678
462 5679
977 5680
86 5681
597 5682
677 5683
34 5684
939 5685
27 5686
434 5687
701 5688
213 5689
33 5690
896 5691
886 5692
749 5693
515 5694
208 5695
702 5696
699 5697
361 5698
518 5699
42 5700
910 5701
182 5702
221 5703
453 5704
724 5705
188 5706
581 5707
670 5708
402 5709
348 5710
944 5711
194 5712
962 5713
204 5714
274 5715
580 5716
544 5717
349 5718
549 5719
734 5720
892 5721
656 5722
794 5723
405 5724
813 5725
620 5726
345 5727
774 5728
425 5729
215 5730
247 5731
634 5732
72 5733
766 5734
79 5735
972 5736
843 5737
657 5738
505 5739
471 5740
785 5741
697 5742
593 5743
940 5744
322 5745
212 5746
246 5747
528 5748
680 5749
810 5750
822 5751
165 5752
813 5753
518 5754
241 5755
924 5756
473 5757
512 5758
903 5759
235 5760
567 5761
931 5762
922 5763
885 5764
906 5765
22 5766
839 5767
664 5768
547 5769
834 5770
23 5771
242 5772
676 5773
257 5774
911 5775
878 5776
177 5777
167 5778
542 5779
661 5780
183 5781
103 5782
456 5783
684 5784
838 5785
730 5786
660 5787
929 5788
500 5789
391 5790
771 5791
988 5792
2 5793
337 5794
431 5795
775 5796
554 5797
896 5798
7 5799
971 5800
774 5801
167 5802
994 5803
876 5804
485 5805
361 5806
924 5807
767 5808
958 5809
873 5810
224 5811
768 5812
519 5813
722 5814
253 5815
551 5816
856 5817
777 5818
703 5819
921 5820
71 5821
287 5822
798 5823
741 5824
48 5825
645 5826
144 5827
159 5828
150 5829
823 5830
158 5831
879 5832
587 5833
684 5834
391 5835
988 5836
854 5837
823 5838
804 5839
543 5840
350 5841
410 5842
167 5843
615 5844
244 5845
13 5846
772 5847
322 5848
739 5849
577 5850
68 5851
5 5852
33 5853
872 5854
791 5855
53 5856
326 5857
179 5858
159 5859
222 5860
913 5861
550 5862
738 5863
698 5864
666 5865
919 5866
968 5867
458 5868
968 5869
904 5870
734 5871
298 5872
756 5873
404 5874
722 5875
359 5876
752 5877
681 5878
755 5879
685 5880
4 5881
660 5882
431 5883
468 5884
845 5885
801 5886
172 5887
682 5888
946 5889
591 5890
712 5891
272 5892
951 5893
722 5894
417 5895
462 5896
303 5897
619 5898
73 5899
693 5900
930 5901
171 5902
831 5903
945 5904
901 5905
857 5906
352 5907
126 5908
199 5909
156 5910
306 5911
494 5912
63 5913
327 5914
430 5915
356 5916
282 5917
551 5918
372 5919
271 5920
245 5921
552 5922
25 5923
976 5924
850 5925
576 5926
805 5927
888 5928
937 5929
423 5930
17 5931
986 5932
633 5933
16 5934
467 5935
241 5936
54 5937
859 5938
378 5939
473 5940
980 5941
686 5942
783 5943
545 5944
727 5945
410 5946
93 5947
988 5948
244 5949
641 5950
501 5951
366 5952
146 5953
177 5954
289 5955
425 5956
370 5957
626 5958
892 5959
382 5960
267 5961
537 5962
747 5963
536 5964
716 5965
408 5966
445 5967
474 5968
942 5969
520 5970
841 5971
790 5972
825 5973
607 5974
698 5975
487 5976
434 5977
468 5978
559 5979
454 5980
676 5981
133 5982
919 5983
273 5984
282 5985
613 5986
665 5987
597 5988
69 5989
629 5990
892 5991
735 5992
225 5993
505 5994
912 5995
682 5996
230 5997
565 5998
569 5999
279 6000
998 6001
163 6002
132 6003
446 6004
682 6005
594 6006
322 6007
930 6008
765 6009
720 6010
672 6011
642 6012
590 6013
470 6014
395 6015
977 6016
187 6017
229 6018
96 6019
221 6020
879 6021
413 6022
986 6023
417 6024
30 6025
842 6026
511 6027
472 6028
718 6029
270 6030
130 6031
476 6032
636 6033
730 6034
652 6035
564 6036
678 6037
606 6038
476 6039
17 6040
495 6041
816 6042
88 6043
700 6044
423 6045
221 6046
966 6047
145 6048
994 6049
439 6050
225 6051
187 6052
801 6053
865 6054
38 6055
162 6056
587 6057
503 6058
492 6059
982 6060
598 6061
533 6062
531 6063
481 6064
472 6065
833 6066
396 6067
587 6068
988 6069
597 6070
943 6071
958 6072
128 6073
396 6074
31 6075
65 6076
9 6077
350 6078
616 6079
694 6080
797 6081
609 6082
69 6083
971 6084
139 6085
86 6086
556 6087
398 6088
680 6089
619 6090
512 6091
937 6092
231 6093
676 6094
453 6095
730 6096
721 6097
840 6098
554 6099
906 6100
48 6101
813 6102
192 6103
480 6104
496 6105
166 6106
914 6107
450 6108
263 6109
227 6110
50 6111
437 6112
66 6113
551 6114
462 6115
342 6116
581 6117
307 6118
64 6119
715 6120
389 6121
437 6122
344 6123
421 6124
998 6125
474 6126
901 6127
795 6128
796 6129
542 6130
507 6131
932 6132
147 6133
868 6134
809 6135
40 6136
729 6137
645 6138
932 6139
446 6140
369 6141
966 6142
865 6143
391 6144
549 6145
10 6146
967 6147
757 6148
100 6149
748 6150
427 6151
839 6152
989 6153
28 6154
271 6155
24 6156
883 6157
90 6158
264 6159
426 6160
433 6161
327 6162
485 6163
133 6164
953 6165
76 6166
208 6167
503 6168
232 6169
449 6170
772 6171
879 6172
49 6173
11 6174
848 6175
711 6176
865 6177
485 6178
69 6179
530 6180
885 6181
235 6182
849 6183
995 6184
253 6185
54 6186
288 6187
569 6188
900 6189
949 6190
316 6191
184 6192
125 6193
223 6194
963 6195
111 6196
867 6197
358 6198
329 6199
826 6200
613 6201
398 6202
106 6203
379 6204
760 6205
808 6206
565 6207
416 6208
850 6209
533 6210
704 6211
585 6212
213 6213
129 6214
921 6215
564 6216
824 6217
617 6218
81 6219
731 6220
994 6221
227 6222
762 6223
143 6224
733 6225
849 6226
865 6227
419 6228
325 6229
531 6230
484 6231
42 6232
349 6233
23 6234
417 6235
477 6236
88 6237
260 6238
712 6239
508 6240
188 6241
879 6242
133 6243
643 6244
195 6245
986 6246
821 6247
91 6248
664 6249
56 6250
197 6251
778 6252
872 6253
974 6254
472 6255
124 6256
399 6257
275 6258
558 6259
261 6260
539 6261
37 6262
105 6263
301 6264
912 6265
97 6266
953 6267
977 6268
350 6269
724 6270
119 6271
682 6272
660 6273
144 6274
374 6275
287 6276
527 6277
688 6278
470 6279
620 6280
704 6281
755 6282
21 6283
5 6284
657 6285
696 6286
176 6287
446 6288
608 6289
267 6290
126 6291
651 6292
423 6293
557 6294
101 6295
521 6296
858 6297
258 6298
178 6299
194 6300
29 6301
892 6302
215 6303
137 6304
692 6305
647 6306
570 6307
719 6308
53 6309
737 6310
214 6311
516 6312
144 6313
1 6314
861 6315
500 6316
832 6317
452 6318
140 6319
559 6320
809 6321
455 6322
129 6323
564 6324
311 6325
964 6326
730 6327
744 6328
607 6329
200 6330
37 6331
854 6332
244 6333
860 6334
360 6335
902 6336
684 6337
626 6338
439 6339
659 6340
960 6341
275 6342
198 6343
823 6344
128 6345
153 6346
40 6347
755 6348
602 6349
347 6350
957 6351
597 6352
56 6353
735 6354
477 6355
781 6356
497 6357
838 6358
919 6359
251 6360
525 6361
17 6362
243 6363
176 6364
548 6365
185 6366
878 6367
920 6368
567 6369
501 6370
561 6371
473 6372
412 6373
330 6374
390 6375
371 6376
927 6377
705 6378
216 6379
28 6380
800 6381
843 6382
974 6383
202 6384
419 6385
108 6386
630 6387
992 6388
269 6389
901 6390
49 6391
586 6392
58 6393
632 6394
909 6395
245 6396
622 6397
553 6398
81 6399
565 6400
327 6401
580 6402
688 6403
893 6404
950 6405
445 6406
925 6407
752 6408
745 6409
594 6410
592 6411
114 6412
813 6413
283 6414
216 6415
517 6416
5 6417
32 6418
499 6419
846 6420
412 6421
508 6422
538 6423
316 6424
587 6425
224 6426
837 6427
33 6428
557 6429
596 6430
427 6431
943 6432
305 6433
910 6434
277 6435
650 6436
787 6437
935 6438
113 6439
194 6440
48 6441
312 6442
523 6443
922 6444
205 6445
30 6446
977 6447
62 6448
800 6449
886 6450
117 6451
640 6452
126 6453
733 6454
377 6455
656 6456
383 6457
75 6458
781 6459
72 6460
454 6461
556 6462
921 6463
226 6464
998 6465
55 6466
275 6467
582 6468
310 6469
670 6470
216 6471
349 6472
380 6473
509 6474
987 6475
197 6476
752 6477
954 6478
434 6479
288 6480
624 6481
202 6482
75 6483
899 6484
355 6485
69 6486
250 6487
675 6488
761 6489
155 6490
615 6491
351 6492
29 6493
316 6494
830 6495
47 6496
137 6497
910 6498
852 6499
509 6500
500 6501
498 6502
514 6503
276 6504
697 6505
810 6506
982 6507
796 6508
700 6509
997 6510
425 6511
212 6512
717 6513
218 6514
499 6515
687 6516
960 6517
31 6518
187 6519
814 6520
610 6521
867 6522
646 6523
4 6524
609 6525
154 6526
821 6527
218 6528
466 6529
870 6530
183 6531
715 6532
9 6533
159 6534
361 6535
160 6536
95 6537
963 6538
132 6539
951 6540
579 6541
26 6542
371 6543
405 6544
486 6545
556 6546
668 6547
92 6548
581 6549
663 6550
417 6551
884 6552
221 6553
147 6554
92 6555
329 6556
215 6557
452 6558
970 6559
804 6560
545 6561
904 6562
659 6563
659 6564
400 6565
553 6566
386 6567
208 6568
151 6569
527 6570
514 6571
117 6572
197 6573
531 6574
894 6575
234 6576
754 6577
415 6578
190 6579
523 6580
147 6581
869 6582
792 6583
783 6584
653 6585
991 6586
465 6587
616 6588
221 6589
462 6590
760 6591
496 6592
789 6593
570 6594
12 6595
16 6596
97 6597
146 6598
28 6599
26 6600
757 6601
524 6602
379 6603
787 6604
537 6605
661 6606
605 6607
59 6608
972 6609
630 6610
839 6611
475 6612
291 6613
625 6614
356 6615
150 6616
646 6617
503 6618
52 6619
427 6620
393 6621
682 6622
915 6623
673 6624
647 6625
455 6626
53 6627
77 6628
591 6629
891 6630
50 6631
734 6632
61 6633
270 6634
727 6635
245 6636
660 6637
535 6638
221 6639
807 6640
177 6641
637 6642
380 6643
267 6644
503 6645
972 6646
594 6647
132 6648
581 6649
75 6650
259 6651
680 6652
372 6653
382 6654
85 6655
598 6656
788 6657
60 6658
312 6659
729 6660
376 6661
23 6662
245 6663
700 6664
899 6665
840 6666
975 6667
172 6668
704 6669
179 6670
633 6671
673 6672
590 6673
637 6674
391 6675
547 6676
504 6677
914 6678
812 6679
85 6680
108 6681
173 6682
835 6683
982 6684
417 6685
691 6686
207 6687
938 6688
757 6689
588 6690
793 6691
862 6692
552 6693
251 6694
232 6695
360 6696
427 6697
894 6698
242 6699
605 6700
577 6701
920 6702
615 6703
660 6704
174 6705
673 6706
828 6707
737 6708
155 6709
465 6710
948 6711
350 6712
573 6713
71 6714
633 6715
556 6716
942 6717
306 6718
913 6719
757 6720
19 6721
437 6722
794 6723
865 6724
40 6725
127 6726
834 6727
417 6728
586 6729
486 6730
88 6731
112 6732
349 6733
342 6734
772 6735
938 6736
12 6737
441 6738
975 6739
428 6740
314 6741
706 6742
395 6743
103 6744
388 6745
154 6746
747 6747
342 6748
459 6749
538 6750
756 6751
14 6752
448 6753
115 6754
412 6755
48 6756
986 6757
844 6758
639 6759
133 6760
362 6761
7 6762
694 6763
3 6764
56 6765
74 6766
274 6767
817 6768
370 6769
341 6770
325 6771
210 6772
668 6773
650 6774
536 6775
464 6776
812 6777
429 6778
380 6779
91 6780
933 6781
877 6782
72 6783
215 6784
470 6785
81 6786
951 6787
851 6788
678 6789
925 6790
522 6791
32 6792
791 6793
822 6794
908 6795
433 6796
641 6797
796 6798
798 6799
683 6800
439 6801
97 6802
134 6803
881 6804
164 6805
219 6806
920 6807
308 6808
911 6809
698 6810
472 6811
47 6812
273 6813
363 6814
668 6815
565 6816
546 6817
999 6818
147 6819
697 6820
485 6821
523 6822
896 6823
922 6824
327 6825
218 6826
342 6827
9 6828
786 6829
118 6830
922 6831
562 6832
717 6833
776 6834
719 6835
338 6836
861 6837
857 6838
999 6839
925 6840
557 6841
235 6842
494 6843
300 6844
685 6845
616 6846
990 6847
990 6848
966 6849
266 6850
822 6851
315 6852
163 6853
761 6854
784 6855
582 6856
589 6857
149 6858
113 6859
448 6860
31 6861
253 6862
335 6863
528 6864
492 6865
302 6866
521 6867
63 6868
873 6869
770 6870
133 6871
465 6872
60 6873
366 6874
674 6875
846 6876
922 6877
944 6878
717 6879
99 6880
106 6881
119 6882
26 6883
25 6884
862 6885
801 6886
953 6887
762 6888
332 6889
314 6890
547 6891
989 6892
501 6893
444 6894
385 6895
341 6896
495 6897
16 6898
897 6899
280 6900
465 6901
250 6902
333 6903
554 6904
600 6905
714 6906
475 6907
945 6908
308 6909
998 6910
650 6911
27 6912
117 6913
232 6914
527 6915
539 6916
762 6917
947 6918
818 6919
373 6920
764 6921
898 6922
935 6923
762 6924
566 6925
337 6926
20 6927
32 6928
863 6929
70 6930
369 6931
343 6932
206 6933
124 6934
527 6935
476 6936
946 6937
466 6938
640 6939
780 6940
291 6941
407 6942
714 6943
337 6944
38 6945
191 6946
505 6947
410 6948
315 6949
850 6950
947 6951
293 6952
418 6953
236 6954
156 6955
595 6956
822 6957
29 6958
719 6959
337 6960
659 6961
478 6962
799 6963
584 6964
763 6965
343 6966
436 6967
681 6968
425 6969
323 6970
407 6971
817 6972
222 6973
309 6974
408 6975
506 6976
269 6977
677 6978
275 6979
694 6980
786 6981
363 6982
422 6983
419 6984
116 6985
686 6986
162 6987
645 6988
216 6989
5 6990
178 6991
421 6992
475 6993
463 6994
1000 6995
39 6996
511 6997
360 6998
481 6999
384 7000
456 7001
450 7002
246 7003
570 7004
244 7005
171 7006
768 7007
900 7008
312 7009
604 7010
496 7011
651 7012
974 7013
534 7014
756 7015
678 7016
357 7017
744 7018
84 7019
480 7020
354 7021
74 7022
80 7023
313 7024
872 7025
738 7026
919 7027
650 7028
792 7029
736 7030
56 7031
164 7032
922 7033
724 7034
246 7035
995 7036
577 7037
980 7038
801 7039
515 7040
579 7041
1000 7042
62 7043
170 7044
671 7045
203 7046
104 7047
133 7048
637 7049
129 7050
637 7051
937 7052
15 7053
13 7054
864 7055
524 7056
702 7057
62 7058
251 7059
111 7060
678 7061
940 7062
189 7063
790 7064
185 7065
189 7066
208 7067
152 7068
953 7069
732 7070
48 7071
287 7072
60 7073
914 7074
667 7075
740 7076
195 7077
292 7078
56 7079
778 7080
425 7081
968 7082
628 7083
75 7084
819 7085
580 7086
220 7087
299 7088
713 7089
874 7090
224 7091
836 7092
208 7093
961 7094
88 7095
617 7096
838 7097
468 7098
608 7099
79 7100
532 7101
604 7102
197 7103
162 7104
156 7105
473 7106
102 7107
531 7108
645 7109
158 7110
23 7111
812 7112
949 7113
569 7114
290 7115
899 7116
389 7117
258 7118
383 7119
918 7120
995 7121
183 7122
352 7123
144 7124
250 7125
622 7126
57 7127
310 7128
175 7129
178 7130
522 7131
758 7132
63 7133
157 7134
436 7135
488 7136
146 7137
602 7138
378 7139
394 7140
892 7141
453 7142
632 7143
801 7144
534 7145
30 7146
700 7147
242 7148
534 7149
964 7150
672 7151
892 7152
333 7153
165 7154
373 7155
569 7156
436 7157
315 7158
384 7159
528 7160
9 7161
852 7162
313 7163
251 7164
928 7165
896 7166
858 7167
296 7168
173 7169
539 7170
130 7171
696 7172
902 7173
223 7174
678 7175
94 7176
673 7177
783 7178
150 7179
373 7180
842 7181
968 7182
803 7183
433 7184
916 7185
87 7186
66 7187
759 7188
212 7189
837 7190
520 7191
171 7192
985 7193
258 7194
26 7195
269 7196
391 7197
417 7198
885 7199
180 7200
694 7201
182 7202
695 7203
81 7204
976 7205
997 7206
350 7207
38 7208
20 7209
860 7210
145 7211
6 7212
405 7213
647 7214
869 7215
981 7216
358 7217
654 7218
350 7219
446 7220
903 7221
588 7222
787 7223
676 7224
475 7225
336 7226
711 7227
760 7228
263 7229
712 7230
612 7231
477 7232
971 7233
174 7234
782 7235
531 7236
393 7237
540 7238
320 7239
186 7240
858 7241
450 7242
921 7243
431 7244
660 7245
261 7246
168 7247
891 7248
539 7249
119 7250
394 7251
870 7252
522 7253
680 7254
114 7255
408 7256
799 7257
857 7258
466 7259
451 7260
615 7261
505 7262
812 7263
241 7264
80 7265
930 7266
410 7267
936 7268
504 7269
726 7270
267 7271
487 7272
710 7273
905 7274
810 7275
923 7276
488 7277
733 7278
421 7279
524 7280
803 7281
425 7282
323 7283
636 7284
173 7285
710 7286
550 7287
112 7288
600 7289
256 7290
939 7291
390 7292
332 7293
523 7294
397 7295
427 7296
425 7297
357 7298
6 7299
542 7300
669 7301
409 7302
702 7303
818 7304
580 7305
11 7306
754 7307
623 7308
932 7309
57 7310
622 7311
73 7312
751 7313
870 7314
988 7315
365 7316
966 7317
603 7318
358 7319
100 7320
850 7321
982 7322
350 7323
984 7324
782 7325
489 7326
77 7327
454 7328
684 7329
367 7330
670 7331
46 7332
651 7333
730 7334
834 7335
533 7336
297 7337
189 7338
794 7339
88 7340
632 7341
97 7342
523 7343
185 7344
183 7345
372 7346
341 7347
505 7348
606 7349
600 7350
385 7351
764 7352
674 7353
269 7354
648 7355
188 7356
826 7357
284 7358
883 7359
127 7360
509 7361
298 7362
38 7363
861 7364
449 7365
481 7366
164 7367
253 7368
124 7369
848 7370
194 7371
514 7372
465 7373
431 7374
437 7375
245 7376
195 7377
467 7378
64 7379
447 7380
148 7381
497 7382
754 7383
317 7384
535 7385
199 7386
134 7387
269 7388
714 7389
830 7390
581 7391
636 7392
28 7393
270 7394
269 7395
813 7396
668 7397
223 7398
98 7399
454 7400
496 7401
961 7402
224 7403
301 7404
809 7405
459 7406
75 7407
445 7408
933 7409
20 7410
692 7411
327 7412
408 7413
193 7414
547 7415
237 7416
155 7417
998 7418
18 7419
581 7420
962 7421
156 7422
448 7423
938 7424
567 7425
454 7426
503 7427
276 7428
860 7429
812 7430
529 7431
600 7432
580 7433
947 7434
819 7435
791 7436
616 7437
824 7438
617 7439
494 7440
105 7441
940 7442
978 7443
292 7444
855 7445
887 7446
451 7447
569 7448
874 7449
98 7450
544 7451
865 7452
953 7453
670 7454
540 7455
581 7456
796 7457
172 7458
316 7459
112 7460
978 7461
670 7462
589 7463
78 7464
623 7465
535 7466
341 7467
891 7468
806 7469
646 7470
403 7471
259 7472
938 7473
529 7474
500 7475
791 7476
162 7477
653 7478
901 7479
766 7480
431 7481
946 7482
68 7483
234 7484
857 7485
502 7486
240 7487
10 7488
921 7489
850 7490
615 7491
141 7492
617 7493
520 7494
446 7495
958 7496
723 7497
447 7498
181 7499
811 7500
646 7501
183 7502
151 7503
902 7504
286 7505
258 7506
613 7507
559 7508
876 7509
698 7510
325 7511
292 7512
242 7513
142 7514
141 7515
847 7516
557 7517
798 7518
31 7519
211 7520
566 7521
37 7522
717 7523
835 7524
428 7525
110 7526
626 7527
544 7528
377 7529
560 7530
946 7531
430 7532
733 7533
730 7534
882 7535
524 7536
68 7537
216 7538
367 7539
151 7540
843 7541
311 7542
221 7543
968 7544
962 7545
738 7546
900 7547
597 7548
399 7549
825 7550
289 7551
897 7552
765 7553
589 7554
787 7555
260 7556
143 7557
231 7558
33 7559
568 7560
556 7561
626 7562
695 7563
918 7564
303 7565
401 7566
661 7567
671 7568
361 7569
707 7570
854 7571
301 7572
373 7573
184 7574
253 7575
920 7576
469 7577
660 7578
377 7579
727 7580
82 7581
842 7582
23 7583
126 7584
46 7585
570 7586
496 7587
656 7588
831 7589
822 7590
640 7591
697 7592
288 7593
839 7594
957 7595
275 7596
811 7597
359 7598
207 7599
199 7600
342 7601
689 7602
3 7603
3 7604
596 7605
217 7606
65 7607
632 7608
902 7609
519 7610
114 7611
966 7612
540 7613
251 7614
579 7615
917 7616
573 7617
534 7618
165 7619
45 7620
532 7621
408 7622
190 7623
588 7624
438 7625
451 7626
369 7627
348 7628
889 7629
199 7630
416 7631
958 7632
678 7633
646 7634
926 7635
150 7636
151 7637
504 7638
160 7639
92 7640
863 7641
107 7642
173 7643
928 7644
238 7645
957 7646
827 7647
821 7648
415 7649
983 7650
597 7651
928 7652
65 7653
783 7654
363 7655
628 7656
900 7657
381 7658
472 7659
374 7660
660 7661
493 7662
88 7663
856 7664
500 7665
144 7666
467 7667
777 7668
122 7669
395 7670
219 7671
204 7672
79 7673
815 7674
800 7675
764 7676
7 7677
52 7678
446 7679
339 7680
41 7681
893 7682
921 7683
243 7684
535 7685
655 7686
156 7687
777 7688
865 7689
222 7690
233 7691
636 7692
202 7693
77 7694
636 7695
146 7696
558 7697
882 7698
77 7699
676 7700
171 7701
268 7702
714 7703
619 7704
980 7705
813 7706
968 7707
463 7708
699 7709
244 7710
843 7711
327 7712
771 7713
671 7714
326 7715
620 7716
587 7717
814 7718
728 7719
665 7720
655 7721
398 7722
614 7723
421 7724
872 7725
593 7726
812 7727
357 7728
940 7729
652 7730
81 7731
228 7732
546 7733
372 7734
282 7735
582 7736
239 7737
304 7738
804 7739
686 7740
879 7741
317 7742
608 7743
220 7744
999 7745
173 7746
688 7747
323 7748
793 7749
678 7750
630 7751
848 7752
123 7753
766 7754
427 7755
417 7756
575 7757
74 7758
915 7759
128 7760
496 7761
403 7762
874 7763
746 7764
705 7765
381 7766
537 7767
886 7768
658 7769
119 7770
89 7771
49 7772
814 7773
33 7774
815 7775
219 7776
965 7777
892 7778
818 7779
200 7780
945 7781
851 7782
215 7783
335 7784
620 7785
984 7786
351 7787
450 7788
358 7789
641 7790
102 7791
398 7792
273 7793
371 7794
789 7795
882 7796
161 7797
28 7798
485 7799
639 7800
371 7801
683 7802
718 7803
178 7804
495 7805
85 7806
982 7807
82 7808
927 7809
24 7810
568 7811
32 7812
734 7813
677 7814
411 7815
675 7816
287 7817
387 7818
706 7819
275 7820
561 7821
349 7822
369 7823
57 7824
373 7825
633 7826
77 7827
9 7828
52 7829
329 7830
497 7831
499 7832
304 7833
88 7834
445 7835
191 7836
434 7837
45 7838
433 7839
169 7840
4 7841
676 7842
261 7843
736 7844
599 7845
719 7846
859 7847
149 7848
370 7849
801 7850
411 7851
51 7852
169 7853
182 7854
514 7855
466 7856
350 7857
662 7858
797 7859
687 7860
225 7861
630 7862
767 7863
865 7864
918 7865
959 7866
633 7867
448 7868
3 7869
618 7870
7 7871
770 7872
487 7873
496 7874
198 7875
60 7876
971 7877
805 7878
433 7879
293 7880
497 7881
425 7882
772 7883
308 7884
578 7885
980 7886
763 7887
435 7888
416 7889
555 7890
716 7891
320 7892
231 7893
357 7894
15 7895
569 7896
799 7897
568 7898
904 7899
943 7900
696 7901
234 7902
968 7903
739 7904
728 7905
142 7906
298 7907
147 7908
840 7909
304 7910
240 7911
74 7912
404 7913
897 7914
637 7915
615 7916
441 7917
219 7918
888 7919
880 7920
1 7921
605 7922
217 7923
961 7924
207 7925
678 7926
502 7927
335 7928
527 7929
965 7930
789 7931
630 7932
692 7933
907 7934
919 7935
186 7936
469 7937
413 7938
965 7939
108 7940
238 7941
758 7942
947 7943
156 7944
891 7945
60 7946
876 7947
536 7948
485 7949
400 7950
920 7951
23 7952
525 7953
852 7954
353 7955
311 7956
640 7957
600 7958
635 7959
782 7960
569 7961
240 7962
348 7963
902 7964
471 7965
28 7966
978 7967
398 7968
123 7969
256 7970
53 7971
388 7972
22 7973
462 7974
155 7975
836 7976
28 7977
993 7978
446 7979
777 7980
220 7981
903 7982
139 7983
936 7984
848 7985
615 7986
460 7987
214 7988
589 7989
14 7990
909 7991
839 7992
347 7993
625 7994
64 7995
305 7996
833 7997
681 7998
24 7999
578 8000
55 8001
942 8002
706 8003
721 8004
862 8005
474 8006
730 8007
30 8008
675 8009
162 8010
659 8011
478 8012
998 8013
229 8014
788 8015
903 8016
641 8017
286 8018
978 8019
111 8020
71 8021
593 8022
281 8023
630 8024
824 8025
69 8026
931 8027
36 8028
875 8029
590 8030
602 8031
849 8032
530 8033
619 8034
14 8035
103 8036
376 8037
318 8038
96 8039
22 8040
171 8041
73 8042
41 8043
89 8044
938 8045
321 8046
236 8047
320 8048
823 8049
71 8050
129 8051
994 8052
714 8053
605 8054
799 8055
671 8056
399 8057
654 8058
424 8059
392 8060
665 8061
122 8062
311 8063
59 8064
763 8065
684 8066
560 8067
247 8068
847 8069
466 8070
414 8071
576 8072
886 8073
874 8074
606 8075
358 8076
424 8077
684 8078
780 8079
320 8080
295 8081
219 8082
201 8083
458 8084
75 8085
281 8086
810 8087
511 8088
730 8089
887 8090
129 8091
620 8092
495 8093
360 8094
816 8095
55 8096
510 8097
814 8098
54 8099
771 8100
312 8101
681 8102
568 8103
491 8104
459 8105
717 8106
613 8107
242 8108
174 8109
932 8110
556 8111
332 8112
953 8113
814 8114
801 8115
600 8116
646 8117
79 8118
832 8119
503 8120
285 8121
428 8122
249 8123
26 8124
989 8125
380 8126
572 8127
843 8128
467 8129
298 8130
121 8131
461 8132
18 8133
813 8134
417 8135
767 8136
496 8137
502 8138
595 8139
91 8140
865 8141
408 8142
672 8143
454 8144
517 8145
139 8146
640 8147
98 8148
874 8149
342 8150
577 8151
376 8152
721 8153
121 8154
269 8155
945 8156
563 8157
611 8158
323 8159
479 8160
374 8161
614 8162
305 8163
663 8164
979 8165
191 8166
128 8167
189 8168
242 8169
528 8170
838 8171
827 8172
747 8173
203 8174
958 8175
717 8176
525 8177
597 8178
325 8179
314 8180
318 8181
873 8182
953 8183
600 8184
5 8185
649 8186
72 8187
814 8188
493 8189
518 8190
780 8191
178 8192
482 8193
885 8194
195 8195
442 8196
704 8197
370 8198
309 8199
162 8200
943 8201
209 8202
851 8203
511 8204
714 8205
16 8206
414 8207
104 8208
208 8209
691 8210
695 8211
380 8212
90 8213
356 8214
594 8215
979 8216
681 8217
195 8218
362 8219
20 8220
259 8221
969 8222
220 8223
94 8224
954 8225
5 8226
400 8227
529 8228
46 8229
214 8230
201 8231
574 8232
241 8233
149 8234
495 8235
431 8236
966 8237
446 8238
118 8239
907 8240
935 8241
869 8242
6 8243
875 8244
122 8245
908 8246
77 8247
696 8248
154 8249
765 8250
142 8251
146 8252
768 8253
586 8254
345 8255
273 8256
121 8257
662 8258
110 8259
585 8260
475 8261
863 8262
109 8263
595 8264
509 8265
769 8266
948 8267
448 8268
677 8269
218 8270
690 8271
94 8272
218 8273
16 8274
496 8275
823 8276
784 8277
380 8278
663 8279
107 8280
981 8281
475 8282
793 8283
68 8284
700 8285
676 8286
466 8287
499 8288
494 8289
879 8290
271 8291
397 8292
792 8293
848 8294
887 8295
227 8296
556 8297
982 8298
912 8299
432 8300
252 8301
608 8302
196 8303
377 8304
16 8305
985 8306
428 8307
26 8308
461 8309
495 8310
383 8311
100 8312
491 8313
676 8314
711 8315
25 8316
962 8317
851 8318
809 8319
35 8320
328 8321
131 8322
506 8323
101 8324
724 8325
305 8326
173 8327
135 8328
313 8329
485 8330
715 8331
844 8332
980 8333
540 8334
923 8335
69 8336
912 8337
902 8338
165 8339
281 8340
481 8341
9 8342
812 8343
8 8344
224 8345
574 8346
253 8347
936 8348
495 8349
663 8350
637 8351
967 8352
270 8353
537 8354
158 8355
37 8356
374 8357
919 8358
871 8359
848 8360
459 8361
100 8362
688 8363
554 8364
2 8365
570 8366
489 8367
959 8368
32 8369
42 8370
554 8371
985 8372
224 8373
483 8374
172 8375
350 8376
600 8377
823 8378
227 8379
521 8380
172 8381
273 8382
809 8383
524 8384
204 8385
510 8386
212 8387
543 8388
913 8389
553 8390
90 8391
585 8392
410 8393
280 8394
992 8395
821 8396
115 8397
677 8398
205 8399
816 8400
923 8401
821 8402
470 8403
525 8404
364 8405
963 8406
739 8407
483 8408
329 8409
844 8410
101 8411
660 8412
429 8413
753 8414
338 8415
26 8416
485 8417
771 8418
143 8419
58 8420
741 8421
182 8422
653 8423
418 8424
171 8425
167 8426
994 8427
836 8428
872 8429
753 8430
779 8431
627 8432
511 8433
555 8434
763 8435
984 8436
640 8437
515 8438
440 8439
583 8440
603 8441
770 8442
578 8443
721 8444
764 8445
118 8446
520 8447
250 8448
36 8449
998 8450
997 8451
800 8452
488 8453
665 8454
6 8455
542 8456
37 8457
149 8458
944 8459
113 8460
122 8461
681 8462
762 8463
539 8464
17 8465
875 8466
710 8467
776 8468
721 8469
171 8470
41 8471
961 8472
519 8473
850 8474
627 8475
827 8476
954 8477
999 8478
739 8479
587 8480
720 8481
565 8482
956 8483
915 8484
118 8485
57 8486
874 8487
88 8488
445 8489
543 8490
387 8491
510 8492
198 8493
878 8494
584 8495
841 8496
956 8497
54 8498
384 8499
491 8500
95 8501
786 8502
676 8503
725 8504
185 8505
483 8506
314 8507
88 8508
30 8509
868 8510
377 8511
801 8512
267 8513
137 8514
189 8515
319 8516
478 8517
908 8518
212 8519
720 8520
185 8521
302 8522
165 8523
521 8524
741 8525
792 8526
691 8527
672 8528
29 8529
330 8530
63 8531
456 8532
532 8533
955 8534
324 8535
144 8536
329 8537
812 8538
834 8539
459 8540
445 8541
104 8542
221 8543
765 8544
123 8545
170 8546
310 8547
106 8548
365 8549
428 8550
425 8551
739 8552
608 8553
324 8554
658 8555
69 8556
722 8557
464 8558
357 8559
934 8560
196 8561
196 8562
302 8563
694 8564
284 8565
207 8566
417 8567
252 8568
485 8569
241 8570
586 8571
622 8572
91 8573
269 8574
978 8575
448 8576
44 8577
596 8578
55 8579
84 8580
804 8581
641 8582
3 8583
513 8584
517 8585
579 8586
566 8587
740 8588
299 8589
248 8590
115 8591
427 8592
304 8593
868 8594
401 8595
394 8596
8 8597
919 8598
579 8599
725 8600
757 8601
463 8602
929 8603
903 8604
9 8605
655 8606
247 8607
709 8608
599 8609
769 8610
364 8611
694 8612
543 8613
206 8614
399 8615
512 8616
605 8617
608 8618
790 8619
101 8620
301 8621
414 8622
267 8623
712 8624
8 8625
844 8626
277 8627
793 8628
479 8629
527 8630
306 8631
318 8632
194 8633
548 8634
77 8635
779 8636
19 8637
120 8638
359 8639
329 8640
326 8641
541 8642
86 8643
991 8644
585 8645
780 8646
744 8647
541 8648
689 8649
472 8650
773 8651
795 8652
882 8653
907 8654
799 8655
895 8656
827 8657
794 8658
871 8659
904 8660
489 8661
3 8662
209 8663
465 8664
513 8665
660 8666
135 8667
730 8668
950 8669
948 8670
447 8671
910 8672
559 8673
308 8674
63 8675
531 8676
287 8677
792 8678
383 8679
907 8680
763 8681
649 8682
232 8683
326 8684
130 8685
724 8686
586 8687
263 8688
617 8689
389 8690
402 8691
231 8692
539 8693
745 8694
881 8695
535 8696
569 8697
323 8698
148 8699
772 8700
447 8701
674 8702
711 8703
20 8704
756 8705
797 8706
482 8707
508 8708
863 8709
884 8710
357 8711
545 8712
932 8713
190 8714
701 8715
65 8716
817 8717
754 8718
603 8719
853 8720
724 8721
217 8722
641 8723
68 8724
412 8725
378 8726
436 8727
381 8728
226 8729
866 8730
421 8731
957 8732
196 8733
368 8734
723 8735
967 8736
225 8737
769 8738
48 8739
945 8740
535 8741
334 8742
675 8743
732 8744
969 8745
793 8746
698 8747
516 8748
278 8749
919 8750
224 8751
904 8752
719 8753
392 8754
618 8755
742 8756
152 8757
678 8758
979 8759
387 8760
450 8761
245 8762
994 8763
519 8764
874 8765
851 8766
793 8767
924 8768
18 8769
631 8770
717 8771
926 8772
327 8773
701 8774
384 8775
587 8776
405 8777
123 8778
113 8779
663 8780
594 8781
310 8782
542 8783
151 8784
21 8785
491 8786
357 8787
134 8788
447 8789
873 8790
595 8791
578 8792
585 8793
651 8794
282 8795
391 8796
206 8797
885 8798
584 8799
288 8800
256 8801
392 8802
995 8803
360 8804
746 8805
96 8806
164 8807
599 8808
104 8809
440 8810
835 8811
659 8812
957 8813
6 8814
436 8815
636 8816
351 8817
976 8818
246 8819
925 8820
410 8821
356 8822
630 8823
418 8824
31 8825
769 8826
450 8827
384 8828
487 8829
832 8830
698 8831
597 8832
161 8833
736 8834
655 8835
651 8836
733 8837
264 8838
900 8839
693 8840
89 8841
817 8842
295 8843
171 8844
502 8845
927 8846
210 8847
937 8848
477 8849
663 8850
399 8851
667 8852
470 8853
598 8854
470 8855
416 8856
883 8857
84 8858
378 8859
340 8860
517 8861
901 8862
452 8863
81 8864
810 8865
6 8866
799 8867
591 8868
888 8869
282 8870
753 8871
176 8872
304 8873
25 8874
465 8875
245 8876
537 8877
860 8878
885 8879
282 8880
473 8881
139 8882
253 8883
139 8884
264 8885
617 8886
655 8887
411 8888
629 8889
321 8890
267 8891
746 8892
945 8893
942 8894
218 8895
63 8896
929 8897
779 8898
9 8899
950 8900
120 8901
994 8902
121 8903
504 8904
650 8905
896 8906
970 8907
802 8908
325 8909
971 8910
714 8911
158 8912
219 8913
836 8914
932 8915
689 8916
477 8917
906 8918
718 8919
371 8920
258 8921
922 8922
650 8923
257 8924
819 8925
727 8926
334 8927
23 8928
635 8929
328 8930
912 8931
181 8932
312 8933
378 8934
835 8935
382 8936
208 8937
86 8938
575 8939
904 8940
735 8941
35 8942
702 8943
948 8944
375 8945
382 8946
896 8947
919 8948
629 8949
889 8950
143 8951
144 8952
702 8953
233 8954
886 8955
593 8956
712 8957
604 8958
405 8959
824 8960
397 8961
757 8962
128 8963
551 8964
405 8965
184 8966
379 8967
577 8968
16 8969
706 8970
406 8971
439 8972
588 8973
559 8974
496 8975
769 8976
150 8977
225 8978
685 8979
782 8980
583 8981
581 8982
518 8983
514 8984
882 8985
49 8986
21 8987
546 8988
622 8989
850 8990
504 8991
318 8992
636 8993
308 8994
80 8995
31 8996
910 8997
134 8998
941 8999
716 9000
740 9001
681 9002
311 9003
270 9004
975 9005
933 9006
249 9007
119 9008
31 9009
477 9010
408 9011
863 9012
581 9013
576 9014
589 9015
847 9016
764 9017
912 9018
290 9019
316 9020
794 9021
381 9022
684 9023
60 9024
525 9025
850 9026
809 9027
540 9028
784 9029
561 9030
570 9031
958 9032
742 9033
244 9034
754 9035
31 9036
568 9037
26 9038
604 9039
105 9040
774 9041
509 9042
684 9043
587 9044
372 9045
860 9046
229 9047
93 9048
945 9049
749 9050
72 9051
367 9052
465 9053
780 9054
678 9055
168 9056
653 9057
978 9058
53 9059
539 9060
971 9061
859 9062
874 9063
931 9064
593 9065
126 9066
539 9067
301 9068
565 9069
75 9070
62 9071
933 9072
285 9073
665 9074
847 9075
197 9076
565 9077
608 9078
500 9079
490 9080
501 9081
325 9082
291 9083
32 9084
897 9085
901 9086
1000 9087
282 9088
319 9089
973 9090
4 9091
568 9092
956 9093
874 9094
454 9095
718 9096
286 9097
321 9098
556 9099
706 9100
735 9101
735 9102
500 9103
961 9104
184 9105
220 9106
870 9107
936 9108
304 9109
804 9110
830 9111
972 9112
267 9113
946 9114
145 9115
528 9116
24 9117
428 9118
743 9119
230 9120
732 9121
729 9122
630 9123
501 9124
38 9125
298 9126
955 9127
473 9128
187 9129
701 9130
46 9131
895 9132
295 9133
79 9134
595 9135
303 9136
925 9137
85 9138
571 9139
103 9140
186 9141
903 9142
76 9143
729 9144
609 9145
675 9146
43 9147
914 9148
35 9149
747 9150
927 9151
566 9152
253 9153
837 9154
599 9155
196 9156
888 9157
815 9158
177 9159
695 9160
945 9161
686 9162
455 9163
71 9164
940 9165
601 9166
707 9167
751 9168
89 9169
204 9170
696 9171
772 9172
43 9173
177 9174
354 9175
399 9176
36 9177
728 9178
482 9179
13 9180
800 9181
194 9182
695 9183
384 9184
919 9185
696 9186
405 9187
66 9188
807 9189
773 9190
730 9191
117 9192
423 9193
953 9194
334 9195
250 9196
931 9197
147 9198
917 9199
779 9200
35 9201
865 9202
382 9203
980 9204
806 9205
796 9206
143 9207
879 9208
160 9209
195 9210
700 9211
801 9212
789 9213
563 9214
559 9215
561 9216
928 9217
18 9218
333 9219
548 9220
684 9221
76 9222
863 9223
993 9224
41 9225
182 9226
742 9227
469 9228
972 9229
691 9230
323 9231
955 9232
150 9233
180 9234
636 9235
733 9236
825 9237
512 9238
921 9239
20 9240
1 9241
599 9242
896 9243
1 9244
193 9245
692 9246
489 9247
615 9248
254 9249
487 9250
450 9251
909 9252
393 9253
435 9254
476 9255
183 9256
42 9257
241 9258
292 9259
631 9260
271 9261
710 9262
912 9263
640 9264
205 9265
79 9266
498 9267
750 9268
279 9269
565 9270
35 9271
578 9272
192 9273
748 9274
460 9275
623 9276
602 9277
942 9278
596 9279
768 9280
648 9281
28 9282
522 9283
647 9284
856 9285
404 9286
859 9287
786 9288
591 9289
284 9290
56 9291
902 9292
138 9293
796 9294
619 9295
900 9296
153 9297
620 9298
104 9299
491 9300
722 9301
218 9302
357 9303
509 9304
991 9305
425 9306
761 9307
322 9308
620 9309
509 9310
700 9311
268 9312
939 9313
429 9314
729 9315
202 9316
96 9317
479 9318
799 9319
477 9320
295 9321
1000 9322
954 9323
553 9324
289 9325
1 9326
29 9327
443 9328
921 9329
22 9330
948 9331
715 9332
82 9333
207 9334
673 9335
650 9336
685 9337
256 9338
989 9339
22 9340
463 9341
34 9342
755 9343
790 9344
156 9345
170 9346
793 9347
380 9348
271 9349
852 9350
605 9351
208 9352
918 9353
945 9354
28 9355
911 9356
412 9357
420 9358
626 9359
557 9360
74 9361
111 9362
12 9363
700 9364
547 9365
329 9366
419 9367
395 9368
898 9369
537 9370
245 9371
290 9372
360 9373
914 9374
97 9375
88 9376
362 9377
928 9378
867 9379
302 9380
859 9381
838 9382
986 9383
204 9384
451 9385
695 9386
355 9387
374 9388
194 9389
347 9390
321 9391
239 9392
434 9393
462 9394
335 9395
189 9396
693 9397
334 9398
97 9399
8 9400
53 9401
817 9402
648 9403
170 9404
153 9405
199 9406
364 9407
620 9408
412 9409
265 9410
370 9411
490 9412
215 9413
184 9414
928 9415
186 9416
663 9417
218 9418
486 9419
628 9420
48 9421
962 9422
46 9423
558 9424
110 9425
803 9426
843 9427
890 9428
653 9429
208 9430
728 9431
604 9432
966 9433
22 9434
627 9435
210 9436
179 9437
339 9438
671 9439
318 9440
752 9441
642 9442
764 9443
980 9444
630 9445
973 9446
128 9447
53 9448
744 9449
484 9450
850 9451
164 9452
93 9453
158 9454
309 9455
696 9456
930 9457
24 9458
41 9459
288 9460
396 9461
518 9462
133 9463
627 9464
904 9465
304 9466
538 9467
409 9468
962 9469
821 9470
714 9471
226 9472
469 9473
370 9474
597 9475
427 9476
976 9477
214 9478
560 9479
426 9480
405 9481
997 9482
147 9483
989 9484
114 9485
909 9486
318 9487
566 9488
940 9489
800 9490
249 9491
678 9492
444 9493
291 9494
171 9495
64 9496
180 9497
241 9498
661 9499
994 9500
590 9501
89 9502
873 9503
460 9504
463 9505
53 9506
638 9507
223 9508
194 9509
503 9510
574 9511
333 9512
535 9513
526 9514
7 9515
192 9516
139 9517
131 9518
283 9519
193 9520
648 9521
281 9522
25 9523
475 9524
148 9525
496 9526
247 9527
32 9528
775 9529
486 9530
273 9531
735 9532
212 9533
40 9534
684 9535
355 9536
432 9537
533 9538
797 9539
681 9540
124 9541
974 9542
372 9543
288 9544
647 9545
20 9546
452 9547
946 9548
390 9549
557 9550
869 9551
906 9552
443 9553
550 9554
42 9555
523 9556
324 9557
411 9558
697 9559
733 9560
65 9561
832 9562
332 9563
877 9564
524 9565
817 9566
985 9567
595 9568
921 9569
495 9570
162 9571
764 9572
512 9573
748 9574
259 9575
823 9576
24 9577
771 9578
761 9579
266 9580
229 9581
569 9582
539 9583
101 9584
633 9585
799 9586
548 9587
815 9588
13 9589
869 9590
196 9591
427 9592
412 9593
847 9594
190 9595
397 9596
231 9597
923 9598
272 9599
522 9600
687 9601
43 9602
840 9603
560 9604
338 9605
856 9606
438 9607
397 9608
26 9609
869 9610
447 9611
737 9612
936 9613
464 9614
607 9615
79 9616
678 9617
592 9618
802 9619
511 9620
711 9621
664 9622
500 9623
597 9624
353 9625
459 9626
989 9627
600 9628
845 9629
584 9630
598 9631
695 9632
79 9633
718 9634
22 9635
543 9636
13 9637
70 9638
392 9639
242 9640
269 9641
76 9642
560 9643
290 9644
425 9645
403 9646
608 9647
722 9648
490 9649
635 9650
441 9651
233 9652
376 9653
771 9654
201 9655
955 9656
165 9657
520 9658
565 9659
533 9660
307 9661
57 9662
863 9663
53 9664
634 9665
726 9666
803 9667
552 9668
639 9669
695 9670
539 9671
314 9672
703 9673
610 9674
218 9675
538 9676
869 9677
712 9678
269 9679
694 9680
273 9681
779 9682
162 9683
685 9684
499 9685
262 9686
169 9687
727 9688
180 9689
404 9690
466 9691
966 9692
191 9693
243 9694
688 9695
19 9696
938 9697
203 9698
435 9699
947 9700
189 9701
7 9702
376 9703
68 9704
459 9705
70 9706
677 9707
680 9708
235 9709
126 9710
886 9711
428 9712
373 9713
705 9714
928 9715
898 9716
667 9717
75 9718
166 9719
374 9720
462 9721
77 9722
876 9723
948 9724
262 9725
814 9726
732 9727
574 9728
165 9729
858 9730
622 9731
731 9732
818 9733
939 9734
86 9735
673 9736
30 9737
129 9738
189 9739
883 9740
323 9741
282 9742
479 9743
473 9744
332 9745
415 9746
510 9747
685 9748
997 9749
272 9750
301 9751
73 9752
816 9753
632 9754
13 9755
492 9756
260 9757
491 9758
961 9759
194 9760
575 9761
275 9762
983 9763
64 9764
130 9765
242 9766
149 9767
790 9768
13 9769
417 9770
184 9771
341 9772
719 9773
11 9774
387 9775
893 9776
641 9777
941 9778
365 9779
773 9780
345 9781
543 9782
727 9783
417 9784
439 9785
806 9786
402 9787
649 9788
853 9789
447 9790
951 9791
224 9792
586 9793
981 9794
476 9795
921 9796
794 9797
865 9798
207 9799
400 9800
725 9801
406 9802
258 9803
658 9804
381 9805
517 9806
436 9807
195 9808
956 9809
82 9810
869 9811
264 9812
353 9813
559 9814
328 9815
755 9816
223 9817
153 9818
464 9819
145 9820
514 9821
5 9822
718 9823
25 9824
496 9825
449 9826
839 9827
191 9828
538 9829
38 9830
210 9831
469 9832
722 9833
142 9834
917 9835
476 9836
999 9837
3 9838
742 9839
724 9840
251 9841
226 9842
385 9843
774 9844
380 9845
643 9846
57 9847
908 9848
211 9849
69 9850
853 9851
210 9852
826 9853
796 9854
577 9855
782 9856
355 9857
388 9858
623 9859
96 9860
466 9861
793 9862
957 9863
117 9864
890 9865
478 9866
823 9867
956 9868
864 9869
210 9870
755 9871
923 9872
891 9873
158 9874
252 9875
220 9876
622 9877
846 9878
526 9879
47 9880
241 9881
248 9882
909 9883
856 9884
755 9885
490 9886
686 9887
794 9888
816 9889
610 9890
34 9891
176 9892
596 9893
885 9894
390 9895
723 9896
333 9897
163 9898
980 9899
197 9900
645 9901
121 9902
323 9903
392 9904
840 9905
974 9906
352 9907
774 9908
635 9909
967 9910
174 9911
244 9912
909 9913
827 9914
241 9915
621 9916
397 9917
908 9918
652 9919
703 9920
109 9921
865 9922
615 9923
745 9924
147 9925
258 9926
659 9927
787 9928
675 9929
840 9930
976 9931
77 9932
364 9933
668 9934
990 9935
456 9936
507 9937
631 9938
445 9939
142 9940
896 9941
250 9942
660 9943
688 9944
842 9945
367 9946
774 9947
100 9948
590 9949
305 9950
509 9951
102 9952
196 9953
219 9954
290 9955
25 9956
604 9957
724 9958
647 9959
292 9960
520 9961
696 9962
858 9963
746 9964
300 9965
873 9966
558 9967
170 9968
42 9969
656 9970
351 9971
594 9972
85 9973
465 9974
697 9975
561 9976
89 9977
681 9978
813 9979
575 9980
510 9981
231 9982
483 9983
762 9984
460 9985
901 9986
425 9987
116 9988
691 9989
420 9990
868 9991
887 9992
837 9993
166 9994
827 9995
142 9996
755 9997
61 9998
466 9999
465 10000
906 10001
134 10002
601 10003
288 10004
29 10005
654 10006
445 10007
374 10008
607 10009
228 10010
194 10011
826 10012
644 10013
806 10014
298 10015
992 10016
400 10017
518 10018
36 10019
87 10020
463 10021
302 10022
834 10023
246 10024
947 10025
289 10026
404 10027
783 10028
747 10029
4 10030
415 10031
66 10032
894 10033
383 10034
128 10035
444 10036
610 10037
240 10038
17 10039
454 10040
858 10041
365 10042
672 10043
897 10044
70 10045
92 10046
173 10047
688 10048
251 10049
86 10050
191 10051
523 10052
666 10053
241 10054
898 10055
885 10056
251 10057
833 10058
130 10059
519 10060
714 10061
290 10062
390 10063
574 10064
519 10065
967 10066
354 10067
403 10068
663 10069
216 10070
396 10071
121 10072
433 10073
969 10074
682 10075
165 10076
873 10077
835 10078
434 10079
890 10080
30 10081
370 10082
157 10083
736 10084
592 10085
536 10086
808 10087
217 10088
260 10089
566 10090
786 10091
497 10092
146 10093
315 10094
120 10095
385 10096
707 10097
268 10098
836 10099
938 10100
166 10101
535 10102
207 10103
458 10104
951 10105
207 10106
954 10107
422 10108
464 10109
403 10110
647 10111
664 10112
275 10113
923 10114
8 10115
725 10116
146 10117
894 10118
547 10119
570 10120
70 10121
415 10122
870 10123
338 10124
89 10125
649 10126
281 10127
232 10128
804 10129
418 10130
650 10131
64 10132
59 10133
387 10134
926 10135
942 10136
3 10137
592 10138
185 10139
760 10140
858 10141
13 10142
955 10143
335 10144
852 10145
699 10146
257 10147
142 10148
597 10149
741 10150
711 10151
758 10152
976 10153
710 10154
373 10155
451 10156
289 10157
70 10158
108 10159
378 10160
347 10161
935 10162
428 10163
522 10164
38 10165
451 10166
790 10167
157 10168
608 10169
442 10170
282 10171
280 10172
72 10173
985 10174
761 10175
684 10176
750 10177
889 10178
32 10179
678 10180
960 10181
478 10182
167 10183
812 10184
191 10185
452 10186
246 10187
12 10188
197 10189
890 10190
788 10191
696 10192
485 10193
945 10194
603 10195
369 10196
422 10197
255 10198
882 10199
194 10200
227 10201
381 10202
762 10203
131 10204
920 10205
562 10206
612 10207
23 10208
57 10209
683 10210
795 10211
339 10212
539 10213
456 10214
628 10215
855 10216
40 10217
525 10218
106 10219
88 10220
431 10221
352 10222
647 10223
680 10224
564 10225
238 10226
68 10227
746 10228
344 10229
316 10230
463 10231
485 10232
810 10233
921 10234
689 10235
682 10236
509 10237
834 10238
31 10239
92 10240
570 10241
661 10242
245 10243
934 10244
687 10245
165 10246
244 10247
984 10248
399 10249
727 10250
715 10251
423 10252
179 10253
710 10254
340 10255
874 10256
760 10257
376 10258
2 10259
508 10260
235 10261
74 10262
868 10263
73 10264
562 10265
773 10266
124 10267
279 10268
427 10269
482 10270
875 10271
187 10272
499 10273
131 10274
381 10275
743 10276
355 10277
352 10278
281 10279
705 10280
414 10281
93 10282
970 10283
692 10284
514 10285
643 10286
508 10287
424 10288
314 10289
781 10290
386 10291
48 10292
562 10293
772 10294
50 10295
223 10296
731 10297
877 10298
670 10299
980 10300
265 10301
406 10302
155 10303
209 10304
93 10305
490 10306
288 10307
889 10308
293 10309
880 10310
514 10311
595 10312
821 10313
825 10314
44 10315
157 10316
113 10317
601 10318
738 10319
446 10320
386 10321
585 10322
515 10323
589 10324
304 10325
175 10326
348 10327
686 10328
218 10329
447 10330
599 10331
132 10332
844 10333
699 10334
338 10335
913 10336
867 10337
302 10338
188 10339
441 10340
601 10341
188 10342
314 10343
278 10344
766 10345
88 10346
972 10347
509 10348
944 10349
84 10350
526 10351
581 10352
69 10353
235 10354
790 10355
982 10356
744 10357
183 10358
27 10359
668 10360
759 10361
221 10362
884 10363
742 10364
32 10365
346 10366
416 10367
841 10368
121 10369
262 10370
144 10371
506 10372
464 10373
862 10374
294 10375
741 10376
683 10377
43 10378
92 10379
720 10380
247 10381
268 10382
484 10383
479 10384
22 10385
832 10386
270 10387
121 10388
23 10389
780 10390
913 10391
535 10392
648 10393
785 10394
845 10395
991 10396
749 10397
445 10398
918 10399
810 10400
202 10401
448 10402
761 10403
571 10404
828 10405
919 10406
999 10407
663 10408
127 10409
616 10410
967 10411
463 10412
750 10413
402 10414
766 10415
576 10416
336 10417
555 10418
353 10419
37 10420
656 10421
217 10422
504 10423
916 10424
757 10425
342 10426
328 10427
436 10428
383 10429
829 10430
21 10431
132 10432
477 10433
882 10434
197 10435
752 10436
467 10437
502 10438
494 10439
392 10440
859 10441
998 10442
589 10443
888 10444
508 10445
909 10446
599 10447
478 10448
91 10449
918 10450
380 10451
597 10452
64 10453
198 10454
976 10455
597 10456
719 10457
718 10458
728 10459
246 10460
674 10461
650 10462
311 10463
263 10464
60 10465
630 10466
661 10467
282 10468
87 10469
701 10470
853 10471
350 10472
657 10473
780 10474
186 10475
555 10476
654 10477
795 10478
230 10479
358 10480
647 10481
720 10482
109 10483
15 10484
817 10485
69 10486
384 10487
108 10488
846 10489
572 10490
177 10491
1000 10492
460 10493
64 10494
369 10495
928 10496
176 10497
171 10498
339 10499
858 10500
155 10501
624 10502
753 10503
609 10504
23 10505
405 10506
866 10507
738 10508
233 10509
515 10510
552 10511
342 10512
690 10513
286 10514
659 10515
905 10516
501 10517
254 10518
450 10519
18 10520
32 10521
886 10522
211 10523
284 10524
214 10525
140 10526
321 10527
997 10528
508 10529
412 10530
366 10531
293 10532
543 10533
493 10534
583 10535
222 10536
709 10537
604 10538
549 10539
198 10540
561 10541
750 10542
254 10543
445 10544
70 10545
175 10546
371 10547
673 10548
876 10549
611 10550
689 10551
948 10552
963 10553
602 10554
671 10555
777 10556
77 10557
948 10558
850 10559
410 10560
158 10561
708 10562
868 10563
821 10564
908 10565
52 10566
268 10567
859 10568
397 10569
912 10570
709 10571
376 10572
850 10573
658 10574
970 10575
698 10576
854 10577
525 10578
6 10579
870 10580
306 10581
586 10582
235 10583
403 10584
436 10585
744 10586
566 10587
104 10588
593 10589
359 10590
347 10591
894 10592
979 10593
637 10594
505 10595
294 10596
312 10597
59 10598
725 10599
255 10600
312 10601
669 10602
693 10603
67 10604
910 10605
658 10606
415 10607
363 10608
503 10609
158 10610
602 10611
584 10612
931 10613
114 10614
888 10615
232 10616
209 10617
441 10618
729 10619
181 10620
435 10621
274 10622
515 10623
669 10624
398 10625
909 10626
625 10627
822 10628
84 10629
895 10630
795 10631
141 10632
12 10633
804 10634
730 10635
706 10636
980 10637
567 10638
752 10639
985 10640
679 10641
35 10642
546 10643
610 10644
261 10645
274 10646
759 10647
540 10648
66 10649
815 10650
25 10651
84 10652
600 10653
528 10654
793 10655
737 10656
591 10657
237 10658
230 10659
449 10660
659 10661
557 10662
745 10663
115 10664
569 10665
839 10666
57 10667
877 10668
498 10669
958 10670
535 10671
837 10672
67 10673
26 10674
836 10675
917 10676
276 10677
474 10678
987 10679
678 10680
838 10681
348 10682
599 10683
62 10684
233 10685
985 10686
516 10687
21 10688
445 10689
608 10690
552 10691
535 10692
182 10693
452 10694
55 10695
386 10696
818 10697
527 10698
526 10699
4 10700
978 10701
529 10702
959 10703
527 10704
346 10705
625 10706
812 10707
801 10708
378 10709
967 10710
814 10711
197 10712
825 10713
6 10714
277 10715
608 10716
620 10717
902 10718
656 10719
731 10720
15 10721
851 10722
749 10723
559 10724
988 10725
844 10726
340 10727
252 10728
309 10729
988 10730
71 10731
905 10732
933 10733
611 10734
948 10735
483 10736
368 10737
540 10738
156 10739
155 10740
553 10741
326 10742
780 10743
48 10744
564 10745
732 10746
76 10747
278 10748
477 10749
301 10750
778 10751
240 10752
975 10753
82 10754
80 10755
526 10756
566 10757
459 10758
484 10759
264 10760
564 10761
237 10762
249 10763
982 10764
337 10765
848 10766
440 10767
7 10768
921 10769
162 10770
102 10771
3 10772
270 10773
498 10774
349 10775
59 10776
217 10777
731 10778
103 10779
857 10780
133 10781
877 10782
509 10783
488 10784
976 10785
737 10786
762 10787
620 10788
757 10789
664 10790
646 10791
143 10792
718 10793
347 10794
22 10795
529 10796
192 10797
684 10798
350 10799
391 10800
459 10801
826 10802
209 10803
904 10804
319 10805
598 10806
313 10807
228 10808
499 10809
524 10810
22 10811
866 10812
520 10813
7 10814
346 10815
496 10816
370 10817
145 10818
540 10819
148 10820
571 10821
707 10822
155 10823
583 10824
540 10825
635 10826
983 10827
765 10828
680 10829
460 10830
966 10831
646 10832
78 10833
25 10834
511 10835
571 10836
589 10837
470 10838
142 10839
193 10840
980 10841
809 10842
687 10843
16 10844
226 10845
795 10846
880 10847
688 10848
741 10849
644 10850
665 10851
738 10852
839 10853
169 10854
438 10855
778 10856
772 10857
848 10858
899 10859
804 10860
376 10861
751 10862
111 10863
80 10864
417 10865
277 10866
969 10867
621 10868
295 10869
605 10870
86 10871
918 10872
738 10873
744 10874
551 10875
568 10876
415 10877
658 10878
376 10879
8 10880
837 10881
45 10882
473 10883
605 10884
266 10885
131 10886
76 10887
404 10888
738 10889
497 10890
16 10891
737 10892
887 10893
906 10894
122 10895
711 10896
10 10897
1 10898
248 10899
344 10900
305 10901
201 10902
97 10903
551 10904
938 10905
549 10906
856 10907
311 10908
464 10909
789 10910
963 10911
88 10912
752 10913
855 10914
64 10915
443 10916
879 10917
340 10918
97 10919
625 10920
225 10921
744 10922
471 10923
42 10924
675 10925
209 10926
647 10927
836 10928
118 10929
446 10930
581 10931
258 10932
747 10933
563 10934
445 10935
547 10936
182 10937
217 10938
650 10939
205 10940
408 10941
196 10942
951 10943
103 10944
326 10945
70 10946
257 10947
72 10948
788 10949
364 10950
510 10951
326 10952
248 10953
144 10954
444 10955
47 10956
47 10957
828 10958
323 10959
285 10960
191 10961
852 10962
704 10963
4 10964
949 10965
88 10966
78 10967
259 10968
577 10969
93 10970
469 10971
148 10972
462 10973
21 10974
292 10975
703 10976
681 10977
843 10978
20 10979
237 10980
816 10981
445 10982
992 10983
936 10984
801 10985
162 10986
631 10987
716 10988
119 10989
696 10990
130 10991
774 10992
231 10993
328 10994
923 10995
574 10996
813 10997
248 10998
175 10999
119 11000
473 11001
28 11002
875 11003
219 11004
721 11005
956 11006
212 11007
945 11008
230 11009
1000 11010
465 11011
332 11012
137 11013
652 11014
578 11015
955 11016
679 11017
661 11018
760 11019
950 11020
713 11021
400 11022
724 11023
644 11024
313 11025
79 11026
995 11027
81 11028
658 11029
303 11030
960 11031
950 11032
771 11033
390 11034
136 11035
722 11036
392 11037
995 11038
546 11039
741 11040
200 11041
523 11042
495 11043
598 11044
17 11045
73 11046
448 11047
896 11048
786 11049
964 11050
982 11051
354 11052
42 11053
409 11054
961 11055
143 11056
440 11057
874 11058
151 11059
62 11060
600 11061
888 11062
964 11063
528 11064
913 11065
514 11066
310 11067
282 11068
401 11069
137 11070
48 11071
95 11072
55 11073
187 11074
317 11075
938 11076
599 11077
604 11078
164 11079
34 11080
100 11081
72 11082
373 11083
163 11084
941 11085
849 11086
834 11087
622 11088
996 11089
520 11090
265 11091
63 11092
840 11093
89 11094
374 11095
177 11096
644 11097
504 11098
323 11099
121 11100
300 11101
733 11102
695 11103
176 11104
157 11105
812 11106
966 11107
921 11108
797 11109
139 11110
370 11111
531 11112
609 11113
236 11114
746 11115
23 11116
706 11117
159 11118
767 11119
341 11120
441 11121
115 11122
122 11123
703 11124
122 11125
599 11126
769 11127
182 11128
356 11129
955 11130
270 11131
599 11132
599 11133
664 11134
572 11135
39 11136
87 11137
744 11138
966 11139
509 11140
876 11141
921 11142
416 11143
907 11144
1 11145
429 11146
958 11147
175 11148
264 11149
478 11150
124 11151
642 11152
909 11153
343 11154
513 11155
25 11156
44 11157
297 11158
98 11159
136 11160
562 11161
569 11162
764 11163
115 11164
732 11165
462 11166
121 11167
428 11168
308 11169
987 11170
907 11171
118 11172
150 11173
23 11174
845 11175
702 11176
923 11177
14 11178
365 11179
740 11180
714 11181
770 11182
67 11183
444 11184
983 11185
446 11186
23 11187
736 11188
333 11189
494 11190
651 11191
747 11192
595 11193
879 11194
576 11195
902 11196
496 11197
951 11198
725 11199
997 11200
873 11201
384 11202
321 11203
124 11204
35 11205
324 11206
684 11207
920 11208
229 11209
91 11210
752 11211
763 11212
116 11213
611 11214
112 11215
890 11216
754 11217
630 11218
296 11219
867 11220
608 11221
726 11222
52 11223
680 11224
539 11225
184 11226
814 11227
593 11228
864 11229
354 11230
966 11231
131 11232
412 11233
526 11234
861 11235
232 11236
790 11237
167 11238
695 11239
142 11240
599 11241
287 11242
850 11243
235 11244
325 11245
868 11246
947 11247
83 11248
766 11249
517 11250
953 11251
727 11252
523 11253
121 11254
607 11255
588 11256
768 11257
916 11258
328 11259
561 11260
395 11261
526 11262
710 11263
195 11264
444 11265
644 11266
647 11267
554 11268
139 11269
973 11270
901 11271
496 11272
113 11273
188 11274
557 11275
537 11276
401 11277
797 11278
280 11279
702 11280
386 11281
86 11282
22 11283
424 11284
528 11285
769 11286
67 11287
666 11288
811 11289
123 11290
641 11291
86 11292
769 11293
737 11294
577 11295
707 11296
508 11297
434 11298
276 11299
742 11300
656 11301
679 11302
301 11303
596 11304
846 11305
412 11306
533 11307
577 11308
384 11309
130 11310
4 11311
136 11312
734 11313
791 11314
104 11315
993 11316
130 11317
151 11318
156 11319
787 11320
335 11321
956 11322
79 11323
59 11324
681 11325
769 11326
376 11327
667 11328
805 11329
494 11330
276 11331
665 11332
486 11333
284 11334
654 11335
498 11336
174 11337
64 11338
465 11339
192 11340
830 11341
171 11342
86 11343
122 11344
753 11345
83 11346
383 11347
405 11348
97 11349
1000 11350
323 11351
362 11352
630 11353
84 11354
660 11355
945 11356
78 11357
522 11358
645 11359
908 11360
460 11361
376 11362
723 11363
759 11364
945 11365
942 11366
687 11367
484 11368
602 11369
909 11370
893 11371
132 11372
630 11373
702 11374
4 11375
717 11376
426 11377
262 11378
101 11379
169 11380
622 11381
243 11382
72 11383
891 11384
762 11385
294 11386
933 11387
124 11388
570 11389
85 11390
102 11391
220 11392
781 11393
606 11394
655 11395
578 11396
241 11397
858 11398
812 11399
405 11400
918 11401
639 11402
733 11403
451 11404
830 11405
499 11406
153 11407
107 11408
538 11409
968 11410
936 11411
426 11412
996 11413
862 11414
450 11415
340 11416
388 11417
548 11418
521 11419
436 11420
752 11421
899 11422
698 11423
64 11424
921 11425
635 11426
159 11427
307 11428
751 11429
813 11430
72 11431
665 11432
684 11433
40 11434
80 11435
224 11436
351 11437
636 11438
168 11439
674 11440
880 11441
880 11442
179 11443
160 11444
99 11445
275 11446
853 11447
379 11448
637 11449
161 11450
888 11451
260 11452
605 11453
132 11454
263 11455
786 11456
374 11457
245 11458
136 11459
763 11460
199 11461
820 11462
444 11463
592 11464
730 11465
533 11466
160 11467
892 11468
730 11469
51 11470
786 11471
1 11472
30 11473
758 11474
720 11475
71 11476
611 11477
958 11478
649 11479
919 11480
541 11481
600 11482
264 11483
186 11484
269 11485
7 11486
586 11487
117 11488
309 11489
402 11490
163 11491
818 11492
468 11493
83 11494
417 11495
535 11496
865 11497
908 11498
673 11499
489 11500
743 11501
618 11502
190 11503
530 11504
545 11505
159 11506
260 11507
586 11508
881 11509
887 11510
206 11511
585 11512
393 11513
113 11514
659 11515
39 11516
765 11517
243 11518
489 11519
465 11520
941 11521
714 11522
63 11523
977 11524
76 11525
558 11526
941 11527
947 11528
830 11529
602 11530
878 11531
500 11532
873 11533
727 11534
478 11535
579 11536
307 11537
781 11538
253 11539
915 11540
755 11541
198 11542
103 11543
12 11544
194 11545
693 11546
774 11547
298 11548
212 11549
121 11550
529 11551
768 11552
104 11553
166 11554
238 11555
818 11556
501 11557
820 11558
657 11559
572 11560
731 11561
89 11562
848 11563
221 11564
520 11565
682 11566
267 11567
693 11568
968 11569
480 11570
892 11571
765 11572
382 11573
140 11574
410 11575
493 11576
323 11577
109 11578
209 11579
893 11580
579 11581
362 11582
805 11583
116 11584
696 11585
253 11586
183 11587
502 11588
161 11589
460 11590
735 11591
832 11592
866 11593
467 11594
847 11595
108 11596
236 11597
929 11598
12 11599
418 11600
466 11601
908 11602
362 11603
800 11604
593 11605
885 11606
701 11607
63 11608
165 11609
341 11610
710 11611
864 11612
234 11613
281 11614
916 11615
319 11616
731 11617
389 11618
426 11619
106 11620
792 11621
465 11622
925 11623
728 11624
840 11625
45 11626
134 11627
196 11628
599 11629
173 11630
671 11631
690 11632
512 11633
512 11634
770 11635
958 11636
115 11637
888 11638
516 11639
481 11640
364 11641
751 11642
737 11643
5 11644
845 11645
369 11646
624 11647
963 11648
523 11649
673 11650
534 11651
756 11652
649 11653
500 11654
65 11655
116 11656
842 11657
844 11658
960 11659
544 11660
462 11661
827 11662
313 11663
746 11664
107 11665
89 11666
507 11667
550 11668
431 11669
837 11670
184 11671
973 11672
690 11673
101 11674
83 11675
185 11676
716 11677
494 11678
471 11679
465 11680
787 11681
92 11682
326 11683
186 11684
634 11685
971 11686
869 11687
381 11688
10 11689
333 11690
510 11691
847 11692
516 11693
509 11694
957 11695
757 11696
954 11697
916 11698
21 11699
390 11700
816 11701
909 11702
766 11703
50 11704
438 11705
951 11706
310 11707
562 11708
457 11709
831 11710
370 11711
184 11712
143 11713
206 11714
414 11715
349 11716
707 11717
814 11718
639 11719
643 11720
268 11721
443 11722
103 11723
618 11724
821 11725
686 11726
530 11727
208 11728
542 11729
214 11730
869 11731
188 11732
795 11733
910 11734
713 11735
601 11736
549 11737
998 11738
727 11739
306 11740
266 11741
664 11742
258 11743
702 11744
873 11745
459 11746
254 11747
199 11748
771 11749
844 11750
75 11751
33 11752
814 11753
495 11754
269 11755
347 11756
67 11757
404 11758
583 11759
256 11760
21 11761
341 11762
496 11763
515 11764
386 11765
86 11766
991 11767
764 11768
839 11769
727 11770
586 11771
928 11772
10 11773
228 11774
406 11775
269 11776
128 11777
664 11778
546 11779
204 11780
426 11781
893 11782
978 11783
972 11784
853 11785
176 11786
595 11787
602 11788
212 11789
159 11790
285 11791
9 11792
567 11793
704 11794
394 11795
936 11796
219 11797
107 11798
904 11799
704 11800
749 11801
234 11802
998 11803
580 11804
533 11805
948 11806
864 11807
717 11808
539 11809
558 11810
823 11811
144 11812
642 11813
348 11814
333 11815
673 11816
722 11817
332 11818
239 11819
926 11820
794 11821
942 11822
379 11823
369 11824
484 11825
398 11826
694 11827
387 11828
166 11829
683 11830
184 11831
865 11832
830 11833
568 11834
466 11835
124 11836
880 11837
617 11838
535 11839
456 11840
484 11841
373 11842
685 11843
345 11844
625 11845
570 11846
308 11847
203 11848
380 11849
324 11850
652 11851
530 11852
303 11853
67 11854
43 11855
891 11856
694 11857
548 11858
175 11859
244 11860
900 11861
465 11862
263 11863
629 11864
382 11865
497 11866
182 11867
749 11868
852 11869
598 11870
77 11871
992 11872
289 11873
378 11874
966 11875
561 11876
455 11877
993 11878
757 11879
623 11880
952 11881
771 11882
89 11883
245 11884
721 11885
666 11886
271 11887
577 11888
299 11889
868 11890
147 11891
861 11892
666 11893
644 11894
464 11895
380 11896
287 11897
942 11898
948 11899
150 11900
370 11901
821 11902
409 11903
791 11904
603 11905
97 11906
564 11907
157 11908
212 11909
426 11910
260 11911
289 11912
707 11913
348 11914
144 11915
74 11916
695 11917
19 11918
215 11919
993 11920
46 11921
1000 11922
534 11923
836 11924
168 11925
946 11926
223 11927
581 11928
355 11929
845 11930
7 11931
379 11932
159 11933
557 11934
620 11935
728 11936
601 11937
444 11938
51 11939
769 11940
835 11941
564 11942
617 11943
463 11944
121 11945
501 11946
945 11947
379 11948
280 11949
386 11950
379 11951
625 11952
492 11953
744 11954
667 11955
665 11956
273 11957
567 11958
52 11959
985 11960
841 11961
114 11962
455 11963
599 11964
184 11965
824 11966
311 11967
865 11968
228 11969
158 11970
545 11971
38 11972
843 11973
976 11974
321 11975
120 11976
438 11977
817 11978
547 11979
300 11980
7 11981
691 11982
463 11983
915 11984
130 11985
681 11986
155 11987
61 11988
442 11989
24 11990
395 11991
4 11992
652 11993
305 11994
47 11995
587 11996
392 11997
984 11998
556 11999
696 12000
805 12001
608 12002
90 12003
170 12004
645 12005
89 12006
335 12007
376 12008
194 12009
128 12010
322 12011
435 12012
646 12013
233 12014
874 12015
988 12016
229 12017
215 12018
346 12019
466 12020
705 12021
154 12022
86 12023
676 12024
628 12025
818 12026
904 12027
10 12028
704 12029
686 12030
517 12031
854 12032
983 12033
929 12034
219 12035
614 12036
691 12037
383 12038
349 12039
405 12040
287 12041
875 12042
53 12043
973 12044
892 12045
445 12046
149 12047
526 12048
127 12049
244 12050
303 12051
846 12052
166 12053
472 12054
383 12055
392 12056
331 12057
11 12058
101 12059
98 12060
248 12061
229 12062
541 12063
938 12064
92 12065
825 12066
790 12067
867 12068
772 12069
617 12070
494 12071
855 12072
29 12073
831 12074
44 12075
392 12076
996 12077
203 12078
949 12079
565 12080
133 12081
942 12082
596 12083
809 12084
913 12085
446 12086
582 12087
314 12088
638 12089
356 12090
652 12091
805 12092
896 12093
142 12094
290 12095
803 12096
82 12097
186 12098
498 12099
124 12100
319 12101
125 12102
645 12103
252 12104
683 12105
919 12106
107 12107
938 12108
676 12109
739 12110
727 12111
589 12112
167 12113
898 12114
130 12115
609 12116
491 12117
339 12118
657 12119
57 12120
811 12121
663 12122
123 12123
391 12124
47 12125
936 12126
930 12127
113 12128
657 12129
119 12130
975 12131
889 12132
470 12133
258 12134
241 12135
392 12136
740 12137
689 12138
185 12139
643 12140
760 12141
128 12142
51 12143
930 12144
1000 12145
493 12146
543 12147
631 12148
203 12149
397 12150
526 12151
740 12152
95 12153
84 12154
688 12155
729 12156
797 12157
183 12158
853 12159
716 12160
495 12161
147 12162
126 12163
817 12164
689 12165
467 12166
48 12167
137 12168
123 12169
679 12170
787 12171
944 12172
758 12173
694 12174
123 12175
788 12176
854 12177
102 12178
58 12179
865 12180
164 12181
168 12182
782 12183
737 12184
870 12185
506 12186
572 12187
940 12188
546 12189
830 12190
73 12191
837 12192
224 12193
63 12194
67 12195
607 12196
382 12197
965 12198
298 12199
501 12200
877 12201
721 12202
42 12203
96 12204
410 12205
923 12206
777 12207
887 12208
401 12209
748 12210
152 12211
415 12212
687 12213
585 12214
154 12215
319 12216
440 12217
835 12218
618 12219
820 12220
198 12221
395 12222
921 12223
291 12224
274 12225
335 12226
717 12227
970 12228
102 12229
422 12230
439 12231
656 12232
912 12233
881 12234
378 12235
208 12236
221 12237
598 12238
339 12239
79 12240
472 12241
587 12242
330 12243
478 12244
361 12245
139 12246
975 12247
707 12248
511 12249
79 12250
550 12251
463 12252
650 12253
65 12254
113 12255
401 12256
669 12257
80 12258
739 12259
616 12260
451 12261
559 12262
738 12263
29 12264
824 12265
471 12266
316 12267
390 12268
420 12269
473 12270
666 12271
137 12272
978 12273
177 12274
918 12275
872 12276
196 12277
854 12278
210 12279
375 12280
613 12281
450 12282
856 12283
6 12284
317 12285
987 12286
611 12287
471 12288
738 12289
225 12290
30 12291
62 12292
55 12293
713 12294
674 12295
726 12296
295 12297
106 12298
6 12299
473 12300
989 12301
726 12302
366 12303
892 12304
669 12305
544 12306
273 12307
623 12308
670 12309
582 12310
350 12311
618 12312
561 12313
75 12314
396 12315
423 12316
432 12317
510 12318
160 12319
642 12320
918 12321
868 12322
728 12323
711 12324
543 12325
868 12326
414 12327
547 12328
46 12329
85 12330
131 12331
616 12332
814 12333
921 12334
749 12335
679 12336
223 12337
508 12338
663 12339
417 12340
557 12341
964 12342
818 12343
15 12344
238 12345
962 12346
389 12347
228 12348
92 12349
819 12350
54 12351
935 12352
676 12353
163 12354
866 12355
993 12356
368 12357
793 12358
535 12359
833 12360
951 12361
207 12362
607 12363
847 12364
670 12365
979 12366
37 12367
2 12368
487 12369
338 12370
798 12371
667 12372
241 12373
678 12374
701 12375
472 12376
297 12377
37 12378
22 12379
66 12380
880 12381
328 12382
91 12383
736 12384
88 12385
576 12386
147 12387
275 12388
129 12389
133 12390
708 12391
972 12392
37 12393
953 12394
551 12395
409 12396
117 12397
637 12398
2 12399
439 12400
603 12401
910 12402
968 12403
448 12404
238 12405
304 12406
992 12407
483 12408
870 12409
721 12410
651 12411
735 12412
902 12413
219 12414
589 12415
98 12416
560 12417
266 12418
90 12419
299 12420
969 12421
676 12422
33 12423
2 12424
82 12425
63 12426
645 12427
708 12428
87 12429
478 12430
52 12431
129 12432
920 12433
899 12434
815 12435
196 12436
17 12437
139 12438
417 12439
44 12440
131 12441
811 12442
195 12443
175 12444
617 12445
32 12446
904 12447
848 12448
769 12449
23 12450
974 12451
619 12452
868 12453
147 12454
803 12455
791 12456
545 12457
793 12458
138 12459
677 12460
592 12461
203 12462
962 12463
451 12464
896 12465
318 12466
98 12467
714 12468
209 12469
733 12470
964 12471
788 12472
385 12473
497 12474
386 12475
739 12476
88 12477
408 12478
775 12479
544 12480
365 12481
326 12482
911 12483
117 12484
733 12485
565 12486
427 12487
97 12488
949 12489
833 12490
142 12491
865 12492
113 12493
549 12494
903 12495
488 12496
64 12497
939 12498
225 12499
188 12500
155 12501
31 12502
685 12503
214 12504
788 12505
717 12506
577 12507
628 12508
459 12509
886 12510
609 12511
956 12512
110 12513
573 12514
91 12515
424 12516
301 12517
449 12518
483 12519
135 12520
88 12521
281 12522
524 12523
844 12524
193 12525
135 12526
182 12527
512 12528
239 12529
309 12530
147 12531
13 12532
650 12533
160 12534
323 12535
944 12536
957 12537
535 12538
144 12539
59 12540
159 12541
422 12542
674 12543
700 12544
274 12545
500 12546
823 12547
818 12548
104 12549
139 12550
947 12551
787 12552
857 12553
600 12554
971 12555
976 12556
261 12557
687 12558
577 12559
821 12560
211 12561
56 12562
431 12563
542 12564
596 12565
315 12566
9 12567
479 12568
804 12569
857 12570
54 12571
873 12572
40 12573
573 12574
773 12575
504 12576
78 12577
100 12578
758 12579
863 12580
454 12581
612 12582
570 12583
409 12584
169 12585
350 12586
339 12587
892 12588
10 12589
211 12590
816 12591
93 12592
93 12593
617 12594
585 12595
760 12596
18 12597
205 12598
740 12599
346 12600
189 12601
829 12602
842 12603
821 12604
768 12605
864 12606
14 12607
26 12608
522 12609
357 12610
618 12611
505 12612
89 12613
242 12614
12 12615
407 12616
192 12617
88 12618
520 12619
117 12620
686 12621
388 12622
954 12623
619 12624
286 12625
43 12626
707 12627
186 12628
240 12629
855 12630
591 12631
259 12632
109 12633
958 12634
300 12635
130 12636
338 12637
657 12638
242 12639
32 12640
520 12641
507 12642
618 12643
764 12644
150 12645
834 12646
743 12647
931 12648
319 12649
719 12650
229 12651
740 12652
141 12653
531 12654
20 12655
174 12656
968 12657
724 12658
387 12659
725 12660
164 12661
458 12662
581 12663
405 12664
456 12665
368 12666
529 12667
816 12668
813 12669
771 12670
672 12671
6 12672
742 12673
762 12674
105 12675
133 12676
413 12677
907 12678
811 12679
65 12680
71 12681
813 12682
126 12683
215 12684
252 12685
518 12686
338 12687
412 12688
759 12689
848 12690
799 12691
432 12692
231 12693
672 12694
892 12695
855 12696
405 12697
276 12698
919 12699
8 12700
536 12701
133 12702
376 12703
421 12704
624 12705
345 12706
854 12707
138 12708
688 12709
582 12710
435 12711
678 12712
936 12713
584 12714
75 12715
406 12716
727 12717
348 12718
42 12719
104 12720
280 12721
663 12722
244 12723
84 12724
397 12725
291 12726
984 12727
73 12728
704 12729
860 12730
342 12731
884 12732
463 12733
488 12734
945 12735
775 12736
890 12737
443 12738
996 12739
403 12740
814 12741
722 12742
281 12743
134 12744
763 12745
464 12746
254 12747
102 12748
255 12749
317 12750
354 12751
758 12752
79 12753
330 12754
224 12755
650 12756
926 12757
762 12758
100 12759
503 12760
635 12761
762 12762
684 12763
331 12764
457 12765
381 12766
101 12767
769 12768
92 12769
65 12770
252 12771
223 12772
496 12773
129 12774
845 12775
869 12776
986 12777
688 12778
829 12779
93 12780
40 12781
777 12782
995 12783
408 12784
515 12785
968 12786
404 12787
864 12788
718 12789
290 12790
39 12791
561 12792
609 12793
334 12794
631 12795
826 12796
937 12797
610 12798
204 12799
670 12800
220 12801
649 12802
707 12803
602 12804
284 12805
199 12806
974 12807
987 12808
137 12809
39 12810
383 12811
157 12812
111 12813
462 12814
322 12815
929 12816
630 12817
727 12818
993 12819
348 12820
571 12821
550 12822
507 12823
24 12824
515 12825
319 12826
663 12827
312 12828
950 12829
769 12830
297 12831
958 12832
574 12833
44 12834
561 12835
908 12836
396 12837
861 12838
82 12839
762 12840
284 12841
237 12842
167 12843
735 12844
953 12845
969 12846
974 12847
185 12848
191 12849
152 12850
779 12851
734 12852
726 12853
977 12854
267 12855
146 12856
59 12857
925 12858
443 12859
649 12860
373 12861
249 12862
209 12863
972 12864
394 12865
49 12866
52 12867
695 12868
434 12869
244 12870
392 12871
546 12872
376 12873
740 12874
533 12875
316 12876
312 12877
630 12878
728 12879
361 12880
587 12881
375 12882
243 12883
712 12884
784 12885
234 12886
343 12887
352 12888
170 12889
623 12890
973 12891
566 12892
651 12893
336 12894
344 12895
265 12896
712 12897
17 12898
142 12899
530 12900
426 12901
780 12902
291 12903
110 12904
126 12905
345 12906
681 12907
864 12908
946 12909
25 12910
90 12911
882 12912
673 12913
546 12914
984 12915
864 12916
291 12917
651 12918
147 12919
834 12920
771 12921
35 12922
984 12923
939 12924
685 12925
409 12926
808 12927
779 12928
759 12929
815 12930
745 12931
942 12932
476 12933
998 12934
46 12935
307 12936
307 12937
593 12938
227 12939
241 12940
522 12941
639 12942
695 12943
444 12944
183 12945
802 12946
873 12947
999 12948
784 12949
112 12950
740 12951
657 12952
223 12953
591 12954
831 12955
877 12956
58 12957
356 12958
418 12959
591 12960
570 12961
634 12962
328 12963
558 12964
507 12965
303 12966
22 12967
789 12968
347 12969
242 12970
10 12971
226 12972
166 12973
351 12974
856 12975
312 12976
784 12977
130 12978
937 12979
409 12980
489 12981
568 12982
279 12983
359 12984
671 12985
302 12986
587 12987
976 12988
965 12989
371 12990
838 12991
265 12992
996 12993
232 12994
655 12995
577 12996
160 12997
329 12998
219 12999
925 13000
738 13001
53 13002
526 13003
275 13004
717 13005
146 13006
518 13007
23 13008
889 13009
755 13010
360 13011
520 13012
477 13013
159 13014
584 13015
663 13016
204 13017
728 13018
607 13019
642 13020
944 13021
448 13022
983 13023
489 13024
197 13025
177 13026
712 13027
303 13028
45 13029
22 13030
753 13031
99 13032
481 13033
931 13034
657 13035
47 13036
128 13037
213 13038
614 13039
533 13040
975 13041
671 13042
118 13043
650 13044
367 13045
728 13046
483 13047
470 13048
181 13049
715 13050
369 13051
77 13052
906 13053
863 13054
118 13055
458 13056
108 13057
435 13058
580 13059
128 13060
483 13061
310 13062
778 13063
620 13064
864 13065
641 13066
189 13067
488 13068
98 13069
922 13070
3 13071
555 13072
7 13073
333 13074
791 13075
120 13076
704 13077
960 13078
888 13079
645 13080
766 13081
902 13082
779 13083
62 13084
967 13085
665 13086
776 13087
367 13088
624 13089
590 13090
936 13091
779 13092
772 13093
909 13094
317 13095
527 13096
375 13097
631 13098
585 13099
892 13100
706 13101
952 13102
999 13103
377 13104
466 13105
285 13106
414 13107
815 13108
533 13109
556 13110
500 13111
382 13112
616 13113
819 13114
938 13115
812 13116
717 13117
330 13118
20 13119
251 13120
92 13121
922 13122
822 13123
74 13124
62 13125
330 13126
104 13127
236 13128
657 13129
566 13130
905 13131
370 13132
338 13133
290 13134
833 13135
219 13136
1000 13137
366 13138
877 13139
793 13140
455 13141
209 13142
439 13143
786 13144
473 13145
514 13146
462 13147
741 13148
458 13149
382 13150
908 13151
404 13152
408 13153
781 13154
837 13155
576 13156
52 13157
759 13158
69 13159
934 13160
691 13161
679 13162
626 13163
130 13164
282 13165
497 13166
629 13167
581 13168
814 13169
173 13170
271 13171
452 13172
873 13173
103 13174
484 13175
527 13176
549 13177
566 13178
939 13179
90 13180
715 13181
480 13182
218 13183
945 13184
3 13185
225 13186
844 13187
572 13188
93 13189
735 13190
297 13191
324 13192
868 13193
523 13194
890 13195
524 13196
234 13197
710 13198
544 13199
935 13200
873 13201
802 13202
32 13203
550 13204
80 13205
960 13206
997 13207
774 13208
855 13209
162 13210
326 13211
542 13212
480 13213
634 13214
788 13215
31 13216
964 13217
819 13218
809 13219
85 13220
900 13221
109 13222
24 13223
614 13224
643 13225
249 13226
604 13227
233 13228
748 13229
327 13230
504 13231
112 13232
808 13233
151 13234
522 13235
156 13236
981 13237
254 13238
27 13239
61 13240
234 13241
759 13242
227 13243
431 13244
455 13245
493 13246
108 13247
389 13248
503 13249
774 13250
902 13251
922 13252
496 13253
433 13254
643 13255
141 13256
919 13257
447 13258
340 13259
969 13260
871 13261
346 13262
355 13263
46 13264
638 13265
99 13266
410 13267
93 13268
842 13269
771 13270
676 13271
412 13272
206 13273
967 13274
257 13275
673 13276
412 13277
771 13278
31 13279
26 13280
409 13281
60 13282
720 13283
543 13284
950 13285
679 13286
663 13287
697 13288
180 13289
236 13290
195 13291
119 13292
14 13293
661 13294
963 13295
40 13296
975 13297
60 13298
129 13299
932 13300
246 13301
334 13302
401 13303
612 13304
129 13305
35 13306
596 13307
601 13308
880 13309
964 13310
92 13311
275 13312
593 13313
842 13314
391 13315
459 13316
331 13317
58 13318
78 13319
269 13320
660 13321
728 13322
213 13323
818 13324
252 13325
673 13326
918 13327
425 13328
708 13329
673 13330
158 13331
509 13332
856 13333
409 13334
337 13335
480 13336
60 13337
609 13338
124 13339
204 13340
751 13341
286 13342
445 13343
615 13344
914 13345
8 13346
880 13347
617 13348
889 13349
164 13350
372 13351
380 13352
990 13353
116 13354
978 13355
784 13356
107 13357
542 13358
789 13359
2 13360
285 13361
761 13362
816 13363
814 13364
836 13365
661 13366
650 13367
922 13368
475 13369
40 13370
483 13371
432 13372
461 13373
389 13374
690 13375
152 13376
414 13377
774 13378
441 13379
429 13380
279 13381
855 13382
672 13383
142 13384
231 13385
522 13386
836 13387
224 13388
553 13389
690 13390
148 13391
641 13392
425 13393
118 13394
373 13395
331 13396
620 13397
26 13398
819 13399
667 13400
567 13401
787 13402
622 13403
510 13404
48 13405
745 13406
275 13407
171 13408
478 13409
430 13410
845 13411
818 13412
367 13413
175 13414
709 13415
190 13416
562 13417
704 13418
328 13419
533 13420
508 13421
943 13422
153 13423
730 13424
780 13425
819 13426
403 13427
292 13428
544 13429
984 13430
870 13431
35 13432
979 13433
219 13434
398 13435
886 13436
507 13437
460 13438
603 13439
889 13440
932 13441
25 13442
842 13443
977 13444
1000 13445
885 13446
904 13447
905 13448
604 13449
970 13450
677 13451
794 13452
581 13453
544 13454
97 13455
884 13456
434 13457
286 13458
583 13459
674 13460
996 13461
432 13462
210 13463
742 13464
417 13465
798 13466
759 13467
266 13468
225 13469
204 13470
869 13471
39 13472
428 13473
600 13474
377 13475
386 13476
792 13477
115 13478
155 13479
903 13480
642 13481
496 13482
464 13483
771 13484
311 13485
493 13486
300 13487
347 13488
808 13489
354 13490
3 13491
573 13492
926 13493
745 13494
670 13495
908 13496
61 13497
494 13498
241 13499
182 13500
244 13501
955 13502
775 13503
424 13504
921 13505
868 13506
288 13507
13 13508
769 13509
907 13510
849 13511
91 13512
286 13513
335 13514
916 13515
696 13516
444 13517
558 13518
1 13519
589 13520
829 13521
161 13522
324 13523
211 13524
313 13525
109 13526
55 13527
735 13528
962 13529
930 13530
378 13531
301 13532
698 13533
391 13534
133 13535
174 13536
148 13537
675 13538
619 13539
999 13540
894 13541
503 13542
606 13543
334 13544
252 13545
992 13546
525 13547
921 13548
279 13549
338 13550
611 13551
942 13552
559 13553
489 13554
84 13555
138 13556
919 13557
870 13558
553 13559
164 13560
92 13561
226 13562
993 13563
187 13564
205 13565
181 13566
530 13567
125 13568
425 13569
952 13570
113 13571
775 13572
733 13573
218 13574
768 13575
605 13576
937 13577
485 13578
602 13579
161 13580
15 13581
510 13582
432 13583
123 13584
446 13585
770 13586
354 13587
544 13588
391 13589
940 13590
130 13591
45 13592
901 13593
244 13594
111 13595
270 13596
58 13597
507 13598
733 13599
560 13600
579 13601
164 13602
785 13603
346 13604
943 13605
31 13606
148 13607
114 13608
510 13609
95 13610
647 13611
53 13612
29 13613
779 13614
653 13615
633 13616
456 13617
446 13618
849 13619
612 13620
125 13621
288 13622
90 13623
283 13624
715 13625
89 13626
341 13627
502 13628
235 13629
231 13630
522 13631
295 13632
329 13633
413 13634
609 13635
62 13636
292 13637
867 13638
451 13639
948 13640
889 13641
69 13642
513 13643
477 13644
192 13645
198 13646
809 13647
992 13648
265 13649
590 13650
29 13651
50 13652
780 13653
515 13654
948 13655
531 13656
805 13657
482 13658
443 13659
688 13660
839 13661
603 13662
646 13663
734 13664
633 13665
927 13666
281 13667
633 13668
489 13669
341 13670
858 13671
146 13672
859 13673
715 13674
737 13675
329 13676
300 13677
112 13678
551 13679
468 13680
350 13681
686 13682
292 13683
552 13684
525 13685
426 13686
923 13687
237 13688
928 13689
518 13690
115 13691
795 13692
304 13693
120 13694
56 13695
34 13696
246 13697
409 13698
954 13699
765 13700
913 13701
402 13702
166 13703
647 13704
118 13705
975 13706
379 13707
636 13708
546 13709
894 13710
407 13711
349 13712
330 13713
590 13714
529 13715
387 13716
966 13717
608 13718
905 13719
446 13720
396 13721
773 13722
532 13723
642 13724
853 13725
317 13726
23 13727
153 13728
264 13729
416 13730
425 13731
450 13732
499 13733
932 13734
8 13735
500 13736
381 13737
435 13738
112 13739
27 13740
535 13741
187 13742
564 13743
878 13744
466 13745
476 13746
268 13747
960 13748
729 13749
92 13750
163 13751
544 13752
42 13753
561 13754
956 13755
27 13756
56 13757
201 13758
844 13759
1 13760
896 13761
114 13762
416 13763
833 13764
468 13765
694 13766
623 13767
899 13768
855 13769
166 13770
319 13771
958 13772
647 13773
721 13774
455 13775
288 13776
519 13777
777 13778
669 13779
882 13780
829 13781
124 13782
709 13783
326 13784
208 13785
891 13786
503 13787
755 13788
305 13789
480 13790
185 13791
514 13792
164 13793
70 13794
500 13795
613 13796
940 13797
536 13798
833 13799
392 13800
570 13801
819 13802
209 13803
775 13804
52 13805
621 13806
4 13807
142 13808
1 13809
247 13810
311 13811
397 13812
882 13813
95 13814
544 13815
543 13816
437 13817
20 13818
643 13819
136 13820
935 13821
938 13822
307 13823
300 13824
894 13825
723 13826
641 13827
808 13828
522 13829
6 13830
705 13831
265 13832
801 13833
567 13834
536 13835
623 13836
99 13837
809 13838
747 13839
84 13840
503 13841
889 13842
921 13843
30 13844
455 13845
475 13846
374 13847
291 13848
38 13849
747 13850
837 13851
443 13852
935 13853
703 13854
511 13855
212 13856
500 13857
306 13858
637 13859
535 13860
190 13861
356 13862
587 13863
984 13864
205 13865
277 13866
305 13867
108 13868
415 13869
924 13870
18 13871
709 13872
931 13873
132 13874
575 13875
433 13876
975 13877
800 13878
333 13879
462 13880
788 13881
579 13882
144 13883
519 13884
462 13885
345 13886
617 13887
312 13888
467 13889
300 13890
469 13891
110 13892
889 13893
105 13894
22 13895
568 13896
972 13897
776 13898
328 13899
905 13900
799 13901
53 13902
314 13903
575 13904
984 13905
827 13906
982 13907
42 13908
830 13909
159 13910
228 13911
814 13912
717 13913
869 13914
354 13915
568 13916
255 13917
970 13918
708 13919
253 13920
462 13921
10 13922
41 13923
216 13924
65 13925
404 13926
739 13927
490 13928
514 13929
461 13930
143 13931
489 13932
898 13933
174 13934
961 13935
490 13936
872 13937
887 13938
757 13939
320 13940
905 13941
852 13942
946 13943
404 13944
989 13945
896 13946
169 13947
290 13948
561 13949
286 13950
56 13951
299 13952
247 13953
223 13954
930 13955
803 13956
493 13957
702 13958
603 13959
445 13960
896 13961
344 13962
6 13963
31 13964
581 13965
994 13966
100 13967
431 13968
224 13969
373 13970
873 13971
291 13972
258 13973
87 13974
760 13975
685 13976
321 13977
28 13978
171 13979
440 13980
220 13981
653 13982
154 13983
889 13984
927 13985
594 13986
250 13987
816 13988
565 13989
405 13990
812 13991
684 13992
882 13993
397 13994
718 13995
337 13996
667 13997
252 13998
206 13999
622 14000
849 14001
687 14002
231 14003
933 14004
470 14005
646 14006
866 14007
969 14008
473 14009
314 14010
645 14011
156 14012
388 14013
720 14014
632 14015
34 14016
222 14017
653 14018
629 14019
498 14020
585 14021
2 14022
588 14023
524 14024
398 14025
483 14026
583 14027
212 14028
375 14029
784 14030
15 14031
110 14032
840 14033
565 14034
554 14035
679 14036
245 14037
674 14038
670 14039
666 14040
105 14041
230 14042
348 14043
348 14044
775 14045
675 14046
142 14047
850 14048
252 14049
635 14050
849 14051
953 14052
184 14053
59 14054
805 14055
787 14056
663 14057
87 14058
962 14059
663 14060
855 14061
611 14062
704 14063
778 14064
272 14065
917 14066
719 14067
132 14068
673 14069
912 14070
762 14071
243 14072
326 14073
850 14074
217 14075
98 14076
110 14077
172 14078
78 14079
93 14080
529 14081
537 14082
775 14083
392 14084
244 14085
516 14086
980 14087
776 14088
248 14089
356 14090
580 14091
346 14092
252 14093
279 14094
803 14095
1000 14096
304 14097
27 14098
117 14099
47 14100
573 14101
855 14102
387 14103
951 14104
145 14105
175 14106
954 14107
397 14108
631 14109
13 14110
276 14111
293 14112
977 14113
832 14114
31 14115
504 14116
93 14117
201 14118
98 14119
472 14120
99 14121
399 14122
497 14123
958 14124
83 14125
707 14126
553 14127
366 14128
859 14129
102 14130
310 14131
413 14132
801 14133
335 14134
138 14135
706 14136
902 14137
374 14138
355 14139
32 14140
798 14141
583 14142
908 14143
374 14144
747 14145
348 14146
777 14147
466 14148
304 14149
724 14150
791 14151
414 14152
297 14153
759 14154
819 14155
987 14156
400 14157
949 14158
545 14159
176 14160
125 14161
590 14162
99 14163
210 14164
425 14165
758 14166
654 14167
110 14168
74 14169
369 14170
2 14171
796 14172
920 14173
488 14174
806 14175
702 14176
721 14177
282 14178
7 14179
488 14180
854 14181
356 14182
969 14183
956 14184
38 14185
522 14186
57 14187
707 14188
324 14189
346 14190
401 14191
415 14192
176 14193
76 14194
427 14195
275 14196
688 14197
806 14198
764 14199
523 14200
583 14201
114 14202
379 14203
285 14204
511 14205
950 14206
275 14207
709 14208
140 14209
878 14210
433 14211
229 14212
754 14213
254 14214
875 14215
977 14216
914 14217
809 14218
549 14219
738 14220
776 14221
536 14222
47 14223
755 14224
565 14225
245 14226
324 14227
605 14228
343 14229
26 14230
301 14231
597 14232
831 14233
506 14234
437 14235
746 14236
198 14237
659 14238
290 14239
821 14240
232 14241
312 14242
594 14243
342 14244
770 14245
365 14246
508 14247
883 14248
32 14249
873 14250
202 14251
160 14252
598 14253
224 14254
115 14255
519 14256
576 14257
448 14258
428 14259
46 14260
1000 14261
751 14262
33 14263
202 14264
25 14265
888 14266
152 14267
329 14268
34 14269
350 14270
612 14271
534 14272
161 14273
183 14274
89 14275
717 14276
850 14277
432 14278
863 14279
427 14280
198 14281
289 14282
558 14283
142 14284
792 14285
605 14286
904 14287
435 14288
151 14289
103 14290
901 14291
510 14292
181 14293
244 14294
57 14295
236 14296
528 14297
201 14298
173 14299
602 14300
536 14301
247 14302
886 14303
800 14304
707 14305
900 14306
828 14307
865 14308
88 14309
833 14310
543 14311
300 14312
443 14313
390 14314
821 14315
531 14316
986 14317
958 14318
970 14319
848 14320
827 14321
899 14322
67 14323
660 14324
840 14325
201 14326
982 14327
284 14328
956 14329
873 14330
427 14331
195 14332
335 14333
650 14334
512 14335
964 14336
872 14337
712 14338
869 14339
257 14340
621 14341
222 14342
659 14343
833 14344
324 14345
575 14346
749 14347
116 14348
551 14349
123 14350
673 14351
440 14352
75 14353
430 14354
532 14355
631 14356
801 14357
423 14358
944 14359
998 14360
480 14361
324 14362
364 14363
964 14364
956 14365
54 14366
411 14367
930 14368
915 14369
901 14370
678 14371
555 14372
716 14373
779 14374
846 14375
202 14376
52 14377
335 14378
609 14379
526 14380
782 14381
356 14382
966 14383
690 14384
53 14385
553 14386
470 14387
178 14388
297 14389
246 14390
695 14391
255 14392
937 14393
732 14394
117 14395
52 14396
27 14397
591 14398
586 14399
991 14400
835 14401
417 14402
274 14403
68 14404
289 14405
464 14406
925 14407
382 14408
58 14409
144 14410
774 14411
1000 14412
138 14413
799 14414
840 14415
285 14416
899 14417
98 14418
114 14419
810 14420
687 14421
170 14422
593 14423
724 14424
779 14425
240 14426
925 14427
40 14428
654 14429
188 14430
19 14431
360 14432
43 14433
586 14434
249 14435
216 14436
313 14437
516 14438
318 14439
685 14440
218 14441
874 14442
740 14443
583 14444
814 14445
437 14446
256 14447
198 14448
379 14449
603 14450
233 14451
58 14452
734 14453
505 14454
636 14455
654 14456
648 14457
921 14458
134 14459
873 14460
893 14461
150 14462
952 14463
921 14464
953 14465
940 14466
389 14467
387 14468
409 14469
194 14470
129 14471
387 14472
782 14473
182 14474
220 14475
159 14476
954 14477
30 14478
958 14479
236 14480
703 14481
105 14482
964 14483
117 14484
854 14485
703 14486
319 14487
34 14488
368 14489
943 14490
415 14491
931 14492
20 14493
448 14494
452 14495
256 14496
810 14497
749 14498
819 14499
160 14500
783 14501
829 14502
416 14503
527 14504
743 14505
695 14506
796 14507
885 14508
108 14509
568 14510
789 14511
912 14512
471 14513
508 14514
30 14515
347 14516
561 14517
496 14518
643 14519
858 14520
777 14521
155 14522
715 14523
289 14524
47 14525
256 14526
412 14527
462 14528
248 14529
820 14530
591 14531
227 14532
145 14533
712 14534
906 14535
914 14536
552 14537
930 14538
259 14539
284 14540
287 14541
479 14542
781 14543
884 14544
455 14545
106 14546
409 14547
943 14548
270 14549
74 14550
202 14551
142 14552
493 14553
440 14554
753 14555
455 14556
116 14557
722 14558
188 14559
610 14560
917 14561
628 14562
339 14563
116 14564
603 14565
293 14566
83 14567
27 14568
46 14569
315 14570
392 14571
788 14572
566 14573
435 14574
56 14575
603 14576
930 14577
330 14578
149 14579
287 14580
364 14581
433 14582
228 14583
673 14584
733 14585
537 14586
68 14587
492 14588
112 14589
263 14590
57 14591
797 14592
652 14593
764 14594
920 14595
407 14596
748 14597
457 14598
288 14599
7 14600
832 14601
883 14602
72 14603
589 14604
31 14605
270 14606
445 14607
197 14608
973 14609
470 14610
213 14611
111 14612
526 14613
491 14614
167 14615
211 14616
626 14617
728 14618
654 14619
425 14620
50 14621
733 14622
230 14623
919 14624
664 14625
442 14626
566 14627
34 14628
911 14629
260 14630
691 14631
392 14632
884 14633
699 14634
183 14635
94 14636
180 14637
102 14638
493 14639
47 14640
363 14641
41 14642
956 14643
359 14644
556 14645
76 14646
667 14647
429 14648
935 14649
148 14650
17 14651
144 14652
917 14653
585 14654
21 14655
949 14656
661 14657
773 14658
329 14659
194 14660
964 14661
518 14662
198 14663
189 14664
935 14665
404 14666
602 14667
463 14668
150 14669
680 14670
415 14671
504 14672
780 14673
215 14674
949 14675
949 14676
709 14677
37 14678
277 14679
957 14680
528 14681
395 14682
454 14683
576 14684
850 14685
117 14686
799 14687
673 14688
931 14689
872 14690
979 14691
139 14692
981 14693
955 14694
473 14695
793 14696
95 14697
711 14698
432 14699
291 14700
838 14701
349 14702
990 14703
158 14704
79 14705
957 14706
814 14707
817 14708
784 14709
663 14710
795 14711
428 14712
906 14713
435 14714
937 14715
698 14716
712 14717
770 14718
302 14719
105 14720
10 14721
586 14722
627 14723
301 14724
316 14725
411 14726
411 14727
198 14728
720 14729
559 14730
777 14731
309 14732
203 14733
863 14734
68 14735
609 14736
564 14737
502 14738
272 14739
788 14740
572 14741
281 14742
44 14743
673 14744
906 14745
242 14746
81 14747
153 14748
742 14749
513 14750
41 14751
128 14752
625 14753
323 14754
163 14755
635 14756
385 14757
137 14758
287 14759
970 14760
856 14761
847 14762
409 14763
335 14764
873 14765
222 14766
128 14767
618 14768
983 14769
636 14770
627 14771
982 14772
212 14773
836 14774
413 14775
115 14776
169 14777
708 14778
349 14779
75 14780
91 14781
644 14782
34 14783
537 14784
503 14785
888 14786
377 14787
334 14788
430 14789
388 14790
35 14791
230 14792
878 14793
1000 14794
805 14795
793 14796
31 14797
677 14798
153 14799
769 14800
157 14801
336 14802
571 14803
340 14804
704 14805
128 14806
717 14807
68 14808
895 14809
756 14810
653 14811
526 14812
277 14813
657 14814
702 14815
476 14816
185 14817
938 14818
332 14819
369 14820
271 14821
776 14822
122 14823
948 14824
644 14825
230 14826
443 14827
67 14828
816 14829
701 14830
211 14831
249 14832
779 14833
80 14834
144 14835
545 14836
90 14837
985 14838
574 14839
87 14840
564 14841
881 14842
502 14843
154 14844
809 14845
92 14846
885 14847
988 14848
559 14849
222 14850
341 14851
589 14852
624 14853
770 14854
87 14855
158 14856
716 14857
15 14858
236 14859
804 14860
488 14861
647 14862
837 14863
849 14864
752 14865
35 14866
912 14867
580 14868
592 14869
537 14870
458 14871
21 14872
986 14873
518 14874
773 14875
688 14876
603 14877
520 14878
165 14879
463 14880
712 14881
349 14882
534 14883
598 14884
456 14885
977 14886
867 14887
29 14888
239 14889
803 14890
303 14891
179 14892
522 14893
402 14894
993 14895
390 14896
666 14897
195 14898
911 14899
170 14900
280 14901
530 14902
674 14903
818 14904
727 14905
911 14906
872 14907
60 14908
174 14909
128 14910
885 14911
546 14912
175 14913
150 14914
474 14915
198 14916
249 14917
661 14918
962 14919
815 14920
385 14921
259 14922
419 14923
493 14924
117 14925
970 14926
588 14927
842 14928
379 14929
300 14930
150 14931
590 14932
802 14933
886 14934
985 14935
222 14936
893 14937
162 14938
35 14939
564 14940
450 14941
171 14942
751 14943
220 14944
476 14945
764 14946
240 14947
712 14948
105 14949
989 14950
961 14951
636 14952
972 14953
844 14954
991 14955
295 14956
269 14957
965 14958
416 14959
751 14960
739 14961
969 14962
391 14963
965 14964
883 14965
665 14966
574 14967
879 14968
536 14969
685 14970
500 14971
659 14972
956 14973
772 14974
223 14975
710 14976
735 14977
110 14978
175 14979
159 14980
943 14981
862 14982
1000 14983
540 14984
581 14985
928 14986
785 14987
78 14988
10 14989
509 14990
210 14991
148 14992
839 14993
292 14994
492 14995
409 14996
272 14997
558 14998
475 14999
474 15000
978 15001
403 15002
626 15003
912 15004
71 15005
11 15006
284 15007
65 15008
624 15009
577 15010
443 15011
46 15012
868 15013
123 15014
237 15015
276 15016
163 15017
926 15018
588 15019
317 15020
133 15021
732 15022
725 15023
548 15024
713 15025
259 15026
3 15027
448 15028
936 15029
920 15030
108 15031
784 15032
719 15033
576 15034
620 15035
401 15036
528 15037
891 15038
662 15039
500 15040
30 15041
826 15042
126 15043
410 15044
423 15045
439 15046
586 15047
874 15048
972 15049
324 15050
712 15051
604 15052
244 15053
730 15054
149 15055
382 15056
811 15057
766 15058
308 15059
602 15060
139 15061
876 15062
436 15063
388 15064
964 15065
472 15066
792 15067
61 15068
142 15069
617 15070
779 15071
766 15072
17 15073
807 15074
425 15075
558 15076
119 15077
320 15078
478 15079
772 15080
787 15081
287 15082
460 15083
651 15084
372 15085
94 15086
669 15087
382 15088
618 15089
711 15090
840 15091
588 15092
520 15093
732 15094
835 15095
864 15096
87 15097
221 15098
756 15099
10 15100
425 15101
427 15102
564 15103
109 15104
691 15105
177 15106
7 15107
232 15108
552 15109
962 15110
677 15111
140 15112
851 15113
262 15114
49 15115
11 15116
211 15117
168 15118
640 15119
89 15120
380 15121
430 15122
100 15123
683 15124
654 15125
333 15126
509 15127
89 15128
447 15129
409 15130
582 15131
650 15132
420 15133
566 15134
658 15135
691 15136
680 15137
376 15138
301 15139
245 15140
360 15141
409 15142
624 15143
862 15144
816 15145
399 15146
757 15147
97 15148
174 15149
479 15150
815 15151
758 15152
338 15153
482 15154
511 15155
691 15156
44 15157
921 15158
798 15159
441 15160
799 15161
711 15162
828 15163
347 15164
254 15165
568 15166
769 15167
901 15168
50 15169
63 15170
63 15171
84 15172
592 15173
943 15174
382 15175
777 15176
253 15177
455 15178
399 15179
511 15180
672 15181
168 15182
584 15183
214 15184
429 15185
61 15186
118 15187
851 15188
740 15189
404 15190
3 15191
949 15192
695 15193
483 15194
236 15195
235 15196
237 15197
53 15198
849 15199
504 15200
351 15201
910 15202
426 15203
341 15204
117 15205
563 15206
395 15207
761 15208
918 15209
18 15210
78 15211
357 15212
442 15213
369 15214
850 15215
18 15216
80 15217
750 15218
493 15219
949 15220
123 15221
257 15222
961 15223
730 15224
793 15225
610 15226
933 15227
583 15228
803 15229
853 15230
3 15231
629 15232
826 15233
110 15234
650 15235
799 15236
970 15237
4 15238
767 15239
195 15240
67 15241
442 15242
545 15243
271 15244
813 15245
174 15246
640 15247
775 15248
703 15249
924 15250
47 15251
310 15252
246 15253
84 15254
987 15255
832 15256
673 15257
269 15258
467 15259
710 15260
297 15261
233 15262
856 15263
355 15264
57 15265
876 15266
862 15267
105 15268
190 15269
868 15270
865 15271
580 15272
582 15273
398 15274
674 15275
280 15276
987 15277
180 15278
481 15279
915 15280
194 15281
24 15282
630 15283
916 15284
414 15285
740 15286
586 15287
886 15288
38 15289
959 15290
881 15291
577 15292
120 15293
60 15294
79 15295
955 15296
590 15297
263 15298
340 15299
83 15300
173 15301
52 15302
661 15303
286 15304
315 15305
967 15306
172 15307
616 15308
38 15309
26 15310
161 15311
12 15312
925 15313
82 15314
91 15315
374 15316
453 15317
145 15318
358 15319
144 15320
968 15321
54 15322
161 15323
549 15324
849 15325
772 15326
264 15327
702 15328
485 15329
169 15330
480 15331
32 15332
687 15333
532 15334
389 15335
199 15336
60 15337
203 15338
183 15339
894 15340
669 15341
535 15342
19 15343
355 15344
688 15345
29 15346
335 15347
551 15348
18 15349
282 15350
606 15351
215 15352
923 15353
787 15354
794 15355
470 15356
461 15357
823 15358
761 15359
49 15360
494 15361
71 15362
6 15363
289 15364
604 15365
160 15366
291 15367
265 15368
955 15369
279 15370
784 15371
28 15372
995 15373
824 15374
742 15375
359 15376
643 15377
809 15378
624 15379
718 15380
767 15381
780 15382
978 15383
392 15384
319 15385
904 15386
732 15387
862 15388
402 15389
258 15390
730 15391
113 15392
440 15393
167 15394
318 15395
141 15396
166 15397
964 15398
103 15399
640 15400
407 15401
958 15402
408 15403
555 15404
993 15405
903 15406
481 15407
685 15408
774 15409
510 15410
400 15411
581 15412
939 15413
217 15414
227 15415
908 15416
803 15417
303 15418
484 15419
342 15420
895 15421
850 15422
537 15423
389 15424
816 15425
126 15426
885 15427
133 15428
326 15429
104 15430
904 15431
539 15432
218 15433
658 15434
413 15435
8 15436
890 15437
931 15438
895 15439
174 15440
649 15441
910 15442
213 15443
149 15444
927 15445
826 15446
958 15447
776 15448
66 15449
639 15450
260 15451
405 15452
42 15453
26 15454
779 15455
358 15456
727 15457
111 15458
334 15459
571 15460
445 15461
865 15462
463 15463
131 15464
678 15465
575 15466
253 15467
806 15468
958 15469
434 15470
415 15471
747 15472
126 15473
309 15474
206 15475
516 15476
906 15477
533 15478
514 15479
128 15480
423 15481
324 15482
280 15483
683 15484
249 15485
24 15486
255 15487
880 15488
382 15489
383 15490
681 15491
188 15492
421 15493
909 15494
772 15495
571 15496
105 15497
716 15498
168 15499
171 15500
839 15501
503 15502
90 15503
17 15504
232 15505
942 15506
709 15507
345 15508
982 15509
544 15510
226 15511
224 15512
994 15513
809 15514
725 15515
70 15516
617 15517
440 15518
475 15519
241 15520
937 15521
73 15522
512 15523
960 15524
94 15525
98 15526
993 15527
1 15528
422 15529
528 15530
921 15531
360 15532
11 15533
550 15534
696 15535
397 15536
784 15537
43 15538
734 15539
154 15540
249 15541
24 15542
639 15543
318 15544
376 15545
632 15546
936 15547
979 15548
948 15549
501 15550
614 15551
618 15552
852 15553
514 15554
769 15555
852 15556
328 15557
424 15558
219 15559
401 15560
870 15561
22 15562
510 15563
766 15564
5 15565
822 15566
582 15567
890 15568
23 15569
425 15570
884 15571
894 15572
733 15573
692 15574
771 15575
564 15576
96 15577
447 15578
715 15579
322 15580
795 15581
940 15582
648 15583
506 15584
167 15585
17 15586
819 15587
571 15588
435 15589
106 15590
673 15591
795 15592
271 15593
944 15594
1 15595
917 15596
266 15597
969 15598
392 15599
688 15600
784 15601
165 15602
947 15603
584 15604
109 15605
520 15606
47 15607
896 15608
215 15609
195 15610
186 15611
884 15612
659 15613
254 15614
258 15615
412 15616
525 15617
767 15618
288 15619
670 15620
841 15621
5 15622
817 15623
819 15624
759 15625
186 15626
827 15627
685 15628
770 15629
202 15630
522 15631
788 15632
803 15633
158 15634
84 15635
307 15636
78 15637
970 15638
156 15639
255 15640
739 15641
889 15642
163 15643
788 15644
825 15645
800 15646
810 15647
788 15648
211 15649
783 15650
401 15651
772 15652
303 15653
416 15654
927 15655
457 15656
585 15657
104 15658
243 15659
158 15660
466 15661
13 15662
733 15663
570 15664
254 15665
896 15666
906 15667
133 15668
225 15669
404 15670
774 15671
643 15672
801 15673
365 15674
332 15675
486 15676
346 15677
669 15678
382 15679
657 15680
50 15681
634 15682
739 15683
559 15684
821 15685
868 15686
314 15687
618 15688
328 15689
643 15690
143 15691
215 15692
383 15693
574 15694
462 15695
580 15696
752 15697
500 15698
91 15699
395 15700
789 15701
541 15702
501 15703
996 15704
124 15705
991 15706
825 15707
698 15708
795 15709
731 15710
384 15711
975 15712
80 15713
196 15714
180 15715
254 15716
55 15717
655 15718
744 15719
103 15720
397 15721
966 15722
11 15723
843 15724
588 15725
135 15726
194 15727
361 15728
823 15729
303 15730
787 15731
705 15732
909 15733
304 15734
878 15735
789 15736
420 15737
104 15738
886 15739
610 15740
114 15741
873 15742
489 15743
177 15744
137 15745
855 15746
670 15747
826 15748
439 15749
317 15750
274 15751
26 15752
767 15753
844 15754
351 15755
143 15756
3 15757
968 15758
348 15759
671 15760
613 15761
722 15762
960 15763
370 15764
108 15765
807 15766
189 15767
171 15768
789 15769
88 15770
340 15771
74 15772
450 15773
394 15774
947 15775
21 15776
217 15777
514 15778
283 15779
57 15780
604 15781
405 15782
318 15783
322 15784
827 15785
452 15786
196 15787
258 15788
386 15789
552 15790
267 15791
909 15792
952 15793
151 15794
525 15795
888 15796
414 15797
303 15798
735 15799
675 15800
352 15801
633 15802
858 15803
499 15804
643 15805
449 15806
314 15807
446 15808
52 15809
508 15810
374 15811
475 15812
606 15813
78 15814
698 15815
429 15816
828 15817
845 15818
856 15819
108 15820
794 15821
990 15822
421 15823
853 15824
153 15825
923 15826
472 15827
863 15828
44 15829
46 15830
900 15831
421 15832
973 15833
172 15834
251 15835
992 15836
255 15837
129 15838
308 15839
152 15840
188 15841
173 15842
85 15843
873 15844
56 15845
398 15846
21 15847
883 15848
642 15849
397 15850
9 15851
310 15852
751 15853
434 15854
906 15855
261 15856
510 15857
970 15858
440 15859
95 15860
868 15861
188 15862
349 15863
414 15864
773 15865
804 15866
317 15867
376 15868
28 15869
49 15870
758 15871
946 15872
467 15873
451 15874
300 15875
676 15876
831 15877
381 15878
678 15879
712 15880
884 15881
746 15882
939 15883
87 15884
108 15885
459 15886
560 15887
685 15888
375 15889
679 15890
33 15891
628 15892
323 15893
489 15894
414 15895
908 15896
518 15897
371 15898
101 15899
545 15900
178 15901
313 15902
987 15903
387 15904
662 15905
413 15906
559 15907
935 15908
764 15909
456 15910
446 15911
50 15912
205 15913
3 15914
538 15915
349 15916
438 15917
372 15918
604 15919
653 15920
707 15921
86 15922
871 15923
920 15924
84 15925
592 15926
662 15927
224 15928
316 15929
382 15930
916 15931
838 15932
718 15933
618 15934
678 15935
943 15936
660 15937
903 15938
885 15939
647 15940
802 15941
462 15942
983 15943
26 15944
358 15945
809 15946
586 15947
916 15948
108 15949
554 15950
364 15951
453 15952
723 15953
60 15954
280 15955
192 15956
118 15957
736 15958
283 15959
689 15960
562 15961
134 15962
387 15963
315 15964
421 15965
980 15966
781 15967
635 15968
515 15969
730 15970
33 15971
27 15972
939 15973
35 15974
431 15975
526 15976
663 15977
239 15978
164 15979
89 15980
494 15981
437 15982
186 15983
943 15984
126 15985
490 15986
676 15987
794 15988
121 15989
685 15990
50 15991
93 15992
312 15993
490 15994
13 15995
405 15996
531 15997
637 15998
48 15999
835 16000
465 16001
891 16002
639 16003
406 16004
8 16005
964 16006
246 16007
140 16008
932 16009
212 16010
895 16011
280 16012
893 16013
891 16014
951 16015
287 16016
180 16017
768 16018
14 16019
263 16020
449 16021
812 16022
633 16023
351 16024
640 16025
193 16026
160 16027
597 16028
361 16029
589 16030
943 16031
290 16032
230 16033
160 16034
626 16035
224 16036
739 16037
125 16038
67 16039
129 16040
423 16041
819 16042
764 16043
839 16044
186 16045
201 16046
773 16047
774 16048
691 16049
357 16050
241 16051
966 16052
185 16053
270 16054
381 16055
388 16056
197 16057
19 16058
992 16059
718 16060
915 16061
1 16062
95 16063
999 16064
558 16065
857 16066
231 16067
436 16068
662 16069
125 16070
356 16071
376 16072
616 16073
831 16074
405 16075
399 16076
954 16077
584 16078
432 16079
367 16080
288 16081
722 16082
442 16083
453 16084
337 16085
370 16086
835 16087
508 16088
965 16089
159 16090
872 16091
378 16092
272 16093
527 16094
585 16095
494 16096
594 16097
20 16098
248 16099
40 16100
483 16101
481 16102
801 16103
15 16104
819 16105
419 16106
616 16107
565 16108
269 16109
437 16110
240 16111
2 16112
454 16113
340 16114
299 16115
203 16116
801 16117
791 16118
973 16119
680 16120
24 16121
130 16122
934 16123
37 16124
790 16125
565 16126
596 16127
57 16128
516 16129
900 16130
643 16131
398 16132
894 16133
109 16134
777 16135
988 16136
445 16137
965 16138
881 16139
290 16140
310 16141
960 16142
26 16143
798 16144
939 16145
246 16146
521 16147
616 16148
748 16149
435 16150
96 16151
498 16152
767 16153
744 16154
924 16155
585 16156
550 16157
517 16158
807 16159
777 16160
636 16161
674 16162
192 16163
151 16164
411 16165
913 16166
726 16167
510 16168
626 16169
284 16170
988 16171
952 16172
260 16173
114 16174
64 16175
639 16176
637 16177
689 16178
8 16179
804 16180
852 16181
504 16182
808 16183
354 16184
952 16185
78 16186
606 16187
305 16188
505 16189
737 16190
506 16191
271 16192
551 16193
164 16194
150 16195
870 16196
83 16197
508 16198
420 16199
454 16200
731 16201
525 16202
989 16203
245 16204
721 16205
973 16206
297 16207
462 16208
127 16209
701 16210
999 16211
707 16212
59 16213
81 16214
847 16215
254 16216
997 16217
881 16218
781 16219
608 16220
80 16221
761 16222
156 16223
737 16224
11 16225
11 16226
458 16227
979 16228
286 16229
451 16230
718 16231
304 16232
323 16233
906 16234
321 16235
289 16236
138 16237
601 16238
602 16239
849 16240
723 16241
809 16242
169 16243
666 16244
368 16245
930 16246
536 16247
342 16248
589 16249
553 16250
626 16251
965 16252
785 16253
156 16254
733 16255
961 16256
207 16257
531 16258
479 16259
611 16260
150 16261
157 16262
339 16263
201 16264
70 16265
440 16266
531 16267
554 16268
603 16269
195 16270
615 16271
777 16272
95 16273
948 16274
822 16275
661 16276
771 16277
289 16278
435 16279
916 16280
436 16281
851 16282
622 16283
366 16284
370 16285
836 16286
36 16287
51 16288
740 16289
117 16290
946 16291
440 16292
497 16293
834 16294
616 16295
913 16296
168 16297
527 16298
999 16299
923 16300
701 16301
953 16302
406 16303
502 16304
462 16305
621 16306
474 16307
70 16308
142 16309
548 16310
643 16311
166 16312
822 16313
251 16314
596 16315
591 16316
546 16317
715 16318
261 16319
131 16320
80 16321
596 16322
78 16323
404 16324
143 16325
691 16326
906 16327
473 16328
452 16329
118 16330
234 16331
61 16332
892 16333
475 16334
519 16335
835 16336
857 16337
900 16338
857 16339
254 16340
729 16341
387 16342
881 16343
594 16344
32 16345
929 16346
741 16347
220 16348
665 16349
86 16350
569 16351
998 16352
542 16353
202 16354
651 16355
888 16356
454 16357
754 16358
955 16359
188 16360
101 16361
30 16362
670 16363
872 16364
390 16365
588 16366
14 16367
398 16368
250 16369
929 16370
904 16371
209 16372
501 16373
451 16374
975 16375
98 16376
856 16377
995 16378
405 16379
160 16380
595 16381
444 16382
840 16383
988 16384
732 16385
539 16386
156 16387
885 16388
216 16389
260 16390
210 16391
609 16392
688 16393
394 16394
839 16395
57 16396
378 16397
722 16398
913 16399
636 16400
364 16401
116 16402
313 16403
965 16404
465 16405
700 16406
599 16407
585 16408
668 16409
417 16410
732 16411
947 16412
652 16413
337 16414
277 16415
98 16416
918 16417
355 16418
325 16419
624 16420
402 16421
319 16422
399 16423
931 16424
854 16425
855 16426
94 16427
347 16428
515 16429
761 16430
118 16431
19 16432
978 16433
753 16434
915 16435
36 16436
673 16437
15 16438
652 16439
758 16440
946 16441
506 16442
590 16443
676 16444
253 16445
237 16446
861 16447
989 16448
604 16449
699 16450
719 16451
574 16452
863 16453
559 16454
299 16455
250 16456
683 16457
199 16458
499 16459
419 16460
10 16461
317 16462
126 16463
513 16464
917 16465
851 16466
913 16467
427 16468
981 16469
891 16470
756 16471
635 16472
245 16473
932 16474
256 16475
699 16476
659 16477
698 16478
951 16479
79 16480
967 16481
196 16482
998 16483
479 16484
227 16485
794 16486
331 16487
279 16488
459 16489
418 16490
928 16491
92 16492
398 16493
48 16494
269 16495
245 16496
152 16497
593 16498
781 16499
612 16500
427 16501
721 16502
422 16503
632 16504
891 16505
901 16506
126 16507
610 16508
2 16509
831 16510
774 16511
456 16512
802 16513
991 16514
175 16515
428 16516
937 16517
760 16518
761 16519
199 16520
162 16521
62 16522
457 16523
295 16524
991 16525
781 16526
726 16527
287 16528
914 16529
52 16530
819 16531
683 16532
353 16533
858 16534
482 16535
465 16536
335 16537
108 16538
365 16539
290 16540
427 16541
714 16542
537 16543
62 16544
598 16545
816 16546
651 16547
929 16548
745 16549
391 16550
799 16551
52 16552
721 16553
329 16554
585 16555
69 16556
655 16557
554 16558
838 16559
689 16560
762 16561
585 16562
365 16563
301 16564
552 16565
576 16566
762 16567
147 16568
763 16569
736 16570
493 16571
599 16572
765 16573
988 16574
910 16575
442 16576
957 16577
379 16578
395 16579
631 16580
963 16581
799 16582
766 16583
865 16584
563 16585
105 16586
36 16587
192 16588
638 16589
513 16590
588 16591
82 16592
408 16593
539 16594
129 16595
229 16596
554 16597
302 16598
785 16599
605 16600
992 16601
153 16602
277 16603
640 16604
991 16605
399 16606
67 16607
278 16608
206 16609
490 16610
197 16611
460 16612
260 16613
513 16614
352 16615
585 16616
461 16617
505 16618
773 16619
64 16620
413 16621
313 16622
838 16623
222 16624
258 16625
407 16626
423 16627
182 16628
97 16629
581 16630
313 16631
731 16632
37 16633
944 16634
1000 16635
835 16636
50 16637
913 16638
566 16639
741 16640
370 16641
700 16642
211 16643
289 16644
759 16645
295 16646
12 16647
150 16648
310 16649
836 16650
71 16651
231 16652
69 16653
360 16654
877 16655
909 16656
133 16657
15 16658
683 16659
644 16660
825 16661
776 16662
247 16663
117 16664
17 16665
264 16666
972 16667
519 16668
858 16669
889 16670
654 16671
23 16672
622 16673
845 16674
319 16675
199 16676
645 16677
460 16678
936 16679
223 16680
967 16681
588 16682
657 16683
590 16684
78 16685
411 16686
34 16687
572 16688
669 16689
378 16690
198 16691
214 16692
891 16693
420 16694
635 16695
683 16696
832 16697
612 16698
368 16699
747 16700
20 16701
220 16702
200 16703
863 16704
19 16705
83 16706
986 16707
548 16708
373 16709
939 16710
261 16711
393 16712
174 16713
623 16714
496 16715
628 16716
540 16717
366 16718
975 16719
610 16720
291 16721
109 16722
796 16723
463 16724
876 16725
722 16726
33 16727
849 16728
389 16729
795 16730
719 16731
866 16732
885 16733
203 16734
256 16735
893 16736
624 16737
462 16738
878 16739
116 16740
900 16741
747 16742
689 16743
662 16744
555 16745
448 16746
625 16747
560 16748
474 16749
518 16750
219 16751
423 16752
986 16753
403 16754
387 16755
397 16756
585 16757
333 16758
316 16759
622 16760
682 16761
968 16762
84 16763
627 16764
338 16765
433 16766
119 16767
365 16768
199 16769
425 16770
554 16771
476 16772
983 16773
175 16774
922 16775
159 16776
175 16777
607 16778
919 16779
362 16780
160 16781
675 16782
785 16783
478 16784
483 16785
602 16786
759 16787
107 16788
480 16789
316 16790
287 16791
394 16792
596 16793
551 16794
965 16795
120 16796
973 16797
914 16798
367 16799
945 16800
28 16801
203 16802
739 16803
334 16804
201 16805
83 16806
866 16807
975 16808
486 16809
643 16810
531 16811
808 16812
687 16813
883 16814
561 16815
92 16816
883 16817
378 16818
666 16819
197 16820
694 16821
929 16822
629 16823
50 16824
660 16825
758 16826
529 16827
590 16828
983 16829
257 16830
386 16831
545 16832
151 16833
596 16834
45 16835
304 16836
931 16837
960 16838
827 16839
90 16840
254 16841
424 16842
412 16843
280 16844
508 16845
79 16846
66 16847
812 16848
787 16849
485 16850
739 16851
485 16852
411 16853
867 16854
451 16855
148 16856
450 16857
698 16858
557 16859
17 16860
125 16861
716 16862
817 16863
402 16864
853 16865
920 16866
269 16867
119 16868
411 16869
167 16870
575 16871
822 16872
751 16873
607 16874
335 16875
897 16876
533 16877
439 16878
611 16879
605 16880
720 16881
702 16882
985 16883
962 16884
518 16885
703 16886
206 16887
724 16888
494 16889
80 16890
516 16891
429 16892
755 16893
676 16894
172 16895
352 16896
817 16897
200 16898
568 16899
375 16900
440 16901
833 16902
739 16903
936 16904
213 16905
279 16906
989 16907
313 16908
772 16909
53 16910
413 16911
608 16912
5 16913
735 16914
199 16915
865 16916
671 16917
664 16918
839 16919
424 16920
689 16921
189 16922
222 16923
202 16924
663 16925
395 16926
847 16927
907 16928
177 16929
180 16930
165 16931
275 16932
670 16933
929 16934
160 16935
168 16936
542 16937
132 16938
838 16939
190 16940
245 16941
752 16942
902 16943
224 16944
978 16945
978 16946
332 16947
599 16948
351 16949
483 16950
922 16951
564 16952
459 16953
433 16954
999 16955
785 16956
780 16957
567 16958
935 16959
264 16960
335 16961
390 16962
948 16963
905 16964
632 16965
396 16966
512 16967
637 16968
738 16969
668 16970
567 16971
159 16972
636 16973
69 16974
995 16975
74 16976
950 16977
174 16978
630 16979
400 16980
717 16981
906 16982
772 16983
664 16984
645 16985
294 16986
54 16987
873 16988
790 16989
138 16990
612 16991
592 16992
522 16993
654 16994
93 16995
801 16996
443 16997
596 16998
343 16999
40 17000
629 17001
880 17002
66 17003
188 17004
481 17005
255 17006
942 17007
160 17008
736 17009
782 17010
251 17011
296 17012
223 17013
550 17014
414 17015
995 17016
755 17017
879 17018
985 17019
317 17020
779 17021
832 17022
123 17023
530 17024
110 17025
670 17026
292 17027
66 17028
495 17029
954 17030
781 17031
932 17032
42 17033
335 17034
16 17035
39 17036
370 17037
34 17038
283 17039
416 17040
598 17041
164 17042
687 17043
832 17044
166 17045
388 17046
111 17047
6 17048
310 17049
634 17050
737 17051
671 17052
614 17053
56 17054
370 17055
225 17056
786 17057
970 17058
836 17059
945 17060
223 17061
110 17062
72 17063
911 17064
416 17065
626 17066
85 17067
857 17068
993 17069
99 17070
155 17071
670 17072
554 17073
996 17074
260 17075
387 17076
624 17077
306 17078
954 17079
993 17080
86 17081
626 17082
168 17083
369 17084
58 17085
967 17086
252 17087
827 17088
518 17089
925 17090
402 17091
621 17092
702 17093
780 17094
848 17095
186 17096
683 17097
962 17098
46 17099
627 17100
723 17101
441 17102
843 17103
897 17104
353 17105
960 17106
784 17107
563 17108
687 17109
265 17110
900 17111
627 17112
160 17113
856 17114
691 17115
132 17116
292 17117
176 17118
18 17119
124 17120
726 17121
223 17122
244 17123
479 17124
313 17125
423 17126
6 17127
94 17128
880 17129
152 17130
852 17131
229 17132
751 17133
602 17134
16 17135
819 17136
582 17137
861 17138
665 17139
285 17140
543 17141
653 17142
400 17143
155 17144
630 17145
39 17146
109 17147
394 17148
724 17149
64 17150
375 17151
421 17152
170 17153
733 17154
156 17155
16 17156
420 17157
565 17158
355 17159
356 17160
107 17161
1000 17162
96 17163
851 17164
839 17165
279 17166
46 17167
140 17168
175 17169
135 17170
852 17171
161 17172
454 17173
586 17174
213 17175
449 17176
511 17177
881 17178
919 17179
140 17180
244 17181
467 17182
909 17183
521 17184
115 17185
184 17186
338 17187
327 17188
703 17189
884 17190
544 17191
231 17192
230 17193
736 17194
932 17195
593 17196
671 17197
118 17198
556 17199
261 17200
880 17201
185 17202
318 17203
465 17204
646 17205
259 17206
596 17207
548 17208
392 17209
572 17210
88 17211
910 17212
133 17213
28 17214
339 17215
167 17216
610 17217
37 17218
806 17219
898 17220
987 17221
984 17222
835 17223
31 17224
599 17225
146 17226
451 17227
245 17228
632 17229
385 17230
462 17231
930 17232
130 17233
144 17234
415 17235
651 17236
238 17237
920 17238
449 17239
196 17240
270 17241
730 17242
425 17243
174 17244
904 17245
709 17246
733 17247
704 17248
435 17249
120 17250
738 17251
667 17252
571 17253
566 17254
159 17255
861 17256
328 17257
340 17258
569 17259
231 17260
835 17261
827 17262
963 17263
454 17264
124 17265
936 17266
509 17267
7 17268
505 17269
872 17270
824 17271
774 17272
470 17273
672 17274
626 17275
867 17276
553 17277
940 17278
818 17279
812 17280
679 17281
33 17282
192 17283
559 17284
730 17285
137 17286
450 17287
325 17288
100 17289
456 17290
206 17291
980 17292
733 17293
40 17294
776 17295
547 17296
904 17297
560 17298
563 17299
207 17300
74 17301
505 17302
705 17303
961 17304
694 17305
534 17306
982 17307
306 17308
487 17309
83 17310
155 17311
490 17312
610 17313
526 17314
803 17315
201 17316
541 17317
253 17318
373 17319
313 17320
41 17321
704 17322
87 17323
11 17324
212 17325
807 17326
910 17327
598 17328
19 17329
818 17330
880 17331
430 17332
960 17333
893 17334
226 17335
884 17336
480 17337
970 17338
150 17339
782 17340
780 17341
751 17342
982 17343
263 17344
820 17345
462 17346
868 17347
724 17348
225 17349
104 17350
506 17351
516 17352
335 17353
368 17354
771 17355
392 17356
438 17357
219 17358
395 17359
556 17360
373 17361
273 17362
701 17363
427 17364
566 17365
487 17366
503 17367
587 17368
332 17369
551 17370
534 17371
850 17372
258 17373
301 17374
230 17375
485 17376
603 17377
782 17378
978 17379
776 17380
497 17381
907 17382
270 17383
694 17384
395 17385
948 17386
99 17387
174 17388
525 17389
986 17390
255 17391
512 17392
447 17393
849 17394
423 17395
736 17396
292 17397
162 17398
871 17399
942 17400
85 17401
492 17402
81 17403
123 17404
607 17405
331 17406
620 17407
144 17408
612 17409
179 17410
165 17411
294 17412
268 17413
313 17414
836 17415
380 17416
366 17417
581 17418
812 17419
582 17420
459 17421
591 17422
106 17423
354 17424
290 17425
529 17426
89 17427
725 17428
375 17429
66 17430
83 17431
932 17432
23 17433
795 17434
583 17435
590 17436
929 17437
68 17438
724 17439
71 17440
993 17441
909 17442
996 17443
933 17444
157 17445
700 17446
387 17447
695 17448
75 17449
787 17450
119 17451
584 17452
539 17453
559 17454
111 17455
824 17456
458 17457
388 17458
198 17459
255 17460
503 17461
914 17462
297 17463
996 17464
399 17465
98 17466
894 17467
14 17468
377 17469
954 17470
816 17471
629 17472
914 17473
657 17474
387 17475
584 17476
140 17477
180 17478
586 17479
223 17480
663 17481
800 17482
311 17483
831 17484
590 17485
417 17486
41 17487
560 17488
9 17489
190 17490
78 17491
996 17492
199 17493
19 17494
229 17495
493 17496
405 17497
340 17498
543 17499
147 17500
200 17501
169 17502
744 17503
923 17504
849 17505
879 17506
9 17507
833 17508
230 17509
7 17510
940 17511
312 17512
217 17513
234 17514
922 17515
128 17516
6 17517
700 17518
374 17519
140 17520
900 17521
965 17522
594 17523
773 17524
173 17525
824 17526
506 17527
183 17528
996 17529
654 17530
778 17531
137 17532
376 17533
344 17534
121 17535
900 17536
852 17537
403 17538
38 17539
97 17540
978 17541
499 17542
772 17543
163 17544
208 17545
234 17546
953 17547
779 17548
75 17549
960 17550
961 17551
768 17552
559 17553
632 17554
565 17555
203 17556
895 17557
863 17558
560 17559
98 17560
113 17561
992 17562
711 17563
191 17564
902 17565
797 17566
20 17567
33 17568
666 17569
308 17570
368 17571
579 17572
304 17573
153 17574
118 17575
955 17576
696 17577
21 17578
761 17579
632 17580
511 17581
669 17582
158 17583
215 17584
401 17585
939 17586
983 17587
719 17588
484 17589
508 17590
314 17591
656 17592
274 17593
931 17594
327 17595
966 17596
618 17597
801 17598
380 17599
923 17600
342 17601
494 17602
153 17603
723 17604
964 17605
370 17606
58 17607
957 17608
752 17609
459 17610
411 17611
383 17612
560 17613
293 17614
367 17615
316 17616
852 17617
227 17618
16 17619
332 17620
922 17621
235 17622
867 17623
364 17624
556 17625
494 17626
475 17627
480 17628
532 17629
972 17630
783 17631
37 17632
364 17633
341 17634
399 17635
463 17636
778 17637
659 17638
671 17639
304 17640
646 17641
381 17642
237 17643
297 17644
615 17645
545 17646
100 17647
412 17648
329 17649
6 17650
411 17651
246 17652
404 17653
773 17654
813 17655
709 17656
678 17657
637 17658
773 17659
814 17660
177 17661
473 17662
886 17663
924 17664
674 17665
580 17666
378 17667
771 17668
146 17669
479 17670
35 17671
789 17672
453 17673
328 17674
211 17675
377 17676
11 17677
639 17678
377 17679
300 17680
329 17681
436 17682
148 17683
284 17684
935 17685
850 17686
486 17687
428 17688
629 17689
786 17690
795 17691
920 17692
531 17693
654 17694
991 17695
330 17696
149 17697
58 17698
964 17699
624 17700
322 17701
155 17702
478 17703
886 17704
660 17705
916 17706
993 17707
615 17708
993 17709
289 17710
451 17711
266 17712
264 17713
151 17714
583 17715
531 17716
934 17717
5 17718
661 17719
238 17720
101 17721
785 17722
769 17723
94 17724
288 17725
258 17726
985 17727
362 17728
668 17729
42 17730
438 17731
722 17732
268 17733
784 17734
832 17735
508 17736
727 17737
416 17738
713 17739
642 17740
276 17741
36 17742
983 17743
25 17744
301 17745
24 17746
68 17747
914 17748
428 17749
981 17750
98 17751
281 17752
931 17753
262 17754
153 17755
712 17756
440 17757
431 17758
626 17759
423 17760
400 17761
795 17762
630 17763
749 17764
326 17765
45 17766
367 17767
936 17768
253 17769
241 17770
608 17771
487 17772
27 17773
679 17774
762 17775
783 17776
4 17777
796 17778
911 17779
429 17780
257 17781
977 17782
365 17783
90 17784
764 17785
490 17786
431 17787
174 17788
732 17789
787 17790
271 17791
453 17792
624 17793
315 17794
582 17795
870 17796
856 17797
515 17798
426 17799
718 17800
103 17801
506 17802
31 17803
68 17804
281 17805
561 17806
684 17807
905 17808
275 17809
259 17810
64 17811
592 17812
147 17813
234 17814
139 17815
886 17816
198 17817
140 17818
193 17819
722 17820
474 17821
910 17822
553 17823
155 17824
411 17825
584 17826
59 17827
773 17828
774 17829
26 17830
78 17831
701 17832
845 17833
579 17834
795 17835
198 17836
952 17837
494 17838
613 17839
822 17840
778 17841
321 17842
671 17843
171 17844
484 17845
304 17846
799 17847
533 17848
473 17849
173 17850
509 17851
776 17852
631 17853
426 17854
626 17855
124 17856
13 17857
292 17858
673 17859
740 17860
832 17861
496 17862
911 17863
565 17864
678 17865
719 17866
13 17867
763 17868
58 17869
494 17870
489 17871
64 17872
695 17873
786 17874
484 17875
877 17876
203 17877
41 17878
136 17879
12 17880
711 17881
776 17882
411 17883
100 17884
717 17885
264 17886
447 17887
608 17888
540 17889
62 17890
880 17891
74 17892
346 17893
161 17894
327 17895
693 17896
132 17897
334 17898
30 17899
765 17900
372 17901
436 17902
758 17903
164 17904
437 17905
215 17906
157 17907
832 17908
431 17909
777 17910
655 17911
882 17912
928 17913
675 17914
633 17915
512 17916
678 17917
981 17918
874 17919
44 17920
446 17921
117 17922
686 17923
97 17924
840 17925
655 17926
735 17927
849 17928
865 17929
941 17930
615 17931
330 17932
778 17933
893 17934
297 17935
607 17936
672 17937
201 17938
454 17939
258 17940
634 17941
926 17942
59 17943
168 17944
218 17945
51 17946
292 17947
27 17948
736 17949
623 17950
613 17951
661 17952
804 17953
650 17954
555 17955
52 17956
383 17957
257 17958
623 17959
257 17960
117 17961
753 17962
19 17963
97 17964
488 17965
29 17966
483 17967
762 17968
223 17969
998 17970
271 17971
643 17972
735 17973
479 17974
741 17975
180 17976
726 17977
603 17978
102 17979
296 17980
314 17981
835 17982
191 17983
138 17984
217 17985
976 17986
204 17987
530 17988
659 17989
367 17990
712 17991
29 17992
968 17993
607 17994
437 17995
335 17996
1 17997
169 17998
63 17999
480 18000
23 18001
54 18002
891 18003
639 18004
338 18005
241 18006
276 18007
412 18008
320 18009
513 18010
753 18011
378 18012
276 18013
477 18014
648 18015
427 18016
480 18017
754 18018
319 18019
42 18020
492 18021
605 18022
35 18023
574 18024
561 18025
530 18026
26 18027
863 18028
821 18029
117 18030
531 18031
985 18032
89 18033
924 18034
84 18035
454 18036
4 18037
780 18038
77 18039
155 18040
529 18041
553 18042
331 18043
500 18044
684 18045
417 18046
343 18047
54 18048
600 18049
780 18050
461 18051
738 18052
606 18053
225 18054
175 18055
275 18056
459 18057
501 18058
169 18059
900 18060
250 18061
175 18062
170 18063
999 18064
726 18065
879 18066
193 18067
383 18068
910 18069
489 18070
227 18071
861 18072
902 18073
808 18074
676 18075
981 18076
778 18077
434 18078
932 18079
418 18080
668 18081
121 18082
152 18083
426 18084
311 18085
645 18086
911 18087
556 18088
158 18089
366 18090
918 18091
800 18092
395 18093
415 18094
992 18095
178 18096
510 18097
110 18098
223 18099
117 18100
521 18101
809 18102
616 18103
381 18104
665 18105
949 18106
129 18107
551 18108
761 18109
448 18110
895 18111
259 18112
451 18113
952 18114
50 18115
838 18116
434 18117
348 18118
5 18119
989 18120
324 18121
263 18122
408 18123
439 18124
168 18125
547 18126
918 18127
649 18128
619 18129
281 18130
941 18131
338 18132
232 18133
810 18134
913 18135
254 18136
207 18137
845 18138
93 18139
61 18140
33 18141
493 18142
499 18143
539 18144
112 18145
792 18146
483 18147
730 18148
824 18149
306 18150
729 18151
435 18152
316 18153
455 18154
540 18155
960 18156
321 18157
862 18158
200 18159
2 18160
878 18161
848 18162
632 18163
689 18164
987 18165
645 18166
737 18167
247 18168
438 18169
238 18170
130 18171
29 18172
688 18173
263 18174
706 18175
290 18176
998 18177
142 18178
924 18179
253 18180
996 18181
938 18182
189 18183
465 18184
983 18185
437 18186
178 18187
608 18188
838 18189
578 18190
843 18191
680 18192
479 18193
788 18194
753 18195
847 18196
887 18197
616 18198
979 18199
691 18200
343 18201
445 18202
44 18203
122 18204
887 18205
560 18206
291 18207
771 18208
971 18209
509 18210
68 18211
656 18212
62 18213
271 18214
160 18215
272 18216
955 18217
793 18218
343 18219
420 18220
511 18221
859 18222
394 18223
151 18224
794 18225
859 18226
73 18227
755 18228
544 18229
345 18230
284 18231
379 18232
454 18233
452 18234
265 18235
812 18236
42 18237
540 18238
155 18239
741 18240
145 18241
179 18242
639 18243
384 18244
16 18245
283 18246
624 18247
787 18248
802 18249
767 18250
167 18251
723 18252
629 18253
464 18254
330 18255
857 18256
186 18257
670 18258
431 18259
227 18260
587 18261
364 18262
962 18263
682 18264
551 18265
958 18266
948 18267
151 18268
709 18269
769 18270
133 18271
372 18272
43 18273
472 18274
508 18275
442 18276
644 18277
550 18278
615 18279
591 18280
146 18281
662 18282
561 18283
707 18284
929 18285
896 18286
335 18287
604 18288
694 18289
444 18290
742 18291
91 18292
675 18293
845 18294
624 18295
739 18296
997 18297
997 18298
394 18299
360 18300
20 18301
157 18302
320 18303
281 18304
804 18305
620 18306
606 18307
200 18308
641 18309
92 18310
371 18311
344 18312
414 18313
589 18314
166 18315
811 18316
127 18317
799 18318
732 18319
133 18320
880 18321
915 18322
66 18323
49 18324
701 18325
848 18326
656 18327
656 18328
948 18329
253 18330
479 18331
705 18332
269 18333
357 18334
439 18335
343 18336
65 18337
715 18338
839 18339
780 18340
725 18341
642 18342
509 18343
204 18344
721 18345
66 18346
36 18347
768 18348
490 18349
688 18350
59 18351
922 18352
751 18353
287 18354
933 18355
211 18356
777 18357
387 18358
159 18359
302 18360
747 18361
430 18362
964 18363
229 18364
118 18365
65 18366
939 18367
821 18368
187 18369
723 18370
207 18371
713 18372
447 18373
329 18374
640 18375
979 18376
727 18377
744 18378
186 18379
44 18380
67 18381
651 18382
290 18383
699 18384
738 18385
753 18386
141 18387
747 18388
342 18389
167 18390
44 18391
599 18392
69 18393
896 18394
413 18395
51 18396
629 18397
338 18398
546 18399
333 18400
657 18401
25 18402
979 18403
404 18404
338 18405
658 18406
113 18407
676 18408
999 18409
841 18410
667 18411
971 18412
436 18413
472 18414
994 18415
579 18416
222 18417
893 18418
392 18419
732 18420
595 18421
513 18422
620 18423
768 18424
642 18425
163 18426
392 18427
159 18428
697 18429
130 18430
75 18431
289 18432
927 18433
353 18434
139 18435
617 18436
651 18437
465 18438
371 18439
240 18440
284 18441
597 18442
681 18443
330 18444
67 18445
413 18446
40 18447
540 18448
43 18449
326 18450
957 18451
866 18452
53 18453
216 18454
252 18455
775 18456
915 18457
317 18458
517 18459
551 18460
963 18461
948 18462
397 18463
425 18464
525 18465
906 18466
881 18467
788 18468
999 18469
994 18470
731 18471
927 18472
444 18473
647 18474
751 18475
417 18476
423 18477
74 18478
920 18479
720 18480
315 18481
78 18482
930 18483
412 18484
733 18485
906 18486
262 18487
281 18488
937 18489
33 18490
224 18491
810 18492
634 18493
913 18494
737 18495
594 18496
720 18497
617 18498
642 18499
385 18500
129 18501
16 18502
536 18503
263 18504
175 18505
123 18506
85 18507
296 18508
12 18509
526 18510
784 18511
501 18512
742 18513
668 18514
384 18515
587 18516
310 18517
937 18518
975 18519
597 18520
201 18521
88 18522
592 18523
872 18524
451 18525
845 18526
342 18527
884 18528
879 18529
770 18530
138 18531
200 18532
988 18533
982 18534
544 18535
198 18536
251 18537
882 18538
35 18539
292 18540
756 18541
140 18542
787 18543
343 18544
419 18545
673 18546
225 18547
784 18548
790 18549
435 18550
587 18551
120 18552
132 18553
880 18554
523 18555
57 18556
604 18557
897 18558
748 18559
718 18560
29 18561
18 18562
281 18563
84 18564
601 18565
621 18566
955 18567
192 18568
479 18569
867 18570
859 18571
847 18572
813 18573
467 18574
992 18575
541 18576
306 18577
848 18578
533 18579
324 18580
431 18581
191 18582
916 18583
442 18584
803 18585
189 18586
936 18587
527 18588
178 18589
569 18590
349 18591
297 18592
861 18593
445 18594
265 18595
3 18596
941 18597
387 18598
184 18599
953 18600
629 18601
958 18602
587 18603
501 18604
218 18605
619 18606
348 18607
904 18608
765 18609
692 18610
84 18611
461 18612
495 18613
239 18614
925 18615
487 18616
907 18617
662 18618
916 18619
139 18620
982 18621
625 18622
509 18623
275 18624
323 18625
554 18626
936 18627
612 18628
785 18629
981 18630
818 18631
591 18632
382 18633
607 18634
752 18635
335 18636
547 18637
211 18638
810 18639
223 18640
964 18641
331 18642
492 18643
829 18644
678 18645
309 18646
867 18647
471 18648
382 18649
718 18650
962 18651
849 18652
984 18653
97 18654
318 18655
705 18656
466 18657
168 18658
151 18659
164 18660
506 18661
288 18662
668 18663
4 18664
193 18665
438 18666
370 18667
737 18668
894 18669
359 18670
257 18671
310 18672
616 18673
46 18674
981 18675
484 18676
597 18677
615 18678
82 18679
3 18680
224 18681
792 18682
802 18683
303 18684
735 18685
112 18686
657 18687
381 18688
133 18689
77 18690
667 18691
170 18692
110 18693
743 18694
430 18695
458 18696
987 18697
307 18698
537 18699
613 18700
18 18701
180 18702
502 18703
785 18704
442 18705
324 18706
245 18707
249 18708
818 18709
470 18710
462 18711
402 18712
353 18713
882 18714
248 18715
237 18716
404 18717
769 18718
276 18719
107 18720
427 18721
737 18722
523 18723
352 18724
176 18725
747 18726
704 18727
536 18728
214 18729
822 18730
627 18731
353 18732
352 18733
200 18734
227 18735
952 18736
968 18737
658 18738
257 18739
771 18740
986 18741
164 18742
895 18743
999 18744
48 18745
689 18746
724 18747
377 18748
605 18749
61 18750
19 18751
240 18752
174 18753
800 18754
273 18755
897 18756
646 18757
591 18758
661 18759
47 18760
47 18761
307 18762
526 18763
926 18764
3 18765
116 18766
197 18767
917 18768
531 18769
800 18770
735 18771
237 18772
96 18773
80 18774
15 18775
443 18776
174 18777
501 18778
314 18779
776 18780
628 18781
841 18782
568 18783
111 18784
695 18785
417 18786
920 18787
666 18788
486 18789
401 18790
10 18791
384 18792
793 18793
567 18794
411 18795
678 18796
986 18797
320 18798
711 18799
206 18800
603 18801
67 18802
868 18803
329 18804
752 18805
8 18806
74 18807
314 18808
212 18809
122 18810
201 18811
279 18812
868 18813
215 18814
970 18815
471 18816
589 18817
344 18818
396 18819
650 18820
165 18821
561 18822
741 18823
724 18824
220 18825
784 18826
362 18827
653 18828
315 18829
212 18830
360 18831
610 18832
645 18833
244 18834
332 18835
61 18836
777 18837
242 18838
184 18839
385 18840
246 18841
328 18842
121 18843
629 18844
778 18845
13 18846
746 18847
436 18848
252 18849
600 18850
965 18851
226 18852
635 18853
180 18854
508 18855
733 18856
4 18857
685 18858
159 18859
121 18860
804 18861
562 18862
521 18863
723 18864
938 18865
843 18866
648 18867
543 18868
676 18869
497 18870
385 18871
628 18872
25 18873
827 18874
115 18875
909 18876
847 18877
984 18878
578 18879
419 18880
212 18881
435 18882
766 18883
804 18884
737 18885
836 18886
285 18887
497 18888
539 18889
849 18890
238 18891
295 18892
363 18893
31 18894
126 18895
114 18896
198 18897
731 18898
287 18899
634 18900
781 18901
247 18902
564 18903
497 18904
339 18905
191 18906
339 18907
581 18908
206 18909
662 18910
796 18911
922 18912
220 18913
572 18914
672 18915
790 18916
209 18917
638 18918
712 18919
663 18920
654 18921
138 18922
175 18923
490 18924
266 18925
108 18926
838 18927
728 18928
841 18929
836 18930
460 18931
730 18932
808 18933
413 18934
551 18935
329 18936
671 18937
839 18938
378 18939
584 18940
872 18941
35 18942
366 18943
458 18944
108 18945
809 18946
826 18947
189 18948
436 18949
243 18950
998 18951
983 18952
144 18953
982 18954
446 18955
24 18956
547 18957
307 18958
26 18959
337 18960
676 18961
573 18962
260 18963
843 18964
622 18965
35 18966
542 18967
473 18968
910 18969
433 18970
608 18971
273 18972
889 18973
908 18974
285 18975
1000 18976
855 18977
791 18978
598 18979
280 18980
971 18981
206 18982
273 18983
446 18984
268 18985
326 18986
637 18987
851 18988
892 18989
845 18990
645 18991
750 18992
954 18993
669 18994
109 18995
84 18996
380 18997
593 18998
795 18999
926 19000
47 19001
602 19002
146 19003
547 19004
395 19005
939 19006
290 19007
753 19008
74 19009
422 19010
600 19011
66 19012
184 19013
959 19014
990 19015
708 19016
942 19017
46 19018
912 19019
6 19020
461 19021
852 19022
25 19023
825 19024
998 19025
339 19026
683 19027
838 19028
885 19029
536 19030
570 19031
40 19032
462 19033
255 19034
962 19035
166 19036
281 19037
287 19038
675 19039
574 19040
461 19041
207 19042
672 19043
750 19044
363 19045
635 19046
315 19047
868 19048
918 19049
295 19050
954 19051
277 19052
746 19053
72 19054
883 19055
295 19056
841 19057
308 19058
422 19059
214 19060
294 19061
573 19062
44 19063
398 19064
883 19065
238 19066
64 19067
405 19068
11 19069
930 19070
437 19071
842 19072
666 19073
946 19074
983 19075
399 19076
475 19077
800 19078
885 19079
229 19080
874 19081
810 19082
634 19083
437 19084
783 19085
78 19086
238 19087
31 19088
112 19089
951 19090
5 19091
289 19092
491 19093
865 19094
914 19095
493 19096
993 19097
621 19098
56 19099
198 19100
803 19101
982 19102
601 19103
234 19104
232 19105
617 19106
817 19107
999 19108
489 19109
845 19110
581 19111
372 19112
350 19113
871 19114
936 19115
508 19116
175 19117
87 19118
869 19119
498 19120
806 19121
514 19122
248 19123
539 19124
325 19125
60 19126
175 19127
428 19128
811 19129
603 19130
925 19131
9 19132
318 19133
13 19134
530 19135
834 19136
331 19137
4 19138
106 19139
75 19140
749 19141
694 19142
342 19143
244 19144
890 19145
192 19146
455 19147
492 19148
683 19149
103 19150
317 19151
117 19152
382 19153
647 19154
311 19155
990 19156
281 19157
836 19158
962 19159
516 19160
103 19161
839 19162
717 19163
756 19164
845 19165
408 19166
224 19167
851 19168
600 19169
419 19170
363 19171
446 19172
465 19173
723 19174
232 19175
699 19176
161 19177
338 19178
168 19179
125 19180
249 19181
256 19182
250 19183
825 19184
73 19185
514 19186
635 19187
569 19188
296 19189
785 19190
389 19191
365 19192
716 19193
102 19194
200 19195
282 19196
356 19197
97 19198
359 19199
776 19200
350 19201
119 19202
842 19203
955 19204
33 19205
561 19206
726 19207
543 19208
613 19209
647 19210
71 19211
798 19212
889 19213
827 19214
53 19215
388 19216
15 19217
559 19218
329 19219
742 19220
233 19221
58 19222
625 19223
520 19224
106 19225
244 19226
833 19227
309 19228
377 19229
181 19230
821 19231
13 19232
583 19233
106 19234
677 19235
589 19236
811 19237
581 19238
371 19239
572 19240
341 19241
219 19242
499 19243
638 19244
480 19245
61 19246
705 19247
605 19248
893 19249
86 19250
301 19251
282 19252
921 19253
640 19254
206 19255
227 19256
399 19257
296 19258
847 19259
360 19260
811 19261
964 19262
746 19263
694 19264
852 19265
516 19266
686 19267
478 19268
789 19269
213 19270
539 19271
736 19272
500 19273
228 19274
58 19275
356 19276
129 19277
376 19278
832 19279
479 19280
583 19281
19 19282
698 19283
950 19284
660 19285
669 19286
245 19287
947 19288
474 19289
815 19290
431 19291
156 19292
87 19293
754 19294
308 19295
298 19296
144 19297
221 19298
918 19299
394 19300
687 19301
295 19302
273 19303
660 19304
934 19305
820 19306
937 19307
56 19308
589 19309
531 19310
205 19311
214 19312
504 19313
834 19314
99 19315
535 19316
875 19317
984 19318
140 19319
469 19320
660 19321
126 19322
364 19323
146 19324
353 19325
455 19326
930 19327
958 19328
656 19329
820 19330
129 19331
928 19332
961 19333
325 19334
597 19335
194 19336
768 19337
440 19338
357 19339
21 19340
434 19341
235 19342
491 19343
358 19344
508 19345
117 19346
799 19347
535 19348
562 19349
915 19350
789 19351
213 19352
453 19353
31 19354
620 19355
458 19356
263 19357
32 19358
258 19359
911 19360
44 19361
353 19362
936 19363
507 19364
995 19365
634 19366
131 19367
456 19368
846 19369
845 19370
704 19371
703 19372
9 19373
124 19374
850 19375
45 19376
909 19377
648 19378
128 19379
273 19380
769 19381
312 19382
503 19383
992 19384
950 19385
17 19386
862 19387
101 19388
39 19389
446 19390
110 19391
923 19392
365 19393
22 19394
700 19395
931 19396
94 19397
318 19398
121 19399
34 19400
511 19401
502 19402
307 19403
343 19404
684 19405
942 19406
201 19407
695 19408
521 19409
117 19410
482 19411
696 19412
694 19413
564 19414
736 19415
351 19416
549 19417
588 19418
82 19419
46 19420
35 19421
883 19422
974 19423
436 19424
391 19425
747 19426
977 19427
759 19428
724 19429
304 19430
850 19431
577 19432
443 19433
242 19434
397 19435
984 19436
244 19437
792 19438
253 19439
351 19440
315 19441
129 19442
907 19443
857 19444
409 19445
920 19446
514 19447
200 19448
376 19449
924 19450
831 19451
316 19452
169 19453
276 19454
121 19455
820 19456
846 19457
20 19458
788 19459
110 19460
294 19461
133 19462
84 19463
248 19464
520 19465
32 19466
705 19467
949 19468
52 19469
672 19470
570 19471
980 19472
987 19473
646 19474
316 19475
822 19476
880 19477
962 19478
271 19479
660 19480
195 19481
604 19482
88 19483
42 19484
385 19485
61 19486
856 19487
349 19488
788 19489
692 19490
971 19491
123 19492
967 19493
143 19494
34 19495
924 19496
547 19497
803 19498
310 19499
442 19500
300 19501
1000 19502
850 19503
643 19504
149 19505
809 19506
436 19507
293 19508
321 19509
191 19510
704 19511
822 19512
117 19513
945 19514
495 19515
602 19516
267 19517
433 19518
561 19519
8 19520
89 19521
747 19522
888 19523
274 19524
21 19525
930 19526
598 19527
792 19528
31 19529
805 19530
131 19531
739 19532
866 19533
479 19534
441 19535
264 19536
398 19537
667 19538
766 19539
65 19540
504 19541
958 19542
329 19543
369 19544
836 19545
363 19546
201 19547
15 19548
577 19549
170 19550
433 19551
608 19552
827 19553
669 19554
261 19555
967 19556
877 19557
573 19558
7 19559
794 19560
31 19561
444 19562
949 19563
321 19564
912 19565
143 19566
691 19567
838 19568
495 19569
392 19570
872 19571
31 19572
729 19573
101 19574
933 19575
593 19576
758 19577
233 19578
130 19579
314 19580
894 19581
561 19582
322 19583
935 19584
182 19585
477 19586
778 19587
40 19588
917 19589
471 19590
537 19591
639 19592
668 19593
517 19594
377 19595
500 19596
182 19597
238 19598
61 19599
852 19600
230 19601
842 19602
886 19603
752 19604
180 19605
19 19606
390 19607
302 19608
190 19609
801 19610
489 19611
997 19612
264 19613
107 19614
65 19615
464 19616
658 19617
458 19618
134 19619
29 19620
956 19621
835 19622
701 19623
910 19624
375 19625
340 19626
941 19627
29 19628
42 19629
289 19630
708 19631
609 19632
591 19633
37 19634
653 19635
723 19636
332 19637
556 19638
437 19639
287 19640
451 19641
848 19642
12 19643
632 19644
639 19645
81 19646
738 19647
362 19648
16 19649
248 19650
961 19651
250 19652
71 19653
845 19654
640 19655
895 19656
675 19657
284 19658
165 19659
210 19660
722 19661
499 19662
981 19663
764 19664
752 19665
326 19666
976 19667
398 19668
957 19669
5 19670
673 19671
748 19672
62 19673
614 19674
181 19675
769 19676
531 19677
472 19678
622 19679
437 19680
204 19681
797 19682
806 19683
272 19684
554 19685
683 19686
437 19687
109 19688
412 19689
956 19690
171 19691
653 19692
422 19693
609 19694
932 19695
779 19696
291 19697
665 19698
899 19699
70 19700
247 19701
1 19702
353 19703
875 19704
670 19705
939 19706
423 19707
687 19708
317 19709
508 19710
425 19711
489 19712
426 19713
780 19714
129 19715
723 19716
315 19717
670 19718
360 19719
36 19720
682 19721
576 19722
373 19723
834 19724
830 19725
79 19726
129 19727
69 19728
775 19729
721 19730
567 19731
30 19732
891 19733
453 19734
13 19735
986 19736
700 19737
700 19738
811 19739
334 19740
955 19741
201 19742
819 19743
338 19744
792 19745
575 19746
320 19747
837 19748
39 19749
180 19750
349 19751
26 19752
471 19753
249 19754
156 19755
693 19756
906 19757
644 19758
641 19759
146 19760
511 19761
335 19762
89 19763
408 19764
1 19765
660 19766
964 19767
703 19768
762 19769
25 19770
533 19771
200 19772
168 19773
346 19774
533 19775
544 19776
508 19777
380 19778
852 19779
274 19780
777 19781
59 19782
356 19783
114 19784
316 19785
547 19786
396 19787
888 19788
271 19789
663 19790
829 19791
638 19792
147 19793
119 19794
62 19795
860 19796
812 19797
459 19798
226 19799
623 19800
794 19801
858 19802
163 19803
502 19804
248 19805
415 19806
235 19807
564 19808
692 19809
771 19810
58 19811
887 19812
528 19813
277 19814
71 19815
111 19816
236 19817
210 19818
97 19819
102 19820
47 19821
570 19822
843 19823
25 19824
485 19825
445 19826
758 19827
513 19828
918 19829
940 19830
836 19831
965 19832
922 19833
765 19834
368 19835
52 19836
92 19837
30 19838
469 19839
153 19840
72 19841
289 19842
75 19843
300 19844
489 19845
151 19846
957 19847
690 19848
707 19849
563 19850
542 19851
904 19852
883 19853
19 19854
396 19855
698 19856
290 19857
222 19858
376 19859
901 19860
165 19861
298 19862
845 19863
361 19864
737 19865
244 19866
345 19867
390 19868
195 19869
899 19870
846 19871
107 19872
533 19873
305 19874
441 19875
606 19876
319 19877
537 19878
997 19879
630 19880
544 19881
869 19882
139 19883
527 19884
734 19885
664 19886
191 19887
185 19888
93 19889
663 19890
219 19891
423 19892
293 19893
798 19894
985 19895
750 19896
896 19897
659 19898
871 19899
952 19900
325 19901
123 19902
531 19903
358 19904
992 19905
899 19906
966 19907
228 19908
486 19909
319 19910
761 19911
745 19912
697 19913
421 19914
977 19915
956 19916
104 19917
446 19918
178 19919
125 19920
152 19921
426 19922
616 19923
422 19924
885 19925
717 19926
114 19927
666 19928
445 19929
975 19930
650 19931
145 19932
690 19933
874 19934
918 19935
584 19936
109 19937
948 19938
212 19939
906 19940
898 19941
118 19942
442 19943
302 19944
772 19945
908 19946
84 19947
930 19948
268 19949
835 19950
999 19951
763 19952
750 19953
610 19954
327 19955
813 19956
31 19957
49 19958
320 19959
848 19960
23 19961
482 19962
610 19963
680 19964
278 19965
713 19966
508 19967
397 19968
422 19969
553 19970
489 19971
873 19972
171 19973
626 19974
389 19975
17 19976
566 19977
733 19978
214 19979
757 19980
560 19981
241 19982
117 19983
412 19984
612 19985
823 19986
601 19987
57 19988
526 19989
712 19990
322 19991
267 19992
253 19993
519 19994
8 19995
119 19996
895 19997
649 19998
834 19999
512 20000
681 20001
764 20002
228 20003
176 20004
248 20005
425 20006
566 20007
786 20008
5 20009
971 20010
757 20011
937 20012
155 20013
501 20014
778 20015
285 20016
519 20017
716 20018
828 20019
627 20020
915 20021
678 20022
813 20023
767 20024
730 20025
533 20026
472 20027
978 20028
344 20029
543 20030
11 20031
958 20032
134 20033
414 20034
219 20035
339 20036
878 20037
547 20038
759 20039
325 20040
420 20041
32 20042
389 20043
673 20044
292 20045
752 20046
700 20047
481 20048
850 20049
164 20050
997 20051
183 20052
62 20053
749 20054
545 20055
350 20056
16 20057
321 20058
473 20059
777 20060
207 20061
577 20062
289 20063
427 20064
84 20065
167 20066
939 20067
353 20068
413 20069
763 20070
757 20071
173 20072
837 20073
940 20074
595 20075
778 20076
760 20077
475 20078
520 20079
373 20080
603 20081
305 20082
552 20083
691 20084
394 20085
653 20086
297 20087
942 20088
324 20089
939 20090
697 20091
134 20092
871 20093
1 20094
995 20095
644 20096
297 20097
985 20098
61 20099
176 20100
339 20101
130 20102
6 20103
19 20104
436 20105
606 20106
361 20107
983 20108
124 20109
789 20110
112 20111
846 20112
136 20113
252 20114
975 20115
630 20116
501 20117
628 20118
55 20119
232 20120
64 20121
498 20122
411 20123
95 20124
664 20125
183 20126
908 20127
583 20128
289 20129
184 20130
160 20131
926 20132
96 20133
971 20134
88 20135
482 20136
517 20137
646 20138
742 20139
3 20140
923 20141
28 20142
965 20143
220 20144
571 20145
332 20146
661 20147
283 20148
980 20149
942 20150
103 20151
492 20152
701 20153
111 20154
909 20155
749 20156
389 20157
546 20158
298 20159
798 20160
626 20161
172 20162
251 20163
13 20164
851 20165
679 20166
566 20167
587 20168
369 20169
475 20170
189 20171
351 20172
356 20173
426 20174
581 20175
826 20176
696 20177
713 20178
230 20179
990 20180
69 20181
271 20182
477 20183
809 20184
551 20185
49 20186
374 20187
870 20188
604 20189
563 20190
683 20191
383 20192
740 20193
913 20194
545 20195
134 20196
131 20197
535 20198
690 20199
993 20200
778 20201
165 20202
579 20203
740 20204
25 20205
872 20206
308 20207
968 20208
617 20209
873 20210
801 20211
133 20212
57 20213
661 20214
302 20215
148 20216
281 20217
421 20218
9 20219
577 20220
499 20221
257 20222
362 20223
666 20224
240 20225
909 20226
347 20227
511 20228
446 20229
285 20230
180 20231
134 20232
778 20233
996 20234
485 20235
567 20236
161 20237
820 20238
895 20239
807 20240
812 20241
985 20242
256 20243
187 20244
966 20245
777 20246
950 20247
238 20248
515 20249
967 20250
34 20251
376 20252
314 20253
406 20254
717 20255
168 20256
883 20257
866 20258
617 20259
210 20260
930 20261
921 20262
391 20263
416 20264
708 20265
195 20266
627 20267
692 20268
124 20269
938 20270
243 20271
413 20272
222 20273
686 20274
636 20275
355 20276
39 20277
234 20278
25 20279
702 20280
951 20281
917 20282
205 20283
53 20284
924 20285
506 20286
790 20287
742 20288
846 20289
857 20290
152 20291
985 20292
694 20293
555 20294
372 20295
437 20296
572 20297
306 20298
337 20299
820 20300
230 20301
653 20302
183 20303
961 20304
426 20305
745 20306
659 20307
839 20308
4 20309
382 20310
615 20311
640 20312
607 20313
355 20314
942 20315
370 20316
439 20317
137 20318
906 20319
342 20320
488 20321
152 20322
328 20323
776 20324
755 20325
46 20326
315 20327
72 20328
178 20329
931 20330
272 20331
888 20332
246 20333
86 20334
45 20335
557 20336
774 20337
96 20338
569 20339
458 20340
788 20341
294 20342
141 20343
567 20344
215 20345
464 20346
181 20347
817 20348
459 20349
629 20350
503 20351
731 20352
672 20353
612 20354
15 20355
632 20356
15 20357
926 20358
423 20359
229 20360
826 20361
935 20362
11 20363
165 20364
202 20365
696 20366
451 20367
152 20368
82 20369
942 20370
843 20371
703 20372
674 20373
197 20374
318 20375
815 20376
595 20377
377 20378
161 20379
782 20380
461 20381
740 20382
481 20383
315 20384
902 20385
140 20386
88 20387
950 20388
623 20389
921 20390
99 20391
232 20392
950 20393
264 20394
693 20395
816 20396
340 20397
988 20398
111 20399
70 20400
387 20401
839 20402
357 20403
746 20404
619 20405
668 20406
685 20407
249 20408
541 20409
320 20410
624 20411
818 20412
879 20413
971 20414
629 20415
894 20416
675 20417
731 20418
974 20419
418 20420
910 20421
392 20422
73 20423
211 20424
801 20425
706 20426
736 20427
329 20428
960 20429
46 20430
674 20431
853 20432
16 20433
52 20434
235 20435
522 20436
889 20437
27 20438
600 20439
299 20440
73 20441
638 20442
524 20443
209 20444
445 20445
284 20446
454 20447
732 20448
720 20449
300 20450
40 20451
353 20452
667 20453
116 20454
964 20455
611 20456
779 20457
917 20458
766 20459
783 20460
663 20461
361 20462
207 20463
213 20464
162 20465
826 20466
880 20467
251 20468
786 20469
446 20470
185 20471
769 20472
822 20473
670 20474
264 20475
525 20476
907 20477
792 20478
126 20479
181 20480
773 20481
902 20482
914 20483
563 20484
279 20485
279 20486
79 20487
187 20488
991 20489
237 20490
534 20491
737 20492
752 20493
750 20494
942 20495
315 20496
271 20497
901 20498
45 20499
322 20500
909 20501
1000 20502
62 20503
474 20504
846 20505
479 20506
884 20507
627 20508
300 20509
989 20510
3 20511
614 20512
201 20513
419 20514
328 20515
511 20516
639 20517
618 20518
912 20519
800 20520
80 20521
286 20522
950 20523
554 20524
502 20525
670 20526
174 20527
202 20528
214 20529
146 20530
180 20531
671 20532
328 20533
706 20534
699 20535
336 20536
526 20537
432 20538
60 20539
17 20540
754 20541
405 20542
369 20543
711 20544
484 20545
322 20546
374 20547
392 20548
665 20549
352 20550
485 20551
339 20552
164 20553
215 20554
469 20555
385 20556
952 20557
201 20558
7 20559
92 20560
876 20561
876 20562
880 20563
639 20564
562 20565
836 20566
785 20567
808 20568
907 20569
31 20570
339 20571
626 20572
134 20573
829 20574
879 20575
699 20576
649 20577
114 20578
418 20579
888 20580
106 20581
618 20582
116 20583
14 20584
884 20585
810 20586
718 20587
919 20588
597 20589
931 20590
82 20591
809 20592
800 20593
639 20594
914 20595
7 20596
385 20597
431 20598
248 20599
935 20600
85 20601
878 20602
667 20603
855 20604
655 20605
37 20606
607 20607
807 20608
207 20609
530 20610
502 20611
71 20612
681 20613
892 20614
399 20615
7 20616
658 20617
464 20618
649 20619
913 20620
240 20621
772 20622
355 20623
630 20624
161 20625
572 20626
890 20627
119 20628
512 20629
691 20630
418 20631
483 20632
579 20633
103 20634
962 20635
938 20636
36 20637
65 20638
764 20639
479 20640
621 20641
664 20642
452 20643
510 20644
93 20645
147 20646
968 20647
464 20648
201 20649
613 20650
591 20651
426 20652
831 20653
594 20654
209 20655
903 20656
740 20657
787 20658
456 20659
141 20660
22 20661
595 20662
216 20663
72 20664
369 20665
322 20666
647 20667
448 20668
402 20669
340 20670
940 20671
328 20672
251 20673
932 20674
476 20675
87 20676
810 20677
849 20678
804 20679
337 20680
213 20681
51 20682
181 20683
576 20684
408 20685
174 20686
115 20687
111 20688
828 20689
514 20690
670 20691
70 20692
152 20693
418 20694
210 20695
249 20696
669 20697
97 20698
566 20699
411 20700
919 20701
725 20702
241 20703
646 20704
214 20705
100 20706
475 20707
658 20708
507 20709
710 20710
332 20711
930 20712
553 20713
589 20714
165 20715
775 20716
418 20717
721 20718
751 20719
45 20720
250 20721
173 20722
597 20723
983 20724
578 20725
177 20726
532 20727
384 20728
252 20729
346 20730
565 20731
409 20732
832 20733
234 20734
545 20735
261 20736
928 20737
713 20738
535 20739
379 20740
615 20741
325 20742
221 20743
367 20744
484 20745
677 20746
510 20747
165 20748
548 20749
873 20750
922 20751
564 20752
82 20753
381 20754
525 20755
690 20756
397 20757
663 20758
212 20759
384 20760
358 20761
56 20762
395 20763
819 20764
6 20765
1000 20766
118 20767
942 20768
422 20769
847 20770
193 20771
855 20772
55 20773
808 20774
423 20775
487 20776
870 20777
205 20778
262 20779
977 20780
645 20781
40 20782
918 20783
498 20784
312 20785
373 20786
638 20787
308 20788
32 20789
454 20790
308 20791
906 20792
367 20793
34 20794
339 20795
284 20796
309 20797
932 20798
196 20799
699 20800
477 20801
735 20802
696 20803
717 20804
564 20805
345 20806
673 20807
837 20808
741 20809
764 20810
356 20811
416 20812
533 20813
5 20814
279 20815
438 20816
527 20817
468 20818
645 20819
916 20820
195 20821
170 20822
875 20823
289 20824
52 20825
381 20826
366 20827
801 20828
498 20829
973 20830
312 20831
435 20832
183 20833
630 20834
198 20835
222 20836
568 20837
774 20838
269 20839
276 20840
182 20841
410 20842
459 20843
212 20844
836 20845
620 20846
963 20847
805 20848
641 20849
917 20850
381 20851
717 20852
398 20853
491 20854
339 20855
52 20856
140 20857
310 20858
855 20859
945 20860
326 20861
319 20862
153 20863
677 20864
525 20865
602 20866
847 20867
476 20868
792 20869
654 20870
286 20871
548 20872
110 20873
542 20874
521 20875
51 20876
753 20877
80 20878
267 20879
359 20880
160 20881
10 20882
586 20883
614 20884
663 20885
846 20886
862 20887
328 20888
75 20889
697 20890
450 20891
358 20892
599 20893
62 20894
924 20895
174 20896
587 20897
304 20898
513 20899
518 20900
746 20901
222 20902
100 20903
80 20904
171 20905
562 20906
414 20907
541 20908
465 20909
946 20910
524 20911
194 20912
300 20913
736 20914
451 20915
421 20916
234 20917
348 20918
795 20919
370 20920
572 20921
291 20922
760 20923
895 20924
33 20925
669 20926
849 20927
60 20928
212 20929
773 20930
586 20931
864 20932
913 20933
275 20934
689 20935
824 20936
170 20937
381 20938
586 20939
871 20940
570 20941
690 20942
224 20943
949 20944
826 20945
765 20946
51 20947
946 20948
980 20949
453 20950
662 20951
169 20952
367 20953
702 20954
218 20955
56 20956
914 20957
178 20958
98 20959
869 20960
568 20961
778 20962
28 20963
596 20964
159 20965
910 20966
143 20967
849 20968
90 20969
895 20970
959 20971
75 20972
476 20973
829 20974
752 20975
252 20976
95 20977
740 20978
257 20979
546 20980
563 20981
128 20982
381 20983
771 20984
642 20985
24 20986
873 20987
971 20988
948 20989
640 20990
123 20991
148 20992
861 20993
669 20994
422 20995
708 20996
947 20997
779 20998
185 20999
31 21000
942 21001
118 21002
556 21003
226 21004
547 21005
722 21006
757 21007
132 21008
546 21009
197 21010
855 21011
727 21012
856 21013
463 21014
737 21015
486 21016
705 21017
71 21018
299 21019
454 21020
349 21021
11 21022
840 21023
70 21024
821 21025
636 21026
796 21027
142 21028
206 21029
635 21030
275 21031
740 21032
320 21033
185 21034
565 21035
61 21036
386 21037
980 21038
554 21039
357 21040
114 21041
925 21042
935 21043
594 21044
63 21045
687 21046
393 21047
748 21048
766 21049
347 21050
566 21051
4 21052
206 21053
770 21054
672 21055
399 21056
396 21057
54 21058
74 21059
44 21060
912 21061
806 21062
403 21063
675 21064
707 21065
842 21066
272 21067
361 21068
569 21069
854 21070
434 21071
524 21072
147 21073
604 21074
848 21075
339 21076
30 21077
783 21078
921 21079
419 21080
28 21081
308 21082
704 21083
830 21084
823 21085
449 21086
432 21087
18 21088
312 21089
2 21090
634 21091
782 21092
326 21093
512 21094
626 21095
875 21096
452 21097
470 21098
423 21099
39 21100
662 21101
353 21102
668 21103
531 21104
85 21105
70 21106
105 21107
749 21108
555 21109
48 21110
502 21111
108 21112
100 21113
311 21114
591 21115
383 21116
349 21117
436 21118
201 21119
176 21120
202 21121
180 21122
673 21123
396 21124
230 21125
624 21126
470 21127
685 21128
391 21129
869 21130
10 21131
909 21132
711 21133
181 21134
759 21135
602 21136
550 21137
956 21138
589 21139
385 21140
603 21141
581 21142
579 21143
871 21144
806 21145
470 21146
400 21147
861 21148
10 21149
201 21150
743 21151
873 21152
267 21153
737 21154
194 21155
221 21156
984 21157
320 21158
588 21159
415 21160
31 21161
908 21162
727 21163
493 21164
267 21165
21 21166
488 21167
764 21168
188 21169
465 21170
634 21171
462 21172
732 21173
576 21174
38 21175
561 21176
855 21177
36 21178
343 21179
214 21180
846 21181
459 21182
791 21183
174 21184
735 21185
709 21186
325 21187
12 21188
483 21189
460 21190
709 21191
869 21192
606 21193
322 21194
373 21195
471 21196
206 21197
132 21198
473 21199
309 21200
2 21201
475 21202
666 21203
500 21204
269 21205
29 21206
554 21207
509 21208
895 21209
31 21210
138 21211
789 21212
223 21213
997 21214
416 21215
913 21216
28 21217
520 21218
340 21219
949 21220
348 21221
233 21222
265 21223
231 21224
423 21225
290 21226
161 21227
774 21228
208 21229
189 21230
433 21231
457 21232
758 21233
92 21234
378 21235
72 21236
515 21237
202 21238
858 21239
848 21240
796 21241
713 21242
999 21243
74 21244
462 21245
934 21246
637 21247
356 21248
518 21249
799 21250
820 21251
117 21252
619 21253
700 21254
766 21255
691 21256
31 21257
231 21258
430 21259
418 21260
890 21261
389 21262
774 21263
804 21264
656 21265
302 21266
34 21267
762 21268
539 21269
896 21270
966 21271
786 21272
587 21273
666 21274
877 21275
730 21276
970 21277
508 21278
45 21279
364 21280
236 21281
234 21282
306 21283
278 21284
896 21285
256 21286
274 21287
992 21288
242 21289
773 21290
336 21291
580 21292
973 21293
536 21294
994 21295
680 21296
426 21297
590 21298
867 21299
644 21300
511 21301
625 21302
31 21303
856 21304
995 21305
112 21306
992 21307
244 21308
463 21309
895 21310
516 21311
682 21312
689 21313
12 21314
969 21315
628 21316
636 21317
290 21318
969 21319
31 21320
592 21321
441 21322
208 21323
614 21324
529 21325
338 21326
960 21327
94 21328
935 21329
42 21330
212 21331
842 21332
172 21333
293 21334
476 21335
547 21336
175 21337
441 21338
852 21339
133 21340
790 21341
546 21342
39 21343
216 21344
620 21345
345 21346
129 21347
842 21348
735 21349
636 21350
911 21351
503 21352
516 21353
69 21354
826 21355
694 21356
262 21357
982 21358
639 21359
794 21360
730 21361
370 21362
922 21363
146 21364
548 21365
66 21366
266 21367
485 21368
123 21369
793 21370
549 21371
553 21372
260 21373
679 21374
798 21375
483 21376
276 21377
792 21378
967 21379
598 21380
914 21381
732 21382
157 21383
779 21384
269 21385
960 21386
685 21387
244 21388
351 21389
13 21390
369 21391
628 21392
125 21393
491 21394
458 21395
142 21396
158 21397
128 21398
805 21399
607 21400
290 21401
27 21402
526 21403
98 21404
468 21405
887 21406
194 21407
469 21408
315 21409
635 21410
114 21411
756 21412
961 21413
143 21414
150 21415
534 21416
57 21417
275 21418
196 21419
433 21420
264 21421
968 21422
788 21423
44 21424
360 21425
526 21426
797 21427
339 21428
781 21429
2 21430
515 21431
607 21432
479 21433
741 21434
856 21435
629 21436
791 21437
218 21438
576 21439
194 21440
805 21441
915 21442
833 21443
771 21444
422 21445
32 21446
213 21447
929 21448
382 21449
812 21450
253 21451
908 21452
335 21453
229 21454
95 21455
885 21456
477 21457
69 21458
28 21459
705 21460
404 21461
166 21462
681 21463
408 21464
918 21465
807 21466
41 21467
892 21468
267 21469
328 21470
880 21471
807 21472
758 21473
396 21474
513 21475
543 21476
173 21477
930 21478
883 21479
961 21480
72 21481
770 21482
779 21483
656 21484
813 21485
117 21486
995 21487
721 21488
570 21489
500 21490
795 21491
499 21492
711 21493
99 21494
303 21495
968 21496
797 21497
699 21498
623 21499
831 21500
333 21501
966 21502
997 21503
440 21504
287 21505
543 21506
652 21507
888 21508
49 21509
469 21510
124 21511
539 21512
305 21513
111 21514
702 21515
917 21516
855 21517
536 21518
370 21519
89 21520
751 21521
198 21522
306 21523
173 21524
56 21525
446 21526
622 21527
936 21528
665 21529
345 21530
613 21531
74 21532
656 21533
213 21534
641 21535
303 21536
507 21537
422 21538
485 21539
421 21540
90 21541
44 21542
690 21543
978 21544
341 21545
730 21546
902 21547
602 21548
951 21549
243 21550
268 21551
272 21552
229 21553
346 21554
685 21555
638 21556
537 21557
325 21558
746 21559
523 21560
205 21561
995 21562
747 21563
894 21564
293 21565
537 21566
814 21567
320 21568
821 21569
599 21570
854 21571
274 21572
47 21573
222 21574
588 21575
255 21576
292 21577
502 21578
990 21579
497 21580
139 21581
708 21582
9 21583
299 21584
280 21585
588 21586
970 21587
2 21588
918 21589
813 21590
421 21591
419 21592
102 21593
626 21594
467 21595
287 21596
668 21597
703 21598
959 21599
432 21600
102 21601
169 21602
647 21603
70 21604
785 21605
910 21606
346 21607
316 21608
726 21609
765 21610
821 21611
380 21612
808 21613
901 21614
43 21615
455 21616
18 21617
776 21618
379 21619
460 21620
171 21621
145 21622
302 21623
35 21624
979 21625
361 21626
896 21627
723 21628
196 21629
346 21630
216 21631
485 21632
571 21633
406 21634
447 21635
551 21636
859 21637
309 21638
774 21639
305 21640
836 21641
92 21642
933 21643
369 21644
55 21645
57 21646
724 21647
212 21648
557 21649
953 21650
583 21651
169 21652
73 21653
195 21654
787 21655
279 21656
861 21657
167 21658
629 21659
253 21660
333 21661
186 21662
838 21663
630 21664
841 21665
870 21666
493 21667
156 21668
82 21669
667 21670
80 21671
696 21672
910 21673
657 21674
33 21675
171 21676
86 21677
572 21678
939 21679
76 21680
999 21681
5 21682
359 21683
613 21684
411 21685
817 21686
274 21687
520 21688
433 21689
575 21690
257 21691
35 21692
933 21693
388 21694
231 21695
489 21696
560 21697
757 21698
800 21699
128 21700
536 21701
117 21702
573 21703
2 21704
264 21705
180 21706
614 21707
625 21708
935 21709
511 21710
264 21711
924 21712
933 21713
171 21714
212 21715
580 21716
895 21717
845 21718
159 21719
898 21720
203 21721
792 21722
361 21723
23 21724
900 21725
815 21726
554 21727
799 21728
652 21729
787 21730
433 21731
520 21732
999 21733
326 21734
934 21735
766 21736
110 21737
766 21738
354 21739
376 21740
81 21741
86 21742
316 21743
841 21744
686 21745
79 21746
960 21747
274 21748
677 21749
737 21750
682 21751
346 21752
240 21753
315 21754
134 21755
831 21756
979 21757
879 21758
109 21759
282 21760
706 21761
525 21762
474 21763
749 21764
522 21765
151 21766
857 21767
35 21768
560 21769
610 21770
993 21771
527 21772
563 21773
141 21774
75 21775
726 21776
700 21777
956 21778
821 21779
360 21780
583 21781
905 21782
846 21783
171 21784
787 21785
78 21786
377 21787
98 21788
221 21789
793 21790
395 21791
182 21792
590 21793
851 21794
172 21795
935 21796
428 21797
36 21798
135 21799
111 21800
417 21801
915 21802
304 21803
745 21804
905 21805
56 21806
82 21807
841 21808
229 21809
201 21810
726 21811
914 21812
931 21813
518 21814
451 21815
130 21816
401 21817
549 21818
865 21819
279 21820
683 21821
858 21822
337 21823
580 21824
95 21825
806 21826
572 21827
852 21828
284 21829
36 21830
848 21831
90 21832
350 21833
952 21834
279 21835
533 21836
217 21837
86 21838
577 21839
293 21840
413 21841
12 21842
593 21843
412 21844
82 21845
703 21846
737 21847
350 21848
793 21849
394 21850
812 21851
52 21852
232 21853
972 21854
279 21855
914 21856
148 21857
626 21858
603 21859
389 21860
953 21861
200 21862
360 21863
15 21864
217 21865
497 21866
339 21867
221 21868
334 21869
661 21870
165 21871
920 21872
75 21873
625 21874
493 21875
335 21876
907 21877
610 21878
304 21879
71 21880
873 21881
513 21882
516 21883
436 21884
443 21885
631 21886
841 21887
344 21888
966 21889
780 21890
219 21891
243 21892
927 21893
951 21894
743 21895
797 21896
941 21897
628 21898
207 21899
400 21900
134 21901
749 21902
207 21903
203 21904
364 21905
414 21906
992 21907
776 21908
546 21909
202 21910
213 21911
157 21912
716 21913
954 21914
963 21915
219 21916
272 21917
764 21918
722 21919
984 21920
174 21921
214 21922
488 21923
117 21924
253 21925
228 21926
831 21927
376 21928
883 21929
444 21930
387 21931
700 21932
790 21933
239 21934
425 21935
214 21936
14 21937
578 21938
927 21939
520 21940
11 21941
975 21942
525 21943
144 21944
462 21945
607 21946
619 21947
764 21948
757 21949
700 21950
932 21951
86 21952
549 21953
888 21954
256 21955
385 21956
477 21957
887 21958
818 21959
454 21960
693 21961
428 21962
800 21963
192 21964
92 21965
407 21966
32 21967
731 21968
114 21969
308 21970
341 21971
494 21972
426 21973
190 21974
599 21975
220 21976
680 21977
5 21978
461 21979
994 21980
422 21981
705 21982
198 21983
386 21984
363 21985
394 21986
503 21987
410 21988
24 21989
158 21990
782 21991
709 21992
215 21993
41 21994
792 21995
758 21996
676 21997
933 21998
958 21999
816 22000
583 22001
996 22002
650 22003
612 22004
493 22005
74 22006
242 22007
980 22008
363 22009
771 22010
728 22011
733 22012
281 22013
338 22014
848 22015
542 22016
804 22017
914 22018
588 22019
396 22020
527 22021
37 22022
149 22023
64 22024
511 22025
974 22026
820 22027
748 22028
677 22029
185 22030
59 22031
379 22032
596 22033
945 22034
292 22035
410 22036
411 22037
294 22038
869 22039
690 22040
345 22041
280 22042
440 22043
570 22044
195 22045
419 22046
279 22047
38 22048
132 22049
205 22050
704 22051
356 22052
403 22053
895 22054
363 22055
310 22056
791 22057
892 22058
84 22059
465 22060
273 22061
639 22062
362 22063
623 22064
238 22065
733 22066
628 22067
991 22068
565 22069
610 22070
165 22071
843 22072
833 22073
71 22074
567 22075
545 22076
315 22077
201 22078
676 22079
376 22080
908 22081
70 22082
76 22083
408 22084
226 22085
585 22086
247 22087
200 22088
277 22089
880 22090
10 22091
105 22092
603 22093
490 22094
109 22095
688 22096
540 22097
476 22098
810 22099
747 22100
825 22101
517 22102
240 22103
692 22104
820 22105
835 22106
576 22107
26 22108
827 22109
397 22110
499 22111
504 22112
955 22113
907 22114
94 22115
989 22116
250 22117
279 22118
607 22119
689 22120
222 22121
847 22122
240 22123
906 22124
626 22125
370 22126
715 22127
526 22128
158 22129
287 22130
632 22131
294 22132
421 22133
945 22134
511 22135
783 22136
896 22137
538 22138
169 22139
605 22140
724 22141
726 22142
476 22143
209 22144
438 22145
769 22146
602 22147
669 22148
848 22149
158 22150
330 22151
646 22152
562 22153
653 22154
369 22155
762 22156
369 22157
457 22158
734 22159
195 22160
650 22161
155 22162
776 22163
454 22164
589 22165
398 22166
706 22167
400 22168
579 22169
242 22170
563 22171
357 22172
721 22173
115 22174
10 22175
597 22176
565 22177
409 22178
764 22179
949 22180
358 22181
567 22182
544 22183
109 22184
287 22185
186 22186
330 22187
951 22188
779 22189
844 22190
763 22191
461 22192
670 22193
350 22194
584 22195
503 22196
776 22197
670 22198
607 22199
682 22200
322 22201
57 22202
646 22203
1000 22204
508 22205
934 22206
669 22207
490 22208
939 22209
933 22210
476 22211
847 22212
763 22213
983 22214
956 22215
765 22216
189 22217
52 22218
171 22219
175 22220
107 22221
794 22222
933 22223
790 22224
391 22225
290 22226
253 22227
346 22228
943 22229
392 22230
989 22231
284 22232
861 22233
487 22234
989 22235
509 22236
338 22237
837 22238
762 22239
993 22240
586 22241
330 22242
833 22243
156 22244
308 22245
527 22246
226 22247
27 22248
636 22249
879 22250
894 22251
286 22252
590 22253
175 22254
706 22255
428 22256
31 22257
989 22258
88 22259
154 22260
376 22261
173 22262
104 22263
684 22264
85 22265
771 22266
37 22267
199 22268
928 22269
709 22270
448 22271
891 22272
430 22273
416 22274
375 22275
696 22276
131 22277
920 22278
337 22279
773 22280
576 22281
578 22282
781 22283
602 22284
500 22285
186 22286
799 22287
896 22288
623 22289
66 22290
250 22291
419 22292
545 22293
999 22294
423 22295
681 22296
934 22297
809 22298
649 22299
596 22300
91 22301
975 22302
531 22303
485 22304
363 22305
244 22306
460 22307
617 22308
869 22309
312 22310
160 22311
650 22312
604 22313
50 22314
212 22315
332 22316
316 22317
373 22318
724 22319
383 22320
903 22321
350 22322
628 22323
910 22324
910 22325
336 22326
388 22327
985 22328
245 22329
360 22330
803 22331
606 22332
809 22333
776 22334
851 22335
906 22336
19 22337
69 22338
572 22339
572 22340
367 22341
624 22342
587 22343
470 22344
535 22345
684 22346
439 22347
183 22348
408 22349
428 22350
393 22351
258 22352
7 22353
863 22354
463 22355
521 22356
744 22357
138 22358
626 22359
210 22360
781 22361
446 22362
803 22363
304 22364
520 22365
374 22366
746 22367
391 22368
831 22369
886 22370
488 22371
179 22372
395 22373
662 22374
327 22375
250 22376
153 22377
90 22378
706 22379
283 22380
987 22381
765 22382
757 22383
940 22384
986 22385
674 22386
692 22387
290 22388
547 22389
165 22390
548 22391
187 22392
1 22393
725 22394
484 22395
853 22396
737 22397
993 22398
489 22399
263 22400
110 22401
663 22402
686 22403
651 22404
422 22405
450 22406
703 22407
438 22408
213 22409
719 22410
528 22411
573 22412
112 22413
598 22414
709 22415
649 22416
657 22417
696 22418
305 22419
900 22420
297 22421
550 22422
973 22423
235 22424
53 22425
184 22426
691 22427
106 22428
396 22429
838 22430
889 22431
759 22432
764 22433
497 22434
805 22435
419 22436
124 22437
448 22438
861 22439
114 22440
548 22441
983 22442
687 22443
255 22444
861 22445
485 22446
945 22447
667 22448
491 22449
180 22450
997 22451
796 22452
58 22453
328 22454
390 22455
25 22456
144 22457
60 22458
166 22459
208 22460
732 22461
730 22462
58 22463
935 22464
676 22465
276 22466
59 22467
247 22468
285 22469
39 22470
218 22471
142 22472
307 22473
261 22474
434 22475
59 22476
676 22477
778 22478
494 22479
990 22480
12 22481
229 22482
240 22483
91 22484
1 22485
748 22486
828 22487
794 22488
805 22489
383 22490
630 22491
348 22492
749 22493
547 22494
981 22495
283 22496
437 22497
33 22498
272 22499
633 22500
318 22501
900 22502
402 22503
461 22504
385 22505
7 22506
755 22507
46 22508
305 22509
290 22510
643 22511
299 22512
964 22513
23 22514
441 22515
715 22516
606 22517
455 22518
500 22519
903 22520
790 22521
488 22522
523 22523
648 22524
907 22525
398 22526
901 22527
565 22528
543 22529
508 22530
747 22531
12 22532
418 22533
662 22534
111 22535
519 22536
496 22537
62 22538
177 22539
849 22540
501 22541
199 22542
583 22543
378 22544
169 22545
378 22546
336 22547
373 22548
805 22549
700 22550
968 22551
946 22552
343 22553
995 22554
993 22555
425 22556
362 22557
690 22558
903 22559
969 22560
140 22561
165 22562
678 22563
264 22564
69 22565
888 22566
364 22567
674 22568
273 22569
580 22570
909 22571
606 22572
821 22573
180 22574
649 22575
603 22576
892 22577
184 22578
761 22579
639 22580
108 22581
156 22582
57 22583
40 22584
354 22585
620 22586
681 22587
315 22588
331 22589
885 22590
438 22591
423 22592
626 22593
104 22594
650 22595
962 22596
894 22597
291 22598
733 22599
374 22600
165 22601
350 22602
172 22603
46 22604
143 22605
42 22606
512 22607
649 22608
260 22609
967 22610
661 22611
265 22612
170 22613
251 22614
249 22615
225 22616
420 22617
702 22618
649 22619
306 22620
696 22621
229 22622
666 22623
807 22624
419 22625
442 22626
535 22627
703 22628
36 22629
179 22630
811 22631
918 22632
134 22633
972 22634
250 22635
446 22636
746 22637
970 22638
922 22639
464 22640
126 22641
577 22642
488 22643
161 22644
326 22645
145 22646
1 22647
623 22648
895 22649
713 22650
716 22651
208 22652
467 22653
251 22654
819 22655
85 22656
672 22657
776 22658
904 22659
310 22660
149 22661
669 22662
361 22663
334 22664
282 22665
713 22666
253 22667
723 22668
63 22669
672 22670
244 22671
499 22672
709 22673
80 22674
215 22675
565 22676
811 22677
264 22678
956 22679
974 22680
358 22681
927 22682
646 22683
720 22684
986 22685
481 22686
12 22687
93 22688
615 22689
106 22690
912 22691
374 22692
651 22693
576 22694
481 22695
553 22696
176 22697
580 22698
479 22699
422 22700
230 22701
683 22702
464 22703
598 22704
900 22705
35 22706
891 22707
42 22708
481 22709
449 22710
897 22711
678 22712
149 22713
476 22714
307 22715
44 22716
107 22717
518 22718
784 22719
295 22720
185 22721
450 22722
612 22723
321 22724
831 22725
742 22726
522 22727
152 22728
363 22729
472 22730
892 22731
826 22732
551 22733
833 22734
38 22735
785 22736
684 22737
941 22738
136 22739
364 22740
597 22741
445 22742
645 22743
572 22744
412 22745
358 22746
901 22747
952 22748
656 22749
871 22750
832 22751
155 22752
988 22753
623 22754
274 22755
842 22756
773 22757
326 22758
917 22759
911 22760
723 22761
866 22762
537 22763
759 22764
924 22765
849 22766
409 22767
236 22768
763 22769
908 22770
282 22771
646 22772
43 22773
624 22774
381 22775
981 22776
550 22777
321 22778
958 22779
897 22780
258 22781
490 22782
339 22783
738 22784
355 22785
649 22786
687 22787
732 22788
719 22789
173 22790
235 22791
76 22792
74 22793
819 22794
499 22795
769 22796
618 22797
946 22798
829 22799
244 22800
571 22801
866 22802
300 22803
48 22804
403 22805
413 22806
170 22807
102 22808
580 22809
326 22810
73 22811
586 22812
69 22813
288 22814
483 22815
19 22816
882 22817
543 22818
499 22819
440 22820
425 22821
799 22822
493 22823
391 22824
730 22825
698 22826
504 22827
181 22828
627 22829
266 22830
251 22831
817 22832
795 22833
546 22834
998 22835
812 22836
319 22837
978 22838
772 22839
578 22840
834 22841
200 22842
483 22843
491 22844
731 22845
37 22846
892 22847
233 22848
354 22849
241 22850
249 22851
247 22852
390 22853
638 22854
91 22855
177 22856
714 22857
568 22858
920 22859
725 22860
493 22861
999 22862
923 22863
696 22864
566 22865
976 22866
366 22867
1000 22868
869 22869
517 22870
739 22871
460 22872
90 22873
476 22874
581 22875
661 22876
548 22877
159 22878
218 22879
525 22880
662 22881
126 22882
34 22883
135 22884
977 22885
662 22886
407 22887
928 22888
634 22889
654 22890
237 22891
81 22892
691 22893
690 22894
529 22895
824 22896
197 22897
336 22898
847 22899
816 22900
9 22901
462 22902
878 22903
967 22904
860 22905
426 22906
584 22907
411 22908
483 22909
937 22910
599 22911
366 22912
343 22913
186 22914
832 22915
20 22916
794 22917
622 22918
461 22919
142 22920
696 22921
309 22922
550 22923
813 22924
39 22925
611 22926
905 22927
970 22928
988 22929
102 22930
96 22931
204 22932
691 22933
1 22934
904 22935
611 22936
753 22937
91 22938
18 22939
550 22940
566 22941
447 22942
518 22943
559 22944
489 22945
818 22946
8 22947
906 22948
466 22949
447 22950
326 22951
257 22952
83 22953
960 22954
68 22955
144 22956
927 22957
787 22958
223 22959
289 22960
435 22961
53 22962
985 22963
25 22964
484 22965
167 22966
148 22967
429 22968
793 22969
452 22970
176 22971
717 22972
490 22973
307 22974
332 22975
208 22976
782 22977
814 22978
771 22979
920 22980
385 22981
894 22982
796 22983
728 22984
567 22985
805 22986
447 22987
717 22988
359 22989
243 22990
651 22991
517 22992
52 22993
772 22994
944 22995
83 22996
176 22997
420 22998
165 22999
589 23000
141 23001
780 23002
710 23003
263 23004
356 23005
100 23006
641 23007
397 23008
183 23009
756 23010
29 23011
800 23012
558 23013
345 23014
135 23015
227 23016
304 23017
340 23018
335 23019
620 23020
208 23021
825 23022
734 23023
253 23024
12 23025
859 23026
177 23027
579 23028
383 23029
229 23030
136 23031
222 23032
514 23033
349 23034
61 23035
31 23036
263 23037
14 23038
287 23039
660 23040
946 23041
353 23042
240 23043
495 23044
795 23045
439 23046
864 23047
979 23048
588 23049
384 23050
874 23051
224 23052
85 23053
368 23054
206 23055
935 23056
177 23057
586 23058
313 23059
279 23060
669 23061
58 23062
953 23063
147 23064
341 23065
970 23066
830 23067
798 23068
529 23069
260 23070
807 23071
280 23072
916 23073
148 23074
645 23075
980 23076
210 23077
198 23078
651 23079
727 23080
995 23081
874 23082
374 23083
47 23084
534 23085
496 23086
83 23087
575 23088
240 23089
654 23090
206 23091
751 23092
48 23093
965 23094
72 23095
190 23096
999 23097
274 23098
559 23099
979 23100
531 23101
734 23102
976 23103
621 23104
643 23105
353 23106
828 23107
278 23108
227 23109
614 23110
4 23111
902 23112
710 23113
464 23114
934 23115
301 23116
949 23117
264 23118
131 23119
302 23120
301 23121
249 23122
686 23123
628 23124
296 23125
947 23126
973 23127
476 23128
827 23129
800 23130
38 23131
886 23132
503 23133
514 23134
888 23135
688 23136
433 23137
120 23138
696 23139
254 23140
520 23141
171 23142
429 23143
900 23144
346 23145
717 23146
224 23147
622 23148
668 23149
688 23150
827 23151
276 23152
636 23153
68 23154
681 23155
818 23156
704 23157
719 23158
986 23159
376 23160
499 23161
417 23162
624 23163
900 23164
146 23165
802 23166
959 23167
940 23168
973 23169
748 23170
758 23171
521 23172
714 23173
56 23174
52 23175
412 23176
476 23177
338 23178
965 23179
142 23180
541 23181
410 23182
317 23183
393 23184
718 23185
236 23186
48 23187
725 23188
422 23189
250 23190
933 23191
80 23192
763 23193
779 23194
905 23195
439 23196
47 23197
261 23198
861 23199
507 23200
227 23201
33 23202
457 23203
614 23204
290 23205
936 23206
905 23207
72 23208
190 23209
958 23210
164 23211
236 23212
557 23213
205 23214
439 23215
374 23216
172 23217
215 23218
958 23219
101 23220
195 23221
866 23222
317 23223
993 23224
757 23225
116 23226
24 23227
585 23228
928 23229
235 23230
669 23231
387 23232
715 23233
352 23234
167 23235
972 23236
68 23237
356 23238
289 23239
583 23240
111 23241
989 23242
180 23243
778 23244
248 23245
246 23246
776 23247
667 23248
885 23249
804 23250
631 23251
845 23252
811 23253
908 23254
702 23255
240 23256
949 23257
62 23258
362 23259
311 23260
837 23261
624 23262
892 23263
536 23264
411 23265
381 23266
127 23267
27 23268
229 23269
162 23270
432 23271
508 23272
716 23273
362 23274
615 23275
355 23276
278 23277
925 23278
291 23279
760 23280
175 23281
571 23282
559 23283
97 23284
32 23285
466 23286
749 23287
724 23288
988 23289
588 23290
182 23291
215 23292
524 23293
103 23294
972 23295
755 23296
436 23297
270 23298
338 23299
20 23300
765 23301
744 23302
453 23303
639 23304
304 23305
646 23306
877 23307
423 23308
845 23309
38 23310
124 23311
905 23312
561 23313
548 23314
644 23315
902 23316
686 23317
431 23318
752 23319
981 23320
411 23321
349 23322
63 23323
149 23324
468 23325
863 23326
652 23327
133 23328
77 23329
31 23330
860 23331
641 23332
725 23333
488 23334
413 23335
129 23336
678 23337
977 23338
865 23339
112 23340
707 23341
15 23342
180 23343
864 23344
872 23345
610 23346
713 23347
256 23348
656 23349
450 23350
96 23351
571 23352
940 23353
903 23354
548 23355
871 23356
448 23357
137 23358
669 23359
774 23360
908 23361
100 23362
245 23363
82 23364
644 23365
744 23366
800 23367
861 23368
252 23369
333 23370
26 23371
69 23372
616 23373
827 23374
508 23375
242 23376
848 23377
21 23378
406 23379
540 23380
539 23381
823 23382
30 23383
952 23384
610 23385
393 23386
430 23387
511 23388
779 23389
369 23390
114 23391
753 23392
421 23393
261 23394
832 23395
115 23396
177 23397
579 23398
674 23399
90 23400
354 23401
474 23402
825 23403
673 23404
539 23405
225 23406
381 23407
169 23408
436 23409
36 23410
331 23411
312 23412
524 23413
649 23414
455 23415
694 23416
853 23417
669 23418
363 23419
775 23420
642 23421
581 23422
68 23423
944 23424
75 23425
246 23426
821 23427
694 23428
865 23429
722 23430
692 23431
827 23432
727 23433
493 23434
482 23435
587 23436
280 23437
475 23438
60 23439
10 23440
453 23441
347 23442
673 23443
449 23444
611 23445
496 23446
538 23447
968 23448
467 23449
440 23450
130 23451
941 23452
890 23453
611 23454
509 23455
761 23456
503 23457
631 23458
252 23459
178 23460
329 23461
54 23462
204 23463
581 23464
360 23465
997 23466
186 23467
425 23468
241 23469
43 23470
885 23471
388 23472
295 23473
816 23474
929 23475
37 23476
790 23477
303 23478
42 23479
810 23480
796 23481
12 23482
707 23483
776 23484
930 23485
626 23486
968 23487
733 23488
450 23489
471 23490
687 23491
183 23492
158 23493
554 23494
812 23495
548 23496
507 23497
669 23498
708 23499
164 23500
184 23501
193 23502
329 23503
845 23504
7 23505
809 23506
695 23507
719 23508
629 23509
305 23510
184 23511
859 23512
460 23513
800 23514
712 23515
261 23516
378 23517
701 23518
563 23519
256 23520
35 23521
430 23522
728 23523
391 23524
401 23525
857 23526
83 23527
323 23528
628 23529
348 23530
827 23531
762 23532
818 23533
868 23534
819 23535
196 23536
29 23537
314 23538
970 23539
443 23540
406 23541
644 23542
506 23543
848 23544
971 23545
262 23546
479 23547
657 23548
456 23549
308 23550
805 23551
995 23552
18 23553
370 23554
929 23555
264 23556
590 23557
939 23558
930 23559
281 23560
494 23561
812 23562
270 23563
837 23564
978 23565
831 23566
213 23567
107 23568
881 23569
558 23570
998 23571
42 23572
874 23573
581 23574
324 23575
556 23576
823 23577
997 23578
144 23579
648 23580
392 23581
428 23582
39 23583
84 23584
396 23585
401 23586
437 23587
801 23588
929 23589
505 23590
316 23591
261 23592
746 23593
8 23594
532 23595
191 23596
992 23597
360 23598
517 23599
465 23600
879 23601
402 23602
325 23603
460 23604
93 23605
705 23606
344 23607
41 23608
971 23609
716 23610
380 23611
534 23612
769 23613
644 23614
132 23615
39 23616
885 23617
803 23618
999 23619
863 23620
499 23621
742 23622
60 23623
156 23624
463 23625
79 23626
198 23627
42 23628
566 23629
369 23630
848 23631
139 23632
817 23633
295 23634
997 23635
571 23636
982 23637
69 23638
193 23639
634 23640
532 23641
41 23642
740 23643
969 23644
944 23645
122 23646
667 23647
469 23648
374 23649
796 23650
415 23651
789 23652
641 23653
185 23654
108 23655
118 23656
500 23657
660 23658
318 23659
614 23660
100 23661
636 23662
662 23663
551 23664
371 23665
801 23666
994 23667
20 23668
312 23669
806 23670
654 23671
278 23672
259 23673
840 23674
216 23675
810 23676
479 23677
919 23678
337 23679
552 23680
746 23681
767 23682
364 23683
789 23684
690 23685
829 23686
531 23687
994 23688
724 23689
214 23690
147 23691
807 23692
23 23693
294 23694
958 23695
358 23696
444 23697
107 23698
227 23699
512 23700
452 23701
785 23702
125 23703
271 23704
941 23705
968 23706
954 23707
820 23708
163 23709
553 23710
673 23711
853 23712
529 23713
19 23714
45 23715
203 23716
189 23717
855 23718
791 23719
103 23720
598 23721
703 23722
279 23723
884 23724
448 23725
375 23726
237 23727
331 23728
52 23729
31 23730
346 23731
363 23732
184 23733
891 23734
534 23735
420 23736
824 23737
852 23738
837 23739
841 23740
42 23741
618 23742
268 23743
969 23744
740 23745
825 23746
737 23747
921 23748
189 23749
688 23750
703 23751
792 23752
385 23753
673 23754
295 23755
888 23756
285 23757
92 23758
481 23759
754 23760
689 23761
12 23762
980 23763
742 23764
584 23765
234 23766
849 23767
17 23768
348 23769
559 23770
812 23771
864 23772
214 23773
418 23774
428 23775
680 23776
938 23777
392 23778
238 23779
370 23780
424 23781
62 23782
420 23783
654 23784
248 23785
969 23786
645 23787
571 23788
515 23789
976 23790
356 23791
370 23792
12 23793
478 23794
765 23795
232 23796
549 23797
689 23798
431 23799
22 23800
321 23801
413 23802
420 23803
864 23804
165 23805
938 23806
950 23807
886 23808
779 23809
758 23810
863 23811
705 23812
693 23813
704 23814
603 23815
91 23816
209 23817
872 23818
121 23819
676 23820
558 23821
705 23822
779 23823
605 23824
297 23825
796 23826
722 23827
428 23828
445 23829
311 23830
263 23831
759 23832
659 23833
242 23834
298 23835
82 23836
142 23837
112 23838
598 23839
429 23840
268 23841
393 23842
875 23843
695 23844
222 23845
786 23846
363 23847
918 23848
443 23849
16 23850
570 23851
669 23852
202 23853
471 23854
506 23855
488 23856
741 23857
730 23858
373 23859
251 23860
603 23861
209 23862
38 23863
511 23864
915 23865
754 23866
145 23867
724 23868
546 23869
703 23870
219 23871
895 23872
776 23873
615 23874
287 23875
155 23876
942 23877
322 23878
235 23879
50 23880
720 23881
289 23882
351 23883
600 23884
579 23885
251 23886
29 23887
933 23888
398 23889
93 23890
552 23891
269 23892
952 23893
746 23894
124 23895
179 23896
940 23897
305 23898
89 23899
804 23900
593 23901
366 23902
827 23903
837 23904
370 23905
226 23906
389 23907
930 23908
404 23909
759 23910
802 23911
632 23912
169 23913
767 23914
707 23915
827 23916
191 23917
702 23918
239 23919
190 23920
985 23921
904 23922
216 23923
834 23924
525 23925
321 23926
334 23927
84 23928
894 23929
449 23930
661 23931
818 23932
591 23933
840 23934
906 23935
117 23936
641 23937
978 23938
577 23939
288 23940
923 23941
604 23942
373 23943
144 23944
452 23945
316 23946
463 23947
998 23948
419 23949
141 23950
122 23951
176 23952
23 23953
906 23954
330 23955
722 23956
248 23957
420 23958
317 23959
87 23960
474 23961
11 23962
411 23963
837 23964
516 23965
756 23966
748 23967
307 23968
324 23969
455 23970
652 23971
158 23972
932 23973
7 23974
264 23975
349 23976
756 23977
79 23978
206 23979
555 23980
63 23981
267 23982
530 23983
388 23984
121 23985
256 23986
488 23987
931 23988
280 23989
814 23990
997 23991
683 23992
407 23993
958 23994
405 23995
372 23996
144 23997
308 23998
32 23999
55 24000
131 24001
232 24002
554 24003
248 24004
780 24005
660 24006
646 24007
786 24008
31 24009
303 24010
349 24011
180 24012
582 24013
891 24014
861 24015
767 24016
862 24017
42 24018
527 24019
333 24020
572 24021
994 24022
982 24023
614 24024
502 24025
917 24026
800 24027
423 24028
503 24029
807 24030
189 24031
371 24032
542 24033
558 24034
123 24035
638 24036
262 24037
76 24038
736 24039
874 24040
406 24041
456 24042
701 24043
543 24044
449 24045
883 24046
332 24047
118 24048
735 24049
760 24050
559 24051
637 24052
539 24053
20 24054
266 24055
143 24056
549 24057
797 24058
367 24059
22 24060
197 24061
565 24062
33 24063
608 24064
54 24065
426 24066
3 24067
893 24068
20 24069
974 24070
787 24071
382 24072
129 24073
119 24074
437 24075
322 24076
546 24077
424 24078
564 24079
697 24080
842 24081
357 24082
888 24083
639 24084
31 24085
365 24086
187 24087
115 24088
458 24089
514 24090
884 24091
116 24092
237 24093
714 24094
91 24095
215 24096
350 24097
553 24098
276 24099
866 24100
72 24101
257 24102
589 24103
723 24104
436 24105
540 24106
720 24107
812 24108
851 24109
227 24110
503 24111
777 24112
585 24113
114 24114
530 24115
295 24116
689 24117
138 24118
411 24119
116 24120
448 24121
890 24122
421 24123
303 24124
417 24125
898 24126
24 24127
14 24128
303 24129
353 24130
444 24131
988 24132
830 24133
385 24134
655 24135
456 24136
695 24137
365 24138
770 24139
763 24140
917 24141
801 24142
580 24143
115 24144
217 24145
246 24146
958 24147
838 24148
743 24149
293 24150
923 24151
114 24152
839 24153
344 24154
401 24155
665 24156
403 24157
133 24158
616 24159
144 24160
739 24161
457 24162
707 24163
57 24164
77 24165
189 24166
820 24167
960 24168
467 24169
849 24170
193 24171
81 24172
2 24173
403 24174
904 24175
841 24176
842 24177
564 24178
196 24179
971 24180
439 24181
78 24182
257 24183
49 24184
189 24185
378 24186
357 24187
644 24188
622 24189
646 24190
461 24191
314 24192
983 24193
768 24194
958 24195
69 24196
199 24197
476 24198
722 24199
746 24200
456 24201
417 24202
816 24203
888 24204
72 24205
757 24206
239 24207
249 24208
963 24209
175 24210
49 24211
603 24212
250 24213
957 24214
836 24215
241 24216
788 24217
473 24218
399 24219
796 24220
456 24221
783 24222
402 24223
446 24224
225 24225
495 24226
378 24227
81 24228
984 24229
670 24230
230 24231
342 24232
200 24233
396 24234
158 24235
661 24236
414 24237
235 24238
220 24239
327 24240
836 24241
894 24242
243 24243
508 24244
801 24245
474 24246
848 24247
93 24248
204 24249
131 24250
541 24251
450 24252
184 24253
527 24254
630 24255
84 24256
227 24257
701 24258
92 24259
611 24260
77 24261
969 24262
56 24263
653 24264
609 24265
552 24266
128 24267
850 24268
557 24269
80 24270
528 24271
542 24272
356 24273
783 24274
305 24275
805 24276
692 24277
492 24278
572 24279
261 24280
513 24281
648 24282
214 24283
575 24284
890 24285
110 24286
473 24287
792 24288
291 24289
478 24290
94 24291
367 24292
924 24293
497 24294
614 24295
373 24296
610 24297
497 24298
706 24299
260 24300
208 24301
470 24302
281 24303
386 24304
320 24305
509 24306
602 24307
321 24308
563 24309
138 24310
424 24311
56 24312
107 24313
905 24314
31 24315
948 24316
541 24317
360 24318
707 24319
921 24320
873 24321
309 24322
404 24323
906 24324
876 24325
124 24326
24 24327
468 24328
715 24329
390 24330
73 24331
669 24332
523 24333
624 24334
167 24335
366 24336
499 24337
494 24338
379 24339
638 24340
993 24341
125 24342
577 24343
918 24344
393 24345
36 24346
851 24347
171 24348
432 24349
76 24350
329 24351
928 24352
87 24353
821 24354
454 24355
970 24356
451 24357
156 24358
738 24359
644 24360
824 24361
546 24362
729 24363
179 24364
461 24365
839 24366
722 24367
984 24368
666 24369
431 24370
527 24371
806 24372
974 24373
979 24374
133 24375
565 24376
437 24377
512 24378
312 24379
963 24380
867 24381
503 24382
219 24383
631 24384
101 24385
554 24386
412 24387
380 24388
88 24389
489 24390
516 24391
27 24392
612 24393
290 24394
30 24395
645 24396
266 24397
395 24398
719 24399
126 24400
877 24401
692 24402
764 24403
551 24404
634 24405
468 24406
990 24407
59 24408
217 24409
223 24410
804 24411
325 24412
61 24413
462 24414
131 24415
421 24416
624 24417
505 24418
884 24419
995 24420
112 24421
864 24422
667 24423
755 24424
704 24425
317 24426
754 24427
750 24428
110 24429
85 24430
92 24431
845 24432
153 24433
781 24434
598 24435
318 24436
906 24437
23 24438
892 24439
316 24440
316 24441
875 24442
71 24443
996 24444
483 24445
259 24446
384 24447
839 24448
10 24449
484 24450
872 24451
919 24452
253 24453
898 24454
540 24455
575 24456
864 24457
235 24458
35 24459
743 24460
842 24461
852 24462
732 24463
669 24464
920 24465
597 24466
892 24467
924 24468
749 24469
46 24470
285 24471
445 24472
91 24473
861 24474
59 24475
97 24476
872 24477
979 24478
46 24479
612 24480
881 24481
212 24482
779 24483
187 24484
723 24485
989 24486
337 24487
208 24488
413 24489
860 24490
726 24491
361 24492
59 24493
13 24494
772 24495
316 24496
590 24497
318 24498
333 24499
532 24500
181 24501
853 24502
445 24503
45 24504
957 24505
302 24506
882 24507
771 24508
590 24509
49 24510
708 24511
558 24512
438 24513
237 24514
863 24515
928 24516
987 24517
186 24518
464 24519
817 24520
54 24521
986 24522
23 24523
303 24524
853 24525
233 24526
288 24527
708 24528
160 24529
989 24530
383 24531
508 24532
646 24533
354 24534
22 24535
561 24536
75 24537
354 24538
698 24539
428 24540
911 24541
932 24542
362 24543
384 24544
743 24545
357 24546
772 24547
312 24548
973 24549
567 24550
911 24551
222 24552
988 24553
728 24554
163 24555
933 24556
618 24557
663 24558
501 24559
921 24560
45 24561
980 24562
33 24563
896 24564
467 24565
401 24566
371 24567
415 24568
10 24569
834 24570
316 24571
934 24572
146 24573
651 24574
14 24575
96 24576
247 24577
42 24578
276 24579
96 24580
863 24581
472 24582
124 24583
364 24584
829 24585
205 24586
319 24587
390 24588
52 24589
315 24590
212 24591
494 24592
489 24593
617 24594
613 24595
542 24596
402 24597
797 24598
719 24599
180 24600
577 24601
992 24602
750 24603
431 24604
975 24605
604 24606
369 24607
256 24608
781 24609
442 24610
402 24611
729 24612
532 24613
839 24614
530 24615
965 24616
450 24617
814 24618
962 24619
778 24620
720 24621
421 24622
614 24623
36 24624
286 24625
247 24626
543 24627
521 24628
159 24629
839 24630
689 24631
745 24632
222 24633
937 24634
657 24635
980 24636
191 24637
445 24638
778 24639
512 24640
249 24641
540 24642
681 24643
929 24644
634 24645
232 24646
548 24647
967 24648
29 24649
709 24650
893 24651
896 24652
846 24653
4 24654
804 24655
654 24656
591 24657
143 24658
861 24659
260 24660
579 24661
162 24662
607 24663
752 24664
240 24665
640 24666
632 24667
985 24668
519 24669
463 24670
160 24671
44 24672
391 24673
41 24674
170 24675
792 24676
168 24677
730 24678
939 24679
608 24680
565 24681
632 24682
61 24683
287 24684
742 24685
148 24686
431 24687
245 24688
97 24689
906 24690
635 24691
214 24692
757 24693
591 24694
4 24695
350 24696
375 24697
704 24698
970 24699
402 24700
91 24701
135 24702
441 24703
112 24704
640 24705
110 24706
833 24707
755 24708
560 24709
623 24710
87 24711
876 24712
259 24713
775 24714
526 24715
294 24716
559 24717
881 24718
778 24719
516 24720
532 24721
565 24722
181 24723
121 24724
17 24725
674 24726
488 24727
572 24728
494 24729
15 24730
320 24731
231 24732
432 24733
768 24734
852 24735
344 24736
1 24737
768 24738
631 24739
316 24740
232 24741
963 24742
559 24743
772 24744
945 24745
657 24746
796 24747
560 24748
411 24749
354 24750
348 24751
260 24752
110 24753
238 24754
342 24755
833 24756
798 24757
381 24758
519 24759
622 24760
117 24761
609 24762
841 24763
766 24764
836 24765
350 24766
233 24767
532 24768
861 24769
333 24770
56 24771
115 24772
243 24773
399 24774
439 24775
701 24776
185 24777
827 24778
327 24779
640 24780
894 24781
226 24782
73 24783
649 24784
569 24785
268 24786
345 24787
159 24788
267 24789
641 24790
569 24791
942 24792
555 24793
596 24794
848 24795
227 24796
263 24797
38 24798
536 24799
752 24800
535 24801
398 24802
500 24803
375 24804
672 24805
191 24806
423 24807
984 24808
60 24809
31 24810
68 24811
38 24812
277 24813
406 24814
644 24815
225 24816
145 24817
928 24818
773 24819
719 24820
648 24821
390 24822
354 24823
412 24824
517 24825
111 24826
3 24827
730 24828
644 24829
288 24830
951 24831
816 24832
472 24833
590 24834
772 24835
252 24836
290 24837
416 24838
87 24839
530 24840
334 24841
303 24842
318 24843
289 24844
215 24845
54 24846
334 24847
903 24848
716 24849
25 24850
235 24851
181 24852
551 24853
628 24854
679 24855
451 24856
116 24857
737 24858
965 24859
873 24860
23 24861
812 24862
426 24863
772 24864
436 24865
534 24866
303 24867
274 24868
361 24869
224 24870
726 24871
997 24872
264 24873
181 24874
930 24875
636 24876
398 24877
822 24878
902 24879
84 24880
168 24881
396 24882
813 24883
93 24884
918 24885
366 24886
613 24887
950 24888
693 24889
86 24890
637 24891
523 24892
26 24893
12 24894
76 24895
645 24896
228 24897
55 24898
664 24899
73 24900
192 24901
801 24902
998 24903
946 24904
766 24905
637 24906
264 24907
952 24908
863 24909
17 24910
677 24911
14 24912
842 24913
485 24914
175 24915
491 24916
288 24917
6 24918
806 24919
221 24920
93 24921
824 24922
415 24923
170 24924
413 24925
232 24926
714 24927
39 24928
119 24929
730 24930
716 24931
941 24932
799 24933
864 24934
44 24935
905 24936
608 24937
618 24938
96 24939
945 24940
436 24941
226 24942
593 24943
535 24944
868 24945
610 24946
979 24947
841 24948
832 24949
189 24950
310 24951
9 24952
602 24953
521 24954
49 24955
106 24956
121 24957
313 24958
650 24959
555 24960
544 24961
261 24962
473 24963
568 24964
570 24965
392 24966
6 24967
420 24968
74 24969
220 24970
639 24971
412 24972
787 24973
161 24974
258 24975
266 24976
865 24977
239 24978
952 24979
518 24980
371 24981
778 24982
858 24983
656 24984
803 24985
401 24986
67 24987
124 24988
299 24989
629 24990
895 24991
777 24992
585 24993
763 24994
285 24995
129 24996
356 24997
313 24998
546 24999
722 25000
414 25001
647 25002
550 25003
271 25004
616 25005
659 25006
257 25007
585 25008
137 25009
583 25010
157 25011
600 25012
115 25013
659 25014
791 25015
596 25016
692 25017
207 25018
619 25019
683 25020
538 25021
305 25022
781 25023
348 25024
111 25025
956 25026
958 25027
270 25028
465 25029
896 25030
27 25031
961 25032
13 25033
977 25034
222 25035
935 25036
174 25037
912 25038
841 25039
505 25040
374 25041
407 25042
780 25043
207 25044
311 25045
107 25046
978 25047
658 25048
578 25049
504 25050
536 25051
333 25052
195 25053
211 25054
844 25055
719 25056
996 25057
18 25058
750 25059
600 25060
23 25061
187 25062
282 25063
586 25064
147 25065
965 25066
857 25067
40 25068
76 25069
494 25070
326 25071
216 25072
362 25073
152 25074
809 25075
626 25076
32 25077
972 25078
434 25079
642 25080
418 25081
169 25082
168 25083
329 25084
466 25085
343 25086
474 25087
946 25088
935 25089
149 25090
202 25091
835 25092
506 25093
924 25094
864 25095
798 25096
735 25097
114 25098
315 25099
729 25100
626 25101
942 25102
135 25103
52 25104
123 25105
4 25106
109 25107
753 25108
936 25109
951 25110
623 25111
909 25112
485 25113
524 25114
886 25115
624 25116
71 25117
747 25118
265 25119
955 25120
294 25121
555 25122
940 25123
476 25124
697 25125
36 25126
325 25127
412 25128
383 25129
994 25130
65 25131
226 25132
959 25133
721 25134
568 25135
949 25136
88 25137
986 25138
612 25139
118 25140
542 25141
103 25142
896 25143
405 25144
554 25145
40 25146
763 25147
590 25148
134 25149
847 25150
265 25151
594 25152
59 25153
937 25154
467 25155
613 25156
343 25157
33 25158
384 25159
33 25160
652 25161
659 25162
328 25163
700 25164
152 25165
188 25166
929 25167
492 25168
688 25169
443 25170
43 25171
617 25172
766 25173
538 25174
27 25175
543 25176
213 25177
649 25178
315 25179
394 25180
702 25181
200 25182
906 25183
545 25184
452 25185
261 25186
890 25187
808 25188
256 25189
889 25190
95 25191
957 25192
427 25193
163 25194
52 25195
564 25196
809 25197
170 25198
371 25199
645 25200
609 25201
823 25202
773 25203
767 25204
88 25205
394 25206
953 25207
74 25208
782 25209
120 25210
185 25211
712 25212
302 25213
863 25214
103 25215
521 25216
655 25217
981 25218
111 25219
383 25220
654 25221
624 25222
248 25223
444 25224
20 25225
542 25226
956 25227
295 25228
920 25229
401 25230
573 25231
773 25232
646 25233
109 25234
763 25235
810 25236
16 25237
32 25238
895 25239
900 25240
328 25241
386 25242
80 25243
800 25244
545 25245
552 25246
715 25247
885 25248
284 25249
33 25250
191 25251
528 25252
890 25253
351 25254
798 25255
591 25256
404 25257
309 25258
829 25259
787 25260
595 25261
808 25262
334 25263
602 25264
494 25265
86 25266
500 25267
864 25268
503 25269
228 25270
21 25271
398 25272
820 25273
303 25274
103 25275
597 25276
616 25277
791 25278
18 25279
798 25280
502 25281
665 25282
607 25283
796 25284
325 25285
68 25286
535 25287
41 25288
860 25289
408 25290
72 25291
375 25292
836 25293
310 25294
762 25295
772 25296
199 25297
642 25298
562 25299
563 25300
417 25301
939 25302
966 25303
348 25304
458 25305
532 25306
315 25307
179 25308
30 25309
865 25310
81 25311
877 25312
775 25313
34 25314
565 25315
194 25316
206 25317
357 25318
811 25319
688 25320
55 25321
507 25322
248 25323
568 25324
115 25325
54 25326
453 25327
268 25328
26 25329
244 25330
29 25331
862 25332
894 25333
8 25334
759 25335
126 25336
110 25337
48 25338
805 25339
477 25340
974 25341
98 25342
464 25343
932 25344
422 25345
340 25346
572 25347
54 25348
924 25349
591 25350
45 25351
623 25352
52 25353
474 25354
205 25355
240 25356
460 25357
673 25358
229 25359
431 25360
765 25361
214 25362
706 25363
825 25364
579 25365
379 25366
573 25367
413 25368
143 25369
43 25370
858 25371
882 25372
226 25373
161 25374
541 25375
97 25376
93 25377
116 25378
819 25379
224 25380
589 25381
231 25382
566 25383
75 25384
514 25385
501 25386
127 25387
711 25388
444 25389
689 25390
329 25391
231 25392
301 25393
459 25394
435 25395
375 25396
778 25397
582 25398
536 25399
283 25400
836 25401
909 25402
278 25403
620 25404
905 25405
972 25406
511 25407
821 25408
318 25409
43 25410
478 25411
151 25412
629 25413
825 25414
295 25415
771 25416
980 25417
507 25418
18 25419
695 25420
947 25421
354 25422
923 25423
378 25424
74 25425
464 25426
42 25427
951 25428
766 25429
980 25430
877 25431
332 25432
474 25433
242 25434
691 25435
246 25436
311 25437
702 25438
130 25439
148 25440
268 25441
519 25442
573 25443
765 25444
500 25445
951 25446
57 25447
404 25448
889 25449
351 25450
314 25451
609 25452
676 25453
392 25454
889 25455
21 25456
880 25457
620 25458
136 25459
265 25460
911 25461
144 25462
811 25463
104 25464
330 25465
865 25466
351 25467
528 25468
211 25469
721 25470
236 25471
467 25472
612 25473
691 25474
523 25475
653 25476
422 25477
634 25478
173 25479
716 25480
718 25481
36 25482
616 25483
731 25484
138 25485
520 25486
279 25487
277 25488
570 25489
199 25490
659 25491
844 25492
401 25493
135 25494
226 25495
280 25496
934 25497
801 25498
899 25499
933 25500
227 25501
487 25502
276 25503
816 25504
3 25505
940 25506
282 25507
752 25508
156 25509
745 25510
297 25511
414 25512
35 25513
274 25514
729 25515
969 25516
428 25517
87 25518
667 25519
2 25520
841 25521
450 25522
921 25523
164 25524
216 25525
250 25526
207 25527
357 25528
925 25529
994 25530
874 25531
562 25532
674 25533
958 25534
913 25535
707 25536
718 25537
534 25538
636 25539
594 25540
329 25541
475 25542
974 25543
418 25544
446 25545
629 25546
209 25547
643 25548
956 25549
560 25550
612 25551
569 25552
288 25553
196 25554
823 25555
68 25556
563 25557
123 25558
990 25559
812 25560
588 25561
169 25562
48 25563
218 25564
828 25565
161 25566
919 25567
224 25568
958 25569
402 25570
658 25571
405 25572
204 25573
225 25574
43 25575
261 25576
963 25577
735 25578
604 25579
304 25580
599 25581
387 25582
274 25583
313 25584
837 25585
226 25586
382 25587
946 25588
928 25589
311 25590
379 25591
740 25592
701 25593
693 25594
308 25595
526 25596
71 25597
704 25598
865 25599
497 25600
702 25601
589 25602
519 25603
264 25604
960 25605
376 25606
132 25607
61 25608
529 25609
240 25610
473 25611
687 25612
773 25613
589 25614
354 25615
197 25616
372 25617
839 25618
761 25619
228 25620
383 25621
993 25622
591 25623
781 25624
732 25625
345 25626
878 25627
966 25628
61 25629
662 25630
696 25631
774 25632
148 25633
497 25634
551 25635
249 25636
240 25637
931 25638
919 25639
101 25640
343 25641
715 25642
265 25643
962 25644
158 25645
807 25646
181 25647
733 25648
61 25649
518 25650
319 25651
489 25652
712 25653
646 25654
88 25655
495 25656
169 25657
265 25658
892 25659
856 25660
307 25661
278 25662
713 25663
860 25664
938 25665
332 25666
789 25667
575 25668
408 25669
727 25670
325 25671
557 25672
927 25673
103 25674
314 25675
549 25676
981 25677
580 25678
487 25679
823 25680
921 25681
968 25682
711 25683
596 25684
373 25685
76 25686
767 25687
147 25688
668 25689
601 25690
176 25691
448 25692
628 25693
517 25694
956 25695
516 25696
566 25697
109 25698
834 25699
621 25700
241 25701
268 25702
846 25703
820 25704
905 25705
96 25706
811 25707
72 25708
208 25709
796 25710
639 25711
763 25712
793 25713
579 25714
577 25715
328 25716
566 25717
980 25718
209 25719
24 25720
790 25721
615 25722
653 25723
845 25724
36 25725
182 25726
910 25727
171 25728
827 25729
630 25730
728 25731
977 25732
287 25733
354 25734
293 25735
17 25736
682 25737
150 25738
763 25739
636 25740
418 25741
208 25742
630 25743
838 25744
226 25745
745 25746
283 25747
568 25748
392 25749
249 25750
316 25751
479 25752
990 25753
943 25754
828 25755
534 25756
7 25757
181 25758
471 25759
884 25760
580 25761
451 25762
30 25763
941 25764
999 25765
574 25766
933 25767
262 25768
868 25769
79 25770
214 25771
556 25772
147 25773
605 25774
841 25775
521 25776
366 25777
337 25778
994 25779
892 25780
888 25781
933 25782
820 25783
347 25784
599 25785
407 25786
671 25787
339 25788
422 25789
629 25790
250 25791
660 25792
69 25793
898 25794
397 25795
886 25796
771 25797
359 25798
393 25799
122 25800
446 25801
687 25802
944 25803
935 25804
90 25805
316 25806
947 25807
200 25808
889 25809
213 25810
87 25811
115 25812
968 25813
42 25814
187 25815
495 25816
499 25817
375 25818
456 25819
806 25820
261 25821
494 25822
684 25823
215 25824
662 25825
415 25826
418 25827
871 25828
401 25829
579 25830
431 25831
337 25832
946 25833
754 25834
59 25835
211 25836
955 25837
761 25838
171 25839
628 25840
598 25841
511 25842
534 25843
457 25844
89 25845
219 25846
85 25847
661 25848
620 25849
404 25850
514 25851
547 25852
464 25853
6 25854
429 25855
375 25856
617 25857
697 25858
610 25859
362 25860
600 25861
467 25862
471 25863
198 25864
561 25865
527 25866
846 25867
892 25868
448 25869
699 25870
723 25871
40 25872
631 25873
672 25874
8 25875
736 25876
625 25877
997 25878
546 25879
807 25880
81 25881
368 25882
69 25883
11 25884
202 25885
871 25886
537 25887
436 25888
356 25889
619 25890
594 25891
192 25892
203 25893
362 25894
139 25895
896 25896
391 25897
731 25898
663 25899
144 25900
7 25901
331 25902
467 25903
151 25904
180 25905
710 25906
905 25907
897 25908
872 25909
816 25910
204 25911
788 25912
686 25913
810 25914
839 25915
317 25916
349 25917
459 25918
115 25919
883 25920
159 25921
316 25922
729 25923
371 25924
163 25925
822 25926
746 25927
915 25928
36 25929
572 25930
348 25931
355 25932
983 25933
847 25934
497 25935
226 25936
762 25937
643 25938
171 25939
926 25940
507 25941
542 25942
503 25943
202 25944
279 25945
770 25946
325 25947
920 25948
965 25949
466 25950
53 25951
218 25952
795 25953
808 25954
827 25955
104 25956
887 25957
866 25958
651 25959
306 25960
866 25961
91 25962
802 25963
536 25964
623 25965
923 25966
478 25967
994 25968
601 25969
757 25970
756 25971
806 25972
632 25973
455 25974
874 25975
657 25976
837 25977
629 25978
933 25979
376 25980
130 25981
974 25982
113 25983
105 25984
723 25985
614 25986
152 25987
834 25988
158 25989
600 25990
291 25991
267 25992
799 25993
240 25994
35 25995
406 25996
466 25997
727 25998
996 25999
929 26000
14 26001
32 26002
946 26003
688 26004
123 26005
254 26006
961 26007
891 26008
946 26009
548 26010
209 26011
525 26012
984 26013
811 26014
614 26015
550 26016
267 26017
352 26018
647 26019
900 26020
7 26021
702 26022
982 26023
379 26024
150 26025
219 26026
12 26027
675 26028
93 26029
339 26030
702 26031
888 26032
6 26033
561 26034
728 26035
543 26036
216 26037
176 26038
371 26039
992 26040
591 26041
843 26042
678 26043
838 26044
578 26045
291 26046
870 26047
117 26048
692 26049
179 26050
826 26051
582 26052
231 26053
430 26054
118 26055
403 26056
453 26057
330 26058
163 26059
346 26060
673 26061
646 26062
512 26063
72 26064
297 26065
381 26066
646 26067
63 26068
775 26069
744 26070
167 26071
425 26072
618 26073
162 26074
487 26075
348 26076
828 26077
157 26078
203 26079
123 26080
454 26081
63 26082
77 26083
115 26084
945 26085
206 26086
802 26087
265 26088
760 26089
94 26090
294 26091
318 26092
684 26093
836 26094
834 26095
249 26096
385 26097
934 26098
46 26099
707 26100
960 26101
513 26102
996 26103
490 26104
551 26105
722 26106
654 26107
69 26108
460 26109
382 26110
260 26111
270 26112
832 26113
426 26114
337 26115
902 26116
919 26117
675 26118
724 26119
322 26120
706 26121
723 26122
524 26123
948 26124
380 26125
838 26126
409 26127
125 26128
148 26129
920 26130
558 26131
599 26132
871 26133
789 26134
293 26135
148 26136
443 26137
258 26138
923 26139
939 26140
393 26141
191 26142
73 26143
697 26144
794 26145
115 26146
745 26147
515 26148
324 26149
552 26150
494 26151
610 26152
931 26153
234 26154
491 26155
503 26156
418 26157
226 26158
121 26159
174 26160
638 26161
189 26162
773 26163
478 26164
949 26165
525 26166
8 26167
199 26168
750 26169
988 26170
858 26171
123 26172
820 26173
397 26174
522 26175
833 26176
828 26177
706 26178
888 26179
36 26180
18 26181
122 26182
828 26183
983 26184
405 26185
552 26186
629 26187
427 26188
439 26189
527 26190
411 26191
728 26192
67 26193
630 26194
869 26195
689 26196
199 26197
142 26198
74 26199
581 26200
47 26201
779 26202
244 26203
444 26204
617 26205
358 26206
854 26207
534 26208
277 26209
674 26210
429 26211
550 26212
35 26213
573 26214
521 26215
110 26216
135 26217
888 26218
568 26219
502 26220
445 26221
562 26222
184 26223
347 26224
32 26225
697 26226
12 26227
564 26228
763 26229
601 26230
708 26231
792 26232
899 26233
763 26234
643 26235
849 26236
113 26237
712 26238
607 26239
326 26240
700 26241
296 26242
487 26243
3 26244
745 26245
722 26246
408 26247
3 26248
38 26249
103 26250
448 26251
30 26252
560 26253
58 26254
398 26255
134 26256
307 26257
326 26258
796 26259
722 26260
755 26261
422 26262
997 26263
296 26264
305 26265
939 26266
363 26267
224 26268
763 26269
814 26270
787 26271
274 26272
297 26273
616 26274
947 26275
76 26276
363 26277
572 26278
499 26279
614 26280
120 26281
730 26282
995 26283
402 26284
345 26285
216 26286
288 26287
381 26288
550 26289
121 26290
856 26291
9 26292
764 26293
276 26294
672 26295
722 26296
213 26297
165 26298
528 26299
663 26300
16 26301
960 26302
426 26303
70 26304
821 26305
329 26306
265 26307
913 26308
939 26309
835 26310
444 26311
193 26312
422 26313
79 26314
81 26315
90 26316
364 26317
397 26318
334 26319
145 26320
162 26321
343 26322
115 26323
112 26324
655 26325
503 26326
716 26327
922 26328
488 26329
682 26330
65 26331
474 26332
60 26333
109 26334
489 26335
576 26336
852 26337
708 26338
659 26339
307 26340
134 26341
350 26342
962 26343
833 26344
799 26345
170 26346
912 26347
763 26348
104 26349
912 26350
297 26351
920 26352
860 26353
201 26354
116 26355
634 26356
287 26357
943 26358
540 26359
782 26360
918 26361
41 26362
95 26363
234 26364
132 26365
280 26366
488 26367
324 26368
987 26369
500 26370
444 26371
86 26372
461 26373
958 26374
832 26375
390 26376
947 26377
983 26378
915 26379
347 26380
903 26381
972 26382
421 26383
650 26384
328 26385
167 26386
812 26387
934 26388
656 26389
759 26390
326 26391
639 26392
719 26393
630 26394
61 26395
204 26396
352 26397
165 26398
662 26399
349 26400
929 26401
453 26402
262 26403
44 26404
13 26405
505 26406
233 26407
513 26408
233 26409
464 26410
822 26411
839 26412
593 26413
506 26414
285 26415
462 26416
459 26417
175 26418
261 26419
525 26420
32 26421
604 26422
905 26423
873 26424
324 26425
360 26426
754 26427
36 26428
545 26429
600 26430
689 26431
460 26432
375 26433
34 26434
892 26435
25 26436
571 26437
600 26438
742 26439
969 26440
427 26441
621 26442
793 26443
213 26444
313 26445
265 26446
695 26447
140 26448
815 26449
247 26450
34 26451
106 26452
278 26453
829 26454
684 26455
820 26456
878 26457
601 26458
253 26459
279 26460
462 26461
582 26462
894 26463
629 26464
924 26465
912 26466
473 26467
537 26468
403 26469
595 26470
341 26471
61 26472
228 26473
571 26474
796 26475
226 26476
576 26477
895 26478
866 26479
760 26480
374 26481
582 26482
180 26483
274 26484
928 26485
817 26486
235 26487
545 26488
96 26489
675 26490
210 26491
656 26492
787 26493
609 26494
898 26495
466 26496
71 26497
651 26498
858 26499
382 26500
784 26501
325 26502
201 26503
429 26504
783 26505
836 26506
290 26507
351 26508
26 26509
970 26510
928 26511
396 26512
334 26513
358 26514
872 26515
39 26516
119 26517
695 26518
943 26519
266 26520
117 26521
811 26522
819 26523
593 26524
914 26525
609 26526
553 26527
676 26528
689 26529
87 26530
331 26531
958 26532
895 26533
239 26534
142 26535
675 26536
583 26537
704 26538
147 26539
2 26540
109 26541
985 26542
948 26543
717 26544
446 26545
933 26546
723 26547
58 26548
344 26549
757 26550
815 26551
368 26552
866 26553
221 26554
673 26555
917 26556
911 26557
657 26558
548 26559
362 26560
328 26561
910 26562
895 26563
768 26564
498 26565
639 26566
117 26567
379 26568
614 26569
418 26570
963 26571
655 26572
290 26573
931 26574
451 26575
305 26576
688 26577
32 26578
770 26579
941 26580
792 26581
525 26582
524 26583
498 26584
699 26585
474 26586
659 26587
292 26588
963 26589
706 26590
567 26591
920 26592
771 26593
314 26594
966 26595
375 26596
64 26597
948 26598
148 26599
232 26600
882 26601
714 26602
253 26603
478 26604
110 26605
694 26606
237 26607
659 26608
169 26609
958 26610
546 26611
130 26612
653 26613
306 26614
173 26615
553 26616
301 26617
889 26618
702 26619
871 26620
878 26621
13 26622
361 26623
509 26624
142 26625
718 26626
480 26627
368 26628
626 26629
387 26630
333 26631
141 26632
57 26633
971 26634
363 26635
936 26636
155 26637
22 26638
172 26639
948 26640
547 26641
552 26642
660 26643
599 26644
722 26645
226 26646
412 26647
718 26648
245 26649
404 26650
3 26651
239 26652
348 26653
211 26654
684 26655
481 26656
856 26657
570 26658
453 26659
158 26660
275 26661
684 26662
207 26663
471 26664
956 26665
959 26666
396 26667
959 26668
173 26669
53 26670
429 26671
345 26672
870 26673
732 26674
646 26675
499 26676
656 26677
927 26678
994 26679
548 26680
78 26681
542 26682
1000 26683
279 26684
572 26685
579 26686
557 26687
592 26688
267 26689
813 26690
776 26691
369 26692
7 26693
57 26694
255 26695
397 26696
156 26697
984 26698
739 26699
503 26700
390 26701
645 26702
354 26703
7 26704
768 26705
636 26706
603 26707
426 26708
481 26709
979 26710
903 26711
192 26712
160 26713
954 26714
539 26715
972 26716
9 26717
887 26718
636 26719
946 26720
330 26721
994 26722
923 26723
248 26724
682 26725
396 26726
349 26727
433 26728
245 26729
717 26730
182 26731
57 26732
751 26733
795 26734
768 26735
777 26736
401 26737
45 26738
322 26739
96 26740
55 26741
114 26742
173 26743
486 26744
174 26745
981 26746
441 26747
115 26748
898 26749
545 26750
384 26751
159 26752
237 26753
299 26754
841 26755
322 26756
874 26757
333 26758
64 26759
161 26760
818 26761
903 26762
588 26763
482 26764
710 26765
17 26766
99 26767
777 26768
647 26769
465 26770
943 26771
117 26772
479 26773
719 26774
381 26775
617 26776
143 26777
177 26778
106 26779
987 26780
84 26781
572 26782
960 26783
510 26784
7 26785
782 26786
847 26787
544 26788
535 26789
831 26790
786 26791
821 26792
757 26793
321 26794
85 26795
532 26796
34 26797
593 26798
404 26799
680 26800
41 26801
556 26802
929 26803
601 26804
749 26805
325 26806
745 26807
314 26808
378 26809
760 26810
956 26811
340 26812
560 26813
423 26814
803 26815
477 26816
906 26817
135 26818
694 26819
209 26820
831 26821
191 26822
596 26823
529 26824
122 26825
53 26826
651 26827
428 26828
276 26829
545 26830
868 26831
907 26832
37 26833
38 26834
166 26835
448 26836
31 26837
395 26838
920 26839
163 26840
698 26841
1000 26842
649 26843
953 26844
502 26845
515 26846
395 26847
188 26848
856 26849
468 26850
638 26851
706 26852
679 26853
561 26854
465 26855
917 26856
86 26857
348 26858
465 26859
335 26860
181 26861
728 26862
388 26863
599 26864
884 26865
55 26866
611 26867
98 26868
618 26869
316 26870
553 26871
354 26872
680 26873
411 26874
25 26875
819 26876
25 26877
109 26878
977 26879
251 26880
808 26881
124 26882
696 26883
506 26884
324 26885
508 26886
306 26887
883 26888
90 26889
272 26890
896 26891
964 26892
460 26893
701 26894
683 26895
769 26896
199 26897
49 26898
781 26899
530 26900
578 26901
440 26902
203 26903
519 26904
974 26905
149 26906
937 26907
462 26908
539 26909
648 26910
310 26911
125 26912
533 26913
374 26914
618 26915
665 26916
234 26917
773 26918
967 26919
614 26920
205 26921
744 26922
644 26923
4 26924
492 26925
460 26926
386 26927
659 26928
344 26929
331 26930
288 26931
570 26932
883 26933
842 26934
671 26935
277 26936
922 26937
1 26938
383 26939
719 26940
717 26941
714 26942
438 26943
905 26944
443 26945
314 26946
195 26947
253 26948
490 26949
110 26950
1000 26951
132 26952
66 26953
4 26954
208 26955
109 26956
440 26957
673 26958
980 26959
112 26960
391 26961
278 26962
809 26963
454 26964
912 26965
534 26966
430 26967
796 26968
393 26969
865 26970
784 26971
715 26972
429 26973
841 26974
574 26975
739 26976
966 26977
246 26978
225 26979
563 26980
122 26981
586 26982
690 26983
417 26984
907 26985
67 26986
188 26987
61 26988
563 26989
923 26990
366 26991
118 26992
761 26993
257 26994
212 26995
39 26996
132 26997
679 26998
863 26999
648 27000
413 27001
368 27002
220 27003
666 27004
898 27005
61 27006
357 27007
956 27008
329 27009
114 27010
62 27011
708 27012
542 27013
286 27014
201 27015
945 27016
387 27017
870 27018
721 27019
915 27020
305 27021
16 27022
597 27023
914 27024
921 27025
175 27026
838 27027
823 27028
665 27029
105 27030
422 27031
823 27032
624 27033
815 27034
317 27035
905 27036
269 27037
652 27038
68 27039
299 27040
450 27041
837 27042
424 27043
214 27044
662 27045
198 27046
168 27047
403 27048
183 27049
391 27050
871 27051
255 27052
733 27053
359 27054
749 27055
548 27056
193 27057
572 27058
991 27059
674 27060
708 27061
704 27062
194 27063
775 27064
665 27065
163 27066
935 27067
977 27068
832 27069
59 27070
693 27071
356 27072
380 27073
783 27074
587 27075
187 27076
941 27077
837 27078
752 27079
842 27080
609 27081
975 27082
786 27083
696 27084
657 27085
820 27086
967 27087
175 27088
836 27089
21 27090
472 27091
305 27092
765 27093
424 27094
423 27095
464 27096
29 27097
108 27098
715 27099
168 27100
808 27101
904 27102
924 27103
328 27104
716 27105
822 27106
265 27107
24 27108
7 27109
51 27110
436 27111
289 27112
554 27113
428 27114
533 27115
371 27116
821 27117
271 27118
351 27119
343 27120
431 27121
619 27122
941 27123
384 27124
641 27125
104 27126
695 27127
11 27128
188 27129
170 27130
890 27131
425 27132
389 27133
90 27134
447 27135
51 27136
693 27137
86 27138
582 27139
101 27140
896 27141
393 27142
779 27143
822 27144
484 27145
873 27146
922 27147
119 27148
686 27149
571 27150
60 27151
247 27152
239 27153
333 27154
969 27155
218 27156
826 27157
775 27158
901 27159
754 27160
66 27161
954 27162
434 27163
870 27164
546 27165
497 27166
293 27167
73 27168
418 27169
205 27170
691 27171
749 27172
593 27173
944 27174
226 27175
136 27176
478 27177
850 27178
793 27179
836 27180
290 27181
501 27182
792 27183
893 27184
395 27185
625 27186
854 27187
71 27188
448 27189
248 27190
548 27191
784 27192
741 27193
633 27194
615 27195
839 27196
69 27197
693 27198
710 27199
32 27200
611 27201
216 27202
661 27203
406 27204
417 27205
787 27206
545 27207
707 27208
548 27209
133 27210
791 27211
764 27212
379 27213
468 27214
203 27215
806 27216
628 27217
217 27218
972 27219
462 27220
91 27221
855 27222
467 27223
921 27224
186 27225
108 27226
752 27227
495 27228
447 27229
995 27230
576 27231
639 27232
722 27233
716 27234
80 27235
733 27236
992 27237
224 27238
9 27239
621 27240
205 27241
733 27242
68 27243
783 27244
56 27245
68 27246
676 27247
44 27248
950 27249
985 27250
132 27251
819 27252
696 27253
933 27254
764 27255
943 27256
801 27257
422 27258
557 27259
980 27260
306 27261
396 27262
535 27263
116 27264
421 27265
738 27266
422 27267
895 27268
960 27269
574 27270
332 27271
320 27272
293 27273
142 27274
131 27275
688 27276
661 27277
789 27278
705 27279
495 27280
900 27281
855 27282
954 27283
849 27284
347 27285
404 27286
340 27287
90 27288
147 27289
462 27290
986 27291
1000 27292
964 27293
858 27294
159 27295
659 27296
834 27297
346 27298
600 27299
259 27300
938 27301
356 27302
357 27303
549 27304
322 27305
108 27306
797 27307
699 27308
689 27309
69 27310
385 27311
955 27312
643 27313
494 27314
348 27315
37 27316
835 27317
22 27318
717 27319
308 27320
134 27321
662 27322
561 27323
183 27324
644 27325
999 27326
726 27327
184 27328
104 27329
447 27330
877 27331
734 27332
539 27333
118 27334
547 27335
271 27336
557 27337
113 27338
222 27339
663 27340
616 27341
939 27342
589 27343
950 27344
936 27345
951 27346
269 27347
287 27348
996 27349
219 27350
652 27351
64 27352
975 27353
860 27354
733 27355
291 27356
136 27357
96 27358
478 27359
491 27360
483 27361
935 27362
610 27363
353 27364
976 27365
747 27366
363 27367
224 27368
222 27369
25 27370
94 27371
8 27372
73 27373
613 27374
626 27375
244 27376
240 27377
728 27378
14 27379
302 27380
689 27381
966 27382
389 27383
798 27384
716 27385
485 27386
993 27387
666 27388
457 27389
218 27390
361 27391
672 27392
623 27393
97 27394
620 27395
928 27396
98 27397
433 27398
193 27399
52 27400
549 27401
419 27402
748 27403
958 27404
260 27405
816 27406
50 27407
958 27408
531 27409
874 27410
569 27411
167 27412
902 27413
493 27414
356 27415
260 27416
899 27417
886 27418
154 27419
750 27420
797 27421
208 27422
168 27423
567 27424
937 27425
135 27426
779 27427
250 27428
109 27429
259 27430
534 27431
475 27432
716 27433
529 27434
753 27435
114 27436
914 27437
915 27438
699 27439
504 27440
138 27441
305 27442
77 27443
867 27444
894 27445
577 27446
947 27447
562 27448
897 27449
87 27450
587 27451
42 27452
708 27453
386 27454
854 27455
388 27456
92 27457
466 27458
311 27459
866 27460
108 27461
719 27462
716 27463
165 27464
727 27465
452 27466
442 27467
51 27468
110 27469
83 27470
84 27471
960 27472
733 27473
179 27474
798 27475
450 27476
72 27477
285 27478
352 27479
429 27480
51 27481
563 27482
683 27483
825 27484
839 27485
10 27486
932 27487
418 27488
260 27489
886 27490
66 27491
271 27492
285 27493
248 27494
109 27495
314 27496
282 27497
239 27498
903 27499
537 27500
591 27501
800 27502
294 27503
939 27504
912 27505
879 27506
49 27507
826 27508
277 27509
432 27510
924 27511
432 27512
405 27513
601 27514
21 27515
889 27516
523 27517
639 27518
981 27519
8 27520
489 27521
435 27522
782 27523
922 27524
455 27525
875 27526
373 27527
3 27528
990 27529
367 27530
205 27531
145 27532
251 27533
664 27534
7 27535
453 27536
239 27537
840 27538
151 27539
471 27540
168 27541
332 27542
647 27543
250 27544
311 27545
804 27546
381 27547
530 27548
357 27549
618 27550
487 27551
203 27552
389 27553
643 27554
532 27555
742 27556
406 27557
227 27558
217 27559
259 27560
968 27561
494 27562
409 27563
960 27564
88 27565
431 27566
125 27567
466 27568
33 27569
929 27570
590 27571
71 27572
739 27573
431 27574
334 27575
643 27576
781 27577
548 27578
325 27579
626 27580
86 27581
560 27582
968 27583
216 27584
786 27585
331 27586
862 27587
49 27588
898 27589
72 27590
84 27591
905 27592
920 27593
90 27594
723 27595
852 27596
345 27597
91 27598
717 27599
550 27600
260 27601
810 27602
246 27603
726 27604
371 27605
848 27606
372 27607
542 27608
522 27609
361 27610
141 27611
30 27612
196 27613
21 27614
694 27615
220 27616
127 27617
603 27618
352 27619
360 27620
285 27621
297 27622
841 27623
748 27624
780 27625
902 27626
641 27627
114 27628
135 27629
308 27630
559 27631
75 27632
445 27633
451 27634
594 27635
955 27636
366 27637
389 27638
360 27639
275 27640
986 27641
327 27642
884 27643
193 27644
248 27645
500 27646
133 27647
316 27648
717 27649
248 27650
188 27651
629 27652
661 27653
248 27654
704 27655
713 27656
452 27657
329 27658
919 27659
76 27660
127 27661
342 27662
186 27663
904 27664
604 27665
943 27666
269 27667
760 27668
780 27669
138 27670
78 27671
481 27672
565 27673
731 27674
651 27675
312 27676
220 27677
303 27678
852 27679
128 27680
220 27681
75 27682
494 27683
566 27684
700 27685
5 27686
171 27687
786 27688
861 27689
716 27690
422 27691
288 27692
224 27693
167 27694
427 27695
960 27696
146 27697
158 27698
705 27699
859 27700
936 27701
117 27702
641 27703
867 27704
261 27705
604 27706
326 27707
995 27708
98 27709
85 27710
188 27711
518 27712
962 27713
667 27714
992 27715
683 27716
775 27717
339 27718
731 27719
239 27720
26 27721
470 27722
481 27723
895 27724
133 27725
602 27726
248 27727
712 27728
871 27729
876 27730
940 27731
179 27732
137 27733
667 27734
991 27735
718 27736
672 27737
923 27738
318 27739
920 27740
755 27741
260 27742
64 27743
496 27744
375 27745
210 27746
583 27747
829 27748
680 27749
293 27750
610 27751
293 27752
545 27753
928 27754
174 27755
144 27756
190 27757
261 27758
786 27759
651 27760
331 27761
294 27762
982 27763
261 27764
691 27765
227 27766
1 27767
533 27768
424 27769
790 27770
75 27771
715 27772
887 27773
864 27774
43 27775
351 27776
48 27777
201 27778
759 27779
110 27780
345 27781
829 27782
906 27783
713 27784
217 27785
280 27786
374 27787
362 27788
634 27789
35 27790
445 27791
107 27792
143 27793
625 27794
854 27795
527 27796
284 27797
561 27798
591 27799
697 27800
439 27801
173 27802
301 27803
993 27804
615 27805
185 27806
256 27807
730 27808
688 27809
957 27810
7 27811
773 27812
896 27813
615 27814
224 27815
903 27816
520 27817
601 27818
139 27819
209 27820
352 27821
404 27822
374 27823
391 27824
77 27825
763 27826
71 27827
564 27828
972 27829
155 27830
480 27831
292 27832
601 27833
977 27834
529 27835
194 27836
108 27837
699 27838
712 27839
898 27840
701 27841
593 27842
380 27843
294 27844
349 27845
245 27846
159 27847
89 27848
234 27849
722 27850
950 27851
809 27852
216 27853
202 27854
848 27855
688 27856
796 27857
335 27858
25 27859
786 27860
538 27861
611 27862
501 27863
251 27864
681 27865
781 27866
324 27867
513 27868
376 27869
947 27870
956 27871
628 27872
387 27873
81 27874
858 27875
99 27876
886 27877
205 27878
436 27879
352 27880
842 27881
634 27882
362 27883
167 27884
577 27885
62 27886
508 27887
753 27888
661 27889
176 27890
806 27891
807 27892
173 27893
467 27894
335 27895
65 27896
67 27897
935 27898
961 27899
511 27900
385 27901
75 27902
290 27903
462 27904
770 27905
873 27906
575 27907
25 27908
869 27909
931 27910
112 27911
18 27912
473 27913
141 27914
561 27915
428 27916
315 27917
170 27918
141 27919
595 27920
995 27921
294 27922
42 27923
90 27924
607 27925
956 27926
985 27927
576 27928
402 27929
936 27930
554 27931
171 27932
370 27933
46 27934
986 27935
163 27936
824 27937
45 27938
996 27939
345 27940
838 27941
367 27942
716 27943
195 27944
307 27945
774 27946
790 27947
355 27948
825 27949
362 27950
202 27951
251 27952
674 27953
92 27954
288 27955
473 27956
211 27957
372 27958
264 27959
833 27960
77 27961
170 27962
810 27963
552 27964
741 27965
34 27966
25 27967
784 27968
69 27969
82 27970
473 27971
928 27972
113 27973
269 27974
355 27975
316 27976
556 27977
43 27978
863 27979
235 27980
691 27981
82 27982
491 27983
413 27984
203 27985
466 27986
133 27987
150 27988
830 27989
827 27990
358 27991
898 27992
816 27993
60 27994
955 27995
126 27996
59 27997
612 27998
47 27999
524 28000
713 28001
276 28002
459 28003
643 28004
564 28005
149 28006
464 28007
534 28008
583 28009
160 28010
437 28011
671 28012
343 28013
636 28014
348 28015
782 28016
263 28017
648 28018
655 28019
812 28020
832 28021
308 28022
984 28023
292 28024
565 28025
673 28026
131 28027
938 28028
733 28029
174 28030
621 28031
16 28032
17 28033
313 28034
469 28035
682 28036
8 28037
283 28038
210 28039
610 28040
924 28041
590 28042
348 28043
522 28044
317 28045
50 28046
327 28047
599 28048
122 28049
285 28050
225 28051
988 28052
78 28053
599 28054
244 28055
135 28056
799 28057
889 28058
347 28059
796 28060
505 28061
958 28062
643 28063
5 28064
153 28065
387 28066
70 28067
684 28068
241 28069
16 28070
705 28071
531 28072
840 28073
804 28074
163 28075
320 28076
439 28077
79 28078
353 28079
536 28080
264 28081
22 28082
195 28083
223 28084
1000 28085
612 28086
339 28087
121 28088
690 28089
313 28090
533 28091
393 28092
675 28093
64 28094
38 28095
826 28096
291 28097
762 28098
914 28099
711 28100
384 28101
222 28102
257 28103
381 28104
86 28105
781 28106
843 28107
206 28108
282 28109
773 28110
37 28111
815 28112
42 28113
124 28114
546 28115
460 28116
444 28117
302 28118
116 28119
231 28120
140 28121
97 28122
831 28123
853 28124
891 28125
507 28126
96 28127
37 28128
973 28129
145 28130
95 28131
401 28132
353 28133
957 28134
822 28135
476 28136
394 28137
616 28138
641 28139
968 28140
463 28141
401 28142
894 28143
355 28144
891 28145
827 28146
867 28147
392 28148
864 28149
501 28150
949 28151
733 28152
142 28153
719 28154
968 28155
348 28156
829 28157
341 28158
611 28159
275 28160
193 28161
459 28162
530 28163
36 28164
408 28165
514 28166
998 28167
719 28168
148 28169
34 28170
905 28171
318 28172
453 28173
102 28174
446 28175
862 28176
912 28177
566 28178
633 28179
954 28180
935 28181
946 28182
104 28183
199 28184
181 28185
913 28186
615 28187
876 28188
866 28189
366 28190
417 28191
986 28192
686 28193
606 28194
256 28195
872 28196
156 28197
984 28198
794 28199
930 28200
54 28201
297 28202
923 28203
562 28204
549 28205
700 28206
107 28207
744 28208
471 28209
89 28210
449 28211
439 28212
125 28213
674 28214
338 28215
440 28216
437 28217
422 28218
257 28219
468 28220
328 28221
300 28222
476 28223
967 28224
464 28225
720 28226
961 28227
965 28228
913 28229
890 28230
585 28231
979 28232
295 28233
13 28234
267 28235
166 28236
689 28237
592 28238
601 28239
893 28240
746 28241
213 28242
964 28243
587 28244
958 28245
301 28246
357 28247
780 28248
115 28249
989 28250
658 28251
811 28252
285 28253
29 28254
903 28255
947 28256
223 28257
679 28258
25 28259
20 28260
957 28261
772 28262
306 28263
253 28264
943 28265
615 28266
904 28267
191 28268
708 28269
913 28270
112 28271
228 28272
363 28273
236 28274
249 28275
354 28276
800 28277
214 28278
838 28279
617 28280
310 28281
805 28282
725 28283
366 28284
94 28285
648 28286
240 28287
867 28288
348 28289
524 28290
243 28291
833 28292
993 28293
213 28294
673 28295
531 28296
347 28297
252 28298
106 28299
674 28300
208 28301
536 28302
674 28303
118 28304
149 28305
264 28306
65 28307
833 28308
832 28309
365 28310
675 28311
291 28312
366 28313
634 28314
705 28315
364 28316
643 28317
23 28318
677 28319
578 28320
660 28321
791 28322
688 28323
194 28324
515 28325
523 28326
824 28327
748 28328
192 28329
646 28330
342 28331
544 28332
301 28333
128 28334
227 28335
436 28336
719 28337
784 28338
326 28339
374 28340
400 28341
697 28342
690 28343
109 28344
434 28345
634 28346
224 28347
515 28348
290 28349
508 28350
67 28351
789 28352
374 28353
613 28354
304 28355
849 28356
514 28357
492 28358
432 28359
114 28360
924 28361
807 28362
388 28363
822 28364
886 28365
184 28366
68 28367
932 28368
948 28369
982 28370
898 28371
14 28372
334 28373
718 28374
176 28375
222 28376
176 28377
212 28378
198 28379
607 28380
168 28381
15 28382
914 28383
66 28384
650 28385
168 28386
984 28387
224 28388
188 28389
498 28390
762 28391
512 28392
464 28393
805 28394
746 28395
641 28396
917 28397
727 28398
730 28399
96 28400
987 28401
126 28402
349 28403
904 28404
378 28405
227 28406
115 28407
720 28408
370 28409
693 28410
626 28411
256 28412
400 28413
75 28414
905 28415
968 28416
879 28417
457 28418
736 28419
98 28420
184 28421
688 28422
732 28423
412 28424
847 28425
614 28426
900 28427
138 28428
479 28429
385 28430
801 28431
28 28432
685 28433
503 28434
75 28435
177 28436
610 28437
368 28438
40 28439
904 28440
282 28441
881 28442
19 28443
877 28444
947 28445
521 28446
284 28447
683 28448
348 28449
257 28450
249 28451
702 28452
904 28453
584 28454
777 28455
742 28456
853 28457
541 28458
665 28459
589 28460
562 28461
247 28462
596 28463
159 28464
25 28465
275 28466
359 28467
552 28468
257 28469
363 28470
830 28471
18 28472
783 28473
175 28474
4 28475
108 28476
399 28477
26 28478
108 28479
397 28480
38 28481
24 28482
820 28483
753 28484
794 28485
665 28486
199 28487
59 28488
406 28489
655 28490
311 28491
767 28492
35 28493
771 28494
353 28495
768 28496
756 28497
377 28498
666 28499
597 28500
955 28501
226 28502
436 28503
813 28504
83 28505
434 28506
148 28507
944 28508
86 28509
373 28510
576 28511
493 28512
156 28513
162 28514
479 28515
207 28516
440 28517
748 28518
880 28519
226 28520
385 28521
603 28522
902 28523
122 28524
933 28525
715 28526
143 28527
32 28528
792 28529
281 28530
667 28531
878 28532
74 28533
655 28534
113 28535
766 28536
919 28537
225 28538
109 28539
414 28540
327 28541
146 28542
373 28543
616 28544
678 28545
782 28546
43 28547
696 28548
153 28549
522 28550
745 28551
886 28552
190 28553
349 28554
891 28555
26 28556
424 28557
777 28558
374 28559
725 28560
280 28561
911 28562
985 28563
313 28564
686 28565
479 28566
970 28567
865 28568
469 28569
741 28570
830 28571
958 28572
786 28573
359 28574
699 28575
741 28576
759 28577
299 28578
486 28579
756 28580
131 28581
732 28582
50 28583
569 28584
196 28585
137 28586
679 28587
448 28588
889 28589
736 28590
625 28591
989 28592
394 28593
439 28594
12 28595
601 28596
911 28597
717 28598
16 28599
1 28600
296 28601
708 28602
467 28603
981 28604
560 28605
321 28606
595 28607
983 28608
948 28609
38 28610
585 28611
310 28612
500 28613
159 28614
83 28615
201 28616
246 28617
478 28618
417 28619
73 28620
267 28621
960 28622
52 28623
462 28624
781 28625
418 28626
745 28627
387 28628
386 28629
837 28630
442 28631
913 28632
654 28633
92 28634
842 28635
344 28636
72 28637
686 28638
953 28639
406 28640
748 28641
796 28642
123 28643
606 28644
196 28645
883 28646
711 28647
506 28648
185 28649
311 28650
361 28651
728 28652
308 28653
197 28654
42 28655
694 28656
549 28657
388 28658
470 28659
384 28660
741 28661
794 28662
813 28663
566 28664
672 28665
693 28666
606 28667
131 28668
39 28669
613 28670
510 28671
964 28672
668 28673
585 28674
809 28675
580 28676
608 28677
390 28678
647 28679
942 28680
92 28681
625 28682
843 28683
436 28684
160 28685
626 28686
423 28687
512 28688
250 28689
125 28690
32 28691
852 28692
170 28693
754 28694
370 28695
43 28696
830 28697
276 28698
527 28699
764 28700
258 28701
576 28702
775 28703
442 28704
945 28705
240 28706
69 28707
55 28708
983 28709
504 28710
992 28711
471 28712
742 28713
371 28714
390 28715
751 28716
835 28717
334 28718
876 28719
260 28720
834 28721
906 28722
110 28723
522 28724
413 28725
68 28726
694 28727
551 28728
376 28729
861 28730
208 28731
776 28732
319 28733
873 28734
92 28735
819 28736
689 28737
724 28738
525 28739
627 28740
847 28741
866 28742
79 28743
647 28744
164 28745
395 28746
429 28747
106 28748
480 28749
115 28750
824 28751
549 28752
435 28753
428 28754
905 28755
202 28756
530 28757
1 28758
179 28759
149 28760
274 28761
443 28762
215 28763
125 28764
394 28765
517 28766
158 28767
867 28768
149 28769
566 28770
485 28771
669 28772
790 28773
904 28774
158 28775
92 28776
294 28777
41 28778
718 28779
286 28780
864 28781
104 28782
242 28783
241 28784
320 28785
485 28786
782 28787
488 28788
72 28789
410 28790
345 28791
956 28792
897 28793
881 28794
290 28795
966 28796
177 28797
612 28798
828 28799
537 28800
682 28801
713 28802
497 28803
332 28804
414 28805
939 28806
277 28807
856 28808
119 28809
475 28810
156 28811
467 28812
400 28813
320 28814
85 28815
679 28816
953 28817
505 28818
109 28819
834 28820
250 28821
307 28822
451 28823
204 28824
871 28825
278 28826
253 28827
109 28828
266 28829
100 28830
831 28831
847 28832
560 28833
839 28834
120 28835
283 28836
117 28837
915 28838
773 28839
929 28840
63 28841
328 28842
6 28843
743 28844
372 28845
118 28846
312 28847
639 28848
122 28849
992 28850
256 28851
730 28852
229 28853
312 28854
188 28855
341 28856
940 28857
997 28858
534 28859
698 28860
417 28861
180 28862
487 28863
512 28864
523 28865
415 28866
10 28867
672 28868
302 28869
334 28870
74 28871
14 28872
605 28873
147 28874
682 28875
733 28876
560 28877
311 28878
389 28879
994 28880
935 28881
962 28882
599 28883
112 28884
806 28885
240 28886
306 28887
261 28888
318 28889
299 28890
699 28891
49 28892
895 28893
594 28894
218 28895
138 28896
517 28897
543 28898
202 28899
605 28900
58 28901
793 28902
868 28903
823 28904
103 28905
148 28906
415 28907
770 28908
559 28909
311 28910
932 28911
456 28912
756 28913
116 28914
482 28915
136 28916
626 28917
651 28918
885 28919
991 28920
525 28921
332 28922
991 28923
185 28924
477 28925
763 28926
631 28927
255 28928
709 28929
170 28930
776 28931
141 28932
658 28933
439 28934
38 28935
315 28936
191 28937
105 28938
197 28939
295 28940
633 28941
841 28942
920 28943
593 28944
725 28945
953 28946
32 28947
158 28948
655 28949
796 28950
708 28951
701 28952
822 28953
595 28954
192 28955
172 28956
862 28957
298 28958
571 28959
814 28960
972 28961
903 28962
631 28963
142 28964
380 28965
507 28966
212 28967
706 28968
400 28969
701 28970
770 28971
754 28972
169 28973
878 28974
910 28975
118 28976
998 28977
147 28978
571 28979
938 28980
449 28981
107 28982
12 28983
586 28984
552 28985
519 28986
744 28987
118 28988
417 28989
506 28990
195 28991
173 28992
496 28993
232 28994
782 28995
93 28996
302 28997
77 28998
302 28999
202 29000
322 29001
135 29002
711 29003
373 29004
524 29005
637 29006
910 29007
976 29008
589 29009
413 29010
135 29011
756 29012
487 29013
195 29014
119 29015
619 29016
524 29017
627 29018
252 29019
135 29020
460 29021
945 29022
366 29023
115 29024
414 29025
887 29026
420 29027
913 29028
262 29029
768 29030
187 29031
519 29032
678 29033
674 29034
740 29035
367 29036
296 29037
140 29038
919 29039
940 29040
111 29041
663 29042
567 29043
19 29044
702 29045
383 29046
763 29047
333 29048
937 29049
350 29050
899 29051
108 29052
538 29053
836 29054
912 29055
723 29056
193 29057
40 29058
24 29059
90 29060
105 29061
23 29062
506 29063
950 29064
720 29065
671 29066
498 29067
525 29068
638 29069
351 29070
450 29071
34 29072
709 29073
649 29074
216 29075
737 29076
361 29077
247 29078
598 29079
449 29080
526 29081
160 29082
766 29083
405 29084
656 29085
771 29086
11 29087
478 29088
58 29089
761 29090
2 29091
945 29092
697 29093
345 29094
821 29095
311 29096
486 29097
236 29098
142 29099
932 29100
177 29101
512 29102
581 29103
894 29104
954 29105
549 29106
723 29107
153 29108
759 29109
172 29110
677 29111
660 29112
774 29113
546 29114
107 29115
928 29116
881 29117
766 29118
13 29119
550 29120
959 29121
842 29122
621 29123
525 29124
748 29125
412 29126
952 29127
929 29128
770 29129
273 29130
826 29131
408 29132
40 29133
788 29134
835 29135
326 29136
970 29137
839 29138
456 29139
341 29140
869 29141
158 29142
39 29143
596 29144
334 29145
327 29146
61 29147
642 29148
21 29149
438 29150
208 29151
233 29152
371 29153
334 29154
644 29155
939 29156
792 29157
879 29158
437 29159
334 29160
826 29161
262 29162
980 29163
147 29164
282 29165
594 29166
464 29167
12 29168
979 29169
344 29170
407 29171
965 29172
623 29173
221 29174
499 29175
365 29176
153 29177
776 29178
582 29179
843 29180
785 29181
359 29182
615 29183
596 29184
708 29185
396 29186
952 29187
94 29188
598 29189
727 29190
680 29191
188 29192
12 29193
589 29194
48 29195
199 29196
587 29197
252 29198
735 29199
424 29200
295 29201
562 29202
197 29203
818 29204
379 29205
239 29206
846 29207
641 29208
560 29209
233 29210
987 29211
387 29212
380 29213
82 29214
878 29215
504 29216
86 29217
977 29218
765 29219
754 29220
852 29221
683 29222
183 29223
16 29224
63 29225
5 29226
22 29227
998 29228
416 29229
420 29230
253 29231
56 29232
943 29233
402 29234
789 29235
384 29236
534 29237
972 29238
683 29239
451 29240
383 29241
667 29242
474 29243
301 29244
997 29245
792 29246
206 29247
361 29248
738 29249
26 29250
754 29251
92 29252
983 29253
822 29254
58 29255
496 29256
383 29257
51 29258
463 29259
158 29260
832 29261
133 29262
461 29263
692 29264
373 29265
174 29266
960 29267
806 29268
167 29269
656 29270
20 29271
802 29272
775 29273
611 29274
193 29275
277 29276
442 29277
581 29278
263 29279
732 29280
130 29281
40 29282
726 29283
544 29284
875 29285
153 29286
731 29287
939 29288
543 29289
768 29290
370 29291
79 29292
518 29293
954 29294
901 29295
944 29296
465 29297
163 29298
123 29299
531 29300
224 29301
483 29302
807 29303
731 29304
269 29305
922 29306
759 29307
204 29308
730 29309
133 29310
784 29311
661 29312
593 29313
94 29314
170 29315
926 29316
414 29317
977 29318
194 29319
210 29320
122 29321
775 29322
858 29323
973 29324
332 29325
880 29326
500 29327
742 29328
389 29329
627 29330
421 29331
706 29332
407 29333
62 29334
398 29335
36 29336
442 29337
747 29338
70 29339
7 29340
939 29341
628 29342
517 29343
729 29344
185 29345
352 29346
574 29347
467 29348
521 29349
774 29350
510 29351
330 29352
373 29353
291 29354
165 29355
427 29356
573 29357
424 29358
536 29359
152 29360
940 29361
581 29362
875 29363
403 29364
598 29365
719 29366
35 29367
829 29368
467 29369
261 29370
51 29371
448 29372
608 29373
836 29374
953 29375
344 29376
456 29377
166 29378
225 29379
586 29380
997 29381
368 29382
252 29383
937 29384
358 29385
983 29386
876 29387
738 29388
438 29389
12 29390
254 29391
658 29392
298 29393
880 29394
339 29395
190 29396
619 29397
145 29398
268 29399
183 29400
458 29401
552 29402
5 29403
224 29404
266 29405
529 29406
365 29407
424 29408
308 29409
999 29410
292 29411
489 29412
99 29413
352 29414
205 29415
196 29416
355 29417
791 29418
17 29419
942 29420
598 29421
434 29422
45 29423
968 29424
526 29425
268 29426
495 29427
248 29428
844 29429
243 29430
507 29431
621 29432
122 29433
712 29434
506 29435
192 29436
546 29437
497 29438
198 29439
737 29440
314 29441
202 29442
419 29443
111 29444
983 29445
369 29446
430 29447
191 29448
414 29449
241 29450
506 29451
576 29452
306 29453
292 29454
735 29455
271 29456
197 29457
111 29458
563 29459
552 29460
757 29461
180 29462
156 29463
344 29464
514 29465
763 29466
411 29467
771 29468
874 29469
705 29470
3 29471
199 29472
645 29473
240 29474
723 29475
782 29476
773 29477
728 29478
767 29479
644 29480
661 29481
384 29482
981 29483
690 29484
951 29485
413 29486
61 29487
592 29488
587 29489
162 29490
170 29491
474 29492
796 29493
897 29494
156 29495
605 29496
714 29497
793 29498
209 29499
901 29500
19 29501
304 29502
452 29503
519 29504
890 29505
729 29506
721 29507
718 29508
684 29509
55 29510
368 29511
56 29512
567 29513
505 29514
685 29515
527 29516
172 29517
23 29518
89 29519
670 29520
82 29521
324 29522
336 29523
154 29524
594 29525
121 29526
805 29527
890 29528
944 29529
460 29530
252 29531
560 29532
735 29533
321 29534
463 29535
505 29536
831 29537
750 29538
624 29539
1 29540
522 29541
428 29542
371 29543
942 29544
801 29545
407 29546
830 29547
877 29548
33 29549
158 29550
450 29551
304 29552
185 29553
229 29554
94 29555
576 29556
287 29557
821 29558
747 29559
168 29560
660 29561
227 29562
128 29563
208 29564
383 29565
661 29566
500 29567
871 29568
892 29569
984 29570
753 29571
40 29572
965 29573
900 29574
972 29575
312 29576
678 29577
682 29578
465 29579
268 29580
836 29581
401 29582
428 29583
363 29584
48 29585
80 29586
302 29587
865 29588
344 29589
83 29590
695 29591
645 29592
985 29593
950 29594
400 29595
225 29596
114 29597
857 29598
910 29599
358 29600
48 29601
823 29602
672 29603
625 29604
805 29605
977 29606
371 29607
121 29608
236 29609
407 29610
483 29611
889 29612
16 29613
377 29614
652 29615
266 29616
14 29617
816 29618
184 29619
974 29620
736 29621
645 29622
669 29623
682 29624
338 29625
262 29626
571 29627
100 29628
267 29629
618 29630
175 29631
458 29632
288 29633
25 29634
567 29635
247 29636
636 29637
522 29638
173 29639
4 29640
883 29641
233 29642
489 29643
351 29644
142 29645
499 29646
200 29647
623 29648
606 29649
298 29650
568 29651
623 29652
49 29653
551 29654
535 29655
103 29656
230 29657
990 29658
342 29659
881 29660
63 29661
655 29662
594 29663
866 29664
333 29665
890 29666
501 29667
918 29668
493 29669
520 29670
296 29671
510 29672
487 29673
416 29674
194 29675
322 29676
375 29677
248 29678
505 29679
3 29680
449 29681
770 29682
495 29683
947 29684
256 29685
443 29686
876 29687
799 29688
334 29689
978 29690
212 29691
269 29692
983 29693
645 29694
118 29695
41 29696
776 29697
94 29698
128 29699
352 29700
935 29701
448 29702
99 29703
684 29704
401 29705
504 29706
421 29707
819 29708
237 29709
250 29710
735 29711
553 29712
304 29713
639 29714
930 29715
157 29716
639 29717
267 29718
505 29719
976 29720
780 29721
834 29722
707 29723
979 29724
674 29725
563 29726
960 29727
100 29728
751 29729
728 29730
862 29731
877 29732
13 29733
927 29734
968 29735
714 29736
851 29737
666 29738
747 29739
564 29740
908 29741
986 29742
967 29743
501 29744
846 29745
820 29746
972 29747
397 29748
786 29749
500 29750
199 29751
595 29752
665 29753
249 29754
282 29755
598 29756
701 29757
374 29758
256 29759
562 29760
61 29761
439 29762
657 29763
906 29764
451 29765
550 29766
11 29767
470 29768
713 29769
826 29770
354 29771
57 29772
383 29773
961 29774
327 29775
391 29776
414 29777
146 29778
536 29779
86 29780
864 29781
348 29782
120 29783
894 29784
373 29785
631 29786
504 29787
17 29788
521 29789
919 29790
122 29791
4 29792
411 29793
832 29794
509 29795
269 29796
685 29797
749 29798
73 29799
694 29800
458 29801
597 29802
572 29803
497 29804
82 29805
143 29806
637 29807
353 29808
607 29809
533 29810
540 29811
586 29812
963 29813
457 29814
516 29815
333 29816
955 29817
330 29818
928 29819
857 29820
856 29821
856 29822
491 29823
632 29824
102 29825
354 29826
678 29827
416 29828
346 29829
708 29830
950 29831
662 29832
49 29833
89 29834
470 29835
548 29836
340 29837
330 29838
349 29839
650 29840
343 29841
30 29842
252 29843
740 29844
392 29845
903 29846
230 29847
986 29848
720 29849
931 29850
985 29851
744 29852
645 29853
731 29854
649 29855
232 29856
128 29857
417 29858
615 29859
144 29860
121 29861
385 29862
558 29863
900 29864
823 29865
920 29866
483 29867
671 29868
964 29869
811 29870
460 29871
131 29872
744 29873
830 29874
981 29875
449 29876
768 29877
226 29878
413 29879
677 29880
900 29881
387 29882
445 29883
858 29884
531 29885
732 29886
290 29887
921 29888
675 29889
532 29890
739 29891
718 29892
637 29893
188 29894
44 29895
266 29896
430 29897
298 29898
336 29899
779 29900
187 29901
664 29902
261 29903
165 29904
781 29905
709 29906
774 29907
559 29908
405 29909
968 29910
350 29911
710 29912
85 29913
41 29914
825 29915
511 29916
231 29917
250 29918
84 29919
598 29920
904 29921
833 29922
57 29923
883 29924
768 29925
486 29926
830 29927
680 29928
49 29929
902 29930
579 29931
365 29932
767 29933
829 29934
716 29935
425 29936
87 29937
130 29938
758 29939
963 29940
14 29941
549 29942
66 29943
742 29944
253 29945
861 29946
194 29947
359 29948
387 29949
298 29950
91 29951
302 29952
84 29953
323 29954
283 29955
677 29956
668 29957
60 29958
115 29959
580 29960
723 29961
676 29962
171 29963
537 29964
797 29965
5 29966
565 29967
80 29968
636 29969
299 29970
408 29971
708 29972
774 29973
817 29974
445 29975
850 29976
856 29977
392 29978
365 29979
437 29980
945 29981
839 29982
950 29983
11 29984
196 29985
40 29986
360 29987
677 29988
42 29989
827 29990
63 29991
852 29992
802 29993
909 29994
248 29995
96 29996
748 29997
147 29998
629 29999
619 30000
788 30001
793 30002
292 30003
669 30004
530 30005
555 30006
443 30007
285 30008
270 30009
155 30010
274 30011
21 30012
825 30013
200 30014
951 30015
357 30016
52 30017
669 30018
742 30019
199 30020
927 30021
572 30022
268 30023
251 30024
645 30025
717 30026
30 30027
363 30028
734 30029
796 30030
39 30031
522 30032
894 30033
19 30034
193 30035
118 30036
465 30037
845 30038
949 30039
877 30040
427 30041
918 30042
200 30043
694 30044
809 30045
618 30046
212 30047
316 30048
373 30049
771 30050
109 30051
796 30052
419 30053
339 30054
212 30055
373 30056
177 30057
279 30058
442 30059
172 30060
167 30061
209 30062
354 30063
992 30064
50 30065
402 30066
305 30067
126 30068
524 30069
701 30070
955 30071
300 30072
721 30073
301 30074
330 30075
710 30076
247 30077
605 30078
820 30079
102 30080
598 30081
813 30082
604 30083
321 30084
730 30085
152 30086
826 30087
92 30088
849 30089
964 30090
624 30091
408 30092
683 30093
487 30094
441 30095
192 30096
931 30097
524 30098
659 30099
698 30100
589 30101
413 30102
206 30103
449 30104
743 30105
930 30106
948 30107
696 30108
57 30109
927 30110
42 30111
646 30112
737 30113
986 30114
759 30115
795 30116
66 30117
318 30118
132 30119
840 30120
702 30121
950 30122
323 30123
301 30124
709 30125
100 30126
321 30127
130 30128
870 30129
706 30130
65 30131
485 30132
162 30133
530 30134
751 30135
990 30136
845 30137
396 30138
940 30139
626 30140
342 30141
478 30142
174 30143
529 30144
60 30145
692 30146
849 30147
440 30148
122 30149
522 30150
201 30151
576 30152
768 30153
158 30154
524 30155
960 30156
907 30157
351 30158
2 30159
337 30160
989 30161
971 30162
259 30163
113 30164
994 30165
931 30166
270 30167
27 30168
555 30169
685 30170
881 30171
47 30172
217 30173
680 30174
965 30175
845 30176
736 30177
123 30178
479 30179
484 30180
821 30181
660 30182
162 30183
164 30184
35 30185
765 30186
100 30187
42 30188
453 30189
628 30190
627 30191
521 30192
53 30193
640 30194
548 30195
263 30196
626 30197
615 30198
278 30199
332 30200
822 30201
587 30202
137 30203
370 30204
938 30205
198 30206
584 30207
379 30208
382 30209
525 30210
295 30211
261 30212
526 30213
812 30214
995 30215
160 30216
116 30217
120 30218
531 30219
618 30220
909 30221
69 30222
980 30223
19 30224
766 30225
231 30226
518 30227
86 30228
355 30229
890 30230
926 30231
20 30232
786 30233
345 30234
11 30235
443 30236
161 30237
882 30238
742 30239
492 30240
452 30241
474 30242
856 30243
980 30244
929 30245
512 30246
71 30247
92 30248
419 30249
961 30250
132 30251
15 30252
37 30253
236 30254
855 30255
979 30256
435 30257
53 30258
24 30259
582 30260
641 30261
983 30262
769 30263
312 30264
395 30265
558 30266
909 30267
965 30268
144 30269
172 30270
268 30271
361 30272
183 30273
296 30274
81 30275
413 30276
438 30277
132 30278
80 30279
676 30280
676 30281
829 30282
741 30283
138 30284
18 30285
981 30286
611 30287
562 30288
770 30289
542 30290
123 30291
880 30292
330 30293
512 30294
656 30295
380 30296
797 30297
904 30298
215 30299
311 30300
974 30301
985 30302
791 30303
976 30304
997 30305
28 30306
246 30307
851 30308
609 30309
147 30310
617 30311
465 30312
543 30313
297 30314
750 30315
396 30316
928 30317
79 30318
746 30319
296 30320
655 30321
589 30322
128 30323
452 30324
813 30325
762 30326
357 30327
620 30328
888 30329
332 30330
474 30331
395 30332
479 30333
270 30334
379 30335
967 30336
22 30337
449 30338
535 30339
454 30340
837 30341
550 30342
508 30343
618 30344
410 30345
841 30346
505 30347
188 30348
140 30349
829 30350
603 30351
518 30352
135 30353
627 30354
698 30355
704 30356
314 30357
792 30358
5 30359
911 30360
572 30361
614 30362
250 30363
47 30364
76 30365
634 30366
261 30367
791 30368
989 30369
200 30370
957 30371
602 30372
199 30373
603 30374
72 30375
830 30376
98 30377
111 30378
880 30379
281 30380
364 30381
943 30382
983 30383
41 30384
765 30385
765 30386
831 30387
149 30388
838 30389
252 30390
616 30391
423 30392
978 30393
884 30394
324 30395
88 30396
770 30397
698 30398
928 30399
120 30400
48 30401
681 30402
657 30403
865 30404
311 30405
428 30406
339 30407
563 30408
774 30409
566 30410
755 30411
947 30412
999 30413
521 30414
200 30415
299 30416
177 30417
364 30418
396 30419
989 30420
551 30421
785 30422
152 30423
67 30424
288 30425
95 30426
535 30427
792 30428
160 30429
381 30430
219 30431
288 30432
714 30433
391 30434
228 30435
43 30436
866 30437
727 30438
839 30439
392 30440
855 30441
671 30442
769 30443
874 30444
856 30445
307 30446
762 30447
435 30448
135 30449
613 30450
512 30451
799 30452
682 30453
171 30454
270 30455
58 30456
374 30457
208 30458
506 30459
334 30460
588 30461
212 30462
538 30463
367 30464
274 30465
840 30466
10 30467
393 30468
660 30469
685 30470
880 30471
250 30472
354 30473
78 30474
205 30475
700 30476
913 30477
562 30478
238 30479
9 30480
67 30481
914 30482
324 30483
382 30484
990 30485
262 30486
794 30487
261 30488
300 30489
114 30490
917 30491
284 30492
467 30493
964 30494
571 30495
859 30496
416 30497
349 30498
319 30499
364 30500
837 30501
933 30502
439 30503
983 30504
310 30505
887 30506
56 30507
905 30508
976 30509
754 30510
577 30511
300 30512
709 30513
555 30514
520 30515
119 30516
458 30517
23 30518
1000 30519
460 30520
577 30521
898 30522
846 30523
606 30524
642 30525
410 30526
175 30527
168 30528
423 30529
250 30530
806 30531
286 30532
606 30533
831 30534
627 30535
376 30536
16 30537
875 30538
504 30539
470 30540
704 30541
588 30542
293 30543
805 30544
271 30545
558 30546
898 30547
970 30548
861 30549
828 30550
502 30551
397 30552
13 30553
388 30554
342 30555
874 30556
492 30557
808 30558
923 30559
357 30560
464 30561
35 30562
133 30563
507 30564
36 30565
275 30566
982 30567
380 30568
755 30569
247 30570
145 30571
783 30572
218 30573
532 30574
370 30575
215 30576
41 30577
131 30578
647 30579
246 30580
514 30581
532 30582
189 30583
21 30584
5 30585
167 30586
971 30587
992 30588
321 30589
213 30590
970 30591
834 30592
851 30593
940 30594
695 30595
419 30596
790 30597
733 30598
720 30599
695 30600
114 30601
511 30602
480 30603
760 30604
445 30605
225 30606
193 30607
982 30608
614 30609
530 30610
632 30611
347 30612
562 30613
549 30614
2 30615
456 30616
781 30617
969 30618
908 30619
405 30620
864 30621
337 30622
980 30623
542 30624
366 30625
129 30626
216 30627
388 30628
357 30629
272 30630
773 30631
231 30632
597 30633
129 30634
89 30635
346 30636
53 30637
916 30638
857 30639
506 30640
453 30641
630 30642
315 30643
273 30644
601 30645
405 30646
684 30647
680 30648
644 30649
625 30650
950 30651
160 30652
546 30653
895 30654
928 30655
231 30656
998 30657
585 30658
948 30659
261 30660
724 30661
953 30662
796 30663
169 30664
278 30665
158 30666
679 30667
102 30668
153 30669
110 30670
985 30671
577 30672
883 30673
874 30674
803 30675
301 30676
889 30677
444 30678
453 30679
715 30680
831 30681
965 30682
952 30683
624 30684
181 30685
561 30686
626 30687
968 30688
52 30689
917 30690
330 30691
458 30692
65 30693
83 30694
151 30695
515 30696
285 30697
402 30698
167 30699
6 30700
634 30701
183 30702
818 30703
643 30704
561 30705
688 30706
437 30707
937 30708
329 30709
205 30710
395 30711
726 30712
777 30713
488 30714
836 30715
5 30716
618 30717
881 30718
968 30719
940 30720
338 30721
480 30722
106 30723
113 30724
650 30725
980 30726
542 30727
724 30728
330 30729
266 30730
916 30731
199 30732
420 30733
388 30734
529 30735
201 30736
16 30737
286 30738
740 30739
583 30740
513 30741
575 30742
815 30743
54 30744
927 30745
183 30746
472 30747
1000 30748
238 30749
615 30750
141 30751
220 30752
75 30753
620 30754
499 30755
446 30756
639 30757
762 30758
713 30759
378 30760
876 30761
135 30762
10 30763
181 30764
519 30765
656 30766
100 30767
927 30768
247 30769
642 30770
372 30771
224 30772
385 30773
129 30774
815 30775
12 30776
152 30777
215 30778
846 30779
839 30780
153 30781
661 30782
173 30783
497 30784
29 30785
612 30786
908 30787
860 30788
612 30789
476 30790
979 30791
268 30792
753 30793
516 30794
557 30795
745 30796
475 30797
653 30798
275 30799
237 30800
66 30801
113 30802
41 30803
649 30804
840 30805
326 30806
749 30807
596 30808
922 30809
443 30810
104 30811
202 30812
980 30813
805 30814
324 30815
672 30816
307 30817
989 30818
946 30819
699 30820
858 30821
910 30822
834 30823
524 30824
210 30825
29 30826
303 30827
384 30828
310 30829
333 30830
618 30831
318 30832
557 30833
378 30834
814 30835
115 30836
347 30837
132 30838
917 30839
590 30840
164 30841
156 30842
57 30843
44 30844
602 30845
725 30846
534 30847
5 30848
362 30849
240 30850
179 30851
123 30852
544 30853
472 30854
899 30855
474 30856
546 30857
520 30858
75 30859
443 30860
771 30861
482 30862
662 30863
881 30864
167 30865
184 30866
85 30867
635 30868
465 30869
358 30870
885 30871
705 30872
431 30873
833 30874
808 30875
226 30876
562 30877
931 30878
979 30879
711 30880
991 30881
678 30882
598 30883
102 30884
126 30885
399 30886
762 30887
108 30888
366 30889
251 30890
896 30891
986 30892
485 30893
317 30894
903 30895
468 30896
176 30897
701 30898
390 30899
444 30900
430 30901
141 30902
367 30903
717 30904
572 30905
418 30906
145 30907
95 30908
84 30909
925 30910
40 30911
616 30912
851 30913
117 30914
990 30915
932 30916
146 30917
484 30918
334 30919
396 30920
817 30921
23 30922
293 30923
280 30924
672 30925
192 30926
330 30927
655 30928
754 30929
282 30930
40 30931
279 30932
323 30933
17 30934
941 30935
699 30936
152 30937
923 30938
974 30939
176 30940
659 30941
859 30942
291 30943
717 30944
567 30945
39 30946
766 30947
367 30948
282 30949
601 30950
339 30951
600 30952
627 30953
546 30954
72 30955
973 30956
370 30957
576 30958
983 30959
387 30960
147 30961
348 30962
691 30963
551 30964
934 30965
498 30966
833 30967
782 30968
737 30969
301 30970
724 30971
114 30972
727 30973
270 30974
752 30975
475 30976
616 30977
535 30978
363 30979
400 30980
717 30981
471 30982
87 30983
795 30984
309 30985
237 30986
117 30987
162 30988
834 30989
964 30990
494 30991
807 30992
775 30993
363 30994
906 30995
392 30996
171 30997
763 30998
88 30999
431 31000
466 31001
71 31002
145 31003
728 31004
351 31005
779 31006
569 31007
82 31008
801 31009
184 31010
480 31011
206 31012
702 31013
600 31014
690 31015
322 31016
343 31017
213 31018
395 31019
826 31020
423 31021
511 31022
898 31023
380 31024
244 31025
482 31026
198 31027
649 31028
787 31029
313 31030
5 31031
977 31032
434 31033
328 31034
759 31035
658 31036
437 31037
91 31038
627 31039
283 31040
803 31041
93 31042
394 31043
940 31044
211 31045
76 31046
978 31047
822 31048
784 31049
838 31050
312 31051
268 31052
282 31053
198 31054
786 31055
398 31056
650 31057
28 31058
871 31059
181 31060
364 31061
302 31062
584 31063
927 31064
859 31065
847 31066
754 31067
162 31068
943 31069
358 31070
983 31071
155 31072
751 31073
711 31074
177 31075
32 31076
716 31077
690 31078
518 31079
447 31080
214 31081
346 31082
278 31083
890 31084
359 31085
440 31086
139 31087
637 31088
617 31089
106 31090
103 31091
450 31092
525 31093
547 31094
751 31095
730 31096
420 31097
490 31098
809 31099
493 31100
557 31101
406 31102
674 31103
805 31104
63 31105
963 31106
750 31107
988 31108
943 31109
560 31110
964 31111
886 31112
940 31113
748 31114
847 31115
251 31116
490 31117
985 31118
518 31119
190 31120
78 31121
156 31122
222 31123
135 31124
438 31125
958 31126
508 31127
771 31128
981 31129
89 31130
906 31131
4 31132
598 31133
584 31134
888 31135
180 31136
537 31137
784 31138
778 31139
577 31140
997 31141
495 31142
908 31143
416 31144
728 31145
765 31146
291 31147
37 31148
668 31149
632 31150
870 31151
181 31152
40 31153
875 31154
206 31155
923 31156
511 31157
341 31158
167 31159
298 31160
547 31161
630 31162
21 31163
772 31164
319 31165
909 31166
80 31167
228 31168
349 31169
42 31170
936 31171
302 31172
678 31173
123 31174
33 31175
54 31176
558 31177
24 31178
427 31179
615 31180
932 31181
974 31182
822 31183
686 31184
718 31185
84 31186
151 31187
866 31188
482 31189
750 31190
4 31191
660 31192
775 31193
209 31194
591 31195
258 31196
262 31197
965 31198
532 31199
625 31200
679 31201
56 31202
45 31203
442 31204
322 31205
802 31206
109 31207
884 31208
753 31209
644 31210
440 31211
732 31212
78 31213
664 31214
722 31215
68 31216
87 31217
370 31218
35 31219
291 31220
598 31221
322 31222
990 31223
427 31224
646 31225
77 31226
256 31227
44 31228
830 31229
807 31230
336 31231
883 31232
33 31233
734 31234
120 31235
179 31236
247 31237
398 31238
68 31239
354 31240
849 31241
198 31242
868 31243
13 31244
246 31245
501 31246
802 31247
181 31248
823 31249
395 31250
4 31251
972 31252
728 31253
794 31254
13 31255
604 31256
233 31257
336 31258
877 31259
305 31260
965 31261
922 31262
396 31263
660 31264
229 31265
995 31266
624 31267
429 31268
210 31269
374 31270
122 31271
151 31272
518 31273
441 31274
921 31275
488 31276
97 31277
835 31278
977 31279
19 31280
956 31281
326 31282
202 31283
440 31284
362 31285
657 31286
43 31287
816 31288
1 31289
172 31290
736 31291
1 31292
385 31293
573 31294
707 31295
268 31296
676 31297
993 31298
792 31299
546 31300
926 31301
696 31302
726 31303
63 31304
74 31305
903 31306
997 31307
690 31308
125 31309
726 31310
562 31311
544 31312
556 31313
294 31314
529 31315
299 31316
698 31317
678 31318
84 31319
939 31320
741 31321
22 31322
276 31323
396 31324
514 31325
109 31326
931 31327
346 31328
737 31329
81 31330
167 31331
125 31332
811 31333
716 31334
168 31335
109 31336
365 31337
81 31338
87 31339
49 31340
139 31341
765 31342
735 31343
172 31344
153 31345
398 31346
769 31347
636 31348
69 31349
36 31350
447 31351
956 31352
928 31353
448 31354
443 31355
904 31356
335 31357
90 31358
906 31359
380 31360
54 31361
366 31362
179 31363
547 31364
562 31365
90 31366
348 31367
604 31368
345 31369
217 31370
149 31371
990 31372
914 31373
709 31374
894 31375
478 31376
341 31377
164 31378
823 31379
150 31380
503 31381
517 31382
93 31383
826 31384
350 31385
751 31386
830 31387
580 31388
429 31389
555 31390
953 31391
345 31392
85 31393
276 31394
27 31395
637 31396
829 31397
963 31398
585 31399
664 31400
427 31401
216 31402
853 31403
238 31404
763 31405
604 31406
454 31407
906 31408
333 31409
842 31410
371 31411
24 31412
796 31413
504 31414
352 31415
644 31416
85 31417
845 31418
843 31419
41 31420
641 31421
151 31422
324 31423
50 31424
943 31425
876 31426
893 31427
54 31428
330 31429
564 31430
347 31431
605 31432
319 31433
1 31434
188 31435
521 31436
411 31437
941 31438
469 31439
878 31440
625 31441
274 31442
203 31443
301 31444
398 31445
600 31446
406 31447
839 31448
572 31449
150 31450
478 31451
100 31452
731 31453
254 31454
854 31455
492 31456
76 31457
496 31458
622 31459
813 31460
158 31461
617 31462
439 31463
458 31464
514 31465
284 31466
999 31467
174 31468
898 31469
79 31470
494 31471
257 31472
346 31473
811 31474
980 31475
623 31476
308 31477
338 31478
946 31479
975 31480
208 31481
296 31482
641 31483
748 31484
832 31485
215 31486
777 31487
627 31488
890 31489
182 31490
251 31491
934 31492
359 31493
86 31494
28 31495
477 31496
557 31497
204 31498
279 31499
921 31500
180 31501
743 31502
158 31503
370 31504
600 31505
330 31506
160 31507
218 31508
977 31509
973 31510
333 31511
269 31512
666 31513
587 31514
320 31515
115 31516
659 31517
891 31518
473 31519
23 31520
803 31521
800 31522
109 31523
170 31524
631 31525
382 31526
144 31527
116 31528
371 31529
206 31530
413 31531
890 31532
373 31533
725 31534
618 31535
140 31536
875 31537
630 31538
687 31539
939 31540
907 31541
116 31542
477 31543
716 31544
453 31545
924 31546
827 31547
43 31548
620 31549
472 31550
374 31551
261 31552
848 31553
161 31554
51 31555
980 31556
421 31557
985 31558
784 31559
889 31560
832 31561
453 31562
943 31563
208 31564
15 31565
36 31566
283 31567
945 31568
308 31569
866 31570
79 31571
339 31572
261 31573
44 31574
569 31575
678 31576
887 31577
310 31578
632 31579
277 31580
443 31581
4 31582
676 31583
215 31584
543 31585
133 31586
911 31587
508 31588
579 31589
807 31590
623 31591
878 31592
962 31593
298 31594
434 31595
477 31596
719 31597
824 31598
219 31599
650 31600
563 31601
689 31602
696 31603
545 31604
736 31605
354 31606
141 31607
710 31608
443 31609
973 31610
35 31611
345 31612
118 31613
722 31614
406 31615
582 31616
826 31617
122 31618
564 31619
188 31620
124 31621
53 31622
557 31623
833 31624
363 31625
59 31626
410 31627
299 31628
437 31629
685 31630
451 31631
686 31632
558 31633
746 31634
978 31635
194 31636
535 31637
282 31638
20 31639
878 31640
951 31641
843 31642
331 31643
773 31644
705 31645
270 31646
94 31647
527 31648
55 31649
17 31650
446 31651
188 31652
563 31653
895 31654
238 31655
314 31656
222 31657
446 31658
582 31659
505 31660
509 31661
67 31662
435 31663
715 31664
938 31665
776 31666
562 31667
292 31668
992 31669
841 31670
437 31671
744 31672
470 31673
166 31674
745 31675
618 31676
255 31677
397 31678
331 31679
756 31680
586 31681
374 31682
962 31683
779 31684
790 31685
224 31686
155 31687
697 31688
519 31689
337 31690
319 31691
430 31692
861 31693
252 31694
148 31695
70 31696
932 31697
871 31698
998 31699
329 31700
756 31701
894 31702
936 31703
658 31704
589 31705
320 31706
185 31707
703 31708
70 31709
708 31710
784 31711
641 31712
839 31713
549 31714
224 31715
928 31716
525 31717
770 31718
62 31719
575 31720
736 31721
8 31722
404 31723
282 31724
804 31725
819 31726
700 31727
800 31728
373 31729
483 31730
313 31731
583 31732
202 31733
282 31734
222 31735
258 31736
458 31737
611 31738
340 31739
552 31740
727 31741
587 31742
912 31743
579 31744
769 31745
160 31746
969 31747
107 31748
471 31749
244 31750
656 31751
181 31752
12 31753
903 31754
165 31755
297 31756
110 31757
712 31758
674 31759
348 31760
333 31761
45 31762
511 31763
382 31764
489 31765
413 31766
653 31767
125 31768
754 31769
976 31770
669 31771
865 31772
981 31773
568 31774
718 31775
2 31776
507 31777
120 31778
278 31779
481 31780
119 31781
279 31782
431 31783
889 31784
899 31785
354 31786
712 31787
866 31788
844 31789
56 31790
33 31791
649 31792
818 31793
267 31794
898 31795
662 31796
115 31797
904 31798
599 31799
640 31800
930 31801
835 31802
418 31803
804 31804
383 31805
787 31806
459 31807
106 31808
904 31809
103 31810
579 31811
704 31812
379 31813
470 31814
401 31815
209 31816
418 31817
13 31818
196 31819
199 31820
8 31821
243 31822
819 31823
857 31824
960 31825
807 31826
347 31827
750 31828
609 31829
940 31830
597 31831
61 31832
201 31833
654 31834
867 31835
542 31836
604 31837
492 31838
870 31839
70 31840
516 31841
457 31842
387 31843
63 31844
145 31845
528 31846
313 31847
410 31848
39 31849
105 31850
760 31851
145 31852
438 31853
617 31854
581 31855
695 31856
760 31857
75 31858
311 31859
313 31860
157 31861
352 31862
649 31863
529 31864
187 31865
659 31866
62 31867
696 31868
930 31869
718 31870
939 31871
919 31872
112 31873
129 31874
823 31875
611 31876
43 31877
888 31878
304 31879
84 31880
460 31881
521 31882
366 31883
146 31884
503 31885
378 31886
927 31887
883 31888
298 31889
300 31890
803 31891
29 31892
125 31893
789 31894
332 31895
322 31896
381 31897
650 31898
229 31899
986 31900
379 31901
739 31902
276 31903
274 31904
941 31905
926 31906
614 31907
777 31908
176 31909
443 31910
686 31911
654 31912
700 31913
287 31914
121 31915
7 31916
613 31917
8 31918
453 31919
803 31920
170 31921
125 31922
348 31923
780 31924
7 31925
203 31926
973 31927
803 31928
938 31929
394 31930
595 31931
890 31932
971 31933
514 31934
279 31935
922 31936
804 31937
400 31938
721 31939
834 31940
923 31941
757 31942
409 31943
908 31944
201 31945
492 31946
42 31947
928 31948
873 31949
591 31950
489 31951
207 31952
385 31953
745 31954
889 31955
130 31956
752 31957
541 31958
561 31959
775 31960
157 31961
97 31962
470 31963
187 31964
983 31965
958 31966
979 31967
455 31968
714 31969
230 31970
342 31971
606 31972
364 31973
281 31974
377 31975
475 31976
170 31977
867 31978
604 31979
8 31980
183 31981
646 31982
903 31983
328 31984
124 31985
317 31986
537 31987
585 31988
256 31989
452 31990
52 31991
229 31992
631 31993
808 31994
288 31995
866 31996
305 31997
408 31998
993 31999
95 32000
883 32001
891 32002
50 32003
45 32004
304 32005
602 32006
998 32007
243 32008
835 32009
974 32010
915 32011
685 32012
917 32013
678 32014
142 32015
916 32016
161 32017
470 32018
805 32019
55 32020
334 32021
291 32022
66 32023
980 32024
500 32025
823 32026
796 32027
899 32028
482 32029
341 32030
966 32031
288 32032
771 32033
32 32034
229 32035
217 32036
786 32037
296 32038
387 32039
729 32040
620 32041
256 32042
965 32043
989 32044
455 32045
684 32046
724 32047
716 32048
883 32049
669 32050
477 32051
465 32052
84 32053
466 32054
744 32055
219 32056
336 32057
52 32058
37 32059
532 32060
58 32061
988 32062
898 32063
74 32064
679 32065
95 32066
65 32067
317 32068
592 32069
111 32070
185 32071
307 32072
329 32073
27 32074
217 32075
807 32076
901 32077
710 32078
166 32079
807 32080
146 32081
113 32082
89 32083
401 32084
773 32085
539 32086
16 32087
789 32088
621 32089
703 32090
207 32091
581 32092
930 32093
790 32094
810 32095
913 32096
275 32097
730 32098
924 32099
540 32100
436 32101
245 32102
97 32103
979 32104
362 32105
558 32106
745 32107
7 32108
123 32109
179 32110
617 32111
379 32112
166 32113
263 32114
769 32115
553 32116
77 32117
228 32118
535 32119
592 32120
43 32121
139 32122
516 32123
140 32124
477 32125
740 32126
311 32127
266 32128
487 32129
627 32130
477 32131
282 32132
534 32133
132 32134
54 32135
92 32136
520 32137
475 32138
832 32139
826 32140
418 32141
332 32142
738 32143
440 32144
780 32145
198 32146
586 32147
759 32148
996 32149
520 32150
125 32151
894 32152
308 32153
820 32154
837 32155
819 32156
854 32157
846 32158
17 32159
598 32160
758 32161
357 32162
925 32163
428 32164
478 32165
873 32166
873 32167
939 32168
551 32169
95 32170
576 32171
926 32172
342 32173
398 32174
221 32175
80 32176
337 32177
717 32178
794 32179
590 32180
87 32181
75 32182
21 32183
811 32184
878 32185
112 32186
153 32187
354 32188
650 32189
173 32190
257 32191
769 32192
315 32193
197 32194
169 32195
846 32196
668 32197
443 32198
808 32199
721 32200
436 32201
221 32202
901 32203
89 32204
641 32205
884 32206
374 32207
87 32208
20 32209
13 32210
646 32211
915 32212
951 32213
903 32214
980 32215
911 32216
968 32217
280 32218
973 32219
84 32220
43 32221
872 32222
8 32223
685 32224
503 32225
371 32226
405 32227
195 32228
792 32229
412 32230
593 32231
983 32232
884 32233
952 32234
204 32235
782 32236
64 32237
974 32238
185 32239
494 32240
673 32241
394 32242
637 32243
844 32244
981 32245
6 32246
644 32247
801 32248
260 32249
904 32250
81 32251
535 32252
859 32253
138 32254
985 32255
667 32256
278 32257
31 32258
392 32259
24 32260
725 32261
187 32262
945 32263
629 32264
914 32265
777 32266
330 32267
371 32268
378 32269
7 32270
419 32271
365 32272
427 32273
758 32274
560 32275
183 32276
347 32277
408 32278
768 32279
665 32280
727 32281
137 32282
896 32283
499 32284
4 32285
601 32286
882 32287
563 32288
802 32289
972 32290
376 32291
168 32292
652 32293
113 32294
223 32295
817 32296
302 32297
887 32298
884 32299
789 32300
595 32301
761 32302
799 32303
763 32304
663 32305
570 32306
937 32307
421 32308
383 32309
309 32310
495 32311
238 32312
738 32313
559 32314
651 32315
261 32316
63 32317
94 32318
132 32319
119 32320
346 32321
344 32322
484 32323
709 32324
698 32325
684 32326
287 32327
692 32328
803 32329
191 32330
723 32331
516 32332
536 32333
777 32334
153 32335
137 32336
300 32337
843 32338
59 32339
921 32340
901 32341
67 32342
330 32343
840 32344
606 32345
6 32346
326 32347
816 32348
358 32349
864 32350
128 32351
521 32352
525 32353
845 32354
40 32355
271 32356
522 32357
148 32358
959 32359
741 32360
911 32361
950 32362
822 32363
408 32364
77 32365
835 32366
541 32367
726 32368
564 32369
448 32370
355 32371
167 32372
936 32373
971 32374
168 32375
101 32376
868 32377
208 32378
333 32379
519 32380
309 32381
329 32382
928 32383
227 32384
599 32385
527 32386
98 32387
858 32388
674 32389
191 32390
887 32391
929 32392
891 32393
310 32394
909 32395
969 32396
43 32397
262 32398
573 32399
418 32400
218 32401
343 32402
222 32403
922 32404
491 32405
800 32406
833 32407
786 32408
469 32409
374 32410
948 32411
969 32412
841 32413
690 32414
485 32415
645 32416
13 32417
730 32418
156 32419
408 32420
583 32421
10 32422
993 32423
691 32424
674 32425
176 32426
650 32427
167 32428
901 32429
321 32430
683 32431
94 32432
315 32433
228 32434
107 32435
822 32436
693 32437
176 32438
177 32439
494 32440
690 32441
259 32442
284 32443
90 32444
548 32445
92 32446
300 32447
867 32448
701 32449
793 32450
718 32451
69 32452
123 32453
568 32454
191 32455
860 32456
282 32457
786 32458
664 32459
41 32460
652 32461
843 32462
391 32463
944 32464
345 32465
173 32466
363 32467
760 32468
941 32469
92 32470
59 32471
253 32472
202 32473
761 32474
30 32475
903 32476
727 32477
797 32478
671 32479
343 32480
603 32481
467 32482
460 32483
88 32484
221 32485
24 32486
858 32487
713 32488
161 32489
942 32490
942 32491
681 32492
656 32493
279 32494
851 32495
883 32496
976 32497
866 32498
173 32499
437 32500
874 32501
838 32502
940 32503
458 32504
694 32505
207 32506
541 32507
297 32508
146 32509
522 32510
541 32511
527 32512
346 32513
615 32514
573 32515
941 32516
716 32517
842 32518
415 32519
958 32520
526 32521
827 32522
791 32523
560 32524
945 32525
748 32526
103 32527
346 32528
20 32529
319 32530
657 32531
5 32532
395 32533
316 32534
702 32535
88 32536
258 32537
521 32538
657 32539
43 32540
272 32541
307 32542
654 32543
542 32544
447 32545
421 32546
316 32547
188 32548
122 32549
966 32550
927 32551
878 32552
353 32553
252 32554
992 32555
496 32556
254 32557
397 32558
178 32559
90 32560
844 32561
990 32562
762 32563
622 32564
976 32565
344 32566
392 32567
483 32568
951 32569
362 32570
717 32571
861 32572
257 32573
615 32574
164 32575
327 32576
456 32577
481 32578
111 32579
64 32580
943 32581
533 32582
381 32583
268 32584
140 32585
47 32586
412 32587
863 32588
65 32589
256 32590
431 32591
97 32592
348 32593
939 32594
775 32595
32 32596
516 32597
697 32598
46 32599
310 32600
536 32601
870 32602
104 32603
232 32604
912 32605
304 32606
115 32607
878 32608
234 32609
14 32610
757 32611
893 32612
983 32613
400 32614
923 32615
323 32616
728 32617
85 32618
384 32619
345 32620
346 32621
742 32622
634 32623
871 32624
287 32625
166 32626
544 32627
876 32628
482 32629
361 32630
560 32631
32 32632
653 32633
592 32634
581 32635
793 32636
55 32637
554 32638
124 32639
572 32640
811 32641
212 32642
123 32643
342 32644
181 32645
139 32646
262 32647
367 32648
425 32649
710 32650
673 32651
250 32652
361 32653
446 32654
951 32655
289 32656
432 32657
463 32658
136 32659
770 32660
781 32661
931 32662
604 32663
274 32664
722 32665
255 32666
955 32667
874 32668
693 32669
32 32670
487 32671
494 32672
483 32673
792 32674
828 32675
819 32676
701 32677
474 32678
188 32679
492 32680
661 32681
66 32682
482 32683
300 32684
916 32685
724 32686
830 32687
5 32688
572 32689
775 32690
980 32691
893 32692
934 32693
889 32694
762 32695
303 32696
211 32697
914 32698
143 32699
787 32700
861 32701
43 32702
510 32703
136 32704
557 32705
131 32706
937 32707
909 32708
423 32709
773 32710
247 32711
65 32712
932 32713
2 32714
672 32715
190 32716
162 32717
746 32718
416 32719
966 32720
4 32721
696 32722
580 32723
288 32724
114 32725
427 32726
863 32727
500 32728
211 32729
243 32730
440 32731
813 32732
739 32733
837 32734
71 32735
145 32736
940 32737
206 32738
737 32739
506 32740
386 32741
780 32742
164 32743
713 32744
508 32745
799 32746
616 32747
422 32748
786 32749
371 32750
357 32751
372 32752
399 32753
178 32754
120 32755
572 32756
81 32757
693 32758
735 32759
792 32760
389 32761
264 32762
896 32763
954 32764
457 32765
746 32766
191 32767
566 32768
873 32769
668 32770
366 32771
535 32772
286 32773
746 32774
645 32775
279 32776
380 32777
215 32778
346 32779
288 32780
852 32781
692 32782
327 32783
585 32784
246 32785
959 32786
330 32787
422 32788
630 32789
503 32790
9 32791
977 32792
741 32793
771 32794
917 32795
570 32796
764 32797
650 32798
709 32799
61 32800
902 32801
832 32802
170 32803
618 32804
505 32805
312 32806
894 32807
331 32808
691 32809
229 32810
533 32811
107 32812
380 32813
573 32814
729 32815
501 32816
626 32817
822 32818
454 32819
217 32820
443 32821
356 32822
105 32823
960 32824
369 32825
234 32826
289 32827
938 32828
457 32829
636 32830
719 32831
413 32832
953 32833
734 32834
231 32835
240 32836
532 32837
582 32838
188 32839
527 32840
104 32841
829 32842
30 32843
397 32844
25 32845
144 32846
877 32847
647 32848
35 32849
530 32850
784 32851
556 32852
992 32853
245 32854
386 32855
523 32856
175 32857
395 32858
25 32859
178 32860
637 32861
461 32862
694 32863
904 32864
708 32865
630 32866
580 32867
181 32868
690 32869
907 32870
462 32871
610 32872
545 32873
834 32874
726 32875
546 32876
921 32877
655 32878
659 32879
184 32880
453 32881
861 32882
232 32883
803 32884
854 32885
822 32886
589 32887
119 32888
659 32889
61 32890
585 32891
759 32892
367 32893
140 32894
176 32895
687 32896
944 32897
598 32898
987 32899
124 32900
534 32901
588 32902
417 32903
792 32904
638 32905
109 32906
510 32907
592 32908
761 32909
965 32910
400 32911
998 32912
949 32913
832 32914
622 32915
801 32916
735 32917
610 32918
633 32919
132 32920
813 32921
303 32922
671 32923
252 32924
55 32925
422 32926
483 32927
524 32928
400 32929
470 32930
230 32931
116 32932
155 32933
519 32934
978 32935
804 32936
16 32937
4 32938
542 32939
385 32940
103 32941
766 32942
767 32943
867 32944
516 32945
556 32946
656 32947
625 32948
470 32949
104 32950
118 32951
785 32952
660 32953
681 32954
692 32955
845 32956
890 32957
807 32958
327 32959
175 32960
895 32961
481 32962
839 32963
36 32964
434 32965
935 32966
860 32967
351 32968
401 32969
850 32970
852 32971
184 32972
538 32973
3 32974
499 32975
475 32976
247 32977
704 32978
544 32979
322 32980
475 32981
679 32982
200 32983
297 32984
166 32985
383 32986
994 32987
790 32988
445 32989
958 32990
248 32991
380 32992
941 32993
436 32994
695 32995
866 32996
55 32997
548 32998
381 32999
194 33000
502 33001
556 33002
631 33003
857 33004
535 33005
352 33006
842 33007
914 33008
338 33009
111 33010
822 33011
797 33012
885 33013
942 33014
734 33015
162 33016
949 33017
167 33018
773 33019
873 33020
756 33021
251 33022
802 33023
960 33024
308 33025
297 33026
142 33027
642 33028
712 33029
595 33030
79 33031
133 33032
982 33033
129 33034
434 33035
915 33036
705 33037
432 33038
814 33039
840 33040
549 33041
31 33042
359 33043
91 33044
808 33045
690 33046
27 33047
396 33048
705 33049
921 33050
208 33051
354 33052
1 33053
766 33054
687 33055
15 33056
637 33057
913 33058
629 33059
125 33060
248 33061
143 33062
244 33063
430 33064
514 33065
788 33066
919 33067
620 33068
485 33069
467 33070
646 33071
271 33072
302 33073
734 33074
168 33075
220 33076
506 33077
227 33078
227 33079
252 33080
377 33081
226 33082
311 33083
480 33084
264 33085
578 33086
991 33087
797 33088
660 33089
406 33090
362 33091
480 33092
762 33093
102 33094
465 33095
546 33096
345 33097
377 33098
630 33099
306 33100
925 33101
183 33102
216 33103
387 33104
928 33105
592 33106
530 33107
717 33108
80 33109
900 33110
930 33111
842 33112
202 33113
645 33114
939 33115
387 33116
274 33117
7 33118
39 33119
29 33120
513 33121
743 33122
305 33123
944 33124
136 33125
230 33126
657 33127
213 33128
540 33129
737 33130
386 33131
22 33132
428 33133
262 33134
819 33135
664 33136
87 33137
358 33138
713 33139
668 33140
858 33141
846 33142
646 33143
821 33144
22 33145
900 33146
734 33147
202 33148
690 33149
911 33150
459 33151
314 33152
701 33153
298 33154
257 33155
905 33156
431 33157
576 33158
483 33159
223 33160
859 33161
281 33162
652 33163
216 33164
564 33165
537 33166
738 33167
947 33168
371 33169
733 33170
56 33171
961 33172
326 33173
782 33174
202 33175
518 33176
884 33177
765 33178
174 33179
778 33180
747 33181
858 33182
302 33183
879 33184
346 33185
659 33186
37 33187
859 33188
921 33189
665 33190
191 33191
766 33192
922 33193
803 33194
556 33195
495 33196
298 33197
928 33198
453 33199
321 33200
521 33201
800 33202
655 33203
564 33204
941 33205
17 33206
209 33207
83 33208
882 33209
854 33210
129 33211
703 33212
566 33213
107 33214
558 33215
691 33216
379 33217
715 33218
134 33219
932 33220
219 33221
831 33222
135 33223
217 33224
446 33225
11 33226
533 33227
55 33228
101 33229
296 33230
894 33231
551 33232
123 33233
324 33234
203 33235
16 33236
297 33237
236 33238
128 33239
168 33240
640 33241
251 33242
10 33243
256 33244
888 33245
431 33246
67 33247
882 33248
362 33249
660 33250
878 33251
670 33252
23 33253
337 33254
519 33255
792 33256
938 33257
695 33258
638 33259
540 33260
922 33261
44 33262
810 33263
203 33264
561 33265
925 33266
687 33267
759 33268
585 33269
58 33270
507 33271
824 33272
417 33273
113 33274
791 33275
465 33276
264 33277
997 33278
693 33279
49 33280
47 33281
734 33282
866 33283
458 33284
428 33285
267 33286
429 33287
810 33288
493 33289
586 33290
965 33291
744 33292
223 33293
272 33294
548 33295
451 33296
779 33297
378 33298
771 33299
964 33300
781 33301
437 33302
343 33303
228 33304
827 33305
256 33306
721 33307
617 33308
346 33309
915 33310
695 33311
946 33312
267 33313
670 33314
615 33315
819 33316
163 33317
616 33318
312 33319
307 33320
252 33321
486 33322
767 33323
77 33324
720 33325
787 33326
572 33327
55 33328
368 33329
470 33330
838 33331
21 33332
934 33333
326 33334
585 33335
121 33336
666 33337
179 33338
909 33339
863 33340
767 33341
595 33342
351 33343
558 33344
109 33345
500 33346
138 33347
653 33348
244 33349
49 33350
624 33351
101 33352
707 33353
997 33354
178 33355
352 33356
546 33357
808 33358
39 33359
785 33360
807 33361
916 33362
26 33363
559 33364
328 33365
69 33366
280 33367
513 33368
996 33369
43 33370
463 33371
426 33372
922 33373
563 33374
228 33375
105 33376
90 33377
826 33378
389 33379
8 33380
269 33381
826 33382
27 33383
965 33384
625 33385
185 33386
668 33387
261 33388
864 33389
563 33390
745 33391
336 33392
129 33393
399 33394
233 33395
69 33396
666 33397
291 33398
645 33399
949 33400
510 33401
511 33402
668 33403
863 33404
748 33405
606 33406
238 33407
997 33408
419 33409
94 33410
586 33411
306 33412
153 33413
325 33414
154 33415
280 33416
285 33417
476 33418
895 33419
2 33420
150 33421
5 33422
486 33423
995 33424
494 33425
660 33426
81 33427
605 33428
654 33429
290 33430
723 33431
530 33432
151 33433
61 33434
277 33435
821 33436
279 33437
541 33438
200 33439
626 33440
117 33441
63 33442
383 33443
331 33444
660 33445
453 33446
806 33447
60 33448
144 33449
809 33450
522 33451
626 33452
813 33453
836 33454
243 33455
343 33456
856 33457
76 33458
517 33459
549 33460
253 33461
888 33462
803 33463
898 33464
208 33465
556 33466
783 33467
599 33468
214 33469
877 33470
17 33471
923 33472
962 33473
356 33474
184 33475
886 33476
227 33477
247 33478
104 33479
587 33480
419 33481
348 33482
943 33483
568 33484
149 33485
35 33486
673 33487
350 33488
22 33489
203 33490
579 33491
508 33492
914 33493
128 33494
950 33495
512 33496
360 33497
354 33498
38 33499
75 33500
549 33501
594 33502
246 33503
271 33504
126 33505
617 33506
922 33507
25 33508
370 33509
505 33510
463 33511
920 33512
960 33513
654 33514
463 33515
942 33516
598 33517
11 33518
431 33519
456 33520
646 33521
368 33522
88 33523
136 33524
888 33525
322 33526
148 33527
868 33528
667 33529
246 33530
279 33531
149 33532
556 33533
808 33534
789 33535
236 33536
258 33537
208 33538
747 33539
56 33540
341 33541
426 33542
11 33543
217 33544
106 33545
140 33546
921 33547
805 33548
729 33549
205 33550
234 33551
781 33552
142 33553
37 33554
37 33555
954 33556
926 33557
729 33558
115 33559
500 33560
350 33561
440 33562
526 33563
867 33564
252 33565
711 33566
705 33567
956 33568
652 33569
530 33570
314 33571
306 33572
708 33573
840 33574
767 33575
625 33576
616 33577
90 33578
656 33579
514 33580
47 33581
366 33582
882 33583
996 33584
609 33585
163 33586
627 33587
546 33588
189 33589
226 33590
950 33591
716 33592
109 33593
732 33594
391 33595
297 33596
981 33597
204 33598
982 33599
553 33600
935 33601
811 33602
50 33603
189 33604
164 33605
419 33606
524 33607
348 33608
524 33609
779 33610
868 33611
665 33612
169 33613
196 33614
110 33615
511 33616
661 33617
515 33618
510 33619
798 33620
112 33621
181 33622
26 33623
531 33624
592 33625
258 33626
263 33627
507 33628
980 33629
124 33630
675 33631
927 33632
51 33633
574 33634
358 33635
356 33636
478 33637
960 33638
332 33639
877 33640
243 33641
536 33642
586 33643
154 33644
842 33645
351 33646
56 33647
393 33648
407 33649
692 33650
708 33651
77 33652
224 33653
26 33654
159 33655
894 33656
287 33657
85 33658
385 33659
39 33660
681 33661
684 33662
787 33663
419 33664
508 33665
34 33666
103 33667
613 33668
240 33669
937 33670
979 33671
691 33672
999 33673
304 33674
619 33675
561 33676
267 33677
886 33678
876 33679
72 33680
722 33681
432 33682
672 33683
882 33684
444 33685
213 33686
953 33687
808 33688
333 33689
431 33690
868 33691
493 33692
361 33693
717 33694
107 33695
247 33696
755 33697
950 33698
689 33699
117 33700
47 33701
602 33702
734 33703
482 33704
6 33705
78 33706
245 33707
678 33708
528 33709
893 33710
496 33711
325 33712
391 33713
247 33714
669 33715
795 33716
845 33717
192 33718
458 33719
508 33720
937 33721
299 33722
111 33723
537 33724
257 33725
691 33726
336 33727
349 33728
941 33729
850 33730
924 33731
136 33732
206 33733
107 33734
331 33735
171 33736
288 33737
254 33738
945 33739
192 33740
5 33741
174 33742
196 33743
152 33744
275 33745
212 33746
103 33747
458 33748
49 33749
793 33750
610 33751
118 33752
456 33753
360 33754
483 33755
360 33756
148 33757
232 33758
833 33759
107 33760
191 33761
193 33762
737 33763
592 33764
430 33765
340 33766
798 33767
997 33768
954 33769
94 33770
993 33771
870 33772
342 33773
245 33774
637 33775
722 33776
261 33777
383 33778
396 33779
476 33780
758 33781
584 33782
69 33783
822 33784
520 33785
634 33786
520 33787
90 33788
131 33789
36 33790
611 33791
996 33792
550 33793
432 33794
25 33795
505 33796
342 33797
749 33798
566 33799
229 33800
475 33801
78 33802
317 33803
30 33804
568 33805
167 33806
168 33807
639 33808
453 33809
856 33810
21 33811
825 33812
451 33813
299 33814
736 33815
990 33816
58 33817
663 33818
533 33819
951 33820
222 33821
367 33822
842 33823
668 33824
703 33825
885 33826
482 33827
421 33828
865 33829
98 33830
420 33831
463 33832
893 33833
362 33834
446 33835
703 33836
395 33837
677 33838
645 33839
470 33840
925 33841
320 33842
875 33843
605 33844
787 33845
960 33846
318 33847
79 33848
34 33849
923 33850
559 33851
11 33852
875 33853
701 33854
745 33855
105 33856
785 33857
442 33858
259 33859
814 33860
161 33861
486 33862
859 33863
679 33864
316 33865
208 33866
202 33867
226 33868
325 33869
214 33870
523 33871
769 33872
916 33873
175 33874
745 33875
701 33876
103 33877
974 33878
818 33879
619 33880
979 33881
590 33882
264 33883
582 33884
313 33885
493 33886
925 33887
824 33888
522 33889
244 33890
591 33891
231 33892
645 33893
680 33894
627 33895
455 33896
229 33897
804 33898
718 33899
507 33900
150 33901
599 33902
135 33903
164 33904
605 33905
553 33906
293 33907
426 33908
232 33909
363 33910
837 33911
615 33912
562 33913
392 33914
358 33915
966 33916
458 33917
14 33918
804 33919
130 33920
394 33921
459 33922
207 33923
252 33924
174 33925
827 33926
800 33927
95 33928
265 33929
561 33930
414 33931
581 33932
595 33933
5 33934
201 33935
604 33936
830 33937
962 33938
595 33939
578 33940
335 33941
761 33942
591 33943
420 33944
303 33945
138 33946
263 33947
398 33948
416 33949
219 33950
937 33951
843 33952
78 33953
161 33954
129 33955
408 33956
854 33957
192 33958
243 33959
782 33960
550 33961
6 33962
472 33963
242 33964
326 33965
904 33966
956 33967
303 33968
336 33969
537 33970
778 33971
916 33972
690 33973
206 33974
793 33975
828 33976
855 33977
543 33978
392 33979
784 33980
779 33981
760 33982
869 33983
610 33984
244 33985
401 33986
363 33987
249 33988
590 33989
580 33990
830 33991
889 33992
236 33993
978 33994
917 33995
432 33996
907 33997
597 33998
471 33999
562 34000
83 34001
388 34002
821 34003
851 34004
144 34005
714 34006
539 34007
135 34008
54 34009
551 34010
348 34011
313 34012
632 34013
173 34014
406 34015
191 34016
879 34017
810 34018
35 34019
197 34020
149 34021
735 34022
587 34023
613 34024
589 34025
417 34026
898 34027
443 34028
119 34029
558 34030
448 34031
991 34032
295 34033
584 34034
625 34035
792 34036
945 34037
438 34038
681 34039
726 34040
999 34041
386 34042
999 34043
723 34044
652 34045
643 34046
480 34047
330 34048
821 34049
769 34050
216 34051
786 34052
86 34053
792 34054
947 34055
901 34056
514 34057
169 34058
999 34059
639 34060
54 34061
254 34062
130 34063
455 34064
603 34065
369 34066
99 34067
162 34068
689 34069
701 34070
944 34071
733 34072
111 34073
176 34074
167 34075
234 34076
508 34077
492 34078
277 34079
935 34080
887 34081
73 34082
367 34083
759 34084
702 34085
528 34086
688 34087
541 34088
375 34089
136 34090
788 34091
823 34092
223 34093
591 34094
43 34095
442 34096
404 34097
106 34098
473 34099
414 34100
375 34101
126 34102
879 34103
756 34104
939 34105
176 34106
440 34107
766 34108
620 34109
973 34110
632 34111
524 34112
9 34113
496 34114
847 34115
741 34116
24 34117
181 34118
262 34119
77 34120
621 34121
377 34122
173 34123
703 34124
960 34125
500 34126
510 34127
929 34128
363 34129
361 34130
497 34131
92 34132
108 34133
800 34134
390 34135
221 34136
419 34137
675 34138
8 34139
740 34140
418 34141
635 34142
309 34143
232 34144
177 34145
171 34146
562 34147
337 34148
405 34149
586 34150
923 34151
932 34152
375 34153
399 34154
183 34155
57 34156
847 34157
799 34158
634 34159
83 34160
797 34161
73 34162
723 34163
826 34164
608 34165
493 34166
338 34167
295 34168
22 34169
952 34170
984 34171
447 34172
655 34173
441 34174
401 34175
816 34176
99 34177
943 34178
39 34179
860 34180
725 34181
292 34182
859 34183
102 34184
265 34185
269 34186
756 34187
717 34188
552 34189
285 34190
492 34191
244 34192
153 34193
145 34194
50 34195
617 34196
770 34197
28 34198
487 34199
529 34200
491 34201
922 34202
792 34203
186 34204
641 34205
300 34206
127 34207
707 34208
128 34209
941 34210
109 34211
893 34212
226 34213
89 34214
369 34215
81 34216
286 34217
217 34218
232 34219
597 34220
214 34221
533 34222
384 34223
817 34224
510 34225
198 34226
78 34227
637 34228
211 34229
494 34230
945 34231
676 34232
293 34233
125 34234
243 34235
867 34236
534 34237
209 34238
919 34239
613 34240
505 34241
326 34242
819 34243
894 34244
25 34245
600 34246
34 34247
412 34248
23 34249
828 34250
906 34251
204 34252
746 34253
782 34254
898 34255
631 34256
798 34257
939 34258
814 34259
261 34260
882 34261
672 34262
18 34263
730 34264
721 34265
961 34266
851 34267
952 34268
496 34269
398 34270
255 34271
175 34272
855 34273
161 34274
696 34275
682 34276
20 34277
266 34278
138 34279
1000 34280
594 34281
733 34282
633 34283
285 34284
161 34285
478 34286
806 34287
658 34288
164 34289
212 34290
168 34291
606 34292
217 34293
729 34294
562 34295
613 34296
850 34297
244 34298
306 34299
535 34300
38 34301
478 34302
401 34303
872 34304
926 34305
79 34306
169 34307
480 34308
966 34309
366 34310
482 34311
846 34312
886 34313
690 34314
392 34315
723 34316
730 34317
154 34318
772 34319
273 34320
592 34321
713 34322
445 34323
442 34324
771 34325
86 34326
608 34327
928 34328
75 34329
391 34330
518 34331
791 34332
719 34333
948 34334
156 34335
642 34336
680 34337
978 34338
204 34339
551 34340
366 34341
803 34342
737 34343
409 34344
670 34345
237 34346
792 34347
503 34348
996 34349
705 34350
557 34351
158 34352
581 34353
930 34354
561 34355
886 34356
634 34357
32 34358
502 34359
598 34360
707 34361
522 34362
649 34363
44 34364
1 34365
466 34366
422 34367
838 34368
604 34369
573 34370
828 34371
441 34372
579 34373
351 34374
657 34375
838 34376
46 34377
629 34378
315 34379
15 34380
948 34381
158 34382
219 34383
840 34384
373 34385
832 34386
645 34387
164 34388
626 34389
48 34390
547 34391
503 34392
136 34393
419 34394
560 34395
610 34396
39 34397
99 34398
972 34399
202 34400
72 34401
998 34402
207 34403
411 34404
914 34405
367 34406
407 34407
874 34408
199 34409
130 34410
241 34411
789 34412
348 34413
88 34414
232 34415
302 34416
475 34417
523 34418
651 34419
437 34420
75 34421
5 34422
344 34423
733 34424
711 34425
504 34426
500 34427
813 34428
142 34429
620 34430
422 34431
471 34432
591 34433
62 34434
898 34435
534 34436
165 34437
442 34438
416 34439
900 34440
695 34441
552 34442
27 34443
403 34444
190 34445
484 34446
578 34447
619 34448
303 34449
617 34450
875 34451
607 34452
10 34453
834 34454
569 34455
137 34456
201 34457
215 34458
951 34459
220 34460
464 34461
488 34462
797 34463
775 34464
373 34465
487 34466
765 34467
890 34468
855 34469
848 34470
296 34471
951 34472
779 34473
892 34474
603 34475
387 34476
609 34477
189 34478
490 34479
118 34480
672 34481
696 34482
110 34483
594 34484
669 34485
288 34486
106 34487
483 34488
842 34489
957 34490
859 34491
572 34492
397 34493
824 34494
704 34495
610 34496
277 34497
928 34498
939 34499
900 34500
345 34501
102 34502
287 34503
992 34504
547 34505
987 34506
789 34507
220 34508
881 34509
97 34510
111 34511
311 34512
916 34513
467 34514
978 34515
410 34516
750 34517
741 34518
937 34519
638 34520
980 34521
142 34522
707 34523
707 34524
552 34525
52 34526
494 34527
26 34528
62 34529
893 34530
4 34531
327 34532
533 34533
556 34534
876 34535
513 34536
660 34537
10 34538
182 34539
173 34540
904 34541
538 34542
908 34543
229 34544
415 34545
122 34546
989 34547
948 34548
143 34549
260 34550
45 34551
447 34552
998 34553
908 34554
849 34555
678 34556
726 34557
351 34558
361 34559
351 34560
352 34561
827 34562
654 34563
975 34564
436 34565
68 34566
711 34567
991 34568
953 34569
425 34570
23 34571
389 34572
789 34573
402 34574
632 34575
789 34576
439 34577
20 34578
321 34579
244 34580
867 34581
90 34582
281 34583
950 34584
515 34585
195 34586
48 34587
465 34588
301 34589
492 34590
641 34591
698 34592
32 34593
119 34594
666 34595
164 34596
489 34597
522 34598
123 34599
786 34600
544 34601
585 34602
926 34603
116 34604
470 34605
918 34606
331 34607
306 34608
718 34609
933 34610
124 34611
725 34612
487 34613
109 34614
895 34615
119 34616
232 34617
289 34618
331 34619
218 34620
322 34621
260 34622
262 34623
555 34624
64 34625
529 34626
98 34627
396 34628
478 34629
533 34630
588 34631
394 34632
311 34633
579 34634
934 34635
282 34636
275 34637
810 34638
164 34639
537 34640
4 34641
817 34642
999 34643
12 34644
527 34645
460 34646
24 34647
288 34648
256 34649
609 34650
505 34651
661 34652
244 34653
274 34654
525 34655
497 34656
331 34657
354 34658
73 34659
739 34660
933 34661
953 34662
172 34663
425 34664
359 34665
402 34666
86 34667
826 34668
807 34669
607 34670
100 34671
26 34672
994 34673
338 34674
990 34675
164 34676
152 34677
133 34678
966 34679
676 34680
249 34681
733 34682
433 34683
911 34684
915 34685
458 34686
335 34687
595 34688
624 34689
146 34690
456 34691
333 34692
618 34693
966 34694
624 34695
469 34696
4 34697
586 34698
740 34699
242 34700
483 34701
564 34702
323 34703
967 34704
414 34705
12 34706
510 34707
464 34708
96 34709
25 34710
160 34711
995 34712
73 34713
364 34714
987 34715
985 34716
655 34717
397 34718
681 34719
416 34720
386 34721
230 34722
65 34723
683 34724
943 34725
776 34726
913 34727
400 34728
942 34729
994 34730
412 34731
26 34732
315 34733
496 34734
744 34735
781 34736
616 34737
83 34738
333 34739
175 34740
26 34741
373 34742
419 34743
212 34744
912 34745
751 34746
647 34747
158 34748
350 34749
304 34750
6 34751
86 34752
209 34753
214 34754
139 34755
834 34756
278 34757
35 34758
358 34759
220 34760
719 34761
839 34762
451 34763
712 34764
229 34765
399 34766
552 34767
72 34768
213 34769
897 34770
283 34771
541 34772
129 34773
798 34774
260 34775
520 34776
398 34777
643 34778
873 34779
739 34780
10 34781
276 34782
283 34783
807 34784
13 34785
515 34786
726 34787
213 34788
408 34789
148 34790
422 34791
266 34792
468 34793
633 34794
912 34795
411 34796
818 34797
281 34798
763 34799
709 34800
669 34801
190 34802
603 34803
919 34804
805 34805
518 34806
248 34807
600 34808
711 34809
51 34810
154 34811
19 34812
932 34813
33 34814
423 34815
278 34816
184 34817
966 34818
99 34819
583 34820
838 34821
654 34822
379 34823
526 34824
455 34825
563 34826
57 34827
956 34828
553 34829
728 34830
500 34831
498 34832
753 34833
78 34834
920 34835
816 34836
523 34837
406 34838
814 34839
551 34840
120 34841
711 34842
61 34843
891 34844
1 34845
519 34846
715 34847
221 34848
811 34849
456 34850
790 34851
484 34852
860 34853
601 34854
532 34855
402 34856
352 34857
520 34858
654 34859
853 34860
354 34861
466 34862
500 34863
696 34864
473 34865
960 34866
350 34867
791 34868
525 34869
658 34870
831 34871
965 34872
54 34873
534 34874
47 34875
475 34876
116 34877
554 34878
908 34879
351 34880
859 34881
547 34882
53 34883
658 34884
814 34885
449 34886
219 34887
231 34888
588 34889
567 34890
835 34891
774 34892
885 34893
648 34894
295 34895
737 34896
141 34897
243 34898
134 34899
71 34900
762 34901
636 34902
191 34903
399 34904
159 34905
200 34906
10 34907
804 34908
839 34909
797 34910
972 34911
895 34912
265 34913
180 34914
585 34915
745 34916
460 34917
836 34918
441 34919
670 34920
901 34921
482 34922
912 34923
595 34924
134 34925
465 34926
703 34927
320 34928
78 34929
178 34930
284 34931
508 34932
880 34933
441 34934
887 34935
458 34936
441 34937
500 34938
843 34939
511 34940
337 34941
264 34942
445 34943
435 34944
79 34945
736 34946
791 34947
400 34948
178 34949
259 34950
629 34951
710 34952
341 34953
854 34954
956 34955
870 34956
409 34957
279 34958
482 34959
182 34960
790 34961
650 34962
345 34963
929 34964
293 34965
352 34966
741 34967
524 34968
215 34969
740 34970
512 34971
455 34972
929 34973
932 34974
592 34975
786 34976
55 34977
679 34978
222 34979
867 34980
677 34981
362 34982
600 34983
826 34984
52 34985
997 34986
859 34987
566 34988
210 34989
647 34990
219 34991
607 34992
652 34993
319 34994
341 34995
258 34996
682 34997
112 34998
318 34999
261 35000
631 35001
847 35002
191 35003
379 35004
555 35005
867 35006
867 35007
659 35008
281 35009
830 35010
250 35011
409 35012
605 35013
765 35014
878 35015
397 35016
812 35017
289 35018
255 35019
134 35020
222 35021
738 35022
720 35023
598 35024
261 35025
831 35026
25 35027
290 35028
575 35029
732 35030
133 35031
848 35032
499 35033
34 35034
23 35035
443 35036
190 35037
59 35038
89 35039
65 35040
855 35041
131 35042
270 35043
187 35044
520 35045
645 35046
755 35047
475 35048
463 35049
821 35050
513 35051
934 35052
643 35053
702 35054
948 35055
308 35056
526 35057
273 35058
378 35059
407 35060
131 35061
841 35062
265 35063
549 35064
536 35065
101 35066
85 35067
250 35068
503 35069
163 35070
827 35071
217 35072
38 35073
556 35074
837 35075
833 35076
446 35077
580 35078
535 35079
776 35080
651 35081
879 35082
951 35083
189 35084
809 35085
314 35086
244 35087
561 35088
546 35089
451 35090
479 35091
708 35092
464 35093
269 35094
356 35095
229 35096
614 35097
750 35098
616 35099
128 35100
510 35101
863 35102
813 35103
100 35104
347 35105
320 35106
380 35107
866 35108
118 35109
100 35110
67 35111
168 35112
481 35113
313 35114
910 35115
302 35116
990 35117
727 35118
705 35119
332 35120
199 35121
364 35122
355 35123
562 35124
514 35125
936 35126
457 35127
782 35128
451 35129
852 35130
625 35131
453 35132
32 35133
199 35134
846 35135
25 35136
857 35137
380 35138
339 35139
824 35140
872 35141
938 35142
995 35143
793 35144
813 35145
200 35146
163 35147
152 35148
671 35149
75 35150
523 35151
313 35152
4 35153
391 35154
291 35155
873 35156
297 35157
824 35158
870 35159
651 35160
400 35161
945 35162
841 35163
201 35164
32 35165
692 35166
554 35167
199 35168
789 35169
231 35170
216 35171
911 35172
494 35173
313 35174
112 35175
77 35176
44 35177
159 35178
237 35179
468 35180
181 35181
628 35182
321 35183
605 35184
553 35185
101 35186
973 35187
502 35188
185 35189
197 35190
64 35191
141 35192
564 35193
542 35194
415 35195
235 35196
713 35197
596 35198
497 35199
450 35200
709 35201
465 35202
958 35203
726 35204
424 35205
288 35206
13 35207
216 35208
130 35209
167 35210
857 35211
802 35212
514 35213
653 35214
559 35215
825 35216
421 35217
307 35218
536 35219
135 35220
149 35221
260 35222
648 35223
23 35224
185 35225
869 35226
409 35227
881 35228
784 35229
939 35230
484 35231
85 35232
757 35233
160 35234
289 35235
17 35236
137 35237
469 35238
817 35239
306 35240
115 35241
475 35242
254 35243
183 35244
711 35245
140 35246
304 35247
89 35248
434 35249
136 35250
293 35251
191 35252
341 35253
312 35254
65 35255
626 35256
570 35257
194 35258
131 35259
672 35260
275 35261
89 35262
700 35263
219 35264
792 35265
354 35266
799 35267
107 35268
934 35269
912 35270
590 35271
620 35272
191 35273
950 35274
391 35275
448 35276
639 35277
470 35278
487 35279
329 35280
103 35281
46 35282
988 35283
612 35284
112 35285
929 35286
802 35287
160 35288
275 35289
566 35290
711 35291
923 35292
864 35293
47 35294
719 35295
295 35296
833 35297
67 35298
408 35299
496 35300
414 35301
164 35302
445 35303
53 35304
313 35305
189 35306
298 35307
462 35308
447 35309
307 35310
816 35311
792 35312
153 35313
107 35314
290 35315
278 35316
605 35317
795 35318
732 35319
375 35320
981 35321
409 35322
519 35323
551 35324
437 35325
327 35326
40 35327
296 35328
271 35329
545 35330
64 35331
883 35332
547 35333
130 35334
159 35335
214 35336
29 35337
851 35338
543 35339
743 35340
994 35341
628 35342
773 35343
621 35344
380 35345
75 35346
870 35347
460 35348
393 35349
179 35350
385 35351
668 35352
371 35353
492 35354
630 35355
217 35356
304 35357
871 35358
132 35359
494 35360
606 35361
437 35362
332 35363
334 35364
332 35365
609 35366
426 35367
576 35368
660 35369
118 35370
876 35371
374 35372
991 35373
347 35374
55 35375
589 35376
633 35377
917 35378
938 35379
307 35380
180 35381
443 35382
561 35383
499 35384
781 35385
377 35386
807 35387
299 35388
229 35389
639 35390
347 35391
573 35392
420 35393
567 35394
627 35395
906 35396
858 35397
161 35398
830 35399
97 35400
859 35401
363 35402
267 35403
791 35404
889 35405
388 35406
284 35407
854 35408
978 35409
344 35410
408 35411
119 35412
720 35413
960 35414
92 35415
925 35416
542 35417
322 35418
540 35419
13 35420
470 35421
528 35422
486 35423
189 35424
551 35425
673 35426
100 35427
172 35428
697 35429
114 35430
708 35431
283 35432
959 35433
504 35434
18 35435
39 35436
401 35437
367 35438
521 35439
480 35440
154 35441
875 35442
883 35443
214 35444
896 35445
141 35446
393 35447
726 35448
12 35449
463 35450
279 35451
991 35452
984 35453
168 35454
718 35455
465 35456
875 35457
810 35458
384 35459
83 35460
231 35461
879 35462
227 35463
687 35464
841 35465
202 35466
697 35467
159 35468
242 35469
32 35470
239 35471
74 35472
420 35473
823 35474
554 35475
640 35476
776 35477
520 35478
579 35479
345 35480
525 35481
258 35482
374 35483
443 35484
624 35485
696 35486
281 35487
688 35488
268 35489
512 35490
888 35491
955 35492
395 35493
490 35494
19 35495
781 35496
237 35497
403 35498
706 35499
421 35500
317 35501
292 35502
598 35503
623 35504
487 35505
331 35506
926 35507
935 35508
583 35509
862 35510
882 35511
869 35512
465 35513
312 35514
152 35515
764 35516
107 35517
231 35518
215 35519
545 35520
498 35521
645 35522
72 35523
879 35524
564 35525
623 35526
475 35527
97 35528
944 35529
187 35530
908 35531
441 35532
697 35533
25 35534
159 35535
126 35536
91 35537
486 35538
201 35539
637 35540
511 35541
455 35542
326 35543
525 35544
281 35545
403 35546
530 35547
679 35548
117 35549
784 35550
287 35551
183 35552
193 35553
432 35554
864 35555
396 35556
32 35557
27 35558
353 35559
987 35560
654 35561
754 35562
580 35563
277 35564
825 35565
349 35566
859 35567
171 35568
451 35569
875 35570
18 35571
718 35572
521 35573
310 35574
456 35575
115 35576
444 35577
508 35578
942 35579
179 35580
248 35581
876 35582
2 35583
462 35584
223 35585
323 35586
846 35587
652 35588
663 35589
711 35590
987 35591
546 35592
285 35593
123 35594
201 35595
351 35596
890 35597
668 35598
650 35599
619 35600
93 35601
215 35602
2 35603
476 35604
904 35605
331 35606
338 35607
70 35608
739 35609
851 35610
253 35611
558 35612
962 35613
211 35614
468 35615
413 35616
678 35617
488 35618
281 35619
52 35620
55 35621
388 35622
922 35623
182 35624
966 35625
562 35626
587 35627
688 35628
357 35629
136 35630
840 35631
966 35632
541 35633
444 35634
793 35635
166 35636
321 35637
551 35638
1000 35639
39 35640
589 35641
592 35642
126 35643
502 35644
422 35645
269 35646
972 35647
496 35648
664 35649
73 35650
393 35651
407 35652
207 35653
67 35654
675 35655
324 35656
61 35657
264 35658
862 35659
993 35660
281 35661
461 35662
372 35663
27 35664
94 35665
946 35666
813 35667
328 35668
892 35669
48 35670
234 35671
929 35672
886 35673
867 35674
685 35675
332 35676
104 35677
423 35678
300 35679
874 35680
238 35681
165 35682
893 35683
433 35684
752 35685
456 35686
667 35687
151 35688
974 35689
101 35690
100 35691
14 35692
421 35693
568 35694
867 35695
974 35696
454 35697
253 35698
325 35699
416 35700
520 35701
974 35702
650 35703
802 35704
473 35705
671 35706
766 35707
722 35708
139 35709
410 35710
63 35711
901 35712
544 35713
420 35714
616 35715
107 35716
962 35717
599 35718
485 35719
352 35720
288 35721
468 35722
389 35723
749 35724
436 35725
159 35726
654 35727
493 35728
722 35729
229 35730
659 35731
405 35732
188 35733
384 35734
342 35735
523 35736
404 35737
243 35738
471 35739
227 35740
203 35741
620 35742
207 35743
861 35744
434 35745
816 35746
596 35747
612 35748
851 35749
270 35750
246 35751
801 35752
914 35753
736 35754
758 35755
625 35756
291 35757
678 35758
711 35759
166 35760
476 35761
388 35762
530 35763
742 35764
604 35765
347 35766
361 35767
429 35768
862 35769
563 35770
100 35771
734 35772
120 35773
604 35774
405 35775
506 35776
839 35777
461 35778
503 35779
462 35780
784 35781
664 35782
324 35783
718 35784
504 35785
220 35786
988 35787
10 35788
363 35789
234 35790
746 35791
252 35792
942 35793
152 35794
567 35795
78 35796
905 35797
467 35798
629 35799
591 35800
342 35801
574 35802
802 35803
217 35804
333 35805
967 35806
798 35807
286 35808
591 35809
373 35810
480 35811
422 35812
43 35813
707 35814
812 35815
329 35816
546 35817
227 35818
537 35819
55 35820
39 35821
5 35822
174 35823
410 35824
427 35825
378 35826
821 35827
589 35828
154 35829
182 35830
853 35831
554 35832
92 35833
479 35834
940 35835
575 35836
619 35837
711 35838
455 35839
562 35840
179 35841
725 35842
700 35843
205 35844
394 35845
867 35846
127 35847
506 35848
398 35849
33 35850
405 35851
890 35852
978 35853
741 35854
564 35855
111 35856
343 35857
805 35858
213 35859
778 35860
481 35861
2 35862
780 35863
320 35864
497 35865
849 35866
953 35867
527 35868
547 35869
623 35870
505 35871
940 35872
468 35873
725 35874
898 35875
574 35876
225 35877
189 35878
581 35879
316 35880
432 35881
82 35882
234 35883
592 35884
769 35885
547 35886
467 35887
727 35888
530 35889
99 35890
567 35891
114 35892
972 35893
664 35894
775 35895
918 35896
496 35897
604 35898
26 35899
431 35900
21 35901
883 35902
298 35903
306 35904
155 35905
747 35906
438 35907
787 35908
36 35909
780 35910
515 35911
23 35912
231 35913
166 35914
919 35915
645 35916
398 35917
67 35918
230 35919
603 35920
542 35921
257 35922
444 35923
38 35924
672 35925
240 35926
439 35927
982 35928
388 35929
139 35930
327 35931
82 35932
954 35933
792 35934
608 35935
717 35936
421 35937
578 35938
216 35939
991 35940
87 35941
228 35942
501 35943
285 35944
200 35945
831 35946
328 35947
87 35948
800 35949
828 35950
80 35951
646 35952
313 35953
899 35954
391 35955
156 35956
897 35957
442 35958
154 35959
220 35960
307 35961
842 35962
962 35963
873 35964
544 35965
955 35966
664 35967
549 35968
548 35969
677 35970
585 35971
275 35972
701 35973
154 35974
829 35975
306 35976
666 35977
377 35978
977 35979
910 35980
801 35981
65 35982
45 35983
786 35984
724 35985
594 35986
145 35987
532 35988
922 35989
10 35990
534 35991
475 35992
261 35993
495 35994
622 35995
820 35996
133 35997
458 35998
463 35999
925 36000
225 36001
422 36002
816 36003
637 36004
803 36005
947 36006
783 36007
102 36008
366 36009
902 36010
933 36011
457 36012
954 36013
558 36014
186 36015
749 36016
77 36017
753 36018
820 36019
251 36020
111 36021
991 36022
350 36023
304 36024
68 36025
487 36026
885 36027
834 36028
654 36029
534 36030
615 36031
502 36032
500 36033
471 36034
997 36035
625 36036
393 36037
433 36038
92 36039
948 36040
578 36041
630 36042
869 36043
695 36044
431 36045
843 36046
745 36047
57 36048
109 36049
727 36050
6 36051
445 36052
101 36053
667 36054
390 36055
941 36056
514 36057
369 36058
93 36059
488 36060
196 36061
700 36062
825 36063
295 36064
464 36065
12 36066
409 36067
779 36068
26 36069
70 36070
544 36071
476 36072
172 36073
457 36074
312 36075
394 36076
725 36077
67 36078
897 36079
714 36080
709 36081
513 36082
88 36083
472 36084
827 36085
443 36086
704 36087
613 36088
728 36089
500 36090
615 36091
695 36092
24 36093
505 36094
562 36095
684 36096
601 36097
881 36098
76 36099
128 36100
261 36101
966 36102
99 36103
387 36104
781 36105
418 36106
359 36107
336 36108
669 36109
766 36110
476 36111
932 36112
225 36113
22 36114
710 36115
462 36116
475 36117
985 36118
404 36119
247 36120
632 36121
895 36122
491 36123
466 36124
780 36125
757 36126
326 36127
819 36128
9 36129
589 36130
671 36131
358 36132
639 36133
425 36134
935 36135
568 36136
423 36137
159 36138
223 36139
470 36140
44 36141
457 36142
288 36143
402 36144
952 36145
300 36146
452 36147
948 36148
811 36149
650 36150
42 36151
533 36152
24 36153
519 36154
803 36155
358 36156
848 36157
323 36158
838 36159
148 36160
617 36161
413 36162
909 36163
261 36164
221 36165
814 36166
227 36167
459 36168
780 36169
290 36170
447 36171
194 36172
564 36173
446 36174
512 36175
888 36176
869 36177
186 36178
569 36179
873 36180
582 36181
168 36182
80 36183
374 36184
876 36185
380 36186
699 36187
121 36188
966 36189
933 36190
751 36191
157 36192
583 36193
508 36194
430 36195
939 36196
568 36197
446 36198
98 36199
32 36200
740 36201
435 36202
462 36203
787 36204
237 36205
392 36206
32 36207
291 36208
62 36209
418 36210
994 36211
691 36212
240 36213
399 36214
444 36215
456 36216
281 36217
460 36218
205 36219
478 36220
684 36221
315 36222
525 36223
367 36224
46 36225
814 36226
179 36227
944 36228
627 36229
522 36230
945 36231
656 36232
624 36233
458 36234
295 36235
409 36236
369 36237
392 36238
892 36239
776 36240
429 36241
474 36242
418 36243
753 36244
552 36245
188 36246
136 36247
192 36248
828 36249
444 36250
490 36251
489 36252
37 36253
588 36254
789 36255
23 36256
197 36257
598 36258
31 36259
814 36260
761 36261
637 36262
136 36263
736 36264
15 36265
418 36266
821 36267
844 36268
673 36269
346 36270
512 36271
791 36272
731 36273
318 36274
265 36275
897 36276
150 36277
512 36278
78 36279
939 36280
383 36281
742 36282
778 36283
829 36284
637 36285
496 36286
776 36287
821 36288
337 36289
282 36290
627 36291
222 36292
776 36293
947 36294
553 36295
366 36296
486 36297
469 36298
666 36299
5 36300
623 36301
979 36302
986 36303
896 36304
671 36305
60 36306
267 36307
110 36308
134 36309
201 36310
320 36311
852 36312
546 36313
659 36314
275 36315
310 36316
603 36317
769 36318
857 36319
131 36320
239 36321
716 36322
341 36323
426 36324
370 36325
497 36326
61 36327
244 36328
188 36329
896 36330
946 36331
394 36332
400 36333
746 36334
992 36335
178 36336
427 36337
325 36338
261 36339
732 36340
624 36341
505 36342
311 36343
934 36344
121 36345
365 36346
220 36347
965 36348
854 36349
314 36350
653 36351
312 36352
782 36353
956 36354
616 36355
694 36356
217 36357
479 36358
430 36359
523 36360
162 36361
479 36362
877 36363
183 36364
615 36365
412 36366
204 36367
211 36368
399 36369
75 36370
263 36371
797 36372
756 36373
940 36374
471 36375
348 36376
153 36377
23 36378
770 36379
488 36380
703 36381
283 36382
47 36383
649 36384
633 36385
869 36386
458 36387
855 36388
637 36389
722 36390
999 36391
877 36392
908 36393
651 36394
959 36395
480 36396
723 36397
37 36398
657 36399
238 36400
478 36401
172 36402
61 36403
241 36404
621 36405
861 36406
260 36407
52 36408
865 36409
858 36410
483 36411
217 36412
4 36413
323 36414
978 36415
924 36416
782 36417
620 36418
847 36419
542 36420
851 36421
456 36422
784 36423
697 36424
890 36425
612 36426
739 36427
736 36428
618 36429
304 36430
305 36431
505 36432
473 36433
6 36434
634 36435
357 36436
547 36437
173 36438
329 36439
76 36440
408 36441
72 36442
632 36443
450 36444
842 36445
364 36446
17 36447
749 36448
549 36449
970 36450
353 36451
580 36452
343 36453
999 36454
433 36455
297 36456
777 36457
137 36458
225 36459
61 36460
965 36461
683 36462
956 36463
100 36464
724 36465
415 36466
57 36467
261 36468
683 36469
415 36470
419 36471
789 36472
20 36473
102 36474
773 36475
924 36476
563 36477
900 36478
342 36479
778 36480
584 36481
908 36482
876 36483
686 36484
717 36485
690 36486
323 36487
482 36488
806 36489
729 36490
524 36491
305 36492
267 36493
242 36494
949 36495
506 36496
59 36497
645 36498
663 36499
74 36500
547 36501
124 36502
297 36503
610 36504
83 36505
483 36506
908 36507
545 36508
442 36509
5 36510
243 36511
551 36512
884 36513
458 36514
727 36515
237 36516
297 36517
225 36518
444 36519
659 36520
962 36521
154 36522
189 36523
170 36524
172 36525
429 36526
678 36527
502 36528
327 36529
282 36530
952 36531
747 36532
2 36533
469 36534
838 36535
656 36536
126 36537
297 36538
596 36539
305 36540
390 36541
681 36542
599 36543
679 36544
646 36545
681 36546
95 36547
589 36548
77 36549
836 36550
912 36551
946 36552
858 36553
749 36554
506 36555
182 36556
428 36557
785 36558
425 36559
18 36560
726 36561
71 36562
206 36563
55 36564
145 36565
464 36566
42 36567
16 36568
299 36569
328 36570
244 36571
179 36572
599 36573
601 36574
407 36575
499 36576
429 36577
60 36578
165 36579
221 36580
909 36581
245 36582
416 36583
354 36584
530 36585
854 36586
706 36587
909 36588
8 36589
345 36590
661 36591
539 36592
416 36593
866 36594
797 36595
586 36596
245 36597
797 36598
145 36599
262 36600
119 36601
365 36602
344 36603
914 36604
144 36605
802 36606
215 36607
996 36608
311 36609
885 36610
354 36611
33 36612
264 36613
686 36614
235 36615
695 36616
36 36617
161 36618
385 36619
459 36620
292 36621
76 36622
201 36623
829 36624
161 36625
603 36626
504 36627
488 36628
139 36629
133 36630
905 36631
133 36632
898 36633
637 36634
295 36635
978 36636
578 36637
229 36638
770 36639
566 36640
347 36641
806 36642
762 36643
881 36644
784 36645
955 36646
596 36647
971 36648
936 36649
328 36650
354 36651
697 36652
458 36653
287 36654
870 36655
896 36656
370 36657
575 36658
4 36659
752 36660
887 36661
596 36662
761 36663
50 36664
737 36665
668 36666
915 36667
788 36668
173 36669
219 36670
160 36671
722 36672
414 36673
714 36674
223 36675
118 36676
137 36677
193 36678
651 36679
292 36680
659 36681
211 36682
341 36683
445 36684
796 36685
888 36686
445 36687
494 36688
168 36689
231 36690
988 36691
320 36692
249 36693
471 36694
614 36695
469 36696
446 36697
764 36698
516 36699
898 36700
709 36701
81 36702
496 36703
478 36704
784 36705
556 36706
760 36707
577 36708
200 36709
703 36710
458 36711
58 36712
357 36713
90 36714
763 36715
795 36716
850 36717
816 36718
394 36719
561 36720
279 36721
889 36722
688 36723
296 36724
962 36725
581 36726
558 36727
495 36728
446 36729
411 36730
428 36731
148 36732
783 36733
718 36734
53 36735
469 36736
643 36737
104 36738
177 36739
715 36740
145 36741
545 36742
70 36743
560 36744
478 36745
710 36746
4 36747
275 36748
418 36749
133 36750
77 36751
846 36752
461 36753
534 36754
63 36755
868 36756
703 36757
50 36758
785 36759
657 36760
951 36761
872 36762
310 36763
469 36764
385 36765
867 36766
101 36767
835 36768
361 36769
873 36770
729 36771
589 36772
860 36773
986 36774
636 36775
312 36776
19 36777
769 36778
562 36779
519 36780
623 36781
227 36782
17 36783
476 36784
655 36785
641 36786
654 36787
947 36788
929 36789
634 36790
766 36791
960 36792
682 36793
331 36794
809 36795
413 36796
65 36797
500 36798
483 36799
748 36800
544 36801
90 36802
846 36803
405 36804
418 36805
978 36806
23 36807
373 36808
21 36809
448 36810
196 36811
2 36812
812 36813
340 36814
808 36815
532 36816
135 36817
408 36818
195 36819
764 36820
473 36821
235 36822
569 36823
555 36824
345 36825
634 36826
330 36827
972 36828
620 36829
407 36830
888 36831
739 36832
70 36833
860 36834
690 36835
944 36836
908 36837
517 36838
491 36839
992 36840
556 36841
405 36842
832 36843
818 36844
964 36845
756 36846
498 36847
97 36848
610 36849
800 36850
98 36851
131 36852
947 36853
939 36854
655 36855
653 36856
498 36857
359 36858
828 36859
364 36860
871 36861
733 36862
69 36863
507 36864
273 36865
173 36866
372 36867
65 36868
306 36869
367 36870
534 36871
672 36872
205 36873
768 36874
694 36875
343 36876
136 36877
398 36878
765 36879
637 36880
394 36881
526 36882
558 36883
632 36884
779 36885
812 36886
912 36887
482 36888
423 36889
904 36890
935 36891
168 36892
48 36893
855 36894
861 36895
240 36896
581 36897
132 36898
548 36899
594 36900
765 36901
216 36902
100 36903
168 36904
51 36905
803 36906
586 36907
291 36908
669 36909
796 36910
75 36911
607 36912
267 36913
627 36914
766 36915
150 36916
683 36917
630 36918
285 36919
742 36920
753 36921
422 36922
849 36923
60 36924
369 36925
496 36926
476 36927
186 36928
977 36929
710 36930
168 36931
265 36932
683 36933
210 36934
191 36935
719 36936
8 36937
679 36938
468 36939
589 36940
135 36941
697 36942
794 36943
402 36944
783 36945
496 36946
629 36947
326 36948
599 36949
929 36950
679 36951
365 36952
818 36953
672 36954
554 36955
665 36956
841 36957
622 36958
272 36959
752 36960
473 36961
240 36962
335 36963
855 36964
256 36965
656 36966
574 36967
427 36968
747 36969
485 36970
4 36971
403 36972
82 36973
385 36974
297 36975
849 36976
294 36977
677 36978
729 36979
614 36980
546 36981
561 36982
1 36983
591 36984
588 36985
389 36986
417 36987
170 36988
388 36989
610 36990
255 36991
162 36992
684 36993
183 36994
802 36995
62 36996
712 36997
599 36998
187 36999
739 37000
115 37001
869 37002
777 37003
424 37004
746 37005
115 37006
755 37007
179 37008
390 37009
98 37010
270 37011
812 37012
30 37013
884 37014
789 37015
297 37016
241 37017
510 37018
529 37019
256 37020
313 37021
426 37022
854 37023
311 37024
919 37025
946 37026
359 37027
993 37028
869 37029
490 37030
634 37031
382 37032
903 37033
813 37034
156 37035
281 37036
901 37037
348 37038
597 37039
376 37040
667 37041
911 37042
714 37043
344 37044
879 37045
523 37046
903 37047
852 37048
73 37049
527 37050
823 37051
2 37052
635 37053
133 37054
938 37055
708 37056
462 37057
8 37058
897 37059
625 37060
575 37061
406 37062
622 37063
551 37064
198 37065
405 37066
653 37067
733 37068
740 37069
304 37070
353 37071
380 37072
459 37073
671 37074
890 37075
636 37076
957 37077
606 37078
919 37079
887 37080
758 37081
553 37082
933 37083
358 37084
228 37085
926 37086
425 37087
117 37088
249 37089
953 37090
931 37091
109 37092
295 37093
270 37094
894 37095
742 37096
171 37097
818 37098
551 37099
358 37100
115 37101
275 37102
46 37103
931 37104
835 37105
432 37106
39 37107
422 37108
856 37109
351 37110
69 37111
319 37112
905 37113
388 37114
175 37115
535 37116
85 37117
766 37118
735 37119
254 37120
355 37121
877 37122
121 37123
498 37124
585 37125
896 37126
977 37127
665 37128
548 37129
390 37130
883 37131
370 37132
243 37133
527 37134
599 37135
3 37136
272 37137
176 37138
473 37139
647 37140
368 37141
672 37142
218 37143
744 37144
836 37145
637 37146
859 37147
138 37148
450 37149
615 37150
627 37151
179 37152
738 37153
208 37154
805 37155
653 37156
284 37157
829 37158
590 37159
46 37160
701 37161
643 37162
499 37163
745 37164
978 37165
493 37166
759 37167
995 37168
3 37169
899 37170
746 37171
51 37172
815 37173
120 37174
149 37175
509 37176
543 37177
324 37178
820 37179
724 37180
781 37181
858 37182
748 37183
22 37184
992 37185
43 37186
520 37187
746 37188
677 37189
43 37190
620 37191
623 37192
746 37193
965 37194
42 37195
179 37196
650 37197
57 37198
527 37199
59 37200
101 37201
1000 37202
764 37203
279 37204
667 37205
637 37206
926 37207
685 37208
919 37209
953 37210
751 37211
423 37212
697 37213
354 37214
852 37215
533 37216
289 37217
86 37218
468 37219
572 37220
267 37221
956 37222
206 37223
316 37224
286 37225
253 37226
180 37227
616 37228
289 37229
721 37230
877 37231
799 37232
126 37233
445 37234
676 37235
120 37236
1 37237
885 37238
720 37239
705 37240
10 37241
959 37242
754 37243
111 37244
818 37245
249 37246
17 37247
11 37248
790 37249
375 37250
511 37251
645 37252
984 37253
448 37254
505 37255
108 37256
348 37257
97 37258
303 37259
722 37260
536 37261
405 37262
490 37263
367 37264
877 37265
176 37266
647 37267
77 37268
608 37269
562 37270
323 37271
793 37272
288 37273
741 37274
388 37275
799 37276
633 37277
661 37278
259 37279
105 37280
931 37281
109 37282
23 37283
976 37284
207 37285
366 37286
877 37287
721 37288
219 37289
745 37290
193 37291
248 37292
15 37293
894 37294
699 37295
766 37296
876 37297
231 37298
901 37299
449 37300
975 37301
100 37302
767 37303
893 37304
959 37305
227 37306
477 37307
982 37308
258 37309
959 37310
278 37311
759 37312
618 37313
383 37314
145 37315
526 37316
741 37317
308 37318
395 37319
723 37320
548 37321
852 37322
27 37323
883 37324
613 37325
353 37326
804 37327
994 37328
38 37329
27 37330
315 37331
698 37332
961 37333
779 37334
420 37335
919 37336
411 37337
516 37338
715 37339
870 37340
400 37341
331 37342
66 37343
705 37344
791 37345
208 37346
2 37347
717 37348
830 37349
496 37350
742 37351
923 37352
447 37353
492 37354
626 37355
182 37356
806 37357
288 37358
147 37359
574 37360
218 37361
796 37362
771 37363
146 37364
869 37365
13 37366
111 37367
854 37368
797 37369
230 37370
38 37371
735 37372
198 37373
775 37374
988 37375
596 37376
55 37377
414 37378
527 37379
883 37380
46 37381
454 37382
720 37383
404 37384
25 37385
288 37386
141 37387
369 37388
477 37389
242 37390
806 37391
992 37392
508 37393
34 37394
646 37395
529 37396
877 37397
111 37398
415 37399
776 37400
597 37401
88 37402
705 37403
220 37404
7 37405
879 37406
605 37407
407 37408
837 37409
320 37410
752 37411
46 37412
575 37413
771 37414
178 37415
520 37416
863 37417
578 37418
82 37419
290 37420
650 37421
136 37422
213 37423
442 37424
32 37425
40 37426
540 37427
911 37428
873 37429
346 37430
879 37431
742 37432
246 37433
470 37434
46 37435
308 37436
869 37437
696 37438
157 37439
200 37440
257 37441
636 37442
165 37443
438 37444
903 37445
302 37446
144 37447
472 37448
88 37449
242 37450
223 37451
329 37452
641 37453
655 37454
155 37455
838 37456
757 37457
759 37458
137 37459
189 37460
516 37461
30 37462
594 37463
526 37464
835 37465
750 37466
495 37467
172 37468
94 37469
190 37470
627 37471
73 37472
218 37473
110 37474
607 37475
519 37476
20 37477
213 37478
203 37479
302 37480
156 37481
686 37482
30 37483
943 37484
949 37485
75 37486
792 37487
583 37488
40 37489
169 37490
529 37491
901 37492
447 37493
302 37494
850 37495
713 37496
613 37497
102 37498
757 37499
785 37500
888 37501
980 37502
350 37503
471 37504
256 37505
289 37506
583 37507
276 37508
916 37509
690 37510
147 37511
572 37512
144 37513
246 37514
479 37515
54 37516
277 37517
913 37518
234 37519
290 37520
132 37521
135 37522
452 37523
748 37524
350 37525
412 37526
700 37527
873 37528
236 37529
730 37530
91 37531
197 37532
240 37533
267 37534
527 37535
874 37536
641 37537
14 37538
730 37539
990 37540
172 37541
52 37542
682 37543
972 37544
282 37545
62 37546
671 37547
702 37548
967 37549
276 37550
470 37551
618 37552
478 37553
837 37554
384 37555
811 37556
402 37557
420 37558
505 37559
470 37560
700 37561
613 37562
611 37563
596 37564
223 37565
928 37566
512 37567
674 37568
409 37569
903 37570
305 37571
138 37572
46 37573
970 37574
761 37575
842 37576
506 37577
831 37578
693 37579
479 37580
838 37581
923 37582
303 37583
494 37584
971 37585
411 37586
866 37587
212 37588
387 37589
112 37590
755 37591
563 37592
838 37593
156 37594
9 37595
555 37596
398 37597
490 37598
214 37599
788 37600
804 37601
789 37602
302 37603
104 37604
651 37605
651 37606
901 37607
193 37608
539 37609
656 37610
965 37611
201 37612
234 37613
647 37614
843 37615
33 37616
826 37617
121 37618
882 37619
628 37620
618 37621
649 37622
60 37623
982 37624
774 37625
360 37626
501 37627
407 37628
565 37629
505 37630
26 37631
428 37632
122 37633
337 37634
293 37635
372 37636
619 37637
661 37638
342 37639
344 37640
484 37641
84 37642
267 37643
784 37644
482 37645
760 37646
472 37647
902 37648
390 37649
928 37650
6 37651
262 37652
851 37653
250 37654
155 37655
73 37656
429 37657
316 37658
420 37659
119 37660
930 37661
59 37662
68 37663
992 37664
143 37665
297 37666
116 37667
570 37668
647 37669
386 37670
584 37671
640 37672
221 37673
111 37674
716 37675
271 37676
108 37677
572 37678
925 37679
781 37680
994 37681
352 37682
907 37683
542 37684
174 37685
128 37686
173 37687
469 37688
554 37689
150 37690
329 37691
942 37692
493 37693
755 37694
284 37695
345 37696
902 37697
882 37698
690 37699
156 37700
217 37701
106 37702
52 37703
918 37704
277 37705
700 37706
117 37707
104 37708
557 37709
417 37710
256 37711
556 37712
80 37713
638 37714
974 37715
547 37716
780 37717
561 37718
727 37719
414 37720
446 37721
878 37722
320 37723
594 37724
152 37725
838 37726
566 37727
660 37728
396 37729
610 37730
584 37731
135 37732
866 37733
746 37734
139 37735
742 37736
662 37737
206 37738
83 37739
213 37740
243 37741
820 37742
365 37743
224 37744
688 37745
204 37746
131 37747
243 37748
983 37749
990 37750
994 37751
847 37752
186 37753
414 37754
831 37755
655 37756
578 37757
108 37758
745 37759
517 37760
858 37761
695 37762
454 37763
421 37764
21 37765
901 37766
225 37767
259 37768
903 37769
832 37770
132 37771
354 37772
414 37773
637 37774
51 37775
617 37776
304 37777
754 37778
999 37779
460 37780
668 37781
444 37782
508 37783
242 37784
316 37785
184 37786
300 37787
731 37788
156 37789
693 37790
13 37791
976 37792
453 37793
912 37794
743 37795
268 37796
919 37797
224 37798
494 37799
560 37800
891 37801
739 37802
401 37803
331 37804
646 37805
298 37806
176 37807
675 37808
480 37809
248 37810
83 37811
717 37812
79 37813
674 37814
924 37815
226 37816
151 37817
848 37818
255 37819
91 37820
137 37821
937 37822
82 37823
470 37824
999 37825
176 37826
989 37827
476 37828
699 37829
691 37830
918 37831
338 37832
830 37833
835 37834
851 37835
432 37836
540 37837
619 37838
28 37839
82 37840
156 37841
693 37842
694 37843
670 37844
572 37845
136 37846
387 37847
912 37848
285 37849
10 37850
170 37851
553 37852
653 37853
911 37854
904 37855
169 37856
146 37857
449 37858
900 37859
615 37860
28 37861
681 37862
290 37863
534 37864
492 37865
795 37866
890 37867
71 37868
460 37869
895 37870
615 37871
404 37872
223 37873
664 37874
953 37875
961 37876
663 37877
690 37878
832 37879
885 37880
95 37881
626 37882
210 37883
217 37884
966 37885
383 37886
25 37887
832 37888
540 37889
714 37890
1000 37891
963 37892
571 37893
867 37894
771 37895
49 37896
2 37897
886 37898
252 37899
732 37900
723 37901
120 37902
668 37903
919 37904
539 37905
362 37906
895 37907
135 37908
829 37909
875 37910
676 37911
601 37912
243 37913
254 37914
431 37915
633 37916
920 37917
105 37918
710 37919
496 37920
596 37921
511 37922
823 37923
40 37924
340 37925
10 37926
491 37927
791 37928
857 37929
255 37930
784 37931
290 37932
110 37933
248 37934
240 37935
307 37936
498 37937
672 37938
292 37939
553 37940
291 37941
276 37942
113 37943
830 37944
802 37945
296 37946
269 37947
238 37948
219 37949
809 37950
493 37951
660 37952
850 37953
476 37954
404 37955
566 37956
924 37957
352 37958
661 37959
433 37960
578 37961
238 37962
759 37963
187 37964
741 37965
421 37966
535 37967
470 37968
325 37969
353 37970
394 37971
546 37972
279 37973
507 37974
298 37975
763 37976
362 37977
904 37978
824 37979
991 37980
582 37981
839 37982
603 37983
981 37984
453 37985
893 37986
222 37987
237 37988
453 37989
401 37990
425 37991
10 37992
578 37993
480 37994
522 37995
647 37996
731 37997
819 37998
899 37999
22 38000
804 38001
259 38002
107 38003
217 38004
683 38005
471 38006
936 38007
568 38008
385 38009
210 38010
875 38011
262 38012
406 38013
956 38014
567 38015
186 38016
502 38017
245 38018
406 38019
722 38020
262 38021
502 38022
975 38023
428 38024
656 38025
95 38026
265 38027
829 38028
891 38029
897 38030
549 38031
711 38032
458 38033
848 38034
927 38035
38 38036
96 38037
760 38038
83 38039
930 38040
647 38041
942 38042
131 38043
604 38044
361 38045
519 38046
47 38047
919 38048
434 38049
133 38050
811 38051
273 38052
597 38053
69 38054
499 38055
896 38056
285 38057
980 38058
269 38059
942 38060
990 38061
670 38062
974 38063
597 38064
788 38065
90 38066
79 38067
334 38068
861 38069
48 38070
573 38071
63 38072
481 38073
654 38074
744 38075
647 38076
149 38077
996 38078
682 38079
114 38080
83 38081
259 38082
207 38083
283 38084
371 38085
353 38086
408 38087
889 38088
980 38089
511 38090
603 38091
596 38092
175 38093
118 38094
648 38095
328 38096
630 38097
93 38098
652 38099
681 38100
555 38101
88 38102
706 38103
351 38104
745 38105
314 38106
302 38107
50 38108
121 38109
77 38110
625 38111
700 38112
621 38113
308 38114
630 38115
852 38116
537 38117
456 38118
798 38119
651 38120
639 38121
638 38122
714 38123
623 38124
134 38125
911 38126
316 38127
255 38128
481 38129
955 38130
440 38131
23 38132
555 38133
217 38134
930 38135
113 38136
42 38137
496 38138
205 38139
65 38140
682 38141
272 38142
599 38143
290 38144
894 38145
371 38146
845 38147
788 38148
839 38149
625 38150
722 38151
30 38152
117 38153
337 38154
574 38155
197 38156
911 38157
587 38158
58 38159
464 38160
912 38161
945 38162
855 38163
831 38164
290 38165
66 38166
464 38167
76 38168
235 38169
954 38170
911 38171
567 38172
870 38173
369 38174
506 38175
885 38176
78 38177
605 38178
822 38179
910 38180
348 38181
356 38182
292 38183
350 38184
293 38185
745 38186
153 38187
567 38188
434 38189
943 38190
969 38191
624 38192
575 38193
492 38194
553 38195
926 38196
981 38197
97 38198
748 38199
931 38200
547 38201
358 38202
814 38203
370 38204
851 38205
697 38206
297 38207
799 38208
657 38209
360 38210
273 38211
616 38212
135 38213
115 38214
281 38215
914 38216
562 38217
107 38218
633 38219
250 38220
892 38221
261 38222
563 38223
829 38224
840 38225
453 38226
256 38227
515 38228
181 38229
360 38230
636 38231
566 38232
206 38233
449 38234
970 38235
713 38236
340 38237
110 38238
849 38239
655 38240
908 38241
630 38242
460 38243
799 38244
786 38245
944 38246
284 38247
683 38248
723 38249
273 38250
24 38251
623 38252
474 38253
840 38254
834 38255
137 38256
354 38257
8 38258
326 38259
182 38260
603 38261
690 38262
361 38263
356 38264
389 38265
54 38266
618 38267
504 38268
893 38269
60 38270
604 38271
506 38272
420 38273
49 38274
625 38275
364 38276
864 38277
548 38278
344 38279
977 38280
364 38281
448 38282
357 38283
524 38284
100 38285
91 38286
492 38287
50 38288
112 38289
160 38290
261 38291
468 38292
567 38293
165 38294
809 38295
761 38296
176 38297
328 38298
240 38299
492 38300
586 38301
197 38302
636 38303
624 38304
444 38305
755 38306
181 38307
228 38308
108 38309
174 38310
654 38311
723 38312
582 38313
433 38314
430 38315
879 38316
584 38317
829 38318
207 38319
144 38320
451 38321
120 38322
424 38323
874 38324
950 38325
931 38326
383 38327
804 38328
363 38329
765 38330
256 38331
553 38332
974 38333
298 38334
110 38335
608 38336
597 38337
505 38338
562 38339
354 38340
793 38341
529 38342
759 38343
100 38344
284 38345
101 38346
546 38347
623 38348
732 38349
320 38350
797 38351
182 38352
724 38353
707 38354
578 38355
510 38356
1000 38357
584 38358
198 38359
152 38360
532 38361
766 38362
786 38363
240 38364
74 38365
131 38366
80 38367
477 38368
168 38369
823 38370
674 38371
865 38372
798 38373
201 38374
664 38375
249 38376
134 38377
905 38378
520 38379
12 38380
449 38381
451 38382
207 38383
335 38384
370 38385
295 38386
343 38387
270 38388
968 38389
526 38390
42 38391
789 38392
655 38393
306 38394
471 38395
986 38396
279 38397
742 38398
337 38399
726 38400
962 38401
555 38402
847 38403
91 38404
499 38405
310 38406
342 38407
943 38408
231 38409
373 38410
596 38411
521 38412
19 38413
946 38414
522 38415
158 38416
35 38417
705 38418
395 38419
185 38420
573 38421
780 38422
123 38423
555 38424
872 38425
714 38426
737 38427
717 38428
273 38429
167 38430
454 38431
256 38432
486 38433
550 38434
358 38435
329 38436
694 38437
782 38438
979 38439
121 38440
546 38441
46 38442
229 38443
303 38444
394 38445
106 38446
812 38447
236 38448
137 38449
526 38450
656 38451
241 38452
222 38453
578 38454
97 38455
379 38456
729 38457
978 38458
322 38459
771 38460
565 38461
688 38462
881 38463
648 38464
23 38465
588 38466
977 38467
693 38468
22 38469
527 38470
566 38471
193 38472
998 38473
536 38474
833 38475
62 38476
236 38477
836 38478
754 38479
536 38480
202 38481
415 38482
481 38483
193 38484
101 38485
525 38486
341 38487
567 38488
464 38489
287 38490
600 38491
504 38492
855 38493
101 38494
247 38495
140 38496
212 38497
821 38498
585 38499
222 38500
977 38501
65 38502
328 38503
936 38504
515 38505
399 38506
720 38507
677 38508
84 38509
277 38510
679 38511
77 38512
880 38513
323 38514
514 38515
800 38516
575 38517
180 38518
198 38519
915 38520
286 38521
33 38522
354 38523
225 38524
753 38525
129 38526
127 38527
918 38528
207 38529
527 38530
555 38531
534 38532
628 38533
730 38534
401 38535
522 38536
471 38537
611 38538
934 38539
43 38540
94 38541
925 38542
984 38543
818 38544
490 38545
543 38546
630 38547
58 38548
636 38549
485 38550
620 38551
104 38552
653 38553
756 38554
827 38555
176 38556
243 38557
936 38558
908 38559
302 38560
153 38561
873 38562
782 38563
242 38564
848 38565
539 38566
770 38567
383 38568
968 38569
651 38570
240 38571
463 38572
695 38573
183 38574
264 38575
539 38576
54 38577
254 38578
847 38579
90 38580
690 38581
48 38582
468 38583
849 38584
556 38585
906 38586
26 38587
507 38588
250 38589
961 38590
570 38591
341 38592
651 38593
594 38594
532 38595
873 38596
421 38597
932 38598
931 38599
707 38600
678 38601
494 38602
681 38603
670 38604
338 38605
34 38606
456 38607
554 38608
471 38609
313 38610
999 38611
113 38612
560 38613
820 38614
317 38615
414 38616
257 38617
940 38618
71 38619
915 38620
400 38621
750 38622
881 38623
30 38624
476 38625
756 38626
63 38627
233 38628
825 38629
417 38630
92 38631
669 38632
806 38633
963 38634
663 38635
608 38636
589 38637
332 38638
94 38639
433 38640
688 38641
940 38642
126 38643
114 38644
457 38645
888 38646
984 38647
339 38648
96 38649
425 38650
332 38651
871 38652
960 38653
41 38654
695 38655
890 38656
286 38657
851 38658
944 38659
277 38660
367 38661
472 38662
692 38663
529 38664
226 38665
674 38666
626 38667
398 38668
900 38669
797 38670
208 38671
352 38672
278 38673
185 38674
572 38675
368 38676
552 38677
838 38678
270 38679
360 38680
507 38681
232 38682
569 38683
970 38684
13 38685
661 38686
992 38687
612 38688
501 38689
229 38690
760 38691
61 38692
591 38693
90 38694
730 38695
115 38696
748 38697
7 38698
653 38699
219 38700
883 38701
628 38702
488 38703
578 38704
258 38705
784 38706
261 38707
116 38708
731 38709
630 38710
200 38711
507 38712
100 38713
345 38714
375 38715
148 38716
516 38717
111 38718
567 38719
619 38720
623 38721
595 38722
581 38723
136 38724
62 38725
726 38726
294 38727
945 38728
472 38729
833 38730
524 38731
222 38732
266 38733
966 38734
177 38735
869 38736
649 38737
945 38738
639 38739
898 38740
818 38741
183 38742
518 38743
748 38744
159 38745
649 38746
130 38747
898 38748
99 38749
313 38750
207 38751
292 38752
850 38753
523 38754
252 38755
901 38756
393 38757
681 38758
379 38759
598 38760
880 38761
603 38762
564 38763
304 38764
300 38765
50 38766
680 38767
536 38768
722 38769
992 38770
824 38771
801 38772
596 38773
174 38774
683 38775
558 38776
424 38777
476 38778
669 38779
507 38780
268 38781
588 38782
593 38783
37 38784
616 38785
203 38786
356 38787
775 38788
373 38789
329 38790
347 38791
767 38792
758 38793
483 38794
582 38795
342 38796
382 38797
939 38798
374 38799
37 38800
394 38801
745 38802
49 38803
115 38804
456 38805
116 38806
233 38807
709 38808
103 38809
508 38810
265 38811
548 38812
149 38813
849 38814
604 38815
397 38816
376 38817
836 38818
843 38819
67 38820
394 38821
895 38822
112 38823
335 38824
739 38825
670 38826
479 38827
176 38828
191 38829
360 38830
242 38831
721 38832
862 38833
836 38834
991 38835
249 38836
693 38837
264 38838
219 38839
931 38840
764 38841
50 38842
52 38843
373 38844
639 38845
14 38846
120 38847
60 38848
707 38849
368 38850
729 38851
256 38852
802 38853
193 38854
571 38855
544 38856
99 38857
239 38858
830 38859
21 38860
62 38861
281 38862
400 38863
752 38864
835 38865
785 38866
94 38867
522 38868
884 38869
514 38870
749 38871
826 38872
316 38873
335 38874
107 38875
769 38876
270 38877
178 38878
345 38879
439 38880
410 38881
273 38882
381 38883
403 38884
260 38885
808 38886
115 38887
438 38888
740 38889
185 38890
122 38891
715 38892
30 38893
415 38894
51 38895
376 38896
897 38897
321 38898
281 38899
906 38900
422 38901
610 38902
842 38903
377 38904
827 38905
187 38906
826 38907
27 38908
36 38909
561 38910
177 38911
974 38912
116 38913
712 38914
900 38915
949 38916
410 38917
490 38918
296 38919
31 38920
873 38921
193 38922
739 38923
422 38924
886 38925
120 38926
939 38927
423 38928
357 38929
985 38930
398 38931
808 38932
151 38933
773 38934
575 38935
1 38936
284 38937
886 38938
299 38939
826 38940
886 38941
776 38942
80 38943
912 38944
611 38945
102 38946
716 38947
960 38948
840 38949
189 38950
562 38951
355 38952
86 38953
944 38954
166 38955
242 38956
22 38957
840 38958
192 38959
859 38960
776 38961
809 38962
614 38963
286 38964
946 38965
270 38966
677 38967
261 38968
564 38969
664 38970
514 38971
312 38972
573 38973
899 38974
729 38975
958 38976
172 38977
155 38978
646 38979
702 38980
772 38981
503 38982
657 38983
844 38984
733 38985
648 38986
241 38987
252 38988
400 38989
794 38990
207 38991
275 38992
791 38993
49 38994
760 38995
927 38996
214 38997
382 38998
439 38999
557 39000
781 39001
610 39002
109 39003
374 39004
183 39005
691 39006
33 39007
406 39008
147 39009
12 39010
989 39011
627 39012
842 39013
562 39014
763 39015
561 39016
498 39017
46 39018
338 39019
721 39020
238 39021
844 39022
592 39023
513 39024
810 39025
911 39026
90 39027
691 39028
415 39029
862 39030
938 39031
34 39032
978 39033
81 39034
188 39035
225 39036
495 39037
221 39038
422 39039
990 39040
426 39041
5 39042
33 39043
625 39044
600 39045
899 39046
490 39047
479 39048
766 39049
673 39050
9 39051
185 39052
314 39053
104 39054
73 39055
731 39056
818 39057
374 39058
492 39059
11 39060
339 39061
572 39062
595 39063
776 39064
904 39065
227 39066
802 39067
715 39068
914 39069
919 39070
851 39071
304 39072
613 39073
908 39074
886 39075
187 39076
89 39077
198 39078
980 39079
913 39080
506 39081
993 39082
460 39083
485 39084
945 39085
411 39086
491 39087
456 39088
346 39089
607 39090
286 39091
237 39092
61 39093
962 39094
456 39095
679 39096
411 39097
658 39098
689 39099
162 39100
577 39101
996 39102
589 39103
854 39104
215 39105
882 39106
854 39107
201 39108
842 39109
420 39110
804 39111
355 39112
680 39113
196 39114
433 39115
780 39116
397 39117
633 39118
929 39119
288 39120
445 39121
292 39122
865 39123
406 39124
730 39125
218 39126
630 39127
756 39128
898 39129
320 39130
250 39131
146 39132
715 39133
996 39134
877 39135
818 39136
986 39137
838 39138
300 39139
995 39140
294 39141
163 39142
469 39143
971 39144
682 39145
4 39146
215 39147
429 39148
285 39149
698 39150
885 39151
100 39152
978 39153
181 39154
232 39155
754 39156
664 39157
62 39158
253 39159
383 39160
490 39161
117 39162
342 39163
611 39164
284 39165
140 39166
17 39167
881 39168
21 39169
467 39170
585 39171
26 39172
467 39173
834 39174
928 39175
30 39176
960 39177
915 39178
573 39179
706 39180
320 39181
882 39182
309 39183
894 39184
529 39185
525 39186
97 39187
206 39188
379 39189
259 39190
933 39191
788 39192
685 39193
918 39194
71 39195
782 39196
214 39197
309 39198
378 39199
501 39200
891 39201
935 39202
491 39203
100 39204
768 39205
936 39206
106 39207
588 39208
793 39209
258 39210
340 39211
689 39212
659 39213
741 39214
197 39215
44 39216
294 39217
105 39218
246 39219
923 39220
822 39221
387 39222
745 39223
664 39224
225 39225
564 39226
12 39227
636 39228
721 39229
617 39230
140 39231
99 39232
290 39233
648 39234
174 39235
336 39236
256 39237
134 39238
802 39239
77 39240
960 39241
607 39242
705 39243
140 39244
387 39245
71 39246
133 39247
316 39248
962 39249
187 39250
17 39251
284 39252
544 39253
489 39254
902 39255
26 39256
401 39257
843 39258
659 39259
868 39260
292 39261
328 39262
429 39263
429 39264
449 39265
497 39266
988 39267
89 39268
577 39269
699 39270
116 39271
655 39272
506 39273
559 39274
836 39275
230 39276
380 39277
394 39278
313 39279
862 39280
96 39281
349 39282
71 39283
967 39284
652 39285
296 39286
983 39287
875 39288
302 39289
647 39290
54 39291
389 39292
816 39293
992 39294
813 39295
169 39296
801 39297
261 39298
114 39299
291 39300
320 39301
17 39302
111 39303
786 39304
572 39305
587 39306
784 39307
518 39308
131 39309
139 39310
655 39311
651 39312
298 39313
739 39314
712 39315
494 39316
618 39317
261 39318
401 39319
320 39320
349 39321
614 39322
477 39323
527 39324
557 39325
419 39326
193 39327
769 39328
959 39329
210 39330
256 39331
143 39332
513 39333
626 39334
796 39335
941 39336
989 39337
940 39338
948 39339
219 39340
105 39341
874 39342
429 39343
235 39344
961 39345
749 39346
781 39347
733 39348
963 39349
944 39350
565 39351
876 39352
898 39353
674 39354
246 39355
76 39356
448 39357
359 39358
332 39359
988 39360
86 39361
480 39362
124 39363
404 39364
542 39365
680 39366
79 39367
850 39368
610 39369
598 39370
365 39371
631 39372
228 39373
417 39374
452 39375
130 39376
102 39377
940 39378
110 39379
529 39380
255 39381
406 39382
752 39383
841 39384
176 39385
829 39386
878 39387
700 39388
996 39389
377 39390
646 39391
710 39392
664 39393
828 39394
89 39395
400 39396
989 39397
162 39398
45 39399
591 39400
700 39401
175 39402
239 39403
194 39404
408 39405
493 39406
352 39407
426 39408
895 39409
247 39410
954 39411
403 39412
969 39413
716 39414
395 39415
64 39416
887 39417
614 39418
654 39419
686 39420
513 39421
594 39422
552 39423
619 39424
529 39425
221 39426
455 39427
369 39428
239 39429
494 39430
296 39431
573 39432
741 39433
845 39434
656 39435
552 39436
237 39437
969 39438
334 39439
49 39440
506 39441
60 39442
407 39443
373 39444
885 39445
646 39446
762 39447
517 39448
876 39449
256 39450
68 39451
196 39452
985 39453
18 39454
415 39455
524 39456
8 39457
112 39458
20 39459
279 39460
242 39461
190 39462
17 39463
893 39464
594 39465
63 39466
327 39467
443 39468
808 39469
95 39470
989 39471
109 39472
563 39473
990 39474
909 39475
809 39476
38 39477
563 39478
385 39479
873 39480
955 39481
699 39482
327 39483
894 39484
124 39485
418 39486
894 39487
200 39488
639 39489
594 39490
47 39491
892 39492
842 39493
77 39494
783 39495
773 39496
643 39497
204 39498
397 39499
879 39500
891 39501
703 39502
960 39503
873 39504
259 39505
877 39506
877 39507
566 39508
899 39509
269 39510
275 39511
681 39512
55 39513
332 39514
463 39515
677 39516
547 39517
492 39518
651 39519
542 39520
152 39521
874 39522
636 39523
590 39524
101 39525
515 39526
165 39527
267 39528
367 39529
457 39530
682 39531
147 39532
317 39533
375 39534
416 39535
275 39536
471 39537
71 39538
398 39539
238 39540
623 39541
862 39542
328 39543
853 39544
879 39545
736 39546
306 39547
633 39548
47 39549
881 39550
208 39551
155 39552
43 39553
681 39554
932 39555
998 39556
896 39557
756 39558
818 39559
144 39560
8 39561
163 39562
463 39563
722 39564
821 39565
913 39566
592 39567
44 39568
404 39569
780 39570
221 39571
310 39572
450 39573
260 39574
962 39575
950 39576
294 39577
396 39578
686 39579
266 39580
652 39581
271 39582
727 39583
261 39584
359 39585
88 39586
255 39587
747 39588
543 39589
723 39590
279 39591
42 39592
900 39593
748 39594
382 39595
108 39596
49 39597
272 39598
178 39599
805 39600
59 39601
337 39602
467 39603
226 39604
163 39605
402 39606
641 39607
226 39608
877 39609
806 39610
253 39611
221 39612
328 39613
254 39614
820 39615
534 39616
940 39617
159 39618
413 39619
331 39620
132 39621
980 39622
520 39623
721 39624
801 39625
655 39626
513 39627
402 39628
871 39629
773 39630
343 39631
646 39632
172 39633
353 39634
637 39635
809 39636
220 39637
705 39638
788 39639
813 39640
16 39641
380 39642
72 39643
378 39644
795 39645
636 39646
19 39647
398 39648
610 39649
804 39650
302 39651
389 39652
931 39653
969 39654
216 39655
720 39656
944 39657
285 39658
929 39659
461 39660
123 39661
593 39662
706 39663
84 39664
90 39665
443 39666
809 39667
330 39668
323 39669
957 39670
617 39671
969 39672
616 39673
594 39674
130 39675
717 39676
956 39677
303 39678
203 39679
368 39680
822 39681
234 39682
557 39683
269 39684
846 39685
186 39686
142 39687
196 39688
338 39689
754 39690
933 39691
9 39692
627 39693
249 39694
864 39695
399 39696
609 39697
921 39698
867 39699
732 39700
157 39701
940 39702
179 39703
291 39704
211 39705
449 39706
316 39707
465 39708
462 39709
309 39710
377 39711
694 39712
287 39713
980 39714
451 39715
858 39716
970 39717
620 39718
344 39719
155 39720
875 39721
975 39722
942 39723
677 39724
105 39725
518 39726
326 39727
818 39728
5 39729
11 39730
247 39731
423 39732
655 39733
746 39734
826 39735
42 39736
737 39737
768 39738
493 39739
820 39740
786 39741
271 39742
253 39743
159 39744
984 39745
301 39746
7 39747
201 39748
618 39749
484 39750
929 39751
753 39752
263 39753
586 39754
665 39755
485 39756
327 39757
699 39758
873 39759
715 39760
437 39761
72 39762
298 39763
676 39764
451 39765
581 39766
260 39767
855 39768
719 39769
232 39770
975 39771
961 39772
629 39773
956 39774
711 39775
907 39776
840 39777
655 39778
527 39779
698 39780
487 39781
327 39782
964 39783
373 39784
859 39785
16 39786
340 39787
708 39788
291 39789
387 39790
355 39791
759 39792
750 39793
37 39794
280 39795
240 39796
931 39797
712 39798
523 39799
530 39800
17 39801
759 39802
504 39803
687 39804
411 39805
419 39806
210 39807
768 39808
783 39809
270 39810
715 39811
170 39812
197 39813
469 39814
391 39815
984 39816
497 39817
912 39818
619 39819
931 39820
532 39821
657 39822
339 39823
300 39824
371 39825
179 39826
25 39827
342 39828
64 39829
477 39830
880 39831
126 39832
680 39833
805 39834
130 39835
43 39836
209 39837
891 39838
205 39839
355 39840
716 39841
255 39842
242 39843
384 39844
878 39845
282 39846
191 39847
674 39848
66 39849
699 39850
540 39851
909 39852
133 39853
13 39854
730 39855
486 39856
144 39857
1 39858
519 39859
970 39860
447 39861
76 39862
13 39863
317 39864
661 39865
365 39866
897 39867
545 39868
965 39869
300 39870
929 39871
154 39872
432 39873
295 39874
817 39875
10 39876
360 39877
531 39878
548 39879
874 39880
673 39881
271 39882
438 39883
629 39884
20 39885
39 39886
290 39887
976 39888
852 39889
216 39890
620 39891
561 39892
758 39893
402 39894
605 39895
710 39896
111 39897
139 39898
283 39899
835 39900
676 39901
162 39902
650 39903
414 39904
413 39905
863 39906
734 39907
794 39908
560 39909
659 39910
562 39911
93 39912
862 39913
830 39914
977 39915
979 39916
884 39917
969 39918
144 39919
810 39920
983 39921
535 39922
266 39923
648 39924
426 39925
363 39926
394 39927
57 39928
228 39929
878 39930
915 39931
588 39932
887 39933
169 39934
842 39935
997 39936
470 39937
588 39938
927 39939
216 39940
998 39941
778 39942
123 39943
893 39944
836 39945
37 39946
453 39947
984 39948
316 39949
236 39950
367 39951
68 39952
641 39953
355 39954
351 39955
994 39956
682 39957
355 39958
598 39959
880 39960
172 39961
713 39962
625 39963
168 39964
712 39965
801 39966
801 39967
113 39968
397 39969
184 39970
252 39971
104 39972
300 39973
555 39974
449 39975
175 39976
203 39977
759 39978
275 39979
759 39980
106 39981
266 39982
431 39983
535 39984
71 39985
396 39986
316 39987
189 39988
264 39989
737 39990
537 39991
184 39992
498 39993
393 39994
810 39995
603 39996
225 39997
766 39998
363 39999
142 40000
929 40001
780 40002
15 40003
854 40004
249 40005
394 40006
337 40007
280 40008
60 40009
266 40010
305 40011
758 40012
253 40013
927 40014
826 40015
440 40016
51 40017
977 40018
98 40019
281 40020
966 40021
340 40022
961 40023
588 40024
521 40025
208 40026
28 40027
671 40028
914 40029
419 40030
169 40031
991 40032
751 40033
433 40034
801 40035
839 40036
446 40037
659 40038
179 40039
619 40040
145 40041
758 40042
475 40043
748 40044
217 40045
759 40046
444 40047
835 40048
898 40049
12 40050
639 40051
822 40052
141 40053
346 40054
463 40055
803 40056
463 40057
934 40058
188 40059
830 40060
186 40061
699 40062
737 40063
210 40064
32 40065
71 40066
451 40067
581 40068
317 40069
249 40070
177 40071
381 40072
49 40073
885 40074
37 40075
580 40076
721 40077
422 40078
731 40079
187 40080
713 40081
413 40082
507 40083
821 40084
808 40085
598 40086
163 40087
651 40088
819 40089
984 40090
982 40091
27 40092
282 40093
393 40094
244 40095
739 40096
310 40097
231 40098
899 40099
763 40100
553 40101
780 40102
843 40103
40 40104
333 40105
283 40106
552 40107
471 40108
712 40109
944 40110
409 40111
90 40112
6 40113
850 40114
74 40115
684 40116
678 40117
364 40118
501 40119
399 40120
247 40121
671 40122
908 40123
277 40124
664 40125
357 40126
165 40127
390 40128
751 40129
670 40130
70 40131
469 40132
588 40133
457 40134
258 40135
851 40136
922 40137
514 40138
319 40139
971 40140
941 40141
873 40142
40 40143
1000 40144
41 40145
441 40146
460 40147
746 40148
97 40149
459 40150
657 40151
424 40152
696 40153
435 40154
874 40155
586 40156
27 40157
678 40158
313 40159
596 40160
541 40161
536 40162
169 40163
91 40164
408 40165
869 40166
505 40167
513 40168
763 40169
859 40170
824 40171
847 40172
907 40173
368 40174
991 40175
945 40176
849 40177
492 40178
460 40179
700 40180
642 40181
408 40182
767 40183
69 40184
221 40185
252 40186
884 40187
583 40188
843 40189
789 40190
880 40191
316 40192
216 40193
133 40194
690 40195
832 40196
907 40197
284 40198
231 40199
222 40200
964 40201
227 40202
153 40203
378 40204
478 40205
877 40206
340 40207
58 40208
979 40209
513 40210
80 40211
759 40212
427 40213
441 40214
120 40215
693 40216
831 40217
547 40218
357 40219
835 40220
929 40221
113 40222
610 40223
675 40224
748 40225
121 40226
805 40227
543 40228
337 40229
841 40230
776 40231
911 40232
475 40233
683 40234
562 40235
856 40236
867 40237
403 40238
121 40239
498 40240
24 40241
73 40242
11 40243
187 40244
310 40245
917 40246
309 40247
405 40248
556 40249
607 40250
947 40251
490 40252
351 40253
924 40254
295 40255
675 40256
282 40257
647 40258
641 40259
374 40260
8 40261
122 40262
907 40263
367 40264
119 40265
8 40266
769 40267
421 40268
394 40269
476 40270
685 40271
981 40272
226 40273
58 40274
562 40275
832 40276
349 40277
936 40278
622 40279
349 40280
39 40281
727 40282
79 40283
874 40284
192 40285
783 40286
57 40287
373 40288
871 40289
226 40290
2 40291
997 40292
14 40293
767 40294
414 40295
454 40296
200 40297
506 40298
902 40299
465 40300
284 40301
558 40302
189 40303
743 40304
542 40305
943 40306
223 40307
958 40308
442 40309
801 40310
133 40311
811 40312
25 40313
385 40314
225 40315
72 40316
989 40317
760 40318
868 40319
34 40320
524 40321
529 40322
995 40323
36 40324
324 40325
933 40326
880 40327
9 40328
659 40329
478 40330
88 40331
309 40332
158 40333
367 40334
532 40335
102 40336
771 40337
592 40338
742 40339
166 40340
596 40341
201 40342
113 40343
4 40344
811 40345
16 40346
317 40347
509 40348
754 40349
372 40350
391 40351
160 40352
588 40353
560 40354
663 40355
299 40356
421 40357
824 40358
851 40359
425 40360
766 40361
502 40362
775 40363
425 40364
301 40365
624 40366
154 40367
819 40368
739 40369
923 40370
947 40371
614 40372
801 40373
891 40374
356 40375
374 40376
458 40377
947 40378
773 40379
486 40380
151 40381
689 40382
336 40383
589 40384
143 40385
479 40386
361 40387
567 40388
114 40389
813 40390
344 40391
947 40392
530 40393
676 40394
707 40395
774 40396
95 40397
921 40398
836 40399
756 40400
2 40401
736 40402
266 40403
983 40404
2 40405
884 40406
707 40407
838 40408
40 40409
740 40410
769 40411
843 40412
491 40413
202 40414
803 40415
926 40416
459 40417
989 40418
593 40419
583 40420
89 40421
558 40422
275 40423
797 40424
155 40425
42 40426
395 40427
533 40428
214 40429
915 40430
311 40431
260 40432
164 40433
914 40434
33 40435
962 40436
858 40437
351 40438
783 40439
631 40440
992 40441
234 40442
49 40443
321 40444
749 40445
930 40446
512 40447
627 40448
4 40449
549 40450
164 40451
777 40452
291 40453
755 40454
245 40455
920 40456
499 40457
773 40458
833 40459
665 40460
918 40461
337 40462
815 40463
46 40464
26 40465
915 40466
892 40467
573 40468
222 40469
525 40470
995 40471
331 40472
655 40473
796 40474
544 40475
53 40476
957 40477
490 40478
484 40479
937 40480
984 40481
458 40482
74 40483
736 40484
465 40485
131 40486
17 40487
858 40488
670 40489
781 40490
346 40491
734 40492
398 40493
335 40494
940 40495
249 40496
8 40497
770 40498
310 40499
394 40500
124 40501
743 40502
417 40503
441 40504
230 40505
813 40506
268 40507
580 40508
416 40509
805 40510
312 40511
820 40512
128 40513
702 40514
474 40515
960 40516
336 40517
277 40518
399 40519
715 40520
646 40521
267 40522
419 40523
182 40524
929 40525
753 40526
244 40527
941 40528
452 40529
352 40530
926 40531
626 40532
438 40533
616 40534
80 40535
240 40536
26 40537
748 40538
763 40539
772 40540
539 40541
22 40542
535 40543
847 40544
802 40545
465 40546
106 40547
902 40548
443 40549
529 40550
536 40551
42 40552
666 40553
741 40554
600 40555
998 40556
388 40557
273 40558
42 40559
914 40560
868 40561
866 40562
522 40563
184 40564
261 40565
652 40566
881 40567
338 40568
652 40569
403 40570
277 40571
450 40572
719 40573
229 40574
973 40575
576 40576
257 40577
798 40578
686 40579
37 40580
507 40581
931 40582
479 40583
280 40584
513 40585
496 40586
426 40587
35 40588
818 40589
120 40590
328 40591
907 40592
459 40593
426 40594
498 40595
901 40596
359 40597
949 40598
373 40599
26 40600
963 40601
508 40602
973 40603
815 40604
488 40605
233 40606
878 40607
288 40608
591 40609
569 40610
855 40611
436 40612
828 40613
559 40614
332 40615
907 40616
239 40617
518 40618
583 40619
193 40620
715 40621
801 40622
447 40623
916 40624
433 40625
537 40626
379 40627
219 40628
682 40629
464 40630
585 40631
185 40632
949 40633
628 40634
512 40635
147 40636
896 40637
741 40638
252 40639
938 40640
369 40641
171 40642
268 40643
837 40644
637 40645
238 40646
615 40647
196 40648
860 40649
561 40650
141 40651
75 40652
388 40653
567 40654
357 40655
113 40656
388 40657
353 40658
689 40659
702 40660
312 40661
442 40662
237 40663
375 40664
664 40665
408 40666
559 40667
382 40668
925 40669
42 40670
838 40671
801 40672
625 40673
779 40674
553 40675
936 40676
207 40677
429 40678
804 40679
210 40680
678 40681
605 40682
405 40683
379 40684
769 40685
921 40686
407 40687
402 40688
904 40689
605 40690
913 40691
391 40692
328 40693
472 40694
404 40695
803 40696
129 40697
334 40698
785 40699
622 40700
921 40701
726 40702
193 40703
413 40704
338 40705
309 40706
525 40707
14 40708
707 40709
483 40710
88 40711
292 40712
800 40713
75 40714
716 40715
446 40716
797 40717
419 40718
309 40719
740 40720
298 40721
428 40722
140 40723
592 40724
795 40725
801 40726
894 40727
878 40728
220 40729
18 40730
23 40731
756 40732
725 40733
411 40734
238 40735
729 40736
144 40737
858 40738
764 40739
839 40740
355 40741
215 40742
599 40743
868 40744
991 40745
105 40746
582 40747
616 40748
157 40749
726 40750
313 40751
802 40752
478 40753
180 40754
31 40755
205 40756
535 40757
934 40758
443 40759
254 40760
81 40761
505 40762
843 40763
304 40764
837 40765
81 40766
524 40767
977 40768
763 40769
526 40770
941 40771
881 40772
271 40773
253 40774
566 40775
182 40776
1 40777
157 40778
20 40779
864 40780
870 40781
700 40782
169 40783
313 40784
854 40785
867 40786
528 40787
262 40788
446 40789
30 40790
94 40791
791 40792
923 40793
780 40794
888 40795
978 40796
141 40797
52 40798
397 40799
488 40800
841 40801
541 40802
425 40803
761 40804
681 40805
580 40806
544 40807
126 40808
547 40809
997 40810
206 40811
832 40812
250 40813
555 40814
244 40815
620 40816
367 40817
958 40818
600 40819
540 40820
244 40821
676 40822
337 40823
666 40824
719 40825
362 40826
970 40827
961 40828
400 40829
716 40830
778 40831
127 40832
253 40833
880 40834
609 40835
738 40836
848 40837
306 40838
293 40839
838 40840
249 40841
225 40842
553 40843
536 40844
574 40845
344 40846
960 40847
208 40848
410 40849
624 40850
909 40851
84 40852
282 40853
607 40854
284 40855
960 40856
47 40857
342 40858
782 40859
246 40860
752 40861
306 40862
108 40863
665 40864
173 40865
900 40866
21 40867
93 40868
961 40869
163 40870
61 40871
449 40872
824 40873
845 40874
585 40875
860 40876
20 40877
290 40878
145 40879
590 40880
601 40881
300 40882
619 40883
63 40884
726 40885
664 40886
546 40887
530 40888
577 40889
291 40890
766 40891
292 40892
560 40893
594 40894
760 40895
701 40896
820 40897
395 40898
78 40899
336 40900
300 40901
645 40902
178 40903
967 40904
455 40905
80 40906
310 40907
264 40908
876 40909
146 40910
930 40911
774 40912
775 40913
886 40914
456 40915
188 40916
724 40917
289 40918
839 40919
64 40920
569 40921
944 40922
604 40923
451 40924
687 40925
479 40926
253 40927
37 40928
480 40929
461 40930
186 40931
816 40932
548 40933
570 40934
425 40935
750 40936
210 40937
521 40938
150 40939
775 40940
64 40941
817 40942
370 40943
264 40944
561 40945
897 40946
426 40947
100 40948
275 40949
471 40950
402 40951
99 40952
146 40953
532 40954
670 40955
48 40956
217 40957
268 40958
703 40959
644 40960
386 40961
350 40962
695 40963
560 40964
140 40965
395 40966
977 40967
970 40968
160 40969
767 40970
726 40971
858 40972
888 40973
835 40974
749 40975
249 40976
855 40977
235 40978
633 40979
102 40980
111 40981
306 40982
328 40983
780 40984
774 40985
387 40986
17 40987
820 40988
229 40989
709 40990
659 40991
137 40992
947 40993
62 40994
616 40995
992 40996
632 40997
477 40998
159 40999
134 41000
634 41001
41 41002
352 41003
795 41004
679 41005
236 41006
399 41007
33 41008
373 41009
69 41010
634 41011
419 41012
749 41013
612 41014
227 41015
556 41016
762 41017
409 41018
458 41019
138 41020
2 41021
935 41022
875 41023
530 41024
817 41025
624 41026
562 41027
934 41028
499 41029
843 41030
984 41031
838 41032
216 41033
456 41034
397 41035
65 41036
686 41037
348 41038
296 41039
624 41040
646 41041
865 41042
531 41043
678 41044
292 41045
849 41046
43 41047
986 41048
305 41049
116 41050
313 41051
183 41052
225 41053
116 41054
597 41055
983 41056
722 41057
248 41058
257 41059
525 41060
75 41061
914 41062
233 41063
571 41064
970 41065
442 41066
479 41067
872 41068
84 41069
614 41070
168 41071
378 41072
436 41073
478 41074
15 41075
307 41076
801 41077
175 41078
741 41079
626 41080
657 41081
733 41082
85 41083
146 41084
572 41085
645 41086
41 41087
278 41088
43 41089
533 41090
832 41091
932 41092
496 41093
16 41094
545 41095
734 41096
228 41097
945 41098
609 41099
721 41100
492 41101
931 41102
431 41103
306 41104
295 41105
847 41106
504 41107
901 41108
486 41109
772 41110
694 41111
547 41112
117 41113
392 41114
660 41115
408 41116
396 41117
569 41118
144 41119
366 41120
384 41121
797 41122
22 41123
158 41124
567 41125
612 41126
346 41127
599 41128
862 41129
77 41130
460 41131
550 41132
373 41133
666 41134
840 41135
380 41136
937 41137
814 41138
210 41139
488 41140
798 41141
996 41142
383 41143
346 41144
311 41145
882 41146
60 41147
809 41148
30 41149
30 41150
43 41151
728 41152
667 41153
97 41154
782 41155
761 41156
154 41157
110 41158
294 41159
611 41160
618 41161
910 41162
473 41163
312 41164
969 41165
642 41166
79 41167
412 41168
461 41169
70 41170
50 41171
578 41172
759 41173
56 41174
65 41175
231 41176
389 41177
851 41178
665 41179
703 41180
603 41181
447 41182
93 41183
638 41184
365 41185
283 41186
902 41187
493 41188
563 41189
909 41190
785 41191
970 41192
548 41193
638 41194
830 41195
235 41196
524 41197
470 41198
978 41199
25 41200
141 41201
134 41202
644 41203
721 41204
893 41205
90 41206
833 41207
794 41208
214 41209
229 41210
332 41211
797 41212
437 41213
976 41214
161 41215
44 41216
660 41217
506 41218
90 41219
203 41220
706 41221
169 41222
122 41223
751 41224
424 41225
166 41226
886 41227
880 41228
125 41229
404 41230
742 41231
673 41232
396 41233
179 41234
514 41235
764 41236
650 41237
843 41238
607 41239
77 41240
439 41241
161 41242
497 41243
976 41244
979 41245
39 41246
457 41247
658 41248
510 41249
490 41250
204 41251
753 41252
415 41253
280 41254
705 41255
270 41256
572 41257
342 41258
215 41259
356 41260
300 41261
103 41262
533 41263
423 41264
773 41265
480 41266
638 41267
64 41268
220 41269
404 41270
715 41271
668 41272
542 41273
816 41274
790 41275
711 41276
915 41277
458 41278
294 41279
648 41280
625 41281
447 41282
922 41283
884 41284
308 41285
736 41286
232 41287
217 41288
259 41289
919 41290
679 41291
750 41292
804 41293
434 41294
455 41295
238 41296
652 41297
27 41298
969 41299
332 41300
888 41301
877 41302
91 41303
511 41304
325 41305
103 41306
117 41307
514 41308
728 41309
316 41310
230 41311
966 41312
568 41313
831 41314
90 41315
844 41316
218 41317
553 41318
686 41319
772 41320
360 41321
231 41322
565 41323
148 41324
883 41325
701 41326
299 41327
446 41328
996 41329
154 41330
972 41331
107 41332
553 41333
592 41334
632 41335
521 41336
596 41337
685 41338
592 41339
517 41340
704 41341
750 41342
823 41343
667 41344
418 41345
109 41346
498 41347
774 41348
856 41349
222 41350
1000 41351
649 41352
30 41353
341 41354
35 41355
91 41356
815 41357
578 41358
109 41359
507 41360
262 41361
128 41362
940 41363
379 41364
435 41365
318 41366
479 41367
100 41368
767 41369
487 41370
17 41371
24 41372
82 41373
521 41374
628 41375
915 41376
891 41377
469 41378
355 41379
26 41380
250 41381
455 41382
150 41383
587 41384
450 41385
717 41386
908 41387
127 41388
825 41389
898 41390
587 41391
348 41392
662 41393
280 41394
900 41395
623 41396
442 41397
604 41398
383 41399
996 41400
489 41401
871 41402
806 41403
536 41404
113 41405
598 41406
950 41407
351 41408
25 41409
173 41410
348 41411
408 41412
301 41413
640 41414
525 41415
210 41416
990 41417
879 41418
415 41419
958 41420
939 41421
997 41422
436 41423
740 41424
24 41425
462 41426
376 41427
529 41428
183 41429
576 41430
699 41431
165 41432
341 41433
74 41434
236 41435
568 41436
683 41437
739 41438
918 41439
242 41440
914 41441
87 41442
573 41443
240 41444
648 41445
982 41446
120 41447
686 41448
442 41449
67 41450
191 41451
969 41452
131 41453
297 41454
93 41455
505 41456
820 41457
952 41458
708 41459
274 41460
837 41461
983 41462
799 41463
418 41464
488 41465
608 41466
185 41467
930 41468
965 41469
37 41470
840 41471
810 41472
307 41473
55 41474
91 41475
623 41476
498 41477
672 41478
541 41479
467 41480
684 41481
460 41482
280 41483
467 41484
106 41485
388 41486
865 41487
936 41488
419 41489
422 41490
150 41491
469 41492
547 41493
667 41494
554 41495
279 41496
995 41497
627 41498
781 41499
71 41500
679 41501
68 41502
769 41503
1000 41504
859 41505
620 41506
347 41507
417 41508
240 41509
625 41510
748 41511
896 41512
692 41513
336 41514
210 41515
462 41516
93 41517
652 41518
394 41519
439 41520
336 41521
514 41522
521 41523
733 41524
26 41525
190 41526
270 41527
679 41528
798 41529
493 41530
496 41531
184 41532
904 41533
928 41534
182 41535
263 41536
787 41537
172 41538
811 41539
990 41540
263 41541
279 41542
225 41543
294 41544
974 41545
806 41546
79 41547
968 41548
868 41549
378 41550
248 41551
929 41552
693 41553
312 41554
288 41555
685 41556
727 41557
210 41558
985 41559
691 41560
288 41561
706 41562
41 41563
832 41564
839 41565
980 41566
47 41567
344 41568
2 41569
908 41570
230 41571
100 41572
715 41573
918 41574
383 41575
552 41576
722 41577
481 41578
243 41579
738 41580
188 41581
519 41582
816 41583
226 41584
719 41585
573 41586
794 41587
169 41588
375 41589
185 41590
373 41591
323 41592
172 41593
217 41594
548 41595
334 41596
699 41597
145 41598
687 41599
804 41600
64 41601
340 41602
591 41603
421 41604
344 41605
563 41606
163 41607
291 41608
505 41609
871 41610
587 41611
400 41612
618 41613
793 41614
478 41615
36 41616
566 41617
377 41618
410 41619
46 41620
100 41621
405 41622
813 41623
799 41624
830 41625
1000 41626
551 41627
195 41628
855 41629
672 41630
114 41631
574 41632
520 41633
424 41634
197 41635
726 41636
527 41637
695 41638
337 41639
235 41640
697 41641
456 41642
392 41643
848 41644
532 41645
997 41646
541 41647
972 41648
45 41649
370 41650
282 41651
145 41652
28 41653
445 41654
246 41655
799 41656
842 41657
249 41658
828 41659
355 41660
193 41661
107 41662
133 41663
451 41664
652 41665
949 41666
942 41667
589 41668
460 41669
600 41670
205 41671
796 41672
394 41673
126 41674
656 41675
264 41676
470 41677
448 41678
706 41679
586 41680
533 41681
920 41682
375 41683
619 41684
765 41685
784 41686
720 41687
421 41688
286 41689
640 41690
414 41691
359 41692
953 41693
758 41694
664 41695
31 41696
607 41697
431 41698
181 41699
276 41700
102 41701
904 41702
948 41703
81 41704
826 41705
802 41706
931 41707
284 41708
483 41709
902 41710
726 41711
196 41712
914 41713
585 41714
251 41715
75 41716
913 41717
883 41718
365 41719
770 41720
364 41721
215 41722
879 41723
484 41724
755 41725
152 41726
442 41727
680 41728
592 41729
552 41730
671 41731
629 41732
16 41733
558 41734
535 41735
204 41736
216 41737
620 41738
53 41739
334 41740
877 41741
279 41742
912 41743
722 41744
212 41745
984 41746
588 41747
979 41748
34 41749
927 41750
681 41751
52 41752
878 41753
424 41754
639 41755
812 41756
962 41757
256 41758
720 41759
995 41760
455 41761
499 41762
144 41763
623 41764
801 41765
258 41766
700 41767
446 41768
711 41769
297 41770
336 41771
511 41772
961 41773
665 41774
30 41775
747 41776
606 41777
369 41778
423 41779
576 41780
199 41781
208 41782
996 41783
537 41784
695 41785
424 41786
432 41787
774 41788
724 41789
876 41790
979 41791
180 41792
316 41793
708 41794
753 41795
312 41796
63 41797
988 41798
657 41799
250 41800
174 41801
763 41802
722 41803
712 41804
407 41805
426 41806
940 41807
721 41808
420 41809
449 41810
938 41811
470 41812
59 41813
994 41814
861 41815
814 41816
864 41817
989 41818
596 41819
393 41820
392 41821
708 41822
871 41823
971 41824
285 41825
541 41826
637 41827
245 41828
784 41829
745 41830
858 41831
404 41832
623 41833
655 41834
812 41835
460 41836
432 41837
658 41838
144 41839
281 41840
728 41841
605 41842
377 41843
868 41844
337 41845
438 41846
459 41847
99 41848
73 41849
17 41850
629 41851
429 41852
279 41853
436 41854
808 41855
379 41856
338 41857
607 41858
535 41859
722 41860
826 41861
651 41862
638 41863
795 41864
244 41865
777 41866
633 41867
634 41868
668 41869
154 41870
18 41871
803 41872
841 41873
614 41874
526 41875
100 41876
963 41877
789 41878
680 41879
61 41880
250 41881
178 41882
319 41883
501 41884
191 41885
422 41886
72 41887
404 41888
550 41889
11 41890
203 41891
735 41892
767 41893
102 41894
761 41895
732 41896
618 41897
542 41898
596 41899
61 41900
717 41901
206 41902
748 41903
547 41904
255 41905
130 41906
551 41907
644 41908
788 41909
386 41910
27 41911
148 41912
634 41913
947 41914
591 41915
888 41916
371 41917
377 41918
496 41919
431 41920
153 41921
102 41922
851 41923
58 41924
517 41925
695 41926
113 41927
606 41928
510 41929
105 41930
61 41931
318 41932
608 41933
452 41934
50 41935
241 41936
487 41937
305 41938
130 41939
769 41940
659 41941
515 41942
353 41943
132 41944
390 41945
825 41946
7 41947
376 41948
28 41949
143 41950
538 41951
473 41952
223 41953
524 41954
484 41955
312 41956
560 41957
701 41958
430 41959
589 41960
943 41961
747 41962
311 41963
721 41964
999 41965
34 41966
806 41967
341 41968
568 41969
180 41970
1000 41971
883 41972
578 41973
515 41974
19 41975
710 41976
35 41977
338 41978
834 41979
127 41980
921 41981
101 41982
304 41983
478 41984
741 41985
906 41986
133 41987
97 41988
804 41989
810 41990
331 41991
850 41992
617 41993
864 41994
662 41995
588 41996
808 41997
244 41998
99 41999
370 42000
193 42001
48 42002
89 42003
409 42004
147 42005
828 42006
306 42007
121 42008
113 42009
188 42010
820 42011
649 42012
57 42013
629 42014
956 42015
843 42016
199 42017
359 42018
739 42019
268 42020
510 42021
188 42022
980 42023
856 42024
928 42025
852 42026
282 42027
697 42028
762 42029
470 42030
490 42031
553 42032
127 42033
515 42034
686 42035
895 42036
45 42037
778 42038
67 42039
927 42040
978 42041
774 42042
596 42043
470 42044
637 42045
498 42046
37 42047
685 42048
270 42049
691 42050
596 42051
817 42052
28 42053
39 42054
616 42055
720 42056
838 42057
778 42058
31 42059
401 42060
851 42061
728 42062
809 42063
8 42064
799 42065
468 42066
210 42067
903 42068
123 42069
816 42070
870 42071
406 42072
620 42073
649 42074
96 42075
323 42076
613 42077
321 42078
486 42079
449 42080
285 42081
56 42082
229 42083
565 42084
551 42085
283 42086
606 42087
689 42088
654 42089
400 42090
675 42091
742 42092
291 42093
502 42094
404 42095
858 42096
149 42097
127 42098
629 42099
27 42100
579 42101
673 42102
298 42103
925 42104
887 42105
249 42106
823 42107
716 42108
530 42109
722 42110
672 42111
961 42112
73 42113
724 42114
103 42115
193 42116
542 42117
625 42118
843 42119
27 42120
343 42121
517 42122
193 42123
778 42124
938 42125
162 42126
203 42127
68 42128
99 42129
794 42130
637 42131
63 42132
513 42133
456 42134
381 42135
308 42136
418 42137
538 42138
991 42139
636 42140
769 42141
40 42142
683 42143
523 42144
107 42145
780 42146
66 42147
848 42148
461 42149
978 42150
172 42151
25 42152
804 42153
916 42154
995 42155
449 42156
324 42157
863 42158
307 42159
269 42160
733 42161
191 42162
991 42163
878 42164
630 42165
418 42166
799 42167
631 42168
485 42169
845 42170
627 42171
955 42172
976 42173
718 42174
6 42175
262 42176
201 42177
236 42178
824 42179
362 42180
994 42181
705 42182
152 42183
410 42184
355 42185
911 42186
80 42187
395 42188
380 42189
493 42190
532 42191
349 42192
807 42193
716 42194
183 42195
199 42196
58 42197
124 42198
413 42199
257 42200
858 42201
459 42202
415 42203
354 42204
988 42205
732 42206
144 42207
552 42208
911 42209
768 42210
31 42211
934 42212
308 42213
77 42214
141 42215
412 42216
391 42217
911 42218
156 42219
865 42220
636 42221
572 42222
698 42223
89 42224
800 42225
817 42226
722 42227
669 42228
49 42229
342 42230
231 42231
942 42232
211 42233
586 42234
333 42235
523 42236
63 42237
141 42238
905 42239
549 42240
209 42241
530 42242
571 42243
439 42244
938 42245
91 42246
670 42247
655 42248
974 42249
347 42250
712 42251
900 42252
169 42253
307 42254
287 42255
987 42256
312 42257
540 42258
231 42259
638 42260
255 42261
421 42262
505 42263
235 42264
572 42265
46 42266
963 42267
386 42268
131 42269
803 42270
787 42271
632 42272
101 42273
321 42274
96 42275
359 42276
622 42277
764 42278
473 42279
81 42280
322 42281
155 42282
528 42283
882 42284
22 42285
936 42286
116 42287
640 42288
897 42289
775 42290
597 42291
98 42292
776 42293
956 42294
226 42295
972 42296
212 42297
470 42298
974 42299
64 42300
702 42301
44 42302
592 42303
649 42304
166 42305
544 42306
752 42307
968 42308
243 42309
75 42310
356 42311
661 42312
120 42313
559 42314
816 42315
870 42316
838 42317
590 42318
939 42319
584 42320
964 42321
842 42322
834 42323
928 42324
800 42325
154 42326
430 42327
64 42328
976 42329
913 42330
535 42331
769 42332
685 42333
452 42334
480 42335
356 42336
945 42337
126 42338
442 42339
762 42340
966 42341
758 42342
189 42343
795 42344
506 42345
622 42346
189 42347
432 42348
309 42349
599 42350
134 42351
150 42352
480 42353
901 42354
54 42355
286 42356
588 42357
493 42358
965 42359
594 42360
105 42361
661 42362
310 42363
952 42364
580 42365
306 42366
781 42367
987 42368
429 42369
83 42370
485 42371
490 42372
174 42373
461 42374
181 42375
36 42376
362 42377
623 42378
505 42379
520 42380
264 42381
266 42382
96 42383
177 42384
472 42385
481 42386
623 42387
236 42388
514 42389
462 42390
646 42391
389 42392
821 42393
236 42394
985 42395
986 42396
450 42397
807 42398
883 42399
649 42400
741 42401
18 42402
398 42403
416 42404
947 42405
67 42406
367 42407
522 42408
583 42409
287 42410
533 42411
958 42412
61 42413
142 42414
643 42415
184 42416
452 42417
237 42418
406 42419
415 42420
245 42421
233 42422
247 42423
338 42424
712 42425
215 42426
433 42427
786 42428
640 42429
741 42430
159 42431
390 42432
124 42433
391 42434
295 42435
348 42436
520 42437
710 42438
798 42439
682 42440
232 42441
1 42442
966 42443
649 42444
244 42445
206 42446
787 42447
874 42448
618 42449
829 42450
352 42451
372 42452
992 42453
228 42454
6 42455
757 42456
223 42457
70 42458
703 42459
533 42460
703 42461
227 42462
778 42463
227 42464
837 42465
768 42466
369 42467
593 42468
961 42469
616 42470
553 42471
340 42472
23 42473
899 42474
270 42475
15 42476
380 42477
38 42478
651 42479
622 42480
959 42481
467 42482
53 42483
94 42484
136 42485
864 42486
166 42487
563 42488
519 42489
113 42490
755 42491
216 42492
994 42493
242 42494
505 42495
313 42496
76 42497
269 42498
842 42499
56 42500
936 42501
975 42502
871 42503
477 42504
360 42505
334 42506
791 42507
351 42508
894 42509
768 42510
857 42511
368 42512
914 42513
928 42514
781 42515
700 42516
953 42517
780 42518
492 42519
508 42520
928 42521
92 42522
698 42523
976 42524
24 42525
356 42526
325 42527
897 42528
26 42529
913 42530
203 42531
161 42532
4 42533
13 42534
717 42535
84 42536
235 42537
805 42538
362 42539
524 42540
24 42541
870 42542
905 42543
744 42544
597 42545
551 42546
956 42547
991 42548
299 42549
185 42550
241 42551
468 42552
940 42553
150 42554
144 42555
510 42556
45 42557
927 42558
94 42559
952 42560
660 42561
737 42562
552 42563
188 42564
664 42565
397 42566
943 42567
781 42568
21 42569
411 42570
676 42571
964 42572
587 42573
473 42574
884 42575
85 42576
480 42577
788 42578
722 42579
690 42580
447 42581
4 42582
155 42583
201 42584
314 42585
741 42586
890 42587
509 42588
556 42589
605 42590
709 42591
310 42592
473 42593
306 42594
149 42595
631 42596
304 42597
370 42598
889 42599
9 42600
609 42601
365 42602
797 42603
148 42604
576 42605
629 42606
857 42607
904 42608
722 42609
835 42610
613 42611
389 42612
718 42613
75 42614
903 42615
933 42616
948 42617
672 42618
743 42619
670 42620
267 42621
971 42622
924 42623
512 42624
738 42625
725 42626
300 42627
135 42628
41 42629
505 42630
194 42631
576 42632
825 42633
438 42634
907 42635
307 42636
248 42637
893 42638
660 42639
898 42640
981 42641
180 42642
739 42643
919 42644
421 42645
321 42646
587 42647
494 42648
406 42649
687 42650
607 42651
970 42652
906 42653
171 42654
182 42655
299 42656
747 42657
220 42658
807 42659
931 42660
674 42661
988 42662
554 42663
178 42664
483 42665
655 42666
843 42667
991 42668
482 42669
690 42670
910 42671
769 42672
164 42673
397 42674
127 42675
394 42676
889 42677
616 42678
314 42679
804 42680
75 42681
620 42682
599 42683
411 42684
69 42685
797 42686
350 42687
322 42688
862 42689
953 42690
582 42691
730 42692
557 42693
644 42694
399 42695
881 42696
143 42697
978 42698
984 42699
430 42700
78 42701
447 42702
73 42703
649 42704
633 42705
543 42706
17 42707
462 42708
982 42709
844 42710
680 42711
393 42712
835 42713
674 42714
766 42715
419 42716
610 42717
495 42718
646 42719
903 42720
810 42721
480 42722
817 42723
689 42724
774 42725
484 42726
401 42727
923 42728
438 42729
905 42730
580 42731
252 42732
191 42733
460 42734
506 42735
902 42736
32 42737
385 42738
742 42739
990 42740
326 42741
80 42742
9 42743
88 42744
50 42745
479 42746
896 42747
531 42748
926 42749
960 42750
260 42751
512 42752
395 42753
447 42754
201 42755
637 42756
727 42757
4 42758
972 42759
738 42760
455 42761
568 42762
826 42763
532 42764
65 42765
624 42766
865 42767
247 42768
320 42769
812 42770
583 42771
513 42772
477 42773
320 42774
504 42775
543 42776
896 42777
233 42778
262 42779
318 42780
608 42781
650 42782
24 42783
423 42784
527 42785
982 42786
985 42787
900 42788
234 42789
616 42790
534 42791
922 42792
527 42793
987 42794
23 42795
826 42796
967 42797
943 42798
100 42799
637 42800
489 42801
888 42802
142 42803
287 42804
116 42805
166 42806
892 42807
418 42808
100 42809
227 42810
36 42811
625 42812
842 42813
702 42814
11 42815
982 42816
110 42817
631 42818
587 42819
856 42820
222 42821
749 42822
33 42823
373 42824
302 42825
966 42826
178 42827
496 42828
273 42829
664 42830
308 42831
115 42832
731 42833
599 42834
186 42835
184 42836
701 42837
410 42838
953 42839
854 42840
241 42841
731 42842
106 42843
342 42844
201 42845
139 42846
210 42847
819 42848
720 42849
486 42850
569 42851
456 42852
840 42853
316 42854
997 42855
669 42856
53 42857
118 42858
352 42859
684 42860
367 42861
157 42862
696 42863
261 42864
112 42865
889 42866
337 42867
189 42868
533 42869
534 42870
505 42871
163 42872
747 42873
746 42874
361 42875
957 42876
811 42877
519 42878
134 42879
720 42880
48 42881
594 42882
651 42883
276 42884
974 42885
94 42886
377 42887
876 42888
653 42889
67 42890
483 42891
717 42892
691 42893
93 42894
226 42895
95 42896
102 42897
905 42898
515 42899
842 42900
200 42901
482 42902
169 42903
93 42904
858 42905
697 42906
37 42907
419 42908
313 42909
707 42910
194 42911
121 42912
509 42913
726 42914
382 42915
560 42916
729 42917
587 42918
896 42919
391 42920
741 42921
659 42922
340 42923
307 42924
657 42925
194 42926
649 42927
659 42928
297 42929
275 42930
365 42931
528 42932
831 42933
28 42934
470 42935
388 42936
635 42937
363 42938
764 42939
979 42940
738 42941
609 42942
418 42943
977 42944
636 42945
123 42946
409 42947
952 42948
977 42949
382 42950
834 42951
130 42952
752 42953
838 42954
708 42955
22 42956
955 42957
500 42958
514 42959
264 42960
711 42961
759 42962
863 42963
439 42964
933 42965
354 42966
233 42967
418 42968
726 42969
775 42970
976 42971
574 42972
753 42973
872 42974
607 42975
659 42976
144 42977
797 42978
350 42979
29 42980
33 42981
636 42982
587 42983
183 42984
507 42985
421 42986
647 42987
668 42988
4 42989
320 42990
985 42991
939 42992
590 42993
397 42994
270 42995
615 42996
127 42997
789 42998
710 42999
76 43000
574 43001
526 43002
73 43003
737 43004
370 43005
130 43006
667 43007
708 43008
685 43009
389 43010
851 43011
399 43012
247 43013
987 43014
958 43015
709 43016
668 43017
44 43018
666 43019
284 43020
24 43021
562 43022
103 43023
924 43024
956 43025
87 43026
940 43027
6 43028
148 43029
811 43030
548 43031
705 43032
252 43033
905 43034
135 43035
522 43036
642 43037
765 43038
18 43039
832 43040
294 43041
519 43042
569 43043
724 43044
873 43045
65 43046
550 43047
976 43048
71 43049
690 43050
434 43051
586 43052
895 43053
450 43054
274 43055
718 43056
925 43057
639 43058
589 43059
512 43060
443 43061
674 43062
844 43063
849 43064
196 43065
706 43066
244 43067
197 43068
25 43069
326 43070
947 43071
171 43072
369 43073
788 43074
777 43075
6 43076
796 43077
976 43078
144 43079
444 43080
965 43081
314 43082
603 43083
926 43084
654 43085
665 43086
289 43087
754 43088
49 43089
638 43090
340 43091
980 43092
636 43093
842 43094
585 43095
3 43096
422 43097
150 43098
511 43099
658 43100
322 43101
838 43102
813 43103
42 43104
621 43105
123 43106
299 43107
793 43108
330 43109
782 43110
121 43111
199 43112
987 43113
322 43114
110 43115
149 43116
748 43117
780 43118
585 43119
142 43120
628 43121
225 43122
733 43123
584 43124
100 43125
193 43126
439 43127
453 43128
563 43129
976 43130
3 43131
344 43132
817 43133
856 43134
251 43135
365 43136
595 43137
526 43138
765 43139
703 43140
61 43141
805 43142
177 43143
59 43144
516 43145
839 43146
841 43147
657 43148
861 43149
659 43150
273 43151
253 43152
896 43153
199 43154
61 43155
597 43156
95 43157
944 43158
498 43159
725 43160
955 43161
250 43162
217 43163
678 43164
903 43165
222 43166
887 43167
782 43168
630 43169
593 43170
449 43171
648 43172
469 43173
271 43174
734 43175
899 43176
918 43177
589 43178
176 43179
832 43180
28 43181
903 43182
109 43183
1000 43184
707 43185
337 43186
480 43187
230 43188
570 43189
851 43190
852 43191
101 43192
795 43193
550 43194
105 43195
650 43196
422 43197
255 43198
606 43199
628 43200
823 43201
367 43202
793 43203
399 43204
270 43205
423 43206
914 43207
878 43208
210 43209
284 43210
994 43211
163 43212
679 43213
885 43214
228 43215
449 43216
119 43217
175 43218
939 43219
187 43220
488 43221
579 43222
392 43223
177 43224
860 43225
149 43226
332 43227
236 43228
409 43229
180 43230
197 43231
157 43232
589 43233
771 43234
485 43235
383 43236
957 43237
454 43238
40 43239
227 43240
383 43241
832 43242
760 43243
589 43244
277 43245
882 43246
931 43247
711 43248
207 43249
792 43250
845 43251
692 43252
266 43253
536 43254
348 43255
676 43256
387 43257
60 43258
479 43259
323 43260
326 43261
147 43262
856 43263
562 43264
89 43265
461 43266
840 43267
342 43268
603 43269
169 43270
703 43271
612 43272
473 43273
191 43274
557 43275
500 43276
949 43277
556 43278
611 43279
284 43280
812 43281
901 43282
351 43283
179 43284
946 43285
337 43286
120 43287
826 43288
604 43289
994 43290
719 43291
495 43292
145 43293
788 43294
456 43295
921 43296
438 43297
66 43298
887 43299
47 43300
494 43301
616 43302
417 43303
958 43304
68 43305
852 43306
12 43307
368 43308
575 43309
19 43310
916 43311
915 43312
114 43313
460 43314
288 43315
214 43316
379 43317
954 43318
877 43319
405 43320
867 43321
127 43322
263 43323
117 43324
367 43325
744 43326
361 43327
75 43328
564 43329
133 43330
151 43331
149 43332
181 43333
362 43334
225 43335
213 43336
882 43337
378 43338
431 43339
846 43340
531 43341
325 43342
593 43343
620 43344
141 43345
112 43346
696 43347
773 43348
658 43349
872 43350
752 43351
735 43352
207 43353
522 43354
668 43355
940 43356
539 43357
639 43358
391 43359
592 43360
871 43361
961 43362
767 43363
752 43364
328 43365
214 43366
292 43367
726 43368
179 43369
640 43370
879 43371
475 43372
85 43373
501 43374
486 43375
876 43376
949 43377
289 43378
473 43379
855 43380
766 43381
521 43382
285 43383
319 43384
15 43385
942 43386
441 43387
775 43388
980 43389
698 43390
205 43391
162 43392
512 43393
696 43394
879 43395
500 43396
479 43397
699 43398
45 43399
365 43400
976 43401
406 43402
982 43403
8 43404
226 43405
137 43406
535 43407
508 43408
519 43409
452 43410
213 43411
253 43412
500 43413
364 43414
884 43415
421 43416
973 43417
764 43418
607 43419
699 43420
118 43421
385 43422
183 43423
824 43424
143 43425
414 43426
101 43427
383 43428
309 43429
796 43430
454 43431
301 43432
797 43433
844 43434
727 43435
276 43436
521 43437
229 43438
873 43439
471 43440
384 43441
393 43442
149 43443
808 43444
654 43445
504 43446
540 43447
595 43448
80 43449
256 43450
415 43451
212 43452
832 43453
978 43454
227 43455
737 43456
597 43457
736 43458
135 43459
840 43460
511 43461
363 43462
611 43463
479 43464
403 43465
439 43466
458 43467
877 43468
521 43469
303 43470
424 43471
867 43472
39 43473
42 43474
60 43475
756 43476
294 43477
526 43478
28 43479
883 43480
867 43481
538 43482
687 43483
933 43484
179 43485
298 43486
219 43487
533 43488
566 43489
107 43490
241 43491
821 43492
65 43493
808 43494
276 43495
26 43496
764 43497
113 43498
1000 43499
137 43500
315 43501
48 43502
25 43503
798 43504
613 43505
706 43506
513 43507
836 43508
316 43509
706 43510
483 43511
223 43512
592 43513
73 43514
58 43515
922 43516
786 43517
449 43518
736 43519
687 43520
762 43521
953 43522
704 43523
670 43524
192 43525
601 43526
657 43527
728 43528
411 43529
950 43530
799 43531
298 43532
513 43533
44 43534
284 43535
449 43536
671 43537
701 43538
15 43539
454 43540
54 43541
162 43542
119 43543
672 43544
344 43545
392 43546
398 43547
714 43548
727 43549
426 43550
748 43551
712 43552
352 43553
77 43554
725 43555
518 43556
1 43557
893 43558
189 43559
350 43560
14 43561
883 43562
642 43563
290 43564
679 43565
238 43566
825 43567
260 43568
573 43569
669 43570
589 43571
44 43572
513 43573
252 43574
413 43575
676 43576
39 43577
943 43578
316 43579
531 43580
480 43581
106 43582
428 43583
753 43584
885 43585
290 43586
843 43587
181 43588
719 43589
251 43590
292 43591
69 43592
399 43593
457 43594
676 43595
100 43596
945 43597
779 43598
492 43599
274 43600
70 43601
624 43602
708 43603
286 43604
30 43605
569 43606
891 43607
417 43608
9 43609
211 43610
126 43611
571 43612
68 43613
802 43614
822 43615
476 43616
441 43617
15 43618
644 43619
58 43620
378 43621
959 43622
160 43623
138 43624
970 43625
326 43626
147 43627
164 43628
311 43629
424 43630
803 43631
578 43632
630 43633
59 43634
123 43635
184 43636
920 43637
710 43638
688 43639
763 43640
874 43641
738 43642
462 43643
100 43644
532 43645
235 43646
733 43647
341 43648
157 43649
70 43650
196 43651
934 43652
481 43653
876 43654
168 43655
748 43656
758 43657
130 43658
193 43659
105 43660
542 43661
830 43662
465 43663
825 43664
27 43665
277 43666
642 43667
648 43668
645 43669
403 43670
522 43671
82 43672
698 43673
950 43674
741 43675
32 43676
732 43677
738 43678
327 43679
388 43680
858 43681
155 43682
666 43683
83 43684
791 43685
599 43686
154 43687
13 43688
618 43689
362 43690
557 43691
572 43692
387 43693
510 43694
299 43695
752 43696
596 43697
212 43698
387 43699
865 43700
33 43701
793 43702
355 43703
921 43704
406 43705
264 43706
363 43707
664 43708
125 43709
638 43710
850 43711
267 43712
100 43713
473 43714
714 43715
385 43716
594 43717
4 43718
818 43719
949 43720
843 43721
190 43722
373 43723
676 43724
567 43725
37 43726
488 43727
238 43728
58 43729
724 43730
215 43731
429 43732
820 43733
169 43734
77 43735
950 43736
49 43737
658 43738
848 43739
628 43740
994 43741
872 43742
902 43743
979 43744
451 43745
363 43746
606 43747
925 43748
634 43749
25 43750
341 43751
635 43752
836 43753
591 43754
800 43755
58 43756
769 43757
863 43758
357 43759
134 43760
237 43761
604 43762
835 43763
459 43764
337 43765
535 43766
886 43767
372 43768
859 43769
679 43770
281 43771
271 43772
560 43773
255 43774
415 43775
417 43776
572 43777
555 43778
772 43779
454 43780
635 43781
940 43782
582 43783
463 43784
530 43785
789 43786
8 43787
781 43788
868 43789
466 43790
747 43791
198 43792
122 43793
504 43794
17 43795
83 43796
293 43797
673 43798
306 43799
81 43800
598 43801
729 43802
744 43803
700 43804
940 43805
732 43806
495 43807
863 43808
487 43809
790 43810
346 43811
64 43812
971 43813
702 43814
670 43815
878 43816
108 43817
134 43818
278 43819
986 43820
237 43821
900 43822
592 43823
780 43824
74 43825
376 43826
757 43827
804 43828
975 43829
151 43830
216 43831
397 43832
715 43833
977 43834
158 43835
88 43836
722 43837
149 43838
975 43839
24 43840
450 43841
806 43842
214 43843
267 43844
434 43845
876 43846
237 43847
60 43848
93 43849
641 43850
316 43851
304 43852
397 43853
234 43854
224 43855
641 43856
522 43857
877 43858
713 43859
205 43860
241 43861
615 43862
419 43863
583 43864
226 43865
566 43866
261 43867
436 43868
780 43869
384 43870
659 43871
546 43872
351 43873
322 43874
638 43875
309 43876
213 43877
382 43878
785 43879
102 43880
869 43881
432 43882
643 43883
196 43884
807 43885
646 43886
27 43887
459 43888
909 43889
683 43890
490 43891
113 43892
247 43893
245 43894
20 43895
433 43896
564 43897
566 43898
573 43899
433 43900
474 43901
706 43902
820 43903
902 43904
43 43905
137 43906
289 43907
276 43908
409 43909
43 43910
866 43911
147 43912
17 43913
635 43914
493 43915
632 43916
6 43917
97 43918
420 43919
222 43920
197 43921
308 43922
908 43923
636 43924
691 43925
73 43926
863 43927
315 43928
22 43929
198 43930
445 43931
695 43932
41 43933
2 43934
674 43935
194 43936
602 43937
290 43938
594 43939
966 43940
54 43941
823 43942
523 43943
153 43944
692 43945
322 43946
828 43947
735 43948
665 43949
341 43950
172 43951
139 43952
898 43953
942 43954
267 43955
422 43956
709 43957
711 43958
924 43959
121 43960
328 43961
429 43962
782 43963
278 43964
345 43965
55 43966
850 43967
531 43968
666 43969
61 43970
754 43971
979 43972
860 43973
94 43974
210 43975
304 43976
407 43977
4 43978
298 43979
116 43980
287 43981
62 43982
399 43983
744 43984
962 43985
220 43986
593 43987
580 43988
281 43989
299 43990
202 43991
838 43992
386 43993
978 43994
789 43995
412 43996
476 43997
887 43998
374 43999
12 44000
683 44001
960 44002
809 44003
323 44004
850 44005
323 44006
761 44007
387 44008
41 44009
113 44010
59 44011
358 44012
884 44013
504 44014
701 44015
628 44016
752 44017
36 44018
62 44019
471 44020
618 44021
510 44022
259 44023
835 44024
212 44025
833 44026
939 44027
599 44028
729 44029
435 44030
697 44031
262 44032
716 44033
263 44034
834 44035
685 44036
423 44037
678 44038
825 44039
961 44040
414 44041
380 44042
953 44043
289 44044
185 44045
314 44046
270 44047
298 44048
195 44049
715 44050
365 44051
549 44052
360 44053
474 44054
232 44055
746 44056
97 44057
577 44058
344 44059
333 44060
830 44061
447 44062
540 44063
588 44064
660 44065
28 44066
625 44067
688 44068
850 44069
795 44070
487 44071
424 44072
899 44073
571 44074
989 44075
415 44076
237 44077
667 44078
58 44079
829 44080
579 44081
672 44082
665 44083
483 44084
215 44085
401 44086
655 44087
629 44088
466 44089
332 44090
953 44091
528 44092
343 44093
177 44094
731 44095
493 44096
125 44097
871 44098
538 44099
604 44100
813 44101
781 44102
776 44103
863 44104
619 44105
643 44106
439 44107
461 44108
585 44109
176 44110
113 44111
228 44112
369 44113
197 44114
814 44115
346 44116
968 44117
835 44118
180 44119
101 44120
902 44121
612 44122
844 44123
270 44124
838 44125
901 44126
957 44127
922 44128
835 44129
490 44130
418 44131
415 44132
883 44133
831 44134
37 44135
926 44136
1000 44137
131 44138
389 44139
714 44140
639 44141
628 44142
670 44143
778 44144
12 44145
803 44146
796 44147
515 44148
176 44149
644 44150
433 44151
959 44152
652 44153
986 44154
475 44155
136 44156
489 44157
67 44158
458 44159
125 44160
932 44161
346 44162
824 44163
916 44164
513 44165
550 44166
399 44167
946 44168
482 44169
982 44170
971 44171
811 44172
21 44173
721 44174
754 44175
947 44176
325 44177
274 44178
241 44179
260 44180
911 44181
746 44182
835 44183
420 44184
457 44185
560 44186
616 44187
978 44188
526 44189
267 44190
554 44191
696 44192
128 44193
104 44194
247 44195
617 44196
885 44197
430 44198
94 44199
447 44200
747 44201
237 44202
190 44203
534 44204
586 44205
540 44206
358 44207
412 44208
357 44209
15 44210
487 44211
954 44212
250 44213
195 44214
188 44215
452 44216
544 44217
927 44218
408 44219
885 44220
152 44221
601 44222
405 44223
847 44224
533 44225
258 44226
280 44227
588 44228
26 44229
345 44230
593 44231
68 44232
168 44233
424 44234
729 44235
746 44236
866 44237
197 44238
962 44239
830 44240
485 44241
278 44242
514 44243
635 44244
70 44245
469 44246
111 44247
989 44248
796 44249
400 44250
755 44251
764 44252
870 44253
339 44254
467 44255
834 44256
97 44257
365 44258
73 44259
218 44260
707 44261
586 44262
473 44263
708 44264
424 44265
680 44266
202 44267
232 44268
567 44269
970 44270
825 44271
191 44272
693 44273
942 44274
726 44275
11 44276
491 44277
455 44278
997 44279
259 44280
573 44281
49 44282
887 44283
745 44284
609 44285
35 44286
815 44287
71 44288
873 44289
178 44290
507 44291
903 44292
607 44293
276 44294
986 44295
706 44296
966 44297
582 44298
357 44299
248 44300
454 44301
374 44302
759 44303
940 44304
787 44305
99 44306
632 44307
192 44308
100 44309
58 44310
896 44311
459 44312
953 44313
705 44314
452 44315
159 44316
172 44317
948 44318
988 44319
341 44320
700 44321
560 44322
273 44323
484 44324
864 44325
500 44326
310 44327
139 44328
961 44329
524 44330
760 44331
595 44332
197 44333
479 44334
356 44335
533 44336
381 44337
685 44338
610 44339
947 44340
657 44341
304 44342
328 44343
214 44344
592 44345
830 44346
440 44347
889 44348
476 44349
228 44350
266 44351
835 44352
56 44353
231 44354
292 44355
470 44356
842 44357
806 44358
489 44359
688 44360
220 44361
469 44362
9 44363
79 44364
597 44365
286 44366
226 44367
717 44368
354 44369
958 44370
719 44371
992 44372
645 44373
256 44374
201 44375
622 44376
878 44377
271 44378
564 44379
375 44380
895 44381
254 44382
309 44383
433 44384
691 44385
675 44386
6 44387
619 44388
567 44389
585 44390
194 44391
293 44392
431 44393
248 44394
328 44395
623 44396
833 44397
671 44398
527 44399
392 44400
379 44401
979 44402
948 44403
299 44404
746 44405
905 44406
363 44407
113 44408
353 44409
903 44410
343 44411
770 44412
113 44413
947 44414
43 44415
721 44416
453 44417
747 44418
341 44419
854 44420
487 44421
333 44422
570 44423
868 44424
777 44425
405 44426
552 44427
455 44428
90 44429
932 44430
130 44431
783 44432
801 44433
102 44434
101 44435
63 44436
649 44437
675 44438
461 44439
776 44440
914 44441
322 44442
815 44443
276 44444
802 44445
462 44446
19 44447
468 44448
66 44449
881 44450
693 44451
347 44452
473 44453
705 44454
76 44455
525 44456
252 44457
110 44458
817 44459
48 44460
620 44461
272 44462
335 44463
851 44464
359 44465
319 44466
860 44467
553 44468
699 44469
643 44470
663 44471
535 44472
353 44473
666 44474
343 44475
769 44476
231 44477
908 44478
272 44479
317 44480
901 44481
456 44482
318 44483
550 44484
765 44485
530 44486
897 44487
997 44488
418 44489
63 44490
802 44491
410 44492
638 44493
407 44494
345 44495
911 44496
142 44497
572 44498
79 44499
410 44500
994 44501
271 44502
348 44503
935 44504
289 44505
259 44506
851 44507
563 44508
327 44509
259 44510
602 44511
892 44512
276 44513
966 44514
318 44515
307 44516
481 44517
988 44518
238 44519
314 44520
376 44521
691 44522
676 44523
627 44524
86 44525
24 44526
34 44527
975 44528
544 44529
1000 44530
803 44531
131 44532
971 44533
49 44534
376 44535
470 44536
324 44537
748 44538
61 44539
103 44540
523 44541
17 44542
821 44543
851 44544
750 44545
575 44546
387 44547
452 44548
351 44549
55 44550
907 44551
251 44552
603 44553
962 44554
937 44555
734 44556
539 44557
902 44558
529 44559
185 44560
871 44561
122 44562
127 44563
99 44564
885 44565
312 44566
46 44567
707 44568
913 44569
640 44570
266 44571
978 44572
682 44573
745 44574
583 44575
758 44576
386 44577
711 44578
742 44579
356 44580
493 44581
693 44582
433 44583
617 44584
930 44585
679 44586
203 44587
209 44588
604 44589
69 44590
175 44591
645 44592
350 44593
640 44594
566 44595
294 44596
365 44597
255 44598
50 44599
340 44600
667 44601
516 44602
328 44603
209 44604
720 44605
704 44606
885 44607
699 44608
975 44609
294 44610
278 44611
444 44612
29 44613
21 44614
503 44615
631 44616
9 44617
506 44618
655 44619
343 44620
765 44621
311 44622
218 44623
910 44624
722 44625
867 44626
865 44627
760 44628
130 44629
45 44630
125 44631
226 44632
174 44633
528 44634
642 44635
378 44636
708 44637
296 44638
405 44639
308 44640
599 44641
326 44642
405 44643
114 44644
583 44645
628 44646
346 44647
273 44648
28 44649
476 44650
724 44651
659 44652
139 44653
199 44654
704 44655
943 44656
469 44657
482 44658
851 44659
478 44660
556 44661
894 44662
32 44663
511 44664
93 44665
766 44666
258 44667
333 44668
108 44669
320 44670
151 44671
749 44672
598 44673
637 44674
838 44675
806 44676
505 44677
905 44678
631 44679
724 44680
661 44681
932 44682
998 44683
638 44684
221 44685
651 44686
431 44687
303 44688
692 44689
602 44690
730 44691
786 44692
944 44693
208 44694
317 44695
212 44696
518 44697
941 44698
190 44699
45 44700
494 44701
312 44702
582 44703
407 44704
200 44705
724 44706
612 44707
346 44708
189 44709
202 44710
718 44711
475 44712
3 44713
645 44714
791 44715
839 44716
903 44717
281 44718
956 44719
826 44720
274 44721
283 44722
147 44723
397 44724
198 44725
727 44726
637 44727
505 44728
431 44729
847 44730
419 44731
716 44732
162 44733
750 44734
796 44735
20 44736
651 44737
712 44738
746 44739
888 44740
786 44741
955 44742
135 44743
315 44744
126 44745
858 44746
249 44747
871 44748
708 44749
336 44750
114 44751
519 44752
619 44753
953 44754
46 44755
664 44756
562 44757
714 44758
765 44759
448 44760
261 44761
395 44762
155 44763
949 44764
906 44765
927 44766
73 44767
712 44768
851 44769
635 44770
183 44771
861 44772
438 44773
139 44774
682 44775
738 44776
121 44777
872 44778
980 44779
247 44780
691 44781
790 44782
667 44783
744 44784
819 44785
246 44786
678 44787
105 44788
425 44789
187 44790
676 44791
777 44792
464 44793
249 44794
23 44795
215 44796
978 44797
56 44798
494 44799
717 44800
460 44801
521 44802
150 44803
672 44804
549 44805
108 44806
453 44807
721 44808
4 44809
68 44810
310 44811
44 44812
536 44813
122 44814
982 44815
483 44816
833 44817
934 44818
685 44819
358 44820
405 44821
898 44822
259 44823
49 44824
710 44825
611 44826
915 44827
158 44828
631 44829
302 44830
501 44831
246 44832
714 44833
354 44834
586 44835
957 44836
195 44837
899 44838
685 44839
985 44840
477 44841
19 44842
974 44843
170 44844
296 44845
856 44846
361 44847
23 44848
835 44849
670 44850
730 44851
397 44852
950 44853
369 44854
401 44855
901 44856
849 44857
206 44858
38 44859
5 44860
80 44861
950 44862
984 44863
564 44864
716 44865
310 44866
922 44867
716 44868
248 44869
407 44870
127 44871
496 44872
126 44873
949 44874
29 44875
952 44876
654 44877
442 44878
76 44879
621 44880
116 44881
526 44882
175 44883
774 44884
914 44885
296 44886
587 44887
466 44888
173 44889
244 44890
149 44891
949 44892
944 44893
249 44894
380 44895
116 44896
272 44897
975 44898
712 44899
230 44900
698 44901
376 44902
151 44903
645 44904
846 44905
637 44906
591 44907
856 44908
914 44909
795 44910
711 44911
353 44912
269 44913
376 44914
185 44915
645 44916
44 44917
639 44918
715 44919
349 44920
752 44921
187 44922
977 44923
41 44924
875 44925
290 44926
50 44927
914 44928
817 44929
579 44930
206 44931
865 44932
634 44933
628 44934
843 44935
673 44936
769 44937
229 44938
90 44939
366 44940
873 44941
403 44942
117 44943
220 44944
171 44945
127 44946
57 44947
16 44948
148 44949
159 44950
176 44951
65 44952
416 44953
356 44954
982 44955
880 44956
514 44957
344 44958
417 44959
61 44960
63 44961
376 44962
35 44963
329 44964
3 44965
737 44966
624 44967
510 44968
722 44969
527 44970
57 44971
108 44972
697 44973
276 44974
847 44975
117 44976
850 44977
9 44978
213 44979
262 44980
146 44981
872 44982
557 44983
692 44984
518 44985
4 44986
704 44987
571 44988
492 44989
241 44990
796 44991
196 44992
139 44993
309 44994
652 44995
695 44996
618 44997
410 44998
584 44999
123 45000
897 45001
54 45002
887 45003
442 45004
250 45005
974 45006
588 45007
692 45008
169 45009
230 45010
665 45011
502 45012
204 45013
979 45014
170 45015
215 45016
834 45017
254 45018
911 45019
21 45020
478 45021
26 45022
291 45023
986 45024
343 45025
706 45026
703 45027
917 45028
312 45029
313 45030
185 45031
665 45032
537 45033
842 45034
275 45035
628 45036
40 45037
436 45038
325 45039
821 45040
943 45041
158 45042
259 45043
710 45044
869 45045
753 45046
820 45047
584 45048
719 45049
770 45050
614 45051
5 45052
533 45053
681 45054
537 45055
559 45056
564 45057
906 45058
429 45059
623 45060
339 45061
75 45062
403 45063
908 45064
669 45065
991 45066
595 45067
252 45068
422 45069
152 45070
253 45071
337 45072
815 45073
20 45074
431 45075
929 45076
758 45077
639 45078
762 45079
411 45080
395 45081
906 45082
767 45083
501 45084
201 45085
77 45086
759 45087
711 45088
331 45089
340 45090
162 45091
579 45092
705 45093
773 45094
255 45095
161 45096
970 45097
654 45098
197 45099
170 45100
311 45101
336 45102
81 45103
428 45104
110 45105
300 45106
533 45107
133 45108
977 45109
163 45110
338 45111
477 45112
115 45113
10 45114
328 45115
158 45116
862 45117
824 45118
612 45119
869 45120
303 45121
289 45122
429 45123
483 45124
426 45125
295 45126
576 45127
824 45128
122 45129
41 45130
15 45131
527 45132
179 45133
296 45134
358 45135
25 45136
12 45137
236 45138
283 45139
312 45140
63 45141
588 45142
711 45143
934 45144
526 45145
216 45146
30 45147
340 45148
648 45149
966 45150
397 45151
415 45152
405 45153
449 45154
408 45155
649 45156
264 45157
75 45158
184 45159
904 45160
873 45161
401 45162
716 45163
152 45164
159 45165
315 45166
190 45167
570 45168
119 45169
985 45170
14 45171
48 45172
192 45173
246 45174
854 45175
530 45176
576 45177
540 45178
798 45179
792 45180
211 45181
976 45182
308 45183
811 45184
621 45185
989 45186
672 45187
842 45188
935 45189
327 45190
881 45191
344 45192
57 45193
498 45194
384 45195
956 45196
391 45197
813 45198
92 45199
22 45200
570 45201
418 45202
54 45203
828 45204
129 45205
255 45206
475 45207
992 45208
382 45209
871 45210
413 45211
149 45212
287 45213
681 45214
382 45215
242 45216
760 45217
578 45218
614 45219
822 45220
232 45221
34 45222
616 45223
769 45224
190 45225
761 45226
263 45227
830 45228
972 45229
162 45230
13 45231
971 45232
518 45233
598 45234
305 45235
53 45236
333 45237
745 45238
507 45239
122 45240
449 45241
402 45242
185 45243
260 45244
219 45245
901 45246
863 45247
665 45248
436 45249
56 45250
52 45251
276 45252
319 45253
120 45254
585 45255
150 45256
886 45257
311 45258
910 45259
836 45260
290 45261
774 45262
996 45263
570 45264
28 45265
625 45266
541 45267
77 45268
62 45269
883 45270
395 45271
977 45272
435 45273
876 45274
324 45275
524 45276
599 45277
863 45278
306 45279
208 45280
725 45281
412 45282
127 45283
936 45284
118 45285
905 45286
421 45287
559 45288
471 45289
316 45290
591 45291
434 45292
640 45293
171 45294
494 45295
734 45296
647 45297
995 45298
832 45299
293 45300
286 45301
294 45302
177 45303
254 45304
230 45305
187 45306
444 45307
950 45308
522 45309
947 45310
446 45311
773 45312
286 45313
601 45314
464 45315
529 45316
241 45317
638 45318
987 45319
856 45320
540 45321
740 45322
181 45323
868 45324
993 45325
942 45326
108 45327
851 45328
888 45329
359 45330
35 45331
219 45332
143 45333
748 45334
393 45335
875 45336
827 45337
135 45338
24 45339
287 45340
491 45341
961 45342
209 45343
966 45344
351 45345
232 45346
739 45347
1 45348
386 45349
352 45350
925 45351
749 45352
689 45353
227 45354
795 45355
908 45356
779 45357
147 45358
496 45359
732 45360
146 45361
910 45362
208 45363
325 45364
757 45365
258 45366
690 45367
963 45368
676 45369
326 45370
241 45371
24 45372
222 45373
203 45374
464 45375
51 45376
670 45377
292 45378
772 45379
750 45380
792 45381
440 45382
364 45383
768 45384
66 45385
8 45386
58 45387
218 45388
94 45389
769 45390
423 45391
900 45392
831 45393
104 45394
380 45395
246 45396
686 45397
815 45398
742 45399
55 45400
455 45401
67 45402
307 45403
199 45404
576 45405
613 45406
603 45407
937 45408
140 45409
737 45410
658 45411
420 45412
908 45413
684 45414
299 45415
350 45416
164 45417
412 45418
260 45419
977 45420
67 45421
347 45422
240 45423
547 45424
834 45425
226 45426
898 45427
500 45428
549 45429
52 45430
889 45431
816 45432
711 45433
62 45434
151 45435
488 45436
569 45437
778 45438
796 45439
266 45440
412 45441
689 45442
731 45443
86 45444
882 45445
92 45446
85 45447
125 45448
607 45449
415 45450
929 45451
3 45452
148 45453
890 45454
999 45455
928 45456
155 45457
943 45458
292 45459
848 45460
692 45461
507 45462
547 45463
64 45464
781 45465
207 45466
486 45467
221 45468
591 45469
79 45470
73 45471
812 45472
832 45473
405 45474
896 45475
90 45476
18 45477
107 45478
77 45479
399 45480
306 45481
950 45482
51 45483
668 45484
134 45485
144 45486
396 45487
353 45488
789 45489
979 45490
492 45491
609 45492
444 45493
176 45494
138 45495
745 45496
201 45497
629 45498
231 45499
224 45500
761 45501
756 45502
839 45503
416 45504
215 45505
621 45506
515 45507
261 45508
744 45509
733 45510
955 45511
809 45512
62 45513
708 45514
731 45515
480 45516
572 45517
440 45518
182 45519
326 45520
548 45521
400 45522
812 45523
843 45524
488 45525
463 45526
892 45527
922 45528
395 45529
961 45530
660 45531
762 45532
124 45533
353 45534
188 45535
195 45536
553 45537
225 45538
729 45539
198 45540
493 45541
831 45542
650 45543
42 45544
228 45545
769 45546
539 45547
426 45548
916 45549
565 45550
69 45551
485 45552
1 45553
94 45554
912 45555
667 45556
95 45557
156 45558
556 45559
599 45560
456 45561
644 45562
529 45563
448 45564
549 45565
16 45566
67 45567
236 45568
826 45569
933 45570
346 45571
282 45572
271 45573
572 45574
228 45575
514 45576
678 45577
162 45578
802 45579
346 45580
595 45581
577 45582
843 45583
29 45584
107 45585
661 45586
225 45587
809 45588
308 45589
327 45590
904 45591
57 45592
959 45593
837 45594
208 45595
67 45596
531 45597
475 45598
948 45599
735 45600
467 45601
494 45602
131 45603
237 45604
601 45605
818 45606
184 45607
792 45608
578 45609
634 45610
721 45611
832 45612
791 45613
394 45614
634 45615
208 45616
829 45617
731 45618
608 45619
670 45620
832 45621
565 45622
873 45623
433 45624
85 45625
229 45626
802 45627
914 45628
719 45629
790 45630
981 45631
603 45632
28 45633
996 45634
858 45635
689 45636
920 45637
964 45638
323 45639
302 45640
313 45641
486 45642
351 45643
947 45644
958 45645
736 45646
585 45647
782 45648
985 45649
521 45650
260 45651
650 45652
188 45653
593 45654
342 45655
577 45656
413 45657
900 45658
633 45659
190 45660
757 45661
916 45662
940 45663
81 45664
557 45665
770 45666
995 45667
805 45668
342 45669
921 45670
548 45671
5 45672
586 45673
465 45674
478 45675
682 45676
689 45677
711 45678
168 45679
584 45680
502 45681
230 45682
837 45683
39 45684
639 45685
586 45686
864 45687
116 45688
497 45689
965 45690
678 45691
149 45692
517 45693
856 45694
708 45695
617 45696
245 45697
226 45698
595 45699
770 45700
782 45701
962 45702
387 45703
694 45704
245 45705
971 45706
364 45707
511 45708
115 45709
249 45710
598 45711
662 45712
187 45713
140 45714
675 45715
637 45716
393 45717
316 45718
877 45719
875 45720
383 45721
490 45722
195 45723
303 45724
79 45725
838 45726
44 45727
673 45728
748 45729
752 45730
906 45731
394 45732
178 45733
590 45734
291 45735
555 45736
177 45737
163 45738
273 45739
789 45740
46 45741
248 45742
516 45743
793 45744
903 45745
335 45746
752 45747
481 45748
943 45749
330 45750
434 45751
606 45752
266 45753
794 45754
860 45755
750 45756
792 45757
251 45758
890 45759
789 45760
698 45761
907 45762
833 45763
276 45764
808 45765
463 45766
126 45767
450 45768
463 45769
202 45770
275 45771
126 45772
602 45773
726 45774
38 45775
867 45776
825 45777
471 45778
356 45779
54 45780
908 45781
490 45782
847 45783
880 45784
45 45785
543 45786
670 45787
170 45788
653 45789
405 45790
299 45791
20 45792
407 45793
120 45794
814 45795
975 45796
74 45797
170 45798
597 45799
41 45800
514 45801
579 45802
376 45803
356 45804
644 45805
495 45806
529 45807
356 45808
160 45809
116 45810
342 45811
554 45812
666 45813
161 45814
227 45815
152 45816
345 45817
876 45818
237 45819
138 45820
626 45821
959 45822
966 45823
833 45824
959 45825
206 45826
50 45827
671 45828
411 45829
54 45830
259 45831
241 45832
900 45833
432 45834
852 45835
88 45836
475 45837
907 45838
784 45839
79 45840
876 45841
804 45842
31 45843
764 45844
255 45845
769 45846
736 45847
205 45848
377 45849
583 45850
973 45851
409 45852
592 45853
703 45854
867 45855
590 45856
104 45857
792 45858
208 45859
507 45860
157 45861
927 45862
574 45863
568 45864
662 45865
579 45866
328 45867
826 45868
101 45869
628 45870
137 45871
406 45872
735 45873
394 45874
415 45875
974 45876
256 45877
571 45878
42 45879
393 45880
535 45881
193 45882
605 45883
713 45884
124 45885
521 45886
537 45887
548 45888
984 45889
792 45890
519 45891
636 45892
429 45893
867 45894
458 45895
427 45896
357 45897
745 45898
833 45899
690 45900
788 45901
252 45902
962 45903
628 45904
199 45905
512 45906
11 45907
362 45908
937 45909
246 45910
135 45911
635 45912
188 45913
829 45914
591 45915
910 45916
554 45917
147 45918
840 45919
933 45920
437 45921
22 45922
309 45923
252 45924
817 45925
698 45926
849 45927
847 45928
569 45929
179 45930
789 45931
15 45932
777 45933
454 45934
569 45935
507 45936
373 45937
836 45938
416 45939
318 45940
857 45941
748 45942
331 45943
711 45944
319 45945
188 45946
33 45947
946 45948
525 45949
577 45950
85 45951
534 45952
770 45953
680 45954
114 45955
720 45956
790 45957
831 45958
298 45959
277 45960
89 45961
917 45962
66 45963
636 45964
278 45965
702 45966
812 45967
121 45968
876 45969
127 45970
417 45971
220 45972
549 45973
11 45974
61 45975
384 45976
758 45977
853 45978
270 45979
384 45980
822 45981
533 45982
460 45983
621 45984
587 45985
375 45986
730 45987
516 45988
757 45989
998 45990
153 45991
132 45992
389 45993
49 45994
354 45995
179 45996
401 45997
793 45998
412 45999
711 46000
913 46001
892 46002
870 46003
688 46004
499 46005
9 46006
212 46007
220 46008
304 46009
235 46010
68 46011
317 46012
326 46013
496 46014
497 46015
549 46016
231 46017
810 46018
1000 46019
925 46020
835 46021
298 46022
799 46023
812 46024
667 46025
233 46026
471 46027
707 46028
931 46029
689 46030
124 46031
641 46032
571 46033
372 46034
501 46035
997 46036
352 46037
924 46038
2 46039
440 46040
245 46041
835 46042
285 46043
244 46044
403 46045
936 46046
672 46047
316 46048
808 46049
558 46050
919 46051
387 46052
515 46053
981 46054
762 46055
492 46056
864 46057
302 46058
998 46059
700 46060
974 46061
370 46062
378 46063
475 46064
768 46065
403 46066
678 46067
162 46068
436 46069
81 46070
171 46071
510 46072
136 46073
804 46074
630 46075
718 46076
2 46077
960 46078
578 46079
940 46080
181 46081
174 46082
459 46083
741 46084
874 46085
193 46086
962 46087
583 46088
745 46089
46 46090
911 46091
507 46092
816 46093
963 46094
986 46095
924 46096
754 46097
380 46098
243 46099
15 46100
343 46101
429 46102
169 46103
309 46104
907 46105
616 46106
522 46107
970 46108
797 46109
109 46110
379 46111
849 46112
409 46113
328 46114
579 46115
443 46116
357 46117
829 46118
242 46119
157 46120
926 46121
830 46122
104 46123
919 46124
910 46125
627 46126
327 46127
551 46128
472 46129
242 46130
423 46131
224 46132
508 46133
741 46134
613 46135
39 46136
85 46137
522 46138
727 46139
536 46140
430 46141
436 46142
277 46143
425 46144
820 46145
300 46146
516 46147
660 46148
775 46149
167 46150
435 46151
632 46152
272 46153
524 46154
676 46155
520 46156
6 46157
232 46158
422 46159
99 46160
604 46161
599 46162
727 46163
100 46164
529 46165
142 46166
712 46167
83 46168
756 46169
484 46170
3 46171
206 46172
467 46173
128 46174
302 46175
877 46176
477 46177
214 46178
297 46179
347 46180
65 46181
790 46182
378 46183
372 46184
26 46185
316 46186
488 46187
160 46188
655 46189
308 46190
878 46191
699 46192
126 46193
682 46194
606 46195
992 46196
43 46197
404 46198
125 46199
494 46200
114 46201
797 46202
548 46203
340 46204
171 46205
688 46206
403 46207
707 46208
943 46209
418 46210
23 46211
42 46212
396 46213
917 46214
428 46215
32 46216
334 46217
781 46218
207 46219
535 46220
700 46221
719 46222
829 46223
215 46224
97 46225
452 46226
89 46227
987 46228
195 46229
734 46230
275 46231
868 46232
801 46233
262 46234
526 46235
855 46236
275 46237
180 46238
799 46239
105 46240
413 46241
495 46242
39 46243
144 46244
460 46245
293 46246
481 46247
465 46248
976 46249
175 46250
312 46251
751 46252
482 46253
878 46254
162 46255
98 46256
819 46257
525 46258
242 46259
255 46260
155 46261
99 46262
765 46263
644 46264
39 46265
143 46266
464 46267
945 46268
810 46269
366 46270
244 46271
941 46272
970 46273
589 46274
641 46275
933 46276
838 46277
700 46278
436 46279
453 46280
517 46281
721 46282
465 46283
516 46284
883 46285
177 46286
352 46287
894 46288
748 46289
348 46290
527 46291
283 46292
794 46293
999 46294
291 46295
770 46296
822 46297
622 46298
873 46299
741 46300
553 46301
822 46302
98 46303
674 46304
126 46305
625 46306
878 46307
371 46308
760 46309
249 46310
849 46311
630 46312
763 46313
645 46314
798 46315
133 46316
110 46317
761 46318
645 46319
357 46320
53 46321
77 46322
802 46323
460 46324
212 46325
529 46326
803 46327
816 46328
553 46329
667 46330
938 46331
143 46332
313 46333
385 46334
213 46335
508 46336
405 46337
932 46338
79 46339
487 46340
662 46341
523 46342
698 46343
803 46344
337 46345
628 46346
3 46347
717 46348
342 46349
379 46350
380 46351
111 46352
779 46353
686 46354
965 46355
885 46356
802 46357
605 46358
268 46359
998 46360
950 46361
855 46362
840 46363
703 46364
368 46365
774 46366
522 46367
391 46368
77 46369
839 46370
651 46371
875 46372
659 46373
695 46374
284 46375
856 46376
599 46377
678 46378
63 46379
740 46380
28 46381
350 46382
375 46383
47 46384
48 46385
458 46386
127 46387
878 46388
117 46389
267 46390
814 46391
541 46392
322 46393
701 46394
325 46395
904 46396
974 46397
403 46398
240 46399
654 46400
545 46401
865 46402
887 46403
377 46404
1 46405
369 46406
267 46407
231 46408
307 46409
600 46410
780 46411
950 46412
333 46413
588 46414
403 46415
862 46416
438 46417
213 46418
643 46419
33 46420
453 46421
633 46422
668 46423
222 46424
629 46425
346 46426
822 46427
928 46428
860 46429
923 46430
854 46431
271 46432
630 46433
540 46434
570 46435
754 46436
370 46437
385 46438
552 46439
925 46440
679 46441
428 46442
801 46443
55 46444
629 46445
948 46446
60 46447
491 46448
366 46449
523 46450
13 46451
501 46452
829 46453
349 46454
892 46455
953 46456
962 46457
571 46458
629 46459
881 46460
932 46461
840 46462
804 46463
732 46464
598 46465
629 46466
11 46467
629 46468
304 46469
125 46470
514 46471
596 46472
224 46473
247 46474
611 46475
743 46476
283 46477
363 46478
705 46479
608 46480
852 46481
839 46482
507 46483
620 46484
679 46485
26 46486
377 46487
579 46488
497 46489
700 46490
656 46491
296 46492
869 46493
730 46494
937 46495
337 46496
520 46497
247 46498
807 46499
285 46500
999 46501
129 46502
248 46503
608 46504
438 46505
620 46506
983 46507
578 46508
349 46509
901 46510
54 46511
926 46512
86 46513
207 46514
439 46515
169 46516
654 46517
413 46518
174 46519
388 46520
948 46521
536 46522
681 46523
469 46524
392 46525
149 46526
268 46527
53 46528
178 46529
931 46530
291 46531
472 46532
149 46533
714 46534
24 46535
278 46536
243 46537
761 46538
989 46539
969 46540
555 46541
212 46542
864 46543
291 46544
909 46545
444 46546
30 46547
870 46548
890 46549
686 46550
591 46551
613 46552
89 46553
521 46554
843 46555
534 46556
300 46557
39 46558
825 46559
446 46560
720 46561
998 46562
226 46563
480 46564
95 46565
397 46566
902 46567
290 46568
156 46569
6 46570
830 46571
603 46572
211 46573
885 46574
682 46575
761 46576
546 46577
537 46578
408 46579
586 46580
980 46581
93 46582
519 46583
833 46584
138 46585
607 46586
320 46587
31 46588
234 46589
276 46590
630 46591
501 46592
103 46593
778 46594
758 46595
969 46596
209 46597
586 46598
13 46599
706 46600
272 46601
719 46602
802 46603
174 46604
245 46605
424 46606
415 46607
66 46608
563 46609
574 46610
619 46611
497 46612
348 46613
636 46614
975 46615
125 46616
480 46617
806 46618
328 46619
582 46620
118 46621
78 46622
428 46623
333 46624
468 46625
139 46626
357 46627
935 46628
610 46629
296 46630
276 46631
577 46632
164 46633
494 46634
44 46635
231 46636
667 46637
637 46638
11 46639
35 46640
793 46641
150 46642
874 46643
834 46644
871 46645
439 46646
754 46647
277 46648
274 46649
911 46650
796 46651
971 46652
984 46653
762 46654
141 46655
936 46656
951 46657
987 46658
401 46659
992 46660
714 46661
738 46662
687 46663
70 46664
982 46665
647 46666
388 46667
130 46668
845 46669
31 46670
419 46671
798 46672
536 46673
266 46674
965 46675
9 46676
815 46677
129 46678
843 46679
457 46680
328 46681
820 46682
729 46683
974 46684
833 46685
869 46686
978 46687
182 46688
509 46689
671 46690
774 46691
686 46692
173 46693
247 46694
719 46695
892 46696
260 46697
324 46698
243 46699
133 46700
322 46701
170 46702
926 46703
606 46704
966 46705
351 46706
931 46707
852 46708
306 46709
141 46710
495 46711
806 46712
811 46713
853 46714
411 46715
145 46716
943 46717
213 46718
78 46719
192 46720
460 46721
546 46722
770 46723
788 46724
802 46725
830 46726
956 46727
878 46728
156 46729
447 46730
356 46731
549 46732
659 46733
673 46734
924 46735
604 46736
692 46737
77 46738
68 46739
241 46740
914 46741
31 46742
384 46743
538 46744
822 46745
564 46746
863 46747
314 46748
760 46749
106 46750
268 46751
40 46752
717 46753
349 46754
215 46755
9 46756
674 46757
921 46758
38 46759
450 46760
247 46761
603 46762
2 46763
335 46764
830 46765
126 46766
834 46767
139 46768
616 46769
111 46770
317 46771
118 46772
919 46773
309 46774
159 46775
972 46776
16 46777
461 46778
634 46779
835 46780
397 46781
364 46782
436 46783
846 46784
348 46785
446 46786
644 46787
362 46788
385 46789
511 46790
939 46791
753 46792
624 46793
658 46794
349 46795
84 46796
903 46797
508 46798
668 46799
101 46800
119 46801
227 46802
163 46803
426 46804
99 46805
248 46806
191 46807
482 46808
32 46809
569 46810
578 46811
532 46812
323 46813
399 46814
863 46815
384 46816
783 46817
991 46818
126 46819
87 46820
857 46821
639 46822
71 46823
499 46824
107 46825
364 46826
583 46827
672 46828
178 46829
995 46830
743 46831
874 46832
352 46833
773 46834
751 46835
150 46836
110 46837
495 46838
496 46839
422 46840
290 46841
314 46842
42 46843
809 46844
605 46845
985 46846
958 46847
217 46848
674 46849
302 46850
53 46851
260 46852
836 46853
132 46854
88 46855
146 46856
871 46857
951 46858
662 46859
724 46860
458 46861
692 46862
959 46863
185 46864
373 46865
388 46866
996 46867
715 46868
863 46869
469 46870
657 46871
457 46872
376 46873
457 46874
869 46875
892 46876
886 46877
12 46878
359 46879
285 46880
562 46881
231 46882
981 46883
789 46884
81 46885
476 46886
880 46887
275 46888
732 46889
518 46890
966 46891
771 46892
538 46893
910 46894
56 46895
910 46896
196 46897
736 46898
222 46899
365 46900
93 46901
100 46902
530 46903
271 46904
7 46905
124 46906
156 46907
286 46908
533 46909
555 46910
281 46911
525 46912
367 46913
579 46914
60 46915
876 46916
272 46917
708 46918
24 46919
965 46920
87 46921
243 46922
266 46923
867 46924
102 46925
701 46926
25 46927
348 46928
45 46929
821 46930
488 46931
967 46932
387 46933
428 46934
541 46935
913 46936
888 46937
724 46938
248 46939
313 46940
18 46941
533 46942
820 46943
272 46944
455 46945
436 46946
418 46947
773 46948
88 46949
357 46950
494 46951
369 46952
153 46953
948 46954
706 46955
615 46956
700 46957
370 46958
750 46959
331 46960
832 46961
281 46962
932 46963
771 46964
509 46965
193 46966
622 46967
719 46968
456 46969
867 46970
974 46971
646 46972
863 46973
39 46974
145 46975
910 46976
865 46977
781 46978
86 46979
617 46980
247 46981
85 46982
879 46983
113 46984
221 46985
77 46986
158 46987
6 46988
285 46989
968 46990
661 46991
599 46992
670 46993
488 46994
561 46995
488 46996
56 46997
778 46998
814 46999
406 47000
662 47001
371 47002
219 47003
371 47004
87 47005
442 47006
659 47007
125 47008
520 47009
484 47010
959 47011
258 47012
240 47013
747 47014
1 47015
600 47016
207 47017
174 47018
27 47019
603 47020
854 47021
3 47022
613 47023
402 47024
237 47025
144 47026
155 47027
1 47028
223 47029
175 47030
403 47031
35 47032
566 47033
776 47034
400 47035
731 47036
187 47037
945 47038
833 47039
855 47040
241 47041
473 47042
81 47043
410 47044
733 47045
481 47046
606 47047
787 47048
812 47049
163 47050
419 47051
923 47052
469 47053
772 47054
229 47055
309 47056
137 47057
305 47058
131 47059
410 47060
195 47061
705 47062
644 47063
60 47064
976 47065
634 47066
836 47067
699 47068
905 47069
288 47070
420 47071
716 47072
271 47073
845 47074
936 47075
436 47076
736 47077
793 47078
466 47079
682 47080
753 47081
138 47082
470 47083
139 47084
962 47085
687 47086
696 47087
770 47088
688 47089
644 47090
628 47091
212 47092
669 47093
281 47094
144 47095
959 47096
645 47097
445 47098
493 47099
109 47100
829 47101
24 47102
15 47103
877 47104
928 47105
47 47106
126 47107
973 47108
971 47109
52 47110
89 47111
675 47112
116 47113
587 47114
503 47115
210 47116
427 47117
429 47118
220 47119
604 47120
835 47121
500 47122
457 47123
504 47124
767 47125
457 47126
854 47127
928 47128
535 47129
915 47130
928 47131
767 47132
871 47133
254 47134
625 47135
441 47136
486 47137
873 47138
46 47139
16 47140
487 47141
785 47142
778 47143
620 47144
49 47145
167 47146
531 47147
895 47148
442 47149
382 47150
914 47151
10 47152
757 47153
516 47154
198 47155
887 47156
274 47157
475 47158
821 47159
917 47160
846 47161
216 47162
117 47163
732 47164
795 47165
319 47166
923 47167
533 47168
172 47169
151 47170
26 47171
731 47172
209 47173
562 47174
150 47175
282 47176
405 47177
971 47178
169 47179
114 47180
399 47181
168 47182
489 47183
511 47184
34 47185
410 47186
161 47187
892 47188
38 47189
959 47190
920 47191
458 47192
178 47193
845 47194
897 47195
691 47196
916 47197
158 47198
210 47199
596 47200
340 47201
372 47202
908 47203
647 47204
803 47205
651 47206
438 47207
383 47208
909 47209
495 47210
948 47211
746 47212
918 47213
240 47214
887 47215
969 47216
936 47217
43 47218
123 47219
682 47220
81 47221
46 47222
243 47223
808 47224
597 47225
291 47226
114 47227
408 47228
500 47229
806 47230
737 47231
698 47232
165 47233
902 47234
64 47235
909 47236
439 47237
928 47238
344 47239
270 47240
656 47241
488 47242
180 47243
744 47244
699 47245
703 47246
4 47247
117 47248
509 47249
995 47250
274 47251
620 47252
272 47253
259 47254
80 47255
138 47256
764 47257
311 47258
670 47259
363 47260
856 47261
858 47262
739 47263
938 47264
916 47265
684 47266
958 47267
580 47268
606 47269
950 47270
976 47271
96 47272
361 47273
568 47274
575 47275
786 47276
492 47277
42 47278
84 47279
684 47280
680 47281
809 47282
85 47283
929 47284
848 47285
628 47286
283 47287
10 47288
325 47289
547 47290
865 47291
92 47292
554 47293
973 47294
215 47295
916 47296
303 47297
775 47298
24 47299
300 47300
465 47301
505 47302
279 47303
854 47304
365 47305
139 47306
784 47307
48 47308
234 47309
832 47310
612 47311
206 47312
369 47313
427 47314
755 47315
417 47316
703 47317
480 47318
649 47319
725 47320
416 47321
669 47322
540 47323
587 47324
536 47325
165 47326
867 47327
586 47328
133 47329
37 47330
217 47331
571 47332
501 47333
106 47334
365 47335
488 47336
37 47337
322 47338
410 47339
85 47340
123 47341
166 47342
420 47343
936 47344
22 47345
298 47346
545 47347
106 47348
970 47349
789 47350
787 47351
985 47352
607 47353
580 47354
421 47355
616 47356
614 47357
629 47358
188 47359
67 47360
120 47361
470 47362
974 47363
40 47364
289 47365
962 47366
212 47367
139 47368
123 47369
856 47370
629 47371
623 47372
10 47373
708 47374
312 47375
891 47376
578 47377
697 47378
413 47379
552 47380
402 47381
205 47382
657 47383
50 47384
13 47385
986 47386
389 47387
911 47388
89 47389
994 47390
541 47391
416 47392
71 47393
99 47394
577 47395
335 47396
599 47397
592 47398
997 47399
632 47400
30 47401
764 47402
620 47403
671 47404
875 47405
720 47406
819 47407
832 47408
125 47409
946 47410
34 47411
330 47412
354 47413
151 47414
66 47415
772 47416
290 47417
294 47418
413 47419
468 47420
629 47421
1000 47422
377 47423
927 47424
132 47425
671 47426
302 47427
934 47428
223 47429
47 47430
589 47431
118 47432
955 47433
906 47434
737 47435
307 47436
91 47437
980 47438
900 47439
582 47440
338 47441
236 47442
765 47443
803 47444
112 47445
300 47446
760 47447
679 47448
735 47449
127 47450
915 47451
280 47452
584 47453
208 47454
126 47455
469 47456
3 47457
9 47458
494 47459
279 47460
345 47461
343 47462
114 47463
928 47464
829 47465
965 47466
522 47467
589 47468
584 47469
877 47470
532 47471
380 47472
89 47473
921 47474
577 47475
960 47476
40 47477
754 47478
631 47479
584 47480
141 47481
816 47482
196 47483
376 47484
858 47485
314 47486
683 47487
469 47488
308 47489
920 47490
845 47491
935 47492
125 47493
4 47494
851 47495
988 47496
812 47497
532 47498
440 47499
1000 47500
580 47501
175 47502
719 47503
419 47504
472 47505
567 47506
221 47507
408 47508
485 47509
633 47510
545 47511
719 47512
509 47513
653 47514
601 47515
218 47516
237 47517
849 47518
97 47519
708 47520
749 47521
792 47522
965 47523
479 47524
277 47525
147 47526
954 47527
164 47528
290 47529
803 47530
654 47531
316 47532
868 47533
990 47534
794 47535
842 47536
121 47537
155 47538
159 47539
979 47540
341 47541
819 47542
506 47543
280 47544
344 47545
114 47546
793 47547
543 47548
59 47549
824 47550
367 47551
201 47552
130 47553
224 47554
894 47555
319 47556
52 47557
238 47558
390 47559
979 47560
893 47561
358 47562
954 47563
461 47564
242 47565
323 47566
621 47567
231 47568
539 47569
27 47570
918 47571
296 47572
425 47573
378 47574
583 47575
552 47576
577 47577
200 47578
763 47579
736 47580
145 47581
83 47582
768 47583
284 47584
722 47585
538 47586
777 47587
362 47588
676 47589
919 47590
873 47591
445 47592
346 47593
893 47594
190 47595
821 47596
365 47597
211 47598
98 47599
952 47600
513 47601
335 47602
135 47603
783 47604
990 47605
769 47606
700 47607
270 47608
739 47609
138 47610
609 47611
939 47612
888 47613
467 47614
287 47615
822 47616
846 47617
39 47618
604 47619
462 47620
359 47621
770 47622
998 47623
280 47624
435 47625
558 47626
894 47627
421 47628
261 47629
684 47630
773 47631
128 47632
710 47633
860 47634
203 47635
585 47636
775 47637
960 47638
261 47639
211 47640
152 47641
976 47642
714 47643
142 47644
505 47645
988 47646
701 47647
226 47648
226 47649
431 47650
192 47651
882 47652
495 47653
482 47654
140 47655
392 47656
313 47657
349 47658
144 47659
563 47660
38 47661
925 47662
249 47663
14 47664
70 47665
4 47666
112 47667
288 47668
771 47669
49 47670
811 47671
718 47672
986 47673
967 47674
884 47675
917 47676
150 47677
640 47678
708 47679
721 47680
689 47681
503 47682
690 47683
977 47684
522 47685
496 47686
244 47687
752 47688
409 47689
954 47690
23 47691
499 47692
138 47693
687 47694
837 47695
998 47696
837 47697
695 47698
689 47699
83 47700
669 47701
552 47702
681 47703
42 47704
496 47705
910 47706
891 47707
553 47708
931 47709
471 47710
137 47711
884 47712
159 47713
385 47714
484 47715
830 47716
189 47717
972 47718
553 47719
486 47720
671 47721
555 47722
205 47723
276 47724
457 47725
852 47726
650 47727
339 47728
322 47729
384 47730
831 47731
620 47732
372 47733
841 47734
702 47735
151 47736
3 47737
188 47738
855 47739
618 47740
64 47741
918 47742
654 47743
446 47744
796 47745
261 47746
438 47747
715 47748
288 47749
576 47750
721 47751
45 47752
376 47753
330 47754
465 47755
158 47756
909 47757
317 47758
508 47759
158 47760
128 47761
6 47762
632 47763
178 47764
417 47765
26 47766
41 47767
369 47768
995 47769
453 47770
708 47771
9 47772
338 47773
746 47774
946 47775
970 47776
100 47777
215 47778
721 47779
848 47780
148 47781
8 47782
144 47783
376 47784
892 47785
585 47786
231 47787
955 47788
767 47789
616 47790
573 47791
563 47792
363 47793
122 47794
578 47795
1 47796
298 47797
956 47798
732 47799
204 47800
833 47801
16 47802
703 47803
209 47804
887 47805
740 47806
676 47807
896 47808
765 47809
6 47810
273 47811
91 47812
804 47813
432 47814
866 47815
984 47816
180 47817
323 47818
656 47819
368 47820
109 47821
332 47822
143 47823
12 47824
881 47825
384 47826
474 47827
700 47828
936 47829
144 47830
871 47831
263 47832
724 47833
24 47834
3 47835
54 47836
868 47837
303 47838
556 47839
411 47840
355 47841
569 47842
459 47843
854 47844
557 47845
875 47846
399 47847
695 47848
25 47849
677 47850
831 47851
769 47852
96 47853
772 47854
414 47855
806 47856
807 47857
897 47858
622 47859
604 47860
585 47861
22 47862
933 47863
111 47864
490 47865
844 47866
547 47867
775 47868
553 47869
185 47870
25 47871
61 47872
497 47873
591 47874
96 47875
218 47876
945 47877
560 47878
213 47879
320 47880
912 47881
740 47882
528 47883
489 47884
709 47885
502 47886
860 47887
136 47888
923 47889
736 47890
519 47891
246 47892
97 47893
935 47894
778 47895
775 47896
171 47897
104 47898
28 47899
748 47900
844 47901
82 47902
4 47903
101 47904
608 47905
833 47906
953 47907
37 47908
38 47909
690 47910
910 47911
571 47912
987 47913
845 47914
309 47915
716 47916
866 47917
58 47918
754 47919
153 47920
423 47921
192 47922
521 47923
959 47924
942 47925
615 47926
310 47927
976 47928
931 47929
63 47930
966 47931
9 47932
301 47933
639 47934
414 47935
567 47936
786 47937
297 47938
841 47939
686 47940
568 47941
95 47942
103 47943
215 47944
497 47945
143 47946
441 47947
941 47948
258 47949
136 47950
546 47951
83 47952
824 47953
689 47954
881 47955
338 47956
14 47957
728 47958
33 47959
643 47960
418 47961
228 47962
415 47963
648 47964
499 47965
887 47966
611 47967
446 47968
438 47969
616 47970
946 47971
572 47972
473 47973
787 47974
448 47975
181 47976
433 47977
848 47978
890 47979
814 47980
139 47981
921 47982
533 47983
486 47984
186 47985
97 47986
402 47987
344 47988
577 47989
530 47990
800 47991
435 47992
51 47993
326 47994
771 47995
303 47996
554 47997
214 47998
13 47999
394 48000
89 48001
928 48002
764 48003
30 48004
783 48005
58 48006
863 48007
768 48008
52 48009
9 48010
885 48011
585 48012
801 48013
449 48014
21 48015
328 48016
793 48017
361 48018
772 48019
725 48020
554 48021
273 48022
5 48023
226 48024
247 48025
347 48026
547 48027
781 48028
404 48029
208 48030
559 48031
374 48032
45 48033
616 48034
40 48035
114 48036
201 48037
988 48038
436 48039
447 48040
204 48041
162 48042
330 48043
271 48044
397 48045
729 48046
545 48047
297 48048
70 48049
592 48050
583 48051
160 48052
743 48053
207 48054
250 48055
175 48056
289 48057
275 48058
727 48059
697 48060
340 48061
869 48062
595 48063
100 48064
145 48065
634 48066
759 48067
897 48068
199 48069
413 48070
336 48071
654 48072
297 48073
996 48074
651 48075
945 48076
623 48077
646 48078
127 48079
763 48080
528 48081
844 48082
744 48083
483 48084
975 48085
389 48086
204 48087
666 48088
76 48089
144 48090
603 48091
920 48092
622 48093
661 48094
4 48095
275 48096
175 48097
6 48098
375 48099
302 48100
797 48101
604 48102
927 48103
107 48104
570 48105
835 48106
861 48107
377 48108
222 48109
807 48110
978 48111
886 48112
78 48113
266 48114
54 48115
343 48116
482 48117
638 48118
213 48119
852 48120
921 48121
654 48122
532 48123
969 48124
680 48125
284 48126
495 48127
696 48128
983 48129
976 48130
168 48131
162 48132
62 48133
787 48134
240 48135
134 48136
85 48137
215 48138
509 48139
91 48140
836 48141
986 48142
951 48143
10 48144
651 48145
590 48146
405 48147
998 48148
360 48149
841 48150
641 48151
513 48152
495 48153
177 48154
860 48155
531 48156
297 48157
33 48158
726 48159
435 48160
640 48161
853 48162
387 48163
66 48164
663 48165
296 48166
846 48167
405 48168
719 48169
893 48170
199 48171
778 48172
440 48173
192 48174
435 48175
759 48176
909 48177
78 48178
982 48179
717 48180
387 48181
78 48182
502 48183
695 48184
736 48185
656 48186
850 48187
869 48188
26 48189
854 48190
549 48191
587 48192
368 48193
618 48194
429 48195
631 48196
570 48197
12 48198
728 48199
101 48200
402 48201
717 48202
358 48203
44 48204
488 48205
526 48206
210 48207
239 48208
674 48209
373 48210
704 48211
238 48212
912 48213
342 48214
601 48215
870 48216
1 48217
498 48218
861 48219
429 48220
8 48221
50 48222
316 48223
262 48224
492 48225
134 48226
681 48227
523 48228
288 48229
765 48230
618 48231
533 48232
453 48233
929 48234
455 48235
213 48236
672 48237
948 48238
307 48239
762 48240
533 48241
983 48242
803 48243
348 48244
661 48245
484 48246
142 48247
577 48248
457 48249
876 48250
21 48251
996 48252
395 48253
589 48254
709 48255
863 48256
302 48257
493 48258
193 48259
197 48260
195 48261
678 48262
342 48263
567 48264
867 48265
861 48266
163 48267
114 48268
88 48269
969 48270
194 48271
609 48272
593 48273
374 48274
266 48275
22 48276
706 48277
747 48278
712 48279
200 48280
456 48281
648 48282
812 48283
910 48284
940 48285
321 48286
202 48287
557 48288
219 48289
203 48290
592 48291
764 48292
547 48293
522 48294
784 48295
957 48296
561 48297
860 48298
344 48299
95 48300
11 48301
45 48302
769 48303
54 48304
192 48305
24 48306
654 48307
252 48308
8 48309
23 48310
550 48311
650 48312
603 48313
196 48314
448 48315
710 48316
345 48317
964 48318
263 48319
126 48320
321 48321
135 48322
656 48323
529 48324
36 48325
624 48326
430 48327
364 48328
24 48329
950 48330
590 48331
902 48332
271 48333
104 48334
586 48335
409 48336
564 48337
317 48338
403 48339
862 48340
777 48341
731 48342
473 48343
578 48344
374 48345
159 48346
567 48347
554 48348
433 48349
349 48350
267 48351
11 48352
224 48353
256 48354
362 48355
913 48356
505 48357
788 48358
440 48359
891 48360
140 48361
680 48362
515 48363
547 48364
387 48365
272 48366
588 48367
157 48368
928 48369
920 48370
788 48371
462 48372
609 48373
724 48374
122 48375
205 48376
551 48377
747 48378
874 48379
601 48380
461 48381
17 48382
800 48383
753 48384
468 48385
940 48386
516 48387
775 48388
270 48389
770 48390
259 48391
99 48392
262 48393
63 48394
799 48395
99 48396
243 48397
241 48398
153 48399
269 48400
743 48401
239 48402
489 48403
500 48404
305 48405
724 48406
377 48407
839 48408
338 48409
616 48410
820 48411
38 48412
303 48413
818 48414
141 48415
192 48416
316 48417
81 48418
64 48419
280 48420
734 48421
8 48422
587 48423
307 48424
269 48425
517 48426
516 48427
528 48428
428 48429
975 48430
12 48431
640 48432
652 48433
245 48434
855 48435
530 48436
910 48437
601 48438
209 48439
609 48440
228 48441
328 48442
268 48443
630 48444
178 48445
359 48446
723 48447
992 48448
619 48449
627 48450
230 48451
608 48452
779 48453
259 48454
6 48455
782 48456
446 48457
215 48458
259 48459
693 48460
462 48461
952 48462
34 48463
27 48464
208 48465
539 48466
266 48467
948 48468
278 48469
985 48470
447 48471
663 48472
282 48473
857 48474
898 48475
39 48476
837 48477
178 48478
407 48479
878 48480
193 48481
856 48482
200 48483
449 48484
13 48485
900 48486
142 48487
721 48488
505 48489
179 48490
456 48491
583 48492
838 48493
950 48494
254 48495
812 48496
750 48497
468 48498
869 48499
262 48500
948 48501
158 48502
501 48503
285 48504
606 48505
434 48506
528 48507
932 48508
277 48509
439 48510
912 48511
35 48512
730 48513
996 48514
813 48515
119 48516
608 48517
959 48518
578 48519
773 48520
904 48521
67 48522
752 48523
325 48524
427 48525
61 48526
243 48527
715 48528
1 48529
935 48530
426 48531
531 48532
726 48533
943 48534
412 48535
104 48536
434 48537
931 48538
709 48539
355 48540
269 48541
14 48542
860 48543
378 48544
346 48545
75 48546
514 48547
854 48548
217 48549
684 48550
694 48551
549 48552
710 48553
483 48554
819 48555
8 48556
295 48557
426 48558
53 48559
453 48560
479 48561
389 48562
501 48563
556 48564
675 48565
456 48566
505 48567
874 48568
247 48569
413 48570
16 48571
78 48572
369 48573
548 48574
590 48575
774 48576
891 48577
24 48578
623 48579
640 48580
474 48581
359 48582
765 48583
211 48584
931 48585
371 48586
288 48587
795 48588
436 48589
747 48590
406 48591
498 48592
907 48593
218 48594
268 48595
11 48596
926 48597
335 48598
53 48599
594 48600
278 48601
106 48602
438 48603
226 48604
292 48605
294 48606
381 48607
889 48608
624 48609
327 48610
291 48611
75 48612
34 48613
902 48614
467 48615
585 48616
433 48617
958 48618
940 48619
868 48620
422 48621
94 48622
185 48623
480 48624
924 48625
560 48626
798 48627
677 48628
562 48629
900 48630
918 48631
604 48632
976 48633
344 48634
576 48635
470 48636
493 48637
22 48638
668 48639
136 48640
580 48641
954 48642
733 48643
233 48644
135 48645
896 48646
902 48647
158 48648
533 48649
707 48650
831 48651
402 48652
317 48653
948 48654
457 48655
717 48656
528 48657
497 48658
403 48659
540 48660
549 48661
269 48662
895 48663
434 48664
468 48665
132 48666
782 48667
721 48668
396 48669
698 48670
240 48671
348 48672
35 48673
173 48674
501 48675
252 48676
302 48677
377 48678
693 48679
201 48680
458 48681
230 48682
108 48683
35 48684
951 48685
219 48686
623 48687
185 48688
496 48689
931 48690
540 48691
541 48692
452 48693
269 48694
88 48695
975 48696
53 48697
447 48698
687 48699
646 48700
78 48701
423 48702
749 48703
338 48704
317 48705
655 48706
797 48707
510 48708
153 48709
516 48710
839 48711
348 48712
365 48713
488 48714
722 48715
807 48716
94 48717
40 48718
512 48719
764 48720
327 48721
466 48722
730 48723
408 48724
388 48725
258 48726
284 48727
857 48728
733 48729
941 48730
206 48731
474 48732
152 48733
555 48734
431 48735
53 48736
604 48737
391 48738
720 48739
648 48740
175 48741
213 48742
235 48743
723 48744
38 48745
370 48746
313 48747
997 48748
375 48749
243 48750
252 48751
988 48752
323 48753
946 48754
899 48755
774 48756
25 48757
202 48758
823 48759
836 48760
914 48761
477 48762
774 48763
606 48764
303 48765
418 48766
131 48767
209 48768
41 48769
129 48770
86 48771
94 48772
436 48773
704 48774
907 48775
157 48776
124 48777
234 48778
446 48779
747 48780
770 48781
301 48782
599 48783
512 48784
86 48785
636 48786
907 48787
65 48788
868 48789
451 48790
716 48791
603 48792
156 48793
36 48794
648 48795
198 48796
186 48797
484 48798
294 48799
769 48800
122 48801
384 48802
547 48803
850 48804
773 48805
781 48806
861 48807
842 48808
94 48809
706 48810
920 48811
802 48812
109 48813
873 48814
333 48815
824 48816
337 48817
710 48818
979 48819
465 48820
48 48821
647 48822
911 48823
676 48824
694 48825
901 48826
208 48827
674 48828
968 48829
176 48830
657 48831
607 48832
244 48833
90 48834
750 48835
845 48836
149 48837
951 48838
56 48839
878 48840
579 48841
509 48842
195 48843
802 48844
723 48845
924 48846
257 48847
160 48848
881 48849
807 48850
453 48851
395 48852
992 48853
378 48854
594 48855
698 48856
298 48857
670 48858
725 48859
464 48860
268 48861
345 48862
503 48863
403 48864
787 48865
719 48866
503 48867
239 48868
936 48869
961 48870
896 48871
435 48872
155 48873
539 48874
125 48875
674 48876
913 48877
906 48878
595 48879
150 48880
393 48881
347 48882
584 48883
75 48884
430 48885
897 48886
5 48887
560 48888
278 48889
964 48890
96 48891
796 48892
529 48893
225 48894
606 48895
720 48896
918 48897
156 48898
518 48899
127 48900
736 48901
256 48902
545 48903
628 48904
785 48905
186 48906
864 48907
637 48908
993 48909
773 48910
549 48911
184 48912
258 48913
668 48914
849 48915
577 48916
168 48917
953 48918
676 48919
922 48920
998 48921
145 48922
567 48923
738 48924
169 48925
96 48926
489 48927
307 48928
204 48929
595 48930
178 48931
545 48932
712 48933
308 48934
739 48935
55 48936
213 48937
614 48938
528 48939
447 48940
690 48941
918 48942
414 48943
466 48944
735 48945
894 48946
73 48947
544 48948
112 48949
36 48950
604 48951
811 48952
891 48953
857 48954
349 48955
740 48956
166 48957
222 48958
826 48959
2 48960
225 48961
13 48962
323 48963
270 48964
486 48965
569 48966
293 48967
565 48968
728 48969
715 48970
798 48971
617 48972
199 48973
526 48974
292 48975
771 48976
682 48977
121 48978
169 48979
79 48980
503 48981
375 48982
979 48983
466 48984
911 48985
898 48986
931 48987
780 48988
771 48989
980 48990
984 48991
88 48992
470 48993
652 48994
973 48995
288 48996
590 48997
345 48998
650 48999
158 49000
637 49001
148 49002
611 49003
268 49004
117 49005
637 49006
451 49007
418 49008
641 49009
233 49010
16 49011
28 49012
363 49013
727 49014
940 49015
955 49016
420 49017
857 49018
1000 49019
298 49020
999 49021
443 49022
650 49023
870 49024
149 49025
212 49026
450 49027
707 49028
79 49029
571 49030
405 49031
622 49032
427 49033
919 49034
771 49035
983 49036
247 49037
51 49038
741 49039
794 49040
207 49041
609 49042
695 49043
46 49044
557 49045
776 49046
747 49047
273 49048
511 49049
319 49050
30 49051
48 49052
258 49053
110 49054
992 49055
520 49056
719 49057
175 49058
911 49059
490 49060
382 49061
581 49062
939 49063
818 49064
486 49065
643 49066
648 49067
636 49068
957 49069
320 49070
355 49071
156 49072
793 49073
638 49074
196 49075
464 49076
966 49077
465 49078
677 49079
369 49080
367 49081
794 49082
852 49083
742 49084
111 49085
543 49086
118 49087
586 49088
848 49089
486 49090
795 49091
214 49092
113 49093
198 49094
352 49095
475 49096
351 49097
23 49098
587 49099
842 49100
6 49101
386 49102
623 49103
893 49104
177 49105
163 49106
539 49107
716 49108
426 49109
281 49110
593 49111
240 49112
555 49113
94 49114
122 49115
768 49116
915 49117
201 49118
40 49119
422 49120
174 49121
999 49122
73 49123
977 49124
320 49125
274 49126
432 49127
659 49128
252 49129
499 49130
410 49131
377 49132
168 49133
253 49134
880 49135
148 49136
324 49137
985 49138
34 49139
174 49140
445 49141
248 49142
871 49143
454 49144
911 49145
373 49146
839 49147
641 49148
301 49149
321 49150
155 49151
558 49152
192 49153
301 49154
608 49155
23 49156
21 49157
475 49158
838 49159
215 49160
191 49161
336 49162
343 49163
551 49164
19 49165
928 49166
92 49167
973 49168
329 49169
163 49170
999 49171
581 49172
758 49173
158 49174
724 49175
919 49176
412 49177
868 49178
366 49179
764 49180
828 49181
707 49182
867 49183
43 49184
196 49185
309 49186
792 49187
676 49188
716 49189
396 49190
438 49191
153 49192
478 49193
352 49194
147 49195
44 49196
844 49197
879 49198
21 49199
812 49200
882 49201
14 49202
26 49203
96 49204
70 49205
87 49206
391 49207
294 49208
724 49209
214 49210
354 49211
17 49212
608 49213
837 49214
427 49215
801 49216
425 49217
428 49218
958 49219
725 49220
394 49221
978 49222
162 49223
751 49224
496 49225
729 49226
644 49227
907 49228
637 49229
961 49230
58 49231
293 49232
154 49233
233 49234
413 49235
590 49236
780 49237
495 49238
167 49239
672 49240
394 49241
411 49242
822 49243
777 49244
939 49245
291 49246
995 49247
187 49248
848 49249
328 49250
887 49251
226 49252
441 49253
229 49254
264 49255
241 49256
390 49257
499 49258
931 49259
123 49260
440 49261
119 49262
74 49263
825 49264
908 49265
659 49266
274 49267
461 49268
177 49269
782 49270
126 49271
586 49272
385 49273
855 49274
314 49275
823 49276
286 49277
567 49278
200 49279
55 49280
416 49281
977 49282
576 49283
73 49284
861 49285
826 49286
992 49287
927 49288
593 49289
234 49290
416 49291
951 49292
921 49293
63 49294
829 49295
237 49296
951 49297
163 49298
887 49299
933 49300
213 49301
445 49302
683 49303
380 49304
245 49305
637 49306
125 49307
741 49308
6 49309
948 49310
185 49311
630 49312
599 49313
430 49314
238 49315
608 49316
521 49317
462 49318
505 49319
503 49320
894 49321
541 49322
505 49323
215 49324
595 49325
984 49326
813 49327
180 49328
40 49329
442 49330
950 49331
804 49332
812 49333
96 49334
896 49335
370 49336
256 49337
417 49338
411 49339
421 49340
375 49341
47 49342
248 49343
112 49344
344 49345
222 49346
274 49347
498 49348
464 49349
583 49350
55 49351
513 49352
264 49353
551 49354
875 49355
650 49356
424 49357
595 49358
187 49359
152 49360
272 49361
660 49362
645 49363
921 49364
99 49365
492 49366
927 49367
20 49368
11 49369
195 49370
157 49371
955 49372
184 49373
12 49374
371 49375
113 49376
619 49377
693 49378
221 49379
63 49380
613 49381
194 49382
452 49383
254 49384
80 49385
57 49386
997 49387
957 49388
641 49389
696 49390
192 49391
274 49392
895 49393
706 49394
381 49395
735 49396
857 49397
83 49398
808 49399
618 49400
288 49401
430 49402
441 49403
651 49404
316 49405
219 49406
269 49407
514 49408
672 49409
737 49410
897 49411
230 49412
919 49413
354 49414
651 49415
806 49416
838 49417
794 49418
805 49419
477 49420
555 49421
620 49422
321 49423
119 49424
677 49425
954 49426
467 49427
419 49428
398 49429
279 49430
70 49431
249 49432
278 49433
620 49434
103 49435
757 49436
648 49437
301 49438
488 49439
412 49440
17 49441
792 49442
821 49443
701 49444
162 49445
38 49446
931 49447
680 49448
903 49449
708 49450
335 49451
887 49452
675 49453
967 49454
199 49455
68 49456
297 49457
708 49458
479 49459
803 49460
203 49461
559 49462
600 49463
672 49464
580 49465
850 49466
795 49467
789 49468
247 49469
100 49470
667 49471
814 49472
236 49473
489 49474
886 49475
748 49476
340 49477
186 49478
746 49479
122 49480
149 49481
559 49482
300 49483
806 49484
333 49485
925 49486
552 49487
699 49488
112 49489
889 49490
282 49491
315 49492
713 49493
499 49494
485 49495
719 49496
388 49497
115 49498
424 49499
876 49500
691 49501
60 49502
769 49503
483 49504
397 49505
503 49506
26 49507
825 49508
281 49509
521 49510
785 49511
918 49512
865 49513
428 49514
945 49515
947 49516
562 49517
749 49518
538 49519
581 49520
938 49521
527 49522
405 49523
427 49524
871 49525
372 49526
764 49527
673 49528
367 49529
816 49530
220 49531
484 49532
167 49533
392 49534
657 49535
578 49536
802 49537
185 49538
328 49539
717 49540
323 49541
796 49542
968 49543
752 49544
578 49545
834 49546
688 49547
505 49548
505 49549
502 49550
712 49551
174 49552
238 49553
906 49554
104 49555
357 49556
215 49557
526 49558
2 49559
767 49560
448 49561
937 49562
477 49563
533 49564
314 49565
552 49566
710 49567
153 49568
791 49569
537 49570
838 49571
799 49572
636 49573
635 49574
377 49575
218 49576
168 49577
267 49578
325 49579
137 49580
913 49581
492 49582
183 49583
894 49584
213 49585
167 49586
926 49587
171 49588
965 49589
388 49590
632 49591
191 49592
923 49593
308 49594
992 49595
482 49596
462 49597
808 49598
133 49599
365 49600
66 49601
487 49602
243 49603
379 49604
433 49605
507 49606
968 49607
814 49608
863 49609
420 49610
697 49611
783 49612
894 49613
766 49614
806 49615
763 49616
822 49617
950 49618
78 49619
697 49620
111 49621
41 49622
337 49623
845 49624
367 49625
933 49626
967 49627
689 49628
520 49629
186 49630
351 49631
158 49632
904 49633
294 49634
350 49635
161 49636
808 49637
200 49638
285 49639
468 49640
156 49641
381 49642
978 49643
60 49644
63 49645
6 49646
124 49647
915 49648
817 49649
511 49650
130 49651
116 49652
30 49653
736 49654
3 49655
175 49656
67 49657
2 49658
621 49659
392 49660
745 49661
720 49662
20 49663
858 49664
669 49665
74 49666
199 49667
950 49668
356 49669
61 49670
288 49671
913 49672
416 49673
733 49674
114 49675
448 49676
796 49677
209 49678
808 49679
1000 49680
398 49681
505 49682
835 49683
743 49684
934 49685
258 49686
983 49687
886 49688
204 49689
225 49690
549 49691
197 49692
525 49693
715 49694
823 49695
733 49696
113 49697
569 49698
852 49699
498 49700
531 49701
236 49702
940 49703
979 49704
974 49705
6 49706
355 49707
49 49708
966 49709
497 49710
659 49711
460 49712
27 49713
237 49714
443 49715
282 49716
339 49717
952 49718
416 49719
62 49720
315 49721
315 49722
165 49723
195 49724
922 49725
162 49726
957 49727
938 49728
127 49729
119 49730
173 49731
942 49732
812 49733
140 49734
702 49735
492 49736
399 49737
637 49738
764 49739
623 49740
598 49741
51 49742
566 49743
240 49744
163 49745
390 49746
66 49747
87 49748
47 49749
631 49750
324 49751
168 49752
828 49753
229 49754
546 49755
540 49756
50 49757
202 49758
353 49759
324 49760
832 49761
384 49762
199 49763
170 49764
655 49765
52 49766
445 49767
509 49768
898 49769
734 49770
388 49771
163 49772
647 49773
429 49774
646 49775
223 49776
50 49777
511 49778
135 49779
617 49780
723 49781
392 49782
964 49783
289 49784
592 49785
343 49786
720 49787
690 49788
735 49789
347 49790
327 49791
484 49792
15 49793
387 49794
836 49795
960 49796
130 49797
9 49798
407 49799
252 49800
798 49801
71 49802
535 49803
466 49804
166 49805
261 49806
753 49807
235 49808
567 49809
927 49810
111 49811
163 49812
30 49813
363 49814
824 49815
70 49816
662 49817
61 49818
650 49819
96 49820
53 49821
812 49822
903 49823
371 49824
944 49825
54 49826
646 49827
21 49828
7 49829
478 49830
943 49831
658 49832
788 49833
224 49834
427 49835
383 49836
311 49837
605 49838
916 49839
847 49840
245 49841
481 49842
241 49843
93 49844
135 49845
200 49846
759 49847
498 49848
247 49849
962 49850
267 49851
137 49852
810 49853
834 49854
307 49855
205 49856
10 49857
724 49858
825 49859
216 49860
426 49861
751 49862
478 49863
687 49864
791 49865
122 49866
975 49867
248 49868
999 49869
120 49870
719 49871
445 49872
469 49873
319 49874
977 49875
140 49876
174 49877
63 49878
878 49879
654 49880
478 49881
215 49882
521 49883
85 49884
917 49885
754 49886
205 49887
985 49888
688 49889
790 49890
84 49891
682 49892
221 49893
310 49894
278 49895
878 49896
126 49897
481 49898
63 49899
833 49900
641 49901
744 49902
647 49903
522 49904
194 49905
78 49906
807 49907
169 49908
478 49909
526 49910
961 49911
596 49912
627 49913
185 49914
689 49915
486 49916
829 49917
38 49918
290 49919
369 49920
570 49921
500 49922
13 49923
850 49924
342 49925
59 49926
381 49927
87 49928
160 49929
717 49930
445 49931
379 49932
514 49933
552 49934
753 49935
815 49936
91 49937
604 49938
838 49939
495 49940
737 49941
804 49942
281 49943
458 49944
597 49945
282 49946
987 49947
156 49948
831 49949
420 49950
895 49951
291 49952
778 49953
377 49954
306 49955
776 49956
923 49957
248 49958
346 49959
477 49960
774 49961
187 49962
453 49963
380 49964
4 49965
540 49966
637 49967
300 49968
185 49969
882 49970
713 49971
626 49972
755 49973
511 49974
287 49975
377 49976
202 49977
435 49978
150 49979
280 49980
499 49981
469 49982
361 49983
818 49984
124 49985
286 49986
942 49987
700 49988
69 49989
436 49990
606 49991
30 49992
945 49993
977 49994
770 49995
821 49996
300 49997
584 49998
497 49999
373 50000
214 50001
947 50002
330 50003
255 50004
992 50005
250 50006
626 50007
597 50008
689 50009
905 50010
932 50011
706 50012
542 50013
232 50014
511 50015
295 50016
526 50017
730 50018
676 50019
657 50020
945 50021
772 50022
322 50023
215 50024
263 50025
885 50026
516 50027
728 50028
665 50029
113 50030
231 50031
831 50032
608 50033
88 50034
374 50035
605 50036
511 50037
931 50038
459 50039
299 50040
591 50041
134 50042
985 50043
288 50044
489 50045
172 50046
36 50047
93 50048
825 50049
2 50050
188 50051
856 50052
732 50053
487 50054
468 50055
681 50056
61 50057
155 50058
176 50059
972 50060
863 50061
886 50062
395 50063
447 50064
980 50065
670 50066
572 50067
143 50068
790 50069
263 50070
910 50071
169 50072
86 50073
160 50074
70 50075
767 50076
907 50077
830 50078
546 50079
776 50080
398 50081
73 50082
894 50083
570 50084
717 50085
221 50086
574 50087
580 50088
364 50089
32 50090
890 50091
712 50092
603 50093
751 50094
325 50095
201 50096
261 50097
674 50098
46 50099
890 50100
911 50101
197 50102
36 50103
556 50104
947 50105
107 50106
928 50107
647 50108
471 50109
858 50110
352 50111
161 50112
618 50113
253 50114
406 50115
550 50116
65 50117
78 50118
998 50119
486 50120
457 50121
11 50122
466 50123
209 50124
27 50125
686 50126
323 50127
537 50128
186 50129
226 50130
929 50131
788 50132
514 50133
132 50134
657 50135
461 50136
780 50137
942 50138
271 50139
309 50140
630 50141
694 50142
826 50143
867 50144
256 50145
260 50146
431 50147
776 50148
566 50149
358 50150
788 50151
41 50152
308 50153
230 50154
136 50155
873 50156
163 50157
728 50158
681 50159
387 50160
211 50161
731 50162
758 50163
554 50164
413 50165
34 50166
4 50167
869 50168
897 50169
749 50170
205 50171
284 50172
786 50173
324 50174
373 50175
554 50176
247 50177
256 50178
615 50179
117 50180
84 50181
654 50182
676 50183
305 50184
610 50185
913 50186
196 50187
137 50188
585 50189
122 50190
605 50191
365 50192
218 50193
983 50194
290 50195
122 50196
986 50197
539 50198
96 50199
694 50200
10 50201
728 50202
876 50203
166 50204
633 50205
691 50206
841 50207
1 50208
526 50209
987 50210
870 50211
840 50212
379 50213
890 50214
447 50215
322 50216
76 50217
561 50218
954 50219
798 50220
539 50221
376 50222
82 50223
938 50224
733 50225
475 50226
112 50227
750 50228
260 50229
363 50230
404 50231
954 50232
61 50233
777 50234
491 50235
455 50236
907 50237
253 50238
247 50239
218 50240
2 50241
993 50242
704 50243
296 50244
432 50245
335 50246
582 50247
323 50248
841 50249
25 50250
651 50251
22 50252
544 50253
494 50254
393 50255
899 50256
9 50257
282 50258
788 50259
938 50260
683 50261
644 50262
610 50263
729 50264
41 50265
550 50266
868 50267
328 50268
905 50269
920 50270
562 50271
290 50272
517 50273
164 50274
214 50275
261 50276
95 50277
967 50278
918 50279
675 50280
232 50281
218 50282
282 50283
772 50284
281 50285
548 50286
540 50287
743 50288
47 50289
564 50290
431 50291
704 50292
171 50293
605 50294
77 50295
991 50296
712 50297
654 50298
883 50299
580 50300
354 50301
497 50302
600 50303
625 50304
862 50305
27 50306
579 50307
247 50308
837 50309
282 50310
593 50311
139 50312
851 50313
22 50314
312 50315
374 50316
24 50317
104 50318
482 50319
205 50320
354 50321
461 50322
852 50323
133 50324
963 50325
944 50326
944 50327
505 50328
767 50329
567 50330
543 50331
905 50332
536 50333
739 50334
508 50335
770 50336
214 50337
211 50338
885 50339
444 50340
732 50341
93 50342
993 50343
933 50344
197 50345
818 50346
751 50347
454 50348
710 50349
570 50350
546 50351
892 50352
971 50353
370 50354
538 50355
30 50356
900 50357
133 50358
913 50359
334 50360
244 50361
275 50362
643 50363
438 50364
667 50365
227 50366
143 50367
722 50368
111 50369
740 50370
435 50371
250 50372
798 50373
489 50374
187 50375
405 50376
3 50377
90 50378
995 50379
209 50380
360 50381
429 50382
913 50383
29 50384
469 50385
74 50386
402 50387
880 50388
546 50389
669 50390
661 50391
561 50392
882 50393
30 50394
652 50395
756 50396
294 50397
893 50398
486 50399
609 50400
811 50401
288 50402
43 50403
593 50404
433 50405
416 50406
639 50407
166 50408
24 50409
935 50410
786 50411
465 50412
840 50413
710 50414
501 50415
20 50416
5 50417
674 50418
809 50419
529 50420
160 50421
517 50422
954 50423
243 50424
924 50425
597 50426
736 50427
473 50428
665 50429
947 50430
997 50431
600 50432
330 50433
62 50434
903 50435
177 50436
208 50437
971 50438
620 50439
404 50440
818 50441
907 50442
845 50443
911 50444
863 50445
709 50446
555 50447
284 50448
47 50449
749 50450
996 50451
62 50452
968 50453
775 50454
762 50455
792 50456
832 50457
745 50458
153 50459
610 50460
205 50461
843 50462
22 50463
244 50464
888 50465
623 50466
47 50467
672 50468
49 50469
785 50470
382 50471
185 50472
517 50473
521 50474
198 50475
938 50476
240 50477
997 50478
271 50479
956 50480
822 50481
382 50482
388 50483
929 50484
680 50485
391 50486
289 50487
116 50488
254 50489
63 50490
755 50491
221 50492
570 50493
748 50494
621 50495
175 50496
938 50497
161 50498
695 50499
822 50500
900 50501
977 50502
149 50503
733 50504
321 50505
125 50506
23 50507
171 50508
978 50509
14 50510
706 50511
80 50512
656 50513
64 50514
953 50515
486 50516
464 50517
869 50518
78 50519
794 50520
9 50521
104 50522
417 50523
493 50524
829 50525
295 50526
440 50527
583 50528
422 50529
534 50530
306 50531
133 50532
544 50533
678 50534
340 50535
130 50536
335 50537
601 50538
755 50539
489 50540
401 50541
603 50542
535 50543
346 50544
438 50545
241 50546
513 50547
486 50548
334 50549
449 50550
199 50551
759 50552
183 50553
289 50554
45 50555
836 50556
181 50557
760 50558
842 50559
52 50560
467 50561
170 50562
194 50563
576 50564
735 50565
661 50566
178 50567
687 50568
756 50569
492 50570
914 50571
890 50572
254 50573
410 50574
254 50575
744 50576
257 50577
94 50578
506 50579
346 50580
40 50581
821 50582
662 50583
60 50584
314 50585
968 50586
674 50587
18 50588
42 50589
66 50590
224 50591
525 50592
454 50593
182 50594
410 50595
321 50596
762 50597
678 50598
99 50599
857 50600
518 50601
974 50602
671 50603
916 50604
101 50605
892 50606
430 50607
799 50608
747 50609
860 50610
585 50611
736 50612
955 50613
763 50614
186 50615
67 50616
346 50617
943 50618
922 50619
728 50620
105 50621
708 50622
886 50623
150 50624
19 50625
952 50626
421 50627
90 50628
416 50629
548 50630
577 50631
925 50632
571 50633
413 50634
636 50635
290 50636
153 50637
604 50638
372 50639
746 50640
281 50641
270 50642
960 50643
607 50644
260 50645
631 50646
178 50647
110 50648
524 50649
995 50650
804 50651
473 50652
616 50653
488 50654
663 50655
869 50656
557 50657
528 50658
305 50659
335 50660
177 50661
922 50662
947 50663
51 50664
431 50665
752 50666
610 50667
635 50668
685 50669
200 50670
724 50671
587 50672
524 50673
488 50674
672 50675
365 50676
53 50677
33 50678
950 50679
197 50680
673 50681
927 50682
107 50683
454 50684
486 50685
105 50686
441 50687
594 50688
843 50689
206 50690
175 50691
265 50692
796 50693
367 50694
288 50695
438 50696
444 50697
256 50698
560 50699
377 50700
611 50701
349 50702
887 50703
212 50704
748 50705
156 50706
700 50707
88 50708
268 50709
93 50710
868 50711
889 50712
738 50713
546 50714
218 50715
722 50716
278 50717
206 50718
352 50719
558 50720
903 50721
742 50722
905 50723
987 50724
330 50725
802 50726
111 50727
63 50728
451 50729
417 50730
18 50731
219 50732
816 50733
912 50734
146 50735
195 50736
987 50737
198 50738
599 50739
795 50740
167 50741
556 50742
429 50743
760 50744
107 50745
660 50746
418 50747
207 50748
17 50749
152 50750
646 50751
437 50752
684 50753
491 50754
195 50755
82 50756
104 50757
730 50758
601 50759
476 50760
435 50761
271 50762
354 50763
397 50764
591 50765
249 50766
872 50767
264 50768
467 50769
788 50770
551 50771
561 50772
252 50773
790 50774
858 50775
885 50776
339 50777
63 50778
273 50779
324 50780
992 50781
233 50782
532 50783
776 50784
831 50785
904 50786
80 50787
231 50788
237 50789
796 50790
548 50791
139 50792
421 50793
904 50794
731 50795
424 50796
328 50797
841 50798
281 50799
732 50800
6 50801
153 50802
428 50803
277 50804
985 50805
337 50806
532 50807
629 50808
459 50809
423 50810
86 50811
796 50812
490 50813
689 50814
127 50815
751 50816
9 50817
128 50818
468 50819
386 50820
545 50821
251 50822
118 50823
39 50824
58 50825
302 50826
234 50827
312 50828
88 50829
840 50830
123 50831
253 50832
666 50833
683 50834
955 50835
620 50836
304 50837
979 50838
641 50839
83 50840
19 50841
123 50842
82 50843
817 50844
550 50845
424 50846
895 50847
119 50848
472 50849
651 50850
520 50851
375 50852
48 50853
954 50854
692 50855
451 50856
13 50857
500 50858
524 50859
163 50860
213 50861
386 50862
558 50863
703 50864
765 50865
570 50866
257 50867
289 50868
411 50869
433 50870
871 50871
850 50872
405 50873
632 50874
178 50875
626 50876
956 50877
75 50878
585 50879
384 50880
142 50881
636 50882
59 50883
673 50884
138 50885
392 50886
402 50887
371 50888
327 50889
442 50890
263 50891
134 50892
816 50893
573 50894
714 50895
401 50896
996 50897
226 50898
854 50899
804 50900
64 50901
262 50902
311 50903
645 50904
439 50905
439 50906
146 50907
117 50908
344 50909
375 50910
497 50911
514 50912
203 50913
438 50914
504 50915
171 50916
696 50917
99 50918
366 50919
542 50920
403 50921
499 50922
744 50923
596 50924
950 50925
669 50926
649 50927
440 50928
640 50929
933 50930
919 50931
75 50932
178 50933
163 50934
812 50935
947 50936
697 50937
812 50938
887 50939
376 50940
548 50941
748 50942
627 50943
194 50944
89 50945
343 50946
769 50947
636 50948
422 50949
810 50950
396 50951
490 50952
437 50953
139 50954
45 50955
938 50956
729 50957
160 50958
758 50959
343 50960
547 50961
174 50962
148 50963
349 50964
870 50965
350 50966
700 50967
286 50968
656 50969
884 50970
762 50971
473 50972
723 50973
334 50974
610 50975
471 50976
637 50977
635 50978
681 50979
456 50980
56 50981
737 50982
245 50983
953 50984
776 50985
187 50986
708 50987
814 50988
40 50989
989 50990
877 50991
758 50992
161 50993
309 50994
651 50995
742 50996
610 50997
839 50998
221 50999
506 51000
887 51001
709 51002
620 51003
925 51004
487 51005
730 51006
157 51007
454 51008
978 51009
229 51010
843 51011
636 51012
889 51013
487 51014
941 51015
340 51016
310 51017
683 51018
719 51019
315 51020
1000 51021
852 51022
86 51023
680 51024
275 51025
626 51026
281 51027
936 51028
385 51029
219 51030
850 51031
817 51032
42 51033
819 51034
747 51035
505 51036
790 51037
177 51038
310 51039
961 51040
802 51041
973 51042
225 51043
930 51044
128 51045
478 51046
113 51047
159 51048
313 51049
178 51050
67 51051
465 51052
510 51053
257 51054
159 51055
196 51056
455 51057
38 51058
6 51059
155 51060
176 51061
2 51062
300 51063
471 51064
63 51065
509 51066
433 51067
606 51068
450 51069
255 51070
793 51071
309 51072
861 51073
489 51074
40 51075
400 51076
443 51077
558 51078
135 51079
652 51080
164 51081
655 51082
680 51083
743 51084
889 51085
457 51086
762 51087
166 51088
716 51089
733 51090
228 51091
201 51092
347 51093
246 51094
813 51095
203 51096
309 51097
885 51098
869 51099
176 51100
21 51101
880 51102
153 51103
383 51104
992 51105
562 51106
856 51107
969 51108
865 51109
108 51110
201 51111
685 51112
923 51113
248 51114
877 51115
284 51116
882 51117
117 51118
708 51119
181 51120
522 51121
773 51122
639 51123
756 51124
95 51125
516 51126
535 51127
993 51128
557 51129
989 51130
762 51131
750 51132
133 51133
629 51134
836 51135
33 51136
406 51137
282 51138
675 51139
648 51140
156 51141
457 51142
994 51143
91 51144
572 51145
933 51146
359 51147
822 51148
836 51149
711 51150
326 51151
566 51152
12 51153
266 51154
92 51155
53 51156
601 51157
577 51158
39 51159
765 51160
852 51161
73 51162
390 51163
81 51164
35 51165
708 51166
610 51167
774 51168
717 51169
964 51170
68 51171
374 51172
606 51173
254 51174
562 51175
839 51176
26 51177
401 51178
876 51179
620 51180
917 51181
972 51182
261 51183
887 51184
482 51185
793 51186
164 51187
293 51188
328 51189
453 51190
919 51191
959 51192
257 51193
309 51194
142 51195
42 51196
581 51197
28 51198
825 51199
372 51200
812 51201
516 51202
668 51203
585 51204
183 51205
900 51206
541 51207
559 51208
8 51209
477 51210
609 51211
651 51212
543 51213
790 51214
934 51215
661 51216
776 51217
51 51218
53 51219
566 51220
816 51221
830 51222
538 51223
46 51224
773 51225
424 51226
751 51227
690 51228
775 51229
135 51230
554 51231
321 51232
612 51233
751 51234
733 51235
403 51236
348 51237
447 51238
635 51239
638 51240
78 51241
934 51242
388 51243
512 51244
786 51245
505 51246
84 51247
781 51248
658 51249
321 51250
541 51251
791 51252
410 51253
851 51254
38 51255
601 51256
267 51257
527 51258
884 51259
632 51260
837 51261
513 51262
304 51263
112 51264
400 51265
586 51266
541 51267
598 51268
56 51269
354 51270
515 51271
474 51272
822 51273
258 51274
742 51275
816 51276
929 51277
281 51278
337 51279
26 51280
262 51281
405 51282
285 51283
182 51284
25 51285
48 51286
382 51287
855 51288
441 51289
222 51290
63 51291
963 51292
350 51293
401 51294
89 51295
838 51296
305 51297
552 51298
716 51299
762 51300
699 51301
756 51302
803 51303
877 51304
48 51305
818 51306
37 51307
587 51308
8 51309
370 51310
793 51311
522 51312
12 51313
592 51314
898 51315
644 51316
105 51317
979 51318
896 51319
874 51320
867 51321
850 51322
3 51323
532 51324
386 51325
262 51326
995 51327
839 51328
454 51329
613 51330
395 51331
838 51332
943 51333
106 51334
320 51335
12 51336
135 51337
124 51338
499 51339
364 51340
639 51341
738 51342
795 51343
778 51344
512 51345
500 51346
355 51347
263 51348
319 51349
887 51350
876 51351
521 51352
966 51353
483 51354
166 51355
364 51356
102 51357
184 51358
867 51359
928 51360
319 51361
280 51362
31 51363
816 51364
620 51365
86 51366
864 51367
570 51368
128 51369
161 51370
556 51371
930 51372
695 51373
390 51374
938 51375
339 51376
81 51377
790 51378
541 51379
385 51380
624 51381
496 51382
392 51383
252 51384
709 51385
822 51386
159 51387
264 51388
270 51389
952 51390
426 51391
426 51392
790 51393
189 51394
794 51395
849 51396
979 51397
196 51398
402 51399
861 51400
554 51401
350 51402
806 51403
3 51404
328 51405
78 51406
914 51407
686 51408
775 51409
349 51410
289 51411
368 51412
335 51413
960 51414
28 51415
859 51416
555 51417
566 51418
800 51419
700 51420
740 51421
468 51422
436 51423
632 51424
348 51425
517 51426
653 51427
786 51428
313 51429
363 51430
207 51431
34 51432
862 51433
748 51434
428 51435
358 51436
858 51437
464 51438
33 51439
194 51440
216 51441
216 51442
954 51443
108 51444
7 51445
171 51446
605 51447
975 51448
598 51449
761 51450
451 51451
443 51452
36 51453
13 51454
80 51455
505 51456
312 51457
506 51458
668 51459
153 51460
611 51461
809 51462
666 51463
649 51464
119 51465
655 51466
421 51467
332 51468
927 51469
838 51470
111 51471
755 51472
276 51473
710 51474
686 51475
875 51476
267 51477
52 51478
636 51479
681 51480
526 51481
325 51482
416 51483
529 51484
711 51485
1 51486
269 51487
402 51488
756 51489
724 51490
979 51491
669 51492
248 51493
437 51494
107 51495
876 51496
604 51497
810 51498
182 51499
377 51500
901 51501
825 51502
413 51503
473 51504
507 51505
465 51506
566 51507
419 51508
673 51509
215 51510
453 51511
504 51512
401 51513
33 51514
226 51515
982 51516
950 51517
843 51518
295 51519
805 51520
168 51521
480 51522
936 51523
677 51524
406 51525
111 51526
44 51527
639 51528
184 51529
386 51530
349 51531
597 51532
777 51533
635 51534
531 51535
772 51536
640 51537
677 51538
344 51539
337 51540
120 51541
686 51542
822 51543
30 51544
309 51545
727 51546
405 51547
118 51548
638 51549
90 51550
123 51551
635 51552
814 51553
314 51554
781 51555
714 51556
656 51557
751 51558
391 51559
887 51560
797 51561
267 51562
921 51563
200 51564
956 51565
482 51566
786 51567
221 51568
932 51569
406 51570
74 51571
273 51572
958 51573
794 51574
129 51575
579 51576
164 51577
758 51578
343 51579
886 51580
637 51581
32 51582
311 51583
408 51584
702 51585
368 51586
50 51587
600 51588
953 51589
341 51590
705 51591
962 51592
517 51593
917 51594
945 51595
192 51596
558 51597
498 51598
11 51599
159 51600
680 51601
397 51602
224 51603
128 51604
493 51605
141 51606
198 51607
822 51608
584 51609
578 51610
53 51611
233 51612
742 51613
152 51614
222 51615
413 51616
500 51617
90 51618
942 51619
665 51620
724 51621
174 51622
690 51623
235 51624
19 51625
467 51626
665 51627
66 51628
814 51629
598 51630
519 51631
754 51632
463 51633
85 51634
876 51635
424 51636
103 51637
199 51638
971 51639
478 51640
946 51641
495 51642
661 51643
885 51644
978 51645
819 51646
30 51647
592 51648
672 51649
30 51650
447 51651
945 51652
487 51653
958 51654
719 51655
540 51656
239 51657
537 51658
471 51659
382 51660
110 51661
557 51662
375 51663
745 51664
270 51665
895 51666
411 51667
995 51668
48 51669
346 51670
462 51671
230 51672
476 51673
338 51674
993 51675
473 51676
464 51677
98 51678
595 51679
215 51680
67 51681
83 51682
534 51683
701 51684
103 51685
442 51686
188 51687
533 51688
585 51689
419 51690
358 51691
91 51692
186 51693
135 51694
344 51695
194 51696
38 51697
346 51698
328 51699
100 51700
346 51701
444 51702
288 51703
982 51704
419 51705
495 51706
42 51707
59 51708
919 51709
453 51710
76 51711
163 51712
831 51713
373 51714
288 51715
358 51716
802 51717
973 51718
123 51719
897 51720
516 51721
184 51722
427 51723
234 51724
851 51725
728 51726
397 51727
566 51728
419 51729
164 51730
886 51731
343 51732
70 51733
576 51734
728 51735
834 51736
842 51737
560 51738
685 51739
354 51740
167 51741
522 51742
473 51743
10 51744
337 51745
931 51746
629 51747
589 51748
615 51749
835 51750
896 51751
165 51752
680 51753
501 51754
242 51755
667 51756
515 51757
294 51758
217 51759
113 51760
135 51761
580 51762
954 51763
197 51764
155 51765
737 51766
325 51767
947 51768
486 51769
973 51770
485 51771
544 51772
788 51773
56 51774
12 51775
717 51776
792 51777
121 51778
96 51779
521 51780
454 51781
532 51782
406 51783
714 51784
15 51785
883 51786
668 51787
125 51788
877 51789
80 51790
292 51791
462 51792
84 51793
791 51794
945 51795
888 51796
849 51797
87 51798
11 51799
209 51800
154 51801
119 51802
338 51803
486 51804
240 51805
407 51806
767 51807
114 51808
148 51809
524 51810
733 51811
58 51812
50 51813
439 51814
316 51815
271 51816
152 51817
109 51818
750 51819
967 51820
976 51821
499 51822
487 51823
617 51824
436 51825
890 51826
179 51827
35 51828
460 51829
517 51830
778 51831
429 51832
561 51833
69 51834
794 51835
248 51836
971 51837
80 51838
595 51839
915 51840
614 51841
378 51842
248 51843
238 51844
154 51845
196 51846
454 51847
758 51848
877 51849
259 51850
860 51851
516 51852
752 51853
779 51854
788 51855
785 51856
946 51857
51 51858
825 51859
65 51860
697 51861
458 51862
475 51863
841 51864
59 51865
38 51866
522 51867
567 51868
136 51869
637 51870
342 51871
572 51872
780 51873
412 51874
807 51875
709 51876
604 51877
474 51878
826 51879
315 51880
128 51881
537 51882
931 51883
346 51884
309 51885
133 51886
342 51887
583 51888
162 51889
601 51890
32 51891
552 51892
431 51893
625 51894
196 51895
82 51896
146 51897
917 51898
46 51899
562 51900
628 51901
788 51902
652 51903
739 51904
73 51905
588 51906
249 51907
682 51908
56 51909
488 51910
618 51911
649 51912
156 51913
40 51914
607 51915
82 51916
720 51917
912 51918
1000 51919
775 51920
335 51921
69 51922
87 51923
454 51924
629 51925
669 51926
782 51927
545 51928
361 51929
326 51930
638 51931
637 51932
204 51933
206 51934
64 51935
969 51936
450 51937
587 51938
478 51939
184 51940
905 51941
956 51942
142 51943
45 51944
982 51945
99 51946
437 51947
69 51948
706 51949
74 51950
329 51951
980 51952
25 51953
569 51954
926 51955
762 51956
150 51957
749 51958
981 51959
598 51960
814 51961
679 51962
151 51963
309 51964
67 51965
600 51966
541 51967
978 51968
310 51969
259 51970
954 51971
358 51972
917 51973
296 51974
32 51975
598 51976
48 51977
700 51978
981 51979
112 51980
901 51981
23 51982
159 51983
865 51984
435 51985
614 51986
389 51987
133 51988
317 51989
520 51990
941 51991
591 51992
103 51993
504 51994
122 51995
93 51996
503 51997
571 51998
935 51999
754 52000
144 52001
176 52002
394 52003
706 52004
287 52005
121 52006
50 52007
23 52008
94 52009
576 52010
478 52011
152 52012
939 52013
510 52014
419 52015
204 52016
127 52017
636 52018
210 52019
469 52020
596 52021
857 52022
757 52023
489 52024
902 52025
473 52026
130 52027
444 52028
724 52029
81 52030
753 52031
986 52032
980 52033
275 52034
469 52035
162 52036
286 52037
623 52038
41 52039
584 52040
830 52041
26 52042
797 52043
651 52044
569 52045
563 52046
873 52047
310 52048
911 52049
779 52050
490 52051
338 52052
356 52053
729 52054
433 52055
775 52056
211 52057
255 52058
763 52059
46 52060
844 52061
721 52062
470 52063
62 52064
413 52065
952 52066
2 52067
683 52068
451 52069
418 52070
915 52071
252 52072
944 52073
938 52074
686 52075
18 52076
425 52077
385 52078
560 52079
210 52080
815 52081
817 52082
348 52083
613 52084
609 52085
908 52086
979 52087
764 52088
645 52089
259 52090
190 52091
593 52092
576 52093
45 52094
913 52095
563 52096
358 52097
686 52098
985 52099
190 52100
835 52101
991 52102
75 52103
629 52104
658 52105
226 52106
615 52107
402 52108
463 52109
235 52110
279 52111
823 52112
100 52113
113 52114
472 52115
743 52116
142 52117
709 52118
485 52119
694 52120
759 52121
136 52122
671 52123
300 52124
891 52125
721 52126
756 52127
73 52128
529 52129
471 52130
275 52131
259 52132
619 52133
794 52134
957 52135
46 52136
447 52137
435 52138
700 52139
504 52140
8 52141
848 52142
186 52143
197 52144
227 52145
72 52146
641 52147
422 52148
250 52149
501 52150
819 52151
719 52152
559 52153
568 52154
355 52155
834 52156
74 52157
436 52158
3 52159
524 52160
68 52161
485 52162
884 52163
558 52164
676 52165
35 52166
593 52167
856 52168
851 52169
522 52170
595 52171
438 52172
444 52173
54 52174
752 52175
617 52176
377 52177
720 52178
231 52179
980 52180
389 52181
423 52182
457 52183
975 52184
5 52185
281 52186
251 52187
253 52188
95 52189
916 52190
783 52191
81 52192
561 52193
654 52194
538 52195
414 52196
79 52197
555 52198
364 52199
876 52200
96 52201
716 52202
567 52203
481 52204
402 52205
576 52206
589 52207
554 52208
99 52209
132 52210
14 52211
390 52212
974 52213
355 52214
543 52215
324 52216
859 52217
671 52218
433 52219
191 52220
936 52221
517 52222
914 52223
193 52224
390 52225
14 52226
449 52227
826 52228
795 52229
282 52230
231 52231
142 52232
715 52233
595 52234
615 52235
508 52236
741 52237
344 52238
156 52239
476 52240
465 52241
858 52242
160 52243
329 52244
648 52245
42 52246
47 52247
916 52248
280 52249
309 52250
981 52251
420 52252
882 52253
986 52254
677 52255
54 52256
252 52257
472 52258
960 52259
959 52260
330 52261
354 52262
167 52263
507 52264
424 52265
129 52266
930 52267
371 52268
48 52269
782 52270
113 52271
344 52272
117 52273
521 52274
636 52275
711 52276
407 52277
816 52278
348 52279
946 52280
15 52281
489 52282
418 52283
237 52284
716 52285
787 52286
297 52287
412 52288
771 52289
563 52290
373 52291
572 52292
937 52293
814 52294
403 52295
640 52296
772 52297
148 52298
255 52299
606 52300
891 52301
704 52302
244 52303
411 52304
280 52305
130 52306
356 52307
936 52308
179 52309
644 52310
574 52311
306 52312
732 52313
522 52314
900 52315
301 52316
400 52317
769 52318
249 52319
903 52320
154 52321
341 52322
170 52323
870 52324
846 52325
39 52326
795 52327
329 52328
486 52329
465 52330
682 52331
635 52332
991 52333
449 52334
884 52335
362 52336
168 52337
918 52338
750 52339
796 52340
393 52341
983 52342
978 52343
887 52344
720 52345
230 52346
989 52347
65 52348
347 52349
188 52350
194 52351
731 52352
560 52353
761 52354
537 52355
252 52356
38 52357
167 52358
872 52359
86 52360
869 52361
370 52362
810 52363
622 52364
811 52365
767 52366
977 52367
681 52368
205 52369
89 52370
395 52371
567 52372
504 52373
871 52374
588 52375
867 52376
205 52377
923 52378
128 52379
226 52380
936 52381
204 52382
338 52383
687 52384
480 52385
997 52386
487 52387
237 52388
347 52389
610 52390
478 52391
115 52392
848 52393
399 52394
876 52395
311 52396
570 52397
819 52398
910 52399
683 52400
432 52401
366 52402
314 52403
139 52404
736 52405
125 52406
532 52407
175 52408
731 52409
223 52410
63 52411
826 52412
622 52413
827 52414
309 52415
605 52416
250 52417
642 52418
867 52419
39 52420
875 52421
695 52422
757 52423
373 52424
380 52425
80 52426
18 52427
125 52428
323 52429
995 52430
411 52431
192 52432
399 52433
72 52434
754 52435
673 52436
71 52437
345 52438
506 52439
448 52440
807 52441
344 52442
604 52443
659 52444
749 52445
694 52446
496 52447
961 52448
329 52449
662 52450
394 52451
57 52452
322 52453
627 52454
683 52455
462 52456
821 52457
677 52458
923 52459
406 52460
64 52461
823 52462
913 52463
585 52464
983 52465
713 52466
853 52467
483 52468
517 52469
912 52470
332 52471
524 52472
986 52473
93 52474
181 52475
61 52476
268 52477
156 52478
964 52479
758 52480
992 52481
896 52482
125 52483
296 52484
39 52485
482 52486
719 52487
407 52488
534 52489
681 52490
629 52491
959 52492
297 52493
253 52494
321 52495
860 52496
303 52497
225 52498
505 52499
275 52500
680 52501
440 52502
431 52503
924 52504
911 52505
712 52506
455 52507
22 52508
452 52509
879 52510
661 52511
866 52512
312 52513
483 52514
614 52515
885 52516
34 52517
529 52518
578 52519
447 52520
484 52521
852 52522
372 52523
970 52524
752 52525
569 52526
611 52527
621 52528
728 52529
231 52530
298 52531
552 52532
117 52533
508 52534
520 52535
95 52536
821 52537
160 52538
848 52539
417 52540
291 52541
36 52542
534 52543
707 52544
675 52545
65 52546
779 52547
142 52548
39 52549
944 52550
717 52551
780 52552
204 52553
173 52554
961 52555
49 52556
660 52557
642 52558
39 52559
6 52560
524 52561
22 52562
999 52563
128 52564
689 52565
380 52566
755 52567
93 52568
576 52569
38 52570
29 52571
60 52572
276 52573
708 52574
760 52575
963 52576
262 52577
659 52578
764 52579
696 52580
619 52581
682 52582
201 52583
311 52584
807 52585
288 52586
878 52587
801 52588
606 52589
540 52590
150 52591
57 52592
171 52593
796 52594
586 52595
876 52596
543 52597
35 52598
308 52599
397 52600
885 52601
774 52602
656 52603
249 52604
110 52605
772 52606
765 52607
251 52608
584 52609
793 52610
600 52611
971 52612
823 52613
718 52614
894 52615
771 52616
783 52617
40 52618
691 52619
360 52620
391 52621
307 52622
680 52623
688 52624
422 52625
233 52626
868 52627
698 52628
423 52629
973 52630
84 52631
851 52632
100 52633
954 52634
538 52635
262 52636
595 52637
213 52638
388 52639
607 52640
564 52641
823 52642
497 52643
614 52644
641 52645
124 52646
756 52647
143 52648
848 52649
778 52650
261 52651
474 52652
564 52653
294 52654
565 52655
899 52656
842 52657
58 52658
939 52659
824 52660
936 52661
793 52662
249 52663
138 52664
230 52665
430 52666
212 52667
371 52668
114 52669
951 52670
732 52671
457 52672
912 52673
925 52674
348 52675
954 52676
267 52677
536 52678
539 52679
828 52680
486 52681
885 52682
657 52683
903 52684
526 52685
266 52686
649 52687
822 52688
510 52689
772 52690
953 52691
724 52692
704 52693
795 52694
45 52695
970 52696
321 52697
535 52698
29 52699
275 52700
930 52701
352 52702
728 52703
194 52704
417 52705
276 52706
32 52707
736 52708
67 52709
641 52710
74 52711
782 52712
553 52713
509 52714
943 52715
464 52716
712 52717
249 52718
485 52719
28 52720
117 52721
338 52722
767 52723
506 52724
412 52725
653 52726
96 52727
343 52728
580 52729
421 52730
550 52731
518 52732
705 52733
662 52734
890 52735
168 52736
788 52737
76 52738
188 52739
69 52740
745 52741
895 52742
235 52743
285 52744
284 52745
356 52746
691 52747
655 52748
164 52749
49 52750
829 52751
893 52752
126 52753
498 52754
701 52755
147 52756
359 52757
541 52758
605 52759
209 52760
324 52761
626 52762
791 52763
806 52764
898 52765
198 52766
51 52767
563 52768
761 52769
590 52770
248 52771
738 52772
858 52773
101 52774
78 52775
977 52776
14 52777
485 52778
101 52779
302 52780
117 52781
424 52782
286 52783
913 52784
647 52785
545 52786
419 52787
970 52788
506 52789
876 52790
528 52791
184 52792
961 52793
52 52794
196 52795
419 52796
549 52797
509 52798
529 52799
70 52800
459 52801
535 52802
979 52803
923 52804
826 52805
261 52806
997 52807
967 52808
839 52809
190 52810
928 52811
433 52812
355 52813
261 52814
382 52815
142 52816
98 52817
566 52818
369 52819
221 52820
344 52821
193 52822
629 52823
313 52824
28 52825
741 52826
574 52827
987 52828
858 52829
687 52830
853 52831
197 52832
800 52833
530 52834
784 52835
6 52836
641 52837
376 52838
13 52839
374 52840
670 52841
654 52842
769 52843
875 52844
574 52845
233 52846
166 52847
750 52848
201 52849
346 52850
211 52851
665 52852
212 52853
969 52854
516 52855
362 52856
103 52857
5 52858
223 52859
346 52860
445 52861
682 52862
692 52863
84 52864
462 52865
354 52866
856 52867
126 52868
35 52869
620 52870
826 52871
106 52872
579 52873
575 52874
95 52875
909 52876
650 52877
146 52878
845 52879
904 52880
541 52881
120 52882
474 52883
431 52884
7 52885
654 52886
640 52887
178 52888
11 52889
251 52890
183 52891
795 52892
942 52893
826 52894
485 52895
202 52896
443 52897
24 52898
635 52899
289 52900
863 52901
84 52902
606 52903
848 52904
472 52905
599 52906
267 52907
833 52908
92 52909
230 52910
675 52911
596 52912
847 52913
512 52914
603 52915
385 52916
348 52917
836 52918
204 52919
941 52920
561 52921
875 52922
666 52923
458 52924
176 52925
332 52926
15 52927
905 52928
43 52929
441 52930
203 52931
910 52932
944 52933
759 52934
698 52935
274 52936
735 52937
240 52938
799 52939
67 52940
457 52941
837 52942
290 52943
951 52944
17 52945
694 52946
159 52947
422 52948
476 52949
507 52950
331 52951
990 52952
901 52953
705 52954
810 52955
570 52956
687 52957
199 52958
336 52959
659 52960
165 52961
396 52962
138 52963
795 52964
249 52965
754 52966
784 52967
836 52968
204 52969
898 52970
708 52971
497 52972
844 52973
90 52974
464 52975
137 52976
983 52977
84 52978
991 52979
515 52980
915 52981
284 52982
33 52983
924 52984
207 52985
245 52986
260 52987
625 52988
639 52989
986 52990
791 52991
736 52992
919 52993
100 52994
602 52995
692 52996
634 52997
112 52998
408 52999
806 53000
558 53001
474 53002
928 53003
441 53004
330 53005
28 53006
224 53007
402 53008
913 53009
855 53010
89 53011
861 53012
295 53013
384 53014
323 53015
866 53016
988 53017
433 53018
490 53019
655 53020
546 53021
504 53022
223 53023
947 53024
838 53025
218 53026
267 53027
319 53028
90 53029
661 53030
504 53031
469 53032
199 53033
118 53034
680 53035
767 53036
510 53037
27 53038
726 53039
619 53040
737 53041
190 53042
317 53043
187 53044
817 53045
402 53046
899 53047
747 53048
813 53049
683 53050
43 53051
577 53052
568 53053
916 53054
254 53055
776 53056
837 53057
904 53058
86 53059
227 53060
393 53061
826 53062
964 53063
59 53064
824 53065
389 53066
980 53067
643 53068
777 53069
984 53070
702 53071
157 53072
953 53073
558 53074
309 53075
4 53076
100 53077
193 53078
50 53079
809 53080
221 53081
492 53082
198 53083
948 53084
336 53085
742 53086
948 53087
268 53088
508 53089
148 53090
726 53091
266 53092
793 53093
156 53094
528 53095
504 53096
964 53097
332 53098
192 53099
689 53100
363 53101
414 53102
615 53103
908 53104
622 53105
650 53106
485 53107
180 53108
162 53109
481 53110
885 53111
592 53112
597 53113
784 53114
78 53115
182 53116
757 53117
822 53118
292 53119
135 53120
645 53121
717 53122
375 53123
972 53124
15 53125
224 53126
761 53127
268 53128
768 53129
214 53130
21 53131
300 53132
978 53133
996 53134
212 53135
52 53136
721 53137
405 53138
115 53139
211 53140
271 53141
912 53142
395 53143
594 53144
678 53145
99 53146
597 53147
468 53148
251 53149
307 53150
848 53151
934 53152
990 53153
674 53154
659 53155
940 53156
65 53157
338 53158
69 53159
764 53160
485 53161
163 53162
783 53163
202 53164
521 53165
652 53166
421 53167
74 53168
909 53169
972 53170
127 53171
101 53172
456 53173
826 53174
538 53175
554 53176
788 53177
231 53178
323 53179
205 53180
97 53181
950 53182
147 53183
535 53184
70 53185
651 53186
226 53187
442 53188
788 53189
619 53190
793 53191
846 53192
632 53193
188 53194
604 53195
123 53196
719 53197
764 53198
797 53199
984 53200
370 53201
409 53202
583 53203
454 53204
950 53205
73 53206
666 53207
60 53208
973 53209
504 53210
699 53211
417 53212
516 53213
958 53214
784 53215
75 53216
883 53217
565 53218
408 53219
852 53220
227 53221
63 53222
520 53223
726 53224
718 53225
516 53226
332 53227
966 53228
26 53229
377 53230
539 53231
37 53232
297 53233
541 53234
820 53235
250 53236
546 53237
151 53238
801 53239
622 53240
496 53241
103 53242
257 53243
349 53244
294 53245
712 53246
98 53247
786 53248
987 53249
217 53250
129 53251
676 53252
452 53253
481 53254
451 53255
619 53256
250 53257
1 53258
330 53259
264 53260
610 53261
918 53262
760 53263
961 53264
430 53265
350 53266
280 53267
918 53268
977 53269
53 53270
400 53271
203 53272
647 53273
625 53274
952 53275
428 53276
464 53277
685 53278
443 53279
235 53280
157 53281
653 53282
565 53283
795 53284
312 53285
324 53286
711 53287
823 53288
402 53289
357 53290
992 53291
624 53292
546 53293
806 53294
492 53295
342 53296
209 53297
719 53298
272 53299
179 53300
334 53301
222 53302
54 53303
830 53304
18 53305
205 53306
16 53307
909 53308
449 53309
856 53310
488 53311
540 53312
816 53313
840 53314
486 53315
937 53316
813 53317
476 53318
225 53319
176 53320
417 53321
481 53322
136 53323
375 53324
743 53325
542 53326
36 53327
902 53328
387 53329
454 53330
319 53331
812 53332
139 53333
498 53334
190 53335
5 53336
513 53337
183 53338
899 53339
862 53340
234 53341
521 53342
437 53343
270 53344
833 53345
402 53346
962 53347
257 53348
287 53349
205 53350
255 53351
747 53352
470 53353
512 53354
421 53355
903 53356
490 53357
774 53358
611 53359
848 53360
857 53361
56 53362
80 53363
237 53364
64 53365
99 53366
261 53367
184 53368
778 53369
203 53370
353 53371
614 53372
801 53373
394 53374
206 53375
321 53376
314 53377
1 53378
919 53379
311 53380
544 53381
692 53382
468 53383
634 53384
370 53385
666 53386
840 53387
774 53388
87 53389
119 53390
340 53391
351 53392
597 53393
87 53394
767 53395
413 53396
204 53397
40 53398
14 53399
970 53400
494 53401
735 53402
548 53403
17 53404
589 53405
430 53406
402 53407
88 53408
759 53409
808 53410
484 53411
990 53412
794 53413
564 53414
92 53415
680 53416
414 53417
319 53418
519 53419
965 53420
562 53421
477 53422
508 53423
372 53424
972 53425
16 53426
292 53427
402 53428
501 53429
202 53430
54 53431
660 53432
761 53433
984 53434
685 53435
885 53436
142 53437
706 53438
596 53439
72 53440
336 53441
660 53442
810 53443
106 53444
783 53445
622 53446
223 53447
178 53448
585 53449
169 53450
792 53451
324 53452
931 53453
769 53454
741 53455
84 53456
755 53457
114 53458
929 53459
525 53460
388 53461
407 53462
121 53463
562 53464
417 53465
998 53466
365 53467
755 53468
116 53469
534 53470
511 53471
465 53472
875 53473
995 53474
921 53475
610 53476
708 53477
149 53478
953 53479
274 53480
665 53481
809 53482
37 53483
406 53484
3 53485
699 53486
588 53487
617 53488
850 53489
395 53490
359 53491
654 53492
509 53493
706 53494
518 53495
568 53496
244 53497
882 53498
337 53499
99 53500
172 53501
989 53502
852 53503
719 53504
811 53505
669 53506
636 53507
197 53508
970 53509
253 53510
281 53511
771 53512
18 53513
562 53514
882 53515
395 53516
386 53517
825 53518
572 53519
467 53520
426 53521
538 53522
7 53523
451 53524
725 53525
179 53526
927 53527
391 53528
895 53529
484 53530
685 53531
621 53532
798 53533
850 53534
87 53535
617 53536
528 53537
523 53538
566 53539
407 53540
933 53541
314 53542
468 53543
338 53544
96 53545
179 53546
320 53547
887 53548
755 53549
533 53550
270 53551
344 53552
180 53553
766 53554
567 53555
479 53556
225 53557
289 53558
843 53559
355 53560
196 53561
831 53562
576 53563
281 53564
34 53565
3 53566
490 53567
195 53568
601 53569
93 53570
525 53571
252 53572
160 53573
864 53574
252 53575
369 53576
407 53577
678 53578
138 53579
321 53580
257 53581
266 53582
212 53583
214 53584
625 53585
821 53586
67 53587
343 53588
642 53589
157 53590
878 53591
274 53592
74 53593
539 53594
997 53595
149 53596
318 53597
117 53598
385 53599
373 53600
253 53601
252 53602
805 53603
237 53604
384 53605
805 53606
210 53607
71 53608
433 53609
477 53610
743 53611
548 53612
592 53613
779 53614
82 53615
504 53616
182 53617
474 53618
562 53619
672 53620
557 53621
386 53622
619 53623
122 53624
412 53625
753 53626
418 53627
208 53628
924 53629
832 53630
764 53631
805 53632
678 53633
30 53634
789 53635
124 53636
614 53637
77 53638
68 53639
60 53640
957 53641
443 53642
202 53643
73 53644
716 53645
841 53646
729 53647
640 53648
340 53649
43 53650
922 53651
23 53652
613 53653
865 53654
338 53655
206 53656
346 53657
664 53658
945 53659
525 53660
263 53661
939 53662
948 53663
394 53664
201 53665
377 53666
259 53667
162 53668
432 53669
105 53670
819 53671
955 53672
992 53673
540 53674
572 53675
392 53676
345 53677
488 53678
673 53679
76 53680
138 53681
875 53682
927 53683
46 53684
601 53685
130 53686
975 53687
84 53688
306 53689
414 53690
266 53691
348 53692
405 53693
390 53694
373 53695
280 53696
201 53697
701 53698
520 53699
443 53700
224 53701
256 53702
733 53703
597 53704
652 53705
943 53706
213 53707
389 53708
832 53709
540 53710
643 53711
505 53712
960 53713
689 53714
91 53715
383 53716
264 53717
931 53718
386 53719
132 53720
610 53721
105 53722
672 53723
313 53724
614 53725
997 53726
275 53727
592 53728
71 53729
920 53730
511 53731
735 53732
671 53733
232 53734
101 53735
339 53736
390 53737
146 53738
323 53739
360 53740
511 53741
813 53742
377 53743
263 53744
474 53745
45 53746
64 53747
362 53748
368 53749
905 53750
933 53751
95 53752
667 53753
362 53754
798 53755
137 53756
347 53757
549 53758
255 53759
897 53760
906 53761
396 53762
735 53763
160 53764
902 53765
361 53766
139 53767
57 53768
413 53769
956 53770
929 53771
870 53772
329 53773
977 53774
514 53775
768 53776
889 53777
311 53778
824 53779
599 53780
856 53781
131 53782
711 53783
94 53784
221 53785
749 53786
951 53787
303 53788
163 53789
810 53790
143 53791
589 53792
257 53793
291 53794
27 53795
426 53796
380 53797
399 53798
48 53799
634 53800
263 53801
573 53802
279 53803
647 53804
541 53805
561 53806
554 53807
471 53808
350 53809
458 53810
381 53811
119 53812
230 53813
147 53814
479 53815
883 53816
209 53817
217 53818
324 53819
863 53820
767 53821
137 53822
724 53823
549 53824
468 53825
228 53826
754 53827
606 53828
552 53829
170 53830
938 53831
842 53832
490 53833
212 53834
309 53835
746 53836
316 53837
928 53838
993 53839
537 53840
233 53841
498 53842
252 53843
283 53844
23 53845
56 53846
171 53847
235 53848
173 53849
8 53850
353 53851
252 53852
352 53853
687 53854
568 53855
380 53856
738 53857
93 53858
647 53859
472 53860
30 53861
52 53862
686 53863
912 53864
628 53865
853 53866
619 53867
334 53868
863 53869
977 53870
527 53871
945 53872
849 53873
962 53874
742 53875
647 53876
46 53877
833 53878
137 53879
589 53880
332 53881
685 53882
474 53883
476 53884
311 53885
343 53886
793 53887
479 53888
428 53889
240 53890
549 53891
343 53892
24 53893
538 53894
543 53895
414 53896
3 53897
796 53898
347 53899
864 53900
168 53901
183 53902
580 53903
991 53904
207 53905
382 53906
320 53907
755 53908
28 53909
212 53910
459 53911
280 53912
955 53913
48 53914
225 53915
226 53916
170 53917
981 53918
424 53919
957 53920
331 53921
340 53922
283 53923
670 53924
886 53925
889 53926
634 53927
69 53928
638 53929
525 53930
745 53931
72 53932
243 53933
305 53934
981 53935
256 53936
664 53937
831 53938
892 53939
482 53940
554 53941
292 53942
371 53943
153 53944
377 53945
786 53946
806 53947
211 53948
759 53949
172 53950
602 53951
946 53952
333 53953
692 53954
407 53955
38 53956
419 53957
802 53958
297 53959
859 53960
566 53961
165 53962
27 53963
623 53964
974 53965
117 53966
420 53967
616 53968
53 53969
630 53970
205 53971
264 53972
235 53973
160 53974
431 53975
673 53976
373 53977
897 53978
593 53979
480 53980
191 53981
109 53982
123 53983
937 53984
334 53985
576 53986
356 53987
190 53988
568 53989
171 53990
342 53991
68 53992
315 53993
740 53994
382 53995
860 53996
585 53997
779 53998
633 53999
192 54000
984 54001
2 54002
291 54003
157 54004
916 54005
982 54006
327 54007
761 54008
51 54009
530 54010
623 54011
783 54012
286 54013
998 54014
803 54015
598 54016
624 54017
771 54018
321 54019
68 54020
8 54021
750 54022
60 54023
411 54024
188 54025
775 54026
564 54027
905 54028
503 54029
554 54030
759 54031
379 54032
486 54033
318 54034
218 54035
196 54036
950 54037
690 54038
4 54039
728 54040
535 54041
606 54042
501 54043
181 54044
872 54045
25 54046
329 54047
467 54048
568 54049
274 54050
322 54051
183 54052
713 54053
432 54054
966 54055
4 54056
573 54057
917 54058
789 54059
218 54060
363 54061
642 54062
437 54063
875 54064
859 54065
547 54066
899 54067
451 54068
820 54069
534 54070
997 54071
470 54072
177 54073
251 54074
493 54075
282 54076
509 54077
629 54078
530 54079
758 54080
752 54081
675 54082
587 54083
21 54084
473 54085
972 54086
636 54087
384 54088
112 54089
573 54090
38 54091
968 54092
71 54093
746 54094
701 54095
574 54096
503 54097
371 54098
377 54099
905 54100
465 54101
643 54102
675 54103
214 54104
30 54105
577 54106
797 54107
906 54108
936 54109
892 54110
834 54111
643 54112
636 54113
651 54114
401 54115
300 54116
600 54117
120 54118
603 54119
894 54120
176 54121
966 54122
914 54123
46 54124
14 54125
927 54126
317 54127
900 54128
28 54129
942 54130
428 54131
930 54132
678 54133
994 54134
322 54135
167 54136
307 54137
947 54138
112 54139
954 54140
785 54141
385 54142
972 54143
569 54144
877 54145
498 54146
110 54147
585 54148
331 54149
733 54150
234 54151
207 54152
942 54153
809 54154
477 54155
115 54156
823 54157
325 54158
389 54159
714 54160
322 54161
602 54162
866 54163
788 54164
273 54165
754 54166
688 54167
498 54168
456 54169
373 54170
313 54171
995 54172
928 54173
687 54174
370 54175
743 54176
316 54177
907 54178
775 54179
814 54180
900 54181
348 54182
72 54183
441 54184
676 54185
743 54186
362 54187
580 54188
7 54189
663 54190
225 54191
966 54192
244 54193
293 54194
159 54195
630 54196
998 54197
370 54198
571 54199
456 54200
286 54201
283 54202
795 54203
823 54204
258 54205
892 54206
788 54207
362 54208
381 54209
344 54210
223 54211
197 54212
119 54213
818 54214
716 54215
23 54216
221 54217
726 54218
146 54219
407 54220
844 54221
780 54222
467 54223
84 54224
76 54225
987 54226
203 54227
586 54228
990 54229
422 54230
725 54231
282 54232
874 54233
237 54234
795 54235
589 54236
738 54237
491 54238
398 54239
145 54240
915 54241
249 54242
432 54243
802 54244
667 54245
196 54246
15 54247
517 54248
104 54249
250 54250
602 54251
457 54252
896 54253
256 54254
744 54255
843 54256
881 54257
370 54258
486 54259
874 54260
350 54261
654 54262
101 54263
642 54264
901 54265
363 54266
964 54267
579 54268
412 54269
512 54270
651 54271
863 54272
320 54273
957 54274
960 54275
939 54276
916 54277
108 54278
925 54279
244 54280
624 54281
744 54282
931 54283
427 54284
160 54285
299 54286
58 54287
246 54288
88 54289
256 54290
839 54291
624 54292
504 54293
447 54294
747 54295
820 54296
981 54297
667 54298
778 54299
313 54300
912 54301
414 54302
15 54303
400 54304
840 54305
842 54306
108 54307
567 54308
771 54309
641 54310
610 54311
443 54312
756 54313
726 54314
460 54315
675 54316
393 54317
824 54318
995 54319
806 54320
817 54321
468 54322
474 54323
996 54324
428 54325
629 54326
552 54327
340 54328
838 54329
780 54330
483 54331
519 54332
183 54333
709 54334
629 54335
551 54336
450 54337
266 54338
760 54339
871 54340
861 54341
424 54342
483 54343
316 54344
878 54345
693 54346
342 54347
86 54348
299 54349
105 54350
894 54351
850 54352
339 54353
959 54354
751 54355
977 54356
913 54357
463 54358
133 54359
531 54360
620 54361
399 54362
462 54363
345 54364
726 54365
956 54366
608 54367
204 54368
62 54369
143 54370
795 54371
724 54372
507 54373
339 54374
131 54375
344 54376
566 54377
869 54378
669 54379
354 54380
723 54381
476 54382
131 54383
302 54384
319 54385
583 54386
785 54387
661 54388
592 54389
639 54390
813 54391
833 54392
892 54393
902 54394
653 54395
918 54396
513 54397
264 54398
820 54399
166 54400
439 54401
620 54402
323 54403
403 54404
901 54405
620 54406
664 54407
473 54408
425 54409
690 54410
908 54411
726 54412
761 54413
311 54414
330 54415
134 54416
397 54417
159 54418
39 54419
841 54420
719 54421
524 54422
8 54423
57 54424
33 54425
47 54426
722 54427
726 54428
999 54429
456 54430
466 54431
544 54432
467 54433
346 54434
63 54435
735 54436
909 54437
730 54438
218 54439
77 54440
258 54441
735 54442
672 54443
768 54444
480 54445
945 54446
275 54447
225 54448
115 54449
163 54450
775 54451
512 54452
752 54453
231 54454
212 54455
982 54456
136 54457
474 54458
572 54459
269 54460
762 54461
674 54462
836 54463
361 54464
860 54465
223 54466
419 54467
412 54468
822 54469
746 54470
496 54471
704 54472
485 54473
233 54474
10 54475
851 54476
546 54477
275 54478
914 54479
93 54480
986 54481
57 54482
671 54483
473 54484
99 54485
629 54486
332 54487
330 54488
361 54489
861 54490
234 54491
440 54492
839 54493
142 54494
23 54495
552 54496
243 54497
305 54498
30 54499
630 54500
6 54501
909 54502
339 54503
313 54504
683 54505
271 54506
678 54507
414 54508
278 54509
645 54510
517 54511
779 54512
227 54513
673 54514
349 54515
691 54516
575 54517
17 54518
133 54519
950 54520
75 54521
957 54522
141 54523
905 54524
524 54525
299 54526
80 54527
58 54528
242 54529
658 54530
912 54531
886 54532
765 54533
176 54534
708 54535
153 54536
964 54537
99 54538
853 54539
962 54540
75 54541
920 54542
788 54543
166 54544
380 54545
544 54546
369 54547
572 54548
541 54549
317 54550
66 54551
154 54552
805 54553
317 54554
512 54555
452 54556
486 54557
373 54558
446 54559
828 54560
231 54561
569 54562
292 54563
200 54564
422 54565
704 54566
523 54567
255 54568
521 54569
146 54570
46 54571
43 54572
433 54573
400 54574
584 54575
40 54576
955 54577
193 54578
91 54579
674 54580
581 54581
22 54582
129 54583
378 54584
865 54585
225 54586
858 54587
499 54588
106 54589
616 54590
952 54591
720 54592
732 54593
575 54594
48 54595
851 54596
325 54597
917 54598
517 54599
630 54600
128 54601
62 54602
550 54603
701 54604
142 54605
921 54606
53 54607
5 54608
749 54609
926 54610
191 54611
493 54612
769 54613
166 54614
979 54615
454 54616
122 54617
987 54618
116 54619
465 54620
324 54621
765 54622
128 54623
309 54624
257 54625
772 54626
926 54627
716 54628
888 54629
387 54630
300 54631
955 54632
822 54633
853 54634
353 54635
552 54636
162 54637
580 54638
300 54639
949 54640
732 54641
26 54642
658 54643
772 54644
610 54645
706 54646
945 54647
985 54648
216 54649
218 54650
362 54651
221 54652
40 54653
100 54654
687 54655
530 54656
710 54657
516 54658
201 54659
113 54660
282 54661
454 54662
453 54663
759 54664
317 54665
87 54666
99 54667
441 54668
346 54669
300 54670
902 54671
673 54672
295 54673
109 54674
901 54675
513 54676
995 54677
633 54678
576 54679
193 54680
678 54681
16 54682
878 54683
249 54684
589 54685
13 54686
517 54687
482 54688
360 54689
136 54690
687 54691
499 54692
679 54693
742 54694
860 54695
152 54696
203 54697
19 54698
554 54699
925 54700
567 54701
854 54702
340 54703
71 54704
444 54705
330 54706
586 54707
589 54708
943 54709
729 54710
564 54711
892 54712
384 54713
249 54714
617 54715
223 54716
536 54717
556 54718
67 54719
293 54720
296 54721
528 54722
370 54723
918 54724
100 54725
837 54726
831 54727
863 54728
721 54729
60 54730
907 54731
588 54732
722 54733
829 54734
643 54735
192 54736
574 54737
63 54738
515 54739
89 54740
102 54741
118 54742
736 54743
13 54744
336 54745
152 54746
761 54747
845 54748
612 54749
586 54750
87 54751
790 54752
696 54753
661 54754
844 54755
216 54756
721 54757
246 54758
1000 54759
474 54760
270 54761
763 54762
826 54763
616 54764
267 54765
202 54766
317 54767
173 54768
670 54769
104 54770
493 54771
402 54772
788 54773
272 54774
738 54775
849 54776
240 54777
903 54778
567 54779
772 54780
209 54781
186 54782
945 54783
264 54784
905 54785
306 54786
473 54787
77 54788
735 54789
936 54790
718 54791
37 54792
569 54793
219 54794
46 54795
947 54796
185 54797
260 54798
961 54799
708 54800
433 54801
434 54802
574 54803
755 54804
383 54805
607 54806
824 54807
683 54808
149 54809
680 54810
514 54811
377 54812
403 54813
582 54814
314 54815
1000 54816
345 54817
129 54818
878 54819
190 54820
12 54821
874 54822
151 54823
718 54824
648 54825
460 54826
462 54827
771 54828
829 54829
375 54830
3 54831
748 54832
128 54833
437 54834
489 54835
43 54836
471 54837
128 54838
500 54839
886 54840
532 54841
495 54842
75 54843
558 54844
283 54845
873 54846
343 54847
688 54848
134 54849
512 54850
61 54851
712 54852
382 54853
589 54854
288 54855
184 54856
754 54857
313 54858
411 54859
72 54860
140 54861
917 54862
525 54863
759 54864
256 54865
959 54866
847 54867
487 54868
508 54869
873 54870
515 54871
532 54872
330 54873
450 54874
369 54875
404 54876
917 54877
130 54878
217 54879
60 54880
43 54881
873 54882
602 54883
447 54884
795 54885
307 54886
40 54887
741 54888
877 54889
924 54890
967 54891
368 54892
307 54893
630 54894
713 54895
150 54896
203 54897
528 54898
210 54899
510 54900
481 54901
263 54902
285 54903
587 54904
553 54905
217 54906
681 54907
417 54908
560 54909
266 54910
837 54911
705 54912
205 54913
619 54914
515 54915
515 54916
900 54917
706 54918
104 54919
173 54920
25 54921
71 54922
884 54923
793 54924
793 54925
477 54926
944 54927
784 54928
915 54929
188 54930
567 54931
645 54932
803 54933
524 54934
145 54935
744 54936
774 54937
486 54938
319 54939
314 54940
361 54941
406 54942
665 54943
890 54944
145 54945
150 54946
2 54947
760 54948
77 54949
530 54950
724 54951
632 54952
832 54953
444 54954
967 54955
519 54956
565 54957
292 54958
623 54959
350 54960
458 54961
596 54962
424 54963
126 54964
153 54965
659 54966
471 54967
977 54968
940 54969
798 54970
987 54971
850 54972
383 54973
277 54974
125 54975
320 54976
435 54977
352 54978
835 54979
325 54980
590 54981
173 54982
936 54983
328 54984
917 54985
950 54986
981 54987
115 54988
7 54989
371 54990
710 54991
873 54992
651 54993
92 54994
676 54995
306 54996
830 54997
347 54998
396 54999
866 55000
726 55001
616 55002
99 55003
686 55004
328 55005
171 55006
474 55007
941 55008
27 55009
21 55010
659 55011
890 55012
813 55013
122 55014
593 55015
182 55016
228 55017
199 55018
545 55019
944 55020
289 55021
868 55022
216 55023
584 55024
523 55025
344 55026
355 55027
690 55028
611 55029
700 55030
202 55031
597 55032
217 55033
634 55034
965 55035
36 55036
881 55037
372 55038
254 55039
350 55040
586 55041
3 55042
812 55043
164 55044
457 55045
863 55046
872 55047
153 55048
775 55049
760 55050
603 55051
731 55052
878 55053
255 55054
267 55055
483 55056
729 55057
824 55058
8 55059
697 55060
73 55061
660 55062
626 55063
58 55064
263 55065
892 55066
170 55067
577 55068
393 55069
571 55070
840 55071
243 55072
291 55073
347 55074
662 55075
77 55076
150 55077
95 55078
566 55079
762 55080
176 55081
954 55082
400 55083
641 55084
451 55085
724 55086
355 55087
956 55088
150 55089
192 55090
162 55091
682 55092
762 55093
936 55094
549 55095
18 55096
852 55097
512 55098
255 55099
403 55100
645 55101
991 55102
593 55103
178 55104
337 55105
387 55106
937 55107
165 55108
755 55109
375 55110
478 55111
856 55112
529 55113
870 55114
125 55115
449 55116
848 55117
869 55118
521 55119
117 55120
766 55121
198 55122
513 55123
32 55124
784 55125
631 55126
495 55127
72 55128
146 55129
840 55130
676 55131
734 55132
515 55133
672 55134
854 55135
61 55136
276 55137
587 55138
212 55139
92 55140
959 55141
495 55142
400 55143
821 55144
968 55145
226 55146
809 55147
788 55148
900 55149
585 55150
854 55151
322 55152
630 55153
365 55154
892 55155
614 55156
56 55157
400 55158
175 55159
784 55160
331 55161
165 55162
887 55163
461 55164
90 55165
315 55166
655 55167
545 55168
732 55169
249 55170
511 55171
22 55172
391 55173
131 55174
839 55175
365 55176
921 55177
251 55178
551 55179
358 55180
287 55181
817 55182
265 55183
368 55184
331 55185
366 55186
844 55187
177 55188
152 55189
522 55190
782 55191
728 55192
96 55193
793 55194
984 55195
505 55196
609 55197
779 55198
803 55199
517 55200
82 55201
764 55202
793 55203
902 55204
112 55205
349 55206
948 55207
836 55208
168 55209
807 55210
443 55211
687 55212
399 55213
883 55214
258 55215
382 55216
273 55217
530 55218
740 55219
441 55220
238 55221
534 55222
602 55223
121 55224
692 55225
762 55226
550 55227
954 55228
343 55229
108 55230
766 55231
664 55232
143 55233
825 55234
529 55235
561 55236
379 55237
798 55238
920 55239
442 55240
159 55241
496 55242
853 55243
220 55244
544 55245
531 55246
115 55247
518 55248
495 55249
885 55250
812 55251
422 55252
109 55253
712 55254
673 55255
633 55256
54 55257
683 55258
439 55259
525 55260
667 55261
716 55262
199 55263
130 55264
880 55265
695 55266
823 55267
998 55268
399 55269
744 55270
926 55271
600 55272
468 55273
867 55274
996 55275
223 55276
38 55277
177 55278
830 55279
625 55280
281 55281
961 55282
82 55283
778 55284
976 55285
949 55286
223 55287
519 55288
607 55289
897 55290
477 55291
826 55292
934 55293
183 55294
764 55295
462 55296
531 55297
262 55298
646 55299
591 55300
412 55301
662 55302
319 55303
291 55304
792 55305
287 55306
827 55307
673 55308
708 55309
958 55310
512 55311
205 55312
437 55313
897 55314
237 55315
917 55316
395 55317
223 55318
106 55319
79 55320
738 55321
268 55322
858 55323
377 55324
880 55325
96 55326
331 55327
50 55328
402 55329
367 55330
429 55331
874 55332
569 55333
487 55334
787 55335
86 55336
48 55337
241 55338
646 55339
814 55340
735 55341
187 55342
792 55343
48 55344
518 55345
701 55346
390 55347
342 55348
751 55349
114 55350
167 55351
303 55352
610 55353
111 55354
719 55355
877 55356
971 55357
252 55358
410 55359
301 55360
435 55361
204 55362
528 55363
918 55364
606 55365
50 55366
938 55367
549 55368
768 55369
350 55370
988 55371
29 55372
284 55373
743 55374
171 55375
9 55376
578 55377
265 55378
144 55379
575 55380
305 55381
361 55382
703 55383
539 55384
903 55385
254 55386
291 55387
95 55388
651 55389
716 55390
683 55391
602 55392
36 55393
808 55394
607 55395
582 55396
542 55397
281 55398
372 55399
588 55400
348 55401
141 55402
962 55403
279 55404
220 55405
73 55406
482 55407
263 55408
410 55409
106 55410
334 55411
670 55412
620 55413
593 55414
37 55415
975 55416
348 55417
835 55418
149 55419
818 55420
575 55421
772 55422
63 55423
571 55424
198 55425
713 55426
754 55427
662 55428
246 55429
404 55430
985 55431
139 55432
817 55433
994 55434
688 55435
201 55436
358 55437
985 55438
683 55439
729 55440
547 55441
856 55442
8 55443
936 55444
187 55445
443 55446
437 55447
130 55448
226 55449
338 55450
819 55451
46 55452
502 55453
108 55454
37 55455
673 55456
173 55457
421 55458
38 55459
907 55460
421 55461
170 55462
390 55463
200 55464
70 55465
604 55466
878 55467
992 55468
263 55469
3 55470
102 55471
653 55472
806 55473
884 55474
60 55475
141 55476
605 55477
739 55478
788 55479
367 55480
471 55481
389 55482
310 55483
108 55484
238 55485
215 55486
918 55487
260 55488
559 55489
92 55490
695 55491
719 55492
518 55493
928 55494
395 55495
178 55496
67 55497
293 55498
327 55499
530 55500
51 55501
43 55502
46 55503
993 55504
517 55505
345 55506
670 55507
718 55508
983 55509
299 55510
981 55511
883 55512
598 55513
867 55514
801 55515
62 55516
331 55517
51 55518
82 55519
307 55520
30 55521
346 55522
949 55523
804 55524
337 55525
135 55526
681 55527
936 55528
99 55529
530 55530
612 55531
628 55532
518 55533
334 55534
158 55535
603 55536
255 55537
90 55538
997 55539
54 55540
800 55541
226 55542
369 55543
99 55544
456 55545
70 55546
699 55547
816 55548
507 55549
428 55550
342 55551
115 55552
827 55553
693 55554
665 55555
223 55556
891 55557
116 55558
148 55559
613 55560
685 55561
341 55562
18 55563
127 55564
311 55565
261 55566
927 55567
333 55568
934 55569
128 55570
526 55571
149 55572
927 55573
695 55574
806 55575
981 55576
897 55577
849 55578
485 55579
996 55580
531 55581
646 55582
306 55583
352 55584
231 55585
651 55586
377 55587
362 55588
852 55589
132 55590
956 55591
383 55592
619 55593
297 55594
654 55595
759 55596
985 55597
907 55598
209 55599
374 55600
704 55601
661 55602
540 55603
25 55604
698 55605
879 55606
393 55607
828 55608
960 55609
527 55610
843 55611
351 55612
520 55613
890 55614
121 55615
622 55616
468 55617
607 55618
705 55619
71 55620
712 55621
729 55622
658 55623
933 55624
631 55625
978 55626
28 55627
622 55628
90 55629
999 55630
453 55631
76 55632
314 55633
537 55634
386 55635
386 55636
797 55637
523 55638
450 55639
253 55640
229 55641
334 55642
732 55643
450 55644
931 55645
567 55646
187 55647
320 55648
700 55649
203 55650
113 55651
833 55652
878 55653
936 55654
436 55655
269 55656
48 55657
905 55658
835 55659
251 55660
538 55661
413 55662
411 55663
638 55664
307 55665
724 55666
463 55667
754 55668
266 55669
556 55670
733 55671
522 55672
504 55673
792 55674
371 55675
43 55676
558 55677
636 55678
606 55679
878 55680
419 55681
569 55682
468 55683
271 55684
880 55685
371 55686
839 55687
734 55688
551 55689
235 55690
153 55691
975 55692
908 55693
49 55694
975 55695
22 55696
421 55697
234 55698
737 55699
856 55700
254 55701
217 55702
428 55703
908 55704
9 55705
751 55706
299 55707
996 55708
985 55709
579 55710
529 55711
853 55712
884 55713
478 55714
847 55715
296 55716
40 55717
746 55718
585 55719
156 55720
767 55721
641 55722
80 55723
173 55724
424 55725
381 55726
389 55727
213 55728
374 55729
905 55730
200 55731
135 55732
563 55733
564 55734
479 55735
213 55736
987 55737
494 55738
599 55739
674 55740
46 55741
819 55742
317 55743
372 55744
52 55745
303 55746
249 55747
630 55748
201 55749
391 55750
980 55751
907 55752
491 55753
214 55754
65 55755
986 55756
343 55757
118 55758
870 55759
647 55760
408 55761
879 55762
982 55763
24 55764
163 55765
325 55766
724 55767
437 55768
486 55769
462 55770
211 55771
470 55772
806 55773
264 55774
7 55775
906 55776
161 55777
221 55778
184 55779
594 55780
306 55781
859 55782
507 55783
374 55784
709 55785
42 55786
875 55787
143 55788
989 55789
31 55790
868 55791
388 55792
906 55793
794 55794
873 55795
238 55796
857 55797
154 55798
755 55799
626 55800
641 55801
143 55802
245 55803
257 55804
229 55805
304 55806
287 55807
636 55808
484 55809
640 55810
457 55811
783 55812
896 55813
512 55814
328 55815
118 55816
924 55817
303 55818
973 55819
508 55820
458 55821
393 55822
630 55823
531 55824
902 55825
920 55826
291 55827
227 55828
66 55829
437 55830
19 55831
146 55832
915 55833
789 55834
106 55835
873 55836
840 55837
78 55838
418 55839
961 55840
79 55841
145 55842
891 55843
358 55844
919 55845
212 55846
135 55847
709 55848
413 55849
655 55850
654 55851
296 55852
328 55853
722 55854
511 55855
243 55856
968 55857
455 55858
92 55859
634 55860
538 55861
136 55862
512 55863
166 55864
562 55865
406 55866
597 55867
895 55868
30 55869
353 55870
106 55871
74 55872
334 55873
380 55874
964 55875
789 55876
254 55877
366 55878
904 55879
85 55880
151 55881
25 55882
593 55883
670 55884
809 55885
993 55886
511 55887
510 55888
724 55889
155 55890
507 55891
580 55892
406 55893
1000 55894
839 55895
387 55896
853 55897
371 55898
394 55899
43 55900
190 55901
497 55902
219 55903
218 55904
75 55905
926 55906
329 55907
579 55908
364 55909
900 55910
519 55911
105 55912
687 55913
450 55914
318 55915
318 55916
638 55917
718 55918
985 55919
55 55920
286 55921
985 55922
681 55923
291 55924
847 55925
689 55926
561 55927
145 55928
825 55929
718 55930
645 55931
746 55932
869 55933
437 55934
985 55935
503 55936
20 55937
330 55938
699 55939
544 55940
470 55941
311 55942
177 55943
208 55944
730 55945
543 55946
457 55947
894 55948
313 55949
685 55950
969 55951
849 55952
500 55953
268 55954
707 55955
212 55956
551 55957
280 55958
302 55959
455 55960
805 55961
258 55962
464 55963
575 55964
938 55965
142 55966
52 55967
272 55968
691 55969
215 55970
570 55971
52 55972
418 55973
52 55974
199 55975
753 55976
836 55977
536 55978
758 55979
138 55980
609 55981
733 55982
683 55983
535 55984
30 55985
299 55986
405 55987
692 55988
417 55989
878 55990
601 55991
818 55992
560 55993
29 55994
174 55995
928 55996
111 55997
730 55998
472 55999
549 56000
924 56001
846 56002
235 56003
807 56004
1 56005
829 56006
68 56007
56 56008
920 56009
538 56010
621 56011
535 56012
423 56013
63 56014
691 56015
171 56016
987 56017
874 56018
469 56019
312 56020
745 56021
799 56022
762 56023
72 56024
268 56025
712 56026
284 56027
459 56028
274 56029
834 56030
583 56031
244 56032
221 56033
489 56034
826 56035
950 56036
833 56037
399 56038
390 56039
123 56040
713 56041
136 56042
278 56043
179 56044
967 56045
471 56046
168 56047
292 56048
183 56049
660 56050
938 56051
879 56052
975 56053
390 56054
854 56055
860 56056
290 56057
684 56058
403 56059
82 56060
743 56061
679 56062
119 56063
343 56064
459 56065
675 56066
466 56067
792 56068
638 56069
980 56070
159 56071
713 56072
860 56073
262 56074
659 56075
162 56076
891 56077
30 56078
805 56079
69 56080
233 56081
570 56082
253 56083
928 56084
851 56085
225 56086
743 56087
524 56088
334 56089
497 56090
524 56091
730 56092
499 56093
738 56094
184 56095
985 56096
183 56097
124 56098
483 56099
850 56100
463 56101
133 56102
756 56103
908 56104
270 56105
168 56106
499 56107
294 56108
324 56109
846 56110
222 56111
988 56112
976 56113
339 56114
385 56115
393 56116
632 56117
677 56118
635 56119
487 56120
732 56121
494 56122
730 56123
473 56124
764 56125
995 56126
906 56127
345 56128
706 56129
349 56130
537 56131
914 56132
82 56133
508 56134
148 56135
502 56136
244 56137
222 56138
46 56139
795 56140
684 56141
79 56142
929 56143
362 56144
851 56145
926 56146
879 56147
482 56148
78 56149
890 56150
488 56151
263 56152
986 56153
981 56154
496 56155
822 56156
533 56157
76 56158
551 56159
122 56160
504 56161
908 56162
786 56163
104 56164
171 56165
123 56166
65 56167
949 56168
904 56169
765 56170
115 56171
590 56172
931 56173
623 56174
755 56175
67 56176
220 56177
100 56178
880 56179
811 56180
206 56181
315 56182
731 56183
246 56184
840 56185
932 56186
673 56187
434 56188
744 56189
469 56190
977 56191
37 56192
234 56193
494 56194
51 56195
192 56196
998 56197
373 56198
910 56199
874 56200
743 56201
892 56202
776 56203
915 56204
522 56205
183 56206
594 56207
412 56208
308 56209
384 56210
955 56211
28 56212
914 56213
888 56214
986 56215
87 56216
729 56217
304 56218
389 56219
666 56220
547 56221
837 56222
903 56223
884 56224
412 56225
70 56226
339 56227
887 56228
258 56229
58 56230
116 56231
754 56232
452 56233
106 56234
26 56235
147 56236
45 56237
499 56238
74 56239
126 56240
497 56241
258 56242
352 56243
408 56244
182 56245
430 56246
439 56247
666 56248
890 56249
807 56250
375 56251
743 56252
886 56253
889 56254
758 56255
173 56256
615 56257
946 56258
492 56259
102 56260
564 56261
792 56262
613 56263
59 56264
700 56265
427 56266
855 56267
395 56268
468 56269
515 56270
130 56271
243 56272
766 56273
500 56274
778 56275
890 56276
642 56277
214 56278
951 56279
910 56280
103 56281
571 56282
181 56283
319 56284
445 56285
602 56286
444 56287
416 56288
293 56289
777 56290
567 56291
172 56292
351 56293
436 56294
428 56295
520 56296
271 56297
424 56298
437 56299
702 56300
226 56301
999 56302
956 56303
520 56304
31 56305
739 56306
696 56307
986 56308
536 56309
121 56310
665 56311
796 56312
435 56313
948 56314
419 56315
83 56316
373 56317
15 56318
741 56319
957 56320
512 56321
10 56322
313 56323
569 56324
510 56325
580 56326
374 56327
824 56328
963 56329
166 56330
25 56331
385 56332
728 56333
183 56334
573 56335
94 56336
135 56337
557 56338
715 56339
69 56340
153 56341
397 56342
385 56343
148 56344
17 56345
305 56346
885 56347
417 56348
729 56349
396 56350
238 56351
444 56352
278 56353
370 56354
946 56355
924 56356
221 56357
955 56358
114 56359
29 56360
533 56361
501 56362
146 56363
361 56364
983 56365
895 56366
464 56367
258 56368
380 56369
828 56370
883 56371
154 56372
97 56373
425 56374
768 56375
249 56376
739 56377
482 56378
535 56379
206 56380
113 56381
703 56382
445 56383
67 56384
786 56385
359 56386
420 56387
74 56388
875 56389
526 56390
402 56391
63 56392
281 56393
880 56394
124 56395
399 56396
828 56397
227 56398
929 56399
832 56400
855 56401
100 56402
36 56403
205 56404
373 56405
593 56406
532 56407
220 56408
265 56409
648 56410
570 56411
232 56412
831 56413
913 56414
741 56415
762 56416
964 56417
532 56418
835 56419
800 56420
516 56421
423 56422
787 56423
721 56424
793 56425
997 56426
352 56427
947 56428
80 56429
104 56430
474 56431
975 56432
695 56433
102 56434
497 56435
945 56436
377 56437
622 56438
848 56439
731 56440
493 56441
745 56442
653 56443
415 56444
979 56445
928 56446
48 56447
760 56448
683 56449
318 56450
98 56451
33 56452
770 56453
479 56454
539 56455
388 56456
221 56457
162 56458
157 56459
158 56460
742 56461
372 56462
289 56463
863 56464
104 56465
746 56466
934 56467
881 56468
469 56469
911 56470
477 56471
745 56472
848 56473
51 56474
165 56475
741 56476
617 56477
623 56478
989 56479
205 56480
619 56481
317 56482
429 56483
606 56484
55 56485
924 56486
757 56487
958 56488
549 56489
164 56490
219 56491
189 56492
188 56493
248 56494
589 56495
94 56496
603 56497
580 56498
726 56499
37 56500
186 56501
572 56502
786 56503
8 56504
623 56505
594 56506
55 56507
212 56508
196 56509
884 56510
671 56511
116 56512
539 56513
82 56514
377 56515
416 56516
573 56517
131 56518
475 56519
777 56520
59 56521
83 56522
767 56523
804 56524
644 56525
90 56526
158 56527
601 56528
5 56529
259 56530
397 56531
163 56532
697 56533
268 56534
597 56535
537 56536
781 56537
374 56538
551 56539
458 56540
125 56541
825 56542
1 56543
659 56544
203 56545
868 56546
645 56547
783 56548
12 56549
472 56550
580 56551
16 56552
422 56553
441 56554
303 56555
999 56556
689 56557
560 56558
11 56559
982 56560
245 56561
163 56562
315 56563
1000 56564
809 56565
369 56566
441 56567
502 56568
95 56569
2 56570
779 56571
303 56572
305 56573
739 56574
541 56575
880 56576
664 56577
120 56578
910 56579
462 56580
868 56581
774 56582
398 56583
39 56584
48 56585
39 56586
717 56587
350 56588
48 56589
188 56590
854 56591
535 56592
106 56593
1000 56594
111 56595
844 56596
410 56597
568 56598
769 56599
224 56600
177 56601
888 56602
829 56603
579 56604
445 56605
398 56606
130 56607
593 56608
536 56609
813 56610
528 56611
497 56612
351 56613
243 56614
381 56615
821 56616
403 56617
354 56618
525 56619
731 56620
969 56621
904 56622
935 56623
765 56624
107 56625
961 56626
707 56627
402 56628
462 56629
12 56630
647 56631
731 56632
47 56633
190 56634
845 56635
136 56636
639 56637
986 56638
757 56639
64 56640
539 56641
201 56642
62 56643
522 56644
81 56645
389 56646
218 56647
842 56648
318 56649
940 56650
115 56651
556 56652
665 56653
712 56654
470 56655
883 56656
912 56657
107 56658
747 56659
875 56660
251 56661
630 56662
253 56663
66 56664
318 56665
958 56666
529 56667
955 56668
745 56669
518 56670
79 56671
264 56672
465 56673
353 56674
160 56675
858 56676
677 56677
871 56678
140 56679
1000 56680
240 56681
917 56682
485 56683
453 56684
7 56685
923 56686
28 56687
263 56688
210 56689
523 56690
443 56691
260 56692
353 56693
561 56694
590 56695
190 56696
550 56697
191 56698
954 56699
567 56700
138 56701
295 56702
636 56703
524 56704
497 56705
163 56706
180 56707
631 56708
699 56709
114 56710
33 56711
932 56712
134 56713
184 56714
339 56715
695 56716
864 56717
246 56718
505 56719
46 56720
60 56721
48 56722
185 56723
409 56724
214 56725
553 56726
768 56727
306 56728
116 56729
895 56730
780 56731
223 56732
776 56733
770 56734
789 56735
719 56736
499 56737
765 56738
135 56739
869 56740
521 56741
494 56742
663 56743
565 56744
317 56745
955 56746
577 56747
933 56748
654 56749
24 56750
858 56751
690 56752
722 56753
533 56754
605 56755
549 56756
878 56757
789 56758
323 56759
502 56760
654 56761
204 56762
58 56763
61 56764
269 56765
341 56766
912 56767
666 56768
652 56769
2 56770
161 56771
220 56772
267 56773
464 56774
767 56775
763 56776
358 56777
804 56778
214 56779
175 56780
513 56781
554 56782
697 56783
621 56784
208 56785
733 56786
830 56787
34 56788
26 56789
141 56790
958 56791
224 56792
177 56793
38 56794
135 56795
423 56796
181 56797
150 56798
370 56799
976 56800
499 56801
370 56802
525 56803
861 56804
611 56805
441 56806
396 56807
138 56808
561 56809
576 56810
599 56811
898 56812
970 56813
75 56814
820 56815
925 56816
943 56817
620 56818
757 56819
344 56820
284 56821
756 56822
204 56823
968 56824
535 56825
229 56826
775 56827
227 56828
616 56829
758 56830
350 56831
166 56832
976 56833
190 56834
8 56835
114 56836
189 56837
238 56838
303 56839
31 56840
741 56841
22 56842
98 56843
730 56844
894 56845
506 56846
136 56847
438 56848
841 56849
309 56850
576 56851
539 56852
537 56853
610 56854
119 56855
226 56856
237 56857
414 56858
214 56859
721 56860
545 56861
995 56862
488 56863
544 56864
112 56865
380 56866
226 56867
630 56868
273 56869
440 56870
600 56871
530 56872
213 56873
576 56874
576 56875
346 56876
819 56877
161 56878
805 56879
441 56880
837 56881
562 56882
696 56883
941 56884
108 56885
303 56886
510 56887
648 56888
798 56889
32 56890
258 56891
726 56892
643 56893
904 56894
8 56895
989 56896
958 56897
964 56898
527 56899
558 56900
136 56901
604 56902
190 56903
547 56904
157 56905
432 56906
486 56907
818 56908
419 56909
702 56910
469 56911
487 56912
611 56913
45 56914
890 56915
368 56916
406 56917
8 56918
52 56919
512 56920
776 56921
325 56922
220 56923
367 56924
649 56925
961 56926
567 56927
26 56928
105 56929
183 56930
761 56931
678 56932
585 56933
979 56934
318 56935
907 56936
162 56937
937 56938
173 56939
325 56940
802 56941
171 56942
607 56943
576 56944
539 56945
727 56946
943 56947
333 56948
819 56949
516 56950
455 56951
37 56952
959 56953
138 56954
431 56955
576 56956
450 56957
914 56958
646 56959
398 56960
379 56961
486 56962
700 56963
899 56964
283 56965
245 56966
168 56967
760 56968
69 56969
897 56970
295 56971
680 56972
20 56973
923 56974
816 56975
358 56976
502 56977
199 56978
868 56979
77 56980
618 56981
587 56982
51 56983
460 56984
76 56985
278 56986
843 56987
456 56988
758 56989
124 56990
733 56991
589 56992
286 56993
487 56994
138 56995
809 56996
755 56997
507 56998
962 56999
994 57000
910 57001
187 57002
617 57003
64 57004
932 57005
853 57006
399 57007
38 57008
360 57009
399 57010
213 57011
741 57012
741 57013
457 57014
463 57015
639 57016
372 57017
34 57018
975 57019
819 57020
357 57021
382 57022
58 57023
237 57024
750 57025
704 57026
492 57027
218 57028
726 57029
513 57030
418 57031
74 57032
414 57033
167 57034
240 57035
820 57036
470 57037
426 57038
318 57039
918 57040
740 57041
727 57042
298 57043
809 57044
303 57045
680 57046
481 57047
925 57048
207 57049
190 57050
463 57051
296 57052
52 57053
115 57054
300 57055
525 57056
518 57057
314 57058
643 57059
871 57060
209 57061
358 57062
6 57063
530 57064
773 57065
845 57066
281 57067
490 57068
970 57069
505 57070
809 57071
190 57072
632 57073
128 57074
569 57075
368 57076
425 57077
715 57078
477 57079
28 57080
786 57081
311 57082
46 57083
465 57084
655 57085
5 57086
955 57087
79 57088
848 57089
826 57090
52 57091
675 57092
975 57093
751 57094
382 57095
668 57096
534 57097
346 57098
571 57099
662 57100
76 57101
480 57102
646 57103
7 57104
569 57105
42 57106
721 57107
373 57108
890 57109
183 57110
142 57111
452 57112
5 57113
776 57114
396 57115
133 57116
635 57117
586 57118
265 57119
146 57120
435 57121
697 57122
611 57123
383 57124
658 57125
989 57126
417 57127
336 57128
584 57129
75 57130
477 57131
3 57132
213 57133
956 57134
79 57135
47 57136
261 57137
314 57138
402 57139
35 57140
153 57141
182 57142
578 57143
465 57144
905 57145
825 57146
570 57147
754 57148
447 57149
31 57150
877 57151
794 57152
852 57153
135 57154
856 57155
777 57156
678 57157
991 57158
552 57159
132 57160
688 57161
44 57162
945 57163
81 57164
172 57165
633 57166
906 57167
912 57168
879 57169
567 57170
374 57171
306 57172
936 57173
128 57174
818 57175
893 57176
686 57177
292 57178
696 57179
91 57180
659 57181
410 57182
476 57183
399 57184
129 57185
921 57186
152 57187
198 57188
253 57189
66 57190
962 57191
176 57192
45 57193
717 57194
171 57195
706 57196
299 57197
926 57198
85 57199
622 57200
791 57201
69 57202
247 57203
718 57204
276 57205
896 57206
630 57207
688 57208
181 57209
409 57210
746 57211
80 57212
116 57213
412 57214
945 57215
98 57216
233 57217
960 57218
281 57219
522 57220
942 57221
996 57222
965 57223
704 57224
913 57225
792 57226
22 57227
818 57228
954 57229
22 57230
795 57231
151 57232
766 57233
924 57234
656 57235
672 57236
533 57237
617 57238
166 57239
852 57240
595 57241
678 57242
934 57243
637 57244
656 57245
268 57246
69 57247
256 57248
853 57249
732 57250
304 57251
691 57252
517 57253
619 57254
197 57255
674 57256
951 57257
265 57258
818 57259
122 57260
684 57261
927 57262
38 57263
224 57264
919 57265
646 57266
139 57267
347 57268
766 57269
981 57270
200 57271
357 57272
826 57273
726 57274
130 57275
438 57276
100 57277
643 57278
645 57279
733 57280
628 57281
353 57282
837 57283
360 57284
532 57285
883 57286
100 57287
644 57288
730 57289
372 57290
751 57291
563 57292
374 57293
327 57294
629 57295
661 57296
899 57297
151 57298
858 57299
151 57300
149 57301
804 57302
897 57303
786 57304
180 57305
460 57306
671 57307
942 57308
16 57309
128 57310
87 57311
364 57312
980 57313
626 57314
43 57315
266 57316
124 57317
845 57318
355 57319
323 57320
910 57321
368 57322
25 57323
112 57324
156 57325
45 57326
778 57327
490 57328
868 57329
582 57330
892 57331
874 57332
402 57333
368 57334
475 57335
744 57336
256 57337
410 57338
731 57339
422 57340
155 57341
253 57342
892 57343
925 57344
623 57345
600 57346
112 57347
118 57348
455 57349
188 57350
377 57351
831 57352
228 57353
132 57354
301 57355
364 57356
821 57357
716 57358
564 57359
596 57360
947 57361
64 57362
64 57363
489 57364
898 57365
685 57366
455 57367
440 57368
815 57369
568 57370
400 57371
701 57372
180 57373
448 57374
950 57375
325 57376
848 57377
950 57378
306 57379
599 57380
31 57381
914 57382
644 57383
361 57384
82 57385
877 57386
584 57387
867 57388
480 57389
763 57390
246 57391
887 57392
371 57393
367 57394
891 57395
334 57396
716 57397
517 57398
97 57399
831 57400
590 57401
196 57402
259 57403
117 57404
392 57405
132 57406
900 57407
231 57408
396 57409
391 57410
381 57411
773 57412
693 57413
875 57414
363 57415
438 57416
616 57417
680 57418
615 57419
647 57420
805 57421
930 57422
126 57423
205 57424
131 57425
532 57426
190 57427
434 57428
288 57429
219 57430
731 57431
252 57432
954 57433
316 57434
332 57435
342 57436
853 57437
468 57438
715 57439
146 57440
345 57441
626 57442
110 57443
830 57444
369 57445
766 57446
453 57447
148 57448
15 57449
30 57450
650 57451
182 57452
907 57453
222 57454
705 57455
157 57456
678 57457
80 57458
309 57459
988 57460
421 57461
713 57462
983 57463
694 57464
404 57465
735 57466
428 57467
523 57468
180 57469
182 57470
427 57471
785 57472
344 57473
326 57474
632 57475
992 57476
322 57477
286 57478
121 57479
816 57480
827 57481
883 57482
693 57483
168 57484
299 57485
20 57486
440 57487
781 57488
438 57489
717 57490
732 57491
50 57492
879 57493
49 57494
375 57495
30 57496
102 57497
954 57498
885 57499
434 57500
64 57501
533 57502
21 57503
238 57504
732 57505
131 57506
590 57507
706 57508
354 57509
254 57510
36 57511
768 57512
947 57513
639 57514
561 57515
276 57516
17 57517
722 57518
714 57519
612 57520
672 57521
413 57522
589 57523
18 57524
22 57525
917 57526
180 57527
676 57528
313 57529
202 57530
418 57531
22 57532
995 57533
811 57534
688 57535
973 57536
942 57537
384 57538
915 57539
935 57540
918 57541
640 57542
729 57543
476 57544
458 57545
414 57546
463 57547
345 57548
993 57549
716 57550
770 57551
425 57552
972 57553
219 57554
170 57555
989 57556
306 57557
633 57558
862 57559
659 57560
252 57561
582 57562
315 57563
740 57564
782 57565
748 57566
538 57567
542 57568
668 57569
429 57570
160 57571
310 57572
309 57573
190 57574
673 57575
707 57576
72 57577
476 57578
632 57579
760 57580
90 57581
205 57582
434 57583
552 57584
386 57585
335 57586
816 57587
278 57588
729 57589
776 57590
414 57591
42 57592
209 57593
891 57594
655 57595
865 57596
783 57597
737 57598
101 57599
363 57600
565 57601
379 57602
114 57603
615 57604
905 57605
928 57606
164 57607
561 57608
18 57609
654 57610
346 57611
998 57612
548 57613
460 57614
235 57615
370 57616
571 57617
491 57618
645 57619
207 57620
753 57621
741 57622
671 57623
134 57624
670 57625
581 57626
294 57627
877 57628
977 57629
346 57630
584 57631
12 57632
540 57633
274 57634
177 57635
709 57636
110 57637
795 57638
529 57639
408 57640
472 57641
882 57642
698 57643
806 57644
867 57645
105 57646
818 57647
557 57648
532 57649
974 57650
578 57651
584 57652
921 57653
870 57654
377 57655
689 57656
806 57657
338 57658
770 57659
186 57660
299 57661
789 57662
818 57663
479 57664
541 57665
825 57666
929 57667
723 57668
15 57669
225 57670
570 57671
396 57672
751 57673
447 57674
602 57675
732 57676
442 57677
639 57678
815 57679
634 57680
783 57681
416 57682
313 57683
628 57684
558 57685
183 57686
349 57687
707 57688
585 57689
170 57690
645 57691
330 57692
108 57693
690 57694
655 57695
877 57696
3 57697
330 57698
454 57699
222 57700
75 57701
279 57702
696 57703
886 57704
184 57705
665 57706
218 57707
126 57708
227 57709
854 57710
47 57711
547 57712
656 57713
467 57714
236 57715
202 57716
947 57717
367 57718
603 57719
657 57720
650 57721
822 57722
222 57723
74 57724
793 57725
964 57726
98 57727
329 57728
343 57729
266 57730
562 57731
17 57732
760 57733
739 57734
261 57735
621 57736
622 57737
250 57738
336 57739
729 57740
701 57741
912 57742
382 57743
188 57744
400 57745
125 57746
172 57747
872 57748
334 57749
93 57750
685 57751
377 57752
14 57753
895 57754
598 57755
581 57756
363 57757
101 57758
121 57759
218 57760
413 57761
551 57762
777 57763
728 57764
489 57765
557 57766
325 57767
964 57768
256 57769
622 57770
266 57771
261 57772
343 57773
201 57774
382 57775
360 57776
345 57777
250 57778
833 57779
550 57780
623 57781
761 57782
370 57783
844 57784
801 57785
860 57786
491 57787
382 57788
103 57789
190 57790
461 57791
433 57792
334 57793
718 57794
60 57795
884 57796
183 57797
414 57798
225 57799
458 57800
751 57801
84 57802
955 57803
626 57804
722 57805
534 57806
94 57807
609 57808
94 57809
757 57810
775 57811
904 57812
723 57813
932 57814
171 57815
207 57816
581 57817
121 57818
373 57819
896 57820
31 57821
793 57822
681 57823
805 57824
604 57825
292 57826
883 57827
620 57828
585 57829
804 57830
905 57831
550 57832
792 57833
109 57834
826 57835
284 57836
104 57837
940 57838
330 57839
225 57840
861 57841
108 57842
806 57843
955 57844
378 57845
715 57846
508 57847
117 57848
461 57849
185 57850
524 57851
786 57852
218 57853
89 57854
677 57855
653 57856
407 57857
175 57858
121 57859
166 57860
740 57861
845 57862
344 57863
830 57864
356 57865
200 57866
61 57867
926 57868
600 57869
725 57870
331 57871
276 57872
656 57873
841 57874
88 57875
347 57876
274 57877
385 57878
304 57879
371 57880
95 57881
44 57882
719 57883
858 57884
646 57885
457 57886
326 57887
997 57888
515 57889
231 57890
681 57891
937 57892
545 57893
527 57894
745 57895
154 57896
417 57897
874 57898
126 57899
541 57900
548 57901
226 57902
728 57903
677 57904
121 57905
717 57906
460 57907
147 57908
660 57909
385 57910
977 57911
760 57912
750 57913
49 57914
879 57915
185 57916
988 57917
858 57918
6 57919
566 57920
590 57921
331 57922
303 57923
880 57924
657 57925
245 57926
888 57927
68 57928
522 57929
466 57930
174 57931
564 57932
984 57933
322 57934
292 57935
91 57936
725 57937
779 57938
916 57939
611 57940
356 57941
544 57942
686 57943
668 57944
102 57945
152 57946
844 57947
267 57948
409 57949
175 57950
228 57951
976 57952
471 57953
950 57954
183 57955
46 57956
840 57957
26 57958
306 57959
62 57960
343 57961
114 57962
810 57963
316 57964
861 57965
75 57966
206 57967
691 57968
372 57969
245 57970
741 57971
866 57972
122 57973
775 57974
769 57975
969 57976
838 57977
897 57978
511 57979
399 57980
304 57981
874 57982
349 57983
514 57984
738 57985
976 57986
876 57987
104 57988
226 57989
503 57990
686 57991
729 57992
189 57993
729 57994
320 57995
628 57996
166 57997
647 57998
142 57999
324 58000
644 58001
583 58002
65 58003
179 58004
824 58005
681 58006
29 58007
49 58008
864 58009
471 58010
385 58011
501 58012
89 58013
922 58014
565 58015
731 58016
625 58017
991 58018
812 58019
972 58020
262 58021
791 58022
372 58023
952 58024
141 58025
691 58026
958 58027
950 58028
146 58029
695 58030
17 58031
380 58032
862 58033
977 58034
340 58035
809 58036
71 58037
191 58038
700 58039
277 58040
178 58041
17 58042
210 58043
980 58044
414 58045
565 58046
680 58047
516 58048
124 58049
232 58050
611 58051
51 58052
61 58053
989 58054
295 58055
1000 58056
139 58057
799 58058
87 58059
994 58060
35 58061
830 58062
123 58063
38 58064
229 58065
981 58066
52 58067
521 58068
323 58069
671 58070
116 58071
402 58072
371 58073
140 58074
311 58075
197 58076
672 58077
86 58078
36 58079
649 58080
502 58081
883 58082
629 58083
518 58084
32 58085
961 58086
122 58087
22 58088
625 58089
593 58090
973 58091
566 58092
99 58093
554 58094
885 58095
396 58096
697 58097
174 58098
287 58099
268 58100
296 58101
901 58102
85 58103
718 58104
132 58105
634 58106
16 58107
758 58108
710 58109
61 58110
222 58111
24 58112
591 58113
688 58114
553 58115
793 58116
630 58117
620 58118
645 58119
647 58120
361 58121
827 58122
917 58123
499 58124
391 58125
253 58126
74 58127
719 58128
189 58129
535 58130
723 58131
430 58132
308 58133
288 58134
860 58135
67 58136
490 58137
222 58138
120 58139
974 58140
349 58141
676 58142
857 58143
482 58144
797 58145
783 58146
366 58147
237 58148
566 58149
6 58150
588 58151
215 58152
883 58153
47 58154
805 58155
770 58156
876 58157
225 58158
134 58159
741 58160
582 58161
793 58162
454 58163
952 58164
495 58165
136 58166
226 58167
91 58168
163 58169
666 58170
613 58171
777 58172
150 58173
690 58174
306 58175
456 58176
690 58177
507 58178
829 58179
105 58180
95 58181
208 58182
966 58183
412 58184
122 58185
535 58186
423 58187
14 58188
23 58189
14 58190
993 58191
84 58192
940 58193
526 58194
158 58195
813 58196
974 58197
844 58198
505 58199
23 58200
926 58201
854 58202
886 58203
947 58204
479 58205
700 58206
14 58207
665 58208
138 58209
71 58210
507 58211
840 58212
517 58213
791 58214
227 58215
105 58216
900 58217
836 58218
431 58219
246 58220
335 58221
425 58222
361 58223
356 58224
93 58225
407 58226
682 58227
973 58228
450 58229
593 58230
586 58231
273 58232
371 58233
528 58234
991 58235
615 58236
85 58237
18 58238
77 58239
326 58240
169 58241
806 58242
1 58243
986 58244
180 58245
973 58246
199 58247
577 58248
269 58249
505 58250
811 58251
700 58252
755 58253
376 58254
840 58255
336 58256
350 58257
837 58258
524 58259
541 58260
575 58261
772 58262
460 58263
127 58264
295 58265
29 58266
435 58267
452 58268
925 58269
415 58270
979 58271
258 58272
153 58273
846 58274
593 58275
371 58276
941 58277
488 58278
272 58279
960 58280
737 58281
990 58282
888 58283
569 58284
79 58285
191 58286
581 58287
252 58288
901 58289
104 58290
802 58291
370 58292
649 58293
181 58294
124 58295
905 58296
715 58297
403 58298
129 58299
540 58300
409 58301
716 58302
527 58303
954 58304
407 58305
544 58306
389 58307
824 58308
206 58309
744 58310
15 58311
884 58312
126 58313
67 58314
871 58315
386 58316
885 58317
366 58318
160 58319
316 58320
652 58321
165 58322
282 58323
480 58324
966 58325
552 58326
645 58327
992 58328
642 58329
310 58330
64 58331
139 58332
422 58333
306 58334
50 58335
617 58336
667 58337
874 58338
881 58339
737 58340
349 58341
352 58342
469 58343
920 58344
65 58345
86 58346
477 58347
95 58348
902 58349
928 58350
539 58351
539 58352
672 58353
306 58354
867 58355
120 58356
491 58357
342 58358
101 58359
256 58360
34 58361
91 58362
231 58363
161 58364
719 58365
839 58366
351 58367
827 58368
383 58369
447 58370
908 58371
336 58372
342 58373
987 58374
505 58375
122 58376
455 58377
75 58378
885 58379
978 58380
353 58381
847 58382
829 58383
324 58384
294 58385
561 58386
629 58387
468 58388
616 58389
329 58390
915 58391
858 58392
533 58393
91 58394
131 58395
157 58396
275 58397
922 58398
245 58399
162 58400
495 58401
897 58402
32 58403
783 58404
36 58405
957 58406
456 58407
481 58408
398 58409
35 58410
750 58411
204 58412
221 58413
438 58414
346 58415
270 58416
835 58417
380 58418
805 58419
194 58420
203 58421
718 58422
904 58423
63 58424
130 58425
92 58426
292 58427
817 58428
968 58429
223 58430
569 58431
998 58432
761 58433
594 58434
140 58435
410 58436
142 58437
295 58438
229 58439
828 58440
964 58441
574 58442
484 58443
201 58444
263 58445
790 58446
874 58447
949 58448
956 58449
271 58450
119 58451
421 58452
55 58453
471 58454
186 58455
690 58456
99 58457
857 58458
549 58459
890 58460
318 58461
57 58462
828 58463
114 58464
837 58465
858 58466
388 58467
965 58468
153 58469
569 58470
376 58471
951 58472
176 58473
133 58474
39 58475
342 58476
994 58477
129 58478
161 58479
467 58480
583 58481
500 58482
24 58483
51 58484
945 58485
100 58486
172 58487
967 58488
16 58489
804 58490
926 58491
983 58492
583 58493
276 58494
786 58495
967 58496
864 58497
956 58498
25 58499
765 58500
650 58501
410 58502
661 58503
934 58504
533 58505
964 58506
255 58507
181 58508
188 58509
270 58510
692 58511
619 58512
799 58513
899 58514
421 58515
327 58516
823 58517
633 58518
569 58519
773 58520
784 58521
321 58522
433 58523
741 58524
566 58525
433 58526
412 58527
254 58528
428 58529
832 58530
691 58531
926 58532
271 58533
292 58534
103 58535
865 58536
465 58537
865 58538
975 58539
818 58540
699 58541
282 58542
689 58543
508 58544
889 58545
571 58546
882 58547
173 58548
640 58549
185 58550
626 58551
917 58552
868 58553
921 58554
264 58555
555 58556
244 58557
177 58558
911 58559
690 58560
718 58561
603 58562
161 58563
981 58564
9 58565
241 58566
704 58567
165 58568
811 58569
30 58570
310 58571
430 58572
647 58573
782 58574
844 58575
954 58576
613 58577
4 58578
41 58579
323 58580
529 58581
371 58582
276 58583
609 58584
235 58585
51 58586
597 58587
354 58588
352 58589
22 58590
788 58591
131 58592
710 58593
862 58594
28 58595
223 58596
594 58597
189 58598
827 58599
101 58600
234 58601
257 58602
90 58603
412 58604
313 58605
288 58606
76 58607
758 58608
94 58609
310 58610
507 58611
966 58612
876 58613
365 58614
847 58615
780 58616
959 58617
399 58618
249 58619
60 58620
134 58621
392 58622
732 58623
174 58624
879 58625
913 58626
870 58627
436 58628
869 58629
658 58630
303 58631
883 58632
34 58633
32 58634
949 58635
945 58636
702 58637
648 58638
584 58639
406 58640
327 58641
73 58642
853 58643
660 58644
501 58645
841 58646
705 58647
177 58648
801 58649
698 58650
737 58651
904 58652
696 58653
331 58654
227 58655
387 58656
614 58657
558 58658
676 58659
389 58660
658 58661
963 58662
199 58663
679 58664
858 58665
885 58666
516 58667
664 58668
632 58669
367 58670
935 58671
385 58672
141 58673
317 58674
892 58675
181 58676
779 58677
529 58678
848 58679
106 58680
736 58681
974 58682
481 58683
631 58684
680 58685
938 58686
31 58687
965 58688
963 58689
195 58690
635 58691
375 58692
163 58693
663 58694
518 58695
874 58696
580 58697
135 58698
137 58699
92 58700
28 58701
276 58702
934 58703
90 58704
567 58705
736 58706
961 58707
58 58708
158 58709
420 58710
148 58711
899 58712
942 58713
957 58714
22 58715
320 58716
102 58717
480 58718
388 58719
257 58720
624 58721
154 58722
187 58723
627 58724
515 58725
437 58726
281 58727
43 58728
543 58729
82 58730
699 58731
117 58732
939 58733
387 58734
302 58735
362 58736
530 58737
630 58738
357 58739
661 58740
387 58741
336 58742
145 58743
579 58744
430 58745
972 58746
802 58747
211 58748
532 58749
416 58750
289 58751
329 58752
984 58753
320 58754
496 58755
636 58756
976 58757
666 58758
656 58759
343 58760
558 58761
747 58762
472 58763
254 58764
85 58765
938 58766
903 58767
305 58768
580 58769
968 58770
179 58771
550 58772
281 58773
489 58774
3 58775
738 58776
330 58777
151 58778
838 58779
701 58780
640 58781
413 58782
407 58783
631 58784
214 58785
745 58786
993 58787
733 58788
680 58789
243 58790
316 58791
479 58792
311 58793
22 58794
756 58795
224 58796
963 58797
165 58798
809 58799
271 58800
354 58801
525 58802
642 58803
568 58804
28 58805
861 58806
24 58807
645 58808
264 58809
581 58810
356 58811
651 58812
386 58813
299 58814
821 58815
89 58816
166 58817
453 58818
717 58819
825 58820
535 58821
543 58822
299 58823
585 58824
179 58825
585 58826
139 58827
151 58828
280 58829
726 58830
54 58831
17 58832
576 58833
143 58834
925 58835
873 58836
180 58837
185 58838
777 58839
777 58840
450 58841
139 58842
908 58843
595 58844
200 58845
542 58846
97 58847
47 58848
48 58849
853 58850
185 58851
102 58852
480 58853
588 58854
493 58855
954 58856
844 58857
489 58858
57 58859
716 58860
447 58861
534 58862
749 58863
935 58864
600 58865
424 58866
199 58867
482 58868
399 58869
787 58870
755 58871
670 58872
639 58873
864 58874
705 58875
367 58876
574 58877
708 58878
691 58879
670 58880
800 58881
747 58882
467 58883
829 58884
371 58885
73 58886
109 58887
394 58888
57 58889
455 58890
399 58891
86 58892
909 58893
942 58894
481 58895
25 58896
126 58897
121 58898
120 58899
240 58900
122 58901
235 58902
705 58903
926 58904
326 58905
152 58906
426 58907
7 58908
604 58909
621 58910
948 58911
990 58912
386 58913
995 58914
488 58915
130 58916
225 58917
54 58918
541 58919
630 58920
861 58921
539 58922
859 58923
13 58924
695 58925
798 58926
363 58927
176 58928
570 58929
901 58930
706 58931
461 58932
967 58933
708 58934
727 58935
716 58936
406 58937
671 58938
262 58939
838 58940
557 58941
100 58942
867 58943
900 58944
91 58945
472 58946
221 58947
917 58948
909 58949
984 58950
105 58951
865 58952
760 58953
874 58954
253 58955
116 58956
944 58957
210 58958
626 58959
782 58960
974 58961
804 58962
118 58963
660 58964
552 58965
759 58966
399 58967
653 58968
979 58969
260 58970
951 58971
60 58972
468 58973
29 58974
584 58975
570 58976
323 58977
35 58978
488 58979
34 58980
887 58981
115 58982
84 58983
615 58984
322 58985
73 58986
163 58987
946 58988
672 58989
959 58990
171 58991
3 58992
85 58993
540 58994
868 58995
505 58996
413 58997
254 58998
627 58999
897 59000
742 59001
76 59002
303 59003
407 59004
842 59005
970 59006
808 59007
784 59008
777 59009
463 59010
339 59011
220 59012
706 59013
407 59014
359 59015
731 59016
980 59017
427 59018
510 59019
708 59020
524 59021
474 59022
130 59023
237 59024
226 59025
543 59026
89 59027
771 59028
631 59029
121 59030
584 59031
154 59032
989 59033
539 59034
500 59035
955 59036
604 59037
290 59038
876 59039
206 59040
433 59041
278 59042
652 59043
214 59044
250 59045
794 59046
983 59047
850 59048
655 59049
779 59050
381 59051
787 59052
566 59053
440 59054
276 59055
22 59056
19 59057
295 59058
302 59059
312 59060
690 59061
120 59062
75 59063
792 59064
425 59065
448 59066
599 59067
324 59068
499 59069
836 59070
22 59071
387 59072
579 59073
828 59074
192 59075
899 59076
455 59077
975 59078
954 59079
107 59080
864 59081
323 59082
819 59083
544 59084
659 59085
36 59086
982 59087
813 59088
753 59089
204 59090
700 59091
124 59092
308 59093
579 59094
21 59095
100 59096
42 59097
793 59098
344 59099
630 59100
441 59101
480 59102
720 59103
492 59104
350 59105
902 59106
103 59107
776 59108
597 59109
206 59110
836 59111
165 59112
328 59113
20 59114
52 59115
407 59116
140 59117
117 59118
93 59119
872 59120
56 59121
278 59122
688 59123
699 59124
336 59125
674 59126
148 59127
496 59128
375 59129
376 59130
258 59131
237 59132
745 59133
469 59134
605 59135
886 59136
52 59137
619 59138
850 59139
943 59140
777 59141
349 59142
745 59143
588 59144
793 59145
243 59146
714 59147
952 59148
281 59149
215 59150
305 59151
855 59152
846 59153
573 59154
517 59155
237 59156
654 59157
730 59158
843 59159
7 59160
588 59161
130 59162
883 59163
69 59164
724 59165
491 59166
733 59167
308 59168
493 59169
673 59170
192 59171
225 59172
134 59173
489 59174
472 59175
80 59176
333 59177
604 59178
246 59179
684 59180
321 59181
331 59182
379 59183
955 59184
323 59185
607 59186
635 59187
505 59188
295 59189
694 59190
87 59191
409 59192
386 59193
251 59194
486 59195
752 59196
647 59197
689 59198
493 59199
23 59200
396 59201
479 59202
598 59203
585 59204
921 59205
493 59206
341 59207
281 59208
649 59209
533 59210
59 59211
728 59212
473 59213
162 59214
554 59215
639 59216
551 59217
686 59218
631 59219
396 59220
943 59221
533 59222
35 59223
282 59224
905 59225
554 59226
329 59227
142 59228
580 59229
681 59230
462 59231
281 59232
272 59233
915 59234
770 59235
104 59236
168 59237
533 59238
270 59239
717 59240
742 59241
837 59242
884 59243
151 59244
419 59245
561 59246
335 59247
561 59248
518 59249
984 59250
23 59251
42 59252
513 59253
124 59254
121 59255
612 59256
165 59257
820 59258
747 59259
103 59260
83 59261
908 59262
921 59263
511 59264
680 59265
725 59266
743 59267
537 59268
405 59269
970 59270
212 59271
263 59272
597 59273
533 59274
742 59275
71 59276
602 59277
704 59278
657 59279
32 59280
435 59281
236 59282
112 59283
429 59284
367 59285
314 59286
116 59287
889 59288
958 59289
914 59290
865 59291
161 59292
208 59293
656 59294
872 59295
407 59296
666 59297
608 59298
458 59299
764 59300
642 59301
332 59302
41 59303
977 59304
405 59305
320 59306
182 59307
456 59308
320 59309
128 59310
632 59311
877 59312
503 59313
589 59314
877 59315
450 59316
524 59317
684 59318
64 59319
622 59320
552 59321
556 59322
444 59323
360 59324
463 59325
29 59326
245 59327
324 59328
467 59329
723 59330
600 59331
697 59332
518 59333
819 59334
348 59335
728 59336
616 59337
868 59338
984 59339
655 59340
512 59341
654 59342
141 59343
809 59344
604 59345
729 59346
982 59347
225 59348
138 59349
382 59350
59 59351
169 59352
203 59353
409 59354
539 59355
418 59356
321 59357
278 59358
810 59359
693 59360
788 59361
126 59362
743 59363
185 59364
414 59365
585 59366
561 59367
643 59368
404 59369
890 59370
84 59371
973 59372
459 59373
387 59374
126 59375
469 59376
177 59377
117 59378
58 59379
773 59380
786 59381
459 59382
905 59383
14 59384
164 59385
380 59386
651 59387
516 59388
639 59389
71 59390
590 59391
114 59392
711 59393
317 59394
814 59395
888 59396
25 59397
941 59398
952 59399
111 59400
1 59401
985 59402
436 59403
871 59404
542 59405
497 59406
313 59407
906 59408
822 59409
824 59410
346 59411
535 59412
806 59413
955 59414
593 59415
189 59416
845 59417
216 59418
986 59419
589 59420
664 59421
470 59422
456 59423
184 59424
939 59425
429 59426
539 59427
41 59428
332 59429
778 59430
500 59431
256 59432
167 59433
982 59434
478 59435
570 59436
220 59437
717 59438
609 59439
331 59440
172 59441
736 59442
508 59443
521 59444
305 59445
469 59446
119 59447
793 59448
984 59449
932 59450
666 59451
367 59452
712 59453
241 59454
268 59455
278 59456
428 59457
918 59458
227 59459
768 59460
878 59461
399 59462
348 59463
289 59464
722 59465
118 59466
936 59467
660 59468
495 59469
204 59470
585 59471
70 59472
369 59473
657 59474
494 59475
869 59476
402 59477
149 59478
162 59479
126 59480
496 59481
794 59482
628 59483
350 59484
493 59485
400 59486
638 59487
544 59488
941 59489
226 59490
887 59491
41 59492
158 59493
296 59494
324 59495
783 59496
236 59497
663 59498
105 59499
337 59500
732 59501
692 59502
786 59503
25 59504
292 59505
1000 59506
47 59507
32 59508
159 59509
530 59510
425 59511
820 59512
759 59513
39 59514
672 59515
56 59516
915 59517
238 59518
550 59519
813 59520
580 59521
894 59522
800 59523
9 59524
65 59525
967 59526
440 59527
604 59528
893 59529
983 59530
451 59531
50 59532
883 59533
102 59534
376 59535
920 59536
850 59537
729 59538
60 59539
857 59540
224 59541
265 59542
760 59543
549 59544
94 59545
800 59546
767 59547
817 59548
930 59549
543 59550
403 59551
45 59552
978 59553
931 59554
302 59555
969 59556
556 59557
254 59558
134 59559
130 59560
346 59561
887 59562
75 59563
923 59564
953 59565
972 59566
871 59567
995 59568
948 59569
228 59570
361 59571
930 59572
735 59573
696 59574
282 59575
93 59576
691 59577
563 59578
371 59579
844 59580
113 59581
210 59582
551 59583
699 59584
452 59585
998 59586
529 59587
851 59588
353 59589
48 59590
191 59591
212 59592
7 59593
768 59594
413 59595
601 59596
305 59597
413 59598
775 59599
418 59600
392 59601
891 59602
222 59603
112 59604
646 59605
283 59606
602 59607
572 59608
661 59609
952 59610
44 59611
671 59612
993 59613
778 59614
477 59615
29 59616
43 59617
515 59618
688 59619
787 59620
479 59621
237 59622
199 59623
934 59624
684 59625
809 59626
606 59627
736 59628
816 59629
486 59630
153 59631
827 59632
836 59633
179 59634
612 59635
505 59636
6 59637
278 59638
344 59639
68 59640
674 59641
166 59642
594 59643
178 59644
949 59645
756 59646
911 59647
625 59648
65 59649
652 59650
900 59651
140 59652
71 59653
923 59654
167 59655
146 59656
72 59657
307 59658
713 59659
286 59660
889 59661
165 59662
401 59663
246 59664
727 59665
501 59666
821 59667
531 59668
828 59669
799 59670
524 59671
109 59672
312 59673
47 59674
981 59675
491 59676
27 59677
871 59678
800 59679
144 59680
29 59681
264 59682
379 59683
500 59684
82 59685
195 59686
648 59687
974 59688
412 59689
441 59690
818 59691
285 59692
104 59693
737 59694
920 59695
705 59696
947 59697
668 59698
569 59699
121 59700
919 59701
954 59702
836 59703
798 59704
4 59705
797 59706
615 59707
91 59708
834 59709
839 59710
428 59711
907 59712
478 59713
964 59714
898 59715
593 59716
531 59717
140 59718
454 59719
895 59720
247 59721
953 59722
439 59723
427 59724
781 59725
374 59726
165 59727
236 59728
506 59729
871 59730
739 59731
45 59732
562 59733
149 59734
260 59735
696 59736
350 59737
375 59738
736 59739
590 59740
978 59741
916 59742
858 59743
215 59744
445 59745
508 59746
556 59747
73 59748
235 59749
386 59750
658 59751
912 59752
511 59753
958 59754
974 59755
900 59756
992 59757
577 59758
222 59759
288 59760
774 59761
470 59762
589 59763
1 59764
151 59765
835 59766
438 59767
883 59768
528 59769
107 59770
238 59771
675 59772
961 59773
336 59774
795 59775
800 59776
794 59777
382 59778
149 59779
882 59780
647 59781
642 59782
752 59783
619 59784
84 59785
808 59786
551 59787
770 59788
843 59789
585 59790
818 59791
945 59792
270 59793
363 59794
888 59795
613 59796
680 59797
757 59798
739 59799
988 59800
113 59801
299 59802
845 59803
633 59804
17 59805
831 59806
890 59807
353 59808
589 59809
816 59810
92 59811
811 59812
908 59813
673 59814
918 59815
366 59816
634 59817
499 59818
413 59819
860 59820
155 59821
392 59822
455 59823
853 59824
727 59825
754 59826
37 59827
787 59828
432 59829
874 59830
184 59831
550 59832
494 59833
503 59834
542 59835
283 59836
224 59837
490 59838
452 59839
126 59840
5 59841
833 59842
418 59843
929 59844
241 59845
192 59846
811 59847
361 59848
308 59849
574 59850
65 59851
252 59852
612 59853
111 59854
179 59855
349 59856
492 59857
241 59858
615 59859
31 59860
908 59861
734 59862
205 59863
52 59864
780 59865
760 59866
736 59867
475 59868
933 59869
101 59870
337 59871
227 59872
376 59873
738 59874
15 59875
129 59876
253 59877
898 59878
398 59879
745 59880
728 59881
511 59882
353 59883
694 59884
405 59885
143 59886
671 59887
328 59888
86 59889
68 59890
71 59891
147 59892
599 59893
384 59894
849 59895
657 59896
707 59897
821 59898
784 59899
1000 59900
102 59901
548 59902
87 59903
366 59904
775 59905
732 59906
663 59907
133 59908
634 59909
911 59910
30 59911
426 59912
889 59913
92 59914
229 59915
772 59916
41 59917
775 59918
94 59919
462 59920
584 59921
986 59922
161 59923
411 59924
580 59925
460 59926
123 59927
525 59928
901 59929
844 59930
347 59931
769 59932
767 59933
834 59934
395 59935
866 59936
632 59937
670 59938
667 59939
424 59940
734 59941
691 59942
643 59943
262 59944
391 59945
198 59946
777 59947
374 59948
542 59949
451 59950
48 59951
639 59952
895 59953
527 59954
261 59955
486 59956
266 59957
339 59958
155 59959
847 59960
21 59961
261 59962
378 59963
534 59964
487 59965
426 59966
407 59967
854 59968
607 59969
550 59970
141 59971
266 59972
756 59973
906 59974
855 59975
125 59976
904 59977
678 59978
625 59979
813 59980
286 59981
630 59982
153 59983
504 59984
904 59985
184 59986
610 59987
298 59988
751 59989
636 59990
30 59991
18 59992
750 59993
353 59994
510 59995
427 59996
834 59997
948 59998
130 59999
991 60000
386 60001
978 60002
422 60003
917 60004
754 60005
143 60006
633 60007
883 60008
370 60009
406 60010
398 60011
430 60012
876 60013
975 60014
555 60015
22 60016
711 60017
84 60018
617 60019
769 60020
605 60021
948 60022
765 60023
642 60024
314 60025
850 60026
533 60027
687 60028
537 60029
238 60030
332 60031
213 60032
403 60033
924 60034
865 60035
276 60036
388 60037
254 60038
489 60039
703 60040
111 60041
210 60042
30 60043
226 60044
506 60045
560 60046
755 60047
179 60048
342 60049
429 60050
240 60051
607 60052
812 60053
31 60054
811 60055
716 60056
901 60057
536 60058
830 60059
893 60060
170 60061
618 60062
98 60063
243 60064
251 60065
419 60066
635 60067
913 60068
592 60069
1000 60070
926 60071
653 60072
114 60073
229 60074
65 60075
378 60076
457 60077
608 60078
765 60079
405 60080
414 60081
833 60082
839 60083
532 60084
430 60085
700 60086
199 60087
375 60088
448 60089
711 60090
514 60091
384 60092
383 60093
28 60094
36 60095
266 60096
836 60097
502 60098
744 60099
193 60100
719 60101
501 60102
423 60103
418 60104
56 60105
672 60106
345 60107
101 60108
221 60109
705 60110
914 60111
89 60112
13 60113
878 60114
290 60115
965 60116
588 60117
586 60118
54 60119
61 60120
877 60121
830 60122
280 60123
65 60124
883 60125
351 60126
111 60127
743 60128
95 60129
589 60130
171 60131
531 60132
299 60133
525 60134
897 60135
470 60136
196 60137
227 60138
641 60139
703 60140
512 60141
376 60142
73 60143
8 60144
381 60145
976 60146
980 60147
202 60148
957 60149
371 60150
432 60151
340 60152
838 60153
529 60154
117 60155
821 60156
400 60157
815 60158
932 60159
821 60160
586 60161
246 60162
251 60163
734 60164
662 60165
910 60166
422 60167
398 60168
90 60169
940 60170
961 60171
312 60172
622 60173
61 60174
453 60175
315 60176
487 60177
693 60178
497 60179
289 60180
659 60181
596 60182
996 60183
714 60184
141 60185
575 60186
943 60187
174 60188
881 60189
297 60190
318 60191
770 60192
601 60193
387 60194
703 60195
576 60196
162 60197
914 60198
793 60199
14 60200
959 60201
119 60202
664 60203
421 60204
659 60205
62 60206
413 60207
357 60208
966 60209
349 60210
232 60211
185 60212
280 60213
136 60214
284 60215
549 60216
570 60217
812 60218
933 60219
494 60220
176 60221
765 60222
990 60223
786 60224
198 60225
961 60226
258 60227
543 60228
312 60229
183 60230
172 60231
943 60232
310 60233
758 60234
647 60235
271 60236
726 60237
311 60238
250 60239
559 60240
301 60241
688 60242
273 60243
36 60244
16 60245
621 60246
571 60247
424 60248
911 60249
91 60250
654 60251
524 60252
173 60253
73 60254
932 60255
336 60256
656 60257
538 60258
624 60259
7 60260
246 60261
583 60262
13 60263
473 60264
248 60265
630 60266
234 60267
297 60268
50 60269
546 60270
333 60271
274 60272
825 60273
900 60274
389 60275
575 60276
785 60277
431 60278
15 60279
720 60280
23 60281
509 60282
883 60283
394 60284
218 60285
496 60286
860 60287
713 60288
858 60289
545 60290
405 60291
579 60292
745 60293
238 60294
63 60295
874 60296
204 60297
740 60298
823 60299
507 60300
730 60301
978 60302
499 60303
359 60304
921 60305
421 60306
750 60307
296 60308
570 60309
912 60310
93 60311
42 60312
154 60313
465 60314
236 60315
184 60316
60 60317
624 60318
460 60319
289 60320
245 60321
698 60322
679 60323
110 60324
745 60325
606 60326
304 60327
715 60328
790 60329
155 60330
321 60331
174 60332
217 60333
96 60334
235 60335
68 60336
967 60337
411 60338
715 60339
451 60340
311 60341
649 60342
784 60343
615 60344
861 60345
287 60346
595 60347
842 60348
869 60349
280 60350
272 60351
250 60352
187 60353
206 60354
770 60355
477 60356
539 60357
681 60358
399 60359
765 60360
574 60361
412 60362
843 60363
681 60364
5 60365
526 60366
926 60367
569 60368
261 60369
885 60370
130 60371
812 60372
954 60373
344 60374
546 60375
717 60376
594 60377
333 60378
481 60379
530 60380
30 60381
308 60382
588 60383
107 60384
471 60385
446 60386
45 60387
585 60388
979 60389
568 60390
319 60391
951 60392
69 60393
252 60394
814 60395
435 60396
337 60397
682 60398
602 60399
101 60400
230 60401
308 60402
876 60403
681 60404
381 60405
464 60406
28 60407
438 60408
166 60409
253 60410
832 60411
670 60412
231 60413
890 60414
77 60415
355 60416
619 60417
27 60418
24 60419
987 60420
803 60421
106 60422
632 60423
572 60424
859 60425
290 60426
698 60427
896 60428
510 60429
470 60430
989 60431
192 60432
611 60433
35 60434
343 60435
400 60436
673 60437
655 60438
738 60439
731 60440
314 60441
315 60442
789 60443
960 60444
474 60445
898 60446
82 60447
919 60448
333 60449
919 60450
59 60451
940 60452
758 60453
397 60454
583 60455
962 60456
249 60457
444 60458
490 60459
744 60460
479 60461
810 60462
714 60463
323 60464
135 60465
514 60466
192 60467
259 60468
689 60469
690 60470
665 60471
289 60472
224 60473
843 60474
257 60475
966 60476
327 60477
237 60478
588 60479
995 60480
548 60481
185 60482
867 60483
85 60484
606 60485
486 60486
306 60487
385 60488
685 60489
9 60490
563 60491
175 60492
624 60493
138 60494
59 60495
805 60496
329 60497
983 60498
98 60499
670 60500
465 60501
83 60502
458 60503
48 60504
330 60505
130 60506
792 60507
752 60508
838 60509
295 60510
327 60511
221 60512
936 60513
96 60514
888 60515
825 60516
582 60517
816 60518
593 60519
705 60520
872 60521
979 60522
211 60523
296 60524
201 60525
679 60526
721 60527
752 60528
721 60529
770 60530
872 60531
243 60532
697 60533
474 60534
145 60535
379 60536
260 60537
533 60538
950 60539
191 60540
625 60541
511 60542
585 60543
613 60544
104 60545
935 60546
512 60547
910 60548
319 60549
489 60550
162 60551
240 60552
185 60553
580 60554
769 60555
842 60556
851 60557
1000 60558
705 60559
990 60560
720 60561
356 60562
147 60563
106 60564
371 60565
918 60566
995 60567
865 60568
368 60569
809 60570
226 60571
302 60572
124 60573
199 60574
398 60575
352 60576
972 60577
960 60578
634 60579
130 60580
113 60581
201 60582
94 60583
316 60584
990 60585
824 60586
670 60587
587 60588
180 60589
285 60590
680 60591
639 60592
424 60593
53 60594
969 60595
644 60596
259 60597
968 60598
726 60599
981 60600
737 60601
738 60602
73 60603
48 60604
414 60605
849 60606
849 60607
728 60608
140 60609
325 60610
352 60611
146 60612
765 60613
210 60614
519 60615
740 60616
478 60617
37 60618
691 60619
167 60620
165 60621
570 60622
380 60623
242 60624
881 60625
850 60626
249 60627
710 60628
826 60629
898 60630
93 60631
78 60632
934 60633
500 60634
66 60635
904 60636
968 60637
798 60638
697 60639
717 60640
198 60641
650 60642
796 60643
451 60644
57 60645
975 60646
125 60647
697 60648
772 60649
954 60650
989 60651
363 60652
316 60653
613 60654
810 60655
660 60656
569 60657
894 60658
176 60659
157 60660
375 60661
905 60662
337 60663
159 60664
490 60665
716 60666
624 60667
375 60668
88 60669
32 60670
843 60671
547 60672
451 60673
330 60674
741 60675
366 60676
453 60677
49 60678
241 60679
665 60680
14 60681
164 60682
843 60683
708 60684
606 60685
84 60686
617 60687
735 60688
18 60689
208 60690
145 60691
826 60692
937 60693
906 60694
807 60695
959 60696
479 60697
383 60698
60 60699
176 60700
885 60701
302 60702
471 60703
771 60704
984 60705
193 60706
669 60707
896 60708
881 60709
580 60710
556 60711
936 60712
382 60713
542 60714
273 60715
245 60716
886 60717
36 60718
720 60719
115 60720
931 60721
528 60722
592 60723
492 60724
149 60725
716 60726
775 60727
292 60728
424 60729
581 60730
14 60731
624 60732
902 60733
911 60734
589 60735
685 60736
438 60737
688 60738
435 60739
723 60740
224 60741
564 60742
953 60743
906 60744
287 60745
869 60746
870 60747
195 60748
762 60749
249 60750
654 60751
769 60752
57 60753
319 60754
843 60755
367 60756
623 60757
226 60758
512 60759
931 60760
906 60761
352 60762
635 60763
841 60764
598 60765
710 60766
625 60767
74 60768
916 60769
713 60770
36 60771
838 60772
631 60773
212 60774
214 60775
588 60776
568 60777
381 60778
663 60779
41 60780
873 60781
299 60782
4 60783
223 60784
446 60785
787 60786
100 60787
76 60788
245 60789
386 60790
45 60791
170 60792
315 60793
846 60794
6 60795
333 60796
977 60797
919 60798
779 60799
104 60800
230 60801
43 60802
658 60803
901 60804
486 60805
951 60806
236 60807
504 60808
304 60809
481 60810
628 60811
108 60812
548 60813
520 60814
996 60815
787 60816
242 60817
994 60818
623 60819
758 60820
244 60821
283 60822
958 60823
783 60824
132 60825
780 60826
218 60827
733 60828
969 60829
766 60830
935 60831
400 60832
439 60833
879 60834
993 60835
736 60836
493 60837
236 60838
954 60839
520 60840
176 60841
761 60842
438 60843
604 60844
582 60845
81 60846
271 60847
362 60848
667 60849
386 60850
496 60851
481 60852
312 60853
953 60854
994 60855
163 60856
98 60857
821 60858
348 60859
633 60860
650 60861
988 60862
733 60863
938 60864
636 60865
61 60866
746 60867
52 60868
709 60869
229 60870
663 60871
975 60872
261 60873
764 60874
778 60875
698 60876
595 60877
870 60878
159 60879
709 60880
682 60881
551 60882
937 60883
110 60884
857 60885
14 60886
141 60887
834 60888
608 60889
895 60890
709 60891
860 60892
833 60893
534 60894
637 60895
769 60896
230 60897
945 60898
816 60899
733 60900
538 60901
388 60902
746 60903
199 60904
840 60905
194 60906
928 60907
190 60908
562 60909
525 60910
522 60911
623 60912
566 60913
448 60914
529 60915
475 60916
71 60917
348 60918
543 60919
899 60920
910 60921
941 60922
576 60923
276 60924
234 60925
111 60926
177 60927
293 60928
411 60929
656 60930
420 60931
260 60932
869 60933
487 60934
998 60935
581 60936
211 60937
190 60938
315 60939
120 60940
695 60941
573 60942
53 60943
458 60944
934 60945
985 60946
453 60947
39 60948
392 60949
845 60950
216 60951
32 60952
443 60953
616 60954
258 60955
468 60956
910 60957
438 60958
227 60959
668 60960
881 60961
110 60962
463 60963
30 60964
49 60965
959 60966
532 60967
49 60968
873 60969
525 60970
479 60971
810 60972
313 60973
413 60974
671 60975
13 60976
393 60977
397 60978
741 60979
850 60980
987 60981
653 60982
136 60983
687 60984
429 60985
893 60986
78 60987
68 60988
867 60989
293 60990
617 60991
728 60992
226 60993
554 60994
848 60995
946 60996
815 60997
892 60998
8 60999
107 61000
514 61001
52 61002
27 61003
794 61004
875 61005
937 61006
401 61007
999 61008
458 61009
769 61010
814 61011
382 61012
667 61013
146 61014
367 61015
648 61016
782 61017
963 61018
542 61019
211 61020
157 61021
918 61022
524 61023
968 61024
553 61025
347 61026
571 61027
833 61028
316 61029
440 61030
274 61031
621 61032
125 61033
512 61034
970 61035
198 61036
994 61037
122 61038
403 61039
816 61040
755 61041
276 61042
114 61043
303 61044
373 61045
497 61046
813 61047
388 61048
445 61049
42 61050
108 61051
684 61052
569 61053
543 61054
820 61055
538 61056
387 61057
171 61058
21 61059
582 61060
467 61061
561 61062
850 61063
846 61064
480 61065
350 61066
778 61067
907 61068
519 61069
367 61070
360 61071
657 61072
662 61073
405 61074
42 61075
320 61076
385 61077
660 61078
770 61079
856 61080
556 61081
67 61082
159 61083
6 61084
344 61085
39 61086
799 61087
236 61088
300 61089
653 61090
518 61091
94 61092
782 61093
598 61094
845 61095
938 61096
588 61097
290 61098
827 61099
969 61100
311 61101
178 61102
290 61103
625 61104
343 61105
454 61106
487 61107
883 61108
497 61109
676 61110
940 61111
941 61112
15 61113
546 61114
833 61115
890 61116
56 61117
901 61118
75 61119
582 61120
908 61121
490 61122
878 61123
643 61124
144 61125
558 61126
779 61127
877 61128
663 61129
260 61130
313 61131
233 61132
860 61133
393 61134
928 61135
425 61136
299 61137
502 61138
966 61139
670 61140
893 61141
4 61142
825 61143
885 61144
844 61145
162 61146
693 61147
526 61148
81 61149
688 61150
595 61151
863 61152
691 61153
146 61154
977 61155
74 61156
643 61157
877 61158
201 61159
779 61160
575 61161
213 61162
238 61163
514 61164
714 61165
428 61166
286 61167
907 61168
817 61169
625 61170
764 61171
295 61172
335 61173
49 61174
995 61175
465 61176
520 61177
342 61178
566 61179
717 61180
128 61181
926 61182
50 61183
917 61184
153 61185
484 61186
391 61187
61 61188
874 61189
16 61190
847 61191
787 61192
890 61193
411 61194
158 61195
722 61196
565 61197
401 61198
845 61199
346 61200
10 61201
547 61202
11 61203
241 61204
259 61205
389 61206
256 61207
425 61208
755 61209
249 61210
259 61211
955 61212
388 61213
201 61214
483 61215
3 61216
404 61217
83 61218
975 61219
469 61220
476 61221
136 61222
554 61223
314 61224
596 61225
983 61226
864 61227
920 61228
661 61229
453 61230
136 61231
292 61232
961 61233
211 61234
781 61235
424 61236
707 61237
242 61238
16 61239
829 61240
843 61241
625 61242
825 61243
690 61244
514 61245
71 61246
455 61247
214 61248
798 61249
172 61250
892 61251
691 61252
450 61253
528 61254
256 61255
785 61256
50 61257
55 61258
811 61259
107 61260
976 61261
37 61262
782 61263
966 61264
277 61265
424 61266
118 61267
813 61268
739 61269
711 61270
345 61271
962 61272
20 61273
902 61274
936 61275
853 61276
702 61277
23 61278
799 61279
888 61280
811 61281
468 61282
411 61283
707 61284
905 61285
375 61286
272 61287
373 61288
597 61289
555 61290
30 61291
718 61292
358 61293
554 61294
173 61295
129 61296
493 61297
728 61298
821 61299
774 61300
331 61301
934 61302
486 61303
375 61304
427 61305
283 61306
295 61307
173 61308
512 61309
56 61310
505 61311
553 61312
252 61313
15 61314
971 61315
136 61316
868 61317
73 61318
389 61319
449 61320
163 61321
533 61322
510 61323
669 61324
324 61325
533 61326
117 61327
486 61328
300 61329
222 61330
385 61331
230 61332
758 61333
239 61334
68 61335
199 61336
178 61337
760 61338
290 61339
749 61340
543 61341
536 61342
543 61343
150 61344
601 61345
830 61346
834 61347
92 61348
76 61349
326 61350
687 61351
372 61352
963 61353
662 61354
234 61355
382 61356
124 61357
648 61358
653 61359
134 61360
650 61361
391 61362
577 61363
305 61364
746 61365
240 61366
901 61367
742 61368
215 61369
914 61370
242 61371
426 61372
44 61373
648 61374
529 61375
786 61376
479 61377
196 61378
41 61379
552 61380
622 61381
129 61382
438 61383
37 61384
160 61385
632 61386
63 61387
529 61388
641 61389
953 61390
659 61391
887 61392
496 61393
98 61394
121 61395
682 61396
780 61397
75 61398
608 61399
291 61400
785 61401
734 61402
536 61403
805 61404
991 61405
665 61406
943 61407
284 61408
588 61409
559 61410
583 61411
159 61412
311 61413
822 61414
794 61415
529 61416
560 61417
804 61418
459 61419
804 61420
780 61421
154 61422
447 61423
515 61424
707 61425
22 61426
757 61427
466 61428
101 61429
92 61430
439 61431
725 61432
857 61433
679 61434
874 61435
221 61436
385 61437
505 61438
278 61439
267 61440
462 61441
707 61442
575 61443
739 61444
82 61445
171 61446
967 61447
19 61448
164 61449
54 61450
22 61451
698 61452
308 61453
791 61454
546 61455
688 61456
432 61457
245 61458
106 61459
477 61460
976 61461
626 61462
102 61463
701 61464
474 61465
949 61466
759 61467
893 61468
884 61469
69 61470
355 61471
955 61472
598 61473
722 61474
309 61475
947 61476
662 61477
207 61478
928 61479
268 61480
947 61481
965 61482
332 61483
832 61484
291 61485
530 61486
697 61487
846 61488
502 61489
140 61490
774 61491
206 61492
313 61493
665 61494
641 61495
800 61496
407 61497
281 61498
448 61499
547 61500
470 61501
744 61502
326 61503
657 61504
21 61505
36 61506
164 61507
64 61508
740 61509
299 61510
686 61511
530 61512
679 61513
978 61514
238 61515
351 61516
938 61517
944 61518
233 61519
858 61520
440 61521
358 61522
804 61523
496 61524
673 61525
191 61526
978 61527
934 61528
734 61529
219 61530
680 61531
823 61532
103 61533
835 61534
661 61535
991 61536
642 61537
400 61538
303 61539
243 61540
890 61541
263 61542
127 61543
114 61544
2 61545
715 61546
732 61547
289 61548
923 61549
661 61550
157 61551
595 61552
77 61553
397 61554
587 61555
417 61556
559 61557
393 61558
891 61559
472 61560
699 61561
527 61562
170 61563
379 61564
800 61565
73 61566
194 61567
369 61568
974 61569
836 61570
971 61571
606 61572
63 61573
767 61574
906 61575
641 61576
196 61577
454 61578
279 61579
511 61580
448 61581
629 61582
139 61583
287 61584
969 61585
526 61586
522 61587
690 61588
129 61589
977 61590
227 61591
921 61592
765 61593
132 61594
524 61595
833 61596
985 61597
292 61598
126 61599
883 61600
573 61601
229 61602
11 61603
53 61604
534 61605
766 61606
308 61607
560 61608
147 61609
595 61610
911 61611
682 61612
775 61613
361 61614
621 61615
295 61616
688 61617
760 61618
927 61619
648 61620
322 61621
333 61622
553 61623
29 61624
209 61625
165 61626
308 61627
911 61628
261 61629
705 61630
915 61631
521 61632
104 61633
839 61634
719 61635
580 61636
393 61637
209 61638
879 61639
210 61640
469 61641
912 61642
582 61643
139 61644
614 61645
759 61646
758 61647
356 61648
997 61649
347 61650
671 61651
161 61652
333 61653
408 61654
369 61655
351 61656
149 61657
679 61658
480 61659
414 61660
495 61661
189 61662
553 61663
518 61664
642 61665
568 61666
955 61667
209 61668
955 61669
119 61670
56 61671
842 61672
932 61673
411 61674
390 61675
469 61676
917 61677
815 61678
526 61679
654 61680
538 61681
352 61682
736 61683
933 61684
425 61685
533 61686
716 61687
79 61688
831 61689
123 61690
91 61691
403 61692
277 61693
3 61694
243 61695
537 61696
39 61697
283 61698
26 61699
351 61700
214 61701
464 61702
503 61703
991 61704
790 61705
518 61706
798 61707
661 61708
101 61709
806 61710
959 61711
217 61712
47 61713
164 61714
162 61715
74 61716
368 61717
970 61718
865 61719
852 61720
620 61721
799 61722
863 61723
508 61724
750 61725
17 61726
536 61727
803 61728
263 61729
804 61730
314 61731
677 61732
570 61733
997 61734
168 61735
734 61736
805 61737
927 61738
433 61739
353 61740
502 61741
605 61742
252 61743
588 61744
267 61745
422 61746
192 61747
179 61748
340 61749
764 61750
769 61751
498 61752
278 61753
167 61754
101 61755
616 61756
688 61757
217 61758
683 61759
518 61760
785 61761
493 61762
627 61763
548 61764
373 61765
830 61766
442 61767
849 61768
827 61769
88 61770
459 61771
995 61772
719 61773
497 61774
322 61775
477 61776
852 61777
21 61778
113 61779
190 61780
90 61781
885 61782
588 61783
913 61784
747 61785
762 61786
435 61787
485 61788
21 61789
915 61790
891 61791
421 61792
196 61793
722 61794
449 61795
267 61796
765 61797
524 61798
557 61799
896 61800
815 61801
572 61802
881 61803
735 61804
801 61805
663 61806
318 61807
825 61808
969 61809
79 61810
647 61811
657 61812
986 61813
106 61814
354 61815
883 61816
191 61817
32 61818
745 61819
159 61820
34 61821
61 61822
29 61823
126 61824
705 61825
5 61826
321 61827
698 61828
833 61829
919 61830
338 61831
802 61832
383 61833
454 61834
379 61835
337 61836
399 61837
237 61838
65 61839
582 61840
233 61841
524 61842
907 61843
587 61844
441 61845
26 61846
238 61847
999 61848
470 61849
843 61850
3 61851
906 61852
265 61853
580 61854
200 61855
185 61856
964 61857
317 61858
661 61859
600 61860
64 61861
492 61862
676 61863
737 61864
796 61865
792 61866
621 61867
492 61868
315 61869
179 61870
387 61871
14 61872
864 61873
59 61874
58 61875
851 61876
488 61877
817 61878
567 61879
290 61880
791 61881
520 61882
962 61883
511 61884
966 61885
205 61886
405 61887
795 61888
767 61889
106 61890
892 61891
367 61892
490 61893
897 61894
875 61895
701 61896
674 61897
964 61898
673 61899
22 61900
765 61901
357 61902
45 61903
390 61904
986 61905
169 61906
258 61907
458 61908
847 61909
624 61910
835 61911
79 61912
641 61913
932 61914
715 61915
256 61916
865 61917
184 61918
921 61919
708 61920
408 61921
368 61922
833 61923
543 61924
775 61925
311 61926
143 61927
134 61928
844 61929
433 61930
426 61931
872 61932
475 61933
798 61934
708 61935
507 61936
277 61937
295 61938
182 61939
263 61940
653 61941
320 61942
468 61943
229 61944
783 61945
126 61946
565 61947
961 61948
926 61949
241 61950
12 61951
920 61952
580 61953
626 61954
624 61955
815 61956
375 61957
801 61958
418 61959
172 61960
359 61961
276 61962
574 61963
756 61964
251 61965
188 61966
542 61967
427 61968
549 61969
659 61970
963 61971
590 61972
279 61973
26 61974
881 61975
66 61976
43 61977
627 61978
963 61979
917 61980
851 61981
881 61982
442 61983
834 61984
224 61985
200 61986
809 61987
83 61988
287 61989
35 61990
951 61991
991 61992
912 61993
563 61994
988 61995
63 61996
419 61997
89 61998
643 61999
583 62000
856 62001
239 62002
322 62003
493 62004
906 62005
427 62006
337 62007
107 62008
886 62009
565 62010
238 62011
430 62012
996 62013
453 62014
767 62015
492 62016
233 62017
468 62018
341 62019
795 62020
612 62021
131 62022
622 62023
193 62024
984 62025
331 62026
307 62027
874 62028
559 62029
775 62030
376 62031
698 62032
797 62033
602 62034
34 62035
637 62036
481 62037
25 62038
396 62039
425 62040
411 62041
792 62042
725 62043
459 62044
970 62045
345 62046
14 62047
98 62048
436 62049
920 62050
355 62051
747 62052
63 62053
141 62054
53 62055
880 62056
422 62057
375 62058
173 62059
60 62060
15 62061
142 62062
205 62063
84 62064
225 62065
798 62066
306 62067
868 62068
390 62069
709 62070
111 62071
10 62072
624 62073
957 62074
671 62075
115 62076
800 62077
153 62078
80 62079
746 62080
777 62081
166 62082
846 62083
695 62084
753 62085
661 62086
405 62087
500 62088
737 62089
215 62090
146 62091
586 62092
850 62093
572 62094
967 62095
363 62096
749 62097
990 62098
132 62099
708 62100
943 62101
419 62102
770 62103
187 62104
968 62105
212 62106
141 62107
457 62108
461 62109
429 62110
598 62111
162 62112
272 62113
92 62114
760 62115
968 62116
796 62117
635 62118
995 62119
735 62120
873 62121
965 62122
166 62123
94 62124
420 62125
770 62126
870 62127
279 62128
375 62129
705 62130
482 62131
314 62132
94 62133
62 62134
937 62135
627 62136
410 62137
951 62138
288 62139
261 62140
487 62141
125 62142
931 62143
419 62144
258 62145
791 62146
394 62147
155 62148
283 62149
993 62150
932 62151
8 62152
212 62153
980 62154
826 62155
228 62156
841 62157
957 62158
896 62159
210 62160
428 62161
67 62162
148 62163
885 62164
607 62165
797 62166
394 62167
458 62168
716 62169
442 62170
545 62171
306 62172
780 62173
469 62174
137 62175
326 62176
751 62177
301 62178
68 62179
477 62180
511 62181
431 62182
886 62183
761 62184
374 62185
622 62186
132 62187
842 62188
430 62189
86 62190
524 62191
165 62192
957 62193
845 62194
967 62195
1000 62196
223 62197
232 62198
125 62199
158 62200
588 62201
421 62202
889 62203
905 62204
634 62205
856 62206
859 62207
600 62208
597 62209
469 62210
859 62211
181 62212
604 62213
902 62214
121 62215
704 62216
878 62217
304 62218
556 62219
847 62220
610 62221
324 62222
69 62223
337 62224
753 62225
777 62226
581 62227
344 62228
401 62229
554 62230
543 62231
482 62232
879 62233
797 62234
344 62235
133 62236
299 62237
610 62238
770 62239
759 62240
578 62241
155 62242
266 62243
159 62244
803 62245
979 62246
854 62247
290 62248
135 62249
385 62250
65 62251
715 62252
973 62253
963 62254
541 62255
219 62256
852 62257
539 62258
203 62259
166 62260
991 62261
715 62262
893 62263
18 62264
286 62265
919 62266
166 62267
403 62268
995 62269
353 62270
964 62271
37 62272
500 62273
872 62274
275 62275
418 62276
318 62277
297 62278
187 62279
298 62280
261 62281
942 62282
351 62283
717 62284
565 62285
811 62286
574 62287
680 62288
159 62289
918 62290
441 62291
791 62292
754 62293
611 62294
8 62295
169 62296
429 62297
957 62298
576 62299
250 62300
819 62301
758 62302
556 62303
821 62304
270 62305
263 62306
199 62307
356 62308
335 62309
322 62310
120 62311
883 62312
965 62313
910 62314
945 62315
428 62316
842 62317
884 62318
212 62319
55 62320
728 62321
228 62322
346 62323
784 62324
678 62325
595 62326
107 62327
528 62328
836 62329
61 62330
678 62331
758 62332
362 62333
534 62334
287 62335
125 62336
874 62337
384 62338
340 62339
811 62340
893 62341
764 62342
294 62343
979 62344
96 62345
670 62346
698 62347
415 62348
480 62349
475 62350
891 62351
977 62352
450 62353
311 62354
338 62355
978 62356
666 62357
825 62358
183 62359
176 62360
271 62361
726 62362
657 62363
622 62364
313 62365
321 62366
602 62367
829 62368
147 62369
8 62370
843 62371
610 62372
398 62373
838 62374
747 62375
458 62376
207 62377
782 62378
491 62379
952 62380
434 62381
339 62382
61 62383
501 62384
648 62385
886 62386
233 62387
60 62388
359 62389
907 62390
449 62391
254 62392
104 62393
422 62394
948 62395
842 62396
421 62397
263 62398
51 62399
294 62400
136 62401
260 62402
118 62403
513 62404
63 62405
79 62406
761 62407
893 62408
749 62409
491 62410
148 62411
546 62412
356 62413
263 62414
38 62415
107 62416
81 62417
904 62418
312 62419
102 62420
907 62421
175 62422
751 62423
79 62424
905 62425
276 62426
989 62427
600 62428
483 62429
836 62430
370 62431
115 62432
142 62433
415 62434
412 62435
637 62436
609 62437
671 62438
501 62439
109 62440
876 62441
561 62442
667 62443
20 62444
123 62445
790 62446
574 62447
156 62448
210 62449
692 62450
785 62451
568 62452
633 62453
58 62454
221 62455
432 62456
620 62457
581 62458
73 62459
357 62460
253 62461
957 62462
669 62463
353 62464
702 62465
53 62466
932 62467
418 62468
369 62469
711 62470
468 62471
113 62472
134 62473
782 62474
882 62475
280 62476
750 62477
596 62478
129 62479
660 62480
6 62481
232 62482
6 62483
280 62484
848 62485
249 62486
268 62487
320 62488
250 62489
576 62490
726 62491
222 62492
788 62493
33 62494
83 62495
86 62496
55 62497
181 62498
587 62499
357 62500
720 62501
754 62502
166 62503
269 62504
70 62505
908 62506
589 62507
611 62508
730 62509
384 62510
585 62511
346 62512
212 62513
156 62514
898 62515
850 62516
148 62517
796 62518
479 62519
45 62520
382 62521
377 62522
141 62523
201 62524
155 62525
688 62526
904 62527
513 62528
12 62529
273 62530
457 62531
795 62532
236 62533
358 62534
507 62535
599 62536
260 62537
952 62538
992 62539
349 62540
954 62541
936 62542
505 62543
669 62544
824 62545
716 62546
928 62547
115 62548
927 62549
67 62550
959 62551
300 62552
156 62553
507 62554
852 62555
359 62556
937 62557
963 62558
4 62559
154 62560
347 62561
632 62562
763 62563
524 62564
434 62565
507 62566
462 62567
889 62568
509 62569
680 62570
92 62571
423 62572
659 62573
699 62574
492 62575
376 62576
296 62577
559 62578
722 62579
317 62580
481 62581
189 62582
538 62583
318 62584
304 62585
764 62586
231 62587
625 62588
40 62589
85 62590
807 62591
114 62592
870 62593
61 62594
366 62595
798 62596
464 62597
700 62598
41 62599
145 62600
595 62601
581 62602
855 62603
653 62604
697 62605
424 62606
134 62607
753 62608
546 62609
137 62610
990 62611
530 62612
450 62613
436 62614
979 62615
774 62616
327 62617
936 62618
625 62619
322 62620
983 62621
589 62622
78 62623
501 62624
296 62625
762 62626
636 62627
28 62628
979 62629
289 62630
423 62631
684 62632
759 62633
766 62634
751 62635
763 62636
292 62637
615 62638
998 62639
750 62640
658 62641
673 62642
580 62643
71 62644
77 62645
311 62646
190 62647
322 62648
784 62649
509 62650
378 62651
364 62652
824 62653
521 62654
199 62655
824 62656
759 62657
237 62658
923 62659
656 62660
534 62661
310 62662
260 62663
92 62664
900 62665
62 62666
341 62667
599 62668
51 62669
168 62670
98 62671
855 62672
509 62673
997 62674
434 62675
994 62676
392 62677
963 62678
135 62679
129 62680
726 62681
325 62682
130 62683
312 62684
292 62685
30 62686
586 62687
714 62688
59 62689
630 62690
889 62691
629 62692
490 62693
743 62694
610 62695
42 62696
619 62697
622 62698
357 62699
562 62700
486 62701
187 62702
229 62703
764 62704
587 62705
347 62706
839 62707
855 62708
10 62709
987 62710
832 62711
196 62712
683 62713
685 62714
473 62715
745 62716
257 62717
752 62718
506 62719
878 62720
374 62721
87 62722
164 62723
658 62724
268 62725
531 62726
667 62727
638 62728
221 62729
828 62730
25 62731
371 62732
825 62733
237 62734
414 62735
128 62736
975 62737
86 62738
268 62739
174 62740
654 62741
376 62742
169 62743
798 62744
810 62745
162 62746
619 62747
978 62748
278 62749
192 62750
4 62751
20 62752
512 62753
506 62754
730 62755
73 62756
264 62757
495 62758
644 62759
122 62760
759 62761
363 62762
521 62763
104 62764
868 62765
661 62766
993 62767
155 62768
365 62769
805 62770
888 62771
116 62772
858 62773
348 62774
163 62775
344 62776
271 62777
392 62778
942 62779
15 62780
425 62781
813 62782
748 62783
575 62784
79 62785
330 62786
22 62787
497 62788
390 62789
217 62790
325 62791
501 62792
212 62793
84 62794
584 62795
883 62796
70 62797
126 62798
279 62799
925 62800
410 62801
300 62802
302 62803
246 62804
344 62805
264 62806
641 62807
281 62808
633 62809
204 62810
500 62811
762 62812
509 62813
504 62814
643 62815
86 62816
112 62817
233 62818
331 62819
919 62820
279 62821
840 62822
466 62823
263 62824
361 62825
542 62826
326 62827
908 62828
983 62829
96 62830
217 62831
795 62832
820 62833
114 62834
797 62835
738 62836
675 62837
790 62838
673 62839
39 62840
810 62841
948 62842
451 62843
420 62844
167 62845
194 62846
352 62847
881 62848
199 62849
786 62850
232 62851
502 62852
737 62853
763 62854
82 62855
586 62856
815 62857
425 62858
196 62859
429 62860
25 62861
113 62862
85 62863
825 62864
161 62865
325 62866
326 62867
943 62868
174 62869
212 62870
417 62871
570 62872
211 62873
863 62874
599 62875
638 62876
426 62877
869 62878
817 62879
393 62880
59 62881
348 62882
122 62883
159 62884
150 62885
8 62886
368 62887
413 62888
482 62889
191 62890
958 62891
552 62892
591 62893
807 62894
825 62895
139 62896
154 62897
508 62898
948 62899
415 62900
454 62901
254 62902
370 62903
298 62904
461 62905
837 62906
502 62907
72 62908
554 62909
929 62910
95 62911
986 62912
261 62913
133 62914
460 62915
405 62916
643 62917
497 62918
559 62919
313 62920
686 62921
516 62922
45 62923
116 62924
891 62925
906 62926
133 62927
546 62928
49 62929
127 62930
366 62931
538 62932
12 62933
719 62934
65 62935
145 62936
938 62937
422 62938
950 62939
10 62940
130 62941
785 62942
995 62943
99 62944
966 62945
532 62946
328 62947
911 62948
542 62949
862 62950
198 62951
642 62952
292 62953
239 62954
698 62955
884 62956
259 62957
202 62958
319 62959
266 62960
659 62961
822 62962
766 62963
782 62964
385 62965
57 62966
321 62967
786 62968
453 62969
905 62970
368 62971
438 62972
838 62973
483 62974
810 62975
436 62976
872 62977
579 62978
240 62979
642 62980
34 62981
259 62982
197 62983
947 62984
374 62985
81 62986
543 62987
425 62988
978 62989
114 62990
693 62991
745 62992
244 62993
208 62994
151 62995
379 62996
397 62997
280 62998
189 62999
719 63000
810 63001
177 63002
577 63003
309 63004
220 63005
679 63006
101 63007
161 63008
276 63009
99 63010
912 63011
841 63012
679 63013
469 63014
330 63015
558 63016
242 63017
99 63018
638 63019
768 63020
670 63021
247 63022
596 63023
441 63024
235 63025
919 63026
355 63027
792 63028
468 63029
449 63030
20 63031
814 63032
259 63033
696 63034
958 63035
360 63036
173 63037
612 63038
673 63039
263 63040
783 63041
157 63042
230 63043
550 63044
57 63045
759 63046
601 63047
368 63048
138 63049
927 63050
371 63051
126 63052
544 63053
542 63054
566 63055
511 63056
644 63057
921 63058
996 63059
770 63060
786 63061
117 63062
869 63063
854 63064
607 63065
471 63066
338 63067
905 63068
442 63069
61 63070
704 63071
911 63072
191 63073
154 63074
152 63075
156 63076
748 63077
957 63078
589 63079
372 63080
545 63081
809 63082
764 63083
556 63084
564 63085
452 63086
639 63087
934 63088
960 63089
301 63090
265 63091
175 63092
878 63093
903 63094
291 63095
739 63096
905 63097
887 63098
157 63099
439 63100
173 63101
928 63102
742 63103
524 63104
620 63105
914 63106
504 63107
532 63108
774 63109
569 63110
571 63111
410 63112
770 63113
329 63114
542 63115
307 63116
8 63117
574 63118
617 63119
196 63120
556 63121
967 63122
991 63123
269 63124
764 63125
436 63126
148 63127
616 63128
951 63129
431 63130
851 63131
945 63132
803 63133
579 63134
296 63135
308 63136
722 63137
68 63138
383 63139
914 63140
306 63141
644 63142
217 63143
711 63144
167 63145
206 63146
789 63147
435 63148
547 63149
965 63150
622 63151
71 63152
610 63153
828 63154
893 63155
497 63156
108 63157
233 63158
27 63159
310 63160
857 63161
562 63162
541 63163
799 63164
536 63165
201 63166
402 63167
809 63168
533 63169
51 63170
291 63171
254 63172
66 63173
515 63174
132 63175
883 63176
979 63177
708 63178
726 63179
897 63180
481 63181
382 63182
663 63183
540 63184
289 63185
408 63186
247 63187
63 63188
676 63189
681 63190
401 63191
47 63192
101 63193
683 63194
139 63195
619 63196
438 63197
372 63198
701 63199
724 63200
407 63201
943 63202
629 63203
335 63204
790 63205
951 63206
997 63207
476 63208
661 63209
519 63210
314 63211
581 63212
994 63213
802 63214
776 63215
572 63216
552 63217
383 63218
188 63219
263 63220
298 63221
282 63222
586 63223
385 63224
507 63225
890 63226
633 63227
865 63228
390 63229
418 63230
48 63231
70 63232
649 63233
140 63234
451 63235
779 63236
206 63237
103 63238
467 63239
368 63240
402 63241
389 63242
775 63243
666 63244
188 63245
816 63246
96 63247
353 63248
847 63249
287 63250
987 63251
33 63252
656 63253
256 63254
214 63255
32 63256
418 63257
866 63258
915 63259
375 63260
530 63261
696 63262
437 63263
721 63264
762 63265
281 63266
924 63267
771 63268
825 63269
22 63270
566 63271
910 63272
8 63273
465 63274
189 63275
613 63276
945 63277
119 63278
991 63279
305 63280
73 63281
780 63282
375 63283
587 63284
98 63285
886 63286
763 63287
78 63288
977 63289
956 63290
543 63291
832 63292
464 63293
74 63294
418 63295
10 63296
316 63297
179 63298
149 63299
968 63300
446 63301
836 63302
477 63303
321 63304
769 63305
303 63306
703 63307
631 63308
191 63309
526 63310
289 63311
810 63312
995 63313
16 63314
313 63315
24 63316
140 63317
984 63318
57 63319
728 63320
178 63321
597 63322
648 63323
571 63324
576 63325
632 63326
242 63327
457 63328
607 63329
129 63330
662 63331
749 63332
811 63333
535 63334
295 63335
892 63336
63 63337
17 63338
916 63339
844 63340
850 63341
41 63342
300 63343
276 63344
685 63345
129 63346
758 63347
378 63348
3 63349
791 63350
778 63351
231 63352
224 63353
799 63354
736 63355
672 63356
94 63357
161 63358
468 63359
342 63360
782 63361
668 63362
124 63363
575 63364
988 63365
237 63366
980 63367
715 63368
309 63369
980 63370
881 63371
417 63372
203 63373
443 63374
801 63375
580 63376
726 63377
428 63378
83 63379
269 63380
481 63381
249 63382
163 63383
572 63384
797 63385
849 63386
123 63387
677 63388
823 63389
239 63390
478 63391
52 63392
20 63393
903 63394
665 63395
187 63396
840 63397
625 63398
793 63399
855 63400
12 63401
438 63402
372 63403
326 63404
702 63405
488 63406
650 63407
35 63408
235 63409
827 63410
543 63411
497 63412
238 63413
240 63414
120 63415
708 63416
396 63417
286 63418
899 63419
827 63420
498 63421
601 63422
367 63423
546 63424
587 63425
906 63426
666 63427
809 63428
620 63429
127 63430
339 63431
45 63432
331 63433
813 63434
374 63435
37 63436
550 63437
149 63438
35 63439
831 63440
92 63441
825 63442
1 63443
712 63444
60 63445
652 63446
288 63447
459 63448
284 63449
832 63450
637 63451
406 63452
330 63453
183 63454
696 63455
933 63456
422 63457
351 63458
722 63459
243 63460
709 63461
60 63462
293 63463
985 63464
901 63465
350 63466
514 63467
669 63468
91 63469
996 63470
882 63471
349 63472
510 63473
30 63474
779 63475
161 63476
190 63477
863 63478
475 63479
941 63480
42 63481
342 63482
296 63483
997 63484
62 63485
645 63486
458 63487
273 63488
691 63489
380 63490
937 63491
111 63492
511 63493
870 63494
475 63495
603 63496
38 63497
152 63498
379 63499
117 63500
633 63501
981 63502
819 63503
240 63504
58 63505
509 63506
205 63507
153 63508
542 63509
405 63510
821 63511
748 63512
999 63513
536 63514
306 63515
811 63516
585 63517
269 63518
521 63519
26 63520
50 63521
31 63522
312 63523
218 63524
905 63525
405 63526
316 63527
490 63528
809 63529
912 63530
238 63531
682 63532
874 63533
472 63534
587 63535
494 63536
906 63537
487 63538
972 63539
898 63540
70 63541
930 63542
583 63543
915 63544
217 63545
172 63546
580 63547
746 63548
220 63549
955 63550
501 63551
276 63552
738 63553
383 63554
911 63555
296 63556
551 63557
374 63558
932 63559
328 63560
74 63561
847 63562
962 63563
30 63564
761 63565
935 63566
362 63567
94 63568
288 63569
146 63570
355 63571
283 63572
139 63573
723 63574
645 63575
346 63576
857 63577
870 63578
27 63579
390 63580
385 63581
61 63582
24 63583
312 63584
614 63585
560 63586
503 63587
190 63588
91 63589
694 63590
777 63591
421 63592
558 63593
628 63594
381 63595
146 63596
626 63597
895 63598
449 63599
795 63600
624 63601
923 63602
943 63603
400 63604
883 63605
278 63606
337 63607
814 63608
304 63609
283 63610
69 63611
881 63612
90 63613
830 63614
259 63615
488 63616
336 63617
842 63618
869 63619
65 63620
682 63621
153 63622
201 63623
671 63624
25 63625
766 63626
920 63627
378 63628
877 63629
202 63630
901 63631
103 63632
833 63633
27 63634
55 63635
483 63636
976 63637
227 63638
727 63639
770 63640
265 63641
604 63642
229 63643
220 63644
51 63645
622 63646
165 63647
391 63648
986 63649
290 63650
161 63651
177 63652
990 63653
936 63654
986 63655
403 63656
870 63657
144 63658
632 63659
371 63660
825 63661
656 63662
509 63663
944 63664
328 63665
764 63666
207 63667
505 63668
770 63669
394 63670
571 63671
386 63672
981 63673
984 63674
384 63675
649 63676
993 63677
269 63678
11 63679
255 63680
46 63681
361 63682
783 63683
673 63684
997 63685
695 63686
76 63687
968 63688
740 63689
526 63690
800 63691
966 63692
12 63693
379 63694
587 63695
579 63696
758 63697
700 63698
51 63699
949 63700
168 63701
193 63702
840 63703
266 63704
618 63705
667 63706
198 63707
283 63708
28 63709
95 63710
178 63711
753 63712
941 63713
43 63714
531 63715
536 63716
959 63717
968 63718
639 63719
661 63720
606 63721
72 63722
24 63723
695 63724
696 63725
397 63726
390 63727
138 63728
500 63729
999 63730
983 63731
246 63732
333 63733
695 63734
354 63735
34 63736
213 63737
753 63738
992 63739
428 63740
23 63741
102 63742
469 63743
133 63744
17 63745
181 63746
839 63747
210 63748
379 63749
704 63750
117 63751
155 63752
399 63753
902 63754
971 63755
511 63756
760 63757
650 63758
396 63759
584 63760
715 63761
850 63762
421 63763
339 63764
707 63765
769 63766
994 63767
816 63768
467 63769
635 63770
270 63771
882 63772
670 63773
48 63774
948 63775
780 63776
102 63777
331 63778
20 63779
474 63780
553 63781
600 63782
508 63783
879 63784
298 63785
634 63786
345 63787
931 63788
630 63789
100 63790
3 63791
401 63792
630 63793
253 63794
421 63795
97 63796
712 63797
458 63798
855 63799
87 63800
644 63801
930 63802
542 63803
181 63804
646 63805
118 63806
138 63807
253 63808
833 63809
334 63810
1000 63811
291 63812
675 63813
928 63814
694 63815
206 63816
426 63817
366 63818
710 63819
299 63820
830 63821
877 63822
509 63823
372 63824
226 63825
308 63826
467 63827
658 63828
982 63829
270 63830
776 63831
602 63832
240 63833
125 63834
422 63835
820 63836
443 63837
803 63838
28 63839
257 63840
547 63841
395 63842
327 63843
345 63844
81 63845
274 63846
980 63847
116 63848
757 63849
851 63850
732 63851
79 63852
509 63853
589 63854
688 63855
961 63856
216 63857
725 63858
981 63859
110 63860
578 63861
544 63862
635 63863
720 63864
230 63865
584 63866
107 63867
426 63868
357 63869
133 63870
468 63871
51 63872
843 63873
550 63874
62 63875
327 63876
128 63877
401 63878
326 63879
908 63880
850 63881
486 63882
147 63883
267 63884
960 63885
330 63886
486 63887
656 63888
266 63889
687 63890
780 63891
123 63892
386 63893
997 63894
477 63895
596 63896
571 63897
377 63898
37 63899
657 63900
716 63901
959 63902
991 63903
75 63904
978 63905
587 63906
532 63907
71 63908
380 63909
849 63910
695 63911
247 63912
852 63913
438 63914
174 63915
617 63916
504 63917
83 63918
886 63919
545 63920
389 63921
203 63922
845 63923
372 63924
43 63925
863 63926
678 63927
877 63928
703 63929
808 63930
679 63931
318 63932
958 63933
579 63934
865 63935
606 63936
179 63937
168 63938
729 63939
367 63940
164 63941
467 63942
379 63943
310 63944
374 63945
615 63946
900 63947
423 63948
698 63949
833 63950
973 63951
688 63952
600 63953
951 63954
279 63955
23 63956
136 63957
827 63958
317 63959
982 63960
161 63961
290 63962
336 63963
869 63964
909 63965
408 63966
330 63967
206 63968
516 63969
865 63970
801 63971
356 63972
48 63973
581 63974
720 63975
704 63976
980 63977
415 63978
358 63979
32 63980
5 63981
155 63982
202 63983
680 63984
476 63985
54 63986
923 63987
952 63988
648 63989
484 63990
67 63991
258 63992
812 63993
878 63994
922 63995
927 63996
109 63997
921 63998
506 63999
182 64000
88 64001
154 64002
845 64003
859 64004
466 64005
337 64006
260 64007
557 64008
189 64009
19 64010
539 64011
753 64012
521 64013
17 64014
707 64015
539 64016
975 64017
826 64018
804 64019
988 64020
483 64021
327 64022
804 64023
75 64024
859 64025
388 64026
212 64027
830 64028
328 64029
532 64030
609 64031
404 64032
374 64033
248 64034
52 64035
673 64036
998 64037
33 64038
582 64039
552 64040
342 64041
853 64042
112 64043
610 64044
290 64045
460 64046
710 64047
485 64048
879 64049
987 64050
466 64051
828 64052
870 64053
97 64054
652 64055
136 64056
513 64057
181 64058
427 64059
305 64060
150 64061
228 64062
966 64063
7 64064
136 64065
11 64066
42 64067
749 64068
859 64069
369 64070
271 64071
304 64072
534 64073
91 64074
134 64075
359 64076
920 64077
481 64078
744 64079
754 64080
280 64081
713 64082
768 64083
988 64084
396 64085
544 64086
246 64087
884 64088
988 64089
519 64090
772 64091
445 64092
586 64093
134 64094
628 64095
699 64096
403 64097
494 64098
251 64099
853 64100
335 64101
859 64102
704 64103
884 64104
431 64105
825 64106
847 64107
231 64108
389 64109
210 64110
181 64111
904 64112
958 64113
55 64114
728 64115
154 64116
192 64117
828 64118
311 64119
653 64120
276 64121
453 64122
454 64123
978 64124
695 64125
716 64126
203 64127
367 64128
385 64129
782 64130
585 64131
69 64132
894 64133
629 64134
845 64135
442 64136
599 64137
673 64138
935 64139
960 64140
423 64141
459 64142
7 64143
351 64144
210 64145
304 64146
612 64147
778 64148
159 64149
917 64150
955 64151
921 64152
331 64153
378 64154
828 64155
316 64156
951 64157
162 64158
923 64159
149 64160
758 64161
573 64162
5 64163
603 64164
959 64165
122 64166
128 64167
959 64168
746 64169
336 64170
938 64171
916 64172
415 64173
510 64174
743 64175
575 64176
874 64177
493 64178
486 64179
299 64180
510 64181
898 64182
74 64183
111 64184
863 64185
403 64186
114 64187
740 64188
914 64189
157 64190
250 64191
343 64192
507 64193
468 64194
374 64195
546 64196
106 64197
252 64198
815 64199
381 64200
348 64201
608 64202
34 64203
300 64204
473 64205
193 64206
806 64207
220 64208
26 64209
389 64210
412 64211
267 64212
987 64213
762 64214
698 64215
513 64216
728 64217
833 64218
857 64219
189 64220
124 64221
215 64222
674 64223
887 64224
802 64225
917 64226
57 64227
704 64228
891 64229
706 64230
101 64231
803 64232
390 64233
960 64234
585 64235
981 64236
876 64237
690 64238
119 64239
507 64240
153 64241
434 64242
218 64243
183 64244
967 64245
416 64246
599 64247
804 64248
473 64249
803 64250
509 64251
175 64252
153 64253
996 64254
62 64255
262 64256
852 64257
645 64258
683 64259
353 64260
279 64261
561 64262
104 64263
12 64264
152 64265
285 64266
213 64267
55 64268
320 64269
834 64270
65 64271
50 64272
165 64273
598 64274
787 64275
220 64276
443 64277
256 64278
928 64279
272 64280
993 64281
124 64282
451 64283
15 64284
1000 64285
87 64286
438 64287
1000 64288
665 64289
369 64290
587 64291
783 64292
131 64293
241 64294
17 64295
616 64296
705 64297
291 64298
987 64299
316 64300
352 64301
872 64302
504 64303
541 64304
405 64305
724 64306
871 64307
805 64308
107 64309
602 64310
88 64311
99 64312
325 64313
669 64314
518 64315
997 64316
651 64317
335 64318
793 64319
76 64320
117 64321
599 64322
853 64323
10 64324
590 64325
567 64326
432 64327
710 64328
362 64329
260 64330
591 64331
751 64332
494 64333
958 64334
843 64335
429 64336
449 64337
845 64338
871 64339
816 64340
195 64341
873 64342
813 64343
840 64344
926 64345
748 64346
854 64347
453 64348
908 64349
620 64350
520 64351
13 64352
240 64353
941 64354
717 64355
739 64356
291 64357
246 64358
857 64359
936 64360
995 64361
218 64362
566 64363
365 64364
688 64365
294 64366
769 64367
211 64368
482 64369
576 64370
691 64371
223 64372
122 64373
66 64374
626 64375
870 64376
551 64377
76 64378
517 64379
530 64380
458 64381
833 64382
873 64383
607 64384
66 64385
779 64386
75 64387
230 64388
792 64389
823 64390
596 64391
452 64392
145 64393
253 64394
959 64395
181 64396
130 64397
805 64398
575 64399
967 64400
882 64401
108 64402
588 64403
261 64404
447 64405
830 64406
958 64407
298 64408
965 64409
309 64410
782 64411
108 64412
247 64413
264 64414
777 64415
680 64416
567 64417
979 64418
771 64419
35 64420
5 64421
479 64422
747 64423
968 64424
119 64425
643 64426
103 64427
607 64428
967 64429
340 64430
793 64431
192 64432
635 64433
908 64434
559 64435
579 64436
462 64437
484 64438
579 64439
385 64440
39 64441
427 64442
567 64443
515 64444
814 64445
309 64446
375 64447
911 64448
647 64449
746 64450
845 64451
356 64452
387 64453
398 64454
459 64455
347 64456
161 64457
163 64458
863 64459
455 64460
837 64461
377 64462
832 64463
929 64464
327 64465
736 64466
853 64467
950 64468
88 64469
382 64470
162 64471
125 64472
99 64473
359 64474
809 64475
825 64476
173 64477
22 64478
705 64479
895 64480
350 64481
590 64482
499 64483
641 64484
892 64485
592 64486
758 64487
799 64488
850 64489
700 64490
603 64491
524 64492
532 64493
941 64494
536 64495
207 64496
451 64497
184 64498
453 64499
538 64500
863 64501
662 64502
293 64503
844 64504
745 64505
761 64506
598 64507
205 64508
819 64509
82 64510
195 64511
912 64512
7 64513
122 64514
394 64515
70 64516
651 64517
946 64518
22 64519
839 64520
58 64521
151 64522
474 64523
44 64524
115 64525
334 64526
464 64527
308 64528
239 64529
765 64530
494 64531
227 64532
57 64533
995 64534
111 64535
739 64536
973 64537
433 64538
52 64539
391 64540
542 64541
340 64542
16 64543
220 64544
525 64545
254 64546
77 64547
939 64548
325 64549
307 64550
160 64551
202 64552
647 64553
772 64554
398 64555
78 64556
486 64557
814 64558
75 64559
439 64560
588 64561
422 64562
928 64563
46 64564
307 64565
839 64566
266 64567
806 64568
819 64569
997 64570
978 64571
397 64572
44 64573
258 64574
11 64575
666 64576
474 64577
844 64578
543 64579
991 64580
999 64581
362 64582
588 64583
319 64584
591 64585
26 64586
833 64587
384 64588
196 64589
253 64590
696 64591
669 64592
364 64593
439 64594
496 64595
178 64596
615 64597
637 64598
355 64599
498 64600
275 64601
766 64602
355 64603
181 64604
215 64605
626 64606
340 64607
671 64608
397 64609
11 64610
48 64611
606 64612
223 64613
1000 64614
341 64615
262 64616
296 64617
279 64618
808 64619
343 64620
157 64621
455 64622
483 64623
535 64624
290 64625
705 64626
753 64627
917 64628
359 64629
478 64630
940 64631
48 64632
154 64633
33 64634
556 64635
739 64636
198 64637
281 64638
463 64639
884 64640
804 64641
966 64642
617 64643
209 64644
681 64645
819 64646
501 64647
279 64648
705 64649
993 64650
739 64651
718 64652
348 64653
845 64654
209 64655
973 64656
354 64657
395 64658
161 64659
902 64660
726 64661
145 64662
992 64663
206 64664
855 64665
464 64666
309 64667
877 64668
569 64669
244 64670
852 64671
530 64672
71 64673
407 64674
146 64675
384 64676
39 64677
612 64678
545 64679
810 64680
658 64681
901 64682
871 64683
956 64684
538 64685
865 64686
857 64687
572 64688
770 64689
193 64690
773 64691
673 64692
725 64693
723 64694
250 64695
660 64696
451 64697
138 64698
550 64699
426 64700
120 64701
523 64702
796 64703
738 64704
577 64705
394 64706
999 64707
26 64708
515 64709
101 64710
396 64711
954 64712
734 64713
76 64714
326 64715
384 64716
184 64717
467 64718
396 64719
989 64720
138 64721
677 64722
419 64723
118 64724
58 64725
349 64726
490 64727
896 64728
371 64729
816 64730
217 64731
911 64732
261 64733
778 64734
679 64735
694 64736
259 64737
671 64738
182 64739
778 64740
175 64741
203 64742
405 64743
561 64744
325 64745
42 64746
492 64747
921 64748
37 64749
41 64750
656 64751
851 64752
499 64753
717 64754
372 64755
343 64756
195 64757
632 64758
547 64759
319 64760
828 64761
166 64762
672 64763
541 64764
585 64765
995 64766
639 64767
8 64768
64 64769
873 64770
177 64771
961 64772
770 64773
124 64774
672 64775
908 64776
317 64777
277 64778
148 64779
604 64780
556 64781
485 64782
46 64783
805 64784
281 64785
365 64786
4 64787
397 64788
247 64789
515 64790
541 64791
320 64792
951 64793
941 64794
392 64795
232 64796
920 64797
666 64798
50 64799
802 64800
408 64801
162 64802
533 64803
264 64804
89 64805
250 64806
538 64807
305 64808
164 64809
933 64810
556 64811
585 64812
136 64813
333 64814
271 64815
651 64816
933 64817
5 64818
282 64819
299 64820
530 64821
390 64822
983 64823
693 64824
46 64825
96 64826
532 64827
38 64828
887 64829
224 64830
785 64831
618 64832
680 64833
929 64834
678 64835
454 64836
125 64837
375 64838
240 64839
281 64840
659 64841
967 64842
755 64843
402 64844
437 64845
941 64846
60 64847
168 64848
309 64849
506 64850
358 64851
521 64852
342 64853
221 64854
848 64855
341 64856
182 64857
817 64858
935 64859
273 64860
866 64861
227 64862
565 64863
141 64864
106 64865
162 64866
553 64867
206 64868
830 64869
265 64870
24 64871
882 64872
971 64873
435 64874
745 64875
124 64876
65 64877
663 64878
146 64879
526 64880
480 64881
299 64882
445 64883
994 64884
724 64885
420 64886
667 64887
234 64888
320 64889
977 64890
935 64891
674 64892
530 64893
718 64894
910 64895
289 64896
39 64897
674 64898
512 64899
309 64900
679 64901
241 64902
588 64903
75 64904
115 64905
936 64906
937 64907
668 64908
845 64909
275 64910
254 64911
671 64912
913 64913
486 64914
448 64915
157 64916
392 64917
401 64918
330 64919
874 64920
323 64921
425 64922
715 64923
839 64924
356 64925
754 64926
395 64927
914 64928
641 64929
887 64930
64 64931
595 64932
627 64933
585 64934
923 64935
300 64936
165 64937
434 64938
886 64939
770 64940
345 64941
673 64942
569 64943
241 64944
440 64945
33 64946
606 64947
5 64948
407 64949
96 64950
132 64951
687 64952
905 64953
544 64954
618 64955
346 64956
898 64957
164 64958
305 64959
159 64960
307 64961
186 64962
397 64963
607 64964
251 64965
971 64966
594 64967
609 64968
547 64969
610 64970
751 64971
119 64972
313 64973
421 64974
60 64975
535 64976
643 64977
297 64978
476 64979
488 64980
816 64981
747 64982
6 64983
738 64984
20 64985
94 64986
508 64987
565 64988
390 64989
467 64990
690 64991
247 64992
505 64993
809 64994
620 64995
606 64996
785 64997
388 64998
302 64999
341 65000
87 65001
52 65002
883 65003
635 65004
606 65005
109 65006
667 65007
795 65008
520 65009
887 65010
833 65011
704 65012
57 65013
580 65014
782 65015
300 65016
878 65017
690 65018
932 65019
956 65020
766 65021
348 65022
737 65023
147 65024
17 65025
624 65026
242 65027
191 65028
437 65029
430 65030
828 65031
435 65032
808 65033
199 65034
877 65035
959 65036
709 65037
609 65038
351 65039
677 65040
367 65041
672 65042
545 65043
173 65044
994 65045
828 65046
92 65047
225 65048
31 65049
932 65050
79 65051
128 65052
465 65053
903 65054
244 65055
387 65056
560 65057
594 65058
985 65059
34 65060
436 65061
203 65062
32 65063
442 65064
234 65065
714 65066
440 65067
322 65068
203 65069
22 65070
844 65071
881 65072
753 65073
431 65074
715 65075
598 65076
317 65077
286 65078
611 65079
110 65080
370 65081
645 65082
142 65083
689 65084
839 65085
848 65086
876 65087
449 65088
880 65089
554 65090
630 65091
993 65092
158 65093
108 65094
128 65095
495 65096
659 65097
889 65098
401 65099
468 65100
931 65101
86 65102
630 65103
499 65104
509 65105
712 65106
926 65107
384 65108
289 65109
169 65110
159 65111
190 65112
24 65113
969 65114
558 65115
401 65116
62 65117
355 65118
228 65119
442 65120
319 65121
47 65122
27 65123
860 65124
486 65125
274 65126
642 65127
789 65128
523 65129
124 65130
552 65131
504 65132
216 65133
950 65134
825 65135
21 65136
107 65137
257 65138
868 65139
642 65140
149 65141
384 65142
968 65143
241 65144
137 65145
898 65146
423 65147
214 65148
150 65149
349 65150
551 65151
268 65152
956 65153
68 65154
779 65155
711 65156
921 65157
334 65158
499 65159
236 65160
67 65161
929 65162
364 65163
49 65164
766 65165
362 65166
573 65167
801 65168
888 65169
357 65170
156 65171
537 65172
146 65173
120 65174
438 65175
367 65176
250 65177
377 65178
495 65179
143 65180
257 65181
492 65182
382 65183
295 65184
808 65185
995 65186
783 65187
5 65188
867 65189
770 65190
438 65191
399 65192
153 65193
773 65194
239 65195
514 65196
948 65197
294 65198
491 65199
984 65200
919 65201
930 65202
606 65203
641 65204
541 65205
785 65206
927 65207
132 65208
765 65209
612 65210
666 65211
727 65212
236 65213
15 65214
237 65215
67 65216
390 65217
509 65218
881 65219
208 65220
538 65221
303 65222
200 65223
519 65224
457 65225
809 65226
34 65227
34 65228
327 65229
528 65230
831 65231
719 65232
313 65233
212 65234
260 65235
892 65236
641 65237
195 65238
916 65239
107 65240
9 65241
438 65242
844 65243
899 65244
468 65245
604 65246
504 65247
382 65248
686 65249
586 65250
55 65251
193 65252
708 65253
575 65254
559 65255
476 65256
204 65257
45 65258
118 65259
713 65260
827 65261
655 65262
208 65263
812 65264
959 65265
866 65266
351 65267
61 65268
288 65269
292 65270
768 65271
585 65272
914 65273
535 65274
19 65275
411 65276
106 65277
790 65278
897 65279
530 65280
60 65281
174 65282
679 65283
842 65284
609 65285
684 65286
276 65287
683 65288
562 65289
478 65290
261 65291
775 65292
225 65293
714 65294
582 65295
741 65296
85 65297
154 65298
256 65299
492 65300
600 65301
166 65302
160 65303
273 65304
698 65305
633 65306
591 65307
327 65308
881 65309
37 65310
71 65311
730 65312
471 65313
555 65314
484 65315
261 65316
495 65317
314 65318
467 65319
964 65320
198 65321
379 65322
57 65323
906 65324
659 65325
508 65326
208 65327
608 65328
863 65329
453 65330
513 65331
760 65332
540 65333
265 65334
476 65335
193 65336
672 65337
151 65338
640 65339
675 65340
322 65341
776 65342
535 65343
802 65344
275 65345
302 65346
929 65347
617 65348
346 65349
182 65350
460 65351
809 65352
690 65353
311 65354
442 65355
91 65356
386 65357
946 65358
218 65359
984 65360
475 65361
330 65362
948 65363
31 65364
951 65365
651 65366
885 65367
891 65368
112 65369
916 65370
746 65371
154 65372
923 65373
494 65374
71 65375
923 65376
960 65377
530 65378
11 65379
664 65380
341 65381
630 65382
980 65383
161 65384
582 65385
958 65386
268 65387
831 65388
140 65389
246 65390
76 65391
714 65392
247 65393
460 65394
667 65395
767 65396
350 65397
817 65398
764 65399
402 65400
215 65401
849 65402
305 65403
567 65404
768 65405
563 65406
677 65407
345 65408
115 65409
224 65410
783 65411
303 65412
469 65413
792 65414
508 65415
990 65416
858 65417
549 65418
465 65419
786 65420
7 65421
236 65422
298 65423
693 65424
584 65425
508 65426
400 65427
12 65428
691 65429
304 65430
159 65431
368 65432
592 65433
585 65434
785 65435
26 65436
298 65437
266 65438
636 65439
737 65440
304 65441
852 65442
797 65443
400 65444
383 65445
517 65446
181 65447
79 65448
793 65449
16 65450
229 65451
1 65452
581 65453
665 65454
637 65455
156 65456
37 65457
617 65458
580 65459
63 65460
499 65461
863 65462
378 65463
282 65464
696 65465
180 65466
563 65467
817 65468
335 65469
49 65470
341 65471
724 65472
731 65473
402 65474
43 65475
936 65476
983 65477
302 65478
619 65479
733 65480
472 65481
519 65482
257 65483
480 65484
228 65485
521 65486
798 65487
21 65488
482 65489
59 65490
223 65491
30 65492
658 65493
361 65494
416 65495
479 65496
243 65497
356 65498
843 65499
3 65500
1 65501
340 65502
940 65503
267 65504
389 65505
659 65506
956 65507
386 65508
126 65509
192 65510
718 65511
994 65512
358 65513
602 65514
208 65515
206 65516
291 65517
309 65518
285 65519
250 65520
341 65521
598 65522
680 65523
276 65524
102 65525
492 65526
148 65527
915 65528
228 65529
423 65530
407 65531
80 65532
487 65533
444 65534
158 65535
49 65536
133 65537
436 65538
520 65539
369 65540
590 65541
304 65542
549 65543
730 65544
365 65545
660 65546
734 65547
134 65548
581 65549
873 65550
692 65551
286 65552
436 65553
776 65554
889 65555
336 65556
382 65557
212 65558
884 65559
970 65560
487 65561
897 65562
857 65563
102 65564
997 65565
612 65566
594 65567
230 65568
553 65569
760 65570
290 65571
137 65572
157 65573
256 65574
351 65575
985 65576
336 65577
619 65578
125 65579
573 65580
943 65581
405 65582
103 65583
362 65584
790 65585
235 65586
851 65587
790 65588
784 65589
406 65590
230 65591
321 65592
608 65593
181 65594
766 65595
556 65596
901 65597
84 65598
669 65599
84 65600
939 65601
247 65602
694 65603
130 65604
470 65605
314 65606
497 65607
733 65608
961 65609
634 65610
750 65611
308 65612
858 65613
18 65614
82 65615
12 65616
132 65617
475 65618
948 65619
514 65620
422 65621
632 65622
702 65623
848 65624
763 65625
69 65626
869 65627
209 65628
79 65629
74 65630
695 65631
485 65632
487 65633
854 65634
615 65635
983 65636
335 65637
141 65638
183 65639
559 65640
826 65641
762 65642
634 65643
995 65644
72 65645
597 65646
963 65647
515 65648
662 65649
414 65650
617 65651
127 65652
768 65653
116 65654
89 65655
539 65656
986 65657
85 65658
523 65659
344 65660
383 65661
547 65662
301 65663
515 65664
332 65665
741 65666
655 65667
271 65668
533 65669
692 65670
827 65671
291 65672
696 65673
856 65674
123 65675
329 65676
54 65677
922 65678
224 65679
827 65680
511 65681
226 65682
741 65683
844 65684
50 65685
237 65686
508 65687
106 65688
559 65689
268 65690
152 65691
83 65692
530 65693
827 65694
170 65695
684 65696
545 65697
861 65698
253 65699
392 65700
940 65701
153 65702
392 65703
13 65704
54 65705
648 65706
345 65707
389 65708
219 65709
645 65710
666 65711
413 65712
94 65713
599 65714
814 65715
580 65716
761 65717
104 65718
929 65719
976 65720
440 65721
177 65722
850 65723
437 65724
995 65725
533 65726
917 65727
690 65728
697 65729
925 65730
654 65731
54 65732
298 65733
391 65734
209 65735
892 65736
126 65737
52 65738
809 65739
58 65740
901 65741
177 65742
578 65743
496 65744
726 65745
839 65746
510 65747
253 65748
521 65749
35 65750
716 65751
427 65752
619 65753
737 65754
455 65755
84 65756
975 65757
36 65758
397 65759
691 65760
330 65761
83 65762
807 65763
807 65764
600 65765
911 65766
317 65767
605 65768
829 65769
339 65770
23 65771
21 65772
224 65773
778 65774
165 65775
818 65776
515 65777
511 65778
570 65779
664 65780
268 65781
264 65782
89 65783
875 65784
88 65785
93 65786
162 65787
117 65788
365 65789
261 65790
643 65791
720 65792
453 65793
720 65794
592 65795
774 65796
128 65797
149 65798
37 65799
286 65800
745 65801
109 65802
32 65803
798 65804
551 65805
694 65806
324 65807
557 65808
686 65809
806 65810
977 65811
414 65812
14 65813
456 65814
373 65815
399 65816
666 65817
247 65818
758 65819
782 65820
836 65821
212 65822
115 65823
202 65824
986 65825
348 65826
241 65827
524 65828
36 65829
640 65830
378 65831
875 65832
619 65833
44 65834
186 65835
336 65836
919 65837
160 65838
835 65839
622 65840
688 65841
660 65842
534 65843
252 65844
814 65845
841 65846
565 65847
23 65848
765 65849
559 65850
390 65851
222 65852
344 65853
903 65854
999 65855
828 65856
989 65857
187 65858
125 65859
796 65860
852 65861
166 65862
350 65863
374 65864
404 65865
323 65866
116 65867
591 65868
458 65869
286 65870
251 65871
756 65872
511 65873
821 65874
418 65875
424 65876
612 65877
856 65878
609 65879
510 65880
321 65881
113 65882
30 65883
63 65884
36 65885
962 65886
896 65887
11 65888
713 65889
63 65890
208 65891
28 65892
283 65893
354 65894
841 65895
245 65896
289 65897
171 65898
706 65899
326 65900
436 65901
879 65902
158 65903
887 65904
410 65905
262 65906
962 65907
257 65908
983 65909
398 65910
740 65911
921 65912
797 65913
468 65914
718 65915
910 65916
520 65917
15 65918
773 65919
735 65920
122 65921
498 65922
613 65923
690 65924
608 65925
214 65926
443 65927
531 65928
777 65929
225 65930
937 65931
395 65932
60 65933
724 65934
74 65935
30 65936
90 65937
659 65938
968 65939
163 65940
537 65941
859 65942
837 65943
45 65944
304 65945
583 65946
434 65947
434 65948
380 65949
717 65950
698 65951
413 65952
31 65953
248 65954
815 65955
155 65956
324 65957
661 65958
338 65959
124 65960
584 65961
374 65962
29 65963
376 65964
552 65965
874 65966
561 65967
816 65968
645 65969
718 65970
534 65971
895 65972
366 65973
343 65974
524 65975
203 65976
630 65977
345 65978
632 65979
789 65980
946 65981
244 65982
71 65983
663 65984
786 65985
918 65986
26 65987
916 65988
888 65989
212 65990
179 65991
465 65992
922 65993
153 65994
207 65995
689 65996
535 65997
532 65998
726 65999
731 66000
299 66001
34 66002
40 66003
302 66004
593 66005
780 66006
382 66007
396 66008
18 66009
109 66010
135 66011
480 66012
22 66013
486 66014
572 66015
26 66016
963 66017
814 66018
601 66019
508 66020
384 66021
596 66022
453 66023
176 66024
122 66025
832 66026
932 66027
83 66028
416 66029
409 66030
592 66031
532 66032
335 66033
350 66034
768 66035
575 66036
448 66037
204 66038
339 66039
495 66040
552 66041
230 66042
887 66043
86 66044
647 66045
848 66046
33 66047
215 66048
772 66049
591 66050
863 66051
371 66052
396 66053
802 66054
22 66055
451 66056
185 66057
168 66058
179 66059
928 66060
729 66061
132 66062
801 66063
335 66064
358 66065
904 66066
395 66067
853 66068
12 66069
800 66070
800 66071
477 66072
844 66073
146 66074
146 66075
220 66076
989 66077
319 66078
138 66079
576 66080
844 66081
844 66082
704 66083
266 66084
32 66085
340 66086
84 66087
743 66088
372 66089
857 66090
174 66091
402 66092
196 66093
991 66094
574 66095
884 66096
995 66097
119 66098
483 66099
662 66100
194 66101
636 66102
309 66103
654 66104
37 66105
22 66106
111 66107
535 66108
313 66109
411 66110
774 66111
269 66112
202 66113
68 66114
493 66115
708 66116
14 66117
458 66118
310 66119
863 66120
581 66121
861 66122
330 66123
602 66124
741 66125
877 66126
879 66127
550 66128
999 66129
446 66130
544 66131
855 66132
467 66133
357 66134
180 66135
94 66136
407 66137
978 66138
656 66139
688 66140
773 66141
461 66142
267 66143
406 66144
831 66145
83 66146
804 66147
241 66148
864 66149
621 66150
677 66151
257 66152
214 66153
360 66154
559 66155
673 66156
703 66157
477 66158
610 66159
788 66160
465 66161
723 66162
225 66163
164 66164
763 66165
919 66166
684 66167
801 66168
668 66169
658 66170
399 66171
158 66172
605 66173
802 66174
706 66175
189 66176
914 66177
352 66178
664 66179
846 66180
550 66181
874 66182
976 66183
711 66184
477 66185
875 66186
25 66187
820 66188
371 66189
328 66190
568 66191
188 66192
132 66193
601 66194
90 66195
843 66196
18 66197
212 66198
639 66199
722 66200
653 66201
458 66202
224 66203
894 66204
333 66205
789 66206
815 66207
349 66208
415 66209
768 66210
799 66211
693 66212
489 66213
727 66214
898 66215
222 66216
76 66217
732 66218
807 66219
133 66220
679 66221
776 66222
670 66223
648 66224
796 66225
987 66226
825 66227
648 66228
349 66229
437 66230
54 66231
829 66232
870 66233
571 66234
562 66235
779 66236
48 66237
200 66238
812 66239
892 66240
437 66241
565 66242
927 66243
980 66244
122 66245
771 66246
841 66247
829 66248
501 66249
33 66250
59 66251
188 66252
65 66253
912 66254
263 66255
266 66256
365 66257
290 66258
350 66259
525 66260
376 66261
931 66262
398 66263
389 66264
280 66265
578 66266
686 66267
90 66268
722 66269
578 66270
929 66271
884 66272
607 66273
692 66274
976 66275
145 66276
776 66277
151 66278
342 66279
45 66280
791 66281
102 66282
780 66283
606 66284
64 66285
181 66286
791 66287
299 66288
519 66289
368 66290
68 66291
94 66292
203 66293
86 66294
76 66295
301 66296
527 66297
912 66298
802 66299
977 66300
259 66301
31 66302
893 66303
377 66304
299 66305
528 66306
410 66307
251 66308
587 66309
453 66310
698 66311
960 66312
361 66313
400 66314
836 66315
80 66316
645 66317
154 66318
807 66319
860 66320
540 66321
332 66322
562 66323
706 66324
170 66325
648 66326
126 66327
288 66328
523 66329
167 66330
494 66331
788 66332
69 66333
839 66334
766 66335
845 66336
514 66337
710 66338
84 66339
565 66340
854 66341
694 66342
798 66343
535 66344
950 66345
873 66346
835 66347
656 66348
427 66349
102 66350
30 66351
31 66352
574 66353
171 66354
552 66355
501 66356
538 66357
211 66358
373 66359
906 66360
491 66361
411 66362
728 66363
129 66364
325 66365
735 66366
569 66367
765 66368
658 66369
335 66370
168 66371
298 66372
237 66373
221 66374
475 66375
112 66376
827 66377
722 66378
375 66379
678 66380
5 66381
688 66382
412 66383
702 66384
470 66385
590 66386
912 66387
543 66388
625 66389
787 66390
847 66391
373 66392
948 66393
538 66394
297 66395
424 66396
495 66397
518 66398
18 66399
223 66400
654 66401
906 66402
374 66403
397 66404
942 66405
910 66406
245 66407
33 66408
620 66409
528 66410
463 66411
12 66412
376 66413
686 66414
438 66415
144 66416
800 66417
967 66418
153 66419
409 66420
24 66421
357 66422
589 66423
119 66424
934 66425
955 66426
412 66427
786 66428
201 66429
281 66430
984 66431
416 66432
568 66433
661 66434
196 66435
108 66436
564 66437
270 66438
723 66439
458 66440
11 66441
872 66442
97 66443
764 66444
968 66445
718 66446
244 66447
638 66448
860 66449
237 66450
844 66451
63 66452
668 66453
869 66454
814 66455
710 66456
36 66457
200 66458
324 66459
135 66460
311 66461
709 66462
92 66463
540 66464
702 66465
304 66466
117 66467
286 66468
352 66469
799 66470
413 66471
258 66472
973 66473
397 66474
59 66475
875 66476
177 66477
653 66478
67 66479
307 66480
504 66481
938 66482
870 66483
342 66484
752 66485
955 66486
675 66487
520 66488
613 66489
996 66490
916 66491
587 66492
701 66493
169 66494
328 66495
787 66496
617 66497
47 66498
352 66499
597 66500
601 66501
77 66502
294 66503
850 66504
232 66505
871 66506
16 66507
64 66508
738 66509
405 66510
316 66511
649 66512
473 66513
100 66514
587 66515
779 66516
204 66517
61 66518
136 66519
322 66520
90 66521
375 66522
194 66523
531 66524
747 66525
279 66526
751 66527
628 66528
497 66529
787 66530
560 66531
70 66532
932 66533
849 66534
814 66535
454 66536
591 66537
482 66538
345 66539
872 66540
329 66541
904 66542
319 66543
451 66544
946 66545
827 66546
773 66547
982 66548
964 66549
162 66550
479 66551
771 66552
196 66553
362 66554
471 66555
148 66556
684 66557
440 66558
179 66559
151 66560
307 66561
763 66562
209 66563
468 66564
304 66565
719 66566
816 66567
663 66568
119 66569
115 66570
839 66571
542 66572
840 66573
681 66574
645 66575
926 66576
47 66577
124 66578
60 66579
311 66580
396 66581
389 66582
447 66583
160 66584
896 66585
725 66586
942 66587
764 66588
929 66589
107 66590
297 66591
879 66592
987 66593
312 66594
146 66595
499 66596
692 66597
759 66598
555 66599
503 66600
128 66601
244 66602
918 66603
762 66604
114 66605
994 66606
355 66607
39 66608
244 66609
93 66610
164 66611
33 66612
293 66613
407 66614
23 66615
824 66616
245 66617
75 66618
184 66619
131 66620
27 66621
733 66622
235 66623
240 66624
83 66625
623 66626
824 66627
887 66628
482 66629
248 66630
620 66631
71 66632
991 66633
575 66634
998 66635
123 66636
846 66637
236 66638
294 66639
33 66640
571 66641
684 66642
740 66643
648 66644
304 66645
234 66646
886 66647
431 66648
891 66649
141 66650
859 66651
196 66652
974 66653
740 66654
161 66655
50 66656
159 66657
489 66658
569 66659
544 66660
190 66661
846 66662
842 66663
533 66664
710 66665
939 66666
604 66667
216 66668
608 66669
358 66670
395 66671
778 66672
98 66673
52 66674
590 66675
123 66676
106 66677
950 66678
694 66679
406 66680
60 66681
159 66682
653 66683
370 66684
165 66685
873 66686
101 66687
656 66688
33 66689
185 66690
417 66691
811 66692
697 66693
458 66694
796 66695
774 66696
704 66697
713 66698
295 66699
338 66700
950 66701
917 66702
342 66703
864 66704
905 66705
516 66706
397 66707
179 66708
996 66709
754 66710
741 66711
83 66712
821 66713
190 66714
166 66715
768 66716
188 66717
801 66718
170 66719
897 66720
956 66721
84 66722
281 66723
402 66724
303 66725
471 66726
565 66727
895 66728
6 66729
337 66730
718 66731
726 66732
18 66733
680 66734
519 66735
799 66736
846 66737
714 66738
463 66739
752 66740
767 66741
640 66742
722 66743
124 66744
368 66745
255 66746
486 66747
358 66748
855 66749
143 66750
453 66751
665 66752
536 66753
279 66754
802 66755
446 66756
501 66757
456 66758
43 66759
831 66760
166 66761
947 66762
471 66763
738 66764
586 66765
775 66766
599 66767
879 66768
609 66769
94 66770
704 66771
881 66772
96 66773
687 66774
800 66775
957 66776
360 66777
201 66778
718 66779
266 66780
425 66781
498 66782
828 66783
931 66784
177 66785
93 66786
11 66787
601 66788
190 66789
727 66790
882 66791
885 66792
670 66793
492 66794
367 66795
586 66796
538 66797
258 66798
733 66799
756 66800
367 66801
757 66802
906 66803
859 66804
443 66805
356 66806
849 66807
701 66808
803 66809
646 66810
893 66811
101 66812
696 66813
101 66814
589 66815
253 66816
382 66817
156 66818
336 66819
350 66820
554 66821
78 66822
199 66823
676 66824
9 66825
16 66826
754 66827
101 66828
917 66829
840 66830
198 66831
758 66832
563 66833
58 66834
743 66835
448 66836
647 66837
385 66838
448 66839
853 66840
801 66841
223 66842
681 66843
479 66844
30 66845
16 66846
620 66847
992 66848
248 66849
193 66850
403 66851
143 66852
126 66853
743 66854
983 66855
903 66856
479 66857
995 66858
428 66859
738 66860
267 66861
367 66862
979 66863
551 66864
280 66865
102 66866
515 66867
721 66868
120 66869
325 66870
405 66871
854 66872
956 66873
637 66874
733 66875
218 66876
968 66877
249 66878
131 66879
429 66880
548 66881
641 66882
87 66883
264 66884
608 66885
633 66886
643 66887
265 66888
697 66889
466 66890
380 66891
501 66892
342 66893
330 66894
198 66895
650 66896
791 66897
760 66898
986 66899
415 66900
963 66901
877 66902
658 66903
814 66904
373 66905
864 66906
759 66907
36 66908
559 66909
682 66910
601 66911
353 66912
362 66913
772 66914
722 66915
768 66916
948 66917
426 66918
871 66919
196 66920
117 66921
660 66922
900 66923
47 66924
70 66925
174 66926
528 66927
808 66928
199 66929
519 66930
143 66931
612 66932
218 66933
532 66934
987 66935
407 66936
750 66937
585 66938
926 66939
496 66940
857 66941
809 66942
48 66943
345 66944
988 66945
859 66946
428 66947
377 66948
264 66949
484 66950
189 66951
738 66952
695 66953
954 66954
249 66955
921 66956
96 66957
404 66958
294 66959
734 66960
493 66961
97 66962
224 66963
382 66964
439 66965
332 66966
867 66967
318 66968
491 66969
859 66970
389 66971
446 66972
190 66973
154 66974
130 66975
115 66976
69 66977
540 66978
727 66979
832 66980
426 66981
783 66982
243 66983
416 66984
975 66985
623 66986
420 66987
958 66988
742 66989
507 66990
544 66991
741 66992
610 66993
685 66994
186 66995
888 66996
174 66997
841 66998
449 66999
410 67000
966 67001
321 67002
487 67003
722 67004
779 67005
507 67006
125 67007
374 67008
298 67009
220 67010
860 67011
428 67012
561 67013
377 67014
975 67015
831 67016
347 67017
586 67018
158 67019
734 67020
738 67021
8 67022
279 67023
350 67024
302 67025
612 67026
552 67027
698 67028
720 67029
806 67030
621 67031
827 67032
197 67033
498 67034
88 67035
216 67036
709 67037
609 67038
479 67039
33 67040
724 67041
945 67042
786 67043
325 67044
153 67045
665 67046
635 67047
547 67048
345 67049
217 67050
497 67051
782 67052
804 67053
462 67054
74 67055
933 67056
47 67057
635 67058
961 67059
619 67060
9 67061
194 67062
755 67063
380 67064
828 67065
622 67066
263 67067
577 67068
200 67069
83 67070
454 67071
378 67072
262 67073
215 67074
223 67075
280 67076
475 67077
161 67078
704 67079
676 67080
817 67081
234 67082
125 67083
650 67084
736 67085
692 67086
717 67087
157 67088
998 67089
849 67090
753 67091
418 67092
23 67093
593 67094
883 67095
914 67096
166 67097
450 67098
907 67099
627 67100
410 67101
256 67102
639 67103
208 67104
747 67105
635 67106
931 67107
938 67108
406 67109
159 67110
156 67111
524 67112
694 67113
409 67114
691 67115
871 67116
654 67117
737 67118
878 67119
945 67120
968 67121
714 67122
722 67123
9 67124
117 67125
288 67126
124 67127
293 67128
895 67129
602 67130
265 67131
697 67132
626 67133
376 67134
838 67135
777 67136
187 67137
519 67138
455 67139
891 67140
296 67141
969 67142
556 67143
789 67144
250 67145
615 67146
289 67147
963 67148
407 67149
666 67150
13 67151
253 67152
660 67153
80 67154
198 67155
594 67156
773 67157
614 67158
290 67159
355 67160
924 67161
543 67162
875 67163
348 67164
686 67165
870 67166
457 67167
990 67168
962 67169
262 67170
841 67171
50 67172
665 67173
207 67174
631 67175
775 67176
865 67177
765 67178
298 67179
966 67180
134 67181
639 67182
460 67183
563 67184
97 67185
486 67186
632 67187
796 67188
257 67189
391 67190
158 67191
302 67192
355 67193
426 67194
464 67195
766 67196
655 67197
448 67198
944 67199
119 67200
129 67201
221 67202
342 67203
848 67204
922 67205
690 67206
791 67207
732 67208
644 67209
551 67210
122 67211
312 67212
76 67213
690 67214
46 67215
481 67216
174 67217
656 67218
943 67219
647 67220
598 67221
958 67222
812 67223
475 67224
696 67225
208 67226
402 67227
373 67228
141 67229
627 67230
530 67231
521 67232
250 67233
850 67234
514 67235
913 67236
276 67237
119 67238
860 67239
813 67240
671 67241
764 67242
552 67243
774 67244
574 67245
169 67246
174 67247
450 67248
50 67249
950 67250
82 67251
524 67252
662 67253
899 67254
768 67255
579 67256
138 67257
344 67258
587 67259
982 67260
345 67261
910 67262
818 67263
546 67264
328 67265
304 67266
30 67267
129 67268
303 67269
468 67270
464 67271
565 67272
673 67273
738 67274
236 67275
338 67276
564 67277
754 67278
717 67279
903 67280
25 67281
737 67282
403 67283
620 67284
534 67285
279 67286
777 67287
28 67288
116 67289
432 67290
834 67291
210 67292
822 67293
235 67294
737 67295
482 67296
109 67297
507 67298
282 67299
471 67300
671 67301
613 67302
576 67303
274 67304
210 67305
654 67306
936 67307
876 67308
991 67309
202 67310
428 67311
623 67312
192 67313
876 67314
433 67315
164 67316
669 67317
890 67318
216 67319
166 67320
542 67321
174 67322
291 67323
704 67324
355 67325
365 67326
35 67327
895 67328
656 67329
325 67330
280 67331
538 67332
630 67333
834 67334
637 67335
388 67336
955 67337
215 67338
46 67339
631 67340
748 67341
102 67342
679 67343
811 67344
293 67345
350 67346
841 67347
381 67348
952 67349
506 67350
669 67351
462 67352
946 67353
584 67354
682 67355
721 67356
453 67357
706 67358
324 67359
226 67360
593 67361
554 67362
704 67363
360 67364
866 67365
455 67366
365 67367
955 67368
799 67369
238 67370
739 67371
791 67372
743 67373
921 67374
862 67375
944 67376
442 67377
793 67378
57 67379
156 67380
426 67381
590 67382
153 67383
683 67384
333 67385
431 67386
551 67387
365 67388
748 67389
961 67390
213 67391
775 67392
395 67393
982 67394
360 67395
43 67396
251 67397
297 67398
215 67399
640 67400
831 67401
851 67402
662 67403
145 67404
704 67405
662 67406
321 67407
819 67408
822 67409
814 67410
932 67411
176 67412
986 67413
27 67414
603 67415
398 67416
669 67417
205 67418
623 67419
519 67420
620 67421
770 67422
161 67423
97 67424
484 67425
486 67426
155 67427
876 67428
335 67429
273 67430
910 67431
360 67432
907 67433
741 67434
366 67435
609 67436
912 67437
309 67438
411 67439
381 67440
35 67441
536 67442
163 67443
956 67444
959 67445
547 67446
781 67447
84 67448
135 67449
337 67450
654 67451
377 67452
124 67453
543 67454
609 67455
878 67456
362 67457
830 67458
832 67459
128 67460
888 67461
913 67462
39 67463
36 67464
870 67465
526 67466
194 67467
740 67468
670 67469
234 67470
848 67471
457 67472
914 67473
762 67474
550 67475
385 67476
566 67477
881 67478
359 67479
913 67480
243 67481
546 67482
806 67483
113 67484
478 67485
879 67486
369 67487
527 67488
614 67489
476 67490
727 67491
871 67492
161 67493
856 67494
720 67495
421 67496
695 67497
677 67498
83 67499
674 67500
276 67501
758 67502
64 67503
63 67504
208 67505
101 67506
346 67507
74 67508
12 67509
91 67510
695 67511
593 67512
97 67513
694 67514
27 67515
12 67516
933 67517
72 67518
762 67519
248 67520
22 67521
599 67522
834 67523
939 67524
217 67525
854 67526
892 67527
43 67528
447 67529
44 67530
928 67531
18 67532
63 67533
240 67534
749 67535
150 67536
142 67537
614 67538
815 67539
578 67540
816 67541
112 67542
241 67543
49 67544
192 67545
414 67546
16 67547
65 67548
139 67549
864 67550
532 67551
600 67552
30 67553
971 67554
492 67555
342 67556
28 67557
681 67558
933 67559
101 67560
477 67561
659 67562
498 67563
958 67564
688 67565
679 67566
559 67567
797 67568
965 67569
678 67570
984 67571
680 67572
871 67573
976 67574
420 67575
907 67576
673 67577
812 67578
645 67579
822 67580
908 67581
284 67582
951 67583
438 67584
56 67585
537 67586
827 67587
166 67588
227 67589
121 67590
123 67591
372 67592
569 67593
540 67594
689 67595
320 67596
370 67597
512 67598
506 67599
357 67600
143 67601
694 67602
259 67603
550 67604
772 67605
876 67606
794 67607
515 67608
875 67609
935 67610
370 67611
462 67612
385 67613
491 67614
264 67615
384 67616
851 67617
887 67618
74 67619
38 67620
987 67621
224 67622
625 67623
38 67624
281 67625
38 67626
400 67627
904 67628
727 67629
940 67630
870 67631
583 67632
647 67633
32 67634
432 67635
750 67636
511 67637
914 67638
787 67639
395 67640
84 67641
194 67642
868 67643
396 67644
389 67645
913 67646
343 67647
333 67648
850 67649
527 67650
530 67651
370 67652
88 67653
498 67654
519 67655
171 67656
482 67657
73 67658
445 67659
806 67660
306 67661
117 67662
595 67663
944 67664
156 67665
32 67666
30 67667
973 67668
480 67669
935 67670
694 67671
624 67672
37 67673
49 67674
887 67675
889 67676
899 67677
297 67678
669 67679
927 67680
684 67681
95 67682
526 67683
187 67684
123 67685
474 67686
168 67687
513 67688
317 67689
686 67690
338 67691
740 67692
360 67693
46 67694
947 67695
995 67696
148 67697
811 67698
39 67699
287 67700
605 67701
860 67702
922 67703
541 67704
428 67705
661 67706
404 67707
832 67708
310 67709
357 67710
294 67711
807 67712
561 67713
515 67714
584 67715
607 67716
297 67717
214 67718
816 67719
284 67720
556 67721
532 67722
441 67723
956 67724
654 67725
841 67726
722 67727
464 67728
731 67729
926 67730
26 67731
791 67732
809 67733
123 67734
872 67735
533 67736
141 67737
125 67738
283 67739
145 67740
376 67741
276 67742
870 67743
332 67744
888 67745
452 67746
471 67747
300 67748
149 67749
275 67750
1000 67751
514 67752
47 67753
772 67754
165 67755
533 67756
482 67757
644 67758
533 67759
928 67760
4 67761
146 67762
692 67763
595 67764
282 67765
880 67766
651 67767
87 67768
333 67769
412 67770
722 67771
135 67772
703 67773
240 67774
475 67775
378 67776
243 67777
983 67778
604 67779
944 67780
82 67781
304 67782
920 67783
454 67784
882 67785
268 67786
231 67787
954 67788
221 67789
617 67790
482 67791
242 67792
958 67793
275 67794
105 67795
560 67796
376 67797
628 67798
748 67799
495 67800
534 67801
686 67802
366 67803
2 67804
123 67805
71 67806
27 67807
3 67808
691 67809
667 67810
858 67811
893 67812
96 67813
305 67814
426 67815
466 67816
359 67817
965 67818
991 67819
237 67820
339 67821
260 67822
316 67823
765 67824
637 67825
405 67826
989 67827
288 67828
906 67829
617 67830
84 67831
241 67832
303 67833
539 67834
291 67835
650 67836
432 67837
511 67838
218 67839
618 67840
123 67841
404 67842
708 67843
918 67844
106 67845
629 67846
317 67847
566 67848
224 67849
263 67850
40 67851
251 67852
526 67853
353 67854
888 67855
245 67856
713 67857
413 67858
122 67859
630 67860
916 67861
254 67862
138 67863
677 67864
749 67865
389 67866
546 67867
545 67868
357 67869
176 67870
699 67871
548 67872
631 67873
787 67874
95 67875
17 67876
674 67877
2 67878
89 67879
324 67880
152 67881
70 67882
112 67883
757 67884
264 67885
682 67886
129 67887
91 67888
350 67889
51 67890
820 67891
544 67892
3 67893
654 67894
992 67895
317 67896
121 67897
939 67898
685 67899
323 67900
861 67901
751 67902
994 67903
880 67904
615 67905
671 67906
579 67907
303 67908
100 67909
554 67910
362 67911
228 67912
228 67913
492 67914
398 67915
742 67916
934 67917
428 67918
269 67919
848 67920
717 67921
554 67922
504 67923
63 67924
763 67925
249 67926
53 67927
273 67928
421 67929
985 67930
226 67931
338 67932
633 67933
940 67934
145 67935
273 67936
538 67937
662 67938
440 67939
570 67940
603 67941
971 67942
682 67943
193 67944
911 67945
98 67946
577 67947
239 67948
71 67949
156 67950
63 67951
467 67952
643 67953
883 67954
853 67955
741 67956
971 67957
182 67958
581 67959
39 67960
133 67961
381 67962
28 67963
921 67964
646 67965
206 67966
753 67967
831 67968
982 67969
706 67970
797 67971
68 67972
400 67973
115 67974
446 67975
511 67976
737 67977
952 67978
311 67979
432 67980
564 67981
15 67982
813 67983
690 67984
480 67985
539 67986
703 67987
211 67988
666 67989
75 67990
431 67991
162 67992
195 67993
829 67994
90 67995
880 67996
729 67997
935 67998
304 67999
876 68000
323 68001
833 68002
486 68003
820 68004
360 68005
226 68006
485 68007
901 68008
759 68009
736 68010
676 68011
615 68012
315 68013
128 68014
549 68015
898 68016
537 68017
347 68018
635 68019
768 68020
498 68021
630 68022
346 68023
812 68024
100 68025
939 68026
106 68027
815 68028
520 68029
783 68030
784 68031
51 68032
29 68033
601 68034
854 68035
627 68036
776 68037
146 68038
316 68039
434 68040
314 68041
24 68042
939 68043
946 68044
592 68045
968 68046
142 68047
441 68048
58 68049
62 68050
468 68051
79 68052
188 68053
658 68054
302 68055
550 68056
418 68057
885 68058
81 68059
581 68060
203 68061
810 68062
656 68063
549 68064
250 68065
969 68066
819 68067
753 68068
280 68069
867 68070
185 68071
741 68072
933 68073
547 68074
347 68075
848 68076
624 68077
88 68078
40 68079
822 68080
174 68081
87 68082
699 68083
406 68084
800 68085
186 68086
516 68087
280 68088
116 68089
822 68090
905 68091
892 68092
394 68093
264 68094
401 68095
778 68096
614 68097
841 68098
501 68099
575 68100
854 68101
397 68102
204 68103
749 68104
715 68105
949 68106
396 68107
411 68108
965 68109
462 68110
543 68111
956 68112
550 68113
960 68114
320 68115
700 68116
197 68117
771 68118
247 68119
45 68120
410 68121
835 68122
511 68123
849 68124
413 68125
186 68126
341 68127
779 68128
174 68129
601 68130
690 68131
407 68132
465 68133
732 68134
341 68135
814 68136
180 68137
581 68138
387 68139
907 68140
713 68141
322 68142
514 68143
177 68144
94 68145
887 68146
396 68147
983 68148
486 68149
467 68150
153 68151
899 68152
466 68153
595 68154
615 68155
983 68156
644 68157
332 68158
29 68159
504 68160
673 68161
236 68162
588 68163
355 68164
911 68165
399 68166
169 68167
930 68168
794 68169
825 68170
355 68171
956 68172
155 68173
567 68174
733 68175
316 68176
60 68177
144 68178
720 68179
480 68180
510 68181
215 68182
735 68183
500 68184
311 68185
963 68186
5 68187
737 68188
221 68189
99 68190
731 68191
567 68192
409 68193
747 68194
108 68195
29 68196
633 68197
274 68198
499 68199
399 68200
92 68201
995 68202
15 68203
360 68204
31 68205
686 68206
924 68207
312 68208
785 68209
317 68210
572 68211
141 68212
545 68213
231 68214
810 68215
454 68216
560 68217
179 68218
62 68219
460 68220
684 68221
211 68222
880 68223
736 68224
913 68225
519 68226
322 68227
42 68228
604 68229
97 68230
925 68231
688 68232
49 68233
807 68234
952 68235
764 68236
392 68237
12 68238
489 68239
997 68240
276 68241
869 68242
508 68243
785 68244
181 68245
273 68246
795 68247
204 68248
975 68249
481 68250
630 68251
800 68252
426 68253
598 68254
532 68255
227 68256
223 68257
882 68258
290 68259
331 68260
470 68261
640 68262
846 68263
439 68264
487 68265
297 68266
987 68267
516 68268
548 68269
370 68270
850 68271
49 68272
812 68273
231 68274
593 68275
456 68276
136 68277
777 68278
71 68279
232 68280
767 68281
234 68282
678 68283
182 68284
544 68285
83 68286
172 68287
626 68288
531 68289
666 68290
653 68291
366 68292
538 68293
895 68294
479 68295
547 68296
270 68297
184 68298
208 68299
992 68300
211 68301
795 68302
543 68303
445 68304
775 68305
189 68306
690 68307
137 68308
487 68309
431 68310
787 68311
111 68312
761 68313
636 68314
975 68315
891 68316
250 68317
28 68318
319 68319
404 68320
974 68321
285 68322
228 68323
375 68324
516 68325
320 68326
499 68327
786 68328
776 68329
460 68330
233 68331
1 68332
695 68333
805 68334
964 68335
493 68336
167 68337
521 68338
635 68339
692 68340
833 68341
355 68342
929 68343
914 68344
465 68345
268 68346
750 68347
383 68348
583 68349
483 68350
887 68351
930 68352
37 68353
925 68354
135 68355
115 68356
481 68357
342 68358
166 68359
768 68360
371 68361
277 68362
761 68363
498 68364
217 68365
441 68366
193 68367
320 68368
822 68369
991 68370
410 68371
436 68372
319 68373
898 68374
55 68375
472 68376
805 68377
546 68378
873 68379
823 68380
789 68381
436 68382
820 68383
116 68384
385 68385
569 68386
278 68387
58 68388
783 68389
985 68390
189 68391
931 68392
564 68393
622 68394
924 68395
94 68396
229 68397
441 68398
242 68399
724 68400
325 68401
288 68402
556 68403
289 68404
337 68405
439 68406
771 68407
542 68408
114 68409
499 68410
759 68411
801 68412
640 68413
242 68414
883 68415
59 68416
568 68417
11 68418
539 68419
77 68420
750 68421
157 68422
802 68423
125 68424
192 68425
493 68426
72 68427
446 68428
299 68429
244 68430
434 68431
506 68432
286 68433
650 68434
48 68435
718 68436
497 68437
546 68438
74 68439
61 68440
874 68441
408 68442
91 68443
209 68444
70 68445
785 68446
144 68447
316 68448
253 68449
993 68450
520 68451
977 68452
408 68453
918 68454
721 68455
152 68456
264 68457
713 68458
204 68459
37 68460
937 68461
484 68462
920 68463
315 68464
769 68465
137 68466
12 68467
242 68468
999 68469
302 68470
749 68471
435 68472
802 68473
793 68474
561 68475
257 68476
20 68477
620 68478
247 68479
58 68480
34 68481
629 68482
918 68483
133 68484
738 68485
683 68486
234 68487
923 68488
138 68489
625 68490
650 68491
627 68492
377 68493
646 68494
421 68495
724 68496
172 68497
952 68498
377 68499
806 68500
491 68501
90 68502
299 68503
981 68504
531 68505
334 68506
420 68507
497 68508
992 68509
39 68510
730 68511
547 68512
890 68513
439 68514
889 68515
758 68516
682 68517
11 68518
750 68519
560 68520
987 68521
639 68522
909 68523
586 68524
665 68525
855 68526
727 68527
14 68528
570 68529
812 68530
320 68531
79 68532
301 68533
831 68534
530 68535
633 68536
312 68537
276 68538
57 68539
716 68540
322 68541
670 68542
362 68543
729 68544
52 68545
540 68546
580 68547
79 68548
806 68549
846 68550
729 68551
705 68552
382 68553
16 68554
990 68555
500 68556
286 68557
385 68558
363 68559
305 68560
930 68561
95 68562
368 68563
959 68564
208 68565
393 68566
151 68567
3 68568
345 68569
313 68570
970 68571
985 68572
288 68573
784 68574
345 68575
992 68576
849 68577
93 68578
723 68579
42 68580
657 68581
387 68582
505 68583
596 68584
96 68585
673 68586
197 68587
221 68588
260 68589
658 68590
44 68591
739 68592
50 68593
564 68594
479 68595
844 68596
16 68597
380 68598
70 68599
468 68600
1 68601
913 68602
158 68603
178 68604
57 68605
290 68606
383 68607
59 68608
471 68609
114 68610
637 68611
695 68612
248 68613
923 68614
952 68615
557 68616
327 68617
278 68618
1000 68619
846 68620
937 68621
181 68622
934 68623
683 68624
444 68625
186 68626
658 68627
309 68628
582 68629
680 68630
841 68631
118 68632
286 68633
538 68634
806 68635
894 68636
522 68637
87 68638
687 68639
148 68640
670 68641
644 68642
527 68643
896 68644
695 68645
209 68646
839 68647
434 68648
162 68649
144 68650
764 68651
429 68652
318 68653
546 68654
331 68655
977 68656
271 68657
953 68658
167 68659
413 68660
414 68661
321 68662
323 68663
811 68664
584 68665
921 68666
385 68667
441 68668
512 68669
114 68670
411 68671
924 68672
382 68673
751 68674
799 68675
579 68676
94 68677
411 68678
321 68679
732 68680
251 68681
880 68682
901 68683
353 68684
325 68685
421 68686
702 68687
702 68688
829 68689
61 68690
894 68691
893 68692
508 68693
397 68694
648 68695
544 68696
480 68697
747 68698
81 68699
275 68700
554 68701
430 68702
160 68703
234 68704
465 68705
486 68706
951 68707
630 68708
686 68709
829 68710
875 68711
211 68712
431 68713
338 68714
880 68715
257 68716
269 68717
164 68718
748 68719
816 68720
115 68721
451 68722
741 68723
826 68724
554 68725
437 68726
630 68727
743 68728
859 68729
353 68730
806 68731
69 68732
138 68733
942 68734
16 68735
305 68736
842 68737
22 68738
105 68739
262 68740
120 68741
471 68742
681 68743
679 68744
262 68745
465 68746
71 68747
707 68748
344 68749
784 68750
653 68751
146 68752
431 68753
946 68754
320 68755
863 68756
292 68757
793 68758
883 68759
603 68760
45 68761
183 68762
195 68763
729 68764
639 68765
103 68766
371 68767
846 68768
884 68769
266 68770
573 68771
172 68772
88 68773
495 68774
728 68775
121 68776
433 68777
9 68778
504 68779
264 68780
102 68781
828 68782
267 68783
650 68784
519 68785
969 68786
661 68787
780 68788
402 68789
858 68790
341 68791
978 68792
975 68793
965 68794
202 68795
60 68796
835 68797
894 68798
596 68799
260 68800
414 68801
566 68802
478 68803
375 68804
418 68805
701 68806
753 68807
770 68808
434 68809
92 68810
666 68811
345 68812
991 68813
422 68814
157 68815
285 68816
920 68817
998 68818
810 68819
783 68820
492 68821
661 68822
564 68823
774 68824
871 68825
794 68826
236 68827
566 68828
456 68829
461 68830
641 68831
731 68832
897 68833
466 68834
18 68835
971 68836
566 68837
91 68838
567 68839
863 68840
301 68841
534 68842
593 68843
190 68844
503 68845
612 68846
796 68847
487 68848
20 68849
777 68850
53 68851
761 68852
614 68853
975 68854
320 68855
566 68856
963 68857
9 68858
152 68859
479 68860
109 68861
680 68862
104 68863
900 68864
512 68865
970 68866
656 68867
374 68868
84 68869
454 68870
607 68871
767 68872
91 68873
650 68874
193 68875
994 68876
881 68877
44 68878
474 68879
331 68880
818 68881
590 68882
465 68883
795 68884
928 68885
350 68886
134 68887
305 68888
328 68889
457 68890
453 68891
497 68892
760 68893
729 68894
315 68895
570 68896
479 68897
94 68898
947 68899
751 68900
442 68901
36 68902
607 68903
384 68904
292 68905
984 68906
82 68907
56 68908
548 68909
300 68910
428 68911
932 68912
173 68913
379 68914
251 68915
8 68916
204 68917
99 68918
542 68919
550 68920
825 68921
910 68922
94 68923
58 68924
993 68925
360 68926
80 68927
779 68928
993 68929
111 68930
371 68931
324 68932
304 68933
716 68934
610 68935
141 68936
712 68937
197 68938
561 68939
991 68940
51 68941
577 68942
403 68943
831 68944
435 68945
775 68946
123 68947
864 68948
356 68949
515 68950
674 68951
414 68952
84 68953
502 68954
989 68955
185 68956
847 68957
414 68958
140 68959
449 68960
828 68961
167 68962
174 68963
442 68964
619 68965
648 68966
543 68967
806 68968
449 68969
191 68970
992 68971
69 68972
204 68973
754 68974
472 68975
790 68976
603 68977
897 68978
685 68979
29 68980
309 68981
244 68982
351 68983
954 68984
124 68985
677 68986
342 68987
97 68988
700 68989
767 68990
890 68991
112 68992
138 68993
84 68994
193 68995
130 68996
341 68997
158 68998
233 68999
699 69000
280 69001
276 69002
902 69003
389 69004
839 69005
559 69006
108 69007
986 69008
957 69009
519 69010
641 69011
339 69012
216 69013
262 69014
448 69015
825 69016
791 69017
569 69018
356 69019
93 69020
173 69021
42 69022
546 69023
213 69024
518 69025
855 69026
501 69027
493 69028
711 69029
773 69030
185 69031
892 69032
500 69033
727 69034
421 69035
164 69036
352 69037
156 69038
957 69039
140 69040
871 69041
409 69042
231 69043
51 69044
209 69045
92 69046
629 69047
92 69048
737 69049
805 69050
132 69051
100 69052
103 69053
339 69054
859 69055
357 69056
264 69057
211 69058
388 69059
118 69060
364 69061
742 69062
876 69063
668 69064
492 69065
249 69066
889 69067
408 69068
363 69069
968 69070
451 69071
742 69072
596 69073
263 69074
756 69075
845 69076
146 69077
746 69078
946 69079
927 69080
624 69081
151 69082
692 69083
840 69084
950 69085
595 69086
465 69087
529 69088
930 69089
470 69090
15 69091
407 69092
205 69093
488 69094
903 69095
273 69096
36 69097
442 69098
635 69099
230 69100
996 69101
534 69102
505 69103
426 69104
980 69105
166 69106
453 69107
746 69108
297 69109
814 69110
700 69111
150 69112
124 69113
643 69114
378 69115
254 69116
993 69117
470 69118
609 69119
459 69120
930 69121
837 69122
574 69123
974 69124
189 69125
875 69126
251 69127
217 69128
349 69129
186 69130
538 69131
631 69132
780 69133
192 69134
951 69135
827 69136
727 69137
531 69138
405 69139
122 69140
856 69141
745 69142
226 69143
877 69144
446 69145
20 69146
839 69147
483 69148
162 69149
947 69150
678 69151
409 69152
772 69153
856 69154
325 69155
665 69156
185 69157
914 69158
614 69159
194 69160
775 69161
765 69162
486 69163
622 69164
378 69165
279 69166
765 69167
545 69168
892 69169
807 69170
601 69171
625 69172
269 69173
958 69174
286 69175
518 69176
274 69177
267 69178
224 69179
798 69180
577 69181
453 69182
142 69183
61 69184
545 69185
263 69186
378 69187
834 69188
860 69189
52 69190
468 69191
398 69192
573 69193
407 69194
409 69195
861 69196
602 69197
995 69198
580 69199
445 69200
782 69201
959 69202
338 69203
512 69204
30 69205
364 69206
746 69207
790 69208
645 69209
566 69210
587 69211
890 69212
34 69213
774 69214
65 69215
637 69216
892 69217
387 69218
176 69219
453 69220
411 69221
309 69222
595 69223
612 69224
236 69225
714 69226
721 69227
456 69228
971 69229
127 69230
231 69231
274 69232
427 69233
451 69234
9 69235
160 69236
46 69237
558 69238
436 69239
245 69240
692 69241
464 69242
905 69243
267 69244
714 69245
219 69246
582 69247
912 69248
170 69249
216 69250
310 69251
190 69252
127 69253
270 69254
857 69255
95 69256
711 69257
754 69258
870 69259
117 69260
907 69261
180 69262
337 69263
215 69264
330 69265
226 69266
54 69267
739 69268
978 69269
419 69270
966 69271
812 69272
260 69273
976 69274
282 69275
241 69276
20 69277
914 69278
532 69279
676 69280
329 69281
341 69282
39 69283
506 69284
736 69285
661 69286
712 69287
174 69288
610 69289
84 69290
74 69291
24 69292
532 69293
466 69294
255 69295
757 69296
317 69297
222 69298
219 69299
56 69300
345 69301
853 69302
177 69303
17 69304
356 69305
633 69306
150 69307
538 69308
833 69309
173 69310
930 69311
917 69312
648 69313
947 69314
792 69315
918 69316
612 69317
664 69318
20 69319
49 69320
263 69321
98 69322
760 69323
541 69324
573 69325
653 69326
607 69327
265 69328
263 69329
820 69330
968 69331
817 69332
594 69333
832 69334
355 69335
453 69336
239 69337
638 69338
656 69339
871 69340
649 69341
547 69342
43 69343
341 69344
922 69345
862 69346
810 69347
444 69348
952 69349
534 69350
70 69351
763 69352
967 69353
485 69354
89 69355
746 69356
739 69357
274 69358
843 69359
551 69360
431 69361
346 69362
675 69363
994 69364
807 69365
419 69366
767 69367
720 69368
729 69369
689 69370
308 69371
962 69372
247 69373
117 69374
703 69375
63 69376
426 69377
470 69378
486 69379
150 69380
438 69381
951 69382
437 69383
277 69384
989 69385
183 69386
680 69387
43 69388
630 69389
324 69390
12 69391
302 69392
2 69393
967 69394
380 69395
504 69396
527 69397
203 69398
355 69399
700 69400
601 69401
753 69402
900 69403
195 69404
471 69405
597 69406
158 69407
639 69408
602 69409
491 69410
208 69411
980 69412
589 69413
760 69414
653 69415
330 69416
272 69417
961 69418
742 69419
115 69420
871 69421
372 69422
828 69423
138 69424
315 69425
975 69426
262 69427
810 69428
346 69429
401 69430
714 69431
292 69432
840 69433
93 69434
123 69435
749 69436
649 69437
580 69438
230 69439
254 69440
739 69441
501 69442
198 69443
321 69444
144 69445
707 69446
221 69447
551 69448
185 69449
329 69450
949 69451
866 69452
654 69453
218 69454
891 69455
35 69456
508 69457
704 69458
771 69459
146 69460
447 69461
738 69462
875 69463
600 69464
392 69465
174 69466
381 69467
700 69468
507 69469
376 69470
480 69471
930 69472
885 69473
57 69474
404 69475
721 69476
860 69477
746 69478
589 69479
989 69480
103 69481
28 69482
194 69483
203 69484
497 69485
667 69486
404 69487
784 69488
333 69489
413 69490
391 69491
483 69492
669 69493
621 69494
228 69495
919 69496
143 69497
327 69498
516 69499
77 69500
558 69501
627 69502
407 69503
887 69504
654 69505
596 69506
264 69507
138 69508
825 69509
162 69510
156 69511
492 69512
726 69513
865 69514
561 69515
754 69516
715 69517
181 69518
93 69519
158 69520
377 69521
375 69522
567 69523
562 69524
830 69525
338 69526
631 69527
478 69528
831 69529
110 69530
138 69531
856 69532
196 69533
584 69534
642 69535
846 69536
383 69537
4 69538
477 69539
103 69540
270 69541
871 69542
406 69543
399 69544
446 69545
878 69546
851 69547
97 69548
599 69549
157 69550
380 69551
315 69552
373 69553
329 69554
786 69555
384 69556
464 69557
87 69558
386 69559
29 69560
458 69561
286 69562
440 69563
133 69564
983 69565
697 69566
540 69567
414 69568
435 69569
244 69570
57 69571
922 69572
397 69573
366 69574
128 69575
835 69576
109 69577
771 69578
853 69579
299 69580
305 69581
488 69582
352 69583
88 69584
738 69585
430 69586
275 69587
97 69588
750 69589
31 69590
575 69591
717 69592
704 69593
474 69594
46 69595
144 69596
442 69597
915 69598
756 69599
321 69600
132 69601
391 69602
625 69603
382 69604
676 69605
564 69606
900 69607
937 69608
938 69609
101 69610
426 69611
358 69612
354 69613
356 69614
318 69615
201 69616
189 69617
961 69618
558 69619
744 69620
605 69621
810 69622
289 69623
508 69624
787 69625
731 69626
755 69627
848 69628
722 69629
716 69630
519 69631
574 69632
79 69633
479 69634
997 69635
786 69636
448 69637
123 69638
402 69639
531 69640
996 69641
328 69642
971 69643
400 69644
868 69645
845 69646
749 69647
831 69648
352 69649
700 69650
414 69651
618 69652
270 69653
983 69654
163 69655
237 69656
457 69657
722 69658
936 69659
701 69660
153 69661
873 69662
961 69663
215 69664
896 69665
298 69666
681 69667
146 69668
842 69669
797 69670
191 69671
257 69672
781 69673
202 69674
809 69675
3 69676
631 69677
810 69678
315 69679
228 69680
295 69681
169 69682
477 69683
247 69684
286 69685
307 69686
591 69687
359 69688
722 69689
65 69690
117 69691
631 69692
123 69693
807 69694
187 69695
817 69696
748 69697
775 69698
916 69699
271 69700
894 69701
690 69702
727 69703
588 69704
799 69705
790 69706
786 69707
359 69708
47 69709
714 69710
901 69711
767 69712
797 69713
937 69714
74 69715
422 69716
697 69717
934 69718
652 69719
912 69720
728 69721
148 69722
148 69723
711 69724
464 69725
589 69726
100 69727
657 69728
911 69729
300 69730
883 69731
250 69732
493 69733
20 69734
165 69735
292 69736
76 69737
371 69738
130 69739
716 69740
900 69741
152 69742
52 69743
400 69744
678 69745
423 69746
305 69747
997 69748
667 69749
850 69750
963 69751
277 69752
596 69753
702 69754
97 69755
849 69756
275 69757
538 69758
603 69759
708 69760
909 69761
247 69762
939 69763
803 69764
247 69765
640 69766
77 69767
916 69768
777 69769
305 69770
874 69771
86 69772
703 69773
174 69774
624 69775
376 69776
366 69777
219 69778
945 69779
409 69780
340 69781
269 69782
673 69783
159 69784
90 69785
266 69786
777 69787
652 69788
429 69789
387 69790
968 69791
672 69792
918 69793
992 69794
266 69795
931 69796
386 69797
720 69798
129 69799
30 69800
722 69801
766 69802
51 69803
508 69804
684 69805
24 69806
367 69807
173 69808
470 69809
30 69810
140 69811
489 69812
707 69813
611 69814
464 69815
666 69816
468 69817
657 69818
30 69819
140 69820
19 69821
774 69822
149 69823
741 69824
736 69825
860 69826
347 69827
779 69828
947 69829
946 69830
452 69831
219 69832
988 69833
377 69834
331 69835
64 69836
884 69837
592 69838
454 69839
111 69840
808 69841
438 69842
724 69843
894 69844
790 69845
376 69846
569 69847
343 69848
399 69849
332 69850
78 69851
347 69852
226 69853
697 69854
264 69855
895 69856
870 69857
336 69858
449 69859
638 69860
876 69861
150 69862
786 69863
449 69864
160 69865
832 69866
878 69867
77 69868
551 69869
255 69870
445 69871
611 69872
743 69873
795 69874
818 69875
469 69876
502 69877
881 69878
716 69879
320 69880
593 69881
199 69882
564 69883
18 69884
522 69885
574 69886
554 69887
924 69888
87 69889
940 69890
845 69891
807 69892
882 69893
287 69894
761 69895
777 69896
20 69897
937 69898
241 69899
623 69900
74 69901
675 69902
901 69903
414 69904
278 69905
422 69906
445 69907
646 69908
788 69909
65 69910
716 69911
617 69912
308 69913
363 69914
545 69915
104 69916
707 69917
893 69918
294 69919
875 69920
178 69921
331 69922
751 69923
150 69924
426 69925
897 69926
959 69927
355 69928
166 69929
680 69930
207 69931
889 69932
653 69933
298 69934
854 69935
166 69936
855 69937
638 69938
353 69939
713 69940
453 69941
590 69942
188 69943
474 69944
422 69945
259 69946
839 69947
730 69948
934 69949
624 69950
889 69951
845 69952
880 69953
733 69954
880 69955
941 69956
471 69957
534 69958
741 69959
425 69960
308 69961
506 69962
667 69963
158 69964
287 69965
759 69966
561 69967
78 69968
867 69969
356 69970
722 69971
311 69972
126 69973
690 69974
326 69975
807 69976
890 69977
875 69978
59 69979
431 69980
701 69981
87 69982
901 69983
776 69984
537 69985
796 69986
12 69987
665 69988
62 69989
943 69990
344 69991
139 69992
999 69993
880 69994
872 69995
683 69996
60 69997
850 69998
30 69999
903 70000
131 70001
264 70002
561 70003
61 70004
738 70005
286 70006
673 70007
992 70008
806 70009
33 70010
468 70011
989 70012
290 70013
272 70014
856 70015
322 70016
189 70017
70 70018
867 70019
317 70020
32 70021
132 70022
329 70023
72 70024
885 70025
351 70026
306 70027
609 70028
143 70029
808 70030
572 70031
95 70032
844 70033
282 70034
933 70035
373 70036
837 70037
191 70038
698 70039
837 70040
50 70041
169 70042
700 70043
222 70044
497 70045
67 70046
211 70047
977 70048
333 70049
256 70050
621 70051
318 70052
300 70053
981 70054
649 70055
135 70056
748 70057
250 70058
655 70059
55 70060
250 70061
434 70062
415 70063
329 70064
581 70065
418 70066
447 70067
107 70068
958 70069
881 70070
170 70071
54 70072
674 70073
241 70074
992 70075
191 70076
862 70077
273 70078
770 70079
838 70080
950 70081
202 70082
787 70083
109 70084
404 70085
440 70086
733 70087
55 70088
978 70089
364 70090
108 70091
306 70092
614 70093
963 70094
483 70095
186 70096
57 70097
255 70098
403 70099
473 70100
787 70101
360 70102
769 70103
168 70104
553 70105
574 70106
852 70107
840 70108
635 70109
668 70110
684 70111
411 70112
356 70113
547 70114
502 70115
415 70116
717 70117
987 70118
364 70119
581 70120
718 70121
874 70122
765 70123
220 70124
269 70125
941 70126
803 70127
898 70128
149 70129
182 70130
844 70131
642 70132
218 70133
605 70134
25 70135
610 70136
638 70137
478 70138
437 70139
114 70140
183 70141
397 70142
537 70143
172 70144
858 70145
23 70146
76 70147
605 70148
492 70149
755 70150
251 70151
347 70152
191 70153
331 70154
884 70155
749 70156
706 70157
350 70158
742 70159
506 70160
636 70161
586 70162
289 70163
442 70164
716 70165
222 70166
71 70167
727 70168
312 70169
338 70170
80 70171
136 70172
865 70173
772 70174
289 70175
764 70176
112 70177
257 70178
438 70179
304 70180
25 70181
924 70182
157 70183
40 70184
437 70185
214 70186
574 70187
16 70188
488 70189
611 70190
283 70191
48 70192
237 70193
663 70194
215 70195
412 70196
884 70197
776 70198
813 70199
853 70200
924 70201
941 70202
737 70203
577 70204
85 70205
529 70206
966 70207
466 70208
397 70209
990 70210
599 70211
775 70212
230 70213
85 70214
590 70215
448 70216
198 70217
334 70218
409 70219
793 70220
478 70221
898 70222
257 70223
436 70224
535 70225
774 70226
746 70227
754 70228
267 70229
618 70230
370 70231
332 70232
355 70233
537 70234
650 70235
781 70236
796 70237
386 70238
929 70239
472 70240
154 70241
483 70242
151 70243
214 70244
560 70245
775 70246
7 70247
999 70248
332 70249
711 70250
276 70251
713 70252
211 70253
259 70254
831 70255
550 70256
502 70257
409 70258
156 70259
918 70260
398 70261
153 70262
706 70263
470 70264
225 70265
589 70266
807 70267
509 70268
446 70269
645 70270
248 70271
410 70272
258 70273
156 70274
439 70275
815 70276
682 70277
936 70278
477 70279
322 70280
640 70281
905 70282
512 70283
25 70284
626 70285
556 70286
851 70287
894 70288
14 70289
302 70290
556 70291
690 70292
278 70293
250 70294
763 70295
830 70296
135 70297
552 70298
625 70299
60 70300
693 70301
62 70302
199 70303
188 70304
312 70305
295 70306
757 70307
597 70308
196 70309
882 70310
132 70311
485 70312
493 70313
930 70314
437 70315
815 70316
63 70317
529 70318
260 70319
519 70320
137 70321
688 70322
505 70323
815 70324
225 70325
354 70326
84 70327
103 70328
792 70329
792 70330
444 70331
169 70332
688 70333
964 70334
595 70335
733 70336
578 70337
773 70338
82 70339
558 70340
833 70341
118 70342
252 70343
576 70344
397 70345
952 70346
480 70347
202 70348
66 70349
65 70350
275 70351
411 70352
449 70353
370 70354
96 70355
540 70356
736 70357
62 70358
973 70359
12 70360
58 70361
186 70362
916 70363
58 70364
710 70365
942 70366
761 70367
732 70368
622 70369
480 70370
342 70371
64 70372
129 70373
16 70374
413 70375
65 70376
122 70377
650 70378
52 70379
523 70380
765 70381
672 70382
182 70383
595 70384
12 70385
114 70386
895 70387
105 70388
718 70389
826 70390
933 70391
826 70392
297 70393
484 70394
353 70395
195 70396
537 70397
2 70398
212 70399
519 70400
137 70401
473 70402
22 70403
661 70404
743 70405
493 70406
466 70407
859 70408
744 70409
507 70410
345 70411
192 70412
823 70413
468 70414
413 70415
587 70416
267 70417
830 70418
67 70419
51 70420
862 70421
45 70422
646 70423
972 70424
980 70425
570 70426
169 70427
544 70428
61 70429
571 70430
83 70431
4 70432
399 70433
100 70434
353 70435
463 70436
854 70437
20 70438
375 70439
212 70440
168 70441
831 70442
532 70443
850 70444
782 70445
576 70446
200 70447
502 70448
716 70449
857 70450
787 70451
599 70452
294 70453
976 70454
479 70455
428 70456
197 70457
772 70458
801 70459
386 70460
565 70461
168 70462
260 70463
696 70464
647 70465
559 70466
447 70467
215 70468
184 70469
792 70470
954 70471
272 70472
745 70473
439 70474
752 70475
574 70476
303 70477
837 70478
1 70479
259 70480
150 70481
825 70482
431 70483
922 70484
413 70485
980 70486
643 70487
861 70488
657 70489
533 70490
74 70491
777 70492
87 70493
692 70494
293 70495
371 70496
811 70497
604 70498
228 70499
568 70500
416 70501
563 70502
835 70503
78 70504
542 70505
713 70506
855 70507
431 70508
396 70509
762 70510
523 70511
237 70512
469 70513
944 70514
881 70515
133 70516
813 70517
965 70518
549 70519
520 70520
677 70521
847 70522
621 70523
123 70524
601 70525
4 70526
827 70527
956 70528
415 70529
786 70530
813 70531
222 70532
301 70533
780 70534
464 70535
477 70536
742 70537
28 70538
949 70539
126 70540
266 70541
282 70542
267 70543
852 70544
929 70545
250 70546
663 70547
159 70548
708 70549
342 70550
307 70551
548 70552
126 70553
515 70554
341 70555
428 70556
30 70557
820 70558
232 70559
78 70560
96 70561
610 70562
177 70563
293 70564
160 70565
995 70566
906 70567
478 70568
459 70569
856 70570
363 70571
625 70572
622 70573
588 70574
361 70575
494 70576
327 70577
738 70578
672 70579
674 70580
850 70581
765 70582
734 70583
854 70584
511 70585
40 70586
506 70587
448 70588
719 70589
940 70590
702 70591
543 70592
588 70593
202 70594
192 70595
345 70596
509 70597
691 70598
135 70599
286 70600
894 70601
871 70602
510 70603
222 70604
895 70605
299 70606
935 70607
111 70608
349 70609
660 70610
422 70611
539 70612
947 70613
18 70614
753 70615
558 70616
724 70617
173 70618
434 70619
998 70620
517 70621
974 70622
66 70623
428 70624
862 70625
151 70626
892 70627
110 70628
751 70629
195 70630
941 70631
983 70632
707 70633
315 70634
761 70635
529 70636
842 70637
986 70638
189 70639
79 70640
230 70641
269 70642
822 70643
559 70644
905 70645
454 70646
507 70647
341 70648
69 70649
131 70650
547 70651
323 70652
172 70653
408 70654
357 70655
947 70656
869 70657
899 70658
67 70659
362 70660
451 70661
598 70662
811 70663
77 70664
588 70665
68 70666
348 70667
149 70668
19 70669
742 70670
816 70671
419 70672
5 70673
831 70674
955 70675
688 70676
465 70677
751 70678
191 70679
851 70680
236 70681
870 70682
149 70683
609 70684
913 70685
328 70686
545 70687
169 70688
282 70689
41 70690
131 70691
145 70692
675 70693
613 70694
895 70695
91 70696
892 70697
96 70698
396 70699
757 70700
357 70701
146 70702
547 70703
309 70704
856 70705
926 70706
949 70707
26 70708
273 70709
256 70710
810 70711
666 70712
716 70713
152 70714
372 70715
303 70716
378 70717
197 70718
69 70719
123 70720
402 70721
152 70722
512 70723
928 70724
373 70725
797 70726
547 70727
220 70728
409 70729
669 70730
4 70731
632 70732
552 70733
613 70734
829 70735
978 70736
758 70737
992 70738
847 70739
439 70740
4 70741
471 70742
945 70743
38 70744
600 70745
918 70746
219 70747
353 70748
993 70749
565 70750
338 70751
493 70752
114 70753
389 70754
604 70755
636 70756
411 70757
141 70758
247 70759
923 70760
853 70761
583 70762
440 70763
284 70764
901 70765
41 70766
711 70767
585 70768
453 70769
67 70770
259 70771
317 70772
769 70773
92 70774
655 70775
198 70776
166 70777
917 70778
357 70779
285 70780
963 70781
339 70782
192 70783
402 70784
51 70785
43 70786
667 70787
360 70788
670 70789
874 70790
889 70791
309 70792
463 70793
813 70794
337 70795
243 70796
103 70797
680 70798
553 70799
108 70800
966 70801
945 70802
105 70803
337 70804
375 70805
51 70806
621 70807
684 70808
336 70809
78 70810
971 70811
914 70812
834 70813
166 70814
74 70815
854 70816
80 70817
905 70818
203 70819
787 70820
653 70821
416 70822
814 70823
725 70824
896 70825
626 70826
59 70827
143 70828
209 70829
459 70830
175 70831
676 70832
213 70833
98 70834
629 70835
18 70836
634 70837
224 70838
419 70839
395 70840
191 70841
254 70842
163 70843
272 70844
558 70845
637 70846
525 70847
724 70848
852 70849
757 70850
890 70851
715 70852
919 70853
959 70854
757 70855
602 70856
348 70857
900 70858
984 70859
779 70860
169 70861
657 70862
459 70863
841 70864
721 70865
677 70866
63 70867
573 70868
876 70869
252 70870
492 70871
481 70872
101 70873
387 70874
280 70875
740 70876
576 70877
482 70878
255 70879
145 70880
629 70881
644 70882
95 70883
992 70884
83 70885
822 70886
612 70887
803 70888
280 70889
910 70890
531 70891
360 70892
939 70893
587 70894
846 70895
312 70896
536 70897
213 70898
801 70899
975 70900
318 70901
394 70902
37 70903
291 70904
348 70905
915 70906
560 70907
874 70908
825 70909
155 70910
585 70911
913 70912
842 70913
551 70914
839 70915
751 70916
711 70917
187 70918
683 70919
948 70920
35 70921
372 70922
163 70923
769 70924
892 70925
201 70926
836 70927
797 70928
846 70929
163 70930
465 70931
142 70932
659 70933
561 70934
554 70935
194 70936
794 70937
513 70938
539 70939
591 70940
489 70941
292 70942
216 70943
907 70944
152 70945
304 70946
953 70947
98 70948
824 70949
985 70950
775 70951
726 70952
462 70953
137 70954
948 70955
936 70956
296 70957
6 70958
166 70959
742 70960
6 70961
348 70962
676 70963
723 70964
645 70965
230 70966
481 70967
687 70968
335 70969
755 70970
48 70971
742 70972
662 70973
917 70974
520 70975
689 70976
900 70977
927 70978
258 70979
715 70980
957 70981
325 70982
484 70983
534 70984
343 70985
153 70986
628 70987
863 70988
10 70989
645 70990
523 70991
511 70992
914 70993
885 70994
636 70995
688 70996
429 70997
433 70998
498 70999
699 71000
406 71001
73 71002
637 71003
88 71004
18 71005
437 71006
557 71007
158 71008
794 71009
207 71010
591 71011
815 71012
600 71013
191 71014
53 71015
497 71016
208 71017
251 71018
121 71019
168 71020
304 71021
141 71022
557 71023
845 71024
131 71025
996 71026
700 71027
326 71028
26 71029
486 71030
240 71031
555 71032
799 71033
73 71034
794 71035
814 71036
323 71037
317 71038
621 71039
145 71040
492 71041
607 71042
330 71043
297 71044
768 71045
761 71046
716 71047
4 71048
983 71049
280 71050
249 71051
188 71052
258 71053
58 71054
116 71055
297 71056
812 71057
860 71058
808 71059
819 71060
93 71061
551 71062
712 71063
605 71064
38 71065
727 71066
986 71067
849 71068
112 71069
139 71070
784 71071
822 71072
603 71073
177 71074
984 71075
314 71076
880 71077
866 71078
963 71079
168 71080
390 71081
897 71082
319 71083
726 71084
185 71085
284 71086
10 71087
427 71088
866 71089
794 71090
418 71091
527 71092
104 71093
992 71094
510 71095
494 71096
877 71097
660 71098
840 71099
945 71100
183 71101
453 71102
725 71103
311 71104
459 71105
618 71106
433 71107
346 71108
311 71109
507 71110
425 71111
848 71112
105 71113
932 71114
4 71115
744 71116
939 71117
694 71118
94 71119
721 71120
542 71121
476 71122
159 71123
572 71124
174 71125
46 71126
531 71127
246 71128
44 71129
551 71130
424 71131
64 71132
885 71133
3 71134
59 71135
576 71136
781 71137
363 71138
970 71139
618 71140
758 71141
965 71142
532 71143
969 71144
152 71145
551 71146
372 71147
138 71148
201 71149
936 71150
488 71151
164 71152
209 71153
202 71154
650 71155
45 71156
204 71157
831 71158
836 71159
639 71160
460 71161
901 71162
673 71163
88 71164
13 71165
859 71166
813 71167
64 71168
147 71169
645 71170
74 71171
483 71172
986 71173
15 71174
8 71175
829 71176
388 71177
114 71178
999 71179
1000 71180
659 71181
333 71182
240 71183
99 71184
215 71185
921 71186
180 71187
283 71188
633 71189
93 71190
401 71191
300 71192
931 71193
301 71194
945 71195
739 71196
812 71197
839 71198
521 71199
346 71200
627 71201
698 71202
309 71203
543 71204
522 71205
306 71206
174 71207
501 71208
586 71209
131 71210
22 71211
897 71212
506 71213
30 71214
261 71215
198 71216
84 71217
274 71218
359 71219
5 71220
679 71221
71 71222
399 71223
515 71224
259 71225
46 71226
796 71227
912 71228
70 71229
489 71230
487 71231
249 71232
8 71233
625 71234
485 71235
80 71236
845 71237
874 71238
281 71239
127 71240
535 71241
346 71242
612 71243
370 71244
101 71245
297 71246
245 71247
931 71248
409 71249
687 71250
765 71251
600 71252
494 71253
148 71254
389 71255
314 71256
371 71257
156 71258
908 71259
162 71260
577 71261
248 71262
790 71263
958 71264
235 71265
251 71266
589 71267
47 71268
939 71269
226 71270
395 71271
316 71272
425 71273
425 71274
139 71275
198 71276
94 71277
748 71278
670 71279
858 71280
43 71281
157 71282
497 71283
439 71284
578 71285
55 71286
180 71287
462 71288
15 71289
147 71290
781 71291
918 71292
935 71293
813 71294
374 71295
583 71296
369 71297
114 71298
171 71299
892 71300
369 71301
702 71302
154 71303
260 71304
279 71305
221 71306
445 71307
215 71308
982 71309
438 71310
174 71311
633 71312
231 71313
747 71314
252 71315
276 71316
554 71317
548 71318
133 71319
361 71320
789 71321
455 71322
516 71323
89 71324
470 71325
566 71326
614 71327
71 71328
756 71329
811 71330
631 71331
166 71332
345 71333
171 71334
659 71335
824 71336
385 71337
312 71338
249 71339
616 71340
306 71341
528 71342
968 71343
985 71344
11 71345
18 71346
229 71347
795 71348
652 71349
626 71350
58 71351
249 71352
881 71353
940 71354
564 71355
193 71356
203 71357
669 71358
921 71359
319 71360
875 71361
520 71362
501 71363
53 71364
764 71365
231 71366
894 71367
789 71368
990 71369
616 71370
828 71371
644 71372
955 71373
79 71374
130 71375
93 71376
882 71377
278 71378
497 71379
901 71380
359 71381
187 71382
915 71383
163 71384
325 71385
744 71386
613 71387
434 71388
370 71389
800 71390
909 71391
226 71392
912 71393
993 71394
134 71395
969 71396
741 71397
87 71398
504 71399
539 71400
682 71401
600 71402
887 71403
164 71404
154 71405
116 71406
156 71407
307 71408
353 71409
714 71410
193 71411
62 71412
158 71413
998 71414
401 71415
139 71416
244 71417
383 71418
552 71419
998 71420
513 71421
90 71422
831 71423
738 71424
234 71425
881 71426
756 71427
919 71428
879 71429
272 71430
333 71431
793 71432
451 71433
22 71434
784 71435
929 71436
451 71437
235 71438
174 71439
444 71440
241 71441
154 71442
916 71443
824 71444
862 71445
778 71446
59 71447
871 71448
757 71449
142 71450
355 71451
40 71452
235 71453
819 71454
422 71455
656 71456
418 71457
920 71458
377 71459
511 71460
949 71461
104 71462
10 71463
678 71464
360 71465
563 71466
385 71467
522 71468
206 71469
46 71470
748 71471
553 71472
822 71473
631 71474
273 71475
230 71476
524 71477
507 71478
907 71479
685 71480
538 71481
743 71482
422 71483
968 71484
357 71485
495 71486
117 71487
960 71488
491 71489
688 71490
256 71491
349 71492
533 71493
733 71494
515 71495
798 71496
391 71497
926 71498
566 71499
437 71500
182 71501
409 71502
70 71503
778 71504
488 71505
829 71506
630 71507
648 71508
158 71509
34 71510
328 71511
749 71512
144 71513
64 71514
251 71515
547 71516
217 71517
417 71518
76 71519
201 71520
540 71521
820 71522
613 71523
619 71524
77 71525
599 71526
79 71527
318 71528
705 71529
955 71530
969 71531
462 71532
733 71533
133 71534
933 71535
502 71536
381 71537
891 71538
158 71539
437 71540
944 71541
936 71542
127 71543
612 71544
887 71545
512 71546
133 71547
512 71548
445 71549
777 71550
194 71551
91 71552
83 71553
655 71554
478 71555
198 71556
622 71557
414 71558
183 71559
77 71560
115 71561
978 71562
571 71563
768 71564
890 71565
57 71566
213 71567
866 71568
623 71569
815 71570
906 71571
942 71572
436 71573
112 71574
383 71575
803 71576
386 71577
350 71578
577 71579
705 71580
95 71581
397 71582
898 71583
189 71584
97 71585
88 71586
518 71587
414 71588
376 71589
699 71590
148 71591
134 71592
908 71593
135 71594
715 71595
762 71596
452 71597
461 71598
728 71599
373 71600
146 71601
809 71602
789 71603
441 71604
81 71605
497 71606
446 71607
948 71608
208 71609
56 71610
834 71611
142 71612
232 71613
493 71614
607 71615
275 71616
690 71617
199 71618
952 71619
899 71620
386 71621
820 71622
962 71623
626 71624
827 71625
853 71626
722 71627
311 71628
589 71629
246 71630
629 71631
34 71632
129 71633
172 71634
306 71635
551 71636
52 71637
509 71638
671 71639
616 71640
885 71641
450 71642
893 71643
778 71644
177 71645
734 71646
451 71647
996 71648
822 71649
126 71650
828 71651
998 71652
904 71653
400 71654
619 71655
871 71656
337 71657
832 71658
739 71659
992 71660
991 71661
145 71662
636 71663
590 71664
495 71665
1 71666
765 71667
575 71668
948 71669
45 71670
860 71671
849 71672
27 71673
212 71674
948 71675
602 71676
231 71677
317 71678
960 71679
954 71680
562 71681
808 71682
56 71683
717 71684
430 71685
859 71686
767 71687
938 71688
746 71689
402 71690
67 71691
516 71692
301 71693
819 71694
464 71695
253 71696
566 71697
31 71698
199 71699
377 71700
371 71701
814 71702
175 71703
839 71704
929 71705
757 71706
415 71707
192 71708
273 71709
335 71710
231 71711
370 71712
61 71713
647 71714
682 71715
725 71716
563 71717
184 71718
803 71719
705 71720
72 71721
904 71722
700 71723
725 71724
842 71725
95 71726
963 71727
261 71728
344 71729
331 71730
576 71731
632 71732
265 71733
653 71734
686 71735
726 71736
36 71737
437 71738
755 71739
210 71740
638 71741
183 71742
823 71743
563 71744
965 71745
152 71746
710 71747
876 71748
334 71749
834 71750
327 71751
428 71752
361 71753
846 71754
131 71755
210 71756
205 71757
292 71758
305 71759
426 71760
515 71761
53 71762
19 71763
737 71764
686 71765
824 71766
658 71767
670 71768
168 71769
112 71770
600 71771
18 71772
422 71773
514 71774
359 71775
953 71776
105 71777
762 71778
929 71779
621 71780
88 71781
994 71782
155 71783
351 71784
701 71785
69 71786
156 71787
615 71788
865 71789
713 71790
285 71791
458 71792
524 71793
635 71794
158 71795
247 71796
647 71797
77 71798
917 71799
626 71800
791 71801
311 71802
84 71803
259 71804
182 71805
5 71806
465 71807
794 71808
615 71809
347 71810
652 71811
173 71812
934 71813
653 71814
245 71815
367 71816
525 71817
602 71818
643 71819
869 71820
235 71821
663 71822
734 71823
857 71824
903 71825
781 71826
83 71827
125 71828
278 71829
76 71830
128 71831
617 71832
182 71833
580 71834
46 71835
92 71836
971 71837
451 71838
900 71839
641 71840
564 71841
732 71842
826 71843
441 71844
44 71845
807 71846
397 71847
496 71848
303 71849
900 71850
87 71851
522 71852
596 71853
189 71854
766 71855
801 71856
120 71857
51 71858
620 71859
894 71860
796 71861
761 71862
159 71863
240 71864
181 71865
641 71866
716 71867
511 71868
247 71869
403 71870
224 71871
782 71872
509 71873
206 71874
143 71875
75 71876
591 71877
695 71878
400 71879
638 71880
586 71881
510 71882
789 71883
106 71884
639 71885
204 71886
217 71887
284 71888
461 71889
399 71890
889 71891
674 71892
873 71893
441 71894
33 71895
956 71896
889 71897
452 71898
278 71899
884 71900
66 71901
809 71902
987 71903
90 71904
421 71905
957 71906
670 71907
364 71908
647 71909
945 71910
70 71911
696 71912
89 71913
404 71914
587 71915
689 71916
469 71917
46 71918
379 71919
565 71920
314 71921
925 71922
729 71923
253 71924
603 71925
15 71926
693 71927
153 71928
97 71929
36 71930
330 71931
801 71932
481 71933
769 71934
910 71935
52 71936
409 71937
103 71938
850 71939
919 71940
67 71941
11 71942
868 71943
952 71944
515 71945
381 71946
945 71947
478 71948
282 71949
667 71950
684 71951
745 71952
289 71953
262 71954
453 71955
758 71956
856 71957
255 71958
769 71959
891 71960
758 71961
179 71962
245 71963
616 71964
834 71965
175 71966
220 71967
890 71968
859 71969
765 71970
611 71971
373 71972
21 71973
863 71974
989 71975
579 71976
530 71977
150 71978
449 71979
149 71980
445 71981
4 71982
679 71983
811 71984
932 71985
123 71986
439 71987
810 71988
310 71989
341 71990
591 71991
936 71992
540 71993
916 71994
384 71995
421 71996
554 71997
804 71998
529 71999
930 72000
589 72001
279 72002
963 72003
542 72004
614 72005
568 72006
414 72007
668 72008
148 72009
345 72010
637 72011
671 72012
771 72013
714 72014
238 72015
158 72016
168 72017
795 72018
525 72019
189 72020
498 72021
364 72022
191 72023
717 72024
289 72025
741 72026
295 72027
530 72028
28 72029
381 72030
477 72031
372 72032
564 72033
666 72034
305 72035
397 72036
565 72037
588 72038
309 72039
264 72040
64 72041
514 72042
352 72043
508 72044
355 72045
448 72046
812 72047
233 72048
850 72049
952 72050
74 72051
271 72052
673 72053
289 72054
380 72055
897 72056
597 72057
634 72058
205 72059
803 72060
50 72061
235 72062
343 72063
223 72064
452 72065
806 72066
527 72067
611 72068
64 72069
754 72070
322 72071
845 72072
424 72073
128 72074
63 72075
997 72076
317 72077
534 72078
200 72079
243 72080
805 72081
633 72082
872 72083
169 72084
320 72085
33 72086
920 72087
978 72088
505 72089
647 72090
792 72091
510 72092
5 72093
907 72094
739 72095
428 72096
182 72097
304 72098
430 72099
168 72100
155 72101
326 72102
940 72103
929 72104
718 72105
750 72106
887 72107
55 72108
689 72109
118 72110
388 72111
518 72112
696 72113
86 72114
390 72115
595 72116
790 72117
101 72118
903 72119
526 72120
617 72121
116 72122
318 72123
409 72124
322 72125
517 72126
264 72127
504 72128
165 72129
884 72130
511 72131
860 72132
805 72133
579 72134
845 72135
952 72136
391 72137
282 72138
855 72139
184 72140
161 72141
236 72142
606 72143
270 72144
843 72145
87 72146
141 72147
23 72148
659 72149
187 72150
51 72151
780 72152
819 72153
459 72154
896 72155
686 72156
869 72157
423 72158
971 72159
591 72160
601 72161
49 72162
766 72163
105 72164
419 72165
595 72166
307 72167
901 72168
704 72169
925 72170
440 72171
606 72172
847 72173
662 72174
710 72175
63 72176
797 72177
799 72178
457 72179
740 72180
260 72181
90 72182
884 72183
488 72184
412 72185
389 72186
306 72187
291 72188
713 72189
840 72190
413 72191
888 72192
304 72193
634 72194
29 72195
928 72196
466 72197
609 72198
894 72199
266 72200
522 72201
325 72202
645 72203
832 72204
180 72205
287 72206
72 72207
212 72208
134 72209
591 72210
800 72211
439 72212
729 72213
145 72214
850 72215
664 72216
106 72217
896 72218
609 72219
148 72220
808 72221
189 72222
870 72223
582 72224
980 72225
120 72226
400 72227
65 72228
89 72229
410 72230
842 72231
888 72232
439 72233
458 72234
294 72235
954 72236
237 72237
576 72238
690 72239
274 72240
175 72241
136 72242
808 72243
188 72244
243 72245
681 72246
548 72247
338 72248
852 72249
80 72250
396 72251
655 72252
643 72253
802 72254
947 72255
858 72256
34 72257
959 72258
861 72259
964 72260
383 72261
380 72262
944 72263
703 72264
209 72265
7 72266
583 72267
374 72268
558 72269
962 72270
261 72271
593 72272
129 72273
87 72274
930 72275
396 72276
550 72277
766 72278
657 72279
338 72280
515 72281
556 72282
514 72283
815 72284
120 72285
461 72286
550 72287
331 72288
385 72289
643 72290
402 72291
95 72292
690 72293
584 72294
960 72295
743 72296
42 72297
568 72298
557 72299
747 72300
389 72301
705 72302
76 72303
394 72304
216 72305
787 72306
320 72307
7 72308
11 72309
436 72310
383 72311
671 72312
281 72313
151 72314
732 72315
309 72316
472 72317
346 72318
675 72319
213 72320
127 72321
207 72322
235 72323
599 72324
112 72325
343 72326
81 72327
93 72328
183 72329
892 72330
17 72331
751 72332
314 72333
427 72334
356 72335
403 72336
477 72337
729 72338
80 72339
308 72340
701 72341
122 72342
510 72343
884 72344
729 72345
287 72346
374 72347
503 72348
645 72349
397 72350
452 72351
715 72352
646 72353
286 72354
668 72355
673 72356
209 72357
33 72358
224 72359
729 72360
978 72361
559 72362
813 72363
995 72364
57 72365
261 72366
387 72367
896 72368
128 72369
173 72370
379 72371
263 72372
619 72373
54 72374
38 72375
587 72376
193 72377
394 72378
333 72379
898 72380
819 72381
343 72382
477 72383
928 72384
358 72385
785 72386
549 72387
510 72388
136 72389
938 72390
456 72391
512 72392
476 72393
479 72394
103 72395
321 72396
268 72397
376 72398
419 72399
895 72400
812 72401
980 72402
166 72403
534 72404
626 72405
300 72406
625 72407
983 72408
589 72409
820 72410
61 72411
164 72412
746 72413
130 72414
711 72415
120 72416
257 72417
839 72418
246 72419
469 72420
917 72421
715 72422
354 72423
171 72424
336 72425
589 72426
600 72427
918 72428
179 72429
732 72430
855 72431
328 72432
222 72433
817 72434
83 72435
440 72436
222 72437
898 72438
983 72439
987 72440
651 72441
817 72442
720 72443
200 72444
265 72445
9 72446
561 72447
396 72448
617 72449
850 72450
390 72451
697 72452
323 72453
40 72454
934 72455
814 72456
169 72457
367 72458
633 72459
324 72460
816 72461
555 72462
861 72463
874 72464
833 72465
439 72466
174 72467
752 72468
292 72469
188 72470
204 72471
730 72472
202 72473
356 72474
187 72475
593 72476
697 72477
252 72478
50 72479
498 72480
343 72481
600 72482
542 72483
779 72484
853 72485
18 72486
193 72487
130 72488
27 72489
972 72490
563 72491
97 72492
619 72493
587 72494
3 72495
915 72496
717 72497
907 72498
221 72499
32 72500
896 72501
818 72502
111 72503
193 72504
144 72505
750 72506
633 72507
982 72508
832 72509
601 72510
227 72511
278 72512
15 72513
630 72514
148 72515
209 72516
142 72517
859 72518
600 72519
82 72520
377 72521
250 72522
510 72523
491 72524
889 72525
803 72526
352 72527
407 72528
831 72529
920 72530
894 72531
831 72532
471 72533
9 72534
724 72535
606 72536
156 72537
587 72538
797 72539
209 72540
207 72541
973 72542
29 72543
698 72544
895 72545
391 72546
556 72547
978 72548
641 72549
37 72550
623 72551
25 72552
967 72553
796 72554
207 72555
941 72556
113 72557
107 72558
433 72559
951 72560
938 72561
666 72562
913 72563
581 72564
951 72565
447 72566
83 72567
373 72568
60 72569
30 72570
748 72571
696 72572
273 72573
627 72574
538 72575
730 72576
794 72577
508 72578
794 72579
112 72580
923 72581
471 72582
403 72583
405 72584
264 72585
185 72586
273 72587
315 72588
381 72589
490 72590
50 72591
470 72592
313 72593
645 72594
675 72595
839 72596
467 72597
500 72598
488 72599
455 72600
973 72601
703 72602
472 72603
686 72604
788 72605
423 72606
140 72607
189 72608
576 72609
491 72610
454 72611
597 72612
753 72613
962 72614
812 72615
379 72616
935 72617
458 72618
567 72619
858 72620
324 72621
754 72622
841 72623
942 72624
464 72625
55 72626
241 72627
793 72628
19 72629
928 72630
648 72631
771 72632
489 72633
448 72634
256 72635
403 72636
379 72637
117 72638
808 72639
562 72640
984 72641
66 72642
866 72643
483 72644
767 72645
727 72646
862 72647
94 72648
826 72649
753 72650
220 72651
346 72652
941 72653
194 72654
235 72655
166 72656
206 72657
851 72658
73 72659
723 72660
153 72661
902 72662
680 72663
901 72664
547 72665
797 72666
28 72667
312 72668
196 72669
868 72670
647 72671
804 72672
759 72673
697 72674
64 72675
303 72676
992 72677
255 72678
528 72679
310 72680
13 72681
214 72682
486 72683
383 72684
678 72685
376 72686
89 72687
990 72688
680 72689
498 72690
683 72691
804 72692
174 72693
38 72694
282 72695
578 72696
728 72697
450 72698
748 72699
596 72700
788 72701
101 72702
180 72703
683 72704
708 72705
873 72706
705 72707
655 72708
585 72709
714 72710
65 72711
509 72712
79 72713
374 72714
422 72715
844 72716
404 72717
859 72718
317 72719
774 72720
298 72721
323 72722
132 72723
750 72724
817 72725
697 72726
916 72727
741 72728
453 72729
665 72730
430 72731
749 72732
676 72733
166 72734
157 72735
194 72736
451 72737
248 72738
348 72739
754 72740
91 72741
878 72742
873 72743
302 72744
104 72745
980 72746
194 72747
751 72748
368 72749
678 72750
606 72751
437 72752
451 72753
541 72754
791 72755
708 72756
206 72757
672 72758
117 72759
436 72760
173 72761
903 72762
444 72763
643 72764
374 72765
732 72766
765 72767
61 72768
850 72769
907 72770
772 72771
157 72772
472 72773
190 72774
394 72775
117 72776
58 72777
637 72778
723 72779
72 72780
885 72781
741 72782
647 72783
549 72784
967 72785
126 72786
663 72787
491 72788
870 72789
334 72790
357 72791
6 72792
481 72793
720 72794
635 72795
515 72796
38 72797
6 72798
587 72799
88 72800
600 72801
546 72802
32 72803
332 72804
277 72805
330 72806
118 72807
184 72808
510 72809
11 72810
966 72811
459 72812
316 72813
48 72814
140 72815
395 72816
544 72817
643 72818
148 72819
753 72820
169 72821
433 72822
708 72823
44 72824
343 72825
169 72826
491 72827
370 72828
183 72829
844 72830
796 72831
53 72832
398 72833
160 72834
763 72835
643 72836
56 72837
292 72838
369 72839
148 72840
687 72841
227 72842
672 72843
457 72844
434 72845
831 72846
147 72847
776 72848
413 72849
96 72850
851 72851
363 72852
46 72853
648 72854
161 72855
866 72856
522 72857
158 72858
154 72859
390 72860
7 72861
821 72862
957 72863
408 72864
177 72865
436 72866
343 72867
438 72868
793 72869
948 72870
348 72871
891 72872
901 72873
152 72874
107 72875
663 72876
956 72877
325 72878
263 72879
552 72880
84 72881
131 72882
441 72883
756 72884
104 72885
686 72886
656 72887
129 72888
346 72889
70 72890
980 72891
320 72892
884 72893
363 72894
548 72895
732 72896
4 72897
228 72898
130 72899
135 72900
559 72901
424 72902
590 72903
221 72904
10 72905
155 72906
690 72907
342 72908
79 72909
520 72910
3 72911
7 72912
707 72913
953 72914
594 72915
595 72916
124 72917
590 72918
198 72919
166 72920
478 72921
166 72922
258 72923
352 72924
933 72925
945 72926
508 72927
483 72928
688 72929
418 72930
230 72931
947 72932
975 72933
286 72934
136 72935
888 72936
881 72937
25 72938
599 72939
598 72940
749 72941
14 72942
750 72943
750 72944
718 72945
617 72946
200 72947
747 72948
949 72949
921 72950
32 72951
690 72952
640 72953
748 72954
664 72955
180 72956
397 72957
658 72958
276 72959
267 72960
544 72961
176 72962
555 72963
831 72964
920 72965
567 72966
526 72967
131 72968
137 72969
23 72970
703 72971
282 72972
733 72973
709 72974
709 72975
593 72976
153 72977
825 72978
628 72979
473 72980
412 72981
847 72982
549 72983
377 72984
430 72985
469 72986
923 72987
482 72988
683 72989
107 72990
248 72991
442 72992
341 72993
107 72994
275 72995
262 72996
55 72997
240 72998
430 72999
134 73000
486 73001
596 73002
526 73003
732 73004
264 73005
269 73006
369 73007
370 73008
527 73009
97 73010
925 73011
890 73012
980 73013
388 73014
528 73015
115 73016
291 73017
157 73018
278 73019
446 73020
186 73021
666 73022
85 73023
976 73024
94 73025
738 73026
832 73027
92 73028
674 73029
954 73030
399 73031
454 73032
766 73033
389 73034
585 73035
636 73036
717 73037
731 73038
625 73039
29 73040
110 73041
949 73042
22 73043
352 73044
764 73045
838 73046
944 73047
53 73048
292 73049
124 73050
305 73051
493 73052
711 73053
247 73054
387 73055
621 73056
169 73057
371 73058
691 73059
800 73060
545 73061
22 73062
484 73063
485 73064
634 73065
241 73066
298 73067
449 73068
672 73069
21 73070
720 73071
984 73072
667 73073
373 73074
837 73075
8 73076
498 73077
594 73078
510 73079
392 73080
259 73081
372 73082
832 73083
758 73084
314 73085
507 73086
829 73087
749 73088
399 73089
394 73090
883 73091
690 73092
995 73093
741 73094
51 73095
500 73096
78 73097
992 73098
881 73099
452 73100
978 73101
229 73102
824 73103
942 73104
391 73105
773 73106
708 73107
659 73108
799 73109
703 73110
404 73111
867 73112
541 73113
56 73114
772 73115
467 73116
854 73117
861 73118
728 73119
735 73120
764 73121
494 73122
725 73123
11 73124
117 73125
684 73126
852 73127
805 73128
890 73129
828 73130
702 73131
152 73132
744 73133
827 73134
275 73135
781 73136
462 73137
223 73138
717 73139
400 73140
254 73141
807 73142
14 73143
393 73144
83 73145
321 73146
957 73147
339 73148
876 73149
830 73150
742 73151
796 73152
342 73153
133 73154
809 73155
675 73156
182 73157
357 73158
856 73159
127 73160
196 73161
885 73162
736 73163
418 73164
80 73165
356 73166
697 73167
219 73168
245 73169
41 73170
383 73171
489 73172
783 73173
25 73174
432 73175
429 73176
83 73177
31 73178
724 73179
429 73180
548 73181
133 73182
27 73183
775 73184
902 73185
742 73186
405 73187
109 73188
712 73189
470 73190
94 73191
586 73192
983 73193
810 73194
520 73195
408 73196
958 73197
712 73198
287 73199
127 73200
517 73201
697 73202
406 73203
327 73204
99 73205
182 73206
739 73207
86 73208
476 73209
883 73210
898 73211
392 73212
310 73213
647 73214
299 73215
472 73216
999 73217
283 73218
1000 73219
398 73220
370 73221
417 73222
691 73223
758 73224
429 73225
138 73226
452 73227
502 73228
556 73229
425 73230
89 73231
143 73232
6 73233
46 73234
179 73235
914 73236
486 73237
585 73238
777 73239
385 73240
380 73241
699 73242
575 73243
462 73244
850 73245
631 73246
324 73247
463 73248
226 73249
277 73250
785 73251
895 73252
367 73253
495 73254
840 73255
953 73256
563 73257
75 73258
650 73259
166 73260
551 73261
235 73262
617 73263
898 73264
947 73265
634 73266
413 73267
424 73268
288 73269
699 73270
393 73271
596 73272
947 73273
239 73274
626 73275
529 73276
277 73277
681 73278
361 73279
869 73280
43 73281
11 73282
701 73283
657 73284
194 73285
302 73286
491 73287
239 73288
550 73289
498 73290
721 73291
603 73292
608 73293
42 73294
410 73295
414 73296
413 73297
508 73298
364 73299
876 73300
260 73301
782 73302
826 73303
557 73304
504 73305
610 73306
358 73307
940 73308
24 73309
243 73310
959 73311
540 73312
112 73313
145 73314
357 73315
503 73316
298 73317
811 73318
692 73319
785 73320
216 73321
717 73322
558 73323
964 73324
499 73325
927 73326
401 73327
240 73328
16 73329
954 73330
454 73331
923 73332
583 73333
787 73334
382 73335
647 73336
465 73337
13 73338
630 73339
724 73340
1 73341
772 73342
558 73343
735 73344
57 73345
968 73346
392 73347
520 73348
51 73349
479 73350
773 73351
889 73352
766 73353
764 73354
89 73355
109 73356
967 73357
710 73358
125 73359
474 73360
695 73361
662 73362
84 73363
245 73364
10 73365
605 73366
718 73367
281 73368
215 73369
633 73370
343 73371
388 73372
637 73373
703 73374
694 73375
555 73376
917 73377
689 73378
640 73379
429 73380
45 73381
538 73382
184 73383
245 73384
613 73385
629 73386
880 73387
611 73388
940 73389
293 73390
686 73391
216 73392
867 73393
858 73394
487 73395
17 73396
694 73397
838 73398
505 73399
744 73400
445 73401
348 73402
962 73403
117 73404
95 73405
595 73406
117 73407
15 73408
911 73409
789 73410
57 73411
140 73412
868 73413
251 73414
274 73415
103 73416
355 73417
972 73418
680 73419
208 73420
236 73421
996 73422
652 73423
40 73424
547 73425
109 73426
582 73427
904 73428
129 73429
150 73430
13 73431
330 73432
503 73433
110 73434
559 73435
504 73436
607 73437
558 73438
952 73439
358 73440
225 73441
698 73442
305 73443
311 73444
400 73445
953 73446
287 73447
693 73448
832 73449
180 73450
425 73451
386 73452
908 73453
40 73454
873 73455
656 73456
359 73457
53 73458
512 73459
475 73460
959 73461
424 73462
635 73463
986 73464
786 73465
207 73466
220 73467
219 73468
983 73469
485 73470
255 73471
199 73472
522 73473
306 73474
98 73475
876 73476
333 73477
33 73478
850 73479
285 73480
910 73481
748 73482
582 73483
259 73484
889 73485
86 73486
14 73487
745 73488
65 73489
202 73490
600 73491
705 73492
558 73493
425 73494
483 73495
30 73496
855 73497
458 73498
273 73499
744 73500
243 73501
614 73502
794 73503
151 73504
53 73505
255 73506
622 73507
981 73508
622 73509
895 73510
24 73511
529 73512
119 73513
106 73514
446 73515
367 73516
65 73517
789 73518
814 73519
540 73520
428 73521
22 73522
302 73523
719 73524
82 73525
49 73526
696 73527
753 73528
51 73529
162 73530
322 73531
122 73532
653 73533
323 73534
399 73535
588 73536
150 73537
270 73538
688 73539
753 73540
601 73541
874 73542
107 73543
759 73544
375 73545
973 73546
472 73547
653 73548
198 73549
939 73550
25 73551
574 73552
701 73553
732 73554
187 73555
453 73556
664 73557
632 73558
167 73559
303 73560
576 73561
113 73562
864 73563
780 73564
356 73565
965 73566
712 73567
825 73568
916 73569
249 73570
29 73571
375 73572
591 73573
536 73574
853 73575
523 73576
259 73577
675 73578
844 73579
930 73580
671 73581
548 73582
783 73583
685 73584
527 73585
407 73586
37 73587
784 73588
239 73589
237 73590
780 73591
416 73592
901 73593
9 73594
385 73595
811 73596
349 73597
489 73598
404 73599
120 73600
873 73601
35 73602
942 73603
412 73604
975 73605
165 73606
125 73607
918 73608
474 73609
484 73610
773 73611
687 73612
719 73613
57 73614
397 73615
379 73616
70 73617
384 73618
926 73619
171 73620
698 73621
549 73622
177 73623
162 73624
123 73625
882 73626
853 73627
378 73628
195 73629
502 73630
503 73631
719 73632
674 73633
922 73634
448 73635
766 73636
14 73637
695 73638
195 73639
322 73640
320 73641
899 73642
769 73643
277 73644
422 73645
648 73646
248 73647
447 73648
750 73649
431 73650
885 73651
493 73652
176 73653
757 73654
913 73655
236 73656
960 73657
999 73658
308 73659
939 73660
152 73661
541 73662
354 73663
445 73664
782 73665
225 73666
334 73667
728 73668
177 73669
908 73670
837 73671
830 73672
433 73673
484 73674
363 73675
378 73676
94 73677
706 73678
614 73679
248 73680
840 73681
261 73682
323 73683
74 73684
612 73685
381 73686
360 73687
303 73688
575 73689
979 73690
613 73691
37 73692
180 73693
721 73694
552 73695
719 73696
980 73697
469 73698
351 73699
871 73700
546 73701
167 73702
411 73703
799 73704
134 73705
357 73706
285 73707
130 73708
683 73709
627 73710
254 73711
315 73712
522 73713
65 73714
908 73715
399 73716
606 73717
856 73718
243 73719
425 73720
703 73721
86 73722
496 73723
378 73724
525 73725
554 73726
23 73727
881 73728
6 73729
578 73730
648 73731
778 73732
788 73733
585 73734
63 73735
655 73736
346 73737
646 73738
847 73739
786 73740
433 73741
718 73742
549 73743
832 73744
902 73745
851 73746
24 73747
107 73748
475 73749
943 73750
583 73751
35 73752
394 73753
468 73754
159 73755
490 73756
795 73757
959 73758
272 73759
985 73760
740 73761
748 73762
543 73763
694 73764
249 73765
732 73766
421 73767
645 73768
712 73769
108 73770
2 73771
73 73772
484 73773
915 73774
281 73775
643 73776
478 73777
122 73778
269 73779
305 73780
147 73781
277 73782
840 73783
504 73784
35 73785
314 73786
95 73787
923 73788
814 73789
909 73790
656 73791
597 73792
609 73793
667 73794
595 73795
27 73796
835 73797
421 73798
449 73799
792 73800
152 73801
744 73802
739 73803
365 73804
910 73805
553 73806
556 73807
404 73808
772 73809
299 73810
412 73811
93 73812
295 73813
608 73814
84 73815
803 73816
51 73817
319 73818
330 73819
119 73820
661 73821
124 73822
247 73823
960 73824
320 73825
354 73826
236 73827
946 73828
515 73829
426 73830
145 73831
470 73832
264 73833
44 73834
985 73835
134 73836
341 73837
1000 73838
60 73839
469 73840
126 73841
18 73842
359 73843
15 73844
288 73845
465 73846
462 73847
564 73848
645 73849
257 73850
725 73851
202 73852
632 73853
353 73854
809 73855
558 73856
602 73857
745 73858
486 73859
872 73860
340 73861
646 73862
337 73863
96 73864
264 73865
647 73866
859 73867
179 73868
577 73869
11 73870
79 73871
472 73872
661 73873
214 73874
823 73875
242 73876
945 73877
121 73878
842 73879
57 73880
543 73881
207 73882
394 73883
539 73884
729 73885
930 73886
441 73887
132 73888
875 73889
991 73890
918 73891
138 73892
742 73893
619 73894
623 73895
582 73896
136 73897
877 73898
25 73899
381 73900
254 73901
102 73902
452 73903
684 73904
271 73905
987 73906
898 73907
186 73908
166 73909
309 73910
109 73911
501 73912
950 73913
786 73914
635 73915
258 73916
711 73917
79 73918
23 73919
197 73920
277 73921
415 73922
588 73923
568 73924
95 73925
62 73926
451 73927
382 73928
773 73929
766 73930
547 73931
266 73932
19 73933
344 73934
875 73935
136 73936
28 73937
391 73938
450 73939
915 73940
649 73941
817 73942
675 73943
344 73944
706 73945
394 73946
128 73947
806 73948
318 73949
234 73950
615 73951
883 73952
533 73953
597 73954
392 73955
774 73956
157 73957
935 73958
287 73959
318 73960
244 73961
11 73962
502 73963
500 73964
87 73965
11 73966
548 73967
385 73968
875 73969
83 73970
533 73971
550 73972
800 73973
846 73974
273 73975
585 73976
312 73977
670 73978
174 73979
775 73980
657 73981
722 73982
419 73983
341 73984
189 73985
438 73986
234 73987
790 73988
438 73989
192 73990
940 73991
676 73992
465 73993
523 73994
979 73995
268 73996
979 73997
566 73998
151 73999
546 74000
289 74001
694 74002
294 74003
220 74004
990 74005
292 74006
110 74007
759 74008
770 74009
185 74010
116 74011
357 74012
675 74013
33 74014
765 74015
909 74016
645 74017
53 74018
968 74019
690 74020
751 74021
974 74022
399 74023
447 74024
801 74025
63 74026
198 74027
532 74028
85 74029
995 74030
359 74031
618 74032
257 74033
421 74034
53 74035
310 74036
718 74037
896 74038
960 74039
974 74040
655 74041
21 74042
16 74043
824 74044
192 74045
901 74046
231 74047
982 74048
731 74049
729 74050
202 74051
989 74052
41 74053
688 74054
416 74055
8 74056
181 74057
75 74058
507 74059
988 74060
163 74061
852 74062
165 74063
552 74064
102 74065
755 74066
424 74067
786 74068
448 74069
759 74070
650 74071
328 74072
119 74073
431 74074
208 74075
175 74076
209 74077
155 74078
309 74079
974 74080
927 74081
237 74082
561 74083
786 74084
135 74085
821 74086
167 74087
895 74088
341 74089
599 74090
777 74091
821 74092
983 74093
923 74094
396 74095
607 74096
170 74097
764 74098
808 74099
100 74100
191 74101
312 74102
58 74103
795 74104
862 74105
4 74106
123 74107
928 74108
155 74109
801 74110
896 74111
227 74112
17 74113
603 74114
461 74115
961 74116
732 74117
65 74118
350 74119
906 74120
470 74121
708 74122
584 74123
125 74124
991 74125
963 74126
93 74127
391 74128
610 74129
879 74130
546 74131
579 74132
672 74133
548 74134
175 74135
171 74136
541 74137
552 74138
218 74139
569 74140
275 74141
744 74142
571 74143
582 74144
515 74145
614 74146
130 74147
316 74148
934 74149
152 74150
862 74151
772 74152
49 74153
283 74154
876 74155
323 74156
749 74157
180 74158
379 74159
467 74160
129 74161
582 74162
316 74163
151 74164
828 74165
503 74166
440 74167
178 74168
436 74169
722 74170
675 74171
755 74172
466 74173
574 74174
772 74175
326 74176
164 74177
308 74178
45 74179
241 74180
916 74181
163 74182
290 74183
596 74184
999 74185
882 74186
494 74187
256 74188
635 74189
44 74190
493 74191
311 74192
873 74193
132 74194
334 74195
499 74196
573 74197
492 74198
20 74199
699 74200
329 74201
413 74202
722 74203
116 74204
79 74205
531 74206
936 74207
286 74208
953 74209
213 74210
694 74211
526 74212
266 74213
198 74214
137 74215
63 74216
340 74217
474 74218
292 74219
533 74220
618 74221
130 74222
752 74223
388 74224
47 74225
312 74226
582 74227
588 74228
930 74229
44 74230
698 74231
151 74232
769 74233
452 74234
432 74235
442 74236
166 74237
223 74238
217 74239
728 74240
904 74241
142 74242
742 74243
15 74244
672 74245
384 74246
2 74247
874 74248
753 74249
65 74250
272 74251
461 74252
320 74253
813 74254
982 74255
397 74256
252 74257
640 74258
811 74259
73 74260
708 74261
639 74262
688 74263
37 74264
474 74265
62 74266
78 74267
420 74268
940 74269
665 74270
497 74271
64 74272
581 74273
556 74274
883 74275
288 74276
143 74277
456 74278
625 74279
542 74280
296 74281
801 74282
882 74283
377 74284
755 74285
891 74286
47 74287
153 74288
13 74289
765 74290
438 74291
728 74292
847 74293
202 74294
534 74295
252 74296
462 74297
107 74298
701 74299
219 74300
33 74301
845 74302
914 74303
968 74304
899 74305
635 74306
891 74307
723 74308
57 74309
636 74310
970 74311
656 74312
550 74313
352 74314
106 74315
14 74316
288 74317
362 74318
335 74319
614 74320
568 74321
358 74322
592 74323
514 74324
622 74325
784 74326
1000 74327
957 74328
265 74329
533 74330
639 74331
586 74332
763 74333
598 74334
946 74335
696 74336
964 74337
899 74338
1 74339
342 74340
956 74341
679 74342
880 74343
64 74344
443 74345
124 74346
755 74347
375 74348
778 74349
958 74350
962 74351
500 74352
139 74353
31 74354
782 74355
306 74356
453 74357
181 74358
598 74359
303 74360
348 74361
341 74362
252 74363
501 74364
601 74365
456 74366
44 74367
629 74368
734 74369
181 74370
111 74371
169 74372
543 74373
994 74374
912 74375
938 74376
954 74377
37 74378
99 74379
743 74380
406 74381
466 74382
897 74383
533 74384
990 74385
45 74386
922 74387
751 74388
961 74389
486 74390
430 74391
701 74392
96 74393
629 74394
890 74395
469 74396
655 74397
288 74398
500 74399
247 74400
736 74401
308 74402
595 74403
942 74404
103 74405
805 74406
812 74407
55 74408
512 74409
166 74410
491 74411
11 74412
421 74413
300 74414
489 74415
295 74416
738 74417
120 74418
955 74419
640 74420
249 74421
512 74422
547 74423
281 74424
239 74425
879 74426
307 74427
634 74428
463 74429
506 74430
587 74431
146 74432
440 74433
944 74434
82 74435
385 74436
643 74437
754 74438
113 74439
363 74440
661 74441
834 74442
475 74443
132 74444
430 74445
209 74446
733 74447
292 74448
910 74449
54 74450
635 74451
681 74452
155 74453
92 74454
437 74455
148 74456
614 74457
427 74458
976 74459
756 74460
582 74461
905 74462
139 74463
325 74464
86 74465
253 74466
141 74467
42 74468
156 74469
945 74470
271 74471
100 74472
830 74473
505 74474
793 74475
463 74476
440 74477
459 74478
184 74479
624 74480
109 74481
136 74482
779 74483
668 74484
607 74485
129 74486
80 74487
989 74488
629 74489
302 74490
361 74491
221 74492
576 74493
156 74494
453 74495
393 74496
701 74497
368 74498
956 74499
10 74500
36 74501
282 74502
838 74503
258 74504
11 74505
121 74506
90 74507
475 74508
20 74509
775 74510
137 74511
551 74512
982 74513
520 74514
599 74515
634 74516
285 74517
676 74518
162 74519
513 74520
46 74521
653 74522
946 74523
512 74524
115 74525
363 74526
928 74527
739 74528
402 74529
408 74530
435 74531
633 74532
790 74533
479 74534
13 74535
829 74536
651 74537
380 74538
58 74539
390 74540
22 74541
946 74542
299 74543
602 74544
321 74545
688 74546
697 74547
290 74548
509 74549
673 74550
755 74551
576 74552
183 74553
432 74554
75 74555
948 74556
539 74557
75 74558
184 74559
351 74560
297 74561
995 74562
872 74563
896 74564
83 74565
789 74566
522 74567
275 74568
807 74569
170 74570
596 74571
309 74572
477 74573
309 74574
172 74575
642 74576
916 74577
20 74578
132 74579
575 74580
476 74581
801 74582
331 74583
837 74584
394 74585
462 74586
449 74587
536 74588
829 74589
98 74590
904 74591
837 74592
841 74593
683 74594
405 74595
712 74596
542 74597
394 74598
786 74599
926 74600
430 74601
646 74602
392 74603
339 74604
427 74605
717 74606
92 74607
450 74608
146 74609
95 74610
13 74611
489 74612
897 74613
901 74614
52 74615
445 74616
93 74617
898 74618
409 74619
886 74620
741 74621
612 74622
360 74623
684 74624
367 74625
970 74626
284 74627
206 74628
246 74629
590 74630
77 74631
168 74632
885 74633
626 74634
757 74635
723 74636
77 74637
865 74638
581 74639
889 74640
337 74641
690 74642
221 74643
301 74644
125 74645
78 74646
686 74647
788 74648
364 74649
147 74650
433 74651
117 74652
720 74653
857 74654
844 74655
911 74656
150 74657
189 74658
109 74659
221 74660
926 74661
502 74662
926 74663
451 74664
221 74665
293 74666
71 74667
316 74668
973 74669
161 74670
734 74671
836 74672
886 74673
543 74674
566 74675
471 74676
857 74677
475 74678
773 74679
260 74680
90 74681
192 74682
806 74683
988 74684
300 74685
794 74686
363 74687
798 74688
176 74689
340 74690
791 74691
493 74692
945 74693
846 74694
457 74695
578 74696
292 74697
994 74698
901 74699
875 74700
488 74701
16 74702
461 74703
747 74704
552 74705
318 74706
733 74707
651 74708
213 74709
144 74710
580 74711
338 74712
989 74713
831 74714
970 74715
702 74716
531 74717
939 74718
158 74719
342 74720
544 74721
190 74722
354 74723
815 74724
868 74725
389 74726
747 74727
174 74728
802 74729
605 74730
554 74731
615 74732
323 74733
215 74734
764 74735
212 74736
224 74737
940 74738
873 74739
789 74740
56 74741
428 74742
884 74743
247 74744
686 74745
920 74746
844 74747
749 74748
543 74749
764 74750
594 74751
160 74752
226 74753
941 74754
46 74755
72 74756
261 74757
793 74758
504 74759
833 74760
963 74761
400 74762
23 74763
260 74764
488 74765
867 74766
707 74767
1 74768
9 74769
783 74770
390 74771
640 74772
998 74773
400 74774
367 74775
13 74776
143 74777
667 74778
903 74779
37 74780
154 74781
440 74782
632 74783
957 74784
390 74785
89 74786
657 74787
803 74788
219 74789
586 74790
241 74791
711 74792
728 74793
801 74794
666 74795
448 74796
622 74797
268 74798
405 74799
731 74800
939 74801
304 74802
472 74803
531 74804
879 74805
768 74806
919 74807
744 74808
337 74809
716 74810
594 74811
26 74812
503 74813
758 74814
712 74815
844 74816
879 74817
426 74818
327 74819
649 74820
467 74821
663 74822
717 74823
72 74824
754 74825
251 74826
770 74827
558 74828
522 74829
722 74830
231 74831
783 74832
854 74833
596 74834
44 74835
220 74836
245 74837
246 74838
828 74839
90 74840
461 74841
203 74842
247 74843
48 74844
697 74845
508 74846
222 74847
823 74848
609 74849
993 74850
775 74851
846 74852
137 74853
199 74854
388 74855
759 74856
801 74857
704 74858
965 74859
734 74860
526 74861
271 74862
138 74863
383 74864
431 74865
497 74866
721 74867
692 74868
613 74869
119 74870
988 74871
617 74872
755 74873
938 74874
480 74875
328 74876
553 74877
452 74878
66 74879
414 74880
896 74881
432 74882
671 74883
855 74884
567 74885
373 74886
136 74887
468 74888
168 74889
388 74890
502 74891
683 74892
789 74893
639 74894
770 74895
578 74896
797 74897
139 74898
807 74899
171 74900
780 74901
156 74902
841 74903
460 74904
633 74905
988 74906
134 74907
416 74908
480 74909
222 74910
252 74911
588 74912
867 74913
447 74914
338 74915
225 74916
599 74917
658 74918
799 74919
901 74920
817 74921
222 74922
502 74923
131 74924
44 74925
749 74926
480 74927
193 74928
84 74929
261 74930
938 74931
11 74932
915 74933
768 74934
124 74935
534 74936
955 74937
293 74938
926 74939
100 74940
405 74941
528 74942
141 74943
793 74944
481 74945
22 74946
485 74947
615 74948
761 74949
620 74950
973 74951
93 74952
136 74953
676 74954
623 74955
678 74956
258 74957
997 74958
77 74959
868 74960
316 74961
735 74962
646 74963
57 74964
920 74965
367 74966
302 74967
526 74968
120 74969
519 74970
96 74971
468 74972
448 74973
720 74974
479 74975
97 74976
651 74977
895 74978
458 74979
36 74980
18 74981
950 74982
418 74983
706 74984
548 74985
851 74986
261 74987
929 74988
649 74989
819 74990
798 74991
921 74992
855 74993
937 74994
914 74995
333 74996
618 74997
433 74998
579 74999
447 75000
583 75001
918 75002
114 75003
500 75004
185 75005
375 75006
223 75007
270 75008
213 75009
970 75010
574 75011
61 75012
139 75013
770 75014
747 75015
821 75016
878 75017
147 75018
226 75019
301 75020
13 75021
923 75022
786 75023
531 75024
102 75025
697 75026
849 75027
257 75028
752 75029
597 75030
778 75031
775 75032
650 75033
693 75034
61 75035
302 75036
332 75037
892 75038
143 75039
373 75040
293 75041
894 75042
668 75043
155 75044
601 75045
489 75046
183 75047
51 75048
109 75049
468 75050
633 75051
688 75052
421 75053
130 75054
716 75055
636 75056
385 75057
775 75058
797 75059
96 75060
818 75061
336 75062
810 75063
134 75064
723 75065
661 75066
974 75067
76 75068
60 75069
297 75070
62 75071
194 75072
249 75073
737 75074
975 75075
507 75076
270 75077
185 75078
685 75079
795 75080
234 75081
626 75082
756 75083
236 75084
376 75085
796 75086
290 75087
906 75088
26 75089
236 75090
507 75091
207 75092
823 75093
133 75094
635 75095
832 75096
76 75097
150 75098
594 75099
141 75100
474 75101
909 75102
236 75103
846 75104
663 75105
17 75106
664 75107
889 75108
393 75109
338 75110
306 75111
453 75112
340 75113
431 75114
932 75115
546 75116
842 75117
414 75118
703 75119
343 75120
9 75121
64 75122
256 75123
654 75124
424 75125
13 75126
439 75127
953 75128
695 75129
839 75130
305 75131
589 75132
261 75133
855 75134
92 75135
621 75136
481 75137
241 75138
393 75139
990 75140
449 75141
99 75142
976 75143
859 75144
267 75145
422 75146
784 75147
609 75148
445 75149
234 75150
66 75151
676 75152
785 75153
506 75154
71 75155
839 75156
638 75157
829 75158
657 75159
900 75160
68 75161
627 75162
885 75163
349 75164
246 75165
184 75166
142 75167
162 75168
264 75169
124 75170
449 75171
525 75172
102 75173
88 75174
42 75175
262 75176
740 75177
601 75178
429 75179
402 75180
676 75181
502 75182
123 75183
749 75184
452 75185
310 75186
251 75187
294 75188
229 75189
668 75190
344 75191
228 75192
157 75193
59 75194
601 75195
488 75196
226 75197
877 75198
66 75199
99 75200
885 75201
203 75202
993 75203
215 75204
819 75205
329 75206
855 75207
434 75208
222 75209
673 75210
865 75211
605 75212
568 75213
421 75214
449 75215
540 75216
821 75217
607 75218
319 75219
719 75220
516 75221
315 75222
418 75223
704 75224
958 75225
165 75226
994 75227
990 75228
49 75229
469 75230
337 75231
88 75232
49 75233
62 75234
177 75235
207 75236
1 75237
448 75238
760 75239
226 75240
702 75241
713 75242
366 75243
455 75244
227 75245
174 75246
90 75247
71 75248
944 75249
628 75250
640 75251
605 75252
305 75253
333 75254
130 75255
494 75256
427 75257
732 75258
852 75259
980 75260
907 75261
789 75262
422 75263
397 75264
443 75265
52 75266
657 75267
324 75268
237 75269
414 75270
884 75271
261 75272
625 75273
513 75274
528 75275
752 75276
187 75277
164 75278
637 75279
166 75280
263 75281
38 75282
929 75283
335 75284
952 75285
944 75286
418 75287
274 75288
962 75289
393 75290
586 75291
878 75292
903 75293
484 75294
385 75295
153 75296
633 75297
40 75298
382 75299
713 75300
385 75301
180 75302
121 75303
381 75304
513 75305
590 75306
369 75307
358 75308
504 75309
762 75310
569 75311
380 75312
338 75313
109 75314
404 75315
829 75316
444 75317
29 75318
122 75319
17 75320
513 75321
5 75322
910 75323
685 75324
718 75325
19 75326
953 75327
246 75328
8 75329
303 75330
970 75331
22 75332
942 75333
18 75334
286 75335
363 75336
878 75337
2 75338
920 75339
705 75340
464 75341
591 75342
142 75343
460 75344
913 75345
312 75346
252 75347
711 75348
554 75349
886 75350
617 75351
313 75352
369 75353
284 75354
132 75355
91 75356
630 75357
664 75358
713 75359
825 75360
479 75361
266 75362
204 75363
676 75364
548 75365
320 75366
882 75367
565 75368
695 75369
783 75370
370 75371
477 75372
619 75373
369 75374
201 75375
866 75376
451 75377
730 75378
970 75379
476 75380
827 75381
930 75382
383 75383
93 75384
3 75385
440 75386
72 75387
620 75388
853 75389
61 75390
722 75391
499 75392
481 75393
453 75394
834 75395
82 75396
748 75397
610 75398
425 75399
68 75400
343 75401
773 75402
292 75403
615 75404
588 75405
951 75406
113 75407
189 75408
600 75409
823 75410
791 75411
200 75412
510 75413
663 75414
536 75415
695 75416
613 75417
507 75418
256 75419
3 75420
335 75421
735 75422
279 75423
988 75424
383 75425
489 75426
982 75427
812 75428
441 75429
860 75430
950 75431
98 75432
401 75433
246 75434
11 75435
90 75436
461 75437
397 75438
170 75439
244 75440
104 75441
590 75442
988 75443
533 75444
164 75445
56 75446
14 75447
590 75448
538 75449
663 75450
232 75451
38 75452
441 75453
527 75454
389 75455
210 75456
403 75457
268 75458
559 75459
968 75460
723 75461
485 75462
57 75463
238 75464
753 75465
944 75466
958 75467
264 75468
790 75469
280 75470
115 75471
250 75472
836 75473
922 75474
722 75475
409 75476
834 75477
787 75478
528 75479
404 75480
770 75481
491 75482
456 75483
724 75484
357 75485
16 75486
648 75487
672 75488
715 75489
999 75490
14 75491
972 75492
624 75493
41 75494
913 75495
573 75496
810 75497
729 75498
439 75499
417 75500
953 75501
521 75502
3 75503
114 75504
402 75505
983 75506
237 75507
782 75508
96 75509
791 75510
901 75511
69 75512
998 75513
97 75514
825 75515
990 75516
354 75517
515 75518
220 75519
838 75520
345 75521
501 75522
560 75523
540 75524
91 75525
169 75526
340 75527
875 75528
734 75529
332 75530
317 75531
622 75532
754 75533
821 75534
722 75535
909 75536
846 75537
976 75538
178 75539
342 75540
273 75541
457 75542
520 75543
905 75544
696 75545
605 75546
481 75547
454 75548
559 75549
704 75550
761 75551
406 75552
1 75553
979 75554
228 75555
331 75556
417 75557
557 75558
623 75559
469 75560
211 75561
674 75562
376 75563
156 75564
265 75565
825 75566
860 75567
145 75568
164 75569
549 75570
637 75571
679 75572
761 75573
655 75574
362 75575
481 75576
675 75577
368 75578
778 75579
844 75580
750 75581
784 75582
27 75583
263 75584
873 75585
186 75586
514 75587
86 75588
586 75589
326 75590
248 75591
277 75592
891 75593
342 75594
573 75595
547 75596
66 75597
502 75598
865 75599
601 75600
408 75601
327 75602
381 75603
302 75604
597 75605
719 75606
590 75607
618 75608
635 75609
606 75610
192 75611
185 75612
716 75613
831 75614
280 75615
438 75616
661 75617
390 75618
148 75619
415 75620
808 75621
284 75622
221 75623
373 75624
732 75625
347 75626
574 75627
91 75628
621 75629
576 75630
758 75631
961 75632
921 75633
484 75634
727 75635
110 75636
703 75637
5 75638
312 75639
673 75640
564 75641
107 75642
735 75643
330 75644
254 75645
613 75646
993 75647
77 75648
724 75649
214 75650
772 75651
534 75652
931 75653
398 75654
323 75655
431 75656
4 75657
700 75658
837 75659
827 75660
841 75661
94 75662
372 75663
722 75664
549 75665
25 75666
211 75667
821 75668
106 75669
345 75670
217 75671
91 75672
630 75673
633 75674
804 75675
643 75676
384 75677
821 75678
232 75679
21 75680
324 75681
162 75682
783 75683
58 75684
503 75685
256 75686
945 75687
249 75688
65 75689
993 75690
455 75691
894 75692
565 75693
271 75694
195 75695
607 75696
272 75697
468 75698
308 75699
31 75700
390 75701
914 75702
846 75703
223 75704
163 75705
82 75706
547 75707
636 75708
868 75709
625 75710
50 75711
584 75712
15 75713
493 75714
143 75715
813 75716
685 75717
24 75718
978 75719
180 75720
410 75721
799 75722
495 75723
48 75724
934 75725
360 75726
137 75727
540 75728
808 75729
723 75730
125 75731
719 75732
485 75733
309 75734
745 75735
127 75736
52 75737
624 75738
880 75739
314 75740
811 75741
644 75742
567 75743
426 75744
926 75745
406 75746
125 75747
470 75748
17 75749
699 75750
798 75751
559 75752
112 75753
824 75754
226 75755
75 75756
479 75757
975 75758
17 75759
203 75760
201 75761
320 75762
303 75763
920 75764
761 75765
154 75766
263 75767
952 75768
333 75769
953 75770
209 75771
812 75772
513 75773
431 75774
902 75775
762 75776
104 75777
741 75778
299 75779
254 75780
838 75781
794 75782
543 75783
251 75784
719 75785
548 75786
493 75787
473 75788
266 75789
638 75790
632 75791
698 75792
916 75793
239 75794
802 75795
978 75796
259 75797
684 75798
142 75799
643 75800
76 75801
586 75802
112 75803
772 75804
215 75805
870 75806
970 75807
299 75808
639 75809
907 75810
806 75811
486 75812
842 75813
933 75814
152 75815
8 75816
322 75817
696 75818
447 75819
343 75820
482 75821
829 75822
84 75823
567 75824
68 75825
221 75826
396 75827
297 75828
238 75829
994 75830
306 75831
488 75832
365 75833
182 75834
916 75835
711 75836
941 75837
580 75838
744 75839
590 75840
538 75841
690 75842
597 75843
958 75844
569 75845
56 75846
784 75847
937 75848
642 75849
276 75850
625 75851
117 75852
230 75853
890 75854
908 75855
105 75856
35 75857
751 75858
210 75859
862 75860
327 75861
377 75862
426 75863
911 75864
831 75865
87 75866
282 75867
582 75868
978 75869
673 75870
52 75871
23 75872
75 75873
146 75874
430 75875
495 75876
614 75877
221 75878
452 75879
679 75880
187 75881
652 75882
85 75883
919 75884
942 75885
663 75886
470 75887
934 75888
367 75889
811 75890
670 75891
126 75892
70 75893
138 75894
708 75895
739 75896
932 75897
637 75898
1000 75899
831 75900
839 75901
490 75902
264 75903
39 75904
592 75905
968 75906
281 75907
800 75908
877 75909
622 75910
735 75911
241 75912
542 75913
899 75914
952 75915
626 75916
391 75917
230 75918
348 75919
379 75920
524 75921
48 75922
923 75923
33 75924
475 75925
488 75926
569 75927
228 75928
411 75929
560 75930
234 75931
197 75932
413 75933
550 75934
652 75935
796 75936
802 75937
813 75938
506 75939
236 75940
79 75941
591 75942
989 75943
348 75944
623 75945
56 75946
811 75947
704 75948
983 75949
141 75950
229 75951
481 75952
964 75953
717 75954
707 75955
617 75956
968 75957
108 75958
64 75959
283 75960
767 75961
209 75962
36 75963
491 75964
83 75965
978 75966
628 75967
228 75968
723 75969
649 75970
146 75971
742 75972
501 75973
717 75974
339 75975
588 75976
30 75977
658 75978
788 75979
942 75980
996 75981
56 75982
106 75983
199 75984
514 75985
98 75986
620 75987
170 75988
415 75989
506 75990
5 75991
100 75992
141 75993
974 75994
855 75995
265 75996
761 75997
63 75998
838 75999
798 76000
172 76001
569 76002
920 76003
479 76004
983 76005
738 76006
422 76007
62 76008
531 76009
465 76010
584 76011
321 76012
50 76013
287 76014
185 76015
868 76016
550 76017
261 76018
690 76019
592 76020
306 76021
267 76022
646 76023
875 76024
677 76025
264 76026
87 76027
70 76028
538 76029
402 76030
907 76031
475 76032
983 76033
925 76034
525 76035
972 76036
482 76037
244 76038
187 76039
609 76040
475 76041
51 76042
584 76043
76 76044
33 76045
826 76046
653 76047
299 76048
723 76049
389 76050
555 76051
60 76052
770 76053
334 76054
246 76055
303 76056
467 76057
307 76058
334 76059
110 76060
791 76061
199 76062
675 76063
789 76064
173 76065
238 76066
120 76067
890 76068
187 76069
46 76070
509 76071
911 76072
348 76073
14 76074
621 76075
566 76076
307 76077
719 76078
380 76079
41 76080
854 76081
663 76082
271 76083
750 76084
511 76085
536 76086
937 76087
820 76088
863 76089
342 76090
17 76091
996 76092
507 76093
835 76094
920 76095
312 76096
550 76097
717 76098
852 76099
420 76100
958 76101
625 76102
139 76103
580 76104
628 76105
584 76106
316 76107
443 76108
941 76109
380 76110
953 76111
100 76112
259 76113
21 76114
915 76115
66 76116
117 76117
713 76118
230 76119
971 76120
625 76121
743 76122
613 76123
894 76124
157 76125
877 76126
818 76127
185 76128
242 76129
201 76130
678 76131
356 76132
402 76133
3 76134
627 76135
326 76136
629 76137
89 76138
369 76139
745 76140
862 76141
157 76142
996 76143
775 76144
386 76145
235 76146
763 76147
111 76148
749 76149
516 76150
486 76151
577 76152
456 76153
729 76154
67 76155
382 76156
758 76157
967 76158
225 76159
312 76160
427 76161
639 76162
98 76163
655 76164
790 76165
521 76166
931 76167
297 76168
773 76169
6 76170
130 76171
916 76172
377 76173
799 76174
349 76175
610 76176
337 76177
7 76178
669 76179
909 76180
438 76181
450 76182
290 76183
537 76184
253 76185
241 76186
183 76187
137 76188
335 76189
987 76190
964 76191
689 76192
910 76193
741 76194
823 76195
864 76196
41 76197
120 76198
255 76199
114 76200
710 76201
83 76202
598 76203
627 76204
264 76205
937 76206
320 76207
213 76208
930 76209
693 76210
404 76211
896 76212
70 76213
781 76214
276 76215
512 76216
907 76217
262 76218
731 76219
251 76220
943 76221
614 76222
543 76223
249 76224
24 76225
352 76226
472 76227
705 76228
52 76229
987 76230
443 76231
464 76232
4 76233
792 76234
889 76235
944 76236
63 76237
894 76238
662 76239
909 76240
977 76241
345 76242
297 76243
442 76244
207 76245
121 76246
864 76247
174 76248
773 76249
774 76250
449 76251
825 76252
131 76253
949 76254
94 76255
551 76256
572 76257
725 76258
605 76259
205 76260
44 76261
698 76262
416 76263
778 76264
609 76265
767 76266
595 76267
162 76268
869 76269
395 76270
345 76271
705 76272
538 76273
240 76274
842 76275
289 76276
571 76277
585 76278
243 76279
318 76280
48 76281
888 76282
841 76283
754 76284
753 76285
90 76286
217 76287
812 76288
344 76289
471 76290
492 76291
293 76292
143 76293
297 76294
559 76295
271 76296
819 76297
978 76298
394 76299
310 76300
131 76301
917 76302
552 76303
47 76304
773 76305
888 76306
94 76307
469 76308
911 76309
454 76310
488 76311
949 76312
264 76313
195 76314
952 76315
493 76316
811 76317
457 76318
698 76319
280 76320
1 76321
154 76322
34 76323
445 76324
784 76325
148 76326
185 76327
352 76328
671 76329
336 76330
712 76331
463 76332
888 76333
141 76334
941 76335
509 76336
64 76337
390 76338
755 76339
989 76340
156 76341
925 76342
107 76343
950 76344
269 76345
866 76346
562 76347
295 76348
867 76349
698 76350
222 76351
21 76352
664 76353
863 76354
758 76355
709 76356
47 76357
610 76358
175 76359
434 76360
175 76361
904 76362
218 76363
897 76364
145 76365
359 76366
959 76367
426 76368
277 76369
521 76370
965 76371
783 76372
388 76373
430 76374
789 76375
978 76376
759 76377
640 76378
604 76379
877 76380
652 76381
627 76382
766 76383
2 76384
266 76385
751 76386
703 76387
556 76388
319 76389
975 76390
556 76391
269 76392
283 76393
3 76394
487 76395
268 76396
162 76397
837 76398
994 76399
519 76400
781 76401
43 76402
409 76403
998 76404
745 76405
3 76406
124 76407
116 76408
984 76409
39 76410
167 76411
108 76412
20 76413
104 76414
622 76415
610 76416
557 76417
320 76418
998 76419
851 76420
657 76421
742 76422
793 76423
468 76424
205 76425
216 76426
620 76427
372 76428
382 76429
683 76430
785 76431
436 76432
588 76433
315 76434
565 76435
45 76436
188 76437
916 76438
855 76439
23 76440
8 76441
815 76442
14 76443
347 76444
630 76445
648 76446
267 76447
873 76448
627 76449
616 76450
621 76451
784 76452
942 76453
547 76454
36 76455
72 76456
945 76457
398 76458
436 76459
210 76460
42 76461
844 76462
301 76463
751 76464
396 76465
231 76466
367 76467
459 76468
572 76469
900 76470
731 76471
709 76472
988 76473
373 76474
928 76475
127 76476
224 76477
983 76478
927 76479
971 76480
975 76481
998 76482
671 76483
648 76484
711 76485
611 76486
216 76487
794 76488
757 76489
926 76490
828 76491
412 76492
210 76493
997 76494
257 76495
779 76496
636 76497
627 76498
213 76499
979 76500
525 76501
307 76502
9 76503
279 76504
556 76505
992 76506
856 76507
191 76508
264 76509
761 76510
36 76511
982 76512
596 76513
137 76514
688 76515
321 76516
14 76517
21 76518
524 76519
213 76520
503 76521
18 76522
974 76523
689 76524
857 76525
865 76526
269 76527
381 76528
35 76529
801 76530
113 76531
969 76532
642 76533
325 76534
346 76535
384 76536
599 76537
328 76538
849 76539
838 76540
440 76541
372 76542
633 76543
94 76544
727 76545
304 76546
715 76547
685 76548
544 76549
818 76550
744 76551
288 76552
467 76553
435 76554
501 76555
694 76556
728 76557
822 76558
526 76559
801 76560
633 76561
555 76562
294 76563
286 76564
924 76565
217 76566
76 76567
667 76568
446 76569
835 76570
613 76571
426 76572
224 76573
379 76574
406 76575
737 76576
803 76577
387 76578
459 76579
931 76580
737 76581
997 76582
641 76583
359 76584
421 76585
269 76586
523 76587
502 76588
76 76589
30 76590
989 76591
100 76592
64 76593
375 76594
927 76595
456 76596
119 76597
616 76598
523 76599
588 76600
952 76601
377 76602
443 76603
353 76604
871 76605
960 76606
696 76607
449 76608
214 76609
137 76610
67 76611
345 76612
395 76613
779 76614
319 76615
977 76616
333 76617
139 76618
851 76619
684 76620
176 76621
282 76622
794 76623
835 76624
905 76625
755 76626
625 76627
620 76628
930 76629
566 76630
934 76631
632 76632
426 76633
920 76634
147 76635
448 76636
146 76637
844 76638
287 76639
632 76640
958 76641
126 76642
764 76643
17 76644
655 76645
571 76646
80 76647
770 76648
141 76649
303 76650
24 76651
456 76652
301 76653
412 76654
438 76655
279 76656
988 76657
583 76658
311 76659
881 76660
262 76661
839 76662
115 76663
963 76664
220 76665
952 76666
982 76667
700 76668
820 76669
820 76670
472 76671
597 76672
973 76673
537 76674
230 76675
540 76676
956 76677
503 76678
13 76679
203 76680
734 76681
783 76682
211 76683
534 76684
903 76685
78 76686
48 76687
184 76688
843 76689
211 76690
607 76691
703 76692
523 76693
348 76694
430 76695
50 76696
900 76697
30 76698
221 76699
537 76700
752 76701
778 76702
887 76703
669 76704
50 76705
68 76706
813 76707
934 76708
403 76709
124 76710
841 76711
385 76712
933 76713
979 76714
506 76715
349 76716
416 76717
321 76718
86 76719
144 76720
554 76721
947 76722
408 76723
596 76724
571 76725
743 76726
628 76727
878 76728
999 76729
851 76730
758 76731
306 76732
563 76733
385 76734
865 76735
698 76736
821 76737
761 76738
968 76739
951 76740
620 76741
270 76742
333 76743
364 76744
471 76745
97 76746
948 76747
164 76748
664 76749
913 76750
992 76751
434 76752
231 76753
986 76754
657 76755
997 76756
579 76757
314 76758
73 76759
906 76760
955 76761
369 76762
909 76763
537 76764
624 76765
41 76766
577 76767
800 76768
964 76769
5 76770
710 76771
966 76772
310 76773
298 76774
192 76775
532 76776
571 76777
516 76778
536 76779
528 76780
254 76781
143 76782
907 76783
865 76784
160 76785
779 76786
892 76787
799 76788
866 76789
333 76790
590 76791
468 76792
805 76793
212 76794
885 76795
955 76796
166 76797
398 76798
54 76799
362 76800
314 76801
384 76802
354 76803
760 76804
397 76805
325 76806
974 76807
746 76808
618 76809
843 76810
956 76811
429 76812
666 76813
963 76814
373 76815
549 76816
790 76817
947 76818
345 76819
704 76820
11 76821
394 76822
118 76823
932 76824
119 76825
39 76826
884 76827
860 76828
725 76829
403 76830
886 76831
566 76832
685 76833
307 76834
778 76835
296 76836
44 76837
616 76838
756 76839
607 76840
763 76841
160 76842
598 76843
287 76844
316 76845
792 76846
163 76847
409 76848
514 76849
850 76850
687 76851
225 76852
820 76853
338 76854
482 76855
518 76856
690 76857
647 76858
765 76859
59 76860
156 76861
343 76862
83 76863
826 76864
943 76865
450 76866
980 76867
306 76868
697 76869
648 76870
196 76871
744 76872
991 76873
509 76874
522 76875
699 76876
957 76877
102 76878
217 76879
654 76880
631 76881
270 76882
185 76883
398 76884
303 76885
708 76886
187 76887
2 76888
491 76889
100 76890
327 76891
756 76892
913 76893
111 76894
301 76895
672 76896
318 76897
852 76898
532 76899
885 76900
156 76901
484 76902
771 76903
447 76904
173 76905
381 76906
725 76907
189 76908
805 76909
430 76910
130 76911
11 76912
697 76913
648 76914
685 76915
238 76916
999 76917
334 76918
852 76919
277 76920
678 76921
603 76922
151 76923
676 76924
566 76925
153 76926
3 76927
935 76928
306 76929
632 76930
38 76931
7 76932
793 76933
438 76934
456 76935
104 76936
397 76937
707 76938
678 76939
627 76940
199 76941
321 76942
224 76943
991 76944
344 76945
805 76946
941 76947
398 76948
467 76949
526 76950
309 76951
907 76952
126 76953
179 76954
838 76955
941 76956
831 76957
425 76958
224 76959
974 76960
118 76961
8 76962
813 76963
745 76964
430 76965
24 76966
350 76967
975 76968
867 76969
584 76970
681 76971
513 76972
753 76973
574 76974
423 76975
390 76976
446 76977
431 76978
604 76979
329 76980
738 76981
402 76982
817 76983
451 76984
612 76985
293 76986
45 76987
675 76988
824 76989
753 76990
243 76991
109 76992
992 76993
1000 76994
434 76995
278 76996
636 76997
833 76998
834 76999
174 77000
393 77001
986 77002
728 77003
22 77004
135 77005
562 77006
471 77007
313 77008
220 77009
326 77010
943 77011
345 77012
709 77013
816 77014
148 77015
723 77016
339 77017
982 77018
664 77019
363 77020
740 77021
453 77022
794 77023
535 77024
996 77025
879 77026
228 77027
233 77028
589 77029
272 77030
28 77031
128 77032
82 77033
762 77034
623 77035
447 77036
874 77037
197 77038
519 77039
535 77040
284 77041
903 77042
799 77043
714 77044
820 77045
29 77046
566 77047
77 77048
239 77049
814 77050
540 77051
427 77052
482 77053
475 77054
985 77055
717 77056
557 77057
409 77058
458 77059
712 77060
951 77061
303 77062
797 77063
265 77064
195 77065
347 77066
172 77067
374 77068
45 77069
891 77070
315 77071
864 77072
922 77073
830 77074
861 77075
514 77076
824 77077
140 77078
148 77079
942 77080
4 77081
6 77082
45 77083
427 77084
112 77085
190 77086
279 77087
180 77088
709 77089
323 77090
807 77091
272 77092
48 77093
409 77094
92 77095
95 77096
944 77097
9 77098
263 77099
736 77100
593 77101
808 77102
906 77103
868 77104
405 77105
698 77106
403 77107
322 77108
12 77109
225 77110
606 77111
51 77112
432 77113
12 77114
626 77115
849 77116
528 77117
391 77118
921 77119
953 77120
6 77121
989 77122
898 77123
300 77124
347 77125
154 77126
138 77127
643 77128
852 77129
710 77130
49 77131
444 77132
738 77133
599 77134
146 77135
282 77136
608 77137
317 77138
678 77139
184 77140
563 77141
738 77142
268 77143
55 77144
406 77145
276 77146
191 77147
455 77148
838 77149
725 77150
801 77151
153 77152
33 77153
686 77154
173 77155
756 77156
221 77157
529 77158
741 77159
75 77160
719 77161
23 77162
41 77163
614 77164
656 77165
280 77166
958 77167
490 77168
915 77169
568 77170
3 77171
953 77172
127 77173
114 77174
161 77175
895 77176
614 77177
661 77178
315 77179
714 77180
315 77181
907 77182
254 77183
900 77184
848 77185
43 77186
214 77187
240 77188
180 77189
899 77190
403 77191
288 77192
144 77193
733 77194
869 77195
389 77196
651 77197
366 77198
928 77199
929 77200
757 77201
88 77202
205 77203
483 77204
794 77205
163 77206
847 77207
200 77208
626 77209
799 77210
817 77211
446 77212
814 77213
464 77214
434 77215
297 77216
851 77217
304 77218
726 77219
828 77220
858 77221
647 77222
324 77223
730 77224
445 77225
835 77226
787 77227
985 77228
809 77229
229 77230
460 77231
296 77232
188 77233
297 77234
639 77235
356 77236
501 77237
705 77238
605 77239
191 77240
374 77241
614 77242
72 77243
92 77244
45 77245
403 77246
959 77247
781 77248
340 77249
312 77250
781 77251
328 77252
333 77253
867 77254
811 77255
953 77256
620 77257
394 77258
938 77259
500 77260
795 77261
25 77262
448 77263
684 77264
567 77265
476 77266
715 77267
501 77268
580 77269
924 77270
774 77271
764 77272
701 77273
141 77274
182 77275
318 77276
531 77277
767 77278
27 77279
216 77280
739 77281
861 77282
738 77283
804 77284
772 77285
743 77286
726 77287
916 77288
24 77289
371 77290
808 77291
323 77292
561 77293
752 77294
801 77295
443 77296
831 77297
552 77298
240 77299
541 77300
70 77301
525 77302
205 77303
85 77304
856 77305
991 77306
49 77307
270 77308
854 77309
163 77310
205 77311
587 77312
830 77313
303 77314
250 77315
984 77316
628 77317
598 77318
161 77319
449 77320
970 77321
62 77322
752 77323
725 77324
144 77325
971 77326
392 77327
853 77328
16 77329
732 77330
777 77331
216 77332
132 77333
323 77334
446 77335
851 77336
794 77337
339 77338
32 77339
832 77340
993 77341
505 77342
944 77343
283 77344
420 77345
689 77346
690 77347
699 77348
561 77349
104 77350
36 77351
82 77352
190 77353
383 77354
570 77355
920 77356
144 77357
547 77358
513 77359
169 77360
665 77361
826 77362
995 77363
346 77364
682 77365
10 77366
628 77367
440 77368
856 77369
913 77370
84 77371
644 77372
942 77373
629 77374
600 77375
751 77376
827 77377
409 77378
224 77379
625 77380
797 77381
927 77382
287 77383
991 77384
158 77385
200 77386
567 77387
539 77388
435 77389
482 77390
521 77391
47 77392
461 77393
806 77394
464 77395
163 77396
895 77397
891 77398
782 77399
600 77400
390 77401
783 77402
659 77403
628 77404
97 77405
605 77406
596 77407
539 77408
640 77409
630 77410
854 77411
282 77412
325 77413
407 77414
413 77415
241 77416
649 77417
527 77418
72 77419
330 77420
38 77421
412 77422
383 77423
332 77424
19 77425
255 77426
287 77427
861 77428
922 77429
2 77430
580 77431
88 77432
79 77433
885 77434
869 77435
673 77436
340 77437
321 77438
9 77439
655 77440
614 77441
414 77442
409 77443
751 77444
591 77445
758 77446
661 77447
253 77448
993 77449
213 77450
883 77451
544 77452
278 77453
137 77454
599 77455
767 77456
808 77457
383 77458
408 77459
380 77460
159 77461
999 77462
180 77463
14 77464
780 77465
725 77466
780 77467
663 77468
829 77469
237 77470
313 77471
293 77472
839 77473
839 77474
747 77475
280 77476
202 77477
535 77478
660 77479
823 77480
41 77481
584 77482
342 77483
682 77484
735 77485
45 77486
714 77487
342 77488
544 77489
964 77490
763 77491
643 77492
27 77493
985 77494
239 77495
204 77496
829 77497
17 77498
937 77499
644 77500
312 77501
393 77502
715 77503
572 77504
399 77505
706 77506
598 77507
854 77508
621 77509
829 77510
596 77511
125 77512
164 77513
552 77514
321 77515
247 77516
842 77517
320 77518
407 77519
935 77520
61 77521
112 77522
834 77523
818 77524
517 77525
103 77526
441 77527
189 77528
708 77529
126 77530
954 77531
42 77532
601 77533
331 77534
790 77535
415 77536
847 77537
517 77538
431 77539
840 77540
679 77541
548 77542
467 77543
189 77544
651 77545
768 77546
720 77547
311 77548
2 77549
921 77550
368 77551
828 77552
157 77553
642 77554
770 77555
207 77556
74 77557
603 77558
544 77559
373 77560
377 77561
820 77562
672 77563
809 77564
397 77565
695 77566
790 77567
777 77568
53 77569
100 77570
945 77571
850 77572
969 77573
716 77574
111 77575
844 77576
925 77577
724 77578
169 77579
685 77580
418 77581
437 77582
470 77583
673 77584
139 77585
273 77586
736 77587
318 77588
366 77589
691 77590
867 77591
475 77592
94 77593
520 77594
657 77595
342 77596
964 77597
513 77598
156 77599
613 77600
925 77601
814 77602
67 77603
897 77604
861 77605
735 77606
440 77607
175 77608
540 77609
537 77610
987 77611
35 77612
81 77613
884 77614
664 77615
15 77616
388 77617
87 77618
473 77619
234 77620
923 77621
134 77622
495 77623
74 77624
748 77625
805 77626
535 77627
861 77628
784 77629
4 77630
7 77631
298 77632
791 77633
117 77634
456 77635
871 77636
891 77637
430 77638
446 77639
129 77640
303 77641
122 77642
457 77643
540 77644
443 77645
98 77646
423 77647
843 77648
629 77649
109 77650
572 77651
550 77652
772 77653
248 77654
1000 77655
772 77656
651 77657
742 77658
264 77659
252 77660
799 77661
922 77662
964 77663
861 77664
739 77665
13 77666
598 77667
189 77668
432 77669
737 77670
278 77671
290 77672
601 77673
125 77674
70 77675
994 77676
590 77677
54 77678
743 77679
733 77680
553 77681
576 77682
127 77683
264 77684
325 77685
894 77686
229 77687
716 77688
434 77689
226 77690
904 77691
95 77692
662 77693
68 77694
323 77695
900 77696
760 77697
101 77698
602 77699
912 77700
142 77701
584 77702
499 77703
28 77704
83 77705
148 77706
289 77707
290 77708
219 77709
400 77710
929 77711
996 77712
207 77713
942 77714
396 77715
508 77716
991 77717
971 77718
342 77719
791 77720
339 77721
947 77722
134 77723
151 77724
169 77725
926 77726
177 77727
454 77728
721 77729
769 77730
657 77731
329 77732
499 77733
847 77734
972 77735
934 77736
516 77737
152 77738
55 77739
165 77740
199 77741
803 77742
231 77743
147 77744
189 77745
534 77746
885 77747
288 77748
724 77749
574 77750
314 77751
17 77752
499 77753
390 77754
738 77755
54 77756
527 77757
521 77758
349 77759
667 77760
485 77761
698 77762
601 77763
532 77764
881 77765
351 77766
488 77767
536 77768
89 77769
965 77770
229 77771
992 77772
9 77773
828 77774
386 77775
421 77776
363 77777
941 77778
5 77779
590 77780
820 77781
438 77782
2 77783
879 77784
161 77785
246 77786
199 77787
961 77788
228 77789
233 77790
71 77791
858 77792
302 77793
770 77794
713 77795
5 77796
288 77797
965 77798
978 77799
109 77800
972 77801
412 77802
312 77803
297 77804
654 77805
181 77806
296 77807
345 77808
984 77809
141 77810
710 77811
284 77812
721 77813
73 77814
579 77815
824 77816
642 77817
888 77818
208 77819
849 77820
768 77821
202 77822
787 77823
886 77824
524 77825
644 77826
770 77827
685 77828
99 77829
942 77830
648 77831
863 77832
858 77833
199 77834
121 77835
722 77836
47 77837
990 77838
298 77839
919 77840
682 77841
610 77842
372 77843
971 77844
411 77845
741 77846
925 77847
983 77848
487 77849
180 77850
72 77851
402 77852
367 77853
835 77854
139 77855
110 77856
634 77857
603 77858
242 77859
849 77860
396 77861
672 77862
508 77863
933 77864
701 77865
52 77866
786 77867
715 77868
68 77869
437 77870
406 77871
199 77872
520 77873
13 77874
279 77875
543 77876
407 77877
212 77878
586 77879
60 77880
124 77881
761 77882
276 77883
272 77884
716 77885
366 77886
247 77887
262 77888
305 77889
836 77890
277 77891
883 77892
187 77893
604 77894
122 77895
128 77896
631 77897
549 77898
212 77899
957 77900
468 77901
52 77902
771 77903
821 77904
216 77905
246 77906
356 77907
110 77908
559 77909
263 77910
679 77911
39 77912
160 77913
265 77914
636 77915
533 77916
759 77917
745 77918
941 77919
685 77920
904 77921
52 77922
441 77923
753 77924
325 77925
623 77926
911 77927
479 77928
699 77929
734 77930
204 77931
621 77932
712 77933
247 77934
307 77935
48 77936
685 77937
693 77938
202 77939
104 77940
462 77941
808 77942
464 77943
372 77944
753 77945
724 77946
773 77947
286 77948
993 77949
498 77950
136 77951
223 77952
867 77953
603 77954
814 77955
442 77956
747 77957
958 77958
692 77959
338 77960
965 77961
158 77962
568 77963
586 77964
230 77965
735 77966
203 77967
623 77968
83 77969
832 77970
170 77971
813 77972
24 77973
452 77974
375 77975
778 77976
841 77977
863 77978
311 77979
188 77980
299 77981
863 77982
821 77983
230 77984
580 77985
677 77986
987 77987
305 77988
179 77989
100 77990
782 77991
141 77992
419 77993
194 77994
714 77995
954 77996
910 77997
59 77998
533 77999
50 78000
557 78001
896 78002
153 78003
343 78004
453 78005
431 78006
319 78007
64 78008
187 78009
710 78010
679 78011
753 78012
274 78013
214 78014
262 78015
794 78016
237 78017
543 78018
77 78019
481 78020
593 78021
924 78022
884 78023
257 78024
67 78025
337 78026
432 78027
846 78028
276 78029
318 78030
123 78031
204 78032
931 78033
320 78034
435 78035
265 78036
65 78037
597 78038
842 78039
188 78040
207 78041
329 78042
193 78043
975 78044
926 78045
175 78046
912 78047
505 78048
89 78049
807 78050
306 78051
414 78052
237 78053
539 78054
150 78055
963 78056
147 78057
958 78058
806 78059
762 78060
167 78061
850 78062
864 78063
497 78064
843 78065
720 78066
656 78067
999 78068
939 78069
960 78070
694 78071
571 78072
443 78073
604 78074
937 78075
13 78076
25 78077
701 78078
255 78079
962 78080
941 78081
712 78082
975 78083
733 78084
394 78085
78 78086
807 78087
48 78088
315 78089
436 78090
11 78091
340 78092
620 78093
971 78094
23 78095
679 78096
347 78097
877 78098
364 78099
568 78100
10 78101
545 78102
529 78103
328 78104
837 78105
735 78106
58 78107
606 78108
60 78109
480 78110
647 78111
907 78112
97 78113
932 78114
494 78115
716 78116
316 78117
258 78118
341 78119
190 78120
188 78121
860 78122
963 78123
172 78124
146 78125
945 78126
418 78127
444 78128
955 78129
427 78130
975 78131
593 78132
125 78133
759 78134
89 78135
74 78136
346 78137
837 78138
62 78139
5 78140
414 78141
232 78142
113 78143
18 78144
321 78145
706 78146
454 78147
637 78148
202 78149
941 78150
175 78151
923 78152
211 78153
422 78154
909 78155
423 78156
934 78157
18 78158
933 78159
656 78160
847 78161
409 78162
701 78163
435 78164
673 78165
137 78166
861 78167
981 78168
608 78169
216 78170
136 78171
350 78172
510 78173
165 78174
731 78175
371 78176
62 78177
486 78178
766 78179
491 78180
143 78181
715 78182
986 78183
612 78184
134 78185
626 78186
802 78187
475 78188
551 78189
14 78190
883 78191
713 78192
472 78193
652 78194
123 78195
332 78196
147 78197
896 78198
758 78199
284 78200
406 78201
139 78202
985 78203
169 78204
656 78205
825 78206
177 78207
598 78208
181 78209
735 78210
508 78211
465 78212
718 78213
907 78214
28 78215
146 78216
665 78217
327 78218
348 78219
166 78220
477 78221
892 78222
895 78223
654 78224
413 78225
428 78226
660 78227
583 78228
559 78229
260 78230
715 78231
716 78232
328 78233
204 78234
212 78235
594 78236
209 78237
340 78238
835 78239
711 78240
403 78241
138 78242
17 78243
181 78244
620 78245
22 78246
929 78247
976 78248
851 78249
483 78250
310 78251
593 78252
746 78253
365 78254
984 78255
871 78256
564 78257
347 78258
305 78259
584 78260
347 78261
593 78262
766 78263
493 78264
816 78265
503 78266
269 78267
253 78268
952 78269
387 78270
65 78271
986 78272
623 78273
251 78274
430 78275
883 78276
845 78277
589 78278
62 78279
864 78280
490 78281
691 78282
98 78283
328 78284
387 78285
342 78286
951 78287
271 78288
984 78289
3 78290
36 78291
343 78292
84 78293
561 78294
85 78295
843 78296
928 78297
601 78298
101 78299
905 78300
268 78301
720 78302
968 78303
139 78304
467 78305
899 78306
611 78307
380 78308
583 78309
127 78310
711 78311
533 78312
320 78313
476 78314
461 78315
195 78316
309 78317
333 78318
683 78319
537 78320
255 78321
796 78322
184 78323
302 78324
655 78325
639 78326
705 78327
421 78328
180 78329
493 78330
536 78331
335 78332
666 78333
137 78334
964 78335
175 78336
569 78337
887 78338
996 78339
506 78340
14 78341
654 78342
724 78343
118 78344
135 78345
863 78346
346 78347
393 78348
372 78349
908 78350
404 78351
32 78352
218 78353
866 78354
367 78355
366 78356
653 78357
143 78358
152 78359
697 78360
492 78361
481 78362
995 78363
353 78364
700 78365
469 78366
331 78367
754 78368
363 78369
491 78370
753 78371
514 78372
791 78373
464 78374
741 78375
830 78376
397 78377
665 78378
989 78379
709 78380
230 78381
108 78382
100 78383
324 78384
326 78385
330 78386
721 78387
504 78388
170 78389
610 78390
671 78391
26 78392
136 78393
392 78394
165 78395
227 78396
378 78397
488 78398
207 78399
917 78400
498 78401
938 78402
766 78403
300 78404
508 78405
661 78406
96 78407
350 78408
841 78409
682 78410
980 78411
138 78412
264 78413
839 78414
940 78415
205 78416
870 78417
316 78418
457 78419
744 78420
993 78421
747 78422
411 78423
906 78424
474 78425
894 78426
611 78427
610 78428
365 78429
378 78430
537 78431
145 78432
551 78433
933 78434
325 78435
170 78436
127 78437
277 78438
145 78439
627 78440
357 78441
324 78442
526 78443
812 78444
558 78445
316 78446
845 78447
837 78448
581 78449
445 78450
55 78451
935 78452
851 78453
206 78454
450 78455
737 78456
824 78457
818 78458
458 78459
744 78460
437 78461
557 78462
213 78463
168 78464
538 78465
358 78466
907 78467
287 78468
892 78469
663 78470
209 78471
734 78472
660 78473
298 78474
288 78475
44 78476
104 78477
562 78478
943 78479
816 78480
199 78481
204 78482
520 78483
234 78484
437 78485
139 78486
731 78487
982 78488
63 78489
156 78490
398 78491
730 78492
183 78493
573 78494
822 78495
376 78496
227 78497
501 78498
447 78499
330 78500
831 78501
151 78502
158 78503
316 78504
787 78505
375 78506
817 78507
225 78508
460 78509
576 78510
550 78511
574 78512
816 78513
707 78514
562 78515
18 78516
110 78517
515 78518
643 78519
228 78520
787 78521
217 78522
935 78523
252 78524
979 78525
869 78526
722 78527
54 78528
727 78529
434 78530
879 78531
921 78532
247 78533
533 78534
494 78535
267 78536
32 78537
274 78538
841 78539
414 78540
774 78541
521 78542
765 78543
655 78544
402 78545
964 78546
344 78547
55 78548
302 78549
108 78550
438 78551
993 78552
825 78553
947 78554
392 78555
137 78556
342 78557
24 78558
244 78559
814 78560
737 78561
124 78562
899 78563
464 78564
128 78565
512 78566
614 78567
321 78568
775 78569
175 78570
680 78571
486 78572
989 78573
898 78574
810 78575
550 78576
239 78577
758 78578
198 78579
635 78580
677 78581
834 78582
720 78583
277 78584
174 78585
118 78586
148 78587
240 78588
312 78589
308 78590
637 78591
593 78592
905 78593
294 78594
971 78595
333 78596
987 78597
570 78598
895 78599
537 78600
208 78601
513 78602
226 78603
103 78604
22 78605
183 78606
312 78607
132 78608
261 78609
121 78610
511 78611
698 78612
37 78613
652 78614
200 78615
960 78616
110 78617
352 78618
559 78619
583 78620
954 78621
701 78622
436 78623
891 78624
793 78625
49 78626
653 78627
839 78628
935 78629
570 78630
772 78631
797 78632
777 78633
379 78634
78 78635
581 78636
449 78637
869 78638
469 78639
44 78640
330 78641
137 78642
658 78643
477 78644
445 78645
172 78646
278 78647
309 78648
22 78649
405 78650
135 78651
780 78652
612 78653
17 78654
284 78655
281 78656
830 78657
890 78658
927 78659
671 78660
194 78661
685 78662
731 78663
683 78664
172 78665
733 78666
364 78667
870 78668
939 78669
948 78670
551 78671
49 78672
730 78673
838 78674
721 78675
590 78676
785 78677
822 78678
592 78679
363 78680
931 78681
50 78682
827 78683
971 78684
1 78685
107 78686
831 78687
669 78688
326 78689
933 78690
624 78691
307 78692
588 78693
987 78694
533 78695
78 78696
994 78697
369 78698
364 78699
980 78700
789 78701
674 78702
168 78703
813 78704
641 78705
341 78706
842 78707
747 78708
233 78709
415 78710
931 78711
716 78712
118 78713
934 78714
910 78715
370 78716
816 78717
714 78718
260 78719
183 78720
280 78721
620 78722
879 78723
517 78724
796 78725
129 78726
570 78727
465 78728
955 78729
895 78730
857 78731
922 78732
600 78733
105 78734
61 78735
262 78736
218 78737
690 78738
383 78739
79 78740
396 78741
931 78742
876 78743
109 78744
206 78745
520 78746
170 78747
903 78748
558 78749
89 78750
500 78751
118 78752
344 78753
882 78754
891 78755
785 78756
504 78757
647 78758
677 78759
588 78760
79 78761
429 78762
8 78763
7 78764
893 78765
238 78766
833 78767
972 78768
926 78769
581 78770
299 78771
147 78772
944 78773
9 78774
433 78775
80 78776
844 78777
258 78778
521 78779
385 78780
70 78781
442 78782
90 78783
180 78784
795 78785
48 78786
385 78787
403 78788
207 78789
453 78790
49 78791
621 78792
373 78793
328 78794
349 78795
314 78796
110 78797
832 78798
605 78799
590 78800
4 78801
843 78802
137 78803
100 78804
88 78805
807 78806
490 78807
189 78808
93 78809
447 78810
633 78811
192 78812
868 78813
423 78814
746 78815
614 78816
251 78817
68 78818
288 78819
754 78820
569 78821
297 78822
567 78823
187 78824
40 78825
277 78826
573 78827
357 78828
927 78829
292 78830
111 78831
713 78832
110 78833
241 78834
538 78835
588 78836
244 78837
545 78838
147 78839
922 78840
181 78841
849 78842
813 78843
306 78844
605 78845
311 78846
466 78847
171 78848
982 78849
814 78850
9 78851
382 78852
908 78853
939 78854
295 78855
820 78856
217 78857
686 78858
487 78859
508 78860
330 78861
789 78862
542 78863
820 78864
150 78865
666 78866
413 78867
567 78868
410 78869
986 78870
285 78871
766 78872
612 78873
168 78874
188 78875
925 78876
201 78877
544 78878
660 78879
769 78880
852 78881
66 78882
841 78883
399 78884
241 78885
424 78886
983 78887
860 78888
120 78889
720 78890
502 78891
317 78892
634 78893
943 78894
504 78895
592 78896
163 78897
257 78898
228 78899
881 78900
996 78901
861 78902
998 78903
37 78904
749 78905
813 78906
340 78907
359 78908
305 78909
757 78910
445 78911
288 78912
486 78913
944 78914
918 78915
625 78916
604 78917
192 78918
398 78919
743 78920
577 78921
561 78922
71 78923
517 78924
474 78925
284 78926
923 78927
281 78928
297 78929
175 78930
314 78931
697 78932
330 78933
9 78934
187 78935
811 78936
619 78937
700 78938
111 78939
205 78940
738 78941
245 78942
238 78943
880 78944
134 78945
272 78946
400 78947
304 78948
792 78949
833 78950
326 78951
249 78952
716 78953
481 78954
39 78955
990 78956
501 78957
230 78958
386 78959
985 78960
862 78961
814 78962
490 78963
22 78964
91 78965
493 78966
469 78967
207 78968
573 78969
728 78970
491 78971
570 78972
308 78973
522 78974
688 78975
585 78976
137 78977
524 78978
539 78979
249 78980
140 78981
872 78982
37 78983
273 78984
541 78985
259 78986
17 78987
252 78988
53 78989
202 78990
33 78991
307 78992
727 78993
452 78994
441 78995
41 78996
513 78997
710 78998
688 78999
859 79000
155 79001
896 79002
877 79003
363 79004
113 79005
644 79006
903 79007
715 79008
506 79009
153 79010
234 79011
674 79012
655 79013
637 79014
669 79015
466 79016
471 79017
314 79018
533 79019
715 79020
434 79021
922 79022
122 79023
820 79024
393 79025
443 79026
360 79027
802 79028
778 79029
367 79030
833 79031
57 79032
829 79033
506 79034
200 79035
252 79036
556 79037
702 79038
667 79039
997 79040
828 79041
983 79042
858 79043
753 79044
814 79045
530 79046
469 79047
601 79048
96 79049
718 79050
472 79051
436 79052
998 79053
862 79054
789 79055
519 79056
1000 79057
296 79058
972 79059
70 79060
604 79061
369 79062
449 79063
673 79064
591 79065
299 79066
621 79067
117 79068
977 79069
847 79070
416 79071
145 79072
489 79073
987 79074
662 79075
695 79076
489 79077
550 79078
788 79079
708 79080
490 79081
633 79082
996 79083
843 79084
30 79085
944 79086
602 79087
456 79088
788 79089
848 79090
142 79091
1 79092
931 79093
643 79094
146 79095
391 79096
45 79097
399 79098
88 79099
836 79100
695 79101
438 79102
832 79103
834 79104
152 79105
196 79106
375 79107
888 79108
553 79109
311 79110
607 79111
116 79112
739 79113
638 79114
756 79115
394 79116
207 79117
82 79118
202 79119
53 79120
685 79121
175 79122
57 79123
594 79124
472 79125
776 79126
665 79127
138 79128
519 79129
437 79130
786 79131
548 79132
911 79133
427 79134
474 79135
884 79136
395 79137
758 79138
544 79139
501 79140
771 79141
464 79142
193 79143
367 79144
121 79145
828 79146
62 79147
562 79148
269 79149
713 79150
93 79151
29 79152
887 79153
837 79154
58 79155
965 79156
709 79157
711 79158
457 79159
948 79160
423 79161
485 79162
185 79163
31 79164
657 79165
104 79166
311 79167
26 79168
370 79169
450 79170
64 79171
187 79172
958 79173
726 79174
923 79175
75 79176
699 79177
665 79178
669 79179
166 79180
68 79181
439 79182
464 79183
425 79184
463 79185
584 79186
405 79187
370 79188
297 79189
108 79190
673 79191
667 79192
597 79193
98 79194
475 79195
808 79196
116 79197
226 79198
804 79199
703 79200
622 79201
290 79202
683 79203
119 79204
103 79205
580 79206
56 79207
579 79208
484 79209
208 79210
574 79211
964 79212
704 79213
794 79214
214 79215
256 79216
232 79217
924 79218
844 79219
78 79220
644 79221
181 79222
98 79223
68 79224
414 79225
440 79226
594 79227
149 79228
608 79229
26 79230
212 79231
137 79232
266 79233
541 79234
199 79235
290 79236
282 79237
675 79238
717 79239
76 79240
104 79241
404 79242
810 79243
662 79244
127 79245
700 79246
902 79247
55 79248
133 79249
136 79250
85 79251
873 79252
293 79253
109 79254
496 79255
397 79256
406 79257
114 79258
658 79259
578 79260
654 79261
515 79262
607 79263
581 79264
335 79265
43 79266
356 79267
313 79268
75 79269
601 79270
188 79271
601 79272
150 79273
85 79274
363 79275
547 79276
29 79277
516 79278
628 79279
11 79280
776 79281
730 79282
351 79283
107 79284
3 79285
640 79286
615 79287
744 79288
424 79289
249 79290
993 79291
739 79292
428 79293
937 79294
683 79295
767 79296
481 79297
986 79298
951 79299
789 79300
974 79301
607 79302
93 79303
989 79304
791 79305
275 79306
665 79307
249 79308
501 79309
416 79310
719 79311
546 79312
280 79313
343 79314
437 79315
71 79316
411 79317
724 79318
193 79319
538 79320
645 79321
910 79322
569 79323
747 79324
217 79325
525 79326
249 79327
787 79328
209 79329
711 79330
46 79331
291 79332
121 79333
10 79334
876 79335
989 79336
105 79337
413 79338
433 79339
643 79340
869 79341
45 79342
909 79343
856 79344
354 79345
613 79346
423 79347
704 79348
918 79349
519 79350
774 79351
616 79352
758 79353
509 79354
873 79355
97 79356
795 79357
439 79358
327 79359
399 79360
549 79361
829 79362
50 79363
219 79364
908 79365
770 79366
882 79367
874 79368
472 79369
16 79370
964 79371
32 79372
699 79373
83 79374
969 79375
938 79376
904 79377
66 79378
575 79379
243 79380
730 79381
481 79382
232 79383
978 79384
497 79385
766 79386
488 79387
182 79388
793 79389
212 79390
521 79391
939 79392
877 79393
508 79394
944 79395
323 79396
410 79397
146 79398
408 79399
108 79400
306 79401
163 79402
79 79403
89 79404
971 79405
736 79406
354 79407
769 79408
567 79409
321 79410
363 79411
559 79412
917 79413
112 79414
411 79415
366 79416
685 79417
177 79418
655 79419
853 79420
248 79421
537 79422
253 79423
507 79424
757 79425
975 79426
307 79427
42 79428
633 79429
900 79430
567 79431
133 79432
31 79433
729 79434
330 79435
75 79436
162 79437
672 79438
106 79439
793 79440
231 79441
794 79442
198 79443
855 79444
119 79445
322 79446
79 79447
66 79448
991 79449
441 79450
344 79451
578 79452
889 79453
436 79454
143 79455
417 79456
189 79457
825 79458
555 79459
220 79460
859 79461
716 79462
994 79463
919 79464
254 79465
909 79466
309 79467
899 79468
620 79469
357 79470
226 79471
348 79472
866 79473
298 79474
845 79475
933 79476
269 79477
81 79478
120 79479
166 79480
445 79481
300 79482
619 79483
577 79484
674 79485
415 79486
680 79487
415 79488
829 79489
808 79490
979 79491
719 79492
354 79493
785 79494
576 79495
121 79496
478 79497
58 79498
803 79499
920 79500
226 79501
861 79502
1 79503
202 79504
148 79505
5 79506
600 79507
624 79508
400 79509
396 79510
195 79511
727 79512
176 79513
641 79514
554 79515
159 79516
528 79517
458 79518
384 79519
843 79520
396 79521
457 79522
528 79523
245 79524
365 79525
17 79526
290 79527
934 79528
681 79529
649 79530
5 79531
784 79532
108 79533
237 79534
602 79535
451 79536
687 79537
392 79538
875 79539
225 79540
394 79541
608 79542
767 79543
468 79544
7 79545
642 79546
241 79547
951 79548
515 79549
159 79550
101 79551
209 79552
801 79553
193 79554
509 79555
79 79556
132 79557
801 79558
188 79559
297 79560
226 79561
283 79562
13 79563
383 79564
194 79565
132 79566
389 79567
650 79568
143 79569
888 79570
39 79571
784 79572
488 79573
823 79574
386 79575
51 79576
100 79577
731 79578
81 79579
220 79580
749 79581
249 79582
100 79583
477 79584
425 79585
163 79586
997 79587
752 79588
521 79589
137 79590
267 79591
247 79592
89 79593
539 79594
99 79595
417 79596
924 79597
393 79598
868 79599
298 79600
670 79601
983 79602
369 79603
133 79604
404 79605
625 79606
341 79607
936 79608
527 79609
419 79610
856 79611
767 79612
210 79613
954 79614
984 79615
415 79616
442 79617
762 79618
666 79619
21 79620
17 79621
691 79622
289 79623
209 79624
545 79625
365 79626
130 79627
45 79628
79 79629
430 79630
763 79631
496 79632
93 79633
966 79634
985 79635
631 79636
932 79637
848 79638
475 79639
330 79640
219 79641
650 79642
268 79643
204 79644
243 79645
586 79646
883 79647
217 79648
73 79649
844 79650
461 79651
829 79652
752 79653
226 79654
256 79655
187 79656
397 79657
897 79658
645 79659
226 79660
985 79661
35 79662
791 79663
807 79664
455 79665
856 79666
303 79667
509 79668
135 79669
654 79670
558 79671
98 79672
203 79673
213 79674
748 79675
394 79676
894 79677
355 79678
965 79679
971 79680
73 79681
744 79682
395 79683
817 79684
283 79685
399 79686
343 79687
332 79688
664 79689
739 79690
80 79691
668 79692
299 79693
859 79694
197 79695
435 79696
329 79697
305 79698
926 79699
160 79700
753 79701
425 79702
301 79703
175 79704
48 79705
179 79706
856 79707
719 79708
951 79709
863 79710
654 79711
592 79712
586 79713
315 79714
937 79715
37 79716
847 79717
441 79718
771 79719
805 79720
577 79721
909 79722
59 79723
78 79724
381 79725
919 79726
225 79727
398 79728
518 79729
920 79730
531 79731
713 79732
453 79733
575 79734
942 79735
867 79736
982 79737
943 79738
593 79739
850 79740
43 79741
464 79742
36 79743
472 79744
587 79745
528 79746
597 79747
54 79748
863 79749
464 79750
545 79751
402 79752
520 79753
1 79754
174 79755
321 79756
423 79757
832 79758
284 79759
694 79760
178 79761
451 79762
649 79763
981 79764
796 79765
503 79766
201 79767
878 79768
563 79769
759 79770
277 79771
19 79772
484 79773
732 79774
292 79775
922 79776
546 79777
989 79778
942 79779
943 79780
72 79781
451 79782
629 79783
239 79784
584 79785
407 79786
54 79787
842 79788
580 79789
648 79790
649 79791
297 79792
69 79793
117 79794
943 79795
740 79796
685 79797
842 79798
850 79799
905 79800
929 79801
388 79802
242 79803
920 79804
214 79805
147 79806
615 79807
655 79808
142 79809
437 79810
195 79811
475 79812
692 79813
24 79814
497 79815
358 79816
221 79817
622 79818
620 79819
31 79820
123 79821
304 79822
426 79823
636 79824
936 79825
953 79826
494 79827
378 79828
229 79829
859 79830
993 79831
387 79832
435 79833
460 79834
862 79835
429 79836
436 79837
751 79838
492 79839
674 79840
813 79841
618 79842
764 79843
623 79844
69 79845
258 79846
432 79847
8 79848
540 79849
406 79850
256 79851
953 79852
950 79853
685 79854
984 79855
759 79856
835 79857
757 79858
923 79859
369 79860
552 79861
161 79862
414 79863
63 79864
285 79865
200 79866
860 79867
693 79868
463 79869
32 79870
64 79871
208 79872
940 79873
907 79874
8 79875
837 79876
289 79877
931 79878
234 79879
463 79880
592 79881
335 79882
630 79883
498 79884
839 79885
791 79886
225 79887
581 79888
775 79889
219 79890
501 79891
311 79892
666 79893
176 79894
929 79895
567 79896
695 79897
520 79898
290 79899
295 79900
400 79901
531 79902
925 79903
719 79904
712 79905
959 79906
851 79907
534 79908
957 79909
39 79910
719 79911
141 79912
24 79913
814 79914
495 79915
569 79916
460 79917
486 79918
414 79919
72 79920
524 79921
939 79922
19 79923
371 79924
220 79925
339 79926
188 79927
409 79928
55 79929
875 79930
846 79931
773 79932
438 79933
509 79934
897 79935
352 79936
521 79937
596 79938
729 79939
41 79940
300 79941
661 79942
799 79943
19 79944
59 79945
26 79946
701 79947
168 79948
635 79949
865 79950
252 79951
338 79952
31 79953
327 79954
786 79955
489 79956
12 79957
213 79958
589 79959
881 79960
682 79961
665 79962
395 79963
52 79964
532 79965
993 79966
361 79967
120 79968
865 79969
714 79970
939 79971
165 79972
945 79973
862 79974
70 79975
19 79976
595 79977
697 79978
316 79979
571 79980
178 79981
678 79982
151 79983
110 79984
670 79985
276 79986
918 79987
399 79988
425 79989
621 79990
943 79991
9 79992
561 79993
968 79994
998 79995
831 79996
593 79997
596 79998
387 79999
920 80000
897 80001
544 80002
993 80003
591 80004
19 80005
599 80006
353 80007
517 80008
765 80009
8 80010
135 80011
146 80012
349 80013
152 80014
852 80015
981 80016
493 80017
46 80018
210 80019
20 80020
29 80021
449 80022
358 80023
464 80024
539 80025
447 80026
488 80027
449 80028
376 80029
62 80030
161 80031
117 80032
969 80033
350 80034
695 80035
122 80036
238 80037
978 80038
117 80039
369 80040
551 80041
691 80042
226 80043
78 80044
48 80045
343 80046
974 80047
610 80048
756 80049
672 80050
60 80051
642 80052
831 80053
861 80054
253 80055
905 80056
476 80057
347 80058
882 80059
825 80060
955 80061
850 80062
79 80063
842 80064
544 80065
144 80066
902 80067
331 80068
842 80069
381 80070
856 80071
261 80072
337 80073
160 80074
517 80075
969 80076
723 80077
109 80078
43 80079
251 80080
817 80081
389 80082
715 80083
681 80084
537 80085
801 80086
107 80087
634 80088
71 80089
967 80090
854 80091
478 80092
148 80093
457 80094
179 80095
546 80096
450 80097
956 80098
862 80099
588 80100
312 80101
123 80102
926 80103
67 80104
350 80105
40 80106
122 80107
757 80108
707 80109
113 80110
226 80111
121 80112
195 80113
624 80114
9 80115
681 80116
476 80117
950 80118
145 80119
899 80120
878 80121
302 80122
683 80123
980 80124
754 80125
538 80126
413 80127
187 80128
311 80129
449 80130
464 80131
230 80132
780 80133
317 80134
911 80135
530 80136
352 80137
77 80138
168 80139
399 80140
62 80141
341 80142
233 80143
826 80144
825 80145
859 80146
362 80147
696 80148
203 80149
590 80150
396 80151
191 80152
243 80153
71 80154
49 80155
973 80156
791 80157
85 80158
775 80159
676 80160
858 80161
344 80162
884 80163
314 80164
861 80165
592 80166
708 80167
973 80168
485 80169
361 80170
696 80171
153 80172
944 80173
741 80174
707 80175
963 80176
852 80177
443 80178
383 80179
772 80180
195 80181
971 80182
481 80183
540 80184
365 80185
86 80186
348 80187
928 80188
589 80189
657 80190
403 80191
782 80192
397 80193
813 80194
199 80195
712 80196
268 80197
365 80198
150 80199
619 80200
161 80201
161 80202
273 80203
2 80204
292 80205
210 80206
635 80207
212 80208
723 80209
645 80210
660 80211
922 80212
373 80213
98 80214
178 80215
502 80216
60 80217
571 80218
437 80219
910 80220
839 80221
366 80222
862 80223
475 80224
447 80225
902 80226
901 80227
509 80228
905 80229
104 80230
405 80231
426 80232
584 80233
124 80234
433 80235
977 80236
362 80237
425 80238
601 80239
732 80240
595 80241
439 80242
178 80243
31 80244
21 80245
854 80246
74 80247
370 80248
403 80249
914 80250
834 80251
124 80252
225 80253
164 80254
956 80255
44 80256
464 80257
541 80258
438 80259
772 80260
77 80261
109 80262
135 80263
553 80264
101 80265
133 80266
923 80267
265 80268
281 80269
76 80270
172 80271
434 80272
997 80273
790 80274
439 80275
788 80276
98 80277
35 80278
43 80279
563 80280
752 80281
464 80282
835 80283
391 80284
684 80285
829 80286
929 80287
298 80288
662 80289
295 80290
457 80291
839 80292
769 80293
494 80294
853 80295
766 80296
872 80297
391 80298
924 80299
681 80300
200 80301
168 80302
54 80303
757 80304
712 80305
419 80306
630 80307
104 80308
257 80309
33 80310
450 80311
368 80312
89 80313
936 80314
731 80315
570 80316
8 80317
130 80318
508 80319
101 80320
489 80321
453 80322
36 80323
984 80324
645 80325
262 80326
569 80327
137 80328
942 80329
435 80330
122 80331
688 80332
738 80333
857 80334
41 80335
382 80336
531 80337
136 80338
236 80339
507 80340
267 80341
755 80342
696 80343
79 80344
983 80345
903 80346
408 80347
923 80348
118 80349
86 80350
586 80351
222 80352
125 80353
133 80354
162 80355
905 80356
424 80357
901 80358
239 80359
346 80360
880 80361
333 80362
52 80363
293 80364
919 80365
900 80366
506 80367
246 80368
97 80369
175 80370
103 80371
359 80372
237 80373
659 80374
765 80375
313 80376
992 80377
551 80378
209 80379
389 80380
255 80381
381 80382
274 80383
289 80384
942 80385
682 80386
216 80387
898 80388
576 80389
386 80390
179 80391
374 80392
251 80393
775 80394
145 80395
87 80396
623 80397
728 80398
846 80399
64 80400
420 80401
814 80402
322 80403
42 80404
778 80405
555 80406
701 80407
78 80408
890 80409
568 80410
923 80411
490 80412
245 80413
234 80414
927 80415
68 80416
128 80417
491 80418
146 80419
388 80420
99 80421
220 80422
829 80423
977 80424
660 80425
134 80426
959 80427
35 80428
559 80429
201 80430
491 80431
279 80432
753 80433
794 80434
305 80435
347 80436
859 80437
238 80438
247 80439
625 80440
942 80441
547 80442
302 80443
161 80444
794 80445
700 80446
31 80447
921 80448
317 80449
316 80450
11 80451
269 80452
94 80453
839 80454
410 80455
315 80456
335 80457
412 80458
272 80459
875 80460
626 80461
938 80462
954 80463
541 80464
845 80465
156 80466
400 80467
60 80468
576 80469
213 80470
508 80471
75 80472
418 80473
14 80474
924 80475
884 80476
428 80477
621 80478
788 80479
895 80480
658 80481
987 80482
673 80483
299 80484
578 80485
744 80486
578 80487
132 80488
599 80489
178 80490
52 80491
29 80492
516 80493
619 80494
985 80495
618 80496
46 80497
104 80498
71 80499
843 80500
34 80501
986 80502
57 80503
590 80504
39 80505
36 80506
305 80507
945 80508
389 80509
36 80510
310 80511
109 80512
175 80513
318 80514
412 80515
870 80516
838 80517
733 80518
547 80519
640 80520
475 80521
872 80522
157 80523
204 80524
714 80525
285 80526
276 80527
179 80528
91 80529
599 80530
75 80531
711 80532
319 80533
355 80534
710 80535
79 80536
476 80537
509 80538
47 80539
960 80540
882 80541
682 80542
88 80543
297 80544
376 80545
921 80546
887 80547
370 80548
376 80549
334 80550
478 80551
294 80552
458 80553
777 80554
783 80555
635 80556
963 80557
288 80558
892 80559
91 80560
248 80561
526 80562
130 80563
515 80564
601 80565
638 80566
225 80567
636 80568
673 80569
454 80570
677 80571
522 80572
272 80573
723 80574
848 80575
20 80576
183 80577
451 80578
263 80579
335 80580
278 80581
77 80582
906 80583
17 80584
275 80585
396 80586
845 80587
240 80588
78 80589
692 80590
483 80591
927 80592
839 80593
697 80594
24 80595
507 80596
26 80597
329 80598
293 80599
815 80600
782 80601
605 80602
192 80603
287 80604
916 80605
87 80606
472 80607
648 80608
313 80609
964 80610
553 80611
931 80612
337 80613
88 80614
333 80615
998 80616
515 80617
554 80618
674 80619
6 80620
498 80621
58 80622
230 80623
362 80624
444 80625
262 80626
696 80627
570 80628
776 80629
905 80630
195 80631
28 80632
747 80633
355 80634
16 80635
320 80636
37 80637
601 80638
882 80639
566 80640
342 80641
489 80642
437 80643
230 80644
268 80645
922 80646
912 80647
311 80648
782 80649
38 80650
971 80651
396 80652
399 80653
429 80654
385 80655
988 80656
866 80657
81 80658
726 80659
573 80660
92 80661
717 80662
542 80663
539 80664
755 80665
352 80666
267 80667
798 80668
252 80669
274 80670
401 80671
763 80672
572 80673
948 80674
599 80675
766 80676
70 80677
975 80678
76 80679
470 80680
490 80681
372 80682
904 80683
146 80684
33 80685
251 80686
640 80687
387 80688
27 80689
630 80690
387 80691
197 80692
197 80693
501 80694
751 80695
965 80696
887 80697
744 80698
576 80699
524 80700
734 80701
958 80702
366 80703
742 80704
814 80705
561 80706
751 80707
22 80708
700 80709
886 80710
885 80711
267 80712
657 80713
239 80714
677 80715
851 80716
943 80717
817 80718
931 80719
800 80720
80 80721
660 80722
926 80723
538 80724
894 80725
2 80726
600 80727
973 80728
57 80729
605 80730
1000 80731
686 80732
976 80733
743 80734
633 80735
87 80736
748 80737
321 80738
489 80739
291 80740
343 80741
882 80742
993 80743
353 80744
855 80745
482 80746
610 80747
272 80748
248 80749
770 80750
175 80751
425 80752
87 80753
166 80754
440 80755
162 80756
46 80757
828 80758
795 80759
962 80760
762 80761
103 80762
944 80763
593 80764
851 80765
968 80766
738 80767
76 80768
680 80769
550 80770
912 80771
94 80772
999 80773
860 80774
883 80775
516 80776
926 80777
132 80778
831 80779
896 80780
759 80781
709 80782
837 80783
830 80784
443 80785
767 80786
503 80787
908 80788
973 80789
768 80790
474 80791
779 80792
621 80793
593 80794
170 80795
639 80796
58 80797
73 80798
692 80799
855 80800
384 80801
979 80802
76 80803
260 80804
361 80805
728 80806
60 80807
465 80808
792 80809
129 80810
498 80811
506 80812
170 80813
233 80814
401 80815
843 80816
873 80817
647 80818
968 80819
532 80820
372 80821
903 80822
300 80823
159 80824
650 80825
470 80826
403 80827
780 80828
152 80829
558 80830
828 80831
736 80832
82 80833
392 80834
140 80835
53 80836
854 80837
194 80838
542 80839
962 80840
545 80841
759 80842
862 80843
449 80844
452 80845
655 80846
633 80847
396 80848
741 80849
538 80850
474 80851
586 80852
379 80853
413 80854
435 80855
360 80856
744 80857
873 80858
948 80859
723 80860
513 80861
478 80862
140 80863
186 80864
334 80865
128 80866
827 80867
50 80868
806 80869
821 80870
735 80871
214 80872
292 80873
352 80874
819 80875
505 80876
370 80877
555 80878
706 80879
940 80880
869 80881
563 80882
418 80883
456 80884
680 80885
989 80886
329 80887
851 80888
668 80889
136 80890
134 80891
61 80892
283 80893
82 80894
646 80895
603 80896
760 80897
85 80898
363 80899
784 80900
1000 80901
713 80902
975 80903
725 80904
783 80905
118 80906
345 80907
441 80908
630 80909
223 80910
633 80911
713 80912
12 80913
741 80914
804 80915
698 80916
402 80917
235 80918
553 80919
555 80920
117 80921
982 80922
997 80923
309 80924
780 80925
462 80926
679 80927
221 80928
104 80929
386 80930
198 80931
952 80932
755 80933
884 80934
403 80935
25 80936
181 80937
102 80938
445 80939
848 80940
48 80941
262 80942
377 80943
687 80944
874 80945
298 80946
276 80947
210 80948
927 80949
554 80950
429 80951
377 80952
945 80953
511 80954
741 80955
735 80956
313 80957
394 80958
195 80959
218 80960
555 80961
856 80962
371 80963
606 80964
737 80965
890 80966
21 80967
138 80968
156 80969
805 80970
544 80971
272 80972
514 80973
391 80974
844 80975
258 80976
446 80977
859 80978
639 80979
548 80980
158 80981
222 80982
308 80983
43 80984
36 80985
422 80986
394 80987
686 80988
747 80989
920 80990
341 80991
439 80992
70 80993
80 80994
95 80995
625 80996
570 80997
693 80998
220 80999
132 81000
590 81001
93 81002
147 81003
469 81004
323 81005
909 81006
986 81007
476 81008
210 81009
227 81010
848 81011
19 81012
977 81013
321 81014
410 81015
921 81016
712 81017
665 81018
665 81019
735 81020
104 81021
614 81022
984 81023
802 81024
831 81025
569 81026
530 81027
478 81028
927 81029
678 81030
24 81031
684 81032
352 81033
696 81034
5 81035
745 81036
383 81037
983 81038
431 81039
618 81040
719 81041
393 81042
933 81043
69 81044
64 81045
761 81046
724 81047
606 81048
696 81049
122 81050
723 81051
871 81052
349 81053
498 81054
782 81055
198 81056
829 81057
469 81058
12 81059
350 81060
365 81061
651 81062
556 81063
653 81064
681 81065
753 81066
945 81067
651 81068
423 81069
892 81070
862 81071
782 81072
697 81073
84 81074
729 81075
68 81076
322 81077
347 81078
286 81079
424 81080
391 81081
49 81082
681 81083
47 81084
183 81085
160 81086
419 81087
458 81088
362 81089
648 81090
68 81091
576 81092
269 81093
323 81094
385 81095
30 81096
52 81097
297 81098
665 81099
78 81100
526 81101
203 81102
394 81103
689 81104
655 81105
273 81106
311 81107
562 81108
584 81109
593 81110
67 81111
910 81112
865 81113
583 81114
908 81115
807 81116
399 81117
580 81118
955 81119
441 81120
485 81121
570 81122
828 81123
266 81124
781 81125
207 81126
804 81127
699 81128
611 81129
302 81130
576 81131
839 81132
540 81133
264 81134
752 81135
194 81136
512 81137
404 81138
836 81139
182 81140
632 81141
488 81142
308 81143
950 81144
665 81145
791 81146
12 81147
22 81148
499 81149
655 81150
699 81151
27 81152
370 81153
913 81154
899 81155
971 81156
684 81157
919 81158
562 81159
131 81160
653 81161
766 81162
466 81163
603 81164
273 81165
537 81166
197 81167
5 81168
204 81169
286 81170
128 81171
734 81172
510 81173
155 81174
656 81175
956 81176
696 81177
241 81178
522 81179
363 81180
612 81181
6 81182
741 81183
8 81184
419 81185
724 81186
354 81187
652 81188
470 81189
930 81190
807 81191
659 81192
336 81193
408 81194
938 81195
537 81196
926 81197
389 81198
357 81199
783 81200
749 81201
339 81202
241 81203
350 81204
95 81205
355 81206
514 81207
194 81208
454 81209
791 81210
596 81211
535 81212
408 81213
234 81214
248 81215
65 81216
841 81217
740 81218
650 81219
674 81220
356 81221
397 81222
733 81223
623 81224
223 81225
597 81226
126 81227
773 81228
767 81229
770 81230
17 81231
347 81232
639 81233
754 81234
667 81235
851 81236
518 81237
821 81238
200 81239
204 81240
440 81241
428 81242
408 81243
353 81244
807 81245
780 81246
855 81247
231 81248
894 81249
882 81250
636 81251
964 81252
248 81253
646 81254
907 81255
456 81256
349 81257
880 81258
500 81259
723 81260
701 81261
51 81262
926 81263
86 81264
414 81265
197 81266
795 81267
998 81268
69 81269
817 81270
595 81271
8 81272
11 81273
524 81274
27 81275
641 81276
578 81277
772 81278
244 81279
574 81280
156 81281
226 81282
857 81283
188 81284
43 81285
71 81286
142 81287
973 81288
621 81289
486 81290
178 81291
367 81292
15 81293
683 81294
345 81295
563 81296
712 81297
336 81298
613 81299
218 81300
262 81301
649 81302
91 81303
997 81304
616 81305
437 81306
394 81307
295 81308
287 81309
507 81310
786 81311
13 81312
202 81313
905 81314
736 81315
768 81316
119 81317
150 81318
336 81319
949 81320
408 81321
817 81322
818 81323
204 81324
962 81325
269 81326
926 81327
524 81328
268 81329
870 81330
431 81331
741 81332
540 81333
146 81334
263 81335
519 81336
653 81337
760 81338
529 81339
361 81340
378 81341
410 81342
249 81343
224 81344
246 81345
593 81346
976 81347
243 81348
250 81349
33 81350
840 81351
680 81352
547 81353
547 81354
285 81355
827 81356
826 81357
362 81358
618 81359
643 81360
86 81361
468 81362
696 81363
177 81364
663 81365
413 81366
384 81367
297 81368
652 81369
922 81370
821 81371
27 81372
312 81373
17 81374
530 81375
776 81376
510 81377
265 81378
668 81379
535 81380
23 81381
239 81382
840 81383
961 81384
19 81385
131 81386
11 81387
327 81388
880 81389
266 81390
974 81391
394 81392
815 81393
993 81394
793 81395
281 81396
2 81397
588 81398
931 81399
488 81400
801 81401
674 81402
664 81403
778 81404
294 81405
773 81406
502 81407
985 81408
152 81409
53 81410
82 81411
841 81412
381 81413
456 81414
254 81415
160 81416
664 81417
652 81418
958 81419
562 81420
180 81421
291 81422
127 81423
231 81424
835 81425
112 81426
557 81427
143 81428
318 81429
186 81430
349 81431
589 81432
466 81433
229 81434
79 81435
98 81436
851 81437
926 81438
155 81439
847 81440
26 81441
132 81442
688 81443
875 81444
832 81445
282 81446
292 81447
151 81448
727 81449
340 81450
248 81451
175 81452
828 81453
412 81454
982 81455
198 81456
205 81457
387 81458
857 81459
679 81460
125 81461
971 81462
432 81463
436 81464
86 81465
179 81466
660 81467
403 81468
129 81469
328 81470
609 81471
816 81472
903 81473
133 81474
926 81475
306 81476
393 81477
662 81478
613 81479
899 81480
272 81481
186 81482
169 81483
879 81484
578 81485
708 81486
585 81487
173 81488
869 81489
763 81490
553 81491
771 81492
1000 81493
902 81494
854 81495
2 81496
289 81497
835 81498
275 81499
538 81500
508 81501
178 81502
249 81503
700 81504
488 81505
955 81506
273 81507
239 81508
728 81509
880 81510
915 81511
847 81512
209 81513
506 81514
628 81515
379 81516
387 81517
276 81518
137 81519
482 81520
939 81521
117 81522
574 81523
993 81524
159 81525
171 81526
153 81527
68 81528
402 81529
332 81530
70 81531
37 81532
40 81533
14 81534
897 81535
193 81536
641 81537
968 81538
643 81539
266 81540
257 81541
667 81542
381 81543
172 81544
753 81545
342 81546
101 81547
74 81548
93 81549
837 81550
418 81551
204 81552
430 81553
171 81554
956 81555
422 81556
289 81557
458 81558
312 81559
620 81560
399 81561
517 81562
140 81563
936 81564
150 81565
787 81566
959 81567
716 81568
118 81569
742 81570
719 81571
508 81572
115 81573
728 81574
883 81575
966 81576
453 81577
737 81578
195 81579
574 81580
907 81581
43 81582
185 81583
925 81584
590 81585
748 81586
36 81587
832 81588
16 81589
195 81590
850 81591
226 81592
131 81593
431 81594
769 81595
876 81596
420 81597
950 81598
670 81599
359 81600
902 81601
327 81602
446 81603
704 81604
491 81605
429 81606
455 81607
892 81608
569 81609
201 81610
602 81611
406 81612
881 81613
868 81614
318 81615
485 81616
743 81617
369 81618
612 81619
143 81620
498 81621
703 81622
924 81623
724 81624
587 81625
23 81626
145 81627
854 81628
340 81629
88 81630
388 81631
187 81632
495 81633
324 81634
11 81635
648 81636
269 81637
25 81638
591 81639
751 81640
854 81641
732 81642
105 81643
982 81644
115 81645
836 81646
400 81647
328 81648
489 81649
779 81650
690 81651
63 81652
429 81653
454 81654
716 81655
685 81656
779 81657
246 81658
203 81659
127 81660
564 81661
820 81662
670 81663
490 81664
205 81665
859 81666
754 81667
98 81668
48 81669
218 81670
441 81671
469 81672
76 81673
778 81674
970 81675
246 81676
590 81677
565 81678
108 81679
656 81680
943 81681
582 81682
880 81683
361 81684
514 81685
746 81686
602 81687
44 81688
5 81689
796 81690
552 81691
925 81692
308 81693
356 81694
677 81695
447 81696
256 81697
609 81698
555 81699
845 81700
50 81701
396 81702
839 81703
441 81704
880 81705
931 81706
240 81707
401 81708
207 81709
596 81710
252 81711
749 81712
303 81713
288 81714
955 81715
462 81716
894 81717
788 81718
915 81719
815 81720
639 81721
69 81722
96 81723
805 81724
895 81725
882 81726
46 81727
990 81728
408 81729
24 81730
96 81731
8 81732
264 81733
407 81734
763 81735
57 81736
200 81737
618 81738
842 81739
821 81740
151 81741
948 81742
979 81743
468 81744
907 81745
280 81746
569 81747
396 81748
308 81749
563 81750
394 81751
85 81752
271 81753
715 81754
420 81755
552 81756
156 81757
380 81758
380 81759
635 81760
328 81761
57 81762
957 81763
493 81764
78 81765
1 81766
779 81767
221 81768
640 81769
166 81770
714 81771
231 81772
474 81773
55 81774
596 81775
545 81776
509 81777
507 81778
529 81779
932 81780
404 81781
942 81782
237 81783
187 81784
262 81785
510 81786
702 81787
160 81788
843 81789
795 81790
977 81791
939 81792
871 81793
613 81794
746 81795
75 81796
837 81797
102 81798
574 81799
530 81800
750 81801
341 81802
440 81803
573 81804
497 81805
974 81806
231 81807
288 81808
105 81809
554 81810
550 81811
757 81812
147 81813
425 81814
780 81815
916 81816
110 81817
599 81818
925 81819
134 81820
954 81821
970 81822
904 81823
221 81824
624 81825
546 81826
363 81827
277 81828
230 81829
103 81830
967 81831
272 81832
405 81833
314 81834
395 81835
387 81836
903 81837
422 81838
346 81839
792 81840
506 81841
394 81842
318 81843
844 81844
68 81845
86 81846
414 81847
75 81848
982 81849
362 81850
394 81851
238 81852
633 81853
594 81854
380 81855
163 81856
905 81857
708 81858
238 81859
18 81860
691 81861
129 81862
995 81863
250 81864
508 81865
265 81866
268 81867
529 81868
899 81869
178 81870
270 81871
938 81872
68 81873
712 81874
14 81875
806 81876
768 81877
439 81878
329 81879
246 81880
338 81881
441 81882
316 81883
50 81884
504 81885
749 81886
905 81887
941 81888
354 81889
184 81890
489 81891
689 81892
411 81893
19 81894
444 81895
666 81896
549 81897
591 81898
326 81899
899 81900
999 81901
200 81902
501 81903
472 81904
176 81905
211 81906
277 81907
203 81908
562 81909
647 81910
563 81911
571 81912
505 81913
299 81914
787 81915
871 81916
851 81917
840 81918
484 81919
789 81920
931 81921
516 81922
823 81923
903 81924
899 81925
468 81926
828 81927
748 81928
237 81929
877 81930
544 81931
522 81932
806 81933
915 81934
107 81935
938 81936
948 81937
587 81938
500 81939
708 81940
976 81941
4 81942
155 81943
909 81944
179 81945
224 81946
403 81947
839 81948
871 81949
409 81950
427 81951
886 81952
128 81953
995 81954
750 81955
184 81956
959 81957
604 81958
928 81959
632 81960
944 81961
734 81962
189 81963
349 81964
99 81965
299 81966
712 81967
674 81968
520 81969
482 81970
532 81971
551 81972
538 81973
912 81974
432 81975
379 81976
179 81977
910 81978
820 81979
256 81980
560 81981
300 81982
15 81983
699 81984
608 81985
840 81986
952 81987
409 81988
608 81989
195 81990
858 81991
177 81992
393 81993
468 81994
919 81995
307 81996
306 81997
593 81998
660 81999
679 82000
692 82001
939 82002
874 82003
739 82004
410 82005
134 82006
577 82007
106 82008
439 82009
240 82010
962 82011
837 82012
540 82013
422 82014
197 82015
756 82016
487 82017
690 82018
621 82019
881 82020
753 82021
687 82022
335 82023
238 82024
128 82025
603 82026
540 82027
985 82028
876 82029
13 82030
866 82031
822 82032
668 82033
349 82034
279 82035
481 82036
596 82037
236 82038
978 82039
369 82040
769 82041
763 82042
82 82043
85 82044
604 82045
743 82046
822 82047
502 82048
486 82049
648 82050
40 82051
655 82052
440 82053
872 82054
531 82055
761 82056
777 82057
157 82058
754 82059
543 82060
299 82061
804 82062
410 82063
509 82064
636 82065
949 82066
246 82067
209 82068
526 82069
664 82070
344 82071
473 82072
430 82073
909 82074
283 82075
232 82076
708 82077
11 82078
664 82079
763 82080
180 82081
96 82082
359 82083
599 82084
495 82085
862 82086
406 82087
821 82088
165 82089
238 82090
589 82091
12 82092
229 82093
418 82094
695 82095
263 82096
945 82097
387 82098
750 82099
949 82100
169 82101
8 82102
813 82103
204 82104
14 82105
546 82106
803 82107
983 82108
917 82109
760 82110
639 82111
237 82112
340 82113
721 82114
987 82115
294 82116
165 82117
729 82118
8 82119
960 82120
535 82121
159 82122
622 82123
567 82124
276 82125
489 82126
494 82127
568 82128
215 82129
259 82130
623 82131
957 82132
789 82133
200 82134
983 82135
235 82136
930 82137
580 82138
664 82139
716 82140
782 82141
855 82142
47 82143
15 82144
230 82145
948 82146
660 82147
417 82148
681 82149
636 82150
475 82151
989 82152
718 82153
131 82154
230 82155
427 82156
891 82157
413 82158
731 82159
680 82160
398 82161
278 82162
676 82163
662 82164
419 82165
709 82166
337 82167
387 82168
791 82169
766 82170
633 82171
314 82172
495 82173
745 82174
182 82175
790 82176
65 82177
996 82178
104 82179
875 82180
428 82181
227 82182
492 82183
155 82184
736 82185
920 82186
241 82187
257 82188
363 82189
816 82190
733 82191
3 82192
905 82193
932 82194
621 82195
778 82196
286 82197
588 82198
669 82199
534 82200
88 82201
280 82202
772 82203
857 82204
500 82205
307 82206
633 82207
611 82208
206 82209
18 82210
533 82211
496 82212
202 82213
570 82214
236 82215
447 82216
604 82217
273 82218
990 82219
235 82220
115 82221
328 82222
997 82223
622 82224
574 82225
872 82226
726 82227
850 82228
281 82229
289 82230
848 82231
26 82232
684 82233
749 82234
372 82235
323 82236
181 82237
185 82238
930 82239
6 82240
706 82241
806 82242
476 82243
332 82244
933 82245
363 82246
899 82247
296 82248
80 82249
753 82250
361 82251
690 82252
742 82253
377 82254
241 82255
633 82256
203 82257
350 82258
313 82259
495 82260
530 82261
64 82262
917 82263
49 82264
911 82265
860 82266
24 82267
655 82268
676 82269
7 82270
741 82271
928 82272
833 82273
679 82274
154 82275
571 82276
999 82277
786 82278
275 82279
840 82280
353 82281
473 82282
941 82283
174 82284
809 82285
853 82286
603 82287
152 82288
150 82289
373 82290
390 82291
535 82292
976 82293
1000 82294
639 82295
166 82296
181 82297
580 82298
901 82299
325 82300
845 82301
910 82302
836 82303
804 82304
118 82305
757 82306
384 82307
986 82308
770 82309
657 82310
729 82311
425 82312
322 82313
826 82314
968 82315
53 82316
607 82317
69 82318
192 82319
201 82320
468 82321
283 82322
555 82323
425 82324
188 82325
837 82326
387 82327
245 82328
3 82329
574 82330
645 82331
868 82332
922 82333
386 82334
984 82335
382 82336
61 82337
116 82338
951 82339
945 82340
508 82341
10 82342
142 82343
727 82344
698 82345
846 82346
390 82347
737 82348
35 82349
773 82350
163 82351
994 82352
257 82353
17 82354
53 82355
145 82356
778 82357
631 82358
369 82359
395 82360
262 82361
719 82362
360 82363
996 82364
301 82365
377 82366
965 82367
713 82368
533 82369
161 82370
723 82371
431 82372
61 82373
752 82374
2 82375
192 82376
221 82377
215 82378
153 82379
302 82380
750 82381
868 82382
759 82383
33 82384
398 82385
636 82386
609 82387
683 82388
149 82389
44 82390
518 82391
606 82392
219 82393
284 82394
738 82395
365 82396
170 82397
771 82398
367 82399
752 82400
882 82401
133 82402
321 82403
551 82404
601 82405
449 82406
374 82407
971 82408
700 82409
274 82410
338 82411
932 82412
891 82413
750 82414
730 82415
730 82416
227 82417
623 82418
282 82419
644 82420
743 82421
5 82422
707 82423
105 82424
935 82425
925 82426
370 82427
550 82428
112 82429
95 82430
840 82431
44 82432
919 82433
95 82434
376 82435
899 82436
108 82437
54 82438
215 82439
453 82440
655 82441
366 82442
119 82443
988 82444
390 82445
696 82446
65 82447
779 82448
289 82449
782 82450
335 82451
401 82452
731 82453
210 82454
5 82455
386 82456
7 82457
433 82458
101 82459
684 82460
442 82461
930 82462
371 82463
618 82464
351 82465
691 82466
101 82467
210 82468
99 82469
450 82470
778 82471
780 82472
998 82473
222 82474
865 82475
85 82476
1 82477
81 82478
430 82479
841 82480
382 82481
668 82482
656 82483
510 82484
491 82485
326 82486
867 82487
573 82488
304 82489
601 82490
292 82491
733 82492
873 82493
556 82494
640 82495
228 82496
17 82497
871 82498
851 82499
861 82500
771 82501
505 82502
148 82503
82 82504
980 82505
154 82506
370 82507
824 82508
990 82509
132 82510
913 82511
774 82512
276 82513
916 82514
400 82515
924 82516
30 82517
22 82518
407 82519
23 82520
608 82521
183 82522
349 82523
396 82524
963 82525
839 82526
815 82527
107 82528
507 82529
612 82530
434 82531
214 82532
689 82533
967 82534
248 82535
22 82536
370 82537
548 82538
644 82539
749 82540
825 82541
985 82542
851 82543
109 82544
760 82545
923 82546
290 82547
840 82548
136 82549
904 82550
563 82551
765 82552
607 82553
428 82554
999 82555
41 82556
46 82557
51 82558
314 82559
459 82560
462 82561
107 82562
499 82563
326 82564
224 82565
655 82566
667 82567
63 82568
758 82569
129 82570
91 82571
68 82572
570 82573
632 82574
707 82575
657 82576
53 82577
501 82578
682 82579
150 82580
367 82581
144 82582
688 82583
408 82584
873 82585
523 82586
855 82587
735 82588
448 82589
34 82590
434 82591
224 82592
979 82593
357 82594
615 82595
654 82596
663 82597
576 82598
745 82599
46 82600
742 82601
102 82602
38 82603
698 82604
249 82605
180 82606
114 82607
882 82608
740 82609
772 82610
764 82611
623 82612
896 82613
765 82614
200 82615
252 82616
490 82617
689 82618
77 82619
668 82620
51 82621
271 82622
816 82623
672 82624
561 82625
559 82626
359 82627
48 82628
708 82629
289 82630
382 82631
847 82632
114 82633
335 82634
591 82635
870 82636
139 82637
997 82638
458 82639
484 82640
449 82641
314 82642
202 82643
547 82644
763 82645
994 82646
440 82647
608 82648
758 82649
668 82650
680 82651
211 82652
492 82653
492 82654
732 82655
294 82656
484 82657
39 82658
48 82659
164 82660
338 82661
86 82662
238 82663
213 82664
525 82665
921 82666
637 82667
806 82668
86 82669
817 82670
422 82671
352 82672
700 82673
326 82674
218 82675
256 82676
645 82677
868 82678
330 82679
809 82680
234 82681
463 82682
834 82683
861 82684
131 82685
584 82686
659 82687
966 82688
73 82689
744 82690
620 82691
126 82692
381 82693
36 82694
260 82695
647 82696
298 82697
28 82698
409 82699
31 82700
744 82701
818 82702
17 82703
385 82704
627 82705
988 82706
52 82707
436 82708
194 82709
468 82710
808 82711
850 82712
74 82713
418 82714
512 82715
834 82716
13 82717
407 82718
144 82719
197 82720
81 82721
568 82722
923 82723
513 82724
233 82725
41 82726
353 82727
277 82728
737 82729
866 82730
854 82731
44 82732
691 82733
867 82734
374 82735
775 82736
406 82737
214 82738
812 82739
170 82740
580 82741
183 82742
165 82743
522 82744
860 82745
568 82746
493 82747
198 82748
622 82749
281 82750
341 82751
410 82752
44 82753
455 82754
175 82755
725 82756
825 82757
287 82758
395 82759
898 82760
62 82761
970 82762
45 82763
963 82764
749 82765
949 82766
923 82767
488 82768
845 82769
544 82770
876 82771
132 82772
474 82773
273 82774
926 82775
582 82776
581 82777
638 82778
226 82779
20 82780
433 82781
539 82782
842 82783
321 82784
893 82785
844 82786
965 82787
872 82788
973 82789
435 82790
341 82791
561 82792
116 82793
107 82794
189 82795
405 82796
577 82797
570 82798
191 82799
727 82800
962 82801
871 82802
768 82803
661 82804
759 82805
653 82806
721 82807
311 82808
302 82809
349 82810
335 82811
937 82812
374 82813
768 82814
119 82815
340 82816
199 82817
296 82818
944 82819
289 82820
486 82821
356 82822
14 82823
354 82824
289 82825
408 82826
831 82827
372 82828
256 82829
859 82830
102 82831
803 82832
406 82833
116 82834
342 82835
437 82836
707 82837
354 82838
317 82839
677 82840
626 82841
294 82842
987 82843
802 82844
570 82845
498 82846
170 82847
811 82848
336 82849
777 82850
327 82851
301 82852
303 82853
560 82854
801 82855
660 82856
378 82857
367 82858
3 82859
466 82860
88 82861
283 82862
75 82863
962 82864
702 82865
766 82866
51 82867
280 82868
391 82869
486 82870
151 82871
774 82872
967 82873
431 82874
630 82875
388 82876
507 82877
655 82878
896 82879
336 82880
508 82881
544 82882
532 82883
996 82884
835 82885
757 82886
948 82887
470 82888
732 82889
72 82890
275 82891
190 82892
827 82893
291 82894
376 82895
216 82896
937 82897
343 82898
776 82899
501 82900
468 82901
67 82902
762 82903
910 82904
181 82905
253 82906
710 82907
543 82908
485 82909
52 82910
201 82911
748 82912
889 82913
697 82914
792 82915
348 82916
660 82917
417 82918
248 82919
896 82920
567 82921
503 82922
639 82923
873 82924
413 82925
303 82926
617 82927
110 82928
532 82929
456 82930
250 82931
473 82932
759 82933
926 82934
759 82935
102 82936
203 82937
590 82938
665 82939
605 82940
494 82941
3 82942
504 82943
33 82944
115 82945
683 82946
272 82947
550 82948
883 82949
722 82950
692 82951
287 82952
742 82953
9 82954
513 82955
294 82956
631 82957
101 82958
883 82959
606 82960
419 82961
328 82962
588 82963
636 82964
924 82965
275 82966
771 82967
170 82968
134 82969
793 82970
563 82971
440 82972
849 82973
616 82974
336 82975
190 82976
840 82977
693 82978
604 82979
176 82980
495 82981
914 82982
295 82983
314 82984
303 82985
492 82986
82 82987
344 82988
989 82989
96 82990
990 82991
773 82992
324 82993
880 82994
334 82995
572 82996
280 82997
233 82998
225 82999
389 83000
796 83001
549 83002
636 83003
925 83004
994 83005
294 83006
517 83007
772 83008
386 83009
783 83010
810 83011
394 83012
384 83013
826 83014
540 83015
514 83016
762 83017
409 83018
152 83019
943 83020
342 83021
994 83022
303 83023
764 83024
826 83025
112 83026
375 83027
946 83028
660 83029
857 83030
166 83031
916 83032
792 83033
135 83034
869 83035
364 83036
347 83037
301 83038
722 83039
622 83040
597 83041
582 83042
141 83043
135 83044
163 83045
807 83046
407 83047
349 83048
37 83049
763 83050
875 83051
627 83052
434 83053
753 83054
618 83055
739 83056
703 83057
901 83058
255 83059
513 83060
978 83061
14 83062
268 83063
725 83064
741 83065
458 83066
552 83067
799 83068
962 83069
887 83070
666 83071
756 83072
971 83073
760 83074
88 83075
780 83076
921 83077
957 83078
685 83079
333 83080
199 83081
260 83082
688 83083
633 83084
460 83085
310 83086
779 83087
207 83088
369 83089
486 83090
985 83091
803 83092
296 83093
145 83094
279 83095
539 83096
913 83097
744 83098
3 83099
146 83100
26 83101
599 83102
297 83103
442 83104
866 83105
440 83106
254 83107
10 83108
194 83109
438 83110
912 83111
349 83112
801 83113
494 83114
463 83115
719 83116
439 83117
144 83118
996 83119
501 83120
603 83121
587 83122
751 83123
890 83124
898 83125
844 83126
330 83127
126 83128
18 83129
574 83130
888 83131
67 83132
46 83133
528 83134
223 83135
757 83136
549 83137
880 83138
635 83139
721 83140
636 83141
353 83142
314 83143
152 83144
332 83145
868 83146
699 83147
204 83148
584 83149
678 83150
789 83151
954 83152
141 83153
835 83154
472 83155
233 83156
228 83157
720 83158
129 83159
269 83160
749 83161
71 83162
21 83163
350 83164
981 83165
422 83166
528 83167
344 83168
111 83169
281 83170
939 83171
371 83172
55 83173
484 83174
691 83175
367 83176
653 83177
554 83178
903 83179
548 83180
58 83181
858 83182
769 83183
871 83184
598 83185
425 83186
604 83187
409 83188
188 83189
246 83190
878 83191
614 83192
808 83193
867 83194
828 83195
866 83196
253 83197
573 83198
269 83199
193 83200
448 83201
99 83202
357 83203
518 83204
841 83205
148 83206
597 83207
143 83208
940 83209
16 83210
173 83211
345 83212
557 83213
102 83214
183 83215
688 83216
296 83217
125 83218
77 83219
117 83220
989 83221
305 83222
787 83223
262 83224
767 83225
16 83226
160 83227
526 83228
94 83229
884 83230
803 83231
880 83232
360 83233
303 83234
709 83235
890 83236
147 83237
330 83238
225 83239
536 83240
963 83241
729 83242
662 83243
29 83244
500 83245
286 83246
405 83247
26 83248
376 83249
957 83250
754 83251
513 83252
320 83253
17 83254
768 83255
521 83256
725 83257
774 83258
11 83259
685 83260
577 83261
207 83262
388 83263
502 83264
79 83265
587 83266
363 83267
466 83268
958 83269
340 83270
595 83271
26 83272
588 83273
452 83274
177 83275
991 83276
873 83277
706 83278
649 83279
837 83280
205 83281
122 83282
194 83283
665 83284
971 83285
24 83286
930 83287
281 83288
146 83289
526 83290
686 83291
971 83292
80 83293
544 83294
454 83295
495 83296
477 83297
418 83298
309 83299
920 83300
389 83301
722 83302
371 83303
475 83304
257 83305
177 83306
505 83307
889 83308
282 83309
999 83310
493 83311
36 83312
657 83313
929 83314
78 83315
673 83316
462 83317
170 83318
1 83319
546 83320
307 83321
956 83322
78 83323
8 83324
92 83325
269 83326
89 83327
478 83328
41 83329
351 83330
747 83331
999 83332
809 83333
545 83334
589 83335
973 83336
874 83337
332 83338
27 83339
725 83340
431 83341
243 83342
525 83343
110 83344
874 83345
57 83346
97 83347
437 83348
567 83349
500 83350
68 83351
871 83352
257 83353
868 83354
990 83355
482 83356
690 83357
896 83358
333 83359
711 83360
568 83361
270 83362
590 83363
686 83364
831 83365
525 83366
949 83367
569 83368
967 83369
717 83370
898 83371
680 83372
164 83373
142 83374
418 83375
714 83376
107 83377
572 83378
563 83379
790 83380
638 83381
337 83382
204 83383
422 83384
784 83385
490 83386
376 83387
246 83388
894 83389
340 83390
721 83391
651 83392
407 83393
584 83394
196 83395
565 83396
462 83397
166 83398
59 83399
83 83400
184 83401
834 83402
645 83403
560 83404
69 83405
640 83406
126 83407
793 83408
143 83409
921 83410
103 83411
651 83412
80 83413
642 83414
795 83415
648 83416
192 83417
153 83418
191 83419
986 83420
1000 83421
196 83422
580 83423
19 83424
27 83425
28 83426
690 83427
543 83428
472 83429
820 83430
64 83431
817 83432
818 83433
905 83434
90 83435
452 83436
972 83437
730 83438
496 83439
810 83440
802 83441
697 83442
541 83443
823 83444
688 83445
399 83446
105 83447
666 83448
297 83449
744 83450
705 83451
826 83452
938 83453
354 83454
31 83455
343 83456
677 83457
527 83458
554 83459
910 83460
100 83461
468 83462
360 83463
605 83464
833 83465
272 83466
322 83467
310 83468
856 83469
12 83470
71 83471
846 83472
739 83473
116 83474
153 83475
769 83476
62 83477
122 83478
204 83479
175 83480
334 83481
978 83482
380 83483
140 83484
946 83485
295 83486
141 83487
409 83488
728 83489
871 83490
383 83491
451 83492
303 83493
420 83494
358 83495
461 83496
952 83497
57 83498
944 83499
395 83500
93 83501
10 83502
405 83503
796 83504
296 83505
486 83506
154 83507
183 83508
752 83509
600 83510
668 83511
543 83512
164 83513
52 83514
289 83515
535 83516
582 83517
286 83518
583 83519
570 83520
261 83521
952 83522
280 83523
597 83524
54 83525
714 83526
973 83527
22 83528
917 83529
934 83530
72 83531
628 83532
917 83533
512 83534
449 83535
634 83536
504 83537
766 83538
923 83539
717 83540
202 83541
726 83542
789 83543
309 83544
326 83545
312 83546
457 83547
311 83548
651 83549
694 83550
584 83551
176 83552
176 83553
518 83554
915 83555
736 83556
458 83557
450 83558
955 83559
654 83560
521 83561
546 83562
446 83563
669 83564
787 83565
451 83566
430 83567
774 83568
675 83569
741 83570
862 83571
442 83572
902 83573
557 83574
646 83575
466 83576
143 83577
398 83578
35 83579
400 83580
808 83581
473 83582
605 83583
242 83584
373 83585
289 83586
160 83587
62 83588
880 83589
755 83590
192 83591
636 83592
189 83593
76 83594
78 83595
147 83596
149 83597
914 83598
696 83599
69 83600
342 83601
403 83602
866 83603
382 83604
625 83605
806 83606
508 83607
628 83608
747 83609
730 83610
718 83611
484 83612
36 83613
765 83614
23 83615
491 83616
807 83617
231 83618
872 83619
652 83620
782 83621
763 83622
284 83623
577 83624
955 83625
199 83626
165 83627
962 83628
969 83629
26 83630
727 83631
11 83632
52 83633
205 83634
299 83635
282 83636
195 83637
132 83638
742 83639
30 83640
118 83641
632 83642
225 83643
407 83644
988 83645
628 83646
862 83647
253 83648
486 83649
595 83650
908 83651
180 83652
435 83653
236 83654
689 83655
561 83656
321 83657
982 83658
794 83659
458 83660
868 83661
509 83662
473 83663
89 83664
397 83665
829 83666
883 83667
713 83668
800 83669
59 83670
603 83671
723 83672
254 83673
254 83674
775 83675
652 83676
276 83677
704 83678
474 83679
857 83680
621 83681
7 83682
67 83683
489 83684
337 83685
196 83686
125 83687
58 83688
240 83689
878 83690
624 83691
312 83692
82 83693
164 83694
324 83695
18 83696
530 83697
817 83698
614 83699
49 83700
846 83701
603 83702
366 83703
28 83704
81 83705
711 83706
105 83707
749 83708
369 83709
927 83710
910 83711
240 83712
970 83713
758 83714
583 83715
373 83716
519 83717
159 83718
824 83719
926 83720
992 83721
356 83722
274 83723
45 83724
237 83725
177 83726
843 83727
540 83728
728 83729
782 83730
190 83731
519 83732
55 83733
2 83734
352 83735
416 83736
516 83737
923 83738
254 83739
9 83740
871 83741
322 83742
665 83743
650 83744
496 83745
265 83746
925 83747
618 83748
468 83749
134 83750
496 83751
189 83752
328 83753
636 83754
98 83755
208 83756
436 83757
745 83758
463 83759
652 83760
267 83761
255 83762
998 83763
109 83764
334 83765
706 83766
628 83767
382 83768
226 83769
238 83770
235 83771
46 83772
238 83773
987 83774
563 83775
563 83776
527 83777
58 83778
457 83779
685 83780
988 83781
642 83782
917 83783
446 83784
258 83785
605 83786
54 83787
226 83788
845 83789
833 83790
589 83791
803 83792
977 83793
898 83794
610 83795
80 83796
217 83797
103 83798
637 83799
383 83800
178 83801
162 83802
840 83803
558 83804
333 83805
709 83806
940 83807
23 83808
436 83809
565 83810
561 83811
1000 83812
102 83813
610 83814
298 83815
995 83816
470 83817
561 83818
581 83819
241 83820
105 83821
685 83822
43 83823
728 83824
730 83825
297 83826
685 83827
493 83828
232 83829
736 83830
183 83831
686 83832
387 83833
587 83834
861 83835
283 83836
449 83837
991 83838
128 83839
778 83840
604 83841
808 83842
738 83843
140 83844
632 83845
701 83846
590 83847
220 83848
666 83849
669 83850
643 83851
796 83852
834 83853
299 83854
223 83855
476 83856
496 83857
624 83858
293 83859
643 83860
267 83861
775 83862
905 83863
918 83864
725 83865
440 83866
787 83867
289 83868
318 83869
515 83870
503 83871
159 83872
626 83873
69 83874
236 83875
357 83876
954 83877
616 83878
668 83879
101 83880
925 83881
815 83882
815 83883
443 83884
354 83885
220 83886
532 83887
930 83888
580 83889
195 83890
934 83891
115 83892
290 83893
281 83894
649 83895
284 83896
786 83897
794 83898
152 83899
905 83900
78 83901
689 83902
640 83903
75 83904
988 83905
45 83906
376 83907
998 83908
598 83909
663 83910
914 83911
233 83912
388 83913
511 83914
578 83915
161 83916
5 83917
876 83918
729 83919
659 83920
447 83921
218 83922
592 83923
432 83924
249 83925
356 83926
170 83927
486 83928
531 83929
12 83930
272 83931
348 83932
38 83933
685 83934
832 83935
413 83936
47 83937
761 83938
481 83939
313 83940
547 83941
798 83942
244 83943
465 83944
253 83945
607 83946
417 83947
304 83948
827 83949
210 83950
266 83951
141 83952
558 83953
282 83954
384 83955
105 83956
928 83957
372 83958
748 83959
960 83960
128 83961
610 83962
832 83963
503 83964
394 83965
719 83966
310 83967
100 83968
52 83969
925 83970
978 83971
26 83972
551 83973
650 83974
813 83975
953 83976
998 83977
447 83978
987 83979
104 83980
239 83981
512 83982
576 83983
572 83984
881 83985
724 83986
679 83987
974 83988
862 83989
808 83990
925 83991
127 83992
17 83993
269 83994
328 83995
1000 83996
391 83997
594 83998
164 83999
299 84000
955 84001
382 84002
928 84003
152 84004
254 84005
403 84006
682 84007
835 84008
115 84009
318 84010
202 84011
303 84012
701 84013
286 84014
149 84015
137 84016
465 84017
813 84018
560 84019
379 84020
706 84021
733 84022
737 84023
500 84024
932 84025
608 84026
527 84027
812 84028
496 84029
517 84030
929 84031
615 84032
682 84033
482 84034
980 84035
448 84036
323 84037
385 84038
377 84039
911 84040
456 84041
548 84042
726 84043
848 84044
66 84045
159 84046
580 84047
378 84048
106 84049
633 84050
233 84051
358 84052
595 84053
887 84054
662 84055
87 84056
351 84057
74 84058
276 84059
653 84060
902 84061
258 84062
669 84063
533 84064
152 84065
469 84066
77 84067
346 84068
618 84069
860 84070
335 84071
24 84072
223 84073
117 84074
886 84075
143 84076
928 84077
750 84078
154 84079
786 84080
829 84081
551 84082
761 84083
347 84084
480 84085
794 84086
119 84087
372 84088
174 84089
912 84090
867 84091
867 84092
196 84093
801 84094
388 84095
748 84096
491 84097
368 84098
932 84099
224 84100
941 84101
70 84102
262 84103
312 84104
957 84105
92 84106
161 84107
647 84108
303 84109
671 84110
99 84111
130 84112
556 84113
879 84114
457 84115
877 84116
851 84117
693 84118
876 84119
492 84120
947 84121
473 84122
165 84123
562 84124
745 84125
619 84126
466 84127
276 84128
586 84129
794 84130
354 84131
904 84132
553 84133
893 84134
798 84135
127 84136
687 84137
226 84138
319 84139
794 84140
541 84141
693 84142
423 84143
629 84144
162 84145
589 84146
431 84147
700 84148
709 84149
808 84150
700 84151
884 84152
495 84153
595 84154
927 84155
383 84156
639 84157
798 84158
213 84159
997 84160
109 84161
785 84162
342 84163
883 84164
516 84165
453 84166
629 84167
716 84168
53 84169
303 84170
486 84171
444 84172
486 84173
65 84174
874 84175
254 84176
936 84177
257 84178
770 84179
968 84180
592 84181
809 84182
684 84183
298 84184
774 84185
154 84186
14 84187
809 84188
779 84189
15 84190
468 84191
429 84192
357 84193
844 84194
250 84195
555 84196
833 84197
446 84198
105 84199
260 84200
771 84201
803 84202
612 84203
535 84204
49 84205
877 84206
719 84207
846 84208
597 84209
99 84210
521 84211
541 84212
959 84213
950 84214
975 84215
800 84216
818 84217
211 84218
884 84219
677 84220
207 84221
922 84222
927 84223
431 84224
197 84225
229 84226
936 84227
72 84228
770 84229
441 84230
660 84231
418 84232
129 84233
565 84234
189 84235
872 84236
523 84237
443 84238
26 84239
642 84240
783 84241
372 84242
404 84243
526 84244
929 84245
108 84246
514 84247
86 84248
413 84249
129 84250
812 84251
936 84252
281 84253
636 84254
552 84255
467 84256
288 84257
149 84258
949 84259
714 84260
353 84261
799 84262
208 84263
541 84264
527 84265
895 84266
183 84267
157 84268
240 84269
828 84270
368 84271
831 84272
727 84273
141 84274
158 84275
869 84276
640 84277
515 84278
176 84279
800 84280
75 84281
908 84282
595 84283
410 84284
69 84285
249 84286
950 84287
639 84288
614 84289
203 84290
374 84291
832 84292
418 84293
749 84294
89 84295
537 84296
242 84297
995 84298
543 84299
632 84300
29 84301
531 84302
190 84303
692 84304
677 84305
896 84306
838 84307
584 84308
779 84309
74 84310
762 84311
612 84312
593 84313
739 84314
482 84315
348 84316
11 84317
593 84318
634 84319
839 84320
364 84321
530 84322
706 84323
71 84324
264 84325
52 84326
707 84327
742 84328
306 84329
230 84330
605 84331
792 84332
306 84333
94 84334
17 84335
369 84336
374 84337
39 84338
754 84339
378 84340
133 84341
845 84342
743 84343
175 84344
676 84345
19 84346
524 84347
718 84348
928 84349
866 84350
470 84351
304 84352
271 84353
31 84354
749 84355
827 84356
3 84357
517 84358
680 84359
989 84360
733 84361
625 84362
550 84363
104 84364
274 84365
443 84366
614 84367
440 84368
536 84369
934 84370
169 84371
661 84372
659 84373
618 84374
568 84375
421 84376
202 84377
256 84378
38 84379
671 84380
673 84381
385 84382
579 84383
828 84384
903 84385
755 84386
882 84387
808 84388
855 84389
448 84390
622 84391
286 84392
569 84393
650 84394
468 84395
28 84396
80 84397
44 84398
801 84399
929 84400
531 84401
917 84402
722 84403
544 84404
553 84405
980 84406
471 84407
143 84408
485 84409
578 84410
982 84411
855 84412
72 84413
65 84414
638 84415
239 84416
274 84417
34 84418
126 84419
604 84420
653 84421
233 84422
82 84423
92 84424
582 84425
737 84426
387 84427
358 84428
892 84429
866 84430
131 84431
538 84432
559 84433
387 84434
826 84435
599 84436
250 84437
510 84438
408 84439
914 84440
586 84441
606 84442
505 84443
324 84444
107 84445
599 84446
699 84447
973 84448
509 84449
774 84450
465 84451
701 84452
637 84453
64 84454
845 84455
693 84456
549 84457
218 84458
775 84459
240 84460
388 84461
157 84462
178 84463
44 84464
257 84465
4 84466
24 84467
334 84468
169 84469
192 84470
936 84471
61 84472
711 84473
500 84474
407 84475
864 84476
916 84477
347 84478
681 84479
362 84480
450 84481
485 84482
166 84483
43 84484
325 84485
66 84486
807 84487
767 84488
854 84489
973 84490
828 84491
167 84492
90 84493
97 84494
479 84495
946 84496
95 84497
213 84498
629 84499
725 84500
215 84501
448 84502
934 84503
376 84504
424 84505
466 84506
775 84507
889 84508
894 84509
751 84510
324 84511
739 84512
958 84513
858 84514
693 84515
700 84516
326 84517
73 84518
374 84519
175 84520
33 84521
478 84522
958 84523
911 84524
532 84525
629 84526
669 84527
44 84528
967 84529
598 84530
166 84531
50 84532
830 84533
406 84534
450 84535
481 84536
836 84537
202 84538
401 84539
627 84540
952 84541
168 84542
745 84543
998 84544
391 84545
689 84546
573 84547
287 84548
772 84549
851 84550
983 84551
973 84552
529 84553
992 84554
311 84555
149 84556
894 84557
668 84558
351 84559
123 84560
237 84561
16 84562
412 84563
818 84564
872 84565
978 84566
824 84567
779 84568
529 84569
999 84570
777 84571
553 84572
436 84573
331 84574
701 84575
679 84576
88 84577
858 84578
847 84579
988 84580
693 84581
583 84582
179 84583
984 84584
209 84585
82 84586
461 84587
6 84588
772 84589
384 84590
419 84591
812 84592
120 84593
811 84594
721 84595
290 84596
798 84597
948 84598
643 84599
188 84600
264 84601
600 84602
968 84603
577 84604
371 84605
513 84606
294 84607
317 84608
290 84609
825 84610
721 84611
505 84612
342 84613
506 84614
443 84615
409 84616
238 84617
513 84618
437 84619
908 84620
832 84621
700 84622
743 84623
207 84624
985 84625
156 84626
400 84627
705 84628
122 84629
795 84630
23 84631
543 84632
295 84633
724 84634
276 84635
824 84636
518 84637
980 84638
403 84639
710 84640
110 84641
908 84642
496 84643
804 84644
789 84645
503 84646
379 84647
764 84648
295 84649
617 84650
831 84651
431 84652
374 84653
831 84654
838 84655
425 84656
708 84657
137 84658
66 84659
403 84660
785 84661
471 84662
358 84663
229 84664
696 84665
386 84666
55 84667
131 84668
787 84669
404 84670
61 84671
175 84672
342 84673
312 84674
620 84675
331 84676
377 84677
287 84678
733 84679
466 84680
376 84681
423 84682
532 84683
81 84684
437 84685
978 84686
117 84687
546 84688
905 84689
116 84690
36 84691
488 84692
785 84693
783 84694
558 84695
274 84696
90 84697
806 84698
373 84699
364 84700
153 84701
409 84702
460 84703
550 84704
415 84705
25 84706
356 84707
163 84708
293 84709
764 84710
323 84711
987 84712
931 84713
904 84714
777 84715
661 84716
392 84717
365 84718
436 84719
457 84720
191 84721
333 84722
986 84723
826 84724
234 84725
407 84726
898 84727
735 84728
353 84729
448 84730
768 84731
221 84732
601 84733
404 84734
996 84735
857 84736
578 84737
172 84738
874 84739
91 84740
111 84741
446 84742
318 84743
641 84744
143 84745
320 84746
688 84747
472 84748
432 84749
216 84750
582 84751
503 84752
343 84753
369 84754
350 84755
805 84756
513 84757
231 84758
624 84759
377 84760
913 84761
173 84762
283 84763
171 84764
847 84765
782 84766
303 84767
344 84768
899 84769
203 84770
3 84771
224 84772
739 84773
596 84774
634 84775
341 84776
467 84777
210 84778
835 84779
246 84780
145 84781
784 84782
118 84783
662 84784
891 84785
633 84786
335 84787
91 84788
933 84789
507 84790
435 84791
345 84792
788 84793
311 84794
874 84795
308 84796
750 84797
118 84798
445 84799
538 84800
731 84801
422 84802
190 84803
260 84804
456 84805
451 84806
683 84807
340 84808
73 84809
561 84810
138 84811
899 84812
895 84813
497 84814
176 84815
250 84816
499 84817
348 84818
146 84819
465 84820
195 84821
278 84822
21 84823
952 84824
727 84825
722 84826
208 84827
4 84828
926 84829
587 84830
155 84831
802 84832
400 84833
443 84834
682 84835
945 84836
697 84837
339 84838
796 84839
873 84840
184 84841
45 84842
1 84843
883 84844
583 84845
796 84846
515 84847
828 84848
507 84849
701 84850
844 84851
642 84852
763 84853
462 84854
89 84855
768 84856
835 84857
415 84858
639 84859
988 84860
159 84861
22 84862
923 84863
661 84864
572 84865
287 84866
369 84867
999 84868
697 84869
73 84870
760 84871
705 84872
679 84873
278 84874
212 84875
351 84876
767 84877
584 84878
581 84879
266 84880
340 84881
562 84882
882 84883
1 84884
868 84885
173 84886
400 84887
301 84888
4 84889
45 84890
159 84891
110 84892
39 84893
846 84894
172 84895
391 84896
108 84897
648 84898
307 84899
441 84900
391 84901
943 84902
854 84903
989 84904
846 84905
260 84906
577 84907
394 84908
103 84909
379 84910
614 84911
198 84912
16 84913
797 84914
340 84915
609 84916
964 84917
300 84918
396 84919
968 84920
829 84921
870 84922
213 84923
987 84924
838 84925
333 84926
375 84927
675 84928
963 84929
747 84930
931 84931
627 84932
356 84933
455 84934
856 84935
195 84936
256 84937
62 84938
939 84939
704 84940
250 84941
924 84942
815 84943
55 84944
280 84945
667 84946
440 84947
792 84948
133 84949
399 84950
714 84951
577 84952
461 84953
578 84954
987 84955
883 84956
228 84957
52 84958
204 84959
888 84960
248 84961
930 84962
708 84963
48 84964
568 84965
534 84966
947 84967
194 84968
662 84969
558 84970
605 84971
718 84972
942 84973
366 84974
634 84975
196 84976
227 84977
260 84978
849 84979
173 84980
801 84981
447 84982
126 84983
645 84984
715 84985
624 84986
611 84987
752 84988
166 84989
115 84990
14 84991
616 84992
364 84993
223 84994
796 84995
661 84996
623 84997
552 84998
866 84999
314 85000
227 85001
899 85002
551 85003
181 85004
535 85005
831 85006
446 85007
817 85008
851 85009
284 85010
584 85011
90 85012
154 85013
658 85014
861 85015
848 85016
352 85017
629 85018
368 85019
614 85020
237 85021
193 85022
863 85023
613 85024
327 85025
651 85026
397 85027
746 85028
707 85029
927 85030
99 85031
833 85032
185 85033
148 85034
612 85035
757 85036
321 85037
417 85038
584 85039
438 85040
371 85041
961 85042
385 85043
639 85044
127 85045
784 85046
759 85047
731 85048
855 85049
638 85050
206 85051
506 85052
239 85053
672 85054
717 85055
361 85056
744 85057
273 85058
219 85059
239 85060
180 85061
647 85062
966 85063
547 85064
406 85065
311 85066
101 85067
76 85068
394 85069
397 85070
681 85071
555 85072
763 85073
874 85074
377 85075
337 85076
824 85077
313 85078
907 85079
928 85080
904 85081
309 85082
121 85083
734 85084
554 85085
862 85086
656 85087
58 85088
117 85089
223 85090
943 85091
150 85092
930 85093
14 85094
398 85095
929 85096
328 85097
560 85098
55 85099
976 85100
389 85101
193 85102
162 85103
437 85104
585 85105
554 85106
380 85107
49 85108
610 85109
974 85110
395 85111
163 85112
303 85113
804 85114
765 85115
379 85116
322 85117
535 85118
842 85119
281 85120
67 85121
733 85122
804 85123
61 85124
880 85125
354 85126
534 85127
607 85128
973 85129
966 85130
732 85131
916 85132
898 85133
20 85134
985 85135
812 85136
650 85137
630 85138
847 85139
698 85140
729 85141
669 85142
670 85143
656 85144
183 85145
678 85146
999 85147
169 85148
385 85149
485 85150
333 85151
687 85152
382 85153
280 85154
383 85155
776 85156
434 85157
114 85158
344 85159
674 85160
998 85161
364 85162
834 85163
451 85164
720 85165
971 85166
24 85167
532 85168
707 85169
584 85170
569 85171
236 85172
807 85173
285 85174
983 85175
29 85176
132 85177
426 85178
240 85179
288 85180
819 85181
816 85182
747 85183
612 85184
42 85185
802 85186
121 85187
442 85188
519 85189
258 85190
349 85191
592 85192
344 85193
989 85194
349 85195
768 85196
14 85197
684 85198
570 85199
701 85200
803 85201
65 85202
116 85203
640 85204
55 85205
608 85206
865 85207
713 85208
485 85209
555 85210
698 85211
936 85212
746 85213
134 85214
351 85215
401 85216
292 85217
578 85218
791 85219
42 85220
335 85221
657 85222
158 85223
295 85224
625 85225
433 85226
187 85227
337 85228
158 85229
308 85230
730 85231
136 85232
215 85233
798 85234
194 85235
630 85236
206 85237
597 85238
480 85239
408 85240
318 85241
890 85242
940 85243
416 85244
821 85245
204 85246
319 85247
918 85248
876 85249
993 85250
411 85251
479 85252
328 85253
236 85254
747 85255
377 85256
558 85257
491 85258
846 85259
252 85260
822 85261
841 85262
155 85263
403 85264
278 85265
573 85266
102 85267
429 85268
290 85269
252 85270
932 85271
211 85272
18 85273
286 85274
802 85275
254 85276
551 85277
10 85278
202 85279
985 85280
918 85281
122 85282
904 85283
232 85284
551 85285
507 85286
241 85287
118 85288
770 85289
140 85290
776 85291
673 85292
681 85293
506 85294
198 85295
392 85296
661 85297
220 85298
672 85299
739 85300
433 85301
18 85302
364 85303
836 85304
856 85305
259 85306
626 85307
189 85308
770 85309
415 85310
104 85311
642 85312
557 85313
568 85314
889 85315
262 85316
609 85317
654 85318
175 85319
190 85320
639 85321
351 85322
627 85323
306 85324
523 85325
120 85326
492 85327
118 85328
742 85329
283 85330
264 85331
680 85332
629 85333
907 85334
914 85335
603 85336
582 85337
976 85338
516 85339
495 85340
799 85341
306 85342
175 85343
790 85344
453 85345
195 85346
816 85347
806 85348
981 85349
14 85350
527 85351
905 85352
776 85353
836 85354
231 85355
326 85356
838 85357
37 85358
252 85359
957 85360
693 85361
979 85362
235 85363
246 85364
985 85365
416 85366
802 85367
506 85368
941 85369
923 85370
457 85371
32 85372
716 85373
302 85374
248 85375
871 85376
332 85377
769 85378
8 85379
239 85380
971 85381
452 85382
341 85383
236 85384
695 85385
152 85386
599 85387
166 85388
125 85389
916 85390
476 85391
4 85392
361 85393
31 85394
127 85395
841 85396
714 85397
154 85398
641 85399
298 85400
723 85401
445 85402
523 85403
947 85404
793 85405
857 85406
752 85407
266 85408
753 85409
317 85410
75 85411
859 85412
760 85413
68 85414
534 85415
414 85416
87 85417
898 85418
819 85419
357 85420
85 85421
24 85422
619 85423
887 85424
255 85425
144 85426
176 85427
363 85428
553 85429
756 85430
743 85431
545 85432
442 85433
771 85434
274 85435
744 85436
120 85437
675 85438
917 85439
346 85440
368 85441
160 85442
695 85443
628 85444
804 85445
421 85446
572 85447
858 85448
994 85449
59 85450
449 85451
438 85452
946 85453
455 85454
330 85455
536 85456
601 85457
51 85458
408 85459
240 85460
462 85461
708 85462
947 85463
47 85464
856 85465
3 85466
356 85467
652 85468
492 85469
90 85470
865 85471
401 85472
276 85473
551 85474
355 85475
970 85476
738 85477
745 85478
801 85479
55 85480
199 85481
635 85482
46 85483
483 85484
305 85485
12 85486
240 85487
370 85488
904 85489
402 85490
521 85491
368 85492
214 85493
638 85494
938 85495
18 85496
203 85497
80 85498
804 85499
137 85500
293 85501
47 85502
302 85503
925 85504
532 85505
766 85506
177 85507
490 85508
846 85509
349 85510
217 85511
828 85512
437 85513
296 85514
550 85515
298 85516
357 85517
631 85518
497 85519
516 85520
988 85521
643 85522
422 85523
737 85524
19 85525
614 85526
356 85527
802 85528
626 85529
470 85530
118 85531
69 85532
199 85533
237 85534
281 85535
202 85536
59 85537
222 85538
938 85539
288 85540
300 85541
9 85542
849 85543
374 85544
135 85545
379 85546
647 85547
932 85548
50 85549
37 85550
670 85551
101 85552
209 85553
43 85554
346 85555
150 85556
434 85557
784 85558
26 85559
323 85560
122 85561
973 85562
536 85563
882 85564
909 85565
714 85566
222 85567
466 85568
226 85569
122 85570
85 85571
806 85572
415 85573
671 85574
10 85575
42 85576
494 85577
623 85578
211 85579
359 85580
959 85581
915 85582
32 85583
700 85584
137 85585
642 85586
839 85587
527 85588
604 85589
609 85590
794 85591
852 85592
628 85593
559 85594
194 85595
132 85596
62 85597
397 85598
557 85599
770 85600
421 85601
31 85602
50 85603
166 85604
590 85605
155 85606
195 85607
595 85608
811 85609
29 85610
45 85611
919 85612
468 85613
1 85614
343 85615
472 85616
926 85617
856 85618
151 85619
925 85620
625 85621
747 85622
308 85623
751 85624
839 85625
768 85626
639 85627
409 85628
700 85629
111 85630
939 85631
967 85632
450 85633
854 85634
102 85635
356 85636
400 85637
953 85638
411 85639
332 85640
109 85641
950 85642
733 85643
587 85644
233 85645
153 85646
960 85647
167 85648
687 85649
157 85650
686 85651
265 85652
801 85653
834 85654
402 85655
54 85656
556 85657
240 85658
117 85659
622 85660
831 85661
163 85662
588 85663
603 85664
603 85665
270 85666
949 85667
886 85668
403 85669
625 85670
782 85671
924 85672
503 85673
508 85674
850 85675
964 85676
124 85677
100 85678
670 85679
669 85680
80 85681
198 85682
345 85683
171 85684
319 85685
90 85686
866 85687
863 85688
477 85689
461 85690
355 85691
322 85692
119 85693
467 85694
103 85695
56 85696
266 85697
777 85698
790 85699
851 85700
263 85701
54 85702
990 85703
442 85704
369 85705
992 85706
746 85707
654 85708
41 85709
890 85710
716 85711
39 85712
714 85713
234 85714
980 85715
680 85716
91 85717
19 85718
147 85719
136 85720
665 85721
355 85722
126 85723
382 85724
545 85725
121 85726
920 85727
8 85728
451 85729
575 85730
999 85731
30 85732
448 85733
916 85734
128 85735
153 85736
581 85737
348 85738
686 85739
117 85740
321 85741
625 85742
608 85743
45 85744
642 85745
85 85746
494 85747
66 85748
523 85749
494 85750
258 85751
511 85752
995 85753
234 85754
920 85755
846 85756
632 85757
302 85758
751 85759
721 85760
185 85761
560 85762
116 85763
741 85764
387 85765
218 85766
252 85767
618 85768
924 85769
328 85770
599 85771
229 85772
171 85773
664 85774
821 85775
520 85776
921 85777
578 85778
356 85779
515 85780
438 85781
801 85782
526 85783
868 85784
420 85785
485 85786
730 85787
191 85788
362 85789
385 85790
806 85791
935 85792
682 85793
191 85794
80 85795
269 85796
859 85797
634 85798
698 85799
647 85800
39 85801
863 85802
800 85803
868 85804
265 85805
822 85806
951 85807
609 85808
616 85809
977 85810
389 85811
778 85812
469 85813
611 85814
956 85815
395 85816
825 85817
571 85818
416 85819
373 85820
91 85821
924 85822
21 85823
781 85824
418 85825
412 85826
365 85827
15 85828
710 85829
323 85830
106 85831
992 85832
313 85833
663 85834
236 85835
590 85836
775 85837
499 85838
596 85839
80 85840
418 85841
426 85842
763 85843
101 85844
536 85845
779 85846
780 85847
748 85848
409 85849
805 85850
621 85851
821 85852
735 85853
374 85854
916 85855
685 85856
448 85857
813 85858
229 85859
612 85860
99 85861
757 85862
52 85863
78 85864
771 85865
973 85866
515 85867
989 85868
992 85869
429 85870
298 85871
286 85872
402 85873
573 85874
466 85875
331 85876
118 85877
261 85878
829 85879
491 85880
833 85881
515 85882
674 85883
901 85884
499 85885
738 85886
380 85887
283 85888
145 85889
17 85890
710 85891
441 85892
882 85893
348 85894
726 85895
27 85896
521 85897
10 85898
117 85899
825 85900
47 85901
716 85902
550 85903
977 85904
893 85905
384 85906
789 85907
392 85908
443 85909
930 85910
383 85911
482 85912
297 85913
775 85914
430 85915
397 85916
712 85917
358 85918
608 85919
918 85920
266 85921
453 85922
130 85923
412 85924
874 85925
676 85926
805 85927
783 85928
223 85929
427 85930
328 85931
129 85932
509 85933
891 85934
22 85935
591 85936
768 85937
490 85938
258 85939
397 85940
777 85941
645 85942
586 85943
844 85944
71 85945
825 85946
602 85947
297 85948
194 85949
709 85950
992 85951
235 85952
946 85953
281 85954
476 85955
862 85956
942 85957
614 85958
425 85959
995 85960
191 85961
928 85962
852 85963
26 85964
970 85965
627 85966
697 85967
462 85968
949 85969
329 85970
849 85971
779 85972
540 85973
40 85974
312 85975
579 85976
91 85977
476 85978
595 85979
125 85980
938 85981
109 85982
338 85983
836 85984
882 85985
205 85986
212 85987
557 85988
852 85989
966 85990
129 85991
375 85992
127 85993
965 85994
479 85995
501 85996
834 85997
878 85998
695 85999
213 86000
444 86001
896 86002
420 86003
236 86004
316 86005
809 86006
1000 86007
559 86008
740 86009
809 86010
867 86011
547 86012
885 86013
939 86014
695 86015
453 86016
726 86017
813 86018
11 86019
612 86020
776 86021
879 86022
905 86023
532 86024
861 86025
671 86026
418 86027
356 86028
598 86029
127 86030
525 86031
73 86032
410 86033
381 86034
526 86035
818 86036
778 86037
190 86038
742 86039
564 86040
211 86041
278 86042
20 86043
90 86044
132 86045
480 86046
204 86047
715 86048
32 86049
313 86050
449 86051
354 86052
299 86053
793 86054
815 86055
195 86056
268 86057
245 86058
723 86059
505 86060
258 86061
399 86062
807 86063
840 86064
963 86065
165 86066
101 86067
861 86068
573 86069
398 86070
337 86071
146 86072
23 86073
601 86074
877 86075
107 86076
600 86077
515 86078
52 86079
858 86080
571 86081
40 86082
107 86083
461 86084
71 86085
691 86086
316 86087
651 86088
271 86089
271 86090
349 86091
638 86092
479 86093
854 86094
685 86095
30 86096
292 86097
196 86098
75 86099
834 86100
113 86101
693 86102
652 86103
848 86104
144 86105
727 86106
758 86107
628 86108
475 86109
854 86110
126 86111
247 86112
588 86113
482 86114
231 86115
248 86116
285 86117
664 86118
386 86119
428 86120
247 86121
403 86122
191 86123
283 86124
210 86125
965 86126
729 86127
114 86128
41 86129
875 86130
710 86131
559 86132
308 86133
816 86134
997 86135
562 86136
221 86137
11 86138
290 86139
885 86140
110 86141
131 86142
836 86143
39 86144
180 86145
82 86146
847 86147
525 86148
46 86149
217 86150
313 86151
937 86152
338 86153
560 86154
148 86155
524 86156
441 86157
418 86158
234 86159
635 86160
422 86161
760 86162
819 86163
238 86164
655 86165
5 86166
988 86167
662 86168
614 86169
863 86170
731 86171
59 86172
93 86173
408 86174
51 86175
345 86176
830 86177
613 86178
987 86179
594 86180
894 86181
618 86182
155 86183
291 86184
647 86185
4 86186
836 86187
788 86188
325 86189
230 86190
792 86191
246 86192
231 86193
699 86194
517 86195
584 86196
69 86197
730 86198
969 86199
212 86200
142 86201
106 86202
177 86203
1 86204
296 86205
596 86206
364 86207
162 86208
626 86209
463 86210
917 86211
456 86212
291 86213
98 86214
97 86215
962 86216
879 86217
541 86218
853 86219
774 86220
206 86221
302 86222
849 86223
374 86224
600 86225
41 86226
983 86227
609 86228
85 86229
763 86230
625 86231
114 86232
970 86233
580 86234
522 86235
615 86236
798 86237
490 86238
951 86239
469 86240
59 86241
290 86242
302 86243
519 86244
129 86245
190 86246
403 86247
971 86248
679 86249
737 86250
17 86251
73 86252
621 86253
447 86254
531 86255
638 86256
334 86257
814 86258
589 86259
133 86260
341 86261
676 86262
666 86263
325 86264
439 86265
877 86266
252 86267
517 86268
727 86269
538 86270
197 86271
1000 86272
569 86273
181 86274
496 86275
159 86276
650 86277
250 86278
28 86279
929 86280
755 86281
185 86282
12 86283
822 86284
159 86285
153 86286
624 86287
840 86288
709 86289
142 86290
87 86291
343 86292
760 86293
849 86294
533 86295
902 86296
418 86297
148 86298
948 86299
460 86300
940 86301
130 86302
57 86303
469 86304
430 86305
556 86306
721 86307
944 86308
731 86309
877 86310
388 86311
64 86312
495 86313
779 86314
248 86315
784 86316
190 86317
545 86318
758 86319
847 86320
991 86321
131 86322
213 86323
811 86324
372 86325
834 86326
591 86327
549 86328
143 86329
731 86330
380 86331
868 86332
534 86333
702 86334
269 86335
312 86336
817 86337
468 86338
970 86339
299 86340
251 86341
779 86342
284 86343
948 86344
821 86345
484 86346
163 86347
606 86348
315 86349
291 86350
9 86351
63 86352
370 86353
804 86354
110 86355
298 86356
421 86357
354 86358
838 86359
732 86360
846 86361
274 86362
260 86363
413 86364
667 86365
391 86366
562 86367
814 86368
615 86369
83 86370
760 86371
369 86372
49 86373
319 86374
461 86375
301 86376
141 86377
364 86378
514 86379
112 86380
273 86381
394 86382
724 86383
963 86384
899 86385
553 86386
1 86387
467 86388
926 86389
644 86390
563 86391
798 86392
428 86393
1 86394
189 86395
65 86396
461 86397
606 86398
141 86399
685 86400
343 86401
123 86402
473 86403
672 86404
793 86405
392 86406
703 86407
495 86408
316 86409
831 86410
970 86411
679 86412
653 86413
272 86414
736 86415
663 86416
437 86417
656 86418
436 86419
163 86420
454 86421
94 86422
152 86423
755 86424
221 86425
366 86426
608 86427
998 86428
812 86429
941 86430
988 86431
294 86432
367 86433
99 86434
501 86435
265 86436
98 86437
432 86438
887 86439
776 86440
583 86441
640 86442
99 86443
777 86444
302 86445
693 86446
392 86447
605 86448
905 86449
355 86450
946 86451
693 86452
187 86453
645 86454
772 86455
832 86456
671 86457
150 86458
9 86459
340 86460
593 86461
831 86462
190 86463
401 86464
689 86465
953 86466
474 86467
514 86468
406 86469
711 86470
924 86471
761 86472
444 86473
627 86474
462 86475
9 86476
541 86477
317 86478
658 86479
625 86480
971 86481
54 86482
130 86483
854 86484
578 86485
105 86486
317 86487
962 86488
340 86489
59 86490
583 86491
163 86492
282 86493
494 86494
651 86495
836 86496
919 86497
272 86498
501 86499
65 86500
681 86501
509 86502
694 86503
643 86504
840 86505
285 86506
810 86507
418 86508
308 86509
103 86510
524 86511
768 86512
631 86513
400 86514
944 86515
283 86516
24 86517
558 86518
565 86519
652 86520
770 86521
476 86522
38 86523
610 86524
738 86525
577 86526
674 86527
6 86528
696 86529
649 86530
387 86531
718 86532
273 86533
371 86534
888 86535
592 86536
613 86537
221 86538
923 86539
147 86540
392 86541
809 86542
360 86543
35 86544
946 86545
743 86546
52 86547
935 86548
547 86549
831 86550
689 86551
274 86552
786 86553
290 86554
492 86555
717 86556
631 86557
304 86558
460 86559
112 86560
74 86561
585 86562
785 86563
111 86564
102 86565
193 86566
839 86567
692 86568
186 86569
628 86570
585 86571
478 86572
121 86573
618 86574
873 86575
114 86576
836 86577
17 86578
622 86579
737 86580
815 86581
202 86582
59 86583
643 86584
132 86585
14 86586
189 86587
136 86588
681 86589
354 86590
46 86591
106 86592
342 86593
425 86594
598 86595
75 86596
190 86597
437 86598
638 86599
3 86600
691 86601
250 86602
164 86603
623 86604
175 86605
537 86606
930 86607
42 86608
928 86609
780 86610
80 86611
445 86612
796 86613
789 86614
1 86615
853 86616
251 86617
461 86618
153 86619
287 86620
303 86621
177 86622
432 86623
269 86624
854 86625
429 86626
654 86627
210 86628
300 86629
841 86630
779 86631
735 86632
924 86633
378 86634
9 86635
762 86636
640 86637
133 86638
791 86639
171 86640
7 86641
317 86642
482 86643
318 86644
370 86645
749 86646
929 86647
733 86648
990 86649
173 86650
100 86651
102 86652
113 86653
58 86654
509 86655
14 86656
238 86657
725 86658
99 86659
53 86660
990 86661
834 86662
243 86663
825 86664
485 86665
967 86666
574 86667
23 86668
383 86669
994 86670
590 86671
733 86672
40 86673
573 86674
358 86675
801 86676
616 86677
239 86678
71 86679
26 86680
130 86681
943 86682
616 86683
949 86684
577 86685
561 86686
783 86687
132 86688
664 86689
291 86690
678 86691
413 86692
338 86693
657 86694
440 86695
193 86696
327 86697
910 86698
847 86699
925 86700
250 86701
282 86702
781 86703
647 86704
596 86705
775 86706
8 86707
798 86708
31 86709
123 86710
330 86711
213 86712
894 86713
13 86714
94 86715
83 86716
906 86717
848 86718
170 86719
183 86720
475 86721
723 86722
1 86723
975 86724
920 86725
701 86726
98 86727
891 86728
383 86729
619 86730
816 86731
150 86732
293 86733
668 86734
111 86735
839 86736
192 86737
596 86738
45 86739
700 86740
361 86741
108 86742
217 86743
645 86744
100 86745
577 86746
962 86747
74 86748
660 86749
896 86750
77 86751
849 86752
281 86753
79 86754
382 86755
191 86756
290 86757
507 86758
463 86759
541 86760
805 86761
418 86762
301 86763
909 86764
167 86765
656 86766
160 86767
128 86768
291 86769
553 86770
696 86771
281 86772
470 86773
41 86774
685 86775
979 86776
98 86777
733 86778
154 86779
892 86780
95 86781
598 86782
780 86783
938 86784
618 86785
64 86786
711 86787
93 86788
332 86789
602 86790
599 86791
411 86792
659 86793
146 86794
774 86795
813 86796
54 86797
130 86798
884 86799
838 86800
57 86801
596 86802
414 86803
949 86804
114 86805
693 86806
752 86807
230 86808
929 86809
396 86810
919 86811
35 86812
24 86813
969 86814
869 86815
296 86816
569 86817
557 86818
8 86819
432 86820
11 86821
49 86822
59 86823
795 86824
299 86825
671 86826
334 86827
801 86828
926 86829
824 86830
462 86831
897 86832
854 86833
677 86834
260 86835
49 86836
547 86837
333 86838
97 86839
265 86840
313 86841
203 86842
529 86843
260 86844
985 86845
669 86846
606 86847
966 86848
715 86849
424 86850
453 86851
993 86852
136 86853
367 86854
161 86855
755 86856
752 86857
793 86858
313 86859
689 86860
465 86861
723 86862
498 86863
912 86864
442 86865
688 86866
771 86867
634 86868
410 86869
59 86870
699 86871
833 86872
684 86873
476 86874
601 86875
284 86876
547 86877
702 86878
174 86879
204 86880
394 86881
529 86882
188 86883
490 86884
309 86885
57 86886
522 86887
993 86888
998 86889
602 86890
702 86891
654 86892
507 86893
575 86894
97 86895
197 86896
907 86897
856 86898
670 86899
746 86900
600 86901
963 86902
22 86903
468 86904
643 86905
27 86906
768 86907
590 86908
8 86909
586 86910
328 86911
34 86912
424 86913
855 86914
396 86915
757 86916
744 86917
114 86918
474 86919
519 86920
676 86921
495 86922
191 86923
378 86924
709 86925
85 86926
859 86927
268 86928
882 86929
892 86930
895 86931
3 86932
302 86933
573 86934
782 86935
389 86936
152 86937
978 86938
105 86939
703 86940
187 86941
792 86942
498 86943
175 86944
602 86945
742 86946
450 86947
281 86948
666 86949
735 86950
85 86951
749 86952
659 86953
24 86954
930 86955
578 86956
315 86957
765 86958
970 86959
326 86960
890 86961
717 86962
714 86963
147 86964
341 86965
467 86966
512 86967
543 86968
339 86969
903 86970
709 86971
306 86972
661 86973
704 86974
122 86975
40 86976
138 86977
841 86978
930 86979
560 86980
98 86981
861 86982
910 86983
117 86984
106 86985
520 86986
418 86987
933 86988
779 86989
865 86990
842 86991
209 86992
483 86993
748 86994
240 86995
334 86996
132 86997
396 86998
719 86999
250 87000
553 87001
709 87002
981 87003
16 87004
760 87005
894 87006
431 87007
954 87008
138 87009
91 87010
816 87011
143 87012
621 87013
517 87014
267 87015
886 87016
498 87017
486 87018
346 87019
566 87020
802 87021
181 87022
47 87023
455 87024
274 87025
798 87026
944 87027
551 87028
649 87029
870 87030
12 87031
55 87032
741 87033
392 87034
600 87035
42 87036
866 87037
356 87038
876 87039
736 87040
431 87041
651 87042
141 87043
436 87044
707 87045
986 87046
390 87047
56 87048
32 87049
273 87050
268 87051
990 87052
49 87053
22 87054
554 87055
325 87056
156 87057
113 87058
834 87059
555 87060
304 87061
274 87062
73 87063
281 87064
864 87065
657 87066
940 87067
474 87068
433 87069
26 87070
908 87071
498 87072
350 87073
184 87074
667 87075
99 87076
725 87077
392 87078
615 87079
590 87080
751 87081
130 87082
567 87083
862 87084
450 87085
514 87086
543 87087
137 87088
660 87089
280 87090
669 87091
271 87092
965 87093
679 87094
784 87095
997 87096
992 87097
235 87098
29 87099
205 87100
157 87101
171 87102
579 87103
136 87104
831 87105
380 87106
742 87107
358 87108
72 87109
309 87110
973 87111
328 87112
661 87113
556 87114
736 87115
112 87116
778 87117
708 87118
654 87119
259 87120
723 87121
794 87122
639 87123
148 87124
877 87125
657 87126
591 87127
376 87128
785 87129
50 87130
244 87131
691 87132
771 87133
624 87134
46 87135
527 87136
615 87137
657 87138
365 87139
758 87140
826 87141
160 87142
994 87143
509 87144
86 87145
936 87146
357 87147
987 87148
670 87149
401 87150
83 87151
956 87152
453 87153
867 87154
314 87155
793 87156
919 87157
553 87158
350 87159
120 87160
337 87161
727 87162
194 87163
937 87164
99 87165
581 87166
750 87167
529 87168
529 87169
906 87170
706 87171
771 87172
607 87173
675 87174
893 87175
434 87176
22 87177
181 87178
433 87179
140 87180
324 87181
460 87182
131 87183
431 87184
331 87185
984 87186
604 87187
65 87188
970 87189
360 87190
755 87191
860 87192
262 87193
569 87194
241 87195
966 87196
949 87197
175 87198
357 87199
137 87200
36 87201
149 87202
626 87203
77 87204
799 87205
706 87206
741 87207
844 87208
353 87209
160 87210
757 87211
840 87212
121 87213
252 87214
818 87215
552 87216
769 87217
95 87218
990 87219
976 87220
893 87221
404 87222
348 87223
292 87224
273 87225
510 87226
485 87227
98 87228
823 87229
553 87230
414 87231
796 87232
343 87233
115 87234
748 87235
675 87236
770 87237
410 87238
947 87239
657 87240
330 87241
716 87242
410 87243
923 87244
826 87245
134 87246
396 87247
930 87248
165 87249
122 87250
628 87251
307 87252
513 87253
124 87254
345 87255
838 87256
295 87257
121 87258
734 87259
899 87260
229 87261
686 87262
435 87263
792 87264
309 87265
738 87266
454 87267
553 87268
801 87269
715 87270
453 87271
484 87272
493 87273
201 87274
193 87275
149 87276
61 87277
557 87278
544 87279
961 87280
524 87281
39 87282
71 87283
688 87284
908 87285
990 87286
135 87287
871 87288
587 87289
350 87290
558 87291
511 87292
417 87293
84 87294
660 87295
729 87296
902 87297
384 87298
437 87299
47 87300
338 87301
784 87302
824 87303
361 87304
947 87305
811 87306
402 87307
12 87308
875 87309
511 87310
456 87311
262 87312
919 87313
891 87314
112 87315
893 87316
480 87317
202 87318
662 87319
481 87320
133 87321
506 87322
730 87323
24 87324
209 87325
791 87326
853 87327
716 87328
401 87329
875 87330
323 87331
63 87332
825 87333
32 87334
547 87335
70 87336
47 87337
598 87338
450 87339
625 87340
464 87341
566 87342
833 87343
702 87344
742 87345
21 87346
193 87347
964 87348
616 87349
856 87350
925 87351
845 87352
608 87353
670 87354
983 87355
311 87356
175 87357
422 87358
65 87359
33 87360
824 87361
277 87362
473 87363
700 87364
226 87365
655 87366
554 87367
743 87368
155 87369
775 87370
942 87371
254 87372
436 87373
145 87374
602 87375
157 87376
718 87377
613 87378
492 87379
609 87380
213 87381
488 87382
980 87383
9 87384
813 87385
961 87386
210 87387
455 87388
97 87389
283 87390
142 87391
997 87392
554 87393
920 87394
767 87395
142 87396
970 87397
91 87398
299 87399
697 87400
51 87401
983 87402
437 87403
128 87404
297 87405
315 87406
434 87407
546 87408
760 87409
70 87410
208 87411
282 87412
238 87413
973 87414
893 87415
628 87416
547 87417
481 87418
225 87419
367 87420
913 87421
145 87422
522 87423
247 87424
416 87425
594 87426
178 87427
568 87428
564 87429
518 87430
87 87431
79 87432
585 87433
310 87434
8 87435
541 87436
328 87437
197 87438
284 87439
426 87440
250 87441
191 87442
915 87443
630 87444
495 87445
228 87446
461 87447
635 87448
967 87449
810 87450
328 87451
160 87452
740 87453
968 87454
795 87455
245 87456
337 87457
328 87458
210 87459
672 87460
575 87461
409 87462
24 87463
569 87464
737 87465
181 87466
614 87467
213 87468
334 87469
225 87470
807 87471
845 87472
766 87473
670 87474
51 87475
540 87476
35 87477
346 87478
314 87479
875 87480
493 87481
220 87482
697 87483
100 87484
729 87485
124 87486
930 87487
725 87488
580 87489
873 87490
577 87491
696 87492
363 87493
945 87494
121 87495
846 87496
437 87497
754 87498
714 87499
333 87500
717 87501
824 87502
235 87503
934 87504
85 87505
983 87506
502 87507
630 87508
268 87509
685 87510
631 87511
473 87512
156 87513
113 87514
10 87515
269 87516
163 87517
246 87518
339 87519
598 87520
171 87521
362 87522
431 87523
886 87524
537 87525
899 87526
745 87527
19 87528
715 87529
258 87530
314 87531
217 87532
918 87533
430 87534
957 87535
969 87536
893 87537
517 87538
457 87539
887 87540
379 87541
507 87542
579 87543
681 87544
492 87545
352 87546
930 87547
658 87548
825 87549
816 87550
534 87551
639 87552
759 87553
189 87554
246 87555
897 87556
842 87557
178 87558
175 87559
831 87560
181 87561
499 87562
267 87563
119 87564
660 87565
620 87566
741 87567
521 87568
676 87569
418 87570
408 87571
68 87572
306 87573
971 87574
920 87575
412 87576
835 87577
905 87578
780 87579
484 87580
447 87581
440 87582
126 87583
688 87584
609 87585
925 87586
317 87587
100 87588
830 87589
410 87590
449 87591
7 87592
559 87593
366 87594
493 87595
61 87596
856 87597
529 87598
107 87599
2 87600
560 87601
927 87602
204 87603
669 87604
553 87605
374 87606
964 87607
536 87608
844 87609
988 87610
429 87611
754 87612
897 87613
943 87614
981 87615
691 87616
408 87617
776 87618
272 87619
569 87620
456 87621
138 87622
358 87623
805 87624
2 87625
545 87626
183 87627
299 87628
88 87629
996 87630
925 87631
619 87632
735 87633
708 87634
402 87635
768 87636
489 87637
845 87638
80 87639
395 87640
385 87641
488 87642
838 87643
418 87644
714 87645
928 87646
558 87647
638 87648
833 87649
465 87650
735 87651
562 87652
60 87653
730 87654
34 87655
486 87656
370 87657
644 87658
536 87659
375 87660
730 87661
684 87662
463 87663
508 87664
274 87665
690 87666
126 87667
405 87668
428 87669
765 87670
39 87671
587 87672
349 87673
328 87674
115 87675
808 87676
218 87677
998 87678
792 87679
450 87680
584 87681
894 87682
592 87683
139 87684
478 87685
228 87686
856 87687
442 87688
727 87689
473 87690
696 87691
256 87692
709 87693
721 87694
689 87695
493 87696
64 87697
252 87698
639 87699
51 87700
769 87701
283 87702
168 87703
769 87704
222 87705
66 87706
541 87707
673 87708
464 87709
496 87710
996 87711
864 87712
877 87713
476 87714
75 87715
15 87716
230 87717
578 87718
534 87719
704 87720
200 87721
996 87722
315 87723
486 87724
402 87725
813 87726
862 87727
875 87728
231 87729
932 87730
595 87731
703 87732
30 87733
922 87734
309 87735
282 87736
181 87737
857 87738
178 87739
434 87740
579 87741
746 87742
696 87743
168 87744
402 87745
592 87746
904 87747
650 87748
644 87749
301 87750
151 87751
327 87752
158 87753
166 87754
74 87755
561 87756
962 87757
309 87758
388 87759
63 87760
316 87761
109 87762
543 87763
332 87764
682 87765
91 87766
950 87767
291 87768
256 87769
434 87770
60 87771
875 87772
786 87773
419 87774
856 87775
948 87776
732 87777
235 87778
925 87779
391 87780
49 87781
972 87782
539 87783
537 87784
317 87785
927 87786
664 87787
632 87788
89 87789
435 87790
90 87791
933 87792
618 87793
131 87794
843 87795
177 87796
517 87797
302 87798
284 87799
554 87800
166 87801
762 87802
878 87803
502 87804
776 87805
816 87806
616 87807
786 87808
15 87809
369 87810
326 87811
195 87812
579 87813
381 87814
902 87815
551 87816
941 87817
489 87818
397 87819
446 87820
838 87821
517 87822
678 87823
226 87824
696 87825
769 87826
309 87827
30 87828
945 87829
596 87830
215 87831
479 87832
123 87833
107 87834
148 87835
618 87836
744 87837
932 87838
744 87839
547 87840
52 87841
535 87842
130 87843
250 87844
21 87845
682 87846
881 87847
545 87848
70 87849
438 87850
994 87851
898 87852
84 87853
7 87854
220 87855
488 87856
325 87857
498 87858
615 87859
344 87860
423 87861
918 87862
605 87863
573 87864
874 87865
794 87866
60 87867
65 87868
554 87869
31 87870
727 87871
664 87872
784 87873
580 87874
165 87875
448 87876
904 87877
50 87878
362 87879
73 87880
271 87881
491 87882
16 87883
7 87884
331 87885
395 87886
616 87887
783 87888
488 87889
738 87890
240 87891
968 87892
390 87893
834 87894
875 87895
53 87896
924 87897
325 87898
801 87899
810 87900
516 87901
139 87902
484 87903
108 87904
376 87905
914 87906
673 87907
126 87908
370 87909
729 87910
132 87911
197 87912
337 87913
316 87914
143 87915
800 87916
715 87917
467 87918
727 87919
525 87920
745 87921
605 87922
261 87923
502 87924
1000 87925
673 87926
692 87927
38 87928
789 87929
287 87930
938 87931
448 87932
227 87933
607 87934
290 87935
312 87936
251 87937
161 87938
462 87939
465 87940
987 87941
940 87942
424 87943
21 87944
817 87945
990 87946
26 87947
795 87948
126 87949
381 87950
510 87951
984 87952
202 87953
432 87954
811 87955
520 87956
522 87957
820 87958
232 87959
29 87960
880 87961
326 87962
356 87963
142 87964
499 87965
995 87966
776 87967
909 87968
509 87969
42 87970
950 87971
300 87972
313 87973
977 87974
741 87975
579 87976
520 87977
151 87978
857 87979
228 87980
31 87981
376 87982
801 87983
753 87984
693 87985
163 87986
120 87987
682 87988
423 87989
872 87990
301 87991
254 87992
594 87993
403 87994
793 87995
806 87996
133 87997
429 87998
85 87999
716 88000
4 88001
794 88002
399 88003
652 88004
733 88005
824 88006
67 88007
6 88008
56 88009
233 88010
502 88011
675 88012
734 88013
847 88014
908 88015
893 88016
247 88017
257 88018
832 88019
683 88020
623 88021
353 88022
933 88023
98 88024
654 88025
621 88026
603 88027
746 88028
908 88029
400 88030
204 88031
916 88032
360 88033
107 88034
662 88035
139 88036
266 88037
82 88038
434 88039
396 88040
341 88041
202 88042
615 88043
849 88044
753 88045
355 88046
279 88047
127 88048
174 88049
156 88050
848 88051
426 88052
482 88053
402 88054
117 88055
870 88056
847 88057
258 88058
549 88059
997 88060
662 88061
493 88062
593 88063
892 88064
397 88065
493 88066
110 88067
856 88068
700 88069
33 88070
350 88071
548 88072
30 88073
301 88074
566 88075
436 88076
422 88077
879 88078
303 88079
256 88080
927 88081
800 88082
507 88083
694 88084
802 88085
454 88086
554 88087
706 88088
825 88089
86 88090
441 88091
381 88092
387 88093
784 88094
48 88095
241 88096
66 88097
687 88098
1 88099
486 88100
105 88101
111 88102
112 88103
761 88104
68 88105
869 88106
630 88107
408 88108
682 88109
541 88110
244 88111
125 88112
547 88113
366 88114
256 88115
96 88116
952 88117
141 88118
523 88119
296 88120
645 88121
611 88122
844 88123
324 88124
803 88125
343 88126
95 88127
509 88128
679 88129
498 88130
309 88131
457 88132
430 88133
29 88134
930 88135
398 88136
268 88137
511 88138
716 88139
775 88140
330 88141
418 88142
199 88143
154 88144
597 88145
786 88146
843 88147
841 88148
200 88149
905 88150
848 88151
78 88152
158 88153
200 88154
604 88155
313 88156
900 88157
726 88158
533 88159
634 88160
521 88161
733 88162
189 88163
78 88164
273 88165
457 88166
916 88167
278 88168
759 88169
138 88170
85 88171
788 88172
921 88173
602 88174
903 88175
276 88176
703 88177
405 88178
682 88179
645 88180
18 88181
526 88182
459 88183
290 88184
789 88185
444 88186
953 88187
346 88188
544 88189
854 88190
831 88191
255 88192
176 88193
693 88194
900 88195
668 88196
284 88197
956 88198
97 88199
297 88200
322 88201
295 88202
534 88203
688 88204
383 88205
112 88206
665 88207
328 88208
870 88209
805 88210
304 88211
383 88212
423 88213
379 88214
135 88215
266 88216
698 88217
219 88218
496 88219
181 88220
641 88221
274 88222
431 88223
56 88224
233 88225
388 88226
725 88227
590 88228
17 88229
790 88230
314 88231
25 88232
345 88233
550 88234
117 88235
410 88236
365 88237
45 88238
961 88239
568 88240
74 88241
973 88242
56 88243
941 88244
620 88245
430 88246
507 88247
755 88248
435 88249
988 88250
853 88251
751 88252
871 88253
439 88254
615 88255
680 88256
407 88257
92 88258
524 88259
292 88260
790 88261
748 88262
316 88263
213 88264
616 88265
444 88266
159 88267
755 88268
895 88269
832 88270
207 88271
388 88272
941 88273
367 88274
552 88275
190 88276
341 88277
398 88278
796 88279
962 88280
868 88281
460 88282
396 88283
173 88284
560 88285
768 88286
699 88287
902 88288
326 88289
698 88290
410 88291
698 88292
80 88293
485 88294
919 88295
574 88296
533 88297
646 88298
235 88299
513 88300
497 88301
431 88302
228 88303
686 88304
770 88305
292 88306
511 88307
986 88308
685 88309
443 88310
177 88311
506 88312
999 88313
794 88314
830 88315
308 88316
389 88317
593 88318
654 88319
827 88320
210 88321
288 88322
276 88323
598 88324
952 88325
554 88326
271 88327
189 88328
342 88329
3 88330
447 88331
606 88332
242 88333
845 88334
329 88335
224 88336
611 88337
145 88338
378 88339
542 88340
480 88341
508 88342
318 88343
514 88344
971 88345
409 88346
901 88347
664 88348
374 88349
598 88350
513 88351
493 88352
596 88353
497 88354
660 88355
36 88356
216 88357
768 88358
184 88359
415 88360
4 88361
293 88362
509 88363
678 88364
28 88365
900 88366
96 88367
825 88368
602 88369
208 88370
625 88371
532 88372
711 88373
943 88374
15 88375
202 88376
137 88377
884 88378
136 88379
291 88380
964 88381
120 88382
203 88383
971 88384
941 88385
289 88386
911 88387
298 88388
516 88389
225 88390
933 88391
174 88392
677 88393
713 88394
476 88395
988 88396
291 88397
173 88398
28 88399
55 88400
225 88401
421 88402
450 88403
255 88404
777 88405
395 88406
349 88407
289 88408
70 88409
563 88410
121 88411
691 88412
556 88413
354 88414
194 88415
449 88416
508 88417
687 88418
781 88419
646 88420
167 88421
401 88422
778 88423
111 88424
181 88425
936 88426
706 88427
176 88428
358 88429
270 88430
915 88431
336 88432
808 88433
109 88434
30 88435
132 88436
724 88437
459 88438
920 88439
264 88440
426 88441
366 88442
185 88443
794 88444
821 88445
190 88446
811 88447
139 88448
670 88449
825 88450
804 88451
417 88452
592 88453
24 88454
730 88455
563 88456
878 88457
793 88458
540 88459
413 88460
13 88461
846 88462
622 88463
933 88464
543 88465
139 88466
647 88467
794 88468
689 88469
323 88470
694 88471
30 88472
646 88473
599 88474
64 88475
621 88476
853 88477
884 88478
124 88479
578 88480
389 88481
15 88482
223 88483
265 88484
273 88485
344 88486
308 88487
731 88488
780 88489
540 88490
7 88491
878 88492
958 88493
45 88494
574 88495
48 88496
872 88497
655 88498
953 88499
340 88500
782 88501
732 88502
812 88503
886 88504
478 88505
115 88506
791 88507
352 88508
688 88509
714 88510
192 88511
692 88512
762 88513
791 88514
181 88515
895 88516
174 88517
250 88518
409 88519
525 88520
619 88521
633 88522
139 88523
848 88524
339 88525
311 88526
479 88527
257 88528
160 88529
663 88530
417 88531
492 88532
979 88533
944 88534
329 88535
981 88536
116 88537
708 88538
846 88539
564 88540
724 88541
529 88542
362 88543
198 88544
204 88545
278 88546
690 88547
768 88548
540 88549
954 88550
559 88551
552 88552
485 88553
635 88554
419 88555
67 88556
696 88557
866 88558
934 88559
635 88560
268 88561
770 88562
39 88563
694 88564
227 88565
597 88566
609 88567
547 88568
532 88569
940 88570
208 88571
574 88572
164 88573
249 88574
446 88575
805 88576
381 88577
194 88578
277 88579
48 88580
754 88581
312 88582
481 88583
75 88584
576 88585
856 88586
783 88587
497 88588
94 88589
313 88590
774 88591
265 88592
237 88593
263 88594
698 88595
979 88596
967 88597
500 88598
652 88599
297 88600
137 88601
831 88602
129 88603
354 88604
595 88605
882 88606
851 88607
344 88608
282 88609
933 88610
43 88611
617 88612
74 88613
250 88614
692 88615
492 88616
336 88617
361 88618
951 88619
315 88620
84 88621
114 88622
858 88623
430 88624
177 88625
422 88626
302 88627
85 88628
332 88629
504 88630
127 88631
516 88632
806 88633
642 88634
539 88635
637 88636
446 88637
483 88638
139 88639
605 88640
1 88641
589 88642
252 88643
736 88644
553 88645
410 88646
570 88647
369 88648
704 88649
777 88650
34 88651
151 88652
504 88653
233 88654
195 88655
632 88656
493 88657
952 88658
557 88659
263 88660
60 88661
956 88662
833 88663
380 88664
997 88665
653 88666
638 88667
308 88668
480 88669
687 88670
993 88671
77 88672
484 88673
271 88674
905 88675
717 88676
76 88677
375 88678
794 88679
818 88680
940 88681
400 88682
761 88683
524 88684
991 88685
1 88686
774 88687
944 88688
592 88689
933 88690
404 88691
961 88692
936 88693
680 88694
134 88695
856 88696
541 88697
480 88698
963 88699
612 88700
488 88701
424 88702
211 88703
591 88704
867 88705
102 88706
135 88707
354 88708
323 88709
510 88710
744 88711
28 88712
573 88713
587 88714
942 88715
751 88716
306 88717
817 88718
11 88719
725 88720
36 88721
689 88722
495 88723
957 88724
973 88725
574 88726
332 88727
245 88728
199 88729
156 88730
843 88731
724 88732
811 88733
939 88734
522 88735
90 88736
380 88737
740 88738
65 88739
719 88740
592 88741
877 88742
327 88743
484 88744
132 88745
913 88746
947 88747
752 88748
372 88749
459 88750
757 88751
467 88752
528 88753
207 88754
123 88755
995 88756
972 88757
444 88758
232 88759
272 88760
110 88761
895 88762
702 88763
296 88764
298 88765
30 88766
512 88767
601 88768
555 88769
313 88770
356 88771
244 88772
464 88773
980 88774
120 88775
657 88776
112 88777
467 88778
154 88779
983 88780
194 88781
199 88782
554 88783
985 88784
121 88785
391 88786
259 88787
241 88788
891 88789
439 88790
210 88791
771 88792
274 88793
775 88794
803 88795
623 88796
692 88797
367 88798
720 88799
117 88800
939 88801
952 88802
958 88803
541 88804
883 88805
937 88806
201 88807
990 88808
775 88809
734 88810
679 88811
109 88812
127 88813
776 88814
855 88815
934 88816
779 88817
486 88818
986 88819
601 88820
885 88821
942 88822
417 88823
746 88824
82 88825
995 88826
452 88827
178 88828
266 88829
770 88830
442 88831
69 88832
194 88833
145 88834
695 88835
347 88836
356 88837
755 88838
485 88839
440 88840
195 88841
253 88842
144 88843
255 88844
640 88845
580 88846
64 88847
516 88848
27 88849
291 88850
253 88851
876 88852
568 88853
559 88854
871 88855
635 88856
676 88857
989 88858
33 88859
36 88860
512 88861
920 88862
928 88863
411 88864
242 88865
687 88866
829 88867
592 88868
279 88869
11 88870
352 88871
985 88872
476 88873
510 88874
791 88875
157 88876
121 88877
991 88878
92 88879
745 88880
610 88881
500 88882
416 88883
464 88884
662 88885
598 88886
680 88887
709 88888
138 88889
429 88890
285 88891
166 88892
529 88893
160 88894
925 88895
751 88896
625 88897
739 88898
132 88899
769 88900
843 88901
858 88902
674 88903
167 88904
385 88905
69 88906
158 88907
731 88908
328 88909
609 88910
52 88911
382 88912
156 88913
883 88914
454 88915
46 88916
287 88917
120 88918
604 88919
135 88920
776 88921
598 88922
468 88923
448 88924
561 88925
802 88926
10 88927
206 88928
74 88929
235 88930
818 88931
812 88932
801 88933
822 88934
645 88935
745 88936
960 88937
797 88938
584 88939
615 88940
411 88941
229 88942
984 88943
73 88944
576 88945
241 88946
963 88947
222 88948
656 88949
775 88950
820 88951
841 88952
147 88953
379 88954
427 88955
573 88956
378 88957
513 88958
598 88959
41 88960
254 88961
756 88962
576 88963
987 88964
512 88965
833 88966
738 88967
277 88968
171 88969
135 88970
342 88971
727 88972
127 88973
859 88974
67 88975
248 88976
895 88977
660 88978
387 88979
182 88980
958 88981
822 88982
821 88983
578 88984
468 88985
367 88986
116 88987
161 88988
504 88989
891 88990
856 88991
64 88992
157 88993
945 88994
82 88995
822 88996
667 88997
228 88998
894 88999
940 89000
694 89001
748 89002
938 89003
668 89004
339 89005
731 89006
73 89007
352 89008
287 89009
497 89010
99 89011
171 89012
8 89013
955 89014
134 89015
206 89016
952 89017
687 89018
501 89019
834 89020
909 89021
716 89022
479 89023
486 89024
72 89025
736 89026
116 89027
883 89028
596 89029
601 89030
428 89031
414 89032
396 89033
831 89034
4 89035
793 89036
581 89037
360 89038
176 89039
877 89040
70 89041
240 89042
138 89043
76 89044
766 89045
61 89046
315 89047
73 89048
713 89049
999 89050
786 89051
491 89052
472 89053
755 89054
406 89055
266 89056
387 89057
197 89058
160 89059
904 89060
939 89061
784 89062
632 89063
401 89064
806 89065
489 89066
357 89067
329 89068
88 89069
413 89070
54 89071
562 89072
375 89073
109 89074
301 89075
221 89076
933 89077
347 89078
522 89079
99 89080
847 89081
893 89082
547 89083
857 89084
338 89085
671 89086
948 89087
696 89088
928 89089
873 89090
425 89091
138 89092
820 89093
532 89094
717 89095
591 89096
335 89097
938 89098
435 89099
84 89100
952 89101
129 89102
930 89103
971 89104
370 89105
645 89106
145 89107
878 89108
388 89109
791 89110
580 89111
821 89112
148 89113
472 89114
412 89115
177 89116
400 89117
657 89118
688 89119
605 89120
903 89121
387 89122
1 89123
486 89124
858 89125
720 89126
695 89127
791 89128
58 89129
137 89130
847 89131
294 89132
540 89133
979 89134
843 89135
471 89136
918 89137
1000 89138
281 89139
849 89140
707 89141
542 89142
471 89143
781 89144
819 89145
390 89146
282 89147
183 89148
413 89149
521 89150
5 89151
13 89152
679 89153
120 89154
950 89155
587 89156
139 89157
640 89158
432 89159
474 89160
458 89161
246 89162
448 89163
986 89164
27 89165
776 89166
816 89167
323 89168
451 89169
631 89170
299 89171
501 89172
220 89173
364 89174
134 89175
410 89176
890 89177
621 89178
667 89179
281 89180
713 89181
191 89182
341 89183
413 89184
813 89185
175 89186
875 89187
178 89188
322 89189
447 89190
775 89191
115 89192
374 89193
994 89194
874 89195
89 89196
246 89197
482 89198
321 89199
980 89200
885 89201
389 89202
997 89203
383 89204
421 89205
86 89206
575 89207
175 89208
131 89209
177 89210
729 89211
535 89212
704 89213
939 89214
933 89215
236 89216
295 89217
117 89218
7 89219
294 89220
157 89221
367 89222
711 89223
620 89224
271 89225
461 89226
840 89227
460 89228
554 89229
192 89230
940 89231
936 89232
873 89233
977 89234
693 89235
782 89236
742 89237
653 89238
556 89239
476 89240
252 89241
506 89242
546 89243
553 89244
860 89245
52 89246
942 89247
662 89248
748 89249
939 89250
118 89251
621 89252
585 89253
634 89254
798 89255
74 89256
20 89257
153 89258
732 89259
120 89260
485 89261
621 89262
754 89263
632 89264
658 89265
469 89266
192 89267
559 89268
936 89269
665 89270
998 89271
127 89272
775 89273
32 89274
763 89275
683 89276
197 89277
230 89278
898 89279
536 89280
788 89281
848 89282
575 89283
378 89284
829 89285
676 89286
523 89287
88 89288
272 89289
39 89290
933 89291
422 89292
300 89293
597 89294
100 89295
430 89296
848 89297
345 89298
502 89299
185 89300
419 89301
847 89302
674 89303
888 89304
959 89305
47 89306
641 89307
563 89308
999 89309
521 89310
151 89311
599 89312
627 89313
239 89314
109 89315
414 89316
285 89317
473 89318
428 89319
904 89320
282 89321
706 89322
876 89323
869 89324
804 89325
374 89326
710 89327
713 89328
811 89329
491 89330
829 89331
411 89332
399 89333
790 89334
244 89335
399 89336
1 89337
505 89338
739 89339
929 89340
910 89341
153 89342
339 89343
999 89344
808 89345
143 89346
295 89347
930 89348
537 89349
430 89350
685 89351
385 89352
365 89353
279 89354
116 89355
297 89356
254 89357
953 89358
527 89359
789 89360
640 89361
528 89362
836 89363
669 89364
152 89365
566 89366
109 89367
723 89368
670 89369
924 89370
298 89371
10 89372
420 89373
863 89374
607 89375
434 89376
940 89377
670 89378
930 89379
14 89380
754 89381
41 89382
304 89383
716 89384
790 89385
191 89386
20 89387
777 89388
620 89389
167 89390
918 89391
911 89392
636 89393
261 89394
606 89395
958 89396
788 89397
832 89398
864 89399
601 89400
346 89401
548 89402
152 89403
732 89404
754 89405
481 89406
282 89407
486 89408
43 89409
332 89410
894 89411
253 89412
787 89413
757 89414
247 89415
164 89416
517 89417
943 89418
541 89419
531 89420
552 89421
714 89422
927 89423
842 89424
924 89425
158 89426
586 89427
44 89428
2 89429
989 89430
854 89431
363 89432
103 89433
301 89434
506 89435
830 89436
365 89437
652 89438
450 89439
506 89440
429 89441
487 89442
991 89443
829 89444
827 89445
28 89446
827 89447
356 89448
706 89449
486 89450
196 89451
511 89452
785 89453
181 89454
378 89455
524 89456
398 89457
972 89458
882 89459
435 89460
180 89461
218 89462
831 89463
735 89464
139 89465
96 89466
660 89467
835 89468
138 89469
260 89470
37 89471
321 89472
983 89473
721 89474
723 89475
975 89476
699 89477
705 89478
773 89479
961 89480
605 89481
461 89482
484 89483
616 89484
844 89485
263 89486
742 89487
196 89488
947 89489
834 89490
223 89491
980 89492
775 89493
755 89494
612 89495
236 89496
51 89497
605 89498
282 89499
752 89500
77 89501
451 89502
871 89503
725 89504
44 89505
358 89506
451 89507
16 89508
827 89509
619 89510
931 89511
724 89512
220 89513
670 89514
225 89515
991 89516
990 89517
546 89518
258 89519
791 89520
803 89521
944 89522
235 89523
240 89524
410 89525
127 89526
107 89527
831 89528
228 89529
596 89530
880 89531
232 89532
359 89533
527 89534
730 89535
223 89536
478 89537
819 89538
976 89539
228 89540
951 89541
917 89542
860 89543
18 89544
244 89545
350 89546
862 89547
387 89548
120 89549
899 89550
860 89551
572 89552
521 89553
193 89554
631 89555
462 89556
334 89557
683 89558
186 89559
958 89560
156 89561
864 89562
632 89563
547 89564
986 89565
1000 89566
155 89567
880 89568
503 89569
879 89570
572 89571
534 89572
550 89573
439 89574
616 89575
53 89576
731 89577
423 89578
90 89579
834 89580
221 89581
229 89582
63 89583
543 89584
556 89585
427 89586
955 89587
513 89588
340 89589
428 89590
288 89591
555 89592
298 89593
91 89594
528 89595
431 89596
646 89597
795 89598
480 89599
142 89600
406 89601
191 89602
239 89603
827 89604
546 89605
276 89606
399 89607
648 89608
195 89609
622 89610
40 89611
10 89612
390 89613
438 89614
174 89615
887 89616
263 89617
460 89618
955 89619
977 89620
756 89621
873 89622
664 89623
521 89624
649 89625
703 89626
481 89627
295 89628
797 89629
954 89630
581 89631
721 89632
90 89633
508 89634
156 89635
269 89636
945 89637
820 89638
755 89639
535 89640
136 89641
306 89642
888 89643
688 89644
988 89645
270 89646
275 89647
414 89648
365 89649
84 89650
803 89651
558 89652
359 89653
134 89654
702 89655
331 89656
689 89657
641 89658
608 89659
195 89660
688 89661
314 89662
173 89663
776 89664
443 89665
325 89666
711 89667
969 89668
904 89669
718 89670
717 89671
459 89672
675 89673
475 89674
565 89675
734 89676
933 89677
538 89678
692 89679
147 89680
604 89681
872 89682
343 89683
483 89684
370 89685
607 89686
701 89687
862 89688
377 89689
54 89690
340 89691
893 89692
286 89693
135 89694
444 89695
531 89696
972 89697
861 89698
595 89699
377 89700
534 89701
836 89702
434 89703
533 89704
331 89705
639 89706
995 89707
725 89708
67 89709
506 89710
535 89711
934 89712
755 89713
110 89714
801 89715
591 89716
378 89717
451 89718
119 89719
644 89720
57 89721
493 89722
579 89723
213 89724
948 89725
361 89726
573 89727
554 89728
52 89729
44 89730
45 89731
534 89732
128 89733
303 89734
377 89735
832 89736
349 89737
386 89738
85 89739
29 89740
982 89741
183 89742
37 89743
653 89744
702 89745
104 89746
125 89747
655 89748
112 89749
105 89750
606 89751
572 89752
59 89753
712 89754
516 89755
295 89756
535 89757
935 89758
98 89759
656 89760
966 89761
72 89762
719 89763
457 89764
670 89765
444 89766
367 89767
909 89768
686 89769
842 89770
947 89771
173 89772
679 89773
645 89774
118 89775
705 89776
245 89777
21 89778
889 89779
44 89780
263 89781
453 89782
713 89783
926 89784
798 89785
948 89786
400 89787
96 89788
105 89789
323 89790
129 89791
137 89792
731 89793
902 89794
939 89795
838 89796
125 89797
151 89798
625 89799
156 89800
259 89801
340 89802
729 89803
307 89804
20 89805
720 89806
903 89807
843 89808
502 89809
431 89810
560 89811
772 89812
65 89813
611 89814
224 89815
586 89816
660 89817
68 89818
34 89819
730 89820
761 89821
555 89822
384 89823
472 89824
746 89825
721 89826
53 89827
967 89828
847 89829
78 89830
916 89831
324 89832
202 89833
324 89834
353 89835
712 89836
254 89837
929 89838
451 89839
279 89840
491 89841
805 89842
406 89843
252 89844
681 89845
107 89846
692 89847
265 89848
966 89849
464 89850
249 89851
889 89852
352 89853
764 89854
947 89855
893 89856
648 89857
446 89858
306 89859
671 89860
584 89861
58 89862
102 89863
786 89864
42 89865
206 89866
380 89867
476 89868
398 89869
575 89870
481 89871
609 89872
112 89873
148 89874
976 89875
19 89876
287 89877
142 89878
266 89879
837 89880
895 89881
860 89882
789 89883
399 89884
389 89885
922 89886
881 89887
842 89888
354 89889
354 89890
714 89891
17 89892
338 89893
444 89894
724 89895
640 89896
384 89897
180 89898
110 89899
526 89900
513 89901
366 89902
310 89903
829 89904
28 89905
333 89906
246 89907
884 89908
686 89909
623 89910
219 89911
237 89912
453 89913
571 89914
272 89915
666 89916
930 89917
384 89918
571 89919
328 89920
854 89921
285 89922
471 89923
865 89924
581 89925
627 89926
563 89927
277 89928
916 89929
876 89930
139 89931
43 89932
294 89933
833 89934
287 89935
458 89936
283 89937
736 89938
85 89939
701 89940
557 89941
42 89942
162 89943
859 89944
587 89945
740 89946
604 89947
882 89948
203 89949
810 89950
227 89951
363 89952
705 89953
979 89954
769 89955
187 89956
63 89957
534 89958
851 89959
396 89960
410 89961
833 89962
192 89963
79 89964
469 89965
105 89966
15 89967
114 89968
863 89969
571 89970
528 89971
54 89972
709 89973
460 89974
298 89975
17 89976
692 89977
211 89978
386 89979
488 89980
506 89981
458 89982
840 89983
208 89984
89 89985
64 89986
13 89987
845 89988
665 89989
728 89990
915 89991
172 89992
413 89993
631 89994
711 89995
584 89996
104 89997
926 89998
776 89999
146 90000
162 90001
377 90002
919 90003
113 90004
730 90005
911 90006
477 90007
226 90008
94 90009
888 90010
592 90011
829 90012
776 90013
478 90014
456 90015
261 90016
926 90017
514 90018
286 90019
772 90020
539 90021
602 90022
859 90023
898 90024
447 90025
266 90026
962 90027
49 90028
393 90029
745 90030
385 90031
309 90032
667 90033
246 90034
809 90035
322 90036
480 90037
197 90038
338 90039
680 90040
224 90041
136 90042
869 90043
76 90044
622 90045
645 90046
208 90047
644 90048
535 90049
741 90050
244 90051
922 90052
469 90053
644 90054
751 90055
799 90056
723 90057
465 90058
361 90059
481 90060
358 90061
73 90062
114 90063
779 90064
500 90065
531 90066
416 90067
380 90068
651 90069
750 90070
476 90071
728 90072
947 90073
503 90074
407 90075
992 90076
8 90077
471 90078
233 90079
482 90080
596 90081
420 90082
445 90083
79 90084
851 90085
972 90086
327 90087
349 90088
910 90089
820 90090
834 90091
385 90092
30 90093
61 90094
531 90095
747 90096
13 90097
492 90098
479 90099
726 90100
102 90101
749 90102
628 90103
328 90104
102 90105
998 90106
659 90107
983 90108
243 90109
536 90110
405 90111
265 90112
962 90113
771 90114
676 90115
344 90116
288 90117
245 90118
93 90119
876 90120
182 90121
874 90122
534 90123
392 90124
645 90125
911 90126
958 90127
428 90128
231 90129
670 90130
579 90131
509 90132
262 90133
528 90134
181 90135
978 90136
159 90137
33 90138
938 90139
460 90140
1000 90141
522 90142
48 90143
846 90144
936 90145
497 90146
875 90147
887 90148
555 90149
166 90150
319 90151
559 90152
526 90153
920 90154
125 90155
958 90156
897 90157
557 90158
45 90159
241 90160
604 90161
909 90162
60 90163
783 90164
371 90165
571 90166
231 90167
951 90168
676 90169
414 90170
46 90171
889 90172
508 90173
954 90174
668 90175
463 90176
253 90177
597 90178
359 90179
188 90180
695 90181
292 90182
323 90183
823 90184
450 90185
378 90186
789 90187
338 90188
775 90189
549 90190
654 90191
893 90192
363 90193
63 90194
94 90195
549 90196
81 90197
232 90198
806 90199
429 90200
285 90201
5 90202
877 90203
968 90204
643 90205
840 90206
559 90207
604 90208
546 90209
886 90210
211 90211
985 90212
608 90213
938 90214
976 90215
87 90216
480 90217
636 90218
645 90219
445 90220
952 90221
186 90222
436 90223
180 90224
477 90225
935 90226
562 90227
895 90228
490 90229
585 90230
670 90231
762 90232
322 90233
852 90234
665 90235
54 90236
768 90237
720 90238
661 90239
343 90240
583 90241
503 90242
394 90243
210 90244
201 90245
964 90246
819 90247
285 90248
1 90249
839 90250
411 90251
443 90252
543 90253
373 90254
877 90255
439 90256
292 90257
7 90258
538 90259
133 90260
979 90261
62 90262
958 90263
634 90264
284 90265
157 90266
824 90267
989 90268
587 90269
867 90270
982 90271
362 90272
704 90273
368 90274
293 90275
615 90276
171 90277
986 90278
217 90279
447 90280
225 90281
830 90282
102 90283
591 90284
1 90285
196 90286
266 90287
840 90288
56 90289
481 90290
62 90291
203 90292
730 90293
268 90294
727 90295
967 90296
497 90297
166 90298
643 90299
463 90300
81 90301
976 90302
871 90303
776 90304
119 90305
130 90306
513 90307
163 90308
884 90309
209 90310
511 90311
514 90312
682 90313
974 90314
309 90315
252 90316
562 90317
245 90318
756 90319
161 90320
567 90321
547 90322
142 90323
451 90324
471 90325
836 90326
741 90327
666 90328
738 90329
212 90330
663 90331
595 90332
739 90333
994 90334
636 90335
10 90336
581 90337
326 90338
127 90339
201 90340
235 90341
258 90342
255 90343
308 90344
840 90345
590 90346
702 90347
707 90348
605 90349
215 90350
756 90351
868 90352
652 90353
118 90354
769 90355
993 90356
92 90357
776 90358
997 90359
737 90360
971 90361
773 90362
321 90363
959 90364
892 90365
267 90366
201 90367
189 90368
537 90369
938 90370
179 90371
968 90372
664 90373
815 90374
282 90375
786 90376
625 90377
68 90378
433 90379
729 90380
440 90381
409 90382
981 90383
362 90384
478 90385
562 90386
120 90387
544 90388
21 90389
960 90390
377 90391
367 90392
341 90393
733 90394
348 90395
555 90396
980 90397
161 90398
553 90399
134 90400
5 90401
703 90402
467 90403
309 90404
3 90405
657 90406
813 90407
733 90408
300 90409
248 90410
466 90411
991 90412
323 90413
329 90414
5 90415
610 90416
515 90417
347 90418
224 90419
113 90420
99 90421
274 90422
122 90423
954 90424
127 90425
311 90426
270 90427
365 90428
408 90429
929 90430
7 90431
237 90432
106 90433
466 90434
990 90435
637 90436
253 90437
314 90438
982 90439
131 90440
16 90441
777 90442
273 90443
719 90444
915 90445
975 90446
463 90447
299 90448
487 90449
75 90450
913 90451
475 90452
526 90453
990 90454
844 90455
544 90456
40 90457
187 90458
735 90459
11 90460
413 90461
829 90462
530 90463
574 90464
717 90465
849 90466
10 90467
987 90468
994 90469
762 90470
980 90471
65 90472
633 90473
975 90474
42 90475
905 90476
429 90477
743 90478
850 90479
810 90480
988 90481
454 90482
276 90483
526 90484
436 90485
983 90486
714 90487
104 90488
750 90489
736 90490
88 90491
811 90492
96 90493
821 90494
542 90495
782 90496
22 90497
709 90498
320 90499
589 90500
209 90501
203 90502
986 90503
741 90504
317 90505
304 90506
514 90507
468 90508
928 90509
896 90510
22 90511
347 90512
460 90513
710 90514
883 90515
406 90516
786 90517
579 90518
632 90519
448 90520
648 90521
351 90522
860 90523
616 90524
713 90525
403 90526
933 90527
490 90528
824 90529
494 90530
876 90531
851 90532
620 90533
355 90534
666 90535
872 90536
584 90537
916 90538
515 90539
805 90540
311 90541
98 90542
193 90543
858 90544
57 90545
678 90546
826 90547
154 90548
613 90549
368 90550
450 90551
420 90552
656 90553
543 90554
122 90555
236 90556
380 90557
266 90558
41 90559
209 90560
176 90561
119 90562
929 90563
520 90564
874 90565
624 90566
398 90567
822 90568
877 90569
796 90570
651 90571
231 90572
705 90573
922 90574
152 90575
264 90576
643 90577
203 90578
429 90579
95 90580
635 90581
533 90582
573 90583
626 90584
931 90585
166 90586
406 90587
505 90588
736 90589
446 90590
790 90591
99 90592
399 90593
231 90594
648 90595
119 90596
241 90597
848 90598
127 90599
728 90600
398 90601
129 90602
971 90603
390 90604
736 90605
629 90606
435 90607
379 90608
393 90609
40 90610
34 90611
569 90612
630 90613
563 90614
66 90615
962 90616
334 90617
13 90618
182 90619
123 90620
750 90621
131 90622
633 90623
324 90624
191 90625
232 90626
543 90627
122 90628
152 90629
348 90630
686 90631
646 90632
837 90633
635 90634
798 90635
261 90636
286 90637
678 90638
317 90639
465 90640
351 90641
795 90642
409 90643
861 90644
455 90645
864 90646
929 90647
910 90648
36 90649
404 90650
457 90651
947 90652
843 90653
430 90654
116 90655
761 90656
572 90657
763 90658
977 90659
142 90660
352 90661
988 90662
390 90663
182 90664
822 90665
298 90666
21 90667
155 90668
561 90669
20 90670
749 90671
608 90672
761 90673
951 90674
102 90675
704 90676
844 90677
228 90678
78 90679
372 90680
514 90681
633 90682
364 90683
868 90684
534 90685
968 90686
354 90687
630 90688
200 90689
889 90690
96 90691
138 90692
844 90693
385 90694
257 90695
918 90696
619 90697
877 90698
116 90699
644 90700
836 90701
652 90702
308 90703
171 90704
764 90705
402 90706
4 90707
84 90708
495 90709
825 90710
73 90711
821 90712
459 90713
604 90714
663 90715
763 90716
951 90717
62 90718
596 90719
600 90720
246 90721
654 90722
541 90723
830 90724
207 90725
846 90726
58 90727
652 90728
241 90729
821 90730
429 90731
476 90732
443 90733
927 90734
634 90735
465 90736
450 90737
919 90738
898 90739
830 90740
202 90741
406 90742
308 90743
583 90744
621 90745
678 90746
867 90747
156 90748
50 90749
582 90750
760 90751
155 90752
651 90753
719 90754
130 90755
590 90756
848 90757
723 90758
213 90759
809 90760
410 90761
359 90762
799 90763
297 90764
758 90765
312 90766
832 90767
240 90768
718 90769
121 90770
567 90771
894 90772
203 90773
616 90774
133 90775
333 90776
579 90777
973 90778
192 90779
732 90780
367 90781
977 90782
596 90783
265 90784
192 90785
194 90786
858 90787
393 90788
805 90789
228 90790
385 90791
230 90792
71 90793
602 90794
260 90795
751 90796
651 90797
107 90798
758 90799
568 90800
452 90801
889 90802
238 90803
775 90804
366 90805
959 90806
845 90807
302 90808
946 90809
263 90810
677 90811
206 90812
527 90813
231 90814
815 90815
889 90816
893 90817
658 90818
144 90819
846 90820
858 90821
586 90822
706 90823
886 90824
167 90825
266 90826
754 90827
487 90828
65 90829
55 90830
223 90831
132 90832
96 90833
634 90834
706 90835
177 90836
832 90837
631 90838
336 90839
515 90840
866 90841
296 90842
129 90843
32 90844
180 90845
178 90846
636 90847
411 90848
270 90849
681 90850
473 90851
261 90852
101 90853
981 90854
74 90855
161 90856
406 90857
414 90858
802 90859
599 90860
240 90861
470 90862
444 90863
709 90864
315 90865
703 90866
618 90867
818 90868
935 90869
320 90870
946 90871
739 90872
259 90873
370 90874
287 90875
803 90876
221 90877
796 90878
257 90879
819 90880
611 90881
929 90882
559 90883
868 90884
97 90885
397 90886
401 90887
673 90888
938 90889
989 90890
32 90891
323 90892
239 90893
777 90894
918 90895
478 90896
464 90897
825 90898
748 90899
186 90900
603 90901
184 90902
85 90903
398 90904
985 90905
766 90906
942 90907
680 90908
589 90909
897 90910
835 90911
263 90912
511 90913
153 90914
306 90915
57 90916
128 90917
909 90918
109 90919
832 90920
113 90921
125 90922
91 90923
16 90924
45 90925
993 90926
167 90927
664 90928
67 90929
192 90930
151 90931
328 90932
73 90933
951 90934
934 90935
733 90936
90 90937
534 90938
421 90939
821 90940
621 90941
55 90942
67 90943
536 90944
534 90945
408 90946
676 90947
802 90948
609 90949
49 90950
734 90951
91 90952
785 90953
146 90954
252 90955
495 90956
891 90957
818 90958
15 90959
388 90960
750 90961
120 90962
235 90963
751 90964
879 90965
847 90966
528 90967
655 90968
616 90969
363 90970
665 90971
812 90972
586 90973
642 90974
386 90975
276 90976
588 90977
712 90978
797 90979
106 90980
174 90981
6 90982
279 90983
451 90984
204 90985
461 90986
826 90987
148 90988
559 90989
696 90990
54 90991
266 90992
400 90993
433 90994
631 90995
46 90996
864 90997
983 90998
766 90999
229 91000
731 91001
481 91002
92 91003
450 91004
29 91005
813 91006
334 91007
745 91008
367 91009
789 91010
660 91011
671 91012
990 91013
447 91014
400 91015
374 91016
465 91017
940 91018
680 91019
601 91020
899 91021
851 91022
371 91023
483 91024
457 91025
487 91026
87 91027
238 91028
230 91029
810 91030
925 91031
511 91032
223 91033
850 91034
182 91035
38 91036
432 91037
456 91038
716 91039
948 91040
722 91041
583 91042
300 91043
846 91044
802 91045
116 91046
79 91047
133 91048
397 91049
925 91050
275 91051
393 91052
862 91053
929 91054
595 91055
529 91056
558 91057
208 91058
745 91059
615 91060
59 91061
582 91062
938 91063
290 91064
292 91065
662 91066
769 91067
651 91068
792 91069
612 91070
506 91071
562 91072
332 91073
351 91074
380 91075
828 91076
477 91077
301 91078
10 91079
764 91080
230 91081
266 91082
864 91083
201 91084
692 91085
825 91086
862 91087
997 91088
103 91089
128 91090
255 91091
856 91092
540 91093
910 91094
994 91095
372 91096
644 91097
679 91098
875 91099
643 91100
811 91101
637 91102
372 91103
919 91104
40 91105
294 91106
241 91107
975 91108
28 91109
909 91110
921 91111
419 91112
38 91113
134 91114
172 91115
505 91116
615 91117
230 91118
198 91119
656 91120
618 91121
380 91122
928 91123
298 91124
917 91125
325 91126
274 91127
758 91128
302 91129
961 91130
710 91131
956 91132
512 91133
182 91134
402 91135
570 91136
120 91137
102 91138
389 91139
500 91140
574 91141
138 91142
952 91143
311 91144
939 91145
258 91146
916 91147
804 91148
694 91149
90 91150
915 91151
164 91152
488 91153
429 91154
919 91155
217 91156
468 91157
152 91158
740 91159
512 91160
332 91161
550 91162
747 91163
892 91164
603 91165
846 91166
356 91167
578 91168
193 91169
237 91170
617 91171
874 91172
445 91173
53 91174
998 91175
455 91176
953 91177
988 91178
379 91179
963 91180
604 91181
269 91182
821 91183
394 91184
603 91185
623 91186
100 91187
711 91188
850 91189
564 91190
167 91191
148 91192
269 91193
576 91194
909 91195
231 91196
106 91197
314 91198
246 91199
990 91200
80 91201
649 91202
133 91203
534 91204
753 91205
425 91206
428 91207
632 91208
861 91209
646 91210
726 91211
495 91212
983 91213
248 91214
902 91215
319 91216
41 91217
972 91218
398 91219
992 91220
470 91221
435 91222
994 91223
900 91224
628 91225
117 91226
598 91227
350 91228
919 91229
694 91230
584 91231
944 91232
195 91233
23 91234
53 91235
694 91236
815 91237
903 91238
952 91239
426 91240
589 91241
351 91242
537 91243
542 91244
31 91245
605 91246
129 91247
749 91248
113 91249
538 91250
105 91251
377 91252
572 91253
319 91254
894 91255
890 91256
375 91257
412 91258
788 91259
196 91260
1000 91261
139 91262
920 91263
456 91264
121 91265
180 91266
100 91267
107 91268
553 91269
8 91270
283 91271
287 91272
690 91273
311 91274
590 91275
467 91276
498 91277
744 91278
528 91279
599 91280
629 91281
861 91282
136 91283
416 91284
930 91285
360 91286
458 91287
500 91288
592 91289
448 91290
71 91291
942 91292
19 91293
497 91294
38 91295
973 91296
607 91297
306 91298
770 91299
182 91300
772 91301
729 91302
314 91303
238 91304
336 91305
140 91306
331 91307
423 91308
780 91309
448 91310
321 91311
711 91312
231 91313
214 91314
282 91315
514 91316
380 91317
266 91318
937 91319
944 91320
576 91321
364 91322
444 91323
281 91324
402 91325
449 91326
846 91327
870 91328
485 91329
835 91330
719 91331
162 91332
886 91333
395 91334
776 91335
140 91336
265 91337
251 91338
794 91339
916 91340
928 91341
115 91342
10 91343
43 91344
703 91345
749 91346
554 91347
673 91348
434 91349
961 91350
210 91351
850 91352
649 91353
4 91354
323 91355
530 91356
439 91357
559 91358
136 91359
907 91360
245 91361
483 91362
898 91363
502 91364
371 91365
156 91366
850 91367
400 91368
711 91369
665 91370
867 91371
94 91372
25 91373
767 91374
503 91375
529 91376
662 91377
703 91378
905 91379
544 91380
532 91381
134 91382
381 91383
352 91384
982 91385
166 91386
57 91387
88 91388
54 91389
773 91390
421 91391
207 91392
667 91393
729 91394
222 91395
341 91396
233 91397
213 91398
74 91399
168 91400
624 91401
588 91402
732 91403
673 91404
691 91405
744 91406
454 91407
491 91408
482 91409
408 91410
698 91411
255 91412
940 91413
728 91414
610 91415
962 91416
406 91417
831 91418
237 91419
717 91420
508 91421
439 91422
615 91423
400 91424
90 91425
585 91426
406 91427
911 91428
134 91429
840 91430
689 91431
262 91432
330 91433
392 91434
569 91435
934 91436
798 91437
389 91438
933 91439
268 91440
977 91441
747 91442
669 91443
168 91444
213 91445
32 91446
906 91447
276 91448
389 91449
226 91450
597 91451
185 91452
997 91453
364 91454
867 91455
293 91456
694 91457
353 91458
714 91459
229 91460
167 91461
752 91462
988 91463
639 91464
931 91465
497 91466
498 91467
153 91468
833 91469
871 91470
242 91471
191 91472
662 91473
152 91474
76 91475
169 91476
54 91477
556 91478
39 91479
436 91480
78 91481
152 91482
786 91483
579 91484
248 91485
171 91486
3 91487
13 91488
678 91489
964 91490
450 91491
123 91492
413 91493
305 91494
61 91495
741 91496
195 91497
741 91498
4 91499
545 91500
621 91501
856 91502
79 91503
963 91504
518 91505
63 91506
930 91507
131 91508
783 91509
73 91510
171 91511
218 91512
878 91513
703 91514
343 91515
816 91516
991 91517
834 91518
536 91519
519 91520
482 91521
180 91522
531 91523
266 91524
254 91525
225 91526
100 91527
97 91528
129 91529
602 91530
142 91531
617 91532
337 91533
422 91534
122 91535
861 91536
518 91537
41 91538
83 91539
696 91540
145 91541
495 91542
256 91543
805 91544
545 91545
464 91546
124 91547
411 91548
911 91549
393 91550
128 91551
437 91552
134 91553
161 91554
213 91555
949 91556
337 91557
688 91558
164 91559
572 91560
247 91561
684 91562
210 91563
543 91564
281 91565
710 91566
606 91567
291 91568
214 91569
725 91570
566 91571
268 91572
539 91573
970 91574
16 91575
87 91576
532 91577
503 91578
147 91579
775 91580
149 91581
386 91582
433 91583
462 91584
398 91585
346 91586
168 91587
44 91588
56 91589
563 91590
543 91591
476 91592
552 91593
931 91594
690 91595
628 91596
495 91597
644 91598
173 91599
666 91600
446 91601
766 91602
319 91603
822 91604
203 91605
322 91606
641 91607
577 91608
838 91609
549 91610
738 91611
495 91612
644 91613
482 91614
730 91615
650 91616
372 91617
72 91618
53 91619
326 91620
798 91621
407 91622
656 91623
612 91624
164 91625
337 91626
456 91627
862 91628
883 91629
40 91630
50 91631
620 91632
815 91633
657 91634
273 91635
471 91636
601 91637
829 91638
818 91639
774 91640
823 91641
842 91642
682 91643
145 91644
696 91645
487 91646
212 91647
659 91648
829 91649
940 91650
407 91651
729 91652
468 91653
385 91654
477 91655
888 91656
143 91657
238 91658
206 91659
297 91660
964 91661
549 91662
956 91663
268 91664
876 91665
883 91666
169 91667
376 91668
737 91669
455 91670
239 91671
442 91672
666 91673
598 91674
942 91675
223 91676
699 91677
744 91678
607 91679
21 91680
497 91681
975 91682
543 91683
314 91684
228 91685
402 91686
223 91687
201 91688
876 91689
286 91690
820 91691
13 91692
487 91693
453 91694
635 91695
765 91696
197 91697
659 91698
207 91699
686 91700
571 91701
659 91702
734 91703
284 91704
99 91705
887 91706
646 91707
189 91708
102 91709
562 91710
491 91711
141 91712
502 91713
368 91714
490 91715
880 91716
168 91717
484 91718
79 91719
152 91720
609 91721
984 91722
225 91723
569 91724
87 91725
523 91726
749 91727
879 91728
907 91729
438 91730
438 91731
591 91732
339 91733
553 91734
865 91735
629 91736
849 91737
787 91738
946 91739
317 91740
560 91741
577 91742
942 91743
280 91744
393 91745
291 91746
240 91747
215 91748
229 91749
317 91750
959 91751
118 91752
791 91753
246 91754
338 91755
797 91756
52 91757
503 91758
536 91759
31 91760
474 91761
714 91762
668 91763
257 91764
781 91765
291 91766
5 91767
304 91768
981 91769
776 91770
166 91771
369 91772
217 91773
795 91774
668 91775
876 91776
980 91777
230 91778
929 91779
783 91780
24 91781
389 91782
109 91783
244 91784
811 91785
459 91786
50 91787
419 91788
464 91789
249 91790
55 91791
828 91792
30 91793
189 91794
770 91795
299 91796
755 91797
496 91798
666 91799
114 91800
183 91801
479 91802
863 91803
881 91804
895 91805
831 91806
943 91807
240 91808
220 91809
720 91810
491 91811
92 91812
788 91813
623 91814
198 91815
778 91816
590 91817
857 91818
840 91819
588 91820
371 91821
991 91822
505 91823
232 91824
812 91825
211 91826
834 91827
320 91828
761 91829
545 91830
461 91831
358 91832
497 91833
13 91834
628 91835
67 91836
638 91837
27 91838
972 91839
95 91840
237 91841
986 91842
623 91843
915 91844
220 91845
407 91846
791 91847
948 91848
965 91849
934 91850
555 91851
85 91852
968 91853
860 91854
927 91855
457 91856
33 91857
696 91858
59 91859
134 91860
97 91861
999 91862
51 91863
560 91864
976 91865
994 91866
560 91867
45 91868
871 91869
287 91870
332 91871
956 91872
34 91873
623 91874
351 91875
197 91876
903 91877
387 91878
767 91879
223 91880
682 91881
855 91882
858 91883
534 91884
80 91885
670 91886
571 91887
469 91888
278 91889
440 91890
313 91891
977 91892
761 91893
617 91894
21 91895
184 91896
282 91897
705 91898
995 91899
658 91900
530 91901
493 91902
227 91903
469 91904
733 91905
670 91906
885 91907
980 91908
638 91909
160 91910
990 91911
269 91912
818 91913
146 91914
154 91915
930 91916
421 91917
258 91918
647 91919
180 91920
934 91921
212 91922
503 91923
221 91924
309 91925
348 91926
187 91927
794 91928
254 91929
73 91930
304 91931
570 91932
131 91933
167 91934
819 91935
93 91936
626 91937
760 91938
903 91939
759 91940
991 91941
262 91942
378 91943
627 91944
429 91945
403 91946
251 91947
616 91948
738 91949
19 91950
393 91951
564 91952
111 91953
965 91954
256 91955
844 91956
251 91957
998 91958
556 91959
667 91960
683 91961
274 91962
681 91963
71 91964
964 91965
828 91966
518 91967
750 91968
227 91969
277 91970
670 91971
288 91972
251 91973
36 91974
302 91975
124 91976
148 91977
587 91978
937 91979
236 91980
532 91981
491 91982
687 91983
836 91984
809 91985
947 91986
850 91987
808 91988
990 91989
165 91990
135 91991
209 91992
468 91993
254 91994
421 91995
824 91996
253 91997
454 91998
484 91999
629 92000
378 92001
580 92002
717 92003
767 92004
337 92005
194 92006
137 92007
945 92008
619 92009
110 92010
144 92011
50 92012
182 92013
381 92014
661 92015
198 92016
214 92017
262 92018
932 92019
890 92020
315 92021
673 92022
704 92023
902 92024
796 92025
539 92026
798 92027
293 92028
991 92029
832 92030
173 92031
258 92032
740 92033
165 92034
422 92035
848 92036
293 92037
475 92038
295 92039
412 92040
676 92041
871 92042
905 92043
290 92044
727 92045
891 92046
479 92047
142 92048
142 92049
623 92050
426 92051
61 92052
203 92053
293 92054
336 92055
104 92056
679 92057
463 92058
63 92059
24 92060
845 92061
505 92062
100 92063
552 92064
165 92065
974 92066
886 92067
131 92068
294 92069
913 92070
154 92071
216 92072
611 92073
201 92074
313 92075
225 92076
175 92077
303 92078
472 92079
735 92080
577 92081
65 92082
233 92083
953 92084
471 92085
855 92086
687 92087
202 92088
364 92089
362 92090
160 92091
3 92092
827 92093
303 92094
10 92095
563 92096
661 92097
669 92098
944 92099
378 92100
79 92101
115 92102
35 92103
448 92104
376 92105
903 92106
342 92107
841 92108
56 92109
917 92110
958 92111
420 92112
746 92113
617 92114
70 92115
271 92116
939 92117
378 92118
314 92119
39 92120
991 92121
514 92122
222 92123
957 92124
984 92125
341 92126
936 92127
206 92128
147 92129
87 92130
881 92131
526 92132
353 92133
978 92134
738 92135
710 92136
2 92137
594 92138
229 92139
884 92140
727 92141
662 92142
556 92143
570 92144
36 92145
6 92146
346 92147
989 92148
322 92149
226 92150
861 92151
914 92152
367 92153
689 92154
188 92155
491 92156
121 92157
809 92158
23 92159
480 92160
726 92161
555 92162
409 92163
581 92164
647 92165
267 92166
113 92167
891 92168
193 92169
421 92170
186 92171
405 92172
463 92173
311 92174
76 92175
182 92176
701 92177
953 92178
358 92179
102 92180
938 92181
151 92182
738 92183
786 92184
974 92185
951 92186
334 92187
583 92188
359 92189
184 92190
291 92191
126 92192
398 92193
285 92194
962 92195
763 92196
977 92197
701 92198
511 92199
297 92200
550 92201
305 92202
973 92203
159 92204
178 92205
190 92206
144 92207
642 92208
605 92209
862 92210
172 92211
918 92212
311 92213
235 92214
145 92215
969 92216
930 92217
823 92218
504 92219
157 92220
692 92221
418 92222
376 92223
321 92224
689 92225
28 92226
652 92227
541 92228
21 92229
112 92230
799 92231
143 92232
560 92233
5 92234
117 92235
275 92236
74 92237
858 92238
25 92239
704 92240
76 92241
128 92242
232 92243
601 92244
388 92245
874 92246
356 92247
905 92248
652 92249
373 92250
382 92251
714 92252
570 92253
859 92254
906 92255
214 92256
425 92257
653 92258
42 92259
720 92260
256 92261
840 92262
362 92263
621 92264
795 92265
58 92266
478 92267
720 92268
126 92269
801 92270
229 92271
15 92272
370 92273
453 92274
605 92275
69 92276
467 92277
285 92278
766 92279
165 92280
46 92281
860 92282
764 92283
487 92284
264 92285
882 92286
959 92287
67 92288
714 92289
729 92290
795 92291
44 92292
860 92293
632 92294
143 92295
612 92296
694 92297
141 92298
466 92299
790 92300
992 92301
669 92302
528 92303
558 92304
69 92305
718 92306
265 92307
673 92308
910 92309
911 92310
634 92311
683 92312
871 92313
595 92314
925 92315
602 92316
425 92317
807 92318
872 92319
384 92320
131 92321
42 92322
764 92323
934 92324
416 92325
679 92326
157 92327
183 92328
127 92329
46 92330
309 92331
615 92332
416 92333
913 92334
660 92335
429 92336
448 92337
217 92338
645 92339
668 92340
820 92341
608 92342
558 92343
328 92344
155 92345
576 92346
542 92347
187 92348
272 92349
741 92350
806 92351
884 92352
77 92353
869 92354
345 92355
535 92356
642 92357
270 92358
253 92359
382 92360
597 92361
673 92362
151 92363
218 92364
710 92365
668 92366
248 92367
399 92368
325 92369
203 92370
596 92371
55 92372
820 92373
963 92374
984 92375
896 92376
122 92377
261 92378
309 92379
597 92380
960 92381
334 92382
801 92383
485 92384
62 92385
350 92386
583 92387
413 92388
995 92389
457 92390
915 92391
637 92392
319 92393
501 92394
952 92395
234 92396
571 92397
800 92398
82 92399
761 92400
171 92401
542 92402
815 92403
403 92404
492 92405
839 92406
123 92407
284 92408
388 92409
352 92410
23 92411
613 92412
497 92413
899 92414
228 92415
957 92416
624 92417
940 92418
640 92419
265 92420
30 92421
425 92422
144 92423
394 92424
792 92425
892 92426
500 92427
97 92428
198 92429
507 92430
729 92431
841 92432
664 92433
749 92434
600 92435
522 92436
939 92437
230 92438
364 92439
767 92440
312 92441
631 92442
729 92443
388 92444
182 92445
853 92446
352 92447
116 92448
465 92449
284 92450
665 92451
516 92452
331 92453
583 92454
448 92455
984 92456
275 92457
260 92458
797 92459
242 92460
518 92461
180 92462
413 92463
269 92464
591 92465
617 92466
879 92467
556 92468
948 92469
389 92470
803 92471
446 92472
905 92473
294 92474
358 92475
848 92476
223 92477
543 92478
272 92479
990 92480
768 92481
792 92482
977 92483
162 92484
834 92485
659 92486
5 92487
877 92488
114 92489
842 92490
379 92491
917 92492
462 92493
759 92494
328 92495
531 92496
695 92497
386 92498
326 92499
546 92500
703 92501
694 92502
623 92503
72 92504
724 92505
848 92506
586 92507
110 92508
177 92509
3 92510
825 92511
345 92512
414 92513
52 92514
288 92515
584 92516
386 92517
568 92518
3 92519
843 92520
394 92521
490 92522
718 92523
362 92524
32 92525
364 92526
741 92527
909 92528
621 92529
234 92530
307 92531
822 92532
549 92533
85 92534
554 92535
151 92536
163 92537
899 92538
868 92539
897 92540
257 92541
738 92542
920 92543
651 92544
716 92545
169 92546
823 92547
601 92548
914 92549
951 92550
372 92551
653 92552
136 92553
599 92554
543 92555
864 92556
185 92557
946 92558
826 92559
450 92560
218 92561
296 92562
262 92563
990 92564
717 92565
103 92566
972 92567
206 92568
14 92569
413 92570
195 92571
938 92572
381 92573
817 92574
264 92575
66 92576
6 92577
81 92578
973 92579
826 92580
707 92581
735 92582
804 92583
987 92584
246 92585
769 92586
816 92587
103 92588
304 92589
376 92590
975 92591
182 92592
480 92593
95 92594
508 92595
65 92596
303 92597
920 92598
445 92599
897 92600
572 92601
977 92602
666 92603
350 92604
397 92605
580 92606
580 92607
66 92608
862 92609
606 92610
797 92611
380 92612
769 92613
146 92614
439 92615
978 92616
2 92617
73 92618
937 92619
213 92620
102 92621
204 92622
306 92623
431 92624
440 92625
841 92626
771 92627
17 92628
186 92629
450 92630
185 92631
591 92632
117 92633
934 92634
744 92635
959 92636
78 92637
896 92638
683 92639
564 92640
252 92641
471 92642
898 92643
780 92644
347 92645
120 92646
221 92647
921 92648
602 92649
472 92650
252 92651
215 92652
457 92653
893 92654
489 92655
637 92656
468 92657
690 92658
376 92659
769 92660
35 92661
690 92662
241 92663
594 92664
981 92665
885 92666
614 92667
968 92668
203 92669
552 92670
208 92671
845 92672
135 92673
124 92674
757 92675
186 92676
308 92677
195 92678
129 92679
67 92680
867 92681
686 92682
888 92683
251 92684
536 92685
838 92686
593 92687
134 92688
388 92689
74 92690
192 92691
479 92692
656 92693
979 92694
352 92695
626 92696
153 92697
530 92698
872 92699
40 92700
974 92701
877 92702
407 92703
230 92704
804 92705
951 92706
955 92707
55 92708
81 92709
805 92710
599 92711
774 92712
637 92713
51 92714
2 92715
191 92716
470 92717
615 92718
12 92719
749 92720
738 92721
638 92722
797 92723
862 92724
308 92725
99 92726
16 92727
424 92728
903 92729
858 92730
345 92731
654 92732
724 92733
221 92734
678 92735
165 92736
671 92737
611 92738
454 92739
879 92740
174 92741
67 92742
563 92743
168 92744
821 92745
580 92746
145 92747
102 92748
370 92749
891 92750
655 92751
933 92752
250 92753
291 92754
22 92755
844 92756
160 92757
531 92758
81 92759
294 92760
532 92761
204 92762
533 92763
161 92764
155 92765
684 92766
108 92767
350 92768
905 92769
278 92770
586 92771
388 92772
417 92773
786 92774
564 92775
218 92776
305 92777
789 92778
180 92779
999 92780
319 92781
558 92782
850 92783
739 92784
669 92785
283 92786
139 92787
845 92788
357 92789
462 92790
450 92791
921 92792
224 92793
87 92794
406 92795
60 92796
266 92797
800 92798
574 92799
903 92800
849 92801
534 92802
953 92803
989 92804
804 92805
190 92806
808 92807
72 92808
151 92809
513 92810
739 92811
731 92812
33 92813
296 92814
91 92815
577 92816
654 92817
631 92818
310 92819
175 92820
396 92821
368 92822
594 92823
199 92824
683 92825
190 92826
536 92827
113 92828
996 92829
237 92830
367 92831
425 92832
435 92833
257 92834
44 92835
858 92836
701 92837
884 92838
883 92839
3 92840
527 92841
55 92842
336 92843
345 92844
451 92845
535 92846
670 92847
104 92848
776 92849
825 92850
94 92851
555 92852
825 92853
344 92854
714 92855
136 92856
595 92857
464 92858
491 92859
134 92860
988 92861
467 92862
186 92863
857 92864
643 92865
60 92866
692 92867
946 92868
628 92869
456 92870
287 92871
73 92872
343 92873
378 92874
608 92875
435 92876
528 92877
585 92878
717 92879
777 92880
392 92881
629 92882
696 92883
913 92884
899 92885
297 92886
215 92887
433 92888
331 92889
168 92890
231 92891
746 92892
155 92893
113 92894
34 92895
36 92896
273 92897
253 92898
339 92899
96 92900
801 92901
206 92902
893 92903
30 92904
654 92905
700 92906
489 92907
619 92908
106 92909
598 92910
165 92911
542 92912
543 92913
723 92914
708 92915
361 92916
904 92917
96 92918
861 92919
142 92920
118 92921
745 92922
74 92923
434 92924
840 92925
594 92926
845 92927
976 92928
967 92929
205 92930
463 92931
14 92932
550 92933
230 92934
6 92935
151 92936
864 92937
571 92938
238 92939
588 92940
708 92941
8 92942
365 92943
655 92944
646 92945
464 92946
670 92947
378 92948
380 92949
178 92950
25 92951
913 92952
241 92953
239 92954
760 92955
214 92956
675 92957
98 92958
244 92959
344 92960
481 92961
355 92962
230 92963
48 92964
717 92965
944 92966
957 92967
994 92968
149 92969
248 92970
964 92971
179 92972
497 92973
994 92974
34 92975
979 92976
662 92977
723 92978
198 92979
28 92980
274 92981
110 92982
481 92983
217 92984
875 92985
528 92986
405 92987
457 92988
623 92989
976 92990
726 92991
151 92992
49 92993
473 92994
125 92995
336 92996
726 92997
555 92998
219 92999
689 93000
356 93001
306 93002
855 93003
84 93004
253 93005
211 93006
648 93007
598 93008
23 93009
901 93010
289 93011
279 93012
875 93013
492 93014
231 93015
977 93016
201 93017
251 93018
599 93019
854 93020
676 93021
716 93022
278 93023
372 93024
375 93025
185 93026
814 93027
157 93028
301 93029
378 93030
517 93031
562 93032
228 93033
671 93034
902 93035
752 93036
748 93037
153 93038
187 93039
289 93040
667 93041
567 93042
464 93043
888 93044
322 93045
321 93046
39 93047
172 93048
691 93049
894 93050
969 93051
64 93052
58 93053
850 93054
854 93055
703 93056
322 93057
902 93058
624 93059
254 93060
612 93061
860 93062
113 93063
451 93064
698 93065
384 93066
930 93067
415 93068
364 93069
716 93070
117 93071
601 93072
902 93073
255 93074
59 93075
663 93076
395 93077
486 93078
295 93079
278 93080
424 93081
673 93082
608 93083
553 93084
942 93085
302 93086
263 93087
611 93088
858 93089
563 93090
477 93091
981 93092
594 93093
719 93094
924 93095
198 93096
293 93097
697 93098
137 93099
302 93100
546 93101
84 93102
531 93103
935 93104
830 93105
768 93106
248 93107
474 93108
786 93109
870 93110
931 93111
130 93112
801 93113
422 93114
718 93115
576 93116
388 93117
93 93118
961 93119
730 93120
111 93121
924 93122
258 93123
587 93124
630 93125
703 93126
763 93127
327 93128
738 93129
497 93130
397 93131
137 93132
774 93133
99 93134
39 93135
766 93136
263 93137
63 93138
122 93139
924 93140
243 93141
49 93142
252 93143
681 93144
976 93145
1000 93146
455 93147
712 93148
128 93149
378 93150
906 93151
918 93152
560 93153
845 93154
350 93155
842 93156
604 93157
766 93158
38 93159
655 93160
625 93161
724 93162
173 93163
921 93164
506 93165
374 93166
95 93167
896 93168
132 93169
29 93170
137 93171
920 93172
121 93173
339 93174
358 93175
445 93176
982 93177
942 93178
271 93179
357 93180
19 93181
274 93182
30 93183
8 93184
578 93185
418 93186
342 93187
393 93188
294 93189
782 93190
617 93191
887 93192
773 93193
610 93194
24 93195
794 93196
339 93197
551 93198
312 93199
18 93200
293 93201
600 93202
15 93203
28 93204
950 93205
8 93206
281 93207
992 93208
316 93209
15 93210
342 93211
64 93212
120 93213
604 93214
849 93215
316 93216
904 93217
207 93218
303 93219
976 93220
278 93221
347 93222
392 93223
142 93224
803 93225
133 93226
717 93227
772 93228
655 93229
92 93230
170 93231
425 93232
871 93233
604 93234
145 93235
622 93236
269 93237
595 93238
779 93239
419 93240
598 93241
885 93242
846 93243
885 93244
935 93245
613 93246
152 93247
421 93248
401 93249
760 93250
378 93251
231 93252
195 93253
998 93254
712 93255
889 93256
694 93257
417 93258
920 93259
408 93260
983 93261
852 93262
462 93263
55 93264
627 93265
681 93266
384 93267
422 93268
984 93269
955 93270
920 93271
137 93272
631 93273
922 93274
163 93275
310 93276
3 93277
361 93278
99 93279
110 93280
976 93281
906 93282
242 93283
934 93284
489 93285
753 93286
659 93287
831 93288
4 93289
371 93290
156 93291
326 93292
976 93293
683 93294
48 93295
40 93296
132 93297
860 93298
617 93299
890 93300
875 93301
457 93302
381 93303
836 93304
412 93305
367 93306
114 93307
929 93308
860 93309
799 93310
153 93311
763 93312
280 93313
876 93314
223 93315
378 93316
117 93317
491 93318
128 93319
991 93320
12 93321
135 93322
876 93323
430 93324
241 93325
26 93326
491 93327
364 93328
948 93329
870 93330
519 93331
341 93332
553 93333
303 93334
893 93335
447 93336
812 93337
774 93338
829 93339
428 93340
305 93341
155 93342
917 93343
48 93344
995 93345
434 93346
963 93347
839 93348
449 93349
939 93350
726 93351
210 93352
244 93353
570 93354
92 93355
274 93356
437 93357
742 93358
951 93359
52 93360
819 93361
675 93362
845 93363
401 93364
229 93365
797 93366
864 93367
324 93368
378 93369
951 93370
470 93371
154 93372
847 93373
894 93374
963 93375
814 93376
726 93377
970 93378
880 93379
284 93380
705 93381
908 93382
733 93383
659 93384
573 93385
810 93386
818 93387
263 93388
26 93389
291 93390
973 93391
472 93392
422 93393
597 93394
845 93395
490 93396
75 93397
28 93398
692 93399
127 93400
381 93401
492 93402
409 93403
557 93404
467 93405
673 93406
961 93407
850 93408
659 93409
610 93410
258 93411
359 93412
377 93413
6 93414
659 93415
166 93416
240 93417
22 93418
549 93419
471 93420
945 93421
702 93422
535 93423
740 93424
257 93425
946 93426
499 93427
930 93428
192 93429
48 93430
605 93431
105 93432
524 93433
665 93434
20 93435
523 93436
54 93437
231 93438
930 93439
827 93440
845 93441
642 93442
116 93443
981 93444
202 93445
120 93446
409 93447
615 93448
358 93449
375 93450
241 93451
472 93452
620 93453
3 93454
301 93455
750 93456
751 93457
764 93458
274 93459
436 93460
451 93461
533 93462
183 93463
673 93464
440 93465
168 93466
859 93467
505 93468
417 93469
733 93470
664 93471
975 93472
448 93473
160 93474
286 93475
374 93476
686 93477
252 93478
48 93479
895 93480
603 93481
750 93482
834 93483
427 93484
365 93485
762 93486
558 93487
306 93488
608 93489
396 93490
135 93491
110 93492
398 93493
925 93494
813 93495
627 93496
529 93497
857 93498
722 93499
304 93500
408 93501
958 93502
484 93503
832 93504
534 93505
150 93506
292 93507
32 93508
609 93509
470 93510
405 93511
982 93512
481 93513
781 93514
529 93515
323 93516
836 93517
617 93518
410 93519
642 93520
922 93521
469 93522
380 93523
940 93524
284 93525
949 93526
489 93527
655 93528
986 93529
551 93530
492 93531
451 93532
330 93533
449 93534
9 93535
638 93536
311 93537
420 93538
879 93539
621 93540
696 93541
522 93542
159 93543
61 93544
198 93545
980 93546
439 93547
986 93548
145 93549
621 93550
954 93551
667 93552
473 93553
391 93554
606 93555
949 93556
517 93557
264 93558
72 93559
127 93560
946 93561
207 93562
354 93563
623 93564
54 93565
200 93566
585 93567
844 93568
310 93569
497 93570
727 93571
315 93572
146 93573
987 93574
145 93575
882 93576
268 93577
46 93578
527 93579
365 93580
902 93581
575 93582
702 93583
398 93584
854 93585
669 93586
392 93587
949 93588
322 93589
466 93590
71 93591
730 93592
376 93593
682 93594
489 93595
545 93596
210 93597
326 93598
895 93599
474 93600
611 93601
425 93602
808 93603
712 93604
233 93605
304 93606
616 93607
25 93608
179 93609
144 93610
87 93611
274 93612
980 93613
320 93614
536 93615
399 93616
158 93617
676 93618
37 93619
417 93620
109 93621
819 93622
166 93623
966 93624
466 93625
209 93626
639 93627
651 93628
369 93629
731 93630
616 93631
220 93632
631 93633
88 93634
566 93635
680 93636
935 93637
964 93638
346 93639
381 93640
835 93641
881 93642
371 93643
584 93644
146 93645
426 93646
409 93647
137 93648
226 93649
509 93650
172 93651
98 93652
914 93653
79 93654
936 93655
481 93656
333 93657
806 93658
125 93659
937 93660
626 93661
584 93662
653 93663
32 93664
30 93665
221 93666
495 93667
827 93668
357 93669
164 93670
19 93671
657 93672
746 93673
75 93674
838 93675
786 93676
571 93677
549 93678
394 93679
641 93680
514 93681
730 93682
573 93683
309 93684
863 93685
528 93686
472 93687
141 93688
356 93689
961 93690
484 93691
442 93692
790 93693
778 93694
310 93695
936 93696
48 93697
515 93698
715 93699
640 93700
961 93701
405 93702
280 93703
758 93704
434 93705
996 93706
244 93707
241 93708
663 93709
182 93710
787 93711
883 93712
799 93713
46 93714
278 93715
344 93716
773 93717
514 93718
105 93719
364 93720
968 93721
23 93722
315 93723
816 93724
684 93725
507 93726
356 93727
608 93728
725 93729
408 93730
384 93731
6 93732
994 93733
243 93734
791 93735
271 93736
914 93737
199 93738
453 93739
603 93740
413 93741
179 93742
783 93743
354 93744
170 93745
911 93746
784 93747
859 93748
887 93749
171 93750
374 93751
903 93752
921 93753
751 93754
629 93755
83 93756
783 93757
530 93758
295 93759
104 93760
154 93761
813 93762
1000 93763
815 93764
677 93765
27 93766
796 93767
520 93768
357 93769
241 93770
582 93771
400 93772
356 93773
62 93774
459 93775
164 93776
765 93777
315 93778
645 93779
378 93780
829 93781
706 93782
741 93783
45 93784
918 93785
575 93786
279 93787
78 93788
107 93789
85 93790
906 93791
633 93792
63 93793
418 93794
135 93795
395 93796
860 93797
933 93798
252 93799
557 93800
555 93801
655 93802
97 93803
853 93804
86 93805
34 93806
588 93807
691 93808
802 93809
414 93810
890 93811
138 93812
875 93813
53 93814
508 93815
200 93816
137 93817
955 93818
249 93819
804 93820
196 93821
177 93822
201 93823
377 93824
331 93825
43 93826
311 93827
292 93828
836 93829
160 93830
284 93831
50 93832
709 93833
288 93834
980 93835
977 93836
510 93837
289 93838
317 93839
956 93840
534 93841
723 93842
228 93843
993 93844
443 93845
884 93846
122 93847
101 93848
232 93849
346 93850
814 93851
506 93852
593 93853
67 93854
340 93855
914 93856
818 93857
132 93858
215 93859
954 93860
886 93861
591 93862
955 93863
137 93864
234 93865
648 93866
824 93867
425 93868
430 93869
798 93870
917 93871
4 93872
619 93873
942 93874
459 93875
425 93876
969 93877
524 93878
420 93879
853 93880
58 93881
27 93882
404 93883
264 93884
941 93885
355 93886
21 93887
162 93888
337 93889
968 93890
932 93891
362 93892
674 93893
551 93894
954 93895
273 93896
665 93897
164 93898
181 93899
786 93900
772 93901
113 93902
332 93903
213 93904
893 93905
326 93906
634 93907
790 93908
775 93909
834 93910
39 93911
983 93912
29 93913
394 93914
661 93915
938 93916
305 93917
836 93918
637 93919
801 93920
377 93921
471 93922
34 93923
455 93924
368 93925
525 93926
332 93927
212 93928
949 93929
814 93930
872 93931
353 93932
850 93933
588 93934
198 93935
128 93936
854 93937
121 93938
249 93939
406 93940
548 93941
305 93942
335 93943
648 93944
267 93945
195 93946
678 93947
207 93948
525 93949
45 93950
133 93951
204 93952
860 93953
315 93954
963 93955
677 93956
584 93957
180 93958
661 93959
99 93960
178 93961
161 93962
333 93963
445 93964
371 93965
561 93966
469 93967
124 93968
884 93969
799 93970
120 93971
664 93972
487 93973
843 93974
709 93975
466 93976
269 93977
444 93978
664 93979
791 93980
834 93981
567 93982
786 93983
109 93984
394 93985
515 93986
425 93987
458 93988
861 93989
835 93990
904 93991
864 93992
629 93993
203 93994
20 93995
916 93996
968 93997
269 93998
294 93999
540 94000
246 94001
259 94002
600 94003
578 94004
388 94005
163 94006
820 94007
960 94008
573 94009
61 94010
625 94011
86 94012
476 94013
604 94014
738 94015
490 94016
304 94017
780 94018
337 94019
367 94020
282 94021
124 94022
870 94023
26 94024
827 94025
986 94026
102 94027
30 94028
354 94029
609 94030
452 94031
92 94032
206 94033
112 94034
536 94035
682 94036
180 94037
693 94038
867 94039
665 94040
783 94041
657 94042
457 94043
728 94044
103 94045
126 94046
249 94047
799 94048
988 94049
4 94050
471 94051
339 94052
345 94053
862 94054
428 94055
952 94056
600 94057
282 94058
682 94059
218 94060
835 94061
850 94062
593 94063
508 94064
281 94065
155 94066
485 94067
770 94068
392 94069
244 94070
389 94071
468 94072
753 94073
219 94074
183 94075
622 94076
954 94077
568 94078
960 94079
396 94080
787 94081
338 94082
958 94083
245 94084
717 94085
693 94086
102 94087
896 94088
855 94089
249 94090
665 94091
140 94092
877 94093
118 94094
346 94095
806 94096
991 94097
970 94098
945 94099
925 94100
210 94101
350 94102
747 94103
401 94104
72 94105
966 94106
963 94107
135 94108
510 94109
671 94110
909 94111
322 94112
711 94113
389 94114
680 94115
171 94116
795 94117
924 94118
414 94119
648 94120
644 94121
832 94122
970 94123
167 94124
782 94125
791 94126
494 94127
486 94128
173 94129
933 94130
654 94131
319 94132
344 94133
679 94134
259 94135
766 94136
161 94137
145 94138
17 94139
126 94140
75 94141
738 94142
11 94143
241 94144
660 94145
438 94146
542 94147
720 94148
476 94149
97 94150
939 94151
961 94152
895 94153
835 94154
741 94155
688 94156
46 94157
909 94158
831 94159
545 94160
802 94161
533 94162
357 94163
879 94164
888 94165
521 94166
256 94167
12 94168
657 94169
882 94170
960 94171
384 94172
453 94173
814 94174
890 94175
451 94176
377 94177
657 94178
665 94179
368 94180
799 94181
808 94182
285 94183
731 94184
891 94185
343 94186
26 94187
740 94188
348 94189
326 94190
7 94191
601 94192
55 94193
267 94194
522 94195
93 94196
26 94197
605 94198
621 94199
192 94200
539 94201
809 94202
63 94203
330 94204
668 94205
465 94206
959 94207
205 94208
491 94209
134 94210
754 94211
773 94212
758 94213
222 94214
119 94215
459 94216
772 94217
10 94218
570 94219
40 94220
263 94221
226 94222
965 94223
509 94224
288 94225
123 94226
997 94227
584 94228
667 94229
718 94230
938 94231
978 94232
75 94233
465 94234
167 94235
274 94236
56 94237
148 94238
558 94239
215 94240
872 94241
345 94242
454 94243
679 94244
506 94245
422 94246
973 94247
447 94248
111 94249
998 94250
909 94251
954 94252
56 94253
32 94254
915 94255
112 94256
607 94257
426 94258
641 94259
331 94260
193 94261
664 94262
723 94263
333 94264
966 94265
582 94266
29 94267
276 94268
397 94269
741 94270
281 94271
768 94272
782 94273
108 94274
587 94275
841 94276
162 94277
256 94278
410 94279
279 94280
936 94281
406 94282
245 94283
4 94284
495 94285
730 94286
226 94287
364 94288
97 94289
562 94290
340 94291
993 94292
183 94293
541 94294
503 94295
643 94296
339 94297
148 94298
420 94299
347 94300
540 94301
562 94302
215 94303
140 94304
790 94305
311 94306
433 94307
474 94308
895 94309
961 94310
984 94311
962 94312
473 94313
443 94314
735 94315
273 94316
961 94317
582 94318
195 94319
813 94320
526 94321
524 94322
780 94323
527 94324
507 94325
180 94326
784 94327
884 94328
505 94329
339 94330
253 94331
348 94332
956 94333
296 94334
378 94335
592 94336
500 94337
333 94338
134 94339
998 94340
657 94341
709 94342
654 94343
485 94344
636 94345
487 94346
990 94347
766 94348
244 94349
446 94350
893 94351
168 94352
914 94353
853 94354
528 94355
528 94356
573 94357
965 94358
655 94359
104 94360
363 94361
154 94362
105 94363
788 94364
972 94365
848 94366
245 94367
17 94368
960 94369
867 94370
941 94371
165 94372
527 94373
175 94374
306 94375
759 94376
425 94377
773 94378
168 94379
32 94380
439 94381
230 94382
520 94383
949 94384
585 94385
306 94386
761 94387
160 94388
506 94389
61 94390
294 94391
549 94392
331 94393
681 94394
513 94395
147 94396
170 94397
949 94398
128 94399
289 94400
595 94401
96 94402
84 94403
52 94404
274 94405
955 94406
850 94407
254 94408
378 94409
54 94410
396 94411
451 94412
748 94413
340 94414
113 94415
96 94416
531 94417
162 94418
577 94419
297 94420
579 94421
398 94422
894 94423
929 94424
850 94425
50 94426
344 94427
99 94428
383 94429
8 94430
328 94431
769 94432
646 94433
471 94434
718 94435
567 94436
260 94437
823 94438
813 94439
938 94440
852 94441
280 94442
900 94443
997 94444
206 94445
842 94446
565 94447
427 94448
977 94449
110 94450
399 94451
866 94452
276 94453
934 94454
902 94455
35 94456
601 94457
93 94458
268 94459
123 94460
452 94461
269 94462
518 94463
611 94464
230 94465
270 94466
4 94467
400 94468
485 94469
154 94470
656 94471
342 94472
518 94473
911 94474
560 94475
979 94476
810 94477
525 94478
668 94479
875 94480
745 94481
489 94482
599 94483
716 94484
788 94485
403 94486
377 94487
225 94488
54 94489
655 94490
41 94491
110 94492
954 94493
302 94494
624 94495
41 94496
776 94497
590 94498
102 94499
269 94500
907 94501
239 94502
33 94503
762 94504
47 94505
822 94506
661 94507
906 94508
40 94509
999 94510
177 94511
585 94512
723 94513
745 94514
933 94515
860 94516
88 94517
764 94518
71 94519
68 94520
981 94521
609 94522
319 94523
951 94524
17 94525
901 94526
225 94527
531 94528
767 94529
214 94530
89 94531
709 94532
810 94533
167 94534
955 94535
552 94536
370 94537
639 94538
508 94539
779 94540
966 94541
104 94542
628 94543
89 94544
419 94545
728 94546
911 94547
163 94548
939 94549
386 94550
609 94551
676 94552
611 94553
589 94554
220 94555
860 94556
512 94557
454 94558
857 94559
126 94560
422 94561
752 94562
46 94563
660 94564
751 94565
297 94566
579 94567
253 94568
672 94569
253 94570
178 94571
43 94572
561 94573
625 94574
299 94575
390 94576
307 94577
584 94578
609 94579
505 94580
898 94581
209 94582
317 94583
33 94584
21 94585
383 94586
17 94587
391 94588
605 94589
637 94590
393 94591
668 94592
980 94593
164 94594
374 94595
362 94596
585 94597
488 94598
224 94599
700 94600
468 94601
763 94602
536 94603
343 94604
618 94605
303 94606
461 94607
426 94608
919 94609
626 94610
552 94611
626 94612
842 94613
799 94614
607 94615
438 94616
325 94617
516 94618
411 94619
28 94620
310 94621
925 94622
452 94623
323 94624
446 94625
131 94626
118 94627
518 94628
321 94629
794 94630
874 94631
425 94632
952 94633
680 94634
943 94635
694 94636
580 94637
453 94638
337 94639
274 94640
374 94641
535 94642
405 94643
551 94644
235 94645
262 94646
444 94647
383 94648
719 94649
151 94650
353 94651
394 94652
533 94653
885 94654
815 94655
106 94656
321 94657
895 94658
894 94659
49 94660
276 94661
471 94662
338 94663
204 94664
888 94665
147 94666
570 94667
230 94668
43 94669
333 94670
281 94671
480 94672
830 94673
791 94674
750 94675
926 94676
760 94677
45 94678
690 94679
186 94680
467 94681
396 94682
508 94683
677 94684
941 94685
91 94686
238 94687
225 94688
161 94689
323 94690
334 94691
516 94692
739 94693
602 94694
101 94695
540 94696
273 94697
146 94698
431 94699
342 94700
224 94701
878 94702
327 94703
386 94704
540 94705
853 94706
58 94707
753 94708
125 94709
426 94710
10 94711
323 94712
47 94713
19 94714
419 94715
24 94716
874 94717
696 94718
928 94719
889 94720
720 94721
365 94722
836 94723
818 94724
428 94725
440 94726
967 94727
168 94728
888 94729
255 94730
573 94731
216 94732
815 94733
832 94734
713 94735
610 94736
798 94737
214 94738
377 94739
982 94740
413 94741
576 94742
714 94743
103 94744
206 94745
399 94746
128 94747
696 94748
478 94749
440 94750
193 94751
524 94752
673 94753
399 94754
645 94755
5 94756
73 94757
355 94758
181 94759
996 94760
931 94761
644 94762
294 94763
802 94764
385 94765
676 94766
758 94767
468 94768
377 94769
997 94770
924 94771
80 94772
296 94773
437 94774
807 94775
38 94776
513 94777
25 94778
199 94779
679 94780
154 94781
659 94782
608 94783
70 94784
279 94785
308 94786
79 94787
196 94788
323 94789
844 94790
312 94791
53 94792
152 94793
513 94794
532 94795
380 94796
895 94797
505 94798
655 94799
45 94800
999 94801
881 94802
223 94803
532 94804
571 94805
521 94806
69 94807
388 94808
396 94809
60 94810
524 94811
906 94812
632 94813
596 94814
657 94815
873 94816
729 94817
956 94818
809 94819
974 94820
539 94821
246 94822
509 94823
964 94824
256 94825
551 94826
99 94827
755 94828
24 94829
754 94830
638 94831
754 94832
149 94833
26 94834
978 94835
827 94836
858 94837
683 94838
184 94839
899 94840
216 94841
401 94842
295 94843
784 94844
231 94845
334 94846
193 94847
608 94848
693 94849
616 94850
29 94851
795 94852
158 94853
316 94854
671 94855
251 94856
700 94857
935 94858
909 94859
261 94860
56 94861
469 94862
558 94863
722 94864
676 94865
68 94866
28 94867
231 94868
13 94869
666 94870
995 94871
780 94872
736 94873
479 94874
416 94875
397 94876
756 94877
5 94878
468 94879
829 94880
651 94881
688 94882
211 94883
955 94884
887 94885
137 94886
752 94887
271 94888
956 94889
124 94890
488 94891
71 94892
238 94893
502 94894
794 94895
920 94896
940 94897
484 94898
382 94899
528 94900
800 94901
597 94902
868 94903
473 94904
562 94905
261 94906
873 94907
110 94908
507 94909
26 94910
868 94911
528 94912
614 94913
626 94914
545 94915
418 94916
647 94917
523 94918
180 94919
22 94920
672 94921
863 94922
465 94923
383 94924
540 94925
611 94926
280 94927
43 94928
86 94929
721 94930
999 94931
323 94932
3 94933
196 94934
560 94935
48 94936
745 94937
448 94938
239 94939
427 94940
429 94941
557 94942
297 94943
440 94944
553 94945
269 94946
250 94947
673 94948
151 94949
368 94950
299 94951
766 94952
657 94953
973 94954
932 94955
541 94956
789 94957
199 94958
761 94959
638 94960
582 94961
822 94962
739 94963
344 94964
935 94965
844 94966
717 94967
328 94968
615 94969
900 94970
992 94971
836 94972
171 94973
713 94974
73 94975
758 94976
719 94977
985 94978
976 94979
796 94980
388 94981
327 94982
119 94983
24 94984
194 94985
451 94986
66 94987
17 94988
708 94989
823 94990
86 94991
419 94992
710 94993
262 94994
317 94995
338 94996
550 94997
802 94998
724 94999
895 95000
166 95001
45 95002
543 95003
358 95004
569 95005
351 95006
891 95007
485 95008
549 95009
127 95010
138 95011
998 95012
280 95013
537 95014
560 95015
873 95016
900 95017
221 95018
932 95019
1000 95020
691 95021
132 95022
597 95023
199 95024
41 95025
670 95026
91 95027
107 95028
48 95029
666 95030
523 95031
632 95032
130 95033
384 95034
369 95035
99 95036
139 95037
85 95038
521 95039
299 95040
991 95041
439 95042
359 95043
518 95044
632 95045
234 95046
867 95047
524 95048
683 95049
617 95050
697 95051
884 95052
964 95053
339 95054
538 95055
666 95056
964 95057
17 95058
567 95059
637 95060
182 95061
240 95062
414 95063
318 95064
607 95065
414 95066
810 95067
276 95068
72 95069
687 95070
265 95071
991 95072
244 95073
71 95074
560 95075
750 95076
83 95077
112 95078
954 95079
447 95080
653 95081
165 95082
533 95083
447 95084
776 95085
931 95086
715 95087
970 95088
253 95089
632 95090
205 95091
686 95092
291 95093
336 95094
135 95095
29 95096
405 95097
761 95098
327 95099
811 95100
855 95101
621 95102
614 95103
522 95104
222 95105
329 95106
648 95107
405 95108
905 95109
364 95110
198 95111
545 95112
220 95113
815 95114
523 95115
296 95116
24 95117
563 95118
831 95119
333 95120
597 95121
639 95122
76 95123
450 95124
514 95125
655 95126
639 95127
736 95128
420 95129
271 95130
322 95131
897 95132
57 95133
795 95134
92 95135
226 95136
353 95137
750 95138
897 95139
174 95140
208 95141
121 95142
460 95143
132 95144
363 95145
547 95146
958 95147
76 95148
83 95149
811 95150
629 95151
362 95152
477 95153
49 95154
348 95155
116 95156
750 95157
145 95158
717 95159
487 95160
402 95161
863 95162
181 95163
943 95164
339 95165
393 95166
430 95167
42 95168
719 95169
46 95170
368 95171
176 95172
169 95173
158 95174
816 95175
305 95176
5 95177
400 95178
633 95179
469 95180
395 95181
670 95182
274 95183
573 95184
933 95185
752 95186
981 95187
867 95188
642 95189
487 95190
403 95191
408 95192
615 95193
56 95194
849 95195
644 95196
605 95197
430 95198
46 95199
691 95200
709 95201
461 95202
434 95203
980 95204
920 95205
241 95206
650 95207
647 95208
610 95209
637 95210
692 95211
341 95212
512 95213
609 95214
43 95215
892 95216
650 95217
698 95218
584 95219
88 95220
976 95221
598 95222
743 95223
872 95224
613 95225
585 95226
398 95227
886 95228
726 95229
391 95230
921 95231
672 95232
896 95233
978 95234
620 95235
872 95236
792 95237
826 95238
94 95239
962 95240
457 95241
271 95242
286 95243
201 95244
241 95245
557 95246
680 95247
34 95248
565 95249
799 95250
227 95251
323 95252
601 95253
52 95254
846 95255
251 95256
357 95257
578 95258
319 95259
826 95260
408 95261
812 95262
420 95263
152 95264
998 95265
825 95266
503 95267
364 95268
11 95269
708 95270
445 95271
796 95272
706 95273
147 95274
634 95275
915 95276
752 95277
102 95278
534 95279
973 95280
327 95281
859 95282
898 95283
650 95284
977 95285
562 95286
912 95287
898 95288
884 95289
327 95290
722 95291
90 95292
747 95293
858 95294
371 95295
721 95296
503 95297
975 95298
978 95299
18 95300
448 95301
944 95302
661 95303
718 95304
631 95305
908 95306
559 95307
904 95308
538 95309
15 95310
4 95311
259 95312
479 95313
644 95314
818 95315
14 95316
882 95317
733 95318
498 95319
427 95320
667 95321
380 95322
435 95323
349 95324
192 95325
763 95326
307 95327
695 95328
945 95329
953 95330
190 95331
382 95332
374 95333
166 95334
806 95335
541 95336
907 95337
911 95338
781 95339
337 95340
295 95341
972 95342
470 95343
875 95344
451 95345
451 95346
479 95347
868 95348
812 95349
840 95350
595 95351
875 95352
734 95353
774 95354
974 95355
14 95356
250 95357
296 95358
97 95359
49 95360
329 95361
15 95362
496 95363
94 95364
548 95365
285 95366
739 95367
345 95368
59 95369
560 95370
797 95371
924 95372
642 95373
836 95374
369 95375
323 95376
492 95377
655 95378
57 95379
176 95380
397 95381
278 95382
954 95383
84 95384
738 95385
23 95386
576 95387
564 95388
172 95389
109 95390
555 95391
252 95392
576 95393
649 95394
192 95395
191 95396
618 95397
317 95398
340 95399
73 95400
240 95401
543 95402
346 95403
790 95404
429 95405
65 95406
784 95407
212 95408
826 95409
917 95410
16 95411
723 95412
91 95413
72 95414
58 95415
912 95416
329 95417
972 95418
343 95419
489 95420
650 95421
579 95422
675 95423
782 95424
675 95425
310 95426
419 95427
283 95428
985 95429
549 95430
474 95431
689 95432
639 95433
901 95434
860 95435
845 95436
942 95437
585 95438
374 95439
921 95440
872 95441
484 95442
873 95443
284 95444
588 95445
552 95446
249 95447
923 95448
479 95449
556 95450
472 95451
817 95452
695 95453
826 95454
197 95455
914 95456
34 95457
45 95458
251 95459
685 95460
929 95461
30 95462
92 95463
50 95464
66 95465
673 95466
190 95467
340 95468
297 95469
442 95470
432 95471
538 95472
936 95473
236 95474
398 95475
922 95476
697 95477
832 95478
436 95479
822 95480
495 95481
650 95482
819 95483
276 95484
143 95485
989 95486
131 95487
359 95488
170 95489
411 95490
578 95491
534 95492
165 95493
866 95494
76 95495
488 95496
281 95497
466 95498
393 95499
587 95500
345 95501
841 95502
91 95503
932 95504
19 95505
44 95506
254 95507
21 95508
464 95509
795 95510
600 95511
985 95512
129 95513
275 95514
185 95515
870 95516
194 95517
766 95518
375 95519
574 95520
225 95521
461 95522
282 95523
925 95524
712 95525
342 95526
218 95527
459 95528
500 95529
853 95530
215 95531
897 95532
731 95533
564 95534
618 95535
555 95536
981 95537
96 95538
156 95539
868 95540
445 95541
628 95542
60 95543
666 95544
86 95545
555 95546
853 95547
342 95548
776 95549
752 95550
55 95551
680 95552
671 95553
691 95554
490 95555
355 95556
443 95557
687 95558
364 95559
658 95560
112 95561
720 95562
620 95563
848 95564
554 95565
466 95566
222 95567
441 95568
562 95569
582 95570
700 95571
869 95572
136 95573
259 95574
755 95575
73 95576
275 95577
772 95578
698 95579
694 95580
308 95581
523 95582
62 95583
326 95584
789 95585
450 95586
806 95587
904 95588
866 95589
801 95590
722 95591
1 95592
810 95593
929 95594
385 95595
160 95596
40 95597
301 95598
32 95599
783 95600
709 95601
187 95602
144 95603
145 95604
361 95605
951 95606
716 95607
992 95608
122 95609
614 95610
50 95611
80 95612
438 95613
371 95614
173 95615
884 95616
439 95617
132 95618
149 95619
606 95620
870 95621
292 95622
295 95623
224 95624
997 95625
621 95626
582 95627
292 95628
176 95629
155 95630
637 95631
595 95632
655 95633
99 95634
8 95635
85 95636
473 95637
101 95638
147 95639
58 95640
473 95641
625 95642
806 95643
16 95644
929 95645
93 95646
286 95647
614 95648
915 95649
31 95650
238 95651
888 95652
823 95653
254 95654
926 95655
123 95656
937 95657
37 95658
228 95659
406 95660
990 95661
469 95662
757 95663
771 95664
210 95665
942 95666
897 95667
694 95668
640 95669
697 95670
994 95671
478 95672
697 95673
65 95674
503 95675
761 95676
312 95677
688 95678
67 95679
957 95680
975 95681
305 95682
968 95683
280 95684
928 95685
366 95686
34 95687
872 95688
86 95689
354 95690
187 95691
236 95692
404 95693
815 95694
721 95695
29 95696
21 95697
542 95698
895 95699
528 95700
837 95701
747 95702
399 95703
982 95704
735 95705
111 95706
347 95707
388 95708
619 95709
473 95710
385 95711
957 95712
750 95713
796 95714
749 95715
144 95716
681 95717
946 95718
87 95719
529 95720
93 95721
141 95722
944 95723
732 95724
265 95725
87 95726
862 95727
441 95728
96 95729
399 95730
643 95731
581 95732
97 95733
328 95734
711 95735
794 95736
114 95737
600 95738
122 95739
327 95740
366 95741
110 95742
849 95743
103 95744
977 95745
768 95746
746 95747
131 95748
948 95749
178 95750
965 95751
699 95752
794 95753
781 95754
161 95755
152 95756
654 95757
194 95758
382 95759
774 95760
417 95761
516 95762
565 95763
413 95764
42 95765
622 95766
191 95767
543 95768
681 95769
385 95770
695 95771
99 95772
513 95773
907 95774
182 95775
599 95776
979 95777
877 95778
597 95779
501 95780
412 95781
603 95782
32 95783
974 95784
404 95785
59 95786
857 95787
616 95788
932 95789
746 95790
766 95791
831 95792
735 95793
209 95794
868 95795
629 95796
876 95797
620 95798
529 95799
75 95800
173 95801
684 95802
87 95803
826 95804
390 95805
978 95806
641 95807
544 95808
828 95809
379 95810
661 95811
885 95812
213 95813
912 95814
125 95815
388 95816
172 95817
491 95818
688 95819
270 95820
312 95821
858 95822
482 95823
697 95824
903 95825
404 95826
566 95827
746 95828
60 95829
656 95830
774 95831
395 95832
35 95833
588 95834
597 95835
1000 95836
660 95837
471 95838
667 95839
750 95840
925 95841
803 95842
499 95843
18 95844
91 95845
151 95846
681 95847
690 95848
712 95849
960 95850
942 95851
722 95852
838 95853
635 95854
234 95855
895 95856
748 95857
377 95858
892 95859
244 95860
187 95861
54 95862
762 95863
102 95864
61 95865
993 95866
831 95867
223 95868
514 95869
623 95870
866 95871
588 95872
733 95873
474 95874
870 95875
197 95876
140 95877
43 95878
5 95879
813 95880
406 95881
29 95882
254 95883
388 95884
29 95885
661 95886
537 95887
293 95888
102 95889
964 95890
149 95891
745 95892
546 95893
211 95894
644 95895
872 95896
855 95897
854 95898
310 95899
489 95900
771 95901
967 95902
667 95903
281 95904
948 95905
608 95906
227 95907
611 95908
555 95909
432 95910
461 95911
877 95912
363 95913
624 95914
893 95915
802 95916
116 95917
182 95918
16 95919
558 95920
861 95921
800 95922
695 95923
572 95924
51 95925
313 95926
244 95927
115 95928
32 95929
975 95930
52 95931
717 95932
536 95933
51 95934
952 95935
95 95936
302 95937
544 95938
709 95939
423 95940
478 95941
749 95942
97 95943
751 95944
447 95945
10 95946
706 95947
916 95948
195 95949
58 95950
800 95951
719 95952
738 95953
598 95954
444 95955
515 95956
588 95957
290 95958
366 95959
450 95960
44 95961
224 95962
742 95963
719 95964
385 95965
809 95966
624 95967
226 95968
81 95969
454 95970
758 95971
914 95972
96 95973
721 95974
633 95975
403 95976
936 95977
619 95978
746 95979
17 95980
488 95981
140 95982
459 95983
660 95984
50 95985
434 95986
680 95987
126 95988
609 95989
554 95990
563 95991
422 95992
313 95993
910 95994
998 95995
609 95996
253 95997
796 95998
244 95999
740 96000
344 96001
165 96002
988 96003
6 96004
729 96005
634 96006
951 96007
886 96008
988 96009
229 96010
245 96011
480 96012
521 96013
667 96014
957 96015
633 96016
125 96017
148 96018
946 96019
569 96020
382 96021
751 96022
847 96023
202 96024
255 96025
583 96026
262 96027
91 96028
239 96029
591 96030
458 96031
917 96032
228 96033
872 96034
417 96035
343 96036
511 96037
332 96038
954 96039
962 96040
119 96041
471 96042
180 96043
180 96044
289 96045
88 96046
294 96047
497 96048
220 96049
972 96050
974 96051
348 96052
491 96053
987 96054
392 96055
52 96056
558 96057
723 96058
540 96059
251 96060
793 96061
139 96062
391 96063
944 96064
622 96065
761 96066
593 96067
850 96068
250 96069
767 96070
326 96071
367 96072
482 96073
78 96074
243 96075
359 96076
693 96077
668 96078
450 96079
755 96080
778 96081
981 96082
429 96083
985 96084
990 96085
261 96086
335 96087
478 96088
703 96089
819 96090
51 96091
845 96092
776 96093
217 96094
818 96095
397 96096
198 96097
299 96098
333 96099
66 96100
991 96101
156 96102
429 96103
701 96104
8 96105
874 96106
150 96107
895 96108
659 96109
453 96110
704 96111
564 96112
379 96113
214 96114
267 96115
894 96116
96 96117
211 96118
736 96119
42 96120
763 96121
919 96122
238 96123
17 96124
51 96125
644 96126
371 96127
454 96128
857 96129
114 96130
122 96131
119 96132
692 96133
501 96134
36 96135
229 96136
844 96137
880 96138
218 96139
450 96140
492 96141
791 96142
428 96143
573 96144
749 96145
768 96146
283 96147
910 96148
46 96149
192 96150
378 96151
942 96152
791 96153
743 96154
735 96155
263 96156
514 96157
893 96158
808 96159
503 96160
914 96161
721 96162
981 96163
991 96164
997 96165
188 96166
965 96167
234 96168
99 96169
233 96170
450 96171
234 96172
725 96173
880 96174
217 96175
552 96176
897 96177
223 96178
658 96179
127 96180
734 96181
284 96182
871 96183
315 96184
982 96185
404 96186
281 96187
979 96188
448 96189
575 96190
201 96191
55 96192
119 96193
212 96194
754 96195
290 96196
217 96197
57 96198
990 96199
589 96200
65 96201
33 96202
881 96203
967 96204
538 96205
983 96206
568 96207
561 96208
341 96209
338 96210
89 96211
750 96212
200 96213
360 96214
735 96215
445 96216
242 96217
767 96218
177 96219
925 96220
102 96221
435 96222
215 96223
362 96224
241 96225
147 96226
826 96227
565 96228
397 96229
530 96230
387 96231
522 96232
973 96233
954 96234
885 96235
468 96236
484 96237
937 96238
359 96239
937 96240
598 96241
132 96242
488 96243
31 96244
530 96245
501 96246
2 96247
64 96248
431 96249
587 96250
484 96251
991 96252
507 96253
837 96254
495 96255
882 96256
601 96257
735 96258
659 96259
95 96260
920 96261
166 96262
110 96263
515 96264
165 96265
467 96266
261 96267
333 96268
395 96269
929 96270
828 96271
832 96272
358 96273
802 96274
258 96275
739 96276
768 96277
744 96278
824 96279
106 96280
731 96281
470 96282
115 96283
575 96284
116 96285
279 96286
430 96287
379 96288
775 96289
860 96290
417 96291
76 96292
924 96293
719 96294
290 96295
589 96296
945 96297
297 96298
105 96299
848 96300
673 96301
540 96302
861 96303
999 96304
64 96305
626 96306
671 96307
220 96308
872 96309
191 96310
230 96311
293 96312
154 96313
149 96314
540 96315
876 96316
181 96317
771 96318
665 96319
526 96320
826 96321
289 96322
95 96323
518 96324
272 96325
850 96326
983 96327
137 96328
454 96329
846 96330
615 96331
669 96332
630 96333
691 96334
942 96335
723 96336
486 96337
664 96338
129 96339
170 96340
103 96341
209 96342
168 96343
332 96344
940 96345
162 96346
448 96347
796 96348
902 96349
374 96350
560 96351
896 96352
853 96353
229 96354
140 96355
449 96356
802 96357
739 96358
903 96359
872 96360
622 96361
522 96362
56 96363
441 96364
152 96365
462 96366
365 96367
774 96368
552 96369
313 96370
965 96371
868 96372
548 96373
595 96374
36 96375
732 96376
132 96377
206 96378
942 96379
809 96380
51 96381
517 96382
641 96383
31 96384
318 96385
421 96386
108 96387
65 96388
339 96389
927 96390
868 96391
269 96392
169 96393
65 96394
358 96395
516 96396
902 96397
90 96398
647 96399
153 96400
506 96401
162 96402
393 96403
429 96404
196 96405
849 96406
867 96407
589 96408
604 96409
814 96410
366 96411
175 96412
260 96413
94 96414
775 96415
812 96416
498 96417
787 96418
347 96419
762 96420
111 96421
469 96422
610 96423
86 96424
369 96425
645 96426
148 96427
552 96428
694 96429
335 96430
387 96431
567 96432
757 96433
876 96434
771 96435
731 96436
700 96437
719 96438
909 96439
89 96440
405 96441
821 96442
851 96443
235 96444
397 96445
680 96446
885 96447
407 96448
936 96449
524 96450
275 96451
115 96452
177 96453
675 96454
816 96455
87 96456
431 96457
808 96458
887 96459
208 96460
505 96461
113 96462
786 96463
709 96464
666 96465
487 96466
171 96467
134 96468
943 96469
978 96470
369 96471
15 96472
878 96473
135 96474
179 96475
468 96476
166 96477
154 96478
916 96479
121 96480
129 96481
717 96482
492 96483
708 96484
826 96485
957 96486
161 96487
810 96488
793 96489
821 96490
317 96491
455 96492
458 96493
306 96494
357 96495
105 96496
983 96497
379 96498
14 96499
552 96500
424 96501
439 96502
605 96503
783 96504
744 96505
706 96506
212 96507
55 96508
194 96509
718 96510
583 96511
574 96512
621 96513
662 96514
108 96515
690 96516
882 96517
326 96518
638 96519
807 96520
636 96521
541 96522
518 96523
465 96524
336 96525
443 96526
3 96527
788 96528
620 96529
256 96530
370 96531
30 96532
676 96533
636 96534
496 96535
472 96536
916 96537
715 96538
644 96539
118 96540
287 96541
502 96542
712 96543
638 96544
812 96545
799 96546
703 96547
265 96548
777 96549
155 96550
219 96551
206 96552
602 96553
191 96554
887 96555
635 96556
858 96557
248 96558
691 96559
938 96560
890 96561
374 96562
87 96563
517 96564
475 96565
517 96566
692 96567
474 96568
341 96569
747 96570
777 96571
247 96572
814 96573
828 96574
554 96575
402 96576
277 96577
356 96578
150 96579
350 96580
506 96581
46 96582
150 96583
326 96584
456 96585
904 96586
949 96587
101 96588
956 96589
12 96590
878 96591
35 96592
730 96593
5 96594
160 96595
524 96596
361 96597
220 96598
940 96599
661 96600
679 96601
549 96602
654 96603
793 96604
158 96605
305 96606
828 96607
957 96608
475 96609
536 96610
893 96611
339 96612
853 96613
66 96614
410 96615
550 96616
284 96617
362 96618
396 96619
260 96620
69 96621
823 96622
29 96623
341 96624
535 96625
722 96626
690 96627
141 96628
682 96629
27 96630
920 96631
803 96632
769 96633
96 96634
954 96635
353 96636
999 96637
948 96638
416 96639
358 96640
792 96641
30 96642
801 96643
253 96644
510 96645
190 96646
989 96647
466 96648
547 96649
947 96650
295 96651
870 96652
739 96653
158 96654
164 96655
503 96656
492 96657
960 96658
358 96659
1 96660
623 96661
163 96662
292 96663
625 96664
765 96665
825 96666
892 96667
900 96668
468 96669
74 96670
459 96671
548 96672
44 96673
66 96674
21 96675
400 96676
754 96677
960 96678
678 96679
20 96680
426 96681
711 96682
312 96683
955 96684
581 96685
662 96686
486 96687
202 96688
195 96689
491 96690
888 96691
185 96692
956 96693
414 96694
602 96695
510 96696
981 96697
743 96698
756 96699
535 96700
76 96701
402 96702
251 96703
193 96704
404 96705
146 96706
295 96707
53 96708
458 96709
416 96710
645 96711
361 96712
197 96713
168 96714
393 96715
275 96716
301 96717
343 96718
773 96719
290 96720
323 96721
913 96722
4 96723
178 96724
518 96725
665 96726
129 96727
654 96728
939 96729
355 96730
849 96731
317 96732
362 96733
966 96734
817 96735
103 96736
673 96737
79 96738
192 96739
607 96740
780 96741
262 96742
189 96743
773 96744
428 96745
555 96746
488 96747
265 96748
528 96749
658 96750
676 96751
164 96752
545 96753
769 96754
620 96755
972 96756
426 96757
627 96758
777 96759
948 96760
152 96761
547 96762
984 96763
47 96764
344 96765
227 96766
979 96767
675 96768
582 96769
844 96770
970 96771
425 96772
372 96773
884 96774
359 96775
946 96776
655 96777
444 96778
379 96779
290 96780
966 96781
776 96782
289 96783
818 96784
901 96785
525 96786
283 96787
719 96788
326 96789
658 96790
99 96791
893 96792
69 96793
127 96794
134 96795
579 96796
679 96797
902 96798
15 96799
832 96800
979 96801
334 96802
789 96803
145 96804
429 96805
809 96806
750 96807
368 96808
299 96809
164 96810
878 96811
875 96812
218 96813
462 96814
18 96815
921 96816
670 96817
348 96818
263 96819
946 96820
533 96821
703 96822
628 96823
340 96824
36 96825
676 96826
647 96827
852 96828
424 96829
821 96830
743 96831
768 96832
854 96833
251 96834
293 96835
694 96836
628 96837
784 96838
945 96839
803 96840
496 96841
779 96842
450 96843
339 96844
772 96845
207 96846
886 96847
738 96848
195 96849
930 96850
16 96851
242 96852
427 96853
579 96854
481 96855
114 96856
998 96857
612 96858
566 96859
825 96860
373 96861
428 96862
713 96863
171 96864
451 96865
471 96866
292 96867
787 96868
676 96869
42 96870
297 96871
981 96872
976 96873
818 96874
676 96875
794 96876
496 96877
116 96878
68 96879
714 96880
791 96881
183 96882
917 96883
470 96884
566 96885
493 96886
804 96887
802 96888
84 96889
423 96890
239 96891
620 96892
766 96893
442 96894
151 96895
766 96896
357 96897
784 96898
989 96899
702 96900
534 96901
498 96902
343 96903
451 96904
593 96905
303 96906
752 96907
586 96908
525 96909
105 96910
768 96911
534 96912
294 96913
759 96914
659 96915
724 96916
84 96917
353 96918
816 96919
590 96920
668 96921
7 96922
221 96923
599 96924
269 96925
709 96926
78 96927
777 96928
317 96929
202 96930
781 96931
965 96932
179 96933
123 96934
662 96935
396 96936
719 96937
213 96938
581 96939
514 96940
72 96941
652 96942
820 96943
160 96944
440 96945
412 96946
490 96947
415 96948
876 96949
800 96950
219 96951
773 96952
902 96953
591 96954
77 96955
781 96956
275 96957
416 96958
136 96959
4 96960
999 96961
590 96962
589 96963
1 96964
48 96965
433 96966
437 96967
828 96968
787 96969
669 96970
310 96971
167 96972
105 96973
948 96974
605 96975
486 96976
70 96977
132 96978
361 96979
795 96980
801 96981
2 96982
286 96983
788 96984
234 96985
501 96986
45 96987
28 96988
391 96989
824 96990
886 96991
884 96992
449 96993
942 96994
287 96995
359 96996
698 96997
413 96998
689 96999
601 97000
138 97001
762 97002
865 97003
496 97004
260 97005
348 97006
155 97007
815 97008
617 97009
47 97010
559 97011
974 97012
61 97013
624 97014
67 97015
976 97016
885 97017
417 97018
830 97019
844 97020
354 97021
972 97022
165 97023
956 97024
528 97025
621 97026
330 97027
445 97028
233 97029
703 97030
419 97031
847 97032
197 97033
784 97034
51 97035
852 97036
587 97037
50 97038
42 97039
855 97040
727 97041
849 97042
774 97043
450 97044
252 97045
71 97046
859 97047
885 97048
459 97049
975 97050
265 97051
281 97052
4 97053
774 97054
347 97055
529 97056
419 97057
560 97058
83 97059
264 97060
404 97061
387 97062
219 97063
319 97064
184 97065
563 97066
996 97067
420 97068
716 97069
522 97070
991 97071
401 97072
612 97073
473 97074
18 97075
360 97076
700 97077
191 97078
172 97079
593 97080
561 97081
819 97082
885 97083
903 97084
454 97085
79 97086
842 97087
158 97088
709 97089
8 97090
97 97091
164 97092
986 97093
717 97094
238 97095
621 97096
169 97097
27 97098
632 97099
192 97100
762 97101
668 97102
168 97103
904 97104
614 97105
115 97106
557 97107
742 97108
806 97109
6 97110
510 97111
466 97112
466 97113
87 97114
301 97115
311 97116
807 97117
229 97118
758 97119
270 97120
81 97121
58 97122
93 97123
435 97124
261 97125
946 97126
300 97127
823 97128
608 97129
14 97130
703 97131
764 97132
758 97133
139 97134
89 97135
947 97136
390 97137
311 97138
179 97139
163 97140
65 97141
842 97142
879 97143
992 97144
411 97145
987 97146
891 97147
55 97148
601 97149
816 97150
433 97151
89 97152
268 97153
586 97154
618 97155
753 97156
239 97157
180 97158
701 97159
611 97160
358 97161
789 97162
804 97163
499 97164
144 97165
141 97166
969 97167
197 97168
506 97169
892 97170
467 97171
325 97172
585 97173
432 97174
830 97175
752 97176
808 97177
532 97178
251 97179
534 97180
909 97181
105 97182
598 97183
862 97184
673 97185
728 97186
457 97187
268 97188
19 97189
804 97190
761 97191
378 97192
483 97193
184 97194
704 97195
279 97196
886 97197
38 97198
150 97199
544 97200
224 97201
486 97202
96 97203
220 97204
701 97205
74 97206
639 97207
495 97208
569 97209
384 97210
812 97211
258 97212
80 97213
968 97214
984 97215
270 97216
704 97217
733 97218
233 97219
525 97220
971 97221
723 97222
552 97223
473 97224
337 97225
361 97226
840 97227
242 97228
569 97229
274 97230
389 97231
960 97232
899 97233
601 97234
609 97235
570 97236
803 97237
787 97238
960 97239
481 97240
700 97241
804 97242
559 97243
487 97244
213 97245
149 97246
31 97247
375 97248
785 97249
72 97250
255 97251
476 97252
757 97253
670 97254
232 97255
41 97256
381 97257
950 97258
938 97259
944 97260
170 97261
689 97262
561 97263
725 97264
546 97265
410 97266
786 97267
797 97268
916 97269
4 97270
114 97271
527 97272
452 97273
308 97274
68 97275
49 97276
299 97277
570 97278
748 97279
461 97280
575 97281
330 97282
580 97283
639 97284
991 97285
741 97286
525 97287
245 97288
46 97289
9 97290
589 97291
822 97292
465 97293
94 97294
178 97295
190 97296
664 97297
197 97298
136 97299
991 97300
355 97301
662 97302
952 97303
142 97304
686 97305
332 97306
702 97307
421 97308
675 97309
271 97310
942 97311
818 97312
91 97313
665 97314
291 97315
46 97316
191 97317
236 97318
568 97319
230 97320
164 97321
681 97322
990 97323
120 97324
929 97325
397 97326
217 97327
94 97328
964 97329
99 97330
328 97331
821 97332
957 97333
423 97334
480 97335
254 97336
144 97337
822 97338
343 97339
529 97340
398 97341
607 97342
550 97343
233 97344
713 97345
699 97346
22 97347
981 97348
449 97349
962 97350
50 97351
541 97352
374 97353
862 97354
873 97355
586 97356
268 97357
240 97358
824 97359
134 97360
299 97361
95 97362
639 97363
707 97364
260 97365
238 97366
660 97367
727 97368
196 97369
775 97370
201 97371
834 97372
885 97373
513 97374
171 97375
938 97376
462 97377
905 97378
231 97379
823 97380
489 97381
315 97382
92 97383
242 97384
867 97385
929 97386
6 97387
439 97388
730 97389
881 97390
877 97391
383 97392
757 97393
766 97394
47 97395
381 97396
720 97397
597 97398
834 97399
969 97400
859 97401
283 97402
261 97403
773 97404
362 97405
643 97406
305 97407
703 97408
202 97409
535 97410
587 97411
236 97412
900 97413
760 97414
498 97415
333 97416
86 97417
168 97418
570 97419
646 97420
566 97421
359 97422
396 97423
871 97424
428 97425
833 97426
983 97427
662 97428
524 97429
434 97430
186 97431
886 97432
993 97433
459 97434
536 97435
694 97436
888 97437
322 97438
467 97439
22 97440
108 97441
657 97442
175 97443
471 97444
499 97445
214 97446
196 97447
784 97448
744 97449
472 97450
485 97451
511 97452
42 97453
501 97454
158 97455
753 97456
414 97457
880 97458
558 97459
542 97460
155 97461
394 97462
888 97463
25 97464
325 97465
174 97466
891 97467
335 97468
805 97469
227 97470
161 97471
122 97472
697 97473
291 97474
586 97475
213 97476
836 97477
584 97478
479 97479
972 97480
591 97481
182 97482
724 97483
441 97484
814 97485
586 97486
186 97487
405 97488
22 97489
523 97490
668 97491
433 97492
884 97493
550 97494
945 97495
607 97496
767 97497
103 97498
606 97499
279 97500
579 97501
747 97502
656 97503
665 97504
591 97505
887 97506
509 97507
500 97508
223 97509
420 97510
584 97511
620 97512
430 97513
992 97514
917 97515
988 97516
778 97517
900 97518
723 97519
887 97520
497 97521
253 97522
357 97523
500 97524
593 97525
581 97526
420 97527
220 97528
30 97529
962 97530
12 97531
873 97532
217 97533
778 97534
671 97535
372 97536
718 97537
657 97538
643 97539
702 97540
204 97541
362 97542
1000 97543
985 97544
600 97545
72 97546
693 97547
492 97548
797 97549
854 97550
36 97551
528 97552
791 97553
110 97554
197 97555
984 97556
252 97557
666 97558
895 97559
448 97560
848 97561
887 97562
447 97563
301 97564
651 97565
660 97566
906 97567
78 97568
806 97569
781 97570
984 97571
31 97572
363 97573
37 97574
471 97575
750 97576
411 97577
577 97578
793 97579
165 97580
616 97581
508 97582
439 97583
483 97584
674 97585
782 97586
810 97587
860 97588
669 97589
893 97590
527 97591
664 97592
519 97593
157 97594
139 97595
160 97596
373 97597
768 97598
464 97599
26 97600
267 97601
40 97602
918 97603
127 97604
135 97605
760 97606
639 97607
613 97608
765 97609
58 97610
150 97611
610 97612
943 97613
682 97614
554 97615
743 97616
222 97617
335 97618
372 97619
85 97620
647 97621
313 97622
738 97623
353 97624
838 97625
600 97626
274 97627
236 97628
775 97629
912 97630
930 97631
995 97632
608 97633
414 97634
54 97635
398 97636
959 97637
534 97638
23 97639
18 97640
979 97641
333 97642
574 97643
622 97644
666 97645
113 97646
989 97647
835 97648
643 97649
407 97650
504 97651
388 97652
21 97653
856 97654
935 97655
845 97656
954 97657
512 97658
991 97659
934 97660
623 97661
838 97662
907 97663
337 97664
874 97665
760 97666
803 97667
130 97668
44 97669
781 97670
888 97671
418 97672
471 97673
924 97674
846 97675
261 97676
441 97677
662 97678
70 97679
873 97680
817 97681
725 97682
30 97683
862 97684
864 97685
108 97686
58 97687
59 97688
90 97689
749 97690
434 97691
959 97692
580 97693
949 97694
877 97695
536 97696
588 97697
614 97698
91 97699
913 97700
201 97701
438 97702
111 97703
507 97704
437 97705
574 97706
436 97707
16 97708
704 97709
321 97710
295 97711
365 97712
1000 97713
410 97714
70 97715
861 97716
719 97717
964 97718
402 97719
643 97720
237 97721
160 97722
518 97723
98 97724
176 97725
11 97726
775 97727
657 97728
134 97729
319 97730
995 97731
795 97732
523 97733
653 97734
57 97735
418 97736
888 97737
900 97738
828 97739
97 97740
103 97741
70 97742
456 97743
993 97744
971 97745
94 97746
175 97747
198 97748
735 97749
980 97750
61 97751
668 97752
598 97753
838 97754
84 97755
457 97756
278 97757
491 97758
166 97759
863 97760
292 97761
108 97762
229 97763
244 97764
38 97765
937 97766
472 97767
248 97768
11 97769
740 97770
829 97771
903 97772
930 97773
875 97774
574 97775
945 97776
709 97777
697 97778
312 97779
216 97780
822 97781
37 97782
354 97783
999 97784
919 97785
980 97786
694 97787
541 97788
507 97789
178 97790
945 97791
580 97792
177 97793
608 97794
969 97795
377 97796
671 97797
817 97798
911 97799
873 97800
799 97801
376 97802
309 97803
867 97804
550 97805
363 97806
324 97807
924 97808
92 97809
498 97810
895 97811
225 97812
517 97813
436 97814
535 97815
243 97816
190 97817
483 97818
173 97819
22 97820
476 97821
439 97822
929 97823
779 97824
331 97825
111 97826
841 97827
238 97828
173 97829
734 97830
347 97831
230 97832
124 97833
118 97834
750 97835
380 97836
738 97837
568 97838
74 97839
935 97840
516 97841
582 97842
171 97843
457 97844
918 97845
468 97846
99 97847
1000 97848
154 97849
80 97850
747 97851
279 97852
510 97853
561 97854
347 97855
806 97856
354 97857
551 97858
919 97859
147 97860
430 97861
528 97862
208 97863
70 97864
835 97865
455 97866
183 97867
57 97868
545 97869
145 97870
222 97871
269 97872
306 97873
221 97874
449 97875
404 97876
979 97877
450 97878
375 97879
985 97880
767 97881
915 97882
614 97883
182 97884
589 97885
250 97886
208 97887
376 97888
494 97889
667 97890
585 97891
344 97892
127 97893
981 97894
976 97895
802 97896
918 97897
132 97898
937 97899
803 97900
887 97901
179 97902
954 97903
935 97904
167 97905
10 97906
119 97907
520 97908
810 97909
526 97910
22 97911
2 97912
843 97913
438 97914
344 97915
645 97916
978 97917
305 97918
776 97919
832 97920
443 97921
551 97922
916 97923
170 97924
762 97925
36 97926
575 97927
686 97928
204 97929
834 97930
347 97931
165 97932
778 97933
73 97934
294 97935
565 97936
485 97937
610 97938
927 97939
138 97940
330 97941
177 97942
324 97943
931 97944
351 97945
216 97946
505 97947
6 97948
25 97949
716 97950
178 97951
353 97952
11 97953
161 97954
289 97955
23 97956
964 97957
994 97958
266 97959
772 97960
435 97961
570 97962
24 97963
471 97964
247 97965
943 97966
276 97967
327 97968
244 97969
305 97970
293 97971
348 97972
289 97973
632 97974
265 97975
998 97976
353 97977
965 97978
698 97979
726 97980
677 97981
224 97982
328 97983
909 97984
674 97985
605 97986
423 97987
772 97988
676 97989
960 97990
465 97991
46 97992
660 97993
975 97994
512 97995
780 97996
287 97997
307 97998
592 97999
483 98000
528 98001
889 98002
334 98003
103 98004
613 98005
199 98006
563 98007
960 98008
728 98009
718 98010
592 98011
55 98012
891 98013
562 98014
773 98015
178 98016
496 98017
575 98018
721 98019
989 98020
277 98021
404 98022
105 98023
83 98024
379 98025
255 98026
333 98027
577 98028
827 98029
138 98030
269 98031
584 98032
288 98033
384 98034
109 98035
105 98036
705 98037
870 98038
184 98039
204 98040
324 98041
770 98042
799 98043
15 98044
678 98045
226 98046
37 98047
184 98048
215 98049
755 98050
527 98051
827 98052
639 98053
862 98054
97 98055
827 98056
994 98057
755 98058
215 98059
533 98060
563 98061
765 98062
556 98063
416 98064
42 98065
935 98066
973 98067
911 98068
85 98069
419 98070
751 98071
739 98072
326 98073
882 98074
877 98075
397 98076
891 98077
313 98078
444 98079
306 98080
191 98081
220 98082
289 98083
335 98084
175 98085
528 98086
305 98087
141 98088
844 98089
748 98090
81 98091
541 98092
872 98093
695 98094
539 98095
301 98096
826 98097
833 98098
497 98099
793 98100
892 98101
532 98102
61 98103
311 98104
159 98105
64 98106
291 98107
206 98108
322 98109
881 98110
97 98111
444 98112
926 98113
101 98114
943 98115
459 98116
884 98117
243 98118
371 98119
372 98120
426 98121
31 98122
621 98123
392 98124
932 98125
502 98126
650 98127
222 98128
317 98129
398 98130
545 98131
708 98132
46 98133
925 98134
379 98135
373 98136
662 98137
256 98138
573 98139
678 98140
246 98141
469 98142
222 98143
224 98144
910 98145
819 98146
286 98147
700 98148
388 98149
739 98150
475 98151
51 98152
768 98153
708 98154
337 98155
919 98156
284 98157
119 98158
462 98159
380 98160
351 98161
569 98162
929 98163
985 98164
308 98165
131 98166
313 98167
65 98168
631 98169
524 98170
731 98171
272 98172
36 98173
654 98174
551 98175
285 98176
761 98177
770 98178
883 98179
848 98180
467 98181
244 98182
827 98183
836 98184
756 98185
66 98186
620 98187
267 98188
890 98189
59 98190
213 98191
102 98192
53 98193
842 98194
165 98195
564 98196
793 98197
766 98198
157 98199
782 98200
927 98201
490 98202
207 98203
603 98204
156 98205
981 98206
574 98207
993 98208
338 98209
883 98210
219 98211
486 98212
890 98213
887 98214
158 98215
765 98216
418 98217
118 98218
497 98219
421 98220
512 98221
866 98222
42 98223
850 98224
701 98225
56 98226
610 98227
288 98228
641 98229
176 98230
193 98231
604 98232
118 98233
853 98234
125 98235
751 98236
698 98237
988 98238
927 98239
832 98240
580 98241
773 98242
399 98243
730 98244
804 98245
711 98246
477 98247
466 98248
956 98249
672 98250
350 98251
587 98252
782 98253
892 98254
964 98255
47 98256
633 98257
387 98258
796 98259
656 98260
147 98261
244 98262
505 98263
919 98264
206 98265
359 98266
335 98267
487 98268
49 98269
747 98270
520 98271
742 98272
856 98273
857 98274
801 98275
270 98276
973 98277
146 98278
816 98279
688 98280
282 98281
49 98282
716 98283
16 98284
667 98285
886 98286
967 98287
178 98288
513 98289
933 98290
283 98291
611 98292
396 98293
142 98294
609 98295
796 98296
186 98297
89 98298
271 98299
180 98300
359 98301
221 98302
112 98303
15 98304
591 98305
96 98306
10 98307
310 98308
850 98309
345 98310
749 98311
234 98312
628 98313
866 98314
706 98315
212 98316
612 98317
35 98318
657 98319
228 98320
276 98321
421 98322
861 98323
914 98324
273 98325
362 98326
894 98327
159 98328
561 98329
601 98330
194 98331
780 98332
63 98333
37 98334
49 98335
932 98336
415 98337
927 98338
467 98339
930 98340
487 98341
166 98342
146 98343
424 98344
318 98345
927 98346
489 98347
124 98348
395 98349
81 98350
770 98351
765 98352
739 98353
489 98354
229 98355
641 98356
119 98357
281 98358
623 98359
202 98360
672 98361
816 98362
736 98363
890 98364
640 98365
711 98366
814 98367
420 98368
708 98369
543 98370
811 98371
824 98372
733 98373
321 98374
229 98375
244 98376
152 98377
924 98378
214 98379
635 98380
275 98381
172 98382
18 98383
305 98384
720 98385
671 98386
648 98387
284 98388
576 98389
752 98390
940 98391
795 98392
798 98393
586 98394
921 98395
113 98396
731 98397
64 98398
398 98399
185 98400
650 98401
102 98402
526 98403
926 98404
409 98405
846 98406
407 98407
979 98408
110 98409
225 98410
341 98411
237 98412
951 98413
14 98414
557 98415
362 98416
776 98417
904 98418
628 98419
428 98420
317 98421
880 98422
926 98423
592 98424
360 98425
597 98426
731 98427
845 98428
125 98429
995 98430
45 98431
406 98432
117 98433
409 98434
502 98435
665 98436
425 98437
697 98438
359 98439
960 98440
562 98441
283 98442
435 98443
428 98444
568 98445
275 98446
778 98447
89 98448
880 98449
94 98450
703 98451
751 98452
210 98453
576 98454
81 98455
402 98456
81 98457
865 98458
257 98459
181 98460
127 98461
153 98462
332 98463
973 98464
730 98465
634 98466
601 98467
158 98468
623 98469
541 98470
343 98471
949 98472
862 98473
453 98474
438 98475
256 98476
684 98477
533 98478
992 98479
22 98480
573 98481
859 98482
876 98483
893 98484
662 98485
965 98486
298 98487
273 98488
823 98489
107 98490
338 98491
527 98492
829 98493
85 98494
449 98495
543 98496
300 98497
498 98498
613 98499
795 98500
743 98501
377 98502
767 98503
753 98504
594 98505
908 98506
456 98507
647 98508
34 98509
531 98510
512 98511
914 98512
689 98513
964 98514
305 98515
370 98516
715 98517
599 98518
476 98519
562 98520
522 98521
42 98522
458 98523
576 98524
63 98525
340 98526
931 98527
627 98528
332 98529
215 98530
879 98531
905 98532
516 98533
356 98534
647 98535
783 98536
287 98537
590 98538
566 98539
550 98540
311 98541
135 98542
400 98543
148 98544
217 98545
144 98546
836 98547
36 98548
84 98549
471 98550
609 98551
88 98552
221 98553
110 98554
928 98555
167 98556
819 98557
18 98558
725 98559
924 98560
663 98561
240 98562
533 98563
675 98564
743 98565
886 98566
621 98567
981 98568
315 98569
234 98570
30 98571
667 98572
790 98573
34 98574
305 98575
916 98576
646 98577
116 98578
379 98579
304 98580
610 98581
612 98582
518 98583
452 98584
43 98585
626 98586
572 98587
994 98588
79 98589
117 98590
632 98591
831 98592
273 98593
677 98594
452 98595
685 98596
215 98597
997 98598
61 98599
615 98600
336 98601
18 98602
135 98603
841 98604
30 98605
632 98606
807 98607
206 98608
450 98609
545 98610
123 98611
548 98612
756 98613
652 98614
288 98615
796 98616
273 98617
986 98618
201 98619
942 98620
276 98621
463 98622
913 98623
563 98624
938 98625
793 98626
629 98627
577 98628
535 98629
119 98630
813 98631
407 98632
892 98633
12 98634
524 98635
874 98636
786 98637
143 98638
357 98639
850 98640
564 98641
45 98642
105 98643
565 98644
425 98645
771 98646
714 98647
544 98648
333 98649
234 98650
660 98651
721 98652
109 98653
315 98654
560 98655
915 98656
198 98657
816 98658
221 98659
25 98660
79 98661
278 98662
671 98663
647 98664
723 98665
1 98666
386 98667
358 98668
428 98669
932 98670
649 98671
985 98672
958 98673
8 98674
178 98675
333 98676
126 98677
728 98678
367 98679
293 98680
539 98681
211 98682
345 98683
44 98684
862 98685
964 98686
82 98687
485 98688
22 98689
6 98690
545 98691
508 98692
446 98693
884 98694
297 98695
531 98696
46 98697
29 98698
79 98699
44 98700
514 98701
727 98702
466 98703
392 98704
490 98705
111 98706
489 98707
10 98708
21 98709
779 98710
28 98711
18 98712
307 98713
613 98714
16 98715
953 98716
84 98717
548 98718
256 98719
844 98720
388 98721
605 98722
393 98723
725 98724
685 98725
960 98726
149 98727
493 98728
955 98729
328 98730
323 98731
109 98732
979 98733
585 98734
555 98735
232 98736
979 98737
885 98738
768 98739
933 98740
910 98741
677 98742
196 98743
798 98744
805 98745
44 98746
337 98747
621 98748
328 98749
589 98750
50 98751
90 98752
523 98753
754 98754
804 98755
442 98756
354 98757
140 98758
584 98759
542 98760
397 98761
44 98762
985 98763
788 98764
796 98765
369 98766
268 98767
509 98768
998 98769
10 98770
869 98771
334 98772
700 98773
384 98774
912 98775
170 98776
133 98777
784 98778
451 98779
771 98780
662 98781
431 98782
962 98783
25 98784
994 98785
280 98786
590 98787
371 98788
274 98789
131 98790
558 98791
115 98792
370 98793
314 98794
17 98795
903 98796
394 98797
555 98798
723 98799
240 98800
30 98801
618 98802
422 98803
416 98804
704 98805
470 98806
414 98807
901 98808
791 98809
566 98810
641 98811
768 98812
861 98813
731 98814
148 98815
63 98816
976 98817
209 98818
151 98819
50 98820
922 98821
640 98822
277 98823
443 98824
46 98825
803 98826
451 98827
885 98828
293 98829
574 98830
121 98831
830 98832
165 98833
928 98834
838 98835
789 98836
333 98837
38 98838
433 98839
529 98840
861 98841
712 98842
991 98843
907 98844
846 98845
665 98846
286 98847
588 98848
711 98849
8 98850
90 98851
195 98852
849 98853
310 98854
652 98855
179 98856
228 98857
219 98858
467 98859
392 98860
785 98861
345 98862
220 98863
311 98864
748 98865
333 98866
583 98867
33 98868
87 98869
404 98870
254 98871
413 98872
418 98873
122 98874
783 98875
164 98876
992 98877
809 98878
811 98879
880 98880
195 98881
5 98882
985 98883
370 98884
587 98885
262 98886
866 98887
546 98888
753 98889
732 98890
670 98891
84 98892
28 98893
345 98894
33 98895
112 98896
81 98897
613 98898
525 98899
215 98900
768 98901
610 98902
981 98903
141 98904
738 98905
702 98906
512 98907
864 98908
909 98909
791 98910
406 98911
588 98912
98 98913
212 98914
222 98915
824 98916
315 98917
864 98918
820 98919
773 98920
483 98921
643 98922
244 98923
433 98924
172 98925
166 98926
933 98927
705 98928
849 98929
419 98930
325 98931
737 98932
484 98933
943 98934
354 98935
418 98936
394 98937
771 98938
771 98939
36 98940
190 98941
933 98942
762 98943
984 98944
83 98945
143 98946
816 98947
886 98948
841 98949
126 98950
450 98951
927 98952
774 98953
758 98954
125 98955
872 98956
595 98957
297 98958
890 98959
394 98960
131 98961
778 98962
218 98963
994 98964
415 98965
335 98966
255 98967
849 98968
780 98969
154 98970
734 98971
104 98972
662 98973
800 98974
800 98975
433 98976
352 98977
803 98978
818 98979
865 98980
959 98981
200 98982
708 98983
927 98984
554 98985
281 98986
752 98987
704 98988
584 98989
944 98990
59 98991
60 98992
460 98993
478 98994
876 98995
659 98996
614 98997
530 98998
60 98999
840 99000
172 99001
228 99002
413 99003
221 99004
381 99005
484 99006
449 99007
431 99008
509 99009
383 99010
21 99011
487 99012
246 99013
104 99014
723 99015
515 99016
538 99017
484 99018
881 99019
134 99020
992 99021
73 99022
305 99023
982 99024
984 99025
856 99026
521 99027
436 99028
855 99029
590 99030
414 99031
374 99032
743 99033
254 99034
85 99035
815 99036
800 99037
138 99038
522 99039
134 99040
905 99041
362 99042
919 99043
480 99044
572 99045
694 99046
211 99047
409 99048
637 99049
287 99050
61 99051
642 99052
360 99053
782 99054
895 99055
137 99056
767 99057
700 99058
307 99059
48 99060
37 99061
738 99062
747 99063
444 99064
574 99065
687 99066
237 99067
831 99068
563 99069
30 99070
89 99071
480 99072
591 99073
597 99074
77 99075
115 99076
928 99077
739 99078
167 99079
179 99080
376 99081
754 99082
85 99083
643 99084
927 99085
95 99086
982 99087
509 99088
876 99089
226 99090
384 99091
881 99092
794 99093
748 99094
680 99095
53 99096
692 99097
115 99098
755 99099
210 99100
684 99101
639 99102
459 99103
174 99104
703 99105
285 99106
815 99107
102 99108
751 99109
88 99110
333 99111
708 99112
737 99113
434 99114
113 99115
528 99116
829 99117
709 99118
676 99119
127 99120
832 99121
520 99122
608 99123
816 99124
807 99125
461 99126
904 99127
445 99128
573 99129
53 99130
516 99131
333 99132
879 99133
354 99134
735 99135
491 99136
424 99137
105 99138
520 99139
41 99140
705 99141
707 99142
180 99143
788 99144
144 99145
311 99146
915 99147
805 99148
645 99149
374 99150
314 99151
533 99152
217 99153
700 99154
626 99155
732 99156
184 99157
258 99158
244 99159
100 99160
105 99161
872 99162
208 99163
530 99164
841 99165
90 99166
563 99167
46 99168
848 99169
417 99170
111 99171
19 99172
520 99173
741 99174
299 99175
215 99176
492 99177
444 99178
90 99179
737 99180
939 99181
153 99182
857 99183
527 99184
395 99185
559 99186
767 99187
587 99188
119 99189
61 99190
663 99191
103 99192
899 99193
123 99194
303 99195
772 99196
547 99197
764 99198
535 99199
353 99200
974 99201
818 99202
830 99203
802 99204
985 99205
833 99206
974 99207
478 99208
616 99209
658 99210
198 99211
801 99212
116 99213
713 99214
534 99215
741 99216
169 99217
44 99218
600 99219
493 99220
821 99221
328 99222
92 99223
605 99224
647 99225
355 99226
369 99227
697 99228
577 99229
423 99230
399 99231
971 99232
787 99233
683 99234
692 99235
780 99236
179 99237
491 99238
842 99239
92 99240
754 99241
49 99242
525 99243
387 99244
97 99245
475 99246
295 99247
468 99248
699 99249
857 99250
537 99251
27 99252
210 99253
245 99254
967 99255
648 99256
809 99257
927 99258
852 99259
954 99260
72 99261
643 99262
689 99263
943 99264
636 99265
71 99266
435 99267
793 99268
395 99269
185 99270
394 99271
118 99272
882 99273
579 99274
755 99275
434 99276
827 99277
268 99278
246 99279
858 99280
729 99281
372 99282
932 99283
340 99284
536 99285
984 99286
393 99287
827 99288
475 99289
687 99290
726 99291
15 99292
454 99293
401 99294
756 99295
927 99296
246 99297
587 99298
563 99299
308 99300
831 99301
758 99302
902 99303
175 99304
618 99305
414 99306
808 99307
178 99308
671 99309
771 99310
464 99311
402 99312
993 99313
534 99314
968 99315
860 99316
231 99317
435 99318
858 99319
350 99320
72 99321
826 99322
523 99323
365 99324
993 99325
773 99326
687 99327
944 99328
791 99329
577 99330
518 99331
625 99332
303 99333
207 99334
957 99335
351 99336
452 99337
942 99338
112 99339
663 99340
215 99341
272 99342
225 99343
630 99344
203 99345
179 99346
564 99347
227 99348
803 99349
388 99350
921 99351
103 99352
55 99353
458 99354
973 99355
971 99356
114 99357
495 99358
419 99359
740 99360
600 99361
356 99362
264 99363
971 99364
341 99365
291 99366
233 99367
261 99368
652 99369
195 99370
432 99371
73 99372
594 99373
908 99374
784 99375
266 99376
134 99377
826 99378
212 99379
316 99380
952 99381
304 99382
711 99383
264 99384
812 99385
212 99386
124 99387
463 99388
780 99389
845 99390
114 99391
79 99392
897 99393
105 99394
872 99395
821 99396
595 99397
737 99398
298 99399
802 99400
35 99401
423 99402
693 99403
919 99404
867 99405
77 99406
539 99407
79 99408
789 99409
129 99410
122 99411
260 99412
454 99413
995 99414
965 99415
117 99416
190 99417
525 99418
420 99419
839 99420
192 99421
754 99422
87 99423
921 99424
389 99425
561 99426
739 99427
228 99428
399 99429
157 99430
973 99431
166 99432
317 99433
163 99434
493 99435
477 99436
217 99437
856 99438
106 99439
167 99440
151 99441
335 99442
859 99443
721 99444
252 99445
514 99446
253 99447
374 99448
322 99449
609 99450
291 99451
455 99452
745 99453
743 99454
231 99455
232 99456
560 99457
404 99458
776 99459
290 99460
25 99461
202 99462
963 99463
788 99464
88 99465
483 99466
900 99467
14 99468
129 99469
236 99470
239 99471
367 99472
936 99473
648 99474
417 99475
364 99476
509 99477
214 99478
553 99479
356 99480
661 99481
679 99482
268 99483
911 99484
80 99485
489 99486
952 99487
814 99488
475 99489
161 99490
466 99491
68 99492
831 99493
49 99494
63 99495
324 99496
354 99497
377 99498
103 99499
543 99500
93 99501
527 99502
792 99503
157 99504
484 99505
808 99506
591 99507
799 99508
92 99509
528 99510
509 99511
524 99512
248 99513
243 99514
373 99515
681 99516
301 99517
893 99518
316 99519
24 99520
305 99521
836 99522
166 99523
452 99524
544 99525
975 99526
911 99527
226 99528
876 99529
593 99530
304 99531
242 99532
464 99533
628 99534
251 99535
822 99536
328 99537
237 99538
574 99539
858 99540
853 99541
604 99542
974 99543
692 99544
723 99545
448 99546
730 99547
774 99548
751 99549
412 99550
954 99551
62 99552
852 99553
16 99554
442 99555
924 99556
281 99557
113 99558
618 99559
895 99560
849 99561
481 99562
188 99563
498 99564
519 99565
334 99566
973 99567
39 99568
866 99569
133 99570
816 99571
73 99572
415 99573
445 99574
295 99575
35 99576
504 99577
797 99578
682 99579
636 99580
854 99581
608 99582
613 99583
756 99584
1 99585
836 99586
40 99587
138 99588
474 99589
834 99590
437 99591
123 99592
236 99593
89 99594
596 99595
395 99596
347 99597
690 99598
344 99599
997 99600
760 99601
857 99602
955 99603
387 99604
304 99605
351 99606
77 99607
324 99608
940 99609
736 99610
180 99611
963 99612
59 99613
401 99614
824 99615
217 99616
22 99617
779 99618
406 99619
314 99620
705 99621
603 99622
641 99623
611 99624
195 99625
664 99626
53 99627
63 99628
689 99629
649 99630
128 99631
531 99632
235 99633
506 99634
576 99635
228 99636
121 99637
176 99638
979 99639
220 99640
310 99641
108 99642
472 99643
247 99644
456 99645
781 99646
995 99647
986 99648
751 99649
129 99650
365 99651
310 99652
742 99653
366 99654
347 99655
136 99656
685 99657
527 99658
651 99659
575 99660
940 99661
138 99662
501 99663
799 99664
412 99665
981 99666
309 99667
331 99668
518 99669
610 99670
350 99671
412 99672
986 99673
898 99674
54 99675
309 99676
570 99677
568 99678
858 99679
604 99680
611 99681
999 99682
886 99683
678 99684
299 99685
141 99686
10 99687
198 99688
815 99689
579 99690
863 99691
458 99692
834 99693
803 99694
589 99695
363 99696
968 99697
398 99698
227 99699
995 99700
683 99701
94 99702
978 99703
854 99704
189 99705
480 99706
681 99707
750 99708
913 99709
592 99710
303 99711
495 99712
401 99713
323 99714
921 99715
719 99716
407 99717
479 99718
720 99719
194 99720
702 99721
288 99722
91 99723
167 99724
715 99725
999 99726
191 99727
673 99728
823 99729
999 99730
192 99731
861 99732
997 99733
149 99734
316 99735
913 99736
655 99737
832 99738
199 99739
247 99740
693 99741
210 99742
122 99743
524 99744
261 99745
862 99746
325 99747
632 99748
598 99749
287 99750
797 99751
368 99752
658 99753
914 99754
139 99755
628 99756
463 99757
578 99758
786 99759
450 99760
618 99761
98 99762
266 99763
162 99764
616 99765
591 99766
154 99767
962 99768
791 99769
481 99770
551 99771
897 99772
888 99773
288 99774
305 99775
230 99776
583 99777
865 99778
245 99779
17 99780
866 99781
361 99782
836 99783
524 99784
95 99785
749 99786
431 99787
562 99788
725 99789
992 99790
174 99791
404 99792
752 99793
636 99794
209 99795
50 99796
686 99797
591 99798
344 99799
129 99800
149 99801
521 99802
261 99803
523 99804
950 99805
273 99806
419 99807
942 99808
572 99809
223 99810
428 99811
511 99812
988 99813
279 99814
462 99815
322 99816
760 99817
798 99818
487 99819
192 99820
745 99821
243 99822
963 99823
433 99824
19 99825
138 99826
958 99827
967 99828
124 99829
959 99830
39 99831
689 99832
841 99833
308 99834
774 99835
371 99836
935 99837
347 99838
362 99839
376 99840
192 99841
617 99842
498 99843
755 99844
685 99845
936 99846
57 99847
846 99848
903 99849
70 99850
607 99851
657 99852
590 99853
541 99854
144 99855
904 99856
577 99857
896 99858
333 99859
47 99860
373 99861
344 99862
94 99863
170 99864
180 99865
24 99866
830 99867
478 99868
918 99869
933 99870
208 99871
374 99872
677 99873
564 99874
743 99875
416 99876
311 99877
701 99878
955 99879
865 99880
699 99881
204 99882
164 99883
175 99884
879 99885
827 99886
39 99887
212 99888
566 99889
935 99890
489 99891
862 99892
766 99893
291 99894
448 99895
100 99896
310 99897
924 99898
581 99899
697 99900
496 99901
905 99902
350 99903
425 99904
345 99905
475 99906
548 99907
277 99908
144 99909
962 99910
953 99911
464 99912
653 99913
117 99914
426 99915
226 99916
287 99917
919 99918
297 99919
254 99920
292 99921
35 99922
153 99923
38 99924
833 99925
647 99926
364 99927
998 99928
834 99929
714 99930
233 99931
990 99932
414 99933
847 99934
396 99935
657 99936
38 99937
806 99938
783 99939
78 99940
434 99941
331 99942
392 99943
725 99944
423 99945
795 99946
478 99947
955 99948
479 99949
662 99950
514 99951
255 99952
315 99953
233 99954
746 99955
328 99956
783 99957
513 99958
132 99959
418 99960
531 99961
298 99962
770 99963
81 99964
439 99965
711 99966
703 99967
867 99968
364 99969
24 99970
360 99971
139 99972
360 99973
749 99974
240 99975
759 99976
22 99977
513 99978
758 99979
227 99980
999 99981
202 99982
226 99983
394 99984
570 99985
685 99986
426 99987
689 99988
608 99989
715 99990
270 99991
531 99992
208 99993
434 99994
585 99995
341 99996
849 99997
937 99998
440 99999
712 100000
