1000 10000 0
194 489 482
355 568 282
409 469 494
395 45 460
165 277 262
606 548 291
534 259 367
516 387 376
541 535 253
347 385 382
611 548 309
428 267 477
174 96 317
52 476 493
170 331 293
563 119 427
337 433 415
162 319 361
102 136 404
145 323 318
481 180 392
549 324 371
387 179 399
225 129 426
564 2 318
404 436 405
487 29 454
631 385 331
285 473 500
117 354 491
226 15 291
433 289 389
118 39 430
323 120 351
131 143 493
207 260 434
287 517 443
317 500 487
329 242 282
407 292 377
417 377 299
356 143 336
129 252 258
83 589 306
627 685 298
264 179 380
256 559 413
455 138 429
430 347 433
196 295 454
422 423 437
354 165 483
432 304 445
412 607 380
116 201 383
62 91 355
116 271 326
251 109 291
248 437 305
290 373 391
167 548 269
406 135 344
451 123 296
440 688 293
115 87 451
40 574 332
13 416 342
254 45 457
358 373 435
23 121 288
95 444 303
523 345 271
332 29 495
530 36 261
621 469 274
567 541 411
387 282 467
392 493 466
442 681 302
580 176 386
113 233 314
115 198 480
302 592 319
409 18 462
437 72 258
486 283 442
258 549 427
371 527 441
498 435 336
558 591 286
179 3 471
293 413 394
231 375 491
497 482 409
594 147 346
163 395 291
429 461 448
92 296 457
466 419 377
57 647 337
117 175 482
144 180 314
380 461 401
511 697 281
216 318 421
341 197 351
6 172 443
415 441 313
68 280 354
101 436 413
269 75 364
410 246 284
552 645 316
45 416 252
514 31 268
624 681 267
402 184 450
567 580 339
7 470 469
401 129 500
305 410 301
77 326 459
202 13 422
189 335 428
3 449 492
23 482 402
243 412 368
607 463 253
112 366 478
178 341 475
249 430 335
600 412 320
403 701 266
182 214 394
284 223 449
439 519 437
114 6 458
228 78 498
143 290 421
516 466 387
444 330 470
342 285 478
284 397 383
527 500 453
230 454 426
169 186 460
444 576 277
437 117 343
403 340 460
128 533 270
207 133 491
56 372 444
410 583 318
493 192 461
221 396 336
191 315 284
136 89 290
303 381 307
256 90 406
693 42 281
141 403 435
412 345 372
124 709 274
408 468 344
243 392 426
62 132 402
491 198 268
517 108 316
60 270 255
412 434 460
500 57 378
312 226 374
302 221 265
300 83 367
321 369 286
11 413 472
171 260 291
536 22 397
260 241 449
400 281 331
53 137 257
374 606 322
415 598 366
78 147 430
251 310 374
508 363 470
23 609 311
534 645 320
220 438 343
503 192 256
143 244 312
460 129 358
138 561 412
240 244 485
118 400 427
516 300 325
311 256 484
371 145 298
476 566 323
210 442 255
346 413 462
461 298 422
188 244 499
452 485 322
30 49 407
422 328 404
442 212 318
271 128 363
376 49 496
606 186 368
319 319 348
166 429 447
676 223 306
619 492 341
646 202 337
550 40 414
439 55 461
502 457 334
595 393 360
67 199 406
227 470 390
48 176 368
111 266 250
387 114 259
33 224 479
669 364 288
161 100 461
234 578 258
273 583 337
510 7 298
435 223 473
172 456 361
406 126 496
401 61 369
501 416 319
474 417 355
280 54 370
34 317 345
186 520 272
267 154 396
219 417 464
164 447 444
445 455 452
511 319 419
81 367 270
128 541 452
470 484 295
33 212 410
480 386 331
508 470 462
255 168 466
381 28 468
316 180 274
513 28 340
58 289 406
446 598 331
63 228 309
481 242 281
109 200 449
560 521 381
288 354 377
349 457 386
534 105 253
1 149 481
438 444 293
251 316 473
88 15 390
407 428 481
72 306 336
156 102 428
291 340 395
121 322 444
148 258 478
189 34 282
21 72 346
423 93 316
220 19 485
342 279 401
58 264 451
386 348 277
40 498 377
20 342 252
639 642 254
291 125 367
474 156 370
489 106 332
103 68 260
558 333 422
18 207 491
206 60 383
116 236 491
366 273 397
265 180 320
210 547 430
373 8 405
487 18 418
640 162 259
551 545 370
333 246 378
205 217 261
52 210 366
206 175 386
273 188 354
185 108 403
509 515 398
252 6 482
5 131 373
469 102 490
419 256 274
428 400 496
61 257 336
475 209 389
91 459 459
292 479 312
500 450 355
441 180 321
248 439 263
506 612 318
284 98 363
388 429 462
41 254 450
135 246 450
338 237 483
34 106 388
497 143 264
147 130 455
358 497 264
445 306 467
362 299 263
142 121 354
36 69 444
531 108 380
485 366 447
494 293 322
559 588 398
73 259 453
337 199 463
50 107 374
406 82 384
57 6 320
109 464 439
76 508 433
148 92 460
482 13 424
525 121 294
196 342 489
18 157 473
423 490 418
143 338 400
605 47 334
201 480 448
324 387 331
80 452 310
477 449 332
310 379 291
578 176 301
614 445 367
89 650 271
233 467 357
101 477 479
202 442 476
557 7 345
557 466 328
364 350 278
366 52 453
376 296 492
364 395 317
491 606 290
357 329 412
496 199 312
149 238 452
442 199 352
72 256 436
62 272 349
485 263 323
498 632 341
670 247 292
241 427 426
131 623 309
264 432 366
467 230 420
109 214 458
465 352 428
407 162 482
542 348 351
54 406 311
678 269 295
73 591 344
207 46 250
104 597 270
474 381 398
252 38 497
307 498 251
306 226 419
510 491 272
84 570 348
625 483 254
522 165 419
13 384 253
524 34 368
506 289 431
80 3 484
600 528 365
58 499 318
45 463 417
352 408 451
411 440 274
530 500 297
189 88 491
331 103 486
123 258 458
43 297 360
83 354 268
598 246 284
90 673 263
36 383 482
544 533 293
118 468 432
395 318 266
262 521 319
279 51 497
361 403 497
304 391 436
35 380 322
86 317 423
278 281 332
625 278 284
477 325 434
188 609 255
449 123 270
277 600 362
308 138 409
550 58 409
240 124 407
267 546 290
456 575 253
112 306 432
443 185 416
491 136 355
160 469 462
219 100 428
126 579 317
554 84 362
421 387 410
241 155 380
136 38 261
217 493 282
427 176 447
329 487 431
469 293 341
393 114 487
449 540 377
425 538 445
1 131 361
260 87 322
240 599 361
302 537 296
334 156 498
279 416 402
211 431 409
447 483 470
50 315 406
270 3 486
213 510 390
347 178 328
2 165 371
280 399 417
469 581 393
613 124 265
70 303 280
446 541 300
545 612 251
48 434 442
556 491 385
203 396 338
264 111 378
130 264 286
55 86 433
73 364 402
317 30 456
22 446 303
632 367 316
261 334 484
584 215 347
32 362 462
198 425 361
135 6 464
75 398 465
322 101 351
649 27 335
167 9 410
146 207 401
391 414 442
588 591 381
229 284 441
29 304 428
16 589 278
411 334 465
297 145 445
294 625 299
216 339 328
57 393 436
562 166 379
200 309 294
179 320 457
485 285 383
207 50 420
516 120 252
259 159 279
23 221 433
431 409 351
594 166 352
4 448 356
115 588 279
700 137 252
247 5 404
138 37 489
455 492 397
9 276 267
184 395 484
555 360 421
144 602 379
551 407 443
86 509 366
432 244 403
492 368 438
466 337 337
485 102 438
667 433 273
75 121 439
179 281 498
194 248 394
162 510 381
461 524 423
2 221 494
169 190 418
223 326 434
109 84 382
394 597 339
557 86 428
686 426 264
422 479 264
335 203 381
523 646 344
374 89 469
443 334 479
401 566 255
475 36 457
437 31 418
202 87 448
247 235 275
370 220 335
471 496 446
137 598 295
160 206 380
198 48 431
23 74 437
387 567 318
49 492 451
4 183 393
362 406 364
497 319 418
445 550 433
410 650 328
8 495 259
596 67 374
95 406 275
152 485 431
177 639 348
549 231 427
417 105 432
477 427 277
79 315 441
41 625 363
355 133 316
445 371 254
117 430 459
46 145 487
118 42 364
373 388 410
498 275 254
275 375 474
277 30 371
476 307 343
487 402 284
227 119 485
52 61 422
187 449 486
301 161 412
42 471 397
320 301 473
349 22 429
375 296 445
426 310 409
503 431 451
383 311 455
509 168 468
366 9 362
342 221 401
482 445 486
270 355 380
476 574 366
235 421 287
221 390 388
380 535 316
120 426 347
217 273 411
630 64 335
249 425 394
375 18 324
192 615 263
229 626 365
158 51 473
112 627 295
343 214 250
420 287 422
91 245 478
234 191 491
349 162 474
331 25 479
331 156 407
76 406 499
465 398 264
178 200 430
676 53 271
173 380 495
418 440 318
320 122 372
85 206 332
329 122 480
20 260 421
651 653 310
596 22 348
273 255 320
123 136 383
35 96 323
260 93 478
366 165 413
231 422 353
333 359 288
498 138 442
374 213 438
365 390 287
146 97 315
516 101 300
273 404 413
54 259 316
503 112 344
138 548 419
32 441 362
240 31 459
273 218 472
192 407 302
701 29 288
204 6 348
146 135 339
485 196 467
501 425 398
371 132 494
32 483 317
633 8 357
393 86 452
431 293 272
214 170 433
130 305 388
549 545 399
179 421 357
199 104 478
313 26 317
658 353 280
129 435 438
389 514 420
135 449 328
29 302 310
204 83 458
218 45 493
157 158 303
223 355 440
558 17 414
402 236 258
560 530 346
54 212 306
102 614 258
319 228 280
376 76 423
69 84 460
390 472 413
273 68 339
589 570 330
300 461 423
154 349 480
505 513 450
558 451 329
277 253 432
225 127 401
561 435 297
528 310 308
616 361 370
331 551 361
382 370 405
438 551 378
363 92 396
643 656 287
703 342 265
546 360 384
256 630 277
242 371 432
57 260 395
83 399 454
33 2 333
510 106 270
440 497 355
411 102 471
335 499 326
168 381 299
505 563 261
111 258 283
209 34 469
272 580 408
265 543 404
207 48 255
515 164 467
677 347 302
409 637 346
472 314 322
33 332 366
575 343 322
368 322 479
30 82 312
200 469 394
288 147 447
584 70 332
350 569 343
257 574 286
9 481 428
16 202 293
29 54 331
259 531 416
158 200 385
501 164 259
227 252 299
221 373 382
109 669 274
345 184 345
712 220 272
80 124 297
602 231 333
298 309 359
447 282 338
307 368 451
469 191 498
336 449 491
156 401 425
44 293 418
688 681 269
112 241 335
162 129 355
59 509 443
28 2 436
164 155 460
30 488 481
285 312 490
574 209 374
103 332 290
524 288 331
242 194 321
7 603 342
267 199 438
492 59 372
395 322 427
197 496 366
189 525 374
567 151 321
243 320 479
588 208 350
476 519 381
359 37 498
684 534 283
392 219 270
251 501 425
85 449 323
610 333 353
236 241 353
399 432 389
639 259 311
531 33 270
371 104 418
127 439 391
171 11 395
125 136 312
451 533 345
29 618 351
111 153 297
37 34 393
451 667 288
103 488 310
208 219 461
118 81 395
470 269 432
11 543 422
44 432 458
711 315 283
222 26 412
468 636 356
312 364 332
505 620 319
223 287 403
307 202 486
562 229 402
46 385 413
219 336 379
455 57 484
167 430 477
96 651 304
228 275 480
463 302 338
513 210 379
681 713 259
447 704 259
630 172 252
184 39 393
7 369 398
146 83 399
452 88 252
650 696 280
440 479 339
375 474 275
67 514 393
226 168 486
126 481 491
190 559 387
125 220 450
191 79 474
224 569 294
61 210 472
441 385 471
184 425 454
459 275 467
556 430 313
237 143 309
399 230 324
395 65 477
407 115 288
472 54 359
233 288 344
75 438 288
242 116 364
644 540 308
417 491 489
625 160 336
263 423 354
91 292 254
158 6 333
59 232 481
17 82 289
113 565 298
220 410 365
284 148 469
471 520 308
605 101 276
383 148 430
435 195 260
361 476 345
316 609 312
523 1 320
111 222 500
244 358 492
643 433 264
373 174 304
124 230 401
209 298 319
592 226 337
23 579 390
566 553 308
493 285 477
142 166 264
135 313 430
308 504 449
166 373 361
299 534 383
109 242 488
92 428 260
261 576 392
644 63 266
653 599 309
480 371 481
236 503 260
29 267 313
71 441 346
395 414 327
325 636 345
213 309 413
256 102 429
417 404 416
273 396 464
249 56 408
517 432 425
391 422 261
8 172 474
486 79 491
457 330 421
343 669 288
497 604 254
119 31 420
166 196 294
201 531 377
73 50 379
447 392 452
437 434 303
34 440 385
140 373 458
253 79 289
692 660 253
504 103 411
13 429 467
196 362 333
406 487 498
469 657 256
160 272 443
54 107 470
266 711 278
356 164 484
264 291 422
601 322 289
210 302 401
87 105 446
330 163 460
240 513 299
364 215 346
65 489 371
501 694 297
145 50 451
8 541 439
298 156 315
342 194 354
86 383 372
256 113 359
467 234 252
435 120 341
590 168 286
504 436 296
159 383 261
440 49 481
93 704 267
133 521 428
291 144 360
516 545 388
378 419 359
579 610 296
245 112 493
188 258 429
118 469 458
374 285 491
421 174 416
544 462 425
464 698 280
167 573 308
352 513 251
87 429 453
255 392 377
173 313 433
472 122 389
381 468 485
17 181 334
284 442 348
287 522 339
166 73 465
570 244 422
410 497 399
187 402 313
556 225 389
724 370 258
336 117 476
304 395 423
264 461 375
294 306 421
215 699 263
226 71 263
571 30 420
548 237 429
251 324 355
548 58 350
125 176 454
470 648 280
262 302 429
162 463 286
138 683 270
236 335 428
216 210 454
371 260 492
502 258 475
539 189 303
248 689 252
532 304 375
413 61 460
20 180 478
192 178 362
196 103 256
431 462 384
120 134 412
17 13 350
502 156 344
122 108 445
353 27 253
586 443 271
178 297 334
540 350 450
343 75 253
354 178 475
33 106 443
711 585 255
149 214 269
24 219 271
91 44 285
656 343 329
510 398 322
284 141 440
31 547 296
268 380 317
176 356 355
475 244 260
615 260 356
131 192 347
403 168 428
478 567 357
72 155 484
331 217 478
568 369 313
527 291 438
51 27 482
283 294 336
210 491 487
456 673 281
17 9 493
497 43 281
227 441 463
103 484 297
319 220 487
258 334 404
205 578 352
547 656 261
342 482 330
346 395 450
288 388 428
106 256 485
9 471 491
516 68 415
436 201 252
496 111 487
88 516 458
116 560 400
511 67 447
554 582 378
106 253 304
512 2 318
271 558 379
276 80 296
348 14 495
257 559 310
368 475 471
423 162 294
66 312 330
15 538 417
37 230 471
97 432 457
75 479 362
192 430 273
242 620 251
361 343 275
480 58 428
118 94 347
362 199 433
530 368 392
203 283 250
292 625 317
533 231 257
72 23 427
63 159 377
243 382 397
243 5 428
201 54 486
517 340 358
569 392 415
80 472 499
553 110 278
245 335 370
407 159 375
592 563 341
444 115 333
463 342 348
369 670 288
451 464 313
426 512 465
318 114 316
637 123 271
425 237 500
467 262 390
114 464 408
218 498 415
200 6 399
332 733 255
522 270 251
108 63 434
473 391 293
240 5 485
304 72 391
164 9 353
333 433 456
448 10 442
172 550 338
125 457 368
530 582 378
467 522 333
380 219 357
701 534 283
354 122 418
513 363 323
211 473 491
368 118 408
470 230 468
641 14 342
145 468 326
211 343 401
96 1 404
316 600 307
46 298 413
634 137 326
91 218 284
625 401 299
413 518 462
289 567 342
219 465 400
320 578 262
165 459 300
374 269 391
16 358 442
238 322 481
384 362 329
541 24 408
49 168 427
289 569 334
715 371 261
314 672 290
220 478 400
197 95 450
517 387 447
32 526 262
36 468 327
300 198 370
178 75 472
626 32 252
423 256 259
492 283 301
52 150 422
508 448 356
393 555 337
309 244 445
374 197 262
436 284 255
669 5 296
618 544 373
63 249 450
375 128 357
491 215 430
325 644 313
393 224 472
319 27 461
531 233 400
31 308 493
333 313 448
511 560 319
115 370 265
118 281 472
484 448 347
322 39 427
459 125 492
187 170 426
366 51 464
270 8 470
320 135 444
553 225 316
51 102 333
498 539 363
440 431 268
283 600 283
158 111 299
150 566 417
35 57 312
465 335 416
578 445 322
178 468 309
483 408 324
136 237 343
146 277 439
371 521 381
354 71 331
114 354 466
554 344 366
494 19 484
127 400 350
405 177 379
570 639 279
281 424 455
57 205 406
237 541 433
182 158 474
440 205 318
600 382 307
284 407 345
292 119 251
134 48 447
93 411 463
278 354 413
201 442 491
628 270 283
289 303 440
123 68 350
466 124 291
202 260 317
27 213 324
171 559 427
195 253 339
417 10 485
26 89 477
48 279 490
476 60 445
507 10 413
563 397 263
358 329 406
234 477 459
428 50 387
67 299 372
474 118 371
23 617 344
527 295 380
532 406 325
434 426 428
357 542 348
89 366 461
487 163 447
4 46 443
285 683 279
336 139 334
383 108 451
37 216 416
279 535 328
526 576 413
526 13 423
316 271 444
359 160 444
547 661 252
387 523 425
139 654 325
119 697 271
574 197 341
462 397 252
107 313 342
412 108 396
356 292 426
419 514 450
630 99 338
80 545 313
298 42 488
284 58 301
64 563 270
431 388 499
299 451 384
627 422 360
456 28 328
328 112 466
551 552 395
549 282 440
84 262 306
48 461 412
497 381 429
571 447 423
253 600 369
235 105 385
70 612 250
261 474 465
262 101 382
445 214 315
115 324 484
169 235 410
212 3 285
101 404 492
333 132 398
389 394 440
546 3 423
709 92 252
43 264 427
42 577 381
243 13 258
437 309 500
331 449 369
29 174 443
150 571 258
379 453 303
478 196 264
486 255 449
679 643 271
137 116 486
560 430 274
637 264 344
44 387 374
83 280 360
515 524 270
238 492 386
432 512 380
416 203 461
487 170 457
251 466 361
419 346 458
121 210 490
51 495 397
675 104 252
538 472 367
137 101 348
15 411 326
150 20 387
181 417 485
15 455 450
669 21 311
245 66 447
484 94 254
329 21 458
67 281 416
26 381 446
236 479 475
242 560 384
13 268 300
71 52 334
466 157 457
403 361 432
160 585 354
414 629 267
281 476 418
155 21 322
91 457 333
502 404 341
596 503 381
513 41 429
235 194 496
237 75 368
672 656 252
65 507 359
532 584 369
587 422 256
445 508 485
616 534 356
538 93 410
229 651 332
53 342 494
286 65 451
344 113 372
624 167 304
369 168 467
384 402 456
305 236 494
373 596 307
165 449 446
15 633 256
546 489 273
129 373 343
589 183 399
506 363 345
30 57 300
404 256 263
521 504 318
61 81 358
146 213 439
194 412 414
298 289 427
215 655 262
586 138 282
256 444 398
558 704 256
255 636 294
427 248 421
376 471 455
180 69 274
401 652 341
482 549 418
567 158 415
395 228 490
573 185 403
184 557 259
117 90 449
700 314 265
332 509 259
17 45 299
546 241 362
366 609 314
485 474 440
121 130 494
512 213 302
188 191 268
623 6 299
249 36 462
512 173 275
593 186 400
32 439 361
148 231 476
503 578 376
325 458 347
486 29 380
212 358 392
162 395 461
345 451 452
593 590 324
30 40 469
136 160 442
428 311 430
125 165 351
282 290 356
182 513 462
526 505 378
116 197 344
96 424 495
169 211 448
527 239 455
371 16 496
178 470 283
622 553 255
234 412 474
387 456 284
468 422 398
258 601 296
336 524 443
103 111 269
505 613 252
129 424 465
576 25 370
30 286 265
502 626 352
131 391 498
212 260 469
392 546 254
11 277 464
422 490 370
684 416 290
202 277 267
447 495 431
214 144 379
195 246 301
19 178 482
354 206 333
581 414 321
48 438 292
209 442 461
178 325 253
466 49 297
519 223 366
464 445 429
12 118 409
139 471 270
256 354 472
357 96 416
157 400 336
278 582 390
288 415 460
442 175 453
158 378 414
119 68 479
355 691 283
521 555 329
284 462 489
299 40 297
648 346 315
159 481 261
71 298 430
209 410 271
557 97 304
415 63 439
500 42 463
33 580 360
292 305 349
641 317 290
525 662 263
423 275 437
240 507 418
402 497 463
34 191 323
102 430 489
511 577 366
480 268 385
538 44 384
210 246 365
156 349 477
188 192 412
24 90 476
306 595 353
253 3 309
54 221 415
516 250 331
409 268 396
427 140 300
594 598 275
614 503 258
445 107 362
134 420 477
168 583 341
380 404 262
561 281 343
524 553 416
330 330 482
32 36 372
612 611 350
198 115 405
569 249 359
67 37 387
365 237 333
144 392 405
61 4 436
92 434 497
724 685 256
385 235 472
316 324 266
247 358 471
396 133 489
520 443 395
36 484 497
619 342 270
67 388 378
47 629 280
227 35 497
145 568 339
160 427 377
556 457 326
29 247 266
539 546 252
381 287 415
113 433 378
544 134 267
339 598 302
191 132 273
252 251 366
467 298 377
436 588 336
268 370 364
297 25 355
14 255 473
538 396 425
174 47 472
380 372 424
45 351 415
432 285 347
46 452 441
524 331 452
5 515 422
635 164 285
495 459 308
460 512 384
308 485 316
154 356 380
328 322 444
130 448 276
92 473 500
89 565 323
326 534 405
394 113 266
134 566 361
566 128 293
581 238 324
311 313 287
412 573 406
558 211 252
392 666 265
517 411 420
410 397 468
399 111 338
235 507 483
330 629 292
219 324 309
93 105 358
26 1 253
497 240 283
243 571 421
136 297 463
355 320 359
52 522 297
555 74 370
114 12 363
409 307 438
72 190 291
291 86 392
246 230 346
70 501 479
287 391 396
247 256 381
59 129 305
57 408 275
96 41 256
395 182 446
2 565 423
1 80 393
91 336 499
322 197 465
315 104 412
455 583 361
395 292 477
143 104 265
27 410 453
34 462 325
672 731 254
159 190 470
213 643 310
247 241 307
15 651 321
66 279 496
247 431 451
409 315 284
450 23 260
335 100 387
194 50 372
187 208 372
196 335 272
540 291 289
645 72 282
238 236 254
565 69 263
471 284 428
389 324 448
166 213 433
203 424 463
244 12 486
600 422 366
241 90 454
86 259 381
598 571 385
11 37 328
233 159 315
653 650 263
587 566 388
139 461 385
497 100 287
162 219 496
382 65 410
46 580 319
42 216 329
379 388 296
203 7 456
454 350 461
331 326 338
389 227 423
43 488 404
416 63 447
642 570 285
246 85 489
626 198 278
101 472 271
126 182 440
469 214 370
238 251 490
140 101 472
296 215 320
323 87 472
471 365 421
514 212 474
220 569 316
540 313 410
386 297 337
441 505 363
551 183 343
433 392 456
559 42 334
176 105 353
175 503 408
449 567 284
263 50 322
197 162 410
66 550 381
65 141 389
504 114 485
494 454 409
569 143 412
336 465 476
300 273 383
301 222 397
56 180 487
264 228 315
270 454 486
597 2 343
114 569 388
572 150 347
171 168 484
151 499 342
210 209 435
111 38 453
126 338 380
592 697 277
236 505 268
445 290 337
73 215 454
136 580 337
2 50 440
159 144 421
101 205 305
119 589 313
379 80 317
237 269 252
280 132 377
311 160 477
514 488 438
173 556 429
56 358 289
712 180 282
402 284 396
134 339 381
616 290 261
5 468 336
335 138 283
334 533 308
349 278 477
583 37 356
367 74 310
597 509 302
251 331 353
74 55 423
346 612 374
387 369 317
131 591 354
155 111 482
400 196 490
88 387 492
128 75 268
68 64 261
167 399 425
304 150 437
439 314 471
512 56 274
461 514 362
127 174 258
160 219 455
54 236 301
463 213 296
492 153 480
47 298 368
314 289 420
297 315 326
298 447 285
645 313 340
321 255 300
571 639 346
604 565 283
149 89 497
462 373 357
218 396 480
73 553 358
520 404 461
130 352 358
457 192 411
37 426 279
726 439 256
342 147 277
590 353 391
509 506 291
109 158 324
334 45 443
291 469 492
277 363 402
114 614 346
539 193 378
362 251 407
426 472 444
184 265 442
92 363 490
257 508 339
517 292 438
379 456 400
444 87 470
374 127 312
503 269 307
405 455 304
390 324 463
58 496 428
626 9 317
574 321 299
77 624 313
325 297 440
189 51 485
172 587 345
363 72 460
490 21 294
291 78 368
662 86 264
426 496 479
460 401 356
435 264 295
481 422 441
58 117 435
165 452 438
633 338 350
677 301 283
666 702 288
265 524 461
428 510 446
408 402 480
541 272 431
240 122 364
343 646 317
263 41 468
648 464 307
222 528 383
266 607 339
386 625 333
232 216 457
363 402 384
233 404 347
596 341 378
619 354 371
452 438 429
576 288 250
194 47 403
363 150 457
665 139 272
48 530 356
273 366 298
276 326 314
85 19 384
493 545 325
421 371 293
69 375 343
293 26 479
271 520 309
92 5 365
306 345 414
451 542 308
458 104 462
44 394 290
443 243 451
183 502 400
301 337 344
205 707 282
480 157 393
695 595 279
349 292 376
519 274 420
104 101 345
536 64 455
607 603 377
305 443 402
77 356 293
172 128 260
189 182 424
594 441 297
264 98 383
509 268 442
25 168 445
46 93 336
499 50 258
85 543 403
147 299 489
315 422 466
491 32 253
61 520 446
80 213 420
240 112 419
638 401 326
177 344 430
457 676 282
95 173 367
487 368 443
377 233 331
145 414 478
75 51 335
412 267 373
559 254 421
237 211 254
83 293 259
579 463 387
211 363 271
432 334 398
445 417 421
629 553 364
405 435 396
95 529 463
189 486 352
207 498 452
36 58 275
479 31 307
504 336 457
496 454 300
284 528 349
46 455 311
85 473 391
68 460 410
91 74 499
251 12 420
137 468 259
377 676 317
483 140 363
462 439 400
196 562 318
170 312 493
494 616 319
127 466 500
374 505 383
140 527 465
619 53 264
22 509 259
9 375 303
13 488 480
279 545 262
40 379 286
562 43 296
308 578 302
158 129 495
685 359 251
158 479 431
325 139 430
175 656 334
140 543 416
521 590 364
578 483 304
605 307 384
607 3 321
199 222 330
388 483 474
308 114 370
303 352 351
260 420 457
437 155 273
141 70 404
527 50 446
468 130 415
591 686 293
512 239 466
382 276 409
80 321 284
282 22 402
460 469 476
440 353 423
345 484 458
675 139 282
508 82 333
526 159 343
57 227 390
350 378 370
382 649 272
307 443 326
505 362 463
324 542 348
257 243 446
339 136 335
296 255 484
610 502 292
223 95 428
553 617 349
633 576 286
67 164 483
356 522 310
519 409 449
32 394 360
389 168 369
500 246 404
340 58 359
498 325 280
81 105 445
695 14 256
46 447 299
217 271 413
267 10 478
93 332 314
149 510 319
449 254 469
127 589 283
56 652 300
223 264 464
552 101 399
659 480 294
259 223 323
556 469 411
430 323 457
547 360 347
451 278 408
215 233 437
485 144 466
80 9 467
314 160 394
423 645 267
356 249 471
60 446 375
554 422 259
552 446 266
485 303 427
620 445 258
289 35 435
358 444 481
312 98 262
240 161 463
549 245 250
501 223 340
449 455 419
219 500 368
393 313 440
578 300 380
100 527 374
450 6 341
169 563 352
113 361 380
664 173 264
554 75 438
13 400 299
572 176 308
583 356 298
416 122 472
699 710 256
347 656 324
378 138 407
572 35 376
443 21 425
514 697 274
458 82 413
95 210 403
450 370 330
333 189 490
496 211 372
493 100 345
48 347 494
541 275 315
173 381 434
312 265 377
523 200 376
59 164 299
410 220 382
532 167 455
455 44 332
417 297 333
180 77 299
29 442 321
605 74 315
23 220 309
454 456 406
467 460 362
316 213 366
667 505 294
2 87 267
307 259 330
216 218 492
163 558 425
359 248 500
16 197 425
385 206 494
121 30 334
196 277 304
538 17 423
548 415 330
465 453 266
17 371 371
1 598 349
647 364 323
12 545 250
408 352 399
518 614 372
357 251 476
214 421 448
224 220 351
327 8 479
98 95 453
221 127 444
271 254 493
463 534 387
513 254 476
580 457 259
545 5 362
101 439 354
358 284 415
21 336 326
495 351 401
217 72 407
453 255 494
129 185 449
426 122 267
52 197 385
60 116 427
246 135 358
127 419 481
48 21 276
15 16 478
581 199 360
81 400 444
87 574 341
44 318 483
45 20 326
392 276 398
310 511 376
15 515 457
598 279 358
317 1 329
106 432 287
268 578 288
394 420 433
278 324 447
437 431 479
131 436 488
89 581 408
531 512 460
432 223 450
237 105 394
246 197 257
320 204 486
283 459 318
511 441 389
575 375 419
457 4 288
80 554 400
521 151 288
430 132 310
137 186 354
515 227 385
622 479 360
125 197 386
506 359 318
520 165 323
100 148 365
527 392 416
118 51 490
165 85 407
333 140 405
240 455 482
293 321 311
38 74 350
184 170 326
74 206 499
289 418 312
1 522 255
201 536 399
536 53 415
577 295 399
102 462 299
362 578 351
672 261 312
102 56 416
494 20 460
129 474 363
488 526 462
9 77 479
229 26 463
522 595 257
342 80 349
389 566 311
199 318 438
311 388 418
119 241 379
540 284 415
56 451 436
691 419 287
387 267 412
68 625 361
284 31 316
494 185 403
568 325 269
136 144 350
243 39 330
409 322 323
38 75 408
599 107 313
397 114 456
396 344 281
522 171 432
117 337 495
13 662 311
376 590 383
541 558 283
118 617 366
248 202 414
321 273 347
363 175 314
549 146 330
442 534 362
372 342 406
439 449 325
392 101 291
78 507 346
673 101 255
534 441 384
211 530 280
258 449 263
200 463 456
175 292 321
343 482 400
70 305 478
555 641 346
343 85 375
642 196 289
30 550 325
342 430 429
177 458 339
41 215 434
469 481 391
533 512 277
130 381 482
240 39 458
294 63 500
95 189 450
13 259 291
271 232 336
627 271 360
172 302 370
72 41 487
251 494 490
490 232 397
253 521 409
58 60 305
572 595 313
438 353 489
509 318 396
111 82 369
631 490 296
483 590 342
513 270 379
371 424 307
245 400 271
131 501 386
382 163 288
177 277 417
28 163 479
338 163 321
152 136 296
212 95 306
434 1 386
421 468 489
255 639 254
449 426 458
564 460 355
136 462 415
482 641 303
572 175 365
493 457 453
558 456 376
192 348 332
600 228 389
422 310 497
273 356 471
227 60 314
335 561 328
204 140 458
275 327 452
448 186 475
9 344 360
179 123 323
528 251 309
225 445 397
380 233 493
7 17 375
547 330 365
459 127 271
313 489 410
36 296 403
244 556 358
140 107 416
539 50 382
630 420 301
346 327 309
585 490 382
225 109 494
168 81 467
73 69 496
255 461 500
97 388 294
292 87 278
569 416 338
121 68 383
159 113 484
125 10 462
332 332 401
621 442 305
195 324 483
183 298 385
393 162 389
28 254 480
631 3 338
231 466 473
266 481 299
606 59 301
146 337 359
95 252 403
253 60 374
182 139 362
610 436 380
138 326 402
277 126 295
341 279 265
370 187 363
529 427 307
499 315 346
164 76 285
242 513 428
179 36 278
221 272 413
9 188 420
184 427 486
64 262 401
544 592 299
344 269 461
51 227 462
117 396 374
204 242 280
185 541 339
354 158 261
287 565 415
661 551 273
398 369 468
490 60 437
164 508 427
326 583 359
449 276 481
592 122 261
88 108 387
680 57 255
102 208 424
287 481 474
50 400 335
67 543 367
379 624 357
367 352 282
214 447 263
405 252 272
98 477 446
72 346 358
444 245 332
306 325 447
84 499 492
74 405 364
351 389 469
145 432 420
543 93 341
107 501 355
416 193 350
364 4 478
297 71 363
245 475 455
512 541 416
175 398 374
417 102 413
31 298 278
644 178 339
618 658 330
446 583 333
187 163 387
468 13 425
308 53 445
414 226 472
139 321 484
50 199 481
180 383 299
441 463 371
164 253 297
561 338 387
183 564 398
45 385 263
409 612 261
505 496 330
277 465 387
531 221 399
670 561 289
395 244 357
339 375 367
122 266 251
119 460 500
482 220 279
461 197 495
89 484 316
26 527 435
397 176 477
107 52 472
447 328 489
103 30 254
170 229 484
18 543 442
439 149 450
464 278 380
611 561 319
710 529 274
374 133 303
201 334 448
203 303 299
379 498 284
31 118 498
412 344 428
104 550 415
27 566 260
639 65 284
343 594 311
279 510 475
69 44 434
296 498 277
301 282 278
139 669 252
320 42 377
196 85 300
133 102 495
627 400 261
370 173 405
230 338 458
203 444 405
601 170 320
419 363 419
63 140 455
249 288 477
420 574 327
169 244 430
210 497 492
474 402 443
662 497 323
170 109 394
298 519 443
623 199 348
236 492 270
522 405 394
498 400 464
536 83 443
305 336 413
148 727 252
337 459 430
520 435 382
434 2 493
616 190 370
312 96 325
320 46 318
81 442 252
108 178 368
42 497 469
221 213 323
287 328 325
288 31 294
637 130 325
24 297 471
25 618 288
489 186 479
541 300 275
284 450 273
285 372 294
173 440 272
46 365 450
510 312 258
612 214 262
355 486 340
27 238 396
191 557 292
416 681 307
568 359 341
610 413 332
350 582 374
297 441 472
377 452 492
217 540 420
385 409 344
12 209 442
486 615 360
623 291 274
500 179 282
239 256 358
369 276 424
350 200 251
572 45 407
291 230 489
459 461 288
168 203 466
235 66 377
590 398 381
374 3 466
330 3 366
117 145 330
262 642 334
152 467 498
99 201 435
44 273 452
281 30 438
380 237 345
135 468 432
490 34 497
234 466 474
64 252 361
384 286 498
152 229 315
380 103 452
372 316 470
146 37 468
551 506 380
292 529 439
324 78 335
363 492 376
708 492 268
218 672 315
355 333 444
197 446 321
346 526 425
163 365 367
57 692 260
395 379 312
440 631 267
65 467 379
656 92 330
84 204 477
65 251 409
575 12 304
564 510 354
540 503 356
180 315 456
350 659 319
438 72 385
290 363 388
60 494 350
285 358 359
154 150 449
452 194 477
346 111 275
437 282 448
252 362 450
586 351 367
110 563 355
187 405 295
354 728 251
367 420 267
173 310 260
202 642 299
701 160 264
285 110 477
380 217 328
505 139 363
629 94 337
30 554 315
617 616 337
262 399 492
220 612 367
95 245 403
402 165 450
202 37 403
1 377 441
20 157 354
118 513 382
515 263 348
661 671 269
41 227 360
16 464 496
355 490 465
364 5 401
229 233 414
221 310 269
203 180 269
35 329 480
153 322 312
13 65 469
286 164 480
609 24 336
484 3 469
398 151 414
597 332 358
97 468 355
375 84 306
43 82 472
304 134 322
33 478 342
315 457 476
275 524 370
203 447 468
578 194 261
198 338 257
564 134 316
39 538 381
271 276 374
84 541 350
150 285 431
197 202 363
496 126 323
3 95 295
328 560 302
61 272 351
100 236 344
478 329 366
240 278 409
454 560 367
61 126 387
620 412 274
180 581 361
134 148 310
386 203 449
223 536 331
56 684 303
438 123 424
476 636 304
494 177 388
508 50 364
32 170 370
574 96 417
116 384 366
508 132 316
48 553 388
463 178 483
253 430 366
473 413 499
131 303 423
93 314 442
282 69 450
10 70 421
61 496 485
292 436 256
490 539 295
597 373 338
306 290 290
3 129 410
352 207 370
444 580 404
500 498 323
286 456 447
87 317 444
102 294 423
587 516 278
400 276 399
91 134 421
76 204 270
590 135 264
60 629 341
306 49 254
363 202 263
131 33 479
54 456 459
401 429 258
340 175 438
495 289 398
219 55 292
309 533 391
233 462 420
231 53 415
677 424 301
139 92 450
41 159 353
499 112 461
428 126 438
45 522 434
369 76 286
345 198 251
523 483 433
481 161 390
184 441 347
283 342 370
121 225 332
39 347 495
72 448 302
365 337 384
18 236 426
629 546 318
249 98 436
419 234 464
535 232 415
29 498 363
280 673 298
210 25 344
144 104 297
466 521 382
128 55 281
244 662 266
292 14 383
348 507 470
422 496 291
604 36 337
321 295 353
483 350 416
126 213 484
312 289 324
522 372 466
57 28 371
374 600 264
355 394 490
286 315 275
516 109 359
445 273 443
70 258 351
182 326 464
6 119 319
585 521 402
513 511 253
415 549 367
532 397 316
482 207 258
359 225 438
391 88 383
168 255 439
294 276 494
147 290 499
502 79 406
288 173 454
440 100 465
472 600 392
575 587 260
161 191 298
645 391 329
299 376 404
453 24 451
639 107 300
72 444 451
678 627 291
381 536 386
360 498 357
478 342 303
724 362 261
295 308 429
474 298 427
148 614 379
502 63 385
694 697 286
180 278 438
448 486 441
322 53 399
203 253 381
119 409 288
624 455 341
279 328 447
423 725 258
338 445 476
120 172 481
628 148 353
249 263 419
95 156 318
340 230 313
576 339 319
423 426 427
23 140 353
424 457 410
537 367 397
220 108 481
171 271 288
336 527 435
617 316 318
500 708 272
576 394 302
251 202 356
5 251 408
321 235 373
227 386 478
132 571 329
628 115 365
103 281 383
365 326 269
88 547 317
325 13 389
45 315 321
357 31 400
127 38 343
100 275 319
87 214 473
484 325 474
552 226 274
356 471 383
394 548 434
23 277 474
273 43 440
134 304 441
523 44 302
635 511 276
137 273 385
662 562 320
297 444 372
167 283 264
81 416 412
195 362 342
47 270 342
458 145 361
2 428 295
559 248 393
64 539 322
295 110 492
116 602 389
231 338 468
176 325 313
333 117 351
424 196 327
525 490 465
309 476 392
197 65 424
542 578 372
65 48 421
49 608 325
498 401 426
292 203 320
490 68 349
289 578 386
289 45 273
472 176 355
617 219 357
112 270 478
306 312 474
212 225 498
362 316 441
466 145 469
16 493 371
116 37 375
17 457 487
491 64 423
133 79 477
54 650 322
395 250 478
15 253 363
531 416 444
339 514 297
489 485 448
311 122 252
231 308 448
448 155 404
33 197 392
597 223 253
209 88 407
146 284 334
126 345 386
211 311 326
432 613 367
209 156 405
4 185 453
2 75 454
235 324 379
308 70 439
276 177 358
74 503 302
308 270 298
167 126 250
508 169 379
411 441 329
51 433 440
721 339 254
386 192 437
115 192 491
401 525 260
284 492 382
414 390 492
472 293 487
120 440 389
565 623 289
301 153 457
697 191 268
578 502 368
272 371 397
300 360 278
407 214 351
157 365 408
387 537 280
463 539 319
457 356 477
136 492 274
18 172 457
208 24 272
539 27 429
443 713 279
145 2 413
399 497 375
352 456 363
559 483 403
66 212 335
63 155 449
451 134 393
582 524 382
394 211 396
456 362 486
290 178 277
402 542 419
1 135 320
223 106 388
614 636 329
310 153 285
521 313 435
115 386 363
652 395 285
454 132 371
52 55 435
356 141 374
305 547 422
419 1 462
12 374 423
352 362 288
298 100 369
269 374 360
69 200 452
544 566 336
572 94 252
422 7 472
245 199 303
166 133 316
513 415 338
266 470 488
387 160 417
29 206 431
425 365 359
98 579 380
218 570 301
353 467 371
293 465 451
610 458 352
267 419 364
467 378 437
67 53 422
396 364 413
203 201 272
472 539 359
64 483 463
224 157 391
595 514 342
314 163 294
178 259 308
277 62 435
138 402 400
115 480 447
278 148 320
573 242 274
505 612 257
135 459 268
19 34 476
186 154 250
413 463 477
130 277 473
292 160 326
160 249 286
117 321 471
290 467 293
306 257 500
229 209 488
375 20 308
424 214 256
27 270 418
122 257 484
520 246 270
368 513 373
550 299 359
328 161 321
561 439 369
148 152 479
241 317 310
668 730 264
122 309 302
518 367 405
161 626 316
140 366 275
429 595 326
467 405 355
402 332 450
41 191 346
113 280 283
545 561 312
181 356 392
438 463 478
500 270 440
443 498 358
574 446 353
169 264 426
242 211 407
559 510 418
344 527 369
388 400 348
373 319 477
259 236 484
310 418 358
46 103 335
438 533 446
291 418 306
231 465 451
350 247 428
256 86 349
541 496 326
37 448 450
173 292 437
59 252 470
65 32 500
117 500 459
528 209 338
69 671 301
504 177 252
41 49 412
208 507 288
468 34 298
255 511 318
367 530 258
262 239 422
255 216 434
70 603 334
198 335 349
414 395 336
299 164 500
492 527 282
70 239 481
271 110 287
484 337 365
57 159 452
163 441 484
309 587 276
582 689 259
469 53 450
417 499 274
107 434 454
293 364 390
577 491 346
428 6 346
389 484 428
350 161 421
3 545 345
38 259 437
484 495 362
505 21 284
55 253 457
229 373 334
373 393 255
149 382 379
551 4 404
71 234 421
486 446 353
389 456 469
282 142 453
331 540 378
280 560 311
593 278 252
228 134 379
52 484 329
424 61 444
224 141 493
173 377 393
553 107 333
542 562 431
447 539 429
35 144 363
199 175 330
12 144 339
119 156 283
414 564 415
201 354 301
673 339 291
495 550 398
281 306 348
479 399 360
244 439 284
141 15 466
537 437 273
450 386 305
533 317 276
132 542 416
351 311 485
457 77 479
657 155 289
479 419 486
472 236 450
38 530 355
256 466 350
472 564 342
307 98 387
284 499 417
589 698 270
376 11 466
43 413 456
386 219 413
549 513 308
157 578 335
528 500 420
318 565 367
475 203 482
330 515 345
555 44 368
334 501 270
143 477 496
314 214 388
507 533 304
491 440 255
118 224 347
459 363 469
500 319 455
160 466 395
155 613 276
584 148 324
128 325 389
223 542 251
50 268 392
447 109 300
28 561 390
281 364 430
545 393 299
2 346 467
30 228 412
473 475 327
273 247 489
392 263 316
302 178 345
116 225 262
235 528 292
341 613 285
118 463 490
611 55 335
393 347 365
280 225 303
194 24 302
371 94 415
128 438 328
423 66 400
481 335 330
491 382 363
207 203 490
54 503 422
647 90 300
182 27 359
469 276 357
567 596 391
213 35 408
167 244 424
340 140 331
212 590 341
136 360 360
34 110 420
317 180 500
674 669 268
124 56 402
547 254 447
556 351 274
335 23 398
89 240 462
73 232 449
415 359 425
87 591 351
273 364 425
509 342 425
17 438 419
511 408 466
263 103 341
320 471 434
226 270 386
12 434 423
434 250 294
91 559 404
273 11 445
149 280 346
218 526 420
258 268 434
687 21 282
127 585 327
582 436 290
474 367 487
321 156 489
26 128 315
516 361 278
336 98 492
224 33 455
245 587 385
545 367 251
3 540 296
11 492 403
288 45 416
340 303 379
145 497 452
496 57 374
579 358 276
35 493 396
239 263 264
314 302 432
520 590 365
351 202 486
503 367 475
309 187 323
228 281 309
121 23 368
188 38 441
77 214 270
485 233 406
574 319 410
405 369 297
251 253 344
481 221 347
323 439 460
368 168 437
7 353 271
58 136 460
82 149 414
436 209 467
108 173 419
241 68 415
338 172 281
522 355 360
352 353 302
286 246 367
434 459 488
404 458 310
264 334 494
271 229 478
492 382 408
456 129 270
489 424 326
90 592 347
331 141 394
555 719 254
393 408 378
683 199 292
576 119 359
348 348 421
142 180 360
245 252 467
438 193 485
676 592 300
586 408 408
433 321 431
357 164 418
319 356 359
559 500 369
182 247 286
177 542 405
214 360 372
531 357 360
205 138 481
286 411 439
13 321 266
445 347 461
387 365 380
348 436 381
571 253 268
275 138 343
191 20 260
420 659 322
299 261 264
263 58 299
6 495 356
379 637 320
75 113 448
87 184 416
305 681 284
426 305 398
255 471 288
452 243 376
105 329 500
646 414 344
131 475 456
407 482 346
405 66 462
7 451 425
598 277 268
111 562 335
113 489 481
347 425 355
505 504 381
405 145 421
4 588 369
683 657 307
218 286 476
93 479 450
162 434 251
337 124 449
521 238 460
88 268 398
624 320 347
343 55 401
19 170 349
325 549 397
262 689 275
14 212 469
237 80 330
652 677 257
133 517 472
62 522 468
628 264 366
95 401 369
53 247 368
607 622 318
282 471 423
338 62 492
450 199 416
208 592 325
68 265 347
381 110 405
414 319 344
358 355 461
6 290 388
490 631 281
20 623 272
476 177 408
148 294 400
519 628 349
569 92 394
314 650 311
221 301 418
239 248 403
661 517 302
100 388 300
628 322 259
168 109 454
677 173 297
163 638 283
572 39 359
303 304 462
540 223 315
418 536 452
52 206 453
5 433 299
547 646 308
497 126 394
246 110 299
525 85 408
165 427 439
521 642 329
490 240 291
550 467 326
634 695 280
467 203 390
223 540 369
553 122 371
484 321 465
129 354 465
492 468 264
359 360 386
204 459 340
185 337 474
273 38 425
105 116 279
700 84 258
293 461 392
183 112 304
106 413 458
486 357 500
590 613 326
14 481 374
217 24 493
465 175 453
534 556 316
698 455 273
158 377 461
412 463 284
31 142 257
489 474 442
219 367 381
386 262 498
432 392 368
172 490 458
263 66 455
131 497 306
96 243 278
91 718 272
181 643 294
120 145 478
203 520 461
360 151 436
379 275 300
506 296 292
389 209 377
382 203 278
220 265 320
597 531 291
542 294 401
509 430 443
403 190 386
272 464 453
35 565 404
267 100 479
171 324 472
614 209 292
153 293 420
225 596 349
405 454 475
329 100 301
446 292 298
347 173 334
51 507 382
339 284 479
8 367 491
261 18 454
455 55 471
205 593 363
653 139 250
424 125 478
588 42 251
369 490 500
526 105 458
505 431 354
391 120 413
342 429 412
363 408 462
218 163 380
101 312 456
294 132 444
306 155 361
140 152 336
131 410 384
481 31 453
128 512 391
199 306 425
290 544 259
186 539 429
222 572 286
194 281 370
495 32 348
334 268 486
39 323 391
5 430 400
89 189 424
287 318 495
652 407 299
232 48 262
354 526 252
580 134 279
221 55 298
195 583 340
39 275 376
725 541 264
219 258 389
481 548 297
60 495 476
293 464 266
505 404 485
555 307 416
470 300 477
167 488 478
287 445 254
198 104 353
402 146 427
340 208 374
26 577 309
362 477 437
418 443 305
523 622 321
621 334 317
130 157 449
329 445 500
717 351 260
54 177 372
154 276 334
723 499 257
563 54 271
151 146 390
225 493 459
128 105 455
259 18 434
541 435 337
189 566 407
272 254 255
425 167 445
12 327 421
50 668 322
593 477 363
136 55 331
17 123 310
246 326 375
29 217 439
229 535 361
40 16 257
560 437 425
452 39 422
334 328 294
313 513 407
404 188 379
162 315 484
572 201 358
625 519 329
93 311 426
498 186 482
536 554 407
157 491 394
109 60 454
707 321 281
479 322 456
193 272 401
249 84 294
161 386 488
21 73 433
530 443 330
434 581 318
415 149 460
622 75 371
417 104 424
183 80 468
309 119 387
233 518 412
599 339 309
306 26 301
165 512 461
150 436 259
464 289 294
24 256 399
383 97 281
410 718 252
429 258 258
513 467 282
201 383 392
323 194 314
375 92 498
354 553 262
427 292 430
87 478 278
366 604 259
558 198 395
181 516 264
360 135 489
261 68 500
59 407 402
326 368 465
191 385 479
282 346 291
483 85 474
452 498 446
526 405 315
268 438 431
149 178 259
370 225 467
518 269 442
290 99 378
277 486 391
440 182 433
423 143 400
379 606 250
59 201 288
214 150 499
76 208 409
438 43 313
391 1 427
24 140 284
263 46 464
557 640 321
152 520 443
277 84 349
2 309 448
435 514 255
122 299 366
294 204 250
212 257 321
239 591 332
455 393 487
687 426 270
45 309 381
210 48 360
291 2 477
209 377 454
365 22 423
74 228 489
108 146 328
473 203 466
289 181 463
693 556 261
463 150 436
305 486 285
85 307 293
163 282 489
616 289 260
96 477 318
63 236 433
326 70 441
17 466 411
472 229 392
511 142 386
280 64 439
185 356 424
464 727 260
224 99 465
83 215 404
509 281 413
454 325 352
170 22 412
288 376 410
669 372 299
259 429 445
193 212 315
525 144 326
45 135 409
69 640 275
137 510 350
84 478 471
437 236 411
270 138 443
101 169 356
56 380 497
240 436 370
390 596 357
209 278 470
502 61 383
146 193 459
422 349 425
211 400 298
134 481 436
452 169 299
171 670 250
192 232 451
155 350 425
560 286 266
13 507 484
308 222 483
317 14 318
439 188 310
301 281 477
443 106 325
627 452 336
494 66 342
160 199 417
285 182 376
422 402 456
600 459 255
621 410 356
450 558 315
577 264 368
407 529 366
223 350 494
120 15 424
479 79 434
29 395 428
295 180 276
579 544 344
253 204 273
54 457 498
576 526 388
339 255 478
98 261 428
182 198 308
501 430 393
394 646 284
414 268 500
302 149 470
335 177 288
204 233 481
39 67 443
126 201 370
73 53 459
384 153 278
23 356 454
169 365 341
631 435 253
421 68 371
174 188 462
470 208 301
437 178 457
215 389 457
285 189 326
47 621 271
229 314 469
587 226 300
408 283 430
135 368 480
200 478 304
186 295 278
143 346 399
214 189 462
104 52 413
573 714 265
366 183 474
146 18 274
416 239 441
543 571 287
476 268 397
64 300 481
390 667 261
445 231 389
39 470 467
528 226 283
13 478 493
563 403 388
704 714 264
479 387 398
699 6 268
153 578 251
493 296 471
191 418 289
318 476 430
160 94 420
132 427 371
597 266 307
623 223 290
374 629 361
369 476 493
379 628 311
100 144 477
163 196 298
266 372 470
190 428 401
502 30 399
374 214 419
413 226 472
396 108 498
417 124 477
656 348 262
92 558 385
366 395 332
131 373 357
33 41 498
435 17 494
89 88 261
538 342 257
475 501 322
451 579 394
43 29 413
166 25 488
128 222 368
360 564 423
290 437 292
570 259 261
317 296 411
460 497 444
211 35 354
369 423 340
480 24 355
324 96 291
390 411 278
141 567 336
359 472 283
440 98 370
116 382 439
546 160 300
507 375 261
582 683 311
445 312 360
77 215 303
357 16 420
3 378 381
420 339 406
476 350 272
583 329 358
532 9 396
261 387 270
473 681 264
374 79 270
83 482 365
518 225 302
323 262 400
596 157 319
560 135 297
524 380 340
61 219 472
119 212 390
637 102 330
684 386 251
66 57 295
223 103 456
377 326 377
150 592 348
71 418 384
202 179 405
259 318 326
626 111 334
506 151 439
226 430 364
322 387 381
531 354 387
249 184 301
65 547 264
273 581 299
161 549 409
399 400 295
138 280 319
144 171 430
390 135 386
617 290 294
322 292 294
107 289 352
14 485 356
340 122 453
564 693 295
494 6 307
319 456 413
507 285 371
489 18 423
529 140 344
471 269 325
342 245 398
4 168 495
340 142 382
354 605 309
205 102 254
128 653 295
404 331 460
248 306 267
153 282 265
365 667 305
564 611 320
354 651 255
198 39 370
539 466 301
469 567 407
346 57 306
465 188 294
187 471 318
289 622 325
339 518 463
620 215 350
76 246 409
471 273 386
531 172 367
466 357 437
489 418 471
309 41 330
647 256 332
493 509 382
385 98 472
52 37 482
513 263 423
51 181 281
481 460 419
506 80 334
388 168 255
16 316 440
77 428 433
266 460 322
192 326 330
97 207 467
457 360 401
182 161 443
81 142 289
191 37 374
20 490 437
428 65 414
411 575 402
431 66 458
328 656 265
16 130 464
413 229 483
501 128 427
591 197 337
125 345 309
310 118 423
158 93 373
422 373 491
151 232 363
216 63 500
111 379 389
156 287 438
376 488 340
512 440 255
69 674 312
395 102 483
248 465 384
489 577 408
296 23 296
224 576 340
463 29 439
134 640 261
47 369 482
498 172 472
406 478 396
537 576 302
46 128 443
419 342 363
270 358 498
45 502 265
536 261 378
392 41 391
84 110 477
357 272 431
478 232 430
605 255 308
197 68 475
309 283 438
670 618 313
349 526 399
201 436 492
389 430 327
343 413 482
326 98 470
295 499 400
398 542 442
315 405 387
19 85 314
159 360 422
605 432 369
125 194 423
258 474 442
146 483 473
533 236 375
459 222 320
247 278 362
146 524 417
575 545 283
509 146 415
530 72 330
252 283 273
162 180 353
421 104 318
522 207 279
653 617 278
464 574 390
1 459 418
459 29 278
215 61 318
314 52 448
197 459 441
101 278 415
84 376 496
112 247 309
191 85 411
128 3 293
57 224 439
41 114 265
110 519 306
283 79 359
61 469 364
236 422 480
133 370 498
151 136 469
697 225 260
428 301 410
60 133 471
440 281 493
500 169 310
248 180 472
437 218 391
619 471 315
63 393 480
293 404 478
157 149 320
340 12 279
227 489 455
279 550 310
35 13 317
353 382 407
357 464 272
209 134 418
209 395 388
217 341 349
659 609 270
193 598 293
230 614 352
128 59 487
382 367 421
270 466 335
165 154 270
241 418 459
386 103 404
452 504 465
477 467 257
348 428 373
43 463 448
507 39 356
402 102 499
409 366 444
294 551 423
623 248 322
51 426 451
458 78 472
448 28 371
287 499 407
172 83 281
156 277 496
8 161 493
542 258 378
17 36 376
77 584 338
536 612 287
58 569 299
8 496 439
294 433 450
521 312 455
547 147 304
80 558 370
185 245 436
400 205 330
297 142 265
340 367 293
649 514 285
177 137 284
429 408 316
335 22 279
380 414 434
11 500 393
446 109 452
390 504 489
251 214 294
402 257 268
193 606 375
30 469 319
161 14 482
385 35 263
470 452 431
316 86 431
348 41 380
198 291 440
328 88 346
326 232 260
326 171 500
431 187 261
245 173 375
543 552 407
204 478 413
208 28 421
143 6 333
451 139 392
27 287 314
88 201 435
501 551 443
243 28 392
295 576 388
477 206 468
30 578 416
363 377 418
152 266 427
473 541 331
651 116 256
254 593 357
547 596 312
145 121 401
174 408 289
75 294 260
353 302 382
272 352 435
369 480 303
144 403 453
411 126 442
377 338 384
532 6 372
50 480 404
443 136 407
20 521 260
169 370 483
538 452 262
9 538 352
234 109 436
501 455 339
386 292 418
312 406 363
265 445 380
293 318 497
342 188 490
439 354 290
305 303 357
318 492 359
220 237 251
265 520 439
198 190 309
532 481 448
347 231 449
493 433 499
167 290 476
146 435 410
181 227 438
86 318 262
63 395 272
579 338 364
343 522 278
654 343 271
448 406 488
547 379 282
443 251 307
205 319 371
549 329 312
398 126 426
70 254 488
543 85 398
115 148 444
211 138 384
563 493 358
346 553 298
493 96 308
383 238 256
200 48 420
46 315 483
198 417 417
111 446 419
215 142 441
290 269 383
510 47 273
98 159 266
125 337 386
386 647 328
230 435 357
254 415 297
428 382 431
326 76 387
693 578 277
403 370 499
415 349 410
96 317 292
557 125 333
511 524 284
30 313 395
545 429 328
437 104 258
438 234 498
300 364 418
491 439 455
29 409 422
409 160 337
152 62 274
292 371 430
271 334 438
214 85 475
637 148 272
431 21 312
650 211 288
363 263 361
435 135 461
193 223 406
227 419 424
298 6 496
46 478 466
42 325 261
241 238 342
392 206 466
509 99 417
68 529 336
693 100 260
11 291 267
445 73 412
390 313 396
456 343 290
357 73 382
143 209 354
168 30 471
358 270 313
687 47 293
206 476 409
163 17 322
151 625 312
539 307 370
419 239 366
335 69 290
448 119 355
288 399 443
513 123 451
233 173 277
477 439 400
357 455 294
290 190 341
22 357 407
496 415 284
344 300 395
263 358 398
88 113 313
243 128 468
45 173 365
156 495 439
10 260 416
649 166 281
534 390 392
526 330 379
552 42 318
377 8 422
443 161 289
256 284 320
577 380 354
101 356 441
603 713 267
44 101 478
137 262 448
117 446 419
541 38 450
374 111 463
86 387 496
316 264 449
161 636 283
95 79 438
439 645 307
174 262 498
599 528 372
539 373 290
310 283 252
544 234 444
468 376 266
480 346 336
341 141 364
358 315 331
62 208 397
64 311 376
268 453 438
2 139 469
520 123 455
104 228 411
283 283 467
396 92 370
574 381 324
77 345 329
500 404 253
619 382 361
527 515 287
510 351 256
161 560 312
314 554 254
247 265 420
261 277 365
184 12 500
382 481 342
189 383 274
582 298 300
126 404 464
46 135 325
460 295 399
5 356 376
162 328 345
146 714 262
204 98 274
224 553 420
8 179 268
52 105 391
607 81 364
338 433 452
541 462 315
338 4 393
659 55 300
19 195 258
81 202 257
594 197 323
593 324 378
350 347 264
437 332 485
380 662 291
653 282 309
224 444 420
48 108 419
342 171 255
605 237 348
638 469 354
110 27 461
237 640 251
42 186 456
328 468 314
44 145 421
615 109 282
629 628 311
41 31 499
189 352 476
638 613 264
278 211 270
472 608 319
68 604 384
458 333 252
95 550 401
391 487 466
439 462 310
1 439 415
49 222 352
387 87 489
71 355 455
290 328 409
237 685 261
350 7 419
181 449 456
206 439 449
231 414 453
320 236 486
30 531 354
381 579 376
382 422 485
108 498 430
192 94 483
402 136 344
245 327 448
104 141 274
355 153 271
482 374 356
140 7 260
139 370 428
541 85 420
6 351 297
506 546 327
53 475 276
422 532 455
371 477 432
494 119 448
374 227 288
236 175 494
295 286 405
184 324 342
412 6 328
375 247 301
470 361 393
230 197 277
351 415 457
306 59 264
513 31 372
282 296 263
203 189 438
109 465 467
261 237 400
325 181 349
15 394 294
577 601 257
143 464 450
302 168 493
509 33 436
40 137 499
509 485 363
314 392 279
586 72 306
709 360 277
19 426 465
352 371 425
422 338 294
476 408 371
527 584 374
99 85 493
279 313 316
621 419 258
74 213 260
457 247 363
141 114 291
289 435 447
195 206 418
301 265 450
227 325 302
156 43 470
487 380 496
449 693 267
287 654 321
412 255 413
64 348 376
465 90 354
340 536 426
103 465 354
309 379 390
664 416 317
161 680 255
385 187 334
296 49 254
132 338 436
380 419 488
132 508 431
449 267 430
507 461 397
120 253 429
337 99 452
180 139 353
121 261 490
84 106 334
493 63 363
513 55 297
141 535 434
616 97 354
468 642 256
435 105 487
455 351 368
1 372 320
48 232 360
540 416 413
270 520 391
455 198 446
224 369 367
205 619 327
59 6 319
376 32 374
273 222 376
532 73 402
512 90 284
281 164 483
134 3 473
428 331 257
342 451 393
324 255 472
137 30 464
512 702 258
707 718 274
614 277 336
501 500 410
165 405 304
111 243 341
235 367 424
225 347 424
330 298 409
601 276 342
248 250 474
105 561 316
142 301 386
459 213 371
277 565 425
436 210 409
88 101 303
319 358 492
187 316 461
355 93 443
294 230 251
347 211 365
346 81 291
129 475 484
176 550 420
314 270 445
92 410 445
348 313 266
244 376 344
413 261 285
269 549 347
193 195 332
492 148 417
308 46 269
44 454 400
113 558 421
57 334 494
247 74 458
582 251 304
200 323 417
187 300 362
9 204 403
217 367 440
420 101 393
19 344 289
381 392 377
65 131 489
450 150 393
596 577 347
181 190 302
91 602 364
210 527 436
366 514 397
208 56 380
410 31 361
146 508 325
61 295 418
477 441 436
515 213 381
74 107 455
320 562 267
517 425 358
648 286 283
156 127 443
94 311 494
13 67 314
534 534 379
240 10 251
355 48 458
413 289 392
283 453 494
161 625 364
100 31 415
357 622 337
434 188 398
576 527 253
37 485 430
676 17 314
306 100 437
162 480 354
292 250 465
60 33 345
522 285 329
174 463 390
481 321 339
283 145 260
574 170 326
224 210 434
237 284 448
247 554 376
234 332 383
118 674 306
141 203 468
163 646 339
576 600 394
107 551 373
53 114 463
56 391 453
146 575 289
339 605 359
463 441 434
230 190 495
19 14 260
311 95 303
188 109 325
29 25 292
393 295 438
3 323 285
281 500 322
195 152 297
442 371 473
204 561 263
122 174 302
207 360 276
208 295 491
3 546 355
378 395 487
190 169 440
485 615 343
43 51 443
255 489 373
141 240 322
566 153 288
667 268 322
645 447 304
539 415 420
522 18 422
226 154 376
437 130 318
151 345 378
547 79 375
251 496 387
716 664 263
276 296 360
301 530 328
109 549 260
208 514 406
503 406 252
565 520 263
173 23 407
491 370 336
368 683 304
244 170 393
476 493 453
492 95 482
331 47 442
17 268 392
235 162 288
72 396 416
544 379 447
646 296 277
477 604 331
475 403 379
265 303 295
506 383 463
442 621 304
508 235 412
335 15 471
654 454 298
13 214 400
603 570 355
223 513 435
4 64 448
384 256 357
221 102 413
155 33 439
571 329 275
708 440 286
530 644 256
326 227 352
386 645 253
235 250 386
541 534 444
232 18 435
520 480 377
113 349 402
397 513 421
704 562 271
311 514 368
325 34 440
12 299 425
405 256 492
555 428 371
76 401 253
524 595 274
645 283 326
384 374 489
464 506 380
703 345 257
638 339 331
379 12 495
469 398 420
202 278 400
209 116 331
292 451 300
19 500 471
381 393 440
27 419 344
409 25 427
178 177 256
448 19 258
521 270 466
259 448 344
591 140 285
135 157 498
345 229 370
235 424 378
217 680 295
141 302 307
414 225 340
119 582 253
494 395 287
219 132 344
86 7 296
265 209 491
262 49 376
229 447 393
466 180 359
150 97 410
66 407 371
418 482 413
311 289 281
696 197 269
55 146 469
185 340 500
463 248 455
83 395 447
431 101 400
108 164 449
326 493 425
210 153 453
628 496 327
142 211 351
536 313 335
104 472 413
377 496 253
174 397 414
128 422 354
552 310 251
253 300 278
10 413 449
65 599 360
157 54 447
274 353 265
514 413 359
362 237 412
158 375 494
84 52 477
469 116 350
4 443 472
516 448 417
427 35 341
618 53 272
592 670 260
318 630 300
176 276 293
491 346 473
325 537 327
30 617 376
205 427 278
406 232 387
425 27 500
477 397 465
428 477 497
250 75 366
164 371 470
476 457 427
666 213 264
476 520 365
617 641 292
157 417 347
414 581 413
19 217 342
177 297 392
398 124 415
158 431 347
220 23 368
341 303 332
353 539 398
450 668 278
152 285 350
322 141 405
385 425 432
270 502 338
482 156 360
173 6 423
85 150 451
128 312 303
114 400 437
642 643 260
164 272 485
498 357 476
17 69 423
407 216 473
151 464 412
202 480 336
549 64 389
159 526 409
665 389 274
459 88 259
455 307 289
259 421 342
137 427 310
281 360 479
264 587 255
686 602 253
225 71 445
487 233 354
45 211 321
568 307 329
5 154 297
12 368 441
579 555 337
195 596 356
545 644 278
268 8 391
187 157 478
596 397 254
361 405 250
298 191 359
623 154 326
485 308 477
74 307 497
99 171 334
513 274 434
23 57 456
523 168 455
228 333 250
230 657 279
478 459 318
694 73 290
356 16 408
56 464 420
74 415 383
432 581 328
467 237 303
318 644 251
52 2 456
255 68 383
340 194 435
79 108 314
175 417 383
216 141 464
75 253 391
172 345 314
236 257 446
255 415 250
511 372 375
476 282 466
91 334 412
63 359 464
513 651 332
280 215 436
571 343 423
359 521 458
197 18 481
5 181 430
316 153 446
272 414 483
280 279 410
6 61 288
21 327 428
533 328 435
11 564 394
360 62 460
407 505 297
737 62 252
548 123 433
457 524 458
18 583 399
537 702 258
199 131 436
469 594 370
149 420 268
33 56 278
368 190 328
104 462 477
108 87 417
341 271 493
61 425 492
686 659 278
513 493 310
103 88 357
408 150 481
48 399 280
573 360 287
344 42 312
164 63 486
498 445 434
104 163 278
408 385 325
27 481 322
373 83 329
297 114 266
470 216 374
295 178 330
431 24 400
350 411 328
7 368 387
1 124 367
625 469 316
391 440 259
507 582 304
64 330 477
364 269 463
334 376 434
406 356 483
190 96 301
7 183 490
183 198 491
210 298 495
401 302 451
58 509 427
512 333 371
557 174 295
113 148 459
451 128 481
421 374 497
445 413 273
357 163 337
480 195 384
429 368 480
165 436 470
268 496 488
423 308 396
329 264 327
63 458 486
112 548 405
465 104 477
566 181 391
5 351 450
185 181 395
470 529 386
407 17 380
201 188 460
213 355 424
305 37 339
492 127 493
485 322 294
430 364 428
353 468 353
82 357 276
604 539 269
174 582 369
475 584 400
146 100 409
651 139 282
162 293 391
512 100 482
380 490 321
337 277 255
478 637 343
111 311 455
73 279 371
109 310 395
72 96 305
16 19 368
1 101 491
423 562 328
240 86 324
642 465 346
355 535 322
127 409 269
265 296 298
201 2 458
173 477 396
506 268 419
350 33 381
5 48 433
586 426 276
474 89 354
554 553 394
690 537 264
525 554 251
250 94 409
561 454 273
62 516 296
136 169 386
544 151 398
90 498 489
364 327 414
632 211 361
294 173 421
286 78 313
135 520 474
275 276 371
374 567 405
145 101 462
479 163 485
166 243 313
669 563 318
192 200 450
537 360 338
350 333 353
556 400 357
654 394 261
411 522 357
211 614 307
203 65 499
581 290 395
100 301 449
21 158 416
85 35 345
489 431 291
519 605 348
549 557 367
41 196 269
156 39 483
108 296 338
116 626 309
297 129 463
408 564 314
234 341 288
360 186 479
314 463 279
483 20 325
119 167 322
518 239 355
358 185 274
422 318 482
240 435 315
341 42 485
202 473 329
52 269 327
23 573 392
438 297 437
131 21 409
428 211 341
71 536 444
586 354 394
365 500 413
27 16 370
98 145 448
595 146 271
14 314 491
271 186 441
94 581 291
30 31 458
531 392 325
375 193 320
382 195 443
95 2 395
126 207 343
321 118 381
146 532 397
433 157 279
404 70 302
64 336 406
298 207 465
75 521 382
549 95 251
332 472 341
283 350 273
245 503 333
61 708 271
223 161 487
417 520 406
140 132 466
587 82 361
18 378 349
333 475 328
12 484 290
315 587 367
653 161 268
51 302 349
526 294 385
210 464 295
453 276 318
522 43 439
281 445 456
501 631 339
278 384 406
322 76 326
65 352 346
37 380 393
490 687 270
35 337 405
275 309 482
315 257 409
343 235 260
460 389 432
109 457 346
108 496 298
86 475 425
129 76 376
159 446 271
518 161 345
573 507 414
34 80 284
459 253 333
304 255 382
22 79 279
539 32 447
229 313 489
441 21 452
540 356 359
411 148 433
507 529 344
267 111 473
210 611 349
399 430 281
271 474 454
577 96 369
564 652 310
110 499 396
345 39 327
212 116 272
274 204 360
207 584 332
32 122 477
81 62 370
248 123 358
93 419 318
330 175 460
267 182 445
334 202 458
152 157 410
521 140 362
95 237 325
391 226 337
439 587 381
60 545 360
199 653 325
549 491 307
672 340 253
172 294 353
152 383 473
312 343 471
428 534 261
87 344 288
321 143 416
178 573 384
145 257 413
480 493 417
267 150 443
67 14 271
619 538 324
472 378 463
389 276 329
278 328 499
624 618 311
487 558 374
343 352 497
496 653 265
126 75 492
460 446 495
392 467 397
318 424 470
122 105 438
247 130 480
523 124 433
474 562 312
230 416 270
205 490 488
314 219 307
112 533 442
85 245 390
514 295 316
256 325 303
9 86 382
353 278 375
17 470 387
547 43 272
448 498 423
230 299 299
186 336 475
441 340 493
453 267 492
39 676 305
418 383 332
447 423 342
324 524 282
406 457 320
244 449 313
93 61 458
158 90 466
213 33 426
234 443 340
512 438 445
288 469 262
87 516 449
339 575 402
154 34 300
589 279 259
372 534 450
393 417 379
381 481 457
534 130 430
292 77 453
62 559 379
106 298 271
432 203 303
665 222 323
322 497 480
454 381 344
168 482 482
235 50 365
692 507 258
215 457 443
373 461 432
252 676 280
582 449 343
486 332 258
352 22 424
65 197 322
322 171 470
163 537 279
436 494 484
390 506 331
675 393 304
584 177 347
503 330 448
665 662 307
253 130 311
217 517 355
146 309 456
382 557 277
187 37 474
416 631 297
411 332 482
678 326 274
482 40 459
243 510 430
45 258 311
41 450 361
235 169 280
63 343 469
424 15 298
157 116 458
466 629 350
654 581 263
109 50 346
414 60 486
48 173 253
18 517 324
183 465 275
197 53 284
660 72 274
45 126 256
217 135 274
534 132 418
205 149 456
297 9 353
47 99 433
35 480 482
61 303 445
45 302 293
700 643 276
98 629 335
680 222 296
251 54 326
159 112 305
202 259 285
135 122 402
139 368 342
390 9 488
296 236 434
93 289 425
190 296 376
496 215 329
285 419 498
503 515 331
253 528 343
484 135 372
461 393 483
440 75 352
320 537 266
144 269 475
391 89 479
495 228 398
653 542 327
634 686 289
37 414 401
436 636 345
92 323 325
150 11 376
293 363 253
526 129 296
107 275 400
167 111 258
223 500 456
425 80 377
669 677 267
441 175 475
231 349 466
589 512 352
8 183 367
358 395 388
283 226 386
99 191 355
22 298 348
217 133 311
98 495 278
348 221 455
565 626 354
575 617 352
213 319 485
623 564 277
507 38 286
41 472 438
234 595 282
31 203 476
697 78 291
380 159 437
75 71 376
473 179 479
474 244 472
185 208 449
299 32 434
277 613 310
266 324 403
610 116 298
474 255 434
357 518 416
504 31 360
146 254 428
224 278 410
12 301 302
473 242 485
140 102 420
67 389 474
216 123 490
229 450 263
324 385 429
216 202 390
465 203 485
42 599 386
185 414 289
610 373 343
317 86 256
242 53 376
111 419 455
232 140 488
213 310 326
588 182 383
178 436 464
213 655 292
159 231 294
526 284 350
34 394 473
540 492 410
314 371 324
587 320 382
458 208 359
12 1 285
548 327 435
301 414 271
653 425 264
249 307 392
480 267 328
256 481 445
179 509 278
315 367 397
158 619 310
568 14 397
315 136 340
552 171 268
119 617 255
289 259 391
439 29 436
106 545 266
654 365 332
634 300 349
517 539 259
266 17 317
82 44 416
443 221 472
474 512 418
571 52 343
377 141 379
27 71 350
486 520 423
153 363 354
337 468 405
249 408 482
246 450 463
173 106 363
507 54 449
227 366 301
55 338 389
397 335 464
613 37 356
360 272 450
100 547 366
124 358 327
64 481 284
537 29 309
462 378 498
263 470 499
366 525 364
27 546 441
75 567 327
430 458 417
70 549 395
37 572 350
530 142 397
426 549 378
33 376 498
346 292 498
585 258 388
499 316 303
196 565 359
79 386 496
97 678 292
439 305 427
355 711 260
575 70 292
245 295 283
110 346 459
109 389 459
403 440 454
474 291 362
624 341 296
61 36 321
329 184 450
375 527 299
20 620 316
288 441 342
416 14 303
95 214 407
583 264 388
48 510 319
408 17 497
267 536 326
149 90 328
161 129 304
619 524 328
62 688 294
328 205 488
98 32 421
671 598 302
485 314 314
536 180 277
78 555 357
425 408 309
365 347 283
236 29 392
599 325 348
355 589 363
36 160 478
238 539 438
588 11 297
335 391 340
365 290 467
190 58 336
504 615 328
281 223 467
150 340 391
590 167 390
306 259 377
489 59 470
560 426 407
64 77 278
48 268 358
256 539 448
112 85 372
177 365 436
499 243 326
408 328 437
129 399 389
141 141 328
371 230 414
292 307 410
329 222 376
331 18 495
18 35 369
663 697 279
148 573 285
101 170 403
5 587 266
631 624 353
536 386 264
647 487 292
265 199 342
246 8 274
451 212 431
393 420 325
385 273 267
123 141 349
262 103 417
388 562 381
545 502 376
279 464 361
609 448 354
266 412 451
134 612 258
41 122 375
103 92 364
294 219 316
334 418 330
298 293 379
149 253 497
312 232 366
301 201 477
557 452 281
402 297 358
113 3 424
18 30 412
447 190 389
221 90 470
80 198 436
457 155 457
220 113 312
297 366 313
59 92 438
77 202 463
260 243 354
240 344 348
522 573 340
35 54 485
351 338 455
248 488 379
409 43 482
35 562 421
156 376 367
304 492 323
12 346 280
151 139 290
285 180 464
240 233 275
470 578 366
512 535 426
301 239 391
476 48 419
541 296 401
252 356 361
178 331 458
64 651 252
520 381 321
110 85 494
585 24 251
336 184 416
14 337 328
172 284 402
109 526 460
486 353 309
463 120 493
183 138 397
428 441 426
461 232 410
349 9 486
267 553 410
11 383 266
566 542 400
350 373 497
529 161 261
606 644 332
387 112 294
514 483 467
321 18 395
81 97 294
376 59 433
320 495 371
610 320 278
79 379 448
1 94 408
66 632 278
169 72 408
68 386 254
92 312 486
478 305 299
257 544 347
326 260 418
331 182 347
344 197 397
204 562 368
307 229 479
135 337 399
461 236 425
131 90 399
124 246 252
256 192 469
374 234 342
568 341 360
249 244 477
199 66 423
639 285 265
299 578 301
138 317 420
70 361 336
338 592 375
22 328 386
347 633 327
287 80 418
265 222 391
148 260 486
149 438 496
558 89 414
172 103 442
127 233 340
200 336 376
462 152 430
224 500 464
280 439 365
174 42 458
443 568 363
634 402 326
180 10 487
292 425 327
218 247 274
274 495 450
378 206 268
46 184 459
429 1 353
415 483 250
604 414 289
593 514 334
46 648 295
319 461 373
319 93 276
255 480 381
587 472 383
336 355 487
111 425 324
303 34 387
23 189 369
341 44 391
546 542 379
197 58 279
291 336 441
16 669 308
294 311 382
404 335 406
83 140 369
244 267 314
531 250 378
137 27 306
64 417 318
236 13 398
461 390 492
210 164 278
302 448 453
85 296 404
223 654 311
135 333 454
494 278 447
252 470 460
470 493 359
330 511 347
451 320 395
103 435 341
354 207 361
576 531 332
373 179 372
494 312 428
404 42 377
73 567 317
219 293 426
92 364 295
3 241 362
622 332 371
482 15 288
389 445 475
45 260 449
155 305 376
383 371 257
295 136 425
425 201 320
556 489 289
403 273 411
222 106 342
45 61 492
17 391 416
171 494 340
504 95 351
143 112 433
432 500 470
45 253 340
74 631 286
252 125 442
112 487 252
539 140 335
556 371 251
613 389 325
329 331 454
442 270 316
423 666 307
105 140 497
43 168 452
36 9 436
570 476 413
449 632 279
516 181 456
495 185 402
459 386 448
494 216 355
87 101 412
50 242 428
217 379 420
301 182 321
478 125 487
25 53 499
605 538 276
30 476 408
316 414 355
342 161 452
473 192 454
52 290 481
47 259 433
60 12 437
323 643 269
318 420 333
236 206 498
463 423 500
451 479 396
187 375 430
221 256 313
629 627 339
381 100 294
46 289 268
173 337 260
580 44 386
388 455 286
183 652 275
575 124 311
559 502 424
389 23 417
601 255 292
68 224 453
545 540 406
627 541 280
234 262 499
206 513 458
707 132 272
209 611 288
580 155 298
166 337 338
268 183 396
583 486 353
396 375 458
276 307 413
554 58 426
178 115 456
77 459 449
153 333 410
412 120 324
75 376 393
560 159 356
36 629 334
344 290 321
382 38 251
144 483 378
172 134 321
342 196 331
315 112 385
275 317 429
432 348 473
379 529 360
1 314 441
129 404 486
297 186 478
411 361 409
184 359 471
232 381 405
352 151 250
551 346 347
452 326 474
430 313 410
196 231 329
604 351 290
199 46 386
438 291 293
343 287 471
30 623 302
620 249 287
491 468 387
68 170 396
238 430 435
283 325 293
445 484 442
105 489 460
404 277 481
200 279 487
318 275 351
409 631 281
438 105 281
276 35 448
36 410 392
176 122 339
531 574 274
324 278 432
490 85 491
472 94 254
70 657 288
486 222 420
474 204 481
504 514 347
187 20 312
285 201 350
164 357 372
620 151 277
373 514 319
558 396 405
504 330 359
62 310 404
257 425 335
501 80 288
470 262 286
184 621 264
245 142 498
113 140 363
569 634 336
203 413 374
74 97 308
592 327 360
526 217 399
516 57 414
467 70 401
259 416 283
527 475 276
156 609 342
194 264 279
51 370 362
388 223 429
257 567 413
337 281 323
207 18 381
242 328 489
278 333 417
97 332 479
262 339 312
324 485 466
158 363 400
196 500 487
467 585 380
45 203 345
242 225 387
80 180 408
455 481 354
389 545 304
407 37 463
343 278 493
270 59 400
695 118 295
46 248 500
490 454 407
557 139 310
273 424 472
90 84 435
309 89 372
435 613 367
290 168 352
99 431 366
637 409 314
5 242 500
498 146 295
93 310 438
237 346 476
123 50 314
318 280 411
5 601 317
163 450 369
544 25 392
441 240 418
443 194 409
324 295 273
237 574 404
384 340 472
146 404 403
423 248 486
351 559 393
473 265 281
294 656 293
190 98 438
533 345 358
148 30 351
277 201 438
255 263 313
307 433 499
592 459 305
197 467 460
351 210 291
268 17 456
293 104 404
238 183 368
283 281 341
200 271 493
89 339 425
216 487 332
282 508 452
276 303 461
81 255 406
397 229 335
536 194 334
45 49 464
535 565 282
306 17 393
494 274 312
102 610 305
78 416 423
247 275 286
480 485 255
261 66 488
301 424 360
625 71 361
114 609 317
132 325 418
550 477 414
158 19 463
167 521 459
364 18 397
484 460 439
481 286 271
417 251 320
153 251 275
171 455 328
274 473 457
505 421 378
69 294 421
210 424 345
397 111 431
132 533 358
30 400 372
367 56 421
217 522 327
446 157 279
18 99 454
158 244 402
243 7 382
413 389 492
335 102 417
303 505 458
207 88 375
34 367 298
272 105 489
85 235 323
513 324 428
403 97 282
639 11 277
362 579 374
129 230 290
26 475 364
581 378 286
51 357 385
665 142 269
300 249 481
151 262 385
150 502 309
26 624 315
288 293 419
145 231 398
602 7 318
167 418 272
217 111 435
262 177 437
236 462 348
650 446 294
31 602 354
292 327 369
653 365 277
108 412 345
30 525 331
336 91 491
647 525 336
307 414 417
494 592 256
387 358 351
271 27 500
429 587 344
161 211 498
220 285 415
97 460 405
72 456 349
422 382 295
608 84 316
417 317 381
227 98 499
193 23 430
84 474 497
182 356 406
197 416 320
462 464 370
309 209 350
353 310 499
313 335 342
514 390 434
416 231 329
487 470 459
211 449 291
142 454 401
16 125 442
353 168 355
23 92 373
396 283 390
678 621 255
327 25 441
501 236 377
332 290 379
6 120 476
563 196 418
16 507 369
582 46 269
280 484 480
169 169 442
454 653 317
433 283 342
201 12 468
55 514 335
185 585 371
529 534 352
417 227 299
140 407 367
90 192 337
113 200 373
133 407 426
379 326 273
194 415 456
478 371 294
150 61 404
141 548 389
181 588 323
675 495 275
83 146 457
352 113 274
559 603 296
586 515 372
280 179 449
35 236 433
33 274 262
376 487 384
579 325 297
214 528 390
396 160 421
89 681 258
366 616 291
222 289 459
552 381 388
506 306 481
485 100 457
120 192 430
10 286 309
374 598 381
277 501 416
299 41 385
560 388 317
284 85 271
345 573 369
393 95 349
374 211 384
17 205 485
338 9 409
165 336 433
519 277 336
387 306 451
406 69 251
450 367 347
486 27 388
172 401 343
501 661 279
19 289 452
249 458 328
587 233 358
228 277 381
306 119 485
383 76 363
114 244 359
375 369 317
282 418 399
435 140 456
600 115 273
713 471 253
338 97 354
154 498 298
299 80 270
611 167 254
181 60 467
9 274 473
259 583 278
242 512 478
161 131 482
37 124 270
418 79 329
17 240 263
562 659 328
211 397 486
256 295 439
85 199 350
108 64 450
421 607 290
500 36 389
147 15 336
578 157 304
368 415 488
21 194 411
599 15 252
412 481 396
622 626 291
77 408 403
17 120 491
98 240 489
628 648 339
510 723 255
282 83 286
141 708 261
96 389 498
82 255 443
489 30 350
412 239 458
467 465 412
27 343 427
188 28 319
92 340 271
93 375 404
416 252 327
87 91 396
507 57 487
359 20 335
342 94 290
155 34 325
6 293 475
470 611 382
304 320 314
60 497 386
167 44 355
518 321 468
611 433 255
218 597 389
274 274 464
505 507 419
309 459 342
77 75 425
392 318 337
399 586 379
96 374 316
323 328 302
548 582 315
289 136 371
4 242 358
147 628 276
69 69 270
219 588 359
695 253 290
393 337 442
365 228 387
462 24 493
172 217 302
359 245 253
183 478 414
647 157 260
393 541 405
106 494 410
134 300 413
230 164 469
459 569 386
187 523 401
34 703 278
206 50 403
167 405 315
184 398 381
640 494 291
145 573 349
575 74 370
241 186 334
675 622 302
302 471 456
390 289 307
113 7 497
214 72 268
446 5 467
430 457 252
416 76 441
476 246 252
302 680 295
383 326 342
280 351 482
189 623 301
549 246 296
146 463 443
278 639 250
464 362 453
267 28 494
522 63 413
250 545 366
299 383 361
311 547 417
567 633 351
24 176 300
603 560 279
191 300 451
487 319 481
593 604 261
8 190 477
180 340 255
147 239 454
25 149 491
540 249 334
41 458 440
557 339 389
142 81 283
173 548 360
365 39 438
588 179 253
570 145 273
159 404 373
716 525 278
411 404 451
36 463 283
375 97 335
169 263 384
148 679 287
29 6 279
183 568 252
575 371 394
170 59 433
242 269 298
556 655 259
308 298 495
515 674 294
639 87 329
386 529 302
132 334 265
130 281 476
126 264 346
326 254 281
307 562 340
336 311 293
650 89 271
1 146 324
502 11 372
149 387 309
304 668 296
285 348 355
152 543 365
636 130 298
18 120 372
299 29 399
237 371 306
509 139 379
679 160 266
412 248 489
315 13 372
286 305 419
191 423 368
471 231 451
232 481 482
664 540 265
307 552 261
689 267 255
442 455 274
393 237 288
61 358 462
521 115 411
109 71 345
547 574 357
141 106 300
113 601 314
382 571 422
245 288 382
405 331 427
180 647 256
644 513 305
380 555 433
428 289 460
563 152 288
358 305 389
446 227 296
301 123 396
127 191 263
470 277 390
70 330 384
492 307 356
646 225 285
4 391 487
531 632 342
273 144 461
157 44 399
421 48 464
191 436 395
551 28 340
77 160 270
179 602 252
695 28 253
248 98 363
547 511 285
126 598 272
494 84 492
310 268 378
383 28 272
384 497 492
628 222 364
365 531 440
220 294 442
169 63 338
126 454 387
446 37 359
495 481 356
288 565 306
293 675 257
489 299 470
83 539 405
655 388 337
132 332 446
372 636 327
398 398 254
518 7 297
486 493 498
7 598 376
18 617 375
670 112 307
63 324 261
510 680 263
62 342 385
359 325 477
465 64 428
133 98 450
464 210 480
514 425 379
143 231 366
318 388 463
336 234 457
354 494 472
219 309 492
263 59 255
570 230 375
530 536 440
139 184 386
372 326 283
538 3 406
220 532 254
486 82 384
77 502 434
623 246 311
169 196 415
346 445 336
721 85 269
530 53 355
380 96 290
357 35 355
96 288 330
506 488 313
550 188 291
147 41 455
548 219 334
474 352 423
199 411 446
24 268 310
206 366 492
50 100 346
265 90 466
179 327 362
537 106 352
145 608 278
189 176 303
270 442 459
55 90 462
613 532 376
572 249 317
105 510 427
370 431 491
307 312 493
97 526 344
569 388 420
64 73 420
117 457 351
11 455 485
133 494 326
100 91 478
161 590 367
641 285 316
165 362 488
169 200 494
134 576 360
153 445 381
406 141 320
523 582 394
144 595 360
641 353 345
221 507 454
349 684 307
321 90 287
216 61 449
534 555 430
136 634 314
305 313 254
73 526 447
429 386 385
78 383 451
650 66 252
240 255 491
195 97 479
49 72 436
89 582 376
257 464 418
352 322 411
201 729 261
510 345 271
202 221 321
155 255 461
290 174 345
24 155 456
594 687 256
119 143 383
380 595 361
256 140 362
667 190 280
527 255 336
204 177 369
331 290 471
250 489 420
450 15 360
281 410 425
644 413 336
405 295 275
53 370 356
66 63 418
292 564 295
10 345 399
16 178 500
90 126 324
409 349 465
404 360 401
234 108 429
132 292 381
658 273 290
340 423 326
655 128 325
80 84 403
272 75 424
180 346 432
27 444 449
34 361 396
90 313 334
538 303 397
273 246 383
38 56 482
283 241 289
505 116 268
403 209 285
636 586 343
664 3 296
252 179 361
102 298 373
658 248 282
164 263 435
584 332 382
414 572 396
197 246 443
18 638 355
5 531 369
407 321 419
511 122 266
104 522 423
18 422 398
146 256 428
130 119 412
399 32 432
393 270 492
647 503 346
115 259 416
104 478 276
495 202 481
482 502 476
645 65 304
488 591 343
304 171 491
381 292 256
405 546 358
111 284 484
460 594 326
159 441 418
117 328 393
617 188 365
371 316 430
92 520 354
592 428 291
360 101 361
698 638 281
532 346 260
229 452 328
218 262 437
287 27 384
410 184 495
376 486 381
324 265 260
213 66 460
426 195 343
78 138 416
41 269 483
297 108 356
38 600 329
335 189 314
106 576 347
426 86 273
408 355 269
187 291 487
613 534 346
460 6 409
507 525 265
315 32 300
530 9 415
194 539 274
409 77 347
198 22 483
673 598 267
676 564 277
572 537 369
155 188 426
485 426 304
51 142 359
126 633 353
114 525 460
302 446 387
198 536 404
177 530 443
551 112 360
347 150 455
508 439 408
151 454 295
332 516 431
464 232 484
414 382 392
219 452 381
168 181 409
388 287 365
494 235 482
348 717 259
525 404 438
243 9 372
315 211 255
150 25 347
133 161 326
425 341 463
418 603 260
355 387 361
413 372 389
46 353 434
121 352 477
170 128 438
493 50 345
267 404 312
407 99 353
451 260 467
501 166 442
290 36 455
237 248 388
331 457 409
447 285 429
339 117 308
72 229 448
403 10 303
188 146 264
545 303 434
42 389 455
459 312 251
375 397 335
59 318 345
534 442 424
462 241 311
316 527 397
129 166 321
268 653 333
305 140 272
569 132 263
393 486 424
165 73 372
86 456 370
355 157 286
325 28 265
560 438 279
576 286 331
448 383 387
627 165 289
76 197 337
529 327 298
115 70 478
338 430 469
537 168 280
299 432 402
220 487 294
290 406 275
227 188 393
90 140 483
70 82 454
152 265 265
617 589 281
12 151 443
155 278 455
233 139 356
465 524 304
689 415 275
322 74 396
429 290 439
117 611 336
401 399 449
9 44 485
704 641 259
45 244 375
149 589 272
360 444 406
523 278 454
545 190 410
280 553 315
163 383 256
559 708 267
485 117 413
188 337 469
492 297 492
358 76 442
716 517 257
75 408 457
28 297 340
300 223 368
367 459 496
490 310 365
126 447 323
610 192 311
290 375 496
210 53 356
200 212 437
690 404 285
298 413 344
329 562 269
646 246 263
540 569 277
263 275 459
141 158 407
65 533 294
223 346 474
505 512 389
209 428 462
553 287 381
27 388 358
300 370 375
70 308 472
189 605 295
98 574 365
338 195 415
136 280 377
321 23 482
85 384 370
560 230 427
16 218 410
279 610 330
290 456 418
485 627 264
613 66 316
378 117 491
148 114 414
469 640 315
145 641 295
580 283 311
584 228 316
182 67 280
273 394 417
104 580 394
221 268 341
575 204 391
529 185 380
372 247 485
115 93 290
403 184 460
81 57 436
495 52 447
43 244 475
398 631 287
176 520 402
124 513 314
73 43 480
267 440 435
235 583 272
341 495 412
448 148 356
322 544 348
473 565 327
69 93 474
313 630 256
459 516 324
49 393 337
459 525 436
624 436 306
469 95 471
290 112 255
87 395 428
488 168 434
482 368 383
598 43 364
309 372 437
618 324 289
255 517 433
392 628 330
162 76 387
113 574 354
632 147 362
405 417 437
255 560 388
453 546 290
13 18 472
6 123 447
540 297 389
216 302 421
13 266 442
123 254 500
8 468 393
95 289 476
534 334 300
480 114 274
202 462 379
40 88 400
84 572 268
460 45 424
362 250 483
71 341 361
314 186 279
248 57 401
266 245 372
286 172 461
392 102 476
95 246 433
54 296 302
405 509 441
236 31 481
417 348 346
493 175 493
318 505 292
65 135 269
372 561 308
267 477 436
247 137 495
468 89 394
363 18 325
375 125 291
558 480 404
232 85 402
393 146 491
162 565 382
490 248 456
542 28 419
303 245 328
66 573 394
338 662 317
13 516 381
330 270 437
540 336 449
486 211 476
37 402 322
145 105 463
420 284 365
283 219 379
57 72 463
278 502 476
212 187 378
577 575 294
435 199 380
390 172 370
258 100 410
330 234 272
37 6 342
282 266 385
587 456 272
190 331 479
542 704 277
494 69 422
637 300 282
269 201 413
371 496 405
16 13 449
508 337 414
209 507 317
406 191 293
291 596 261
231 499 415
178 368 475
493 268 439
23 178 432
115 135 403
317 189 421
491 367 304
209 87 480
182 344 478
224 639 342
129 187 430
223 356 492
245 32 287
87 550 419
275 381 391
173 303 410
384 484 374
202 301 444
103 331 398
565 597 310
134 70 437
149 498 468
84 576 413
196 181 272
137 218 498
312 157 250
202 431 303
418 18 397
585 429 290
297 487 494
512 162 393
32 456 378
8 96 436
672 547 299
306 604 276
572 197 331
408 100 320
686 687 255
29 93 287
232 563 390
91 485 422
129 499 430
324 322 419
264 552 300
555 610 296
626 2 297
53 51 398
91 495 413
165 233 471
305 370 365
579 261 390
100 436 326
427 60 446
635 309 298
523 218 469
11 391 457
294 362 346
198 664 304
340 78 369
483 42 407
432 388 483
74 149 365
204 394 317
17 186 293
300 423 459
409 182 326
342 162 435
14 22 492
137 254 462
149 622 314
195 285 422
279 115 258
509 236 374
29 181 444
276 86 461
4 427 430
332 132 453
482 500 265
294 140 306
33 489 457
431 91 251
439 588 270
128 159 367
114 35 464
247 410 492
572 209 334
449 392 499
271 340 318
96 358 410
17 135 418
432 20 436
292 394 487
304 34 460
321 440 330
202 71 460
76 529 437
388 23 444
173 472 410
424 332 381
447 40 344
390 309 417
439 501 491
166 253 457
141 387 367
557 545 336
393 432 302
19 332 318
596 688 298
441 191 473
225 422 353
652 381 303
280 105 400
91 683 260
129 231 349
14 64 323
236 186 490
487 252 446
258 598 376
62 394 377
125 348 250
497 157 326
108 532 352
457 600 252
194 164 494
312 513 470
305 258 487
225 341 487
291 24 354
17 26 416
232 213 293
87 416 347
507 363 384
656 146 323
170 16 396
328 380 482
190 22 369
146 223 285
62 489 478
525 149 415
226 441 389
367 39 273
503 234 391
507 492 371
429 413 405
150 84 358
516 111 316
35 238 306
11 490 448
18 280 457
163 660 330
211 351 494
285 74 281
401 379 420
152 175 296
282 180 369
146 417 492
456 187 422
14 455 304
6 45 486
485 345 336
346 407 296
371 590 331
360 440 382
466 239 293
243 257 415
406 3 285
690 120 302
93 91 471
332 597 363
261 398 421
120 530 463
80 271 255
7 55 331
70 177 423
478 559 385
119 268 448
297 547 390
542 11 257
241 580 311
33 134 300
17 74 496
560 415 356
189 347 435
1 261 430
105 363 320
340 502 438
149 75 454
458 44 411
4 547 438
369 110 442
148 336 361
503 429 408
335 493 372
522 84 403
511 183 400
196 263 462
495 637 357
193 260 428
669 332 305
543 127 448
552 542 347
157 316 432
493 459 489
571 472 411
276 228 359
290 152 498
368 219 385
632 486 299
335 574 362
495 252 282
297 381 367
595 541 296
617 4 326
628 565 315
518 559 261
400 419 408
71 574 294
232 212 406
582 297 406
76 310 404
29 454 464
328 454 496
52 234 290
119 252 407
138 383 451
499 293 250
18 216 367
7 178 418
53 192 362
558 36 409
67 296 485
438 516 300
137 389 470
688 136 273
353 164 494
558 610 360
636 106 310
484 344 380
85 45 366
351 496 459
470 377 379
349 176 416
199 163 495
444 396 333
557 13 409
630 209 357
260 89 448
236 626 311
268 479 484
295 172 477
165 220 353
211 471 335
143 57 487
622 287 333
416 253 390
465 375 266
269 449 383
24 382 465
515 536 438
176 139 458
501 20 449
462 117 494
250 288 407
49 124 478
185 475 251
483 584 277
286 174 250
244 256 487
72 349 271
313 168 321
601 210 387
365 50 302
171 406 372
57 91 489
601 382 387
433 492 443
561 108 286
254 524 467
198 390 480
603 201 250
451 545 405
59 241 411
425 357 394
494 348 412
440 369 361
52 116 478
101 164 466
123 197 285
439 135 283
411 447 434
702 184 268
152 574 295
128 625 304
166 47 412
45 137 429
355 229 454
241 583 316
31 510 313
62 140 497
167 84 260
434 505 314
164 538 318
295 292 431
554 222 263
224 554 389
370 63 318
401 47 382
174 404 296
295 323 394
34 310 472
41 32 258
93 501 326
674 489 288
127 373 459
452 204 328
406 388 435
506 644 279
584 96 402
575 50 296
511 260 469
56 62 273
456 472 279
301 251 495
254 452 463
452 474 498
264 549 257
480 435 491
89 165 471
563 110 359
17 219 479
423 360 456
136 521 361
509 500 485
586 123 349
401 146 365
455 340 491
549 309 428
39 187 478
426 445 477
104 31 403
616 204 357
476 322 351
163 617 276
255 230 311
90 345 366
332 572 339
231 486 288
397 549 425
108 194 310
154 306 426
147 579 253
575 296 293
73 82 312
170 68 438
426 495 455
54 276 323
429 381 442
254 352 349
498 367 333
557 234 392
391 355 349
432 61 256
228 338 305
88 318 462
247 25 374
481 445 474
620 275 340
179 484 468
110 364 448
235 109 442
202 585 292
357 128 424
94 567 346
342 464 405
33 428 393
23 553 374
257 81 452
302 166 396
235 23 401
347 319 268
517 216 259
579 35 251
678 475 302
318 381 387
148 74 496
265 384 341
371 257 440
557 17 350
14 60 364
75 680 252
511 214 351
485 511 364
626 398 325
364 465 457
595 22 389
273 343 261
85 399 358
411 402 277
385 524 335
64 68 303
72 196 422
558 220 286
181 638 311
145 632 352
76 507 459
60 618 280
91 369 305
565 462 373
221 217 427
507 453 472
570 307 379
111 514 459
43 569 345
698 696 268
322 389 436
639 441 324
136 219 448
438 397 297
545 214 349
308 436 288
315 51 413
61 146 468
376 259 377
423 396 429
590 157 299
52 477 471
471 459 488
514 441 255
394 473 416
300 513 476
239 253 375
221 292 252
248 493 327
47 356 302
222 194 362
406 597 258
97 449 481
354 511 411
208 428 262
247 58 393
332 234 465
33 367 311
224 111 329
156 339 471
12 14 471
348 462 336
183 142 477
465 472 348
90 286 452
109 550 317
327 427 399
255 335 414
461 588 277
308 500 447
143 66 348
396 471 447
287 280 434
483 411 456
389 147 415
426 340 497
586 423 273
196 494 434
42 104 499
221 50 495
564 63 368
358 464 496
473 85 267
559 273 305
233 452 484
570 269 377
550 603 271
77 222 284
136 240 328
170 531 462
36 317 283
412 540 324
280 499 409
591 91 296
27 392 374
679 291 262
243 722 261
387 41 441
158 617 282
47 22 483
114 457 294
339 66 364
328 491 307
486 489 278
594 615 338
494 58 469
78 250 282
208 250 276
255 23 458
165 359 306
550 487 436
372 290 284
250 401 462
437 531 373
446 710 253
378 262 268
537 230 420
586 415 278
488 102 479
432 408 459
158 183 458
466 47 422
18 282 452
53 568 304
191 351 493
78 469 457
298 282 500
198 168 488
582 156 362
67 439 317
157 315 425
569 89 289
293 236 297
100 10 496
658 442 252
466 531 342
425 532 441
216 22 330
145 210 360
378 189 459
542 448 412
119 286 322
127 182 481
498 200 336
55 523 389
457 223 472
505 400 473
716 724 265
699 408 270
240 187 427
428 418 411
349 424 371
407 418 403
181 269 266
531 325 292
334 336 378
681 675 256
209 663 311
141 458 312
255 387 480
669 51 298
377 377 310
631 93 328
360 194 396
38 38 376
55 554 373
414 231 395
465 336 282
218 549 417
415 576 347
120 585 320
360 34 496
718 490 271
605 585 314
171 430 288
195 173 284
207 243 337
236 74 351
176 396 276
70 34 346
640 99 326
170 158 439
26 27 422
139 35 466
5 138 474
41 24 496
536 374 296
158 250 368
265 40 286
283 373 289
312 437 255
231 358 424
29 280 500
269 672 257
27 250 492
489 414 475
656 370 301
70 52 303
230 301 321
402 487 480
498 159 311
332 152 396
382 50 463
34 180 468
107 178 251
359 527 298
610 163 350
198 232 338
568 66 404
537 67 360
216 308 423
329 622 302
314 134 428
112 597 395
464 497 432
416 513 450
612 270 371
551 672 319
64 514 410
215 640 260
105 330 256
151 233 351
51 240 444
459 388 366
159 12 464
23 462 250
586 2 291
332 127 346
4 215 347
484 317 415
81 148 316
11 511 262
462 175 413
115 419 333
587 190 258
245 215 350
35 10 474
389 384 415
357 206 402
435 99 466
327 396 447
103 145 379
336 664 308
367 147 374
671 397 294
509 411 471
22 645 305
117 577 347
82 12 289
411 183 474
734 654 257
675 220 264
13 552 295
106 29 316
38 47 318
382 180 450
330 594 392
311 103 371
597 624 284
346 446 348
222 573 350
476 431 405
404 539 349
397 77 379
404 362 381
492 391 377
292 259 325
509 308 391
537 400 356
264 474 393
531 9 419
677 518 254
536 562 374
95 54 497
118 421 490
464 395 456
472 110 265
364 102 385
552 309 347
105 238 440
422 628 312
325 69 349
61 202 456
32 179 372
171 185 346
198 631 287
319 492 412
231 650 326
339 79 309
263 583 278
482 363 380
357 2 264
19 242 368
541 334 446
397 61 433
157 193 439
513 686 283
228 83 268
130 509 474
301 497 443
600 633 316
424 79 327
533 397 342
429 357 274
269 166 399
224 416 340
306 267 381
126 279 456
355 349 419
377 286 395
487 98 291
430 426 332
226 217 500
638 90 353
445 37 461
25 192 403
405 41 314
96 362 456
396 76 446
435 471 456
560 335 389
125 31 345
397 541 352
2 305 490
41 170 494
594 427 306
297 644 304
144 308 445
110 471 254
198 359 393
23 144 283
365 108 494
209 141 446
410 174 330
398 94 488
55 8 255
274 240 343
508 543 257
74 76 288
281 250 474
111 32 445
415 296 437
162 623 339
336 270 470
261 87 496
3 572 320
263 235 373
58 101 319
529 325 438
241 479 465
402 26 422
393 4 426
163 304 404
33 64 441
352 518 410
145 495 311
493 95 489
430 386 368
275 244 330
299 400 372
88 100 456
206 703 289
346 673 267
337 182 328
3 343 482
272 196 492
257 309 358
355 340 437
532 563 281
617 3 367
219 160 354
399 122 498
554 209 333
281 373 477
580 355 319
279 69 452
414 669 288
407 343 250
377 484 381
144 324 440
518 58 429
48 250 425
528 301 344
445 414 453
345 361 458
348 354 304
431 612 381
578 599 364
414 254 399
293 77 479
125 517 451
318 191 483
33 6 439
253 65 499
399 29 466
226 340 461
463 579 364
323 455 265
330 321 496
225 153 253
162 326 398
478 450 403
193 61 417
333 371 478
9 677 291
454 148 456
412 20 389
78 139 281
282 113 395
157 134 313
508 299 426
481 54 476
331 591 306
481 89 325
367 58 465
507 477 280
122 688 266
155 689 259
635 54 318
410 408 470
588 369 388
326 369 370
503 500 386
80 31 494
458 591 314
412 389 443
247 283 263
236 88 475
552 548 324
16 216 425
439 687 303
630 467 359
388 331 297
487 70 446
397 607 325
210 314 256
132 483 449
625 520 293
412 419 420
93 679 272
654 60 297
475 228 378
394 51 423
162 508 393
217 428 386
394 39 490
282 398 474
112 17 478
512 103 477
610 525 290
46 244 332
730 645 260
469 570 262
389 38 349
508 374 298
476 486 482
249 255 458
374 87 413
319 245 310
304 285 354
405 184 366
3 300 350
556 361 381
226 352 383
92 248 447
345 46 404
623 295 259
427 347 362
375 653 332
460 539 445
286 450 333
275 631 253
231 137 315
78 97 470
39 299 333
223 251 407
343 498 285
285 451 261
256 154 431
631 482 350
689 423 267
506 87 415
452 289 424
311 488 368
331 366 276
287 274 400
7 523 347
365 526 330
17 66 272
501 68 414
217 377 327
154 124 446
355 151 331
649 66 256
376 53 298
109 282 349
294 449 294
537 34 451
198 412 494
56 357 378
101 675 269
620 141 322
296 401 377
534 312 441
24 316 251
245 422 394
245 75 452
667 588 313
19 665 316
549 181 443
33 518 281
582 637 347
13 43 482
24 79 489
96 584 335
117 493 399
210 490 267
227 355 355
181 434 348
606 651 288
411 221 394
483 511 457
293 590 265
358 591 399
447 666 299
429 312 415
282 207 475
221 525 369
327 133 326
413 403 472
75 200 324
426 540 268
555 357 344
357 641 312
175 508 254
148 38 436
207 419 357
319 54 307
192 161 400
388 231 417
395 320 356
25 219 358
360 524 252
389 109 347
343 251 422
323 24 362
320 123 416
280 318 333
49 305 385
171 569 302
530 453 419
352 441 474
184 2 275
128 470 295
696 12 254
482 456 361
408 502 455
496 124 489
571 531 369
458 251 466
291 174 289
484 387 454
104 427 401
107 39 481
241 301 462
155 265 373
530 521 382
5 327 436
464 184 472
249 25 403
407 401 320
414 30 487
4 476 476
124 48 430
201 345 251
168 103 378
321 368 265
543 366 406
473 401 405
546 276 419
424 505 390
233 62 280
274 469 439
579 42 372
103 513 352
85 428 476
533 57 403
701 664 278
487 509 379
455 607 340
212 417 460
46 43 487
192 157 428
639 546 291
321 276 499
320 469 361
22 443 437
645 223 300
435 425 471
226 94 320
130 460 491
241 313 454
536 583 411
195 511 471
484 259 342
233 21 258
97 597 393
407 521 467
551 584 299
519 341 253
541 348 373
387 40 491
421 198 274
529 196 294
260 576 263
588 536 302
333 310 492
61 594 257
362 478 405
561 155 398
63 107 424
602 460 356
539 41 409
223 78 292
110 297 449
63 37 377
651 254 307
408 50 260
168 300 447
299 527 363
386 150 348
673 21 262
501 498 490
376 442 435
432 173 397
695 9 257
106 326 462
250 521 276
57 349 437
156 515 291
190 161 432
588 580 371
159 66 496
382 421 433
540 3 301
108 246 480
380 126 339
162 517 348
589 43 299
265 413 414
450 443 452
502 72 459
114 373 369
5 6 259
374 119 305
378 465 375
425 629 350
707 171 254
501 24 352
161 138 401
168 167 268
546 366 300
246 497 361
715 267 267
130 334 482
588 559 303
328 317 408
249 552 330
157 533 348
232 358 335
493 366 475
583 108 393
475 317 323
141 433 446
148 291 266
491 72 494
596 593 264
44 220 357
346 637 335
16 604 360
181 391 412
247 314 362
416 684 263
258 272 475
43 423 259
654 29 256
450 514 460
4 406 349
470 17 351
128 481 385
60 91 258
402 391 494
563 84 321
70 376 430
407 95 401
381 575 322
562 9 343
273 511 403
392 443 330
224 379 360
465 422 383
186 267 282
616 512 358
248 382 361
95 194 457
113 129 437
33 211 373
298 264 315
191 479 257
526 232 300
399 518 438
244 102 451
21 42 429
200 260 437
627 565 362
101 194 493
460 635 334
211 255 255
533 137 274
219 298 484
176 67 320
272 139 280
102 266 318
146 401 323
572 139 346
93 162 361
136 83 463
230 335 435
320 211 270
312 527 425
500 688 278
437 415 471
140 122 454
59 320 316
71 47 468
589 285 324
301 174 418
475 193 385
15 449 449
321 148 391
450 89 453
425 218 305
251 508 439
287 218 289
355 594 295
66 176 399
645 206 313
715 181 276
300 442 257
30 10 343
208 97 325
86 284 382
402 548 398
289 23 467
24 200 487
46 211 391
702 93 280
469 600 305
183 544 444
152 473 381
559 414 312
541 380 367
209 484 437
174 418 280
488 23 264
578 589 400
429 221 347
402 631 343
416 505 282
504 172 322
349 547 392
405 330 430
645 302 272
376 13 301
453 197 418
457 461 270
656 503 250
122 307 411
271 399 273
308 209 255
65 564 295
106 486 456
309 262 281
544 176 372
481 217 409
112 424 302
181 446 457
530 406 427
496 520 468
37 239 443
291 53 494
56 402 274
260 501 388
325 417 385
328 302 442
405 445 499
543 540 434
82 501 472
173 63 297
60 179 384
663 651 255
558 488 371
3 369 408
560 469 276
448 347 294
690 132 260
568 263 357
379 331 496
571 68 253
580 419 326
88 96 313
137 590 333
106 386 450
349 475 259
138 435 447
108 396 278
556 465 435
421 126 417
171 432 375
463 42 414
220 130 490
253 349 446
515 267 317
115 4 386
284 575 385
477 235 406
396 426 452
444 302 284
6 591 297
243 318 414
263 92 481
314 491 462
324 675 298
442 194 299
442 366 387
375 667 269
80 465 324
17 40 429
93 167 456
251 446 485
500 569 418
200 183 311
6 299 480
481 398 428
76 165 360
612 546 381
24 101 401
266 490 272
169 383 481
649 477 337
228 257 269
552 399 285
24 405 481
364 450 450
261 523 447
589 515 322
254 152 297
496 324 313
152 238 292
509 159 458
127 47 305
514 58 290
475 110 448
673 688 270
14 184 356
42 18 256
502 424 459
324 32 498
260 132 473
268 317 260
534 76 406
484 197 446
267 540 269
157 250 259
7 333 336
8 263 460
497 244 358
575 436 375
169 436 316
202 175 369
37 427 488
369 402 394
261 326 481
569 351 327
143 607 320
222 149 453
630 679 277
520 128 285
200 67 341
243 312 278
137 115 495
92 164 483
64 5 447
195 70 406
271 146 381
565 610 264
50 287 392
36 152 342
217 491 265
414 145 270
452 315 258
11 327 393
21 52 366
500 524 323
429 38 267
387 1 327
512 253 323
103 101 439
68 219 412
23 163 434
235 266 390
655 450 262
406 117 464
335 420 443
466 571 252
142 541 417
556 579 365
47 210 366
370 386 445
89 385 439
386 535 285
330 38 464
4 177 433
179 234 256
428 695 287
91 359 409
499 369 392
549 332 315
262 325 384
536 507 391
136 445 303
402 183 455
232 26 344
347 204 433
204 221 365
155 151 489
370 411 473
491 83 346
94 27 377
569 382 305
109 247 251
282 513 455
119 301 449
452 74 362
715 59 262
247 163 318
206 293 332
57 287 281
387 300 489
545 307 256
12 689 271
15 383 277
254 189 311
294 469 345
4 182 405
588 131 404
394 302 438
498 609 384
7 257 436
194 541 439
202 73 388
543 485 344
620 322 307
483 180 388
664 224 306
252 427 310
181 260 462
87 458 493
542 66 395
185 307 292
643 415 299
307 519 337
302 129 377
83 324 482
204 499 402
117 628 343
215 125 465
512 578 413
20 624 276
110 522 465
470 108 333
530 198 293
297 364 356
127 143 415
259 292 435
267 639 324
79 449 497
106 152 493
335 268 359
16 233 303
92 413 465
349 647 343
674 23 261
139 147 462
253 35 465
450 673 250
477 144 413
524 235 439
19 18 352
659 455 304
599 378 289
276 522 311
302 24 295
205 374 353
483 215 278
383 292 303
359 501 435
309 164 359
185 362 415
79 337 310
334 198 440
351 44 275
455 305 404
729 51 259
456 61 499
450 398 300
686 614 295
355 506 476
425 238 330
527 542 427
542 133 352
553 293 333
425 602 323
290 441 383
310 298 312
348 361 317
303 183 498
137 266 367
364 489 396
389 45 293
488 456 408
436 67 320
365 63 376
285 353 320
329 260 301
184 496 298
197 288 260
8 115 403
473 563 420
75 362 250
466 564 421
45 192 271
187 522 324
175 108 478
463 612 298
198 246 395
424 16 387
390 339 265
624 136 253
77 26 272
503 289 391
350 209 400
526 364 374
3 302 410
404 161 321
357 290 335
261 44 462
486 455 368
266 142 491
330 324 494
317 194 492
698 60 275
313 177 308
55 246 367
296 415 498
556 628 259
462 501 294
547 1 428
126 249 436
650 143 290
233 444 322
595 203 351
537 251 444
170 450 345
595 467 383
77 227 443
509 201 328
125 523 341
396 299 355
330 50 389
506 317 268
214 214 345
268 329 367
258 344 454
98 316 349
82 397 393
75 349 272
219 284 488
606 237 302
84 192 458
145 332 433
256 359 424
117 130 367
330 368 390
282 458 424
314 396 253
502 650 261
156 373 340
274 189 381
435 382 420
448 504 399
156 248 471
367 42 334
35 257 337
248 430 320
119 177 497
49 458 278
398 266 387
222 502 477
3 242 301
295 304 359
393 269 432
509 214 390
260 614 374
304 61 376
354 425 480
260 147 475
34 363 500
83 246 304
134 643 263
287 84 271
401 443 323
403 579 381
661 177 321
641 242 331
418 222 435
621 78 283
338 524 425
382 168 355
504 523 451
59 172 422
429 551 286
471 483 365
165 567 311
471 144 363
104 188 425
304 70 256
610 137 283
159 286 478
538 541 252
108 362 341
391 101 442
207 99 279
363 373 463
174 20 286
446 163 287
567 625 314
528 190 264
285 212 396
160 333 280
178 400 344
431 113 286
66 258 456
326 529 276
227 64 393
370 360 485
217 193 273
151 265 409
316 557 382
204 473 442
461 589 363
267 548 346
6 17 495
208 373 478
219 353 356
125 343 411
210 403 474
661 198 322
184 434 468
260 404 417
474 360 308
48 572 254
44 26 423
286 113 384
370 208 470
166 233 416
544 452 414
240 445 399
105 428 329
410 190 486
299 526 416
437 421 460
583 646 342
467 537 260
161 366 483
492 257 436
185 271 373
69 421 441
285 162 383
558 18 275
482 226 373
528 365 256
468 362 405
18 521 440
586 588 327
290 249 475
359 316 487
53 165 384
683 51 266
339 340 469
644 27 260
466 152 414
65 603 270
504 204 350
61 246 314
545 564 381
37 388 486
3 603 378
701 403 256
181 216 386
601 296 375
13 53 399
648 182 294
304 237 318
32 471 434
277 281 422
575 183 337
548 62 446
484 502 420
18 272 445
562 275 373
197 398 468
317 477 429
443 18 412
203 485 410
346 303 461
279 459 354
282 9 266
549 9 372
257 299 377
333 207 417
327 590 403
120 232 489
183 155 498
204 250 388
523 178 303
365 434 468
115 7 346
569 423 357
431 112 279
189 645 314
697 471 296
333 197 348
162 446 478
495 33 460
491 610 331
478 378 420
329 330 494
281 487 273
433 362 494
293 527 414
174 444 447
214 33 332
332 528 322
462 32 421
562 369 431
401 234 261
404 232 375
379 176 342
157 672 297
7 16 282
36 360 352
511 213 314
379 385 383
299 252 484
348 150 251
599 232 378
707 140 282
505 572 328
325 333 297
230 118 441
22 89 290
208 151 428
402 468 434
159 208 411
645 125 296
200 163 362
469 6 301
229 378 296
409 465 423
629 494 265
416 395 269
10 263 496
116 182 347
293 448 412
346 347 282
251 215 362
527 253 299
488 407 439
440 41 266
56 55 412
151 176 414
499 400 400
504 503 473
332 325 471
12 498 266
408 1 352
465 33 481
149 363 280
373 395 297
197 423 334
511 458 350
561 188 381
31 311 328
194 174 402
135 557 302
19 72 272
186 269 259
633 468 256
481 494 436
91 642 260
542 367 370
54 672 254
527 399 387
95 522 462
438 301 315
304 388 477
500 617 271
101 173 494
234 449 385
346 263 253
90 403 360
295 478 422
420 328 382
281 67 442
596 173 309
621 12 323
534 551 345
520 303 292
584 242 399
165 432 448
649 132 293
68 287 443
542 255 417
124 136 338
32 424 459
19 262 470
322 487 412
371 510 475
578 531 380
387 209 368
127 235 495
637 243 265
169 550 425
364 323 355
464 511 354
327 336 426
125 454 312
591 39 369
194 475 458
342 396 290
104 321 436
420 466 455
235 3 292
390 340 471
484 415 316
577 40 287
533 93 253
288 329 337
202 415 421
184 668 251
74 109 486
156 288 373
246 486 268
367 40 469
328 279 450
151 66 340
147 104 282
68 517 305
348 108 449
213 450 377
537 172 415
27 253 424
668 206 291
602 236 347
470 185 485
452 619 349
241 569 347
615 99 361
122 479 305
438 256 316
338 533 317
594 277 309
533 324 262
324 475 432
186 261 437
545 583 344
193 538 294
41 395 292
602 191 364
88 490 467
540 561 403
76 200 432
426 374 453
200 35 407
322 96 499
442 11 398
47 402 362
61 173 370
104 142 486
506 107 377
77 341 414
517 380 406
292 181 385
443 445 407
199 264 282
520 93 384
578 356 310
200 542 429
19 140 318
104 499 480
401 485 320
66 441 407
265 154 321
603 677 269
628 502 311
36 323 451
183 473 403
474 3 460
404 197 439
169 519 324
296 15 404
433 211 315
437 188 443
362 330 263
546 36 362
299 117 435
540 339 421
565 14 306
332 83 392
81 236 456
296 2 497
617 414 376
34 285 365
113 121 442
29 135 307
239 268 348
256 410 452
556 74 265
370 139 304
271 64 277
550 380 440
567 14 328
507 53 398
217 274 418
306 126 491
433 338 478
61 290 305
244 235 452
624 313 288
3 418 405
317 47 464
454 567 271
640 170 345
472 451 344
591 404 345
261 585 287
201 83 447
485 74 273
501 37 308
539 524 427
418 526 426
42 228 448
534 118 331
23 448 480
620 43 349
57 128 336
182 393 290
347 323 480
269 610 312
371 249 490
343 175 428
443 345 442
131 275 325
284 460 482
114 205 417
54 140 479
123 434 266
201 116 468
492 11 490
301 449 250
143 67 441
442 478 385
228 51 365
268 79 458
250 335 417
599 6 357
125 72 499
325 529 366
728 661 253
92 351 358
688 711 271
676 402 272
586 135 381
617 280 306
690 383 288
193 426 457
138 50 500
149 402 412
440 407 258
77 108 455
250 106 426
631 448 305
168 82 424
35 473 471
547 451 338
361 128 254
611 500 308
383 551 430
165 386 395
426 476 411
379 448 385
173 425 380
105 186 491
455 272 365
471 618 324
254 380 438
135 15 383
301 233 274
47 338 439
302 370 485
622 301 366
437 483 280
553 35 410
46 48 382
482 167 353
360 665 299
488 50 486
547 191 445
456 102 498
243 395 443
211 464 401
79 275 360
90 625 359
100 162 378
349 75 484
125 206 485
219 119 375
320 209 490
143 256 281
420 341 453
417 44 421
504 193 461
64 521 408
408 388 492
83 96 393
433 439 403
207 399 323
461 103 470
96 681 305
256 29 430
257 212 386
389 531 392
102 134 401
492 16 468
45 360 358
515 361 366
386 221 438
636 9 304
47 97 396
130 290 443
399 382 430
105 41 373
68 482 451
92 330 252
482 83 342
209 245 500
106 257 444
94 130 490
535 133 453
70 250 445
556 707 254
421 87 490
204 331 329
62 465 263
499 143 283
188 37 466
313 27 294
425 340 352
272 261 492
566 129 292
646 643 263
322 160 315
267 33 495
393 67 335
354 57 273
260 90 446
186 412 478
85 121 341
76 399 470
695 466 254
615 35 379
391 77 368
653 158 328
145 293 330
240 519 463
515 167 478
17 312 482
63 284 359
233 512 482
439 271 491
130 79 349
437 10 457
113 257 361
62 89 456
153 108 481
180 318 456
622 381 345
257 163 343
651 280 310
208 663 251
169 103 374
301 578 344
158 574 335
449 679 284
430 593 274
635 357 262
411 50 395
472 441 475
350 279 428
316 486 306
126 141 426
468 483 359
475 487 485
460 74 391
211 190 497
393 472 422
57 215 447
163 130 289
164 318 287
326 350 407
380 683 311
472 165 335
317 57 302
441 476 437
492 464 426
17 535 320
479 138 398
650 299 317
416 34 341
441 233 305
489 411 494
120 30 483
492 248 359
173 624 347
167 564 376
314 195 434
205 51 285
222 13 443
529 134 394
429 227 492
68 86 445
11 245 329
453 358 409
583 603 303
398 434 479
407 515 402
151 282 334
331 58 402
107 154 375
468 341 438
570 45 335
43 695 288
162 427 499
312 30 456
574 177 292
695 195 263
80 154 428
529 141 364
79 476 395
175 287 372
60 141 481
511 58 375
308 508 283
598 11 358
164 62 490
7 391 435
394 187 296
239 58 496
137 464 277
264 299 424
26 264 272
559 119 356
155 191 434
451 240 384
390 277 367
116 358 355
110 510 288
376 14 326
21 105 466
479 103 366
425 118 369
205 518 474
497 275 328
611 619 353
472 545 319
443 252 431
393 531 260
36 550 443
278 119 355
549 596 319
584 209 306
372 487 262
440 217 427
681 214 285
283 445 394
351 337 294
276 180 461
403 7 293
140 509 310
29 577 293
29 324 400
206 342 470
104 87 361
176 502 271
300 478 483
433 500 296
306 144 446
448 120 403
331 501 293
17 579 305
493 181 470
394 270 318
517 84 381
559 512 370
102 492 296
143 320 290
38 422 293
622 627 258
382 105 498
34 85 258
78 290 451
276 552 271
208 230 459
473 535 387
88 633 299
392 411 497
538 431 250
454 61 279
366 594 395
480 238 303
516 243 364
466 108 356
370 553 418
442 17 498
285 322 428
604 503 351
122 68 300
358 281 412
42 592 298
203 369 417
67 471 375
266 81 286
87 72 419
381 319 371
383 274 315
401 471 427
262 45 378
225 510 402
126 631 347
225 486 449
447 91 301
366 454 398
384 21 486
305 318 253
403 113 498
198 42 489
230 81 337
1 253 403
569 597 306
420 174 303
480 394 399
447 252 272
497 266 460
13 9 359
260 531 432
410 124 481
136 497 251
452 284 496
55 287 455
522 512 298
22 447 450
297 140 491
469 188 420
7 60 294
584 196 376
568 186 261
496 100 355
224 78 473
446 498 495
432 270 263
373 532 386
663 114 327
115 237 475
483 562 405
319 643 331
269 238 442
205 305 363
106 271 302
65 228 361
502 331 405
411 368 289
293 585 272
63 328 420
163 445 465
268 93 458
83 458 484
413 317 312
212 262 449
148 539 454
137 518 306
117 419 339
262 327 463
431 252 383
177 439 492
103 130 300
466 65 463
171 291 365
141 67 382
205 379 273
396 294 490
512 242 359
376 348 488
344 352 298
237 575 294
649 24 327
481 352 500
269 362 266
619 143 280
434 703 283
157 390 397
642 702 291
160 209 358
681 136 303
401 108 295
398 144 294
261 13 372
243 81 303
641 568 303
413 176 466
299 98 327
227 499 367
121 51 308
27 369 471
580 532 400
254 386 426
265 422 456
24 626 321
293 288 472
561 28 307
255 330 308
52 94 346
221 433 371
265 208 259
23 381 372
354 192 495
259 36 306
391 412 430
411 239 303
72 14 462
35 316 299
243 196 421
310 523 468
546 187 384
291 135 459
158 309 426
310 253 442
132 155 275
466 144 396
584 677 271
306 634 317
34 243 435
521 493 395
342 81 357
465 206 271
556 348 324
372 74 291
93 368 449
695 646 280
285 420 274
343 135 420
14 24 292
145 147 475
47 407 406
575 44 416
455 345 327
332 538 419
342 591 319
546 496 433
322 219 476
289 197 487
448 419 255
226 419 476
534 226 434
607 644 277
476 424 496
417 137 360
134 104 374
377 354 494
596 129 373
431 176 254
353 192 437
106 334 254
557 162 392
15 396 380
443 65 352
17 404 355
370 380 314
516 239 291
172 50 274
27 210 375
316 586 276
456 135 399
677 171 296
447 503 295
355 285 428
511 318 483
5 376 330
68 515 324
99 383 388
36 171 322
269 345 273
695 26 255
32 395 399
473 45 465
221 505 420
598 534 381
367 45 296
421 134 361
439 288 353
474 394 446
261 401 352
265 512 450
204 534 270
460 297 485
523 285 282
445 323 332
673 95 297
301 525 364
372 229 334
417 198 352
211 663 327
109 320 453
409 123 370
614 539 270
400 382 385
56 353 419
499 60 423
264 378 383
233 506 402
645 454 290
242 32 476
128 152 391
14 520 392
495 116 347
526 256 309
104 196 434
271 562 402
299 162 264
143 385 305
170 251 436
193 509 304
414 208 328
557 383 389
555 57 264
559 70 374
74 81 362
105 204 408
428 294 250
199 504 478
95 122 262
267 96 278
129 95 451
174 314 449
375 31 350
223 464 361
295 208 437
112 143 346
231 76 366
6 301 335
374 492 473
272 574 272
399 506 481
231 394 402
16 294 336
30 433 426
483 222 404
28 412 491
335 350 335
444 338 481
159 320 256
572 302 261
538 422 359
363 407 429
124 59 374
498 402 399
657 357 309
21 360 251
417 302 454
610 357 349
212 239 326
282 286 360
489 280 288
111 346 440
276 573 333
1 497 465
512 40 459
151 335 385
306 77 479
3 58 492
89 205 491
47 129 472
364 164 335
564 144 303
54 527 266
482 274 467
479 257 427
535 66 310
518 690 278
221 594 294
207 467 306
218 273 454
5 647 338
231 74 350
428 358 426
76 634 279
75 414 491
386 569 340
198 388 437
263 202 473
337 318 346
458 38 430
159 370 440
73 381 484
514 173 374
173 186 355
94 375 392
495 598 370
608 352 356
160 370 442
214 393 385
385 281 363
276 3 382
263 380 483
653 47 341
216 508 252
196 230 289
460 266 480
147 236 410
318 66 445
569 88 404
246 72 331
172 25 392
502 422 305
593 293 302
201 114 486
116 505 302
361 122 462
492 573 371
442 311 318
443 170 475
493 278 445
364 377 322
45 178 455
520 377 294
40 173 452
5 9 405
462 495 482
241 343 375
614 133 259
548 57 309
694 384 260
655 239 314
51 139 309
488 285 447
301 12 458
10 216 367
8 52 421
345 418 318
36 111 499
2 662 295
424 377 478
97 163 316
503 482 294
281 514 319
479 193 422
438 157 361
238 603 379
259 293 473
60 120 250
282 381 460
42 81 414
532 46 408
484 267 413
349 190 405
254 240 463
146 521 382
474 354 313
96 552 381
275 152 424
440 249 398
325 174 488
80 116 260
203 528 319
337 327 474
575 48 402
92 200 431
564 351 413
571 504 385
92 416 463
680 646 281
508 281 255
532 42 367
136 311 283
62 386 464
263 212 285
352 568 283
74 441 483
5 244 407
220 415 393
306 711 256
302 12 428
44 59 431
194 530 449
298 431 450
327 325 282
211 476 441
538 379 445
412 396 343
87 435 411
445 8 473
324 388 290
7 345 292
279 71 271
281 312 394
619 250 262
301 447 286
323 67 260
75 45 262
239 81 347
253 556 393
256 158 477
425 228 345
131 423 317
231 210 386
631 449 284
172 667 268
305 232 416
270 242 389
216 491 373
280 306 408
39 530 322
329 460 386
167 49 399
520 478 314
260 109 380
61 192 291
361 356 468
162 169 500
162 400 293
325 29 257
217 442 485
331 115 398
122 354 358
36 28 337
540 327 292
115 528 276
423 102 448
317 346 388
550 332 349
354 119 428
11 516 471
350 541 414
533 218 254
43 371 454
358 227 476
373 295 445
123 259 364
128 78 466
218 150 437
213 184 356
588 164 381
82 527 365
288 262 354
400 90 374
70 567 384
626 590 343
77 197 357
489 571 264
611 358 299
640 109 336
513 440 251
471 225 290
169 177 394
362 343 456
416 194 281
193 467 329
215 298 387
351 520 469
590 550 368
25 612 313
196 84 448
100 215 348
622 436 338
123 436 488
423 554 360
451 462 395
676 484 255
183 703 260
410 219 476
464 504 393
322 8 451
181 75 481
417 634 329
119 425 456
519 327 460
438 189 471
658 187 313
88 389 354
311 52 312
5 535 386
665 630 305
88 457 437
439 387 383
518 551 377
433 705 284
466 254 297
560 206 389
28 733 255
18 481 448
532 650 316
68 174 282
60 337 357
241 118 258
108 470 491
445 492 490
379 158 276
252 225 492
120 319 328
481 119 319
514 397 460
67 408 459
49 213 341
190 392 491
150 718 254
32 400 493
28 428 376
417 239 485
72 439 488
140 313 467
114 510 429
202 64 450
228 106 469
530 556 278
284 600 252
579 18 395
273 145 276
217 526 380
267 369 423
237 129 441
188 687 265
132 192 427
335 523 453
289 273 470
136 20 457
310 167 393
504 173 443
425 144 492
402 258 480
681 315 289
661 489 330
305 463 257
140 33 358
442 20 377
500 198 315
181 302 369
87 336 350
46 388 345
463 421 495
333 458 354
338 465 462
48 302 412
357 184 488
115 117 365
702 122 271
592 386 390
205 97 478
476 567 303
357 262 368
346 307 381
302 126 409
293 66 343
252 295 437
428 204 279
509 57 381
206 524 413
450 269 290
191 111 450
99 92 251
351 425 448
139 555 303
304 461 404
28 132 446
244 70 301
122 73 387
446 247 500
605 655 313
204 298 406
680 418 272
477 241 393
155 319 475
52 152 427
603 367 377
157 357 383
456 427 283
321 426 440
353 421 300
365 103 392
512 330 447
17 177 377
264 10 261
335 82 389
461 636 356
113 508 392
251 96 390
36 641 260
486 350 467
104 328 479
204 458 376
398 16 487
188 183 401
259 316 347
626 594 367
297 254 391
358 258 491
100 36 319
293 188 376
117 387 340
400 70 424
13 63 322
188 52 355
334 683 288
536 515 448
207 264 308
565 505 328
28 458 410
155 74 314
35 39 275
422 164 439
24 348 462
145 397 472
409 42 405
308 445 314
418 105 478
432 525 381
355 191 307
132 116 487
50 342 495
410 320 285
596 392 315
641 626 286
52 159 358
78 375 457
75 317 406
577 518 295
322 142 260
506 366 471
327 358 420
194 214 270
542 187 433
225 136 288
347 518 251
141 199 490
425 233 454
395 9 463
382 52 449
488 598 250
571 396 271
353 281 259
499 317 417
204 536 401
596 399 377
444 299 491
283 189 265
245 372 259
266 331 422
286 238 492
599 539 288
405 134 419
23 642 327
438 99 396
403 83 310
133 72 424
145 137 350
458 134 328
338 676 257
69 237 306
469 234 396
273 423 450
472 443 391
599 271 327
415 518 267
53 399 476
293 143 497
472 21 500
49 487 254
195 617 317
300 588 313
88 551 269
289 271 424
623 78 360
240 372 396
551 578 350
67 213 456
474 488 285
327 79 455
348 516 367
137 244 288
125 300 268
364 237 344
91 607 349
56 88 481
122 369 387
452 134 310
160 679 305
79 670 300
207 124 444
617 426 326
397 475 257
319 15 306
411 373 456
168 189 482
376 404 355
325 131 338
370 396 497
464 64 484
108 489 323
107 207 418
583 446 254
121 249 298
297 200 493
27 298 415
132 57 416
507 354 463
135 138 335
233 460 490
15 31 279
399 422 488
266 421 370
127 289 380
17 367 254
408 321 421
258 87 402
560 257 389
508 453 424
107 112 441
73 436 412
477 32 410
381 372 422
316 281 384
223 246 330
133 485 376
365 197 360
353 555 380
10 8 308
248 41 252
499 419 391
329 73 289
89 446 401
279 60 285
276 409 401
224 285 252
159 657 322
534 49 281
197 200 462
247 387 433
558 55 350
38 508 347
239 386 258
598 510 372
139 454 467
294 114 415
357 508 398
183 331 265
137 387 399
310 397 323
580 107 335
284 346 317
310 33 447
250 482 376
87 71 411
337 451 373
252 513 305
417 643 344
260 102 314
145 501 356
647 640 318
244 276 358
188 530 363
210 505 315
397 524 312
12 616 314
391 644 271
598 578 330
439 113 372
377 17 487
445 79 251
577 731 251
543 367 384
606 88 312
168 304 330
98 409 419
149 480 340
472 61 497
413 302 438
418 167 433
376 69 457
260 67 390
85 252 297
634 359 357
227 90 269
537 240 341
243 168 282
547 413 315
114 483 431
210 379 409
446 139 445
520 532 397
469 206 449
340 66 281
195 332 381
176 442 370
656 422 293
347 156 445
268 25 465
28 80 400
328 264 438
589 200 259
672 501 307
152 371 438
561 270 363
626 216 252
135 328 288
355 67 331
295 147 482
219 263 375
626 102 359
82 33 395
193 443 391
179 87 435
141 186 417
417 236 436
162 376 310
483 538 432
621 466 258
104 171 488
140 198 341
68 507 328
12 540 307
350 394 373
258 466 468
387 371 313
602 92 302
524 444 457
449 378 332
281 614 254
76 523 454
206 65 380
216 85 478
240 153 411
257 41 484
516 157 388
159 445 380
77 302 413
37 313 447
64 384 458
372 200 367
447 206 334
515 14 429
82 243 436
19 213 400
168 217 346
45 265 492
499 203 462
267 469 281
85 382 320
45 154 412
453 168 386
225 354 369
193 471 367
513 181 399
397 320 385
632 227 287
399 378 463
476 286 388
341 313 464
334 152 464
676 320 265
476 283 403
459 298 379
427 606 333
63 167 494
315 482 426
38 331 395
144 467 276
486 234 456
360 401 351
186 198 472
138 389 490
543 220 394
685 146 289
609 251 360
551 525 261
515 506 476
275 10 371
8 2 319
10 195 376
8 500 281
33 390 258
351 93 487
538 283 261
663 345 282
356 504 396
512 280 293
588 124 381
457 628 328
365 394 354
659 142 295
423 579 409
482 360 418
406 248 350
229 470 415
17 452 405
464 80 262
364 581 325
118 65 383
328 241 383
264 523 445
90 320 491
340 532 408
675 453 252
26 12 496
335 210 336
221 377 437
156 307 428
371 191 356
43 268 443
479 152 443
266 33 274
170 304 439
81 336 286
614 147 334
411 302 406
422 84 269
256 286 308
584 47 366
416 416 465
284 228 407
359 77 266
282 205 387
364 503 341
30 390 283
600 17 310
232 410 250
593 456 269
302 605 357
102 206 408
397 387 303
68 422 476
11 149 432
12 5 381
482 400 500
561 315 429
151 32 379
301 563 418
502 84 377
286 160 496
679 716 252
302 450 498
62 367 458
359 470 400
444 547 324
78 525 264
165 18 407
575 233 348
210 371 320
421 428 314
326 535 346
575 41 363
305 42 261
541 461 416
255 492 255
250 184 468
229 385 453
216 407 321
7 641 309
491 286 419
185 162 351
247 412 255
390 155 367
28 433 347
391 278 424
288 500 418
418 299 483
327 291 314
370 167 320
562 457 302
387 194 494
50 50 436
269 338 364
97 285 347
179 129 497
10 518 476
144 116 256
315 426 427
37 267 435
352 427 500
133 275 459
74 279 347
45 109 270
441 156 447
586 290 372
437 135 394
595 111 397
145 361 407
487 155 497
314 383 414
184 101 334
295 360 411
529 491 254
101 304 467
534 359 393
11 691 279
274 600 370
46 306 372
445 254 333
201 305 493
69 630 363
305 544 267
359 131 441
78 585 330
8 37 395
443 190 429
508 366 278
396 173 410
92 273 379
460 147 383
717 621 253
454 444 352
501 549 441
31 316 490
125 463 385
30 79 365
618 346 325
392 89 307
518 195 459
569 151 286
1 169 496
335 296 287
148 482 476
410 125 443
622 198 372
480 99 325
100 206 442
444 538 263
310 468 418
84 385 459
80 194 339
571 4 284
142 97 485
414 523 354
144 658 326
450 371 397
464 682 266
278 479 432
147 614 378
5 378 420
204 119 416
486 372 290
146 86 483
482 166 446
206 332 280
512 389 425
482 436 305
57 420 261
473 363 477
432 195 500
457 464 362
608 307 350
1 77 401
364 25 459
63 341 432
339 148 352
79 22 387
586 7 319
134 500 429
208 347 487
108 182 430
568 252 279
92 230 352
143 452 495
338 188 347
605 652 342
205 98 449
110 354 479
214 193 276
265 195 495
291 118 368
466 177 319
136 420 383
433 455 371
353 124 473
663 710 278
210 438 298
272 280 482
73 563 369
222 341 296
333 328 480
49 520 325
81 273 494
24 55 489
616 385 345
72 623 270
579 315 289
294 286 348
448 460 452
27 89 477
172 193 369
425 274 342
329 128 289
429 313 486
455 486 312
298 436 469
354 83 462
706 273 285
356 583 363
221 374 422
138 425 474
142 464 401
448 215 468
97 333 296
160 411 254
622 528 306
569 443 261
616 325 348
38 548 377
525 498 442
206 223 449
453 528 427
142 325 352
551 439 403
210 87 407
219 327 417
420 367 284
631 428 251
503 549 358
629 178 325
397 276 385
324 504 389
518 98 275
73 355 429
68 149 415
455 526 369
205 178 440
562 646 344
352 632 349
30 391 425
446 187 268
310 29 368
347 502 424
185 429 452
35 455 419
12 512 469
515 12 269
192 584 282
93 66 347
119 564 320
544 549 355
278 248 372
203 415 391
304 151 397
271 472 280
435 18 478
549 120 301
8 77 438
123 654 319
184 207 253
433 682 277
153 490 373
389 345 269
103 219 279
338 150 367
355 676 301
498 321 324
487 203 377
183 257 366
193 254 294
144 68 288
88 566 337
259 143 297
426 41 322
488 411 416
257 6 406
400 203 495
558 164 336
425 151 474
271 494 352
190 20 313
358 559 254
226 55 411
734 572 260
443 54 275
64 428 498
76 220 468
271 182 357
417 652 337
152 364 436
434 555 272
249 75 398
535 503 449
251 363 342
478 146 328
200 399 468
338 525 385
483 38 453
612 190 355
455 557 267
529 596 354
204 330 296
339 367 400
535 193 403
129 109 339
359 473 466
193 123 497
172 340 366
407 199 495
242 150 322
615 466 363
398 115 356
587 329 338
354 625 314
123 413 474
503 225 461
235 261 466
119 194 398
337 350 432
355 121 461
537 165 447
462 623 325
424 275 270
83 605 351
366 409 334
525 394 282
89 158 413
29 179 405
312 465 344
56 367 323
496 612 301
540 634 358
471 345 278
92 477 256
348 260 404
81 378 295
289 280 303
150 409 313
58 469 346
318 327 250
556 282 258
443 540 380
54 356 301
248 234 404
270 488 457
491 109 320
531 631 276
118 24 464
77 48 317
26 328 338
251 276 317
411 605 367
296 143 375
514 134 282
499 374 360
431 95 331
516 123 325
637 9 269
220 314 467
117 108 269
292 144 480
56 485 309
304 453 357
334 455 364
485 535 457
193 457 440
364 116 489
438 23 329
507 207 425
532 179 362
132 133 428
281 247 372
413 256 395
612 604 260
624 232 344
75 14 412
205 253 466
374 13 442
84 543 447
128 10 279
102 365 354
411 17 426
527 496 459
216 468 404
47 15 254
439 136 352
179 12 359
590 636 283
520 74 436
548 508 407
618 32 350
210 83 500
429 485 493
484 568 277
474 406 470
388 207 433
502 504 375
351 236 388
600 495 352
319 168 399
