1000 50000 107
612 258 4
753 787 15
773 520 17
685 290 19
515 624 12
63 207 10
562 253 7
939 440 10
828 413 5
593 993 6
150 347 18
412 895 17
863 584 3
606 117 8
286 167 4
509 604 18
966 733 1
109 796 15
782 934 14
560 968 13
410 352 18
578 587 12
409 570 1
652 240 20
710 992 7
943 588 20
658 419 18
439 715 4
722 736 1
185 817 17
988 219 6
577 880 20
565 76 8
945 898 18
554 253 5
941 946 14
415 557 14
432 753 4
935 471 17
205 735 1
556 739 20
222 919 4
763 879 7
829 566 6
544 944 3
531 933 10
426 800 9
494 330 12
78 684 10
921 986 6
885 772 6
635 499 14
238 494 7
920 3 15
397 700 15
205 354 11
78 565 14
484 837 14
700 645 14
392 63 10
74 661 7
295 324 10
828 667 8
228 814 1
556 178 7
764 237 19
184 775 7
288 774 11
234 361 3
233 56 1
700 45 15
295 587 17
551 185 5
935 127 6
412 716 20
577 406 13
527 639 1
602 578 12
181 458 12
498 61 7
552 947 6
360 294 17
222 598 7
613 609 12
176 516 17
877 301 1
351 63 4
137 435 17
934 601 20
549 663 17
600 857 4
281 532 16
831 328 5
122 874 20
778 728 19
735 332 11
872 844 11
866 843 13
981 753 16
184 1 1
542 501 12
440 823 14
900 765 13
427 719 19
860 143 9
364 239 9
693 647 10
535 859 19
795 304 14
723 912 1
687 918 14
495 115 9
926 217 16
490 707 6
901 329 13
765 426 18
498 580 4
541 940 17
674 139 8
356 867 16
607 909 6
469 474 1
249 422 11
521 830 7
82 681 3
615 651 16
439 645 17
5 463 2
132 14 10
785 436 9
906 817 2
6 699 5
19 778 10
748 134 2
698 171 8
793 652 17
384 912 17
433 425 4
311 964 8
496 746 5
166 604 7
657 967 19
720 115 15
527 743 16
91 411 7
474 553 19
958 278 19
831 80 19
475 256 18
326 518 13
315 180 5
340 141 8
963 539 16
698 802 12
863 25 6
823 399 12
992 681 1
408 848 5
770 463 2
456 74 10
699 480 10
375 183 15
499 943 13
338 976 9
452 177 9
471 814 15
716 791 1
171 219 9
151 702 13
22 13 12
710 471 12
839 147 3
555 247 14
307 35 9
796 803 16
331 144 9
289 465 13
899 399 4
39 416 13
179 111 14
69 653 3
111 386 13
432 446 17
512 966 4
900 687 7
171 743 17
138 855 10
17 209 6
816 957 11
857 690 19
641 906 8
126 137 3
21 705 10
367 131 16
670 709 11
606 918 2
908 816 16
543 744 7
606 534 12
38 896 4
239 649 18
566 182 5
564 643 2
902 595 15
744 194 12
898 622 9
520 818 7
276 506 1
816 605 7
770 239 12
192 927 2
834 905 17
947 206 6
429 863 9
200 509 2
355 883 18
417 592 14
992 810 6
552 103 20
982 575 2
181 147 3
351 167 18
683 246 19
909 986 19
687 782 16
107 630 4
390 309 13
365 674 16
811 537 7
599 837 10
970 792 20
976 814 20
583 932 3
840 103 4
638 754 20
283 526 6
452 366 3
296 778 14
500 978 8
373 406 14
239 210 12
660 229 19
902 323 3
800 883 20
434 703 17
351 486 5
833 305 18
679 178 9
109 649 15
140 18 6
880 799 8
769 190 9
992 527 9
357 289 17
138 159 14
839 212 18
338 244 6
736 410 18
332 761 8
71 369 14
809 463 7
918 637 17
511 676 11
243 148 20
169 765 15
724 889 15
442 903 10
540 226 17
846 660 1
918 496 18
131 206 17
792 406 4
441 817 2
904 47 6
18 544 10
393 814 10
150 591 20
391 719 13
894 942 14
758 103 2
55 556 11
503 373 18
116 31 11
50 76 5
792 505 8
741 939 14
238 578 19
234 943 5
400 323 6
562 250 13
595 273 3
931 994 18
530 292 5
509 741 17
488 726 7
797 687 4
938 176 13
611 732 18
398 74 10
544 606 6
40 233 11
436 589 13
305 255 17
58 481 1
830 416 11
879 261 10
521 429 8
799 534 18
693 690 20
772 833 1
200 167 16
511 381 3
556 402 7
621 328 7
230 347 17
236 487 2
856 381 1
803 274 2
782 22 7
209 752 15
412 888 4
512 287 14
638 396 20
499 81 18
471 569 18
263 944 13
955 745 6
604 8 14
446 986 13
25 940 8
995 654 6
207 435 20
249 10 6
587 54 1
203 172 6
787 862 12
36 567 12
596 148 20
30 374 4
941 557 7
95 771 8
35 418 3
566 933 2
246 629 7
197 847 20
601 712 19
262 941 6
44 957 6
685 884 9
779 908 12
878 557 3
262 513 17
726 124 18
280 556 14
279 959 6
981 497 5
188 307 7
565 544 14
579 490 4
88 754 4
271 690 2
422 774 9
884 856 19
374 920 19
278 356 5
39 982 20
802 824 12
778 958 13
60 8 19
877 191 12
694 611 5
91 325 9
278 484 12
546 370 18
416 714 4
128 393 17
619 266 15
16 338 3
114 127 16
854 962 17
852 143 1
434 696 9
25 793 6
406 997 2
502 126 12
41 466 1
96 534 18
478 169 5
263 328 18
584 532 14
560 391 7
586 581 6
334 975 2
8 506 5
528 699 19
702 189 13
305 600 15
193 776 20
328 266 13
671 742 10
391 98 13
673 17 16
475 772 9
825 821 9
717 660 1
74 189 8
619 607 11
950 955 2
226 372 20
626 703 13
677 529 7
795 150 8
614 450 4
54 339 20
540 407 11
120 737 2
751 338 2
793 124 8
100 26 9
216 508 8
798 978 20
193 800 19
941 888 5
818 731 11
856 850 15
300 423 10
560 645 9
495 926 6
857 344 11
183 851 1
179 299 3
468 52 2
994 58 6
778 380 1
784 987 11
255 696 20
704 74 11
340 412 5
880 944 12
934 863 17
414 496 16
529 336 3
582 899 13
802 506 10
344 660 20
415 630 17
34 178 14
23 946 16
784 248 9
563 199 10
360 821 7
968 447 1
224 654 17
48 301 4
808 854 14
280 855 11
878 786 13
364 196 11
471 526 6
195 727 11
953 680 18
666 389 6
982 257 5
944 643 15
510 984 15
988 957 16
813 902 5
35 36 12
469 822 15
186 449 8
772 861 16
786 476 14
566 350 3
596 41 17
985 411 10
958 421 14
642 633 11
933 536 3
367 737 10
369 25 6
517 823 15
959 374 5
585 747 4
990 823 19
960 612 7
526 311 14
447 29 3
958 694 2
99 564 10
76 42 12
609 120 6
682 836 5
431 303 11
620 830 14
922 324 15
608 196 17
817 452 3
32 451 10
59 76 4
396 116 13
261 676 6
674 87 12
805 250 9
832 921 7
907 471 12
586 745 1
425 216 15
865 314 5
165 427 16
802 680 10
988 976 9
985 94 12
593 81 17
431 799 18
965 431 7
687 794 20
161 388 7
619 653 15
818 928 7
394 647 9
132 505 11
957 751 3
941 291 11
762 360 2
113 630 12
94 910 4
755 94 14
995 942 6
856 133 12
562 378 10
367 195 19
860 512 15
853 926 6
913 778 4
656 750 9
627 639 20
443 481 11
342 112 3
797 332 8
937 741 3
995 260 18
929 755 11
812 491 14
305 318 9
886 812 11
247 718 14
392 252 10
40 471 7
650 180 11
938 931 6
157 51 9
217 536 7
937 336 10
993 726 15
889 77 19
762 832 4
673 171 20
30 827 11
561 878 12
529 212 15
355 942 19
193 187 1
645 972 4
193 34 14
2 649 3
515 696 16
699 546 2
68 266 17
17 772 13
760 314 10
970 831 12
840 557 10
874 550 12
591 973 15
477 565 18
886 355 12
807 865 11
161 437 13
618 150 18
638 71 6
695 916 18
638 371 9
189 590 2
20 448 4
575 220 2
641 14 8
879 476 16
755 427 11
486 476 16
916 338 17
694 293 19
783 490 10
378 716 15
943 428 7
544 253 3
924 787 3
878 53 17
936 672 13
10 518 20
202 613 15
528 652 5
445 155 15
688 232 12
940 755 14
422 440 20
380 767 2
19 276 19
913 878 8
896 137 16
145 284 20
405 185 14
149 127 10
739 971 10
256 390 6
30 326 7
550 918 15
881 149 14
978 718 16
153 812 19
729 140 7
797 538 11
534 141 20
388 199 19
185 388 15
889 384 14
801 190 17
31 597 7
283 493 16
62 618 10
121 865 8
700 255 7
694 320 18
176 333 8
128 183 17
237 931 10
939 608 12
224 204 2
347 592 17
853 543 10
248 350 8
226 747 6
81 377 9
880 424 1
925 522 11
97 337 1
651 644 2
488 29 17
342 557 1
425 251 4
863 667 10
281 85 14
892 885 18
55 366 6
642 383 2
466 415 6
703 966 16
677 781 14
52 869 4
170 205 17
466 920 16
758 507 20
504 390 16
625 281 11
542 434 14
902 612 3
18 65 2
776 239 19
553 393 1
546 430 11
649 986 14
830 432 12
448 758 4
268 388 8
510 159 7
5 616 14
260 904 19
776 886 9
841 478 15
995 778 8
852 738 18
560 696 15
656 971 5
502 56 6
806 516 8
388 179 14
187 77 17
896 901 20
285 77 1
790 6 17
493 120 2
604 269 8
173 781 2
813 320 7
994 688 15
508 948 16
588 695 19
622 556 17
591 464 2
692 896 2
238 370 15
208 240 7
433 987 14
301 544 2
418 688 4
396 233 17
279 242 19
875 722 13
54 986 10
724 630 4
759 111 16
201 508 20
412 15 19
615 692 4
907 713 18
827 12 9
688 221 19
459 420 16
734 655 10
237 339 6
398 254 8
476 146 9
433 998 5
120 116 5
169 635 16
822 443 14
553 736 13
425 994 12
154 446 7
346 252 11
566 24 15
608 368 7
454 115 11
410 818 8
224 637 20
537 409 19
714 864 5
500 458 1
822 404 2
84 99 17
99 793 20
942 888 5
290 691 4
956 687 15
587 749 15
680 189 9
510 424 13
23 320 20
84 249 2
356 733 9
588 626 11
42 128 12
859 268 6
52 636 14
228 880 17
509 770 4
358 820 17
689 309 1
809 918 9
981 92 18
372 378 20
477 182 11
177 458 15
3 904 1
36 559 5
324 223 9
231 515 3
978 578 13
353 875 7
331 665 17
679 162 18
749 519 6
463 813 1
699 60 6
81 664 4
855 912 4
196 502 9
658 168 20
86 229 15
840 34 3
895 539 19
380 561 17
396 246 8
203 273 8
120 454 15
801 635 1
679 97 18
267 165 17
651 284 6
554 225 1
363 594 5
936 239 2
503 664 19
630 391 18
658 264 6
57 825 13
129 229 1
837 449 13
703 599 5
542 443 3
680 323 4
13 390 19
695 27 3
27 244 2
763 712 14
774 216 10
750 468 3
816 457 1
116 221 20
314 614 2
721 60 9
891 585 20
987 576 16
941 61 2
68 185 17
840 221 2
359 698 19
469 299 7
183 526 7
933 939 4
909 869 17
39 14 15
830 10 1
648 314 10
268 488 19
819 638 1
667 611 16
106 21 3
439 117 13
64 852 4
704 292 11
380 940 10
395 646 1
270 611 13
814 437 12
528 758 12
126 333 11
671 62 4
394 220 16
920 722 17
441 862 19
481 934 10
769 178 14
139 157 18
176 30 20
142 610 8
74 951 13
226 749 10
70 19 15
123 759 6
703 432 12
365 307 7
913 885 13
616 14 6
428 353 7
783 249 13
883 882 5
477 323 13
837 558 7
363 333 18
814 562 10
854 663 6
1000 709 3
649 243 13
210 403 1
614 57 8
377 637 18
31 711 8
147 16 8
670 757 12
125 345 15
132 385 2
754 181 9
642 326 6
518 192 19
996 158 16
870 4 20
492 520 13
490 24 13
699 56 13
268 125 11
97 624 11
87 784 11
89 244 18
625 67 4
220 345 3
886 688 18
1 493 8
119 943 3
97 757 16
2 403 9
619 95 20
935 674 11
692 134 1
882 721 18
277 776 10
407 708 20
64 201 6
106 95 14
762 167 17
596 283 9
367 787 16
68 284 8
626 947 11
524 792 14
746 567 15
735 156 12
624 647 9
637 497 4
961 140 19
318 165 16
729 809 19
68 208 17
716 464 3
861 797 17
994 519 19
608 80 12
518 530 20
588 255 15
440 664 3
718 814 10
829 206 17
342 286 13
57 819 18
901 774 1
509 591 15
510 356 12
36 230 14
353 732 1
284 768 4
50 21 13
45 897 10
904 828 19
894 842 8
323 726 20
180 94 8
432 958 3
506 10 2
417 536 14
391 192 11
581 150 17
152 848 19
284 891 18
964 953 20
357 653 15
15 243 16
509 721 11
125 986 1
741 887 9
687 277 16
796 699 14
86 26 9
1000 304 6
983 248 13
985 448 17
48 244 7
609 34 13
488 684 17
991 429 14
715 804 13
135 531 3
235 88 1
404 945 19
101 582 4
780 428 6
320 240 3
542 420 9
820 271 19
245 451 4
829 960 19
464 334 7
410 635 4
46 727 16
531 381 14
391 133 4
685 448 11
781 735 6
731 635 5
954 922 10
45 953 12
756 72 5
735 581 6
199 583 8
524 160 12
311 928 19
379 734 6
564 884 9
882 337 13
903 734 10
179 937 9
608 13 14
222 950 8
981 839 5
62 732 14
293 488 10
587 404 1
589 943 3
206 105 11
518 888 13
489 152 17
841 175 1
813 787 14
232 629 12
106 858 17
678 659 12
439 763 8
267 992 14
488 791 17
162 307 15
603 915 10
640 145 3
684 597 11
101 944 7
108 981 8
742 310 20
557 919 2
864 887 11
637 77 2
346 281 18
762 147 10
666 34 18
826 832 16
258 933 11
190 45 2
654 688 8
733 980 7
787 673 11
922 348 4
967 376 5
31 86 3
522 996 9
220 458 9
77 253 15
769 444 6
314 621 12
124 479 3
365 44 14
681 608 16
746 709 14
334 521 5
22 152 3
188 294 9
641 948 11
597 760 17
353 680 19
654 3 1
489 176 20
730 98 18
625 133 6
513 1 2
275 845 1
672 960 7
806 988 9
414 348 20
663 977 18
663 419 10
139 651 10
675 130 16
496 336 20
392 254 11
520 77 15
47 103 10
276 39 15
802 709 17
784 532 10
670 869 14
493 845 9
680 440 16
411 938 9
41 467 9
705 8 8
84 234 16
583 193 20
742 398 10
547 580 4
920 414 9
792 456 8
472 109 4
765 453 6
421 277 12
87 486 7
855 812 1
956 560 18
286 495 13
998 658 15
824 299 13
727 392 16
302 821 14
848 730 6
229 488 9
635 817 18
454 45 11
577 432 8
347 424 5
544 929 4
960 581 8
775 572 9
632 71 18
161 799 7
527 990 10
290 930 5
196 564 9
874 95 12
486 690 19
228 808 5
874 887 9
989 923 20
281 813 12
502 602 9
720 464 17
699 834 16
308 2 13
950 195 8
348 251 11
872 664 14
731 286 12
639 769 17
84 816 13
394 274 7
106 536 12
165 961 15
976 203 18
924 290 6
138 408 14
802 870 12
539 934 20
619 304 16
830 493 14
52 792 11
640 323 19
280 578 6
950 25 15
974 757 11
382 351 8
901 864 10
110 962 10
607 377 3
951 267 14
507 878 14
100 492 6
565 961 13
230 837 19
741 321 8
780 507 6
854 71 20
887 652 20
238 301 5
296 879 1
54 638 5
582 729 16
517 951 9
821 790 14
795 832 20
283 438 7
400 803 15
12 236 10
32 837 4
902 248 19
103 32 17
261 560 13
813 783 17
463 45 6
634 220 16
232 163 12
215 172 7
343 515 6
206 623 4
867 886 19
871 239 18
681 391 1
872 543 9
378 26 18
949 792 13
97 34 1
437 270 2
112 693 18
824 913 5
3 11 14
93 37 16
837 272 4
182 588 7
511 645 12
687 121 18
114 720 16
190 652 18
888 671 13
688 165 14
800 621 6
586 994 12
434 454 14
505 70 6
443 694 8
740 329 12
90 595 10
932 283 3
268 229 16
404 528 17
880 418 7
345 116 19
360 547 17
876 594 15
995 810 2
605 513 15
354 458 7
769 250 5
796 630 15
560 643 18
776 418 13
229 819 12
347 390 16
691 142 15
346 176 5
244 608 19
758 574 18
704 632 14
685 673 13
576 880 8
205 15 4
475 593 6
823 960 11
558 305 9
657 190 8
532 573 9
388 566 16
103 580 16
783 975 9
350 972 8
738 415 4
280 63 20
636 936 14
265 175 1
712 709 17
395 674 11
10 895 1
779 414 17
261 448 11
107 343 10
718 607 11
9 851 4
723 546 2
420 615 14
928 61 6
980 15 5
396 765 4
418 310 3
238 359 14
520 297 15
598 903 6
619 173 13
280 541 20
24 109 16
292 348 5
335 769 12
405 632 16
235 447 11
72 252 13
874 521 11
733 981 8
132 994 13
148 491 4
896 481 10
713 428 16
754 81 3
534 694 1
765 778 4
882 81 15
155 606 12
1000 382 4
898 6 11
68 460 20
114 64 14
992 683 13
641 301 13
476 907 14
813 679 6
865 517 19
926 323 6
542 951 6
249 36 20
11 897 15
755 291 9
840 68 17
415 374 7
355 388 6
314 343 2
327 394 3
275 963 9
577 957 6
483 840 1
624 306 18
852 324 11
820 820 18
608 894 12
720 992 5
789 566 16
413 267 9
245 942 11
264 20 19
471 709 8
173 57 16
16 931 10
434 56 3
781 824 13
662 416 17
332 82 4
682 148 16
207 92 14
828 856 18
445 724 6
554 313 6
601 796 14
208 198 16
385 72 12
475 44 9
257 878 6
953 73 11
657 338 2
368 726 15
407 163 8
219 665 4
385 790 18
601 412 14
444 437 18
666 472 20
464 604 4
248 830 16
628 488 3
41 609 13
13 437 6
252 949 4
376 668 8
603 587 8
72 287 8
201 213 19
97 839 4
6 202 11
588 810 11
955 624 13
85 93 8
273 631 15
28 296 18
912 696 15
514 588 13
148 468 1
235 680 4
599 161 20
174 154 9
830 545 15
166 142 9
745 427 16
55 842 5
425 579 14
595 706 3
447 837 18
317 94 14
763 183 17
388 287 19
404 606 14
725 400 5
902 506 1
438 216 16
748 130 7
279 313 1
125 163 17
515 76 15
535 582 3
290 180 5
637 992 16
525 269 13
527 322 12
252 904 4
829 195 3
916 327 17
883 379 16
757 502 8
343 299 8
323 774 3
9 592 11
801 27 19
634 93 19
451 928 15
790 201 9
317 761 1
332 153 18
340 190 10
249 640 20
515 845 13
939 794 19
109 673 19
195 688 17
363 218 6
85 890 14
153 176 3
166 683 3
357 574 3
387 62 6
418 333 12
480 49 2
556 494 16
423 261 5
267 285 18
274 475 8
311 585 16
207 676 4
39 754 12
460 863 19
367 20 16
47 61 18
896 701 5
617 461 18
51 330 6
563 437 12
938 87 5
380 698 5
866 698 11
106 721 13
160 691 4
785 950 6
787 78 2
190 806 19
993 24 1
662 914 7
919 308 6
712 31 5
566 184 14
516 51 7
869 613 14
36 197 3
330 365 14
35 804 20
846 259 19
163 884 18
666 780 8
443 77 3
211 750 6
612 415 8
693 981 19
442 21 9
995 757 14
367 157 11
313 958 16
40 251 18
250 623 15
331 320 8
132 460 11
808 857 20
296 46 13
893 174 5
102 771 5
234 699 6
463 77 12
108 458 1
690 503 16
200 244 14
99 809 12
361 312 3
80 995 5
865 493 1
455 752 13
741 382 1
118 438 4
502 680 15
663 863 6
806 594 12
363 64 1
787 154 8
876 85 11
183 847 20
875 62 5
541 389 16
988 43 1
1000 123 7
955 669 13
130 880 10
12 977 20
247 379 2
412 757 17
246 643 9
843 108 15
963 159 5
229 562 1
411 28 5
692 618 17
380 737 16
219 144 7
610 951 19
347 920 5
61 344 11
172 333 8
858 36 16
504 227 17
330 424 19
692 581 14
343 960 8
811 725 18
751 160 3
48 972 6
454 700 7
480 21 7
506 681 2
503 119 20
328 29 6
167 858 5
702 114 4
977 267 20
468 328 20
680 610 16
390 321 5
466 237 18
597 701 9
557 436 15
376 844 1
415 2 2
646 729 1
341 448 6
570 336 1
189 632 9
648 172 5
750 805 1
250 462 2
766 727 20
142 367 13
471 182 7
852 228 19
23 883 6
357 291 20
477 780 6
937 389 18
713 204 12
441 447 13
396 999 6
183 600 3
425 689 12
901 697 20
623 871 4
364 145 15
496 192 12
572 829 17
263 499 15
267 49 16
108 496 9
969 99 1
995 354 20
833 686 9
884 600 14
303 624 13
580 470 5
860 594 4
283 614 19
701 257 9
746 729 17
113 895 18
504 144 12
580 297 15
741 911 13
134 424 12
300 693 18
49 414 7
592 851 9
217 388 10
436 760 14
873 295 13
755 360 12
991 988 6
925 679 8
507 370 12
35 851 18
523 366 8
451 289 4
813 121 10
661 321 6
563 224 20
686 716 18
610 297 6
717 605 17
795 5 14
35 579 13
945 749 18
346 484 14
571 339 12
971 877 6
671 753 16
619 450 19
221 162 5
641 88 18
448 335 1
462 615 1
509 959 10
498 107 18
192 244 2
161 589 18
186 418 20
905 157 20
568 157 3
116 199 10
592 359 15
119 393 2
195 495 11
829 575 2
410 280 3
601 273 19
289 249 11
80 63 18
397 969 6
849 686 7
84 439 14
200 105 6
395 246 3
20 169 13
376 325 8
763 114 8
831 821 9
705 844 14
910 703 4
518 455 18
536 621 15
391 647 7
527 701 20
978 423 13
294 968 13
740 659 10
614 962 13
21 329 4
532 925 1
75 747 20
829 242 1
570 172 11
882 440 10
239 858 17
436 180 18
645 105 9
505 215 11
181 490 2
936 74 14
125 171 11
468 778 13
354 92 8
27 914 6
160 712 3
869 492 7
445 11 2
909 249 19
418 904 12
543 805 18
706 887 4
489 63 12
532 708 15
385 765 14
656 859 13
516 298 3
7 316 12
881 850 19
905 307 3
539 683 15
417 929 20
131 694 6
42 511 11
751 992 3
843 615 16
654 682 18
872 396 4
928 394 16
245 11 18
105 156 8
793 880 3
740 282 2
633 266 6
427 26 13
522 43 4
497 334 17
157 717 7
728 7 18
730 719 10
289 416 8
372 741 8
334 229 20
868 885 3
530 287 13
76 877 13
296 554 6
44 3 2
365 660 2
561 201 19
92 416 1
636 2 6
403 564 12
505 274 5
244 784 10
486 707 7
522 897 1
547 551 6
662 933 9
589 493 8
358 330 18
260 615 20
240 450 7
394 627 17
741 645 14
272 959 7
629 676 11
277 148 5
581 145 9
950 369 5
665 877 15
761 69 9
303 306 14
320 967 8
736 455 11
996 981 2
487 257 20
613 125 13
891 891 8
25 147 3
136 309 16
116 514 1
625 671 10
794 397 2
73 940 7
497 799 6
585 352 3
868 86 3
58 59 1
305 999 7
531 276 11
936 654 7
867 893 18
315 424 18
854 143 18
258 398 19
17 326 18
413 279 4
445 984 7
101 302 12
68 203 5
819 688 1
892 18 12
319 608 5
215 75 14
182 387 16
486 456 9
374 209 4
136 470 17
29 640 18
244 622 14
644 775 18
549 324 14
696 849 4
68 953 6
738 590 11
366 379 6
110 766 16
286 134 2
603 308 2
658 519 1
779 703 7
910 795 15
26 972 2
678 80 7
498 849 6
647 633 5
387 650 19
677 636 17
14 536 18
55 647 7
904 328 15
266 751 3
963 415 12
876 936 6
760 262 17
200 899 16
966 108 4
794 256 12
550 681 1
322 65 6
507 879 9
635 485 13
740 816 20
86 674 4
710 720 3
846 740 13
243 383 17
969 647 7
66 259 16
283 312 17
641 142 3
338 3 19
96 404 11
295 738 11
373 886 10
838 861 2
493 744 14
813 304 20
769 271 14
541 177 1
603 221 8
191 749 12
77 751 13
135 150 9
481 705 18
385 702 11
325 651 5
380 132 5
108 421 15
299 162 15
421 52 1
524 634 3
33 45 15
342 950 6
712 745 9
43 933 12
163 4 13
108 35 16
802 7 17
988 954 11
331 338 9
74 447 8
37 736 13
813 817 7
726 833 13
132 666 9
530 628 19
575 427 5
646 384 4
862 934 4
214 880 14
492 290 20
601 258 1
414 846 9
181 397 12
332 292 20
333 289 15
349 985 18
907 443 7
319 800 14
726 204 3
465 391 9
101 970 19
99 790 19
792 286 19
616 431 3
22 942 13
418 649 1
312 919 9
27 986 10
513 562 12
257 450 18
749 6 14
818 652 11
321 913 4
765 905 17
519 960 4
362 115 11
356 265 17
915 108 12
625 742 15
819 711 14
357 690 2
926 533 9
180 786 13
78 679 11
809 770 1
836 154 20
652 472 7
201 165 14
669 925 12
525 351 13
79 154 9
16 100 3
420 760 17
534 560 9
245 360 19
552 934 18
727 552 1
102 143 15
989 326 15
734 328 3
187 520 12
931 943 11
572 733 5
901 719 18
712 207 12
304 85 13
65 805 14
773 653 4
376 39 15
345 585 12
199 45 18
190 775 12
932 939 13
855 377 1
876 523 13
428 122 12
50 920 1
221 856 15
556 584 7
432 832 17
552 1 6
746 869 15
77 972 12
173 180 1
602 922 9
999 846 1
438 261 11
601 164 13
138 121 4
132 804 15
318 603 3
7 862 8
49 701 10
940 237 6
443 187 6
462 526 10
267 945 20
878 754 1
867 539 3
468 996 4
971 688 13
288 62 20
87 488 20
280 897 12
755 416 7
277 275 16
709 620 18
159 882 15
263 646 14
978 351 6
940 694 15
966 452 8
781 892 20
835 11 3
787 429 17
837 812 6
123 139 2
939 453 17
225 896 1
181 543 19
987 232 14
496 860 13
60 923 3
373 712 10
151 728 6
504 602 14
867 345 4
948 459 17
876 439 3
980 349 18
829 382 1
347 133 7
204 195 12
350 75 7
396 77 7
202 86 18
59 373 11
716 977 16
437 176 14
717 541 13
148 585 3
946 877 3
459 253 17
628 422 9
671 756 19
706 164 9
584 140 16
244 656 9
322 849 12
600 193 4
749 388 7
957 53 9
935 805 17
344 31 16
725 638 3
206 534 16
709 737 16
37 305 13
316 47 18
629 482 10
332 179 10
889 796 2
251 464 9
363 217 17
703 152 4
997 551 7
517 775 7
518 340 12
894 675 20
276 320 18
100 285 20
133 390 7
327 202 13
210 752 19
790 17 9
809 423 6
518 164 3
199 237 5
592 179 3
677 863 17
445 998 18
723 790 13
489 427 4
232 43 2
71 896 2
504 736 3
699 308 18
602 305 17
177 536 9
427 381 1
546 984 2
47 741 7
305 594 16
824 20 12
961 752 1
989 188 2
537 770 15
869 416 19
524 960 11
380 506 15
818 696 18
134 159 9
710 765 5
29 755 16
323 416 9
453 227 2
55 40 12
953 652 5
592 720 10
865 631 15
982 428 3
785 48 7
579 779 4
912 335 2
956 481 2
435 427 1
226 817 7
636 693 18
609 797 4
190 604 10
750 87 1
587 474 1
222 981 2
797 764 6
87 342 17
936 798 10
795 603 2
506 574 6
940 896 2
451 863 7
148 765 11
47 241 7
85 693 7
806 176 11
128 730 6
207 905 9
353 829 11
84 161 2
506 301 5
171 241 3
698 690 5
27 593 15
426 612 15
735 786 20
135 906 8
725 575 6
559 296 15
188 565 5
822 812 6
379 807 9
783 666 1
779 14 19
26 288 14
59 455 5
607 974 1
361 421 17
218 590 1
505 740 2
78 512 10
387 294 16
424 672 6
865 491 7
420 530 6
592 262 7
187 272 18
388 321 14
607 583 16
957 159 20
896 160 9
857 15 16
601 278 11
563 723 7
111 275 9
830 744 1
42 359 12
774 608 14
100 252 7
56 208 7
672 584 14
512 52 10
254 83 5
347 8 14
304 835 10
580 48 18
974 29 6
35 885 15
91 939 8
2 476 9
213 110 19
763 914 12
536 594 19
896 497 18
716 674 14
916 906 3
254 334 7
198 963 7
578 573 18
671 332 13
292 214 13
28 616 7
90 239 4
399 412 15
798 400 3
173 516 14
614 905 15
256 944 7
883 435 11
839 168 16
132 324 6
721 144 9
407 681 14
743 456 11
359 685 5
411 134 6
180 802 18
863 487 17
401 553 14
16 198 19
29 917 5
45 624 2
419 985 9
151 476 12
333 839 6
283 774 20
820 418 19
342 48 5
400 819 8
877 600 13
273 817 3
651 47 7
114 749 17
348 698 8
87 502 10
271 945 1
291 313 9
222 62 9
33 606 18
767 869 14
781 644 20
602 299 6
496 153 3
553 697 10
894 275 19
396 288 12
389 952 17
151 543 1
602 867 5
301 410 5
81 111 10
931 717 11
198 570 1
130 331 20
837 601 15
785 553 14
787 944 15
737 288 3
938 686 5
729 878 15
819 617 12
402 789 3
763 388 17
971 463 13
442 803 18
788 667 9
177 813 13
32 245 13
322 61 17
687 138 11
857 471 5
567 439 4
922 768 12
798 35 15
118 356 7
253 659 9
204 895 5
666 645 19
984 124 20
942 904 14
18 152 20
450 516 3
147 628 3
723 938 10
947 121 15
355 386 20
375 507 2
369 464 5
341 287 6
647 460 9
166 365 14
466 160 19
10 75 12
864 357 20
209 739 16
689 724 17
936 203 10
186 22 3
162 844 14
518 746 17
491 504 5
445 573 10
170 622 6
532 439 3
946 571 11
117 70 6
716 543 16
186 597 9
624 277 10
28 730 10
460 784 9
498 82 17
374 460 9
268 717 14
560 359 10
667 364 7
106 235 2
83 476 19
649 635 11
877 569 1
124 724 15
257 489 3
67 21 20
901 892 8
989 659 13
29 872 20
883 899 15
982 673 20
570 686 13
47 378 3
623 566 14
677 35 13
354 237 18
106 393 2
124 689 2
451 476 11
811 37 6
923 595 4
330 754 16
756 745 7
729 295 14
74 945 1
801 680 12
780 834 4
625 744 18
417 507 3
523 705 13
635 66 11
162 384 1
686 985 8
66 449 19
168 874 17
698 73 16
64 377 11
255 74 16
633 447 10
887 173 4
162 994 4
314 94 5
918 160 17
689 532 16
430 712 3
82 478 9
12 496 9
572 889 20
34 522 4
157 106 14
326 183 16
20 69 12
384 839 1
615 990 14
12 575 16
382 643 14
708 216 12
168 779 6
368 661 9
137 754 5
770 348 15
526 995 12
750 99 2
747 596 8
869 496 4
998 270 20
60 405 6
477 8 10
16 133 14
374 449 13
897 702 10
202 144 13
850 901 16
481 369 15
562 989 13
267 264 10
445 114 10
212 382 2
408 988 17
158 644 18
437 867 10
627 607 3
765 199 19
626 372 3
620 663 18
827 995 13
843 280 8
368 825 9
622 484 18
754 670 8
788 147 19
265 162 12
116 594 19
910 833 18
77 649 15
782 943 5
644 97 2
37 970 9
582 173 18
488 254 4
525 85 14
631 639 11
264 575 4
446 662 13
109 621 17
934 112 4
334 347 2
988 338 1
981 773 2
731 116 20
50 773 15
959 733 8
502 83 4
504 561 4
426 835 3
128 645 13
434 342 5
868 338 4
363 351 18
400 444 14
363 676 1
269 81 7
25 780 3
292 223 17
594 342 8
16 772 17
523 875 8
585 751 5
24 753 17
792 117 20
680 716 6
686 959 5
772 447 12
698 295 11
641 1000 7
509 288 7
317 154 5
776 628 16
167 304 8
350 183 11
321 721 20
514 242 10
912 88 11
618 493 2
74 114 20
869 859 10
132 191 3
472 525 6
623 798 3
438 699 18
323 225 15
243 841 11
881 551 16
856 805 15
283 727 12
72 405 12
199 431 11
55 668 6
606 831 7
779 634 17
466 692 3
124 539 12
191 145 1
795 156 4
563 63 4
488 973 1
727 2 3
57 891 19
392 853 16
603 801 8
254 725 20
584 742 5
99 876 18
347 634 18
891 793 3
494 531 4
818 207 19
199 931 10
224 647 14
81 633 20
106 565 4
123 744 2
693 594 10
60 547 19
492 701 17
848 885 6
482 796 19
810 465 12
518 768 6
782 584 11
254 656 20
667 452 20
228 76 1
613 538 4
222 889 2
475 816 19
16 214 2
914 88 1
509 784 17
928 226 14
405 561 4
81 571 18
59 721 11
479 218 16
614 972 4
296 37 19
342 399 10
632 475 12
662 963 7
470 220 17
267 199 16
286 372 19
281 509 9
436 88 6
551 81 12
873 431 13
963 390 16
73 269 15
523 109 6
913 107 1
211 706 7
440 768 7
402 208 9
390 682 10
755 575 12
184 847 6
13 647 14
974 242 3
422 309 19
846 810 7
501 199 12
918 692 8
440 925 13
248 931 8
612 396 15
146 821 16
723 606 4
924 597 16
658 543 9
965 6 1
438 463 5
77 509 19
679 359 15
40 913 4
658 692 13
145 142 18
97 104 3
552 941 8
958 505 11
581 332 12
480 283 18
988 847 4
361 538 1
151 737 4
385 390 11
316 85 10
523 712 18
476 363 11
192 178 15
663 145 10
365 781 11
469 658 17
371 351 15
64 482 3
288 263 1
715 539 12
527 8 20
956 576 5
175 395 16
545 76 7
484 211 14
224 860 2
153 316 17
460 160 15
116 727 19
151 284 12
611 257 9
415 960 17
838 2 18
44 120 16
614 262 4
785 667 1
159 15 3
368 242 5
804 280 9
898 837 12
456 729 20
847 983 20
351 724 2
914 178 11
157 25 11
321 461 20
332 788 6
405 141 6
736 785 1
973 458 10
719 179 18
331 357 16
598 258 15
176 412 7
864 452 4
672 758 13
171 316 7
34 437 16
42 706 11
958 90 19
48 325 3
759 61 10
486 815 11
389 769 7
21 862 8
11 553 19
88 448 11
313 853 11
182 60 1
169 464 12
502 626 2
314 164 18
234 5 15
611 314 15
464 909 16
316 131 11
823 939 20
293 557 5
536 312 19
471 223 20
320 765 6
905 69 16
589 57 8
536 135 16
527 157 14
642 758 8
192 450 2
980 237 5
677 592 17
836 730 3
406 940 11
262 531 11
208 286 3
225 883 12
248 359 7
814 410 12
628 537 11
437 921 13
244 779 20
384 892 12
707 141 17
758 469 10
112 920 18
163 646 7
221 214 7
347 772 15
589 472 1
743 499 8
583 767 7
586 470 2
900 550 15
725 903 5
975 716 11
883 40 8
187 296 4
164 535 19
527 310 19
140 171 7
532 938 3
616 273 16
983 170 8
380 455 10
617 519 7
196 883 17
765 612 20
243 520 3
609 629 7
701 256 13
951 266 19
144 86 3
649 913 7
308 30 1
654 21 16
508 756 4
684 387 5
466 743 8
478 45 14
772 644 19
586 805 9
660 505 15
79 943 19
785 207 18
784 948 13
635 204 17
805 360 10
809 545 2
83 265 11
400 113 5
227 623 9
524 584 19
316 424 15
786 483 12
967 182 18
375 661 18
211 78 9
711 571 20
656 360 11
721 961 7
534 708 12
548 471 15
587 629 8
264 636 5
991 765 2
211 866 5
115 839 1
91 123 5
97 905 8
642 358 19
141 338 20
792 788 11
536 193 16
959 479 8
797 481 9
994 287 19
337 914 5
195 615 14
340 220 11
865 963 14
583 482 19
454 907 20
673 871 18
971 749 11
668 851 12
722 905 4
818 431 13
484 259 5
506 708 15
120 351 3
187 988 19
118 615 19
268 127 12
723 717 13
484 884 3
201 441 14
231 95 17
348 68 9
642 708 19
745 706 11
592 722 11
579 362 4
261 284 20
763 675 10
262 939 10
606 878 13
927 641 13
699 812 15
564 718 16
963 456 16
22 15 2
34 890 11
657 609 6
643 443 13
872 665 17
151 778 8
41 80 7
784 355 15
235 892 16
959 713 5
496 85 19
160 280 16
838 699 18
787 609 17
842 281 14
433 177 18
755 148 9
746 762 9
858 661 8
178 454 18
482 701 20
651 96 20
406 648 15
2 757 2
879 105 3
857 534 14
900 228 13
329 605 1
180 963 13
830 420 13
843 646 1
488 294 15
982 527 11
508 371 4
210 503 3
419 365 11
181 509 9
676 564 4
675 861 17
529 631 18
116 719 20
988 606 6
781 261 11
108 951 17
64 226 19
304 55 9
936 575 14
289 426 12
843 781 2
703 350 18
959 555 7
995 91 19
21 867 11
355 854 12
322 256 6
471 582 13
309 92 13
853 329 12
382 174 13
702 13 12
174 236 4
654 988 9
456 658 18
515 784 6
804 238 18
236 225 3
548 224 10
607 67 11
118 288 15
841 891 17
50 308 15
722 240 15
927 215 9
614 701 19
869 193 2
95 905 16
748 705 3
496 180 2
555 177 11
920 906 17
399 14 1
485 292 12
100 258 10
526 857 2
928 899 14
19 257 20
812 473 6
325 171 3
61 600 13
705 233 2
585 885 14
993 728 2
303 513 15
607 618 16
727 956 18
189 160 7
455 750 19
756 456 11
495 94 14
69 753 13
473 392 15
420 202 6
890 306 12
996 623 18
694 482 8
654 811 19
366 545 10
756 554 6
485 422 3
110 410 17
431 747 19
34 251 18
205 776 10
764 864 14
822 762 7
808 687 17
856 616 16
166 749 3
943 741 12
723 100 20
155 148 12
51 255 3
633 461 19
896 320 20
406 823 19
980 403 15
702 252 16
110 498 1
362 228 17
688 252 15
930 798 1
547 1000 7
748 821 5
39 892 17
802 569 2
368 585 1
666 530 16
104 334 9
998 402 3
146 987 2
553 469 7
183 756 3
298 75 8
86 464 10
545 726 20
267 226 8
374 566 18
41 726 3
208 277 14
815 281 20
26 89 16
578 908 18
861 320 14
457 458 16
771 84 17
172 241 12
297 411 15
553 168 15
146 163 5
904 117 17
156 489 12
963 926 8
261 492 16
840 628 12
236 56 6
766 187 9
334 645 8
870 52 17
708 56 8
737 457 4
910 940 8
203 524 7
906 346 15
504 676 8
500 468 20
437 405 20
626 549 19
648 253 14
25 463 19
444 837 4
695 187 9
548 923 13
313 362 2
805 603 2
925 191 10
59 171 6
162 559 7
624 943 2
204 945 12
425 897 15
913 495 9
162 944 10
137 218 11
380 59 19
735 21 16
619 971 15
823 563 17
204 851 2
814 417 4
70 117 3
363 613 2
566 425 7
201 309 17
663 698 9
137 194 14
736 196 10
867 276 17
4 836 16
271 736 20
119 36 4
110 484 17
951 41 14
567 68 10
298 487 8
481 124 6
280 57 19
873 797 3
196 992 3
87 980 11
190 794 4
706 205 4
541 190 7
3 660 4
336 757 19
266 259 3
116 144 7
866 238 2
518 63 4
935 994 20
223 436 20
778 445 13
56 15 6
435 244 18
348 193 17
719 860 2
620 580 3
705 137 3
952 839 10
257 832 11
685 17 20
942 166 1
478 692 18
258 539 20
372 26 7
501 558 6
760 825 11
873 664 20
881 332 19
294 279 11
26 862 5
306 936 20
380 826 4
804 257 7
439 25 9
350 915 12
732 129 11
179 635 12
665 994 13
243 449 15
94 180 3
716 578 9
323 227 12
698 796 13
757 892 5
807 799 3
590 793 12
980 318 16
264 724 9
784 528 20
714 544 6
579 250 6
954 639 15
443 864 5
961 514 1
619 987 20
822 611 5
983 579 4
227 518 17
335 65 8
316 706 9
382 490 2
862 200 13
742 647 11
228 365 2
780 938 1
153 567 15
250 241 20
504 259 19
144 221 20
725 567 14
42 665 13
219 594 4
573 840 19
683 209 16
129 77 16
566 704 17
521 232 18
45 310 7
932 997 18
229 412 9
357 308 18
561 24 9
576 232 20
453 458 16
755 329 18
57 780 20
847 706 9
876 603 6
920 39 14
879 250 12
887 365 11
901 586 12
429 111 9
948 152 8
858 367 12
998 338 4
659 503 11
552 109 12
774 318 1
986 482 6
846 807 19
185 617 16
269 775 19
831 878 14
996 804 19
532 462 5
232 91 5
971 954 7
856 732 13
394 508 1
171 386 13
852 81 16
532 586 10
836 283 2
10 560 10
184 981 14
25 907 1
256 869 11
235 117 14
236 459 20
86 590 4
63 924 17
838 467 7
121 450 4
111 278 1
561 972 9
167 147 20
160 327 19
644 809 15
774 302 18
368 140 1
604 234 1
17 172 13
906 418 19
33 880 2
510 43 15
1 251 18
481 899 4
369 258 13
778 937 7
486 84 9
292 813 11
839 52 20
263 692 12
315 811 15
505 2 11
164 783 18
438 97 15
873 610 4
104 259 17
769 905 17
347 215 11
887 172 20
580 171 13
564 666 5
244 114 20
533 518 2
494 403 1
111 46 17
228 32 10
79 498 1
354 845 1
889 266 8
239 654 4
141 866 15
446 847 11
996 790 6
13 907 14
352 528 13
504 134 10
646 749 20
260 196 5
985 802 11
570 437 5
583 660 15
202 280 6
810 167 14
152 365 10
835 252 1
264 568 16
361 241 13
139 988 9
294 16 15
334 533 8
867 386 2
72 527 15
541 262 19
208 165 13
460 324 12
893 469 2
776 233 6
618 223 5
642 693 5
582 288 12
777 386 18
837 311 19
49 276 18
912 870 14
740 313 14
484 973 12
197 861 18
545 911 5
794 6 12
983 134 14
539 765 18
440 560 19
944 583 14
979 883 6
672 761 6
337 80 8
132 359 11
504 773 17
676 30 13
701 489 15
385 131 3
615 331 2
863 432 18
910 224 12
875 516 2
147 481 19
498 590 19
881 14 11
477 472 12
147 700 8
968 301 6
960 62 6
858 365 8
120 297 14
856 436 3
115 756 17
680 571 6
313 268 14
385 224 7
59 569 12
590 11 17
807 654 16
439 396 4
433 537 15
162 198 15
638 87 15
726 676 18
974 410 14
163 139 19
987 36 3
907 401 18
911 207 12
973 119 9
166 389 10
501 757 4
637 51 7
465 675 6
701 642 8
844 52 14
808 182 1
973 157 15
877 767 11
153 83 14
516 388 11
861 291 1
70 138 11
832 91 15
124 800 1
592 154 18
989 866 16
283 463 6
143 89 19
599 890 12
571 155 15
20 477 14
932 551 4
222 377 5
5 311 11
515 725 6
286 993 7
85 120 12
302 117 14
357 184 9
5 722 9
461 220 2
972 789 1
2 520 10
421 845 18
829 511 12
592 925 13
169 553 7
259 373 10
632 991 10
842 531 13
693 782 16
916 463 10
789 254 11
211 485 9
44 51 14
90 972 2
940 288 16
691 373 20
213 129 11
365 719 8
292 880 15
373 855 2
122 338 6
637 428 6
918 76 4
767 556 2
205 384 18
793 573 15
74 771 18
523 590 19
844 901 17
3 880 15
480 653 7
429 151 20
280 236 15
184 17 5
800 866 3
174 561 4
529 737 5
543 872 11
375 301 18
339 141 15
849 883 12
490 263 6
427 426 4
101 758 3
376 638 13
489 289 12
64 279 19
602 672 3
192 919 5
911 32 8
349 308 10
202 117 7
295 993 20
700 871 15
93 338 20
789 83 5
327 986 2
869 685 4
311 184 11
519 418 10
147 416 2
698 149 2
930 204 13
235 30 4
554 668 17
55 284 3
31 476 3
29 492 15
320 80 14
873 296 16
217 655 10
861 436 7
552 140 18
521 670 2
49 132 14
363 628 2
221 223 15
572 794 7
125 932 17
8 746 3
544 230 9
128 922 7
461 664 14
39 26 14
561 494 11
531 196 14
626 767 12
539 635 17
11 267 19
420 899 19
673 187 5
298 765 7
996 508 17
576 763 3
30 771 3
603 756 8
702 526 12
490 471 1
636 946 12
308 220 11
289 168 14
185 924 20
795 120 11
967 641 17
940 733 18
279 200 4
239 625 6
832 754 5
178 348 8
132 624 15
192 124 5
140 417 1
895 444 2
715 861 14
70 814 14
775 356 11
737 872 3
247 887 3
740 131 15
42 957 16
426 873 3
815 355 8
882 132 7
319 175 12
756 447 2
818 76 12
575 330 12
452 116 1
186 511 17
442 950 12
787 468 12
307 296 6
158 30 9
975 114 16
867 599 10
556 968 3
575 321 6
900 33 19
870 164 8
529 924 17
481 440 17
259 614 18
287 5 6
238 991 4
132 62 11
471 264 8
641 402 14
912 621 7
331 790 11
516 486 11
136 723 11
45 957 4
483 250 19
202 148 12
496 383 1
302 359 10
638 98 17
770 189 4
261 384 20
138 359 19
311 550 10
883 5 17
255 623 2
487 471 7
637 442 18
750 791 20
438 60 16
727 492 17
740 304 1
619 666 15
39 464 16
932 899 2
266 808 19
488 719 10
586 923 12
64 394 2
147 429 7
78 253 6
896 366 11
245 139 5
232 436 18
560 986 13
689 663 9
44 239 7
557 402 10
831 439 13
914 721 15
215 808 7
766 372 1
581 960 2
508 104 10
825 780 4
921 662 10
846 467 7
546 441 3
614 82 3
54 419 7
752 747 17
213 333 17
627 149 12
623 540 2
324 628 19
285 537 12
601 409 4
864 608 5
767 860 18
162 572 14
457 901 14
71 581 6
79 902 11
77 808 13
950 143 8
126 564 3
473 899 19
798 997 10
870 600 1
837 536 7
76 585 8
849 78 5
450 988 9
391 595 6
397 406 18
914 792 6
371 921 16
480 711 17
64 349 3
345 795 9
665 908 3
102 261 5
623 637 13
659 509 16
963 907 10
522 206 13
232 878 16
244 806 17
71 878 5
511 824 7
822 38 5
697 201 16
972 78 11
342 346 19
833 590 4
587 166 19
613 504 17
385 336 13
124 103 19
191 360 8
470 100 6
526 539 4
241 906 17
389 201 1
878 740 18
750 447 2
925 931 9
39 840 7
563 664 18
55 644 4
933 819 3
171 142 13
805 392 17
656 560 11
599 325 14
355 488 20
10 331 19
227 51 20
696 63 3
5 460 12
626 264 17
619 373 8
772 100 17
62 779 20
711 343 4
253 188 11
877 133 9
663 350 9
79 142 6
111 621 5
64 258 2
868 854 17
426 76 14
861 10 11
999 903 17
960 176 6
703 31 13
355 827 20
358 280 14
83 460 16
212 384 15
310 158 18
256 775 13
328 68 5
981 855 10
321 902 6
544 949 16
303 187 16
955 636 10
881 411 9
41 875 9
576 616 16
624 474 18
640 345 20
323 572 4
715 50 20
431 208 10
573 987 15
294 520 5
709 497 3
281 917 3
557 459 7
314 528 14
616 601 5
347 310 16
996 123 6
606 626 5
916 618 16
190 694 4
776 681 3
774 297 3
393 558 3
513 538 14
496 731 15
941 102 5
936 768 8
260 305 11
681 461 16
228 369 2
114 893 9
134 559 6
580 107 1
250 902 18
311 957 18
406 711 15
68 707 9
1 29 19
558 383 2
407 984 9
637 572 2
972 331 2
5 87 12
164 552 11
814 868 12
870 294 1
247 461 5
464 255 11
198 932 17
276 262 6
856 446 4
875 617 13
913 461 1
182 601 13
306 528 8
121 492 4
480 976 13
41 402 11
602 917 8
387 318 19
921 251 5
23 930 4
240 316 13
98 914 19
517 212 15
999 571 12
697 683 4
259 541 18
478 381 20
168 825 10
932 455 7
219 911 18
460 819 17
175 96 3
412 891 18
460 923 12
967 239 7
124 621 20
200 108 5
40 183 18
18 689 15
486 173 20
666 226 14
132 812 15
619 603 20
453 387 8
155 932 20
622 1000 20
977 596 1
497 207 20
417 879 10
945 760 10
252 220 11
774 695 5
657 795 11
154 666 20
598 257 8
207 20 6
911 408 10
715 488 5
400 778 17
780 408 4
910 960 8
202 984 7
493 495 5
891 474 12
858 34 16
343 179 18
400 233 13
644 535 12
836 113 11
465 598 5
529 337 11
883 78 13
66 379 4
255 517 14
147 705 11
590 405 14
660 424 14
769 37 4
708 613 13
113 22 3
461 875 5
169 141 15
122 440 6
332 439 8
253 616 11
95 385 16
520 271 5
522 422 5
693 677 15
614 520 14
192 294 5
994 472 9
872 112 4
786 351 4
110 756 6
71 434 9
871 114 11
373 147 16
746 2 20
624 556 16
957 709 16
865 27 11
239 427 4
478 571 9
664 935 14
274 14 2
865 216 11
707 801 11
721 209 17
178 596 20
977 829 11
766 88 5
453 127 10
634 614 7
427 352 5
666 651 14
909 688 9
895 742 20
105 956 1
5 816 2
320 579 9
764 589 19
583 785 12
336 320 14
584 836 3
251 644 18
942 110 8
149 907 9
241 56 19
167 754 19
730 850 8
620 943 5
685 583 10
767 113 11
268 591 15
661 666 14
354 326 12
145 343 14
13 217 3
441 844 19
888 755 18
677 260 15
330 263 7
722 971 5
691 875 19
685 287 13
568 705 2
464 920 2
813 560 3
794 89 5
937 845 19
832 789 4
491 428 2
140 231 17
372 324 8
490 668 6
415 570 5
963 507 14
204 31 16
562 911 16
236 489 5
971 75 11
466 880 2
214 529 1
947 317 20
605 720 5
483 158 4
476 130 12
454 381 20
550 873 5
878 263 7
153 327 16
586 933 19
961 885 13
925 116 1
321 800 10
760 239 16
831 288 12
38 69 7
664 817 16
937 672 4
291 110 14
936 982 11
411 369 20
170 291 16
688 987 4
948 733 5
308 630 12
324 646 20
516 618 10
31 831 17
627 959 1
237 975 14
803 253 16
492 507 20
750 914 19
696 359 11
719 628 17
988 192 9
147 112 7
696 155 10
955 721 7
715 363 8
184 584 20
124 501 16
340 561 11
822 574 15
860 812 20
50 126 4
740 698 1
688 462 9
641 351 16
18 367 8
892 223 11
179 595 2
38 954 14
85 157 15
141 714 8
373 682 14
353 785 14
755 413 19
227 650 13
242 613 19
847 78 11
446 140 7
264 445 6
538 757 18
607 159 8
20 985 18
60 732 20
352 894 4
277 132 11
480 218 4
595 56 7
52 145 2
277 355 15
392 483 3
156 803 12
881 129 11
122 927 10
177 78 4
647 622 10
175 991 5
774 939 7
441 954 4
964 161 3
429 492 2
211 22 6
820 876 12
179 480 12
361 776 1
6 999 7
828 334 10
788 386 17
559 834 9
332 287 2
537 660 12
837 31 14
430 26 3
551 654 13
56 599 7
140 673 19
427 637 20
539 559 8
184 292 7
75 670 2
343 945 6
537 623 2
750 38 6
400 373 9
369 632 9
884 114 19
392 624 18
176 375 14
194 27 16
179 443 11
456 126 11
898 135 18
573 364 15
601 820 7
824 336 3
491 640 16
661 618 7
284 916 6
22 481 14
696 988 15
722 928 12
106 156 1
850 795 8
323 624 12
692 766 17
799 246 11
445 31 10
49 203 12
77 426 12
223 490 1
994 335 10
736 969 17
497 514 8
201 357 6
917 905 13
682 356 13
931 579 16
598 271 14
665 723 8
188 192 6
808 648 3
854 611 2
650 857 13
732 286 19
684 321 14
948 606 14
163 624 4
490 1000 10
850 264 3
672 877 16
775 844 13
997 297 7
354 302 19
257 402 6
431 862 1
64 938 17
794 257 5
255 34 3
308 482 2
420 392 8
1000 423 9
436 451 15
932 106 1
111 742 4
74 427 20
546 729 3
105 856 9
762 632 19
34 362 12
604 972 7
308 860 19
83 732 18
562 901 3
754 455 4
44 830 8
365 162 10
720 564 2
952 252 4
748 928 19
196 365 13
254 247 8
314 82 17
231 704 16
843 298 1
552 282 7
113 987 11
697 697 16
503 693 5
512 170 17
209 472 3
357 907 17
859 567 18
254 710 14
955 290 13
934 361 17
272 125 9
290 995 4
573 751 3
289 678 8
915 563 15
610 266 16
860 900 9
413 831 18
640 974 20
340 415 8
587 454 16
596 547 4
615 913 4
715 188 20
533 818 18
377 959 19
61 953 17
721 247 17
684 468 6
674 426 1
259 816 20
204 352 7
86 900 9
367 666 4
448 948 7
879 803 2
112 382 1
983 513 8
520 174 15
132 156 3
585 590 8
793 67 4
725 49 11
761 439 10
14 181 20
48 50 19
611 2 3
27 61 12
502 580 13
755 109 11
571 336 8
785 39 13
429 358 17
874 693 2
66 684 6
973 754 7
782 701 2
160 160 20
142 842 12
110 679 7
332 871 14
406 521 6
671 126 8
101 739 8
802 589 19
255 991 8
929 891 7
537 714 10
913 626 6
174 965 5
852 907 9
880 257 10
418 27 9
863 799 18
881 730 2
774 660 7
235 466 19
254 106 10
994 520 19
201 108 17
516 302 11
864 291 14
706 557 7
316 170 6
410 465 10
886 238 13
569 238 1
470 685 1
44 558 4
131 896 6
120 273 20
530 233 13
462 284 1
883 734 20
880 469 12
194 232 12
715 182 12
889 181 19
629 587 17
323 137 15
744 363 8
45 335 12
247 514 15
544 106 2
322 117 9
395 696 7
513 351 2
934 657 7
542 937 19
149 566 9
947 228 15
921 448 10
560 743 5
359 4 11
828 270 9
384 881 7
164 251 2
711 191 3
88 914 20
930 497 4
853 951 20
970 551 18
785 306 11
255 886 5
149 450 15
703 615 14
203 790 20
33 416 11
246 271 4
679 181 9
887 784 18
33 583 5
870 13 12
629 409 20
612 447 6
624 218 6
157 866 9
155 421 17
20 137 16
921 401 17
992 947 16
246 702 11
238 583 16
728 346 10
766 886 17
597 10 17
321 179 10
684 299 3
945 664 11
105 72 20
272 172 14
963 835 13
178 591 20
887 485 10
503 568 16
541 285 19
281 712 5
76 782 15
914 587 7
928 815 8
891 607 15
973 708 10
178 561 16
701 66 1
874 180 8
437 234 7
548 568 1
650 967 8
999 387 14
278 211 8
169 11 15
506 782 4
972 302 7
335 526 4
894 817 3
305 532 7
232 10 12
694 726 12
904 130 9
212 410 2
513 906 13
744 961 17
587 572 19
417 257 3
506 677 1
616 562 10
317 602 12
705 738 20
177 695 17
812 960 3
210 686 4
518 912 17
533 434 5
37 714 6
41 824 17
897 772 13
986 438 10
786 707 3
981 735 8
165 835 1
306 791 12
977 840 13
341 447 8
584 552 6
972 721 4
162 356 10
402 551 10
484 30 1
360 309 11
407 884 17
39 3 5
257 688 15
911 895 13
12 349 2
759 723 6
217 735 1
314 814 6
315 881 10
624 440 2
165 273 18
974 9 16
25 323 15
540 503 3
937 506 4
934 783 19
42 826 20
569 267 8
315 12 10
429 205 10
594 996 3
54 346 17
603 240 12
45 55 19
920 874 5
819 260 12
506 979 5
43 551 9
376 202 17
158 482 6
398 998 10
650 822 10
955 426 5
233 776 7
622 605 20
961 905 5
303 995 18
281 321 13
85 765 2
232 195 15
264 554 1
347 375 8
568 28 20
450 698 15
63 456 2
566 856 14
55 627 11
161 508 5
83 651 11
382 1 9
463 484 6
576 110 7
314 962 2
84 781 13
754 751 10
414 502 20
271 175 8
286 350 12
123 333 8
449 121 11
628 823 5
21 273 15
127 736 7
261 417 4
973 540 5
280 963 11
550 56 17
583 207 20
500 431 5
233 252 15
161 125 7
25 542 4
515 297 5
424 93 14
317 591 18
721 414 13
970 989 16
586 907 4
847 40 8
499 813 17
536 212 15
26 510 20
231 680 10
530 480 7
138 222 6
36 531 11
503 336 9
713 745 8
901 989 17
641 748 1
397 151 19
270 906 6
225 932 11
437 510 4
446 474 3
598 237 9
722 722 13
31 280 15
798 504 6
529 939 10
411 673 18
798 938 3
97 923 3
254 510 14
733 896 1
574 16 16
160 967 13
612 935 12
728 167 14
328 389 18
992 145 12
757 857 7
839 408 14
650 434 3
990 307 1
104 87 2
256 422 16
552 101 5
760 247 4
710 189 11
47 777 12
733 659 20
202 383 19
248 601 8
457 906 11
656 53 15
292 814 4
645 470 18
548 424 1
895 428 20
439 962 15
658 13 2
784 569 9
485 507 19
362 245 10
151 363 16
205 662 12
766 855 17
788 892 20
571 634 15
942 902 13
30 992 16
266 213 9
810 114 12
361 842 14
820 545 6
674 670 15
9 842 7
820 409 4
189 155 4
20 25 10
546 261 8
407 175 2
283 321 4
733 243 3
210 791 6
256 560 5
103 761 12
431 825 11
719 552 3
747 763 11
614 68 7
918 217 2
630 242 10
653 262 19
309 568 20
28 249 6
487 122 18
241 952 12
497 608 14
776 407 9
847 674 16
437 197 19
374 527 15
105 355 5
977 497 4
186 127 11
360 784 6
544 515 20
687 480 8
989 544 6
627 49 4
82 774 4
443 608 3
882 790 15
504 839 18
570 740 5
636 569 7
961 54 20
836 268 7
874 459 2
768 280 19
408 951 1
480 398 16
919 948 20
516 517 1
115 96 10
159 712 16
680 111 15
320 4 10
595 330 10
278 126 15
772 587 11
603 281 9
731 607 12
844 548 17
365 240 18
22 946 15
570 241 5
99 715 4
264 753 12
235 1000 14
996 612 3
329 929 1
385 925 5
768 770 18
173 698 2
356 601 4
560 688 4
647 991 3
819 485 13
94 585 20
719 960 15
66 614 12
916 832 3
513 975 10
95 847 19
614 53 2
318 497 10
454 977 13
4 148 18
589 367 12
283 160 6
475 59 16
960 526 11
247 575 14
214 413 14
485 899 14
452 905 7
184 53 15
363 875 8
994 947 18
689 824 14
836 183 12
572 968 7
21 437 18
281 717 13
947 256 10
284 700 4
541 612 18
242 882 12
416 327 6
768 267 15
573 723 11
478 50 18
49 282 4
379 857 9
496 771 18
709 681 9
969 856 2
497 506 9
534 26 2
561 164 20
424 255 9
832 594 2
995 97 3
986 907 16
839 43 20
47 115 16
912 848 17
313 342 13
976 411 8
508 347 2
259 628 13
610 196 12
691 967 5
77 185 1
34 154 8
728 522 16
804 13 8
122 483 3
605 709 1
173 483 14
536 448 13
235 668 10
986 786 16
660 21 8
146 872 15
117 787 16
157 606 10
431 656 16
161 941 3
568 909 10
19 463 2
402 121 6
213 529 17
461 744 3
199 534 11
703 408 7
904 338 8
334 404 11
805 884 12
416 658 18
549 117 7
94 701 6
218 204 5
357 983 18
406 8 3
720 964 11
277 333 20
594 134 9
778 455 18
728 590 13
472 182 4
857 709 3
82 837 19
633 842 19
14 139 20
461 704 18
289 654 6
246 457 18
343 626 9
262 951 15
745 983 9
499 265 16
664 889 18
263 905 3
340 336 8
192 205 15
427 382 20
603 349 12
31 111 5
785 995 4
397 345 15
462 378 5
882 923 10
725 656 2
999 686 1
448 823 16
526 3 20
473 692 14
143 822 15
367 330 10
92 125 4
409 435 16
979 834 9
17 720 20
604 207 12
767 656 19
638 667 15
21 86 17
558 649 7
341 643 17
619 632 13
753 734 12
581 846 7
135 893 18
636 999 10
408 513 7
790 464 18
277 694 7
989 756 2
453 394 11
513 27 7
827 352 17
555 509 15
380 286 13
854 764 4
25 823 16
866 222 17
577 487 16
856 864 4
952 479 9
976 595 18
964 957 17
726 986 17
669 123 14
570 157 18
323 448 13
339 872 17
913 786 11
870 368 1
471 842 6
812 784 5
914 158 10
93 183 14
456 800 3
405 31 17
363 536 6
233 949 11
799 156 16
578 481 2
766 955 11
530 366 2
957 390 1
767 324 5
756 233 3
335 211 1
609 234 11
93 268 7
896 505 7
31 840 16
415 686 9
694 121 5
683 47 2
101 432 17
348 400 7
957 809 10
210 239 1
222 446 8
583 789 16
722 322 15
287 374 13
485 332 11
140 721 20
999 533 10
888 574 20
347 819 7
345 980 2
602 560 4
906 770 3
748 303 20
265 313 20
418 960 1
307 131 12
498 480 12
509 858 16
189 969 7
583 939 1
915 305 9
681 384 20
219 720 15
666 50 9
15 367 14
296 979 12
529 1000 11
923 488 5
997 320 20
736 71 18
131 360 10
958 763 16
273 871 10
505 186 10
723 929 9
364 799 18
953 909 20
64 699 2
225 295 15
972 793 5
938 393 13
948 401 7
749 404 6
75 726 8
156 645 7
907 638 16
977 369 16
798 195 11
411 242 7
66 640 9
32 904 19
331 136 10
620 424 14
403 685 4
129 537 20
651 165 20
356 988 3
325 287 12
454 537 17
695 532 15
405 541 7
635 998 19
509 194 15
351 581 1
62 448 7
741 600 7
916 68 18
67 793 20
717 288 9
159 689 14
746 679 17
937 328 19
662 712 17
834 64 18
459 982 17
34 139 10
822 849 12
282 857 19
190 543 8
310 575 13
498 437 19
763 752 17
448 787 2
444 648 13
991 384 16
68 490 12
374 563 11
364 626 7
211 542 13
840 731 2
293 237 15
208 238 14
792 88 5
251 677 4
315 295 3
984 784 13
897 286 10
37 285 18
104 37 19
226 598 15
330 529 15
71 703 14
105 395 11
985 225 8
275 226 14
614 683 12
712 314 7
469 861 5
659 457 10
516 187 2
221 973 3
301 114 6
368 109 11
529 108 3
434 360 3
970 569 10
324 537 19
95 898 15
617 571 6
517 741 2
332 846 19
120 748 13
568 831 11
506 765 15
132 681 6
709 621 9
267 302 1
542 374 20
143 987 12
428 187 17
258 234 14
741 899 13
617 82 13
71 115 17
765 527 7
608 654 5
372 286 16
457 594 5
210 716 3
827 851 7
279 276 4
21 410 20
470 312 11
866 500 8
283 469 6
652 262 15
934 253 13
491 558 18
634 801 10
589 935 16
557 673 20
900 175 1
856 353 11
856 70 10
258 979 18
174 824 19
418 765 1
791 795 15
974 868 12
757 779 10
893 866 19
519 296 20
204 584 13
317 18 20
966 710 7
95 28 4
324 970 12
732 768 18
209 265 2
988 655 14
786 735 7
141 806 3
811 329 8
25 867 5
806 304 19
258 139 8
293 546 10
574 723 5
220 214 10
478 618 1
478 189 17
839 517 11
640 132 16
682 649 9
999 622 8
617 568 11
27 841 14
520 753 9
44 174 1
804 807 5
238 319 9
168 657 19
280 182 4
827 896 10
879 999 3
489 775 16
531 908 19
907 786 19
318 592 14
153 452 14
350 44 19
498 389 11
759 852 16
759 210 1
97 219 3
217 561 5
636 578 5
338 598 11
963 613 20
69 783 9
259 24 13
155 268 14
286 969 18
924 400 16
732 944 5
378 377 11
725 562 12
574 399 13
510 277 18
179 361 7
515 147 16
36 470 7
313 593 15
558 381 4
800 327 1
159 720 3
589 446 18
417 446 16
592 117 14
50 850 9
699 586 1
986 536 13
255 577 6
101 327 2
491 593 17
973 598 13
267 705 8
554 471 6
973 289 19
717 120 15
794 367 8
987 961 12
478 967 8
326 498 6
174 364 13
802 999 12
373 48 8
648 23 1
844 676 1
737 226 10
144 140 17
747 114 2
261 902 19
722 613 9
796 572 15
755 405 10
381 606 18
647 326 19
161 136 18
105 787 11
874 67 19
313 343 5
315 797 12
969 302 5
950 26 11
178 209 1
245 533 20
992 176 11
194 909 14
304 816 9
790 478 12
905 587 1
242 689 12
371 478 18
142 706 6
306 230 12
533 225 11
525 118 17
370 951 17
727 477 15
684 595 6
116 742 19
986 42 6
850 105 8
228 665 9
497 869 18
630 261 16
681 990 4
939 206 7
195 404 4
312 299 12
750 960 19
14 890 3
975 146 8
384 471 20
171 1000 18
841 968 10
508 521 6
678 283 17
730 942 20
763 76 18
307 737 20
622 452 3
685 157 8
83 827 6
142 739 9
702 970 5
969 213 17
824 244 20
938 987 20
635 193 14
366 137 15
772 730 13
901 446 13
894 98 5
623 80 7
687 298 8
359 558 3
271 848 2
652 209 17
754 760 2
417 127 1
797 997 7
299 302 20
629 891 13
454 13 20
979 6 8
995 861 12
280 14 1
418 307 12
462 610 12
612 701 19
82 661 6
78 725 4
282 6 1
161 201 7
444 728 11
731 497 2
441 72 20
88 266 6
538 987 11
791 41 14
865 761 15
783 195 18
427 695 14
26 785 14
594 895 14
451 648 16
15 415 8
830 332 9
808 108 18
72 559 8
945 523 18
905 568 2
827 686 10
829 804 12
337 683 5
738 704 18
119 740 5
448 111 9
346 77 18
390 816 8
155 973 7
14 921 10
304 461 6
258 315 2
538 789 6
958 244 10
621 829 9
758 641 7
765 708 8
89 461 18
419 385 3
941 53 6
486 778 2
393 529 10
358 999 15
760 367 8
834 330 12
17 790 17
509 31 15
103 493 13
918 749 19
564 210 5
778 889 8
882 493 9
446 585 15
486 773 14
248 212 9
38 654 14
1 599 4
225 570 3
333 460 10
468 535 2
336 754 18
727 234 17
111 208 8
729 884 9
814 175 7
449 119 15
531 455 4
874 21 19
207 764 14
719 801 3
313 224 5
201 342 16
696 208 14
321 643 20
799 735 7
209 400 15
994 957 15
986 631 3
624 322 4
121 34 10
369 857 3
703 239 14
981 625 4
888 968 2
749 844 10
530 737 13
467 966 15
158 22 20
979 817 17
66 183 7
554 41 3
531 928 20
578 768 3
848 847 12
311 665 6
885 727 20
298 267 13
651 242 13
379 265 11
387 417 20
30 881 5
497 766 8
984 179 9
820 472 4
987 661 2
21 497 12
113 301 2
817 336 9
807 762 2
85 835 4
573 949 14
775 986 5
534 803 20
473 688 4
904 811 16
888 802 9
555 830 10
914 226 8
722 409 7
818 28 20
108 786 17
467 27 9
590 90 3
348 653 13
393 954 7
103 826 17
701 435 5
940 53 16
92 392 11
442 441 3
310 272 9
477 675 17
927 906 15
642 85 1
778 536 17
69 401 20
824 470 14
292 25 3
226 700 8
59 834 15
245 130 8
107 916 8
498 996 19
910 26 6
345 123 8
213 713 11
959 572 4
974 885 12
795 309 10
314 279 5
925 671 18
831 731 7
273 632 2
741 531 8
882 539 20
253 147 14
592 756 16
62 561 9
742 664 7
54 338 17
323 141 3
162 130 12
905 192 20
674 119 2
58 723 10
560 514 17
889 769 13
687 635 16
802 547 3
632 559 12
744 82 7
891 212 15
990 29 9
563 382 16
913 945 18
835 711 8
421 242 5
732 803 20
439 791 10
535 940 10
870 850 12
843 233 19
284 88 9
448 483 1
911 557 8
73 992 8
553 81 6
938 170 10
90 249 16
360 508 15
206 649 16
246 834 19
654 441 11
972 182 1
151 668 13
222 733 5
591 49 20
111 413 2
811 371 2
240 292 14
487 521 16
500 997 2
39 992 13
827 137 3
221 648 8
150 39 9
766 447 2
618 448 9
405 808 9
220 866 7
259 495 5
253 161 9
895 192 9
521 846 2
320 235 16
864 299 3
706 873 4
28 610 6
498 334 20
831 546 6
447 829 10
947 577 7
493 203 14
448 872 8
49 126 17
574 970 19
874 197 16
888 37 10
368 133 19
136 926 6
529 790 14
888 97 18
68 742 5
326 746 3
168 151 20
603 358 10
120 825 8
263 731 17
288 482 12
607 399 11
563 47 10
821 778 7
408 457 8
85 20 4
369 651 15
230 583 20
320 577 12
116 984 20
96 906 2
432 30 20
759 961 13
327 996 11
882 625 16
735 165 10
293 187 14
868 8 9
805 88 9
335 253 2
688 89 6
735 564 15
856 56 12
148 771 2
656 129 12
976 534 6
560 297 12
161 404 4
498 876 12
509 602 14
768 504 4
751 606 14
281 655 13
663 41 4
713 922 6
452 337 2
490 518 13
289 278 18
838 845 11
454 770 5
195 91 3
883 96 15
134 741 4
9 352 10
172 731 14
720 323 12
379 462 12
111 221 17
761 325 11
383 768 11
32 64 12
842 781 18
79 483 18
625 148 10
891 424 12
733 298 19
558 432 1
868 314 12
659 297 9
925 211 3
390 410 12
586 37 18
256 129 6
489 478 5
795 471 17
88 334 20
438 862 5
619 2 11
572 922 18
702 170 20
882 329 6
632 242 19
946 422 20
644 280 13
224 728 7
234 675 13
259 230 17
946 804 16
797 203 14
421 970 9
687 566 7
807 183 1
95 7 2
552 751 19
928 450 16
639 594 7
749 675 6
456 764 12
580 273 12
33 700 16
382 6 4
491 517 8
836 336 19
406 662 7
825 294 6
473 711 15
754 862 2
466 444 11
179 869 12
842 502 11
239 350 10
635 196 6
787 29 19
823 913 7
506 160 20
933 667 11
892 898 5
964 897 1
704 354 9
584 259 16
24 916 6
445 309 1
335 166 4
359 539 16
343 301 17
945 403 7
606 4 5
321 734 15
137 210 20
721 28 10
894 482 8
288 425 1
816 841 18
29 813 11
808 102 18
381 460 11
245 673 5
336 133 6
985 938 12
408 106 5
867 910 19
87 301 1
823 720 5
228 396 9
711 303 15
869 94 7
903 187 14
422 128 17
556 550 13
243 997 20
398 23 19
537 970 5
863 208 17
100 114 6
167 307 20
307 547 16
318 986 3
317 778 14
551 884 5
136 878 17
710 74 19
873 725 9
243 724 20
895 80 19
504 592 10
882 464 9
205 45 3
361 269 16
909 80 11
823 384 2
267 913 11
926 343 17
777 291 8
231 855 4
188 971 13
37 448 19
34 159 12
407 600 20
430 569 9
953 453 18
546 731 16
912 374 5
892 264 14
645 353 16
608 696 1
106 285 8
159 489 9
89 511 2
591 740 16
204 613 17
45 684 13
581 772 20
312 821 20
814 47 20
927 234 1
442 720 17
543 71 2
747 605 5
472 948 3
923 608 10
957 290 19
186 838 16
941 117 10
279 996 17
360 802 20
351 950 6
656 752 5
897 821 12
611 700 16
390 49 20
207 679 4
567 678 13
211 786 11
56 682 8
752 195 13
650 395 6
39 613 16
897 44 13
434 749 18
914 17 9
272 104 2
237 173 17
523 758 3
789 361 16
82 949 14
327 802 14
536 620 18
3 58 2
649 229 17
437 474 14
141 617 14
713 551 2
512 298 8
716 359 14
384 933 14
150 359 13
46 121 18
729 852 14
470 604 11
664 531 10
942 654 11
278 328 9
441 652 4
150 602 11
974 864 14
285 230 5
292 116 8
675 272 17
412 841 5
36 171 20
681 753 6
157 141 3
332 376 17
793 370 15
675 51 4
49 497 7
670 135 7
276 992 16
180 788 4
641 107 4
666 466 4
717 103 1
832 733 4
367 924 7
986 471 15
488 373 12
983 485 19
360 895 8
850 129 16
432 199 4
754 338 11
176 416 1
996 522 1
832 207 10
246 765 3
234 369 20
608 59 14
625 514 9
130 413 5
942 945 17
657 193 14
247 814 3
18 98 6
444 241 14
101 901 5
244 597 9
724 212 15
928 530 3
76 103 10
439 398 5
832 371 13
517 572 2
316 871 6
797 249 10
207 602 19
380 994 14
509 944 7
710 311 2
560 273 3
26 795 12
380 204 16
818 235 10
59 993 3
386 585 12
567 948 16
945 702 12
255 850 13
71 237 6
761 238 8
72 547 3
749 84 2
130 802 3
341 103 11
408 958 16
840 171 1
119 959 4
985 683 11
383 78 18
678 370 9
544 492 9
376 875 17
356 605 10
401 534 18
531 659 15
148 315 20
216 953 13
114 36 7
939 873 5
176 212 18
50 16 16
548 756 10
830 738 14
375 951 20
990 269 11
407 437 15
937 109 7
61 33 5
247 484 9
35 362 3
381 669 13
458 417 1
752 591 11
241 529 14
775 443 19
561 89 7
672 888 9
565 67 9
611 243 2
239 290 4
719 703 7
175 90 14
306 802 12
324 781 16
59 913 17
62 650 6
398 954 12
418 503 8
20 40 2
706 578 11
984 258 2
405 605 4
892 720 11
719 521 13
647 606 12
698 640 5
516 251 2
452 374 13
270 350 2
535 570 9
585 872 19
86 320 13
601 478 12
686 95 18
884 253 1
555 749 5
141 145 5
956 673 11
404 504 12
713 370 7
262 872 8
485 122 17
689 431 17
461 643 19
871 818 5
912 613 2
991 418 17
490 764 4
843 373 18
333 905 1
481 245 13
290 175 20
244 974 14
666 213 8
425 925 8
139 152 15
599 572 4
706 670 18
971 586 9
408 372 2
367 369 14
228 144 19
508 154 8
688 961 19
859 837 14
952 345 11
277 652 9
637 36 19
848 351 19
485 684 3
693 110 5
788 102 1
211 200 11
343 697 6
731 981 16
255 465 8
557 340 12
886 19 2
867 385 16
126 715 5
800 948 19
151 649 11
280 368 9
130 115 14
666 61 6
468 832 8
519 807 8
92 907 18
708 532 14
786 311 11
797 709 10
133 549 12
1 718 15
369 617 3
762 209 20
246 831 5
517 42 18
428 4 5
166 7 3
303 905 16
736 778 11
765 639 2
533 711 1
939 157 1
228 17 16
658 305 10
386 930 5
71 533 1
973 249 6
944 837 9
311 732 13
81 656 13
620 325 16
257 54 6
884 467 13
854 236 14
110 842 10
159 216 12
50 279 13
364 534 12
951 699 1
517 777 9
437 533 12
28 203 6
863 52 12
547 869 5
799 258 13
666 968 16
29 67 11
127 591 18
345 11 15
889 549 15
535 818 16
324 848 7
318 576 14
481 585 14
951 722 15
765 950 1
133 32 8
381 377 14
164 302 15
195 393 1
215 847 2
133 366 4
16 30 20
630 290 16
248 880 13
23 23 7
357 732 15
287 906 15
868 301 3
554 224 14
756 243 14
151 517 1
24 555 6
599 29 16
24 573 14
516 171 13
489 86 18
21 112 16
352 444 20
244 546 17
872 696 13
687 131 7
486 489 3
819 919 8
409 973 18
841 519 16
495 756 1
283 603 7
189 57 3
743 844 5
808 506 7
62 769 17
42 448 19
901 561 2
401 927 16
535 193 1
864 983 17
597 52 4
183 179 16
588 616 20
910 341 12
325 467 11
50 264 11
523 274 13
922 839 6
16 708 10
931 776 18
708 659 11
612 564 8
950 131 17
46 90 20
571 119 19
892 630 20
113 548 12
120 464 17
771 341 18
917 862 9
324 53 16
212 219 7
797 828 2
90 161 10
559 321 5
214 173 3
635 666 19
203 716 9
352 516 16
851 586 10
275 958 7
580 816 18
173 898 19
824 133 6
614 507 16
546 810 19
661 834 5
208 422 11
981 875 20
365 221 5
304 328 10
927 481 3
859 250 12
561 86 15
820 303 9
547 200 15
195 440 4
907 185 20
464 501 17
88 17 11
390 26 2
952 426 1
630 396 13
829 749 11
198 112 16
774 646 2
461 618 3
240 30 2
343 760 13
462 564 9
838 503 17
177 979 3
110 489 12
734 971 19
783 991 7
130 526 1
254 88 5
840 921 1
55 460 11
564 21 6
279 692 7
725 423 4
755 324 1
329 648 4
395 237 18
187 664 9
208 92 5
290 272 4
632 796 14
859 543 18
808 883 9
498 510 5
962 11 17
422 250 3
842 117 10
884 975 7
145 632 16
490 638 13
706 135 5
974 603 4
343 982 4
130 464 17
537 197 3
586 395 7
224 668 18
717 136 8
849 16 16
869 591 20
722 381 3
166 641 13
90 33 17
366 559 16
371 322 9
145 959 18
304 815 12
669 864 2
181 579 3
489 441 17
770 210 1
26 601 17
49 764 19
690 561 19
113 986 1
409 320 10
630 538 13
248 945 6
821 918 13
670 887 7
629 916 1
78 127 1
677 628 16
122 373 15
201 658 18
559 231 12
541 967 10
19 23 2
525 521 15
529 808 2
6 498 16
396 274 3
220 285 14
504 575 8
610 507 18
965 962 10
635 759 1
48 630 8
472 893 19
378 673 18
776 563 4
52 876 9
347 155 12
158 677 14
183 294 16
649 198 20
273 320 12
987 332 19
991 260 12
19 362 10
713 894 17
229 136 20
376 398 13
975 841 9
509 996 20
742 56 12
682 724 20
195 670 18
475 353 3
490 833 2
176 466 13
556 10 3
805 302 15
930 700 1
282 541 3
16 682 7
803 775 12
140 292 9
32 212 20
548 478 8
265 729 8
792 174 9
322 397 6
358 291 20
587 358 8
17 83 1
720 800 19
802 854 14
232 998 13
600 944 15
357 647 6
447 94 3
824 782 7
891 404 11
237 344 19
229 39 1
305 498 7
461 752 13
271 244 9
995 902 20
371 284 7
775 200 17
493 821 7
683 480 11
40 934 5
982 660 20
5 487 13
444 819 7
386 689 5
689 650 4
144 351 16
162 936 5
124 505 10
408 763 15
242 559 20
236 584 11
59 695 12
332 838 18
585 782 20
851 554 20
169 217 12
13 733 18
896 52 4
699 489 6
618 616 1
897 907 14
720 710 11
924 988 12
700 745 4
607 257 4
42 144 11
865 872 19
214 307 18
359 121 14
256 103 9
255 757 1
993 141 11
575 418 17
424 204 15
777 795 14
501 488 19
462 209 18
332 211 10
992 123 20
682 699 10
822 988 14
931 349 20
157 769 10
871 6 15
124 747 20
132 357 9
407 216 16
465 915 14
344 426 6
67 155 12
393 703 13
38 283 8
445 25 6
359 983 9
36 72 4
48 893 13
699 365 9
98 945 20
786 839 20
804 147 11
547 270 12
754 995 12
481 918 20
449 893 13
7 792 17
735 895 12
338 768 13
149 205 19
753 879 5
871 167 7
181 154 17
549 341 16
536 813 9
706 357 1
485 495 6
522 991 17
847 684 18
270 950 1
716 526 16
374 481 19
887 602 19
827 244 9
29 959 17
310 424 6
698 987 18
122 186 15
951 568 5
837 953 6
257 780 9
142 59 6
602 120 3
677 1000 14
689 98 11
947 253 15
710 510 6
947 47 16
874 683 10
387 92 1
656 877 2
536 954 20
570 380 8
778 87 20
249 269 16
423 206 1
567 185 17
910 957 16
78 29 13
750 677 4
111 747 18
795 265 19
380 8 2
999 508 14
35 782 15
546 150 14
880 81 7
31 824 1
230 700 5
842 512 13
481 70 12
560 46 6
742 39 15
368 980 9
44 240 1
305 60 3
800 318 2
20 274 9
248 914 12
340 362 8
673 435 3
397 91 3
536 750 19
553 307 18
372 849 12
389 655 13
808 296 11
361 615 4
430 651 5
259 696 9
520 885 6
317 887 2
731 969 4
579 508 11
405 690 13
101 55 18
726 309 11
910 236 2
858 970 18
183 442 17
797 857 14
631 348 17
915 234 3
740 88 18
616 410 4
520 145 19
313 278 15
105 854 9
599 403 15
923 952 19
632 204 10
962 993 7
885 504 9
91 839 15
301 547 19
898 100 15
233 226 15
562 686 15
851 133 9
708 221 7
378 520 9
704 355 8
324 969 3
137 139 6
512 822 19
880 253 15
312 603 15
352 121 12
864 845 20
615 619 18
229 86 11
289 905 19
726 908 3
23 393 14
891 935 6
301 967 6
894 544 3
228 495 11
400 462 1
964 676 7
137 312 4
990 183 11
689 204 9
972 143 6
648 399 11
269 594 3
305 972 7
537 104 11
147 694 9
886 96 13
920 643 13
714 586 9
887 632 7
603 863 16
388 809 19
140 248 2
337 897 18
600 296 9
34 816 5
666 352 18
70 820 2
103 893 11
496 795 19
358 548 14
24 237 20
984 5 11
422 199 14
875 791 13
798 74 16
769 308 19
708 95 16
264 523 13
666 721 1
986 381 5
580 169 2
926 60 7
64 845 6
473 519 6
692 781 13
203 924 11
250 55 3
187 938 15
210 794 8
897 878 15
727 324 13
793 721 4
313 729 20
989 777 20
269 436 11
699 705 11
329 629 4
881 896 1
974 855 17
302 434 14
903 527 10
513 452 5
576 727 10
644 920 20
138 276 10
758 46 6
356 235 17
571 937 12
348 433 2
171 445 7
76 685 8
895 603 3
531 819 8
346 567 5
313 383 17
385 903 16
368 668 4
707 821 13
569 363 15
307 988 9
488 437 18
603 564 5
653 984 3
855 719 6
427 286 14
577 478 18
505 546 6
573 478 4
957 317 5
332 962 19
202 611 5
210 568 8
418 69 19
677 651 19
629 986 3
220 176 6
507 25 12
782 545 6
498 964 9
692 408 5
887 486 2
871 243 10
821 792 1
515 77 6
418 423 17
892 347 9
396 24 20
967 441 19
676 129 1
192 32 10
125 99 1
694 660 15
158 478 18
120 793 17
902 950 5
344 298 19
366 908 14
246 392 14
553 271 11
59 468 4
788 301 7
833 322 17
366 295 20
292 170 9
93 529 4
589 522 20
409 915 14
260 441 3
424 888 20
698 459 16
259 116 20
271 618 7
21 893 15
75 866 16
866 535 5
936 71 14
646 509 6
324 313 9
869 553 2
514 664 19
114 528 9
51 784 3
471 273 7
695 872 13
544 788 7
579 739 17
208 156 18
8 411 6
930 598 8
806 283 10
280 189 12
531 362 1
356 973 15
725 259 19
479 205 3
238 567 18
421 865 3
583 609 11
741 696 13
387 554 11
806 732 9
695 322 2
551 250 1
99 565 15
155 278 11
325 827 3
814 746 20
102 416 9
824 818 13
898 16 12
295 314 16
951 2 4
560 932 7
555 328 14
564 809 12
922 811 6
74 362 8
850 586 3
270 533 4
30 385 14
339 321 8
439 875 11
352 749 12
413 940 2
407 214 14
640 391 2
205 636 5
939 263 17
736 202 12
412 559 8
174 936 17
814 908 4
959 227 15
123 305 9
60 892 10
909 809 4
26 596 7
254 585 9
907 220 4
438 34 14
958 5 14
139 508 4
849 524 2
88 154 11
772 323 20
263 903 6
693 843 13
519 746 4
398 462 20
438 95 7
331 968 11
912 726 16
415 863 10
235 298 17
256 683 18
177 470 15
47 437 8
32 134 14
448 989 13
367 713 13
939 104 17
463 541 19
315 592 6
964 258 4
748 349 9
34 384 4
623 280 6
495 825 10
647 764 15
846 218 6
202 298 2
144 759 11
178 495 14
792 748 18
655 100 9
539 281 1
575 507 17
240 548 13
957 701 4
684 840 6
951 642 18
812 48 9
787 824 4
896 10 19
42 53 9
619 54 16
431 950 7
385 125 4
889 863 4
390 850 8
546 222 9
314 941 4
620 744 16
497 227 16
723 921 4
71 511 5
289 884 2
370 186 8
813 502 9
107 442 11
623 612 9
515 920 16
266 603 3
216 379 19
140 844 6
661 899 13
907 728 20
501 349 5
670 816 3
369 733 7
436 513 9
858 412 4
423 527 9
660 433 12
436 726 10
363 561 13
322 232 17
968 632 13
11 890 15
383 441 19
576 46 13
968 436 3
195 927 7
750 150 8
219 283 14
558 504 9
472 389 12
175 946 4
433 531 3
218 611 2
748 302 3
529 378 15
505 581 15
881 106 12
897 535 3
694 435 11
856 463 15
653 672 15
892 352 11
253 928 3
991 474 16
245 483 16
27 540 18
16 883 6
16 249 7
300 478 11
249 930 17
692 845 14
287 34 6
977 639 14
870 898 1
795 486 6
303 712 4
685 781 8
924 851 13
348 718 15
150 589 9
693 25 9
687 523 3
434 165 9
561 815 19
897 300 16
167 561 17
745 299 14
311 476 20
231 666 20
845 332 12
95 876 5
909 482 20
797 734 10
977 333 8
846 343 5
286 943 15
246 971 3
870 434 14
997 146 6
177 831 9
374 862 9
763 245 13
836 361 14
189 766 6
175 201 17
934 528 11
648 92 15
39 271 7
854 103 1
860 515 14
347 76 18
56 408 10
968 238 10
39 876 19
706 514 1
820 758 2
687 153 9
359 151 10
470 159 16
783 308 11
446 7 9
318 389 13
884 54 9
117 791 5
275 914 15
759 392 7
649 630 1
450 313 15
786 495 18
523 692 14
467 496 7
319 295 4
726 106 4
59 50 4
336 513 12
409 443 2
98 846 4
594 991 19
112 166 12
438 987 10
295 37 5
490 520 11
781 41 1
762 463 1
316 494 10
381 60 8
69 642 10
590 585 1
524 239 4
931 569 18
449 900 6
611 64 12
641 666 19
803 928 12
598 635 14
441 89 19
629 987 13
319 196 19
432 492 8
824 301 16
657 543 8
479 234 9
7 558 17
326 236 14
951 676 5
440 855 3
844 614 5
5 905 10
374 842 17
861 21 11
981 934 15
759 880 18
448 754 1
43 315 1
349 255 12
702 943 16
979 48 13
83 398 16
425 938 4
657 908 11
786 322 19
481 184 8
712 435 3
270 487 2
547 904 17
15 265 4
154 420 10
482 522 17
357 506 1
924 366 4
543 34 8
789 665 16
456 844 8
8 393 12
857 172 11
198 473 12
450 709 11
713 637 14
832 377 17
376 23 4
754 384 12
260 402 11
839 505 10
519 911 1
209 825 5
708 286 8
709 817 3
973 40 14
591 868 8
826 664 5
1 799 15
454 519 14
329 26 15
493 714 8
708 666 9
78 484 10
23 86 2
563 252 13
861 290 4
511 917 16
148 706 11
338 708 1
44 548 8
695 468 10
769 652 9
780 193 15
597 540 5
762 668 9
768 522 8
974 664 9
481 422 14
365 331 12
92 558 14
92 279 4
763 459 12
638 363 10
92 581 15
982 373 13
738 612 4
202 241 19
192 593 2
6 574 18
537 239 18
88 250 12
386 301 13
356 452 16
715 132 20
24 187 7
479 727 3
60 702 5
913 783 8
341 441 10
886 310 1
394 815 6
183 689 12
771 552 10
926 593 9
192 166 13
96 952 7
239 213 5
653 129 9
570 679 4
22 688 14
833 863 15
559 333 1
909 182 17
857 837 17
224 463 10
374 948 13
212 333 8
47 773 6
729 654 9
673 342 17
320 638 20
848 809 15
736 31 18
956 888 4
972 367 19
643 440 16
124 755 20
910 368 4
437 825 11
873 32 19
498 208 14
883 862 4
606 67 14
656 761 12
256 55 16
10 381 7
601 980 17
925 543 14
723 695 9
497 708 16
242 729 2
514 185 6
719 780 18
702 241 5
468 361 20
127 897 10
674 509 18
614 735 8
87 160 1
857 844 18
752 511 3
693 572 15
793 185 11
933 891 7
883 158 5
909 75 17
43 238 11
686 291 19
799 800 8
164 711 13
882 587 8
254 428 19
38 148 9
689 50 6
18 76 17
584 553 19
21 932 13
870 609 12
437 904 4
402 462 3
848 922 4
752 723 7
457 244 14
665 958 10
608 479 3
555 212 3
958 28 14
851 473 13
515 966 1
585 980 9
592 399 7
701 205 18
169 517 16
676 473 11
207 383 6
307 606 6
558 103 15
395 285 6
257 491 12
685 706 17
331 818 13
528 443 1
927 643 17
661 814 15
601 605 20
584 534 20
13 811 9
307 290 10
287 390 14
689 753 13
266 591 10
765 324 20
391 900 3
1 840 12
735 276 8
575 559 15
682 416 12
433 541 10
572 900 5
601 204 4
421 189 7
731 370 8
648 924 14
947 341 5
297 751 13
422 394 2
915 215 10
453 324 1
266 881 20
594 101 14
458 121 13
408 25 5
624 578 4
266 474 16
890 755 3
854 512 14
313 130 19
803 405 15
530 993 16
929 34 10
690 676 3
907 44 17
958 485 15
573 151 16
267 987 17
109 657 10
52 359 9
594 256 13
473 544 18
106 242 13
532 369 16
438 373 12
954 255 8
780 216 16
539 438 6
758 276 17
613 918 8
699 914 17
974 393 3
54 932 9
483 813 15
941 764 18
998 998 17
377 43 6
895 918 20
929 166 10
898 85 8
515 693 6
571 169 9
372 40 5
280 622 18
974 723 19
444 378 3
228 560 9
291 180 2
490 760 15
518 842 19
127 958 3
203 722 12
855 907 16
167 410 4
873 584 3
939 420 18
992 201 20
223 343 17
487 531 7
378 386 1
886 264 7
495 472 17
665 934 1
34 29 11
586 356 15
971 297 7
37 221 7
178 916 9
532 257 3
237 202 8
841 533 5
172 864 15
810 467 8
984 38 18
894 392 18
433 695 7
218 202 20
977 917 10
608 354 11
960 491 11
972 67 7
679 861 8
288 264 4
8 557 16
250 577 16
922 8 6
444 924 6
741 287 14
326 654 3
198 626 15
410 732 13
150 472 10
485 191 20
11 503 9
783 327 18
85 382 12
72 59 3
266 325 17
842 911 15
741 182 4
133 419 1
364 783 20
142 365 13
650 745 2
670 971 6
20 499 7
165 848 9
673 843 9
599 774 18
671 916 15
264 525 3
116 721 8
558 108 2
943 542 5
809 580 7
912 360 18
205 315 13
978 521 1
13 473 14
797 382 8
657 492 11
716 131 12
478 969 1
703 697 4
280 608 18
166 695 7
882 494 11
505 643 15
773 229 7
580 382 1
481 568 19
655 449 18
690 86 4
398 938 10
484 887 18
936 5 16
826 789 14
354 859 13
459 491 13
883 527 10
24 788 9
668 667 6
672 748 3
947 436 10
807 95 5
158 137 17
593 282 20
43 119 15
956 119 17
638 806 3
594 319 14
463 14 11
779 146 9
339 843 8
538 309 20
900 432 11
535 336 1
626 641 10
301 83 16
814 79 3
219 743 6
457 722 2
270 122 19
467 505 7
596 503 11
493 60 14
871 820 2
855 864 8
768 145 3
602 219 12
563 103 10
820 678 9
425 838 1
808 559 15
416 59 8
133 433 3
782 179 17
545 78 18
167 412 16
480 182 10
347 60 7
338 817 10
872 517 3
194 59 15
669 55 8
854 722 15
171 599 1
149 750 5
540 816 2
306 15 10
401 958 8
824 768 12
90 731 6
403 225 19
925 258 13
189 900 13
311 774 9
53 864 11
822 819 3
154 414 18
727 398 14
675 318 13
765 404 15
227 204 14
949 46 5
477 614 14
565 410 19
897 837 5
387 105 16
257 392 9
993 394 5
732 326 11
971 658 3
605 224 19
227 706 11
951 129 4
404 334 14
732 568 20
328 188 4
464 861 10
887 371 17
544 979 15
636 745 10
52 27 17
396 843 8
265 171 7
801 170 6
170 239 11
729 304 9
525 211 4
303 234 16
186 486 13
22 823 12
382 815 11
560 451 2
494 990 15
141 261 12
370 633 11
614 457 19
78 428 19
403 148 11
871 16 2
519 852 3
213 493 8
885 798 11
597 276 2
256 689 18
345 900 18
876 879 15
684 507 19
476 362 9
691 848 10
200 942 10
28 967 4
702 374 9
838 376 10
582 515 2
430 476 20
874 147 17
15 335 8
40 591 6
821 90 8
831 105 11
716 266 5
475 721 16
734 963 12
581 522 3
829 291 13
456 954 18
851 676 14
567 475 1
683 672 17
519 982 17
461 241 12
778 335 20
515 413 9
303 842 17
844 636 2
623 125 12
586 570 10
499 435 5
645 465 16
14 75 7
636 484 7
772 466 6
902 187 14
745 17 15
7 50 14
426 60 19
242 478 1
551 136 14
180 85 2
130 400 20
436 239 1
989 620 6
710 478 12
651 588 14
655 350 6
264 391 18
633 150 3
785 949 15
28 587 5
310 867 14
59 948 15
95 791 11
894 624 8
307 251 20
81 614 6
355 801 14
141 389 13
618 78 13
219 395 6
812 156 12
298 733 6
237 273 10
635 901 12
211 61 15
518 111 9
483 831 10
278 609 6
870 258 6
264 632 14
825 551 13
568 312 14
878 138 5
504 125 14
127 433 3
411 132 3
525 485 7
419 740 2
906 869 20
902 449 18
594 156 5
87 286 16
770 476 11
762 79 8
122 839 17
39 274 9
842 673 13
61 719 12
86 531 6
40 218 10
404 287 6
885 637 1
818 330 20
226 402 19
150 354 18
570 806 10
995 403 17
161 356 3
454 722 15
514 681 19
19 811 4
435 321 20
844 51 19
665 976 15
541 124 15
468 55 7
22 732 4
394 686 19
540 755 17
82 926 19
749 256 4
808 605 17
159 645 17
267 244 2
347 896 16
404 242 20
135 11 13
516 174 6
368 259 17
400 212 10
79 389 19
609 98 14
117 990 6
50 217 8
773 811 19
91 184 17
351 149 17
846 10 4
821 725 15
149 31 9
253 548 9
612 363 2
478 280 11
825 91 16
858 281 13
720 218 6
221 12 17
953 586 4
948 581 2
881 968 8
799 793 9
946 822 18
931 773 6
685 877 4
838 353 14
785 281 9
720 683 16
696 102 14
614 161 5
871 161 14
966 369 3
132 865 9
616 984 2
441 280 2
248 106 7
583 194 1
494 886 16
945 805 12
560 974 12
651 388 6
879 719 17
936 426 16
920 771 8
284 715 12
760 496 12
222 628 10
698 58 18
28 840 15
54 333 5
757 375 3
253 546 20
923 411 7
858 737 2
808 105 18
265 883 8
512 478 3
49 337 7
448 192 5
256 807 3
250 877 8
568 310 7
831 258 19
765 874 4
406 777 7
871 410 12
486 796 15
287 952 5
490 859 9
916 303 1
113 4 1
302 833 10
542 706 7
348 206 7
213 102 17
989 274 14
667 467 12
779 983 14
38 710 5
863 282 6
180 523 3
902 399 16
678 353 17
675 30 6
434 390 3
823 222 1
123 509 14
325 797 8
509 351 12
746 728 18
111 564 20
818 850 2
109 867 17
474 550 9
942 576 15
913 691 15
769 124 14
803 748 14
84 807 9
986 500 16
157 661 9
1000 444 18
416 693 14
462 17 16
40 484 3
574 356 11
211 748 20
16 676 12
88 819 5
75 527 4
34 492 1
976 168 14
469 642 7
527 779 2
702 303 20
249 627 5
532 52 1
889 205 6
813 222 10
226 984 15
233 955 17
751 336 4
584 84 18
457 11 13
271 781 10
563 496 18
889 689 20
109 24 6
488 850 18
29 580 5
984 944 15
511 243 13
314 761 19
353 99 14
543 307 7
682 743 4
73 400 11
320 289 20
92 363 13
64 430 16
472 343 1
438 479 4
318 4 14
804 643 15
915 87 2
62 745 12
828 717 6
983 56 14
915 83 6
479 861 8
476 150 8
608 520 6
167 750 3
409 643 8
804 360 16
553 404 3
254 688 3
584 994 7
40 184 4
545 833 18
248 856 18
20 907 4
711 477 20
130 576 3
792 738 13
814 496 1
832 532 18
190 371 20
437 351 7
581 843 3
724 588 18
740 930 18
108 563 18
925 495 7
473 509 10
680 968 19
806 366 9
795 267 2
924 600 17
296 782 10
503 952 6
965 484 9
175 957 6
577 723 19
930 922 8
937 362 16
412 740 18
425 369 8
930 298 9
498 719 3
547 194 13
641 511 10
434 725 20
337 400 5
456 644 7
750 952 15
11 279 14
187 957 6
488 651 7
4 324 10
397 210 4
949 449 17
292 531 16
704 865 16
389 943 3
135 768 9
149 470 9
811 590 16
264 877 13
634 227 18
226 555 8
165 817 2
657 863 6
250 400 12
570 359 19
41 330 12
551 797 7
559 896 9
204 715 8
934 953 17
337 73 19
52 754 5
511 64 13
707 783 3
376 235 15
55 260 1
206 430 6
561 50 19
260 884 17
326 698 9
702 605 12
819 538 14
267 455 19
409 343 15
818 204 13
130 456 20
515 468 20
975 264 8
133 658 18
329 61 13
97 37 14
682 711 14
24 254 6
686 55 11
310 868 9
798 386 4
748 782 11
902 939 1
270 297 7
978 200 12
483 792 9
710 231 10
717 185 6
750 238 1
243 682 12
2 543 14
42 783 10
741 786 11
33 415 19
159 472 13
768 659 5
670 751 11
108 631 16
975 773 2
798 408 4
413 666 3
349 38 17
137 42 8
380 831 19
361 114 10
196 665 14
786 997 3
636 503 5
621 584 10
719 69 3
324 288 10
622 930 6
444 210 8
211 626 4
523 751 9
627 219 12
263 920 4
460 204 7
604 109 16
999 585 5
703 970 16
287 137 4
810 725 9
448 597 6
863 183 10
672 383 8
599 89 13
75 71 2
837 236 8
223 4 1
211 687 2
487 486 20
857 624 17
548 669 15
323 809 18
848 810 13
988 266 10
973 450 8
771 482 8
723 983 11
27 384 7
657 480 5
744 440 10
99 458 1
400 494 4
36 222 14
552 219 14
391 324 6
925 921 1
920 269 5
201 462 20
491 273 12
892 917 9
205 961 11
621 376 7
970 424 3
774 551 10
790 593 13
99 58 7
49 833 3
543 860 7
344 766 17
67 959 10
531 321 14
945 263 20
652 333 9
874 857 18
778 685 17
646 542 2
168 78 18
333 395 14
22 918 15
811 297 14
832 670 14
496 67 15
244 403 13
653 869 12
224 802 8
66 120 14
476 392 3
701 215 12
58 719 20
375 933 9
431 449 15
386 529 5
986 211 17
964 207 19
719 167 19
924 367 2
547 433 10
973 172 4
878 440 18
495 678 16
884 27 3
362 558 2
75 49 18
726 661 4
774 645 6
58 943 15
380 730 6
546 872 1
499 888 3
605 486 17
838 718 12
344 852 3
364 142 16
226 612 6
539 945 11
721 246 13
792 967 3
197 533 12
217 833 3
712 706 8
776 714 1
671 445 6
241 423 5
174 535 18
305 693 9
555 537 7
637 267 11
222 461 19
846 94 10
794 902 15
957 786 3
579 180 9
127 26 14
888 229 7
349 234 11
108 428 12
349 815 16
366 786 6
761 357 1
186 453 16
144 158 15
952 225 17
439 204 18
162 807 19
393 4 4
811 918 8
926 929 2
301 799 4
942 592 6
79 99 2
860 597 8
946 215 17
174 687 17
884 17 19
190 278 7
476 140 12
967 130 13
953 151 8
938 954 14
665 117 6
897 864 13
355 846 18
345 691 2
677 3 1
50 165 9
404 75 15
388 298 17
494 732 6
246 650 3
962 615 15
17 754 11
794 976 3
799 881 9
337 822 20
776 698 11
716 728 4
271 395 16
551 117 13
820 155 10
32 400 15
485 343 4
798 115 14
490 110 15
393 758 20
455 389 11
700 737 20
107 633 5
987 616 4
51 383 15
654 552 7
416 941 13
150 484 14
3 205 18
782 809 6
690 993 18
227 210 15
88 941 2
892 754 18
651 439 18
607 409 12
154 772 15
51 419 20
65 762 15
21 279 13
687 862 14
89 396 6
64 544 11
185 320 7
880 992 17
192 19 10
862 681 14
83 111 9
416 36 18
326 395 12
63 24 8
101 653 10
341 410 20
579 769 5
414 302 16
669 747 11
921 837 8
78 996 12
818 581 4
954 106 20
867 308 9
365 95 2
114 276 11
160 601 2
948 90 4
152 513 17
602 377 15
742 392 12
609 517 8
192 970 12
678 576 11
842 805 10
6 593 19
721 555 15
242 530 4
581 384 16
801 861 8
628 511 16
903 23 15
744 824 17
690 174 8
801 597 14
564 250 17
314 6 6
601 669 4
847 602 4
783 653 11
725 781 2
518 938 17
897 575 10
947 302 3
976 484 4
475 80 13
798 396 18
544 458 7
476 372 20
972 188 20
330 114 15
898 363 18
997 109 9
802 615 5
860 898 8
892 628 19
486 32 2
214 323 4
958 383 17
255 94 1
976 213 4
163 88 6
876 141 15
918 182 15
169 992 4
815 667 4
838 927 4
306 341 11
684 825 7
24 540 6
123 347 15
25 19 1
785 90 19
723 442 7
419 762 3
987 25 18
36 100 12
732 479 16
537 855 6
933 11 5
279 208 10
958 768 6
378 231 11
844 766 20
866 701 14
895 759 6
513 385 1
746 742 12
495 24 15
274 208 11
992 69 5
116 796 3
17 596 2
519 453 20
543 692 3
215 666 14
304 692 9
815 451 5
588 432 20
682 770 7
511 119 9
34 900 3
462 273 5
421 223 15
563 236 3
164 207 16
327 66 10
717 891 9
277 313 8
306 312 17
424 677 10
432 642 4
830 918 19
642 570 15
929 975 4
715 759 7
660 812 6
63 464 18
499 75 9
117 731 20
971 370 16
19 371 8
227 303 14
497 491 14
245 229 4
720 23 11
18 437 7
467 297 20
807 330 8
329 525 7
783 750 7
103 133 9
934 557 6
136 451 20
813 922 9
449 53 4
528 760 6
393 437 10
47 191 11
361 153 8
366 410 18
800 957 5
116 870 18
73 18 10
250 554 12
730 445 15
307 335 1
681 954 16
337 111 1
831 257 9
731 92 10
184 995 1
946 75 8
608 868 9
93 916 12
972 599 18
298 964 19
636 123 6
640 497 12
326 971 1
893 299 9
6 1 13
263 456 1
52 93 1
797 800 20
47 810 13
533 257 18
649 185 20
239 391 7
87 476 15
465 441 17
382 92 5
909 265 5
155 689 11
325 521 15
628 202 19
455 599 14
716 318 18
254 442 3
237 27 3
145 565 11
442 798 11
483 642 14
561 611 2
670 243 2
85 698 8
333 437 17
719 486 4
711 42 12
544 34 10
546 487 9
453 847 4
988 18 18
483 661 17
76 396 2
968 719 10
420 934 17
498 124 12
109 524 19
656 465 10
355 505 13
821 156 9
863 596 20
425 522 12
422 946 11
599 101 15
602 542 3
974 233 16
941 618 2
73 664 9
375 414 19
528 973 3
420 283 3
195 54 18
4 352 6
602 581 11
184 447 8
944 868 16
604 670 12
754 895 11
884 781 20
797 988 18
875 184 13
339 918 8
184 495 17
856 150 17
506 323 18
914 444 8
401 405 10
47 751 12
300 575 11
617 698 3
209 919 17
502 822 1
860 698 14
336 959 6
589 652 10
702 790 3
500 609 14
187 97 13
627 624 3
27 931 8
675 439 7
855 493 17
791 268 19
104 827 12
298 920 1
562 265 15
608 881 15
707 766 1
429 783 6
782 970 4
482 408 10
142 419 16
547 703 5
739 688 10
313 806 5
355 527 3
200 637 19
258 520 17
896 467 19
407 255 7
684 149 13
171 210 12
950 815 1
947 740 7
419 83 14
210 949 19
108 202 15
795 479 16
734 146 17
976 953 20
890 531 9
263 371 15
563 562 14
583 786 16
630 722 20
730 450 8
256 538 10
447 180 14
146 638 3
963 369 3
707 479 8
755 527 14
59 838 2
109 199 11
978 168 20
638 159 18
602 844 12
555 36 6
910 170 15
913 687 16
828 493 8
107 856 13
551 898 20
628 846 17
517 70 1
29 369 15
606 250 20
827 600 14
318 727 8
359 87 18
698 925 7
929 234 2
905 955 5
256 602 13
540 776 20
82 153 2
860 973 6
144 285 8
76 539 3
509 415 6
848 84 9
462 818 6
66 385 17
107 743 11
191 203 14
676 717 16
857 324 13
810 290 4
446 584 3
374 38 17
842 643 20
125 535 13
150 552 20
666 93 6
747 499 15
871 997 16
285 653 13
761 611 13
430 138 5
953 718 3
647 786 11
294 574 6
242 279 4
416 1 17
608 829 3
504 167 9
210 553 3
451 222 17
678 176 17
880 263 3
986 860 15
537 373 6
425 371 19
900 862 1
778 176 15
895 813 16
298 167 2
982 310 5
910 315 1
738 554 13
624 340 17
90 17 16
698 279 2
303 158 9
709 139 12
641 265 16
276 772 14
120 368 16
264 684 15
835 368 6
741 992 20
717 287 18
929 818 3
412 410 7
76 302 2
238 867 20
457 55 7
195 460 8
553 146 8
316 853 8
386 628 11
476 647 12
309 58 4
411 917 5
304 115 18
595 372 20
944 28 18
320 909 6
605 380 20
582 423 6
498 391 9
623 778 8
270 505 10
609 214 20
109 110 3
405 524 2
65 266 20
459 471 6
964 877 7
106 601 18
974 423 14
882 86 11
537 201 4
710 255 1
434 112 11
304 921 10
892 695 17
594 920 16
294 559 17
886 174 13
405 533 18
88 94 7
687 621 8
413 718 8
701 996 13
306 931 6
770 864 4
390 15 12
940 382 2
226 303 18
976 205 19
980 765 17
887 682 1
650 767 1
416 67 6
784 533 10
256 135 11
330 291 7
353 98 18
515 778 12
943 878 1
669 862 2
665 154 2
738 75 19
698 984 19
34 392 6
24 494 13
474 495 18
54 510 8
476 601 17
79 397 3
401 159 6
719 713 1
755 525 14
7 417 6
345 314 7
48 491 15
752 112 9
6 407 4
974 482 6
893 565 7
360 240 16
242 263 9
77 934 17
958 959 15
174 2 3
834 47 7
943 874 19
402 517 6
183 796 11
750 982 20
737 116 16
191 977 8
66 680 19
533 348 8
717 450 19
457 363 17
139 636 7
261 932 4
214 236 12
566 828 12
845 296 20
765 971 18
88 377 15
20 73 17
242 163 7
388 967 9
100 352 18
51 577 6
524 509 12
556 398 18
333 681 8
399 728 13
417 747 1
309 844 9
981 415 5
719 572 12
285 265 8
37 600 11
970 70 7
260 237 6
757 187 19
381 852 19
853 172 2
779 661 20
708 640 11
922 357 4
289 685 11
742 526 8
111 141 11
837 648 3
41 426 20
793 45 10
718 839 14
42 489 5
28 543 1
875 622 20
198 928 14
124 303 7
843 416 4
465 105 15
227 840 17
730 828 5
326 989 18
290 278 14
637 735 3
588 127 8
318 767 3
35 559 10
833 543 9
195 334 17
934 841 13
136 842 3
825 782 13
138 270 19
520 789 12
975 242 7
83 169 6
866 446 6
513 574 9
717 688 7
296 402 1
360 958 10
31 346 1
414 594 8
222 359 14
273 279 19
17 646 12
278 273 2
221 560 11
311 647 17
968 716 5
602 347 10
594 271 7
246 247 7
981 579 13
521 917 5
459 161 10
40 252 6
639 473 3
287 718 14
997 862 13
492 226 3
993 599 7
564 779 10
635 379 8
741 532 10
282 609 15
816 5 19
786 10 20
792 450 13
177 479 9
942 36 17
167 783 18
871 876 15
976 612 9
997 680 20
731 142 17
556 152 9
801 160 3
778 376 14
873 52 16
845 560 2
427 862 3
986 804 2
689 361 16
381 79 18
157 602 7
421 124 14
264 135 13
360 691 16
14 361 13
902 942 20
260 582 16
893 533 17
176 388 8
402 951 13
485 535 2
212 507 10
706 272 3
779 268 3
99 895 6
590 790 15
388 791 4
826 312 7
858 890 16
810 300 9
802 26 4
29 601 16
562 753 6
343 213 11
82 423 15
430 46 8
889 125 9
224 359 19
176 955 20
527 89 20
871 670 13
232 115 15
830 640 2
352 920 8
703 616 1
109 233 14
540 583 17
231 697 3
160 273 7
289 533 8
638 600 12
739 92 3
703 582 17
108 311 11
737 882 4
846 511 11
985 432 15
900 509 20
976 438 20
186 546 7
909 239 8
643 655 10
310 982 5
323 537 7
415 604 10
74 964 1
441 872 15
235 918 3
361 928 15
560 482 5
808 996 1
374 988 13
261 83 17
611 845 17
387 486 2
425 492 8
618 855 5
710 287 17
455 833 13
499 316 12
648 486 20
279 927 8
417 876 12
508 387 3
608 609 11
231 753 2
21 822 6
471 428 19
78 288 11
348 694 18
12 932 5
495 324 12
649 806 1
709 3 4
457 112 18
863 392 17
472 746 7
141 637 20
394 640 20
703 463 15
621 333 3
474 282 5
363 907 4
952 526 3
832 945 20
436 13 1
175 21 15
736 430 8
723 117 20
860 283 8
984 916 10
331 207 10
717 612 13
855 659 20
43 330 19
180 643 9
725 919 20
729 15 16
273 733 6
579 562 16
552 456 16
465 369 16
671 137 12
290 540 4
128 345 3
5 827 17
658 799 12
675 80 20
410 147 16
162 924 3
150 617 4
674 101 7
868 979 17
703 30 8
519 867 1
565 532 7
362 6 11
76 514 4
563 541 19
976 863 14
559 752 14
46 700 17
558 254 17
657 856 19
941 902 14
504 521 17
885 712 14
329 483 12
993 787 10
923 662 8
126 142 11
837 694 17
110 357 13
361 198 13
324 255 17
429 334 16
630 43 14
927 791 6
447 420 15
817 510 10
185 609 4
570 746 13
999 454 18
629 988 1
170 987 10
309 807 3
795 394 16
778 807 18
881 617 6
433 156 17
251 988 19
173 76 12
592 8 18
508 869 6
156 726 15
967 610 6
326 81 13
945 969 20
916 356 4
709 458 15
837 166 5
324 116 12
709 202 12
974 762 5
122 878 11
913 746 19
452 908 8
632 189 10
805 774 10
453 391 17
558 495 20
411 958 9
586 578 19
701 903 18
563 839 13
963 458 17
928 12 16
780 32 17
949 59 16
838 876 19
353 552 17
108 355 15
645 630 2
629 765 17
815 171 20
671 438 19
333 30 1
751 257 7
156 698 8
85 983 16
874 92 9
323 494 4
999 767 12
628 851 2
123 374 14
456 238 13
382 989 10
588 801 13
600 238 16
765 201 8
721 655 17
329 544 9
875 697 3
944 684 5
884 684 17
783 500 9
220 735 13
35 355 5
272 316 20
880 951 18
967 127 8
910 920 19
975 749 7
134 803 8
86 274 9
633 923 16
676 958 13
592 19 7
543 945 10
133 242 13
485 855 11
370 863 14
632 309 9
337 883 10
711 197 8
130 70 19
286 306 18
621 171 3
651 468 8
992 625 9
853 423 11
757 424 9
611 824 14
997 621 18
876 688 9
373 702 6
831 582 1
473 413 3
271 920 10
537 436 16
675 804 10
724 234 12
605 536 12
932 517 11
496 433 17
12 768 11
920 620 17
649 372 7
705 112 5
402 751 5
309 17 7
207 140 9
613 733 20
928 885 2
870 376 20
24 112 11
668 12 4
562 86 6
778 404 10
26 858 2
161 454 16
164 754 1
148 98 18
858 7 8
607 796 3
85 80 14
855 853 20
763 382 17
222 384 9
246 301 12
473 314 18
204 747 17
170 894 18
536 484 9
662 937 11
433 375 1
868 288 2
6 735 17
970 183 5
185 332 7
203 390 14
112 226 5
360 951 19
780 993 17
716 43 18
883 305 11
903 148 18
383 415 8
963 817 1
739 56 19
494 611 17
952 980 20
274 107 6
21 142 18
422 285 10
332 177 12
184 671 12
560 895 17
163 435 20
137 5 6
681 947 4
516 990 3
12 158 12
282 193 17
725 780 12
442 499 15
597 392 16
141 420 17
963 357 5
200 224 19
493 815 20
957 195 20
633 78 18
673 410 4
931 835 10
742 299 18
95 683 8
729 891 13
507 414 13
712 227 10
965 205 11
864 644 17
546 37 6
105 3 13
635 373 15
258 873 5
29 136 17
918 834 9
230 91 14
30 715 12
103 659 4
724 841 17
685 752 10
38 613 7
536 90 8
718 488 5
165 487 7
53 746 10
293 495 14
118 428 2
915 360 9
999 112 15
979 861 12
743 283 8
87 89 9
826 970 7
203 922 11
699 612 16
619 445 11
991 391 20
728 850 6
488 446 2
635 962 2
793 485 8
903 784 2
61 171 18
536 627 8
121 229 9
11 557 14
221 984 14
609 248 5
71 316 11
849 167 17
229 846 12
652 441 13
657 996 5
631 468 6
402 901 18
475 445 19
494 819 4
97 966 12
630 79 4
875 176 1
582 345 3
527 834 12
675 638 10
615 691 3
468 676 20
828 488 11
96 563 17
447 335 20
17 91 2
486 460 19
264 825 3
39 667 12
106 880 20
724 892 5
369 450 6
745 861 16
909 468 19
151 145 7
168 143 17
849 341 3
588 781 18
635 605 7
559 440 17
577 882 6
559 720 12
68 494 18
746 316 1
530 182 4
71 75 16
620 808 11
771 115 6
708 615 5
224 483 6
390 460 15
344 603 19
948 352 8
857 161 14
597 320 3
94 491 12
432 437 3
916 767 16
514 42 7
730 659 17
187 122 8
372 931 7
911 672 16
334 801 14
720 277 10
537 878 8
199 85 8
87 798 16
469 809 18
46 322 14
678 113 11
211 409 2
441 209 17
723 232 11
674 149 15
349 981 7
915 664 18
64 556 7
555 664 20
300 357 15
843 778 17
777 403 14
492 783 13
490 671 7
509 745 7
182 763 15
506 305 1
460 858 3
172 356 1
357 946 11
352 481 5
727 641 16
947 761 20
324 486 17
18 773 11
309 599 8
44 162 11
536 841 8
639 704 18
469 268 1
503 453 8
469 379 20
787 721 12
179 420 13
618 731 11
652 705 3
793 574 3
546 250 10
944 129 20
938 254 3
944 150 8
245 876 14
123 174 13
216 393 19
725 558 9
610 723 15
777 965 8
939 37 17
789 60 7
827 77 7
559 722 13
540 400 17
49 835 4
48 928 13
935 615 16
595 112 4
856 523 1
425 980 10
277 779 14
821 398 2
336 353 17
370 383 12
570 126 4
670 567 9
179 207 11
207 183 6
798 26 2
543 579 6
835 501 19
95 447 16
553 59 15
520 334 9
421 587 2
626 337 6
610 945 16
368 380 15
803 587 3
961 113 5
220 430 10
462 715 2
355 671 13
640 727 18
339 76 16
564 31 15
157 67 19
412 897 17
540 823 11
596 354 16
71 804 2
904 100 20
236 690 7
367 644 5
489 703 4
516 546 20
184 576 14
678 161 13
571 322 11
395 695 11
798 218 20
143 416 18
660 82 5
885 876 15
354 184 17
5 307 1
767 440 9
564 517 16
623 946 1
260 631 15
524 188 7
664 278 8
448 118 16
264 275 9
271 991 1
614 896 13
564 189 13
43 308 1
965 256 6
944 168 14
793 949 17
801 879 9
22 923 13
324 331 7
217 540 11
366 651 9
113 888 2
26 921 3
180 459 3
4 327 16
949 742 7
772 779 14
509 463 16
555 865 5
276 193 8
129 936 17
486 748 14
106 244 17
639 523 6
428 320 10
472 22 5
946 107 6
883 611 19
329 337 1
374 910 17
61 105 7
849 42 3
96 237 6
144 459 7
235 485 18
28 602 17
694 76 14
607 568 10
221 263 20
683 912 14
142 545 15
370 60 20
242 519 1
594 614 19
134 771 17
484 558 8
239 974 17
459 904 4
739 571 19
953 799 2
382 208 15
608 167 16
27 667 9
394 319 11
925 640 6
435 328 6
555 322 1
246 238 7
385 278 7
632 593 20
128 815 13
494 161 20
129 50 12
249 414 6
116 398 10
745 551 7
605 435 10
626 727 11
771 812 6
96 406 8
549 253 20
27 812 4
484 144 20
754 775 18
909 111 14
275 918 8
493 825 13
96 375 11
909 776 5
439 194 6
786 779 2
844 518 9
861 993 18
485 239 14
773 671 2
541 897 6
423 276 4
222 194 17
954 346 18
38 342 12
663 439 16
973 965 6
306 579 4
405 361 7
563 851 20
955 391 7
992 58 20
215 542 3
75 535 18
720 639 7
569 365 5
80 772 19
935 279 6
715 635 12
980 452 15
169 444 17
703 1000 2
155 848 2
90 875 7
306 794 18
175 769 16
37 302 20
486 519 12
98 900 3
186 456 3
36 274 20
511 885 1
672 842 14
245 838 15
930 595 6
782 206 14
231 595 20
791 613 4
171 340 9
95 482 5
42 831 17
175 472 2
614 527 9
47 977 17
756 944 1
230 534 19
438 545 9
759 573 7
141 453 6
913 690 16
359 405 6
357 637 20
520 398 4
922 769 15
21 34 1
385 286 6
374 309 17
249 564 6
273 587 1
364 591 2
154 164 7
814 974 17
715 459 7
583 131 10
565 704 14
10 757 1
675 522 18
105 789 18
883 489 2
393 599 20
3 871 18
118 964 14
952 131 7
161 501 8
804 738 4
520 328 1
818 398 9
292 900 13
888 781 7
161 314 13
999 231 20
592 125 4
449 885 8
235 561 5
978 977 6
213 787 18
411 375 7
921 876 2
730 780 8
419 612 6
497 682 7
58 969 19
340 6 7
790 177 20
475 265 11
333 61 5
380 880 19
479 775 1
710 168 11
704 319 2
704 849 20
943 562 3
422 29 19
974 919 1
44 708 13
968 979 7
267 880 5
415 795 13
712 387 10
639 192 7
673 630 10
104 576 19
626 521 17
720 392 10
449 182 14
520 771 14
39 616 11
221 687 14
240 479 14
617 509 5
717 980 16
130 343 9
396 989 18
907 156 1
753 692 17
175 954 10
265 465 19
829 992 3
957 837 12
235 933 4
325 544 12
995 356 20
89 577 3
447 884 16
724 623 11
999 678 13
604 512 15
937 967 7
475 662 9
212 59 11
87 921 18
188 437 2
8 470 16
214 900 15
418 85 15
518 520 17
295 788 16
814 949 20
603 910 12
794 398 20
409 288 4
593 615 10
176 835 20
712 895 11
93 213 16
770 836 11
746 803 1
178 55 19
276 905 20
66 643 13
335 688 5
24 438 16
325 421 9
897 211 4
357 533 15
334 873 18
717 643 14
369 559 8
377 291 7
549 33 17
704 370 10
514 743 7
288 503 5
176 699 15
582 291 15
886 202 15
62 573 5
783 481 2
18 540 1
322 240 15
823 212 20
729 555 12
29 743 7
787 380 1
153 663 18
463 411 12
526 223 19
942 9 2
525 204 16
211 441 17
754 549 11
729 775 20
595 247 12
416 205 11
208 616 16
779 520 11
634 332 6
610 77 9
610 567 2
886 398 14
110 190 1
932 187 14
884 801 1
828 474 3
157 455 10
304 822 7
83 288 19
795 283 18
304 114 10
230 378 6
241 593 20
875 570 2
317 265 5
822 287 13
624 312 9
558 37 2
924 442 5
541 698 14
819 434 17
42 324 18
667 441 2
334 305 12
561 250 5
829 198 13
85 472 2
127 405 13
354 856 10
21 674 14
216 928 10
945 540 18
103 988 12
82 688 11
519 762 5
842 365 9
573 10 2
368 769 15
954 569 5
600 520 15
118 873 5
821 888 4
851 248 16
145 61 7
640 635 14
482 55 18
210 300 5
709 909 12
145 660 4
892 483 1
105 88 14
940 871 3
685 93 11
834 258 4
616 447 13
489 258 17
381 335 13
592 783 7
363 900 14
261 849 4
496 862 20
641 414 16
153 863 11
695 682 7
631 176 18
824 615 10
141 818 5
523 10 8
686 439 7
924 139 20
866 15 1
771 666 18
973 644 2
949 128 2
65 682 11
201 262 11
353 400 4
845 47 3
127 844 3
842 756 3
967 494 4
597 169 15
941 671 17
241 30 12
171 573 17
180 843 18
606 499 5
695 103 9
973 182 13
967 320 4
641 499 18
48 561 14
840 53 9
655 417 7
359 678 19
950 634 3
674 661 18
882 522 20
973 866 7
195 182 3
193 560 16
276 107 18
649 621 8
644 408 6
116 338 5
37 110 12
155 398 16
904 615 8
33 665 14
877 885 2
675 862 17
740 920 7
926 301 1
363 936 14
876 858 10
462 872 16
201 582 9
483 656 17
616 811 15
227 776 3
485 590 5
11 208 6
193 935 15
211 366 12
875 639 3
135 256 12
620 395 2
138 966 9
508 94 10
745 952 8
260 463 5
358 250 10
764 892 7
573 620 6
887 114 2
795 957 16
730 400 3
568 658 19
883 870 7
496 211 6
184 976 19
774 510 2
255 490 6
688 390 12
444 667 3
722 771 6
393 677 7
123 467 5
102 306 2
408 139 15
919 474 14
333 508 7
529 897 13
120 772 19
736 721 13
327 686 19
911 566 14
730 11 16
576 541 13
142 110 8
514 756 6
376 592 17
489 379 2
350 923 11
410 42 7
184 780 15
73 929 2
987 174 2
205 116 7
168 678 19
845 158 15
726 393 19
174 409 11
583 575 19
239 276 16
932 505 2
61 626 8
701 133 10
335 449 17
969 897 3
1000 58 11
139 774 17
199 225 4
849 104 19
523 153 7
199 939 9
146 63 8
642 283 2
554 524 12
782 596 11
882 792 20
76 863 1
580 452 4
463 345 4
879 468 8
559 676 8
716 834 19
466 274 7
878 169 9
362 780 1
616 379 17
697 76 1
759 815 2
885 340 7
235 606 4
405 17 1
28 510 6
190 930 2
145 254 19
774 741 1
933 707 3
346 320 13
536 971 14
781 638 9
277 507 10
433 414 17
700 857 4
703 947 1
722 173 7
993 858 3
498 400 9
754 754 2
886 563 15
861 351 16
618 149 18
869 27 2
255 830 9
76 180 19
376 6 15
746 962 1
439 916 13
442 792 4
544 494 8
916 458 19
758 994 19
546 532 16
96 881 18
713 611 10
532 137 3
636 95 6
458 817 4
580 867 12
856 307 2
738 103 17
11 11 17
906 875 3
217 817 3
959 389 14
352 439 5
476 429 3
412 140 7
421 571 18
512 802 4
987 664 20
792 269 6
883 164 4
173 85 2
579 172 17
700 677 11
991 439 16
136 573 1
26 811 17
66 463 17
968 439 5
297 601 11
840 360 11
443 363 19
180 716 13
929 558 1
798 925 4
68 870 9
891 429 8
435 753 13
84 514 2
808 521 9
290 421 8
988 184 15
754 590 18
468 241 3
370 112 1
854 671 3
204 203 9
906 723 9
286 264 8
780 294 16
598 968 7
521 383 10
118 484 10
189 773 7
812 962 5
916 471 15
486 954 1
709 311 8
739 836 13
525 867 20
5 631 3
97 190 13
512 220 5
787 62 17
113 958 5
559 38 16
559 180 13
871 561 15
991 443 19
646 32 7
111 455 12
878 120 8
582 344 19
754 335 6
515 100 6
692 779 3
377 497 12
312 159 4
97 729 9
686 899 19
455 711 3
219 819 15
397 61 2
32 385 15
428 725 7
341 767 14
522 57 4
925 550 15
90 783 10
85 862 9
394 959 11
646 178 4
570 229 4
414 996 12
595 53 5
155 350 14
642 44 13
366 14 11
618 694 1
348 95 14
815 644 6
106 342 6
991 167 17
702 350 18
140 859 4
125 376 5
708 450 13
636 98 11
996 296 6
270 457 4
313 875 20
812 640 2
161 856 19
763 279 6
941 121 13
394 367 6
836 134 5
120 321 19
688 771 13
556 60 17
623 929 10
387 391 17
406 287 17
5 863 8
577 224 3
702 828 8
914 440 20
758 982 10
641 296 19
39 901 7
358 726 2
37 525 6
314 902 18
520 651 9
335 708 14
676 206 15
75 870 17
857 248 10
469 270 9
936 585 12
465 28 6
41 262 16
515 767 1
570 165 17
829 951 4
535 816 9
686 865 17
44 881 6
126 726 16
496 328 15
884 523 14
425 411 20
75 719 19
347 917 12
488 991 4
603 298 14
57 333 10
679 574 20
430 133 7
809 1000 12
298 238 6
970 724 20
204 277 8
546 684 1
561 516 20
707 716 7
564 691 12
677 338 4
620 276 19
670 804 19
943 486 6
81 84 9
722 579 1
798 345 18
369 664 16
152 536 11
538 283 9
10 639 1
460 739 5
155 731 19
562 259 9
464 164 5
187 333 20
530 719 20
386 424 12
281 924 15
987 293 13
58 754 4
888 509 11
38 741 16
356 376 17
738 138 18
3 160 11
346 744 12
142 317 12
277 344 8
174 293 20
575 319 14
126 485 7
704 875 17
476 879 1
526 49 9
84 671 13
1 279 14
634 636 15
293 281 13
225 174 3
914 412 13
41 374 20
708 883 20
271 180 20
894 979 9
776 716 14
267 192 5
67 749 5
674 283 16
498 117 6
611 773 6
699 722 1
450 419 18
368 791 2
564 211 1
557 723 4
311 869 19
230 111 4
940 617 10
42 829 16
282 407 2
46 624 18
31 877 20
871 254 4
147 607 5
833 623 5
223 858 14
150 937 19
272 205 16
42 775 19
541 717 4
101 709 16
24 572 1
378 503 3
391 545 13
133 234 17
896 794 3
197 426 16
145 951 19
872 769 12
712 942 7
387 441 1
142 117 4
364 363 9
903 829 2
444 304 3
856 286 4
287 860 6
241 50 12
62 25 12
119 361 19
725 836 13
345 554 15
471 445 17
580 378 14
179 749 18
465 477 3
590 170 10
465 907 11
270 975 17
526 606 15
517 138 1
890 820 5
95 518 19
270 392 3
2 646 13
442 552 6
313 359 5
230 836 9
304 200 6
453 904 16
497 150 12
443 483 14
948 314 8
817 657 5
120 466 19
285 628 3
73 576 2
997 497 10
396 300 18
719 218 14
182 877 3
344 432 11
446 391 14
789 875 9
609 433 7
520 232 10
214 746 14
100 248 12
330 147 14
372 929 9
604 407 16
723 762 18
7 195 11
222 162 2
418 367 13
696 115 10
676 509 5
98 379 2
18 224 14
997 48 3
448 39 19
431 314 15
416 509 15
126 259 10
138 967 5
295 320 5
274 408 6
768 433 11
286 375 3
10 109 18
535 121 4
196 637 20
996 13 15
220 929 8
649 904 19
322 417 18
875 37 2
803 461 3
802 110 12
919 629 15
124 652 4
922 290 12
963 554 14
25 846 3
57 637 2
103 669 3
387 136 15
984 417 6
342 56 3
161 311 15
233 771 5
878 324 7
150 967 9
474 870 8
398 458 3
836 870 20
72 670 11
295 327 15
760 511 19
478 741 4
668 838 19
271 467 14
664 135 9
8 279 6
726 187 17
593 582 4
71 712 6
871 123 11
536 245 14
736 943 8
613 961 8
557 863 8
527 860 6
557 684 8
249 367 19
538 189 16
449 472 7
191 292 19
669 12 19
897 807 14
486 676 16
846 95 3
932 875 12
983 786 10
834 320 1
178 901 19
869 319 13
560 662 3
920 83 7
887 428 5
427 684 12
257 818 8
985 629 3
848 452 8
740 156 6
291 420 10
750 342 4
776 630 4
859 614 6
595 762 3
126 903 12
627 465 19
972 359 7
97 859 17
896 687 2
942 998 4
469 962 11
677 605 16
792 61 10
822 246 10
283 244 13
443 516 16
260 936 3
592 737 7
831 831 18
153 130 10
11 993 10
966 29 18
581 433 5
667 851 4
465 645 9
164 598 19
973 566 2
12 523 7
380 323 13
822 54 19
516 25 17
257 348 4
775 727 15
66 13 7
996 515 16
596 568 14
414 418 1
445 90 19
869 143 14
808 616 5
233 697 19
107 263 3
788 65 9
881 502 7
586 888 9
832 517 20
171 401 11
693 130 17
552 689 9
143 6 16
508 699 7
997 119 14
864 181 10
537 960 9
481 928 15
442 637 17
398 617 2
271 735 3
152 798 19
640 87 1
182 246 5
374 346 4
429 347 6
832 350 11
706 57 19
648 480 4
457 719 1
410 425 18
849 384 8
634 65 16
569 685 12
153 293 14
422 156 17
447 933 7
354 818 17
810 409 20
279 322 6
688 361 20
366 2 19
384 36 13
128 444 13
364 459 1
711 592 2
144 293 5
131 835 17
809 3 20
270 208 15
603 244 10
598 111 5
267 69 4
795 502 18
900 239 8
795 392 16
357 731 16
382 344 6
724 357 18
266 403 2
63 80 7
244 790 5
334 841 10
575 902 19
471 490 18
718 716 14
60 10 6
972 85 19
925 163 3
221 457 9
937 644 19
97 816 1
550 639 18
105 310 1
857 362 5
618 798 18
220 213 20
224 743 8
238 61 17
325 898 8
449 50 1
152 220 6
370 769 4
468 640 17
525 22 5
177 720 11
287 207 18
188 405 4
209 584 7
530 756 11
912 962 6
853 923 12
947 325 7
5 287 1
691 900 14
804 28 8
367 315 6
185 827 12
108 134 20
941 950 1
293 26 16
198 601 17
148 95 18
861 820 10
322 348 11
398 781 10
708 761 13
624 29 17
16 398 20
118 581 14
258 205 10
113 789 7
163 354 2
591 426 6
95 14 7
476 36 4
628 195 12
518 413 2
477 747 18
861 426 19
387 311 1
332 998 2
435 386 13
484 652 6
365 128 18
738 77 15
191 691 15
875 157 19
36 442 16
856 903 1
515 992 6
175 453 3
648 689 10
205 533 17
601 976 15
59 467 7
946 317 1
593 128 16
533 921 13
715 653 9
803 973 1
865 415 18
958 496 10
61 511 18
49 456 8
727 341 16
447 833 20
17 650 20
41 986 16
401 278 1
67 199 15
560 602 19
370 665 5
787 337 14
711 265 15
431 556 2
780 669 7
482 883 9
509 150 18
927 535 7
165 646 13
203 696 15
230 358 2
726 508 14
75 433 6
115 802 20
796 727 6
106 853 4
452 249 8
112 826 8
133 710 2
588 822 4
453 661 7
871 672 10
177 50 17
526 827 12
448 651 12
386 218 4
539 88 1
337 762 13
432 132 9
721 964 13
866 44 20
745 668 9
448 978 10
266 475 6
192 954 17
129 842 12
317 467 15
442 853 2
476 35 10
482 445 19
952 615 9
586 991 19
276 830 17
136 911 9
273 846 4
790 815 17
668 320 17
282 592 1
298 856 13
327 419 16
703 258 7
170 904 19
344 948 6
355 115 15
296 901 10
766 420 5
479 55 9
233 39 12
981 272 2
931 462 10
167 298 6
178 577 15
24 62 14
263 824 13
978 488 11
591 580 1
706 197 12
505 155 6
792 415 8
928 782 19
303 26 16
403 4 18
372 943 4
214 358 15
914 652 19
640 183 13
2 374 15
828 651 15
542 985 11
466 612 2
603 746 17
674 492 6
979 209 18
228 967 20
671 649 18
306 306 16
370 770 7
721 837 19
907 427 17
655 349 16
390 128 8
250 145 19
16 907 6
950 176 15
743 140 4
916 111 13
3 795 8
504 443 5
207 213 2
175 448 6
189 279 13
562 299 1
629 545 15
941 973 19
336 960 16
1 802 20
673 660 5
621 107 7
37 932 2
936 344 19
940 848 7
838 298 1
939 497 8
377 259 13
931 703 2
889 738 9
285 704 12
64 468 5
99 404 17
675 562 6
752 373 18
438 558 4
369 939 10
353 561 10
829 850 19
52 215 14
560 966 1
385 117 18
105 798 13
41 495 20
374 11 19
287 987 7
523 710 4
191 80 12
899 218 16
107 116 10
314 113 8
707 754 7
804 480 7
456 473 8
371 772 20
997 432 19
240 144 6
516 945 18
280 257 11
439 598 13
546 254 18
198 199 18
854 982 14
353 335 2
212 153 18
522 52 19
393 276 1
222 411 16
570 315 17
14 724 8
676 804 18
978 921 19
406 49 16
426 879 15
169 641 9
87 825 7
802 604 9
724 108 8
69 948 9
232 880 10
466 295 1
333 66 18
463 100 12
278 755 3
871 878 3
861 673 19
9 539 10
240 520 16
52 775 12
395 459 3
307 217 4
147 998 1
280 233 9
175 177 20
641 452 1
343 755 17
717 829 1
197 128 3
158 415 18
581 328 17
576 401 1
5 580 12
166 97 19
777 609 16
575 813 2
431 704 6
125 702 3
79 644 19
232 199 8
762 660 1
354 287 2
949 526 8
224 549 3
988 689 16
63 191 12
104 723 17
141 26 16
597 151 17
978 643 6
665 869 7
755 471 1
840 39 9
109 936 2
781 355 9
281 240 10
885 559 10
869 106 13
252 757 9
563 112 2
692 881 6
71 305 10
151 249 17
373 497 10
300 328 17
84 303 20
679 951 16
625 227 4
377 552 1
501 337 6
277 704 3
392 719 13
375 641 19
524 560 12
686 487 14
439 830 15
22 108 3
236 503 13
938 30 5
432 108 14
530 903 2
793 417 11
733 780 11
803 952 19
567 230 3
978 800 2
474 772 2
176 71 13
103 357 10
362 145 17
462 287 11
757 519 14
26 453 2
754 518 12
440 314 16
938 197 14
818 363 6
484 869 5
264 767 9
248 404 1
812 662 18
248 257 13
574 900 1
986 677 8
484 427 2
249 862 17
187 973 13
208 789 6
292 26 17
464 461 2
635 776 8
683 872 8
937 364 20
847 185 2
278 753 14
506 753 18
577 383 5
471 834 3
542 957 16
616 847 17
386 54 19
646 422 5
389 685 20
606 583 15
80 46 10
182 185 3
902 968 19
661 489 2
187 519 10
718 143 12
975 512 18
671 572 4
831 568 15
26 18 18
848 938 4
905 287 4
934 353 10
16 722 1
166 858 2
779 149 13
777 877 10
366 964 11
941 505 9
729 834 16
998 394 19
300 687 14
825 197 14
135 276 9
845 942 3
92 841 19
103 901 14
702 660 11
313 433 17
517 855 2
793 985 1
925 37 8
431 147 18
803 227 2
666 314 4
787 782 20
299 794 5
119 889 7
517 337 14
926 394 9
403 656 15
922 69 13
236 652 7
827 555 1
463 720 1
857 406 15
67 109 2
619 268 19
736 878 14
82 146 20
425 471 15
836 466 15
176 990 10
765 534 4
935 15 1
923 459 13
808 532 6
702 421 10
750 668 8
169 628 12
694 58 18
180 558 3
569 259 12
321 722 6
1000 793 12
32 63 2
371 749 19
553 770 4
688 45 5
56 371 6
169 139 6
690 630 5
978 640 6
442 112 6
297 88 15
231 520 10
527 994 16
742 422 3
362 495 14
24 984 5
107 942 17
576 204 18
746 181 6
602 247 12
921 908 20
304 595 8
590 914 5
873 97 18
477 450 8
258 97 2
933 15 19
244 538 17
974 953 16
865 121 8
399 91 1
740 34 15
881 591 6
833 368 16
682 351 16
136 78 9
155 546 5
51 526 18
269 581 18
950 772 2
4 449 13
674 306 5
53 360 6
752 387 17
429 48 6
607 124 19
33 774 13
156 741 16
560 318 5
902 562 10
124 951 16
975 229 17
519 625 10
123 86 17
377 963 1
171 57 11
547 353 1
579 913 6
387 385 3
26 820 14
717 183 16
819 686 14
498 140 19
306 650 3
741 392 20
414 549 6
481 3 15
761 8 9
678 572 11
42 283 6
649 990 18
527 692 5
77 976 20
627 552 3
46 488 14
239 34 2
385 29 1
994 125 6
770 583 1
831 492 3
848 716 9
982 22 16
355 492 15
306 512 11
699 463 13
870 900 17
453 745 9
170 366 12
709 13 18
789 364 3
963 77 7
542 186 1
633 738 4
208 791 14
53 829 6
408 58 2
562 607 16
203 656 11
424 398 3
553 131 6
166 944 8
637 941 16
370 659 11
475 54 15
4 735 13
777 483 7
510 839 4
717 332 16
613 701 20
308 340 1
37 699 17
691 583 15
982 88 1
424 563 20
853 289 19
198 5 8
506 628 12
257 169 13
838 315 9
409 285 13
109 29 10
468 978 7
873 542 11
648 918 10
856 85 18
949 998 12
549 621 15
639 173 14
44 793 6
877 421 18
761 262 15
966 168 19
707 27 5
469 221 10
372 453 19
568 989 13
655 194 17
58 434 2
657 228 4
170 449 9
664 888 1
617 937 6
569 163 9
189 733 16
399 297 17
972 613 11
402 664 8
294 179 16
120 687 6
85 225 15
737 358 3
864 437 12
361 255 17
446 200 6
416 211 17
515 722 2
708 340 5
35 369 13
4 85 19
313 508 6
657 489 11
875 634 9
220 31 19
785 123 17
207 800 17
305 291 15
39 615 2
219 50 4
404 508 18
948 656 9
822 538 13
543 185 16
532 296 1
144 387 19
36 951 12
943 528 2
265 861 6
919 843 14
60 192 17
213 858 9
918 360 2
434 595 18
105 595 6
829 765 17
611 644 6
861 285 6
778 664 13
491 356 15
295 947 1
658 752 9
687 310 1
429 381 10
354 597 4
206 930 6
915 911 7
235 266 6
706 985 1
554 504 10
14 546 6
594 10 12
302 222 10
594 44 14
72 288 4
56 279 20
548 422 12
155 511 17
410 482 3
654 520 14
955 598 5
385 630 18
108 929 15
698 280 8
712 71 17
948 153 1
14 5 10
43 143 9
144 767 4
123 108 5
983 815 4
136 909 12
885 411 13
423 809 2
962 949 12
6 462 14
992 162 14
3 207 15
420 230 10
932 567 5
195 787 15
829 467 16
539 255 14
366 403 9
959 547 2
667 758 15
275 479 9
373 38 1
385 420 1
566 625 1
529 875 12
796 696 8
107 100 8
882 709 1
202 917 14
702 864 17
192 729 17
195 537 18
759 237 8
862 347 1
902 989 17
423 763 19
556 144 13
955 730 5
894 844 13
581 452 1
780 399 16
319 133 18
131 388 4
194 16 2
642 95 20
209 626 16
120 122 2
910 272 16
418 731 13
551 576 11
347 91 13
22 652 11
596 518 6
18 669 12
650 622 19
604 503 8
657 449 11
184 355 11
337 364 4
375 974 17
381 504 7
123 876 11
476 790 14
809 850 3
793 123 12
204 775 20
907 194 4
862 457 13
125 949 12
860 55 13
332 782 14
134 966 2
716 916 12
491 825 10
58 336 7
681 246 8
261 56 13
602 99 20
46 623 8
38 920 19
5 762 2
820 110 7
10 973 13
791 479 13
535 356 18
996 211 12
915 801 8
261 681 11
993 38 15
438 923 11
739 542 1
657 747 20
244 844 16
770 381 9
52 556 6
578 341 4
380 906 20
304 530 17
713 969 16
640 788 8
118 712 7
364 179 17
626 970 7
342 60 11
469 527 9
759 655 8
25 405 2
181 10 15
931 998 2
751 488 16
250 738 9
243 475 16
211 350 7
28 108 6
193 481 7
242 35 7
291 702 12
891 532 14
39 9 15
985 107 1
458 988 14
205 948 10
253 609 6
482 348 15
476 830 2
761 292 16
625 288 13
326 70 4
461 9 19
44 570 1
169 716 12
777 634 18
57 899 20
760 678 10
969 611 3
526 25 11
180 732 1
739 337 9
358 166 9
454 792 9
109 702 1
612 770 16
814 623 13
74 641 7
399 756 10
563 118 13
148 176 12
692 847 20
51 370 14
117 7 16
53 898 4
380 222 5
984 209 11
315 679 7
341 497 11
674 724 5
43 791 15
35 586 2
246 283 13
581 432 18
699 460 15
167 180 2
896 954 13
857 444 8
138 433 3
835 37 1
150 939 8
972 285 8
330 178 11
149 826 18
855 715 2
956 22 16
29 793 1
396 933 3
237 854 14
851 691 7
215 401 1
810 784 18
858 17 13
493 802 12
783 919 4
386 145 1
489 746 3
919 847 18
484 79 7
458 656 20
185 772 9
231 657 2
42 48 3
384 599 8
743 223 9
934 475 12
145 456 4
264 826 18
667 126 18
425 374 5
25 260 1
417 908 1
939 71 6
800 56 2
758 897 14
351 829 1
332 433 4
830 273 4
180 957 19
407 59 3
747 522 13
422 171 8
928 921 5
449 259 6
662 894 3
578 606 18
194 106 3
531 722 8
464 179 15
835 164 8
220 297 15
524 405 2
546 864 18
619 664 12
497 759 4
428 420 10
121 47 14
112 934 1
833 135 12
824 849 10
28 855 19
329 849 17
284 257 9
976 5 11
120 338 9
81 907 18
776 798 7
942 866 1
877 359 9
929 612 7
314 208 13
477 773 17
971 672 6
316 840 10
224 751 2
919 637 11
724 366 8
757 484 13
604 941 14
839 247 3
699 300 20
471 9 14
440 934 4
306 242 2
747 330 16
964 260 4
79 327 17
555 503 17
440 515 5
978 690 13
288 116 4
488 868 17
704 396 2
612 612 18
824 884 20
981 428 10
607 514 14
106 559 17
905 181 11
372 794 4
65 885 12
250 578 1
711 31 1
534 486 6
127 350 17
334 148 15
508 6 7
338 814 15
824 715 13
663 933 6
485 234 1
500 529 14
444 268 12
663 913 20
624 6 3
679 659 8
895 551 11
965 622 5
722 415 7
311 719 20
999 245 18
911 711 11
10 867 1
81 556 5
274 545 18
93 291 4
765 672 15
510 763 4
150 994 7
375 263 16
353 729 11
25 475 1
484 691 4
531 981 10
225 959 9
461 251 12
732 874 8
205 428 14
969 496 14
665 610 16
571 238 2
491 14 3
223 613 14
228 657 19
988 91 4
703 859 3
963 220 18
576 256 11
388 480 12
149 882 7
816 565 5
213 201 2
239 154 17
99 986 17
537 518 9
815 938 5
28 641 15
535 855 7
19 822 6
9 432 12
344 742 8
727 464 17
195 687 13
966 326 1
692 989 5
20 889 18
759 803 4
200 655 15
692 941 11
218 40 12
303 885 15
520 37 11
951 476 9
80 736 10
461 921 6
740 573 15
342 824 7
74 889 11
488 821 4
641 5 2
658 271 8
358 184 9
599 172 20
841 116 11
916 659 3
561 153 8
48 744 7
115 41 1
181 881 14
482 305 7
346 30 6
877 496 12
452 728 15
272 256 8
706 440 4
704 118 14
130 639 9
839 412 11
780 476 14
606 405 15
168 821 19
304 248 2
754 250 6
561 650 17
529 41 10
280 111 6
938 388 8
321 907 19
105 752 7
50 454 20
575 186 17
887 326 17
327 991 14
572 107 16
612 838 20
520 92 5
892 477 9
290 692 8
514 29 20
130 282 6
743 245 20
215 160 10
245 277 7
947 685 10
630 82 7
578 677 20
985 890 10
881 229 18
673 688 4
361 33 8
981 2 19
848 109 6
682 609 1
817 23 16
202 394 12
793 707 17
867 283 8
264 224 8
574 487 6
588 491 19
938 612 11
730 673 4
946 612 9
990 126 2
907 383 19
982 119 20
38 992 10
281 888 1
339 203 19
692 125 16
626 672 1
741 127 12
218 8 10
209 544 16
775 2 18
910 138 13
485 593 1
185 905 10
300 492 18
957 603 10
984 740 10
749 461 8
779 608 13
861 359 9
461 518 11
734 207 7
153 483 17
883 4 13
586 323 2
573 585 15
893 134 3
938 199 18
966 205 19
982 336 7
748 195 8
653 493 18
815 501 18
899 539 8
777 970 6
949 827 10
817 705 5
139 962 15
60 52 9
590 59 16
459 791 9
412 323 17
925 868 19
260 36 10
809 91 12
473 165 14
908 365 15
561 952 5
362 898 4
87 63 7
474 957 14
562 926 18
296 140 6
440 655 12
479 310 5
10 118 8
922 38 12
567 768 4
521 172 14
199 116 20
11 828 5
530 655 7
992 270 7
734 573 4
416 219 16
893 216 8
664 615 20
621 648 15
564 888 4
479 843 17
558 541 4
976 35 18
442 257 15
677 974 12
108 780 8
710 57 14
985 669 2
791 335 5
287 736 19
668 129 19
527 283 10
458 865 13
266 690 19
621 732 11
582 79 13
73 310 6
435 80 4
517 808 1
709 16 11
762 193 12
940 786 18
377 888 3
381 600 19
778 332 6
793 587 16
160 582 6
695 38 11
162 783 20
971 844 14
915 273 19
136 614 10
856 507 6
564 276 9
675 324 5
723 853 5
977 856 9
197 62 14
532 836 6
815 817 4
406 420 7
826 438 4
36 762 6
179 519 5
655 505 1
386 609 18
830 635 19
90 74 11
554 885 6
229 931 11
266 314 5
756 145 20
512 519 10
963 214 15
545 338 3
12 794 6
662 724 19
586 481 8
195 978 1
218 573 6
201 100 2
281 809 8
533 362 1
43 540 16
373 531 5
733 279 1
95 662 14
910 477 16
316 43 5
585 972 7
701 282 2
11 123 2
797 453 8
794 827 18
16 504 8
388 72 10
85 840 5
202 726 1
378 795 5
743 562 1
122 65 14
64 316 15
564 657 1
666 799 17
171 642 16
570 345 9
736 198 20
921 945 8
673 281 2
903 238 16
894 93 10
863 643 4
258 225 17
527 306 12
78 994 17
760 829 18
174 37 18
853 97 2
960 193 14
977 541 8
794 499 14
650 402 12
313 567 6
612 40 2
698 259 16
19 662 13
827 6 11
980 135 15
224 49 2
811 30 13
24 801 17
480 975 5
998 381 8
861 857 5
144 197 10
661 684 16
616 99 17
851 780 15
763 789 20
881 276 17
860 534 9
122 177 10
729 148 8
571 463 5
538 664 18
230 624 15
406 329 17
886 372 7
229 246 15
948 356 4
670 463 18
172 817 18
985 643 2
899 507 18
374 389 10
933 710 1
182 765 17
221 815 8
680 952 5
697 872 18
841 727 10
499 707 9
671 337 14
782 750 4
681 513 19
351 863 12
624 687 14
368 64 4
847 621 1
604 13 15
843 310 5
886 466 12
532 937 2
961 813 1
150 959 11
879 615 2
51 147 10
408 254 19
164 398 3
855 771 10
202 256 9
138 647 10
283 638 18
434 169 7
985 76 20
869 885 14
996 452 17
723 397 19
754 952 17
943 811 10
881 743 16
945 280 14
719 368 18
714 757 5
688 770 20
868 483 6
53 968 19
992 296 10
812 248 11
309 832 18
361 922 19
388 585 13
832 302 7
714 584 19
124 810 20
124 455 13
841 278 7
557 309 3
877 324 4
275 135 4
121 160 11
426 746 8
969 559 18
215 1000 4
961 40 10
707 867 2
38 33 4
797 839 17
117 217 10
185 966 11
624 745 8
465 342 4
860 256 13
288 419 16
703 509 10
772 957 4
530 690 14
510 625 8
826 800 15
959 861 12
514 574 6
983 187 10
480 90 10
556 687 9
560 358 13
48 738 15
247 404 19
58 799 19
384 229 4
852 87 3
97 182 9
786 320 5
55 147 2
851 446 10
354 932 1
666 297 2
26 419 20
212 352 6
91 637 17
355 98 4
32 180 17
303 499 2
327 186 17
407 775 19
423 868 2
609 475 11
242 447 18
455 209 1
959 839 16
843 66 15
684 551 3
584 168 15
488 346 6
316 61 10
476 355 13
970 348 18
458 92 19
50 493 19
176 426 9
591 411 13
222 35 11
941 843 16
719 63 4
640 260 3
87 279 7
676 799 13
267 209 2
416 356 12
610 502 17
446 897 1
471 900 2
602 671 1
380 392 17
682 429 2
72 482 17
996 124 20
331 277 10
701 104 8
280 165 9
635 312 15
557 779 18
710 297 20
728 463 7
329 719 9
458 354 14
644 401 1
220 440 8
106 863 10
234 846 18
631 84 8
149 931 1
949 588 10
759 39 14
615 685 8
384 292 7
736 936 16
413 139 18
290 564 10
386 615 9
197 103 18
29 861 11
416 294 7
952 995 12
360 487 18
849 703 6
696 767 8
46 377 5
632 940 13
777 686 20
857 56 13
895 574 3
850 448 13
729 722 12
496 174 20
788 252 12
127 858 5
184 416 6
541 488 11
846 580 2
393 383 19
270 976 4
643 731 10
741 173 8
376 646 15
110 784 16
184 567 13
516 301 20
904 577 18
404 561 10
527 670 11
133 672 13
218 36 5
250 161 16
761 20 7
480 138 13
179 309 20
8 685 17
154 738 13
185 570 9
518 581 1
302 993 11
696 552 20
809 301 8
942 843 1
799 441 9
238 157 6
256 172 14
450 787 16
845 728 18
504 252 14
422 82 16
690 959 19
896 782 13
800 219 13
424 355 20
282 638 18
119 968 14
174 441 1
370 338 11
569 214 5
862 138 4
617 950 2
444 826 9
810 831 3
985 127 17
593 253 8
411 173 12
756 927 18
844 722 2
824 678 7
360 796 15
650 172 13
7 154 6
956 102 20
229 315 7
752 736 7
238 982 6
369 900 6
25 466 12
892 558 6
89 519 6
849 501 8
342 497 14
296 193 9
185 490 19
885 898 12
172 707 20
829 325 17
117 539 11
77 630 11
502 314 3
170 843 11
593 693 2
346 202 2
244 668 3
782 437 9
670 291 10
834 409 16
837 504 4
359 726 3
989 507 13
269 767 9
200 939 15
352 156 4
865 622 1
104 941 13
235 208 17
475 880 20
646 668 2
622 88 2
537 31 12
318 39 1
595 62 14
859 804 8
70 704 15
221 336 11
61 609 6
55 933 8
633 194 20
278 348 10
766 821 6
675 443 1
63 638 14
342 252 6
283 735 17
440 341 15
378 871 4
751 416 13
485 50 18
440 983 13
999 416 15
215 554 12
802 296 12
835 192 2
40 201 5
982 647 7
708 374 17
773 577 16
196 197 18
101 115 3
519 828 20
765 698 10
14 746 13
578 611 12
479 700 16
414 797 12
443 600 1
483 127 13
148 100 13
701 740 2
345 704 20
275 556 15
394 497 18
717 942 14
17 372 9
866 172 20
969 784 15
71 564 17
468 475 4
134 642 3
36 807 4
280 611 15
126 55 8
825 747 16
226 748 10
41 964 20
970 730 16
221 395 18
846 981 13
959 993 20
997 207 9
958 896 19
884 868 4
672 353 9
976 400 10
758 370 2
330 993 10
150 881 16
419 801 14
510 403 20
471 831 18
108 933 6
155 738 15
451 885 12
141 631 3
210 743 13
603 395 1
146 703 3
133 271 15
896 75 10
785 885 11
765 457 8
1 339 19
62 885 15
786 870 8
955 470 9
191 631 18
64 90 16
60 199 15
137 193 5
88 802 4
254 250 15
626 723 18
111 699 8
698 478 14
68 44 19
811 187 15
432 856 1
883 634 2
479 907 4
734 393 3
476 742 17
33 190 9
864 985 15
671 405 7
469 722 2
509 198 5
668 384 16
25 851 4
668 169 16
496 428 11
674 360 17
509 349 16
826 665 17
672 916 1
29 137 14
415 525 5
607 233 18
741 545 3
732 517 7
373 972 15
555 529 15
838 228 13
234 954 6
627 554 11
841 861 13
771 837 15
734 436 7
421 170 5
804 854 3
375 975 11
341 932 19
205 432 3
476 405 6
365 50 12
742 274 1
817 795 3
27 760 19
917 361 15
263 342 1
233 674 7
943 407 20
776 216 1
709 1000 2
533 479 14
26 166 2
291 935 8
923 714 11
492 257 1
969 521 5
757 832 19
808 684 8
522 398 14
263 130 19
970 325 8
645 243 11
407 827 18
902 428 2
357 237 9
715 950 10
708 733 7
895 267 1
389 923 6
991 649 19
990 439 16
375 803 17
664 332 15
302 595 10
489 282 15
676 420 15
420 33 14
282 146 14
496 369 2
8 585 5
989 53 9
288 777 1
265 67 1
387 400 6
943 148 3
27 570 10
341 359 6
926 136 7
746 665 16
478 157 12
383 298 9
553 913 11
982 318 8
339 282 6
921 913 14
263 235 4
107 438 9
969 601 18
696 215 18
442 990 16
679 182 7
13 400 8
580 342 2
448 888 11
347 432 20
49 510 2
618 522 16
86 310 17
514 10 8
528 88 13
677 887 3
735 5 18
517 677 1
778 511 8
659 525 13
199 307 15
336 944 11
793 651 9
190 151 15
781 567 14
622 738 14
550 812 13
211 862 14
377 898 10
190 470 13
814 195 15
846 780 16
35 261 3
412 457 14
907 301 15
306 988 12
161 535 7
676 824 14
214 12 16
33 86 18
402 934 13
956 540 5
635 836 16
823 995 16
822 235 9
831 362 11
397 759 7
628 172 11
492 826 7
487 539 20
553 375 8
940 85 8
298 732 17
648 782 9
562 778 3
550 422 17
766 837 3
804 158 6
304 92 13
4 431 17
557 643 11
229 303 9
343 970 18
281 909 10
966 284 11
330 432 15
315 721 17
232 819 2
779 97 13
569 820 1
580 258 2
447 924 4
309 825 7
809 127 4
428 753 16
651 811 17
369 254 2
341 200 2
348 125 1
355 466 2
978 489 5
363 515 8
188 988 9
496 986 13
926 672 14
553 157 17
16 326 17
935 365 19
999 589 5
838 268 14
621 657 15
74 741 20
589 395 19
573 395 19
859 308 15
490 245 18
92 871 3
463 129 9
33 995 10
94 483 15
657 647 4
869 769 4
714 217 19
592 257 18
538 123 20
698 109 18
278 844 11
593 589 7
502 9 15
327 279 17
816 217 3
964 548 20
585 498 20
981 571 15
141 572 19
840 886 7
81 805 1
206 460 8
971 156 18
911 123 20
852 821 18
343 735 9
405 109 10
277 975 17
179 886 5
396 359 20
535 711 7
786 441 17
188 791 7
24 283 5
891 846 10
620 993 5
34 588 3
882 888 8
939 444 4
964 629 2
98 560 10
176 542 12
846 409 19
781 103 6
566 686 16
128 575 8
104 299 10
984 239 11
368 767 5
823 845 6
198 818 9
569 964 14
512 738 5
142 766 17
515 870 15
531 221 5
278 845 18
154 44 20
135 779 12
550 575 18
683 382 17
278 888 10
620 344 11
277 554 1
261 219 3
373 689 20
254 151 10
350 632 14
299 2 13
552 258 10
264 317 8
963 770 15
350 353 19
222 619 6
120 84 17
871 415 13
935 375 1
892 668 11
331 84 14
394 904 17
464 720 20
225 375 13
188 656 17
20 134 17
598 345 17
725 224 19
754 222 17
772 843 8
416 212 2
890 109 14
812 727 1
525 825 2
478 565 15
9 580 8
263 540 19
854 802 14
845 602 2
811 719 8
53 479 18
176 932 14
440 94 19
215 553 6
485 88 16
245 240 3
33 70 4
966 553 9
613 312 13
598 564 3
972 739 4
239 713 15
115 211 4
207 821 1
918 827 12
27 934 19
28 47 18
123 375 3
514 181 13
351 503 13
639 804 1
8 925 8
134 605 4
858 436 9
37 481 4
223 401 19
26 832 4
997 927 20
77 143 13
290 343 3
496 562 14
911 421 2
507 640 18
160 580 4
455 748 4
770 448 2
884 96 5
948 117 17
210 580 9
204 479 19
895 35 12
975 236 14
23 426 2
558 350 5
261 386 3
760 78 18
235 353 11
971 502 3
592 873 18
755 922 6
483 428 7
734 839 2
504 884 17
90 546 6
506 611 10
406 710 11
283 319 10
443 354 20
712 854 17
340 492 9
345 75 14
177 195 10
516 561 11
150 193 14
71 650 14
352 269 16
747 353 14
562 497 7
42 529 8
818 288 11
634 201 12
506 709 2
453 33 10
537 895 3
627 509 18
464 842 12
902 334 12
669 616 6
593 446 14
897 91 16
537 673 15
957 873 20
405 820 7
781 612 1
437 476 16
257 856 18
86 373 10
90 802 13
667 104 4
960 335 11
811 234 11
70 474 6
500 191 7
809 519 8
161 6 20
158 531 18
541 523 3
426 218 5
835 24 11
766 650 20
735 612 3
285 369 9
292 840 10
566 273 14
307 760 10
74 145 17
773 91 7
746 843 5
802 8 3
260 5 7
262 729 20
699 910 19
458 819 12
271 293 19
999 536 2
620 387 11
496 975 10
715 26 15
337 160 17
583 727 1
775 176 15
370 466 17
325 569 8
982 215 7
465 784 11
996 351 7
608 214 15
831 752 18
492 120 4
685 784 9
831 719 8
89 508 12
413 987 5
614 305 2
226 161 8
772 212 6
917 694 9
44 441 15
190 382 20
592 733 6
356 484 7
843 110 5
87 838 15
986 317 20
175 567 3
411 807 2
633 443 1
148 314 19
21 282 17
228 360 12
89 580 3
702 794 18
292 568 14
454 297 9
542 514 1
796 17 7
343 947 3
19 451 9
147 33 9
278 886 20
721 30 12
689 72 10
792 885 3
194 3 18
377 181 9
656 623 2
283 558 1
264 881 14
284 199 19
43 818 14
164 682 3
294 542 6
370 376 6
838 96 20
650 162 8
634 521 5
53 939 15
318 680 14
270 992 12
292 79 9
797 851 14
735 816 1
241 757 17
197 3 18
192 685 7
139 245 5
50 661 13
109 371 20
878 78 4
8 73 7
989 512 4
633 86 8
476 147 15
327 11 1
734 344 17
460 937 10
485 118 7
463 140 12
853 946 18
936 393 5
41 338 10
471 763 18
25 8 13
580 660 6
217 589 2
783 196 2
459 965 8
184 374 12
177 315 10
306 695 6
5 973 19
20 459 11
982 688 6
92 646 17
199 687 20
167 87 3
240 385 9
703 835 3
882 276 15
721 513 17
676 26 3
175 955 2
699 750 6
448 287 13
207 169 8
674 250 11
952 235 15
398 264 5
793 157 18
706 914 5
575 71 15
801 458 10
181 807 12
519 220 18
335 907 10
682 33 17
816 639 20
32 127 7
448 846 5
917 543 5
730 829 2
366 538 8
849 448 14
202 621 6
850 311 9
982 380 10
7 541 13
237 46 13
312 405 2
566 518 11
651 699 9
357 725 11
378 362 4
293 362 8
30 495 18
567 241 18
655 722 14
353 153 13
39 443 10
70 284 17
59 501 17
981 634 6
284 846 19
667 749 19
462 754 20
757 927 11
258 640 5
410 350 11
659 204 6
984 3 13
795 786 9
22 659 7
295 117 5
489 128 8
404 463 11
641 299 7
253 197 10
949 66 8
466 733 3
595 451 16
53 994 8
738 167 4
12 885 2
342 935 8
699 858 2
910 946 13
374 634 15
147 997 5
622 943 12
240 136 16
442 229 20
559 953 5
80 179 7
96 37 13
326 123 13
24 783 6
181 580 1
497 997 13
183 634 7
813 335 5
538 343 6
101 688 3
292 233 1
417 41 15
552 413 16
329 637 4
921 708 19
664 753 5
106 24 5
410 526 20
562 571 1
741 200 2
669 139 3
170 726 19
79 198 4
104 957 7
794 651 10
142 869 19
395 75 8
558 524 8
794 823 15
340 236 17
135 912 4
19 853 16
682 986 8
896 234 6
944 995 10
23 279 15
558 274 1
998 990 10
137 449 16
601 732 6
248 944 11
989 29 7
403 5 14
847 624 14
592 685 6
815 323 14
326 415 2
20 618 13
978 192 15
402 621 20
587 940 11
471 120 20
199 234 17
897 361 10
985 645 9
174 253 14
274 241 11
824 277 13
858 99 20
390 976 10
890 181 4
215 308 9
949 3 20
950 562 1
486 178 7
880 501 14
840 157 17
26 871 3
623 249 12
815 854 6
985 296 17
867 404 6
417 186 9
599 584 20
132 785 20
336 500 6
926 910 8
114 440 14
231 322 20
738 575 15
140 960 18
813 198 6
893 824 11
373 480 4
331 122 20
672 766 4
560 685 14
258 882 19
5 54 13
629 215 11
401 580 7
655 447 6
477 850 19
939 73 8
910 762 9
685 147 17
21 582 19
382 86 14
531 206 4
889 658 13
321 717 5
550 190 5
875 684 15
941 4 8
864 7 14
953 979 3
921 639 16
495 518 5
947 386 6
303 867 8
334 508 9
283 993 17
378 884 11
627 251 17
917 596 7
567 799 15
551 881 10
558 669 17
790 570 15
703 242 11
516 218 12
851 629 6
914 579 18
216 517 16
942 728 9
749 662 8
506 400 12
336 750 7
146 294 6
558 279 11
717 631 17
516 459 15
88 254 15
514 902 11
160 451 7
647 25 20
897 938 18
586 688 11
811 326 12
918 546 1
326 653 19
409 179 7
818 172 8
458 56 4
881 561 2
377 157 6
586 521 12
940 910 7
854 166 18
212 296 1
161 248 6
382 204 6
674 274 15
516 359 4
666 102 11
226 69 4
566 760 16
255 619 2
177 780 11
648 764 5
600 672 10
885 165 4
769 459 1
908 140 9
850 706 9
766 994 17
729 988 20
385 93 4
388 371 7
891 849 19
819 34 15
116 2 4
536 597 8
588 750 14
927 556 15
864 750 3
349 145 18
394 797 13
866 785 16
176 520 4
581 362 12
93 658 17
708 825 16
504 716 7
433 319 6
19 489 18
365 872 11
646 757 13
179 51 1
517 425 20
274 910 13
708 569 7
122 940 8
819 360 13
572 357 3
476 511 16
911 754 18
920 484 20
865 669 17
15 411 8
633 451 14
90 747 17
155 985 18
551 446 11
299 357 18
215 158 2
302 674 11
159 525 15
476 902 6
283 793 18
687 212 20
284 855 9
214 815 15
524 573 9
164 589 1
481 241 5
223 157 9
119 35 5
886 68 7
115 592 8
376 70 19
132 211 20
490 218 18
852 122 13
192 871 17
641 200 6
334 538 17
50 210 16
827 929 13
757 130 4
5 388 3
247 226 5
284 958 14
608 33 3
296 158 8
573 383 15
389 195 3
624 843 19
440 91 1
48 465 1
59 818 16
931 120 14
137 376 8
738 793 7
581 839 6
180 551 11
513 625 5
486 466 6
646 72 9
512 160 17
266 879 20
367 964 6
965 288 16
10 290 15
739 228 19
424 160 11
999 953 11
161 868 16
644 335 9
941 385 1
785 42 12
620 981 14
198 934 4
114 729 13
645 461 15
24 915 2
146 236 4
301 164 16
494 236 11
562 117 18
538 71 13
322 399 8
258 981 8
818 333 20
139 825 1
744 712 11
135 373 3
732 667 17
247 988 16
105 885 13
424 505 1
52 66 18
448 123 14
330 279 14
676 284 13
313 978 19
107 462 4
51 488 12
252 920 10
572 697 17
922 107 19
250 451 20
395 490 15
739 597 5
830 802 3
918 839 11
3 474 3
718 808 14
896 33 16
625 972 12
522 590 13
127 832 5
892 745 6
878 22 16
152 710 12
323 429 8
372 840 10
613 35 9
765 197 5
148 291 19
72 676 4
640 493 10
326 905 17
475 587 19
109 47 18
915 68 19
266 70 20
194 105 15
197 29 15
590 948 4
59 660 16
38 454 5
57 746 13
17 284 16
377 71 1
256 503 12
300 192 18
318 917 9
184 614 13
377 950 1
580 787 7
475 81 10
952 342 4
959 916 10
834 927 4
378 122 16
974 736 10
605 924 8
722 310 20
226 975 13
240 14 12
232 686 15
918 319 2
195 17 3
439 760 2
264 67 10
417 103 3
745 496 15
68 270 1
50 534 7
170 56 18
431 285 18
419 923 7
106 9 18
967 275 5
926 959 8
554 556 1
562 550 7
434 629 10
598 802 16
290 725 5
478 321 6
354 804 3
461 399 8
612 674 11
151 527 9
918 514 14
814 684 10
536 253 9
202 170 3
333 751 6
417 250 12
208 489 6
974 172 1
324 723 18
331 214 3
792 665 3
555 934 5
77 268 10
295 574 6
289 186 16
663 50 10
720 573 13
932 536 10
752 831 4
835 830 10
661 273 7
372 965 9
746 195 4
428 449 3
410 194 20
690 882 18
38 239 9
469 69 20
604 152 4
474 151 14
339 570 16
993 62 5
4 124 10
857 526 12
427 559 20
531 661 11
40 632 7
98 777 7
332 372 17
139 30 5
861 678 3
252 168 12
390 164 11
346 513 20
723 878 4
381 51 13
159 190 8
909 739 20
584 345 11
430 849 8
874 340 14
672 132 4
823 488 15
846 565 17
331 796 8
661 996 6
611 330 3
888 854 12
949 333 19
320 421 11
695 198 19
19 392 14
890 91 20
84 352 1
927 482 13
159 743 1
506 696 18
267 967 14
201 929 7
312 468 1
779 440 12
555 486 18
263 959 18
304 603 8
424 917 1
747 424 19
305 319 17
265 920 15
759 545 9
942 561 9
458 517 14
766 408 4
419 844 6
616 988 8
684 111 17
987 883 11
182 856 4
4 442 17
135 206 19
599 919 5
31 478 8
349 503 18
608 622 19
806 835 3
412 652 4
302 288 16
278 302 6
110 219 6
944 911 7
506 843 17
361 895 8
988 533 13
796 598 11
678 141 14
947 170 2
649 93 6
315 249 12
379 425 1
588 912 20
230 235 4
745 614 11
631 337 2
317 227 16
482 446 4
526 899 10
286 113 9
591 715 18
303 576 18
508 299 4
115 986 15
604 530 14
286 174 5
248 592 8
145 259 15
154 163 1
73 421 11
967 129 19
119 248 13
90 581 3
673 901 10
620 69 12
530 739 5
945 7 19
272 30 11
427 693 2
691 456 2
465 567 17
255 813 13
782 351 1
760 421 7
758 295 11
192 69 1
11 345 14
165 181 6
293 172 5
105 480 12
689 881 6
907 264 1
129 621 13
725 667 12
621 238 2
711 273 11
59 69 19
763 800 15
498 635 2
34 528 19
407 238 5
782 492 13
374 726 15
439 674 16
619 172 5
196 249 19
765 812 11
840 645 18
351 111 18
521 377 7
124 96 14
15 8 4
547 399 19
14 593 9
393 101 5
283 529 7
21 420 13
886 324 18
252 110 12
803 318 14
50 524 19
5 34 17
479 659 6
26 905 12
463 591 3
236 438 8
858 614 4
473 883 6
705 309 5
211 551 1
458 557 1
411 290 14
409 233 2
327 173 16
966 540 4
674 709 10
153 555 12
111 165 17
411 412 19
935 23 18
520 898 20
319 26 18
664 428 7
9 705 14
864 876 5
484 915 8
320 384 13
795 855 4
355 372 18
952 401 18
541 848 5
665 199 15
896 552 6
377 475 20
609 779 9
607 636 14
282 832 13
817 130 19
705 89 13
902 7 14
581 406 17
404 913 12
83 561 19
867 69 19
357 332 4
362 652 4
443 996 18
551 932 7
510 947 9
971 760 12
306 142 17
927 296 10
83 127 19
105 231 1
190 6 4
270 269 12
660 475 17
279 361 5
839 424 15
20 604 12
978 768 11
64 589 20
481 192 9
542 531 2
873 272 19
617 146 11
725 404 6
133 40 4
154 236 19
49 573 16
10 945 20
984 465 12
622 758 10
66 518 7
677 459 1
511 74 9
116 978 11
509 854 13
830 998 1
303 524 14
473 256 5
861 258 4
986 254 8
46 829 19
676 312 19
29 167 6
884 945 1
593 202 15
277 155 14
155 764 4
926 667 17
742 673 12
752 331 2
679 318 19
171 402 9
785 204 17
928 616 5
816 880 18
792 180 6
717 704 15
290 537 9
861 137 17
22 107 17
568 439 16
496 865 1
157 956 10
465 525 16
95 906 18
533 837 6
105 925 14
80 60 16
977 461 13
476 177 19
394 491 18
592 136 16
228 735 18
209 165 16
106 490 12
132 644 11
191 6 11
417 118 11
50 632 11
677 654 7
376 32 10
246 548 14
888 485 4
358 182 15
768 552 11
75 772 16
535 218 19
961 655 11
141 841 1
432 182 1
33 836 20
363 398 10
40 623 15
256 3 6
282 534 5
595 986 10
834 474 10
424 295 9
391 60 15
176 344 17
575 616 18
392 536 16
372 21 1
944 433 8
143 289 9
703 269 8
733 783 10
410 195 15
394 722 17
889 833 11
516 662 8
76 609 2
482 607 19
51 355 17
77 555 20
358 793 13
364 886 6
869 91 7
28 659 15
614 720 16
100 502 5
792 858 13
226 734 20
631 632 6
149 761 4
390 481 9
95 233 11
915 109 7
434 349 20
990 427 18
897 745 19
204 172 1
602 145 12
472 290 5
835 102 19
572 79 13
450 710 6
953 507 10
589 213 15
190 919 19
772 161 20
649 897 3
422 512 3
800 942 2
429 477 15
783 912 12
109 573 8
853 236 1
277 211 2
834 854 7
880 15 9
286 551 16
536 718 8
959 583 15
819 261 6
46 1 16
111 980 6
575 44 12
461 236 13
952 337 4
327 557 5
913 731 7
57 55 5
133 662 6
438 870 16
901 276 4
494 427 18
235 891 7
986 817 13
325 640 16
511 232 5
300 355 11
319 749 7
651 555 5
83 323 10
856 107 14
860 514 8
229 92 18
409 49 15
784 950 19
218 247 14
894 217 15
387 895 19
33 792 4
57 332 15
978 593 9
877 993 5
559 653 5
762 897 14
511 914 6
482 599 14
249 997 4
614 325 18
235 166 16
29 739 20
641 549 13
211 408 18
719 527 13
697 999 18
361 352 8
115 440 13
408 132 3
528 184 16
403 580 14
923 727 11
8 459 1
148 617 13
379 200 2
93 81 2
480 236 10
359 430 9
371 361 6
751 71 17
132 293 15
694 968 13
933 517 18
879 969 17
574 112 6
717 469 5
158 138 19
108 403 14
151 604 11
587 183 4
595 143 6
472 8 7
880 526 12
667 257 2
146 195 20
415 725 6
989 887 10
217 287 2
401 951 14
781 284 18
996 943 9
300 753 17
235 888 16
946 10 2
710 344 1
361 574 3
302 371 8
412 977 10
917 101 16
271 890 7
934 474 11
844 537 7
573 453 9
853 753 9
211 848 12
396 835 16
575 59 18
432 270 12
418 574 15
255 784 20
486 517 2
894 658 3
661 205 14
905 388 10
216 233 6
859 351 18
625 59 1
990 398 12
249 450 1
344 826 19
656 713 9
784 349 7
229 657 9
36 214 11
93 374 8
177 775 18
468 441 7
85 352 3
477 368 7
14 753 7
371 689 14
161 440 17
887 376 11
769 785 2
811 331 18
823 904 12
313 566 9
104 812 2
510 524 20
648 233 3
82 794 9
91 500 8
421 151 2
190 646 20
909 909 19
756 847 14
804 719 9
95 654 20
135 487 1
968 165 19
277 180 13
722 192 7
259 788 8
858 262 14
615 177 13
228 566 17
692 950 10
551 584 7
703 586 12
47 54 16
266 91 2
243 126 19
679 242 18
556 210 2
235 28 20
613 183 11
554 582 12
610 787 8
495 611 13
136 152 20
189 116 1
973 545 20
274 461 7
786 383 20
394 21 5
645 881 3
115 132 17
738 157 19
867 694 14
409 934 13
893 417 20
68 793 6
898 660 1
141 351 1
71 614 3
732 396 2
800 606 3
649 535 4
346 312 16
687 495 12
512 25 12
107 176 7
720 896 18
150 532 13
860 983 10
462 844 1
935 99 9
844 629 16
199 445 16
905 87 5
765 983 19
274 158 10
357 847 6
973 125 4
925 961 1
978 884 1
856 465 9
828 20 2
431 436 13
958 397 9
728 638 9
253 711 17
572 374 5
377 121 17
619 927 5
309 649 1
950 663 20
434 765 14
54 722 12
274 342 11
976 763 5
956 532 20
398 734 9
182 945 17
685 629 13
374 277 6
467 963 10
69 678 2
555 29 12
959 979 10
807 715 1
282 36 2
105 684 5
825 632 7
714 956 8
958 416 2
895 533 4
286 948 7
698 161 8
945 852 5
515 911 11
851 94 6
534 179 10
583 297 8
530 299 8
690 708 4
129 898 3
996 159 2
617 616 20
484 485 9
739 828 17
141 427 4
772 63 1
647 921 6
817 340 1
959 3 11
955 242 3
617 917 8
723 128 6
504 372 11
458 870 12
237 517 17
378 22 14
879 192 14
303 692 16
355 222 11
355 363 13
308 569 10
945 223 7
70 626 5
313 754 11
772 45 8
780 677 5
663 314 18
532 986 9
250 919 11
884 540 18
94 256 1
45 895 12
669 258 17
208 754 5
1000 484 14
736 5 1
143 76 20
723 533 17
201 575 14
351 838 6
352 954 8
916 200 17
807 293 10
322 507 8
548 371 16
527 192 20
319 990 1
44 946 15
137 942 15
584 224 2
100 636 7
208 556 16
948 601 8
85 609 6
664 472 12
517 964 9
188 339 17
202 367 13
511 489 4
962 23 7
621 978 11
902 122 7
470 23 2
401 133 11
146 237 12
690 456 18
336 472 7
829 745 3
103 365 11
100 412 19
170 111 7
71 464 11
190 503 6
580 759 14
467 527 12
45 736 16
233 257 15
788 796 16
37 377 6
577 867 14
1000 984 2
480 548 18
322 857 5
525 859 17
936 241 3
567 781 16
425 890 7
521 284 11
591 839 14
391 911 4
825 477 6
684 94 1
167 739 19
422 227 17
570 947 7
861 265 15
327 14 18
449 640 14
450 735 6
739 719 1
143 767 4
802 820 2
866 92 7
988 390 5
387 540 18
250 688 20
330 839 20
277 911 3
250 974 12
54 210 12
216 9 1
386 703 16
164 856 5
848 737 12
571 84 17
559 405 17
928 432 20
12 165 10
956 964 15
89 395 7
599 522 3
757 827 9
628 53 3
928 755 2
223 773 5
446 703 3
273 144 20
705 821 8
357 328 6
561 151 17
366 998 18
997 754 12
329 345 5
695 48 10
988 725 7
344 607 14
137 810 10
365 991 3
131 96 3
42 662 9
25 736 13
1 965 18
217 713 13
397 508 14
158 165 11
695 191 9
16 602 2
741 767 16
922 622 14
873 356 15
861 20 19
629 997 13
610 879 15
614 382 12
884 905 18
763 636 9
742 825 14
83 401 18
988 30 17
997 508 20
634 150 6
951 183 18
113 322 10
817 514 6
194 353 9
469 486 18
556 58 10
36 716 18
334 681 15
497 174 3
904 728 12
665 719 20
124 251 6
559 852 4
675 813 2
427 199 4
856 851 7
425 173 20
535 100 19
307 596 20
661 266 6
154 502 19
334 131 1
344 689 14
705 436 16
110 16 17
70 213 13
453 100 9
911 194 11
916 8 10
402 484 13
626 787 15
616 10 13
949 60 18
440 537 19
500 65 17
201 183 9
289 142 8
498 2 12
850 193 8
998 127 1
74 254 17
303 962 18
837 936 8
239 727 9
850 590 8
654 369 19
68 418 8
721 465 17
298 745 19
747 126 2
583 99 17
287 116 1
174 999 13
79 262 5
629 473 18
131 752 16
549 552 6
494 630 17
73 148 13
668 258 15
807 226 5
982 121 13
576 987 12
619 274 8
950 295 10
265 28 17
699 762 7
327 534 11
910 560 11
116 187 3
552 50 6
743 798 4
986 882 1
704 337 7
736 770 19
835 383 1
328 942 11
545 563 7
24 853 14
965 469 4
399 907 11
150 369 2
46 957 15
228 731 14
26 637 13
215 248 20
165 928 13
65 542 20
721 282 12
514 337 3
514 20 7
55 16 7
950 718 12
198 226 1
577 200 4
224 559 8
675 446 3
67 29 17
151 772 15
38 143 17
422 139 17
643 420 19
159 721 3
130 563 19
219 914 20
567 577 4
323 876 14
506 602 17
580 172 13
645 702 1
375 286 15
494 257 2
713 605 13
644 865 5
950 655 5
612 347 13
610 563 19
603 641 20
994 668 15
379 273 5
387 882 6
426 912 8
690 628 6
184 322 11
703 370 10
527 27 6
135 526 16
303 932 17
683 820 11
441 221 3
663 572 3
226 683 7
42 935 4
151 530 18
947 78 15
754 680 12
693 889 13
686 395 12
412 261 1
417 170 5
937 538 2
908 70 16
385 269 5
306 889 19
910 95 20
645 235 6
181 798 14
316 870 19
783 777 4
693 297 19
203 596 6
662 497 16
671 228 9
686 426 10
198 695 4
912 139 10
261 598 2
925 845 15
872 88 6
912 227 13
194 559 19
404 92 20
69 816 10
49 21 6
914 545 4
599 293 7
449 359 4
880 51 16
395 555 11
921 644 5
843 392 18
440 239 13
705 665 18
235 756 8
608 956 14
720 243 14
934 135 13
503 970 4
83 259 19
504 44 1
86 510 2
518 873 20
480 50 5
480 595 3
627 462 4
197 610 7
361 147 10
608 350 18
510 734 14
575 989 1
329 110 3
682 558 2
175 890 18
324 460 5
806 694 2
72 320 7
333 545 2
926 752 19
815 581 6
768 599 9
251 244 11
737 949 15
382 805 8
423 308 3
810 883 2
487 314 4
645 67 2
378 664 16
98 675 20
697 555 17
83 950 13
640 480 3
225 462 17
894 630 13
113 360 1
859 549 20
36 444 4
497 580 17
956 724 9
555 231 5
182 614 6
96 488 3
788 963 10
747 876 10
910 978 11
620 295 6
267 376 14
854 485 10
64 996 10
676 393 13
618 563 9
812 257 7
561 687 14
706 473 5
365 963 8
254 349 7
389 639 1
567 249 8
375 709 2
481 850 16
927 702 18
8 495 5
93 159 3
773 362 5
541 692 8
972 103 1
151 850 1
890 754 15
497 194 12
610 657 15
30 585 20
603 689 5
801 568 18
708 337 5
481 712 12
571 215 14
565 200 13
316 176 6
643 388 11
47 501 6
859 372 6
435 306 7
781 329 11
848 522 1
101 822 9
547 944 18
129 484 3
956 343 3
442 761 16
393 39 10
904 340 12
597 29 14
919 12 15
263 550 19
77 446 5
30 590 11
517 692 5
333 695 11
664 822 1
150 65 1
219 566 4
840 679 3
257 530 9
15 774 9
114 527 15
977 290 6
612 26 17
887 295 11
790 711 11
103 747 8
644 969 18
531 662 11
530 187 11
979 302 11
821 947 1
875 376 11
876 952 5
83 9 10
934 167 15
774 943 10
360 328 9
485 739 1
402 739 19
819 994 12
238 130 8
482 993 14
203 36 11
950 353 6
152 207 18
739 443 11
917 827 5
646 237 2
926 798 14
759 532 2
548 130 1
881 709 14
274 980 8
950 969 9
463 622 14
68 261 9
747 610 18
889 759 18
518 911 13
995 794 4
397 777 10
815 814 12
311 47 8
410 381 16
650 61 20
20 976 1
681 685 14
557 388 20
895 223 18
96 325 11
789 121 1
518 384 14
961 441 5
687 512 12
494 799 20
497 859 3
722 547 14
17 859 8
614 635 7
614 660 10
421 641 6
105 960 5
422 491 1
395 347 2
508 153 15
190 745 11
684 502 3
344 663 2
710 108 2
19 37 13
703 15 12
53 651 10
233 751 14
59 41 14
871 44 2
431 602 4
68 164 12
354 490 16
172 383 11
131 880 14
338 854 15
289 669 6
236 925 10
440 286 2
465 225 19
628 897 16
77 42 7
312 970 17
409 155 17
964 377 13
988 673 12
888 996 10
498 715 14
54 805 15
810 727 12
875 225 16
854 186 6
270 4 5
934 1 3
723 399 9
279 144 17
114 165 4
160 86 4
912 528 20
318 188 2
790 684 5
684 877 9
42 765 13
495 966 18
339 794 3
579 636 17
331 64 5
331 183 4
665 896 9
890 456 15
493 235 9
279 284 18
425 951 13
254 574 8
919 997 18
45 975 8
573 980 5
372 548 5
341 515 2
903 500 1
735 227 5
697 979 16
331 132 15
175 8 8
33 785 19
852 207 11
196 128 10
42 475 3
933 60 12
20 161 7
107 160 4
911 297 13
585 929 1
35 629 12
389 205 1
764 475 5
579 472 17
203 704 8
573 859 15
441 683 10
537 87 2
260 78 1
375 980 18
493 419 2
995 112 20
756 600 4
151 965 3
975 770 1
500 459 16
547 429 2
768 827 15
575 309 13
63 557 1
235 988 20
778 860 14
541 118 17
868 948 13
145 163 14
341 378 17
299 234 9
81 411 6
859 219 9
11 933 8
820 139 19
559 750 4
54 879 6
23 295 14
420 574 3
740 728 12
597 937 1
36 154 18
657 303 10
670 30 10
765 924 8
750 123 16
506 155 12
590 288 13
360 685 6
961 201 7
386 290 6
18 114 20
985 488 2
760 814 7
564 972 3
143 403 11
954 321 2
115 746 6
750 988 19
299 459 16
617 176 13
15 340 18
673 495 19
662 115 18
893 359 20
964 860 7
59 9 10
691 750 18
329 351 3
246 388 19
149 115 6
600 825 16
466 844 16
324 363 9
173 995 2
514 486 1
795 155 4
305 638 6
913 555 12
337 988 13
108 799 2
866 20 8
34 655 16
58 991 4
634 153 17
128 776 9
609 401 10
575 682 7
872 676 7
471 143 12
727 94 1
473 714 2
938 281 15
307 778 12
343 688 7
989 291 14
144 324 17
23 170 15
657 733 14
262 736 19
693 849 19
933 989 15
645 395 11
616 254 12
511 810 10
978 737 3
821 917 18
456 317 20
575 107 9
28 122 8
833 787 3
233 628 18
71 89 12
437 660 9
997 72 13
1000 661 14
72 562 9
751 128 16
337 669 10
140 562 11
71 642 13
806 715 19
679 317 17
379 190 20
819 744 15
584 932 8
245 495 10
691 954 9
948 672 3
472 403 4
264 690 14
857 65 16
55 973 2
389 398 12
568 993 14
674 550 9
871 834 18
590 120 11
973 215 5
180 986 15
887 214 19
265 828 8
161 455 15
831 480 3
658 109 5
499 420 11
498 738 11
901 629 14
583 771 11
223 134 6
797 245 19
203 222 17
60 24 3
142 41 3
89 962 12
849 572 19
918 259 14
469 528 20
330 12 12
352 873 8
388 934 1
51 39 7
537 45 15
317 772 15
801 40 8
448 937 13
34 171 18
719 687 18
129 525 5
719 225 3
274 573 7
220 849 17
184 628 19
820 9 12
818 135 6
515 56 6
409 330 9
143 63 1
389 765 2
835 503 11
28 816 12
559 280 7
785 228 16
871 804 4
626 341 14
868 49 17
795 183 7
459 208 10
762 703 9
183 469 2
923 286 15
71 343 9
801 619 11
582 82 3
276 24 1
69 766 6
639 355 5
480 829 9
439 477 7
670 912 10
506 349 19
210 862 10
738 558 8
759 763 17
883 724 19
795 807 20
224 213 8
764 890 13
321 678 13
564 252 2
213 2 4
637 504 9
362 815 20
235 334 5
484 444 17
772 88 2
803 940 18
992 677 15
818 182 7
438 398 7
116 926 7
681 917 19
570 961 20
829 68 3
722 614 5
984 91 19
53 266 14
62 337 1
405 635 17
900 31 9
325 424 12
914 50 6
266 374 16
583 868 1
734 238 14
209 89 2
414 196 4
128 139 17
871 683 1
489 117 11
794 161 13
309 836 7
427 389 15
57 992 11
520 479 17
666 88 9
328 208 15
312 567 9
390 846 7
809 827 1
3 737 3
393 194 12
318 736 14
96 689 16
332 866 19
99 312 1
650 577 13
255 111 5
582 447 19
887 681 2
715 397 1
194 478 16
660 591 2
8 861 10
548 383 2
401 718 12
875 471 11
464 463 9
189 134 20
17 412 8
732 879 17
108 139 2
722 164 7
778 343 16
845 476 20
951 484 6
558 85 3
204 719 10
844 613 11
893 319 9
654 218 11
384 937 10
863 422 9
146 657 11
288 455 4
744 792 15
26 881 7
849 119 9
252 126 16
849 298 9
882 619 18
113 191 18
224 203 9
269 293 9
135 236 15
638 658 18
338 407 4
343 349 16
162 505 13
943 40 6
332 664 13
803 178 10
606 205 16
983 712 6
133 12 20
726 448 8
234 716 19
528 157 7
43 191 6
282 310 4
881 305 9
537 696 19
98 473 4
775 731 20
708 490 2
181 686 13
64 422 6
357 845 3
826 785 9
95 805 20
399 572 12
97 349 11
124 445 2
446 579 15
492 990 10
789 62 11
537 731 4
829 583 15
131 760 12
247 543 20
135 808 6
119 225 14
114 679 11
509 353 9
32 491 13
819 597 11
288 21 2
994 970 15
822 745 16
303 878 19
832 847 1
239 41 13
814 622 12
707 762 4
459 180 5
30 921 15
1000 508 2
868 182 3
881 183 12
10 827 14
184 488 16
174 429 9
854 272 20
323 6 15
21 186 17
915 985 14
443 315 1
833 716 1
200 133 14
100 346 4
932 515 3
578 42 14
976 728 1
421 836 9
17 419 9
420 327 11
963 278 1
957 708 5
47 428 9
367 346 18
24 858 16
40 112 9
147 847 11
187 819 10
657 704 8
333 481 6
277 348 12
702 298 8
740 760 17
751 957 20
379 568 4
353 730 15
944 266 16
821 227 4
545 663 7
112 374 4
511 617 1
575 133 9
240 790 17
62 397 13
760 105 8
821 319 20
658 489 4
566 403 18
701 223 11
875 798 7
640 857 13
841 380 15
23 219 18
407 135 8
762 453 8
392 937 18
94 576 1
110 726 3
441 703 2
614 481 9
403 400 12
13 962 9
448 561 6
375 648 2
211 745 2
236 16 20
543 113 4
802 808 10
752 428 4
930 271 19
871 258 3
126 566 3
21 281 10
250 14 9
602 859 8
90 322 18
688 471 5
734 687 17
418 799 16
998 218 8
188 957 16
618 283 12
509 758 1
567 556 12
296 659 11
637 692 13
223 323 4
702 891 10
460 454 9
760 520 5
153 500 19
147 672 2
758 418 3
202 36 20
19 861 11
824 798 2
318 136 16
537 636 19
26 870 5
864 979 15
274 755 7
210 508 13
661 11 18
717 85 10
477 497 13
308 998 8
731 156 13
120 697 2
729 426 8
723 78 14
732 914 7
531 583 17
872 98 6
872 889 14
575 474 7
73 843 2
801 995 13
13 99 5
394 937 8
30 674 14
908 857 17
119 529 20
232 362 2
864 744 15
218 24 1
402 570 12
429 858 9
807 676 16
423 895 10
900 348 9
592 450 18
223 702 3
472 547 7
507 128 1
382 418 9
244 386 1
558 57 20
773 882 14
168 901 12
119 898 18
565 950 8
478 209 6
586 455 3
656 26 19
480 353 20
69 209 5
682 176 18
403 186 16
723 130 12
449 311 17
449 808 19
955 697 15
128 32 18
723 610 7
466 708 10
123 830 19
555 542 14
786 999 16
207 751 15
220 348 9
778 504 6
294 453 6
733 908 11
106 291 18
227 415 17
537 372 7
223 661 7
927 946 13
969 439 9
857 967 19
199 142 5
53 988 15
283 906 11
1000 207 1
973 262 1
758 633 18
743 81 14
625 895 18
734 324 18
774 124 14
643 129 9
440 819 18
45 602 12
357 851 18
759 606 8
305 362 16
495 968 3
845 23 17
586 576 3
582 784 14
833 264 7
426 230 19
997 479 14
664 346 4
633 797 10
7 811 3
316 326 2
275 940 3
609 274 2
654 447 18
918 178 18
272 725 17
44 590 8
537 964 1
252 702 16
977 698 15
972 361 5
337 607 15
967 621 7
822 512 15
736 203 13
801 856 13
866 240 6
250 718 4
49 166 6
96 953 17
745 143 16
441 989 15
631 121 14
695 80 7
912 340 4
468 199 7
782 172 15
2 850 9
999 731 6
763 637 5
20 513 17
751 233 7
144 38 15
17 831 2
705 544 11
637 294 8
338 33 11
596 114 6
33 780 16
4 960 13
413 309 15
670 772 12
102 45 17
500 33 4
737 660 2
341 663 19
28 15 1
41 693 2
703 420 7
256 637 3
331 189 15
703 891 2
56 539 3
485 512 20
362 796 6
4 711 15
580 337 13
607 396 1
773 498 19
177 326 17
384 609 9
60 37 13
144 473 9
483 418 20
367 181 3
941 299 15
478 263 1
637 629 19
602 215 7
63 373 2
77 800 16
343 359 10
915 265 15
160 918 8
912 904 2
866 58 1
806 124 6
123 340 7
644 52 12
891 497 17
397 859 1
979 682 16
175 657 11
799 577 17
621 203 19
900 483 9
65 396 18
566 650 11
551 198 5
78 670 12
163 348 10
28 271 17
522 48 5
920 952 14
465 547 2
751 931 18
486 942 20
223 597 3
185 77 10
323 534 3
484 352 9
869 701 17
252 156 4
806 826 13
435 551 10
583 422 18
477 102 13
699 331 18
797 993 4
922 679 13
838 601 10
892 709 5
441 789 2
958 562 16
685 302 9
866 275 8
95 138 13
360 214 17
475 317 9
211 348 9
215 463 16
3 147 2
594 450 16
148 13 12
523 637 10
625 243 4
427 846 8
411 252 10
745 379 11
497 697 5
91 306 14
355 297 6
577 10 19
220 168 1
295 413 14
429 255 14
13 489 20
300 568 15
475 883 1
64 768 10
159 935 20
214 315 14
879 170 11
6 800 11
745 244 4
776 303 10
825 799 10
29 881 19
585 357 2
233 849 14
152 57 18
953 845 4
360 308 17
749 231 15
182 302 5
662 736 6
595 380 15
766 681 14
827 591 5
148 375 8
309 588 2
223 138 2
484 238 14
510 158 20
189 211 6
966 66 11
959 577 4
466 208 2
448 221 13
320 941 5
66 704 1
441 526 8
267 243 13
487 329 3
184 680 10
678 39 10
906 810 11
845 258 12
718 551 5
600 532 5
868 92 8
286 912 20
393 907 6
838 734 18
242 589 3
984 28 14
555 522 6
762 84 6
639 329 12
880 710 13
48 250 5
308 80 20
243 416 4
746 949 10
127 862 18
168 921 15
459 821 16
553 948 7
669 492 5
880 635 15
354 786 1
508 588 12
570 409 1
446 287 4
838 686 6
789 211 4
591 417 3
616 881 2
487 906 6
657 471 5
109 944 15
763 924 1
510 330 6
817 724 16
474 744 5
850 678 19
950 553 14
89 931 15
541 138 20
790 315 17
139 48 10
701 482 16
237 903 16
297 952 13
994 768 20
935 361 17
36 896 3
538 148 4
136 14 13
991 123 15
701 769 16
449 104 4
515 974 9
700 168 13
384 792 4
216 716 8
289 736 11
382 617 18
373 616 3
201 983 8
272 941 9
376 387 11
401 863 4
452 942 16
275 970 19
729 640 1
577 450 5
300 402 17
353 696 11
191 124 10
966 129 7
375 141 11
294 923 2
54 667 6
602 566 10
906 475 12
387 316 18
120 274 4
90 520 15
922 178 10
827 401 6
997 593 10
598 573 9
790 562 2
993 397 1
729 627 1
289 453 5
681 125 11
522 691 11
864 609 9
62 160 20
185 559 13
633 814 10
486 481 10
907 604 6
860 893 17
327 509 10
682 533 6
216 930 5
587 355 3
299 144 18
796 310 7
807 519 10
603 508 12
457 263 17
800 578 9
383 66 10
514 428 7
112 474 13
52 965 6
497 560 6
164 236 1
937 455 9
727 517 7
331 377 13
177 929 7
326 580 2
125 455 5
842 194 2
495 705 14
741 575 12
36 563 6
879 402 2
116 489 8
92 232 17
257 106 9
759 753 11
256 77 7
155 538 18
422 744 1
998 951 15
495 168 9
217 802 8
434 673 6
733 862 17
921 769 16
589 419 10
837 303 2
439 327 11
121 538 11
606 687 20
720 293 20
551 872 6
861 704 12
708 458 18
368 514 15
802 614 11
815 475 16
718 198 2
344 485 2
240 608 10
43 184 4
779 504 9
830 810 20
635 903 20
199 856 4
337 482 10
921 989 7
862 879 6
402 276 10
497 186 2
182 805 10
819 301 20
949 183 20
627 504 11
100 994 2
87 237 14
833 657 17
167 252 7
304 37 17
891 937 6
295 816 13
395 280 19
269 901 19
905 977 5
677 819 7
712 371 9
632 391 2
247 769 8
636 891 7
857 439 10
472 891 14
156 17 1
693 646 11
842 537 15
625 787 6
679 718 4
857 811 16
706 54 16
73 94 14
402 940 17
821 380 1
635 110 14
271 529 16
571 309 20
303 334 19
668 150 20
495 528 13
706 423 20
701 875 4
52 369 4
836 476 12
992 228 9
926 711 13
885 58 5
896 302 19
934 757 4
736 439 6
136 672 19
507 861 3
52 765 8
270 998 10
191 307 2
490 159 2
383 761 2
113 848 14
145 356 17
245 332 2
785 262 1
639 315 18
387 852 1
767 409 14
206 688 8
849 25 20
160 950 13
706 762 2
788 403 16
843 74 3
236 318 17
629 371 2
677 188 6
836 569 9
38 519 11
796 318 14
330 915 5
921 399 14
610 57 16
217 212 10
478 812 3
488 956 3
808 91 7
543 884 12
214 582 15
524 132 17
484 215 1
54 728 1
735 120 5
322 950 4
586 946 1
365 48 13
174 774 8
946 284 1
630 692 12
236 849 16
563 903 19
388 768 5
941 982 20
300 321 16
530 643 12
542 461 8
316 561 19
801 418 10
782 209 15
219 183 10
554 467 11
928 577 8
247 329 12
302 292 20
541 253 17
8 806 6
850 87 14
403 111 9
347 13 2
368 856 1
426 536 3
506 959 19
210 437 13
716 531 16
508 55 8
742 277 14
278 64 3
372 499 9
71 239 2
935 370 3
67 871 11
309 789 4
648 126 8
811 853 7
191 924 15
394 950 4
842 843 8
433 769 19
11 370 3
697 288 2
420 839 5
256 92 11
580 129 17
329 181 15
614 755 1
225 711 3
104 915 18
309 278 8
559 236 18
913 871 2
282 517 10
269 59 7
42 843 17
568 119 6
79 542 16
636 474 3
664 526 16
891 425 13
307 695 3
699 442 3
516 803 3
316 914 17
582 917 16
199 704 7
971 388 8
499 492 13
640 401 7
407 58 8
753 534 8
395 471 5
171 75 20
518 963 18
423 843 4
158 362 5
876 762 15
608 372 15
685 510 18
719 559 11
25 187 12
399 777 16
816 739 20
381 15 13
546 486 5
217 996 4
486 848 18
191 834 19
286 590 7
650 690 9
427 761 19
861 587 3
330 903 5
665 338 14
908 138 7
3 744 16
490 69 6
500 493 5
703 16 11
682 704 10
853 455 9
142 546 12
783 419 7
90 922 1
927 636 12
145 820 1
767 400 8
739 53 9
783 829 16
970 216 18
502 923 3
813 89 8
652 409 18
952 908 16
906 365 12
38 84 17
939 837 6
955 959 6
381 298 8
807 923 17
370 637 5
239 761 3
708 594 8
796 94 7
151 655 19
234 342 13
185 869 4
530 591 19
459 55 11
17 617 2
754 815 12
25 353 16
476 861 15
298 706 18
339 182 11
392 930 19
862 34 1
851 655 7
232 816 1
743 273 1
588 573 10
448 518 5
454 833 15
44 643 12
915 978 2
908 565 20
915 694 12
869 463 13
592 513 4
139 53 12
111 948 8
571 750 6
166 307 18
300 489 7
923 936 1
832 174 9
778 687 3
214 433 3
391 789 8
433 594 5
109 391 13
705 10 20
519 986 18
464 374 20
171 755 7
546 567 4
316 721 20
397 774 7
869 165 2
121 380 7
553 683 14
137 102 20
645 668 7
89 679 17
486 468 17
56 821 19
423 792 7
856 678 2
191 406 6
148 38 19
626 7 17
723 941 8
503 304 18
664 34 17
898 267 18
420 610 16
575 873 2
995 683 6
639 204 16
213 13 1
867 432 17
736 842 10
178 540 15
444 943 12
932 162 16
521 850 2
596 433 16
846 277 2
214 537 14
273 232 2
336 600 6
125 483 1
620 983 5
116 242 5
845 199 17
346 772 18
987 112 14
413 488 4
737 724 16
422 45 11
419 52 13
422 244 14
374 867 6
197 68 3
276 89 7
507 229 12
206 67 8
701 83 7
597 523 3
416 8 16
975 690 20
310 715 2
272 550 13
614 377 8
673 368 9
335 610 7
747 758 13
948 528 10
108 232 8
29 379 18
731 498 4
378 84 8
596 666 1
971 775 1
332 175 6
767 214 17
7 585 9
301 318 10
99 232 7
104 628 5
942 173 2
934 537 19
997 147 8
675 456 18
102 398 18
924 220 14
213 21 6
920 686 18
35 139 6
544 965 10
859 613 9
410 247 5
926 109 12
169 237 8
383 721 6
268 532 9
104 645 4
249 98 15
48 64 20
155 401 4
180 772 1
978 136 10
383 416 12
961 861 7
36 381 6
253 133 1
547 873 3
582 49 7
277 183 1
613 684 17
278 382 9
642 112 6
652 942 8
889 124 4
584 384 2
5 278 7
157 495 9
347 559 18
280 912 16
385 496 9
466 61 9
929 740 8
37 392 11
229 624 12
287 609 15
325 782 2
356 448 14
82 184 13
855 396 15
663 9 19
728 516 4
98 888 5
196 125 15
484 726 10
173 47 13
652 187 16
228 443 9
836 809 7
715 814 7
144 956 11
420 302 16
235 177 17
981 12 18
620 732 2
242 379 9
589 823 2
749 983 1
607 546 1
958 657 12
839 702 18
288 793 9
120 826 15
319 443 9
652 734 12
522 813 6
143 911 18
970 410 13
905 990 16
827 590 3
957 204 2
709 268 16
135 780 11
631 10 9
579 579 7
725 339 9
469 40 19
928 251 17
191 805 18
80 903 15
566 450 17
634 228 1
625 241 20
485 751 8
270 293 17
637 567 19
332 178 5
157 535 6
762 405 7
857 43 11
852 312 1
907 587 7
643 881 20
450 794 4
186 126 9
752 909 15
330 526 2
602 778 16
232 379 18
774 481 15
906 922 19
244 588 1
613 37 10
296 311 7
876 883 9
87 987 4
537 715 19
267 272 11
887 349 7
670 53 8
55 974 16
840 262 14
892 859 10
79 229 4
449 625 19
889 431 11
641 902 16
879 574 13
791 934 5
470 58 14
891 820 14
910 47 6
636 769 5
502 727 7
30 596 18
461 354 8
21 575 17
202 460 8
992 227 20
534 418 16
302 366 15
183 713 14
101 332 13
641 722 12
699 63 13
165 43 19
62 714 12
254 566 18
520 143 11
208 664 20
643 630 15
465 15 6
103 372 9
810 430 17
194 329 5
425 409 4
133 491 8
235 666 17
617 591 1
528 93 9
132 114 17
888 364 16
775 98 19
687 967 8
681 912 9
404 813 4
675 633 13
575 27 15
681 154 11
683 982 18
378 303 11
254 319 6
167 818 12
732 185 8
635 277 18
62 955 20
900 399 10
927 995 17
596 829 8
531 4 17
422 255 9
858 398 8
38 871 18
24 987 2
468 476 15
171 910 9
918 164 10
709 977 2
237 355 1
222 906 17
175 630 3
416 237 1
697 734 2
190 147 9
608 719 18
986 565 13
434 37 2
580 962 8
818 163 17
928 528 16
29 627 20
879 856 2
29 195 1
347 153 3
306 974 13
97 654 15
233 355 13
741 398 10
494 60 15
309 354 1
975 740 12
552 886 14
674 298 7
16 564 8
348 519 20
487 136 2
707 958 7
968 611 6
296 458 7
504 191 2
227 331 18
543 328 4
977 60 11
158 716 9
942 538 11
107 489 10
728 966 14
675 523 18
933 669 8
510 665 1
433 282 1
270 180 19
33 196 1
60 135 7
232 859 6
300 988 15
60 513 15
924 526 18
72 301 11
937 135 5
556 303 16
955 228 14
90 593 6
621 163 7
857 127 7
843 501 8
484 96 12
845 736 19
122 110 16
110 674 10
444 100 10
181 659 10
333 276 19
85 445 6
373 538 4
618 725 7
884 875 17
501 121 20
855 971 6
675 896 4
479 842 13
156 507 14
167 907 7
703 4 12
845 829 3
507 696 16
681 31 18
106 882 18
482 948 9
680 855 9
966 183 11
459 220 5
401 158 14
110 546 14
975 48 17
203 715 17
451 924 7
137 436 2
232 289 5
740 623 6
816 98 17
859 171 11
852 490 3
116 332 16
409 953 9
679 410 18
124 844 15
346 101 18
743 244 19
127 864 20
140 127 4
788 744 18
4 488 2
410 435 14
808 437 2
810 960 9
580 999 20
807 132 18
7 368 18
949 778 10
878 122 16
924 729 19
384 954 16
851 291 5
506 933 4
429 965 19
383 421 9
225 321 2
657 666 9
94 830 5
610 311 11
48 217 19
997 623 6
22 474 11
299 161 15
736 212 1
796 562 8
569 623 17
954 552 5
89 117 19
304 957 13
945 992 6
431 429 13
261 777 5
495 45 14
485 606 3
871 137 6
184 324 8
936 24 6
126 800 6
486 351 4
55 94 3
172 417 20
206 897 1
396 256 6
668 402 6
740 976 11
301 102 14
64 270 9
552 156 5
981 729 6
68 731 7
822 801 12
927 194 3
112 652 16
888 792 15
769 447 16
337 874 13
555 613 5
686 69 18
679 506 20
382 270 1
770 457 13
439 434 13
834 313 18
874 963 19
587 106 14
790 842 3
145 610 10
920 861 6
402 996 19
122 795 12
334 367 13
122 519 14
74 19 17
35 604 8
34 86 10
595 960 1
857 460 18
84 465 15
819 431 2
122 579 14
808 581 9
601 936 12
691 901 7
124 781 11
39 201 12
439 751 12
424 543 17
267 734 17
37 274 16
498 513 19
423 214 6
296 309 17
267 547 18
692 552 5
766 452 5
807 874 14
397 724 8
907 174 16
32 349 4
942 239 6
332 860 5
896 304 4
642 712 4
375 431 9
142 129 14
441 724 5
601 877 7
705 317 5
769 338 15
593 768 5
204 437 4
108 975 14
574 177 20
649 563 17
491 117 10
388 569 18
489 894 3
276 666 18
363 25 2
113 828 12
947 925 2
679 73 20
856 518 12
576 572 10
995 295 2
203 867 4
724 23 9
739 795 18
416 390 17
316 277 19
387 56 1
754 469 19
331 471 20
844 316 1
146 106 19
662 761 14
640 343 18
367 586 18
769 114 14
679 150 9
509 675 3
744 415 13
362 269 1
61 782 6
411 356 17
454 320 9
843 62 1
237 622 18
866 867 10
578 59 9
94 982 5
291 90 3
106 634 20
913 712 10
372 922 11
992 953 7
496 93 4
234 631 8
212 565 5
820 852 13
972 127 20
976 623 18
583 567 17
79 581 14
622 507 16
121 241 13
631 418 17
205 454 16
718 473 3
582 142 1
580 238 15
877 331 15
808 77 12
276 340 11
730 649 2
964 249 2
69 852 12
910 400 17
562 230 4
694 69 6
993 25 1
304 94 15
81 307 19
492 942 14
127 122 4
568 814 10
747 80 14
830 190 13
912 460 7
827 908 13
716 276 6
941 109 12
19 722 4
684 455 9
900 979 20
803 648 1
485 375 6
883 148 4
532 286 20
948 561 17
3 388 3
123 172 16
834 79 7
747 992 8
617 73 19
450 807 14
705 819 18
894 174 12
272 123 16
330 484 6
164 100 4
196 939 4
283 388 9
362 663 5
898 195 17
655 303 8
893 309 9
147 149 11
338 952 17
642 544 7
408 768 8
936 999 4
556 843 14
369 544 19
638 236 17
259 599 3
415 997 5
777 418 18
828 147 4
884 433 4
665 897 13
160 974 13
769 558 10
232 273 19
42 801 5
764 251 8
266 449 17
700 33 12
203 110 12
793 336 4
382 754 17
77 758 8
340 559 5
538 118 19
917 718 20
743 169 12
32 991 2
282 387 3
654 655 20
212 858 6
848 851 12
936 355 13
736 210 18
447 714 2
112 168 15
484 623 4
965 642 17
462 722 6
876 896 2
255 576 14
793 780 14
346 292 4
767 775 18
813 703 16
950 522 16
771 395 13
230 279 17
624 711 17
786 644 7
233 359 4
217 664 11
35 299 14
897 311 18
779 712 7
93 516 5
44 233 18
371 459 8
160 651 2
546 167 20
468 353 15
333 87 8
802 498 8
734 357 6
478 531 10
617 216 10
447 389 13
864 87 17
588 205 8
153 759 15
717 348 20
749 550 10
833 1000 12
243 210 11
413 566 19
331 625 15
606 315 2
717 483 5
310 189 5
833 238 9
711 660 13
332 535 6
634 60 6
113 580 5
691 905 1
810 218 16
915 131 16
744 620 8
834 259 1
116 542 2
76 339 13
848 150 4
786 26 18
297 680 13
655 621 2
391 607 6
330 713 4
806 159 4
210 382 19
941 474 11
422 607 17
978 279 4
836 598 12
694 156 14
328 883 20
376 852 5
838 341 1
389 4 15
130 306 14
667 664 10
876 228 12
4 159 1
6 533 10
88 188 14
565 512 5
957 854 5
493 944 12
292 43 7
963 370 10
754 632 12
213 652 14
678 329 6
202 749 20
816 533 18
513 35 3
813 756 8
712 678 16
882 518 8
567 355 16
776 639 10
908 439 18
386 228 20
451 205 20
458 433 6
811 419 9
470 444 16
839 714 17
664 720 1
858 136 16
466 319 9
248 313 3
862 782 16
408 98 8
903 809 2
229 408 16
996 67 16
563 263 9
895 668 4
840 784 6
326 10 18
108 31 3
864 976 9
333 519 12
725 489 6
424 146 9
217 980 12
462 967 2
881 762 17
470 177 2
532 55 13
402 699 5
293 889 14
577 988 10
885 279 17
264 166 14
892 568 19
647 752 9
290 632 2
553 418 18
586 188 20
69 892 16
7 285 10
389 541 19
710 355 9
480 705 11
428 702 3
274 496 8
862 264 12
992 914 18
159 611 10
599 56 10
982 365 20
485 96 4
392 310 5
213 782 20
311 772 18
946 81 4
711 486 7
423 668 1
742 428 2
626 478 8
461 7 11
27 278 4
342 948 4
34 667 13
562 942 14
124 835 5
360 543 12
948 923 15
27 683 16
592 547 11
252 995 14
528 286 4
730 840 6
88 545 18
165 74 7
309 321 1
652 462 1
948 62 4
480 648 7
485 315 2
508 279 2
185 48 17
656 212 11
56 789 4
374 485 11
745 230 7
472 255 18
357 300 13
875 555 15
903 13 6
50 224 9
59 364 16
103 674 8
44 278 1
707 653 1
806 287 3
466 680 15
695 762 3
143 379 17
343 341 9
969 411 10
509 334 2
501 231 13
529 788 8
666 868 13
367 821 17
980 565 7
894 928 3
799 437 2
142 598 14
786 995 16
734 317 16
625 418 19
900 169 3
928 245 15
411 513 5
160 54 16
554 697 15
274 574 15
622 198 11
747 843 2
161 653 2
6 5 6
908 426 16
389 485 11
797 214 3
105 903 7
705 654 16
90 31 12
73 357 6
855 780 6
786 267 7
620 722 2
791 696 3
272 526 9
309 344 4
73 599 5
494 565 18
535 478 13
573 82 15
859 666 6
374 198 19
657 414 3
705 327 14
259 845 11
161 203 12
543 36 20
124 176 11
259 391 10
132 254 3
463 165 1
835 108 16
573 186 7
602 191 6
936 843 14
925 536 1
371 573 1
896 907 19
868 297 18
498 67 11
780 818 11
538 318 16
434 891 7
1000 988 16
394 292 13
667 654 16
737 887 8
94 392 11
49 955 10
773 824 6
552 951 17
386 112 4
147 791 15
148 758 20
767 797 18
251 888 6
822 545 1
286 462 14
846 297 19
924 106 13
911 949 6
753 341 11
157 248 9
82 537 11
277 793 19
325 351 10
15 417 15
485 348 5
712 516 11
673 419 18
950 664 20
956 420 14
99 263 15
302 223 17
930 416 14
769 890 8
594 43 2
939 404 5
383 91 17
206 940 15
747 743 16
600 862 4
670 530 16
887 458 16
680 97 2
300 76 5
973 656 18
806 402 13
445 898 1
758 354 9
137 594 8
524 261 10
611 327 18
100 413 7
26 834 10
143 32 16
30 375 20
113 821 14
70 248 3
874 700 19
988 975 3
105 781 4
227 834 12
338 995 18
468 314 16
588 106 3
494 642 12
464 282 14
44 149 9
254 152 17
510 955 11
305 208 13
766 40 14
644 972 7
706 521 9
447 664 5
460 577 13
859 576 19
243 911 14
787 628 18
582 504 13
180 33 4
768 440 7
168 71 4
49 253 5
5 731 18
628 955 2
193 831 17
908 469 19
820 502 6
911 893 6
55 47 13
884 845 1
154 232 5
366 788 14
424 452 15
938 79 13
411 989 5
274 712 20
120 553 1
254 328 5
227 701 19
822 492 2
215 8 4
968 636 10
98 896 18
767 463 11
978 912 10
115 564 4
776 750 7
678 669 10
52 760 10
22 597 11
264 380 17
612 959 1
3 146 2
959 148 18
404 807 11
75 607 4
476 715 8
355 498 19
560 808 15
895 739 17
427 138 13
36 251 4
441 240 11
638 423 18
549 948 15
103 114 1
991 728 3
351 986 2
682 249 4
295 180 11
825 609 20
762 243 1
699 424 16
334 311 15
388 557 10
4 128 11
919 244 13
270 620 2
383 224 3
222 507 14
587 581 13
728 526 15
238 865 4
218 463 7
586 139 4
930 350 15
842 384 20
915 437 17
957 385 12
636 366 7
887 171 10
446 826 8
992 713 12
355 771 18
107 123 11
833 752 16
644 294 10
840 74 2
422 526 20
479 909 9
764 873 4
434 592 12
396 147 13
11 645 12
212 127 9
752 343 17
469 704 17
739 239 13
963 661 10
438 176 6
684 930 8
42 140 19
108 669 9
752 615 18
201 565 3
451 752 6
124 738 16
141 625 2
526 466 12
716 451 9
310 891 17
607 508 19
301 648 14
521 763 9
908 321 14
955 738 20
274 793 18
699 154 6
959 854 3
91 893 7
447 662 2
290 976 9
605 519 15
614 26 8
69 715 14
136 401 17
943 859 14
859 793 11
232 186 10
225 993 3
248 602 15
996 857 19
635 307 17
47 614 10
903 270 14
496 657 2
698 297 7
299 63 8
504 46 14
132 521 6
381 946 10
406 321 8
204 102 16
973 955 2
466 667 6
668 89 15
141 304 7
314 630 10
862 158 20
76 123 4
234 917 4
593 302 1
33 990 4
823 12 13
685 185 16
671 203 6
524 819 13
318 234 8
405 737 2
873 553 11
871 306 2
503 18 12
412 571 7
358 141 19
331 695 11
806 454 5
303 644 2
5 912 15
99 919 1
999 847 8
649 285 9
58 778 5
172 737 8
261 367 6
370 559 15
897 651 8
238 661 15
688 275 16
586 38 13
408 116 14
610 296 15
211 407 9
361 892 17
99 512 11
990 38 10
885 287 1
923 904 10
845 582 9
426 366 14
701 382 14
543 734 7
826 105 13
323 483 5
779 875 6
369 339 16
490 637 3
701 296 8
87 293 4
52 911 19
25 985 1
847 324 10
442 265 2
779 163 1
274 248 19
989 812 1
874 534 15
442 695 9
599 234 3
672 976 2
549 731 1
562 169 5
427 314 11
111 300 19
142 767 19
744 528 14
518 767 18
128 524 10
662 666 5
844 692 19
158 597 20
466 178 8
388 535 8
264 283 8
451 374 8
84 740 6
583 323 2
677 945 9
735 312 3
728 733 19
893 132 4
349 984 12
170 950 3
612 374 6
885 947 14
479 374 7
128 272 8
989 811 12
609 345 3
659 299 14
623 801 7
822 753 9
688 552 4
827 885 16
53 133 11
278 292 6
563 537 2
698 80 2
590 985 9
485 180 11
941 28 13
376 456 19
209 723 2
260 148 2
143 294 7
985 215 10
231 862 8
943 240 5
137 734 18
196 216 16
466 622 20
699 974 9
478 354 1
751 565 12
542 145 18
952 274 17
231 834 17
531 934 6
790 423 15
217 446 12
728 964 2
35 575 17
420 278 17
154 141 20
193 979 7
576 443 7
277 522 5
648 5 4
605 549 7
331 175 18
936 395 19
736 61 16
74 826 18
364 928 17
351 360 1
311 974 16
328 791 2
497 987 12
651 101 2
708 146 4
199 927 2
283 955 20
926 539 5
983 296 6
74 191 19
517 651 4
201 188 3
843 64 11
134 226 8
366 113 12
344 371 20
154 488 5
535 138 5
723 571 19
609 687 6
402 224 16
714 279 9
65 187 16
105 669 10
575 816 16
330 531 3
162 700 2
9 122 10
280 676 12
201 939 20
484 769 7
525 75 14
735 660 2
832 344 16
957 502 1
734 902 13
163 920 15
960 81 2
891 275 9
84 338 17
550 122 19
61 295 12
85 183 5
198 823 1
216 529 20
905 260 9
764 710 14
776 507 5
636 811 9
686 661 19
53 54 3
35 595 2
408 451 14
674 837 17
429 589 15
572 901 1
748 735 16
653 31 17
476 261 17
587 46 3
337 616 10
858 743 8
178 246 17
524 361 17
351 484 4
862 216 9
755 355 12
374 670 3
155 564 13
243 623 12
7 139 5
122 141 10
705 120 8
338 118 2
682 854 17
829 232 8
59 515 4
107 357 16
869 243 4
207 715 8
792 27 11
991 830 18
784 674 9
5 686 3
1 794 16
381 846 10
511 238 9
627 795 20
680 823 18
578 532 15
164 19 8
645 223 1
280 31 17
56 333 14
230 332 20
223 990 1
26 500 4
527 38 5
48 483 2
299 776 9
911 797 13
295 44 4
262 653 4
649 261 6
766 142 14
927 746 2
91 849 14
38 643 4
133 217 19
41 120 10
33 790 10
870 415 7
637 550 1
655 424 1
437 994 5
932 765 16
314 905 14
603 688 18
620 303 8
844 257 5
880 646 16
787 855 17
394 970 14
91 557 12
982 728 17
535 523 8
36 430 7
259 609 9
399 492 7
904 626 5
987 742 2
959 546 9
470 735 6
993 929 11
161 57 18
175 497 2
177 846 8
219 811 19
983 245 20
438 37 9
977 593 5
27 393 6
756 151 4
820 132 14
458 986 1
345 655 7
489 290 2
700 456 12
257 452 11
222 362 11
36 945 10
457 342 3
410 164 11
710 135 15
846 314 1
951 392 16
183 767 4
859 14 14
807 790 8
953 957 3
303 887 15
471 140 18
695 303 3
751 645 3
446 421 7
992 557 6
615 775 20
521 61 14
789 928 4
582 282 3
307 566 11
541 845 16
360 957 7
854 468 6
609 198 18
398 867 19
612 455 14
407 77 3
730 405 17
623 377 10
710 343 19
505 836 1
24 880 4
909 745 13
841 159 5
634 351 16
503 644 12
929 943 16
325 104 5
490 394 9
694 808 10
137 597 1
598 926 8
676 258 20
266 770 14
490 400 4
958 64 10
441 971 5
789 32 2
657 358 3
220 201 8
336 130 1
710 819 6
488 512 11
539 505 20
676 344 12
574 417 6
261 400 7
888 924 3
315 577 11
415 794 7
456 315 20
125 528 15
196 693 9
139 29 12
719 138 19
97 533 20
176 213 7
447 855 13
384 353 18
66 797 4
528 290 13
245 396 9
991 679 15
64 726 15
148 317 15
62 981 9
239 893 11
587 664 4
848 595 8
396 921 13
725 312 17
667 312 3
745 426 16
210 173 5
777 546 2
789 146 6
497 607 11
935 675 16
901 475 17
644 524 16
239 86 1
653 276 12
471 507 8
442 848 6
966 21 19
856 343 12
768 830 13
827 878 18
907 970 13
743 125 2
392 936 15
578 598 5
270 535 7
676 989 3
957 348 8
958 254 1
950 565 6
461 112 7
642 692 1
990 559 14
410 894 7
490 934 7
776 296 17
18 541 5
448 231 1
838 344 5
387 744 7
434 448 14
776 83 15
8 865 15
163 591 18
575 212 1
364 408 2
715 586 15
417 58 9
139 542 7
439 43 1
741 31 12
164 343 19
528 958 4
494 481 7
306 159 13
908 951 17
68 990 4
778 672 8
349 531 13
90 937 20
786 765 10
489 298 18
430 295 1
2 751 18
893 776 2
535 794 4
637 805 13
522 597 12
69 115 1
875 598 5
889 861 12
195 257 13
280 888 3
896 561 4
464 819 13
22 922 15
336 601 14
635 333 5
130 644 5
28 319 16
462 165 16
354 21 17
46 983 16
328 955 12
835 768 14
875 348 6
764 605 20
682 779 14
314 117 18
945 771 1
119 788 10
963 795 12
85 216 12
410 676 8
221 99 7
263 260 20
468 915 13
784 657 10
747 678 10
786 494 18
51 149 2
835 427 17
76 798 18
708 605 8
2 680 1
490 123 8
833 689 5
196 306 18
523 316 11
62 487 15
30 829 11
656 799 1
970 793 5
850 219 18
583 988 15
820 986 2
624 112 16
618 782 8
513 871 8
88 321 11
236 473 13
434 91 12
844 750 9
108 340 6
775 453 3
134 787 14
808 161 11
228 773 14
679 338 8
806 583 14
845 300 15
100 48 16
779 332 16
499 685 8
202 757 19
147 224 7
210 722 12
937 306 8
882 170 11
808 970 17
920 838 9
782 986 6
887 940 7
500 785 1
663 548 17
4 145 10
757 605 10
640 338 13
695 24 9
455 79 2
510 93 12
253 973 8
741 416 17
724 40 10
419 337 4
703 810 19
924 259 16
57 521 1
354 96 7
217 153 18
309 390 9
901 284 12
653 177 18
701 353 6
125 93 14
918 390 18
661 153 12
753 671 12
133 883 3
162 739 1
987 20 2
289 182 15
782 646 1
893 49 10
697 388 9
142 548 11
973 114 20
267 216 8
598 642 3
765 245 15
180 30 4
402 649 5
596 423 9
786 886 4
253 998 10
290 579 18
490 662 12
887 71 8
254 558 12
930 229 15
232 680 9
985 326 10
255 67 6
242 295 11
499 437 18
609 955 5
823 281 5
725 753 6
461 215 4
210 356 18
618 566 7
878 748 5
200 413 3
594 438 16
916 412 3
263 816 1
334 659 12
253 272 2
787 452 5
985 15 2
503 471 20
159 203 1
700 113 13
426 233 6
588 271 1
391 810 5
730 768 20
466 11 3
429 225 6
960 459 17
884 179 20
430 351 20
438 707 1
454 653 14
165 555 11
158 536 9
588 585 16
988 872 15
9 664 20
660 815 4
675 572 11
849 594 8
906 778 18
744 210 20
632 149 13
739 479 3
258 455 14
67 101 8
246 192 5
707 570 15
39 468 13
75 956 8
383 495 5
380 651 4
884 698 9
35 203 2
65 537 6
904 708 5
634 868 4
195 606 16
557 455 10
649 486 6
913 127 12
629 934 18
364 352 11
92 388 6
750 857 6
286 230 20
291 56 4
990 216 9
626 102 14
609 206 20
337 166 6
426 518 17
127 981 11
148 666 14
377 724 14
856 482 11
398 273 2
865 560 11
99 539 6
279 910 3
248 917 4
22 534 2
142 835 1
674 753 1
866 467 12
773 829 10
418 492 3
746 467 16
378 236 1
731 530 4
989 168 6
781 247 4
160 975 17
37 476 10
297 803 12
915 364 19
174 780 10
884 445 11
553 589 4
680 276 2
116 359 11
302 509 4
414 380 12
964 768 18
283 746 16
876 76 16
194 310 4
751 578 16
766 528 17
513 22 14
643 763 6
394 295 12
998 419 1
790 869 20
729 496 5
745 704 12
880 72 18
127 504 15
815 227 10
198 660 10
941 834 9
145 325 4
580 928 5
978 917 6
501 721 3
152 330 8
34 471 13
610 625 18
2 911 16
668 335 10
677 953 6
114 49 20
112 288 11
21 147 10
325 58 6
991 112 3
68 519 1
645 333 6
557 463 8
471 850 6
293 743 8
160 301 11
803 76 20
322 846 9
11 545 7
850 155 19
662 867 18
248 702 17
357 905 10
309 901 13
91 585 6
172 723 15
555 504 6
128 30 19
426 564 5
549 723 14
93 500 2
722 978 3
243 453 4
928 301 5
289 35 6
467 535 19
676 956 9
780 981 11
678 184 14
883 112 18
610 689 5
798 632 16
174 996 8
273 890 9
483 81 10
591 272 7
704 661 13
139 964 11
444 474 5
887 935 6
737 92 9
68 255 8
32 742 12
547 338 8
573 922 20
954 677 15
384 254 8
177 137 18
963 801 18
221 869 20
101 863 12
696 903 1
508 867 5
19 978 11
974 21 14
899 655 15
854 747 10
383 983 14
710 325 2
758 27 2
386 490 10
158 487 6
461 396 8
628 983 8
370 657 11
735 550 5
153 464 2
875 875 10
23 173 18
416 354 16
280 191 15
18 805 18
562 979 3
674 824 5
285 588 11
154 510 20
290 261 11
133 822 2
424 466 9
673 270 20
80 191 6
43 544 7
149 663 15
888 115 2
464 634 6
384 943 18
45 509 1
74 968 8
359 316 17
927 843 20
659 540 8
726 963 16
985 332 17
306 729 18
664 761 8
638 78 19
768 141 3
759 291 9
248 994 13
225 204 2
17 333 12
956 133 15
611 561 15
163 376 19
478 201 7
896 839 10
187 285 15
402 356 3
708 444 18
870 342 17
439 65 11
463 913 9
508 645 8
366 888 19
177 787 13
822 365 5
469 514 2
858 20 6
823 732 11
591 399 19
761 474 12
932 721 13
182 144 20
461 707 10
30 878 4
787 408 20
243 580 18
386 899 18
183 299 8
992 882 4
834 228 10
275 725 11
40 361 6
729 327 4
855 911 18
543 524 16
372 830 20
605 586 19
725 499 2
89 764 8
688 457 7
148 983 20
940 945 10
83 830 1
113 6 10
46 192 20
919 664 9
238 446 12
340 43 9
751 828 19
337 980 15
300 848 8
606 142 13
714 5 9
339 812 7
188 70 16
449 790 13
780 379 17
908 644 7
861 860 14
812 41 17
341 569 19
356 348 19
947 320 12
178 748 16
23 446 15
505 798 20
75 625 16
163 580 13
984 131 14
766 581 6
975 450 18
743 82 1
842 572 6
53 526 7
504 812 4
606 818 11
341 809 19
544 19 20
929 279 20
676 966 18
986 169 3
865 882 4
1 394 3
724 801 7
67 454 8
968 15 16
781 210 8
639 782 18
243 237 18
740 404 10
4 366 13
497 397 16
906 277 10
36 983 8
887 336 19
604 616 7
35 685 10
82 714 2
958 506 6
912 472 14
319 263 9
746 112 15
370 339 15
542 759 8
823 823 17
83 146 11
345 866 2
972 485 4
848 104 15
61 658 15
361 902 18
815 910 13
348 195 13
585 308 9
718 77 6
682 253 12
346 605 2
76 359 8
673 355 2
543 360 11
144 62 7
383 967 11
480 581 3
350 19 15
959 990 10
100 777 10
22 774 4
611 70 14
215 36 4
90 939 2
791 712 7
361 832 20
500 211 16
28 118 13
729 874 19
482 340 7
122 798 5
493 967 3
765 231 12
19 252 9
35 152 12
107 155 14
493 957 13
93 305 18
838 446 14
618 626 12
528 635 12
68 29 14
528 111 16
898 326 19
32 642 16
631 240 20
915 269 10
413 250 2
281 604 18
585 994 13
65 330 17
692 982 1
535 473 2
160 569 2
555 850 10
963 764 12
639 328 10
641 378 4
669 265 12
34 308 16
803 279 14
38 185 9
922 742 19
456 903 4
253 755 5
560 744 13
67 35 1
905 872 17
60 195 16
958 429 17
404 550 14
531 314 15
614 216 12
30 132 15
454 165 15
857 135 14
539 550 16
174 949 20
228 723 15
403 1 12
106 544 13
642 798 20
818 389 12
782 578 7
64 751 11
838 483 4
310 874 4
614 403 1
563 641 20
64 255 8
323 426 18
898 954 6
859 789 11
917 310 12
361 654 8
796 92 9
666 144 20
878 912 17
129 514 6
874 939 1
823 515 1
94 183 11
681 41 11
865 925 1
73 299 20
918 215 1
841 756 20
568 800 3
856 128 17
507 794 1
787 219 7
998 587 17
810 192 9
342 395 10
941 530 12
904 244 11
58 637 1
784 298 20
380 105 1
714 241 14
445 217 17
577 519 9
298 424 12
318 691 17
423 422 13
873 636 5
512 305 14
487 485 14
848 866 3
144 57 9
328 255 1
80 926 10
31 703 1
709 450 8
961 372 3
708 177 11
785 482 8
55 921 20
728 650 16
798 108 14
470 983 7
969 345 4
928 604 16
305 363 17
569 375 12
926 36 19
623 72 16
342 228 10
869 449 2
566 829 17
551 942 20
319 36 7
178 302 6
539 390 14
768 555 13
248 586 5
41 753 11
998 289 14
728 682 17
227 209 7
318 546 16
588 571 4
943 538 20
584 837 10
694 778 3
798 980 18
650 181 15
814 383 12
773 656 2
73 374 2
485 967 9
147 72 19
433 577 8
955 447 7
29 378 14
944 644 15
827 204 17
546 375 9
83 769 17
658 961 19
944 918 11
513 180 8
522 244 2
763 999 20
18 429 5
152 156 18
597 389 17
369 728 10
667 139 12
478 901 15
404 266 2
373 227 14
754 951 1
860 543 6
537 77 9
837 699 16
456 316 2
544 763 19
715 777 18
53 72 15
333 438 6
813 93 13
591 775 18
492 83 20
51 939 7
365 519 16
205 942 13
639 375 18
145 184 10
224 460 2
247 851 10
675 314 13
198 171 12
135 267 9
476 617 10
737 284 8
654 788 18
901 35 16
499 969 11
35 395 15
506 546 5
264 98 5
366 65 17
925 584 5
487 597 4
877 866 3
539 408 9
120 316 15
478 225 8
461 690 3
977 670 6
126 836 13
697 729 4
402 73 13
757 902 17
645 730 13
411 635 14
329 500 7
777 681 13
584 860 1
779 952 17
973 324 12
185 659 14
974 518 10
718 985 5
811 996 2
673 475 9
122 695 11
748 468 9
632 801 17
523 963 1
574 480 10
752 330 7
340 457 7
851 184 10
586 147 15
625 854 13
65 375 10
606 870 1
665 219 6
588 54 15
234 569 3
440 313 8
47 25 2
797 202 12
392 598 16
875 331 3
484 991 4
168 118 12
549 97 11
376 41 18
810 600 1
587 925 18
920 976 8
263 523 7
919 506 18
431 983 20
149 820 8
70 879 18
296 176 15
883 138 11
149 842 14
361 645 6
897 650 13
939 344 10
992 485 17
109 215 15
117 584 20
843 954 5
691 993 9
745 832 9
530 501 14
341 678 5
564 137 1
153 498 3
401 583 8
488 401 3
648 519 10
402 212 5
317 965 6
78 413 7
522 345 2
102 671 7
910 19 1
48 644 4
379 158 4
997 629 13
483 305 20
660 890 9
267 268 7
201 397 7
82 691 13
976 781 2
892 111 12
925 10 12
203 372 2
872 477 7
569 822 1
941 473 1
518 579 13
405 204 20
487 368 6
159 734 14
461 42 13
898 699 7
903 351 2
543 699 13
415 750 10
924 775 17
17 240 18
717 92 16
705 183 19
732 5 14
262 617 6
420 834 1
881 431 20
989 96 18
165 194 15
898 30 3
914 475 20
643 226 3
689 157 1
428 68 14
359 78 13
840 664 19
899 127 12
489 328 1
293 997 10
725 408 5
935 974 3
111 804 14
978 644 20
983 119 5
141 423 8
164 185 1
707 230 1
124 525 17
30 654 20
737 528 1
864 771 9
354 831 17
399 287 13
826 214 17
703 478 7
679 389 16
260 563 19
804 741 7
764 831 8
916 153 5
396 201 11
684 12 8
408 379 8
779 727 11
230 335 11
806 186 8
24 111 10
25 299 8
879 832 11
23 15 20
492 827 13
80 171 6
629 11 3
857 431 11
427 656 11
961 356 15
121 137 4
239 875 12
923 742 20
761 910 8
862 182 12
202 756 6
580 256 8
264 254 20
761 124 2
732 365 20
323 965 9
474 231 18
11 343 9
252 719 11
844 960 3
469 56 3
768 303 19
368 347 16
374 794 17
79 519 15
167 859 16
517 207 14
481 308 4
71 912 15
923 607 3
184 985 5
859 312 9
317 324 8
651 55 20
912 452 4
114 504 16
30 914 17
128 693 14
595 181 12
261 884 14
86 976 17
546 405 18
713 589 2
243 370 3
471 805 13
931 573 1
366 522 7
680 990 6
204 906 16
650 701 2
301 458 18
109 979 12
94 438 13
807 579 1
934 117 19
57 964 9
32 373 5
351 439 7
771 367 6
586 140 1
585 978 13
429 954 19
918 72 12
293 338 1
112 127 3
971 366 2
181 428 20
373 853 7
846 407 11
972 642 3
446 263 3
229 372 8
727 174 8
842 241 13
330 500 7
459 398 18
112 215 4
632 8 11
482 723 7
376 518 8
631 288 19
192 67 9
406 129 15
594 624 1
142 322 13
473 215 17
722 30 13
690 346 14
864 300 19
527 166 10
730 120 18
342 117 8
272 660 7
360 402 1
996 682 4
385 753 9
707 411 10
449 364 11
351 731 8
311 84 2
129 962 10
187 317 3
379 844 5
223 30 2
422 133 13
338 678 7
544 97 2
293 727 18
372 521 5
31 138 14
943 712 3
132 634 4
494 46 6
85 530 14
214 452 1
872 654 18
643 787 7
275 2 18
886 845 17
417 331 6
857 735 14
933 592 13
776 56 20
637 767 9
575 357 6
646 999 13
357 696 16
763 357 18
131 497 19
959 157 5
80 784 4
448 54 4
243 402 5
477 798 16
269 538 15
510 448 2
522 732 19
581 721 1
676 260 2
56 472 7
354 310 13
750 967 5
34 665 2
253 292 14
195 586 11
645 306 7
967 937 2
392 276 2
601 649 6
968 850 6
863 835 8
866 497 1
792 179 12
562 943 18
984 936 6
589 201 7
515 864 19
698 394 6
446 725 12
489 395 5
381 352 20
246 876 2
690 50 20
320 540 11
204 349 5
338 136 6
539 192 5
985 711 18
397 375 4
524 740 11
621 141 13
50 336 15
736 722 10
446 325 3
180 510 1
581 726 6
571 657 9
957 522 9
465 822 15
223 387 11
972 610 17
134 983 10
968 119 19
365 823 3
720 542 12
888 887 3
890 251 10
157 588 17
999 845 1
683 352 17
86 639 7
158 896 2
38 759 7
803 706 10
417 508 19
170 126 12
905 675 16
533 296 6
917 122 15
139 298 18
274 60 2
583 865 17
772 849 7
201 435 16
743 746 9
346 2 15
243 866 20
327 612 10
203 550 1
458 923 6
869 996 14
260 905 1
308 9 8
160 955 19
533 82 1
35 535 8
480 410 15
899 894 3
851 602 7
170 995 4
246 170 2
474 902 11
146 301 15
270 922 6
419 627 17
3 979 4
144 510 3
335 721 14
354 611 14
761 701 2
481 524 8
738 697 3
612 205 20
787 642 20
141 144 18
894 309 7
971 927 18
599 1 20
99 166 13
208 364 19
681 357 20
469 597 3
818 825 2
873 235 16
77 966 6
516 113 3
998 85 6
642 1 15
369 718 7
518 815 11
64 402 17
334 166 4
552 842 18
993 687 14
119 254 19
104 134 19
555 792 9
803 179 11
762 12 19
210 685 2
204 271 18
773 338 17
27 976 3
668 409 2
723 124 9
970 237 7
592 3 20
403 473 5
295 824 1
455 216 1
756 293 3
637 181 10
688 642 7
858 754 19
558 530 7
698 483 12
740 509 1
158 742 17
935 700 8
999 878 8
810 559 8
517 858 4
855 386 20
94 796 5
38 49 11
536 314 1
681 528 1
153 655 2
528 961 20
42 209 5
455 969 9
793 912 19
754 860 15
310 1000 1
437 502 7
914 673 11
309 325 4
396 796 13
324 394 4
980 586 7
236 891 12
687 882 1
988 295 4
472 575 19
649 846 10
66 964 14
660 819 18
915 829 10
175 499 13
839 245 4
300 237 7
412 709 1
792 474 14
458 62 18
924 272 18
948 925 20
194 628 12
811 202 10
463 450 6
63 296 2
727 983 7
27 69 4
99 910 12
981 260 18
147 974 10
447 669 1
961 202 1
373 198 10
694 951 16
672 254 11
537 891 14
354 658 15
848 498 8
341 149 16
67 652 13
688 480 14
171 776 12
326 255 13
754 759 4
288 566 13
385 859 7
159 418 2
792 866 2
831 376 5
795 727 8
49 621 3
720 387 2
373 592 6
411 237 17
78 231 18
517 431 20
376 513 12
474 531 19
815 578 17
376 400 8
340 563 9
926 15 6
630 179 15
235 778 5
128 667 18
611 944 4
641 736 7
186 347 1
635 871 17
921 28 14
740 504 5
184 404 3
236 711 10
192 741 13
862 350 13
255 340 16
716 290 16
400 23 4
206 827 14
252 430 10
188 412 20
313 703 4
892 730 19
16 890 13
847 269 10
465 725 9
517 330 11
142 619 10
344 42 18
449 84 4
221 13 9
94 310 17
935 504 19
944 197 1
967 877 10
262 215 2
957 473 2
845 953 17
713 223 20
856 126 8
461 774 4
949 970 19
846 528 19
278 14 2
129 551 4
576 257 16
18 559 1
342 76 7
691 349 12
859 419 11
253 106 16
1000 746 2
845 714 8
677 679 5
440 726 16
10 51 8
417 471 9
214 42 6
60 605 3
890 256 11
857 122 8
925 326 11
109 18 2
830 149 13
488 809 16
103 954 15
545 94 13
556 587 12
382 867 6
731 391 7
795 734 7
71 616 11
338 200 6
83 787 15
737 719 5
244 673 11
942 50 11
820 99 5
530 995 1
819 831 1
133 978 4
522 977 17
916 776 9
393 786 12
693 576 11
236 323 1
453 142 18
673 227 1
675 308 18
531 607 11
945 717 14
305 66 6
92 367 7
817 329 14
763 854 15
645 888 11
947 148 13
488 417 3
308 570 20
694 340 13
54 701 19
630 797 19
248 277 20
153 533 4
760 484 18
103 523 13
717 387 18
530 773 6
580 179 2
734 490 2
440 98 9
613 748 16
929 894 13
357 837 13
662 703 4
687 450 11
495 120 13
919 39 4
958 965 9
557 689 4
980 21 16
642 752 17
696 520 8
794 884 15
655 486 5
487 159 2
943 408 9
593 698 18
984 735 18
222 132 18
825 419 18
447 246 4
879 275 7
289 231 17
602 779 7
990 922 7
555 320 7
310 37 12
120 749 4
20 43 13
350 29 10
871 833 6
902 76 6
294 942 10
374 864 2
251 814 18
719 893 13
72 890 5
402 299 20
939 734 20
756 413 6
472 100 16
199 580 8
773 511 20
638 756 1
558 737 15
143 360 11
726 1 8
646 922 4
324 587 11
875 40 20
671 414 13
680 3 11
501 881 9
702 975 12
10 534 17
640 69 14
668 831 3
587 598 20
373 284 9
814 70 12
216 178 2
163 519 20
978 513 13
646 835 18
655 208 19
348 142 19
571 70 6
501 694 20
825 203 17
291 588 5
786 354 13
503 22 10
447 508 11
963 898 10
47 707 6
246 872 20
281 682 7
268 757 11
63 497 18
454 184 8
141 379 14
140 526 6
350 314 6
738 974 8
795 158 8
27 58 2
849 862 1
212 816 11
748 633 7
553 246 19
357 312 3
389 333 19
188 593 16
170 368 16
604 278 7
738 740 8
478 768 13
115 285 19
932 437 10
944 811 7
890 115 3
617 603 16
767 171 17
955 612 19
594 931 19
224 745 19
485 360 14
75 142 8
269 866 15
926 850 11
64 517 9
35 291 16
507 122 18
131 665 8
627 432 7
752 462 14
676 781 12
292 461 9
572 462 14
146 991 3
916 466 18
591 171 10
104 430 13
791 324 14
657 767 19
658 84 10
626 455 20
343 311 9
233 827 15
434 937 1
650 925 19
251 142 9
626 982 7
871 209 14
620 865 16
923 707 2
629 301 5
140 686 2
332 233 15
658 295 12
132 887 3
198 415 12
469 540 3
821 815 2
60 219 7
986 589 20
650 702 5
498 988 15
718 965 5
561 299 18
313 623 18
145 964 2
9 357 14
897 192 20
83 955 12
329 85 12
9 750 2
350 152 17
622 719 15
569 624 19
511 911 20
536 267 1
666 98 20
95 995 4
912 963 16
362 808 7
646 755 19
232 531 12
158 259 4
745 985 8
310 394 9
57 161 5
513 529 12
729 397 9
212 820 17
474 120 10
983 42 19
197 198 7
824 572 8
304 263 18
4 752 2
553 106 8
84 565 10
282 303 16
368 899 6
885 282 4
886 743 17
213 825 5
217 233 10
521 286 17
478 95 10
974 435 13
482 739 17
750 518 7
416 75 1
153 791 13
149 536 6
984 707 7
278 241 4
504 668 1
539 874 3
675 530 20
892 653 20
29 622 9
575 154 20
401 345 16
120 891 9
3 12 20
670 238 13
462 333 6
83 661 6
282 232 14
394 670 19
564 66 19
127 837 20
917 938 19
616 561 15
932 717 18
416 301 3
985 202 20
625 16 13
474 492 16
839 933 10
550 965 3
887 588 20
849 715 10
914 788 3
311 219 4
684 590 6
638 837 20
367 722 7
920 382 15
27 831 4
217 665 17
453 97 12
98 326 7
877 163 1
68 369 6
134 137 17
936 637 8
659 579 14
303 406 19
332 128 1
465 532 20
113 688 11
819 521 6
96 210 3
590 26 19
43 819 2
97 634 13
632 124 3
320 588 14
970 186 5
502 250 12
263 945 16
715 677 10
628 612 7
234 535 17
455 196 5
783 505 2
438 242 15
884 51 6
80 892 15
693 204 18
330 60 15
721 10 9
781 686 16
215 850 2
883 685 16
111 839 1
135 958 8
65 227 5
605 180 5
448 946 10
572 12 8
375 5 7
782 957 8
862 833 14
6 182 6
490 984 4
534 827 15
474 133 18
720 182 12
374 314 8
234 122 7
881 936 1
292 756 19
47 690 20
237 518 11
955 216 9
505 91 8
803 295 6
14 786 6
217 439 1
306 712 2
278 389 14
965 550 3
269 567 11
571 355 12
65 923 3
367 504 18
332 824 3
590 174 16
410 459 18
413 524 14
122 712 1
971 137 20
977 64 2
385 307 12
145 926 9
286 944 1
473 605 11
48 236 17
325 969 18
993 953 4
861 573 18
621 685 20
299 271 1
304 505 11
736 647 1
833 804 16
489 226 3
562 909 3
369 221 15
701 777 20
772 319 12
754 458 17
577 689 8
587 832 16
464 996 3
511 221 13
320 287 14
965 929 12
433 487 19
922 307 11
821 678 1
688 138 8
817 228 19
639 262 2
647 546 18
182 235 4
491 39 8
531 67 9
94 332 9
751 65 17
121 482 13
339 520 17
26 986 2
36 961 6
101 420 18
929 202 8
776 740 18
607 578 14
653 829 4
819 689 20
632 390 14
153 493 12
915 782 2
101 994 4
835 488 13
125 56 18
765 163 15
201 28 18
872 120 13
247 627 2
567 320 6
126 548 18
159 711 13
369 292 4
609 480 14
217 305 15
98 730 18
415 578 18
138 78 20
918 480 17
656 507 19
940 501 4
715 622 12
717 750 11
614 413 9
494 12 11
876 227 8
306 999 7
301 838 1
544 262 9
340 857 17
121 345 17
231 611 18
38 923 8
808 951 1
805 194 18
317 228 6
959 391 17
56 643 7
162 544 9
944 358 14
802 389 19
548 235 16
732 430 5
531 927 19
222 769 2
514 321 5
236 884 3
49 283 10
181 144 4
746 416 12
688 38 17
853 588 12
12 695 3
35 257 8
860 707 10
219 227 18
250 778 6
125 677 11
588 772 10
72 684 19
369 185 19
186 962 9
110 951 10
864 738 5
780 908 19
359 839 20
319 870 5
394 442 4
725 347 17
617 575 12
981 481 12
205 392 9
934 114 18
103 374 19
351 374 7
462 583 4
380 327 20
837 517 17
422 954 5
730 61 1
259 475 9
346 283 8
191 962 16
494 127 20
821 174 4
852 369 12
700 389 19
95 283 7
576 673 5
445 658 11
392 375 7
453 524 5
25 843 13
962 440 5
103 285 14
603 352 3
619 129 10
8 9 3
566 589 18
315 143 7
382 823 1
963 205 17
756 715 9
430 530 8
390 577 11
536 920 1
540 206 12
402 974 4
107 122 9
215 828 6
976 681 15
917 130 6
436 249 7
124 705 19
318 310 7
221 723 6
224 142 5
128 352 20
326 548 8
987 919 12
944 595 17
163 978 7
719 305 15
908 12 13
411 861 20
296 30 6
634 108 1
542 684 4
339 257 20
613 764 19
953 847 15
22 34 17
52 451 10
876 522 7
949 244 5
838 470 3
49 167 13
609 5 14
141 32 15
562 400 6
832 602 12
977 298 19
376 372 10
535 521 19
229 265 17
83 595 6
396 646 13
252 811 6
526 917 9
86 105 11
425 546 15
185 932 10
985 615 9
828 418 20
455 713 10
957 370 18
354 15 10
679 625 11
115 797 10
122 960 8
116 352 6
749 976 2
441 809 6
293 685 13
83 777 6
804 109 7
553 795 17
328 374 13
983 94 9
716 993 5
271 568 16
69 612 11
828 415 16
209 862 19
824 373 17
156 435 4
98 136 4
537 570 8
406 975 10
260 239 20
262 316 13
11 925 1
895 549 19
273 300 3
200 743 13
75 547 13
734 138 15
493 695 5
743 104 12
839 264 10
411 763 18
530 393 15
512 838 13
585 768 19
542 815 17
379 223 12
279 585 14
466 493 6
733 649 4
766 585 18
829 653 11
705 494 15
2 658 12
555 379 4
113 542 8
299 212 1
194 961 20
293 636 8
813 990 6
500 750 10
868 548 12
99 828 5
251 272 9
985 552 3
825 574 20
868 941 7
8 805 8
923 893 4
91 242 8
30 702 7
433 403 14
733 829 11
647 337 11
179 602 1
299 64 10
405 784 20
173 554 9
87 693 8
895 384 6
435 852 18
686 415 19
871 872 19
904 105 1
758 759 2
657 382 11
126 973 2
52 856 12
576 95 8
770 987 19
375 832 16
137 639 1
410 200 5
850 652 19
816 492 14
807 143 14
419 508 13
179 946 14
173 132 3
932 734 2
972 342 17
226 810 13
18 814 16
837 285 16
327 815 11
232 16 3
165 697 20
361 766 8
682 582 6
887 723 5
26 807 9
302 559 13
440 774 20
964 364 3
595 104 15
837 709 8
960 65 19
5 623 14
58 645 9
555 374 17
409 794 10
900 21 14
166 147 9
58 232 8
33 121 14
86 84 7
760 57 3
900 712 7
666 969 13
564 495 17
266 366 2
687 551 16
880 364 3
616 279 16
425 17 18
337 518 3
827 165 7
89 632 1
477 823 7
111 373 20
369 56 17
703 56 3
155 595 17
218 834 4
84 407 17
399 966 14
488 132 20
427 214 16
310 267 9
57 64 4
805 202 10
179 723 13
125 750 11
688 73 14
923 722 13
424 249 20
352 316 11
578 307 17
6 967 11
26 61 8
673 397 6
222 504 11
30 955 10
941 612 3
506 974 8
598 53 13
919 584 2
230 463 12
844 222 18
389 126 14
947 974 16
755 378 17
275 811 13
338 693 7
176 949 17
243 170 5
557 953 18
189 233 13
341 47 8
673 935 10
246 421 12
743 236 1
916 174 5
497 677 7
681 887 4
135 547 6
73 377 8
213 944 19
422 735 12
755 830 9
52 971 13
305 225 19
516 874 8
983 992 5
46 504 9
995 677 2
500 26 18
189 315 14
883 648 10
610 313 20
596 750 8
603 141 19
512 256 16
239 317 17
202 948 12
947 854 16
975 4 12
896 336 5
293 622 13
239 409 19
462 756 17
956 536 13
449 947 18
213 981 12
375 667 13
540 276 11
262 829 1
678 158 10
587 189 20
86 755 12
319 1 8
348 927 13
341 985 17
727 678 20
237 825 15
852 560 10
105 818 19
171 752 11
629 842 3
528 936 5
6 57 14
296 244 18
819 320 16
959 898 1
405 301 20
641 81 3
797 972 9
463 631 19
991 235 9
748 69 6
926 17 4
318 798 5
894 684 1
908 494 17
176 869 13
647 856 8
736 579 6
461 79 3
639 592 20
578 613 4
702 653 18
759 254 3
258 40 6
274 524 1
48 788 1
917 25 4
855 249 5
556 555 2
781 927 4
295 5 2
618 317 18
968 710 4
809 250 7
187 218 10
528 378 11
389 940 19
151 429 7
214 408 13
239 155 5
333 365 15
240 60 18
278 139 14
658 485 9
399 311 15
656 872 17
553 479 19
610 912 6
879 113 16
661 912 5
241 6 10
517 401 17
470 487 15
756 289 15
572 923 7
924 73 1
119 566 4
346 331 2
1 849 18
272 494 15
909 536 3
544 822 12
488 925 1
377 368 18
23 596 14
6 794 4
300 41 14
521 141 16
115 121 12
254 582 4
247 473 13
923 317 16
719 155 2
38 315 8
116 913 14
273 752 4
391 16 6
299 430 9
807 487 2
554 868 7
881 196 16
695 640 17
915 160 7
167 703 3
289 704 8
173 464 11
442 315 10
408 150 8
832 710 17
729 268 19
247 607 13
881 363 20
369 595 4
253 233 19
860 649 12
744 546 9
612 479 10
596 401 11
911 867 15
667 956 12
317 552 2
254 492 18
5 910 8
161 904 12
357 736 11
422 180 6
188 111 18
669 809 16
80 370 4
465 787 9
932 917 18
991 394 1
176 578 9
197 728 5
864 379 20
689 517 20
23 184 9
300 21 11
97 249 3
530 925 4
981 29 7
614 399 10
391 960 8
872 534 8
553 412 8
627 780 12
461 458 16
359 82 14
549 419 4
252 237 8
531 705 1
840 534 13
544 317 11
399 429 2
944 347 6
352 536 15
371 64 14
405 187 14
746 413 3
775 311 12
67 50 10
228 956 13
45 428 2
776 176 8
159 674 13
903 375 1
779 208 5
217 992 8
968 757 4
864 139 8
358 10 1
770 17 13
20 541 19
582 140 18
271 246 11
108 627 4
480 468 4
386 114 20
516 214 10
986 416 8
307 727 4
52 905 16
147 958 19
896 676 13
831 292 6
177 643 15
537 84 16
526 835 16
146 205 7
21 532 17
241 800 14
707 596 11
166 659 10
503 161 16
791 965 15
433 774 18
217 453 12
272 446 4
637 487 6
688 606 9
120 598 13
176 899 13
766 369 19
913 372 12
70 220 6
4 202 12
82 193 4
317 451 10
313 902 14
700 148 8
598 627 18
571 192 6
78 929 14
12 95 8
1000 732 13
662 92 19
720 654 15
140 886 17
673 724 14
866 270 16
991 132 4
233 482 16
643 358 17
85 601 19
132 801 5
589 494 1
546 366 15
991 463 18
144 992 18
161 376 17
357 969 7
618 184 7
122 38 5
534 259 7
873 315 12
220 753 6
122 424 5
174 467 19
938 736 5
745 519 9
768 933 7
1 445 19
530 338 9
839 22 17
739 615 19
207 430 14
51 528 2
608 707 7
877 364 11
389 571 7
531 484 15
544 139 9
274 71 15
54 686 3
12 767 1
506 527 1
992 837 1
527 101 16
518 668 1
125 184 17
707 84 12
811 832 13
56 745 16
671 854 19
639 236 13
284 486 3
992 389 11
634 301 6
881 756 3
181 446 2
682 229 11
578 804 15
528 487 1
79 703 12
124 686 10
752 367 12
612 689 17
636 866 19
255 252 4
770 709 7
182 210 10
75 961 15
340 437 1
337 912 20
332 3 1
39 92 10
730 336 5
476 904 16
920 555 4
878 112 2
111 351 13
738 673 15
145 909 9
158 696 17
14 373 8
89 353 13
733 349 7
921 309 15
312 740 8
586 730 12
168 680 9
493 422 9
699 685 15
504 175 13
410 54 11
745 805 16
257 246 4
523 51 15
230 487 5
955 265 4
982 845 7
489 850 17
883 388 1
409 912 11
165 156 13
392 902 9
725 969 12
268 117 18
982 500 11
803 677 18
218 199 17
917 591 19
428 890 15
242 869 14
675 557 7
716 859 1
328 578 1
203 892 7
83 893 10
417 951 5
659 216 2
75 628 13
235 346 17
76 511 19
124 386 14
591 858 6
384 533 12
761 414 4
741 533 12
897 89 11
366 344 14
914 728 14
179 826 17
734 323 2
897 567 3
145 67 20
983 630 20
109 910 7
821 661 11
985 586 18
645 118 11
590 133 19
247 190 3
335 730 1
248 832 20
200 242 14
9 742 1
302 102 7
92 319 1
252 838 8
946 837 11
493 623 11
623 87 5
396 642 10
694 636 14
765 915 5
955 239 3
336 560 15
219 901 5
752 47 13
400 924 11
335 48 14
181 923 11
461 855 4
299 317 2
433 822 2
317 834 7
806 95 18
276 609 17
592 717 15
287 1000 10
517 261 11
902 242 17
624 866 15
877 616 10
610 286 12
79 296 19
969 148 10
835 703 15
33 483 17
221 494 20
924 352 17
519 404 15
979 686 16
944 589 15
274 926 4
413 770 7
266 859 3
193 319 1
27 145 3
95 5 17
730 27 13
975 445 6
19 69 6
457 451 17
681 786 3
805 761 18
959 349 4
382 814 9
92 770 1
493 337 13
744 327 5
761 97 14
527 29 6
177 953 20
755 35 19
103 656 18
904 386 2
40 630 19
928 239 17
92 452 18
825 484 7
726 303 9
67 704 17
72 440 1
432 379 3
528 328 14
782 301 18
161 48 9
349 974 8
588 131 11
444 583 7
554 728 7
833 559 18
120 498 7
23 308 14
872 64 17
414 172 19
397 147 10
227 835 4
309 787 14
238 674 8
76 626 10
710 648 3
737 493 17
764 393 7
297 385 19
697 377 19
909 243 16
683 757 8
601 845 8
83 60 16
687 405 19
540 633 8
235 947 2
456 897 1
185 558 12
934 328 6
329 420 10
660 49 12
742 571 3
561 97 5
24 208 1
291 13 17
607 201 19
550 838 20
691 765 11
279 197 16
796 183 11
825 250 9
684 939 12
504 413 14
254 239 19
223 913 6
605 808 4
258 124 13
329 447 20
600 518 4
81 334 16
940 754 2
574 129 1
847 927 11
501 526 12
417 640 16
999 633 8
926 604 4
329 114 14
888 985 7
354 649 1
353 386 5
721 694 3
133 502 10
693 670 14
680 178 10
145 717 18
374 893 8
398 475 12
296 450 19
463 396 13
674 15 9
55 549 13
489 312 9
420 344 10
343 259 17
104 388 16
840 105 4
480 895 17
319 182 12
372 695 18
30 802 15
776 733 3
406 918 11
47 766 5
53 452 2
728 224 17
65 332 14
340 809 18
906 251 17
753 293 17
517 402 19
13 398 4
395 767 2
899 442 18
617 881 19
159 905 17
112 681 8
908 251 11
156 643 3
960 590 5
827 713 16
711 546 7
808 599 18
848 919 3
363 820 14
74 800 2
937 552 4
628 491 19
187 844 8
560 307 12
624 456 17
671 76 1
912 458 4
809 665 18
190 176 18
306 866 7
314 558 8
112 636 6
795 297 16
736 935 8
204 689 11
248 770 19
438 917 19
362 191 8
627 586 10
277 485 10
675 601 3
376 641 17
586 836 17
696 439 7
366 918 8
974 535 1
507 648 4
359 866 20
330 335 1
24 507 3
858 865 14
132 428 18
339 259 12
803 745 6
869 412 3
377 358 10
405 82 3
400 226 17
546 203 15
799 158 4
214 26 20
732 399 18
291 830 10
744 488 7
808 350 18
701 801 17
978 856 15
920 784 3
569 210 18
542 251 14
542 288 4
46 594 13
840 332 16
837 802 3
983 741 17
728 121 9
285 206 4
112 831 6
474 743 16
78 882 8
539 853 17
651 431 16
993 803 16
305 151 6
388 51 13
933 543 19
158 586 4
492 487 7
439 86 9
531 883 6
591 781 9
993 230 13
713 265 1
681 13 15
269 431 11
339 311 8
602 257 10
785 837 17
472 932 7
180 305 17
353 253 3
926 683 11
268 812 3
446 168 12
891 785 12
280 50 20
928 945 8
482 289 16
600 199 6
986 275 14
877 894 1
818 21 6
574 107 8
236 188 10
917 656 16
742 966 13
190 459 16
949 13 6
182 547 5
461 975 12
158 886 20
349 597 18
71 732 14
798 539 19
152 463 1
290 350 14
296 720 20
784 188 20
460 128 8
157 136 19
522 587 12
720 158 17
581 948 7
339 398 12
426 364 8
498 984 18
315 505 14
429 322 15
761 109 20
69 771 11
824 430 3
969 160 11
525 463 11
344 114 18
829 268 14
747 150 9
407 655 11
231 234 17
573 251 20
121 853 5
767 817 1
560 677 11
586 842 3
515 340 20
532 340 11
339 260 15
730 305 17
1000 431 18
751 859 18
221 243 2
931 716 6
547 241 6
342 907 13
423 791 19
217 768 17
542 384 2
402 117 16
158 643 2
533 746 14
84 175 11
513 187 16
24 921 8
259 545 3
938 183 7
565 197 16
310 992 16
15 278 5
297 332 4
3 971 14
371 653 14
721 140 12
680 602 18
25 265 20
504 962 19
575 998 14
858 280 11
279 656 9
983 664 4
300 970 18
563 418 12
59 93 19
997 116 4
65 308 14
99 917 16
518 439 19
337 121 20
369 662 20
614 920 3
977 444 15
655 475 17
895 332 3
990 2 11
432 244 16
250 98 14
16 184 20
154 727 1
304 131 7
698 267 19
716 57 7
432 685 11
388 776 16
985 714 3
202 103 13
891 533 9
578 529 8
153 516 9
963 727 17
838 347 3
730 738 4
147 456 9
301 224 10
373 933 17
64 249 4
509 917 8
874 156 4
711 632 18
505 855 5
592 764 16
815 975 5
980 48 18
274 538 9
441 165 7
926 362 11
601 103 8
565 644 9
754 984 11
475 846 12
907 417 2
639 120 14
734 185 7
582 145 11
979 627 5
644 611 19
83 294 18
645 681 7
607 57 6
862 73 10
689 485 11
759 688 15
572 678 3
357 935 1
228 339 2
210 876 4
604 364 4
338 829 3
903 898 11
339 887 16
489 760 2
707 359 20
61 604 2
709 992 11
881 430 7
440 724 2
46 655 8
209 399 6
443 37 4
760 525 12
500 927 7
713 467 3
433 840 12
654 253 18
342 584 5
756 92 9
749 710 17
429 383 7
988 961 10
957 785 11
63 222 2
694 38 6
564 752 6
826 212 20
98 341 12
766 983 19
822 58 19
435 294 17
406 559 20
976 384 18
681 747 14
589 906 10
350 244 10
100 474 18
514 622 20
808 514 4
836 596 16
510 431 18
660 875 11
453 963 4
692 553 17
123 101 13
338 68 9
616 946 17
68 188 4
533 290 20
149 888 19
31 861 3
628 931 20
36 37 16
89 827 20
558 71 1
429 719 16
444 163 2
225 946 5
488 482 6
382 973 8
464 452 17
371 8 9
208 957 8
384 340 13
639 331 3
811 622 2
879 992 10
138 683 7
489 372 20
214 261 12
182 166 15
95 677 2
663 665 11
380 738 7
533 67 4
649 89 8
764 216 12
688 654 13
348 796 1
974 94 9
911 911 10
886 742 1
416 835 9
486 399 17
112 333 19
885 32 8
162 750 17
947 128 4
770 244 1
826 65 5
391 717 6
803 371 1
261 207 20
303 719 14
188 222 20
115 726 1
209 404 12
221 688 16
967 436 9
434 204 17
891 49 6
672 918 1
691 334 20
899 264 16
891 168 15
676 121 1
215 555 18
757 784 18
312 582 8
261 761 16
606 671 10
774 757 10
228 872 14
419 466 8
838 736 11
217 200 12
888 899 3
736 566 20
269 555 10
288 41 3
136 12 17
613 797 9
110 388 12
818 296 8
273 105 6
984 69 10
706 487 9
636 362 10
290 155 17
682 314 17
744 472 1
541 912 1
963 797 6
761 321 4
658 393 1
953 848 13
627 558 2
294 198 6
13 551 14
452 502 15
936 218 8
323 863 5
174 432 17
159 775 1
287 902 15
330 377 14
296 341 1
558 565 8
307 219 19
1 175 2
866 846 14
791 952 7
163 687 6
76 834 12
764 405 14
706 411 17
997 93 14
557 353 18
411 798 3
303 977 8
728 272 4
1000 480 16
297 348 11
630 975 10
104 986 3
149 869 16
864 579 15
946 371 3
59 771 7
458 662 3
620 300 20
942 642 14
685 531 7
266 803 19
129 266 5
314 450 9
650 548 18
195 853 10
371 880 18
817 860 4
292 366 16
707 77 2
441 959 6
128 449 11
768 250 1
277 539 10
882 412 5
320 280 18
799 798 2
776 156 12
735 128 14
913 125 3
209 499 2
29 925 9
747 852 5
853 228 4
463 559 4
697 506 12
343 836 9
689 67 6
431 290 18
965 200 4
647 868 17
808 800 5
900 110 17
924 205 16
840 217 8
522 12 20
797 244 17
963 618 9
490 461 8
58 73 12
821 278 20
339 244 14
881 195 16
981 756 20
201 834 15
614 394 5
979 20 17
640 955 1
4 803 7
117 253 2
875 435 19
946 442 11
418 681 4
485 637 11
820 670 2
707 169 1
123 617 1
584 756 19
788 410 19
296 175 14
37 273 15
67 628 8
338 735 13
644 851 9
472 385 20
91 831 9
965 430 5
192 468 16
97 584 14
483 512 11
494 613 19
369 989 6
76 280 14
764 959 10
909 982 5
20 862 15
422 690 17
929 432 3
370 413 14
63 167 9
959 995 8
64 100 1
957 908 16
210 586 6
866 439 1
605 849 4
346 823 16
590 14 17
162 395 8
731 932 3
273 233 16
600 116 1
821 310 17
635 143 7
999 344 10
346 398 4
286 14 5
9 120 4
818 647 19
60 364 18
492 267 11
907 261 6
368 633 10
590 747 12
179 218 18
795 835 20
259 16 8
380 397 9
150 553 7
960 659 16
7 104 13
143 689 18
945 541 16
27 801 1
31 845 19
2 334 6
533 201 19
186 313 4
885 615 2
495 36 20
349 536 1
434 478 5
495 612 16
217 594 14
154 376 20
802 169 10
119 107 14
982 328 9
491 573 14
568 87 18
332 621 16
903 839 3
962 586 2
736 470 12
681 931 10
195 159 7
449 868 16
508 491 1
842 398 18
692 915 13
337 435 10
871 975 1
412 357 17
931 268 17
928 972 3
900 108 15
106 39 5
971 849 18
603 590 12
989 315 11
360 250 4
611 61 12
650 322 14
144 432 14
577 774 12
758 868 9
921 577 15
755 709 17
783 995 8
875 982 7
740 465 13
494 600 20
697 439 7
292 626 20
318 382 16
422 69 11
948 274 13
40 481 6
278 172 17
121 783 1
122 253 11
428 797 17
114 873 12
569 622 18
795 940 6
526 573 11
706 624 17
913 814 7
597 83 4
370 741 11
121 235 5
351 227 10
948 973 6
428 73 17
115 493 14
596 175 6
99 155 6
320 386 18
140 790 5
624 888 18
551 795 9
275 352 15
532 948 15
571 918 7
179 948 6
547 812 14
327 39 6
451 536 16
491 343 8
682 10 3
640 986 1
528 56 19
450 954 19
725 823 1
401 754 2
810 267 1
239 561 19
667 325 2
260 252 1
366 216 8
281 265 15
107 781 2
983 483 11
534 363 6
870 893 3
904 361 7
894 653 13
424 592 1
244 236 13
853 410 13
900 414 6
174 302 12
90 294 14
539 493 13
569 23 3
572 304 20
390 265 11
737 300 12
433 606 10
793 931 19
220 271 9
131 739 3
665 832 7
357 989 16
170 689 13
652 182 14
945 96 17
614 389 16
37 201 15
755 391 20
526 16 13
629 722 7
21 283 3
59 347 18
178 648 4
95 228 6
497 945 3
943 606 12
523 676 7
315 585 11
601 435 16
671 929 11
58 865 13
418 818 5
914 610 16
816 615 19
98 346 6
238 509 16
33 926 2
226 395 3
504 365 16
682 910 6
4 439 1
894 892 2
406 864 7
715 183 10
112 178 9
758 549 11
686 829 10
685 50 15
635 230 18
663 287 11
641 529 9
325 6 16
563 415 9
712 584 1
382 12 1
339 252 11
238 942 10
484 228 9
834 811 9
952 214 11
678 974 18
377 682 17
699 621 18
517 950 17
778 289 2
507 141 6
938 690 3
716 717 8
497 256 11
252 939 18
943 138 16
758 267 5
209 981 19
952 463 17
322 462 15
818 40 12
465 677 20
731 831 7
258 854 17
241 404 5
687 4 1
527 315 13
620 493 2
56 397 16
495 242 19
936 304 4
387 258 12
735 385 1
455 396 15
920 75 14
115 254 18
576 839 9
809 699 10
849 96 17
676 385 12
314 478 2
867 781 15
681 956 17
299 785 11
357 148 3
910 543 7
878 87 6
324 843 2
72 983 20
782 651 19
674 718 18
822 816 12
191 274 7
948 332 2
205 298 18
514 309 13
804 63 9
833 921 5
585 719 3
733 403 12
557 393 5
875 499 16
814 912 19
897 495 15
426 172 8
236 118 12
617 569 15
631 422 16
982 583 12
149 416 3
754 723 1
545 593 2
146 365 5
390 723 7
708 80 13
258 721 16
806 457 11
864 580 20
298 673 14
848 223 13
570 864 19
494 490 8
587 110 16
409 380 1
124 161 7
147 657 15
694 790 17
65 166 19
262 470 9
971 277 9
738 513 20
558 192 16
173 106 3
706 322 20
355 862 15
755 783 9
109 850 13
488 919 5
185 85 3
563 134 19
771 353 20
953 142 5
536 338 7
310 44 19
99 362 9
442 121 14
47 674 3
772 490 1
344 615 16
212 915 12
348 275 5
611 214 2
81 338 18
684 559 16
845 805 1
659 346 12
222 26 14
287 613 12
206 692 14
366 211 7
981 28 14
207 474 2
226 415 16
72 653 15
919 674 18
227 945 9
344 74 7
148 129 11
802 337 4
840 452 12
68 109 17
692 73 19
391 174 3
671 416 7
858 562 2
912 786 15
367 409 16
336 739 16
226 884 13
783 662 14
192 596 20
5 458 4
852 336 17
99 973 5
658 945 19
221 514 2
351 295 11
341 855 14
374 451 2
41 256 3
138 118 19
681 156 18
353 224 1
586 402 11
91 609 18
21 83 6
449 56 16
222 684 1
553 132 14
67 553 14
64 640 12
737 353 18
300 708 9
158 441 16
282 265 10
948 652 18
202 870 10
985 642 3
482 202 15
19 956 9
465 926 7
174 800 16
758 906 6
724 493 18
348 274 12
222 329 7
653 673 9
62 653 15
759 997 4
572 847 2
560 661 14
919 988 14
77 438 4
225 528 20
749 509 1
64 150 4
908 519 10
97 843 10
569 533 4
46 642 10
542 527 19
194 810 15
274 196 11
135 335 6
904 46 10
489 87 5
76 527 6
776 475 13
741 924 19
914 809 19
257 565 7
303 160 13
684 728 14
607 608 18
681 247 15
228 702 13
913 615 9
900 768 13
528 383 6
766 361 13
675 498 9
879 631 10
741 526 6
582 542 4
490 747 9
920 603 20
195 27 13
513 630 17
370 568 18
425 640 2
499 621 12
68 251 9
957 942 1
24 733 8
208 969 9
927 965 8
992 688 12
993 628 2
814 474 9
866 979 2
796 657 16
899 679 10
569 519 10
344 550 11
578 640 19
847 2 2
796 189 5
471 55 7
205 152 5
712 378 4
457 543 9
553 451 18
462 585 16
214 528 11
641 393 15
225 667 11
150 974 5
924 948 20
616 735 16
530 227 8
46 129 7
933 454 15
595 631 3
318 769 4
159 950 8
457 457 7
352 869 2
207 748 3
841 192 17
306 903 8
395 190 15
615 616 7
50 83 4
458 132 11
175 83 9
452 191 18
637 832 9
148 961 8
635 393 17
143 28 8
309 229 11
879 814 5
474 556 17
850 880 19
857 749 14
93 590 4
359 259 15
436 887 13
150 872 6
934 497 4
370 394 11
228 229 5
281 457 19
109 467 18
893 989 3
858 130 12
351 264 17
857 50 2
115 286 12
531 375 20
569 147 16
606 737 13
156 201 2
226 966 9
480 656 11
22 911 10
1 717 8
594 203 4
738 193 6
949 683 9
64 962 17
53 969 19
958 564 1
850 914 9
567 616 12
314 570 14
447 613 8
823 100 13
742 676 14
235 445 7
489 712 20
651 288 12
933 390 9
665 270 17
760 870 17
135 287 14
894 832 10
450 499 13
765 955 7
605 140 11
927 732 20
152 860 2
581 587 6
7 966 15
897 1000 17
239 327 3
293 639 14
980 313 17
306 673 17
498 904 1
660 704 5
105 898 14
603 714 1
359 435 12
353 984 6
440 205 7
718 450 9
661 598 2
308 797 17
946 855 12
392 353 16
380 424 5
218 176 1
88 96 12
43 211 8
682 738 19
838 775 16
678 301 19
819 326 11
413 457 6
723 568 7
830 392 6
205 341 6
92 618 17
241 171 19
561 373 20
36 461 5
406 28 7
565 377 14
107 516 17
485 729 20
197 832 11
143 878 14
213 303 19
620 370 18
558 263 9
33 514 13
252 161 15
621 428 3
868 683 5
165 177 6
599 426 5
800 756 1
432 274 10
89 767 7
659 718 13
348 991 2
478 357 3
926 925 3
987 56 19
230 760 16
623 827 8
115 542 11
470 2 9
228 6 14
178 664 17
464 533 8
17 20 20
847 766 1
72 735 1
835 478 13
555 422 13
142 343 16
869 258 13
233 598 3
253 379 14
726 991 15
173 917 6
118 64 2
232 566 18
528 161 8
651 714 7
824 250 12
424 334 18
952 333 6
617 594 13
329 377 3
335 401 20
296 827 15
267 84 11
723 810 11
694 289 15
637 277 17
386 435 4
662 199 15
120 952 15
65 268 10
923 836 3
474 394 4
536 26 12
826 74 6
191 82 15
479 550 8
635 153 10
190 360 2
214 508 12
980 32 14
448 742 12
498 163 18
70 888 3
502 411 18
301 116 7
213 949 16
220 948 5
215 701 8
128 544 1
589 21 3
865 883 15
408 795 1
640 570 13
754 630 9
554 886 4
202 858 18
902 30 13
507 885 12
257 255 14
533 546 2
952 280 14
449 543 2
919 486 2
584 337 11
291 31 5
478 253 11
849 321 3
345 39 4
413 825 5
407 402 16
882 471 12
581 102 8
878 642 2
414 891 18
560 198 10
389 672 7
82 27 4
886 311 20
194 675 12
230 990 4
519 301 6
260 699 16
587 123 19
117 356 2
567 914 7
377 463 11
350 999 5
839 614 14
441 860 13
895 72 5
102 705 18
767 97 18
736 724 12
965 460 17
575 646 5
914 826 11
65 900 10
395 996 14
537 620 16
992 678 13
149 512 8
887 522 4
667 92 10
987 401 19
818 528 1
861 600 5
957 98 7
406 998 2
29 711 6
28 915 5
228 332 10
750 66 8
263 949 11
873 42 6
708 893 5
262 857 3
77 338 8
195 800 18
418 736 4
626 926 18
482 53 3
368 32 12
957 747 4
279 431 13
613 250 1
332 208 4
252 204 16
429 500 19
647 982 6
296 721 8
27 787 17
696 134 5
490 957 5
253 35 9
784 768 18
708 100 11
539 919 13
551 836 9
979 486 12
325 161 11
732 706 18
395 293 7
324 548 1
219 407 6
284 688 3
33 793 10
200 127 8
903 544 7
877 641 2
247 224 15
993 57 9
377 864 20
633 305 10
586 676 11
292 42 3
394 316 17
90 366 14
959 985 4
152 731 16
176 215 4
860 928 20
436 584 9
649 960 15
620 342 12
11 194 7
692 657 18
396 871 9
369 576 7
378 97 2
187 759 19
301 119 11
428 665 10
886 682 12
807 52 10
917 250 5
37 264 17
229 396 9
189 820 11
661 774 15
974 60 15
839 53 14
569 893 8
471 282 18
499 336 14
468 790 8
920 296 12
318 93 16
96 129 6
847 898 14
85 377 3
489 784 7
970 747 14
771 696 17
237 415 14
67 160 14
825 817 15
877 342 14
206 779 9
164 740 10
929 208 17
355 348 3
590 249 3
98 5 19
640 649 13
964 347 11
288 100 5
760 747 10
919 768 14
486 30 11
893 22 10
489 135 10
414 239 2
423 165 18
172 423 1
738 665 8
93 893 13
632 858 3
712 501 8
483 407 11
634 899 15
40 603 12
476 738 1
858 126 11
646 651 4
222 500 4
667 512 16
455 702 13
324 507 9
759 155 18
263 751 3
745 38 20
328 950 20
283 728 4
75 749 6
586 206 3
23 17 9
512 304 17
998 219 11
174 731 14
560 132 5
805 917 19
209 931 20
370 71 17
468 137 11
701 259 19
479 202 2
454 636 13
288 680 7
622 64 15
740 320 18
937 900 2
549 826 17
739 302 4
811 5 11
563 58 5
612 625 9
565 927 8
501 210 12
289 299 18
288 627 17
602 392 1
400 905 16
458 435 6
529 769 4
762 229 1
206 384 14
340 633 10
150 641 9
109 209 12
894 195 1
495 22 14
842 789 15
160 108 18
700 219 6
400 682 8
757 141 14
963 985 17
529 945 3
269 604 17
293 24 17
694 662 13
804 116 17
987 324 7
905 660 20
628 595 2
338 601 16
450 400 6
39 764 13
470 864 16
709 790 2
502 735 2
237 717 4
562 691 10
966 261 17
211 978 14
545 106 6
686 620 18
973 100 18
901 569 14
664 955 14
178 255 19
834 464 17
375 469 4
578 558 16
635 475 19
857 782 8
268 348 17
323 999 10
823 816 20
655 302 2
427 972 1
388 343 19
124 734 11
179 6 6
38 246 18
682 696 17
260 610 1
31 710 18
697 618 7
622 263 7
548 677 11
600 359 15
684 306 13
819 672 19
37 41 10
289 67 7
265 76 16
504 115 13
40 76 9
620 117 18
453 941 19
943 618 13
953 202 4
28 351 15
577 815 4
889 513 10
910 420 16
389 188 5
765 663 14
683 531 5
310 107 19
363 753 6
830 962 18
119 870 14
674 55 2
75 771 9
743 537 15
322 106 9
583 614 17
296 268 13
815 757 10
831 176 16
27 517 7
26 424 6
193 764 18
188 129 7
407 68 11
792 554 17
614 220 14
385 574 18
484 65 17
521 20 10
474 46 8
939 589 20
207 992 12
539 24 4
791 677 13
266 32 7
450 245 16
838 874 17
743 470 18
493 278 14
994 228 9
296 937 11
114 739 17
165 876 5
479 408 1
835 564 13
42 46 2
42 340 18
908 627 1
778 156 20
545 91 12
697 247 12
551 88 13
837 402 6
338 216 4
371 966 11
401 563 7
812 73 8
102 304 11
540 322 4
682 185 5
383 733 16
329 486 7
34 849 19
670 962 11
166 410 3
713 749 2
308 894 4
656 676 13
830 352 9
539 149 2
887 706 3
570 533 10
440 433 2
750 180 16
384 647 10
342 460 2
777 440 2
10 918 7
94 485 3
695 585 5
713 696 16
328 44 6
607 127 6
612 326 2
521 363 12
825 795 7
940 880 1
9 427 10
564 372 12
329 436 7
52 33 18
789 574 10
521 135 13
439 577 18
296 160 15
383 405 1
411 732 3
761 295 16
102 813 9
188 208 13
543 14 10
477 482 10
45 25 5
853 665 13
728 938 11
876 856 6
98 461 8
952 111 18
352 42 4
511 290 12
164 79 12
117 213 2
263 81 18
340 791 10
554 346 5
819 220 18
620 494 13
101 883 4
27 8 3
752 766 18
664 620 13
430 222 2
825 928 15
520 997 9
724 407 6
974 477 6
120 243 1
498 370 13
164 881 11
416 933 6
608 606 12
730 230 1
478 142 3
251 234 3
419 913 6
432 468 5
922 901 9
574 308 15
208 622 7
894 525 16
715 191 15
167 203 4
193 470 19
140 764 7
309 795 16
195 806 11
116 448 14
277 580 17
611 41 4
619 203 6
355 571 11
379 604 12
609 133 15
813 676 9
71 770 18
304 57 13
418 843 3
159 657 4
572 295 9
555 345 10
614 32 1
118 129 10
554 793 4
625 115 14
915 36 3
358 924 4
453 778 11
142 883 20
546 718 15
240 602 16
383 548 1
848 874 4
716 40 1
28 85 7
310 233 14
471 887 17
337 369 6
186 594 18
725 676 14
773 546 10
668 449 19
546 67 8
853 943 7
142 381 14
951 53 3
701 951 13
261 960 18
404 483 12
705 323 20
547 799 8
309 68 13
71 291 3
217 506 12
481 279 6
294 537 9
641 389 2
650 109 8
625 640 11
888 545 1
385 227 5
593 657 6
525 701 9
108 326 17
744 1 14
711 156 10
718 253 1
743 879 18
162 714 4
430 595 12
946 614 19
367 95 5
584 917 14
42 286 12
272 616 9
78 337 2
785 201 4
539 893 10
618 357 15
401 409 15
505 387 16
606 891 14
920 844 10
818 809 3
126 538 11
857 148 10
121 726 12
507 280 3
40 863 6
107 8 2
363 571 20
500 815 11
333 804 10
20 517 10
323 41 15
366 548 3
180 9 1
669 390 8
20 167 2
625 580 20
231 93 16
930 927 15
902 451 19
291 164 12
463 777 1
134 713 19
881 322 7
343 533 14
611 595 16
531 395 4
733 606 12
756 205 15
231 836 16
772 579 10
787 535 6
555 51 20
149 841 2
706 212 18
762 816 18
377 848 2
970 175 9
554 38 12
176 737 7
616 649 13
22 982 5
952 398 15
929 521 8
501 831 7
798 804 6
656 866 20
936 725 1
838 122 17
905 475 7
580 853 19
381 369 11
431 405 7
449 5 5
243 704 11
709 932 18
51 590 7
534 55 16
854 880 10
826 102 11
936 262 10
813 234 5
138 552 15
949 175 17
429 802 5
738 134 13
330 26 7
403 568 19
548 334 6
777 434 15
257 324 5
354 83 4
158 707 7
838 819 8
181 732 7
176 749 10
997 47 15
918 206 8
669 892 1
540 959 19
621 394 5
552 994 8
287 292 4
565 967 2
767 743 7
254 584 20
236 76 8
611 648 2
845 960 20
899 315 16
740 788 5
783 608 1
135 716 12
89 407 16
587 300 15
803 192 8
435 573 19
576 19 19
87 138 3
474 80 10
757 461 9
365 779 16
270 772 12
201 207 9
893 34 15
394 720 4
708 9 10
786 242 18
223 868 9
389 648 16
797 508 15
111 75 13
804 192 6
349 290 5
47 73 8
797 565 9
596 180 3
819 588 20
390 936 14
550 407 17
596 769 12
81 356 17
204 270 2
607 762 1
436 48 17
869 561 3
122 736 18
995 563 2
280 810 3
114 35 4
772 300 16
748 4 12
319 679 11
854 888 11
340 907 4
195 249 20
641 709 2
648 10 18
867 793 4
693 163 16
161 122 15
731 668 7
620 714 10
560 511 6
301 292 10
84 527 9
229 360 14
170 238 4
495 914 15
951 545 5
781 966 19
75 688 9
738 497 20
517 137 3
671 801 15
821 948 14
561 882 12
109 868 17
168 753 6
701 573 2
428 694 17
437 672 3
138 49 15
270 788 18
186 789 7
220 958 12
134 488 19
87 722 4
559 817 19
724 137 14
932 794 18
219 449 16
467 914 12
165 681 12
435 632 11
349 146 3
762 886 10
578 375 2
736 553 19
220 768 2
696 387 19
720 68 3
573 170 11
991 438 10
594 636 5
439 441 19
706 465 12
203 645 6
741 893 19
549 214 15
857 12 17
20 714 20
910 72 9
2 642 4
722 472 9
26 577 18
99 581 7
978 996 19
210 847 18
441 171 19
180 528 17
147 872 12
409 875 4
859 674 19
248 491 13
251 233 16
841 338 3
230 571 6
936 650 11
773 329 2
165 789 20
211 65 12
791 157 9
445 587 5
546 673 6
58 514 10
477 447 12
189 308 15
924 11 2
703 110 16
517 763 15
934 34 11
702 554 3
85 92 17
329 960 18
253 493 15
470 625 1
867 280 4
234 977 9
15 139 8
741 90 18
255 817 1
109 23 7
656 992 4
922 79 16
939 625 13
318 435 12
930 539 5
552 622 2
6 542 11
356 790 10
972 487 10
822 493 10
387 329 5
925 396 7
995 800 10
555 550 12
794 479 14
816 543 7
661 425 14
38 77 10
174 616 5
495 690 6
143 575 3
901 965 4
535 40 13
945 216 14
849 337 15
78 832 3
239 687 13
696 241 4
47 924 17
138 11 12
63 102 3
859 903 10
345 918 4
317 848 12
446 915 17
12 291 20
322 474 16
516 107 12
599 755 5
934 180 12
436 664 14
518 405 13
14 919 11
432 388 18
950 866 18
594 814 3
103 379 9
65 767 8
438 485 6
279 38 17
400 798 5
980 501 7
714 136 5
642 124 1
240 310 9
562 502 11
458 838 3
284 551 15
825 216 9
662 689 8
642 393 18
36 934 10
242 289 14
571 990 10
927 748 1
432 401 1
476 752 16
339 465 16
575 946 16
331 855 19
783 994 1
580 164 12
372 553 9
281 613 19
168 962 20
239 522 15
33 443 15
714 221 12
714 719 15
253 996 16
388 251 12
638 469 19
63 758 7
906 194 16
376 933 6
558 177 14
967 725 20
210 448 16
902 936 18
997 22 20
147 853 19
615 389 10
931 439 12
666 771 16
757 970 8
892 283 12
22 467 7
76 688 17
156 211 2
782 127 2
73 714 6
808 837 16
215 670 3
546 225 10
564 96 13
765 553 11
734 498 4
113 88 6
681 920 17
73 653 18
41 5 14
723 818 4
636 71 18
812 786 15
822 373 13
384 138 11
185 238 10
819 44 18
559 824 10
526 136 11
298 710 12
425 108 14
180 113 17
436 268 8
954 935 17
145 708 17
838 660 6
785 611 7
804 592 9
882 814 7
334 586 5
189 208 2
354 684 18
609 516 20
620 97 2
296 824 2
253 402 18
543 450 4
259 964 2
444 967 15
961 644 14
534 414 15
397 881 5
707 287 17
36 536 18
32 679 7
54 388 10
30 960 4
365 658 13
71 585 4
916 319 14
966 721 1
699 428 9
295 727 6
700 931 7
843 579 19
584 258 8
417 191 4
35 283 16
513 885 9
118 1 5
419 997 18
509 984 11
986 372 10
223 921 8
93 903 11
16 843 8
633 898 10
501 99 8
595 947 12
796 608 2
733 610 12
239 31 13
384 416 18
900 73 10
176 992 12
248 568 6
277 480 12
602 800 6
553 435 1
274 785 17
903 526 7
576 842 7
410 345 9
936 228 6
900 2 16
317 705 5
498 197 8
289 691 19
733 607 12
255 523 16
852 937 7
397 962 5
962 134 13
931 149 13
516 154 16
1000 440 11
858 543 10
693 232 3
169 767 4
758 554 19
721 192 3
638 843 5
945 258 20
316 958 13
991 862 14
689 965 8
764 638 15
395 120 10
997 650 15
402 453 1
252 81 12
856 283 12
882 334 7
387 685 4
343 414 3
435 148 13
465 169 7
304 876 2
881 890 4
596 848 9
81 320 13
473 14 10
450 576 15
894 256 1
281 166 18
320 203 6
644 399 5
703 832 4
216 578 18
648 362 12
370 668 1
423 457 4
839 590 9
389 751 13
894 120 10
10 74 20
452 159 15
21 337 3
359 705 10
149 295 13
587 140 12
775 894 19
230 364 13
81 688 5
105 509 18
587 818 18
353 754 14
48 447 3
684 32 14
482 470 14
573 844 14
960 692 17
471 991 10
761 850 9
289 125 4
324 614 18
834 536 19
841 550 8
824 583 13
674 459 11
998 89 18
919 899 15
287 169 13
207 964 7
708 164 7
347 106 4
674 683 1
296 800 14
716 937 7
372 568 16
773 40 2
806 816 19
423 434 4
625 299 17
411 309 16
516 767 13
709 638 18
449 708 16
463 991 12
662 257 9
421 575 4
70 611 1
281 995 11
239 840 3
238 908 17
740 847 12
308 518 9
688 537 14
665 82 12
364 335 17
929 659 2
127 877 11
385 612 8
569 854 17
912 454 2
41 227 16
500 628 9
20 421 8
401 644 12
983 880 9
629 324 15
376 337 4
121 23 15
386 722 3
330 584 15
421 565 6
795 717 6
896 831 20
3 396 12
993 865 15
800 897 15
718 693 20
418 634 19
674 971 19
659 439 17
454 893 15
9 574 2
891 180 13
445 171 18
429 843 10
480 832 6
199 463 20
941 44 18
590 781 18
37 820 4
846 223 2
931 554 10
334 417 9
684 302 12
652 835 17
446 508 8
276 122 14
609 532 11
255 614 5
379 880 9
634 370 7
570 583 1
804 509 3
512 37 19
690 657 9
784 261 2
100 638 7
787 272 7
992 302 10
33 688 20
721 51 1
989 535 19
96 454 18
612 402 19
147 412 19
255 135 4
47 672 8
700 994 2
773 491 9
616 342 5
773 926 1
986 646 13
846 789 19
900 359 18
362 687 15
117 292 20
524 855 12
637 926 3
384 694 13
59 762 1
242 359 19
523 134 9
864 276 15
131 168 9
811 607 10
149 783 3
593 305 8
653 463 19
563 489 14
592 715 7
977 763 8
144 547 16
112 928 2
257 559 9
609 954 5
67 498 19
138 183 10
944 124 16
227 745 11
1 857 12
896 772 3
199 674 17
843 720 14
193 315 13
329 643 17
426 798 3
47 105 4
954 33 12
471 794 9
17 620 7
526 281 16
606 480 9
11 251 16
780 60 19
940 670 10
558 56 2
940 506 20
655 20 12
112 365 4
154 898 19
737 297 11
194 917 2
44 698 13
221 841 6
584 815 12
277 105 6
267 428 11
698 667 18
540 640 8
196 602 7
243 906 14
237 687 2
815 88 17
293 69 12
376 806 5
616 330 10
72 736 8
102 666 8
319 356 19
625 801 15
205 639 8
849 826 16
773 464 4
647 354 19
137 304 19
220 668 3
731 834 10
622 692 9
254 757 6
457 554 4
346 141 20
257 472 17
744 821 10
155 748 17
712 542 17
226 363 14
194 480 19
542 452 4
756 125 20
953 858 4
517 121 16
125 610 19
216 264 3
502 922 5
773 680 7
307 26 3
255 987 17
851 472 8
470 662 20
62 923 18
439 742 15
682 669 5
230 887 18
525 276 10
522 745 7
874 316 9
489 144 6
632 456 17
278 904 18
586 846 8
575 539 16
282 777 17
288 662 6
220 422 17
853 59 4
94 908 5
384 668 6
445 688 20
62 185 17
242 428 8
243 824 8
649 152 20
790 921 19
366 638 12
715 121 14
761 134 15
795 335 17
720 390 8
791 747 19
94 993 6
32 869 19
293 674 6
470 534 6
377 978 1
630 176 17
532 169 11
506 321 9
649 407 4
993 69 6
180 120 6
38 536 14
627 188 2
186 945 1
985 158 20
151 657 18
152 818 1
138 77 9
155 500 5
933 13 2
662 362 8
490 655 14
9 2 8
436 748 6
383 723 14
936 966 7
995 50 16
375 53 16
514 325 6
142 15 19
16 174 18
435 663 10
55 83 18
573 371 1
854 796 6
97 880 19
513 121 8
661 879 14
965 473 14
11 958 4
940 753 4
620 165 17
542 343 16
586 156 14
317 998 6
715 570 19
788 554 6
333 235 11
650 583 18
631 667 16
496 545 15
502 692 6
869 745 10
147 782 13
502 361 8
999 369 13
105 504 15
939 423 9
890 901 12
955 821 6
605 559 14
431 671 17
425 650 2
512 892 18
167 731 15
645 506 13
979 459 2
441 711 17
876 859 14
860 315 15
111 669 16
474 726 3
555 442 13
227 852 13
706 414 19
787 613 7
480 803 3
434 167 12
642 941 7
315 873 14
697 853 9
930 127 12
822 75 6
865 552 18
721 906 18
276 681 10
314 661 14
895 456 2
346 120 10
711 381 13
578 701 14
75 850 3
66 852 19
602 851 14
316 419 5
650 977 8
509 798 17
681 62 9
954 649 5
860 963 19
196 376 1
377 159 7
314 659 13
801 307 20
483 752 12
878 474 3
915 194 14
391 384 2
375 918 13
396 564 1
64 478 15
237 338 8
644 454 13
300 156 16
985 455 2
558 324 14
370 844 2
718 327 4
749 865 15
431 228 16
446 378 4
674 23 7
470 158 17
130 269 5
928 668 18
818 901 11
563 863 9
679 991 2
328 662 7
264 389 12
144 101 4
842 323 10
467 774 11
646 875 7
614 370 11
207 120 20
475 348 13
846 591 5
496 197 8
1000 187 3
364 869 1
199 639 17
792 540 5
498 214 12
389 886 16
866 271 3
665 337 1
447 875 2
885 422 13
595 632 1
472 992 8
495 226 19
638 432 16
702 792 12
22 869 19
194 314 19
501 828 5
801 281 11
614 824 10
548 748 2
667 756 5
259 395 19
791 575 9
340 449 9
316 335 12
440 201 13
19 59 13
196 886 1
36 845 14
176 506 10
518 406 11
431 638 11
832 397 2
261 259 9
171 499 20
932 432 5
97 347 17
590 758 16
268 885 10
412 729 15
272 984 6
259 104 1
24 151 16
718 665 2
150 104 14
932 230 14
798 822 7
517 58 10
466 970 3
373 499 15
227 58 18
224 615 12
978 702 12
740 119 14
255 581 1
709 768 10
325 531 10
243 782 9
733 411 8
42 465 9
647 149 14
19 627 9
527 618 4
875 125 15
830 651 10
565 829 2
701 311 12
962 155 17
495 263 15
971 515 17
593 907 8
189 647 19
278 223 11
193 234 15
151 622 16
264 764 6
573 125 17
512 270 11
276 494 3
786 380 5
291 648 14
716 189 11
720 855 17
151 261 19
435 939 19
193 227 9
870 495 3
347 196 14
126 634 13
525 630 3
973 952 7
75 66 6
719 690 1
852 770 7
985 5 7
590 113 1
878 309 10
846 935 19
141 671 3
338 498 20
404 332 19
767 158 8
831 468 2
19 656 10
746 247 7
797 345 10
230 813 12
977 909 18
929 110 11
850 861 12
344 246 19
809 161 17
595 101 14
531 907 4
264 647 6
623 68 11
626 177 5
308 629 12
969 624 10
973 699 2
872 732 3
950 994 15
82 339 9
638 663 15
120 389 14
477 897 7
580 158 18
489 548 16
878 337 1
302 310 2
797 343 16
443 112 7
902 405 18
303 315 17
243 382 13
600 35 1
12 700 11
457 601 7
758 493 16
713 514 19
562 196 5
816 972 15
474 551 15
468 104 8
382 930 5
428 555 13
969 81 6
420 831 17
363 3 9
770 953 16
761 304 4
116 536 5
623 316 8
635 420 8
235 84 16
743 555 6
911 372 13
195 796 12
681 355 20
280 811 17
716 38 14
987 47 18
33 464 6
595 855 3
255 237 2
538 426 3
810 176 16
285 422 15
268 107 6
353 26 16
661 203 10
703 39 9
638 797 14
197 605 2
676 871 12
236 420 2
932 922 12
801 142 13
258 615 7
465 10 9
936 544 20
871 629 15
706 141 16
479 584 5
975 147 11
490 180 20
143 544 7
752 840 17
643 391 8
993 610 10
554 460 4
642 170 7
394 166 20
480 3 12
273 347 5
8 271 5
283 710 10
962 62 7
134 844 2
640 934 2
232 182 2
900 703 16
315 562 20
827 868 8
508 640 3
889 70 18
457 695 2
722 977 6
762 184 4
467 266 15
494 389 20
777 270 20
951 971 1
286 985 14
564 964 4
812 288 6
840 376 10
192 972 5
780 988 20
649 228 12
422 525 19
629 207 14
201 106 6
424 986 1
673 49 3
69 582 9
597 165 5
71 814 9
79 447 13
796 921 4
293 975 15
867 646 1
177 642 5
452 224 19
566 647 8
435 742 17
293 932 19
575 968 18
139 898 4
966 245 3
18 56 19
343 408 9
827 53 8
83 79 5
336 849 6
285 914 8
317 880 9
833 384 3
78 121 3
125 378 2
875 749 14
223 312 14
245 917 17
652 449 13
822 433 12
801 582 11
913 823 4
386 78 12
369 680 12
723 306 20
68 893 14
147 80 17
383 871 5
495 798 5
291 641 7
376 84 18
739 766 8
435 711 5
573 747 7
879 878 7
363 611 11
585 745 8
360 13 12
165 635 17
189 855 6
941 617 6
814 419 1
764 194 6
363 660 17
596 390 2
388 614 10
373 935 6
664 130 5
296 114 8
75 466 12
637 510 8
344 631 18
397 504 8
799 519 11
828 860 16
328 74 5
388 326 2
654 130 1
885 104 6
159 607 10
641 640 5
847 386 4
93 113 6
934 611 17
617 578 10
949 912 11
88 383 10
247 107 13
15 33 5
243 490 2
685 327 15
795 35 3
659 444 2
110 507 1
143 251 2
168 4 17
573 537 7
57 517 1
268 774 16
94 944 5
982 898 6
772 278 14
420 123 14
15 251 14
133 322 15
173 842 13
615 890 15
914 997 4
320 257 15
755 715 19
379 403 8
454 885 14
355 936 6
778 334 3
125 354 16
244 379 8
738 653 4
984 490 19
856 59 2
716 606 19
420 271 15
50 782 1
558 932 15
686 742 1
733 287 10
419 614 9
340 844 8
201 331 3
47 871 10
522 374 12
611 863 14
691 332 15
587 849 18
494 566 5
19 513 11
704 532 17
355 463 5
328 751 11
77 63 9
872 521 1
462 307 15
746 344 2
278 445 15
245 226 10
309 534 8
90 539 5
258 55 13
976 694 3
475 769 2
85 13 4
410 454 12
13 841 10
283 345 12
953 900 4
428 773 18
350 935 10
124 387 18
326 25 13
350 321 5
359 172 5
147 798 10
372 122 17
664 133 4
588 56 5
805 517 9
424 208 9
86 93 10
961 286 5
880 104 6
691 793 4
470 155 17
999 247 1
845 958 10
94 876 6
822 108 6
967 285 6
544 237 16
63 267 9
449 772 4
384 404 12
437 702 15
45 455 10
217 114 11
895 411 6
711 190 8
676 666 10
189 18 4
798 652 4
309 360 19
822 695 15
711 729 17
673 997 19
274 299 18
693 98 17
224 806 8
306 697 10
579 119 3
569 804 20
371 509 19
674 60 16
402 340 3
468 36 11
756 836 10
737 467 20
246 739 5
345 677 19
290 284 4
826 960 8
495 937 10
213 353 20
195 642 19
21 240 15
97 62 16
591 136 14
265 522 7
552 513 2
275 277 6
300 934 7
981 992 6
924 682 18
307 567 9
759 286 13
714 414 6
242 535 19
464 801 9
601 771 3
35 627 13
231 446 16
622 35 6
384 474 15
540 230 19
451 986 9
414 341 3
547 62 10
165 370 4
615 92 13
131 962 6
990 226 10
597 265 16
32 650 20
749 648 8
608 472 17
796 402 7
573 406 18
275 557 10
582 894 4
294 174 4
232 190 13
582 231 8
735 718 1
731 98 14
18 316 17
402 416 2
57 904 7
735 969 13
365 202 7
675 814 4
939 905 2
328 101 4
51 588 15
644 108 7
640 218 20
285 993 4
599 554 3
661 765 17
256 482 12
455 682 18
121 104 2
575 579 8
66 907 6
702 405 8
162 1 15
793 684 11
84 51 18
927 820 1
18 393 9
863 892 14
996 95 17
907 669 7
809 945 8
252 766 16
678 872 2
64 28 15
533 603 8
22 856 10
185 853 18
395 998 6
879 708 14
388 224 19
708 4 11
898 125 3
971 435 8
709 274 7
21 568 17
76 729 16
580 652 12
11 90 9
481 521 15
661 118 17
185 153 12
751 501 1
386 864 20
324 98 6
741 322 4
915 585 8
474 172 7
34 268 14
925 59 15
670 599 6
459 657 11
639 999 3
229 526 13
391 819 9
298 910 12
224 993 9
378 754 18
370 708 15
560 984 1
773 617 8
600 768 9
144 611 11
292 646 1
631 751 4
562 53 20
7 158 16
940 837 20
108 699 4
223 333 3
27 206 19
813 777 5
183 451 18
644 891 11
665 592 2
911 212 13
736 68 13
401 662 18
738 992 6
470 953 9
274 495 13
19 107 11
704 446 4
670 620 4
945 84 13
553 574 17
820 946 16
220 562 13
1 883 12
615 792 8
268 814 9
823 587 18
185 127 1
699 366 16
246 770 1
56 905 17
190 21 9
436 500 4
458 655 2
419 576 5
748 199 19
216 696 13
16 916 10
118 753 10
545 448 2
826 298 19
16 43 15
508 943 7
202 509 10
38 192 13
620 557 7
530 328 4
423 391 1
175 519 10
287 571 11
267 152 12
66 202 12
158 306 7
651 632 1
178 796 2
875 817 18
676 886 19
479 995 20
937 380 10
803 112 8
941 150 16
720 852 8
61 891 20
564 798 15
337 255 2
916 783 17
568 754 2
375 364 2
504 671 11
414 215 8
572 789 16
468 488 9
578 548 18
645 758 17
417 412 11
22 413 8
615 10 18
738 659 7
516 379 7
373 942 12
610 608 20
811 73 18
888 839 3
601 763 10
438 222 20
9 697 4
945 276 19
316 988 9
626 401 13
796 791 1
907 844 15
82 629 4
483 638 16
171 112 12
897 138 17
994 611 15
365 488 17
465 555 16
141 130 17
875 107 11
885 368 3
851 391 17
937 32 6
75 89 2
654 383 6
872 281 8
830 592 9
768 985 14
428 782 9
31 608 18
102 134 14
520 362 1
10 500 12
274 809 18
480 495 14
381 166 15
654 717 8
126 658 19
255 520 1
823 98 19
393 746 8
359 258 3
830 770 10
689 175 7
889 653 19
138 97 3
600 673 4
432 323 8
999 551 5
189 942 1
11 990 19
720 515 19
673 530 15
946 863 7
612 561 11
473 514 1
689 443 10
821 491 5
671 461 16
334 4 4
516 823 13
9 402 8
115 345 7
756 362 6
589 44 10
784 207 3
907 363 8
305 536 3
582 820 5
450 416 9
980 673 2
361 979 4
593 811 16
129 437 4
887 523 10
465 551 3
457 294 20
168 84 5
808 192 17
110 691 1
849 307 1
243 905 19
544 84 5
453 242 17
398 909 1
86 933 20
261 798 19
462 730 15
537 494 12
792 649 9
489 224 2
708 153 9
350 992 17
800 280 20
606 777 19
305 50 16
35 720 2
484 563 10
235 665 8
407 654 13
280 199 7
803 433 14
492 355 2
117 256 7
826 432 10
548 751 8
875 213 13
541 132 8
472 627 3
808 925 15
132 583 11
207 217 14
33 930 20
834 77 1
222 812 20
944 434 10
907 278 8
361 824 17
23 940 20
119 353 12
363 832 14
751 90 6
503 799 20
899 824 9
457 373 19
151 630 11
531 802 14
862 929 10
557 264 1
597 575 20
74 752 5
464 43 17
700 318 16
99 588 10
215 286 1
632 852 15
638 288 16
134 557 15
822 257 1
609 753 18
7 64 19
567 636 12
580 549 14
641 227 20
236 743 2
510 996 19
423 442 8
217 128 11
628 618 8
543 584 3
369 233 16
312 607 5
806 139 13
875 765 14
876 944 10
199 828 3
341 315 19
618 248 13
90 455 9
847 934 13
702 427 3
732 270 19
608 51 1
861 465 10
475 866 10
581 180 3
692 933 13
361 402 1
443 143 10
438 326 15
654 523 7
365 591 10
594 196 12
815 62 19
551 388 12
557 738 6
210 285 2
963 331 20
249 698 10
969 976 6
809 725 6
943 627 13
244 81 20
208 348 13
671 257 15
506 352 2
803 965 7
912 873 16
444 492 5
318 809 3
937 400 14
611 488 2
743 496 5
257 222 6
124 185 15
699 80 4
966 60 16
564 359 8
482 255 17
841 836 1
537 473 17
138 480 11
82 702 17
66 168 13
772 806 15
40 574 9
529 761 8
539 646 16
637 527 8
884 392 19
483 50 15
285 26 11
906 765 5
387 202 8
554 689 19
860 985 18
325 241 6
526 269 17
900 403 12
792 607 4
894 923 15
777 230 19
960 841 5
976 805 3
38 288 15
582 629 20
992 43 19
628 731 4
119 536 2
354 372 18
535 174 1
208 159 7
536 800 10
802 754 8
121 233 4
654 427 2
959 126 17
718 993 11
508 173 3
100 898 14
550 660 10
955 939 3
317 590 12
180 694 10
441 680 14
543 97 11
216 646 4
730 368 8
644 33 17
713 324 17
854 503 3
450 759 15
240 46 18
863 739 8
973 780 10
4 552 10
284 106 18
887 499 7
19 24 6
767 200 14
741 299 19
721 836 20
390 466 10
741 519 7
553 213 17
939 941 17
676 787 6
538 563 12
570 671 13
274 676 11
513 926 10
121 283 19
797 295 12
675 646 18
421 203 17
377 659 15
93 59 19
436 672 6
836 971 20
62 961 15
707 344 1
605 857 15
677 824 1
689 32 8
867 126 3
799 489 12
804 125 6
763 122 3
358 712 18
233 291 20
635 149 14
876 107 7
445 245 11
964 940 7
746 159 3
126 666 20
74 608 13
14 798 10
445 398 13
460 392 16
105 990 16
294 437 20
433 109 8
85 373 9
372 523 11
449 75 2
744 914 12
217 479 13
851 662 20
363 210 11
340 977 19
482 798 1
150 121 2
562 391 12
957 168 2
542 220 2
955 856 14
79 409 1
96 26 4
103 974 20
103 378 20
462 277 4
516 135 3
893 486 3
901 313 11
233 704 5
488 76 13
771 874 19
465 462 19
342 980 8
954 554 2
707 665 16
682 216 17
531 166 9
664 285 8
725 945 8
788 319 19
682 410 19
318 364 7
485 327 20
683 193 5
552 261 8
636 248 18
774 343 9
84 495 3
886 999 15
242 679 17
883 445 7
973 675 20
585 931 2
158 427 17
316 553 19
179 60 9
656 250 2
439 490 5
600 441 12
962 283 17
210 784 13
357 29 19
904 79 11
619 292 14
899 47 12
274 477 4
551 435 20
740 576 11
534 448 8
293 588 16
519 360 9
91 716 10
229 948 7
415 351 3
366 163 8
396 249 2
887 147 19
936 657 18
420 943 3
826 955 3
215 114 8
291 188 14
329 822 5
932 960 9
617 182 9
315 355 6
183 493 17
80 851 9
832 168 17
535 660 11
940 177 12
107 631 20
200 605 1
266 353 3
223 313 1
263 566 6
155 428 14
912 445 2
593 447 18
965 691 19
436 232 13
357 651 3
406 575 1
698 695 18
894 334 20
685 348 19
275 128 5
464 579 1
17 436 3
32 348 16
179 805 12
535 849 15
518 759 4
99 195 4
380 695 3
697 892 13
976 531 19
276 465 3
971 120 19
816 966 7
196 904 6
776 786 6
630 512 18
744 532 12
866 382 5
839 103 8
145 435 19
748 862 1
629 102 13
583 906 1
885 161 20
740 67 5
269 814 11
749 120 15
221 458 19
941 900 4
115 618 11
822 36 5
319 127 17
895 728 6
207 591 16
756 503 20
592 714 6
55 473 3
558 326 9
177 430 9
479 23 8
883 234 19
907 791 17
359 563 5
361 205 4
92 384 3
173 153 17
149 291 11
49 960 14
85 206 1
176 741 9
336 639 8
660 762 8
302 328 13
804 990 17
71 765 14
829 168 20
135 417 5
29 348 8
153 359 16
450 998 2
54 509 10
923 515 8
535 842 12
392 501 19
122 153 16
316 847 19
499 427 17
807 103 18
888 980 20
410 171 17
737 357 11
254 22 17
391 905 4
328 360 3
925 995 4
956 914 8
420 810 16
425 611 20
32 753 8
73 197 14
659 550 9
628 368 4
207 338 7
217 762 19
668 112 2
634 564 10
208 625 18
617 355 9
468 362 15
381 549 3
627 229 14
176 384 1
218 106 19
102 280 7
726 298 17
383 44 4
246 684 18
333 199 3
771 269 3
985 37 19
461 872 3
476 700 18
402 549 10
308 67 18
676 140 2
708 885 3
889 830 10
289 555 5
113 228 18
431 595 14
512 102 15
332 62 1
760 50 14
275 760 1
784 541 11
110 165 2
603 36 3
178 628 2
925 55 8
787 991 1
567 194 16
351 500 5
318 515 14
574 717 12
141 796 3
331 959 15
645 448 3
671 736 13
270 481 17
650 590 6
259 959 9
95 673 11
609 738 13
708 248 9
927 245 6
105 952 5
385 545 11
958 621 2
245 59 3
960 675 19
611 855 11
900 594 15
388 55 8
737 436 16
667 1000 4
200 90 14
44 687 7
551 330 14
512 633 12
540 495 6
460 677 18
219 624 15
340 614 20
822 318 9
469 601 6
661 209 15
927 93 19
750 806 16
432 762 10
922 790 10
308 166 17
70 818 3
214 952 9
689 58 18
605 126 17
608 738 3
336 100 12
424 748 13
683 55 10
354 781 13
600 783 2
628 418 5
481 404 8
322 580 1
251 176 20
286 330 2
888 21 15
16 822 2
695 34 5
924 670 13
245 501 10
643 62 2
230 457 4
937 343 10
20 748 14
227 851 16
339 798 4
12 19 13
420 67 1
64 632 11
423 29 13
332 27 8
151 481 13
723 111 19
165 733 12
628 936 7
768 900 7
919 185 20
903 921 9
892 555 14
85 753 4
267 259 10
298 700 12
262 439 6
238 404 18
977 288 1
508 512 13
474 651 18
406 252 10
781 859 8
210 588 6
651 604 13
100 695 16
576 720 11
191 355 15
156 809 17
766 486 18
754 843 2
675 262 19
935 476 12
503 976 5
26 455 9
66 871 20
954 562 14
757 791 12
667 732 1
898 133 9
247 246 1
703 802 5
877 702 18
136 559 17
209 209 14
484 264 1
582 881 18
705 701 16
558 371 9
463 635 13
974 252 14
709 868 18
27 652 14
282 628 8
175 186 9
574 583 12
83 749 17
772 30 17
494 589 1
879 971 14
109 156 11
448 987 12
681 67 1
438 925 7
266 800 7
404 759 19
226 728 13
414 255 4
721 545 11
102 491 10
357 105 16
446 646 13
715 38 12
998 102 3
443 230 2
854 24 18
570 522 17
15 377 11
534 532 13
606 772 7
536 265 16
181 825 7
254 622 8
109 733 15
696 296 13
382 161 20
545 538 5
701 519 20
400 787 18
308 138 19
452 855 6
674 565 13
968 592 20
978 184 9
729 338 2
469 776 7
811 113 20
331 441 9
339 414 16
352 570 2
763 742 7
876 819 4
997 869 4
323 927 18
858 520 12
991 656 6
624 353 3
147 567 8
980 158 5
999 77 14
718 392 13
961 913 6
627 937 17
566 622 12
874 629 14
797 879 18
263 881 10
829 281 3
207 148 6
284 282 14
426 946 17
121 390 4
74 105 13
994 162 13
90 174 1
358 404 19
457 671 1
856 6 4
78 354 20
79 481 7
682 63 11
846 809 4
795 633 10
332 213 2
29 97 9
448 875 12
7 764 4
618 146 8
701 514 14
426 624 14
472 768 9
263 968 7
686 451 9
975 953 16
641 608 12
847 688 20
591 539 11
153 528 2
446 776 6
521 824 5
628 797 10
920 15 5
990 969 2
815 569 2
848 330 7
586 802 20
887 578 15
877 72 12
965 130 7
992 739 5
742 746 7
391 412 17
576 121 14
40 137 12
489 185 12
262 655 4
345 257 9
98 65 13
710 847 11
798 940 13
554 700 11
389 999 8
480 534 17
994 151 5
491 167 17
862 764 2
547 306 6
653 486 20
993 707 2
764 96 4
659 376 14
586 893 16
135 297 20
512 44 1
456 713 9
792 737 10
983 435 14
910 486 17
368 622 12
937 46 7
346 552 6
879 761 9
948 554 20
74 240 1
107 650 7
873 923 10
734 830 9
955 676 5
810 674 17
866 410 12
136 748 7
135 377 9
494 353 14
825 486 18
34 366 2
955 768 2
175 775 7
696 539 5
874 103 9
561 825 18
573 739 11
908 434 7
726 825 12
516 410 9
543 356 11
105 306 11
936 129 6
320 116 19
235 506 4
875 534 15
306 99 6
535 592 2
179 515 16
173 993 19
312 105 20
980 74 6
253 696 8
673 127 13
370 76 13
80 750 2
808 252 19
594 720 20
733 769 13
891 283 18
225 874 16
385 155 6
116 779 15
744 947 5
891 120 6
389 770 7
26 93 20
5 140 6
199 248 17
450 644 12
23 130 8
130 593 9
145 870 19
61 858 13
306 780 10
130 488 4
107 708 13
690 980 19
236 389 14
659 398 18
34 41 18
981 168 13
300 126 10
584 898 1
409 952 7
110 447 8
299 493 5
851 6 3
608 569 7
981 361 17
857 585 10
189 101 5
378 966 4
551 928 9
173 59 6
653 970 10
910 313 16
330 836 17
278 4 10
328 758 6
976 98 20
832 382 19
120 136 17
409 811 13
465 747 8
537 690 1
679 448 6
351 196 4
973 51 3
905 691 6
79 414 6
100 817 11
236 831 10
135 927 6
904 322 2
183 199 3
986 241 6
993 368 9
631 41 8
766 586 19
425 552 3
682 389 2
300 320 13
389 270 16
977 826 3
371 490 12
982 40 18
137 460 10
61 928 15
681 102 3
944 821 11
832 917 2
396 206 17
430 615 12
191 772 8
145 755 4
105 398 18
716 424 2
178 931 7
501 228 20
863 113 8
193 285 14
559 380 18
815 18 18
106 174 7
954 713 1
359 864 4
92 216 6
494 795 10
831 765 5
163 582 3
527 766 12
696 596 12
410 25 20
840 896 4
371 369 17
138 502 1
919 955 8
153 713 1
343 317 14
348 552 4
299 624 16
367 683 9
905 18 1
869 503 6
680 750 20
461 966 16
137 189 9
974 85 6
949 511 13
740 159 11
629 839 15
944 758 11
549 431 9
444 362 5
67 747 12
250 243 11
594 868 17
230 703 9
509 955 1
491 264 13
972 881 13
485 721 10
413 787 6
314 914 14
991 557 10
397 470 18
18 615 10
287 298 3
852 687 11
894 38 16
321 874 2
833 45 20
205 631 18
346 709 11
542 176 9
890 709 14
599 935 20
351 226 11
403 159 16
908 927 2
973 19 8
101 44 13
130 393 17
360 641 19
673 690 17
244 334 1
842 612 7
111 114 14
125 166 19
106 888 10
804 403 12
520 911 11
922 954 17
283 50 8
246 582 13
671 341 12
328 203 18
637 247 3
659 594 3
867 944 6
157 761 8
698 940 16
848 964 19
727 152 2
882 116 10
308 273 19
483 761 9
876 355 3
84 806 7
375 175 12
145 348 3
321 286 14
644 273 13
21 482 9
885 925 17
681 207 20
250 851 17
114 982 12
333 257 18
316 719 15
444 828 9
351 914 18
56 752 8
810 497 20
990 655 14
86 203 6
412 994 6
51 8 6
265 662 19
817 791 9
157 706 13
27 187 3
828 451 4
596 971 20
448 675 3
772 723 17
74 893 14
346 707 13
74 819 14
497 330 5
457 448 8
76 391 20
504 76 18
506 555 7
808 130 6
306 292 7
459 658 10
656 312 3
998 314 20
598 719 2
990 277 1
199 317 18
244 167 19
95 873 9
834 507 11
436 894 13
189 986 15
942 702 18
735 504 18
409 61 5
152 450 12
117 912 11
342 658 1
217 433 16
383 810 2
967 11 1
491 529 4
295 356 11
238 481 17
729 994 14
811 726 7
305 238 4
279 468 3
208 66 9
712 33 6
519 817 7
342 358 4
86 353 15
927 519 11
788 126 1
734 295 4
694 134 4
186 504 13
418 594 12
55 910 16
550 729 2
738 593 10
256 150 4
496 638 14
522 16 10
311 678 1
396 117 9
84 460 7
532 730 3
355 64 20
258 169 1
994 157 18
673 411 7
705 155 20
311 752 16
881 846 20
481 185 13
309 394 4
583 918 8
497 907 9
766 515 13
215 786 10
939 741 1
448 166 14
954 750 18
902 631 16
786 44 17
437 227 4
996 56 8
459 565 5
530 819 4
710 336 6
720 758 17
738 746 13
229 982 13
362 268 6
306 827 5
660 632 19
918 101 14
777 48 10
941 865 17
973 107 5
186 342 2
184 621 12
241 679 15
512 24 16
278 124 4
758 965 7
338 347 13
237 220 13
207 720 8
844 497 1
185 499 9
852 320 8
71 449 17
644 833 20
68 965 19
593 193 12
878 923 16
868 874 8
255 673 3
276 793 13
148 278 19
767 996 17
54 769 9
589 964 12
59 620 8
586 683 7
708 6 9
952 513 6
119 731 13
854 710 20
691 861 14
731 466 18
556 508 17
919 537 5
741 816 16
348 218 10
220 932 18
790 939 5
123 267 16
711 722 17
592 674 13
778 593 13
690 979 14
16 710 9
621 669 8
422 64 9
308 656 9
155 780 11
561 303 14
423 642 11
681 24 9
991 729 4
127 478 5
122 275 3
10 455 12
397 500 9
689 120 7
981 150 13
567 306 10
604 244 14
519 560 1
892 21 12
19 652 8
999 309 18
857 165 16
899 156 6
475 693 8
828 397 7
124 915 19
702 256 11
292 668 6
921 828 5
719 161 9
63 319 9
496 926 9
547 963 8
274 575 15
195 581 18
842 679 5
978 583 3
597 155 9
709 188 5
618 950 11
31 266 10
123 964 14
430 307 3
679 871 6
820 509 9
214 652 16
779 743 5
987 138 16
345 299 8
55 807 5
18 722 7
504 320 6
704 103 10
560 637 4
520 202 20
537 139 11
39 704 2
294 306 8
301 612 17
277 23 6
721 390 12
436 878 18
78 380 17
369 640 14
882 563 2
479 705 17
193 248 13
966 499 17
504 403 13
677 103 11
719 329 8
246 987 14
322 310 5
430 764 3
61 525 5
269 787 19
277 319 18
836 295 18
103 80 1
741 666 5
25 286 4
200 120 19
428 633 20
622 121 19
905 45 10
105 782 7
266 760 12
97 335 15
41 448 16
786 139 19
862 573 13
417 924 12
671 881 3
933 476 1
255 821 16
422 222 3
126 889 10
828 585 10
917 202 4
363 194 6
707 12 17
634 325 8
167 95 13
11 692 10
288 190 9
378 114 14
637 690 20
641 258 11
23 506 4
22 760 2
928 80 5
212 34 6
125 48 16
539 409 12
443 805 11
373 83 5
422 12 18
129 788 15
216 252 3
592 508 20
6 872 10
736 362 9
626 977 9
316 160 5
535 819 8
493 950 7
506 8 9
980 691 4
434 502 20
451 227 3
472 326 5
326 664 17
490 658 18
146 529 7
112 452 12
959 393 9
442 753 7
916 603 4
398 316 10
699 927 17
178 161 17
503 289 17
891 941 20
665 362 5
597 209 19
49 65 3
498 887 20
330 826 13
37 53 9
345 278 3
870 751 1
836 808 4
136 421 8
568 735 13
689 125 12
647 295 6
970 447 7
624 953 19
884 236 20
695 775 7
207 248 7
251 838 4
125 730 10
289 88 2
850 167 17
325 8 16
333 191 4
800 386 3
804 924 19
841 33 8
315 530 19
238 456 15
857 884 13
71 82 15
63 308 4
94 193 15
831 23 1
875 911 5
338 915 12
102 78 4
708 15 9
926 866 6
1000 225 19
826 71 5
194 695 2
771 316 10
727 15 5
189 653 16
290 502 13
343 335 3
70 199 5
830 683 12
572 959 15
182 815 8
397 202 6
65 399 17
78 409 19
954 942 12
554 711 9
737 489 16
217 442 7
956 538 15
409 397 19
600 580 20
928 316 14
535 24 10
294 604 5
87 739 9
455 441 9
238 240 14
310 656 19
227 785 19
982 203 17
460 988 11
286 611 14
952 872 11
895 420 10
108 769 1
225 608 6
490 740 20
841 211 11
443 109 9
931 458 16
308 965 15
611 527 5
76 53 17
517 51 12
685 315 5
408 646 4
94 985 1
450 891 8
842 288 16
496 50 9
80 766 6
552 244 8
870 688 19
232 833 8
404 351 4
744 354 13
607 278 5
672 154 13
954 450 15
49 756 2
131 55 7
564 694 1
733 30 12
194 703 8
528 814 10
478 982 5
848 162 19
489 898 4
261 978 9
991 709 20
380 396 10
973 80 8
337 71 7
504 984 3
520 756 20
202 168 1
579 679 20
868 732 9
634 244 19
529 544 3
662 943 18
801 382 10
910 991 16
845 370 13
493 37 10
229 744 12
545 426 17
648 290 2
876 529 3
749 121 13
123 470 4
54 727 11
908 425 13
751 771 9
418 519 9
6 401 11
913 63 7
649 888 1
331 188 8
308 367 2
483 317 17
155 550 17
941 746 16
380 869 3
881 172 9
358 727 16
133 668 11
483 582 13
818 136 6
51 49 18
618 560 18
716 418 3
424 291 16
662 632 12
890 274 15
948 221 16
843 360 13
547 893 4
634 756 16
964 932 9
255 398 14
392 910 17
748 857 12
248 842 4
232 697 8
504 475 19
694 526 4
125 207 15
455 206 8
682 494 8
540 801 5
819 737 10
786 520 6
356 362 20
509 513 6
361 405 15
917 521 10
222 394 13
772 379 16
838 820 6
407 944 18
444 74 4
186 500 11
916 29 19
81 368 1
221 394 19
309 215 14
827 483 12
20 315 6
966 938 18
252 536 6
860 831 16
191 394 2
365 153 17
514 808 4
784 156 4
651 867 9
825 118 7
129 582 3
882 775 7
166 20 11
246 613 3
642 597 17
811 629 14
528 875 5
681 25 5
966 405 11
286 181 19
869 510 17
449 115 2
580 527 20
925 876 7
689 566 17
754 818 6
72 234 1
848 989 18
66 862 1
429 757 2
608 992 4
154 550 18
652 519 18
259 54 8
458 874 6
636 948 15
316 803 9
295 283 4
113 691 14
720 833 1
687 816 9
418 420 8
430 163 18
32 782 14
733 811 7
876 894 16
624 181 20
331 787 6
139 258 15
863 767 15
295 210 4
554 784 14
659 422 12
458 845 18
382 994 17
377 427 15
902 539 20
980 340 11
734 969 19
481 265 4
254 747 10
684 687 3
298 545 12
928 629 5
189 954 17
142 332 10
11 988 3
103 762 9
998 933 13
796 50 16
44 496 2
969 106 17
675 958 2
108 903 19
452 31 6
863 940 12
737 827 14
246 502 15
140 833 12
281 453 13
79 854 8
532 424 17
630 295 20
462 576 3
612 602 10
389 599 2
552 789 11
473 225 5
782 157 17
695 416 8
815 423 13
113 668 10
213 352 15
408 358 6
721 599 8
229 727 9
321 941 15
866 390 6
613 145 18
775 866 6
195 801 14
539 745 1
520 123 16
119 583 1
807 251 7
719 246 6
840 636 16
671 917 4
505 74 6
682 18 1
425 169 1
122 48 7
19 796 1
142 565 11
233 619 3
625 665 3
975 658 17
606 223 18
616 30 20
199 256 17
302 502 1
554 805 17
738 541 8
974 504 6
171 482 19
911 654 11
844 345 3
768 819 9
114 193 20
151 120 20
182 611 10
942 741 5
669 485 1
775 110 16
330 254 10
314 709 14
632 597 18
829 596 18
706 711 8
874 812 7
96 987 9
207 789 5
709 856 6
540 269 19
794 722 14
398 113 20
97 326 6
548 993 2
727 726 15
984 905 3
264 834 3
340 61 12
446 412 19
457 333 4
911 220 2
415 194 6
293 752 14
158 550 20
849 530 20
635 107 18
828 676 7
86 78 2
190 841 11
385 190 3
60 75 2
412 285 1
948 594 8
289 335 12
444 286 18
674 329 14
521 238 16
409 537 14
394 884 13
747 248 5
676 925 7
875 460 18
410 577 12
972 509 6
716 5 4
422 669 2
146 107 14
315 321 11
563 580 20
145 933 19
465 500 18
504 461 13
245 15 10
476 862 11
845 115 4
548 185 18
739 184 3
851 846 15
709 516 15
288 708 9
65 473 6
556 98 20
91 388 9
238 422 5
906 528 9
763 774 10
437 794 9
276 572 12
878 266 13
252 240 12
200 980 3
378 152 6
151 813 10
378 999 16
2 948 1
308 632 14
193 345 10
24 489 19
189 822 7
220 410 20
26 2 10
659 844 1
379 731 11
327 233 2
603 967 9
921 281 8
415 246 6
548 184 11
930 628 4
365 353 17
14 283 20
371 743 16
293 294 4
397 612 17
742 64 20
242 278 14
31 46 3
545 287 14
105 941 16
485 316 9
489 245 17
159 57 7
31 994 16
194 900 8
44 619 2
449 715 5
822 963 13
838 517 5
52 46 10
555 172 12
636 778 2
393 470 7
951 75 11
855 1 14
90 627 8
543 347 4
902 57 4
435 113 14
308 349 8
933 763 12
737 557 15
624 579 3
22 415 9
691 2 11
178 544 12
74 115 9
285 518 5
937 581 12
353 172 8
249 4 9
332 622 10
297 142 15
333 421 14
780 611 15
287 82 14
185 378 9
823 450 1
383 327 4
885 655 3
927 760 20
816 935 20
189 219 20
718 436 11
999 532 13
445 975 7
981 969 12
356 18 20
615 93 10
801 693 10
998 883 7
141 80 18
768 693 14
388 553 2
159 55 10
461 608 6
545 156 10
881 33 14
197 551 9
547 639 4
465 5 9
134 76 8
228 580 13
407 112 3
168 960 7
467 31 9
454 118 19
28 800 9
795 716 20
339 472 6
324 14 1
989 482 6
258 152 18
664 398 12
873 564 5
370 336 14
209 811 16
702 845 13
16 993 20
67 177 5
468 795 8
879 39 2
815 773 3
690 963 6
65 591 6
949 303 5
167 598 11
950 594 18
30 40 5
642 457 6
773 956 15
157 331 2
991 47 3
558 290 8
855 500 7
473 686 5
201 839 14
177 833 17
18 113 13
227 969 3
851 764 12
159 371 6
445 878 11
624 348 18
9 350 3
320 107 3
510 688 10
884 953 11
308 40 19
628 127 19
966 856 18
961 639 17
264 420 18
308 421 16
53 156 7
963 574 11
358 581 18
173 650 13
723 791 15
820 116 16
582 387 17
18 253 11
614 198 9
267 101 11
727 985 17
164 542 7
188 399 14
893 264 1
637 371 17
910 445 8
732 407 8
69 851 5
472 324 17
200 838 13
969 437 6
310 182 9
685 854 10
321 625 2
292 542 6
715 161 11
462 712 10
191 7 2
138 755 2
461 237 17
108 442 2
798 534 2
605 38 19
410 362 12
851 945 3
368 510 12
490 685 5
4 335 6
823 494 19
578 318 11
141 218 12
763 205 6
526 473 7
344 326 6
826 838 4
740 261 15
49 740 5
762 133 1
211 726 18
9 435 20
577 480 16
858 466 7
373 788 11
755 943 14
796 416 10
160 473 16
197 192 4
891 603 18
869 440 14
328 626 9
428 664 11
144 941 17
740 909 1
6 21 19
290 370 6
780 241 10
439 210 1
826 505 2
367 179 9
647 732 8
901 592 14
226 637 8
58 968 16
189 785 17
20 94 10
391 20 11
915 219 16
680 249 18
620 248 2
123 414 6
11 339 6
771 509 18
436 842 7
692 164 6
512 191 15
150 710 20
718 770 6
161 482 9
683 650 18
369 885 3
906 522 7
37 908 16
340 881 16
123 598 12
584 113 9
146 24 12
459 994 13
389 466 5
304 836 15
336 409 1
965 670 12
362 107 9
684 114 15
787 566 15
274 810 9
498 293 11
767 581 16
105 307 7
575 123 7
975 308 2
835 729 20
174 303 8
952 890 14
213 37 16
406 841 4
901 61 17
872 316 7
635 505 8
915 973 18
760 88 10
127 48 18
973 109 5
275 377 17
289 785 9
952 689 4
221 95 3
619 85 11
27 262 17
28 755 2
111 645 3
786 928 10
783 302 20
9 837 12
400 115 9
30 16 3
419 954 8
329 368 16
942 577 1
409 788 13
838 296 13
228 172 8
948 406 18
323 102 17
476 374 18
619 830 14
565 127 14
355 108 20
64 515 6
22 76 1
192 165 5
416 155 2
434 932 16
282 711 18
504 871 6
347 75 14
483 344 19
921 659 19
608 178 13
542 237 9
850 151 20
573 72 18
780 431 12
834 271 3
466 817 20
550 42 14
154 14 10
509 202 4
164 809 14
128 130 8
723 65 10
282 930 3
1 70 2
847 664 9
427 612 10
73 606 5
520 460 20
377 348 18
892 999 12
509 355 9
85 404 9
655 139 10
840 969 6
663 633 4
208 687 5
839 49 4
589 615 6
873 734 10
646 474 4
95 516 16
319 318 10
949 169 9
834 4 17
361 108 12
161 188 11
376 766 17
963 256 6
328 258 7
95 188 3
635 463 13
542 169 16
25 230 11
534 754 5
942 835 5
854 612 3
546 483 10
821 143 8
491 75 17
305 984 7
148 373 2
976 653 17
219 271 4
811 365 5
15 30 13
755 881 20
863 591 1
392 368 9
427 459 1
84 540 14
719 883 1
705 517 9
854 175 16
486 203 5
855 886 11
655 394 14
277 41 13
828 652 19
776 506 10
367 503 17
332 277 19
971 713 14
250 120 15
347 101 7
589 951 11
852 557 19
421 515 19
611 105 7
93 615 9
195 394 12
915 535 15
152 110 10
754 715 7
161 29 5
907 308 16
990 694 20
669 696 9
865 929 18
280 890 6
39 488 6
693 51 14
600 966 5
658 130 13
557 509 16
566 168 17
4 434 20
544 358 10
809 285 17
61 262 9
19 375 4
783 606 8
42 724 1
216 576 18
330 965 17
420 105 17
167 15 4
683 574 1
333 582 6
136 810 9
90 957 2
942 755 16
36 267 15
698 821 7
624 337 3
486 562 10
599 141 14
954 226 9
731 711 4
61 129 15
217 425 5
373 386 13
364 339 16
553 747 10
96 275 3
22 591 20
614 435 16
263 601 1
311 997 10
173 524 19
847 21 12
231 954 6
714 390 5
317 429 20
469 304 3
593 215 9
296 300 8
198 365 17
446 315 15
591 932 5
814 757 13
151 678 12
729 521 1
877 406 10
818 600 15
539 433 5
684 54 12
934 458 1
424 78 7
745 442 20
192 923 18
294 349 4
933 959 12
841 327 7
645 613 1
778 888 13
535 681 1
864 314 6
238 79 8
368 596 15
799 691 9
239 55 15
669 39 9
33 22 4
422 116 10
117 600 17
7 329 14
885 7 19
684 995 9
823 73 6
920 485 20
537 722 2
741 409 13
285 191 20
119 147 2
735 48 9
454 798 16
537 889 1
560 691 18
177 637 9
691 24 14
450 785 11
664 510 15
420 536 4
928 359 4
632 988 7
646 838 14
39 672 4
441 551 16
878 386 9
847 839 11
139 496 3
322 955 1
343 252 17
391 619 9
810 899 16
312 664 14
783 206 14
768 310 13
294 735 9
553 474 4
592 804 20
42 713 11
525 648 12
655 227 8
332 214 3
753 883 8
962 924 1
742 158 3
527 539 12
588 227 8
219 329 5
653 910 4
324 431 5
191 821 11
52 622 3
237 848 7
709 52 18
694 162 12
681 142 17
779 670 16
815 956 16
378 927 3
923 461 11
434 578 5
233 232 16
368 372 3
762 716 3
847 76 15
790 459 4
245 715 11
772 978 1
780 538 14
900 357 9
347 707 17
314 136 5
217 403 2
258 313 6
643 163 7
361 664 4
657 231 16
823 355 1
852 654 13
641 718 2
148 895 17
442 180 12
877 268 13
884 464 11
406 843 12
144 190 15
700 623 19
883 500 16
35 7 17
842 677 5
58 326 11
917 156 12
784 158 18
779 82 7
925 766 7
315 786 11
244 407 13
558 92 5
472 615 8
282 293 18
579 986 6
488 426 8
942 595 1
353 175 15
179 861 11
195 597 7
204 975 17
356 522 16
604 394 4
670 870 2
681 249 12
145 49 9
938 346 18
46 168 6
987 702 4
492 160 12
148 785 8
828 944 2
810 830 5
499 919 13
793 925 15
214 521 4
70 475 20
770 124 2
752 671 9
243 542 5
483 775 4
221 754 10
864 938 7
902 817 8
350 951 13
829 436 15
354 87 17
691 557 9
337 322 4
233 285 8
396 120 13
996 725 16
504 636 15
359 369 20
731 110 7
991 253 10
105 248 14
532 92 12
867 417 16
562 889 4
431 866 18
469 712 7
94 560 5
100 609 4
401 540 9
453 885 9
187 747 12
697 658 15
803 44 18
772 186 13
999 6 9
284 136 12
391 715 3
540 39 12
296 742 16
591 220 15
913 656 9
909 97 14
713 170 15
81 696 14
724 253 12
815 86 1
102 437 12
734 565 6
289 24 16
596 360 7
985 803 2
690 81 13
780 939 10
215 770 15
328 96 3
101 624 4
132 149 10
747 759 2
963 478 16
217 327 14
651 808 17
793 305 16
842 304 13
206 853 2
147 859 15
333 986 7
262 126 4
878 153 11
548 376 7
837 721 11
98 128 14
932 279 6
912 864 11
951 601 15
498 954 7
972 853 19
239 870 17
227 557 4
61 340 7
556 35 17
559 294 17
482 228 1
426 721 5
879 735 8
512 234 11
329 614 18
639 605 15
186 137 10
491 306 11
109 680 14
491 338 3
286 617 10
668 259 17
190 690 20
290 40 20
103 4 3
544 245 7
596 567 19
241 995 8
200 535 16
490 752 9
655 821 14
603 748 16
538 574 18
929 267 6
801 676 17
365 437 12
949 583 7
21 353 3
118 672 16
456 693 14
66 559 14
260 337 15
185 622 18
38 175 15
946 897 11
33 217 17
59 136 4
986 412 5
158 640 17
606 885 3
618 69 11
805 792 8
856 3 2
831 934 14
926 514 16
449 22 9
94 786 20
877 741 19
857 941 5
793 30 20
613 776 16
447 580 7
533 540 18
251 613 12
368 371 17
226 62 2
798 432 17
294 508 12
729 863 5
654 604 2
132 582 11
527 394 18
551 896 2
100 453 16
344 530 5
708 239 17
532 941 13
808 339 18
731 138 13
231 373 18
62 454 5
854 206 17
865 520 19
782 887 14
66 337 7
784 763 15
216 304 9
191 595 8
811 284 8
980 231 4
17 728 19
454 797 2
512 728 17
567 450 7
481 730 17
866 54 10
389 85 17
482 135 12
778 806 16
792 31 7
993 719 5
690 343 19
127 664 4
719 641 20
318 587 7
854 89 10
325 47 19
380 462 16
649 694 7
664 683 11
98 232 16
493 602 9
270 285 11
890 330 13
11 922 9
756 75 2
209 489 2
379 199 7
290 301 6
448 416 20
507 831 11
387 676 11
880 765 11
128 242 2
10 440 17
754 666 20
192 397 17
43 909 9
144 320 10
153 979 5
617 761 3
584 13 3
440 478 1
266 355 20
862 958 19
699 398 7
733 593 14
570 235 3
68 992 18
937 107 4
843 597 4
825 67 8
170 23 3
926 297 6
790 880 3
424 61 9
608 741 14
326 783 14
609 853 2
184 232 11
259 257 15
900 944 16
396 753 18
957 513 13
630 255 16
15 832 2
236 724 19
387 529 12
181 929 20
552 299 20
923 948 14
30 865 7
283 609 1
317 38 12
765 600 13
617 107 17
302 262 17
948 577 1
513 65 6
542 892 3
457 700 11
376 338 2
839 805 13
704 301 12
381 754 19
920 775 5
363 544 10
744 987 6
876 138 17
146 697 11
967 104 6
909 666 6
511 775 5
607 565 7
612 962 5
9 128 2
192 317 3
863 429 12
536 136 10
6 759 10
968 88 1
831 949 4
540 932 8
293 127 7
9 223 16
888 966 1
129 88 4
679 502 5
493 478 12
903 975 1
334 629 11
906 766 8
635 572 10
242 843 10
714 920 5
678 818 20
775 967 10
304 482 10
54 411 18
405 87 19
496 243 5
382 239 11
198 316 10
347 950 13
214 729 17
62 17 1
44 747 16
500 497 9
597 700 15
648 780 12
678 714 11
516 190 11
747 77 10
210 308 16
77 844 9
632 532 14
410 28 14
939 443 15
473 141 14
932 509 12
952 777 3
953 211 1
20 85 17
320 201 5
106 186 2
3 521 18
260 115 12
393 35 16
967 1000 11
308 979 2
878 331 6
221 349 12
775 601 5
957 992 7
336 424 3
224 839 13
72 745 1
940 709 18
259 372 19
641 282 12
285 484 9
248 987 10
8 302 9
682 976 5
743 587 20
326 469 2
660 708 17
124 483 11
897 671 15
738 459 16
364 614 4
777 222 11
821 342 2
888 421 1
566 97 5
114 254 15
903 123 10
342 914 12
627 954 20
156 260 16
496 789 16
805 507 3
356 759 6
158 264 6
635 826 11
927 60 4
698 639 11
95 160 1
777 836 1
337 438 14
979 862 19
352 32 2
354 670 10
189 385 20
361 482 20
49 855 14
807 180 8
696 823 9
627 846 4
186 89 17
152 217 16
806 51 14
297 393 14
198 752 16
908 495 2
219 309 13
772 724 13
505 251 9
823 279 9
192 914 7
428 667 11
485 615 18
475 264 15
563 448 8
934 267 16
481 898 13
868 530 9
340 355 12
948 136 5
424 317 1
51 793 15
161 30 16
574 808 15
495 145 9
769 516 10
915 469 3
106 54 10
46 212 6
484 314 12
321 747 5
637 971 13
837 991 4
659 920 13
925 470 18
440 921 1
88 935 13
459 388 14
766 176 18
598 39 2
464 641 5
104 24 1
688 357 2
310 21 2
432 680 4
578 635 10
360 826 13
49 415 8
311 370 13
211 519 10
257 636 13
263 532 19
246 210 19
906 450 19
543 669 16
401 770 6
212 487 12
635 479 7
364 974 17
981 408 4
248 974 14
521 561 17
35 286 18
72 682 8
85 520 14
771 294 3
699 923 7
808 329 15
496 10 10
92 92 15
545 262 2
325 308 11
226 585 10
191 551 9
142 69 17
665 477 1
145 851 6
212 172 11
575 551 3
154 210 14
721 756 11
28 575 6
87 601 13
478 301 4
461 604 7
496 883 15
817 423 18
705 306 14
943 341 5
636 807 15
559 576 18
611 240 19
103 149 9
51 931 17
977 122 4
90 461 2
840 634 8
317 492 17
126 398 5
247 625 10
553 896 6
63 152 9
392 478 13
495 993 6
866 241 14
233 607 16
765 65 15
349 148 10
887 17 17
217 179 4
675 364 11
406 127 2
59 13 16
293 715 8
369 942 12
4 746 3
385 36 16
985 468 14
5 769 14
967 6 16
657 893 14
248 621 4
456 1000 10
94 169 2
227 115 12
449 389 15
152 22 1
924 802 4
966 59 13
675 850 4
425 937 19
253 330 20
240 867 12
59 609 12
627 616 19
649 174 1
444 955 11
469 802 17
573 758 10
612 199 18
371 868 8
794 36 19
421 258 17
806 224 10
651 958 3
390 241 1
93 429 4
313 612 11
467 6 19
613 938 4
230 588 10
585 919 5
637 768 13
381 610 19
915 250 2
301 10 12
139 980 5
255 765 15
733 868 7
474 568 12
128 24 15
793 984 11
193 594 11
531 579 12
889 563 15
405 555 2
690 845 9
446 189 17
706 307 18
952 279 4
813 100 9
905 967 7
627 735 2
172 413 8
120 567 16
656 393 9
261 14 6
308 840 5
558 421 6
180 676 10
961 151 17
418 438 19
940 908 1
532 366 1
223 522 2
482 932 1
920 790 13
838 487 5
335 410 10
193 981 16
801 478 11
612 695 5
402 341 17
419 344 3
512 205 4
631 755 8
131 810 12
866 303 10
123 261 6
740 463 4
299 877 19
682 549 3
839 510 18
533 690 14
120 357 2
945 197 19
86 116 17
916 864 7
949 252 7
804 153 16
879 973 16
15 923 6
204 481 6
866 353 9
510 245 8
413 308 5
139 422 7
531 370 18
665 128 3
403 415 1
23 21 5
417 139 2
939 141 20
949 416 3
812 836 2
177 802 12
973 603 1
212 662 4
984 17 3
804 925 6
188 868 13
786 117 7
451 481 16
75 287 7
975 584 2
540 849 18
82 199 11
564 796 14
248 713 9
736 807 6
815 796 20
767 651 1
338 437 20
976 137 8
830 449 1
738 737 5
656 970 11
110 499 9
146 438 7
482 225 18
33 111 12
522 363 15
612 801 11
609 9 7
977 202 17
625 819 13
504 422 20
493 428 3
790 108 3
777 315 3
883 380 16
908 301 6
398 518 11
894 819 6
822 839 20
782 282 14
993 172 10
977 956 4
988 223 8
137 802 5
343 864 11
720 476 11
740 755 5
178 786 2
495 896 9
511 718 14
86 832 6
580 235 3
913 925 15
834 14 4
671 19 7
229 880 7
652 55 18
121 337 6
822 944 13
333 485 5
140 722 5
469 227 9
466 227 16
873 697 8
460 233 19
508 353 12
107 2 12
880 819 9
410 121 6
983 766 16
456 177 12
635 735 16
806 860 14
453 680 17
956 503 5
988 827 1
239 618 3
659 141 3
941 418 1
23 208 2
946 929 16
19 876 3
570 584 2
267 744 18
976 764 16
789 154 17
806 839 16
908 796 9
333 938 15
720 725 17
327 180 8
272 440 10
226 715 12
191 127 15
21 78 11
481 728 15
923 269 10
139 876 12
410 309 16
807 364 17
262 515 2
217 255 20
116 568 13
181 885 7
594 500 12
121 803 18
335 82 20
916 805 13
648 121 15
874 728 16
269 371 7
547 495 20
559 22 6
420 939 12
1000 37 14
430 283 16
348 135 16
49 564 16
618 527 5
273 776 20
388 29 6
244 832 4
89 497 14
717 376 5
661 638 15
836 163 14
442 625 1
948 110 19
575 960 17
448 322 12
944 971 18
366 880 20
463 795 15
313 140 17
544 160 12
400 591 8
903 215 1
806 400 3
395 936 9
243 845 14
910 334 16
363 709 3
610 558 1
852 481 17
329 524 15
929 536 5
601 190 1
123 51 6
137 643 7
934 139 9
769 749 10
647 318 8
607 464 10
665 85 20
660 138 12
34 414 4
850 544 5
745 311 18
843 925 16
863 930 1
842 649 10
624 488 16
85 187 14
338 5 17
985 216 15
861 738 11
351 384 20
280 120 19
415 765 15
921 544 11
35 393 4
677 100 6
191 816 9
956 249 5
238 638 2
794 69 17
945 302 6
685 927 12
914 709 12
518 984 4
927 90 8
535 290 11
930 737 1
451 147 17
828 629 10
963 360 17
360 407 4
70 500 20
213 746 11
531 650 16
826 703 9
544 228 8
755 340 20
199 219 12
359 540 5
170 603 12
955 368 20
976 593 18
726 170 14
794 923 13
521 168 15
957 469 14
392 297 1
442 238 1
679 998 7
324 297 4
958 498 4
669 922 9
923 633 13
742 737 19
109 395 1
42 625 14
835 101 5
289 616 11
518 752 2
34 152 1
975 69 19
812 741 11
549 203 14
929 303 14
57 424 15
23 415 5
745 896 8
392 965 20
606 952 4
779 219 5
37 289 13
807 809 17
973 651 1
376 895 13
987 420 11
619 461 6
304 235 3
440 599 3
595 861 9
725 161 7
522 256 2
899 570 9
384 882 15
362 502 3
598 29 17
907 943 15
342 732 12
571 978 9
632 786 14
406 900 20
421 805 12
368 111 12
719 707 10
888 453 6
424 605 8
936 112 20
961 253 5
894 603 10
118 813 9
20 35 20
917 645 9
465 522 4
419 638 6
66 630 16
701 44 7
649 381 17
775 240 15
916 969 7
166 731 15
389 833 3
422 377 10
308 432 18
809 64 15
150 445 20
76 521 15
5 157 14
556 274 6
546 823 10
514 518 7
825 716 13
181 573 12
400 158 12
16 82 11
779 864 4
73 105 11
639 663 15
950 710 4
670 974 18
710 919 7
253 329 7
766 615 6
818 361 3
590 357 17
605 861 11
329 190 6
222 115 4
60 304 11
889 301 19
793 915 16
876 592 18
381 484 9
678 323 11
910 482 17
280 986 20
149 570 6
179 686 6
961 924 1
801 210 4
576 319 16
251 375 20
730 347 10
470 980 17
602 11 3
36 112 18
170 308 3
250 520 15
252 466 4
500 886 15
460 791 14
532 855 16
419 812 19
963 592 11
162 243 8
162 440 16
863 427 9
762 378 9
130 929 10
656 996 17
166 93 3
755 218 18
313 54 19
765 694 14
939 309 13
617 478 2
902 163 19
730 28 8
125 611 16
57 718 18
198 814 19
327 103 14
832 90 15
202 269 5
888 202 16
946 206 12
607 932 2
985 433 20
690 625 8
451 555 4
256 779 7
238 662 14
15 94 10
355 178 11
973 654 14
40 474 2
686 569 6
733 613 2
513 561 10
808 873 19
991 736 7
777 909 18
753 524 11
330 563 15
444 272 2
374 548 19
538 592 11
839 610 3
843 571 16
545 665 18
138 31 3
423 317 2
959 127 1
283 876 7
760 205 7
233 376 11
597 892 1
352 291 13
319 176 16
469 387 10
903 753 4
771 944 5
927 491 8
783 988 8
630 731 9
924 170 10
864 361 11
99 544 7
497 524 4
884 145 19
400 577 9
548 43 19
537 709 8
569 592 7
738 320 4
339 853 13
469 331 7
935 908 3
740 800 14
993 658 3
635 965 3
846 376 13
74 595 1
953 23 20
12 80 7
51 219 4
840 861 4
499 603 19
28 910 1
919 186 5
302 207 10
868 936 8
916 349 12
160 826 11
845 177 17
862 351 4
441 208 4
995 55 11
833 484 4
902 901 3
568 548 2
525 99 14
265 650 16
221 944 6
141 567 14
728 115 2
6 435 17
804 296 14
765 121 2
659 363 11
124 78 12
812 796 12
298 874 9
909 366 3
310 896 2
778 316 2
951 181 18
194 47 2
915 110 4
429 24 1
374 671 3
903 707 5
349 587 10
954 422 11
156 853 18
913 775 13
13 470 18
16 364 12
94 937 6
820 253 16
715 196 17
256 556 17
50 200 3
555 694 17
9 69 13
529 229 16
900 469 16
791 488 12
906 289 4
826 356 17
478 182 16
780 971 11
212 528 15
114 385 6
786 602 2
922 507 18
880 934 5
429 558 19
20 508 2
588 980 20
155 859 11
746 818 4
436 190 1
717 666 20
362 94 8
543 926 10
455 717 16
346 37 18
368 874 2
849 615 11
299 708 1
699 189 1
32 235 2
345 943 17
563 351 12
560 109 12
210 630 19
423 310 18
884 756 8
765 570 18
708 170 2
383 603 18
894 581 18
920 626 8
244 390 13
992 752 9
663 470 16
280 981 9
974 361 3
153 854 19
501 545 9
980 250 14
872 33 18
232 260 2
914 182 3
469 298 7
869 832 17
405 497 15
480 30 13
334 639 8
928 210 2
901 109 16
62 435 2
439 592 15
858 550 17
207 704 20
729 218 14
718 817 13
241 626 7
371 417 11
497 96 9
440 4 4
681 389 6
774 495 15
185 197 3
860 9 8
589 91 15
830 122 12
781 400 8
310 911 14
529 9 15
569 605 3
977 355 2
275 697 1
976 166 5
950 990 13
680 907 3
385 558 8
360 902 13
13 623 3
191 736 13
566 591 8
383 433 3
218 450 2
794 278 6
719 262 19
112 720 9
718 894 3
43 110 12
597 374 10
619 231 1
125 140 13
615 814 5
62 156 18
243 672 15
3 923 19
451 901 11
382 457 4
846 237 7
319 604 4
978 143 8
328 610 19
57 860 4
752 106 4
178 280 3
243 702 11
180 366 18
870 508 19
658 505 9
316 868 16
715 247 8
915 970 2
739 529 9
309 604 18
664 120 5
32 364 18
988 175 6
693 749 8
920 184 13
801 884 15
605 285 13
923 569 8
247 992 6
551 430 18
863 59 17
959 919 6
651 969 1
383 475 12
879 559 1
980 449 16
349 351 14
161 970 19
368 910 4
270 928 4
311 725 9
54 755 8
391 973 13
163 562 11
143 887 6
571 269 6
792 604 5
657 409 2
972 889 3
563 647 16
35 496 15
916 662 16
686 83 8
422 442 14
956 972 10
549 157 16
274 567 18
703 591 1
142 525 10
748 678 6
784 935 3
834 539 6
966 602 10
915 876 13
92 298 18
153 479 4
977 963 5
143 440 19
684 716 17
890 171 4
478 257 17
360 769 3
645 457 12
344 508 9
17 502 15
532 795 17
287 275 14
240 120 8
810 731 4
289 274 10
460 990 9
833 976 10
385 172 7
158 893 3
247 346 19
964 217 16
481 435 6
662 263 10
578 680 8
95 502 9
443 489 17
933 844 12
71 682 4
760 621 8
175 331 19
994 85 13
434 536 19
924 225 7
793 742 13
537 198 10
733 219 15
677 998 17
918 96 11
548 469 18
824 628 12
131 941 10
550 779 6
131 287 17
703 795 3
258 37 12
62 199 1
949 916 10
149 874 11
242 524 14
901 271 20
821 178 18
569 515 3
789 420 16
669 597 4
799 127 10
618 789 17
479 466 11
748 637 18
236 145 11
818 773 14
25 246 1
215 210 1
765 162 6
786 687 14
991 561 20
231 146 5
757 432 2
579 386 6
506 115 5
540 491 9
152 796 16
685 477 18
271 741 6
796 307 4
588 737 3
133 712 17
538 448 4
823 647 7
734 475 18
737 407 12
653 802 10
770 534 17
479 631 1
464 9 19
138 947 10
59 657 10
845 38 9
293 648 6
583 957 8
25 493 7
958 437 18
275 677 7
100 647 11
418 444 16
678 333 8
407 801 20
193 83 15
831 698 12
374 647 4
659 170 1
292 23 5
70 637 9
314 392 1
522 565 4
251 96 11
517 981 12
533 489 13
911 827 18
706 676 12
650 76 13
150 15 20
756 212 3
298 696 12
277 990 5
539 145 13
588 489 4
875 531 19
778 770 19
411 888 19
670 909 13
658 748 20
120 869 9
314 714 2
477 770 14
9 907 8
713 394 10
309 112 20
284 769 13
397 101 13
623 463 2
991 595 13
500 583 20
896 354 18
703 877 19
801 538 19
118 1000 2
587 748 4
736 488 2
576 938 20
828 926 18
23 983 6
194 958 18
773 772 3
345 383 17
212 963 15
525 796 2
233 485 4
335 91 7
192 868 6
976 506 19
243 785 5
448 730 15
169 407 13
218 962 10
224 930 5
332 344 5
81 926 5
528 996 4
490 881 8
884 59 10
382 318 17
676 117 20
547 916 19
677 422 10
766 344 7
487 356 13
613 667 19
496 525 7
109 307 9
261 589 1
435 840 20
233 151 14
9 931 9
668 278 4
70 872 8
220 577 16
548 23 4
524 537 20
859 579 16
351 290 11
412 959 8
202 994 17
664 798 11
136 384 8
760 121 4
927 304 9
730 616 19
25 34 4
539 746 9
676 195 1
272 476 16
862 9 2
622 687 20
610 61 18
209 83 18
27 610 17
561 435 20
454 53 7
442 473 6
39 831 13
112 404 19
867 880 11
175 227 17
108 635 15
630 23 17
772 10 4
129 393 7
806 878 9
195 723 6
218 220 11
110 942 1
216 339 1
776 404 7
488 266 8
902 48 5
898 312 14
908 950 11
123 245 12
574 295 18
186 854 5
226 765 7
26 836 18
220 945 12
221 188 9
64 518 19
263 857 5
540 395 3
40 842 14
1 114 9
912 982 18
558 373 17
805 479 4
522 7 1
968 218 6
915 933 4
237 276 4
166 143 4
328 311 10
171 789 1
97 949 20
582 735 5
557 131 20
119 434 11
764 174 19
745 108 10
918 373 17
718 982 7
112 770 14
442 714 18
420 743 2
742 446 19
772 189 16
888 929 9
411 214 14
696 743 15
841 851 15
124 116 13
201 954 9
308 451 20
206 26 3
605 471 4
346 203 5
808 870 2
657 527 13
481 526 13
63 629 15
604 837 13
114 993 12
496 9 18
99 313 6
883 350 12
568 737 9
726 6 9
987 167 6
681 948 9
423 267 7
235 167 17
693 52 4
263 882 18
933 381 3
355 381 9
745 5 11
782 64 14
884 914 12
407 293 10
207 623 16
231 147 10
41 940 11
160 552 8
452 924 2
424 896 19
609 294 19
393 949 5
781 147 1
19 950 16
417 574 20
999 905 1
484 394 20
977 580 3
801 479 2
812 269 8
49 829 19
600 514 12
461 834 14
520 226 18
199 541 12
989 115 19
506 464 11
900 342 17
964 745 20
113 15 8
444 459 6
714 214 7
151 555 7
336 395 2
929 592 13
756 453 8
147 46 10
317 509 11
158 73 12
421 381 6
472 966 11
172 891 7
37 777 1
160 528 16
771 52 3
47 910 1
369 93 9
721 571 17
62 64 11
579 814 8
969 278 3
400 873 10
3 525 2
523 570 4
672 970 19
293 318 1
897 560 14
832 482 14
758 51 16
689 318 11
983 844 9
916 895 14
874 501 19
540 142 3
517 229 5
155 205 17
327 139 7
713 429 2
922 785 19
544 125 20
314 743 8
762 923 5
884 938 18
334 882 3
448 97 7
454 993 19
82 988 6
664 243 13
704 199 6
509 899 3
671 779 19
48 479 18
461 155 9
40 277 16
481 693 13
993 604 12
26 613 17
449 160 8
749 24 1
354 575 17
689 296 19
26 440 5
909 673 1
151 940 2
442 27 9
203 853 15
171 915 14
400 141 16
43 168 3
709 376 5
75 711 18
444 857 20
114 425 16
12 214 4
186 574 16
291 254 13
676 951 6
888 476 12
938 758 14
948 359 20
308 542 1
576 234 12
339 679 19
688 915 8
660 241 5
931 601 16
838 677 4
614 953 3
443 430 8
196 493 1
75 566 16
542 499 18
1000 587 20
827 935 14
281 284 6
995 458 10
997 530 9
771 617 6
251 15 2
332 729 15
896 584 13
526 315 2
413 849 2
682 85 18
870 914 11
776 711 6
591 67 3
81 125 12
869 620 16
630 59 20
159 42 3
361 998 11
201 815 10
773 402 20
127 389 18
675 734 7
226 168 2
936 466 15
205 307 3
163 544 5
139 380 10
246 244 5
10 818 2
109 20 6
832 176 19
598 786 16
340 754 10
340 186 5
547 446 9
995 269 13
52 640 4
764 843 10
234 367 9
356 897 20
991 460 9
362 545 11
482 451 11
303 909 19
576 147 1
475 980 15
59 17 11
639 638 10
681 895 6
82 244 1
247 551 2
77 836 1
789 64 8
203 699 9
979 452 9
32 603 7
669 51 3
575 388 14
574 962 9
450 528 9
296 348 20
812 66 7
357 523 1
934 215 4
124 40 14
717 173 12
338 411 5
687 21 15
699 615 20
598 25 17
625 988 17
532 421 3
629 446 13
935 271 8
143 535 15
347 119 16
151 93 14
461 786 2
496 298 7
726 645 5
947 610 11
461 325 19
691 213 14
761 298 3
266 294 9
341 982 10
316 392 4
556 557 2
897 400 17
648 600 1
774 673 14
820 791 7
562 986 15
739 718 17
521 665 9
880 231 7
968 102 12
973 741 3
309 414 11
870 286 7
768 975 11
821 185 17
711 462 14
372 984 8
800 438 11
683 600 2
437 703 2
953 366 1
783 770 13
908 511 11
308 133 6
668 170 19
485 198 17
483 72 14
178 520 17
651 159 19
231 278 6
864 928 6
875 108 3
529 970 18
263 290 1
227 932 3
177 486 1
396 577 11
756 717 13
224 957 19
990 363 17
208 61 5
12 757 8
661 23 15
670 492 3
339 334 12
619 925 10
56 199 3
585 797 15
265 852 3
539 226 19
570 657 5
762 733 1
238 110 14
910 154 14
689 854 4
660 134 5
551 983 12
802 118 1
43 220 16
666 844 9
31 485 4
837 187 13
457 52 4
889 75 19
448 387 11
845 415 20
294 876 6
658 977 20
808 359 13
962 334 20
988 87 14
402 338 5
487 668 7
322 403 18
255 800 20
244 4 14
951 289 19
696 911 17
658 79 18
587 953 16
372 446 11
464 243 7
928 108 8
698 469 18
23 74 17
485 432 11
39 766 4
525 488 1
453 837 15
902 877 15
495 235 9
509 64 16
68 512 11
959 838 17
47 557 4
999 133 16
290 968 1
665 634 2
300 366 10
711 903 4
651 907 19
361 264 14
362 683 18
276 552 7
353 333 11
772 752 8
598 546 17
103 809 1
668 29 17
151 724 17
791 150 7
948 346 20
361 125 1
653 740 15
689 830 1
237 555 9
108 133 1
293 115 10
235 465 16
236 954 2
872 255 14
873 334 18
734 331 8
620 153 1
34 481 14
206 385 16
242 860 17
395 529 6
610 975 8
15 311 2
225 658 16
953 501 15
457 176 18
716 507 9
119 826 5
169 301 1
617 911 6
326 219 7
137 282 8
110 38 9
701 6 10
527 401 12
208 42 1
197 549 5
23 989 7
660 378 18
24 807 3
732 151 10
430 941 1
652 730 12
176 946 11
407 680 20
883 48 6
615 807 8
940 389 1
566 222 4
266 354 4
973 842 9
483 368 7
759 674 9
661 441 18
12 341 11
722 151 11
54 467 6
342 103 16
247 22 1
944 711 5
606 308 7
858 787 2
764 465 3
449 675 6
596 734 9
934 947 14
378 636 9
23 274 4
873 377 12
473 230 18
184 229 1
953 664 1
142 8 10
620 398 19
252 36 18
68 353 20
226 698 20
295 183 20
23 146 15
739 168 11
738 900 8
19 961 4
285 963 2
442 161 11
975 111 18
9 151 20
297 9 20
312 236 10
470 896 19
371 365 19
671 961 9
217 296 16
611 844 17
386 884 1
74 236 7
386 381 9
440 793 6
378 250 11
464 111 6
453 459 2
772 302 15
138 515 13
538 670 13
428 871 8
201 801 14
357 401 1
333 62 15
799 137 15
41 122 12
259 720 18
609 765 2
932 55 11
701 375 6
874 125 9
489 179 5
859 569 5
85 384 6
841 152 3
382 300 2
583 429 9
605 666 1
202 242 4
660 884 19
760 428 11
46 118 7
543 956 1
889 265 5
391 777 6
327 571 2
371 384 14
478 700 6
294 764 5
43 436 14
731 760 20
167 771 4
78 876 5
273 483 20
654 151 8
951 96 7
485 718 4
439 221 16
72 391 11
131 165 13
129 96 17
804 177 12
310 905 2
197 952 11
14 865 2
421 229 8
774 596 6
153 469 6
585 836 13
678 229 4
501 641 10
384 329 4
396 500 19
640 941 8
785 538 14
131 963 3
743 768 2
762 939 7
381 803 5
449 293 13
118 273 14
823 295 2
700 920 16
20 944 15
893 880 10
938 766 10
78 308 1
423 252 7
923 813 8
691 853 2
576 428 12
164 328 20
674 262 17
988 140 10
138 897 9
659 234 6
979 178 8
591 1 17
626 466 7
298 294 14
742 625 14
671 684 7
248 213 14
659 87 8
744 295 12
967 107 14
474 742 10
109 167 11
262 858 7
508 415 4
741 217 11
407 748 11
76 490 5
534 8 9
288 124 18
958 157 5
822 241 13
863 536 11
566 847 13
239 934 19
845 25 9
945 259 15
636 174 19
289 634 13
173 885 1
613 606 15
86 15 5
670 894 20
931 739 20
429 708 3
832 120 3
418 300 1
216 283 2
333 984 18
794 147 3
85 587 17
291 9 16
125 338 15
403 256 5
899 794 17
977 608 11
981 637 3
995 685 6
960 840 4
310 467 17
1000 999 17
657 31 5
748 371 15
916 547 3
187 73 1
510 238 19
342 427 9
390 298 10
968 127 2
999 690 16
596 399 7
919 904 13
519 634 1
512 910 13
669 211 6
820 319 5
28 131 15
793 750 3
911 24 7
34 615 17
73 164 11
165 782 8
134 539 8
880 67 2
354 442 12
651 209 18
341 376 3
858 885 5
108 600 15
669 553 8
100 554 15
538 831 16
760 178 7
683 375 15
353 499 7
760 201 8
158 392 1
293 278 11
696 645 9
966 84 14
312 448 6
995 90 4
779 679 18
454 1 14
233 544 17
697 482 13
586 420 6
272 475 13
895 482 6
263 198 7
16 108 4
59 334 14
999 977 2
328 86 7
329 381 18
540 810 7
768 278 17
270 600 18
142 152 19
753 124 3
774 571 14
576 836 17
203 525 13
264 163 13
374 82 1
842 24 1
494 793 5
515 186 9
164 307 4
628 672 1
7 618 4
797 411 10
660 251 11
420 829 5
771 74 3
87 874 9
363 937 13
250 601 18
925 173 8
752 135 7
183 282 6
298 637 9
260 816 5
717 112 8
413 713 2
184 368 11
839 209 3
904 727 19
666 205 19
638 512 11
407 932 9
406 815 17
561 971 10
987 843 6
641 895 8
490 58 1
317 570 1
566 787 1
237 393 11
126 33 13
646 202 12
70 501 4
545 691 7
130 780 20
300 190 5
640 616 13
510 282 16
144 668 10
124 735 20
57 108 6
656 769 12
117 501 5
685 929 1
15 982 16
659 84 14
527 889 15
590 256 5
344 447 5
650 990 17
76 611 20
388 822 3
203 749 17
134 902 8
931 888 6
895 621 18
639 439 13
745 189 11
307 140 6
263 529 19
699 853 10
830 649 12
642 200 20
547 653 11
354 547 5
698 15 9
503 859 11
51 457 20
219 387 10
414 612 3
483 858 4
318 412 12
94 15 5
937 458 20
820 157 19
307 920 17
335 458 16
515 377 13
257 656 20
289 872 4
246 725 3
903 82 1
781 875 6
257 991 19
755 419 9
964 833 14
567 501 2
480 136 7
607 29 3
67 384 3
177 331 7
292 369 1
281 298 9
603 875 2
592 230 11
759 506 3
223 707 18
86 324 9
141 462 4
258 718 16
218 827 6
222 669 7
396 97 3
368 680 12
922 98 10
381 274 3
675 955 3
59 282 18
430 523 11
944 207 18
779 644 17
94 403 6
544 426 10
697 52 7
57 587 14
538 584 11
210 931 11
101 92 18
951 960 4
983 586 11
837 565 11
57 802 14
351 522 3
577 273 20
821 722 8
406 804 1
595 86 3
311 500 15
537 976 7
340 392 7
558 66 3
613 306 20
501 430 13
452 895 2
801 749 18
736 197 9
294 441 11
901 106 17
753 452 2
80 656 15
13 928 5
344 484 13
355 284 15
789 371 3
864 74 17
576 345 16
823 262 5
68 862 9
269 753 11
666 557 5
118 752 7
408 949 19
470 757 20
577 733 19
618 590 15
561 168 14
518 567 19
862 195 12
204 396 8
179 667 1
427 587 19
557 431 18
608 607 17
481 449 18
685 591 20
849 232 2
535 282 1
390 804 5
971 799 7
361 675 3
610 241 10
570 842 20
262 404 6
599 812 10
934 658 16
428 193 20
264 7 14
528 663 4
890 870 9
251 593 17
108 513 14
261 742 16
146 729 1
210 640 15
954 574 18
915 845 16
704 735 16
245 885 9
279 88 19
437 490 11
717 457 9
303 456 15
689 246 17
126 189 3
623 795 20
232 945 20
511 835 12
749 448 12
900 921 2
332 879 1
933 927 19
527 381 11
81 738 9
682 997 14
440 755 17
473 781 18
428 679 16
63 322 6
238 166 10
152 325 19
873 579 19
651 199 8
225 775 4
289 209 17
837 785 1
841 830 9
566 380 9
134 567 18
406 414 1
170 469 9
968 770 19
769 991 1
1 915 11
8 868 11
117 233 8
172 716 5
288 879 9
256 239 10
343 509 7
987 674 8
550 530 5
292 964 19
928 141 2
675 749 14
788 154 16
490 354 9
609 969 1
176 901 1
700 842 5
389 644 5
285 331 4
50 517 12
694 661 1
265 995 8
633 679 15
736 977 2
946 595 18
593 396 12
50 745 17
874 489 1
62 134 9
647 722 18
305 204 14
331 116 3
359 202 3
603 454 9
749 195 20
999 807 6
817 696 9
970 495 1
553 380 18
344 92 2
477 170 13
114 487 5
784 812 18
995 268 8
336 794 19
336 271 20
822 87 5
880 947 8
1000 219 7
243 915 11
847 87 6
250 471 18
659 633 13
855 906 1
855 373 12
891 529 14
251 777 2
844 163 5
355 908 4
314 132 5
501 498 8
795 95 2
441 726 10
332 819 9
823 70 18
212 589 2
169 39 18
542 829 8
518 812 6
553 543 18
976 86 6
2 441 12
830 674 12
539 298 12
624 283 8
690 274 18
858 228 2
549 171 13
864 843 20
163 944 17
484 51 17
548 76 8
533 13 5
589 375 10
282 521 8
372 617 19
626 367 4
400 48 13
551 995 5
484 904 14
657 361 2
81 23 1
125 969 15
404 295 20
567 980 11
245 201 19
682 510 17
568 484 20
368 404 10
692 992 11
183 975 17
69 229 5
37 455 4
278 441 5
216 732 9
303 793 8
420 156 3
465 362 13
428 791 14
249 265 20
547 746 19
489 101 13
163 807 5
417 806 10
812 706 1
859 935 14
581 793 14
493 501 14
346 188 11
62 246 11
214 490 2
202 512 12
35 166 2
489 711 1
276 373 2
365 421 5
321 574 14
734 730 12
180 321 13
163 432 3
722 335 13
513 224 16
385 124 3
988 248 14
841 865 20
933 135 10
817 143 10
219 849 4
809 335 15
681 762 17
446 617 13
773 869 15
624 716 20
120 634 20
887 469 16
901 462 8
685 102 10
294 792 6
881 867 10
936 410 4
792 532 18
78 238 15
768 745 11
945 494 3
798 283 1
604 788 20
932 648 1
75 968 16
200 223 19
781 740 6
738 118 1
308 114 4
404 359 10
688 134 7
742 787 14
784 988 16
132 858 14
40 908 17
157 817 18
874 814 7
777 894 19
30 403 10
494 574 4
933 975 1
317 213 16
197 28 1
162 569 20
98 790 9
719 52 1
835 810 20
612 407 12
6 644 19
29 139 18
120 13 19
740 931 17
448 750 17
205 664 19
514 120 16
857 490 8
413 298 12
631 753 13
193 632 1
477 637 18
602 429 4
630 850 6
797 173 12
628 684 11
366 714 1
711 185 19
278 715 2
504 523 5
437 998 18
310 453 4
543 806 6
15 726 5
210 260 9
945 409 7
233 678 9
63 851 17
616 474 9
961 788 19
656 479 5
879 858 16
899 961 10
8 465 17
305 134 8
514 49 2
450 577 7
222 894 12
915 303 16
527 673 17
197 474 9
872 404 2
806 618 1
174 997 8
68 603 11
680 854 14
68 471 9
480 331 4
544 489 20
248 673 3
144 280 9
209 307 18
945 50 5
751 772 3
281 723 13
553 519 20
224 1 15
332 628 4
521 698 13
869 97 15
435 612 18
378 647 11
485 562 6
156 334 9
831 708 8
303 976 5
216 271 11
135 622 5
364 972 8
567 703 2
339 399 10
821 331 8
583 722 15
951 33 11
4 986 6
636 554 17
258 489 12
324 722 19
323 31 20
44 840 1
842 720 17
285 901 9
163 377 18
690 490 19
174 327 9
786 847 4
528 782 20
211 974 12
873 969 12
926 614 11
777 685 10
311 458 15
787 770 6
470 680 17
304 431 7
442 29 6
798 426 10
872 700 17
626 256 3
189 743 17
712 689 5
347 314 17
374 500 17
136 29 5
678 372 16
670 582 7
920 109 10
41 886 10
199 662 11
776 87 2
122 956 11
791 745 11
699 724 7
334 54 20
708 721 20
944 31 7
879 452 12
231 554 20
494 804 19
849 261 14
359 642 9
480 305 20
353 384 1
690 229 13
534 186 4
424 267 17
817 433 5
228 74 10
25 509 19
501 506 9
487 321 16
168 464 12
875 852 17
657 494 17
278 3 16
60 300 5
808 231 6
426 4 16
82 464 9
707 297 14
888 441 9
124 129 6
608 945 14
785 182 4
745 381 5
45 541 17
600 345 17
615 654 7
527 774 20
521 99 2
722 419 3
506 612 13
418 575 16
277 460 20
163 676 3
65 430 2
362 183 11
382 858 8
720 983 15
418 206 1
739 811 16
902 933 13
370 654 1
710 972 19
474 456 12
161 728 14
273 8 8
304 300 7
390 768 5
389 336 9
653 235 12
357 26 3
403 296 11
609 39 19
747 536 1
690 376 20
981 605 4
228 476 6
103 679 8
164 992 15
991 779 14
417 302 8
889 272 18
558 940 9
65 236 1
281 280 20
32 492 1
997 675 9
81 199 17
481 754 6
506 954 20
345 913 9
36 982 8
503 712 7
14 199 5
150 462 20
106 420 1
986 70 1
692 525 1
204 654 7
979 533 2
608 555 4
882 497 15
89 153 11
959 369 13
833 821 16
594 445 18
720 525 8
463 26 9
389 646 17
461 738 11
409 408 20
454 235 9
98 158 11
832 367 20
423 572 16
65 964 14
872 397 14
791 821 11
396 430 7
222 877 11
669 58 6
657 605 6
645 726 7
677 489 9
522 556 6
76 241 12
775 819 4
942 297 15
598 789 14
336 589 16
337 13 3
372 131 19
799 114 10
437 265 13
39 506 18
728 254 15
962 558 9
286 796 8
935 66 15
16 998 19
621 430 2
111 62 2
794 370 13
962 494 6
928 473 11
689 434 10
106 982 20
478 893 7
163 408 15
532 916 4
502 892 14
63 858 19
13 818 20
424 848 14
281 454 16
399 679 16
664 296 7
783 619 12
581 139 2
518 572 14
658 119 9
185 883 8
206 896 1
717 223 16
512 928 8
360 15 8
857 286 17
700 117 4
87 877 7
444 327 18
479 153 7
442 428 15
832 635 2
214 896 12
565 691 5
942 664 5
845 789 14
148 978 19
754 122 20
403 397 15
500 698 18
621 283 5
673 944 18
429 608 19
930 792 13
649 774 19
598 531 2
220 87 3
554 920 5
500 694 9
127 759 2
886 1 16
273 725 5
151 704 4
40 879 16
718 583 11
330 983 1
458 216 19
685 638 3
593 233 16
941 68 20
976 785 11
481 542 8
720 968 9
369 61 2
949 200 12
922 214 12
216 439 16
39 866 14
499 385 13
467 120 4
201 893 17
426 10 4
952 313 14
916 344 2
363 15 10
980 888 12
23 474 18
483 300 10
168 498 20
315 807 4
854 748 9
275 432 3
807 164 2
452 690 18
548 315 1
691 114 20
781 228 12
295 446 4
324 747 17
426 702 1
118 585 18
798 905 8
363 792 3
704 155 15
674 12 19
47 726 18
28 269 10
821 836 2
968 567 9
887 29 10
639 687 14
3 182 8
579 787 13
399 85 6
394 296 3
364 40 10
258 565 18
527 745 18
383 824 10
226 333 11
607 511 16
65 364 11
42 464 12
80 968 2
237 964 1
729 378 19
362 295 12
708 412 7
671 533 18
676 263 17
375 339 20
165 185 11
806 194 7
829 500 11
578 194 2
131 701 12
757 526 14
671 737 15
576 59 19
557 556 4
144 588 20
869 930 11
688 286 2
108 803 7
800 860 8
734 192 12
391 480 9
557 566 15
233 394 2
55 694 14
543 245 4
940 284 14
451 249 4
361 46 13
440 497 3
371 163 13
443 85 14
315 136 18
433 21 3
989 925 19
958 722 16
423 922 5
678 940 19
212 302 15
532 954 17
757 33 19
795 690 12
117 368 20
940 160 19
925 861 15
158 29 6
313 909 17
518 491 3
645 340 17
765 107 10
569 940 2
287 575 1
507 581 12
215 68 12
438 504 20
767 848 9
883 650 2
344 710 2
416 191 16
671 122 4
42 67 7
646 43 13
107 703 19
328 22 18
581 586 1
899 255 14
488 937 16
50 134 3
890 863 15
270 722 8
735 438 14
907 483 7
376 230 2
64 957 13
355 907 19
116 830 13
69 118 20
705 393 18
17 714 6
632 950 9
243 537 2
576 78 11
18 171 16
704 936 8
194 273 17
541 937 4
283 474 16
202 861 15
640 72 20
968 225 2
907 277 1
984 59 9
336 839 8
757 180 4
490 236 4
129 99 7
737 994 2
157 485 12
358 545 14
636 463 4
815 421 11
12 685 1
254 984 19
297 448 8
899 609 19
302 550 10
428 695 9
672 309 13
985 292 18
210 839 14
635 580 15
479 235 16
146 155 7
174 159 12
598 837 12
456 689 12
921 137 7
672 99 7
842 490 16
425 280 7
243 919 14
999 970 1
111 895 11
939 320 11
421 77 15
693 452 8
863 708 17
787 74 17
148 625 15
755 611 6
158 675 16
973 805 16
382 336 18
555 921 11
1 683 18
785 27 8
376 420 15
550 369 15
396 186 3
295 568 20
24 589 10
127 988 13
541 269 9
115 791 16
233 239 1
173 522 5
211 777 16
830 838 4
216 595 14
573 118 1
337 926 8
470 350 6
194 835 20
858 390 13
965 772 10
792 821 16
845 232 8
593 534 18
30 633 20
129 496 19
420 352 12
911 712 2
68 922 13
384 298 11
823 579 1
767 76 8
843 980 15
803 394 6
501 839 2
71 909 1
46 536 18
759 146 14
386 918 7
454 358 3
381 456 6
733 233 2
194 182 18
775 476 17
74 223 18
663 150 19
335 235 19
672 430 9
268 119 10
363 391 12
685 129 20
590 35 13
146 910 4
162 476 20
817 973 7
55 740 18
179 724 14
428 733 13
458 169 8
29 947 12
364 167 15
32 102 1
376 78 6
472 672 6
281 713 1
682 240 11
543 844 14
865 237 13
715 548 6
308 558 10
651 57 19
217 929 20
739 425 8
697 838 11
788 510 12
238 521 5
176 443 6
94 884 12
179 562 9
853 689 12
627 907 13
937 620 15
90 278 14
371 559 3
134 314 17
810 36 19
820 432 11
7 767 4
895 554 15
47 419 19
391 835 7
748 639 6
240 52 9
525 169 13
654 832 7
526 925 5
951 23 12
554 311 8
882 245 6
6 814 16
644 739 14
778 303 7
49 936 19
313 417 15
677 215 16
804 797 14
386 762 3
617 143 6
66 250 11
1 778 2
917 641 3
401 417 15
680 774 15
277 209 15
508 986 3
597 607 2
611 908 2
949 671 14
813 385 17
208 982 6
358 867 3
235 308 5
756 39 16
537 850 11
276 190 9
744 610 10
37 993 4
762 729 5
699 548 19
180 350 5
192 973 15
884 819 7
643 639 19
589 561 16
771 298 20
313 483 2
889 906 8
89 437 13
67 968 20
527 917 14
962 584 12
388 137 14
782 263 20
793 162 10
398 943 8
863 104 14
10 755 15
123 908 10
665 159 15
56 87 5
759 318 11
918 981 7
86 801 5
777 202 1
406 106 13
711 627 19
832 124 5
541 107 15
293 686 15
191 562 16
479 626 4
115 8 11
800 202 2
692 564 15
583 854 16
932 273 12
905 7 11
757 654 9
178 262 13
198 628 20
330 410 12
225 599 2
151 868 4
941 231 14
319 19 12
877 823 15
847 736 17
422 1 19
878 35 1
745 488 2
94 379 3
316 491 15
222 529 1
810 806 16
122 336 20
102 80 9
134 357 9
795 54 18
561 33 5
340 463 20
18 889 5
428 387 18
507 756 8
215 243 16
83 335 18
520 829 20
97 212 11
488 50 10
396 337 11
783 150 6
735 978 3
446 907 10
15 954 17
647 984 7
5 647 18
839 85 14
837 872 2
798 252 2
474 802 10
516 594 4
547 349 8
149 549 20
845 677 4
896 574 5
954 191 1
438 161 7
664 849 16
763 169 13
345 159 7
255 211 4
397 576 16
977 606 2
576 323 20
920 442 12
114 231 2
182 393 7
294 78 10
201 156 17
245 845 16
492 898 12
428 949 20
905 770 13
109 152 3
486 5 3
380 165 16
410 238 3
160 862 13
64 13 14
321 578 1
430 993 17
435 324 14
900 634 20
194 746 5
44 372 5
334 250 7
319 967 4
955 700 17
117 171 1
499 320 13
799 898 5
380 306 19
837 135 17
605 517 3
660 462 5
741 836 2
925 353 5
190 808 18
316 614 16
894 266 18
14 262 7
200 134 15
157 109 11
168 268 6
488 574 13
817 619 12
636 754 19
118 157 8
742 613 10
861 952 8
896 545 18
97 894 4
421 848 3
88 496 12
441 192 11
660 230 4
29 989 1
556 846 9
710 883 5
247 411 19
589 907 1
956 335 4
677 180 5
754 928 18
42 461 11
241 789 10
298 875 6
540 720 17
690 445 6
837 730 6
673 253 15
523 15 12
311 847 3
449 952 5
20 468 3
677 582 12
526 612 15
868 368 5
773 562 14
150 326 15
464 644 11
640 970 8
269 249 19
125 9 11
325 113 13
635 601 2
368 46 15
326 598 1
21 721 18
988 59 18
979 659 12
566 834 1
295 755 15
341 918 18
80 446 12
176 385 7
831 794 2
49 693 1
560 970 18
387 542 18
852 684 20
583 151 9
407 888 17
433 621 18
453 358 11
595 837 1
919 348 12
451 207 16
68 957 19
278 801 3
465 207 12
145 420 10
383 507 1
493 518 1
555 239 17
394 520 8
965 609 4
663 585 10
306 411 10
31 196 20
468 348 8
643 720 16
589 888 15
336 965 11
676 265 3
238 920 2
187 617 1
953 506 1
638 115 9
566 193 8
649 560 13
661 597 16
996 242 20
844 348 10
471 999 2
787 185 14
668 63 16
684 136 7
869 441 7
594 465 19
677 302 18
497 224 12
248 1 17
758 43 7
223 528 2
500 113 18
177 26 20
747 257 11
857 229 4
324 984 13
971 971 20
32 123 13
885 562 10
899 800 17
188 177 15
366 831 13
893 747 3
812 245 17
949 230 13
296 456 18
689 813 11
77 255 19
44 784 6
768 41 10
155 456 3
387 915 7
212 685 2
540 782 7
875 513 20
272 420 16
639 462 8
882 622 6
375 725 3
295 353 4
64 721 20
92 746 7
108 713 5
48 669 9
823 513 11
920 319 2
342 798 6
621 396 10
786 212 19
383 841 1
929 863 10
602 276 20
798 373 5
487 671 11
231 138 7
430 99 3
88 953 17
523 958 19
857 213 11
674 378 9
276 526 11
538 654 15
503 428 6
734 863 17
606 604 17
297 813 10
745 934 10
105 393 19
996 768 2
785 929 19
454 469 16
616 160 16
812 740 12
135 614 10
235 187 16
646 253 5
902 774 5
474 347 11
857 676 20
817 678 3
120 693 13
908 699 1
460 58 3
248 229 8
410 367 20
763 947 3
595 449 20
98 433 10
331 224 17
44 678 15
312 451 1
186 978 1
108 238 1
196 843 17
341 187 4
190 574 20
22 681 5
859 353 18
991 714 15
786 996 17
475 994 5
378 669 18
223 841 16
756 79 20
535 501 7
692 117 16
519 619 19
825 738 1
500 898 6
515 188 11
873 520 16
128 105 2
186 649 8
527 376 1
787 316 6
707 710 18
966 160 18
723 734 1
587 650 9
157 861 20
561 551 12
892 611 4
342 707 16
535 483 10
202 287 18
949 466 14
259 584 20
462 894 19
115 890 2
882 961 9
544 754 2
489 716 17
909 853 3
117 12 16
93 767 12
81 228 7
783 679 1
396 144 4
874 606 7
111 876 13
880 627 6
937 518 8
373 47 19
459 438 12
358 70 15
79 983 12
770 69 12
730 337 1
452 808 4
230 32 11
882 235 17
602 923 7
552 284 20
492 94 13
547 932 15
569 321 10
609 72 15
372 468 10
145 110 7
190 249 16
678 915 7
8 871 8
875 46 2
133 454 8
606 307 4
463 992 9
578 707 4
496 656 1
891 304 9
56 62 8
44 602 4
438 677 6
553 723 2
249 334 9
189 512 7
429 792 20
989 773 4
699 35 4
689 267 1
858 409 15
421 874 15
485 131 7
982 417 12
456 506 12
933 998 9
204 714 13
144 138 5
234 713 20
460 313 17
561 679 10
677 125 4
778 682 19
709 830 15
524 360 12
388 589 11
839 758 8
810 795 1
895 805 17
684 800 17
342 843 14
215 24 19
424 229 1
960 951 19
880 651 6
331 372 11
683 261 14
109 856 14
25 30 17
538 865 4
951 227 9
469 482 10
337 378 8
530 776 6
535 247 18
21 347 20
969 766 10
966 376 12
900 103 5
579 609 4
488 609 5
431 505 14
390 341 19
993 27 16
92 276 11
298 421 4
995 922 15
234 811 19
338 378 10
772 950 17
471 650 17
25 815 9
949 651 7
86 191 9
322 193 7
5 721 6
569 792 4
817 390 5
44 654 11
816 39 11
562 182 19
370 793 19
302 907 18
499 599 19
336 386 20
449 846 13
653 485 10
247 153 14
380 1 11
102 485 13
890 165 15
289 70 2
902 676 16
325 4 12
360 708 15
442 17 8
405 478 17
60 134 6
798 30 3
981 461 7
936 485 19
313 836 20
539 996 20
800 852 19
20 671 17
938 670 14
469 717 14
613 595 14
205 339 13
216 926 18
707 366 11
465 932 4
738 839 19
27 326 1
770 662 20
150 960 8
956 301 15
632 215 14
197 225 20
929 60 4
31 69 7
72 644 11
299 847 13
745 90 4
156 927 19
424 521 9
296 604 2
333 644 4
892 103 3
723 170 15
465 422 6
387 575 2
930 643 3
474 2 19
17 734 14
220 28 6
904 992 13
942 544 17
200 51 16
957 409 16
940 192 15
320 861 16
571 562 15
848 1000 9
336 151 10
536 908 20
606 160 3
253 498 11
340 37 8
543 509 7
378 523 4
478 146 8
602 13 15
646 206 7
650 323 7
40 385 10
758 333 1
654 324 20
581 300 12
508 738 11
602 742 11
759 5 16
863 227 1
717 72 11
139 547 17
577 457 11
529 874 15
933 1 9
762 779 14
235 221 17
504 450 7
841 580 3
194 723 9
205 167 18
539 220 7
343 876 5
805 316 12
695 784 20
728 550 20
353 255 5
672 166 11
949 832 8
832 983 16
52 151 15
129 125 13
21 288 16
388 891 20
813 52 3
668 810 16
248 898 2
361 60 1
144 241 8
61 762 9
268 364 9
285 416 3
326 941 16
235 590 20
726 772 9
268 540 9
327 820 20
7 298 9
666 562 11
465 846 3
555 545 13
546 426 17
67 681 16
320 94 18
516 172 1
600 736 17
314 817 20
203 528 15
669 698 9
218 445 2
929 678 2
171 744 8
287 722 10
825 138 17
996 347 10
529 394 2
919 795 13
309 603 10
741 627 5
15 591 10
250 374 4
348 872 2
537 28 6
114 578 10
554 501 9
880 535 3
933 157 6
317 996 13
771 709 2
984 410 8
947 189 16
973 449 12
306 450 14
428 150 10
910 512 15
693 657 1
159 649 2
492 339 6
182 47 10
78 919 7
746 338 5
271 955 14
547 263 13
364 55 19
31 574 14
421 452 2
17 112 15
53 547 10
981 350 13
207 999 12
36 17 7
402 452 7
61 915 16
942 645 12
800 7 14
989 336 14
841 556 20
400 748 6
747 348 19
210 611 20
123 73 4
542 850 12
521 530 19
509 988 16
169 690 18
640 774 12
982 940 10
798 160 11
609 630 1
886 119 12
936 970 17
266 630 3
516 636 8
408 88 9
788 953 13
670 168 2
321 572 6
674 625 1
24 857 9
351 444 10
518 696 15
518 235 19
878 839 17
969 369 11
372 406 13
25 499 13
497 791 16
74 366 6
720 692 10
870 918 4
128 34 12
51 863 5
242 830 12
614 620 17
272 46 19
889 347 13
616 945 9
389 373 10
246 378 1
722 723 3
983 719 7
434 51 5
651 799 8
779 861 12
341 397 20
145 835 18
491 532 11
648 643 2
821 484 15
542 941 14
583 525 3
294 945 8
2 953 9
343 465 19
457 108 19
391 285 17
315 716 17
248 10 2
566 758 10
125 262 2
253 396 13
742 484 3
667 65 19
532 763 1
694 614 7
806 439 1
421 471 18
113 386 12
421 576 6
515 477 6
211 765 10
531 15 4
414 505 10
641 730 13
386 466 18
768 311 20
677 703 2
654 82 7
719 605 15
856 419 6
241 246 7
86 462 3
896 726 16
598 816 12
65 991 19
808 268 7
669 177 20
321 417 8
216 187 14
20 428 9
98 348 3
810 833 16
571 568 3
690 661 16
333 352 2
482 133 12
630 366 5
731 75 17
577 289 1
962 646 7
637 154 8
332 430 1
378 28 15
657 708 3
731 928 11
461 468 15
748 590 19
662 249 16
769 780 20
116 664 7
49 325 8
550 176 7
981 94 16
881 812 3
345 499 17
163 661 3
287 350 3
639 957 7
487 874 19
323 508 2
154 462 4
281 133 3
453 140 1
538 727 11
995 526 17
207 609 20
19 579 4
925 690 20
695 823 13
766 833 1
73 306 4
398 960 14
419 68 5
974 357 3
821 134 9
878 566 15
673 869 3
799 960 15
668 793 5
503 737 1
806 305 7
275 941 11
161 450 13
641 148 16
294 87 5
657 725 17
400 467 19
261 133 2
530 98 6
177 216 6
107 243 7
908 692 1
207 386 19
919 148 13
592 895 5
167 283 19
863 807 19
416 555 2
466 476 1
743 882 10
742 338 13
797 649 8
329 496 3
806 60 16
423 277 18
896 756 18
947 156 1
844 341 4
321 83 11
111 643 4
429 935 8
630 795 4
874 328 16
155 135 13
710 976 9
150 851 1
404 81 3
762 790 17
831 58 10
825 457 10
284 620 19
479 215 8
482 884 4
671 352 15
764 281 5
950 794 17
835 929 8
796 43 15
890 338 10
186 836 9
728 439 8
553 497 10
889 277 6
219 584 6
364 610 4
931 599 12
487 350 7
475 834 8
32 307 12
785 739 10
788 186 15
76 330 6
90 800 4
552 519 20
1 671 16
921 840 14
103 730 4
871 648 16
178 668 10
776 933 6
23 335 20
183 966 3
581 733 3
552 443 15
737 623 5
378 12 17
190 303 2
399 281 6
894 367 17
249 199 3
10 420 3
869 825 19
228 66 2
137 512 12
2 293 3
768 769 6
211 818 5
136 836 1
347 590 6
855 671 3
134 460 19
255 311 10
26 55 20
803 722 3
734 676 16
142 696 16
300 387 8
420 426 17
97 191 14
83 842 18
860 167 13
350 642 1
964 500 1
20 181 16
955 889 18
358 517 10
67 288 20
408 245 16
301 818 1
193 806 12
238 229 18
970 665 16
695 702 15
890 914 10
64 964 19
147 486 17
421 830 15
168 336 15
726 220 7
29 768 8
72 184 9
489 275 20
425 110 5
173 945 16
555 60 2
132 341 6
633 912 4
4 36 4
913 967 8
339 525 6
669 147 19
488 265 7
654 657 14
595 956 1
524 519 2
454 299 4
918 559 16
782 845 1
73 541 14
368 884 1
827 370 6
585 139 6
653 586 7
63 1 16
718 19 1
14 424 1
781 748 8
401 904 15
83 202 17
630 821 1
945 614 17
423 677 6
196 137 20
93 727 3
500 709 14
958 354 3
462 931 7
734 659 6
167 893 15
568 598 1
406 856 12
51 331 15
174 859 17
810 225 14
809 659 4
851 757 13
816 316 18
160 884 4
701 238 7
187 342 9
827 683 5
351 561 4
490 501 3
660 578 17
28 561 4
118 54 9
130 869 10
12 156 2
138 376 18
549 193 16
646 7 10
386 273 13
971 418 7
204 331 5
418 459 4
828 902 4
682 460 15
953 804 1
936 622 10
88 340 20
222 140 9
308 472 10
346 478 8
704 377 6
399 430 17
805 484 8
498 499 20
74 673 5
963 692 6
105 916 19
648 226 8
535 293 1
138 733 9
70 591 3
78 786 2
726 139 13
646 252 6
386 963 17
582 562 6
665 562 7
619 961 6
93 285 14
659 371 4
52 327 4
65 444 14
340 471 10
132 302 5
463 667 5
826 252 5
876 946 4
442 791 8
324 878 5
929 700 2
603 303 1
749 643 17
518 709 16
133 815 3
370 667 19
525 508 19
397 464 3
211 890 11
972 836 17
506 63 5
641 72 16
113 647 8
937 332 6
839 122 7
837 752 18
79 79 7
902 86 6
180 346 3
758 620 11
630 329 6
342 969 20
482 855 9
253 923 17
989 234 18
528 305 12
369 868 1
13 688 3
142 499 10
963 880 19
359 751 20
852 286 1
253 354 3
762 445 9
456 876 2
358 488 17
408 863 20
44 442 15
522 545 16
712 361 16
877 784 17
204 928 8
843 161 16
549 699 9
567 390 19
51 210 18
826 996 14
901 795 17
479 324 15
962 445 8
813 153 17
81 124 14
578 657 1
412 364 7
120 115 19
977 347 11
68 279 2
807 791 11
539 405 13
490 327 8
80 600 2
373 604 3
947 788 12
950 514 3
134 283 9
42 931 9
284 756 10
58 812 2
794 23 3
854 198 2
507 556 16
489 603 18
574 517 1
625 44 19
655 900 3
240 97 18
7 884 10
659 923 6
422 494 13
894 824 16
80 300 17
350 523 15
740 230 7
149 227 6
723 56 6
34 321 7
703 871 2
548 217 19
394 458 16
186 378 1
561 223 20
576 925 20
319 495 17
168 132 4
75 777 12
574 108 12
907 433 8
979 437 18
402 213 6
202 527 15
518 52 3
942 521 19
469 370 18
776 902 1
359 429 13
485 99 16
114 516 10
917 459 19
238 713 18
879 69 14
92 217 9
778 820 4
495 219 7
227 199 18
433 672 17
94 517 18
907 470 8
960 577 20
244 483 2
415 114 18
576 280 13
135 771 6
321 514 1
998 544 10
347 301 19
173 492 6
133 721 17
923 192 17
802 720 3
311 396 2
326 491 2
972 434 17
904 166 9
557 76 16
884 979 4
419 444 1
697 43 2
378 897 10
269 829 1
796 39 14
335 252 7
641 170 5
860 13 6
767 65 13
11 391 1
439 315 14
291 805 19
28 823 4
64 712 1
445 942 1
607 186 14
943 356 7
815 899 20
59 70 15
134 258 10
343 96 8
833 975 4
424 215 1
834 257 1
477 551 20
196 305 19
37 21 8
913 525 10
924 300 16
742 358 2
768 588 15
575 967 12
772 799 12
812 413 14
584 220 9
532 111 5
606 80 17
368 833 7
22 666 10
965 5 3
237 703 13
792 526 19
348 981 20
696 532 16
486 528 9
529 574 5
488 545 2
301 51 15
955 686 19
43 695 19
980 295 1
85 34 19
365 953 7
748 29 3
900 802 12
171 673 3
263 195 18
923 295 13
983 726 6
147 139 3
62 203 11
974 512 11
308 489 11
254 771 15
682 981 5
613 603 10
418 628 1
195 737 11
440 943 20
965 122 1
436 611 19
125 904 15
149 404 6
753 271 17
301 209 9
330 333 15
95 320 9
582 466 7
541 833 10
748 162 11
479 96 3
100 169 17
375 574 7
119 622 8
684 966 1
211 976 9
779 714 18
107 408 4
334 731 15
477 608 15
652 946 17
33 444 19
143 869 16
185 119 19
757 13 20
875 778 3
216 995 3
647 66 1
801 661 12
141 222 7
996 670 4
142 39 13
211 521 12
452 82 1
782 238 11
982 290 8
864 940 6
840 758 10
401 372 7
981 841 10
253 171 7
451 461 11
59 932 13
558 713 15
320 743 3
965 384 8
720 59 12
39 856 13
345 534 3
635 174 12
480 553 17
560 488 19
405 379 8
425 643 12
298 595 7
735 25 18
785 389 20
828 908 5
132 970 7
621 427 11
778 978 5
641 815 6
266 778 16
715 902 19
680 837 16
509 863 7
691 397 5
43 842 2
36 948 1
462 527 13
350 94 3
295 963 6
929 67 13
1 40 18
957 179 15
761 246 14
710 472 11
73 189 7
290 262 8
695 767 3
530 943 2
694 301 4
479 830 20
589 793 12
428 527 4
507 649 20
669 894 3
635 673 20
15 931 7
729 10 20
273 726 14
472 825 13
531 335 18
269 486 11
841 728 15
762 435 2
848 26 1
593 688 15
817 852 2
360 204 10
384 603 10
129 202 14
334 318 5
342 283 18
924 471 16
127 120 14
976 227 13
147 512 1
293 235 15
780 182 15
134 51 15
114 60 6
820 78 4
114 673 8
448 522 17
928 988 5
939 777 10
281 597 3
405 906 6
911 663 8
423 670 2
944 328 6
764 930 1
855 885 3
78 258 15
864 822 18
3 963 4
809 136 20
656 144 7
793 130 1
460 448 19
742 955 5
657 464 2
978 137 19
912 535 12
320 808 13
944 726 20
848 794 3
907 63 12
263 527 6
542 274 20
67 465 7
503 391 5
203 308 2
350 783 13
754 793 7
910 893 12
427 463 13
900 309 11
520 895 20
219 670 11
886 870 20
204 535 7
7 661 11
645 351 18
435 874 20
330 46 2
483 915 19
367 599 14
453 311 20
865 396 20
994 746 8
375 485 16
437 601 8
250 108 20
414 986 2
558 160 9
665 918 7
568 822 10
707 891 14
482 836 10
705 768 14
986 623 12
730 503 9
404 746 12
2 660 20
588 396 13
975 95 8
494 352 1
958 717 12
527 259 1
158 278 18
868 397 16
194 927 15
805 218 13
908 256 15
358 115 16
488 729 4
122 793 16
438 719 15
245 783 10
393 314 12
467 732 11
339 299 9
414 747 19
838 444 10
142 44 2
133 869 9
793 435 10
312 726 16
770 346 2
234 472 4
876 610 8
387 734 18
59 548 18
570 831 13
530 901 11
169 404 6
399 72 7
789 87 15
698 999 11
982 574 16
372 25 1
370 453 14
53 966 1
914 162 11
300 411 4
495 253 10
36 490 11
756 441 2
715 718 7
964 10 20
82 290 12
213 736 4
592 345 14
582 22 19
781 867 6
286 963 7
666 275 1
87 528 13
207 366 7
318 489 1
198 567 8
104 638 10
460 232 14
738 165 11
28 264 13
161 359 16
747 222 13
566 392 15
201 551 8
819 571 13
970 266 6
623 144 12
205 187 18
29 761 1
813 571 10
826 668 1
664 508 2
310 579 15
454 169 5
113 368 14
959 761 4
685 34 5
506 361 17
388 888 20
904 319 4
587 866 13
360 546 16
791 158 13
517 840 16
303 379 16
711 203 10
384 64 11
729 728 5
390 243 15
935 590 14
967 444 12
7 192 7
595 138 6
479 555 3
968 696 18
235 223 9
520 640 8
436 46 10
379 678 20
902 658 10
62 474 6
402 807 19
339 718 11
848 695 6
883 913 9
514 861 9
817 613 17
986 528 16
927 107 13
806 445 18
111 10 11
243 356 20
671 70 6
426 124 11
650 209 8
975 847 7
196 290 7
841 626 12
474 299 7
770 737 18
549 144 19
620 835 3
742 596 8
740 991 7
343 364 6
723 208 5
895 962 4
464 913 3
706 292 19
97 623 12
76 284 19
138 257 20
973 316 16
439 444 8
9 957 4
699 242 1
629 367 18
771 605 11
333 132 8
988 439 3
116 218 9
270 260 3
480 527 13
774 550 15
651 545 5
740 275 15
976 986 16
682 555 1
401 176 20
314 776 20
400 945 1
110 407 18
666 169 11
594 572 10
636 475 17
749 811 4
637 91 15
775 822 10
641 99 10
189 84 17
30 582 6
52 623 18
233 638 17
875 872 15
481 770 19
832 666 13
955 858 18
723 875 18
911 805 6
227 894 14
517 477 5
86 912 3
84 507 13
790 270 18
729 325 14
630 439 17
239 839 2
633 330 6
430 902 1
667 436 12
80 379 18
276 377 5
761 346 17
589 815 19
60 248 2
163 340 8
246 182 3
396 984 14
220 855 12
210 85 1
51 275 9
950 805 16
383 376 4
755 474 20
495 437 18
555 309 14
2 790 12
276 453 16
353 649 12
477 232 7
540 236 1
622 386 9
209 955 20
23 986 15
215 872 6
999 213 5
415 531 13
356 630 3
27 140 2
648 303 18
551 758 5
761 867 3
317 135 16
394 225 11
470 81 17
766 590 10
897 327 12
413 665 14
157 157 4
966 217 9
880 447 20
797 483 18
782 660 15
838 76 4
541 607 15
469 271 6
756 769 4
288 523 6
829 579 14
105 564 3
262 30 17
773 309 13
563 827 15
550 67 6
81 211 5
548 397 9
29 256 10
562 685 1
377 393 7
617 268 16
9 320 6
638 879 1
827 834 12
729 981 18
712 317 12
735 134 9
421 466 20
567 492 16
509 987 5
664 567 19
135 760 7
36 864 4
807 701 10
840 153 10
709 914 9
367 717 14
429 79 12
140 553 11
922 908 4
141 335 18
953 44 10
688 472 4
746 850 1
929 64 15
868 27 3
675 680 10
567 954 18
370 421 9
408 959 8
10 684 10
786 638 2
193 72 10
619 213 19
674 940 11
827 290 3
401 544 14
145 439 7
872 957 2
43 288 12
826 682 9
156 57 18
2 881 7
877 290 9
627 854 7
268 873 10
561 62 14
290 259 18
801 255 5
421 747 9
190 591 18
933 604 10
149 339 7
979 498 15
958 42 2
41 866 3
7 144 13
806 446 8
653 593 3
276 101 9
317 797 17
147 378 3
477 700 2
856 515 4
29 190 6
234 889 1
822 43 18
162 741 3
226 76 1
950 185 15
696 916 13
62 26 6
249 905 11
799 201 9
856 758 12
365 676 10
255 312 9
531 559 14
949 763 10
335 515 1
293 279 18
439 286 2
127 537 20
363 442 20
54 869 6
519 588 8
181 797 5
103 650 2
924 230 16
433 939 12
508 659 1
804 976 14
837 18 13
835 224 3
193 756 13
438 107 19
746 763 13
939 281 8
44 841 2
607 297 15
656 58 3
280 471 17
869 925 20
770 746 9
24 442 9
127 676 3
811 396 16
561 887 12
439 41 6
966 107 8
474 142 11
640 487 18
273 253 7
142 911 20
322 494 11
641 564 12
612 412 2
218 436 9
308 507 2
915 148 16
397 526 19
307 75 19
608 962 20
62 737 13
151 85 8
276 349 12
701 498 1
76 574 3
589 909 10
451 748 6
689 634 8
562 349 4
133 408 16
509 490 12
239 468 13
873 577 7
122 91 14
952 311 3
940 624 11
639 865 2
724 917 13
325 298 17
802 147 12
685 696 1
402 456 8
399 927 12
899 546 17
396 352 4
33 484 11
946 25 15
750 110 16
701 297 20
622 908 11
72 949 11
761 106 17
918 45 20
707 871 16
336 692 15
887 777 12
968 532 6
524 293 8
834 156 12
22 25 19
955 573 14
251 875 12
165 449 5
912 845 14
363 71 20
17 746 13
483 151 7
845 484 1
192 219 9
128 366 13
364 211 18
946 993 2
644 343 2
610 215 14
541 91 14
201 151 2
119 106 14
367 806 1
393 89 19
795 151 10
899 309 3
311 346 15
243 78 6
971 637 1
173 771 3
235 820 14
682 776 17
636 374 12
382 109 18
258 622 17
798 709 12
813 635 8
277 775 2
628 478 18
102 535 16
879 286 3
335 67 14
395 157 6
377 854 6
738 297 2
806 99 10
101 284 9
76 236 16
319 466 10
646 831 12
111 901 16
400 4 18
175 507 14
843 466 10
618 253 14
392 300 11
498 794 8
372 790 5
210 277 7
206 829 13
968 574 11
155 874 12
56 734 15
519 842 4
736 112 4
165 466 4
70 131 11
41 892 3
648 660 10
297 41 6
253 927 2
796 180 19
166 978 16
497 343 6
669 556 3
768 69 20
453 386 7
63 549 9
960 469 6
984 699 14
459 106 14
431 256 1
984 54 3
236 526 7
48 576 11
215 841 10
155 793 1
357 684 12
215 856 9
941 949 4
574 881 1
891 655 16
44 512 12
648 693 18
291 794 5
516 940 6
393 508 19
651 800 20
343 604 1
64 983 12
76 533 14
851 880 6
205 816 1
886 846 14
909 541 20
68 229 16
125 703 19
759 994 12
235 401 2
325 818 16
501 502 20
992 433 5
57 771 9
185 688 8
404 379 17
201 624 5
904 542 9
304 900 12
291 529 10
417 84 16
144 493 14
711 336 16
399 795 20
177 362 16
22 682 14
200 380 3
906 38 6
320 981 13
973 709 6
440 526 14
151 788 16
468 885 2
399 466 6
496 994 3
364 508 18
892 33 20
632 506 14
868 456 3
496 69 2
812 594 9
295 82 15
417 630 15
931 677 11
74 266 12
806 602 20
387 229 4
505 382 2
700 565 2
328 427 16
836 609 2
239 444 12
818 530 14
372 604 19
438 288 12
231 562 1
565 711 3
481 904 10
33 794 18
439 214 2
564 790 9
956 49 13
653 2 3
856 505 20
567 343 17
909 562 9
260 799 11
124 793 10
348 454 14
552 777 1
627 718 6
733 683 20
217 492 18
759 201 14
472 939 12
939 195 18
893 976 6
320 628 10
419 982 9
396 440 15
169 735 16
905 951 13
929 607 18
581 60 11
551 294 13
717 594 13
776 23 5
147 362 10
780 348 6
873 347 14
544 385 10
362 941 15
974 406 18
39 152 1
308 759 18
237 143 2
63 498 15
290 997 18
779 285 9
59 199 2
498 294 2
505 664 10
137 459 2
128 465 8
826 267 4
853 532 19
791 1000 10
417 828 5
30 851 12
438 172 2
538 425 2
525 753 13
606 72 8
969 443 13
854 921 1
136 487 11
653 72 17
959 723 13
58 445 7
348 62 12
763 443 8
674 949 14
516 592 18
430 413 12
289 919 9
340 279 12
942 1000 11
130 953 19
651 984 9
11 786 4
361 215 1
887 248 17
597 754 15
135 720 3
179 678 7
62 887 7
293 391 4
7 74 2
881 590 18
338 855 16
170 184 9
440 155 19
408 665 13
464 400 19
364 823 8
300 689 6
344 216 20
381 733 5
578 997 11
556 390 10
720 585 12
593 290 18
275 343 19
193 973 1
285 189 2
548 858 13
475 616 4
641 323 1
891 660 7
229 771 5
740 517 11
985 511 16
301 180 17
186 898 6
696 234 1
730 131 20
258 564 9
348 734 3
580 396 20
525 247 20
925 481 14
826 508 17
336 390 2
192 886 7
431 174 18
638 480 20
696 789 6
759 701 13
843 368 15
143 170 15
677 22 16
782 221 9
352 190 14
945 177 10
3 883 14
870 987 11
921 929 4
919 379 1
296 421 3
865 542 10
130 465 6
675 479 11
560 909 15
905 471 3
634 791 18
538 197 6
268 185 7
578 279 1
47 699 2
914 111 6
598 748 19
908 410 12
61 528 15
359 214 18
5 483 18
315 297 6
767 700 6
685 607 12
636 495 18
201 365 6
769 321 17
429 661 19
765 826 17
964 514 6
481 12 10
755 336 11
243 150 5
685 89 14
247 686 17
955 210 17
938 990 1
45 652 18
786 780 15
767 566 5
410 271 13
170 482 6
345 936 8
666 356 10
871 952 2
168 805 17
507 505 14
601 202 8
803 678 15
543 24 15
318 721 19
7 662 3
771 220 7
628 565 7
30 559 10
818 603 2
60 265 12
476 759 12
254 36 11
372 101 9
885 351 13
982 455 4
548 784 12
882 773 5
760 650 14
613 793 2
509 86 19
125 816 5
444 517 8
513 130 8
567 823 3
214 641 14
448 646 14
838 796 16
311 879 9
56 998 19
610 99 16
666 132 19
687 299 6
750 155 20
562 406 15
39 205 11
957 705 18
173 870 12
727 47 8
928 865 19
144 671 2
200 4 7
860 498 9
385 53 9
532 472 17
171 850 17
852 848 11
448 695 16
971 834 6
875 675 5
553 708 4
685 192 5
12 550 5
94 90 12
650 215 19
326 979 1
479 396 4
29 357 6
922 512 13
46 137 8
674 350 13
936 351 2
547 218 8
3 826 5
49 449 14
802 930 16
645 806 4
802 625 16
219 782 11
821 669 6
734 16 11
686 373 1
69 879 13
221 429 15
782 266 16
485 440 17
780 630 5
249 603 1
733 401 7
28 545 12
484 892 12
140 703 18
200 151 9
187 27 13
220 951 2
368 336 19
364 464 2
513 880 5
937 989 3
876 23 15
151 717 13
203 799 4
971 15 16
608 457 17
615 650 7
805 333 8
47 568 19
387 314 8
583 83 2
250 434 19
898 414 20
992 579 12
338 164 4
410 313 9
193 436 10
864 779 1
861 901 3
717 176 18
461 626 10
356 675 5
793 14 13
620 527 7
449 523 20
803 361 15
231 69 1
151 270 18
779 16 15
65 218 9
983 263 16
64 813 5
531 213 15
442 986 7
165 199 20
823 721 16
255 307 8
422 2 20
993 783 14
242 137 13
110 353 3
806 789 11
69 874 7
961 561 8
859 941 17
140 465 11
362 2 11
572 574 18
931 469 12
344 471 1
278 201 4
768 727 15
617 605 4
308 667 20
138 355 2
63 212 16
454 887 4
674 545 18
265 235 14
131 553 3
327 242 5
554 266 13
409 68 1
124 811 11
717 4 9
442 913 16
607 948 18
15 839 5
474 53 6
149 28 20
997 338 19
268 287 4
759 188 15
316 102 16
60 516 20
260 103 18
365 733 20
347 638 8
439 586 4
452 998 19
782 462 2
924 528 11
789 337 7
197 276 19
895 942 14
476 669 3
920 772 14
236 874 5
756 885 4
160 910 8
794 20 7
834 221 2
524 679 14
413 249 13
897 308 11
466 540 17
43 884 17
664 421 9
108 675 1
838 828 7
89 172 7
739 626 13
261 25 13
551 745 17
1 570 13
559 174 10
928 299 1
913 822 14
655 550 14
682 802 16
775 835 20
136 719 2
805 216 9
475 45 14
717 233 18
542 933 9
818 639 6
340 565 19
872 583 17
196 614 12
711 338 8
361 156 20
373 101 19
545 107 5
50 460 12
765 445 13
8 579 7
991 231 14
350 100 2
581 225 1
621 25 9
275 634 2
538 20 20
887 562 8
372 824 6
802 734 19
453 52 15
490 145 4
735 691 19
725 113 15
991 903 15
889 854 17
665 704 3
381 476 1
31 548 20
641 818 10
302 293 3
532 177 7
909 274 19
680 704 3
154 68 12
84 49 1
137 561 14
78 818 12
419 322 18
513 581 13
231 984 10
982 878 19
130 643 1
714 871 14
757 825 12
801 875 17
444 501 11
757 169 12
540 628 4
875 805 1
727 505 5
830 86 7
394 694 9
117 508 7
955 910 16
345 426 15
371 588 2
200 536 16
649 668 5
598 532 2
860 427 10
973 934 18
616 656 8
48 358 8
669 554 17
693 751 4
332 185 17
920 14 18
858 609 7
830 115 5
356 740 2
981 363 11
472 588 13
51 660 19
294 535 8
668 697 9
724 907 15
519 707 9
327 70 20
600 458 11
363 656 14
296 411 19
408 429 14
14 780 15
982 7 18
888 750 11
377 397 18
422 702 12
342 702 14
739 175 5
190 239 17
256 302 2
651 391 18
973 165 11
481 105 4
712 204 17
339 684 8
917 764 3
604 89 5
711 927 20
902 223 14
604 215 6
607 679 19
257 493 4
289 6 16
906 750 20
584 127 13
330 831 1
302 735 17
794 360 16
729 618 15
942 339 15
349 500 11
250 407 16
368 758 15
33 513 20
608 123 14
12 189 20
398 500 7
875 947 11
155 426 20
82 682 7
569 841 4
869 52 8
899 801 18
158 651 17
672 397 13
763 940 11
512 903 4
631 261 7
253 610 11
958 765 4
260 951 7
503 91 4
707 346 3
862 886 5
262 190 7
551 811 13
904 97 1
288 706 12
557 6 2
46 19 1
483 292 3
440 848 7
536 102 8
690 724 3
351 483 5
293 756 20
204 572 14
763 156 11
991 324 10
419 133 16
618 659 20
612 65 6
301 707 4
4 362 18
129 599 8
789 589 8
219 862 18
26 459 16
886 994 4
742 408 8
590 6 14
458 184 17
277 195 4
345 638 16
744 311 8
334 29 11
940 482 8
353 293 6
478 894 6
474 217 13
784 576 12
919 643 4
623 134 17
688 365 6
961 638 9
670 19 10
968 240 20
863 188 3
381 555 12
799 569 1
454 362 14
203 27 19
830 716 14
806 529 15
896 949 7
920 385 17
38 630 17
108 659 4
731 494 6
664 520 12
304 637 6
803 235 17
839 132 20
192 641 8
858 187 19
234 665 11
136 157 15
60 590 15
681 66 2
875 189 6
54 572 3
348 961 8
599 432 17
154 12 8
38 609 9
222 914 1
776 232 1
339 292 9
892 344 3
703 93 18
271 173 12
460 639 2
966 991 16
362 852 3
363 992 19
826 41 11
505 507 12
913 480 16
739 694 17
917 903 8
830 903 11
632 282 7
939 539 1
405 826 13
298 525 16
36 739 14
457 464 1
767 154 3
637 175 9
227 678 2
883 226 19
796 317 16
570 810 2
274 571 1
958 917 3
44 253 3
118 467 16
929 399 19
450 886 1
358 361 4
12 539 9
627 648 11
979 248 8
950 685 9
505 434 17
806 954 9
642 301 8
90 516 11
645 158 17
807 550 8
109 109 1
908 673 3
217 963 20
569 570 20
818 445 7
103 417 17
832 185 11
29 304 7
846 689 18
573 2 4
696 417 14
188 287 12
502 919 11
227 152 14
310 445 4
945 752 11
681 868 18
387 958 4
186 193 1
924 185 19
630 34 8
804 487 20
941 332 10
420 551 4
298 56 15
876 929 18
125 72 11
30 31 16
463 872 17
7 569 2
116 241 8
252 37 2
770 8 6
94 101 5
297 279 1
520 503 12
348 267 9
259 311 15
473 925 20
519 370 12
344 841 17
912 703 12
266 99 17
924 497 16
155 403 19
934 607 14
508 627 15
826 725 14
710 546 15
232 717 4
157 983 4
305 547 15
717 438 8
855 480 11
816 928 4
345 614 10
958 899 10
711 782 3
570 297 15
328 602 14
108 393 19
941 264 3
826 560 14
775 554 4
517 392 12
885 489 9
742 529 9
23 368 15
297 222 8
571 289 10
431 460 9
858 320 16
914 402 15
846 380 19
389 814 14
339 868 12
151 870 8
277 819 15
729 910 7
236 183 4
490 780 3
114 12 7
363 763 18
587 768 2
996 990 17
354 924 1
11 829 10
329 562 8
31 434 3
684 538 2
411 367 9
689 662 1
377 670 5
273 87 19
921 66 5
310 948 16
80 196 10
922 585 9
848 490 8
284 493 11
900 806 20
114 406 2
165 486 8
419 42 9
365 633 5
123 145 11
370 600 14
606 958 17
830 576 8
714 878 13
87 503 19
600 615 17
867 124 14
781 959 10
636 901 16
39 932 2
253 320 18
161 36 7
652 188 5
186 543 5
172 93 14
991 708 9
276 632 13
164 741 4
925 333 2
394 163 1
621 596 19
426 428 16
795 998 15
684 695 14
420 127 6
494 29 18
616 712 17
676 980 17
624 148 3
360 739 17
280 805 8
367 708 1
67 687 17
129 702 6
799 321 17
820 832 9
313 808 12
719 622 20
715 321 13
513 958 5
582 412 1
140 490 6
576 474 11
536 462 20
836 263 3
895 315 18
89 370 12
351 472 3
440 733 8
811 663 18
847 972 14
498 857 13
490 787 19
633 189 9
266 195 3
512 664 14
584 3 2
704 904 5
182 771 16
487 647 9
167 885 20
8 903 4
994 258 16
802 878 19
186 495 15
843 859 17
177 190 16
969 990 14
25 819 8
804 722 10
526 712 6
637 656 4
914 293 6
79 24 9
31 213 18
132 276 6
584 141 1
754 439 9
472 927 14
51 948 16
392 72 14
251 853 19
203 915 17
435 767 8
26 682 20
914 626 14
579 30 2
648 394 20
882 291 5
838 379 10
737 789 4
764 977 7
383 68 12
473 272 19
446 244 9
508 832 9
826 669 17
944 759 13
39 261 19
800 827 7
750 839 16
145 977 15
311 982 5
589 26 4
755 177 15
478 564 5
279 472 15
25 893 16
729 226 11
451 914 18
423 315 17
539 585 14
606 740 8
346 251 14
312 64 15
26 556 16
771 930 1
538 327 16
87 274 3
676 954 6
960 616 6
735 455 9
630 234 16
262 67 10
793 173 6
940 750 10
225 616 8
513 227 1
668 420 19
819 36 15
376 396 3
239 602 11
763 181 16
20 681 15
97 941 5
425 941 19
810 124 12
513 911 6
455 728 14
404 298 14
214 299 15
147 216 1
750 937 10
709 472 9
692 518 19
289 193 13
991 348 7
235 996 9
244 704 10
893 618 17
302 639 11
725 158 10
559 901 19
653 67 17
114 421 12
508 102 18
532 631 6
566 250 11
780 629 20
840 594 13
262 74 20
449 783 15
404 815 13
378 411 4
699 664 3
951 138 14
62 560 20
169 381 20
860 48 5
134 565 16
442 191 14
56 27 6
143 485 6
880 358 12
588 963 16
554 80 14
80 472 19
375 239 1
941 656 9
693 423 13
935 636 5
831 247 7
664 364 11
176 166 14
640 765 5
395 143 4
56 848 7
672 134 8
297 687 15
795 931 11
58 821 8
836 213 17
538 7 2
49 374 3
108 331 15
687 884 3
522 463 4
465 775 20
306 905 13
129 353 18
740 21 12
72 416 14
663 826 9
728 6 4
850 278 16
649 180 18
806 144 6
695 196 13
193 666 10
795 172 19
715 671 15
872 339 20
914 25 11
504 953 3
185 782 13
982 964 19
487 398 3
233 730 9
810 189 14
679 942 9
945 404 15
983 194 18
428 952 2
419 591 9
402 430 12
839 545 18
572 426 15
138 453 18
841 671 18
727 935 16
801 405 18
396 45 9
182 311 3
739 646 12
858 813 14
31 395 1
677 370 16
251 261 6
37 581 10
680 61 8
955 303 15
813 581 8
963 484 7
153 515 13
942 205 13
194 569 18
797 338 15
509 535 15
146 287 16
952 897 8
761 754 17
450 54 11
961 727 19
19 20 4
655 80 8
429 665 3
945 28 3
385 108 13
885 864 16
54 806 3
905 246 9
748 854 14
473 960 16
777 121 4
260 676 3
754 183 20
381 365 15
491 931 7
289 864 16
517 708 11
205 77 3
966 470 14
884 699 20
583 553 10
473 363 16
813 356 14
622 611 12
852 929 10
262 745 8
307 173 7
512 428 15
609 822 2
561 797 15
564 870 16
660 114 18
364 180 2
463 495 12
532 843 18
257 322 12
664 669 18
260 224 7
906 659 16
866 392 5
411 39 12
562 613 17
303 709 18
535 557 20
597 316 1
692 2 19
354 752 17
145 986 9
229 535 5
562 237 20
300 618 19
887 743 1
52 659 12
796 865 3
788 159 6
901 352 12
993 777 7
293 417 9
63 25 11
326 475 10
540 903 10
880 212 1
94 828 19
432 150 2
50 265 6
36 837 13
86 452 18
401 507 19
946 401 13
461 380 13
305 688 13
889 518 14
77 671 19
545 208 16
560 322 18
89 820 20
282 9 16
718 592 13
419 270 18
246 86 20
126 464 11
913 545 7
435 217 7
565 943 11
902 516 11
376 637 9
686 180 19
902 744 3
992 999 18
648 501 2
254 241 9
967 666 20
333 791 9
810 991 16
815 681 14
502 863 16
776 151 19
76 312 9
566 923 13
683 206 18
636 284 6
731 755 5
58 533 11
387 745 9
606 630 1
909 166 14
652 977 13
730 885 9
757 449 14
704 648 16
981 670 6
918 42 11
354 401 16
266 838 14
37 468 16
587 523 9
562 235 15
121 134 17
18 6 4
378 485 4
212 773 12
620 851 3
806 705 2
449 458 19
959 964 12
690 115 4
296 965 10
580 792 10
282 211 4
626 682 18
561 785 1
49 566 13
708 950 17
466 924 18
653 427 11
957 294 11
844 597 17
44 142 6
817 226 4
560 405 19
680 980 5
653 434 19
185 918 3
392 311 16
935 453 17
341 878 6
864 618 16
524 106 19
468 735 13
14 436 4
619 488 19
226 744 4
107 30 3
983 811 2
531 690 9
930 493 15
119 11 13
292 157 5
337 319 14
679 534 16
358 957 14
408 331 13
338 40 8
328 369 13
20 897 10
898 251 3
942 145 3
868 741 10
830 608 5
929 728 12
840 367 8
680 35 1
642 564 5
176 13 3
396 875 13
866 576 13
584 219 3
83 107 18
155 892 19
148 249 11
493 849 16
38 270 9
408 207 1
104 213 1
47 524 10
35 143 3
599 606 19
721 124 17
629 700 11
270 820 1
946 93 8
884 969 6
569 200 13
820 470 20
378 378 11
534 70 4
255 167 14
152 747 5
229 337 2
756 467 4
484 41 4
548 559 12
896 542 1
51 720 7
959 912 11
815 731 14
751 576 10
558 919 5
23 554 14
969 973 13
74 473 9
408 851 4
187 843 10
805 926 16
356 208 10
253 227 19
321 541 19
570 582 16
825 721 12
435 25 2
109 476 18
82 148 2
782 945 4
762 988 10
65 99 2
61 798 19
797 139 7
656 504 20
118 702 19
30 92 7
486 812 12
942 869 20
184 906 15
832 273 20
631 622 17
602 606 19
811 497 8
330 385 10
630 400 7
306 344 10
35 499 3
127 569 19
425 485 18
656 805 5
721 189 4
65 639 6
233 143 6
364 285 8
77 613 5
842 461 19
211 351 9
125 92 2
43 891 7
819 51 10
825 820 17
606 466 14
596 231 20
97 312 4
372 14 3
651 210 15
263 390 5
387 103 5
806 4 7
734 779 5
606 195 10
803 798 13
406 964 10
855 717 8
101 953 12
169 621 8
334 145 19
798 665 9
78 767 3
894 138 9
313 784 4
111 881 12
140 629 8
34 571 5
649 962 16
756 313 5
629 61 16
292 149 10
678 964 7
951 709 6
866 465 10
397 715 12
284 174 3
812 990 13
301 709 17
565 921 13
31 143 20
375 946 20
626 808 19
583 148 14
394 19 4
270 231 3
363 29 1
560 29 18
579 135 8
182 545 11
693 213 13
730 973 12
493 75 5
360 359 1
332 257 4
674 238 20
642 949 10
32 978 20
819 677 7
192 979 3
263 739 11
750 211 16
390 317 9
766 517 14
265 450 14
409 669 15
558 309 18
498 494 4
628 629 18
489 879 1
81 505 12
904 993 17
617 863 19
2 613 18
461 194 8
587 311 4
783 517 15
772 197 1
306 271 17
312 168 19
574 175 12
347 955 20
451 176 12
526 737 14
1 430 8
260 679 17
638 530 20
946 208 7
80 152 11
665 848 16
845 661 13
726 77 12
732 644 12
127 50 2
528 50 7
106 885 19
757 421 7
794 795 15
568 941 9
298 455 16
726 193 19
269 45 9
111 942 9
316 487 10
918 425 20
660 803 6
344 387 16
275 347 10
279 894 19
547 407 17
881 691 17
347 961 1
401 547 20
26 880 5
146 684 18
126 483 10
805 431 3
29 545 6
275 337 14
82 202 18
522 245 5
943 479 20
901 206 8
636 760 3
573 605 14
589 891 7
264 209 16
860 175 12
193 814 1
824 664 15
665 533 20
923 263 1
350 890 13
287 469 13
824 322 8
355 572 8
924 587 6
162 216 1
419 573 13
744 861 15
383 943 17
394 812 17
126 705 17
481 472 13
532 640 17
569 27 14
119 490 18
502 694 20
203 927 17
230 65 14
607 940 15
419 472 15
458 467 8
463 229 6
530 259 11
501 395 12
479 145 16
128 893 10
813 812 19
95 607 18
74 765 1
991 290 15
402 464 7
725 751 6
429 594 10
269 189 16
402 688 1
99 623 15
944 364 16
639 146 7
379 487 15
68 767 13
957 563 3
110 333 19
338 269 20
605 466 4
618 541 11
24 713 6
180 835 20
280 927 6
701 119 8
509 183 18
902 540 17
742 902 3
261 912 14
639 901 9
29 237 11
796 814 16
999 26 13
502 723 19
466 248 18
420 93 13
767 746 14
708 837 19
124 229 1
641 103 7
429 977 7
547 999 6
414 119 17
678 205 8
482 686 17
262 475 12
205 83 14
601 835 8
51 580 12
142 158 10
3 294 13
656 961 10
384 800 15
301 338 10
218 959 10
123 303 1
794 99 20
727 473 15
398 8 12
730 878 13
786 277 20
375 60 10
305 187 3
435 562 20
448 412 6
788 586 7
413 209 20
53 18 16
597 143 6
791 33 18
210 213 9
409 257 3
502 386 16
300 986 2
951 378 5
563 377 1
767 975 11
828 595 8
8 609 10
925 13 4
909 428 9
164 332 14
754 184 5
404 593 1
116 92 19
107 347 11
683 444 3
864 264 19
991 114 4
118 169 17
445 298 2
79 196 17
943 772 8
823 766 9
623 553 19
9 213 6
239 516 12
998 776 6
193 340 4
802 761 17
969 533 18
361 555 4
706 220 3
57 127 8
805 911 8
534 896 19
838 227 10
562 163 20
598 830 14
284 392 16
128 148 3
193 35 11
444 961 17
445 50 10
132 353 4
550 895 8
993 964 10
595 882 17
605 749 16
518 48 11
468 703 2
234 2 10
138 774 10
117 195 5
856 947 4
610 455 6
351 910 10
163 424 10
726 794 5
767 287 17
766 951 4
751 551 1
891 894 20
559 96 1
703 938 10
269 493 19
77 524 16
280 401 20
950 754 6
329 324 5
466 825 17
158 166 13
300 604 15
986 409 17
945 554 12
362 608 7
378 845 19
398 986 18
118 222 20
691 663 4
76 304 1
605 365 13
978 861 12
768 164 10
585 862 5
520 68 5
86 663 12
71 362 17
506 26 11
377 649 16
293 938 20
806 67 1
601 886 3
942 435 15
597 271 15
999 684 1
30 939 18
500 983 2
286 616 16
25 741 18
291 576 17
62 31 14
806 745 8
353 867 18
826 285 3
76 939 15
172 810 13
594 782 1
711 937 9
48 262 14
465 897 8
488 669 11
192 788 19
205 833 7
104 270 17
1000 751 17
954 487 15
233 268 4
363 223 7
493 430 13
330 875 17
895 258 11
880 170 3
998 410 6
773 246 3
618 538 13
973 436 14
358 892 3
455 444 3
388 202 15
689 807 1
941 390 8
271 449 8
182 716 18
677 947 11
87 345 1
903 84 8
826 320 11
993 184 12
83 823 3
60 563 16
686 210 19
643 380 2
805 461 2
180 622 6
492 478 2
311 430 3
975 152 7
281 804 18
478 589 1
360 842 7
164 948 20
132 595 14
774 986 15
830 773 13
208 191 6
440 387 10
129 198 12
445 626 14
15 554 15
251 412 14
322 314 9
745 754 15
932 845 1
889 102 17
536 706 20
646 941 6
203 113 15
912 80 19
829 406 6
435 154 3
629 366 12
7 860 10
899 995 1
587 269 19
120 384 6
666 282 6
366 244 12
526 644 16
536 235 13
13 184 7
815 808 1
963 232 5
954 938 9
310 253 2
793 366 1
141 935 7
106 980 19
900 519 1
842 590 11
466 653 7
745 114 9
170 734 6
268 184 5
470 259 3
403 293 9
451 879 2
809 331 20
259 884 5
811 738 13
104 737 4
659 723 3
389 918 18
514 287 9
857 718 14
581 678 2
62 61 10
949 155 1
881 235 20
388 988 3
762 626 2
279 625 3
55 756 16
75 495 1
866 159 17
191 745 18
850 103 5
201 182 8
652 255 10
190 62 6
786 2 17
732 134 17
453 247 1
473 405 12
407 688 7
317 693 18
806 675 13
905 374 10
544 242 20
295 699 16
494 903 8
567 658 10
419 409 2
837 317 9
204 23 3
2 383 10
289 89 18
402 196 18
840 9 4
147 648 18
655 645 20
345 20 8
633 859 6
82 425 16
291 595 18
194 753 6
747 818 14
735 357 16
221 995 4
807 720 20
596 1 15
110 207 4
963 211 3
9 923 14
757 338 10
769 901 14
943 661 9
300 209 14
496 133 16
876 465 17
488 245 17
211 930 15
170 493 9
508 533 18
262 362 15
487 679 5
370 154 14
359 676 12
216 757 20
161 758 8
891 461 17
339 486 3
150 339 17
56 849 13
719 878 12
249 536 2
761 499 6
794 703 2
668 395 13
137 555 19
156 934 6
555 937 1
847 844 7
415 899 18
12 148 20
217 821 6
748 775 12
646 843 3
463 155 6
469 781 11
604 52 1
928 82 10
754 786 17
3 375 3
337 442 17
382 471 9
189 826 15
774 922 10
324 102 2
233 57 2
96 869 9
16 36 4
754 390 1
597 988 17
553 179 11
634 738 16
444 496 20
532 463 20
65 333 18
434 154 12
499 22 18
65 860 9
283 808 11
589 385 3
140 475 14
437 472 16
274 900 17
161 889 7
836 276 2
489 906 5
771 680 2
946 480 19
687 417 9
361 237 7
140 536 9
544 541 12
944 209 4
30 705 7
430 288 14
357 428 5
288 639 16
347 742 13
870 462 3
78 442 11
790 168 15
373 256 20
79 654 8
975 213 19
644 136 3
100 520 2
628 234 11
313 741 16
758 979 18
811 784 6
528 297 20
255 761 13
564 866 3
363 824 10
330 643 3
334 948 2
240 507 2
247 74 20
915 596 11
366 910 15
521 206 19
883 261 17
502 661 13
926 823 3
679 558 11
596 667 15
471 888 18
311 545 3
92 761 3
107 549 1
885 73 17
592 236 6
220 353 13
449 65 10
726 457 5
557 892 4
635 859 11
952 420 13
136 389 18
148 752 18
860 160 16
774 256 12
772 620 9
387 716 19
910 355 19
610 13 8
122 540 19
562 170 15
235 56 5
689 323 16
269 425 19
479 880 15
534 289 3
874 998 11
611 301 20
845 449 2
483 749 6
331 191 11
907 784 7
966 362 1
808 879 13
19 357 15
376 799 12
120 419 13
88 795 14
538 34 6
820 520 2
947 103 3
353 31 12
902 310 5
760 719 3
859 716 16
521 328 10
623 213 12
535 249 4
827 728 12
349 738 17
7 611 17
776 139 10
174 541 10
332 279 7
928 743 14
466 710 16
929 617 9
468 852 20
257 874 1
772 136 15
36 288 7
793 2 19
679 225 3
152 682 18
772 47 5
353 274 16
385 225 16
554 29 20
118 843 14
302 953 17
592 441 12
86 454 1
366 612 12
116 600 5
714 445 8
167 445 2
809 602 14
765 266 14
544 616 13
82 127 14
248 416 3
712 752 8
898 270 12
813 21 7
118 427 6
71 105 17
479 564 7
477 543 5
299 872 17
927 182 19
231 168 2
7 16 8
402 821 3
457 72 11
360 636 15
937 535 16
470 895 9
300 82 19
584 73 4
385 668 1
196 9 17
399 289 1
575 887 10
952 846 12
101 836 10
450 542 8
699 64 13
365 214 7
950 287 16
757 912 4
549 763 9
456 745 2
77 960 13
521 88 6
695 31 20
716 124 7
724 575 6
83 359 14
557 280 13
537 383 8
756 343 15
253 463 16
571 855 11
540 425 6
837 646 10
946 607 3
24 786 1
226 992 11
90 765 6
62 222 6
494 759 10
587 821 3
360 92 10
870 99 10
939 783 6
65 275 4
257 929 3
834 9 1
556 845 14
372 640 14
340 474 11
418 944 8
164 656 15
441 885 3
992 4 18
711 199 20
458 809 17
761 749 9
363 255 17
61 557 3
666 914 14
207 892 2
393 372 3
915 568 14
328 769 17
865 215 19
643 819 9
982 39 1
334 838 3
108 983 13
246 336 5
663 792 16
571 23 4
894 851 3
584 459 17
668 421 15
171 493 15
925 40 10
671 212 11
804 972 12
383 402 18
141 960 3
531 689 4
82 886 3
953 377 20
295 387 12
137 954 6
92 533 19
93 657 19
340 727 18
705 509 15
154 483 2
675 714 20
155 348 19
191 699 11
296 777 16
589 441 15
596 935 11
101 870 14
7 422 16
304 36 18
156 512 12
947 709 12
317 372 3
858 869 15
545 620 13
294 575 9
233 627 12
707 529 10
649 267 4
443 482 10
308 281 18
558 165 19
816 104 1
826 293 1
180 560 9
725 541 14
379 148 7
963 171 13
278 706 9
110 364 5
137 558 12
179 871 10
270 844 11
201 887 1
551 577 2
776 854 19
371 334 14
95 992 5
498 679 11
541 596 9
829 910 5
925 315 18
236 582 14
736 323 2
978 682 2
537 350 2
438 473 5
39 763 11
987 562 14
177 726 5
669 137 10
836 469 17
604 341 20
336 402 4
36 770 7
676 251 6
944 854 19
760 54 16
900 647 10
764 211 20
577 536 1
490 486 19
176 751 10
713 546 1
671 773 4
420 406 15
273 595 9
249 220 7
709 669 12
29 406 8
395 403 15
439 510 20
604 26 14
69 252 17
31 208 4
271 875 4
24 240 11
800 332 15
371 594 17
325 950 17
684 964 4
546 99 3
910 896 16
742 211 2
137 944 1
973 216 9
284 3 12
956 339 6
1 139 9
466 944 12
438 183 9
777 362 3
221 70 12
34 403 18
755 916 4
480 745 3
705 212 14
229 986 17
625 468 8
437 915 9
940 962 16
835 975 5
619 601 3
475 563 18
862 504 18
417 366 12
267 830 4
946 240 3
146 946 15
986 255 19
243 563 11
656 376 12
746 978 11
949 11 6
652 2 4
397 944 16
276 65 4
229 957 11
462 20 4
587 121 15
357 600 5
206 587 6
864 180 20
157 377 3
499 552 17
904 812 6
796 661 6
962 896 8
257 802 3
631 456 13
495 582 11
542 226 8
972 929 13
208 446 14
559 762 4
354 572 10
464 992 17
757 417 15
864 724 4
147 838 1
521 412 1
71 53 6
176 226 2
39 202 6
333 881 19
704 796 16
116 638 13
248 65 5
478 195 4
418 617 18
348 299 6
716 119 16
665 120 3
190 751 5
877 607 9
765 364 9
925 186 13
89 447 12
420 504 14
721 935 7
484 918 1
820 536 7
386 506 14
141 643 10
321 586 15
895 189 7
384 996 19
751 87 5
866 501 18
365 415 15
90 301 6
556 425 19
22 545 9
437 613 2
810 928 5
283 611 20
536 476 1
411 217 14
860 384 11
961 829 18
656 248 17
943 632 2
748 646 13
364 788 12
593 716 20
424 139 3
431 20 11
641 827 13
67 603 19
566 271 17
646 840 1
680 185 18
346 51 19
811 601 19
453 351 9
96 386 19
120 874 11
877 671 15
205 81 19
608 420 16
34 923 18
538 88 3
360 612 5
616 529 1
107 272 10
261 770 17
695 860 7
147 553 14
59 274 18
237 959 15
798 987 18
382 468 10
860 811 12
283 107 14
526 66 12
510 587 11
761 568 11
988 104 13
370 401 11
43 982 4
739 732 8
252 471 5
590 934 7
355 1000 17
795 669 6
843 172 6
386 956 11
831 667 10
25 281 17
849 560 15
461 623 8
722 182 5
856 21 16
921 793 2
331 928 14
909 356 14
173 266 5
150 244 11
825 452 4
799 790 3
349 283 17
205 105 13
171 837 15
896 549 19
523 663 9
157 95 2
695 952 15
765 281 2
764 566 10
931 887 7
115 544 20
170 114 8
109 619 7
468 954 17
793 86 1
568 372 13
694 345 5
267 104 20
20 182 19
352 299 8
524 982 14
647 644 6
142 915 14
151 356 17
69 849 1
190 839 11
984 555 12
748 902 6
124 306 1
512 919 12
793 114 8
288 428 17
1000 801 16
469 480 12
719 979 4
392 851 15
522 604 1
765 28 17
172 334 18
89 774 6
825 188 13
137 913 15
73 277 11
564 995 13
948 689 15
114 370 4
933 668 9
223 458 19
738 43 17
689 351 6
231 543 7
348 313 10
18 74 13
195 407 13
322 220 13
292 474 17
815 282 10
663 137 10
69 694 7
86 743 3
241 949 8
10 880 9
928 600 2
942 779 5
965 30 16
794 48 15
888 299 20
827 738 4
237 699 14
902 26 8
519 908 5
178 315 7
462 841 4
194 270 6
182 369 7
937 132 8
391 200 19
483 755 16
211 501 10
366 881 8
819 802 3
615 608 6
402 646 13
45 590 18
184 936 18
197 353 6
894 414 16
254 291 17
882 688 9
689 418 2
814 316 16
360 984 20
794 693 12
815 274 12
322 368 10
370 424 16
298 60 15
502 76 14
648 364 1
115 255 19
887 609 4
779 914 13
140 517 14
55 327 3
359 83 16
721 100 10
361 504 10
412 640 11
399 250 11
16 451 17
415 533 10
569 890 17
249 33 11
836 107 17
221 307 6
427 527 9
694 980 11
224 486 19
502 540 7
991 849 11
737 196 4
658 642 7
719 320 17
995 957 4
948 383 4
294 791 2
243 543 18
648 324 11
820 29 15
603 416 17
168 771 1
895 598 10
28 785 17
639 253 1
450 358 1
935 50 12
122 538 12
830 581 3
364 478 16
514 388 13
320 675 4
81 678 2
668 281 20
927 530 16
830 360 3
419 774 10
249 213 15
417 235 12
511 847 14
774 683 11
884 356 14
979 604 19
948 717 7
667 688 11
492 594 10
906 746 20
309 984 4
704 855 1
77 302 13
810 962 13
790 114 9
132 65 18
779 889 16
208 846 10
899 216 20
603 585 7
944 299 8
850 413 8
402 25 6
713 430 14
772 38 11
277 611 2
425 835 15
918 28 17
873 738 13
847 277 14
614 4 9
316 695 5
242 682 4
734 699 7
88 646 18
350 761 18
787 343 5
79 926 11
360 701 6
482 21 12
429 676 10
661 389 8
965 210 19
391 328 12
284 889 16
990 166 9
372 511 20
22 1000 17
818 738 14
715 81 1
761 391 5
98 811 13
166 718 12
687 633 7
146 446 6
605 108 7
647 511 3
923 616 20
978 76 1
50 37 15
476 665 18
497 904 20
674 193 16
607 833 8
177 441 18
822 875 9
834 237 19
352 169 7
21 225 8
550 868 6
933 698 8
541 571 15
599 834 12
613 813 15
769 312 4
66 458 14
227 743 16
591 398 18
68 532 6
817 198 8
713 195 4
210 520 20
111 670 4
167 293 7
137 182 2
407 999 12
857 722 10
399 377 5
661 180 15
569 987 12
494 863 20
342 237 13
748 490 14
523 332 18
393 144 13
464 715 12
559 241 7
501 602 6
155 438 18
724 140 3
467 679 5
510 509 11
845 523 11
259 506 10
217 714 4
169 631 5
418 538 19
205 937 17
684 164 1
12 618 10
438 317 6
281 260 1
750 299 4
794 470 3
199 887 11
220 455 14
894 323 1
808 386 11
441 835 5
750 349 13
105 122 16
449 215 12
975 295 18
733 721 7
887 16 17
774 144 12
694 77 14
245 407 7
202 266 13
229 55 7
432 346 4
720 500 19
446 97 18
902 959 2
686 250 12
201 1000 18
803 293 14
975 672 14
407 626 14
722 72 7
464 101 14
154 385 7
672 346 7
753 635 8
156 209 2
943 257 17
948 941 16
829 898 12
709 304 12
531 780 10
868 761 7
974 102 17
141 722 5
416 22 11
672 101 2
760 466 1
72 913 20
304 330 1
782 538 10
921 674 1
528 994 16
950 709 19
495 751 12
699 549 11
280 426 7
692 209 12
900 811 17
813 732 5
668 776 2
803 751 6
399 405 8
10 937 13
637 31 1
343 287 16
692 370 14
37 654 19
863 943 16
100 19 14
618 183 19
307 243 1
174 610 19
152 399 16
92 373 19
481 237 14
557 833 2
852 948 16
387 918 12
886 390 11
149 905 12
599 815 18
311 81 14
417 614 3
460 449 9
998 142 20
135 342 11
836 144 11
623 353 7
186 814 8
374 317 18
206 108 9
735 229 3
203 452 12
495 1000 5
273 696 18
636 268 6
949 953 7
539 541 14
656 459 20
201 166 1
144 544 20
789 707 3
874 27 5
526 945 13
462 960 20
42 614 8
593 291 3
936 647 18
354 120 10
480 130 7
135 349 11
750 234 6
632 615 14
259 784 14
930 47 6
564 985 7
893 570 18
172 549 13
905 614 5
658 333 3
538 368 20
651 130 18
55 539 6
636 35 5
208 300 18
271 266 9
530 851 18
40 97 4
351 864 8
786 620 5
297 683 15
15 627 5
658 113 8
272 332 6
671 819 17
196 802 14
644 76 17
986 567 6
458 380 8
353 84 2
545 506 10
249 776 14
415 515 10
478 551 14
758 681 6
680 535 10
558 811 7
497 389 10
55 871 10
768 494 18
133 357 17
796 991 14
956 263 2
99 412 8
14 295 12
725 463 13
360 608 3
309 793 6
962 836 6
305 832 4
732 815 17
720 764 12
883 829 17
320 66 11
452 756 10
612 18 3
229 219 2
84 669 8
832 262 12
694 681 3
270 406 5
288 49 5
301 340 16
537 90 5
197 363 8
663 968 5
214 946 20
168 120 3
379 868 12
590 108 6
961 116 5
805 652 8
840 300 5
228 729 3
185 532 1
173 269 4
478 129 3
709 409 17
526 458 20
737 411 13
414 439 11
344 349 14
994 136 6
630 842 18
138 524 12
452 614 15
91 421 10
614 733 18
690 159 9
347 883 5
866 553 17
603 739 14
501 227 12
650 275 9
172 663 7
939 760 18
440 229 18
641 830 1
423 283 20
587 64 18
752 16 16
538 893 3
555 451 20
298 445 14
562 322 18
342 899 3
706 364 7
822 732 5
584 717 12
645 536 18
623 318 10
398 989 2
425 766 1
471 603 5
295 69 13
810 618 17
57 554 13
624 662 4
161 583 9
886 830 3
629 326 1
456 721 6
48 733 5
631 672 2
599 197 17
637 260 8
23 56 9
310 917 12
83 333 1
768 202 9
862 485 3
658 997 7
600 108 5
654 673 3
714 482 4
177 607 20
874 4 9
921 212 11
135 83 6
460 744 10
670 830 16
389 553 18
17 321 17
403 971 4
561 56 8
645 823 4
377 155 17
746 721 5
201 820 10
793 906 9
183 27 15
33 107 11
672 848 7
955 5 16
969 378 9
49 852 13
485 977 18
393 68 4
694 738 10
187 895 15
798 63 14
354 286 2
543 426 7
411 633 19
139 257 15
763 646 13
872 821 1
89 101 1
599 9 15
950 465 11
229 712 2
526 419 6
122 475 17
111 682 13
774 918 8
982 868 2
499 641 3
993 8 1
783 332 19
408 493 15
545 733 2
416 480 15
833 548 5
283 954 20
332 380 4
739 576 16
68 85 2
72 847 12
347 444 18
846 44 10
67 192 15
647 506 17
772 472 17
941 996 8
731 358 10
539 427 6
727 534 7
444 122 4
642 369 14
1 721 17
118 416 15
795 409 9
911 506 13
334 406 15
32 996 5
930 183 5
395 376 1
764 189 2
163 228 13
110 49 4
268 387 20
808 822 1
210 280 2
455 736 1
957 552 10
563 51 18
475 954 20
979 879 11
676 570 20
243 314 1
512 334 15
958 679 2
939 245 7
967 560 20
430 161 3
61 625 13
125 253 3
65 975 19
14 382 3
157 122 10
796 247 15
296 613 7
706 547 5
772 834 18
435 757 12
375 846 11
39 336 14
454 790 12
895 763 19
377 503 19
245 699 13
379 769 3
880 902 20
974 857 1
651 225 15
557 497 8
145 316 18
919 34 14
861 938 2
470 112 9
808 313 8
368 971 10
197 939 15
975 905 9
249 446 10
334 335 20
420 292 1
53 229 2
522 588 13
781 884 1
975 715 1
528 156 14
977 906 6
360 6 5
347 461 18
576 427 8
13 806 1
530 484 9
659 768 10
776 914 10
43 465 6
312 450 10
628 268 11
110 237 19
160 287 14
519 438 12
710 964 17
826 350 18
461 553 18
926 640 6
982 709 10
863 440 10
385 756 19
486 667 1
597 471 1
680 266 19
126 719 9
309 949 6
387 557 17
656 151 16
256 763 12
572 284 12
234 379 6
968 868 17
843 534 2
24 210 16
953 861 8
665 847 19
317 675 14
41 205 9
657 562 15
362 237 8
162 196 17
238 635 19
545 650 20
152 722 13
510 923 14
965 907 1
591 281 8
685 472 7
200 403 19
148 78 7
505 980 8
675 182 13
91 465 18
248 537 18
301 677 6
100 193 3
255 249 18
688 617 1
800 102 7
962 363 11
252 391 6
590 959 4
412 6 14
477 382 19
49 320 6
575 278 20
353 41 7
19 43 11
505 765 17
649 638 16
910 814 16
961 903 1
447 195 14
148 644 18
308 777 18
533 114 12
431 447 17
751 379 14
51 13 14
109 357 4
734 305 4
782 85 9
677 447 14
689 89 1
184 394 17
736 268 19
942 839 16
974 641 9
616 18 4
405 835 11
314 780 10
851 821 17
599 145 10
581 883 9
623 692 15
570 994 1
373 151 19
362 444 3
98 837 18
812 149 12
300 244 19
195 598 19
311 652 2
823 347 19
34 412 19
862 798 8
639 531 12
924 671 9
708 587 5
66 604 19
17 307 18
196 484 12
771 194 9
427 3 1
294 5 2
788 994 6
533 820 7
686 725 5
193 52 3
862 154 3
204 890 19
875 903 15
685 466 10
499 488 14
836 882 3
893 296 2
827 268 14
684 323 1
126 186 11
645 697 5
357 412 6
796 633 14
573 913 10
540 845 6
580 381 5
435 511 9
87 840 7
443 619 20
986 10 3
191 973 16
616 391 5
224 366 4
958 170 8
829 649 17
816 216 11
773 219 18
108 705 10
77 32 11
276 55 19
182 521 16
715 164 18
660 213 7
526 599 19
52 518 9
60 922 20
337 176 6
509 678 16
658 923 10
457 686 16
193 966 1
566 822 5
701 414 16
956 231 3
422 46 11
640 605 4
122 4 5
801 771 13
73 619 12
923 494 3
171 773 16
445 838 13
876 694 6
792 634 14
428 414 1
527 501 5
794 389 11
192 420 20
698 18 20
975 889 1
94 983 10
810 361 6
752 296 1
399 556 20
824 429 3
889 663 4
850 226 8
950 318 1
742 894 6
676 721 19
345 871 1
600 947 7
922 243 19
619 624 9
605 268 3
595 453 4
79 613 17
529 407 17
623 756 19
862 988 2
884 120 14
460 544 13
555 108 15
598 425 10
343 87 2
186 154 17
143 880 16
273 140 1
969 432 5
338 951 1
370 935 2
237 182 17
580 961 5
273 694 15
321 442 16
668 672 6
71 114 5
745 457 18
853 729 5
608 905 10
503 907 8
440 562 9
888 857 8
391 569 5
276 31 20
284 289 17
294 819 9
260 332 2
885 911 3
26 280 13
481 284 9
58 601 9
888 351 3
278 759 13
697 125 16
826 902 10
794 190 11
843 264 20
297 622 12
333 328 5
219 525 19
788 62 15
772 142 16
303 538 18
789 844 11
18 992 4
323 470 17
166 548 13
228 221 20
48 406 11
272 578 4
559 709 9
636 69 5
150 402 3
408 555 4
730 55 6
625 166 10
420 210 15
578 316 4
926 795 11
335 794 7
795 695 11
232 908 10
327 622 6
572 217 3
567 865 1
529 934 10
167 18 20
664 260 9
173 34 20
828 843 9
14 663 20
791 988 19
505 883 14
396 746 17
537 458 12
322 854 11
463 911 13
211 442 11
896 381 8
255 230 3
262 471 13
349 26 14
123 33 4
34 148 15
718 957 6
458 66 14
40 290 20
327 569 1
755 655 1
261 494 11
98 164 16
353 787 20
452 750 15
425 171 14
662 167 10
940 505 16
50 853 11
275 530 15
676 356 15
494 625 19
277 202 10
526 620 3
270 200 15
83 82 14
289 418 4
314 329 19
462 773 20
315 7 12
438 116 19
84 654 7
323 192 1
588 977 14
978 338 6
753 10 17
273 640 14
348 149 14
189 492 10
59 716 12
464 677 20
263 487 7
315 334 7
155 316 5
585 152 16
110 563 12
649 283 10
375 457 3
457 536 14
332 281 16
449 490 1
851 183 15
226 172 2
54 436 15
146 723 14
525 112 14
626 192 7
844 289 11
128 165 1
363 649 19
23 913 20
245 90 14
340 454 10
436 928 19
760 808 12
277 94 18
829 157 13
213 911 1
342 492 1
740 449 8
200 940 2
742 742 19
449 431 7
714 370 19
998 938 7
820 249 13
92 568 19
817 381 3
313 927 9
475 957 13
11 951 11
496 814 13
414 755 7
271 436 16
654 913 7
10 517 10
354 570 10
31 888 5
901 633 9
387 181 8
1 9 16
531 638 19
746 513 10
918 820 10
731 744 18
293 858 16
627 176 18
904 975 16
74 478 10
701 288 6
564 860 6
111 233 1
722 730 11
966 920 19
328 470 12
788 506 18
71 391 2
29 954 13
578 178 19
84 46 17
871 184 11
487 695 7
398 336 6
170 698 12
80 950 4
874 991 8
581 472 8
569 314 7
306 898 10
231 832 3
625 85 13
111 104 2
104 33 15
645 908 9
455 808 6
75 829 12
386 796 19
43 223 15
421 70 14
734 416 14
143 813 18
508 378 9
867 403 19
198 911 9
351 875 5
376 246 12
138 949 10
614 392 17
346 825 4
994 378 3
471 390 3
408 505 9
692 339 9
393 732 13
91 354 5
457 569 10
67 139 1
161 512 5
456 353 19
691 640 1
159 323 15
545 432 3
796 19 4
436 609 5
724 307 5
348 137 12
531 459 17
376 603 14
463 551 13
471 446 6
685 398 19
163 355 15
586 15 3
180 916 16
37 775 7
290 303 2
915 211 13
913 679 13
938 685 16
127 641 2
648 141 15
448 472 1
634 800 17
700 726 10
416 37 1
577 122 19
594 384 16
270 921 10
269 554 3
445 279 7
375 451 6
885 158 12
611 264 12
622 396 11
607 393 5
634 451 5
26 772 15
761 34 6
783 79 17
874 439 11
614 974 2
420 321 16
128 341 17
212 365 13
245 670 14
561 382 16
778 646 7
155 404 5
315 581 8
287 684 6
661 914 15
726 870 5
193 753 18
368 144 2
339 455 14
282 675 16
720 726 16
126 867 2
899 958 12
884 330 2
850 411 8
101 60 8
281 110 16
711 13 7
738 86 18
108 956 18
820 816 18
202 255 2
142 738 14
340 712 5
331 76 18
401 289 16
765 567 4
599 794 10
365 661 11
993 646 3
709 846 6
505 150 9
390 977 11
25 197 17
218 923 6
661 922 3
193 715 16
486 912 5
78 349 18
985 824 6
658 838 6
200 172 12
320 645 13
250 535 5
589 260 10
584 242 9
385 623 19
888 200 3
731 777 1
967 309 12
76 335 1
292 182 10
895 484 13
33 887 4
748 249 1
252 11 13
653 487 11
841 882 20
766 512 9
75 893 19
339 626 3
346 140 12
217 354 15
423 416 7
334 566 8
424 781 15
551 219 6
412 423 14
293 275 10
928 727 13
302 708 17
554 393 19
324 816 18
456 818 14
780 279 4
315 559 5
228 679 14
169 451 8
718 224 15
88 910 16
663 90 8
117 49 16
145 74 4
966 744 12
397 785 20
837 108 16
267 433 13
897 389 6
738 438 4
557 59 11
265 653 7
653 644 20
60 124 13
138 836 19
668 661 10
330 891 11
819 424 1
405 757 14
498 472 10
483 149 8
974 731 8
889 679 17
893 336 13
395 458 19
21 709 2
310 229 1
962 997 13
769 733 2
839 450 7
116 775 3
587 65 2
100 887 16
856 472 9
985 367 20
855 851 6
445 752 5
91 155 1
209 573 7
494 987 17
143 342 10
871 553 16
549 139 9
945 449 3
84 819 10
561 568 7
134 817 8
370 609 10
201 616 5
543 991 14
280 226 10
852 396 15
82 343 16
484 952 1
453 419 4
102 39 20
938 32 10
533 760 10
503 750 4
854 95 15
249 249 4
691 834 10
338 747 4
84 836 7
588 116 13
563 704 11
317 744 8
722 280 9
141 884 10
393 171 20
947 585 17
977 326 18
626 693 12
837 394 9
172 278 18
555 757 3
126 893 20
571 202 18
930 944 6
309 123 10
473 636 2
964 177 14
394 29 1
139 111 19
142 725 8
817 241 14
831 429 16
604 903 17
777 868 19
454 853 2
213 117 8
854 665 14
30 614 19
527 304 2
75 923 3
127 547 18
750 420 18
425 668 20
862 871 14
474 239 7
185 672 14
967 865 17
505 773 1
445 695 15
46 784 19
151 828 7
101 162 9
287 839 3
653 988 19
316 255 6
223 612 14
919 523 6
964 874 17
583 425 20
263 735 20
501 168 7
487 659 14
14 556 5
654 977 17
364 234 8
414 795 15
185 271 14
560 19 5
580 275 15
273 362 7
476 442 18
972 135 14
115 180 9
828 596 3
905 975 19
135 841 13
255 691 11
74 811 2
633 857 9
962 85 3
581 695 11
554 440 20
245 583 8
948 291 2
554 219 17
815 291 7
965 385 18
552 743 8
223 712 17
347 932 3
652 866 7
873 31 10
917 632 10
58 438 18
63 622 17
235 154 15
641 700 19
665 612 19
734 174 20
516 91 19
401 792 19
709 117 16
754 163 16
87 226 16
379 123 14
848 691 7
145 540 20
37 514 19
352 433 9
824 479 4
988 715 12
987 423 9
821 499 16
919 56 20
386 469 11
868 101 10
924 611 16
176 706 14
115 490 11
63 45 12
833 120 9
870 323 18
974 196 10
660 338 20
563 857 17
79 183 9
899 844 1
432 905 16
639 711 16
793 286 12
718 299 9
366 168 12
549 920 8
243 775 15
815 676 13
741 768 12
430 9 1
195 142 7
197 499 15
644 677 13
486 367 19
266 540 14
428 566 13
225 765 6
834 27 1
668 849 14
156 641 1
280 74 3
394 160 1
430 561 14
367 336 14
874 794 12
411 120 10
359 772 11
597 28 3
900 952 9
649 77 18
516 438 1
828 267 17
907 225 6
338 638 10
378 733 6
841 750 1
622 468 6
828 48 3
638 81 12
17 885 18
286 36 3
595 744 14
394 871 7
249 900 6
28 297 11
593 770 17
914 814 10
912 345 17
558 513 16
40 924 18
904 452 7
200 900 9
536 248 20
831 51 18
251 299 4
453 3 20
387 88 7
646 836 9
130 267 13
165 989 8
443 932 7
335 248 3
77 620 17
507 689 11
146 904 10
192 6 12
869 939 14
552 143 17
588 335 1
568 370 10
231 310 14
697 316 5
151 224 6
439 313 17
585 456 17
55 116 11
915 388 3
907 642 19
391 379 7
935 9 9
412 542 9
452 730 17
192 917 10
928 325 19
378 156 9
902 354 4
224 877 19
607 421 3
810 797 2
396 223 4
597 827 18
49 482 11
383 673 5
385 915 18
846 822 9
246 975 15
810 239 14
67 461 14
577 407 12
18 601 1
17 737 16
766 405 12
602 893 14
313 887 7
743 899 14
487 355 14
300 267 19
995 803 12
666 313 4
649 189 12
874 686 19
702 239 13
448 379 9
331 494 7
23 41 15
436 757 8
144 583 14
285 344 18
703 656 2
891 197 10
864 796 16
124 808 8
477 213 6
239 789 20
647 209 9
572 770 6
712 37 12
448 585 11
784 488 18
700 197 3
418 598 8
363 858 10
424 779 19
779 677 17
197 970 20
146 587 18
947 34 20
308 930 12
91 307 1
174 992 15
17 38 4
149 426 7
736 298 19
82 892 12
611 822 2
672 150 9
45 413 18
439 345 1
211 811 18
474 630 5
883 154 16
140 825 8
526 444 6
877 684 3
433 145 13
193 186 14
258 374 11
100 113 13
316 11 9
24 39 7
201 961 17
987 882 7
124 592 14
368 87 7
2 852 7
913 377 7
89 5 18
49 277 9
323 631 15
532 633 18
944 563 14
496 609 11
555 825 15
185 678 18
170 827 14
914 100 11
521 907 9
480 528 1
927 800 2
254 283 19
274 46 20
779 39 13
267 82 18
425 736 6
194 945 20
771 94 5
212 725 20
854 291 4
274 355 17
104 466 18
52 469 8
161 569 19
44 42 5
610 421 8
667 871 12
553 580 9
667 7 6
969 823 17
412 643 17
539 156 2
793 212 15
817 573 2
421 92 3
870 150 10
469 475 16
654 26 19
735 961 8
647 953 15
221 358 4
407 136 8
647 133 20
615 604 12
92 691 15
627 724 11
328 505 3
883 806 9
890 175 18
169 354 16
61 767 3
403 745 17
451 880 2
763 151 6
273 554 9
701 74 20
270 17 3
183 453 6
349 49 16
571 125 19
257 147 12
3 668 5
890 536 13
252 998 20
323 108 6
551 820 8
835 247 2
512 199 18
746 150 17
459 437 5
184 162 2
121 713 16
476 478 20
962 990 20
477 733 8
850 963 7
241 424 2
743 424 14
310 944 16
207 152 17
183 910 11
274 389 3
843 960 10
189 192 6
54 298 15
186 50 7
471 853 19
211 594 6
893 713 1
548 745 4
955 46 7
349 426 1
308 622 20
308 981 12
335 646 4
734 717 13
399 54 9
523 741 12
573 544 13
364 774 6
530 869 18
543 425 2
343 395 16
699 534 15
849 567 6
198 577 4
675 964 6
130 182 5
916 814 11
590 609 7
458 681 2
516 83 9
187 131 6
358 735 4
345 90 10
7 306 9
786 367 1
702 212 20
249 928 1
883 293 17
575 672 2
178 655 13
324 302 2
504 402 4
770 243 5
160 227 1
356 141 7
75 743 15
904 503 12
8 388 6
563 785 13
534 165 5
677 28 11
15 119 13
455 671 6
595 386 5
428 820 6
99 621 14
717 18 16
209 565 12
34 158 6
793 396 5
36 502 5
498 514 13
610 696 7
147 792 17
294 556 8
517 463 15
449 12 16
777 578 17
95 161 19
397 447 12
977 147 16
943 399 10
28 456 2
776 814 9
863 649 19
502 73 19
481 854 7
764 640 15
428 673 14
922 880 17
632 433 5
114 204 17
957 741 9
58 212 6
45 116 8
46 822 4
612 174 8
253 565 5
503 423 1
383 274 15
173 24 20
757 385 11
503 803 1
465 74 7
940 812 13
185 588 19
402 782 7
728 561 7
562 569 5
970 21 4
40 346 17
471 356 4
188 196 11
61 282 7
205 101 2
556 889 9
344 75 13
70 774 11
820 677 10
105 819 8
944 541 3
512 563 13
91 370 2
80 410 10
408 841 12
973 610 19
493 251 20
38 832 7
978 65 16
379 621 6
121 372 18
724 848 14
683 959 15
971 376 4
142 380 11
339 750 12
696 826 20
628 293 11
486 501 8
327 321 10
820 979 12
970 608 4
839 336 7
622 901 19
598 178 6
761 309 17
810 423 10
657 676 11
769 595 11
893 996 4
209 780 2
46 98 18
949 553 3
846 899 4
580 358 11
303 928 1
709 502 12
754 337 2
576 693 20
405 362 16
990 821 16
254 154 1
73 624 9
601 992 12
543 549 12
452 231 11
846 890 11
652 157 10
94 952 7
813 487 15
817 149 16
475 838 7
410 991 7
275 59 5
54 670 7
337 334 11
30 713 3
431 805 7
474 738 3
133 471 8
892 90 16
261 848 2
749 284 9
608 709 17
622 685 17
86 255 14
336 48 2
853 304 6
250 16 15
300 704 4
751 525 12
427 797 3
69 856 19
790 383 7
312 598 6
80 367 12
968 480 2
42 942 12
116 990 20
733 627 11
796 109 7
358 231 20
726 695 3
219 642 8
680 515 9
69 307 17
596 672 12
235 138 16
705 715 15
235 279 4
673 335 6
406 109 13
671 871 20
32 320 16
391 51 10
935 790 13
627 791 15
639 775 16
645 531 14
865 430 14
518 50 19
208 694 18
899 847 8
446 863 5
757 153 4
390 809 4
177 106 18
205 866 8
821 196 20
19 610 11
454 207 20
78 131 10
480 339 10
657 187 17
384 960 20
896 543 19
232 961 14
226 654 16
19 862 5
587 615 6
516 228 1
225 197 5
928 262 13
403 588 16
725 934 8
830 665 1
199 448 17
411 359 7
866 515 15
591 322 14
892 904 19
306 872 13
361 717 4
857 329 5
399 48 12
901 270 16
935 169 7
855 888 5
512 512 14
81 838 3
965 727 15
57 803 5
193 911 2
303 189 4
830 748 7
948 842 12
479 251 17
445 525 4
999 744 20
912 759 18
899 119 1
163 958 2
751 54 10
769 368 4
374 5 1
53 594 10
874 675 11
27 725 12
592 618 9
204 125 12
837 367 4
505 177 2
826 208 16
947 488 6
712 161 2
40 207 16
408 785 16
168 867 11
145 465 5
371 697 2
668 22 4
790 472 5
810 374 13
12 803 1
538 168 6
723 475 19
6 950 4
500 226 17
574 837 7
38 596 8
456 446 18
775 328 9
166 534 6
99 407 14
710 538 6
915 378 7
592 998 15
308 716 9
509 260 11
927 39 5
603 156 5
842 96 13
275 209 11
360 639 6
195 522 13
167 146 8
729 198 7
518 324 12
475 379 4
821 457 15
270 501 9
153 204 13
619 532 19
619 863 11
62 539 10
272 857 17
275 945 5
880 917 10
167 30 8
241 400 4
407 447 13
925 69 15
554 294 5
889 267 14
890 847 14
452 375 3
814 210 9
894 101 9
703 666 1
943 429 6
938 945 20
679 420 12
473 431 16
58 327 17
894 877 14
701 47 17
234 428 12
511 358 2
215 809 4
783 16 9
354 116 11
448 353 16
878 306 8
372 752 14
279 61 14
319 226 16
702 53 2
140 902 5
18 514 18
566 611 14
660 284 16
337 992 9
70 461 6
549 831 11
235 815 20
789 15 17
636 383 4
540 187 7
658 303 14
425 125 20
784 238 3
624 730 10
699 171 15
851 474 10
842 654 20
703 136 1
464 78 1
363 241 9
904 732 10
273 365 4
935 166 17
615 352 7
507 214 1
789 320 13
797 309 4
63 826 1
497 53 13
172 527 18
16 485 14
955 781 14
922 846 18
832 326 1
562 59 6
142 969 8
123 684 15
945 972 18
850 821 1
701 299 13
349 139 4
906 216 2
890 460 2
561 221 2
208 581 9
497 821 15
434 625 12
429 65 17
858 490 7
566 931 7
333 553 16
274 66 4
274 508 16
214 430 11
96 277 6
605 695 19
28 399 10
810 707 14
800 312 8
453 274 8
306 244 20
620 249 5
35 136 4
670 473 3
840 782 1
607 869 16
357 77 9
721 254 12
432 844 7
742 285 16
843 826 13
992 935 10
290 170 4
633 160 16
734 975 18
483 347 7
581 911 18
437 475 20
342 304 19
675 906 10
673 284 2
842 221 6
130 676 19
643 184 5
588 858 10
257 511 3
687 603 6
112 949 13
369 584 2
294 878 14
320 603 12
140 954 18
896 191 15
310 217 13
952 862 13
86 657 4
666 585 5
544 593 12
993 89 13
54 550 1
456 481 12
725 198 6
109 469 16
164 661 10
141 345 3
770 268 17
375 510 19
383 763 6
139 985 15
754 125 7
268 256 14
224 690 3
798 226 7
58 151 1
952 388 20
768 635 7
809 590 19
466 994 4
272 99 15
646 45 19
356 929 18
751 945 13
369 228 10
59 795 11
19 637 7
2 354 17
673 184 19
482 850 15
304 882 7
855 776 12
390 566 20
485 4 12
22 297 19
251 435 2
881 263 4
487 952 8
787 840 9
664 283 12
795 1000 20
278 116 16
478 519 17
479 158 14
629 238 19
188 368 13
569 7 4
467 441 11
40 497 12
186 28 7
207 517 20
177 76 4
563 801 9
240 993 14
964 716 16
1000 906 1
492 401 7
77 353 5
21 204 9
620 894 14
66 838 12
514 103 20
640 465 10
324 583 4
644 554 17
701 466 14
824 535 14
459 740 2
923 729 11
433 47 10
502 903 12
304 863 12
830 414 9
582 303 3
332 398 14
622 142 17
400 237 3
126 981 6
491 708 2
927 21 5
585 997 3
971 62 20
446 595 3
231 333 17
397 474 12
114 450 6
648 906 17
444 296 9
480 198 11
783 757 19
738 408 19
522 424 20
699 392 13
410 691 19
724 70 7
654 641 20
677 880 10
252 799 4
24 927 9
412 840 11
279 249 17
815 570 5
473 333 19
57 786 3
344 404 6
842 709 4
999 812 3
879 230 19
470 888 19
440 99 19
720 559 1
500 138 4
607 983 14
529 750 14
590 1000 7
551 254 8
310 97 3
532 57 4
774 699 5
409 181 13
986 228 2
119 645 18
728 142 17
217 583 20
718 697 13
60 504 13
522 396 9
434 693 3
31 923 3
160 812 6
758 32 17
481 145 5
57 902 12
603 542 20
925 391 17
111 785 12
420 769 20
615 378 4
909 381 2
830 143 20
581 740 8
76 812 20
629 362 14
153 525 11
445 56 19
429 973 5
227 677 13
838 455 10
344 352 13
578 727 9
933 387 1
776 477 9
356 179 10
314 953 11
840 965 2
654 213 13
907 295 2
81 39 9
261 129 8
27 459 14
788 26 17
466 600 20
291 857 15
530 894 20
901 330 18
409 980 7
153 271 9
524 169 8
675 226 4
101 911 7
200 975 16
777 266 5
410 314 20
177 356 8
851 103 12
967 85 8
188 785 11
797 204 8
771 516 1
459 557 2
614 767 16
357 292 15
445 534 11
706 500 17
828 6 3
406 883 17
419 456 12
526 324 7
64 80 4
1000 797 4
912 491 19
736 269 15
432 582 19
374 585 7
922 989 14
40 4 2
847 473 15
802 467 7
694 147 18
322 835 16
961 527 18
192 314 14
895 285 14
292 436 5
259 331 8
56 95 15
982 281 6
847 341 18
314 280 17
659 188 11
627 675 19
341 262 16
225 408 11
433 251 16
882 304 17
913 876 7
668 450 6
355 759 1
138 688 12
363 867 17
977 968 7
493 556 19
361 978 16
779 850 15
958 464 15
641 649 12
12 935 4
584 971 6
930 418 9
927 128 12
560 779 6
167 774 5
902 503 6
858 311 18
453 853 9
259 934 10
962 749 20
378 439 19
728 511 17
748 723 6
81 839 6
332 186 3
319 630 18
892 987 20
668 263 1
593 227 5
479 12 18
496 199 1
843 748 6
258 870 1
187 881 2
988 94 20
548 189 7
578 608 11
107 883 13
939 678 16
145 289 20
689 216 1
270 387 4
179 782 5
896 108 2
615 679 2
536 744 8
260 540 16
514 982 3
157 567 20
756 384 11
353 362 9
375 108 14
516 755 8
620 908 8
740 368 9
944 191 8
2 870 10
753 48 8
468 537 8
55 166 20
254 718 1
730 896 15
509 177 9
820 457 2
413 464 16
709 521 4
615 2 10
238 320 3
688 566 10
408 458 14
646 377 18
857 277 1
650 709 6
741 443 1
980 415 19
225 390 1
687 583 4
982 979 17
528 993 18
551 197 18
416 154 19
237 26 8
347 915 10
416 530 11
773 793 14
902 147 4
167 130 1
707 905 9
309 517 6
952 674 20
303 629 17
918 769 16
615 660 6
320 918 10
200 617 3
391 836 19
667 645 15
429 901 7
849 597 12
538 892 19
907 285 19
114 368 3
551 886 15
788 926 12
158 336 4
215 663 19
560 370 3
131 599 7
860 239 16
676 822 4
1 908 12
471 697 19
841 222 18
772 694 19
697 23 3
253 683 19
763 257 12
478 732 14
98 453 15
830 63 3
840 674 18
426 813 12
716 12 11
725 78 1
900 988 7
293 937 14
48 348 11
796 337 11
60 321 11
103 918 4
340 52 19
672 414 8
526 35 20
95 81 6
751 477 15
447 339 4
660 851 6
499 828 13
866 905 19
745 334 7
668 674 12
945 215 14
667 191 18
61 729 20
505 821 11
440 487 11
140 179 5
178 340 6
307 946 2
188 556 7
295 782 20
301 157 12
855 395 13
582 930 17
567 939 13
822 841 10
124 389 7
706 95 18
136 139 6
690 36 4
797 866 10
247 922 4
438 988 1
277 418 12
815 14 2
131 140 5
987 753 19
853 895 3
446 967 12
315 110 7
742 685 17
680 680 4
155 285 6
791 604 15
560 243 5
102 335 1
764 661 9
767 712 1
774 703 1
706 855 4
895 350 13
56 733 20
353 607 19
73 825 3
392 609 16
617 151 7
316 924 5
910 604 1
738 53 13
997 400 20
740 299 2
341 79 7
992 788 12
251 85 14
960 372 9
595 124 20
827 57 13
705 966 1
186 489 8
75 837 8
358 503 16
770 118 14
45 727 11
487 297 12
399 494 10
734 712 16
401 869 6
231 363 16
825 700 20
318 901 10
741 994 7
309 170 4
236 440 13
816 900 4
669 972 10
557 762 12
869 855 15
960 422 11
889 821 9
989 202 5
771 793 15
178 320 12
694 123 6
72 231 11
586 599 7
672 381 1
556 824 13
719 123 13
168 824 9
451 814 8
65 269 1
833 613 3
28 712 10
514 136 9
3 179 3
383 321 15
750 153 5
888 840 17
159 620 11
737 752 13
693 963 13
953 284 5
832 376 19
750 94 6
81 90 12
539 615 16
894 54 12
504 554 18
448 731 11
430 92 16
621 320 6
96 91 13
763 35 1
469 833 2
84 298 19
830 823 15
545 535 15
714 665 18
409 353 6
617 209 6
840 911 14
762 268 20
424 973 6
140 291 3
121 216 18
976 24 18
487 13 10
206 75 14
716 456 10
144 14 12
739 624 3
113 270 5
339 862 13
676 133 15
568 289 5
139 781 16
535 594 20
15 821 7
546 61 13
158 918 19
341 754 1
731 878 11
840 482 4
952 709 20
622 778 5
742 456 18
828 161 12
593 273 20
108 45 6
196 982 4
469 219 1
409 198 7
739 468 10
587 986 19
97 321 18
247 981 3
749 313 14
371 181 16
265 502 5
621 145 15
102 552 13
608 835 14
592 215 10
519 297 16
355 223 15
438 108 5
419 671 20
169 187 19
453 108 6
161 790 9
634 394 19
597 627 16
659 350 14
934 394 19
836 735 7
663 352 14
474 189 8
399 33 2
946 87 10
467 544 11
908 809 12
242 127 17
96 125 6
67 773 13
608 96 11
346 493 19
120 504 8
789 943 8
549 871 9
354 596 8
279 916 12
820 260 11
863 406 1
315 41 20
641 779 11
748 52 7
70 259 14
405 549 9
353 389 5
817 4 15
413 845 12
553 879 12
147 895 3
413 817 1
324 243 9
509 399 6
350 945 12
680 120 11
49 18 18
1000 589 7
163 655 19
953 246 5
866 582 5
518 390 19
561 451 5
330 742 2
297 214 8
538 289 16
744 866 15
653 594 3
90 739 5
991 508 20
150 397 19
420 467 11
809 44 12
453 547 17
605 405 5
536 368 15
494 13 20
394 108 2
925 459 11
320 307 17
167 988 2
599 994 13
127 596 13
655 65 3
407 750 18
104 136 10
644 286 12
423 971 2
191 260 13
486 607 20
461 321 14
747 477 18
936 718 19
578 332 3
949 17 2
792 389 3
632 16 8
183 25 3
588 150 20
581 890 17
275 155 7
280 34 17
48 531 13
765 796 20
389 197 11
334 647 16
433 947 11
296 525 16
928 595 7
245 574 3
181 257 4
525 378 19
666 635 1
297 580 13
389 869 19
195 41 20
961 13 8
352 662 6
548 917 14
197 400 20
736 907 9
134 692 13
841 29 18
108 736 7
924 402 19
374 148 2
279 911 14
457 584 14
98 401 13
49 781 5
841 127 6
531 791 13
752 590 1
592 657 17
936 663 16
689 745 2
393 337 12
313 439 17
990 646 5
506 440 11
839 483 2
747 548 19
620 752 18
101 671 14
701 772 11
430 221 2
642 426 14
584 415 8
796 84 17
920 86 13
749 319 12
328 371 1
873 599 5
703 232 12
553 528 13
346 853 13
208 389 16
819 22 10
57 414 8
335 725 16
271 125 10
478 23 2
457 875 5
764 128 19
203 876 20
330 171 20
195 228 17
652 674 5
148 813 17
67 62 5
257 347 11
468 246 20
939 159 18
451 104 20
538 655 13
649 975 1
965 996 19
788 610 3
966 43 15
988 803 17
978 532 10
890 803 16
155 858 19
548 412 16
986 825 5
830 869 3
543 565 16
233 699 20
561 811 3
847 994 8
953 220 18
414 131 9
90 489 7
119 947 12
482 888 15
267 757 1
752 631 11
720 137 15
211 40 5
271 34 18
761 622 7
51 861 10
395 70 19
230 792 15
260 286 17
677 483 8
782 439 1
931 555 1
75 385 1
614 257 16
781 819 10
793 250 9
788 194 1
716 434 14
691 252 7
816 170 19
397 183 20
22 524 19
13 107 8
280 860 2
99 601 19
667 25 18
607 706 16
646 700 11
459 537 12
582 239 20
997 703 11
157 6 3
11 892 4
613 687 10
490 294 20
429 357 11
141 885 10
647 634 2
809 887 1
367 145 7
831 398 7
866 602 19
776 964 18
979 792 11
162 622 18
719 953 7
487 62 15
955 877 6
82 375 9
548 226 14
838 930 11
117 718 15
494 637 8
930 830 8
178 702 19
338 8 11
814 719 18
941 494 10
405 399 18
110 705 15
372 388 7
661 68 20
809 402 11
746 340 10
138 481 6
840 932 2
128 145 16
27 287 9
739 137 4
942 973 5
130 694 3
825 873 20
867 271 19
943 789 6
546 790 17
754 430 3
92 961 19
130 227 7
762 637 13
519 298 5
113 541 15
970 571 13
619 606 20
31 511 5
855 975 11
32 516 12
979 280 6
551 510 20
449 330 2
345 388 15
506 425 16
997 811 3
585 304 13
875 85 9
33 146 5
94 184 5
470 206 4
812 735 15
584 302 10
764 100 1
369 908 1
207 327 8
408 50 8
620 354 4
806 596 18
925 201 4
691 465 8
712 224 17
389 955 6
460 54 16
357 504 20
337 726 13
123 254 2
1000 491 13
272 443 1
904 199 16
871 982 8
967 173 4
70 566 1
60 322 3
764 954 16
828 186 10
693 658 16
52 870 11
727 20 14
737 170 11
756 943 9
494 76 8
967 45 4
848 54 16
840 97 5
585 953 9
973 243 8
912 390 5
219 20 9
81 529 9
13 420 9
700 539 10
613 204 14
345 194 10
184 563 5
321 657 5
686 349 7
211 389 8
40 897 12
747 794 11
193 530 17
436 610 3
684 585 6
54 983 10
55 934 1
737 213 13
707 591 11
972 276 7
141 249 3
946 329 8
857 831 16
826 231 13
537 443 4
590 310 14
703 758 10
341 23 13
183 82 16
123 328 14
948 498 19
74 300 14
684 683 20
94 804 18
28 392 5
143 123 6
147 446 14
500 8 11
456 413 8
285 194 9
549 328 14
899 813 18
155 569 20
518 809 7
971 241 12
154 380 14
984 61 6
163 733 4
803 925 5
954 808 3
525 433 8
626 850 14
996 849 5
143 375 16
159 628 12
477 636 5
656 711 4
28 71 5
560 192 17
212 791 9
239 160 12
311 642 19
346 387 3
14 458 17
956 432 7
270 163 18
798 261 14
687 32 10
249 344 15
395 902 8
492 59 7
793 919 5
647 114 13
309 133 2
591 455 14
821 145 17
635 681 15
400 394 8
698 989 15
219 613 19
25 148 16
201 891 1
641 824 17
194 118 10
878 620 1
555 967 4
171 718 11
148 318 5
439 780 7
430 197 20
639 899 5
388 393 4
769 372 11
424 518 17
784 432 18
679 374 16
422 898 7
531 896 18
605 413 18
471 480 4
484 147 14
683 648 1
173 60 15
165 762 5
939 534 5
136 864 9
87 220 7
563 261 18
244 918 5
549 206 3
846 75 15
495 272 2
868 95 3
878 48 3
661 179 9
681 23 17
780 191 1
445 987 4
389 688 4
299 342 18
527 591 10
856 887 6
410 986 3
546 127 10
956 741 19
853 685 8
634 11 12
635 641 11
7 727 2
884 477 14
90 855 1
461 248 17
497 176 3
907 512 10
697 884 4
730 251 5
519 275 7
856 161 20
961 278 8
244 502 13
308 744 2
693 501 11
634 694 10
591 18 20
686 347 1
574 806 5
634 845 16
653 422 20
315 291 16
370 707 18
294 425 14
805 944 8
848 504 16
433 157 17
486 492 13
731 585 7
780 785 9
176 931 20
241 89 6
999 694 3
542 32 8
804 755 20
193 680 9
230 204 11
194 123 20
880 575 8
485 62 19
965 267 3
692 263 13
635 240 18
375 541 10
269 297 12
824 34 20
172 717 6
570 54 14
433 718 9
334 42 10
333 456 6
289 157 12
311 145 8
988 465 1
964 974 10
309 816 15
680 666 6
713 263 18
691 94 6
952 962 9
127 400 11
984 79 2
545 422 4
455 953 14
713 310 9
573 511 12
978 436 14
329 153 14
361 965 13
491 546 17
51 857 7
900 781 11
748 702 4
407 670 14
880 7 12
958 251 9
20 357 4
938 283 7
743 377 12
660 975 16
536 611 2
533 843 9
526 33 1
434 476 5
896 122 12
652 137 7
849 949 2
673 460 8
21 628 10
629 895 20
383 719 18
723 216 12
630 284 11
690 480 1
170 624 5
542 545 9
846 353 18
38 99 8
442 418 8
860 758 20
208 114 3
873 861 13
541 78 6
785 373 4
878 545 17
700 634 18
915 316 10
852 96 5
665 668 2
129 529 3
76 393 9
448 42 12
162 246 4
289 345 13
274 518 1
71 907 10
110 970 10
861 548 19
430 701 13
317 67 2
453 943 17
898 865 2
449 345 10
896 428 6
900 568 20
993 722 12
623 274 9
422 928 4
515 536 5
147 221 12
667 730 17
424 220 8
586 723 19
689 21 12
499 157 1
976 106 18
76 317 18
289 328 14
91 886 8
777 973 19
142 408 16
545 621 20
362 517 2
83 548 12
916 388 11
913 10 10
82 14 13
940 426 10
945 699 1
933 639 18
35 193 16
1000 92 13
464 51 8
291 611 2
59 747 18
831 612 7
36 751 9
685 651 19
490 877 4
379 532 7
259 809 19
401 966 9
189 651 15
794 251 3
543 800 12
335 229 16
591 351 10
176 274 2
693 540 15
534 627 9
392 561 10
581 383 2
310 908 8
496 97 18
50 843 13
271 648 18
345 280 6
621 690 13
971 890 4
603 788 7
142 979 7
955 127 8
241 187 20
749 798 7
423 478 9
490 429 13
264 935 4
177 517 15
587 214 4
799 996 13
174 583 1
618 372 10
547 509 16
61 862 1
690 455 13
581 931 6
382 900 4
72 161 5
568 875 5
410 37 17
138 392 4
28 736 20
546 407 11
143 541 16
653 6 11
670 17 6
392 238 2
959 432 16
377 191 7
464 757 20
182 284 14
990 141 1
811 453 14
278 983 16
831 539 3
154 144 12
206 507 13
520 164 13
672 200 8
759 307 18
838 4 18
206 652 17
563 674 8
740 455 12
686 333 19
570 135 1
964 199 7
241 318 17
632 762 15
117 723 6
387 192 19
670 415 8
457 560 7
772 889 10
422 375 2
648 832 3
721 323 1
213 28 9
288 652 15
910 350 3
996 575 8
725 645 4
819 632 18
668 383 8
810 641 17
182 888 6
957 315 6
263 664 10
629 443 14
18 939 18
346 884 9
439 284 8
592 529 5
701 764 9
257 744 3
843 992 13
467 713 13
146 396 2
767 945 11
346 443 5
774 892 16
975 463 6
384 104 3
554 170 15
612 64 18
464 869 1
183 170 7
51 492 13
731 339 7
698 540 18
756 870 10
215 135 16
101 24 20
913 519 8
835 992 3
486 520 1
456 550 11
31 663 10
565 502 6
458 721 12
623 894 19
250 183 14
236 901 12
47 207 7
383 696 6
823 690 1
222 130 15
294 108 19
180 927 10
186 750 18
397 610 12
971 934 3
938 418 14
200 611 4
817 396 13
723 856 6
428 295 14
708 572 14
75 838 15
64 56 5
758 940 15
689 352 3
538 276 14
380 837 9
854 723 18
823 192 15
187 238 14
145 429 14
147 341 7
371 568 14
234 947 20
320 747 13
409 754 20
314 918 19
10 874 15
572 179 2
25 495 6
469 636 20
20 125 15
285 52 11
811 907 9
664 905 10
119 370 7
882 266 2
850 97 17
110 242 17
48 780 1
927 76 10
926 183 9
154 994 3
802 823 9
363 170 7
875 179 7
192 459 5
115 33 5
868 747 20
60 928 17
286 286 2
496 274 20
980 42 16
467 780 19
824 349 9
371 468 3
922 246 4
723 167 15
808 443 20
408 216 7
776 261 10
473 487 3
35 694 11
26 805 18
113 995 11
475 986 16
34 947 12
223 361 16
109 730 4
473 118 8
671 774 12
182 412 12
364 137 13
3 961 19
234 680 9
183 422 19
916 144 19
844 166 16
417 441 20
409 26 2
131 718 3
834 619 20
210 643 7
120 62 7
419 158 15
577 951 2
929 523 19
5 328 8
413 804 14
894 680 3
303 937 7
551 3 9
181 416 5
610 54 2
349 236 10
996 562 17
89 372 10
159 172 17
682 709 11
994 402 20
892 928 16
423 173 14
880 166 17
249 736 1
332 631 18
472 483 8
826 210 15
529 963 1
960 390 20
763 811 3
911 798 16
847 24 12
406 720 3
696 88 16
673 372 13
34 328 7
939 891 15
847 981 16
741 585 5
140 911 13
983 508 4
4 629 8
263 815 20
501 126 4
234 433 12
96 493 6
382 393 19
531 717 8
296 825 8
276 699 3
694 61 5
601 402 20
775 719 1
91 957 16
605 599 15
323 819 15
82 777 1
309 447 17
753 328 7
416 110 8
93 446 4
751 988 15
257 664 4
593 450 12
385 644 19
682 551 8
228 523 15
588 9 12
72 693 11
446 550 14
983 907 8
384 861 2
994 588 18
280 339 6
168 568 14
930 439 9
743 898 17
897 39 15
566 328 18
882 100 7
952 871 1
90 528 4
212 572 6
578 920 5
636 467 19
214 461 18
326 703 10
404 834 2
765 818 5
367 378 8
860 715 19
515 766 6
948 858 11
918 975 14
460 327 17
572 307 5
303 535 8
15 550 1
780 325 13
732 886 14
853 297 14
776 284 17
684 392 6
830 961 4
704 963 15
620 710 4
196 663 17
876 405 2
970 599 2
881 397 12
954 994 7
6 421 16
48 680 18
911 356 15
237 462 12
511 517 20
22 433 12
575 932 1
291 911 14
22 255 11
949 408 14
667 384 1
774 612 19
901 16 2
319 310 6
539 526 3
731 143 14
505 225 9
288 192 1
123 48 6
811 261 17
855 503 15
579 288 5
510 248 8
985 502 9
206 98 16
156 725 17
303 266 16
956 51 17
226 908 18
722 61 10
611 633 18
702 137 16
584 471 6
290 365 7
879 424 11
807 397 15
893 69 18
744 428 17
854 812 20
502 311 13
90 736 14
50 655 16
997 678 13
658 728 16
762 89 6
644 167 14
375 139 16
533 737 11
110 134 13
825 427 11
826 318 14
860 77 9
98 117 3
308 255 8
229 537 12
723 557 2
800 272 19
498 161 4
514 384 6
85 948 11
19 203 12
857 13 7
877 730 16
991 376 6
257 822 10
398 972 18
213 492 14
56 715 16
890 471 14
320 652 11
429 122 20
398 995 18
322 238 3
787 161 16
979 354 18
886 873 11
83 793 15
283 927 14
695 507 11
652 834 14
645 594 9
976 705 18
885 232 9
818 820 5
115 66 2
655 640 11
3 379 9
197 627 12
588 647 11
924 407 11
606 193 19
105 254 12
629 496 11
382 168 7
955 654 7
405 284 16
248 46 11
366 777 3
974 302 2
677 670 4
997 389 15
606 102 7
66 179 10
405 213 9
650 75 17
480 909 13
899 613 3
443 13 17
452 814 11
437 628 10
358 499 15
565 118 19
316 294 7
63 469 12
349 370 7
376 770 20
741 513 3
793 232 2
645 721 13
713 750 9
133 424 16
929 606 8
360 862 18
557 748 11
235 256 9
436 998 1
354 285 16
915 373 10
326 338 18
95 481 13
621 940 10
265 366 13
606 769 17
733 151 3
928 554 9
314 929 11
484 284 3
646 906 19
212 7 16
45 930 18
227 7 4
88 45 5
591 68 2
83 490 20
686 45 7
76 997 15
267 122 1
13 606 3
773 6 12
454 334 15
908 992 15
628 608 2
812 273 18
742 764 1
646 355 17
312 41 12
587 579 5
715 131 9
842 660 4
779 249 19
102 389 8
219 697 17
305 712 2
839 296 5
815 383 5
436 487 14
707 123 18
697 99 7
142 590 4
667 307 13
354 564 14
344 245 8
779 903 10
422 757 15
517 358 17
282 136 7
158 561 15
423 273 16
154 569 17
836 697 10
115 752 2
690 472 8
574 128 1
664 945 1
478 401 4
800 111 11
891 185 8
198 919 10
428 236 16
753 468 4
154 75 12
72 1000 2
787 680 7
961 673 4
600 235 1
164 789 2
423 263 4
57 472 5
726 202 17
843 931 2
680 519 1
735 919 6
304 372 16
622 963 2
543 517 16
985 970 8
401 15 6
429 138 2
780 51 17
281 54 1
945 217 6
545 983 10
933 198 7
974 305 9
580 686 12
734 547 2
381 648 14
791 232 1
401 827 13
99 868 11
323 725 15
249 152 9
782 54 6
786 359 14
507 485 3
919 329 15
621 188 12
963 498 12
855 183 19
643 318 6
365 493 1
389 141 13
148 980 14
752 407 10
152 7 8
712 531 14
958 599 12
623 201 6
793 96 15
788 501 13
127 215 12
438 231 17
420 993 17
892 982 3
70 175 12
910 568 2
400 571 8
945 131 10
593 198 14
426 529 10
938 556 16
509 439 9
143 606 16
717 514 9
191 119 13
647 588 16
418 530 20
302 634 1
594 93 17
68 854 4
631 748 13
640 742 2
204 489 9
454 894 20
874 642 7
914 228 9
302 507 15
75 615 18
130 980 5
955 23 8
967 987 1
737 873 2
409 810 19
947 592 12
385 71 4
446 588 12
986 422 1
754 92 2
507 506 12
534 536 2
637 536 4
181 129 4
72 697 18
208 786 18
866 825 5
784 736 5
462 372 8
495 616 14
503 719 4
789 232 10
396 736 3
158 603 18
176 984 15
167 542 13
966 755 11
723 540 15
974 655 14
770 123 2
337 943 15
507 104 13
202 511 3
164 950 10
74 93 2
425 533 13
521 912 5
868 926 18
467 69 2
125 38 14
260 861 7
913 323 8
567 975 8
383 408 4
890 182 11
482 951 10
944 706 19
713 609 7
472 36 15
768 704 5
625 62 13
77 588 8
69 206 4
879 888 7
361 786 4
376 166 12
719 493 13
569 334 20
338 549 6
527 521 18
698 669 20
68 419 7
436 79 15
283 195 8
225 6 16
183 322 17
331 449 8
495 266 5
790 199 17
504 319 3
695 302 19
467 310 5
655 281 6
202 140 13
655 858 8
582 848 11
939 814 6
266 618 4
472 555 2
600 210 6
572 271 12
948 130 11
837 805 18
26 133 16
499 261 3
442 259 8
927 639 17
287 456 4
658 986 4
933 532 10
203 787 7
508 944 4
679 635 3
211 323 9
49 685 19
771 425 12
977 255 10
795 402 3
865 204 6
196 364 2
39 426 18
641 938 14
425 444 13
264 804 2
839 686 5
983 332 4
602 349 20
42 232 17
49 448 8
30 675 11
289 201 8
853 231 6
316 960 9
643 972 19
570 933 7
811 737 15
194 848 12
656 128 9
855 622 7
689 908 17
339 430 6
857 140 11
897 355 16
640 331 3
752 677 20
956 542 6
879 238 19
345 466 2
353 150 6
438 53 10
861 886 4
76 255 15
938 84 6
179 130 8
244 697 14
365 199 9
177 750 2
794 1000 16
113 447 4
983 977 19
410 113 4
524 627 19
76 472 13
437 289 6
751 428 8
90 798 14
691 923 15
204 247 14
214 715 12
5 752 12
84 832 20
565 953 20
388 743 20
510 778 1
21 966 10
299 913 20
291 201 13
370 288 9
19 173 5
246 890 19
994 940 14
481 627 4
546 198 1
76 993 16
507 336 10
330 1000 14
681 165 16
300 550 16
670 882 8
378 120 11
117 781 11
227 437 11
202 72 14
717 459 10
919 109 5
872 997 19
946 255 12
315 778 10
30 950 4
786 950 10
303 99 1
213 569 17
107 367 13
599 391 16
981 889 6
706 311 7
900 295 14
851 412 12
475 523 6
787 604 17
378 689 11
998 113 13
898 803 2
284 918 2
176 299 4
397 554 11
354 227 18
601 134 4
10 193 12
864 329 16
293 953 11
788 377 1
414 737 14
647 418 5
460 125 8
4 676 4
449 563 15
300 456 13
298 414 9
539 534 1
979 150 10
88 410 15
515 363 13
940 291 14
148 659 7
253 640 2
337 261 8
593 436 10
44 589 19
470 790 1
733 230 14
149 424 10
148 87 4
682 665 16
261 74 1
186 690 1
426 327 3
448 645 7
611 118 9
348 331 10
801 523 1
796 253 20
580 974 16
923 222 9
205 957 5
370 203 13
368 126 6
729 352 9
563 40 20
54 644 12
72 342 18
651 649 3
899 444 12
524 37 10
763 759 4
175 37 6
522 91 9
904 570 19
691 559 5
742 518 8
651 185 11
198 881 5
859 90 19
344 161 17
938 571 12
807 937 14
118 845 20
93 75 5
459 689 16
273 622 19
968 753 17
624 795 15
939 383 17
214 109 20
505 609 7
575 934 5
998 751 9
979 429 7
957 423 19
659 905 15
106 542 1
270 263 11
92 265 11
904 866 10
406 931 17
4 9 6
981 565 3
472 704 5
754 15 7
523 819 2
559 233 17
922 986 2
288 670 13
389 720 11
146 880 11
124 461 6
239 890 11
119 524 5
764 545 13
395 32 13
88 206 8
809 374 5
935 621 10
845 134 8
398 928 8
583 330 1
843 255 14
729 737 12
961 471 3
956 778 20
842 538 11
800 222 14
459 801 1
388 296 7
622 77 3
706 534 4
759 954 17
504 584 14
678 653 8
248 117 19
76 67 9
886 290 20
94 382 1
323 627 9
853 303 2
747 91 20
185 946 20
34 548 8
744 881 5
963 920 20
530 728 9
278 561 18
194 658 4
968 987 18
443 646 18
468 415 16
266 164 6
744 236 1
234 591 2
783 399 14
696 579 2
698 727 10
843 107 9
986 386 16
790 933 8
480 48 9
582 40 12
394 944 20
729 411 20
923 939 6
101 677 15
289 482 17
296 573 14
377 257 4
382 769 2
216 463 8
742 257 16
349 927 15
654 765 20
659 918 10
582 445 13
729 429 3
490 967 20
627 801 13
520 459 10
743 445 13
445 85 8
660 862 6
938 48 12
431 793 6
931 920 11
993 339 6
95 779 8
260 438 7
790 35 13
119 44 9
604 675 1
354 650 20
951 57 5
135 576 16
93 74 10
224 764 10
904 294 8
500 1 1
6 130 13
862 267 18
7 334 9
477 859 13
405 796 7
639 475 4
207 955 4
422 567 9
301 575 6
369 379 12
541 103 13
341 971 14
388 30 5
365 423 3
781 546 16
907 781 8
74 289 11
405 19 1
522 372 6
642 790 17
690 283 8
299 176 19
730 80 10
531 636 7
81 975 9
742 753 14
274 978 18
521 955 19
450 729 3
271 773 6
346 951 3
483 430 9
714 291 17
384 771 15
91 814 10
184 274 4
657 705 12
336 671 13
441 346 5
999 383 20
912 511 16
311 765 14
691 203 11
253 900 11
556 821 13
448 243 10
165 502 17
131 575 10
844 285 10
561 124 11
631 151 17
19 911 7
745 322 15
122 696 18
965 531 1
920 231 8
728 173 2
849 248 8
541 909 13
919 466 4
565 951 2
531 917 13
54 989 17
321 709 3
781 880 2
142 761 14
235 916 2
483 704 8
39 801 1
873 630 14
981 749 4
567 279 19
456 710 8
88 513 3
369 311 10
506 871 17
259 170 10
276 964 1
832 890 4
428 978 10
809 903 7
930 590 6
824 141 17
923 619 7
441 742 11
892 577 11
890 361 12
955 209 12
26 894 4
204 765 20
906 870 5
220 182 16
423 244 6
264 225 1
901 791 14
343 787 19
172 574 8
107 470 2
873 215 12
963 654 13
650 834 1
449 801 20
45 30 9
488 140 18
240 117 17
683 955 3
302 372 11
437 520 18
815 587 8
148 869 20
939 569 1
999 266 16
936 769 10
963 675 12
419 520 17
938 531 1
79 875 7
892 2 5
246 218 9
695 445 14
706 620 19
656 545 1
874 705 2
144 172 2
45 803 15
226 626 2
217 856 12
662 653 4
290 838 1
876 731 11
373 775 14
68 909 10
31 239 13
511 249 7
233 969 13
649 557 15
820 163 19
602 749 20
222 959 13
434 887 19
621 697 9
319 222 2
828 39 5
490 16 12
584 53 10
239 518 19
502 413 9
726 252 9
725 598 4
374 732 7
198 671 1
795 895 8
338 227 16
246 406 16
892 822 15
734 194 20
720 999 15
434 901 20
883 974 11
144 592 19
505 887 11
655 387 6
413 275 6
851 552 20
892 546 5
298 981 19
767 473 18
446 684 10
527 326 7
579 803 1
237 461 1
646 164 15
826 906 13
728 3 11
498 479 11
806 526 11
286 121 6
180 804 2
840 270 19
409 16 11
226 856 5
835 413 7
951 482 6
751 750 13
486 657 1
462 598 6
192 321 16
805 512 18
175 521 15
369 536 9
538 734 18
379 804 10
179 92 13
963 176 20
487 372 18
464 976 1
217 968 11
270 441 18
728 208 7
148 527 12
932 663 1
248 436 13
397 675 19
831 590 14
800 54 17
965 971 9
952 733 16
225 380 7
964 103 17
114 508 3
237 155 19
687 164 4
377 961 2
698 709 20
854 273 7
406 61 15
121 577 10
110 234 7
87 715 15
299 171 18
715 252 20
664 48 18
104 679 12
680 511 1
902 688 7
753 388 8
240 271 16
28 233 19
112 138 20
671 338 18
677 780 8
83 148 20
454 995 11
608 867 17
475 245 18
858 791 3
4 613 20
657 689 15
186 863 2
275 322 18
409 197 8
136 709 5
25 687 14
582 910 15
595 522 19
143 650 12
951 74 6
653 102 20
231 624 12
757 494 14
436 626 15
454 228 2
212 214 1
828 298 17
27 743 10
792 739 17
952 415 16
902 135 8
986 760 11
463 585 8
897 119 15
473 741 2
750 103 16
719 283 13
420 391 7
301 88 7
787 568 19
687 355 2
856 101 19
204 690 13
751 921 2
743 160 10
417 292 19
956 340 14
159 855 18
320 991 9
197 321 4
280 250 17
939 269 10
535 973 16
200 112 16
491 724 19
453 302 6
216 209 6
518 595 9
408 860 7
753 678 7
987 992 10
924 869 12
203 233 18
580 904 5
957 223 18
688 454 12
779 814 14
987 392 15
783 306 5
597 255 10
576 524 9
886 187 2
430 936 8
53 766 19
246 114 3
743 892 12
618 446 20
679 237 19
868 495 15
957 104 7
84 643 1
365 576 13
97 771 20
155 650 3
839 320 15
788 731 1
876 639 15
929 783 6
379 528 12
468 469 16
2 630 15
965 242 8
241 230 14
209 891 1
168 664 10
761 594 11
178 788 17
805 171 1
693 564 12
199 374 6
754 276 18
562 385 7
102 75 12
671 279 16
207 850 18
92 888 8
459 164 17
294 305 4
130 145 16
140 3 5
967 252 14
221 530 1
18 112 12
939 483 2
372 756 19
225 447 20
691 130 12
253 833 10
95 466 15
332 715 14
60 1000 6
313 988 10
307 254 14
190 188 7
689 397 19
24 689 13
586 748 2
550 602 10
618 353 17
642 51 7
798 243 16
90 717 15
274 591 13
507 853 17
124 710 14
381 99 2
778 695 6
713 433 12
385 296 19
238 92 7
761 769 7
410 507 14
131 23 13
779 483 11
106 594 2
384 823 9
494 932 15
493 389 14
894 369 14
914 455 13
587 387 9
185 592 9
723 765 13
736 305 15
630 852 6
551 838 19
837 689 5
280 926 12
497 450 13
296 445 11
352 745 8
245 18 4
122 5 6
978 919 4
752 446 7
169 3 3
898 684 4
824 552 4
27 160 8
578 464 13
820 831 20
803 275 17
120 771 12
141 728 12
401 608 7
122 313 18
934 793 18
449 727 12
790 32 4
401 178 17
268 33 14
473 420 11
172 736 15
154 928 11
765 982 7
489 605 14
108 619 15
117 89 10
996 940 13
389 950 7
353 185 7
981 233 13
298 754 9
782 742 10
795 744 6
839 379 17
796 240 14
810 237 9
34 639 2
644 829 19
684 583 8
313 37 15
350 119 20
804 325 17
987 845 8
18 397 3
340 592 8
529 144 19
44 685 10
500 90 13
45 661 4
153 750 16
887 882 19
728 922 19
985 920 8
506 544 3
419 10 1
778 345 10
276 771 14
252 710 5
949 632 14
100 518 6
350 30 18
910 720 5
903 538 9
117 48 20
553 942 17
928 405 19
376 121 7
566 235 12
641 196 13
123 142 10
992 146 9
212 996 2
610 144 5
264 562 8
782 693 6
400 625 3
61 756 11
652 650 12
522 981 9
465 205 3
837 277 20
41 363 5
274 492 15
896 13 2
912 325 4
457 508 12
817 734 19
924 904 5
214 967 20
216 653 2
539 314 13
175 784 7
212 704 7
305 603 5
821 750 14
11 109 4
971 433 15
91 852 3
234 777 10
452 368 18
306 453 16
506 293 5
350 920 12
368 745 19
388 908 2
969 707 13
187 167 9
625 712 14
390 960 15
998 517 8
272 299 14
658 447 14
434 261 6
295 902 2
408 357 5
211 492 20
990 26 13
500 753 17
750 262 20
622 120 14
49 182 20
332 29 9
171 325 3
413 873 1
656 392 6
721 975 10
271 224 18
452 686 6
961 830 6
408 641 11
48 229 17
988 267 8
833 606 2
204 50 11
317 475 19
675 473 12
880 65 11
233 621 12
202 971 18
927 717 3
668 756 20
934 274 13
629 421 14
805 577 11
624 583 1
223 638 12
85 385 11
279 27 14
628 71 2
303 856 7
512 138 7
910 5 7
151 441 5
364 295 20
936 648 18
160 785 16
292 909 9
56 693 19
13 70 9
346 530 7
886 196 10
370 946 14
99 988 20
982 494 10
770 401 4
397 213 2
652 266 14
530 849 9
310 484 17
27 300 3
367 704 9
706 245 14
987 676 17
902 975 5
710 437 12
517 143 18
697 676 12
738 608 12
352 582 16
142 693 19
840 697 18
43 132 13
103 136 4
142 425 10
48 293 7
267 889 6
864 238 2
726 740 19
1 737 6
335 957 2
162 67 3
834 701 17
673 325 13
174 710 2
436 371 10
523 752 16
249 286 17
263 965 7
14 256 11
291 501 12
237 49 16
15 674 6
429 455 13
960 112 2
715 430 8
319 93 14
632 595 2
408 437 6
823 860 14
681 557 18
287 3 11
143 950 19
250 202 15
188 234 1
577 26 6
108 67 12
989 823 2
952 202 9
370 87 2
570 485 1
50 537 3
130 859 4
179 792 1
401 291 8
816 804 9
957 756 5
48 33 8
311 167 10
560 123 16
572 948 5
560 653 16
365 690 10
536 697 20
907 10 17
524 908 11
239 241 8
703 448 1
929 141 10
949 638 8
862 370 4
125 992 14
939 994 14
240 373 11
170 708 5
823 176 4
91 826 15
250 116 3
529 414 5
160 783 7
366 938 8
772 308 4
461 724 5
23 63 11
803 561 8
214 48 20
59 409 5
185 79 1
899 420 8
65 997 15
252 739 13
357 833 3
145 748 19
81 761 15
788 342 17
801 89 15
581 402 6
337 456 3
872 183 7
938 424 8
701 744 7
753 344 9
111 989 1
661 855 3
776 494 2
839 687 14
997 790 16
43 645 15
126 341 4
808 117 5
833 819 2
280 309 14
550 760 14
345 762 13
930 385 11
775 995 13
845 403 13
513 762 20
293 923 11
81 381 15
241 213 17
893 393 5
815 821 6
467 744 15
470 651 1
337 168 10
898 594 17
99 105 2
477 968 11
885 760 15
857 53 10
534 508 16
295 260 12
384 720 17
154 950 19
66 589 2
13 252 13
520 213 14
315 572 4
502 660 6
923 457 9
537 164 8
312 155 18
812 53 9
705 911 7
965 212 1
989 999 18
842 74 1
788 469 15
283 288 18
558 957 14
315 159 20
922 157 5
50 127 5
762 420 13
942 131 16
80 403 10
74 925 11
543 484 19
845 946 15
551 707 12
172 494 16
645 796 12
229 977 7
299 189 15
266 78 3
964 155 18
550 782 11
636 696 9
381 841 12
180 155 14
442 2 7
573 413 20
188 889 7
661 289 6
47 713 16
299 985 14
266 401 16
261 180 11
750 655 17
874 491 14
983 996 12
466 399 3
400 850 15
944 213 12
749 297 13
241 522 4
841 390 4
96 345 20
598 910 3
918 493 5
842 936 15
899 740 9
388 519 14
518 149 5
713 62 18
902 125 17
52 82 8
176 490 15
792 577 4
864 96 17
919 450 12
424 472 19
604 125 9
820 296 11
257 557 17
384 917 10
458 257 11
714 206 14
178 878 17
406 641 19
164 826 5
625 137 20
808 99 18
810 340 1
836 721 9
470 345 15
494 334 9
648 258 8
723 534 5
785 240 12
586 300 7
973 581 1
860 702 19
688 246 9
252 776 17
34 314 5
252 801 9
974 753 12
538 172 10
599 690 12
73 298 18
61 890 19
301 835 9
620 846 17
982 571 20
859 636 8
920 127 14
76 554 3
679 95 14
865 909 14
481 462 15
306 383 19
437 773 13
945 609 9
749 645 10
764 713 19
848 92 20
121 204 17
134 765 17
439 759 7
794 523 8
572 530 1
151 520 15
407 832 14
583 907 7
613 505 17
585 369 11
461 913 6
413 285 5
108 204 15
260 201 11
892 243 8
675 662 16
132 772 6
532 113 16
505 513 7
756 955 13
160 874 7
377 710 14
101 838 14
772 898 7
864 748 20
920 256 2
651 375 19
341 896 9
49 430 13
509 431 18
410 969 18
232 88 7
226 588 19
234 667 11
484 729 3
914 589 9
210 528 13
131 832 7
841 198 13
825 31 2
85 965 15
492 256 11
521 800 11
100 353 18
855 538 13
671 357 18
140 188 3
729 330 4
852 164 4
685 42 20
690 760 9
498 235 14
862 471 3
516 544 20
786 664 5
253 625 11
167 335 6
508 574 1
165 908 7
58 249 17
314 575 16
724 816 10
687 336 3
905 90 7
283 57 17
599 962 15
301 792 16
668 696 3
801 948 10
86 988 11
525 758 2
870 377 1
762 504 3
937 87 16
334 480 14
293 847 5
151 169 7
511 17 9
859 148 17
497 878 16
853 933 15
937 334 4
202 853 13
763 722 8
248 9 13
839 220 17
542 366 2
612 275 5
435 548 5
318 992 19
132 559 20
37 537 15
620 564 2
969 370 3
328 564 17
802 380 14
33 479 1
854 326 18
9 161 8
480 995 15
9 453 14
26 973 6
175 292 11
453 1 18
428 28 1
369 959 15
615 269 1
176 119 11
735 67 3
266 621 4
90 248 16
130 445 14
155 643 9
781 745 11
579 269 6
914 65 6
668 739 18
226 916 9
125 795 11
351 159 20
596 780 7
324 744 15
260 794 8
109 992 16
825 996 10
163 891 10
614 544 2
629 397 19
165 964 9
564 701 11
608 475 7
2 296 2
913 580 10
199 165 15
327 111 6
835 859 18
282 542 4
617 581 6
288 886 14
885 606 15
263 407 4
311 334 2
211 309 7
705 405 10
34 587 15
982 141 11
40 954 7
156 283 5
469 669 20
476 447 12
106 126 11
287 986 15
833 883 12
662 244 11
485 261 4
912 743 10
547 581 4
477 899 2
271 98 4
689 711 18
699 967 13
1 733 18
320 517 3
618 612 7
808 152 7
295 803 18
25 488 6
379 991 10
14 943 14
746 287 19
114 237 3
57 606 7
578 990 11
553 619 14
173 744 15
917 270 14
218 502 7
485 32 13
390 455 19
437 48 6
540 855 14
849 144 5
651 976 12
320 39 12
820 364 13
111 580 11
185 244 19
600 352 7
469 692 8
471 953 10
632 936 15
591 607 13
465 464 16
819 633 18
211 900 3
378 82 8
776 31 19
484 6 8
230 221 13
162 808 3
493 468 5
645 624 3
271 510 6
199 465 4
639 738 2
395 358 12
587 145 11
595 202 18
133 924 4
674 358 16
943 582 8
661 59 15
615 670 17
244 859 5
955 29 18
919 649 6
419 589 12
528 941 7
90 132 5
710 946 20
916 500 18
452 609 7
418 42 1
121 278 11
59 143 19
685 196 14
632 341 18
79 945 5
568 91 14
813 678 20
749 322 20
240 806 7
880 887 7
206 337 9
496 966 11
270 484 19
928 27 19
317 563 6
975 603 12
545 690 2
449 249 20
67 903 14
880 870 8
219 538 7
126 727 17
421 395 9
115 800 17
936 354 17
781 286 10
812 832 9
773 572 9
901 265 12
346 234 9
871 634 7
983 865 4
624 703 8
478 176 15
48 141 13
591 403 16
117 906 15
684 173 19
519 723 7
939 883 17
797 534 6
741 974 2
517 667 3
777 95 4
609 197 14
988 387 19
911 47 16
158 655 14
709 568 14
847 226 11
907 889 1
316 403 14
486 354 15
273 493 12
111 503 16
441 582 1
968 84 11
875 8 19
131 498 15
14 113 11
109 836 15
858 866 8
118 199 9
244 550 7
537 100 16
115 878 4
441 795 3
687 429 10
198 98 2
726 961 16
712 323 19
966 169 12
613 900 16
138 766 12
883 406 14
259 911 4
3 230 3
842 134 4
346 47 12
574 523 2
402 704 7
694 935 10
869 486 13
684 355 18
156 914 17
144 321 10
239 260 17
662 222 10
954 340 2
88 317 15
624 699 3
792 201 16
774 558 5
441 485 16
968 781 15
201 465 13
495 429 6
394 412 7
604 95 14
91 948 15
545 471 20
886 142 14
268 597 15
428 455 16
828 578 14
447 167 8
742 61 19
76 562 14
507 73 5
952 89 11
335 549 8
376 511 13
770 774 17
317 890 17
197 649 16
592 212 1
811 999 11
785 111 19
935 845 1
65 584 9
275 680 19
767 765 14
719 642 16
552 549 5
125 421 4
279 449 18
421 382 12
258 952 17
143 718 3
835 4 7
622 232 5
744 755 5
585 485 20
255 968 16
619 134 18
3 402 2
483 677 4
899 728 19
919 626 10
237 731 12
642 277 4
39 391 11
468 17 18
563 529 19
551 9 20
725 292 9
630 177 15
233 765 4
180 881 11
539 364 9
866 942 16
492 812 9
846 266 13
940 722 6
92 39 1
82 562 2
66 459 11
502 975 8
90 98 8
513 961 2
173 334 3
479 403 14
921 891 13
549 669 11
19 350 1
958 282 18
855 123 9
153 785 15
90 988 3
551 845 3
686 830 3
17 155 14
436 361 17
67 733 8
381 944 4
963 897 9
177 141 16
684 125 15
991 917 3
325 203 17
571 803 19
141 869 1
96 463 2
383 948 15
699 540 17
244 686 18
762 33 10
104 323 11
511 90 4
181 193 6
90 476 3
637 605 19
871 825 10
76 597 11
336 881 6
441 854 10
515 37 4
600 650 12
540 315 16
424 984 9
212 798 6
349 571 11
504 354 1
483 136 4
648 725 5
215 826 8
430 861 17
836 482 20
151 150 18
311 537 10
556 719 20
393 22 20
353 359 10
369 842 16
60 913 19
120 527 20
834 203 17
129 883 9
1 505 17
40 720 9
389 699 8
773 825 12
809 143 17
994 944 7
362 163 10
388 33 5
948 171 20
470 699 18
769 462 5
445 823 1
337 155 9
934 426 6
342 387 11
977 919 6
412 90 10
482 949 5
770 382 10
815 64 1
464 253 5
497 366 11
783 699 2
518 896 3
109 501 11
221 913 18
989 241 5
191 391 13
1 664 19
942 602 14
600 183 8
432 82 9
21 258 4
44 207 12
742 879 3
272 235 3
779 696 9
359 868 14
255 104 2
687 780 12
967 33 2
373 506 19
222 340 12
257 340 4
304 697 5
335 595 8
663 770 18
632 84 3
662 419 3
616 728 8
381 132 7
368 221 8
821 616 6
199 502 6
4 635 6
933 180 7
416 594 19
749 891 19
826 486 10
783 782 3
247 725 15
932 779 7
847 252 9
736 894 16
885 406 6
565 553 14
494 214 11
153 489 10
810 56 18
916 205 14
50 313 8
851 898 14
391 300 8
308 497 1
567 434 11
300 183 14
287 533 16
473 763 20
918 610 14
235 461 7
19 72 10
467 958 13
913 770 1
955 467 16
177 500 7
808 64 10
279 634 17
583 526 16
318 941 20
302 155 8
893 260 5
712 340 14
67 673 2
746 163 4
93 886 14
532 936 2
275 549 10
6 253 17
907 316 15
739 524 19
643 423 4
530 65 10
103 441 14
871 407 9
486 982 7
572 267 3
508 324 4
52 711 8
834 236 4
137 322 8
870 183 9
345 915 20
590 484 3
595 176 12
407 575 6
486 627 6
654 634 10
746 258 12
842 72 12
790 914 14
172 3 19
887 624 9
716 407 2
935 262 2
695 565 17
254 761 9
921 230 10
794 303 19
688 644 4
966 280 12
64 994 7
454 266 3
227 212 9
709 619 4
482 697 16
545 683 8
350 892 18
113 966 20
989 251 12
9 409 2
235 78 5
372 228 3
601 956 12
607 697 2
909 272 8
924 777 1
358 790 17
141 414 1
302 219 1
195 622 1
282 458 2
826 793 9
267 496 18
286 484 14
993 702 12
321 760 9
33 795 20
102 736 20
215 524 2
919 243 10
259 874 15
184 954 11
160 311 10
390 125 10
603 502 12
863 730 19
655 673 20
349 813 7
657 268 2
751 643 10
80 971 6
54 409 6
439 81 10
14 463 4
837 360 13
121 628 10
309 549 14
668 417 9
558 822 13
572 111 9
704 444 13
570 94 1
132 251 1
526 156 4
660 838 4
431 854 2
147 241 14
703 430 14
865 681 17
285 324 20
966 854 8
612 644 12
634 130 15
977 332 17
779 429 19
614 673 3
959 933 16
954 353 12
487 649 4
462 468 9
378 316 3
509 739 4
53 299 16
135 647 10
491 32 16
936 998 17
976 518 14
381 887 4
995 987 3
524 136 14
657 153 9
93 882 3
70 780 8
405 78 10
197 602 18
442 688 9
704 125 12
260 40 8
845 948 13
47 22 8
653 223 20
583 294 13
204 162 5
447 727 4
97 824 13
466 303 6
838 74 2
111 636 1
587 132 13
7 357 18
392 319 1
544 306 14
604 459 8
339 274 19
797 463 1
722 739 13
711 719 10
910 708 6
897 165 3
371 504 5
97 39 7
473 918 4
883 610 8
104 746 17
246 961 7
782 217 18
546 180 19
473 242 5
191 832 8
916 786 3
429 652 5
418 29 4
218 200 19
429 971 17
798 865 6
108 809 17
579 143 4
398 323 13
250 493 6
16 195 13
771 135 5
461 750 4
746 277 5
621 256 8
22 951 1
65 806 20
789 61 5
742 349 19
11 322 13
115 996 10
150 855 18
639 216 9
615 847 9
107 449 1
539 543 11
633 422 11
674 106 12
730 537 20
630 459 13
716 623 8
420 98 12
999 975 11
635 755 11
255 565 19
720 825 11
951 248 17
767 900 16
563 188 3
413 888 2
947 137 4
967 819 15
396 94 9
911 713 4
426 504 15
460 518 16
217 539 4
991 274 9
639 877 18
835 86 8
582 275 7
746 468 9
45 142 16
465 795 16
566 137 15
901 340 6
14 944 2
212 200 18
157 79 13
914 695 8
155 724 7
669 464 9
723 285 8
590 894 2
50 654 7
877 527 18
290 64 5
804 241 12
518 892 14
223 869 20
480 765 18
773 597 1
7 65 18
526 336 4
488 825 2
304 436 11
810 320 12
340 397 17
855 815 18
946 315 3
483 934 18
333 704 9
675 434 13
171 58 18
436 321 3
324 3 20
989 799 8
849 633 4
735 858 18
905 767 20
884 581 13
73 501 4
1000 370 14
788 461 15
217 413 7
233 890 7
492 201 13
273 10 13
512 84 6
227 590 17
953 540 12
240 62 13
961 783 17
573 874 1
134 411 3
93 322 2
52 390 9
822 355 2
960 338 12
614 795 13
976 572 7
265 178 3
532 15 10
544 727 1
342 230 9
885 922 12
816 975 10
324 136 19
933 892 18
506 232 3
192 894 9
177 606 9
637 612 18
422 147 7
484 772 3
493 304 12
500 41 19
262 320 16
911 89 19
30 89 2
522 100 8
38 298 14
31 951 16
926 543 18
134 952 16
852 190 11
24 476 13
161 349 5
607 143 5
673 822 6
234 294 13
757 271 8
528 392 9
545 682 16
108 720 9
40 262 8
39 365 7
529 329 16
766 314 11
980 907 7
524 910 7
982 81 14
905 979 9
580 312 11
62 702 6
553 855 9
601 285 19
862 428 5
331 835 11
327 227 8
815 712 11
28 209 3
387 413 12
522 271 3
636 142 19
875 397 18
366 401 8
708 718 3
887 806 14
197 137 7
635 930 11
830 475 11
386 91 17
63 732 14
5 264 1
367 571 18
421 793 19
429 748 4
544 45 5
619 141 18
632 977 4
301 842 17
272 574 5
118 943 3
433 729 11
902 102 10
932 93 1
120 746 19
55 750 10
994 285 5
804 46 5
873 609 13
998 568 13
415 22 2
148 174 18
80 785 3
597 557 3
157 808 3
17 201 9
373 166 3
301 416 4
692 545 13
14 263 16
51 932 2
55 265 19
597 105 3
962 332 3
520 154 10
87 21 2
547 468 3
572 597 20
705 988 4
881 249 12
551 35 1
66 277 10
831 662 1
128 551 4
977 689 9
357 665 5
719 770 9
32 522 17
276 646 10
617 306 5
601 657 11
737 865 11
83 534 9
817 222 7
885 648 19
498 302 8
898 122 7
989 219 2
793 559 14
137 431 16
436 538 19
417 968 10
737 79 13
38 287 16
349 599 20
104 776 13
574 279 10
193 139 17
216 708 2
123 902 15
543 238 1
354 422 10
529 583 1
737 961 14
317 826 5
81 684 9
843 472 16
202 412 7
567 129 4
166 298 18
216 979 6
29 225 2
918 280 9
695 336 8
185 399 14
777 542 16
383 164 17
108 60 18
338 67 18
816 508 3
17 317 18
815 992 3
929 50 18
306 805 4
843 805 14
401 132 14
961 755 17
760 638 2
279 941 8
520 73 19
980 221 11
589 609 16
833 933 16
477 298 15
814 723 1
272 254 9
56 169 4
136 771 20
400 595 11
664 901 19
877 468 18
892 943 1
587 970 10
18 285 13
447 948 18
545 749 8
444 109 7
636 29 5
144 763 8
299 337 15
645 368 2
25 71 19
438 662 15
280 456 11
546 251 15
814 763 1
851 963 3
719 616 8
601 615 1
465 187 10
892 185 7
440 494 5
810 688 2
889 607 14
771 237 5
60 25 14
54 91 12
181 310 11
80 510 13
329 909 16
751 926 19
172 412 12
516 601 14
401 940 10
550 740 10
628 472 12
350 541 9
547 329 14
365 290 12
267 538 18
279 955 17
486 639 4
285 16 8
519 593 13
543 383 4
442 612 13
753 527 13
264 447 6
441 674 18
925 72 16
524 583 20
913 60 14
137 393 19
563 60 18
669 534 7
745 109 3
414 168 6
90 743 4
268 701 11
293 811 1
930 760 19
209 816 5
865 374 16
194 748 12
388 598 10
666 85 2
444 973 4
6 459 10
119 34 8
508 749 18
478 464 20
850 887 20
773 622 8
339 136 15
825 406 18
51 713 20
791 169 10
30 762 14
668 807 4
352 454 2
565 566 3
922 412 9
362 413 15
350 337 14
802 707 10
239 226 14
649 679 6
495 228 17
389 477 14
34 144 15
90 794 19
230 288 15
586 664 19
990 569 14
410 938 1
943 727 13
528 354 19
964 130 18
189 218 15
81 728 8
504 233 3
759 996 9
553 345 6
969 954 3
700 284 15
742 95 8
434 970 11
459 448 5
893 789 9
436 375 6
781 533 19
265 997 1
155 286 7
668 737 20
528 733 3
972 993 5
547 219 15
704 725 8
544 924 17
792 388 1
443 46 3
439 168 1
705 740 18
844 444 3
146 302 14
855 413 2
323 789 14
689 379 18
916 829 20
440 685 8
376 907 10
882 380 7
413 270 19
653 45 4
591 476 18
105 699 12
497 857 1
588 261 2
963 690 2
853 57 4
384 998 8
26 13 3
275 666 13
917 458 16
837 191 8
716 201 10
664 383 10
854 144 8
200 903 20
343 986 1
94 480 1
37 750 1
235 772 18
799 767 5
878 734 10
940 172 4
526 52 5
767 815 9
422 605 7
471 96 13
738 540 6
852 866 9
489 687 5
872 792 19
823 277 3
584 697 3
579 385 15
101 964 5
429 108 11
758 908 10
637 450 4
623 867 4
732 878 9
698 67 2
968 74 20
4 818 10
618 801 15
492 705 5
169 169 5
972 492 11
467 824 15
691 738 1
12 61 11
956 467 6
551 640 12
742 856 5
786 508 11
434 341 4
425 395 17
857 727 5
592 137 2
946 84 6
50 714 8
153 927 15
348 78 2
659 675 2
283 602 6
952 896 17
524 439 6
976 345 11
177 29 14
820 739 5
824 904 14
991 27 18
764 811 13
978 282 14
436 972 19
740 785 19
623 55 20
981 556 5
256 54 17
668 132 5
210 9 19
655 236 4
593 899 13
597 691 4
916 220 17
986 94 13
935 513 1
794 134 18
123 485 8
177 253 13
564 873 7
876 805 11
450 289 13
404 302 9
525 604 15
100 104 2
636 31 12
381 906 9
297 787 18
314 364 15
866 72 1
54 619 1
918 287 10
286 427 15
214 276 20
631 481 4
415 64 12
836 53 8
566 151 7
551 85 14
437 559 19
595 842 13
341 897 11
192 358 14
70 208 2
292 249 19
16 759 4
680 130 19
808 785 7
860 797 1
143 439 13
800 145 7
183 529 4
758 967 15
927 928 3
1000 606 12
327 712 1
586 479 15
355 169 17
895 305 8
21 188 6
617 822 2
932 824 18
843 551 11
995 669 7
335 703 18
607 272 16
294 832 5
936 1 9
493 70 16
559 493 19
611 490 19
907 223 7
312 465 9
289 111 18
299 552 1
671 184 5
390 630 9
474 755 13
630 943 7
395 577 19
967 756 3
926 618 15
393 160 14
498 804 11
180 790 5
796 594 11
721 710 9
681 792 8
733 423 18
584 150 5
978 126 2
441 539 2
86 35 7
969 493 14
632 662 4
618 227 3
837 74 8
778 690 8
842 913 17
517 81 13
733 906 1
375 926 16
28 838 3
918 556 12
744 160 4
382 856 4
806 269 16
453 888 2
955 904 3
416 167 9
697 318 5
688 841 8
940 661 18
737 179 1
834 828 19
994 548 17
596 185 19
120 246 2
108 751 12
1 690 14
638 902 17
796 698 9
175 39 20
487 823 5
61 882 8
962 146 7
925 117 7
7 540 6
212 442 6
854 711 13
107 472 11
552 747 2
68 295 5
87 240 2
732 244 1
731 402 19
487 923 10
24 957 11
126 415 5
311 907 3
226 260 6
683 524 3
388 217 15
992 526 5
544 575 12
156 50 20
368 870 19
727 416 9
267 920 3
366 119 2
87 197 10
228 267 3
96 762 5
930 267 11
726 69 7
120 764 3
263 837 4
94 260 15
932 324 2
479 886 9
62 846 3
318 354 7
400 471 10
467 669 7
432 863 3
903 244 9
289 323 19
515 25 11
591 25 5
853 420 11
590 680 18
410 891 1
937 943 20
586 509 4
385 582 13
845 167 16
115 13 2
383 962 16
895 2 4
210 523 12
87 900 2
477 481 15
201 757 11
153 21 8
816 124 15
88 225 15
462 497 3
789 244 8
769 673 2
586 403 7
789 405 7
965 214 10
487 490 3
152 812 11
312 219 11
996 779 6
520 285 1
609 413 12
31 503 13
302 710 17
957 178 1
685 422 6
421 137 7
946 396 15
920 969 12
566 541 3
313 197 11
146 525 16
559 120 16
289 151 18
602 96 9
342 903 15
940 685 17
677 259 18
832 51 2
443 807 7
443 445 10
847 23 16
110 304 10
834 600 9
978 490 17
776 9 19
726 484 4
698 486 17
179 620 4
186 763 1
651 881 12
806 24 17
837 927 15
268 413 3
162 514 2
239 357 12
100 511 15
436 346 19
317 241 3
720 591 4
230 919 9
756 974 4
970 363 6
965 798 2
548 560 5
336 607 18
21 608 1
723 369 3
962 879 17
942 244 5
712 406 17
406 434 14
789 17 13
921 677 6
342 999 13
75 411 12
158 344 1
384 927 13
617 666 4
318 230 15
279 178 2
338 195 18
176 656 6
785 409 8
765 548 4
404 960 12
46 113 4
199 956 5
154 93 1
5 508 8
176 882 6
634 935 15
664 318 10
151 132 7
506 451 10
962 408 20
124 302 2
447 666 7
373 520 14
885 697 8
614 916 4
885 15 7
114 988 4
719 22 10
80 979 7
184 574 17
209 663 11
252 891 1
952 298 15
839 206 5
641 758 19
623 792 2
343 101 15
666 606 5
982 593 7
150 725 7
947 470 4
293 292 15
477 251 11
100 561 2
98 845 19
621 892 17
179 76 20
361 152 14
905 891 2
671 977 9
218 50 8
806 147 18
703 247 4
117 884 1
746 695 1
375 747 8
231 606 6
250 961 10
593 955 6
96 778 6
913 638 5
519 594 19
437 141 11
868 436 4
382 384 8
858 147 18
641 941 3
973 152 16
804 577 14
263 348 9
662 26 2
952 222 2
130 565 3
119 512 9
218 437 8
459 115 16
701 646 13
715 408 14
416 86 4
965 624 13
1000 428 5
138 564 4
832 74 17
113 629 7
219 443 2
402 781 13
28 318 11
318 907 10
415 699 14
28 586 9
400 614 2
888 769 18
255 803 15
236 470 8
869 274 14
791 635 14
192 250 6
511 900 5
336 659 17
581 999 2
940 604 10
549 925 4
371 115 3
236 603 9
152 61 2
511 611 5
704 773 16
668 14 15
967 327 18
643 640 2
926 120 15
255 726 2
407 523 19
935 317 14
416 747 11
234 729 9
549 833 7
347 935 20
663 146 6
396 601 16
313 961 12
406 17 9
740 702 14
437 281 1
623 413 1
55 8 1
683 329 8
979 676 17
998 632 19
766 416 3
699 387 20
865 338 16
663 944 14
111 271 19
740 193 14
434 822 16
394 395 5
733 200 16
415 952 14
556 823 19
185 479 11
542 126 14
75 642 15
239 198 17
509 166 13
985 339 1
816 814 9
766 808 8
899 400 2
321 396 5
491 788 17
398 187 20
864 831 13
708 163 7
524 581 4
333 176 11
431 320 8
910 427 11
405 294 6
651 23 19
820 675 16
359 729 5
324 161 4
402 400 15
904 458 4
600 777 13
95 280 20
182 273 2
629 910 9
969 216 8
829 55 2
759 452 5
872 389 8
653 937 16
604 184 18
695 728 13
668 85 9
898 932 18
145 900 2
409 868 20
637 61 16
496 579 3
623 521 19
779 107 1
978 965 7
443 366 20
721 256 4
224 908 9
45 649 6
749 347 15
665 580 6
768 673 1
84 596 7
338 21 18
92 203 13
498 545 7
145 335 1
618 439 7
975 581 1
204 967 3
811 20 7
420 620 5
656 918 20
273 824 14
922 644 20
763 2 18
213 403 2
659 9 11
673 311 15
414 73 13
888 532 5
67 330 1
369 182 8
997 455 20
454 815 18
302 528 16
886 149 7
703 606 5
135 257 2
974 836 19
183 733 15
441 871 9
699 564 14
292 164 16
326 137 8
611 378 19
630 563 8
270 668 1
319 490 1
716 401 14
824 920 8
962 702 6
276 366 3
932 339 14
544 210 10
752 865 1
879 755 16
688 474 12
923 594 18
31 335 3
415 332 11
597 592 13
846 479 16
637 538 7
952 459 20
155 882 2
998 896 8
926 998 4
590 222 13
663 328 8
236 517 8
239 702 8
314 347 19
950 983 2
749 901 18
277 371 2
351 202 1
585 270 9
654 474 18
756 357 4
462 180 13
856 540 9
244 270 4
448 197 1
256 159 5
604 362 19
921 871 17
984 148 17
305 796 10
524 271 2
193 432 6
5 20 4
974 647 1
287 611 2
474 252 2
331 956 7
950 336 3
609 522 19
400 31 12
424 360 7
125 844 13
708 555 16
350 301 11
903 608 16
867 722 3
608 617 12
464 839 20
254 33 19
317 934 7
191 240 5
555 353 12
416 77 20
868 406 12
277 13 8
103 39 11
866 11 18
427 528 5
451 146 15
987 190 3
779 819 12
776 775 9
481 910 8
42 839 10
905 96 5
137 362 14
406 806 8
194 688 9
83 805 15
65 156 8
756 648 20
634 670 8
826 674 13
922 660 11
487 479 7
696 881 16
614 51 19
287 472 15
902 50 5
918 366 16
183 462 11
764 889 13
842 13 19
330 852 11
460 584 14
120 677 20
280 413 7
904 228 5
622 388 9
671 532 8
868 393 3
99 779 11
142 942 18
205 470 14
851 62 18
185 597 3
209 295 6
893 770 1
494 248 1
533 802 9
23 869 7
622 154 11
799 116 7
991 737 3
998 590 3
518 509 10
920 229 11
238 256 2
285 498 1
369 650 18
613 670 10
134 92 19
629 375 9
763 974 5
353 535 2
295 823 10
246 25 6
656 625 14
145 646 8
641 898 11
784 989 13
11 967 14
874 651 4
871 78 10
243 221 10
17 813 9
972 866 20
672 708 5
710 234 14
364 579 10
854 570 3
347 94 6
301 36 11
711 849 3
473 863 12
156 199 13
37 729 2
557 931 2
242 681 6
203 14 8
341 752 5
631 277 7
439 928 12
250 619 11
503 146 20
933 570 17
775 287 2
313 134 14
354 578 13
525 441 14
232 868 17
129 900 12
62 44 1
612 668 20
904 448 3
729 732 3
662 66 6
939 223 9
545 879 12
970 530 17
566 464 11
966 473 13
695 453 20
978 683 15
651 299 14
519 565 11
723 642 10
31 558 16
485 819 12
999 87 14
480 286 7
195 366 18
436 651 8
735 401 14
316 728 1
609 473 11
852 409 7
938 551 1
957 732 1
361 938 5
344 47 15
296 802 15
804 427 1
949 705 1
20 370 19
837 228 12
736 732 7
668 385 8
187 682 6
140 885 9
701 918 4
23 35 6
656 431 12
418 967 11
171 314 7
185 331 7
928 308 3
500 85 4
890 203 3
479 513 15
770 971 4
452 417 1
721 431 14
34 504 2
718 425 2
911 40 19
816 59 10
241 511 8
673 989 20
978 614 19
67 153 16
270 512 2
409 981 3
422 109 3
479 640 7
297 65 5
822 370 15
8 894 18
837 50 1
605 201 15
126 701 6
239 235 8
174 208 17
796 91 2
5 63 8
597 307 16
387 752 11
626 125 2
552 801 10
956 191 4
530 384 11
445 419 8
349 618 9
972 177 19
99 603 16
948 539 12
128 698 1
277 688 15
98 57 20
528 894 15
386 690 1
269 77 19
836 425 2
959 212 9
792 359 17
422 617 7
477 754 20
123 192 13
377 237 3
818 313 3
428 583 3
984 138 15
750 956 5
510 987 5
585 838 11
793 166 15
518 874 12
828 641 20
52 307 5
487 255 9
930 999 2
320 288 4
155 574 4
912 1000 3
301 832 10
979 772 2
432 699 7
171 68 15
561 519 13
930 412 9
525 744 5
681 514 4
714 997 4
673 508 1
997 220 11
183 646 5
919 564 9
671 777 1
888 475 6
734 348 10
973 619 8
193 635 11
15 207 5
638 576 19
610 641 16
98 227 18
101 168 3
977 311 7
409 619 14
272 149 15
210 608 4
446 774 6
19 487 3
49 600 17
757 354 6
115 833 9
735 901 11
549 423 9
68 308 7
903 730 20
235 315 1
294 63 4
577 118 16
269 367 1
106 754 1
297 187 6
300 241 1
912 531 7
828 690 14
232 524 16
682 572 8
651 951 15
807 419 11
666 608 16
795 697 11
441 878 12
94 846 7
1000 832 11
1 759 6
74 377 12
845 587 16
387 975 10
148 741 8
380 608 7
1 418 14
808 489 2
221 721 10
300 624 10
796 348 14
715 62 3
983 921 7
838 965 6
9 103 10
905 589 12
976 410 18
426 146 9
548 780 15
519 305 2
304 34 15
369 422 11
668 970 8
910 393 8
979 346 3
985 792 14
915 793 13
87 662 7
618 347 10
713 738 16
850 75 16
302 544 20
178 424 13
865 852 17
238 576 3
22 270 8
874 239 13
722 542 17
855 62 15
959 494 1
956 360 3
308 271 13
383 142 19
874 452 9
135 99 3
120 650 15
389 41 10
923 804 16
661 28 14
374 906 3
315 534 11
147 759 10
794 502 6
395 53 14
193 428 5
453 782 7
419 46 2
154 508 15
41 738 2
586 29 6
509 87 7
458 759 19
170 467 14
354 563 1
249 558 15
866 376 4
784 753 14
962 33 13
262 194 2
133 400 2
966 535 1
687 630 2
633 483 20
321 892 5
989 175 7
185 518 19
118 682 14
148 632 5
426 508 19
651 190 20
824 226 9
337 721 15
361 536 15
51 60 16
960 916 14
706 277 1
318 529 5
263 222 5
608 356 17
30 392 13
65 405 20
921 425 6
740 507 3
819 309 5
945 237 6
543 273 15
818 178 10
91 686 20
101 785 6
632 622 7
460 746 14
877 275 11
155 173 13
445 224 14
49 725 18
424 241 1
543 154 20
976 126 8
91 984 10
273 496 15
258 9 19
939 722 3
751 258 11
865 253 4
48 93 17
177 3 3
549 159 1
485 39 16
332 290 17
211 472 12
909 373 11
604 797 16
73 169 18
607 574 8
705 779 5
555 695 19
575 706 2
927 391 9
852 688 4
428 560 14
993 148 4
736 492 17
188 377 18
97 676 10
117 102 16
917 237 19
884 307 9
303 101 9
539 607 16
7 738 6
257 620 16
602 411 14
200 577 9
798 137 2
716 462 7
598 728 13
516 499 4
758 809 12
336 807 1
15 179 2
712 998 18
657 816 12
514 503 5
6 711 9
400 27 20
537 85 3
970 616 6
643 531 4
346 999 8
905 82 6
243 872 12
132 500 14
588 51 18
131 785 18
160 517 2
221 191 6
27 589 15
360 590 9
38 563 17
552 83 1
891 229 5
844 8 4
126 321 4
932 102 1
511 418 14
228 994 6
107 946 19
76 124 4
811 680 1
107 891 2
451 150 19
155 889 6
268 575 2
761 665 19
476 21 14
335 385 15
883 606 17
182 739 12
721 856 14
199 611 1
481 558 8
879 824 14
349 153 5
898 885 3
145 634 12
594 889 1
569 993 12
982 375 17
223 709 15
68 830 15
387 690 3
69 147 3
510 852 16
366 150 16
844 44 12
880 999 19
706 318 1
385 780 9
967 121 5
617 144 18
694 515 16
115 691 14
320 253 6
430 167 11
160 132 11
725 743 7
30 578 4
299 992 8
614 787 4
853 34 3
485 254 14
409 171 20
706 811 4
205 199 7
607 623 10
333 452 1
851 374 1
712 145 20
233 834 20
63 209 11
302 424 17
194 45 9
721 301 14
447 460 1
174 844 11
565 356 16
944 795 12
251 964 11
679 973 14
27 440 9
52 40 3
491 986 7
1 164 12
175 860 3
73 155 2
433 140 8
240 866 16
986 269 1
494 867 5
811 15 17
34 987 8
587 59 18
145 190 8
329 505 1
543 121 3
171 998 2
95 24 5
385 910 7
66 373 19
142 632 10
114 799 6
803 319 7
419 661 5
399 488 1
884 284 16
643 535 18
162 831 16
255 547 10
33 715 8
224 78 18
570 830 9
938 417 5
470 445 15
616 661 10
738 511 6
252 189 16
238 592 18
979 386 12
60 427 17
931 377 14
151 686 10
978 781 2
730 783 6
602 387 3
478 824 9
207 643 12
396 656 13
487 409 2
196 753 13
719 210 9
258 245 12
1000 946 20
849 445 14
559 732 20
636 684 16
613 551 2
453 653 14
992 174 18
760 802 4
409 816 13
521 565 9
359 479 8
217 218 1
637 960 12
253 483 7
105 245 20
31 114 4
599 799 4
127 18 9
229 790 19
996 318 8
87 173 16
575 166 8
917 108 20
438 255 12
165 146 15
729 175 5
957 418 14
724 870 20
192 278 9
421 786 2
939 87 2
506 158 15
618 957 4
576 530 16
81 930 13
578 396 12
937 599 1
573 206 11
576 12 2
409 216 15
816 706 7
895 732 2
532 584 4
273 884 3
686 483 16
502 924 14
667 90 8
340 896 12
340 607 4
114 53 20
381 142 20
843 164 19
607 364 15
403 984 3
1000 577 6
310 876 3
740 334 6
114 364 17
953 348 18
151 152 7
954 640 8
94 104 6
834 826 14
633 31 18
487 772 7
423 906 17
947 63 8
128 744 15
299 541 9
720 550 3
850 96 17
905 821 5
367 942 12
166 895 14
639 772 8
98 594 10
213 14 17
338 385 16
329 70 5
38 326 13
253 94 13
620 731 19
550 151 18
592 762 16
28 558 5
570 303 9
384 536 4
7 193 19
646 310 13
704 193 19
513 50 16
739 988 1
965 237 14
872 271 11
606 36 2
955 846 11
462 645 6
453 807 4
165 261 14
276 981 7
222 114 19
487 606 9
44 32 11
91 630 17
618 305 13
280 337 1
854 917 19
103 740 16
768 662 17
899 972 17
920 429 17
894 846 15
87 837 13
718 316 10
974 777 7
147 783 15
73 486 12
457 23 7
984 991 10
863 279 12
933 318 10
561 265 13
987 69 14
90 36 10
136 806 1
41 540 19
448 756 19
297 486 18
746 51 18
905 830 5
821 838 19
391 495 17
624 333 13
664 500 11
452 87 4
519 586 18
240 677 3
834 852 13
336 545 1
603 470 17
830 981 13
613 788 13
401 295 18
166 429 15
50 958 3
528 133 8
711 38 12
823 982 17
534 326 18
236 24 8
339 159 3
322 551 5
689 542 3
801 126 15
200 647 12
510 293 15
442 363 9
279 655 9
230 592 18
124 664 16
82 93 16
339 354 8
16 119 18
52 127 3
647 37 9
237 146 6
615 163 14
430 414 8
493 657 14
229 896 12
677 817 17
306 126 2
881 771 18
763 522 5
470 740 9
433 163 17
666 907 15
568 349 16
691 866 3
671 98 7
929 336 2
533 515 8
407 40 18
148 582 19
989 44 19
580 517 3
418 41 11
351 507 13
670 529 1
237 22 8
605 671 3
943 616 7
655 114 11
383 619 2
969 505 17
511 63 15
647 822 13
405 715 13
380 63 11
489 24 19
394 957 6
287 739 8
543 217 2
321 970 5
517 368 20
167 609 1
877 613 5
896 293 19
217 633 3
971 347 16
687 189 16
391 72 1
817 946 16
211 841 18
330 791 17
85 719 8
118 198 1
127 3 2
498 241 11
747 642 19
357 488 1
772 708 1
165 312 2
549 867 7
285 943 8
842 418 11
51 715 5
347 115 11
480 179 16
206 600 3
872 729 3
177 53 5
161 101 8
836 235 6
287 119 5
441 60 9
358 287 15
571 116 10
851 733 1
816 569 9
493 224 1
41 166 16
937 265 13
923 479 12
773 435 10
11 687 13
554 897 13
260 400 11
541 902 1
884 813 15
546 336 16
846 273 18
691 250 17
806 449 15
400 336 17
823 890 10
316 526 15
301 691 1
540 115 16
921 407 17
227 191 4
627 21 20
480 291 11
492 747 14
708 938 9
210 826 2
592 202 3
283 486 7
998 720 15
826 195 2
740 393 7
383 96 16
696 813 8
183 19 16
394 900 9
404 578 8
76 761 13
56 46 3
459 378 12
97 373 11
321 540 19
450 892 17
98 967 20
340 107 17
927 616 3
470 993 3
968 965 7
430 467 16
753 593 5
437 53 15
49 983 6
82 90 8
577 25 9
469 449 12
101 490 17
352 542 7
695 147 13
546 547 8
240 363 10
122 887 18
267 223 5
406 901 20
823 306 7
525 467 6
873 502 12
146 636 9
254 325 8
746 149 3
623 247 14
799 717 9
316 422 1
58 674 13
894 925 4
175 916 5
500 968 19
347 530 1
349 661 1
676 501 2
485 763 11
402 361 13
354 257 11
973 487 20
744 398 8
502 726 3
725 194 3
672 23 14
558 282 20
523 439 15
528 820 13
759 847 12
873 960 11
405 203 4
446 333 6
135 451 12
950 112 14
243 538 10
65 555 4
699 465 19
68 727 14
456 398 7
89 759 9
900 555 14
195 832 3
940 581 11
640 278 10
532 476 20
900 173 3
956 138 13
587 845 14
663 77 6
781 430 17
269 967 4
172 80 10
149 922 20
509 609 7
563 622 17
657 687 19
978 553 12
653 957 14
474 372 15
140 135 6
720 555 14
644 382 18
412 847 9
564 350 11
572 85 11
706 401 5
124 255 18
303 933 8
865 612 2
398 730 14
3 607 12
454 154 3
626 557 10
615 573 9
422 426 19
580 694 15
688 834 12
330 924 17
492 346 20
484 797 9
557 543 16
465 136 4
57 735 16
396 290 2
916 788 5
471 329 13
878 894 7
474 391 9
346 368 9
506 642 13
382 874 5
11 266 8
86 282 14
220 219 13
428 894 11
945 422 9
648 53 6
131 466 8
40 301 18
2 479 4
707 274 8
937 214 4
471 244 12
63 668 14
59 471 1
754 71 19
117 383 8
770 174 1
331 840 18
622 939 20
682 686 10
737 712 2
298 234 18
188 310 12
352 242 20
264 184 8
61 67 2
974 874 11
461 901 1
407 339 1
411 1 2
397 950 16
106 953 4
918 868 8
743 990 5
572 839 13
212 303 6
439 776 6
845 385 5
200 886 11
59 271 15
134 677 5
438 483 13
465 665 20
808 734 5
659 806 7
132 883 16
664 711 16
17 121 1
475 771 2
999 902 4
693 863 11
239 179 5
574 224 17
681 965 5
650 91 9
981 454 4
375 606 1
2 863 17
130 965 8
5 633 2
822 59 8
24 949 7
597 797 11
738 604 1
604 365 14
930 481 6
630 814 18
556 503 16
972 597 7
389 95 19
540 246 20
522 394 9
32 478 1
32 444 10
649 401 20
908 553 9
103 924 7
377 15 9
805 91 11
170 569 5
253 490 8
965 246 7
150 873 2
707 219 14
892 485 15
616 996 11
197 488 5
478 850 2
629 182 17
504 274 18
885 398 18
530 277 9
264 900 13
326 796 7
462 531 7
215 72 20
794 379 17
616 539 11
169 75 13
720 356 13
218 706 16
483 637 13
886 281 11
392 352 14
539 397 12
941 868 16
734 392 2
865 708 11
520 402 10
540 497 1
754 624 13
530 96 15
962 972 12
121 116 15
388 839 4
418 913 2
459 686 4
605 255 12
184 296 8
396 164 17
7 553 11
65 500 18
32 31 10
403 18 16
566 442 1
933 585 6
833 745 6
197 713 4
762 291 15
544 554 12
701 657 1
843 592 6
520 765 16
556 512 6
23 84 7
833 604 18
248 838 3
748 750 3
709 523 3
243 574 6
202 9 1
598 695 18
287 780 3
362 823 8
156 752 4
586 609 10
365 620 6
127 472 9
529 148 15
51 934 15
971 460 10
747 912 16
323 369 19
129 557 3
227 296 4
1000 170 5
755 298 2
266 961 20
811 398 17
618 792 16
701 249 7
661 128 2
931 34 9
985 793 20
141 523 16
241 544 18
175 827 2
387 567 1
801 359 18
406 426 7
200 983 4
548 946 1
865 217 2
940 86 6
321 981 7
85 936 9
29 949 3
340 399 18
111 432 4
449 995 14
223 224 17
870 433 7
489 360 7
23 812 19
434 768 12
505 803 14
708 316 19
134 845 14
676 516 16
15 823 8
358 556 19
696 833 15
148 49 6
100 416 7
239 963 5
478 818 6
986 142 9
490 586 13
225 856 20
749 769 1
889 86 9
953 674 1
882 969 14
879 718 3
746 264 4
410 834 10
822 793 11
781 332 18
680 62 19
953 447 8
797 575 1
336 13 17
451 744 5
156 187 9
432 823 1
654 694 17
993 850 16
230 638 12
792 236 7
891 469 15
923 814 8
489 301 4
700 622 3
365 163 3
371 167 2
560 900 14
241 755 5
185 258 4
487 834 10
593 211 11
180 108 11
811 291 11
977 152 14
145 431 20
585 150 11
358 120 15
579 832 9
711 69 10
465 382 17
588 417 6
246 310 20
682 653 8
657 481 19
311 262 1
296 200 11
49 515 11
746 44 17
180 490 4
730 428 5
158 321 7
947 380 1
77 91 20
126 601 15
139 430 5
853 393 1
416 956 4
650 555 7
772 213 9
369 485 20
969 375 14
232 327 17
16 598 13
938 780 1
478 530 18
957 332 3
100 538 10
641 216 14
652 739 1
196 601 8
536 966 19
798 215 18
402 61 17
637 241 17
701 254 4
317 974 15
707 746 18
869 543 13
128 156 18
930 567 13
536 51 12
107 33 10
205 387 19
277 506 10
133 131 14
436 155 11
765 41 3
896 447 4
374 847 20
405 69 9
981 845 3
292 13 11
474 434 10
930 673 13
603 526 10
18 105 10
567 683 15
658 398 7
967 39 3
301 903 4
752 957 19
843 792 1
728 677 7
415 385 3
309 776 2
71 400 5
367 725 9
118 388 12
630 7 13
532 616 1
697 292 18
159 285 11
176 505 2
610 572 4
581 777 17
32 70 17
643 400 10
615 157 2
66 738 18
92 852 15
892 93 15
28 938 3
388 503 14
561 798 9
803 234 16
588 219 13
538 209 17
496 982 8
317 799 14
182 824 5
686 967 20
696 958 17
158 783 14
22 160 2
828 308 12
714 282 12
243 131 20
46 378 16
657 264 16
731 869 16
312 488 4
680 282 12
265 329 20
735 159 11
240 643 7
204 104 16
258 95 1
761 428 3
550 41 12
758 659 17
213 885 20
869 977 19
367 516 16
862 111 7
688 57 19
784 30 7
310 212 10
947 311 1
275 991 11
894 766 14
850 858 12
881 16 4
831 960 15
68 706 15
360 982 1
122 227 11
455 293 2
25 729 6
261 984 9
166 834 15
162 408 20
971 550 3
906 919 1
189 583 19
343 157 13
152 121 20
321 688 2
929 881 15
489 344 13
314 925 6
26 414 2
359 154 1
183 950 6
694 761 16
472 618 14
867 624 20
514 323 11
282 179 6
518 656 8
184 471 12
981 672 2
149 394 8
802 388 1
483 714 17
721 18 18
230 498 7
206 48 20
587 372 17
5 354 7
582 391 14
466 26 15
244 135 11
386 917 15
448 831 4
734 275 5
515 440 19
333 597 5
588 608 7
841 264 11
208 76 10
463 421 8
512 542 2
548 777 16
952 729 7
528 505 10
412 613 9
534 982 10
79 710 12
634 918 4
67 235 3
381 189 11
659 402 19
302 726 12
308 879 13
607 689 6
892 534 17
35 17 13
842 504 1
547 142 18
82 139 4
125 739 11
614 313 18
208 797 8
59 542 8
61 968 7
737 693 3
384 195 10
662 47 11
456 455 14
946 725 7
968 784 9
173 376 4
920 17 16
812 928 17
154 824 2
860 627 2
340 36 11
362 657 17
515 400 10
643 257 2
348 766 11
849 93 2
244 516 1
509 282 18
487 787 17
670 82 15
689 218 6
984 214 7
133 18 2
840 988 12
661 963 6
951 607 11
585 95 12
320 936 1
860 857 16
655 79 16
49 653 6
565 217 20
154 859 3
961 915 4
336 898 3
50 170 6
252 715 12
127 259 8
257 936 10
985 43 16
264 193 12
649 382 20
631 242 7
521 659 7
331 407 7
442 632 12
703 864 19
667 478 1
44 836 12
165 395 8
815 835 12
416 614 7
22 804 2
975 350 10
214 500 7
64 915 6
707 380 4
228 260 10
873 246 8
542 817 17
988 347 7
247 780 7
36 64 5
98 423 12
810 778 10
54 187 3
682 342 16
750 710 6
612 25 4
663 855 9
120 172 20
314 794 11
641 233 20
45 804 9
860 763 19
467 493 13
402 937 10
767 218 6
51 845 7
575 480 5
616 385 16
882 893 15
350 561 11
153 135 15
259 624 11
11 792 13
755 677 5
276 290 18
540 902 9
135 15 3
417 288 6
725 905 6
796 920 14
468 112 17
108 151 13
922 996 12
15 268 10
967 270 2
191 652 18
266 408 11
885 307 11
965 884 1
89 344 18
822 932 12
37 798 2
834 735 13
517 935 3
125 59 6
841 957 19
280 6 12
460 841 5
657 511 9
627 958 18
743 318 7
581 840 12
618 592 10
266 163 18
852 43 20
953 600 4
92 992 15
421 159 19
858 92 14
753 435 18
617 990 17
629 981 2
266 822 2
197 828 17
886 543 9
976 740 5
179 263 14
35 126 10
306 544 9
319 81 13
150 535 4
940 122 17
812 355 7
144 646 1
436 939 8
453 408 19
371 238 15
810 712 7
969 743 2
82 679 6
432 259 5
73 686 3
593 471 12
799 209 4
645 409 4
348 340 14
206 378 2
777 193 13
467 884 5
312 506 1
561 277 1
531 600 11
67 910 5
371 323 14
338 41 18
92 109 18
429 278 19
225 727 16
481 375 1
825 612 17
173 954 10
515 148 6
675 647 6
903 293 13
755 460 14
646 771 7
29 457 16
627 908 11
619 586 10
715 352 8
987 295 18
576 408 15
978 291 8
207 417 9
937 988 8
296 676 15
77 732 12
914 106 15
518 260 16
72 984 10
927 282 14
5 719 6
677 928 5
452 108 2
450 83 2
412 706 17
19 138 10
184 783 20
851 609 1
663 737 9
901 846 9
82 874 4
266 58 17
683 618 15
980 928 16
578 257 11
796 522 14
70 684 12
678 403 4
228 882 15
652 530 3
541 508 15
304 276 8
473 365 18
51 113 9
568 376 9
487 670 6
360 105 15
303 478 19
432 593 6
912 901 9
590 38 5
97 818 6
321 250 9
128 391 6
715 499 13
468 65 5
889 109 1
896 186 16
145 160 7
979 725 16
341 311 16
93 430 8
678 507 19
703 934 9
293 156 3
460 334 7
607 136 16
824 185 7
765 504 17
403 435 5
659 648 9
168 171 15
499 103 9
103 938 17
494 280 14
455 749 3
317 950 5
339 958 9
421 561 2
575 532 14
610 900 6
48 103 16
481 780 15
100 730 14
311 814 20
274 934 12
626 579 9
419 744 12
21 821 15
543 444 18
471 719 14
762 391 4
639 971 8
761 484 5
935 796 18
564 300 13
873 70 20
550 59 20
405 538 3
201 750 19
658 291 5
716 257 3
607 70 6
383 891 16
815 722 18
920 939 2
517 298 16
114 511 2
714 816 13
8 188 9
988 771 16
934 589 9
599 827 9
631 627 11
691 174 7
269 174 8
515 804 1
909 768 13
655 680 11
565 238 5
221 731 14
244 468 6
651 957 17
590 772 16
71 152 18
227 323 9
269 362 20
553 456 3
129 672 13
906 3 1
419 161 20
838 147 13
307 372 3
292 991 15
490 187 18
32 159 2
349 449 20
328 741 13
752 19 9
451 552 9
53 203 9
64 413 12
716 936 3
861 149 17
973 876 18
821 693 16
302 552 15
716 913 2
192 393 3
195 192 19
422 313 10
436 776 5
391 709 20
788 874 3
778 99 3
880 641 2
814 604 14
368 888 18
780 280 13
976 308 2
10 691 19
472 278 6
137 966 2
24 6 4
630 513 10
865 868 10
817 605 15
920 9 18
902 419 18
69 265 9
229 868 14
703 306 18
526 45 6
577 444 19
556 690 16
318 67 17
415 319 19
974 562 7
517 649 10
145 878 15
623 451 12
325 863 19
249 6 13
970 622 13
607 726 9
97 204 19
878 402 10
863 504 5
415 827 4
788 280 20
796 550 9
696 271 7
81 466 3
25 978 11
303 114 17
877 763 8
474 820 16
555 445 10
162 3 17
184 344 6
393 345 8
370 575 5
313 475 4
582 989 12
295 973 4
383 699 15
349 16 18
67 317 12
309 342 10
606 28 14
458 651 3
70 105 5
440 178 2
760 482 5
972 770 20
370 678 20
567 359 15
436 931 2
902 907 18
108 399 17
746 309 5
103 759 17
830 240 18
91 934 6
779 471 5
75 473 11
330 174 6
449 360 17
209 612 4
116 873 5
26 666 9
237 232 12
269 315 4
586 354 7
367 57 8
933 88 10
652 840 18
627 826 1
153 418 20
587 776 17
530 8 8
387 343 3
221 313 19
192 779 12
723 311 18
284 945 14
658 71 12
728 396 1
983 570 3
777 88 11
738 990 13
396 172 17
633 246 6
963 236 8
417 462 4
388 81 15
514 546 20
717 177 12
877 198 16
37 229 16
44 690 11
843 236 2
401 433 4
855 464 13
429 564 9
88 831 4
899 80 3
440 318 1
375 731 1
654 551 7
97 64 14
983 431 17
4 513 13
845 604 15
292 24 2
928 25 9
161 550 5
556 350 4
555 176 20
541 693 17
476 16 20
145 609 6
139 771 13
813 566 1
761 400 18
188 209 14
132 238 9
657 81 11
779 370 12
421 106 19
492 319 14
710 743 17
612 502 3
758 89 8
463 733 9
437 297 15
347 690 6
732 908 18
604 934 17
730 276 4
922 841 9
552 250 17
86 293 19
338 357 13
491 850 13
3 336 6
876 776 20
495 132 12
53 899 6
372 597 12
738 564 17
369 215 3
350 479 9
785 762 14
711 467 18
323 991 6
743 940 8
538 42 10
85 595 6
665 893 17
456 198 6
816 748 5
73 297 15
173 368 20
315 103 14
179 298 9
857 270 17
476 406 3
940 115 14
994 368 13
887 934 17
265 488 17
247 687 6
969 431 3
865 252 14
180 179 8
458 989 15
1 676 17
344 759 16
882 662 14
263 425 18
336 933 4
996 203 17
262 224 12
16 188 8
646 569 4
983 421 16
160 403 8
734 497 17
895 509 18
852 62 7
709 444 5
405 506 12
742 333 6
981 803 20
902 478 14
638 34 9
508 145 15
474 38 13
503 264 1
837 384 18
715 55 13
901 706 8
82 738 14
707 505 4
21 265 18
844 16 19
923 955 13
120 809 17
232 198 9
986 706 7
806 880 15
560 168 9
647 656 19
192 389 9
449 861 9
224 698 13
624 669 2
749 542 6
50 791 17
700 641 6
153 842 11
410 103 20
790 275 19
426 391 2
134 30 16
681 832 1
900 68 1
104 313 11
122 564 14
508 705 8
258 314 6
25 248 15
932 427 20
359 395 18
764 209 19
497 674 17
65 590 4
855 204 17
727 458 12
945 598 19
377 617 8
393 272 7
714 44 2
435 362 5
690 243 2
54 106 1
551 683 5
579 534 18
319 76 1
513 338 18
385 16 5
48 248 4
468 290 15
178 712 9
890 270 15
678 330 10
253 541 7
932 412 4
18 542 13
207 708 19
873 60 17
922 597 7
777 224 13
778 648 8
356 249 9
627 234 18
993 567 11
514 932 18
593 760 5
840 135 8
245 163 20
33 257 6
222 354 16
647 240 11
77 148 16
267 148 18
642 117 19
30 966 11
4 253 6
274 45 11
250 995 12
166 437 1
141 45 20
868 864 16
827 231 16
394 823 18
376 652 6
356 438 19
982 303 14
616 382 11
159 47 4
117 607 18
552 691 16
18 240 7
576 817 6
869 284 13
219 886 14
37 683 19
26 591 15
369 343 15
92 850 2
288 492 13
814 630 3
968 169 20
847 122 12
467 333 8
282 87 11
816 219 6
812 816 3
311 367 20
452 298 3
462 599 20
602 654 18
878 522 13
391 433 15
511 309 5
305 115 12
436 969 18
140 317 15
854 951 4
159 879 16
27 427 14
732 945 16
918 91 7
391 889 15
723 547 3
198 855 7
283 146 12
447 425 11
7 761 15
872 393 9
657 369 10
41 389 5
37 697 20
153 969 13
657 162 1
361 881 3
717 19 18
775 786 17
343 821 20
807 395 9
975 639 5
580 417 13
84 743 6
775 512 13
717 425 7
918 572 6
732 1000 15
143 625 17
586 647 1
961 615 3
336 283 7
918 22 17
735 804 4
165 391 4
918 543 18
60 648 11
248 819 3
229 750 12
553 324 2
687 200 16
349 517 1
992 84 14
690 650 20
277 635 1
700 247 7
199 547 17
511 937 14
699 930 7
209 669 11
129 407 16
691 330 1
325 631 4
862 425 12
681 555 7
262 596 10
602 81 19
955 989 20
700 236 4
695 151 17
632 598 6
958 98 5
470 748 16
480 88 5
339 420 10
297 307 7
151 258 16
98 493 6
335 660 1
304 107 16
942 57 18
466 211 15
99 20 18
85 802 17
496 80 17
776 237 10
735 855 3
117 202 9
51 403 9
929 939 17
862 943 8
902 701 16
785 358 8
739 986 2
522 878 13
98 803 6
571 304 20
94 764 19
721 713 4
647 283 16
806 451 3
219 818 13
425 476 18
25 705 13
20 672 5
308 765 10
387 561 20
855 891 13
445 328 16
884 814 1
788 914 4
28 24 10
656 618 15
846 67 2
470 627 1
554 234 9
518 796 13
908 313 20
868 556 1
24 631 19
809 128 6
980 12 14
59 94 12
923 640 5
438 492 2
616 253 19
863 765 2
385 845 1
289 642 19
484 787 6
363 579 13
796 781 19
880 38 14
950 728 14
558 512 20
252 635 4
832 370 17
75 974 2
97 574 7
806 250 7
404 17 15
895 869 18
476 292 14
293 676 16
449 744 10
441 182 12
328 544 20
106 785 19
778 353 8
309 543 9
649 363 19
217 588 15
641 312 20
855 53 16
276 263 4
426 785 2
969 742 19
127 117 3
91 495 15
462 384 1
230 950 11
280 433 10
553 123 13
787 998 1
522 212 6
121 752 13
637 177 3
884 324 10
970 326 13
397 907 15
95 928 1
108 201 16
386 564 19
751 202 19
280 219 18
537 799 6
17 101 13
699 874 15
46 278 17
925 15 7
867 246 8
18 201 7
796 60 15
644 426 19
749 914 15
628 434 1
843 962 15
61 376 20
801 785 2
748 84 19
494 273 20
671 809 15
606 544 14
957 304 18
794 218 20
76 322 2
923 937 14
449 724 13
532 185 12
34 234 10
702 924 15
616 69 16
508 895 5
43 717 12
536 924 1
243 689 11
581 554 4
365 337 9
399 498 20
221 47 16
362 468 12
950 387 15
552 772 10
671 2 5
181 181 18
37 818 9
264 322 10
785 107 13
862 527 3
218 318 4
982 371 14
860 525 11
141 292 16
947 900 4
740 148 20
789 887 14
25 910 8
419 609 6
607 422 12
360 329 18
32 779 17
113 678 11
714 52 8
411 89 10
467 714 16
57 143 8
93 946 11
212 189 2
939 915 11
17 74 9
281 586 6
47 618 5
987 628 8
604 277 15
454 218 10
871 369 12
307 729 11
70 643 2
747 130 10
401 391 17
868 223 20
602 515 9
81 524 10
169 443 9
969 149 5
732 216 14
445 902 10
197 986 6
644 658 3
772 595 18
653 4 20
781 909 3
77 982 7
551 659 18
573 30 4
968 712 15
554 585 13
463 319 1
743 756 11
335 309 12
480 533 19
981 966 8
664 622 11
880 950 12
393 159 14
451 568 16
642 764 11
622 957 19
189 645 2
439 590 14
261 295 1
607 911 18
475 98 18
846 894 19
127 488 1
215 806 3
866 889 18
92 848 8
49 729 5
881 864 3
980 848 7
969 136 17
267 685 20
281 692 9
649 56 18
640 96 13
281 340 4
730 888 5
383 756 7
641 153 17
839 492 13
907 429 7
13 988 3
183 579 19
961 472 17
721 7 20
377 466 18
32 934 14
428 972 15
296 712 11
372 887 18
420 106 9
257 277 7
912 866 17
54 408 8
553 89 14
760 566 20
497 504 1
464 971 19
795 475 2
150 809 8
936 866 16
100 732 3
348 778 14
385 873 5
870 846 15
128 277 11
57 870 13
650 955 16
994 618 11
225 721 5
866 859 5
104 424 3
830 189 12
516 765 10
808 760 18
153 214 15
243 456 18
511 939 8
559 908 1
904 933 13
712 677 2
203 199 11
964 811 6
305 613 13
680 870 15
759 869 15
638 337 4
837 473 14
76 198 5
876 98 2
412 684 12
429 421 9
983 692 15
661 304 8
213 453 2
331 466 18
620 275 19
212 146 18
457 785 4
406 185 3
367 40 5
664 499 13
737 24 13
262 668 3
11 384 5
626 780 19
610 618 10
295 79 8
278 826 17
970 57 13
331 528 2
637 955 10
294 230 14
550 510 14
174 277 7
640 426 7
16 258 15
601 387 10
15 860 13
290 218 4
815 517 6
745 788 6
658 928 18
808 162 9
881 100 19
781 493 8
637 201 8
503 426 15
143 832 5
91 756 10
964 214 3
498 663 8
752 441 10
761 650 13
524 36 9
709 786 9
151 760 15
34 831 13
566 693 8
972 796 6
631 944 3
437 534 17
692 186 19
652 788 1
293 45 13
745 343 19
788 36 13
606 688 20
763 536 9
473 944 1
848 221 12
632 934 19
738 752 7
49 669 20
855 729 2
389 966 9
23 856 18
348 696 15
232 577 6
972 481 19
499 19 19
240 366 19
257 194 2
977 669 11
393 684 8
117 474 10
612 768 16
32 412 8
921 437 16
425 166 18
904 393 11
305 306 4
855 488 14
380 25 14
287 301 1
367 468 6
48 290 11
493 126 14
625 104 16
934 720 14
962 733 4
699 680 14
746 622 12
263 785 13
94 375 2
680 356 7
205 741 12
218 170 4
878 669 16
480 699 15
282 337 5
637 351 13
144 626 16
309 513 17
193 604 4
350 801 16
630 780 12
341 637 7
239 187 20
434 78 4
910 861 8
827 232 20
451 681 14
953 865 8
218 591 20
632 969 2
447 174 20
107 677 8
364 751 15
332 155 19
165 862 3
909 834 18
100 73 1
943 67 2
951 902 8
237 646 10
728 455 12
707 10 1
69 991 4
587 443 17
372 798 15
634 524 13
968 785 6
762 943 13
146 619 3
528 545 13
278 646 7
776 622 5
863 473 4
905 512 17
416 558 17
426 923 19
465 168 4
352 889 5
206 620 11
851 503 1
505 796 20
736 69 19
539 383 18
716 657 10
943 50 3
318 580 14
629 857 15
85 658 5
131 953 19
913 210 1
637 551 5
155 320 20
366 152 11
981 591 17
256 352 18
653 922 7
226 835 13
96 768 14
655 519 15
319 148 7
987 591 6
42 908 11
449 776 19
432 942 17
954 12 15
533 799 7
564 896 5
795 489 12
315 176 1
510 338 2
429 29 16
917 8 15
907 231 11
911 810 18
122 815 18
519 886 14
724 521 2
752 120 16
294 586 9
874 438 5
142 126 5
369 348 1
401 340 15
848 951 5
902 65 9
856 379 11
586 764 15
40 244 8
265 988 2
630 966 16
260 32 6
969 4 7
531 926 1
563 337 12
210 453 12
268 116 5
419 129 8
422 550 6
153 565 4
562 162 17
484 537 18
97 569 8
563 458 9
71 890 1
334 534 5
940 317 7
129 305 3
260 917 6
165 310 4
91 530 12
973 466 18
966 450 15
386 239 5
786 93 1
680 345 4
472 370 2
511 574 2
823 780 18
440 874 2
459 663 17
560 958 5
885 854 7
261 220 10
840 112 3
188 396 7
804 82 15
713 841 19
439 175 16
117 360 16
831 990 6
336 12 3
924 812 6
320 151 2
890 922 3
586 823 4
920 625 18
958 286 13
174 526 6
121 70 9
182 5 2
766 251 13
37 615 4
167 779 3
607 80 8
727 592 5
742 90 18
129 863 1
79 989 18
452 550 3
174 365 1
450 879 6
809 9 6
107 692 13
388 701 7
353 992 8
272 639 15
64 154 7
486 47 20
429 903 4
624 180 14
664 543 13
844 300 20
558 745 5
145 862 1
851 300 12
748 447 5
17 999 14
817 986 13
793 719 16
505 443 14
242 891 11
1 320 10
564 339 14
719 107 17
392 87 15
945 879 18
374 574 8
647 600 2
36 123 19
916 40 5
515 837 1
72 937 11
64 321 6
554 323 8
571 869 1
650 121 10
304 808 6
633 493 11
236 556 20
574 412 1
430 341 4
833 435 2
980 737 13
722 157 14
966 783 12
27 894 3
662 950 8
85 284 10
612 847 13
450 278 20
220 3 9
852 601 2
633 489 6
157 831 18
667 69 11
685 88 17
212 171 15
408 698 6
499 721 4
738 652 6
395 802 3
132 596 7
754 579 17
8 93 16
354 730 1
176 465 7
440 909 6
557 80 11
427 133 4
909 494 6
750 538 8
505 985 17
94 882 10
567 443 18
122 543 16
213 686 3
23 814 7
340 599 1
836 719 2
635 687 14
348 436 1
589 467 14
541 303 10
662 733 10
359 872 3
755 909 19
350 165 9
159 450 16
256 442 2
813 361 8
238 718 5
709 538 4
282 304 15
39 317 2
584 784 16
582 998 13
774 810 12
40 617 18
583 752 13
301 708 12
131 729 11
378 44 18
910 172 12
20 124 18
51 959 17
946 965 5
38 404 7
553 261 14
617 161 13
646 910 7
44 923 16
243 978 11
67 999 7
392 140 17
36 926 19
811 382 8
806 728 18
876 623 10
772 223 13
138 283 16
584 246 12
116 979 12
87 112 15
592 940 9
715 225 2
610 318 10
846 762 17
616 800 19
286 714 3
139 897 1
243 589 14
99 796 4
551 575 6
603 484 20
412 123 16
814 74 14
924 27 13
878 423 1
864 363 2
712 356 19
139 395 14
104 310 4
782 517 7
256 289 5
574 495 6
82 345 19
567 353 12
796 799 2
598 664 19
140 505 13
82 474 7
566 668 4
424 123 6
595 766 2
13 557 1
453 964 6
793 713 17
714 970 18
151 834 17
479 32 9
589 393 16
974 543 3
586 254 11
1000 804 12
492 380 18
306 829 7
619 137 10
203 968 3
295 35 4
702 766 1
523 241 18
244 344 8
158 239 17
185 521 13
616 612 6
467 26 16
90 997 7
532 375 8
960 461 11
41 769 15
190 457 16
932 211 3
127 999 12
271 150 3
154 294 4
329 189 15
584 845 18
704 175 17
612 393 8
513 431 14
352 919 1
606 589 2
22 66 13
730 694 3
641 885 1
584 765 17
564 298 13
232 814 14
441 490 4
599 216 11
772 707 18
285 74 15
791 292 5
25 301 17
983 365 14
129 197 10
835 590 13
482 814 14
501 371 17
173 378 18
791 665 1
506 164 16
998 277 9
913 664 10
683 285 3
157 611 6
596 343 4
560 788 10
763 251 10
340 985 14
932 632 2
895 517 12
995 835 14
844 592 5
841 399 10
491 630 18
788 985 5
485 618 11
679 709 3
55 664 10
212 784 15
335 635 20
60 974 16
620 169 16
683 104 20
788 339 9
318 14 2
896 672 11
830 599 20
613 352 10
677 312 18
932 204 11
616 22 2
979 810 5
959 517 17
439 246 12
788 690 11
18 71 5
607 980 10
583 848 6
316 704 17
694 19 17
988 425 17
59 35 5
858 841 9
487 465 4
35 971 8
424 768 2
582 779 2
263 255 12
838 169 17
625 219 9
197 968 11
708 847 17
598 98 9
93 566 14
367 740 20
169 408 12
674 916 7
549 288 12
310 238 8
870 826 12
50 444 3
845 393 19
689 611 9
131 82 12
878 920 12
250 648 14
173 20 5
806 854 4
213 984 3
205 858 3
198 571 12
94 30 3
175 734 8
531 761 15
204 402 13
625 162 18
208 45 8
828 904 3
540 601 6
176 701 17
529 71 12
408 294 3
527 725 13
530 541 16
334 580 6
592 319 18
660 512 11
127 649 6
665 46 14
748 943 17
744 128 9
149 130 17
181 457 12
733 465 2
75 601 8
247 443 13
115 479 11
766 108 11
804 401 11
5 337 1
629 702 2
748 745 19
125 673 18
203 930 15
836 120 12
959 903 18
419 327 8
601 542 6
115 110 18
843 158 15
209 693 8
380 896 18
342 437 15
566 884 6
893 403 4
503 520 8
357 451 5
424 174 9
893 463 17
655 742 4
344 247 3
786 101 12
966 12 11
11 293 19
894 87 4
437 720 14
491 260 15
475 499 5
862 639 20
311 143 9
271 84 8
9 479 3
73 735 15
27 919 16
731 213 11
66 732 9
961 67 2
886 577 17
709 999 16
675 619 9
796 609 17
655 245 7
378 125 4
950 90 13
325 452 12
725 398 12
545 178 20
737 552 18
104 589 8
937 763 11
733 10 12
608 838 4
763 420 20
859 532 9
759 312 16
5 97 2
19 901 18
428 154 5
886 722 17
700 66 8
985 612 2
201 73 15
24 717 8
250 518 2
236 595 13
978 541 12
207 960 5
45 528 5
970 574 17
751 88 7
445 269 18
460 959 13
164 586 6
426 982 12
478 389 14
432 168 16
289 932 19
523 838 11
690 449 6
311 351 8
151 183 12
75 544 13
439 89 2
644 457 17
656 52 16
404 509 16
970 785 18
639 543 2
650 713 2
746 921 6
894 315 18
498 625 19
657 197 11
462 887 4
313 694 5
692 230 9
621 950 19
573 661 15
543 727 2
758 142 7
965 796 13
150 138 13
646 616 4
101 338 18
368 695 4
357 149 14
244 940 10
424 729 7
280 746 19
794 167 1
984 459 11
494 477 1
351 107 12
433 508 2
315 278 1
447 539 17
570 23 9
470 718 4
821 208 13
761 677 8
162 36 5
34 842 14
859 225 4
115 468 5
829 612 7
647 837 12
247 588 8
143 875 7
422 997 5
243 850 7
11 561 20
823 603 15
134 704 10
593 463 12
89 587 15
920 809 13
57 679 13
217 618 10
844 569 13
894 249 14
423 139 17
160 409 18
382 774 16
820 397 2
414 250 17
614 509 8
239 131 5
967 38 20
977 881 17
422 364 17
44 831 16
615 214 20
814 532 19
683 8 20
866 457 10
664 963 9
377 534 6
334 215 19
267 33 11
955 699 15
895 932 7
192 110 7
429 399 20
682 528 14
683 954 12
673 69 13
852 191 11
277 309 4
147 444 4
799 460 4
634 144 15
625 184 11
938 923 9
206 10 12
434 575 11
214 278 15
454 434 19
562 328 17
577 782 9
155 460 5
47 261 14
239 435 5
430 945 12
961 827 2
395 423 6
552 559 14
171 949 9
44 983 10
515 743 15
307 611 19
505 464 9
463 575 11
40 74 1
846 950 15
188 580 9
729 321 11
426 404 6
678 752 15
888 28 2
708 988 14
164 140 3
675 440 18
755 603 7
940 829 14
731 423 18
856 550 4
522 60 5
786 128 6
300 474 14
155 295 3
684 521 17
459 872 20
514 958 13
282 176 18
763 259 8
444 731 12
504 834 17
725 880 15
235 46 12
727 929 19
594 172 18
856 23 2
818 582 7
998 59 1
579 336 8
315 756 12
377 753 8
652 897 12
997 907 1
373 845 5
935 494 19
236 790 15
115 81 14
790 776 19
101 246 2
244 861 10
700 61 15
780 996 19
58 729 14
85 198 3
18 697 20
121 487 9
1000 557 6
81 353 17
975 744 20
869 353 12
746 301 17
500 925 6
472 327 14
464 963 14
748 822 8
566 504 5
334 741 3
404 922 7
339 986 20
140 867 3
599 57 20
802 329 9
719 685 5
731 786 11
853 880 17
754 833 4
219 179 18
368 168 5
686 655 14
492 922 20
637 876 16
684 931 19
323 921 3
976 155 6
893 15 15
879 418 19
460 209 9
191 916 20
674 120 5
781 582 18
400 318 3
412 446 18
179 46 20
514 318 20
31 108 15
273 235 6
763 115 12
598 331 6
389 173 5
315 46 8
293 818 11
101 311 10
382 51 13
301 241 5
746 533 11
374 704 10
787 817 14
615 204 20
792 760 11
405 124 8
38 461 20
344 849 19
638 627 18
726 342 8
534 946 20
47 317 4
907 501 15
892 112 7
853 652 10
702 3 8
110 653 14
131 938 14
391 673 4
260 845 11
247 462 6
361 27 6
177 972 8
207 909 3
16 930 1
502 731 18
52 644 4
863 98 1
606 465 16
26 839 10
261 93 20
408 688 16
315 475 15
767 681 11
39 192 3
265 447 16
520 314 6
700 23 1
406 330 13
557 127 2
446 797 7
331 838 10
869 301 17
305 716 5
825 290 7
662 417 3
434 373 9
807 341 5
406 342 4
626 37 14
94 248 18
966 598 6
186 464 10
148 594 15
869 244 12
3 429 10
39 397 3
738 197 17
45 547 20
994 780 4
98 36 12
272 248 9
643 953 10
859 655 14
634 711 14
285 586 15
863 755 10
311 116 20
584 583 13
185 35 20
61 196 17
937 35 15
239 159 12
97 433 15
457 298 10
603 17 17
977 319 19
382 219 12
56 846 5
628 810 12
422 275 12
933 825 6
158 148 20
353 810 18
127 793 5
774 442 7
462 64 12
525 25 12
637 43 12
761 872 3
264 370 6
261 185 11
838 448 3
581 945 15
765 447 10
600 782 3
136 669 20
342 203 14
950 202 3
689 11 14
871 108 12
299 911 4
525 49 11
274 811 4
652 666 10
717 536 3
805 871 16
15 101 12
518 100 10
986 55 19
217 147 2
770 70 4
457 144 17
167 381 14
498 355 12
916 748 6
512 247 20
178 859 15
253 652 14
626 923 18
261 507 12
754 654 15
125 130 4
266 426 3
487 292 12
247 916 16
634 107 19
235 654 7
42 251 18
915 503 11
49 29 17
600 197 5
494 511 17
900 409 17
855 133 8
554 103 3
359 252 10
869 469 6
860 287 1
285 397 5
870 26 18
447 11 11
164 603 1
777 927 16
494 388 14
583 453 2
856 687 17
524 13 19
52 198 10
167 909 19
907 376 18
436 335 18
145 199 1
905 163 19
731 443 17
341 906 3
888 588 11
179 163 19
39 126 5
17 904 7
70 338 14
394 571 2
908 493 13
97 210 5
95 409 20
338 614 20
156 650 4
993 863 2
315 163 3
510 533 16
812 359 9
871 390 4
56 250 8
596 937 1
487 278 15
713 356 19
537 624 10
216 991 7
634 273 11
625 172 4
609 874 13
478 38 5
546 645 6
939 933 2
916 403 5
512 879 17
470 957 19
568 564 19
377 833 5
219 477 10
691 537 18
515 724 16
846 14 10
24 908 2
939 576 12
53 550 17
186 848 5
623 787 6
268 829 1
103 583 4
662 660 12
106 13 19
75 290 13
746 773 18
717 189 1
219 102 10
276 457 5
863 808 3
680 768 2
967 269 13
560 27 15
351 686 18
664 754 12
443 948 10
501 776 6
808 686 5
643 558 4
245 646 9
152 46 9
180 454 9
326 362 6
258 231 4
100 4 5
62 129 20
21 461 11
93 735 4
145 952 15
125 137 6
450 661 14
752 584 8
390 54 20
378 695 19
697 302 13
277 651 5
447 647 12
167 425 17
318 451 15
748 189 5
430 863 9
660 990 7
271 29 2
170 248 14
329 661 5
679 526 8
662 398 20
16 748 12
294 974 7
203 423 17
903 600 10
52 485 20
395 352 20
397 835 4
969 331 8
812 465 11
343 776 4
409 601 3
39 779 3
618 312 8
513 149 4
557 670 13
37 235 18
320 391 16
740 825 3
456 125 6
231 127 11
982 505 4
201 55 17
170 87 17
410 826 3
725 649 9
285 694 2
774 266 19
109 294 4
575 118 2
746 251 7
223 533 7
582 114 13
835 591 1
423 593 1
142 392 2
474 939 4
570 400 20
697 20 8
646 59 3
316 15 15
199 241 19
829 19 11
726 437 15
198 220 13
746 460 6
451 90 16
14 94 14
964 622 10
245 692 17
253 277 9
316 344 7
607 841 2
215 597 2
313 376 3
757 500 17
813 135 16
294 421 19
80 506 20
410 470 12
517 460 17
83 116 15
979 468 4
86 455 11
340 318 15
41 433 13
555 909 13
100 211 17
215 501 9
482 39 10
107 750 10
483 320 12
388 650 12
216 416 9
894 251 6
271 638 2
791 726 3
527 931 10
122 237 6
920 757 3
478 912 15
289 922 17
879 533 17
708 257 8
722 467 11
32 34 14
384 967 14
962 306 2
863 467 8
553 880 20
965 138 12
962 324 15
993 849 19
68 148 16
683 920 3
508 517 1
34 151 17
467 467 16
184 800 3
33 856 12
974 941 5
364 482 12
199 524 7
742 642 2
648 63 19
418 702 18
724 777 20
69 511 16
581 443 17
831 449 15
86 76 19
407 671 6
531 992 4
864 375 7
240 158 9
706 579 3
207 255 12
384 530 18
707 81 3
941 517 3
805 700 3
371 40 3
500 410 6
320 785 4
676 102 10
483 674 6
783 233 7
452 568 9
914 93 5
120 688 14
488 610 1
877 480 13
603 954 19
155 97 6
700 415 15
198 334 7
154 441 7
564 415 16
881 661 5
913 255 7
878 11 14
720 981 2
576 485 16
690 535 14
657 578 8
17 762 1
849 278 1
132 189 4
369 92 3
62 749 19
436 283 11
265 390 20
803 651 4
83 508 8
181 95 6
617 24 17
205 897 13
812 454 19
99 396 4
768 857 9
868 978 2
639 448 1
420 930 16
920 795 4
836 628 6
163 280 13
886 981 12
950 491 11
161 673 2
570 771 8
28 892 17
986 558 4
585 544 15
375 384 12
728 592 14
161 212 10
998 598 6
890 552 20
737 580 20
933 930 18
984 368 7
117 677 9
902 257 15
573 197 20
408 87 4
897 469 2
565 222 15
897 454 7
633 743 9
448 755 6
250 291 18
630 199 7
19 289 13
389 645 13
45 554 15
211 159 2
41 423 12
510 881 2
488 704 9
766 283 20
231 256 13
750 721 12
656 4 7
828 979 15
146 228 9
769 804 5
418 407 14
437 813 1
108 367 18
436 644 9
143 954 18
969 6 11
937 653 8
727 313 10
953 820 19
533 413 6
999 49 6
178 331 12
314 571 15
183 431 7
775 759 9
10 110 15
216 530 9
345 30 4
516 918 7
960 407 3
989 414 7
950 404 17
813 512 20
365 549 1
899 332 10
984 182 16
320 404 5
720 232 19
498 937 10
146 672 5
788 732 19
729 903 1
380 149 18
52 494 3
35 348 8
137 10 3
583 853 4
814 185 18
789 280 14
53 346 18
551 788 4
207 75 18
585 320 13
989 995 16
527 899 10
175 286 15
617 620 18
576 135 17
542 596 20
684 351 8
939 504 14
88 459 2
874 375 9
204 191 16
494 270 15
782 633 11
325 12 6
392 184 11
720 478 15
342 74 10
240 432 18
931 840 18
759 718 11
883 783 17
146 321 5
261 76 15
824 304 17
14 267 13
119 564 6
502 921 4
136 733 2
573 267 6
634 495 13
124 189 19
734 841 7
331 9 10
686 736 19
831 654 19
716 299 8
63 564 9
187 979 18
274 479 18
936 529 20
388 652 19
380 6 5
881 705 17
499 105 4
810 370 3
748 608 8
697 293 2
50 254 7
137 506 14
625 792 4
920 849 5
55 402 8
810 545 12
71 819 8
32 435 7
706 1000 4
414 494 8
454 327 5
460 996 2
690 43 17
704 504 10
27 734 4
255 734 14
465 396 14
919 976 13
485 620 3
189 368 14
304 464 14
329 156 8
354 721 3
689 948 8
846 619 19
785 337 7
685 649 19
795 210 10
887 835 16
957 358 18
336 913 16
629 241 14
174 548 5
807 877 11
421 713 20
644 578 12
775 6 7
525 277 16
642 432 1
656 268 12
900 390 16
841 434 13
624 784 18
408 666 20
188 973 4
428 238 16
620 28 19
349 250 7
217 67 13
752 737 13
134 207 16
715 654 9
372 839 2
216 619 10
113 423 6
614 460 12
406 283 14
455 708 11
545 40 9
202 453 14
385 722 20
660 903 20
251 555 16
752 647 18
427 282 5
652 290 13
744 627 8
740 240 6
212 414 20
109 783 14
68 968 16
649 142 6
894 738 3
203 517 1
340 294 8
875 377 6
568 245 9
497 570 14
659 254 16
60 507 13
3 273 18
916 66 4
39 283 4
515 60 3
776 486 14
477 794 14
944 750 5
534 810 14
227 913 19
528 689 5
642 572 9
388 638 6
690 155 11
534 69 11
984 43 6
421 673 9
684 322 20
562 26 6
30 660 4
684 724 1
524 373 3
680 28 7
433 959 9
96 519 7
578 740 19
612 528 1
899 550 11
404 895 14
905 898 1
482 931 13
682 182 3
647 862 16
339 689 10
824 412 7
359 283 1
418 892 12
558 750 7
228 952 5
419 904 5
543 781 11
492 744 7
803 476 14
566 145 2
635 771 1
870 961 2
921 496 15
508 428 2
836 950 8
762 96 17
255 838 19
770 378 11
347 7 7
594 119 2
902 202 5
44 565 2
900 673 18
910 651 14
682 928 9
432 890 15
326 597 8
26 514 18
825 489 15
4 828 1
483 112 17
777 920 14
974 444 10
950 488 13
237 663 4
382 193 6
238 192 4
408 423 2
107 824 11
822 465 15
199 297 17
235 531 20
737 804 5
113 840 15
650 801 17
137 438 6
454 765 6
60 534 19
217 857 11
101 414 8
57 879 19
680 404 16
970 604 3
330 27 9
755 639 17
330 880 4
924 218 1
739 572 18
717 470 13
953 874 13
491 864 3
66 418 14
358 725 7
308 996 7
663 676 5
884 1 13
165 855 11
625 490 4
924 386 16
245 522 14
738 517 2
476 66 6
73 463 9
747 281 6
395 827 15
470 878 2
458 599 1
941 191 18
107 345 8
329 40 14
259 185 17
849 294 15
487 472 8
3 412 4
886 474 6
862 329 12
640 716 8
649 242 1
9 555 18
758 792 1
228 635 13
287 463 11
943 822 3
245 713 18
966 399 3
570 252 20
914 448 20
110 208 17
296 929 12
733 598 8
350 158 2
484 429 5
328 472 11
987 974 2
279 28 18
774 950 13
920 862 19
998 107 4
304 335 5
88 781 10
801 197 6
537 418 1
96 582 18
843 234 11
570 219 1
803 325 5
986 16 7
592 841 17
398 244 18
283 828 17
103 408 17
210 272 7
727 990 11
799 329 6
376 951 20
119 760 4
88 840 19
241 756 2
583 49 19
900 498 13
944 301 15
75 744 17
976 159 4
579 51 10
868 899 1
912 623 1
451 111 19
205 920 8
390 848 14
28 509 14
641 518 15
902 412 9
679 681 11
835 829 2
981 506 9
605 470 12
594 48 8
219 909 9
357 760 1
982 407 18
778 578 15
463 709 10
465 181 20
445 666 18
148 566 15
493 781 17
335 378 1
590 188 15
100 701 16
538 54 14
719 421 2
449 589 14
714 363 6
109 201 3
179 626 17
97 251 17
441 541 13
645 259 4
621 550 7
17 547 8
512 880 18
655 136 8
84 911 6
867 299 3
941 370 14
537 107 2
674 278 18
410 374 10
984 975 5
785 799 17
612 710 2
134 536 1
639 652 16
173 240 13
328 924 20
747 883 15
855 75 7
26 630 7
296 826 1
440 705 20
490 959 14
112 328 19
206 707 17
505 185 10
701 231 20
190 146 2
438 890 13
414 729 8
385 7 5
162 533 20
518 309 10
721 807 1
46 210 12
32 911 19
141 253 20
193 571 5
516 94 18
934 933 8
333 720 3
826 330 10
74 58 20
463 416 8
284 630 6
527 392 2
798 67 16
531 758 7
512 899 4
319 982 18
271 8 1
228 510 15
132 826 9
512 445 6
667 85 18
374 208 12
848 827 14
110 70 2
633 238 11
320 323 15
641 615 12
367 415 11
346 741 18
685 1000 15
725 142 19
454 712 19
443 945 9
590 632 15
48 449 20
197 96 6
358 204 5
992 418 18
667 722 13
69 367 3
524 676 18
79 737 6
781 729 20
203 433 19
538 379 12
14 78 18
400 691 20
225 160 15
698 64 5
640 638 8
10 924 13
769 929 16
652 272 2
379 836 8
933 255 7
579 433 7
719 322 17
394 83 17
9 810 4
190 19 16
197 664 14
450 177 12
549 84 19
758 862 15
112 342 11
668 917 15
616 401 4
553 981 16
232 671 2
798 239 1
969 595 19
993 11 16
389 925 10
487 381 18
258 962 4
953 948 11
235 788 4
905 95 6
691 547 14
42 409 5
893 572 9
439 574 20
181 105 1
97 264 10
923 289 5
895 237 13
748 3 9
793 374 15
98 726 1
414 362 7
670 336 15
436 749 14
705 402 13
234 77 11
784 992 16
517 971 8
890 852 1
608 79 12
956 602 8
327 108 2
486 69 18
421 684 11
326 74 7
287 72 18
29 653 16
874 77 17
565 571 8
54 820 15
891 989 6
693 883 3
457 265 1
290 818 20
560 40 12
711 649 7
53 174 17
407 232 7
640 181 11
82 149 17
636 546 5
103 306 7
236 837 11
804 822 16
999 811 5
361 584 14
681 423 5
499 921 6
292 351 5
178 64 3
990 369 5
481 480 18
70 317 2
300 268 2
214 245 5
870 804 14
195 900 3
92 510 18
984 705 12
928 260 3
423 189 20
510 560 10
5 164 10
943 788 16
316 210 4
556 761 18
839 60 13
238 31 6
290 971 19
755 562 1
599 552 11
521 630 12
685 235 15
822 284 7
867 482 7
576 587 8
690 273 6
808 656 13
743 759 15
412 417 18
836 140 3
974 268 7
745 798 1
80 814 14
778 328 7
189 993 17
117 244 1
266 283 9
259 699 14
596 855 20
8 404 13
815 138 9
717 629 3
491 124 8
741 961 3
526 752 3
291 409 16
67 178 1
348 40 20
10 993 19
749 824 18
756 382 2
285 383 11
686 343 11
922 206 17
410 58 1
919 726 11
711 15 16
200 487 19
367 481 19
832 222 6
942 672 2
518 606 11
998 403 5
70 544 10
860 968 7
273 88 16
209 721 1
563 987 16
870 321 19
956 470 11
175 304 14
66 457 14
775 434 19
687 663 18
517 388 7
778 797 15
883 936 18
941 966 3
424 297 7
940 826 9
720 361 12
387 346 14
453 494 11
459 844 8
338 63 16
619 843 15
86 80 17
695 379 7
907 379 17
63 935 4
605 128 7
576 24 5
469 562 19
747 627 4
268 383 17
825 443 20
751 352 18
537 596 6
875 154 7
766 256 8
369 14 10
114 830 18
768 287 8
323 177 5
389 108 3
727 491 19
375 460 16
924 305 1
962 790 1
876 402 19
889 999 14
505 461 14
168 542 5
152 235 8
775 3 15
78 336 19
766 904 11
224 219 18
655 292 9
22 725 1
418 224 5
325 123 16
557 895 8
724 184 18
211 60 20
341 761 4
518 682 14
981 701 5
533 527 10
57 216 15
286 460 14
518 516 9
514 907 12
691 138 10
662 613 18
779 272 16
14 321 1
384 111 20
29 840 1
200 425 11
968 345 13
854 85 13
776 995 2
154 619 1
93 983 9
184 379 19
463 537 7
558 20 11
902 103 10
984 927 20
762 34 15
581 766 10
319 885 7
227 263 8
260 359 5
186 448 5
836 991 17
487 385 7
125 789 5
165 200 2
303 208 15
329 101 4
369 541 20
841 964 19
889 734 17
545 232 1
91 653 17
155 226 4
154 629 8
874 481 20
217 11 13
308 752 2
537 437 16
750 406 12
963 187 10
539 632 12
812 353 10
37 631 17
326 331 1
324 555 7
802 93 13
559 469 20
670 501 14
8 660 4
857 107 1
715 498 10
73 476 4
393 806 18
424 883 10
35 108 3
111 633 20
342 185 17
771 747 18
441 611 3
729 29 1
112 401 20
897 474 20
703 361 11
503 347 8
444 893 13
275 394 7
181 817 16
508 728 19
833 531 15
105 151 4
544 747 16
30 408 11
356 857 2
421 610 19
315 640 7
421 920 3
385 771 5
988 903 2
220 50 8
630 556 8
488 89 2
47 512 12
976 944 18
366 76 19
494 434 6
421 303 12
203 797 4
324 539 14
837 999 20
244 277 18
833 892 5
128 498 5
748 704 7
245 19 10
967 964 18
751 524 12
450 809 11
937 133 9
928 412 18
725 680 6
963 973 9
819 194 18
206 642 4
62 335 5
911 191 12
564 858 2
389 481 10
11 282 11
109 100 14
59 645 17
47 920 20
832 492 2
925 542 16
656 205 18
776 252 6
893 218 17
588 976 17
496 309 18
390 263 2
585 246 12
368 751 18
174 630 12
890 31 14
451 1000 12
679 660 2
564 89 15
915 457 12
66 634 19
982 34 2
183 358 14
616 370 6
342 480 19
462 362 4
844 491 5
100 601 3
6 538 10
524 124 13
611 772 1
492 797 8
783 626 20
861 951 6
423 690 12
121 888 6
951 863 18
550 128 13
987 902 11
646 309 20
180 477 5
258 138 19
860 709 8
237 921 14
499 199 14
226 579 12
314 674 8
905 597 7
461 930 6
675 59 6
670 977 16
437 692 16
675 717 15
270 259 17
135 960 11
642 813 5
834 416 15
107 918 13
731 159 1
400 40 18
873 802 13
157 605 4
36 307 20
953 573 5
209 534 3
279 304 7
48 346 20
719 870 6
525 991 5
571 613 2
602 663 1
973 484 16
647 949 1
508 743 8
663 229 3
285 222 19
726 436 2
252 426 20
28 754 6
994 11 12
349 388 18
975 525 12
622 496 3
528 494 16
843 265 18
199 62 12
135 284 7
1 618 11
197 919 9
528 919 8
155 599 11
623 701 13
672 411 14
911 708 20
959 109 15
980 444 20
465 606 10
660 406 14
317 688 7
737 77 3
715 673 17
614 58 20
802 84 12
710 838 18
724 247 14
99 806 11
89 868 18
768 955 19
668 316 18
61 50 10
189 443 1
687 920 8
8 2 5
737 429 4
609 649 20
702 437 7
483 510 1
475 967 10
33 15 4
756 980 14
404 951 16
176 281 7
549 945 20
204 222 10
317 716 3
571 379 18
889 269 17
378 604 16
449 541 15
718 689 5
766 776 18
687 657 9
979 436 14
485 304 15
525 334 1
959 518 1
58 3 17
890 628 13
208 122 16
101 413 5
652 909 17
946 632 16
243 77 19
999 681 13
599 441 4
272 531 5
214 16 7
319 818 3
620 793 8
985 858 14
536 727 17
754 488 20
546 927 15
868 238 14
118 904 9
323 489 17
719 172 20
927 33 1
589 286 10
75 857 6
616 937 14
409 81 19
856 383 8
938 240 10
986 530 13
306 906 2
974 798 10
693 161 14
246 333 18
417 729 2
334 482 13
317 753 11
721 244 6
940 698 6
917 400 9
90 886 4
859 479 12
268 389 15
436 904 11
194 642 4
928 881 9
434 763 5
576 969 8
127 592 10
433 346 12
917 150 18
649 976 1
531 599 17
869 137 16
97 989 19
431 557 12
266 318 17
347 764 18
60 499 2
270 779 12
398 92 13
749 165 7
402 888 16
511 593 19
776 150 8
108 565 14
168 386 8
630 706 8
242 921 14
450 815 14
507 92 13
572 559 13
853 710 1
746 808 10
871 200 20
780 556 13
401 786 18
177 143 20
942 77 2
673 425 9
87 130 6
539 39 9
566 653 4
694 527 13
407 418 15
808 794 13
549 550 3
295 393 19
258 761 10
87 14 2
263 5 5
606 813 11
94 22 11
29 730 13
228 995 4
894 885 4
414 415 10
861 942 11
520 57 7
459 639 5
18 997 6
139 325 12
751 916 17
755 385 3
909 585 9
2 868 12
734 515 7
784 605 18
819 135 11
334 127 1
583 351 7
638 296 4
32 685 11
8 377 12
176 982 2
35 824 9
447 379 17
176 314 6
192 35 9
358 391 19
884 171 7
420 233 16
702 402 8
536 804 12
566 389 13
576 90 7
572 385 8
763 392 2
855 592 4
148 510 13
98 668 6
914 687 7
760 786 8
87 408 18
209 109 6
900 185 14
569 357 10
129 999 2
393 124 12
167 100 7
257 245 5
377 110 9
897 574 10
434 814 3
291 949 16
274 693 6
611 531 10
751 689 9
744 567 18
903 970 6
591 181 1
963 816 1
899 452 10
834 362 11
822 431 6
438 720 9
2 846 19
704 638 5
966 63 6
976 647 5
215 11 2
259 209 12
249 361 16
628 214 17
328 947 3
610 293 1
184 189 9
399 908 17
920 972 20
273 759 16
874 412 19
569 86 9
437 97 3
824 657 3
821 744 1
284 209 3
16 918 4
350 368 12
573 285 16
175 308 2
136 336 6
359 317 7
312 556 4
198 449 8
849 806 13
80 12 1
709 570 14
857 568 3
280 519 16
500 140 16
40 300 4
272 823 1
848 795 3
615 740 17
911 183 14
539 589 6
757 331 4
269 905 20
921 763 19
308 125 5
749 747 18
644 905 18
672 272 2
885 445 12
601 785 17
772 46 8
317 817 14
742 122 1
889 190 9
605 887 17
654 509 12
191 305 1
287 30 2
210 38 10
532 850 4
759 596 14
128 940 8
386 639 9
104 530 1
551 853 14
920 688 19
656 836 14
157 392 2
320 33 15
241 872 7
399 355 6
828 544 7
224 922 6
830 454 4
647 468 3
52 868 6
870 179 20
973 149 19
486 341 2
559 771 15
709 122 13
960 69 12
493 95 9
329 590 10
453 882 9
730 392 14
190 537 17
532 784 5
291 669 17
214 493 14
101 841 10
261 224 12
573 264 10
497 635 5
12 48 20
723 75 10
864 40 3
355 402 13
900 980 2
44 515 17
99 395 10
516 666 1
502 526 13
910 776 6
467 483 16
206 496 7
336 53 12
339 470 18
288 527 12
45 181 5
649 101 18
993 363 20
188 952 12
908 973 3
880 150 7
267 134 2
76 565 4
633 546 13
741 186 10
126 907 15
117 876 10
82 340 13
724 30 4
451 22 18
142 424 19
411 617 20
694 114 14
783 121 14
443 557 10
885 42 8
697 379 4
168 563 12
575 773 11
872 603 5
853 787 18
118 819 10
43 25 3
27 235 18
576 174 12
92 32 14
287 198 1
92 818 4
286 592 8
156 378 2
327 671 12
591 900 4
472 756 12
717 519 15
760 274 11
552 648 19
932 383 19
817 546 8
885 430 13
225 194 12
404 56 20
256 229 16
262 853 9
286 23 12
896 702 1
43 952 15
543 200 8
769 347 16
466 186 3
927 849 2
902 402 5
249 775 13
728 648 3
856 193 2
508 543 6
404 318 18
135 296 17
386 299 17
164 109 14
498 81 16
409 86 12
560 632 10
635 847 14
202 96 16
897 191 6
17 597 7
717 66 14
370 933 11
853 65 12
537 924 18
394 556 13
357 182 3
809 133 10
422 237 8
163 36 2
812 461 9
147 650 19
68 162 3
353 766 12
375 751 12
730 430 2
499 204 12
559 911 12
157 597 8
915 811 13
589 377 17
653 887 7
521 146 1
413 861 16
642 9 7
683 679 11
352 750 13
709 599 17
352 610 13
249 680 11
954 768 14
21 334 18
391 969 19
111 513 3
962 112 7
561 66 5
569 245 18
530 213 9
988 600 20
805 199 19
748 529 8
114 109 6
588 540 4
999 525 9
31 879 3
746 605 8
596 22 9
169 275 5
348 460 11
35 431 11
774 841 6
671 16 17
925 492 13
242 912 4
913 470 11
615 546 14
409 642 7
308 269 10
634 113 5
394 576 3
898 488 17
414 58 10
544 372 7
874 774 11
900 580 2
447 686 5
214 436 20
469 672 11
663 56 18
103 958 19
290 319 3
134 329 6
701 963 7
506 781 19
211 575 13
179 312 7
528 347 2
632 396 14
557 756 12
182 900 8
684 294 11
717 678 9
843 25 20
429 459 1
795 505 2
146 490 4
792 439 3
215 510 11
729 139 3
671 749 3
839 568 10
260 928 12
479 312 15
115 773 10
489 729 19
766 184 18
120 54 20
896 804 14
107 684 4
747 496 14
583 32 11
423 162 14
671 862 13
232 461 13
376 488 14
5 211 16
276 381 20
592 946 6
438 939 14
387 39 1
354 507 8
599 807 2
139 242 10
153 481 6
67 279 19
892 955 4
108 645 2
729 79 8
798 835 1
467 490 7
551 737 13
606 247 5
416 607 4
194 926 3
744 822 7
86 134 15
357 524 9
165 299 7
964 24 5
392 993 8
839 576 5
679 340 18
592 247 4
190 199 11
754 264 17
101 891 5
857 827 3
932 113 6
43 553 14
813 395 20
376 450 2
85 523 10
248 281 15
712 785 4
535 771 3
714 50 8
574 883 20
29 652 12
154 701 2
375 532 6
789 192 3
736 420 1
575 408 20
754 721 20
386 386 15
575 74 2
625 193 13
427 885 1
518 497 4
151 414 1
900 577 2
111 583 4
795 649 8
665 255 8
259 510 16
293 530 10
949 205 1
773 696 20
449 552 13
450 162 5
227 517 17
316 386 14
255 670 9
725 815 8
498 99 14
139 163 7
392 765 20
620 721 18
668 882 5
183 452 7
696 309 7
47 114 9
984 757 20
12 813 1
778 386 20
489 97 4
226 599 9
608 690 11
593 464 13
498 532 15
521 362 12
86 874 15
924 196 9
582 307 15
393 583 5
963 201 4
38 458 14
174 380 8
70 462 13
364 56 7
231 732 13
345 97 11
596 288 13
857 98 11
927 236 18
96 378 19
75 248 13
418 871 1
494 411 6
2 916 9
28 780 16
17 739 5
834 903 15
819 661 9
937 894 2
269 871 5
657 364 5
187 100 15
729 453 7
147 878 10
617 720 16
944 5 3
354 673 10
945 584 3
953 784 16
202 538 16
189 9 5
521 929 20
991 879 10
714 556 10
862 876 8
492 521 12
590 699 10
80 665 11
771 827 4
904 267 17
91 82 9
248 928 20
440 776 10
66 246 12
668 187 7
359 819 18
474 237 4
300 579 17
271 105 15
569 638 18
874 635 18
174 769 14
775 297 9
862 547 9
671 745 2
996 182 2
637 583 4
77 593 2
814 625 10
850 654 19
46 942 10
939 969 2
123 2 12
355 989 7
66 424 12
245 233 6
311 231 20
831 592 18
745 78 11
375 768 11
147 815 19
539 305 9
849 54 6
592 15 7
652 27 19
524 497 17
149 446 19
30 42 16
493 479 9
415 136 14
673 867 13
386 877 17
831 103 15
468 425 11
210 114 8
471 82 5
974 787 6
926 661 16
515 752 2
278 395 11
633 292 3
530 74 7
821 101 13
561 330 16
301 269 10
450 458 19
58 753 4
594 740 15
95 176 1
83 570 17
975 18 5
303 79 1
883 915 14
236 859 6
173 61 16
207 670 14
843 300 10
822 659 16
384 629 15
261 659 20
675 678 11
145 983 20
566 174 6
43 648 17
258 70 15
470 453 20
667 415 16
545 229 4
930 652 17
407 211 3
302 983 2
539 73 7
446 368 13
762 152 2
40 891 16
477 515 14
264 981 17
214 421 16
943 984 15
180 455 12
26 678 9
250 771 2
611 839 10
416 997 9
383 932 5
519 139 6
770 643 14
151 351 8
751 925 1
278 129 9
826 69 18
912 22 1
625 305 16
998 584 18
329 461 1
999 824 10
583 607 5
799 20 8
416 513 11
767 4 12
27 839 9
896 424 11
715 334 15
960 558 13
16 896 4
910 310 14
52 118 1
225 25 19
373 485 16
340 671 11
722 232 1
112 709 2
135 789 12
623 644 20
949 400 11
465 86 8
629 632 19
647 483 16
252 17 4
112 276 5
548 122 20
298 580 3
943 239 4
682 983 8
234 658 18
580 126 16
495 872 5
30 880 1
791 117 11
64 508 1
397 593 15
795 264 8
763 989 2
801 498 5
548 863 6
726 592 20
252 876 13
352 464 17
933 212 13
921 610 11
782 251 15
315 452 18
55 655 4
355 89 5
266 619 14
234 854 1
605 337 2
892 582 10
52 208 6
680 162 7
5 393 4
672 240 16
492 999 4
773 194 8
494 704 10
735 584 3
837 174 11
187 199 14
251 218 16
701 849 1
954 224 5
863 490 20
270 380 16
24 675 9
999 48 13
101 506 9
473 1000 12
114 520 12
39 39 16
399 952 19
573 633 6
372 534 1
402 434 12
458 297 12
328 762 12
971 631 11
528 843 13
393 514 4
386 990 9
951 702 1
584 544 8
515 471 14
87 930 6
46 639 8
975 121 16
65 727 12
701 808 18
150 624 15
86 645 20
418 886 19
248 873 7
851 274 18
555 607 19
871 932 12
524 871 10
928 16 12
369 423 4
607 615 20
894 748 7
385 744 8
340 964 12
614 488 6
32 515 12
988 568 11
765 53 12
292 73 6
492 429 2
582 178 14
157 359 16
370 30 13
544 535 15
865 399 18
256 658 20
294 60 3
61 742 11
659 343 2
530 862 16
214 677 12
869 388 16
758 278 11
669 658 7
33 663 1
361 743 10
109 282 3
73 405 17
858 475 19
663 560 10
442 103 9
928 289 7
772 923 2
795 490 3
729 572 18
300 782 4
111 605 11
199 831 3
185 526 14
208 127 9
683 560 5
767 107 9
401 310 20
615 537 1
261 271 4
965 175 3
68 355 13
806 122 4
942 292 16
359 750 9
988 990 15
515 860 1
310 419 7
914 782 3
692 133 3
310 469 8
967 746 16
866 902 4
219 878 13
580 696 12
182 933 7
927 334 16
646 447 14
867 57 8
603 876 8
590 440 2
544 540 14
43 886 19
18 820 1
370 349 15
867 412 15
762 982 6
697 190 10
295 523 19
841 426 19
492 485 19
496 143 17
795 569 16
294 104 19
202 190 9
376 745 6
913 487 9
352 254 19
49 68 3
654 44 11
768 873 11
315 30 18
869 74 1
905 203 9
934 91 19
282 901 10
307 164 6
951 938 13
468 269 13
641 252 3
236 223 7
99 202 19
210 197 13
885 421 15
521 640 8
865 218 7
351 407 2
200 279 13
450 804 17
113 425 10
488 91 2
474 503 11
573 219 2
557 715 13
498 507 3
386 61 16
167 189 20
969 796 4
739 618 10
412 78 8
152 236 8
171 95 17
295 961 11
933 938 3
656 674 15
326 38 20
274 840 14
984 863 17
851 487 14
500 873 6
317 68 12
91 141 20
893 59 7
197 91 16
666 452 5
463 960 14
406 153 14
518 195 3
442 780 19
618 249 16
907 335 11
302 627 10
958 776 7
302 527 20
759 598 1
668 811 12
524 55 1
745 579 16
203 425 1
200 978 6
691 990 14
803 977 12
642 705 6
386 659 19
339 961 4
844 650 12
356 774 8
649 538 5
697 286 13
537 105 14
682 423 1
2 951 12
385 539 19
139 154 11
439 992 13
789 89 12
709 126 8
619 408 19
756 342 7
899 907 2
741 653 2
875 671 15
105 559 7
627 356 6
432 411 1
451 641 20
721 291 12
280 223 6
903 758 4
669 257 17
102 904 12
380 694 16
748 530 10
675 954 7
363 587 4
188 651 5
663 851 12
640 693 10
971 534 2
267 368 10
515 855 12
995 487 2
956 308 1
521 996 9
439 113 9
16 4 7
628 439 16
817 812 15
998 348 2
676 540 11
221 224 12
823 239 8
806 357 19
766 278 10
839 666 8
523 388 10
231 121 20
438 71 10
779 614 20
298 633 5
963 432 8
49 219 4
396 640 16
262 482 17
669 988 18
928 814 10
545 377 1
293 525 17
8 401 1
685 513 9
778 715 8
696 389 3
827 481 9
159 926 19
732 86 19
620 38 12
577 663 13
541 354 1
525 595 4
335 295 1
857 44 4
967 164 4
633 761 13
815 945 1
47 807 16
11 741 15
442 299 7
203 267 9
220 383 19
604 369 19
224 542 2
323 539 1
898 581 5
190 699 1
823 737 3
833 130 18
658 78 16
141 146 4
72 588 6
183 768 15
576 70 4
3 594 11
924 971 9
403 973 15
875 700 13
22 556 14
681 668 7
877 904 6
759 406 1
629 619 19
104 579 12
460 193 6
27 205 19
175 84 13
344 494 6
692 836 3
632 736 7
312 129 19
398 286 7
201 118 11
115 541 6
626 784 11
788 749 6
495 328 18
346 696 9
981 765 3
660 269 20
675 166 6
588 206 15
420 759 20
933 168 4
692 33 11
833 937 7
388 467 4
689 617 6
53 977 18
502 669 11
235 40 10
246 522 16
979 516 14
966 596 11
964 788 13
106 55 5
578 547 11
929 646 2
298 651 2
181 632 9
10 884 17
109 312 12
837 931 7
999 362 1
959 887 1
900 264 14
259 349 13
157 878 3
716 599 16
251 63 19
733 288 10
825 502 11
331 660 17
20 453 10
121 994 16
88 519 1
994 450 8
928 290 14
81 449 7
672 863 7
408 971 3
311 798 19
681 76 2
83 844 2
95 739 10
573 601 14
301 323 20
519 143 14
344 918 2
626 1000 14
947 699 16
531 570 10
988 780 2
198 418 11
778 484 7
982 776 11
474 273 1
971 548 15
971 326 14
741 352 8
110 198 18
967 388 20
726 674 4
261 973 15
414 26 19
879 912 6
717 86 16
228 448 10
104 736 20
874 291 15
896 268 1
225 537 8
902 700 14
555 868 13
299 778 3
457 279 9
116 353 6
33 486 9
333 155 11
38 692 16
870 194 13
615 865 13
468 486 3
106 236 8
871 332 10
665 14 9
465 350 11
903 396 1
232 783 1
688 741 6
914 725 10
642 611 2
465 670 5
827 273 16
916 554 12
442 755 13
820 300 5
136 17 4
274 517 15
627 120 19
637 800 3
499 360 11
776 749 6
146 924 2
123 95 20
311 237 9
127 437 14
79 416 15
232 946 15
360 720 18
510 232 16
12 295 20
222 302 8
719 479 6
471 621 8
9 727 11
72 34 5
967 573 5
939 523 7
401 523 17
484 304 8
48 821 11
703 455 16
954 282 9
178 204 12
679 70 16
737 290 1
109 695 3
878 242 3
907 446 13
77 28 20
777 864 5
688 914 18
314 601 4
699 263 14
437 519 8
571 449 18
251 301 14
937 543 3
835 248 8
287 16 9
37 580 11
551 122 4
844 632 7
796 805 2
285 685 15
276 903 14
510 191 4
238 615 3
895 702 14
988 565 15
707 658 5
827 235 14
785 850 12
230 632 18
335 10 3
494 553 20
684 582 4
613 925 20
504 745 16
786 49 20
374 781 20
854 946 16
398 9 2
59 916 5
409 793 4
915 915 1
278 238 10
116 57 4
412 622 10
357 63 1
774 431 13
267 882 16
777 923 20
333 609 15
715 985 10
402 209 16
472 155 5
437 682 11
310 109 1
90 18 4
549 94 16
100 115 7
361 63 15
820 148 8
679 917 5
330 807 11
607 25 2
424 337 5
374 935 3
988 985 16
391 770 3
846 770 16
617 92 20
249 737 16
523 22 19
665 865 12
731 622 3
312 513 9
512 938 11
971 27 7
947 65 3
558 249 18
221 41 18
104 170 18
420 295 10
914 891 10
41 574 18
527 300 20
891 577 3
60 905 10
330 698 17
480 272 2
626 578 3
909 928 18
684 300 11
911 177 2
626 231 7
741 194 4
970 136 13
251 855 1
175 64 13
201 273 10
969 264 15
897 895 1
382 704 14
953 425 15
895 226 7
882 593 13
650 531 10
532 677 15
817 370 20
233 887 12
129 880 9
615 280 8
756 590 3
979 684 12
308 520 20
539 106 14
68 701 2
302 610 20
683 561 10
45 171 17
569 729 12
715 285 18
319 445 3
777 591 13
317 855 15
973 801 7
853 874 6
810 796 4
228 781 15
461 482 6
952 174 12
339 104 4
773 683 19
496 573 16
362 565 1
436 101 12
498 151 7
38 843 6
369 200 15
786 219 4
873 323 15
834 721 10
218 334 14
245 148 11
626 840 17
106 469 9
270 987 12
707 386 9
253 639 11
740 451 3
723 85 19
443 868 18
843 327 10
355 412 15
831 159 20
122 136 6
236 361 10
937 684 16
362 469 18
305 998 14
879 79 20
448 593 12
448 487 10
825 256 12
451 897 17
429 66 7
766 647 14
289 572 13
312 120 11
571 753 17
626 203 7
731 400 5
933 161 20
192 392 14
592 228 5
572 15 18
84 361 18
665 667 9
333 866 5
796 972 12
51 342 18
872 952 12
456 919 16
234 732 3
546 326 13
592 569 9
667 433 17
350 23 16
951 859 12
206 667 12
185 243 11
860 851 10
267 80 10
898 790 19
59 537 10
159 646 20
898 567 16
204 377 20
536 797 13
737 214 10
781 412 5
888 154 4
263 581 12
941 422 13
599 261 7
372 47 4
152 893 11
603 667 14
88 302 12
534 710 2
720 873 8
798 681 2
978 735 15
103 952 4
419 47 20
311 151 3
866 751 7
409 487 10
455 644 2
818 380 14
431 464 10
677 488 12
971 719 4
424 760 5
571 427 4
439 652 14
137 446 10
377 247 18
1000 501 16
31 490 12
87 234 2
254 724 16
340 69 3
622 472 3
857 565 13
431 71 12
909 110 1
44 265 9
957 795 20
368 314 13
665 22 8
10 232 10
98 912 6
772 83 8
869 878 12
449 652 17
915 218 10
232 233 8
491 852 2
46 826 14
418 489 10
294 590 10
576 896 20
511 415 5
427 161 17
585 912 12
450 380 20
529 598 5
566 322 19
749 26 1
303 511 16
224 488 11
889 911 10
677 884 17
24 135 20
474 884 15
9 226 5
501 557 1
380 360 11
142 709 6
441 589 1
389 309 17
280 626 2
918 999 17
489 311 4
409 115 1
167 547 4
983 26 10
191 416 13
733 117 16
752 533 11
38 859 10
30 409 4
156 432 12
371 840 9
380 699 20
450 260 18
758 300 11
915 612 18
416 1000 19
743 324 4
821 981 16
284 960 20
918 527 8
305 711 7
272 924 4
855 734 9
850 806 1
757 897 16
912 232 8
900 527 12
213 751 18
936 486 19
88 752 15
942 298 8
970 620 14
172 378 19
779 606 10
560 463 1
73 999 3
105 630 7
970 643 2
943 432 16
620 858 8
446 898 3
578 347 20
283 924 19
73 622 3
136 654 1
820 440 8
300 211 4
177 917 13
580 429 3
778 844 10
875 105 5
400 90 19
432 747 1
691 354 10
237 681 8
53 188 13
229 845 18
826 624 3
777 330 17
38 66 10
46 522 18
772 626 11
742 443 11
899 63 4
149 161 13
904 254 20
895 423 10
167 850 4
868 980 8
425 74 4
580 184 15
693 113 5
711 793 11
24 227 4
807 850 10
734 950 5
287 556 5
184 372 2
928 884 2
271 299 19
120 355 13
422 376 4
378 735 2
814 506 2
325 661 5
699 502 14
179 403 1
137 525 12
401 735 4
283 719 17
258 453 11
961 535 12
325 175 8
260 155 20
575 545 13
874 46 20
146 477 18
938 190 4
122 42 15
272 708 13
177 4 14
312 325 17
988 650 1
880 453 11
247 382 16
90 878 14
824 480 14
34 229 13
169 212 1
282 479 17
827 315 19
870 92 1
273 199 18
518 420 17
360 238 14
540 429 2
289 617 7
377 607 3
832 791 20
862 303 19
789 294 9
397 872 2
885 792 17
699 580 5
73 701 1
220 674 2
545 105 7
208 606 6
205 729 6
108 835 2
818 197 2
804 544 6
405 609 6
278 42 17
273 329 6
673 773 20
626 6 20
363 396 14
222 44 1
172 511 7
933 97 4
666 298 20
43 33 2
254 205 6
275 23 4
399 791 5
949 780 12
906 760 3
792 945 8
124 765 6
941 475 2
453 117 16
260 698 9
895 81 7
321 542 3
612 900 10
515 658 10
443 525 8
988 257 18
123 846 17
650 661 18
509 742 16
256 791 3
919 19 2
417 493 11
121 69 9
258 585 17
996 346 17
325 558 5
848 411 15
753 81 5
1000 424 1
626 800 2
975 328 5
928 180 3
211 202 13
341 993 11
144 882 20
889 492 13
693 203 19
647 48 13
601 274 2
758 773 10
149 25 1
242 199 5
67 7 20
102 264 9
872 651 14
736 481 20
666 154 18
537 343 4
560 396 7
379 583 19
693 709 10
465 215 19
768 277 16
183 76 14
292 503 8
839 882 8
311 623 20
305 850 14
780 607 6
603 209 16
133 59 3
894 717 3
912 671 14
663 935 1
548 886 14
691 182 11
121 226 16
112 581 20
204 575 3
710 654 9
720 534 20
325 721 9
893 149 17
418 422 10
748 376 18
656 724 9
884 20 20
559 869 10
790 549 6
578 889 14
335 390 2
950 204 3
570 504 16
593 797 1
71 419 7
170 287 13
303 564 15
241 727 19
351 29 4
410 181 15
373 958 16
954 541 5
500 552 3
16 56 20
975 892 4
789 681 14
702 442 15
363 317 13
50 821 7
126 681 19
235 14 8
780 846 16
916 194 12
196 401 15
38 987 4
232 68 9
178 601 1
422 818 17
390 183 2
839 904 18
211 250 13
809 929 13
184 170 1
634 200 3
526 173 13
935 837 5
258 834 15
920 1000 18
244 256 15
740 298 14
242 525 13
247 280 17
852 66 17
65 631 17
326 410 3
483 847 14
268 172 18
370 834 8
37 410 2
769 246 11
34 168 12
407 45 18
249 815 7
907 209 20
38 594 9
892 465 12
340 550 6
283 122 2
436 945 12
202 157 4
951 371 7
120 571 5
493 172 19
152 317 11
869 702 4
29 562 6
934 338 11
149 752 11
546 839 4
639 65 4
173 181 8
594 158 1
890 869 15
564 922 15
412 789 13
81 669 2
914 759 12
251 281 20
697 590 4
214 138 9
982 561 16
129 130 12
814 110 19
965 955 16
113 324 5
492 878 20
763 387 20
750 890 20
317 174 13
984 512 1
527 672 16
619 995 8
345 979 8
656 879 2
810 974 12
747 991 18
266 693 6
461 983 14
267 702 9
170 948 6
5 147 3
709 566 10
193 133 12
82 775 5
991 467 6
480 193 12
968 373 4
691 934 1
472 961 6
701 550 18
631 280 16
902 298 13
396 961 13
489 506 11
731 308 4
860 786 19
919 268 2
89 900 8
156 410 17
5 295 12
596 958 12
817 311 17
701 536 6
45 270 15
729 80 15
632 375 9
403 524 16
97 726 6
420 96 5
704 294 12
207 980 5
669 973 10
269 388 14
725 650 10
460 673 16
252 183 7
788 792 2
852 748 10
499 182 8
579 738 9
310 786 16
720 584 11
28 874 8
158 26 17
26 5 4
191 643 19
736 330 1
830 782 16
42 657 2
224 268 8
498 450 11
886 900 14
1000 106 2
54 332 4
489 56 6
780 533 17
364 920 9
216 249 9
198 441 18
390 38 10
707 912 5
274 65 14
847 26 18
687 966 8
891 369 11
311 269 8
68 147 20
511 437 14
702 513 14
749 276 1
979 312 20
436 598 3
289 10 12
624 221 6
216 142 12
188 938 18
918 371 10
919 733 18
672 9 9
706 68 3
543 874 4
887 773 16
632 527 9
435 719 16
136 2 20
967 487 9
611 405 2
53 914 2
657 761 9
282 227 6
738 349 4
523 510 20
657 871 10
344 283 10
688 941 6
430 768 6
189 338 10
81 752 8
552 466 5
264 687 4
53 250 18
990 299 19
354 657 8
169 40 10
648 432 13
646 52 3
637 686 9
528 279 18
424 589 2
795 991 2
641 753 3
619 9 16
482 818 16
825 333 14
833 151 6
967 504 16
453 289 10
458 308 3
935 728 12
23 737 10
987 537 9
112 829 16
920 866 7
177 941 20
745 839 10
536 322 5
799 232 17
675 686 1
679 646 3
487 249 19
950 911 12
289 277 10
877 46 2
506 766 5
705 837 9
47 40 20
839 419 10
766 712 1
36 595 5
96 90 17
128 351 19
319 47 1
392 409 18
175 616 18
945 82 19
22 464 1
970 130 3
434 438 11
498 160 1
364 119 16
785 476 7
962 577 5
342 5 7
60 93 7
518 678 15
514 480 9
626 612 2
388 575 11
806 110 2
708 434 17
911 166 6
973 212 12
835 732 15
647 261 12
308 104 18
141 276 10
768 32 4
513 596 5
489 517 19
683 824 20
881 518 16
673 816 12
129 124 8
904 579 14
519 910 11
156 717 4
460 936 7
911 419 20
342 716 3
258 975 5
471 978 4
245 210 5
781 451 12
111 935 17
811 855 3
599 463 17
842 459 4
948 687 4
268 219 10
798 971 5
355 707 17
610 186 15
798 977 16
54 922 14
129 133 12
447 455 8
874 58 2
98 356 19
706 310 5
939 177 4
578 265 5
9 870 5
484 542 15
505 173 2
430 968 6
927 88 15
756 351 2
133 801 6
312 238 3
921 727 15
262 884 10
921 615 6
250 453 3
465 579 17
342 618 18
437 394 14
295 917 19
428 606 13
951 468 15
875 1000 2
832 428 15
435 453 16
564 74 15
148 942 13
601 583 15
862 456 6
733 265 7
824 629 5
664 902 18
845 353 11
627 491 12
860 26 5
38 108 20
386 996 19
454 851 17
83 33 19
84 31 2
220 778 6
534 48 20
885 458 2
709 738 4
505 492 14
216 461 4
324 167 13
736 896 9
370 723 10
759 226 3
729 589 13
393 666 3
26 342 3
248 589 16
210 223 7
762 62 11
67 859 15
541 560 8
111 827 4
868 322 3
651 482 16
11 574 4
206 483 20
554 379 1
838 81 8
447 201 7
734 210 20
781 550 3
366 129 19
856 352 2
100 63 17
297 755 1
881 459 13
347 937 12
110 22 10
58 544 15
345 869 8
977 382 14
329 137 19
38 420 20
550 254 12
779 737 15
803 302 8
522 339 12
864 60 19
404 853 20
316 791 13
933 778 17
902 294 19
822 848 13
347 827 3
782 785 6
892 237 2
452 307 13
411 255 7
3 203 16
389 624 10
178 266 11
89 285 4
201 710 14
954 23 19
934 733 15
994 392 5
166 752 9
109 843 10
361 858 2
383 859 16
390 347 17
771 836 5
434 156 7
705 381 19
99 969 10
860 551 6
196 451 4
459 780 8
337 215 14
940 574 1
769 258 14
13 690 13
881 485 8
956 4 17
557 967 9
934 937 3
862 66 1
947 657 1
301 138 9
895 102 14
923 871 6
213 748 8
723 794 13
992 301 4
250 911 5
233 106 5
204 533 13
243 391 8
932 284 19
320 604 18
173 614 13
336 524 2
852 99 10
52 74 7
558 843 9
315 606 6
4 280 3
662 702 13
646 325 17
540 965 16
473 357 8
760 152 13
702 191 10
568 974 10
220 707 2
741 252 5
731 194 10
649 182 2
208 814 17
114 75 13
186 107 6
107 453 3
989 490 11
212 122 18
152 11 6
589 247 14
808 463 19
234 771 3
961 888 4
903 271 10
252 711 13
516 912 13
954 702 19
207 776 11
784 237 11
923 313 18
508 613 11
147 849 3
774 959 1
264 577 12
241 211 15
857 859 8
578 181 20
906 332 19
167 841 14
83 409 2
399 232 6
478 400 2
203 347 18
994 508 8
742 78 17
679 559 18
79 324 16
134 776 8
195 721 19
291 167 15
926 577 4
914 563 3
965 451 10
628 80 7
460 18 4
760 160 8
494 626 18
331 285 4
102 583 1
668 936 14
254 72 19
970 303 16
32 302 7
146 215 19
948 174 7
105 55 19
128 371 13
461 49 8
913 492 12
204 408 6
545 370 18
313 966 7
839 254 9
905 100 20
820 807 6
832 275 8
768 932 4
817 943 3
532 915 18
992 35 13
151 998 10
322 448 10
586 820 2
499 78 20
705 35 3
492 834 1
718 367 2
966 145 18
272 266 9
707 60 3
409 632 4
998 473 4
365 785 20
635 804 7
800 464 8
787 266 16
925 992 19
967 562 9
33 980 15
354 857 15
459 690 13
742 364 18
216 479 16
511 362 13
743 206 18
430 359 4
779 309 7
140 781 6
282 95 20
980 241 11
102 332 12
795 691 14
679 399 15
57 627 12
159 974 10
611 675 11
338 243 5
904 457 3
679 306 18
756 455 10
252 706 12
74 847 14
28 109 5
490 923 10
299 953 11
102 267 1
244 3 12
378 826 7
500 426 5
967 406 10
503 482 1
434 874 16
563 623 5
747 48 13
625 576 11
145 161 2
440 530 16
704 981 20
451 650 5
626 232 11
467 370 13
737 524 9
437 370 4
132 825 5
797 849 16
260 327 14
102 94 18
384 584 15
830 150 20
916 523 1
270 337 14
130 792 10
519 529 9
240 642 2
527 986 19
517 891 4
454 534 19
954 585 13
634 218 14
719 217 17
369 174 14
530 186 13
214 85 15
205 831 14
912 755 12
910 922 11
728 432 18
14 789 17
332 6 18
39 729 15
53 35 13
340 755 20
567 547 11
493 2 15
659 405 17
828 907 20
546 285 13
485 830 7
643 637 18
341 884 14
951 650 1
153 827 8
370 516 6
877 129 13
643 428 13
505 989 17
740 842 6
552 822 18
823 618 16
291 475 16
477 817 12
99 159 7
675 161 1
48 106 1
449 410 12
156 369 9
671 560 17
515 303 19
706 400 8
100 444 4
766 24 20
576 959 4
441 876 2
998 564 13
78 890 17
291 938 18
801 246 14
567 330 3
356 894 18
330 518 13
168 984 10
297 316 6
416 192 18
69 748 10
392 128 19
286 801 9
283 143 4
812 642 20
423 451 13
620 867 9
925 569 12
27 121 10
480 643 19
833 948 4
698 662 12
364 544 5
349 117 5
133 843 10
120 195 8
214 651 14
209 738 2
818 841 11
706 505 19
527 462 15
604 813 15
242 972 11
126 204 14
107 204 7
480 47 17
672 995 14
786 460 9
447 312 20
34 565 13
89 216 2
942 61 8
585 428 8
351 744 8
211 477 16
242 240 13
312 371 5
126 132 5
558 245 16
612 304 16
359 798 20
716 829 19
288 183 17
760 689 12
77 681 4
201 430 10
836 846 18
27 494 8
980 242 14
691 938 13
758 515 10
537 16 2
79 833 16
179 103 2
764 434 13
687 24 8
781 653 20
468 100 17
747 67 16
198 91 8
706 984 8
217 396 16
322 543 10
778 394 9
282 206 11
346 133 8
72 785 14
592 272 10
726 110 6
443 496 1
535 639 7
225 551 4
553 662 17
650 336 16
582 462 11
827 977 1
582 494 4
234 179 14
274 211 15
555 843 12
270 425 1
683 728 9
812 629 12
935 190 10
136 540 12
642 996 1
841 107 16
507 331 8
855 601 11
367 381 9
676 850 19
12 2 17
76 63 10
624 134 15
837 429 2
822 371 20
646 122 4
717 548 1
709 104 15
543 983 15
8 105 6
645 938 16
751 982 7
207 198 1
343 973 5
652 414 5
951 240 15
730 698 18
650 419 7
352 792 13
306 568 9
359 988 10
762 116 17
690 227 6
624 71 5
769 206 1
255 964 8
980 1000 7
677 242 15
989 821 15
47 743 13
137 205 9
676 813 5
221 591 3
813 626 6
764 443 20
288 304 13
144 176 15
329 348 14
251 640 6
1 39 5
875 449 1
926 158 2
473 733 11
330 294 19
17 518 11
425 239 15
340 885 9
847 507 5
428 136 5
970 225 17
433 999 17
470 443 7
320 140 5
206 939 3
212 828 16
792 77 4
355 865 12
211 140 8
144 468 1
691 394 7
295 937 9
374 701 9
670 885 8
507 28 20
456 445 14
342 511 15
788 21 7
451 87 9
736 914 9
932 611 17
42 896 19
564 806 4
203 603 18
43 528 20
161 734 2
358 57 4
855 643 3
579 19 2
560 299 5
4 185 7
658 992 1
215 491 20
725 305 2
137 694 13
165 56 8
892 397 14
176 965 3
152 157 6
887 902 17
693 434 7
713 83 2
396 167 6
38 5 15
545 742 4
6 792 15
490 257 13
537 287 20
181 824 2
203 283 3
860 139 13
157 857 3
208 367 15
739 833 12
662 931 16
629 911 6
266 4 15
341 289 20
153 318 4
222 608 6
204 69 10
768 170 9
353 550 13
15 169 18
461 524 16
245 519 6
805 131 17
193 719 7
342 122 2
138 301 3
552 828 3
70 858 20
799 736 2
295 893 15
311 63 12
739 556 12
344 885 1
305 350 8
995 569 20
183 35 19
756 638 5
596 284 18
357 370 14
212 807 9
136 125 13
87 349 20
497 632 2
550 361 1
736 728 1
145 433 4
617 110 13
373 902 20
136 206 9
845 689 20
655 439 1
681 269 2
861 925 16
956 279 13
283 177 2
705 720 17
691 374 13
786 357 6
37 385 10
537 726 18
808 237 3
654 652 12
453 762 7
431 326 12
309 240 12
708 887 4
643 987 7
387 366 11
905 893 17
429 976 20
234 461 18
561 904 15
231 14 4
482 325 19
133 826 12
710 598 7
488 990 13
976 965 6
251 739 9
439 639 2
617 566 3
20 928 19
852 590 6
705 974 2
547 7 17
230 570 20
804 948 1
57 398 4
744 339 2
296 336 19
576 278 19
351 980 19
392 24 7
848 65 6
74 4 12
359 684 1
242 46 18
710 182 5
208 794 9
394 184 7
270 897 12
850 43 11
271 552 20
841 293 5
313 545 17
549 258 9
378 640 6
317 850 20
261 291 14
632 404 1
955 537 12
76 653 18
50 505 4
124 502 6
778 782 17
484 425 5
372 295 2
769 449 14
571 982 3
126 106 20
33 567 1
220 76 20
786 90 2
484 816 11
924 399 20
808 932 12
768 492 14
403 903 4
237 508 7
672 669 4
993 71 10
873 425 17
833 515 18
470 262 13
130 572 12
317 784 17
195 453 20
305 121 19
312 645 16
120 182 15
188 539 14
109 250 14
641 416 1
272 774 11
648 421 2
551 701 16
264 349 10
15 409 13
826 259 14
647 264 7
182 971 17
175 106 8
557 387 13
167 666 18
374 991 10
764 891 5
692 757 14
181 729 1
302 614 9
362 678 5
805 50 19
88 535 1
999 489 16
705 279 3
541 746 8
625 33 7
485 7 3
33 909 7
438 109 11
620 57 20
83 222 18
133 4 12
479 357 11
217 150 9
123 925 13
888 620 6
221 526 12
212 711 15
42 913 3
689 253 18
319 668 14
488 253 9
526 380 7
329 975 7
81 694 13
831 265 16
204 823 8
923 894 7
93 276 1
593 511 5
912 129 17
594 999 6
310 752 16
779 90 1
141 158 16
661 813 15
610 36 9
923 652 17
500 959 10
562 992 9
378 481 10
941 400 17
941 23 15
785 46 12
727 814 12
396 620 2
781 796 3
937 174 7
200 80 8
76 881 13
527 698 3
745 913 5
507 91 20
778 203 1
376 332 18
744 332 6
947 197 3
505 547 9
702 268 20
98 284 15
299 191 12
739 263 5
336 169 6
452 862 13
629 185 3
988 809 10
19 686 19
69 410 1
395 934 5
922 286 3
743 767 12
372 799 4
308 365 6
742 276 1
45 311 16
574 601 4
455 910 13
880 408 5
197 645 5
457 624 12
923 440 15
429 534 19
772 884 10
606 105 18
510 473 20
507 942 4
9 304 6
234 967 3
745 772 17
632 815 4
41 1 12
785 997 18
756 45 18
852 997 17
537 328 18
598 210 15
193 396 8
679 539 16
791 671 1
349 485 20
594 985 13
809 268 18
571 98 1
299 293 12
559 252 15
85 351 14
161 714 17
965 366 16
19 622 1
674 782 13
49 43 14
764 490 4
177 453 12
456 877 15
962 154 7
396 85 18
761 384 10
787 321 6
681 577 5
907 569 12
953 803 18
347 763 18
730 487 10
371 759 2
584 350 7
252 535 1
146 449 15
408 873 8
198 341 1
549 939 6
797 797 10
732 266 6
182 389 6
420 629 7
220 4 11
383 977 17
339 866 14
661 631 8
458 218 3
69 250 6
557 642 8
2 945 5
126 4 9
389 783 8
381 61 12
392 315 16
477 244 6
686 24 15
117 10 15
171 424 2
39 682 10
908 206 15
799 527 10
118 627 17
328 376 10
943 234 15
19 343 18
321 508 20
414 1 15
877 672 6
115 645 5
126 924 6
408 861 3
599 714 20
468 307 18
713 308 11
305 604 9
972 932 6
661 120 18
907 11 13
879 787 12
135 162 9
475 115 7
702 253 14
552 504 19
583 169 2
626 597 16
822 132 15
92 377 1
7 972 14
813 743 19
234 594 14
492 837 16
207 920 10
261 545 8
716 686 19
204 394 20
71 246 11
362 204 11
571 955 19
225 659 3
413 95 6
314 952 11
336 341 2
441 610 11
50 180 16
498 365 6
384 773 8
834 558 17
569 269 1
681 814 10
22 486 18
105 181 4
530 215 20
889 44 18
870 230 8
183 365 12
99 75 1
480 518 18
548 587 7
389 484 13
695 877 10
824 577 8
125 692 16
636 229 18
652 140 18
305 773 19
805 768 7
25 53 18
251 104 11
525 762 16
229 545 12
850 878 11
755 629 8
462 496 5
269 774 17
224 412 8
342 769 10
660 513 2
333 945 12
957 153 3
670 145 12
344 501 5
109 412 3
318 667 5
60 530 14
248 441 5
543 901 5
761 453 17
411 464 19
614 151 17
652 215 9
550 913 12
525 670 3
511 128 8
887 549 1
86 223 3
720 103 17
547 524 12
605 580 12
672 349 20
390 553 12
905 576 4
305 247 16
276 276 8
888 300 18
66 593 11
748 111 20
604 511 9
191 62 20
550 618 10
977 871 9
496 937 19
519 188 20
592 346 18
547 275 16
150 197 11
519 49 9
664 44 3
963 868 13
218 740 16
133 213 15
170 874 3
81 148 13
918 184 20
315 501 10
124 585 5
716 947 16
38 790 13
307 883 10
765 518 14
323 680 16
801 205 2
503 942 18
300 354 2
279 840 10
888 615 18
430 318 5
122 918 5
922 854 18
484 163 5
346 962 2
416 195 17
279 125 8
578 162 2
685 60 14
827 884 6
852 268 7
323 550 12
416 881 12
13 824 11
194 652 2
837 913 13
699 453 3
877 400 19
832 432 12
710 457 17
541 812 6
38 631 17
747 419 19
787 402 16
388 526 20
484 635 7
400 721 16
829 443 2
501 435 11
97 9 8
464 18 1
970 700 7
720 378 9
76 675 7
117 586 17
407 13 9
106 792 4
170 22 5
78 489 11
624 613 18
599 872 13
615 964 8
997 100 8
516 315 11
642 269 17
813 167 3
416 345 15
163 625 7
627 775 4
232 364 20
223 84 7
923 577 13
579 935 14
957 213 1
357 694 2
582 196 10
608 904 20
693 58 11
70 358 3
802 158 15
695 757 13
754 457 19
249 885 18
676 737 16
735 160 8
359 344 5
644 841 20
24 428 14
674 603 1
602 203 19
735 654 18
411 977 20
946 887 17
525 434 3
594 698 1
294 919 3
720 47 5
863 997 8
688 227 20
811 809 3
93 271 7
815 12 2
399 851 5
934 84 4
709 434 15
873 953 10
348 939 9
807 16 3
404 419 10
805 530 14
620 155 17
39 217 12
67 803 3
302 768 7
994 127 5
92 853 12
15 939 2
852 338 13
700 421 7
959 36 17
50 248 19
256 812 6
873 108 3
275 801 20
300 235 18
50 673 17
270 233 10
422 339 11
601 47 15
473 376 17
648 628 20
946 374 11
181 424 13
829 118 3
356 295 6
10 810 12
277 605 14
580 705 1
514 585 3
259 653 1
270 825 16
150 177 13
824 994 1
94 583 3
433 647 10
640 146 17
831 757 11
165 6 8
758 140 10
736 482 17
132 491 19
871 720 11
20 277 7
538 809 15
977 25 12
488 309 2
693 678 5
978 947 3
560 774 10
995 135 20
539 809 9
631 265 9
774 161 11
181 830 17
461 389 10
351 210 17
95 316 10
624 313 20
475 288 9
983 917 7
978 641 9
958 226 10
52 276 17
138 324 10
281 534 8
119 607 8
22 662 10
181 657 3
675 829 16
970 763 4
958 329 9
288 799 2
608 344 10
408 440 7
903 411 12
550 495 8
681 823 12
160 784 4
858 653 2
998 780 8
648 886 18
477 67 11
428 806 14
965 72 20
928 753 3
515 358 10
917 746 18
219 848 9
850 339 1
687 638 7
196 65 12
489 824 18
461 818 20
435 226 3
284 532 14
838 832 8
570 64 6
586 327 2
127 623 1
340 479 13
633 60 15
184 110 1
41 326 19
874 738 3
76 559 9
758 584 3
867 898 15
588 126 9
877 92 19
82 574 11
29 967 18
673 391 8
700 891 17
990 830 15
577 310 5
802 240 2
58 297 8
803 880 14
319 287 14
506 711 12
966 469 16
645 471 6
659 745 19
735 762 14
134 758 18
465 235 13
624 603 15
468 975 18
982 347 16
324 572 10
382 789 5
292 334 3
794 737 8
654 817 11
483 719 3
970 66 10
72 213 20
17 973 5
482 780 18
165 726 6
582 440 7
444 947 3
947 297 17
706 697 3
919 720 8
367 563 11
16 417 1
748 720 17
500 627 10
61 662 16
140 376 18
109 386 17
329 121 16
431 134 17
452 839 19
221 990 13
727 898 19
62 58 6
33 985 6
972 470 2
308 982 6
81 773 10
605 412 2
776 395 9
986 495 17
588 621 8
723 222 8
396 111 11
678 953 3
489 583 12
73 263 4
143 280 3
390 116 1
248 55 9
28 403 15
583 480 8
251 652 8
284 785 12
582 295 1
565 965 20
781 866 9
653 704 12
747 556 6
83 776 12
818 291 13
751 17 15
704 133 3
341 943 8
463 548 13
799 560 9
292 984 11
106 890 16
149 261 11
317 208 9
529 489 12
596 293 15
703 976 14
743 619 17
70 981 14
306 227 1
138 127 13
401 474 4
54 88 13
137 776 15
588 842 19
263 979 13
225 258 3
887 500 16
129 48 1
20 239 5
379 895 1
649 303 14
248 851 8
672 491 20
221 238 9
38 92 1
755 166 9
429 575 20
646 397 11
730 927 3
199 415 4
115 300 3
700 720 3
91 322 4
721 615 19
372 149 8
509 981 13
353 542 17
778 496 17
907 937 5
670 43 2
539 130 6
541 24 11
986 529 10
504 813 14
409 701 16
768 166 5
601 859 12
332 273 19
204 526 13
675 384 3
100 280 8
893 248 2
685 359 5
674 134 20
809 483 15
290 184 1
975 852 14
100 694 16
813 806 5
12 422 4
466 792 1
203 112 5
344 101 13
482 85 9
703 348 20
677 176 4
193 104 2
968 105 18
310 122 2
480 386 6
215 846 10
194 167 7
848 594 8
31 844 14
983 324 10
817 422 13
329 419 16
249 771 1
276 847 9
215 203 11
834 753 19
390 74 13
695 761 8
552 830 7
465 289 3
403 259 10
892 417 9
921 190 8
802 937 8
654 365 1
983 368 3
909 33 19
828 113 14
872 786 8
499 379 18
57 695 7
36 209 18
748 291 18
577 781 6
889 389 4
282 470 18
203 211 10
470 239 6
858 634 12
551 559 1
699 416 16
425 540 9
160 853 9
443 556 17
792 496 8
626 967 11
283 649 6
662 701 20
849 523 6
842 118 12
675 728 17
479 780 3
569 133 8
10 619 15
15 135 6
846 582 7
611 369 6
688 411 3
297 990 14
682 952 10
941 141 1
236 59 20
415 265 20
379 548 11
705 178 11
37 349 6
7 345 7
35 792 14
565 526 1
782 811 11
250 67 10
819 96 14
748 320 17
250 152 9
76 111 7
799 544 13
291 342 17
190 258 7
921 17 16
702 769 16
888 384 10
892 872 13
248 74 12
255 501 17
360 84 2
743 266 17
805 490 5
89 843 8
127 344 18
322 512 17
853 587 15
566 649 15
130 338 9
409 147 7
659 942 19
408 897 18
199 232 13
772 366 13
103 663 20
51 427 12
648 96 6
687 697 10
793 893 1
916 150 15
319 634 2
499 270 1
660 976 17
575 527 2
781 214 1
404 195 1
11 72 18
157 301 2
580 379 17
832 813 16
551 318 6
487 868 4
279 376 1
90 458 15
320 168 12
107 136 17
87 854 10
172 151 2
62 814 10
295 646 3
461 59 5
260 323 1
800 99 13
298 627 8
57 769 2
173 138 20
41 586 17
65 916 2
185 456 4
464 931 8
762 888 14
194 699 11
111 662 15
98 678 8
903 482 4
384 219 6
647 88 1
734 585 2
449 759 10
888 585 13
941 317 19
320 907 15
827 778 8
156 557 16
41 36 9
928 283 10
285 33 10
904 363 5
83 705 8
500 638 15
825 622 18
455 377 5
481 836 14
486 147 9
254 870 12
864 942 16
247 927 6
148 235 7
200 917 18
865 246 19
174 615 12
482 395 13
630 551 1
855 863 9
828 315 18
384 483 7
175 438 3
37 81 2
867 444 18
494 731 3
703 106 14
612 84 5
8 263 15
57 356 4
620 497 19
277 52 1
951 552 11
912 546 6
683 167 3
913 240 12
716 845 3
240 309 10
752 376 20
775 259 13
412 295 15
47 909 17
405 200 8
978 389 15
698 508 20
982 90 20
822 114 14
767 442 13
519 681 6
863 772 3
860 818 2
573 736 17
698 114 17
620 536 12
106 492 4
461 915 18
413 57 8
890 198 8
271 279 1
94 916 19
817 789 3
687 498 4
180 982 9
771 809 3
143 118 3
201 195 17
120 684 5
800 176 12
821 633 2
352 65 2
236 960 17
958 363 16
399 604 9
116 544 20
748 202 8
795 557 11
943 45 1
51 917 7
35 536 8
803 740 13
624 664 4
821 190 16
80 896 17
484 872 11
99 122 13
241 792 8
263 597 10
265 165 6
161 165 9
86 311 16
601 277 15
506 815 13
759 89 20
325 238 20
325 698 14
194 959 15
449 562 6
429 782 8
621 291 16
583 733 5
769 35 14
215 276 19
935 798 10
567 36 5
162 791 10
73 681 2
623 126 11
628 534 3
645 718 3
129 497 10
816 594 14
927 948 15
416 100 3
190 779 5
993 890 7
187 82 7
867 498 7
333 836 13
617 491 9
568 841 16
554 79 17
826 527 16
99 867 6
675 442 18
698 722 14
679 163 13
176 280 16
567 686 1
566 102 9
136 299 4
271 889 20
926 610 17
307 289 9
219 320 20
774 434 20
652 167 7
711 496 2
955 987 3
574 385 5
632 180 18
953 109 16
646 636 13
124 944 16
928 381 17
363 575 4
632 49 2
691 186 4
62 719 13
778 483 10
932 914 18
509 710 13
370 927 4
29 709 11
244 660 7
623 217 3
930 586 1
199 101 17
311 586 2
111 691 19
731 900 12
871 20 16
117 137 18
827 125 4
358 857 17
116 953 1
588 780 20
265 911 5
968 940 6
230 738 14
727 942 19
175 352 19
313 903 8
655 158 17
633 545 8
734 33 13
147 296 11
157 702 1
363 431 5
671 224 2
849 30 1
580 466 19
593 900 15
557 312 8
826 176 17
363 424 13
744 455 2
812 210 18
450 280 1
654 215 18
365 277 8
623 648 3
992 77 7
181 947 16
79 320 9
272 921 18
233 338 20
596 324 2
145 686 13
903 704 1
960 643 13
158 590 1
725 410 9
146 242 8
814 885 16
666 242 10
932 170 9
661 35 4
158 37 11
711 740 15
219 408 4
298 500 3
121 562 5
550 242 19
910 155 15
193 463 13
758 164 1
868 529 1
858 804 8
987 879 5
57 651 9
203 431 11
407 12 14
786 880 3
142 93 8
67 657 17
650 340 2
840 920 3
27 330 14
313 9 2
891 59 16
407 961 6
471 800 20
207 672 10
528 857 9
169 289 6
691 180 16
447 570 19
455 780 19
345 801 2
876 633 13
912 497 5
392 643 9
240 374 15
421 319 9
541 444 1
221 566 1
60 416 11
14 719 1
922 191 3
842 468 6
229 503 18
81 790 16
312 34 8
89 220 8
607 573 17
874 211 19
550 460 9
523 613 5
80 100 9
628 892 13
270 125 18
29 887 1
42 269 1
575 950 19
907 867 4
685 665 9
105 182 1
624 569 18
367 19 16
675 820 11
316 190 6
936 413 17
324 111 18
617 730 12
961 542 7
932 776 9
31 837 17
122 428 14
83 509 13
395 434 10
800 105 16
718 998 20
965 883 5
277 973 15
937 296 9
694 702 2
662 233 1
591 251 11
152 791 17
341 7 4
856 843 20
550 5 15
593 609 20
924 743 17
33 670 2
465 370 13
478 674 18
43 332 5
787 774 9
193 226 11
289 403 5
769 99 9
863 797 10
725 385 6
997 242 14
943 539 19
18 672 3
292 605 10
208 945 13
835 905 6
130 48 16
573 868 20
502 736 1
285 352 18
902 204 3
835 719 13
480 734 18
454 162 14
905 365 20
870 402 13
645 483 20
170 524 11
170 985 11
792 756 20
339 880 2
457 660 5
412 205 10
574 646 3
1000 609 8
334 479 6
5 288 9
806 603 15
152 685 12
591 564 12
353 713 3
228 394 8
505 307 17
405 773 20
977 724 1
367 15 5
367 462 6
584 755 19
14 650 19
750 48 4
720 229 9
926 264 13
65 573 16
191 750 14
895 392 20
756 842 4
705 125 17
964 4 11
424 567 9
603 538 3
167 148 11
300 90 17
199 88 13
112 294 11
936 363 2
403 716 2
73 626 3
798 473 19
111 620 3
911 365 1
777 934 15
165 557 3
909 806 5
900 171 8
428 528 13
583 472 20
790 865 14
330 153 18
57 823 11
87 174 11
366 415 5
374 780 15
545 609 20
89 944 19
806 470 3
596 976 10
596 313 10
169 437 6
30 388 12
221 616 16
202 958 16
686 710 3
500 576 10
9 627 19
92 690 17
563 539 3
173 980 18
638 552 6
88 270 16
766 655 15
483 971 10
870 891 12
429 793 5
425 256 19
899 329 15
923 557 3
361 937 4
328 344 14
12 910 2
61 283 11
294 372 12
349 861 1
976 296 11
430 510 13
939 227 13
614 103 18
255 166 15
447 80 13
646 412 7
396 343 1
182 17 20
139 288 18
744 333 14
15 557 10
716 274 3
424 272 4
15 52 20
302 243 12
676 403 20
68 625 2
194 473 2
649 587 16
709 684 19
997 576 15
887 339 18
168 689 4
942 453 17
339 360 10
605 906 3
752 415 14
282 114 11
459 696 12
153 736 15
406 567 7
435 703 2
292 101 20
79 867 17
40 64 2
399 519 20
186 424 16
163 429 4
641 811 10
386 521 20
534 783 12
941 546 20
109 502 7
229 336 19
404 498 3
765 100 7
535 195 3
681 257 17
369 38 6
995 474 14
115 464 18
746 83 5
693 206 3
978 104 11
607 937 16
617 217 10
878 848 16
378 959 13
687 239 12
209 451 19
16 802 13
704 36 5
722 498 2
199 300 15
397 413 1
981 436 15
913 618 12
222 491 20
990 718 12
642 157 14
130 296 7
33 239 6
87 769 15
226 125 15
789 809 3
735 456 13
82 555 7
859 444 5
702 238 3
340 101 6
59 283 10
910 141 12
788 89 12
776 844 20
444 889 6
419 50 14
544 156 5
53 161 10
851 380 3
984 584 3
966 912 5
100 98 7
477 559 10
314 319 12
508 182 10
68 520 4
481 158 3
218 384 1
526 979 20
945 820 5
39 988 14
146 979 7
182 126 13
758 120 6
864 980 16
550 773 5
598 490 6
621 614 13
336 783 20
493 784 7
100 100 2
612 442 16
870 345 7
507 61 11
260 840 16
942 678 15
921 339 3
687 529 10
977 998 12
995 276 19
575 621 17
145 452 8
266 184 17
167 889 10
832 394 14
936 940 12
857 316 9
691 166 2
402 257 15
383 361 11
63 900 11
598 97 10
765 731 17
859 237 14
868 615 15
390 202 3
353 636 8
654 997 11
751 239 19
793 272 5
535 221 7
476 504 2
258 835 19
306 680 5
238 671 15
473 240 10
991 791 7
553 700 1
774 652 11
721 399 1
451 959 20
228 630 1
638 565 13
226 970 19
621 903 11
23 78 16
494 418 18
67 3 20
990 678 2
464 899 13
87 20 8
6 349 13
175 765 14
819 452 12
264 129 4
584 575 9
306 542 8
247 737 2
518 202 20
925 52 15
906 482 13
240 847 17
632 978 18
509 702 9
605 142 4
181 695 5
52 311 4
140 98 12
708 874 3
569 790 9
64 825 1
263 437 17
819 272 12
29 759 10
885 588 15
283 178 14
501 86 15
633 45 17
168 135 18
320 417 10
366 425 3
982 458 5
126 577 18
884 796 17
378 417 13
305 879 12
259 250 17
331 578 2
368 22 13
721 849 12
195 125 1
360 288 10
87 939 13
986 21 6
294 610 6
882 363 11
127 496 7
77 232 8
646 627 11
226 262 9
934 67 13
220 98 17
88 581 4
118 810 14
319 7 19
424 137 7
389 627 18
792 848 4
866 635 17
716 645 19
113 272 14
468 368 13
436 240 15
982 254 10
678 608 6
401 17 13
571 177 8
725 238 12
936 55 17
940 499 9
348 345 17
346 189 5
869 560 17
326 340 4
267 577 8
709 346 2
321 579 20
539 643 11
622 430 7
360 666 13
374 223 8
15 998 4
451 674 9
196 669 20
995 836 15
425 288 9
691 840 14
7 342 9
335 615 11
114 627 6
877 855 15
278 479 7
516 272 5
209 290 16
163 674 10
982 787 3
848 879 3
621 724 9
579 141 14
310 607 1
185 330 13
41 974 10
974 684 8
694 201 18
746 637 7
956 494 20
270 919 12
168 582 2
536 349 19
708 612 20
812 553 14
816 649 12
66 876 19
60 829 3
113 590 6
184 893 18
250 971 4
469 678 6
932 568 1
374 651 5
691 217 14
180 96 5
533 845 4
440 931 15
788 146 12
88 274 14
814 216 12
576 779 3
309 371 17
997 1 6
194 921 19
836 392 9
609 163 8
555 678 2
831 943 12
1000 646 6
840 946 3
825 823 9
249 407 6
459 46 12
441 861 8
528 964 19
179 332 5
803 811 19
313 769 3
73 345 17
385 529 7
717 938 1
741 196 1
200 921 4
855 117 10
454 752 6
570 644 10
450 743 18
327 552 5
674 163 7
113 62 17
430 487 14
413 657 11
995 730 14
557 714 2
13 383 14
465 272 8
13 103 15
675 84 7
62 409 3
521 227 10
41 787 16
888 454 6
63 119 20
704 205 17
54 864 2
185 230 17
832 556 13
460 556 7
616 981 16
975 459 7
953 930 6
197 59 18
479 625 4
913 923 7
331 321 16
63 435 1
649 788 15
747 747 5
946 842 17
264 675 17
332 317 17
662 753 4
940 401 20
761 629 17
162 360 20
247 904 18
595 529 18
191 881 8
155 47 7
469 589 13
527 709 13
200 989 12
284 885 4
407 754 3
617 330 14
47 263 3
87 465 11
986 107 14
42 254 9
835 78 13
441 693 19
780 552 9
969 281 16
285 223 14
641 475 13
206 991 6
948 142 12
785 849 2
161 667 6
20 130 14
276 549 9
606 23 20
325 16 11
671 315 19
726 179 12
426 937 13
856 214 2
460 282 16
680 583 9
866 361 20
803 641 18
868 284 1
910 933 20
90 254 9
658 20 3
193 671 19
158 107 10
544 766 12
155 786 16
427 276 3
219 787 19
317 780 6
79 228 10
606 230 11
956 178 7
387 588 19
138 954 18
973 948 20
144 166 16
7 902 6
746 256 13
319 134 20
433 634 5
416 76 6
174 871 14
550 268 5
921 151 15
161 387 7
46 252 4
98 35 11
261 147 20
898 490 12
236 727 17
613 737 2
998 316 7
296 224 18
61 198 17
678 464 12
427 374 12
755 229 12
411 579 4
119 94 1
700 507 13
917 393 17
798 839 7
743 694 6
535 149 1
904 335 11
860 592 20
652 227 1
221 187 16
496 831 15
628 658 17
269 585 7
822 437 14
903 845 3
676 288 4
756 184 10
204 761 8
672 714 15
4 250 18
139 884 20
739 619 4
238 970 14
944 10 9
300 793 17
616 744 4
526 965 10
268 634 7
874 726 14
510 187 18
17 286 8
600 423 15
747 370 17
551 193 2
799 225 15
461 172 17
344 957 4
333 933 9
728 143 14
175 881 8
103 686 15
192 411 4
316 90 17
69 317 15
433 719 1
427 427 8
173 146 1
514 582 7
224 62 9
213 59 2
568 784 16
545 528 10
79 971 20
695 582 2
813 624 4
922 516 5
520 262 19
157 448 4
167 233 9
362 747 20
237 100 3
502 204 14
491 704 3
28 939 16
601 523 18
858 747 9
800 175 2
22 843 12
923 983 14
128 535 7
494 316 4
744 175 11
34 51 3
239 397 13
735 87 4
181 954 19
37 213 11
54 520 13
650 933 3
959 332 11
985 593 2
134 360 17
234 818 2
796 463 9
200 517 15
919 625 18
774 578 12
187 92 3
594 521 7
105 753 4
563 555 3
407 613 2
429 191 7
645 210 18
19 141 4
601 433 18
563 971 6
990 893 14
876 579 17
836 900 5
130 626 15
109 80 14
990 736 4
338 47 5
624 12 13
340 799 14
279 845 1
773 126 9
459 891 15
922 757 20
744 207 2
484 73 8
832 150 16
595 508 17
342 679 12
143 190 8
144 955 10
228 934 18
850 61 3
737 486 4
576 715 11
275 971 11
14 15 20
106 749 9
192 980 4
54 967 11
162 772 12
526 457 1
991 960 10
333 739 4
352 816 19
650 332 5
57 966 6
735 700 10
889 762 3
278 996 6
755 467 19
498 897 9
680 992 16
788 791 4
341 130 5
437 399 15
850 542 13
264 920 1
49 190 8
573 425 15
708 564 17
864 478 20
483 552 4
446 961 4
547 14 17
343 224 8
971 937 2
396 755 18
925 606 9
440 465 8
632 731 20
240 544 1
698 282 4
750 591 3
356 975 9
364 512 19
608 517 18
493 200 13
127 198 19
213 396 18
363 246 5
667 324 1
753 611 1
286 249 5
746 865 14
231 651 8
830 788 6
259 712 4
873 282 16
313 717 8
697 411 15
42 932 4
827 767 10
909 413 15
628 24 7
774 267 15
263 956 5
614 812 15
523 181 17
329 726 13
748 548 18
67 731 9
960 271 15
830 259 5
388 754 7
725 615 6
84 356 14
234 970 14
315 412 8
966 606 1
246 560 5
911 284 14
889 622 2
6 46 19
394 408 20
963 541 17
70 533 8
346 258 15
375 74 13
901 983 7
580 713 7
798 185 8
471 628 7
748 972 2
397 426 13
803 477 9
736 714 8
442 757 11
190 736 4
833 551 11
671 501 17
576 893 9
982 27 12
401 317 2
585 440 20
870 715 8
557 772 17
739 720 13
233 454 6
714 211 1
729 366 10
575 492 4
854 330 6
986 136 4
77 990 1
1 230 15
729 45 11
109 165 1
372 796 2
16 157 4
932 791 1
886 655 10
307 248 7
974 500 9
851 876 11
689 310 9
69 927 4
174 923 16
185 406 1
365 324 14
405 66 20
941 724 14
599 309 1
333 491 6
689 858 10
88 287 6
46 708 1
791 213 7
906 637 1
581 951 20
432 442 11
332 478 1
414 668 13
412 787 10
549 777 5
193 523 7
256 71 2
570 501 4
809 101 2
964 986 2
872 622 20
468 692 10
787 811 13
57 425 6
430 502 5
848 379 3
21 733 9
338 334 13
29 862 16
845 888 1
319 484 13
994 787 14
70 240 15
829 70 12
393 71 16
48 827 6
522 411 11
583 403 6
590 164 11
268 55 17
529 952 6
863 220 18
802 693 1
473 702 9
987 663 5
814 164 1
637 991 2
249 35 6
973 818 11
413 944 2
521 374 2
979 55 16
63 815 3
170 385 14
288 168 11
851 596 4
502 288 1
727 727 18
408 419 1
541 318 8
506 505 15
586 225 15
870 212 14
712 221 20
764 508 1
74 654 9
366 343 3
381 847 4
586 82 13
802 215 13
375 203 12
867 100 6
885 372 7
707 465 4
997 374 10
733 440 2
785 772 9
65 403 18
486 457 4
878 658 1
886 898 14
879 887 14
969 180 15
505 877 3
605 604 1
519 215 8
829 740 17
210 803 15
286 833 20
695 101 5
150 357 4
579 243 12
586 939 3
364 49 9
523 262 14
423 781 13
759 41 12
657 422 2
283 273 8
13 780 17
928 834 2
274 464 7
293 931 2
651 982 8
287 651 5
815 797 8
989 724 12
521 967 11
521 577 16
620 3 12
381 724 4
37 99 20
168 418 1
294 938 6
963 394 4
843 897 15
304 124 3
445 445 6
238 334 3
699 796 6
933 31 13
664 251 8
170 171 12
863 245 19
286 580 19
678 269 20
153 502 3
41 822 6
992 525 3
863 231 4
923 336 4
37 534 7
750 93 11
40 606 11
717 546 18
694 93 1
149 773 12
249 44 9
616 711 17
944 625 20
267 647 19
481 881 12
731 617 18
657 421 4
112 975 12
478 847 13
457 903 16
669 950 7
449 466 8
144 798 10
535 697 15
427 305 20
227 129 12
241 283 15
732 960 10
547 747 4
236 138 19
371 508 3
132 311 6
636 286 7
800 733 18
974 916 4
599 699 6
182 33 11
857 897 20
800 502 8
149 243 11
25 574 8
103 979 15
194 520 14
68 485 1
910 228 9
65 921 18
549 846 5
246 111 18
547 836 3
486 940 8
537 822 19
731 338 16
234 587 4
56 300 18
597 116 14
846 517 17
307 597 13
436 138 15
618 118 6
897 925 17
687 45 14
548 244 13
544 472 17
407 1 1
376 878 13
449 395 9
858 773 18
416 564 7
227 434 16
29 995 12
583 338 13
473 757 2
922 547 2
894 110 2
792 661 19
523 190 11
62 205 2
483 762 13
652 526 8
662 278 6
705 144 10
963 14 20
472 875 19
973 252 2
367 545 20
832 117 11
515 634 2
806 782 17
124 968 10
121 837 15
925 826 18
500 877 13
410 943 14
372 237 17
991 141 14
482 509 9
718 457 9
408 311 11
410 832 15
53 836 17
30 28 17
783 996 9
46 406 3
820 8 13
403 908 18
446 592 18
380 531 17
34 495 16
61 296 16
24 878 14
945 537 14
588 236 1
1 524 15
809 542 11
595 485 11
712 324 8
938 211 7
939 593 4
925 970 7
244 873 9
515 572 1
276 644 1
899 627 7
172 57 5
323 522 11
905 417 1
362 978 14
364 32 11
182 32 17
658 246 3
389 335 8
326 99 16
611 967 20
332 934 14
887 740 17
970 207 1
362 965 10
274 319 10
680 857 2
805 443 15
95 622 20
648 899 10
77 876 1
306 382 1
255 707 2
255 258 4
66 764 16
953 131 1
268 73 4
931 91 12
649 429 1
153 347 17
506 109 9
29 820 16
827 149 11
354 667 7
826 603 2
14 831 14
703 366 3
280 152 13
210 828 5
410 458 1
586 34 7
142 47 20
124 518 9
108 28 16
317 58 17
128 819 17
353 342 15
744 592 19
834 922 7
233 573 10
173 802 7
167 662 11
909 155 9
677 720 12
507 743 20
40 854 7
386 515 11
241 892 12
106 387 15
65 503 19
422 486 10
15 849 19
444 88 9
552 704 11
810 227 15
713 613 15
94 109 9
401 701 5
336 676 20
797 320 3
610 930 11
164 260 2
876 842 7
216 343 11
737 727 15
612 44 4
474 374 5
640 5 19
131 848 4
943 760 18
292 332 2
247 933 3
160 930 16
827 544 16
909 493 14
646 194 7
687 891 5
672 579 12
339 264 8
46 994 7
502 469 9
987 888 20
135 726 16
442 96 17
206 450 5
247 503 1
451 842 1
484 141 5
870 542 4
35 598 13
489 848 15
424 878 5
756 877 7
51 384 10
183 279 9
902 799 4
552 432 12
283 294 7
539 104 10
285 36 1
620 561 3
554 205 11
267 382 13
783 154 3
834 100 6
249 714 1
815 942 15
790 41 6
211 262 6
337 393 9
354 437 15
5 605 3
538 495 17
41 422 4
609 126 11
64 250 17
877 649 9
815 146 3
829 572 16
348 61 12
95 151 15
77 243 5
614 864 18
25 255 9
334 527 4
961 637 13
709 242 5
450 378 11
432 912 19
800 908 6
689 540 9
944 662 18
805 328 9
58 951 20
350 764 6
93 810 3
803 654 11
461 542 1
440 972 18
812 196 7
555 188 14
568 497 10
537 701 2
125 659 5
471 325 14
924 926 16
982 460 9
83 41 6
551 937 2
169 340 9
832 239 5
801 218 4
142 114 18
500 918 3
515 816 17
736 663 19
608 15 2
116 90 1
935 739 20
708 173 15
555 666 9
459 308 16
8 330 11
562 856 2
8 408 19
130 279 20
916 44 16
720 92 15
74 118 20
865 421 4
282 436 6
40 93 4
318 121 11
952 836 14
319 475 7
996 851 1
428 611 2
690 947 16
57 601 17
423 376 19
199 495 18
802 617 1
325 80 9
294 127 15
697 971 19
109 332 18
151 860 9
194 683 9
937 181 16
218 368 3
315 149 20
348 786 8
737 526 15
410 520 17
508 435 12
488 211 5
585 791 12
788 200 1
777 411 18
4 751 16
588 998 17
796 514 14
783 289 6
282 650 11
881 784 10
350 423 8
679 889 1
62 533 16
83 99 4
994 626 12
202 597 4
923 175 9
325 45 14
798 768 1
779 652 20
276 241 7
758 239 1
367 620 11
553 403 10
214 347 5
106 320 12
170 383 10
409 687 13
780 482 16
343 423 4
220 976 3
97 844 18
329 84 17
292 378 3
785 392 4
318 735 19
592 178 4
633 954 19
405 540 20
755 494 4
128 474 4
526 298 3
677 550 1
170 690 4
883 64 12
704 112 9
218 895 2
136 827 6
978 859 1
353 728 9
932 50 14
370 486 11
365 166 8
695 360 1
68 347 9
46 395 14
422 145 14
350 14 3
504 799 3
759 972 5
229 297 20
35 892 11
7 742 15
795 243 17
423 18 8
189 330 19
812 840 15
305 660 13
109 203 4
158 932 13
38 396 6
800 683 1
344 791 15
1000 359 11
664 158 12
738 249 6
731 613 3
668 618 5
620 502 19
653 912 6
856 999 5
86 588 17
469 150 19
577 246 7
156 83 12
785 71 2
852 991 13
593 598 10
351 138 16
195 772 5
266 939 20
465 172 16
877 663 9
886 631 1
681 334 11
484 575 13
316 451 1
398 566 14
273 125 10
998 860 19
219 875 4
217 725 12
868 953 4
339 746 9
64 350 2
841 286 20
266 47 20
835 2 13
645 275 7
373 110 3
587 446 20
554 114 1
816 325 10
197 338 4
395 65 2
714 429 5
484 53 11
912 321 10
22 279 9
511 450 3
569 675 2
649 604 8
940 518 15
56 542 5
196 190 20
770 304 19
53 566 9
384 947 6
74 89 18
867 763 13
426 546 2
206 922 16
633 103 20
452 801 15
456 349 18
661 455 4
495 14 7
777 753 13
723 737 6
531 976 7
198 665 4
613 102 6
594 436 16
257 875 14
414 198 16
488 173 16
615 94 14
710 397 8
443 769 4
114 341 5
395 115 12
301 501 10
591 494 15
551 4 17
803 997 7
760 890 20
59 866 20
414 998 2
917 15 16
479 225 16
539 629 12
88 500 15
937 654 8
595 20 3
413 728 5
91 880 20
887 551 14
909 161 1
289 95 14
540 635 19
125 585 12
607 60 19
937 801 17
177 322 20
792 451 9
114 97 11
379 482 12
502 322 13
995 350 6
923 8 12
703 843 15
307 106 16
487 592 15
798 486 20
835 889 17
954 261 13
407 314 20
569 923 6
801 744 14
339 839 3
293 696 3
824 580 18
963 402 3
900 328 20
2 117 13
653 390 5
688 602 14
120 714 9
884 870 15
745 20 16
75 234 2
910 454 8
862 224 20
641 793 6
184 879 17
483 972 19
192 683 8
721 603 6
701 507 16
463 533 14
283 762 6
713 888 15
690 83 3
196 270 12
486 726 17
158 761 14
353 399 10
494 866 17
807 114 4
976 541 18
763 430 6
413 82 14
447 977 18
961 510 15
741 732 10
901 151 13
790 267 15
693 769 16
684 490 12
501 648 20
980 884 3
693 364 5
300 900 17
255 708 14
70 540 20
345 645 18
538 166 8
330 395 8
81 345 3
975 528 19
852 452 14
971 992 10
393 90 5
215 843 13
273 780 2
999 746 4
141 478 2
348 943 12
742 549 14
831 566 3
43 549 6
447 625 6
812 504 7
117 682 11
544 926 8
589 606 18
282 744 6
629 193 6
902 625 8
633 291 8
734 842 9
667 195 12
838 593 7
165 772 7
211 576 9
474 240 16
1000 63 6
734 777 1
806 290 19
151 27 5
331 556 14
173 141 16
262 869 9
476 602 2
491 165 5
557 478 12
369 981 12
760 479 4
544 93 10
790 1 7
238 677 8
444 575 14
97 627 19
658 872 9
260 429 16
832 98 9
711 935 14
629 257 4
663 645 18
460 225 4
606 511 13
782 868 18
126 264 14
976 657 16
643 75 14
761 41 15
388 523 13
860 576 4
783 126 4
487 631 20
295 531 16
190 93 4
118 89 16
215 218 10
822 466 15
991 236 2
249 747 9
560 898 2
299 7 10
618 203 4
424 133 4
363 309 6
767 170 19
369 995 9
971 587 20
452 288 16
812 305 20
975 375 6
742 81 13
579 837 13
694 280 3
239 388 17
304 195 15
620 811 3
737 917 12
512 896 4
20 7 8
80 881 12
122 330 4
129 791 4
779 71 2
196 368 13
592 14 1
97 495 12
368 541 4
88 622 9
535 593 18
614 355 16
656 69 15
435 289 4
961 956 5
785 75 5
614 29 5
495 802 6
865 539 14
668 530 2
743 237 2
650 457 8
807 429 10
33 754 12
312 863 12
256 974 5
619 819 19
975 996 10
408 558 4
152 774 18
792 715 17
961 439 4
587 32 16
775 774 4
158 435 2
856 300 17
605 450 18
21 264 20
211 955 6
862 381 16
760 475 12
656 914 1
62 188 8
637 685 11
88 247 12
286 241 8
555 161 15
809 347 5
348 987 19
974 907 16
128 709 10
262 604 11
651 272 8
972 174 17
102 122 2
127 915 2
467 186 14
178 80 5
992 337 2
2 776 7
469 627 19
190 83 5
792 168 18
580 406 8
65 76 1
942 236 3
13 591 6
520 866 3
305 388 20
27 84 10
141 742 8
164 644 3
95 412 13
644 387 11
883 769 3
983 797 1
60 659 1
501 249 10
610 824 14
53 257 18
555 874 14
958 712 16
230 175 10
798 813 14
411 501 17
264 517 5
500 454 2
933 971 14
562 369 19
600 381 9
575 819 7
574 747 11
951 688 11
634 422 5
962 1000 11
491 15 11
357 829 5
487 4 18
949 909 10
665 650 8
952 39 18
762 32 17
310 780 4
515 58 18
779 117 2
277 572 3
530 805 19
258 853 17
77 38 19
963 33 13
74 759 5
831 36 8
686 796 1
397 971 17
925 702 12
920 508 9
935 570 2
198 798 11
350 211 16
945 965 17
996 179 11
352 188 16
896 267 10
968 581 20
175 862 15
101 15 20
427 483 17
636 26 1
246 599 7
485 146 4
24 88 1
515 991 6
465 689 10
39 436 20
239 355 20
265 622 7
77 617 8
44 59 7
449 216 13
558 739 14
698 847 11
95 407 8
226 328 14
201 234 6
135 776 2
660 619 16
468 191 18
863 265 16
726 455 5
201 176 17
767 56 10
418 419 8
29 714 3
352 738 4
4 832 13
673 46 6
309 401 16
454 813 16
384 365 3
72 623 8
434 351 15
918 432 5
446 225 17
154 640 13
930 38 17
669 703 5
829 212 13
935 999 9
634 991 10
588 43 13
856 789 9
532 450 18
779 308 10
557 662 5
624 347 11
626 503 3
77 500 17
847 442 3
56 534 15
190 759 8
918 708 20
993 864 6
732 657 16
918 988 15
355 87 10
727 28 18
316 14 3
291 44 10
377 402 5
633 342 16
233 909 4
211 740 8
576 413 8
481 939 1
723 574 6
955 610 17
42 924 6
283 801 18
370 836 5
786 360 20
928 948 2
190 301 2
56 963 2
154 522 9
363 688 19
77 204 17
499 736 7
627 892 17
372 680 3
741 643 7
169 942 1
221 304 10
165 585 3
445 203 5
541 667 14
456 522 12
365 911 16
737 379 11
495 801 5
145 947 19
496 655 7
114 102 1
947 184 10
407 597 16
618 231 3
575 738 12
172 889 4
730 493 20
429 547 16
401 142 10
803 95 17
261 71 20
500 810 17
89 400 1
45 67 17
30 776 20
156 880 6
349 561 18
334 414 7
314 541 14
325 3 18
839 906 1
885 932 16
796 697 1
483 547 9
664 356 9
632 619 3
506 367 5
188 88 17
242 557 14
112 739 14
269 49 2
127 38 20
710 764 4
933 117 14
678 93 6
376 316 8
725 682 15
163 754 7
253 326 3
924 915 2
242 707 16
337 126 19
244 125 15
952 44 13
151 205 2
868 925 5
219 445 16
265 285 7
730 237 10
59 522 18
404 21 15
29 159 8
421 635 11
786 527 18
947 118 17
40 284 16
446 56 15
148 736 5
55 290 12
172 207 8
337 195 16
275 617 8
289 571 4
15 705 6
762 877 13
846 454 14
817 437 16
8 468 15
222 3 17
456 577 15
523 358 2
996 707 15
467 582 7
101 890 7
610 659 16
938 287 12
109 637 14
46 909 7
739 318 19
430 772 2
107 495 6
975 992 18
497 725 1
932 272 8
249 548 17
690 318 15
908 768 12
801 319 6
458 266 9
697 89 20
990 293 18
991 965 7
310 771 3
855 299 10
630 421 3
544 119 12
442 971 15
672 387 11
467 464 2
234 319 13
538 844 19
785 712 11
942 729 16
552 585 19
941 576 1
771 643 8
271 626 16
288 307 14
822 5 5
172 856 7
411 506 3
891 301 10
938 266 9
475 506 13
633 437 1
778 626 1
874 127 14
902 886 2
36 1 2
441 389 12
547 99 2
641 100 5
532 558 7
206 102 8
446 279 19
16 831 15
320 274 17
184 625 18
386 30 3
624 829 3
250 967 13
186 18 6
307 867 9
289 671 19
828 406 10
631 205 19
888 538 19
525 1000 20
95 327 9
529 216 20
85 995 1
529 412 14
415 315 10
947 355 2
803 139 5
109 144 4
799 63 20
91 914 16
491 203 3
82 206 11
248 632 18
169 704 13
836 21 1
469 61 2
829 16 6
19 794 1
282 537 14
267 425 15
546 332 20
443 761 15
285 713 7
180 931 9
790 178 6
531 640 6
507 58 11
853 814 17
447 932 12
72 580 9
469 612 9
320 195 5
532 206 15
911 6 8
630 622 8
850 204 19
717 215 9
58 443 12
551 561 3
835 406 14
221 654 6
443 175 5
475 67 5
510 188 19
947 502 13
737 609 5
979 514 20
1 502 11
282 942 18
971 249 4
865 602 8
646 916 10
22 854 11
550 546 2
191 52 19
373 518 10
547 63 20
288 611 18
966 678 9
336 442 8
327 652 4
625 38 11
207 411 17
522 474 15
701 936 18
748 589 6
108 972 9
617 658 18
536 352 7
505 601 18
876 200 4
292 179 17
633 508 15
847 140 20
18 653 5
233 745 9
501 266 2
687 932 3
823 921 8
689 996 11
84 6 19
322 72 10
706 481 17
482 863 12
716 575 14
754 323 14
960 265 16
745 403 1
917 291 19
877 982 9
634 358 3
71 406 1
404 136 8
396 328 14
251 638 18
934 929 20
63 189 1
18 610 15
915 478 6
505 652 20
852 598 8
566 886 14
220 210 7
918 61 4
444 216 1
261 317 6
607 688 2
841 161 13
697 545 9
826 650 17
983 793 12
254 159 6
560 792 11
423 421 15
311 583 12
29 437 12
478 561 8
435 136 8
292 323 15
206 516 6
139 563 13
57 390 13
142 405 18
174 323 5
740 380 11
775 372 7
754 745 2
610 363 2
471 558 12
828 399 14
905 707 16
56 217 19
102 686 2
233 891 9
675 99 16
427 440 1
545 24 5
422 671 17
472 138 18
197 112 9
712 380 18
261 114 1
591 930 14
929 20 18
305 953 12
907 741 4
802 17 3
327 909 3
657 19 13
13 512 14
547 20 16
6 215 17
363 374 4
9 359 12
92 939 14
127 589 17
439 676 4
614 462 10
804 697 19
507 771 14
807 576 9
77 468 20
710 524 14
233 71 2
634 841 13
497 698 4
837 990 10
921 950 13
250 546 15
661 271 16
858 990 14
781 578 12
131 797 17
231 827 14
130 477 4
775 552 17
465 22 12
459 339 19
734 242 13
282 1000 10
895 734 8
842 840 15
365 747 14
840 250 3
481 128 2
353 266 2
744 232 19
479 952 14
620 412 11
472 519 9
210 130 20
711 650 14
738 294 16
907 228 5
981 60 16
144 37 10
629 746 9
193 284 2
822 750 9
777 356 4
103 950 19
944 175 12
405 92 17
10 122 8
260 271 7
708 809 18
504 18 12
987 687 9
752 636 15
574 740 11
904 766 2
622 990 17
269 444 10
392 858 17
24 375 6
293 424 7
417 923 9
832 949 16
325 364 10
267 732 17
687 634 20
105 743 13
807 938 12
590 453 13
693 30 14
426 468 16
867 537 11
289 658 5
732 195 17
129 412 20
637 887 3
582 626 10
749 298 15
765 685 7
789 304 12
712 908 20
614 774 3
136 317 20
205 827 17
190 136 15
631 252 19
347 732 16
1000 25 17
793 837 11
713 782 8
870 284 17
16 982 1
22 313 1
933 732 6
475 139 13
423 853 19
786 68 16
767 276 10
124 663 5
141 970 3
910 33 6
908 224 10
227 312 4
274 721 10
136 355 5
990 509 13
302 826 10
143 136 16
146 501 18
353 819 3
318 719 7
332 540 18
421 795 9
636 822 4
309 251 8
926 406 19
67 532 9
395 168 2
771 290 6
562 975 3
492 624 9
723 784 11
423 388 13
911 310 12
799 774 11
46 538 16
371 894 13
555 886 14
547 123 13
638 651 13
302 4 13
772 398 7
171 639 19
156 918 13
324 306 7
975 74 19
238 427 19
987 557 20
363 87 10
302 902 20
881 765 5
651 999 8
871 109 19
322 165 17
146 367 1
165 356 7
163 244 15
634 536 3
956 413 18
659 249 1
781 225 4
583 796 4
450 148 15
4 454 4
381 517 19
581 664 14
30 910 2
617 592 10
929 293 4
134 375 15
426 38 10
882 898 4
343 29 2
717 986 14
404 987 4
850 270 17
168 708 10
858 260 1
231 582 14
272 458 17
101 826 2
966 244 5
283 343 1
160 212 14
701 867 9
491 943 20
577 679 8
56 976 16
7 843 10
22 941 1
238 112 19
354 731 20
9 485 2
316 495 20
126 42 14
110 443 5
404 106 1
759 806 5
934 160 3
65 180 20
966 526 14
909 779 7
42 42 3
48 331 18
516 786 2
842 90 12
114 783 10
249 217 16
43 285 18
851 901 16
62 775 13
356 526 20
336 260 16
826 311 1
823 108 12
37 388 12
4 2 9
176 272 3
399 875 20
880 409 10
162 942 16
625 582 1
412 570 16
97 483 18
620 7 11
107 32 19
725 226 10
768 589 18
846 561 19
193 21 18
926 613 18
801 965 14
317 730 3
442 71 5
85 136 6
842 332 17
837 801 19
559 894 9
905 468 3
835 20 6
556 450 6
708 415 2
889 835 18
211 423 13
374 46 9
389 123 14
870 825 9
401 588 5
482 190 16
46 847 3
411 621 19
231 76 3
138 622 7
396 638 4
418 994 17
681 36 13
147 323 6
816 111 9
86 721 5
504 481 9
953 647 8
511 702 3
875 248 4
49 258 20
129 614 2
829 484 3
152 863 16
33 95 12
317 441 11
728 798 5
978 57 16
665 725 2
468 142 16
542 454 16
983 408 13
189 489 9
435 125 5
459 323 3
363 969 12
751 620 8
22 483 12
470 76 2
858 714 12
682 561 3
206 300 13
933 729 11
483 838 1
385 507 16
565 535 15
310 192 14
197 215 5
765 299 6
66 751 9
373 648 11
225 387 9
772 270 18
747 410 11
657 212 8
439 460 16
737 496 9
841 160 9
229 578 12
500 105 20
267 74 7
968 338 2
393 57 8
476 270 6
869 667 13
220 119 5
686 870 18
684 881 4
796 449 3
355 991 7
314 874 9
923 404 16
752 307 9
191 897 10
962 794 9
620 152 17
122 583 6
445 691 5
453 846 15
6 143 10
523 774 2
692 777 11
880 691 19
66 225 7
633 974 20
755 692 4
693 941 11
720 348 2
242 661 16
791 57 13
155 785 8
991 78 1
411 613 7
144 319 2
449 157 2
766 593 6
6 573 11
345 905 12
199 358 7
473 916 8
284 208 1
875 650 17
888 819 12
43 109 11
636 995 18
306 948 20
788 807 9
396 322 20
241 856 4
894 212 19
577 176 18
305 974 13
495 298 2
147 157 7
954 926 10
163 260 11
441 516 17
546 862 18
223 549 19
454 42 14
89 311 17
386 243 4
294 909 1
263 19 11
320 922 6
362 631 15
979 202 2
752 866 9
86 927 2
237 563 10
842 739 4
48 933 12
83 104 17
93 524 16
881 646 4
856 800 19
879 815 20
635 777 6
673 54 9
424 662 6
635 54 15
650 969 10
886 793 8
262 825 10
36 375 5
816 141 18
189 661 9
857 509 7
995 35 4
376 567 8
716 668 14
606 227 4
646 632 15
521 818 12
757 506 7
697 580 5
942 659 11
570 981 4
70 20 5
19 19 15
752 483 1
75 412 10
162 154 5
679 966 6
871 970 3
642 347 20
318 810 13
516 563 5
170 766 4
446 160 1
793 616 20
201 415 18
662 342 8
219 919 17
383 268 6
504 956 3
215 236 4
837 256 10
603 268 12
370 790 20
231 141 17
525 815 13
303 897 5
865 24 9
66 705 14
480 731 9
817 60 11
20 39 20
17 556 9
529 352 4
895 424 5
353 600 4
544 197 19
653 742 14
241 988 11
359 255 5
235 368 8
701 641 12
477 837 14
928 488 12
627 705 5
995 965 6
455 853 14
34 928 11
798 872 6
748 665 15
648 520 3
690 542 16
349 881 1
65 188 4
539 463 6
736 450 16
45 797 7
544 729 10
908 919 10
110 762 14
195 21 6
526 989 3
874 304 16
497 486 4
464 47 6
677 261 18
47 826 6
928 13 1
545 627 8
904 887 12
349 1000 17
340 423 2
271 143 13
717 991 12
564 402 16
720 575 1
461 650 7
689 688 2
972 106 1
252 638 10
394 548 13
16 537 6
472 358 16
198 849 10
948 904 16
217 344 16
218 979 7
899 804 10
339 769 16
927 190 19
645 864 9
287 59 18
832 486 17
55 220 13
670 352 14
257 346 16
205 860 16
773 298 12
472 342 7
189 289 10
375 418 4
915 603 2
351 841 18
562 910 18
172 758 9
103 257 10
149 162 13
245 129 9
52 819 16
727 350 13
638 640 18
33 959 17
313 27 15
435 415 19
353 940 20
394 510 1
208 416 5
713 286 15
232 740 16
949 359 6
927 254 17
106 798 7
913 657 12
399 422 7
463 295 14
976 823 7
426 990 17
745 779 11
773 911 18
296 696 19
87 501 10
357 797 3
145 847 15
873 110 7
103 27 14
805 267 13
253 623 5
94 504 15
361 454 4
149 87 6
893 796 8
60 622 18
954 480 19
694 587 3
52 882 13
613 673 12
725 564 13
540 482 3
688 957 17
648 531 3
698 4 14
882 826 12
757 241 16
889 991 13
626 550 13
126 482 14
844 272 1
439 318 2
869 395 19
827 849 5
800 566 6
625 883 20
774 721 14
132 350 1
981 164 20
178 899 15
409 242 19
580 698 6
751 178 8
873 889 10
139 573 8
300 94 1
606 692 12
613 27 6
917 925 2
984 949 20
521 582 12
325 404 14
61 182 14
393 414 5
328 799 12
214 924 7
513 476 1
730 978 2
327 411 4
357 217 17
574 84 6
982 341 17
68 997 20
912 316 3
464 32 8
586 605 18
285 44 15
242 124 6
526 849 9
501 822 1
189 335 14
686 392 15
850 718 13
502 106 6
856 303 9
327 498 6
253 53 16
848 174 18
565 628 2
549 786 12
127 137 4
922 857 14
176 428 7
268 351 3
983 622 12
443 95 17
299 451 15
780 555 20
796 819 10
989 131 5
547 67 16
496 923 18
83 437 1
669 890 14
769 933 9
652 885 19
66 298 17
773 845 14
653 623 8
646 303 8
765 113 10
224 477 13
855 676 4
718 136 2
710 854 15
999 595 11
312 162 7
444 679 8
893 655 10
638 197 18
21 166 5
812 337 20
174 973 7
291 608 13
178 509 13
732 762 13
716 353 10
25 662 9
275 861 18
945 926 1
250 238 1
222 683 10
67 395 7
754 65 9
465 739 20
349 512 17
43 734 6
832 632 11
889 913 20
214 717 7
993 600 15
827 279 20
466 414 8
48 806 10
669 854 15
882 908 12
670 744 10
285 842 13
512 119 8
495 986 1
967 848 16
146 180 7
709 546 7
35 700 9
307 971 4
801 956 18
188 754 5
436 524 8
623 783 12
430 688 4
132 507 5
903 437 2
637 308 14
663 486 10
502 622 5
774 917 18
385 872 6
434 739 20
14 254 9
661 828 2
997 396 3
403 848 2
20 954 14
675 388 15
166 206 3
94 112 9
483 248 16
155 186 13
981 465 1
804 720 1
938 599 20
283 827 20
795 213 10
779 381 16
770 510 1
821 921 6
417 305 10
341 627 20
298 687 6
963 572 3
128 399 2
179 424 14
309 687 9
334 387 3
85 253 6
63 599 5
175 883 6
2 720 4
184 184 1
547 805 15
755 745 4
606 795 18
774 654 11
729 181 16
192 97 8
679 847 18
503 575 1
665 594 13
594 443 8
393 488 2
503 491 6
141 467 17
223 949 19
833 702 3
889 413 11
983 403 5
394 246 15
751 590 10
522 697 14
287 262 9
169 449 8
84 619 1
597 776 15
557 568 1
468 598 13
681 199 6
496 437 8
721 165 18
780 567 5
993 825 16
288 39 2
113 715 11
10 549 3
645 737 11
63 146 6
851 881 10
81 786 11
672 611 20
944 51 3
126 659 9
694 475 11
530 436 5
22 146 10
867 681 10
964 973 10
867 303 12
401 772 2
321 670 15
475 423 16
166 267 13
222 240 3
135 60 18
472 249 3
491 20 19
438 28 20
786 571 9
702 228 8
534 947 6
657 360 14
470 325 4
939 708 8
131 948 2
25 100 10
188 668 5
73 199 15
312 564 16
244 73 11
120 494 17
372 280 10
492 224 8
178 304 18
67 925 1
554 797 12
557 523 16
891 242 19
68 584 3
272 357 8
625 123 15
57 268 8
989 420 15
565 509 5
776 48 3
441 851 18
616 854 5
671 590 20
913 346 14
703 11 17
463 125 14
824 828 16
110 580 15
891 21 6
330 17 5
115 857 14
219 777 18
62 753 17
267 672 14
288 996 6
974 284 1
959 742 5
129 52 17
870 916 15
83 772 17
924 673 13
78 924 8
184 598 6
516 902 18
359 410 5
999 203 1
455 664 10
377 215 16
825 391 17
554 88 1
889 937 16
239 58 16
129 562 18
450 967 8
876 676 12
198 319 5
858 395 5
847 95 13
150 906 2
131 131 11
360 275 18
381 625 1
933 653 9
209 143 11
990 868 14
267 845 3
626 900 5
502 271 4
872 28 9
588 70 8
515 865 11
778 892 20
151 399 20
24 968 12
21 369 2
575 650 15
692 991 10
315 300 14
767 711 7
873 227 7
78 720 19
692 978 19
916 532 7
674 244 15
716 766 3
495 757 20
282 153 8
683 557 13
965 950 18
866 949 10
260 221 20
424 945 5
987 833 12
187 798 4
299 268 3
466 541 18
526 352 11
88 396 6
784 803 9
729 401 17
609 103 19
706 776 15
359 224 19
301 532 11
791 63 11
307 327 4
80 793 11
535 638 15
919 970 18
832 220 19
75 722 16
459 127 5
861 869 6
221 745 13
771 460 17
67 390 4
665 433 15
623 313 18
964 116 11
477 190 7
964 647 2
62 12 18
966 85 12
473 630 19
441 448 6
523 936 19
627 28 13
124 336 20
672 582 7
820 919 15
359 856 5
993 458 9
104 658 20
230 946 4
785 650 7
762 934 11
452 293 10
172 791 2
319 514 14
302 1 7
411 149 2
875 22 18
754 735 11
972 623 20
108 146 17
415 924 13
768 204 17
680 759 10
650 494 13
864 739 13
232 90 6
921 849 16
379 681 8
223 263 18
525 149 3
156 389 5
357 808 9
242 996 19
797 983 13
825 802 7
251 944 17
49 886 7
151 184 5
299 198 5
989 325 1
671 83 12
614 155 8
92 876 2
684 884 5
648 423 1
632 20 2
206 969 2
124 986 15
939 556 3
339 96 1
918 106 15
583 664 19
771 744 8
563 271 12
65 365 11
558 287 6
612 320 13
976 103 9
333 447 2
791 88 11
9 840 5
927 258 8
249 948 16
902 259 1
820 610 1
662 425 19
661 887 6
864 486 1
64 129 19
652 319 6
580 649 17
623 99 9
948 34 4
206 633 1
823 673 12
440 889 1
660 899 9
909 870 18
619 19 12
419 340 8
662 574 4
144 1 8
621 327 11
558 801 4
19 954 18
687 440 16
702 357 10
177 723 19
974 773 15
857 23 3
105 910 15
156 657 4
273 588 5
960 697 16
917 939 20
993 61 11
455 384 13
812 666 14
517 365 9
973 922 8
274 363 12
634 349 9
777 629 1
63 339 6
844 196 16
707 790 1
730 379 12
554 17 1
645 179 14
98 858 18
705 574 14
564 534 18
444 603 13
129 623 14
895 135 6
60 680 19
874 669 6
665 660 4
763 74 6
730 894 15
270 511 4
453 437 15
754 640 1
448 122 17
719 698 8
938 648 17
596 338 20
416 536 10
340 571 2
992 434 8
232 376 17
332 414 8
787 717 4
866 68 3
963 349 14
542 497 8
26 492 17
163 76 13
864 961 12
177 508 5
1 157 15
209 882 18
534 450 16
512 751 14
512 754 10
161 87 9
139 979 3
746 965 9
33 942 2
288 825 2
503 414 14
444 126 13
916 980 7
171 463 5
371 30 15
885 954 16
743 946 5
735 446 10
72 247 20
807 97 15
58 573 14
980 748 16
59 761 3
162 850 7
629 962 11
531 721 7
596 173 17
221 536 15
381 806 1
661 432 15
920 224 9
488 413 13
827 716 6
112 740 9
118 751 3
894 790 11
234 295 6
705 280 13
574 524 6
930 76 16
385 266 19
791 566 7
450 349 18
344 428 16
444 644 14
449 567 6
81 576 4
782 57 13
268 35 8
802 353 12
366 362 18
215 842 4
396 745 12
505 782 1
450 612 4
348 192 6
183 948 19
222 316 15
757 551 19
136 46 16
553 319 15
17 181 1
902 716 8
799 712 4
788 838 10
795 679 12
677 696 2
566 778 13
872 565 17
846 964 18
326 190 20
763 973 20
31 497 14
884 902 15
714 671 3
464 142 2
664 597 7
268 232 15
263 736 7
672 744 2
83 231 14
482 355 18
776 412 17
118 386 16
301 139 14
291 800 9
385 145 19
260 343 2
393 263 2
42 501 3
782 25 11
875 955 14
765 757 12
488 222 4
378 878 2
361 245 15
435 291 2
938 14 4
601 464 17
427 878 10
932 323 3
952 429 5
458 770 17
351 52 2
885 639 20
622 173 19
876 518 8
459 267 20
587 853 2
597 67 5
598 729 10
629 276 6
652 815 6
558 968 18
449 707 8
919 492 7
185 801 12
644 144 19
417 583 4
185 453 10
238 34 16
476 685 9
18 412 4
203 494 11
813 596 7
671 276 9
808 495 8
458 565 19
712 693 11
626 413 13
650 430 3
294 693 14
125 121 5
211 116 19
715 293 4
529 302 8
270 435 5
947 129 16
871 187 17
664 139 7
229 688 10
893 559 17
412 139 12
7 907 10
220 375 10
821 562 19
399 801 8
339 852 18
907 924 2
940 204 18
639 698 15
548 981 8
482 507 20
427 123 8
340 623 5
794 890 8
92 397 7
794 686 20
349 931 1
219 402 7
931 384 2
691 193 9
727 287 15
363 232 7
667 684 15
514 792 5
446 979 1
533 43 16
363 652 7
991 676 12
394 899 3
475 968 11
436 715 8
158 226 16
298 382 17
410 211 1
67 648 13
32 725 14
248 803 8
14 606 7
42 127 6
247 167 14
393 464 3
321 332 5
180 24 3
146 637 10
918 976 3
898 208 6
112 700 14
224 995 11
368 587 12
252 392 9
391 156 20
467 952 11
184 6 3
391 687 4
848 51 13
133 506 1
328 980 3
649 931 12
277 903 10
215 655 2
932 756 10
780 700 6
337 661 11
933 224 6
44 854 11
656 273 13
787 82 17
734 306 8
892 414 9
115 892 10
257 811 19
345 951 11
402 174 19
253 913 5
332 898 4
422 771 20
626 269 18
982 830 16
100 607 14
924 439 12
418 23 20
169 558 20
13 575 7
358 452 1
570 87 18
376 131 17
381 188 3
7 986 13
986 321 8
971 195 14
479 999 20
750 165 11
276 756 10
277 638 3
143 113 16
693 135 16
15 480 6
605 368 15
448 774 16
737 384 10
722 729 2
271 214 18
554 600 5
764 632 20
132 922 11
243 329 19
639 401 19
8 971 7
31 970 2
935 608 6
794 120 3
127 883 16
171 924 12
433 638 4
43 263 2
419 170 12
633 516 12
101 637 20
746 508 8
709 253 9
77 508 1
505 534 8
615 718 18
170 563 4
612 667 2
777 182 8
480 876 9
973 924 16
725 596 17
453 471 15
750 288 18
785 589 18
507 516 10
417 102 2
30 563 19
712 627 16
370 445 7
740 748 9
6 109 10
562 153 2
935 290 10
202 844 18
142 183 11
244 676 6
52 755 5
877 257 12
246 968 12
95 649 16
259 940 12
984 640 18
918 727 11
71 474 9
732 30 11
952 215 1
1000 838 4
382 182 18
382 99 17
528 627 1
153 888 10
111 768 4
45 272 3
558 538 10
812 791 9
708 287 2
404 165 11
193 982 7
719 474 18
234 402 5
355 141 2
530 644 19
310 345 14
342 123 15
748 63 12
678 76 11
674 396 5
961 658 9
496 689 16
597 729 10
351 524 13
805 886 6
271 512 17
27 394 13
184 403 20
230 846 11
855 783 13
819 508 7
771 627 11
506 14 4
421 564 8
841 673 19
887 687 4
202 734 7
868 710 6
600 590 7
264 512 16
627 566 13
427 640 16
202 209 16
172 223 5
101 694 12
402 269 18
586 681 4
133 81 11
872 172 6
483 705 12
531 998 11
796 906 5
279 41 9
330 616 8
88 121 10
220 485 17
926 387 16
551 813 7
905 55 19
828 616 11
894 426 7
50 219 11
204 589 12
111 242 17
474 860 11
789 171 3
904 123 13
943 221 16
239 88 4
149 466 16
388 53 11
728 425 6
229 279 12
816 983 10
557 537 5
130 332 2
845 548 6
716 392 10
408 994 1
119 457 1
316 528 2
594 182 15
347 433 17
152 254 3
824 991 14
242 859 20
22 357 2
303 12 1
145 41 11
529 751 13
66 182 12
748 377 18
530 802 16
311 152 5
722 957 8
827 698 17
275 889 1
608 913 18
590 687 8
280 656 16
555 620 8
4 452 5
440 73 13
242 904 14
466 617 7
139 604 5
53 44 18
656 703 13
374 462 13
999 16 12
718 221 17
643 951 13
919 28 20
807 207 14
868 407 17
873 679 12
917 315 9
94 792 4
512 543 9
624 797 6
117 803 17
877 610 15
884 798 4
907 533 12
358 693 16
374 749 16
58 422 1
477 412 12
684 178 19
260 435 18
473 623 14
960 603 3
877 918 13
902 855 13
239 315 11
37 802 1
662 1000 10
148 733 3
847 608 1
494 787 7
956 162 20
791 378 11
492 669 5
679 833 13
639 287 2
698 596 19
266 245 2
625 973 16
602 738 10
450 986 8
849 902 3
240 587 16
633 550 14
678 271 17
237 694 20
484 247 2
406 910 20
524 527 4
944 304 6
931 545 20
187 480 11
332 953 1
795 125 5
195 555 20
673 471 14
649 554 3
456 883 14
693 772 3
836 421 6
80 105 14
880 617 9
4 870 14
686 942 1
546 386 19
118 208 5
462 50 9
727 150 7
514 104 9
871 426 4
888 380 9
513 396 20
401 210 18
484 696 19
380 477 13
695 854 13
821 209 16
65 524 15
188 45 8
911 390 17
897 112 20
481 411 15
29 189 13
996 765 7
587 627 8
603 720 18
127 265 3
659 756 8
372 182 13
781 346 12
950 925 12
860 933 15
667 889 14
3 895 18
916 928 8
711 709 12
271 877 4
735 569 10
786 15 19
349 253 15
382 642 18
580 27 11
767 846 11
360 39 1
753 563 8
106 970 10
648 505 4
831 358 5
312 173 1
486 884 17
19 564 18
848 404 4
457 960 9
903 263 20
881 537 13
474 265 7
496 483 20
163 67 19
601 616 3
325 291 13
108 766 11
650 5 7
498 568 8
618 630 10
553 255 1
844 776 20
766 651 10
586 16 15
201 191 14
843 130 11
205 276 18
761 475 18
782 66 12
330 361 12
943 336 14
799 315 17
933 813 9
710 51 13
532 934 2
591 712 8
84 219 12
353 952 14
340 617 2
891 613 8
538 78 20
742 997 15
135 252 11
650 474 1
534 692 4
189 199 20
953 521 6
715 941 12
141 202 16
303 4 1
943 476 2
607 533 7
39 778 11
684 700 11
207 916 7
642 644 20
356 67 10
159 695 15
685 390 10
540 842 20
584 677 8
53 983 2
44 642 13
503 669 7
415 923 17
653 232 3
955 41 15
179 813 20
646 190 7
558 369 18
791 318 7
753 773 11
236 992 11
289 358 11
979 735 11
849 320 17
880 258 8
743 930 20
523 460 5
310 255 4
983 710 13
569 179 12
355 987 10
793 717 12
474 662 19
905 118 10
319 511 20
141 88 2
598 477 1
501 374 9
118 601 1
650 233 4
662 297 18
665 543 9
164 249 6
758 760 13
647 543 12
96 708 17
677 263 18
616 338 15
454 7 16
522 563 13
597 474 16
291 742 20
346 625 18
442 472 20
537 23 10
234 781 1
688 83 2
708 424 17
164 303 19
782 768 8
240 701 3
672 22 9
531 511 2
762 129 7
817 508 4
276 662 9
640 33 5
48 592 6
411 882 1
801 93 13
990 846 8
249 158 8
761 4 12
488 797 9
899 792 17
37 298 19
659 228 18
952 557 13
265 331 9
456 335 8
330 600 11
633 579 7
815 750 15
536 543 10
523 485 6
797 20 10
969 137 8
913 756 5
481 55 16
51 988 16
559 702 14
535 446 11
27 248 11
641 871 16
728 838 13
567 845 20
502 974 7
792 371 13
153 833 1
795 31 15
812 591 3
603 950 10
510 872 14
644 376 20
675 989 2
482 386 2
693 37 6
173 734 5
259 206 17
553 309 10
796 3 10
112 354 2
673 517 11
930 840 4
564 11 6
5 934 6
710 788 4
122 957 8
318 564 19
511 548 1
476 40 1
407 342 5
190 964 15
865 598 14
769 671 15
880 683 5
241 98 17
717 968 19
276 709 13
905 422 13
546 462 18
527 185 7
284 586 4
315 954 18
136 252 6
687 737 5
814 231 12
778 66 1
99 128 11
165 627 10
524 785 11
793 556 12
464 714 9
670 324 9
